Date,RIC,Currency,Price to Earning
2026-02-19,ACKB.BR,EUR,17.6608417842981
2026-02-19,ACLN.S,CHF,45.8606417909218
2026-02-19,ACPP.WA,PLN,21.7762042363281
2026-02-19,ACS.MC,EUR,31.3623430008905
2026-02-19,AHT.L,GBp,20.8028929558001
2026-02-19,AKZO.AS,EUR,16.2722331152047
2026-02-19,ANDR.VI,EUR,15.6409348061791
2026-02-19,AV.L,GBp,28.838043965904
2026-02-19,AZMT.MI,EUR,9.78244795575856
2026-02-19,BKT.MC,EUR,12.5595243433266
2026-02-19,BMWG.DE,EUR,8.00964571900086
2026-02-19,BWY.L,GBp,21.3730029220903
2026-02-19,CCL.L,GBp,16.3685997509667
2026-02-19,CWK.L,GBp,19.3067166858391
2026-02-19,DIOR.PA,EUR,20.0168500050789
2026-02-19,DPLM.L,GBp,40.9683833329692
2026-02-19,ELISA.HE,EUR,19.9120862606605
2026-02-19,EPIRa.ST,SEK,36.3599054389471
2026-02-19,EQTAB.ST,SEK,44.6342703507988
2026-02-19,ESSITYb.ST,SEK,15.3558490761179
2026-02-19,EVOG.ST,SEK,9.63460588659638
2026-02-19,GBFG.DE,EUR,24.8852423830708
2026-02-19,GETP.PA,EUR,37.9258943781942
2026-02-19,INCH.L,GBp,12.6462061381586
2026-02-19,JMT.LS,EUR,20.6219824468813
2026-02-19,KBCA.BR,EUR,18.753501059451
2026-02-19,KCRA.HE,EUR,19.6959322276806
2026-02-19,LAGRb.ST,SEK,38.5281940722241
2026-02-19,MBK.WA,PLN,12.5455489305235
2026-02-19,METSO.HE,EUR,28.6770481166547
2026-02-19,NAFG.DE,EUR,12.1050501546556
2026-02-19,NEKG.DE,EUR,37.2615318504111
2026-02-19,PHNX.L,GBp,
2026-02-19,QQ.L,GBp,
2026-02-19,RBIV.VI,EUR,25.0665978195815
2026-02-19,RILBA.CO,DKK,17.3741704069978
2026-02-19,SAND.ST,SEK,32.258312603985
2026-02-19,SB1NO.OL,NOK,12.3525943396226
2026-02-19,SBRY.L,GBp,19.3105701682732
2026-02-19,SDZ.S,CHF,167.961820044477
2026-02-19,SGSN.S,CHF,27.1090606354933
2026-02-19,SIEGn.DE,EUR,23.8862199696941
2026-02-19,SIGNC.S,CHF,25.1159187347857
2026-02-19,SRG.MI,EUR,15.2803659156361
2026-02-19,STLAM.MI,EUR,
2026-02-19,SWECb.ST,SEK,23.0037265713277
2026-02-19,TRELb.ST,SEK,25.123539404739
2026-02-19,WIHL.ST,SEK,12.414782523199
2026-02-19,WRT1V.HE,EUR,34.4186134350626
2026-02-19,ZALG.DE,EUR,22.8683898609193
2026-02-20,ACKB.BR,EUR,17.7591624066185
2026-02-20,ACLN.S,CHF,46.4345485644184
2026-02-20,ACPP.WA,PLN,22.2655571405152
2026-02-20,ACS.MC,EUR,31.7821066739426
2026-02-20,AHT.L,GBp,21.1764848453883
2026-02-20,AKZO.AS,EUR,16.2238198596554
2026-02-20,ANDR.VI,EUR,15.8341652979507
2026-02-20,AV.L,GBp,29.4033198743831
2026-02-20,AZMT.MI,EUR,9.88010502320053
2026-02-20,BKT.MC,EUR,12.9047879543355
2026-02-20,BMWG.DE,EUR,8.03098580528594
2026-02-20,BWY.L,GBp,21.6158779552958
2026-02-20,CCL.L,GBp,16.0868019904489
2026-02-20,CWK.L,GBp,19.8196085902067
2026-02-20,DIOR.PA,EUR,20.9529613983513
2026-02-20,DPLM.L,GBp,41.04121601445
2026-02-20,ELISA.HE,EUR,19.9590487282564
2026-02-20,EPIRa.ST,SEK,36.430179705354
2026-02-20,EQTAB.ST,SEK,44.9183828583835
2026-02-20,ESSITYb.ST,SEK,15.5518117016904
2026-02-20,EVOG.ST,SEK,9.52627619844468
2026-02-20,GBFG.DE,EUR,24.6422619855143
2026-02-20,GETP.PA,EUR,38.1814310051107
2026-02-20,INCH.L,GBp,12.6390654232302
2026-02-20,JMT.LS,EUR,20.7392638636408
2026-02-20,KBCA.BR,EUR,18.8996322365377
2026-02-20,KCRA.HE,EUR,19.9447439031187
2026-02-20,LAGRb.ST,SEK,38.7450506992723
2026-02-20,MBK.WA,PLN,12.6356318572625
2026-02-20,METSO.HE,EUR,28.8734077792576
2026-02-20,NAFG.DE,EUR,12.2423611713352
2026-02-20,NEKG.DE,EUR,38.2227549785704
2026-02-20,PHNX.L,GBp,
2026-02-20,QQ.L,GBp,
2026-02-20,RBIV.VI,EUR,25.1252743126049
2026-02-20,RILBA.CO,DKK,17.521231099681
2026-02-20,SAND.ST,SEK,32.4377628197952
2026-02-20,SB1NO.OL,NOK,12.5589622641509
2026-02-20,SBRY.L,GBp,19.3432445678811
2026-02-20,SDZ.S,CHF,167.339318809159
2026-02-20,SGSN.S,CHF,27.1264048841404
2026-02-20,SIEGn.DE,EUR,24.3429924155914
2026-02-20,SIGNC.S,CHF,25.093956933841
2026-02-20,SRG.MI,EUR,15.5465743810653
2026-02-20,STLAM.MI,EUR,
2026-02-20,SWECb.ST,SEK,23.3274947144851
2026-02-20,TRELb.ST,SEK,25.4091062835501
2026-02-20,WIHL.ST,SEK,12.8233001857024
2026-02-20,WRT1V.HE,EUR,34.5035976657665
2026-02-20,ZALG.DE,EUR,22.4986679135721
2026-02-23,ACKB.BR,EUR,17.7468723288284
2026-02-23,ACLN.S,CHF,44.9199755177921
2026-02-23,ACPP.WA,PLN,21.8129057041421
2026-02-23,ACS.MC,EUR,31.84207291295
2026-02-23,AHT.L,GBp,20.9998351245954
2026-02-23,AKZO.AS,EUR,16.0678215917741
2026-02-23,ANDR.VI,EUR,15.5872596695759
2026-02-23,AV.L,GBp,29.0444145356662
2026-02-23,AZMT.MI,EUR,9.74617533070868
2026-02-23,BKT.MC,EUR,12.4291751313635
2026-02-23,BMWG.DE,EUR,7.79802319667379
2026-02-23,BWY.L,GBp,21.3730029220903
2026-02-23,CCL.L,GBp,15.335646484382
2026-02-23,CWK.L,GBp,19.8196085902067
2026-02-23,DIOR.PA,EUR,21.0724649804711
2026-02-23,DPLM.L,GBp,40.604219925565
2026-02-23,ELISA.HE,EUR,20.0905436375249
2026-02-23,EPIRa.ST,SEK,37.1610320759861
2026-02-23,EQTAB.ST,SEK,40.941155312288
2026-02-23,ESSITYb.ST,SEK,15.6497930144767
2026-02-23,EVOG.ST,SEK,9.23271939713973
2026-02-23,GBFG.DE,EUR,24.3587848550318
2026-02-23,GETP.PA,EUR,37.8407155025554
2026-02-23,INCH.L,GBp,12.4534068350923
2026-02-23,JMT.LS,EUR,21.5993275865439
2026-02-23,KBCA.BR,EUR,18.9970530212621
2026-02-23,KCRA.HE,EUR,19.9248389690836
2026-02-23,LAGRb.ST,SEK,38.0944808181278
2026-02-23,MBK.WA,PLN,12.7857700684943
2026-02-23,METSO.HE,EUR,29.1466038315746
2026-02-23,NAFG.DE,EUR,12.3074032318677
2026-02-23,NEKG.DE,EUR,37.3180743873616
2026-02-23,PHNX.L,GBp,
2026-02-23,QQ.L,GBp,
2026-02-23,RBIV.VI,EUR,24.8553624446974
2026-02-23,RILBA.CO,DKK,17.489718094106
2026-02-23,SAND.ST,SEK,32.7368465128123
2026-02-23,SB1NO.OL,NOK,12.5
2026-02-23,SBRY.L,GBp,19.4521592332408
2026-02-23,SDZ.S,CHF,165.89857327227
2026-02-23,SGSN.S,CHF,27.2304703760233
2026-02-23,SIEGn.DE,EUR,23.8961498054745
2026-02-23,SIGNC.S,CHF,24.6874837554138
2026-02-23,SRG.MI,EUR,15.4836523801457
2026-02-23,STLAM.MI,EUR,
2026-02-23,SWECb.ST,SEK,22.8094656854334
2026-02-23,TRELb.ST,SEK,25.1869987111415
2026-02-23,WIHL.ST,SEK,12.7471358757442
2026-02-23,WRT1V.HE,EUR,34.7018942040755
2026-02-23,ZALG.DE,EUR,21.9332108176292
2026-02-24,ACKB.BR,EUR,17.9803838068393
2026-02-24,ACLN.S,CHF,45.5698580079855
2026-02-24,ACPP.WA,PLN,21.323552799955
2026-02-24,ACS.MC,EUR,32.3218028250095
2026-02-24,AHT.L,GBp,21.4375527815168
2026-02-24,AKZO.AS,EUR,16.2345783608885
2026-02-24,ANDR.VI,EUR,15.6301997788584
2026-02-24,AV.L,GBp,29.304620906236
2026-02-24,AZMT.MI,EUR,9.7071125037319
2026-02-24,BKT.MC,EUR,12.356314449559
2026-02-24,BMWG.DE,EUR,7.86737847710031
2026-02-24,BWY.L,GBp,21.4185419908163
2026-02-24,CCL.L,GBp,15.7828902520734
2026-02-24,CWK.L,GBp,19.8928788622592
2026-02-24,DIOR.PA,EUR,21.1521340352177
2026-02-24,DPLM.L,GBp,41.04121601445
2026-02-24,ELISA.HE,EUR,20.14689859864
2026-02-24,EPIRa.ST,SEK,37.4842937014581
2026-02-24,EQTAB.ST,SEK,41.2148672184458
2026-02-24,ESSITYb.ST,SEK,15.747774327263
2026-02-24,EVOG.ST,SEK,9.42646817557139
2026-02-24,GBFG.DE,EUR,24.2777913891797
2026-02-24,GETP.PA,EUR,38.0536626916525
2026-02-24,INCH.L,GBp,12.5819397038032
2026-02-24,JMT.LS,EUR,21.5797806837507
2026-02-24,KBCA.BR,EUR,18.3638179205534
2026-02-24,KCRA.HE,EUR,20.084078441364
2026-02-24,LAGRb.ST,SEK,38.9980500974951
2026-02-24,MBK.WA,PLN,12.5035102313786
2026-02-24,METSO.HE,EUR,30.1113273913192
2026-02-24,NAFG.DE,EUR,12.480848726621
2026-02-24,NEKG.DE,EUR,36.4982076015787
2026-02-24,PHNX.L,GBp,
2026-02-24,QQ.L,GBp,
2026-02-24,RBIV.VI,EUR,24.2803328130684
2026-02-24,RILBA.CO,DKK,17.3216487310395
2026-02-24,SAND.ST,SEK,33.4204663825657
2026-02-24,SB1NO.OL,NOK,12.2641509433962
2026-02-24,SBRY.L,GBp,19.5719653651364
2026-02-24,SDZ.S,CHF,164.310712057142
2026-02-24,SGSN.S,CHF,27.2420332084547
2026-02-24,SIEGn.DE,EUR,23.7819566940002
2026-02-24,SIGNC.S,CHF,25.1220448016632
2026-02-24,SRG.MI,EUR,15.4884925340626
2026-02-24,STLAM.MI,EUR,
2026-02-24,SWECb.ST,SEK,22.9065961283805
2026-02-24,TRELb.ST,SEK,25.66294350916
2026-02-24,WIHL.ST,SEK,12.9410086647289
2026-02-24,WRT1V.HE,EUR,35.155143434496
2026-02-24,ZALG.DE,EUR,22.1615684909907
2026-02-25,ACKB.BR,EUR,18.0541242735796
2026-02-25,ACLN.S,CHF,45.8649696243513
2026-02-25,ACPP.WA,PLN,21.3724880903737
2026-02-25,ACS.MC,EUR,32.591650900543
2026-02-25,AHT.L,GBp,21.5799330957154
2026-02-25,AKZO.AS,EUR,16.0678215917741
2026-02-25,ANDR.VI,EUR,15.6946099427823
2026-02-25,AV.L,GBp,29.6635262449529
2026-02-25,AZMT.MI,EUR,9.79360876346621
2026-02-25,BKT.MC,EUR,12.3991736741499
2026-02-25,BMWG.DE,EUR,7.83536834767269
2026-02-25,BWY.L,GBp,21.2060263367614
2026-02-25,CCL.L,GBp,15.945215330368
2026-02-25,CWK.L,GBp,19.7463383181542
2026-02-25,DIOR.PA,EUR,20.7737060251714
2026-02-25,DPLM.L,GBp,40.6770526070458
2026-02-25,ELISA.HE,EUR,20.2690010143893
2026-02-25,EPIRa.ST,SEK,37.5124034080208
2026-02-25,EQTAB.ST,SEK,41.6616551122189
2026-02-25,ESSITYb.ST,SEK,15.5626985142223
2026-02-25,EVOG.ST,SEK,9.64246148568558
2026-02-25,GBFG.DE,EUR,24.5410201531991
2026-02-25,GETP.PA,EUR,38.2240204429301
2026-02-25,INCH.L,GBp,12.6105025635167
2026-02-25,JMT.LS,EUR,21.4234054614046
2026-02-25,KBCA.BR,EUR,18.3881731167345
2026-02-25,KCRA.HE,EUR,19.7058846946981
2026-02-25,LAGRb.ST,SEK,39.0703356398445
2026-02-25,MBK.WA,PLN,12.7317203124508
2026-02-25,METSO.HE,EUR,30.5296588464297
2026-02-25,NAFG.DE,EUR,12.4880756222357
2026-02-25,NEKG.DE,EUR,36.328579990727
2026-02-25,PHNX.L,GBp,
2026-02-25,QQ.L,GBp,
2026-02-25,RBIV.VI,EUR,24.9727154307441
2026-02-25,RILBA.CO,DKK,17.4266920829561
2026-02-25,SAND.ST,SEK,33.9759075267402
2026-02-25,SB1NO.OL,NOK,12.5
2026-02-25,SBRY.L,GBp,19.5283994989925
2026-02-25,SDZ.S,CHF,181.587626485736
2026-02-25,SGSN.S,CHF,27.3750057814162
2026-02-25,SIEGn.DE,EUR,24.2387291398975
2026-02-25,SIGNC.S,CHF,25.1039873070663
2026-02-25,SRG.MI,EUR,15.7014593064059
2026-02-25,STLAM.MI,EUR,
2026-02-25,SWECb.ST,SEK,23.0361033856435
2026-02-25,TRELb.ST,SEK,25.3583388384282
2026-02-25,WIHL.ST,SEK,13.0240970028652
2026-02-25,WRT1V.HE,EUR,35.7028195879209
2026-02-25,ZALG.DE,EUR,22.2811844151325
2026-02-26,ACKB.BR,EUR,18.3122159071706
2026-02-26,ACLN.S,CHF,45.0849531341413
2026-02-26,ACPP.WA,PLN,21.360254267769
2026-02-26,ACS.MC,EUR,29.8580452353461
2026-02-26,AHT.L,GBp,21.8589132193862
2026-02-26,AKZO.AS,EUR,16.0409253386911
2026-02-26,ANDR.VI,EUR,15.8341652979507
2026-02-26,AV.L,GBp,30.3005832211754
2026-02-26,AZMT.MI,EUR,9.86894421549288
2026-02-26,BKT.MC,EUR,12.3434566821817
2026-02-26,BMWG.DE,EUR,7.89938860652793
2026-02-26,BWY.L,GBp,21.3426435429396
2026-02-26,CCL.L,GBp,16.4404755785361
2026-02-26,CWK.L,GBp,19.8196085902067
2026-02-26,DIOR.PA,EUR,20.9529613983513
2026-02-26,DPLM.L,GBp,41.1504650366713
2026-02-26,ELISA.HE,EUR,20.1187211180824
2026-02-26,EPIRa.ST,SEK,37.7232262072416
2026-02-26,EQTAB.ST,SEK,43.2030766727344
2026-02-26,ESSITYb.ST,SEK,15.5844721392859
2026-02-26,EVOG.ST,SEK,9.95922421885511
2026-02-26,GBFG.DE,EUR,24.6017652525882
2026-02-26,GETP.PA,EUR,38.6925042589438
2026-02-26,INCH.L,GBp,12.710472572514
2026-02-26,JMT.LS,EUR,21.5797806837507
2026-02-26,KBCA.BR,EUR,18.4368835090967
2026-02-26,KCRA.HE,EUR,19.7058846946981
2026-02-26,LAGRb.ST,SEK,39.6124772074649
2026-02-26,MBK.WA,PLN,12.6116097434654
2026-02-26,METSO.HE,EUR,30.1540142744937
2026-02-26,NAFG.DE,EUR,12.24958806695
2026-02-26,NEKG.DE,EUR,38.3075687839962
2026-02-26,PHNX.L,GBp,
2026-02-26,QQ.L,GBp,
2026-02-26,RBIV.VI,EUR,25.1252743126049
2026-02-26,RILBA.CO,DKK,17.4056834125728
2026-02-26,SAND.ST,SEK,34.0100885202279
2026-02-26,SB1NO.OL,NOK,12.4410377358491
2026-02-26,SBRY.L,GBp,19.2125469694494
2026-02-26,SDZ.S,CHF,43.4590742666312
2026-02-26,SGSN.S,CHF,27.7623606678692
2026-02-26,SIEGn.DE,EUR,24.6905366679046
2026-02-26,SIGNC.S,CHF,25.2080668564322
2026-02-26,SRG.MI,EUR,15.7643813073256
2026-02-26,STLAM.MI,EUR,
2026-02-26,SWECb.ST,SEK,23.3436831216429
2026-02-26,TRELb.ST,SEK,25.3393010465074
2026-02-26,WIHL.ST,SEK,13.1764256227817
2026-02-26,WRT1V.HE,EUR,34.9379615115862
2026-02-26,ZALG.DE,EUR,22.4442970389622
2026-02-19,AAF.L,GBp,32.1462184539027
2026-02-19,ALLN.S,CHF,14.3631796409838
2026-02-19,AUTOA.L,GBp,14.2106527352429
2026-02-19,AXAF.PA,EUR,12.2453195771734
2026-02-19,AXFO.ST,SEK,34.1806979468135
2026-02-19,BALF.L,GBp,21.7853196974419
2026-02-19,BAVA.CO,DKK,6.44480612420156
2026-02-19,BAYGn.DE,EUR,
2026-02-19,BOLL.PA,EUR,47.9620102888801
2026-02-19,BUCN.S,CHF,17.4255584223004
2026-02-19,CRDI.MI,EUR,10.7857376571039
2026-02-19,DEMANT.CO,DKK,16.1507786727629
2026-02-19,DSV.CO,DKK,45.9809813076776
2026-02-19,ELIS.PA,EUR,19.4264699689794
2026-02-19,EMII.MI,EUR,9.91436647821749
2026-02-19,ENI.MI,EUR,21.0818025518053
2026-02-19,FMEG.DE,EUR,16.5952257627727
2026-02-19,FRO.OL,NOK,34.5556906540242
2026-02-19,FTKn.DE,EUR,25.111039428302
2026-02-19,GF.S,CHF,18.0647826469732
2026-02-19,GMAB.CO,DKK,18.3079941547218
2026-02-19,HUBN.S,CHF,45.7776657423746
2026-02-19,INDT.ST,SEK,32.4615745712924
2026-02-19,JD.L,GBp,7.90922844175492
2026-02-19,LOIM.PA,EUR,8.44845856949805
2026-02-19,LUNDb.ST,SEK,11.3039014373717
2026-02-19,MNDI.L,GBp,25.0657043540181
2026-02-19,MOWI.OL,NOK,14.9137559331707
2026-02-19,NWG.L,GBp,9.15061750359531
2026-02-19,PEO.WA,PLN,8.95863057184768
2026-02-19,PUIGb.MC,EUR,15.5034346654522
2026-02-19,QLT.L,GBp,
2026-02-19,RECI.MI,EUR,24.2522395889037
2026-02-19,RTO.L,GBp,51.2308098936721
2026-02-19,SAPG.DE,EUR,27.3090930610848
2026-02-19,SCHN.PA,EUR,34.3138616887421
2026-02-19,SDFGn.DE,EUR,
2026-02-19,SEBa.ST,SEK,12.5083442970375
2026-02-19,SMIN.L,GBp,33.0110119565488
2026-02-19,STB.OL,NOK,15.3213988300334
2026-02-19,STMMI.MI,EUR,33.3819882575086
2026-02-19,SWEDa.ST,SEK,11.867239993658
2026-02-19,TOM.OL,NOK,31.6292428250736
2026-02-19,TRN.MI,EUR,18.902556588131
2026-02-19,UNI.MC,EUR,10.9690553745928
2026-02-19,VERB.VI,EUR,12.0914538747799
2026-02-19,VIS.MC,EUR,17.191109316453
2026-02-19,VOD.L,GBp,
2026-02-19,VZN.S,CHF,25.368274366575
2026-02-19,WDPP.BR,EUR,16.5055626481853
2026-02-20,AAF.L,GBp,32.4873974877576
2026-02-20,ALLN.S,CHF,14.7111861961618
2026-02-20,AUTOA.L,GBp,14.4418423106948
2026-02-20,AXAF.PA,EUR,12.4581727804576
2026-02-20,AXFO.ST,SEK,33.4059490521049
2026-02-20,BALF.L,GBp,21.9694608912434
2026-02-20,BAVA.CO,DKK,6.45134907458145
2026-02-20,BAYGn.DE,EUR,
2026-02-20,BOLL.PA,EUR,48.2785912148793
2026-02-20,BUCN.S,CHF,17.4708784702127
2026-02-20,CRDI.MI,EUR,10.9456360328029
2026-02-20,DEMANT.CO,DKK,16.248932576299
2026-02-20,DSV.CO,DKK,46.2701698693611
2026-02-20,ELIS.PA,EUR,19.3282147017953
2026-02-20,EMII.MI,EUR,10.3175922846691
2026-02-20,ENI.MI,EUR,21.0139353904624
2026-02-20,FMEG.DE,EUR,16.790991512739
2026-02-20,FRO.OL,NOK,35.4752684656333
2026-02-20,FTKn.DE,EUR,25.6403894030752
2026-02-20,GF.S,CHF,18.4033915063354
2026-02-20,GMAB.CO,DKK,18.9571300483993
2026-02-20,HUBN.S,CHF,45.8784976052432
2026-02-20,INDT.ST,SEK,32.7745257722427
2026-02-20,JD.L,GBp,7.88502269288957
2026-02-20,LOIM.PA,EUR,8.26373968247796
2026-02-20,LUNDb.ST,SEK,11.5503080082136
2026-02-20,MNDI.L,GBp,28.3179490135039
2026-02-20,MOWI.OL,NOK,15.1495868534573
2026-02-20,NWG.L,GBp,9.12689587688476
2026-02-20,PEO.WA,PLN,8.69537562413828
2026-02-20,PUIGb.MC,EUR,15.3706022998975
2026-02-20,QLT.L,GBp,
2026-02-20,RECI.MI,EUR,24.5374402224565
2026-02-20,RTO.L,GBp,51.262403147006
2026-02-20,SAPG.DE,EUR,27.7985262622498
2026-02-20,SCHN.PA,EUR,34.6512449442127
2026-02-20,SDFGn.DE,EUR,
2026-02-20,SEBa.ST,SEK,12.7027745192713
2026-02-20,SMIN.L,GBp,33.6075965099804
2026-02-20,STB.OL,NOK,15.6035451254525
2026-02-20,STMMI.MI,EUR,33.705396568979
2026-02-20,SWEDa.ST,SEK,12.02773795743
2026-02-20,TOM.OL,NOK,31.6357132891599
2026-02-20,TRN.MI,EUR,19.0876489415031
2026-02-20,UNI.MC,EUR,11.0830618892508
2026-02-20,VERB.VI,EUR,12.1629405108639
2026-02-20,VIS.MC,EUR,17.2504913866307
2026-02-20,VOD.L,GBp,
2026-02-20,VZN.S,CHF,25.5420296704557
2026-02-20,WDPP.BR,EUR,16.7009718350225
2026-02-23,AAF.L,GBp,32.1190595613509
2026-02-23,ALLN.S,CHF,17.3598035819187
2026-02-23,AUTOA.L,GBp,14.1686182669789
2026-02-23,AXAF.PA,EUR,12.4644331687895
2026-02-23,AXFO.ST,SEK,30.2295443042199
2026-02-23,BALF.L,GBp,21.7853196974419
2026-02-23,BAVA.CO,DKK,6.36465498204778
2026-02-23,BAYGn.DE,EUR,
2026-02-23,BOLL.PA,EUR,48.0411555203799
2026-02-23,BUCN.S,CHF,17.3575783504318
2026-02-23,CRDI.MI,EUR,10.911583600941
2026-02-23,DEMANT.CO,DKK,16.0258555228078
2026-02-23,DSV.CO,DKK,45.2373535776343
2026-02-23,ELIS.PA,EUR,19.2720688348329
2026-02-23,EMII.MI,EUR,10.3134353175923
2026-02-23,ENI.MI,EUR,21.1338340421681
2026-02-23,FMEG.DE,EUR,16.8807174814736
2026-02-23,FRO.OL,NOK,35.8533171215171
2026-02-23,FTKn.DE,EUR,25.3426300422653
2026-02-23,GF.S,CHF,18.2171566336862
2026-02-23,GMAB.CO,DKK,18.7476698646451
2026-02-23,HUBN.S,CHF,45.7776657423746
2026-02-23,INDT.ST,SEK,32.6891754447108
2026-02-23,JD.L,GBp,8.15128593040847
2026-02-23,LOIM.PA,EUR,7.59361377963086
2026-02-23,LUNDb.ST,SEK,11.5913757700205
2026-02-23,MNDI.L,GBp,27.1185766693485
2026-02-23,MOWI.OL,NOK,14.4882974842887
2026-02-23,NWG.L,GBp,9.04980059007547
2026-02-23,PEO.WA,PLN,8.75149896078288
2026-02-23,PUIGb.MC,EUR,15.5793388743406
2026-02-23,QLT.L,GBp,
2026-02-23,RECI.MI,EUR,24.2420538519911
2026-02-23,RTO.L,GBp,50.9896279080951
2026-02-23,SAPG.DE,EUR,26.8484500482236
2026-02-23,SCHN.PA,EUR,34.3667845523453
2026-02-23,SDFGn.DE,EUR,
2026-02-23,SEBa.ST,SEK,12.6120404155622
2026-02-23,SMIN.L,GBp,33.5081657510751
2026-02-23,STB.OL,NOK,15.6120950131925
2026-02-23,STMMI.MI,EUR,33.6578763448397
2026-02-23,SWEDa.ST,SEK,12.0380858822572
2026-02-23,TOM.OL,NOK,30.7901956986683
2026-02-23,TRN.MI,EUR,19.2727412948753
2026-02-23,UNI.MC,EUR,11.2052117263844
2026-02-23,VERB.VI,EUR,12.1323033811136
2026-02-23,VIS.MC,EUR,17.3395644918973
2026-02-23,VOD.L,GBp,
2026-02-23,VZN.S,CHF,24.8817595157092
2026-02-23,WDPP.BR,EUR,16.7270263932675
2026-02-24,AAF.L,GBp,32.1326454690027
2026-02-24,ALLN.S,CHF,17.7363719893356
2026-02-24,AUTOA.L,GBp,14.1566084189035
2026-02-24,AXAF.PA,EUR,12.5207766637765
2026-02-24,AXFO.ST,SEK,30.127574053577
2026-02-24,BALF.L,GBp,21.6011785036403
2026-02-24,BAVA.CO,DKK,6.43662743622668
2026-02-24,BAYGn.DE,EUR,
2026-02-24,BOLL.PA,EUR,48.2983775227543
2026-02-24,BUCN.S,CHF,17.5388585420813
2026-02-24,CRDI.MI,EUR,10.7664906303993
2026-02-24,DEMANT.CO,DKK,15.945547783551
2026-02-24,DSV.CO,DKK,44.2596208214663
2026-02-24,ELIS.PA,EUR,19.2159229678705
2026-02-24,EMII.MI,EUR,10.0515463917526
2026-02-24,ENI.MI,EUR,21.2084879196453
2026-02-24,FMEG.DE,EUR,15.6123185598166
2026-02-24,FRO.OL,NOK,37.3144240888517
2026-02-24,FTKn.DE,EUR,24.234303532584
2026-02-24,GF.S,CHF,18.4880437211759
2026-02-24,GMAB.CO,DKK,18.9199634408697
2026-02-24,HUBN.S,CHF,46.7355684396269
2026-02-24,INDT.ST,SEK,33.5426787200296
2026-02-24,JD.L,GBp,8.19566313666163
2026-02-24,LOIM.PA,EUR,7.64212118472722
2026-02-24,LUNDb.ST,SEK,11.8069815195072
2026-02-24,MNDI.L,GBp,27.2225261176865
2026-02-24,MOWI.OL,NOK,14.9747882728587
2026-02-24,NWG.L,GBp,8.9608444899109
2026-02-24,PEO.WA,PLN,8.60183672973059
2026-02-24,PUIGb.MC,EUR,15.5698508482295
2026-02-24,QLT.L,GBp,
2026-02-24,RECI.MI,EUR,24.4865115378935
2026-02-24,RTO.L,GBp,49.47247020353
2026-02-24,SAPG.DE,EUR,26.5253601572584
2026-02-24,SCHN.PA,EUR,34.7372445975679
2026-02-24,SDFGn.DE,EUR,
2026-02-24,SEBa.ST,SEK,12.5277873192609
2026-02-24,SMIN.L,GBp,33.4833080613488
2026-02-24,STB.OL,NOK,15.1846006261938
2026-02-24,STMMI.MI,EUR,33.9744743210706
2026-02-24,SWEDa.ST,SEK,11.9346066339856
2026-02-24,TOM.OL,NOK,30.6723301092474
2026-02-24,TRN.MI,EUR,19.3382948366946
2026-02-24,UNI.MC,EUR,10.985342019544
2026-02-24,VERB.VI,EUR,12.0812414981965
2026-02-24,VIS.MC,EUR,17.4880196673416
2026-02-24,VOD.L,GBp,
2026-02-24,VZN.S,CHF,24.7427552726047
2026-02-24,WDPP.BR,EUR,16.713999114145
2026-02-25,AAF.L,GBp,32.3706423572721
2026-02-25,ALLN.S,CHF,17.5104309448855
2026-02-25,AUTOA.L,GBp,14.2166576592806
2026-02-25,AXAF.PA,EUR,12.5865107412613
2026-02-25,AXFO.ST,SEK,29.8402033472198
2026-02-25,BALF.L,GBp,21.4595314314853
2026-02-25,BAVA.CO,DKK,6.44317038660658
2026-02-25,BAYGn.DE,EUR,
2026-02-25,BOLL.PA,EUR,48.1400870597546
2026-02-25,BUCN.S,CHF,17.2895982785633
2026-02-25,CRDI.MI,EUR,10.9767273836332
2026-02-25,DEMANT.CO,DKK,16.7040097654211
2026-02-25,DSV.CO,DKK,44.7553726414951
2026-02-25,ELIS.PA,EUR,19.061521833724
2026-02-25,EMII.MI,EUR,10.134685733289
2026-02-25,ENI.MI,EUR,21.3623201520224
2026-02-25,FMEG.DE,EUR,11.3534135950002
2026-02-25,FRO.OL,NOK,37.253118901411
2026-02-25,FTKn.DE,EUR,24.5320628933939
2026-02-25,GF.S,CHF,17.3875649282488
2026-02-25,GMAB.CO,DKK,18.7913260272099
2026-02-25,HUBN.S,CHF,46.7859843710613
2026-02-25,INDT.ST,SEK,33.3719780649658
2026-02-25,JD.L,GBp,8.08472012102875
2026-02-25,LOIM.PA,EUR,7.65535047702623
2026-02-25,LUNDb.ST,SEK,11.8685831622177
2026-02-25,MNDI.L,GBp,26.9915745732487
2026-02-25,MOWI.OL,NOK,14.6890594419802
2026-02-25,NWG.L,GBp,9.12393067354594
2026-02-25,PEO.WA,PLN,8.73279118190134
2026-02-25,PUIGb.MC,EUR,15.3895783521196
2026-02-25,QLT.L,GBp,
2026-02-25,RECI.MI,EUR,24.6698548023203
2026-02-25,RTO.L,GBp,49.8054686567734
2026-02-25,SAPG.DE,EUR,26.6757089184006
2026-02-25,SCHN.PA,EUR,35.0547817791873
2026-02-25,SDFGn.DE,EUR,
2026-02-25,SEBa.ST,SEK,12.6703694822323
2026-02-25,SMIN.L,GBp,33.3590196127172
2026-02-25,STB.OL,NOK,15.3384986055133
2026-02-25,STMMI.MI,EUR,34.0393448674222
2026-02-25,SWEDa.ST,SEK,12.1312172057016
2026-02-25,TOM.OL,NOK,30.0388106348212
2026-02-25,TRN.MI,EUR,19.4154166505996
2026-02-25,UNI.MC,EUR,11.0667752442997
2026-02-25,VERB.VI,EUR,12.2037900171976
2026-02-25,VIS.MC,EUR,17.3989465620751
2026-02-25,VOD.L,GBp,
2026-02-25,VZN.S,CHF,25.0555148195899
2026-02-25,WDPP.BR,EUR,16.6749172767776
2026-02-26,AAF.L,GBp,31.4484018342729
2026-02-26,ALLN.S,CHF,17.6610583078522
2026-02-26,AUTOA.L,GBp,14.582958025581
2026-02-26,AXAF.PA,EUR,12.7899733620477
2026-02-26,AXFO.ST,SEK,30.257354372577
2026-02-26,BALF.L,GBp,21.7569902830109
2026-02-26,BAVA.CO,DKK,6.43662743622668
2026-02-26,BAYGn.DE,EUR,
2026-02-26,BOLL.PA,EUR,49.1294024535022
2026-02-26,BUCN.S,CHF,17.1762981587824
2026-02-26,CRDI.MI,EUR,10.9204668440354
2026-02-26,DEMANT.CO,DKK,17.4446255830119
2026-02-26,DSV.CO,DKK,45.0170194353993
2026-02-26,ELIS.PA,EUR,18.9492300997993
2026-02-26,EMII.MI,EUR,10.2344529431327
2026-02-26,ENI.MI,EUR,21.8962084879196
2026-02-26,FMEG.DE,EUR,11.6443745082612
2026-02-26,FRO.OL,NOK,38.0909564630994
2026-02-26,FTKn.DE,EUR,25.061412868167
2026-02-26,GF.S,CHF,21.3059517850307
2026-02-26,GMAB.CO,DKK,18.8067035444172
2026-02-26,HUBN.S,CHF,45.7272498109403
2026-02-26,INDT.ST,SEK,33.2012774099021
2026-02-26,JD.L,GBp,8.27433182047404
2026-02-26,LOIM.PA,EUR,7.79205316411599
2026-02-26,LUNDb.ST,SEK,12.0533880903491
2026-02-26,MNDI.L,GBp,27.0113591666259
2026-02-26,MOWI.OL,NOK,14.5329140606738
2026-02-26,NWG.L,GBp,9.30777328055272
2026-02-26,PEO.WA,PLN,8.53448872575706
2026-02-26,PUIGb.MC,EUR,15.6267790048958
2026-02-26,QLT.L,GBp,
2026-02-26,RECI.MI,EUR,24.5985546439321
2026-02-26,RTO.L,GBp,50.6624658405376
2026-02-26,SAPG.DE,EUR,27.5458123871385
2026-02-26,SCHN.PA,EUR,36.1066236933014
2026-02-26,SDFGn.DE,EUR,
2026-02-26,SEBa.ST,SEK,12.6930530081596
2026-02-26,SMIN.L,GBp,33.5578811305277
2026-02-26,STB.OL,NOK,15.3726981564732
2026-02-26,STMMI.MI,EUR,34.1435686421716
2026-02-26,SWEDa.ST,SEK,12.0725789650144
2026-02-26,TOM.OL,NOK,30.7233058815393
2026-02-26,TRN.MI,EUR,19.4828982377666
2026-02-26,UNI.MC,EUR,11.1156351791531
2026-02-26,VERB.VI,EUR,12.0506043684462
2026-02-26,VIS.MC,EUR,17.4286375971639
2026-02-26,VOD.L,GBp,
2026-02-26,VZN.S,CHF,25.1945190626944
2026-02-26,WDPP.BR,EUR,16.7530809515125
2026-02-19,AGES.BR,EUR,10.018292185252
2026-02-19,AMBUb.CO,DKK,39.1830744771921
2026-02-19,ASRNL.AS,EUR,26.7113878741393
2026-02-19,AVANZ.ST,SEK,19.6306908742501
2026-02-19,BARC.L,GBp,11.0838721902461
2026-02-19,BATS.L,GBp,12.674404107493
2026-02-19,BEIJb.ST,SEK,29.5077603773503
2026-02-19,BKWB.S,CHF,16.8056815822349
2026-02-19,BYG.L,GBp,15.7598951349234
2026-02-19,CLNX.MC,EUR,
2026-02-19,COFB.BR,EUR,18.2756353901838
2026-02-19,CTEC.L,GBp,29.4390156205957
2026-02-19,DSFIR.AS,EUR,48.8020653214197
2026-02-19,DTGGe.DE,EUR,15.3856851643787
2026-02-19,EDP.LS,EUR,24.6194497099201
2026-02-19,ERST.VI,EUR,14.3612340719942
2026-02-19,FHZN.S,CHF,23.8661959164519
2026-02-19,FLS.CO,DKK,42.8637901527639
2026-02-19,FNTGn.DE,EUR,13.5850123219065
2026-02-19,GALD.S,CHF,125.512864358223
2026-02-19,GBLB.BR,EUR,73.2427849738668
2026-02-19,HSX.L,GBp,11.4103662762411
2026-02-19,INPST.AS,EUR,36.0489467906141
2026-02-19,ISP.MI,EUR,10.630270750111
2026-02-19,ITRK.L,GBp,20.1009974392493
2026-02-19,KEMIRA.HE,EUR,13.9068678423134
2026-02-19,KPN.AS,EUR,22.7039444743145
2026-02-19,LGEN.L,GBp,78.7966444894417
2026-02-19,MBGn.DE,EUR,9.06763141120126
2026-02-19,MTXGn.DE,EUR,25.4856401908418
2026-02-19,PERP.PA,EUR,14.9692643232534
2026-02-19,PSON.L,GBp,14.1732283464567
2026-02-19,RENA.PA,EUR,
2026-02-19,RR.L,GBp,19.3853497122945
2026-02-19,SAMPO.HE,EUR,12.2106666666667
2026-02-19,SCAb.ST,SEK,26.5048628756681
2026-02-19,SCMN.S,CHF,28.7949056859851
2026-02-19,SLHN.S,CHF,20.6226794963049
2026-02-19,SUBC.OL,NOK,28.448464170767
2026-02-19,SUNN.S,CHF,
2026-02-19,TEF.MC,EUR,23.8155191836194
2026-02-19,TKAG.DE,EUR,41.114463583241
2026-02-19,TTEF.PA,EUR,13.5615677441383
2026-02-19,TUI1n.DE,EUR,9.50884909414598
2026-02-19,UNPI.MI,EUR,23.2367773236777
2026-02-19,VACN.S,CHF,70.6925505474575
2026-02-19,VID.MC,EUR,12.8237240394581
2026-02-19,VWS.CO,DKK,27.6795064079353
2026-02-19,YAR.OL,NOK,8.97287439643501
2026-02-19,ZEG.L,GBp,
2026-02-20,AGES.BR,EUR,10.1783288016298
2026-02-20,AMBUb.CO,DKK,39.8434633728751
2026-02-20,ASRNL.AS,EUR,27.1967343118264
2026-02-20,AVANZ.ST,SEK,19.8588151107093
2026-02-20,BARC.L,GBp,11.2224353963855
2026-02-20,BATS.L,GBp,12.9464235115438
2026-02-20,BEIJb.ST,SEK,29.6168463676547
2026-02-20,BKWB.S,CHF,16.9433390422941
2026-02-20,BYG.L,GBp,15.8502960630396
2026-02-20,CLNX.MC,EUR,
2026-02-20,COFB.BR,EUR,18.0578325848837
2026-02-20,CTEC.L,GBp,29.2525406288607
2026-02-20,DSFIR.AS,EUR,49.1720216504878
2026-02-20,DTGGe.DE,EUR,15.6382094927189
2026-02-20,EDP.LS,EUR,24.6941237291056
2026-02-20,ERST.VI,EUR,14.3209312635602
2026-02-20,FHZN.S,CHF,23.8114150535985
2026-02-20,FLS.CO,DKK,43.0609557008447
2026-02-20,FNTGn.DE,EUR,13.5761794140249
2026-02-20,GALD.S,CHF,125.188122147723
2026-02-20,GBLB.BR,EUR,73.5923925393746
2026-02-20,HSX.L,GBp,11.5296690117827
2026-02-20,INPST.AS,EUR,35.9754316019122
2026-02-20,ISP.MI,EUR,10.8577452285841
2026-02-20,ITRK.L,GBp,20.3517003026342
2026-02-20,KEMIRA.HE,EUR,14.0058994546188
2026-02-20,KPN.AS,EUR,22.6697297033091
2026-02-20,LGEN.L,GBp,79.4908880532253
2026-02-20,MBGn.DE,EUR,9.14325931573724
2026-02-20,MTXGn.DE,EUR,25.7030289932725
2026-02-20,PERP.PA,EUR,15.4864297573424
2026-02-20,PSON.L,GBp,14.2438335558932
2026-02-20,RENA.PA,EUR,
2026-02-20,RR.L,GBp,19.5610477459406
2026-02-20,SAMPO.HE,EUR,12.3493333333333
2026-02-20,SCAb.ST,SEK,26.5267677210199
2026-02-20,SCMN.S,CHF,28.6726343242612
2026-02-20,SLHN.S,CHF,20.9844808909769
2026-02-20,SUBC.OL,NOK,28.4361338718648
2026-02-20,SUNN.S,CHF,
2026-02-20,TEF.MC,EUR,23.716122192035
2026-02-20,TKAG.DE,EUR,43.2341595691861
2026-02-20,TTEF.PA,EUR,13.3280743380678
2026-02-20,TUI1n.DE,EUR,9.45765117929742
2026-02-20,UNPI.MI,EUR,25.2503525250353
2026-02-20,VACN.S,CHF,71.6598374420636
2026-02-20,VID.MC,EUR,12.883718070052
2026-02-20,VWS.CO,DKK,27.6662904213737
2026-02-20,YAR.OL,NOK,9.15590794794232
2026-02-20,ZEG.L,GBp,
2026-02-23,AGES.BR,EUR,10.1223159858976
2026-02-23,AMBUb.CO,DKK,38.5960621254739
2026-02-23,ASRNL.AS,EUR,27.0320631990397
2026-02-23,AVANZ.ST,SEK,19.474605870357
2026-02-23,BARC.L,GBp,10.9666264004358
2026-02-23,BATS.L,GBp,13.025762504392
2026-02-23,BEIJb.ST,SEK,29.5077603773503
2026-02-23,BKWB.S,CHF,16.5418381171213
2026-02-23,BYG.L,GBp,15.7598951349234
2026-02-23,CLNX.MC,EUR,
2026-02-23,COFB.BR,EUR,14.115797600702
2026-02-23,CTEC.L,GBp,29.0376749505525
2026-02-23,DSFIR.AS,EUR,48.6251296857784
2026-02-23,DTGGe.DE,EUR,15.3930047101277
2026-02-23,EDP.LS,EUR,24.8836808547303
2026-02-23,ERST.VI,EUR,14.4015368804283
2026-02-23,FHZN.S,CHF,24.030538505012
2026-02-23,FLS.CO,DKK,43.4552867970063
2026-02-23,FNTGn.DE,EUR,13.7881692031834
2026-02-23,GALD.S,CHF,120.704030054946
2026-02-23,GBLB.BR,EUR,73.1990840281783
2026-02-23,HSX.L,GBp,11.519975275454
2026-02-23,INPST.AS,EUR,35.948357613268
2026-02-23,ISP.MI,EUR,10.8429501405533
2026-02-23,ITRK.L,GBp,20.1457658077109
2026-02-23,KEMIRA.HE,EUR,16.7327957677375
2026-02-23,KPN.AS,EUR,23.0118774133633
2026-02-23,LGEN.L,GBp,77.8420595892392
2026-02-23,MBGn.DE,EUR,8.99817721315802
2026-02-23,MTXGn.DE,EUR,25.4153085194672
2026-02-23,PERP.PA,EUR,14.9442977160904
2026-02-23,PSON.L,GBp,14.2499731393225
2026-02-23,RENA.PA,EUR,
2026-02-23,RR.L,GBp,19.5171232375291
2026-02-23,SAMPO.HE,EUR,12.3626666666667
2026-02-23,SCAb.ST,SEK,26.4939104529922
2026-02-23,SCMN.S,CHF,29.1820983314442
2026-02-23,SLHN.S,CHF,20.9651848165944
2026-02-23,SUBC.OL,NOK,27.8484447299745
2026-02-23,SUNN.S,CHF,
2026-02-23,TEF.MC,EUR,24.1799748194288
2026-02-23,TKAG.DE,EUR,42.4130160791353
2026-02-23,TTEF.PA,EUR,13.4796873299499
2026-02-23,TUI1n.DE,EUR,9.23889645221722
2026-02-23,UNPI.MI,EUR,10.3043027100075
2026-02-23,VACN.S,CHF,70.1551689393431
2026-02-23,VID.MC,EUR,12.8537210547551
2026-02-23,VWS.CO,DKK,27.3094622353407
2026-02-23,YAR.OL,NOK,9.07512009417519
2026-02-23,ZEG.L,GBp,
2026-02-24,AGES.BR,EUR,10.0823068318031
2026-02-24,AMBUb.CO,DKK,38.3759324935796
2026-02-24,ASRNL.AS,EUR,26.7633892781772
2026-02-24,AVANZ.ST,SEK,19.3365306746054
2026-02-24,BARC.L,GBp,10.8943840450982
2026-02-24,BATS.L,GBp,12.9124210860375
2026-02-24,BEIJb.ST,SEK,30.1077333240247
2026-02-24,BKWB.S,CHF,16.6680241221756
2026-02-24,BYG.L,GBp,15.7900287776288
2026-02-24,CLNX.MC,EUR,
2026-02-24,COFB.BR,EUR,14.3483478082918
2026-02-24,CTEC.L,GBp,32.0518139443361
2026-02-24,DSFIR.AS,EUR,52.2057806665745
2026-02-24,DTGGe.DE,EUR,15.550374943731
2026-02-24,EDP.LS,EUR,25.3891665230628
2026-02-24,ERST.VI,EUR,13.8372975623518
2026-02-24,FHZN.S,CHF,23.9574973545408
2026-02-24,FLS.CO,DKK,43.4947199066224
2026-02-24,FNTGn.DE,EUR,13.6821743086041
2026-02-24,GALD.S,CHF,117.20009763801
2026-02-24,GBLB.BR,EUR,73.4612897023091
2026-02-24,HSX.L,GBp,11.5182661955696
2026-02-24,INPST.AS,EUR,35.8951999533159
2026-02-24,ISP.MI,EUR,10.654312768161
2026-02-24,ITRK.L,GBp,20.2979782604803
2026-02-24,KEMIRA.HE,EUR,17.3727548103588
2026-02-24,KPN.AS,EUR,22.7554999277909
2026-02-24,LGEN.L,GBp,77.0031819496674
2026-02-24,MBGn.DE,EUR,9.09541309041856
2026-02-24,MTXGn.DE,EUR,23.7273484064761
2026-02-24,PERP.PA,EUR,15.0191975375792
2026-02-24,PSON.L,GBp,14.3297877239029
2026-02-24,RENA.PA,EUR,
2026-02-24,RR.L,GBp,19.1803686730406
2026-02-24,SAMPO.HE,EUR,12.2933333333333
2026-02-24,SCAb.ST,SEK,26.7896258652414
2026-02-24,SCMN.S,CHF,29.1820983314442
2026-02-24,SLHN.S,CHF,20.9362407050207
2026-02-24,SUBC.OL,NOK,27.8756282909611
2026-02-24,SUNN.S,CHF,
2026-02-24,TEF.MC,EUR,24.1998542177457
2026-02-24,TKAG.DE,EUR,39.6822365657106
2026-02-24,TTEF.PA,EUR,13.6025413265878
2026-02-24,TUI1n.DE,EUR,9.23656927426956
2026-02-24,UNPI.MI,EUR,10.2463862544946
2026-02-24,VACN.S,CHF,71.229932155572
2026-02-24,VID.MC,EUR,12.7937270241611
2026-02-24,VWS.CO,DKK,27.4567531166862
2026-02-24,YAR.OL,NOK,9.06132632393254
2026-02-24,ZEG.L,GBp,
2026-02-24,TEF.MC,,24.1998542177457
2026-02-25,AGES.BR,EUR,10.1143141550787
2026-02-25,AMBUb.CO,DKK,38.327014797603
2026-02-25,ASRNL.AS,EUR,26.7373885761582
2026-02-25,AVANZ.ST,SEK,19.6246876048696
2026-02-25,BARC.L,GBp,11.1407186337905
2026-02-25,BATS.L,GBp,13.0710990717338
2026-02-25,BEIJb.ST,SEK,29.8241097492331
2026-02-25,BKWB.S,CHF,17.1154108673682
2026-02-25,BYG.L,GBp,15.7900287776288
2026-02-25,CLNX.MC,EUR,
2026-02-25,COFB.BR,EUR,14.1468042950473
2026-02-25,CTEC.L,GBp,39.7462061725309
2026-02-25,DSFIR.AS,EUR,51.1858664085189
2026-02-25,DTGGe.DE,EUR,15.4405817574961
2026-02-25,EDP.LS,EUR,25.7682807743121
2026-02-25,ERST.VI,EUR,14.092548682434
2026-02-25,FHZN.S,CHF,23.8844562040697
2026-02-25,FLS.CO,DKK,44.5988469758748
2026-02-25,FNTGn.DE,EUR,13.4966832430905
2026-02-25,GALD.S,CHF,118.700888754778
2026-02-25,GBLB.BR,EUR,73.636093485063
2026-02-25,HSX.L,GBp,12.1868711348812
2026-02-25,INPST.AS,EUR,35.9122360411415
2026-02-25,ISP.MI,EUR,10.7486314543572
2026-02-25,ITRK.L,GBp,20.7188009240191
2026-02-25,KEMIRA.HE,EUR,17.1509023422501
2026-02-25,KPN.AS,EUR,22.9095460453473
2026-02-25,LGEN.L,GBp,77.8420595892392
2026-02-25,MBGn.DE,EUR,9.10467365015766
2026-02-25,MTXGn.DE,EUR,24.3859086020749
2026-02-25,PERP.PA,EUR,13.8279337100913
2026-02-25,PSON.L,GBp,14.5262543936394
2026-02-25,RENA.PA,EUR,
2026-02-25,RR.L,GBp,19.1803686730406
2026-02-25,SAMPO.HE,EUR,12.2986666666667
2026-02-25,SCAb.ST,SEK,26.833435555945
2026-02-25,SCMN.S,CHF,28.978312728571
2026-02-25,SLHN.S,CHF,21.1677935976108
2026-02-25,SUBC.OL,NOK,28.6127673016178
2026-02-25,SUNN.S,CHF,
2026-02-25,TEF.MC,EUR,
2026-02-25,TKAG.DE,EUR,41.0189817820723
2026-02-25,TTEF.PA,EUR,13.7198626832565
2026-02-25,TUI1n.DE,EUR,9.19002571531632
2026-02-25,UNPI.MI,EUR,10.2077752841526
2026-02-25,VACN.S,CHF,73.7556257137099
2026-02-25,VID.MC,EUR,11.9988061187912
2026-02-25,VWS.CO,DKK,27.8536412947798
2026-02-25,YAR.OL,NOK,9.19570417809214
2026-02-25,ZEG.L,GBp,
2026-02-26,AGES.BR,EUR,10.1783288016298
2026-02-26,AMBUb.CO,DKK,38.987403693286
2026-02-26,ASRNL.AS,EUR,27.0147293976937
2026-02-26,AVANZ.ST,SEK,19.7927791475237
2026-02-26,BARC.L,GBp,11.1951964755205
2026-02-26,BATS.L,GBp,13.1164356390756
2026-02-26,BEIJb.ST,SEK,30.1731849182073
2026-02-26,BKWB.S,CHF,16.9777534073089
2026-02-26,BYG.L,GBp,15.6996278495126
2026-02-26,CLNX.MC,EUR,
2026-02-26,COFB.BR,EUR,14.2940860931875
2026-02-26,CTEC.L,GBp,40.4091691031291
2026-02-26,DSFIR.AS,EUR,51.9983404784954
2026-02-26,DTGGe.DE,EUR,15.543055397982
2026-02-26,EDP.LS,EUR,15.230044345898
2026-02-26,ERST.VI,EUR,13.9179031792199
2026-02-26,FHZN.S,CHF,24.030538505012
2026-02-26,FLS.CO,DKK,44.2045158797132
2026-02-26,FNTGn.DE,EUR,11.6152738643089
2026-02-26,GALD.S,CHF,118.633411723809
2026-02-26,GBLB.BR,EUR,74.5975142902092
2026-02-26,HSX.L,GBp,11.8115781739293
2026-02-26,INPST.AS,EUR,35.8925824507967
2026-02-26,ISP.MI,EUR,10.883636632638
2026-02-26,ITRK.L,GBp,20.9963648084809
2026-02-26,KEMIRA.HE,EUR,17.1338367677802
2026-02-26,KPN.AS,EUR,22.5388725749771
2026-02-26,LGEN.L,GBp,79.2884003471218
2026-02-26,MBGn.DE,EUR,9.10621707678085
2026-02-26,MTXGn.DE,EUR,23.6250477935676
2026-02-26,PERP.PA,EUR,13.5675676639637
2026-02-26,PSON.L,GBp,14.7411398136636
2026-02-26,RENA.PA,EUR,
2026-02-26,RR.L,GBp,19.8026325422041
2026-02-26,SAMPO.HE,EUR,12.2906666666667
2026-02-26,SCAb.ST,SEK,26.932007360028
2026-02-26,SCMN.S,CHF,28.8560413668471
2026-02-26,SLHN.S,CHF,21.177441634802
2026-02-26,SUBC.OL,NOK,28.7182061028772
2026-02-26,SUNN.S,CHF,
2026-02-26,TEF.MC,EUR,
2026-02-26,TKAG.DE,EUR,40.2742237329565
2026-02-26,TTEF.PA,EUR,13.8010311770913
2026-02-26,TUI1n.DE,EUR,9.44368811161146
2026-02-26,UNPI.MI,EUR,10.2367335119091
2026-02-26,VACN.S,CHF,72.5196480150467
2026-02-26,VID.MC,EUR,13.554442275061
2026-02-26,VWS.CO,DKK,27.680076334325
2026-02-26,YAR.OL,NOK,9.24442663014315
2026-02-26,ZEG.L,GBp,
2026-02-10,PRTP.PA,,56.9001284204287
2026-02-10,PRTP.PA,,
2026-02-19,ACCP.PA,EUR,21.5532811559302
2026-02-19,ADDTb.ST,SEK,42.2685510528097
2026-02-19,ALSYDB.CO,DKK,12.3653080920125
2026-02-19,AYV.PA,EUR,10.6470349590841
2026-02-19,AZE.BR,EUR,13.09089857085
2026-02-19,BAB.L,GBp,25.2143308365671
2026-02-19,BESI.AS,EUR,95.1281205322776
2026-02-19,BGEO.L,GBp,7.51317799386795
2026-02-19,BOL.ST,SEK,19.6447276378121
2026-02-19,BRBY.L,GBp,
2026-02-19,CAMX.ST,SEK,42.0288766946206
2026-02-19,CBKG.DE,EUR,16.5233608641945
2026-02-19,CCH.L,GBp,21.5499791697141
2026-02-19,DAST.PA,EUR,19.4908379726862
2026-02-19,DNP.WA,PLN,23.8740161305996
2026-02-19,DTEGn.DE,EUR,13.2205889502942
2026-02-19,FBK.MI,EUR,18.556886340845
2026-02-19,FDJU.PA,EUR,25.9693872191114
2026-02-19,G24n.DE,EUR,31.4018489192079
2026-02-19,GEBN.S,CHF,35.7458320303912
2026-02-19,HSBA.L,GBp,18.3620030737787
2026-02-19,IHG.L,USD,30.171445048957
2026-02-19,III.L,GBp,5.28178345934992
2026-02-19,IMI.L,GBp,30.8991171680809
2026-02-19,INF.L,GBp,151.650378019546
2026-02-19,ISS.CO,DKK,15.9229953503548
2026-02-19,KINVb.ST,SEK,
2026-02-19,KNEBV.HE,EUR,33.251061936591
2026-02-19,KNIN.S,CHF,20.5348854274529
2026-02-19,LAND.L,GBp,19.8515268093292
2026-02-19,NDXG.DE,EUR,71.9436667515059
2026-02-19,NEXII.MI,EUR,18.3363200184982
2026-02-19,NOKIA.HE,EUR,56.5600783824708
2026-02-19,NXT.L,GBp,19.6845322612663
2026-02-19,PHG.AS,EUR,152.758379888268
2026-02-19,PNDORA.CO,DKK,7.69090965184305
2026-02-19,PNN.L,GBp,133.249312557287
2026-02-19,PRTP.PA,EUR,
2026-02-19,PRX.AS,EUR,8.84219444338704
2026-02-19,PSHG_p.DE,EUR,
2026-02-19,RAAG.DE,EUR,32.759568849285
2026-02-19,RMV.L,GBp,16.5412090022275
2026-02-19,ROG.S,CHF,22.9553125775412
2026-02-19,SAN.MC,EUR,14.2438026538907
2026-02-19,SPIE.PA,EUR,43.5956429826721
2026-02-19,STERV.HE,EUR,12.8132344759461
2026-02-19,TENR.MI,EUR,14.797855147012
2026-02-19,TLIT.MI,EUR,
2026-02-19,ZELA.CO,DKK,4.2067884906311
2026-02-19,ZURN.S,CHF,17.7305702930212
2026-02-20,ACCP.PA,EUR,30.111801242236
2026-02-20,ADDTb.ST,SEK,42.4507430832097
2026-02-20,ALSYDB.CO,DKK,12.5133274338137
2026-02-20,AYV.PA,EUR,10.884515292744
2026-02-20,AZE.BR,EUR,19.5461248926944
2026-02-20,BAB.L,GBp,25.6294558252865
2026-02-20,BESI.AS,EUR,113.154779792826
2026-02-20,BGEO.L,GBp,7.70181162585772
2026-02-20,BOL.ST,SEK,19.9467683456506
2026-02-20,BRBY.L,GBp,
2026-02-20,CAMX.ST,SEK,43.4570424075447
2026-02-20,CBKG.DE,EUR,16.7074381766658
2026-02-20,CCH.L,GBp,21.1013738597359
2026-02-20,DAST.PA,EUR,19.3686035270194
2026-02-20,DNP.WA,PLN,24.1655329899913
2026-02-20,DTEGn.DE,EUR,13.2570539519958
2026-02-20,FBK.MI,EUR,18.8974664623186
2026-02-20,FDJU.PA,EUR,26.3265713475296
2026-02-20,G24n.DE,EUR,31.8981425084483
2026-02-20,GEBN.S,CHF,36.2828586148854
2026-02-20,HSBA.L,GBp,18.509762970174
2026-02-20,IHG.L,USD,30.1290396448123
2026-02-20,III.L,GBp,5.2989321069452
2026-02-20,IMI.L,GBp,31.1133967600926
2026-02-20,INF.L,GBp,153.383735939517
2026-02-20,ISS.CO,DKK,15.3001803558876
2026-02-20,KINVb.ST,SEK,
2026-02-20,KNEBV.HE,EUR,33.4841053780071
2026-02-20,KNIN.S,CHF,20.814430095779
2026-02-20,LAND.L,GBp,20.091969223371
2026-02-20,NDXG.DE,EUR,72.0709255959956
2026-02-20,NEXII.MI,EUR,18.677380195387
2026-02-20,NOKIA.HE,EUR,57.2192037053532
2026-02-20,NXT.L,GBp,19.6693786567542
2026-02-20,PHG.AS,EUR,27.984184695619
2026-02-20,PNDORA.CO,DKK,8.0038097783629
2026-02-20,PNN.L,GBp,133.707607699358
2026-02-20,PRTP.PA,EUR,
2026-02-20,PRX.AS,EUR,8.90519164740281
2026-02-20,PSHG_p.DE,EUR,
2026-02-20,RAAG.DE,EUR,33.0494765382167
2026-02-20,RMV.L,GBp,16.6257008986865
2026-02-20,ROG.S,CHF,22.9303747040186
2026-02-20,SAN.MC,EUR,14.4752779048798
2026-02-20,SPIE.PA,EUR,43.93523903317
2026-02-20,STERV.HE,EUR,12.8189115847081
2026-02-20,TENR.MI,EUR,14.1924025448647
2026-02-20,TLIT.MI,EUR,
2026-02-20,ZELA.CO,DKK,4.37911329030233
2026-02-20,ZURN.S,CHF,15.5093110641732
2026-02-23,ACCP.PA,EUR,29.8136645962733
2026-02-23,ADDTb.ST,SEK,41.4356731995523
2026-02-23,ALSYDB.CO,DKK,12.3880802984434
2026-02-23,AYV.PA,EUR,10.924095348354
2026-02-23,AZE.BR,EUR,18.4015319935727
2026-02-23,BAB.L,GBp,25.3045753993322
2026-02-23,BESI.AS,EUR,115.086690667337
2026-02-23,BGEO.L,GBp,7.80064593293568
2026-02-23,BOL.ST,SEK,20.3212988233702
2026-02-23,BRBY.L,GBp,
2026-02-23,CAMX.ST,SEK,41.4168056747961
2026-02-23,CBKG.DE,EUR,16.6686850582508
2026-02-23,CCH.L,GBp,21.4412489201346
2026-02-23,DAST.PA,EUR,19.2130324143525
2026-02-23,DNP.WA,PLN,25.1554756583422
2026-02-23,DTEGn.DE,EUR,13.4717922953503
2026-02-23,FBK.MI,EUR,18.6846038863976
2026-02-23,FDJU.PA,EUR,25.8433222326109
2026-02-23,G24n.DE,EUR,31.4244077187188
2026-02-23,GEBN.S,CHF,36.1038497533873
2026-02-23,HSBA.L,GBp,18.559697848119
2026-02-23,IHG.L,USD,29.8958099220165
2026-02-23,III.L,GBp,5.22877854860083
2026-02-23,IMI.L,GBp,30.8562612496786
2026-02-23,INF.L,GBp,150.728379125945
2026-02-23,ISS.CO,DKK,14.8733790441849
2026-02-23,KINVb.ST,SEK,
2026-02-23,KNEBV.HE,EUR,33.6006270987151
2026-02-23,KNIN.S,CHF,20.3485223152355
2026-02-23,LAND.L,GBp,19.9717480163501
2026-02-23,NDXG.DE,EUR,71.4346313735471
2026-02-23,NEXII.MI,EUR,18.6311347476733
2026-02-23,NOKIA.HE,EUR,57.1479469136902
2026-02-23,NXT.L,GBp,19.8966827244363
2026-02-23,PHG.AS,EUR,27.8993841359353
2026-02-23,PNDORA.CO,DKK,7.59733204391188
2026-02-23,PNN.L,GBp,134.395050412466
2026-02-23,PRTP.PA,EUR,
2026-02-23,PRX.AS,EUR,8.90621668845643
2026-02-23,PSHG_p.DE,EUR,
2026-02-23,RAAG.DE,EUR,32.5588635261784
2026-02-23,RMV.L,GBp,16.2954143943467
2026-02-23,ROG.S,CHF,23.0924708819154
2026-02-23,SAN.MC,EUR,14.706753155869
2026-02-23,SPIE.PA,EUR,43.5107439700476
2026-02-23,STERV.HE,EUR,12.7167236269912
2026-02-23,TENR.MI,EUR,14.492227124313
2026-02-23,TLIT.MI,EUR,
2026-02-23,ZELA.CO,DKK,4.21638726831604
2026-02-23,ZURN.S,CHF,15.7412515277258
2026-02-24,ACCP.PA,EUR,29.8571428571429
2026-02-24,ADDTb.ST,SEK,42.0863590224096
2026-02-24,ALSYDB.CO,DKK,12.1717443373493
2026-02-24,AYV.PA,EUR,10.5678748478642
2026-02-24,AZE.BR,EUR,19.0508683498052
2026-02-24,BAB.L,GBp,25.3226243118852
2026-02-24,BESI.AS,EUR,117.93855910114
2026-02-24,BGEO.L,GBp,7.74396094848356
2026-02-24,BOL.ST,SEK,21.1609719911611
2026-02-24,BRBY.L,GBp,
2026-02-24,CAMX.ST,SEK,41.7432435520358
2026-02-24,CBKG.DE,EUR,16.5911788214208
2026-02-24,CCH.L,GBp,21.1786073020693
2026-02-24,DAST.PA,EUR,19.3686035270194
2026-02-24,DNP.WA,PLN,25.1008162472063
2026-02-24,DTEGn.DE,EUR,13.5001539633405
2026-02-24,FBK.MI,EUR,18.6514919301432
2026-02-24,FDJU.PA,EUR,26.3265713475296
2026-02-24,G24n.DE,EUR,31.4469665182298
2026-02-24,GEBN.S,CHF,36.596124122507
2026-02-24,HSBA.L,GBp,18.5368486685493
2026-02-24,IHG.L,USD,29.4717558805694
2026-02-24,III.L,GBp,5.12588666302908
2026-02-24,IMI.L,GBp,30.9848290048856
2026-02-24,INF.L,GBp,150.765259081689
2026-02-24,ISS.CO,DKK,14.7957788056935
2026-02-24,KINVb.ST,SEK,
2026-02-24,KNEBV.HE,EUR,33.8442634238319
2026-02-24,KNIN.S,CHF,20.1213922722206
2026-02-24,LAND.L,GBp,19.6110843952873
2026-02-24,NDXG.DE,EUR,74.3191651819801
2026-02-24,NEXII.MI,EUR,18.2842938898202
2026-02-24,NOKIA.HE,EUR,56.3284938095662
2026-02-24,NXT.L,GBp,20.093679583094
2026-02-24,PHG.AS,EUR,28.1961860948282
2026-02-24,PNDORA.CO,DKK,7.69090965184305
2026-02-24,PNN.L,GBp,135.197066911091
2026-02-24,PRTP.PA,EUR,
2026-02-24,PRX.AS,EUR,8.87015496748981
2026-02-24,PSHG_p.DE,EUR,
2026-02-24,RAAG.DE,EUR,32.6703664834599
2026-02-24,RMV.L,GBp,15.9574468085107
2026-02-24,ROG.S,CHF,23.3169117436187
2026-02-24,SAN.MC,EUR,14.335316125212
2026-02-24,SPIE.PA,EUR,44.4870826152292
2026-02-24,STERV.HE,EUR,12.9097453249009
2026-02-24,TENR.MI,EUR,14.681164566059
2026-02-24,TLIT.MI,EUR,
2026-02-24,ZELA.CO,DKK,4.07037967324615
2026-02-24,ZURN.S,CHF,15.7889919997162
2026-02-25,ACCP.PA,EUR,30.2422360248447
2026-02-25,ADDTb.ST,SEK,42.3466333515525
2026-02-25,ALSYDB.CO,DKK,12.7752078077698
2026-02-25,AYV.PA,EUR,10.7954601676215
2026-02-25,AZE.BR,EUR,18.2914749840417
2026-02-25,BAB.L,GBp,24.7992058478477
2026-02-25,BESI.AS,EUR,121.189075810636
2026-02-25,BGEO.L,GBp,8.54603714840296
2026-02-25,BOL.ST,SEK,21.8254615484057
2026-02-25,BRBY.L,GBp,
2026-02-25,CAMX.ST,SEK,41.0903677975563
2026-02-25,CBKG.DE,EUR,17.3904618887301
2026-02-25,CCH.L,GBp,21.3245892193384
2026-02-25,DAST.PA,EUR,20.0297807558534
2026-02-25,DNP.WA,PLN,24.5785152074628
2026-02-25,DTEGn.DE,EUR,13.6379106364358
2026-02-25,FBK.MI,EUR,19.3846852472044
2026-02-25,FDJU.PA,EUR,26.3685930096965
2026-02-25,G24n.DE,EUR,31.2664961221424
2026-02-25,GEBN.S,CHF,36.0479094841692
2026-02-25,HSBA.L,GBp,20.1118377457493
2026-02-25,IHG.L,USD,29.5459653378226
2026-02-25,III.L,GBp,5.05105620079508
2026-02-25,IMI.L,GBp,30.7062655352704
2026-02-25,INF.L,GBp,152.572376913148
2026-02-25,ISS.CO,DKK,14.601778209465
2026-02-25,KINVb.ST,SEK,
2026-02-25,KNEBV.HE,EUR,33.1663188669852
2026-02-25,KNIN.S,CHF,20.3194030789516
2026-02-25,LAND.L,GBp,19.6862226496754
2026-02-25,NDXG.DE,EUR,87.2147280902689
2026-02-25,NEXII.MI,EUR,18.9201687958842
2026-02-25,NOKIA.HE,EUR,57.2013895074374
2026-02-25,NXT.L,GBp,20.1391403966305
2026-02-25,PHG.AS,EUR,28.1961860948282
2026-02-25,PNDORA.CO,DKK,7.31659922011837
2026-02-25,PNN.L,GBp,136.457378551787
2026-02-25,PRTP.PA,EUR,
2026-02-25,PRX.AS,EUR,8.88166491417493
2026-02-25,PSHG_p.DE,EUR,
2026-02-25,RAAG.DE,EUR,32.5811641176347
2026-02-25,RMV.L,GBp,15.9305630232737
2026-02-25,ROG.S,CHF,23.011422792967
2026-02-25,SAN.MC,EUR,15.0243587328076
2026-02-25,SPIE.PA,EUR,44.7842291594149
2026-02-25,STERV.HE,EUR,12.9438079774732
2026-02-25,TENR.MI,EUR,14.7708400913316
2026-02-25,TLIT.MI,EUR,
2026-02-25,ZELA.CO,DKK,4.00684965096383
2026-02-25,ZURN.S,CHF,15.8045939400995
2026-02-26,ACCP.PA,EUR,30.7391304347826
2026-02-26,ADDTb.ST,SEK,42.9452643085812
2026-02-26,ALSYDB.CO,DKK,15.7729533730523
2026-02-26,AYV.PA,EUR,9.02779522481555
2026-02-26,AZE.BR,EUR,18.1924236754639
2026-02-26,BAB.L,GBp,24.4743254218933
2026-02-26,BESI.AS,EUR,115.853321966747
2026-02-26,BGEO.L,GBp,8.24387918179248
2026-02-26,BOL.ST,SEK,21.1307679203772
2026-02-26,BRBY.L,GBp,
2026-02-26,CAMX.ST,SEK,41.2943914708312
2026-02-26,CBKG.DE,EUR,17.4292150071451
2026-02-26,CCH.L,GBp,21.1383869849907
2026-02-26,DAST.PA,EUR,20.4298207598538
2026-02-26,DNP.WA,PLN,24.450976581479
2026-02-26,DTEGn.DE,EUR,13.334035622255
2026-02-26,FBK.MI,EUR,19.2522374221869
2026-02-26,FDJU.PA,EUR,27.18801542195
2026-02-26,G24n.DE,EUR,31.1311433250768
2026-02-26,GEBN.S,CHF,35.8577125688275
2026-02-26,HSBA.L,GBp,15.6871635414807
2026-02-26,IHG.L,USD,30.0548301875591
2026-02-26,III.L,GBp,5.10094317561774
2026-02-26,IMI.L,GBp,30.6634096168681
2026-02-26,INF.L,GBp,154.674534390559
2026-02-26,ISS.CO,DKK,14.601778209465
2026-02-26,KINVb.ST,SEK,
2026-02-26,KNEBV.HE,EUR,33.5476626802114
2026-02-26,KNIN.S,CHF,20.4417038713442
2026-02-26,LAND.L,GBp,19.7313056023083
2026-02-26,NDXG.DE,EUR,35.6106321227648
2026-02-26,NEXII.MI,EUR,19.7583675356957
2026-02-26,NOKIA.HE,EUR,55.5090407054422
2026-02-26,NXT.L,GBp,20.1012563853501
2026-02-26,PHG.AS,EUR,28.6095888232862
2026-02-26,PNDORA.CO,DKK,7.54761893969845
2026-02-26,PNN.L,GBp,136.113657195234
2026-02-26,PRTP.PA,EUR,
2026-02-26,PRX.AS,EUR,8.82200213039532
2026-02-26,PSHG_p.DE,EUR,
2026-02-26,RAAG.DE,EUR,32.8264706236539
2026-02-26,RMV.L,GBp,16.4682387280129
2026-02-26,ROG.S,CHF,22.6685270320314
2026-02-26,SAN.MC,EUR,13.2789317507418
2026-02-26,SPIE.PA,EUR,44.6993301467904
2026-02-26,STERV.HE,EUR,12.9097453249009
2026-02-26,TENR.MI,EUR,14.857190417925
2026-02-26,TLIT.MI,EUR,
2026-02-26,ZELA.CO,DKK,4.01242245993596
2026-02-26,ZURN.S,CHF,15.8814218273083
2026-02-10,BP.L,,63.8092226438997
2026-02-10,BP.L,,
2026-02-19,A2.MI,EUR,10.2373316228352
2026-02-19,ABI.BR,EUR,23.431539260304
2026-02-19,ADEN.S,CHF,14.1864731582649
2026-02-19,AMV0n.DE,EUR,205.002501250625
2026-02-19,ASMI.AS,EUR,44.1568051060317
2026-02-19,AVOL.S,CHF,65.429380308273
2026-02-19,BAES.L,GBp,31.7966659806545
2026-02-19,BAMI.MI,EUR,8.95319788011379
2026-02-19,BCU.MI,EUR,43.2922225018877
2026-02-19,BMED.MI,EUR,10.550395863244
2026-02-19,BOUY.PA,EUR,18.2839503957215
2026-02-19,BP.L,GBp,
2026-02-19,CAPP.PA,EUR,11.7129136140226
2026-02-19,CVO.PA,EUR,8.83503818240331
2026-02-19,DLN.L,GBp,8.40165001965437
2026-02-19,ENR1n.DE,EUR,75.8587235222102
2026-02-19,EONGn.DE,EUR,16.1909487373671
2026-02-19,EURA.PA,EUR,
2026-02-19,G1AG.DE,EUR,25.7182558167076
2026-02-19,GLEN.L,GBp,226.459870866931
2026-02-19,GTT.PA,EUR,19.3068849099757
2026-02-19,HAGG.DE,EUR,74.6235349775505
2026-02-19,HEIN.AS,EUR,22.7049274711907
2026-02-19,HEXAb.ST,SEK,40.6449435973946
2026-02-19,HIK.L,GBp,13.2534501312892
2026-02-19,HOLMb.ST,SEK,20.163054307595
2026-02-19,IG.MI,EUR,14.8411256126439
2026-02-19,IGG.L,GBp,12.8322203831593
2026-02-19,KGF.L,GBp,34.5090838809432
2026-02-19,KGH.WA,PLN,23.2956758862485
2026-02-19,LOOMIS.ST,SEK,19.2291607204296
2026-02-19,LOTB.BR,EUR,48.9907226768757
2026-02-19,MAP.MC,EUR,10.5682033512899
2026-02-19,MNG.L,GBp,
2026-02-19,MTO.L,GBp,25.0552486187846
2026-02-19,NTGY.MC,EUR,12.2513975296362
2026-02-19,PZU.WA,PLN,8.62585180286553
2026-02-19,SCHP.S,CHF,30.9768709554303
2026-02-19,SHBa.ST,SEK,11.6731613842414
2026-02-19,SOF.BR,EUR,21.6728822025992
2026-02-19,SOGN.PA,EUR,10.5402266862687
2026-02-19,SPSN.S,CHF,28.767726702421
2026-02-19,SSABb.ST,SEK,15.6968579865183
2026-02-19,SYENS.BR,EUR,
2026-02-19,TEL.OL,NOK,20.9499367930884
2026-02-19,TRYG.CO,DKK,17.5536601538727
2026-02-19,UCB.BR,EUR,41.2778045804954
2026-02-19,UHR.S,CHF,168.06433874072
2026-02-19,VAR.OL,NOK,11.6705061443959
2026-02-19,WBSV.VI,EUR,20.2072061398312
2026-02-20,A2.MI,EUR,10.2416078682916
2026-02-20,ABI.BR,EUR,23.5387260438155
2026-02-20,ADEN.S,CHF,14.2283904223297
2026-02-20,AMV0n.DE,EUR,206.00300150075
2026-02-20,ASMI.AS,EUR,44.6349922231674
2026-02-20,AVOL.S,CHF,64.9260773828248
2026-02-20,BAES.L,GBp,31.8260665039838
2026-02-20,BAMI.MI,EUR,9.30699360279571
2026-02-20,BCU.MI,EUR,44.1479989932041
2026-02-20,BMED.MI,EUR,10.6814566814209
2026-02-20,BOUY.PA,EUR,18.391629726674
2026-02-20,BP.L,GBp,
2026-02-20,CAPP.PA,EUR,11.7748867019275
2026-02-20,CVO.PA,EUR,8.9252683595853
2026-02-20,DLN.L,GBp,8.48216188568262
2026-02-20,ENR1n.DE,EUR,76.3438128017371
2026-02-20,EONGn.DE,EUR,16.2170631708145
2026-02-20,EURA.PA,EUR,
2026-02-20,G1AG.DE,EUR,25.7577312669251
2026-02-20,GLEN.L,GBp,227.693916107484
2026-02-20,GTT.PA,EUR,16.8692690193578
2026-02-20,HAGG.DE,EUR,75.1144792866133
2026-02-20,HEIN.AS,EUR,22.8348386296735
2026-02-20,HEXAb.ST,SEK,40.9865475506439
2026-02-20,HIK.L,GBp,13.2164517572751
2026-02-20,HOLMb.ST,SEK,20.2985283566941
2026-02-20,IG.MI,EUR,15.0751693375186
2026-02-20,IGG.L,GBp,12.9558815136122
2026-02-20,KGF.L,GBp,34.2964824120603
2026-02-20,KGH.WA,PLN,23.8021036229061
2026-02-20,LOOMIS.ST,SEK,19.3671277928631
2026-02-20,LOTB.BR,EUR,48.8963282208509
2026-02-20,MAP.MC,EUR,10.7793508567716
2026-02-20,MNG.L,GBp,
2026-02-20,MTO.L,GBp,25.2762430939227
2026-02-20,NTGY.MC,EUR,12.2035778671474
2026-02-20,PZU.WA,PLN,8.6833574815513
2026-02-20,SCHP.S,CHF,31.0614494426806
2026-02-20,SHBa.ST,SEK,11.8588426363767
2026-02-20,SOF.BR,EUR,22.0252867912593
2026-02-20,SOGN.PA,EUR,10.7471263530437
2026-02-20,SPSN.S,CHF,28.8512324403091
2026-02-20,SSABb.ST,SEK,15.8309844271074
2026-02-20,SYENS.BR,EUR,
2026-02-20,TEL.OL,NOK,20.7356760758864
2026-02-20,TRYG.CO,DKK,17.7012653168742
2026-02-20,UCB.BR,EUR,40.2429443667895
2026-02-20,UHR.S,CHF,3408.85596140593
2026-02-20,VAR.OL,NOK,11.4794155891883
2026-02-20,WBSV.VI,EUR,20.1282203177863
2026-02-23,A2.MI,EUR,10.3613427410733
2026-02-23,ABI.BR,EUR,23.8341912242818
2026-02-23,ADEN.S,CHF,13.8752064162282
2026-02-23,AMV0n.DE,EUR,204.202101050525
2026-02-23,ASMI.AS,EUR,44.7608309382031
2026-02-23,AVOL.S,CHF,64.6744259201007
2026-02-23,BAES.L,GBp,31.4144591773734
2026-02-23,BAMI.MI,EUR,9.38641713237736
2026-02-23,BCU.MI,EUR,44.0372514472691
2026-02-23,BMED.MI,EUR,10.6099689624153
2026-02-23,BOUY.PA,EUR,18.4347014590549
2026-02-23,BP.L,GBp,
2026-02-23,CAPP.PA,EUR,11.4819230136499
2026-02-23,CVO.PA,EUR,9.14332462110845
2026-02-23,DLN.L,GBp,8.5200498226371
2026-02-23,ENR1n.DE,EUR,76.5517082072486
2026-02-23,EONGn.DE,EUR,16.0821385980031
2026-02-23,EURA.PA,EUR,
2026-02-23,G1AG.DE,EUR,25.7577312669251
2026-02-23,GLEN.L,GBp,230.50972016803
2026-02-23,GTT.PA,EUR,17.0494000286408
2026-02-23,HAGG.DE,EUR,72.2134447330602
2026-02-23,HEIN.AS,EUR,23.017895262081
2026-02-23,HEXAb.ST,SEK,40.4486963578057
2026-02-23,HIK.L,GBp,13.1100379902875
2026-02-23,HOLMb.ST,SEK,20.1178962912286
2026-02-23,IG.MI,EUR,15.1440057271876
2026-02-23,IGG.L,GBp,12.4802617811008
2026-02-23,KGF.L,GBp,34.6830305373019
2026-02-23,KGH.WA,PLN,24.5968056096611
2026-02-23,LOOMIS.ST,SEK,19.1170624740773
2026-02-23,LOTB.BR,EUR,48.4243559407269
2026-02-23,MAP.MC,EUR,10.8497333585988
2026-02-23,MNG.L,GBp,
2026-02-23,MTO.L,GBp,24.8618784530387
2026-02-23,NTGY.MC,EUR,12.3374729221161
2026-02-23,PZU.WA,PLN,8.75336439473398
2026-02-23,SCHP.S,CHF,31.0614494426806
2026-02-23,SHBa.ST,SEK,11.8547163863292
2026-02-23,SOF.BR,EUR,21.4966799082691
2026-02-23,SOGN.PA,EUR,10.8432909868968
2026-02-23,SPSN.S,CHF,28.9138617437251
2026-02-23,SSABb.ST,SEK,16.1967838105322
2026-02-23,SYENS.BR,EUR,
2026-02-23,TEL.OL,NOK,20.664255836819
2026-02-23,TRYG.CO,DKK,17.7920992633367
2026-02-23,UCB.BR,EUR,39.3829901046958
2026-02-23,UHR.S,CHF,3416.60923501034
2026-02-23,VAR.OL,NOK,11.5408653639042
2026-02-23,WBSV.VI,EUR,20.101891710438
2026-02-24,A2.MI,EUR,10.314304041052
2026-02-24,ABI.BR,EUR,24.0323430205513
2026-02-24,ADEN.S,CHF,13.683131238034
2026-02-24,AMV0n.DE,EUR,211.205602801401
2026-02-24,ASMI.AS,EUR,45.1509309548138
2026-02-24,AVOL.S,CHF,64.8631645171437
2026-02-24,BAES.L,GBp,31.473260224032
2026-02-24,BAMI.MI,EUR,9.13731606232581
2026-02-24,BCU.MI,EUR,43.7956204379562
2026-02-24,BMED.MI,EUR,10.5325239334926
2026-02-24,BOUY.PA,EUR,18.4347014590549
2026-02-24,BP.L,GBp,
2026-02-24,CAPP.PA,EUR,11.5438961015547
2026-02-24,CVO.PA,EUR,9.15836298397211
2026-02-24,DLN.L,GBp,8.33061013786473
2026-02-24,ENR1n.DE,EUR,76.6903051442563
2026-02-24,EONGn.DE,EUR,16.3128160934549
2026-02-24,EURA.PA,EUR,
2026-02-24,G1AG.DE,EUR,25.9748462431214
2026-02-24,GLEN.L,GBp,233.30592336918
2026-02-24,GTT.PA,EUR,16.9593345239993
2026-02-24,HAGG.DE,EUR,70.9637683099912
2026-02-24,HEIN.AS,EUR,23.0415154727142
2026-02-24,HEXAb.ST,SEK,40.7691959835583
2026-02-24,HIK.L,GBp,13.3833710616272
2026-02-24,HOLMb.ST,SEK,20.2533703403277
2026-02-24,IG.MI,EUR,15.3092130623933
2026-02-24,IGG.L,GBp,12.3756254399483
2026-02-24,KGF.L,GBp,35.2628527251643
2026-02-24,KGH.WA,PLN,25.0798597584729
2026-02-24,LOOMIS.ST,SEK,19.1601771842128
2026-02-24,LOTB.BR,EUR,49.840272781099
2026-02-24,MAP.MC,EUR,10.6385858531171
2026-02-24,MNG.L,GBp,
2026-02-24,MTO.L,GBp,24.6408839779006
2026-02-24,NTGY.MC,EUR,12.3374729221161
2026-02-24,PZU.WA,PLN,8.55584488968285
2026-02-24,SCHP.S,CHF,31.1460279299309
2026-02-24,SHBa.ST,SEK,11.8464638862343
2026-02-24,SOF.BR,EUR,21.8490844969292
2026-02-24,SOGN.PA,EUR,10.7675249117398
2026-02-24,SPSN.S,CHF,29.2061318263331
2026-02-24,SSABb.ST,SEK,16.1520749970025
2026-02-24,SYENS.BR,EUR,
2026-02-24,TEL.OL,NOK,20.6999659563527
2026-02-24,TRYG.CO,DKK,17.4855346940259
2026-02-24,UCB.BR,EUR,39.4850185764696
2026-02-24,UHR.S,CHF,3478.63542384562
2026-02-24,VAR.OL,NOK,11.6530330995988
2026-02-24,WBSV.VI,EUR,18.509010965865
2026-02-25,A2.MI,EUR,10.305751550139
2026-02-25,ABI.BR,EUR,23.626158848703
2026-02-25,ADEN.S,CHF,13.9002481732639
2026-02-25,AMV0n.DE,EUR,213.806903451726
2026-02-25,ASMI.AS,EUR,46.409318105171
2026-02-25,AVOL.S,CHF,64.5486001887386
2026-02-25,BAES.L,GBp,30.958751065769
2026-02-25,BAMI.MI,EUR,9.29255296105359
2026-02-25,BCU.MI,EUR,42.4364460105714
2026-02-25,BMED.MI,EUR,10.8899625285206
2026-02-25,BOUY.PA,EUR,18.4921304355629
2026-02-25,BP.L,GBp,
2026-02-25,CAPP.PA,EUR,11.4086820915805
2026-02-25,CVO.PA,EUR,9.24859316115411
2026-02-25,DLN.L,GBp,8.66686557833568
2026-02-25,ENR1n.DE,EUR,78.2610704303435
2026-02-25,EONGn.DE,EUR,16.8829812237224
2026-02-25,EURA.PA,EUR,
2026-02-25,G1AG.DE,EUR,25.8169444422514
2026-02-25,GLEN.L,GBp,241.362064880868
2026-02-25,GTT.PA,EUR,17.1394655332824
2026-02-25,HAGG.DE,EUR,71.4993439198779
2026-02-25,HEIN.AS,EUR,22.8407436823318
2026-02-25,HEXAb.ST,SEK,40.7301564577258
2026-02-25,HIK.L,GBp,13.4436305553322
2026-02-25,HOLMb.ST,SEK,20.1969228198698
2026-02-25,IG.MI,EUR,15.3918167299961
2026-02-25,IGG.L,GBp,12.4612369918003
2026-02-25,KGF.L,GBp,35.2918438345574
2026-02-25,KGH.WA,PLN,26.6458901441371
2026-02-25,LOOMIS.ST,SEK,19.3153901407005
2026-02-25,LOTB.BR,EUR,50.0290616931486
2026-02-25,MAP.MC,EUR,10.6927262391381
2026-02-25,MNG.L,GBp,
2026-02-25,MTO.L,GBp,24.8618784530387
2026-02-25,NTGY.MC,EUR,12.0127878063745
2026-02-25,PZU.WA,PLN,8.73836291333769
2026-02-25,SCHP.S,CHF,30.9134370899926
2026-02-25,SHBa.ST,SEK,12.0321451383697
2026-02-25,SOF.BR,EUR,21.9019451852283
2026-02-25,SOGN.PA,EUR,11.1084722499465
2026-02-25,SPSN.S,CHF,28.9764910471411
2026-02-25,SSABb.ST,SEK,16.4447145037423
2026-02-25,SYENS.BR,EUR,
2026-02-25,TEL.OL,NOK,20.5333187318622
2026-02-25,TRYG.CO,DKK,17.474180450718
2026-02-25,UCB.BR,EUR,39.3101126248573
2026-02-25,UHR.S,CHF,3436.42315644383
2026-02-25,VAR.OL,NOK,11.6230681573427
2026-02-25,WBSV.VI,EUR,18.4036965364717
2026-02-26,A2.MI,EUR,10.3741714774428
2026-02-26,ABI.BR,EUR,23.7731278454389
2026-02-26,ADEN.S,CHF,13.8176621338475
2026-02-26,AMV0n.DE,EUR,211.905952976488
2026-02-26,ASMI.AS,EUR,44.4839857651246
2026-02-26,AVOL.S,CHF,65.366467442592
2026-02-26,BAES.L,GBp,31.1351542057449
2026-02-26,BAMI.MI,EUR,9.33226472584442
2026-02-26,BCU.MI,EUR,41.7316889000755
2026-02-26,BMED.MI,EUR,10.949535627692
2026-02-26,BOUY.PA,EUR,18.9228477593726
2026-02-26,BP.L,GBp,
2026-02-26,CAPP.PA,EUR,11.7974223702565
2026-02-26,CVO.PA,EUR,9.22603561685861
2026-02-26,DLN.L,GBp,8.32113815362611
2026-02-26,ENR1n.DE,EUR,76.1590168857268
2026-02-26,EONGn.DE,EUR,29.7920433996383
2026-02-26,EURA.PA,EUR,
2026-02-26,G1AG.DE,EUR,25.6985180915988
2026-02-26,GLEN.L,GBp,235.98636615826
2026-02-26,GTT.PA,EUR,17.3105899921013
2026-02-26,HAGG.DE,EUR,68.4197841630292
2026-02-26,HEIN.AS,EUR,22.9056992615732
2026-02-26,HEXAb.ST,SEK,41.7545918260149
2026-02-26,HIK.L,GBp,11.1114299516918
2026-02-26,HOLMb.ST,SEK,20.2985283566941
2026-02-26,IG.MI,EUR,15.2816785065257
2026-02-26,IGG.L,GBp,12.4136750185492
2026-02-26,KGF.L,GBp,35.8040201005025
2026-02-26,KGH.WA,PLN,25.0720685625244
2026-02-26,LOOMIS.ST,SEK,19.6516848797574
2026-02-26,LOTB.BR,EUR,49.4626949569998
2026-02-26,MAP.MC,EUR,10.7793508567716
2026-02-26,MNG.L,GBp,
2026-02-26,MTO.L,GBp,24.9171270718232
2026-02-26,NTGY.MC,EUR,12.0220142179002
2026-02-26,PZU.WA,PLN,8.4433337792107
2026-02-26,SCHP.S,CHF,31.1248833081184
2026-02-26,SHBa.ST,SEK,12.0115138881324
2026-02-26,SOF.BR,EUR,22.0957677089914
2026-02-26,SOGN.PA,EUR,10.971510498701
2026-02-26,SPSN.S,CHF,30.1455713775733
2026-02-26,SSABb.ST,SEK,16.3512324390893
2026-02-26,SYENS.BR,EUR,
2026-02-26,TEL.OL,NOK,20.4857052391507
2026-02-26,TRYG.CO,DKK,17.7466822901055
2026-02-26,UCB.BR,EUR,36.2055319837396
2026-02-26,UHR.S,CHF,3466.57477601654
2026-02-26,VAR.OL,NOK,11.6199957197369
2026-02-26,WBSV.VI,EUR,18.1272461593144
2026-02-19,AIBG.I,EUR,9.84933688184137
2026-02-19,ALEP.WA,PLN,29.4120666468191
2026-02-19,AMA.MC,EUR,15.9165460364679
2026-02-19,ATCOa.ST,SEK,35.9386470026228
2026-02-19,BAKKA.OL,NOK,34.5239135248941
2026-02-19,BBVA.MC,EUR,11.4036703585162
2026-02-19,BIOX.PA,EUR,29.676858973552
2026-02-19,BLND.L,GBp,9.23937360178972
2026-02-19,CAST.ST,SEK,55.1634110779499
2026-02-19,CRDA.L,GBp,29.4226406420212
2026-02-19,CVC.AS,EUR,17.9410323659106
2026-02-19,DANO.PA,EUR,25.9910581222057
2026-02-19,DB1Gn.DE,EUR,19.8765157680289
2026-02-19,DLG.MI,EUR,17.9567796335483
2026-02-19,EXOR.AS,EUR,
2026-02-19,FRAG.DE,EUR,16.4208149618887
2026-02-19,GFTU_u.L,GBp,14.430027254414
2026-02-19,GRLS.MC,EUR,20.4292804424665
2026-02-19,HMb.ST,SEK,24.3394382009132
2026-02-19,HRA.MI,EUR,12.1347798633833
2026-02-19,HRMS.PA,EUR,47.3415370327374
2026-02-19,IDR.MC,EUR,23.3848921805812
2026-02-19,INGA.AS,EUR,11.6037735849057
2026-02-19,IVG.MI,EUR,18.0871095635059
2026-02-19,KBC.BR,EUR,13.3974725351813
2026-02-19,KOG.OL,NOK,47.1023569758117
2026-02-19,MICCT.AS,EUR,14.4222561778808
2026-02-19,MICP.PA,EUR,15.3273884417765
2026-02-19,MKS.L,GBp,424.385026737968
2026-02-19,MT.AS,EUR,15.5929101293119
2026-02-19,MYCR.ST,SEK,24.7728735781899
2026-02-19,NEXS.PA,EUR,15.6855554123839
2026-02-19,NOD.OL,NOK,177.792472190033
2026-02-19,NOVN.S,CHF,22.8014804196478
2026-02-19,NOVOb.CO,DKK,13.3480680256453
2026-02-19,ORK.OL,NOK,20.0237831580007
2026-02-19,PUMG.DE,EUR,
2026-02-19,RYA.I,EUR,12.6892539519802
2026-02-19,SABE.MC,EUR,13.3973879045005
2026-02-19,SCOR.PA,EUR,6.03255115357152
2026-02-19,SHEL.AS,EUR,13.214351032955
2026-02-19,SJP.L,GBp,13.4575678966594
2026-02-19,SQN.S,CHF,19.9314671719899
2026-02-19,TECN.S,CHF,27.028062021441
2026-02-19,TEMN.S,CHF,18.5926283067888
2026-02-19,UMG.AS,EUR,13.8139035302988
2026-02-19,UPM.HE,EUR,29.6818773870234
2026-02-19,VTYV.L,GBp,
2026-02-19,WPP.L,GBp,7.96659635333892
2026-02-19,WTB.L,GBp,19.3275946077635
2026-02-20,AIBG.I,EUR,9.91058205182455
2026-02-20,ALEP.WA,PLN,28.4059994456364
2026-02-20,AMA.MC,EUR,16.2684763409873
2026-02-20,ATCOa.ST,SEK,36.0585347139479
2026-02-20,BAKKA.OL,NOK,35.5029695344168
2026-02-20,BBVA.MC,EUR,11.4295747081443
2026-02-20,BIOX.PA,EUR,29.9758305114616
2026-02-20,BLND.L,GBp,9.37360178970917
2026-02-20,CAST.ST,SEK,60.5586874476921
2026-02-20,CRDA.L,GBp,29.9823104368423
2026-02-20,CVC.AS,EUR,18.3589359310603
2026-02-20,DANO.PA,EUR,25.8087139475761
2026-02-20,DB1Gn.DE,EUR,20.1979936108575
2026-02-20,DLG.MI,EUR,18.0864314720577
2026-02-20,EXOR.AS,EUR,
2026-02-20,FRAG.DE,EUR,16.3813418489996
2026-02-20,GFTU_u.L,GBp,14.6270292688707
2026-02-20,GRLS.MC,EUR,20.3926524183653
2026-02-20,HMb.ST,SEK,24.1349605358106
2026-02-20,HRA.MI,EUR,12.3816084036508
2026-02-20,HRMS.PA,EUR,49.0364522869747
2026-02-20,IDR.MC,EUR,23.6032385127995
2026-02-20,INGA.AS,EUR,11.8443396226415
2026-02-20,IVG.MI,EUR,18.0918406933944
2026-02-20,KBC.BR,EUR,13.4147224998189
2026-02-20,KOG.OL,NOK,47.659745854645
2026-02-20,MICCT.AS,EUR,14.8416671057485
2026-02-20,MICP.PA,EUR,15.3136624222764
2026-02-20,MKS.L,GBp,424.705882352942
2026-02-20,MT.AS,EUR,15.6893017973636
2026-02-20,MYCR.ST,SEK,24.7853977812122
2026-02-20,NEXS.PA,EUR,26.9587302673211
2026-02-20,NOD.OL,NOK,180.517974503276
2026-02-20,NOVN.S,CHF,22.7743658496469
2026-02-20,NOVOb.CO,DKK,13.0701642020795
2026-02-20,ORK.OL,NOK,20.4642120098656
2026-02-20,PUMG.DE,EUR,
2026-02-20,RYA.I,EUR,12.7560144011826
2026-02-20,SABE.MC,EUR,13.6719074952167
2026-02-20,SCOR.PA,EUR,6.10641912688056
2026-02-20,SHEL.AS,EUR,13.218214877897
2026-02-20,SJP.L,GBp,13.5952141457992
2026-02-20,SQN.S,CHF,20.2751131577139
2026-02-20,TECN.S,CHF,27.7939578878204
2026-02-20,TEMN.S,CHF,19.0388829451213
2026-02-20,UMG.AS,EUR,13.9632814778458
2026-02-20,UPM.HE,EUR,29.7812217144623
2026-02-20,VTYV.L,GBp,
2026-02-20,WPP.L,GBp,8.01860895194614
2026-02-20,WTB.L,GBp,19.2781634195084
2026-02-23,AIBG.I,EUR,9.87160785274434
2026-02-23,ALEP.WA,PLN,28.9449640176986
2026-02-23,AMA.MC,EUR,15.7837421479701
2026-02-23,ATCOa.ST,SEK,35.9386470026228
2026-02-23,BAKKA.OL,NOK,34.3314101618483
2026-02-23,BBVA.MC,EUR,11.4013549765835
2026-02-23,BIOX.PA,EUR,29.8027417263561
2026-02-23,BLND.L,GBp,9.32885906040269
2026-02-23,CAST.ST,SEK,60.0586374426916
2026-02-23,CRDA.L,GBp,29.8323988846581
2026-02-23,CVC.AS,EUR,17.047583364556
2026-02-23,DANO.PA,EUR,25.2616814236872
2026-02-23,DB1Gn.DE,EUR,20.1796234484102
2026-02-23,DLG.MI,EUR,17.6974759565296
2026-02-23,EXOR.AS,EUR,
2026-02-23,FRAG.DE,EUR,16.6576536392236
2026-02-23,GFTU_u.L,GBp,14.4004028913378
2026-02-23,GRLS.MC,EUR,20.1454132556819
2026-02-23,HMb.ST,SEK,23.9304828707081
2026-02-23,HRA.MI,EUR,12.5652947591987
2026-02-23,HRMS.PA,EUR,48.8971441838867
2026-02-23,IDR.MC,EUR,22.8608609832572
2026-02-23,INGA.AS,EUR,11.8089622641509
2026-02-23,IVG.MI,EUR,18.0918406933944
2026-02-23,KBC.BR,EUR,13.558472205132
2026-02-23,KOG.OL,NOK,46.9525212556952
2026-02-23,MICCT.AS,EUR,14.1609146951894
2026-02-23,MICP.PA,EUR,15.446347277444
2026-02-23,MKS.L,GBp,435.187165775401
2026-02-23,MT.AS,EUR,16.181719387134
2026-02-23,MYCR.ST,SEK,24.5248943583475
2026-02-23,NEXS.PA,EUR,26.2746070567309
2026-02-23,NOD.OL,NOK,175.702846289299
2026-02-23,NOVN.S,CHF,23.0481048666599
2026-02-23,NOVOb.CO,DKK,10.9164095694445
2026-02-23,ORK.OL,NOK,20.4799416117179
2026-02-23,PUMG.DE,EUR,
2026-02-23,RYA.I,EUR,12.6749481414368
2026-02-23,SABE.MC,EUR,13.9915456409827
2026-02-23,SCOR.PA,EUR,6.07358891652098
2026-02-23,SHEL.AS,EUR,13.3353596411558
2026-02-23,SJP.L,GBp,13.3993329451003
2026-02-23,SQN.S,CHF,19.7350980372905
2026-02-23,TECN.S,CHF,26.8869759407922
2026-02-23,TEMN.S,CHF,18.5293937900628
2026-02-23,UMG.AS,EUR,13.540043959796
2026-02-23,UPM.HE,EUR,29.5935713181888
2026-02-23,VTYV.L,GBp,
2026-02-23,WPP.L,GBp,7.80188979108273
2026-02-23,WTB.L,GBp,18.5084492023925
2026-02-24,AIBG.I,EUR,9.77695622640669
2026-02-24,ALEP.WA,PLN,29.052756932111
2026-02-24,AMA.MC,EUR,15.8036627312448
2026-02-24,ATCOa.ST,SEK,36.1968666885538
2026-02-24,BAKKA.OL,NOK,35.0707137082843
2026-02-24,BBVA.MC,EUR,11.2422134315464
2026-02-24,BIOX.PA,EUR,30.0545072319642
2026-02-24,BLND.L,GBp,9.13646532438479
2026-02-24,CAST.ST,SEK,61.2166479805875
2026-02-24,CRDA.L,GBp,32.1010603743791
2026-02-24,CVC.AS,EUR,17.1484566389025
2026-02-24,DANO.PA,EUR,25.268694661173
2026-02-24,DB1Gn.DE,EUR,20.2347339357522
2026-02-24,DLG.MI,EUR,17.8549103318624
2026-02-24,EXOR.AS,EUR,
2026-02-24,FRAG.DE,EUR,16.7760729778911
2026-02-24,GFTU_u.L,GBp,14.4359521270293
2026-02-24,GRLS.MC,EUR,20.0263721773529
2026-02-24,HMb.ST,SEK,24.7417974774052
2026-02-24,HRA.MI,EUR,12.4849319786465
2026-02-24,HRMS.PA,EUR,48.2934757371721
2026-02-24,IDR.MC,EUR,22.2058219866023
2026-02-24,INGA.AS,EUR,11.6344339622642
2026-02-24,IVG.MI,EUR,18.0539916542869
2026-02-24,KBC.BR,EUR,13.0697232070674
2026-02-24,KOG.OL,NOK,46.4610600937133
2026-02-24,MICCT.AS,EUR,14.5444965488171
2026-02-24,MICP.PA,EUR,15.7254430072794
2026-02-24,MKS.L,GBp,431.764705882353
2026-02-24,MT.AS,EUR,16.0092741078125
2026-02-24,MYCR.ST,SEK,25.0283673198456
2026-02-24,NEXS.PA,EUR,25.7401357984573
2026-02-24,NOD.OL,NOK,176.076152619942
2026-02-24,NOVN.S,CHF,23.4062279993647
2026-02-24,NOVOb.CO,DKK,10.5798854080952
2026-02-24,ORK.OL,NOK,20.5271304172749
2026-02-24,PUMG.DE,EUR,
2026-02-24,RYA.I,EUR,12.8847666960731
2026-02-24,SABE.MC,EUR,13.5688276901184
2026-02-24,SCOR.PA,EUR,6.06948514022603
2026-02-24,SHEL.AS,EUR,13.3626112440253
2026-02-24,SJP.L,GBp,13.3358039070359
2026-02-24,SQN.S,CHF,19.6958242103506
2026-02-24,TECN.S,CHF,26.7862001689002
2026-02-24,TEMN.S,CHF,18.7283775193014
2026-02-24,UMG.AS,EUR,13.2448446825007
2026-02-24,UPM.HE,EUR,29.9467955935272
2026-02-24,VTYV.L,GBp,
2026-02-24,WPP.L,GBp,7.84523362325541
2026-02-24,WTB.L,GBp,18.4943260057482
2026-02-25,AIBG.I,EUR,9.72684654187499
2026-02-25,ALEP.WA,PLN,28.9346980258498
2026-02-25,AMA.MC,EUR,16.3614390629358
2026-02-25,ATCOa.ST,SEK,36.1230896354307
2026-02-25,BAKKA.OL,NOK,34.3773810972771
2026-02-25,BBVA.MC,EUR,11.4581912426681
2026-02-25,BIOX.PA,EUR,30.1017132642657
2026-02-25,BLND.L,GBp,9.23042505592841
2026-02-25,CAST.ST,SEK,61.2429664019033
2026-02-25,CRDA.L,GBp,70.1552746039259
2026-02-25,CVC.AS,EUR,17.2925613165403
2026-02-25,DANO.PA,EUR,25.3949329359165
2026-02-25,DB1Gn.DE,EUR,20.0785875549498
2026-02-25,DLG.MI,EUR,17.9475187879405
2026-02-25,EXOR.AS,EUR,
2026-02-25,FRAG.DE,EUR,16.4602880747779
2026-02-25,GFTU_u.L,GBp,14.3781846190307
2026-02-25,GRLS.MC,EUR,20.0721572074794
2026-02-25,HMb.ST,SEK,25.3684225801388
2026-02-25,HRA.MI,EUR,12.5882555536422
2026-02-25,HRMS.PA,EUR,47.8755514279081
2026-02-25,IDR.MC,EUR,22.5988453845952
2026-02-25,INGA.AS,EUR,11.7806603773585
2026-02-25,IVG.MI,EUR,18.0918406933944
2026-02-25,KBC.BR,EUR,13.1387230656177
2026-02-25,KOG.OL,NOK,46.0235397909732
2026-02-25,MICCT.AS,EUR,14.363243585015
2026-02-25,MICP.PA,EUR,15.6934156284458
2026-02-25,MKS.L,GBp,435.294117647059
2026-02-25,MT.AS,EUR,16.2897369005486
2026-02-25,MYCR.ST,SEK,25.1673859733936
2026-02-25,NEXS.PA,EUR,26.1677128050762
2026-02-25,NOD.OL,NOK,174.991044590596
2026-02-25,NOVN.S,CHF,23.4818088450329
2026-02-25,NOVOb.CO,DKK,10.3519174278264
2026-02-25,ORK.OL,NOK,20.4642120098656
2026-02-25,PUMG.DE,EUR,
2026-02-25,RYA.I,EUR,13.1041224577382
2026-02-25,SABE.MC,EUR,13.7529820449504
2026-02-25,SCOR.PA,EUR,6.20080598166433
2026-02-25,SHEL.AS,EUR,13.609438743463
2026-02-25,SJP.L,GBp,14.2199163534332
2026-02-25,SQN.S,CHF,20.1278363066893
2026-02-25,TECN.S,CHF,26.927286249549
2026-02-25,TEMN.S,CHF,23.6688721944928
2026-02-25,UMG.AS,EUR,13.173712326526
2026-02-25,UPM.HE,EUR,29.9247190763185
2026-02-25,VTYV.L,GBp,
2026-02-25,WPP.L,GBp,7.87123992255902
2026-02-25,WTB.L,GBp,18.4237100225265
2026-02-26,AIBG.I,EUR,9.87160785274434
2026-02-26,ALEP.WA,PLN,28.6421172581589
2026-02-26,AMA.MC,EUR,17.0520192831246
2026-02-26,ATCOa.ST,SEK,35.9109806077016
2026-02-26,BAKKA.OL,NOK,34.061578383785
2026-02-26,BBVA.MC,EUR,11.4240894830173
2026-02-26,BIOX.PA,EUR,30.3377434257732
2026-02-26,BLND.L,GBp,9.15436241610738
2026-02-26,CAST.ST,SEK,62.1114743053253
2026-02-26,CRDA.L,GBp,70.7186802785479
2026-02-26,CVC.AS,EUR,17.7681067527452
2026-02-26,DANO.PA,EUR,25.8224467034645
2026-02-26,DB1Gn.DE,EUR,20.8042089716199
2026-02-26,DLG.MI,EUR,18.1790399281358
2026-02-26,EXOR.AS,EUR,
2026-02-26,FRAG.DE,EUR,16.4898929094447
2026-02-26,GFTU_u.L,GBp,14.5485247067188
2026-02-26,GRLS.MC,EUR,20.2736113400363
2026-02-26,HMb.ST,SEK,25.6256686749452
2026-02-26,HRA.MI,EUR,12.5538143619769
2026-02-26,HRMS.PA,EUR,47.8291153935454
2026-02-26,IDR.MC,EUR,25.2914053557322
2026-02-26,INGA.AS,EUR,11.7783018867925
2026-02-26,IVG.MI,EUR,18.1013029531713
2026-02-26,KBC.BR,EUR,13.2364728652306
2026-02-26,KOG.OL,NOK,45.4661509121399
2026-02-26,MICCT.AS,EUR,14.2051741398388
2026-02-26,MICP.PA,EUR,15.6293608707787
2026-02-26,MKS.L,GBp,427.486631016043
2026-02-26,MT.AS,EUR,15.9806833708534
2026-02-26,MYCR.ST,SEK,25.549374165575
2026-02-26,NEXS.PA,EUR,25.9539243017667
2026-02-26,NOD.OL,NOK,173.650486286106
2026-02-26,NOVN.S,CHF,23.1742658940579
2026-02-26,NOVOb.CO,DKK,10.3606019223128
2026-02-26,ORK.OL,NOK,20.432752806161
2026-02-26,PUMG.DE,EUR,
2026-02-26,RYA.I,EUR,13.3997758756348
2026-02-26,SABE.MC,EUR,13.7278700874733
2026-02-26,SCOR.PA,EUR,6.23773996831885
2026-02-26,SHEL.AS,EUR,13.6681975291372
2026-02-26,SJP.L,GBp,13.9624629035035
2026-02-26,SQN.S,CHF,20.2751131577139
2026-02-26,TECN.S,CHF,27.1288377933331
2026-02-26,TEMN.S,CHF,22.9577825964366
2026-02-26,UMG.AS,EUR,13.3871093944503
2026-02-26,UPM.HE,EUR,29.8805660419012
2026-02-26,VTYV.L,GBp,
2026-02-26,WPP.L,GBp,8.20354263588292
2026-02-26,WTB.L,GBp,18.5013876040703
2026-02-19,AAL.L,GBp,
2026-02-19,ABBN.S,CHF,39.207907189635
2026-02-19,ABVX.PA,EUR,
2026-02-19,AD.AS,EUR,17.6305431529582
2026-02-19,ADML.L,GBp,10.4200034610612
2026-02-19,ADYEN.AS,EUR,31.5185051566258
2026-02-19,AENA.MC,EUR,19.6656976744186
2026-02-19,ALCC.S,CHF,39.1638109721166
2026-02-19,ALSO.PA,EUR,43.2245894687587
2026-02-19,AMUN.PA,EUR,10.0452196382429
2026-02-19,BIRG.I,EUR,13.6957437842394
2026-02-19,BNPP.PA,EUR,9.14789288464726
2026-02-19,BNRGn.DE,EUR,18.7178254962091
2026-02-19,BNZL.L,GBp,14.5685160473786
2026-02-19,BPTB.L,GBp,42.446982055465
2026-02-19,BZU.MI,EUR,9.74408287868277
2026-02-19,CARLb.CO,DKK,22.1416988648876
2026-02-19,DBKGn.DE,EUR,9.92561500625043
2026-02-19,DKSH.S,CHF,20.3675133351081
2026-02-19,ERICb.ST,SEK,11.9397900993123
2026-02-19,EXPN.L,GBp,23.4358017210404
2026-02-19,FOUG.PA,EUR,13.8744567718437
2026-02-19,HEIG.DE,EUR,19.7685302314217
2026-02-19,HNKG_p.DE,EUR,16.4890618008752
2026-02-19,ITX.MC,EUR,29.8900282283243
2026-02-19,LEGn.DE,EUR,5.194097429208
2026-02-19,MOBN.S,CHF,14.7303604672766
2026-02-19,MONC.MI,EUR,22.2268411439792
2026-02-19,MRL.MC,EUR,12.0360297637179
2026-02-19,MRON.L,GBp,26.9643797868461
2026-02-19,NESTE.HE,EUR,113.300232410733
2026-02-19,NIBEb.ST,SEK,34.8964979441373
2026-02-19,OMVV.VI,EUR,30.6042489766619
2026-02-19,PGHN.S,CHF,19.8945640528294
2026-02-19,PKO.WA,PLN,10.8854316719485
2026-02-19,PRU.L,GBp,11.5949696164823
2026-02-19,PSN.L,GBp,19.3217814909701
2026-02-19,RACE.MI,EUR,34.7271446607155
2026-02-19,RHMG.DE,EUR,95.6047059339623
2026-02-19,SAGAb.ST,SEK,20.0666055178573
2026-02-19,SFSN.S,CHF,20.1917391741151
2026-02-19,SFZN.S,CHF,25.5968328185526
2026-02-19,SGE.L,GBp,21.6921256454389
2026-02-19,SRP.L,GBp,63.2622916227052
2026-02-19,TE.PA,EUR,15.4173795915396
2026-02-19,TELIA.ST,SEK,34.6815427467472
2026-02-19,TEPRF.PA,EUR,6.30740481890685
2026-02-19,TSCO.L,GBp,21.9173247452243
2026-02-19,UMI.BR,EUR,34.8267967164901
2026-02-19,VIE.PA,EUR,20.7792365743753
2026-02-20,AAL.L,GBp,
2026-02-20,ABBN.S,CHF,36.3781636869452
2026-02-20,ABVX.PA,EUR,
2026-02-20,AD.AS,EUR,17.6525813318994
2026-02-20,ADML.L,GBp,10.6041024621401
2026-02-20,ADYEN.AS,EUR,31.6417106994853
2026-02-20,AENA.MC,EUR,19.6220930232558
2026-02-20,ALCC.S,CHF,39.3437701999473
2026-02-20,ALSO.PA,EUR,43.6340240104113
2026-02-20,AMUN.PA,EUR,10.2454780361757
2026-02-20,BIRG.I,EUR,14.070796460177
2026-02-20,BNPP.PA,EUR,9.23465359082091
2026-02-20,BNRGn.DE,EUR,18.6901670913384
2026-02-20,BNZL.L,GBp,14.678570937255
2026-02-20,BPTB.L,GBp,42.6753670473083
2026-02-20,BZU.MI,EUR,9.81205555366743
2026-02-20,CARLb.CO,DKK,22.1639428862508
2026-02-20,DBKGn.DE,EUR,10.1345066078289
2026-02-20,DKSH.S,CHF,20.3033636868086
2026-02-20,ERICb.ST,SEK,11.9867740249367
2026-02-20,EXPN.L,GBp,23.6163373303569
2026-02-20,FOUG.PA,EUR,13.8891750781787
2026-02-20,HEIG.DE,EUR,19.7973893996427
2026-02-20,HNKG_p.DE,EUR,16.585371726215
2026-02-20,ITX.MC,EUR,29.7558533778519
2026-02-20,LEGn.DE,EUR,5.24752679291771
2026-02-20,MOBN.S,CHF,14.6924444815179
2026-02-20,MONC.MI,EUR,25.2075198011702
2026-02-20,MRL.MC,EUR,12.0360297637179
2026-02-20,MRON.L,GBp,27.2723588766868
2026-02-20,NESTE.HE,EUR,112.455102472005
2026-02-20,NIBEb.ST,SEK,35.5079398837374
2026-02-20,OMVV.VI,EUR,30.0014795250177
2026-02-20,PGHN.S,CHF,20.2746314820336
2026-02-20,PKO.WA,PLN,10.9718620954576
2026-02-20,PRU.L,GBp,11.8102182682672
2026-02-20,PSN.L,GBp,19.3911935080834
2026-02-20,RACE.MI,EUR,34.5316670575491
2026-02-20,RHMG.DE,EUR,95.4127836679635
2026-02-20,SAGAb.ST,SEK,20.4683968182721
2026-02-20,SFSN.S,CHF,20.3564352522073
2026-02-20,SFZN.S,CHF,23.3499997155908
2026-02-20,SGE.L,GBp,22.0309810671257
2026-02-20,SRP.L,GBp,63.0512766406415
2026-02-20,TE.PA,EUR,15.3536714114092
2026-02-20,TELIA.ST,SEK,34.8599936378378
2026-02-20,TEPRF.PA,EUR,6.44371415684
2026-02-20,TSCO.L,GBp,21.8202673490096
2026-02-20,UMI.BR,EUR,34.0822366584145
2026-02-20,VIE.PA,EUR,20.949508340276
2026-02-23,AAL.L,GBp,
2026-02-23,ABBN.S,CHF,36.1297072474213
2026-02-23,ABVX.PA,EUR,
2026-02-23,AD.AS,EUR,18.1814976264881
2026-02-23,ADML.L,GBp,10.4126395010181
2026-02-23,ADYEN.AS,EUR,29.9263104489041
2026-02-23,AENA.MC,EUR,19.9200581395349
2026-02-23,ALCC.S,CHF,39.0982126356919
2026-02-23,ALSO.PA,EUR,42.5811923318759
2026-02-23,AMUN.PA,EUR,10.2196382428941
2026-02-23,BIRG.I,EUR,14.1719342604298
2026-02-23,BNPP.PA,EUR,9.34383560308439
2026-02-23,BNRGn.DE,EUR,18.4274122450673
2026-02-23,BNZL.L,GBp,14.5547591861441
2026-02-23,BPTB.L,GBp,40.7830342577488
2026-02-23,BZU.MI,EUR,9.80006037572896
2026-02-23,CARLb.CO,DKK,22.2440213631581
2026-02-23,DBKGn.DE,EUR,10.012109185029
2026-02-23,DKSH.S,CHF,20.1109147419099
2026-02-23,ERICb.ST,SEK,11.8458222480634
2026-02-23,EXPN.L,GBp,23.0088709387372
2026-02-23,FOUG.PA,EUR,14.0118276309709
2026-02-23,HEIG.DE,EUR,19.5761357766147
2026-02-23,HNKG_p.DE,EUR,16.7699657497828
2026-02-23,ITX.MC,EUR,29.6423208120675
2026-02-23,LEGn.DE,EUR,5.25897594228408
2026-02-23,MOBN.S,CHF,14.6924444815179
2026-02-23,MONC.MI,EUR,25.676291222034
2026-02-23,MRL.MC,EUR,12.0882468125843
2026-02-23,MRON.L,GBp,27.1426834704381
2026-02-23,NESTE.HE,EUR,111.293048806254
2026-02-23,NIBEb.ST,SEK,34.8699135119807
2026-02-23,OMVV.VI,EUR,30.4124586965933
2026-02-23,PGHN.S,CHF,18.5665123461846
2026-02-23,PKO.WA,PLN,11.1519254777682
2026-02-23,PRU.L,GBp,11.6547767009175
2026-02-23,PSN.L,GBp,19.2208185569873
2026-02-23,RACE.MI,EUR,33.9397594398097
2026-02-23,RHMG.DE,EUR,93.301638741977
2026-02-23,SAGAb.ST,SEK,20.2388017894637
2026-02-23,SFSN.S,CHF,20.0929215272597
2026-02-23,SFZN.S,CHF,20.5397535229577
2026-02-23,SGE.L,GBp,21.0735800344234
2026-02-23,SRP.L,GBp,62.3760286980376
2026-02-23,TE.PA,EUR,15.2899632312789
2026-02-23,TELIA.ST,SEK,35.403105045505
2026-02-23,TEPRF.PA,EUR,6.22314086454817
2026-02-23,TSCO.L,GBp,22.0143821414391
2026-02-23,UMI.BR,EUR,10.65
2026-02-23,VIE.PA,EUR,21.0164008197369
2026-02-24,AAL.L,GBp,
2026-02-24,ABBN.S,CHF,36.6107828727877
2026-02-24,ABVX.PA,EUR,
2026-02-24,AD.AS,EUR,18.216758712794
2026-02-24,ADML.L,GBp,10.3905476208886
2026-02-24,ADYEN.AS,EUR,29.4587612093351
2026-02-24,AENA.MC,EUR,19.9491279069767
2026-02-24,ALCC.S,CHF,39.4433816760323
2026-02-24,ALSO.PA,EUR,42.9321362247211
2026-02-24,AMUN.PA,EUR,10.2002583979328
2026-02-24,BIRG.I,EUR,14.0244416350611
2026-02-24,BNPP.PA,EUR,9.21028260594067
2026-02-24,BNRGn.DE,EUR,18.3997538401967
2026-02-24,BNZL.L,GBp,14.678570937255
2026-02-24,BPTB.L,GBp,41.468189233279
2026-02-24,BZU.MI,EUR,9.77607001985202
2026-02-24,CARLb.CO,DKK,22.0482739751623
2026-02-24,DBKGn.DE,EUR,9.83748886183452
2026-02-24,DKSH.S,CHF,19.8222413245619
2026-02-24,ERICb.ST,SEK,11.7295370321429
2026-02-24,EXPN.L,GBp,23.3427006241965
2026-02-24,FOUG.PA,EUR,14.0461703457526
2026-02-24,HEIG.DE,EUR,19.3164032626252
2026-02-24,HNKG_p.DE,EUR,16.8502240208993
2026-02-24,ITX.MC,EUR,29.6939265237877
2026-02-24,LEGn.DE,EUR,5.23226126042922
2026-02-24,MOBN.S,CHF,14.9768143747085
2026-02-24,MONC.MI,EUR,25.4817068586566
2026-02-24,MRL.MC,EUR,12.2274922762282
2026-02-24,MRON.L,GBp,25.9512906755278
2026-02-24,NESTE.HE,EUR,112.032537502641
2026-02-24,NIBEb.ST,SEK,35.7737842053027
2026-02-24,OMVV.VI,EUR,30.2754656394014
2026-02-24,PGHN.S,CHF,18.6233040310083
2026-02-24,PKO.WA,PLN,10.9934697013349
2026-02-24,PRU.L,GBp,11.5383420079923
2026-02-24,PSN.L,GBp,19.2839203907266
2026-02-24,RACE.MI,EUR,35.3469360404731
2026-02-24,RHMG.DE,EUR,94.5628422042547
2026-02-24,SAGAb.ST,SEK,20.6635525927593
2026-02-24,SFSN.S,CHF,20.3234960365889
2026-02-24,SFZN.S,CHF,20.9817482190214
2026-02-24,SGE.L,GBp,21.1596385542169
2026-02-24,SRP.L,GBp,62.3760286980376
2026-02-24,TE.PA,EUR,15.9725508755324
2026-02-24,TELIA.ST,SEK,35.7056956869196
2026-02-24,TEPRF.PA,EUR,6.30492646730807
2026-02-24,TSCO.L,GBp,22.1114395376539
2026-02-24,UMI.BR,EUR,11.50625
2026-02-24,VIE.PA,EUR,21.3326198135524
2026-02-25,AAL.L,GBp,
2026-02-25,ABBN.S,CHF,37.062997977195
2026-02-25,ABVX.PA,EUR,
2026-02-25,AD.AS,EUR,18.1153830896645
2026-02-25,ADML.L,GBp,10.6335583023127
2026-02-25,ADYEN.AS,EUR,30.4570420181447
2026-02-25,AENA.MC,EUR,19.5712209302326
2026-02-25,ALCC.S,CHF,43.9344168645025
2026-02-25,ALSO.PA,EUR,43.5755333616038
2026-02-25,AMUN.PA,EUR,10.3359173126615
2026-02-25,BIRG.I,EUR,13.8769490096924
2026-02-25,BNPP.PA,EUR,9.3945272516353
2026-02-25,BNRGn.DE,EUR,17.9779631659193
2026-02-25,BNZL.L,GBp,14.706084659724
2026-02-25,BPTB.L,GBp,41.6639477977162
2026-02-25,BZU.MI,EUR,9.84404269483668
2026-02-25,CARLb.CO,DKK,21.6122911564444
2026-02-25,DBKGn.DE,EUR,9.98762970046903
2026-02-25,DKSH.S,CHF,19.6618672038131
2026-02-25,ERICb.ST,SEK,11.8340762666573
2026-02-25,EXPN.L,GBp,24.3872838579309
2026-02-25,FOUG.PA,EUR,14.0805130605344
2026-02-25,HEIG.DE,EUR,19.229825757962
2026-02-25,HNKG_p.DE,EUR,16.7097720464455
2026-02-25,ITX.MC,EUR,29.3430076840905
2026-02-25,LEGn.DE,EUR,5.26660870852832
2026-02-25,MOBN.S,CHF,14.9388983889498
2026-02-25,MONC.MI,EUR,25.5613095527655
2026-02-25,MRL.MC,EUR,12.3406292154388
2026-02-25,MRON.L,GBp,26.251165052478
2026-02-25,NESTE.HE,EUR,112.824846820199
2026-02-25,NIBEb.ST,SEK,31.1037856231391
2026-02-25,OMVV.VI,EUR,30.1932698050863
2026-02-25,PGHN.S,CHF,18.6101982575874
2026-02-25,PKO.WA,PLN,11.2335542110823
2026-02-25,PRU.L,GBp,11.8855396322342
2026-02-25,PSN.L,GBp,19.2081981902394
2026-02-25,RACE.MI,EUR,35.6708100199908
2026-02-25,RHMG.DE,EUR,92.2323575456981
2026-02-25,SAGAb.ST,SEK,21.0423843902932
2026-02-25,SFSN.S,CHF,20.0929215272597
2026-02-25,SFZN.S,CHF,21.5797410431075
2026-02-25,SGE.L,GBp,21.6060671256454
2026-02-25,SRP.L,GBp,62.2494197087994
2026-02-25,TE.PA,EUR,16.4458116422149
2026-02-25,TELIA.ST,SEK,35.9306989843817
2026-02-25,TEPRF.PA,EUR,6.23801097414088
2026-02-25,TSCO.L,GBp,21.7143865531389
2026-02-25,UMI.BR,EUR,11.4
2026-02-25,VIE.PA,EUR,21.5028915794531
2026-02-26,AAL.L,GBp,
2026-02-26,ABBN.S,CHF,36.9381986997554
2026-02-26,ABVX.PA,EUR,
2026-02-26,AD.AS,EUR,16.3764751016037
2026-02-26,ADML.L,GBp,10.8029293833052
2026-02-26,ADYEN.AS,EUR,31.3479128665128
2026-02-26,AENA.MC,EUR,18.8967976526415
2026-02-26,ALCC.S,CHF,43.6530863802474
2026-02-26,ALSO.PA,EUR,41.1627940982935
2026-02-26,AMUN.PA,EUR,10.5167958656331
2026-02-26,BIRG.I,EUR,14.2056468605141
2026-02-26,BNPP.PA,EUR,9.38770337586883
2026-02-26,BNRGn.DE,EUR,18.0885967854019
2026-02-26,BNZL.L,GBp,14.857410133304
2026-02-26,BPTB.L,GBp,41.9249592169658
2026-02-26,BZU.MI,EUR,9.64412306252886
2026-02-26,CARLb.CO,DKK,21.883668217075
2026-02-26,DBKGn.DE,EUR,10.1312426765542
2026-02-26,DKSH.S,CHF,20.0146902694606
2026-02-26,ERICb.ST,SEK,11.9339171086092
2026-02-26,EXPN.L,GBp,25.4499904422735
2026-02-26,FOUG.PA,EUR,13.5292915865094
2026-02-26,HEIG.DE,EUR,18.2774732066672
2026-02-26,HNKG_p.DE,EUR,16.6656299973314
2026-02-26,ITX.MC,EUR,29.6423208120675
2026-02-26,LEGn.DE,EUR,5.36201828658137
2026-02-26,MOBN.S,CHF,15.1284783177435
2026-02-26,MONC.MI,EUR,25.8974098167811
2026-02-26,MRL.MC,EUR,12.436360471694
2026-02-26,MRON.L,GBp,25.9350812497467
2026-02-26,NESTE.HE,EUR,112.507923093176
2026-02-26,NIBEb.ST,SEK,32.2646391606409
2026-02-26,OMVV.VI,EUR,30.3028642508398
2026-02-26,PGHN.S,CHF,19.1169548298598
2026-02-26,PKO.WA,PLN,11.2359550561798
2026-02-26,PRU.L,GBp,12.000831462882
2026-02-26,PSN.L,GBp,19.1703370899959
2026-02-26,RACE.MI,EUR,35.6931461565093
2026-02-26,RHMG.DE,EUR,91.793678080558
2026-02-26,SAGAb.ST,SEK,21.3408579277442
2026-02-26,SFSN.S,CHF,20.0929215272597
2026-02-26,SFZN.S,CHF,21.631740419115
2026-02-26,SGE.L,GBp,22.4666523235801
2026-02-26,SRP.L,GBp,62.9246676514033
2026-02-26,TE.PA,EUR,17.1101969492883
2026-02-26,TELIA.ST,SEK,35.5117273270384
2026-02-26,TEPRF.PA,EUR,6.61472041715614
2026-02-26,TSCO.L,GBp,21.396744165527
2026-02-26,UMI.BR,EUR,11.30625
2026-02-26,VIE.PA,EUR,21.5454595209282
2026-02-19,AAK.ST,SEK,18.7309053877115
2026-02-19,ADSGn.DE,EUR,23.0307417753179
2026-02-19,AIR.PA,EUR,29.1829400681299
2026-02-19,ALVG.DE,EUR,13.7801741158583
2026-02-19,BMPS.MI,EUR,7.38923515694756
2026-02-19,CPG.L,GBp,26.8760633436405
2026-02-19,DGE.L,GBp,22.6989797518303
2026-02-19,DHER.DE,EUR,
2026-02-19,ELI.BR,EUR,22.5217328879072
2026-02-19,EMSN.S,CHF,31.6445922429737
2026-02-19,ENEI.MI,EUR,14.8211271800642
2026-02-19,ENT.L,GBp,
2026-02-19,ENX.PA,EUR,19.6392470713474
2026-02-19,EVKn.DE,EUR,77.039351035421
2026-02-19,FORTUM.HE,EUR,23.0777361504222
2026-02-19,FREG.DE,EUR,20.9995766214391
2026-02-19,GASI.MI,EUR,14.0161980766266
2026-02-19,GL9.I,EUR,42.0079432079384
2026-02-19,HIAB.HE,EUR,21.7214032886778
2026-02-19,HNRGn.DE,EUR,12.164083223824
2026-02-19,HOLN.S,CHF,15.5467038100253
2026-02-19,HUH1V.HE,EUR,17.0398689240852
2026-02-19,ICGIN.L,GBp,8.49223510910163
2026-02-19,ITPG.MI,EUR,20.2817940168708
2026-02-19,JYSK.CO,DKK,11.0752172500552
2026-02-19,KBX.DE,EUR,41.1889123900701
2026-02-19,LIGHT.AS,EUR,8.21806346623271
2026-02-19,LPPP.WA,PLN,30.3137131656165
2026-02-19,LSEG.L,GBp,41.8816028947737
2026-02-19,LTMC.MI,EUR,37.2465471642668
2026-02-19,MAERSKb.CO,DKK,14.1253343468093
2026-02-19,MWDP.PA,EUR,
2026-02-19,NSISb.CO,DKK,42.6160416946432
2026-02-19,ORSTED.CO,DKK,49.6805320119964
2026-02-19,PHP.L,GBp,16.6332046332046
2026-02-19,QIA.DE,EUR,24.3695613324375
2026-02-19,RKT.L,GBp,34.0206674500836
2026-02-19,SAF.PA,EUR,17.0232628036483
2026-02-19,SASY.PA,EUR,19.6204559396584
2026-02-19,SDR.L,GBp,17.4358058853283
2026-02-19,SECUb.ST,SEK,17.5515429564773
2026-02-19,SGEF.PA,EUR,16.1243884699927
2026-02-19,SHLG.DE,EUR,21.9948740534775
2026-02-19,SN.L,GBp,31.7637182160018
2026-02-19,SOBIV.ST,SEK,309.680603321972
2026-02-19,SSE.L,GBp,29.379234066086
2026-02-19,TEL2b.ST,SEK,28.7992641034154
2026-02-19,UBSG.S,CHF,17.8944775623575
2026-02-19,URW.PA,EUR,12.5924682830268
2026-02-19,VALMT.HE,EUR,19.0869281401295
2026-02-20,AAK.ST,SEK,18.7763687503031
2026-02-20,ADSGn.DE,EUR,23.5425360369916
2026-02-20,AIR.PA,EUR,28.7361631300518
2026-02-20,ALVG.DE,EUR,13.994220741118
2026-02-20,BMPS.MI,EUR,7.6094211881377
2026-02-20,CPG.L,GBp,27.1366438828492
2026-02-20,DGE.L,GBp,23.6194901966811
2026-02-20,DHER.DE,EUR,
2026-02-20,ELI.BR,EUR,22.5384280197737
2026-02-20,EMSN.S,CHF,31.8977489809176
2026-02-20,ENEI.MI,EUR,15.0279643909058
2026-02-20,ENT.L,GBp,
2026-02-20,ENX.PA,EUR,20.4248169542013
2026-02-20,EVKn.DE,EUR,76.7874237920089
2026-02-20,FORTUM.HE,EUR,23.1305859278659
2026-02-20,FREG.DE,EUR,20.9915122678978
2026-02-20,GASI.MI,EUR,14.103157004344
2026-02-20,GL9.I,EUR,41.5825222278049
2026-02-20,HIAB.HE,EUR,21.2301393068283
2026-02-20,HNRGn.DE,EUR,12.2715570515044
2026-02-20,HOLN.S,CHF,15.6613612814459
2026-02-20,HUH1V.HE,EUR,17.1600218459858
2026-02-20,ICGIN.L,GBp,8.54137998820524
2026-02-20,ITPG.MI,EUR,20.5686072655942
2026-02-20,JYSK.CO,DKK,11.2334346393417
2026-02-20,KBX.DE,EUR,42.8216260343612
2026-02-20,LIGHT.AS,EUR,8.25061025223759
2026-02-20,LPPP.WA,PLN,30.095140892667
2026-02-20,LSEG.L,GBp,42.5600654770238
2026-02-20,LTMC.MI,EUR,37.6506024096386
2026-02-20,MAERSKb.CO,DKK,14.3292889023223
2026-02-20,MWDP.PA,EUR,
2026-02-20,NSISb.CO,DKK,42.964678758467
2026-02-20,ORSTED.CO,DKK,50.5281001434346
2026-02-20,PHP.L,GBp,16.5559845559846
2026-02-20,QIA.DE,EUR,24.1852901042277
2026-02-20,RKT.L,GBp,33.8098826455601
2026-02-20,SAF.PA,EUR,17.2372354141589
2026-02-20,SASY.PA,EUR,19.7645048566837
2026-02-20,SDR.L,GBp,17.4358058853283
2026-02-20,SECUb.ST,SEK,17.6355484269136
2026-02-20,SGEF.PA,EUR,16.1995469677015
2026-02-20,SHLG.DE,EUR,22.472446710851
2026-02-20,SN.L,GBp,32.269576354431
2026-02-20,SOBIV.ST,SEK,310.297496954088
2026-02-20,SSE.L,GBp,29.874648601318
2026-02-20,TEL2b.ST,SEK,29.0429384691767
2026-02-20,UBSG.S,CHF,17.9252099187177
2026-02-20,URW.PA,EUR,12.7884600072762
2026-02-20,VALMT.HE,EUR,19.3181200021759
2026-02-23,AAK.ST,SEK,18.5642063915426
2026-02-23,ADSGn.DE,EUR,23.5277014207112
2026-02-23,AIR.PA,EUR,27.7365917341504
2026-02-23,ALVG.DE,EUR,13.9794589048932
2026-02-23,BMPS.MI,EUR,7.51233128462079
2026-02-23,CPG.L,GBp,26.4393276632139
2026-02-23,DGE.L,GBp,23.7212855577841
2026-02-23,DHER.DE,EUR,
2026-02-23,ELI.BR,EUR,22.6219036791062
2026-02-23,EMSN.S,CHF,31.6952235905625
2026-02-23,ENEI.MI,EUR,16.0505675613065
2026-02-23,ENT.L,GBp,
2026-02-23,ENX.PA,EUR,20.5851373384572
2026-02-23,EVKn.DE,EUR,76.7370383433264
2026-02-23,FORTUM.HE,EUR,22.9955253855098
2026-02-23,FREG.DE,EUR,20.8544182576964
2026-02-23,GASI.MI,EUR,14.2059266461918
2026-02-23,GL9.I,EUR,41.3194208942338
2026-02-23,HIAB.HE,EUR,20.6427777943298
2026-02-23,HNRGn.DE,EUR,12.173853571795
2026-02-23,HOLN.S,CHF,15.6019092592278
2026-02-23,HUH1V.HE,EUR,17.1163298743856
2026-02-23,ICGIN.L,GBp,8.11873402791429
2026-02-23,ITPG.MI,EUR,20.6300672474635
2026-02-23,JYSK.CO,DKK,11.2392945426486
2026-02-23,KBX.DE,EUR,41.5970908011429
2026-02-23,LIGHT.AS,EUR,8.25061025223759
2026-02-23,LPPP.WA,PLN,30.6151921627882
2026-02-23,LSEG.L,GBp,41.4939099906308
2026-02-23,LTMC.MI,EUR,36.8792242139289
2026-02-23,MAERSKb.CO,DKK,13.7874107267035
2026-02-23,MWDP.PA,EUR,
2026-02-23,NSISb.CO,DKK,42.034718316956
2026-02-23,ORSTED.CO,DKK,49.6479332377103
2026-02-23,PHP.L,GBp,16.6795366795367
2026-02-23,QIA.DE,EUR,23.8482280078238
2026-02-23,RKT.L,GBp,33.7150294835246
2026-02-23,SAF.PA,EUR,17.2173309852742
2026-02-23,SASY.PA,EUR,20.0575698947698
2026-02-23,SDR.L,GBp,17.4358058853283
2026-02-23,SECUb.ST,SEK,17.4619371213453
2026-02-23,SGEF.PA,EUR,16.2920497341124
2026-02-23,SHLG.DE,EUR,22.0479376820746
2026-02-23,SN.L,GBp,32.2503162422527
2026-02-23,SOBIV.ST,SEK,316.157986459185
2026-02-23,SSE.L,GBp,29.7248721139223
2026-02-23,TEL2b.ST,SEK,29.1343163563372
2026-02-23,UBSG.S,CHF,17.613624316406
2026-02-23,URW.PA,EUR,12.825208455573
2026-02-23,VALMT.HE,EUR,19.0869281401295
2026-02-24,AAK.ST,SEK,18.8066776586974
2026-02-24,ADSGn.DE,EUR,23.7650552811976
2026-02-24,AIR.PA,EUR,27.6911566707003
2026-02-24,ALVG.DE,EUR,13.9683875277246
2026-02-24,BMPS.MI,EUR,7.34415770174328
2026-02-24,CPG.L,GBp,26.7911484503829
2026-02-24,DGE.L,GBp,23.9220097293967
2026-02-24,DHER.DE,EUR,
2026-02-24,ELI.BR,EUR,22.7053793384387
2026-02-24,EMSN.S,CHF,32.3787467830108
2026-02-24,ENEI.MI,EUR,16.2143826322931
2026-02-24,ENT.L,GBp,
2026-02-24,ENX.PA,EUR,20.9859382990969
2026-02-24,EVKn.DE,EUR,76.0316420617725
2026-02-24,FORTUM.HE,EUR,22.9837809905223
2026-02-24,FREG.DE,EUR,20.3060422168908
2026-02-24,GASI.MI,EUR,14.1663998608657
2026-02-24,GL9.I,EUR,41.6010714784058
2026-02-24,HIAB.HE,EUR,20.889639879293
2026-02-24,HNRGn.DE,EUR,12.339949487301
2026-02-24,HOLN.S,CHF,15.7760187528664
2026-02-24,HUH1V.HE,EUR,17.4221736755871
2026-02-24,ICGIN.L,GBp,8.24159622567329
2026-02-24,ITPG.MI,EUR,20.5173906140364
2026-02-24,JYSK.CO,DKK,11.0400578302138
2026-02-24,KBX.DE,EUR,42.3763404950091
2026-02-24,LIGHT.AS,EUR,8.25061025223759
2026-02-24,LPPP.WA,PLN,30.9015972101013
2026-02-24,LSEG.L,GBp,41.3431405279085
2026-02-24,LTMC.MI,EUR,37.7240669997061
2026-02-24,MAERSKb.CO,DKK,13.9798348296727
2026-02-24,MWDP.PA,EUR,
2026-02-24,NSISb.CO,DKK,42.5621647685653
2026-02-24,ORSTED.CO,DKK,51.2126744034424
2026-02-24,PHP.L,GBp,16.6177606177606
2026-02-24,QIA.DE,EUR,24.246388359675
2026-02-24,RKT.L,GBp,33.683411762846
2026-02-24,SAF.PA,EUR,16.9486211953306
2026-02-24,SASY.PA,EUR,20.0203158645046
2026-02-24,SDR.L,GBp,17.4358058853283
2026-02-24,SECUb.ST,SEK,17.4675374860411
2026-02-24,SGEF.PA,EUR,16.3903339234239
2026-02-24,SHLG.DE,EUR,22.2867240107613
2026-02-24,SN.L,GBp,32.0402230230434
2026-02-24,SOBIV.ST,SEK,312.610848074521
2026-02-24,SSE.L,GBp,30.1050739665423
2026-02-24,TEL2b.ST,SEK,28.8754123427158
2026-02-24,UBSG.S,CHF,17.4062098280187
2026-02-24,URW.PA,EUR,12.7884600072762
2026-02-24,VALMT.HE,EUR,19.3181200021759
2026-02-25,AAK.ST,SEK,18.5793608457398
2026-02-25,ADSGn.DE,EUR,23.5128668044308
2026-02-25,AIR.PA,EUR,27.9395350175607
2026-02-25,ALVG.DE,EUR,14.0791012994106
2026-02-25,BMPS.MI,EUR,7.65796613989615
2026-02-25,CPG.L,GBp,27.4335855063694
2026-02-25,DGE.L,GBp,20.9906185227551
2026-02-25,DHER.DE,EUR,
2026-02-25,ELI.BR,EUR,23.0058917120357
2026-02-25,EMSN.S,CHF,31.8724333071232
2026-02-25,ENEI.MI,EUR,16.5387033788927
2026-02-25,ENT.L,GBp,
2026-02-25,ENX.PA,EUR,21.2264188754808
2026-02-25,EVKn.DE,EUR,75.3262457802187
2026-02-25,FORTUM.HE,EUR,23.3713460251095
2026-02-25,FREG.DE,EUR,20.6044232979174
2026-02-25,GASI.MI,EUR,14.3007909309744
2026-02-25,GL9.I,EUR,43.4030849886597
2026-02-25,HIAB.HE,EUR,20.5406279660692
2026-02-25,HNRGn.DE,EUR,12.3594901832429
2026-02-25,HOLN.S,CHF,15.8694433592091
2026-02-25,HUH1V.HE,EUR,17.0944838885855
2026-02-25,ICGIN.L,GBp,8.26125417731473
2026-02-25,ITPG.MI,EUR,20.3534973290516
2026-02-25,JYSK.CO,DKK,11.1748356062726
2026-02-25,KBX.DE,EUR,42.153697725333
2026-02-25,LIGHT.AS,EUR,9.89097226677986
2026-02-25,LPPP.WA,PLN,31.0523367086872
2026-02-25,LSEG.L,GBp,41.9677568734722
2026-02-25,LTMC.MI,EUR,37.577137819571
2026-02-25,MAERSKb.CO,DKK,13.7087562232198
2026-02-25,MWDP.PA,EUR,
2026-02-25,NSISb.CO,DKK,40.6848049562355
2026-02-25,ORSTED.CO,DKK,50.6095970791498
2026-02-25,PHP.L,GBp,16.6332046332046
2026-02-25,QIA.DE,EUR,24.3603351827038
2026-02-25,RKT.L,GBp,33.441009237644
2026-02-25,SAF.PA,EUR,17.127761055293
2026-02-25,SASY.PA,EUR,20.0650207008228
2026-02-25,SDR.L,GBp,17.4358058853283
2026-02-25,SECUb.ST,SEK,17.6635502503923
2026-02-25,SGEF.PA,EUR,16.4018967692253
2026-02-25,SHLG.DE,EUR,22.148758576409
2026-02-25,SN.L,GBp,32.6773775930781
2026-02-25,SOBIV.ST,SEK,311.993954442405
2026-02-25,SSE.L,GBp,30.9461265496106
2026-02-25,TEL2b.ST,SEK,29.0124791734566
2026-02-25,UBSG.S,CHF,17.5672638964906
2026-02-25,URW.PA,EUR,12.733337334831
2026-02-25,VALMT.HE,EUR,18.7072354054448
2026-02-26,AAK.ST,SEK,18.68544202512
2026-02-26,ADSGn.DE,EUR,24.1062514556467
2026-02-26,AIR.PA,EUR,28.2818124955512
2026-02-26,ALVG.DE,EUR,14.1971959892091
2026-02-26,BMPS.MI,EUR,7.71517983304004
2026-02-26,CPG.L,GBp,27.6252768084003
2026-02-26,DGE.L,GBp,19.8653188896022
2026-02-26,DHER.DE,EUR,
2026-02-26,ELI.BR,EUR,22.3714767011087
2026-02-26,EMSN.S,CHF,31.8218019595344
2026-02-26,ENEI.MI,EUR,16.8183472879505
2026-02-26,ENT.L,GBp,
2026-02-26,ENX.PA,EUR,21.9638926430579
2026-02-26,EVKn.DE,EUR,74.9735476394417
2026-02-26,FORTUM.HE,EUR,22.9485478055598
2026-02-26,FREG.DE,EUR,18.9171655215122
2026-02-26,GASI.MI,EUR,14.3482230733657
2026-02-26,GL9.I,EUR,28.1540304439902
2026-02-26,HIAB.HE,EUR,20.5491404517576
2026-02-26,HNRGn.DE,EUR,12.4278826190395
2026-02-26,HOLN.S,CHF,15.2664299909973
2026-02-26,HUH1V.HE,EUR,17.1163298743856
2026-02-26,ICGIN.L,GBp,8.4480047179084
2026-02-26,ITPG.MI,EUR,20.1793607137553
2026-02-26,JYSK.CO,DKK,11.151395993045
2026-02-26,KBX.DE,EUR,41.3744480314668
2026-02-26,LIGHT.AS,EUR,9.71329013025088
2026-02-26,LPPP.WA,PLN,31.1427804078387
2026-02-26,LSEG.L,GBp,45.7693011835403
2026-02-26,LTMC.MI,EUR,38.3485160152807
2026-02-26,MAERSKb.CO,DKK,13.7395157014557
2026-02-26,MWDP.PA,EUR,
2026-02-26,NSISb.CO,DKK,39.8993991065712
2026-02-26,ORSTED.CO,DKK,50.1695136262877
2026-02-26,PHP.L,GBp,16.6177606177606
2026-02-26,QIA.DE,EUR,24.4597215354181
2026-02-26,RKT.L,GBp,33.5464016399058
2026-02-26,SAF.PA,EUR,17.2471876286013
2026-02-26,SASY.PA,EUR,20.0873731189819
2026-02-26,SDR.L,GBp,17.4358058853283
2026-02-26,SECUb.ST,SEK,17.7307546267413
2026-02-26,SGEF.PA,EUR,16.459710998232
2026-02-26,SHLG.DE,EUR,22.4936721622898
2026-02-26,SN.L,GBp,32.8473193784804
2026-02-26,SOBIV.ST,SEK,307.984145833655
2026-02-26,SSE.L,GBp,31.0267754274391
2026-02-26,TEL2b.ST,SEK,28.7383455119751
2026-02-26,UBSG.S,CHF,17.7030629839575
2026-02-26,URW.PA,EUR,12.7700857831278
2026-02-26,VALMT.HE,EUR,18.6741486785161
2026-02-19,AALB.AS,EUR,25.2970430794622
2026-02-19,ABF.L,GBp,13.9612912340185
2026-02-19,ADP.PA,EUR,31.1704719323362
2026-02-19,ALFA.ST,SEK,26.029618808473
2026-02-19,ALKb.CO,DKK,44.207865383031
2026-02-19,AM.PA,EUR,34.9984441800829
2026-02-19,AMPF.MI,EUR,25.5355962517983
2026-02-19,BAER.S,CHF,17.6234936839725
2026-02-19,BEAN.S,CHF,64.4220381706878
2026-02-19,CARR.PA,EUR,16.6463595350216
2026-02-19,CONG.DE,EUR,
2026-02-19,DANSKE.CO,DKK,12.057124935498
2026-02-19,DCC.L,GBp,47.8689128233453
2026-02-19,DHLn.DE,EUR,16.3467394934868
2026-02-19,DNB.OL,NOK,10.5005853390588
2026-02-19,EXHO.PA,EUR,10.0948302233099
2026-02-19,GALP.LS,EUR,14.1331135940973
2026-02-19,GAW.L,GBp,27.3066075584049
2026-02-19,GETIb.ST,SEK,24.1731492281842
2026-02-19,GFCP.PA,EUR,12.4633722703226
2026-02-19,GJFG.OL,NOK,20.6587376611734
2026-02-19,HLMA.L,GBp,42.8993112495901
2026-02-19,HLN.L,GBp,24.3641151475253
2026-02-19,IBE.MC,EUR,23.7599659180817
2026-02-19,INDUc.ST,SEK,15.179522104827
2026-02-19,INWT.MI,EUR,22.2011385199241
2026-02-19,KYGa.I,EUR,18.4407668556616
2026-02-19,LDOF.MI,EUR,32.2885021298412
2026-02-19,LVMH.PA,EUR,24.3311564234711
2026-02-19,MANTA.HE,EUR,23.2848902780911
2026-02-19,NESN.S,CHF,23.194870524028
2026-02-19,NG.L,GBp,23.072163885404
2026-02-19,NKT.CO,DKK,25.8464163375575
2026-02-19,P911_p.DE,EUR,39.9043062200957
2026-02-19,PLUSP.L,GBp,15.4319317248439
2026-02-19,RIO.L,GBp,15.2598790622079
2026-02-19,SALM.OL,NOK,70.7317073170732
2026-02-19,SPMI.MI,EUR,21.9743621968078
2026-02-19,STAN.L,GBp,12.735115112526
2026-02-19,STDM.PA,EUR,64.6744224513425
2026-02-19,SVT.L,GBp,29.8545912525762
2026-02-19,TBCG.L,GBp,6.38094588534678
2026-02-19,ULVR.L,GBp,23.5585421536533
2026-02-19,UU.L,GBp,22.7353977630616
2026-02-19,VEND.OL,NOK,
2026-02-19,VOES.VI,EUR,36.4763983002182
2026-02-19,VSURE.ST,EUR,
2026-02-19,WALLb.ST,SEK,10.9083607339173
2026-02-19,WEIR.L,GBp,28.9770110129392
2026-02-19,WISEa.L,GBp,23.1542807709984
2026-02-20,AALB.AS,EUR,25.5161283255315
2026-02-20,ABF.L,GBp,13.7988274351911
2026-02-20,ADP.PA,EUR,30.7044681991286
2026-02-20,ALFA.ST,SEK,26.0895718652295
2026-02-20,ALKb.CO,DKK,43.1227632327203
2026-02-20,AM.PA,EUR,35.3586340001181
2026-02-20,AMPF.MI,EUR,25.7300050546289
2026-02-20,BAER.S,CHF,17.7527218686395
2026-02-20,BEAN.S,CHF,65.9704717320849
2026-02-20,CARR.PA,EUR,16.8055235398075
2026-02-20,CONG.DE,EUR,
2026-02-20,DANSKE.CO,DKK,12.3477877687644
2026-02-20,DCC.L,GBp,47.6848016201786
2026-02-20,DHLn.DE,EUR,16.3565632552017
2026-02-20,DNB.OL,NOK,10.7291647252071
2026-02-20,EXHO.PA,EUR,10.1500628802556
2026-02-20,GALP.LS,EUR,13.7853611333706
2026-02-20,GAW.L,GBp,27.787075726588
2026-02-20,GETIb.ST,SEK,24.5591476190534
2026-02-20,GFCP.PA,EUR,12.57938770369
2026-02-20,GJFG.OL,NOK,20.7517950380256
2026-02-20,HLMA.L,GBp,43.0086367114901
2026-02-20,HLN.L,GBp,24.5077503142019
2026-02-20,IBE.MC,EUR,24.0581827034264
2026-02-20,INDUc.ST,SEK,15.3109736364564
2026-02-20,INWT.MI,EUR,22.2264389626818
2026-02-20,KYGa.I,EUR,18.1655315294577
2026-02-20,LDOF.MI,EUR,32.1357862413893
2026-02-20,LVMH.PA,EUR,25.3932125458126
2026-02-20,MANTA.HE,EUR,23.7360229433184
2026-02-20,NESN.S,CHF,23.0467514932962
2026-02-20,NG.L,GBp,23.1323147782151
2026-02-20,NKT.CO,DKK,26.1261231783659
2026-02-20,P911_p.DE,EUR,40.5167464114833
2026-02-20,PLUSP.L,GBp,15.4904441759373
2026-02-20,RIO.L,GBp,15.7818660606227
2026-02-20,SALM.OL,NOK,72.3780487804878
2026-02-20,SPMI.MI,EUR,21.5093628251854
2026-02-20,STAN.L,GBp,12.8826854076465
2026-02-20,STDM.PA,EUR,67.1739170388341
2026-02-20,SVT.L,GBp,29.9786275856805
2026-02-20,TBCG.L,GBp,6.93023051721847
2026-02-20,ULVR.L,GBp,23.8435618774379
2026-02-20,UU.L,GBp,22.8290291278664
2026-02-20,VEND.OL,NOK,
2026-02-20,VOES.VI,EUR,36.7367252402282
2026-02-20,VSURE.ST,EUR,
2026-02-20,WALLb.ST,SEK,11.2647774905248
2026-02-20,WEIR.L,GBp,29.0440098823332
2026-02-20,WISEa.L,GBp,23.3164823876078
2026-02-23,AALB.AS,EUR,24.9611123688227
2026-02-23,ABF.L,GBp,13.7776365049092
2026-02-23,ADP.PA,EUR,31.2740283174935
2026-02-23,ALFA.ST,SEK,26.4093215012645
2026-02-23,ALKb.CO,DKK,39.5043061917256
2026-02-23,AM.PA,EUR,34.6182438144902
2026-02-23,AMPF.MI,EUR,25.3703487693923
2026-02-23,BAER.S,CHF,17.3758063300272
2026-02-23,BEAN.S,CHF,59.3806265754411
2026-02-23,CARR.PA,EUR,17.4147374891604
2026-02-23,CONG.DE,EUR,
2026-02-23,DANSKE.CO,DKK,12.2580770177563
2026-02-23,DCC.L,GBp,46.9483568075118
2026-02-23,DHLn.DE,EUR,16.2092068294792
2026-02-23,DNB.OL,NOK,10.690482059859
2026-02-23,EXHO.PA,EUR,10.0650895618776
2026-02-23,GALP.LS,EUR,14.0423955608642
2026-02-23,GAW.L,GBp,27.9152005714368
2026-02-23,GETIb.ST,SEK,24.0103061570362
2026-02-23,GFCP.PA,EUR,12.7285504037337
2026-02-23,GJFG.OL,NOK,20.8913811033038
2026-02-23,HLMA.L,GBp,43.4240734667104
2026-02-23,HLN.L,GBp,24.5137351128135
2026-02-23,IBE.MC,EUR,24.1616456697706
2026-02-23,INDUc.ST,SEK,15.3360120234334
2026-02-23,INWT.MI,EUR,22.2517394054396
2026-02-23,KYGa.I,EUR,18.1530208328121
2026-02-23,LDOF.MI,EUR,31.6230971873006
2026-02-23,LVMH.PA,EUR,25.5442808735595
2026-02-23,MANTA.HE,EUR,23.5555698772275
2026-02-23,NESN.S,CHF,23.186325195332
2026-02-23,NG.L,GBp,23.3643253647722
2026-02-23,NKT.CO,DKK,25.7027266684986
2026-02-23,P911_p.DE,EUR,39.3971291866029
2026-02-23,PLUSP.L,GBp,15.0494620335071
2026-02-23,RIO.L,GBp,15.8788523970028
2026-02-23,SALM.OL,NOK,69.6341463414634
2026-02-23,SPMI.MI,EUR,21.3397008922961
2026-02-23,STAN.L,GBp,12.9860263356834
2026-02-23,STDM.PA,EUR,64.9501020014335
2026-02-23,SVT.L,GBp,30.0740401496069
2026-02-23,TBCG.L,GBp,6.9001638496623
2026-02-23,ULVR.L,GBp,24.2114375289187
2026-02-23,UU.L,GBp,22.9481963194362
2026-02-23,VEND.OL,NOK,
2026-02-23,VOES.VI,EUR,37.3186325178975
2026-02-23,VSURE.ST,EUR,
2026-02-23,WALLb.ST,SEK,11.1593584498381
2026-02-23,WEIR.L,GBp,29.2115070558185
2026-02-23,WISEa.L,GBp,22.4784407017923
2026-02-24,AALB.AS,EUR,24.7274214396822
2026-02-24,ABF.L,GBp,13.8447411174684
2026-02-24,ADP.PA,EUR,31.9471448210157
2026-02-24,ALFA.ST,SEK,26.7290711372995
2026-02-24,ALKb.CO,DKK,39.8378322289915
2026-02-24,AM.PA,EUR,34.6582649056053
2026-02-24,AMPF.MI,EUR,25.0981764454294
2026-02-24,BAER.S,CHF,17.2627316684436
2026-02-24,BEAN.S,CHF,58.5523946705077
2026-02-24,CARR.PA,EUR,17.7056234289415
2026-02-24,CONG.DE,EUR,
2026-02-24,DANSKE.CO,DKK,11.9530604643285
2026-02-24,DCC.L,GBp,47.7308294209703
2026-02-24,DHLn.DE,EUR,16.0814979271863
2026-02-24,DNB.OL,NOK,10.5146517628218
2026-02-24,EXHO.PA,EUR,10.0608408959587
2026-02-24,GALP.LS,EUR,13.9252181012716
2026-02-24,GAW.L,GBp,27.5948884593147
2026-02-24,GETIb.ST,SEK,23.9741188078922
2026-02-24,GFCP.PA,EUR,12.6373954203736
2026-02-24,GJFG.OL,NOK,20.8448524148777
2026-02-24,HLMA.L,GBp,44.4080026238111
2026-02-24,HLN.L,GBp,24.2803279669639
2026-02-24,IBE.MC,EUR,24.4050879435214
2026-02-24,INDUc.ST,SEK,15.5613575062267
2026-02-24,INWT.MI,EUR,22.2517394054396
2026-02-24,KYGa.I,EUR,18.6534486986373
2026-02-24,LDOF.MI,EUR,32.2666855743481
2026-02-24,LVMH.PA,EUR,25.718238341874
2026-02-24,MANTA.HE,EUR,21.4159120935778
2026-02-24,NESN.S,CHF,23.6249854017301
2026-02-24,NG.L,GBp,23.5963359513293
2026-02-24,NKT.CO,DKK,25.1819756175712
2026-02-24,P911_p.DE,EUR,39.7607655502392
2026-02-24,PLUSP.L,GBp,14.6623167806816
2026-02-24,RIO.L,GBp,16.1136908822083
2026-02-24,SALM.OL,NOK,71.9512195121951
2026-02-24,SPMI.MI,EUR,21.4842277240166
2026-02-24,STAN.L,GBp,12.794576955407
2026-02-24,STDM.PA,EUR,65.9241697450883
2026-02-24,SVT.L,GBp,30.551102969239
2026-02-24,TBCG.L,GBp,6.74660621584971
2026-02-24,ULVR.L,GBp,24.2790300215874
2026-02-24,UU.L,GBp,23.2716501251256
2026-02-24,VEND.OL,NOK,
2026-02-24,VOES.VI,EUR,37.1348723249493
2026-02-24,VSURE.ST,EUR,
2026-02-24,WALLb.ST,SEK,11.1995180843854
2026-02-24,WEIR.L,GBp,29.1445081864243
2026-02-24,WISEa.L,GBp,22.5189911059447
2026-02-25,AALB.AS,EUR,24.3622793629001
2026-02-25,ABF.L,GBp,13.8058910786184
2026-02-25,ADP.PA,EUR,30.7044681991286
2026-02-25,ALFA.ST,SEK,26.4892589102733
2026-02-25,ALKb.CO,DKK,38.8372541171936
2026-02-25,AM.PA,EUR,34.4181383589151
2026-02-25,AMPF.MI,EUR,25.2051012869863
2026-02-25,BAER.S,CHF,17.4996500069999
2026-02-25,BEAN.S,CHF,58.3003240907454
2026-02-25,CARR.PA,EUR,17.7220886708159
2026-02-25,CONG.DE,EUR,
2026-02-25,DANSKE.CO,DKK,12.024829065135
2026-02-25,DCC.L,GBp,47.4086348154285
2026-02-25,DHLn.DE,EUR,16.1895593060495
2026-02-25,DNB.OL,NOK,10.6939986657997
2026-02-25,EXHO.PA,EUR,9.8484076000136
2026-02-25,GALP.LS,EUR,13.8004808055761
2026-02-25,GAW.L,GBp,27.9152005714368
2026-02-25,GETIb.ST,SEK,24.1369618790402
2026-02-25,GFCP.PA,EUR,12.7451240370719
2026-02-25,GJFG.OL,NOK,21.2636106107123
2026-02-25,HLMA.L,GBp,44.5610582704712
2026-02-25,HLN.L,GBp,22.6165539529595
2026-02-25,IBE.MC,EUR,24.7702513541477
2026-02-25,INDUc.ST,SEK,15.664640852507
2026-02-25,INWT.MI,EUR,22.5679949399114
2026-02-25,KYGa.I,EUR,18.1655315294577
2026-02-25,LDOF.MI,EUR,31.0449584667325
2026-02-25,LVMH.PA,EUR,25.3153894678824
2026-02-25,MANTA.HE,EUR,21.931492282409
2026-02-25,NESN.S,CHF,23.6135916301354
2026-02-25,NG.L,GBp,23.8541254919484
2026-02-25,NKT.CO,DKK,26.4148350225966
2026-02-25,P911_p.DE,EUR,39.5406698564593
2026-02-25,PLUSP.L,GBp,14.7229213898378
2026-02-25,RIO.L,GBp,16.623836533843
2026-02-25,SALM.OL,NOK,70.4268292682927
2026-02-25,SPMI.MI,EUR,23.6433585313175
2026-02-25,STAN.L,GBp,13.0284769385872
2026-02-25,STDM.PA,EUR,67.1739170388341
2026-02-25,SVT.L,GBp,30.5892679948096
2026-02-25,TBCG.L,GBp,6.77516327919722
2026-02-25,ULVR.L,GBp,23.9684430147322
2026-02-25,UU.L,GBp,23.3823053744403
2026-02-25,VEND.OL,NOK,
2026-02-25,VOES.VI,EUR,37.5330194096704
2026-02-25,VSURE.ST,EUR,
2026-02-25,WALLb.ST,SEK,11.1744183127934
2026-02-25,WEIR.L,GBp,29.6972488589255
2026-02-25,WISEa.L,GBp,22.5730583114812
2026-02-26,AALB.AS,EUR,26.2902295283095
2026-02-26,ABF.L,GBp,13.7670410397683
2026-02-26,ADP.PA,EUR,30.8080245842858
2026-02-26,ALFA.ST,SEK,26.5292276147776
2026-02-26,ALKb.CO,DKK,38.9113710143639
2026-02-26,AM.PA,EUR,33.7177692644023
2026-02-26,AMPF.MI,EUR,26.0507795792993
2026-02-26,BAER.S,CHF,17.7096458070839
2026-02-26,BEAN.S,CHF,56.0316888728844
2026-02-26,CARR.PA,EUR,12.0818896211246
2026-02-26,CONG.DE,EUR,
2026-02-26,DANSKE.CO,DKK,11.9315298840865
2026-02-26,DCC.L,GBp,47.8228850225536
2026-02-26,DHLn.DE,EUR,16.3139936211041
2026-02-26,DNB.OL,NOK,10.676415636096
2026-02-26,EXHO.PA,EUR,9.96312157982394
2026-02-26,GALP.LS,EUR,13.8231603138844
2026-02-26,GAW.L,GBp,28.5398091900748
2026-02-26,GETIb.ST,SEK,24.4505855716214
2026-02-26,GFCP.PA,EUR,12.8197053870938
2026-02-26,GJFG.OL,NOK,21.2651247211423
2026-02-26,HLMA.L,GBp,45.0858204875916
2026-02-26,HLN.L,GBp,21.3035019455253
2026-02-26,IBE.MC,EUR,21.5584443512575
2026-02-26,INDUc.ST,SEK,15.8993757304167
2026-02-26,INWT.MI,EUR,22.3782416192283
2026-02-26,KYGa.I,EUR,18.4532775523072
2026-02-26,LDOF.MI,EUR,30.7504349675752
2026-02-26,LVMH.PA,EUR,25.2512998742928
2026-02-26,MANTA.HE,EUR,21.8606000064447
2026-02-26,NESN.S,CHF,23.562319657959
2026-02-26,NG.L,GBp,23.8197535531992
2026-02-26,NKT.CO,DKK,22.3624847666938
2026-02-26,P911_p.DE,EUR,39.5980861244019
2026-02-26,PLUSP.L,GBp,14.658441442145
2026-02-26,RIO.L,GBp,16.2250070552801
2026-02-26,SALM.OL,NOK,69.0853658536586
2026-02-26,SPMI.MI,EUR,23.488120950324
2026-02-26,STAN.L,GBp,13.2117741313783
2026-02-26,STDM.PA,EUR,66.8982374887431
2026-02-26,SVT.L,GBp,30.818258148233
2026-02-26,TBCG.L,GBp,6.78826128862992
2026-02-26,ULVR.L,GBp,23.8309823436907
2026-02-26,UU.L,GBp,23.5184964505201
2026-02-26,VEND.OL,NOK,
2026-02-26,VOES.VI,EUR,37.4258259637839
2026-02-26,VSURE.ST,EUR,
2026-02-26,WALLb.ST,SEK,11.3802364398484
2026-02-26,WEIR.L,GBp,29.6135002721829
2026-02-26,WISEa.L,GBp,22.9515287502366
2026-02-19,ABDN.L,GBp,11.8200952697463
2026-02-19,ABNd.AS,EUR,11.751801304034
2026-02-19,AKRBP.OL,NOK,142.892822839807
2026-02-19,AMRZ.S,CHF,29.870973470351
2026-02-19,ANA.MC,EUR,12.8792861420059
2026-02-19,BALDb.ST,SEK,10.3374965054061
2026-02-19,BC8G.DE,EUR,19.2120821869695
2026-02-19,BEIG.DE,EUR,26.9966909734011
2026-02-19,CABK.MC,EUR,15.1785967600079
2026-02-19,CAGR.PA,EUR,8.3743910159368
2026-02-19,ENGIE.PA,EUR,12.9840770591704
2026-02-19,EVDG.DE,EUR,21.8755117933909
2026-02-19,FRES.L,GBp,84.0928263627588
2026-02-19,GRG.L,GBp,11.1897725903721
2026-02-19,HBANC.S,CHF,19.0134201995281
2026-02-19,HPOLb.ST,SEK,13.4548464924332
2026-02-19,IFXGn.DE,EUR,59.8649495846612
2026-02-19,IMB.L,GBp,12.7997440051199
2026-02-19,IMCD.AS,EUR,23.0113428168945
2026-02-19,INVP.L,GBp,8.86848448537711
2026-02-19,IPN.PA,EUR,29.4772538826313
2026-02-19,JDEP.AS,EUR,25.4997385673491
2026-02-19,LEGD.PA,EUR,32.3999743112196
2026-02-19,LISP.S,CHF,46.1935950761554
2026-02-19,LLOY.L,GBp,14.7207389233656
2026-02-19,LONN.S,CHF,41.5901630223112
2026-02-19,NDAFI.HE,EUR,12.0047322160852
2026-02-19,NN.AS,EUR,14.6925112908755
2026-02-19,PKN.WA,PLN,17.4289827570306
2026-02-19,ROCKb.CO,DKK,
2026-02-19,RS1R.L,GBp,20.7688184849929
2026-02-19,RUBF.PA,EUR,9.79109935102303
2026-02-19,RWEG.DE,EUR,16.6706080916916
2026-02-19,SAVE.ST,SEK,24.7586748439679
2026-02-19,SECTb.ST,SEK,56.261932205712
2026-02-19,SGRO.L,GBp,17.4321343554129
2026-02-19,SIKA.S,CHF,23.6760037695608
2026-02-19,SKAb.ST,SEK,19.6739577893599
2026-02-19,SKFb.ST,SEK,29.5334822955644
2026-02-19,SOPR.PA,EUR,8.54529891936249
2026-02-19,SPX.L,GBp,35.4806595174994
2026-02-19,SUN.S,CHF,22.1625452984456
2026-02-19,TCFP.PA,EUR,51.8118401763138
2026-02-19,THULE.ST,SEK,21.7149587202703
2026-02-19,TUB.BR,EUR,118.79448793576
2026-02-19,TW.L,GBp,48.2751367269668
2026-02-19,VLLP.PA,EUR,11.6681843341011
2026-02-19,VLOF.PA,EUR,25.4716611867857
2026-02-19,VOPA.AS,EUR,11.1684187688606
2026-02-19,WLSNc.AS,EUR,13.0612655511217
2026-02-20,ABDN.L,GBp,11.9751855544478
2026-02-20,ABNd.AS,EUR,11.8251990914985
2026-02-20,AKRBP.OL,NOK,141.222308244092
2026-02-20,AMRZ.S,CHF,30.4364283811633
2026-02-20,ANA.MC,EUR,12.9250966110069
2026-02-20,BALDb.ST,SEK,10.7178383579634
2026-02-20,BC8G.DE,EUR,19.3174500965873
2026-02-20,BEIG.DE,EUR,26.9840224182752
2026-02-20,CABK.MC,EUR,15.554515277896
2026-02-20,CAGR.PA,EUR,8.51660198361363
2026-02-20,ENGIE.PA,EUR,12.9251032042461
2026-02-20,EVDG.DE,EUR,22.4102836630536
2026-02-20,FRES.L,GBp,83.9561278152682
2026-02-20,GRG.L,GBp,11.2960718866708
2026-02-20,HBANC.S,CHF,19.4644863827042
2026-02-20,HPOLb.ST,SEK,13.7384796200734
2026-02-20,IFXGn.DE,EUR,59.0355780784703
2026-02-20,IMB.L,GBp,12.9197416051679
2026-02-20,IMCD.AS,EUR,23.1579118794225
2026-02-20,INVP.L,GBp,8.95905031280044
2026-02-20,IPN.PA,EUR,29.6469809710373
2026-02-20,JDEP.AS,EUR,25.515826730483
2026-02-20,LEGD.PA,EUR,32.967268212275
2026-02-20,LISP.S,CHF,46.2657725684619
2026-02-20,LLOY.L,GBp,15.0310290085149
2026-02-20,LONN.S,CHF,41.4510654871196
2026-02-20,NDAFI.HE,EUR,12.1752952191553
2026-02-20,NN.AS,EUR,14.9821028177681
2026-02-20,PKN.WA,PLN,11.4882113646979
2026-02-20,ROCKb.CO,DKK,
2026-02-20,RS1R.L,GBp,20.7539304430681
2026-02-20,RUBF.PA,EUR,9.90123545170945
2026-02-20,RWEG.DE,EUR,16.7937101335657
2026-02-20,SAVE.ST,SEK,25.0294464075383
2026-02-20,SECTb.ST,SEK,55.9938764143666
2026-02-20,SGRO.L,GBp,17.7771953962742
2026-02-20,SIKA.S,CHF,24.5129950648513
2026-02-20,SKAb.ST,SEK,20.1394414487015
2026-02-20,SKFb.ST,SEK,30.1480384642589
2026-02-20,SOPR.PA,EUR,8.57357120693689
2026-02-20,SPX.L,GBp,35.8897894799049
2026-02-20,SUN.S,CHF,22.3871656899839
2026-02-20,TCFP.PA,EUR,52.0282967816838
2026-02-20,THULE.ST,SEK,22.4510590158726
2026-02-20,TUB.BR,EUR,118.314510206726
2026-02-20,TW.L,GBp,48.359276398822
2026-02-20,VLLP.PA,EUR,11.4926110426673
2026-02-20,VLOF.PA,EUR,25.4814466885862
2026-02-20,VOPA.AS,EUR,10.9120135697521
2026-02-20,WLSNc.AS,EUR,13.069648905134
2026-02-23,ABDN.L,GBp,11.8754846571397
2026-02-23,ABNd.AS,EUR,11.9475287372726
2026-02-23,AKRBP.OL,NOK,141.615932459464
2026-02-23,AMRZ.S,CHF,29.7354512189993
2026-02-23,ANA.MC,EUR,12.8465643784337
2026-02-23,BALDb.ST,SEK,10.6040608807027
2026-02-23,BC8G.DE,EUR,19.0364690042733
2026-02-23,BEIG.DE,EUR,27.3134048515499
2026-02-23,CABK.MC,EUR,13.1602635653332
2026-02-23,CAGR.PA,EUR,8.58541374216693
2026-02-23,ENGIE.PA,EUR,13.033221938274
2026-02-23,EVDG.DE,EUR,21.9590698980257
2026-02-23,FRES.L,GBp,86.6593598499329
2026-02-23,GRG.L,GBp,11.2039458298786
2026-02-23,HBANC.S,CHF,19.425263236341
2026-02-23,HPOLb.ST,SEK,13.6055265914921
2026-02-23,IFXGn.DE,EUR,59.9367849119691
2026-02-23,IMB.L,GBp,13.1997360052799
2026-02-23,IMCD.AS,EUR,22.2133556986866
2026-02-23,INVP.L,GBp,8.90331749592454
2026-02-23,IPN.PA,EUR,29.5153837187879
2026-02-23,JDEP.AS,EUR,25.515826730483
2026-02-23,LEGD.PA,EUR,32.9993791878064
2026-02-23,LISP.S,CHF,45.7605301223165
2026-02-23,LLOY.L,GBp,14.980516669072
2026-02-23,LONN.S,CHF,40.2300982337704
2026-02-23,NDAFI.HE,EUR,12.1571502188287
2026-02-23,NN.AS,EUR,14.948033226369
2026-02-23,PKN.WA,PLN,11.807966929333
2026-02-23,ROCKb.CO,DKK,
2026-02-23,RS1R.L,GBp,20.6050500238209
2026-02-23,RUBF.PA,EUR,9.78008574095439
2026-02-23,RWEG.DE,EUR,16.7418776948819
2026-02-23,SAVE.ST,SEK,24.2171317168271
2026-02-23,SECTb.ST,SEK,53.521806338626
2026-02-23,SGRO.L,GBp,20.0836820083682
2026-02-23,SIKA.S,CHF,23.9811656737946
2026-02-23,SKAb.ST,SEK,19.9430655299168
2026-02-23,SKFb.ST,SEK,30.0668706683936
2026-02-23,SOPR.PA,EUR,8.39686940959689
2026-02-23,SPX.L,GBp,35.5261184022111
2026-02-23,SUN.S,CHF,21.8880092643433
2026-02-23,TCFP.PA,EUR,49.8834086011984
2026-02-23,THULE.ST,SEK,21.773071901502
2026-02-23,TUB.BR,EUR,113.034755187359
2026-02-23,TW.L,GBp,48.254101809003
2026-02-23,VLLP.PA,EUR,11.5193934091572
2026-02-23,VLOF.PA,EUR,24.7475340535463
2026-02-23,VOPA.AS,EUR,10.6260231553618
2026-02-23,WLSNc.AS,EUR,12.5079641863117
2026-02-24,ABDN.L,GBp,11.8533289021823
2026-02-24,ABNd.AS,EUR,11.5030643576266
2026-02-24,AKRBP.OL,NOK,141.793839220292
2026-02-24,AMRZ.S,CHF,30.7775706000832
2026-02-24,ANA.MC,EUR,13.2588585994431
2026-02-24,BALDb.ST,SEK,10.6723273670591
2026-02-24,BC8G.DE,EUR,18.8842709126032
2026-02-24,BEIG.DE,EUR,27.794809946336
2026-02-24,CABK.MC,EUR,12.7942006025036
2026-02-24,CAGR.PA,EUR,8.48907728019231
2026-02-24,ENGIE.PA,EUR,13.2592883821506
2026-02-24,EVDG.DE,EUR,21.6248374794865
2026-02-24,FRES.L,GBp,87.8668765303378
2026-02-24,GRG.L,GBp,11.3102451261773
2026-02-24,HBANC.S,CHF,19.4154574497502
2026-02-24,HPOLb.ST,SEK,13.6764348734021
2026-02-24,IFXGn.DE,EUR,60.9686014314822
2026-02-24,IMB.L,GBp,12.9717405651887
2026-02-24,IMCD.AS,EUR,21.8387903166706
2026-02-24,INVP.L,GBp,8.924217302253
2026-02-24,IPN.PA,EUR,30.0229731203212
2026-02-24,JDEP.AS,EUR,25.4997385673491
2026-02-24,LEGD.PA,EUR,33.0314901633378
2026-02-24,LISP.S,CHF,46.4101275530749
2026-02-24,LLOY.L,GBp,14.8073315052677
2026-02-24,LONN.S,CHF,40.4773827407778
2026-02-24,NDAFI.HE,EUR,11.9874725512077
2026-02-24,NN.AS,EUR,14.8117548607725
2026-02-24,PKN.WA,PLN,11.8455852310547
2026-02-24,ROCKb.CO,DKK,
2026-02-24,RS1R.L,GBp,20.6348261076703
2026-02-24,RUBF.PA,EUR,9.92326267184673
2026-02-24,RWEG.DE,EUR,17.0658304366559
2026-02-24,SAVE.ST,SEK,23.8448208169178
2026-02-24,SECTb.ST,SEK,53.2239665704644
2026-02-24,SGRO.L,GBp,19.9556977602757
2026-02-24,SIKA.S,CHF,24.3271587662348
2026-02-24,SKAb.ST,SEK,19.9139728012079
2026-02-24,SKFb.ST,SEK,30.2987786565802
2026-02-24,SOPR.PA,EUR,8.36859712202248
2026-02-24,SPX.L,GBp,36.0034366916842
2026-02-24,SUN.S,CHF,22.0627140133175
2026-02-24,TCFP.PA,EUR,49.4308175172427
2026-02-24,THULE.ST,SEK,21.9280403847867
2026-02-24,TUB.BR,EUR,113.754721780909
2026-02-24,TW.L,GBp,48.2751367269668
2026-02-24,VLLP.PA,EUR,11.6116437826224
2026-02-24,VLOF.PA,EUR,25.6771567245968
2026-02-24,VOPA.AS,EUR,10.7246405396343
2026-02-24,WLSNc.AS,EUR,13.0361154890849
2026-02-25,ABDN.L,GBp,12.0305749418411
2026-02-25,ABNd.AS,EUR,11.6457822776965
2026-02-25,AKRBP.OL,NOK,141.872630132397
2026-02-25,AMRZ.S,CHF,29.623294873053
2026-02-25,ANA.MC,EUR,14.358309855468
2026-02-25,BALDb.ST,SEK,10.7113367878343
2026-02-25,BC8G.DE,EUR,18.9662237311948
2026-02-25,BEIG.DE,EUR,26.768656981134
2026-02-25,CABK.MC,EUR,12.7401913129058
2026-02-25,CAGR.PA,EUR,8.72303725927353
2026-02-25,ENGIE.PA,EUR,13.5344997051307
2026-02-25,EVDG.DE,EUR,21.3574515446551
2026-02-25,FRES.L,GBp,94.7556337542498
2026-02-25,GRG.L,GBp,11.3102451261773
2026-02-25,HBANC.S,CHF,19.4939037424765
2026-02-25,HPOLb.ST,SEK,13.6409807324471
2026-02-25,IFXGn.DE,EUR,61.4845096912387
2026-02-25,IMB.L,GBp,13.0877382452351
2026-02-25,IMCD.AS,EUR,21.2308001313693
2026-02-25,INVP.L,GBp,9.02871633389531
2026-02-25,IPN.PA,EUR,29.9665742979287
2026-02-25,JDEP.AS,EUR,19.7096982651489
2026-02-25,LEGD.PA,EUR,33.1385267484426
2026-02-25,LISP.S,CHF,46.1935950761554
2026-02-25,LLOY.L,GBp,15.0815413479579
2026-02-25,LONN.S,CHF,40.6937566844093
2026-02-25,NDAFI.HE,EUR,12.0270708088844
2026-02-25,NN.AS,EUR,14.8415657532467
2026-02-25,PKN.WA,PLN,12.02740702271
2026-02-25,ROCKb.CO,DKK,
2026-02-25,RS1R.L,GBp,20.5752739399714
2026-02-25,RUBF.PA,EUR,9.85167420640056
2026-02-25,RWEG.DE,EUR,17.6100710428363
2026-02-25,SAVE.ST,SEK,24.0309762668725
2026-02-25,SECTb.ST,SEK,53.7898621299713
2026-02-25,SGRO.L,GBp,20.1919763721388
2026-02-25,SIKA.S,CHF,24.6808405940624
2026-02-25,SKAb.ST,SEK,19.9721582586256
2026-02-25,SKFb.ST,SEK,29.9161304760723
2026-02-25,SOPR.PA,EUR,8.65838806966009
2026-02-25,SPX.L,GBp,35.6397656139904
2026-02-25,SUN.S,CHF,22.2374187622917
2026-02-25,TCFP.PA,EUR,49.8637307279829
2026-02-25,THULE.ST,SEK,21.773071901502
2026-02-25,TUB.BR,EUR,113.994710645426
2026-02-25,TW.L,GBp,47.6861590239798
2026-02-25,VLLP.PA,EUR,11.596764690128
2026-02-25,VLOF.PA,EUR,25.4912321903867
2026-02-25,VOPA.AS,EUR,11.5086487446007
2026-02-25,WLSNc.AS,EUR,13.3588746185574
2026-02-26,ABDN.L,GBp,11.9530297994904
2026-02-26,ABNd.AS,EUR,11.7885001977663
2026-02-26,AKRBP.OL,NOK,140.421887440634
2026-02-26,AMRZ.S,CHF,29.9831298162973
2026-02-26,ANA.MC,EUR,14.3844872663257
2026-02-26,BALDb.ST,SEK,10.9648980228725
2026-02-26,BC8G.DE,EUR,19.6101387344143
2026-02-26,BEIG.DE,EUR,26.8193312016378
2026-02-26,CABK.MC,EUR,12.776197505971
2026-02-26,CAGR.PA,EUR,8.72762470984375
2026-02-26,ENGIE.PA,EUR,20.16456690225
2026-02-26,EVDG.DE,EUR,21.9089350352448
2026-02-26,FRES.L,GBp,89.3961400134735
2026-02-26,GRG.L,GBp,11.2606387879046
2026-02-26,HBANC.S,CHF,19.6311847547475
2026-02-26,HPOLb.ST,SEK,13.7296160848347
2026-02-26,IFXGn.DE,EUR,61.086150148895
2026-02-26,IMB.L,GBp,13.1477370452591
2026-02-26,IMCD.AS,EUR,21.5130812888306
2026-02-26,INVP.L,GBp,8.99388332334787
2026-02-26,IPN.PA,EUR,30.1733699800348
2026-02-26,JDEP.AS,EUR,19.6972709648556
2026-02-26,LEGD.PA,EUR,32.9565645537645
2026-02-26,LISP.S,CHF,46.4101275530749
2026-02-26,LLOY.L,GBp,15.1392697358926
2026-02-26,LONN.S,CHF,41.1110492899844
2026-02-26,NDAFI.HE,EUR,11.9694733431729
2026-02-26,NN.AS,EUR,15.0843115919655
2026-02-26,PKN.WA,PLN,12.0420363622684
2026-02-26,ROCKb.CO,DKK,
2026-02-26,RS1R.L,GBp,20.7390424011434
2026-02-26,RUBF.PA,EUR,9.97833072218995
2026-02-26,RWEG.DE,EUR,17.4545737267847
2026-02-26,SAVE.ST,SEK,24.2509781622734
2026-02-26,SECTb.ST,SEK,56.1427962984474
2026-02-26,SGRO.L,GBp,20.6005414718189
2026-02-26,SIKA.S,CHF,24.2118277354214
2026-02-26,SKAb.ST,SEK,20.0667096269294
2026-02-26,SKFb.ST,SEK,30.4843050471295
2026-02-26,SOPR.PA,EUR,9.16728924599929
2026-02-26,SPX.L,GBp,35.8897894799049
2026-02-26,SUN.S,CHF,21.9878405494714
2026-02-26,TCFP.PA,EUR,50.0211537137066
2026-02-26,THULE.ST,SEK,22.7028828012103
2026-02-26,TUB.BR,EUR,107.275022438959
2026-02-26,TW.L,GBp,47.7282288599075
2026-02-26,VLLP.PA,EUR,11.8259027145416
2026-02-26,VLOF.PA,EUR,24.8649600751527
2026-02-26,VOPA.AS,EUR,8.89512661023399
2026-02-26,WLSNc.AS,EUR,11.6958443479523
2026-02-19,AEGN.AS,EUR,7.85172874014757
2026-02-19,AIRP.PA,EUR,28.1901082202638
2026-02-19,AKE.PA,EUR,35.9158849973362
2026-02-19,ARDS.AS,EUR,12.0014784976653
2026-02-19,ARGX.BR,EUR,36.5351475479135
2026-02-19,ASML.AS,EUR,47.5657236370761
2026-02-19,AZN.L,GBp,34.191313728528
2026-02-19,BARN.S,CHF,43.1569612769731
2026-02-19,BCP.LS,EUR,11.1078140454995
2026-02-19,BEZG.L,GBp,10.8799937854617
2026-02-19,BMEB.L,GBp,7.56774219601825
2026-02-19,BT.L,GBp,21.1694809255785
2026-02-19,BTRW.L,GBp,25.7760153151921
2026-02-19,BVI.PA,EUR,18.9249735435192
2026-02-19,CFR.S,CHF,26.7792647103226
2026-02-19,CNA.L,GBp,
2026-02-19,COLOb.CO,DKK,27.088762709328
2026-02-19,CPRI.MI,EUR,40.4297602782263
2026-02-19,ELE.MC,EUR,15.1177724012872
2026-02-19,EMG.L,GBp,23.4466058716976
2026-02-19,ESLX.PA,EUR,46.7126709623612
2026-02-19,EUFI.PA,EUR,26.5421576230951
2026-02-19,EZJ.L,GBp,7.6379407276524
2026-02-19,FER.MC,EUR,13.2096957865626
2026-02-19,FPE3_p.DE,EUR,16.4680930696775
2026-02-19,GALE.S,CHF,26.6390256543146
2026-02-19,GSK.L,GBp,16.0140428623843
2026-02-19,HEIO.AS,EUR,20.9160584587608
2026-02-19,INVEb.ST,SEK,7.11463604515375
2026-02-19,JMAT.L,GBp,
2026-02-19,KGX.DE,EUR,31.3553721400283
2026-02-19,KSP.I,EUR,21.5964274384441
2026-02-19,LIFCOb.ST,SEK,40.2614490365921
2026-02-19,NHY.OL,NOK,24.6234408096023
2026-02-19,ORAN.PA,EUR,61.2155367326967
2026-02-19,PRY.MI,EUR,24.9195855543642
2026-02-19,PUBP.PA,EUR,11.1697766197939
2026-02-19,REDE.MC,EUR,17.6280275666452
2026-02-19,REL.L,GBp,22.1792329641631
2026-02-19,REY.MI,EUR,14.232017525102
2026-02-19,ROR.L,GBp,32.2893617021277
2026-02-19,RXL.PA,EUR,18.3711760161337
2026-02-19,SAABb.ST,SEK,57.4773515830402
2026-02-19,SATG_p.DE,EUR,85.7034677832468
2026-02-19,SCTS.L,GBp,17.0791742800622
2026-02-19,SOON.S,CHF,22.5281084656085
2026-02-19,SRENH.S,CHF,13.1517716506667
2026-02-19,TLXGn.DE,EUR,12.2373008010804
2026-02-19,UTG.L,GBp,8.14247576225938
2026-02-19,VNAn.DE,EUR,8.53788354139547
2026-02-20,AEGN.AS,EUR,8.04311148044623
2026-02-20,AIRP.PA,EUR,29.5430718669384
2026-02-20,AKE.PA,EUR,36.1852541348163
2026-02-20,ARDS.AS,EUR,12.6475439686382
2026-02-20,ARGX.BR,EUR,36.8042256851198
2026-02-20,ASML.AS,EUR,48.2341484402461
2026-02-20,AZN.L,GBp,34.1972300258729
2026-02-20,BARN.S,CHF,42.9500443393438
2026-02-20,BCP.LS,EUR,11.2166172106825
2026-02-20,BEZG.L,GBp,10.8871977743159
2026-02-20,BMEB.L,GBp,7.51322537656988
2026-02-20,BT.L,GBp,21.1694809255785
2026-02-20,BTRW.L,GBp,25.8717352659647
2026-02-20,BVI.PA,EUR,19.0074353018788
2026-02-20,CFR.S,CHF,27.3401350982243
2026-02-20,CNA.L,GBp,
2026-02-20,COLOb.CO,DKK,27.2751144227756
2026-02-20,CPRI.MI,EUR,41.5227921997268
2026-02-20,ELE.MC,EUR,15.137012327983
2026-02-20,EMG.L,GBp,23.5158078162136
2026-02-20,ESLX.PA,EUR,47.7551855074439
2026-02-20,EUFI.PA,EUR,26.5893996716678
2026-02-20,EZJ.L,GBp,7.61223998072444
2026-02-20,FER.MC,EUR,13.387560327531
2026-02-20,FPE3_p.DE,EUR,16.4680930696775
2026-02-20,GALE.S,CHF,26.2503239181135
2026-02-20,GSK.L,GBp,15.9205197010137
2026-02-20,HEIO.AS,EUR,21.1815655478001
2026-02-20,INVEb.ST,SEK,7.16231996885948
2026-02-20,JMAT.L,GBp,
2026-02-20,KGX.DE,EUR,31.620686827367
2026-02-20,KSP.I,EUR,23.2639482011111
2026-02-20,LIFCOb.ST,SEK,40.1863343928671
2026-02-20,NHY.OL,NOK,25.1117910096493
2026-02-20,ORAN.PA,EUR,59.899436439105
2026-02-20,PRY.MI,EUR,24.7722225892181
2026-02-20,PUBP.PA,EUR,11.3567569638684
2026-02-20,REDE.MC,EUR,17.7277461386753
2026-02-20,REL.L,GBp,20.7215970443614
2026-02-20,REY.MI,EUR,14.1844982679231
2026-02-20,ROR.L,GBp,32.8170212765958
2026-02-20,RXL.PA,EUR,18.5818776525831
2026-02-20,SAABb.ST,SEK,57.1783907708235
2026-02-20,SATG_p.DE,EUR,87.8416000356355
2026-02-20,SCTS.L,GBp,17.1093761797617
2026-02-20,SOON.S,CHF,22.5051440329218
2026-02-20,SRENH.S,CHF,13.2821336769562
2026-02-20,TLXGn.DE,EUR,12.4201176197707
2026-02-20,UTG.L,GBp,8.15652662638753
2026-02-20,VNAn.DE,EUR,8.57222237830785
2026-02-23,AEGN.AS,EUR,7.97260204980988
2026-02-23,AIRP.PA,EUR,30.3011913451919
2026-02-23,AKE.PA,EUR,35.9757448056651
2026-02-23,ARDS.AS,EUR,11.9963154174075
2026-02-23,ARGX.BR,EUR,35.8586691344562
2026-02-23,ASML.AS,EUR,47.9882910413789
2026-02-23,AZN.L,GBp,34.3810308112555
2026-02-23,BARN.S,CHF,42.5657700266036
2026-02-23,BCP.LS,EUR,11.3921859545005
2026-02-23,BEZG.L,GBp,10.8750533468057
2026-02-23,BMEB.L,GBp,7.60812502523927
2026-02-23,BT.L,GBp,21.5238690848447
2026-02-23,BTRW.L,GBp,25.6597839463968
2026-02-23,BVI.PA,EUR,18.8425117851596
2026-02-23,CFR.S,CHF,27.6092564066127
2026-02-23,CNA.L,GBp,
2026-02-23,COLOb.CO,DKK,27.1847620768616
2026-02-23,CPRI.MI,EUR,41.2743758539312
2026-02-23,ELE.MC,EUR,15.3967513383774
2026-02-23,EMG.L,GBp,23.2698167408577
2026-02-23,ESLX.PA,EUR,47.3141216614474
2026-02-23,EUFI.PA,EUR,26.1091055111786
2026-02-23,EZJ.L,GBp,7.54316922335556
2026-02-23,FER.MC,EUR,13.3702076893878
2026-02-23,FPE3_p.DE,EUR,16.3433347888466
2026-02-23,GALE.S,CHF,26.3798911635139
2026-02-23,GSK.L,GBp,15.8701610756602
2026-02-23,HEIO.AS,EUR,21.3880710614973
2026-02-23,INVEb.ST,SEK,7.16329311015959
2026-02-23,JMAT.L,GBp,
2026-02-23,KGX.DE,EUR,31.2106550378435
2026-02-23,KSP.I,EUR,22.7216650262601
2026-02-23,LIFCOb.ST,SEK,39.3350350973173
2026-02-23,NHY.OL,NOK,25.7119322193457
2026-02-23,ORAN.PA,EUR,59.8150710356697
2026-02-23,PRY.MI,EUR,24.3961929540177
2026-02-23,PUBP.PA,EUR,11.022644545768
2026-02-23,REDE.MC,EUR,17.8828639173887
2026-02-23,REL.L,GBp,20.0879909331858
2026-02-23,REY.MI,EUR,14.0340206201897
2026-02-23,ROR.L,GBp,32.7659574468085
2026-02-23,RXL.PA,EUR,18.3962595442825
2026-02-23,SAABb.ST,SEK,55.4700432724421
2026-02-23,SATG_p.DE,EUR,82.3180917169647
2026-02-23,SCTS.L,GBp,16.6412467344196
2026-02-23,SOON.S,CHF,22.2467941651969
2026-02-23,SRENH.S,CHF,13.2821177508691
2026-02-23,TLXGn.DE,EUR,12.2944310569212
2026-02-23,UTG.L,GBp,8.12139946606717
2026-02-23,VNAn.DE,EUR,8.60031779032706
2026-02-24,AEGN.AS,EUR,7.96001108005339
2026-02-24,AIRP.PA,EUR,30.7415954766681
2026-02-24,AKE.PA,EUR,36.6641326014474
2026-02-24,ARDS.AS,EUR,11.7221139221525
2026-02-24,ARGX.BR,EUR,36.1040784456771
2026-02-24,ASML.AS,EUR,48.5337871451154
2026-02-24,AZN.L,GBp,34.3356038124372
2026-02-24,BARN.S,CHF,45.019213715637
2026-02-24,BCP.LS,EUR,11.1918892185955
2026-02-24,BEZG.L,GBp,10.9717208331567
2026-02-24,BMEB.L,GBp,7.87667083955902
2026-02-24,BT.L,GBp,21.8157181571816
2026-02-24,BTRW.L,GBp,25.4683440448516
2026-02-24,BVI.PA,EUR,18.9524607963057
2026-02-24,CFR.S,CHF,27.6586615860721
2026-02-24,CNA.L,GBp,
2026-02-24,COLOb.CO,DKK,27.6026416767137
2026-02-24,CPRI.MI,EUR,41.0756427772947
2026-02-24,ELE.MC,EUR,16.4886171783685
2026-02-24,EMG.L,GBp,23.094148605344
2026-02-24,ESLX.PA,EUR,47.0133963119043
2026-02-24,EUFI.PA,EUR,26.2902000307073
2026-02-24,EZJ.L,GBp,7.55923219018553
2026-02-24,FER.MC,EUR,13.3918984870669
2026-02-24,FPE3_p.DE,EUR,16.3522460946202
2026-02-24,GALE.S,CHF,24.7214304223892
2026-02-24,GSK.L,GBp,15.8341906289792
2026-02-24,HEIO.AS,EUR,21.4913238183459
2026-02-24,INVEb.ST,SEK,7.21486959906578
2026-02-24,JMAT.L,GBp,
2026-02-24,KGX.DE,EUR,30.7523842142585
2026-02-24,KSP.I,EUR,22.9792495343143
2026-02-24,LIFCOb.ST,SEK,39.8608376033922
2026-02-24,NHY.OL,NOK,25.7648858554954
2026-02-24,ORAN.PA,EUR,60.8612020382682
2026-02-24,PRY.MI,EUR,24.8636892572398
2026-02-24,PUBP.PA,EUR,11.1452546074562
2026-02-24,REDE.MC,EUR,17.9382631240721
2026-02-24,REL.L,GBp,20.2843195873529
2026-02-24,REY.MI,EUR,13.9548218582247
2026-02-24,ROR.L,GBp,32.731914893617
2026-02-24,RXL.PA,EUR,18.3912428386527
2026-02-24,SAABb.ST,SEK,56.1960909592542
2026-02-24,SATG_p.DE,EUR,84.6344016570525
2026-02-24,SCTS.L,GBp,16.4751362860724
2026-02-24,SOON.S,CHF,22.2066064079953
2026-02-24,SRENH.S,CHF,13.4333108050147
2026-02-24,TLXGn.DE,EUR,12.2715789545849
2026-02-24,UTG.L,GBp,6.96079808908248
2026-02-24,VNAn.DE,EUR,8.67836060149155
2026-02-25,AEGN.AS,EUR,8.12117549293647
2026-02-25,AIRP.PA,EUR,30.9149829300052
2026-02-25,AKE.PA,EUR,36.0655345181585
2026-02-25,ARDS.AS,EUR,12.3562048799297
2026-02-25,ARGX.BR,EUR,36.2719723249341
2026-02-25,ASML.AS,EUR,49.4941676094402
2026-02-25,AZN.L,GBp,31.5027453115221
2026-02-25,BARN.S,CHF,44.1324268400828
2026-02-25,BCP.LS,EUR,11.3180019782394
2026-02-25,BEZG.L,GBp,11.1714776975425
2026-02-25,BMEB.L,GBp,7.6888906836813
2026-02-25,BT.L,GBp,22.2222222222222
2026-02-25,BTRW.L,GBp,25.2495555859429
2026-02-25,BVI.PA,EUR,19.708360247935
2026-02-25,CFR.S,CHF,26.9575387019478
2026-02-25,CNA.L,GBp,
2026-02-25,COLOb.CO,DKK,27.2186442065793
2026-02-25,CPRI.MI,EUR,39.0137871071916
2026-02-25,ELE.MC,EUR,16.7750362291206
2026-02-25,EMG.L,GBp,23.3160315570076
2026-02-25,ESLX.PA,EUR,47.5346535844457
2026-02-25,EUFI.PA,EUR,26.4555472007118
2026-02-25,EZJ.L,GBp,7.42590956549675
2026-02-25,FER.MC,EUR,13.2964589772789
2026-02-25,FPE3_p.DE,EUR,16.4680930696775
2026-02-25,GALE.S,CHF,24.630733350609
2026-02-25,GSK.L,GBp,15.9277137903499
2026-02-25,HEIO.AS,EUR,21.2700679108132
2026-02-25,INVEb.ST,SEK,7.24892954456987
2026-02-25,JMAT.L,GBp,
2026-02-25,KGX.DE,EUR,30.4870695269198
2026-02-25,KSP.I,EUR,22.2471672482654
2026-02-25,LIFCOb.ST,SEK,39.8357993888172
2026-02-25,NHY.OL,NOK,26.3944457519416
2026-02-25,ORAN.PA,EUR,60.9624405223906
2026-02-25,PRY.MI,EUR,25.4074077838135
2026-02-25,PUBP.PA,EUR,11.1360588528296
2026-02-25,REDE.MC,EUR,18.1155405854588
2026-02-25,REL.L,GBp,21.551531809704
2026-02-25,REY.MI,EUR,13.9469019820282
2026-02-25,ROR.L,GBp,32.6808510638298
2026-02-25,RXL.PA,EUR,18.5969277694723
2026-02-25,SAABb.ST,SEK,55.4017093725069
2026-02-25,SATG_p.DE,EUR,85.4362012516983
2026-02-25,SCTS.L,GBp,16.5506410353211
2026-02-25,SOON.S,CHF,22.4879207084068
2026-02-25,SRENH.S,CHF,13.5385379072861
2026-02-25,TLXGn.DE,EUR,12.2944310569212
2026-02-25,UTG.L,GBp,25.0945966399274
2026-02-25,VNAn.DE,EUR,8.74079485042315
2026-02-26,AEGN.AS,EUR,8.19672131147541
2026-02-26,AIRP.PA,EUR,31.1230478740097
2026-02-26,AKE.PA,EUR,36.7838522181052
2026-02-26,ARDS.AS,EUR,12.5961311882779
2026-02-26,ARGX.BR,EUR,33.2657457513431
2026-02-26,ASML.AS,EUR,46.9250820732022
2026-02-26,AZN.L,GBp,31.2791747704757
2026-02-26,BARN.S,CHF,43.1569612769731
2026-02-26,BCP.LS,EUR,13.5922330097087
2026-02-26,BEZG.L,GBp,11.1894382726189
2026-02-26,BMEB.L,GBp,7.6727375519929
2026-02-26,BT.L,GBp,21.6697936210131
2026-02-26,BTRW.L,GBp,25.1469984958294
2026-02-26,BVI.PA,EUR,22.3529232503924
2026-02-26,CFR.S,CHF,27.4385412638435
2026-02-26,CNA.L,GBp,
2026-02-26,COLOb.CO,DKK,27.1734680336224
2026-02-26,CPRI.MI,EUR,39.0262079244814
2026-02-26,ELE.MC,EUR,16.6701624590039
2026-02-26,EMG.L,GBp,22.7912378370036
2026-02-26,ESLX.PA,EUR,47.9757174304422
2026-02-26,EUFI.PA,EUR,26.6602627445268
2026-02-26,EZJ.L,GBp,7.65400369448237
2026-02-26,FER.MC,EUR,13.6174827829293
2026-02-26,FPE3_p.DE,EUR,16.5839400447348
2026-02-26,GALE.S,CHF,24.5659497279088
2026-02-26,GSK.L,GBp,15.5895915915484
2026-02-26,HEIO.AS,EUR,21.3880710614973
2026-02-26,INVEb.ST,SEK,7.29661346827559
2026-02-26,JMAT.L,GBp,
2026-02-26,KGX.DE,EUR,27.230934727763
2026-02-26,KSP.I,EUR,22.2336101688941
2026-02-26,LIFCOb.ST,SEK,40.0611433199921
2026-02-26,NHY.OL,NOK,25.5118851494469
2026-02-26,ORAN.PA,EUR,60.2031518914723
2026-02-26,PRY.MI,EUR,25.4455188954892
2026-02-26,PUBP.PA,EUR,11.5682593202805
2026-02-26,REDE.MC,EUR,17.1072750238217
2026-02-26,REL.L,GBp,22.5331750805394
2026-02-26,REY.MI,EUR,14.5408926967654
2026-02-26,ROR.L,GBp,32.6638297872341
2026-02-26,RXL.PA,EUR,18.5266938906559
2026-02-26,SAABb.ST,SEK,55.6237945472964
2026-02-26,SATG_p.DE,EUR,84.723490500902
2026-02-26,SCTS.L,GBp,17.1848809290104
2026-02-26,SOON.S,CHF,23.1022192827748
2026-02-26,SRENH.S,CHF,13.5071402191874
2026-02-26,TLXGn.DE,EUR,12.2487268522486
2026-02-26,UTG.L,GBp,25.3518995005298
2026-02-26,VNAn.DE,EUR,8.81883766158764
2026-02-19,AG1G.DE,EUR,52.3621831718399
2026-02-19,ALLFG.AS,EUR,6.65379885492764
2026-02-19,ANTO.L,GBp,40.3544323272106
2026-02-19,AOO.BR,EUR,15.136186770428
2026-02-19,ASSAb.ST,SEK,28.5250328887962
2026-02-19,BASFn.DE,EUR,180.319976298052
2026-02-19,BAWG.VI,EUR,13.3552066369397
2026-02-19,BBOXT.L,GBp,9.94104255443349
2026-02-19,BCVN.S,CHF,22.4066008526901
2026-02-19,BGN.MI,EUR,14.0628568642395
2026-02-19,BKGH.L,GBp,11.8371041726069
2026-02-19,CDR.WA,PLN,42.4341043949107
2026-02-19,CMBN.S,CHF,15.2355819271085
2026-02-19,DRX.L,GBp,8.01632956021525
2026-02-19,EDEN.PA,EUR,8.60619297974331
2026-02-19,EDPR.LS,EUR,
2026-02-19,ENAG.MC,EUR,11.4904310844771
2026-02-19,EQNR.OL,NOK,15.356830233088
2026-02-19,GIVN.S,CHF,25.8950798915178
2026-02-19,HOTG.DE,EUR,34.6895199694238
2026-02-19,HWDN.L,GBp,18.6913873019295
2026-02-19,ICAG.L,GBp,8.23848278687553
2026-02-19,IETB.BR,EUR,22.4230481755793
2026-02-19,ITV.L,GBp,16.7049488410942
2026-02-19,KESKOB.HE,EUR,20.8316831683168
2026-02-19,LATOb.ST,SEK,29.3619895225157
2026-02-19,LHAG.DE,EUR,6.67796535557855
2026-02-19,LMPL.L,GBp,14.3423617178574
2026-02-19,LOGN.S,CHF,18.7777969028115
2026-02-19,LTEN.PA,EUR,14.068596051942
2026-02-19,MRCG.DE,EUR,18.8234670795369
2026-02-19,MUVGn.DE,EUR,11.3357120416024
2026-02-19,OREP.PA,EUR,34.5605991670458
2026-02-19,ORNBV.HE,EUR,19.5537087383008
2026-02-19,PSPN.S,CHF,17.7299788228372
2026-02-19,PST.MI,EUR,13.7074626865672
2026-02-19,R3NK.DE,EUR,60.1811161256555
2026-02-19,RAND.AS,EUR,16.911044761686
2026-02-19,RBREW.CO,DKK,22.1036540685034
2026-02-19,REP.MC,EUR,19.381998461407
2026-02-19,SBMO.AS,EUR,17.9134926414591
2026-02-19,SGOB.PA,EUR,15.5699464816439
2026-02-19,SHCS.L,GBp,8.48013816925734
2026-02-19,SPL1.WA,PLN,10.6654129133402
2026-02-19,STMN.S,CHF,35.395060807282
2026-02-19,SY1G.DE,EUR,20.6363280884272
2026-02-19,TCAPI.L,GBp,12.2048537764634
2026-02-19,TEGG.DE,EUR,8.23366093613254
2026-02-19,VOLVb.ST,SEK,20.4857820883933
2026-02-19,VOWG_p.DE,EUR,7.73599103920649
2026-02-20,AG1G.DE,EUR,53.4844254666886
2026-02-20,ALLFG.AS,EUR,6.65787094725012
2026-02-20,ANTO.L,GBp,41.6345292148346
2026-02-20,AOO.BR,EUR,15.0875486381323
2026-02-20,ASSAb.ST,SEK,28.9179604941518
2026-02-20,BASFn.DE,EUR,181.060662173172
2026-02-20,BAWG.VI,EUR,13.4847720744623
2026-02-20,BBOXT.L,GBp,10.0986515673341
2026-02-20,BCVN.S,CHF,22.8463378899418
2026-02-20,BGN.MI,EUR,14.3708026349893
2026-02-20,BKGH.L,GBp,12.0530288979257
2026-02-20,CDR.WA,PLN,42.8374037342012
2026-02-20,CMBN.S,CHF,32.5168990105018
2026-02-20,DRX.L,GBp,8.04416403785489
2026-02-20,EDEN.PA,EUR,8.74391139631978
2026-02-20,EDPR.LS,EUR,
2026-02-20,ENAG.MC,EUR,11.5174946839358
2026-02-20,EQNR.OL,NOK,15.1052671353236
2026-02-20,GIVN.S,CHF,26.2415023649829
2026-02-20,HOTG.DE,EUR,33.7358679982023
2026-02-20,HWDN.L,GBp,18.6482699148432
2026-02-20,ICAG.L,GBp,8.31162697498724
2026-02-20,IETB.BR,EUR,22.0177405530542
2026-02-20,ITV.L,GBp,16.8406765504281
2026-02-20,KESKOB.HE,EUR,20.8712871287129
2026-02-20,LATOb.ST,SEK,29.8965550511227
2026-02-20,LHAG.DE,EUR,6.66769382020411
2026-02-20,LMPL.L,GBp,14.3558034814168
2026-02-20,LOGN.S,CHF,18.8339851616399
2026-02-20,LTEN.PA,EUR,13.8939032201712
2026-02-20,MRCG.DE,EUR,18.8602604084648
2026-02-20,MUVGn.DE,EUR,11.4668830282726
2026-02-20,OREP.PA,EUR,35.0986945717985
2026-02-20,ORNBV.HE,EUR,19.4693649191564
2026-02-20,PSPN.S,CHF,17.6513785367322
2026-02-20,PST.MI,EUR,13.8029850746269
2026-02-20,R3NK.DE,EUR,60.0329840708664
2026-02-20,RAND.AS,EUR,16.9352206655626
2026-02-20,RBREW.CO,DKK,22.2415863871836
2026-02-20,REP.MC,EUR,11.3701319680891
2026-02-20,SBMO.AS,EUR,17.9139409909214
2026-02-20,SGOB.PA,EUR,16.0501710132916
2026-02-20,SHCS.L,GBp,8.54922279792747
2026-02-20,SPL1.WA,PLN,10.7363265630299
2026-02-20,STMN.S,CHF,42.1421985910828
2026-02-20,SY1G.DE,EUR,20.8786548660869
2026-02-20,TCAPI.L,GBp,12.4395625029339
2026-02-20,TEGG.DE,EUR,8.1481555995936
2026-02-20,VOLVb.ST,SEK,20.7158931199162
2026-02-20,VOWG_p.DE,EUR,7.75858887086921
2026-02-23,AG1G.DE,EUR,52.7727596211748
2026-02-23,ALLFG.AS,EUR,6.6782314088625
2026-02-23,ANTO.L,GBp,42.5851451148018
2026-02-23,AOO.BR,EUR,14.9902723735409
2026-02-23,ASSAb.ST,SEK,28.8272848929159
2026-02-23,BASFn.DE,EUR,180.98659358566
2026-02-23,BAWG.VI,EUR,13.4748055023451
2026-02-23,BBOXT.L,GBp,9.97022940867434
2026-02-23,BCVN.S,CHF,22.9462781256808
2026-02-23,BGN.MI,EUR,14.0115325691146
2026-02-23,BKGH.L,GBp,11.9699809266493
2026-02-23,CDR.WA,PLN,42.4691739026751
2026-02-23,CMBN.S,CHF,32.5000421421708
2026-02-23,DRX.L,GBp,8.04416403785489
2026-02-23,EDEN.PA,EUR,8.79706587289315
2026-02-23,EDPR.LS,EUR,
2026-02-23,ENAG.MC,EUR,11.6296153102648
2026-02-23,EQNR.OL,NOK,15.2548554076092
2026-02-23,GIVN.S,CHF,26.449355849062
2026-02-23,HOTG.DE,EUR,33.569106416402
2026-02-23,HWDN.L,GBp,18.3572275520104
2026-02-23,ICAG.L,GBp,8.16501459030446
2026-02-23,IETB.BR,EUR,21.5885913056747
2026-02-23,ITV.L,GBp,16.6214240968887
2026-02-23,KESKOB.HE,EUR,20.950495049505
2026-02-23,LATOb.ST,SEK,29.3228749716419
2026-02-23,LHAG.DE,EUR,6.7351924812361
2026-02-23,LMPL.L,GBp,14.3423617178574
2026-02-23,LOGN.S,CHF,18.6397090969353
2026-02-23,LTEN.PA,EUR,13.3232399697199
2026-02-23,MRCG.DE,EUR,18.5291204481133
2026-02-23,MUVGn.DE,EUR,11.4838083168753
2026-02-23,OREP.PA,EUR,34.7443390613516
2026-02-23,ORNBV.HE,EUR,19.1882188553419
2026-02-23,PSPN.S,CHF,17.7748932720401
2026-02-23,PST.MI,EUR,13.9164179104478
2026-02-23,R3NK.DE,EUR,58.0973918882887
2026-02-23,RAND.AS,EUR,16.3429110205858
2026-02-23,RBREW.CO,DKK,22.4312433253689
2026-02-23,REP.MC,EUR,11.5099286726148
2026-02-23,SBMO.AS,EUR,18.047484078212
2026-02-23,SGOB.PA,EUR,15.7406929817853
2026-02-23,SHCS.L,GBp,8.59527921704088
2026-02-23,SPL1.WA,PLN,10.853334085018
2026-02-23,STMN.S,CHF,41.0412023237287
2026-02-23,SY1G.DE,EUR,20.8731474393219
2026-02-23,TCAPI.L,GBp,12.0640285405811
2026-02-23,TEGG.DE,EUR,8.15318532527236
2026-02-23,VOLVb.ST,SEK,20.6568902913206
2026-02-23,VOWG_p.DE,EUR,7.56274099645892
2026-02-24,AG1G.DE,EUR,53.1012207806427
2026-02-24,ALLFG.AS,EUR,6.66194303957259
2026-02-24,ANTO.L,GBp,43.9560400119782
2026-02-24,AOO.BR,EUR,15.204280155642
2026-02-24,ASSAb.ST,SEK,29.1522057973446
2026-02-24,BASFn.DE,EUR,180.98659358566
2026-02-24,BAWG.VI,EUR,13.046242901309
2026-02-24,BBOXT.L,GBp,9.97022940867434
2026-02-24,BCVN.S,CHF,22.9063020313852
2026-02-24,BGN.MI,EUR,13.9088839788647
2026-02-24,BKGH.L,GBp,12.069638492181
2026-02-24,CDR.WA,PLN,42.0834093172668
2026-02-24,CMBN.S,CHF,32.7697520354668
2026-02-24,DRX.L,GBp,8.10447207274077
2026-02-24,EDEN.PA,EUR,9.14256997062007
2026-02-24,EDPR.LS,EUR,
2026-02-24,ENAG.MC,EUR,11.6953411946646
2026-02-24,EQNR.OL,NOK,15.4063458116426
2026-02-24,GIVN.S,CHF,26.9776501210963
2026-02-24,HOTG.DE,EUR,34.136095794523
2026-02-24,HWDN.L,GBp,18.5404764471273
2026-02-24,ICAG.L,GBp,8.24128598459807
2026-02-24,IETB.BR,EUR,21.7912451169372
2026-02-24,ITV.L,GBp,16.4856963875548
2026-02-24,KESKOB.HE,EUR,20.7722772277228
2026-02-24,LATOb.ST,SEK,29.3489513388911
2026-02-24,LHAG.DE,EUR,6.7043778751128
2026-02-24,LMPL.L,GBp,14.1676187915855
2026-02-24,LOGN.S,CHF,19.0523346374951
2026-02-24,LTEN.PA,EUR,13.7541489547546
2026-02-24,MRCG.DE,EUR,18.4702511218286
2026-02-24,MUVGn.DE,EUR,11.6107479813949
2026-02-24,OREP.PA,EUR,35.2693101879397
2026-02-24,ORNBV.HE,EUR,19.3147345840585
2026-02-24,PSPN.S,CHF,18.3924669485797
2026-02-24,PST.MI,EUR,13.6537313432836
2026-02-24,R3NK.DE,EUR,58.7096710480837
2026-02-24,RAND.AS,EUR,16.113239933758
2026-02-24,RBREW.CO,DKK,22.3277940863587
2026-02-24,REP.MC,EUR,11.600019882198
2026-02-24,SBMO.AS,EUR,18.536636206562
2026-02-24,SGOB.PA,EUR,15.6339764191969
2026-02-24,SHCS.L,GBp,8.47438111686817
2026-02-24,SPL1.WA,PLN,10.6228647235263
2026-02-24,STMN.S,CHF,40.6652523787785
2026-02-24,SY1G.DE,EUR,21.4899792370011
2026-02-24,TCAPI.L,GBp,12.0170867952871
2026-02-24,TEGG.DE,EUR,8.2386906618113
2026-02-24,VOLVb.ST,SEK,20.8397990599669
2026-02-24,VOWG_p.DE,EUR,7.69079537588103
2026-02-25,AG1G.DE,EUR,43.4389883396288
2026-02-25,ALLFG.AS,EUR,6.66194303957259
2026-02-25,ANTO.L,GBp,46.7184762732491
2026-02-25,AOO.BR,EUR,15.1264591439689
2026-02-25,ASSAb.ST,SEK,28.5930395897231
2026-02-25,BASFn.DE,EUR,181.208799348196
2026-02-25,BAWG.VI,EUR,13.295407204237
2026-02-25,BBOXT.L,GBp,9.99941626291519
2026-02-25,BCVN.S,CHF,23.2061227386023
2026-02-25,BGN.MI,EUR,14.1141811593645
2026-02-25,BKGH.L,GBp,11.9755174580677
2026-02-25,CDR.WA,PLN,43.6615371666643
2026-02-25,CMBN.S,CHF,33.1406031387489
2026-02-25,DRX.L,GBp,8.18797550565968
2026-02-25,EDEN.PA,EUR,8.67478076806773
2026-02-25,EDPR.LS,EUR,
2026-02-25,ENAG.MC,EUR,11.7301372511115
2026-02-25,EQNR.OL,NOK,15.3924840484055
2026-02-25,GIVN.S,CHF,26.3714107925323
2026-02-25,HOTG.DE,EUR,34.5863520653839
2026-02-25,HWDN.L,GBp,18.4542416729546
2026-02-25,ICAG.L,GBp,8.49667488331572
2026-02-25,IETB.BR,EUR,21.2309669328584
2026-02-25,ITV.L,GBp,16.412612236375
2026-02-25,KESKOB.HE,EUR,20.5742574257426
2026-02-25,LATOb.ST,SEK,29.1403404008981
2026-02-25,LHAG.DE,EUR,6.7381272056288
2026-02-25,LMPL.L,GBp,14.1138517373479
2026-02-25,LOGN.S,CHF,18.8063675678445
2026-02-25,LTEN.PA,EUR,19.6021870533783
2026-02-25,MRCG.DE,EUR,18.5144031165421
2026-02-25,MUVGn.DE,EUR,11.6911431022573
2026-02-25,OREP.PA,EUR,34.8668323242222
2026-02-25,ORNBV.HE,EUR,19.2303907649141
2026-02-25,PSPN.S,CHF,18.2336169549074
2026-02-25,PST.MI,EUR,13.9402985074627
2026-02-25,R3NK.DE,EUR,57.4851127284937
2026-02-25,RAND.AS,EUR,16.3791748764007
2026-02-25,RBREW.CO,DKK,22.0519294489983
2026-02-25,REP.MC,EUR,11.7056440589507
2026-02-25,SBMO.AS,EUR,18.6198314417389
2026-02-25,SGOB.PA,EUR,15.6161903254322
2026-02-25,SHCS.L,GBp,8.7392055267703
2026-02-25,SPL1.WA,PLN,9.84646192210424
2026-02-25,STMN.S,CHF,41.5156153494992
2026-02-25,SY1G.DE,EUR,20.9116994266769
2026-02-25,TCAPI.L,GBp,11.8762615594048
2026-02-25,TEGG.DE,EUR,8.33928517538653
2026-02-25,VOLVb.ST,SEK,20.6391894427419
2026-02-25,VOWG_p.DE,EUR,7.57027360701316
2026-02-26,AG1G.DE,EUR,48.0648163354683
2026-02-26,ALLFG.AS,EUR,6.73524070137718
2026-02-26,ANTO.L,GBp,44.6735598033762
2026-02-26,AOO.BR,EUR,15.2140077821012
2026-02-26,ASSAb.ST,SEK,28.9481856945638
2026-02-26,BASFn.DE,EUR,183.912302792386
2026-02-26,BAWG.VI,EUR,13.5146717908136
2026-02-26,BBOXT.L,GBp,9.94104255443349
2026-02-26,BCVN.S,CHF,23.5059434458194
2026-02-26,BGN.MI,EUR,14.2681540447394
2026-02-26,BKGH.L,GBp,12.0419558350889
2026-02-26,CDR.WA,PLN,43.6966066744287
2026-02-26,CMBN.S,CHF,33.6631660570099
2026-02-26,DRX.L,GBp,8.34570421228429
2026-02-26,EDEN.PA,EUR,9.25593438161475
2026-02-26,EDPR.LS,EUR,
2026-02-26,ENAG.MC,EUR,11.6760100521941
2026-02-26,EQNR.OL,NOK,15.3759507680098
2026-02-26,GIVN.S,CHF,26.4666769727353
2026-02-26,HOTG.DE,EUR,33.585782574582
2026-02-26,HWDN.L,GBp,20.4376414789264
2026-02-26,ICAG.L,GBp,8.70999646747429
2026-02-26,IETB.BR,EUR,21.77932430451
2026-02-26,ITV.L,GBp,16.5065775736062
2026-02-26,KESKOB.HE,EUR,20.2574257425743
2026-02-26,LATOb.ST,SEK,29.7922495821262
2026-02-26,LHAG.DE,EUR,6.91567803138688
2026-02-26,LMPL.L,GBp,14.2885946636199
2026-02-26,LOGN.S,CHF,19.2717051483041
2026-02-26,LTEN.PA,EUR,20.6511335177731
2026-02-26,MRCG.DE,EUR,18.4923271191854
2026-02-26,MUVGn.DE,EUR,11.6065166592442
2026-02-26,OREP.PA,EUR,34.7749623770693
2026-02-26,ORNBV.HE,EUR,19.1038750361976
2026-02-26,PSPN.S,CHF,18.5702375756134
2026-02-26,PST.MI,EUR,13.7313432835821
2026-02-26,R3NK.DE,EUR,57.4061089659395
2026-02-26,RAND.AS,EUR,16.8808248818403
2026-02-26,RBREW.CO,DKK,22.0002048294932
2026-02-26,REP.MC,EUR,11.7895220816661
2026-02-26,SBMO.AS,EUR,18.8055654212077
2026-02-26,SGOB.PA,EUR,15.4490010440437
2026-02-26,SHCS.L,GBp,8.21266479360277
2026-02-26,SPL1.WA,PLN,9.76834123247431
2026-02-26,STMN.S,CHF,41.3365915661896
2026-02-26,SY1G.DE,EUR,21.0934445099216
2026-02-26,TCAPI.L,GBp,11.970145049993
2026-02-26,TEGG.DE,EUR,8.28898791859892
2026-02-26,VOLVb.ST,SEK,20.6745911398992
2026-02-26,VOWG_p.DE,EUR,7.6681975442183
