Date,RIC,Price Target - Mean,Recommendation - Mean (1-5),Revenue - Mean
2014-01-22,GLDD.OQ,,2.66667,
2014-04-08,AGM.N,,1.33333,
2014-11-07,GLDD.OQ,8.8,,796363170
2014-11-07,GLDD.OQ,,,796363170
2014-11-12,AGM.N,,,71100000
2014-11-12,AGM.N,,,102100000
2014-11-12,AGM.N,41.33333,,71100000
2014-12-05,INVX.N,,2.42857,
2014-12-22,INVX.N,,,924515640
2014-12-23,INVX.N,95.75,,
2015-01-06,INVX.N,94.75,,
2015-01-08,INVX.N,93.61539,2.53333,924056000
2015-01-08,INVX.N,,,924056000
2015-01-08,INVX.N,,2.53333,924056000
2015-01-09,GLDD.OQ,9.0,,
2015-01-09,INVX.N,93.0,,
2015-01-11,INVX.N,92.30769,,
2015-01-14,INVX.N,91.53846,,
2015-01-15,INVX.N,90.76923,,
2015-01-21,INVX.N,89.84615,,
2015-01-22,INVX.N,89.46154,,
2015-02-06,INVX.N,,2.53333,
2015-02-24,GLDD.OQ,,3.0,
2015-02-24,GLDD.OQ,8.7,3.0,998633330
2015-02-25,GLDD.OQ,7.95,,948833330
2015-02-25,GLDD.OQ,,,948833330
2015-02-27,GLDD.OQ,7.75,,
2015-02-27,INVX.N,88.07692,2.4,990146000
2015-02-27,INVX.N,,2.4,
2015-03-02,GLDD.OQ,,,939700000
2015-03-02,INVX.N,84.33333,,929746000
2015-03-09,AGM.N,,1.5,
2015-03-09,AGM.N,40.0,1.5,
2015-03-09,INVX.N,84.08333,,923654330
2015-03-16,AGM.N,38.0,,
2015-03-16,INVX.N,83.25,,920904330
2015-03-16,INVX.N,,,920904330
2015-03-23,AGM.N,,,105600000
2015-03-23,INVX.N,82.91667,,
2015-03-27,GLDD.OQ,,,944150000
2015-03-27,INVX.N,81.53846,,
2015-03-30,GLDD.OQ,7.65,,
2015-04-01,INVX.N,,,921654330
2015-04-01,INVX.N,81.23077,,921654330
2015-04-02,GLDD.OQ,,3.0,955680000
2015-04-07,INVX.N,81.0,,
2015-04-10,INVX.N,80.23077,,918776830
2015-04-10,INVX.N,80.23077,,
2015-04-20,INVX.N,,,916360170
2015-04-30,INVX.N,81.61539,2.46667,913510170
2015-04-30,INVX.N,,2.46667,
2015-05-01,GLDD.OQ,7.8125,,
2015-05-01,INVX.N,83.61539,,
2015-05-01,GLDD.OQ,7.8125,2.75,947100000
2015-05-01,INVX.N,83.61539,,901275920
2015-05-04,INVX.N,,,902242580
2015-05-05,GLDD.OQ,,2.75,
2015-05-05,GLDD.OQ,,2.75,937365000
2015-05-06,GLDD.OQ,7.5,,916790000
2015-05-07,INVX.N,,,899173730
2015-05-08,GLDD.OQ,7.25,,
2015-05-08,GLDD.OQ,7.25,,912690000
2015-05-12,AGM.N,,,133911000
2015-05-18,INVX.N,83.69231,,900800920
2015-06-15,INVX.N,,,900634250
2015-06-15,INVX.N,83.0,,900634250
2015-06-16,GLDD.OQ,,,908940000
2015-06-16,INVX.N,83.38462,,
2015-06-24,INVX.N,83.15385,,
2015-07-07,GLDD.OQ,,,906440000
2015-07-08,INVX.N,82.61539,,897781750
2015-07-30,INVX.N,81.92308,,893992460
2015-07-31,INVX.N,,2.6,
2015-07-31,INVX.N,77.92308,2.6,880910150
2015-08-03,INVX.N,78.15385,,875840920
2015-08-04,GLDD.OQ,,,901657500
2015-08-04,INVX.N,77.38462,2.53333,875371690
2015-08-04,INVX.N,,2.53333,
2015-08-05,GLDD.OQ,,,908682500
2015-08-05,INVX.N,77.23077,,868694770
2015-08-06,INVX.N,75.76923,,867595140
2015-08-11,AGM.N,36.0,,135575500
2015-08-11,GLDD.OQ,,,910076670
2015-08-17,GLDD.OQ,,,908395250
2015-08-23,INVX.N,75.46154,,868166570
2015-08-23,INVX.N,,,868166570
2015-08-31,INVX.N,75.15385,,
2015-09-08,INVX.N,75.07692,,
2015-09-09,AGM.N,37.0,,135549500
2015-09-17,INVX.N,74.46154,,
2015-09-21,GLDD.OQ,,,905145250
2015-09-21,INVX.N,73.69231,,
2015-09-25,INVX.N,,,867952290
2015-09-29,INVX.N,,2.5,
2015-09-29,INVX.N,73.75,2.5,867737850
2015-09-30,INVX.N,74.54546,,865116000
2015-09-30,INVX.N,,,865116000
2015-10-05,INVX.N,73.63636,,
2015-10-07,INVX.N,73.72727,,864007670
2015-10-14,INVX.N,73.27273,,862749250
2015-10-19,GLDD.OQ,,2.5,
2015-10-19,GLDD.OQ,7.0,2.5,904245250
2015-10-20,GLDD.OQ,7.0,,898620250
2015-10-20,GLDD.OQ,7.0,,
2015-10-24,GLDD.OQ,,,897043330
2015-10-29,INVX.N,68.09091,,852784080
2015-10-30,INVX.N,67.90909,,846042920
2015-11-02,INVX.N,67.72727,,839884580
2015-11-03,GLDD.OQ,6.125,,877975000
2015-11-04,GLDD.OQ,5.625,2.75,855350000
2015-11-04,GLDD.OQ,,2.75,
2015-11-04,GLDD.OQ,,2.75,855350000
2015-11-06,INVX.N,67.66667,2.53333,840231920
2015-11-10,AGM.N,37.5,,136199500
2015-11-10,AGM.N,37.5,,
2015-11-11,AGM.N,,,136430500
2015-11-26,INVX.N,67.72727,2.5,839884580
2015-11-26,INVX.N,,,839884580
2015-12-01,INVX.N,68.33333,2.35714,
2015-12-14,INVX.N,69.0,2.4,839355000
2016-01-05,INVX.N,67.64286,2.5,838901070
2016-01-05,INVX.N,,2.5,
2016-01-12,INVX.N,67.21429,,838613290
2016-01-12,INVX.N,,,838613290
2016-01-13,GLDD.OQ,5.375,,
2016-01-13,INVX.N,66.92857,,
2016-01-15,INVX.N,,,838168150
2016-01-15,INVX.N,,2.46667,838168150
2016-01-15,INVX.N,66.92308,2.46667,838168150
2016-01-20,INVX.N,65.76923,,
2016-01-21,INVX.N,65.23077,,
2016-01-27,AGM.N,38.33333,1.33333,136476670
2016-02-22,INVX.N,63.92308,2.53333,
2016-02-23,GLDD.OQ,5.3125,,872850000
2016-02-24,GLDD.OQ,4.9375,,869686000
2016-02-24,INVX.N,62.84615,2.6,838175850
2016-02-24,GLDD.OQ,,,869686000
2016-02-24,INVX.N,,2.6,
2016-02-25,INVX.N,61.69231,,622785460
2016-02-26,INVX.N,59.07692,2.71429,602953580
2016-02-29,INVX.N,,2.66667,
2016-02-29,INVX.N,58.53846,2.66667,591311000
2016-03-02,INVX.N,58.0,,590980230
2016-03-02,INVX.N,,,590980230
2016-03-10,AGM.N,,1.66667,
2016-03-10,AGM.N,39.0,1.66667,142733330
2016-03-10,INVX.N,58.15385,,
2016-03-11,AGM.N,39.33333,,142116670
2016-03-17,AGM.N,40.33333,,141447670
2016-03-18,GLDD.OQ,5.3125,2.25,
2016-03-18,GLDD.OQ,,2.25,
2016-03-28,INVX.N,57.38462,,
2016-04-12,INVX.N,,,591018690
2016-04-18,INVX.N,57.92308,,
2016-04-20,INVX.N,,2.6,
2016-04-20,INVX.N,58.69231,2.6,
2016-04-25,INVX.N,58.15385,,
2016-04-26,INVX.N,58.78571,,590995620
2016-04-27,INVX.N,59.42857,2.66667,593106310
2016-04-28,AGM.N,42.33333,,141386000
2016-04-29,INVX.N,60.07692,2.64286,
2016-04-29,INVX.N,60.07692,2.64286,594006830
2016-05-02,INVX.N,,,593023500
2016-05-03,GLDD.OQ,5.5,,868205000
2016-05-03,INVX.N,,,587789270
2016-05-03,GLDD.OQ,5.5,,
2016-05-04,GLDD.OQ,,,852292000
2016-05-04,INVX.N,,,587671090
2016-05-10,AGM.N,41.33333,,140557000
2016-05-10,AGM.N,41.33333,,
2016-05-11,AGM.N,,,140678670
2016-05-12,AGM.N,,2.33333,140142330
2016-05-18,AGM.N,,3.0,
2016-05-18,AGM.N,39.0,3.0,138517000
2016-06-09,GLDD.OQ,5.625,,
2016-06-13,INVX.N,59.64286,2.73333,584429330
2016-06-14,GLDD.OQ,,,849517000
2016-06-22,INVX.N,60.35714,2.75,584242460
2016-06-22,INVX.N,60.35714,2.75,
2016-07-19,INVX.N,,,584250150
2016-07-29,INVX.N,59.30769,2.73333,555880330
2016-07-29,INVX.N,,2.73333,
2016-08-01,INVX.N,59.07692,,549313670
2016-08-01,INVX.N,59.07692,,
2016-08-02,INVX.N,,,546313670
2016-08-04,GLDD.OQ,5.375,,822569500
2016-08-04,GLDD.OQ,5.375,,
2016-08-05,GLDD.OQ,,,803169500
2016-08-05,INVX.N,,,541787640
2016-08-09,AGM.N,39.5,,140117000
2016-08-09,GLDD.OQ,5.0,2.5,781944500
2016-08-09,GLDD.OQ,5.0,2.5,
2016-08-10,AGM.N,40.0,,140465000
2016-08-12,INVX.N,58.16667,2.78571,541787640
2016-08-16,INVX.N,57.38462,2.93333,542205330
2016-08-18,INVX.N,58.16667,2.85714,542496730
2016-08-18,INVX.N,,2.85714,
2016-08-23,INVX.N,57.91667,,542363670
2016-08-23,INVX.N,,,542363670
2016-09-19,INVX.N,57.61539,,
2016-09-20,GLDD.OQ,,,777869500
2016-09-28,INVX.N,57.46154,,
2016-09-29,INVX.N,57.28571,2.86667,542489540
2016-09-29,INVX.N,57.28571,2.86667,
2016-10-07,GLDD.OQ,,2.33333,
2016-10-07,GLDD.OQ,5.33333,2.33333,774692670
2016-10-07,INVX.N,,,542428000
2016-10-07,GLDD.OQ,,2.33333,774692670
2016-10-17,INVX.N,57.0,2.92857,541797000
2016-10-17,INVX.N,,2.92857,541797000
2016-10-17,INVX.N,,2.92857,
2016-10-18,INVX.N,56.53846,,
2016-10-20,GLDD.OQ,4.75,,
2016-10-27,AGM.N,,3.0,
2016-10-27,AGM.N,41.33333,3.0,141274670
2016-10-27,INVX.N,55.0,,544062830
2016-10-28,INVX.N,54.19231,,544979500
2016-10-31,INVX.N,,,546650830
2016-10-31,INVX.N,53.03846,,546650830
2016-11-02,GLDD.OQ,,,775000000
2016-11-03,GLDD.OQ,5.33333,,750979670
2016-11-03,INVX.N,53.19231,,
2016-11-03,GLDD.OQ,5.33333,,
2016-11-08,INVX.N,52.34615,,546425830
2016-11-09,AGM.N,43.33333,,141641330
2016-11-10,AGM.N,44.33333,,142666000
2016-11-17,INVX.N,,,546800770
2016-11-17,INVX.N,,2.86667,546800770
2016-11-17,INVX.N,52.82143,2.86667,546800770
2016-12-07,INVX.N,53.67857,,
2016-12-12,INVX.N,54.82143,,
2016-12-14,INVX.N,55.25,,
2016-12-15,GLDD.OQ,,,750973000
2016-12-15,INVX.N,54.60714,,
2016-12-16,GLDD.OQ,6.0,2.0,749369500
2016-12-20,INVX.N,55.25,,
2017-01-03,INVX.N,55.53571,,
2017-01-09,INVX.N,57.17857,2.8,
2017-01-09,INVX.N,,2.8,
2017-01-19,INVX.N,57.32143,,548185390
2017-02-10,GLDD.OQ,6.5,3.0,
2017-02-10,GLDD.OQ,6.5,3.0,805000000
2017-02-10,GLDD.OQ,6.5,3.0,749000000
2017-02-10,GLDD.OQ,,3.0,
2017-02-23,GLDD.OQ,,,803000000
2017-02-28,INVX.N,57.03571,,432367250
2017-03-01,INVX.N,57.5,2.93333,
2017-03-01,INVX.N,,2.93333,
2017-03-01,INVX.N,57.5,2.93333,401792250
2017-03-03,INVX.N,,,403754380
2017-03-07,INVX.N,,,394755180
2017-03-08,INVX.N,,,394133920
2017-03-09,AGM.N,46.66667,,150495000
2017-03-12,AGM.N,51.66667,,152395000
2017-03-14,AGM.N,56.66667,,152721000
2017-03-28,GLDD.OQ,7.0,,
2017-04-17,INVX.N,,,395969770
2017-04-19,INVX.N,57.35714,,
2017-04-20,INVX.N,,,396077460
2017-04-26,AGM.N,57.33333,,152840330
2017-04-26,INVX.N,58.46154,,
2017-04-27,INVX.N,56.64286,,411069770
2017-04-28,INVX.N,56.35714,,424515540
2017-05-01,INVX.N,,3.0,
2017-05-01,INVX.N,54.0,3.0,
2017-05-01,INVX.N,54.0,3.0,445761690
2017-05-04,GLDD.OQ,6.5,,807000000
2017-05-04,INVX.N,,,457990200
2017-05-10,AGM.N,58.33333,,154571670
2017-05-12,AGM.N,59.66667,,156092670
2017-05-16,AGM.N,61.33333,,157092670
2017-06-06,INVX.N,53.84615,,
2017-06-07,INVX.N,,3.0,
2017-06-07,INVX.N,,3.0,457990200
2017-06-21,INVX.N,53.07692,,457987800
2017-06-21,INVX.N,,,457987800
2017-06-27,INVX.N,52.76923,,
2017-06-30,INVX.N,52.07692,,456281800
2017-07-07,INVX.N,51.76923,,456791800
2017-07-07,INVX.N,51.76923,,
2017-07-10,GLDD.OQ,6.5,2.5,
2017-07-10,GLDD.OQ,6.5,2.5,758500000
2017-07-10,INVX.N,,,454992550
2017-07-14,AGM.N,62.66667,,157479670
2017-07-14,INVX.N,,,455076500
2017-07-28,INVX.N,50.84615,,453919000
2017-07-31,INVX.N,48.91667,,454319000
2017-08-01,INVX.N,48.66667,,454569000
2017-08-02,INVX.N,47.75,,451760670
2017-08-02,INVX.N,47.75,,
2017-08-03,GLDD.OQ,,,730000000
2017-08-04,INVX.N,,,449476360
2017-08-09,AGM.N,66.0,,158470330
2017-08-10,AGM.N,69.66667,,160737330
2017-08-10,AGM.N,69.66667,,
2017-08-11,INVX.N,47.25,,451164500
2017-08-11,INVX.N,47.25,,
2017-08-14,INVX.N,,,451047830
2017-08-16,INVX.N,,3.0,
2017-08-21,GLDD.OQ,,,750000000
2017-09-06,INVX.N,,,451897830
2017-09-25,AGM.N,,,160604000
2017-10-06,GLDD.OQ,,,705000000
2017-10-09,INVX.N,47.0,,451981170
2017-10-10,INVX.N,,2.93333,
2017-10-10,INVX.N,47.46154,2.93333,
2017-10-10,GLDD.OQ,,,690000000
2017-10-10,INVX.N,47.46154,2.93333,453028770
2017-10-17,INVX.N,,,451105690
2017-10-18,INVX.N,47.38462,,
2017-10-20,INVX.N,,2.875,
2017-10-20,INVX.N,,2.875,450669570
2017-10-27,INVX.N,48.07692,,450929570
2017-10-30,INVX.N,46.92308,,
2017-10-30,INVX.N,46.92308,,446665860
2017-10-31,INVX.N,,2.8125,447023000
2017-10-31,INVX.N,,2.8125,
2017-11-03,INVX.N,,,446817080
2017-11-06,INVX.N,46.30769,,
2017-11-07,INVX.N,46.15385,,
2017-11-07,INVX.N,46.15385,,446758710
2017-11-08,GLDD.OQ,,,677250000
2017-11-08,INVX.N,,,447970920
2017-11-09,AGM.N,70.33333,,160942330
2017-11-10,AGM.N,72.66667,,162742330
2017-11-13,AGM.N,73.16667,,163377000
2017-11-16,GLDD.OQ,,,694500000
2017-12-04,INVX.N,,,446640150
2017-12-14,AGM.N,,,163443670
2017-12-14,AGM.N,76.5,,163443670
2017-12-21,AGM.N,81.16667,,
2017-12-21,INVX.N,44.92308,,
2017-12-22,AGM.N,83.0,,
2017-12-29,GLDD.OQ,6.5,3.0,694500000
2018-01-11,INVX.N,46.15385,,446801570
2018-01-24,GLDD.OQ,7.0,2.5,787500000
2018-01-24,GLDD.OQ,7.0,2.5,
2018-01-24,GLDD.OQ,7.0,,
2018-01-24,GLDD.OQ,7.0,2.5,692650000
2018-01-30,AGM.N,87.0,,
2018-02-14,AGM.N,,2.33333,
2018-02-21,GLDD.OQ,,,767500000
2018-02-27,INVX.N,46.53846,,392463140
2018-02-28,INVX.N,46.75,2.73333,391123390
2018-02-28,INVX.N,,2.73333,
2018-03-01,INVX.N,46.66667,,
2018-03-01,INVX.N,46.66667,,392277230
2018-03-06,INVX.N,,,396018550
2018-03-08,INVX.N,46.83333,,
2018-03-08,AGM.N,90.66667,,179178670
2018-03-08,INVX.N,46.83333,,396350330
2018-03-12,AGM.N,93.66667,,178950670
2018-03-12,INVX.N,,,396980000
2018-03-13,AGM.N,96.0,,
2018-03-13,INVX.N,46.18182,2.71429,
2018-03-13,INVX.N,,2.71429,
2018-03-13,AGM.N,96.0,,180184000
2018-03-13,INVX.N,46.18182,2.71429,396980000
2018-03-26,INVX.N,,,399090910
2018-04-12,INVX.N,,,398975000
2018-04-13,INVX.N,45.72727,,
2018-04-17,INVX.N,45.7,2.69231,398627270
2018-04-17,INVX.N,,2.69231,
2018-04-26,AGM.N,,,180238330
2018-04-26,INVX.N,45.2,,396481820
2018-04-27,INVX.N,43.9,,395663640
2018-04-30,INVX.N,42.8,,394390910
2018-05-01,INVX.N,42.3,,390963640
2018-05-01,INVX.N,42.3,,
2018-05-02,INVX.N,,,388737500
2018-05-03,GLDD.OQ,,,713300000
2018-05-07,GLDD.OQ,,2.33333,
2018-05-07,GLDD.OQ,,2.33333,711933330
2018-05-07,INVX.N,,,389644440
2018-05-10,AGM.N,96.66667,,179403330
2018-05-10,AGM.N,96.66667,,
2018-05-11,AGM.N,,,180008000
2018-05-14,INVX.N,42.5,,388880000
2018-05-15,AGM.N,,,179641330
2018-06-05,INVX.N,42.22222,2.66667,387900000
2018-06-05,INVX.N,42.22222,2.66667,
2018-06-07,INVX.N,,,386510000
2018-06-08,AGM.N,98.5,2.0,180912000
2018-07-05,INVX.N,42.125,2.63636,
2018-07-05,INVX.N,,2.63636,
2018-07-13,INVX.N,42.5,,
2018-07-15,INVX.N,43.5,,386910000
2018-07-20,INVX.N,,2.72727,
2018-07-20,INVX.N,44.5,2.72727,386870000
2018-07-26,INVX.N,44.25,,385530000
2018-07-27,INVX.N,43.5,,380880000
2018-07-30,AGM.N,,3.0,
2018-07-30,AGM.N,90.0,3.0,
2018-07-30,INVX.N,44.28571,,
2018-07-30,AGM.N,90.0,3.0,179946000
2018-07-30,INVX.N,44.28571,,378780000
2018-07-31,INVX.N,,2.81818,371030000
2018-07-31,INVX.N,,2.81818,
2018-08-02,GLDD.OQ,,,707133330
2018-08-02,INVX.N,,,364900000
2018-08-10,AGM.N,,,172388000
2018-08-28,GLDD.OQ,,2.33333,
2018-09-14,INVX.N,44.42857,,365133330
2018-09-18,INVX.N,,2.91667,
2018-09-18,GLDD.OQ,,,703600000
2018-09-18,INVX.N,45.125,2.91667,364927600
2018-09-18,INVX.N,,2.91667,364927600
2018-09-26,GLDD.OQ,,,701927670
2018-10-09,INVX.N,46.125,,
2018-10-25,INVX.N,,,365607600
2018-10-29,INVX.N,45.875,,371058200
2018-10-29,INVX.N,45.875,,
2018-10-30,INVX.N,,,371718200
2018-10-31,GLDD.OQ,6.5,2.5,704300000
2018-11-01,INVX.N,,,372798000
2018-11-05,GLDD.OQ,,2.33333,
2018-11-05,GLDD.OQ,7.25,2.33333,703600000
2018-11-07,GLDD.OQ,8.0,,
2018-11-07,GLDD.OQ,8.0,,702133330
2018-11-07,INVX.N,,,372618200
2018-11-09,GLDD.OQ,,,777500000
2018-11-09,GLDD.OQ,,,695400000
2018-11-09,INVX.N,45.125,,373618200
2018-11-14,AGM.N,83.0,,172517000
2018-11-14,AGM.N,83.0,,185606000
2018-11-19,GLDD.OQ,,,688500000
2018-12-03,INVX.N,,,374458200
2018-12-03,INVX.N,44.375,,374458200
2018-12-11,INVX.N,43.66667,,
2018-12-13,INVX.N,42.55556,,
2018-12-25,GLDD.OQ,,2.5,688500000
2018-12-25,GLDD.OQ,,2.5,
2019-01-09,INVX.N,42.11111,,
2019-01-16,INVX.N,41.88889,,
2019-01-17,INVX.N,41.0,,
2019-02-11,INVX.N,,2.90909,
2019-02-11,INVX.N,,2.90909,374498000
2019-02-15,INVX.N,,,373306000
2019-02-15,INVX.N,,,374498000
2019-02-20,INVX.N,,2.81818,
2019-02-21,GLDD.OQ,,2.0,728750000
2019-02-21,GLDD.OQ,9.75,2.0,728750000
2019-02-21,GLDD.OQ,,2.0,
2019-02-22,AGM.N,86.0,1.0,
2019-02-22,AGM.N,86.0,1.0,187895000
2019-02-27,INVX.N,41.22222,,366306000
2019-02-28,INVX.N,39.875,,375725400
2019-03-04,INVX.N,40.375,,379550700
2019-03-05,INVX.N,41.44444,2.75,383341800
2019-03-05,INVX.N,,2.75,
2019-03-13,INVX.N,42.0,,384125100
2019-04-05,INVX.N,42.22222,,385525100
2019-04-10,INVX.N,42.55556,,386113000
2019-04-15,INVX.N,,,388135440
2019-04-15,INVX.N,41.625,2.81818,388135440
2019-04-17,INVX.N,42.55556,2.75,
2019-04-17,INVX.N,,2.75,
2019-04-22,INVX.N,,,388246560
2019-04-26,INVX.N,43.55556,,391424330
2019-04-29,INVX.N,43.66667,2.66667,390322400
2019-04-29,INVX.N,,2.66667,
2019-04-30,INVX.N,44.22222,,390222400
2019-05-01,GLDD.OQ,12.05,,
2019-05-03,AGM.N,,,185812000
2019-05-14,INVX.N,44.33333,,
2019-05-14,INVX.N,44.33333,,388194000
2019-05-23,INVX.N,,,388284910
2019-06-03,INVX.N,43.88889,,
2019-06-14,AGM.N,83.5,2.0,186724000
2019-06-14,AGM.N,,2.0,
2019-06-20,GLDD.OQ,,,716300000
2019-07-09,INVX.N,,,390173090
2019-07-10,INVX.N,44.0,,
2019-07-11,INVX.N,44.33333,,
2019-07-16,INVX.N,44.66667,,
2019-07-16,INVX.N,44.66667,,390960270
2019-07-17,INVX.N,,,391051180
2019-07-25,INVX.N,45.0,,393142090
2019-07-26,INVX.N,45.22222,,393533000
2019-07-29,INVX.N,46.22222,,
2019-07-29,INVX.N,46.22222,,401705180
2019-08-01,GLDD.OQ,12.55,,736225000
2019-08-01,INVX.N,,,405028560
2019-08-02,AGM.N,85.5,,190261000
2019-08-06,INVX.N,46.66667,,
2019-08-06,INVX.N,46.66667,,405605700
2019-08-07,INVX.N,,,406005700
2019-08-12,INVX.N,,,406187000
2019-08-20,INVX.N,,,408022460
2019-08-21,GLDD.OQ,13.4,,730000000
2019-09-03,INVX.N,47.0,2.69231,407020580
2019-09-03,INVX.N,,2.69231,
2019-09-12,INVX.N,,,407687250
2019-09-12,INVX.N,46.9,,407687250
2019-09-19,INVX.N,47.2,,
2019-10-08,INVX.N,46.3,,407947580
2019-10-08,INVX.N,,,407947580
2019-10-14,INVX.N,46.5,,
2019-10-23,INVX.N,,,409315550
2019-10-25,INVX.N,,,409351910
2019-10-28,INVX.N,46.1,,410614640
2019-10-28,INVX.N,46.1,,
2019-10-29,INVX.N,,,410374640
2019-10-31,INVX.N,,,412235670
2019-11-04,INVX.N,,,412569000
2019-11-06,AGM.N,87.0,,189153500
2019-11-06,GLDD.OQ,13.9,,733609990
2019-11-06,INVX.N,,,412412100
2019-11-06,AGM.N,87.0,,
2019-11-06,GLDD.OQ,13.9,,756250000
2019-11-07,AGM.N,,,189241000
2019-11-12,INVX.N,46.1,,
2019-11-19,INVX.N,46.27273,,
2019-11-21,INVX.N,,,412374640
2019-11-22,INVX.N,,2.85714,
2019-11-22,INVX.N,,2.85714,412374640
2019-11-22,INVX.N,46.0,2.85714,412374640
2020-01-06,INVX.N,46.33333,,
2020-01-14,INVX.N,46.58333,,412276270
2020-01-14,INVX.N,46.58333,,
2020-01-28,AGM.N,87.0,3.0,189723000
2020-01-28,AGM.N,87.0,,
2020-01-30,INVX.N,,,459397920
2020-02-18,AGM.N,,1.0,
2020-02-18,AGM.N,,1.0,202485000
2020-02-18,AGM.N,,1.0,189400000
2020-02-20,GLDD.OQ,14.9,,755000000
2020-02-26,AGM.N,,,200528000
2020-02-28,INVX.N,46.08333,,457356250
2020-03-01,INVX.N,,2.78571,
2020-03-02,INVX.N,44.75,,460664250
2020-03-03,INVX.N,44.58333,,460414250
2020-03-03,INVX.N,,,460414250
2020-03-04,INVX.N,44.18182,,
2020-03-05,INVX.N,,,459915550
2020-03-06,INVX.N,43.375,,456642820
2020-03-09,INVX.N,42.875,,456672580
2020-03-10,INVX.N,41.25,2.84615,455755920
2020-03-10,INVX.N,,2.84615,
2020-03-12,INVX.N,,,451672580
2020-03-12,INVX.N,40.8,,451672580
2020-03-13,INVX.N,39.81818,2.85714,
2020-03-16,INVX.N,,2.78571,
2020-03-16,INVX.N,,2.78571,446017580
2020-03-16,INVX.N,39.18182,2.78571,446017580
2020-03-17,INVX.N,38.0,,
2020-03-18,INVX.N,35.54546,,
2020-03-19,INVX.N,34.36364,,
2020-03-31,GLDD.OQ,14.4,,
2020-03-31,GLDD.OQ,14.4,,739150000
2020-04-03,INVX.N,34.09091,,
2020-04-03,INVX.N,34.09091,,439517580
2020-04-09,INVX.N,,,433540670
2020-04-12,INVX.N,33.27273,,424494000
2020-04-14,INVX.N,32.09091,,418877330
2020-04-15,INVX.N,32.54546,,413627330
2020-05-06,GLDD.OQ,,,729350000
2020-05-07,INVX.N,32.20909,,396210670
2020-05-08,INVX.N,31.3,,388210670
2020-05-11,INVX.N,31.11818,,388222500
2020-05-11,INVX.N,31.11818,,
2020-05-12,INVX.N,,2.85714,
2020-05-12,AGM.N,,,200915000
2020-05-12,INVX.N,,2.85714,377389170
2020-05-13,INVX.N,,,364007000
2020-05-14,INVX.N,30.93636,,360344000
2020-05-27,INVX.N,29.84546,,359730910
2020-05-27,INVX.N,,,359730910
2020-05-29,INVX.N,30.02727,,
2020-06-16,INVX.N,,,351367270
2020-07-06,INVX.N,30.57273,,352530910
2020-07-06,INVX.N,,,352530910
2020-07-10,INVX.N,30.02727,,
2020-07-15,INVX.N,29.93636,,
2020-07-16,INVX.N,29.3,2.92857,
2020-07-16,INVX.N,,2.92857,
2020-07-24,AGM.N,,,198215000
2020-07-31,INVX.N,,,355312730
2020-08-03,INVX.N,29.3,,
2020-08-03,INVX.N,29.3,,355722910
2020-08-05,GLDD.OQ,15.175,,738050000
2020-08-07,INVX.N,,,354013820
2020-08-10,INVX.N,,,354832000
2020-08-11,AGM.N,,,203017000
2020-08-17,INVX.N,29.84546,,355104730
2020-08-24,INVX.N,29.81818,,
2020-08-24,INVX.N,29.81818,,359104730
2020-10-02,INVX.N,,,358922910
2020-10-09,INVX.N,29.72727,,
2020-10-13,INVX.N,,,358286550
2020-10-30,INVX.N,29.54546,,360222910
2020-10-31,INVX.N,,2.92308,
2020-11-02,INVX.N,29.66,,362490300
2020-11-02,INVX.N,29.66,,
2020-11-03,INVX.N,,,365544780
2020-11-04,INVX.N,29.56,,
2020-11-04,AGM.N,,,204077000
2020-11-04,INVX.N,29.56,,365878110
2020-11-05,GLDD.OQ,15.675,,747080000
2020-11-05,INVX.N,,,366755890
2020-11-05,GLDD.OQ,,,747080000
2020-11-05,GLDD.OQ,,,757500000
2020-11-09,INVX.N,29.56,,
2020-11-10,AGM.N,,,212252000
2020-11-10,INVX.N,28.76,,
2020-11-11,INVX.N,,2.83333,366755890
2020-11-11,INVX.N,,,366755890
2020-11-16,INVX.N,29.41818,,
2020-12-09,INVX.N,,2.81818,
2020-12-13,INVX.N,,,366755890
2020-12-21,INVX.N,30.14546,,
2021-01-11,INVX.N,30.23636,,
2021-01-12,GLDD.OQ,17.025,,
2021-01-13,INVX.N,30.69091,,
2021-01-15,INVX.N,,,366502330
2021-01-15,INVX.N,,,333980110
2021-01-27,AGM.N,96.0,,223211000
2021-01-27,AGM.N,96.0,,
2021-02-16,PAX.OQ,26.5,2.0,
2021-02-16,PAX.OQ,,,114600000
2021-02-17,PAX.OQ,27.0,2.0,112019500
2021-02-18,GLDD.OQ,17.525,,
2021-02-18,GLDD.OQ,17.525,,760000000
2021-02-22,PAX.OQ,27.0,2.25,112346330
2021-02-22,PAX.OQ,27.0,2.25,
2021-02-24,INVX.N,30.50909,,
2021-02-26,AGM.N,98.0,,227846000
2021-02-26,INVX.N,,,338013440
2021-03-01,INVX.N,31.05455,,340087670
2021-03-02,INVX.N,,,343348630
2021-03-02,INVX.N,30.69091,,343348630
2021-03-03,INVX.N,30.87273,,
2021-03-05,INVX.N,,2.90909,344532110
2021-03-10,INVX.N,31.16,,
2021-03-12,INVX.N,30.95556,,
2021-03-12,INVX.N,30.95556,2.9,346511130
2021-03-18,PAX.OQ,,,242594750
2021-03-19,PAX.OQ,25.8,2.33333,243075800
2021-03-19,PAX.OQ,25.8,2.33333,
2021-03-19,PAX.OQ,,2.33333,
2021-03-23,PAX.OQ,,,243344750
2021-03-31,AGM.N,115.0,,
2021-03-31,AGM.N,115.0,,234040000
2021-04-01,INVX.N,,2.90909,348754330
2021-04-07,PAX.OQ,,,244209250
2021-04-07,PAX.OQ,26.4,,244209250
2021-04-08,PAX.OQ,25.4,,
2021-04-09,INVX.N,30.62222,,
2021-04-09,PAX.OQ,24.8,,
2021-04-22,PAX.OQ,,,241167400
2021-04-30,INVX.N,29.95,3.0,348223630
2021-04-30,INVX.N,,3.0,
2021-05-03,INVX.N,30.075,,348413860
2021-05-03,INVX.N,30.075,,
2021-05-05,GLDD.OQ,,,758315000
2021-05-05,INVX.N,,,348556710
2021-05-06,INVX.N,29.95,,
2021-05-07,AGM.N,,3.0,
2021-05-07,AGM.N,,3.0,235811000
2021-05-10,INVX.N,,,348271000
2021-05-13,INVX.N,,,344199570
2021-05-20,PAX.OQ,24.6,,
2021-05-20,PAX.OQ,24.6,,230280170
2021-05-25,PAX.OQ,,,230536200
2021-05-31,INVX.N,,3.0,344199570
2021-06-09,PAX.OQ,,,230946830
2021-06-17,INVX.N,29.22857,3.0,344633330
2021-06-24,PAX.OQ,25.0,,
2021-07-01,INVX.N,29.43333,,
2021-07-01,INVX.N,29.43333,2.71429,343560000
2021-07-08,GLDD.OQ,,1.66667,
2021-07-08,GLDD.OQ,17.68333,1.66667,753076670
2021-07-08,GLDD.OQ,17.68333,1.66667,
2021-07-11,PAX.OQ,25.4,,
2021-07-12,PAX.OQ,,,206913500
2021-07-13,PAX.OQ,25.8,,
2021-07-14,PAX.OQ,27.75,2.2,206576170
2021-07-14,PAX.OQ,27.75,2.2,
2021-07-15,INVX.N,,2.75,
2021-07-15,INVX.N,,2.75,348000000
2021-07-15,PAX.OQ,,,205779570
2021-07-16,PAX.OQ,27.8,2.16667,
2021-07-19,PAX.OQ,,,218263500
2021-07-19,PAX.OQ,26.75,2.2,218263500
2021-07-25,PAX.OQ,25.6,2.16667,
2021-07-25,PAX.OQ,,2.16667,
2021-07-30,INVX.N,29.1,,348833330
2021-08-02,INVX.N,28.43333,,345433330
2021-08-02,INVX.N,28.43333,,
2021-08-03,AGM.N,112.0,,237088000
2021-08-03,GLDD.OQ,,,761476670
2021-08-04,GLDD.OQ,,,763466670
2021-08-05,INVX.N,,,338100000
2021-08-06,AGM.N,117.0,,244371000
2021-08-06,INVX.N,,,337280000
2021-08-09,INVX.N,,,339100000
2021-08-12,PAX.OQ,,,216201330
2021-08-16,INVX.N,28.4,,
2021-08-19,PAX.OQ,25.0,,216851330
2021-09-07,PAX.OQ,25.0,,214018000
2021-09-08,PAX.OQ,25.2,,207580000
2021-09-08,PAX.OQ,25.2,,
2021-09-21,GLDD.OQ,,,760133330
2021-09-29,PAX.OQ,,,203475000
2021-10-08,PAX.OQ,,,204300000
2021-10-27,PAX.OQ,25.2,,
2021-10-29,INVX.N,,,332883330
2021-11-02,INVX.N,27.4,,
2021-11-02,INVX.N,27.4,,332050000
2021-11-03,GLDD.OQ,,,747463330
2021-11-03,GLDD.OQ,,,769666670
2021-11-04,GLDD.OQ,,,741196670
2021-11-04,INVX.N,,,329275000
2021-11-05,INVX.N,,,328550000
2021-11-15,INVX.N,27.2,,328040000
2021-11-15,INVX.N,,,328040000
2021-11-17,GLDD.OQ,,,741200000
2021-11-18,PAX.OQ,,,204033330
2021-11-21,PAX.OQ,,2.14286,180800000
2021-11-21,PAX.OQ,,2.14286,
2021-11-21,PAX.OQ,25.33333,2.14286,180800000
2021-12-01,AGM.N,138.0,,
2021-12-01,AGM.N,138.0,,261930000
2021-12-01,AGM.N,138.0,3.0,261930000
2021-12-01,AGM.N,138.0,3.0,243159000
2021-12-01,INVX.N,25.8,,
2021-12-09,PAX.OQ,24.57143,,
2021-12-13,PAX.OQ,24.0,,
2021-12-15,PAX.OQ,,,185300000
2021-12-20,PAX.OQ,,,185300000
2022-01-17,PAX.OQ,23.71429,,
2022-01-19,PAX.OQ,,2.14286,
2022-01-20,GLDD.OQ,18.0,,
2022-02-06,INVX.N,,,357480000
2022-02-07,PAX.OQ,23.57143,,
2022-02-14,GLDD.OQ,17.68333,,
2022-02-15,PAX.OQ,22.83333,2.16667,
2022-02-15,PAX.OQ,22.83333,2.16667,245668800
2022-02-15,PAX.OQ,22.83333,,
2022-02-17,GLDD.OQ,,,758000000
2022-02-18,GLDD.OQ,,,748233330
2022-02-21,GLDD.OQ,17.525,,
2022-02-22,PAX.OQ,,,231763000
2022-02-24,INVX.N,,,357080000
2022-02-26,INVX.N,,,357500000
2022-02-28,INVX.N,27.4,,
2022-03-02,INVX.N,,,364625000
2022-03-04,INVX.N,27.8,,
2022-03-07,INVX.N,,2.71429,
2022-03-07,INVX.N,,2.71429,364625000
2022-03-08,INVX.N,30.0,,
2022-03-11,INVX.N,30.4,,362700000
2022-03-11,INVX.N,30.4,,
2022-03-14,INVX.N,,3.0,
2022-03-14,PAX.OQ,,2.2,245668800
2022-03-14,PAX.OQ,,2.2,
2022-03-18,INVX.N,,,368840000
2022-03-18,PAX.OQ,23.4,,245068800
2022-03-18,PAX.OQ,23.4,,
2022-03-29,GLDD.OQ,,,746566670
2022-03-30,PAX.OQ,,,265523000
2022-03-31,INVX.N,,,376300000
2022-04-14,INVX.N,28.0,3.0,
2022-04-14,INVX.N,28.0,,
2022-04-19,INVX.N,,3.0,373760000
2022-04-19,INVX.N,,3.0,
2022-04-29,INVX.N,,,358880000
2022-05-03,PAX.OQ,,,264073250
2022-05-03,PAX.OQ,22.8,,264073250
2022-05-04,GLDD.OQ,18.35,,
2022-05-04,GLDD.OQ,18.35,,754433330
2022-05-05,INVX.N,28.25,,
2022-05-05,AGM.N,,1.0,
2022-05-05,GLDD.OQ,,,759216670
2022-05-05,INVX.N,28.25,,358900000
2022-05-10,PAX.OQ,22.6,,
2022-05-11,PAX.OQ,23.0,,
2022-05-11,AGM.N,,,260830000
2022-05-11,INVX.N,,,359680000
2022-05-11,PAX.OQ,23.0,,285321250
2022-05-17,PAX.OQ,,,320742500
2022-05-23,INVX.N,,3.0,
2022-05-24,PAX.OQ,,,307742500
2022-05-30,INVX.N,27.0,,
2022-06-10,PAX.OQ,22.9,,
2022-06-16,INVX.N,27.33333,,358733330
2022-06-16,INVX.N,,,358733330
2022-06-20,PAX.OQ,,2.25,
2022-06-20,PAX.OQ,,2.25,307742500
2022-07-08,GLDD.OQ,18.525,,
2022-07-12,PAX.OQ,,,289495000
2022-07-14,PAX.OQ,22.3,,274221250
2022-07-25,GLDD.OQ,18.35,,750783330
2022-07-29,INVX.N,28.5,,
2022-07-29,PAX.OQ,21.9,,271592500
2022-08-01,INVX.N,28.5,,359566670
2022-08-03,GLDD.OQ,16.01667,,698433330
2022-08-04,PAX.OQ,,,263642000
2022-08-04,PAX.OQ,20.7,2.2,263642000
2022-08-09,PAX.OQ,20.334,2.16667,
2022-08-10,AGM.N,,,261747000
2022-08-10,PAX.OQ,,,258216600
2022-08-11,INVX.N,27.33333,3.0,358460000
2022-08-11,INVX.N,,3.0,
2022-08-16,INVX.N,27.66667,,360660000
2022-08-16,INVX.N,27.66667,,
2022-08-22,INVX.N,,,361333330
2022-08-24,PAX.OQ,,,257816600
2022-09-07,PAX.OQ,19.77833,2.28571,
2022-09-07,PAX.OQ,,2.28571,
2022-10-04,INVX.N,27.0,,
2022-10-04,PAX.OQ,19.77833,,
2022-10-10,PAX.OQ,19.38143,,
2022-10-14,PAX.OQ,,,247520750
2022-10-17,GLDD.OQ,15.35,,
2022-10-17,GLDD.OQ,15.35,,689366670
2022-10-26,PAX.OQ,19.23857,,248327250
2022-10-31,INVX.N,25.66667,,360000000
2022-11-01,INVX.N,25.33333,,
2022-11-01,GLDD.OQ,,,692100000
2022-11-01,INVX.N,25.33333,,357333330
2022-11-02,GLDD.OQ,13.33333,,
2022-11-02,GLDD.OQ,13.33333,,678040000
2022-11-03,PAX.OQ,,2.25,
2022-11-03,PAX.OQ,18.83375,2.25,246520250
2022-11-04,PAX.OQ,,,256016200
2022-11-04,PAX.OQ,18.52125,,256016200
2022-11-07,PAX.OQ,18.73857,2.28571,
2022-11-08,AGM.N,,,266044000
2022-11-15,INVX.N,,3.0,357333330
2022-11-15,INVX.N,,3.0,
2022-11-25,PAX.OQ,,2.25,
2022-11-25,PAX.OQ,,2.25,262060250
2022-11-25,PAX.OQ,19.89625,2.25,262060250
2022-11-29,AGM.N,138.0,,
2022-12-01,INVX.N,26.0,,
2022-12-01,INVX.N,26.0,,354666670
2022-12-05,PAX.OQ,20.27125,,
2022-12-07,PAX.OQ,,,246310250
2022-12-12,PAX.OQ,,,243048200
2022-12-13,GLDD.OQ,,,675206670
2022-12-13,PAX.OQ,19.27125,,
2022-12-21,GLDD.OQ,12.33333,,666073330
2022-12-21,PAX.OQ,,,238048200
2022-12-21,GLDD.OQ,12.33333,,
2022-12-21,GLDD.OQ,12.33333,,728666670
2022-12-23,INVX.N,,3.0,
2022-12-28,GLDD.OQ,,,663033330
2022-12-30,INVX.N,,,354666670
2022-12-30,INVX.N,,,394666670
2023-01-23,AGM.N,164.0,2.0,270684000
2023-01-23,PAX.OQ,19.39625,,
2023-01-24,AGM.N,151.5,,
2023-01-24,AGM.N,151.5,1.5,269364000
2023-01-24,AGM.N,151.5,,269364000
2023-02-06,PAX.OQ,,,233115600
2023-02-14,PAX.OQ,19.77125,,334413800
2023-02-14,PAX.OQ,19.77125,,
2023-02-15,PAX.OQ,,,333164000
2023-02-16,GLDD.OQ,,,690166670
2023-02-21,GLDD.OQ,11.0,,
2023-02-21,GLDD.OQ,11.0,,664500000
2023-02-21,PAX.OQ,,,305273330
2023-02-23,AGM.N,,2.5,
2023-02-23,AGM.N,,2.5,287464000
2023-02-24,PAX.OQ,,,331610000
2023-02-27,AGM.N,155.5,,293027000
2023-03-01,AGM.N,171.0,,302925500
2023-03-01,AGM.N,171.0,,
2023-03-02,INVX.N,31.66667,,
2023-03-02,INVX.N,31.66667,,399333330
2023-03-03,INVX.N,,3.0,
2023-03-03,PAX.OQ,,2.28571,
2023-03-03,INVX.N,,3.0,398650000
2023-03-03,PAX.OQ,,2.28571,331610000
2023-03-06,INVX.N,,,398533330
2023-03-17,INVX.N,,3.0,
2023-03-17,INVX.N,,3.0,399500000
2023-03-29,AGM.N,,1.5,
2023-04-04,PAX.OQ,19.39625,,
2023-04-05,INVX.N,,,400000000
2023-04-10,PAX.OQ,,,314073330
2023-04-18,PAX.OQ,19.27125,,
2023-04-18,PAX.OQ,19.27125,,299930000
2023-04-26,PAX.OQ,,,298513250
2023-05-03,GLDD.OQ,,,660346670
2023-05-04,PAX.OQ,19.02125,,304242500
2023-05-04,PAX.OQ,19.02125,,
2023-05-05,GLDD.OQ,,,655346670
2023-05-07,PAX.OQ,,,304857500
2023-05-10,AGM.N,,,308521000
2023-05-11,INVX.N,31.0,,
2023-05-11,AGM.N,175.0,,323125000
2023-05-11,INVX.N,31.0,,396333330
2023-05-11,PAX.OQ,,,328215000
2023-05-18,INVX.N,,,390000000
2023-06-05,INVX.N,30.66667,,390500000
2023-06-13,PAX.OQ,19.31,,317143330
2023-06-13,PAX.OQ,19.31,,
2023-07-05,PAX.OQ,,,317143330
2023-07-10,PAX.OQ,,,315590000
2023-07-11,PAX.OQ,19.52429,,
2023-07-17,GLDD.OQ,11.33333,,
2023-07-26,PAX.OQ,19.66714,,303256670
2023-08-02,GLDD.OQ,12.33333,,611570000
2023-08-02,INVX.N,31.0,3.0,413166670
2023-08-02,GLDD.OQ,12.33333,,
2023-08-02,INVX.N,,3.0,
2023-08-03,PAX.OQ,19.52429,,325585750
2023-08-03,PAX.OQ,,,325585750
2023-08-07,PAX.OQ,19.445,,
2023-08-08,AGM.N,,,344145000
2023-08-08,INVX.N,32.0,,
2023-08-08,AGM.N,202.5,,344145000
2023-08-08,INVX.N,32.0,,424166670
2023-08-10,PAX.OQ,19.1,,335781000
2023-08-10,PAX.OQ,19.1,,
2023-08-14,PAX.OQ,,,376021500
2023-08-15,PAX.OQ,19.3,,
2023-09-05,AGM.N,208.33333,1.66667,
2023-09-05,AGM.N,,1.66667,
2023-09-12,PAX.OQ,,2.33333,
2023-09-28,INVX.N,,,424166670
2023-10-02,PAX.OQ,18.91667,,
2023-10-05,INVX.N,31.66667,,
2023-10-10,PAX.OQ,18.75,,
2023-10-26,PAX.OQ,,,350032500
2023-10-31,GLDD.OQ,,,608903330
2023-10-31,INVX.N,,,422125000
2023-11-01,INVX.N,30.66667,,419875000
2023-11-01,PAX.OQ,,,328021670
2023-11-01,INVX.N,30.66667,,
2023-11-02,GLDD.OQ,12.33333,,
2023-11-02,INVX.N,,,417000000
2023-11-07,AGM.N,,,348010500
2023-11-07,PAX.OQ,18.73857,2.28571,
2023-11-07,AGM.N,,,374938000
2023-11-07,PAX.OQ,,2.28571,
2023-11-07,AGM.N,210.0,,348010500
2023-11-07,GLDD.OQ,,,599536670
2023-11-07,PAX.OQ,18.73857,2.28571,306688330
2023-11-08,GLDD.OQ,,,589166670
2023-11-08,PAX.OQ,,,300927000
2023-11-21,INVX.N,,,505000000
2023-11-21,INVX.N,,,417000000
2023-11-21,INVX.N,30.0,,417000000
2023-11-30,GLDD.OQ,12.0,,591375000
2023-11-30,PAX.OQ,18.66714,,
2023-12-13,PAX.OQ,18.445,,
2024-01-04,INVX.N,30.33333,,
2024-01-05,AGM.N,215.33333,,
2024-01-11,PAX.OQ,18.77833,,
2024-01-23,PAX.OQ,,,302785330
2024-01-23,PAX.OQ,18.445,,302785330
2024-01-23,PAX.OQ,,,371057400
2024-01-25,PAX.OQ,19.09571,,
2024-02-14,GLDD.OQ,12.5,,729525000
2024-02-15,GLDD.OQ,13.0,,
2024-02-15,GLDD.OQ,13.0,,719400000
2024-02-16,GLDD.OQ,,,718650000
2024-02-16,PAX.OQ,,,367424800
2024-02-20,PAX.OQ,18.95286,,366344800
2024-02-20,PAX.OQ,18.95286,,
2024-02-22,PAX.OQ,,,359574670
2024-02-26,AGM.N,,,374441500
2024-02-27,AGM.N,227.0,,378462500
2024-02-27,INVX.N,29.0,,497333330
2024-02-28,INVX.N,28.66667,3.0,506333330
2024-02-28,INVX.N,28.66667,,
2024-02-28,INVX.N,28.66667,3.0,
2024-03-04,INVX.N,,,497000000
2024-03-12,INVX.N,,,495233330
2024-03-12,INVX.N,,3.0,495233330
2024-03-28,INVX.N,,3.0,
2024-03-31,INVX.N,,3.0,497000000
2024-03-31,INVX.N,,3.0,
2024-04-08,INVX.N,,,499500000
2024-04-11,PAX.OQ,19.11167,2.33333,364408000
2024-04-11,PAX.OQ,19.11167,2.33333,
2024-04-11,PAX.OQ,,2.33333,
2024-04-24,PAX.OQ,,,356264000
2024-05-03,PAX.OQ,,,341500000
2024-05-07,AGM.N,222.66667,2.0,372564000
2024-05-07,AGM.N,222.66667,2.0,
2024-05-08,GLDD.OQ,,,735650000
2024-05-09,GLDD.OQ,,,743075000
2024-05-14,INVX.N,28.33333,,
2024-05-14,GLDD.OQ,,,749900000
2024-05-14,INVX.N,28.33333,,502500000
2024-05-17,PAX.OQ,19.534,,337500000
2024-05-17,PAX.OQ,,,337500000
2024-05-28,AGM.N,,,372105500
2024-06-17,GLDD.OQ,,,746725000
2024-07-10,PAX.OQ,18.934,,
2024-07-11,PAX.OQ,,,330000000
2024-07-17,PAX.OQ,18.734,,
2024-07-28,AGM.N,,2.5,
2024-07-28,AGM.N,223.66667,2.5,
2024-08-01,INVX.N,,,502000000
2024-08-01,PAX.OQ,18.534,,
2024-08-02,GLDD.OQ,13.0,,
2024-08-02,PAX.OQ,18.134,,
2024-08-06,AGM.N,221.33333,,364432500
2024-08-06,AGM.N,,,364432500
2024-08-07,AGM.N,218.0,,
2024-08-07,GLDD.OQ,,,748250000
2024-08-08,GLDD.OQ,,,748025000
2024-08-08,PAX.OQ,,,358000000
2024-08-12,GLDD.OQ,13.25,,750025000
2024-08-12,GLDD.OQ,,,750025000
2024-08-30,PAX.OQ,17.634,,
2024-09-10,PAX.OQ,,,329000000
2024-09-23,GLDD.OQ,14.0,,
2024-09-26,INVX.N,,,503000000
2024-10-03,PAX.OQ,17.234,,
2024-10-21,PAX.OQ,16.834,,
2024-11-05,AGM.N,,,362673000
2024-11-05,PAX.OQ,15.6,2.5,328333330
2024-11-05,AGM.N,,,386806500
2024-11-05,PAX.OQ,15.6,2.5,
2024-11-05,PAX.OQ,,2.5,
2024-11-06,GLDD.OQ,14.75,,768880000
2024-11-06,GLDD.OQ,14.75,,
2024-11-09,INVX.N,23.0,,633000000
2024-11-12,PAX.OQ,,,342500000
2024-11-26,INVX.N,21.0,,555500000
2024-12-06,INVX.N,19.5,3.0,555500000
2024-12-10,PAX.OQ,,,332000000
2024-12-10,PAX.OQ,15.6,,332000000
2024-12-11,INVX.N,15.0,4.0,520000000
2024-12-11,INVX.N,,4.0,
2024-12-11,GLDD.OQ,,,821800000
2024-12-11,INVX.N,15.0,4.0,478000000
2024-12-11,PAX.OQ,16.0,,
2024-12-18,PAX.OQ,16.0,,
2025-01-06,AGM.N,219.0,,
2025-01-14,PAX.OQ,15.16667,,307666670
2025-01-14,PAX.OQ,15.16667,,
2025-01-17,AGM.N,218.0,,
2025-02-12,PAX.OQ,,,393939000
2025-02-19,GLDD.OQ,14.5,,
2025-02-19,GLDD.OQ,14.5,,781225000
2025-02-19,PAX.OQ,15.0,,393878000
2025-02-21,AGM.N,226.33333,,
2025-02-21,GLDD.OQ,,,776225000
2025-02-24,AGM.N,,,388575000
2025-02-26,PAX.OQ,14.8,,393918670
2025-02-28,AGM.N,,,381297000
2025-03-04,INVX.N,16.0,,1011000000
2025-03-06,AGM.N,227.0,,388418500
2025-04-17,PAX.OQ,,,389881670
2025-04-17,PAX.OQ,14.6,,389881670
2025-05-02,PAX.OQ,14.7,,
2025-05-04,PAX.OQ,14.9,,
2025-05-05,PAX.OQ,,,390999000
2025-05-07,GLDD.OQ,15.0,,809517500
2025-05-07,GLDD.OQ,15.0,,
2025-05-09,INVX.N,13.0,,906000000
2025-05-11,AGM.N,222.0,,
2025-05-12,AGM.N,,,391651000
2025-05-13,GLDD.OQ,,,816023330
2025-05-19,GLDD.OQ,,,819642500
2025-05-30,INVX.N,16.0,3.0,905200000
2025-05-30,INVX.N,,3.0,905200000
2025-06-02,INVX.N,17.0,,
2025-06-20,PAX.OQ,,,390999000
2025-07-14,INVX.N,18.0,2.66667,918133330
2025-07-14,INVX.N,,2.66667,
2025-07-16,PAX.OQ,,,390999000
2025-07-17,PAX.OQ,15.3,,388130000
2025-08-03,PAX.OQ,15.5,,363550000
2025-08-06,GLDD.OQ,,,841380000
2025-08-06,PAX.OQ,15.9,,357700000
2025-08-06,PAX.OQ,,,357700000
2025-08-07,AGM.N,222.66667,,
2025-08-08,AGM.N,226.0,,401490000
2025-08-08,INVX.N,18.33333,,925800000
2025-08-08,AGM.N,226.0,,
2025-08-08,INVX.N,,,925800000
2025-08-11,GLDD.OQ,,,845930000
2025-08-12,GLDD.OQ,,,851073330
2025-08-21,GLDD.OQ,,1.75,
2025-08-21,GLDD.OQ,14.8,1.75,850421500
2025-08-21,GLDD.OQ,14.8,1.75,
2025-08-25,PAX.OQ,16.0,,
2025-08-29,PAX.OQ,,,360775000
2025-09-15,GLDD.OQ,,,849677200
2025-09-24,GLDD.OQ,15.0,,
2025-10-01,PAX.OQ,15.83333,2.57143,364020000
2025-10-01,PAX.OQ,,2.57143,
2025-10-10,AGM.N,,,401662500
2025-10-20,PAX.OQ,16.0,,363847000
2025-10-20,PAX.OQ,16.0,,
2025-10-28,GLDD.OQ,14.8,,
2025-10-29,GLDD.OQ,15.2,,
2025-11-04,AGM.N,,2.0,
2025-11-04,AGM.N,226.66667,2.0,
2025-11-04,PAX.OQ,,,363966400
2025-11-05,AGM.N,,,409853000
2025-11-05,GLDD.OQ,,,844451600
2025-11-05,PAX.OQ,16.16667,,
2025-11-05,AGM.N,,,450740000
2025-11-06,GLDD.OQ,,,840991600
2025-11-07,INVX.N,20.66667,,
2025-11-10,GLDD.OQ,15.6,,840651600
2025-11-10,GLDD.OQ,15.6,,
2025-11-14,INVX.N,22.66667,,931466670
2025-11-14,INVX.N,,,931466670
2025-11-28,PAX.OQ,,,362566400
2025-11-28,PAX.OQ,16.33333,,362566400
2025-12-08,GLDD.OQ,,,842787600
2025-12-10,PAX.OQ,16.5,,
2025-12-18,INVX.N,25.0,,
2025-12-23,INVX.N,,,945000000
2025-12-30,PAX.OQ,,,362366400
2026-01-04,INVX.N,,,980500000
2026-01-04,INVX.N,,,945000000
2026-01-13,PAX.OQ,16.66667,,362166400
2026-01-13,PAX.OQ,,,362166400
2026-01-14,PAX.OQ,16.83333,,
2026-01-16,PAX.OQ,16.6,,
2026-01-20,GLDD.OQ,15.8,,845607600
2026-01-22,GLDD.OQ,16.2,1.8,846173000
2026-01-22,GLDD.OQ,,1.8,846173000
2026-01-22,GLDD.OQ,,,846173000
2026-01-27,PAX.OQ,17.0,,362138400
2026-01-27,PAX.OQ,,,362138400
2026-01-29,GLDD.OQ,16.8,,892659170
2026-01-29,PAX.OQ,17.5,,
2026-01-29,GLDD.OQ,16.8,,
2026-02-03,PAX.OQ,17.83333,,434708000
2026-02-03,PAX.OQ,17.83333,,
2026-02-04,PAX.OQ,,,433023400
2026-02-08,PAX.OQ,17.66667,,
2026-02-10,PAX.OQ,17.33333,,427039000
2026-02-11,GLDD.OQ,17.2,,
2026-02-11,GLDD.OQ,17.2,2.0,
2026-02-12,GLDD.OQ,,2.2,
2026-02-20,AGM.N,216.33333,,455290000
2026-02-22,AGM.N,215.0,,
2026-02-23,AGM.N,,,460288500
2026-02-23,INVX.N,,2.33333,
2026-02-24,GLDD.OQ,,,899389170
2026-02-25,GLDD.OQ,,,903889170
2026-02-25,INVX.N,27.0,,
2026-02-26,GLDD.OQ,17.0,2.6,
2026-02-26,GLDD.OQ,17.0,,
2026-03-02,LLYVK.OQ,115,2,409300000
2026-03-02,LLYVK.OQ,,,409300000
2026-03-02,GLDD.OQ,,,916045000
2026-03-02,INVX.N,28.33333,,989000000
2026-03-02,LLYVK.OQ,115,2,
2026-03-03,INVX.N,30.33333,,981000000
2026-03-04,GLDD.OQ,,2.8,
2026-03-11,GLDD.OQ,,3.0,
2026-03-26,AGM.N,215.33333,,464380500
2026-03-26,GLDD.OQ,,3.2,
2014-07-31,OCFC.OQ,,2.0,
2014-10-23,GTY.N,,4.0,96000000
2014-10-23,GTY.N,,4.0,
2014-11-21,GTY.N,16.75,,100000000
2014-11-21,GTY.N,16.75,,
2014-12-10,OCFC.OQ,19.75,,
2014-12-10,OCFC.OQ,19.75,,72623500
2015-01-22,OCFC.OQ,,,84956000
2015-01-23,OCFC.OQ,19.625,,84517500
2015-01-26,OCFC.OQ,19.5,,
2015-01-26,OCFC.OQ,19.5,,84492500
2015-04-02,OCFC.OQ,,2.0,81690000
2015-04-02,OCFC.OQ,,2.0,
2015-04-07,OCFC.OQ,,,81403000
2015-04-09,GTY.N,16.25,,99000000
2015-04-09,GTY.N,16.25,,
2015-04-13,ETSY.N,14.0,3.0,
2015-04-13,ETSY.N,,,295755000
2015-04-13,ETSY.N,14.0,3.0,295755000
2015-04-16,ETSY.N,16.5,2.5,
2015-04-16,ETSY.N,16.5,2.5,292138000
2015-04-17,ETSY.N,,,296158670
2015-04-21,ETSY.N,,,296240330
2015-04-24,OCFC.OQ,,,81625330
2015-04-30,OCFC.OQ,,,75754000
2015-05-11,ETSY.N,18.25,3.25,279873600
2015-05-11,ETSY.N,,3.25,279873600
2015-05-11,ETSY.N,,3.25,
2015-05-12,ETSY.N,19.25,,
2015-05-20,ETSY.N,19.0,,
2015-05-20,ETSY.N,19.0,,279997400
2015-05-26,ETSY.N,,,273267000
2015-06-17,ETSY.N,,,272704000
2015-06-17,GTY.N,,,106000000
2015-06-22,OCFC.OQ,19.75,,
2015-06-25,ETSY.N,18.0,,
2015-07-01,OCFC.OQ,20.0,,
2015-07-24,OCFC.OQ,,,76213000
2015-08-04,ETSY.N,17.75,,272511500
2015-08-05,ETSY.N,,,274322250
2015-08-05,ETSY.N,16.75,,274322250
2015-08-21,OCFC.OQ,,,76213000
2015-08-24,GTY.N,16.0,,
2015-09-08,ETSY.N,16.0,,
2015-09-15,OCFC.OQ,20.0,2.0,76106500
2015-09-15,OCFC.OQ,,2.0,
2015-09-15,OCFC.OQ,,2.0,76106500
2015-09-30,OCFC.OQ,19.83333,,
2015-10-12,ETSY.N,14.8,3.6,
2015-10-20,ETSY.N,14.4,3.2,
2015-10-20,ETSY.N,,3.2,
2015-10-22,OCFC.OQ,,,84514000
2015-10-23,ETSY.N,,,273677800
2015-10-23,OCFC.OQ,20.66667,,92909330
2015-10-23,OCFC.OQ,20.66667,,
2015-10-27,ETSY.N,,,273588200
2015-11-03,OCFC.OQ,,2.0,
2015-11-04,ETSY.N,13.3,,271825600
2015-11-04,OCFC.OQ,,,92909330
2015-11-04,ETSY.N,13.3,,
2015-11-10,OCFC.OQ,,1.75,88732000
2015-11-10,OCFC.OQ,,1.75,
2015-11-10,OCFC.OQ,21.25,1.75,88732000
2015-11-16,ETSY.N,,,271825600
2015-11-17,ETSY.N,,2.83333,272238000
2015-11-17,ETSY.N,13.3,2.83333,272238000
2015-11-25,GTY.N,15.0,,107000000
2015-11-25,GTY.N,15.0,,
2015-11-25,GTY.N,15.0,,118000000
2015-12-01,OCFC.OQ,21.75,,
2015-12-14,OCFC.OQ,22.0,,
2015-12-18,ETSY.N,12.7,,
2015-12-22,ETSY.N,,3.0,
2015-12-22,ETSY.N,11.54167,3.0,
2015-12-22,ETSY.N,11.54167,3.0,272161140
2016-01-06,OCFC.OQ,,,80389750
2016-01-06,OCFC.OQ,22.5,,80389750
2016-01-07,OCFC.OQ,22.75,,
2016-01-08,OCFC.OQ,23.33333,1.66667,76253000
2016-01-08,OCFC.OQ,,,106871000
2016-01-21,OCFC.OQ,22.75,1.75,
2016-01-21,OCFC.OQ,,1.75,
2016-01-22,OCFC.OQ,,,107529750
2016-01-25,OCFC.OQ,,,108304750
2016-02-17,ETSY.N,,,271949000
2016-02-17,ETSY.N,,,347339860
2016-02-22,ETSY.N,11.375,,
2016-02-24,ETSY.N,10.41667,,341172430
2016-02-24,ETSY.N,10.41667,,
2016-03-01,ETSY.N,,,340701170
2016-03-10,ETSY.N,,3.0,
2016-03-10,ETSY.N,10.35714,3.0,
2016-03-10,ETSY.N,10.35714,3.0,340677430
2016-03-25,ETSY.N,,,340592750
2016-04-01,GTY.N,,,117000000
2016-04-21,OCFC.OQ,,,108257000
2016-04-22,OCFC.OQ,,,110979500
2016-04-24,OCFC.OQ,22.5,,
2016-04-25,OCFC.OQ,,,114279500
2016-04-28,OCFC.OQ,,,115562330
2016-05-03,ETSY.N,10.5,,342925250
2016-05-04,ETSY.N,10.92857,,
2016-05-04,ETSY.N,10.92857,,348082500
2016-05-13,ETSY.N,,,348939570
2016-05-20,ETSY.N,9.41667,3.14286,348939570
2016-05-25,ETSY.N,9.78571,3.0,350030630
2016-05-31,OCFC.OQ,,,115600000
2016-06-02,ETSY.N,9.91667,3.0,351506430
2016-06-02,ETSY.N,9.91667,3.0,
2016-06-16,GTY.N,,,98000000
2016-06-17,GTY.N,,3.5,
2016-06-17,GTY.N,,3.5,98000000
2016-07-05,OCFC.OQ,22.25,,
2016-07-15,OCFC.OQ,,,115935250
2016-07-21,ETSY.N,,,353424170
2016-07-28,OCFC.OQ,,,121019000
2016-07-29,OCFC.OQ,,,117274000
2016-08-01,ETSY.N,,2.75,
2016-08-01,OCFC.OQ,22.0,,
2016-08-01,ETSY.N,10.5,2.75,
2016-08-01,OCFC.OQ,22.0,,118274000
2016-08-02,ETSY.N,10.78571,,354851830
2016-08-03,ETSY.N,,2.625,360621170
2016-08-03,ETSY.N,13.82143,2.625,360621170
2016-08-05,OCFC.OQ,,,118798670
2016-08-11,GTY.N,,,97000000
2016-08-11,GTY.N,,,99000000
2016-09-12,ETSY.N,14.10714,,
2016-09-13,ETSY.N,14.09375,2.66667,360103860
2016-09-13,ETSY.N,,,360103860
2016-09-19,OCFC.OQ,,,118642330
2016-09-26,ETSY.N,14.65778,2.44444,
2016-09-26,OCFC.OQ,22.25,,
2016-09-26,ETSY.N,,2.44444,
2016-09-30,OCFC.OQ,,,118542330
2016-10-07,ETSY.N,15.10222,,
2016-10-12,OCFC.OQ,,,118281750
2016-10-13,ETSY.N,15.32444,,360097140
2016-10-13,ETSY.N,,,360097140
2016-10-24,ETSY.N,15.43556,,
2016-10-25,ETSY.N,15.41667,,
2016-10-27,OCFC.OQ,22.5,,
2016-10-27,OCFC.OQ,22.5,,117948250
2016-11-01,ETSY.N,15.63889,,362004570
2016-11-02,ETSY.N,15.80556,2.33333,
2016-11-02,ETSY.N,15.80556,2.33333,362840710
2016-11-02,OCFC.OQ,,,117393670
2016-11-03,OCFC.OQ,,,117693670
2016-11-09,ETSY.N,,,362840710
2016-11-21,OCFC.OQ,23.375,,
2016-11-28,OCFC.OQ,24.25,,
2016-12-01,OCFC.OQ,24.375,,118532330
2016-12-12,OCFC.OQ,25.875,,120165670
2016-12-19,ETSY.N,15.625,2.4,362798130
2016-12-19,OCFC.OQ,29.125,,121732330
2016-12-21,OCFC.OQ,,,121571500
2016-12-21,OCFC.OQ,30.875,,121571500
2017-01-05,ETSY.N,15.825,2.3,362910630
2017-01-06,ETSY.N,15.61364,2.36364,
2017-01-06,ETSY.N,,2.36364,
2017-01-06,ETSY.N,15.61364,2.36364,363206220
2017-01-11,OCFC.OQ,31.625,,169105250
2017-01-11,OCFC.OQ,31.625,,
2017-01-27,OCFC.OQ,32.5,,
2017-01-30,OCFC.OQ,,2.0,160536750
2017-01-30,OCFC.OQ,,2.0,
2017-01-31,ETSY.N,,,363143890
2017-01-31,OCFC.OQ,,,160186750
2017-02-13,GTY.N,16.0,,
2017-02-23,ETSY.N,15.52273,,
2017-02-28,ETSY.N,15.34091,,444991670
2017-03-01,ETSY.N,14.81818,,444245560
2017-03-01,ETSY.N,,,444245560
2017-03-02,ETSY.N,14.72727,,
2017-03-06,ETSY.N,,2.54546,
2017-03-27,OCFC.OQ,32.0,,
2017-03-31,GTY.N,20.0,,
2017-04-16,ETSY.N,,,444242330
2017-04-26,ETSY.N,,,444003330
2017-04-27,OCFC.OQ,31.625,,166981500
2017-04-27,OCFC.OQ,31.625,,
2017-05-01,OCFC.OQ,,,168131500
2017-05-02,ETSY.N,14.40909,,442988220
2017-05-02,OCFC.OQ,,,169731500
2017-05-03,ETSY.N,11.97727,2.63636,433874330
2017-05-03,OCFC.OQ,31.75,,163602250
2017-05-03,OCFC.OQ,31.75,,
2017-05-04,OCFC.OQ,,,171014330
2017-05-17,ETSY.N,12.34091,2.72727,434280330
2017-05-24,ETSY.N,12.375,2.9,435002880
2017-05-24,ETSY.N,,2.9,435002880
2017-06-22,ETSY.N,12.75,,
2017-06-26,OCFC.OQ,31.5,,
2017-06-28,ETSY.N,13.05,,
2017-06-28,GTY.N,,,98000000
2017-06-30,OCFC.OQ,,,170941340
2017-07-03,OCFC.OQ,31.25,,
2017-07-05,OCFC.OQ,31.5,,
2017-07-13,OCFC.OQ,,,171141340
2017-07-18,GTY.N,,2.66667,
2017-07-18,GTY.N,26.0,2.66667,100050000
2017-07-20,ETSY.N,13.45,,
2017-07-27,GTY.N,32.0,,101550000
2017-07-27,GTY.N,32.0,,
2017-07-28,GTY.N,,,102000000
2017-07-31,OCFC.OQ,31.25,,169934000
2017-08-02,ETSY.N,,3.0,
2017-08-02,ETSY.N,13.05556,3.0,435002710
2017-08-03,ETSY.N,13.44444,,435229000
2017-08-04,ETSY.N,15.05556,,436101860
2017-08-04,ETSY.N,15.05556,,
2017-08-10,ETSY.N,,,435506000
2017-08-11,ETSY.N,,,436101860
2017-08-24,ETSY.N,15.35,2.9,436065880
2017-09-05,OCFC.OQ,31.4,,169964200
2017-09-05,OCFC.OQ,31.4,1.8,169964200
2017-09-06,ETSY.N,15.68182,2.72727,435980780
2017-09-06,GTY.N,31.0,2.25,106496670
2017-09-06,ETSY.N,,2.72727,
2017-09-06,ETSY.N,15.68182,2.72727,
2017-09-08,GTY.N,30.0,,
2017-09-08,GTY.N,30.0,2.66667,
2017-09-08,GTY.N,30.0,2.66667,108245000
2017-09-14,ETSY.N,,,436045450
2017-09-20,OCFC.OQ,,1.6,
2017-09-21,OCFC.OQ,31.33333,1.5,170288830
2017-09-26,ETSY.N,15.55,,
2017-10-03,ETSY.N,,,436028000
2017-10-04,ETSY.N,,,435708450
2017-10-09,OCFC.OQ,,1.57143,
2017-10-09,OCFC.OQ,31.42857,1.57143,170347710
2017-10-09,OCFC.OQ,31.42857,1.57143,
2017-10-26,OCFC.OQ,,,170353570
2017-10-27,OCFC.OQ,,,170469290
2017-10-30,GTY.N,,,108075000
2017-10-30,OCFC.OQ,31.85714,,170155860
2017-10-30,OCFC.OQ,31.85714,,
2017-11-01,ETSY.N,15.575,,
2017-11-06,ETSY.N,16.025,,435830890
2017-11-07,ETSY.N,17.425,,437200220
2017-11-07,OCFC.OQ,,,170255860
2017-11-10,OCFC.OQ,,,170183200
2017-12-12,GTY.N,,2.75,
2017-12-13,GTY.N,,,105021670
2017-12-20,ETSY.N,18.20455,2.66667,437410200
2018-01-05,OCFC.OQ,,,170204000
2018-01-08,GTY.N,30.0,,
2018-01-11,OCFC.OQ,32.0,,
2018-01-12,ETSY.N,,2.75,
2018-01-12,ETSY.N,,2.75,437667900
2018-01-12,ETSY.N,18.52273,2.75,437667900
2018-01-23,GTY.N,,,107032500
2018-01-25,OCFC.OQ,32.57143,,242905000
2018-01-25,OCFC.OQ,32.57143,,
2018-01-26,OCFC.OQ,,,240646250
2018-01-29,OCFC.OQ,32.5,,235217400
2018-02-02,GTY.N,27.0,,106826000
2018-02-02,GTY.N,27.0,,104688330
2018-02-05,OCFC.OQ,32.78571,,234484840
2018-02-12,OCFC.OQ,,,234129860
2018-02-12,OCFC.OQ,32.92857,,234129860
2018-02-20,ETSY.N,19.06818,,
2018-02-21,ETSY.N,19.40909,,
2018-02-26,OCFC.OQ,32.71429,,
2018-02-27,ETSY.N,20.36364,,522188500
2018-02-28,ETSY.N,22.86364,2.66667,533396600
2018-02-28,ETSY.N,,2.66667,
2018-02-28,ETSY.N,,2.66667,533396600
2018-03-02,ETSY.N,23.59091,,
2018-03-02,GTY.N,25.25,,116294000
2018-03-02,GTY.N,25.25,,
2018-03-05,ETSY.N,24.22727,,
2018-03-05,ETSY.N,24.22727,,535185800
2018-03-05,OCFC.OQ,,,233821430
2018-03-06,ETSY.N,,,539226630
2018-03-06,GTY.N,,,135230000
2018-03-13,ETSY.N,,,539939130
2018-03-13,ETSY.N,24.68182,,539939130
2018-03-16,ETSY.N,24.6,2.63636,
2018-03-20,OCFC.OQ,,,233635710
2018-03-27,ETSY.N,,2.6,
2018-03-27,ETSY.N,25.55556,2.6,539939130
2018-03-29,ETSY.N,26.11111,,540453750
2018-03-29,GTY.N,,,125615000
2018-04-09,ETSY.N,26.7,,540281110
2018-04-09,ETSY.N,26.7,2.54546,540281110
2018-04-13,ETSY.N,,2.5,
2018-04-13,GTY.N,25.75,,
2018-04-18,ETSY.N,27.3,,539896200
2018-04-18,ETSY.N,,,539896200
2018-04-26,OCFC.OQ,,,233670000
2018-04-27,OCFC.OQ,,,237288140
2018-04-30,OCFC.OQ,32.57143,,
2018-04-30,ETSY.N,27.8,,
2018-04-30,OCFC.OQ,32.57143,,243336430
2018-05-01,ETSY.N,28.0,,
2018-05-01,OCFC.OQ,,,244979290
2018-05-07,ETSY.N,28.1,,
2018-05-08,ETSY.N,28.9,,540859600
2018-05-09,ETSY.N,31.0,,543473300
2018-05-10,ETSY.N,31.6,,543975600
2018-05-11,GTY.N,,,123465000
2018-05-24,OCFC.OQ,32.71429,,
2018-06-01,GTY.N,,2.4,
2018-06-01,GTY.N,27.16667,2.4,125830330
2018-06-01,GTY.N,27.16667,2.4,
2018-06-12,GTY.N,,,130745500
2018-06-14,ETSY.N,36.1,,561663400
2018-06-14,GTY.N,28.75,,
2018-06-15,ETSY.N,38.6,,570235400
2018-06-18,ETSY.N,41.4,,579475500
2018-06-25,OCFC.OQ,33.42857,,
2018-06-28,OCFC.OQ,33.375,1.625,244889500
2018-06-28,OCFC.OQ,,1.625,244889500
2018-06-28,OCFC.OQ,,1.625,
2018-06-29,GTY.N,29.25,,
2018-07-03,OCFC.OQ,33.42857,,
2018-07-09,ETSY.N,43.0,2.44444,583302000
2018-07-09,OCFC.OQ,33.78571,,
2018-07-09,ETSY.N,,2.44444,
2018-07-10,ETSY.N,44.44444,,588670440
2018-07-12,GTY.N,,,130745500
2018-07-13,GTY.N,30.0,,
2018-07-24,GTY.N,,2.16667,
2018-07-24,GTY.N,30.33333,2.16667,131163670
2018-07-26,OCFC.OQ,,,244898120
2018-07-27,GTY.N,31.16667,,131470330
2018-07-27,OCFC.OQ,33.6875,,244618120
2018-07-27,OCFC.OQ,33.6875,,
2018-07-30,GTY.N,31.83333,,
2018-07-30,GTY.N,31.83333,,132438000
2018-07-30,OCFC.OQ,,,244327000
2018-08-01,OCFC.OQ,,,244814500
2018-08-06,ETSY.N,45.66667,,590781780
2018-08-07,ETSY.N,48.44444,,594326330
2018-08-07,ETSY.N,48.44444,,
2018-08-13,ETSY.N,,,594858630
2018-08-30,GTY.N,,,132657000
2018-09-09,OCFC.OQ,,,244773130
2018-09-13,ETSY.N,48.6,2.5,595159220
2018-09-13,OCFC.OQ,33.5625,,
2018-09-13,ETSY.N,,2.5,
2018-09-13,ETSY.N,,2.5,595159220
2018-09-14,ETSY.N,50.2,,
2018-09-17,ETSY.N,,,594650100
2018-09-17,GTY.N,30.375,,
2018-09-24,GTY.N,,,132938000
2018-10-01,ETSY.N,51.0,,
2018-10-24,ETSY.N,52.2,2.4,595402500
2018-10-24,ETSY.N,,2.4,
2018-10-26,GTY.N,30.0,,
2018-10-26,GTY.N,30.0,,133258000
2018-10-26,OCFC.OQ,33.1875,,244204630
2018-10-29,OCFC.OQ,31.375,,241692880
2018-10-30,OCFC.OQ,30.875,,
2018-10-30,OCFC.OQ,30.875,,240999750
2018-10-31,GTY.N,,,133054000
2018-11-01,OCFC.OQ,,,240271140
2018-11-06,ETSY.N,52.4,,596580200
2018-11-07,ETSY.N,53.2,,598541600
2018-11-13,ETSY.N,53.72727,2.27273,598674180
2018-11-13,ETSY.N,,,598674180
2018-12-03,GTY.N,,,143380000
2018-12-03,GTY.N,,,133202670
2018-12-03,GTY.N,30.25,,133202670
2018-12-04,OCFC.OQ,31.125,,
2018-12-05,OCFC.OQ,,,240272290
2018-12-07,ETSY.N,55.08333,2.16667,
2018-12-07,GTY.N,31.0,,
2018-12-07,ETSY.N,,2.16667,
2018-12-14,GTY.N,31.3125,,
2018-12-17,ETSY.N,56.16667,,
2018-12-17,OCFC.OQ,30.9375,,
2018-12-21,OCFC.OQ,,1.66667,
2018-12-21,OCFC.OQ,,1.66667,240300750
2018-12-21,OCFC.OQ,30.61111,1.66667,240300750
2019-01-02,OCFC.OQ,29.94444,,
2019-01-04,ETSY.N,,2.08333,
2019-01-04,ETSY.N,56.83333,2.08333,598740730
2019-01-24,OCFC.OQ,,,263681670
2019-01-25,ETSY.N,56.91667,,598810910
2019-01-25,OCFC.OQ,29.61111,,264665220
2019-01-28,OCFC.OQ,29.16667,,264424440
2019-01-28,OCFC.OQ,29.16667,,
2019-01-29,ETSY.N,,2.07692,
2019-01-29,ETSY.N,,2.07692,598751670
2019-01-29,ETSY.N,57.46154,2.07692,598751670
2019-01-31,OCFC.OQ,,,265625500
2019-02-05,OCFC.OQ,29.16667,,
2019-02-13,ETSY.N,58.38462,,
2019-02-13,OCFC.OQ,28.94444,,265711550
2019-02-13,OCFC.OQ,,,265711550
2019-02-19,ETSY.N,59.15385,,
2019-02-25,ETSY.N,63.76923,,781072170
2019-02-26,ETSY.N,68.46154,,
2019-02-26,ETSY.N,68.46154,,793643750
2019-03-01,ETSY.N,,,792931820
2019-03-04,OCFC.OQ,29.0625,1.77778,
2019-03-04,OCFC.OQ,,1.77778,
2019-03-07,ETSY.N,,2.23077,
2019-03-07,ETSY.N,69.76923,2.23077,793040910
2019-03-08,ETSY.N,71.91667,,793008170
2019-03-08,GTY.N,,,142610000
2019-03-08,ETSY.N,,,793008170
2019-03-11,ETSY.N,72.75,,
2019-03-12,GTY.N,33.08333,,137957500
2019-03-15,OCFC.OQ,29.1875,,265653780
2019-03-15,OCFC.OQ,,,265653780
2019-03-19,GTY.N,34.08333,,131378500
2019-03-25,OCFC.OQ,29.125,,
2019-03-28,ETSY.N,,2.28571,792776770
2019-03-28,ETSY.N,,,792776770
2019-03-29,ETSY.N,,2.28571,
2019-04-04,ETSY.N,,2.2,
2019-04-04,ETSY.N,,2.2,792421290
2019-04-04,ETSY.N,73.69231,2.2,792421290
2019-04-15,GTY.N,35.41667,,
2019-04-15,GTY.N,35.41667,,130878500
2019-04-25,OCFC.OQ,,,265692550
2019-04-26,OCFC.OQ,29.25,,
2019-04-26,OCFC.OQ,29.25,,265962560
2019-04-29,OCFC.OQ,,,267969110
2019-04-30,OCFC.OQ,29.375,,268291330
2019-05-01,ETSY.N,74.0,,
2019-05-02,OCFC.OQ,29.5,,268658000
2019-05-03,GTY.N,,,130073500
2019-05-08,ETSY.N,74.30769,,792911360
2019-05-09,ETSY.N,74.61539,,
2019-05-09,ETSY.N,74.61539,,792403070
2019-05-09,GTY.N,,,130099000
2019-05-24,GTY.N,,,129599000
2019-05-28,ETSY.N,,,792224500
2019-06-13,OCFC.OQ,29.42857,1.875,269077750
2019-06-13,OCFC.OQ,29.42857,1.875,
2019-07-01,ETSY.N,74.64286,,792916200
2019-07-09,ETSY.N,,2.1875,
2019-07-15,ETSY.N,,,792924130
2019-07-15,ETSY.N,74.57143,,792924130
2019-07-25,ETSY.N,74.86667,2.0625,
2019-07-25,GTY.N,34.0625,,132132000
2019-07-25,OCFC.OQ,,,269078130
2019-07-25,ETSY.N,,2.0625,
2019-07-26,GTY.N,33.4375,,
2019-07-26,GTY.N,33.4375,,132818670
2019-07-26,OCFC.OQ,29.5,1.77778,268273630
2019-07-29,OCFC.OQ,28.8125,2.0,262583380
2019-07-29,OCFC.OQ,,2.0,
2019-07-30,OCFC.OQ,28.5625,,
2019-07-30,ETSY.N,,,792927070
2019-07-30,OCFC.OQ,28.5625,,261483380
2019-08-01,ETSY.N,75.2,,796668000
2019-08-01,OCFC.OQ,,,260366710
2019-08-02,ETSY.N,76.4,,
2019-08-02,OCFC.OQ,28.0,,
2019-08-02,ETSY.N,76.4,,801737530
2019-08-02,GTY.N,,,138148670
2019-08-02,OCFC.OQ,28.0,,260270880
2019-08-05,ETSY.N,,,802284130
2019-08-08,ETSY.N,,,802653360
2019-08-09,OCFC.OQ,,,260229620
2019-08-12,OCFC.OQ,26.9375,2.22222,
2019-08-12,OCFC.OQ,,2.22222,
2019-08-13,OCFC.OQ,26.1875,,260002890
2019-08-14,OCFC.OQ,26.0625,,259975330
2019-08-15,ETSY.N,,,802797770
2019-08-15,ETSY.N,76.14286,2.06667,802797770
2019-08-15,ETSY.N,76.14286,,802797770
2019-08-19,GTY.N,,,136882000
2019-08-21,ETSY.N,,1.93333,
2019-08-29,OCFC.OQ,,2.11111,
2019-09-03,OCFC.OQ,,2.125,260022250
2019-09-03,OCFC.OQ,,2.125,
2019-09-03,OCFC.OQ,26.0,2.125,260022250
2019-09-05,OCFC.OQ,25.85714,,
2019-09-13,ETSY.N,76.28571,1.8,
2019-09-16,ETSY.N,,,802391860
2019-09-19,ETSY.N,76.64286,1.73333,
2019-09-19,OCFC.OQ,,,260002250
2019-09-19,ETSY.N,76.64286,,
2019-09-20,GTY.N,33.6875,,
2019-09-30,ETSY.N,,,803920430
2019-10-03,ETSY.N,,1.75,
2019-10-03,ETSY.N,,1.75,804059070
2019-10-04,ETSY.N,75.66667,,805750470
2019-10-04,ETSY.N,75.66667,,
2019-10-16,OCFC.OQ,25.66667,2.28571,259904140
2019-10-16,OCFC.OQ,,2.28571,
2019-10-16,OCFC.OQ,25.66667,2.28571,
2019-10-21,ETSY.N,,,805572310
2019-10-24,OCFC.OQ,,,259859860
2019-10-25,OCFC.OQ,26.33333,,259001000
2019-10-28,ETSY.N,74.93333,,
2019-10-28,GTY.N,,,137408670
2019-10-28,OCFC.OQ,26.28571,2.375,257260130
2019-10-28,OCFC.OQ,26.28571,2.375,
2019-10-28,OCFC.OQ,,2.375,
2019-10-29,ETSY.N,,,805372310
2019-10-29,OCFC.OQ,,,256860130
2019-10-30,ETSY.N,73.46667,,806959810
2019-10-31,ETSY.N,67.0,,
2019-10-31,ETSY.N,67.0,,812521880
2019-11-04,OCFC.OQ,26.57143,,256522630
2019-11-04,OCFC.OQ,26.57143,,
2019-11-06,ETSY.N,,,813163330
2019-11-08,GTY.N,34.0,,
2019-11-19,GTY.N,34.25,,
2019-11-19,ETSY.N,,1.8125,
2019-11-19,GTY.N,34.25,,137728670
2019-11-19,OCFC.OQ,,2.375,
2019-11-20,OCFC.OQ,,,256636130
2019-12-05,ETSY.N,66.06667,1.875,812738730
2019-12-09,OCFC.OQ,,,256655500
2019-12-13,ETSY.N,,1.88235,
2019-12-13,ETSY.N,65.375,1.88235,812844630
2019-12-18,OCFC.OQ,26.64286,,
2019-12-24,OCFC.OQ,26.71429,,
2020-01-06,OCFC.OQ,,2.375,
2020-01-06,GTY.N,,,137762000
2020-01-06,OCFC.OQ,26.64286,2.375,256661570
2020-01-06,OCFC.OQ,,2.375,256661570
2020-01-07,ETSY.N,64.75,,812763380
2020-01-07,ETSY.N,64.75,,
2020-01-08,OCFC.OQ,26.78571,,
2020-01-21,ETSY.N,,,812796690
2020-01-27,OCFC.OQ,26.85714,,312281430
2020-01-28,OCFC.OQ,27.07143,,311548880
2020-01-29,OCFC.OQ,26.92857,,311321880
2020-01-29,OCFC.OQ,26.92857,,
2020-01-30,GTY.N,,2.0,137762000
2020-01-30,GTY.N,,2.0,
2020-01-30,GTY.N,,2.0,144911330
2020-02-03,OCFC.OQ,,,312809380
2020-02-04,OCFC.OQ,,,319571880
2020-02-06,ETSY.N,63.64706,1.94444,812788180
2020-02-06,ETSY.N,,1.94444,
2020-02-11,OCFC.OQ,26.78571,,319434380
2020-02-26,ETSY.N,65.0,,1037345880
2020-02-27,ETSY.N,,1.83333,1052981590
2020-02-27,ETSY.N,,1.83333,
2020-02-27,ETSY.N,65.55556,1.83333,1052981590
2020-02-28,ETSY.N,66.11111,,
2020-03-02,ETSY.N,66.11111,,
2020-03-06,GTY.N,33.5,,
2020-03-06,GTY.N,33.5,,146248000
2020-03-06,OCFC.OQ,26.35714,,318324000
2020-03-10,ETSY.N,66.88889,,1052711590
2020-03-16,OCFC.OQ,25.5,,311249000
2020-03-17,OCFC.OQ,23.07143,,308643130
2020-03-18,OCFC.OQ,21.64286,,307393130
2020-03-19,ETSY.N,65.77778,1.88889,1048742880
2020-03-19,GTY.N,,,146914670
2020-03-19,OCFC.OQ,20.5,,306226500
2020-03-19,ETSY.N,,1.88889,
2020-03-23,GTY.N,30.75,2.4,146868000
2020-03-23,OCFC.OQ,19.78571,,305512130
2020-03-23,GTY.N,,2.4,
2020-03-23,GTY.N,30.75,2.4,
2020-03-26,ETSY.N,65.11111,,1044494120
2020-03-27,ETSY.N,64.66667,,1040805880
2020-03-30,ETSY.N,64.05556,,
2020-03-30,ETSY.N,64.05556,,1031568530
2020-03-31,GTY.N,,,146368000
2020-03-31,OCFC.OQ,18.85714,2.25,304043130
2020-03-31,OCFC.OQ,18.85714,2.25,
2020-03-31,OCFC.OQ,18.85714,,
2020-04-01,ETSY.N,,,1023568530
2020-04-02,ETSY.N,62.77778,,1016634820
2020-04-03,ETSY.N,61.05556,,1006205410
2020-04-03,GTY.N,31.25,,
2020-04-06,ETSY.N,57.61111,,980625710
2020-04-09,GTY.N,31.25,,
2020-04-12,ETSY.N,57.5,,
2020-04-13,ETSY.N,,2.0,
2020-04-13,ETSY.N,,2.0,977049240
2020-04-15,ETSY.N,57.82353,,
2020-04-16,OCFC.OQ,,,303868130
2020-04-17,ETSY.N,,,971519820
2020-04-17,GTY.N,31.75,,
2020-04-23,ETSY.N,59.41177,,973528240
2020-04-24,ETSY.N,59.88235,,976375290
2020-04-24,OCFC.OQ,,,309247000
2020-04-27,OCFC.OQ,,,321131250
2020-04-29,ETSY.N,61.05882,,
2020-04-29,ETSY.N,61.05882,,981356820
2020-04-30,OCFC.OQ,,2.0,
2020-04-30,OCFC.OQ,,2.0,327621430
2020-05-01,ETSY.N,,,982892120
2020-05-01,GTY.N,32.375,,
2020-05-03,ETSY.N,,,982233290
2020-05-04,OCFC.OQ,,,327208570
2020-05-06,OCFC.OQ,19.28571,,
2020-05-06,ETSY.N,63.58824,,1018430880
2020-05-06,OCFC.OQ,19.28571,,326620000
2020-05-07,ETSY.N,,,1161199290
2020-05-07,ETSY.N,79.41177,,1161199290
2020-05-07,OCFC.OQ,,,328302000
2020-05-10,GTY.N,,,144114250
2020-05-13,ETSY.N,81.76471,,
2020-05-13,GTY.N,,,143519250
2020-05-17,GTY.N,,,142621000
2020-05-21,ETSY.N,82.11765,,
2020-06-08,GTY.N,33.3,2.33333,142621000
2020-06-08,GTY.N,,2.33333,
2020-06-08,GTY.N,,2.33333,142621000
2020-06-09,ETSY.N,,,1164352240
2020-06-10,ETSY.N,84.41177,1.88889,1166237710
2020-06-10,OCFC.OQ,,,327752000
2020-06-10,ETSY.N,,1.88889,
2020-06-12,GTY.N,33.6,,
2020-06-16,GTY.N,,,142621000
2020-06-17,OCFC.OQ,,,329052000
2020-06-19,GTY.N,34.0,,
2020-06-22,ETSY.N,88.52941,,1168962530
2020-06-25,ETSY.N,92.47059,,1171009590
2020-06-25,ETSY.N,,,1171009590
2020-06-26,ETSY.N,93.88235,,
2020-06-26,GTY.N,34.2,,
2020-06-29,ETSY.N,95.35294,,1173421350
2020-06-29,OCFC.OQ,,,328089500
2020-06-29,ETSY.N,,,1173421350
2020-06-30,GTY.N,33.9,,141869500
2020-06-30,OCFC.OQ,,,326978380
2020-06-30,GTY.N,,,141869500
2020-07-01,ETSY.N,98.0,,
2020-07-14,ETSY.N,,1.88235,
2020-07-14,ETSY.N,99.0,1.88235,1175510190
2020-07-15,OCFC.OQ,,,326628380
2020-07-16,ETSY.N,100.375,,1192931810
2020-07-20,ETSY.N,101.9375,,1193857560
2020-07-21,GTY.N,33.9,,
2020-07-22,ETSY.N,103.8125,,1194501310
2020-07-22,GTY.N,,,141344500
2020-07-24,ETSY.N,105.25,,1197647250
2020-07-24,GTY.N,,,141534500
2020-07-24,OCFC.OQ,,,325741500
2020-07-24,ETSY.N,105.25,,
2020-07-27,OCFC.OQ,19.42857,,
2020-07-27,OCFC.OQ,19.42857,,325281130
2020-07-29,ETSY.N,,,1200581250
2020-07-29,GTY.N,34.3,,
2020-07-30,OCFC.OQ,,,326307000
2020-08-03,ETSY.N,107.875,,1205125000
2020-08-03,OCFC.OQ,,,326168630
2020-08-05,ETSY.N,120.25,,1313251880
2020-08-06,ETSY.N,,1.82353,
2020-08-06,ETSY.N,144.6875,1.82353,1480430000
2020-08-10,ETSY.N,153.4375,,1500576310
2020-08-12,GTY.N,34.4,,
2020-08-12,GTY.N,34.4,,142961250
2020-08-26,GTY.N,,,142561250
2020-09-11,ETSY.N,,1.70588,
2020-09-11,ETSY.N,152.52941,1.70588,1503054560
2020-09-18,GTY.N,,,142786250
2020-09-28,OCFC.OQ,19.28571,,
2020-10-01,OCFC.OQ,,,326023130
2020-10-07,ETSY.N,153.11765,,1503742060
2020-10-14,OCFC.OQ,,,325960630
2020-10-15,ETSY.N,153.70588,,1504367060
2020-10-15,ETSY.N,,,1504367060
2020-10-22,GTY.N,,2.16667,
2020-10-22,ETSY.N,154.0,,
2020-10-22,GTY.N,,2.16667,144791500
2020-10-23,GTY.N,33.8,,145560000
2020-10-25,ETSY.N,154.23529,,
2020-10-26,GTY.N,34.0,,
2020-10-26,ETSY.N,,,1508860250
2020-10-26,GTY.N,34.0,,146134000
2020-10-27,ETSY.N,154.41177,,
2020-10-28,ETSY.N,157.23529,,1558252250
2020-10-29,ETSY.N,,,1612766630
2020-10-29,ETSY.N,160.11765,,1612766630
2020-10-29,OCFC.OQ,,,324512630
2020-10-30,OCFC.OQ,18.71429,,320643250
2020-10-30,OCFC.OQ,18.71429,,
2020-11-02,OCFC.OQ,,,314586630
2020-11-03,OCFC.OQ,18.5,,321936630
2020-11-05,OCFC.OQ,,,319886630
2020-11-05,OCFC.OQ,18.35714,,319886630
2020-11-17,OCFC.OQ,18.5,,
2020-11-18,OCFC.OQ,19.0,,
2020-11-20,OCFC.OQ,,2.0,
2020-11-20,OCFC.OQ,,2.0,321469290
2020-11-20,OCFC.OQ,18.58333,2.0,321469290
2020-11-23,GTY.N,,,155197800
2020-11-23,GTY.N,,,146148800
2020-11-24,ETSY.N,160.41177,,
2020-11-30,OCFC.OQ,18.75,,
2020-12-02,ETSY.N,161.29412,,
2020-12-07,ETSY.N,162.11765,,1612554130
2020-12-07,OCFC.OQ,18.91667,,321483570
2020-12-07,OCFC.OQ,,,321483570
2020-12-10,ETSY.N,163.29412,,1613266630
2020-12-10,ETSY.N,163.29412,,
2020-12-15,ETSY.N,,1.82353,1613385380
2020-12-15,ETSY.N,,1.82353,
2020-12-16,OCFC.OQ,19.41667,,
2020-12-17,OCFC.OQ,,1.85714,
2020-12-17,OCFC.OQ,20.58333,1.85714,321827140
2020-12-21,ETSY.N,,,1614735380
2020-12-21,ETSY.N,165.94118,,1614735380
2020-12-28,OCFC.OQ,,,310512860
2020-12-28,OCFC.OQ,21.0,,310512860
2021-01-04,ETSY.N,167.70588,,
2021-01-07,OCFC.OQ,21.66667,,
2021-01-11,ETSY.N,,,1616018380
2021-01-11,ETSY.N,169.88235,,1616018380
2021-01-13,ETSY.N,173.35294,,
2021-01-14,ETSY.N,178.58824,,1622707130
2021-01-15,ETSY.N,,1.8125,
2021-01-15,ETSY.N,184.1875,1.8125,1623640930
2021-01-21,ETSY.N,187.625,,1624074270
2021-01-25,ETSY.N,189.5,,1624274270
2021-01-26,ETSY.N,192.0,,1624148330
2021-01-26,ETSY.N,,,1624148330
2021-01-28,OCFC.OQ,,,316409000
2021-01-29,ETSY.N,195.8125,,
2021-01-29,OCFC.OQ,,,309120290
2021-01-31,ETSY.N,,,1624628670
2021-02-01,OCFC.OQ,22.0,1.71429,312764570
2021-02-01,OCFC.OQ,,1.71429,
2021-02-02,OCFC.OQ,22.0,,319393140
2021-02-05,OCFC.OQ,22.42857,,320950280
2021-02-17,ETSY.N,197.0625,,1625895330
2021-02-17,ETSY.N,,,1625895330
2021-02-19,ETSY.N,198.375,,
2021-02-24,ETSY.N,,,1629888670
2021-02-25,ETSY.N,204.3125,,1910096530
2021-02-25,GTY.N,,,154255600
2021-02-26,ETSY.N,232.75,,2162925730
2021-02-26,ETSY.N,,,2162925730
2021-03-01,ETSY.N,233.375,,
2021-03-02,ETSY.N,229.86667,1.8,2166327150
2021-03-02,ETSY.N,,1.8,
2021-03-05,GTY.N,,,154209600
2021-03-08,GTY.N,34.0,,153325000
2021-03-09,OCFC.OQ,23.42857,,320991430
2021-03-11,GTY.N,33.9,,151393400
2021-03-11,GTY.N,33.9,,
2021-03-15,ETSY.N,230.6875,,2179446640
2021-03-24,ETSY.N,230.94118,1.8125,2184883530
2021-03-24,OCFC.OQ,24.0,1.75,320077500
2021-03-24,ETSY.N,,1.8125,
2021-03-24,OCFC.OQ,,1.75,
2021-03-28,ETSY.N,235.47059,,2181690810
2021-03-29,OCFC.OQ,24.75,,320268120
2021-03-30,OCFC.OQ,24.875,,320121870
2021-03-30,OCFC.OQ,,,320121870
2021-04-05,ETSY.N,237.11111,1.82353,2182709000
2021-04-06,ETSY.N,,,2182528310
2021-04-06,ETSY.N,237.23529,1.8125,2182528310
2021-04-07,OCFC.OQ,26.125,,
2021-04-22,GTY.N,,,152047750
2021-04-25,ETSY.N,237.375,1.875,
2021-04-25,ETSY.N,,1.875,
2021-04-28,ETSY.N,,,2185047880
2021-04-29,OCFC.OQ,,,325911870
2021-04-30,GTY.N,34.1,,151667250
2021-04-30,OCFC.OQ,26.625,,318947380
2021-05-03,OCFC.OQ,26.625,,
2021-05-03,OCFC.OQ,26.625,,316105630
2021-05-04,OCFC.OQ,,,308190840
2021-05-05,ETSY.N,230.3125,,2206979130
2021-05-06,ETSY.N,,1.75,
2021-05-06,OCFC.OQ,,2.0,314168130
2021-05-06,OCFC.OQ,,2.0,
2021-05-06,ETSY.N,227.625,1.75,2268658940
2021-05-06,OCFC.OQ,26.4375,2.0,314168130
2021-05-07,GTY.N,34.5,,152329750
2021-05-07,GTY.N,34.5,,
2021-05-10,ETSY.N,226.6875,,2278209690
2021-05-10,GTY.N,,,152463800
2021-05-12,GTY.N,,,151687170
2021-05-13,GTY.N,34.5,,
2021-05-19,OCFC.OQ,26.875,,
2021-06-01,OCFC.OQ,,,313468130
2021-06-02,ETSY.N,226.5625,,
2021-06-02,ETSY.N,226.5625,,2275772190
2021-06-03,ETSY.N,,,2282916500
2021-06-04,ETSY.N,225.73333,1.73333,2282916500
2021-06-07,ETSY.N,224.125,1.75,2284921410
2021-06-07,ETSY.N,,1.75,
2021-06-08,OCFC.OQ,,,313692140
2021-06-09,ETSY.N,223.1875,,2281733240
2021-06-16,ETSY.N,223.3125,,
2021-06-16,ETSY.N,223.3125,,2284269120
2021-06-17,GTY.N,,,153487170
2021-06-18,GTY.N,34.9,,
2021-06-28,ETSY.N,,,2284266940
2021-06-28,OCFC.OQ,,,313008140
2021-06-29,ETSY.N,224.0,1.76471,
2021-07-07,ETSY.N,225.44444,1.77778,2285696560
2021-07-07,ETSY.N,,1.77778,
2021-07-08,OCFC.OQ,,,313008140
2021-07-11,OCFC.OQ,,2.0,
2021-07-11,OCFC.OQ,26.77778,2.0,
2021-07-11,OCFC.OQ,26.77778,2.0,312357130
2021-07-12,ETSY.N,226.83333,,2286863220
2021-07-12,ETSY.N,226.83333,,
2021-07-27,ETSY.N,,,2286945220
2021-07-29,OCFC.OQ,,,318288750
2021-07-30,GTY.N,35.3,,153688170
2021-07-30,OCFC.OQ,26.44444,,314252250
2021-07-30,GTY.N,35.3,,
2021-08-02,ETSY.N,,,2288836170
2021-08-02,OCFC.OQ,26.22222,,314080380
2021-08-04,ETSY.N,224.33333,,2281091720
2021-08-04,OCFC.OQ,26.16667,1.77778,306867880
2021-08-04,OCFC.OQ,,1.77778,
2021-08-05,ETSY.N,219.55556,1.77778,
2021-08-05,ETSY.N,219.55556,1.77778,2284614170
2021-08-05,OCFC.OQ,26.27778,,306638110
2021-08-06,GTY.N,,,153609830
2021-08-06,OCFC.OQ,26.38889,1.66667,306671440
2021-08-06,OCFC.OQ,,1.66667,
2021-08-09,OCFC.OQ,26.27778,,300758560
2021-08-09,OCFC.OQ,26.27778,,
2021-08-10,ETSY.N,,,2284396830
2021-08-10,GTY.N,,,154771000
2021-08-11,GTY.N,,,155213750
2021-08-12,ETSY.N,,,2280537820
2021-08-12,GTY.N,35.5,,155809750
2021-08-13,GTY.N,34.9,,155832250
2021-09-03,ETSY.N,221.36842,1.84211,2280537820
2021-09-03,ETSY.N,,1.84211,2280537820
2021-09-03,ETSY.N,,1.84211,
2021-09-14,ETSY.N,222.68421,,
2021-09-15,ETSY.N,223.47368,,
2021-09-17,GTY.N,34.25,2.28571,155865800
2021-09-17,GTY.N,34.25,2.28571,
2021-09-17,GTY.N,,2.28571,
2021-09-21,ETSY.N,225.84211,,2284178410
2021-09-22,ETSY.N,227.68421,,2285237240
2021-09-24,ETSY.N,228.89474,,2287319590
2021-09-27,ETSY.N,,1.9,
2021-09-27,ETSY.N,228.975,1.9,2287301830
2021-09-27,GTY.N,,,155178170
2021-09-28,ETSY.N,230.225,,
2021-09-28,ETSY.N,230.225,,2287685170
2021-09-30,ETSY.N,,,2287951830
2021-10-04,GTY.N,,,155009860
2021-10-04,GTY.N,34.41667,,155009860
2021-10-12,ETSY.N,,,2287951830
2021-10-20,GTY.N,34.35714,2.125,
2021-10-20,GTY.N,,2.125,
2021-10-21,GTY.N,,,153946860
2021-10-25,ETSY.N,235.5,1.84211,
2021-10-25,ETSY.N,235.5,,
2021-10-27,ETSY.N,,1.9,
2021-10-28,GTY.N,34.5,,
2021-10-29,GTY.N,,,154302570
2021-10-29,OCFC.OQ,,,301859220
2021-10-31,ETSY.N,,,2289574060
2021-11-01,OCFC.OQ,26.44444,,303595110
2021-11-02,GTY.N,34.64286,,
2021-11-03,ETSY.N,243.71053,,2290515390
2021-11-03,OCFC.OQ,26.77778,,304028440
2021-11-04,ETSY.N,252.60526,1.95238,
2021-11-04,OCFC.OQ,27.0,,
2021-11-04,ETSY.N,252.60526,1.95238,2294716220
2021-11-04,OCFC.OQ,27.0,,304393440
2021-11-05,GTY.N,34.78571,,
2021-11-05,GTY.N,34.78571,,154595430
2021-11-05,OCFC.OQ,,,304705130
2021-11-10,ETSY.N,,,2295423060
2021-11-10,OCFC.OQ,,1.88889,
2021-11-22,ETSY.N,259.475,1.90909,2296649880
2021-11-22,ETSY.N,,1.90909,
2021-11-24,ETSY.N,265.525,,2296625780
2021-12-01,ETSY.N,265.5,2.0,
2021-12-01,ETSY.N,265.5,2.0,2297013370
2021-12-01,GTY.N,,,154174200
2021-12-02,GTY.N,,,164811830
2021-12-02,GTY.N,,,154423000
2021-12-09,ETSY.N,,,2296960740
2021-12-13,OCFC.OQ,27.05556,,
2021-12-17,ETSY.N,,,2296960740
2022-01-04,ETSY.N,,2.04546,
2022-01-04,ETSY.N,262.775,2.04546,2297002110
2022-01-04,ETSY.N,262.775,2.04546,
2022-01-06,ETSY.N,,,2295674330
2022-01-07,ETSY.N,,,2295674110
2022-01-07,ETSY.N,260.525,,2295674110
2022-01-10,OCFC.OQ,27.27778,,
2022-01-11,ETSY.N,255.775,,
2022-01-13,OCFC.OQ,,,304630130
2022-01-14,ETSY.N,254.275,,
2022-01-17,ETSY.N,251.9,,2295743900
2022-01-19,ETSY.N,,2.0,
2022-01-19,ETSY.N,,2.0,2295770210
2022-01-19,ETSY.N,248.2381,2.0,2295770210
2022-01-20,ETSY.N,246.57143,,
2022-01-21,ETSY.N,,,2296296530
2022-01-21,ETSY.N,243.71429,,2296296530
2022-01-24,GTY.N,34.35714,2.25,
2022-01-24,GTY.N,,2.25,
2022-01-25,ETSY.N,241.57143,2.0,
2022-01-27,OCFC.OQ,,,373894860
2022-01-28,OCFC.OQ,,,376686000
2022-01-31,OCFC.OQ,27.83333,,373405000
2022-01-31,OCFC.OQ,27.83333,,
2022-02-01,ETSY.N,239.90476,1.95238,2296278630
2022-02-02,OCFC.OQ,,,376390720
2022-02-04,ETSY.N,,1.9,2296411780
2022-02-04,ETSY.N,,1.9,
2022-02-04,ETSY.N,242.15,1.9,2296411780
2022-02-10,ETSY.N,239.95,,
2022-02-15,ETSY.N,239.45,,
2022-02-17,ETSY.N,,,2296978890
2022-02-21,ETSY.N,236.95,,2297634440
2022-02-23,GTY.N,34.35714,,
2022-02-24,ETSY.N,229.15,,2772552060
2022-02-24,GTY.N,33.92857,,165311830
2022-02-25,ETSY.N,221.15,,2790434830
2022-02-25,ETSY.N,221.15,,
2022-02-27,ETSY.N,,,2783823720
2022-03-01,ETSY.N,219.15,,
2022-03-01,ETSY.N,219.15,,2786490610
2022-03-02,ETSY.N,,,2786268330
2022-03-03,ETSY.N,220.1579,1.89474,
2022-03-03,ETSY.N,220.1579,1.89474,2786978240
2022-03-07,ETSY.N,,,2781304650
2022-03-08,ETSY.N,,,2784261190
2022-03-08,OCFC.OQ,,,376390720
2022-03-09,OCFC.OQ,27.94444,,
2022-03-09,GTY.N,33.91667,,166498500
2022-03-09,OCFC.OQ,27.94444,,378062150
2022-03-10,ETSY.N,,1.95,
2022-03-10,ETSY.N,216.4,1.95,2780657590
2022-03-11,OCFC.OQ,,,375741880
2022-03-14,ETSY.N,212.5,,2781454390
2022-03-14,ETSY.N,,,2781454390
2022-03-16,ETSY.N,210.89474,,
2022-03-17,GTY.N,33.75,,
2022-03-17,GTY.N,33.75,,165020670
2022-03-22,ETSY.N,,,2781556830
2022-03-27,GTY.N,,,167414400
2022-03-29,ETSY.N,208.52632,2.0,2774101280
2022-03-29,GTY.N,,,167509750
2022-03-29,OCFC.OQ,,,376624380
2022-03-29,ETSY.N,,2.0,
2022-03-30,ETSY.N,206.78947,,
2022-03-30,ETSY.N,206.78947,,2774517000
2022-04-01,OCFC.OQ,,1.875,
2022-04-01,OCFC.OQ,28.0625,1.875,
2022-04-01,OCFC.OQ,28.0625,1.875,379136430
2022-04-04,ETSY.N,,,2773658320
2022-04-11,ETSY.N,,,2776373050
2022-04-13,ETSY.N,203.89474,,2762687790
2022-04-13,OCFC.OQ,,,380336430
2022-04-21,ETSY.N,201.26316,,2758566740
2022-04-21,GTY.N,,,167527800
2022-04-24,ETSY.N,199.1579,,
2022-04-25,ETSY.N,,,2751940420
2022-04-26,GTY.N,,,167527800
2022-04-28,GTY.N,,,166327800
2022-04-28,OCFC.OQ,,,379535340
2022-04-29,OCFC.OQ,27.4375,,385955500
2022-05-02,OCFC.OQ,27.0625,,
2022-05-02,ETSY.N,191.63158,,2748124630
2022-05-02,OCFC.OQ,27.0625,,386122170
2022-05-04,ETSY.N,185.57895,,2719056210
2022-05-04,OCFC.OQ,,,385002280
2022-05-05,ETSY.N,160.10526,,2609696110
2022-05-05,OCFC.OQ,,,389252670
2022-05-05,ETSY.N,160.10526,,
2022-05-06,ETSY.N,,,2610027680
2022-05-08,ETSY.N,156.42105,,2600920050
2022-05-08,ETSY.N,156.42105,,
2022-05-10,GTY.N,32.91667,,
2022-05-11,OCFC.OQ,,,387986000
2022-05-11,ETSY.N,,,2564162560
2022-05-11,GTY.N,,,165500000
2022-05-11,OCFC.OQ,27.0,,387986000
2022-05-12,OCFC.OQ,27.0,,
2022-05-13,OCFC.OQ,,,386388000
2022-05-17,GTY.N,,,164926670
2022-05-18,ETSY.N,,2.05,
2022-05-18,GTY.N,32.75,,
2022-05-18,ETSY.N,152.10526,2.05,2552035350
2022-05-18,GTY.N,32.75,,164321000
2022-05-27,GTY.N,,,164321000
2022-05-29,OCFC.OQ,,,386388000
2022-05-31,ETSY.N,150.26316,,2548202060
2022-06-01,ETSY.N,149.0,2.04762,2549218610
2022-06-01,ETSY.N,,2.04762,
2022-06-02,ETSY.N,144.5,,2545210790
2022-06-02,OCFC.OQ,,,387188000
2022-06-10,ETSY.N,,2.0,
2022-06-10,ETSY.N,142.61905,2.0,2544850250
2022-06-14,ETSY.N,141.66667,,2541715250
2022-06-16,ETSY.N,140.71429,,2535565250
2022-06-17,ETSY.N,,2.04762,
2022-06-17,ETSY.N,141.55,2.04762,2533596580
2022-06-21,ETSY.N,139.8,,2531465000
2022-06-27,ETSY.N,139.26316,2.09524,2526633420
2022-06-27,ETSY.N,,2.09524,
2022-06-28,ETSY.N,135.0,,2516442950
2022-06-29,ETSY.N,127.89474,2.09091,2515680800
2022-06-29,ETSY.N,,2.09091,
2022-07-07,OCFC.OQ,26.875,,389373710
2022-07-07,OCFC.OQ,26.875,,
2022-07-13,OCFC.OQ,,,389688000
2022-07-14,ETSY.N,127.63158,,2512360800
2022-07-19,GTY.N,32.41667,,
2022-07-19,OCFC.OQ,26.71429,2.0,389472170
2022-07-19,OCFC.OQ,26.71429,2.0,
2022-07-19,OCFC.OQ,,2.0,
2022-07-20,ETSY.N,123.57895,2.13044,2495085050
2022-07-21,ETSY.N,121.65,2.16667,2476985860
2022-07-25,ETSY.N,,2.24,
2022-07-25,ETSY.N,117.09524,2.24,2469399520
2022-07-27,ETSY.N,118.66667,,2463277780
2022-07-28,ETSY.N,117.52381,,2469232090
2022-07-28,GTY.N,,,163836800
2022-07-28,ETSY.N,117.52381,,
2022-07-29,ETSY.N,,,2468392960
2022-07-29,GTY.N,32.58333,,164162800
2022-07-29,OCFC.OQ,,,384422170
2022-08-01,OCFC.OQ,26.57143,,
2022-08-01,OCFC.OQ,26.57143,,384064000
2022-08-02,GTY.N,33.08333,,163962800
2022-08-02,GTY.N,33.08333,,
2022-08-03,ETSY.N,,,2476716100
2022-08-03,GTY.N,,,163453500
2022-08-04,OCFC.OQ,,,383696000
2022-08-05,GTY.N,33.25,,
2022-08-08,OCFC.OQ,,,398771000
2022-08-10,GTY.N,,,163770000
2022-08-12,OCFC.OQ,,,394656800
2022-08-15,ETSY.N,,2.26923,
2022-08-15,ETSY.N,,2.26923,2476290960
2022-08-15,ETSY.N,117.40909,2.26923,2476290960
2022-08-16,ETSY.N,118.09091,,
2022-08-23,GTY.N,33.07143,,
2022-08-23,GTY.N,33.07143,,163827500
2022-08-24,GTY.N,,2.125,163805000
2022-08-24,GTY.N,,2.125,
2022-08-25,GTY.N,33.21429,,163899200
2022-08-25,GTY.N,,,163899200
2022-09-05,ETSY.N,119.13409,,2473582650
2022-09-07,ETSY.N,118.85476,2.32,2472063680
2022-09-07,ETSY.N,,2.32,
2022-09-19,ETSY.N,117.1881,,2472147870
2022-09-20,ETSY.N,,2.34615,
2022-09-20,ETSY.N,117.31591,2.34615,
2022-09-20,ETSY.N,117.31591,2.34615,2471735460
2022-09-28,ETSY.N,,,2471777130
2022-09-29,ETSY.N,116.86136,,2470568790
2022-10-05,ETSY.N,117.67955,,2470080830
2022-10-06,OCFC.OQ,25.85714,,
2022-10-06,OCFC.OQ,25.85714,,395252000
2022-10-07,GTY.N,32.78571,,
2022-10-10,ETSY.N,,2.33333,
2022-10-10,ETSY.N,118.08478,2.33333,
2022-10-10,ETSY.N,118.08478,2.33333,2472362640
2022-10-13,ETSY.N,,,2472362640
2022-10-13,GTY.N,31.92857,,163732670
2022-10-13,OCFC.OQ,,2.0,
2022-10-14,GTY.N,,,163351000
2022-10-14,GTY.N,31.21429,,163351000
2022-10-17,ETSY.N,117.86739,,2473226640
2022-10-17,ETSY.N,117.86739,,
2022-10-19,ETSY.N,,,2472706640
2022-10-20,ETSY.N,,,2472246640
2022-10-21,GTY.N,30.75,,
2022-10-24,ETSY.N,118.2587,,2472376080
2022-10-25,ETSY.N,118.0413,,2472616080
2022-10-25,OCFC.OQ,,,390752000
2022-10-26,OCFC.OQ,26.0,,388248800
2022-10-27,GTY.N,31.08333,,163534330
2022-10-28,GTY.N,32.07143,,163441000
2022-10-31,ETSY.N,117.60652,,2471969680
2022-10-31,OCFC.OQ,26.16667,,373911000
2022-10-31,ETSY.N,117.60652,,
2022-10-31,OCFC.OQ,,,373911000
2022-11-01,GTY.N,32.28571,,
2022-11-01,GTY.N,32.28571,,163345290
2022-11-02,ETSY.N,,,2474949680
2022-11-02,GTY.N,,,163303400
2022-11-03,ETSY.N,115.51957,,2500650120
2022-11-03,ETSY.N,115.51957,,
2022-11-04,ETSY.N,,,2500451680
2022-11-07,ETSY.N,115.60652,,2502360040
2022-11-07,ETSY.N,115.60652,,
2022-11-09,OCFC.OQ,,2.0,
2022-11-09,ETSY.N,,,2507434830
2022-11-09,OCFC.OQ,26.0,2.0,
2022-11-10,OCFC.OQ,26.14286,,371130000
2022-11-10,OCFC.OQ,26.14286,,
2022-11-14,ETSY.N,116.0413,,2505600040
2022-11-17,OCFC.OQ,,2.125,370775000
2022-11-17,OCFC.OQ,,2.125,
2022-11-18,OCFC.OQ,,,369691670
2022-11-22,GTY.N,,,163252830
2022-11-28,GTY.N,32.57143,,
2022-11-29,OCFC.OQ,,2.14286,369691670
2022-12-01,ETSY.N,116.82391,,2505852040
2022-12-05,ETSY.N,119.86739,,2507274080
2022-12-12,OCFC.OQ,,2.28571,
2022-12-12,ETSY.N,121.04348,,2507032770
2022-12-12,OCFC.OQ,,2.28571,369943290
2022-12-14,OCFC.OQ,26.5,,
2022-12-20,ETSY.N,,2.28571,
2022-12-20,ETSY.N,122.08333,2.28571,2507296670
2022-12-21,ETSY.N,122.91667,,2507733700
2023-01-04,ETSY.N,124.4,2.27586,
2023-01-04,ETSY.N,,2.27586,
2023-01-04,ETSY.N,124.4,2.27586,2508386070
2023-01-05,GTY.N,33.14286,2.375,
2023-01-05,GTY.N,,2.375,
2023-01-06,GTY.N,33.28571,,
2023-01-06,OCFC.OQ,26.33333,,414132290
2023-01-06,OCFC.OQ,26.33333,,
2023-01-12,ETSY.N,,,2508957500
2023-01-18,ETSY.N,124.36,,2508894890
2023-01-19,ETSY.N,125.32,,2508787040
2023-01-19,GTY.N,33.85714,,
2023-01-19,ETSY.N,,,2508787040
2023-01-20,GTY.N,,,163286170
2023-01-20,OCFC.OQ,26.66667,,425872430
2023-01-20,OCFC.OQ,26.66667,,
2023-01-23,OCFC.OQ,,,429193570
2023-01-25,ETSY.N,127.32,,
2023-01-26,OCFC.OQ,,,439091000
2023-01-27,ETSY.N,128.32,,
2023-01-31,ETSY.N,129.92,,
2023-02-01,ETSY.N,130.72,,
2023-02-01,GTY.N,34.5,2.625,163288140
2023-02-01,GTY.N,,2.625,
2023-02-01,GTY.N,34.5,2.625,174166710
2023-02-01,GTY.N,,2.625,174166710
2023-02-03,OCFC.OQ,26.91667,,438892500
2023-02-20,ETSY.N,131.32,,2509653820
2023-02-22,ETSY.N,134.2,,2734979640
2023-02-23,ETSY.N,140.26923,2.3,2766714100
2023-02-23,ETSY.N,,2.3,
2023-02-24,GTY.N,34.66667,,
2023-02-25,ETSY.N,139.30769,,
2023-02-26,GTY.N,,,174595290
2023-02-27,ETSY.N,,,2766520140
2023-02-28,GTY.N,,2.57143,174624500
2023-02-28,GTY.N,,2.57143,
2023-03-01,ETSY.N,,,2773503230
2023-03-01,GTY.N,,,175459670
2023-03-02,GTY.N,,,176026330
2023-03-03,GTY.N,,2.625,
2023-03-03,GTY.N,,2.625,175932570
2023-03-09,ETSY.N,136.80769,2.43333,2770159580
2023-03-09,ETSY.N,,2.43333,
2023-03-09,ETSY.N,136.80769,2.43333,
2023-03-10,GTY.N,,,175804670
2023-03-14,OCFC.OQ,26.58333,,443025830
2023-03-16,OCFC.OQ,26.08333,,440884670
2023-03-17,GTY.N,35.0,,175299400
2023-03-17,GTY.N,,,175299400
2023-03-21,GTY.N,35.33333,,
2023-03-23,ETSY.N,,,2769928810
2023-03-24,ETSY.N,136.30769,,2769159580
2023-03-24,ETSY.N,136.30769,,
2023-03-27,OCFC.OQ,25.41667,,437056000
2023-04-03,ETSY.N,,,2765449960
2023-04-03,OCFC.OQ,25.0,,433606000
2023-04-03,OCFC.OQ,,,433606000
2023-04-04,ETSY.N,,2.4,2766446260
2023-04-04,ETSY.N,,2.4,
2023-04-04,ETSY.N,136.5,2.4,2766446260
2023-04-05,OCFC.OQ,24.66667,,
2023-04-06,OCFC.OQ,,,431772670
2023-04-10,GTY.N,36.0,,
2023-04-12,ETSY.N,136.46154,,
2023-04-18,ETSY.N,135.88462,,2762964780
2023-04-19,ETSY.N,135.34615,,2757968480
2023-04-20,ETSY.N,134.30769,,2754851330
2023-04-21,ETSY.N,133.74615,,2754999500
2023-04-21,GTY.N,35.8,,
2023-04-21,OCFC.OQ,22.83333,,416197000
2023-04-24,ETSY.N,133.16923,,2754749500
2023-04-24,OCFC.OQ,22.16667,,395047000
2023-04-24,OCFC.OQ,22.16667,,
2023-04-25,ETSY.N,131.05385,,2752034000
2023-04-26,ETSY.N,130.47692,,2752326070
2023-04-27,GTY.N,,,175019400
2023-05-01,ETSY.N,129.32308,,2750488480
2023-05-02,GTY.N,,,175219400
2023-05-03,ETSY.N,128.36154,,2752128170
2023-05-04,ETSY.N,123.28462,,2758744140
2023-05-05,ETSY.N,123.47692,,2760317930
2023-05-07,ETSY.N,123.09231,,
2023-05-08,ETSY.N,,,2761917170
2023-05-08,GTY.N,,,174995400
2023-05-09,GTY.N,,,176187500
2023-05-10,ETSY.N,,,2765851920
2023-05-15,ETSY.N,122.9,,
2023-05-26,ETSY.N,122.32692,,
2023-05-26,ETSY.N,122.32692,,2765703770
2023-05-30,GTY.N,,2.85714,176187500
2023-05-30,GTY.N,,2.85714,
2023-06-01,ETSY.N,,,2763677700
2023-06-02,ETSY.N,121.17308,,
2023-06-05,ETSY.N,120.59615,,
2023-06-07,ETSY.N,118.72222,2.45161,2763689210
2023-06-07,ETSY.N,118.72222,2.45161,
2023-06-07,ETSY.N,,2.45161,
2023-06-08,ETSY.N,,,2764178500
2023-06-08,OCFC.OQ,,,395047000
2023-06-16,ETSY.N,,,2762724930
2023-06-16,OCFC.OQ,20.83333,,390454570
2023-06-19,OCFC.OQ,20.5,,387526000
2023-06-20,ETSY.N,,,2762296360
2023-06-22,ETSY.N,117.7963,,2759255100
2023-06-22,GTY.N,36.25,,
2023-06-22,ETSY.N,,,2759255100
2023-06-26,OCFC.OQ,20.0,,380670430
2023-06-30,ETSY.N,116.98148,,
2023-07-03,GTY.N,,,176710000
2023-07-03,OCFC.OQ,19.66667,,376213280
2023-07-03,OCFC.OQ,19.66667,,
2023-07-06,OCFC.OQ,,,374070430
2023-07-07,ETSY.N,,,2757789590
2023-07-10,ETSY.N,116.27778,,2755668900
2023-07-10,ETSY.N,116.27778,,
2023-07-11,ETSY.N,,,2755462000
2023-07-12,GTY.N,36.0,,176110000
2023-07-12,GTY.N,36.0,,
2023-07-13,ETSY.N,,,2756668900
2023-07-13,OCFC.OQ,,,371813290
2023-07-17,ETSY.N,114.98148,,2755902970
2023-07-18,ETSY.N,114.42593,,2753038830
2023-07-18,ETSY.N,,,2753038830
2023-07-21,ETSY.N,114.42593,,
2023-07-21,OCFC.OQ,20.0,,371568710
2023-07-24,OCFC.OQ,20.5,,
2023-07-24,OCFC.OQ,20.5,,372190140
2023-07-25,ETSY.N,114.61111,,
2023-07-27,GTY.N,,,176790000
2023-07-27,OCFC.OQ,,,373738500
2023-07-28,ETSY.N,114.12963,,2752610210
2023-07-28,ETSY.N,114.12963,,
2023-07-30,ETSY.N,,,2750096410
2023-08-02,ETSY.N,113.09259,,2753608760
2023-08-03,ETSY.N,110.90741,,2754739070
2023-08-04,GTY.N,,,177450000
2023-08-07,ETSY.N,110.72222,,
2023-08-07,ETSY.N,110.72222,,2754433720
2023-08-07,OCFC.OQ,21.0,,
2023-08-08,GTY.N,,,177633330
2023-08-09,ETSY.N,,,2756060690
2023-08-09,GTY.N,35.8,,
2023-08-10,ETSY.N,,,2755095480
2023-08-11,ETSY.N,107.82692,2.46667,2756445310
2023-08-14,ETSY.N,110.05556,2.45161,2755729930
2023-08-14,GTY.N,,,177527500
2023-08-22,ETSY.N,110.07407,2.3871,2755632430
2023-08-22,ETSY.N,110.07407,,2755632430
2023-08-28,ETSY.N,,2.45161,
2023-09-11,ETSY.N,109.69231,2.5,2755144740
2023-09-11,ETSY.N,,2.5,
2023-09-12,ETSY.N,107.96154,,2754985480
2023-09-13,ETSY.N,,2.43333,
2023-09-13,ETSY.N,107.66667,2.43333,2754200300
2023-09-13,ETSY.N,107.66667,2.43333,
2023-09-15,OCFC.OQ,20.66667,,373333000
2023-09-15,OCFC.OQ,,,373333000
2023-09-18,OCFC.OQ,20.0,2.42857,
2023-09-18,OCFC.OQ,,2.42857,
2023-09-19,ETSY.N,,,2754197410
2023-09-22,ETSY.N,106.33333,,
2023-09-25,OCFC.OQ,19.83333,,
2023-09-26,ETSY.N,105.96296,,
2023-09-28,GTY.N,,,177527500
2023-10-02,ETSY.N,,2.45161,2752791570
2023-10-02,ETSY.N,,2.45161,
2023-10-02,ETSY.N,104.67857,2.45161,2752791570
2023-10-02,OCFC.OQ,19.5,,373332710
2023-10-03,ETSY.N,103.92857,,
2023-10-05,OCFC.OQ,19.33333,,
2023-10-05,OCFC.OQ,19.33333,,373061280
2023-10-06,ETSY.N,103.28571,,
2023-10-06,ETSY.N,103.28571,,2752234430
2023-10-09,ETSY.N,,,2751095140
2023-10-10,ETSY.N,,,2751063140
2023-10-10,GTY.N,,,177620000
2023-10-10,ETSY.N,102.57143,,2751063140
2023-10-10,GTY.N,33.8,,177620000
2023-10-10,OCFC.OQ,,,372932710
2023-10-11,GTY.N,33.2,,
2023-10-12,ETSY.N,102.07143,,
2023-10-16,ETSY.N,99.93103,2.46875,2750933380
2023-10-16,ETSY.N,,2.46875,
2023-10-19,ETSY.N,98.89655,,2750145790
2023-10-19,GTY.N,32.0,,
2023-10-20,ETSY.N,98.2069,,2748543860
2023-10-20,OCFC.OQ,18.83333,,371657710
2023-10-23,OCFC.OQ,17.83333,,380324140
2023-10-23,OCFC.OQ,17.83333,,
2023-10-24,ETSY.N,94.7931,,2746501930
2023-10-25,ETSY.N,93.17241,2.53125,2746083540
2023-10-25,ETSY.N,,2.53125,
2023-10-26,GTY.N,,,180120000
2023-10-27,OCFC.OQ,,,381478170
2023-10-30,ETSY.N,89.89655,,2745734790
2023-11-01,ETSY.N,88.06897,,2737423380
2023-11-02,ETSY.N,73.37931,,
2023-11-02,ETSY.N,73.37931,,2728974690
2023-11-02,GTY.N,,,179826670
2023-11-06,ETSY.N,,,2728083280
2023-11-07,GTY.N,,,180420000
2023-11-08,GTY.N,,,181736000
2023-11-08,GTY.N,31.4,,181736000
2023-11-09,GTY.N,31.2,,
2023-11-15,ETSY.N,,2.5625,
2023-11-15,GTY.N,,,182670000
2023-11-20,ETSY.N,73.41379,,2727947170
2023-11-20,ETSY.N,,,2727947170
2023-11-27,GTY.N,,,183732500
2023-11-30,ETSY.N,73.86207,,
2023-12-05,ETSY.N,73.82143,2.58065,2728887520
2023-12-05,HG.N,19.5,2.0,
2023-12-05,HG.N,19.5,,
2023-12-05,HG.N,19.5,2.0,1482557000
2023-12-06,HG.N,,,1508678500
2023-12-07,ETSY.N,74.72414,2.5625,2728954600
2023-12-07,GTY.N,30.6,,183386000
2023-12-07,HG.N,,2.14286,1511614500
2023-12-07,ETSY.N,,2.5625,2728954600
2023-12-07,GTY.N,30.6,,
2023-12-07,HG.N,,2.14286,
2023-12-07,ETSY.N,,2.5625,
2023-12-11,ETSY.N,74.58621,,
2023-12-11,OCFC.OQ,18.16667,,
2023-12-12,ETSY.N,74.86207,,
2023-12-12,GTY.N,,,183105830
2023-12-13,ETSY.N,75.06897,,2730179100
2023-12-14,ETSY.N,78.82759,,2730975700
2023-12-14,GTY.N,,,198246670
2023-12-15,ETSY.N,79.68966,,2731442370
2023-12-17,GTY.N,30.8,,
2023-12-19,ETSY.N,80.72414,,
2023-12-19,ETSY.N,80.72414,,2731545700
2023-12-21,OCFC.OQ,,,375311500
2023-12-21,OCFC.OQ,18.5,,375311500
2023-12-22,OCFC.OQ,19.16667,,
2024-01-03,ETSY.N,,,2731725700
2024-01-04,ETSY.N,80.55172,,2732159030
2024-01-08,ETSY.N,80.89655,,2733366370
2024-01-08,OCFC.OQ,19.66667,,
2024-01-08,ETSY.N,,,2733366370
2024-01-10,ETSY.N,80.7931,2.59375,
2024-01-10,ETSY.N,,2.59375,
2024-01-12,ETSY.N,,,2733341870
2024-01-17,HG.N,19.33333,,1923207500
2024-01-17,HG.N,19.33333,,
2024-01-18,OCFC.OQ,19.85714,2.28571,368492000
2024-01-18,OCFC.OQ,,2.28571,
2024-01-19,OCFC.OQ,20.14286,,361811000
2024-01-22,OCFC.OQ,20.71429,,354885670
2024-01-25,ETSY.N,81.10345,,
2024-01-25,ETSY.N,81.10345,,2733595030
2024-01-30,ETSY.N,,,2733405380
2024-02-01,ETSY.N,,,2733612280
2024-02-02,ETSY.N,81.55172,,
2024-02-07,ETSY.N,,2.57576,
2024-02-07,ETSY.N,81.82567,2.57576,2733609200
2024-02-08,ETSY.N,82.19233,,2734008900
2024-02-08,ETSY.N,82.19233,,
2024-02-09,ETSY.N,,,2733757290
2024-02-14,ETSY.N,82.02567,,
2024-02-15,ETSY.N,,,2733854070
2024-02-15,GTY.N,,,192913330
2024-02-21,ETSY.N,81.659,,2856529690
2024-02-22,ETSY.N,81.32567,,
2024-02-22,ETSY.N,81.32567,,2846841690
2024-02-23,ETSY.N,,,2845967190
2024-02-26,ETSY.N,81.32067,,2845518750
2024-02-26,ETSY.N,81.32067,,
2024-02-27,ETSY.N,,,2844609380
2024-02-28,ETSY.N,,,2843720710
2024-03-01,ETSY.N,81.42067,,2841178620
2024-03-01,ETSY.N,81.42067,,
2024-03-05,ETSY.N,,,2841626900
2024-03-06,GTY.N,,,192913330
2024-03-07,GTY.N,,,192596170
2024-03-07,HG.N,19.33333,,2013908500
2024-03-07,HG.N,,,2013908500
2024-03-11,GTY.N,,,191724500
2024-03-11,HG.N,19.83333,,
2024-03-13,HG.N,,,1950505670
2024-03-18,ETSY.N,80.67655,2.59375,2841952860
2024-03-18,ETSY.N,80.67655,2.59375,
2024-03-18,ETSY.N,,2.59375,
2024-03-25,OCFC.OQ,20.42857,,
2024-03-25,ETSY.N,,,2841813570
2024-03-25,OCFC.OQ,20.42857,,353677670
2024-03-26,GTY.N,30.5,,
2024-03-26,GTY.N,30.5,,190391170
2024-04-03,ETSY.N,80.60759,,2841624140
2024-04-03,OCFC.OQ,,,351978000
2024-04-04,GTY.N,,,189257830
2024-04-05,ETSY.N,80.26276,,2841381030
2024-04-10,ETSY.N,79.74552,,2840078330
2024-04-10,ETSY.N,79.74552,,
2024-04-11,HG.N,,1.71429,
2024-04-11,ETSY.N,,,2840245000
2024-04-11,HG.N,,1.71429,1950705670
2024-04-12,OCFC.OQ,20.28571,,350278000
2024-04-15,HG.N,19.66667,,1971190000
2024-04-15,HG.N,,,1971190000
2024-04-18,ETSY.N,79.43517,2.625,2839956500
2024-04-18,ETSY.N,79.43517,2.625,
2024-04-18,ETSY.N,,2.625,
2024-04-22,OCFC.OQ,,,347181670
2024-04-22,OCFC.OQ,18.92857,,347181670
2024-04-23,ETSY.N,,,2839963530
2024-04-24,ETSY.N,79.09035,,2839663530
2024-04-24,OCFC.OQ,18.85714,,
2024-04-26,GTY.N,30.125,,191307830
2024-04-26,GTY.N,30.125,,
2024-04-29,ETSY.N,78.22828,,2838029230
2024-04-29,GTY.N,,,192924500
2024-05-01,ETSY.N,75.88345,,2826394130
2024-05-02,ETSY.N,,2.6875,2801867520
2024-05-02,ETSY.N,,2.6875,
2024-05-02,ETSY.N,70.05786,2.6875,2801867520
2024-05-03,ETSY.N,69.98643,,
2024-05-03,GTY.N,,,195333330
2024-05-06,ETSY.N,69.80786,,2798990580
2024-05-07,ETSY.N,69.73643,,2798280900
2024-05-07,GTY.N,,,193666670
2024-05-07,ETSY.N,69.73643,,
2024-05-08,ETSY.N,,,2790884590
2024-05-08,HG.N,19.83333,,
2024-05-09,HG.N,20.33333,,2042917330
2024-05-13,GTY.N,,,194122000
2024-05-15,HG.N,20.5,,2152526000
2024-05-17,GTY.N,,,195341600
2024-05-20,ETSY.N,,,2791150100
2024-05-24,HG.N,20.33333,,
2024-05-24,HG.N,20.33333,,2152671500
2024-05-30,OCFC.OQ,18.71429,2.42857,
2024-05-30,OCFC.OQ,,2.42857,
2024-06-14,OCFC.OQ,18.89286,,
2024-06-24,ETSY.N,69.665,,2790460450
2024-06-24,OCFC.OQ,,,346506670
2024-06-26,ETSY.N,69.30786,,2792111770
2024-06-26,OCFC.OQ,,,346305840
2024-06-28,ETSY.N,69.24519,2.74194,2792539760
2024-06-28,ETSY.N,69.24519,2.74194,
2024-06-28,ETSY.N,69.24519,,
2024-07-02,OCFC.OQ,,,345972500
2024-07-10,HG.N,,,2179894000
2024-07-11,ETSY.N,,,2792470790
2024-07-15,ETSY.N,,2.75,2791655100
2024-07-15,HG.N,20.16667,,
2024-07-15,ETSY.N,,2.75,
2024-07-17,GTY.N,,,195284670
2024-07-18,ETSY.N,69.13407,,2791023430
2024-07-18,OCFC.OQ,,,352305840
2024-07-19,OCFC.OQ,19.32143,,
2024-07-21,ETSY.N,68.87482,,
2024-07-22,ETSY.N,,,2785875530
2024-07-22,OCFC.OQ,19.10714,,335392140
2024-07-23,ETSY.N,,,2784105530
2024-07-24,GTY.N,30.375,,
2024-07-25,ETSY.N,,,2783898870
2024-07-25,GTY.N,31.0,,196218000
2024-07-25,GTY.N,31.0,,
2024-07-26,ETSY.N,68.94889,,2785352200
2024-07-29,GTY.N,,2.83333,194577600
2024-07-30,GTY.N,,2.85714,
2024-07-30,GTY.N,,2.85714,195518000
2024-07-31,ETSY.N,68.87482,,2794147030
2024-07-31,GTY.N,,,195655000
2024-08-01,ETSY.N,68.87482,2.8125,2809296600
2024-08-01,ETSY.N,,2.8125,
2024-08-02,ETSY.N,68.98593,,2812419570
2024-08-02,ETSY.N,68.98593,,
2024-08-05,ETSY.N,,,2813563830
2024-08-07,ETSY.N,,,2814822780
2024-08-07,HG.N,20.5,,
2024-08-08,HG.N,,,2305391500
2024-08-09,HG.N,20.83333,,
2024-08-12,GTY.N,31.5,,
2024-08-12,ETSY.N,68.80074,,
2024-08-12,GTY.N,31.5,,195897500
2024-08-13,HG.N,,,2305391500
2024-08-13,ETSY.N,68.43037,,
2024-08-13,HG.N,21.33333,,2305391500
2024-08-14,HG.N,21.83333,,
2024-08-19,HG.N,,1.85714,
2024-08-22,ETSY.N,67.98643,2.81818,2815014820
2024-09-04,ETSY.N,67.40069,2.79412,
2024-09-04,HG.N,,1.875,
2024-09-04,ETSY.N,67.40069,2.79412,2813593830
2024-09-04,HG.N,22.42857,1.875,
2024-09-18,GTY.N,,,195918000
2024-09-20,OCFC.OQ,19.39286,,335192140
2024-09-20,OCFC.OQ,19.39286,,
2024-09-23,OCFC.OQ,,,334797860
2024-09-25,ETSY.N,,,2814445650
2024-09-25,OCFC.OQ,19.5,,
2024-09-30,ETSY.N,,2.82353,
2024-09-30,ETSY.N,66.58379,2.82353,2814548280
2024-09-30,GTY.N,32.0,,
2024-10-01,OCFC.OQ,19.78571,,
2024-10-02,ETSY.N,66.20448,,
2024-10-02,ETSY.N,66.20448,,2814242030
2024-10-02,OCFC.OQ,,,334191710
2024-10-04,GTY.N,,,195659500
2024-10-05,ETSY.N,,,2814679530
2024-10-07,HG.N,,,2301693500
2024-10-07,HG.N,22.57143,,2301693500
2024-10-09,OCFC.OQ,19.85714,,334848860
2024-10-10,HG.N,22.71429,,
2024-10-14,ETSY.N,65.9631,,
2024-10-15,ETSY.N,65.10103,2.85294,2814924530
2024-10-15,ETSY.N,,2.85294,
2024-10-18,OCFC.OQ,20.0,,334663140
2024-10-21,GTY.N,,2.57143,195637830
2024-10-21,ETSY.N,64.85966,,2814818220
2024-10-21,GTY.N,32.75,2.57143,195637830
2024-10-21,OCFC.OQ,20.57143,,334896000
2024-10-21,GTY.N,,2.57143,
2024-10-22,OCFC.OQ,20.71429,,334496000
2024-10-22,OCFC.OQ,20.71429,,
2024-10-23,ETSY.N,64.10103,,2815935850
2024-10-23,GTY.N,33.25,,
2024-10-24,GTY.N,33.5,,
2024-10-24,ETSY.N,63.58379,,2815500700
2024-10-24,GTY.N,33.5,,196187830
2024-10-24,OCFC.OQ,,,334045340
2024-10-27,ETSY.N,63.30793,,
2024-10-28,ETSY.N,,,2814834030
2024-10-28,GTY.N,,,196321170
2024-10-28,HG.N,22.83333,2.0,
2024-10-28,HG.N,,2.0,
2024-10-30,ETSY.N,63.34241,,2815099210
2024-10-30,GTY.N,,,195500000
2024-10-31,ETSY.N,61.61828,,2817815150
2024-10-31,ETSY.N,61.61828,,
2024-11-04,ETSY.N,,,2817992760
2024-11-05,ETSY.N,61.58379,,
2024-11-05,ETSY.N,61.58379,,2819356390
2024-11-06,ETSY.N,,,2818027280
2024-11-06,GTY.N,,,196125000
2024-11-07,HG.N,,,2296921000
2024-11-08,HG.N,,,2321821000
2024-11-11,GTY.N,33.75,,196426000
2024-11-12,HG.N,23.0,,
2024-11-13,OCFC.OQ,20.92857,,
2024-11-15,OCFC.OQ,21.21429,,
2024-11-22,ETSY.N,61.41138,,2818193430
2024-11-26,ETSY.N,61.3769,,2818961390
2024-11-26,ETSY.N,61.3769,,
2024-12-03,OCFC.OQ,21.35714,,
2024-12-05,ETSY.N,,,2820167840
2024-12-09,OCFC.OQ,21.64286,,
2024-12-09,OCFC.OQ,21.64286,,334062000
2024-12-11,OCFC.OQ,,,341178670
2024-12-12,OCFC.OQ,21.78571,,340238860
2024-12-16,ETSY.N,,,2820151710
2024-12-16,GTY.N,34.0,,196582670
2024-12-16,OCFC.OQ,21.92857,,340154570
2024-12-16,GTY.N,,,196582670
2024-12-16,OCFC.OQ,,,340154570
2024-12-18,ETSY.N,61.27345,,2819958160
2024-12-18,OCFC.OQ,21.64286,,
2024-12-19,HG.N,,,2331176500
2024-12-19,OCFC.OQ,21.92857,2.28571,
2024-12-19,OCFC.OQ,,2.28571,
2024-12-23,ETSY.N,61.44586,,2821021970
2025-01-06,ETSY.N,,,2820903220
2025-01-06,ETSY.N,61.30793,,2820903220
2025-01-06,HG.N,22.66667,,
2025-01-07,GTY.N,33.8,,
2025-01-08,ETSY.N,61.23897,,
2025-01-13,ETSY.N,,2.73529,
2025-01-13,ETSY.N,62.14207,2.73529,
2025-01-13,ETSY.N,62.14207,2.73529,2820375520
2025-01-14,ETSY.N,,,2820072490
2025-01-15,GTY.N,,,196582670
2025-01-16,ETSY.N,,,2819587640
2025-01-21,ETSY.N,61.96966,,2819769460
2025-01-21,HG.N,,,2509485500
2025-01-23,ETSY.N,61.93517,,2819605700
2025-01-23,OCFC.OQ,,,358907860
2025-01-27,OCFC.OQ,21.78571,,
2025-01-27,OCFC.OQ,21.78571,,352023570
2025-01-28,OCFC.OQ,,,353837860
2025-01-29,ETSY.N,61.83172,,
2025-01-29,ETSY.N,61.83172,,2819416000
2025-01-30,ETSY.N,,,2819537210
2025-01-30,OCFC.OQ,,,351754000
2025-02-02,GTY.N,,2.42857,
2025-02-02,GTY.N,,2.42857,214456170
2025-02-02,GTY.N,,2.42857,196548170
2025-02-06,ETSY.N,,,2819401910
2025-02-06,OCFC.OQ,21.64286,,352907500
2025-02-06,OCFC.OQ,21.64286,,
2025-02-12,ETSY.N,61.76276,,2819643090
2025-02-13,GTY.N,,,215339500
2025-02-14,ETSY.N,61.83172,,2819573030
2025-02-18,GTY.N,,,216006170
2025-02-19,ETSY.N,57.96966,,2829273730
2025-02-20,ETSY.N,57.79724,,2821186730
2025-02-20,ETSY.N,57.79724,,
2025-02-21,ETSY.N,,,2820186730
2025-02-24,ETSY.N,57.83172,,
2025-02-26,ETSY.N,,,2814270770
2025-02-26,HG.N,22.83333,,
2025-02-27,HG.N,23.5,,2507885500
2025-02-27,HG.N,23.5,,
2025-02-28,OCFC.OQ,,,361574170
2025-03-05,HG.N,,,2597000000
2025-03-10,HG.N,23.83333,,
2025-03-13,ETSY.N,,,2815509970
2025-03-13,OCFC.OQ,21.57143,,
2025-03-14,HG.N,,,2525950000
2025-03-18,ETSY.N,57.69379,,2813736940
2025-03-19,ETSY.N,,2.74286,
2025-03-19,ETSY.N,57.69379,2.74286,2814009380
2025-03-24,OCFC.OQ,,,362184170
2025-03-27,GTY.N,,,215411000
2025-03-27,OCFC.OQ,21.5,,361722170
2025-03-28,ETSY.N,57.70517,,2814116830
2025-03-28,GTY.N,33.5,2.5,
2025-03-28,GTY.N,,2.5,
2025-04-01,ETSY.N,57.67069,,2810688250
2025-04-01,GTY.N,,,215553860
2025-04-02,OCFC.OQ,21.21429,,361972170
2025-04-02,OCFC.OQ,,,361972170
2025-04-03,OCFC.OQ,21.07143,,
2025-04-07,OCFC.OQ,20.78571,,361172170
2025-04-07,OCFC.OQ,20.78571,,
2025-04-08,ETSY.N,56.98103,,2803516830
2025-04-09,HG.N,,,2540769500
2025-04-09,GTY.N,,,216534570
2025-04-09,HG.N,23.66667,,2540769500
2025-04-10,ETSY.N,,,2796740600
2025-04-10,ETSY.N,55.77414,,2796740600
2025-04-10,HG.N,23.0,,
2025-04-11,ETSY.N,55.49828,,
2025-04-13,HG.N,22.83333,,
2025-04-14,ETSY.N,55.39483,,2794140600
2025-04-14,GTY.N,33.33333,,216883140
2025-04-14,OCFC.OQ,,,360805500
2025-04-14,ETSY.N,,,2794140600
2025-04-14,GTY.N,,,216883140
2025-04-15,ETSY.N,55.01552,,
2025-04-16,ETSY.N,54.87759,,2793369450
2025-04-21,ETSY.N,54.53276,,2791942600
2025-04-22,ETSY.N,54.32586,,2785468310
2025-04-23,GTY.N,33.16667,,
2025-04-24,GTY.N,32.83333,,215283140
2025-04-24,OCFC.OQ,,,360472170
2025-04-24,GTY.N,32.83333,,
2025-04-25,ETSY.N,54.15345,,2783480850
2025-04-25,GTY.N,,,213333140
2025-04-25,ETSY.N,54.15345,,
2025-04-27,ETSY.N,,,2787480850
2025-04-28,OCFC.OQ,20.21429,,368594000
2025-04-30,ETSY.N,51.80179,,2785684800
2025-04-30,OCFC.OQ,20.14286,,369727330
2025-05-01,ETSY.N,50.48036,,2780939080
2025-05-01,ETSY.N,50.48036,,
2025-05-06,GTY.N,32.5,,
2025-05-07,ETSY.N,,,2773909410
2025-05-08,HG.N,23.33333,,
2025-05-09,ETSY.N,50.5875,,
2025-05-13,GTY.N,32.0,,
2025-05-13,GTY.N,32.0,,212064570
2025-05-14,HG.N,,,2597000000
2025-05-19,HG.N,,,2591128500
2025-05-19,GTY.N,,,211278860
2025-05-19,HG.N,23.5,,2591128500
2025-05-23,ETSY.N,,2.76471,
2025-05-23,ETSY.N,49.12778,2.76471,2773909410
2025-05-29,ETSY.N,,,2775712430
2025-05-29,ETSY.N,49.31296,,2775712430
2025-06-03,ETSY.N,49.49815,,
2025-06-05,HG.N,,2.14286,
2025-06-06,ETSY.N,49.90556,,
2025-06-09,ETSY.N,50.46111,,
2025-06-11,ETSY.N,51.47885,2.75758,2772576550
2025-06-11,ETSY.N,51.47885,2.75758,
2025-06-11,ETSY.N,,2.75758,
2025-06-12,ETSY.N,,,2773262670
2025-06-17,ETSY.N,51.67115,,2775004610
2025-06-23,OCFC.OQ,20.0,,369407330
2025-06-23,OCFC.OQ,20.0,,
2025-06-26,OCFC.OQ,,,369223000
2025-06-29,ETSY.N,51.70962,,
2025-06-29,ETSY.N,51.70962,,2775069130
2025-07-03,OCFC.OQ,20.33333,2.16667,
2025-07-03,OCFC.OQ,,2.16667,
2025-07-03,GTY.N,,,210564570
2025-07-03,OCFC.OQ,20.33333,2.16667,370151600
2025-07-07,HG.N,24.16667,,
2025-07-07,OCFC.OQ,,,378711600
2025-07-10,ETSY.N,,,2774875580
2025-07-11,HG.N,24.0,,
2025-07-11,OCFC.OQ,20.29167,,
2025-07-14,HG.N,,,2596867500
2025-07-14,HG.N,24.16667,,2596867500
2025-07-16,ETSY.N,51.78654,,
2025-07-16,GTY.N,31.83333,,
2025-07-17,ETSY.N,,,2776230420
2025-07-18,OCFC.OQ,,,378711600
2025-07-21,ETSY.N,52.90192,2.72727,2779905320
2025-07-21,ETSY.N,,2.72727,
2025-07-22,ETSY.N,53.17115,,2780227900
2025-07-23,ETSY.N,53.13269,,2777934350
2025-07-24,GTY.N,,,211407430
2025-07-25,OCFC.OQ,,,379651600
2025-07-28,ETSY.N,54.59423,,2780644030
2025-07-28,GTY.N,,,211270290
2025-07-28,OCFC.OQ,,,367537400
2025-07-30,ETSY.N,62.05577,,2813741770
2025-07-31,ETSY.N,64.825,,2830282360
2025-07-31,ETSY.N,64.825,,
2025-08-01,ETSY.N,,,2831475900
2025-08-05,OCFC.OQ,,,358137400
2025-08-06,ETSY.N,,,2837646660
2025-08-06,HG.N,24.5,,
2025-08-07,ETSY.N,65.24808,2.69697,2836925100
2025-08-07,HG.N,24.83333,,2682767500
2025-08-07,ETSY.N,,2.69697,
2025-08-07,ETSY.N,65.24808,2.69697,
2025-08-07,HG.N,,,2682767500
2025-08-11,HG.N,25.16667,,
2025-08-12,ETSY.N,,,2838905100
2025-08-12,GTY.N,,,210927430
2025-08-13,HG.N,25.14286,2.25,
2025-08-13,HG.N,,2.25,
2025-08-14,GTY.N,32.16667,,
2025-08-14,HG.N,25.5,,
2025-08-15,GTY.N,,,210817430
2025-08-18,HG.N,,,2762363500
2025-08-18,HG.N,25.83333,,2762363500
2025-08-20,ETSY.N,65.44039,,
2025-08-20,ETSY.N,65.44039,,2839971770
2025-08-28,ETSY.N,,,2840037190
2025-09-05,ETSY.N,65.32,,2840122280
2025-09-16,HG.N,,2.42857,
2025-09-17,OCFC.OQ,20.33333,,
2025-09-17,OCFC.OQ,20.33333,,358464500
2025-09-29,ETSY.N,65.66615,,2840309780
2025-09-30,GTY.N,,,211246000
2025-10-03,GTY.N,32.16667,,
2025-10-05,HG.N,26.0,,
2025-10-06,ETSY.N,66.12769,,2840497280
2025-10-06,GTY.N,32.14286,,
2025-10-06,ETSY.N,,,2840497280
2025-10-07,HG.N,26.42857,,
2025-10-08,GTY.N,,,211006670
2025-10-08,OCFC.OQ,,,358231170
2025-10-09,OCFC.OQ,20.66667,2.0,358647830
2025-10-09,OCFC.OQ,,2.0,
2025-10-10,ETSY.N,66.28154,,
2025-10-13,ETSY.N,66.23407,,2840716030
2025-10-13,GTY.N,,,210990000
2025-10-13,HG.N,27.14286,,
2025-10-16,GTY.N,,2.33333,
2025-10-16,GTY.N,31.875,2.33333,210165570
2025-10-16,GTY.N,,2.33333,210165570
2025-10-17,ETSY.N,66.60444,,2840997280
2025-10-20,ETSY.N,67.16,,2841600750
2025-10-22,OCFC.OQ,20.75,,
2025-10-22,GTY.N,31.75,,
2025-10-22,OCFC.OQ,20.75,,366314500
2025-10-23,ETSY.N,67.71556,,2841788250
2025-10-23,GTY.N,,,211279860
2025-10-23,OCFC.OQ,,,365997830
2025-10-23,ETSY.N,67.71556,,
2025-10-24,GTY.N,31.42857,,
2025-10-26,GTY.N,31.71429,,
2025-10-26,GTY.N,31.71429,,211499860
2025-10-27,ETSY.N,,,2843275750
2025-10-27,OCFC.OQ,21.16667,,366592830
2025-10-28,OCFC.OQ,21.5,,
2025-10-28,OCFC.OQ,21.5,,359759500
2025-10-29,ETSY.N,69.90074,2.66667,2873523250
2025-10-29,GTY.N,,,214772500
2025-10-29,OCFC.OQ,,,359691400
2025-10-30,ETSY.N,69.71556,2.69697,
2025-10-30,ETSY.N,69.71556,2.69697,2880749910
2025-10-30,ETSY.N,,2.69697,
2025-11-04,HG.N,27.28571,,
2025-11-05,ETSY.N,,,2884174570
2025-11-05,HG.N,,,2810513500
2025-11-06,HG.N,27.78571,,
2025-11-07,HG.N,28.07143,,2840637500
2025-11-07,HG.N,,,2840637500
2025-11-09,HG.N,28.35714,,
2025-11-10,GTY.N,,,215222500
2025-11-12,GTY.N,31.57143,,
2025-11-13,GTY.N,,,213872000
2025-11-19,HG.N,28.64286,,
2025-11-20,ETSY.N,69.41926,,2885874570
2025-11-20,GTY.N,31.875,,
2025-11-21,GTY.N,31.75,,213916000
2025-11-25,ETSY.N,69.08286,2.70588,2885556030
2025-12-01,GTY.N,31.625,,
2025-12-01,GTY.N,31.625,,214430000
2025-12-09,ETSY.N,68.48036,2.73529,2885661160
2025-12-09,ETSY.N,,2.73529,2885661160
2025-12-09,ETSY.N,,2.73529,
2025-12-11,ETSY.N,68.12321,,
2025-12-14,ETSY.N,67.65893,,
2025-12-15,CBC.O,,1.8,
2025-12-15,CBC.O,28.2,1.8,1036433330
2025-12-15,CBC.O,28.2,1.8,
2025-12-16,HG.N,28.78571,,2839804500
2025-12-16,OCFC.OQ,,,359431400
2025-12-16,HG.N,,,2861034000
2025-12-16,HG.N,,,2839804500
2025-12-19,ETSY.N,67.44464,,2885758030
2025-12-19,ETSY.N,,,2885758030
2025-12-23,HG.N,29.21429,,
2025-12-30,ETSY.N,67.19464,,
2025-12-30,OCFC.OQ,21.66667,,359548000
2025-12-30,OCFC.OQ,,,359548000
2025-12-31,OCFC.OQ,,2.33333,
2025-12-31,OCFC.OQ,21.4,2.33333,
2026-01-06,CBC.O,,,1029832500
2026-01-08,GTY.N,,,214486670
2026-01-08,HG.N,29.64286,,
2026-01-12,ETSY.N,,,2885280520
2026-01-13,ETSY.N,,,2885503820
2026-01-16,ETSY.N,,,2885509880
2026-01-20,GTY.N,31.71429,,
2026-01-22,GTY.N,31.85714,,
2026-01-22,HG.N,30.07143,,
2026-01-22,OCFC.OQ,,,476154000
2026-01-23,ETSY.N,67.26607,,
2026-01-23,OCFC.OQ,,,477054000
2026-01-26,ETSY.N,66.8375,,
2026-01-26,OCFC.OQ,,,476776000
2026-01-27,CBC.O,28.9,,1121910750
2026-01-28,OCFC.OQ,21.6,,
2026-01-28,OCFC.OQ,21.6,,527296000
2026-01-29,OCFC.OQ,,,559145000
2026-01-30,GTY.N,32.16667,,235480570
2026-01-30,GTY.N,32.16667,,214486670
2026-02-02,OCFC.OQ,21.25,2.6,559145000
2026-02-03,CBC.O,,,1122881000
2026-02-03,CBC.O,29.1,,1122881000
2026-02-04,ETSY.N,,,2885549270
2026-02-10,ETSY.N,66.48036,,
2026-02-12,ETSY.N,66.23036,,
2026-02-12,GTY.N,32.33333,,237166290
2026-02-17,ETSY.N,,,2886458360
2026-02-17,GTY.N,33.16667,,238674860
2026-02-19,ETSY.N,63.59423,2.66667,2835810150
2026-02-19,ETSY.N,,2.66667,
2026-02-20,ETSY.N,,,2796778030
2026-02-20,HG.N,,,2867884000
2026-02-20,ETSY.N,62.36346,,2796778030
2026-02-20,HG.N,30.92857,,2867884000
2026-02-20,OCFC.OQ,22.0,2.5,562196000
2026-02-23,ETSY.N,62.01731,,
2026-02-23,HG.N,32.28571,,
2026-02-25,ETSY.N,,,2788078030
2026-02-26,ETSY.N,,,2729897920
2026-02-26,HG.N,32.57143,,2879489000
2026-02-26,HG.N,,,2879489000
2026-03-02,ETSY.N,,,2730284850
2026-03-09,GTY.N,33.83333,,238523430
2026-03-09,GTY.N,33.83333,,
2026-03-10,ETSY.N,62.24808,,
2026-03-10,ETSY.N,62.24808,,2735836540
2026-03-15,ETSY.N,,,2735945620
2026-03-16,HG.N,32.42857,,
2026-03-20,GTY.N,,,238852000
2026-03-23,ETSY.N,,,2735462860
2026-03-24,GTY.N,,,240137710
2026-03-27,CBC.O,28.9,,
2014-12-02,CWENa.N,,,591835000
2014-12-15,NX.N,,2.5,
2014-12-16,NX.N,,,627580000
2014-12-18,CWENa.N,28.65,2.18182,
2014-12-19,NX.N,19.5,,
2015-01-01,DCO.N,,2.0,
2015-01-01,DCO.N,,2.0,737991200
2015-01-01,DCO.N,,2.0,738972600
2015-01-01,DCO.N,31.91667,2.0,738972600
2015-01-09,CWENa.N,28.68182,2.16667,586546000
2015-01-09,CWENa.N,,2.16667,
2015-01-09,CWENa.N,,2.16667,586546000
2015-01-12,CWENa.N,28.77273,,
2015-01-28,CWENa.N,,,590614400
2015-02-18,DCO.N,31.9,,
2015-02-19,NX.N,20.0,,627740000
2015-02-23,CWENa.N,,,906890300
2015-03-02,CWENa.N,29.04546,,901473100
2015-03-03,NX.N,22.0,,628200000
2015-03-04,CWENa.N,,2.16667,
2015-03-04,NX.N,22.66667,2.5,628720000
2015-03-04,NX.N,,2.5,
2015-03-04,NX.N,22.66667,2.5,
2015-03-05,CWENa.N,28.95455,,904635200
2015-03-05,CWENa.N,28.95455,,
2015-03-08,CWENa.N,,,887188560
2015-03-10,CWENa.N,,,902246900
2015-03-11,CWENa.N,,,895746900
2015-03-17,DCO.N,31.91667,,
2015-03-17,NX.N,,,629640000
2015-03-25,CWENa.N,29.0,,
2015-04-08,CWENa.N,29.04546,,
2015-04-10,DCO.N,,,738191200
2015-04-13,DCO.N,34.41667,,741353600
2015-04-15,DCO.N,,2.16667,
2015-04-16,CWENa.N,,,895930200
2015-04-22,CWENa.N,,,901236200
2015-04-27,CWENa.N,28.91667,2.23077,
2015-04-27,CWENa.N,28.91667,2.23077,931811910
2015-04-28,CWENa.N,,,938539180
2015-05-06,CWENa.N,,2.15385,
2015-05-06,CWENa.N,29.0,2.15385,
2015-05-11,CWENa.N,27.82675,,936825090
2015-05-12,DCO.N,33.91667,,728237600
2015-05-13,DCO.N,33.08333,,722621600
2015-05-13,DCO.N,33.08333,,
2015-05-15,CWENa.N,27.62918,2.16667,934700440
2015-05-16,CWENa.N,27.6921,2.09091,954631750
2015-05-18,DCO.N,,,720432400
2015-05-19,CWENa.N,27.90191,2.08333,
2015-05-19,CWENa.N,27.90191,2.08333,943561560
2015-05-20,CWENa.N,,,897381750
2015-05-26,CWENa.N,27.82675,2.15385,
2015-05-26,CWENa.N,27.82675,2.15385,912980670
2015-05-26,CWENa.N,,2.15385,
2015-05-28,CWENa.N,,,918556000
2015-06-03,NX.N,,,629320000
2015-06-04,CWENa.N,27.86842,,
2015-06-08,NX.N,22.33333,,
2015-06-08,NX.N,22.33333,,628460000
2015-06-10,NX.N,,,628475000
2015-06-16,CWENa.N,27.80162,2.21429,915300400
2015-06-16,DCO.N,,,723092830
2015-06-16,CWENa.N,27.80162,,
2015-06-18,CWENa.N,,2.30769,909816000
2015-06-18,CWENa.N,,2.30769,
2015-06-19,CWENa.N,27.87854,,910013220
2015-06-21,CWENa.N,27.95546,,
2015-06-22,CWENa.N,,2.23077,910013220
2015-06-22,NX.N,,,637225000
2015-06-24,CWENa.N,27.917,,
2015-06-25,CWENa.N,,2.0,920877900
2015-06-25,NX.N,23.16667,2.33333,646600000
2015-06-25,CWENa.N,,2.0,
2015-06-25,NX.N,,2.33333,
2015-06-29,DCO.N,33.75,,
2015-06-30,DCO.N,34.1,,
2015-07-05,NX.N,23.83333,,
2015-07-05,NX.N,23.83333,,655800000
2015-07-08,DCO.N,,,722426160
2015-07-10,CWENa.N,,,923150400
2015-07-21,CWENa.N,27.76315,,
2015-07-21,NX.N,,,655225000
2015-07-22,CWENa.N,,,918457700
2015-07-22,CWENa.N,28.88462,,918457700
2015-07-28,CWENa.N,28.5,,
2015-08-04,CWENa.N,28.08333,,
2015-08-05,DCO.N,34.5,,
2015-08-05,CWENa.N,25.83333,,892061900
2015-08-05,DCO.N,34.5,,719525330
2015-08-06,CWENa.N,25.66667,,881542100
2015-08-06,DCO.N,,,709646670
2015-08-07,CWENa.N,25.38462,,874922100
2015-08-07,DCO.N,,,710196670
2015-08-07,CWENa.N,25.38462,,
2015-08-09,CWENa.N,,,875622100
2015-08-21,CWENa.N,,,875620200
2015-08-25,CWENa.N,25.15385,,
2015-08-31,NX.N,,,652525000
2015-09-01,NX.N,23.33333,,650025000
2015-09-01,NX.N,23.33333,,
2015-09-04,CWENa.N,24.30769,,
2015-09-08,NX.N,,2.2,657066670
2015-09-08,NX.N,,2.2,
2015-09-09,NX.N,,,653700000
2015-09-10,NX.N,23.66667,,
2015-09-10,NX.N,23.66667,,651466670
2015-09-11,DCO.N,33.5,,
2015-09-14,NX.N,,,649966670
2015-09-21,CWENa.N,23.46154,,862563200
2015-09-21,CWENa.N,,,862563200
2015-09-24,CWENa.N,22.92308,,
2015-09-25,NX.N,24.25,,
2015-09-25,NX.N,24.25,2.0,
2015-09-25,NX.N,24.25,2.0,650548750
2015-10-01,CWENa.N,,,849603780
2015-10-02,CWENa.N,,,848667440
2015-10-13,NX.N,,,650548750
2015-10-16,CWENa.N,22.84615,,851675500
2015-10-16,NX.N,,1.8,
2015-10-18,CWENa.N,22.69231,,851672700
2015-10-21,CWENa.N,22.23077,2.07143,
2015-10-21,CWENa.N,22.23077,2.07143,853292700
2015-10-21,CWENa.N,,2.07143,
2015-10-24,CWENa.N,,,853992700
2015-10-28,DCO.N,32.5,,
2015-11-02,DCO.N,33.5,,
2015-11-04,CWENa.N,,,853062700
2015-11-04,DCO.N,,,704933330
2015-11-05,CWENa.N,21.0,,852018000
2015-11-05,DCO.N,30.9,,676685670
2015-11-05,CWENa.N,21.0,,
2015-11-05,DCO.N,30.9,,
2015-11-06,CWENa.N,,,850558000
2015-11-06,DCO.N,,,672464000
2015-11-09,CWENa.N,,,850958000
2015-11-23,CWENa.N,,,848941400
2015-11-24,CWENa.N,,,848941400
2015-11-24,NX.N,,2.0,650139000
2015-11-24,NX.N,,2.0,
2015-11-30,CWENa.N,,2.0,
2015-11-30,CWENa.N,20.85714,2.0,
2015-12-02,CWENa.N,20.71429,,
2015-12-10,NX.N,,,912340000
2015-12-14,CWENa.N,20.5,,
2015-12-14,DCO.N,29.5,,671611500
2015-12-15,NX.N,,,1003640000
2015-12-18,CWENa.N,20.28571,,
2015-12-18,NX.N,,,1001740000
2015-12-22,DCO.N,,2.0,
2015-12-22,DCO.N,32.375,2.0,671546800
2016-01-04,CWENa.N,20.42857,,
2016-01-05,NX.N,24.75,,
2016-01-05,CWENa.N,,,848941400
2016-01-05,NX.N,24.75,,1002340000
2016-01-08,CWENa.N,,,839924000
2016-01-12,CWENa.N,20.07143,,
2016-01-14,CWENa.N,,1.93333,
2016-01-14,CWENa.N,20.21429,1.93333,
2016-01-19,CWENa.N,20.14286,,837354910
2016-01-19,CWENa.N,,,837354910
2016-01-25,CWENa.N,19.85714,,
2016-01-26,CWENa.N,19.5,,837337180
2016-01-28,CWENa.N,,2.0,
2016-01-28,CWENa.N,19.0,2.0,
2016-01-28,CWENa.N,19.0,2.0,842475750
2016-01-29,DCO.N,,,671466800
2016-01-29,DCO.N,30.625,,671466800
2016-02-10,CWENa.N,,,1050681920
2016-02-10,CWENa.N,,,842747000
2016-02-26,DCO.N,30.125,,
2016-03-01,CWENa.N,18.73333,,1043011920
2016-03-02,CWENa.N,18.42857,2.0,
2016-03-02,CWENa.N,,2.0,
2016-03-02,CWENa.N,18.42857,2.0,1038937820
2016-03-03,NX.N,,,1003520000
2016-03-04,CWENa.N,,,1041937820
2016-03-04,NX.N,24.66667,,1004720800
2016-03-04,NX.N,24.66667,,
2016-03-07,CWENa.N,,,1010540380
2016-03-08,NX.N,,,1004009000
2016-03-09,CWENa.N,,,1012430880
2016-03-09,NX.N,24.75,,999749000
2016-03-09,NX.N,24.75,,
2016-03-11,CWENa.N,,,1012626670
2016-03-14,DCO.N,29.625,,617961810
2016-03-14,NX.N,,1.66667,998789000
2016-03-14,NX.N,,1.66667,
2016-03-15,DCO.N,26.9375,,583915800
2016-03-15,NX.N,,,997789000
2016-03-15,DCO.N,,,583915800
2016-04-12,CWENa.N,,,1016859600
2016-04-14,CWENa.N,18.28571,,
2016-04-15,DCO.N,,1.8,
2016-04-15,DCO.N,25.55,1.8,
2016-04-15,NX.N,,,995349000
2016-04-18,CWENa.N,18.42857,,
2016-04-19,CWENa.N,,,1022588780
2016-04-25,CWENa.N,18.64286,,1022655440
2016-04-25,CWENa.N,,,1022655440
2016-04-26,NX.N,24.25,,986180000
2016-04-26,NX.N,24.25,,
2016-04-27,CWENa.N,18.71429,,
2016-05-05,CWENa.N,,,1018433220
2016-05-06,CWENa.N,18.85714,,1009385700
2016-05-06,CWENa.N,18.85714,,
2016-05-09,CWENa.N,,,1033150780
2016-05-09,NX.N,,,983720000
2016-05-10,DCO.N,,,580930800
2016-05-11,DCO.N,25.75,,580380400
2016-05-12,CWENa.N,,,1036147110
2016-05-13,CWENa.N,18.84615,2.07143,1033799250
2016-05-13,CWENa.N,18.84615,2.07143,
2016-05-13,CWENa.N,,2.07143,
2016-05-18,CWENa.N,,,1018654890
2016-05-20,NX.N,,,980460000
2016-05-25,NX.N,,,973120000
2016-06-01,NX.N,24.5,,
2016-06-01,NX.N,24.5,,973140000
2016-06-02,NX.N,,,972820000
2016-06-07,NX.N,,,969350000
2016-06-10,NX.N,,1.5,
2016-06-10,DCO.N,,1.4,
2016-06-10,NX.N,24.4,1.5,
2016-06-10,CWENa.N,,,1018599780
2016-06-10,DCO.N,26.55,1.4,581480400
2016-06-10,NX.N,24.4,1.5,968520000
2016-06-23,DCO.N,25.95,,576650000
2016-06-23,DCO.N,25.95,,
2016-06-30,NX.N,,,965240000
2016-07-05,NX.N,,,962926200
2016-07-14,CWENa.N,,,1019306560
2016-07-22,CWENa.N,,,1019184330
2016-07-25,CWENa.N,19.0,,1020365900
2016-07-25,CWENa.N,19.0,,
2016-07-26,CWENa.N,,,1020353900
2016-08-01,CWENa.N,,,1018209700
2016-08-01,DCO.N,,,576658400
2016-08-01,NX.N,,,961806200
2016-08-03,CWENa.N,19.15385,,
2016-08-03,NX.N,,,958866200
2016-08-04,DCO.N,26.35,,569138400
2016-08-05,DCO.N,,,557722800
2016-08-05,DCO.N,26.95,,557722800
2016-08-09,CWENa.N,19.07692,,1019139700
2016-08-10,CWENa.N,19.23077,2.21429,
2016-08-10,CWENa.N,,2.21429,
2016-08-10,CWENa.N,19.23077,2.21429,1015460400
2016-08-10,DCO.N,27.15,,
2016-08-11,CWENa.N,,,1012460400
2016-08-15,CWENa.N,19.38462,,
2016-08-15,CWENa.N,19.38462,,1014860400
2016-08-16,CWENa.N,,,1022515890
2016-08-16,DCO.N,27.75,,556722800
2016-08-16,DCO.N,27.75,,
2016-08-19,NX.N,,,956806200
2016-08-23,NX.N,,,953754600
2016-08-31,NX.N,,,949554600
2016-09-06,NX.N,,,943814600
2016-09-07,CWENa.N,,2.26667,
2016-09-07,CWENa.N,,2.26667,1018064300
2016-09-07,NX.N,23.7,,931616790
2016-09-12,CWENa.N,,,1014612400
2016-09-13,CWENa.N,19.53846,,
2016-10-07,NX.N,24.0,1.4,930895990
2016-10-07,NX.N,24.0,1.4,
2016-10-10,CWENa.N,19.38462,,1013636200
2016-10-10,CWENa.N,19.38462,,
2016-11-01,DCO.N,,,556794600
2016-11-03,DCO.N,,,555794600
2016-11-04,CWENa.N,,,1028736200
2016-11-04,DCO.N,,,548236600
2016-11-07,CWENa.N,19.53846,,
2016-11-07,DCO.N,27.6875,,
2016-11-08,CWENa.N,,2.13333,
2016-11-08,CWENa.N,,2.13333,1034636200
2016-11-09,DCO.N,,,548276600
2016-11-09,DCO.N,28.1875,,548276600
2016-11-11,CWENa.N,,,1046748110
2016-11-14,CWENa.N,,,1048904220
2016-11-16,DCO.N,28.55,,
2016-11-16,NX.N,,,929598250
2016-12-01,CWENa.N,19.58333,,
2016-12-02,CWENa.N,19.54546,2.14286,1048904220
2016-12-02,CWENa.N,,2.14286,
2016-12-02,CWENa.N,19.54546,2.14286,
2016-12-05,CWENa.N,,,1044395900
2016-12-06,DCO.N,,1.6,
2016-12-06,DCO.N,29.1,1.6,
2016-12-12,CWENa.N,19.5,,
2016-12-12,NX.N,24.0,1.5,
2016-12-12,CWENa.N,19.5,,1042586600
2016-12-12,NX.N,24.0,1.5,931066670
2016-12-12,NX.N,,1.5,
2016-12-13,NX.N,,,929733330
2016-12-14,CWENa.N,,,1029396910
2016-12-14,NX.N,24.33333,,928500000
2016-12-14,NX.N,24.33333,,964900000
2016-12-14,NX.N,24.33333,,
2016-12-19,NX.N,,,921700000
2016-12-20,NX.N,,1.75,
2016-12-20,CWENa.N,19.58333,,
2016-12-20,NX.N,,1.75,899900000
2017-01-16,CWENa.N,19.5,,
2017-01-23,CWENa.N,19.53846,,
2017-01-25,CWENa.N,19.5,,
2017-01-30,DCO.N,31.1,,
2017-02-15,CWENa.N,,2.21429,
2017-02-15,CWENa.N,18.75,2.21429,
2017-02-16,NX.N,,,898200000
2017-02-28,CWENa.N,19.09091,,1108500640
2017-03-01,CWENa.N,19.16667,,1100177800
2017-03-01,CWENa.N,19.16667,,
2017-03-01,CWENa.N,19.16667,2.2,1100177800
2017-03-02,CWENa.N,,2.21429,
2017-03-03,CWENa.N,,2.2,
2017-03-06,DCO.N,31.5,,563756800
2017-03-07,DCO.N,33.1,,561501600
2017-03-07,DCO.N,33.1,,
2017-03-08,CWENa.N,,,1086400000
2017-03-08,DCO.N,,1.8,559901600
2017-03-08,NX.N,24.0,,886566670
2017-03-08,DCO.N,,1.8,
2017-03-08,NX.N,,,886566670
2017-03-09,CWENa.N,,,1071111750
2017-03-09,NX.N,24.0,,
2017-03-13,CWENa.N,,,1067089400
2017-03-15,DCO.N,,,559074000
2017-03-28,CWENa.N,19.25,,1067909000
2017-04-03,CWENa.N,,2.28571,
2017-04-03,CWENa.N,19.27273,2.28571,1067909000
2017-04-03,CWENa.N,19.27273,2.28571,
2017-04-10,CWENa.N,,,1069573330
2017-04-12,CWENa.N,,,1069573330
2017-04-19,CWENa.N,19.3,,
2017-04-20,CWENa.N,,,1067606670
2017-04-21,CWENa.N,19.7,,
2017-04-25,CWENa.N,19.63636,,
2017-04-25,CWENa.N,19.63636,,1061395000
2017-04-26,CWENa.N,,,1040694380
2017-05-02,CWENa.N,,,1044669380
2017-05-03,CWENa.N,,,1046714630
2017-05-04,DCO.N,,,559874000
2017-05-05,DCO.N,34.6,1.6,
2017-05-05,DCO.N,34.6,1.6,561872000
2017-05-07,DCO.N,,,562731400
2017-05-08,CWENa.N,,,1051814250
2017-05-09,CWENa.N,,,1074103430
2017-05-11,CWENa.N,,,1081094830
2017-05-23,CWENa.N,,,1092488800
2017-05-26,CWENa.N,,,1091627170
2017-06-01,CWENa.N,19.66667,,
2017-06-01,NX.N,25.0,2.0,
2017-06-01,CWENa.N,19.66667,2.2,1089066140
2017-06-01,NX.N,25.0,2.0,886200000
2017-06-05,DCO.N,,1.75,561964250
2017-06-05,DCO.N,34.5,1.75,561964250
2017-06-05,DCO.N,,1.75,
2017-06-06,CWENa.N,,2.14286,1089066140
2017-06-06,NX.N,,,889700000
2017-06-07,CWENa.N,19.81818,2.15385,
2017-06-07,CWENa.N,19.81818,2.15385,1087517380
2017-06-09,NX.N,,,884200000
2017-06-20,DCO.N,35.5,,
2017-07-10,CWENa.N,,,1089610630
2017-07-18,CWENa.N,,2.23077,
2017-07-18,CWENa.N,19.72727,2.23077,
2017-07-19,NX.N,25.0,1.75,883266670
2017-07-24,CWENa.N,,,1089751380
2017-07-25,CWENa.N,19.41667,,
2017-07-25,CWENa.N,19.41667,,1104890110
2017-08-03,CWENa.N,,,1108667890
2017-08-03,DCO.N,35.75,,562214250
2017-08-03,DCO.N,35.75,,
2017-08-04,CWENa.N,,,1108916110
2017-08-04,DCO.N,,,564870750
2017-08-07,NX.N,,1.6,
2017-08-07,NX.N,26.0,1.6,
2017-08-07,DCO.N,,,567477750
2017-08-07,NX.N,26.0,1.6,885001250
2017-08-08,CWENa.N,19.41667,,
2017-08-10,CWENa.N,,,1095114290
2017-08-16,DCO.N,39.0,,
2017-09-01,NX.N,,,885075000
2017-09-06,CWENa.N,19.41667,,
2017-09-07,CWENa.N,,,1097547250
2017-09-07,NX.N,25.33333,,878292250
2017-09-08,CWENa.N,,,1098355750
2017-09-08,NX.N,25.0,,875717250
2017-09-11,NX.N,23.66667,,
2017-09-11,NX.N,23.66667,,872027500
2017-09-12,DCO.N,37.66667,,569216250
2017-09-13,NX.N,,,869803330
2017-10-04,NX.N,24.66667,,
2017-10-04,NX.N,24.66667,,868539000
2017-10-11,CWENa.N,,2.30769,1099768880
2017-10-15,CWENa.N,19.0,2.33333,1086450140
2017-10-15,CWENa.N,,2.33333,1086450140
2017-10-15,CWENa.N,,2.33333,
2017-10-17,DCO.N,,2.25,
2017-10-23,CWENa.N,19.18182,,
2017-10-30,DCO.N,38.33333,,573013500
2017-10-31,CWENa.N,,,1089591430
2017-11-02,CWENa.N,19.27273,,1070505710
2017-11-02,DCO.N,38.75,,564814750
2017-11-02,CWENa.N,19.27273,,
2017-11-03,DCO.N,38.33333,,561174750
2017-11-03,CWENa.N,,,1063875290
2017-11-03,DCO.N,38.33333,2.25,561174750
2017-11-05,CWENa.N,,,1058875290
2017-11-07,CWENa.N,19.27273,,
2017-11-09,CWENa.N,,,1032873000
2017-11-10,CWENa.N,,,1048648000
2017-11-13,NX.N,,,904622330
2017-11-13,DCO.N,,1.75,
2017-11-13,NX.N,,,866072330
2017-11-17,CWENa.N,,,1053186000
2017-11-17,CWENa.N,19.36364,,1053186000
2017-11-29,CWENa.N,19.4,2.3,
2017-12-12,CWENa.N,,,1053201140
2017-12-13,NX.N,,,902455670
2017-12-14,NX.N,,,900591750
2017-12-15,NX.N,,,899814000
2017-12-18,NX.N,,2.0,895664000
2017-12-18,NX.N,,2.0,
2018-01-02,CWENa.N,20.0,2.1,1051176000
2018-01-03,CWENa.N,19.90909,2.18182,1056327560
2018-01-03,CWENa.N,19.90909,2.18182,
2018-01-03,CWENa.N,,2.18182,
2018-01-11,CWENa.N,,,1047080000
2018-01-24,CWENa.N,,,1046746670
2018-02-01,CWENa.N,19.90909,,1047302220
2018-02-01,CWENa.N,,,1047302220
2018-02-06,CWENa.N,19.72727,2.3,
2018-02-07,CWENa.N,19.6,2.125,1041022500
2018-02-08,CWENa.N,19.3,2.22222,1047302220
2018-02-08,CWENa.N,,2.22222,1047302220
2018-02-08,CWENa.N,,2.22222,
2018-02-13,CWENa.N,19.0,,
2018-02-21,NX.N,,,895385750
2018-02-27,NX.N,,,893435750
2018-02-28,DCO.N,37.66667,,587122000
2018-03-01,CWENa.N,,,1162447560
2018-03-01,DCO.N,37.33333,,588639750
2018-03-01,DCO.N,37.33333,,
2018-03-02,CWENa.N,18.9,,
2018-03-02,CWENa.N,18.9,,1163416440
2018-03-05,CWENa.N,,,1165227560
2018-03-06,NX.N,22.66667,,893066000
2018-03-06,NX.N,22.66667,,
2018-03-07,NX.N,,,893816000
2018-03-08,CWENa.N,18.95,,1163412750
2018-03-08,CWENa.N,18.95,,
2018-04-13,CWENa.N,,,1164786130
2018-04-19,CWENa.N,,,1156332110
2018-04-24,CWENa.N,,,1153370110
2018-05-03,CWENa.N,,,1155584560
2018-05-04,CWENa.N,19.05,,
2018-05-06,DCO.N,,,589639750
2018-05-08,DCO.N,,,591885250
2018-05-10,CWENa.N,,,1139166400
2018-05-11,DCO.N,38.33333,,601331000
2018-05-20,DCO.N,39.0,,601831000
2018-05-22,CWENa.N,,,1139265330
2018-05-25,NX.N,20.66667,,
2018-05-25,NX.N,20.66667,,889763250
2018-05-29,CWENa.N,,,1140876290
2018-06-05,NX.N,,,890957750
2018-06-06,NX.N,,,892207750
2018-06-08,NX.N,,2.4,
2018-06-11,CWENa.N,,2.375,
2018-06-11,CWENa.N,19.05556,2.375,1145917330
2018-06-11,NX.N,,,892877000
2018-06-19,NX.N,,2.6,
2018-06-29,NX.N,,3.0,
2018-07-09,NX.N,,,892907750
2018-07-13,CWENa.N,,,1137800670
2018-07-13,CWENa.N,19.11111,,1137800670
2018-07-17,CWENa.N,19.05556,,
2018-07-18,CWENa.N,,,1131972000
2018-08-02,CWENa.N,,,1141429140
2018-08-06,CWENa.N,19.16667,,
2018-08-06,CWENa.N,19.16667,,1143450290
2018-08-07,DCO.N,40.5,1.5,613533750
2018-08-07,DCO.N,,1.5,613533750
2018-08-07,DCO.N,,,613533750
2018-08-09,CWENa.N,,,1125290000
2018-08-14,CWENa.N,,,1125290000
2018-08-16,CWENa.N,19.27778,,
2018-08-16,DCO.N,42.5,,
2018-08-24,NX.N,20.0,,
2018-08-28,DCO.N,,1.5,
2018-08-31,NX.N,,3.0,
2018-08-31,NX.N,20.5,3.0,
2018-08-31,NX.N,20.5,3.0,891777000
2018-09-05,CWENa.N,,2.22222,
2018-09-06,CWENa.N,19.1875,,
2018-09-07,NX.N,,,891660000
2018-09-10,CWENa.N,,,1143450290
2018-09-10,NX.N,,,891593330
2018-09-11,CWENa.N,,,1144164570
2018-09-12,CWENa.N,19.3125,,1140269290
2018-09-13,CWENa.N,,,1132552000
2018-09-13,CWENa.N,19.66667,2.3,1132552000
2018-09-13,NX.N,,,892760000
2018-09-17,CWENa.N,,2.27273,
2018-09-17,CWENa.N,19.85,2.27273,
2018-09-28,CWENa.N,20.15,,1130123430
2018-10-11,CWENa.N,20.25,,1132994000
2018-10-30,DCO.N,44.125,,
2018-10-31,DCO.N,44.83333,1.33333,613617670
2018-10-31,DCO.N,,1.33333,
2018-11-05,DCO.N,46.83333,,616284330
2018-11-05,DCO.N,46.83333,,
2018-11-06,CWENa.N,20.27778,2.4,1130265430
2018-11-06,DCO.N,,,620457670
2018-11-06,CWENa.N,20.27778,2.4,
2018-11-07,DCO.N,45.625,,621618250
2018-11-07,CWENa.N,,,1124481000
2018-11-07,DCO.N,45.625,1.5,621618250
2018-11-07,DCO.N,,,621618250
2018-11-08,DCO.N,,1.75,
2018-11-13,CWENa.N,,,1122623860
2018-11-14,DCO.N,46.125,,
2018-12-03,NX.N,,,923734670
2018-12-03,NX.N,,,891860000
2018-12-11,NX.N,18.5,,930761330
2018-12-12,DCO.N,,1.8,
2018-12-12,DCO.N,46.3,1.8,621571000
2018-12-12,NX.N,16.5,,930528000
2018-12-12,DCO.N,,1.8,621571000
2018-12-12,NX.N,16.5,,
2018-12-18,NX.N,,,926828000
2019-01-07,CWENa.N,19.72222,2.6,1125670880
2019-01-07,CWENa.N,19.72222,2.6,
2019-01-07,CWENa.N,,2.6,
2019-01-10,DCO.N,45.7,,
2019-01-11,CWENa.N,,,1120473250
2019-01-14,CWENa.N,19.5,,1114224380
2019-01-15,CWENa.N,19.0,,1112038130
2019-01-15,CWENa.N,,,1112038130
2019-01-17,CWENa.N,18.44444,,
2019-01-18,CWENa.N,18.11111,,
2019-01-24,CWENa.N,,,1110363130
2019-01-29,CWENa.N,18.0,,1109033130
2019-01-29,CWENa.N,,,1109033130
2019-01-31,NX.N,,,922600000
2019-02-04,CWENa.N,17.66667,,
2019-02-13,CWENa.N,17.0,2.8,
2019-02-13,CWENa.N,,2.8,
2019-02-14,CWENa.N,16.77778,,
2019-02-15,CWENa.N,,,1109158130
2019-02-15,CWENa.N,16.38889,2.9,1109158130
2019-02-19,CWENa.N,,3.0,
2019-02-19,CWENa.N,15.61111,3.0,
2019-02-24,CWENa.N,15.05556,,
2019-02-24,CWENa.N,15.05556,,1108940130
2019-02-28,CWENa.N,,,1176336130
2019-02-28,DCO.N,46.5,,642700000
2019-03-01,CWENa.N,14.94444,,
2019-03-01,DCO.N,49.4,1.6,659102000
2019-03-01,NX.N,17.5,,
2019-03-01,DCO.N,49.4,1.6,
2019-03-01,DCO.N,,1.6,
2019-03-04,CWENa.N,,,1176387130
2019-03-07,NX.N,18.5,,923900000
2019-03-11,CWENa.N,15.11111,,
2019-03-15,NX.N,18.66667,2.8,924202000
2019-03-15,NX.N,18.66667,2.8,
2019-03-15,NX.N,18.66667,,
2019-03-19,CWENa.N,,,1170137130
2019-03-24,DCO.N,,,660102000
2019-03-29,CWENa.N,,3.0,
2019-04-16,CWENa.N,15.16667,,
2019-04-16,DCO.N,,,656102000
2019-04-18,CWENa.N,,,1160339880
2019-04-23,CWENa.N,,,1161311130
2019-04-23,DCO.N,,,654887800
2019-04-25,DCO.N,,,651918600
2019-05-06,DCO.N,51.0,,667417400
2019-05-07,CWENa.N,,,1156561130
2019-05-07,DCO.N,52.4,,687065200
2019-05-07,DCO.N,,,687065200
2019-05-08,CWENa.N,,,1152476130
2019-05-13,DCO.N,53.25,1.8,
2019-05-14,CWENa.N,,,1124258430
2019-05-20,CWENa.N,15.22222,,1121214140
2019-05-20,CWENa.N,15.22222,,
2019-06-05,NX.N,,,915302000
2019-06-06,NX.N,,2.75,
2019-06-09,NX.N,,,911752750
2019-06-14,DCO.N,,2.0,
2019-06-14,CWENa.N,,,1121182000
2019-06-14,DCO.N,51.0,2.0,685625000
2019-06-14,NX.N,19.33333,,
2019-06-19,CWENa.N,15.75,2.77778,
2019-06-19,CWENa.N,15.75,2.77778,1121439140
2019-07-16,CWENa.N,,,1105663860
2019-07-19,CWENa.N,,2.55556,
2019-07-19,DCO.N,50.75,,
2019-07-19,CWENa.N,16.125,2.55556,
2019-07-19,DCO.N,50.75,,683735200
2019-07-23,CWENa.N,16.5,,
2019-08-05,DCO.N,,,687967800
2019-08-06,CWENa.N,,,1094949570
2019-08-06,DCO.N,49.6,2.2,702922400
2019-08-06,DCO.N,,2.2,
2019-08-07,CWENa.N,16.75,,1087298430
2019-08-12,CWENa.N,17.25,,1078377570
2019-08-12,CWENa.N,17.25,,
2019-08-13,CWENa.N,,,1096593400
2019-08-16,CWENa.N,,,1083612170
2019-09-04,NX.N,,,909777750
2019-09-06,NX.N,,,900377750
2019-09-12,NX.N,,,893200000
2019-09-13,CWENa.N,,,1083610500
2019-09-15,NX.N,20.33333,,
2019-09-15,NX.N,20.33333,,893057330
2019-09-16,CWENa.N,17.375,,
2019-09-18,NX.N,,,891690670
2019-09-25,CWENa.N,17.625,,1081443830
2019-09-25,CWENa.N,17.625,,
2019-10-11,CWENa.N,,,1080626000
2019-10-11,NX.N,,,892993000
2019-10-15,DCO.N,49.0,,699847600
2019-10-16,CWENa.N,17.875,2.5,1077201170
2019-10-16,CWENa.N,,2.5,
2019-10-17,CWENa.N,,,1076834330
2019-10-17,CWENa.N,18.25,,1076834330
2019-10-21,DCO.N,48.8,,698332800
2019-10-21,DCO.N,48.8,,
2019-10-24,DCO.N,,,699682800
2019-10-28,CWENa.N,18.0,2.75,
2019-10-30,DCO.N,49.6,,704485000
2019-10-31,DCO.N,51.1,,707876600
2019-10-31,DCO.N,51.1,,
2019-11-06,CWENa.N,18.0,2.71429,1077452200
2019-11-06,DCO.N,,,715820750
2019-11-06,CWENa.N,,2.71429,1077452200
2019-11-06,CWENa.N,,2.71429,
2019-11-12,DCO.N,51.5,,
2019-11-18,CWENa.N,18.14286,,
2019-11-25,CWENa.N,18.28571,,1073891600
2019-11-25,CWENa.N,18.28571,,
2019-12-10,NX.N,,,911525000
2019-12-10,NX.N,,,894018000
2019-12-12,NX.N,,,904025000
2019-12-13,NX.N,21.0,,893025000
2019-12-13,NX.N,21.0,,
2019-12-16,CWENa.N,,,1078037800
2019-12-18,NX.N,,,878600000
2019-12-31,NX.N,,3.0,
2019-12-31,NX.N,20.5,3.0,878600000
2020-01-02,DCO.N,50.0,2.4,715470750
2020-01-02,DCO.N,,2.4,715470750
2020-01-03,CWENa.N,18.66667,,
2020-01-08,DCO.N,50.2,,
2020-01-14,CWENa.N,,,1081098200
2020-01-15,CWENa.N,,,1081098200
2020-01-16,CWENa.N,,2.66667,
2020-01-17,CWENa.N,,,1081264200
2020-01-17,CWENa.N,19.0,,1081264200
2020-01-22,NX.N,,,875600000
2020-01-22,NX.N,21.5,,875600000
2020-01-23,DCO.N,50.25,2.5,715470750
2020-01-23,DCO.N,,2.5,
2020-01-27,CWENa.N,19.33333,,
2020-02-09,DCO.N,49.25,,
2020-02-10,DCO.N,,,718703250
2020-02-14,CWENa.N,20.2,,
2020-02-20,DCO.N,49.75,,709596750
2020-02-21,DCO.N,51.75,2.25,718264750
2020-02-27,CWENa.N,,,1238074400
2020-02-28,CWENa.N,20.8,,1237384400
2020-03-05,CWENa.N,22.0,2.5,1238133600
2020-03-05,CWENa.N,,,1238133600
2020-03-06,NX.N,20.5,,
2020-03-08,CWENa.N,21.66667,2.57143,
2020-03-08,CWENa.N,,2.57143,
2020-03-09,NX.N,,,878250000
2020-03-10,NX.N,,2.33333,
2020-03-11,CWENa.N,22.16667,,1271733600
2020-03-11,CWENa.N,22.16667,,
2020-03-16,CWENa.N,,,1272198000
2020-03-16,DCO.N,50.5,1.75,709250000
2020-03-16,DCO.N,,1.75,
2020-03-16,DCO.N,,1.75,709250000
2020-03-17,DCO.N,44.75,,
2020-03-18,DCO.N,,,699089750
2020-03-31,NX.N,17.0,2.0,826650000
2020-04-02,NX.N,15.66667,2.0,834932330
2020-04-13,DCO.N,41.75,,685589750
2020-04-15,CWENa.N,,,1226465600
2020-04-15,CWENa.N,22.5,,1226465600
2020-04-16,DCO.N,41.5,,
2020-04-16,DCO.N,41.5,,685415000
2020-04-20,DCO.N,,,690834000
2020-04-21,CWENa.N,22.0,,
2020-04-21,DCO.N,,,693893250
2020-04-30,DCO.N,43.5,,681461500
2020-05-01,DCO.N,41.5,,654447000
2020-05-07,CWENa.N,,,1232065600
2020-05-08,NX.N,14.66667,,
2020-05-08,CWENa.N,,,1236182000
2020-05-08,NX.N,14.66667,1.66667,808532330
2020-05-13,CWENa.N,22.33333,,
2020-05-15,NX.N,,2.0,
2020-05-15,NX.N,,2.0,802065670
2020-05-17,CWENa.N,22.66667,,
2020-05-20,DCO.N,41.4,1.8,654757600
2020-05-22,DCO.N,,2.0,
2020-05-22,DCO.N,,2.0,652885750
2020-05-22,DCO.N,41.75,2.0,652885750
2020-06-05,NX.N,,,803732330
2020-06-08,NX.N,17.0,,783590670
2020-06-10,DCO.N,42.75,,
2020-06-17,CWENa.N,23.33333,,1233675000
2020-06-17,CWENa.N,23.33333,,
2020-06-30,CWENa.N,,2.71429,1235097200
2020-06-30,CWENa.N,,2.71429,
2020-07-06,CWENa.N,23.5,,
2020-07-15,CWENa.N,24.0,,
2020-07-15,CWENa.N,24.0,,1232437200
2020-07-15,DCO.N,42.25,,650100250
2020-07-17,CWENa.N,,,1232437600
2020-07-23,CWENa.N,24.83333,,
2020-07-30,DCO.N,43.75,,632757000
2020-07-31,DCO.N,46.75,,
2020-07-31,DCO.N,46.75,,628007000
2020-08-06,CWENa.N,,,1237437600
2020-08-07,CWENa.N,25.16667,,
2020-08-10,CWENa.N,25.5,,1242063600
2020-08-10,NX.N,18.33333,,789624000
2020-08-14,CWENa.N,25.66667,,1242867400
2020-09-04,NX.N,21.0,2.0,819243000
2020-09-04,NX.N,,2.0,
2020-09-08,CWENa.N,25.71429,2.625,1239802400
2020-09-08,NX.N,22.0,,834260250
2020-09-08,CWENa.N,25.71429,2.625,
2020-09-08,NX.N,22.0,,
2020-09-08,CWENa.N,,2.625,
2020-09-18,CWENa.N,,,1255459200
2020-10-13,CWENa.N,26.28571,,
2020-10-16,CWENa.N,27.14286,,
2020-10-28,DCO.N,,,626132000
2020-10-29,DCO.N,,,629170750
2020-11-04,NX.N,,,879739800
2020-11-04,NX.N,,,834956200
2020-11-05,CWENa.N,,,1253459200
2020-11-06,CWENa.N,,,1231207400
2020-11-06,CWENa.N,28.0,,1231207400
2020-11-16,CWENa.N,28.28571,,
2020-11-16,DCO.N,49.5,,
2020-11-17,CWENa.N,28.14286,,
2020-11-23,CWENa.N,28.42857,,1216713400
2020-11-23,CWENa.N,,,1216713400
2020-12-06,DCO.N,51.0,,
2020-12-09,NX.N,23.0,,
2020-12-11,NX.N,24.0,,883639800
2020-12-14,NX.N,28.66667,,901144000
2020-12-14,NX.N,28.66667,,
2020-12-15,CWENa.N,,2.75,
2020-12-15,CWENa.N,27.83333,2.75,
2020-12-15,NX.N,,,907980000
2020-12-17,CWENa.N,28.0,,1216704600
2020-12-17,CWENa.N,,,1216704600
2020-12-22,DCO.N,54.0,,
2021-01-04,CWENa.N,28.33333,,
2021-01-04,NX.N,,,906144000
2021-01-06,DCO.N,,,629061000
2021-01-06,DCO.N,50.66667,2.0,629061000
2021-01-08,CWENa.N,28.83333,,
2021-01-11,CWENa.N,29.66667,,1218032600
2021-01-11,DCO.N,61.33333,1.66667,
2021-01-11,DCO.N,,1.66667,
2021-01-12,CWENa.N,,,1221799800
2021-01-12,CWENa.N,31.0,,1221799800
2021-01-13,CWENa.N,31.66667,,
2021-01-22,NX.N,,,906391000
2021-01-28,CWENa.N,32.0,,
2021-02-03,CWENa.N,31.66667,,
2021-02-11,DCO.N,65.33333,,654133670
2021-02-12,DCO.N,,,654197670
2021-02-12,DCO.N,68.0,,654197670
2021-02-12,NX.N,,,907231000
2021-03-01,CWENa.N,,,1345336200
2021-03-05,NX.N,29.66667,,
2021-03-05,NX.N,29.66667,,916351000
2021-03-08,NX.N,,,955981400
2021-03-10,CWENa.N,30.83333,,1345334000
2021-03-25,CWENa.N,,,1364968400
2021-03-25,CWENa.N,30.83333,2.5,1364968400
2021-03-30,CWENa.N,30.85714,2.375,
2021-03-30,CWENa.N,,2.375,
2021-04-06,NX.N,31.0,,
2021-04-15,CWENa.N,31.28571,,
2021-04-15,DCO.N,69.33333,,
2021-04-22,CWENa.N,,2.22222,
2021-04-22,CWENa.N,31.5,2.22222,
2021-05-04,DCO.N,,,653602000
2021-05-06,CWENa.N,,,1361168400
2021-05-07,CWENa.N,31.125,,1359318400
2021-05-19,CWENa.N,30.875,,1351647600
2021-05-26,DCO.N,,,655702000
2021-06-04,NX.N,33.33333,,1031389400
2021-06-07,NX.N,34.33333,,1050300800
2021-06-07,NX.N,34.33333,,
2021-06-21,CWENa.N,,,1329718400
2021-06-21,CWENa.N,31.0,,1329718400
2021-07-19,CWENa.N,30.75,,
2021-07-21,CWENa.N,30.875,,1348053600
2021-07-23,DCO.N,70.0,2.0,
2021-07-23,DCO.N,70.0,2.0,656053000
2021-08-04,CWENa.N,30.9375,,1340317000
2021-08-05,CWENa.N,31.1875,,
2021-08-05,CWENa.N,31.1875,,1342889500
2021-08-10,CWENa.N,,,1308140000
2021-08-12,DCO.N,,,657296000
2021-08-19,CWENa.N,31.3125,,1321040000
2021-08-25,CWENa.N,,2.2,
2021-08-25,CWENa.N,31.83333,2.2,
2021-08-25,CWENa.N,31.83333,2.2,1314577500
2021-08-25,NX.N,,,1051560800
2021-08-30,NX.N,,,1052060800
2021-09-03,CWENa.N,,,1314577500
2021-09-07,NX.N,33.0,,1058625000
2021-09-07,NX.N,33.0,,
2021-09-07,NX.N,33.0,,1097846600
2021-09-20,CWENa.N,,,1314590500
2021-10-08,CWENa.N,32.22222,,
2021-10-14,CWENa.N,32.66667,,
2021-10-15,CWENa.N,32.88889,,
2021-10-15,DCO.N,,,654813500
2021-10-21,DCO.N,67.33333,2.0,653875670
2021-10-21,DCO.N,67.33333,2.0,
2021-10-25,CWENa.N,34.25,2.22222,1321360670
2021-10-25,CWENa.N,,2.22222,
2021-11-02,DCO.N,,,652595000
2021-11-03,DCO.N,,,650351670
2021-11-04,CWENa.N,34.625,,1316154000
2021-11-05,CWENa.N,36.11111,2.0,1295154000
2021-11-10,CWENa.N,36.7,1.9,1299510500
2021-11-10,CWENa.N,,1.9,
2021-11-10,CWENa.N,36.7,1.9,
2021-11-11,CWENa.N,,,1283716670
2021-11-15,CWENa.N,37.1,,
2021-11-19,CWENa.N,37.6,,
2021-11-23,CWENa.N,38.4,,
2021-12-13,CWENa.N,,,1340125750
2021-12-16,CWENa.N,38.8,,1332083600
2021-12-16,CWENa.N,,,1332083600
2021-12-17,NX.N,,,1105066600
2021-12-20,NX.N,32.5,,1109620200
2021-12-20,NX.N,32.5,,
2022-01-02,DCO.N,64.0,2.0,650423750
2022-01-02,DCO.N,,2.0,650423750
2022-01-02,DCO.N,,2.0,
2022-01-13,CWENa.N,39.55556,,
2022-01-18,CWENa.N,,,1294090600
2022-01-18,CWENa.N,40.33333,,1294090600
2022-01-24,CWENa.N,39.7,,
2022-01-31,CWENa.N,39.3,,
2022-01-31,CWENa.N,39.3,,1301575500
2022-02-14,DCO.N,62.66667,,
2022-02-18,NX.N,,2.0,
2022-02-23,DCO.N,,,698265500
2022-02-24,DCO.N,64.0,,698167500
2022-02-24,DCO.N,64.0,,
2022-02-28,CWENa.N,,,1415390830
2022-03-01,CWENa.N,,,1424724170
2022-03-02,DCO.N,,,698830000
2022-03-04,NX.N,,,1115020200
2022-03-07,NX.N,,,1132824800
2022-03-08,NX.N,,,1142204800
2022-03-11,CWENa.N,,,1427890830
2022-03-14,CWENa.N,39.5,,
2022-03-21,CWENa.N,,,1503935500
2022-04-01,CWENa.N,,,1503820500
2022-04-04,CWENa.N,,,1417782400
2022-04-05,CWENa.N,39.6,,1425972000
2022-04-05,CWENa.N,39.6,,
2022-04-07,CWENa.N,,,1424633330
2022-04-15,DCO.N,61.33333,,
2022-04-19,CWENa.N,39.8,,
2022-04-19,DCO.N,64.0,,
2022-04-28,DCO.N,66.0,2.25,
2022-04-28,DCO.N,,2.25,
2022-04-28,DCO.N,66.0,2.25,699030000
2022-05-02,CWENa.N,39.7,,
2022-05-03,DCO.N,,,696460500
2022-05-04,DCO.N,67.0,,
2022-05-04,DCO.N,67.0,,698956500
2022-05-05,CWENa.N,,,1409415000
2022-05-06,CWENa.N,39.5,,1368248330
2022-05-09,CWENa.N,39.3,,
2022-05-09,CWENa.N,39.3,,1364915000
2022-05-10,DCO.N,,,698732000
2022-05-12,CWENa.N,,,1356105000
2022-05-13,CWENa.N,38.95,,
2022-05-18,CWENa.N,39.1,,
2022-05-20,DCO.N,,2.0,
2022-05-20,DCO.N,64.75,2.0,
2022-05-25,CWENa.N,,2.0,
2022-05-26,CWENa.N,,1.9,
2022-05-26,DCO.N,,,699732000
2022-05-27,CWENa.N,39.18182,1.90909,1354884000
2022-05-31,NX.N,32.5,,
2022-06-03,NX.N,,,1154724800
2022-06-06,NX.N,,,1185695000
2022-06-09,CWENa.N,,2.0,
2022-06-09,CWENa.N,38.91667,2.0,1359070000
2022-06-09,NX.N,,,1197068750
2022-06-21,NX.N,,,1195715000
2022-07-19,DCO.N,62.5,,
2022-07-21,CWENa.N,38.75,,1339178140
2022-07-27,CWENa.N,,,1339742430
2022-07-27,CWENa.N,39.08333,,1339742430
2022-08-01,CWENa.N,39.16667,,
2022-08-02,CWENa.N,39.58333,,1311612430
2022-08-03,CWENa.N,39.91667,,1305281000
2022-08-03,CWENa.N,39.91667,,
2022-08-04,DCO.N,,,701119000
2022-08-04,DCO.N,61.75,,701119000
2022-08-09,CWENa.N,,,1319523330
2022-09-02,NX.N,,,1199315000
2022-09-06,NX.N,32.25,,
2022-09-06,NX.N,32.25,,1208092600
2022-09-08,NX.N,,,1213712600
2022-09-19,CWENa.N,,2.16667,
2022-09-19,CWENa.N,39.66667,2.16667,
2022-09-20,CWENa.N,39.70833,,1372654290
2022-09-21,CWENa.N,,,1331531570
2022-09-21,CWENa.N,39.54167,,1331531570
2022-10-12,DCO.N,61.25,,
2022-10-14,NX.N,32.0,,
2022-10-14,NX.N,32.0,,1211136400
2022-10-17,CWENa.N,39.29167,,
2022-10-18,CWENa.N,39.125,,
2022-10-21,DCO.N,61.0,,
2022-11-02,CWENa.N,38.875,,1319333000
2022-11-02,NX.N,,,1209336400
2022-11-02,NX.N,,,1218480600
2022-11-03,CWENa.N,38.29167,,
2022-11-03,CWENa.N,38.29167,,1312618710
2022-11-07,CWENa.N,,,1299721830
2022-11-07,DCO.N,61.25,,709121670
2022-11-07,DCO.N,61.25,,
2022-11-08,DCO.N,,,709483000
2022-11-09,CWENa.N,,,1243795000
2022-11-18,CWENa.N,,,1238969200
2022-11-25,CWENa.N,37.59091,,
2022-12-06,CWENa.N,37.70833,,
2022-12-07,CWENa.N,,,1238969200
2022-12-09,DCO.N,60.75,,
2022-12-12,CWENa.N,,,1266404500
2022-12-13,CWENa.N,38.04546,2.09091,1238969200
2022-12-16,DCO.N,,2.0,
2022-12-16,DCO.N,,2.0,709483000
2022-12-19,NX.N,32.5,,1227512600
2022-12-19,NX.N,,,1227512600
2022-12-20,NX.N,33.0,,
2022-12-21,NX.N,32.5,,
2022-12-22,NX.N,,,1220740750
2023-01-08,CWENa.N,,,1269069330
2023-01-09,CWENa.N,38.13636,2.0,
2023-01-09,DCO.N,62.75,,
2023-01-09,CWENa.N,,2.0,
2023-01-17,CWENa.N,38.22727,,1271916570
2023-01-19,CWENa.N,38.13636,,
2023-01-19,CWENa.N,38.13636,,1247307670
2023-01-19,DCO.N,63.75,,
2023-01-30,CWENa.N,,,1245132830
2023-02-16,DCO.N,,,743744330
2023-02-17,DCO.N,,,745764330
2023-02-20,NX.N,,1.66667,
2023-02-21,NX.N,,,1218265750
2023-02-23,CWENa.N,37.86364,,1384249000
2023-02-23,CWENa.N,37.86364,,
2023-02-24,CWENa.N,,,1383106140
2023-03-02,CWENa.N,,,1419532500
2023-03-07,NX.N,31.5,,1200354250
2023-03-09,CWENa.N,,,1398826000
2023-03-10,CWENa.N,,,1401032500
2023-03-13,NX.N,28.75,,1158133250
2023-03-14,NX.N,28.0,,1140691750
2023-04-04,NX.N,27.33333,1.5,1142922330
2023-04-04,NX.N,,1.5,
2023-04-12,CWENa.N,37.77273,,
2023-04-24,CWENa.N,37.59091,,
2023-04-26,CWENa.N,38.04167,2.0,1409626000
2023-04-26,CWENa.N,,2.0,
2023-04-27,DCO.N,,,752931000
2023-05-04,CWENa.N,37.95833,,1378910000
2023-05-04,DCO.N,59.66667,,768633000
2023-05-04,CWENa.N,37.95833,,
2023-05-05,DCO.N,,,769214330
2023-05-05,CWENa.N,,,1383758330
2023-05-05,DCO.N,62.75,,769214330
2023-05-08,CWENa.N,,,1381925000
2023-05-10,CWENa.N,37.91667,,
2023-05-11,CWENa.N,,,1369510000
2023-05-16,DCO.N,60.75,,
2023-05-22,DCO.N,63.33333,,
2023-06-05,CWENa.N,37.08333,,1389251670
2023-06-05,NX.N,28.33333,,1121759000
2023-06-23,CWENa.N,37.0,,1356582860
2023-07-06,DCO.N,,1.75,
2023-07-06,DCO.N,63.75,1.75,
2023-07-06,DCO.N,63.75,1.75,769474000
2023-07-20,CWENa.N,36.83333,,1349992860
2023-07-20,CWENa.N,,,1349992860
2023-07-26,CWENa.N,36.41667,,
2023-08-03,DCO.N,,,767620250
2023-08-04,DCO.N,64.25,,765992000
2023-08-08,CWENa.N,35.5,,1340957140
2023-08-08,CWENa.N,,,1340957140
2023-08-10,CWENa.N,35.08333,,
2023-08-14,CWENa.N,34.5,,1336242860
2023-08-14,DCO.N,61.8,2.0,766669000
2023-08-14,DCO.N,,2.0,
2023-08-14,CWENa.N,,,1336242860
2023-08-14,DCO.N,61.8,2.0,
2023-08-15,CWENa.N,34.16667,,
2023-08-16,CWENa.N,,,1341034000
2023-08-20,CWENa.N,34.08333,,
2023-08-25,CWENa.N,34.0,,
2023-09-05,NX.N,31.66667,,1129156000
2023-09-06,NX.N,32.33333,,1130802670
2023-09-20,CWENa.N,33.41667,,1329554830
2023-09-20,CWENa.N,,,1329554830
2023-10-02,CWENa.N,32.5,,
2023-10-06,CWENa.N,32.33333,1.83333,1329825570
2023-10-06,CWENa.N,,,1329825570
2023-10-10,CWENa.N,,1.90909,
2023-10-10,CWENa.N,32.36364,1.90909,
2023-10-12,CWENa.N,,,1336254140
2023-10-12,CWENa.N,32.0,,1336254140
2023-10-16,CWENa.N,31.72727,,
2023-10-17,CWENa.N,,,1332968430
2023-10-17,CWENa.N,31.27273,,1332968430
2023-10-18,CWENa.N,31.0,,
2023-10-20,CWENa.N,,,1331431290
2023-10-20,DCO.N,,,766174400
2023-10-20,NX.N,32.66667,,1128936330
2023-10-20,NX.N,32.66667,,
2023-10-23,CWENa.N,30.63636,,
2023-11-02,CWENa.N,30.54546,,1332748430
2023-11-03,CWENa.N,29.63636,,1331654880
2023-11-03,CWENa.N,,,1331654880
2023-11-04,CWENa.N,28.90909,,
2023-11-08,CWENa.N,29.0,,1322779880
2023-11-08,DCO.N,62.6,,765072800
2023-11-08,DCO.N,62.6,,
2023-11-09,CWENa.N,28.81818,,1329771670
2023-11-09,DCO.N,,,763144800
2023-11-09,CWENa.N,,,1329771670
2023-11-10,DCO.N,63.4,,762248200
2023-11-13,DCO.N,,,760403000
2023-11-13,DCO.N,63.8,,760403000
2023-12-03,WS.N,,,3311500000
2023-12-03,WS.N,,2.0,3311500000
2023-12-03,WS.N,29,2.0,3311500000
2023-12-03,WS.N,29,2.0,
2023-12-08,NX.N,,,1160542330
2023-12-08,NX.N,,,1126103000
2023-12-18,NX.N,34.33333,,1136133670
2023-12-19,NX.N,35.0,2.0,1089800330
2023-12-19,NX.N,,2.0,1089800330
2023-12-21,NX.N,33.33333,,
2024-01-08,CWENa.N,29.0,,
2024-01-10,NX.N,,1.5,1094150250
2024-01-10,NX.N,,1.5,
2024-01-10,DCO.N,65.2,,
2024-01-10,NX.N,35.0,1.5,1094150250
2024-01-12,WS.N,31,,
2024-01-16,DCO.N,65.6,,
2024-01-19,CWENa.N,29.36364,,
2024-02-15,DCO.N,64.8,,804049600
2024-02-15,DCO.N,64.8,,
2024-02-16,DCO.N,,,803379600
2024-02-18,DCO.N,,,799552800
2024-02-18,DCO.N,64.0,,799552800
2024-02-22,CWENa.N,29.27273,,1405020000
2024-02-26,CWENa.N,29.18182,,
2024-02-26,CWENa.N,29.18182,,1422020000
2024-02-29,CWENa.N,,,1434624000
2024-02-29,NX.N,36.25,,
2024-03-01,CWENa.N,29.36364,,1397506670
2024-03-08,NX.N,37.0,,
2024-03-11,WS.N,,2.5,
2024-03-11,NX.N,38.25,,1099281500
2024-03-11,WS.N,,2.5,3260250000
2024-03-12,NX.N,38.5,,1103629250
2024-03-25,WS.N,39,,
2024-03-29,WS.N,,,3311500000
2024-04-02,CWENa.N,,2.0,1397506670
2024-04-02,WS.N,40,,
2024-04-02,CWENa.N,,2.0,
2024-04-02,CWENa.N,29.6,2.0,1397506670
2024-04-02,WS.N,40,,3369000000
2024-04-15,DCO.N,64.6,,
2024-04-18,CWENa.N,29.5,,
2024-04-19,DCO.N,,,799559000
2024-04-23,NX.N,39.25,,1103711750
2024-04-23,NX.N,39.25,,
2024-05-06,DCO.N,62.75,,
2024-05-08,DCO.N,,,799603000
2024-05-09,CWENa.N,29.8,,1395840000
2024-05-09,DCO.N,65.8,,799487400
2024-05-10,CWENa.N,29.9,,1395340000
2024-05-10,DCO.N,67.2,,796560200
2024-05-10,DCO.N,67.2,,
2024-05-13,CWENa.N,30.5,,1396673330
2024-05-14,CWENa.N,30.6,,
2024-05-14,CWENa.N,30.6,,1387135000
2024-05-15,DCO.N,,,794050250
2024-05-16,CWENa.N,,,1422178000
2024-05-17,NX.N,,,1101711500
2024-05-20,NX.N,,,1089711500
2024-06-03,CWENa.N,,,1422178000
2024-06-05,CWENa.N,30.7,,
2024-06-10,NX.N,,,1078036750
2024-06-11,CWENa.N,30.8,,
2024-06-11,NX.N,,,1074266500
2024-06-26,WS.N,,,3091550000
2024-06-27,WS.N,,,3070100000
2024-07-17,DCO.N,,,793110250
2024-07-22,CWENa.N,30.9,,
2024-07-31,CWENa.N,32.0,1.9,1458010500
2024-07-31,CWENa.N,,1.9,
2024-08-01,CWENa.N,32.4,,1442343830
2024-08-02,CWENa.N,,,1410160500
2024-08-02,CWENa.N,32.5,,1410160500
2024-08-05,CWENa.N,32.8,,
2024-08-08,CWENa.N,,,1414192600
2024-08-08,DCO.N,68.6,,790862750
2024-08-09,DCO.N,69.6,,786817000
2024-08-12,CWENa.N,33.2,,1387931330
2024-08-13,DCO.N,,1.8,
2024-08-13,DCO.N,72.8,1.8,
2024-08-13,DCO.N,72.8,1.8,787328500
2024-09-04,NX.N,,,1124266500
2024-09-09,NX.N,38.75,,1224672250
2024-09-09,NX.N,38.75,,
2024-09-10,NX.N,,,1225622250
2024-09-11,NX.N,,,1277283500
2024-09-20,CWENa.N,,1.81818,
2024-09-20,CWENa.N,,1.81818,1380884000
2024-09-20,CWENa.N,33.36364,1.81818,1380884000
2024-09-22,WS.N,,,3080150000
2024-09-26,WS.N,,,3098850000
2024-10-09,DCO.N,,,785577750
2024-10-13,WS.N,,,3091550000
2024-10-18,CWENa.N,33.27273,,
2024-10-18,DCO.N,72.6,,784577750
2024-10-18,NX.N,39.25,,
2024-10-18,DCO.N,72.6,,
2024-10-21,CWENa.N,33.36364,,
2024-10-22,DCO.N,,,783687750
2024-10-30,CWENa.N,33.72727,,1410734710
2024-10-31,CWENa.N,33.90909,,1422101860
2024-10-31,CWENa.N,,,1422101860
2024-11-04,CWENa.N,34.0,,
2024-11-05,CWENa.N,34.1,,
2024-11-07,DCO.N,75.8,,787788750
2024-11-08,DCO.N,84.5,,788221250
2024-11-20,CWENa.N,,,1422530430
2024-11-25,CWENa.N,,1.75,
2024-11-25,CWENa.N,,1.75,1421837880
2024-11-25,CWENa.N,34.0,1.75,1421837880
2024-11-27,NX.N,38.0,,
2024-11-27,CWENa.N,34.09091,,
2024-11-27,NX.N,38.0,,1276983500
2024-12-03,NX.N,,,1903198750
2024-12-03,NX.N,,,1276658500
2024-12-04,CWENa.N,34.27273,,1419813000
2024-12-04,CWENa.N,,,1419813000
2024-12-11,CWENa.N,34.45455,,
2024-12-17,NX.N,,,1870448750
2024-12-19,NX.N,,,1862733330
2024-12-23,NX.N,37.75,,1863291750
2024-12-23,WS.N,41,,3064350000
2024-12-23,NX.N,37.75,,
2024-12-23,WS.N,41,,
2024-12-30,DCO.N,82.0,,786637000
2025-01-14,DCO.N,82.4,,
2025-01-14,DCO.N,82.4,,785581000
2025-01-16,CWENa.N,,1.72727,
2025-01-16,DCO.N,,,784845000
2025-01-21,CWENa.N,34.36364,,
2025-01-21,WS.N,,,3126000000
2025-01-22,CWENa.N,34.5,1.75,1421278220
2025-01-24,CWENa.N,34.81818,1.63636,
2025-01-24,CWENa.N,,1.63636,
2025-01-24,CWENa.N,34.81818,1.63636,1423313000
2025-01-28,CWENa.N,,,1424244250
2025-02-07,NX.N,,,1858666750
2025-02-10,NX.N,,,1854616750
2025-02-11,NX.N,36.5,,1845783500
2025-02-11,NX.N,36.5,,
2025-02-13,NX.N,,,1848783500
2025-02-24,CWENa.N,,,1527644380
2025-02-25,CWENa.N,35.09091,,1517293130
2025-02-25,CWENa.N,,,1517293130
2025-02-26,CWENa.N,35.18182,,
2025-02-27,DCO.N,82.4,,
2025-02-27,DCO.N,82.4,,829400200
2025-02-28,DCO.N,,,828964200
2025-03-02,DCO.N,81.8,,
2025-03-03,CWENa.N,,,1483680000
2025-03-03,DCO.N,,,824486200
2025-03-04,CWENa.N,35.27273,,
2025-03-04,CWENa.N,35.27273,,1518567670
2025-03-06,WS.N,34,,
2025-03-06,CWENa.N,,,1516486570
2025-03-06,DCO.N,,,824214500
2025-03-06,WS.N,34,,3094100000
2025-03-10,DCO.N,82.2,,
2025-03-10,DCO.N,82.2,,823550000
2025-03-11,NX.N,33.0,,
2025-03-12,NX.N,34.66667,,1848894500
2025-03-13,DCO.N,,,824130000
2025-03-13,NX.N,34.33333,,1848516000
2025-03-14,NX.N,32.33333,,1847916000
2025-03-20,WS.N,,,3060850000
2025-03-24,CWENa.N,35.5,1.66667,
2025-03-25,CWENa.N,,,1501013250
2025-04-14,DCO.N,,,822792000
2025-04-14,DCO.N,81.6,,822792000
2025-04-17,CWENa.N,35.36615,1.69231,1499917330
2025-04-17,DCO.N,79.2,,
2025-04-17,CWENa.N,35.36615,1.69231,
2025-04-17,CWENa.N,,1.69231,
2025-04-25,CWENa.N,,,1498887600
2025-04-30,CWENa.N,35.44308,,1494287600
2025-05-01,CWENa.N,35.67385,,
2025-05-01,CWENa.N,35.67385,,1493737600
2025-05-06,DCO.N,80.4,,823964000
2025-05-07,CWENa.N,,,1464174290
2025-05-07,DCO.N,80.6,,824762600
2025-05-09,DCO.N,,,825266600
2025-05-09,DCO.N,81.4,,825266600
2025-05-15,NX.N,34.75,,1847416000
2025-05-21,CWENa.N,,,1469902500
2025-05-28,CWENa.N,35.75077,,
2025-06-09,NX.N,33.75,,1847460500
2025-06-09,NX.N,33.75,,
2025-06-10,NX.N,,,1848757000
2025-06-12,DCO.N,83.6,,
2025-06-19,WS.N,32,,3030000000
2025-06-19,WS.N,32,,
2025-06-20,DCO.N,85.6,,
2025-06-26,WS.N,34,,3087200000
2025-06-29,CWENa.N,35.70308,,
2025-06-29,CWENa.N,35.70308,,1469841110
2025-07-02,DCO.N,90.2,,825546600
2025-07-02,DCO.N,,,825546600
2025-07-03,CWENa.N,,,1475733750
2025-07-09,CWENa.N,35.62615,,
2025-07-11,DCO.N,91.8,,
2025-07-14,DCO.N,93.8,,825907800
2025-07-14,DCO.N,,,825907800
2025-07-16,DCO.N,94.8,,
2025-07-18,DCO.N,99.6,,
2025-07-23,CWENa.N,35.78,,
2025-07-28,CWENa.N,36.24154,,1473712500
2025-07-28,DCO.N,99.25,2.0,826784000
2025-07-28,CWENa.N,36.24154,,
2025-07-28,DCO.N,,2.0,
2025-08-05,CWENa.N,,1.76923,
2025-08-05,CWENa.N,,1.76923,1467212500
2025-08-06,CWENa.N,36.39539,,
2025-08-06,CWENa.N,36.39539,,1455250000
2025-08-07,DCO.N,103.5,,827811500
2025-08-08,DCO.N,106.25,,826632000
2025-08-12,CWENa.N,,,1439068330
2025-08-15,CWENa.N,,,1446915710
2025-08-18,CWENa.N,36.54923,,
2025-08-19,CWENa.N,36.85692,,
2025-08-19,CWENa.N,36.85692,,1444790750
2025-09-08,NX.N,29.75,,1833025250
2025-09-10,NX.N,29.25,,1826250250
2025-09-10,NX.N,29.25,,
2025-09-11,NX.N,,,1819998330
2025-09-12,NX.N,28.0,,
2025-09-12,CWENa.N,,,1446314000
2025-09-12,NX.N,28.0,,1820341750
2025-09-12,NX.N,28.0,,1829572500
2025-09-15,WS.N,36,,
2025-09-15,WS.N,36,,3111500000
2025-09-21,WS.N,,,3243000000
2025-09-23,CWENa.N,37.01167,1.75,
2025-09-25,WS.N,,,3378400000
2025-10-06,CWENa.N,36.845,1.91667,1421869560
2025-10-06,CWENa.N,,,1421869560
2025-10-08,CWENa.N,36.78,1.92308,
2025-10-08,CWENa.N,,1.92308,
2025-10-09,DCO.N,107.5,,827082250
2025-10-09,DCO.N,107.5,,
2025-10-15,CWENa.N,36.93385,,
2025-10-20,CWENa.N,37.08769,,
2025-10-22,CWENa.N,37.31846,,1425905670
2025-10-22,CWENa.N,,,1425905670
2025-10-31,CWENa.N,37.345,,
2025-11-02,CWENa.N,37.595,,
2025-11-03,DCO.N,,,827132250
2025-11-04,CWENa.N,37.67833,,1424794560
2025-11-05,CWENa.N,37.85692,,1427143220
2025-11-05,CWENa.N,37.85692,,
2025-11-06,DCO.N,,,827077250
2025-11-07,DCO.N,108.0,,826288250
2025-11-11,CWENa.N,,,1406473000
2025-11-24,CWENa.N,37.93385,,
2025-12-02,CWENa.N,38.16462,,1408063140
2025-12-08,NX.N,,,1818541750
2025-12-09,CWENa.N,38.24154,,1408716000
2025-12-10,CWENa.N,,,1411489000
2025-12-10,CWENa.N,38.54923,,1411489000
2025-12-11,DCO.N,108.4,1.8,826314400
2025-12-11,DCO.N,,1.8,
2025-12-11,DCO.N,,1.8,826314400
2025-12-15,NX.N,28.0,,
2025-12-15,NX.N,28.0,,1838979500
2025-12-15,WS.N,39,,
2025-12-17,CWENa.N,,1.84615,
2025-12-17,CWENa.N,38.62615,1.84615,
2025-12-18,WS.N,41,,3636350000
2025-12-19,CWENa.N,39.00539,,
2025-12-19,CWENa.N,39.00539,,1412505780
2026-01-06,CWENa.N,,,1410572440
2026-01-09,DCO.N,111.8,,
2026-01-12,DCO.N,,,826387800
2026-01-12,DCO.N,114.8,,826387800
2026-01-16,CWENa.N,39.31308,,1427552890
2026-01-16,DCO.N,117.8,,
2026-01-16,CWENa.N,,,1427552890
2026-01-21,CWENa.N,39.39,,
2026-01-22,WS.N,,,3644050000
2026-01-22,CWENa.N,39.6725,,
2026-01-22,WS.N,47,,3644050000
2026-01-27,DCO.N,121.6,,
2026-02-19,DCO.N,130.0,,826267800
2026-02-23,CWENa.N,40.4225,,1637557560
2026-02-24,CWENa.N,,,1629746000
2026-02-24,CWENa.N,41.25583,,1629746000
2026-02-26,DCO.N,132.4,,888628400
2026-02-27,DCO.N,138.0,,884503600
2026-03-01,CWENa.N,40.69769,1.85714,
2026-03-01,CWENa.N,,1.85714,
2026-03-02,DCO.N,,,876821800
2026-03-02,DCO.N,142.0,,876821800
2026-03-03,NX.N,,,1840829500
2026-03-09,NX.N,28.75,,1860662250
2026-03-10,CWENa.N,40.92846,,
2026-03-12,DCO.N,143.6,,
2026-03-23,CWENa.N,,,1625784890
2026-03-24,CWENa.N,41.31308,,1624473780
2026-03-24,WS.N,46,,
2026-03-26,WS.N,38,,3553800000
2026-03-27,CWENa.N,41.62385,,1631367110
2014-06-26,TNC.N,,2.5,
2014-08-08,MCRI.OQ,,2.2,
2014-10-24,TNC.N,71.25,,815733330
2014-10-24,TNC.N,,,815733330
2014-10-24,TNC.N,,,858800000
2014-11-06,PRA.N,50.75,2.42857,
2014-11-06,PRA.N,,2.42857,
2014-11-25,MCRI.OQ,18.66667,,
2014-12-11,PRA.N,,,828775750
2014-12-23,RES.N,,2.46667,2340037900
2014-12-23,RES.N,15.27273,2.46667,2340037900
2014-12-30,MCRI.OQ,,,186408670
2015-01-12,RES.N,14.86364,,
2015-01-14,PRA.N,50.25,,
2015-01-14,PRA.N,50.25,,844672000
2015-01-20,RES.N,,,2339489000
2015-01-20,RES.N,14.875,2.4375,2339489000
2015-01-21,PRA.N,49.75,,
2015-01-22,RES.N,14.625,2.375,
2015-01-22,RES.N,,2.375,
2015-01-26,MCRI.OQ,,,186508670
2015-01-26,RES.N,14.54167,,
2015-01-28,RES.N,14.54167,,2027828640
2015-01-29,RES.N,13.79167,2.4375,1831268090
2015-01-29,RES.N,13.79167,2.4375,
2015-01-29,RES.N,,2.4375,
2015-01-30,RES.N,,,1831813550
2015-02-03,RES.N,13.875,,
2015-02-05,MCRI.OQ,,2.25,
2015-02-05,MCRI.OQ,,2.25,186508670
2015-02-06,RES.N,,2.4375,
2015-02-09,RES.N,14.04167,,
2015-02-10,RES.N,,,1770049910
2015-02-10,RES.N,13.70833,2.5625,1770049910
2015-02-19,RES.N,14.04167,,
2015-02-19,RES.N,14.04167,2.5,
2015-02-20,TNC.N,,2.33333,
2015-02-20,TNC.N,70.33333,2.33333,
2015-02-24,RES.N,,2.41177,
2015-02-25,MCRI.OQ,,,190485000
2015-02-25,PRA.N,50.0,,802516250
2015-02-25,TNC.N,69.33333,,842266670
2015-02-25,PRA.N,50.0,,
2015-02-25,TNC.N,69.33333,,
2015-02-26,MCRI.OQ,20.0,,
2015-02-26,MCRI.OQ,20.0,,193165330
2015-03-02,PRA.N,,,802233000
2015-03-02,RES.N,,,1745724820
2015-03-03,RES.N,13.96154,2.44444,1756497750
2015-03-03,RES.N,,2.44444,1756497750
2015-03-03,RES.N,,2.44444,
2015-03-06,RES.N,13.88462,,
2015-03-08,RES.N,13.96154,,1733597750
2015-03-08,RES.N,,,1733597750
2015-03-10,RES.N,14.03846,,
2015-03-12,PRA.N,50.66667,,
2015-03-12,RES.N,,,1693131080
2015-03-20,RES.N,13.92308,,1693134000
2015-03-20,RES.N,,,1693134000
2015-03-26,PRA.N,50.0,,
2015-03-30,RES.N,14.0,,
2015-03-31,RES.N,,,1668550670
2015-04-01,MCRI.OQ,,,193155000
2015-04-01,RES.N,13.92308,,1672692330
2015-04-01,RES.N,,,1672692330
2015-04-08,RES.N,14.0,,
2015-04-14,RES.N,14.07692,,1653850670
2015-04-16,RES.N,14.53846,,
2015-04-16,RES.N,14.53846,,1640459000
2015-04-17,RES.N,,,1640434000
2015-04-20,MCRI.OQ,,,193921670
2015-04-20,RES.N,,,1639267330
2015-04-22,MCRI.OQ,,,194188330
2015-04-23,MCRI.OQ,20.33333,,193856670
2015-04-23,PRA.N,,,814038000
2015-04-26,RES.N,14.84615,,1635704000
2015-04-27,TNC.N,,,840766670
2015-04-29,RES.N,15.38462,,1576776000
2015-04-30,RES.N,15.92308,,1424591920
2015-04-30,RES.N,15.92308,,
2015-05-01,RES.N,,,1395600250
2015-05-08,PRA.N,49.75,,
2015-05-08,PRA.N,49.75,,804854200
2015-05-11,PRA.N,,2.71429,
2015-05-11,RES.N,,2.55556,
2015-05-11,PRA.N,,2.71429,805792750
2015-05-11,RES.N,16.0,2.55556,1348109360
2015-05-14,PRA.N,,,790724670
2015-05-17,RES.N,16.0,,1348108580
2015-05-18,PRA.N,,,788486510
2015-05-19,RES.N,16.14286,,1344638690
2015-05-19,RES.N,16.14286,,
2015-06-05,RES.N,,2.52632,1355021640
2015-06-05,RES.N,,2.52632,
2015-06-11,RES.N,,,1352950210
2015-06-17,MCRI.OQ,23.0,2.2,193892500
2015-06-17,MCRI.OQ,,,193892500
2015-06-24,MCRI.OQ,24.0,2.5,
2015-06-24,RES.N,15.92857,,1349000210
2015-06-24,RES.N,15.92857,,
2015-06-29,RES.N,,2.42105,1350107360
2015-06-29,RES.N,,2.42105,
2015-07-06,RES.N,,,1346535930
2015-07-07,RES.N,15.85714,,
2015-07-07,RES.N,15.85714,,1347509640
2015-07-08,PRA.N,50.25,,
2015-07-08,RES.N,,,1345766790
2015-07-12,RES.N,,2.44444,
2015-07-12,RES.N,15.76923,2.44444,1349056540
2015-07-12,RES.N,15.76923,2.44444,
2015-07-20,PRA.N,50.75,,
2015-07-20,RES.N,,,1343687310
2015-07-22,MCRI.OQ,,,194192500
2015-07-24,MCRI.OQ,,,194507000
2015-07-24,TNC.N,70.33333,,832433330
2015-07-27,MCRI.OQ,,,194482000
2015-07-27,RES.N,15.61539,,
2015-07-28,RES.N,15.07692,,
2015-07-29,RES.N,15.23077,,1346264230
2015-07-30,RES.N,14.53846,,
2015-07-30,RES.N,14.53846,,1318901390
2015-08-03,RES.N,,,1319505770
2015-08-07,MCRI.OQ,,,194757000
2015-08-07,PRA.N,,,794093500
2015-08-12,PRA.N,,,800133330
2015-08-12,RES.N,14.46154,,
2015-08-13,RES.N,,,1315398210
2015-08-23,RES.N,14.0,,1311348210
2015-08-23,RES.N,14.0,,
2015-08-27,RES.N,,,1314098080
2015-08-28,RES.N,13.76923,,1311551920
2015-08-28,RES.N,13.76923,,
2015-09-01,RES.N,,2.55556,1308768080
2015-09-01,RES.N,,2.55556,
2015-09-03,RES.N,13.61539,,
2015-09-08,RES.N,13.38462,,1307945000
2015-09-11,RES.N,13.32692,,1307153080
2015-09-11,RES.N,13.32692,,
2015-09-14,RES.N,,,1302426310
2015-09-21,RES.N,12.78846,,1294367290
2015-10-01,RES.N,12.71154,,1290503000
2015-10-01,RES.N,,,1290503000
2015-10-02,RES.N,12.55769,,
2015-10-04,RES.N,12.48077,,
2015-10-06,RES.N,,,1287937290
2015-10-07,RES.N,,2.61111,
2015-10-07,RES.N,,2.61111,1286215860
2015-10-08,PRA.N,51.25,,
2015-10-12,RES.N,,,1282191000
2015-10-13,RES.N,12.40385,,1279882500
2015-10-15,RES.N,12.25,,1267411070
2015-10-16,PRA.N,52.0,,
2015-10-23,MCRI.OQ,,,198393000
2015-10-26,MCRI.OQ,,,198318000
2015-10-28,TNC.N,66.0,,
2015-10-28,RES.N,12.25,,1259135140
2015-10-28,TNC.N,66.0,,825400000
2015-10-29,RES.N,12.44231,,
2015-10-29,MCRI.OQ,,,199390670
2015-10-29,RES.N,12.44231,,1255692640
2015-10-30,RES.N,,,1254243360
2015-11-03,TNC.N,,,820600000
2015-11-04,RES.N,,,1245775580
2015-11-05,PRA.N,52.5,,804436000
2015-11-05,PRA.N,52.5,,
2015-11-06,RES.N,12.67308,,
2015-11-10,PRA.N,,,810314340
2015-11-11,RES.N,12.75,,
2015-12-02,RES.N,12.82692,,
2015-12-03,PRA.N,52.75,,
2015-12-07,PRA.N,,,810314340
2015-12-07,RES.N,,,1246906170
2015-12-08,MCRI.OQ,,,199284000
2015-12-21,RES.N,12.76786,2.63158,1247309390
2015-12-21,TNC.N,65.0,,
2015-12-22,RES.N,13.11667,2.55,
2015-12-22,RES.N,13.11667,2.55,1247723000
2015-12-22,RES.N,,2.55,
2015-12-23,RES.N,,,1247787290
2015-12-31,RES.N,13.18333,,
2016-01-04,RES.N,13.11667,,
2016-01-05,RES.N,,,1250268130
2016-01-05,RES.N,13.23438,2.52381,1250268130
2016-01-06,RES.N,,2.42857,
2016-01-06,RES.N,13.48438,2.42857,
2016-01-07,RES.N,13.42188,,
2016-01-08,RES.N,13.39706,2.45455,1250701630
2016-01-08,RES.N,13.39706,,
2016-01-11,RES.N,,2.45455,1251192880
2016-01-11,RES.N,,,1251192880
2016-01-12,RES.N,13.27941,2.36364,
2016-01-12,RES.N,,2.36364,
2016-01-13,RES.N,13.22059,,1252830380
2016-01-13,RES.N,13.22059,,
2016-01-15,PRA.N,52.25,,
2016-01-15,RES.N,,,1255955380
2016-01-19,TNC.N,,,819600000
2016-01-19,RES.N,13.16177,,
2016-01-19,TNC.N,63.33333,,819600000
2016-01-21,PRA.N,54.0,2.57143,816311340
2016-01-21,RES.N,12.98529,,1255667880
2016-01-21,PRA.N,,2.57143,
2016-01-21,PRA.N,54.0,2.57143,835608330
2016-01-25,MCRI.OQ,,2.2,
2016-01-25,MCRI.OQ,25.66667,2.2,
2016-01-27,RES.N,13.11765,2.31818,
2016-01-27,RES.N,13.11765,2.31818,1026261350
2016-01-28,RES.N,,,977997060
2016-01-29,RES.N,,2.28571,
2016-01-29,RES.N,13.3125,2.28571,978016870
2016-02-01,RES.N,13.375,,978970200
2016-02-01,RES.N,13.375,,
2016-02-03,RES.N,,,959896640
2016-02-04,TNC.N,63.0,,
2016-02-08,RES.N,,,951980930
2016-02-21,TNC.N,,2.0,833900000
2016-02-21,TNC.N,,2.0,819600000
2016-02-24,MCRI.OQ,,,208683250
2016-02-25,MCRI.OQ,26.33333,,
2016-02-25,PRA.N,54.75,,
2016-02-25,MCRI.OQ,26.33333,,210474250
2016-02-25,PRA.N,54.75,,843836660
2016-02-25,TNC.N,60.5,,
2016-02-26,MCRI.OQ,,,210574250
2016-02-26,RES.N,,2.25,
2016-02-26,TNC.N,,3.0,818900000
2016-02-26,TNC.N,,3.0,
2016-02-29,PRA.N,,,843952490
2016-02-29,RES.N,,2.28571,
2016-02-29,TNC.N,58.0,,808850000
2016-03-01,PRA.N,,,849278330
2016-03-02,RES.N,,2.22727,940355130
2016-03-02,RES.N,13.58824,2.22727,940355130
2016-03-03,PRA.N,,,846307510
2016-03-04,MCRI.OQ,27.0,2.25,210574250
2016-03-04,MCRI.OQ,27.0,2.25,
2016-03-04,MCRI.OQ,,2.25,
2016-03-07,RES.N,13.88235,,
2016-03-08,PRA.N,,,842570510
2016-03-11,RES.N,13.94118,2.27273,930156070
2016-03-11,RES.N,,2.27273,
2016-03-14,RES.N,13.83333,,
2016-03-14,RES.N,13.83333,,913486730
2016-03-16,RES.N,,2.31818,898947730
2016-03-16,RES.N,,2.31818,
2016-03-18,RES.N,13.83333,,880840730
2016-03-23,RES.N,13.88889,,
2016-03-23,RES.N,13.88889,,866500730
2016-03-28,RES.N,,,845240730
2016-03-30,RES.N,13.68421,,
2016-03-30,RES.N,13.68421,,836343000
2016-03-31,RES.N,,,825924250
2016-04-05,TNC.N,,3.0,
2016-04-05,TNC.N,58.0,3.0,809900000
2016-04-07,RES.N,13.7,2.34783,
2016-04-07,RES.N,13.7,2.34783,826906940
2016-04-12,RES.N,,,827166120
2016-04-18,RES.N,13.825,2.3913,813872000
2016-04-19,RES.N,13.825,2.43478,801624940
2016-04-19,RES.N,,2.43478,
2016-04-20,MCRI.OQ,,,210999250
2016-04-21,MCRI.OQ,,,210635250
2016-04-25,TNC.N,56.0,,807166670
2016-04-25,TNC.N,56.0,,
2016-04-26,TNC.N,,,807133330
2016-04-27,RES.N,14.35,,784797940
2016-04-28,PRA.N,53.75,,
2016-04-28,RES.N,14.45,,737982880
2016-04-29,RES.N,,2.40909,
2016-04-29,RES.N,14.63158,2.40909,
2016-04-29,RES.N,14.63158,2.40909,721411130
2016-05-02,RES.N,,,706295750
2016-05-03,RES.N,,,701613650
2016-05-04,RES.N,,,693408250
2016-05-05,RES.N,,,691395750
2016-05-09,PRA.N,54.25,,838026760
2016-05-09,PRA.N,54.25,,
2016-05-10,RES.N,,,692067180
2016-05-12,PRA.N,,,834470750
2016-05-16,PRA.N,,,831194330
2016-05-18,RES.N,,,689478940
2016-05-20,RES.N,14.55556,,
2016-05-27,MCRI.OQ,,,211035250
2016-05-31,MCRI.OQ,,,211010250
2016-06-01,RES.N,14.5,,
2016-06-01,RES.N,14.5,,687194410
2016-06-03,MCRI.OQ,,,211234500
2016-06-13,PRA.N,54.75,,
2016-06-27,RES.N,,,683541470
2016-06-29,RES.N,14.55556,,689600290
2016-06-30,MCRI.OQ,,,211423500
2016-07-07,PRA.N,55.0,,
2016-07-07,RES.N,14.72222,,688419470
2016-07-08,TNC.N,,,807630000
2016-07-11,RES.N,14.83333,,682772410
2016-07-12,RES.N,14.94444,,
2016-07-12,RES.N,14.94444,,680778290
2016-07-18,RES.N,,,672938240
2016-07-19,RES.N,,,672164000
2016-07-20,PRA.N,55.66667,,
2016-07-21,MCRI.OQ,28.0,,215330250
2016-07-21,MCRI.OQ,28.0,,
2016-07-26,TNC.N,,,810080000
2016-07-27,RES.N,,,676004290
2016-07-27,TNC.N,57.0,,811280000
2016-07-28,RES.N,15.0,,673910180
2016-07-28,RES.N,15.0,,
2016-07-29,TNC.N,58.0,,
2016-07-29,MCRI.OQ,,,214705250
2016-07-29,RES.N,,,670780770
2016-07-29,TNC.N,58.0,,812670250
2016-08-04,PRA.N,57.66667,,823113330
2016-08-04,PRA.N,57.66667,,
2016-08-06,RES.N,,,670460810
2016-08-09,PRA.N,,,821869000
2016-08-09,RES.N,,,668949750
2016-08-15,RES.N,,,669394690
2016-08-16,RES.N,15.10526,2.34783,667506390
2016-08-18,RES.N,,2.31818,
2016-08-18,RES.N,15.22222,2.31818,667947940
2016-08-19,RES.N,15.33333,,667423060
2016-08-19,RES.N,15.33333,,
2016-09-02,PRA.N,57.25,,
2016-09-06,MCRI.OQ,,,214580250
2016-09-06,RES.N,,,666450830
2016-09-12,RES.N,15.38889,,
2016-09-26,RES.N,,,667000830
2016-09-29,MCRI.OQ,27.66667,,
2016-09-29,RES.N,15.69444,,668998280
2016-10-04,RES.N,15.86111,2.27273,
2016-10-04,RES.N,,2.27273,
2016-10-04,RES.N,15.86111,2.27273,670814940
2016-10-07,RES.N,,,672764940
2016-10-11,RES.N,16.02778,,
2016-10-12,PRA.N,,2.57143,
2016-10-14,MCRI.OQ,,2.4,215264200
2016-10-14,MCRI.OQ,,2.4,
2016-10-17,RES.N,16.25,,674365670
2016-10-19,MCRI.OQ,,,215257600
2016-10-24,RES.N,16.41667,,677243440
2016-10-25,MCRI.OQ,,,215857600
2016-10-25,PRA.N,,,820063000
2016-10-25,TNC.N,,,812695250
2016-10-26,MCRI.OQ,,,215792200
2016-10-26,RES.N,17.27778,,690726050
2016-10-26,TNC.N,,,810688750
2016-10-27,RES.N,17.44444,,696053530
2016-10-28,RES.N,17.91667,,701318260
2016-10-31,RES.N,18.02778,,704134050
2016-11-01,TNC.N,,,810151670
2016-11-02,RES.N,,,709662220
2016-11-02,RES.N,18.13889,,709662220
2016-11-03,TNC.N,,,839747750
2016-11-03,PRA.N,,,815380660
2016-11-03,RES.N,18.08333,,
2016-11-03,TNC.N,,,810413750
2016-11-04,PRA.N,,,820428660
2016-11-10,PRA.N,,,818642330
2016-11-11,RES.N,18.14706,2.2381,708960710
2016-11-15,RES.N,18.08333,2.27273,709662220
2016-11-28,PRA.N,,,833714670
2016-11-28,PRA.N,,,818642330
2016-11-28,RES.N,18.28947,2.21739,709501050
2016-12-01,RES.N,,,710569470
2016-12-01,RES.N,18.60526,2.17391,710569470
2016-12-06,RES.N,18.52778,2.26087,
2016-12-07,RES.N,,2.30435,
2016-12-07,RES.N,,2.30435,711058950
2016-12-07,RES.N,18.86111,2.30435,711058950
2016-12-08,MCRI.OQ,28.33333,,215898000
2016-12-09,MCRI.OQ,29.0,,
2016-12-09,MCRI.OQ,29.0,,215896200
2016-12-16,RES.N,18.97222,,
2016-12-19,PRA.N,60.75,,
2016-12-20,RES.N,19.19444,,
2016-12-21,RES.N,19.25,,
2016-12-30,PRA.N,,2.5,
2017-01-03,RES.N,19.47222,,711961320
2017-01-04,RES.N,,,712779950
2017-01-04,PRA.N,60.25,,
2017-01-04,RES.N,19.58333,,712779950
2017-01-09,RES.N,20.02778,,
2017-01-12,RES.N,,,713095740
2017-01-13,RES.N,20.15278,,713955370
2017-01-17,RES.N,20.48611,2.26087,714681320
2017-01-18,RES.N,20.77632,,
2017-01-18,RES.N,20.77632,2.25,714202250
2017-01-19,RES.N,,2.29167,
2017-01-19,RES.N,,2.29167,716760400
2017-01-23,PRA.N,61.0,,
2017-01-23,RES.N,,,716914670
2017-01-25,RES.N,22.48684,2.20833,1256920050
2017-01-26,RES.N,,2.125,
2017-01-26,RES.N,23.2625,2.125,1306316760
2017-01-26,RES.N,,2.125,1306316760
2017-01-27,RES.N,23.3125,,
2017-01-30,RES.N,23.9125,,1304775090
2017-01-31,RES.N,24.0125,,1308805320
2017-01-31,RES.N,24.0125,,
2017-02-01,RES.N,,,1319891290
2017-02-06,RES.N,,2.125,
2017-02-07,MCRI.OQ,,,215949800
2017-02-13,RES.N,24.1625,,1323453330
2017-02-22,RES.N,24.10714,2.16,1311066090
2017-02-22,RES.N,24.10714,,1311066090
2017-02-22,RES.N,24.10714,,
2017-02-23,MCRI.OQ,,,223526600
2017-02-23,PRA.N,63.0,,835720670
2017-02-23,PRA.N,63.0,,
2017-02-24,MCRI.OQ,,,224642000
2017-02-24,TNC.N,59.5,,826015670
2017-02-27,PRA.N,,,849961330
2017-03-01,TNC.N,62.5,,820415670
2017-03-01,TNC.N,,,820415670
2017-03-02,RES.N,,2.16,
2017-03-03,PRA.N,63.25,,
2017-03-07,RES.N,,,1309440000
2017-03-09,RES.N,23.96429,,
2017-03-14,RES.N,,,1330266090
2017-03-17,RES.N,,,1344483480
2017-03-22,TNC.N,64.0,,
2017-03-28,MCRI.OQ,29.66667,,
2017-03-31,MCRI.OQ,,2.5,
2017-03-31,MCRI.OQ,30.0,2.5,224735000
2017-04-06,MCRI.OQ,30.5,,224368670
2017-04-06,RES.N,,,1347353040
2017-04-09,RES.N,,,1354159830
2017-04-10,RES.N,23.91667,,
2017-04-11,PRA.N,,2.57143,849246000
2017-04-11,RES.N,,,1357012000
2017-04-11,PRA.N,,2.57143,
2017-04-12,RES.N,23.92046,2.15385,1359761500
2017-04-13,MCRI.OQ,,2.42857,
2017-04-13,MCRI.OQ,31.4,2.42857,224773140
2017-04-13,MCRI.OQ,31.4,2.42857,
2017-04-17,RES.N,,2.23077,
2017-04-17,RES.N,23.69318,2.23077,1374800210
2017-04-19,RES.N,23.64773,,
2017-04-19,RES.N,23.64773,,1376668540
2017-04-20,RES.N,,2.26923,1384626880
2017-04-20,RES.N,,2.26923,
2017-04-21,MCRI.OQ,,,224544570
2017-04-21,RES.N,,,1385443540
2017-04-25,MCRI.OQ,31.8,,224887430
2017-04-25,TNC.N,,,898082000
2017-04-26,MCRI.OQ,32.0,,
2017-04-26,RES.N,,2.23077,
2017-04-26,MCRI.OQ,32.0,,225817140
2017-04-26,RES.N,23.80682,2.23077,1539993960
2017-04-26,TNC.N,,,979882000
2017-04-27,RES.N,23.85227,,
2017-04-27,MCRI.OQ,,,225960000
2017-04-27,RES.N,23.85227,,1584106460
2017-04-28,RES.N,,,1598302290
2017-05-01,RES.N,23.94318,,1649376210
2017-05-01,RES.N,,,1649376210
2017-05-03,MCRI.OQ,,,227102860
2017-05-05,PRA.N,64.0,,
2017-05-05,PRA.N,64.0,,858328250
2017-05-08,MCRI.OQ,32.4,,227602860
2017-05-08,PRA.N,,,860239250
2017-05-08,MCRI.OQ,,,227602860
2017-05-09,RES.N,23.89773,,
2017-05-15,RES.N,,,1658990670
2017-05-17,RES.N,,,1673782330
2017-05-24,RES.N,23.98864,,1682699000
2017-05-26,RES.N,23.89773,,1700657330
2017-05-26,RES.N,,,1700657330
2017-05-31,MCRI.OQ,32.25,,
2017-05-31,RES.N,23.8587,,
2017-06-06,RES.N,23.81522,,
2017-06-12,MCRI.OQ,32.91667,,
2017-06-12,PRA.N,64.66667,2.66667,860239250
2017-06-16,RES.N,23.94318,2.2,1710664170
2017-06-19,MCRI.OQ,33.08333,,227731430
2017-06-21,RES.N,,2.24,
2017-06-21,RES.N,23.67046,2.24,1710619960
2017-06-22,RES.N,23.625,,1712433650
2017-06-22,RES.N,,,1712433650
2017-06-27,RES.N,23.35227,,
2017-07-04,RES.N,,,1713404220
2017-07-06,MCRI.OQ,,2.33333,
2017-07-06,MCRI.OQ,33.4,2.33333,227853330
2017-07-06,RES.N,23.30682,,
2017-07-07,RES.N,23.28409,,1718965090
2017-07-10,RES.N,23.36364,,
2017-07-10,RES.N,23.36364,,1723664480
2017-07-11,MCRI.OQ,33.6,,227694670
2017-07-13,RES.N,,,1724664480
2017-07-14,RES.N,,,1728921000
2017-07-16,PRA.N,63.75,2.71429,860952200
2017-07-16,PRA.N,63.75,2.71429,
2017-07-20,RES.N,,,1725747300
2017-07-26,MCRI.OQ,35.0,,228507000
2017-07-26,RES.N,23.44318,,1685698170
2017-07-27,MCRI.OQ,35.6,,229307000
2017-07-27,RES.N,23.98864,,1683131650
2017-07-27,RES.N,23.98864,,
2017-07-28,RES.N,,,1681901220
2017-07-31,RES.N,24.17046,,
2017-08-01,PRA.N,,,860923400
2017-08-02,TNC.N,62.5,,
2017-08-02,RES.N,,,1694436400
2017-08-02,TNC.N,62.5,,981432000
2017-08-03,TNC.N,,,981707750
2017-08-08,PRA.N,,,860590400
2017-08-10,PRA.N,,,860308800
2017-08-14,PRA.N,,,864186750
2017-08-14,RES.N,,,1691760360
2017-08-15,PRA.N,,,862417410
2017-08-16,RES.N,,2.28,
2017-08-28,MCRI.OQ,35.0,2.4,228968400
2017-08-28,MCRI.OQ,,2.4,
2017-09-05,RES.N,,2.30769,
2017-09-05,RES.N,23.94565,2.30769,1691075130
2017-09-11,PRA.N,61.8,2.75,866030010
2017-09-11,PRA.N,,2.75,866030010
2017-09-11,PRA.N,,2.75,
2017-09-12,RES.N,23.85227,,1693755820
2017-09-12,RES.N,23.85227,,
2017-09-13,RES.N,,,1703074000
2017-09-26,RES.N,,,1702164910
2017-10-02,PRA.N,60.6,,
2017-10-02,RES.N,23.94318,,
2017-10-04,RES.N,24.03409,,
2017-10-05,RES.N,23.97727,2.38462,1700824000
2017-10-05,RES.N,23.97727,2.38462,
2017-10-06,MCRI.OQ,37.75,,
2017-10-06,MCRI.OQ,37.75,,229028400
2017-10-06,RES.N,,,1702096730
2017-10-09,MCRI.OQ,,,229428400
2017-10-09,RES.N,24.02174,2.40741,1700292520
2017-10-11,RES.N,23.97727,2.42308,1701637360
2017-10-11,RES.N,23.97727,,
2017-10-12,PRA.N,,,867613340
2017-10-13,RES.N,,2.46154,
2017-10-13,RES.N,,2.46154,1701739320
2017-10-15,PRA.N,60.4,,
2017-10-16,RES.N,24.06818,,1702784770
2017-10-17,RES.N,24.11364,,
2017-10-17,RES.N,24.11364,,1704185440
2017-10-18,RES.N,,,1704750650
2017-10-20,TNC.N,63.0,3.0,
2017-10-20,TNC.N,63.0,3.0,979710330
2017-10-20,TNC.N,,3.0,
2017-10-25,MCRI.OQ,46.25,2.2,233906000
2017-10-25,RES.N,24.11364,,1700703870
2017-10-25,MCRI.OQ,,2.2,233906000
2017-10-26,RES.N,24.39773,2.5,1698101440
2017-10-26,RES.N,,2.5,
2017-10-30,RES.N,24.46591,,1698198090
2017-10-31,RES.N,24.51136,,1697844570
2017-10-31,RES.N,24.51136,,
2017-11-01,RES.N,,,1697101320
2017-11-03,TNC.N,,,985933330
2017-11-03,TNC.N,,,1063050000
2017-11-07,PRA.N,61.6,,
2017-11-07,PRA.N,61.6,,867492510
2017-11-08,RES.N,24.82955,,1694401320
2017-11-10,RES.N,24.96591,,
2017-11-10,RES.N,24.96591,,1694331250
2017-11-13,MCRI.OQ,47.25,,
2017-11-13,PRA.N,,,867376000
2017-11-14,RES.N,,2.53846,
2017-11-27,PRA.N,62.8,,870097340
2017-11-27,PRA.N,,,902213170
2017-11-27,PRA.N,,,870097340
2017-12-04,RES.N,,,1694553570
2017-12-07,RES.N,,2.57692,
2017-12-08,MCRI.OQ,48.0,,
2017-12-15,MCRI.OQ,49.25,,
2017-12-15,RES.N,24.98864,,
2017-12-21,PRA.N,63.0,,
2017-12-22,RES.N,25.125,2.61539,1693696430
2017-12-22,RES.N,,2.61539,
2018-01-04,RES.N,25.39773,,1693544050
2018-01-04,RES.N,,,1693544050
2018-01-05,RES.N,25.44318,,
2018-01-09,RES.N,,2.62963,
2018-01-09,RES.N,25.55435,2.62963,1693024180
2018-01-10,PRA.N,62.2,,
2018-01-11,RES.N,25.78261,,1689799480
2018-01-11,RES.N,,,1689799480
2018-01-16,RES.N,,2.7037,
2018-01-16,RES.N,25.69565,2.7037,
2018-01-18,MCRI.OQ,47.2,2.66667,233421670
2018-01-18,RES.N,25.69565,,1689489830
2018-01-18,MCRI.OQ,47.2,2.66667,
2018-01-18,MCRI.OQ,,2.66667,
2018-01-22,RES.N,25.73913,,1689717700
2018-01-24,RES.N,25.1087,,2255808750
2018-01-25,RES.N,24.41304,,2226875080
2018-01-26,RES.N,24.28261,,2223525710
2018-01-29,RES.N,23.8913,,2217742380
2018-01-29,RES.N,23.8913,,
2018-01-31,MCRI.OQ,,,233400670
2018-01-31,RES.N,,,2187568240
2018-01-31,MCRI.OQ,,,245796170
2018-02-01,RES.N,23.97826,,2190959290
2018-02-08,RES.N,23.8913,,2176663100
2018-02-21,MCRI.OQ,47.4,,
2018-02-21,MCRI.OQ,47.4,,242791830
2018-02-21,RES.N,23.80435,,2176037360
2018-02-22,RES.N,23.76087,,
2018-02-22,MCRI.OQ,,,242291830
2018-02-22,PRA.N,56.6,,889401670
2018-02-22,RES.N,23.76087,,2177764640
2018-02-23,TNC.N,60.0,,1087900000
2018-02-26,PRA.N,55.4,,
2018-02-26,TNC.N,67.5,2.0,
2018-02-26,PRA.N,55.4,,890022670
2018-02-26,RES.N,,,2182079220
2018-02-26,TNC.N,67.5,2.0,1090266670
2018-02-26,TNC.N,,2.0,
2018-02-28,PRA.N,,,891091000
2018-03-01,PRA.N,,,888011670
2018-04-02,MCRI.OQ,,,241191830
2018-04-02,RES.N,23.63044,,
2018-04-03,MCRI.OQ,47.2,,
2018-04-04,PRA.N,54.6,2.875,
2018-04-04,RES.N,23.36957,,2180866170
2018-04-04,PRA.N,,2.875,
2018-04-04,RES.N,23.36957,,
2018-04-05,RES.N,,,2179735740
2018-04-06,PRA.N,54.2,,
2018-04-09,RES.N,22.88636,2.73077,2179735740
2018-04-09,RES.N,,2.73077,
2018-04-10,PRA.N,53.6,,
2018-04-10,RES.N,22.70455,,2176344440
2018-04-11,PRA.N,,,890111670
2018-04-11,RES.N,22.29546,,2172871350
2018-04-11,RES.N,22.29546,,
2018-04-12,RES.N,,,2165827870
2018-04-13,PRA.N,52.6,,
2018-04-13,RES.N,22.06818,,
2018-04-16,RES.N,22.02273,,2164932220
2018-04-16,RES.N,,,2164932220
2018-04-17,RES.N,21.89583,,
2018-04-18,PRA.N,,,890106670
2018-04-18,RES.N,,,2160410480
2018-04-19,RES.N,,,2145274830
2018-04-23,TNC.N,,,1094233330
2018-04-24,TNC.N,72.0,,1112133330
2018-04-25,RES.N,21.125,,2094821130
2018-04-26,RES.N,,2.88462,
2018-04-26,RES.N,20.125,2.88462,2044882000
2018-04-27,MCRI.OQ,46.5,,
2018-04-27,MCRI.OQ,46.5,3.0,241655000
2018-04-27,RES.N,19.95833,,2046035830
2018-04-30,MCRI.OQ,,3.0,
2018-04-30,RES.N,19.75,,
2018-04-30,MCRI.OQ,,3.0,241318750
2018-04-30,RES.N,19.75,,2032671910
2018-05-02,RES.N,,,1991738630
2018-05-03,MCRI.OQ,,,240425000
2018-05-04,PRA.N,50.4,,882345830
2018-05-04,PRA.N,50.4,,
2018-05-08,PRA.N,,,881133330
2018-05-09,RES.N,19.66667,,1988054420
2018-05-10,PRA.N,,,880129800
2018-05-14,PRA.N,49.4,,878477500
2018-05-14,PRA.N,49.4,,
2018-05-15,PRA.N,,,872897400
2018-05-17,RES.N,19.58333,,1987958650
2018-05-18,RES.N,19.6087,2.88,1987303840
2018-05-18,RES.N,19.6087,2.88,
2018-05-18,RES.N,,2.88,
2018-05-24,RES.N,,,1987316630
2018-06-01,MCRI.OQ,46.75,,
2018-06-10,RES.N,19.47826,,
2018-06-12,PRA.N,46.4,,874139830
2018-06-15,MCRI.OQ,47.25,,241018750
2018-06-15,RES.N,19.41304,,1986972580
2018-06-15,MCRI.OQ,,,241018750
2018-06-15,RES.N,,,1986972580
2018-06-18,RES.N,19.23913,,
2018-06-25,PRA.N,,,883692500
2018-06-25,PRA.N,44.8,,883692500
2018-06-28,RES.N,19.19565,,
2018-06-29,RES.N,19.06522,,1985551530
2018-06-29,RES.N,,,1985551530
2018-07-06,MCRI.OQ,47.5,,
2018-07-09,RES.N,18.93478,,
2018-07-10,RES.N,,,1979751530
2018-07-11,PRA.N,45.0,,
2018-07-11,RES.N,,,1972909420
2018-07-12,RES.N,18.54348,,1963763470
2018-07-13,RES.N,18.5,,1966710840
2018-07-16,PRA.N,44.0,,
2018-07-19,RES.N,18.32609,,1968289790
2018-07-24,RES.N,18.23913,,1959652740
2018-07-25,MCRI.OQ,50.25,2.5,
2018-07-25,MCRI.OQ,50.25,2.5,240291750
2018-07-25,RES.N,17.6087,,1915870500
2018-07-25,MCRI.OQ,,2.5,
2018-07-26,RES.N,16.71739,,1838411650
2018-07-26,TNC.N,73.0,,1117466670
2018-07-26,RES.N,16.71739,,
2018-07-27,TNC.N,,3.0,
2018-07-27,TNC.N,66.0,3.0,1117450000
2018-07-27,TNC.N,66.0,3.0,
2018-07-30,RES.N,,,1836616100
2018-07-31,RES.N,15.93182,,1829262450
2018-07-31,RES.N,15.93182,,
2018-08-01,RES.N,,,1813847170
2018-08-07,PRA.N,43.0,,891971670
2018-08-08,PRA.N,44.8,,
2018-08-08,PRA.N,44.8,,929675670
2018-08-09,RES.N,15.79546,2.92,1815539420
2018-08-09,RES.N,15.79546,2.92,
2018-08-13,MCRI.OQ,,,240337500
2018-08-14,PRA.N,,,940691170
2018-08-17,RES.N,,,1814919950
2018-08-27,RES.N,,,1819323950
2018-08-29,RES.N,15.38636,2.96,1819356140
2018-08-29,RES.N,,2.96,
2018-09-04,PRA.N,45.8,,
2018-09-07,RES.N,15.34091,,1818308520
2018-09-10,RES.N,15.32609,2.96154,1816885410
2018-09-10,RES.N,,2.96154,
2018-09-13,RES.N,15.28261,,1814349050
2018-09-14,RES.N,15.23913,,1811349050
2018-09-14,RES.N,,,1811349050
2018-09-18,RES.N,15.19565,,
2018-09-21,PRA.N,46.2,,
2018-09-21,RES.N,,,1808939960
2018-09-27,RES.N,,2.96,
2018-09-27,RES.N,,2.96,1803491950
2018-09-27,RES.N,15.04546,2.96,1803491950
2018-10-01,RES.N,15.22727,,
2018-10-03,RES.N,,,1802149100
2018-10-03,RES.N,15.31818,,1802149100
2018-10-09,RES.N,15.36364,,
2018-10-10,RES.N,15.27273,3.04,1801005960
2018-10-10,RES.N,,3.04,
2018-10-11,RES.N,15.31818,,1799893360
2018-10-11,RES.N,,,1799893360
2018-10-15,RES.N,15.22727,,
2018-10-17,RES.N,,3.03846,
2018-10-17,RES.N,15.30435,3.03846,1798538870
2018-10-18,RES.N,15.3913,,1797040910
2018-10-24,RES.N,14.96739,,1769541350
2018-10-24,TNC.N,,,1120500000
2018-10-25,MCRI.OQ,50.0,,238472750
2018-10-25,RES.N,14.70652,,1753618390
2018-10-25,TNC.N,,,1123550000
2018-10-25,MCRI.OQ,50.0,,
2018-10-26,RES.N,14.57609,,
2018-10-26,RES.N,14.57609,,1751357520
2018-10-29,RES.N,,,1747068260
2018-10-30,RES.N,,,1746494350
2018-10-31,MCRI.OQ,,,237463670
2018-11-05,RES.N,,,1744929130
2018-11-06,RES.N,14.53261,,
2018-11-07,PRA.N,46.8,,945937830
2018-11-07,PRA.N,46.8,,
2018-11-12,PRA.N,,,952160830
2018-11-29,MCRI.OQ,49.0,,
2018-11-29,MCRI.OQ,49.0,,237622750
2018-11-29,PRA.N,,,949453840
2018-12-03,RES.N,14.44565,,1744670870
2018-12-03,RES.N,14.44565,,
2018-12-05,RES.N,,,1743496960
2018-12-10,RES.N,14.3587,,
2018-12-11,TNC.N,60.0,,
2018-12-12,RES.N,14.31522,,1743583910
2018-12-13,RES.N,,3.15385,
2018-12-13,PRA.N,45.8,,
2018-12-13,RES.N,13.82955,3.15385,1742653000
2018-12-13,RES.N,,3.15385,1742653000
2018-12-14,PRA.N,45.2,,952160840
2018-12-14,RES.N,13.73864,,
2018-12-14,PRA.N,,,952160840
2018-12-19,RES.N,13.46591,,1742698390
2018-12-21,PRA.N,44.4,,
2018-12-26,RES.N,13.30682,,1741782570
2018-12-26,RES.N,,,1741782570
2018-12-31,RES.N,,3.16,
2018-12-31,RES.N,12.9881,3.16,
2019-01-02,PRA.N,,,949453840
2019-01-03,RES.N,12.94048,,
2019-01-04,RES.N,12.70238,3.2,1741761700
2019-01-07,RES.N,12.60714,3.28,1741587780
2019-01-09,RES.N,12.36905,3.36,1741230130
2019-01-09,RES.N,,3.36,1741230130
2019-01-10,RES.N,12.13095,,
2019-01-11,RES.N,,,1740708770
2019-01-11,RES.N,11.7875,3.375,1740708770
2019-01-15,RES.N,11.5375,3.41667,
2019-01-15,RES.N,,3.41667,
2019-01-16,RES.N,11.4375,,
2019-01-17,RES.N,,,1740572410
2019-01-17,RES.N,11.1875,,1740572410
2019-01-18,PRA.N,44.0,,950176340
2019-01-18,RES.N,11.0875,,
2019-01-23,RES.N,10.97368,,1587173500
2019-01-24,RES.N,10.71053,,1578580000
2019-01-25,RES.N,10.44737,,1565644590
2019-01-28,RES.N,10.39474,,1543618000
2019-01-28,RES.N,,,1543618000
2019-01-29,RES.N,10.625,3.375,
2019-01-29,RES.N,,3.375,
2019-01-30,RES.N,,,1509444800
2019-02-01,RES.N,10.575,,
2019-02-01,RES.N,10.575,,1510673600
2019-02-04,PRA.N,43.4,,948496500
2019-02-05,PRA.N,44.2,,953379000
2019-02-05,PRA.N,44.2,,
2019-02-06,PRA.N,,,954351330
2019-02-11,RES.N,,3.3913,1510673600
2019-02-20,MCRI.OQ,,,277594750
2019-02-20,PRA.N,,,955781500
2019-02-20,PRA.N,,,1004081670
2019-02-21,MCRI.OQ,48.5,,274459250
2019-02-21,TNC.N,,,1164850000
2019-02-21,MCRI.OQ,48.5,,
2019-02-22,PRA.N,,,997266340
2019-02-22,TNC.N,,,1160850000
2019-02-24,PRA.N,43.8,,1000306340
2019-02-24,PRA.N,43.8,,
2019-02-26,PRA.N,,,995856340
2019-02-28,PRA.N,,,1002371680
2019-03-05,RES.N,10.5,3.375,
2019-03-05,RES.N,10.5,3.375,1513498670
2019-03-06,MCRI.OQ,,,273509250
2019-03-07,RES.N,,,1520657820
2019-03-10,RES.N,10.47727,3.4,
2019-03-10,RES.N,,3.4,
2019-03-10,RES.N,10.47727,3.4,1518437910
2019-03-12,PRA.N,,,991349670
2019-03-13,PRA.N,,,991474010
2019-03-13,RES.N,,,1518406090
2019-03-15,RES.N,10.43182,,1519993040
2019-03-28,PRA.N,42.6,,
2019-03-28,RES.N,10.44318,,1520428480
2019-03-29,RES.N,,3.4,1517993700
2019-03-29,RES.N,,3.4,
2019-03-29,RES.N,10.39773,3.4,1517993700
2019-04-02,RES.N,10.46591,,
2019-04-03,RES.N,,,1517341520
2019-04-04,RES.N,10.64773,3.32,1518056480
2019-04-04,RES.N,,3.32,
2019-04-05,RES.N,10.69318,,
2019-04-05,RES.N,10.69318,,1516740040
2019-04-08,RES.N,,,1518900040
2019-04-09,PRA.N,41.6,,
2019-04-10,PRA.N,40.6,,
2019-04-12,MCRI.OQ,,,273451500
2019-04-15,RES.N,,3.33333,
2019-04-15,RES.N,10.77381,3.33333,1518410050
2019-04-16,RES.N,10.86905,,1519638680
2019-04-16,RES.N,,,1519638680
2019-04-17,RES.N,,3.32,
2019-04-17,RES.N,10.78409,3.32,
2019-04-18,RES.N,,,1519578460
2019-04-24,RES.N,10.44318,,1502112740
2019-04-25,MCRI.OQ,48.25,,
2019-04-25,MCRI.OQ,48.25,,263511750
2019-04-25,RES.N,10.21591,,1499403350
2019-04-26,RES.N,,3.33333,
2019-04-26,PRA.N,39.0,,
2019-04-26,RES.N,,3.33333,1494220320
2019-04-26,PRA.N,39.0,,1013689660
2019-04-26,RES.N,10.17857,3.33333,1494220320
2019-04-29,RES.N,10.22619,,
2019-04-30,TNC.N,,,1152700000
2019-05-01,MCRI.OQ,,,260282330
2019-05-01,PRA.N,,,1026522330
2019-05-01,RES.N,,,1485802240
2019-05-01,TNC.N,,,1145450000
2019-05-02,PRA.N,,,1037341750
2019-05-12,RES.N,,,1484849860
2019-05-16,PRA.N,,,1031933400
2019-05-19,PRA.N,,3.0,1035759200
2019-05-19,PRA.N,,3.0,
2019-05-29,RES.N,,,1488947590
2019-06-03,RES.N,10.13095,,1485424320
2019-06-03,RES.N,,,1485424320
2019-06-05,MCRI.OQ,47.75,2.75,258936750
2019-06-05,RES.N,10.03571,,
2019-06-05,MCRI.OQ,,2.75,
2019-06-07,PRA.N,39.0,,
2019-06-11,RES.N,9.97619,,1482128140
2019-06-12,MCRI.OQ,47.25,,257482000
2019-06-12,MCRI.OQ,47.25,,
2019-06-20,RES.N,9.84091,3.36,1483822570
2019-06-20,RES.N,,3.36,
2019-06-21,PRA.N,,,1036316330
2019-06-24,RES.N,9.67727,,1480816700
2019-06-25,RES.N,9.54091,,1478740610
2019-06-25,RES.N,,,1478740610
2019-06-27,RES.N,9.40455,,
2019-06-28,MCRI.OQ,,,255768500
2019-06-28,RES.N,9.26818,,1478036260
2019-07-01,RES.N,,,1472818870
2019-07-01,RES.N,9.24546,,1472818870
2019-07-08,RES.N,9.2,,
2019-07-09,RES.N,8.97273,,1469315830
2019-07-10,RES.N,8.76818,,1463194090
2019-07-11,RES.N,8.73182,,1461897220
2019-07-12,RES.N,,,1458831870
2019-07-12,RES.N,8.45909,,1458831870
2019-07-15,RES.N,8.36818,,
2019-07-16,RES.N,,,1447735090
2019-07-16,RES.N,8.18636,,1447735090
2019-07-17,RES.N,8.14091,,
2019-07-18,MCRI.OQ,47.25,,
2019-07-18,RES.N,8.00455,,1446753350
2019-07-23,RES.N,7.86818,,1443927260
2019-07-24,RES.N,,3.4,
2019-07-24,RES.N,6.75682,3.4,1401492170
2019-07-25,MCRI.OQ,47.75,,256621250
2019-07-25,RES.N,6.21591,,1384014520
2019-07-29,RES.N,6.125,,1377862260
2019-08-05,TNC.N,65.0,,1147650000
2019-08-05,TNC.N,65.0,,
2019-08-08,PRA.N,,,1015341000
2019-08-09,TNC.N,,,1147550000
2019-08-14,PRA.N,,,997808750
2019-08-15,PRA.N,,,1003731400
2019-08-21,RES.N,6.07955,,1377775300
2019-08-28,MCRI.OQ,,,256449250
2019-08-28,MCRI.OQ,47.5,,256449250
2019-08-28,RES.N,6.04546,,1377670520
2019-08-29,PRA.N,39.2,,
2019-09-03,RES.N,,3.38462,
2019-09-03,RES.N,6.13044,3.38462,1377609250
2019-09-05,RES.N,6.06522,,1373859250
2019-09-08,RES.N,6.04348,,1372253580
2019-09-09,MCRI.OQ,48.0,,
2019-09-10,RES.N,,3.44,
2019-09-10,RES.N,5.95455,3.44,1370916780
2019-09-12,PRA.N,,,995395670
2019-09-12,RES.N,5.86364,,1370229870
2019-09-12,RES.N,,,1370229870
2019-09-20,RES.N,5.84091,,
2019-09-25,RES.N,5.78409,,
2019-09-27,MCRI.OQ,,,257164000
2019-09-30,RES.N,5.76136,,1369925520
2019-10-07,PRA.N,39.4,,
2019-10-07,RES.N,5.67046,,1369273350
2019-10-08,RES.N,,,1361293220
2019-10-08,RES.N,5.51364,,1361293220
2019-10-09,RES.N,5.46818,,
2019-10-11,RES.N,5.37727,,1358771480
2019-10-14,RES.N,5.34318,,1356825170
2019-10-15,RES.N,,,1359781700
2019-10-15,RES.N,5.30909,,1359781700
2019-10-16,RES.N,5.26364,,
2019-10-17,RES.N,,,1358286480
2019-10-17,RES.N,5.21818,,1358286480
2019-10-20,RES.N,5.22273,3.36,
2019-10-20,RES.N,,3.36,
2019-10-23,RES.N,4.81364,,1288399610
2019-10-24,RES.N,4.76136,,1269104520
2019-10-25,RES.N,4.71591,,1265263220
2019-10-28,RES.N,4.68182,,1259148440
2019-10-28,RES.N,4.68182,,
2019-10-30,RES.N,,,1237668530
2019-10-30,TNC.N,,,1143050000
2019-10-31,MCRI.OQ,47.25,,251403750
2019-10-31,TNC.N,70.0,,1137800000
2019-11-01,MCRI.OQ,,,248965750
2019-11-01,MCRI.OQ,46.75,,248965750
2019-11-05,PRA.N,39.8,,
2019-11-06,PRA.N,40.0,,987943000
2019-11-06,RES.N,4.61905,3.375,1237668530
2019-11-06,PRA.N,40.0,,
2019-11-08,RES.N,4.6,3.30435,1237668530
2019-11-08,RES.N,,3.30435,
2019-11-12,PRA.N,,,986629750
2019-11-15,RES.N,4.575,,1233510630
2019-11-15,RES.N,,,1233510630
2019-11-19,RES.N,4.485,3.3913,
2019-12-02,RES.N,4.385,3.43478,1230822200
2019-12-02,TNC.N,82.0,2.0,1137666670
2019-12-02,RES.N,,3.43478,
2019-12-03,MCRI.OQ,47.25,,
2019-12-04,RES.N,,,1230299800
2019-12-04,RES.N,4.3725,,1230299800
2019-12-11,RES.N,,3.3913,
2019-12-18,RES.N,4.385,,
2019-12-19,PRA.N,39.6,,
2020-01-02,PRA.N,,2.875,
2020-01-06,MCRI.OQ,,2.25,
2020-01-06,MCRI.OQ,50.25,2.25,248833750
2020-01-06,PRA.N,40.0,2.85714,989389000
2020-01-06,RES.N,4.6,3.3913,1230745200
2020-01-06,MCRI.OQ,,2.25,248833750
2020-01-06,RES.N,,3.3913,
2020-01-08,MCRI.OQ,51.0,,
2020-01-08,PRA.N,39.6,3.0,986629750
2020-01-08,RES.N,4.62381,,1229745200
2020-01-08,PRA.N,,3.0,
2020-01-09,RES.N,4.69524,,1230811200
2020-01-09,RES.N,4.69524,,
2020-01-10,RES.N,,,1229461200
2020-01-13,RES.N,4.67143,,
2020-01-15,TNC.N,86.33333,1.66667,
2020-01-15,TNC.N,86.33333,1.66667,1137700000
2020-01-15,TNC.N,,1.66667,
2020-01-19,RES.N,,,1229079150
2020-01-22,PRA.N,38.8,,983280600
2020-01-22,PRA.N,38.8,,
2020-01-23,PRA.N,,,985987830
2020-01-24,MCRI.OQ,52.0,,
2020-01-29,RES.N,4.72371,,1044217500
2020-01-30,RES.N,4.75229,,1031712000
2020-01-31,RES.N,,3.40909,
2020-01-31,RES.N,4.8274,3.40909,
2020-01-31,MCRI.OQ,53.5,,
2020-01-31,RES.N,4.8274,3.40909,1033373740
2020-02-02,PRA.N,,3.0,
2020-02-02,PRA.N,,3.0,1018603200
2020-02-02,PRA.N,,3.0,983478400
2020-02-02,PRA.N,40.5,3.0,983478400
2020-02-03,RES.N,,,1028581530
2020-02-05,RES.N,,,1018336060
2020-02-07,PRA.N,39.0,,
2020-02-20,TNC.N,,,1165250000
2020-02-21,TNC.N,,,1162625000
2020-02-23,PRA.N,38.25,,
2020-02-23,PRA.N,38.25,,995340600
2020-02-24,TNC.N,88.66667,,1159625000
2020-02-26,PRA.N,,,978430000
2020-02-28,PRA.N,36.25,,978192600
2020-03-01,RES.N,4.7274,,1025060470
2020-03-03,PRA.N,,3.0,
2020-03-03,PRA.N,37.0,3.0,978914500
2020-03-03,PRA.N,37.0,3.0,
2020-03-09,RES.N,4.415,,999312580
2020-03-10,PRA.N,,,952314500
2020-03-10,RES.N,4.27895,3.42857,1009996950
2020-03-10,RES.N,,3.42857,
2020-03-11,MCRI.OQ,52.5,,304818250
2020-03-11,PRA.N,34.33333,,
2020-03-12,RES.N,3.88947,,998474200
2020-03-12,RES.N,,,998474200
2020-03-13,MCRI.OQ,48.5,,296893250
2020-03-13,RES.N,3.795,3.40909,
2020-03-15,MCRI.OQ,46.5,,
2020-03-15,MCRI.OQ,46.5,,292129500
2020-03-16,RES.N,,3.45455,956455900
2020-03-16,RES.N,,3.45455,
2020-03-16,RES.N,3.22,3.45455,956455900
2020-03-17,RES.N,3.07,,
2020-03-18,MCRI.OQ,,,288372670
2020-03-18,RES.N,2.97,,
2020-03-19,RES.N,2.67,,920724050
2020-03-20,RES.N,2.395,,894401950
2020-03-20,RES.N,2.395,,
2020-03-25,RES.N,,,875301950
2020-03-26,TNC.N,80.66667,,1113275000
2020-03-27,RES.N,2.2775,,860242700
2020-03-29,RES.N,2.3075,,847743700
2020-03-29,RES.N,2.3075,,
2020-03-31,TNC.N,77.33333,,1083050000
2020-04-02,MCRI.OQ,45.25,,260328000
2020-04-03,RES.N,,,844471950
2020-04-05,RES.N,2.33,,826384300
2020-04-05,RES.N,2.33,,
2020-04-06,MCRI.OQ,41.25,,225726330
2020-04-06,PRA.N,34.0,,
2020-04-06,MCRI.OQ,41.25,,
2020-04-07,RES.N,,,815334300
2020-04-08,RES.N,2.325,,814255800
2020-04-10,PRA.N,28.5,,
2020-04-12,RES.N,,3.40909,
2020-04-12,RES.N,2.275,3.40909,
2020-04-13,RES.N,,,792430320
2020-04-14,RES.N,2.225,,756269680
2020-04-14,RES.N,2.225,,
2020-04-15,RES.N,,,728355790
2020-04-16,PRA.N,32.33333,,
2020-04-21,PRA.N,,,938814500
2020-04-22,MCRI.OQ,,,225247330
2020-04-22,RES.N,,,708250530
2020-04-23,MCRI.OQ,41.0,,217425670
2020-04-24,MCRI.OQ,38.25,2.0,202319250
2020-04-27,TNC.N,68.66667,,
2020-04-27,MCRI.OQ,40.0,1.5,170794250
2020-04-27,TNC.N,68.66667,,1033800000
2020-04-28,RES.N,2.1875,,
2020-04-28,TNC.N,,,986425000
2020-04-29,RES.N,2.2125,,
2020-04-29,RES.N,2.2125,,694703680
2020-05-04,RES.N,,,693377210
2020-05-06,RES.N,2.3125,,658269470
2020-05-06,TNC.N,,,985525000
2020-05-07,RES.N,2.5425,,613174470
2020-05-07,TNC.N,,,985550000
2020-05-08,PRA.N,25.66667,,925320250
2020-05-08,RES.N,2.5425,,577443370
2020-05-08,TNC.N,68.0,,986850000
2020-05-08,PRA.N,25.66667,,
2020-05-11,RES.N,2.5925,,
2020-05-11,TNC.N,,,976600000
2020-05-11,PRA.N,,,929870250
2020-05-11,RES.N,2.5925,,576982420
2020-05-11,TNC.N,66.66667,,976600000
2020-05-12,RES.N,,,557163840
2020-05-13,PRA.N,22.33333,,
2020-05-14,PRA.N,,,903419330
2020-05-14,RES.N,,,554207530
2020-05-19,RES.N,,,553330790
2020-05-20,RES.N,,,548278160
2020-05-21,RES.N,2.6125,,
2020-05-27,MCRI.OQ,,1.6,
2020-05-27,MCRI.OQ,42.0,1.6,159235400
2020-05-27,RES.N,2.6275,,
2020-05-28,RES.N,2.6325,,552546050
2020-05-29,RES.N,,,553967110
2020-05-29,RES.N,2.67,,553967110
2020-06-03,MCRI.OQ,,,157418200
2020-06-03,MCRI.OQ,42.4,,157418200
2020-06-08,TNC.N,70.66667,,
2020-06-14,MCRI.OQ,43.6,,
2020-06-19,RES.N,2.72,,
2020-06-24,RES.N,,,554385530
2020-07-01,RES.N,,,549164470
2020-07-06,RES.N,2.74,,548878160
2020-07-07,RES.N,,,542366050
2020-07-07,PRA.N,21.66667,,
2020-07-07,RES.N,2.79,,542366050
2020-07-09,PRA.N,,2.83333,
2020-07-09,RES.N,2.84,,
2020-07-13,RES.N,,,545008320
2020-07-14,RES.N,2.85,,547322790
2020-07-14,RES.N,,,547322790
2020-07-15,RES.N,2.8625,,
2020-07-17,RES.N,,,547993840
2020-07-20,PRA.N,21.0,,
2020-07-21,PRA.N,,,905086000
2020-07-22,MCRI.OQ,,,166398200
2020-07-22,PRA.N,,,942452000
2020-07-23,MCRI.OQ,45.8,,163132400
2020-07-27,TNC.N,72.33333,,984975000
2020-07-29,RES.N,2.8725,,538831470
2020-07-30,RES.N,2.8625,,536393840
2020-07-30,RES.N,2.8625,,
2020-07-31,TNC.N,72.66667,,
2020-07-31,RES.N,,,535027530
2020-07-31,TNC.N,72.66667,,978450000
2020-08-03,RES.N,2.8475,,
2020-08-03,RES.N,2.8475,,530322790
2020-08-03,TNC.N,,,971375000
2020-08-05,RES.N,,,524654880
2020-08-11,PRA.N,22.0,,868293330
2020-08-11,PRA.N,22.0,,
2020-08-12,RES.N,,,524618500
2020-08-13,PRA.N,,,857060000
2020-08-14,RES.N,,,523674060
2020-08-26,RES.N,2.8725,,
2020-09-01,MCRI.OQ,46.4,,163918200
2020-09-01,MCRI.OQ,,,163918200
2020-09-09,RES.N,,,522672530
2020-09-10,MCRI.OQ,49.4,,
2020-09-15,RES.N,,3.47619,
2020-09-15,RES.N,,3.47619,521488250
2020-09-15,PRA.N,21.0,,
2020-09-15,RES.N,2.81316,3.47619,521488250
2020-09-24,MCRI.OQ,50.8,,
2020-09-25,MCRI.OQ,,1.75,
2020-09-25,MCRI.OQ,51.5,1.75,165247750
2020-09-25,MCRI.OQ,51.5,1.75,
2020-09-27,PRA.N,,,857060000
2020-10-01,RES.N,2.78158,,
2020-10-07,RES.N,2.79737,,522982190
2020-10-07,RES.N,,,522982190
2020-10-09,RES.N,2.81053,,
2020-10-13,RES.N,,3.45,
2020-10-13,RES.N,2.74444,3.45,
2020-10-13,RES.N,2.74444,3.45,526391000
2020-10-14,RES.N,,,525974330
2020-10-16,MCRI.OQ,,,167565250
2020-10-20,TNC.N,,2.0,
2020-10-20,TNC.N,68.0,2.0,
2020-10-20,TNC.N,68.0,2.0,974833330
2020-10-28,RES.N,2.75,,537070400
2020-10-29,MCRI.OQ,52.25,,174415250
2020-10-29,RES.N,2.72778,,546370400
2020-10-30,MCRI.OQ,54.75,,187669750
2020-10-30,RES.N,2.70294,3.47368,554252140
2020-10-30,TNC.N,,,984833330
2020-10-30,MCRI.OQ,,,187669750
2020-10-30,RES.N,,3.47368,
2020-11-02,RES.N,2.63824,,
2020-11-02,RES.N,2.63824,,561545290
2020-11-02,TNC.N,69.5,,994466670
2020-11-03,RES.N,,,568545290
2020-11-04,RES.N,2.67353,,
2020-11-06,PRA.N,19.66667,,866953670
2020-11-06,PRA.N,19.66667,,
2020-11-09,PRA.N,,,866953670
2020-11-10,RES.N,,3.52632,571894000
2020-11-10,RES.N,,,571894000
2020-11-10,PRA.N,,,876280500
2020-11-10,RES.N,2.64412,3.52632,571894000
2020-11-16,PRA.N,,,875353670
2020-11-16,PRA.N,,,919836750
2020-11-23,RES.N,2.67353,,
2020-11-29,MCRI.OQ,56.0,,
2020-11-30,RES.N,2.73824,,
2020-12-02,MCRI.OQ,58.0,,
2020-12-04,RES.N,,3.55556,
2020-12-07,TNC.N,,1.66667,
2020-12-07,TNC.N,73.66667,1.66667,995850000
2020-12-09,MCRI.OQ,,1.6,
2020-12-09,MCRI.OQ,59.8,1.6,187950600
2020-12-09,RES.N,2.67941,,
2020-12-11,MCRI.OQ,,,186984200
2020-12-11,MCRI.OQ,61.4,,186984200
2020-12-15,RES.N,2.72647,,
2020-12-17,RES.N,2.78529,,
2020-12-18,PRA.N,20.66667,,
2020-12-20,RES.N,,,571894000
2020-12-21,RES.N,2.84412,,
2020-12-23,RES.N,2.85294,,572503070
2020-12-23,RES.N,,,572503070
2021-01-04,RES.N,2.78125,3.58824,
2021-01-04,RES.N,,3.58824,
2021-01-06,MCRI.OQ,62.8,,
2021-01-07,RES.N,2.8,,
2021-01-08,RES.N,2.925,,572595930
2021-01-11,RES.N,3.00625,,572953070
2021-01-12,RES.N,3.08667,3.5625,572244000
2021-01-12,TNC.N,76.66667,,999875000
2021-01-12,TNC.N,,,999875000
2021-01-13,RES.N,3.00357,3.6,
2021-01-13,RES.N,,3.6,
2021-01-13,RES.N,3.00357,3.6,572014330
2021-01-14,MCRI.OQ,63.8,,186864200
2021-01-15,RES.N,,,572622500
2021-01-18,RES.N,3.02143,,
2021-01-27,RES.N,3.07857,,626213250
2021-01-28,RES.N,3.29286,,644129920
2021-01-29,RES.N,,3.57143,
2021-01-29,RES.N,3.32692,3.57143,639507360
2021-01-31,RES.N,3.40385,,
2021-02-01,RES.N,,,676633730
2021-02-17,RES.N,3.44231,,
2021-02-22,TNC.N,78.66667,,1079175000
2021-02-22,TNC.N,78.66667,,
2021-02-23,PRA.N,26.66667,,897756750
2021-02-23,PRA.N,26.66667,,
2021-02-24,MCRI.OQ,64.4,,302813800
2021-02-24,PRA.N,,,885561000
2021-02-25,MCRI.OQ,71.4,,306640200
2021-02-25,PRA.N,,,828114660
2021-02-26,RES.N,,,664342820
2021-02-26,RES.N,3.86539,,664342820
2021-02-26,TNC.N,80.66667,,1071200000
2021-03-01,TNC.N,87.0,,1062775000
2021-03-02,RES.N,3.94231,,
2021-03-05,RES.N,4.1875,3.53846,
2021-03-05,RES.N,4.1875,3.53846,677977100
2021-03-08,RES.N,,,682914000
2021-03-12,RES.N,,3.58333,693213330
2021-03-12,RES.N,4.34091,3.58333,693213330
2021-03-12,RES.N,,3.58333,
2021-03-15,RES.N,4.52273,,
2021-03-17,RES.N,4.56818,,
2021-03-22,MCRI.OQ,72.8,,307477400
2021-03-25,RES.N,4.61364,,695011560
2021-03-25,RES.N,4.61364,,
2021-04-08,PRA.N,27.33333,,
2021-04-09,RES.N,,,698191780
2021-04-13,RES.N,4.65909,,
2021-04-16,PRA.N,28.0,,
2021-04-19,PRA.N,,,849761000
2021-04-27,MCRI.OQ,74.2,,309277400
2021-04-28,MCRI.OQ,75.8,,316317400
2021-04-28,RES.N,,,716202890
2021-04-29,MCRI.OQ,78.8,,324702200
2021-04-29,RES.N,4.52273,,719314000
2021-05-03,RES.N,4.65909,,767434130
2021-05-05,TNC.N,90.0,,1087750000
2021-05-06,PRA.N,,,843610750
2021-05-06,TNC.N,90.33333,,1099450000
2021-05-06,TNC.N,90.33333,,
2021-05-11,RES.N,4.575,3.54546,
2021-05-11,RES.N,,3.54546,
2021-05-11,PRA.N,,,862360500
2021-05-11,RES.N,4.575,3.54546,783621630
2021-05-13,PRA.N,,,873185500
2021-05-17,RES.N,,,795849380
2021-06-08,MCRI.OQ,79.2,,331484800
2021-06-10,MCRI.OQ,80.4,,332844800
2021-06-13,RES.N,4.625,,
2021-06-17,RES.N,4.69444,3.5,796592570
2021-06-24,TNC.N,,,1099066670
2021-06-29,MCRI.OQ,,1.5,
2021-06-29,MCRI.OQ,80.5,1.5,329931000
2021-06-29,MCRI.OQ,80.5,1.5,
2021-07-01,RES.N,,3.33333,
2021-07-01,RES.N,4.90625,3.33333,813191330
2021-07-08,RES.N,4.84375,,
2021-07-08,MCRI.OQ,,,336549500
2021-07-08,RES.N,4.84375,,812582000
2021-07-09,PRA.N,26.66667,,
2021-07-12,MCRI.OQ,81.0,,
2021-07-12,MCRI.OQ,81.0,,336798500
2021-07-26,MCRI.OQ,,,339148500
2021-07-28,MCRI.OQ,82.0,,363868250
2021-07-28,RES.N,,,799967710
2021-07-29,MCRI.OQ,82.5,,367494000
2021-07-29,RES.N,4.76875,,798967710
2021-07-29,MCRI.OQ,82.5,,
2021-07-29,RES.N,4.76875,,
2021-07-30,RES.N,,,800939140
2021-08-02,RES.N,,,798815710
2021-08-04,RES.N,,,807032400
2021-08-04,TNC.N,,,1101900000
2021-08-06,PRA.N,,,926107250
2021-08-09,PRA.N,,,984560500
2021-08-10,PRA.N,27.66667,2.66667,
2021-08-10,TNC.N,,,1102950000
2021-08-10,PRA.N,,2.66667,
2021-08-11,RES.N,,3.375,
2021-08-12,RES.N,,,799610330
2021-08-13,PRA.N,,,981946250
2021-08-14,PRA.N,,,989928330
2021-08-16,RES.N,4.98571,3.42857,799610330
2021-08-16,RES.N,4.98571,,
2021-08-26,PRA.N,28.33333,,
2021-09-13,RES.N,,3.14286,799934000
2021-09-13,RES.N,,3.14286,
2021-10-08,RES.N,5.16429,,801600170
2021-10-08,RES.N,,,801600170
2021-10-10,RES.N,5.2,,
2021-10-11,MCRI.OQ,,,367582000
2021-10-12,RES.N,5.34286,,
2021-10-22,MCRI.OQ,,,367832000
2021-10-25,MCRI.OQ,83.0,,377357000
2021-10-26,MCRI.OQ,83.75,,
2021-10-26,MCRI.OQ,83.75,,382427250
2021-10-27,RES.N,5.62857,,808883500
2021-10-28,RES.N,5.85714,,814883500
2021-10-29,RES.N,6.0,,817800170
2021-11-02,RES.N,6.03571,,819766830
2021-11-02,RES.N,6.03571,,
2021-11-03,RES.N,,,837525000
2021-11-03,TNC.N,89.0,,1095750000
2021-11-03,TNC.N,89.0,,
2021-11-09,PRA.N,,,975534330
2021-11-10,RES.N,6.08571,,
2021-11-10,RES.N,6.08571,,835352600
2021-11-15,RES.N,,,835327170
2021-12-02,TNC.N,,2.0,1095750000
2021-12-02,TNC.N,,2.0,1134400000
2021-12-02,TNC.N,,2.0,
2021-12-09,PRA.N,,,975534330
2021-12-09,RES.N,6.0,,836670670
2021-12-17,TNC.N,88.0,,
2022-01-11,RES.N,,3.16667,
2022-01-13,MCRI.OQ,,,382927250
2022-01-18,RES.N,,3.14286,
2022-01-21,MCRI.OQ,83.5,,
2022-01-21,MCRI.OQ,83.5,,382656000
2022-01-26,MCRI.OQ,,,382825000
2022-01-26,RES.N,6.39286,,1125680500
2022-01-27,RES.N,7.25,,1193868670
2022-01-27,RES.N,7.25,,
2022-02-02,RES.N,,,1218762400
2022-02-09,MCRI.OQ,85.75,,458508250
2022-02-10,MCRI.OQ,86.5,,459977500
2022-02-22,PRA.N,,,1111234000
2022-02-23,PRA.N,29.0,,
2022-02-24,PRA.N,,,1094766670
2022-02-25,TNC.N,90.5,,1153050000
2022-03-02,RES.N,7.60714,,1215752000
2022-03-04,RES.N,,,1246338000
2022-03-04,RES.N,8.03571,,1246338000
2022-03-08,RES.N,8.46429,,
2022-03-09,RES.N,9.17857,,
2022-03-29,PRA.N,28.33333,,
2022-04-06,MCRI.OQ,88.0,,460304500
2022-04-06,MCRI.OQ,,,460304500
2022-04-07,PRA.N,,,1085200000
2022-04-07,RES.N,,,1246054670
2022-04-12,PRA.N,28.33333,,
2022-04-17,MCRI.OQ,89.25,,
2022-04-18,RES.N,9.85714,,1272038000
2022-04-19,MCRI.OQ,92.25,,462054500
2022-04-21,MCRI.OQ,,2.5,
2022-04-21,MCRI.OQ,95.5,2.5,
2022-04-21,MCRI.OQ,95.5,2.5,461523750
2022-04-27,RES.N,10.5,,1310004000
2022-04-28,RES.N,10.42857,3.0,
2022-04-28,RES.N,10.42857,3.0,1329575430
2022-04-28,TNC.N,89.0,,1149350000
2022-04-28,RES.N,,3.0,
2022-04-29,TNC.N,83.5,,
2022-04-29,TNC.N,83.5,,1146700000
2022-05-09,RES.N,,,1314816670
2022-05-10,PRA.N,,,1076177250
2022-05-12,PRA.N,,,1080959000
2022-05-13,PRA.N,27.33333,,
2022-05-16,PRA.N,,,1093188500
2022-05-16,RES.N,10.5,,1331244000
2022-05-16,RES.N,10.5,,
2022-06-02,RES.N,,,1333639000
2022-06-03,MCRI.OQ,,,461557500
2022-06-24,RES.N,9.89286,,1349353290
2022-06-24,RES.N,,,1349353290
2022-07-06,MCRI.OQ,94.0,,461193000
2022-07-07,RES.N,9.82143,,
2022-07-11,RES.N,9.53571,,
2022-07-20,MCRI.OQ,77.0,,460294750
2022-07-21,MCRI.OQ,75.75,,459344250
2022-07-22,PRA.N,,2.6,1093188500
2022-07-22,PRA.N,,2.6,
2022-07-27,RES.N,,,1379224710
2022-07-28,RES.N,9.5,,
2022-07-28,RES.N,9.5,,1402153290
2022-07-31,RES.N,,,1419424710
2022-08-09,PRA.N,,,1096246000
2022-08-10,PRA.N,27.66667,,
2022-08-10,PRA.N,27.66667,,1099775000
2022-08-10,TNC.N,,,1132950000
2022-08-11,RES.N,,3.0,
2022-08-11,RES.N,9.58333,3.0,
2022-08-11,RES.N,9.58333,3.0,1401328830
2022-08-12,PRA.N,,,1113838330
2022-08-17,RES.N,,,1421654600
2022-08-19,PRA.N,27.66667,,
2022-09-02,RES.N,9.25,,1450506200
2022-09-02,RES.N,,,1450506200
2022-09-14,TNC.N,,2.0,
2022-09-14,TNC.N,87.66667,2.0,
2022-09-14,TNC.N,87.66667,2.0,1133633330
2022-10-07,MCRI.OQ,73.75,,459206250
2022-10-14,TNC.N,,,1128833330
2022-10-19,MCRI.OQ,,2.0,
2022-10-19,MCRI.OQ,77.75,2.0,472500750
2022-10-20,MCRI.OQ,78.5,,476772500
2022-10-26,RES.N,9.41667,,
2022-10-27,RES.N,10.16667,,1522926200
2022-10-27,RES.N,10.16667,,
2022-10-28,TNC.N,86.0,,1100133330
2022-10-31,TNC.N,83.0,,1090266670
2022-10-31,TNC.N,83.0,,
2022-11-02,RES.N,,,1550300000
2022-11-04,RES.N,10.83333,,1563300000
2022-11-10,PRA.N,25.66667,,1118907670
2022-11-13,PRA.N,25.0,,
2022-11-13,PRA.N,25.0,,1113836010
2022-11-15,PRA.N,,,1099771510
2022-11-18,RES.N,11.2,2.8,1563300000
2022-11-18,RES.N,,2.8,
2022-12-12,MCRI.OQ,79.0,,478416000
2022-12-21,RES.N,,,1567322800
2022-12-21,RES.N,11.4,,1567322800
2023-01-04,RES.N,11.0,,
2023-01-10,PRA.N,25.33333,,
2023-01-11,MCRI.OQ,80.5,,478691000
2023-01-18,MCRI.OQ,,2.25,
2023-01-18,MCRI.OQ,80.25,2.25,478481750
2023-01-24,RES.N,,,1582478500
2023-01-25,RES.N,11.4,,
2023-01-25,RES.N,11.4,,1930403250
2023-01-26,RES.N,,,1958153250
2023-02-01,RES.N,,,2008550000
2023-02-10,TNC.N,,,1092400000
2023-02-14,MCRI.OQ,86.25,,
2023-02-14,MCRI.OQ,86.25,,493219500
2023-02-15,MCRI.OQ,,,495662750
2023-02-23,RES.N,,,2008550000
2023-02-23,TNC.N,,,1143333330
2023-02-24,PRA.N,24.25,2.66667,1104381010
2023-02-24,TNC.N,85.33333,,1145933330
2023-02-24,PRA.N,,2.66667,
2023-02-24,PRA.N,24.25,2.66667,1140129670
2023-02-27,TNC.N,87.66667,,1141033330
2023-02-28,PRA.N,24.0,,
2023-02-28,PRA.N,24.0,,1137805330
2023-02-28,RES.N,,,2005300000
2023-03-01,PRA.N,,,1146144250
2023-03-02,PRA.N,,,1130669250
2023-03-13,RES.N,,,1966503500
2023-03-13,RES.N,11.3,,1966503500
2023-03-30,PRA.N,23.75,,
2023-04-03,RES.N,10.9,,
2023-04-04,PRA.N,24.0,,
2023-04-11,PRA.N,24.0,,
2023-04-18,MCRI.OQ,,,494437750
2023-04-19,MCRI.OQ,,,496571250
2023-04-21,MCRI.OQ,86.0,,496170500
2023-04-21,MCRI.OQ,86.0,,
2023-04-27,RES.N,10.8,,1960503500
2023-04-28,TNC.N,88.33333,,1150733330
2023-05-01,RES.N,10.75,,1954816250
2023-05-01,TNC.N,91.0,,1151533330
2023-05-01,RES.N,10.75,,
2023-05-03,RES.N,,,1940155000
2023-05-10,PRA.N,22.25,,
2023-05-10,PRA.N,22.25,,1125716010
2023-05-15,PRA.N,,,1112681020
2023-05-16,PRA.N,,,1108721530
2023-05-17,PRA.N,20.75,,1084180050
2023-05-23,PRA.N,19.5,,1086490030
2023-05-30,PRA.N,19.0,,1088800000
2023-05-30,PRA.N,,,1088800000
2023-06-02,RES.N,10.75,,1930821670
2023-06-06,MCRI.OQ,,,496769250
2023-06-14,RES.N,10.25,,1931666250
2023-06-16,RES.N,10.0,3.2,1912850000
2023-06-16,RES.N,,3.2,
2023-07-06,PRA.N,19.25,,
2023-07-06,RES.N,9.9,,1911850000
2023-07-12,MCRI.OQ,85.5,,
2023-07-12,PRA.N,18.0,,
2023-07-19,MCRI.OQ,,,497343500
2023-07-21,MCRI.OQ,,,496261000
2023-07-26,RES.N,9.5,,1817950000
2023-07-27,RES.N,9.8,,1754700000
2023-07-27,RES.N,9.8,,
2023-08-02,RES.N,,,1666250000
2023-08-07,TNC.N,103.33333,,
2023-08-07,TNC.N,103.33333,,1226733330
2023-08-09,PRA.N,20.0,,1087996000
2023-08-09,PRA.N,20.0,,
2023-08-16,PRA.N,,,1087192000
2023-08-18,PRA.N,20.5,,
2023-08-18,RES.N,,,1694866670
2023-08-21,RES.N,,,1686350000
2023-08-28,RES.N,9.2,,
2023-09-06,MCRI.OQ,85.25,,
2023-10-02,MCRI.OQ,83.75,,
2023-10-06,PRA.N,20.25,,
2023-10-11,RES.N,,,1654427250
2023-10-18,MCRI.OQ,80.5,,496220250
2023-10-19,MCRI.OQ,,2.5,491967750
2023-10-19,MCRI.OQ,74.0,2.5,491967750
2023-10-26,RES.N,9.2,,1617799250
2023-10-26,RES.N,9.2,,
2023-11-01,RES.N,,,1603465670
2023-11-01,TNC.N,,,1242033330
2023-11-09,PRA.N,19.0,,1128667000
2023-11-13,PRA.N,18.25,,1115083500
2023-11-14,RES.N,,,1602124250
2023-11-19,PRA.N,17.5,,1109377330
2023-11-19,PRA.N,,,1109377330
2023-11-19,PRA.N,,,1140808000
2023-12-28,TNC.N,,2.0,1242175000
2023-12-28,TNC.N,105.5,2.0,1242175000
2023-12-29,RES.N,9.0,,1594609500
2023-12-29,RES.N,,,1594609500
2024-01-02,RES.N,8.8,,
2024-01-04,MCRI.OQ,74.25,,
2024-01-05,RES.N,8.75,,
2024-01-10,RES.N,8.45,,
2024-01-11,MCRI.OQ,76.0,,
2024-01-16,PRA.N,17.25,,
2024-01-17,MCRI.OQ,75.5,,
2024-01-25,RES.N,,,1630863500
2024-01-26,RES.N,8.25,,1628863500
2024-01-26,RES.N,8.25,,
2024-02-01,RES.N,,,1628918000
2024-02-01,TNC.N,108.75,,
2024-02-09,TNC.N,113.33333,1.66667,1242200000
2024-02-09,TNC.N,113.33333,1.66667,1291733330
2024-02-09,TNC.N,,1.66667,
2024-02-14,MCRI.OQ,72.5,3.0,
2024-02-14,MCRI.OQ,72.5,3.0,508679500
2024-02-14,MCRI.OQ,,3.0,
2024-02-15,MCRI.OQ,,,512769000
2024-02-22,RES.N,,,1622613500
2024-02-23,TNC.N,118.0,,1292866670
2024-02-26,TNC.N,,,1287633330
2024-02-26,TNC.N,126.33333,,1287633330
2024-02-28,PRA.N,16.5,,1134413250
2024-02-28,RES.N,,,1611539250
2024-03-03,PRA.N,16.25,,
2024-03-04,PRA.N,,,1109639750
2024-03-05,PRA.N,,,1101019670
2024-03-05,TNC.N,130.0,,
2024-03-08,PRA.N,,,1102539750
2024-03-15,TNC.N,137.0,,1287933330
2024-04-08,RES.N,8.55,,
2024-04-17,MCRI.OQ,,,512519000
2024-04-18,MCRI.OQ,72.75,,512052250
2024-04-18,MCRI.OQ,,,512052250
2024-04-25,RES.N,,,1593864250
2024-04-26,RES.N,8.35,,1566139250
2024-04-26,RES.N,,,1566139250
2024-04-29,RES.N,8.15,,
2024-05-02,RES.N,,,1570866670
2024-05-06,TNC.N,144.33333,,1284100000
2024-05-07,PRA.N,16.75,,1095287500
2024-05-09,PRA.N,17.0,,
2024-05-09,PRA.N,17.0,,1087695750
2024-05-13,PRA.N,,,1089501330
2024-05-13,RES.N,7.95,,
2024-05-14,PRA.N,,,1086583500
2024-05-14,PRA.N,17.5,,1086583500
2024-05-28,MCRI.OQ,72.5,,
2024-06-14,RES.N,7.4375,,
2024-06-26,TNC.N,141.5,1.5,1276650000
2024-06-26,TNC.N,,1.5,
2024-07-10,RES.N,7.0625,,1549979000
2024-07-10,RES.N,,,1549979000
2024-07-11,RES.N,6.9375,,
2024-07-15,RES.N,6.6875,,
2024-07-15,RES.N,6.6875,,1542279000
2024-07-17,PRA.N,17.0,,
2024-07-24,MCRI.OQ,72.75,,513861000
2024-07-25,MCRI.OQ,73.0,,512798000
2024-07-26,RES.N,,,1511279000
2024-07-29,RES.N,6.9375,,1481979000
2024-07-29,RES.N,6.9375,,
2024-08-01,RES.N,,,1448400000
2024-08-05,RES.N,7.35,,1462433330
2024-08-05,RES.N,7.35,,
2024-08-09,PRA.N,16.75,,
2024-08-09,PRA.N,16.75,,1076736000
2024-08-09,TNC.N,128.5,,1289150000
2024-08-12,PRA.N,,,1062185250
2024-09-19,RES.N,,,1473628750
2024-10-10,RES.N,7.15,,
2024-10-23,MCRI.OQ,77.0,,515725750
2024-10-24,MCRI.OQ,77.5,,516463250
2024-10-25,RES.N,7.05,,
2024-10-25,RES.N,7.05,,1465628750
2024-10-28,RES.N,,,1452653760
2024-10-31,RES.N,,,1404255670
2024-11-04,TNC.N,129.5,,1281700000
2024-11-11,PRA.N,,2.83333,
2024-11-11,PRA.N,17.75,2.83333,
2024-11-11,PRA.N,17.75,2.83333,1058032750
2024-11-12,RES.N,6.85,,
2024-11-14,PRA.N,,,1052235000
2024-11-19,PRA.N,18.25,,1049690000
2024-11-19,PRA.N,18.25,,
2024-11-25,PRA.N,,,1052975000
2024-11-25,PRA.N,,,1059456250
2024-12-16,MCRI.OQ,,3.2,
2024-12-16,MCRI.OQ,,3.2,516630600
2024-12-16,MCRI.OQ,77.8,3.2,516630600
2024-12-19,TNC.N,128.0,1.33333,1281066670
2024-12-19,TNC.N,,1.33333,
2024-12-19,TNC.N,128.0,1.33333,
2024-12-29,RES.N,,,1403389000
2024-12-29,RES.N,,,1355784670
2025-01-05,MCRI.OQ,81.4,,
2025-01-14,MCRI.OQ,85.0,,
2025-01-22,MCRI.OQ,85.8,,
2025-01-31,RES.N,,,1330784670
2025-02-03,MCRI.OQ,,,516650600
2025-02-06,RES.N,,,1316400000
2025-02-11,MCRI.OQ,88.4,,527622600
2025-02-11,RES.N,,,1308600000
2025-02-12,MCRI.OQ,,3.0,
2025-02-12,MCRI.OQ,89.8,3.0,531242200
2025-02-13,MCRI.OQ,91.8,,531835600
2025-02-18,TNC.N,,,1314700000
2025-02-19,RES.N,6.9,,1322401330
2025-02-19,TNC.N,129.33333,,1272433330
2025-02-19,RES.N,6.9,,
2025-02-19,TNC.N,129.33333,,
2025-02-20,TNC.N,,,1242866670
2025-02-25,PRA.N,,,1056563750
2025-03-03,PRA.N,,,1068641670
2025-03-06,RES.N,,,1326651000
2025-03-09,RES.N,6.5,,
2025-03-26,PRA.N,20.25,,1080056250
2025-03-26,PRA.N,,,1080056250
2025-04-03,PRA.N,20.33333,,
2025-04-03,PRA.N,20.33333,3.0,
2025-04-04,RES.N,6.7,,
2025-04-08,RES.N,,2.8,
2025-04-08,RES.N,6.55,2.8,1401864000
2025-04-10,PRA.N,,3.16667,
2025-04-14,RES.N,6.45,,1544714000
2025-04-22,MCRI.OQ,89.2,,533755600
2025-04-23,MCRI.OQ,88.0,,534041600
2025-04-24,RES.N,6.25,,
2025-04-24,RES.N,6.25,,1535914000
2025-04-25,RES.N,,,1587664000
2025-05-01,RES.N,,,1680200000
2025-05-02,TNC.N,127.66667,,1233866670
2025-05-05,RES.N,,,1637098330
2025-05-05,TNC.N,119.33333,,1232566670
2025-05-05,TNC.N,119.33333,,
2025-05-07,PRA.N,22.66667,,1075766240
2025-05-07,TNC.N,,,1223650000
2025-05-07,PRA.N,22.66667,,
2025-05-09,PRA.N,,,1073959990
2025-05-13,PRA.N,,,1033719970
2025-05-15,RES.N,,,1632623750
2025-05-27,PRA.N,,,1031009990
2025-05-30,TNC.N,120.0,1.0,1211200000
2025-05-30,TNC.N,120.0,1.0,
2025-07-03,RES.N,6.34167,2.66667,1626699000
2025-07-03,RES.N,,,1626699000
2025-07-14,RES.N,,2.85714,
2025-07-14,RES.N,6.15,2.85714,
2025-07-15,RES.N,6.00714,,
2025-07-16,MCRI.OQ,97.8,2.8,544301600
2025-07-16,MCRI.OQ,,2.8,
2025-07-17,MCRI.OQ,99.4,,546764400
2025-07-25,RES.N,5.93571,,1631899000
2025-07-27,RES.N,,2.83333,
2025-07-27,RES.N,6.09167,2.83333,1584023750
2025-07-30,RES.N,5.99167,,
2025-07-30,RES.N,5.99167,,1578523750
2025-08-06,PRA.N,,,1029755000
2025-08-08,TNC.N,,,1232300000
2025-08-11,PRA.N,,,1040871000
2025-08-11,TNC.N,,,1249800000
2025-08-12,PRA.N,,,1047156500
2025-08-13,RES.N,,,1566573750
2025-08-14,RES.N,5.825,,
2025-08-26,TNC.N,111.0,1.33333,1244160000
2025-09-02,MCRI.OQ,100.2,,547098600
2025-09-08,RES.N,,,1553094500
2025-09-16,PRA.N,,3.2,
2025-09-23,PRA.N,,,1047156500
2025-09-30,MCRI.OQ,,2.66667,547748830
2025-09-30,MCRI.OQ,104.33333,2.66667,547748830
2025-09-30,MCRI.OQ,,2.66667,
2025-10-02,RES.N,5.65833,,1547294500
2025-10-15,PRA.N,,,1038771000
2025-10-15,PRA.N,,3.25,1038771000
2025-10-16,MCRI.OQ,105.66667,,
2025-10-21,MCRI.OQ,106.83333,,546765500
2025-10-22,MCRI.OQ,107.16667,,545665000
2025-10-24,TNC.N,108.75,1.5,1241345000
2025-10-24,TNC.N,108.75,1.5,
2025-10-24,TNC.N,,1.5,
2025-10-25,MCRI.OQ,108.0,,544331670
2025-10-25,MCRI.OQ,108.0,,
2025-10-31,PRA.N,,3.2,
2025-10-31,RES.N,5.74167,,1566294500
2025-11-03,RES.N,5.90833,,
2025-11-03,RES.N,5.90833,,1595676750
2025-11-05,PRA.N,,,1033961000
2025-11-05,RES.N,,3.0,1607176750
2025-11-05,TNC.N,,,1241020000
2025-11-05,RES.N,,3.0,
2025-11-06,TNC.N,110.0,,
2025-11-06,RES.N,,,1626835670
2025-11-06,TNC.N,110.0,,1240695000
2025-11-10,TNC.N,,,1231826670
2025-11-11,PRA.N,25.0,,1039941500
2025-11-11,PRA.N,25.0,,
2025-11-17,PRA.N,,,1035058000
2025-11-26,TNC.N,110.0,,
2025-12-11,RES.N,,,1688390000
2025-12-11,RES.N,5.95,,1627393670
2025-12-11,RES.N,,,1627393670
2025-12-18,MCRI.OQ,,,544414670
2025-12-18,RES.N,6.11667,,
2025-12-24,MCRI.OQ,108.5,,
2026-01-06,VSNT.OQ,33.0,4.0,
2026-01-06,VSNT.OQ,33.0,4.0,6636000000
2026-01-06,VSNT.OQ,,,6636000000
2026-01-07,RES.N,6.2,,
2026-01-12,VSNT.OQ,42.5,2.5,6651500000
2026-01-12,VSNT.OQ,42.5,,
2026-01-13,VSNT.OQ,,2.66667,6648000000
2026-01-20,PRA.N,,,1026905330
2026-01-22,MCRI.OQ,108.66667,,
2026-01-27,VSNT.OQ,39.66667,2.75,6643256500
2026-01-27,VSNT.OQ,,,6643256500
2026-02-02,PRA.N,25.0,3.25,1035058000
2026-02-02,PRA.N,25.0,3.25,
2026-02-04,MCRI.OQ,107.33333,,560965000
2026-02-05,MCRI.OQ,107.66667,,560379830
2026-02-09,RES.N,,,1677542500
2026-02-10,RES.N,,,1699257330
2026-02-11,RES.N,,,1691257330
2026-02-12,TNC.N,,1.66667,1301116670
2026-02-12,TNC.N,,1.66667,
2026-02-23,PRA.N,,,1039989000
2026-02-24,PRA.N,25.0,3.2,
2026-02-25,TNC.N,99.0,,1277483330
2026-02-26,TNC.N,83.75,2.0,1256800000
2026-02-26,TNC.N,83.75,2.0,
2026-03-02,VSNT.OQ,37.75,2.8,
2026-03-02,VSNT.OQ,,2.8,
2026-03-03,RES.N,6.24,3.0,1663500000
2026-03-03,VSNT.OQ,38.5,,6344310600
2026-03-03,VSNT.OQ,38.5,,
2026-03-05,VSNT.OQ,,,6366510600
2026-03-10,VSNT.OQ,,,6359138250
2026-03-11,PRA.N,,,1021493000
2026-03-24,TNC.N,,,1260100000
2012-05-24,SCHL.OQ,,2.5,
2014-01-28,EFSC.OQ,,2.0,
2014-07-29,LXU.N,,1.25,
2014-09-30,NWBI.OQ,,2.6,
2014-10-29,EFSC.OQ,,,133087500
2014-11-12,LXU.N,34.80769,,
2014-12-17,NWBI.OQ,13.125,,
2014-12-18,NWBI.OQ,,,249624400
2014-12-19,EFSC.OQ,21.0,,
2014-12-19,SCHL.OQ,,,1891350000
2015-01-02,LXU.N,,,732941000
2015-01-22,EFSC.OQ,22.0,,137707500
2015-01-22,EFSC.OQ,22.0,,
2015-01-23,EFSC.OQ,,,138557500
2015-01-26,NWBI.OQ,,,259783000
2015-01-27,EFSC.OQ,22.5,,
2015-01-27,NWBI.OQ,,,259843000
2015-02-02,NWBI.OQ,,,265616010
2015-02-09,NWBI.OQ,,,264957010
2015-03-02,LXU.N,,,761116670
2015-03-03,LXU.N,35.96154,,766317330
2015-03-09,LXU.N,36.92308,,752697330
2015-03-09,LXU.N,,,752697330
2015-03-24,SCHL.OQ,,,1886650000
2015-03-27,SCHL.OQ,,,1883850000
2015-03-30,SCHL.OQ,,,1882150000
2015-03-31,EFSC.OQ,22.75,,
2015-04-02,NWBI.OQ,,2.5,265616010
2015-04-02,NWBI.OQ,,2.5,
2015-04-20,NWBI.OQ,,,266416010
2015-04-21,NWBI.OQ,,,266379010
2015-04-22,SCHL.OQ,,3.0,
2015-04-23,EFSC.OQ,23.0,,
2015-04-23,EFSC.OQ,23.0,,137235000
2015-04-27,SCHL.OQ,,2.5,
2015-04-27,EFSC.OQ,,,136460000
2015-04-27,SCHL.OQ,,2.5,1789350000
2015-04-30,SCHL.OQ,,,1789500000
2015-05-08,LXU.N,38.07692,,
2015-05-11,LXU.N,39.23077,,757030670
2015-05-12,LXU.N,39.42308,,757024000
2015-05-12,LXU.N,39.42308,,
2015-05-15,LXU.N,,,747940000
2015-05-18,LXU.N,40.38462,,756559330
2015-05-18,LXU.N,40.38462,,
2015-06-18,LXU.N,,,756288000
2015-06-22,NWBI.OQ,12.83333,2.75,267633510
2015-06-22,NWBI.OQ,,2.75,
2015-06-30,EFSC.OQ,23.5,,
2015-07-07,EFSC.OQ,24.0,,
2015-07-15,LXU.N,39.80769,,
2015-07-16,NWBI.OQ,13.16667,,284068250
2015-07-16,NWBI.OQ,13.16667,,
2015-07-20,NWBI.OQ,,,283639500
2015-07-22,SCHL.OQ,,,1674000000
2015-07-22,SCHL.OQ,,,1704700000
2015-07-23,EFSC.OQ,25.25,,139662500
2015-07-23,NWBI.OQ,,,289152670
2015-07-23,EFSC.OQ,,,139662500
2015-07-24,SCHL.OQ,,,1669700000
2015-07-27,EFSC.OQ,26.25,,
2015-07-28,EFSC.OQ,,,140487500
2015-08-05,LXU.N,,,752797500
2015-08-07,LXU.N,39.23077,,751116500
2015-08-10,LXU.N,35.0,,745981500
2015-08-11,LXU.N,,,737922500
2015-08-11,LXU.N,33.26923,,737922500
2015-08-13,LXU.N,33.84615,,
2015-08-24,NWBI.OQ,,,289152670
2015-09-02,LXU.N,33.26923,,
2015-09-03,LXU.N,,,735462000
2015-09-04,LXU.N,,,732712000
2015-09-10,SCHL.OQ,,,1664900000
2015-09-24,SCHL.OQ,,,1671050000
2015-09-25,SCHL.OQ,,,1661850000
2015-09-29,EFSC.OQ,26.5,,
2015-09-29,LXU.N,,,728462000
2015-09-30,NWBI.OQ,13.33333,,
2015-10-01,LXU.N,31.15385,,730350500
2015-10-12,SCHL.OQ,50.0,2.0,
2015-10-12,SCHL.OQ,,2.0,
2015-10-12,SCHL.OQ,50.0,2.0,1657466670
2015-10-14,LXU.N,30.19231,,729350500
2015-10-19,LXU.N,29.74359,1.33333,724020670
2015-10-19,LXU.N,29.74359,1.33333,
2015-10-19,LXU.N,,1.33333,
2015-10-20,NWBI.OQ,13.5,,
2015-10-22,EFSC.OQ,29.75,,140635000
2015-10-22,EFSC.OQ,29.75,,
2015-10-26,NWBI.OQ,13.5,,281497250
2015-10-26,NWBI.OQ,13.5,,
2015-10-28,LXU.N,,,711923000
2015-10-29,EFSC.OQ,,,141513330
2015-11-02,NWBI.OQ,,,285851000
2015-11-03,NWBI.OQ,,,286211010
2015-11-03,NWBI.OQ,,,312477000
2015-11-05,EFSC.OQ,,1.75,141513330
2015-11-05,EFSC.OQ,,,141513330
2015-11-06,LXU.N,25.64102,,712884670
2015-11-09,LXU.N,14.46154,1.66667,709886670
2015-11-09,LXU.N,,1.66667,
2015-11-09,LXU.N,14.46154,1.66667,
2015-11-12,EFSC.OQ,30.0,2.25,
2015-12-01,SCHL.OQ,,,1659666670
2015-12-08,EFSC.OQ,,2.75,141063330
2015-12-08,EFSC.OQ,31.5,2.75,141063330
2015-12-08,EFSC.OQ,,2.75,
2015-12-10,EFSC.OQ,31.75,,
2015-12-17,LXU.N,,,702072000
2015-12-17,SCHL.OQ,,,1656533330
2015-12-18,SCHL.OQ,,,1655700000
2016-01-13,EFSC.OQ,31.0,,
2016-01-13,LXU.N,12.92308,,695738670
2016-01-13,LXU.N,12.92308,,783801330
2016-01-13,LXU.N,12.92308,,
2016-01-26,NWBI.OQ,,,338655330
2016-01-27,NWBI.OQ,,,308762750
2016-01-27,NWBI.OQ,13.33333,,308762750
2016-01-28,EFSC.OQ,31.25,,151180000
2016-01-29,EFSC.OQ,30.75,,152116670
2016-01-29,EFSC.OQ,,,152116670
2016-02-02,EFSC.OQ,30.25,,
2016-02-16,SCHL.OQ,,,1653133330
2016-03-01,LXU.N,,,762466000
2016-03-02,LXU.N,13.43077,1.33333,728520330
2016-03-02,LXU.N,,1.33333,728520330
2016-03-02,LXU.N,,1.33333,
2016-03-09,LXU.N,14.2,,
2016-03-18,LXU.N,16.53846,,
2016-03-24,SCHL.OQ,,,1658133330
2016-03-28,NWBI.OQ,13.5,,
2016-03-28,SCHL.OQ,,,1663133330
2016-03-31,SCHL.OQ,,,1660600000
2016-04-18,LXU.N,17.05128,,
2016-04-18,LXU.N,17.05128,,723853670
2016-04-25,NWBI.OQ,,,288662750
2016-04-26,NWBI.OQ,13.66667,,289787750
2016-04-26,NWBI.OQ,13.66667,,
2016-04-28,EFSC.OQ,30.25,,154816670
2016-04-29,EFSC.OQ,30.5,,156590000
2016-04-29,NWBI.OQ,,,294755330
2016-04-29,EFSC.OQ,,,156590000
2016-05-02,LXU.N,,,721058670
2016-05-02,NWBI.OQ,14.0,,306093500
2016-05-05,EFSC.OQ,30.75,,
2016-05-05,LXU.N,,,730522670
2016-05-06,LXU.N,,1.0,
2016-05-06,LXU.N,17.58975,1.0,707017000
2016-05-10,NWBI.OQ,14.5,,311008750
2016-05-12,LXU.N,,,682683330
2016-05-12,LXU.N,18.46154,,682683330
2016-05-13,LXU.N,18.97436,,
2016-06-01,NWBI.OQ,14.375,2.8,310187000
2016-06-01,NWBI.OQ,,2.8,310187000
2016-06-01,NWBI.OQ,,2.8,
2016-06-30,LXU.N,18.55385,,
2016-06-30,NWBI.OQ,14.5,,
2016-07-05,LXU.N,,,628683330
2016-07-05,NWBI.OQ,14.375,,
2016-07-07,EFSC.OQ,,,156590000
2016-07-08,LXU.N,17.27179,,565054670
2016-07-11,EFSC.OQ,,2.6,
2016-07-11,EFSC.OQ,30.85,2.6,157142500
2016-07-12,EFSC.OQ,30.45,,157117500
2016-07-21,SCHL.OQ,,,1738666670
2016-07-22,SCHL.OQ,,,1748800000
2016-07-25,NWBI.OQ,14.625,,311234600
2016-07-26,NWBI.OQ,15.0,,317428200
2016-07-27,LXU.N,17.25898,,
2016-07-27,LXU.N,17.25898,,535092500
2016-07-28,EFSC.OQ,30.85,,157592500
2016-07-29,EFSC.OQ,31.05,,158002500
2016-08-01,EFSC.OQ,31.25,,158402500
2016-08-01,EFSC.OQ,31.25,,
2016-08-05,LXU.N,,,498663500
2016-08-08,EFSC.OQ,,,159703330
2016-08-10,LXU.N,15.12821,,467674000
2016-08-10,LXU.N,15.12821,,
2016-09-08,LXU.N,,,465339500
2016-09-12,NWBI.OQ,,,316668800
2016-09-12,NWBI.OQ,15.25,,316668800
2016-09-19,SCHL.OQ,44.5,,
2016-09-20,SCHL.OQ,39.0,2.5,1770950000
2016-09-20,SCHL.OQ,39.0,2.5,
2016-09-20,SCHL.OQ,,2.5,
2016-09-22,SCHL.OQ,,,1772500000
2016-09-23,SCHL.OQ,,,1785650000
2016-09-26,NWBI.OQ,15.5,,
2016-09-29,EFSC.OQ,31.85,,
2016-10-04,LXU.N,13.58975,,469687000
2016-10-06,LXU.N,10.83333,,452936500
2016-10-11,EFSC.OQ,,,159802500
2016-10-11,EFSC.OQ,33.05,,159802500
2016-10-13,EFSC.OQ,33.45,,
2016-10-18,EFSC.OQ,33.75,,159802500
2016-10-24,NWBI.OQ,,,315438000
2016-10-25,EFSC.OQ,34.15,,161760000
2016-10-25,NWBI.OQ,15.75,,314034800
2016-10-25,NWBI.OQ,15.75,,
2016-10-26,EFSC.OQ,35.3,,162460000
2016-10-26,NWBI.OQ,,,312489800
2016-10-26,EFSC.OQ,35.3,,
2016-10-28,NWBI.OQ,,3.0,312487250
2016-10-28,NWBI.OQ,,,312487250
2016-10-28,EFSC.OQ,,,162385000
2016-10-28,NWBI.OQ,15.66667,3.0,312487250
2016-11-04,LXU.N,10.0641,,451630000
2016-11-07,LXU.N,8.84615,,451812000
2016-11-07,LXU.N,8.84615,,
2016-11-14,NWBI.OQ,16.33333,,
2016-11-22,EFSC.OQ,36.1,,
2016-11-28,EFSC.OQ,36.9,,
2016-11-28,NWBI.OQ,17.16667,,
2016-11-29,EFSC.OQ,36.8,,162360000
2016-11-29,EFSC.OQ,,,162360000
2016-12-07,EFSC.OQ,38.1,,
2016-12-08,EFSC.OQ,40.6,,161980000
2016-12-08,SCHL.OQ,41.0,,
2016-12-09,EFSC.OQ,42.6,,161923330
2016-12-09,EFSC.OQ,42.6,,
2016-12-15,SCHL.OQ,44.0,,
2016-12-15,SCHL.OQ,44.0,,1776700000
2016-12-16,SCHL.OQ,,,1792050000
2016-12-19,NWBI.OQ,17.5,3.25,
2016-12-19,NWBI.OQ,,3.25,
2016-12-20,NWBI.OQ,17.83333,,
2017-01-12,EFSC.OQ,,,190850000
2017-01-23,LXU.N,,,426550000
2017-01-23,LXU.N,,,452011000
2017-01-23,NWBI.OQ,,,362050750
2017-01-24,EFSC.OQ,,,193350000
2017-01-24,EFSC.OQ,44.0,,193350000
2017-01-24,NWBI.OQ,17.5,,359645750
2017-01-26,EFSC.OQ,45.0,,
2017-01-30,EFSC.OQ,,,187700000
2017-02-14,EFSC.OQ,45.4,,193320000
2017-02-28,LXU.N,9.35898,,426360670
2017-03-01,LXU.N,10.12821,,437628000
2017-03-02,LXU.N,10.89744,,444294670
2017-03-06,NWBI.OQ,,3.2,354273600
2017-03-06,NWBI.OQ,,3.2,
2017-03-06,NWBI.OQ,17.625,3.2,354273600
2017-03-19,SCHL.OQ,45.0,,
2017-03-19,SCHL.OQ,45.0,,1794450000
2017-03-24,SCHL.OQ,,,1779750000
2017-03-27,SCHL.OQ,44.0,,
2017-03-27,NWBI.OQ,17.5,,
2017-03-27,SCHL.OQ,44.0,,1757250000
2017-03-31,LXU.N,11.34615,1.0,
2017-03-31,LXU.N,11.34615,1.0,475942000
2017-04-06,LXU.N,,,468594500
2017-04-20,LXU.N,,,463344000
2017-04-25,EFSC.OQ,46.2,,195840000
2017-04-25,NWBI.OQ,,,376276600
2017-04-26,EFSC.OQ,47.0,,207473330
2017-04-26,LXU.N,,,472263000
2017-04-26,NWBI.OQ,17.25,,352032800
2017-05-01,NWBI.OQ,16.75,,350292800
2017-05-02,LXU.N,,,460537000
2017-05-03,NWBI.OQ,16.5,,331550000
2017-06-15,LXU.N,10.76923,1.0,
2017-06-15,LXU.N,10.76923,1.0,471454000
2017-06-15,LXU.N,10.76923,,
2017-06-22,NWBI.OQ,16.33333,3.25,333787500
2017-06-22,NWBI.OQ,,3.25,
2017-06-22,NWBI.OQ,,3.25,333787500
2017-06-26,NWBI.OQ,15.83333,,
2017-07-07,LXU.N,,,470380000
2017-07-12,NWBI.OQ,,,326314000
2017-07-20,SCHL.OQ,,,1698800000
2017-07-21,SCHL.OQ,,,1681400000
2017-07-24,NWBI.OQ,16.16667,,330225330
2017-07-24,NWBI.OQ,16.16667,,
2017-07-25,EFSC.OQ,46.8,,209105000
2017-07-25,NWBI.OQ,,,330161500
2017-07-26,EFSC.OQ,46.4,,209805000
2017-07-26,EFSC.OQ,,,209805000
2017-07-27,LXU.N,,,448805000
2017-09-17,SCHL.OQ,,,1676800000
2017-09-22,SCHL.OQ,38.0,,1674050000
2017-09-22,SCHL.OQ,38.0,,
2017-09-27,SCHL.OQ,,,1664500000
2017-10-03,EFSC.OQ,46.6,,
2017-10-06,EFSC.OQ,46.8,,210080000
2017-10-23,NWBI.OQ,,,330234500
2017-10-24,EFSC.OQ,47.2,,210845000
2017-10-24,NWBI.OQ,,,330880500
2017-10-26,EFSC.OQ,48.2,,210495000
2017-10-31,LXU.N,,,435216000
2017-10-31,LXU.N,,,511594000
2017-12-06,EFSC.OQ,,,210845000
2017-12-06,EFSC.OQ,48.5,,210845000
2017-12-12,SCHL.OQ,41.0,,
2017-12-12,SCHL.OQ,41.0,,1662650000
2017-12-14,SCHL.OQ,,,1658550000
2017-12-15,SCHL.OQ,,,1655150000
2017-12-21,EFSC.OQ,48.9,,
2017-12-21,NWBI.OQ,16.33333,,
2018-01-04,EFSC.OQ,49.1,,
2018-01-05,EFSC.OQ,,,210820000
2018-01-05,EFSC.OQ,,,228907500
2018-01-22,NWBI.OQ,16.83333,,
2018-01-22,EFSC.OQ,50.3,,
2018-01-22,NWBI.OQ,16.83333,,337978000
2018-01-23,EFSC.OQ,,,229572500
2018-01-23,EFSC.OQ,53.5,,229572500
2018-01-23,NWBI.OQ,,,340358500
2018-01-24,EFSC.OQ,53.6,,
2018-02-26,EFSC.OQ,53.8,,
2018-02-26,NWBI.OQ,16.66667,,
2018-02-27,LXU.N,,,503787000
2018-03-06,LXU.N,10.76923,,
2018-03-06,LXU.N,10.76923,,499616000
2018-03-23,SCHL.OQ,,,1704400000
2018-03-30,SCHL.OQ,,,1748400000
2018-04-03,SCHL.OQ,,,1703700000
2018-04-03,SCHL.OQ,40.0,,1703700000
2018-04-18,NWBI.OQ,,,340371000
2018-04-19,NWBI.OQ,,,336675250
2018-04-23,NWBI.OQ,,,335987250
2018-04-23,NWBI.OQ,16.5,,335987250
2018-04-24,EFSC.OQ,54.0,,229822500
2018-04-25,EFSC.OQ,,,229135000
2018-04-25,EFSC.OQ,55.4,,229135000
2018-04-26,EFSC.OQ,55.6,,
2018-04-26,NWBI.OQ,16.25,,
2018-05-10,EFSC.OQ,56.0,,
2018-06-13,NWBI.OQ,16.66667,,
2018-06-27,EFSC.OQ,57.0,,
2018-07-09,NWBI.OQ,16.83333,,
2018-07-15,SCHL.OQ,43.0,,
2018-07-19,SCHL.OQ,,,1713600000
2018-07-23,NWBI.OQ,,,337007750
2018-07-24,EFSC.OQ,60.6,,229935000
2018-07-24,NWBI.OQ,17.16667,,337415000
2018-07-24,EFSC.OQ,,,229935000
2018-07-24,NWBI.OQ,17.16667,,
2018-07-25,EFSC.OQ,61.0,,
2018-07-26,SCHL.OQ,,,1675700000
2018-08-22,NWBI.OQ,,,338553330
2018-09-21,SCHL.OQ,,,1671000000
2018-09-27,SCHL.OQ,44.0,,1682900000
2018-09-27,SCHL.OQ,44.0,,
2018-10-19,SCHL.OQ,,3.0,
2018-10-19,SCHL.OQ,,3.0,1682900000
2018-10-22,NWBI.OQ,16.5,,338920000
2018-10-23,EFSC.OQ,,,227757500
2018-10-23,NWBI.OQ,16.0,,
2018-10-23,EFSC.OQ,53.8,,227757500
2018-10-23,NWBI.OQ,16.0,,339116000
2018-10-29,EFSC.OQ,52.0,2.2,
2018-10-29,EFSC.OQ,,2.2,
2018-11-02,EFSC.OQ,52.4,,
2018-11-05,EFSC.OQ,53.0,2.0,
2018-11-05,EFSC.OQ,,2.0,
2018-11-19,NWBI.OQ,,,339116000
2018-12-11,EFSC.OQ,53.2,,
2018-12-13,SCHL.OQ,45.0,,1690800050
2018-12-18,EFSC.OQ,52.0,,
2018-12-20,SCHL.OQ,42.0,,1695200000
2018-12-20,SCHL.OQ,42.0,,
2019-01-22,EFSC.OQ,52.2,,285875000
2019-01-22,NWBI.OQ,,,366481250
2019-01-23,EFSC.OQ,52.8,,287225000
2019-01-23,NWBI.OQ,,,368199500
2019-01-23,EFSC.OQ,,,287225000
2019-01-24,EFSC.OQ,53.2,,
2019-02-21,EFSC.OQ,,,287225000
2019-02-24,EFSC.OQ,53.0,,
2019-03-26,EFSC.OQ,,,287952500
2019-03-29,SCHL.OQ,,,1678000000
2019-04-09,EFSC.OQ,,,287277500
2019-04-17,NWBI.OQ,,,371474500
2019-04-18,NWBI.OQ,,,372478500
2019-04-23,EFSC.OQ,52.4,,285744250
2019-04-24,EFSC.OQ,,,285569250
2019-04-24,EFSC.OQ,52.2,,285569250
2019-05-31,SCHL.OQ,35.0,,1640000000
2019-05-31,SCHL.OQ,35.0,,1656000000
2019-05-31,SCHL.OQ,35.0,,
2019-06-13,EFSC.OQ,,2.25,
2019-06-13,EFSC.OQ,52.25,2.25,
2019-06-20,NWBI.OQ,,,372507750
2019-06-25,EFSC.OQ,52.0,,285319250
2019-06-25,EFSC.OQ,,,285319250
2019-07-07,EFSC.OQ,50.25,,
2019-07-07,NWBI.OQ,15.83333,,
2019-07-22,NWBI.OQ,,,369539500
2019-07-23,EFSC.OQ,50.8,2.0,286808500
2019-07-23,EFSC.OQ,50.8,2.0,
2019-07-23,EFSC.OQ,,2.0,
2019-07-24,EFSC.OQ,,,287148500
2019-07-28,SCHL.OQ,,,1689400020
2019-07-29,EFSC.OQ,50.4,,
2019-07-29,NWBI.OQ,,,369586000
2019-08-20,NWBI.OQ,,,368814500
2019-09-05,EFSC.OQ,49.4,,
2019-09-05,NWBI.OQ,15.5,,
2019-09-19,EFSC.OQ,49.16667,2.0,287438800
2019-09-19,EFSC.OQ,49.16667,2.0,
2019-09-19,EFSC.OQ,,2.0,
2019-09-20,SCHL.OQ,39.0,,1690600000
2019-09-24,EFSC.OQ,,,287338800
2019-10-02,LXU.N,6.92308,,
2019-10-02,LXU.N,6.92308,,418082000
2019-10-09,NWBI.OQ,,,368646500
2019-10-10,NWBI.OQ,15.0,,
2019-10-18,NWBI.OQ,15.5,,
2019-10-21,NWBI.OQ,,,366305750
2019-10-22,EFSC.OQ,50.0,,288165400
2019-10-23,EFSC.OQ,,,288743400
2019-10-23,EFSC.OQ,50.33333,,288743400
2019-10-29,LXU.N,,,406162000
2019-11-01,NWBI.OQ,,,365055750
2019-11-04,NWBI.OQ,15.83333,,
2019-11-04,NWBI.OQ,15.83333,,362993500
2019-11-19,EFSC.OQ,,2.0,
2019-11-19,NWBI.OQ,,3.25,
2019-11-20,NWBI.OQ,,3.2,
2019-11-20,NWBI.OQ,,3.2,362994800
2019-12-03,LXU.N,,,370880000
2019-12-09,EFSC.OQ,50.66667,,
2019-12-09,NWBI.OQ,,,363292800
2019-12-13,EFSC.OQ,,2.0,288879250
2019-12-13,EFSC.OQ,49.2,2.0,288879250
2019-12-17,EFSC.OQ,49.8,,
2019-12-20,SCHL.OQ,42.0,,1692000000
2020-01-06,EFSC.OQ,,2.0,289419000
2020-01-06,NWBI.OQ,,,363191000
2020-01-06,EFSC.OQ,50.0,2.0,289419000
2020-01-06,NWBI.OQ,16.0,3.0,363191000
2020-01-06,EFSC.OQ,,2.0,
2020-01-08,EFSC.OQ,50.4,,
2020-01-09,NWBI.OQ,,3.2,
2020-01-09,NWBI.OQ,15.5,3.2,
2020-01-10,NWBI.OQ,,,363283400
2020-01-21,EFSC.OQ,50.8,,303706750
2020-01-23,EFSC.OQ,51.0,,302456750
2020-01-27,NWBI.OQ,14.66667,,
2020-01-27,NWBI.OQ,14.66667,,411482800
2020-01-28,NWBI.OQ,,,410762800
2020-02-14,LXU.N,,,451513000
2020-02-25,LXU.N,,,451494000
2020-03-06,EFSC.OQ,49.8,,301099250
2020-03-06,NWBI.OQ,14.33333,,407934200
2020-03-06,NWBI.OQ,14.33333,,
2020-03-11,LXU.N,7.82692,,422547000
2020-03-11,SCHL.OQ,37.0,,1668000000
2020-03-11,LXU.N,7.82692,,
2020-03-17,EFSC.OQ,,,298099250
2020-03-17,EFSC.OQ,46.8,,298099250
2020-03-17,NWBI.OQ,,,403534200
2020-03-19,EFSC.OQ,42.8,,
2020-03-19,NWBI.OQ,12.66667,,399120000
2020-03-22,SCHL.OQ,30.0,,1585900000
2020-03-22,SCHL.OQ,30.0,,1475700000
2020-03-23,NWBI.OQ,11.33333,,397709600
2020-03-24,EFSC.OQ,40.2,,297214250
2020-03-24,EFSC.OQ,,,297214250
2020-03-30,EFSC.OQ,37.0,,
2020-03-31,EFSC.OQ,34.8,,293739250
2020-03-31,NWBI.OQ,10.5,,395936400
2020-03-31,NWBI.OQ,10.5,,
2020-04-07,LXU.N,,,397965500
2020-04-16,NWBI.OQ,,,390636400
2020-04-21,EFSC.OQ,34.0,,
2020-04-21,EFSC.OQ,34.0,,305717500
2020-04-26,EFSC.OQ,,,311517500
2020-04-27,NWBI.OQ,9.5,,393966400
2020-04-28,NWBI.OQ,9.83333,,397059200
2020-04-28,NWBI.OQ,9.83333,,
2020-04-29,NWBI.OQ,,,396939200
2020-05-05,NWBI.OQ,,,399522600
2020-05-07,LXU.N,,,394906500
2020-05-18,EFSC.OQ,33.4,,
2020-05-18,EFSC.OQ,33.4,,312445000
2020-05-19,LXU.N,8.61538,,387156500
2020-06-03,EFSC.OQ,,,314145000
2020-06-17,EFSC.OQ,33.8,,316145000
2020-06-17,NWBI.OQ,,,400322600
2020-06-18,NWBI.OQ,10.5,3.0,400079170
2020-06-18,NWBI.OQ,10.5,3.0,
2020-06-18,NWBI.OQ,,3.0,
2020-06-30,EFSC.OQ,34.6,,313070000
2020-06-30,NWBI.OQ,,,399804000
2020-07-07,NWBI.OQ,,,399637330
2020-07-17,LXU.N,7.07692,,353582500
2020-07-17,LXU.N,7.07692,,
2020-07-21,EFSC.OQ,35.8,,315715750
2020-07-22,EFSC.OQ,36.0,,315215750
2020-07-22,EFSC.OQ,,,315215750
2020-07-24,EFSC.OQ,36.6,,
2020-07-26,SCHL.OQ,,,1429000000
2020-07-26,SCHL.OQ,28.0,,1429000000
2020-07-27,NWBI.OQ,,,398084330
2020-07-28,NWBI.OQ,,,396386500
2020-07-29,NWBI.OQ,,,396219830
2020-07-30,LXU.N,,,368162000
2020-08-03,NWBI.OQ,,,398943800
2020-08-04,NWBI.OQ,10.125,,398946400
2020-08-13,LXU.N,6.21154,,
2020-08-13,LXU.N,6.21154,,357662000
2020-08-24,EFSC.OQ,36.4,,315104250
2020-08-24,EFSC.OQ,36.4,,
2020-08-31,RXT.OQ,,1.88889,
2020-08-31,RXT.OQ,,1.88889,2648899750
2020-08-31,RXT.OQ,28.11111,1.88889,
2020-09-01,RXT.OQ,28.33333,,
2020-09-01,RXT.OQ,28.33333,,2657545880
2020-09-08,EFSC.OQ,,,316304250
2020-09-08,RXT.OQ,,,2660058380
2020-09-09,SCHL.OQ,26.0,,
2020-09-14,NWBI.OQ,10.25,,397585200
2020-09-14,RXT.OQ,27.66667,,
2020-09-14,NWBI.OQ,10.25,,
2020-09-15,NWBI.OQ,,,397387800
2020-09-27,SCHL.OQ,24.0,,1420300000
2020-10-01,NWBI.OQ,,,398018800
2020-10-09,NWBI.OQ,,,397602800
2020-10-14,NWBI.OQ,,3.0,
2020-10-14,NWBI.OQ,10.4,3.0,398769000
2020-10-20,EFSC.OQ,36.0,,
2020-10-20,EFSC.OQ,36.0,,313609750
2020-10-21,EFSC.OQ,,,310009750
2020-10-21,RXT.OQ,,,2661808380
2020-10-23,RXT.OQ,27.44444,,2666058380
2020-10-26,NWBI.OQ,10.6,,
2020-10-26,NWBI.OQ,10.6,,397841170
2020-10-27,NWBI.OQ,,2.85714,
2020-10-27,NWBI.OQ,,2.85714,396652500
2020-11-01,NWBI.OQ,,,395063000
2020-11-03,NWBI.OQ,10.8,,
2020-11-03,NWBI.OQ,10.8,,394819170
2020-11-04,NWBI.OQ,,,392739800
2020-11-06,LXU.N,,,356773000
2020-11-10,RXT.OQ,27.33333,,2678595880
2020-11-11,RXT.OQ,26.55556,,2693352250
2020-11-11,RXT.OQ,26.55556,,
2020-11-13,RXT.OQ,,,2694102250
2020-11-17,LXU.N,5.80769,,351023000
2020-11-17,NWBI.OQ,11.0,,
2020-11-17,LXU.N,5.80769,,
2020-11-18,EFSC.OQ,36.4,,
2020-11-18,NWBI.OQ,11.5,,
2020-11-20,NWBI.OQ,11.125,,
2020-11-20,NWBI.OQ,11.125,2.83333,394166500
2020-11-25,NWBI.OQ,,2.8,394166500
2020-11-25,NWBI.OQ,,2.8,
2020-12-01,EFSC.OQ,37.4,,309509750
2020-12-04,NWBI.OQ,11.5,,
2020-12-16,NWBI.OQ,12.5,,
2020-12-17,EFSC.OQ,40.0,,341895250
2020-12-17,EFSC.OQ,40.0,,311217250
2020-12-17,NWBI.OQ,13.0,,
2020-12-20,SCHL.OQ,26.0,,1276000000
2020-12-22,RXT.OQ,,1.875,2695304000
2020-12-22,RXT.OQ,25.75,1.875,2695304000
2020-12-28,NWBI.OQ,13.125,,
2021-01-06,LXU.N,,,342337000
2021-01-07,NWBI.OQ,13.375,,394440600
2021-01-13,RXT.OQ,26.0,,
2021-01-25,NWBI.OQ,,2.83333,
2021-01-25,NWBI.OQ,13.875,2.83333,
2021-01-25,RXT.OQ,,1.77778,
2021-01-25,NWBI.OQ,13.875,2.83333,403939800
2021-01-25,RXT.OQ,26.22222,1.77778,2695816000
2021-01-26,EFSC.OQ,43.0,,368817000
2021-01-26,EFSC.OQ,,,368817000
2021-01-27,EFSC.OQ,43.8,,
2021-01-27,NWBI.OQ,,,402083170
2021-02-17,LXU.N,,,343106500
2021-02-17,LXU.N,,,423204500
2021-02-18,RXT.OQ,26.44444,,2978555750
2021-02-19,RXT.OQ,26.875,,
2021-02-19,RXT.OQ,26.875,,3020703500
2021-02-22,RXT.OQ,,,3023253500
2021-02-26,LXU.N,6.19231,,429412500
2021-03-15,LXU.N,7.03846,,446412500
2021-03-15,LXU.N,,,446412500
2021-03-22,NWBI.OQ,,,402916500
2021-03-26,RXT.OQ,,,3023428500
2021-03-29,NWBI.OQ,14.125,,
2021-03-30,EFSC.OQ,48.2,,368377000
2021-03-30,NWBI.OQ,14.375,,
2021-03-31,RXT.OQ,,1.7,3021136440
2021-04-05,EFSC.OQ,49.8,,371970250
2021-04-07,NWBI.OQ,14.75,,
2021-04-07,NWBI.OQ,14.75,,403483170
2021-04-09,LXU.N,,2.0,
2021-04-12,RXT.OQ,27.25,,
2021-04-19,RXT.OQ,27.38889,1.72727,3020142800
2021-04-21,LXU.N,7.42308,,
2021-04-26,NWBI.OQ,,,406518830
2021-04-27,EFSC.OQ,52.0,,381435000
2021-04-28,EFSC.OQ,,,409938000
2021-04-28,EFSC.OQ,55.0,,409938000
2021-04-29,NWBI.OQ,,,407018830
2021-04-30,LXU.N,,,440822000
2021-05-04,EFSC.OQ,55.6,,
2021-05-10,RXT.OQ,26.3125,1.8,
2021-05-10,RXT.OQ,26.3125,1.8,3029642800
2021-05-10,RXT.OQ,26.3125,,
2021-05-11,LXU.N,6.59615,,435352000
2021-05-11,NWBI.OQ,,,406168830
2021-05-11,RXT.OQ,,,3027187000
2021-05-12,RXT.OQ,,1.7,3029487000
2021-05-12,RXT.OQ,,1.7,
2021-05-13,RXT.OQ,,,3026449110
2021-06-09,LXU.N,6.98077,,436807000
2021-06-28,RXT.OQ,26.5,1.63636,3026988400
2021-06-28,RXT.OQ,26.5,1.63636,
2021-06-28,RXT.OQ,,1.63636,
2021-07-07,EFSC.OQ,,,409371750
2021-07-11,NWBI.OQ,,2.85714,
2021-07-11,NWBI.OQ,14.6,2.85714,404801860
2021-07-23,RXT.OQ,,,3027854200
2021-07-26,NWBI.OQ,14.1,,400268860
2021-07-27,EFSC.OQ,54.4,,413424250
2021-07-27,NWBI.OQ,13.7,3.0,396335000
2021-07-27,NWBI.OQ,,3.0,
2021-07-27,NWBI.OQ,13.7,3.0,
2021-07-28,EFSC.OQ,,,424222750
2021-07-28,EFSC.OQ,54.0,,424222750
2021-07-29,EFSC.OQ,53.0,,
2021-07-29,NWBI.OQ,,,394340830
2021-07-30,LXU.N,7.36538,,465085500
2021-07-30,LXU.N,7.36538,,
2021-08-02,NWBI.OQ,,,393089000
2021-08-03,NWBI.OQ,13.4,,392474170
2021-08-03,NWBI.OQ,13.4,,
2021-08-10,LXU.N,,,487011000
2021-08-11,RXT.OQ,24.61111,,3017147640
2021-08-12,LXU.N,7.88462,,493150500
2021-08-12,RXT.OQ,22.5,1.81818,2999775000
2021-08-13,RXT.OQ,,,2996956820
2021-08-13,RXT.OQ,21.25,1.90909,2996956820
2021-08-17,RXT.OQ,20.88889,2.0,
2021-08-17,RXT.OQ,,2.0,
2021-08-20,NWBI.OQ,,,392186430
2021-08-26,EFSC.OQ,,,426472750
2021-09-23,LXU.N,8.26923,,498400500
2021-10-04,LXU.N,9.03846,,503549000
2021-10-04,NWBI.OQ,,,392286430
2021-10-25,NWBI.OQ,13.5,,
2021-10-25,NWBI.OQ,13.5,,393397710
2021-10-26,EFSC.OQ,,,425656750
2021-10-26,EFSC.OQ,54.6,,425656750
2021-10-26,LXU.N,11.36539,,519124000
2021-10-26,NWBI.OQ,,,394254860
2021-10-29,EFSC.OQ,55.0,,
2021-11-12,EFSC.OQ,,,425733750
2021-11-15,RXT.OQ,21.44444,,3000095730
2021-11-15,RXT.OQ,21.44444,,
2021-11-16,RXT.OQ,,,3002997460
2021-11-17,RXT.OQ,,,3003815640
2021-11-17,RXT.OQ,21.66667,,3003815640
2021-11-30,LXU.N,10.79039,,
2021-11-30,LXU.N,10.79039,,547089000
2021-12-10,LXU.N,,,566240500
2021-12-13,NWBI.OQ,13.7,,
2022-01-10,EFSC.OQ,55.2,,
2022-01-24,NWBI.OQ,13.9,,
2022-01-24,EFSC.OQ,,,471253750
2022-01-24,NWBI.OQ,13.9,,392162430
2022-01-25,EFSC.OQ,56.4,,485104500
2022-01-25,NWBI.OQ,,,392469710
2022-01-25,RXT.OQ,20.875,,
2022-01-26,EFSC.OQ,,,489979500
2022-01-26,EFSC.OQ,57.2,,489979500
2022-01-28,EFSC.OQ,58.0,,
2022-02-22,LXU.N,14.675,1.5,587894000
2022-02-22,RXT.OQ,18.4375,2.09091,3301240550
2022-02-22,LXU.N,14.675,1.5,
2022-02-22,LXU.N,,1.5,
2022-02-23,RXT.OQ,15.27778,,
2022-02-23,RXT.OQ,15.27778,2.18182,3263977180
2022-02-25,LXU.N,15.675,,614817500
2022-03-09,EFSC.OQ,,,492622000
2022-03-09,NWBI.OQ,,,392898290
2022-03-17,LXU.N,20.725,,705287500
2022-03-21,EFSC.OQ,57.33333,2.0,488157600
2022-03-21,EFSC.OQ,,2.0,
2022-03-28,NWBI.OQ,,,393479290
2022-03-29,LXU.N,24.725,,
2022-03-29,EFSC.OQ,57.16667,,489916400
2022-03-29,LXU.N,24.725,,775144000
2022-03-29,NWBI.OQ,,,395287860
2022-04-08,RXT.OQ,,2.36364,
2022-04-08,RXT.OQ,,2.36364,3260859000
2022-04-13,NWBI.OQ,13.8,,399059290
2022-04-25,NWBI.OQ,13.7,,394221140
2022-04-25,NWBI.OQ,13.7,,
2022-04-26,EFSC.OQ,55.5,,493791400
2022-04-26,NWBI.OQ,,,391194000
2022-04-26,EFSC.OQ,55.5,,
2022-04-28,EFSC.OQ,,,496151400
2022-05-02,EFSC.OQ,55.0,,
2022-05-02,NWBI.OQ,,,387445000
2022-05-05,LXU.N,,,775723500
2022-05-06,NWBI.OQ,,3.14286,
2022-05-06,NWBI.OQ,13.3,3.14286,
2022-05-10,NWBI.OQ,13.2,,
2022-05-10,NWBI.OQ,13.2,,388554170
2022-05-10,RXT.OQ,14.61111,,3242065910
2022-05-11,RXT.OQ,,2.27273,
2022-05-11,RXT.OQ,14.16667,2.27273,
2022-05-11,RXT.OQ,14.16667,2.27273,3216787090
2022-05-13,RXT.OQ,,,3210423460
2022-05-24,LXU.N,,,832997000
2022-05-25,RXT.OQ,12.72222,,
2022-05-26,EFSC.OQ,,,498351400
2022-06-02,EFSC.OQ,,,498737400
2022-06-02,EFSC.OQ,54.83333,,498737400
2022-06-02,NWBI.OQ,,,389220840
2022-06-17,LXU.N,,,823906000
2022-06-27,NWBI.OQ,,,389922000
2022-06-27,RXT.OQ,12.61111,,
2022-06-28,EFSC.OQ,53.5,,
2022-06-29,EFSC.OQ,52.66667,,499259000
2022-07-07,LXU.N,25.475,,
2022-07-07,EFSC.OQ,52.33333,,500309400
2022-07-07,LXU.N,25.475,,801458000
2022-07-07,NWBI.OQ,13.0,,391305330
2022-07-11,NWBI.OQ,12.4,,393854290
2022-07-11,NWBI.OQ,12.4,,
2022-07-13,NWBI.OQ,,,394811430
2022-07-14,RXT.OQ,12.27778,,
2022-07-15,RXT.OQ,11.72222,2.36364,
2022-07-15,RXT.OQ,,2.36364,
2022-07-15,RXT.OQ,11.72222,2.36364,3209605270
2022-07-20,RXT.OQ,,,3207696180
2022-07-25,NWBI.OQ,12.8,,403866000
2022-07-26,EFSC.OQ,52.5,,507352600
2022-07-26,NWBI.OQ,12.6,,407980710
2022-07-26,EFSC.OQ,52.5,,
2022-07-26,NWBI.OQ,12.6,,
2022-07-27,EFSC.OQ,,,508152600
2022-07-29,LXU.N,,,820088000
2022-08-01,EFSC.OQ,,,514665750
2022-08-01,NWBI.OQ,,,411517500
2022-08-02,LXU.N,,,838013000
2022-08-07,RXT.OQ,,,3204787090
2022-08-09,RXT.OQ,10.33333,,3173482820
2022-08-10,RXT.OQ,7.875,2.90909,3112969730
2022-08-10,RXT.OQ,,2.90909,
2022-08-12,RXT.OQ,7.625,,3103786360
2022-08-12,RXT.OQ,,,3103786360
2022-08-26,NWBI.OQ,13.0,3.16667,412041600
2022-08-30,LXU.N,23.65,1.66667,861885330
2022-09-01,LXU.N,21.975,2.0,862245000
2022-09-06,RXT.OQ,7.33333,3.0,
2022-09-06,RXT.OQ,,3.0,
2022-09-12,LXU.N,23.31667,2.0,909496670
2022-09-14,LXU.N,23.2375,1.75,919197500
2022-09-14,LXU.N,23.2375,1.75,
2022-09-27,RXT.OQ,,,3103077270
2022-09-29,NWBI.OQ,,3.14286,
2022-09-29,NWBI.OQ,13.4,3.14286,411918000
2022-09-30,NWBI.OQ,13.2,,
2022-09-30,RXT.OQ,,,3101468180
2022-09-30,NWBI.OQ,13.2,,411851000
2022-09-30,RXT.OQ,7.22222,,3101468180
2022-10-05,LXU.N,,,916772500
2022-10-06,EFSC.OQ,52.33333,,514148500
2022-10-06,NWBI.OQ,,,412208670
2022-10-10,LXU.N,,,918910000
2022-10-11,RXT.OQ,6.77778,3.09091,
2022-10-11,RXT.OQ,,3.09091,
2022-10-13,RXT.OQ,,,3100740910
2022-10-24,NWBI.OQ,13.3,,416923670
2022-10-25,EFSC.OQ,,1.83333,
2022-10-25,LXU.N,,2.0,
2022-10-25,NWBI.OQ,13.5,,
2022-10-25,EFSC.OQ,56.5,1.83333,520947500
2022-10-25,LXU.N,22.59,2.0,917592400
2022-10-25,NWBI.OQ,13.5,,418557000
2022-10-26,EFSC.OQ,57.83333,,523984000
2022-10-26,EFSC.OQ,57.83333,,
2022-10-31,NWBI.OQ,,,418954400
2022-11-01,LXU.N,22.79,,918568400
2022-11-03,NWBI.OQ,13.7,,
2022-11-03,NWBI.OQ,13.7,,419450670
2022-11-07,LXU.N,23.2375,2.0,917445500
2022-11-07,LXU.N,23.2375,,
2022-11-09,LXU.N,,2.0,918568400
2022-11-09,RXT.OQ,6.66667,,3102786360
2022-11-09,LXU.N,,2.0,
2022-11-10,RXT.OQ,6.5,,3106078820
2022-11-10,RXT.OQ,6.5,,
2022-11-11,LXU.N,,,909340000
2022-11-11,RXT.OQ,,,3107985360
2022-11-14,RXT.OQ,,,3109849000
2022-11-16,RXT.OQ,,,3110706600
2022-11-17,LXU.N,22.59,2.0,
2022-11-17,LXU.N,,2.0,
2022-11-17,LXU.N,22.59,2.0,931768000
2022-11-17,RXT.OQ,6.625,,
2022-11-18,LXU.N,,,931496670
2022-11-21,NWBI.OQ,,3.16667,
2022-11-21,RXT.OQ,6.375,,3110909000
2022-11-21,RXT.OQ,,,3110909000
2022-11-22,LXU.N,22.325,,929218330
2022-11-22,RXT.OQ,5.57143,,
2022-11-24,EFSC.OQ,,1.8,523984000
2022-11-24,NWBI.OQ,,,419450670
2022-11-24,EFSC.OQ,,1.8,
2022-11-24,EFSC.OQ,,1.8,599092000
2022-11-30,LXU.N,21.99286,1.85714,928187140
2022-11-30,LXU.N,,1.85714,
2022-12-12,NWBI.OQ,13.9,,
2022-12-12,NWBI.OQ,13.9,,419431670
2022-12-14,EFSC.OQ,58.6,,
2022-12-16,RXT.OQ,5.28571,,3110818090
2023-01-05,LXU.N,21.70714,,924787140
2023-01-05,LXU.N,21.70714,,
2023-01-09,LXU.N,,,921215710
2023-01-10,LXU.N,21.42143,,919900000
2023-01-13,RXT.OQ,5.0,,3110594000
2023-01-23,LXU.N,20.99286,,910777140
2023-01-23,NWBI.OQ,,,469553170
2023-01-23,LXU.N,,,910777140
2023-01-24,EFSC.OQ,59.2,,626413250
2023-01-24,NWBI.OQ,,,472769830
2023-01-25,EFSC.OQ,60.0,,632370750
2023-01-25,EFSC.OQ,,,632370750
2023-01-29,LXU.N,20.70714,,
2023-01-30,EFSC.OQ,60.2,,
2023-01-30,NWBI.OQ,,,475903800
2023-02-22,LXU.N,20.56429,,
2023-02-22,LXU.N,20.56429,,786460860
2023-02-22,RXT.OQ,4.35714,,3043127640
2023-02-23,RXT.OQ,3.8,,
2023-02-23,RXT.OQ,3.8,,3038262270
2023-02-24,LXU.N,,,780558000
2023-02-24,RXT.OQ,,,3037807730
2023-02-26,LXU.N,20.27857,,770250570
2023-02-28,LXU.N,19.70714,,746236290
2023-02-28,LXU.N,19.70714,,
2023-03-01,LXU.N,,,743434000
2023-03-02,LXU.N,,1.83333,
2023-03-13,LXU.N,,1.85714,
2023-03-13,LXU.N,19.24375,1.85714,734372000
2023-03-13,RXT.OQ,,3.1,3037009000
2023-03-27,NWBI.OQ,13.5,,472801600
2023-03-28,EFSC.OQ,,,627508250
2023-03-28,EFSC.OQ,58.8,,627508250
2023-04-03,NWBI.OQ,13.3,,468941600
2023-04-04,EFSC.OQ,57.6,,
2023-04-04,NWBI.OQ,13.1,,467416000
2023-04-04,NWBI.OQ,,,467416000
2023-04-05,EFSC.OQ,57.0,,
2023-04-05,NWBI.OQ,12.7,,
2023-04-06,EFSC.OQ,55.6,,625258250
2023-04-06,LXU.N,18.74375,,724186290
2023-04-06,NWBI.OQ,,,465616000
2023-04-10,LXU.N,18.49375,,710064860
2023-04-12,LXU.N,18.24375,,701922000
2023-04-13,LXU.N,,2.14286,
2023-04-13,LXU.N,16.99375,2.14286,690207710
2023-04-14,RXT.OQ,3.58571,,
2023-04-18,LXU.N,16.74375,,677122290
2023-04-24,NWBI.OQ,12.1,,450073670
2023-04-24,RXT.OQ,3.51429,,
2023-04-24,NWBI.OQ,12.1,,
2023-04-25,EFSC.OQ,,,627140000
2023-04-25,EFSC.OQ,52.8,,627140000
2023-04-27,EFSC.OQ,51.0,,
2023-05-01,NWBI.OQ,,,447228400
2023-05-01,RXT.OQ,3.35714,,
2023-05-02,LXU.N,16.61875,,679913710
2023-05-03,LXU.N,16.36875,,676832860
2023-05-04,LXU.N,16.24375,,676690000
2023-05-04,LXU.N,16.24375,,
2023-05-05,RXT.OQ,,3.11111,3045454440
2023-05-05,SCHL.OQ,57.0,,
2023-05-05,RXT.OQ,,3.11111,
2023-05-05,SCHL.OQ,57.0,,1717460000
2023-05-05,SCHL.OQ,57.0,,1815864000
2023-05-09,LXU.N,,,654166000
2023-05-09,RXT.OQ,3.07143,,3034154440
2023-05-10,RXT.OQ,2.28571,,2976710000
2023-05-11,LXU.N,14.99375,2.28571,641638330
2023-05-11,LXU.N,,2.28571,
2023-05-12,NWBI.OQ,11.8,,445490330
2023-05-12,RXT.OQ,1.96429,,2953785220
2023-05-12,RXT.OQ,1.96429,,
2023-05-15,LXU.N,14.86875,,638471670
2023-05-15,RXT.OQ,,,2944196330
2023-05-16,LXU.N,14.49375,,640404290
2023-06-07,LXU.N,13.14286,,640404290
2023-06-07,LXU.N,13.14286,,
2023-06-13,LXU.N,,,639690000
2023-06-26,EFSC.OQ,50.2,,625930750
2023-06-26,NWBI.OQ,11.4,,443491330
2023-06-26,EFSC.OQ,50.2,,
2023-06-30,LXU.N,13.0,,636518570
2023-07-05,EFSC.OQ,,,625281750
2023-07-05,NWBI.OQ,11.2,,441841330
2023-07-11,LXU.N,12.71429,,632574290
2023-07-13,NWBI.OQ,11.0,,440241330
2023-07-17,LXU.N,12.5,,
2023-07-17,LXU.N,12.5,,630820430
2023-07-21,SCHL.OQ,,,1786920000
2023-07-24,NWBI.OQ,11.2,,433877000
2023-07-25,EFSC.OQ,49.4,,625091500
2023-07-25,NWBI.OQ,11.4,,432027000
2023-07-25,RXT.OQ,2.10714,,
2023-07-26,EFSC.OQ,48.75,2.0,624341500
2023-07-26,LXU.N,,,631204710
2023-07-26,RXT.OQ,2.14286,3.33333,
2023-07-26,EFSC.OQ,,2.0,624341500
2023-07-26,RXT.OQ,,3.33333,
2023-07-26,EFSC.OQ,,2.0,
2023-07-27,LXU.N,12.57143,,632275000
2023-07-28,LXU.N,12.85714,,626783570
2023-07-28,LXU.N,12.85714,,
2023-07-30,LXU.N,,,615569290
2023-08-01,LXU.N,12.92857,,615426430
2023-08-06,RXT.OQ,2.23571,,
2023-08-08,LXU.N,12.78571,,
2023-08-08,LXU.N,12.78571,,616469290
2023-08-08,RXT.OQ,2.64286,,2935240780
2023-08-09,RXT.OQ,2.78571,,
2023-08-09,RXT.OQ,2.78571,,2944907330
2023-08-11,RXT.OQ,,,2949685110
2023-09-18,RXT.OQ,,,2949240670
2023-09-19,RXT.OQ,2.57143,3.375,2954771000
2023-09-19,RXT.OQ,2.57143,,
2023-09-22,SCHL.OQ,,,1771325000
2023-09-26,EFSC.OQ,48.25,,
2023-10-02,NWBI.OQ,11.0,,
2023-10-02,EFSC.OQ,47.75,,
2023-10-02,NWBI.OQ,11.0,,450347330
2023-10-03,LXU.N,,,620283570
2023-10-05,NWBI.OQ,,,450214000
2023-10-06,RXT.OQ,,3.28571,2954738290
2023-10-09,LXU.N,,,622194140
2023-10-10,NWBI.OQ,,,450430670
2023-10-16,LXU.N,,,622622710
2023-10-17,LXU.N,,,624194140
2023-10-23,NWBI.OQ,10.8,,456332500
2023-10-23,RXT.OQ,2.42857,,
2023-10-23,NWBI.OQ,,,456332500
2023-10-24,EFSC.OQ,44.75,,625730000
2023-10-24,EFSC.OQ,,,625730000
2023-10-24,EFSC.OQ,,,636149250
2023-10-25,EFSC.OQ,43.0,,
2023-10-25,LXU.N,,,630479860
2023-11-03,LXU.N,12.21429,,602908430
2023-11-06,LXU.N,11.57143,,596461570
2023-11-06,RXT.OQ,2.3,3.25,2948521000
2023-11-06,LXU.N,11.57143,,
2023-11-06,RXT.OQ,,3.25,
2023-11-07,RXT.OQ,2.175,,2953571000
2023-11-08,LXU.N,,,597705170
2023-11-08,RXT.OQ,2.05,,2953320990
2023-11-08,RXT.OQ,2.05,,
2023-11-10,RXT.OQ,,,2952445990
2023-11-13,LXU.N,11.28571,,591271830
2023-11-14,RXT.OQ,,,2952385700
2023-11-17,LXU.N,11.14286,,
2023-11-17,LXU.N,11.14286,,589090140
2023-11-20,RXT.OQ,2.01875,,2952791610
2023-12-11,NWBI.OQ,11.2,,
2023-12-12,EFSC.OQ,44.5,,
2023-12-12,SCHL.OQ,,,1769053000
2023-12-15,SCHL.OQ,,,1677544000
2023-12-21,NWBI.OQ,,,436865840
2023-12-21,NWBI.OQ,11.3,,436865840
2023-12-22,EFSC.OQ,46.25,,
2023-12-22,NWBI.OQ,11.5,,
2023-12-29,RXT.OQ,,3.28571,2952718990
2023-12-29,RXT.OQ,,3.28571,
2023-12-29,RXT.OQ,2.09286,3.28571,2952718990
2024-01-08,EFSC.OQ,47.75,,
2024-01-08,NWBI.OQ,11.7,,
2024-01-10,LXU.N,,,591375860
2024-01-12,RXT.OQ,2.10714,,
2024-01-17,RXT.OQ,,,2952990990
2024-01-18,LXU.N,10.85714,,591275860
2024-01-22,NWBI.OQ,12.3,,427134330
2024-01-22,NWBI.OQ,12.3,,
2024-01-23,EFSC.OQ,47.5,,632134250
2024-01-23,NWBI.OQ,,,427001000
2024-01-23,EFSC.OQ,,,632134250
2024-01-24,EFSC.OQ,49.25,,
2024-01-29,NWBI.OQ,,,427761200
2024-01-30,LXU.N,,2.42857,
2024-01-30,LXU.N,10.57143,2.42857,591767290
2024-01-31,LXU.N,10.42857,,590905570
2024-01-31,LXU.N,,,590905570
2024-02-04,RXT.OQ,2.25,3.0,2952233320
2024-02-04,RXT.OQ,,3.0,
2024-02-29,LXU.N,9.92857,2.57143,
2024-02-29,LXU.N,9.92857,2.57143,530199430
2024-02-29,LXU.N,,2.57143,
2024-03-06,LXU.N,9.46429,,533225140
2024-03-07,LXU.N,9.03571,,525668000
2024-03-08,LXU.N,8.75,,
2024-03-08,LXU.N,8.75,,524953710
2024-03-11,LXU.N,,,525525140
2024-03-12,SCHL.OQ,54.0,,
2024-03-12,RXT.OQ,2.08333,,2828024990
2024-03-12,SCHL.OQ,54.0,,1672807000
2024-03-13,RXT.OQ,2.16667,,2778858330
2024-03-13,RXT.OQ,2.16667,,
2024-03-15,RXT.OQ,,,2765525000
2024-03-18,RXT.OQ,2.19167,,2753016670
2024-03-18,RXT.OQ,,,2753016670
2024-03-22,SCHL.OQ,,,1730527000
2024-03-22,SCHL.OQ,,,1667346000
2024-04-03,EFSC.OQ,48.75,,
2024-04-03,NWBI.OQ,,,451750600
2024-04-07,LXU.N,9.0,,
2024-04-08,LXU.N,,,523522290
2024-04-11,NWBI.OQ,,,447525500
2024-04-15,LXU.N,,,520236570
2024-04-16,LXU.N,8.92857,,520258290
2024-04-16,LXU.N,8.92857,,
2024-04-18,LXU.N,,,518258290
2024-04-22,NWBI.OQ,11.5,,423963600
2024-04-23,EFSC.OQ,,,623208500
2024-04-23,EFSC.OQ,47.25,,623208500
2024-04-24,NWBI.OQ,11.4,,422943600
2024-04-25,EFSC.OQ,46.5,,
2024-04-29,LXU.N,8.89286,,518741140
2024-04-29,LXU.N,8.89286,,
2024-05-01,LXU.N,,,517312570
2024-05-06,LXU.N,,,542980000
2024-05-06,RXT.OQ,2.19167,,
2024-05-07,LXU.N,9.03571,,534816000
2024-05-09,RXT.OQ,,,2748766670
2024-05-10,LXU.N,9.10714,,532383670
2024-05-10,RXT.OQ,2.21667,,2722766670
2024-05-10,RXT.OQ,2.21667,,
2024-05-15,RXT.OQ,,,2727060000
2024-05-16,RXT.OQ,,,2715075000
2024-05-17,RXT.OQ,,,2717660000
2024-05-29,LXU.N,9.39286,,533900290
2024-06-09,RXT.OQ,2.24167,,
2024-06-11,LXU.N,9.36429,,532900290
2024-06-25,LXU.N,9.25833,2.83333,531150330
2024-06-25,LXU.N,,2.83333,
2024-07-08,EFSC.OQ,,,622055250
2024-07-09,LXU.N,9.175,,529797000
2024-07-09,LXU.N,9.175,,
2024-07-15,LXU.N,,,529963670
2024-07-16,LXU.N,,,528967500
2024-07-20,SCHL.OQ,52.0,,1649822000
2024-07-23,EFSC.OQ,55.5,,628971750
2024-07-23,NWBI.OQ,11.8,,426409800
2024-07-23,EFSC.OQ,,,628971750
2024-07-24,EFSC.OQ,58.75,,
2024-07-25,NWBI.OQ,12.4,,427409800
2024-07-25,NWBI.OQ,12.4,,
2024-07-26,RXT.OQ,2.26667,,
2024-07-30,NWBI.OQ,,,428637250
2024-08-01,LXU.N,9.3,,527564170
2024-08-07,LXU.N,9.33333,,524230830
2024-08-07,NWBI.OQ,12.8,,432167750
2024-08-07,NWBI.OQ,12.8,,
2024-08-08,RXT.OQ,2.35,,2721080000
2024-08-08,RXT.OQ,2.35,,
2024-08-09,LXU.N,9.25,,
2024-08-09,LXU.N,9.25,,516099000
2024-08-09,NWBI.OQ,,,431174200
2024-08-09,RXT.OQ,,,2722400000
2024-08-12,RXT.OQ,,,2723000000
2024-08-16,RXT.OQ,2.38333,,
2024-08-20,LXU.N,,,515789000
2024-09-03,LXU.N,8.91667,,512824170
2024-09-03,LXU.N,8.91667,,
2024-09-23,SCHL.OQ,44.0,,1649607000
2024-09-23,SCHL.OQ,44.0,,
2024-09-27,SCHL.OQ,,,1653338000
2024-10-01,EFSC.OQ,59.0,,628015000
2024-10-01,LXU.N,,,511324170
2024-10-01,NWBI.OQ,13.0,,
2024-10-01,EFSC.OQ,,,628015000
2024-10-02,EFSC.OQ,58.75,,
2024-10-02,NWBI.OQ,,,430947200
2024-10-09,NWBI.OQ,13.1,,430267200
2024-10-10,LXU.N,9.16667,2.66667,512797500
2024-10-11,LXU.N,9.4,2.6,516886000
2024-10-11,LXU.N,,2.6,
2024-10-22,EFSC.OQ,60.5,,632168250
2024-10-22,EFSC.OQ,,,632168250
2024-10-22,EFSC.OQ,,,633129250
2024-10-23,RXT.OQ,2.66,,
2024-10-24,EFSC.OQ,60.75,,
2024-10-25,RXT.OQ,2.38333,,2721500000
2024-10-29,NWBI.OQ,13.3,,430747200
2024-10-30,LXU.N,9.6,,
2024-10-30,LXU.N,9.6,,515292000
2024-10-31,LXU.N,,,508292000
2024-11-01,LXU.N,,,509492000
2024-11-05,LXU.N,,,516865000
2024-11-05,NWBI.OQ,13.5,,431461400
2024-11-07,LXU.N,,,512692000
2024-11-12,RXT.OQ,2.68333,,2720216670
2024-11-13,RXT.OQ,2.725,,2725866670
2024-11-15,RXT.OQ,2.89167,,2726700000
2024-11-20,NWBI.OQ,,,433601400
2024-11-20,NWBI.OQ,13.9,,433601400
2024-12-03,EFSC.OQ,63.0,,
2024-12-03,NWBI.OQ,14.1,,
2024-12-10,SCHL.OQ,,,1656338000
2024-12-16,LXU.N,9.8,,
2024-12-16,NWBI.OQ,14.3,,
2024-12-17,EFSC.OQ,64.25,,
2024-12-17,NWBI.OQ,14.5,,434046200
2024-12-18,EFSC.OQ,65.75,,
2024-12-19,NWBI.OQ,,3.2,
2024-12-19,NWBI.OQ,14.375,3.2,
2024-12-19,NWBI.OQ,14.375,3.2,434686200
2024-12-20,SCHL.OQ,40.0,,
2025-01-03,LXU.N,9.75,,
2025-01-13,LXU.N,10.15,2.2,
2025-01-13,LXU.N,,2.2,
2025-01-24,NWBI.OQ,,,499558330
2025-01-26,LXU.N,10.4,,
2025-01-27,LXU.N,,,510280000
2025-01-27,NWBI.OQ,,,500441670
2025-01-28,EFSC.OQ,67.0,,658908500
2025-01-28,NWBI.OQ,14.125,,497045000
2025-01-28,EFSC.OQ,,,658908500
2025-01-28,NWBI.OQ,14.125,,
2025-01-31,NWBI.OQ,,,496972000
2025-02-04,NWBI.OQ,13.875,,496377500
2025-02-04,NWBI.OQ,,,496377500
2025-02-07,EFSC.OQ,68.75,,
2025-02-13,LXU.N,,,510080000
2025-02-20,RXT.OQ,2.95,,
2025-02-20,RXT.OQ,2.95,,2689250000
2025-02-21,RXT.OQ,,,2684350000
2025-02-26,LXU.N,,,541768000
2025-02-28,LXU.N,10.25,,
2025-03-02,LXU.N,,,547368000
2025-03-03,LXU.N,10.05,,
2025-03-04,LXU.N,9.85,,
2025-03-04,LXU.N,9.85,,549368000
2025-03-05,LXU.N,,,555210000
2025-03-10,SCHL.OQ,,,1651002000
2025-03-21,SCHL.OQ,35.0,,
2025-03-21,SCHL.OQ,35.0,,1611789000
2025-03-21,SCHL.OQ,35.0,,1699677000
2025-03-24,NWBI.OQ,13.625,,
2025-03-25,EFSC.OQ,68.25,,
2025-03-27,LXU.N,9.4,,
2025-03-27,LXU.N,9.4,,558768000
2025-04-02,NWBI.OQ,13.375,,496494170
2025-04-02,NWBI.OQ,13.375,,
2025-04-03,EFSC.OQ,68.0,,
2025-04-03,LXU.N,,,561768000
2025-04-15,LXU.N,8.8,,563122000
2025-04-15,LXU.N,8.8,,
2025-04-25,RXT.OQ,2.78333,,
2025-04-29,EFSC.OQ,64.75,,678117000
2025-04-29,LXU.N,,,563148000
2025-04-29,NWBI.OQ,,,504660830
2025-04-29,EFSC.OQ,,,678117000
2025-04-30,LXU.N,8.58,,
2025-04-30,LXU.N,8.58,,559348000
2025-04-30,NWBI.OQ,,,515557500
2025-05-01,LXU.N,,,563548000
2025-05-05,EFSC.OQ,63.75,,
2025-05-05,NWBI.OQ,,,524385000
2025-05-06,LXU.N,,,580246670
2025-05-06,RXT.OQ,2.74,,
2025-05-07,NWBI.OQ,,,524268000
2025-05-08,RXT.OQ,2.18,,2677026670
2025-05-09,RXT.OQ,,,2679093330
2025-05-09,RXT.OQ,2.15,,2679093330
2025-05-14,LXU.N,8.68,,571185000
2025-05-16,RXT.OQ,2.10833,,
2025-05-21,NWBI.OQ,,,523909170
2025-05-30,EFSC.OQ,,2.0,
2025-05-30,EFSC.OQ,65.0,2.0,
2025-05-30,LXU.N,8.225,2.25,
2025-05-30,EFSC.OQ,65.0,2.0,679119330
2025-05-30,LXU.N,8.225,2.25,580246670
2025-06-02,RXT.OQ,1.6,3.2,2671112000
2025-06-02,RXT.OQ,,3.2,2671112000
2025-06-02,RXT.OQ,,3.2,
2025-06-20,RXT.OQ,1.5875,,
2025-06-26,EFSC.OQ,,,678196000
2025-06-26,NWBI.OQ,,,523831830
2025-07-03,NWBI.OQ,13.83333,3.0,524570200
2025-07-03,NWBI.OQ,13.83333,3.0,
2025-07-07,NWBI.OQ,,,525350200
2025-07-14,LXU.N,,,585913330
2025-07-22,LXU.N,,2.5,
2025-07-22,LXU.N,8.5375,2.5,
2025-07-23,LXU.N,,,597826670
2025-07-25,SCHL.OQ,,,1659586000
2025-07-29,EFSC.OQ,65.66667,,693607330
2025-07-30,NWBI.OQ,,3.0,
2025-07-30,LXU.N,,,598460000
2025-07-30,NWBI.OQ,13.75,3.0,522910200
2025-07-31,EFSC.OQ,66.0,,703290330
2025-07-31,LXU.N,8.8125,,600460000
2025-07-31,NWBI.OQ,13.5,,521490200
2025-07-31,EFSC.OQ,,,703290330
2025-07-31,LXU.N,8.8125,,
2025-08-04,NWBI.OQ,13.375,,522380600
2025-08-05,EFSC.OQ,67.0,,
2025-08-07,RXT.OQ,,,2673092000
2025-08-08,RXT.OQ,,3.0,
2025-08-08,RXT.OQ,1.75,3.0,2671115000
2025-08-10,SCHL.OQ,,,1699700000
2025-08-11,RXT.OQ,1.63333,,2673865000
2025-08-11,RXT.OQ,1.63333,,
2025-08-19,LXU.N,,,584845000
2025-09-02,SCHL.OQ,36.0,2.0,1681150000
2025-09-02,SCHL.OQ,36.0,,
2025-09-02,SCHL.OQ,36.0,2.0,
2025-09-08,RXT.OQ,,3.0,2673386670
2025-09-08,SCHL.OQ,,,1661093000
2025-09-08,RXT.OQ,,3.0,
2025-09-19,SCHL.OQ,,,1653890000
2025-09-25,EFSC.OQ,67.66667,,703145670
2025-09-25,EFSC.OQ,,,703145670
2025-10-02,LXU.N,,,586845000
2025-10-03,NWBI.OQ,13.4,3.0,522150500
2025-10-06,LXU.N,,,579787500
2025-10-09,EFSC.OQ,68.0,,
2025-10-10,NWBI.OQ,,2.85714,
2025-10-10,NWBI.OQ,13.66667,2.85714,
2025-10-10,NWBI.OQ,13.66667,2.85714,523557570
2025-10-15,EFSC.OQ,67.0,2.2,
2025-10-15,EFSC.OQ,,2.2,
2025-10-28,EFSC.OQ,,,752201670
2025-10-28,EFSC.OQ,,,715366670
2025-10-28,EFSC.OQ,65.0,,715366670
2025-10-28,NWBI.OQ,,,524938430
2025-10-29,LXU.N,8.875,,
2025-10-30,EFSC.OQ,64.5,,
2025-10-30,LXU.N,9.125,,590705000
2025-10-30,NWBI.OQ,13.58333,,525695570
2025-10-30,LXU.N,9.125,,
2025-10-31,NWBI.OQ,13.5,,
2025-10-31,NWBI.OQ,13.5,,526552710
2025-11-03,NWBI.OQ,,,526924140
2025-11-05,LXU.N,,,609410000
2025-11-07,RXT.OQ,1.55,,2673673330
2025-11-07,RXT.OQ,1.55,,
2025-11-10,LXU.N,9.375,,610940000
2025-11-10,RXT.OQ,,,2675340000
2025-11-21,RXT.OQ,1.48333,,
2025-12-01,LXU.N,9.875,,
2025-12-01,LXU.N,9.875,,602780000
2025-12-04,SCHL.OQ,,,1653340000
2025-12-10,LXU.N,,,603030000
2025-12-17,NWBI.OQ,,2.875,
2025-12-17,NWBI.OQ,13.42857,2.875,573997000
2025-12-17,NWBI.OQ,13.42857,2.875,527066130
2025-12-19,SCHL.OQ,,,1622696500
2026-01-12,LXU.N,9.9375,,605242500
2026-01-12,LXU.N,,,605242500
2026-01-19,LXU.N,10.1875,,
2026-01-19,LXU.N,10.1875,,608177500
2026-01-26,EFSC.OQ,64.75,,
2026-01-27,EFSC.OQ,,,758966670
2026-01-27,NWBI.OQ,13.5,,
2026-01-27,EFSC.OQ,65.75,,758966670
2026-01-27,NWBI.OQ,13.5,,577513380
2026-01-28,NWBI.OQ,,,579388380
2026-01-29,EFSC.OQ,66.0,,
2026-01-29,NWBI.OQ,,,597765880
2026-01-30,EFSC.OQ,66.0,2.5,
2026-02-02,NWBI.OQ,13.75,2.85714,609421170
2026-02-02,NWBI.OQ,,2.85714,
2026-02-09,NWBI.OQ,13.83333,,624275290
2026-02-09,NWBI.OQ,,,624275290
2026-02-18,NWBI.OQ,13.85714,2.875,
2026-02-25,EFSC.OQ,66.25,2.4,
2026-02-26,LXU.N,10.6875,,609677500
2026-02-26,RXT.OQ,2.16667,,2669676670
2026-02-26,RXT.OQ,2.16667,,
2026-02-27,RXT.OQ,,,2639683330
2026-03-03,LXU.N,11.1875,,607427500
2026-03-03,LXU.N,11.1875,,
2026-03-04,LXU.N,,,605333330
2026-03-06,SCHL.OQ,,,1622196500
2026-03-08,SCHL.OQ,,3.0,
2026-03-12,LXU.N,12.1875,,610333330
2026-03-20,SCHL.OQ,41.0,,1621264000
2026-03-26,LXU.N,13.875,,655027500
2013-11-20,DAKT.OQ,,1.66667,
2014-03-10,ASTE.OQ,,2.6,
2014-10-20,DAKT.OQ,16.0,,
2014-10-22,ASTE.OQ,40.83333,,971420780
2014-11-10,NAT.N,,2.875,
2014-11-11,NAT.N,9.5,,
2014-11-26,DAKT.OQ,,,613082990
2014-12-09,NAT.N,,,159215000
2015-01-06,NAT.N,10.14286,2.77778,158953250
2015-01-09,NAT.N,,2.6,
2015-01-09,NAT.N,10.625,2.6,160480670
2015-01-12,NAT.N,10.77778,,160898890
2015-01-12,NAT.N,10.77778,,
2015-01-21,NAT.N,,,161344220
2015-01-27,NAT.N,11.11111,,
2015-01-29,NAT.N,11.625,2.33333,161180630
2015-01-29,NAT.N,,2.33333,
2015-02-02,NAT.N,11.55556,,159533630
2015-02-02,NAT.N,11.55556,,
2015-02-04,NAT.N,,,159918780
2015-02-05,NAT.N,,,159533630
2015-02-09,NAT.N,11.88889,,
2015-02-09,NAT.N,11.88889,,227768560
2015-02-10,NAT.N,,,227200220
2015-02-18,DAKT.OQ,16.0,,
2015-02-18,NAT.N,,,221075250
2015-02-24,ASTE.OQ,42.33333,,1042456560
2015-02-25,DAKT.OQ,15.0,,
2015-02-25,DAKT.OQ,15.0,,653524500
2015-02-25,ASTE.OQ,44.66667,,1040412110
2015-02-25,DAKT.OQ,15.0,,600028000
2015-02-26,ASTE.OQ,45.83333,,1040967670
2015-02-26,ASTE.OQ,45.83333,,
2015-03-11,ASTE.OQ,,,1042239890
2015-04-01,NAT.N,,,220933750
2015-04-06,NAT.N,,,221181250
2015-04-21,ASTE.OQ,46.33333,,1062061670
2015-04-21,ASTE.OQ,46.33333,,
2015-04-22,ASTE.OQ,,,1069906110
2015-04-27,NAT.N,11.77778,,
2015-04-28,ASTE.OQ,,,1073156880
2015-05-11,NAT.N,,2.375,
2015-05-11,NAT.N,12.11111,2.375,234148860
2015-05-12,NAT.N,12.5,,
2015-05-12,NAT.N,12.5,,243249570
2015-05-18,NAT.N,,,245833400
2015-05-26,ASTE.OQ,,,1073324670
2015-06-03,DAKT.OQ,,,653751000
2015-06-04,NAT.N,,2.44444,246444500
2015-06-04,NAT.N,,2.44444,
2015-06-05,ASTE.OQ,,,1075865250
2015-06-15,NAT.N,12.61111,,249834500
2015-06-16,ASTE.OQ,47.14286,2.54546,
2015-06-16,ASTE.OQ,,2.54546,
2015-06-16,ASTE.OQ,47.14286,2.54546,1075966560
2015-06-23,DAKT.OQ,,2.0,
2015-06-24,DAKT.OQ,14.0,,
2015-06-25,DAKT.OQ,,2.33333,
2015-06-25,DAKT.OQ,15.0,2.33333,
2015-06-25,DAKT.OQ,15.0,2.33333,654936330
2015-06-29,NAT.N,13.38889,,
2015-06-29,NAT.N,13.38889,,254558860
2015-07-01,ASTE.OQ,,,1074169900
2015-07-01,NAT.N,,,262796710
2015-07-14,NAT.N,13.83333,,
2015-07-15,NAT.N,,2.44444,
2015-07-17,NAT.N,14.38889,,
2015-07-20,NAT.N,14.5,,268684000
2015-07-20,NAT.N,14.5,,
2015-07-21,ASTE.OQ,46.57143,,1053096000
2015-07-22,ASTE.OQ,46.28571,,1041608300
2015-07-22,ASTE.OQ,46.28571,,
2015-07-23,ASTE.OQ,,,1036721500
2015-07-23,NAT.N,,,276464710
2015-07-24,ASTE.OQ,,,1032149300
2015-07-27,NAT.N,14.94444,,285250430
2015-07-30,NAT.N,14.94444,,
2015-07-30,NAT.N,14.94444,2.5,285250430
2015-08-07,NAT.N,,2.71429,285250430
2015-08-07,NAT.N,,2.71429,
2015-08-10,NAT.N,15.16667,,284258860
2015-08-11,NAT.N,14.83333,2.57143,289311430
2015-08-12,NAT.N,15.22222,2.375,287397500
2015-08-12,NAT.N,,2.375,
2015-08-17,NAT.N,15.6875,,292811430
2015-08-17,NAT.N,,,292811430
2015-08-25,DAKT.OQ,,,634607330
2015-08-26,DAKT.OQ,14.0,,624847000
2015-08-26,DAKT.OQ,,,624847000
2015-08-30,ASTE.OQ,46.75,2.36364,
2015-08-30,ASTE.OQ,46.75,,
2015-08-31,NAT.N,15.625,,
2015-09-08,NAT.N,,,290895570
2015-09-14,NAT.N,15.75,,
2015-09-23,DAKT.OQ,,2.0,
2015-09-23,DAKT.OQ,12.66667,2.0,
2015-09-28,ASTE.OQ,,2.27273,1030549300
2015-09-28,ASTE.OQ,,2.27273,
2015-09-29,ASTE.OQ,,,1032049300
2015-09-29,NAT.N,15.125,,
2015-10-08,ASTE.OQ,,,1031343900
2015-10-13,NAT.N,,2.42857,290303290
2015-10-13,NAT.N,14.85714,2.42857,290303290
2015-10-13,NAT.N,,2.42857,
2015-10-20,ASTE.OQ,45.0,,1019831900
2015-10-21,ASTE.OQ,42.875,,
2015-10-21,ASTE.OQ,42.875,,1018341900
2015-10-21,NAT.N,15.0,,
2015-10-23,NAT.N,15.71429,,
2015-10-27,ASTE.OQ,,,1010828630
2015-11-05,ASTE.OQ,43.11111,,
2015-11-05,ASTE.OQ,43.11111,2.09091,
2015-11-06,ASTE.OQ,,2.16667,1010584330
2015-11-09,NAT.N,15.85714,,
2015-11-11,NAT.N,16.0,,291096430
2015-11-12,NAT.N,16.125,2.375,
2015-11-12,NAT.N,16.125,2.375,292879000
2015-11-17,DAKT.OQ,,,624849670
2015-11-17,NAT.N,,,292774670
2015-11-24,DAKT.OQ,11.66667,,615930330
2015-11-24,NAT.N,16.0,2.42857,291129600
2015-11-24,NAT.N,16.0,2.42857,
2015-11-24,NAT.N,16.0,,
2015-11-25,DAKT.OQ,10.83333,,598949330
2015-11-26,ASTE.OQ,,2.09091,1010828630
2015-12-04,ASTE.OQ,43.33333,,
2015-12-07,NAT.N,,,295967500
2016-01-01,NAT.N,,2.33333,
2016-01-01,NAT.N,,2.33333,295967500
2016-01-06,NAT.N,,,295967500
2016-01-19,NAT.N,,,296143800
2016-01-19,NAT.N,14.85714,,296143800
2016-02-02,NAT.N,15.5,,
2016-02-08,NAT.N,15.41667,,295082800
2016-02-08,NAT.N,,,295082800
2016-02-09,NAT.N,15.25,,
2016-02-10,NAT.N,14.91667,,297355330
2016-02-10,NAT.N,14.91667,,
2016-02-15,NAT.N,,,292762400
2016-02-18,NAT.N,,,297355330
2016-02-21,ASTE.OQ,,2.0,
2016-02-21,ASTE.OQ,,2.0,1010828630
2016-02-23,ASTE.OQ,45.22222,,1043436250
2016-02-23,DAKT.OQ,10.16667,,593001670
2016-02-24,ASTE.OQ,45.88889,,1064925250
2016-02-24,DAKT.OQ,10.0,,587272000
2016-02-24,ASTE.OQ,,,1064925250
2016-02-25,ASTE.OQ,46.25,,
2016-02-26,ASTE.OQ,46.75,,1070307110
2016-02-26,ASTE.OQ,,,1070307110
2016-02-29,ASTE.OQ,46.28571,,
2016-03-01,NAT.N,,2.4,
2016-03-01,ASTE.OQ,,,1083470500
2016-03-01,DAKT.OQ,9.66667,,586210670
2016-03-01,NAT.N,14.7,2.4,
2016-03-02,ASTE.OQ,,,1080317250
2016-03-14,NAT.N,,,295082800
2016-03-18,ASTE.OQ,47.33333,,1080317250
2016-03-18,ASTE.OQ,47.33333,1.88889,1080317250
2016-03-18,ASTE.OQ,,,1080317250
2016-03-21,ASTE.OQ,,2.0,
2016-03-28,ASTE.OQ,47.66667,,
2016-04-12,ASTE.OQ,48.16667,,1074817250
2016-04-21,NAT.N,14.4,,
2016-04-26,ASTE.OQ,49.83333,,1063237880
2016-04-27,ASTE.OQ,51.85714,,1063418500
2016-04-27,ASTE.OQ,51.85714,,
2016-04-28,ASTE.OQ,,,1061203130
2016-05-02,ASTE.OQ,,1.9,
2016-05-02,ASTE.OQ,50.0,1.9,
2016-05-02,NAT.N,,,301096200
2016-05-03,ASTE.OQ,,,1053902140
2016-05-04,NAT.N,,2.5,
2016-05-04,NAT.N,14.66667,2.5,301280170
2016-05-09,NAT.N,14.83333,,300260830
2016-05-10,NAT.N,14.5,2.83333,306136000
2016-05-10,NAT.N,14.5,2.83333,
2016-05-10,NAT.N,,2.83333,
2016-05-13,ASTE.OQ,50.5,,
2016-05-16,ASTE.OQ,52.875,,1055565250
2016-05-16,NAT.N,,,313277400
2016-05-16,ASTE.OQ,,,1055565250
2016-06-01,DAKT.OQ,8.0,,596533330
2016-06-02,DAKT.OQ,7.5,,581200000
2016-06-14,ASTE.OQ,53.625,,
2016-06-17,NAT.N,,,306083200
2016-06-20,NAT.N,13.85714,,
2016-06-28,NAT.N,,,301324600
2016-06-30,ASTE.OQ,,,1057744430
2016-06-30,NAT.N,,3.5,
2016-06-30,ASTE.OQ,,1.77778,1057744430
2016-06-30,NAT.N,13.07143,3.5,295737170
2016-07-06,ASTE.OQ,,1.88889,
2016-07-07,NAT.N,,,290720500
2016-07-07,NAT.N,12.92857,,290720500
2016-07-12,ASTE.OQ,53.85714,2.11111,
2016-07-12,ASTE.OQ,53.85714,,
2016-07-18,NAT.N,12.85714,,
2016-07-19,ASTE.OQ,,2.33333,
2016-07-26,ASTE.OQ,57.42857,,1071637860
2016-07-27,ASTE.OQ,59.71429,,1082135860
2016-07-27,NAT.N,12.57143,,
2016-07-27,ASTE.OQ,59.71429,,
2016-07-28,ASTE.OQ,,2.25,1077608500
2016-07-28,ASTE.OQ,,2.25,
2016-08-01,DAKT.OQ,,1.5,
2016-08-01,DAKT.OQ,8.0,1.5,584000000
2016-08-02,ASTE.OQ,,,1080775170
2016-08-08,NAT.N,11.71429,,
2016-08-08,NAT.N,11.71429,,289526670
2016-08-09,NAT.N,,,287413500
2016-08-23,DAKT.OQ,9.5,,594373000
2016-08-23,DAKT.OQ,9.5,,
2016-08-25,NAT.N,11.28571,,
2016-08-26,NAT.N,,,284651500
2016-08-31,ASTE.OQ,60.71429,2.5,
2016-09-06,NAT.N,11.14286,,
2016-09-12,ASTE.OQ,59.5,2.57143,
2016-09-12,ASTE.OQ,59.5,2.57143,1081051600
2016-09-12,ASTE.OQ,,2.57143,
2016-09-27,NAT.N,10.71429,,262818170
2016-09-27,NAT.N,10.71429,,
2016-10-11,NAT.N,,,258451500
2016-10-19,NAT.N,10.14286,,
2016-10-25,ASTE.OQ,,,1093119000
2016-10-26,NAT.N,,3.66667,
2016-10-26,ASTE.OQ,,,1089369400
2016-10-26,NAT.N,9.57143,3.66667,
2016-10-27,ASTE.OQ,,,1089829400
2016-11-10,NAT.N,9.28571,,243570830
2016-11-10,NAT.N,9.28571,,
2016-11-11,ASTE.OQ,60.33333,,
2016-11-16,NAT.N,,3.57143,243917860
2016-11-16,NAT.N,,3.57143,
2016-11-17,NAT.N,,,239937500
2016-11-22,DAKT.OQ,,,598869000
2016-11-23,DAKT.OQ,11.0,,598219000
2016-12-08,ASTE.OQ,61.66667,,
2016-12-16,ASTE.OQ,63.0,,1089769400
2016-12-19,ASTE.OQ,66.14286,,1091619000
2016-12-19,DAKT.OQ,,1.33333,
2016-12-19,NAT.N,,3.625,
2016-12-19,ASTE.OQ,66.14286,2.375,1091619000
2016-12-19,DAKT.OQ,12.5,1.33333,601962670
2016-12-19,NAT.N,9.0,3.625,237953280
2017-01-11,NAT.N,8.875,,238296140
2017-01-13,NAT.N,8.88889,3.55556,237556000
2017-01-13,NAT.N,,3.55556,
2017-01-16,NAT.N,8.0,,237438670
2017-01-16,NAT.N,8.0,,
2017-01-27,NAT.N,,,238237110
2017-02-06,ASTE.OQ,,2.375,
2017-02-06,NAT.N,7.6875,3.55556,224264780
2017-02-06,NAT.N,7.6875,3.55556,
2017-02-06,NAT.N,7.6875,,
2017-02-07,NAT.N,,,218734890
2017-02-08,NAT.N,,,211734890
2017-02-21,ASTE.OQ,65.33333,2.57143,1220846600
2017-02-21,DAKT.OQ,12.25,,595496000
2017-02-21,ASTE.OQ,,2.57143,
2017-02-21,DAKT.OQ,12.25,,
2017-02-22,ASTE.OQ,64.5,,1202474400
2017-02-22,DAKT.OQ,,,590746000
2017-03-02,NAT.N,,3.55556,
2017-03-08,ASTE.OQ,66.0,2.375,
2017-03-08,ASTE.OQ,,2.375,
2017-03-08,ASTE.OQ,66.0,2.375,1200967670
2017-03-14,DAKT.OQ,,,587985670
2017-04-21,NAT.N,7.5625,,210604560
2017-04-21,NAT.N,,,210604560
2017-04-24,NAT.N,7.4375,,
2017-04-25,ASTE.OQ,,,1210548000
2017-04-26,ASTE.OQ,,,1221737500
2017-04-26,ASTE.OQ,66.28571,,1221737500
2017-05-03,NAT.N,,,208971220
2017-05-08,NAT.N,6.27778,,207310560
2017-05-08,NAT.N,,,207310560
2017-05-30,DAKT.OQ,14.0,1.0,
2017-05-30,NAT.N,6.22222,,
2017-05-30,DAKT.OQ,14.0,,
2017-05-31,DAKT.OQ,,2.0,
2017-05-31,DAKT.OQ,,2.0,638319000
2017-06-05,DAKT.OQ,,,619989000
2017-06-06,CARS.N,,1.0,
2017-06-06,CARS.N,,1.0,639928000
2017-06-06,CARS.N,,,639928000
2017-06-22,ASTE.OQ,,2.25,
2017-07-03,ASTE.OQ,,2.375,
2017-07-20,ASTE.OQ,65.28571,,
2017-07-20,CARS.N,25.0,2.0,639564000
2017-07-20,NAT.N,6.11111,3.66667,
2017-07-20,CARS.N,25.0,2.0,
2017-07-20,NAT.N,,3.66667,
2017-07-21,NAT.N,6.0,,200238110
2017-07-21,NAT.N,,,200238110
2017-07-24,ASTE.OQ,65.28571,,
2017-07-25,ASTE.OQ,63.85714,,1206058170
2017-07-26,ASTE.OQ,62.71429,2.625,1194993000
2017-07-26,ASTE.OQ,,2.625,1194993000
2017-07-26,ASTE.OQ,,2.625,
2017-07-27,ASTE.OQ,61.85714,,
2017-08-02,NAT.N,5.88889,,
2017-08-07,NAT.N,5.5,,
2017-08-07,NAT.N,5.5,,193223000
2017-08-09,CARS.N,,,639508000
2017-08-09,NAT.N,,,190460500
2017-08-10,CARS.N,,,637725000
2017-08-22,DAKT.OQ,,,621305500
2017-08-31,DAKT.OQ,,,626671000
2017-09-12,DAKT.OQ,,,625165500
2017-09-19,NAT.N,,,186910500
2017-09-21,CARS.N,30.5,2.0,637316670
2017-09-21,CARS.N,30.5,2.0,
2017-09-29,ASTE.OQ,62.28571,,
2017-10-02,ASTE.OQ,62.66667,,1197097670
2017-10-03,ASTE.OQ,63.0,2.375,1197747670
2017-10-03,NAT.N,,,184452380
2017-10-03,ASTE.OQ,,2.375,
2017-10-03,ASTE.OQ,,2.375,1197747670
2017-10-05,ASTE.OQ,62.0,,
2017-10-16,NAT.N,,,181452000
2017-10-19,NAT.N,5.38889,,179860290
2017-10-23,NAT.N,5.27778,,178036710
2017-10-23,NAT.N,,,178036710
2017-10-24,ASTE.OQ,,,1191099830
2017-10-25,ASTE.OQ,,,1160532670
2017-10-25,ASTE.OQ,57.0,,1160532670
2017-10-25,NAT.N,5.22222,,
2017-10-26,NAT.N,4.85333,,176407130
2017-10-26,NAT.N,,,176407130
2017-10-30,NAT.N,4.79778,,
2017-10-31,CARS.N,,,636455000
2017-11-03,CARS.N,,2.0,
2017-11-03,CARS.N,30.5,2.0,636455000
2017-11-06,NAT.N,,,166776570
2017-11-06,NAT.N,4.29222,,166776570
2017-11-07,NAT.N,4.35333,,
2017-11-08,CARS.N,29.5,,632825670
2017-11-09,CARS.N,,,627216330
2017-11-09,CARS.N,27.5,,627216330
2017-11-21,DAKT.OQ,,,620780000
2017-12-04,CARS.N,31.66667,,
2017-12-05,DAKT.OQ,,,617900000
2017-12-13,DAKT.OQ,14.0,,
2017-12-13,NAT.N,4.24222,,165329500
2017-12-14,NAT.N,,3.44444,
2017-12-14,NAT.N,4.02,3.44444,164936750
2017-12-14,NAT.N,4.02,3.44444,
2017-12-22,ASTE.OQ,58.4,,
2018-01-02,ASTE.OQ,,2.125,
2018-01-02,NAT.N,,,162139880
2018-01-04,NAT.N,,,162427380
2018-01-04,ASTE.OQ,59.4,,
2018-01-04,NAT.N,3.79778,,162427380
2018-01-05,NAT.N,,3.33333,
2018-01-05,CARS.N,33.0,,
2018-01-05,NAT.N,3.74222,3.33333,
2018-01-09,CARS.N,33.83333,,
2018-01-23,ASTE.OQ,61.0,,
2018-01-24,DAKT.OQ,12.0,2.33333,615649500
2018-01-24,NAT.N,3.48667,,161490380
2018-01-24,DAKT.OQ,,2.33333,
2018-01-24,DAKT.OQ,12.0,2.33333,
2018-01-24,NAT.N,3.48667,,
2018-01-26,NAT.N,,,160294380
2018-01-30,NAT.N,,,159622140
2018-02-05,ASTE.OQ,,2.0,
2018-02-09,NAT.N,,,158033290
2018-02-12,NAT.N,2.98667,,176138750
2018-02-13,NAT.N,2.65333,,
2018-02-13,NAT.N,2.65333,,173788880
2018-02-15,CARS.N,34.83333,,
2018-02-15,CARS.N,34.83333,,626242670
2018-02-15,CARS.N,34.83333,,691012000
2018-02-19,NAT.N,,,167187290
2018-02-20,ASTE.OQ,,,1296149670
2018-02-20,DAKT.OQ,,,617929500
2018-02-21,ASTE.OQ,62.8,1.71429,1320833000
2018-02-21,ASTE.OQ,62.8,1.71429,
2018-02-23,ASTE.OQ,,,1333268170
2018-02-27,ASTE.OQ,,,1348841800
2018-03-03,ASTE.OQ,63.8,1.57143,
2018-03-03,ASTE.OQ,,1.57143,
2018-03-07,CARS.N,,,689931330
2018-03-14,NAT.N,2.735,,165536670
2018-03-14,NAT.N,2.735,3.375,165536670
2018-03-14,NAT.N,2.735,,
2018-03-15,ASTE.OQ,64.4,,
2018-03-16,ASTE.OQ,,,1339368170
2018-03-22,CARS.N,,2.25,690341500
2018-03-27,DAKT.OQ,11.0,,617776330
2018-03-27,DAKT.OQ,11.0,,
2018-04-03,CARS.N,34.625,2.0,
2018-04-03,CARS.N,34.625,2.0,690663000
2018-04-13,ASTE.OQ,63.2,,
2018-04-17,ASTE.OQ,,,1337533330
2018-04-17,NAT.N,,3.5,
2018-04-19,NAT.N,,3.57143,165536670
2018-04-19,NAT.N,,3.57143,
2018-04-20,NAT.N,,,160933170
2018-04-20,NAT.N,2.6725,,160933170
2018-04-24,ASTE.OQ,62.8,,1335820330
2018-04-24,NAT.N,2.64125,,
2018-04-24,ASTE.OQ,62.8,,
2018-04-25,ASTE.OQ,,,1331062500
2018-04-25,NAT.N,,,156444830
2018-04-30,NAT.N,,,155214330
2018-05-01,ASTE.OQ,,,1338875000
2018-05-08,NAT.N,,,154097000
2018-05-09,CARS.N,,,690625610
2018-05-10,CARS.N,,,690619010
2018-05-14,CARS.N,,,691247410
2018-05-16,NAT.N,,,144513670
2018-05-17,NAT.N,,,146531330
2018-05-18,DAKT.OQ,,,617642670
2018-05-20,DAKT.OQ,,,617514000
2018-05-20,DAKT.OQ,,,639754000
2018-05-22,NAT.N,,,147028500
2018-05-23,ASTE.OQ,,1.66667,1338875000
2018-05-23,NAT.N,,,141518000
2018-05-24,NAT.N,,3.33333,
2018-05-29,NAT.N,,,142994400
2018-05-30,DAKT.OQ,10.5,,
2018-05-30,NAT.N,2.61625,,
2018-06-01,NAT.N,,,142994400
2018-06-07,DAKT.OQ,,,631158000
2018-06-11,NAT.N,,,137211500
2018-06-13,NAT.N,,,134817000
2018-06-15,NAT.N,,,132285170
2018-06-19,DAKT.OQ,,2.0,631158000
2018-06-19,DAKT.OQ,,2.0,
2018-06-27,CARS.N,,2.33333,
2018-06-27,CARS.N,32.7,2.33333,
2018-06-27,CARS.N,32.7,2.33333,691572840
2018-07-02,NAT.N,,,132541500
2018-07-17,NAT.N,2.6475,,
2018-07-19,NAT.N,,,133513500
2018-07-23,CARS.N,,,691897500
2018-07-24,ASTE.OQ,60.2,2.0,
2018-07-24,ASTE.OQ,60.2,2.0,1320888250
2018-07-25,ASTE.OQ,,,1313851000
2018-07-25,NAT.N,,,133321830
2018-07-26,NAT.N,2.5,,
2018-07-27,NAT.N,,,133155170
2018-07-30,CARS.N,,,691491830
2018-07-31,ASTE.OQ,,,1295550000
2018-08-08,CARS.N,32.3,,683096000
2018-08-09,CARS.N,31.7,,673797000
2018-08-09,CARS.N,31.7,,
2018-08-13,CARS.N,,,666304000
2018-08-14,DAKT.OQ,,,617670000
2018-08-14,NAT.N,,,130121170
2018-08-15,NAT.N,2.42857,,126387830
2018-08-15,NAT.N,2.42857,,
2018-08-24,NAT.N,,,119362000
2018-09-16,NAT.N,2.42857,,
2018-09-16,NAT.N,2.42857,3.25,136135000
2018-09-21,ASTE.OQ,57.75,,
2018-09-21,DAKT.OQ,9.5,,
2018-09-21,ASTE.OQ,57.75,2.2,1295550000
2018-09-21,DAKT.OQ,9.5,,618260000
2018-09-24,NAT.N,,3.125,136135000
2018-09-27,NAT.N,,3.11111,133087140
2018-09-28,ASTE.OQ,,2.0,
2018-09-28,ASTE.OQ,,2.0,1295550000
2018-10-03,NAT.N,2.42857,3.125,118601670
2018-10-12,ASTE.OQ,,,1295550000
2018-10-15,ASTE.OQ,,,1296800000
2018-10-23,ASTE.OQ,48.0,3.0,1244055330
2018-10-23,ASTE.OQ,,,1244055330
2018-10-24,ASTE.OQ,47.33333,3.0,
2018-10-24,NAT.N,2.5125,3.0,122801430
2018-10-24,ASTE.OQ,,3.0,
2018-10-24,NAT.N,2.5125,3.0,
2018-10-25,ASTE.OQ,38.5,,
2018-10-29,NAT.N,,,124521000
2018-11-07,CARS.N,31.5,,665309830
2018-11-07,CARS.N,31.5,,
2018-11-08,CARS.N,,,665141500
2018-11-08,NAT.N,2.70556,2.9,124550560
2018-11-08,NAT.N,,2.9,
2018-11-12,CARS.N,,,665206830
2018-11-12,NAT.N,2.87222,,125359440
2018-11-12,NAT.N,2.87222,,
2018-11-13,CARS.N,,,664563000
2018-11-13,CARS.N,31.3,2.42857,664563000
2018-11-14,NAT.N,,,126170560
2018-11-15,DAKT.OQ,,,608970500
2018-11-21,DAKT.OQ,,,610309500
2018-12-07,CARS.N,,2.5,
2018-12-07,CARS.N,30.58333,2.5,
2018-12-07,NAT.N,,,128903890
2018-12-10,DAKT.OQ,,,603774500
2019-01-01,NAT.N,,,126516880
2019-01-07,NAT.N,2.60625,,
2019-01-09,CARS.N,30.58333,,
2019-01-10,NAT.N,2.55625,,
2019-01-14,NAT.N,,,125829500
2019-01-17,CARS.N,31.41667,2.375,664554570
2019-01-17,CARS.N,,,664554570
2019-01-21,NAT.N,,,127181780
2019-01-22,CARS.N,31.21429,2.125,
2019-01-28,NAT.N,,,127381780
2019-02-08,DAKT.OQ,,,601742000
2019-02-11,NAT.N,2.5875,,129315670
2019-02-11,NAT.N,2.5875,,184685110
2019-02-11,NAT.N,2.5875,,
2019-02-12,NAT.N,,,128826780
2019-02-20,DAKT.OQ,,,596088000
2019-02-20,NAT.N,2.52857,,181004890
2019-02-20,NAT.N,2.52857,,
2019-02-25,NAT.N,,,179238220
2019-02-26,NAT.N,2.55,,
2019-02-28,CARS.N,,2.25,
2019-02-28,CARS.N,30.5,2.25,680587290
2019-03-01,ASTE.OQ,,,1283036330
2019-03-01,CARS.N,29.64286,,661073000
2019-03-04,ASTE.OQ,40.5,,1294120330
2019-03-04,DAKT.OQ,,,583123000
2019-03-04,NAT.N,,,178259780
2019-03-05,CARS.N,28.92857,,
2019-03-05,CARS.N,28.92857,,653224860
2019-03-07,CARS.N,,,648662330
2019-03-18,CARS.N,28.1875,2.33333,648929570
2019-03-18,CARS.N,28.1875,,648929570
2019-03-29,CARS.N,,2.33333,
2019-04-05,NAT.N,,2.88889,171267250
2019-04-05,NAT.N,,2.88889,
2019-04-14,NAT.N,2.55,,
2019-04-23,ASTE.OQ,35.0,,1223024670
2019-04-24,NAT.N,,,174767250
2019-04-29,NAT.N,,,175769750
2019-04-30,NAT.N,,,175269750
2019-05-10,CARS.N,27.8125,,646828000
2019-05-11,CARS.N,27.4375,,
2019-05-13,CARS.N,,,645693750
2019-05-14,CARS.N,27.3125,,645268000
2019-05-14,CARS.N,27.3125,,
2019-05-15,NAT.N,2.62143,,175880630
2019-05-16,NAT.N,2.93333,2.75,176706290
2019-05-17,CARS.N,,,645495000
2019-05-21,NAT.N,3.02,2.71429,
2019-05-21,NAT.N,3.02,2.71429,182923830
2019-05-21,NAT.N,,2.71429,
2019-05-23,DAKT.OQ,9.5,,
2019-05-24,DAKT.OQ,9.0,,583481000
2019-05-29,DAKT.OQ,8.5,,602256000
2019-06-14,DAKT.OQ,6.75,,
2019-06-14,DAKT.OQ,6.75,,587616000
2019-06-26,NAT.N,,,184757170
2019-07-02,CARS.N,,2.11111,
2019-07-04,NAT.N,3.02,,
2019-07-17,ASTE.OQ,33.5,,1222202670
2019-07-23,ASTE.OQ,33.0,,1199083000
2019-08-01,NAT.N,3.2125,,
2019-08-01,NAT.N,3.2125,,190388600
2019-08-02,NAT.N,,2.66667,
2019-08-05,CARS.N,25.78571,2.33333,640232500
2019-08-06,CARS.N,16.58333,2.77778,611565630
2019-08-06,CARS.N,,2.77778,
2019-08-11,NAT.N,,,196285750
2019-08-15,CARS.N,14.75,,605828130
2019-08-15,CARS.N,,,605828130
2019-08-16,NAT.N,3.0875,,
2019-08-16,DAKT.OQ,,,587982000
2019-08-16,NAT.N,3.0875,,193685750
2019-08-28,DAKT.OQ,,,599652500
2019-09-09,DAKT.OQ,,,619745000
2019-09-10,NAT.N,,2.6,183862500
2019-09-12,NAT.N,,2.66667,179775000
2019-09-16,CARS.N,,2.66667,
2019-09-18,CARS.N,14.41667,,
2019-10-02,CARS.N,,,605727130
2019-10-07,NAT.N,3.27,2.33333,
2019-10-07,NAT.N,3.27,2.33333,187808330
2019-10-07,NAT.N,,2.33333,
2019-10-08,ASTE.OQ,33.66667,3.0,1179695330
2019-10-08,DAKT.OQ,7.75,,614342500
2019-10-08,ASTE.OQ,33.66667,3.0,
2019-10-08,DAKT.OQ,7.75,,
2019-10-08,ASTE.OQ,,3.0,
2019-10-14,NAT.N,,,187114500
2019-10-15,CARS.N,,,605614630
2019-10-16,NAT.N,,,187114500
2019-10-18,NAT.N,,,187339500
2019-10-23,NAT.N,3.47,,
2019-10-25,NAT.N,,,195071600
2019-10-28,NAT.N,3.47,,
2019-10-29,ASTE.OQ,,,1164302670
2019-11-04,CARS.N,17.71429,,
2019-11-04,NAT.N,4.27,,
2019-11-06,CARS.N,15.42857,2.44444,606635500
2019-11-06,CARS.N,,2.44444,
2019-11-07,CARS.N,15.57143,,606715380
2019-11-18,CARS.N,15.92857,,607390380
2019-11-19,CARS.N,,2.44444,
2019-11-20,NAT.N,4.24167,2.42857,197633000
2019-11-25,DAKT.OQ,,,612675000
2019-11-25,NAT.N,4.575,2.28571,198251710
2019-11-25,NAT.N,4.575,2.28571,
2019-11-25,NAT.N,,2.28571,
2019-11-27,DAKT.OQ,,,611522500
2019-12-16,ASTE.OQ,37.33333,,
2019-12-17,ASTE.OQ,,2.5,
2019-12-17,ASTE.OQ,45.33333,2.5,
2019-12-17,DAKT.OQ,,,614105000
2019-12-17,NAT.N,,,191025000
2020-01-08,NAT.N,5.03333,,
2020-01-08,NAT.N,5.03333,,189896330
2020-01-17,NAT.N,,,190172250
2020-01-23,NAT.N,5.2,,
2020-01-24,NAT.N,5.28333,,
2020-01-29,NAT.N,5.51667,,190937800
2020-02-18,NAT.N,5.43333,,322036170
2020-02-18,NAT.N,5.43333,,
2020-02-19,DAKT.OQ,,,615766000
2020-02-19,NAT.N,,,327017830
2020-02-20,NAT.N,,,325528500
2020-02-26,DAKT.OQ,7.25,,
2020-02-26,CARS.N,14.78571,,605448500
2020-02-26,DAKT.OQ,7.25,,619752000
2020-02-27,CARS.N,12.14286,,593991880
2020-02-27,NAT.N,,,323145170
2020-02-27,CARS.N,12.14286,,
2020-02-28,ASTE.OQ,,,1162636670
2020-02-28,ASTE.OQ,,,1139407250
2020-03-03,NAT.N,,,325245170
2020-03-04,ASTE.OQ,44.66667,,1116669750
2020-03-04,CARS.N,,,595831430
2020-03-04,ASTE.OQ,44.66667,,
2020-03-05,CARS.N,,2.33333,
2020-03-09,CARS.N,,2.11111,
2020-03-09,CARS.N,11.875,2.11111,
2020-03-11,CARS.N,,,594376500
2020-03-24,CARS.N,11.375,,589025630
2020-03-24,NAT.N,5.26667,,
2020-03-25,ASTE.OQ,,,1089982000
2020-03-27,CARS.N,10.25,,581650630
2020-04-01,ASTE.OQ,48.0,2.0,
2020-04-01,ASTE.OQ,48.0,2.0,1058157000
2020-04-17,CARS.N,9.75,,573863130
2020-04-22,ASTE.OQ,,,1015099250
2020-04-23,ASTE.OQ,44.0,2.5,979463000
2020-04-23,ASTE.OQ,,2.5,
2020-04-24,NAT.N,,,331411830
2020-04-24,NAT.N,5.33333,,331411830
2020-05-03,NAT.N,,2.42857,
2020-05-04,NAT.N,5.58333,,
2020-05-05,CARS.N,8.78125,,
2020-05-05,DAKT.OQ,,3.0,
2020-05-05,CARS.N,8.78125,,565201380
2020-05-05,DAKT.OQ,,3.0,619752000
2020-05-06,ASTE.OQ,,,992152500
2020-05-06,CARS.N,,2.33333,
2020-05-06,ASTE.OQ,43.66667,,992152500
2020-05-06,CARS.N,,2.33333,554654130
2020-05-07,CARS.N,8.96875,,534043500
2020-05-08,CARS.N,,2.55556,
2020-05-10,CARS.N,8.59375,,
2020-05-11,CARS.N,,,520106130
2020-05-13,CARS.N,8.71875,,518768630
2020-05-13,CARS.N,8.71875,,
2020-05-18,NAT.N,5.5,,322717600
2020-05-18,NAT.N,5.5,,
2020-05-19,DAKT.OQ,6.25,,607190000
2020-05-19,DAKT.OQ,6.25,,602641000
2020-05-19,NAT.N,,,324067200
2020-05-25,NAT.N,,,308209000
2020-06-04,ASTE.OQ,47.0,,
2020-06-11,DAKT.OQ,6.75,,613863000
2020-06-17,NAT.N,,2.33333,308209000
2020-06-17,NAT.N,,2.33333,
2020-07-02,NAT.N,5.7,,296767200
2020-07-02,NAT.N,,,296767200
2020-07-14,NAT.N,5.61667,,
2020-07-15,NAT.N,,,294826200
2020-07-21,NAT.N,5.53333,,
2020-07-23,CARS.N,,,516406130
2020-07-30,CARS.N,9.71875,,523961500
2020-07-31,CARS.N,10.03125,,526646880
2020-08-01,CARS.N,10.34375,,
2020-08-03,CARS.N,,,529513630
2020-08-05,ASTE.OQ,52.66667,,1014110250
2020-08-06,ASTE.OQ,58.33333,,1029370750
2020-08-06,ASTE.OQ,58.33333,,
2020-08-12,ASTE.OQ,,,1040068500
2020-08-17,NAT.N,,,268091000
2020-08-18,NAT.N,,,266436330
2020-08-21,DAKT.OQ,6.25,,607100000
2020-08-26,DAKT.OQ,6.75,,547711000
2020-08-26,NAT.N,,,268800670
2020-08-26,DAKT.OQ,,,547711000
2020-08-28,NAT.N,,,266017330
2020-10-08,DAKT.OQ,5.0,,
2020-10-08,NAT.N,5.53333,,
2020-10-14,CARS.N,,,530663630
2020-10-15,CARS.N,,2.33333,
2020-10-15,CARS.N,10.96875,2.33333,532487750
2020-10-20,ASTE.OQ,,2.33333,
2020-10-20,ASTE.OQ,58.5,2.33333,1052469330
2020-10-22,CARS.N,11.09375,,533962750
2020-10-23,NAT.N,5.36667,,262091330
2020-10-23,NAT.N,,,262091330
2020-10-27,NAT.N,5.28333,,
2020-11-04,ASTE.OQ,57.5,,1058791670
2020-11-04,ASTE.OQ,,,1058791670
2020-11-09,CARS.N,11.75,,539207250
2020-11-10,CARS.N,11.9375,,
2020-11-10,CARS.N,11.9375,,540837750
2020-11-11,CARS.N,,,540937750
2020-11-11,NAT.N,5.28333,,
2020-11-13,CARS.N,,,540946630
2020-11-16,DAKT.OQ,,,546533000
2020-11-16,NAT.N,5.03333,,249322400
2020-11-16,NAT.N,5.03333,,
2020-11-19,NAT.N,,,240270670
2020-11-20,CARS.N,12.07143,2.375,541294140
2020-11-20,NAT.N,5.22,,
2020-11-20,CARS.N,,2.375,
2020-11-20,CARS.N,,2.375,541294140
2020-12-02,DAKT.OQ,,,530029000
2020-12-10,ASTE.OQ,62.5,,
2020-12-14,CARS.N,12.5,,
2020-12-15,ASTE.OQ,66.0,,
2020-12-30,ASTE.OQ,,2.5,
2020-12-30,ASTE.OQ,,2.5,1056693750
2020-12-30,ASTE.OQ,65.33333,2.5,1056693750
2021-01-07,NAT.N,,2.6,
2021-01-08,NAT.N,,,242203000
2021-01-10,NAT.N,4.55,2.83333,240036400
2021-01-10,NAT.N,,2.83333,240036400
2021-01-25,CARS.N,12.92857,,
2021-01-26,NAT.N,4.46667,,
2021-01-29,NAT.N,4.38333,,
2021-02-09,DAKT.OQ,6.0,,525313000
2021-02-15,NAT.N,4.58333,,
2021-02-22,ASTE.OQ,67.66667,,
2021-02-24,ASTE.OQ,74.33333,,
2021-02-25,CARS.N,13.21429,,604682860
2021-02-26,NAT.N,3.95833,,
2021-02-26,CARS.N,13.85714,,605540000
2021-02-26,NAT.N,3.95833,2.57143,169959600
2021-02-26,NAT.N,3.95833,2.57143,
2021-03-01,CARS.N,,2.25,
2021-03-01,ASTE.OQ,79.33333,,1143465010
2021-03-01,CARS.N,14.75,2.25,612333710
2021-03-02,CARS.N,,,617505140
2021-03-02,ASTE.OQ,81.66667,,1135138010
2021-03-02,CARS.N,15.125,,617505140
2021-03-04,DAKT.OQ,7.0,,493744000
2021-03-04,DAKT.OQ,7.0,,543094000
2021-03-04,DAKT.OQ,7.0,,
2021-03-15,NAT.N,,,169959600
2021-03-16,NAT.N,,2.66667,
2021-03-29,NAT.N,3.92857,2.71429,158649670
2021-04-01,CARS.N,15.0,,
2021-04-09,CARS.N,,2.14286,
2021-04-09,CARS.N,15.41667,2.14286,613416670
2021-04-09,CARS.N,15.41667,2.14286,
2021-04-19,NAT.N,4.0,2.57143,150326860
2021-04-27,ASTE.OQ,83.0,,1136740010
2021-05-05,ASTE.OQ,,2.0,
2021-05-05,ASTE.OQ,84.33333,2.0,1164595750
2021-05-06,ASTE.OQ,81.66667,,1167445750
2021-05-06,CARS.N,,,614451000
2021-05-06,ASTE.OQ,81.66667,,
2021-05-07,CARS.N,,,614685330
2021-05-07,CARS.N,15.75,,614685330
2021-05-10,CARS.N,17.07143,,
2021-05-11,CARS.N,,,620998250
2021-05-14,CARS.N,17.28571,,620678600
2021-05-14,CARS.N,17.28571,,
2021-05-16,CARS.N,,,620895500
2021-05-21,CARS.N,17.71429,,
2021-05-25,NAT.N,,2.42857,
2021-05-25,NAT.N,4.28571,2.42857,
2021-05-25,NAT.N,4.28571,2.42857,127256000
2021-05-26,NAT.N,,,127198860
2021-05-31,NAT.N,4.28571,,
2021-06-01,NAT.N,,,131667000
2021-06-14,ASTE.OQ,,,1161470750
2021-06-16,ASTE.OQ,80.66667,,1157111250
2021-06-29,NAT.N,,2.28571,
2021-06-29,NAT.N,4.31429,2.28571,
2021-06-30,ASTE.OQ,78.33333,,
2021-06-30,ASTE.OQ,78.33333,,1152111250
2021-07-15,NAT.N,,,128265330
2021-07-19,NAT.N,4.01667,,
2021-07-21,NAT.N,,,123565330
2021-07-22,ASTE.OQ,,,1153586250
2021-07-22,CARS.N,17.57143,,618412170
2021-07-27,NAT.N,3.85,,
2021-08-04,ASTE.OQ,,,1122185250
2021-08-05,CARS.N,17.71429,,
2021-08-05,ASTE.OQ,77.33333,,1118585250
2021-08-05,CARS.N,17.71429,,622250330
2021-08-06,CARS.N,,,622858000
2021-08-11,CARS.N,17.85714,,624544830
2021-08-27,CARS.N,,2.125,
2021-08-27,CARS.N,17.875,2.125,
2021-08-27,CARS.N,17.875,2.125,624238430
2021-08-30,NAT.N,3.51667,,
2021-08-30,NAT.N,3.51667,,103191330
2021-08-31,NAT.N,,,100874670
2021-09-01,DAKT.OQ,,,532175000
2021-09-21,NAT.N,,,99834000
2021-09-29,CARS.N,,,624238430
2021-10-15,ASTE.OQ,72.33333,,1115860250
2021-10-18,ASTE.OQ,67.0,,
2021-10-18,ASTE.OQ,67.0,,1108041250
2021-10-21,NAT.N,,,99834140
2021-10-22,NAT.N,,,93919860
2021-11-02,NAT.N,3.46667,,92781290
2021-11-03,ASTE.OQ,,,1112731250
2021-11-04,ASTE.OQ,,,1114231250
2021-11-04,CARS.N,18.125,,
2021-11-04,ASTE.OQ,68.33333,,1114231250
2021-11-04,CARS.N,18.125,,624544710
2021-11-05,ASTE.OQ,68.33333,2.6,
2021-11-05,CARS.N,,,624109130
2021-11-08,ASTE.OQ,81.33333,,
2021-11-08,ASTE.OQ,81.33333,2.2,
2021-11-08,CARS.N,,,624111130
2021-11-09,CARS.N,18.1875,,
2021-11-09,CARS.N,18.1875,,623773630
2021-11-10,ASTE.OQ,,,1112301250
2021-11-11,CARS.N,,,623828710
2021-11-12,CARS.N,,,623773630
2021-11-12,CARS.N,18.3125,,623773630
2021-11-24,NAT.N,3.3,,77143570
2021-11-26,NAT.N,3.13333,,
2021-11-26,NAT.N,3.13333,,74915000
2021-11-30,NAT.N,,,73557860
2021-12-10,CARS.N,18.8125,,
2021-12-24,DAKT.OQ,8.0,1.0,592952000
2021-12-24,DAKT.OQ,8.0,1.0,
2021-12-24,DAKT.OQ,,1.0,
2022-01-04,CARS.N,19.21429,2.0,623724570
2022-01-04,CARS.N,19.21429,,623724570
2022-01-26,NAT.N,3.09167,,
2022-02-01,CARS.N,,2.125,
2022-02-01,NAT.N,3.00833,,71265000
2022-02-04,ASTE.OQ,,1.8,
2022-02-07,ASTE.OQ,,1.5,
2022-02-07,ASTE.OQ,73.66667,1.5,1111551250
2022-02-08,ASTE.OQ,70.0,,1107126250
2022-02-08,ASTE.OQ,70.0,,
2022-02-15,ASTE.OQ,,,1100751250
2022-02-18,ASTE.OQ,68.66667,,1097286750
2022-02-18,CARS.N,,2.125,
2022-02-24,CARS.N,19.07143,,659419140
2022-02-25,CARS.N,19.35714,,659281290
2022-02-25,NAT.N,2.81,2.5,163935170
2022-02-25,CARS.N,19.35714,,
2022-02-25,NAT.N,2.81,2.5,
2022-02-28,ASTE.OQ,65.33333,,1195596500
2022-02-28,CARS.N,,,661602140
2022-02-28,NAT.N,,,155818500
2022-02-28,ASTE.OQ,65.33333,,
2022-03-01,ASTE.OQ,,,1207621500
2022-03-01,CARS.N,,,663063140
2022-03-03,CARS.N,,,663590330
2022-03-04,NAT.N,,,166460200
2022-03-05,CARS.N,19.57143,,663377430
2022-03-12,DAKT.OQ,,,628800000
2022-03-15,NAT.N,,2.66667,
2022-03-15,NAT.N,2.73,2.66667,
2022-03-15,NAT.N,2.73,2.66667,155695170
2022-04-08,ASTE.OQ,,2.0,
2022-04-08,ASTE.OQ,59.66667,2.0,
2022-04-22,NAT.N,,,180545170
2022-04-26,NAT.N,2.83,,
2022-04-27,NAT.N,2.93,,
2022-05-04,ASTE.OQ,,,1207707750
2022-05-05,ASTE.OQ,,,1213232750
2022-05-05,CARS.N,19.0,,662190710
2022-05-06,CARS.N,,,663835000
2022-05-06,CARS.N,18.85714,,663835000
2022-05-10,CARS.N,17.83333,,
2022-05-31,NAT.N,2.83,,159447500
2022-05-31,NAT.N,2.83,,
2022-06-01,NAT.N,,,156797500
2022-06-09,DAKT.OQ,5.5,,684700000
2022-06-09,DAKT.OQ,5.5,,
2022-06-10,NAT.N,2.9125,2.6,160634800
2022-06-10,NAT.N,2.9125,2.6,
2022-06-14,NAT.N,,,179760000
2022-06-21,CARS.N,17.33333,,662177860
2022-06-21,NAT.N,2.96667,2.5,205540000
2022-06-21,NAT.N,2.96667,2.5,
2022-06-26,NAT.N,,,180036670
2022-06-28,ASTE.OQ,59.0,,1200707750
2022-07-20,NAT.N,2.975,2.6,172198500
2022-07-20,NAT.N,,2.6,172198500
2022-07-20,NAT.N,,2.6,
2022-07-25,NAT.N,3.1,,
2022-08-02,ASTE.OQ,55.66667,,1210995500
2022-08-03,ASTE.OQ,50.66667,,1217470500
2022-08-03,CARS.N,17.66667,,659992570
2022-08-04,CARS.N,18.42857,,
2022-08-04,CARS.N,18.42857,,655813570
2022-08-10,CARS.N,,,655170710
2022-08-13,NAT.N,,,175191000
2022-08-13,NAT.N,3.225,,175191000
2022-08-23,NAT.N,3.225,,
2022-08-25,NAT.N,3.225,,
2022-08-30,NAT.N,,,146959250
2022-09-06,NAT.N,3.475,2.2,151022750
2022-09-07,DAKT.OQ,,,699236000
2022-09-18,NAT.N,3.875,,
2022-09-18,NAT.N,3.875,,166522750
2022-09-18,NAT.N,3.875,2.0,166522750
2022-09-20,CARS.N,18.5,,
2022-09-23,NAT.N,,2.0,
2022-09-26,NAT.N,,,166522750
2022-10-17,ASTE.OQ,,,1219220500
2022-10-17,ASTE.OQ,50.0,,1219220500
2022-10-19,ASTE.OQ,48.33333,,
2022-10-25,NAT.N,4.0,,
2022-10-26,NAT.N,,,165364500
2022-11-02,ASTE.OQ,,,1233651000
2022-11-03,CARS.N,18.92857,,
2022-11-03,CARS.N,18.92857,2.0,
2022-11-03,CARS.N,18.92857,2.0,653106430
2022-11-04,CARS.N,,,652484000
2022-11-07,CARS.N,,,652637000
2022-11-10,CARS.N,,,651950670
2022-11-29,NAT.N,4.125,,
2022-11-29,NAT.N,4.125,,172767250
2022-11-30,NAT.N,,,172983500
2022-12-01,NAT.N,,,182853000
2022-12-02,NAT.N,4.375,,
2022-12-02,NAT.N,4.375,,187028000
2022-12-13,NAT.N,,,186315000
2022-12-16,NAT.N,,,180753330
2023-01-06,CARS.N,,2.125,
2023-01-12,ASTE.OQ,45.33333,,
2023-01-23,NAT.N,,,177533330
2023-01-30,NAT.N,,,175150000
2023-02-01,NAT.N,4.26,2.0,176120000
2023-02-01,NAT.N,,2.0,
2023-02-10,ASTE.OQ,,,1238151000
2023-02-23,CARS.N,21.17857,,687510000
2023-02-27,CARS.N,21.375,,
2023-02-27,NAT.N,4.46,,
2023-02-27,CARS.N,21.375,,685329500
2023-02-27,NAT.N,4.46,,272992250
2023-03-01,ASTE.OQ,50.33333,,1377874750
2023-03-02,CARS.N,,2.14286,
2023-03-02,ASTE.OQ,51.33333,,1391649750
2023-03-02,CARS.N,,2.14286,683295400
2023-03-03,CARS.N,22.04167,,682555400
2023-03-06,NAT.N,,,266984500
2023-03-21,NAT.N,,,273540000
2023-04-17,ASTE.OQ,52.33333,,1394124750
2023-04-24,NAT.N,4.64,,288340330
2023-05-03,ASTE.OQ,51.66667,,1403586500
2023-05-04,CARS.N,21.66667,,
2023-05-04,ASTE.OQ,52.33333,,1393936500
2023-05-04,CARS.N,21.66667,,681079400
2023-05-06,CARS.N,,,681859400
2023-05-10,CARS.N,,,681103800
2023-05-16,DAKT.OQ,8.0,1.0,805100000
2023-05-16,DAKT.OQ,,1.0,
2023-05-16,DAKT.OQ,8.0,1.0,732500000
2023-05-22,NAT.N,4.76,,
2023-05-22,NAT.N,4.76,,297534000
2023-05-30,NAT.N,,,293609000
2023-06-01,CARS.N,,2.16667,681103800
2023-06-27,CARS.N,21.66667,2.14286,681586500
2023-07-17,NAT.N,4.7,,296687200
2023-07-17,NAT.N,4.7,,
2023-07-18,NAT.N,,,296678200
2023-07-19,CARS.N,22.28571,2.125,681831290
2023-07-19,CARS.N,,2.125,
2023-07-20,DAKT.OQ,9.25,,845700000
2023-08-02,ASTE.OQ,55.0,,1389422500
2023-08-03,ASTE.OQ,57.0,,1398103250
2023-08-03,CARS.N,23.35714,,684155140
2023-08-03,CARS.N,,,684155140
2023-08-04,CARS.N,,2.0,
2023-08-04,CARS.N,23.08333,2.0,
2023-08-07,CARS.N,,,684355140
2023-08-10,CARS.N,,,685913330
2023-08-14,CARS.N,23.35714,,
2023-08-28,NAT.N,4.72,,287855000
2023-08-29,NAT.N,4.82,,289545200
2023-08-30,NAT.N,4.82,2.0,
2023-08-30,NAT.N,,2.0,
2023-08-30,NAT.N,4.82,2.0,290121000
2023-09-04,NAT.N,,,286345200
2023-09-06,NAT.N,,,284851200
2023-09-11,DAKT.OQ,12.0,,
2023-09-11,DAKT.OQ,12.0,,880500000
2023-09-14,CARS.N,22.9375,2.125,685910000
2023-09-14,CARS.N,,2.125,
2023-10-12,NAT.N,,,283470600
2023-10-16,NAT.N,,,279558830
2023-10-16,CARS.N,23.16667,,685767140
2023-10-16,NAT.N,4.84,,279558830
2023-10-24,NAT.N,4.94,,
2023-10-26,NAT.N,5.04,,282777670
2023-11-01,ASTE.OQ,46.66667,,1362765000
2023-11-02,ASTE.OQ,,,1348290000
2023-11-02,CARS.N,,2.14286,
2023-11-02,ASTE.OQ,43.66667,,1348290000
2023-11-02,CARS.N,23.0625,2.14286,687378670
2023-11-03,CARS.N,23.35714,,687745330
2023-11-03,CARS.N,23.35714,,
2023-11-06,NAT.N,5.22,,284444330
2023-11-09,NAT.N,5.025,2.0,283109800
2023-11-11,CARS.N,,,688062000
2023-11-29,NAT.N,5.4,2.0,274936670
2023-11-29,NAT.N,,2.0,
2023-12-01,NAT.N,5.24,,275603330
2023-12-01,NAT.N,5.24,,
2023-12-05,NAT.N,,,272103330
2023-12-11,DAKT.OQ,,,854100000
2023-12-18,ASTE.OQ,44.0,,
2023-12-21,CARS.N,,,688062000
2023-12-28,DAKT.OQ,12.8,,
2024-01-04,NAT.N,,,271574170
2024-01-29,NAT.N,5.34,,270907500
2024-02-16,CARS.N,,,688078670
2024-02-22,CARS.N,23.28571,,
2024-02-22,CARS.N,23.28571,,736283330
2024-02-26,CARS.N,,,735691710
2024-02-28,ASTE.OQ,45.0,,1342319250
2024-02-29,ASTE.OQ,46.66667,,
2024-02-29,NAT.N,5.24,,
2024-02-29,ASTE.OQ,46.66667,,1343613250
2024-02-29,CARS.N,,,735825330
2024-02-29,NAT.N,5.24,,312460330
2024-03-05,DAKT.OQ,,,795300000
2024-03-06,CARS.N,,,736458670
2024-03-13,NAT.N,,,330254000
2024-03-20,CARS.N,24.0,2.0,736458670
2024-03-20,CARS.N,24.0,2.0,
2024-03-21,NAT.N,5.24,,
2024-03-26,DAKT.OQ,13.4,,820779000
2024-03-26,DAKT.OQ,13.4,,788389500
2024-04-11,NAT.N,,,326155000
2024-04-19,ASTE.OQ,,1.66667,1336117670
2024-04-19,CARS.N,,,736792000
2024-04-29,NAT.N,5.14,,311116250
2024-05-01,ASTE.OQ,43.33333,2.33333,1307887670
2024-05-01,ASTE.OQ,,2.33333,
2024-05-02,ASTE.OQ,,,1301054330
2024-05-02,ASTE.OQ,40.66667,,1301054330
2024-05-09,CARS.N,,,737072500
2024-05-10,CARS.N,23.42857,2.14286,737075000
2024-05-10,CARS.N,23.42857,2.14286,
2024-05-10,CARS.N,,2.14286,
2024-05-14,CARS.N,,,737130290
2024-05-29,NAT.N,5.1,,309062200
2024-05-29,NAT.N,5.1,,
2024-05-31,NAT.N,,,279962200
2024-06-05,NAT.N,,,283452750
2024-06-19,NAT.N,,,282162200
2024-06-21,NAT.N,5.24,,281468500
2024-06-27,DAKT.OQ,14.9,,833010500
2024-07-01,DAKT.OQ,16.75,,845160500
2024-07-01,DAKT.OQ,16.75,,
2024-07-17,ASTE.OQ,39.33333,,
2024-07-18,ASTE.OQ,40.5,2.0,1304550000
2024-07-18,ASTE.OQ,40.5,2.0,
2024-07-18,ASTE.OQ,,2.0,
2024-07-26,CARS.N,23.28571,,
2024-08-05,CARS.N,23.0,,
2024-08-07,ASTE.OQ,,,1320750000
2024-08-08,ASTE.OQ,,,1328250000
2024-08-08,CARS.N,22.35714,,731279290
2024-08-09,CARS.N,,2.28571,
2024-08-09,CARS.N,22.21429,2.28571,
2024-08-09,CARS.N,22.21429,2.28571,726356430
2024-08-13,CARS.N,,,724456430
2024-08-14,CARS.N,22.21429,,
2024-08-15,CARS.N,,,723111000
2024-08-23,CARS.N,,,722945290
2024-08-29,NAT.N,4.94,,
2024-08-29,NAT.N,4.94,,281953670
2024-08-30,CARS.N,21.75,,
2024-09-04,NAT.N,,,279620330
2024-09-05,DAKT.OQ,,,840466500
2024-09-12,NAT.N,,2.33333,
2024-09-20,NAT.N,,,281300000
2024-09-26,ASTE.OQ,38.5,,1323850000
2024-09-26,DAKT.OQ,,,830133000
2024-10-04,CARS.N,21.41667,,723112430
2024-10-17,CARS.N,21.21429,,
2024-10-17,CARS.N,21.21429,,722541000
2024-10-24,NAT.N,,,270684750
2024-10-28,NAT.N,4.84,,
2024-11-06,ASTE.OQ,40.5,,1320800000
2024-11-07,ASTE.OQ,42.5,,1317500000
2024-11-07,CARS.N,,,721866290
2024-11-08,CARS.N,21.78571,,722820570
2024-11-11,CARS.N,22.0,,
2024-11-11,CARS.N,22.0,,722477710
2024-11-14,CARS.N,,,722565500
2024-11-14,NAT.N,4.74,,
2024-11-29,NAT.N,,,260887400
2024-12-02,NAT.N,4.3,,
2024-12-02,NAT.N,4.3,,252267400
2024-12-03,CARS.N,22.28571,,
2024-12-03,NAT.N,,,247667400
2024-12-09,DAKT.OQ,,,818612500
2024-12-09,DAKT.OQ,22.5,,818612500
2024-12-17,NAT.N,4.175,,
2024-12-19,DAKT.OQ,25.0,,
2025-01-15,NAT.N,4.54,,232566000
2025-01-16,NAT.N,,2.4,
2025-01-22,DAKT.OQ,,1.5,
2025-01-22,DAKT.OQ,25.33333,1.5,
2025-01-22,DAKT.OQ,25.33333,1.5,812108330
2025-01-28,CARS.N,,,722662140
2025-02-12,CARS.N,,,722519290
2025-02-25,DAKT.OQ,,,808537000
2025-02-26,ASTE.OQ,43.0,,
2025-02-26,ASTE.OQ,43.0,,1365000000
2025-02-27,ASTE.OQ,,,1357100000
2025-02-27,CARS.N,20.41667,,752233430
2025-02-28,CARS.N,18.83333,,
2025-02-28,NAT.N,4.44,,
2025-02-28,CARS.N,18.83333,,745154860
2025-02-28,NAT.N,4.44,,268451500
2025-03-04,CARS.N,,,744094140
2025-03-06,DAKT.OQ,,,815670500
2025-03-06,DAKT.OQ,24.66667,,784372670
2025-03-07,NAT.N,,,260602000
2025-03-12,DAKT.OQ,20.66667,,
2025-03-12,DAKT.OQ,20.66667,,777877670
2025-03-14,NAT.N,,,270451500
2025-03-26,NAT.N,,2.4,
2025-03-31,USLM.OQ,105,,
2025-03-31,USLM.OQ,105,,372000000
2025-03-31,USLM.OQ,105,2,372000000
2025-03-31,NAT.N,,,270451500
2025-03-31,USLM.OQ,105,2,
2025-04-08,NAT.N,4.24,,
2025-04-09,CARS.N,,,742845570
2025-04-10,CARS.N,18.5,,
2025-04-29,ASTE.OQ,,,1352850000
2025-04-30,ASTE.OQ,,,1350150000
2025-05-08,CARS.N,,,729244000
2025-05-08,CARS.N,17.16667,,729244000
2025-05-09,CARS.N,17.0,,
2025-05-14,CARS.N,,,726257710
2025-05-15,CARS.N,,,724100670
2025-05-19,CARS.N,16.58333,,723957710
2025-05-26,USLM.OQ,,3,379000000
2025-05-29,NAT.N,,,264915750
2025-05-29,NAT.N,4.075,,264915750
2025-06-17,ASTE.OQ,,,1348750000
2025-06-23,NAT.N,3.5,,
2025-06-27,DAKT.OQ,,,815674500
2025-07-17,CARS.N,,2.14286,
2025-07-22,DAKT.OQ,22.0,,818636330
2025-07-22,DAKT.OQ,,,818636330
2025-08-06,ASTE.OQ,,,1367850000
2025-08-07,ASTE.OQ,44.5,,1384450000
2025-08-07,CARS.N,16.5,,724346860
2025-08-07,CARS.N,16.5,,
2025-08-08,CARS.N,,,723129710
2025-08-11,DAKT.OQ,,2.0,
2025-08-11,DAKT.OQ,23.0,2.0,
2025-08-14,CARS.N,,,722729600
2025-08-15,CARS.N,14.8,,
2025-08-19,CARS.N,15.0,,
2025-08-21,USLM.OQ,125,2,414000000
2025-08-21,CARS.N,16.66667,,
2025-08-21,USLM.OQ,125,2,382000000
2025-08-21,USLM.OQ,,2,
2025-08-22,ASTE.OQ,,1.0,
2025-08-22,ASTE.OQ,,1.0,1359500000
2025-08-22,ASTE.OQ,48.0,1.0,1359500000
2025-08-28,NAT.N,,,223474250
2025-08-29,NAT.N,3.475,2.33333,223379400
2025-08-29,NAT.N,,2.33333,
2025-08-29,NAT.N,3.475,2.33333,
2025-09-10,DAKT.OQ,27.5,,827703000
2025-09-10,NAT.N,,,204224250
2025-09-10,DAKT.OQ,27.5,,
2025-09-11,DAKT.OQ,,,833261670
2025-09-15,NAT.N,3.6,,
2025-09-17,DAKT.OQ,,,837612500
2025-10-03,ASTE.OQ,52.0,,
2025-10-06,CARS.N,16.83333,,722747600
2025-10-06,CARS.N,,,722747600
2025-10-10,NAT.N,,2.4,204224250
2025-10-14,CARS.N,16.71429,,
2025-10-16,ASTE.OQ,54.5,,1366190500
2025-10-23,NAT.N,3.6,2.33333,203979400
2025-10-23,NAT.N,3.6,2.33333,
2025-10-23,NAT.N,,2.33333,
2025-11-06,CARS.N,16.78571,,
2025-11-06,ASTE.OQ,56.0,,1373240500
2025-11-06,CARS.N,16.78571,,722662400
2025-11-07,CARS.N,,,722434400
2025-11-10,ASTE.OQ,56.5,,1384005500
2025-11-24,CARS.N,16.64286,,722578670
2025-11-24,CARS.N,16.64286,,
2025-11-28,NAT.N,,,204613600
2025-12-01,NAT.N,3.85,,
2025-12-01,NAT.N,3.85,,202593600
2025-12-04,NAT.N,,,199793600
2025-12-05,NAT.N,,,193992000
2025-12-09,NAT.N,3.96667,2.2,193639670
2025-12-09,NAT.N,,,193639670
2025-12-09,NAT.N,,2.2,193639670
2025-12-10,DAKT.OQ,28.0,,839662500
2025-12-11,DAKT.OQ,30.0,,843712500
2025-12-11,DAKT.OQ,,,843712500
2025-12-15,NAT.N,4.1,,
2025-12-23,NAT.N,,2.25,
2026-01-04,CARS.N,,,722578670
2026-01-14,CARS.N,16.78571,,722748670
2026-01-28,NAT.N,4.26667,,
2026-02-25,ASTE.OQ,68.5,,1523525000
2026-02-26,CARS.N,14.64286,2.28571,
2026-02-26,NAT.N,5.43333,,
2026-02-26,CARS.N,,2.28571,
2026-02-26,ASTE.OQ,75.5,,1590125000
2026-02-26,CARS.N,14.64286,2.28571,738013330
2026-02-26,NAT.N,5.43333,,291321330
2026-02-27,CARS.N,,,736521670
2026-03-01,CARS.N,,,735071670
2026-03-02,CARS.N,14.08333,,
2026-03-02,DAKT.OQ,32.0,,
2026-03-02,USLM.OQ,138,,465000000
2026-03-04,DAKT.OQ,,,832662500
2026-03-05,CARS.N,,,730145000
2026-03-05,DAKT.OQ,33.0,,837598000
2026-03-05,NAT.N,,,322482000
2026-03-16,ASTE.OQ,73.66667,,1590516670
2026-03-16,ASTE.OQ,73.66667,2.0,1590516670
2026-03-25,ASTE.OQ,,1.5,
2014-02-18,NG.A,,,0
2014-07-11,NG.A,,3.0,
2014-09-29,SAH.N,,2.9,
2014-12-03,SAH.N,27.8,,9295864380
2014-12-03,SAH.N,,,9295864380
2014-12-29,NG.A,3.57,,
2015-01-01,XPRO.N,,2.5,
2015-01-01,XPRO.N,123.0,2.5,1146676850
2015-01-01,XPRO.N,,2.5,1146676850
2015-01-05,NG.A,3.85,,
2015-01-06,SAH.N,28.0,,
2015-01-07,SAH.N,,,9298951380
2015-01-08,NG.A,4.05,,
2015-01-11,XPRO.N,119.14286,,
2015-01-12,NG.A,4.24,,
2015-01-20,NG.A,4.41,,
2015-01-22,XPRO.N,118.71429,,1146523000
2015-01-23,SAH.N,28.0,,
2015-01-26,NG.A,3.69,,
2015-01-26,SAH.N,,,9291206380
2015-02-02,NG.A,4.44,,
2015-02-02,XPRO.N,117.42857,,1145838390
2015-02-02,XPRO.N,117.42857,,
2015-02-03,ATEX.OQ,50.0,2.0,
2015-02-06,XPRO.N,,2.5,
2015-02-09,NG.A,4.24,,
2015-02-09,SAH.N,,,9294206380
2015-02-17,NG.A,4.06,,
2015-02-20,SAH.N,28.4,,
2015-02-23,NG.A,4.64,,
2015-02-23,XPRO.N,,,1145991580
2015-02-24,SAH.N,27.2,,9628281130
2015-02-25,SAH.N,26.83333,,
2015-02-25,SAH.N,26.83333,2.8,9581280750
2015-02-25,XPRO.N,117.23076,2.41177,1076473390
2015-02-25,SAH.N,26.83333,,9581280750
2015-02-25,XPRO.N,,2.41177,
2015-02-26,XPRO.N,113.53846,,1036453150
2015-02-26,XPRO.N,113.53846,,
2015-03-02,NG.A,4.54,,
2015-03-02,XPRO.N,,,1023798540
2015-03-04,XPRO.N,,2.41177,
2015-03-04,SAH.N,,2.8,
2015-03-04,XPRO.N,114.46154,2.41177,
2015-03-05,SAH.N,,,9556335290
2015-03-09,NG.A,4.14,,
2015-03-09,XPRO.N,114.92308,,1020337000
2015-03-11,SAH.N,26.66667,,9551435630
2015-03-11,SAH.N,26.66667,,
2015-03-13,NG.A,,3.0,
2015-03-16,XPRO.N,114.46154,,1022104540
2015-03-16,XPRO.N,114.46154,,
2015-03-18,XPRO.N,,,1045135310
2015-03-23,XPRO.N,113.53846,,
2015-03-24,SAH.N,,,9553148130
2015-04-01,XPRO.N,114.0,,1046135310
2015-04-02,SAH.N,,3.0,
2015-04-02,SAH.N,25.6,3.0,
2015-04-06,ATEX.OQ,63.5,1.5,
2015-04-06,ATEX.OQ,63.5,1.5,3800000
2015-04-09,SAH.N,,,9560465500
2015-04-10,SAH.N,,,9559338000
2015-04-10,XPRO.N,,2.52941,
2015-04-13,XPRO.N,114.46154,,
2015-04-13,XPRO.N,114.46154,,1023677620
2015-04-14,XPRO.N,,,1020816080
2015-04-20,XPRO.N,,,1019739150
2015-04-21,SAH.N,,,9581973000
2015-04-22,SAH.N,,,9563467630
2015-04-26,XPRO.N,116.30769,,1018018770
2015-04-28,SAH.N,,,9525943290
2015-04-29,XPRO.N,122.76924,,1027537850
2015-04-30,XPRO.N,125.53846,,1036407690
2015-05-04,XPRO.N,128.76923,,1064396150
2015-05-28,SAH.N,,,9563594880
2015-06-02,XPRO.N,129.23076,,1063465390
2015-06-11,XPRO.N,128.14286,2.55556,1061646430
2015-06-11,XPRO.N,,2.55556,
2015-06-17,ATEX.OQ,68.66667,1.33333,
2015-06-17,ATEX.OQ,68.66667,1.33333,3542000
2015-06-17,ATEX.OQ,68.66667,,
2015-06-24,XPRO.N,128.57142,,1060432140
2015-06-24,XPRO.N,128.57142,,
2015-07-06,XPRO.N,,,1057707500
2015-07-07,XPRO.N,128.14286,,1056552710
2015-07-13,SAH.N,26.2,,
2015-07-14,SAH.N,,,9577561880
2015-07-20,SAH.N,,,9554412250
2015-07-21,SAH.N,,,9541487250
2015-07-22,SAH.N,26.4,2.77778,9569697250
2015-07-22,SAH.N,26.4,2.77778,
2015-07-22,SAH.N,26.4,,
2015-07-27,SAH.N,,,9557853670
2015-07-29,NG.A,,,0
2015-08-03,SAH.N,,2.75,9557853670
2015-08-03,SAH.N,,2.75,
2015-08-05,XPRO.N,116.14286,,1029729860
2015-08-06,XPRO.N,107.14286,,1020537210
2015-08-10,XPRO.N,105.0,,
2015-08-10,XPRO.N,105.0,,1015695790
2015-08-12,ATEX.OQ,,,3592000
2015-08-12,XPRO.N,,,1014496850
2015-08-13,XPRO.N,,,1014504540
2015-08-18,ATEX.OQ,,,3627950
2015-08-23,XPRO.N,104.57142,,
2015-08-23,XPRO.N,104.57142,,1014266080
2015-08-25,SAH.N,,,9577400140
2015-08-31,XPRO.N,,,1016110210
2015-09-04,XPRO.N,,,1013062430
2015-09-09,SAH.N,,2.77778,
2015-09-09,SAH.N,,2.77778,9579600130
2015-09-11,XPRO.N,104.14286,,1012925290
2015-09-11,XPRO.N,104.14286,,
2015-09-14,XPRO.N,,,1011916360
2015-09-17,XPRO.N,103.28571,,
2015-09-18,XPRO.N,104.57143,,
2015-09-21,XPRO.N,103.28571,,
2015-09-22,ATEX.OQ,,1.0,
2015-10-05,XPRO.N,102.42857,,
2015-10-05,XPRO.N,102.42857,,1011559210
2015-10-07,XPRO.N,,,1010673500
2015-10-12,SAH.N,26.4,,
2015-10-13,XPRO.N,,,1010294640
2015-10-14,NG.A,,,0
2015-10-14,SAH.N,,,9589570380
2015-10-16,XPRO.N,,2.57895,
2015-10-16,SAH.N,25.66667,,
2015-10-16,XPRO.N,,2.57895,1009608330
2015-10-22,SAH.N,,,9593008000
2015-10-28,SAH.N,,2.8,
2015-10-28,SAH.N,26.0,2.8,9608440440
2015-10-29,SAH.N,26.16667,,
2015-10-29,SAH.N,26.16667,,9626273780
2015-11-03,XPRO.N,103.92857,,1006928070
2015-11-04,XPRO.N,104.78571,2.63158,
2015-11-04,SAH.N,,,9614285500
2015-11-04,XPRO.N,104.78571,2.63158,1002717400
2015-11-06,XPRO.N,,,1001644070
2015-11-09,SAH.N,,2.7,
2015-11-09,SAH.N,26.16667,2.7,9616717630
2015-11-09,XPRO.N,,,995333000
2015-11-10,SAH.N,26.33333,,
2015-11-10,SAH.N,26.33333,,9623092440
2015-11-11,ATEX.OQ,,,3427950
2015-12-01,XPRO.N,105.8,2.52632,
2015-12-07,ATEX.OQ,,,3500000
2015-12-08,ATEX.OQ,,,3380350
2015-12-14,XPRO.N,108.9375,2.45,995593440
2015-12-14,XPRO.N,,2.45,995593440
2015-12-14,XPRO.N,,2.45,
2015-12-18,XPRO.N,108.5625,,
2015-12-21,XPRO.N,,,995536940
2015-12-31,XPRO.N,108.375,,995116310
2016-01-03,SAH.N,,,9623322000
2016-01-08,SAH.N,26.16667,,
2016-01-11,XPRO.N,107.25,,994576940
2016-01-12,XPRO.N,104.25,,994326940
2016-01-13,XPRO.N,102.9375,,994426940
2016-01-13,XPRO.N,,,994426940
2016-01-20,XPRO.N,101.0625,,
2016-01-21,SAH.N,25.85714,2.54546,9619499800
2016-01-21,SAH.N,,2.54546,
2016-01-25,SAH.N,25.42857,,9618910200
2016-01-25,XPRO.N,,2.5,
2016-01-26,SAH.N,24.85714,,9630480200
2016-01-29,NG.A,,,0
2016-02-01,XPRO.N,101.8,2.47368,994482070
2016-02-01,XPRO.N,101.8,,994482070
2016-02-05,NG.A,,,0
2016-02-10,ATEX.OQ,78.0,,
2016-02-16,ATEX.OQ,,,3522500
2016-02-23,SAH.N,24.0,,9996356000
2016-02-24,SAH.N,23.57143,,9996981100
2016-02-24,SAH.N,23.57143,,
2016-02-26,XPRO.N,,2.44444,
2016-02-29,SAH.N,,,9987581100
2016-02-29,XPRO.N,99.0,2.47368,799090530
2016-02-29,XPRO.N,,2.47368,
2016-03-01,SAH.N,,,9955549780
2016-03-01,XPRO.N,97.8,,762187470
2016-03-02,XPRO.N,94.875,,723861690
2016-03-04,SAH.N,,,9953321700
2016-03-07,SAH.N,,,9951584800
2016-03-07,XPRO.N,94.125,,700259130
2016-03-10,XPRO.N,,,699249190
2016-03-10,XPRO.N,94.5,,699249190
2016-03-11,XPRO.N,94.875,,
2016-03-17,XPRO.N,,,691172470
2016-03-29,XPRO.N,,,691905800
2016-03-31,NG.A,,,0
2016-04-05,XPRO.N,,,691832470
2016-04-06,SAH.N,,,9951604800
2016-04-08,ATEX.OQ,79.0,,
2016-04-11,SAH.N,22.875,2.58333,9964513460
2016-04-11,XPRO.N,94.6875,,688619530
2016-04-11,SAH.N,,2.58333,
2016-04-11,SAH.N,22.875,2.58333,
2016-04-11,XPRO.N,,,688619530
2016-04-13,NG.A,,,0
2016-04-18,SAH.N,,,9958331640
2016-04-18,XPRO.N,96.1875,,
2016-04-19,XPRO.N,,2.52632,684292060
2016-04-19,XPRO.N,,2.52632,
2016-04-20,XPRO.N,97.6875,,
2016-04-26,SAH.N,23.0625,,
2016-04-26,SAH.N,23.0625,,9896238000
2016-04-27,SAH.N,,,9889056360
2016-04-27,XPRO.N,100.55625,,656410810
2016-04-28,SAH.N,,,9875420000
2016-04-28,XPRO.N,97.59375,,601235060
2016-04-29,XPRO.N,98.9,2.5,
2016-04-29,XPRO.N,,2.5,
2016-04-29,SAH.N,,,9869938180
2016-04-29,XPRO.N,98.9,2.5,591273400
2016-05-02,XPRO.N,,,575820070
2016-05-03,SAH.N,,,9850237180
2016-05-04,XPRO.N,,,570817930
2016-05-10,XPRO.N,99.7,,570638730
2016-05-10,XPRO.N,,,570638730
2016-05-16,SAH.N,,2.72727,9851160900
2016-05-16,SAH.N,,2.72727,
2016-05-16,SAH.N,22.92857,2.72727,9851160900
2016-05-16,XPRO.N,99.3,,
2016-05-20,SAH.N,23.07143,,
2016-05-20,XPRO.N,,,567732070
2016-05-31,ATEX.OQ,61.0,,
2016-06-01,XPRO.N,99.7,,
2016-06-01,XPRO.N,99.7,,567228800
2016-06-02,XPRO.N,,,566495470
2016-06-10,SAH.N,,,9843825400
2016-06-13,ATEX.OQ,46.5,,6352500
2016-06-13,ATEX.OQ,46.5,,
2016-06-14,ATEX.OQ,,,4902500
2016-06-14,XPRO.N,,,566642130
2016-06-21,SAH.N,22.71429,,9836652400
2016-06-22,XPRO.N,99.3,2.52632,565727000
2016-06-24,SAH.N,22.0,,9833949400
2016-06-24,SAH.N,22.0,,
2016-06-28,NG.A,,,0
2016-06-29,XPRO.N,97.3,2.57895,562189500
2016-07-06,SAH.N,,,9818865100
2016-07-11,XPRO.N,96.3,2.68421,
2016-07-11,NG.A,,,0
2016-07-11,XPRO.N,96.3,2.68421,561664500
2016-07-15,SAH.N,21.5,,9807541000
2016-07-18,XPRO.N,,,560932000
2016-07-26,SAH.N,21.375,,9687154550
2016-07-27,SAH.N,21.25,,9634954360
2016-07-27,SAH.N,21.25,,
2016-07-28,SAH.N,,2.7,9639479800
2016-07-28,XPRO.N,94.3,2.73684,550125750
2016-07-28,SAH.N,,2.7,
2016-07-28,XPRO.N,,2.73684,
2016-07-29,XPRO.N,88.7,,524863880
2016-08-01,SAH.N,,,9620792700
2016-08-01,XPRO.N,86.1,,503582190
2016-08-01,XPRO.N,86.1,,
2016-08-04,XPRO.N,,,490329620
2016-08-05,XPRO.N,83.67857,,
2016-08-09,ATEX.OQ,44.0,,
2016-08-09,ATEX.OQ,44.0,,4641000
2016-08-10,ATEX.OQ,,,4991000
2016-08-10,SAH.N,21.25,2.66667,9613936330
2016-08-10,SAH.N,21.25,2.66667,
2016-08-10,SAH.N,21.25,,
2016-08-12,XPRO.N,79.96154,2.83333,490329620
2016-08-16,XPRO.N,78.53571,2.94737,491591790
2016-08-16,XPRO.N,,2.94737,
2016-08-19,XPRO.N,76.82142,,491312330
2016-08-24,XPRO.N,,3.0,
2016-08-24,XPRO.N,,3.0,490745940
2016-08-24,XPRO.N,73.17857,3.0,490745940
2016-09-06,NG.A,,,0
2016-09-26,NG.A,,2.0,
2016-09-26,NG.A,,2.0,0
2016-09-29,XPRO.N,72.32143,,
2016-10-04,XPRO.N,73.17857,,
2016-10-07,XPRO.N,,,491683440
2016-10-10,XPRO.N,73.17857,,490877190
2016-10-10,XPRO.N,73.17857,,
2016-10-12,SAH.N,,,9609991560
2016-10-13,SAH.N,,2.625,9615865500
2016-10-13,SAH.N,,2.625,
2016-10-18,XPRO.N,,,490811560
2016-10-26,XPRO.N,72.32143,,
2016-10-31,XPRO.N,71.89286,,
2016-11-01,SAH.N,20.625,,
2016-11-01,SAH.N,20.625,,9638516750
2016-11-02,SAH.N,,,9668566750
2016-11-02,XPRO.N,69.75,3.05263,490833940
2016-11-02,XPRO.N,,3.05263,
2016-11-03,SAH.N,20.375,,
2016-11-03,SAH.N,20.375,,9673441750
2016-11-03,XPRO.N,68.46429,,489177690
2016-11-04,ATEX.OQ,,,4751500
2016-11-04,XPRO.N,67.07143,,486611880
2016-11-07,SAH.N,,,9683628000
2016-11-07,XPRO.N,68.32,,486068130
2016-11-09,XPRO.N,67.92,,486086880
2016-11-09,XPRO.N,67.92,,
2016-11-18,XPRO.N,,,485519330
2016-12-01,XPRO.N,68.32,,
2016-12-07,XPRO.N,69.3,,
2016-12-14,XPRO.N,70.05,,
2016-12-16,XPRO.N,70.8,3.1579,485593870
2016-12-16,XPRO.N,70.8,3.1579,
2016-12-16,XPRO.N,,3.1579,
2016-12-23,SAH.N,20.875,,
2017-01-03,SAH.N,21.375,,
2017-01-04,XPRO.N,,,485744000
2017-01-09,XPRO.N,71.55,,
2017-01-09,XPRO.N,71.55,,485653330
2017-01-10,SAH.N,,2.75,
2017-01-19,SAH.N,,,9682692250
2017-01-19,XPRO.N,,,485843750
2017-01-23,XPRO.N,,,486412500
2017-01-27,SAH.N,22.25,,
2017-01-31,SAH.N,,,9685934000
2017-02-03,XPRO.N,68.32,3.22222,486306670
2017-02-03,XPRO.N,68.32,,486306670
2017-02-03,XPRO.N,68.32,,
2017-02-06,XPRO.N,,3.22222,
2017-02-07,ATEX.OQ,,,4920500
2017-02-08,ATEX.OQ,,,4970500
2017-02-16,XPRO.N,,,486313330
2017-02-16,XPRO.N,,,474360330
2017-02-21,SAH.N,,2.77778,
2017-02-21,SAH.N,,2.77778,9954507670
2017-02-22,SAH.N,22.375,,
2017-02-22,SAH.N,22.375,,9983863220
2017-02-23,SAH.N,,3.0,
2017-02-23,SAH.N,,3.0,9990967670
2017-02-24,SAH.N,22.28571,,9999234330
2017-02-24,XPRO.N,67.92,,475607000
2017-02-24,SAH.N,22.28571,,
2017-02-27,XPRO.N,70.1,,476367000
2017-02-27,XPRO.N,70.1,,
2017-02-28,SAH.N,,,9957505000
2017-02-28,XPRO.N,,,476301070
2017-03-01,XPRO.N,,3.33333,473634400
2017-03-01,XPRO.N,,3.33333,
2017-03-02,SAH.N,,3.0,
2017-03-02,XPRO.N,,,477055430
2017-03-03,XPRO.N,69.7,,
2017-03-03,XPRO.N,69.7,,475776860
2017-03-06,SAH.N,,,9990717440
2017-03-07,SAH.N,22.83333,,9984550780
2017-03-07,SAH.N,22.83333,,
2017-03-08,SAH.N,,,9991039670
2017-03-13,SAH.N,22.5,,
2017-03-13,XPRO.N,,,472441070
2017-03-17,ATEX.OQ,45.0,1.0,4841000
2017-03-17,XPRO.N,,,467139690
2017-03-17,ATEX.OQ,,,4841000
2017-03-23,XPRO.N,,,467124310
2017-03-24,XPRO.N,70.1,3.22222,469194000
2017-03-24,XPRO.N,,3.22222,
2017-03-27,SAH.N,22.16667,,
2017-03-27,SAH.N,22.16667,,10006529670
2017-03-31,XPRO.N,70.5,,469115430
2017-03-31,XPRO.N,70.5,,
2017-04-04,SAH.N,,,10024974110
2017-04-07,SAH.N,,,10023959220
2017-04-09,XPRO.N,,,469764790
2017-04-10,NG.A,8.0,,
2017-04-17,XPRO.N,,,469629070
2017-04-18,XPRO.N,70.1,,472246860
2017-04-24,NG.A,,,0
2017-04-26,SAH.N,,,10023577000
2017-04-27,SAH.N,,,10032799220
2017-04-28,SAH.N,,,10031577000
2017-05-01,SAH.N,,,10012967670
2017-05-02,XPRO.N,67.7,,472824000
2017-05-03,SAH.N,,,10006462110
2017-05-03,XPRO.N,66.96,3.16667,475255730
2017-05-03,XPRO.N,,3.16667,
2017-05-04,XPRO.N,66.76,,476705270
2017-05-05,XPRO.N,65.96,,473094130
2017-05-08,XPRO.N,64.76,,471662270
2017-05-08,XPRO.N,64.76,,
2017-05-16,XPRO.N,,,474318000
2017-05-22,XPRO.N,64.56,,477366710
2017-05-26,XPRO.N,62.96,,476008930
2017-05-26,XPRO.N,,,476008930
2017-06-06,XPRO.N,61.76,,
2017-06-08,SAH.N,21.83333,,9996818330
2017-06-16,SAH.N,21.0,,9979093890
2017-06-16,SAH.N,21.0,,
2017-06-21,XPRO.N,,3.27778,
2017-06-21,XPRO.N,59.76,3.27778,475955600
2017-06-27,XPRO.N,58.8,,475822270
2017-07-06,NG.A,,,0
2017-07-10,XPRO.N,57.85714,,
2017-07-10,XPRO.N,57.85714,,475355600
2017-07-14,SAH.N,,3.0,9943480630
2017-07-14,XPRO.N,,,475662270
2017-07-14,SAH.N,,3.0,
2017-07-20,XPRO.N,56.57143,,
2017-07-23,SAH.N,,,9938355630
2017-07-28,SAH.N,20.5,,9911985630
2017-07-28,SAH.N,20.5,,
2017-07-31,SAH.N,,,9859194860
2017-08-07,XPRO.N,54.64286,,473358470
2017-08-08,ATEX.OQ,59.0,2.0,
2017-08-08,ATEX.OQ,59.0,2.0,6449000
2017-08-08,XPRO.N,53.35714,,476703130
2017-08-09,XPRO.N,52.07143,,
2017-08-09,XPRO.N,52.07143,,477703070
2017-08-10,ATEX.OQ,,,6157000
2017-08-14,XPRO.N,,,474987150
2017-08-18,XPRO.N,,,475168570
2017-08-20,XPRO.N,51.85714,,
2017-08-25,XPRO.N,52.28571,3.16667,
2017-08-25,XPRO.N,,3.16667,
2017-09-12,XPRO.N,51.6,,
2017-09-27,XPRO.N,50.8,3.22222,
2017-09-28,XPRO.N,,,477957330
2017-10-09,SAH.N,20.66667,,9867757360
2017-10-09,XPRO.N,50.25,3.21053,477803750
2017-10-09,XPRO.N,,3.21053,
2017-10-09,SAH.N,20.66667,,
2017-10-09,XPRO.N,50.25,3.21053,
2017-10-12,SAH.N,,,9876232360
2017-10-13,XPRO.N,,,477738130
2017-10-16,XPRO.N,50.0625,,477419380
2017-10-17,SAH.N,,3.0,
2017-10-17,XPRO.N,49.875,,477263130
2017-10-17,XPRO.N,,,477263130
2017-10-18,SAH.N,,,9875771670
2017-10-18,XPRO.N,49.125,,
2017-10-19,SAH.N,20.5,3.14286,9881532920
2017-10-19,XPRO.N,48.84375,,
2017-10-19,SAH.N,,3.14286,
2017-10-24,SAH.N,20.33333,,
2017-10-24,SAH.N,20.33333,,9885329170
2017-10-25,SAH.N,,,9875606880
2017-10-30,SAH.N,,,9864231880
2017-10-31,SAH.N,,,9829956670
2017-11-02,XPRO.N,47.90625,,473313130
2017-11-03,ATEX.OQ,59.0,2.0,5854000
2017-11-03,XPRO.N,46.96875,,459158380
2017-11-03,ATEX.OQ,59.0,2.0,
2017-11-03,XPRO.N,46.96875,,
2017-11-06,XPRO.N,,3.26316,458913770
2017-11-07,XPRO.N,45.46875,3.31579,457915770
2017-11-07,XPRO.N,,3.31579,
2017-11-08,ATEX.OQ,,,6023000
2017-11-08,XPRO.N,44.8125,,456680470
2017-11-08,ATEX.OQ,,,7073000
2017-11-08,XPRO.N,,,456680470
2017-11-09,SAH.N,,,9822546290
2017-11-12,SAH.N,,,9821689140
2017-12-14,XPRO.N,42.9375,,
2017-12-15,XPRO.N,42.5625,,
2017-12-18,NG.A,7.5,,
2017-12-21,XPRO.N,41.8125,,
2018-01-03,SAH.N,20.5,,
2018-01-04,XPRO.N,41.625,,456715770
2018-01-04,XPRO.N,41.625,,
2018-01-05,XPRO.N,,3.38889,
2018-01-08,SAH.N,21.16667,3.0,
2018-01-08,SAH.N,,3.0,
2018-01-10,XPRO.N,,,455315770
2018-01-11,XPRO.N,42.0,,
2018-01-16,XPRO.N,,,453991750
2018-01-30,NG.A,7.25,,
2018-02-08,ATEX.OQ,,,6126000
2018-02-27,SAH.N,21.5,,
2018-02-27,SAH.N,21.5,,9964571250
2018-02-27,XPRO.N,41.8125,,506865940
2018-02-28,XPRO.N,41.625,,
2018-02-28,SAH.N,,,9969071250
2018-02-28,XPRO.N,41.625,,503504650
2018-03-01,SAH.N,,,9999608750
2018-03-01,XPRO.N,,,504387000
2018-03-02,SAH.N,,,10008257500
2018-03-04,XPRO.N,40.875,,
2018-03-05,SAH.N,,,10012703750
2018-03-05,XPRO.N,,3.33333,503550530
2018-03-05,XPRO.N,,3.33333,
2018-03-06,SAH.N,,,10090598330
2018-03-06,XPRO.N,40.78125,,499898860
2018-03-06,XPRO.N,,,499898860
2018-03-07,SAH.N,,,10043227140
2018-03-07,XPRO.N,40.59375,3.22222,
2018-03-09,SAH.N,21.5,,
2018-03-09,XPRO.N,36.5,3.23529,499898860
2018-03-13,XPRO.N,35.67857,3.1875,499898860
2018-03-13,XPRO.N,35.67857,,499898860
2018-03-13,XPRO.N,35.67857,,
2018-03-14,SAH.N,21.83333,,
2018-03-14,SAH.N,21.83333,,9991038630
2018-03-14,XPRO.N,,3.0625,
2018-03-15,SAH.N,,,9968913630
2018-03-21,SAH.N,21.83333,,
2018-03-23,SAH.N,,,9965563630
2018-03-26,NG.A,,,0
2018-04-09,XPRO.N,,,499527430
2018-04-11,XPRO.N,,,501825600
2018-04-12,XPRO.N,,,503092270
2018-04-16,XPRO.N,,,502958930
2018-04-17,SAH.N,,3.0,
2018-04-17,SAH.N,,3.0,9995072710
2018-04-18,SAH.N,,,9999458430
2018-04-19,SAH.N,,,10004015570
2018-04-24,NG.A,7.0,,
2018-04-26,SAH.N,,,10014555570
2018-04-27,SAH.N,,,10015947140
2018-05-01,SAH.N,,,10028775710
2018-05-03,SAH.N,,,10200660250
2018-05-08,XPRO.N,35.55,,501287600
2018-05-09,XPRO.N,35.91429,,500249930
2018-05-14,SAH.N,,,10169724200
2018-05-14,XPRO.N,36.23571,,500316600
2018-05-14,XPRO.N,36.23571,,
2018-05-15,XPRO.N,,,494884900
2018-05-18,XPRO.N,35.79231,3.06667,494884900
2018-05-18,XPRO.N,35.79231,3.06667,
2018-05-21,XPRO.N,,,495313550
2018-06-04,NG.A,,2.0,
2018-06-05,XPRO.N,,3.07143,495313550
2018-06-05,XPRO.N,,,495313550
2018-06-05,XPRO.N,35.125,3.07143,495313550
2018-06-11,ATEX.OQ,,,4428000
2018-06-15,XPRO.N,35.125,,
2018-06-18,SAH.N,,,10079056670
2018-07-05,XPRO.N,,3.07692,
2018-07-05,XPRO.N,34.5,3.07692,
2018-07-06,NG.A,,,0
2018-07-10,SAH.N,,3.33333,
2018-07-10,XPRO.N,34.77273,,
2018-07-10,SAH.N,20.83333,3.33333,10164051170
2018-07-10,XPRO.N,34.77273,,495362420
2018-07-11,XPRO.N,,,495142420
2018-07-16,XPRO.N,35.86364,,496952580
2018-07-17,SAH.N,20.33333,,10163093330
2018-07-18,SAH.N,19.16667,,10134508570
2018-07-18,SAH.N,19.16667,,
2018-07-23,SAH.N,,,10152757140
2018-07-27,SAH.N,19.33333,,10193415430
2018-07-27,SAH.N,19.33333,,
2018-07-30,SAH.N,,,10222572570
2018-08-08,XPRO.N,37.77273,,498610920
2018-08-09,XPRO.N,42.13636,,504327080
2018-08-13,ATEX.OQ,,,6393000
2018-08-13,XPRO.N,42.68182,,505910420
2018-08-13,XPRO.N,42.68182,,
2018-08-15,SAH.N,18.83333,,
2018-08-15,SAH.N,18.83333,,10252324000
2018-08-15,XPRO.N,,,506743750
2018-08-16,SAH.N,,,10263901140
2018-08-20,XPRO.N,,,507484090
2018-08-22,SAH.N,,,10256111330
2018-08-28,XPRO.N,,3.23077,
2018-09-17,NG.A,6.5,,
2018-09-27,XPRO.N,43.65,3.16667,
2018-09-27,XPRO.N,,3.16667,
2018-09-27,XPRO.N,43.65,3.16667,507731600
2018-10-15,ATEX.OQ,60.5,2.0,6363500
2018-10-15,XPRO.N,,,508756000
2018-10-15,ATEX.OQ,,2.0,
2018-10-15,ATEX.OQ,,2.0,6363500
2018-10-22,NG.A,,,0
2018-10-22,SAH.N,,,10251043000
2018-10-25,SAH.N,18.5,,
2018-10-25,SAH.N,18.5,,10241782570
2018-10-26,SAH.N,,,10189399000
2018-10-27,XPRO.N,42.68182,,
2018-10-31,SAH.N,18.16667,,10155384710
2018-10-31,SAH.N,18.16667,,
2018-11-01,SAH.N,,,10129026170
2018-11-05,ATEX.OQ,62.0,,
2018-11-06,XPRO.N,43.5,,510893000
2018-11-07,XPRO.N,43.63636,,
2018-11-07,XPRO.N,43.63636,,513726330
2018-11-08,ATEX.OQ,60.5,,
2018-11-08,ATEX.OQ,60.5,,6783000
2018-11-09,XPRO.N,,,514511750
2018-11-14,SAH.N,17.5,,10119482140
2018-11-14,SAH.N,17.5,,
2018-11-18,XPRO.N,,,514724250
2018-11-19,SAH.N,,,10108723570
2018-12-19,NG.A,6.0,,
2018-12-19,XPRO.N,42.0,,
2018-12-20,XPRO.N,,,515045920
2018-12-20,XPRO.N,39.54546,,515045920
2018-12-27,XPRO.N,38.18182,,
2019-01-04,SAH.N,17.16667,,
2019-01-07,SAH.N,16.83333,,
2019-01-07,XPRO.N,37.09091,,
2019-01-10,XPRO.N,36.81818,,
2019-01-16,XPRO.N,36.27273,,
2019-01-25,NG.A,6.5,,
2019-02-04,SAH.N,16.66667,,10137536570
2019-02-08,ATEX.OQ,,,6790500
2019-02-11,ATEX.OQ,,,6442000
2019-02-11,ATEX.OQ,,,2310500
2019-02-15,SAH.N,16.33333,,10113258710
2019-02-19,SAH.N,16.33333,3.42857,10103101380
2019-02-19,XPRO.N,37.5,3.09091,515181820
2019-02-19,SAH.N,,3.42857,
2019-02-19,SAH.N,16.33333,3.42857,
2019-02-19,XPRO.N,,3.09091,
2019-02-20,SAH.N,,,10062086750
2019-02-21,SAH.N,15.83333,,9943313000
2019-02-25,XPRO.N,38.1,,
2019-02-25,XPRO.N,38.1,,590880910
2019-02-26,SAH.N,15.66667,,
2019-02-26,SAH.N,15.66667,,9938044250
2019-02-26,XPRO.N,,,590790000
2019-02-27,SAH.N,,,9904193430
2019-02-27,XPRO.N,,,590608180
2019-03-03,XPRO.N,,,591814550
2019-03-05,SAH.N,,,9947919250
2019-03-08,XPRO.N,,,594087270
2019-03-21,XPRO.N,40.33333,,
2019-03-22,SAH.N,,,9944311750
2019-04-05,SAH.N,,,9949936750
2019-04-16,SAH.N,,,9952928250
2019-04-25,SAH.N,15.83333,,9909570880
2019-04-26,SAH.N,16.5,3.14286,9916118380
2019-04-26,XPRO.N,39.33333,,
2019-04-26,SAH.N,16.5,3.14286,
2019-04-26,SAH.N,,3.14286,
2019-05-02,SAH.N,,,9949552200
2019-05-03,XPRO.N,,,594178180
2019-05-06,SAH.N,17.83333,,9979547330
2019-05-07,XPRO.N,,,596450910
2019-05-08,XPRO.N,39.16667,,597641820
2019-05-08,XPRO.N,39.16667,,
2019-05-13,XPRO.N,,,598660000
2019-05-14,XPRO.N,,,598626000
2019-05-15,XPRO.N,39.83333,,
2019-05-22,XPRO.N,,,602845000
2019-05-23,XPRO.N,,,603395560
2019-05-24,ATEX.OQ,69.5,,
2019-05-28,ATEX.OQ,,,2654500
2019-05-28,NG.A,,,0
2019-06-05,SAH.N,,2.85714,
2019-06-05,SAH.N,19.66667,2.85714,
2019-06-05,SAH.N,19.66667,2.85714,10018083430
2019-06-28,XPRO.N,39.5,,604295560
2019-06-28,XPRO.N,,,604295560
2019-07-02,XPRO.N,,2.90909,
2019-07-09,SAH.N,,,10015494000
2019-07-15,NG.A,7.0,,
2019-07-15,SAH.N,20.5,,10013394750
2019-07-15,SAH.N,,,10013394750
2019-07-16,XPRO.N,38.83333,,
2019-07-18,SAH.N,21.0,,
2019-07-25,SAH.N,22.0,,10026807250
2019-07-26,SAH.N,24.16667,,
2019-07-26,SAH.N,24.16667,,10134734000
2019-07-30,XPRO.N,,,603966000
2019-08-01,SAH.N,,,10138067860
2019-08-02,SAH.N,24.5,,10176763630
2019-08-02,XPRO.N,38.83333,,
2019-08-05,XPRO.N,,,604500000
2019-08-06,XPRO.N,37.5,,610388890
2019-08-08,XPRO.N,36.83333,,611833330
2019-08-09,ATEX.OQ,66.66667,2.0,2742000
2019-08-09,ATEX.OQ,66.66667,2.0,
2019-08-12,XPRO.N,37.6875,,614277780
2019-08-13,XPRO.N,37.3125,,616620000
2019-08-13,XPRO.N,37.3125,,
2019-08-14,NG.A,8.5,,
2019-08-14,XPRO.N,,,615884440
2019-08-15,SAH.N,25.0,3.14286,10191336130
2019-08-15,SAH.N,25.0,,
2019-08-16,ATEX.OQ,,,2122000
2019-08-23,NG.A,9.0,,
2019-08-26,XPRO.N,36.21429,,
2019-08-26,XPRO.N,36.21429,,616326000
2019-08-29,XPRO.N,,,616841820
2019-09-03,XPRO.N,36.1875,2.83333,616855000
2019-09-03,XPRO.N,36.1875,,
2019-09-04,XPEL.OQ,15.0,2.0,
2019-09-04,XPEL.OQ,,2.0,
2019-09-04,XPEL.OQ,,2.0,120070000
2019-09-04,XPEL.OQ,15.0,2.0,120070000
2019-09-10,SAH.N,,3.0,10191461130
2019-09-10,XPRO.N,,2.81818,616541820
2019-09-10,SAH.N,,,10191461130
2019-09-11,ATEX.OQ,,,2085670
2019-09-13,SAH.N,,3.14286,
2019-09-25,XPRO.N,35.35714,2.9,616216000
2019-09-25,XPRO.N,35.35714,2.9,
2019-09-30,NG.A,,2.0,
2019-09-30,NG.A,9.0,2.0,
2019-10-02,XPRO.N,,,617266000
2019-10-04,SAH.N,26.0,,10199461130
2019-10-15,SAH.N,26.28571,,10202178250
2019-10-17,XPRO.N,36.75,2.77778,617100000
2019-10-17,XPRO.N,,2.77778,
2019-10-18,SAH.N,,3.0,
2019-10-18,SAH.N,27.33333,3.0,10239863710
2019-10-24,SAH.N,29.5,,10405102170
2019-10-25,SAH.N,31.16667,,
2019-10-25,SAH.N,31.16667,,10408659000
2019-10-31,SAH.N,,,10421866400
2019-11-05,XPRO.N,37.75,,608355560
2019-11-05,XPRO.N,37.75,,
2019-11-06,XPRO.N,,,605577780
2019-11-07,ATEX.OQ,,,2080670
2019-11-08,XPRO.N,,2.75,
2019-11-08,XPRO.N,38.1,2.75,
2019-11-08,XPRO.N,38.1,2.75,599062500
2019-11-11,ATEX.OQ,62.5,2.25,
2019-11-11,ATEX.OQ,62.5,2.25,1963750
2019-11-11,XPEL.OQ,16.0,,122063000
2019-11-12,XPRO.N,,,594562500
2019-11-13,ATEX.OQ,,,1646000
2019-11-14,SAH.N,,2.83333,
2019-11-14,XPRO.N,,,591062500
2019-11-14,SAH.N,32.66667,2.83333,10435174000
2019-11-14,XPRO.N,38.76,,591062500
2019-11-15,SAH.N,33.16667,,10439280570
2019-11-15,SAH.N,33.16667,,
2019-12-06,SAH.N,,,10439579290
2019-12-18,SAH.N,33.5,,10437307860
2019-12-18,SAH.N,33.5,,
2020-01-03,XPRO.N,37.95,,
2020-01-14,SAH.N,,,10437332140
2020-01-21,NG.A,11.0,,
2020-01-22,SAH.N,33.16667,,10448612000
2020-01-30,XPRO.N,,,590687500
2020-02-03,ATEX.OQ,61.6,2.4,1734500
2020-02-03,ATEX.OQ,,2.4,
2020-02-05,XPEL.OQ,19.0,2.0,
2020-02-05,XPEL.OQ,19.0,2.0,121971000
2020-02-05,XPEL.OQ,,2.0,
2020-02-19,SAH.N,32.4,,11035162570
2020-02-19,SAH.N,32.4,,
2020-02-20,ATEX.OQ,61.8,,
2020-02-20,ATEX.OQ,61.8,,1676750
2020-02-20,SAH.N,,,11031305430
2020-02-24,XPRO.N,,,585312500
2020-02-25,XPRO.N,36.45,,639812500
2020-02-25,XPRO.N,36.45,,
2020-02-27,XPRO.N,,,635937500
2020-02-28,XPRO.N,34.95,,634312500
2020-02-28,XPRO.N,34.95,,
2020-03-01,XPRO.N,,,625625000
2020-03-03,SAH.N,33.25,2.8,11113296330
2020-03-03,SAH.N,33.25,2.8,
2020-03-03,SAH.N,,2.8,
2020-03-04,XPEL.OQ,,,133116000
2020-03-06,XPRO.N,32.25,,623375000
2020-03-06,XPRO.N,,,623375000
2020-03-09,XPRO.N,31.8,,
2020-03-10,SAH.N,,,11186629670
2020-03-11,SAH.N,32.75,,11025708170
2020-03-11,XPRO.N,,,619250000
2020-03-12,SAH.N,,2.66667,
2020-03-12,SAH.N,33.2,2.66667,10919321290
2020-03-12,XPRO.N,30.0,,606750000
2020-03-13,ATEX.OQ,,,1676750
2020-03-16,XPRO.N,27.6,,587750000
2020-03-16,XPRO.N,,,587750000
2020-03-17,XPEL.OQ,17.0,,133037500
2020-03-17,XPRO.N,24.0,,
2020-03-18,SAH.N,30.4,,10564368430
2020-03-18,SAH.N,30.4,,
2020-03-19,XPRO.N,21.6,,
2020-03-19,XPRO.N,21.6,,579500000
2020-03-20,SAH.N,,,10322939860
2020-03-23,SAH.N,26.0,,10297082710
2020-03-24,NG.A,30.0,,
2020-03-25,XPRO.N,,,561125000
2020-04-02,SAH.N,23.0,,10067148140
2020-04-02,SAH.N,23.0,,
2020-04-07,SAH.N,,,9832291000
2020-04-09,SAH.N,19.8,,9456599000
2020-04-10,XPRO.N,,2.57143,570857140
2020-04-10,XPRO.N,,2.57143,
2020-04-13,SAH.N,20.8,,9495968430
2020-04-14,XPRO.N,,,563142860
2020-04-15,XPRO.N,,,559985710
2020-04-17,SAH.N,20.0,,9429539860
2020-04-17,SAH.N,20.0,,
2020-04-20,SAH.N,,,8954954140
2020-04-21,ATEX.OQ,,,1663400
2020-04-21,ATEX.OQ,63.6,,1663400
2020-04-23,XPRO.N,,,543271430
2020-04-29,SAH.N,19.2,,
2020-04-30,SAH.N,19.8,,8967088140
2020-05-01,SAH.N,21.9,,9226859570
2020-05-04,SAH.N,22.1,,
2020-05-04,SAH.N,22.1,,9302103140
2020-05-04,XPRO.N,,,531316670
2020-05-12,XPRO.N,,,490316670
2020-05-13,XPRO.N,20.4,,
2020-05-13,XPRO.N,20.4,,460816670
2020-05-14,SAH.N,,,9330918860
2020-05-15,XPEL.OQ,,,130856500
2020-05-15,XPEL.OQ,16.5,,130856500
2020-05-15,XPRO.N,,,449985710
2020-05-18,SAH.N,22.5,,
2020-05-18,SAH.N,22.5,,9343376710
2020-05-18,XPRO.N,,,427200000
2020-05-22,ATEX.OQ,66.8,,4292600
2020-05-22,ATEX.OQ,,,4292600
2020-05-25,ATEX.OQ,63.5,,
2020-05-26,SAH.N,,,9344091000
2020-05-28,NG.A,,3.0,
2020-06-09,SAH.N,,,9380805290
2020-06-11,SAH.N,24.5,,
2020-06-16,SAH.N,26.1,,9511805290
2020-06-16,XPRO.N,,,411366670
2020-06-17,SAH.N,28.4,,9519662430
2020-06-29,ATEX.OQ,70.8,,
2020-07-01,ATEX.OQ,70.6,,3931800
2020-07-01,XPRO.N,18.0,,416700000
2020-07-01,ATEX.OQ,70.6,,
2020-07-01,XPRO.N,18.0,,
2020-07-07,SAH.N,31.8,,
2020-07-07,SAH.N,31.8,,9654276000
2020-07-08,SAH.N,,,9657704570
2020-07-10,SAH.N,34.8,,9622190290
2020-07-17,SAH.N,38.0,,9636733140
2020-07-22,SAH.N,39.0,,9741046000
2020-07-30,SAH.N,40.6,,9697721140
2020-07-31,SAH.N,44.4,,
2020-07-31,SAH.N,44.4,,9724492570
2020-08-03,SAH.N,,,9747921140
2020-08-03,XPEL.OQ,17.5,,
2020-08-04,SAH.N,45.0,,9794483290
2020-08-04,XPRO.N,,,416985710
2020-08-06,XPRO.N,,,412700000
2020-08-07,ATEX.OQ,,,3932400
2020-08-10,XPRO.N,,,415985710
2020-08-11,XPRO.N,,,421150000
2020-08-12,XPEL.OQ,25.5,,138734500
2020-08-13,XPEL.OQ,32.5,,149105000
2020-08-14,SAH.N,46.6,,9770261860
2020-08-14,SAH.N,,,9770261860
2020-08-24,XPRO.N,,,414816670
2020-08-27,SAH.N,47.0,,
2020-09-09,XPRO.N,,,406516670
2020-09-15,SAH.N,,,9759976140
2020-09-17,ATEX.OQ,,,2323250
2020-09-17,SAH.N,,,9764976140
2020-10-06,SAH.N,,,9782119000
2020-10-06,SAH.N,48.33333,,9782119000
2020-10-07,SAH.N,50.0,,
2020-10-09,SAH.N,,,9790521000
2020-10-14,SAH.N,50.33333,,9774835290
2020-10-14,XPRO.N,,,388183330
2020-10-15,SAH.N,51.0,,9849881000
2020-10-19,SAH.N,50.42857,2.57143,9849770880
2020-10-19,SAH.N,,2.57143,
2020-10-27,ATEX.OQ,,,2624330
2020-10-29,SAH.N,50.0,,9823226130
2020-10-29,SAH.N,50.0,,
2020-10-30,SAH.N,,,9809213630
2020-11-03,XPRO.N,,,386900000
2020-11-04,SAH.N,,,9800588630
2020-11-05,XPRO.N,,,385733330
2020-11-06,XPRO.N,,,384680000
2020-11-11,XPEL.OQ,34.5,,153616500
2020-11-12,XPEL.OQ,,,156089500
2020-11-12,XPEL.OQ,36.5,,156089500
2020-11-16,XPRO.N,17.4,,385080000
2020-11-16,XPRO.N,17.4,,
2020-11-17,SAH.N,49.71429,2.14286,9789043630
2020-11-17,SAH.N,,2.14286,
2020-11-18,ATEX.OQ,65.0,,
2020-11-18,ATEX.OQ,65.0,,969000
2020-11-18,ATEX.OQ,65.0,2.6,969000
2020-11-24,ATEX.OQ,,2.75,
2020-11-26,ATEX.OQ,,,969000
2020-12-02,XPEL.OQ,40.0,,
2020-12-07,SAH.N,51.14286,,9768290500
2020-12-07,SAH.N,51.14286,,
2020-12-11,XPRO.N,,2.5,
2020-12-15,XPEL.OQ,49.5,,
2020-12-22,ATEX.OQ,,,942000
2020-12-29,XPRO.N,,,385080000
2021-01-07,XPRO.N,,,386066670
2021-01-11,NG.A,,2.0,
2021-01-15,SAH.N,,2.0,9772040500
2021-01-15,SAH.N,,2.0,
2021-01-24,ATEX.OQ,,2.6,
2021-01-27,ATEX.OQ,64.6,,
2021-02-01,ATEX.OQ,73.25,,
2021-02-01,ATEX.OQ,73.25,2.4,
2021-02-08,ATEX.OQ,,,949000
2021-02-09,ATEX.OQ,,,6248600
2021-02-09,ATEX.OQ,,,963750
2021-02-17,ATEX.OQ,,2.2,
2021-02-17,SAH.N,51.33333,,11388010500
2021-02-18,SAH.N,51.66667,,11452135500
2021-02-18,SAH.N,51.66667,,
2021-02-19,SAH.N,,,11433035500
2021-02-22,SAH.N,,,11603135670
2021-02-23,XPRO.N,22.2,,409720000
2021-02-25,SAH.N,52.83333,,
2021-02-25,SAH.N,52.83333,,11466070570
2021-02-26,XPRO.N,25.8,,419025000
2021-03-05,XPRO.N,27.6,2.66667,419220000
2021-03-05,XPRO.N,,2.66667,
2021-03-10,SAH.N,,,11443061750
2021-03-10,XPEL.OQ,57.0,,
2021-03-11,XPRO.N,29.4,,
2021-03-11,XPEL.OQ,64.5,,186702000
2021-03-11,XPRO.N,29.4,,425020000
2021-03-12,XPEL.OQ,69.0,,196602500
2021-03-12,XPRO.N,,,424683330
2021-03-15,XPRO.N,,2.5,
2021-03-15,XPRO.N,30.6,2.5,
2021-03-18,SAH.N,54.16667,,
2021-03-18,SAH.N,54.16667,,11467936750
2021-03-19,NG.A,30.0,,
2021-04-06,NG.A,,,0
2021-04-15,SAH.N,,,11474936750
2021-04-20,SAH.N,55.16667,,11501978000
2021-04-22,ATEX.OQ,74.33333,,
2021-04-29,SAH.N,56.83333,,11653183130
2021-04-30,SAH.N,58.16667,,
2021-04-30,SAH.N,58.16667,,11756808130
2021-05-04,SAH.N,,,12251875250
2021-05-04,XPRO.N,,,421516670
2021-05-06,SAH.N,58.66667,,12230531600
2021-05-06,XPRO.N,,,422016670
2021-05-06,SAH.N,58.66667,,
2021-05-10,XPEL.OQ,78.5,,220310500
2021-05-11,XPEL.OQ,89.5,,232944000
2021-05-11,XPRO.N,,,422250000
2021-05-21,SAH.N,,,12033004670
2021-05-26,SAH.N,60.33333,,
2021-05-26,SAH.N,60.33333,,12043575430
2021-05-26,XPEL.OQ,95.0,,239694000
2021-05-27,XPEL.OQ,105.0,,244357500
2021-05-27,XPEL.OQ,105.0,,
2021-06-09,ATEX.OQ,75.33333,,
2021-06-09,SAH.N,,,11973253500
2021-06-10,ATEX.OQ,75.5,,
2021-06-13,ATEX.OQ,73.66667,,
2021-06-17,ATEX.OQ,74.0,,4766400
2021-06-17,ATEX.OQ,,,4766400
2021-06-29,ATEX.OQ,65.33333,,
2021-07-02,NG.A,28.0,,
2021-07-07,NG.A,19.5,2.5,0
2021-07-07,NG.A,19.5,2.5,
2021-07-07,NG.A,,2.5,
2021-07-14,SAH.N,,,11989753500
2021-07-15,XPRO.N,29.4,,
2021-07-16,SAH.N,60.5,,12057524750
2021-07-26,SAH.N,60.66667,,12122415250
2021-07-29,SAH.N,61.5,,12219190130
2021-07-29,SAH.N,61.5,,
2021-07-30,SAH.N,,,12417902630
2021-08-02,SAH.N,65.33333,,12501652630
2021-08-04,SAH.N,65.83333,,12475311500
2021-08-04,XPRO.N,,,424250000
2021-08-04,SAH.N,65.83333,,
2021-08-05,ATEX.OQ,70.0,,3052400
2021-08-05,SAH.N,,,12602136000
2021-08-09,XPEL.OQ,,,243600500
2021-08-10,XPEL.OQ,110.0,,
2021-08-10,XPEL.OQ,110.0,,251653500
2021-08-11,XPRO.N,,,425083330
2021-08-12,ATEX.OQ,76.2,,
2021-08-12,ATEX.OQ,76.2,,2815500
2021-08-12,XPRO.N,,,428683330
2021-08-16,ATEX.OQ,,,1214000
2021-09-07,XPRO.N,,,429220000
2021-09-15,ATEX.OQ,,,1214000
2021-09-16,SAH.N,67.5,,12459146500
2021-09-16,SAH.N,67.5,,
2021-09-22,SAH.N,,,12399059000
2021-10-03,NG.A,,,0
2021-10-07,SAH.N,68.57143,,12445684000
2021-10-07,XPRO.N,,,429220000
2021-10-10,SAH.N,71.85714,,12455059000
2021-10-10,SAH.N,71.85714,,
2021-10-13,SAH.N,,,12451559000
2021-10-13,XPRO.N,27.8,,569820000
2021-10-14,NG.A,,,0
2021-10-18,SAH.N,74.0,,12446545250
2021-10-28,SAH.N,,2.125,
2021-10-28,SAH.N,74.0,2.125,12446357750
2021-10-29,SAH.N,73.28571,,12343670250
2021-10-29,SAH.N,73.28571,,
2021-11-01,SAH.N,,,12299295250
2021-11-04,SAH.N,,,12344440000
2021-11-08,XPRO.N,,,616400000
2021-11-08,XPRO.N,28.3,,616400000
2021-11-09,XPEL.OQ,,,255368000
2021-11-10,XPEL.OQ,,,258344500
2021-11-11,ATEX.OQ,,,1331500
2021-11-12,ATEX.OQ,,,1214000
2021-11-14,SAH.N,,,12293135000
2021-11-17,SAH.N,71.14286,2.25,12319018570
2021-11-17,SAH.N,71.14286,2.25,
2021-11-17,SAH.N,,2.25,
2021-11-22,SAH.N,,,12364590000
2021-11-23,XPRO.N,27.3,,
2021-12-06,XPRO.N,24.7,,615400000
2021-12-06,XPRO.N,24.7,,
2021-12-10,ATEX.OQ,,,1039000
2021-12-10,XPRO.N,,,670150000
2021-12-15,XPRO.N,,2.6,
2021-12-20,SAH.N,,,12367018570
2022-01-06,SAH.N,70.71429,,
2022-01-09,NG.A,,,0
2022-01-11,NG.A,19.0,,
2022-01-14,ATEX.OQ,,,1008000
2022-01-18,XPRO.N,,2.66667,
2022-01-18,SAH.N,,,12363018570
2022-01-18,XPRO.N,20.7,2.66667,
2022-01-25,SAH.N,,,12393954860
2022-01-31,SAH.N,70.28571,,12390426290
2022-01-31,XPRO.N,20.0,,670150000
2022-01-31,SAH.N,70.28571,,
2022-01-31,XPRO.N,20.0,,
2022-02-04,ATEX.OQ,,,1193330
2022-02-06,SAH.N,,,12379748000
2022-02-07,NG.A,15.33333,2.66667,
2022-02-07,ATEX.OQ,,,1188330
2022-02-07,NG.A,15.33333,2.66667,0
2022-02-07,NG.A,,2.66667,
2022-02-10,ATEX.OQ,75.8,,1255670
2022-02-16,SAH.N,70.0,,
2022-02-16,SAH.N,70.0,,16971987630
2022-02-17,SAH.N,,,16786687630
2022-02-18,SAH.N,,2.25,
2022-02-23,SAH.N,,,16889486800
2022-02-28,XPEL.OQ,,,325071000
2022-03-01,XPEL.OQ,100.0,,321144000
2022-03-02,SAH.N,71.66667,,16696882330
2022-03-02,XPRO.N,,,1356916670
2022-03-04,XPRO.N,20.2,,1351980000
2022-03-07,SAH.N,72.16667,,
2022-03-07,SAH.N,72.16667,,16529641570
2022-03-08,XPRO.N,20.7,,
2022-03-08,XPRO.N,20.7,,1337496670
2022-03-09,XPRO.N,,,1343245000
2022-03-15,SAH.N,,,16661443000
2022-03-16,SAH.N,,,16701387630
2022-03-24,SAH.N,,,16701062630
2022-04-06,SAH.N,69.5,,16765016380
2022-04-06,SAH.N,69.5,,
2022-04-07,SAH.N,,2.375,16679266380
2022-04-07,SAH.N,,2.375,
2022-04-18,SAH.N,,,16687366380
2022-04-18,XPRO.N,21.1,,
2022-04-28,SAH.N,,2.5,16669116380
2022-04-29,SAH.N,67.5,2.625,16519926630
2022-04-29,SAH.N,67.5,2.625,
2022-04-29,SAH.N,,2.625,
2022-05-02,SAH.N,,,16210289130
2022-05-05,XPRO.N,,,1365196000
2022-05-09,XPRO.N,,,1390995000
2022-05-10,XPEL.OQ,87.5,,323576000
2022-05-10,XPRO.N,19.9,,1357996000
2022-05-10,XPRO.N,19.9,,
2022-05-11,XPEL.OQ,76.5,,326358000
2022-05-12,NG.A,,,0
2022-05-12,XPRO.N,,,1375650000
2022-05-13,SAH.N,67.16667,,16162107880
2022-05-16,XPRO.N,,,1278025000
2022-05-18,XPRO.N,19.4,,1269820000
2022-05-19,XPRO.N,18.7,,
2022-05-19,XPRO.N,18.7,,1262100000
2022-05-20,ATEX.OQ,77.0,,5595750
2022-05-20,SAH.N,66.66667,,16093462380
2022-05-20,ATEX.OQ,77.0,,
2022-05-22,ATEX.OQ,,,4945750
2022-05-23,XPRO.N,,3.0,
2022-05-23,XPRO.N,,3.0,1261583330
2022-06-03,ATEX.OQ,,,4535000
2022-06-17,ATEX.OQ,81.5,,
2022-07-05,NG.A,9.0,,
2022-07-11,ATEX.OQ,77.66667,,
2022-07-11,XPRO.N,17.1,,
2022-07-12,NG.A,15.33333,,
2022-07-14,SAH.N,65.5,,16047904250
2022-07-15,ATEX.OQ,77.0,,
2022-07-15,SAH.N,63.83333,,15944254250
2022-07-15,XPRO.N,,,1259250000
2022-07-19,NG.A,,,0
2022-07-20,XPRO.N,16.375,3.0,1263700000
2022-07-20,XPRO.N,16.375,3.0,
2022-07-28,SAH.N,63.83333,,15832547630
2022-07-29,SAH.N,63.66667,,15537147630
2022-08-01,SAH.N,61.33333,,
2022-08-01,SAH.N,61.33333,,15316897630
2022-08-04,SAH.N,,,15022168710
2022-08-04,XPRO.N,,,1267300000
2022-08-05,XPRO.N,,,1240300000
2022-08-09,ATEX.OQ,,,4520000
2022-08-09,ATEX.OQ,74.8,,4520000
2022-08-09,XPEL.OQ,84.0,,326403000
2022-08-10,XPEL.OQ,95.0,,328047000
2022-08-11,XPRO.N,15.66667,3.0,
2022-08-11,XPRO.N,15.66667,3.0,1245075000
2022-08-12,ATEX.OQ,68.5,,
2022-08-16,SAH.N,,,14926381570
2022-08-26,XPRO.N,,,1274333330
2022-08-31,SAH.N,,,14863898710
2022-08-31,SAH.N,61.66667,,14863898710
2022-09-05,NG.A,,,0
2022-09-09,SAH.N,59.83333,3.0,
2022-09-26,NG.A,,2.5,
2022-09-27,XPEL.OQ,,2.0,
2022-09-27,XPEL.OQ,98.0,2.0,329364670
2022-10-06,SAH.N,59.85714,2.875,
2022-10-06,XPRO.N,,2.75,
2022-10-06,SAH.N,59.85714,2.875,14838041570
2022-10-06,XPRO.N,16.75,2.75,1272500000
2022-10-06,SAH.N,,2.875,
2022-10-11,SAH.N,,,14846798710
2022-10-14,SAH.N,59.85714,,
2022-10-24,NG.A,14.66667,,
2022-10-25,NG.A,8.66667,,
2022-10-27,SAH.N,,,14847213000
2022-10-28,SAH.N,,,14637032860
2022-10-31,SAH.N,58.57143,,
2022-10-31,SAH.N,58.57143,,14346939430
2022-11-01,ATEX.OQ,74.8,,3992250
2022-11-04,ATEX.OQ,77.0,,
2022-11-04,ATEX.OQ,77.0,,3989670
2022-11-04,XPRO.N,18.5,,1268318200
2022-11-06,SAH.N,,,14344822000
2022-11-07,ATEX.OQ,,,5297500
2022-11-07,XPRO.N,19.0,,1267318200
2022-11-07,XPRO.N,19.0,,
2022-11-09,XPEL.OQ,96.33333,,
2022-11-09,XPEL.OQ,96.33333,,329467330
2022-11-10,XPEL.OQ,,,329645330
2022-11-10,XPRO.N,,,1267397750
2022-11-14,SAH.N,57.71429,,14235492000
2022-11-14,SAH.N,57.71429,,
2022-12-19,SAH.N,,,14232097630
2022-12-20,XPRO.N,19.5,,1267518200
2023-01-09,SAH.N,57.0,,14238143880
2023-01-17,SAH.N,56.71429,,14227532000
2023-01-18,NG.A,10.0,,
2023-01-20,SAH.N,55.28571,,14234532000
2023-02-06,ATEX.OQ,,2.25,
2023-02-07,NG.A,11.0,,
2023-02-10,ATEX.OQ,81.66667,,
2023-02-14,ATEX.OQ,,,2182000
2023-02-15,SAH.N,,3.0,
2023-02-15,ATEX.OQ,,,2121330
2023-02-15,SAH.N,56.42857,3.0,14229183880
2023-02-16,SAH.N,58.28571,,14236621380
2023-02-21,SAH.N,59.5,3.125,
2023-02-21,SAH.N,,3.125,
2023-02-21,SAH.N,59.5,3.125,14414121380
2023-02-22,SAH.N,,,14390937800
2023-02-23,SAH.N,,,14437074750
2023-02-23,XPRO.N,22.25,,1423595800
2023-02-24,ATEX.OQ,71.75,,
2023-02-27,SAH.N,59.83333,,14408563400
2023-02-28,SAH.N,60.66667,,14398474500
2023-02-28,XPEL.OQ,,,395349000
2023-02-28,XPRO.N,24.75,,1416315800
2023-02-28,SAH.N,60.66667,,
2023-02-28,XPRO.N,24.75,,
2023-03-01,XPEL.OQ,94.66667,,391687000
2023-03-01,XPRO.N,,,1424394750
2023-03-02,XPRO.N,26.25,,1441315800
2023-03-06,SAH.N,,,14406121000
2023-04-03,XPRO.N,,2.6,
2023-04-03,XPRO.N,25.8,2.6,1451109500
2023-04-10,NG.A,9.66667,,
2023-04-13,SAH.N,,,14396121000
2023-04-17,SAH.N,,,14376230880
2023-04-20,XPRO.N,25.66667,,
2023-04-20,XPRO.N,25.66667,,1460383000
2023-04-25,ATEX.OQ,,,9614500
2023-04-27,SAH.N,60.33333,,
2023-04-28,SAH.N,59.66667,,14428161750
2023-05-01,SAH.N,55.5,,
2023-05-01,SAH.N,55.5,,14379013000
2023-05-02,SAH.N,,,14456695000
2023-05-04,SAH.N,,,14488080000
2023-05-04,XPRO.N,,,1461624430
2023-05-05,XPRO.N,26.0,,
2023-05-05,SAH.N,,,14386070000
2023-05-05,XPRO.N,26.0,,1470566430
2023-05-09,XPEL.OQ,96.33333,,392842670
2023-05-09,XPEL.OQ,96.33333,,
2023-05-10,XPEL.OQ,,,393013670
2023-05-11,XPRO.N,,,1503796750
2023-05-17,XPRO.N,,,1509237400
2023-06-04,XPRO.N,,,1505037400
2023-06-12,XPRO.N,,,1506985000
2023-06-14,XPRO.N,25.0,,1490687140
2023-06-15,ATEX.OQ,,,8614500
2023-06-21,ATEX.OQ,,,13400000
2023-06-22,SAH.N,,,14386295000
2023-06-23,SAH.N,,,14374420000
2023-07-10,ATEX.OQ,71.75,,
2023-07-11,ATEX.OQ,72.33333,,
2023-07-11,SAH.N,,,14367920000
2023-07-19,SAH.N,,,14342482500
2023-07-27,SAH.N,,3.0,
2023-07-27,SAH.N,56.33333,3.0,14331420000
2023-07-28,SAH.N,57.0,,14305985750
2023-07-28,XPRO.N,25.33333,,1495450430
2023-07-30,XPRO.N,,,1504164710
2023-07-31,SAH.N,57.33333,,14275199500
2023-07-31,XPRO.N,25.83333,,
2023-07-31,SAH.N,57.33333,,
2023-08-01,ATEX.OQ,72.0,,
2023-08-01,SAH.N,,,14283574500
2023-08-02,XPRO.N,26.0,,
2023-08-02,ATEX.OQ,,,10033330
2023-08-02,XPRO.N,26.0,,1506879000
2023-08-03,ATEX.OQ,,,3875000
2023-08-03,SAH.N,,,14255270330
2023-08-03,XPRO.N,,,1527706000
2023-08-08,SAH.N,,,14316810140
2023-08-08,XPRO.N,26.16667,,1531905170
2023-08-09,XPEL.OQ,,,391726000
2023-08-10,XPEL.OQ,97.0,,390977000
2023-08-20,XPRO.N,,2.5,1542486200
2023-08-21,XPRO.N,26.6,,
2023-08-28,NG.A,,2.0,
2023-09-13,XPRO.N,,2.4,
2023-09-13,XPRO.N,26.6,2.4,
2023-09-13,SAH.N,,,14316810140
2023-09-13,XPRO.N,26.6,2.4,1541738500
2023-09-15,NG.A,,,0
2023-09-29,XPRO.N,,,1540402670
2023-10-05,XPRO.N,,,1539497670
2023-10-12,SAH.N,56.57143,,14312667290
2023-10-15,SAH.N,,,14312833880
2023-10-15,XPRO.N,,,1533497670
2023-10-16,ATEX.OQ,,,3886000
2023-10-16,SAH.N,52.66667,,
2023-10-17,ATEX.OQ,,,4000750
2023-10-17,SAH.N,,,14314347630
2023-10-24,NG.A,9.66667,,
2023-10-26,SAH.N,51.66667,,14312885130
2023-10-27,SAH.N,52.66667,,14340547630
2023-10-27,XPRO.N,25.66667,,1517772170
2023-10-27,SAH.N,52.66667,,
2023-10-30,SAH.N,,,14362155130
2023-10-30,XPRO.N,25.16667,,1510272170
2023-10-31,SAH.N,53.0,3.125,14426280130
2023-10-31,SAH.N,,3.125,
2023-10-31,SAH.N,53.0,3.125,
2023-11-01,ATEX.OQ,58.0,,
2023-11-01,XPRO.N,24.16667,,1501605500
2023-11-01,XPRO.N,24.16667,,
2023-11-02,SAH.N,,,14395812710
2023-11-02,XPRO.N,,,1492432400
2023-11-08,XPEL.OQ,,2.0,
2023-11-08,XPEL.OQ,78.5,2.0,387304000
2023-11-09,XPEL.OQ,67.0,,387388000
2023-11-09,XPEL.OQ,67.0,,433957500
2023-11-09,XPEL.OQ,67.0,,
2023-11-10,XPRO.N,,,1488436600
2023-11-11,SAH.N,,,14400461130
2023-11-13,XPRO.N,23.66667,,1487994000
2023-11-13,XPRO.N,,,1487994000
2023-11-14,ATEX.OQ,72.0,,
2023-11-14,ATEX.OQ,72.0,,4091250
2023-11-17,ATEX.OQ,,,4341250
2023-11-20,ATEX.OQ,,,4340000
2023-11-28,SAH.N,53.5,,14393656130
2023-11-28,SAH.N,,,14393656130
2023-11-29,SAH.N,53.16667,,
2023-12-12,SAH.N,,,14388899630
2023-12-15,ATEX.OQ,72.66667,,4279250
2023-12-15,ATEX.OQ,72.66667,,
2024-01-07,XPRO.N,23.16667,,
2024-01-12,XPRO.N,22.83333,,
2024-01-12,SAH.N,,,14389899630
2024-01-12,XPRO.N,22.83333,,1488449330
2024-01-18,XPRO.N,,,1617312170
2024-01-18,NG.A,8.5,,
2024-01-18,XPRO.N,,,1488116000
2024-01-24,SAH.N,,3.11111,
2024-01-24,SAH.N,,3.11111,14392024630
2024-01-24,SAH.N,54.42857,3.11111,14392024630
2024-01-29,SAH.N,54.42857,,
2024-02-14,SAH.N,54.42857,,14582085000
2024-02-14,SAH.N,54.42857,,
2024-02-16,ATEX.OQ,,,4333750
2024-02-16,SAH.N,,,14577418330
2024-02-20,SAH.N,54.71429,,14511329440
2024-02-20,SAH.N,54.71429,,
2024-02-21,ATEX.OQ,,,4789000
2024-02-21,SAH.N,,,14240118800
2024-02-22,XPRO.N,22.8,,1631980000
2024-02-23,XPEL.OQ,,,440721500
2024-02-26,SAH.N,54.71429,,
2024-02-27,SAH.N,53.83333,3.375,14327598500
2024-02-27,SAH.N,,3.375,
2024-02-28,SAH.N,54.66667,,14320520200
2024-02-28,XPRO.N,23.0,,1655834500
2024-02-29,SAH.N,53.83333,,14454773500
2024-02-29,SAH.N,53.83333,,
2024-03-01,ATEX.OQ,,,4593330
2024-03-01,XPEL.OQ,,,441071500
2024-03-05,XPRO.N,22.6,,1656036600
2024-03-05,XPRO.N,22.6,,
2024-03-06,SAH.N,,,14444440170
2024-03-06,XPRO.N,,,1647086830
2024-03-08,SAH.N,,,14439520140
2024-03-11,XPRO.N,,,1653586830
2024-03-28,NG.A,7.5,2.5,
2024-03-28,NG.A,,2.5,
2024-04-04,ATEX.OQ,,,4493000
2024-04-04,ATEX.OQ,,,9680500
2024-04-04,ATEX.OQ,73.66667,,4493000
2024-04-14,XPRO.N,23.0,,
2024-04-17,SAH.N,,,14431377290
2024-04-18,XPRO.N,,,1652449170
2024-04-19,SAH.N,,,14423948710
2024-04-26,SAH.N,56.0,3.0,14411198710
2024-04-26,XPRO.N,,,1651184290
2024-04-26,SAH.N,,3.0,
2024-04-29,SAH.N,57.16667,,14333110430
2024-05-02,SAH.N,59.0,,14350094330
2024-05-02,XPEL.OQ,57.0,2.5,429511000
2024-05-02,XPRO.N,,,1655738000
2024-05-02,SAH.N,59.0,,
2024-05-03,XPEL.OQ,38.5,3.0,414863000
2024-05-03,XPEL.OQ,,3.0,
2024-05-05,XPRO.N,,,1658990400
2024-05-06,ATEX.OQ,73.66667,,
2024-05-06,SAH.N,,,14324353430
2024-05-09,SAH.N,,,14314067710
2024-05-14,XPRO.N,24.8,2.2,1661325330
2024-05-14,XPRO.N,24.8,2.2,
2024-05-14,XPRO.N,,2.2,
2024-05-17,XPRO.N,,,1656430290
2024-05-19,XPRO.N,25.4,,
2024-05-28,SAH.N,,,14314067710
2024-05-28,SAH.N,,3.14286,14314067710
2024-06-03,XPRO.N,,2.4,
2024-06-03,XPRO.N,25.6,2.4,1668857710
2024-06-04,NG.A,,,0
2024-06-10,SAH.N,,3.0,
2024-06-18,XPRO.N,26.0,,1670871000
2024-06-18,XPRO.N,26.0,,
2024-06-28,ATEX.OQ,87.5,2.0,11392330
2024-06-28,ATEX.OQ,,2.0,
2024-06-28,ATEX.OQ,87.5,2.0,
2024-07-01,ATEX.OQ,,,6725670
2024-07-10,ATEX.OQ,87.5,,
2024-07-10,SAH.N,,,14296210570
2024-07-12,SAH.N,,,14276639140
2024-07-16,XPRO.N,,,1673156710
2024-07-18,SAH.N,,,14265924860
2024-07-22,SAH.N,58.8,,14236577710
2024-07-22,SAH.N,58.8,,
2024-07-24,NG.A,,,0
2024-07-24,XPRO.N,,,1676442430
2024-07-26,XPRO.N,26.4,,1686254570
2024-07-30,XPRO.N,26.6,,1690968860
2024-07-30,XPRO.N,26.6,,
2024-08-01,XPRO.N,,,1725440000
2024-08-05,XPRO.N,26.2,,
2024-08-05,SAH.N,,,14144647430
2024-08-05,XPRO.N,26.2,,1756455000
2024-08-06,SAH.N,,2.85714,
2024-08-06,SAH.N,,2.85714,14133790290
2024-08-07,ATEX.OQ,,,6183330
2024-08-08,ATEX.OQ,,,6516670
2024-08-08,ATEX.OQ,87.5,,6516670
2024-08-08,XPEL.OQ,44.5,,418146500
2024-08-09,XPEL.OQ,55.0,2.5,426540500
2024-08-12,SAH.N,,,14044580800
2024-08-13,SAH.N,,,14083089830
2024-08-14,SAH.N,,,14073505570
2024-08-15,SAH.N,,,14069144290
2024-08-15,XPRO.N,,,1755983600
2024-08-20,SAH.N,61.16667,2.75,14068726250
2024-08-20,SAH.N,61.16667,,14068726250
2024-08-20,SAH.N,61.16667,,
2024-08-21,XPRO.N,,,1750486330
2024-08-27,SAH.N,,2.625,
2024-08-28,XPRO.N,26.0,,1746890570
2024-08-29,XPRO.N,25.25,2.5,1750872330
2024-08-29,XPRO.N,,2.5,
2024-08-29,XPRO.N,,2.5,1750872330
2024-09-10,SAH.N,,,14053351250
2024-09-11,SAH.N,61.57143,2.66667,14048701110
2024-09-11,SAH.N,,,14048701110
2024-09-25,SAH.N,64.14286,2.55556,
2024-09-25,SAH.N,,2.55556,
2024-10-02,XPRO.N,25.0,,
2024-10-09,SAH.N,,,14032256670
2024-10-11,SAH.N,,,14020701110
2024-10-14,SAH.N,64.0,,
2024-10-14,SAH.N,64.0,,14014356670
2024-10-16,XPRO.N,,,1750227200
2024-10-20,SAH.N,,,14004356670
2024-10-24,NG.A,5.0,,
2024-10-24,SAH.N,,,14004356670
2024-10-25,SAH.N,64.42857,,13981456670
2024-10-25,XPRO.N,22.8,2.25,1724694200
2024-10-25,SAH.N,64.42857,,
2024-10-25,XPRO.N,,2.25,
2024-10-28,SAH.N,,,13974363780
2024-10-28,XPRO.N,20.8,,1723694200
2024-10-28,XPRO.N,20.8,,
2024-10-29,NG.A,7.5,,
2024-10-31,SAH.N,64.83333,,13934771330
2024-10-31,XPRO.N,,,1723288750
2024-10-31,SAH.N,64.83333,,
2024-11-05,SAH.N,,,13927232570
2024-11-06,XPEL.OQ,55.33333,2.33333,431327000
2024-11-06,XPEL.OQ,55.33333,,
2024-11-07,XPEL.OQ,,2.0,428202670
2024-11-07,XPEL.OQ,,2.0,
2024-11-08,XPEL.OQ,,,425901000
2024-11-13,ATEX.OQ,87.5,,
2024-11-14,ATEX.OQ,,,6482330
2024-11-14,SAH.N,65.16667,,13930569000
2024-11-15,ATEX.OQ,,,6309670
2024-11-15,XPEL.OQ,,,419901000
2024-11-21,SAH.N,67.28571,2.44444,13935218000
2024-11-21,SAH.N,67.28571,2.44444,
2024-11-21,SAH.N,67.28571,,
2024-12-09,XPRO.N,,,1723694200
2024-12-12,XPRO.N,,,1723574400
2024-12-12,XPRO.N,20.0,,1723574400
2025-01-15,XPRO.N,19.75,,
2025-01-16,SAH.N,,,13931884670
2025-01-17,SAH.N,,,13940995780
2025-01-24,SAH.N,,2.22222,
2025-01-24,SAH.N,,2.22222,13945740220
2025-01-27,SAH.N,,,13951784670
2025-01-31,ATEX.OQ,,,6284670
2025-02-12,SAH.N,76.14286,,
2025-02-12,SAH.N,76.14286,,14536085670
2025-02-13,ATEX.OQ,,,6138670
2025-02-13,XPRO.N,,,1723035200
2025-02-13,ATEX.OQ,,,6312330
2025-02-13,XPRO.N,,,1770244600
2025-02-19,SAH.N,,,14641308170
2025-02-20,SAH.N,78.71429,,
2025-02-20,SAH.N,78.71429,,14619974830
2025-02-25,SAH.N,,,14670835570
2025-02-26,XPEL.OQ,52.0,,474948670
2025-02-26,XPRO.N,,,1763844600
2025-03-03,XPRO.N,19.5,,1749573200
2025-03-04,SAH.N,80.57143,,
2025-03-04,XPRO.N,18.75,,
2025-03-04,SAH.N,80.57143,,14668297000
2025-03-04,XPRO.N,18.75,,1706716500
2025-03-05,XPEL.OQ,46.0,,460582000
2025-03-05,XPRO.N,,,1696876000
2025-03-05,XPEL.OQ,46.0,,
2025-03-09,SAH.N,,,14618384880
2025-03-19,NG.A,,,0
2025-03-19,SAH.N,79.57143,,14606797380
2025-03-31,SAH.N,,2.125,
2025-03-31,SAH.N,79.0,2.125,14629911290
2025-04-03,NG.A,10.0,,
2025-04-09,XPRO.N,17.5,,1696773000
2025-04-15,SAH.N,75.66667,,14653654140
2025-04-15,SAH.N,75.66667,,
2025-04-16,SAH.N,,,14606797000
2025-04-21,SAH.N,,,14649757630
2025-04-22,SAH.N,74.83333,,14649961380
2025-04-23,SAH.N,,2.22222,
2025-04-23,SAH.N,73.28571,2.22222,14632743440
2025-04-24,SAH.N,70.57143,,14662110110
2025-04-25,SAH.N,69.85714,,14637942000
2025-04-25,XPRO.N,15.33333,,1688557670
2025-04-25,SAH.N,69.85714,,
2025-04-25,XPRO.N,15.33333,,
2025-04-29,SAH.N,,,14656042000
2025-05-01,XPRO.N,,,1666862000
2025-05-05,SAH.N,,,14682486440
2025-05-06,XPEL.OQ,,,463142000
2025-05-06,XPRO.N,14.66667,,1667528670
2025-05-07,XPEL.OQ,,,466248000
2025-05-12,NG.A,,,0
2025-05-12,SAH.N,,,14709045330
2025-05-13,XPEL.OQ,,,458322000
2025-05-15,XPRO.N,12.0,,1668296500
2025-05-23,SAH.N,71.28571,,14744600890
2025-05-27,XPRO.N,12.0,2.2,1662037200
2025-05-27,XPRO.N,12.0,,1662037200
2025-05-27,XPRO.N,12.0,,
2025-05-28,SAH.N,71.875,2.2,14732716800
2025-05-28,SAH.N,,2.2,
2025-05-29,XPRO.N,,2.2,
2025-06-04,XPRO.N,,,1656837200
2025-06-06,NG.A,,2.0,
2025-06-06,NG.A,8.5,2.0,
2025-06-16,SAH.N,73.625,,14723555800
2025-06-16,SAH.N,73.625,,
2025-06-25,ATEX.OQ,72.0,,6145670
2025-06-25,XPRO.N,12.2,2.16667,1647031000
2025-06-25,ATEX.OQ,72.0,,
2025-06-25,XPRO.N,12.2,2.16667,
2025-06-25,XPRO.N,,2.16667,
2025-06-29,SAH.N,,,14723559820
2025-06-30,XPRO.N,,,1645531000
2025-07-01,ATEX.OQ,,,6218500
2025-07-02,XPRO.N,12.0,,1639384500
2025-07-02,XPRO.N,,,1639384500
2025-07-03,XPRO.N,12.0,,
2025-07-04,XPRO.N,,2.2,1629261400
2025-07-07,NG.A,8.0,,
2025-07-14,XPRO.N,11.66667,2.33333,1626884500
2025-07-15,NG.A,,1.66667,
2025-07-15,SAH.N,70.71429,2.33333,
2025-07-15,SAH.N,70.71429,,
2025-07-15,NG.A,7.66667,1.66667,
2025-07-15,SAH.N,70.71429,2.33333,14713649800
2025-07-16,SAH.N,,,14716649800
2025-07-17,SAH.N,,2.55556,14735949800
2025-07-24,SAH.N,72.14286,2.77778,14742539800
2025-07-24,XPRO.N,11.6,2.4,1631861400
2025-07-24,SAH.N,,2.77778,
2025-07-24,XPRO.N,,2.4,
2025-07-25,SAH.N,77.85714,,14764127800
2025-07-28,SAH.N,78.28571,,14729917800
2025-07-28,SAH.N,78.28571,,
2025-07-31,XPRO.N,12.2,,1638461400
2025-07-31,XPRO.N,12.2,,
2025-08-05,SAH.N,,,14750817800
2025-08-06,SAH.N,79.28571,,14755317800
2025-08-06,XPEL.OQ,,,460841000
2025-08-07,XPEL.OQ,47.66667,,463828670
2025-08-07,XPEL.OQ,47.66667,,
2025-08-11,SAH.N,80.71429,,14761417800
2025-08-13,SAH.N,82.42857,,
2025-08-13,ATEX.OQ,58.0,,5721000
2025-08-13,SAH.N,82.42857,,14761034600
2025-08-13,XPRO.N,,,1632581400
2025-08-14,XPRO.N,12.4,,1657474200
2025-08-18,XPRO.N,12.8,,1675674200
2025-09-09,NG.A,8.66667,,
2025-09-12,SAH.N,,,14760534600
2025-09-18,SAH.N,83.14286,,14762636600
2025-09-24,SAH.N,83.28571,,14761636600
2025-09-24,SAH.N,83.28571,,
2025-09-30,NG.A,9.33333,,
2025-10-02,SAH.N,,,14757816600
2025-10-02,XPRO.N,13.2,,1681194200
2025-10-06,XPRO.N,13.4,,1676945000
2025-10-14,NG.A,11.16667,,
2025-10-14,SAH.N,82.75,,14754509000
2025-10-15,SAH.N,82.375,,14767729000
2025-10-16,ATEX.OQ,55.33333,,5814000
2025-10-16,ATEX.OQ,55.33333,,
2025-10-23,SAH.N,81.5,,14818745000
2025-10-24,SAH.N,79.125,,14929055000
2025-10-24,SAH.N,79.125,,
2025-10-27,XPRO.N,13.6,,1669945000
2025-10-28,XPRO.N,,2.6,
2025-10-28,XPRO.N,14.2,2.6,1660145000
2025-10-29,SAH.N,,,14966444000
2025-10-31,SAH.N,,,15085372670
2025-11-04,SAH.N,78.625,,15088880290
2025-11-04,XPRO.N,14.8,,1652620600
2025-11-05,SAH.N,77.875,,
2025-11-05,SAH.N,77.875,,15139166000
2025-11-05,XPEL.OQ,,,469133670
2025-11-06,SAH.N,,2.55556,
2025-11-06,SAH.N,,2.55556,15156145250
2025-11-06,XPEL.OQ,,,474902330
2025-11-07,XPEL.OQ,52.0,,
2025-11-07,XPEL.OQ,52.0,,478935670
2025-11-10,SAH.N,77.25,,15172684670
2025-11-11,SAH.N,76.55556,2.6,15201016200
2025-11-11,SAH.N,76.55556,2.6,
2025-11-11,SAH.N,,2.6,
2025-11-13,ATEX.OQ,,,5847330
2025-11-14,ATEX.OQ,,,6280000
2025-12-18,XPRO.N,,2.8,
2025-12-22,SAH.N,,,15201016200
2026-01-13,XPRO.N,,,1657910600
2026-01-13,XPRO.N,15.6,,1657910600
2026-01-13,XPRO.N,15.6,,1652567400
2026-01-15,SAH.N,,,15197706200
2026-01-16,SAH.N,77.375,,15194306200
2026-01-20,SAH.N,77.125,,15183006200
2026-01-27,NG.A,11.83333,,
2026-02-09,NG.A,,1.75,
2026-02-09,NG.A,14.125,1.75,
2026-02-12,ATEX.OQ,,,6405670
2026-02-17,NG.A,16.0325,,
2026-02-18,ATEX.OQ,,,6108500
2026-02-18,SAH.N,76.75,,15649156600
2026-02-19,SAH.N,76.625,,15677956600
2026-02-20,SAH.N,76.375,,
2026-02-20,SAH.N,76.375,,15665436600
2026-02-23,XPRO.N,16.6,,
2026-02-24,ATEX.OQ,,,6072330
2026-02-25,SAH.N,,,15694517140
2026-02-25,XPEL.OQ,,,532619000
2026-02-26,XPEL.OQ,55.5,,
2026-02-26,SAH.N,,,15713577500
2026-02-26,XPEL.OQ,55.5,,535051330
2026-02-27,SAH.N,,,15698189440
2026-02-27,XPEL.OQ,,,525884670
2026-03-02,NG.A,16.0375,,
2026-03-03,XPRO.N,,,1658652600
2026-03-04,SAH.N,76.33333,2.45455,15711663500
2026-03-04,XPRO.N,,3.0,1653052600
2026-03-04,SAH.N,,2.45455,
2026-03-04,SAH.N,76.33333,2.45455,
2026-03-06,SAH.N,,,15707239550
2026-03-09,NG.A,15.9975,,
2026-03-20,SAH.N,,,15712239550
2026-03-23,NG.A,16.08,,
2026-03-23,XPEL.OQ,56.0,,
2026-03-25,SAH.N,75.33333,,
2026-03-27,NG.A,15.464,,
2026-03-27,SAH.N,,,15715870910
2014-11-24,RLJ.N,,,1107166600
2014-11-24,RLJ.N,35.22222,,1107166600
2014-11-25,ECPG.OQ,,,1057207860
2014-12-15,ECPG.OQ,,1.77778,
2014-12-18,RLJ.N,,2.0,
2014-12-19,ECPG.OQ,54.85714,,
2015-01-07,RLJ.N,35.44444,,
2015-01-12,ECPG.OQ,55.25,,
2015-01-13,RLJ.N,35.66667,,1107188500
2015-01-13,RLJ.N,,,1107188500
2015-01-15,RLJ.N,35.88889,,
2015-01-16,RLJ.N,36.88889,,
2015-01-21,RLJ.N,37.22222,,1108231800
2015-02-05,ECPG.OQ,54.75,,
2015-02-20,ECPG.OQ,,1.7,
2015-02-20,ECPG.OQ,54.88889,1.7,
2015-02-25,ECPG.OQ,,,1057242140
2015-02-25,RLJ.N,37.11111,,1221017500
2015-02-25,ECPG.OQ,,,1162596290
2015-02-26,ECPG.OQ,55.125,,
2015-02-26,RLJ.N,37.33333,,1220940200
2015-02-27,ECPG.OQ,53.66667,,1169867140
2015-03-02,RLJ.N,36.77778,,1201462200
2015-03-04,RLJ.N,36.88889,2.0,
2015-03-04,RLJ.N,36.88889,2.0,1196902200
2015-03-04,RLJ.N,,2.0,
2015-03-05,ECPG.OQ,53.33333,,1168828330
2015-03-05,RLJ.N,,,1188827600
2015-03-06,RLJ.N,36.55556,,1174447600
2015-03-11,ECPG.OQ,53.11111,,1167965860
2015-03-11,ECPG.OQ,53.11111,,
2015-03-13,RLJ.N,36.33333,,1167883800
2015-03-13,RLJ.N,36.33333,,
2015-03-24,RLJ.N,,,1159379200
2015-03-27,ECPG.OQ,,,1167967140
2015-04-15,ECPG.OQ,,,1166219000
2015-04-24,ECPG.OQ,,,1165706750
2015-04-27,ECPG.OQ,,1.77778,
2015-04-27,ECPG.OQ,52.75,1.77778,
2015-05-05,ECPG.OQ,,,1163745500
2015-05-06,RLJ.N,,,1151669800
2015-05-07,ECPG.OQ,,,1155802250
2015-05-07,RLJ.N,36.22222,,1141697400
2015-05-08,ECPG.OQ,,,1148711500
2015-05-08,RLJ.N,36.125,2.0,1142597110
2015-05-08,RLJ.N,,2.0,
2015-05-11,ECPG.OQ,52.125,,
2015-05-12,RLJ.N,36.0,,1142130440
2015-05-13,RLJ.N,,,1145466630
2015-05-13,RLJ.N,35.875,,1145466630
2015-05-18,RLJ.N,35.85714,,
2015-05-26,RLJ.N,35.71429,,
2015-06-04,ECPG.OQ,,,1148679630
2015-06-05,ECPG.OQ,51.875,,1151228380
2015-06-05,ECPG.OQ,51.875,,
2015-06-11,ECPG.OQ,,,1151229630
2015-06-16,ECPG.OQ,52.0,,1153508500
2015-07-08,ECPG.OQ,52.0,1.8,1162725330
2015-07-08,ECPG.OQ,52.0,1.8,
2015-07-08,ECPG.OQ,,1.8,
2015-07-13,RLJ.N,,,1144914780
2015-07-14,RLJ.N,,1.90909,
2015-07-14,RLJ.N,35.625,1.90909,
2015-07-20,RLJ.N,,,1146759220
2015-07-21,RLJ.N,,,1148993670
2015-08-04,ECPG.OQ,,,1162667560
2015-08-06,RLJ.N,35.375,,1148212780
2015-08-07,RLJ.N,35.25,,1145268330
2015-08-10,ECPG.OQ,51.66667,,1163736330
2015-08-10,RLJ.N,35.0,,1143946110
2015-08-11,ECPG.OQ,51.88889,,1167856560
2015-08-11,ECPG.OQ,51.88889,,
2015-08-12,RLJ.N,33.875,2.09091,1140536000
2015-08-12,RLJ.N,,2.09091,
2015-08-20,RLJ.N,33.75,,
2015-08-20,RLJ.N,33.75,,1139497600
2015-08-23,ECPG.OQ,,,1169316890
2015-08-27,RLJ.N,,,1139497600
2015-09-02,RLJ.N,33.625,,1138815200
2015-09-28,ECPG.OQ,,,1169315000
2015-10-08,ECPG.OQ,,1.6,
2015-10-12,RLJ.N,33.3125,,1138607900
2015-10-12,RLJ.N,33.3125,,
2015-10-14,RLJ.N,,2.27273,1138459000
2015-10-14,RLJ.N,,2.27273,
2015-10-20,RLJ.N,32.9375,,1138373600
2015-10-22,RLJ.N,32.1875,,1135607600
2015-11-04,RLJ.N,32.0,,1136725800
2015-11-04,RLJ.N,32.0,,
2015-11-05,RLJ.N,,,1135874800
2015-11-06,ECPG.OQ,50.125,,1153253110
2015-11-06,RLJ.N,31.5,,1135718800
2015-11-09,RLJ.N,30.875,,1135718800
2015-11-09,RLJ.N,30.875,,
2015-11-11,RLJ.N,,,1135871100
2015-11-12,ECPG.OQ,50.375,1.55556,1147625430
2015-11-12,ECPG.OQ,,1.55556,
2015-11-17,RLJ.N,30.75,,1135535600
2015-11-23,ECPG.OQ,49.625,,1149267880
2015-11-23,RLJ.N,30.125,,1135824600
2015-11-23,ECPG.OQ,49.625,,
2015-11-23,RLJ.N,,,1135824600
2015-12-11,RLJ.N,29.75,,
2015-12-18,RLJ.N,29.125,2.36364,1135324600
2015-12-18,RLJ.N,,2.36364,
2016-01-04,RLJ.N,28.75,,1135074600
2016-01-07,RLJ.N,28.11111,2.25,1135011820
2016-01-08,RLJ.N,27.0,2.36364,1137531100
2016-01-08,RLJ.N,,2.36364,
2016-01-11,ECPG.OQ,,,1148862630
2016-01-12,RLJ.N,26.375,,1136948100
2016-01-13,RLJ.N,,,1136708100
2016-01-13,ECPG.OQ,46.5,,1149437630
2016-01-13,RLJ.N,25.875,,1136708100
2016-01-19,RLJ.N,24.22222,2.54546,
2016-01-21,ECPG.OQ,44.75,,
2016-01-21,ECPG.OQ,44.75,,1149396130
2016-02-11,ECPG.OQ,,,1149141130
2016-02-16,RLJ.N,,,1136171700
2016-02-17,RLJ.N,24.44444,2.27273,
2016-02-17,RLJ.N,,2.27273,
2016-02-24,RLJ.N,23.94444,,
2016-02-24,ECPG.OQ,44.5,,1253742880
2016-02-24,RLJ.N,23.94444,,1180629300
2016-02-25,ECPG.OQ,42.125,,1243669630
2016-02-25,RLJ.N,,,1179473600
2016-02-25,ECPG.OQ,,,1243669630
2016-02-26,ECPG.OQ,41.5,,
2016-02-26,RLJ.N,23.83333,,1177208200
2016-02-29,RLJ.N,23.83333,,1168034200
2016-03-01,RLJ.N,24.05556,,1170664200
2016-03-01,RLJ.N,24.05556,,
2016-03-02,ECPG.OQ,,,1209750170
2016-03-03,RLJ.N,,,1171799500
2016-03-04,RLJ.N,,,1172995900
2016-03-06,ECPG.OQ,40.75,,
2016-03-07,ECPG.OQ,,,1240438880
2016-03-09,RLJ.N,23.94444,,1173295900
2016-03-09,RLJ.N,23.94444,,
2016-03-15,ECPG.OQ,40.625,,1224178880
2016-03-16,RLJ.N,,,1173751300
2016-03-22,ECPG.OQ,,1.6,
2016-03-22,ECPG.OQ,40.22222,1.6,
2016-03-22,ECPG.OQ,40.22222,1.6,1222959000
2016-03-22,RLJ.N,24.22222,,
2016-04-01,ECPG.OQ,,,1222925110
2016-04-15,ECPG.OQ,,,1216955110
2016-04-18,ECPG.OQ,,,1215616000
2016-04-20,RLJ.N,24.11111,,
2016-04-20,RLJ.N,24.11111,,1173609900
2016-04-21,ECPG.OQ,,,1229606250
2016-04-21,RLJ.N,,,1173207900
2016-04-27,RLJ.N,24.0,2.36364,
2016-04-27,RLJ.N,,2.36364,
2016-05-04,RLJ.N,,,1173341200
2016-05-05,RLJ.N,23.75,,1179136800
2016-05-06,ECPG.OQ,,,1226554880
2016-05-10,ECPG.OQ,,,1226499880
2016-05-10,RLJ.N,23.625,,1179086800
2016-05-10,RLJ.N,23.625,,
2016-05-11,ECPG.OQ,39.77778,,1210113000
2016-05-11,RLJ.N,,,1184977560
2016-05-11,ECPG.OQ,39.77778,,
2016-05-13,RLJ.N,,,1180942200
2016-05-17,ECPG.OQ,,,1199950670
2016-05-18,RLJ.N,,,1180616700
2016-05-19,RLJ.N,,2.63636,
2016-05-19,RLJ.N,23.0,2.63636,1180681700
2016-05-23,ECPG.OQ,38.375,1.55556,
2016-05-23,ECPG.OQ,38.375,1.55556,1199950670
2016-06-01,ECPG.OQ,,,1199946000
2016-06-07,ECPG.OQ,,,1197346000
2016-06-16,RLJ.N,22.875,,1180543300
2016-06-16,RLJ.N,22.875,,
2016-06-17,ECPG.OQ,,,1197272670
2016-07-14,RLJ.N,,,1180094300
2016-07-15,RLJ.N,,2.81818,1179654300
2016-07-15,RLJ.N,,2.81818,
2016-07-20,RLJ.N,22.75,,1179065800
2016-07-28,RLJ.N,22.28571,3.0,1177572780
2016-07-28,RLJ.N,22.28571,3.0,
2016-07-28,RLJ.N,,3.0,
2016-08-03,RLJ.N,,,1175796000
2016-08-04,RLJ.N,22.0,,
2016-08-04,ECPG.OQ,,,1187573170
2016-08-04,RLJ.N,22.0,,1170184890
2016-08-05,ECPG.OQ,35.5,1.66667,1155438330
2016-08-05,RLJ.N,,,1168062670
2016-08-05,ECPG.OQ,,1.66667,
2016-08-08,RLJ.N,22.28571,3.2,1164324560
2016-08-08,RLJ.N,22.28571,3.2,
2016-08-10,RLJ.N,,,1166787130
2016-08-23,ECPG.OQ,,,1154886570
2016-08-23,ECPG.OQ,34.5,,1154886570
2016-08-26,RLJ.N,,,1164740380
2016-09-19,ECPG.OQ,33.625,,
2016-09-19,ECPG.OQ,33.625,1.88889,
2016-09-22,RLJ.N,22.0,3.375,1163641290
2016-09-26,RLJ.N,22.28571,3.11111,1164648630
2016-09-26,RLJ.N,22.28571,3.11111,
2016-09-26,RLJ.N,,3.11111,
2016-10-10,RLJ.N,,,1164463630
2016-10-12,ECPG.OQ,,1.88889,
2016-10-18,RLJ.N,22.14286,,1164375500
2016-10-18,RLJ.N,22.14286,,
2016-11-02,RLJ.N,,,1164422250
2016-11-03,RLJ.N,,,1163709750
2016-11-04,RLJ.N,21.0,,1159502130
2016-11-07,RLJ.N,20.42857,,1157874630
2016-11-07,RLJ.N,,,1157874630
2016-11-09,ECPG.OQ,,,1136848430
2016-11-10,ECPG.OQ,,,1076630330
2016-11-10,ECPG.OQ,30.625,,1076630330
2016-11-11,ECPG.OQ,31.0,,
2016-11-15,ECPG.OQ,29.875,,1075538000
2016-11-16,ECPG.OQ,30.625,,1036890400
2016-11-20,ECPG.OQ,,,1036708330
2016-11-20,ECPG.OQ,31.375,,1036708330
2016-11-21,RLJ.N,20.57143,,
2016-11-29,RLJ.N,,3.1,
2016-11-29,RLJ.N,,3.1,1155629250
2016-11-30,ECPG.OQ,31.75,,
2016-12-07,RLJ.N,20.71429,,
2016-12-07,RLJ.N,20.71429,,1155216750
2016-12-09,RLJ.N,,2.88889,1155216750
2016-12-13,ECPG.OQ,,2.0,
2016-12-13,ECPG.OQ,,2.0,1036672170
2016-12-13,ECPG.OQ,32.57143,2.0,1036672170
2016-12-14,RLJ.N,,2.8,
2016-12-14,RLJ.N,,2.8,1157637110
2016-12-14,RLJ.N,21.625,2.8,1157637110
2016-12-15,ECPG.OQ,32.42857,,
2016-12-19,RLJ.N,22.5,,
2016-12-22,RLJ.N,,,1157284000
2017-01-03,RLJ.N,23.0,,
2017-01-10,RLJ.N,,,1157437330
2017-01-11,RLJ.N,23.25,,1156900670
2017-01-11,RLJ.N,23.25,,
2017-01-27,ECPG.OQ,32.71429,,
2017-01-30,RLJ.N,,,1156643440
2017-02-13,RLJ.N,23.5,,
2017-02-22,RLJ.N,,,1126220670
2017-02-23,ECPG.OQ,33.42857,,1146647570
2017-02-23,RLJ.N,,,1126176220
2017-02-24,ECPG.OQ,,2.22222,
2017-02-24,ECPG.OQ,36.71429,2.22222,1139218570
2017-02-24,RLJ.N,,,1122398440
2017-02-27,ECPG.OQ,37.71429,,1139247140
2017-02-27,RLJ.N,,,1121660220
2017-02-27,ECPG.OQ,37.71429,,
2017-02-28,RLJ.N,25.0,,
2017-02-28,RLJ.N,25.0,,1116504670
2017-03-01,RLJ.N,,,1110726000
2017-03-02,ECPG.OQ,,,1137238000
2017-03-03,RLJ.N,,,1111122290
2017-03-06,RLJ.N,,,1108857000
2017-03-14,ECPG.OQ,,,1140095140
2017-03-15,RLJ.N,,,1109390500
2017-03-16,RLJ.N,24.85714,,1109028890
2017-04-05,ECPG.OQ,37.66667,2.25,
2017-04-05,ECPG.OQ,37.66667,2.25,1140095140
2017-04-05,ECPG.OQ,,2.25,
2017-04-12,RLJ.N,,2.90909,
2017-04-12,RLJ.N,24.375,2.90909,1108415800
2017-04-17,ECPG.OQ,,,1139766570
2017-04-19,RLJ.N,24.5,,1108291000
2017-04-21,ECPG.OQ,,,1139722570
2017-04-24,RLJ.N,,2.66667,
2017-04-24,RLJ.N,24.71429,2.66667,1109552750
2017-05-04,ECPG.OQ,,,1138346570
2017-05-05,ECPG.OQ,38.66667,,1128263000
2017-05-05,ECPG.OQ,38.66667,,
2017-05-08,RLJ.N,24.625,,
2017-05-08,ECPG.OQ,,,1113834430
2017-05-08,RLJ.N,24.625,,1109487250
2017-05-09,RLJ.N,,,1109969500
2017-05-10,RLJ.N,24.0,,1111881250
2017-05-11,ECPG.OQ,,,1106600500
2017-05-11,RLJ.N,23.75,,1109393750
2017-05-11,RLJ.N,23.75,,
2017-05-15,RLJ.N,,,1107878570
2017-05-16,RLJ.N,23.5,,1119207140
2017-05-16,RLJ.N,,,1119207140
2017-05-20,RLJ.N,23.85714,,
2017-05-24,ECPG.OQ,,2.22222,1106800430
2017-05-24,ECPG.OQ,,,1106800430
2017-05-24,ECPG.OQ,39.57143,2.22222,1106800430
2017-06-05,RLJ.N,24.14286,,1118550000
2017-06-14,RLJ.N,23.92857,,
2017-06-14,RLJ.N,23.92857,,1115897710
2017-06-16,RLJ.N,,,1115405140
2017-06-19,RLJ.N,,,1113405140
2017-06-22,ECPG.OQ,40.28571,,
2017-07-05,ECPG.OQ,40.83333,2.125,
2017-07-05,ECPG.OQ,,2.125,
2017-07-17,RLJ.N,,,1110854500
2017-07-19,ECPG.OQ,42.16667,,
2017-08-03,ECPG.OQ,,,1110462140
2017-08-04,ECPG.OQ,44.20833,,1127657710
2017-08-06,RLJ.N,23.78571,,
2017-08-07,ECPG.OQ,44.95833,,
2017-08-07,ECPG.OQ,44.95833,,1132229140
2017-08-07,RLJ.N,,,1107065860
2017-08-08,RLJ.N,,,1090821830
2017-08-09,RLJ.N,23.71429,,
2017-08-14,RLJ.N,23.5,2.7,
2017-08-14,RLJ.N,23.5,2.7,1089924430
2017-08-29,RLJ.N,,,1089546710
2017-09-04,RLJ.N,23.6875,2.5,1089209500
2017-09-08,RLJ.N,24.07143,2.44444,1089209500
2017-09-08,RLJ.N,24.07143,2.44444,
2017-09-14,RLJ.N,,,1343712330
2017-09-19,RLJ.N,23.8125,2.5,1351984250
2017-10-06,RLJ.N,23.83333,2.54546,1352167400
2017-10-06,RLJ.N,,2.54546,
2017-10-06,RLJ.N,23.83333,2.54546,
2017-10-11,ECPG.OQ,,,1132229140
2017-10-13,RLJ.N,,,1349972830
2017-10-16,RLJ.N,24.05556,,1313606710
2017-10-19,RLJ.N,23.85,2.58333,
2017-10-19,RLJ.N,23.85,2.58333,1321030880
2017-10-19,RLJ.N,,2.58333,
2017-10-26,RLJ.N,,,1353262430
2017-10-29,ECPG.OQ,45.79167,,1132595130
2017-11-02,ECPG.OQ,46.95833,,1136970130
2017-11-03,ECPG.OQ,48.08333,,1150708880
2017-11-06,ECPG.OQ,52.58333,,1153842880
2017-11-07,ECPG.OQ,53.5,,1157092880
2017-11-07,ECPG.OQ,53.5,,
2017-11-09,ECPG.OQ,,,1160226570
2017-11-09,RLJ.N,,,1348262430
2017-11-10,RLJ.N,,,1340224380
2017-11-13,RLJ.N,23.65,,1338221670
2017-11-13,RLJ.N,23.65,,
2017-11-14,RLJ.N,,,1338848890
2017-11-15,RLJ.N,,,1331420000
2017-11-17,ECPG.OQ,52.5,,
2017-11-28,RLJ.N,23.55,,1333067500
2017-11-28,RLJ.N,23.55,,
2017-11-30,ECPG.OQ,,,1160410750
2017-12-01,RLJ.N,,,1335030780
2017-12-14,RLJ.N,23.05556,,
2017-12-15,RLJ.N,,,1336057700
2017-12-18,RLJ.N,23.16667,,
2017-12-19,RLJ.N,,2.5,
2017-12-19,RLJ.N,23.45,2.5,
2017-12-19,RLJ.N,23.45,2.5,1335899600
2017-12-21,ECPG.OQ,52.6,2.28571,1160226570
2018-01-08,ECPG.OQ,52.66667,2.125,1160226570
2018-01-08,ECPG.OQ,52.66667,2.125,
2018-01-08,ECPG.OQ,,2.125,
2018-01-12,RLJ.N,,,1335959900
2018-01-26,RLJ.N,,,1337222900
2018-02-08,RLJ.N,23.55,,
2018-02-08,RLJ.N,23.55,,1337462900
2018-02-09,RLJ.N,,,1852484900
2018-02-21,ECPG.OQ,,,1270680710
2018-02-22,ECPG.OQ,51.5,,
2018-02-22,ECPG.OQ,51.5,,1316627140
2018-02-28,ECPG.OQ,,,1319898330
2018-02-28,RLJ.N,23.45,,1843644900
2018-03-01,RLJ.N,23.25,,1836264600
2018-03-02,RLJ.N,,2.54546,
2018-03-02,RLJ.N,23.15,2.54546,
2018-03-02,RLJ.N,23.15,2.54546,1831746500
2018-03-04,ECPG.OQ,50.66667,,1329198570
2018-03-04,ECPG.OQ,50.66667,,
2018-03-05,RLJ.N,,,1828867500
2018-03-06,RLJ.N,23.05,,1827267500
2018-03-08,RLJ.N,22.85,,
2018-03-08,RLJ.N,22.85,,1825767500
2018-03-09,RLJ.N,,,1819525700
2018-03-13,RLJ.N,,,1819525700
2018-03-29,RLJ.N,22.8,,
2018-04-10,RLJ.N,,,1821665700
2018-04-12,RLJ.N,,,1819928700
2018-04-17,ECPG.OQ,,,1337698570
2018-04-20,RLJ.N,,,1820876600
2018-05-07,ECPG.OQ,50.83333,,
2018-05-08,ECPG.OQ,,,1344841430
2018-05-09,ECPG.OQ,51.83333,,1347828290
2018-05-10,ECPG.OQ,52.66667,,
2018-05-10,RLJ.N,22.9,,
2018-05-10,ECPG.OQ,52.66667,,1364427430
2018-05-10,RLJ.N,22.9,,1815142300
2018-05-11,RLJ.N,,,1818456900
2018-05-14,RLJ.N,23.1,,1820161900
2018-05-14,RLJ.N,23.1,,
2018-05-15,RLJ.N,,,1819081900
2018-05-16,RLJ.N,23.2,,
2018-05-16,RLJ.N,23.2,,1817268110
2018-05-17,ECPG.OQ,,,1373398400
2018-05-18,RLJ.N,,,1815775220
2018-05-22,RLJ.N,23.4,,1815523000
2018-05-22,RLJ.N,,,1815523000
2018-06-01,RLJ.N,23.6,2.45455,
2018-06-15,RLJ.N,24.11111,2.3,1817301220
2018-06-15,RLJ.N,24.11111,2.3,
2018-06-15,RLJ.N,24.11111,,
2018-07-12,ECPG.OQ,52.0,,1373367200
2018-07-12,ECPG.OQ,52.0,,
2018-07-17,RLJ.N,,,1816301890
2018-07-19,RLJ.N,,,1817057440
2018-07-20,ECPG.OQ,,,1378767200
2018-07-29,ECPG.OQ,,,1357767200
2018-08-07,RLJ.N,,2.5,1816868660
2018-08-07,RLJ.N,,2.5,
2018-08-08,ECPG.OQ,,,1361167200
2018-08-09,ECPG.OQ,51.83333,2.0,
2018-08-09,ECPG.OQ,51.83333,,
2018-08-09,ECPG.OQ,51.83333,2.0,1370404140
2018-08-09,RLJ.N,,,1811481220
2018-08-10,ECPG.OQ,,,1377118430
2018-08-10,RLJ.N,,,1809725670
2018-08-13,RLJ.N,,,1806882440
2018-08-14,ECPG.OQ,,,1378862290
2018-08-14,RLJ.N,,,1803080250
2018-09-05,RLJ.N,,,1797481780
2018-09-10,RLJ.N,,,1793831330
2018-09-14,RLJ.N,,,1796308800
2018-09-21,RLJ.N,24.22222,2.3,1796237400
2018-09-21,RLJ.N,,2.3,
2018-10-02,ECPG.OQ,,2.25,
2018-10-03,RLJ.N,24.11111,,1791490700
2018-10-03,RLJ.N,24.11111,,
2018-10-04,RLJ.N,,,1789350700
2018-10-05,RLJ.N,,,1788228700
2018-10-10,RLJ.N,,,1787060700
2018-10-19,RLJ.N,,,1783043800
2018-10-21,ECPG.OQ,,,1369148000
2018-10-23,RLJ.N,23.66667,,
2018-11-05,ECPG.OQ,52.4,,
2018-11-07,RLJ.N,23.55556,,
2018-11-07,ECPG.OQ,50.4,,1369290860
2018-11-07,RLJ.N,23.55556,,1777583800
2018-11-08,ECPG.OQ,44.0,,1359327860
2018-11-09,ECPG.OQ,43.2,,1357299290
2018-11-09,RLJ.N,,,1777040800
2018-11-12,ECPG.OQ,41.6,,1355089290
2018-11-12,RLJ.N,23.44444,,1776650800
2018-11-13,RLJ.N,23.125,,1769066890
2018-11-14,RLJ.N,22.875,,
2018-11-14,RLJ.N,22.875,,1766228000
2018-11-16,RLJ.N,,,1765276560
2018-11-28,RLJ.N,22.75,,1763728330
2018-11-28,RLJ.N,,,1763728330
2018-12-11,RLJ.N,22.625,,
2018-12-19,RLJ.N,22.375,,
2018-12-25,RLJ.N,,,1763194380
2019-01-03,ECPG.OQ,41.0,2.11111,1355114130
2019-01-03,ECPG.OQ,,2.11111,1355114130
2019-01-03,ECPG.OQ,,,1355114130
2019-01-07,RLJ.N,22.0,,
2019-01-10,ECPG.OQ,40.5,,
2019-01-14,ECPG.OQ,,1.88889,
2019-01-14,ECPG.OQ,40.0,1.88889,
2019-01-16,RLJ.N,,,1762728330
2019-01-16,RLJ.N,21.75,,1762728330
2019-01-23,RLJ.N,22.22222,,
2019-01-24,RLJ.N,22.0,,
2019-01-28,RLJ.N,,,1763225000
2019-02-04,RLJ.N,21.88889,,
2019-02-10,RLJ.N,21.77778,,1765613890
2019-02-11,RLJ.N,,,1727668900
2019-02-27,ECPG.OQ,,,1444537630
2019-02-28,ECPG.OQ,41.14286,,
2019-02-28,ECPG.OQ,41.14286,,1425777250
2019-02-28,RLJ.N,21.77778,,
2019-03-01,RLJ.N,,,1727898900
2019-03-03,ECPG.OQ,,,1424152250
2019-03-04,RLJ.N,21.66667,,1726057000
2019-03-05,RLJ.N,21.44444,,1710217000
2019-03-06,RLJ.N,21.11111,,1704967000
2019-03-06,RLJ.N,21.11111,,
2019-03-07,RLJ.N,,,1711918890
2019-03-08,RLJ.N,21.22222,,1710157670
2019-03-12,RLJ.N,21.11111,,
2019-03-12,RLJ.N,21.11111,,1696791900
2019-03-14,RLJ.N,,,1693974200
2019-03-15,RLJ.N,,,1693404100
2019-03-17,RLJ.N,,,1676117890
2019-03-19,RLJ.N,21.0,,
2019-03-21,RLJ.N,,,1677141200
2019-04-16,ECPG.OQ,40.85714,,
2019-04-24,RLJ.N,,,1676725200
2019-05-08,ECPG.OQ,,,1417431260
2019-05-09,ECPG.OQ,41.85714,,1419447510
2019-05-09,RLJ.N,21.11111,,1677735200
2019-05-09,ECPG.OQ,41.85714,,
2019-05-09,RLJ.N,21.11111,,
2019-05-10,ECPG.OQ,,,1425572510
2019-05-10,RLJ.N,,,1676729700
2019-05-13,RLJ.N,21.0,,
2019-05-13,RLJ.N,21.0,,1675427600
2019-05-14,RLJ.N,,,1676368600
2019-05-15,RLJ.N,21.22222,2.1,1674689500
2019-05-15,RLJ.N,21.22222,2.1,
2019-05-20,RLJ.N,,,1675117300
2019-06-25,RLJ.N,21.1,2.18182,
2019-07-02,RLJ.N,,,1672467500
2019-07-09,RLJ.N,,,1669645600
2019-07-16,RLJ.N,20.7,2.27273,
2019-07-16,RLJ.N,20.7,2.27273,1666655400
2019-07-17,RLJ.N,,,1662330400
2019-07-22,RLJ.N,,,1658509700
2019-07-24,RLJ.N,20.81818,2.25,1655391420
2019-07-24,RLJ.N,,2.25,
2019-08-07,ECPG.OQ,,,1422786250
2019-08-08,ECPG.OQ,,,1392544830
2019-08-08,ECPG.OQ,42.57143,,1392544830
2019-08-08,RLJ.N,20.63636,,1648449750
2019-08-12,RLJ.N,20.36364,,1635439170
2019-08-13,RLJ.N,20.0,,1617229080
2019-08-14,RLJ.N,19.81818,,1579179280
2019-08-14,RLJ.N,,,1579179280
2019-08-15,RLJ.N,19.63636,,
2019-08-29,RLJ.N,19.45455,,1577506870
2019-08-29,RLJ.N,,,1577506870
2019-10-17,RLJ.N,19.36364,,
2019-10-18,RLJ.N,,,1576755250
2019-10-21,RLJ.N,,,1573999500
2019-10-22,RLJ.N,,,1571328440
2019-10-24,RLJ.N,19.27273,,1568728440
2019-10-28,RLJ.N,19.18182,,1567410440
2019-10-30,RLJ.N,19.09091,,1567229400
2019-10-30,RLJ.N,,,1567229400
2019-11-04,ECPG.OQ,42.57143,,
2019-11-06,ECPG.OQ,42.85714,,1394833000
2019-11-07,ECPG.OQ,43.42857,,1395547670
2019-11-07,ECPG.OQ,,,1395547670
2019-11-08,ECPG.OQ,43.42857,,
2019-11-08,RLJ.N,19.0,,
2019-11-10,ECPG.OQ,44.14286,,1394047670
2019-11-11,RLJ.N,,,1563788100
2019-11-15,RLJ.N,,,1563788100
2019-11-18,RLJ.N,,,1562106700
2019-11-19,RLJ.N,,,1562186700
2019-11-21,RLJ.N,18.90909,,
2019-11-21,RLJ.N,18.90909,,1561386700
2019-11-27,RLJ.N,,,1561696700
2019-11-29,RLJ.N,19.0,,
2019-11-29,RLJ.N,19.0,,1560330500
2019-12-02,RLJ.N,,,1559724220
2019-12-03,RLJ.N,,,1559837400
2019-12-09,ECPG.OQ,44.33333,2.0,
2019-12-09,AHCO.OQ,12.0,2.0,
2019-12-09,ECPG.OQ,44.33333,2.0,1393408800
2019-12-09,ECPG.OQ,,2.0,
2019-12-11,AHCO.OQ,,,520500000
2019-12-11,AHCO.OQ,12.5,1.5,520500000
2019-12-11,AHCO.OQ,12.5,1.5,
2019-12-11,RLJ.N,18.72727,2.33333,
2020-01-07,RLJ.N,,2.25,
2020-01-07,AHCO.OQ,13.33333,1.33333,521911330
2020-01-07,RLJ.N,18.83333,2.25,
2020-01-30,AHCO.OQ,14.25,1.25,522333500
2020-02-06,RLJ.N,,,1560301900
2020-02-07,RLJ.N,18.75,,1560383300
2020-02-13,RLJ.N,18.66667,,
2020-02-13,RLJ.N,18.66667,,1560201000
2020-02-14,RLJ.N,,,1560451000
2020-02-19,RLJ.N,18.58333,,
2020-02-24,RLJ.N,18.41667,2.27273,1560451000
2020-02-24,RLJ.N,,2.27273,
2020-02-24,RLJ.N,18.41667,2.27273,
2020-02-24,RLJ.N,18.41667,2.27273,1435420400
2020-02-25,AHCO.OQ,,1.33333,
2020-02-25,AHCO.OQ,16.66667,1.33333,776533330
2020-02-26,ECPG.OQ,,,1457377170
2020-02-26,RLJ.N,,,1434070400
2020-02-27,AHCO.OQ,19.0,,775300000
2020-02-27,ECPG.OQ,45.0,,1494595430
2020-02-27,RLJ.N,18.25,,1438380400
2020-02-27,AHCO.OQ,19.0,,
2020-02-27,ECPG.OQ,,,1494595430
2020-02-27,RLJ.N,,,1438380400
2020-03-02,RLJ.N,18.08333,,
2020-03-03,AHCO.OQ,,,791166670
2020-03-03,ECPG.OQ,46.66667,,
2020-03-04,ECPG.OQ,,,1508694670
2020-03-10,RLJ.N,,2.36364,
2020-03-10,RLJ.N,17.625,2.36364,1428978400
2020-03-11,RLJ.N,16.95833,,1418492200
2020-03-12,RLJ.N,16.70833,,1417711100
2020-03-16,RLJ.N,15.95833,,1390011100
2020-03-17,RLJ.N,15.04167,2.45455,1352111100
2020-03-17,RLJ.N,,2.45455,
2020-03-18,RLJ.N,14.125,,1263721100
2020-03-19,RLJ.N,13.33333,,1212958100
2020-04-03,RLJ.N,13.125,,1152399400
2020-04-03,RLJ.N,13.125,,
2020-04-06,RLJ.N,,,1123099400
2020-04-08,RLJ.N,12.8125,,1045799400
2020-04-12,ECPG.OQ,44.16667,,1481881140
2020-04-12,ECPG.OQ,44.16667,,
2020-04-14,RLJ.N,12.89583,,1015999400
2020-04-20,ECPG.OQ,,,1420011140
2020-04-20,RLJ.N,12.39583,,956239400
2020-04-21,RLJ.N,11.72917,,863279400
2020-04-22,RLJ.N,11.89583,,858394890
2020-04-29,RLJ.N,10.5625,,775480000
2020-04-29,RLJ.N,,,775480000
2020-04-30,RLJ.N,10.39583,,
2020-05-05,AHCO.OQ,,,803733330
2020-05-11,ECPG.OQ,,,1420215430
2020-05-12,AHCO.OQ,,,808433330
2020-05-12,ECPG.OQ,44.66667,,1398900280
2020-05-13,RLJ.N,,,771012560
2020-05-14,ECPG.OQ,45.5,,
2020-05-14,ECPG.OQ,45.5,,1408186000
2020-05-14,RLJ.N,10.47917,,
2020-05-15,RLJ.N,,,767161330
2020-05-18,RLJ.N,10.39583,,749470200
2020-05-18,RLJ.N,10.39583,,
2020-05-21,ECPG.OQ,,,1415586000
2020-05-26,AHCO.OQ,20.0,1.0,
2020-06-01,AHCO.OQ,,,810650000
2020-06-01,RLJ.N,,,752214700
2020-06-08,RLJ.N,10.89583,,
2020-06-09,AHCO.OQ,21.33333,1.33333,842927330
2020-06-09,RLJ.N,11.5,,
2020-06-10,RLJ.N,,2.63636,
2020-06-22,RLJ.N,11.66667,,745614700
2020-06-29,RLJ.N,11.95833,2.54546,717374700
2020-06-29,RLJ.N,,2.54546,
2020-07-01,AHCO.OQ,21.25,1.25,862245500
2020-07-01,RLJ.N,12.16667,,718423700
2020-07-01,AHCO.OQ,,1.25,
2020-07-01,RLJ.N,,,718423700
2020-07-02,AHCO.OQ,22.5,,880045500
2020-07-06,AHCO.OQ,23.125,,888770500
2020-07-14,RLJ.N,11.04546,,
2020-07-22,RLJ.N,10.5,,721283700
2020-07-23,RLJ.N,10.40909,,628305500
2020-07-24,RLJ.N,,2.45455,
2020-07-24,RLJ.N,10.5,2.45455,
2020-07-24,RLJ.N,10.5,2.45455,607542600
2020-08-03,RLJ.N,,,604052600
2020-08-04,AHCO.OQ,23.875,,944675000
2020-08-05,AHCO.OQ,24.3,1.4,975225000
2020-08-05,ECPG.OQ,46.33333,,1425997570
2020-08-05,AHCO.OQ,24.3,1.4,
2020-08-06,ECPG.OQ,50.66667,,
2020-08-06,AHCO.OQ,,,977240000
2020-08-06,ECPG.OQ,50.66667,,1428417570
2020-08-10,AHCO.OQ,25.41667,1.33333,973169670
2020-08-10,RLJ.N,,,567102400
2020-08-10,AHCO.OQ,,1.33333,
2020-08-10,AHCO.OQ,,1.33333,973169670
2020-08-11,AHCO.OQ,26.91667,,
2020-08-12,ECPG.OQ,,,1435487160
2020-08-13,RLJ.N,10.68182,,
2020-08-13,RLJ.N,10.68182,,563542400
2020-08-14,RLJ.N,,,544903400
2020-08-18,ECPG.OQ,51.5,,
2020-08-18,RLJ.N,10.59091,,545107100
2020-08-18,RLJ.N,10.59091,,
2020-08-21,RLJ.N,,,545916100
2020-08-26,RLJ.N,10.54546,,532686100
2020-08-27,RLJ.N,10.63636,,525231000
2020-08-28,ECPG.OQ,,,1436989000
2020-08-28,ECPG.OQ,53.66667,,1436989000
2020-09-01,ECPG.OQ,54.5,,
2020-09-02,RLJ.N,10.7,2.5,
2020-09-02,RLJ.N,10.7,2.5,531534440
2020-09-18,ECPG.OQ,53.8,2.0,1435487160
2020-09-18,ECPG.OQ,,2.0,
2020-09-18,ECPG.OQ,,2.0,1435487160
2020-09-28,RLJ.N,,,531664330
2020-09-29,RLJ.N,10.55,2.6,534511000
2020-10-05,RLJ.N,10.45455,2.63636,533235400
2020-10-05,RLJ.N,10.45455,2.63636,
2020-10-05,RLJ.N,,2.63636,
2020-10-08,RLJ.N,,,528189400
2020-10-19,RLJ.N,,,526242100
2020-10-23,RLJ.N,,,523017900
2020-10-26,RLJ.N,10.36364,,519187900
2020-10-27,AHCO.OQ,27.91667,,
2020-10-28,RLJ.N,10.54546,,
2020-10-28,RLJ.N,10.54546,,496727900
2020-11-02,ECPG.OQ,53.6,,
2020-11-03,ECPG.OQ,52.0,,1493586400
2020-11-04,AHCO.OQ,30.58333,,1002100500
2020-11-05,AHCO.OQ,32.08333,,1009150500
2020-11-05,AHCO.OQ,32.08333,,
2020-11-06,RLJ.N,,,493557900
2020-11-07,AHCO.OQ,,,1021675750
2020-11-08,RLJ.N,,,492015000
2020-11-10,RLJ.N,10.95455,,
2020-11-10,RLJ.N,10.95455,,493491360
2020-11-11,AHCO.OQ,32.91667,,1025288200
2020-11-13,RLJ.N,,,491604460
2020-11-16,AHCO.OQ,,1.28571,
2020-11-16,AHCO.OQ,33.21429,1.28571,1026090170
2020-11-16,RLJ.N,11.22727,,489289000
2020-11-17,AHCO.OQ,,,1026191570
2020-11-17,AHCO.OQ,34.64286,,1026191570
2020-11-17,RLJ.N,11.72727,,486796300
2020-11-18,AHCO.OQ,34.92857,,
2020-11-23,RLJ.N,11.7,2.72727,484703500
2020-11-23,RLJ.N,,2.72727,484703500
2020-11-23,RLJ.N,,2.72727,
2020-11-25,RLJ.N,11.85,,
2020-12-01,AHCO.OQ,39.64286,,1026691570
2020-12-02,AHCO.OQ,,,1027105860
2020-12-02,AHCO.OQ,40.64286,,1027105860
2020-12-03,AHCO.OQ,42.21429,,
2020-12-03,RLJ.N,12.05,,
2020-12-04,AHCO.OQ,,,1028891570
2020-12-11,RLJ.N,,,482203500
2020-12-11,RLJ.N,12.25,,482203500
2020-12-13,RLJ.N,12.65,,
2020-12-15,RLJ.N,,,482033500
2020-12-15,RLJ.N,13.3,,482033500
2021-01-04,ECPG.OQ,,2.16667,
2021-01-04,ECPG.OQ,51.5,2.16667,1493586400
2021-01-04,ECPG.OQ,51.5,2.16667,
2021-01-05,RLJ.N,13.9,,
2021-01-06,AHCO.OQ,44.4375,1.375,1029782630
2021-01-06,RLJ.N,,,481657500
2021-01-07,RLJ.N,14.0,,
2021-01-14,AHCO.OQ,,1.42857,
2021-01-14,AHCO.OQ,45.14286,1.42857,1030451570
2021-01-14,RLJ.N,14.4,,
2021-01-15,AHCO.OQ,,,1030765860
2021-01-15,AHCO.OQ,45.57143,,1030765860
2021-01-28,AHCO.OQ,45.625,1.375,
2021-01-28,AHCO.OQ,,1.375,
2021-02-10,RLJ.N,,,480802300
2021-02-11,AHCO.OQ,46.75,,
2021-02-11,AHCO.OQ,46.75,,1030782000
2021-02-12,RLJ.N,14.7,,
2021-02-12,RLJ.N,14.7,,736036360
2021-02-12,RLJ.N,14.7,,479302300
2021-02-24,ECPG.OQ,,,1514351170
2021-02-25,ECPG.OQ,51.25,,
2021-02-25,ECPG.OQ,51.25,,1523668330
2021-02-26,RLJ.N,,,738400000
2021-03-01,RLJ.N,,2.54546,
2021-03-01,RLJ.N,15.1,2.54546,732440270
2021-03-03,RLJ.N,15.3,,736496640
2021-03-03,RLJ.N,15.3,,
2021-03-04,AHCO.OQ,,,2243334880
2021-03-04,RLJ.N,,,732362730
2021-03-05,AHCO.OQ,47.125,,
2021-03-05,AHCO.OQ,47.125,,2274333880
2021-03-07,AHCO.OQ,,,2291307630
2021-03-08,RLJ.N,15.5,,
2021-03-11,RLJ.N,15.7,,731344460
2021-03-12,RLJ.N,16.0,,727971730
2021-03-12,RLJ.N,,,727971730
2021-03-16,RLJ.N,16.2,,
2021-03-18,AHCO.OQ,47.22222,1.44444,2287384560
2021-03-18,AHCO.OQ,,1.44444,2287384560
2021-03-18,AHCO.OQ,,,2287384560
2021-04-09,AHCO.OQ,47.44444,,
2021-04-12,RLJ.N,,,731199910
2021-04-13,AHCO.OQ,,1.66667,
2021-04-13,AHCO.OQ,45.88889,1.66667,
2021-04-14,RLJ.N,17.2,2.45455,
2021-04-14,RLJ.N,,2.45455,
2021-04-14,AHCO.OQ,45.0,,
2021-04-14,RLJ.N,17.2,2.45455,728009550
2021-04-20,RLJ.N,,,724627730
2021-04-26,RLJ.N,17.3,,732904180
2021-04-28,RLJ.N,17.8,,
2021-04-28,RLJ.N,17.8,,736558730
2021-05-05,ECPG.OQ,,,1520168330
2021-05-06,AHCO.OQ,43.0,,2301616990
2021-05-06,ECPG.OQ,52.25,,1524935830
2021-05-06,AHCO.OQ,43.0,,
2021-05-06,ECPG.OQ,52.25,,
2021-05-07,AHCO.OQ,,,2295872550
2021-05-07,ECPG.OQ,,,1538752500
2021-05-07,RLJ.N,,,729236200
2021-05-10,ECPG.OQ,,,1535902500
2021-05-10,RLJ.N,17.9,,726436200
2021-05-10,RLJ.N,17.9,,
2021-05-11,AHCO.OQ,,,2298316990
2021-05-11,RLJ.N,,,740831200
2021-05-13,AHCO.OQ,42.22222,,2297339210
2021-05-19,RLJ.N,,,745797700
2021-05-26,RLJ.N,,,727241400
2021-06-04,RLJ.N,,,728941400
2021-06-14,RLJ.N,,,734703400
2021-06-15,ECPG.OQ,54.75,,
2021-06-18,RLJ.N,18.0,,739483400
2021-06-18,RLJ.N,18.0,,
2021-06-30,RLJ.N,,,752887600
2021-07-14,AHCO.OQ,42.88889,1.44444,2297861430
2021-07-26,AHCO.OQ,,1.375,
2021-07-26,AHCO.OQ,42.0,1.375,2296856610
2021-07-26,RLJ.N,,,757232600
2021-07-27,AHCO.OQ,41.75,,2295444110
2021-08-04,ECPG.OQ,,,1541902500
2021-08-05,AHCO.OQ,42.0,,
2021-08-05,ECPG.OQ,,,1576736670
2021-08-05,AHCO.OQ,42.0,,2350338750
2021-08-05,ECPG.OQ,55.0,,1576736670
2021-08-06,AHCO.OQ,,,2387867500
2021-08-06,ECPG.OQ,55.33333,,
2021-08-09,ECPG.OQ,,,1582687500
2021-08-09,ECPG.OQ,55.0,,1582687500
2021-08-09,RLJ.N,,,762676500
2021-08-10,AHCO.OQ,42.25,,
2021-08-10,AHCO.OQ,42.25,,2402292750
2021-08-11,RLJ.N,18.1,,
2021-08-11,RLJ.N,18.1,,770696820
2021-08-12,RLJ.N,,,768483180
2021-08-13,RLJ.N,,,773183360
2021-08-16,AHCO.OQ,,,2411917750
2021-08-24,ECPG.OQ,55.0,,
2021-08-25,RLJ.N,18.0,,
2021-08-25,ECPG.OQ,,,1582704170
2021-08-25,RLJ.N,18.0,,772143180
2021-09-01,RLJ.N,,,768870460
2021-09-03,RLJ.N,,,775198000
2021-09-22,RLJ.N,17.95,,
2021-09-22,RLJ.N,17.95,,776870730
2021-09-27,AHCO.OQ,40.88889,1.33333,2411293560
2021-10-07,RLJ.N,,,778427090
2021-10-10,AHCO.OQ,,1.4,
2021-10-10,AHCO.OQ,39.9,1.4,2413164200
2021-10-10,AHCO.OQ,,1.4,2413164200
2021-10-13,AHCO.OQ,38.9,,
2021-10-15,AHCO.OQ,,,2413174200
2021-10-18,RLJ.N,18.05,,
2021-10-18,RLJ.N,18.05,,777492550
2021-10-26,RLJ.N,,,779733910
2021-10-27,ECPG.OQ,57.75,,
2021-11-03,ECPG.OQ,59.0,,1601066000
2021-11-04,ECPG.OQ,,,1618879330
2021-11-04,AHCO.OQ,37.4,,2433466700
2021-11-04,ECPG.OQ,66.75,,1618879330
2021-11-05,AHCO.OQ,37.9,,2436356700
2021-11-05,AHCO.OQ,37.9,,
2021-11-08,AHCO.OQ,,,2441118000
2021-11-08,RLJ.N,,,779449360
2021-11-09,RLJ.N,18.25,,777832640
2021-11-10,RLJ.N,18.35,,
2021-11-10,RLJ.N,18.35,,773296270
2021-11-11,AHCO.OQ,,,2438730880
2021-11-16,RLJ.N,,,770754700
2021-11-17,RLJ.N,,,772653600
2021-11-19,ECPG.OQ,67.75,,
2021-11-22,RLJ.N,18.25,,774079500
2021-11-30,RLJ.N,18.35,,775179500
2021-11-30,RLJ.N,18.35,,
2021-12-01,AHCO.OQ,37.9,,
2021-12-07,RLJ.N,,,775801730
2022-01-03,AHCO.OQ,,,2439447800
2022-01-05,RLJ.N,18.05556,,
2022-01-07,AHCO.OQ,37.0,,
2022-01-10,RLJ.N,,,776702640
2022-01-14,ECPG.OQ,69.0,,
2022-01-14,RLJ.N,18.16667,2.27273,776838730
2022-01-14,RLJ.N,,2.27273,
2022-01-19,AHCO.OQ,36.8,,2439097800
2022-02-08,RLJ.N,18.6,,
2022-02-08,RLJ.N,18.6,,778593270
2022-02-14,RLJ.N,,,779575090
2022-02-15,ECPG.OQ,70.25,,
2022-02-15,RLJ.N,,,779878000
2022-02-16,RLJ.N,,,780568910
2022-02-17,RLJ.N,,,1179182910
2022-02-17,AHCO.OQ,36.5,,2439307800
2022-02-17,RLJ.N,,,780223460
2022-02-23,ECPG.OQ,74.5,,1391420500
2022-02-24,AHCO.OQ,30.1,,2890382300
2022-02-24,ECPG.OQ,77.5,,1368701670
2022-02-24,ECPG.OQ,77.5,,
2022-02-25,RLJ.N,,,1177025550
2022-02-28,AHCO.OQ,28.1,,2888625300
2022-02-28,RLJ.N,,,1174391910
2022-03-02,AHCO.OQ,27.3,,2893805300
2022-03-02,AHCO.OQ,27.3,,
2022-03-03,AHCO.OQ,,,2920605250
2022-03-03,RLJ.N,18.7,,1167246460
2022-03-03,RLJ.N,18.7,,
2022-03-08,AHCO.OQ,25.8,,
2022-03-08,AHCO.OQ,25.8,,2921792400
2022-03-10,RLJ.N,,,1161545550
2022-03-16,RLJ.N,,,1160719550
2022-03-21,RLJ.N,,,1158797500
2022-03-31,RLJ.N,,,1159797130
2022-04-01,RLJ.N,18.6,,1157891560
2022-04-04,RLJ.N,,,1155558220
2022-04-04,RLJ.N,18.7,,1155558220
2022-04-07,RLJ.N,18.7,,
2022-04-14,RLJ.N,,,1156217000
2022-04-18,AHCO.OQ,,,2921942400
2022-04-21,RLJ.N,18.81818,2.16667,1167095300
2022-04-21,RLJ.N,18.81818,2.16667,
2022-04-21,RLJ.N,,2.16667,
2022-05-02,AHCO.OQ,25.6,,2919758400
2022-05-02,RLJ.N,,,1178762640
2022-05-04,ECPG.OQ,,,1394843670
2022-05-04,RLJ.N,18.81818,,1181944460
2022-05-04,RLJ.N,18.81818,,
2022-05-05,ECPG.OQ,77.75,,1503553330
2022-05-05,RLJ.N,,,1177380820
2022-05-06,RLJ.N,,,1176208270
2022-05-10,AHCO.OQ,25.1,,2942365710
2022-05-11,AHCO.OQ,24.8,,2954224710
2022-05-13,ECPG.OQ,75.75,,1523524500
2022-05-13,ECPG.OQ,75.75,,
2022-05-17,AHCO.OQ,24.3,,2961805510
2022-05-17,RLJ.N,,,1176508270
2022-05-17,AHCO.OQ,,,2961805510
2022-05-18,RLJ.N,18.72727,,1179424550
2022-05-18,RLJ.N,18.72727,,
2022-05-26,AHCO.OQ,24.1,,
2022-05-27,RLJ.N,,,1193368600
2022-06-02,RLJ.N,,,1186069290
2022-06-15,RLJ.N,,,1202870710
2022-06-27,RLJ.N,18.36364,,
2022-06-30,RLJ.N,18.18182,,1200610130
2022-07-07,RLJ.N,17.90909,,1202653440
2022-07-14,AHCO.OQ,24.5,,
2022-07-22,RLJ.N,17.5,2.27273,
2022-07-22,RLJ.N,17.5,2.27273,1202653440
2022-07-22,RLJ.N,,2.27273,
2022-07-25,RLJ.N,,,1202781220
2022-08-03,AHCO.OQ,25.11111,1.33333,
2022-08-03,ECPG.OQ,,,1523259330
2022-08-03,RLJ.N,,,1203403440
2022-08-04,ECPG.OQ,74.75,,1516958330
2022-08-04,ECPG.OQ,,,1516958330
2022-08-08,RLJ.N,,,1204374220
2022-08-09,AHCO.OQ,27.55,1.4,2950990510
2022-08-09,AHCO.OQ,,1.4,
2022-08-09,AHCO.OQ,,1.4,2950990510
2022-08-10,AHCO.OQ,27.75,,
2022-08-10,RLJ.N,17.3,,1201013110
2022-08-10,RLJ.N,17.3,,
2022-08-11,RLJ.N,,,1204299000
2022-08-19,RLJ.N,,,1200724000
2022-08-22,RLJ.N,,,1213927570
2022-08-24,RLJ.N,,,1215353860
2022-08-25,RLJ.N,,,1214746170
2022-08-29,RLJ.N,17.15,,
2022-08-29,RLJ.N,17.15,,1208386860
2022-09-07,RLJ.N,,,1206829500
2022-09-09,AHCO.OQ,,,2948340510
2022-09-12,AHCO.OQ,27.3,,
2022-09-15,AHCO.OQ,,,2945780510
2022-09-15,RLJ.N,16.85,,1206059560
2022-09-15,RLJ.N,16.85,,
2022-09-16,ECPG.OQ,71.0,,
2022-09-19,AHCO.OQ,28.3,,2946670510
2022-09-20,RLJ.N,,,1206059560
2022-09-29,RLJ.N,,,1202833450
2022-10-04,RLJ.N,16.75,,
2022-10-17,RLJ.N,16.55,,1199900110
2022-10-20,RLJ.N,16.35,,
2022-10-20,RLJ.N,16.35,,1196577340
2022-10-24,RLJ.N,,,1195562670
2022-10-25,RLJ.N,16.15,,
2022-10-25,RLJ.N,16.15,,1190907110
2022-10-27,RLJ.N,,,1191716400
2022-11-02,RLJ.N,,,1193656400
2022-11-02,ECPG.OQ,65.75,,1504479170
2022-11-02,RLJ.N,15.61111,,1193656400
2022-11-03,ECPG.OQ,62.25,,1487364670
2022-11-03,RLJ.N,16.15,,
2022-11-03,ECPG.OQ,62.25,,
2022-11-04,ECPG.OQ,,,1483943840
2022-11-06,RLJ.N,16.05,,
2022-11-08,AHCO.OQ,28.3,,2966321210
2022-11-09,AHCO.OQ,28.4,,
2022-11-09,AHCO.OQ,28.4,,2972137900
2022-11-09,RLJ.N,,,1193711400
2022-11-10,AHCO.OQ,,,2975427900
2022-11-10,RLJ.N,15.75,,1196221000
2022-11-10,RLJ.N,15.75,,
2022-11-11,AHCO.OQ,,,2979127900
2022-11-15,RLJ.N,,,1196311000
2022-11-19,RLJ.N,,,1195211560
2022-11-23,RLJ.N,,,1196121000
2022-11-24,RLJ.N,,,1199819570
2022-12-04,RLJ.N,15.7,,
2022-12-06,RLJ.N,15.5,,
2022-12-09,RLJ.N,,,1200597130
2022-12-14,RLJ.N,15.3,,
2022-12-16,AHCO.OQ,28.55,,
2022-12-20,RLJ.N,15.1,,1200978330
2022-12-20,RLJ.N,15.1,,
2023-01-10,RLJ.N,,,1200867220
2023-01-11,AHCO.OQ,,,2978617900
2023-01-12,AHCO.OQ,,,2978117900
2023-01-12,RLJ.N,15.0,,
2023-01-13,RLJ.N,,,1198271000
2023-02-08,RLJ.N,14.88889,2.3,
2023-02-08,RLJ.N,14.88889,2.3,1197604870
2023-02-08,RLJ.N,,2.3,
2023-02-13,RLJ.N,,,1196430000
2023-02-14,ECPG.OQ,,2.33333,
2023-02-17,RLJ.N,,,1196042500
2023-02-22,ECPG.OQ,,,1334305510
2023-02-22,RLJ.N,,,1195492500
2023-02-22,RLJ.N,,,1335758890
2023-02-23,ECPG.OQ,64.0,,
2023-02-23,ECPG.OQ,64.0,,1345688010
2023-02-27,AHCO.OQ,27.75,,3253060400
2023-02-27,ECPG.OQ,,,1348140670
2023-02-28,AHCO.OQ,24.4,,3228541700
2023-02-28,RLJ.N,,,1327374450
2023-03-01,AHCO.OQ,,,3223141700
2023-03-01,RLJ.N,14.66667,,
2023-03-01,AHCO.OQ,23.44444,1.33333,3223141700
2023-03-01,RLJ.N,14.66667,,1325107780
2023-03-02,AHCO.OQ,23.6,1.4,
2023-03-02,AHCO.OQ,,1.4,
2023-03-03,AHCO.OQ,23.1,,3215400200
2023-03-03,AHCO.OQ,23.1,,
2023-03-06,AHCO.OQ,,,3199706500
2023-03-06,RLJ.N,,,1325210670
2023-03-07,AHCO.OQ,22.88889,1.33333,
2023-03-08,AHCO.OQ,,1.4,
2023-03-08,AHCO.OQ,23.1,1.4,3199706500
2023-03-10,RLJ.N,,,1335714800
2023-03-13,AHCO.OQ,22.4,,
2023-03-13,AHCO.OQ,22.4,,3202368000
2023-03-13,RLJ.N,,,1334230670
2023-03-17,RLJ.N,,,1316676800
2023-03-29,RLJ.N,,,1317251000
2023-03-30,RLJ.N,,,1307472140
2023-04-02,RLJ.N,14.38889,,
2023-04-03,AHCO.OQ,,,3200879110
2023-04-11,RLJ.N,,,1307768380
2023-04-13,AHCO.OQ,22.1,,
2023-04-13,RLJ.N,,,1304364890
2023-04-14,RLJ.N,14.27778,,
2023-04-21,ECPG.OQ,,,1348159500
2023-04-24,RLJ.N,,,1303924890
2023-05-03,ECPG.OQ,,,1343283170
2023-05-04,ECPG.OQ,,2.0,
2023-05-04,ECPG.OQ,63.25,2.0,
2023-05-04,ECPG.OQ,63.25,2.0,1331661670
2023-05-08,RLJ.N,,,1303876670
2023-05-09,AHCO.OQ,,1.9,
2023-05-09,AHCO.OQ,17.53,1.9,3160737500
2023-05-10,AHCO.OQ,16.23,,3146334200
2023-05-10,RLJ.N,,,1302632220
2023-05-10,AHCO.OQ,16.23,,
2023-05-12,RLJ.N,,,1305244430
2023-05-15,RLJ.N,,,1314132200
2023-06-01,RLJ.N,,,1321918000
2023-06-20,RLJ.N,,,1321459000
2023-06-23,RLJ.N,,,1319882000
2023-06-27,AHCO.OQ,,,3145854200
2023-07-03,RLJ.N,14.1875,,
2023-07-05,RLJ.N,14.05556,,1318982000
2023-07-12,AHCO.OQ,16.33,,
2023-07-12,RLJ.N,14.11111,,1318214750
2023-07-12,RLJ.N,14.11111,,
2023-07-13,RLJ.N,,,1316999380
2023-07-20,RLJ.N,,2.5,
2023-07-20,RLJ.N,14.125,2.5,
2023-07-20,RLJ.N,14.125,2.5,1313564380
2023-07-25,AHCO.OQ,15.73,,3144435000
2023-07-26,RLJ.N,,,1313274880
2023-07-27,RLJ.N,14.0,,1317577670
2023-07-27,RLJ.N,14.0,,
2023-08-02,ECPG.OQ,,,1324456500
2023-08-03,ECPG.OQ,,,1322890000
2023-08-04,ECPG.OQ,,,1316039000
2023-08-07,RLJ.N,,,1317854780
2023-08-08,AHCO.OQ,16.73,,3157338290
2023-08-08,RLJ.N,,,1316312560
2023-08-09,AHCO.OQ,17.03,,3160738290
2023-08-11,AHCO.OQ,17.3,,
2023-08-11,AHCO.OQ,17.3,,3165128290
2023-08-14,RLJ.N,,,1311099250
2023-08-15,AHCO.OQ,,,3169898100
2023-08-16,AHCO.OQ,,,3169618290
2023-08-22,RLJ.N,,,1312945800
2023-08-24,AHCO.OQ,,,3169368290
2023-08-24,RLJ.N,13.875,,1313938170
2023-08-24,RLJ.N,13.875,,
2023-08-29,RLJ.N,,,1313508430
2023-08-30,RLJ.N,,,1310623710
2023-09-05,AHCO.OQ,17.0,,
2023-09-07,RLJ.N,13.75,,1310120570
2023-09-15,RLJ.N,13.625,,1309819130
2023-09-22,AHCO.OQ,16.8,,
2023-09-28,RLJ.N,13.5,,1310283670
2023-09-28,RLJ.N,13.5,,
2023-10-04,RLJ.N,,,1309739670
2023-10-11,AHCO.OQ,16.4,,
2023-10-16,ECPG.OQ,,,1313965830
2023-10-18,ECPG.OQ,,,1312881830
2023-10-18,RLJ.N,,,1310057700
2023-10-19,AHCO.OQ,16.0,,3168918290
2023-10-23,RLJ.N,,,1309708700
2023-10-30,RLJ.N,,,1309628700
2023-11-01,ECPG.OQ,,,1308181830
2023-11-02,ECPG.OQ,56.0,,1287038670
2023-11-03,ECPG.OQ,54.33333,,
2023-11-03,ECPG.OQ,54.33333,,1280993330
2023-11-03,RLJ.N,,,1313271000
2023-11-06,ECPG.OQ,,,1273357500
2023-11-07,AHCO.OQ,12.25,,3166934500
2023-11-08,AHCO.OQ,,2.0,
2023-11-08,AHCO.OQ,11.95,2.0,3167613500
2023-11-08,RLJ.N,,,1314512000
2023-11-12,AHCO.OQ,11.5,,
2023-11-12,AHCO.OQ,11.5,,3167650200
2023-11-13,RLJ.N,,,1319865000
2023-11-14,AHCO.OQ,,,3167711330
2023-11-15,AHCO.OQ,,2.1,
2023-11-19,RLJ.N,,,1319604170
2023-11-22,AHCO.OQ,11.15,,3168230200
2023-11-22,AHCO.OQ,,,3168230200
2023-11-28,RLJ.N,13.44444,2.3,1320113570
2023-11-28,RLJ.N,13.44444,2.3,
2023-11-28,RLJ.N,,2.3,
2023-11-29,RLJ.N,,,1321527860
2023-12-04,RLJ.N,,,1320272430
2023-12-06,RLJ.N,13.375,,
2023-12-12,RLJ.N,,,1320151380
2023-12-12,RLJ.N,13.44444,,1320151380
2023-12-14,RLJ.N,13.625,,
2023-12-22,RLJ.N,,,1320184670
2023-12-22,RLJ.N,13.75,,1320184670
2023-12-24,RLJ.N,13.9375,,
2023-12-29,ECPG.OQ,,2.2,
2023-12-29,ECPG.OQ,,2.2,1276009000
2023-12-29,RLJ.N,,,1319940220
2024-01-05,RLJ.N,14.0625,,
2024-01-08,AHCO.OQ,10.5,2.3,
2024-01-08,RLJ.N,13.83333,,
2024-01-08,AHCO.OQ,,2.3,
2024-01-09,RLJ.N,,2.18182,
2024-01-09,RLJ.N,13.95,2.18182,
2024-01-11,RLJ.N,14.05,,
2024-01-25,ECPG.OQ,51.25,,
2024-01-29,AHCO.OQ,10.4,,3167399200
2024-01-29,RLJ.N,,,1320140220
2024-02-16,RLJ.N,,,1319826200
2024-02-16,RLJ.N,,,1365787300
2024-02-21,ECPG.OQ,58.25,,1421051400
2024-02-22,ECPG.OQ,60.75,,1413841200
2024-02-22,ECPG.OQ,60.75,,
2024-02-23,ECPG.OQ,,,1409095200
2024-02-27,AHCO.OQ,11.3,,3312329800
2024-02-28,RLJ.N,14.15,,
2024-02-28,AHCO.OQ,11.7,,3307731800
2024-02-28,RLJ.N,14.15,,1367633900
2024-03-04,AHCO.OQ,11.85,,
2024-03-04,AHCO.OQ,11.85,,3317030900
2024-03-04,RLJ.N,,,1377190600
2024-03-05,AHCO.OQ,,,3318221220
2024-03-14,RLJ.N,,,1381104000
2024-03-15,RLJ.N,14.25,,
2024-03-15,RLJ.N,14.25,,1382404000
2024-03-17,AHCO.OQ,,,3316649600
2024-03-18,RLJ.N,,,1382346290
2024-03-21,RLJ.N,,,1381941500
2024-04-04,RLJ.N,,,1382509110
2024-04-11,RLJ.N,,,1380209000
2024-04-15,RLJ.N,,,1381582000
2024-04-17,ECPG.OQ,,,1408022400
2024-04-17,RLJ.N,,,1380423800
2024-04-22,RLJ.N,,,1380248800
2024-04-23,RLJ.N,,,1380108800
2024-04-29,RLJ.N,,,1379919800
2024-05-03,RLJ.N,,,1378387000
2024-05-05,RLJ.N,,,1378697000
2024-05-07,AHCO.OQ,,,3316825900
2024-05-07,RLJ.N,,,1378685000
2024-05-08,AHCO.OQ,,,3311371900
2024-05-08,ECPG.OQ,,,1407099800
2024-05-09,ECPG.OQ,61.0,,
2024-05-09,ECPG.OQ,61.0,,1407317800
2024-05-13,RLJ.N,,,1377040570
2024-05-14,AHCO.OQ,,,3313659750
2024-05-15,AHCO.OQ,,,3314409750
2024-05-17,RLJ.N,14.15,,1377410500
2024-05-22,AHCO.OQ,11.95,,3313908670
2024-05-22,AHCO.OQ,11.95,,
2024-05-24,AHCO.OQ,,,3313893700
2024-05-28,RLJ.N,14.05,,1377141750
2024-05-28,RLJ.N,14.05,,
2024-05-30,RLJ.N,,,1378883200
2024-05-31,RLJ.N,13.9,,1379588000
2024-06-10,RLJ.N,13.8,,1379348000
2024-07-10,RLJ.N,,2.1,
2024-07-10,RLJ.N,13.88889,2.1,
2024-07-10,RLJ.N,13.88889,2.1,1380386670
2024-07-11,AHCO.OQ,,,3314393700
2024-07-11,RLJ.N,,,1379864440
2024-07-22,RLJ.N,13.66667,,
2024-07-22,RLJ.N,13.66667,,1378508890
2024-07-23,RLJ.N,,,1378532890
2024-08-05,RLJ.N,12.55556,2.3,1375261110
2024-08-05,RLJ.N,12.55556,2.3,
2024-08-05,RLJ.N,,2.3,
2024-08-06,AHCO.OQ,,,3297326500
2024-08-06,RLJ.N,,,1374458890
2024-08-07,AHCO.OQ,11.9,,
2024-08-07,AHCO.OQ,11.9,,3294716500
2024-08-07,ECPG.OQ,,,1407473800
2024-08-08,ECPG.OQ,,,1419057000
2024-08-09,AHCO.OQ,,,3288520300
2024-08-09,RLJ.N,12.44444,,1373803330
2024-08-10,AHCO.OQ,11.9,,
2024-08-13,AHCO.OQ,,,3281712870
2024-08-14,AHCO.OQ,,,3277712870
2024-08-18,RLJ.N,12.33333,,1372825560
2024-08-18,RLJ.N,12.33333,,
2024-08-20,ECPG.OQ,59.5,,
2024-08-21,RLJ.N,,,1361218400
2024-08-27,ECPG.OQ,60.25,,
2024-08-30,AHCO.OQ,,2.11111,
2024-08-30,AHCO.OQ,12.33333,2.11111,3275591620
2024-08-30,RLJ.N,,,1362647500
2024-09-03,AHCO.OQ,,,3275581440
2024-09-03,AHCO.OQ,12.44444,,3275581440
2024-09-13,RLJ.N,12.11111,2.4,1363041430
2024-09-13,RLJ.N,,,1363041430
2024-09-17,AHCO.OQ,12.44444,,
2024-09-25,RLJ.N,11.75,2.6,
2024-09-25,RLJ.N,,2.6,
2024-10-10,RLJ.N,,,1363702380
2024-10-14,ECPG.OQ,,,1417859400
2024-10-17,ECPG.OQ,61.0,2.0,
2024-10-17,RLJ.N,11.5,,
2024-10-17,ECPG.OQ,,2.0,
2024-10-21,RLJ.N,,,1363584880
2024-10-22,RLJ.N,,,1362984880
2024-10-27,RLJ.N,11.125,,1363741000
2024-10-27,RLJ.N,11.125,,
2024-11-05,AHCO.OQ,12.0,,3256015780
2024-11-06,AHCO.OQ,11.72222,,3241848440
2024-11-06,ECPG.OQ,,,1417231400
2024-11-07,ECPG.OQ,62.25,,1423882200
2024-11-07,ECPG.OQ,,,1423882200
2024-11-08,RLJ.N,,,1364377890
2024-11-11,RLJ.N,11.25,,1365525670
2024-11-11,RLJ.N,11.25,,
2024-11-13,RLJ.N,,,1364755670
2024-11-15,AHCO.OQ,11.61111,,3237181780
2024-11-17,RLJ.N,,,1364631220
2024-11-18,AHCO.OQ,11.38889,,
2024-11-18,AHCO.OQ,11.38889,,3233241560
2024-11-21,RLJ.N,,,1364997890
2024-11-21,RLJ.N,11.375,,1364997890
2024-11-22,RLJ.N,11.5,,
2024-11-26,RLJ.N,11.375,,
2024-11-26,RLJ.N,11.375,,1364409000
2024-12-04,RLJ.N,,,1363942330
2024-12-12,RLJ.N,11.0,,
2024-12-13,RLJ.N,11.07143,,
2024-12-17,RLJ.N,11.4375,,
2024-12-23,ECPG.OQ,64.25,,
2024-12-26,RLJ.N,,,1363368220
2025-01-06,AHCO.OQ,,,3233519330
2025-01-16,RLJ.N,,,1363634890
2025-01-23,AHCO.OQ,11.41667,,
2025-01-27,RLJ.N,,,1363811560
2025-02-12,AHCO.OQ,11.30556,,
2025-02-13,RLJ.N,,,1364244890
2025-02-13,RLJ.N,,,1397031560
2025-02-21,RLJ.N,11.34375,,
2025-02-25,AHCO.OQ,11.97222,,3281217560
2025-02-26,AHCO.OQ,12.86111,,3271503110
2025-02-26,ECPG.OQ,62.5,,1600409000
2025-02-27,ECPG.OQ,59.75,,1569756000
2025-02-27,RLJ.N,,,1395532890
2025-02-27,ECPG.OQ,59.75,,
2025-03-03,RLJ.N,,,1396310670
2025-03-04,AHCO.OQ,13.0,,3267354330
2025-03-04,RLJ.N,,,1395672000
2025-03-05,RLJ.N,,,1395505330
2025-03-06,RLJ.N,,,1394988670
2025-03-12,RLJ.N,,,1392496500
2025-03-21,RLJ.N,11.21875,2.7,1391909860
2025-03-21,RLJ.N,,2.7,
2025-03-23,RLJ.N,10.96875,,1392413500
2025-03-23,RLJ.N,10.96875,,
2025-04-07,RLJ.N,,,1392013630
2025-04-13,RLJ.N,10.5,,
2025-04-16,RLJ.N,10.25,,1386401130
2025-04-22,RLJ.N,10.03125,,1383457670
2025-04-22,RLJ.N,10.03125,,
2025-04-28,RLJ.N,,,1380368780
2025-05-06,AHCO.OQ,12.77778,,3251062790
2025-05-06,RLJ.N,9.90625,,1381759670
2025-05-07,RLJ.N,9.78125,,
2025-05-07,AHCO.OQ,12.66667,,3248440570
2025-05-07,ECPG.OQ,,,1568136000
2025-05-07,RLJ.N,9.78125,,1380981890
2025-05-08,AHCO.OQ,12.55556,,3251866790
2025-05-08,ECPG.OQ,57.25,,1570659800
2025-05-08,ECPG.OQ,57.25,,
2025-05-09,AHCO.OQ,12.44444,,3252533460
2025-05-09,AHCO.OQ,12.44444,,
2025-05-12,RLJ.N,,,1361083000
2025-05-13,AHCO.OQ,,,3250337010
2025-05-15,AHCO.OQ,,,3249949010
2025-05-19,AHCO.OQ,12.875,2.0,3251805130
2025-05-19,AHCO.OQ,12.875,2.0,
2025-05-19,AHCO.OQ,,2.0,
2025-05-23,RLJ.N,9.53125,,1366152500
2025-05-23,RLJ.N,9.53125,,
2025-06-01,RLJ.N,,,1368519170
2025-06-08,RLJ.N,9.15625,,1367137860
2025-06-08,RLJ.N,9.15625,,
2025-06-12,RLJ.N,,,1366093290
2025-06-30,RLJ.N,,,1366007630
2025-07-01,RLJ.N,,,1366070000
2025-07-03,RLJ.N,9.28125,,
2025-07-08,AHCO.OQ,,,3248999750
2025-07-16,AHCO.OQ,,,3245249750
2025-07-21,AHCO.OQ,,,3242343250
2025-07-21,RLJ.N,,,1367210000
2025-07-31,AHCO.OQ,12.875,,
2025-08-01,AHCO.OQ,,,3238552000
2025-08-05,AHCO.OQ,13.0,,3234089000
2025-08-06,AHCO.OQ,13.125,,
2025-08-06,AHCO.OQ,13.125,,3230076500
2025-08-06,ECPG.OQ,,,1576699800
2025-08-07,AHCO.OQ,,,3229339000
2025-08-07,ECPG.OQ,,,1635512600
2025-08-11,RLJ.N,9.09375,,1366965560
2025-08-11,RLJ.N,9.09375,,
2025-08-12,AHCO.OQ,,,3228814000
2025-08-14,RLJ.N,,,1365788890
2025-08-15,RLJ.N,8.96875,,1361377780
2025-08-15,RLJ.N,8.96875,,
2025-08-22,RLJ.N,,,1359618440
2025-08-26,AHCO.OQ,,,3225766380
2025-08-28,RLJ.N,8.84375,,
2025-08-28,RLJ.N,8.84375,,1358218440
2025-09-04,RLJ.N,,,1355888890
2025-09-05,RLJ.N,8.96875,,
2025-09-05,ECPG.OQ,,,1646472600
2025-09-05,RLJ.N,8.96875,,1355517780
2025-09-17,RLJ.N,,,1356247780
2025-09-23,RLJ.N,,,1356036670
2025-09-25,RLJ.N,,,1356202220
2025-10-03,RLJ.N,,2.9,
2025-10-03,RLJ.N,8.78125,2.9,
2025-10-03,RLJ.N,8.78125,2.9,1354666670
2025-10-10,RLJ.N,,,1354166220
2025-10-15,AHCO.OQ,13.0,,3225761250
2025-10-15,AHCO.OQ,13.0,,
2025-10-20,RLJ.N,,,1353010670
2025-10-21,RLJ.N,,,1351914000
2025-10-22,AHCO.OQ,,,3225448750
2025-11-04,AHCO.OQ,13.125,,3231851000
2025-11-05,AHCO.OQ,13.25,,
2025-11-05,AHCO.OQ,13.25,,3230082500
2025-11-05,ECPG.OQ,57.75,,1675222600
2025-11-06,ECPG.OQ,60.25,,1718401200
2025-11-06,ECPG.OQ,,,1718401200
2025-11-07,AHCO.OQ,,,3231082500
2025-11-07,RLJ.N,8.65625,,1349238440
2025-11-10,RLJ.N,8.59375,,1347414000
2025-11-12,RLJ.N,,2.7,
2025-11-12,RLJ.N,8.63889,2.7,1345928890
2025-11-25,RLJ.N,8.69444,,1345228890
2025-11-25,RLJ.N,8.69444,,
2025-12-01,BETA.N,,,30261830
2025-12-01,BETA.N,34.6,1.83333,30261830
2025-12-01,BETA.N,34.6,1.83333,
2025-12-01,RLJ.N,,,1343689330
2025-12-03,BETA.N,36.66667,1.85714,30395140
2025-12-04,BETA.N,37.875,1.75,31154630
2025-12-04,BETA.N,,1.75,
2025-12-09,BETA.N,37.625,,31326630
2025-12-17,BETA.N,37.875,,31514130
2025-12-17,BETA.N,,,31514130
2025-12-26,RLJ.N,,,1342089330
2026-01-06,RLJ.N,8.425,2.81818,
2026-01-06,RLJ.N,,2.81818,
2026-01-06,RLJ.N,8.425,2.81818,1342107600
2026-01-12,MDLN.OQ,47.40909,1.70833,
2026-01-12,RLJ.N,,,1342137600
2026-01-12,MDLN.OQ,,,28155150240
2026-01-13,MDLN.OQ,47.0,1.76,28155734320
2026-01-14,MDLN.OQ,46.79167,1.80769,28156209350
2026-01-14,MDLN.OQ,,,28156209350
2026-01-15,AHCO.OQ,13.375,,
2026-01-16,BETA.N,37.625,,
2026-01-20,ECPG.OQ,64.25,,
2026-01-22,ECPG.OQ,66.5,,
2026-01-26,RLJ.N,,,1342301600
2026-02-02,ECPG.OQ,68.0,2.25,1717452500
2026-02-02,ECPG.OQ,,2.25,
2026-02-05,MDLN.OQ,,1.81482,
2026-02-05,MDLN.OQ,47.12,1.81482,
2026-02-09,MDLN.OQ,47.32,,
2026-02-10,AHCO.OQ,,,3230181250
2026-02-11,BETA.N,,1.5,31701630
2026-02-11,BETA.N,,1.5,
2026-02-18,MDLN.OQ,,,28155450630
2026-02-23,RLJ.N,,,1373588600
2026-02-24,AHCO.OQ,13.0,,
2026-02-24,AHCO.OQ,13.0,,3462781380
2026-02-25,MDLN.OQ,,1.82143,
2026-02-25,AHCO.OQ,,,3468976380
2026-02-25,ECPG.OQ,77.66667,,1788163000
2026-02-25,MDLN.OQ,51.0,1.82143,30691657040
2026-02-26,AHCO.OQ,12.875,,3467751380
2026-02-26,ECPG.OQ,82.66667,,1812958500
2026-02-26,MDLN.OQ,52.19231,,30762565890
2026-03-02,MDLN.OQ,53.19231,,30814280540
2026-03-02,RLJ.N,8.475,,1373956900
2026-03-03,MDLN.OQ,52.92,1.88462,30810442780
2026-03-04,MDLN.OQ,53.04348,1.88,30872203860
2026-03-04,RLJ.N,8.525,,1374325900
2026-03-04,MDLN.OQ,53.04348,,
2026-03-04,RLJ.N,8.525,,
2026-03-05,MDLN.OQ,,1.84615,
2026-03-05,MDLN.OQ,,1.84615,30874190650
2026-03-09,MDLN.OQ,,,30906057710
2026-03-09,BETA.N,37.5,,34964380
2026-03-09,MDLN.OQ,53.26087,,30906057710
2026-03-10,BETA.N,36.875,,37631630
2026-03-11,MDLN.OQ,53.54167,1.81482,
2026-03-11,RLJ.N,,,1373278380
2026-03-11,MDLN.OQ,,1.81482,
2026-03-16,BETA.N,36.25,,40759500
2026-03-16,RLJ.N,,,1369181330
2026-03-16,BETA.N,36.25,,
2026-03-19,MDLN.OQ,53.58333,,30905224380
2026-03-19,MDLN.OQ,53.58333,,
2026-03-20,RLJ.N,8.525,,
2026-03-23,MDLN.OQ,,,30906175400
2026-03-25,MDLN.OQ,53.79167,,30906501120
2026-03-26,BETA.N,,,41192830
2026-03-26,RLJ.N,8.52273,2.83333,1365320570
2014-11-06,LNN.N,,,598518370
2014-12-08,LNN.N,76.83333,3.3,
2014-12-08,LNN.N,,3.3,
2014-12-15,AAMI.N,18.875,2.22222,614338500
2014-12-15,AAMI.N,,2.22222,
2015-01-04,LNN.N,,,597868370
2015-01-05,LNN.N,78.2,,
2015-01-06,AAMI.N,19.0,,613981330
2015-01-06,LNN.N,77.8,,599870250
2015-01-07,AAMI.N,18.875,,613698000
2015-01-07,LNN.N,77.4,,593481630
2015-01-07,AAMI.N,18.875,,
2015-01-07,LNN.N,77.4,,
2015-01-08,LNN.N,,,591331630
2015-01-12,AAMI.N,,,613341140
2015-01-12,LNN.N,,3.33333,591521860
2015-01-15,AAMI.N,,,613501710
2015-01-21,AAMI.N,18.85714,2.25,613365170
2015-01-27,LNN.N,,3.3,589130880
2015-01-27,LNN.N,,3.3,
2015-02-02,LNN.N,,,588104130
2015-02-03,AAMI.N,,2.22222,613345570
2015-02-03,AAMI.N,,2.22222,
2015-02-03,AAMI.N,18.875,2.22222,613345570
2015-02-13,LNN.N,78.8,,590104130
2015-02-13,LNN.N,,,590104130
2015-02-16,AAMI.N,19.25,,
2015-02-19,LNN.N,80.8,,
2015-02-27,AAMI.N,20.0,,687260430
2015-03-02,AAMI.N,21.0625,2.0,694862570
2015-03-02,AAMI.N,21.0625,2.0,
2015-03-02,AAMI.N,,2.0,
2015-03-04,LNN.N,80.0,,592266630
2015-03-12,LNN.N,,3.1,
2015-03-18,AAMI.N,,,693897430
2015-03-25,LNN.N,78.0,,578775630
2015-03-26,LNN.N,74.0,,564021870
2015-03-26,LNN.N,,,564021870
2015-03-30,LNN.N,71.6,,
2015-04-02,LNN.N,,,559846870
2015-04-07,AAMI.N,,,692440290
2015-04-14,AAMI.N,,,693499570
2015-04-15,AAMI.N,,,692348290
2015-04-15,AAMI.N,21.3125,,692348290
2015-04-28,AAMI.N,21.4375,,
2015-05-11,AAMI.N,,,692348290
2015-05-14,AAMI.N,21.4375,,693219290
2015-05-14,AAMI.N,21.4375,,
2015-05-15,AAMI.N,,,695747850
2015-05-18,AAMI.N,21.5625,,
2015-05-18,AAMI.N,21.5625,,692676430
2015-05-19,AAMI.N,,,692662140
2015-05-19,LNN.N,72.6,,
2015-05-20,AAMI.N,,,692676430
2015-05-31,LNN.N,,,559821870
2015-06-05,LNN.N,,,559820500
2015-06-08,AAMI.N,21.57143,,
2015-06-08,AAMI.N,21.57143,2.28571,
2015-06-25,LNN.N,74.4,,561545500
2015-06-26,LNN.N,76.6,,567181880
2015-06-28,LNN.N,78.0,,568019380
2015-06-30,AAMI.N,,2.125,
2015-07-01,AAMI.N,,2.14286,
2015-07-01,AAMI.N,21.16667,2.14286,692731290
2015-07-02,AAMI.N,,,689788430
2015-07-02,AAMI.N,21.07143,,689788430
2015-07-03,AAMI.N,,2.0,
2015-07-06,LNN.N,80.0,,566541110
2015-07-09,AAMI.N,20.92857,,
2015-07-13,AAMI.N,,,689531290
2015-07-14,AAMI.N,20.85714,,688245570
2015-07-17,AAMI.N,,2.0,
2015-07-17,AAMI.N,21.25,2.0,686877000
2015-08-06,AAMI.N,21.375,,687005570
2015-08-06,AAMI.N,21.375,,
2015-08-07,AAMI.N,,,687367000
2015-08-12,AAMI.N,,,688304570
2015-08-13,LNN.N,79.2,,
2015-08-13,LNN.N,79.2,,566173780
2015-08-19,LNN.N,,,566174560
2015-08-27,AAMI.N,,2.0,
2015-08-27,AAMI.N,20.875,2.0,685947430
2015-09-14,LNN.N,77.6,,
2015-09-18,AAMI.N,20.75,,685304430
2015-10-01,AAMI.N,20.625,,682279430
2015-10-06,AAMI.N,20.125,,679279430
2015-10-06,AAMI.N,,,679279430
2015-10-07,AAMI.N,19.75,,
2015-10-12,AAMI.N,19.3125,,672326000
2015-10-12,AAMI.N,19.3125,,
2015-10-13,AAMI.N,,,672342670
2015-10-15,LNN.N,77.4,,558542780
2015-10-16,LNN.N,72.0,,538123330
2015-10-19,AAMI.N,,,668676000
2015-10-29,AAMI.N,,2.0,668005670
2015-10-29,AAMI.N,,2.0,
2015-11-04,AAMI.N,19.3125,,669141830
2015-11-05,AAMI.N,19.4375,,670541000
2015-11-06,LNN.N,71.5,3.09091,537521000
2015-11-08,AAMI.N,,,670057670
2015-11-08,AAMI.N,19.3125,,670057670
2015-11-26,LNN.N,,3.1,
2015-11-26,LNN.N,72.0,3.1,538123330
2015-11-30,LNN.N,71.4,,
2015-11-30,LNN.N,71.4,,537508220
2015-12-01,AAMI.N,19.4375,,
2015-12-14,AAMI.N,19.125,2.22222,
2015-12-14,AAMI.N,,2.22222,
2015-12-16,AAMI.N,19.28571,,
2015-12-21,LNN.N,,,535679220
2015-12-22,AAMI.N,18.875,,668807670
2015-12-23,LNN.N,,,524404670
2015-12-24,LNN.N,72.2,,
2015-12-24,LNN.N,72.2,,523560220
2015-12-29,LNN.N,,,519115780
2016-01-07,AAMI.N,18.75,,665674330
2016-01-11,AAMI.N,18.34375,,664139500
2016-01-11,AAMI.N,,,664139500
2016-01-12,AAMI.N,17.65625,,
2016-01-13,AAMI.N,17.28125,,663740830
2016-01-26,AAMI.N,16.53125,2.33333,663578330
2016-01-26,AAMI.N,,2.33333,
2016-02-04,AAMI.N,15.90625,,661932860
2016-02-04,LNN.N,71.2,,518006110
2016-02-05,AAMI.N,15.65625,,654290000
2016-02-05,AAMI.N,,,654290000
2016-02-08,AAMI.N,15.3125,2.11111,
2016-02-08,AAMI.N,,2.11111,
2016-02-09,AAMI.N,,,650618570
2016-02-11,AAMI.N,,,635926000
2016-03-28,LNN.N,71.4,,516683890
2016-03-31,AAMI.N,,,639535200
2016-03-31,LNN.N,70.8,,508007560
2016-04-01,LNN.N,70.6,,507068000
2016-04-01,LNN.N,70.6,,
2016-04-03,AAMI.N,15.625,,
2016-04-04,AAMI.N,,,644728170
2016-04-08,AAMI.N,,,646811500
2016-04-11,AAMI.N,15.875,,650061500
2016-04-11,AAMI.N,,,650061500
2016-04-13,AAMI.N,16.25,,
2016-04-14,LNN.N,,,507045780
2016-04-18,AAMI.N,15.875,,
2016-05-02,AAMI.N,,,651394830
2016-05-05,AAMI.N,16.625,,651511500
2016-05-06,AAMI.N,16.75,,654183830
2016-05-06,AAMI.N,16.75,,
2016-05-10,AAMI.N,,,656947830
2016-05-13,LNN.N,,,507048110
2016-05-16,AAMI.N,16.71429,2.125,656577400
2016-05-16,AAMI.N,16.71429,2.125,
2016-05-16,AAMI.N,,2.125,
2016-05-24,LNN.N,70.0,3.09091,507073300
2016-06-01,LNN.N,69.14286,3.27273,506803300
2016-06-07,AAMI.N,,,656577400
2016-06-14,AAMI.N,,,656777400
2016-06-14,AAMI.N,17.0,,656777400
2016-06-15,AAMI.N,17.28571,,
2016-06-28,AAMI.N,17.14286,,
2016-06-29,LNN.N,,3.3,
2016-06-29,LNN.N,69.16667,3.3,505470330
2016-06-30,LNN.N,68.16667,,501971670
2016-07-06,AAMI.N,16.85714,,655223400
2016-07-06,LNN.N,68.2,3.33333,499053130
2016-07-06,AAMI.N,16.85714,,
2016-07-06,LNN.N,68.2,3.33333,
2016-07-06,LNN.N,,3.33333,
2016-07-07,LNN.N,,,497203570
2016-07-08,LNN.N,67.4,,497413000
2016-07-08,LNN.N,67.4,,
2016-07-11,AAMI.N,,,658223400
2016-07-12,AAMI.N,16.78571,,
2016-07-12,AAMI.N,16.78571,,656223400
2016-07-14,AAMI.N,,,658149000
2016-07-20,AAMI.N,,,656936200
2016-07-25,AAMI.N,16.92857,,
2016-07-27,AAMI.N,,,657436200
2016-07-28,LNN.N,,3.375,498186290
2016-07-28,LNN.N,,3.375,
2016-08-04,AAMI.N,16.92857,,657147200
2016-08-05,AAMI.N,17.07143,,664040670
2016-08-24,LNN.N,,,497406290
2016-09-14,LNN.N,68.75,,
2016-10-05,AAMI.N,17.35714,,
2016-10-05,AAMI.N,17.35714,,667317830
2016-10-10,AAMI.N,,,668001170
2016-10-10,LNN.N,,,497330000
2016-10-13,AAMI.N,,,669451170
2016-10-13,LNN.N,74.0,,513409860
2016-10-13,LNN.N,74.0,,
2016-10-14,AAMI.N,,,669111170
2016-10-14,LNN.N,,,514129570
2016-10-17,AAMI.N,17.07143,,
2016-10-28,AAMI.N,16.91667,2.14286,670893400
2016-10-28,AAMI.N,16.91667,2.14286,
2016-10-28,AAMI.N,,2.14286,
2016-10-30,AAMI.N,,,672866750
2016-11-02,AAMI.N,16.41667,,681483750
2016-11-03,AAMI.N,15.91667,,677694750
2016-11-03,AAMI.N,,,677694750
2016-11-22,AAMI.N,16.16667,,
2016-11-27,LNN.N,,3.25,
2016-11-28,LNN.N,78.25,,
2016-11-29,AAMI.N,,,677694750
2016-11-29,LNN.N,81.25,,
2016-11-30,LNN.N,85.25,3.0,
2016-11-30,LNN.N,,3.0,
2016-11-30,LNN.N,85.25,3.0,514329570
2016-12-02,AAMI.N,,2.0,
2016-12-08,AAMI.N,16.33333,2.0,
2016-12-08,LNN.N,,,513972430
2016-12-08,AAMI.N,16.33333,,
2016-12-12,AAMI.N,,2.25,
2016-12-13,AAMI.N,16.41667,,
2016-12-14,AAMI.N,,2.0,
2016-12-15,AAMI.N,,2.0,
2016-12-15,AAMI.N,16.58333,2.0,677825750
2016-12-21,LNN.N,81.75,,509092000
2016-12-22,LNN.N,,,503220570
2016-12-22,LNN.N,79.5,,503220570
2016-12-27,LNN.N,76.0,,
2017-01-08,AAMI.N,,,676750750
2017-01-09,AAMI.N,16.8,,
2017-01-10,AAMI.N,17.0,,676651250
2017-01-12,LNN.N,75.0,,
2017-01-13,LNN.N,76.0,,
2017-01-23,AAMI.N,16.75,2.14286,675521000
2017-01-23,AAMI.N,,2.14286,675521000
2017-01-23,AAMI.N,,2.14286,
2017-01-24,AAMI.N,16.83333,,
2017-02-02,AAMI.N,17.25,,807460000
2017-02-02,AAMI.N,17.25,,
2017-02-03,AAMI.N,,,814923600
2017-02-06,AAMI.N,17.41667,,
2017-02-06,LNN.N,,3.0,
2017-02-24,LNN.N,77.0,,
2017-03-16,AAMI.N,17.25,,812257400
2017-03-26,AAMI.N,,2.33333,
2017-03-28,AAMI.N,,2.14286,
2017-03-30,LNN.N,77.2,,510252570
2017-03-31,AAMI.N,17.21429,2.125,812147830
2017-03-31,LNN.N,79.0,,513852570
2017-03-31,AAMI.N,,2.125,
2017-03-31,LNN.N,79.0,,
2017-04-06,AAMI.N,17.5,,
2017-04-06,AAMI.N,17.5,,814153670
2017-04-10,AAMI.N,,,817968670
2017-04-11,AAMI.N,,,819635330
2017-04-17,AAMI.N,17.21429,,822533500
2017-05-04,AAMI.N,17.35714,,824633500
2017-05-05,AAMI.N,17.42857,,837217670
2017-05-05,AAMI.N,17.42857,,
2017-05-08,YEXT.N,16.0,2.6,
2017-05-08,YEXT.N,16.0,2.6,165938200
2017-05-08,YEXT.N,,2.6,
2017-05-09,AAMI.N,,,843082170
2017-05-15,AAMI.N,17.5,,
2017-05-16,AAMI.N,,,843782170
2017-05-30,YEXT.N,,,165609200
2017-05-31,AAMI.N,17.3125,,
2017-06-01,YEXT.N,,,166387200
2017-06-02,YEXT.N,16.25,,
2017-06-02,YEXT.N,16.25,,168491600
2017-06-05,AAMI.N,17.4375,1.875,844798830
2017-06-19,YEXT.N,,,169419800
2017-06-29,AAMI.N,17.27778,1.88889,844741860
2017-06-29,LNN.N,,,520392140
2017-06-29,AAMI.N,,1.88889,
2017-06-30,LNN.N,80.0,,521235000
2017-06-30,YEXT.N,,2.6,169471800
2017-06-30,LNN.N,,,521235000
2017-06-30,YEXT.N,,2.6,
2017-07-06,LNN.N,81.4,,
2017-07-07,AAMI.N,17.61111,,849379430
2017-07-07,AAMI.N,17.61111,,
2017-07-12,AAMI.N,,,852208000
2017-08-03,AAMI.N,17.44444,,
2017-08-03,AAMI.N,17.44444,,862144430
2017-08-04,AAMI.N,,,864287290
2017-08-08,AAMI.N,17.33333,,865467000
2017-09-06,YEXT.N,,,169692800
2017-09-07,YEXT.N,16.0,,170086800
2017-09-07,YEXT.N,,,170086800
2017-09-28,AAMI.N,17.22222,,864779860
2017-09-28,AAMI.N,17.22222,,
2017-10-05,AAMI.N,,,866598000
2017-10-09,AAMI.N,,,870055140
2017-10-10,AAMI.N,17.33333,,
2017-10-12,LNN.N,84.2,,
2017-10-12,LNN.N,84.2,,547159570
2017-10-13,AAMI.N,,,870626570
2017-10-15,YEXT.N,,2.4,
2017-10-15,YEXT.N,16.0,2.4,
2017-10-16,LNN.N,,,545731000
2017-11-02,AAMI.N,17.77778,,875928860
2017-11-03,AAMI.N,17.88889,,876814570
2017-11-06,AAMI.N,18.0,,879476860
2017-11-06,AAMI.N,18.0,,
2017-11-09,AAMI.N,,,884989670
2017-11-30,YEXT.N,,,170158200
2017-12-01,YEXT.N,,,170159200
2017-12-10,LNN.N,84.4,,544745290
2017-12-15,AAMI.N,18.22222,,
2017-12-21,AAMI.N,18.66667,,885139670
2017-12-21,LNN.N,84.6,,554822710
2017-12-22,LNN.N,,,564126860
2017-12-22,LNN.N,86.4,,564126860
2018-01-03,AAMI.N,19.0,,885619000
2018-01-07,AAMI.N,,,886352330
2018-01-08,AAMI.N,19.44444,,
2018-01-09,AAMI.N,19.77778,,887235670
2018-01-11,AAMI.N,20.33333,,887857830
2018-01-11,AAMI.N,20.33333,,
2018-01-12,AAMI.N,,,888781000
2018-01-19,AAMI.N,20.83333,,
2018-02-01,AAMI.N,21.27778,,987207430
2018-02-02,AAMI.N,21.33333,,991809430
2018-02-02,AAMI.N,21.33333,,
2018-02-05,LNN.N,87.2,,
2018-02-07,AAMI.N,,,990690140
2018-03-08,YEXT.N,,,225829000
2018-03-09,YEXT.N,,,225108000
2018-03-09,YEXT.N,15.8,,225108000
2018-03-15,LNN.N,88.0,3.0,
2018-03-15,LNN.N,88.0,3.0,564048000
2018-03-21,LNN.N,,,562911330
2018-03-29,LNN.N,97.6,2.85714,566735670
2018-03-29,LNN.N,,2.85714,
2018-04-02,LNN.N,101.75,,569352330
2018-04-02,LNN.N,101.75,,
2018-04-05,AAMI.N,20.88889,,985898430
2018-04-09,AAMI.N,20.77778,,985328710
2018-04-10,AAMI.N,20.44444,,980912290
2018-04-11,AAMI.N,19.44444,,974012290
2018-04-30,AAMI.N,19.61111,1.77778,973783710
2018-04-30,AAMI.N,,1.77778,
2018-05-01,LNN.N,,2.83333,573222800
2018-05-01,YEXT.N,15.8,,
2018-05-01,LNN.N,,2.83333,
2018-05-03,AAMI.N,19.38889,,970902860
2018-05-03,AAMI.N,19.38889,,
2018-05-04,AAMI.N,,,970545710
2018-05-10,AAMI.N,,,967613000
2018-05-14,AAMI.N,19.27778,,967936570
2018-05-14,AAMI.N,19.27778,,
2018-05-31,YEXT.N,16.2,,225648000
2018-06-01,YEXT.N,16.6,,226388200
2018-06-01,YEXT.N,,,226388200
2018-06-28,LNN.N,,,574024000
2018-06-29,AAMI.N,,,967570860
2018-06-29,LNN.N,,,564743000
2018-07-02,AAMI.N,19.16667,,
2018-07-02,LNN.N,,,563783000
2018-07-10,AAMI.N,19.05556,,962276860
2018-07-10,YEXT.N,,2.6,
2018-07-11,AAMI.N,18.94444,,957016290
2018-07-12,AAMI.N,18.55556,,952302000
2018-07-12,AAMI.N,,,952302000
2018-07-13,AAMI.N,18.22222,,
2018-07-13,LNN.N,,,563227000
2018-07-18,LNN.N,,2.85714,
2018-07-18,LNN.N,,2.85714,561713830
2018-07-25,YEXT.N,18.2,,
2018-08-02,AAMI.N,16.88889,,941687710
2018-08-02,AAMI.N,16.88889,,
2018-08-03,AAMI.N,,,939473430
2018-08-08,AAMI.N,16.44444,,936723860
2018-08-09,AAMI.N,16.27778,,937289570
2018-08-13,YEXT.N,,2.5,
2018-08-13,LNN.N,,,562047170
2018-08-13,YEXT.N,19.66667,2.5,226490170
2018-08-30,YEXT.N,22.0,,227277170
2018-08-31,YEXT.N,24.25,,227388330
2018-08-31,YEXT.N,24.25,,
2018-09-03,LNN.N,101.0,,
2018-09-03,LNN.N,101.0,,561347170
2018-09-06,YEXT.N,,,227604400
2018-09-17,YEXT.N,,,227388330
2018-09-18,YEXT.N,27.0,,227640170
2018-09-20,AAMI.N,16.3125,1.75,936821170
2018-09-20,AAMI.N,16.3125,1.75,
2018-09-20,AAMI.N,,1.75,
2018-09-28,LNN.N,,2.83333,
2018-09-28,LNN.N,,2.83333,563736600
2018-10-01,AAMI.N,,,935707330
2018-10-05,AAMI.N,,,935924000
2018-10-07,AAMI.N,16.21875,,
2018-10-07,AAMI.N,16.21875,,936307330
2018-10-08,LNN.N,101.25,,
2018-10-08,YEXT.N,27.2,2.28571,227562430
2018-10-08,YEXT.N,,2.28571,227562430
2018-10-09,AAMI.N,,,936108500
2018-10-10,AAMI.N,15.96875,,
2018-10-11,AAMI.N,15.84375,,
2018-10-12,AAMI.N,,,935425170
2018-10-18,LNN.N,,,555624400
2018-10-19,LNN.N,,,520077800
2018-10-22,LNN.N,,,519606800
2018-10-22,YEXT.N,27.0,,
2018-11-01,AAMI.N,15.59375,,935667170
2018-11-01,AAMI.N,,,935667170
2018-11-02,AAMI.N,15.59375,,
2018-11-04,AAMI.N,15.65625,,933583830
2018-11-13,LNN.N,,3.16667,
2018-11-14,AAMI.N,,,933198330
2018-11-14,AAMI.N,15.59375,,933198330
2018-11-16,YEXT.N,26.66667,2.25,227567130
2018-11-16,YEXT.N,,2.25,
2018-11-29,YEXT.N,26.5,,227582130
2018-11-30,YEXT.N,,,227701000
2018-11-30,YEXT.N,23.66667,,227701000
2018-12-16,LNN.N,102.0,,519886800
2018-12-16,LNN.N,,,519886800
2018-12-17,AAMI.N,15.03125,,
2018-12-24,LNN.N,112.66667,,
2019-01-04,AAMI.N,14.65625,,931553830
2019-01-08,AAMI.N,14.125,1.875,926853830
2019-01-08,LNN.N,110.0,,498427400
2019-01-08,AAMI.N,,1.875,926853830
2019-01-09,LNN.N,,,493374200
2019-01-09,LNN.N,108.0,,493374200
2019-01-11,AAMI.N,13.75,,
2019-01-14,AAMI.N,13.125,2.125,924655830
2019-01-14,LNN.N,98.5,,
2019-01-14,AAMI.N,,2.125,
2019-01-15,YEXT.N,23.16667,2.375,
2019-01-17,AAMI.N,,,921589170
2019-01-17,AAMI.N,12.875,,921589170
2019-01-24,YEXT.N,,2.22222,
2019-01-24,YEXT.N,,2.22222,227679110
2019-01-24,YEXT.N,23.14286,2.22222,227679110
2019-01-25,AAMI.N,12.75,,
2019-01-29,LNN.N,,,490012600
2019-02-07,AAMI.N,14.0,,837880670
2019-02-08,AAMI.N,14.125,,
2019-02-08,AAMI.N,14.125,,838630500
2019-02-14,AAMI.N,,,847028000
2019-02-22,AAMI.N,14.625,,844009670
2019-02-24,AAMI.N,,,846676330
2019-02-24,AAMI.N,14.78125,,846676330
2019-02-28,AAMI.N,14.90625,,
2019-03-04,AAMI.N,15.03125,,847501830
2019-03-04,YEXT.N,23.14286,,
2019-03-04,AAMI.N,15.03125,,
2019-03-06,YEXT.N,22.0,,297356110
2019-03-07,YEXT.N,23.14286,,298321890
2019-03-08,YEXT.N,24.14286,,
2019-03-08,YEXT.N,24.14286,,298009560
2019-03-13,AAMI.N,,,819722200
2019-03-13,YEXT.N,,,298110750
2019-03-19,YEXT.N,24.71429,,
2019-03-19,LNN.N,,,492002400
2019-03-19,YEXT.N,24.71429,,298987330
2019-03-29,LNN.N,87.33333,,
2019-04-05,AAMI.N,,,818823600
2019-04-08,AAMI.N,,,819869200
2019-04-09,LNN.N,95.5,,487002400
2019-04-10,AAMI.N,15.15625,,833809200
2019-04-10,LNN.N,92.75,,486817330
2019-04-10,AAMI.N,15.15625,,
2019-04-10,LNN.N,92.75,,
2019-04-11,AAMI.N,,,838196800
2019-04-11,LNN.N,,,476136330
2019-04-12,AAMI.N,,2.5,
2019-04-12,AAMI.N,,2.5,838196800
2019-04-12,LNN.N,91.25,,473756830
2019-04-15,AAMI.N,15.28125,,
2019-04-22,AAMI.N,,,846796800
2019-05-02,AAMI.N,15.28125,,846896800
2019-05-03,AAMI.N,,2.625,
2019-05-03,AAMI.N,15.40625,2.625,855447400
2019-05-05,AAMI.N,15.34375,,
2019-05-06,AAMI.N,,,861742200
2019-05-15,LNN.N,,3.33333,
2019-05-17,AAMI.N,15.21875,,
2019-05-30,YEXT.N,,,299137440
2019-05-31,YEXT.N,,,299807440
2019-06-04,YEXT.N,,,299625110
2019-06-06,AAMI.N,14.96875,,
2019-06-18,YEXT.N,25.0,2.25,299748880
2019-06-18,YEXT.N,25.0,2.25,
2019-06-18,YEXT.N,,2.25,
2019-06-21,LNN.N,88.5,,468925840
2019-07-09,AAMI.N,14.375,,857526200
2019-07-09,LNN.N,80.0,,459709170
2019-07-10,LNN.N,81.66667,,458551170
2019-07-10,LNN.N,81.66667,,
2019-07-16,AAMI.N,14.25,,
2019-07-16,AAMI.N,14.25,,854556400
2019-07-16,LNN.N,,,449461400
2019-07-22,AAMI.N,,,854196400
2019-07-24,AAMI.N,14.5,2.57143,
2019-07-24,AAMI.N,,2.57143,
2019-08-01,AAMI.N,13.21429,,838905200
2019-08-02,AAMI.N,13.07143,,838170400
2019-08-26,YEXT.N,,,299736380
2019-08-29,YEXT.N,24.83333,,300121250
2019-08-29,YEXT.N,24.83333,,
2019-08-30,YEXT.N,,,300723130
2019-09-04,YEXT.N,24.5,,
2019-09-04,YEXT.N,24.5,,300485630
2019-09-18,YEXT.N,,2.14286,
2019-09-18,YEXT.N,,2.14286,300769290
2019-10-03,AAMI.N,,2.42857,
2019-10-03,AAMI.N,12.07143,2.42857,836510400
2019-10-07,AAMI.N,11.92857,,834698200
2019-10-07,AAMI.N,11.92857,,
2019-10-08,AAMI.N,,,831858200
2019-10-11,AAMI.N,11.64286,,
2019-10-11,AAMI.N,11.64286,,827178200
2019-10-15,AAMI.N,,,825678200
2019-10-16,YEXT.N,24.33333,,
2019-10-29,LNN.N,83.33333,,
2019-10-29,LNN.N,83.33333,,472519000
2019-10-30,LNN.N,,,467029200
2019-10-31,YEXT.N,,,301055000
2019-11-05,AAMI.N,11.35714,,818700600
2019-11-05,LNN.N,,,458536500
2019-11-06,AAMI.N,11.57143,,816298830
2019-11-06,AAMI.N,11.57143,,
2019-11-07,AAMI.N,,,814977170
2019-11-11,AAMI.N,,,810960500
2019-11-13,LNN.N,,,458536500
2019-11-19,YEXT.N,,2.28571,
2019-11-22,LNN.N,,,460796500
2019-11-26,YEXT.N,24.33333,,
2019-12-05,YEXT.N,22.28571,,299723570
2019-12-06,YEXT.N,20.21429,,298621150
2019-12-09,YEXT.N,18.78571,,297678290
2019-12-11,AAMI.N,,2.57143,
2019-12-16,AAMI.N,12.0,2.42857,
2019-12-17,LNN.N,,,460671500
2019-12-19,AAMI.N,,,810743830
2020-01-01,LNN.N,87.0,,
2020-01-02,AAMI.N,11.85714,2.57143,
2020-01-02,AAMI.N,,2.57143,
2020-01-08,AAMI.N,,,810129670
2020-01-09,LNN.N,,,461971500
2020-01-10,LNN.N,93.33333,,
2020-01-10,LNN.N,93.33333,,463824500
2020-01-12,AAMI.N,11.78571,,
2020-01-13,AAMI.N,,,809106330
2020-01-14,AAMI.N,,2.71429,
2020-01-14,LNN.N,,,458993250
2020-01-15,AAMI.N,,,807939670
2020-01-27,AAMI.N,,,807403500
2020-02-05,LNN.N,,3.4,458993250
2020-02-06,AAMI.N,,,806591500
2020-02-07,AAMI.N,,,804869500
2020-02-07,LNN.N,,3.33333,455497400
2020-02-24,AAMI.N,,,803069500
2020-03-03,YEXT.N,18.64286,,379395710
2020-03-04,YEXT.N,18.71429,,378619430
2020-03-09,YEXT.N,18.85714,,379733710
2020-03-09,YEXT.N,18.85714,,
2020-03-10,YEXT.N,,,380176000
2020-03-12,AAMI.N,10.57143,,771746000
2020-03-16,AAMI.N,,,752962670
2020-03-16,AAMI.N,10.0,,752962670
2020-03-16,YEXT.N,,,380275710
2020-03-17,LNN.N,91.0,3.0,
2020-03-17,LNN.N,91.0,,
2020-03-17,LNN.N,91.0,3.0,455778000
2020-03-17,YEXT.N,18.28571,,378628430
2020-03-23,AAMI.N,9.14286,,
2020-03-25,YEXT.N,17.85714,,377163710
2020-03-26,YEXT.N,17.71429,,
2020-03-26,YEXT.N,17.71429,,374411710
2020-03-31,YEXT.N,,,365611710
2020-04-01,AAMI.N,8.57143,,
2020-04-02,YEXT.N,17.14286,,
2020-04-03,LNN.N,,,451973000
2020-04-05,AAMI.N,8.46429,2.85714,752112670
2020-04-07,LNN.N,,3.33333,442942000
2020-04-07,LNN.N,,3.33333,
2020-04-08,AAMI.N,7.64286,3.0,686345330
2020-04-08,LNN.N,,,449617400
2020-04-08,AAMI.N,,3.0,
2020-04-13,AAMI.N,7.57143,,680745330
2020-04-13,LNN.N,,,451530600
2020-04-13,AAMI.N,7.57143,,
2020-04-16,AAMI.N,,,683765000
2020-04-22,AAMI.N,6.85714,,663931670
2020-04-30,AAMI.N,6.89286,,663047000
2020-05-07,AAMI.N,7.5,,665697000
2020-05-08,AAMI.N,7.92857,,667582830
2020-05-12,AAMI.N,8.32143,2.85714,668999500
2020-05-12,AAMI.N,8.32143,2.85714,
2020-05-12,AAMI.N,,2.85714,
2020-05-14,AAMI.N,,,679711400
2020-05-18,AAMI.N,,,681851400
2020-05-19,LNN.N,,,451032400
2020-06-04,YEXT.N,,,363265720
2020-06-05,YEXT.N,17.35714,,350957570
2020-06-09,YEXT.N,17.5,2.42857,354671860
2020-06-10,YEXT.N,17.6875,,
2020-06-10,YEXT.N,17.6875,2.375,354510000
2020-06-14,AAMI.N,8.46429,,685471400
2020-06-14,AAMI.N,,,685471400
2020-06-23,YEXT.N,,2.22222,354353330
2020-06-24,YEXT.N,18.5,2.2,354164200
2020-06-24,YEXT.N,,2.2,
2020-06-24,YEXT.N,,2.2,354164200
2020-06-28,AAMI.N,8.96429,,
2020-07-02,AAMI.N,9.64286,,695615600
2020-07-02,LNN.N,,,454409200
2020-07-06,LNN.N,,,452907400
2020-07-09,AAMI.N,11.35714,,704421400
2020-07-09,LNN.N,,,463209250
2020-07-09,YEXT.N,18.72222,,
2020-07-14,AAMI.N,11.92857,,715450800
2020-07-15,AAMI.N,12.42857,,719930800
2020-07-15,YEXT.N,19.16667,,
2020-07-15,AAMI.N,,,719930800
2020-07-22,AAMI.N,12.57143,,
2020-07-27,AAMI.N,13.92857,2.71429,711790800
2020-07-27,AAMI.N,,2.71429,
2020-07-28,AAMI.N,14.21429,,708117400
2020-07-28,AAMI.N,,,708117400
2020-07-29,AAMI.N,,2.57143,
2020-07-29,AAMI.N,15.64286,2.57143,
2020-08-06,AAMI.N,16.21357,,706575330
2020-08-06,AAMI.N,16.21357,,
2020-08-07,AAMI.N,,,709024170
2020-08-10,AAMI.N,16.49929,,
2020-08-13,AAMI.N,,,704989000
2020-09-03,YEXT.N,19.05556,,353039300
2020-09-04,YEXT.N,20.0,,354477700
2020-09-08,YEXT.N,,,355097700
2020-09-08,YEXT.N,19.38889,,355097700
2020-10-06,AAMI.N,16.35643,,
2020-10-07,AAMI.N,,,706569200
2020-10-09,AAMI.N,16.42786,,714012000
2020-10-09,AAMI.N,,,714012000
2020-10-12,AAMI.N,16.71357,,
2020-10-12,LNN.N,93.0,,463259250
2020-10-15,AAMI.N,16.92786,,715612000
2020-10-20,LNN.N,94.0,3.4,463727330
2020-10-20,LNN.N,94.0,3.4,
2020-10-21,AAMI.N,17.21357,,714010000
2020-10-21,AAMI.N,17.21357,,
2020-10-22,LNN.N,,,466098330
2020-10-23,LNN.N,115.0,3.0,
2020-10-23,LNN.N,115.0,3.0,471531670
2020-10-23,LNN.N,115.0,,
2020-10-26,LNN.N,,,477823000
2020-10-29,AAMI.N,,,711395000
2020-10-30,AAMI.N,17.07071,,707634330
2020-10-30,AAMI.N,17.07071,,
2020-11-02,AAMI.N,,,706020170
2020-11-11,AAMI.N,17.57071,,
2020-11-13,LNN.N,,3.0,
2020-11-13,LNN.N,,3.0,477823000
2020-11-22,AAMI.N,,,706453500
2020-11-22,AAMI.N,17.71357,,706453500
2020-11-30,YEXT.N,19.38889,,
2020-12-02,AAMI.N,17.99929,,
2020-12-03,YEXT.N,19.27778,,354301000
2020-12-04,YEXT.N,18.55556,,
2020-12-04,YEXT.N,18.55556,,352344900
2020-12-07,AAMI.N,18.71357,,
2020-12-08,YEXT.N,,,351582000
2020-12-10,LNN.N,124.0,,478656330
2020-12-17,YEXT.N,19.5,,351559700
2021-01-04,AAMI.N,18.57071,,
2021-01-05,YEXT.N,19.76,2.18182,351599730
2021-01-06,AAMI.N,18.99929,,
2021-01-07,YEXT.N,,2.2,
2021-01-07,LNN.N,135.0,,485323000
2021-01-07,YEXT.N,19.73333,2.2,351642500
2021-01-08,AAMI.N,20.14286,,708004830
2021-01-11,AAMI.N,21.71429,,709120500
2021-01-11,LNN.N,140.0,2.8,500351250
2021-01-11,LNN.N,,2.8,
2021-01-11,LNN.N,140.0,2.8,
2021-01-12,AAMI.N,22.28571,,710840500
2021-01-12,AAMI.N,22.28571,,
2021-01-19,AAMI.N,,,710235500
2021-01-22,AAMI.N,22.71429,,710635500
2021-01-22,LNN.N,,,498681000
2021-02-04,AAMI.N,22.57143,,709819000
2021-02-04,AAMI.N,22.57143,,
2021-02-05,AAMI.N,,,706251170
2021-02-09,AAMI.N,,,710381400
2021-02-26,LNN.N,152.5,,
2021-03-02,AAMI.N,22.71429,,
2021-03-02,LNN.N,166.0,,
2021-03-03,YEXT.N,19.45556,,407751800
2021-03-04,YEXT.N,18.1375,2.4,386612000
2021-03-04,YEXT.N,,2.4,
2021-03-08,YEXT.N,17.8875,,377724130
2021-03-08,YEXT.N,,,377724130
2021-03-17,YEXT.N,18.0125,,
2021-03-18,YEXT.N,18.1375,,
2021-03-19,YEXT.N,17.72857,2.55556,377724130
2021-03-28,YEXT.N,,2.66667,
2021-03-28,YEXT.N,16.9,2.66667,
2021-03-28,YEXT.N,16.9,2.66667,377754780
2021-03-31,AAMI.N,22.33333,2.66667,
2021-03-31,AAMI.N,,2.66667,
2021-04-05,AAMI.N,22.83333,,698201170
2021-04-06,LNN.N,173.5,,503681000
2021-04-07,LNN.N,183.5,,509112400
2021-04-07,LNN.N,183.5,,
2021-04-08,AAMI.N,24.33333,2.5,684666330
2021-04-09,AAMI.N,,2.16667,
2021-04-09,AAMI.N,25.66667,2.16667,689023000
2021-04-09,LNN.N,,,516720670
2021-04-19,AAMI.N,26.16667,,644758670
2021-04-23,AAMI.N,26.66667,,
2021-04-23,AAMI.N,26.66667,,616908670
2021-04-29,AAMI.N,,,584333670
2021-04-30,AAMI.N,26.5,,586181000
2021-05-02,AAMI.N,27.0,,
2021-05-02,AAMI.N,27.0,,570381000
2021-05-04,AAMI.N,,,540582500
2021-05-14,LNN.N,,,530565500
2021-05-28,YEXT.N,,,383254110
2021-06-02,YEXT.N,,,385473380
2021-06-11,AAMI.N,27.0,2.14286,
2021-06-13,YEXT.N,16.81429,,385531890
2021-06-21,AAMI.N,27.0,2.16667,
2021-06-21,AAMI.N,27.0,2.16667,539943330
2021-07-02,LNN.N,185.5,,
2021-07-02,LNN.N,185.5,,559932500
2021-07-08,LNN.N,,,555876670
2021-07-09,AAMI.N,,,532636670
2021-07-14,AAMI.N,27.0,2.4,533325000
2021-07-18,AAMI.N,,2.25,
2021-07-18,AAMI.N,27.5,2.25,523650000
2021-07-30,AAMI.N,28.5,,499003000
2021-08-01,AAMI.N,28.75,,493501500
2021-08-01,AAMI.N,,,493501500
2021-08-20,LNN.N,,,555876670
2021-08-24,YEXT.N,17.28333,2.625,385185880
2021-08-24,YEXT.N,17.28333,2.625,
2021-08-24,YEXT.N,,2.625,
2021-09-02,YEXT.N,,,385435880
2021-09-03,YEXT.N,16.86667,,387029130
2021-09-06,YEXT.N,16.7,,387254130
2021-09-06,YEXT.N,16.7,,
2021-09-09,YEXT.N,,,387433290
2021-09-13,AAMI.N,29.75,,
2021-09-17,YEXT.N,16.41667,,387379130
2021-09-17,YEXT.N,16.41667,,
2021-10-06,AAMI.N,,,492300000
2021-10-17,AAMI.N,,,489500000
2021-10-21,LNN.N,184.0,2.4,
2021-10-21,LNN.N,184.0,2.4,621995330
2021-10-21,LNN.N,,2.4,
2021-10-22,AAMI.N,,,485300000
2021-10-22,LNN.N,,,635106000
2021-10-25,AAMI.N,,,487500000
2021-10-25,LNN.N,,,647468000
2021-10-28,AAMI.N,,2.5,
2021-10-28,AAMI.N,30.75,2.5,490766670
2021-10-29,AAMI.N,31.75,,493771330
2021-10-29,AAMI.N,,,493771330
2021-12-01,AAMI.N,32.0,,
2021-12-02,YEXT.N,,,387779130
2021-12-03,YEXT.N,15.41667,,390447250
2021-12-03,YEXT.N,,,390447250
2021-12-06,YEXT.N,15.41667,,
2021-12-09,YEXT.N,,,390939710
2021-12-12,LNN.N,,,647468000
2021-12-14,AAMI.N,,2.75,
2021-12-15,YEXT.N,,,390822250
2021-12-15,YEXT.N,14.91667,,390822250
2021-12-17,LNN.N,,,647001330
2021-12-20,YEXT.N,14.64286,,
2022-01-06,LNN.N,,,654934670
2022-01-07,AAMI.N,30.5,,494422670
2022-01-07,LNN.N,,,702095330
2022-01-17,AAMI.N,,,493822670
2022-01-17,AAMI.N,30.25,,493822670
2022-01-17,AAMI.N,,,447312670
2022-02-01,AAMI.N,29.75,,
2022-02-03,AAMI.N,28.5,,
2022-02-08,AAMI.N,,,454672330
2022-02-08,AAMI.N,28.0,,454672330
2022-02-24,YEXT.N,14.14286,,
2022-03-03,AAMI.N,28.25,,
2022-03-08,YEXT.N,12.57143,2.75,439015880
2022-03-09,YEXT.N,7.05,3.125,
2022-03-09,YEXT.N,7.05,3.125,409873500
2022-03-15,YEXT.N,,,405284000
2022-03-30,YEXT.N,7.5625,3.0,405286670
2022-03-30,YEXT.N,,3.0,
2022-04-05,LNN.N,179.0,,
2022-04-06,LNN.N,180.0,,714464330
2022-04-06,LNN.N,,,714464330
2022-04-08,AAMI.N,27.25,,450345000
2022-04-08,AAMI.N,,,450345000
2022-04-11,AAMI.N,27.0,,
2022-04-21,AAMI.N,,,447445000
2022-04-25,YEXT.N,6.4875,,406102860
2022-05-05,AAMI.N,25.75,,
2022-05-09,AAMI.N,,,452991330
2022-05-09,AAMI.N,25.25,,452991330
2022-05-11,AAMI.N,24.25,,
2022-05-11,LNN.N,175.0,,
2022-05-25,AAMI.N,,,447591330
2022-05-25,AAMI.N,24.0,,447591330
2022-05-31,YEXT.N,6.4875,3.0,
2022-05-31,YEXT.N,,3.0,
2022-05-31,YEXT.N,6.4875,3.0,406120000
2022-06-03,LNN.N,161.66667,2.5,709025750
2022-06-03,LNN.N,,2.5,709025750
2022-06-03,LNN.N,,2.5,
2022-06-08,AAMI.N,23.75,,
2022-06-08,YEXT.N,,,405486670
2022-06-09,YEXT.N,,,404231330
2022-06-10,YEXT.N,6.675,,403691830
2022-06-10,YEXT.N,6.675,,
2022-06-14,LNN.N,159.0,,
2022-06-15,YEXT.N,,,401437750
2022-06-18,YEXT.N,6.6,,401950200
2022-06-28,AAMI.N,,2.66667,
2022-06-28,AAMI.N,24.33333,2.66667,464737000
2022-06-29,AAMI.N,23.66667,,489874000
2022-06-30,AAMI.N,,,447296000
2022-06-30,LNN.N,160.33333,,
2022-06-30,AAMI.N,22.0,,447296000
2022-06-30,LNN.N,160.33333,,721050750
2022-07-01,LNN.N,,,735257250
2022-07-05,LNN.N,,,744083750
2022-07-15,LNN.N,153.66667,2.33333,
2022-07-15,LNN.N,,2.33333,
2022-07-20,AAMI.N,20.66667,,
2022-07-21,AAMI.N,20.33333,,436944000
2022-07-29,AAMI.N,,,434156000
2022-07-29,AAMI.N,20.0,,434156000
2022-07-31,AAMI.N,20.33333,,
2022-08-01,LNN.N,162.0,,761466250
2022-08-15,LNN.N,,2.66667,
2022-09-07,YEXT.N,6.4125,,401404000
2022-09-08,YEXT.N,5.9125,,
2022-09-08,YEXT.N,5.9125,,401283170
2022-09-14,YEXT.N,,,400739800
2022-09-30,AAMI.N,20.0,,417350000
2022-09-30,AAMI.N,,,417350000
2022-10-07,AAMI.N,19.33333,,
2022-10-10,LNN.N,161.0,,761341250
2022-10-12,AAMI.N,19.66667,,398785000
2022-10-20,LNN.N,171.5,,796701400
2022-10-20,LNN.N,171.5,,
2022-10-21,AAMI.N,19.33333,,390392500
2022-10-21,LNN.N,,,798383600
2022-10-21,AAMI.N,,,390392500
2022-11-03,AAMI.N,19.66667,,
2022-11-04,AAMI.N,,,395099000
2022-11-04,AAMI.N,20.0,,395099000
2022-11-06,AAMI.N,20.66667,,
2022-11-17,LNN.N,,2.6,
2022-11-30,YEXT.N,,,400439800
2022-12-01,YEXT.N,,,399419400
2022-12-06,LNN.N,183.0,,
2022-12-07,YEXT.N,6.225,,
2022-12-07,AAMI.N,,,395449000
2022-12-07,YEXT.N,6.225,,399275400
2023-01-05,LNN.N,187.0,,
2023-01-05,LNN.N,187.0,,790109600
2023-01-06,AAMI.N,21.0,,
2023-01-09,LNN.N,,,785821200
2023-01-12,LNN.N,,,778945000
2023-01-17,LNN.N,,2.66667,
2023-01-19,AAMI.N,21.33333,,398508500
2023-01-19,AAMI.N,,,381021500
2023-01-23,YEXT.N,,3.0,399275400
2023-01-26,YEXT.N,6.3,3.0,399344250
2023-01-31,YEXT.N,6.45,3.0,399301670
2023-01-31,YEXT.N,,,399301670
2023-01-31,YEXT.N,,,416471330
2023-02-01,YEXT.N,,3.0,
2023-02-01,YEXT.N,6.3,3.0,
2023-02-02,AAMI.N,22.33333,,
2023-02-03,AAMI.N,23.66667,,
2023-02-06,AAMI.N,24.0,,388914000
2023-02-06,AAMI.N,24.0,,
2023-02-10,AAMI.N,,,424228000
2023-03-08,YEXT.N,8.3,,403570750
2023-04-04,LNN.N,172.0,,761456000
2023-04-05,LNN.N,154.5,,
2023-04-05,LNN.N,154.5,,749620000
2023-04-06,LNN.N,,,738593400
2023-04-10,LNN.N,,,728006000
2023-04-14,AAMI.N,24.33333,,429222000
2023-04-14,AAMI.N,24.33333,,
2023-05-08,AAMI.N,,,424516000
2023-06-07,YEXT.N,10.13333,2.75,406281250
2023-06-27,YEXT.N,,2.8,
2023-06-27,YEXT.N,11.66667,2.8,406385000
2023-06-29,LNN.N,144.5,,681441600
2023-06-30,LNN.N,137.0,,675317600
2023-06-30,LNN.N,137.0,,
2023-07-06,LNN.N,,,664775600
2023-07-07,AAMI.N,23.66667,,
2023-07-12,AAMI.N,,,423684000
2023-07-17,LNN.N,,2.6,
2023-07-18,AAMI.N,,,423684000
2023-08-03,AAMI.N,23.33333,,
2023-08-04,AAMI.N,23.0,,425618000
2023-08-04,AAMI.N,,,425618000
2023-09-07,YEXT.N,10.83333,,406376800
2023-09-14,LNN.N,,3.0,
2023-09-14,LNN.N,131.5,3.0,
2023-10-02,AAMI.N,22.66667,,
2023-10-06,AAMI.N,22.33333,,413290000
2023-10-17,LNN.N,128.0,,
2023-10-19,LNN.N,128.5,,705593000
2023-10-19,LNN.N,128.5,,
2023-10-20,LNN.N,,,697729800
2023-10-23,AAMI.N,21.33333,,406095000
2023-10-23,LNN.N,139.5,2.8,701041800
2023-10-23,LNN.N,,2.8,
2023-11-02,AAMI.N,20.66667,,413290000
2023-11-03,AAMI.N,20.0,,416860000
2023-11-03,AAMI.N,,,416860000
2023-12-06,YEXT.N,7.83333,,
2023-12-06,YEXT.N,7.83333,,403452400
2023-12-18,LNN.N,136.5,,699701800
2023-12-22,AAMI.N,20.33333,,
2024-01-04,LNN.N,143.0,,
2024-01-04,LNN.N,143.0,,699884800
2024-01-05,LNN.N,,,694088000
2024-01-19,AAMI.N,,,420173000
2024-01-19,AAMI.N,21.0,,420173000
2024-01-24,AAMI.N,22.0,,
2024-02-01,AAMI.N,,,454747500
2024-02-02,AAMI.N,22.33333,,448703500
2024-02-02,AAMI.N,,,448703500
2024-02-07,AAMI.N,23.33333,,
2024-03-04,YEXT.N,,,408673400
2024-03-04,YEXT.N,,,404032400
2024-03-06,LNN.N,,3.0,
2024-03-06,LNN.N,136.0,3.0,691515000
2024-03-07,LNN.N,122.0,,672740000
2024-03-07,YEXT.N,7.75,,400303000
2024-03-07,YEXT.N,7.75,,
2024-03-08,AAMI.N,23.66667,,
2024-03-21,YEXT.N,,2.75,400311750
2024-03-21,YEXT.N,,2.75,
2024-04-04,LNN.N,126.0,,667915000
2024-04-05,LNN.N,134.0,2.5,603113000
2024-04-05,LNN.N,134.0,2.5,
2024-04-05,LNN.N,,2.5,
2024-04-09,AAMI.N,24.0,,451603500
2024-04-09,AAMI.N,24.0,,
2024-04-17,AAMI.N,,,457770500
2024-05-02,AAMI.N,23.66667,,
2024-05-03,AAMI.N,,,462711500
2024-05-03,AAMI.N,24.0,,462711500
2024-06-11,YEXT.N,6.83333,,395490250
2024-06-24,YEXT.N,6.9,2.4,395490200
2024-06-24,YEXT.N,6.9,2.4,
2024-06-27,LNN.N,,,604148500
2024-06-28,LNN.N,,,601371000
2024-07-01,LNN.N,,,598258500
2024-07-08,AAMI.N,24.33333,,
2024-07-22,AAMI.N,,,461782500
2024-07-29,AAMI.N,24.66667,,
2024-08-02,AAMI.N,24.33333,,465850500
2024-08-02,AAMI.N,24.33333,,
2024-08-07,AAMI.N,,,475350500
2024-09-04,YEXT.N,,,400430200
2024-09-05,YEXT.N,7.07,2.2,415526400
2024-09-05,YEXT.N,7.07,2.2,
2024-09-05,YEXT.N,,2.2,
2024-09-06,LNN.N,132.0,,597508500
2024-09-06,LNN.N,132.0,,
2024-09-11,YEXT.N,,,420535500
2024-10-18,AAMI.N,25.33333,3.0,479071000
2024-10-18,AAMI.N,,3.0,
2024-10-18,AAMI.N,,3.0,479071000
2024-10-24,LNN.N,,,679910750
2024-10-25,LNN.N,,,661693000
2024-10-31,AAMI.N,26.66667,,
2024-11-04,AAMI.N,,,483361500
2024-11-07,AAMI.N,29.0,,
2024-11-08,INGM.N,,3.0,47266000000
2024-11-08,INGM.N,,3.0,
2024-11-13,INGM.N,,,47989000000
2024-11-18,INGM.N,28.44444,1.81818,48774825460
2024-11-18,INGM.N,28.44444,,
2024-11-20,INGM.N,,1.91667,48703506670
2024-11-26,INGM.N,28.44444,2.0,48641083080
2024-12-10,AAMI.N,,3.33333,
2024-12-10,YEXT.N,,,420648250
2024-12-10,AAMI.N,30.0,3.33333,490961500
2024-12-10,YEXT.N,8.42,,420648250
2024-12-16,INGM.N,28.1,2.07143,48583064140
2024-12-16,LNN.N,,,661193000
2024-12-16,INGM.N,28.1,2.07143,
2024-12-20,AAMI.N,29.66667,,488383500
2025-01-06,INGM.N,,,48636222920
2025-01-07,LNN.N,134.0,,659181250
2025-01-07,LNN.N,134.0,,
2025-01-08,LNN.N,,,661560250
2025-01-13,INGM.N,28.11111,2.15385,47863241500
2025-01-13,INGM.N,,,47863241500
2025-01-16,INGM.N,28.33333,2.07692,
2025-01-16,INGM.N,,2.07692,
2025-01-21,LNN.N,138.0,,
2025-01-23,YEXT.N,,2.5,
2025-01-24,AAMI.N,29.33333,,488256500
2025-02-03,AAMI.N,,,508730500
2025-02-03,AAMI.N,27.33333,,487006500
2025-02-03,INGM.N,28.33333,,47861574830
2025-02-03,AAMI.N,27.33333,,508730500
2025-02-03,INGM.N,28.33333,,
2025-02-04,INGM.N,,,47840741500
2025-02-10,AAMI.N,26.33333,,
2025-02-11,AAMI.N,,,520988000
2025-02-11,AAMI.N,26.66667,,520988000
2025-02-26,YEXT.N,8.22,,452751750
2025-02-26,YEXT.N,8.22,,
2025-03-04,INGM.N,28.11111,,49552997390
2025-03-05,INGM.N,27.44444,,49424250540
2025-03-05,INGM.N,27.44444,,
2025-03-06,INGM.N,,,49408481310
2025-03-06,YEXT.N,,,446252500
2025-03-07,AAMI.N,25.66667,,
2025-03-10,INGM.N,26.88889,,49455327460
2025-03-10,INGM.N,26.88889,,
2025-03-11,INGM.N,,,49468188080
2025-03-16,LNN.N,,,664010250
2025-03-19,YEXT.N,,,446252500
2025-03-25,INGM.N,26.44444,,49481354750
2025-04-03,LNN.N,142.0,,674394500
2025-04-03,LNN.N,142.0,,
2025-04-04,LNN.N,,,674024000
2025-04-07,AAMI.N,26.0,3.0,
2025-04-07,AAMI.N,26.0,3.0,528591500
2025-04-07,AAMI.N,,3.0,
2025-04-08,INGM.N,25.55556,,49259034690
2025-04-08,INGM.N,25.55556,,
2025-04-09,INGM.N,,,49259034770
2025-04-10,INGM.N,,2.07143,
2025-04-10,INGM.N,26.0,2.07143,
2025-04-10,INGM.N,26.0,2.07143,49333108710
2025-04-15,LNN.N,139.0,,673024000
2025-04-17,AAMI.N,,,519841500
2025-04-17,INGM.N,,,49316180140
2025-04-21,AAMI.N,25.66667,,501706000
2025-05-02,AAMI.N,26.33333,,512756000
2025-05-05,AAMI.N,,,521862000
2025-05-05,AAMI.N,27.33333,,521862000
2025-05-08,INGM.N,24.9,,49412057070
2025-05-09,INGM.N,25.0,,49975937360
2025-05-12,INGM.N,25.1,,50031363790
2025-05-12,INGM.N,25.1,,
2025-05-13,INGM.N,,,50076078070
2025-05-15,INGM.N,,,50100237920
2025-05-23,INGM.N,25.2,,50120149500
2025-05-23,INGM.N,25.2,,
2025-05-26,INGM.N,,2.13333,50090606200
2025-06-04,YEXT.N,,2.25,449498750
2025-06-04,YEXT.N,8.97,2.25,449498750
2025-06-04,YEXT.N,,2.25,
2025-06-06,AAMI.N,29.0,,
2025-06-11,INGM.N,25.1,2.2,50103229600
2025-06-11,INGM.N,,2.2,50103229600
2025-06-11,INGM.N,,2.2,
2025-06-12,INGM.N,24.54546,,
2025-06-26,LNN.N,143.0,,672824000
2025-06-26,YEXT.N,9.4375,,
2025-06-27,LNN.N,153.0,,
2025-06-27,LNN.N,153.0,,674889000
2025-06-30,LNN.N,,,679765500
2025-07-02,AAMI.N,30.0,,538831000
2025-07-02,AAMI.N,,,538831000
2025-07-03,AAMI.N,32.33333,,
2025-07-09,INGM.N,,,50119762930
2025-07-10,AAMI.N,34.0,,553131000
2025-07-31,AAMI.N,36.66667,,571531000
2025-08-04,AAMI.N,,,601610000
2025-08-04,INGM.N,,2.21429,
2025-08-04,AAMI.N,40.0,,601610000
2025-08-04,INGM.N,24.5,2.21429,50157474570
2025-08-06,INGM.N,24.3,,50330274640
2025-08-07,INGM.N,24.2,,
2025-08-07,INGM.N,24.2,,50648140430
2025-08-08,INGM.N,,,50691497570
2025-08-11,INGM.N,24.4,,50786154000
2025-08-11,INGM.N,24.4,,
2025-08-12,INGM.N,,,50845296860
2025-08-13,INGM.N,,,50935165850
2025-08-18,YEXT.N,9.4375,,
2025-09-04,AAMI.N,41.66667,,
2025-09-05,AAMI.N,43.33333,,
2025-10-06,AAMI.N,44.33333,,600846500
2025-10-06,AAMI.N,44.33333,,
2025-10-10,AAMI.N,,,601846500
2025-10-14,INGM.N,24.8,,50865582570
2025-10-16,LNN.N,143.0,,
2025-10-23,LNN.N,127.0,,676468500
2025-10-23,LNN.N,127.0,,
2025-10-24,LNN.N,,,675575750
2025-10-27,AAMI.N,45.33333,,602921500
2025-10-27,LNN.N,,,677720750
2025-10-27,AAMI.N,,,602921500
2025-10-30,AAMI.N,47.66667,,
2025-10-30,INGM.N,24.9,,50993097360
2025-10-31,INGM.N,25.7,,
2025-10-31,AAMI.N,50.0,,
2025-10-31,INGM.N,25.7,,51549351640
2025-10-31,LNN.N,,,663627670
2025-11-03,INGM.N,,,51668708790
2025-11-04,INGM.N,26.0,,51726494500
2025-11-05,INGM.N,25.9,,51746480930
2025-11-05,INGM.N,,,51746480930
2025-11-06,AAMI.N,49.0,,
2025-11-06,AAMI.N,49.0,,584300000
2025-12-08,YEXT.N,,,448823750
2025-12-09,YEXT.N,,,448787250
2025-12-15,AAMI.N,,,602921500
2025-12-15,INGM.N,,2.28571,
2025-12-15,YEXT.N,,,448453000
2025-12-16,LNN.N,131.0,,667970750
2025-12-17,AAMI.N,,,581106500
2025-12-17,AAMI.N,50.0,,581106500
2025-12-17,INGM.N,25.7,,
2025-12-21,INGM.N,25.6,,
2026-01-01,YEXT.N,,2.0,
2026-01-01,YEXT.N,,2.0,448453000
2026-01-06,WLTH.OQ,,,361394800
2026-01-06,WLTH.OQ,17.66667,2.33333,
2026-01-06,WLTH.OQ,17.66667,2.33333,361394800
2026-01-08,LNN.N,139.0,,
2026-01-08,LNN.N,139.0,,668470750
2026-01-09,LNN.N,,,661910250
2026-01-12,AAMI.N,51.0,,
2026-01-12,LNN.N,,,663947750
2026-01-12,WLTH.OQ,16.6,2.28571,361085710
2026-01-12,WLTH.OQ,,2.28571,361085710
2026-01-12,WLTH.OQ,,2.28571,
2026-01-13,INGM.N,,,51740280140
2026-01-13,INGM.N,25.4,,51740280140
2026-01-20,WLTH.OQ,16.2,,
2026-01-21,AAMI.N,52.0,,572306500
2026-01-22,INGM.N,25.2,,
2026-02-03,YEXT.N,,,467486330
2026-02-03,AAMI.N,,,716237000
2026-02-03,YEXT.N,,,448190670
2026-02-03,AAMI.N,52.33333,,575944500
2026-02-03,YEXT.N,8.875,,448190670
2026-02-05,AAMI.N,53.0,,
2026-02-06,AAMI.N,53.33333,,
2026-02-26,YEXT.N,8.66667,,
2026-03-02,INGM.N,25.6,,53025087500
2026-03-03,INGM.N,25.9,,53302088930
2026-03-03,INGM.N,25.9,,
2026-03-04,WLTH.OQ,15.6,,361214290
2026-03-05,INGM.N,,,53268823460
2026-03-06,AAMI.N,54.33333,,
2026-03-06,INGM.N,,,53284438850
2026-03-08,WLTH.OQ,14.4,,361285710
2026-03-09,INGM.N,,,53306478640
2026-03-10,YEXT.N,8.0,,462378330
2026-03-11,WLTH.OQ,,2.42857,
2026-03-11,YEXT.N,7.5,,
2026-03-11,WLTH.OQ,13.3,2.42857,406591140
2026-03-11,YEXT.N,7.5,,459754750
2026-03-12,WLTH.OQ,,,399263860
2026-03-12,WLTH.OQ,13.2,,399263860
2026-03-15,WLTH.OQ,12.6,,
2026-03-16,INGM.N,,,53419514250
2026-03-16,YEXT.N,,,455109670
2026-03-18,WLTH.OQ,,,396107830
2026-03-25,WLTH.OQ,,,395792430
2013-11-19,HNRG.OQ,,1.66667,
2014-11-12,HNRG.OQ,,,438300000
2014-11-12,HNRG.OQ,,,247600000
2014-11-12,HNRG.OQ,15.33333,,247600000
2014-11-14,GERN.OQ,,2.5,
2014-11-14,GERN.OQ,4.625,2.5,36324000
2014-11-14,GERN.OQ,4.625,2.5,
2015-01-08,GERN.OQ,,,36324000
2015-01-21,HNRG.OQ,15.0,,
2015-01-22,HNRG.OQ,14.66667,,
2015-03-03,GERN.OQ,,,12970330
2015-03-04,GERN.OQ,5.5,,
2015-03-04,GERN.OQ,5.5,,27406750
2015-03-05,GERN.OQ,,,36042330
2015-03-09,HNRG.OQ,15.0,,
2015-03-11,HNRG.OQ,,,427500000
2015-04-20,GERN.OQ,5.5,2.2,22305400
2015-04-20,GERN.OQ,5.5,2.2,
2015-05-01,GERN.OQ,,,19232250
2015-05-09,GERN.OQ,,,25009670
2015-05-12,GERN.OQ,,,27857250
2015-05-12,HNRG.OQ,14.66667,,
2015-05-13,HNRG.OQ,,,419200000
2015-06-12,HNRG.OQ,14.0,1.5,
2015-07-28,HNRG.OQ,14.0,2.5,345100000
2015-07-28,HNRG.OQ,,2.5,
2015-08-05,GERN.OQ,,,27902750
2015-08-06,GERN.OQ,,,22499000
2015-08-07,GERN.OQ,,,22474200
2015-08-11,HNRG.OQ,,,341000000
2015-08-11,HNRG.OQ,10.0,,341000000
2015-09-08,GERN.OQ,5.25,2.25,19019750
2015-09-08,GERN.OQ,,,19019750
2015-09-09,GERN.OQ,5.5,2.0,
2015-09-09,GERN.OQ,,2.0,
2015-09-16,GERN.OQ,,,19032750
2015-09-17,HNRG.OQ,,2.0,
2015-09-17,HNRG.OQ,9.5,2.0,
2015-09-18,HNRG.OQ,,,372550000
2015-10-30,GERN.OQ,,,22484600
2015-11-05,GERN.OQ,,,22496800
2015-11-06,GERN.OQ,,,36473750
2015-11-09,HNRG.OQ,9.0,,
2015-11-10,HNRG.OQ,,,280300000
2015-11-10,HNRG.OQ,,,345050000
2015-11-10,HNRG.OQ,8.5,,345050000
2015-11-16,GERN.OQ,5.75,,
2015-11-20,GERN.OQ,5.5,,
2015-11-25,LIND.OQ,13.0,,
2015-12-07,GERN.OQ,7.16667,,
2015-12-16,GERN.OQ,7.0,1.83333,36459200
2016-01-08,HNRG.OQ,,2.0,
2016-01-08,HNRG.OQ,8.0,2.0,
2016-01-31,GERN.OQ,7.5,,
2016-01-31,GERN.OQ,7.5,2.0,
2016-01-31,GERN.OQ,7.5,2.0,36459200
2016-02-01,LIND.OQ,,,210120000
2016-02-01,LIND.OQ,13.5,2.0,
2016-02-01,LIND.OQ,13.5,2.0,210120000
2016-02-04,HNRG.OQ,7.0,,
2016-02-25,GERN.OQ,,,5127400
2016-02-26,GERN.OQ,,,4871600
2016-03-01,LIND.OQ,13.0,,
2016-03-15,HNRG.OQ,,,270100000
2016-03-16,HNRG.OQ,,,260650000
2016-05-06,GERN.OQ,,,1649800
2016-05-10,HNRG.OQ,,,261000000
2016-06-23,LIND.OQ,11.5,,
2016-07-28,HNRG.OQ,,1.0,
2016-07-28,HNRG.OQ,,1.0,260300000
2016-08-03,GERN.OQ,,,1589400
2016-08-04,GERN.OQ,,,1299200
2016-08-09,HNRG.OQ,,,273800000
2016-08-26,GERN.OQ,,2.16667,1332670
2016-08-26,GERN.OQ,,2.16667,
2016-09-12,GERN.OQ,4.16667,,
2016-09-13,GERN.OQ,4.375,,
2016-09-19,GERN.OQ,,,1256000
2016-09-29,LIND.OQ,,3.0,
2016-09-29,LIND.OQ,,3.0,244600000
2016-09-29,LIND.OQ,10.5,3.0,244600000
2016-10-05,LIND.OQ,10.25,,
2016-10-13,HNRG.OQ,8.0,,274000000
2016-11-02,GERN.OQ,,,1247200
2016-11-03,GERN.OQ,,,2207200
2016-11-04,GERN.OQ,,,4557670
2016-11-04,LIND.OQ,,,247600000
2016-11-08,HNRG.OQ,10.0,,281000000
2016-11-23,HNRG.OQ,12.0,,284400000
2016-11-23,HNRG.OQ,12.0,,271800000
2016-12-21,GERN.OQ,,2.0,
2016-12-21,GERN.OQ,,2.0,4209200
2016-12-23,LIND.OQ,10.5,,
2017-02-17,LIND.OQ,,,177200000
2017-03-01,GERN.OQ,,,25740400
2017-03-07,GERN.OQ,4.16667,2.25,15675500
2017-03-07,LIND.OQ,,,280000000
2017-03-07,GERN.OQ,4.16667,2.25,
2017-03-08,LIND.OQ,,,199100000
2017-03-15,HNRG.OQ,11.0,,
2017-03-15,HNRG.OQ,11.0,,277900000
2017-04-04,LIND.OQ,11.0,2.0,241350000
2017-04-18,LIND.OQ,,2.0,
2017-04-18,LIND.OQ,11.125,2.0,
2017-04-18,LIND.OQ,11.125,2.0,253900000
2017-05-09,GERN.OQ,,,16148000
2017-05-09,LIND.OQ,,,252800000
2017-05-10,GERN.OQ,,,16366500
2017-05-10,HNRG.OQ,,,268600000
2017-05-10,LIND.OQ,,,281533330
2017-05-16,LIND.OQ,,,282800000
2017-05-18,LIND.OQ,,,281200000
2017-07-03,GERN.OQ,3.75,2.66667,21329670
2017-07-03,GERN.OQ,3.75,2.66667,
2017-07-03,GERN.OQ,,2.66667,
2017-07-14,LIND.OQ,,,279833330
2017-08-01,GERN.OQ,,,1329670
2017-08-03,LIND.OQ,11.25,,275866670
2017-08-03,LIND.OQ,11.25,,
2017-08-04,LIND.OQ,,,274533330
2017-08-07,LIND.OQ,,,275300000
2017-08-09,GERN.OQ,,,1199670
2017-08-10,GERN.OQ,,,1249000
2017-08-10,HNRG.OQ,,,261000000
2017-08-16,HNRG.OQ,,2.0,
2017-08-29,LIND.OQ,11.75,,
2017-09-14,LIND.OQ,12.25,,
2017-11-01,GERN.OQ,2.5,,1106000
2017-11-01,GERN.OQ,,,30785500
2017-11-02,GERN.OQ,3.75,,1148000
2017-11-02,GERN.OQ,3.75,,
2017-11-07,LIND.OQ,,,272300000
2017-11-08,HNRG.OQ,10.0,,
2017-11-08,HNRG.OQ,10.0,,268100000
2017-11-15,LIND.OQ,,,270633330
2017-11-17,NEXT.OQ,12.0,2.0,
2017-11-17,NEXT.OQ,,2.0,0
2017-11-17,NEXT.OQ,,,0
2017-11-17,NEXT.OQ,12.0,2.0,0
2017-12-06,NEXT.OQ,10.0,,
2017-12-21,LIND.OQ,,,270266670
2018-01-04,NEXT.OQ,9.5,2.5,0
2018-01-11,HNRG.OQ,,,272200000
2018-01-31,LIND.OQ,,,268700000
2018-02-09,LIND.OQ,,,268450000
2018-02-23,LIND.OQ,,,267800000
2018-02-28,LIND.OQ,,,303850000
2018-03-01,LIND.OQ,,,311166670
2018-03-02,LIND.OQ,11.75,,
2018-03-15,HNRG.OQ,,,271300000
2018-03-18,GERN.OQ,,,33750000
2018-03-19,GERN.OQ,5.5,,
2018-04-17,NEXT.OQ,8.75,2.25,0
2018-04-17,NEXT.OQ,8.75,2.25,
2018-04-17,NEXT.OQ,,2.25,
2018-04-18,LIND.OQ,11.66667,,
2018-05-03,LIND.OQ,12.0,,312000000
2018-05-04,LIND.OQ,12.5,,312933330
2018-05-04,LIND.OQ,,,312933330
2018-05-08,GERN.OQ,4.0,3.0,
2018-05-08,GERN.OQ,4.0,3.0,67500000
2018-05-09,HNRG.OQ,,,278700000
2018-05-11,GERN.OQ,,,34184000
2018-05-17,GERN.OQ,,3.0,868000
2018-05-25,LIND.OQ,13.5,,
2018-06-04,NEXT.OQ,,,0
2018-06-08,LIND.OQ,,,312566670
2018-06-20,LIND.OQ,14.25,,
2018-07-05,GERN.OQ,5.75,2.5,47802000
2018-07-05,GERN.OQ,5.75,2.5,
2018-07-30,LIND.OQ,,,311466670
2018-08-01,GERN.OQ,,,47831000
2018-08-02,LIND.OQ,,,313333330
2018-08-02,GERN.OQ,,,47828000
2018-08-02,LIND.OQ,14.5,,313333330
2018-08-03,LIND.OQ,15.0,,
2018-08-07,NEXT.OQ,8.5,,
2018-08-08,HNRG.OQ,,,282800000
2018-08-10,NEXT.OQ,8.25,,
2018-08-21,LIND.OQ,15.75,,
2018-09-04,NEXT.OQ,,,0
2018-09-07,NEXT.OQ,7.25,2.75,
2018-09-26,NEXT.OQ,6.0,3.0,
2018-09-27,LIND.OQ,,,313066670
2018-10-02,GERN.OQ,1.5,3.0,
2018-10-02,GERN.OQ,1.5,3.0,953000
2018-10-10,NEXT.OQ,6.0,3.0,
2018-11-02,GERN.OQ,,,935500
2018-11-02,LIND.OQ,16.0,,312100000
2018-11-05,LIND.OQ,,,311200000
2018-11-05,LIND.OQ,16.25,,311200000
2018-11-07,HNRG.OQ,,,296000000
2018-11-07,HNRG.OQ,,,291000000
2018-11-08,HNRG.OQ,10.0,,
2018-11-08,NEXT.OQ,,,0
2018-11-09,LIND.OQ,15.75,,
2018-11-12,NEXT.OQ,,,0
2018-11-13,NEXT.OQ,5.91667,3.33333,
2018-11-13,NEXT.OQ,,3.33333,
2018-12-13,NEXT.OQ,5.83333,,
2018-12-27,GERN.OQ,,,891000
2019-01-28,NEXT.OQ,,,0
2019-01-28,NEXT.OQ,5.75,,0
2019-01-31,GERN.OQ,3.25,2.5,901500
2019-02-08,NEXT.OQ,,3.28571,
2019-02-08,NEXT.OQ,5.57143,3.28571,
2019-02-12,GERN.OQ,3.625,2.0,834330
2019-02-12,GERN.OQ,3.625,2.0,550670
2019-02-12,GERN.OQ,3.625,2.0,
2019-02-15,LIND.OQ,,1.75,
2019-02-15,LIND.OQ,16.0,1.75,
2019-02-15,LIND.OQ,16.0,1.75,310950000
2019-02-22,LIND.OQ,,,311400000
2019-02-28,LIND.OQ,16.4,,352025000
2019-03-06,LIND.OQ,16.6,,354000000
2019-03-06,LIND.OQ,,,354000000
2019-03-10,LIND.OQ,16.75,,
2019-03-14,GERN.OQ,,,400000
2019-03-15,HNRG.OQ,,,338900000
2019-04-02,NEXT.OQ,5.92857,,0
2019-04-02,NEXT.OQ,,,0
2019-04-05,NEXT.OQ,6.07143,3.0,
2019-04-09,GERN.OQ,3.41667,1.66667,
2019-04-09,GERN.OQ,,1.66667,
2019-04-15,NEXT.OQ,5.91667,3.0,
2019-04-17,NEXT.OQ,,3.0,
2019-04-17,NEXT.OQ,6.07143,3.0,
2019-04-18,LIND.OQ,17.25,,
2019-05-02,LIND.OQ,17.5,,353375000
2019-05-02,NEXT.OQ,6.14286,,
2019-05-02,LIND.OQ,17.5,,
2019-05-03,GERN.OQ,,,178500
2019-05-03,LIND.OQ,,,352450000
2019-05-04,NEXT.OQ,,,0
2019-05-08,HNRG.OQ,,,333100000
2019-05-13,NEXT.OQ,,2.875,
2019-05-16,GERN.OQ,,,228500
2019-06-10,NEXT.OQ,6.32143,,
2019-06-14,NEXT.OQ,6.39286,,
2019-06-27,NEXT.OQ,6.60714,,
2019-06-28,GERN.OQ,3.83333,,374330
2019-06-28,GERN.OQ,3.83333,,
2019-07-02,LIND.OQ,,2.25,
2019-07-03,NEXT.OQ,,3.0,
2019-07-11,LIND.OQ,18.0,,
2019-07-11,LIND.OQ,18.0,,353650000
2019-07-16,NEXT.OQ,6.32143,,
2019-08-01,GERN.OQ,,,407670
2019-08-01,LIND.OQ,,,353100000
2019-08-01,NEXT.OQ,6.41667,,0
2019-08-02,GERN.OQ,,,408000
2019-08-02,LIND.OQ,18.25,,352300000
2019-08-02,NEXT.OQ,,3.0,
2019-08-06,LIND.OQ,,,352325000
2019-08-06,GERN.OQ,,,355670
2019-08-06,LIND.OQ,19.25,,352325000
2019-08-07,HNRG.OQ,,,326500000
2019-08-13,LIND.OQ,19.8,,
2019-08-15,GERN.OQ,3.875,1.75,306250
2019-09-03,GERN.OQ,3.9,1.8,325000
2019-09-17,NEXT.OQ,7.07143,2.85714,0
2019-09-20,NEXT.OQ,6.8125,3.0,
2019-09-20,NEXT.OQ,,3.0,
2019-09-20,NEXT.OQ,6.8125,3.0,0
2019-10-13,NEXT.OQ,,,0
2019-10-14,GERN.OQ,3.75,1.75,
2019-10-14,GERN.OQ,3.75,1.75,279000
2019-10-24,NEXT.OQ,6.625,,
2019-10-30,LIND.OQ,,,349775000
2019-10-31,LIND.OQ,,1.75,347675000
2019-10-31,LIND.OQ,,1.75,
2019-11-01,NEXT.OQ,,3.0,
2019-11-04,LIND.OQ,,,344475000
2019-11-06,HNRG.OQ,,,321100000
2019-11-06,HNRG.OQ,9.0,,321100000
2019-11-07,GERN.OQ,,,344500
2019-11-11,LIND.OQ,19.4,,
2019-11-11,NEXT.OQ,,,0
2019-11-13,GERN.OQ,,,326000
2019-11-19,GERN.OQ,3.8,1.8,358250
2019-11-19,GERN.OQ,3.8,1.8,
2019-11-19,GERN.OQ,,1.8,
2019-11-25,NEXT.OQ,6.75,,
2019-11-27,GERN.OQ,,,282400
2019-11-27,GERN.OQ,,,366600
2019-12-17,LIND.OQ,19.33333,1.6,344180000
2019-12-17,LIND.OQ,,1.6,344180000
2020-01-03,NEXT.OQ,6.78571,,
2020-01-08,LIND.OQ,19.5,,
2020-01-09,LIND.OQ,20.28571,1.66667,343916670
2020-01-09,LIND.OQ,20.28571,,343916670
2020-01-14,NEXT.OQ,,2.875,6118170
2020-01-14,NEXT.OQ,,2.875,0
2020-01-14,LIND.OQ,,2.0,
2020-01-14,NEXT.OQ,7.0625,2.875,0
2020-01-14,NEXT.OQ,,2.875,
2020-01-21,HNRG.OQ,5.0,,277400000
2020-01-21,HNRG.OQ,5.0,,
2020-02-13,GERN.OQ,3.75,,
2020-02-14,NEXT.OQ,7.125,,
2020-02-25,LIND.OQ,19.42857,,399926170
2020-03-02,LIND.OQ,18.8,2.0,403311400
2020-03-04,NEXT.OQ,6.75,,
2020-03-11,NEXT.OQ,,,3000000
2020-03-11,HNRG.OQ,,,267700000
2020-03-11,NEXT.OQ,6.25,,3000000
2020-03-12,GERN.OQ,3.8,,
2020-03-16,LIND.OQ,13.0,,375197200
2020-03-16,LIND.OQ,13.0,2.2,375197200
2020-03-16,LIND.OQ,13.0,,
2020-03-17,GERN.OQ,3.7,,
2020-03-17,GERN.OQ,3.7,,282600
2020-03-17,NEXT.OQ,5.625,,
2020-03-19,GERN.OQ,,,228250
2020-03-23,GERN.OQ,3.5,,
2020-03-23,NEXT.OQ,5.59375,,
2020-03-24,GERN.OQ,,,282600
2020-03-24,HNRG.OQ,4.0,,
2020-03-25,LIND.OQ,,1.8,
2020-04-02,GERN.OQ,3.3,,
2020-04-06,NEXT.OQ,5.85714,3.0,3600000
2020-04-06,NEXT.OQ,,,3600000
2020-04-06,NEXT.OQ,,3.0,3600000
2020-04-07,NEXT.OQ,5.28571,,
2020-04-09,GERN.OQ,3.375,,
2020-04-13,LIND.OQ,,2.2,
2020-04-13,LIND.OQ,,2.2,369897200
2020-04-17,HNRG.OQ,,,259700000
2020-04-21,LIND.OQ,11.2,,
2020-04-21,NEXT.OQ,,3.14286,
2020-04-21,LIND.OQ,11.2,,322877200
2020-04-21,NEXT.OQ,4.64286,3.14286,
2020-04-24,LIND.OQ,,,295848600
2020-04-27,LIND.OQ,9.4,,241008600
2020-05-01,LIND.OQ,10.0,,215334000
2020-05-01,LIND.OQ,10.0,,
2020-05-03,LIND.OQ,,,215559000
2020-05-05,LIND.OQ,,,148084000
2020-05-05,LIND.OQ,8.0,,148084000
2020-05-13,HNRG.OQ,,,264300000
2020-05-13,NEXT.OQ,4.07143,,
2020-05-16,NEXT.OQ,,,6000000
2020-05-18,NEXT.OQ,4.0,,
2020-05-25,NEXT.OQ,,,9000000
2020-05-28,GERN.OQ,,,302600
2020-05-29,GERN.OQ,3.4,,290200
2020-05-31,GERN.OQ,3.6,,300600
2020-06-10,LIND.OQ,8.4,,
2020-06-10,NEXT.OQ,4.0,,
2020-07-09,NEXT.OQ,4.0,,
2020-07-15,NEXT.OQ,3.42857,,
2020-07-16,NEXT.OQ,,,6000000
2020-08-03,GERN.OQ,3.5,1.66667,284170
2020-08-03,GERN.OQ,3.5,1.66667,
2020-08-03,GERN.OQ,,1.66667,
2020-08-05,HNRG.OQ,,,262400000
2020-08-06,GERN.OQ,,,283000
2020-08-07,NEXT.OQ,,,0
2020-08-07,GERN.OQ,,,251330
2020-08-07,NEXT.OQ,3.35714,,0
2020-08-10,LIND.OQ,,,134984000
2020-08-11,LIND.OQ,9.2,,
2020-08-11,LIND.OQ,9.2,,125417800
2020-08-12,LIND.OQ,,,112377800
2020-08-12,NEXT.OQ,,3.125,
2020-08-13,GERN.OQ,,,258500
2020-08-26,GERN.OQ,4.0,,241830
2020-08-26,GERN.OQ,4.0,,
2020-09-15,NEXT.OQ,3.35714,,
2020-09-21,NEXT.OQ,3.21429,,
2020-10-14,GERN.OQ,,,197500
2020-10-26,LIND.OQ,,,97297800
2020-10-30,LIND.OQ,9.0,,92557800
2020-10-30,LIND.OQ,9.0,,
2020-11-03,LIND.OQ,,,82797800
2020-11-04,HNRG.OQ,,,244600000
2020-11-04,HNRG.OQ,,,247800000
2020-11-05,GERN.OQ,,,214170
2020-11-06,GERN.OQ,,,208500
2020-11-10,GERN.OQ,,,264000
2020-11-11,GERN.OQ,,,259830
2020-11-18,NEXT.OQ,,,0
2020-12-03,LIND.OQ,10.0,,
2020-12-10,GERN.OQ,4.0,,
2020-12-14,NEXT.OQ,,,0
2020-12-25,NEXT.OQ,,3.14286,0
2020-12-25,NEXT.OQ,,3.14286,
2021-01-06,LIND.OQ,10.6,,
2021-01-14,LIND.OQ,10.8,,
2021-02-01,NEXT.OQ,3.28571,,
2021-02-09,NEXT.OQ,3.35714,,
2021-02-16,GERN.OQ,,,272200
2021-02-16,LIND.OQ,13.0,,
2021-02-17,GERN.OQ,,,243670
2021-02-18,LIND.OQ,14.6,,
2021-02-23,NEXT.OQ,3.5,,0
2021-02-23,NEXT.OQ,,,0
2021-03-09,NEXT.OQ,3.0,,
2021-03-09,LIND.OQ,19.0,,175623000
2021-03-09,NEXT.OQ,3.0,3.14286,
2021-03-10,LIND.OQ,19.5,,
2021-03-10,LIND.OQ,19.5,,172863000
2021-03-10,NEXT.OQ,,3.16667,
2021-03-11,GERN.OQ,4.0,,
2021-03-12,LIND.OQ,,,150878750
2021-03-12,NEXT.OQ,3.0,,
2021-03-16,GERN.OQ,,,215250
2021-03-16,HNRG.OQ,,,245200000
2021-03-18,GERN.OQ,,,215250
2021-03-18,NEXT.OQ,3.1,3.0,
2021-03-23,HNRG.OQ,4.0,,
2021-03-24,NEXT.OQ,3.08571,2.85714,3183250
2021-03-24,NEXT.OQ,,,3183250
2021-03-26,NEXT.OQ,2.8,2.71429,
2021-03-31,LIND.OQ,19.2,,157303000
2021-04-08,GERN.OQ,,,252200
2021-04-21,NEXT.OQ,,,4244330
2021-04-29,LIND.OQ,18.6,,142040000
2021-04-30,LIND.OQ,19.0,,136420000
2021-04-30,LIND.OQ,19.0,,
2021-05-06,HNRG.OQ,,,224800000
2021-05-10,GERN.OQ,,,279600
2021-05-10,GERN.OQ,4.0,,279600
2021-05-11,GERN.OQ,4.0,,
2021-05-13,LIND.OQ,,,124775000
2021-05-15,GERN.OQ,4.0,,
2021-05-26,NEXT.OQ,,,4490330
2021-06-05,GERN.OQ,4.2,1.8,315250
2021-06-05,GERN.OQ,4.2,,315250
2021-06-05,GERN.OQ,4.2,,
2021-06-08,NEXT.OQ,4.22857,2.42857,
2021-06-08,NEXT.OQ,,2.42857,
2021-06-15,LIND.OQ,20.0,,
2021-06-15,LIND.OQ,20.0,2.0,110066670
2021-06-15,NEXT.OQ,4.37143,,
2021-06-18,NEXT.OQ,4.71429,,
2021-07-08,GERN.OQ,,1.75,
2021-07-15,NEXT.OQ,5.16667,,
2021-07-21,NEXT.OQ,4.71429,,
2021-07-23,LIND.OQ,,1.75,
2021-07-23,LIND.OQ,,1.75,110233330
2021-07-25,GERN.OQ,,1.8,
2021-07-25,GERN.OQ,,1.8,279600
2021-08-03,LIND.OQ,20.25,,
2021-08-03,LIND.OQ,20.25,,118053500
2021-08-09,LIND.OQ,,,116553500
2021-08-09,NEXT.OQ,,,0
2021-08-10,NEXT.OQ,,,0
2021-08-11,HNRG.OQ,,,243700000
2021-08-16,GERN.OQ,,,332400
2021-08-17,GERN.OQ,,,353800
2021-08-20,LIND.OQ,,,117328500
2021-09-15,LIND.OQ,,,115578500
2021-10-11,TYRA.OQ,19.0,1.5,
2021-10-11,TYRA.OQ,19.0,1.5,0
2021-10-11,TYRA.OQ,,,0
2021-10-15,GERN.OQ,4.25,1.75,381250
2021-11-01,GERN.OQ,4.2,1.6,
2021-11-01,GERN.OQ,4.2,1.6,396600
2021-11-01,GERN.OQ,,1.6,
2021-11-02,LIND.OQ,21.25,,137922750
2021-11-02,LIND.OQ,21.25,,
2021-11-04,LIND.OQ,,,138572750
2021-11-04,NEXT.OQ,,2.5,
2021-11-08,TYRA.OQ,31.0,2.5,
2021-11-09,GERN.OQ,,,399200
2021-11-09,LIND.OQ,,,137463670
2021-11-10,GERN.OQ,,,402400
2021-11-10,LIND.OQ,21.5,,141947750
2021-11-10,LIND.OQ,21.5,,
2021-11-11,NEXT.OQ,4.64286,,
2021-11-12,TYRA.OQ,31.0,2.0,0
2021-11-12,TYRA.OQ,,,0
2021-11-12,TYRA.OQ,,2.0,0
2021-11-15,GERN.OQ,,,424200
2021-11-16,HNRG.OQ,,,248900000
2021-11-16,HNRG.OQ,,,280800000
2021-11-22,GERN.OQ,,,327200
2021-12-09,LIND.OQ,,2.0,140558200
2021-12-09,LIND.OQ,,2.0,
2022-01-05,NEXT.OQ,4.5,,0
2022-01-05,NEXT.OQ,,,0
2022-01-06,LIND.OQ,21.75,,
2022-01-14,NEXT.OQ,4.58333,2.42857,
2022-01-14,NEXT.OQ,,2.42857,
2022-01-18,NEXT.OQ,4.25,,
2022-01-21,NEXT.OQ,,,0
2022-02-15,NEXT.OQ,4.08333,,
2022-02-22,LIND.OQ,21.5,,354080200
2022-02-23,LIND.OQ,21.25,,355160200
2022-02-23,LIND.OQ,21.25,,
2022-03-02,LIND.OQ,,,348880200
2022-03-04,TYRA.OQ,28.5,,
2022-03-08,TYRA.OQ,26.5,1.33333,
2022-03-11,GERN.OQ,4.2,,
2022-03-16,HNRG.OQ,4.0,,
2022-03-17,NEXT.OQ,4.08333,,
2022-03-29,LIND.OQ,21.25,,
2022-04-01,NEXT.OQ,,2.57143,
2022-04-01,NEXT.OQ,4.83333,2.57143,921000
2022-04-01,NEXT.OQ,,2.57143,921000
2022-04-06,NEXT.OQ,5.33333,,
2022-04-07,NEXT.OQ,,,1842000
2022-04-21,LIND.OQ,,1.83333,
2022-04-21,LIND.OQ,21.0,1.83333,
2022-04-21,LIND.OQ,21.0,1.83333,345566830
2022-04-25,NEXT.OQ,,2.85714,921000
2022-04-25,NEXT.OQ,,2.85714,
2022-04-25,NEXT.OQ,5.66667,2.85714,921000
2022-04-28,NEXT.OQ,6.66667,,
2022-05-02,NEXT.OQ,6.75,,
2022-05-03,LIND.OQ,,,352174330
2022-05-05,LIND.OQ,,,352291000
2022-05-06,GERN.OQ,4.2,,
2022-05-09,GERN.OQ,4.2,,343000
2022-05-09,NEXT.OQ,7.08333,,
2022-05-10,GERN.OQ,4.0,,347600
2022-05-10,LIND.OQ,,,346586500
2022-05-10,GERN.OQ,4.0,,
2022-05-12,GERN.OQ,,,372200
2022-05-16,LIND.OQ,20.6,,349489200
2022-05-16,NEXT.OQ,7.16667,,
2022-05-29,NEXT.OQ,,,614000
2022-06-02,NEXT.OQ,,2.83333,
2022-06-23,TYRA.OQ,21.66667,1.5,0
2022-06-23,TYRA.OQ,,1.5,
2022-06-23,TYRA.OQ,,1.5,0
2022-07-01,GERN.OQ,4.0,1.5,434500
2022-07-25,NEXT.OQ,,,0
2022-07-25,NEXT.OQ,7.1,2.8,0
2022-07-27,NEXT.OQ,,2.4,
2022-07-27,NEXT.OQ,7.4,2.4,
2022-07-28,GERN.OQ,4.0,1.6,
2022-07-28,GERN.OQ,,1.6,
2022-07-28,GERN.OQ,4.0,1.6,462200
2022-07-29,LIND.OQ,,2.0,
2022-07-29,LIND.OQ,20.0,2.0,349489200
2022-08-01,LIND.OQ,15.25,,359250000
2022-08-01,NEXT.OQ,8.1,,
2022-08-01,LIND.OQ,15.25,,
2022-08-10,TYRA.OQ,21.33333,,
2022-08-11,GERN.OQ,,,448000
2022-08-11,TYRA.OQ,,,0
2022-08-12,GERN.OQ,4.2,,423000
2022-08-12,TYRA.OQ,21.0,,0
2022-08-12,TYRA.OQ,,,0
2022-08-15,NEXT.OQ,8.3,,
2022-08-16,NEXT.OQ,,2.5,
2022-08-23,LIND.OQ,,,358787500
2022-10-18,LIND.OQ,15.0,,356262500
2022-10-26,NEXT.OQ,8.7,,0
2022-10-26,NEXT.OQ,,,0
2022-10-27,GERN.OQ,,1.5,
2022-10-27,GERN.OQ,4.33333,1.5,377600
2022-11-02,LIND.OQ,15.5,1.6,
2022-11-02,LIND.OQ,,1.6,
2022-11-02,LIND.OQ,15.5,1.6,386263000
2022-11-02,NEXT.OQ,,2.6,
2022-11-03,GERN.OQ,4.33333,,550830
2022-11-03,LIND.OQ,,,395238000
2022-11-03,GERN.OQ,4.33333,,
2022-11-04,GERN.OQ,,,608670
2022-11-04,TYRA.OQ,20.33333,,
2022-11-07,TYRA.OQ,20.0,,
2022-11-10,LIND.OQ,14.75,,397830400
2022-11-11,NEXT.OQ,8.6,,
2022-11-22,HNRG.OQ,9.0,,
2022-11-22,HNRG.OQ,9.0,,704800000
2022-11-22,HNRG.OQ,9.0,,332900000
2023-01-04,GERN.OQ,,,603170
2023-01-04,GERN.OQ,4.66667,,603170
2023-01-09,GERN.OQ,5.33333,,
2023-01-18,HNRG.OQ,,3.0,
2023-01-19,NEXT.OQ,,2.5,
2023-02-02,TYRA.OQ,19.25,1.4,0
2023-02-02,TYRA.OQ,,1.4,
2023-02-02,TYRA.OQ,,1.4,0
2023-02-09,GERN.OQ,5.33333,,
2023-02-28,LIND.OQ,14.5,,
2023-02-28,LIND.OQ,14.5,,531220000
2023-03-01,LIND.OQ,,,541595200
2023-03-01,TYRA.OQ,21.25,,
2023-03-02,TYRA.OQ,22.0,,
2023-03-06,LIND.OQ,13.75,,
2023-03-06,LIND.OQ,13.75,,552235200
2023-03-07,LIND.OQ,,,558144000
2023-03-07,TYRA.OQ,22.5,,
2023-03-09,LIND.OQ,,,552235200
2023-03-13,LIND.OQ,,1.75,551925000
2023-03-13,NEXT.OQ,8.3,,
2023-03-13,LIND.OQ,,1.75,
2023-03-14,NEXT.OQ,8.1,,
2023-03-15,NEXT.OQ,,,0
2023-03-15,NEXT.OQ,,2.4,0
2023-03-16,GERN.OQ,,,435330
2023-03-23,GERN.OQ,,,382400
2023-03-24,GERN.OQ,5.0,1.4,382400
2023-03-24,LIND.OQ,13.25,,562800000
2023-03-24,TYRA.OQ,23.0,,
2023-03-24,LIND.OQ,13.25,,
2023-03-27,GERN.OQ,,1.66667,
2023-03-27,GERN.OQ,4.66667,1.66667,318670
2023-04-04,HNRG.OQ,,,632700000
2023-04-06,NEXT.OQ,8.125,,
2023-05-03,LIND.OQ,,,567800000
2023-05-04,LIND.OQ,13.5,,567300000
2023-05-04,LIND.OQ,13.5,,
2023-05-10,LIND.OQ,,,565700000
2023-05-11,GERN.OQ,4.83333,,237000
2023-05-11,TYRA.OQ,,,0
2023-05-11,GERN.OQ,4.83333,,
2023-05-12,GERN.OQ,,,219000
2023-06-09,LIND.OQ,13.33333,2.0,567750000
2023-06-09,LIND.OQ,,2.0,
2023-06-14,NEXT.OQ,,2.5,
2023-06-14,NEXT.OQ,8.3,2.5,
2023-06-29,TYRA.OQ,,1.33333,0
2023-06-29,TYRA.OQ,23.8,1.33333,0
2023-06-29,TYRA.OQ,,1.33333,
2023-07-13,NEXT.OQ,8.9,,
2023-07-27,LIND.OQ,15.33333,,571950000
2023-08-03,GERN.OQ,,,203000
2023-08-04,NEXT.OQ,,,0
2023-08-04,GERN.OQ,,,163170
2023-08-04,NEXT.OQ,8.125,2.6,0
2023-08-11,TYRA.OQ,24.4,,
2023-08-14,NEXT.OQ,8.5,2.2,
2023-08-14,TYRA.OQ,,,0
2023-08-15,NEXT.OQ,8.4,1.8,
2023-08-15,NEXT.OQ,,1.8,
2023-08-21,LIND.OQ,16.0,,574500000
2023-08-22,GERN.OQ,,,168000
2023-08-29,HNRG.OQ,11.0,,
2023-08-29,HNRG.OQ,11.0,,448600000
2023-09-12,GERN.OQ,,1.5,
2023-09-14,LIND.OQ,15.66667,,572866670
2023-09-18,NEXT.OQ,8.6,,0
2023-09-18,NEXT.OQ,8.6,,
2023-11-02,GERN.OQ,4.83333,,
2023-11-02,GERN.OQ,4.83333,,293170
2023-11-02,LIND.OQ,13.66667,,574533330
2023-11-08,TYRA.OQ,24.2,,
2023-11-09,LIND.OQ,,2.0,
2023-11-09,LIND.OQ,13.25,2.0,
2023-11-09,GERN.OQ,,,281800
2023-11-09,LIND.OQ,13.25,2.0,570066670
2023-11-13,HNRG.OQ,,,671900000
2023-11-13,HNRG.OQ,,,752100000
2023-11-28,LIND.OQ,,,571425000
2023-12-11,GERN.OQ,4.83333,,
2023-12-13,LIND.OQ,13.75,,
2023-12-15,TYRA.OQ,22.2,1.66667,
2023-12-15,TYRA.OQ,,1.66667,
2023-12-18,GERN.OQ,4.83333,,
2024-01-02,GERN.OQ,4.83333,,
2024-01-04,GERN.OQ,4.8,,
2024-02-02,TYRA.OQ,22.4,,
2024-02-08,TYRA.OQ,23.4,,
2024-02-21,NEXT.OQ,,,0
2024-02-28,GERN.OQ,4.75,,
2024-02-28,LIND.OQ,14.0,,
2024-02-28,GERN.OQ,4.75,,64095000
2024-02-28,LIND.OQ,14.0,,624675000
2024-02-29,GERN.OQ,,,53075000
2024-03-01,LIND.OQ,,,623925000
2024-03-01,TYRA.OQ,23.0,,
2024-03-07,NEXT.OQ,,1.75,
2024-03-14,GERN.OQ,,,64251000
2024-03-14,GERN.OQ,4.91667,,64251000
2024-03-15,GERN.OQ,5.08333,,
2024-03-17,NEXT.OQ,,,0
2024-03-19,HNRG.OQ,8.0,,509300000
2024-03-19,TYRA.OQ,23.4,,
2024-03-20,TYRA.OQ,24.2,,
2024-03-21,TYRA.OQ,24.6,,
2024-03-26,TYRA.OQ,,,0
2024-03-28,NEXT.OQ,,1.75,
2024-03-28,TYRA.OQ,,1.66667,
2024-04-01,LIND.OQ,13.75,,620275000
2024-04-15,NEXT.OQ,,,0
2024-04-23,GERN.OQ,,,54240000
2024-04-29,GERN.OQ,5.78571,1.57143,55062860
2024-04-29,GERN.OQ,5.78571,,55062860
2024-04-30,LIND.OQ,,,621350000
2024-04-30,GERN.OQ,,1.85714,
2024-04-30,LIND.OQ,12.5,,621350000
2024-05-02,GERN.OQ,6.07143,,52639000
2024-05-02,GERN.OQ,6.07143,,
2024-05-03,GERN.OQ,,,56637570
2024-05-10,TYRA.OQ,25.2,,
2024-05-16,TYRA.OQ,,,0
2024-05-17,TYRA.OQ,,,0
2024-05-30,HNRG.OQ,9.0,2.0,
2024-05-30,HNRG.OQ,,2.0,
2024-05-30,HNRG.OQ,9.0,2.0,479700000
2024-06-06,NEXT.OQ,,,0
2024-06-06,NEXT.OQ,9.0,,0
2024-06-07,GERN.OQ,6.64286,,55916000
2024-06-10,GERN.OQ,6.9375,1.875,
2024-06-10,GERN.OQ,6.9375,1.875,52024000
2024-06-13,NEXT.OQ,9.8,,
2024-06-14,NEXT.OQ,10.66667,2.0,
2024-07-16,LIND.OQ,13.0,,
2024-07-19,GERN.OQ,,,50311630
2024-07-20,GERN.OQ,7.28571,1.71429,
2024-07-20,GERN.OQ,,1.71429,
2024-07-20,GERN.OQ,7.28571,1.71429,51327570
2024-07-26,GERN.OQ,,,51277570
2024-08-07,TYRA.OQ,24.6,,
2024-08-08,LIND.OQ,12.75,,
2024-08-08,GERN.OQ,,,48847140
2024-08-08,LIND.OQ,12.75,,620550000
2024-08-08,TYRA.OQ,25.0,,0
2024-08-09,GERN.OQ,7.35714,,
2024-08-09,HNRG.OQ,,,437100000
2024-08-09,LIND.OQ,,,621550000
2024-08-12,GERN.OQ,,,52026140
2024-08-15,LIND.OQ,,,623733330
2024-08-15,TYRA.OQ,26.33333,1.71429,0
2024-08-15,TYRA.OQ,,,0
2024-08-15,TYRA.OQ,,1.71429,0
2024-08-23,LIND.OQ,13.0,,
2024-09-09,GERN.OQ,7.3125,1.625,54060380
2024-09-09,GERN.OQ,7.3125,1.625,
2024-09-10,LIND.OQ,13.25,,622650000
2024-09-12,NEXT.OQ,10.25,2.0,
2024-09-12,NEXT.OQ,,2.0,
2024-09-19,GERN.OQ,,,55285380
2024-09-19,TYRA.OQ,27.66667,,
2024-09-25,GERN.OQ,,,55856250
2024-10-04,GERN.OQ,,,58568750
2024-10-07,TYRA.OQ,28.5,,
2024-10-15,GERN.OQ,7.16667,1.66667,57316670
2024-10-17,TYRA.OQ,29.5,,
2024-10-18,TYRA.OQ,31.0,1.42857,
2024-10-18,TYRA.OQ,,1.42857,
2024-10-21,NEXT.OQ,10.33333,,
2024-10-22,NEXT.OQ,10.25,,
2024-10-25,TYRA.OQ,31.33333,,
2024-10-28,TYRA.OQ,31.66667,,
2024-11-05,GERN.OQ,,1.7,
2024-11-05,LIND.OQ,15.0,,
2024-11-05,GERN.OQ,7.25,1.7,57385000
2024-11-05,LIND.OQ,15.0,,625700000
2024-11-07,GERN.OQ,7.45,,
2024-11-07,GERN.OQ,7.45,,73191000
2024-11-11,TYRA.OQ,31.33333,,
2024-11-12,LIND.OQ,,,627800000
2024-11-12,TYRA.OQ,31.0,,
2024-11-13,HNRG.OQ,13.0,,413400000
2024-11-28,LIND.OQ,15.5,,628450000
2024-11-29,GERN.OQ,,,74546560
2024-12-09,HNRG.OQ,15.0,2.0,408100000
2024-12-09,HNRG.OQ,15.0,2.0,
2024-12-09,HNRG.OQ,,2.0,
2024-12-11,GERN.OQ,7.61111,1.66667,
2024-12-11,GERN.OQ,,1.66667,
2024-12-11,GERN.OQ,7.61111,1.66667,74634630
2025-01-06,GERN.OQ,,,73372130
2025-01-07,TYRA.OQ,30.57143,1.5,
2025-01-07,TYRA.OQ,,1.5,
2025-01-13,GERN.OQ,7.72222,,73573130
2025-01-13,GERN.OQ,7.72222,,
2025-01-15,NEXT.OQ,,,0
2025-01-15,TYRA.OQ,,,0
2025-01-29,GERN.OQ,,,74150630
2025-01-31,LIND.OQ,,2.0,
2025-01-31,LIND.OQ,15.33333,2.0,
2025-01-31,LIND.OQ,15.33333,2.0,627633330
2025-02-03,NEXT.OQ,,,0
2025-02-07,GERN.OQ,,,74395630
2025-02-18,GERN.OQ,7.5,,
2025-02-25,HNRG.OQ,,,373450000
2025-02-25,HNRG.OQ,,,401100000
2025-02-26,GERN.OQ,,1.88889,
2025-02-26,GERN.OQ,4.5,1.88889,233115000
2025-02-27,LIND.OQ,,,699100000
2025-03-03,NEXT.OQ,10.75,,
2025-03-10,LIND.OQ,,,710333330
2025-03-18,HNRG.OQ,,,425000000
2025-03-28,TYRA.OQ,30.42857,,
2025-04-01,HNRG.OQ,16.0,,417000000
2025-04-03,NEXT.OQ,,2.0,
2025-04-03,TYRA.OQ,,,0
2025-04-04,HNRG.OQ,15.0,2.0,395600000
2025-04-21,GERN.OQ,4.25,,227659440
2025-04-23,GERN.OQ,4.125,,222329440
2025-04-23,GERN.OQ,4.125,,
2025-04-28,GERN.OQ,,,218618330
2025-05-06,LIND.OQ,15.0,,720166670
2025-05-06,LIND.OQ,15.0,,
2025-05-07,GERN.OQ,4.0,,198949440
2025-05-07,LIND.OQ,,,733666670
2025-05-08,NEXT.OQ,,,0
2025-05-08,GERN.OQ,3.6875,2.0,196355890
2025-05-08,NEXT.OQ,9.33333,2.33333,0
2025-05-08,TYRA.OQ,30.57143,,
2025-05-09,TYRA.OQ,30.14286,,
2025-05-13,LIND.OQ,,,741400000
2025-05-15,TYRA.OQ,,,0
2025-05-19,HNRG.OQ,19.0,2.0,390650000
2025-05-22,LIND.OQ,,2.0,
2025-05-22,LIND.OQ,15.25,2.0,
2025-05-22,LIND.OQ,15.25,2.0,740266670
2025-05-23,HNRG.OQ,20.66667,2.0,395328000
2025-05-23,LIND.OQ,,,739325000
2025-06-06,NEXT.OQ,9.5,2.0,
2025-06-13,NEXT.OQ,9.33333,2.33333,
2025-06-24,NEXT.OQ,,2.0,0
2025-06-24,NEXT.OQ,10.0,2.0,0
2025-06-24,NEXT.OQ,,,0
2025-07-10,GERN.OQ,3.38889,2.2,
2025-07-10,GERN.OQ,3.38889,2.2,197342100
2025-07-13,NEXT.OQ,11.66667,,
2025-07-20,GERN.OQ,,,197022100
2025-07-24,GERN.OQ,,,195606100
2025-07-25,NEXT.OQ,12.5,2.0,
2025-08-04,LIND.OQ,15.5,,741400000
2025-08-05,LIND.OQ,15.75,,
2025-08-05,LIND.OQ,15.75,,743925000
2025-08-06,GERN.OQ,,,205635800
2025-08-08,GERN.OQ,3.625,2.11111,206617560
2025-08-08,LIND.OQ,,,745400000
2025-08-08,GERN.OQ,3.625,2.11111,
2025-08-08,GERN.OQ,,2.11111,
2025-08-12,HNRG.OQ,21.33333,2.33333,430225000
2025-08-13,GERN.OQ,,,207699140
2025-09-02,TYRA.OQ,30.75,1.44444,0
2025-09-02,TYRA.OQ,,1.44444,
2025-09-02,TYRA.OQ,,1.44444,0
2025-09-10,TYRA.OQ,31.5,,
2025-09-12,NEXT.OQ,12.0,2.25,0
2025-09-12,NEXT.OQ,,,0
2025-09-15,NEXT.OQ,,2.5,
2025-09-15,NEXT.OQ,11.0,2.5,
2025-09-16,NEXT.OQ,10.0,,
2025-09-24,HNRG.OQ,21.75,2.25,431318750
2025-09-24,HNRG.OQ,21.75,2.25,
2025-09-24,HNRG.OQ,,2.25,
2025-09-26,HNRG.OQ,,,440818750
2025-10-03,GERN.OQ,,,205784860
2025-10-23,GERN.OQ,,,202880570
2025-10-23,NEXT.OQ,9.66667,,
2025-10-27,TYRA.OQ,31.71429,,
2025-10-31,GERN.OQ,,,200937710
2025-11-04,LIND.OQ,16.25,,750525000
2025-11-05,GERN.OQ,3.25,,
2025-11-05,LIND.OQ,16.25,,
2025-11-05,GERN.OQ,3.25,,187182630
2025-11-05,LIND.OQ,16.25,,753700000
2025-11-05,TYRA.OQ,32.0,,
2025-11-06,TYRA.OQ,31.5,,
2025-11-11,HNRG.OQ,26.0,,472982670
2025-11-11,LIND.OQ,,,755000000
2025-11-12,GERN.OQ,,,186594430
2025-11-12,LIND.OQ,16.5,,756075000
2025-11-13,GERN.OQ,3.42857,2.25,186710170
2025-11-14,HNRG.OQ,26.5,,470862000
2025-11-14,HNRG.OQ,26.5,,
2025-11-18,GERN.OQ,,2.28571,
2025-11-18,GERN.OQ,3.33333,2.28571,186710170
2025-11-18,TYRA.OQ,,,0
2025-11-18,GERN.OQ,3.33333,2.28571,
2025-12-04,TYRA.OQ,,,0
2025-12-08,GERN.OQ,,,186760170
2025-12-16,TYRA.OQ,32.375,,
2025-12-22,GERN.OQ,,,186760170
2025-12-23,NEXT.OQ,,2.66667,
2025-12-30,LIND.OQ,16.8,2.0,755680000
2025-12-30,LIND.OQ,,2.0,755680000
2025-12-30,LIND.OQ,,2.0,
2026-01-05,TYRA.OQ,32.875,,
2026-01-07,TYRA.OQ,33.57143,,
2026-01-11,LIND.OQ,17.4,,
2026-01-14,LIND.OQ,18.0,,
2026-01-22,HNRG.OQ,,,466023500
2026-01-22,HNRG.OQ,,,470662000
2026-01-23,TYRA.OQ,34.85714,,
2026-01-27,TYRA.OQ,,1.5,
2026-01-27,TYRA.OQ,37.875,1.5,
2026-01-28,TYRA.OQ,40.375,,
2026-01-29,GERN.OQ,3.16667,,186298500
2026-01-29,GERN.OQ,3.16667,,
2026-02-02,TYRA.OQ,41.75,,
2026-02-03,TYRA.OQ,43.5,,
2026-02-06,NEXT.OQ,9.0,2.5,
2026-02-06,NEXT.OQ,,2.5,
2026-02-10,TYRA.OQ,,1.45455,0
2026-02-10,TYRA.OQ,,1.45455,
2026-02-12,LIND.OQ,19.0,,
2026-02-12,TYRA.OQ,46.125,,0
2026-02-12,TYRA.OQ,,,0
2026-02-17,TYRA.OQ,48.0,,
2026-02-24,NEXT.OQ,8.25,,
2026-02-24,TYRA.OQ,,1.5,0
2026-02-24,TYRA.OQ,,1.5,
2026-02-25,GERN.OQ,,,228782170
2026-02-26,GERN.OQ,3.4,,
2026-02-26,LIND.OQ,19.8,,832300000
2026-02-27,LIND.OQ,23.0,,
2026-02-27,GERN.OQ,3.25,,
2026-02-27,LIND.OQ,23.0,,835620000
2026-03-02,TYRA.OQ,48.25,,
2026-03-02,TYRA.OQ,48.25,,0
2026-03-05,NEXT.OQ,8.0,,0
2026-03-09,LIND.OQ,,,835440000
2026-03-09,TYRA.OQ,,,0
2026-03-10,TYRA.OQ,,,0
2026-03-13,HNRG.OQ,27.5,2.0,464128250
2026-03-16,LIND.OQ,23.33333,1.83333,835800000
2026-03-20,TYRA.OQ,50.0,,
2026-03-24,HNRG.OQ,25.5,2.2,462193600
2026-03-26,HNRG.OQ,27.5,1.8,458053600
2014-03-13,CHCO.OQ,,3,
2014-09-18,PAHC.OQ,,1.83333,
2014-10-23,CHCO.OQ,44.5,,
2014-10-27,CHCO.OQ,,,176037500
2014-10-30,STBA.OQ,,,196773000
2014-11-06,STBA.OQ,29.5,2.66667,
2014-11-14,PAHC.OQ,29.83333,,
2014-12-15,PAHC.OQ,,,748788000
2014-12-16,HLX.N,,,1129645880
2014-12-16,HLX.N,29.5,,1129645880
2014-12-22,HLX.N,,2.0,
2015-01-11,HLX.N,29.0,,
2015-01-15,HLX.N,28.875,,
2015-01-16,HLX.N,,,1129520880
2015-01-16,STBA.OQ,29.0,2.6,
2015-01-16,STBA.OQ,,2.6,
2015-01-26,CHCO.OQ,,,177500000
2015-01-27,CHCO.OQ,,,178075000
2015-01-27,HLX.N,28.625,,
2015-01-27,STBA.OQ,30.0,,221268000
2015-01-27,STBA.OQ,30.0,,
2015-01-30,STBA.OQ,,,228122000
2015-02-03,STBA.OQ,,,228681330
2015-02-06,HLX.N,,2.0,
2015-02-09,STBA.OQ,,,230155250
2015-02-10,PAHC.OQ,30.33333,,
2015-02-10,PAHC.OQ,30.33333,,755568000
2015-02-11,PAHC.OQ,,,756634670
2015-02-13,PAHC.OQ,31.8,1.6,758823600
2015-02-17,PAHC.OQ,30.33333,1.83333,
2015-02-17,HLX.N,27.625,1.9,1062923130
2015-02-17,PAHC.OQ,30.33333,1.83333,756634670
2015-02-17,PAHC.OQ,,1.83333,
2015-02-18,HLX.N,25.125,2.0,969923130
2015-02-18,HLX.N,,2.0,
2015-02-19,PAHC.OQ,,,757361600
2015-02-23,HLX.N,24.75,,960767880
2015-02-23,HLX.N,24.75,,
2015-02-24,PAHC.OQ,33.0,,760046400
2015-02-24,PAHC.OQ,33.0,,
2015-02-25,HLX.N,,,936891860
2015-03-02,HLX.N,23.875,,938981250
2015-03-02,PAHC.OQ,,,762128500
2015-03-03,HLX.N,23.5,2.2,935431250
2015-03-03,HLX.N,,2.2,
2015-03-16,HLX.N,23.25,,920518750
2015-03-30,STBA.OQ,30.0,,
2015-03-30,STBA.OQ,30.0,2.8,230798250
2015-04-01,HLX.N,22.875,,915643750
2015-04-02,PAHC.OQ,33.5,2.0,761591000
2015-04-02,STBA.OQ,,2.75,231131000
2015-04-02,PAHC.OQ,33.5,,761591000
2015-04-02,STBA.OQ,,2.75,
2015-04-13,CHCO.OQ,,,178025000
2015-04-13,HLX.N,21.71429,,904018750
2015-04-13,HLX.N,21.71429,,
2015-04-17,HLX.N,,,902456250
2015-04-20,CHCO.OQ,,3,
2015-04-20,CHCO.OQ,,3,174366670
2015-04-20,HLX.N,,,903206250
2015-04-21,HLX.N,21.85714,,903831250
2015-04-21,PAHC.OQ,,2.16667,
2015-04-21,STBA.OQ,,,233803670
2015-04-22,HLX.N,21.28571,,867523880
2015-04-23,CHCO.OQ,47.0,,175033330
2015-04-23,HLX.N,21.0,,852927880
2015-04-23,CHCO.OQ,47.0,,
2015-04-23,HLX.N,21.0,,
2015-04-24,CHCO.OQ,,,177400000
2015-04-24,PAHC.OQ,35.83333,,760492500
2015-04-27,HLX.N,,,838153830
2015-04-29,HLX.N,20.85714,,838531860
2015-05-08,HLX.N,20.66667,2.11111,838531860
2015-05-08,HLX.N,,2.11111,
2015-05-12,PAHC.OQ,36.83333,,755859670
2015-05-13,PAHC.OQ,,,753117170
2015-05-13,PAHC.OQ,37.83333,,753117170
2015-05-17,HLX.N,19.85714,,838527880
2015-05-17,HLX.N,19.85714,,
2015-05-19,PAHC.OQ,37.66667,,
2015-05-20,PAHC.OQ,,,752873830
2015-06-01,CHCO.OQ,,,175666670
2015-06-04,STBA.OQ,30.0,2.6,232427750
2015-06-04,STBA.OQ,,2.6,
2015-06-17,HLX.N,,,832777880
2015-06-24,HLX.N,19.71429,,832527880
2015-06-24,PAHC.OQ,38.5,,
2015-07-02,HLX.N,19.0,2.2,831798780
2015-07-15,PAHC.OQ,,2.2,
2015-07-15,PAHC.OQ,37.8,2.2,
2015-07-15,PAHC.OQ,37.8,2.2,753268600
2015-07-16,HLX.N,18.22222,2.27273,
2015-07-16,HLX.N,18.22222,2.27273,824418900
2015-07-16,HLX.N,,2.27273,
2015-07-20,HLX.N,,,816331500
2015-07-21,HLX.N,17.66667,,792411500
2015-07-21,STBA.OQ,31.66667,,237608750
2015-07-22,HLX.N,15.55556,,765505300
2015-07-22,STBA.OQ,32.33333,2.8,240308750
2015-07-23,CHCO.OQ,48.0,,
2015-07-23,CHCO.OQ,48.0,,175333330
2015-07-24,HLX.N,13.55556,,
2015-07-24,HLX.N,13.55556,,742865800
2015-07-27,HLX.N,,,732239780
2015-08-03,CHCO.OQ,,,178000000
2015-08-10,CHCO.OQ,50.0,,175633330
2015-08-10,HLX.N,13.11111,,725562000
2015-08-10,CHCO.OQ,,,175633330
2015-08-23,HLX.N,12.44444,,725362000
2015-08-28,HLX.N,12.11111,,723762000
2015-08-28,HLX.N,,,723762000
2015-08-31,HLX.N,11.88889,,
2015-09-09,PAHC.OQ,,,791654400
2015-09-11,PAHC.OQ,38.0,,
2015-09-11,PAHC.OQ,38.0,,790854000
2015-09-14,PAHC.OQ,,,789054000
2015-09-21,HLX.N,11.4,2.33333,717650600
2015-09-21,HLX.N,,2.33333,
2015-09-28,HLX.N,11.1,,716000600
2015-09-28,HLX.N,11.1,,
2015-09-30,PAHC.OQ,,2.16667,
2015-09-30,CHCO.OQ,49.5,,
2015-09-30,PAHC.OQ,,2.16667,788545000
2015-10-02,PAHC.OQ,37.6,,
2015-10-05,HLX.N,,,714700600
2015-10-07,HLX.N,,,713090600
2015-10-09,CHCO.OQ,,3,
2015-10-09,CHCO.OQ,49.0,3,171250000
2015-10-09,STBA.OQ,32.5,2.75,238711670
2015-10-09,CHCO.OQ,49.0,3,
2015-10-09,STBA.OQ,32.5,,
2015-10-15,HLX.N,10.8,,712160600
2015-10-20,STBA.OQ,,3.0,
2015-10-20,HLX.N,10.1,,701337700
2015-10-20,STBA.OQ,,3.0,238418000
2015-10-21,HLX.N,9.7,,
2015-10-21,HLX.N,9.7,,699728800
2015-10-22,CHCO.OQ,,,169250000
2015-10-23,CHCO.OQ,48.0,,168000000
2015-10-23,HLX.N,,,695066200
2015-10-23,CHCO.OQ,48.0,,
2015-10-27,HLX.N,,,693716200
2015-11-11,PAHC.OQ,,,786930330
2015-11-13,PAHC.OQ,37.25,2.4,787854400
2015-11-13,STBA.OQ,,,238406330
2015-11-13,PAHC.OQ,37.25,2.4,
2015-11-16,PAHC.OQ,,,785270500
2015-12-07,HLX.N,,,693731500
2015-12-10,HLX.N,,,693735600
2015-12-11,HLX.N,9.6,,693375600
2015-12-11,HLX.N,9.6,,
2015-12-14,HLX.N,,,693375600
2015-12-29,HLX.N,9.45,,691629900
2016-01-08,CHCO.OQ,,3,
2016-01-08,CHCO.OQ,,3,173566670
2016-01-08,CHCO.OQ,,3,172500000
2016-01-12,HLX.N,9.05,,691745200
2016-01-13,HLX.N,8.95,,
2016-01-13,HLX.N,8.95,,691795200
2016-01-14,HLX.N,,,691737300
2016-01-15,PAHC.OQ,36.0,2.8,784416400
2016-01-21,HLX.N,8.6,2.16667,689937300
2016-01-21,HLX.N,8.6,,
2016-01-21,HLX.N,8.6,,689937300
2016-01-25,HLX.N,,2.33333,
2016-01-26,CHCO.OQ,44.0,,173366670
2016-01-26,STBA.OQ,31.5,,253419000
2016-01-26,CHCO.OQ,44.0,,
2016-01-27,CHCO.OQ,,,173200000
2016-01-28,STBA.OQ,31.0,,252685670
2016-01-28,STBA.OQ,,,252685670
2016-02-03,PAHC.OQ,37.2,2.66667,784596670
2016-02-03,PAHC.OQ,37.2,2.66667,
2016-02-03,PAHC.OQ,,2.66667,
2016-02-09,PAHC.OQ,,,783257000
2016-02-10,CHCO.OQ,,3,
2016-02-10,CHCO.OQ,45.0,3,
2016-02-10,CHCO.OQ,45.0,3,172882500
2016-02-10,PAHC.OQ,,,781860670
2016-02-11,PAHC.OQ,,,780771330
2016-02-16,CHCO.OQ,,,172632500
2016-02-17,PAHC.OQ,,,778297170
2016-02-17,HLX.N,,,637959840
2016-02-17,PAHC.OQ,36.4,,778297170
2016-02-22,STBA.OQ,30.83333,2.75,
2016-02-22,STBA.OQ,,2.75,
2016-02-23,HLX.N,8.3,,632772440
2016-02-23,STBA.OQ,,,252660330
2016-02-24,HLX.N,7.8,,608507740
2016-02-26,HLX.N,,2.45455,
2016-02-28,HLX.N,7.7,,
2016-02-29,HLX.N,,2.41667,598206710
2016-02-29,HLX.N,,2.41667,
2016-03-01,HLX.N,7.65,,587762270
2016-03-01,STBA.OQ,,,252023670
2016-03-08,PAHC.OQ,35.0,,
2016-03-09,HLX.N,7.7,,582628930
2016-03-16,HLX.N,,2.33333,
2016-03-16,HLX.N,7.9,2.33333,
2016-03-16,HLX.N,7.9,2.33333,584147740
2016-03-17,HLX.N,,,580086640
2016-03-30,CHCO.OQ,46.0,,
2016-04-06,PAHC.OQ,,,776756600
2016-04-08,HLX.N,,,581226640
2016-04-08,HLX.N,8.1,,581226640
2016-04-11,HLX.N,8.2,,
2016-04-11,PAHC.OQ,34.2,,776016600
2016-04-11,PAHC.OQ,34.2,,
2016-04-12,HLX.N,,2.16667,578029740
2016-04-12,HLX.N,8.7,2.16667,578029740
2016-04-12,PAHC.OQ,,,774847170
2016-04-15,HLX.N,9.0,,
2016-04-18,HLX.N,9.35,,
2016-04-19,PAHC.OQ,32.6,,
2016-04-20,HLX.N,9.59091,2.25,565990640
2016-04-20,HLX.N,,2.25,
2016-04-21,HLX.N,9.86364,,
2016-04-21,STBA.OQ,29.83333,,
2016-04-21,HLX.N,9.86364,,551580940
2016-04-21,STBA.OQ,29.83333,,251387330
2016-04-22,STBA.OQ,,,255133670
2016-04-25,CHCO.OQ,47.5,,173207500
2016-04-26,CHCO.OQ,,,173833750
2016-04-26,STBA.OQ,,,257900330
2016-04-26,CHCO.OQ,48.5,,173833750
2016-04-26,STBA.OQ,28.83333,,257900330
2016-04-27,HLX.N,,,538182050
2016-04-29,HLX.N,9.85,2.27273,541108060
2016-04-29,HLX.N,9.85,2.27273,
2016-04-29,HLX.N,,2.27273,
2016-05-09,PAHC.OQ,31.2,,770831170
2016-05-10,PAHC.OQ,29.6,,764447830
2016-05-11,HLX.N,,,538293770
2016-05-11,PAHC.OQ,29.4,,757351500
2016-05-12,PAHC.OQ,26.4,,752249170
2016-05-12,PAHC.OQ,26.4,,
2016-05-16,PAHC.OQ,,,746499000
2016-05-18,HLX.N,10.1,,535994550
2016-05-18,HLX.N,,,535994550
2016-05-19,HLX.N,9.55556,,
2016-05-24,HLX.N,,,533108180
2016-06-03,HLX.N,,2.45455,
2016-06-03,HLX.N,9.44444,2.45455,532712270
2016-06-20,HLX.N,9.56667,,530541040
2016-06-20,HLX.N,9.56667,,
2016-06-29,CHCO.OQ,47.0,,
2016-07-01,HLX.N,,,531561040
2016-07-05,CHCO.OQ,46.5,,
2016-07-05,STBA.OQ,28.5,,
2016-07-12,HLX.N,9.95556,,528692900
2016-07-12,HLX.N,9.95556,,
2016-07-18,HLX.N,,,527562900
2016-07-19,HLX.N,,,523765700
2016-07-20,HLX.N,10.16667,,510707800
2016-07-21,HLX.N,10.22222,,508410500
2016-07-21,STBA.OQ,28.83333,,257368000
2016-07-22,STBA.OQ,28.16667,,256406000
2016-07-22,STBA.OQ,28.16667,,
2016-07-25,STBA.OQ,,,255072670
2016-07-26,HLX.N,10.33333,,
2016-07-26,CHCO.OQ,,,174033750
2016-07-26,HLX.N,10.33333,,503370500
2016-07-27,CHCO.OQ,47.0,,
2016-07-27,CHCO.OQ,47.0,,174405750
2016-07-28,CHCO.OQ,,3,174241000
2016-07-28,CHCO.OQ,,3,
2016-08-10,HLX.N,,,502160500
2016-08-16,HLX.N,10.3,,502682270
2016-08-16,HLX.N,10.3,2.33333,502682270
2016-08-19,HLX.N,,2.25,
2016-08-19,PAHC.OQ,,,746915830
2016-08-29,PAHC.OQ,25.2,,766971330
2016-08-29,PAHC.OQ,25.2,,
2016-08-30,PAHC.OQ,,,762657670
2016-09-01,PAHC.OQ,,,763824330
2016-09-02,PAHC.OQ,26.2,,
2016-09-02,PAHC.OQ,26.2,,763963170
2016-09-05,PAHC.OQ,,,760155800
2016-09-12,PAHC.OQ,27.0,,
2016-09-27,CHCO.OQ,48.5,,
2016-09-27,HLX.N,10.2,,502773180
2016-10-05,HLX.N,10.36364,2.15385,502900420
2016-10-05,HLX.N,10.36364,2.15385,
2016-10-05,HLX.N,,2.15385,
2016-10-06,HLX.N,,,503003330
2016-10-07,HLX.N,,,502503330
2016-10-18,HLX.N,,,502670000
2016-10-19,HLX.N,,,503809920
2016-10-20,HLX.N,11.27273,,504551000
2016-10-20,STBA.OQ,,,256191330
2016-10-21,HLX.N,11.72727,,504817670
2016-10-21,STBA.OQ,29.33333,,257602000
2016-10-24,STBA.OQ,,,258202000
2016-10-24,CHCO.OQ,50.5,,
2016-10-24,STBA.OQ,30.66667,,258202000
2016-10-24,CHCO.OQ,50.5,,174736330
2016-10-24,HLX.N,11.90909,,504851000
2016-10-24,STBA.OQ,30.66667,2.5,258202000
2016-10-25,CHCO.OQ,,,175603000
2016-10-25,HLX.N,12.09091,,506659330
2016-10-25,HLX.N,12.09091,,
2016-10-26,HLX.N,,,507346550
2016-11-10,PAHC.OQ,27.8,,759604500
2016-11-11,PAHC.OQ,27.6,2.83333,
2016-11-11,PAHC.OQ,27.6,2.83333,759778170
2016-11-16,PAHC.OQ,,,758904400
2016-11-16,STBA.OQ,,2.75,
2016-11-28,CHCO.OQ,56.5,,
2016-11-28,HLX.N,11.9,2.16667,507211200
2016-11-28,STBA.OQ,33.0,,
2016-12-07,HLX.N,12.2,2.18182,503121100
2016-12-07,HLX.N,12.2,2.18182,
2016-12-07,HLX.N,,2.18182,
2016-12-08,HLX.N,,,497284200
2016-12-12,IIPR.N,,,214000
2016-12-12,HLX.N,,,495395600
2016-12-12,IIPR.N,21.0,1.0,
2016-12-12,IIPR.N,21.0,1.0,214000
2016-12-13,HLX.N,12.175,,
2016-12-13,HLX.N,12.175,,492895600
2016-12-14,PAHC.OQ,28.33333,2.71429,
2016-12-14,PAHC.OQ,28.33333,2.71429,759037000
2016-12-15,PAHC.OQ,,,759559000
2016-12-21,CHCO.OQ,65.0,,
2017-01-03,HLX.N,,,490495600
2017-01-05,HLX.N,11.97222,,
2017-01-09,HLX.N,11.875,2.25,490526900
2017-01-09,HLX.N,,2.25,
2017-01-11,STBA.OQ,34.33333,,258135340
2017-01-11,STBA.OQ,34.33333,,
2017-01-13,IIPR.N,22.5,1.0,9677500
2017-01-13,PAHC.OQ,29.8,2.5,758902330
2017-01-13,IIPR.N,22.5,1.0,
2017-01-13,PAHC.OQ,,2.5,758902330
2017-01-13,IIPR.N,,1.0,
2017-01-13,PAHC.OQ,,2.5,
2017-01-16,PAHC.OQ,29.5,,
2017-01-19,CHCO.OQ,66.5,,
2017-01-19,HLX.N,11.575,,
2017-01-19,CHCO.OQ,66.5,,182544670
2017-01-19,HLX.N,11.575,,489026900
2017-01-23,CHCO.OQ,,,183335000
2017-01-26,STBA.OQ,,,271801330
2017-01-27,STBA.OQ,,3.0,
2017-01-30,STBA.OQ,35.0,,273413670
2017-01-31,STBA.OQ,35.16667,,275113670
2017-01-31,STBA.OQ,35.16667,,
2017-02-06,PAHC.OQ,30.0,,758532330
2017-02-07,PAHC.OQ,,2.66667,
2017-02-07,PAHC.OQ,30.5,2.66667,757490330
2017-02-10,PAHC.OQ,30.6,,754990330
2017-02-21,HLX.N,,2.08333,591756270
2017-02-22,HLX.N,,2.0,589035000
2017-02-23,HLX.N,11.30556,2.09091,585658500
2017-02-23,HLX.N,,2.09091,
2017-03-02,HLX.N,11.19444,,
2017-03-02,HLX.N,11.19444,,582908500
2017-03-06,CHCO.OQ,,3,
2017-03-06,CHCO.OQ,67.0,3,
2017-03-06,CHCO.OQ,67.0,3,184146000
2017-03-16,CHCO.OQ,,,184636250
2017-03-16,STBA.OQ,,,275443670
2017-03-22,CHCO.OQ,,,184861250
2017-03-24,IIPR.N,22.25,,9509000
2017-03-24,IIPR.N,22.25,,
2017-03-31,IIPR.N,,,8898000
2017-04-03,HLX.N,,1.90909,
2017-04-04,STBA.OQ,35.0,,
2017-04-17,HLX.N,,,582408500
2017-04-19,CHCO.OQ,,,184866500
2017-04-19,HLX.N,,,581935400
2017-04-20,HLX.N,11.08333,,
2017-04-20,STBA.OQ,,,280062330
2017-04-21,PAHC.OQ,,3.0,
2017-04-21,HLX.N,,,582045400
2017-04-21,PAHC.OQ,29.75,3.0,754348400
2017-04-24,CHCO.OQ,68.66667,,185582250
2017-04-24,HLX.N,10.62222,,577607200
2017-04-25,CHCO.OQ,69.33333,,188137000
2017-04-25,HLX.N,10.45556,,577057200
2017-04-25,HLX.N,10.45556,,
2017-04-28,HLX.N,,,575886890
2017-05-01,HLX.N,10.34444,,573035200
2017-05-05,IIPR.N,,,7576000
2017-05-08,PAHC.OQ,30.0,,754566600
2017-05-09,PAHC.OQ,30.25,,756410600
2017-05-09,PAHC.OQ,30.25,,
2017-05-10,PAHC.OQ,,,758010600
2017-05-15,PAHC.OQ,,,761763250
2017-05-17,HLX.N,10.12222,,571945200
2017-06-02,PAHC.OQ,32.0,3.2,
2017-06-02,PAHC.OQ,,3.2,
2017-06-05,HLX.N,10.34444,1.81818,563035200
2017-06-05,HLX.N,,1.81818,563035200
2017-06-06,HLX.N,10.17778,,
2017-06-16,HLX.N,10.325,1.9,562228000
2017-06-16,HLX.N,,1.9,
2017-06-21,HLX.N,9.45,,561860000
2017-06-21,PAHC.OQ,,,760810600
2017-06-27,HLX.N,9.125,,
2017-06-27,HLX.N,9.125,,561193330
2017-06-28,CHCO.OQ,68.66667,,188241750
2017-07-02,HLX.N,,,561313000
2017-07-07,HLX.N,,,561701890
2017-07-13,STBA.OQ,,,280295670
2017-07-14,HLX.N,,,558035220
2017-07-20,STBA.OQ,,,282114330
2017-07-24,CHCO.OQ,69.33333,,188175500
2017-07-24,HLX.N,,,570164560
2017-07-24,PAHC.OQ,33.75,,
2017-07-24,STBA.OQ,,,282314330
2017-07-25,CHCO.OQ,69.66667,,188150500
2017-07-25,HLX.N,9.125,,578364560
2017-08-11,IIPR.N,,1.0,6397000
2017-08-23,PAHC.OQ,,3.33333,
2017-08-23,PAHC.OQ,33.6,3.33333,760893830
2017-08-30,PAHC.OQ,33.8,,777909000
2017-08-31,PAHC.OQ,33.8,,775042330
2017-08-31,PAHC.OQ,33.8,,
2017-09-01,PAHC.OQ,,,777375670
2017-09-05,HLX.N,,,579313100
2017-09-05,HLX.N,8.88889,2.0,579313100
2017-09-06,PAHC.OQ,,,780650800
2017-09-15,PAHC.OQ,,,779875670
2017-09-19,IIPR.N,21.75,1.0,6368000
2017-09-19,IIPR.N,,1.0,
2017-09-26,HLX.N,,2.09091,
2017-09-26,HLX.N,8.92222,2.09091,
2017-10-02,PAHC.OQ,,,779860500
2017-10-03,STBA.OQ,34.83333,,
2017-10-06,HLX.N,,,579613100
2017-10-09,HLX.N,8.97778,,
2017-10-10,HLX.N,9.2,,
2017-10-12,HLX.N,9.53333,,
2017-10-12,IIPR.N,22.75,,6456500
2017-10-12,IIPR.N,22.75,,
2017-10-17,HLX.N,,,583513100
2017-10-18,CHCO.OQ,70.0,,188004750
2017-10-19,CHCO.OQ,70.66667,,187804750
2017-10-19,PAHC.OQ,,,778843830
2017-10-19,STBA.OQ,,,282135000
2017-10-19,CHCO.OQ,,,187804750
2017-10-20,IIPR.N,,,6320500
2017-10-20,STBA.OQ,36.0,,282692000
2017-10-23,HLX.N,,,578604500
2017-10-23,PAHC.OQ,,,779442170
2017-10-23,STBA.OQ,40.75,,283392000
2017-10-23,STBA.OQ,,,283392000
2017-10-24,HLX.N,9.51667,,577504500
2017-10-24,HLX.N,9.51667,,
2017-10-27,HLX.N,,,576554500
2017-11-06,PAHC.OQ,,,779671670
2017-11-07,PAHC.OQ,33.4,,780886000
2017-11-08,PAHC.OQ,33.6,,
2017-11-08,PAHC.OQ,33.6,,782319330
2017-11-13,PAHC.OQ,,,783583200
2017-11-17,HLX.N,,,576684500
2017-11-21,HLX.N,9.40556,,
2017-11-29,IIPR.N,,,6418000
2017-11-29,PAHC.OQ,34.4,,
2017-12-04,PAHC.OQ,,,782986000
2017-12-21,CHCO.OQ,,,193943250
2017-12-22,HLX.N,,,576784500
2017-12-22,HLX.N,9.41667,,576784500
2018-01-04,STBA.OQ,41.75,,
2018-01-04,CHCO.OQ,70.33333,,
2018-01-04,HLX.N,9.41667,,
2018-01-04,STBA.OQ,41.75,,293132330
2018-01-11,HLX.N,9.52778,,577734500
2018-01-16,HLX.N,9.58333,2.18182,577841500
2018-01-16,STBA.OQ,43.5,,
2018-01-16,HLX.N,,2.18182,
2018-01-24,CHCO.OQ,71.0,,
2018-01-24,CHCO.OQ,71.0,,193818250
2018-01-24,IIPR.N,28.25,,6331000
2018-01-25,CHCO.OQ,,,193807250
2018-01-26,CHCO.OQ,72.0,,
2018-01-26,CHCO.OQ,72.0,,193507250
2018-01-26,STBA.OQ,,,289132330
2018-01-29,CHCO.OQ,,,193607250
2018-01-31,STBA.OQ,,,286276670
2018-02-06,PAHC.OQ,34.8,,787216000
2018-02-07,PAHC.OQ,37.2,,
2018-02-07,PAHC.OQ,37.2,,805603000
2018-02-08,STBA.OQ,,,284743330
2018-02-12,PAHC.OQ,,,810723600
2018-02-20,HLX.N,9.03125,,693047200
2018-02-21,IIPR.N,32.5,,11598000
2018-02-21,HLX.N,8.7625,,704412100
2018-02-21,IIPR.N,32.5,,6165500
2018-02-22,HLX.N,8.6375,,
2018-02-22,HLX.N,8.6375,,701636700
2018-02-26,CHCO.OQ,72.33333,,
2018-02-26,HLX.N,,,697818560
2018-02-26,STBA.OQ,44.25,,
2018-03-13,HLX.N,8.3,2.0,695338430
2018-03-13,HLX.N,8.3,,
2018-03-14,HLX.N,,2.2,696928630
2018-03-14,HLX.N,,2.2,
2018-03-15,PAHC.OQ,35.25,3.6,810904500
2018-03-15,PAHC.OQ,,3.6,
2018-03-28,HLX.N,,,698428630
2018-03-29,IIPR.N,33.25,,14548000
2018-04-03,IIPR.N,33.75,,14793500
2018-04-12,HLX.N,,,698141130
2018-04-19,CHCO.OQ,73.0,,194432250
2018-04-19,HLX.N,,,697371880
2018-04-19,STBA.OQ,44.0,,283657330
2018-04-19,CHCO.OQ,73.0,,
2018-04-20,CHCO.OQ,,,194357250
2018-04-23,STBA.OQ,45.0,,
2018-04-23,STBA.OQ,45.0,,284224000
2018-04-24,HLX.N,8.5,2.1,
2018-04-24,HLX.N,8.5,2.1,707219880
2018-04-25,HLX.N,,,710594880
2018-04-26,HLX.N,,2.0,
2018-04-26,HLX.N,,2.0,716739130
2018-04-26,CHCO.OQ,,,194900000
2018-04-26,HLX.N,8.5625,2.0,716739130
2018-05-08,PAHC.OQ,36.75,,814690750
2018-05-09,PAHC.OQ,37.5,,817707000
2018-05-10,HLX.N,8.6875,,
2018-05-10,IIPR.N,38.5,,13913000
2018-05-10,IIPR.N,,,13913000
2018-05-11,HLX.N,8.6875,,
2018-05-25,HLX.N,,,716739130
2018-06-04,STBA.OQ,,,284181330
2018-06-05,HLX.N,8.78571,2.11111,
2018-06-05,HLX.N,,2.11111,
2018-06-05,HLX.N,8.78571,2.11111,719030430
2018-06-14,HLX.N,,,718587570
2018-06-26,CHCO.OQ,75.33333,,195218750
2018-06-26,IIPR.N,39.0,,
2018-07-02,PAHC.OQ,,3.5,
2018-07-03,PAHC.OQ,38.0,3.6,
2018-07-03,PAHC.OQ,,3.6,
2018-07-03,PAHC.OQ,38.0,3.6,815565600
2018-07-12,CHCO.OQ,76.66667,,196143750
2018-07-12,CHCO.OQ,76.66667,,
2018-07-13,HLX.N,8.92857,,
2018-07-15,HLX.N,9.14286,,
2018-07-16,CHCO.OQ,,,197618250
2018-07-18,STBA.OQ,46.0,,
2018-07-19,HLX.N,,1.875,
2018-07-19,CHCO.OQ,76.33333,,197843250
2018-07-19,HLX.N,9.66667,1.875,718390500
2018-07-19,STBA.OQ,,,285679670
2018-07-20,CHCO.OQ,76.66667,,198441500
2018-07-23,PAHC.OQ,,,814855600
2018-07-23,STBA.OQ,46.5,,286479670
2018-07-23,PAHC.OQ,,,846843200
2018-07-24,HLX.N,10.0,,728802670
2018-07-24,HLX.N,10.0,,
2018-07-25,CHCO.OQ,78.0,,199516500
2018-07-25,HLX.N,,,738636000
2018-07-30,HLX.N,,,743705600
2018-07-31,HLX.N,10.33333,,742387500
2018-07-31,HLX.N,,,742387500
2018-08-14,IIPR.N,41.5,,14078000
2018-08-22,STBA.OQ,49.0,2.6,287415000
2018-08-22,STBA.OQ,,2.6,
2018-08-28,PAHC.OQ,40.25,,853048200
2018-08-28,PAHC.OQ,40.25,,
2018-08-29,PAHC.OQ,,,856448200
2018-09-01,HLX.N,10.6,1.85714,
2018-09-01,HLX.N,,1.85714,
2018-09-03,PAHC.OQ,,,866750750
2018-09-10,IIPR.N,47.75,,14227500
2018-09-10,IIPR.N,,,14227500
2018-09-12,HLX.N,,,740296200
2018-09-17,PAHC.OQ,42.66667,3.5,866750750
2018-09-17,PAHC.OQ,,3.5,
2018-10-08,IIPR.N,48.75,,
2018-10-09,HLX.N,11.0,,739696200
2018-10-10,IIPR.N,49.75,,
2018-10-10,IIPR.N,49.75,,14044500
2018-10-18,HLX.N,11.4,,741887500
2018-10-18,STBA.OQ,47.66667,,286878750
2018-10-19,STBA.OQ,46.16667,,286894250
2018-10-22,CHCO.OQ,77.33333,,200941500
2018-10-22,PAHC.OQ,42.33333,,863988250
2018-10-22,STBA.OQ,45.83333,,286744250
2018-10-22,PAHC.OQ,42.33333,,
2018-10-23,HLX.N,11.67,,739723830
2018-10-24,HLX.N,11.97,,738422670
2018-10-24,HLX.N,11.97,,
2018-10-26,HLX.N,,,737402830
2018-11-06,PAHC.OQ,,,857959750
2018-11-07,PAHC.OQ,41.33333,,
2018-11-07,PAHC.OQ,41.33333,,856212250
2018-11-08,IIPR.N,,,14187500
2018-11-08,PAHC.OQ,,,853462250
2018-11-09,IIPR.N,,,14687500
2018-11-13,PAHC.OQ,,,848175000
2018-11-19,PAHC.OQ,38.33333,,849776250
2018-11-19,PAHC.OQ,,,849776250
2018-12-03,HLX.N,11.77,,
2018-12-13,HLX.N,10.97,,
2018-12-19,HLX.N,10.30833,,
2018-12-20,CHCO.OQ,74.66667,,200328500
2019-01-04,PAHC.OQ,35.33333,,
2019-01-14,IIPR.N,53.16667,1.0,14691670
2019-01-14,IIPR.N,,1.0,14691670
2019-01-14,IIPR.N,,1.0,
2019-01-16,HLX.N,10.13333,,
2019-01-24,CHCO.OQ,75.0,,
2019-01-24,CHCO.OQ,75.0,,229261250
2019-01-25,CHCO.OQ,,,230261250
2019-01-28,CHCO.OQ,75.66667,,
2019-01-30,IIPR.N,59.83333,,
2019-01-31,STBA.OQ,44.83333,,
2019-01-31,CHCO.OQ,,,231466670
2019-01-31,STBA.OQ,44.83333,,298184500
2019-02-01,STBA.OQ,,,297787000
2019-02-04,STBA.OQ,43.5,,295450000
2019-02-06,PAHC.OQ,,,851883000
2019-02-07,IIPR.N,63.83333,,14758330
2019-02-07,PAHC.OQ,35.0,,854143000
2019-02-07,IIPR.N,63.83333,,28771330
2019-02-07,IIPR.N,,,28771330
2019-02-08,PAHC.OQ,32.66667,,854437250
2019-02-08,PAHC.OQ,32.66667,,
2019-02-19,HLX.N,10.3,1.83333,749456000
2019-02-19,HLX.N,,1.83333,
2019-02-21,HLX.N,10.1,,734847000
2019-03-05,HLX.N,10.08333,1.85714,739537170
2019-03-05,HLX.N,,1.85714,739537170
2019-03-05,HLX.N,,1.85714,
2019-03-13,HLX.N,10.25,,
2019-03-19,IIPR.N,73.5,,
2019-03-20,IIPR.N,85.5,1.66667,35374000
2019-03-20,IIPR.N,85.5,1.66667,
2019-03-20,IIPR.N,,1.66667,
2019-03-27,CHCO.OQ,76.0,,
2019-04-05,HLX.N,,,740088330
2019-04-08,CHCO.OQ,,,231266670
2019-04-15,HLX.N,10.3,1.83333,735508400
2019-04-15,HLX.N,,,735508400
2019-04-17,HLX.N,,1.85714,
2019-04-17,CHCO.OQ,78.33333,,232400000
2019-04-17,HLX.N,10.25,1.85714,
2019-04-18,CHCO.OQ,77.66667,,
2019-04-18,STBA.OQ,43.16667,,
2019-04-18,CHCO.OQ,77.66667,,230419000
2019-04-18,STBA.OQ,43.16667,,293637250
2019-04-22,PAHC.OQ,,,854189750
2019-04-23,HLX.N,10.58333,,738274800
2019-04-23,HLX.N,10.58333,,
2019-04-24,HLX.N,,,745320170
2019-04-25,HLX.N,,,748495830
2019-05-03,CHCO.OQ,,,230265750
2019-05-06,PAHC.OQ,32.0,,848803250
2019-05-07,PAHC.OQ,30.0,,
2019-05-07,PAHC.OQ,30.0,,837143500
2019-05-08,PAHC.OQ,,3.25,829893500
2019-05-09,IIPR.N,,,35579000
2019-05-22,CHCO.OQ,,,230265750
2019-05-22,PAHC.OQ,,3.2,829894800
2019-05-23,IIPR.N,,,37379000
2019-05-29,IIPR.N,,,37814000
2019-06-03,CHCO.OQ,77.25,3,230512600
2019-06-03,CHCO.OQ,,3,
2019-06-03,CHCO.OQ,,3,230512600
2019-06-06,STBA.OQ,,,297851750
2019-06-07,HLX.N,,1.71429,
2019-06-07,HLX.N,10.75,1.71429,747244000
2019-06-10,PAHC.OQ,,3.33333,
2019-06-10,PAHC.OQ,28.75,3.33333,829912330
2019-06-10,STBA.OQ,,,299179750
2019-06-18,IIPR.N,130.5,,37150000
2019-06-20,IIPR.N,154.0,,37816670
2019-06-20,STBA.OQ,42.83333,,301773000
2019-07-07,CHCO.OQ,76.75,,
2019-07-07,STBA.OQ,42.16667,,
2019-07-08,STBA.OQ,,,301336330
2019-07-09,HLX.N,10.58333,,
2019-07-09,CHCO.OQ,,,230492600
2019-07-09,HLX.N,10.58333,,749497330
2019-07-10,HLX.N,,,749580670
2019-07-11,HLX.N,,,749676670
2019-07-12,IIPR.N,155.5,,
2019-07-12,IIPR.N,155.5,,38183330
2019-07-15,IIPR.N,,,38772670
2019-07-16,HLX.N,,,750471330
2019-07-18,IIPR.N,164.0,,
2019-07-18,STBA.OQ,42.0,,
2019-07-18,IIPR.N,164.0,,37973330
2019-07-18,STBA.OQ,42.0,,302196330
2019-07-22,CHCO.OQ,,,230272600
2019-07-23,CHCO.OQ,,,230892600
2019-07-24,CHCO.OQ,77.25,,230972600
2019-07-24,CHCO.OQ,77.25,,
2019-07-25,HLX.N,,,754436000
2019-07-25,STBA.OQ,,,302196330
2019-07-26,CHCO.OQ,,,231165000
2019-07-28,HLX.N,10.5,,
2019-07-29,CHCO.OQ,,,231504750
2019-07-29,HLX.N,,,754211000
2019-08-07,STBA.OQ,,,299647250
2019-08-08,IIPR.N,,,39057000
2019-08-08,STBA.OQ,,,302196330
2019-08-09,IIPR.N,,,38757000
2019-08-14,IIPR.N,,,39120330
2019-08-27,PAHC.OQ,27.25,,856273670
2019-08-28,PAHC.OQ,25.5,,854423670
2019-08-29,PAHC.OQ,22.75,,849590330
2019-08-29,STBA.OQ,,,303019670
2019-08-29,PAHC.OQ,22.75,,
2019-09-03,STBA.OQ,,2.5,
2019-09-03,HLX.N,,1.875,
2019-09-03,STBA.OQ,,2.5,303019670
2019-09-03,HLX.N,10.42857,1.875,752752290
2019-09-03,PAHC.OQ,,,847489200
2019-09-03,STBA.OQ,43.0,2.5,303019670
2019-09-05,PAHC.OQ,,3.16667,
2019-09-05,PAHC.OQ,20.5,3.16667,
2019-09-05,CHCO.OQ,76.75,,
2019-09-05,PAHC.OQ,20.5,3.16667,847683330
2019-09-12,HLX.N,10.28571,,750139710
2019-09-12,HLX.N,10.28571,,
2019-09-17,STBA.OQ,40.75,,
2019-09-25,CHCO.OQ,,,230925800
2019-09-27,IIPR.N,,,39305000
2019-10-01,CHCO.OQ,,3,230757250
2019-10-01,CHCO.OQ,,3,
2019-10-08,HLX.N,,,749908290
2019-10-11,CHCO.OQ,,,230557250
2019-10-15,STBA.OQ,40.25,,302834330
2019-10-16,IIPR.N,140.5,,
2019-10-16,IIPR.N,140.5,,39252000
2019-10-21,HLX.N,,,751831330
2019-10-22,HLX.N,10.42857,,751631330
2019-10-23,HLX.N,10.57143,,
2019-10-23,CHCO.OQ,76.25,,230139500
2019-10-23,HLX.N,10.57143,,751058000
2019-10-24,STBA.OQ,39.75,,303302000
2019-10-28,CHCO.OQ,76.5,,229764500
2019-10-28,HLX.N,,,754265000
2019-10-28,STBA.OQ,41.5,,301942670
2019-10-28,CHCO.OQ,76.5,,
2019-10-29,CHCO.OQ,,,229319330
2019-10-31,CHCO.OQ,,,229464500
2019-11-04,PAHC.OQ,,,847401670
2019-11-05,HLX.N,,,752469600
2019-11-05,PAHC.OQ,,,839455170
2019-11-06,HLX.N,,,752164400
2019-11-06,PAHC.OQ,,,837455170
2019-11-07,IIPR.N,,,40500000
2019-11-11,IIPR.N,,,41166670
2019-11-12,HLX.N,,1.77778,
2019-11-12,HLX.N,10.625,1.77778,
2019-11-12,HLX.N,10.625,1.77778,751700330
2019-11-13,IIPR.N,,,41557000
2019-11-18,STBA.OQ,42.0,,301858330
2019-11-19,CHCO.OQ,,3,
2019-11-19,STBA.OQ,,2.75,
2019-11-20,HLX.N,,,751700330
2019-11-25,HLX.N,,,750020000
2019-11-25,IIPR.N,,,41309500
2019-12-04,HLX.N,10.875,,
2019-12-09,STBA.OQ,42.5,,
2019-12-09,CHCO.OQ,76.75,,
2019-12-09,STBA.OQ,42.5,,303128000
2019-12-18,CHCO.OQ,77.25,,
2020-01-06,CHCO.OQ,75.7,3,229262000
2020-01-06,HLX.N,,,750907140
2020-01-06,IIPR.N,,,41567000
2020-01-06,CHCO.OQ,,3,
2020-01-07,PAHC.OQ,21.25,,
2020-01-27,IIPR.N,,,41067000
2020-01-28,PAHC.OQ,22.5,3.0,838121830
2020-01-28,PAHC.OQ,22.5,3.0,
2020-01-29,CHCO.OQ,78.5,,
2020-01-29,CHCO.OQ,78.5,,231006250
2020-01-30,CHCO.OQ,,,230931250
2020-01-30,IIPR.N,,,41369330
2020-01-30,STBA.OQ,,,346041000
2020-01-30,IIPR.N,,,116696000
2020-01-31,CHCO.OQ,78.0,,230206250
2020-01-31,STBA.OQ,,,347103330
2020-02-03,PAHC.OQ,,,834568000
2020-02-03,STBA.OQ,,,347792670
2020-02-04,PAHC.OQ,,,828544500
2020-02-05,PAHC.OQ,,3.16667,
2020-02-05,PAHC.OQ,23.0,3.16667,
2020-02-05,PAHC.OQ,23.0,3.16667,825377830
2020-02-06,CHCO.OQ,78.4,,229956250
2020-02-10,PAHC.OQ,,,822198400
2020-02-11,PAHC.OQ,,,822269830
2020-02-18,HLX.N,10.875,,
2020-02-21,HLX.N,,,816705710
2020-02-25,HLX.N,,,814120000
2020-02-26,HLX.N,10.75,,
2020-02-26,HLX.N,10.75,,824816430
2020-02-27,HLX.N,,,832264000
2020-02-28,IIPR.N,150.5,,118728330
2020-03-01,HLX.N,,,822431000
2020-03-06,CHCO.OQ,76.4,,227900800
2020-03-06,HLX.N,10.71875,,824681000
2020-03-09,HLX.N,10.15625,2.0,816808500
2020-03-09,HLX.N,,,816808500
2020-03-10,HLX.N,9.03571,2.125,
2020-03-10,IIPR.N,132.0,2.0,116274500
2020-03-12,HLX.N,,,809683500
2020-03-12,HLX.N,8.39286,2.25,809683500
2020-03-13,HLX.N,8.21875,2.22222,
2020-03-16,IIPR.N,,2.0,
2020-03-16,CHCO.OQ,73.1,,225580800
2020-03-16,IIPR.N,126.5,2.0,114119600
2020-03-17,HLX.N,7.34375,2.33333,
2020-03-17,STBA.OQ,,,342317330
2020-03-17,HLX.N,,2.33333,
2020-03-18,CHCO.OQ,71.1,,223480800
2020-03-19,CHCO.OQ,69.5,,221273200
2020-03-19,HLX.N,,,800134380
2020-03-19,IIPR.N,107.75,,108563400
2020-03-19,STBA.OQ,37.0,,335171670
2020-03-23,IIPR.N,100.1,1.6,110754800
2020-03-23,IIPR.N,100.1,1.6,
2020-03-23,IIPR.N,,1.6,
2020-03-25,PAHC.OQ,22.75,,
2020-03-25,PAHC.OQ,22.75,,821603170
2020-03-30,HLX.N,6.90625,,
2020-03-30,HLX.N,6.90625,,786249380
2020-03-31,CHCO.OQ,67.9,,
2020-03-31,STBA.OQ,31.0,,
2020-03-31,CHCO.OQ,67.9,,219373200
2020-03-31,HLX.N,,,778111880
2020-03-31,STBA.OQ,31.0,,333007670
2020-04-02,HLX.N,6.65625,,
2020-04-02,PAHC.OQ,,,820274000
2020-04-06,IIPR.N,,,110534800
2020-04-08,HLX.N,6.5625,,777555630
2020-04-09,HLX.N,5.21875,,746280500
2020-04-12,HLX.N,4.34375,,731670500
2020-04-14,HLX.N,3.96875,,726633000
2020-04-20,PAHC.OQ,,,818440670
2020-04-23,HLX.N,3.78125,,701939500
2020-04-24,HLX.N,3.875,,
2020-04-24,HLX.N,3.875,,701173250
2020-04-27,HLX.N,,,699173250
2020-04-29,CHCO.OQ,,,219033200
2020-04-29,HLX.N,,,675228330
2020-04-30,CHCO.OQ,67.5,,221927600
2020-04-30,STBA.OQ,,,331700670
2020-05-01,STBA.OQ,30.5,,345148000
2020-05-03,STBA.OQ,30.0,,344422330
2020-05-03,STBA.OQ,30.0,,
2020-05-05,HLX.N,,,668935000
2020-05-05,STBA.OQ,,,349939670
2020-05-06,IIPR.N,102.9,,109217400
2020-05-07,CHCO.OQ,67.2,,
2020-05-07,PAHC.OQ,22.25,,
2020-05-07,CHCO.OQ,67.2,,223659500
2020-05-07,PAHC.OQ,22.25,,815292670
2020-05-08,HLX.N,,,668887140
2020-05-08,IIPR.N,98.9,,107002200
2020-05-08,IIPR.N,98.9,,
2020-05-11,PAHC.OQ,,3.0,
2020-05-11,CHCO.OQ,,,226659500
2020-05-11,PAHC.OQ,,3.0,812626000
2020-05-12,PAHC.OQ,22.5,,808959330
2020-05-12,PAHC.OQ,22.5,,
2020-05-13,PAHC.OQ,,,806442670
2020-05-14,PAHC.OQ,,,804991170
2020-05-15,IIPR.N,,,106798000
2020-05-20,IIPR.N,103.9,,
2020-05-20,IIPR.N,103.9,,107679000
2020-05-27,IIPR.N,,,107559000
2020-05-28,HLX.N,4.125,2.11111,669085710
2020-05-28,HLX.N,,2.11111,669085710
2020-05-28,HLX.N,,2.11111,
2020-05-29,HLX.N,4.25,,
2020-06-01,IIPR.N,106.9,,108801600
2020-06-01,STBA.OQ,29.16667,2.8,349754750
2020-06-01,STBA.OQ,29.16667,2.8,
2020-06-01,STBA.OQ,,2.8,
2020-06-17,STBA.OQ,,,349638750
2020-06-22,HLX.N,,,669085710
2020-06-23,IIPR.N,111.0,,
2020-06-23,IIPR.N,111.0,,108950800
2020-06-26,IIPR.N,,,109290800
2020-06-30,CHCO.OQ,,,227009500
2020-06-30,IIPR.N,,,110270800
2020-06-30,STBA.OQ,,,347650250
2020-07-02,HLX.N,,,668657140
2020-07-06,HLX.N,4.28125,,665982860
2020-07-06,IIPR.N,115.0,,110128600
2020-07-06,HLX.N,4.28125,,
2020-07-06,IIPR.N,,,110128600
2020-07-07,IIPR.N,115.0,,
2020-07-09,CHCO.OQ,65.4,,227325750
2020-07-13,HLX.N,,,664026860
2020-07-15,HLX.N,4.40625,,
2020-07-16,HLX.N,4.53125,,
2020-07-20,PAHC.OQ,23.0,,804157830
2020-07-22,HLX.N,4.84375,2.0,665741140
2020-07-22,HLX.N,,2.0,
2020-07-23,CHCO.OQ,65.8,,226884750
2020-07-23,HLX.N,5.4375,,685647570
2020-07-24,HLX.N,5.75,,691504710
2020-07-27,CHCO.OQ,65.2,,
2020-07-27,HLX.N,5.875,,
2020-07-27,CHCO.OQ,65.2,,226691750
2020-07-27,HLX.N,5.875,,699916140
2020-07-28,IIPR.N,115.83333,1.66667,111198830
2020-07-28,IIPR.N,,1.66667,
2020-07-29,HLX.N,,,705135500
2020-07-30,CHCO.OQ,,,225255670
2020-07-30,STBA.OQ,26.83333,,344300000
2020-07-31,HLX.N,,,705573830
2020-07-31,STBA.OQ,25.5,,344588000
2020-08-03,CHCO.OQ,64.2,,227416750
2020-08-04,STBA.OQ,24.0,,
2020-08-04,STBA.OQ,24.0,,342288000
2020-08-06,PAHC.OQ,22.0,3.16667,804158170
2020-08-06,PAHC.OQ,22.0,3.16667,
2020-08-06,PAHC.OQ,,3.16667,
2020-08-07,IIPR.N,125.0,,112957170
2020-08-10,IIPR.N,128.33333,,
2020-08-10,IIPR.N,128.33333,,113491330
2020-08-12,IIPR.N,,,113539750
2020-08-17,IIPR.N,131.66667,,113014600
2020-08-26,PAHC.OQ,,,823232670
2020-08-27,PAHC.OQ,,,825732670
2020-08-28,PAHC.OQ,,,816406000
2020-08-29,PAHC.OQ,,,816501750
2020-09-01,PAHC.OQ,,,811901800
2020-09-07,PAHC.OQ,,,811818170
2020-09-08,HLX.N,5.77778,2.0,
2020-09-08,IIPR.N,,1.71429,
2020-09-08,HLX.N,5.77778,2.0,706206140
2020-09-08,IIPR.N,134.28571,1.71429,110562170
2020-09-09,HLX.N,,,708792880
2020-09-15,HLX.N,,2.0,708374290
2020-09-15,HLX.N,,2.0,
2020-09-15,HLX.N,5.75,2.0,708374290
2020-09-17,IIPR.N,138.0,,109845500
2020-09-18,IIPR.N,141.57143,,110028830
2020-09-18,IIPR.N,141.57143,,
2020-09-21,IIPR.N,,,110151330
2020-09-30,CHCO.OQ,63.2,,230162330
2020-10-01,STBA.OQ,,,343103500
2020-10-09,HLX.N,5.625,,
2020-10-12,PAHC.OQ,21.5,,
2020-10-13,HLX.N,,,707594290
2020-10-19,HLX.N,5.375,,709707140
2020-10-23,HLX.N,5.3125,,
2020-10-23,STBA.OQ,23.33333,,
2020-10-23,HLX.N,5.3125,,715935710
2020-10-23,STBA.OQ,23.33333,,339552250
2020-10-26,CHCO.OQ,64.0,,230434330
2020-10-26,HLX.N,,,715051670
2020-10-26,STBA.OQ,,,338799750
2020-10-26,CHCO.OQ,64.0,,
2020-10-27,CHCO.OQ,,,228701500
2020-10-27,HLX.N,,1.88889,719901430
2020-10-29,CHCO.OQ,,,231501000
2020-10-30,HLX.N,5.21429,1.875,722571670
2020-10-30,HLX.N,,1.875,
2020-10-30,HLX.N,,1.875,722571670
2020-11-04,IIPR.N,143.0,,112851330
2020-11-04,PAHC.OQ,,,811193500
2020-11-05,IIPR.N,149.42857,,115033170
2020-11-06,CHCO.OQ,64.4,,
2020-11-06,IIPR.N,155.85714,,116248830
2020-11-06,PAHC.OQ,21.25,,810186830
2020-11-09,IIPR.N,162.28571,,117971000
2020-11-09,PAHC.OQ,21.0,,806487750
2020-11-09,IIPR.N,,,117971000
2020-11-11,PAHC.OQ,20.0,,
2020-11-11,PAHC.OQ,20.0,,811008500
2020-11-13,STBA.OQ,23.66667,,338399750
2020-11-13,STBA.OQ,,,338399750
2020-11-17,CHCO.OQ,65.2,,
2020-11-17,STBA.OQ,24.0,,
2020-11-18,STBA.OQ,25.0,,
2020-11-20,STBA.OQ,,,338804660
2020-11-20,STBA.OQ,25.0,,338804660
2020-11-20,STBA.OQ,25.0,2.75,338804660
2020-11-25,CHCO.OQ,,3,
2020-11-25,STBA.OQ,,2.66667,
2020-11-27,CHCO.OQ,,3,
2020-11-30,CHCO.OQ,66.6,,
2020-12-07,HLX.N,5.42857,,
2020-12-15,STBA.OQ,,2.5,
2020-12-15,STBA.OQ,26.16667,2.5,
2020-12-17,STBA.OQ,,,339155330
2020-12-17,CHCO.OQ,68.0,,
2020-12-17,IIPR.N,168.0,,
2020-12-17,STBA.OQ,27.5,,339155330
2020-12-18,CHCO.OQ,69.4,,
2020-12-22,IIPR.N,180.85714,,
2020-12-23,IIPR.N,193.66667,2.0,117938290
2020-12-23,IIPR.N,,2.0,
2020-12-28,CHCO.OQ,69.6,,
2020-12-28,STBA.OQ,28.16667,,
2021-01-06,HLX.N,,,722938330
2021-01-07,IIPR.N,,,118052570
2021-01-07,IIPR.N,200.5,,118052570
2021-01-11,STBA.OQ,,2.75,
2021-01-13,HLX.N,5.64286,,723104330
2021-01-13,HLX.N,5.64286,,708803170
2021-01-13,HLX.N,5.64286,,
2021-01-15,PAHC.OQ,,,811528830
2021-01-25,CHCO.OQ,71.2,,217783400
2021-01-26,CHCO.OQ,72.0,,218854400
2021-01-26,CHCO.OQ,72.0,,
2021-01-28,CHCO.OQ,,,218293000
2021-01-28,STBA.OQ,,,331334330
2021-01-29,CHCO.OQ,72.8,,218354400
2021-01-29,IIPR.N,207.16667,,
2021-01-29,CHCO.OQ,,,218354400
2021-02-01,PAHC.OQ,19.75,,
2021-02-01,STBA.OQ,,,331484000
2021-02-02,STBA.OQ,,,333276000
2021-02-03,STBA.OQ,,,330017330
2021-02-04,PAHC.OQ,20.0,,809567330
2021-02-04,PAHC.OQ,20.0,,
2021-02-05,PAHC.OQ,,,805234000
2021-02-06,PAHC.OQ,,,806910000
2021-02-09,PAHC.OQ,,,805710500
2021-02-21,PAHC.OQ,,,805877170
2021-02-23,HLX.N,,,698103170
2021-02-24,HLX.N,5.71429,,683300000
2021-02-24,IIPR.N,,,202263570
2021-02-25,HLX.N,6.0,,
2021-02-25,HLX.N,6.0,,655020000
2021-02-25,IIPR.N,,,205263570
2021-02-26,HLX.N,,,668183330
2021-02-26,IIPR.N,216.33333,,199120860
2021-03-01,IIPR.N,217.16667,,199736290
2021-03-01,STBA.OQ,28.83333,,
2021-03-01,IIPR.N,217.16667,,
2021-03-02,IIPR.N,,,199988860
2021-03-03,HLX.N,6.07143,,
2021-03-09,STBA.OQ,30.16667,,
2021-03-15,HLX.N,6.32143,,670286670
2021-03-15,HLX.N,6.32143,,
2021-03-30,CHCO.OQ,75.4,,
2021-03-30,STBA.OQ,30.5,,329635000
2021-03-31,CHCO.OQ,77.0,,218696400
2021-04-01,HLX.N,,2.0,668945710
2021-04-01,HLX.N,,2.0,
2021-04-07,CHCO.OQ,82.0,3,219470500
2021-04-07,STBA.OQ,32.83333,,329901670
2021-04-07,CHCO.OQ,,3,
2021-04-07,STBA.OQ,32.83333,,
2021-04-09,HLX.N,6.25,,669802860
2021-04-12,HLX.N,,,667903570
2021-04-12,HLX.N,6.10714,,667903570
2021-04-15,HLX.N,6.29167,,
2021-04-23,CHCO.OQ,81.5,,
2021-04-23,CHCO.OQ,81.5,,218266250
2021-04-23,STBA.OQ,,,332911000
2021-04-26,CHCO.OQ,,,217799250
2021-04-26,HLX.N,,,668464430
2021-04-26,STBA.OQ,,,334702000
2021-04-27,CHCO.OQ,81.0,,
2021-04-27,CHCO.OQ,81.0,,217774250
2021-04-27,HLX.N,5.925,,675969570
2021-04-27,STBA.OQ,,,339903000
2021-04-28,HLX.N,5.71667,2.22222,673509570
2021-04-28,HLX.N,5.71667,2.22222,
2021-04-28,HLX.N,,2.22222,
2021-04-29,HLX.N,,,663933400
2021-05-04,IIPR.N,,,198460290
2021-05-06,IIPR.N,,,193869570
2021-05-06,PAHC.OQ,20.5,,808882330
2021-05-07,IIPR.N,213.83333,,
2021-05-07,IIPR.N,213.83333,,196378860
2021-05-10,IIPR.N,,,194847290
2021-05-11,HLX.N,5.9,,671411170
2021-05-11,PAHC.OQ,20.75,,812154000
2021-05-11,STBA.OQ,,,337768670
2021-05-11,HLX.N,5.9,,
2021-05-12,PAHC.OQ,22.0,,824523500
2021-05-12,PAHC.OQ,22.0,,
2021-05-13,HLX.N,,,668995290
2021-05-19,PAHC.OQ,,,827173500
2021-05-20,IIPR.N,,,194875860
2021-06-09,HLX.N,,2.33333,
2021-06-10,HLX.N,6.11429,,669671000
2021-06-10,HLX.N,,,669671000
2021-06-28,IIPR.N,,,193786710
2021-06-30,CHCO.OQ,,,217887000
2021-07-02,IIPR.N,218.85714,1.875,
2021-07-02,IIPR.N,,1.875,
2021-07-07,CHCO.OQ,,,217912000
2021-07-07,PAHC.OQ,,3.33333,
2021-07-12,STBA.OQ,33.375,2.8,
2021-07-12,STBA.OQ,,2.8,
2021-07-14,PAHC.OQ,22.0,,827222200
2021-07-14,PAHC.OQ,22.0,,
2021-07-14,PAHC.OQ,22.0,3.2,827222200
2021-07-15,HLX.N,6.25714,,
2021-07-16,HLX.N,6.04286,2.44444,669599570
2021-07-22,CHCO.OQ,82.0,,218609250
2021-07-22,STBA.OQ,32.875,,337140000
2021-07-26,CHCO.OQ,80.0,,
2021-07-26,CHCO.OQ,80.0,,220971500
2021-07-26,STBA.OQ,32.125,,337661750
2021-07-27,HLX.N,,2.55556,
2021-07-27,HLX.N,5.82143,2.55556,661921570
2021-07-28,HLX.N,5.60714,,
2021-07-28,HLX.N,5.60714,,657425710
2021-08-02,PAHC.OQ,,3.5,
2021-08-02,HLX.N,,,649480000
2021-08-02,IIPR.N,222.71429,,193715290
2021-08-02,PAHC.OQ,,3.5,854043000
2021-08-05,IIPR.N,225.57143,,196615290
2021-08-06,IIPR.N,229.85714,,196901000
2021-08-09,IIPR.N,245.57143,,200021140
2021-08-11,HLX.N,,2.75,
2021-08-12,HLX.N,,,654282860
2021-08-17,IIPR.N,250.57143,,201173000
2021-08-26,PAHC.OQ,,,854612500
2021-08-27,PAHC.OQ,21.66667,,
2021-08-27,PAHC.OQ,21.66667,,856237500
2021-08-30,CHCO.OQ,,,220657200
2021-09-01,IIPR.N,257.0,,201430140
2021-09-01,PAHC.OQ,,,857575000
2021-09-01,IIPR.N,257.0,,
2021-09-07,IIPR.N,,,202097140
2021-09-09,PAHC.OQ,,,856416670
2021-09-22,STBA.OQ,31.0,,337609400
2021-09-24,PAHC.OQ,20.0,3.66667,857050000
2021-09-24,PAHC.OQ,20.0,3.66667,
2021-09-24,PAHC.OQ,20.0,,
2021-09-29,CHCO.OQ,81.0,,
2021-10-04,IIPR.N,257.71429,,
2021-10-05,IIPR.N,,,202082860
2021-10-15,PAHC.OQ,,,860366670
2021-10-18,HLX.N,5.57143,,654375710
2021-10-18,IIPR.N,264.85714,,
2021-10-21,HLX.N,5.42857,,
2021-10-21,CHCO.OQ,81.25,,222123000
2021-10-21,HLX.N,5.42857,,658643430
2021-10-21,STBA.OQ,30.75,,338389400
2021-10-22,CHCO.OQ,81.75,,223352000
2021-10-22,HLX.N,,,656214860
2021-10-22,STBA.OQ,31.75,,340075400
2021-10-22,STBA.OQ,31.75,,
2021-10-25,HLX.N,,,652732860
2021-10-25,STBA.OQ,,,340997600
2021-10-26,CHCO.OQ,,,223832000
2021-10-26,CHCO.OQ,82.25,,223832000
2021-10-27,HLX.N,,,641200000
2021-11-02,HLX.N,,,641394000
2021-11-02,PAHC.OQ,,,866733330
2021-11-03,IIPR.N,269.85714,,203054290
2021-11-03,PAHC.OQ,,,875720000
2021-11-04,IIPR.N,282.0,,203505140
2021-11-07,IIPR.N,287.0,,203202000
2021-11-07,IIPR.N,287.0,,
2021-11-08,HLX.N,,,639661670
2021-11-09,PAHC.OQ,,4.0,876980000
2021-11-10,IIPR.N,,,202599000
2021-11-15,HLX.N,,,641324290
2021-11-15,IIPR.N,,,203351400
2021-11-17,IIPR.N,,,203251500
2021-11-18,PAHC.OQ,21.0,3.66667,876338000
2021-11-18,PAHC.OQ,21.0,,
2021-12-13,STBA.OQ,32.5,,
2021-12-15,CHCO.OQ,82.5,,
2021-12-15,HLX.N,,,642038570
2021-12-21,IIPR.N,,,202968170
2022-01-10,PAHC.OQ,,3.33333,
2022-01-10,PAHC.OQ,,3.33333,879338000
2022-01-10,STBA.OQ,33.0,,
2022-01-11,HLX.N,5.32143,,
2022-01-13,IIPR.N,286.28571,,203718170
2022-01-18,IIPR.N,282.71429,,203322170
2022-01-18,IIPR.N,282.71429,,
2022-01-25,CHCO.OQ,,,224885400
2022-01-26,CHCO.OQ,83.25,,225655600
2022-01-26,IIPR.N,,,203605500
2022-01-26,CHCO.OQ,,,225655600
2022-01-26,IIPR.N,,,280183830
2022-01-27,STBA.OQ,33.75,,332346400
2022-01-28,STBA.OQ,33.5,,332866400
2022-01-31,HLX.N,,2.625,
2022-01-31,STBA.OQ,34.0,,
2022-01-31,CHCO.OQ,83.75,,
2022-01-31,HLX.N,5.47857,2.625,
2022-01-31,STBA.OQ,34.0,,335226400
2022-02-01,STBA.OQ,,,336426400
2022-02-03,STBA.OQ,,,336826400
2022-02-10,PAHC.OQ,21.33333,,889341330
2022-02-10,PAHC.OQ,21.33333,,
2022-02-11,PAHC.OQ,,,902210670
2022-02-16,HLX.N,,,642883000
2022-02-16,PAHC.OQ,,,907544000
2022-02-16,HLX.N,,,657435430
2022-02-23,HLX.N,,,660878570
2022-02-24,IIPR.N,269.85714,,280188000
2022-02-25,IIPR.N,260.57143,,
2022-02-25,IIPR.N,260.57143,,280314710
2022-02-26,HLX.N,,,661335710
2022-03-02,HLX.N,,,662621430
2022-03-04,HLX.N,5.57857,,662907140
2022-03-08,HLX.N,5.86429,,662060000
2022-03-08,IIPR.N,,,280432860
2022-03-09,CHCO.OQ,,,226375600
2022-03-09,STBA.OQ,34.25,,337686400
2022-03-11,HLX.N,6.15,,
2022-03-11,HLX.N,6.15,,667706670
2022-03-15,HLX.N,,,675605710
2022-03-15,IIPR.N,255.57143,,
2022-03-18,HLX.N,,,672177140
2022-03-25,IIPR.N,,,279990000
2022-03-29,CHCO.OQ,84.0,,
2022-03-29,CHCO.OQ,84.0,,227252800
2022-03-29,STBA.OQ,34.5,,338724400
2022-03-30,CHCO.OQ,,,227290000
2022-04-01,IIPR.N,,,280361430
2022-04-11,IIPR.N,,,279693860
2022-04-13,STBA.OQ,34.25,,343724400
2022-04-13,STBA.OQ,34.25,,
2022-04-18,HLX.N,6.28571,,671760000
2022-04-18,IIPR.N,251.28571,,
2022-04-18,HLX.N,,,671760000
2022-04-21,IIPR.N,247.0,,279108140
2022-04-21,STBA.OQ,,,343597200
2022-04-22,CHCO.OQ,,,228915400
2022-04-22,STBA.OQ,,,343617200
2022-04-25,CHCO.OQ,83.75,,231057000
2022-04-25,HLX.N,6.28571,,
2022-04-25,STBA.OQ,,,344617200
2022-04-25,CHCO.OQ,83.75,,
2022-04-26,HLX.N,,,672131430
2022-04-27,HLX.N,,,661702860
2022-04-28,HLX.N,,,661560000
2022-04-28,STBA.OQ,,,342171500
2022-04-29,HLX.N,,,637931430
2022-05-02,HLX.N,,,624080000
2022-05-04,HLX.N,6.32143,,
2022-05-04,HLX.N,6.32143,,626480000
2022-05-05,IIPR.N,242.71429,,282208140
2022-05-05,PAHC.OQ,21.0,,926564000
2022-05-05,IIPR.N,242.71429,,
2022-05-05,PAHC.OQ,21.0,,
2022-05-06,IIPR.N,,,287612430
2022-05-06,PAHC.OQ,,,935273670
2022-05-06,PAHC.OQ,,,966557000
2022-05-09,IIPR.N,,1.75,
2022-05-09,IIPR.N,,1.75,288079140
2022-05-11,STBA.OQ,34.125,,
2022-05-11,STBA.OQ,34.125,,344957200
2022-05-16,HLX.N,,,632366670
2022-06-02,HLX.N,6.21429,,
2022-06-02,IIPR.N,,,287607570
2022-06-02,HLX.N,6.21429,,641147140
2022-06-02,IIPR.N,227.0,,287607570
2022-06-02,STBA.OQ,,,345517200
2022-06-29,CHCO.OQ,,,232056600
2022-06-29,IIPR.N,221.28571,,
2022-07-07,STBA.OQ,33.375,,348257200
2022-07-08,HLX.N,,,662818570
2022-07-11,HLX.N,5.92857,,
2022-07-13,STBA.OQ,33.5,,348997200
2022-07-15,HLX.N,5.71429,,672891430
2022-07-15,IIPR.N,215.28571,,284071430
2022-07-18,CHCO.OQ,83.66667,3,
2022-07-18,CHCO.OQ,,3,
2022-07-18,CHCO.OQ,83.66667,3,231267250
2022-07-18,IIPR.N,208.14286,,282014290
2022-07-19,IIPR.N,,2.0,
2022-07-19,IIPR.N,192.16667,2.0,280094570
2022-07-20,HLX.N,5.41667,2.71429,671040000
2022-07-20,HLX.N,,2.71429,671040000
2022-07-21,CHCO.OQ,,,233867250
2022-07-21,STBA.OQ,33.75,,351037200
2022-07-22,CHCO.OQ,87.33333,,
2022-07-22,IIPR.N,182.16667,,
2022-07-22,STBA.OQ,33.375,,
2022-07-22,CHCO.OQ,87.33333,,240063500
2022-07-22,HLX.N,5.41667,,
2022-07-22,IIPR.N,182.16667,,279223140
2022-07-22,STBA.OQ,33.375,,355406600
2022-07-25,PAHC.OQ,,3.66667,
2022-07-25,STBA.OQ,,,357606600
2022-07-26,HLX.N,5.95833,2.57143,724401000
2022-07-26,HLX.N,,2.57143,
2022-07-27,HLX.N,6.125,,739686710
2022-07-27,HLX.N,6.125,,
2022-07-28,CHCO.OQ,,,243584670
2022-07-28,STBA.OQ,,,361858250
2022-08-01,HLX.N,,,752667830
2022-08-05,IIPR.N,,,279756710
2022-08-08,HLX.N,,,776141400
2022-08-08,IIPR.N,158.0,2.25,275189430
2022-08-08,IIPR.N,158.0,2.25,
2022-08-10,IIPR.N,,,275853170
2022-08-11,HLX.N,6.15,2.5,784176750
2022-08-11,HLX.N,,2.5,784176750
2022-08-25,IIPR.N,,,273943800
2022-08-26,PAHC.OQ,19.66667,,
2022-08-26,PAHC.OQ,19.66667,,974011330
2022-08-31,PAHC.OQ,,,984517000
2022-09-06,CHCO.OQ,,3,
2022-09-06,CHCO.OQ,88.25,3,
2022-09-16,PAHC.OQ,18.0,,978678000
2022-09-16,PAHC.OQ,,,978678000
2022-09-19,IIPR.N,,2.0,
2022-09-19,IIPR.N,161.83333,2.0,274282330
2022-09-19,IIPR.N,,2.0,274282330
2022-09-29,STBA.OQ,,2.83333,
2022-09-29,STBA.OQ,33.1,2.83333,
2022-10-04,HLX.N,6.05,,
2022-10-06,CHCO.OQ,87.5,,243923330
2022-10-06,HLX.N,6.20833,2.42857,775269600
2022-10-06,IIPR.N,158.83333,,
2022-10-06,STBA.OQ,32.5,,363246750
2022-10-06,HLX.N,,2.42857,
2022-10-06,STBA.OQ,32.5,,
2022-10-12,STBA.OQ,,,366471750
2022-10-13,HLX.N,6.29167,,769925600
2022-10-19,CHCO.OQ,91.75,,249128000
2022-10-20,CHCO.OQ,94.75,,252228000
2022-10-20,STBA.OQ,33.3,,369246750
2022-10-20,CHCO.OQ,94.75,,
2022-10-21,STBA.OQ,34.0,,368596750
2022-10-24,STBA.OQ,34.6,,370579500
2022-10-24,STBA.OQ,34.6,,
2022-10-25,HLX.N,6.91667,,805157400
2022-10-26,HLX.N,7.35714,2.14286,810947830
2022-10-26,PAHC.OQ,17.33333,,
2022-10-26,HLX.N,,2.14286,
2022-10-27,HLX.N,7.78571,,
2022-10-27,HLX.N,7.78571,,829393500
2022-10-27,IIPR.N,,,274065670
2022-10-31,HLX.N,,,838724800
2022-11-02,IIPR.N,,,274618430
2022-11-03,IIPR.N,162.66667,,274861290
2022-11-03,IIPR.N,162.66667,,
2022-11-04,HLX.N,,,844187330
2022-11-04,HLX.N,8.21429,,844187330
2022-11-07,IIPR.N,,,274856430
2022-11-08,IIPR.N,159.33333,,
2022-11-08,IIPR.N,159.33333,,275569710
2022-11-09,IIPR.N,,,276228830
2022-11-09,PAHC.OQ,17.0,,980113330
2022-11-09,PAHC.OQ,,,980113330
2022-11-10,IIPR.N,161.83333,,275805710
2022-11-10,IIPR.N,161.83333,,
2022-11-17,PAHC.OQ,16.33333,,
2022-11-18,CHCO.OQ,,3,
2022-11-18,CHCO.OQ,,3,252228000
2022-11-18,STBA.OQ,,3.0,370579500
2022-11-18,CHCO.OQ,,3,283335670
2022-11-18,STBA.OQ,,3.0,
2022-11-20,PAHC.OQ,,,986113330
2022-11-30,IIPR.N,,,276048570
2022-12-01,HLX.N,8.35714,,
2022-12-14,STBA.OQ,34.5,,
2022-12-21,PAHC.OQ,,3.25,
2022-12-21,PAHC.OQ,16.75,3.25,982110000
2023-01-03,IIPR.N,156.83333,,
2023-01-04,HLX.N,8.42857,,
2023-01-06,CHCO.OQ,94.5,,
2023-01-09,HLX.N,8.78571,,845382330
2023-01-20,IIPR.N,154.2,2.125,275490430
2023-01-20,IIPR.N,,2.125,
2023-01-23,IIPR.N,150.8,,275476140
2023-01-26,STBA.OQ,35.0,,402624750
2023-01-30,STBA.OQ,36.25,,
2023-01-30,CHCO.OQ,,,283075000
2023-01-30,STBA.OQ,36.25,,414409250
2023-01-31,IIPR.N,145.8,,289848710
2023-01-31,CHCO.OQ,,,288425000
2023-01-31,IIPR.N,145.8,,275076140
2023-02-01,CHCO.OQ,95.0,,288612500
2023-02-02,STBA.OQ,,,421679000
2023-02-08,PAHC.OQ,16.5,,983031750
2023-02-09,CHCO.OQ,96.25,,286441670
2023-02-09,PAHC.OQ,17.25,,985976750
2023-02-09,STBA.OQ,37.5,,421084250
2023-02-09,PAHC.OQ,17.25,,
2023-02-11,PAHC.OQ,,,984734250
2023-02-15,PAHC.OQ,,,984645670
2023-02-17,PAHC.OQ,,,984984250
2023-02-21,HLX.N,9.5,,1086052170
2023-02-22,HLX.N,10.0,,
2023-02-22,HLX.N,10.0,,1101681670
2023-02-27,HLX.N,,,1129133330
2023-02-28,HLX.N,10.28571,,1104375000
2023-02-28,IIPR.N,141.8,,290534430
2023-03-01,IIPR.N,138.8,,290336570
2023-03-01,IIPR.N,138.8,,
2023-03-02,HLX.N,10.46429,,1107084000
2023-03-06,IIPR.N,,,288900670
2023-03-27,HLX.N,,,1119403330
2023-03-27,HLX.N,11.03571,,1119403330
2023-04-03,CHCO.OQ,94.8,3,
2023-04-03,CHCO.OQ,94.8,3,285375250
2023-04-03,STBA.OQ,37.0,,419784250
2023-04-03,CHCO.OQ,,3,
2023-04-04,CHCO.OQ,,,284816500
2023-04-04,IIPR.N,134.2,,
2023-04-04,STBA.OQ,35.75,,418923000
2023-04-04,STBA.OQ,,,418923000
2023-04-05,CHCO.OQ,,,284466500
2023-04-05,CHCO.OQ,94.4,,284466500
2023-04-05,STBA.OQ,34.75,,
2023-04-06,CHCO.OQ,,3,
2023-04-06,CHCO.OQ,94.16667,3,
2023-04-06,STBA.OQ,,,415173000
2023-04-18,HLX.N,11.0,,
2023-04-20,STBA.OQ,,,411398000
2023-04-21,STBA.OQ,33.75,,
2023-04-24,STBA.OQ,32.75,,
2023-04-24,STBA.OQ,32.75,,409132250
2023-04-25,HLX.N,,,1122403330
2023-04-26,CHCO.OQ,,,283839000
2023-04-26,HLX.N,,,1126903330
2023-04-27,CHCO.OQ,93.83333,,285514000
2023-04-27,STBA.OQ,,,407476330
2023-04-28,CHCO.OQ,94.16667,,
2023-04-28,CHCO.OQ,94.16667,,287063500
2023-04-30,HLX.N,,,1124570000
2023-05-02,CHCO.OQ,,,288718000
2023-05-02,HLX.N,,,1169000000
2023-05-03,HLX.N,,,1180295000
2023-05-04,CHCO.OQ,,,287563500
2023-05-04,PAHC.OQ,17.0,,982599750
2023-05-04,PAHC.OQ,17.0,,
2023-05-05,STBA.OQ,,,405307250
2023-05-05,CHCO.OQ,,,287135600
2023-05-05,STBA.OQ,31.5,,405307250
2023-05-08,IIPR.N,,,289534000
2023-05-10,IIPR.N,118.2,2.25,292425500
2023-05-10,PAHC.OQ,,,981466330
2023-05-10,IIPR.N,118.2,2.25,
2023-05-10,IIPR.N,,2.25,
2023-05-15,IIPR.N,,,292795000
2023-05-17,IIPR.N,113.2,,298505200
2023-05-30,IIPR.N,109.8,,
2023-05-30,IIPR.N,109.8,,297337670
2023-05-31,IIPR.N,,2.14286,297337670
2023-05-31,IIPR.N,,,297337670
2023-06-14,HLX.N,10.71429,,
2023-06-14,HLX.N,10.71429,,1169256000
2023-06-26,CHCO.OQ,94.0,,286554600
2023-06-26,STBA.OQ,31.25,,
2023-06-26,CHCO.OQ,94.0,,
2023-06-28,CHCO.OQ,,,286406400
2023-06-29,HLX.N,,1.83333,
2023-06-29,HLX.N,,1.83333,1158025000
2023-06-29,IIPR.N,,2.28571,
2023-07-05,STBA.OQ,30.5,,403807250
2023-07-13,CHCO.OQ,93.83333,,285878800
2023-07-13,STBA.OQ,30.25,,403232250
2023-07-20,STBA.OQ,31.5,,404855750
2023-07-21,STBA.OQ,31.75,,
2023-07-21,STBA.OQ,31.75,,406055750
2023-07-24,STBA.OQ,,,405555750
2023-07-25,CHCO.OQ,94.66667,,286918800
2023-07-26,CHCO.OQ,95.83333,,289197800
2023-07-26,CHCO.OQ,,,289197800
2023-07-27,CHCO.OQ,96.66667,,
2023-07-27,HLX.N,11.0,,1163900000
2023-07-27,PAHC.OQ,,,980746000
2023-07-31,CHCO.OQ,99.33333,,291095600
2023-07-31,HLX.N,11.57143,,1196300000
2023-07-31,CHCO.OQ,99.33333,,
2023-07-31,HLX.N,11.57143,,
2023-08-01,CHCO.OQ,,,290344500
2023-08-02,CHCO.OQ,,,290215600
2023-08-02,CHCO.OQ,99.83333,,290215600
2023-08-02,HLX.N,,,1222800000
2023-08-03,IIPR.N,,,301761000
2023-08-04,IIPR.N,,,302811000
2023-08-07,IIPR.N,,,305409670
2023-08-09,IIPR.N,,,302222400
2023-08-11,HLX.N,,,1214100000
2023-08-14,IIPR.N,,,303878000
2023-08-20,HLX.N,,1.8,
2023-08-21,HLX.N,,,1212750000
2023-08-21,HLX.N,12.16667,,1212750000
2023-08-28,HLX.N,12.66667,,
2023-08-29,PAHC.OQ,,,979129330
2023-08-29,PAHC.OQ,,,1010963330
2023-08-31,IIPR.N,,,305042400
2023-08-31,PAHC.OQ,16.75,,1015827330
2023-09-01,PAHC.OQ,16.75,,1020580500
2023-09-01,PAHC.OQ,16.75,,
2023-09-05,IIPR.N,108.8,2.57143,
2023-09-05,IIPR.N,108.8,2.57143,305517500
2023-09-05,PAHC.OQ,,,1021838000
2023-09-05,IIPR.N,,2.57143,
2023-09-20,HLX.N,13.16667,,1221775000
2023-09-20,HLX.N,,,1221775000
2023-09-27,CHCO.OQ,98.66667,,
2023-10-02,STBA.OQ,30.75,,405538500
2023-10-05,STBA.OQ,30.25,,
2023-10-05,CHCO.OQ,97.83333,,
2023-10-05,IIPR.N,,,305211170
2023-10-05,STBA.OQ,30.25,,405563500
2023-10-10,CHCO.OQ,97.0,,
2023-10-10,CHCO.OQ,97.0,,290557600
2023-10-10,STBA.OQ,,,405413500
2023-10-12,HLX.N,13.5,,
2023-10-19,STBA.OQ,29.5,,404888500
2023-10-20,STBA.OQ,29.25,,
2023-10-20,STBA.OQ,29.25,,404828750
2023-10-23,STBA.OQ,,,405078750
2023-10-24,CHCO.OQ,,,292126400
2023-10-24,HLX.N,,,1232275000
2023-10-25,HLX.N,13.83333,,
2023-10-25,CHCO.OQ,95.5,,292646400
2023-10-25,HLX.N,13.83333,,1252525000
2023-10-30,CHCO.OQ,95.16667,,293468800
2023-10-30,HLX.N,,,1275833330
2023-10-30,CHCO.OQ,,,293468800
2023-11-03,IIPR.N,,,307168330
2023-11-05,IIPR.N,109.8,,
2023-11-06,IIPR.N,,,307868330
2023-11-08,IIPR.N,,,307863400
2023-11-09,PAHC.OQ,14.5,,1004576000
2023-11-10,PAHC.OQ,12.5,,991376000
2023-11-13,HLX.N,,,1270150000
2023-11-13,IIPR.N,107.8,,307542000
2023-11-13,HLX.N,,,1377175000
2023-11-13,IIPR.N,,,307542000
2023-12-07,PAHC.OQ,,3.4,
2023-12-07,PAHC.OQ,11.8,3.4,990900800
2023-12-13,CHCO.OQ,96.16667,,
2023-12-15,PAHC.OQ,11.2,,990262800
2023-12-15,PAHC.OQ,11.2,,
2023-12-21,CHCO.OQ,97.5,,
2023-12-21,STBA.OQ,30.0,,
2023-12-22,CHCO.OQ,99.0,,
2023-12-22,STBA.OQ,31.25,,
2024-01-08,CHCO.OQ,99.83333,,
2024-01-08,STBA.OQ,32.5,,
2024-01-18,IIPR.N,107.8,,
2024-01-24,CHCO.OQ,,,289690800
2024-01-24,CHCO.OQ,100.16667,,289690800
2024-01-25,STBA.OQ,,,390418250
2024-01-26,CHCO.OQ,101.83333,,
2024-01-29,CHCO.OQ,102.16667,,289544200
2024-01-29,STBA.OQ,34.25,,386918250
2024-01-30,STBA.OQ,35.0,,
2024-01-30,CHCO.OQ,104.83333,,289304200
2024-01-30,STBA.OQ,35.0,,384697750
2024-01-31,CHCO.OQ,105.16667,,289920000
2024-02-01,STBA.OQ,,,385197000
2024-02-08,PAHC.OQ,,,995065200
2024-02-09,PAHC.OQ,,,995865200
2024-02-14,PAHC.OQ,,,997581500
2024-02-15,PAHC.OQ,,,997065200
2024-02-15,STBA.OQ,,,384072750
2024-02-21,IIPR.N,,,307308670
2024-02-23,IIPR.N,,,307399000
2024-02-23,IIPR.N,,,306858670
2024-02-27,HLX.N,,,1370300000
2024-02-28,HLX.N,,,1359800000
2024-02-28,IIPR.N,112.4,,310032330
2024-02-29,IIPR.N,117.4,,314313670
2024-02-29,IIPR.N,117.4,,
2024-03-04,CHCO.OQ,104.66667,,290270000
2024-03-04,HLX.N,,,1330600000
2024-03-04,IIPR.N,,,321981000
2024-03-04,CHCO.OQ,104.66667,,
2024-03-05,HLX.N,,,1331733330
2024-03-05,IIPR.N,,,323574670
2024-03-06,PAHC.OQ,10.75,3.75,999036500
2024-03-06,PAHC.OQ,,3.75,
2024-03-07,HLX.N,,,1328966670
2024-03-07,IIPR.N,121.4,,323098500
2024-03-07,IIPR.N,121.4,,
2024-03-11,HLX.N,,,1322725000
2024-03-21,IIPR.N,,,321482800
2024-03-27,CHCO.OQ,,,289124000
2024-03-28,HLX.N,,1.8,
2024-04-12,STBA.OQ,,,383247750
2024-04-18,HLX.N,15.0,,
2024-04-18,STBA.OQ,34.0,,
2024-04-22,STBA.OQ,32.75,,386964500
2024-04-23,CHCO.OQ,,,290298000
2024-04-24,CHCO.OQ,106.16667,,291473200
2024-04-24,CHCO.OQ,106.16667,,
2024-04-26,HLX.N,,,1291775000
2024-04-29,HLX.N,,,1298275000
2024-04-30,CHCO.OQ,,,292787670
2024-05-01,CHCO.OQ,106.66667,,292790750
2024-05-01,IIPR.N,,,320719000
2024-05-02,HLX.N,15.4,,
2024-05-02,HLX.N,15.4,,1296366670
2024-05-05,HLX.N,,,1302775000
2024-05-07,CHCO.OQ,106.5,,292629600
2024-05-09,PAHC.OQ,11.25,,1000284000
2024-05-10,IIPR.N,,,319602330
2024-05-10,PAHC.OQ,12.0,,1002284000
2024-05-13,IIPR.N,122.8,,314360670
2024-05-13,PAHC.OQ,13.5,,1004686500
2024-05-13,IIPR.N,122.8,,
2024-05-13,PAHC.OQ,13.5,,
2024-05-14,IIPR.N,,,314713330
2024-05-15,PAHC.OQ,,,1175921330
2024-05-15,IIPR.N,,,313322000
2024-05-15,PAHC.OQ,,,1007915330
2024-05-17,IIPR.N,125.8,,312101330
2024-06-25,HLX.N,15.6,,
2024-07-08,CHCO.OQ,,3,
2024-07-08,CHCO.OQ,106.8,3,
2024-07-08,CHCO.OQ,106.8,3,293184500
2024-07-10,CHCO.OQ,,,293051750
2024-07-18,STBA.OQ,36.25,,388589500
2024-07-19,STBA.OQ,,,389791750
2024-07-19,STBA.OQ,38.5,,389791750
2024-07-20,STBA.OQ,40.25,,
2024-07-22,IIPR.N,130.8,,310768000
2024-07-22,IIPR.N,130.8,,
2024-07-23,CHCO.OQ,,,292935250
2024-07-23,CHCO.OQ,110.8,,292935250
2024-07-24,PAHC.OQ,,,1004686500
2024-07-26,CHCO.OQ,114.8,,
2024-07-26,HLX.N,,,1322300000
2024-07-30,CHCO.OQ,117.4,,293518670
2024-07-30,HLX.N,,,1321050000
2024-07-31,HLX.N,,,1354000000
2024-08-01,CHCO.OQ,,,293596500
2024-08-01,CHCO.OQ,121.0,,293596500
2024-08-02,IIPR.N,,,309668000
2024-08-05,HLX.N,15.3,,
2024-08-05,HLX.N,15.3,,1357933330
2024-08-07,IIPR.N,,,309768000
2024-08-08,IIPR.N,132.8,,310418000
2024-08-09,CHCO.OQ,120.4,,
2024-08-12,IIPR.N,135.8,,311013250
2024-08-12,IIPR.N,135.8,,
2024-08-16,IIPR.N,,,311563000
2024-08-21,HLX.N,,,1360450000
2024-08-28,STBA.OQ,,,391541750
2024-08-29,HLX.N,15.125,1.75,1357933330
2024-08-29,PAHC.OQ,14.0,,1180919670
2024-08-29,HLX.N,,1.75,1357933330
2024-08-29,PAHC.OQ,14.0,,
2024-09-04,PAHC.OQ,,,1252879500
2024-09-10,PAHC.OQ,,3.6,1186919670
2024-09-10,PAHC.OQ,,3.6,
2024-09-12,HLX.N,15.125,,
2024-09-13,PAHC.OQ,,,1155439750
2024-09-18,HLX.N,14.9,1.6,1348950000
2024-09-19,PAHC.OQ,15.6,,
2024-10-01,CHCO.OQ,,,293581250
2024-10-01,STBA.OQ,40.5,,
2024-10-02,STBA.OQ,,,391349500
2024-10-07,HLX.N,14.80667,1.66667,1346278000
2024-10-07,HLX.N,14.80667,,
2024-10-08,PAHC.OQ,16.8,,1214189750
2024-10-09,CHCO.OQ,119.2,,293345250
2024-10-09,STBA.OQ,40.25,,390824500
2024-10-17,STBA.OQ,40.75,,
2024-10-17,STBA.OQ,40.75,,389997500
2024-10-18,STBA.OQ,,,389222500
2024-10-22,STBA.OQ,,,388622500
2024-10-24,HLX.N,,2.0,
2024-10-24,HLX.N,,2.0,1332518000
2024-10-25,HLX.N,14.64,,
2024-10-25,HLX.N,14.64,,1320218000
2024-10-28,CHCO.OQ,118.4,,
2024-10-28,CHCO.OQ,118.4,,294187500
2024-10-29,CHCO.OQ,,,295012500
2024-10-30,HLX.N,,,1316375000
2024-10-31,CHCO.OQ,,,296740500
2024-11-04,IIPR.N,,,311983000
2024-11-05,CHCO.OQ,,,296639500
2024-11-07,IIPR.N,135.4,,311643000
2024-11-07,PAHC.OQ,17.0,,1214689750
2024-11-07,IIPR.N,135.4,,
2024-11-08,CHCO.OQ,121.16667,3,296569600
2024-11-08,IIPR.N,,2.28571,310293600
2024-11-08,CHCO.OQ,,3,
2024-11-08,CHCO.OQ,,3,296569600
2024-11-08,IIPR.N,,2.28571,
2024-11-11,IIPR.N,,,310073600
2024-11-11,PAHC.OQ,18.4,,1269939750
2024-11-11,PAHC.OQ,,,1269939750
2024-11-12,HLX.N,14.47333,,
2024-11-13,CHCO.OQ,123.66667,,
2024-11-13,IIPR.N,,,309151500
2024-12-03,CHCO.OQ,125.33333,,
2024-12-03,STBA.OQ,41.5,,
2024-12-09,CHCO.OQ,127.33333,,296765600
2024-12-09,PAHC.OQ,20.75,,
2024-12-09,STBA.OQ,42.0,,
2024-12-16,IIPR.N,,,308730000
2024-12-17,IIPR.N,134.5,2.25,308658170
2024-12-18,STBA.OQ,42.5,,388614750
2024-12-18,STBA.OQ,42.5,,
2024-12-20,IIPR.N,118.66667,2.625,307998000
2024-12-23,IIPR.N,95.6,3.0,
2024-12-23,IIPR.N,95.6,3.0,307164670
2024-12-23,IIPR.N,,3.0,
2025-01-06,HLX.N,,,1315133000
2025-01-23,CHCO.OQ,125.66667,,297390800
2025-01-27,CHCO.OQ,124.83333,,
2025-01-27,CHCO.OQ,124.83333,,298381000
2025-01-28,HLX.N,,,1361532500
2025-01-30,CHCO.OQ,,,298539500
2025-01-30,IIPR.N,,,308231330
2025-01-30,STBA.OQ,,,394330000
2025-01-31,IIPR.N,,,299823330
2025-01-31,STBA.OQ,42.25,,395190000
2025-02-04,CHCO.OQ,,,298826200
2025-02-06,STBA.OQ,,,397140000
2025-02-06,PAHC.OQ,20.66667,,1322439750
2025-02-06,STBA.OQ,42.75,,397140000
2025-02-07,PAHC.OQ,23.66667,,
2025-02-07,PAHC.OQ,23.66667,,1301569250
2025-02-10,PAHC.OQ,,,1280116750
2025-02-20,IIPR.N,87.6,,300177140
2025-02-21,CHCO.OQ,124.5,,299386200
2025-02-21,IIPR.N,85.4,,296175570
2025-02-21,IIPR.N,85.4,,
2025-02-24,IIPR.N,,,296194290
2025-02-25,HLX.N,,,1377282500
2025-02-26,IIPR.N,,,294882170
2025-02-27,HLX.N,,,1375175000
2025-02-28,HLX.N,,,1377075000
2025-02-28,PAHC.OQ,,3.5,
2025-03-03,HLX.N,,,1388533330
2025-03-06,HLX.N,14.14,,
2025-03-17,IIPR.N,79.8,,292697290
2025-03-17,IIPR.N,,,292697290
2025-03-19,IIPR.N,79.0,,
2025-03-19,PAHC.OQ,,,1280116750
2025-03-25,PAHC.OQ,,3.33333,
2025-03-25,PAHC.OQ,24.5,3.33333,1281155670
2025-03-30,IIPR.N,,3.25,
2025-03-31,IIPR.N,,,281522570
2025-03-31,IIPR.N,74.0,,281522570
2025-04-01,IIPR.N,71.0,,
2025-04-01,STBA.OQ,42.5,,
2025-04-02,CHCO.OQ,,,298979800
2025-04-02,CHCO.OQ,122.5,,298979800
2025-04-02,STBA.OQ,42.0,,
2025-04-03,CHCO.OQ,121.66667,,
2025-04-07,CHCO.OQ,120.66667,,
2025-04-10,STBA.OQ,,,396990000
2025-04-14,IIPR.N,69.0,,275251140
2025-04-14,IIPR.N,,,275251140
2025-04-15,PAHC.OQ,21.0,,1275771670
2025-04-15,PAHC.OQ,,,1275771670
2025-04-21,PAHC.OQ,19.0,,
2025-04-22,IIPR.N,67.0,3.0,
2025-04-23,CHCO.OQ,121.66667,,304308600
2025-04-23,CHCO.OQ,,,304308600
2025-04-24,CHCO.OQ,122.33333,,
2025-04-25,HLX.N,12.64,,
2025-04-25,HLX.N,12.64,2.16667,1313200000
2025-04-25,STBA.OQ,41.25,,
2025-04-27,CHCO.OQ,,,305528600
2025-04-27,STBA.OQ,41.0,,
2025-04-28,STBA.OQ,,,397665000
2025-05-01,STBA.OQ,,,399100000
2025-05-05,STBA.OQ,40.75,,398097670
2025-05-05,STBA.OQ,40.75,,
2025-05-07,HLX.N,,2.2,1313200000
2025-05-07,IIPR.N,65.4,3.0,267493000
2025-05-07,STBA.OQ,,,398273250
2025-05-07,HLX.N,,2.2,
2025-05-07,IIPR.N,,3.0,267493000
2025-05-08,IIPR.N,65.6,,
2025-05-08,PAHC.OQ,19.5,,
2025-05-09,PAHC.OQ,,,1273438330
2025-05-14,PAHC.OQ,,,1280000000
2025-05-16,IIPR.N,,3.0,
2025-05-16,IIPR.N,,3.0,271205400
2025-05-27,IIPR.N,,,271969000
2025-05-28,HLX.N,,,1313200000
2025-06-05,IIPR.N,,,274009000
2025-06-09,CHCO.OQ,,3,
2025-06-09,CHCO.OQ,121.8,3,
2025-06-09,CHCO.OQ,121.8,3,305155750
2025-06-25,PAHC.OQ,22.5,,1278137000
2025-06-26,CHCO.OQ,,,305398500
2025-06-26,STBA.OQ,,,398355750
2025-06-27,STBA.OQ,40.8,3.0,397784600
2025-06-27,STBA.OQ,40.8,3.0,
2025-07-02,IIPR.N,,3.33333,
2025-07-02,IIPR.N,67.75,3.33333,
2025-07-07,CHCO.OQ,,,305099500
2025-07-07,PAHC.OQ,,3.0,
2025-07-07,STBA.OQ,,,398584600
2025-07-10,HLX.N,,,1311624330
2025-07-18,STBA.OQ,41.0,3.0,398530500
2025-07-18,STBA.OQ,,3.0,
2025-07-22,CHCO.OQ,127.6,,310230250
2025-07-23,CHCO.OQ,130.8,,311730250
2025-07-23,HLX.N,11.768,,1296891000
2025-07-24,CHCO.OQ,132.6,,
2025-07-24,STBA.OQ,41.16667,,
2025-07-24,CHCO.OQ,132.6,,313746500
2025-07-24,HLX.N,11.568,,1269093330
2025-07-24,STBA.OQ,41.16667,,399213830
2025-07-28,HLX.N,11.168,,1239846670
2025-07-28,STBA.OQ,,,401240500
2025-07-28,HLX.N,,,1239846670
2025-07-29,IIPR.N,65.25,,274689000
2025-07-29,STBA.OQ,,,402107170
2025-07-29,IIPR.N,65.25,,
2025-07-30,HLX.N,10.968,,
2025-07-30,PAHC.OQ,23.0,3.0,1278352750
2025-07-30,PAHC.OQ,,3.0,
2025-07-30,PAHC.OQ,23.0,3.0,1443490750
2025-07-31,STBA.OQ,,,403244000
2025-08-04,IIPR.N,,,275129000
2025-08-04,STBA.OQ,41.0,,403021670
2025-08-08,IIPR.N,,,273949000
2025-08-08,IIPR.N,60.25,,273949000
2025-08-11,IIPR.N,59.75,,
2025-08-12,IIPR.N,58.25,,
2025-08-13,HLX.N,10.468,,
2025-08-13,HLX.N,10.468,,1251010000
2025-08-20,IIPR.N,,,268524750
2025-08-25,IIPR.N,57.0,,264521000
2025-08-25,IIPR.N,57.0,,
2025-08-28,PAHC.OQ,28.33333,,1454166750
2025-08-28,PAHC.OQ,28.33333,,
2025-09-03,PAHC.OQ,,,1460555670
2025-09-04,PAHC.OQ,32.66667,,1458916750
2025-09-19,IIPR.N,,,264521000
2025-10-02,HLX.N,,,1243235000
2025-10-08,STBA.OQ,,,402921670
2025-10-08,CHCO.OQ,,,313212500
2025-10-08,STBA.OQ,40.83333,,402921670
2025-10-09,HLX.N,9.5,,
2025-10-09,STBA.OQ,40.5,,
2025-10-14,HLX.N,,,1242667500
2025-10-17,CHCO.OQ,131.5,3,
2025-10-17,STBA.OQ,,3.0,
2025-10-17,CHCO.OQ,131.5,3,312785000
2025-10-17,STBA.OQ,40.8,3.0,403124000
2025-10-17,CHCO.OQ,,3,
2025-10-22,CHCO.OQ,,,315018000
2025-10-22,HLX.N,,,1242765000
2025-10-23,HLX.N,,,1245913500
2025-10-24,HLX.N,10.0,,1256773500
2025-10-24,STBA.OQ,41.0,,403204000
2025-10-24,HLX.N,10.0,,
2025-10-27,CHCO.OQ,,,315918000
2025-10-27,STBA.OQ,40.4,,
2025-10-27,CHCO.OQ,129.5,,315918000
2025-10-27,STBA.OQ,40.4,,403882000
2025-10-29,HLX.N,,,1257898000
2025-11-03,IIPR.N,,,263296000
2025-11-04,IIPR.N,57.25,,
2025-11-04,IIPR.N,57.25,,263871000
2025-11-05,IIPR.N,,,264626600
2025-11-05,STBA.OQ,,,403682000
2025-11-05,STBA.OQ,,,424160000
2025-11-06,PAHC.OQ,38.0,,1459397750
2025-11-07,PAHC.OQ,41.0,,
2025-11-07,PAHC.OQ,41.0,,1461897750
2025-11-10,IIPR.N,,,265312250
2025-11-11,IIPR.N,,,265169800
2025-11-12,PAHC.OQ,,,1464530330
2025-11-14,PAHC.OQ,43.0,,1465647750
2025-12-03,CHCO.OQ,128.6,3,
2025-12-03,CHCO.OQ,,3,
2025-12-15,CHCO.OQ,,,315923500
2025-12-15,STBA.OQ,41.4,,
2025-12-16,CHCO.OQ,129.6,,
2026-01-21,CHCO.OQ,,,325658500
2026-01-22,CHCO.OQ,,,325338500
2026-01-22,CHCO.OQ,131.0,,325338500
2026-01-26,STBA.OQ,43.8,2.66667,425660000
2026-01-26,STBA.OQ,43.8,2.66667,
2026-01-29,STBA.OQ,,,426050000
2026-01-30,CHCO.OQ,130.75,3,
2026-01-30,STBA.OQ,43.25,3.0,
2026-02-01,STBA.OQ,,,426000000
2026-02-05,PAHC.OQ,44.0,,1480727750
2026-02-09,PAHC.OQ,45.33333,,1487727750
2026-02-18,STBA.OQ,,2.83333,
2026-02-18,STBA.OQ,44.0,2.83333,
2026-02-20,CHCO.OQ,131.0,3,
2026-02-22,IIPR.N,,,270106400
2026-02-23,HLX.N,,,1319882000
2026-02-23,STBA.OQ,44.6,,
2026-02-24,HLX.N,11.25,,1308800000
2026-02-24,IIPR.N,57.5,,
2026-02-24,STBA.OQ,45.0,2.85714,426433330
2026-02-25,HLX.N,12.0,,1315560000
2026-02-25,IIPR.N,,,271646400
2026-02-26,IIPR.N,58.75,,
2026-02-26,IIPR.N,58.75,,267822800
2026-03-03,IIPR.N,,3.0,267757000
2014-06-13,VNDA.OQ,,2.0,
2014-09-05,APEI.OQ,,2.75,
2014-10-07,ADTN.OQ,,3.09091,
2014-10-16,ADTN.OQ,20.90625,,
2014-10-17,ADTN.OQ,,,627728700
2014-10-27,VNDA.OQ,,,51233330
2014-11-07,APEI.OQ,38.0,,
2014-11-10,APEI.OQ,,,348752380
2014-12-23,VNDA.OQ,29.0,,
2015-01-05,ADTN.OQ,21.15625,,
2015-01-08,APEI.OQ,,2.85714,
2015-01-08,APEI.OQ,37.33333,2.85714,348717000
2015-01-09,VNDA.OQ,26.66667,1.66667,65725000
2015-01-09,VNDA.OQ,,1.66667,
2015-01-16,LBTYK.OQ,,,19131825000
2015-01-16,LBTYK.OQ,,,18229509000
2015-01-16,LBTYK.OQ,56.0,2.0,18229509000
2015-01-16,LBTYK.OQ,56.0,2.0,
2015-01-20,ADTN.OQ,,,668564700
2015-01-21,ADTN.OQ,,,670288700
2015-01-22,ADTN.OQ,21.65625,,670238000
2015-01-22,ADTN.OQ,21.65625,,
2015-01-27,LBTYK.OQ,55.5,2.0,
2015-01-27,LBTYK.OQ,,2.0,
2015-02-02,ADTN.OQ,,,670239700
2015-02-13,LBTYK.OQ,,,19094362500
2015-02-19,VNDA.OQ,23.33333,,
2015-02-19,VNDA.OQ,23.33333,,119350000
2015-02-20,VNDA.OQ,,,104100000
2015-02-22,VNDA.OQ,,,104150000
2015-02-26,APEI.OQ,37.0,,366103140
2015-02-27,APEI.OQ,35.66667,,
2015-02-27,APEI.OQ,35.66667,,353012710
2015-03-01,APEI.OQ,,,346960710
2015-03-09,VNDA.OQ,22.5,1.5,103340000
2015-03-09,VNDA.OQ,,1.5,
2015-03-10,ADTN.OQ,,,669329700
2015-03-19,ADTN.OQ,21.53125,,665728000
2015-03-22,ADTN.OQ,,,663681400
2015-03-22,ADTN.OQ,21.40625,,663681400
2015-03-25,LBTYK.OQ,58.0,,18725512500
2015-03-25,LBTYK.OQ,58.0,,
2015-04-06,ADTN.OQ,,2.90909,
2015-04-06,ADTN.OQ,21.59375,2.90909,
2015-04-13,ADTN.OQ,20.90625,,660111400
2015-04-13,ADTN.OQ,20.90625,,
2015-04-20,ADTN.OQ,,,658601400
2015-04-22,ADTN.OQ,18.96875,3.0,627472600
2015-04-23,ADTN.OQ,,3.09091,
2015-04-23,ADTN.OQ,17.34375,3.09091,
2015-04-23,ADTN.OQ,17.34375,3.09091,604938900
2015-04-23,APEI.OQ,,2.83333,348626330
2015-04-29,APEI.OQ,34.0,3.0,343859670
2015-04-29,APEI.OQ,,3.0,
2015-05-06,VNDA.OQ,21.75,,103920000
2015-05-07,VNDA.OQ,20.75,,104740000
2015-05-07,VNDA.OQ,20.75,,
2015-05-08,LBTYK.OQ,,,18765112500
2015-05-11,APEI.OQ,32.33333,,342693000
2015-05-12,APEI.OQ,30.0,,
2015-05-12,APEI.OQ,30.0,,337886670
2015-05-13,APEI.OQ,,,334840670
2015-05-13,VNDA.OQ,,,104175000
2015-05-15,APEI.OQ,,3.0,
2015-05-15,APEI.OQ,,3.0,334458800
2015-07-14,LBTYK.OQ,,1.66667,
2015-07-14,LBTYK.OQ,59.0,1.66667,18644408330
2015-07-15,ADTN.OQ,,,607362700
2015-07-15,LBTYK.OQ,60.66667,,17693050000
2015-07-15,LBTYK.OQ,60.66667,,
2015-07-16,ADTN.OQ,17.53125,,
2015-07-16,ADTN.OQ,17.53125,,611099000
2015-07-17,ADTN.OQ,,,611729000
2015-07-20,ADTN.OQ,17.15625,,
2015-07-23,ADTN.OQ,,,614117280
2015-07-29,VNDA.OQ,,,106200000
2015-07-30,VNDA.OQ,21.0,,
2015-07-30,VNDA.OQ,21.0,,110620000
2015-08-03,VNDA.OQ,,,111820000
2015-08-10,APEI.OQ,28.66667,,333978800
2015-08-11,APEI.OQ,27.33333,,330809200
2015-08-14,LBTYK.OQ,,1.5,17693050000
2015-08-14,LBTYK.OQ,,1.5,
2015-08-17,APEI.OQ,25.0,,330272600
2015-08-20,LBTYK.OQ,63.33333,,17698900000
2015-08-20,LBTYK.OQ,63.33333,,
2015-09-08,ADTN.OQ,,3.08333,613944920
2015-09-30,ADTN.OQ,,3.0,
2015-09-30,ADTN.OQ,17.47222,3.0,613787620
2015-10-02,APEI.OQ,,3.0,
2015-10-02,ADTN.OQ,17.30556,,
2015-10-02,APEI.OQ,24.5,3.0,
2015-10-02,ADTN.OQ,17.30556,,612856850
2015-10-02,APEI.OQ,24.5,3.0,329415750
2015-10-06,ADTN.OQ,,,612545390
2015-10-08,ADTN.OQ,,,611706930
2015-10-08,LBTYK.OQ,,,17783900000
2015-10-14,ADTN.OQ,17.19444,,607640000
2015-10-15,ADTN.OQ,16.55556,,599887080
2015-10-15,ADTN.OQ,16.55556,,
2015-10-16,ADTN.OQ,,,598817850
2015-10-18,LBTYK.OQ,,,17787350000
2015-10-21,VNDA.OQ,20.8,1.6,
2015-10-21,VNDA.OQ,,1.6,
2015-10-21,ADTN.OQ,16.6875,3.0,598675170
2015-10-21,VNDA.OQ,20.8,1.6,111871830
2015-11-03,VNDA.OQ,,,112155170
2015-11-04,VNDA.OQ,19.8,,109483670
2015-11-04,VNDA.OQ,19.8,,
2015-11-05,VNDA.OQ,,,109150330
2015-11-09,APEI.OQ,,,328990750
2015-11-10,APEI.OQ,,,327878000
2015-11-13,APEI.OQ,,,326827750
2015-11-17,APEI.OQ,,,326201330
2015-11-17,LBTYK.OQ,62.5,1.0,
2015-11-20,ADTN.OQ,16.64286,3.0,598800180
2015-11-20,ADTN.OQ,,,598800180
2015-12-01,APEI.OQ,,,326025500
2015-12-17,ADTN.OQ,17.71429,2.90909,
2016-01-05,VNDA.OQ,,,108883670
2016-01-07,ADTN.OQ,,,622690630
2016-01-07,ADTN.OQ,,,598918370
2016-01-07,ADTN.OQ,18.75,2.63636,598918370
2016-01-11,LBTYK.OQ,,,17160000000
2016-01-11,LBTYK.OQ,,,17865500000
2016-01-11,LBTYK.OQ,56.0,,17160000000
2016-01-12,VNDA.OQ,,,109366670
2016-01-15,ADTN.OQ,,2.54546,
2016-01-15,ADTN.OQ,19.11111,2.54546,
2016-01-19,ADTN.OQ,19.22222,,
2016-01-20,ADTN.OQ,19.44444,,623318540
2016-01-21,ADTN.OQ,19.44444,2.45455,623211730
2016-01-21,ADTN.OQ,19.44444,2.45455,
2016-01-26,ADTN.OQ,,,624832900
2016-02-01,VNDA.OQ,,,109440000
2016-02-04,ADTN.OQ,19.66667,2.36364,
2016-02-04,ADTN.OQ,,2.36364,
2016-02-10,VNDA.OQ,,,148194200
2016-02-11,VNDA.OQ,,,148033330
2016-02-22,VNDA.OQ,17.25,,
2016-02-29,APEI.OQ,,,312519250
2016-03-01,APEI.OQ,21.0,,
2016-03-07,APEI.OQ,,,317041500
2016-03-09,VNDA.OQ,17.4,,
2016-03-30,ADTN.OQ,19.88889,,
2016-04-13,ADTN.OQ,20.44444,2.45455,623716640
2016-04-13,ADTN.OQ,,2.45455,
2016-04-14,ADTN.OQ,20.66667,,
2016-04-14,ADTN.OQ,20.66667,,625281640
2016-04-15,ADTN.OQ,,,624903730
2016-04-18,ADTN.OQ,20.55556,2.54546,
2016-04-29,VNDA.OQ,17.25,1.75,147660000
2016-04-29,VNDA.OQ,17.25,1.75,
2016-04-29,VNDA.OQ,,1.75,
2016-05-04,ADTN.OQ,20.0,2.7,
2016-05-04,ADTN.OQ,20.0,2.7,624134100
2016-05-04,VNDA.OQ,,,148560000
2016-05-04,ADTN.OQ,,2.7,
2016-05-05,VNDA.OQ,,,148554000
2016-05-09,APEI.OQ,,,313767500
2016-05-10,APEI.OQ,24.0,,
2016-05-10,APEI.OQ,24.0,,311167000
2016-05-11,VNDA.OQ,,,147192500
2016-06-06,VNDA.OQ,,,147200000
2016-06-10,APEI.OQ,,,311167000
2016-06-14,APEI.OQ,,3.0,
2016-06-27,VNDA.OQ,,,147760000
2016-06-29,ADTN.OQ,,,623968500
2016-06-30,LBTYK.OQ,40.0,,
2016-07-13,LBTYK.OQ,,,17368400000
2016-07-13,ADTN.OQ,19.875,,621119600
2016-07-13,LBTYK.OQ,,2.0,17368400000
2016-07-14,ADTN.OQ,19.625,,
2016-07-14,ADTN.OQ,19.625,,616394700
2016-07-19,ADTN.OQ,,,617327450
2016-07-22,VNDA.OQ,,,146980000
2016-07-25,VNDA.OQ,,,146225000
2016-07-28,VNDA.OQ,,,145755000
2016-08-01,VNDA.OQ,17.66667,,
2016-08-02,VNDA.OQ,,,146730000
2016-08-09,APEI.OQ,25.0,,
2016-08-09,LBTYK.OQ,,1.5,
2016-08-09,APEI.OQ,25.0,,312500330
2016-08-09,LBTYK.OQ,44.0,1.5,
2016-08-10,APEI.OQ,,,313715330
2016-08-18,VNDA.OQ,17.25,,146605000
2016-08-18,VNDA.OQ,,,146605000
2016-08-25,VNDA.OQ,19.0,,
2016-08-26,VNDA.OQ,20.0,,
2016-09-10,APEI.OQ,24.33333,3.0,312981000
2016-09-10,APEI.OQ,,3.0,
2016-09-12,ADTN.OQ,,,616394700
2016-10-05,ADTN.OQ,,,616594700
2016-10-06,VNDA.OQ,22.0,,147505000
2016-10-16,LBTYK.OQ,,,17436000000
2016-10-19,ADTN.OQ,19.75,,621980200
2016-10-20,ADTN.OQ,,,625664900
2016-10-20,ADTN.OQ,19.875,,625664900
2016-10-31,ADTN.OQ,,2.6,
2016-11-01,VNDA.OQ,,1.66667,
2016-11-01,VNDA.OQ,21.33333,1.66667,147000000
2016-11-03,VNDA.OQ,22.0,,147033330
2016-11-04,LBTYK.OQ,,,17368400000
2016-11-07,APEI.OQ,20.0,,
2016-11-07,APEI.OQ,20.0,,315991000
2016-11-09,VNDA.OQ,22.5,1.75,
2016-11-09,VNDA.OQ,,1.75,
2016-11-09,VNDA.OQ,22.5,1.75,147504250
2016-11-10,APEI.OQ,,,316216750
2016-11-11,LBTYK.OQ,,,17350100000
2016-12-08,VNDA.OQ,,,147500000
2016-12-19,ADTN.OQ,20.07143,,
2016-12-26,ADTN.OQ,20.375,,
2017-01-05,VNDA.OQ,,,147475000
2017-01-09,VNDA.OQ,,,147200000
2017-01-11,ADTN.OQ,,,662003200
2017-01-13,VNDA.OQ,,,146478750
2017-01-16,LBTYK.OQ,45.0,,17284400000
2017-01-16,LBTYK.OQ,45.0,,14235500000
2017-01-16,LBTYK.OQ,45.0,,
2017-01-18,ADTN.OQ,21.8125,,687762200
2017-01-18,APEI.OQ,21.33333,,
2017-01-19,ADTN.OQ,22.625,,695922200
2017-01-19,ADTN.OQ,22.625,,
2017-02-02,VNDA.OQ,,,168635250
2017-02-02,VNDA.OQ,22.0,,146203750
2017-02-15,VNDA.OQ,22.25,,
2017-02-16,VNDA.OQ,,,168119500
2017-02-23,VNDA.OQ,,,168519500
2017-02-28,APEI.OQ,22.33333,,285953500
2017-02-28,APEI.OQ,22.33333,,
2017-03-01,APEI.OQ,,,287377750
2017-03-02,LBTYK.OQ,,1.5,
2017-03-06,APEI.OQ,,,286377750
2017-03-06,LBTYK.OQ,,,14300300000
2017-03-10,LBTYK.OQ,,2.0,
2017-03-30,VNDA.OQ,,,168525000
2017-04-10,LBTYK.OQ,,,14273400000
2017-04-11,VNDA.OQ,22.0,1.6,
2017-04-11,APEI.OQ,22.0,,
2017-04-11,VNDA.OQ,22.0,1.6,168620000
2017-04-12,ADTN.OQ,,,694655800
2017-04-19,ADTN.OQ,22.375,,697792300
2017-04-20,ADTN.OQ,22.375,2.4,
2017-04-20,ADTN.OQ,,2.4,
2017-04-20,ADTN.OQ,22.375,2.4,702093000
2017-04-24,LBTYK.OQ,42.0,,
2017-04-25,ADTN.OQ,,,704103330
2017-05-02,VNDA.OQ,,,168780000
2017-05-03,VNDA.OQ,,,167403800
2017-05-07,LBTYK.OQ,38.0,,
2017-05-09,APEI.OQ,24.5,,
2017-05-09,APEI.OQ,24.5,,287851250
2017-05-10,APEI.OQ,,,288398250
2017-05-16,APEI.OQ,,,288897670
2017-05-21,LBTYK.OQ,,,14369300000
2017-05-26,VNDA.OQ,21.33333,1.66667,167719830
2017-05-26,VNDA.OQ,,1.66667,
2017-05-26,VNDA.OQ,,1.66667,167719830
2017-06-16,ADTN.OQ,,,702093000
2017-06-27,VNDA.OQ,21.5,,
2017-07-12,LBTYK.OQ,,,14827800000
2017-07-13,VNDA.OQ,,,167553170
2017-07-19,ADTN.OQ,23.25,,709926800
2017-07-20,ADTN.OQ,23.5625,,712647800
2017-07-20,ADTN.OQ,,,712647800
2017-07-24,APEI.OQ,25.5,,289512250
2017-08-03,VNDA.OQ,,,169236500
2017-08-09,APEI.OQ,24.83333,,290372000
2017-08-09,VNDA.OQ,,,170080000
2017-08-10,ADTN.OQ,23.6875,,
2017-08-10,APEI.OQ,23.16667,,291372000
2017-08-10,APEI.OQ,23.16667,,
2017-08-11,APEI.OQ,,,292852250
2017-08-13,LBTYK.OQ,,,14806400000
2017-08-15,APEI.OQ,,,294301330
2017-08-21,APEI.OQ,23.0,,294401500
2017-08-25,VNDA.OQ,21.5,,
2017-09-01,VNDA.OQ,21.83333,,170275000
2017-09-07,VNDA.OQ,,1.6,
2017-09-07,VNDA.OQ,21.4,1.6,170275000
2017-09-07,VNDA.OQ,,1.6,170275000
2017-09-14,VNDA.OQ,22.0,,
2017-09-19,LBTYK.OQ,39.5,1.5,14863250000
2017-09-29,LBTYK.OQ,,1.33333,
2017-09-29,LBTYK.OQ,41.0,1.33333,
2017-09-29,LBTYK.OQ,41.0,1.33333,14876000000
2017-10-09,VNDA.OQ,,,169640000
2017-10-11,ADTN.OQ,,2.44444,
2017-10-11,ADTN.OQ,23.5,2.44444,
2017-10-11,ADTN.OQ,23.5,2.44444,713219780
2017-10-18,ADTN.OQ,,,708323340
2017-10-19,ADTN.OQ,,,701122560
2017-10-19,ADTN.OQ,23.35714,,701122560
2017-10-19,VNDA.OQ,,,169580000
2017-10-29,VNDA.OQ,23.0,,
2017-11-01,LBTYK.OQ,,,14941100000
2017-11-07,APEI.OQ,24.0,,296417000
2017-11-07,APEI.OQ,24.0,,
2017-11-08,VNDA.OQ,,2.0,
2017-11-08,APEI.OQ,,,297243000
2017-11-08,VNDA.OQ,20.16667,2.0,166183330
2017-11-09,LBTYK.OQ,,,15001700000
2017-11-12,VNDA.OQ,20.0,,
2017-11-12,LBTYK.OQ,,,15036600000
2017-11-12,VNDA.OQ,20.0,,165016670
2017-11-14,APEI.OQ,,,298059000
2017-11-14,VNDA.OQ,,,164160000
2017-11-27,APEI.OQ,,,298105500
2017-11-27,APEI.OQ,25.0,,298105500
2017-12-04,APEI.OQ,25.33333,,
2017-12-12,VNDA.OQ,20.4,2.0,164160000
2017-12-12,VNDA.OQ,20.4,2.0,
2017-12-19,ADTN.OQ,22.91667,,
2017-12-20,APEI.OQ,,,296468000
2017-12-28,ADTN.OQ,22.58333,,697166890
2017-12-29,ADTN.OQ,22.64286,,681144450
2018-01-03,ADTN.OQ,22.08333,2.5,678385880
2018-01-03,ADTN.OQ,22.08333,2.5,
2018-01-03,ADTN.OQ,,2.5,
2018-01-07,ADTN.OQ,,,665057400
2018-01-07,VNDA.OQ,,,164360000
2018-01-09,VNDA.OQ,,,164180000
2018-01-12,ADTN.OQ,21.41667,,662366500
2018-01-12,ADTN.OQ,21.41667,,665064500
2018-01-15,ADTN.OQ,,2.375,
2018-01-17,ADTN.OQ,20.875,,651880630
2018-01-17,APEI.OQ,26.66667,,
2018-01-18,ADTN.OQ,19.875,,
2018-01-18,ADTN.OQ,19.875,,635155000
2018-01-19,ADTN.OQ,,,628780000
2018-01-19,LBTYK.OQ,42.33333,,15012500000
2018-01-19,VNDA.OQ,20.33333,2.0,164283330
2018-01-19,LBTYK.OQ,42.33333,,16200700000
2018-01-19,VNDA.OQ,,2.0,164283330
2018-01-19,LBTYK.OQ,42.33333,,
2018-01-19,VNDA.OQ,,2.0,
2018-02-02,VNDA.OQ,20.2,,
2018-02-12,ADTN.OQ,,2.28571,629540000
2018-02-12,ADTN.OQ,,2.28571,
2018-02-13,VNDA.OQ,20.16667,,192680000
2018-02-13,VNDA.OQ,20.16667,,
2018-02-15,VNDA.OQ,20.5,,193160000
2018-02-27,LBTYK.OQ,,,16490550000
2018-02-28,VNDA.OQ,20.66667,,
2018-02-28,APEI.OQ,27.66667,,297718000
2018-02-28,VNDA.OQ,20.66667,,193220000
2018-03-01,APEI.OQ,30.0,,297762500
2018-03-04,APEI.OQ,34.33333,,298462500
2018-03-04,LBTYK.OQ,,,16645050000
2018-03-04,APEI.OQ,,,298462500
2018-03-07,ADTN.OQ,,,629540000
2018-03-19,APEI.OQ,40.66667,,
2018-04-04,ADTN.OQ,19.20833,,621890000
2018-04-12,LBTYK.OQ,42.66667,,
2018-04-17,LBTYK.OQ,,,16646400000
2018-04-18,ADTN.OQ,17.70833,,561705170
2018-04-19,ADTN.OQ,,2.57143,
2018-04-19,ADTN.OQ,17.33333,2.57143,541236170
2018-05-02,LBTYK.OQ,,1.5,
2018-05-02,LBTYK.OQ,,1.5,16646400000
2018-05-03,VNDA.OQ,,,192480000
2018-05-08,APEI.OQ,41.33333,,299414000
2018-05-08,VNDA.OQ,19.6,2.0,191775000
2018-05-08,VNDA.OQ,,,191775000
2018-05-09,APEI.OQ,42.75,2.5,
2018-05-09,APEI.OQ,,2.5,
2018-05-09,APEI.OQ,42.75,2.5,301189000
2018-05-15,APEI.OQ,,,302179670
2018-05-22,VNDA.OQ,,1.83333,
2018-05-22,VNDA.OQ,20.66667,1.83333,
2018-05-27,LBTYK.OQ,,,16428800000
2018-05-28,APEI.OQ,,,302684750
2018-05-28,APEI.OQ,43.25,,302684750
2018-06-11,APEI.OQ,44.25,,
2018-06-20,ADTN.OQ,17.16667,,541304000
2018-06-25,APEI.OQ,44.2,2.6,301787800
2018-06-25,APEI.OQ,,2.6,301787800
2018-06-25,APEI.OQ,,2.6,
2018-07-08,VNDA.OQ,21.0,,192825000
2018-07-09,APEI.OQ,44.6,,
2018-07-10,LBTYK.OQ,,,16408000000
2018-07-18,ADTN.OQ,16.83333,2.71429,536996670
2018-07-18,ADTN.OQ,,2.71429,
2018-07-19,ADTN.OQ,17.0,,536545000
2018-08-01,VNDA.OQ,21.83333,,192725000
2018-08-02,VNDA.OQ,22.33333,,192475000
2018-08-08,APEI.OQ,44.2,,
2018-08-08,APEI.OQ,44.2,,298097600
2018-08-09,APEI.OQ,,2.2,296597600
2018-08-09,APEI.OQ,,,296597600
2018-08-22,VNDA.OQ,22.85714,2.0,192940000
2018-09-03,VNDA.OQ,22.33333,2.0,192800000
2018-09-07,APEI.OQ,,2.2,
2018-09-11,LBTYK.OQ,40.33333,,15861700000
2018-09-12,ADTN.OQ,17.16667,,537778330
2018-09-13,VNDA.OQ,23.42857,1.85714,193440000
2018-09-13,VNDA.OQ,,1.85714,
2018-09-20,VNDA.OQ,23.71429,,193040000
2018-09-20,VNDA.OQ,23.71429,,
2018-10-02,VNDA.OQ,,1.5,
2018-10-02,VNDA.OQ,,1.5,193040000
2018-10-04,LBTYK.OQ,36.5,,13919400000
2018-10-04,LBTYK.OQ,36.5,,
2018-10-12,APEI.OQ,42.0,,
2018-10-14,LBTYK.OQ,,,12151000000
2018-10-15,VNDA.OQ,24.28571,,
2018-10-17,ADTN.OQ,16.83333,,533604830
2018-10-18,ADTN.OQ,,,523970330
2018-10-18,ADTN.OQ,16.66667,,523970330
2018-10-18,ADTN.OQ,,,577293170
2018-10-22,APEI.OQ,40.6,,
2018-10-26,VNDA.OQ,,,192440000
2018-11-06,APEI.OQ,38.8,,296918000
2018-11-07,APEI.OQ,,,297578000
2018-11-07,APEI.OQ,39.4,,297578000
2018-11-07,VNDA.OQ,,,192100000
2018-11-08,VNDA.OQ,24.71429,,191740000
2018-11-08,VNDA.OQ,,,191740000
2018-11-12,VNDA.OQ,27.83333,,
2018-11-15,VNDA.OQ,28.5,,
2018-12-03,VNDA.OQ,,1.33333,
2018-12-03,VNDA.OQ,35.83333,1.33333,
2018-12-06,VNDA.OQ,41.16667,,
2018-12-10,VNDA.OQ,42.5,,
2018-12-11,VNDA.OQ,,1.66667,
2018-12-20,ADTN.OQ,15.83333,,
2019-01-21,APEI.OQ,38.6,,
2019-01-24,ADTN.OQ,15.25,,586176500
2019-01-25,ADTN.OQ,15.25,,601125330
2019-01-29,ADTN.OQ,,2.85714,
2019-01-29,VNDA.OQ,41.66667,,
2019-02-04,LBTYK.OQ,,,11763000000
2019-02-04,LBTYK.OQ,,,12087000000
2019-02-06,VNDA.OQ,39.5,1.83333,
2019-02-06,VNDA.OQ,,1.83333,
2019-02-07,VNDA.OQ,,,232520000
2019-02-07,VNDA.OQ,,,191620000
2019-02-14,VNDA.OQ,35.0,,
2019-02-14,LBTYK.OQ,,2.0,
2019-02-14,VNDA.OQ,35.0,,221820000
2019-03-12,APEI.OQ,38.4,,300610000
2019-03-13,APEI.OQ,38.8,,
2019-03-13,APEI.OQ,38.8,,298430000
2019-03-14,APEI.OQ,,,296910000
2019-03-19,APEI.OQ,,,295524250
2019-03-20,APEI.OQ,38.4,,295653400
2019-03-29,ADTN.OQ,,2.85714,
2019-04-16,LBTYK.OQ,,2.5,
2019-04-18,ADTN.OQ,15.75,,604770500
2019-04-22,ADTN.OQ,16.7,,608836830
2019-04-22,ADTN.OQ,16.7,,
2019-04-23,ADTN.OQ,,,613444200
2019-04-23,VNDA.OQ,,,221360000
2019-04-30,LBTYK.OQ,34.0,,11732000000
2019-04-30,LBTYK.OQ,34.0,,
2019-05-02,VNDA.OQ,29.83333,2.16667,220436000
2019-05-02,VNDA.OQ,,2.16667,
2019-05-05,VNDA.OQ,29.33333,,219296000
2019-05-05,VNDA.OQ,29.33333,,
2019-05-06,LBTYK.OQ,,,11701000000
2019-05-08,APEI.OQ,36.0,,292801600
2019-05-09,APEI.OQ,35.0,,291809800
2019-05-10,APEI.OQ,34.4,,289955800
2019-05-10,LBTYK.OQ,32.5,2.0,
2019-05-10,APEI.OQ,,,289955800
2019-05-10,LBTYK.OQ,32.5,,
2019-06-03,ADTN.OQ,16.9,,612703500
2019-06-26,APEI.OQ,32.0,,
2019-07-18,ADTN.OQ,16.3,,600517170
2019-07-19,ADTN.OQ,14.0,,575795670
2019-07-22,VNDA.OQ,,,219556000
2019-07-24,VNDA.OQ,27.83333,,
2019-07-24,VNDA.OQ,27.83333,2.5,
2019-07-29,APEI.OQ,34.4,,289315800
2019-07-31,APEI.OQ,,2.0,
2019-07-31,VNDA.OQ,,2.16667,
2019-07-31,APEI.OQ,35.25,2.0,289135250
2019-07-31,VNDA.OQ,,2.16667,221956000
2019-08-01,VNDA.OQ,,,223496000
2019-08-07,APEI.OQ,32.25,,
2019-08-07,APEI.OQ,32.25,,283060250
2019-08-07,LBTYK.OQ,,,11564000000
2019-08-08,APEI.OQ,,2.5,
2019-08-08,APEI.OQ,,2.5,281075250
2019-09-13,LBTYK.OQ,,1.5,
2019-10-08,APEI.OQ,31.5,,
2019-10-10,ADTN.OQ,11.5,3.0,551090330
2019-10-10,ADTN.OQ,,3.0,
2019-10-11,ADTN.OQ,11.3,,
2019-10-11,ADTN.OQ,11.3,,542200500
2019-10-15,ADTN.OQ,,,525550750
2019-10-16,VNDA.OQ,,,223696000
2019-10-18,VNDA.OQ,28.2,2.0,224800000
2019-10-18,VNDA.OQ,28.2,2.0,
2019-10-18,VNDA.OQ,28.2,,
2019-10-31,ADTN.OQ,,,525500600
2019-11-01,ADTN.OQ,10.65,,525895670
2019-11-04,ADTN.OQ,10.55,,
2019-11-04,ADTN.OQ,10.55,,525912330
2019-11-06,ADTN.OQ,,,511214000
2019-11-06,ADTN.OQ,,,525854800
2019-11-06,LBTYK.OQ,,,11402000000
2019-11-06,VNDA.OQ,,,225200000
2019-11-07,VNDA.OQ,,2.4,
2019-11-07,VNDA.OQ,,2.4,225225000
2019-11-08,VNDA.OQ,,,225725000
2019-11-13,APEI.OQ,30.33333,,283547250
2019-11-13,APEI.OQ,30.33333,,
2019-11-14,APEI.OQ,,,284747250
2019-11-17,APEI.OQ,30.66667,,
2019-11-17,APEI.OQ,30.66667,,285258250
2019-11-21,LBTYK.OQ,31.5,,
2020-01-23,VNDA.OQ,,,225800000
2020-02-06,ADTN.OQ,10.4,,
2020-02-06,ADTN.OQ,10.4,,510834000
2020-02-06,VNDA.OQ,26.5,,
2020-02-07,ADTN.OQ,,,510741800
2020-02-10,ADTN.OQ,,,506621170
2020-02-12,LBTYK.OQ,28.5,,
2020-02-13,LBTYK.OQ,,,11683000000
2020-02-25,VNDA.OQ,27.6,,255750000
2020-02-26,VNDA.OQ,,,245525000
2020-02-26,VNDA.OQ,20.2,,245525000
2020-02-27,APEI.OQ,,,292359500
2020-02-27,APEI.OQ,,,285683250
2020-03-11,APEI.OQ,24.66667,,294948750
2020-03-11,VNDA.OQ,19.2,2.0,
2020-03-16,VNDA.OQ,18.2,2.4,247775000
2020-03-16,VNDA.OQ,,2.4,247775000
2020-03-16,VNDA.OQ,,2.4,
2020-03-22,ADTN.OQ,9.8,,
2020-03-22,ADTN.OQ,9.8,,500237830
2020-03-25,VNDA.OQ,15.0,,
2020-03-26,ADTN.OQ,,2.85714,
2020-03-27,ADTN.OQ,,2.71429,
2020-04-17,ADTN.OQ,,2.57143,
2020-04-17,ADTN.OQ,,2.57143,502886170
2020-04-22,APEI.OQ,25.5,2.33333,292691670
2020-05-03,LBTYK.OQ,26.5,,11111000000
2020-05-06,VNDA.OQ,,,247875000
2020-05-07,ADTN.OQ,10.8,,504052830
2020-05-07,VNDA.OQ,,,248075000
2020-05-08,ADTN.OQ,12.7,,495288500
2020-05-10,VNDA.OQ,,,247800000
2020-05-11,ADTN.OQ,,,500488500
2020-05-11,ADTN.OQ,13.6,,500488500
2020-05-12,APEI.OQ,32.66667,,305738670
2020-05-12,APEI.OQ,32.66667,1.66667,305738670
2020-05-28,LBTYK.OQ,29.5,,11097000000
2020-05-29,VNDA.OQ,17.0,,249600000
2020-05-29,APEI.OQ,,2.33333,
2020-05-29,VNDA.OQ,17.0,1.75,249600000
2020-06-08,ADTN.OQ,13.8,,
2020-06-09,VNDA.OQ,,2.25,
2020-06-18,LBTYK.OQ,,2.0,
2020-07-10,VNDA.OQ,18.33333,2.0,249400000
2020-07-10,VNDA.OQ,18.33333,2.0,
2020-07-10,VNDA.OQ,18.33333,,
2020-08-06,ADTN.OQ,,,500988500
2020-08-06,VNDA.OQ,,,251050000
2020-08-07,ADTN.OQ,13.9,,500230830
2020-08-07,ADTN.OQ,13.9,,
2020-08-10,ADTN.OQ,,,502680830
2020-08-11,APEI.OQ,37.33333,,
2020-08-11,APEI.OQ,37.33333,,314100000
2020-08-12,LBTYK.OQ,,,11509000000
2020-08-12,LBTYK.OQ,31.0,,11509000000
2020-10-19,APEI.OQ,,,313666670
2020-10-28,VNDA.OQ,,,247150000
2020-10-29,APEI.OQ,36.0,,315833330
2020-10-29,VNDA.OQ,,1.33333,247300000
2020-11-02,APEI.OQ,36.66667,1.66667,317933330
2020-11-02,APEI.OQ,,1.66667,
2020-11-03,ADTN.OQ,,,502580830
2020-11-04,ADTN.OQ,15.1,2.28571,504141200
2020-11-04,ADTN.OQ,,2.28571,504141200
2020-11-04,ADTN.OQ,,2.28571,548068000
2020-11-10,APEI.OQ,38.33333,,319458670
2020-11-23,LBTYK.OQ,32.0,,
2020-12-03,VNDA.OQ,19.0,,
2020-12-08,ADTN.OQ,15.5,,
2020-12-17,APEI.OQ,40.0,1.75,319794000
2020-12-17,APEI.OQ,,1.75,
2020-12-31,VNDA.OQ,16.0,,279400000
2020-12-31,VNDA.OQ,16.0,,244500000
2020-12-31,VNDA.OQ,16.0,1.0,244500000
2021-01-14,VNDA.OQ,,2.0,
2021-01-24,LBTYK.OQ,,,11827000000
2021-01-24,LBTYK.OQ,,,14006000000
2021-02-04,ADTN.OQ,16.3,,
2021-02-05,ADTN.OQ,18.58333,2.14286,554573250
2021-02-05,ADTN.OQ,18.58333,,
2021-02-11,VNDA.OQ,,,283400000
2021-02-11,VNDA.OQ,18.0,,283400000
2021-02-15,VNDA.OQ,21.0,,
2021-03-03,APEI.OQ,39.5,,410925000
2021-03-03,APEI.OQ,39.5,,320694000
2021-03-05,ADTN.OQ,,2.16667,554573250
2021-03-05,ADTN.OQ,,2.16667,
2021-03-08,ADTN.OQ,18.9,,
2021-03-10,APEI.OQ,40.0,,
2021-03-10,APEI.OQ,40.0,,419687500
2021-03-15,ADTN.OQ,19.1,,
2021-03-17,APEI.OQ,,1.6,405950000
2021-03-18,VNDA.OQ,24.0,1.0,
2021-04-06,APEI.OQ,40.6,1.66667,415886000
2021-04-06,APEI.OQ,,1.66667,415886000
2021-04-06,APEI.OQ,,1.66667,
2021-04-07,ADTN.OQ,20.2,,
2021-04-09,APEI.OQ,41.0,,
2021-04-14,LBTYK.OQ,,,14288000000
2021-04-28,ADTN.OQ,,,555388500
2021-05-06,ADTN.OQ,21.83333,2.14286,
2021-05-06,ADTN.OQ,21.83333,2.14286,556965600
2021-05-06,ADTN.OQ,21.83333,,
2021-05-07,ADTN.OQ,,,559060500
2021-05-11,APEI.OQ,40.2,,398422670
2021-05-12,VNDA.OQ,,1.0,
2021-05-12,VNDA.OQ,23.0,1.0,282925000
2021-05-14,ADTN.OQ,,1.85714,
2021-05-17,ADTN.OQ,,2.0,
2021-05-18,ADTN.OQ,22.16667,,
2021-06-11,APEI.OQ,39.2,,
2021-06-11,APEI.OQ,39.2,,396402330
2021-06-23,BFLY.N,20.0,2.0,
2021-06-23,BFLY.N,20.0,2.0,76000000
2021-06-23,BFLY.N,,2.0,76000000
2021-06-23,BFLY.N,,2.0,
2021-07-13,ADTN.OQ,22.33333,,
2021-07-28,VNDA.OQ,24.0,,283765000
2021-07-28,VNDA.OQ,24.0,,
2021-07-29,VNDA.OQ,,,283715000
2021-08-05,ADTN.OQ,22.5,,559235500
2021-08-06,ADTN.OQ,25.0,1.85714,563860670
2021-08-06,APEI.OQ,,,385319000
2021-08-06,ADTN.OQ,,1.85714,563860670
2021-08-10,APEI.OQ,36.6,,357627830
2021-08-10,APEI.OQ,36.6,,
2021-08-31,ADTN.OQ,25.41667,,
2021-09-03,APEI.OQ,,,388127830
2021-09-07,APEI.OQ,,,402794500
2021-10-04,LBTYK.OQ,,1.5,
2021-10-04,LBTYK.OQ,37.5,1.5,12385450000
2021-10-04,LBTYK.OQ,37.5,1.5,
2021-10-12,ADTN.OQ,,1.83333,
2021-10-12,ADTN.OQ,,1.83333,563860670
2021-10-18,ADTN.OQ,24.5,,547233330
2021-10-18,APEI.OQ,36.0,1.8,405233400
2021-10-18,LBTYK.OQ,,,10482900000
2021-10-18,APEI.OQ,36.0,1.8,
2021-11-02,LBTYK.OQ,41.5,,10533450000
2021-11-02,LBTYK.OQ,41.5,,7786000000
2021-11-02,LBTYK.OQ,41.5,,
2021-11-03,ADTN.OQ,,,550117250
2021-11-03,ADTN.OQ,24.66667,,550117250
2021-11-03,VNDA.OQ,,,271255000
2021-11-04,ADTN.OQ,24.66667,2.0,
2021-11-04,ADTN.OQ,,2.0,
2021-11-09,APEI.OQ,,,417378800
2021-11-15,ADTN.OQ,26.33333,,
2021-11-15,BFLY.N,12.0,,
2021-11-19,VNDA.OQ,24.0,,
2021-11-23,VNDA.OQ,,,270720000
2021-11-23,VNDA.OQ,,,313620000
2021-11-29,ADTN.OQ,26.66667,,
2021-12-16,BFLY.N,,2.5,
2021-12-16,BFLY.N,9.5,2.5,
2021-12-16,BFLY.N,9.5,2.5,60080000
2021-12-21,APEI.OQ,37.33333,1.5,615456000
2021-12-21,APEI.OQ,37.33333,1.5,416898500
2021-12-21,APEI.OQ,,1.5,
2022-01-18,ADTN.OQ,,,631431000
2022-02-03,ADTN.OQ,,2.0,
2022-02-03,ADTN.OQ,26.6,2.0,638874670
2022-02-04,ADTN.OQ,,,658809670
2022-02-04,ADTN.OQ,26.8,,658809670
2022-02-04,VNDA.OQ,22.0,,
2022-02-06,ADTN.OQ,28.5,,
2022-02-23,ADTN.OQ,27.0,2.14286,661150500
2022-02-23,ADTN.OQ,27.0,,661150500
2022-02-23,ADTN.OQ,27.0,,
2022-02-25,VNDA.OQ,14.0,2.0,269000000
2022-02-28,BFLY.N,8.75,,83525000
2022-03-03,ADTN.OQ,,2.33333,
2022-03-03,APEI.OQ,30.66667,,625535000
2022-03-22,VNDA.OQ,12.0,3.0,265100000
2022-03-22,VNDA.OQ,,3.0,265100000
2022-03-22,VNDA.OQ,,3.0,
2022-03-28,ADTN.OQ,,,661150500
2022-04-07,ADTN.OQ,27.25,,
2022-04-11,ADTN.OQ,26.8,2.28571,661700400
2022-04-11,ADTN.OQ,,2.28571,661700400
2022-04-11,ADTN.OQ,,2.28571,
2022-04-27,BFLY.N,,2.0,
2022-04-27,BFLY.N,12.0,2.0,84500000
2022-05-04,ADTN.OQ,26.8,,
2022-05-05,ADTN.OQ,,,664000400
2022-05-06,ADTN.OQ,26.6,,679244000
2022-05-06,VNDA.OQ,10.0,,
2022-05-11,APEI.OQ,27.33333,,620353750
2022-05-11,BFLY.N,7.0,,83000000
2022-05-11,APEI.OQ,27.33333,,
2022-05-18,APEI.OQ,,,618790500
2022-06-14,LBTYK.OQ,,2.0,
2022-07-11,ADTN.OQ,28.75,2.16667,678830000
2022-07-14,ADTN.OQ,28.6,2.14286,679304000
2022-07-14,ADTN.OQ,,2.14286,
2022-07-18,APEI.OQ,23.66667,,
2022-07-31,LBTYK.OQ,,,7143000000
2022-07-31,LBTYK.OQ,,3.0,7143000000
2022-08-03,VNDA.OQ,,,264900000
2022-08-04,ADTN.OQ,29.3,,745924000
2022-08-05,ADTN.OQ,28.41667,,1018680500
2022-08-08,ADTN.OQ,,,1019738600
2022-08-08,ADTN.OQ,28.91667,,1019738600
2022-08-10,APEI.OQ,18.66667,,605735500
2022-08-10,APEI.OQ,18.66667,,
2022-08-29,VNDA.OQ,11.0,,273800000
2022-08-29,VNDA.OQ,11.0,,
2022-09-07,ADTN.OQ,28.5,,
2022-09-12,ADTN.OQ,,2.25,
2022-09-13,ADTN.OQ,,2.33333,1019916500
2022-09-14,LBTYK.OQ,40.0,,
2022-09-16,LBTYK.OQ,,4.0,
2022-09-23,APEI.OQ,,,604885500
2022-09-26,ADTN.OQ,,2.125,
2022-09-26,ADTN.OQ,30.4,2.125,1020154330
2022-10-03,BFLY.N,8.25,2.0,83250000
2022-10-03,BFLY.N,,2.0,
2022-10-05,APEI.OQ,,,605463750
2022-11-03,BFLY.N,6.75,,74250000
2022-11-03,VNDA.OQ,,,257500000
2022-11-08,ADTN.OQ,30.4,,1024221000
2022-11-08,APEI.OQ,,,606013750
2022-11-08,ADTN.OQ,30.4,,
2022-11-09,ADTN.OQ,,,1033955330
2022-11-09,APEI.OQ,,,606622500
2022-11-28,BFLY.N,6.0,1.66667,
2022-11-28,ADTN.OQ,29.4,,
2022-11-28,BFLY.N,6.0,1.66667,74338000
2023-02-08,ADTN.OQ,29.4,,
2023-02-08,VNDA.OQ,7.0,,250500000
2023-02-08,VNDA.OQ,7.0,,
2023-02-10,VNDA.OQ,,,247600000
2023-02-21,ADTN.OQ,,,1544219170
2023-02-22,ADTN.OQ,27.6,,1543117500
2023-02-22,LBTYK.OQ,25.0,3.0,
2023-02-22,ADTN.OQ,,,1543117500
2023-02-22,LBTYK.OQ,25.0,,
2023-02-23,ADTN.OQ,27.6,,
2023-02-28,BFLY.N,,,88114000
2023-03-01,APEI.OQ,20.0,1.33333,624366670
2023-03-01,APEI.OQ,20.0,1.33333,606496670
2023-03-01,BFLY.N,,,87700670
2023-03-02,ADTN.OQ,,2.0,1541357860
2023-03-02,ADTN.OQ,26.66667,2.0,1541357860
2023-03-02,ADTN.OQ,,2.0,
2023-03-14,LBTYK.OQ,,2.0,
2023-03-15,APEI.OQ,12.0,2.0,616366670
2023-03-15,APEI.OQ,12.0,2.0,
2023-03-21,ADTN.OQ,25.66667,,
2023-03-28,BFLY.N,5.0625,2.0,87875500
2023-03-28,BFLY.N,,2.0,
2023-03-28,BFLY.N,5.0625,2.0,
2023-04-11,ADTN.OQ,24.5,,1517400710
2023-04-12,ADTN.OQ,21.33333,2.11111,1482115000
2023-04-12,APEI.OQ,,,608533330
2023-04-27,ADTN.OQ,19.4,2.125,1469213170
2023-04-29,ADTN.OQ,,2.14286,
2023-04-29,ADTN.OQ,18.0,2.14286,1458244000
2023-05-09,ADTN.OQ,17.0,,1426388600
2023-05-10,ADTN.OQ,13.75,,1352528600
2023-05-10,APEI.OQ,,,595529670
2023-05-10,VNDA.OQ,,,211900000
2023-05-11,BFLY.N,,,85135500
2023-05-12,BFLY.N,4.4375,,79391500
2023-05-12,BFLY.N,4.4375,,
2023-05-17,BFLY.N,,,77641500
2023-05-25,LBTYK.OQ,,2.5,7284000000
2023-05-26,APEI.OQ,,2.25,
2023-05-26,APEI.OQ,,2.25,595316000
2023-05-26,APEI.OQ,10.0,2.25,595316000
2023-07-27,VNDA.OQ,,,198700000
2023-08-03,BFLY.N,3.9375,,70461500
2023-08-04,APEI.OQ,8.66667,,
2023-08-04,BFLY.N,3.5,,64970500
2023-08-08,ADTN.OQ,12.5,,1301568600
2023-08-08,APEI.OQ,,,595424750
2023-08-09,ADTN.OQ,11.0,,1230851600
2023-08-09,APEI.OQ,8.0,,597728250
2023-08-09,APEI.OQ,8.0,,
2023-08-17,LBTYK.OQ,,,7364000000
2023-08-17,LBTYK.OQ,,3.0,7364000000
2023-09-10,LBTYK.OQ,,2.5,
2023-10-11,VNDA.OQ,5.4,,
2023-10-17,ADTN.OQ,10.0,,1223711600
2023-10-24,BFLY.N,3.375,,64670500
2023-11-01,LBTYK.OQ,,3.0,7311000000
2023-11-01,LBTYK.OQ,,3.0,
2023-11-03,BFLY.N,2.875,,64506000
2023-11-07,ADTN.OQ,8.7,,1206391600
2023-11-07,APEI.OQ,,,598450750
2023-11-08,ADTN.OQ,7.9,,1151924200
2023-11-08,APEI.OQ,,,598350750
2023-11-08,ADTN.OQ,,,1151924200
2023-11-09,VNDA.OQ,4.25,,
2023-11-09,APEI.OQ,,,598310250
2023-11-09,VNDA.OQ,4.25,,184400000
2023-11-17,BFLY.N,2.66667,2.0,64541330
2023-11-20,ADTN.OQ,,2.42857,
2023-12-15,ADTN.OQ,8.1,,
2024-02-01,APEI.OQ,8.66667,,
2024-02-07,VNDA.OQ,,,188000000
2024-02-10,BFLY.N,3.375,,
2024-02-10,BFLY.N,3.375,1.5,64682000
2024-02-10,BFLY.N,3.375,1.5,
2024-02-13,ADTN.OQ,8.625,2.33333,1152750000
2024-02-13,LBTYK.OQ,23.0,,7388000000
2024-02-13,ADTN.OQ,,2.33333,
2024-02-13,ADTN.OQ,8.625,2.33333,1014650000
2024-02-13,LBTYK.OQ,23.0,,7431000000
2024-02-27,ADTN.OQ,8.5,,999025000
2024-02-28,ADTN.OQ,8.25,,998325000
2024-02-28,BFLY.N,,,75917000
2024-02-28,ADTN.OQ,8.25,,
2024-02-29,BFLY.N,,,72854500
2024-03-05,APEI.OQ,11.66667,,615225000
2024-03-06,APEI.OQ,,,614125000
2024-03-06,ADTN.OQ,,,998325000
2024-03-06,APEI.OQ,15.0,,614125000
2024-03-22,APEI.OQ,15.66667,,
2024-03-28,BFLY.N,,1.5,
2024-04-03,VNDA.OQ,5.25,,194500000
2024-04-28,VNDA.OQ,5.21,2.0,194500000
2024-04-29,LBTYK.OQ,,4.0,
2024-04-29,LBTYK.OQ,,4.0,7169000000
2024-04-30,APEI.OQ,16.0,,
2024-05-01,BFLY.N,,,74104500
2024-05-02,BFLY.N,,,76335000
2024-05-03,LBTYK.OQ,24.0,2.5,7645200000
2024-05-03,LBTYK.OQ,24.0,,7645200000
2024-05-07,ADTN.OQ,,,989950000
2024-05-08,ADTN.OQ,7.5,2.16667,942575000
2024-05-08,APEI.OQ,20.66667,,623106750
2024-05-08,ADTN.OQ,7.5,2.16667,
2024-05-08,ADTN.OQ,,2.16667,
2024-05-31,LBTYK.OQ,,1.0,
2024-07-11,VNDA.OQ,8.105,2.0,219570000
2024-07-11,VNDA.OQ,8.105,2.0,
2024-07-24,VNDA.OQ,,,207345000
2024-07-28,LBTYK.OQ,25.0,,
2024-07-29,LBTYK.OQ,,2.5,7607900000
2024-07-29,LBTYK.OQ,,,7607900000
2024-07-31,VNDA.OQ,7.40333,2.33333,204196670
2024-07-31,VNDA.OQ,,2.33333,
2024-08-01,VNDA.OQ,8.07,,
2024-08-01,VNDA.OQ,8.07,,199181670
2024-08-02,BFLY.N,,,78385000
2024-08-05,BFLY.N,3.0,,
2024-08-06,ADTN.OQ,,,937175000
2024-08-07,ADTN.OQ,7.0,,917931000
2024-08-07,APEI.OQ,20.0,,623281750
2024-08-07,VNDA.OQ,,,201522500
2024-08-07,ADTN.OQ,,,917931000
2024-08-12,APEI.OQ,18.33333,,622531750
2024-08-12,APEI.OQ,,,622531750
2024-08-21,ADTN.OQ,,2.33333,
2024-09-10,BFLY.N,3.0,1.66667,78556670
2024-09-10,BFLY.N,,1.66667,78556670
2024-09-10,BFLY.N,,1.66667,
2024-09-17,BFLY.N,3.0,,
2024-09-19,LBTYK.OQ,,2.0,
2024-10-07,ADTN.OQ,7.0,,
2024-10-30,LBTYK.OQ,28.0,,
2024-10-30,LBTYK.OQ,28.0,,7622200000
2024-10-31,VNDA.OQ,,2.25,
2024-10-31,VNDA.OQ,10.5525,2.25,198327000
2024-11-01,BFLY.N,3.25,,80213330
2024-11-01,BFLY.N,3.25,,
2024-11-03,LBTYK.OQ,,,7639700000
2024-11-03,LBTYK.OQ,,,7400000000
2024-11-04,BFLY.N,,,80713330
2024-11-06,VNDA.OQ,10.4275,,
2024-11-06,APEI.OQ,19.33333,,
2024-11-06,VNDA.OQ,10.4275,,198560330
2024-11-07,ADTN.OQ,8.375,,918858000
2024-11-08,ADTN.OQ,9.75,2.16667,917108000
2024-11-08,VNDA.OQ,,,199444000
2024-11-13,APEI.OQ,23.0,,622325000
2024-12-11,LBTYK.OQ,,2.5,
2024-12-13,ADTN.OQ,9.6,2.28571,917086400
2024-12-13,ADTN.OQ,,2.28571,917086400
2024-12-19,ADTN.OQ,9.8,,
2024-12-23,APEI.OQ,22.0,2.33333,622333330
2024-12-23,APEI.OQ,22.0,2.33333,648456670
2025-01-01,BFLY.N,3.75,,
2025-01-08,ADTN.OQ,,2.25,917018670
2025-01-08,ADTN.OQ,10.66667,2.25,917018670
2025-01-08,BFLY.N,4.41667,,81246670
2025-01-15,VNDA.OQ,,,199444000
2025-01-16,VNDA.OQ,,2.33333,
2025-01-21,BFLY.N,4.83333,,81670000
2025-01-22,ADTN.OQ,11.5,,
2025-02-13,VNDA.OQ,10.3025,,
2025-02-13,VNDA.OQ,10.3025,,277570330
2025-02-14,VNDA.OQ,,,226190330
2025-02-18,VNDA.OQ,10.8025,,222857000
2025-02-18,VNDA.OQ,,,222857000
2025-02-20,LBTYK.OQ,16.0,,5813750000
2025-02-20,LBTYK.OQ,16.0,,
2025-02-21,ADTN.OQ,,2.42857,
2025-02-21,ADTN.OQ,12.0,2.42857,1017365000
2025-02-21,ADTN.OQ,12.0,2.42857,917676000
2025-02-22,LBTYK.OQ,,,4301250000
2025-02-27,ADTN.OQ,12.6,,1023465000
2025-02-28,ADTN.OQ,13.2,,1025214400
2025-02-28,BFLY.N,5.0,,99566670
2025-02-28,ADTN.OQ,13.2,,
2025-02-28,BFLY.N,5.0,,
2025-03-03,BFLY.N,,,98000000
2025-03-07,APEI.OQ,24.0,1.66667,655022340
2025-03-07,APEI.OQ,,,655022340
2025-03-10,ADTN.OQ,,,1035268000
2025-03-17,BFLY.N,,1.5,97745000
2025-03-17,BFLY.N,,1.5,
2025-03-28,APEI.OQ,25.33333,1.75,
2025-04-25,APEI.OQ,26.5,1.8,654016750
2025-04-25,APEI.OQ,,1.8,
2025-04-25,APEI.OQ,26.5,1.8,
2025-04-29,VNDA.OQ,12.66667,,
2025-05-01,APEI.OQ,,,654050200
2025-05-02,BFLY.N,4.5,,97665000
2025-05-03,LBTYK.OQ,,,4460250000
2025-05-05,BFLY.N,4.16667,,97415000
2025-05-07,LBTYK.OQ,,,4784700000
2025-05-07,VNDA.OQ,,,223857000
2025-05-08,ADTN.OQ,12.4,,1026774400
2025-05-08,VNDA.OQ,,,227041000
2025-05-09,ADTN.OQ,12.0,,1030113600
2025-05-09,ADTN.OQ,12.0,,
2025-05-12,APEI.OQ,27.25,,654781600
2025-05-13,APEI.OQ,32.0,,655935600
2025-05-14,VNDA.OQ,,,227721330
2025-05-22,APEI.OQ,32.6,1.83333,656896340
2025-06-18,APEI.OQ,33.16667,1.85714,656921720
2025-06-18,APEI.OQ,,1.85714,656921720
2025-06-18,APEI.OQ,,1.85714,
2025-07-01,BFLY.N,3.875,1.6,97232000
2025-07-07,ADTN.OQ,,2.5,
2025-07-07,ADTN.OQ,,2.5,1028761330
2025-07-14,APEI.OQ,34.0,,
2025-07-17,ADTN.OQ,,,1041601000
2025-07-25,VNDA.OQ,12.66667,,
2025-07-30,APEI.OQ,34.83333,,
2025-07-31,VNDA.OQ,,,225113670
2025-08-01,BFLY.N,3.5,2.0,93782400
2025-08-01,BFLY.N,,2.0,
2025-08-03,LBTYK.OQ,,,4813600000
2025-08-04,BFLY.N,3.25,,91662400
2025-08-05,ADTN.OQ,,,1046617670
2025-08-06,ADTN.OQ,,,1065360500
2025-08-06,APEI.OQ,35.0,,
2025-08-07,APEI.OQ,,,656356430
2025-08-07,APEI.OQ,35.83333,,656356430
2025-08-11,APEI.OQ,36.5,,
2025-08-12,VNDA.OQ,,,224977000
2025-08-29,BFLY.N,3.16667,1.75,91325000
2025-08-29,BFLY.N,3.16667,1.75,
2025-08-29,BFLY.N,,1.75,
2025-09-08,APEI.OQ,,1.875,656427250
2025-09-08,APEI.OQ,37.0,1.875,656427250
2025-09-08,APEI.OQ,,1.875,
2025-09-17,ADTN.OQ,12.66667,2.44444,1065203000
2025-09-17,ADTN.OQ,,2.44444,
2025-09-23,APEI.OQ,37.57143,,
2025-09-25,APEI.OQ,38.71429,,
2025-10-15,APEI.OQ,,,648450500
2025-10-29,VNDA.OQ,12.0,,
2025-10-29,VNDA.OQ,12.0,,221277000
2025-10-31,BFLY.N,,,91575000
2025-11-03,BFLY.N,,,91525000
2025-11-03,BFLY.N,3.58333,,91525000
2025-11-03,VNDA.OQ,,,218363000
2025-11-04,VNDA.OQ,,2.25,
2025-11-04,ADTN.OQ,12.66667,,
2025-11-04,LBTYK.OQ,15.0,,
2025-11-04,VNDA.OQ,,2.25,218272250
2025-11-04,ADTN.OQ,12.66667,,1069805710
2025-11-04,LBTYK.OQ,15.0,,4778050000
2025-11-04,VNDA.OQ,11.75,2.25,218272250
2025-11-05,ADTN.OQ,,,1072046710
2025-11-06,ADTN.OQ,12.58079,2.3,1072290880
2025-11-06,APEI.OQ,,,644088000
2025-11-06,ADTN.OQ,,2.3,
2025-11-06,ADTN.OQ,12.58079,2.3,
2025-11-10,APEI.OQ,,,642488000
2025-11-11,APEI.OQ,40.0,,642242000
2025-11-11,APEI.OQ,,,642242000
2025-11-19,BFLY.N,3.91667,,
2025-11-20,APEI.OQ,40.42857,,
2025-11-21,APEI.OQ,41.0,,
2025-12-22,BFLY.N,,,95000000
2025-12-22,LBTYK.OQ,,,4863100000
2025-12-23,LBTYK.OQ,,1.0,
2025-12-29,ADTN.OQ,,,1072290880
2025-12-30,BFLY.N,4.1875,1.8,
2025-12-30,BFLY.N,4.1875,1.8,94214000
2025-12-30,VNDA.OQ,13.125,,
2025-12-30,BFLY.N,,1.8,
2026-01-05,VNDA.OQ,13.625,,
2026-01-08,ADTN.OQ,12.17758,,
2026-01-12,BFLY.N,,,91510000
2026-01-20,BFLY.N,,,91630000
2026-01-21,BFLY.N,4.6875,,91830000
2026-01-21,BFLY.N,,,91830000
2026-01-22,ADTN.OQ,,,1074415880
2026-01-22,ADTN.OQ,,,1165283000
2026-01-27,APEI.OQ,42.85714,,
2026-01-28,APEI.OQ,44.28571,,
2026-01-30,APEI.OQ,45.28571,,
2026-02-04,APEI.OQ,46.0,,
2026-02-09,BFLY.N,5.0625,,
2026-02-11,VNDA.OQ,,,259525000
2026-02-12,VNDA.OQ,,,267375000
2026-02-17,VNDA.OQ,,,253950000
2026-02-18,APEI.OQ,46.71429,,
2026-02-23,ADTN.OQ,12.58079,,
2026-02-23,ADTN.OQ,12.58079,,1075736500
2026-02-23,VNDA.OQ,14.125,,
2026-02-24,VNDA.OQ,14.875,,257425000
2026-02-26,ADTN.OQ,13.58079,,1171104000
2026-02-26,BFLY.N,5.4375,,111620000
2026-02-27,ADTN.OQ,13.72364,2.4,1181551880
2026-03-02,BFLY.N,5.5625,,116620000
2026-03-02,BFLY.N,5.5625,,
2026-03-04,APEI.OQ,48.28571,,
2026-03-05,BFLY.N,,,118675000
2026-03-05,VNDA.OQ,15.5,2.2,257108000
2026-03-12,APEI.OQ,50.0,,689173250
2026-03-13,APEI.OQ,56.42857,,690031130
2026-03-13,APEI.OQ,,,690031130
2026-03-25,APEI.OQ,57.42857,,
2014-08-05,LINC.OQ,,2.66667,
2014-08-07,LINC.OQ,3.75,,
2014-10-29,MTX.N,81.6,,
2014-10-31,MTX.N,,2.0,1737240000
2014-10-31,MTX.N,,2.0,
2014-11-06,LINC.OQ,,,329625670
2015-01-16,MTX.N,80.6,,
2015-01-28,MTX.N,79.6,,1735380000
2015-01-28,MTX.N,79.6,,2141983330
2015-02-02,MTX.N,79.8,,2051983360
2015-02-02,MTX.N,79.8,,
2015-02-10,MTX.N,,,2033600020
2015-02-18,LINC.OQ,,,329642000
2015-02-20,MTX.N,77.25,,
2015-02-20,MTX.N,77.25,2.16667,
2015-03-04,MTX.N,,2.16667,
2015-03-10,LINC.OQ,3.25,,327164000
2015-03-10,LINC.OQ,3.25,,
2015-03-11,LINC.OQ,,,327166670
2015-03-12,LINC.OQ,,,318158000
2015-03-20,LINC.OQ,,,318166670
2015-03-20,MTX.N,78.33333,,
2015-04-22,MTX.N,,,2031500010
2015-04-23,LINC.OQ,,2.5,
2015-04-23,LINC.OQ,,2.5,317250000
2015-04-27,MTX.N,79.0,,1991833330
2015-04-27,MTX.N,79.0,,
2015-04-30,MTX.N,,,1965640000
2015-05-03,MTX.N,,,1970366670
2015-05-13,LINC.OQ,3.0,,
2015-05-13,LINC.OQ,3.0,,317000000
2015-06-03,LINC.OQ,,,314000000
2015-06-26,MTX.N,,,1970383330
2015-07-01,MTX.N,,,1971950000
2015-07-20,MTX.N,,,1972250000
2015-08-06,LINC.OQ,2.5,,307056500
2015-08-06,MTX.N,,,1969433330
2015-08-07,MTX.N,,,1950850000
2015-08-10,LINC.OQ,2.0,,299506500
2015-08-10,MTX.N,77.5,,1920150000
2015-08-10,LINC.OQ,2.0,,
2015-08-10,MTX.N,77.5,,
2015-08-11,MTX.N,,,1893666670
2015-08-31,MTX.N,,,1872250000
2015-09-04,MTX.N,,,1847666670
2015-09-21,MTX.N,,,1847116670
2015-10-13,MTX.N,75.0,2.0,
2015-10-13,MTX.N,,2.0,
2015-10-23,MTX.N,,,1837433330
2015-10-26,MTX.N,73.25,,1813316670
2015-10-26,MTX.N,73.25,,
2015-10-29,MTX.N,,,1806320000
2015-11-04,LINC.OQ,,,302106510
2015-11-05,LINC.OQ,,,302129500
2015-12-16,MTX.N,,,1805640000
2015-12-21,LINC.OQ,,1.0,
2015-12-21,LINC.OQ,3.0,1.0,
2015-12-21,LINC.OQ,3.0,1.0,300159000
2015-12-29,MTX.N,72.25,,1805220000
2015-12-29,MTX.N,,,1816050000
2016-02-04,MTX.N,68.0,,
2016-02-05,MTX.N,64.0,,
2016-02-08,MTX.N,64.5,,
2016-02-08,MTX.N,64.5,,1808883330
2016-02-09,MTX.N,,,1800000000
2016-02-11,MTX.N,,,1773960000
2016-03-03,LINC.OQ,4.0,,180893000
2016-03-03,LINC.OQ,4.0,,
2016-04-01,MTX.N,,,1773960000
2016-04-04,MTX.N,,1.8,
2016-04-18,MTX.N,67.0,,
2016-04-27,MTX.N,,,1774040000
2016-05-05,LINC.OQ,,,180785000
2016-05-06,MTX.N,,,1763880000
2016-05-09,MTX.N,69.25,,
2016-05-09,MTX.N,69.25,,1744480000
2016-05-12,MTX.N,,2.2,1728340000
2016-07-06,MTX.N,71.66667,2.0,1733350000
2016-07-24,MTX.N,,2.2,
2016-07-24,MTX.N,72.25,2.2,1732900000
2016-08-03,LINC.OQ,,,180622000
2016-08-05,MTX.N,74.75,,1727120000
2016-08-08,MTX.N,77.33333,,
2016-08-08,MTX.N,77.33333,,1707500000
2016-08-10,MTX.N,,,1702700000
2016-08-11,MTX.N,,,1695600000
2016-10-17,LINC.OQ,,,179608000
2016-10-17,MTX.N,,2.4,
2016-10-24,MTX.N,78.0,,
2016-10-24,MTX.N,78.0,,1696360000
2016-11-04,LINC.OQ,3.0,,186107000
2016-11-04,MTX.N,,,1682580000
2016-11-04,LINC.OQ,3.0,,182213000
2016-11-07,MTX.N,,,1656460000
2016-11-09,MTX.N,,,1643920000
2016-11-10,MTX.N,,,1630050000
2016-12-02,MTX.N,,2.6,
2017-01-06,MTX.N,81.33333,,
2017-01-12,MTX.N,,,1692520000
2017-02-06,MTX.N,80.5,,1692540000
2017-02-06,MTX.N,80.5,,
2017-02-09,MTX.N,,,1677933330
2017-02-23,MTX.N,,,1669350000
2017-03-01,MTX.N,83.0,,1671980000
2017-03-01,MTX.N,,,1671980000
2017-03-02,LINC.OQ,3.5,,185929000
2017-03-24,MTX.N,,2.4,
2017-03-24,MTX.N,83.5,2.4,
2017-05-08,MTX.N,,,1669780000
2017-05-09,MTX.N,86.0,,
2017-05-09,MTX.N,86.0,,1665820000
2017-05-11,MTX.N,,,1663140000
2017-05-12,LINC.OQ,4.0,,266498000
2017-05-12,LINC.OQ,4.0,,
2017-05-19,MTX.N,,,1665380000
2017-07-06,LINC.OQ,,,266497000
2017-07-12,MTX.N,83.5,,
2017-07-16,MTX.N,85.33333,,
2017-08-07,LINC.OQ,,,262756000
2017-08-07,MTX.N,86.0,,1649540000
2017-08-07,MTX.N,86.0,,
2017-08-09,MTX.N,,,1641580000
2017-08-10,MTX.N,,,1631350000
2017-08-21,MTX.N,79.0,,
2017-08-21,MTX.N,79.0,,1632540000
2017-09-19,MTX.N,,,1631740000
2017-11-06,MTX.N,,,1643500000
2017-11-08,LINC.OQ,3.5,,262029000
2017-11-09,MTX.N,,,1655066670
2017-11-17,MTX.N,,,1652825000
2018-01-25,MTX.N,,,1710650000
2018-02-05,MTX.N,80.0,,1725400000
2018-02-05,MTX.N,80.0,,
2018-02-08,MTX.N,,,1750750000
2018-02-14,LINC.OQ,2.5,,
2018-02-14,LINC.OQ,2.5,,261641000
2018-02-28,LINC.OQ,,,260072000
2018-03-20,MTX.N,,2.25,1750750000
2018-03-20,MTX.N,,2.25,
2018-04-20,MTX.N,80.0,,1753500000
2018-05-07,MTX.N,80.66667,,1781300000
2018-05-07,MTX.N,80.66667,,
2018-05-09,LINC.OQ,3.0,,262387000
2018-05-09,MTX.N,,,1789900000
2018-05-09,LINC.OQ,3.0,,
2018-07-18,MTX.N,85.0,2.4,
2018-07-18,MTX.N,,2.4,
2018-07-18,MTX.N,85.0,2.4,1788660000
2018-08-06,MTX.N,,,1807880000
2018-08-07,MTX.N,87.5,,
2018-08-07,MTX.N,87.5,,1816480000
2018-08-09,LINC.OQ,,,264134000
2018-08-09,MTX.N,,,1824675000
2018-08-13,MTX.N,84.5,,
2018-08-13,MTX.N,84.5,,1823400000
2018-09-07,MTX.N,,2.4,
2018-09-13,LINC.OQ,3.5,,
2018-09-18,MTX.N,,,1822980000
2018-09-20,LINC.OQ,,,261905000
2018-11-05,MTX.N,77.33333,,
2018-11-05,MTX.N,77.33333,,1823220000
2018-11-07,LINC.OQ,,,261700000
2018-12-20,MTX.N,,,1824450000
2019-01-10,MTX.N,,2.25,
2019-01-10,MTX.N,,2.25,1923533330
2019-01-10,MTX.N,,2.25,1820933330
2019-02-04,MTX.N,80.5,,1870633330
2019-03-06,LINC.OQ,4.25,,
2019-03-06,LINC.OQ,4.25,,268732000
2019-05-01,MTX.N,,2.5,
2019-05-06,MTX.N,79.5,,1859000000
2019-05-06,MTX.N,79.5,,
2019-05-07,MTX.N,,2.33333,1859000000
2019-05-07,MTX.N,,2.33333,
2019-05-09,MTX.N,,,1867500000
2019-05-10,LINC.OQ,,,270630000
2019-05-16,MTX.N,,,1858333330
2019-05-30,MTX.N,80.0,,
2019-06-24,MTX.N,,,1853000000
2019-06-26,MTX.N,70.0,,1823533330
2019-07-10,MTX.N,64.0,,
2019-07-10,MTX.N,64.0,2.5,
2019-07-10,MTX.N,64.0,2.5,1822900000
2019-07-16,MTX.N,,,1818400000
2019-08-05,MTX.N,,2.6,1795100000
2019-08-05,MTX.N,,2.6,
2019-08-08,MTX.N,,,1788625000
2019-08-14,LINC.OQ,,,272100000
2019-08-17,MTX.N,61.5,,1788520000
2019-08-17,MTX.N,,,1788520000
2019-09-18,MTX.N,60.5,,
2019-10-12,MTX.N,68.0,2.5,1788625000
2019-10-12,MTX.N,,2.5,1788625000
2019-10-12,MTX.N,,2.5,
2019-10-22,MTX.N,68.0,,
2019-10-29,MTX.N,60.0,,
2019-11-04,MTX.N,61.0,,
2019-11-04,MTX.N,61.0,,1785225000
2019-11-07,MTX.N,,,1782266670
2019-11-08,MTX.N,,,1818100000
2019-11-18,LINC.OQ,3.5,,272575000
2020-02-03,MTX.N,,,1815100000
2020-02-05,MTX.N,,,1815166670
2020-02-25,MTX.N,,,1819350000
2020-02-26,LINC.OQ,4.0,,286100000
2020-02-26,LINC.OQ,4.0,,
2020-03-30,MTX.N,,,1780400000
2020-03-31,MTX.N,55.0,,
2020-04-01,MTX.N,,,1751425000
2020-04-08,MTX.N,56.66667,2.2,1716620000
2020-04-08,MTX.N,56.66667,2.2,
2020-04-09,MTX.N,,,1722160000
2020-04-19,MTX.N,,,1706760000
2020-05-01,MTX.N,,,1711740000
2020-05-04,MTX.N,56.25,2.0,
2020-05-04,MTX.N,56.25,2.0,1689440000
2020-05-07,MTX.N,,,1655300000
2020-05-13,LINC.OQ,,,283600000
2020-05-21,LINC.OQ,4.25,1.5,280600000
2020-05-22,MTX.N,,2.25,
2020-05-22,MTX.N,55.0,2.25,1663733330
2020-06-01,MTX.N,55.5,,1667300000
2020-06-10,MTX.N,59.5,,
2020-06-10,MTX.N,59.5,,1669975000
2020-06-23,LINC.OQ,4.83333,1.33333,281033330
2020-06-23,LINC.OQ,,1.33333,
2020-06-23,LINC.OQ,,1.33333,281033330
2020-08-03,MTX.N,,2.0,1631325000
2020-08-03,MTX.N,,2.0,
2020-08-04,MTX.N,,,1604075000
2020-08-06,MTX.N,,,1557700000
2020-08-07,LINC.OQ,5.41667,,
2020-08-10,LINC.OQ,6.08333,,
2020-08-11,LINC.OQ,7.08333,,
2020-08-11,LINC.OQ,7.08333,,281000000
2020-08-12,LINC.OQ,,,281833330
2020-08-13,MTX.N,,,1567025000
2020-09-10,LINC.OQ,8.3125,1.25,282800000
2020-09-10,LINC.OQ,,1.25,282800000
2020-09-10,LINC.OQ,,1.25,
2020-09-15,LINC.OQ,8.6875,,
2020-09-21,MTX.N,61.33333,2.0,1568500000
2020-10-19,MTX.N,65.0,1.83333,1568133330
2020-10-19,MTX.N,,1.83333,
2020-11-02,MTX.N,63.8,,1556900000
2020-11-03,MTX.N,64.8,,1556900000
2020-11-09,LINC.OQ,,,283900000
2020-11-11,LINC.OQ,,,285150000
2020-11-12,LINC.OQ,9.1875,,289690500
2020-11-12,MTX.N,66.5,1.8,1557280000
2020-11-12,MTX.N,,1.8,1557280000
2020-11-12,MTX.N,,1.8,
2020-11-30,MTX.N,68.25,,
2020-12-10,MTX.N,,,1556900000
2020-12-17,MTX.N,,2.0,
2020-12-23,MTX.N,67.2,,
2021-01-11,MTX.N,69.6,,
2021-01-21,MTX.N,,,1663166670
2021-01-21,MTX.N,,,1556100000
2021-01-22,MTX.N,70.6,,1556900000
2021-01-22,MTX.N,70.6,,
2021-02-05,MTX.N,71.4,,1672266670
2021-02-08,MTX.N,74.8,,1708866670
2021-02-08,MTX.N,74.8,,
2021-02-09,MTX.N,,,1738400000
2021-03-01,LINC.OQ,9.5,,289890500
2021-03-01,LINC.OQ,9.5,,
2021-03-03,LINC.OQ,,,319335250
2021-03-04,LINC.OQ,,,320910250
2021-03-06,LINC.OQ,,,324033330
2021-03-12,MTX.N,77.4,,1741840000
2021-03-17,HLMN.OQ,16.0,2.0,
2021-03-17,HLMN.OQ,16.0,2.0,1445418000
2021-03-29,LINC.OQ,9.75,,
2021-03-31,HLMN.OQ,,,1443390000
2021-04-01,HLMN.OQ,,1.5,
2021-04-01,HLMN.OQ,15.5,1.5,1438745000
2021-05-07,LINC.OQ,,,323466670
2021-05-07,MTX.N,77.8,,1759640000
2021-05-10,LINC.OQ,10.25,,324475500
2021-05-10,MTX.N,93.0,,1798133330
2021-05-10,MTX.N,93.0,,
2021-05-11,LINC.OQ,10.625,,324725500
2021-05-11,MTX.N,,,1815960000
2021-05-11,LINC.OQ,10.625,,
2021-05-12,HLMN.OQ,16.5,,1461603000
2021-05-18,MTX.N,,,1816633330
2021-06-02,MTX.N,,2.0,1815960000
2021-06-21,MTX.N,93.33333,2.25,
2021-06-21,MTX.N,93.33333,2.25,1809075000
2021-06-21,MTX.N,,2.25,
2021-07-16,MTX.N,,,1813350000
2021-07-30,MTX.N,95.0,,1826900000
2021-07-30,MTX.N,95.0,,
2021-08-02,HLMN.OQ,18.5,,1401879500
2021-08-02,MTX.N,,,1866725000
2021-08-03,MTX.N,,2.0,
2021-08-03,MTX.N,95.0,2.0,1871360000
2021-08-06,HLMN.OQ,18.0,1.33333,1404253000
2021-08-09,HLMN.OQ,17.4,1.16667,1425028000
2021-08-09,LINC.OQ,,,326124500
2021-08-10,LINC.OQ,,,325799500
2021-08-12,HLMN.OQ,17.0,1.28571,1424024000
2021-08-12,HLMN.OQ,17.0,1.28571,
2021-09-13,MTX.N,94.25,,1866640000
2021-09-14,HLMN.OQ,,,1419381140
2021-09-21,HLMN.OQ,17.14286,1.375,1419083500
2021-09-21,HLMN.OQ,17.14286,1.375,
2021-09-21,HLMN.OQ,,1.375,
2021-10-25,MTX.N,93.5,,1864380000
2021-10-26,HLMN.OQ,,,1416758500
2021-11-02,HLMN.OQ,,,1414720250
2021-11-03,HLMN.OQ,16.57143,,1410544130
2021-11-04,HLMN.OQ,15.92857,,
2021-11-04,HLMN.OQ,15.92857,,1409152250
2021-11-08,LINC.OQ,10.875,,
2021-11-08,LINC.OQ,10.875,,329375000
2021-11-08,MTX.N,94.25,,1869060000
2021-11-09,LINC.OQ,,,334025000
2021-11-09,MTX.N,91.4,,1869660000
2021-11-09,MTX.N,91.4,,
2021-11-12,LINC.OQ,11.16667,,
2021-12-13,MTX.N,,,1869040000
2022-01-18,MTX.N,,,1870420000
2022-01-30,MTX.N,,,2053775000
2022-02-07,MTX.N,89.4,1.8,2082175000
2022-02-07,MTX.N,89.4,1.8,
2022-02-07,MTX.N,,1.8,
2022-02-15,HLMN.OQ,,,1408914750
2022-02-18,HLMN.OQ,,1.375,
2022-02-28,LINC.OQ,11.5,,352400000
2022-02-28,MTX.N,,,2082175000
2022-03-01,LINC.OQ,11.125,,
2022-03-01,LINC.OQ,11.125,,353150000
2022-03-02,HLMN.OQ,15.07143,,1518559000
2022-03-03,HLMN.OQ,14.71429,,
2022-03-03,HLMN.OQ,14.71429,,1536201380
2022-03-07,LINC.OQ,,,355500000
2022-03-22,LINC.OQ,,,355867750
2022-03-22,MTX.N,88.8,,
2022-03-28,LINC.OQ,11.125,,
2022-04-13,HLMN.OQ,,,1535951380
2022-04-14,HLMN.OQ,14.66667,1.42857,1535387290
2022-04-14,LINC.OQ,11.5,1.33333,355557000
2022-04-14,LINC.OQ,,1.33333,
2022-04-14,HLMN.OQ,14.66667,1.42857,
2022-04-14,LINC.OQ,11.5,1.33333,
2022-04-18,HLMN.OQ,,,1536715860
2022-04-20,MTX.N,,,2080775000
2022-04-22,HLMN.OQ,,1.5,
2022-04-22,HLMN.OQ,14.71429,1.5,
2022-04-22,HLMN.OQ,14.71429,1.5,1538501380
2022-04-25,MTX.N,88.5,2.0,2083033330
2022-04-25,MTX.N,88.5,2.0,
2022-04-25,MTX.N,,2.0,
2022-04-29,MTX.N,,,2107350000
2022-05-02,MTX.N,88.5,,2122600000
2022-05-02,MTX.N,,,2122600000
2022-05-03,HLMN.OQ,,,1546351380
2022-05-03,MTX.N,88.5,,
2022-05-04,HLMN.OQ,14.57143,,
2022-05-04,HLMN.OQ,14.57143,,1551040880
2022-05-05,MTX.N,,,2138800000
2022-05-09,EE.N,,,1297033170
2022-05-09,EE.N,31.0,3.0,
2022-05-09,LINC.OQ,,,355733330
2022-05-09,EE.N,31.0,3.0,1297033170
2022-05-10,SATL.OQ,5.0,,
2022-05-10,SATL.OQ,5.0,4,37000000
2022-05-10,HLMN.OQ,,,1553546710
2022-05-10,LINC.OQ,,,355266670
2022-05-10,SATL.OQ,5.0,4,
2022-05-16,LINC.OQ,12.75,,355200000
2022-05-20,LINC.OQ,,1.5,355200000
2022-05-20,HLMN.OQ,,,1553469750
2022-05-20,LINC.OQ,9.5,1.5,355200000
2022-05-24,EE.N,31.0,2.75,
2022-05-25,EE.N,,2.28571,
2022-05-25,EE.N,31.83333,2.28571,1362033170
2022-05-26,EE.N,32.0,,1410976170
2022-05-26,EE.N,32.0,,
2022-05-27,EE.N,,,1495879170
2022-06-08,MTX.N,,,2097766670
2022-06-09,MTX.N,,1.8,
2022-06-09,MTX.N,88.8,1.8,2101750000
2022-06-15,EE.N,,,1657973000
2022-06-16,LINC.OQ,9.25,,
2022-06-29,MTX.N,88.4,,2131300000
2022-06-30,LINC.OQ,,1.66667,
2022-06-30,LINC.OQ,8.83333,1.66667,355433330
2022-07-01,MTX.N,91.75,1.75,2131300000
2022-07-01,MTX.N,,1.75,
2022-07-05,EE.N,,2.14286,
2022-07-12,EE.N,,2.0,
2022-07-12,EE.N,31.57143,2.0,
2022-07-14,HLMN.OQ,,,1547594750
2022-07-14,MTX.N,89.5,,
2022-07-14,HLMN.OQ,13.71429,,1547594750
2022-07-14,MTX.N,89.5,,2128425000
2022-07-20,EE.N,30.71429,,
2022-07-20,EE.N,30.71429,,1657223000
2022-07-24,HLMN.OQ,13.28571,,
2022-07-26,EE.N,,,1551524000
2022-07-29,MTX.N,,,2129400000
2022-08-01,MTX.N,,,2135950000
2022-08-03,HLMN.OQ,13.14286,,1530198000
2022-08-04,HLMN.OQ,12.71429,,1516852130
2022-08-04,HLMN.OQ,12.71429,,
2022-08-08,LINC.OQ,8.33333,,347626000
2022-08-08,LINC.OQ,8.33333,,
2022-08-09,LINC.OQ,,,345059330
2022-08-11,EE.N,31.14286,,1452124000
2022-08-12,EE.N,31.28571,,1741105000
2022-08-15,EE.N,31.42857,,
2022-08-15,EE.N,31.42857,,1793305000
2022-08-17,HLMN.OQ,,,1511139630
2022-08-22,HLMN.OQ,,,1506450250
2022-08-29,EE.N,,,1829705000
2022-08-30,MTX.N,,2.0,
2022-08-30,MTX.N,92.0,2.0,2140775000
2022-09-08,LINC.OQ,8.25,1.75,345226250
2022-09-08,LINC.OQ,8.25,1.75,
2022-09-08,LINC.OQ,,1.75,
2022-09-14,MTX.N,90.0,,2135525000
2022-10-13,MTX.N,,2.25,
2022-10-13,HLMN.OQ,12.5,,1506075250
2022-10-13,MTX.N,95.0,2.25,2129550000
2022-10-14,MTX.N,92.5,,2126625000
2022-10-18,EE.N,31.28571,,
2022-10-19,EE.N,,,1829505000
2022-10-25,EE.N,31.42857,,1830052200
2022-10-25,EE.N,31.42857,,
2022-10-31,MTX.N,85.0,,
2022-10-31,MTX.N,85.0,,2136700000
2022-11-02,HLMN.OQ,11.78571,,1505533630
2022-11-03,HLMN.OQ,11.64286,,1492223000
2022-11-04,HLMN.OQ,11.21429,,1487002130
2022-11-04,HLMN.OQ,11.21429,,
2022-11-07,LINC.OQ,,,345965250
2022-11-08,LINC.OQ,,,346190250
2022-11-10,EE.N,,,2046895400
2022-11-10,HLMN.OQ,,,1484084710
2022-11-11,EE.N,31.71429,,
2022-11-11,HLMN.OQ,,,1481615630
2022-11-30,EE.N,,,2409037500
2022-12-18,EE.N,31.85714,,
2023-01-13,EE.N,31.16667,2.14286,
2023-01-13,EE.N,31.16667,2.14286,2409037500
2023-01-13,EE.N,,2.14286,
2023-01-18,EE.N,,,1888691670
2023-01-18,MTX.N,,,2137075000
2023-01-18,MTX.N,,,2224200000
2023-01-26,EE.N,,,1765358330
2023-02-03,MTX.N,,2.75,
2023-02-03,MTX.N,80.0,2.75,2213800000
2023-02-06,MTX.N,77.5,,2203200000
2023-02-06,MTX.N,77.5,,
2023-02-10,EE.N,,,1765358330
2023-02-14,EE.N,31.0,,
2023-02-14,EE.N,31.0,,1326105330
2023-02-23,HLMN.OQ,,,1502939750
2023-02-24,HLMN.OQ,,,1510040500
2023-02-27,HLMN.OQ,,,1515915500
2023-02-27,LINC.OQ,7.875,,350800750
2023-02-27,LINC.OQ,7.875,,
2023-02-28,LINC.OQ,,,355100750
2023-03-02,HLMN.OQ,,,1507246170
2023-03-06,HLMN.OQ,,,1509582430
2023-03-06,LINC.OQ,,,356768000
2023-03-08,EE.N,,2.0,
2023-03-14,EE.N,,2.14286,
2023-03-17,MTX.N,,,2234650000
2023-03-20,MTX.N,,,2202350000
2023-03-22,HLMN.OQ,,,1513160000
2023-03-28,EE.N,,,1412438670
2023-03-28,HLMN.OQ,,,1516274330
2023-03-30,EE.N,,,1412438670
2023-03-31,EE.N,30.66667,,
2023-04-05,EE.N,30.83333,,1413963670
2023-04-09,EE.N,30.85714,2.125,
2023-04-10,EE.N,,,1681222750
2023-04-10,MTX.N,,,2234650000
2023-04-13,EE.N,,,1602378200
2023-04-17,MTX.N,,,2234775000
2023-04-18,EE.N,,,1627178200
2023-04-26,EE.N,,,1627509400
2023-04-28,EE.N,30.66667,2.14286,
2023-04-28,MTX.N,,,2219975000
2023-04-28,EE.N,,2.14286,
2023-05-01,MTX.N,79.0,,2239225000
2023-05-08,LINC.OQ,,,360647500
2023-05-09,HLMN.OQ,,,1506624330
2023-05-09,LINC.OQ,,,360072500
2023-05-10,HLMN.OQ,,,1504831750
2023-05-11,EE.N,,,1422157200
2023-05-14,EE.N,30.5,,
2023-05-15,HLMN.OQ,,,1501380380
2023-05-22,EE.N,,,1669262000
2023-05-23,EE.N,,,1129762000
2023-05-30,HLMN.OQ,11.09375,1.55556,1504949220
2023-05-31,EE.N,30.0,,
2023-06-06,EE.N,30.0,,
2023-06-16,LINC.OQ,7.5,,
2023-07-11,HLMN.OQ,,1.5,1505054300
2023-07-11,HLMN.OQ,,1.5,
2023-07-11,EE.N,,,1155821500
2023-07-11,HLMN.OQ,11.19444,1.5,1505054300
2023-07-14,HLMN.OQ,11.09375,,
2023-07-17,MTX.N,77.0,,2234600000
2023-07-17,MTX.N,77.0,,
2023-07-18,EE.N,29.33333,,
2023-07-19,MTX.N,,,2231350000
2023-07-24,LINC.OQ,7.875,,
2023-07-25,EE.N,,,1156249000
2023-07-25,HLMN.OQ,10.82143,,
2023-07-31,MTX.N,,2.5,
2023-07-31,MTX.N,,2.5,2194125000
2023-07-31,MTX.N,76.0,2.5,2194125000
2023-08-07,LINC.OQ,9.375,,362499500
2023-08-08,HLMN.OQ,11.30556,,1505911700
2023-08-08,LINC.OQ,10.375,,365151000
2023-08-09,HLMN.OQ,11.44444,,1505055600
2023-08-09,HLMN.OQ,,,1505055600
2023-08-10,EE.N,28.83333,,1211174000
2023-08-11,EE.N,28.33333,,1181429750
2023-08-11,EE.N,28.33333,,
2023-08-12,EE.N,,,1333254750
2023-08-14,HLMN.OQ,11.55556,,
2023-08-16,EE.N,,,1366339670
2023-08-17,EE.N,,,1290504750
2023-10-02,MTX.N,74.33333,,
2023-10-03,MTX.N,72.66667,,2189750000
2023-10-03,MTX.N,72.66667,,
2023-10-10,HLMN.OQ,,,1504755600
2023-10-11,EE.N,28.33333,,
2023-10-11,HLMN.OQ,,,1504655600
2023-10-11,MTX.N,,,2178075000
2023-10-12,HLMN.OQ,11.44444,,
2023-10-16,HLMN.OQ,11.44444,,
2023-10-18,EE.N,28.0,,1294254750
2023-10-18,EE.N,,,1294254750
2023-10-19,MTX.N,,2.0,
2023-10-23,EE.N,28.0,,
2023-10-25,EE.N,,,1210963000
2023-10-25,EE.N,27.5,,1210963000
2023-10-30,EE.N,24.5,,
2023-10-30,MTX.N,,,2168250000
2023-10-31,HLMN.OQ,11.33333,,
2023-10-31,MTX.N,,,2158200000
2023-11-04,HLMN.OQ,11.33333,,
2023-11-06,LINC.OQ,11.75,,
2023-11-06,LINC.OQ,11.75,,369299500
2023-11-07,LINC.OQ,,,371124500
2023-11-08,HLMN.OQ,10.55556,,1489770400
2023-11-09,EE.N,24.66667,,
2023-11-09,HLMN.OQ,10.44444,,1484660400
2023-11-10,HLMN.OQ,10.33333,,1481621000
2023-11-10,HLMN.OQ,10.33333,,
2023-11-15,EE.N,25.0,,1249133330
2023-11-15,HLMN.OQ,,1.6,1474067780
2023-11-15,HLMN.OQ,,,1474067780
2023-11-17,EE.N,,2.125,
2023-11-17,EE.N,,2.125,1237100000
2023-11-17,EE.N,24.85714,2.125,1237100000
2023-11-21,EE.N,24.625,,
2023-12-04,EE.N,,,1250100000
2023-12-13,HLMN.OQ,,1.7,
2023-12-14,EE.N,,,1166175000
2023-12-14,EE.N,24.25,,1166175000
2023-12-15,EE.N,,2.25,
2023-12-15,EE.N,24.0,2.25,
2023-12-20,HLMN.OQ,10.44444,,
2023-12-29,MTX.N,79.0,,2197600000
2023-12-29,MTX.N,79.0,,
2024-01-17,EE.N,23.5,,1093940000
2024-01-18,EE.N,23.25,,1127740000
2024-01-18,EE.N,,,1127740000
2024-01-31,HLMN.OQ,10.41667,,1473790000
2024-02-05,MTX.N,,1.75,
2024-02-05,MTX.N,86.75,1.75,2263575000
2024-02-12,EE.N,23.625,,
2024-02-13,EE.N,22.25,,1126288670
2024-02-15,HLMN.OQ,10.52778,,1473323330
2024-02-22,HLMN.OQ,11.13889,,1504510700
2024-02-23,HLMN.OQ,11.25,,1508170200
2024-02-26,EE.N,22.33333,2.22222,945018140
2024-02-26,HLMN.OQ,,,1514100200
2024-02-26,LINC.OQ,13.125,,
2024-02-26,EE.N,22.33333,2.22222,1136183140
2024-02-26,HLMN.OQ,11.58333,,1514100200
2024-02-26,LINC.OQ,13.125,,407475000
2024-02-26,EE.N,,2.22222,
2024-02-29,EE.N,22.33333,,908489570
2024-02-29,EE.N,22.33333,,
2024-03-04,LINC.OQ,,,414966670
2024-03-06,EE.N,,,926854250
2024-03-11,EE.N,22.44444,,937029250
2024-03-11,EE.N,22.44444,,
2024-03-20,LINC.OQ,13.625,,416466670
2024-03-22,MTX.N,,,2264450000
2024-03-22,MTX.N,87.75,,2264450000
2024-03-25,MTX.N,89.5,,
2024-03-31,HLMN.OQ,11.80556,,
2024-04-02,EE.N,,,892823400
2024-04-04,EE.N,22.33333,,
2024-04-10,EE.N,,,874069500
2024-04-11,HLMN.OQ,11.91667,,
2024-04-19,HLMN.OQ,11.94444,,1513690200
2024-04-19,HLMN.OQ,11.94444,,
2024-04-22,EE.N,,,875686170
2024-04-25,EE.N,22.25,,
2024-04-25,EE.N,22.25,,835873860
2024-04-28,HLMN.OQ,,,1513950200
2024-04-29,MTX.N,,,2220850000
2024-04-29,EE.N,,,816445630
2024-04-29,MTX.N,93.75,,2220850000
2024-05-06,LINC.OQ,14.5,,424266500
2024-05-07,HLMN.OQ,12.0,,
2024-05-07,HLMN.OQ,12.0,,1512037000
2024-05-07,LINC.OQ,14.75,,423566500
2024-05-08,HLMN.OQ,,,1509032300
2024-05-09,EE.N,,2.1,
2024-05-09,EE.N,22.22222,2.1,781650500
2024-05-09,EE.N,22.22222,2.1,
2024-05-13,EE.N,,,784063000
2024-05-13,HLMN.OQ,,,1505932300
2024-05-14,EE.N,,,783600500
2024-05-15,EE.N,,,825967330
2024-05-16,EE.N,,,798257710
2024-05-17,MTX.N,96.5,,
2024-07-01,EE.N,22.33333,,
2024-07-09,EE.N,,,798329140
2024-07-09,HLMN.OQ,,,1502632300
2024-07-12,HLMN.OQ,11.88889,,
2024-07-22,MTX.N,,,2219900000
2024-07-25,HLMN.OQ,,,1502792300
2024-07-26,MTX.N,,,2207675000
2024-07-29,MTX.N,98.25,,2167400000
2024-07-30,MTX.N,99.5,,2159425000
2024-07-30,MTX.N,99.5,,
2024-08-06,HLMN.OQ,12.0,,
2024-08-06,HLMN.OQ,12.0,,1481545100
2024-08-07,HLMN.OQ,,,1474918200
2024-08-08,EE.N,22.44444,,741826430
2024-08-08,LINC.OQ,16.0,,426375000
2024-08-08,EE.N,,,741826430
2024-08-08,LINC.OQ,16.0,,
2024-08-09,HLMN.OQ,12.11111,,1468248200
2024-08-09,LINC.OQ,,,427550000
2024-08-12,EE.N,22.66667,,
2024-08-12,HLMN.OQ,12.22222,,1464348200
2024-08-12,HLMN.OQ,12.22222,,
2024-08-13,EE.N,,,745945430
2024-08-14,EE.N,,,762603600
2024-08-21,EE.N,,,767543600
2024-08-26,EE.N,,,743786330
2024-08-27,HLMN.OQ,,,1465748200
2024-08-30,EE.N,,2.2,
2024-08-30,EE.N,22.55556,2.2,
2024-09-04,EE.N,22.66667,,
2024-09-16,MTX.N,,,2153925000
2024-09-30,MTX.N,100.75,,2151500000
2024-09-30,MTX.N,100.75,,
2024-10-08,HLMN.OQ,,,1467448200
2024-10-10,EE.N,23.44444,,
2024-10-15,HLMN.OQ,12.33333,,1467658200
2024-10-17,EE.N,23.77778,,
2024-10-18,MTX.N,,,2149975000
2024-10-21,EE.N,24.22222,,
2024-10-22,EE.N,24.77778,,744058670
2024-10-22,MTX.N,,,2148800000
2024-10-22,EE.N,24.77778,,
2024-10-25,MTX.N,100.0,,2142475000
2024-10-28,MTX.N,99.0,,2124450000
2024-10-30,HLMN.OQ,,1.66667,
2024-10-30,HLMN.OQ,12.1875,1.66667,1466909110
2024-11-05,HLMN.OQ,13.03125,,1472472670
2024-11-06,HLMN.OQ,13.28125,,1473045670
2024-11-06,LINC.OQ,17.25,,
2024-11-06,HLMN.OQ,,,1473045670
2024-11-07,EE.N,,,738948500
2024-11-11,LINC.OQ,20.0,,
2024-11-11,EE.N,25.55556,,745331830
2024-11-11,LINC.OQ,20.0,,431082500
2024-11-12,LINC.OQ,,,432157500
2024-11-13,EE.N,,,769398200
2024-11-13,EE.N,25.77778,,769398200
2024-11-14,EE.N,26.22222,,
2024-11-18,EE.N,26.77778,,785498200
2024-11-18,EE.N,,,785498200
2024-12-03,EE.N,27.66667,,
2024-12-04,EE.N,28.55556,,
2024-12-13,HLMN.OQ,13.65625,,
2024-12-17,EE.N,29.33333,2.4,
2024-12-17,EE.N,,2.4,
2024-12-18,EE.N,30.22222,,776498500
2024-12-18,EE.N,30.22222,,
2024-12-23,LINC.OQ,20.0,1.66667,431543330
2024-12-23,LINC.OQ,,1.66667,
2025-01-02,HLMN.OQ,,1.88889,
2025-01-07,EE.N,,2.5,
2025-01-07,EE.N,,2.5,754570140
2025-01-10,EE.N,30.44444,,
2025-01-13,EE.N,31.0,,
2025-01-15,EE.N,,,754570140
2025-01-16,HLMN.OQ,13.53125,,
2025-01-17,MTX.N,99.33333,2.0,
2025-01-17,MTX.N,99.33333,2.0,2124266670
2025-01-22,MTX.N,,,2122500000
2025-01-27,MTX.N,100.25,2.0,2123300000
2025-01-27,MTX.N,,2.0,
2025-01-27,MTX.N,100.25,2.0,2219525000
2025-01-28,EE.N,,,754084430
2025-01-30,EE.N,31.44444,2.6,776332860
2025-01-30,EE.N,31.44444,2.6,
2025-01-30,EE.N,,2.6,
2025-02-07,MTX.N,99.75,,2204875000
2025-02-10,MTX.N,102.25,,2176250000
2025-02-11,HLMN.OQ,,,1473279000
2025-02-18,HLMN.OQ,13.28125,,
2025-02-18,HLMN.OQ,13.28125,,1528059890
2025-02-19,HLMN.OQ,,,1529743000
2025-02-24,HLMN.OQ,,,1529276330
2025-02-24,LINC.OQ,22.33333,,476900000
2025-02-24,LINC.OQ,22.33333,,
2025-02-27,EE.N,31.55556,,778365630
2025-02-27,EE.N,31.55556,,
2025-02-28,EE.N,,,783862630
2025-03-05,EE.N,,,803985860
2025-03-05,MTX.N,101.0,,2167825000
2025-03-05,MTX.N,101.0,,
2025-03-21,HLMN.OQ,12.89286,2.0,1528985880
2025-03-21,HLMN.OQ,,2.0,1528985880
2025-03-21,HLMN.OQ,,2.0,
2025-03-26,LINC.OQ,,,483566670
2025-03-27,EE.N,32.11111,,823614430
2025-03-27,LINC.OQ,22.5,,484159500
2025-03-28,EE.N,,,867603570
2025-03-28,EE.N,32.22222,,867603570
2025-03-28,LINC.OQ,,1.75,
2025-03-31,HLMN.OQ,12.57143,,
2025-03-31,MTX.N,,,2159225000
2025-04-03,EE.N,32.11111,,
2025-04-08,HLMN.OQ,12.14286,,1526110880
2025-04-10,EE.N,31.88889,,
2025-04-14,MTX.N,98.75,,2151825000
2025-04-16,HLMN.OQ,11.71429,2.25,1523575880
2025-04-16,HLMN.OQ,,2.25,
2025-04-21,MTX.N,93.25,,
2025-04-21,MTX.N,93.25,,2143825000
2025-04-23,EE.N,32.11111,,885317860
2025-04-23,EE.N,,,885317860
2025-04-24,EE.N,32.22222,,
2025-04-24,LINC.OQ,22.8,,484220400
2025-04-25,MTX.N,,,2143975000
2025-04-28,MTX.N,82.5,,2114525000
2025-04-29,HLMN.OQ,11.28571,,1535729880
2025-04-30,HLMN.OQ,11.14286,,1535049250
2025-05-02,HLMN.OQ,10.71429,,1536461750
2025-05-08,EE.N,,,1000192290
2025-05-12,LINC.OQ,25.8,1.8,
2025-05-12,EE.N,,,1056392290
2025-05-12,LINC.OQ,25.8,1.8,488269000
2025-05-13,LINC.OQ,,,489267800
2025-05-19,MTX.N,81.25,,2096775000
2025-05-20,EE.N,,,1114678000
2025-05-21,EE.N,33.11111,,1128320860
2025-05-22,LINC.OQ,25.83333,1.83333,
2025-05-22,LINC.OQ,,1.83333,
2025-05-22,LINC.OQ,25.83333,1.83333,490073170
2025-05-30,MTX.N,81.33333,2.0,2090366670
2025-05-30,MTX.N,81.33333,2.0,
2025-05-30,MTX.N,,2.0,
2025-06-04,EE.N,33.7,2.45455,1111443250
2025-06-04,EE.N,,2.45455,
2025-06-04,EE.N,,2.45455,1111443250
2025-06-30,EE.N,33.8,,
2025-07-08,EE.N,,,1131730750
2025-07-11,EE.N,,,1137413130
2025-07-14,HLMN.OQ,10.5625,2.11111,1539743780
2025-07-14,HLMN.OQ,,2.11111,1539743780
2025-07-14,HLMN.OQ,,2.11111,
2025-07-15,HLMN.OQ,10.53375,,
2025-07-16,EE.N,,,1109825630
2025-07-24,MTX.N,,,2095200000
2025-07-25,MTX.N,,,2086200000
2025-07-28,MTX.N,82.66667,,2074766670
2025-07-29,MTX.N,84.0,,2075800000
2025-07-29,MTX.N,84.0,,
2025-07-30,EE.N,,,1100027130
2025-08-05,HLMN.OQ,11.71875,,1555653220
2025-08-06,HLMN.OQ,11.90625,,1561512780
2025-08-06,HLMN.OQ,,,1561512780
2025-08-11,EE.N,,2.36364,
2025-08-11,EE.N,34.1,2.36364,1079615750
2025-08-11,LINC.OQ,,,491233500
2025-08-12,LINC.OQ,26.16667,,494051670
2025-08-12,LINC.OQ,26.16667,,
2025-08-13,EE.N,33.9,,1072728250
2025-08-17,EE.N,33.5,,
2025-08-18,EE.N,,,1084075140
2025-08-21,HLMN.OQ,12.15625,,
2025-08-28,HLMN.OQ,12.3125,,
2025-08-29,HLMN.OQ,,2.0,1559826880
2025-08-29,HLMN.OQ,,2.0,
2025-09-08,EE.N,,2.27273,
2025-09-29,EE.N,,,1069253250
2025-09-30,EE.N,,,1033378250
2025-10-10,HLMN.OQ,,,1560951880
2025-10-15,EE.N,,,1050899750
2025-10-20,MTX.N,,,2070966670
2025-10-24,MTX.N,,,2072933330
2025-10-27,MTX.N,,,2071066670
2025-10-28,EE.N,33.7,,
2025-11-04,HLMN.OQ,12.2125,,1556918630
2025-11-04,HLMN.OQ,12.2125,,
2025-11-05,HLMN.OQ,,,1558399250
2025-11-06,EE.N,33.9,2.18182,1060728880
2025-11-07,EE.N,34.36364,2.08333,1102281220
2025-11-07,EE.N,34.36364,2.08333,
2025-11-10,LINC.OQ,,,506116330
2025-11-11,EE.N,,,1109870110
2025-11-11,LINC.OQ,,,508181170
2025-11-12,EE.N,,,1156890140
2025-11-17,EE.N,34.90909,,
2025-11-17,EE.N,34.90909,1.91667,
2025-11-20,MTX.N,,2.0,
2025-11-20,MTX.N,81.75,2.0,
2025-11-20,MTX.N,81.75,2.0,2070925000
2025-12-01,LINC.OQ,26.5,,
2026-01-05,EE.N,,1.83333,
2026-01-07,LINC.OQ,26.83333,,
2026-01-09,EE.N,35.0,,1158278880
2026-01-20,EE.N,35.27273,,1176714560
2026-01-20,EE.N,,,1176714560
2026-01-21,SATL.OQ,5.0,2,14660000
2026-01-21,SATL.OQ,,,14660000
2026-01-21,EE.N,35.45455,,
2026-01-21,SATL.OQ,5.0,2,
2026-01-27,LINC.OQ,27.83333,,
2026-01-28,LINC.OQ,28.5,,
2026-01-29,EE.N,36.72727,,
2026-01-29,MTX.N,,,2154425000
2026-01-30,EE.N,37.09091,,
2026-01-30,MTX.N,83.0,,2158175000
2026-02-02,MTX.N,87.25,,2167950000
2026-02-03,HLMN.OQ,,,1558474250
2026-02-05,EE.N,37.90909,,1178070110
2026-02-17,HLMN.OQ,12.275,,1647636880
2026-02-19,EE.N,38.63636,2.0,1182292330
2026-02-19,EE.N,,2.0,1182292330
2026-02-19,EE.N,,2.0,
2026-02-20,HLMN.OQ,12.15,,1640957500
2026-02-20,SATL.OQ,6.0,2,14880000
2026-02-20,HLMN.OQ,12.15,,
2026-02-23,HLMN.OQ,,,1637332500
2026-02-23,LINC.OQ,37.0,,583372670
2026-02-23,LINC.OQ,,,583372670
2026-02-24,EE.N,39.54546,,1437592110
2026-02-24,EE.N,39.54546,,
2026-02-25,SATL.OQ,5.83333,2,15306670
2026-02-26,EE.N,42.36364,,1453651110
2026-02-27,EE.N,,,1452873330
2026-02-27,EE.N,43.72727,,1452873330
2026-03-01,EE.N,43.81818,,
2026-03-04,EE.N,,,1430345380
2026-03-06,EE.N,,,1436470380
2026-03-11,SATL.OQ,5.5,2,
2026-03-11,SATL.OQ,,2,
2026-03-11,LINC.OQ,37.66667,,
2026-03-11,SATL.OQ,5.5,2,15330000
2026-03-11,SATL.OQ,5.5,2,29257750
2026-03-15,HLMN.OQ,,,1637457500
2026-03-19,HLMN.OQ,12.125,,
2026-03-19,EE.N,,,1498306780
2026-03-19,HLMN.OQ,12.125,,1637332500
2026-03-20,LINC.OQ,44.0,,585120830
2026-03-20,SATL.OQ,,,30395250
2026-03-23,EE.N,44.54546,,
2026-03-23,HLMN.OQ,,,1638177750
2026-03-24,SATL.OQ,5.825,,32270250
2011-12-06,IMKTA.OQ,,2,
2014-05-02,SEM.N,,2.57143,
2014-11-03,SEM.N,,,3051040500
2014-11-04,THR.N,,2.0,
2014-12-02,KOS.N,,2.33333,862106750
2014-12-09,IMKTA.OQ,,,3874000000
2014-12-09,THR.N,27.5,,299237570
2014-12-09,IMKTA.OQ,,,
2014-12-14,SEM.N,17.75,,
2014-12-17,KOS.N,12.65833,,
2015-01-05,SEM.N,17.25,2.85714,
2015-01-05,SEM.N,,2.85714,
2015-01-07,KOS.N,12.575,,
2015-01-07,SEM.N,15.9,,
2015-01-12,SEM.N,14.75,3.0,
2015-01-12,THR.N,27.25,,
2015-01-12,SEM.N,14.75,3.0,3061019880
2015-01-12,THR.N,27.25,,298851860
2015-01-13,KOS.N,,,862106750
2015-01-13,KOS.N,12.21818,2.36364,862106750
2015-01-14,KOS.N,,2.45455,
2015-01-14,KOS.N,12.12727,2.45455,
2015-01-14,THR.N,,,298451860
2015-01-22,THR.N,,2.125,
2015-01-22,THR.N,,2.125,298023290
2015-01-22,THR.N,27.0,2.125,298023290
2015-01-23,KOS.N,11.85455,,
2015-01-26,KOS.N,11.58182,,874285400
2015-01-27,KOS.N,11.29091,2.41667,843708330
2015-01-27,KOS.N,,2.41667,843708330
2015-02-02,THR.N,26.75,,
2015-02-03,KOS.N,11.24546,,
2015-02-03,THR.N,,,299366140
2015-02-04,THR.N,27.5,,304199000
2015-02-05,KOS.N,,2.30769,844464290
2015-02-05,KOS.N,11.225,2.30769,844464290
2015-02-06,KOS.N,11.18333,,
2015-02-06,THR.N,,2.125,
2015-02-09,IMKTA.OQ,,,3911000000
2015-02-09,THR.N,27.66667,,304299000
2015-02-09,THR.N,27.66667,,
2015-02-11,KOS.N,,2.33333,
2015-02-11,KOS.N,10.95455,2.33333,853333330
2015-02-11,THR.N,,,304679430
2015-02-19,SEM.N,,,3158281250
2015-02-20,SEM.N,,,3158508750
2015-02-23,KOS.N,10.77273,,751469570
2015-02-23,SEM.N,,,3153321250
2015-02-24,SEM.N,,,3146796250
2015-03-02,KOS.N,10.86364,,719941000
2015-03-02,KOS.N,,,719941000
2015-03-03,KOS.N,10.72727,,
2015-03-04,KOS.N,,,709097830
2015-03-04,THR.N,,2.125,
2015-03-06,SEM.N,,3.0,3151107780
2015-03-06,SEM.N,14.64286,3.0,3151107780
2015-03-06,SEM.N,,3.0,
2015-03-17,KOS.N,10.63636,,
2015-03-20,KOS.N,,,720200000
2015-03-23,SEM.N,14.92857,,
2015-03-25,SEM.N,,,3206663330
2015-03-27,KOS.N,,,707146750
2015-03-27,SEM.N,15.07143,,
2015-03-30,KOS.N,,,696517400
2015-03-31,KOS.N,10.69091,,
2015-04-14,SEM.N,,,3211746250
2015-04-15,SEM.N,15.21429,,
2015-04-17,KOS.N,,,703930400
2015-04-20,KOS.N,,,710990400
2015-04-24,KOS.N,10.6,,700992000
2015-04-24,KOS.N,,,700992000
2015-04-27,KOS.N,10.82727,,
2015-04-28,KOS.N,11.05455,,
2015-04-28,SEM.N,,,3210271250
2015-04-30,SEM.N,,,3210258750
2015-05-01,SEM.N,,,3219588750
2015-05-04,SEM.N,,,3238222380
2015-05-04,KOS.N,,,694708670
2015-05-04,SEM.N,15.35714,,3238222380
2015-05-05,KOS.N,11.23636,2.25,682224330
2015-05-05,SEM.N,14.58333,,
2015-05-05,KOS.N,,2.25,682224330
2015-05-05,KOS.N,,2.25,
2015-05-06,KOS.N,11.41818,,
2015-05-09,SEM.N,,,3230197670
2015-05-11,KOS.N,,,697086500
2015-05-12,IMKTA.OQ,,,3857000000
2015-05-13,KOS.N,11.37273,,656161500
2015-05-13,KOS.N,11.37273,,
2015-05-14,SEM.N,,,3238222380
2015-05-20,KOS.N,,,621129200
2015-05-20,SEM.N,15.35714,,
2015-05-27,THR.N,,,322370570
2015-05-28,THR.N,26.33333,,
2015-05-29,THR.N,,,323784860
2015-06-02,KOS.N,,,626274330
2015-06-02,SEM.N,15.57143,,3311764880
2015-06-02,SEM.N,15.57143,,
2015-06-03,THR.N,,,321134600
2015-06-08,THR.N,26.25,,
2015-06-08,THR.N,26.25,,321228830
2015-06-12,THR.N,,,321017290
2015-07-02,KOS.N,,2.16667,
2015-07-02,KOS.N,11.5,2.16667,
2015-07-06,KOS.N,,,629274330
2015-07-06,THR.N,26.0,2.14286,320503500
2015-07-06,THR.N,,2.14286,
2015-07-06,THR.N,26.0,2.14286,
2015-07-07,KOS.N,,,633857670
2015-07-20,KOS.N,,,623307670
2015-08-03,KOS.N,,,610974330
2015-08-04,IMKTA.OQ,,,3810000000
2015-08-04,KOS.N,11.36364,,583346000
2015-08-04,IMKTA.OQ,,,3871000000
2015-08-04,KOS.N,11.36364,,
2015-08-05,THR.N,,,320014670
2015-08-06,THR.N,26.0,,
2015-08-06,THR.N,26.0,,319998000
2015-08-07,SEM.N,,,3376939880
2015-08-07,THR.N,,,319814670
2015-08-10,KOS.N,,,569615200
2015-08-10,SEM.N,15.85714,3.125,3499472500
2015-08-10,THR.N,,,320485330
2015-08-10,SEM.N,15.85714,3.125,
2015-08-11,SEM.N,,,3508397500
2015-08-13,SEM.N,,,3577710000
2015-08-21,KOS.N,11.27273,,
2015-08-30,SEM.N,,3.14286,3562125710
2015-08-30,SEM.N,15.83333,3.14286,3562125710
2015-08-31,KOS.N,,,569015200
2015-09-01,KOS.N,,,553679330
2015-09-01,SEM.N,15.16667,,
2015-09-02,KOS.N,11.09091,,
2015-09-07,THR.N,,,319102000
2015-09-08,KOS.N,,,571652170
2015-09-08,KOS.N,10.90909,,571652170
2015-09-09,KOS.N,10.86364,,
2015-09-10,KOS.N,,,556378250
2015-09-11,KOS.N,10.40909,,
2015-09-14,SEM.N,15.0,,
2015-09-17,THR.N,25.66667,,317602000
2015-09-17,THR.N,25.66667,,
2015-09-18,KOS.N,10.04546,,
2015-10-02,KOS.N,9.86364,,
2015-10-05,KOS.N,,,556128250
2015-10-06,SEM.N,,2.85714,3637082860
2015-10-20,SEM.N,,2.71429,
2015-10-20,SEM.N,,2.71429,3709382860
2015-10-22,KOS.N,,,521564000
2015-10-29,THR.N,,2.42857,316374500
2015-10-30,KOS.N,,,504851200
2015-10-30,SEM.N,14.5,,3705884290
2015-11-02,KOS.N,9.95455,,493351200
2015-11-02,SEM.N,13.83333,,3707541430
2015-11-02,THR.N,24.5,2.5,315692430
2015-11-02,THR.N,,2.5,
2015-11-03,KOS.N,9.86364,,482050400
2015-11-04,SEM.N,13.66667,,3708018570
2015-11-04,THR.N,21.5,,289639430
2015-11-04,THR.N,21.5,,
2015-11-05,KOS.N,9.95833,2.15385,483034330
2015-11-05,KOS.N,9.95833,2.15385,
2015-11-10,KOS.N,,,483872290
2015-11-11,THR.N,,,283950670
2015-11-16,KOS.N,9.79167,2.23077,490386570
2015-11-16,KOS.N,,2.23077,
2015-12-04,THR.N,,,283636170
2015-12-09,KOS.N,9.54167,,489029000
2015-12-10,KOS.N,9.54167,2.28571,509705250
2015-12-10,KOS.N,,2.28571,
2015-12-10,KOS.N,,2.28571,509705250
2015-12-11,IMKTA.OQ,,,3835000000
2015-12-11,IMKTA.OQ,,,
2015-12-16,KOS.N,9.45833,,
2015-12-17,KOS.N,9.41667,,
2015-12-18,SEM.N,13.5,,3711094290
2015-12-18,SEM.N,13.5,,
2015-12-22,KOS.N,9.25,,
2015-12-28,SEM.N,,,3717980000
2015-12-31,KOS.N,,,509486000
2016-01-04,KOS.N,,,508548500
2016-01-05,KOS.N,9.08333,,
2016-01-07,KOS.N,,,507673500
2016-01-07,SEM.N,13.41667,,
2016-01-11,KOS.N,8.5,2.21429,500955710
2016-01-11,KOS.N,,2.21429,500955710
2016-01-12,KOS.N,7.92308,,
2016-01-12,SEM.N,13.9,,
2016-01-12,THR.N,,,282286170
2016-01-20,KOS.N,7.83333,2.23077,499520810
2016-01-20,KOS.N,,2.23077,
2016-01-20,KOS.N,,2.23077,499520810
2016-01-22,KOS.N,7.91667,,
2016-01-22,THR.N,,2.71429,
2016-01-25,THR.N,20.75,,280752830
2016-01-25,THR.N,20.75,,
2016-01-26,KOS.N,,,482668110
2016-02-03,THR.N,,,279454830
2016-02-04,THR.N,18.5,,
2016-02-04,THR.N,18.5,,274904830
2016-02-08,THR.N,,,275196140
2016-02-09,IMKTA.OQ,,,3761000000
2016-02-17,SEM.N,13.5,,3720454290
2016-02-17,SEM.N,,,4169148570
2016-02-17,SEM.N,,,3720454290
2016-02-18,SEM.N,13.3,,
2016-02-22,KOS.N,,,632084740
2016-02-23,KOS.N,8.0,,622500240
2016-02-25,KOS.N,7.95833,,592537740
2016-02-26,SEM.N,,,4169507140
2016-02-29,SEM.N,,,4193045710
2016-03-01,SEM.N,13.1,,4196153140
2016-03-01,SEM.N,13.1,,
2016-03-02,KOS.N,8.04167,,587162740
2016-03-07,KOS.N,8.20833,,581471710
2016-03-07,SEM.N,,,4233676000
2016-03-11,KOS.N,,,576767130
2016-03-11,KOS.N,8.16667,,576767130
2016-03-15,SEM.N,,,4266776000
2016-03-16,KOS.N,8.33333,,
2016-03-18,THR.N,18.25,,
2016-03-29,KOS.N,8.08333,,553295710
2016-03-29,KOS.N,8.08333,,
2016-04-01,SEM.N,,,4283931860
2016-04-04,KOS.N,,,553724280
2016-04-04,THR.N,18.6,2.75,274796630
2016-04-04,THR.N,,2.75,
2016-04-20,KOS.N,,,553409990
2016-04-21,KOS.N,8.125,,
2016-04-21,KOS.N,8.125,,539209990
2016-04-25,KOS.N,,,539274560
2016-05-04,KOS.N,,2.38462,
2016-05-05,SEM.N,,,4283917570
2016-05-06,KOS.N,,,526431710
2016-05-06,SEM.N,13.7,,4327411860
2016-05-06,SEM.N,13.7,,
2016-05-09,KOS.N,,,500874560
2016-05-09,SEM.N,,,4346805710
2016-05-10,IMKTA.OQ,,,3774000000
2016-05-10,KOS.N,,,500423990
2016-05-11,KOS.N,,2.30769,463995990
2016-05-11,KOS.N,,2.30769,
2016-05-12,KOS.N,,,447531490
2016-05-12,SEM.N,,,4363806670
2016-05-13,KOS.N,8.0,,446768990
2016-05-13,SEM.N,,,4355368000
2016-05-16,KOS.N,7.91667,,
2016-05-16,KOS.N,7.91667,,371558200
2016-05-20,KOS.N,,,375313400
2016-05-20,SEM.N,12.125,,
2016-05-23,KOS.N,7.95833,,
2016-05-25,KOS.N,7.91667,,
2016-05-25,SEM.N,12.625,,
2016-05-25,THR.N,19.2,,
2016-05-25,KOS.N,7.91667,,392094500
2016-05-25,SEM.N,12.625,,4357106670
2016-05-25,THR.N,19.2,,273270130
2016-05-26,THR.N,,,278717500
2016-05-27,THR.N,,,280897750
2016-06-01,THR.N,,,283454570
2016-06-21,THR.N,20.2,,283685250
2016-06-29,THR.N,20.4,,284547750
2016-07-05,KOS.N,,,389608830
2016-07-05,SEM.N,,,4356922000
2016-07-11,KOS.N,8.08333,,
2016-07-12,KOS.N,,,409936140
2016-07-13,KOS.N,,,414162860
2016-07-18,KOS.N,8.04167,,414020000
2016-07-18,KOS.N,8.04167,,
2016-07-20,KOS.N,,,411591430
2016-08-03,KOS.N,,,408077140
2016-08-03,THR.N,20.0,,282901630
2016-08-04,SEM.N,14.1,,
2016-08-04,SEM.N,14.1,,4356879140
2016-08-04,THR.N,19.6,,283136250
2016-08-05,IMKTA.OQ,,,3790000000
2016-08-05,SEM.N,,,4338083430
2016-08-05,IMKTA.OQ,,,3866000000
2016-08-08,KOS.N,,,401303290
2016-08-08,SEM.N,,,4327651860
2016-08-09,SEM.N,,,4315294710
2016-08-11,KOS.N,8.09091,2.16667,
2016-08-11,KOS.N,8.09091,2.16667,401303290
2016-08-11,SEM.N,,,4308541500
2016-08-11,KOS.N,,2.16667,
2016-08-15,KOS.N,,,359466400
2016-08-17,KOS.N,8.13636,,
2016-08-17,SEM.N,,,4310374830
2016-08-31,KOS.N,,2.08333,
2016-08-31,KOS.N,8.40909,2.08333,372026400
2016-08-31,KOS.N,8.40909,2.08333,
2016-09-06,KOS.N,,,368906400
2016-09-06,SEM.N,,,4310291500
2016-09-09,THR.N,19.8,,283286250
2016-09-12,KOS.N,,,384403830
2016-09-27,KOS.N,,,367315000
2016-09-28,SEM.N,13.41667,2.85714,4312903290
2016-09-28,SEM.N,,2.85714,
2016-09-28,SEM.N,13.41667,2.85714,
2016-10-04,SEM.N,,,4315389000
2016-10-05,THR.N,19.6,,283498750
2016-10-05,THR.N,19.6,,
2016-10-12,KOS.N,,,367315000
2016-10-12,THR.N,,2.75,
2016-10-13,KOS.N,8.31818,,
2016-10-13,KOS.N,8.31818,,352218170
2016-10-14,KOS.N,,,380861800
2016-10-17,THR.N,,,284348750
2016-10-19,KOS.N,,,412751500
2016-10-26,KOS.N,,,405517330
2016-10-27,KOS.N,8.13636,,
2016-11-02,SEM.N,12.7,,
2016-11-02,THR.N,18.6,,272937750
2016-11-02,THR.N,18.6,,
2016-11-03,SEM.N,,,4315374710
2016-11-04,SEM.N,,,4304191290
2016-11-04,THR.N,,,270993000
2016-11-06,SEM.N,13.41667,,
2016-11-07,KOS.N,,,443075000
2016-11-07,SEM.N,,,4301971710
2016-11-10,SEM.N,,,4297067430
2016-11-11,KOS.N,,,442850000
2016-11-11,SEM.N,13.25,,
2016-11-14,KOS.N,,,371100000
2016-11-17,KOS.N,,,384733330
2016-11-28,KOS.N,,2.07692,
2016-11-28,KOS.N,,2.07692,384733330
2016-11-28,KOS.N,8.13636,2.07692,384733330
2016-12-02,KOS.N,8.31818,,
2016-12-07,KOS.N,,,384733330
2016-12-14,THR.N,19.4,,
2016-12-15,KOS.N,8.22727,,
2016-12-19,KOS.N,8.45455,1.92308,
2016-12-19,SEM.N,,,4292889290
2016-12-19,KOS.N,,1.92308,
2016-12-20,IMKTA.OQ,,,
2016-12-20,IMKTA.OQ,,,3871000000
2016-12-20,KOS.N,8.72727,,395550000
2017-01-03,KOS.N,,,440400000
2017-01-03,SEM.N,,3.0,
2017-01-03,KOS.N,8.72727,,440400000
2017-01-03,SEM.N,11.9,3.0,
2017-01-04,SEM.N,12.1,,
2017-01-05,KOS.N,8.59091,,
2017-01-09,SEM.N,12.7,,
2017-01-10,THR.N,19.8,,
2017-01-11,KOS.N,8.72727,,
2017-01-24,KOS.N,,,440460000
2017-01-27,SEM.N,12.9,,
2017-01-30,KOS.N,,1.92857,
2017-01-30,SEM.N,,3.33333,
2017-01-30,KOS.N,9.0,1.92857,
2017-01-30,SEM.N,,3.33333,4484978170
2017-01-31,KOS.N,,,441760000
2017-02-03,IMKTA.OQ,,,3869000000
2017-02-06,THR.N,20.0,,
2017-02-08,THR.N,19.2,,267690000
2017-02-09,THR.N,19.8,,265626000
2017-02-09,THR.N,19.8,,
2017-02-15,THR.N,,,262572570
2017-02-24,SEM.N,,,4479749830
2017-02-27,KOS.N,,,687335140
2017-02-27,SEM.N,,,4468678500
2017-02-28,KOS.N,9.08333,,680363710
2017-02-28,SEM.N,,,4467713830
2017-02-28,KOS.N,9.08333,,
2017-03-02,THR.N,,2.75,
2017-03-06,KOS.N,,,672709200
2017-03-09,KOS.N,,,664229200
2017-03-09,KOS.N,9.16667,,664229200
2017-03-16,KOS.N,9.20833,,
2017-03-20,KOS.N,9.29167,,
2017-03-27,KOS.N,9.375,,
2017-03-27,THR.N,20.4,2.625,262715430
2017-03-27,THR.N,,2.625,
2017-03-27,THR.N,20.4,2.625,
2017-03-30,KOS.N,,,668221200
2017-03-31,SEM.N,13.41667,3.14286,4468126140
2017-03-31,SEM.N,,3.14286,
2017-03-31,SEM.N,13.41667,3.14286,
2017-04-05,KOS.N,,,664592400
2017-04-05,SEM.N,,,4466850430
2017-04-06,SEM.N,,,4468518460
2017-04-11,SEM.N,,,4468218460
2017-04-17,SEM.N,,,4468518460
2017-04-21,KOS.N,,,659327000
2017-04-24,KOS.N,,,668554670
2017-04-25,KOS.N,,,668521170
2017-05-04,IMKTA.OQ,,,3877000000
2017-05-05,SEM.N,,,4460607030
2017-05-08,KOS.N,9.58333,,667216800
2017-05-08,SEM.N,13.58333,,4447723170
2017-05-08,KOS.N,,,667216800
2017-05-08,SEM.N,13.58333,,
2017-05-09,KOS.N,9.66667,,
2017-05-09,SEM.N,,,4453120310
2017-05-11,SEM.N,,,4469391670
2017-05-15,KOS.N,9.91667,,661596800
2017-05-15,KOS.N,,,661596800
2017-05-16,KOS.N,10.0,,
2017-05-17,KOS.N,,,657196800
2017-05-17,SEM.N,,,4458178570
2017-05-24,THR.N,,,271530500
2017-05-25,KOS.N,,,680050000
2017-05-25,THR.N,19.8,,262426140
2017-05-26,THR.N,19.4,,
2017-05-26,THR.N,19.4,,261797250
2017-05-30,KOS.N,,,660881200
2017-05-31,SEM.N,13.78571,,
2017-06-07,KOS.N,9.91667,,
2017-06-19,KOS.N,,1.93333,
2017-06-19,KOS.N,,1.93333,658067670
2017-06-21,KOS.N,9.83333,,
2017-06-26,KOS.N,,,646034330
2017-06-26,KOS.N,9.75,,646034330
2017-07-06,KOS.N,9.58333,,
2017-07-06,SEM.N,13.58333,3.16667,4450508330
2017-07-10,KOS.N,9.54546,1.92857,646034330
2017-07-10,SEM.N,14.5,3.0,4448664290
2017-07-10,KOS.N,,1.92857,646034330
2017-07-10,SEM.N,,3.0,
2017-07-10,KOS.N,,1.92857,
2017-07-12,THR.N,,2.66667,
2017-07-12,THR.N,,2.66667,262375330
2017-07-14,KOS.N,9.45455,,
2017-07-18,KOS.N,9.36364,,
2017-07-20,KOS.N,,,640295670
2017-07-21,KOS.N,9.27273,,
2017-08-01,THR.N,,,261422670
2017-08-02,KOS.N,,,632495670
2017-08-02,THR.N,18.8,,254944890
2017-08-02,THR.N,18.8,,
2017-08-04,IMKTA.OQ,,,3895000000
2017-08-04,KOS.N,9.33333,1.93333,614131430
2017-08-04,SEM.N,15.0,,4446284290
2017-08-04,THR.N,,,252612220
2017-08-04,KOS.N,,1.93333,
2017-08-04,IMKTA.OQ,,,3972000000
2017-08-04,KOS.N,9.33333,1.93333,
2017-08-07,KOS.N,,,612396250
2017-08-07,SEM.N,17.28571,2.71429,4444807710
2017-08-08,KOS.N,,,607896250
2017-08-09,THR.N,,,251513750
2017-08-14,KOS.N,,,603033750
2017-08-18,KOS.N,,,601908750
2017-08-18,THR.N,18.0,2.88889,
2017-08-18,THR.N,,2.88889,
2017-08-21,KOS.N,9.41667,,
2017-08-21,KOS.N,9.41667,,599008130
2017-08-29,KOS.N,,,594758130
2017-08-30,SEM.N,,2.5,
2017-08-30,SEM.N,17.83333,2.5,4444980670
2017-08-30,SEM.N,,2.5,4444980670
2017-09-05,KOS.N,,2.0,
2017-09-05,KOS.N,,2.0,591673890
2017-09-05,KOS.N,9.0,2.0,591673890
2017-09-19,KOS.N,9.03846,,
2017-09-25,KOS.N,9.15385,,
2017-09-26,THR.N,17.83333,,252078890
2017-09-28,KOS.N,9.30769,,
2017-09-28,KOS.N,9.30769,,591628000
2017-09-29,KOS.N,,2.05882,600772200
2017-09-29,KOS.N,,2.05882,
2017-10-03,KOS.N,,,601007800
2017-10-04,KOS.N,,2.17647,
2017-10-04,THR.N,18.83333,,251626250
2017-10-05,THR.N,19.5,,251572860
2017-10-05,THR.N,19.5,,
2017-10-09,THR.N,,2.875,251051670
2017-10-09,THR.N,,2.875,
2017-10-11,KOS.N,9.38462,,
2017-10-16,KOS.N,,,602948200
2017-10-16,THR.N,,,250799170
2017-10-17,THR.N,20.16667,,
2017-10-20,THR.N,,3.14286,
2017-10-20,THR.N,19.2,3.14286,249639000
2017-10-23,SEM.N,18.16667,,
2017-10-23,THR.N,20.2,,249039000
2017-10-24,KOS.N,,2.125,
2017-10-24,SEM.N,19.33333,,
2017-10-24,THR.N,21.2,,
2017-10-24,KOS.N,9.62143,2.125,629167700
2017-10-24,SEM.N,19.33333,,4442280670
2017-10-24,THR.N,21.2,,291059500
2017-10-25,KOS.N,9.69286,,622267700
2017-10-25,THR.N,,,290963400
2017-10-25,KOS.N,,,622267700
2017-10-26,KOS.N,,2.0625,
2017-10-26,KOS.N,9.83571,2.0625,
2017-10-27,KOS.N,,,625527700
2017-10-27,KOS.N,9.97857,,625527700
2017-10-31,KOS.N,9.90714,,
2017-11-01,SEM.N,,,4438430670
2017-11-02,SEM.N,19.30833,,
2017-11-03,SEM.N,19.475,,
2017-11-03,SEM.N,19.475,,4438697330
2017-11-06,KOS.N,10.05,,630921100
2017-11-06,SEM.N,,,4435862000
2017-11-07,KOS.N,10.1,,
2017-11-07,KOS.N,10.1,,602114100
2017-11-09,KOS.N,,,602514100
2017-11-20,KOS.N,10.17143,,
2017-11-21,KOS.N,,2.11765,602062820
2017-11-21,KOS.N,,2.11765,
2017-11-21,KOS.N,10.11106,2.11765,602062820
2017-11-22,KOS.N,10.04439,,
2017-11-27,KOS.N,,,600513270
2017-11-27,THR.N,21.6,,288669500
2017-11-27,THR.N,,,288669500
2017-11-28,THR.N,,2.85714,
2017-11-30,KOS.N,,,606513270
2017-12-05,KOS.N,10.03106,,607025090
2017-12-05,KOS.N,,,607025090
2017-12-07,SEM.N,,,4435428670
2017-12-08,IMKTA.OQ,,,4010000000
2017-12-08,IMKTA.OQ,,,
2017-12-11,KOS.N,10.12613,2.1875,
2017-12-11,KOS.N,,2.1875,
2017-12-12,KOS.N,9.94756,,607121910
2017-12-13,KOS.N,,2.23529,
2017-12-13,KOS.N,9.94756,2.23529,610446730
2017-12-13,KOS.N,9.94756,2.23529,
2017-12-14,KOS.N,,,621096800
2017-12-15,KOS.N,,,623266800
2017-12-20,KOS.N,9.87613,,
2017-12-20,KOS.N,9.87613,,625066800
2017-12-21,KOS.N,,,625948500
2018-01-03,KOS.N,9.80471,,
2018-01-04,SEM.N,19.975,2.33333,
2018-01-08,KOS.N,9.75342,2.17647,
2018-01-11,KOS.N,,,626948500
2018-01-24,KOS.N,9.78913,2.05882,627550500
2018-01-24,KOS.N,9.78913,2.05882,
2018-01-26,THR.N,21.8,,
2018-01-30,SEM.N,,2.14286,
2018-01-30,KOS.N,,,626870500
2018-01-30,SEM.N,20.83571,2.14286,4432496000
2018-01-31,KOS.N,,,623625300
2018-02-01,KOS.N,,,620855600
2018-02-05,KOS.N,,2.11765,
2018-02-05,KOS.N,,2.11765,619328440
2018-02-05,KOS.N,8.8427,2.11765,619328440
2018-02-08,THR.N,23.0,,295845330
2018-02-09,KOS.N,8.69984,,
2018-02-09,THR.N,23.8,,299267430
2018-02-12,IMKTA.OQ,,,4021000000
2018-02-12,THR.N,24.2,,300553140
2018-02-12,THR.N,24.2,,
2018-02-13,THR.N,,,302224860
2018-02-20,SEM.N,,,4998724860
2018-02-21,KOS.N,8.52291,,
2018-02-21,SEM.N,20.85714,,
2018-02-22,SEM.N,21.0,,5000193430
2018-02-23,SEM.N,21.28571,,5073764860
2018-02-26,KOS.N,8.62842,,872437730
2018-02-26,SEM.N,21.71429,,5150535430
2018-02-26,KOS.N,8.62842,,
2018-02-26,SEM.N,21.71429,,
2018-02-27,KOS.N,,,878384090
2018-02-27,SEM.N,,2.0,5147826430
2018-03-01,KOS.N,,,886530820
2018-03-05,KOS.N,,,840703290
2018-03-12,KOS.N,,,908563000
2018-03-13,KOS.N,,2.0,835172000
2018-03-13,KOS.N,8.69984,2.0,835172000
2018-03-13,KOS.N,,2.0,
2018-03-20,KOS.N,8.61986,,
2018-04-08,KOS.N,8.65319,,
2018-04-10,THR.N,25.25,2.5,302245670
2018-04-10,THR.N,,,302245670
2018-04-12,SEM.N,23.33333,,
2018-04-13,KOS.N,8.66986,,
2018-04-15,SEM.N,,2.0,
2018-04-15,SEM.N,23.2,2.0,
2018-04-15,SEM.N,23.2,2.0,5148597500
2018-04-19,KOS.N,,,833445110
2018-04-23,KOS.N,8.61652,,814700600
2018-04-23,KOS.N,8.61652,,
2018-04-24,KOS.N,,,815370600
2018-04-26,THR.N,,2.33333,
2018-04-26,KOS.N,,,831800300
2018-04-26,THR.N,26.25,2.33333,
2018-04-30,SEM.N,,,5147397500
2018-05-04,SEM.N,,,5131421000
2018-05-07,SEM.N,,,5123630670
2018-05-08,KOS.N,,2.11765,
2018-05-08,KOS.N,8.62319,2.11765,832333200
2018-05-08,SEM.N,,,5128264000
2018-05-09,KOS.N,8.62652,,831833200
2018-05-10,KOS.N,8.75986,,841324200
2018-05-10,KOS.N,8.75986,,
2018-05-11,IMKTA.OQ,,,4045000000
2018-05-14,KOS.N,,,846548500
2018-05-17,KOS.N,,,865673500
2018-05-17,KOS.N,8.93652,2.05882,865673500
2018-05-18,KOS.N,8.78913,2.0625,
2018-05-24,THR.N,25.5,,371419670
2018-05-24,THR.N,25.5,,
2018-05-29,THR.N,,,371042830
2018-05-31,THR.N,,,369427750
2018-06-03,THR.N,,,369635000
2018-06-04,KOS.N,,,865673500
2018-06-04,THR.N,26.25,,
2018-06-07,THR.N,,,370035000
2018-06-11,KOS.N,,1.9375,
2018-06-11,KOS.N,8.96056,1.9375,
2018-06-11,KOS.N,8.96056,1.9375,884798500
2018-06-21,KOS.N,,,871242170
2018-06-26,KOS.N,8.89627,,871075500
2018-07-05,KOS.N,9.18199,1.875,
2018-07-05,KOS.N,9.18199,1.875,865464710
2018-07-19,KOS.N,,,865505140
2018-07-20,KOS.N,,,870790860
2018-07-30,SEM.N,,,5124280670
2018-08-01,THR.N,26.75,,
2018-08-01,THR.N,26.75,,374962500
2018-08-02,KOS.N,,,843033710
2018-08-02,THR.N,,,376568000
2018-08-03,SEM.N,23.7,,5116175670
2018-08-06,KOS.N,9.32484,1.78571,
2018-08-06,SEM.N,24.5,,
2018-08-06,THR.N,27.5,,
2018-08-06,KOS.N,9.32484,1.78571,864076570
2018-08-06,SEM.N,24.5,,5122624500
2018-08-06,THR.N,27.5,,381800830
2018-08-06,KOS.N,,1.78571,
2018-08-07,KOS.N,,,884599430
2018-08-09,SEM.N,,,5121273000
2018-08-16,KOS.N,,,886599430
2018-08-20,KOS.N,,,905713710
2018-08-23,KOS.N,,,922942290
2018-08-28,KOS.N,,,922570710
2018-08-29,KOS.N,9.39627,,921713570
2018-09-03,KOS.N,9.53913,,
2018-09-03,KOS.N,9.53913,,921713570
2018-09-04,SEM.N,,,5118092000
2018-09-07,KOS.N,,,918950140
2018-09-17,KOS.N,9.53913,,
2018-09-18,KOS.N,9.61056,,
2018-09-20,KOS.N,9.64627,,
2018-09-26,KOS.N,,1.85714,
2018-09-26,SEM.N,23.9,,
2018-09-27,KOS.N,9.78913,,932941830
2018-10-01,KOS.N,9.78913,1.93333,960757670
2018-10-01,KOS.N,,1.93333,960757670
2018-10-01,KOS.N,,1.93333,
2018-10-08,KOS.N,10.18199,,
2018-10-09,KOS.N,10.25342,,961524330
2018-10-09,KOS.N,10.25342,,
2018-10-10,KOS.N,,,965191000
2018-10-11,KOS.N,,,975357140
2018-10-15,KOS.N,,1.92857,
2018-10-15,KOS.N,,1.92857,979028570
2018-10-16,SEM.N,,2.14286,
2018-10-16,SEM.N,22.91667,2.14286,
2018-10-16,SEM.N,22.91667,2.14286,5115510570
2018-10-18,KOS.N,10.19627,,967397140
2018-10-19,KOS.N,10.28556,,990825710
2018-10-22,KOS.N,10.31413,,994768570
2018-10-22,KOS.N,10.31413,,
2018-10-23,KOS.N,,,996625710
2018-10-25,KOS.N,,,1005325710
2018-10-26,SEM.N,,,5115139140
2018-10-31,KOS.N,10.31413,,
2018-10-31,THR.N,,,382275000
2018-11-01,KOS.N,10.42652,1.93333,1023535000
2018-11-01,THR.N,27.5,2.16667,383108330
2018-11-01,KOS.N,,1.93333,
2018-11-01,THR.N,27.5,2.16667,
2018-11-01,THR.N,,2.16667,
2018-11-02,SEM.N,,,5101989140
2018-11-02,THR.N,,,384185170
2018-11-05,KOS.N,10.44839,,1004285000
2018-11-05,SEM.N,23.58333,,5087979860
2018-11-05,THR.N,28.5,,384968500
2018-11-05,SEM.N,23.58333,,
2018-11-05,THR.N,28.5,,
2018-11-06,KOS.N,10.35506,1.86667,1003960630
2018-11-06,KOS.N,,1.86667,
2018-11-08,SEM.N,,,5085612000
2018-11-14,KOS.N,10.32172,,999298330
2018-11-14,KOS.N,10.32172,,
2018-11-15,KOS.N,,,997520560
2018-11-27,KOS.N,10.45184,1.85714,993870110
2018-11-30,KOS.N,,1.86667,
2018-11-30,KOS.N,10.45184,1.86667,968183100
2018-11-30,KOS.N,,1.86667,968183100
2018-12-05,THR.N,,,385089830
2018-12-10,IMKTA.OQ,,,4171000000
2018-12-10,IMKTA.OQ,,,
2018-12-14,SEM.N,,2.25,
2018-12-14,KOS.N,9.86056,,
2018-12-14,SEM.N,23.07143,2.25,5087381710
2018-12-14,SEM.N,,2.25,5087381710
2018-12-17,KOS.N,9.78913,,962172600
2018-12-17,KOS.N,,,962172600
2018-12-18,KOS.N,9.74356,,
2018-12-19,KOS.N,9.38642,1.85714,987191780
2018-12-19,KOS.N,,1.85714,987191780
2018-12-19,KOS.N,,1.85714,
2018-12-20,KOS.N,8.88642,,
2018-12-21,KOS.N,8.64627,,984447330
2018-12-31,KOS.N,8.64627,1.84615,990043750
2019-01-03,KOS.N,,1.69231,
2019-01-03,KOS.N,8.57484,1.69231,1026038890
2019-01-03,SEM.N,22.57143,,
2019-01-04,SEM.N,22.14286,,
2019-01-06,KOS.N,,,1015350900
2019-01-06,SEM.N,,,5087382570
2019-01-07,KOS.N,8.50342,,
2019-01-07,SEM.N,21.0,,
2019-01-08,KOS.N,8.5,,
2019-01-08,SEM.N,20.42857,,
2019-01-09,KOS.N,8.34615,,
2019-01-10,KOS.N,8.26923,,
2019-01-14,SEM.N,,,5085479630
2019-01-28,KOS.N,,,1014816900
2019-01-28,THR.N,28.25,,
2019-01-30,THR.N,,,390648330
2019-01-31,THR.N,,,393198330
2019-02-04,THR.N,,,397215830
2019-02-06,THR.N,,,399759000
2019-02-07,IMKTA.OQ,,,4200000000
2019-02-11,THR.N,27.5,,400115830
2019-02-11,THR.N,,,400115830
2019-02-20,KOS.N,,,1011946900
2019-02-20,SEM.N,19.5,2.42857,5084476710
2019-02-20,SEM.N,19.5,2.42857,
2019-02-20,SEM.N,,2.42857,
2019-02-21,SEM.N,,,5310913570
2019-02-22,SEM.N,,,5299702140
2019-02-24,SEM.N,19.16667,,
2019-02-25,KOS.N,8.30769,,1562384330
2019-02-25,SEM.N,,,5295254290
2019-02-26,KOS.N,8.46154,,1521050560
2019-02-27,KOS.N,8.73077,,1489050560
2019-02-27,KOS.N,,,1489050560
2019-02-28,KOS.N,8.80833,,
2019-03-03,THR.N,28.5,,
2019-03-04,KOS.N,,,1409336430
2019-03-05,KOS.N,8.89167,,
2019-03-06,KOS.N,9.01667,,1416419380
2019-03-06,KOS.N,,,1416419380
2019-03-11,KOS.N,,1.71429,
2019-03-14,SEM.N,,,5290886570
2019-03-20,KOS.N,9.05833,,
2019-03-22,KOS.N,,,1433817220
2019-03-27,KOS.N,,,1433817220
2019-03-27,KOS.N,,1.76923,1433817220
2019-03-29,KOS.N,,1.76923,
2019-04-04,KOS.N,9.01667,,
2019-04-08,KOS.N,9.01818,1.83333,
2019-04-15,KOS.N,,1.81818,
2019-04-15,KOS.N,9.02,1.81818,
2019-04-16,KOS.N,9.07,,1442541560
2019-04-16,KOS.N,,,1442541560
2019-04-17,KOS.N,9.22,1.81818,
2019-04-17,THR.N,29.0,,
2019-04-25,KOS.N,,,1436097110
2019-04-26,THR.N,29.33333,2.2,400139000
2019-04-29,KOS.N,,,1435986000
2019-05-01,KOS.N,,1.83333,
2019-05-01,KOS.N,9.33636,1.83333,
2019-05-01,KOS.N,9.33636,1.83333,1458511200
2019-05-02,KOS.N,,,1388111200
2019-05-02,SEM.N,,,5290875860
2019-05-03,SEM.N,19.0,,5291188710
2019-05-03,SEM.N,19.0,,
2019-05-06,KOS.N,9.54391,,1518683400
2019-05-06,SEM.N,,,5301691860
2019-05-07,KOS.N,9.49846,,1520383400
2019-05-07,KOS.N,,,1520383400
2019-05-08,SEM.N,18.83333,,5304263290
2019-05-09,IMKTA.OQ,,,4198000000
2019-05-17,SEM.N,18.71429,2.28571,5319357860
2019-05-17,THR.N,27.0,2.25,400273750
2019-05-17,THR.N,,2.25,
2019-05-17,SEM.N,,2.28571,5319357860
2019-05-17,THR.N,27.0,2.25,411418000
2019-05-17,SEM.N,,2.28571,
2019-05-17,THR.N,27.0,2.25,
2019-05-24,KOS.N,9.58936,,
2019-05-29,KOS.N,,,1530183400
2019-06-06,KOS.N,,,1560537110
2019-06-10,THR.N,,,414900250
2019-06-11,THR.N,,,420142750
2019-06-13,THR.N,,,423690330
2019-06-20,KOS.N,,,1559770780
2019-06-24,KOS.N,,,1561993000
2019-06-25,KOS.N,9.56364,,1564193700
2019-06-25,KOS.N,9.56364,,
2019-06-28,KOS.N,,,1568393700
2019-07-15,KOS.N,9.48182,,1563393700
2019-07-15,KOS.N,9.48182,,
2019-07-17,KOS.N,,,1560560800
2019-07-18,SEM.N,18.14286,,
2019-07-22,THR.N,,,423942750
2019-07-22,THR.N,28.0,,423942750
2019-07-29,KOS.N,,,1552390800
2019-07-30,KOS.N,9.3,,
2019-08-01,SEM.N,,,5321977000
2019-08-01,THR.N,26.0,,
2019-08-02,SEM.N,,,5323738430
2019-08-05,KOS.N,,,1542043000
2019-08-05,SEM.N,,,5317251710
2019-08-06,KOS.N,9.25455,,1533965400
2019-08-06,KOS.N,9.25455,,
2019-08-08,KOS.N,,,1529565400
2019-08-08,SEM.N,,,5321793670
2019-08-08,THR.N,28.0,,
2019-08-09,IMKTA.OQ,,,4322000000
2019-08-09,IMKTA.OQ,,,4207000000
2019-08-09,THR.N,,,424563250
2019-08-12,KOS.N,9.16364,,1553739330
2019-08-12,KOS.N,9.16364,,
2019-08-13,THR.N,,,424963250
2019-08-14,SEM.N,,,5320537430
2019-08-15,THR.N,,,425284330
2019-08-16,KOS.N,,,1553765400
2019-08-26,KOS.N,9.16364,,
2019-08-27,KOS.N,,,1550685400
2019-08-28,SEM.N,,,5313194860
2019-08-30,KOS.N,,,1546285400
2019-09-03,KOS.N,9.18,1.81818,
2019-09-03,KOS.N,,1.81818,
2019-09-06,SEM.N,18.28571,,
2019-09-09,KOS.N,9.18,,
2019-09-16,SEM.N,,2.25,
2019-09-16,SEM.N,18.75,2.25,5318220500
2019-09-24,KOS.N,,,1563685400
2019-10-09,KOS.N,,,1564485400
2019-10-10,KOS.N,9.08,,1561385400
2019-10-21,KOS.N,9.055,,1555118000
2019-10-28,KOS.N,8.975,,1551457800
2019-11-01,SEM.N,19.375,,5346372880
2019-11-04,KOS.N,9.155,,1532804600
2019-11-04,SEM.N,21.0,2.14286,5393542860
2019-11-04,SEM.N,,2.14286,
2019-11-05,THR.N,,,425033330
2019-11-06,KOS.N,9.2,1.8,1522798440
2019-11-06,KOS.N,,1.8,
2019-11-07,KOS.N,9.27778,,1523242890
2019-11-07,KOS.N,9.27778,,
2019-11-08,THR.N,,,424892670
2019-11-11,THR.N,29.0,,
2019-11-11,KOS.N,,,1522148250
2019-11-11,THR.N,29.0,,426026000
2019-11-18,KOS.N,9.38889,,
2019-11-18,SEM.N,22.14286,,5414038570
2019-11-25,KOS.N,,,1516455140
2019-11-26,KOS.N,9.27778,,
2019-11-26,THR.N,,,422444500
2019-11-27,KOS.N,,,1512148250
2019-11-27,SEM.N,22.71429,,5414810000
2019-11-27,SEM.N,,,5414810000
2019-12-05,KOS.N,9.22222,,1504773250
2019-12-05,KOS.N,9.22222,,
2019-12-06,SEM.N,23.28571,,
2019-12-09,KOS.N,,,1483522000
2019-12-10,KOS.N,8.88889,,1482272000
2019-12-11,IMKTA.OQ,,,4317000000
2019-12-11,SEM.N,23.57143,2.28571,
2019-12-11,IMKTA.OQ,,,
2019-12-11,SEM.N,,2.28571,
2019-12-13,KOS.N,8.76667,,1474897000
2019-12-13,KOS.N,,,1474897000
2019-12-16,KOS.N,8.65556,,
2019-12-17,KOS.N,,,1474127000
2019-12-25,KOS.N,,,1474127000
2019-12-31,THR.N,28.0,2.33333,426026000
2019-12-31,THR.N,,2.33333,
2020-01-06,KOS.N,8.76667,,
2020-01-08,SEM.N,24.14286,,
2020-01-09,KOS.N,,,1475252000
2020-01-13,KOS.N,,,1478627000
2020-01-17,KOS.N,,1.72727,
2020-01-17,KOS.N,8.69,1.72727,
2020-01-17,KOS.N,8.69,1.72727,1484641780
2020-01-24,KOS.N,,,1486775110
2020-01-27,SEM.N,25.85714,,
2020-01-27,SEM.N,25.85714,,5654979000
2020-02-06,THR.N,25.0,,412759330
2020-02-06,THR.N,25.0,,
2020-02-07,THR.N,,,400041670
2020-02-10,KOS.N,8.54,,
2020-02-10,THR.N,,,387608670
2020-02-21,SEM.N,28.0,,5645533290
2020-02-24,KOS.N,,,1451077440
2020-02-24,SEM.N,30.71429,,5660674570
2020-02-24,SEM.N,30.71429,,
2020-02-25,KOS.N,8.41,,1452201890
2020-02-26,KOS.N,7.91,,1413646330
2020-03-02,KOS.N,7.31,1.90909,1371917670
2020-03-02,KOS.N,,1.90909,1371917670
2020-03-02,KOS.N,,1.90909,
2020-03-04,KOS.N,7.21,,
2020-03-09,KOS.N,7.01,,1365162110
2020-03-10,KOS.N,,,1341454330
2020-03-10,KOS.N,6.37778,1.9,1341454330
2020-03-13,KOS.N,5.915,2.0,
2020-03-15,THR.N,,2.25,386756500
2020-03-15,THR.N,,2.25,
2020-03-16,KOS.N,4.625,2.27273,1283898780
2020-03-16,THR.N,19.5,,
2020-03-17,KOS.N,4.13636,2.36364,1112594600
2020-03-17,KOS.N,4.13636,,1112594600
2020-03-17,KOS.N,4.13636,,
2020-03-18,KOS.N,,2.41667,
2020-03-19,SEM.N,,,5653431710
2020-03-20,KOS.N,,,1110741600
2020-03-24,SEM.N,29.57143,,5614903140
2020-03-25,KOS.N,4.1,,
2020-03-31,KOS.N,4.06818,,1081598600
2020-04-01,KOS.N,3.47727,2.5,1031798600
2020-04-01,THR.N,,,387356500
2020-04-01,KOS.N,3.47727,2.5,
2020-04-01,KOS.N,,2.5,
2020-04-02,THR.N,20.0,,
2020-04-03,SEM.N,28.71429,,5563938290
2020-04-09,KOS.N,,,1010089640
2020-04-15,KOS.N,3.43182,,994271460
2020-04-15,KOS.N,3.43182,,
2020-04-16,KOS.N,,,994198730
2020-04-16,THR.N,,,383073000
2020-04-20,KOS.N,3.175,,
2020-04-20,SEM.N,27.85714,,5502617000
2020-04-21,THR.N,18.5,,
2020-04-21,SEM.N,26.0,,5498688430
2020-04-21,THR.N,18.5,,337889330
2020-04-23,SEM.N,24.71429,,5418831290
2020-04-28,KOS.N,3.19,,983634000
2020-04-28,KOS.N,,,983634000
2020-04-29,KOS.N,2.45,,
2020-05-01,SEM.N,23.71429,,5375692710
2020-05-04,KOS.N,,,972634000
2020-05-04,SEM.N,23.0,,5417227860
2020-05-04,SEM.N,23.0,,
2020-05-07,SEM.N,,,5376530670
2020-05-11,KOS.N,2.445,,945688550
2020-05-12,KOS.N,2.43,,883746730
2020-05-13,KOS.N,,2.5,
2020-05-13,KOS.N,2.46,2.5,874763090
2020-05-14,KOS.N,2.47,,874308550
2020-05-14,SEM.N,22.83333,2.33333,5414416800
2020-05-14,SEM.N,22.83333,2.33333,
2020-05-18,KOS.N,,,828639400
2020-05-18,KOS.N,2.5,,828639400
2020-05-22,KOS.N,2.6,,
2020-05-25,KOS.N,,,826639400
2020-05-27,KOS.N,,,822439400
2020-05-27,KOS.N,2.715,,822439400
2020-06-02,THR.N,,,334311330
2020-06-03,THR.N,,,307146670
2020-06-05,SEM.N,,,5388772600
2020-06-11,SEM.N,22.2,2.4,5388772600
2020-06-14,KOS.N,2.735,,
2020-06-15,THR.N,17.0,,299410000
2020-06-15,THR.N,17.0,,
2020-06-16,SEM.N,21.6,2.6,
2020-06-16,SEM.N,,2.6,
2020-06-16,KOS.N,,,831427000
2020-06-16,SEM.N,21.6,2.6,5332778600
2020-06-22,KOS.N,,,847359000
2020-06-22,KOS.N,2.76,,847359000
2020-06-23,KOS.N,2.76,,
2020-06-25,THR.N,,,297210000
2020-06-29,KOS.N,2.74,,860359000
2020-06-29,KOS.N,2.74,,
2020-07-03,KOS.N,,,859759000
2020-07-08,KOS.N,2.79,,
2020-07-12,KOS.N,2.87,,
2020-07-12,KOS.N,2.87,,863959000
2020-07-14,SEM.N,,,5324744400
2020-07-20,KOS.N,,,860269000
2020-07-22,KOS.N,2.86,,841148000
2020-07-22,KOS.N,2.86,,
2020-07-30,KOS.N,,,837048000
2020-07-31,SEM.N,22.0,,
2020-08-03,KOS.N,2.789,,826458000
2020-08-03,SEM.N,23.2,,5405843000
2020-08-04,SEM.N,23.6,,
2020-08-04,KOS.N,2.714,,821634600
2020-08-04,SEM.N,23.6,,5415243000
2020-08-06,KOS.N,2.704,,
2020-08-06,KOS.N,2.704,2.41667,
2020-08-06,KOS.N,2.704,2.41667,818834600
2020-08-07,THR.N,,,295193250
2020-08-10,THR.N,,,287646500
2020-08-11,THR.N,,,287046500
2020-08-12,KOS.N,,,811418250
2020-09-04,KOS.N,,2.36364,813906570
2020-09-04,KOS.N,,2.36364,
2020-09-09,KOS.N,2.654,,821349250
2020-09-09,KOS.N,,,821349250
2020-09-10,KOS.N,2.674,,
2020-09-16,KOS.N,2.474,,824724250
2020-09-16,KOS.N,2.474,,
2020-09-21,THR.N,,,286971500
2020-09-29,KOS.N,,,824724250
2020-09-30,SEM.N,,,5413983000
2020-10-06,KOS.N,,,829256290
2020-10-09,SEM.N,,,5408381400
2020-10-13,KOS.N,,,821974250
2020-10-16,KOS.N,2.464,,
2020-10-18,KOS.N,,,812345380
2020-10-19,SEM.N,24.2,,
2020-10-22,SEM.N,24.4,,5414901400
2020-10-30,KOS.N,,,811095380
2020-10-30,SEM.N,25.4,,5440795400
2020-11-02,SEM.N,26.4,,5466699440
2020-11-03,KOS.N,,,800306630
2020-11-03,SEM.N,26.8,,5480849640
2020-11-03,SEM.N,,,5480849640
2020-11-05,KOS.N,,,800306630
2020-11-06,THR.N,16.5,,284996500
2020-11-09,KOS.N,2.535,,
2020-11-09,THR.N,16.0,,278840250
2020-11-10,KOS.N,,,796666630
2020-11-11,KOS.N,2.565,,794216630
2020-11-11,SEM.N,27.2,,
2020-11-12,KOS.N,2.365,,797452500
2020-11-12,KOS.N,2.365,,
2020-11-19,KOS.N,,,796448000
2020-11-20,KOS.N,,,796559110
2020-11-22,KOS.N,2.355,,
2020-12-01,KOS.N,2.35,,801670220
2020-12-02,KOS.N,,,803004000
2020-12-02,KOS.N,,2.4,803004000
2020-12-02,KOS.N,2.33333,2.4,803004000
2020-12-09,KOS.N,2.31111,,
2020-12-16,KOS.N,,2.5,
2020-12-17,KOS.N,2.46667,,
2021-01-04,SEM.N,,,5482286840
2021-01-04,THR.N,18.0,2.0,
2021-01-04,THR.N,,2.0,
2021-01-04,SEM.N,28.8,,5482286840
2021-01-04,THR.N,18.0,2.0,277787000
2021-01-05,SEM.N,29.8,,
2021-01-06,KOS.N,2.68889,,
2021-01-08,SEM.N,30.6,,
2021-01-19,KOS.N,2.74444,,
2021-01-31,KOS.N,,,801861710
2021-02-04,KOS.N,,,801576000
2021-02-05,KOS.N,,,816014000
2021-02-05,THR.N,,,277437330
2021-02-07,THR.N,,,274770670
2021-02-09,THR.N,,,274190000
2021-02-10,KOS.N,2.8,,
2021-02-16,KOS.N,,2.7,
2021-02-16,KOS.N,,2.7,814488290
2021-02-17,SEM.N,32.0,,
2021-02-17,SEM.N,32.0,,5847728780
2021-02-22,KOS.N,2.96667,,1102596290
2021-02-23,KOS.N,2.97778,2.6,1114888140
2021-02-24,KOS.N,3.15,2.7,
2021-02-24,KOS.N,,2.7,
2021-02-24,KOS.N,3.15,2.7,1129702830
2021-02-25,KOS.N,,,1190554250
2021-02-26,KOS.N,3.26667,,1148443400
2021-02-26,SEM.N,33.2,2.0,5805836780
2021-02-26,SEM.N,,2.0,
2021-03-01,SEM.N,38.8,,
2021-03-01,SEM.N,38.8,,5753454600
2021-03-02,SEM.N,,,5783914600
2021-03-07,KOS.N,,,1163683000
2021-03-08,KOS.N,,2.6,
2021-03-08,KOS.N,3.36667,2.6,
2021-03-12,THR.N,23.0,,
2021-03-15,KOS.N,3.42778,,1176069000
2021-03-17,THR.N,26.0,,275223330
2021-04-07,KOS.N,3.45,,
2021-04-07,KOS.N,3.45,,1180069000
2021-04-14,SEM.N,39.4,,
2021-04-20,KOS.N,,,1180276200
2021-04-21,KOS.N,3.45889,,1216276200
2021-04-23,KOS.N,3.48111,,1217230170
2021-05-04,SEM.N,,,5791174600
2021-05-06,KOS.N,3.48667,,1205625860
2021-05-07,KOS.N,3.485,2.55556,1205625860
2021-05-07,SEM.N,41.6,,5839340600
2021-05-07,KOS.N,,2.55556,
2021-05-10,SEM.N,42.8,,
2021-05-10,SEM.N,42.8,,5880396800
2021-05-11,KOS.N,3.46625,,
2021-05-11,KOS.N,3.46625,,1196423000
2021-05-11,SEM.N,,,5902996000
2021-05-12,KOS.N,,,1190321430
2021-05-13,KOS.N,3.43125,,
2021-05-13,SEM.N,43.6,,5895096800
2021-05-17,KOS.N,3.45625,2.33333,
2021-05-21,SEM.N,44.0,,5912216800
2021-05-21,SEM.N,,,5912216800
2021-05-24,KOS.N,,,1185607140
2021-05-26,KOS.N,3.52143,2.25,
2021-05-26,KOS.N,,2.25,
2021-05-27,THR.N,25.0,,
2021-05-27,THR.N,25.0,,292901000
2021-05-28,THR.N,,,288836330
2021-06-01,THR.N,,1.33333,
2021-06-01,THR.N,23.5,1.33333,291483670
2021-06-07,KOS.N,3.77143,,
2021-06-11,KOS.N,,,1186382860
2021-06-15,SEM.N,44.4,,
2021-06-20,KOS.N,,2.0,1220097140
2021-06-20,KOS.N,,2.0,
2021-06-21,KOS.N,4.55714,,
2021-06-21,SEM.N,44.8,,
2021-06-23,SEM.N,46.0,,5912116800
2021-06-23,SEM.N,46.0,,
2021-06-25,KOS.N,,,1220092290
2021-07-07,KOS.N,,,1215235140
2021-07-15,KOS.N,4.63571,,
2021-07-15,KOS.N,4.63571,,1215905860
2021-07-16,KOS.N,,,1240763000
2021-07-19,FA.OQ,,,605085170
2021-07-19,FA.OQ,23.66667,1.57143,605085170
2021-07-19,FA.OQ,23.66667,1.57143,
2021-07-22,SEM.N,,,5912216800
2021-08-06,THR.N,24.0,,
2021-08-06,SEM.N,,,5940990800
2021-08-06,THR.N,24.0,,302669000
2021-08-09,KOS.N,4.52429,,1214191570
2021-08-09,SEM.N,47.0,,5991685000
2021-08-09,THR.N,,,307317330
2021-08-09,SEM.N,47.0,,
2021-08-10,KOS.N,4.45286,,1213620140
2021-08-11,KOS.N,4.43143,,
2021-08-11,KOS.N,4.43143,,1217880860
2021-08-12,FA.OQ,26.375,1.5,648342860
2021-08-12,FA.OQ,,1.5,
2021-08-13,FA.OQ,26.8125,,648216380
2021-08-13,FA.OQ,,,648216380
2021-08-16,KOS.N,,,1194361000
2021-08-24,FA.OQ,26.4375,,
2021-08-27,KOS.N,,,1192945500
2021-09-06,KOS.N,4.40286,,1204524710
2021-09-06,KOS.N,4.40286,,
2021-09-16,KOS.N,,,1205524710
2021-09-17,FA.OQ,27.1875,,
2021-09-23,SEM.N,,,5993259000
2021-09-28,KOS.N,,,1209793290
2021-10-04,KOS.N,4.51,,
2021-10-06,FA.OQ,,,648728880
2021-10-07,KOS.N,4.57286,,
2021-10-08,KOS.N,4.79429,,1224221860
2021-10-08,THR.N,22.0,1.0,303526000
2021-10-08,KOS.N,4.79429,,
2021-10-08,THR.N,22.0,1.0,
2021-10-08,THR.N,,1.0,
2021-10-13,KOS.N,,2.14286,1222850500
2021-10-14,KOS.N,4.85143,2.0,1280683830
2021-10-14,KOS.N,,2.0,
2021-10-15,KOS.N,4.99429,,1281871860
2021-10-18,FA.OQ,27.6875,,
2021-10-18,KOS.N,5.50857,,1335871860
2021-10-18,KOS.N,,,1335871860
2021-10-19,FA.OQ,,,649253880
2021-10-19,KOS.N,5.57286,1.875,
2021-10-19,KOS.N,,1.875,
2021-10-22,KOS.N,5.72143,,1344880140
2021-10-22,KOS.N,5.72143,,
2021-10-25,KOS.N,,,1342880140
2021-11-01,KOS.N,5.76429,,1367215130
2021-11-05,SEM.N,,,6016469000
2021-11-07,SEM.N,47.4,,
2021-11-08,FA.OQ,,1.57143,
2021-11-08,FA.OQ,,1.57143,664704430
2021-11-08,KOS.N,5.73571,,
2021-11-08,FA.OQ,27.6875,1.57143,664704430
2021-11-08,KOS.N,5.73571,,1381090130
2021-11-08,SEM.N,,,6102727400
2021-11-09,KOS.N,,,1377941380
2021-11-10,KOS.N,,,1362816380
2021-11-10,THR.N,,,320255000
2021-11-11,FA.OQ,27.92857,,
2021-11-11,KOS.N,6.02857,1.75,1367566380
2021-11-11,THR.N,,,336680500
2021-11-11,KOS.N,,1.75,
2021-11-12,FA.OQ,,,669304430
2021-11-15,FA.OQ,,,677860000
2021-11-23,FA.OQ,28.21429,,686860000
2021-11-23,FA.OQ,28.21429,,
2021-11-30,FA.OQ,,,686203170
2021-12-02,FA.OQ,,,685845860
2021-12-06,KOS.N,6.10714,,1328437630
2021-12-10,KOS.N,,,1325687630
2021-12-10,KOS.N,6.23571,,1325687630
2021-12-13,KOS.N,6.09286,1.625,
2021-12-13,KOS.N,,1.625,
2022-01-07,SEM.N,45.0,,6102759000
2022-01-14,KOS.N,6.12143,,
2022-01-17,KOS.N,,,1320591630
2022-01-18,SEM.N,43.6,,6131351600
2022-01-19,SEM.N,,,6145951600
2022-01-19,SEM.N,42.6,,6145951600
2022-01-19,SEM.N,,,6328716000
2022-01-24,SEM.N,41.6,,
2022-01-31,KOS.N,6.17143,,
2022-01-31,KOS.N,6.17143,,1323401250
2022-01-31,SEM.N,,,6166551600
2022-02-03,THR.N,,,341035500
2022-02-04,KOS.N,,,1324776250
2022-02-07,THR.N,,,345224000
2022-02-07,THR.N,,,365259000
2022-02-18,SEM.N,,2.0,
2022-02-25,SEM.N,40.4,,
2022-02-25,SEM.N,40.4,,6356756000
2022-02-28,KOS.N,6.20714,,1894681880
2022-03-01,KOS.N,6.16429,,1829367500
2022-03-01,SEM.N,,,6353876000
2022-03-01,KOS.N,6.16429,,
2022-03-02,KOS.N,,,1854992500
2022-03-03,SEM.N,,,6357973330
2022-03-06,SEM.N,39.4,,6350088250
2022-03-07,KOS.N,,,1936156670
2022-03-08,KOS.N,6.47857,,2002403330
2022-03-08,KOS.N,6.47857,,
2022-03-09,KOS.N,,,2119268500
2022-03-10,FA.OQ,27.0625,1.5,685767630
2022-03-10,FA.OQ,,1.5,685767630
2022-03-10,FA.OQ,,1.5,
2022-03-11,KOS.N,,,2100435170
2022-03-14,KOS.N,6.90714,,
2022-03-16,FA.OQ,26.0625,,
2022-03-16,SEM.N,37.6,,6346808400
2022-03-23,FA.OQ,27.25,,793279130
2022-03-24,FA.OQ,27.14286,,
2022-03-24,FA.OQ,27.14286,,801654130
2022-03-25,FA.OQ,,,806404130
2022-03-29,KOS.N,7.02143,,
2022-03-29,KOS.N,7.02143,,2087601830
2022-03-30,FA.OQ,,,824579000
2022-04-05,KOS.N,,,2056924000
2022-04-06,KOS.N,8.33571,,
2022-04-06,KOS.N,8.33571,,2272590670
2022-04-12,FA.OQ,27.28571,,825607570
2022-04-14,KOS.N,,,2233590670
2022-04-18,KOS.N,,,2234186830
2022-04-19,KOS.N,8.56429,,
2022-04-26,KOS.N,,,2234978500
2022-05-09,SEM.N,36.4,,6346796800
2022-05-09,SEM.N,36.4,,
2022-05-10,KOS.N,8.85,,2247700170
2022-05-11,FA.OQ,26.71429,,832633290
2022-05-11,KOS.N,8.80625,1.77778,2200885860
2022-05-11,SEM.N,,,6358196800
2022-05-11,KOS.N,8.80625,1.77778,
2022-05-11,KOS.N,,1.77778,
2022-05-12,SEM.N,,,6359346000
2022-05-13,KOS.N,,,2197676000
2022-05-16,FA.OQ,26.42857,,
2022-05-16,SEM.N,36.2,,
2022-05-16,FA.OQ,26.42857,,834061860
2022-05-16,KOS.N,,,2282455330
2022-05-16,SEM.N,36.2,,6372316000
2022-05-18,FA.OQ,,,836033330
2022-05-20,FA.OQ,,,835528430
2022-05-24,KOS.N,9.05625,,
2022-05-25,KOS.N,,,2261390290
2022-05-31,KOS.N,9.63571,1.75,
2022-05-31,THR.N,,,364189500
2022-06-01,KOS.N,,,2261390290
2022-06-03,SEM.N,,,6378836000
2022-06-10,KOS.N,,1.875,
2022-06-10,KOS.N,9.71429,1.875,
2022-06-13,KOS.N,9.9,,
2022-06-13,KOS.N,9.9,,2334676000
2022-06-14,FA.OQ,26.42857,,
2022-06-21,KOS.N,,,2354912710
2022-06-28,FA.OQ,,,835657000
2022-07-04,FA.OQ,,1.75,
2022-07-07,KOS.N,9.75714,,
2022-07-07,KOS.N,9.75714,,2392484140
2022-07-11,FA.OQ,,,835657000
2022-07-12,FA.OQ,25.21429,,835457250
2022-07-19,FA.OQ,23.64286,,834444750
2022-07-21,KOS.N,,,2389648570
2022-08-02,SEM.N,37.0,,
2022-08-04,FA.OQ,21.71429,,
2022-08-04,FA.OQ,21.71429,,833187380
2022-08-05,FA.OQ,,,833562380
2022-08-05,SEM.N,36.6,,6379750000
2022-08-05,THR.N,,,377778000
2022-08-05,SEM.N,36.6,,
2022-08-07,THR.N,22.0,,391164000
2022-08-07,THR.N,22.0,,
2022-08-08,SEM.N,,,6359811200
2022-08-09,KOS.N,,,2392557140
2022-08-09,SEM.N,35.4,,6349011200
2022-08-09,SEM.N,35.4,,
2022-08-10,KOS.N,9.67143,,2389842860
2022-08-10,KOS.N,9.67143,,
2022-08-15,KOS.N,,,2384842860
2022-08-16,FA.OQ,,,833812380
2022-08-19,FA.OQ,,1.5,
2022-08-24,KOS.N,9.84286,,2355414290
2022-08-25,KOS.N,,1.75,
2022-08-25,KOS.N,9.87143,1.75,
2022-08-25,KOS.N,9.87143,1.75,2346557140
2022-08-29,KOS.N,,,2385150000
2022-08-31,KOS.N,,,2430495200
2022-09-16,FA.OQ,,,833312380
2022-09-19,FA.OQ,,,832687380
2022-09-20,FA.OQ,,1.66667,
2022-09-20,FA.OQ,,1.66667,832650890
2022-09-30,FA.OQ,21.57143,,832439780
2022-09-30,FA.OQ,,,832439780
2022-10-07,KOS.N,,,2428695200
2022-10-12,KOS.N,,,2429495200
2022-10-24,FA.OQ,20.71429,1.88889,
2022-10-24,FA.OQ,,1.88889,
2022-10-26,KOS.N,,,2386863600
2022-10-26,SEM.N,,,6340051200
2022-11-04,SEM.N,33.0,,6348053200
2022-11-04,THR.N,,,401899000
2022-11-06,SEM.N,32.2,,
2022-11-07,FA.OQ,20.71429,,
2022-11-07,KOS.N,9.71429,,
2022-11-07,SEM.N,,,6344326000
2022-11-08,FA.OQ,16.625,,826417560
2022-11-08,KOS.N,,,2275683830
2022-11-08,THR.N,,,411965500
2022-11-09,FA.OQ,16.1875,,820467220
2022-11-10,SEM.N,,,6339413750
2022-11-11,FA.OQ,15.4375,2.0,818245000
2022-11-11,FA.OQ,15.4375,2.0,
2022-11-14,KOS.N,,,2199167670
2022-11-15,FA.OQ,,,816268250
2022-11-22,SEM.N,31.6,,
2022-11-22,SEM.N,31.6,,6336959200
2022-12-01,KOS.N,9.62857,,2233625750
2022-12-01,KOS.N,9.62857,,
2022-12-09,KOS.N,,,2213900600
2022-12-19,SEM.N,,,6644279000
2022-12-19,SEM.N,,,6336379200
2022-12-21,KOS.N,,,2198132200
2023-01-03,KOS.N,9.78571,,2209023330
2023-01-03,KOS.N,,,2209023330
2023-01-06,FA.OQ,,,816543250
2023-01-09,SEM.N,32.0,,
2023-01-11,FA.OQ,14.875,,
2023-01-11,FA.OQ,14.875,2.22222,816874440
2023-01-11,FA.OQ,14.875,,816874440
2023-01-12,KOS.N,9.75,,
2023-01-17,KOS.N,9.95,,
2023-01-17,FA.OQ,,2.44444,
2023-01-17,KOS.N,9.95,,2213798570
2023-01-18,FA.OQ,,,816052220
2023-01-26,KOS.N,,,2203084290
2023-01-30,KOS.N,10.23571,,
2023-02-02,THR.N,,,422148500
2023-02-03,THR.N,30.0,,
2023-02-03,THR.N,30.0,,458800000
2023-02-03,KOS.N,10.25,,2181655710
2023-02-03,THR.N,30.0,,432285000
2023-02-08,KOS.N,10.21875,1.77778,
2023-02-08,KOS.N,10.21875,1.77778,2181655710
2023-02-13,FA.OQ,,,815034220
2023-02-16,KOS.N,,,2178077430
2023-02-24,SEM.N,32.2,,6640667000
2023-02-27,SEM.N,33.2,,
2023-02-27,KOS.N,,,2250124750
2023-02-27,SEM.N,33.2,,6628986800
2023-02-28,FA.OQ,15.0625,,795984000
2023-02-28,KOS.N,10.16875,2.0,2211089750
2023-03-01,FA.OQ,15.1875,2.55556,783004000
2023-03-01,FA.OQ,15.1875,2.55556,
2023-03-01,FA.OQ,,2.55556,
2023-03-02,SEM.N,,,6614233500
2023-03-03,KOS.N,,2.0,
2023-03-03,KOS.N,10.40714,2.0,
2023-03-03,KOS.N,10.40714,2.0,2169674000
2023-03-06,KOS.N,,,2149258600
2023-03-09,SEM.N,,,6628986800
2023-03-10,KOS.N,,,2132407670
2023-03-15,KOS.N,10.3,,
2023-03-15,KOS.N,10.3,,2125920860
2023-04-04,SEM.N,,,6600786800
2023-04-11,KOS.N,,,2103790290
2023-04-14,KOS.N,,,2066504570
2023-04-14,FA.OQ,,,780915110
2023-04-14,KOS.N,10.5,,2066504570
2023-04-19,KOS.N,10.42857,,
2023-05-05,SEM.N,34.6,,6597786800
2023-05-07,SEM.N,35.8,,
2023-05-07,SEM.N,35.8,,6584609200
2023-05-08,KOS.N,10.42857,,
2023-05-09,KOS.N,,,2058791500
2023-05-10,FA.OQ,14.78571,,781641780
2023-05-10,KOS.N,10.3,,1947875330
2023-05-10,SEM.N,,,6584149200
2023-05-10,FA.OQ,14.78571,,
2023-05-12,FA.OQ,,,782308440
2023-05-16,FA.OQ,,,782717110
2023-05-16,KOS.N,10.15714,,1889175140
2023-05-23,KOS.N,10.15714,,1873142380
2023-05-23,KOS.N,10.15714,,
2023-05-26,THR.N,,,462935000
2023-05-30,THR.N,,,469822000
2023-06-12,KOS.N,,,1852459890
2023-06-19,KOS.N,,,1894413900
2023-06-23,FA.OQ,,,780861560
2023-06-23,FA.OQ,15.07143,,780861560
2023-06-28,FA.OQ,15.35714,,
2023-07-09,KOS.N,10.08571,,1874735000
2023-07-09,KOS.N,10.08571,,
2023-07-11,KOS.N,,,1874135000
2023-07-18,KOS.N,10.02857,,1867068500
2023-07-18,KOS.N,,,1867068500
2023-07-19,SEM.N,,,6586992200
2023-07-20,SEM.N,,,6589524200
2023-07-21,FA.OQ,,,779194890
2023-07-25,FA.OQ,,,777616890
2023-07-27,KOS.N,,2.0,
2023-07-27,KOS.N,9.9,2.0,
2023-07-28,KOS.N,,,1859534700
2023-08-03,SEM.N,,,6603324200
2023-08-03,THR.N,,,472067000
2023-08-04,THR.N,,,473977000
2023-08-07,KOS.N,9.8875,,
2023-08-07,FA.OQ,,,776283560
2023-08-07,KOS.N,9.8875,,1862834700
2023-08-07,SEM.N,36.4,,6612343600
2023-08-08,KOS.N,,,1831439400
2023-08-09,FA.OQ,15.5,,775038780
2023-08-09,SEM.N,36.4,,6621663600
2023-08-10,FA.OQ,15.9375,,772115670
2023-08-10,FA.OQ,15.9375,,
2023-08-16,KOS.N,,,1830837380
2023-08-18,KOS.N,,,1830462380
2023-09-01,KOS.N,,,1809564670
2023-09-06,FA.OQ,,,772486780
2023-09-13,FA.OQ,,2.4,
2023-09-13,FA.OQ,16.05556,2.4,773188100
2023-09-13,FA.OQ,16.05556,2.4,
2023-09-18,SEM.N,37.5,1.75,6622917750
2023-09-18,SEM.N,,1.75,
2023-09-21,FA.OQ,,,773078100
2023-09-21,KOS.N,,2.0,
2023-09-26,KOS.N,,,1826820200
2023-09-27,KOS.N,10.05,1.75,1806483200
2023-09-27,KOS.N,,1.75,1806483200
2023-09-27,KOS.N,,1.75,
2023-10-02,KOS.N,10.2,,
2023-10-03,KOS.N,10.27143,,1804183200
2023-10-04,KOS.N,10.33333,1.71429,
2023-10-04,KOS.N,10.33333,1.71429,1799425780
2023-10-05,KOS.N,,,1790214670
2023-10-16,KOS.N,,2.0,
2023-10-16,KOS.N,9.83333,2.0,1777436890
2023-10-17,FA.OQ,,,772038100
2023-10-23,KOS.N,10.08333,,1766342560
2023-10-23,KOS.N,10.08333,,
2023-10-27,KOS.N,,,1768879670
2023-11-03,SEM.N,35.75,,6643532750
2023-11-03,THR.N,32.0,,488975000
2023-11-03,THR.N,32.0,,
2023-11-05,SEM.N,33.75,,6642853750
2023-11-05,SEM.N,33.75,,
2023-11-07,KOS.N,9.98333,,1749218560
2023-11-08,SEM.N,,,6649903750
2023-11-09,FA.OQ,15.83333,,
2023-11-09,FA.OQ,15.83333,,772865400
2023-11-10,FA.OQ,,,772765400
2023-11-13,FA.OQ,15.72222,,772452400
2023-11-13,KOS.N,10.15,,1756059110
2023-11-13,FA.OQ,,,772452400
2023-11-13,KOS.N,10.15,,
2023-11-17,KOS.N,,,1751047670
2023-11-20,KOS.N,10.12857,1.875,1749642900
2023-11-20,KOS.N,10.12857,1.875,
2023-11-20,KOS.N,,1.875,
2023-11-23,KOS.N,,,1730503220
2023-11-28,FA.OQ,15.83333,,
2023-11-29,SEM.N,32.2,2.0,6652243000
2023-11-29,SEM.N,,2.0,
2023-12-14,KOS.N,9.62857,,
2024-01-03,KOS.N,9.41429,,
2024-01-03,KOS.N,9.41429,,1722734110
2024-01-04,FA.OQ,16.16667,,772242400
2024-01-04,SEM.N,32.8,,6644323000
2024-01-04,FA.OQ,16.16667,,
2024-01-04,SEM.N,,,6644323000
2024-01-05,SEM.N,33.3,,
2024-01-09,FA.OQ,,,772452400
2024-01-09,KOS.N,,,1704956330
2024-01-11,FA.OQ,16.25,,
2024-01-18,FA.OQ,16.375,,
2024-01-29,FA.OQ,16.27778,,
2024-01-30,KOS.N,,,1701061780
2024-02-01,THR.N,,,492162500
2024-02-05,KOS.N,9.41429,,
2024-02-05,THR.N,,,493700000
2024-02-09,KOS.N,,,1703830440
2024-02-11,SEM.N,,,6953773400
2024-02-19,KOS.N,9.3,,
2024-02-20,KOS.N,,,2122258000
2024-02-20,KOS.N,,,1698219330
2024-02-23,SEM.N,34.1,,6961499400
2024-02-26,SEM.N,35.3,,6967710800
2024-02-26,SEM.N,35.3,,
2024-02-27,KOS.N,8.82857,,2037865880
2024-02-27,KOS.N,8.82857,,
2024-02-28,KOS.N,,,2037955380
2024-02-29,FA.OQ,16.5,2.14286,807543570
2024-02-29,KOS.N,8.54286,,1970955380
2024-02-29,SEM.N,,,6959243500
2024-02-29,FA.OQ,,2.14286,
2024-02-29,KOS.N,8.54286,,
2024-03-01,FA.OQ,16.58333,,786786430
2024-03-04,FA.OQ,16.75,2.25,785256880
2024-03-04,KOS.N,,2.0,1961689000
2024-03-04,FA.OQ,,2.25,
2024-03-04,FA.OQ,16.75,2.25,
2024-03-05,THR.N,34.0,1.33333,493586670
2024-03-06,KOS.N,,1.875,1970955380
2024-03-06,KOS.N,,1.875,
2024-03-07,FA.OQ,,,782779290
2024-03-07,KOS.N,,,1970929380
2024-03-09,SEM.N,35.8,,
2024-03-09,SEM.N,35.8,,6967816800
2024-03-10,KOS.N,8.48571,,1960088130
2024-03-10,KOS.N,8.48571,,
2024-03-13,FA.OQ,17.58333,,
2024-03-14,KOS.N,,,1982900630
2024-03-22,SEM.N,,,6967814800
2024-03-26,FA.OQ,17.75,,781279290
2024-03-26,FA.OQ,,,781279290
2024-04-19,FA.OQ,17.58333,,
2024-04-23,FA.OQ,,2.11111,779931880
2024-04-23,FA.OQ,,2.11111,
2024-04-29,THR.N,,1.5,
2024-04-29,THR.N,36.66667,1.5,550096750
2024-04-29,THR.N,36.66667,1.5,493640000
2024-05-03,SEM.N,36.0,,6968632800
2024-05-06,SEM.N,38.0,,6985018400
2024-05-06,SEM.N,38.0,,
2024-05-07,KOS.N,,,1971113130
2024-05-08,KOS.N,8.49286,,
2024-05-08,KOS.N,8.49286,,1990155630
2024-05-09,FA.OQ,18.08333,,780060630
2024-05-09,SEM.N,,,7007073000
2024-05-10,FA.OQ,18.25,,780135630
2024-05-10,FA.OQ,18.25,,
2024-05-13,FA.OQ,,,780135250
2024-05-14,KOS.N,,,1999303200
2024-05-15,KOS.N,8.54286,,1981216200
2024-05-15,KOS.N,8.54286,,
2024-05-16,FA.OQ,,,773012710
2024-05-16,KOS.N,,,1958969830
2024-05-17,SEM.N,,2.25,
2024-05-17,SEM.N,,2.25,7009430670
2024-05-20,KOS.N,,,1924643800
2024-05-28,FA.OQ,,,772640630
2024-05-28,FA.OQ,18.83333,,772640630
2024-05-30,THR.N,37.33333,,
2024-05-30,THR.N,37.33333,,541889000
2024-06-03,KOS.N,,,1972536500
2024-06-03,THR.N,,2.0,540838250
2024-06-03,THR.N,,2.0,
2024-06-12,THR.N,,,540813250
2024-06-28,KOS.N,,,1951975800
2024-07-03,KOS.N,8.4,,1965717670
2024-07-04,KOS.N,8.33571,,1952821000
2024-07-04,KOS.N,8.33571,,
2024-07-08,KOS.N,,,1918375140
2024-07-12,SEM.N,37.5,,
2024-07-15,SEM.N,39.0,,
2024-07-16,KOS.N,8.05,,1900660860
2024-07-16,KOS.N,8.05,,
2024-07-17,FA.OQ,18.66667,,
2024-07-29,KOS.N,,,1903740570
2024-08-02,FA.OQ,18.4,2.125,772017860
2024-08-02,FA.OQ,,2.125,
2024-08-05,SEM.N,39.75,,7020987330
2024-08-05,SEM.N,39.75,,
2024-08-06,KOS.N,,,1883040860
2024-08-08,FA.OQ,18.8,,771844290
2024-08-08,SEM.N,,,7016560000
2024-08-08,THR.N,40.0,,538739750
2024-08-08,FA.OQ,18.8,,
2024-08-08,THR.N,40.0,,
2024-08-09,FA.OQ,,,771701430
2024-08-09,KOS.N,,,1866455140
2024-08-12,KOS.N,,,1834455140
2024-08-14,FA.OQ,,,771697860
2024-08-19,SEM.N,,2.0,
2024-08-19,SEM.N,41.75,2.0,7023236670
2024-08-20,SEM.N,41.4,,6991627500
2024-08-21,SEM.N,43.4,,7025927500
2024-08-21,SEM.N,43.4,,
2024-08-27,KOS.N,,,1756746000
2024-08-29,KOS.N,8.05,,
2024-09-09,KOS.N,8.05,,
2024-09-09,KOS.N,8.05,,1775504330
2024-09-12,FA.OQ,19.0,2.0,771690830
2024-09-12,FA.OQ,,2.0,771690830
2024-09-12,FA.OQ,,,771690830
2024-09-16,KOS.N,,,1833504330
2024-09-19,KOS.N,,2.0,
2024-09-19,KOS.N,7.66875,2.0,1819003710
2024-09-23,KOS.N,7.54375,,1769289430
2024-09-24,FA.OQ,19.5,,
2024-09-25,KOS.N,7.4,,1784240750
2024-09-29,KOS.N,7.28125,,
2024-09-29,KOS.N,7.28125,,1764759250
2024-10-04,KOS.N,,,1756232880
2024-10-10,FA.OQ,19.33333,2.28571,
2024-10-14,KOS.N,,,1753982880
2024-10-16,KOS.N,,,1752850750
2024-10-18,KOS.N,,,1752850750
2024-10-28,KOS.N,,,1751250500
2024-10-29,SEM.N,,,7029402500
2024-11-01,FA.OQ,21.0,2.16667,
2024-11-01,SEM.N,44.0,,7047497500
2024-11-01,FA.OQ,,2.16667,
2024-11-03,SEM.N,45.4,,
2024-11-04,KOS.N,,,1739613000
2024-11-04,SEM.N,,,7053994800
2024-11-05,KOS.N,7.03125,,
2024-11-05,KOS.N,7.03125,,1726912630
2024-11-07,THR.N,,,528842250
2024-11-08,THR.N,36.5,,510940000
2024-11-08,THR.N,36.5,,
2024-11-11,KOS.N,,,1718145430
2024-11-12,FA.OQ,,,805374170
2024-11-13,FA.OQ,21.0,,838065170
2024-11-14,FA.OQ,21.25,2.14286,843013000
2024-11-14,FA.OQ,21.25,2.14286,
2024-11-15,SEM.N,,,7051914800
2024-11-19,FA.OQ,,,872216000
2024-11-19,THR.N,,,500740000
2024-11-20,FA.OQ,21.4,2.125,873013330
2024-11-25,SEM.N,,2.2,
2024-11-25,SEM.N,44.75,2.2,7052234800
2024-11-27,SEM.N,38.75,,6674394800
2024-12-02,KOS.N,,,1718216860
2024-12-02,SEM.N,34.25,,6578412800
2024-12-09,KOS.N,,,1726975130
2024-12-10,KOS.N,,,1716454380
2024-12-11,FA.OQ,,2.11111,
2024-12-11,FA.OQ,21.83333,2.11111,
2024-12-11,FA.OQ,21.83333,2.11111,872647500
2024-12-12,KOS.N,6.75,2.125,1722219290
2024-12-12,KOS.N,,2.125,1722219290
2024-12-12,KOS.N,,2.125,
2024-12-16,KOS.N,6.60714,,
2024-12-17,KOS.N,6.7625,,1719698250
2025-01-02,KOS.N,,2.0,
2025-01-03,SEM.N,29.5,,5770869600
2025-01-03,SEM.N,29.5,,6484186800
2025-01-15,KOS.N,6.7,,1701948250
2025-01-22,KOS.N,6.575,,
2025-01-22,KOS.N,6.575,,1702658250
2025-01-30,KOS.N,,,1696632750
2025-02-05,KOS.N,6.5125,,
2025-02-05,KOS.N,6.5125,,1696783380
2025-02-07,THR.N,,,495730000
2025-02-10,THR.N,,,494252250
2025-02-12,FA.OQ,,,871916000
2025-02-12,KOS.N,,,1696352000
2025-02-20,KOS.N,6.325,,1804143880
2025-02-20,KOS.N,6.325,,
2025-02-20,KOS.N,6.325,,1697714500
2025-02-21,FA.OQ,,,860593220
2025-02-21,SEM.N,28.75,,5799013600
2025-02-24,SEM.N,22.8,2.0,5473182200
2025-02-25,KOS.N,,,1786674750
2025-02-27,FA.OQ,21.0,,1545082380
2025-02-27,KOS.N,,,1735012250
2025-02-28,FA.OQ,20.6,,1523699130
2025-02-28,FA.OQ,,,1523699130
2025-03-03,FA.OQ,19.5,,
2025-03-03,KOS.N,,,1653911500
2025-03-04,KOS.N,,2.11111,
2025-03-04,KOS.N,,2.11111,1662755710
2025-03-04,FA.OQ,19.33333,2.2,1523357000
2025-03-04,KOS.N,6.22857,2.11111,1662755710
2025-03-11,KOS.N,5.72857,,
2025-03-13,KOS.N,5.61429,,1684661710
2025-03-13,KOS.N,5.61429,,
2025-03-27,KOS.N,,,1682185140
2025-04-07,KOS.N,,,1682918000
2025-04-10,FA.OQ,17.5,2.3,
2025-04-10,FA.OQ,,2.3,
2025-04-10,FA.OQ,17.5,2.3,1518579220
2025-04-10,KOS.N,,,1679985140
2025-04-16,SEM.N,,2.0,
2025-04-16,SEM.N,23.16667,2.0,5472651830
2025-04-17,FA.OQ,,,1514214440
2025-04-17,KOS.N,,,1679228000
2025-04-30,FA.OQ,16.66667,,
2025-04-30,FA.OQ,16.66667,,1514294000
2025-04-30,KOS.N,,,1646655570
2025-05-01,KOS.N,5.13333,,
2025-05-02,SEM.N,22.16667,,5450788500
2025-05-05,SEM.N,21.16667,,5411643500
2025-05-07,KOS.N,4.96667,,1608721290
2025-05-07,SEM.N,20.5,,5405657500
2025-05-08,FA.OQ,,,1518554000
2025-05-09,FA.OQ,,2.4,
2025-05-09,FA.OQ,18.33333,2.4,
2025-05-09,FA.OQ,18.33333,2.4,1524795600
2025-05-12,FA.OQ,,,1528257700
2025-05-12,KOS.N,4.8,,1613381130
2025-05-13,KOS.N,4.63333,,
2025-05-13,KOS.N,4.63333,,1613006130
2025-05-15,FA.OQ,,,1529729670
2025-05-16,KOS.N,,,1599717130
2025-05-18,KOS.N,,,1579785750
2025-05-18,KOS.N,4.46667,,1579785750
2025-05-21,KOS.N,4.38333,,
2025-05-22,THR.N,,,528885750
2025-05-23,THR.N,36.0,,523408250
2025-05-23,THR.N,36.0,,
2025-05-27,THR.N,,,517974750
2025-05-28,FA.OQ,,,1529174110
2025-05-29,FA.OQ,18.83333,,
2025-06-05,KOS.N,,,1562237880
2025-06-20,KOS.N,4.97143,,1572843290
2025-06-29,KOS.N,5.01429,,1586093710
2025-07-07,KOS.N,4.97143,,1590379430
2025-07-07,KOS.N,4.97143,,
2025-07-14,FA.OQ,,,1528140780
2025-07-16,KOS.N,,,1582522290
2025-07-29,KOS.N,,,1580443860
2025-07-30,KOS.N,,,1572172430
2025-08-01,SEM.N,19.66667,,5406844170
2025-08-04,SEM.N,,,5391706170
2025-08-04,KOS.N,,,1569414570
2025-08-04,SEM.N,18.33333,,5391706170
2025-08-05,KOS.N,4.85714,,1553584570
2025-08-05,KOS.N,4.85714,,
2025-08-07,FA.OQ,,,1533247890
2025-08-07,THR.N,,,515624750
2025-08-08,FA.OQ,,,1533681220
2025-08-08,SEM.N,17.83333,,
2025-08-08,THR.N,33.0,,508029750
2025-08-08,THR.N,33.0,,
2025-08-11,FA.OQ,,,1538929890
2025-08-11,KOS.N,,,1571271000
2025-08-11,THR.N,,,505893000
2025-08-12,KOS.N,,,1538892500
2025-08-14,KOS.N,,,1498097000
2025-08-14,KOS.N,4.82857,,1498097000
2025-08-22,FA.OQ,,,1536537900
2025-09-02,KOS.N,4.68571,,
2025-09-10,SEM.N,17.33333,,
2025-09-15,KOS.N,4.54286,,
2025-09-21,KOS.N,,2.22222,1496420710
2025-09-21,KOS.N,,2.22222,
2025-09-23,FA.OQ,,,1536997700
2025-09-26,KOS.N,,,1485554430
2025-10-01,KOS.N,4.47143,,
2025-10-01,KOS.N,4.47143,,1477940140
2025-10-07,SEM.N,18.0,,
2025-10-12,FA.OQ,18.33333,,
2025-10-15,KOS.N,,,1474368710
2025-10-19,KOS.N,4.38571,,1445205290
2025-10-24,KOS.N,,2.2,
2025-10-24,KOS.N,4.38571,2.2,
2025-10-24,KOS.N,4.38571,2.2,1453179630
2025-10-26,KOS.N,,,1452783500
2025-10-27,SEM.N,,,5394589500
2025-10-31,SEM.N,18.33333,,5404787830
2025-11-02,SEM.N,18.16667,,
2025-11-03,SEM.N,,,5418548670
2025-11-04,KOS.N,4.27143,,
2025-11-04,KOS.N,4.27143,,1423321000
2025-11-05,KOS.N,,,1398092380
2025-11-05,SEM.N,,,5419589330
2025-11-06,FA.OQ,17.42857,,
2025-11-06,FA.OQ,17.42857,,1542097700
2025-11-06,THR.N,,,505970500
2025-11-07,FA.OQ,,,1544288300
2025-11-07,THR.N,37.0,,513565500
2025-11-07,THR.N,37.0,,
2025-11-10,KOS.N,3.95625,2.27273,1373962710
2025-11-10,THR.N,,,517304250
2025-11-10,KOS.N,,,1373962710
2025-11-13,FA.OQ,,,1545402380
2025-11-14,KOS.N,,2.2,
2025-11-14,KOS.N,3.30714,2.2,
2025-11-21,KOS.N,,,1372342380
2025-11-24,KOS.N,3.26429,,
2025-11-25,SEM.N,,2.2,
2025-12-04,KOS.N,3.12143,,
2025-12-05,KOS.N,,2.5,
2025-12-05,KOS.N,2.77857,2.5,
2025-12-12,KOS.N,2.70714,,
2025-12-18,FA.OQ,17.57143,,
2025-12-19,FA.OQ,,,1546164440
2025-12-19,SEM.N,,,5419939330
2025-12-19,SEM.N,,,5654949670
2026-01-05,KOS.N,2.07857,,1360692380
2026-01-05,KOS.N,2.07857,,
2026-01-06,KOS.N,,,1359639630
2026-01-29,KOS.N,,,1357166130
2026-02-02,THR.N,,2.0,
2026-02-02,THR.N,,2.0,516703400
2026-02-02,THR.N,44.66667,2.0,516703400
2026-02-03,KOS.N,2.04286,,1348115880
2026-02-03,THR.N,50.0,,
2026-02-03,KOS.N,2.04286,,
2026-02-04,KOS.N,,,1346240880
2026-02-05,THR.N,50.66667,,519787400
2026-02-06,THR.N,57.0,,
2026-02-06,THR.N,57.0,,520767400
2026-02-10,THR.N,,,521403000
2026-02-12,THR.N,,,523216250
2026-02-20,KOS.N,2.19286,,1343828380
2026-02-20,SEM.N,17.7,,5668095330
2026-02-22,SEM.N,17.53333,,5693002170
2026-02-22,SEM.N,,,5693002170
2026-02-25,THR.N,54.66667,2.6,523267000
2026-02-25,THR.N,,,523267000
2026-02-26,FA.OQ,16.28571,,1636320200
2026-02-27,FA.OQ,15.0,,1653952700
2026-02-27,FA.OQ,15.0,,
2026-03-02,KOS.N,2.20714,,1489474220
2026-03-02,SEM.N,17.11667,2.4,
2026-03-02,THR.N,51.0,2.8,
2026-03-02,KOS.N,2.20714,,
2026-03-03,SEM.N,,,5692885500
2026-03-03,SEM.N,17.25,2.6,5692885500
2026-03-04,SEM.N,16.7,2.8,
2026-03-05,FA.OQ,,,1656507220
2026-03-05,KOS.N,,,1465807560
2026-03-06,FA.OQ,15.0,2.3,1656880000
2026-03-09,KOS.N,,,1451826330
2026-03-13,KOS.N,,,1478643290
2026-03-16,KOS.N,,2.36364,1546142880
2026-03-16,KOS.N,,2.36364,
2026-03-16,KOS.N,2.51875,2.36364,1546142880
2026-03-17,KOS.N,2.58125,,
2026-03-23,KOS.N,,,1623813630
2026-03-24,KOS.N,2.675,,
2014-10-03,SLS.OQ,,2.375,
2014-10-13,TILE.OQ,,2.0,
2014-10-23,TILE.OQ,18.2,,
2014-10-24,TILE.OQ,,,992986860
2014-11-18,DCH.N,,2.23077,
2014-11-20,SLS.OQ,180000.0,,
2014-11-24,FWONA.OQ,52.22222,,
2014-12-02,SFL.N,,2.25,
2014-12-08,SLS.OQ,,,8699880
2014-12-09,FWONA.OQ,,1.88889,
2014-12-16,DCH.N,23.0,,3674217080
2014-12-16,FWONA.OQ,,,4438170750
2014-12-16,DCH.N,,,3674217080
2014-12-22,SFL.N,,,322777670
2014-12-22,SFL.N,20.16667,,322777670
2015-01-06,DCH.N,23.08333,,
2015-01-07,DCH.N,23.15385,,
2015-01-07,SFL.N,19.5,,
2015-01-08,SFL.N,,,325666500
2015-01-08,SLS.OQ,,,8696630
2015-01-08,SLS.OQ,,,17974570
2015-01-09,DCH.N,23.38462,,
2015-01-12,DCH.N,,,3674383750
2015-01-12,FWONA.OQ,,,4739660500
2015-01-12,SFL.N,19.41667,,
2015-01-13,SLS.OQ,171428.57143,,
2015-01-13,TILE.OQ,18.4,,
2015-01-15,DCH.N,,,3673633750
2015-01-16,DCH.N,23.76923,,
2015-01-16,DCH.N,23.76923,,3675733750
2015-01-21,SFL.N,,,326777670
2015-01-22,DCH.N,,,3677571080
2015-01-23,SFL.N,18.75,,
2015-01-26,DCH.N,,2.15385,
2015-01-26,DCH.N,24.30769,2.15385,
2015-01-26,DCH.N,24.30769,2.15385,3679654420
2015-01-27,DCH.N,,,3679621080
2015-01-27,FWONA.OQ,50.55556,,
2015-01-28,DCH.N,24.38462,,
2015-01-28,TILE.OQ,,1.88889,992801140
2015-01-28,TILE.OQ,,1.88889,
2015-01-28,DCH.N,24.38462,,3678837750
2015-01-28,TILE.OQ,19.0,1.88889,992801140
2015-01-30,TILE.OQ,19.33333,,
2015-02-02,SFL.N,18.92857,,
2015-02-03,SLS.OQ,170000.0,,
2015-02-04,SFL.N,,,327583250
2015-02-05,SFL.N,,2.125,
2015-02-12,DCH.N,,2.23077,
2015-02-12,DCH.N,,2.23077,3678829420
2015-02-13,DCH.N,,,3678837750
2015-02-18,TILE.OQ,,,1029853860
2015-02-19,TILE.OQ,20.83333,,1035383290
2015-02-20,FWONA.OQ,,1.9,
2015-02-20,TILE.OQ,22.0,,1036154710
2015-02-23,TILE.OQ,22.33333,,
2015-02-23,DCH.N,25.84615,,4080843580
2015-02-23,TILE.OQ,22.33333,,1041103710
2015-02-24,DCH.N,26.0,,
2015-02-24,DCH.N,26.0,,4080726920
2015-02-24,SFL.N,,,327066600
2015-02-26,FWONA.OQ,,2.0,
2015-02-26,FWONA.OQ,47.55556,2.0,
2015-02-26,SFL.N,,,375551140
2015-03-02,FWONA.OQ,48.11111,,4741796750
2015-03-03,FWONA.OQ,47.77778,,4751796750
2015-03-04,DCH.N,,2.23077,4076809400
2015-03-04,FWONA.OQ,46.1,2.09091,4777564530
2015-03-04,DCH.N,,2.23077,
2015-03-04,FWONA.OQ,,2.09091,4777564530
2015-03-04,FWONA.OQ,,2.09091,
2015-03-05,SFL.N,,,375727330
2015-03-06,FWONA.OQ,45.81818,,
2015-03-06,SLS.OQ,155000.0,,17303140
2015-03-09,SLS.OQ,154285.71429,,17033630
2015-03-09,SLS.OQ,154285.71429,,
2015-03-12,FWONA.OQ,44.63636,,4781341030
2015-03-12,SLS.OQ,,,16363860
2015-03-13,DCH.N,,,4076609400
2015-03-16,DCH.N,,,4072174820
2015-03-17,DCH.N,,,4080578580
2015-03-18,TILE.OQ,,,1042731430
2015-03-19,DCH.N,26.38462,,
2015-03-19,DCH.N,26.38462,,4080603580
2015-03-23,SFL.N,,,372727330
2015-03-23,SLS.OQ,,,16428000
2015-03-25,TILE.OQ,22.66667,,1043602860
2015-03-25,TILE.OQ,22.66667,,
2015-03-27,SFL.N,18.78571,,
2015-03-27,SFL.N,18.78571,,374060670
2015-03-30,FWONA.OQ,,2.16667,
2015-03-31,FWONA.OQ,45.54546,2.0,4785483890
2015-03-31,FWONA.OQ,,2.0,4785483890
2015-03-31,FWONA.OQ,,2.0,
2015-04-07,DCH.N,,,4080761920
2015-04-07,SLS.OQ,155000.0,2.42857,16346290
2015-04-07,SLS.OQ,155000.0,2.42857,
2015-04-14,SLS.OQ,,,16474860
2015-04-16,DCH.N,,,4078909500
2015-04-20,DCH.N,,,4079742830
2015-04-20,TILE.OQ,,,1042561570
2015-04-21,DCH.N,,,4084232670
2015-04-22,DCH.N,26.30769,,4067241000
2015-04-23,FWONA.OQ,45.81818,,
2015-04-23,SFL.N,,,380045500
2015-04-29,TILE.OQ,,,1042861570
2015-04-30,TILE.OQ,24.5,,1043935710
2015-05-01,DCH.N,26.46154,,4066993250
2015-05-01,TILE.OQ,25.5,,1044635710
2015-05-04,DCH.N,26.69231,,
2015-05-04,DCH.N,26.69231,,4069235830
2015-05-08,DCH.N,,,4068102090
2015-05-08,SLS.OQ,,,16267710
2015-05-11,DCH.N,,,4069413170
2015-05-13,FWONA.OQ,46.09091,,4782969600
2015-05-13,FWONA.OQ,,,4782969600
2015-05-15,SLS.OQ,,2.5,
2015-05-15,SLS.OQ,162000.0,2.5,15999250
2015-05-18,SLS.OQ,,,16087500
2015-05-18,FWONA.OQ,46.18182,,
2015-05-18,SLS.OQ,153000.0,,16087500
2015-05-22,FWONA.OQ,,,4781426890
2015-05-27,SFL.N,,,380045500
2015-05-28,FWONA.OQ,46.09091,,
2015-05-28,SFL.N,18.78571,,
2015-05-29,SFL.N,,,383321750
2015-06-01,SFL.N,18.08333,,
2015-06-02,SFL.N,18.25,,399571750
2015-06-02,SFL.N,18.25,,
2015-06-04,FWONA.OQ,,,4745444000
2015-06-05,FWONA.OQ,,,4739296000
2015-06-05,SFL.N,,,417143500
2015-06-08,DCH.N,26.30769,2.30769,4068046500
2015-06-08,SFL.N,18.75,,
2015-06-08,DCH.N,26.30769,2.30769,
2015-06-08,DCH.N,,2.30769,
2015-06-09,FWONA.OQ,,,4732322000
2015-06-12,FWONA.OQ,,,4736857400
2015-06-15,SFL.N,19.35714,,
2015-06-17,TILE.OQ,25.83333,,1045864290
2015-06-19,TILE.OQ,,,1048378500
2015-06-19,TILE.OQ,26.33333,,1048378500
2015-06-24,SFL.N,,,417143500
2015-06-29,SFL.N,19.5,,420643500
2015-06-29,TILE.OQ,26.83333,,
2015-06-29,SFL.N,19.5,,
2015-07-02,SFL.N,,,427429000
2015-07-09,DCH.N,,,4068554830
2015-07-13,DCH.N,,,4068445170
2015-07-13,SFL.N,19.41667,2.14286,
2015-07-13,SFL.N,,2.14286,
2015-07-15,FWONA.OQ,,,4736581170
2015-07-15,TILE.OQ,,2.0,
2015-07-15,FWONA.OQ,45.1,2.0,4736581170
2015-07-15,TILE.OQ,26.2,2.0,1045864290
2015-07-16,DCH.N,,,4068095170
2015-07-17,DCH.N,25.92308,,4067645500
2015-07-17,SFL.N,19.58333,,
2015-07-20,DCH.N,25.58333,,4063812170
2015-07-20,FWONA.OQ,45.09091,2.0,
2015-07-20,SFL.N,,2.16667,427429000
2015-07-20,SFL.N,,,427429000
2015-07-23,SLS.OQ,131250.0,,
2015-07-29,SLS.OQ,153000.0,,
2015-07-30,SLS.OQ,,,16090000
2015-07-30,TILE.OQ,27.2,,1043622860
2015-07-31,DCH.N,24.75,,4034382920
2015-07-31,TILE.OQ,29.0,,1043480140
2015-07-31,TILE.OQ,29.0,,
2015-08-03,DCH.N,23.75,,3969134750
2015-08-03,FWONA.OQ,45.36364,1.91667,4745726710
2015-08-03,DCH.N,23.75,,
2015-08-03,FWONA.OQ,,1.91667,
2015-08-04,FWONA.OQ,45.81818,,4752526710
2015-08-04,FWONA.OQ,,,4752526710
2015-08-06,SLS.OQ,,,15600000
2015-08-07,DCH.N,,,3958698000
2015-08-07,SFL.N,,2.16667,
2015-08-07,SLS.OQ,,,15367400
2015-08-10,SLS.OQ,,,15139500
2015-08-11,DCH.N,23.91667,,3953161640
2015-08-11,SLS.OQ,,,15306170
2015-08-11,DCH.N,23.91667,,
2015-08-12,FWONA.OQ,46.27273,,
2015-08-13,FWONA.OQ,,,4735744000
2015-08-14,FWONA.OQ,,,4745162670
2015-08-17,FWONA.OQ,,,4754472000
2015-08-18,FWONA.OQ,,,4752077600
2015-08-19,FWONA.OQ,,,4755731330
2015-08-26,SFL.N,,,426891000
2015-08-27,TILE.OQ,,,1042096280
2015-08-31,FWONA.OQ,,,4765439500
2015-08-31,SFL.N,,,426224330
2015-09-01,DCH.N,,,3957042580
2015-09-02,SFL.N,,,418836500
2015-09-08,SLS.OQ,142500.0,2.42857,15190140
2015-09-09,SLS.OQ,,2.28571,
2015-09-09,SLS.OQ,,2.28571,15229330
2015-09-09,SLS.OQ,142500.0,2.28571,15229330
2015-09-17,FWONA.OQ,,1.92308,
2015-09-28,SLS.OQ,129000.0,,
2015-09-30,SLS.OQ,142500.0,,
2015-10-02,FWONA.OQ,,,4769091000
2015-10-05,FWONA.OQ,,1.83333,
2015-10-05,FWONA.OQ,,1.83333,4769091000
2015-10-08,SFL.N,,,401224330
2015-10-09,DCH.N,,,3956021750
2015-10-12,DCH.N,,,3955946750
2015-10-13,DCH.N,,,3955938420
2015-10-16,DCH.N,,,3954746750
2015-10-16,TILE.OQ,,,1042334140
2015-10-18,FWONA.OQ,,,4769991000
2015-10-19,DCH.N,23.83333,,3955120170
2015-10-20,DCH.N,23.84615,,3955511830
2015-10-20,DCH.N,23.84615,,
2015-10-22,SFL.N,,,405168250
2015-10-23,SFL.N,19.75,,
2015-10-29,TILE.OQ,,1.75,
2015-10-29,TILE.OQ,26.83333,1.75,1025785560
2015-10-30,TILE.OQ,,,1017529280
2015-10-30,DCH.N,,,3945181000
2015-10-30,SLS.OQ,,,15190140
2015-10-30,TILE.OQ,25.83333,,1017529280
2015-11-02,DCH.N,24.07692,,3930451500
2015-11-02,SFL.N,,,409918250
2015-11-03,DCH.N,,,3928472080
2015-11-03,SFL.N,,2.14286,
2015-11-03,DCH.N,24.38462,,3928472080
2015-11-03,FWONA.OQ,,,4774948140
2015-11-03,SFL.N,19.78571,2.14286,409494600
2015-11-04,DCH.N,25.16667,,
2015-11-04,SLS.OQ,159000.0,,
2015-11-05,FWONA.OQ,46.18182,,4775091000
2015-11-06,DCH.N,,,3921993820
2015-11-08,FWONA.OQ,46.36364,,4774933860
2015-11-09,SLS.OQ,142500.0,,13987290
2015-11-10,FWONA.OQ,46.81818,,4774862710
2015-11-10,SLS.OQ,132500.0,,10121290
2015-11-11,SLS.OQ,130714.28571,,7596830
2015-11-11,SLS.OQ,130714.28571,2.0,7596830
2015-11-13,FWONA.OQ,47.63636,,4771491290
2015-11-13,FWONA.OQ,47.63636,,
2015-11-17,FWONA.OQ,,,4773491290
2015-11-18,SFL.N,19.5,,
2015-11-18,SFL.N,19.5,,420294600
2015-11-24,FWONA.OQ,,,4774089830
2015-11-25,SFL.N,,,419114600
2015-11-26,SFL.N,19.42857,,
2015-12-01,SFL.N,,,416514600
2015-12-07,FWONA.OQ,48.0,,4774323170
2015-12-07,FWONA.OQ,48.0,,
2015-12-08,SFL.N,19.33333,,
2015-12-08,SLS.OQ,,1.85714,
2015-12-09,DCH.N,24.72727,,
2015-12-09,FWONA.OQ,,,4773219860
2015-12-14,FWONA.OQ,,1.84615,
2015-12-14,FWONA.OQ,47.83333,1.84615,4775210880
2015-12-15,DCH.N,,2.38462,
2015-12-15,DCH.N,24.45455,2.38462,3923866550
2015-12-16,SFL.N,19.33333,2.125,417262170
2015-12-16,SFL.N,,2.125,417262170
2015-12-18,DCH.N,23.66667,,
2015-12-18,DCH.N,23.66667,,3930188750
2015-12-21,FWONA.OQ,47.75,,4776118890
2015-12-21,FWONA.OQ,47.75,,
2015-12-22,SLS.OQ,117857.14286,,9405170
2015-12-29,SFL.N,19.2,,
2016-01-04,SFL.N,19.2,,
2016-01-08,DCH.N,,,3932222080
2016-01-11,SFL.N,19.33333,,
2016-01-13,SFL.N,,2.14286,
2016-01-13,DCH.N,24.15385,,
2016-01-13,SFL.N,19.4,2.14286,417134600
2016-01-15,DCH.N,23.15385,,3932609580
2016-01-15,FWONA.OQ,,,4776769110
2016-01-15,DCH.N,23.15385,,
2016-01-19,FWONA.OQ,47.58333,,4777393110
2016-01-19,SFL.N,19.2,,413845200
2016-01-19,SFL.N,19.2,,
2016-01-20,TILE.OQ,25.16667,,
2016-01-21,TILE.OQ,24.16667,,1061223870
2016-01-21,TILE.OQ,24.16667,,
2016-01-22,DCH.N,,,3925096500
2016-01-25,DCH.N,21.80769,,3922771500
2016-01-27,DCH.N,21.57692,,3923054830
2016-01-31,SLS.OQ,117500.0,2.0,8762800
2016-01-31,SLS.OQ,117500.0,2.0,9405170
2016-02-02,FWONA.OQ,,,4776837560
2016-02-02,FWONA.OQ,47.41667,,4776837560
2016-02-05,FWONA.OQ,46.75,,
2016-02-09,SFL.N,,,413445200
2016-02-12,DCH.N,20.80769,,4058248080
2016-02-16,DCH.N,20.73077,,4046332000
2016-02-18,DCH.N,20.34615,,4031915330
2016-02-18,DCH.N,20.34615,,
2016-02-19,DCH.N,,,4017278000
2016-02-19,FWONA.OQ,45.91667,,
2016-02-25,FWONA.OQ,,,4779637560
2016-02-25,TILE.OQ,23.0,1.875,1028804580
2016-02-25,FWONA.OQ,,,5144507000
2016-02-25,TILE.OQ,,1.875,
2016-02-26,FWONA.OQ,46.54546,,
2016-02-26,SFL.N,,,413472600
2016-02-26,TILE.OQ,21.33333,,1006318850
2016-02-26,SFL.N,,,465769800
2016-02-26,TILE.OQ,,,1006318850
2016-02-29,FWONA.OQ,46.45455,,5146607000
2016-02-29,FWONA.OQ,,,5146607000
2016-03-01,FWONA.OQ,46.18182,,
2016-03-01,SFL.N,18.8,,463969800
2016-03-01,SFL.N,18.8,,
2016-03-03,FWONA.OQ,46.45455,,
2016-03-04,DCH.N,19.65385,,
2016-03-04,DCH.N,19.65385,,4008421750
2016-03-04,FWONA.OQ,46.09091,,5154232880
2016-03-07,FWONA.OQ,46.72727,,5156535750
2016-03-08,SFL.N,,,437000000
2016-03-09,TILE.OQ,21.83333,,
2016-03-10,FWONA.OQ,46.18182,,
2016-03-10,FWONA.OQ,46.18182,,5157535750
2016-03-11,SLS.OQ,,1.8,
2016-03-11,SLS.OQ,117000.0,1.8,10953500
2016-03-11,SLS.OQ,117000.0,1.8,
2016-03-14,SLS.OQ,,,0
2016-03-22,DCH.N,,2.42857,4015958540
2016-03-22,SFL.N,17.8,,
2016-03-22,DCH.N,,2.42857,
2016-03-23,FWONA.OQ,,,5158385750
2016-03-23,SFL.N,18.8,,
2016-04-06,FWONA.OQ,46.41667,1.78571,
2016-04-06,FWONA.OQ,46.41667,1.78571,5158385750
2016-04-07,TILE.OQ,,2.0,
2016-04-10,FWONA.OQ,,,5159512290
2016-04-13,DCH.N,19.57692,,4017573920
2016-04-13,DCH.N,19.57692,,
2016-04-14,DCH.N,,,4020189310
2016-04-18,FWONA.OQ,47.18182,1.69231,5158964330
2016-04-19,DCH.N,,,4019343150
2016-04-19,FWONA.OQ,45.25,1.78571,5155237200
2016-04-20,FWONA.OQ,43.25,2.0,5150732250
2016-04-20,FWONA.OQ,,2.0,
2016-04-20,FWONA.OQ,43.25,2.0,
2016-04-21,DCH.N,19.70833,2.38462,4020914000
2016-04-21,FWONA.OQ,,,5103585800
2016-04-21,DCH.N,,2.38462,
2016-04-22,FWONA.OQ,41.91667,,5150732250
2016-04-22,SFL.N,,,436000000
2016-04-26,FWONA.OQ,,2.0,5213950000
2016-04-26,TILE.OQ,,2.25,
2016-04-26,FWONA.OQ,41.4,2.0,5213950000
2016-04-26,SFL.N,19.0,2.125,460000000
2016-04-26,TILE.OQ,22.2,2.25,
2016-04-27,FWONA.OQ,40.9,,
2016-04-28,TILE.OQ,,,1001915570
2016-04-29,TILE.OQ,22.6,,1003633000
2016-04-29,TILE.OQ,22.6,,
2016-05-04,TILE.OQ,,,998021830
2016-05-05,TILE.OQ,,2.375,999904430
2016-05-06,DCH.N,19.875,,4009798000
2016-05-06,FWONA.OQ,36.0,2.0,2663770000
2016-05-06,FWONA.OQ,,2.0,2663770000
2016-05-06,FWONA.OQ,,2.0,
2016-05-09,DCH.N,20.125,,
2016-05-09,DCH.N,20.125,,3995647990
2016-05-10,DCH.N,,,3996568820
2016-05-10,FWONA.OQ,35.03833,,
2016-05-11,DCH.N,20.20833,,3995702150
2016-05-11,FWONA.OQ,34.955,,62540000
2016-05-11,DCH.N,20.20833,,
2016-05-11,FWONA.OQ,,,62540000
2016-05-12,FWONA.OQ,,2.07143,
2016-05-12,FWONA.OQ,33.88154,2.07143,
2016-05-13,DCH.N,,,3994576810
2016-05-18,DCH.N,,,3992409490
2016-05-19,FWONA.OQ,,,46905000
2016-05-20,FWONA.OQ,,,23452500
2016-05-23,SLS.OQ,120000.0,,
2016-05-26,SFL.N,17.83333,2.25,462333330
2016-05-26,SFL.N,17.83333,,
2016-05-31,FWONA.OQ,31.84308,,15635000
2016-05-31,SFL.N,,2.375,459250000
2016-05-31,FWONA.OQ,,,15635000
2016-05-31,SFL.N,,2.375,
2016-06-01,SFL.N,17.0,,
2016-06-06,SFL.N,,,461000000
2016-06-06,SLS.OQ,117000.0,,
2016-06-07,FWONA.OQ,30.22769,2.14286,
2016-06-07,FWONA.OQ,,2.14286,
2016-06-10,FWONA.OQ,,,15635000
2016-06-13,TILE.OQ,24.0,2.14286,998888500
2016-06-13,TILE.OQ,24.0,,998888500
2016-06-16,FWONA.OQ,30.22,,
2016-06-17,FWONA.OQ,31.13692,2.21429,
2016-06-17,SFL.N,16.33333,2.5,455500000
2016-06-17,SFL.N,16.33333,2.5,
2016-06-17,SFL.N,16.33333,,
2016-06-21,DCH.N,19.58333,2.53846,3982208650
2016-06-21,SFL.N,,,451666670
2016-06-24,TILE.OQ,,2.28571,
2016-06-29,DCH.N,19.5,2.46154,3982058650
2016-06-29,SLS.OQ,131250.0,2.0,
2016-06-29,DCH.N,,2.46154,
2016-06-30,SLS.OQ,,,0
2016-06-30,SLS.OQ,94000.0,2.25,0
2016-06-30,SLS.OQ,,2.25,0
2016-07-03,SFL.N,,,449750000
2016-07-07,FWONA.OQ,,,15635000
2016-07-07,FWONA.OQ,29.64833,2.30769,15635000
2016-07-11,FWONA.OQ,29.69167,2.23077,
2016-07-11,SLS.OQ,55000.0,,
2016-07-11,FWONA.OQ,,2.23077,
2016-07-13,TILE.OQ,23.75,,995086170
2016-07-14,FWONA.OQ,29.935,,
2016-07-15,FWONA.OQ,28.29273,,
2016-07-18,SFL.N,,2.71429,
2016-07-19,DCH.N,19.41667,,3981992000
2016-07-19,SFL.N,,2.85714,452200000
2016-07-19,DCH.N,19.41667,,
2016-07-20,FWONA.OQ,,2.15385,
2016-07-20,DCH.N,,,3981267000
2016-07-20,FWONA.OQ,28.26833,2.15385,
2016-07-22,SLS.OQ,25000.0,,
2016-07-27,SFL.N,16.16667,,
2016-07-28,TILE.OQ,,2.5,
2016-07-28,TILE.OQ,25.0,2.5,
2016-07-28,TILE.OQ,25.0,2.5,985357600
2016-07-29,DCH.N,19.5,,3983383670
2016-07-29,FWONA.OQ,28.51833,,
2016-07-29,TILE.OQ,,,984089400
2016-08-01,DCH.N,19.81818,2.53846,
2016-08-01,TILE.OQ,,,979789400
2016-08-01,DCH.N,19.81818,2.53846,3985922670
2016-08-01,TILE.OQ,22.0,,979789400
2016-08-01,DCH.N,,2.53846,
2016-08-02,DCH.N,,,3978106000
2016-08-04,DCH.N,,,3977663580
2016-08-04,FWONA.OQ,,2.16667,
2016-08-05,DCH.N,,,3984487550
2016-08-09,FWONA.OQ,27.4125,,
2016-08-10,SLS.OQ,34000.0,,
2016-08-12,FWONA.OQ,27.82917,,0
2016-08-12,FWONA.OQ,27.82917,,
2016-08-15,DCH.N,19.90909,,3974388580
2016-08-18,FWONA.OQ,,,0
2016-08-22,SFL.N,16.14286,2.875,446866670
2016-08-22,SFL.N,16.14286,2.875,
2016-08-22,SFL.N,,2.875,
2016-08-23,FWONA.OQ,27.9125,,
2016-08-24,TILE.OQ,22.5,,
2016-08-26,SFL.N,,,443200000
2016-08-31,SFL.N,,,442133330
2016-09-01,SFL.N,,,436633330
2016-09-06,DCH.N,19.81818,,3974380250
2016-09-06,DCH.N,19.81818,,
2016-09-07,FWONA.OQ,28.81364,2.18182,
2016-09-07,SFL.N,,,421266670
2016-09-07,FWONA.OQ,,2.18182,
2016-09-08,FWONA.OQ,29.08636,,
2016-09-09,FWONA.OQ,,2.16667,457250000
2016-09-09,FWONA.OQ,,,457250000
2016-09-12,FWONA.OQ,29.99546,2.0,
2016-09-12,SFL.N,,,425200000
2016-09-12,FWONA.OQ,,2.0,
2016-09-13,FWONA.OQ,29.17727,,
2016-09-21,FWONA.OQ,29.895,1.90909,609666670
2016-09-21,FWONA.OQ,,,609666670
2016-09-26,FWONA.OQ,31.32,1.90909,
2016-09-26,FWONA.OQ,,1.90909,
2016-09-29,DCH.N,,,3976071920
2016-09-30,FWONA.OQ,32.62,,609666670
2016-09-30,TILE.OQ,20.66667,,
2016-09-30,FWONA.OQ,,,609666670
2016-10-03,SFL.N,,,413950000
2016-10-05,SFL.N,,,419960000
2016-10-10,TILE.OQ,,,977049400
2016-10-12,TILE.OQ,,2.5,
2016-10-13,DCH.N,,2.58333,
2016-10-13,DCH.N,19.7,2.58333,3977305730
2016-10-14,DCH.N,19.8,,3978451180
2016-10-14,FWONA.OQ,32.82,,
2016-10-14,DCH.N,19.8,,
2016-10-17,DCH.N,,,3981442090
2016-10-19,DCH.N,19.8,2.63636,3986169360
2016-10-19,TILE.OQ,,,977844000
2016-10-19,DCH.N,19.8,2.63636,
2016-10-21,SFL.N,,,418420000
2016-10-25,DCH.N,,,3986187550
2016-10-26,TILE.OQ,,,976384000
2016-10-27,TILE.OQ,19.0,,971025000
2016-10-27,TILE.OQ,19.0,,
2016-10-28,SFL.N,,,416620000
2016-10-31,TILE.OQ,,,969845000
2016-11-03,DCH.N,18.3,2.8,3984662300
2016-11-03,SFL.N,,,416620000
2016-11-04,DCH.N,17.6,3.0,3957111640
2016-11-04,TILE.OQ,18.0,2.5,971324800
2016-11-04,DCH.N,,3.0,
2016-11-07,DCH.N,,,3956793270
2016-11-07,DCH.N,17.3,,3956793270
2016-11-09,DCH.N,16.6,3.09091,
2016-11-10,DCH.N,,3.27273,3966122600
2016-11-10,DCH.N,16.2,3.27273,3966122600
2016-11-10,FWONA.OQ,33.02,,
2016-11-15,FWONA.OQ,,1.9,
2016-11-16,FWONA.OQ,33.72,,
2016-11-17,FWONA.OQ,,,0
2016-11-18,DCH.N,16.3,,
2016-11-21,FWONA.OQ,34.035,2.0,
2016-11-21,FWONA.OQ,,2.0,
2016-11-23,DCH.N,15.9,,
2016-11-23,FWONA.OQ,,,0
2016-11-23,SFL.N,,,409820000
2016-11-28,SFL.N,,,401220000
2016-11-29,SFL.N,,,403519000
2016-11-30,SFL.N,15.92857,,405685670
2016-11-30,SFL.N,15.92857,,
2016-12-01,DCH.N,15.8,3.18182,3966142600
2016-12-02,SLS.OQ,11500.0,,
2016-12-06,SFL.N,,,411704670
2016-12-13,FWONA.OQ,35.235,,
2016-12-14,SFL.N,,,411278500
2016-12-16,DCH.N,,,3966502600
2016-12-16,TILE.OQ,,2.57143,
2016-12-16,DCH.N,16.5,3.09091,3966502600
2016-12-16,TILE.OQ,17.75,2.57143,969984000
2016-12-16,DCH.N,,3.09091,3966502600
2016-12-16,TILE.OQ,17.75,2.57143,
2016-12-19,DCH.N,16.7,,
2016-12-20,DCH.N,17.4,3.0,
2016-12-20,DCH.N,,3.0,
2016-12-27,FWONA.OQ,,,609666670
2017-01-05,TILE.OQ,,,970034000
2017-01-06,TILE.OQ,18.0,,
2017-01-06,DCH.N,17.9,,3965072600
2017-01-06,TILE.OQ,18.0,,967628500
2017-01-08,FWONA.OQ,,2.2,
2017-01-09,DCH.N,18.6,,
2017-01-09,DCH.N,18.6,,3965978400
2017-01-12,DCH.N,,,3963778400
2017-01-17,FWONA.OQ,35.635,2.4,
2017-01-17,SFL.N,,2.85714,
2017-01-17,FWONA.OQ,,2.4,
2017-01-19,DCH.N,,,3963837400
2017-01-20,FWONA.OQ,,,918000000
2017-01-20,FWONA.OQ,36.135,,918000000
2017-01-22,DCH.N,,,3961537400
2017-01-22,FWONA.OQ,,,1980000000
2017-01-23,DCH.N,,3.0,
2017-01-23,SFL.N,15.25,,
2017-01-24,FWONA.OQ,37.135,,
2017-01-25,DCH.N,18.8,,3956324910
2017-01-25,TILE.OQ,,,967834000
2017-02-02,FWONA.OQ,36.735,,
2017-02-02,SLS.OQ,14250.0,2.5,
2017-02-06,SFL.N,,2.85714,
2017-02-06,SLS.OQ,9000.0,3.0,
2017-02-06,TILE.OQ,,2.57143,
2017-02-07,FWONA.OQ,,2.44444,
2017-02-10,DCH.N,18.9,,4089113400
2017-02-13,DCH.N,19.7,3.16667,4292099580
2017-02-13,DCH.N,19.7,3.16667,
2017-02-16,SFL.N,,,410778500
2017-02-17,DCH.N,,,4310627640
2017-02-20,SFL.N,,,411278500
2017-02-22,DCH.N,,,4293243330
2017-02-22,TILE.OQ,,,1001042830
2017-02-23,TILE.OQ,18.75,,1003138000
2017-02-24,SLS.OQ,,3.0,
2017-02-24,SLS.OQ,12000.0,3.0,
2017-02-24,SLS.OQ,12000.0,3.0,0
2017-02-24,TILE.OQ,19.0,,996338000
2017-02-27,TILE.OQ,19.25,,996327670
2017-02-28,DCH.N,19.44444,3.09091,
2017-02-28,DCH.N,19.44444,3.09091,4308409640
2017-02-28,SFL.N,,,383270140
2017-03-01,SFL.N,14.5,,381627280
2017-03-01,SFL.N,14.5,,
2017-03-02,DCH.N,,,4312136910
2017-03-02,FWONA.OQ,,2.44444,1979600000
2017-03-02,SFL.N,,,381198710
2017-03-02,FWONA.OQ,,2.44444,
2017-03-03,SFL.N,15.08333,,
2017-03-06,DCH.N,,,4496709640
2017-03-07,SFL.N,,,381731830
2017-03-08,FWONA.OQ,,,1917300000
2017-03-08,FWONA.OQ,36.835,,1917300000
2017-03-08,SFL.N,,,384525000
2017-03-10,FWONA.OQ,37.135,,
2017-03-21,FWONA.OQ,36.935,,
2017-03-23,SLS.OQ,,,0
2017-03-24,SFL.N,,,384220000
2017-03-30,SFL.N,15.08333,,
2017-04-03,SFL.N,,,383525000
2017-04-09,SFL.N,,,384525000
2017-04-10,DCH.N,,3.2,4531280600
2017-04-10,DCH.N,18.875,3.2,4531280600
2017-04-11,TILE.OQ,,2.5,
2017-04-11,TILE.OQ,19.8,2.5,992995140
2017-04-11,TILE.OQ,19.8,2.5,
2017-04-17,SFL.N,14.91667,,
2017-04-19,DCH.N,18.625,,
2017-04-19,FWONA.OQ,36.37222,,
2017-04-20,DCH.N,18.55556,3.09091,4491609640
2017-04-20,TILE.OQ,,,991023710
2017-04-20,DCH.N,,3.09091,
2017-04-21,FWONA.OQ,35.97875,,
2017-04-26,TILE.OQ,,,991966570
2017-04-27,SFL.N,,,384775000
2017-04-27,TILE.OQ,20.6,,986458860
2017-04-27,TILE.OQ,20.6,,
2017-04-28,FWONA.OQ,,2.4,
2017-04-28,FWONA.OQ,36.75889,2.4,
2017-05-01,TILE.OQ,,,985073150
2017-05-02,TILE.OQ,,,984448000
2017-05-03,SFL.N,,,384775000
2017-05-05,DCH.N,18.77778,,4838370550
2017-05-08,DCH.N,19.2,3.0,6072151110
2017-05-08,SFL.N,,2.83333,
2017-05-08,DCH.N,19.2,3.0,
2017-05-08,DCH.N,,3.0,
2017-05-10,DCH.N,,,6072506000
2017-05-10,FWONA.OQ,37.42556,,1310533330
2017-05-10,FWONA.OQ,37.42556,,
2017-05-16,FWONA.OQ,,,1440275000
2017-05-18,FWONA.OQ,,,1888033330
2017-05-21,FWONA.OQ,,,1880266670
2017-05-23,FWONA.OQ,,2.45455,
2017-05-23,FWONA.OQ,,2.45455,1852950000
2017-05-23,FWONA.OQ,36.983,2.45455,1852950000
2017-05-24,FWONA.OQ,36.883,,
2017-05-25,FWONA.OQ,36.583,,1863560000
2017-05-26,SFL.N,14.9,,
2017-05-30,FWONA.OQ,36.683,,1862760000
2017-05-30,SFL.N,14.08333,,
2017-05-31,SFL.N,,,379450000
2017-06-02,SFL.N,14.08333,,367160000
2017-06-02,SFL.N,14.08333,,
2017-06-06,SFL.N,,,357933330
2017-06-08,DCH.N,,,6069639910
2017-06-13,FWONA.OQ,36.783,,1860633330
2017-06-14,DCH.N,,,6069367180
2017-06-16,DCH.N,18.7,,
2017-06-19,FWONA.OQ,,2.4,
2017-06-20,DCH.N,18.09091,2.84615,6070419920
2017-06-20,DCH.N,,2.84615,
2017-06-21,SFL.N,13.7,,
2017-06-22,DCH.N,17.90909,,6067744920
2017-06-27,SFL.N,,,357933330
2017-06-30,SFL.N,,,371772750
2017-07-07,FWONA.OQ,,2.33333,
2017-07-07,FWONA.OQ,37.09222,2.33333,
2017-07-07,FWONA.OQ,37.09222,2.33333,1866860000
2017-07-10,FWONA.OQ,,,1859914200
2017-07-10,SFL.N,,,371772750
2017-07-11,DCH.N,17.54546,,
2017-07-11,DCH.N,17.54546,,6068686580
2017-07-12,FWONA.OQ,,,1857414200
2017-07-12,SFL.N,13.91667,,372418200
2017-07-13,SFL.N,,2.85714,
2017-07-13,SFL.N,13.91667,2.85714,375015170
2017-07-13,SFL.N,,2.85714,375015170
2017-07-18,DCH.N,,,6068453250
2017-07-19,DCH.N,,,6065686580
2017-07-20,DCH.N,17.0,,6070269920
2017-07-20,TILE.OQ,,,985833720
2017-07-20,DCH.N,17.0,,
2017-07-21,SFL.N,13.91667,,
2017-07-24,DCH.N,,2.83333,
2017-07-24,DCH.N,,2.83333,6070712640
2017-07-26,SLS.OQ,,3.0,
2017-07-26,TILE.OQ,,,984433720
2017-07-27,TILE.OQ,21.0,,982313140
2017-07-27,TILE.OQ,21.0,,
2017-07-28,DCH.N,17.1,,6072532640
2017-07-28,TILE.OQ,,,980598860
2017-07-28,DCH.N,17.1,,
2017-07-31,DCH.N,,,6051878090
2017-08-02,TILE.OQ,21.4,,978836290
2017-08-04,DCH.N,,,6051632400
2017-08-09,FWONA.OQ,,,1853014200
2017-08-10,DCH.N,16.9,,
2017-08-10,FWONA.OQ,,,1854325600
2017-08-10,DCH.N,16.9,,6050665820
2017-08-10,FWONA.OQ,37.20333,,1854325600
2017-08-11,FWONA.OQ,37.42556,,
2017-08-13,FWONA.OQ,38.09222,,1830645600
2017-08-15,FWONA.OQ,38.31444,,1829845600
2017-08-15,FWONA.OQ,38.31444,,
2017-08-16,DCH.N,,2.75,
2017-08-16,FWONA.OQ,,2.33333,1844557000
2017-08-16,FWONA.OQ,,,1844557000
2017-08-23,FWONA.OQ,38.64778,,
2017-08-29,SFL.N,,,380015170
2017-08-31,SFL.N,,,379831830
2017-09-01,FWONA.OQ,39.42556,2.11111,
2017-09-01,SFL.N,13.1,3.0,379498500
2017-09-01,FWONA.OQ,39.42556,,
2017-09-01,SFL.N,,3.0,
2017-09-13,DCH.N,,,6059747640
2017-09-13,SFL.N,13.7,,376613170
2017-09-13,SFL.N,13.7,,
2017-09-14,SFL.N,,,381429830
2017-09-29,SFL.N,13.375,3.0,382715800
2017-09-29,SFL.N,13.375,,
2017-10-03,FWONA.OQ,,2.2,
2017-10-03,FWONA.OQ,,2.2,1838645600
2017-10-06,FWONA.OQ,39.98111,,
2017-10-06,FWONA.OQ,39.98111,,1839418400
2017-10-11,FWONA.OQ,,,1837938400
2017-10-12,TILE.OQ,21.8,,
2017-10-12,DCH.N,,,6064911270
2017-10-12,TILE.OQ,21.8,,978479140
2017-10-13,TILE.OQ,,,977950570
2017-10-16,SFL.N,,2.83333,
2017-10-16,DCH.N,17.2,,6067929460
2017-10-16,SFL.N,,2.83333,379715800
2017-10-19,DCH.N,17.5,,6065756730
2017-10-19,SFL.N,,,379946400
2017-10-20,DCH.N,,,6066574910
2017-10-20,DCH.N,18.18182,,6066574910
2017-10-20,FWONA.OQ,,,1839448670
2017-10-24,DCH.N,18.63636,,
2017-10-25,FWONA.OQ,40.87,,
2017-10-25,TILE.OQ,,,978736290
2017-10-26,TILE.OQ,23.6,,983173860
2017-10-27,TILE.OQ,25.2,,986593860
2017-10-27,TILE.OQ,25.2,,
2017-11-03,DCH.N,19.0,,6095535820
2017-11-06,DCH.N,,,6194599460
2017-11-06,DCH.N,19.18182,,6194599460
2017-11-07,DCH.N,20.0,,
2017-11-08,FWONA.OQ,,2.27273,
2017-11-08,DCH.N,,,6230905560
2017-11-08,FWONA.OQ,41.15889,2.27273,
2017-11-09,FWONA.OQ,41.60333,,1836948670
2017-11-10,FWONA.OQ,41.82556,,1837115330
2017-11-10,FWONA.OQ,41.82556,,
2017-11-12,FWONA.OQ,,,1840938400
2017-11-13,DCH.N,,,6221415000
2017-11-13,DCH.N,21.0,,6221415000
2017-11-14,FWONA.OQ,42.04778,,1841138400
2017-11-16,FWONA.OQ,41.60333,,1821442800
2017-11-16,FWONA.OQ,,,1821442800
2017-11-21,FWONA.OQ,41.71444,,
2017-11-22,SFL.N,,,378421800
2017-11-24,SFL.N,13.75,,
2017-11-24,FWONA.OQ,,2.3,
2017-11-24,SFL.N,13.75,,378481800
2017-11-28,DCH.N,20.1,,
2017-11-29,SFL.N,,,381469670
2017-12-04,SFL.N,13.75,,
2017-12-05,DCH.N,19.72727,,6221627000
2017-12-18,SLS.OQ,,3.0,
2017-12-19,DCH.N,19.81818,,6214927000
2017-12-19,FWONA.OQ,,2.22222,1821442800
2017-12-19,FWONA.OQ,,2.22222,
2017-12-21,TILE.OQ,,,986465290
2017-12-22,TILE.OQ,25.6,,
2018-01-08,DCH.N,19.90909,,6216527000
2018-01-11,FWONA.OQ,,,1822019000
2018-01-17,TILE.OQ,26.2,,
2018-01-19,DCH.N,20.0,,6223163360
2018-01-19,FWONA.OQ,,,1822202330
2018-01-19,DCH.N,20.0,,
2018-01-22,DCH.N,,,6225890640
2018-01-25,FWONA.OQ,,,2018074670
2018-01-25,DCH.N,,,6228191090
2018-01-25,FWONA.OQ,,,1810702330
2018-01-26,SFL.N,,,380112000
2018-01-29,DCH.N,,2.72727,6228270200
2018-01-29,DCH.N,,2.72727,
2018-02-07,SFL.N,14.0,,
2018-02-12,SFL.N,14.2,,
2018-02-16,DCH.N,,,6822414400
2018-02-20,DCH.N,19.81818,,6894942100
2018-02-20,DCH.N,19.81818,,
2018-02-21,TILE.OQ,,,1033535000
2018-02-22,TILE.OQ,27.4,,1040872860
2018-02-23,DCH.N,,,6924065130
2018-02-23,TILE.OQ,28.0,,1044860710
2018-02-23,TILE.OQ,28.0,,
2018-02-27,SFL.N,14.2,,382622250
2018-02-27,SFL.N,14.2,,
2018-03-01,SFL.N,,,379547250
2018-03-02,FWONA.OQ,,2.3,
2018-03-02,DCH.N,,,6911575130
2018-03-02,FWONA.OQ,,2.3,2008741330
2018-03-02,SFL.N,14.0,,
2018-03-04,FWONA.OQ,43.27,,
2018-03-06,FWONA.OQ,41.60333,,
2018-03-06,FWONA.OQ,41.60333,,1962864860
2018-03-08,FWONA.OQ,,,1966175670
2018-03-13,FWONA.OQ,41.27,,1942622000
2018-03-13,FWONA.OQ,41.27,,
2018-03-14,DCH.N,19.63636,,6908600110
2018-03-16,FWONA.OQ,,,1917225670
2018-03-19,SLS.OQ,650.0,2.0,
2018-03-22,DCH.N,20.09091,,6954910780
2018-03-22,DCH.N,20.09091,,
2018-03-22,DCH.N,20.09091,2.54546,6954910780
2018-03-22,FWONA.OQ,,,1924193430
2018-03-22,SLS.OQ,,,0
2018-03-26,DCH.N,,2.36364,
2018-04-02,SLS.OQ,,2.0,
2018-04-02,SLS.OQ,600.0,2.0,
2018-04-02,SLS.OQ,600.0,2.0,0
2018-04-10,DCH.N,,,6955794670
2018-04-11,TILE.OQ,,,1045117860
2018-04-12,DCH.N,,,6963683560
2018-04-12,TILE.OQ,,,1045760710
2018-04-13,FWONA.OQ,,,1923479140
2018-04-16,DCH.N,,,6962728000
2018-04-16,FWONA.OQ,40.71444,,
2018-04-16,SFL.N,14.0,,
2018-04-17,DCH.N,,,6963283560
2018-04-19,DCH.N,20.1,,
2018-04-20,DCH.N,,,6987172440
2018-04-20,SFL.N,,,377937500
2018-04-25,TILE.OQ,,,1046489290
2018-04-26,SFL.N,,,380937500
2018-04-26,TILE.OQ,,,1053065710
2018-04-27,TILE.OQ,27.6,,1054908570
2018-04-27,TILE.OQ,27.6,,
2018-04-30,FWONA.OQ,40.05375,,
2018-05-02,TILE.OQ,,,1057132500
2018-05-04,DCH.N,19.90909,,6992839110
2018-05-07,DCH.N,20.5,2.3,7071305780
2018-05-07,DCH.N,20.5,2.3,
2018-05-07,DCH.N,,2.3,
2018-05-09,DCH.N,,,7082504220
2018-05-09,FWONA.OQ,,,1920907710
2018-05-10,DCH.N,20.6,,
2018-05-10,FWONA.OQ,39.17875,,1914164860
2018-05-10,FWONA.OQ,39.17875,,
2018-05-13,FWONA.OQ,,,1911307710
2018-05-14,DCH.N,,,7092344220
2018-05-14,SFL.N,,3.0,380937500
2018-05-15,FWONA.OQ,38.55375,,
2018-05-15,FWONA.OQ,38.55375,,1903656430
2018-05-16,FWONA.OQ,,,1898265830
2018-05-17,FWONA.OQ,38.42875,,
2018-05-17,TILE.OQ,,,1057082570
2018-05-25,DCH.N,20.7,,7096077560
2018-06-01,DCH.N,20.45455,2.36364,7095059800
2018-06-01,SFL.N,14.625,2.8,388662500
2018-06-01,SFL.N,,2.8,
2018-06-04,SFL.N,15.83333,,406917750
2018-06-05,SFL.N,15.625,,416167750
2018-06-05,SFL.N,15.625,,
2018-06-06,DCH.N,20.7,2.3,7097777560
2018-06-06,DCH.N,20.7,2.3,
2018-06-07,SFL.N,,,431890330
2018-06-13,TILE.OQ,,,1057139710
2018-06-14,DCH.N,,,7108888670
2018-06-14,TILE.OQ,,,1056513000
2018-06-15,DCH.N,,,7123060890
2018-06-15,FWONA.OQ,,,1905513570
2018-06-15,TILE.OQ,,,1057048750
2018-06-18,DCH.N,,,7128649780
2018-06-22,DCH.N,20.44444,2.33333,7127356000
2018-06-22,TILE.OQ,27.0,2.57143,1057048750
2018-06-22,DCH.N,,2.33333,
2018-06-22,DCH.N,20.44444,2.33333,
2018-06-23,TILE.OQ,,2.5,
2018-06-23,TILE.OQ,27.6,2.5,
2018-06-23,TILE.OQ,27.6,2.5,1057048750
2018-06-26,DCH.N,,,7167593000
2018-07-04,SLS.OQ,,,0
2018-07-05,SFL.N,15.83333,,
2018-07-09,DCH.N,,,7181076670
2018-07-13,DCH.N,,,7187560000
2018-07-13,SFL.N,,,428755670
2018-07-16,FWONA.OQ,,,1905142140
2018-07-18,SFL.N,15.83333,,
2018-07-19,SLS.OQ,400.0,,
2018-07-20,DCH.N,19.75,,
2018-07-20,DCH.N,19.75,,7185060000
2018-07-25,TILE.OQ,,,1058298750
2018-07-26,TILE.OQ,,,1065902750
2018-07-30,TILE.OQ,27.2,,
2018-07-31,SLS.OQ,225.0,,
2018-08-03,DCH.N,,,7193293330
2018-08-06,DCH.N,,,7234651430
2018-08-07,TILE.OQ,,,1123220750
2018-08-08,FWONA.OQ,,,1900642140
2018-08-09,FWONA.OQ,38.67875,,1893217000
2018-08-10,DCH.N,,,7239516670
2018-08-10,FWONA.OQ,38.80375,,1885359860
2018-08-13,DCH.N,,,7243821570
2018-08-14,DCH.N,,,7204267630
2018-08-14,TILE.OQ,27.66667,2.375,1152270750
2018-08-14,TILE.OQ,,2.375,
2018-08-14,TILE.OQ,27.66667,2.375,
2018-08-15,FWONA.OQ,39.05375,,1856503800
2018-08-15,TILE.OQ,,,1178275000
2018-08-15,FWONA.OQ,39.05375,,
2018-08-16,SFL.N,15.875,2.5,
2018-08-16,SFL.N,15.875,2.5,422241750
2018-08-16,SFL.N,,2.5,
2018-08-17,DCH.N,,,7239082630
2018-08-21,FWONA.OQ,,,1849903800
2018-08-22,SFL.N,,,423570500
2018-08-23,SFL.N,,,423270500
2018-08-27,TILE.OQ,28.0,,1178991290
2018-08-27,TILE.OQ,28.0,,
2018-08-29,SFL.N,,,422027330
2018-08-31,FWONA.OQ,39.30375,,1850253170
2018-08-31,FWONA.OQ,,,1850253170
2018-09-03,SFL.N,15.875,,
2018-09-06,SFL.N,15.86,2.33333,420020500
2018-09-06,SFL.N,15.86,,
2018-09-07,DCH.N,19.71429,2.5,7238380140
2018-09-14,TILE.OQ,,,1179434140
2018-09-19,TILE.OQ,,,1179791290
2018-09-26,FWONA.OQ,40.30375,,
2018-09-28,FWONA.OQ,,2.22222,
2018-10-02,DCH.N,20.625,2.33333,7242870130
2018-10-02,DCH.N,20.625,2.33333,
2018-10-02,DCH.N,,2.33333,
2018-10-03,DCH.N,,,7248557630
2018-10-05,FWONA.OQ,,,1854269830
2018-10-09,FWONA.OQ,40.15889,2.3,1854680140
2018-10-09,FWONA.OQ,40.15889,,
2018-10-11,DCH.N,20.5,,
2018-10-12,SFL.N,,2.2,420020500
2018-10-12,SFL.N,,2.2,
2018-10-15,DCH.N,,,7247268880
2018-10-15,SLS.OQ,250.0,2.0,
2018-10-16,DCH.N,,,7254168880
2018-10-19,DCH.N,,,7262779380
2018-10-23,SFL.N,,,418770500
2018-10-24,TILE.OQ,,,1179319860
2018-10-25,TILE.OQ,25.16667,,1184395860
2018-10-26,TILE.OQ,,,1188246430
2018-10-26,TILE.OQ,24.16667,,1188246430
2018-10-29,SFL.N,,,419441000
2018-10-30,FWONA.OQ,,2.33333,
2018-10-30,FWONA.OQ,,2.33333,1854680140
2018-11-01,SLS.OQ,450.0,1.5,
2018-11-01,SLS.OQ,450.0,1.5,0
2018-11-02,DCH.N,20.125,,
2018-11-05,DCH.N,,2.22222,
2018-11-05,DCH.N,17.5,2.22222,7258469380
2018-11-07,SFL.N,,,421766000
2018-11-08,FWONA.OQ,40.25,,
2018-11-09,FWONA.OQ,40.375,,1855128290
2018-11-12,FWONA.OQ,38.375,,1851149670
2018-11-13,FWONA.OQ,38.625,,1845816330
2018-11-13,SLS.OQ,,,0
2018-11-14,DCH.N,16.55556,,7256978750
2018-11-14,FWONA.OQ,38.875,,1845590670
2018-11-14,DCH.N,16.55556,,
2018-11-14,FWONA.OQ,,,1845590670
2018-11-15,SLS.OQ,,,0
2018-11-20,SFL.N,,,422266000
2018-11-23,FWONA.OQ,38.875,,
2018-11-26,SFL.N,,,424016000
2018-11-27,SFL.N,,,428388000
2018-11-29,FWONA.OQ,38.75,,
2018-11-29,SFL.N,15.88333,2.0,426291000
2018-11-29,TILE.OQ,23.0,,
2018-11-30,SFL.N,15.88333,2.14286,
2018-11-30,SFL.N,15.88333,2.14286,414832800
2018-12-07,SFL.N,,,414110670
2018-12-10,DCH.N,,2.3,7256825560
2018-12-12,FWONA.OQ,38.875,,
2018-12-13,DCH.N,,2.36364,
2018-12-13,DCH.N,16.0,2.36364,7258343000
2018-12-17,TILE.OQ,22.33333,,1187875000
2018-12-19,DCH.N,,,7257183000
2018-12-19,DCH.N,15.8,,7257183000
2018-12-20,FWONA.OQ,38.75,,1838757330
2018-12-20,FWONA.OQ,38.75,,
2018-12-27,SFL.N,15.18571,2.25,
2019-01-04,DCH.N,15.7,,
2019-01-07,TILE.OQ,22.0,,1399444710
2019-01-07,TILE.OQ,22.0,,
2019-01-07,TILE.OQ,22.0,,1187117860
2019-01-09,SFL.N,,,413644000
2019-01-10,SFL.N,,2.33333,414318430
2019-01-10,SFL.N,14.775,2.33333,414318430
2019-01-13,DCH.N,,,7253283000
2019-01-14,FWONA.OQ,,,1839077710
2019-01-15,FWONA.OQ,40.0,,
2019-01-17,DCH.N,,,7253123000
2019-01-23,DCH.N,,,7251523000
2019-01-23,DCH.N,16.3,,7251523000
2019-01-23,SFL.N,14.65,,
2019-01-29,DCH.N,16.4,,
2019-01-30,FWONA.OQ,,2.3,
2019-01-31,SFL.N,,2.22222,
2019-01-31,SFL.N,,2.22222,422032710
2019-02-05,SFL.N,14.65,,
2019-02-15,DCH.N,16.6,,7244513800
2019-02-15,SFL.N,14.525,,
2019-02-19,DCH.N,17.44444,,7262570400
2019-02-20,DCH.N,18.0,2.18182,
2019-02-20,DCH.N,18.0,2.18182,7288544400
2019-02-20,TILE.OQ,,,1389604860
2019-02-20,DCH.N,,2.18182,
2019-02-21,FWONA.OQ,39.28571,,2010851290
2019-02-21,FWONA.OQ,39.28571,,1839540710
2019-02-21,TILE.OQ,,,1385847710
2019-02-22,DCH.N,,,7303828220
2019-02-25,DCH.N,18.77778,,7301755400
2019-02-25,TILE.OQ,,,1384004860
2019-02-26,SFL.N,14.775,,422675570
2019-02-26,TILE.OQ,,,1377864830
2019-02-27,SFL.N,,,423104140
2019-02-27,SFL.N,14.7875,,423104140
2019-03-01,FWONA.OQ,38.57143,,
2019-03-01,SFL.N,14.6625,,
2019-03-01,FWONA.OQ,38.57143,,2008558000
2019-03-01,SFL.N,14.6625,,471760140
2019-03-03,FWONA.OQ,,,2004415140
2019-03-07,SFL.N,14.8625,,473579860
2019-03-07,TILE.OQ,,,1378661860
2019-03-08,FWONA.OQ,39.14286,,2001946710
2019-03-08,FWONA.OQ,39.14286,,
2019-03-11,FWONA.OQ,,,1998375290
2019-03-18,FWONA.OQ,,2.22222,
2019-03-18,FWONA.OQ,,2.22222,1999604500
2019-03-22,SLS.OQ,650.0,2.0,
2019-03-28,FWONA.OQ,,,1993375290
2019-03-29,DCH.N,18.88889,,7301305400
2019-03-29,FWONA.OQ,,2.22222,
2019-03-29,TILE.OQ,,,1378247570
2019-04-05,DCH.N,18.77778,,
2019-04-05,SFL.N,14.41429,2.25,
2019-04-05,DCH.N,18.77778,,7299755400
2019-04-05,SFL.N,14.41429,2.25,474259830
2019-04-08,FWONA.OQ,,,1997375290
2019-04-08,SLS.OQ,437.5,2.0,
2019-04-15,DCH.N,,,7300531500
2019-04-15,FWONA.OQ,39.42857,,
2019-04-23,DCH.N,,,7300431500
2019-04-24,TILE.OQ,,,1378133290
2019-04-25,TILE.OQ,21.33333,,1370435290
2019-04-26,TILE.OQ,21.0,,1367019290
2019-04-26,TILE.OQ,21.0,,
2019-04-27,SFL.N,,,463286330
2019-05-01,TILE.OQ,,,1364281830
2019-05-03,DCH.N,18.66667,,7293231500
2019-05-06,DCH.N,18.22222,,
2019-05-06,DCH.N,18.22222,,7268981500
2019-05-08,TILE.OQ,20.66667,,1366472860
2019-05-09,FWONA.OQ,39.57143,,2001375290
2019-05-10,DCH.N,,,7242211250
2019-05-13,FWONA.OQ,40.71429,,2008518140
2019-05-14,FWONA.OQ,40.85714,,2011992000
2019-05-16,DCH.N,,,7249221560
2019-05-16,FWONA.OQ,42.85714,2.11111,2023977710
2019-05-16,TILE.OQ,20.33333,,1364258570
2019-05-21,DCH.N,,,7262072670
2019-05-21,SFL.N,14.56667,2.14286,463286330
2019-05-22,SFL.N,,2.125,
2019-05-22,SFL.N,14.62857,2.125,462214750
2019-05-22,SLS.OQ,,,0
2019-05-22,SFL.N,14.62857,2.125,
2019-05-28,SFL.N,,,460332330
2019-05-30,SFL.N,14.62857,,
2019-05-31,SFL.N,14.62857,,
2019-05-31,SFL.N,14.62857,,468749250
2019-06-03,SFL.N,,,464969800
2019-06-06,FWONA.OQ,42.66667,2.125,2022117500
2019-06-06,TILE.OQ,,2.57143,
2019-06-06,FWONA.OQ,42.66667,2.125,
2019-06-21,SLS.OQ,,,0
2019-06-24,SFL.N,,,465969800
2019-06-26,DCH.N,,2.16667,
2019-06-26,DCH.N,17.9,2.16667,
2019-06-26,DCH.N,17.9,2.16667,7261007200
2019-06-27,SFL.N,,2.28571,465969800
2019-07-08,DCH.N,,,7262187200
2019-07-10,FWONA.OQ,,,2020450830
2019-07-15,DCH.N,,,7265557200
2019-07-15,TILE.OQ,20.8,2.5,
2019-07-15,TILE.OQ,,2.5,
2019-07-15,DCH.N,17.7,,7265557200
2019-07-15,TILE.OQ,20.8,2.5,1361698500
2019-07-16,TILE.OQ,,,1361931830
2019-07-17,TILE.OQ,20.4,,
2019-07-18,DCH.N,17.4,,
2019-07-19,DCH.N,,,7266557200
2019-07-22,FWONA.OQ,,,2019672140
2019-07-25,TILE.OQ,19.4,,1356181830
2019-07-29,TILE.OQ,18.2,,1349391670
2019-07-29,TILE.OQ,18.2,,
2019-08-02,DCH.N,16.7,,7196071200
2019-08-02,SLS.OQ,225.0,2.5,
2019-08-02,SLS.OQ,,2.5,
2019-08-05,DCH.N,13.9,,6967827910
2019-08-05,FWONA.OQ,,,2017100630
2019-08-05,DCH.N,,,6967827910
2019-08-07,DCH.N,13.2,,
2019-08-08,FWONA.OQ,,2.0,
2019-08-08,FWONA.OQ,44.10857,2.0,
2019-08-09,FWONA.OQ,44.25143,,
2019-08-09,DCH.N,,,6935258600
2019-08-09,FWONA.OQ,44.25143,,2018225630
2019-08-11,FWONA.OQ,,,2016350630
2019-08-14,DCH.N,12.5,,6931616820
2019-08-15,FWONA.OQ,44.39429,,2015422780
2019-08-21,SFL.N,,2.5,
2019-08-21,SLS.OQ,87.5,,
2019-08-21,SFL.N,,2.5,453789200
2019-08-21,SLS.OQ,87.5,,0
2019-08-29,FWONA.OQ,45.25143,,2015978330
2019-08-29,FWONA.OQ,,,2015978330
2019-09-10,SFL.N,,,451364670
2019-09-13,DCH.N,13.0,2.0,6934598500
2019-09-13,DCH.N,13.0,2.0,
2019-09-13,DCH.N,,2.0,
2019-09-17,SFL.N,,2.28571,
2019-09-17,SFL.N,14.6375,2.28571,454523500
2019-09-18,FWONA.OQ,,2.125,
2019-09-18,DCH.N,,,6929178500
2019-09-18,FWONA.OQ,45.24857,2.125,
2019-09-19,DCH.N,12.77778,,
2019-09-19,FWONA.OQ,,,2016978330
2019-09-20,FWONA.OQ,45.82,,
2019-09-25,DCH.N,12.88889,,6927497500
2019-09-25,DCH.N,12.88889,,
2019-09-30,DCH.N,,,6918497500
2019-10-01,FWONA.OQ,46.39143,,2014881440
2019-10-01,SLS.OQ,,,0
2019-10-01,FWONA.OQ,46.39143,,
2019-10-02,DCH.N,,,6913407500
2019-10-04,DCH.N,,,6900137500
2019-10-04,TILE.OQ,,,1349108330
2019-10-08,DCH.N,12.77778,,6885447500
2019-10-11,DCH.N,12.44444,,
2019-10-11,DCH.N,12.44444,,6862320000
2019-10-13,FWONA.OQ,,,2013548110
2019-10-16,DCH.N,,,6772081670
2019-10-18,DCH.N,,,6761385000
2019-10-18,SLS.OQ,,2.0,
2019-10-21,DCH.N,,,6792862000
2019-10-25,SFL.N,14.6875,,
2019-10-25,SFL.N,14.6875,,458418800
2019-10-25,TILE.OQ,18.6,,1349958330
2019-10-28,FWONA.OQ,46.67714,,2013770330
2019-10-28,TILE.OQ,19.0,2.66667,1348508330
2019-10-28,FWONA.OQ,46.67714,,
2019-10-30,FWONA.OQ,,,2016077600
2019-10-31,SFL.N,,,459618800
2019-10-31,SLS.OQ,,,0
2019-11-01,DCH.N,12.66667,,6769982000
2019-11-04,DCH.N,13.11111,,6638381380
2019-11-05,DCH.N,13.11111,2.09091,6628783440
2019-11-05,DCH.N,13.11111,2.09091,
2019-11-05,DCH.N,,2.09091,
2019-11-08,DCH.N,,,6597582750
2019-11-12,FWONA.OQ,49.53429,,
2019-11-12,DCH.N,13.4,,
2019-11-12,FWONA.OQ,49.53429,,2016799900
2019-11-14,SFL.N,14.51429,2.33333,459273500
2019-11-15,DCH.N,,,6596561330
2019-11-15,FWONA.OQ,,,2017899900
2019-11-15,SLS.OQ,49.75,2.0,0
2019-11-15,SLS.OQ,49.75,2.0,
2019-11-15,SLS.OQ,,2.0,
2019-11-18,FWONA.OQ,,,2020111000
2019-11-19,FWONA.OQ,,,2017399900
2019-11-20,FWONA.OQ,46.96286,,
2019-11-21,DCH.N,,,6600360700
2019-11-21,FWONA.OQ,,,2016497900
2019-11-22,SFL.N,,2.28571,
2019-11-22,SFL.N,14.975,2.28571,460982600
2019-11-25,FWONA.OQ,49.86143,2.0,
2019-11-25,FWONA.OQ,,2.0,
2019-11-26,FWONA.OQ,50.14714,,
2019-11-26,SLS.OQ,,,0
2019-11-28,SFL.N,,,463637670
2019-11-29,SFL.N,14.82857,,
2019-12-02,SFL.N,,,462728250
2019-12-05,SLS.OQ,13.5,,
2019-12-13,FWONA.OQ,,,2016509000
2019-12-19,DCH.N,,,6599950700
2019-12-30,SFL.N,,,462728250
2019-12-31,TILE.OQ,19.0,2.8,1348080600
2019-12-31,TILE.OQ,,2.8,
2020-01-03,SFL.N,14.8,,
2020-01-13,SFL.N,14.97143,,
2020-01-14,DCH.N,,,6601900700
2020-01-14,FWONA.OQ,47.66857,,
2020-01-21,DCH.N,,,6606000700
2020-01-24,DCH.N,,1.90909,
2020-01-24,DCH.N,13.5,1.90909,
2020-01-24,DCH.N,13.5,1.90909,6603700700
2020-01-27,DCH.N,,,6606381400
2020-02-02,FWONA.OQ,48.24,,
2020-02-02,FWONA.OQ,48.24,,2191382300
2020-02-14,DCH.N,13.4,,6069307000
2020-02-18,DCH.N,12.77778,,5972867900
2020-02-18,SFL.N,,,461952400
2020-02-19,DCH.N,12.44444,,5961464400
2020-02-19,SFL.N,,,461939600
2020-02-19,DCH.N,12.44444,,
2020-02-19,SFL.N,,,478381000
2020-02-21,DCH.N,,,5917885500
2020-02-21,SFL.N,14.97143,,
2020-02-24,DCH.N,12.16667,,
2020-02-24,SFL.N,14.97143,,
2020-02-25,SFL.N,14.97143,,
2020-02-26,TILE.OQ,19.33333,,1373172000
2020-02-26,TILE.OQ,19.33333,,
2020-02-27,SLS.OQ,12.0,,
2020-02-27,TILE.OQ,,2.6,1370592000
2020-02-27,TILE.OQ,,2.6,
2020-03-03,FWONA.OQ,47.66857,,
2020-03-03,DCH.N,11.6875,2.0,5899999250
2020-03-03,FWONA.OQ,47.66857,,2183482300
2020-03-03,SFL.N,14.97143,,475817500
2020-03-03,TILE.OQ,18.0,,
2020-03-09,SFL.N,14.725,2.375,477243570
2020-03-12,FWONA.OQ,,,2183082300
2020-03-13,SLS.OQ,10.0,,
2020-03-16,DCH.N,10.5625,2.1,5749970380
2020-03-16,TILE.OQ,,,1352792000
2020-03-16,DCH.N,,2.1,
2020-03-17,FWONA.OQ,,,2146782300
2020-03-17,FWONA.OQ,46.95429,,2146782300
2020-03-18,DCH.N,10.4375,,5683655380
2020-03-18,FWONA.OQ,43.95429,,
2020-03-18,DCH.N,10.4375,,
2020-03-19,DCH.N,,,5625655380
2020-03-20,DCH.N,,,5530693670
2020-03-20,FWONA.OQ,,,2102482300
2020-03-20,SLS.OQ,8.5,,
2020-03-24,DCH.N,,,5453415890
2020-03-26,SLS.OQ,,,0
2020-03-27,DCH.N,9.875,,
2020-03-27,TILE.OQ,15.66667,,1279692000
2020-03-30,FWONA.OQ,45.52571,,
2020-04-01,FWONA.OQ,,2.125,
2020-04-02,DCH.N,9.375,2.2,5323433560
2020-04-02,SFL.N,14.51429,2.42857,477950830
2020-04-02,DCH.N,,2.2,
2020-04-02,SFL.N,14.51429,2.42857,
2020-04-02,SFL.N,14.51429,,
2020-04-06,TILE.OQ,12.33333,,1225690200
2020-04-07,DCH.N,7.5,,5150011330
2020-04-07,DCH.N,7.5,,
2020-04-13,DCH.N,,,4987466890
2020-04-13,FWONA.OQ,,,2030539700
2020-04-16,TILE.OQ,,,1182430200
2020-04-16,TILE.OQ,10.33333,,1182430200
2020-04-17,TILE.OQ,11.33333,,
2020-04-20,DCH.N,,,4980477330
2020-04-21,FWONA.OQ,,,1900939700
2020-04-22,DCH.N,7.0,,4863850670
2020-04-22,DCH.N,7.0,,
2020-04-23,DCH.N,,,4798184000
2020-04-23,FWONA.OQ,43.38286,,1833639700
2020-04-23,TILE.OQ,,,1164930200
2020-04-23,FWONA.OQ,43.38286,,
2020-04-24,FWONA.OQ,,,1770589700
2020-04-24,SFL.N,,,477784170
2020-04-27,DCH.N,,2.3,
2020-04-27,DCH.N,6.125,2.3,4625014780
2020-05-07,FWONA.OQ,,,1710689700
2020-05-08,DCH.N,6.375,,4553248110
2020-05-08,FWONA.OQ,,,1712945900
2020-05-08,TILE.OQ,12.83333,,1178552800
2020-05-11,DCH.N,6.9375,,4504637000
2020-05-11,TILE.OQ,12.16667,,1108766000
2020-05-12,DCH.N,7.5625,,4454589890
2020-05-14,DCH.N,7.6875,,4448272110
2020-05-14,FWONA.OQ,,,1583953570
2020-05-14,DCH.N,7.6875,,
2020-05-15,DCH.N,,,4412327000
2020-05-18,DCH.N,,,4407039780
2020-05-18,FWONA.OQ,41.81143,,
2020-05-19,SFL.N,,2.57143,
2020-05-19,FWONA.OQ,42.52571,,1499112500
2020-05-19,SFL.N,,2.57143,481450830
2020-05-20,SFL.N,,,484127500
2020-05-20,SFL.N,13.44286,,484127500
2020-05-21,SFL.N,13.01429,,
2020-05-22,SFL.N,12.21429,,485960830
2020-05-22,SFL.N,12.21429,,
2020-05-26,SFL.N,,,483660830
2020-05-27,SFL.N,,,481793000
2020-05-29,FWONA.OQ,,2.0,1499112500
2020-05-29,FWONA.OQ,,2.0,
2020-05-29,FWONA.OQ,41.78,2.0,1499112500
2020-05-31,SFL.N,,,483660830
2020-06-01,FWONA.OQ,42.94667,,
2020-06-10,DCH.N,8.8125,,
2020-06-18,FWONA.OQ,,,1499112500
2020-06-19,DCH.N,,,4429817560
2020-06-24,DCH.N,,,4449426440
2020-06-30,FWONA.OQ,,,1484112500
2020-07-01,DCH.N,,,4475715330
2020-07-02,SFL.N,11.82857,,481827500
2020-07-03,FWONA.OQ,,,1414445830
2020-07-07,DCH.N,,,4508148670
2020-07-07,FWONA.OQ,,,1405612500
2020-07-14,DCH.N,8.9375,,4505037560
2020-07-14,TILE.OQ,10.25,2.75,1110021330
2020-07-14,DCH.N,8.9375,,
2020-07-16,TILE.OQ,,2.66667,
2020-07-16,TILE.OQ,11.0,2.66667,1117100000
2020-07-22,DCH.N,,,4494926440
2020-07-22,FWONA.OQ,,,1405612500
2020-07-23,FWONA.OQ,,,1391779170
2020-07-24,DCH.N,9.0625,,
2020-07-28,DCH.N,9.1875,,
2020-07-28,DCH.N,9.1875,,4509260670
2020-07-29,DCH.N,,,4493038440
2020-07-31,DCH.N,,,4506916220
2020-08-03,DCH.N,9.4375,,4544370440
2020-08-03,DCH.N,9.4375,,
2020-08-04,DCH.N,,,4532135330
2020-08-05,DCH.N,9.625,,
2020-08-07,DCH.N,,,4570916000
2020-08-07,TILE.OQ,10.0,,1115000000
2020-08-10,FWONA.OQ,44.28,,
2020-08-11,FWONA.OQ,44.94667,,1392112500
2020-08-11,FWONA.OQ,44.94667,,
2020-08-13,FWONA.OQ,,,1372779170
2020-08-14,DCH.N,9.375,,
2020-08-14,DCH.N,9.375,,4539270890
2020-08-18,SFL.N,11.68571,,
2020-08-18,SFL.N,11.68571,,478672500
2020-08-19,FWONA.OQ,,,1311750000
2020-08-19,SFL.N,,,475672500
2020-08-19,SLS.OQ,8.0,,
2020-08-20,SFL.N,,,472839170
2020-08-24,FWONA.OQ,,,1387000000
2020-08-28,SFL.N,,,470008750
2020-09-03,FWONA.OQ,,,1367151000
2020-09-04,SFL.N,,,471007000
2020-09-10,DCH.N,,,4539504220
2020-09-14,FWONA.OQ,45.78,,
2020-09-14,FWONA.OQ,45.78,,1335817670
2020-09-18,FWONA.OQ,,,1256817670
2020-09-29,FWONA.OQ,43.61333,,1250129430
2020-10-08,DCH.N,9.3125,,4551393110
2020-10-08,DCH.N,9.3125,,
2020-10-13,DCH.N,,,4557948670
2020-10-15,DCH.N,9.0,,4612487560
2020-10-15,DCH.N,,,4612487560
2020-10-21,DCH.N,9.125,,
2020-10-22,DCH.N,9.33333,,4643818110
2020-10-28,FWONA.OQ,44.11333,,1252272290
2020-10-28,SFL.N,11.18571,,
2020-10-28,FWONA.OQ,44.11333,,
2020-10-30,DCH.N,9.38889,,4635184780
2020-11-01,FWONA.OQ,,,1300484330
2020-11-02,DCH.N,9.61111,,
2020-11-02,DCH.N,9.61111,,4635973670
2020-11-03,DCH.N,,,4630618110
2020-11-03,FWONA.OQ,,,1319272290
2020-11-04,DCH.N,,,4655557130
2020-11-06,TILE.OQ,9.0,,
2020-11-06,FWONA.OQ,,,1298218860
2020-11-06,TILE.OQ,9.0,,1116850000
2020-11-08,FWONA.OQ,,,1292361710
2020-11-09,DCH.N,10.05556,,4649384110
2020-11-09,FWONA.OQ,47.44667,,
2020-11-09,TILE.OQ,,,1104350000
2020-11-09,DCH.N,,,4649384110
2020-11-10,DCH.N,10.16667,,
2020-11-11,FWONA.OQ,44.61333,,1262647430
2020-11-12,SFL.N,10.54286,,470663800
2020-11-16,DCH.N,10.27778,,4640410000
2020-11-17,DCH.N,10.11111,,4619070000
2020-11-17,SFL.N,10.31429,,471079750
2020-11-17,DCH.N,10.11111,,
2020-11-17,SFL.N,10.31429,,
2020-11-18,SFL.N,,,471063800
2020-11-19,FWONA.OQ,44.78,,1239361710
2020-11-19,FWONA.OQ,44.78,,
2020-11-20,FWONA.OQ,,,1223933140
2020-11-23,FWONA.OQ,,,1186755330
2020-11-24,FWONA.OQ,45.11333,,
2020-11-24,FWONA.OQ,45.11333,,1206504570
2020-11-30,FWONA.OQ,,2.0,1206504570
2020-12-07,DCH.N,,,4619008220
2020-12-08,FWONA.OQ,46.24,2.0,1215941500
2020-12-10,FWONA.OQ,,1.875,1218503560
2020-12-10,FWONA.OQ,,1.875,
2020-12-10,FWONA.OQ,46.335,1.875,1218503560
2020-12-11,DCH.N,9.11111,,
2020-12-17,DCH.N,9.0,2.4,4619408220
2020-12-17,DCH.N,9.0,2.4,
2020-12-17,DCH.N,,2.4,
2020-12-22,SLS.OQ,10.0,,
2021-01-07,DCH.N,,,4621341560
2021-01-07,SFL.N,,2.83333,
2021-01-11,DCH.N,,,4625313780
2021-01-11,DCH.N,9.27778,,4625313780
2021-01-14,FWONA.OQ,46.28571,,
2021-01-15,DCH.N,9.38889,,
2021-01-20,DCH.N,9.5,,4626136000
2021-01-22,DCH.N,9.1875,,4627580440
2021-02-01,SFL.N,9.36667,,
2021-02-09,SFL.N,9.23333,,
2021-02-12,DCH.N,9.3125,,5482873220
2021-02-16,DCH.N,10.0625,,5461162110
2021-02-16,DCH.N,10.0625,,
2021-02-17,SFL.N,9.4,,470818800
2021-02-18,SFL.N,9.53333,,437715800
2021-02-18,SFL.N,9.53333,,
2021-02-19,DCH.N,,,5471616110
2021-02-19,SFL.N,,,439213170
2021-02-25,DCH.N,,,5492586110
2021-02-25,DCH.N,10.25,,5492586110
2021-02-26,DCH.N,10.375,,
2021-02-26,FWONA.OQ,46.42857,,2159102000
2021-02-28,DCH.N,10.5,,5485151440
2021-02-28,FWONA.OQ,47.42857,,
2021-02-28,DCH.N,10.5,,
2021-03-01,FWONA.OQ,,,2142546440
2021-03-02,FWONA.OQ,50.14286,,
2021-03-02,TILE.OQ,,,1130466670
2021-03-03,FWONA.OQ,51.0,,
2021-03-03,TILE.OQ,15.0,,1122000000
2021-03-05,FWONA.OQ,51.5,1.85714,
2021-03-05,FWONA.OQ,51.5,,
2021-03-10,FWONA.OQ,,1.66667,
2021-03-14,DCH.N,,2.6,
2021-03-15,SFL.N,,3.0,
2021-03-16,SFL.N,9.03333,2.66667,436779830
2021-03-16,SFL.N,9.03333,,
2021-03-19,FWONA.OQ,,,2107990890
2021-03-24,DCH.N,,2.7,5473123110
2021-03-24,DCH.N,,2.7,
2021-03-25,SFL.N,,2.5,
2021-03-25,FWONA.OQ,,,2069983600
2021-03-25,SFL.N,,2.5,436946500
2021-03-30,FWONA.OQ,,,2044383600
2021-04-01,DCH.N,10.625,,5459623110
2021-04-01,DCH.N,10.625,,
2021-04-06,FWONA.OQ,52.16667,,
2021-04-06,FWONA.OQ,52.16667,,2027819670
2021-04-15,DCH.N,,,5453534220
2021-04-18,FWONA.OQ,,,2040274000
2021-04-20,DCH.N,10.6875,,
2021-04-20,DCH.N,10.6875,,5462790890
2021-04-22,DCH.N,,,5415174000
2021-04-26,DCH.N,,,5406040670
2021-05-06,FWONA.OQ,,,2031872570
2021-05-07,TILE.OQ,17.0,,
2021-05-07,DCH.N,10.9375,,5427151780
2021-05-07,TILE.OQ,17.0,,1137966680
2021-05-10,DCH.N,11.1875,,5478110300
2021-05-10,FWONA.OQ,51.66667,,2062586860
2021-05-10,TILE.OQ,,,1152966670
2021-05-11,DCH.N,11.3125,,5486970300
2021-05-11,DCH.N,11.3125,,
2021-05-12,DCH.N,,,5499821890
2021-05-12,SFL.N,,,437938670
2021-05-12,TILE.OQ,19.0,,
2021-05-13,FWONA.OQ,51.83333,,2067444000
2021-05-13,SFL.N,9.7,,437381860
2021-05-13,FWONA.OQ,,,2067444000
2021-05-13,SFL.N,9.7,,
2021-05-14,SFL.N,,,438353290
2021-05-14,SLS.OQ,,,5700000
2021-05-18,SFL.N,9.88333,,442067570
2021-05-18,SFL.N,,,442067570
2021-05-21,DCH.N,11.375,,5504875220
2021-05-27,FWONA.OQ,,1.71429,
2021-05-27,FWONA.OQ,51.44429,1.71429,
2021-06-03,SLS.OQ,14.25,,
2021-06-11,FWONA.OQ,,,2079189250
2021-06-22,FWONA.OQ,,,2079189250
2021-06-23,FWONA.OQ,,,2068689250
2021-06-24,SLS.OQ,18.75,,
2021-06-30,DCH.N,11.66667,2.6,5506797440
2021-06-30,FWONA.OQ,51.73,,2077189250
2021-06-30,DCH.N,,2.6,
2021-06-30,FWONA.OQ,51.73,,
2021-07-07,DCH.N,11.77778,,
2021-07-07,DCH.N,11.77778,,5505464110
2021-07-08,FWONA.OQ,,,2077189250
2021-07-13,DCH.N,,,5492008560
2021-07-15,DCH.N,,,5491353000
2021-07-15,FWONA.OQ,51.26375,,
2021-07-16,DCH.N,,,5483222900
2021-07-19,SFL.N,9.32,,
2021-07-21,SLS.OQ,18.5,2.0,5700000
2021-07-21,SLS.OQ,18.5,2.0,
2021-07-21,SLS.OQ,,2.0,
2021-07-22,DCH.N,,,5461422900
2021-07-26,FWONA.OQ,,,2077064250
2021-07-28,FWONA.OQ,,1.875,2066744890
2021-07-28,FWONA.OQ,,1.875,
2021-07-30,DCH.N,11.5,2.66667,5441125440
2021-07-30,DCH.N,11.5,2.66667,
2021-07-30,DCH.N,,2.66667,
2021-08-02,DCH.N,,,5462881000
2021-08-03,DCH.N,,,5461915330
2021-08-06,FWONA.OQ,,,2070856000
2021-08-09,FWONA.OQ,50.01222,,
2021-08-09,DCH.N,,,5467248670
2021-08-09,FWONA.OQ,50.01222,,2056113780
2021-08-09,TILE.OQ,18.5,,1175000000
2021-08-12,SLS.OQ,,,6650000
2021-08-13,FWONA.OQ,,,2040717710
2021-08-13,SLS.OQ,,,7600000
2021-08-16,DCH.N,,,5458393110
2021-08-17,SFL.N,,,444745500
2021-08-18,SFL.N,,,448462500
2021-08-19,SFL.N,,2.16667,
2021-08-19,DCH.N,,,5451670890
2021-08-19,SFL.N,,2.16667,455638670
2021-08-20,SFL.N,,,461105330
2021-08-24,SFL.N,9.12,,
2021-08-24,FWONA.OQ,,,2042163780
2021-08-24,SFL.N,9.12,,476323330
2021-08-26,SFL.N,,,487130000
2021-09-08,DCH.N,,,5436937560
2021-09-14,SFL.N,9.32,,484961250
2021-09-14,SFL.N,9.32,,
2021-09-16,DCH.N,11.25,,5399344220
2021-09-16,SFL.N,,,484961250
2021-09-16,DCH.N,11.25,,
2021-09-20,SFL.N,,2.0,
2021-09-20,SFL.N,10.43333,2.0,474717000
2021-09-21,DCH.N,,,5398733110
2021-09-22,FWONA.OQ,50.79,,
2021-09-22,FWONA.OQ,50.79,,2035405000
2021-09-27,DCH.N,11.125,,5358710890
2021-09-27,DCH.N,11.125,,
2021-10-01,FWONA.OQ,,,2027516110
2021-10-06,DCH.N,,,5314266440
2021-10-11,DCH.N,,,5280088670
2021-10-12,DCH.N,11.0,,
2021-10-12,DCH.N,11.0,,5259924330
2021-10-19,DCH.N,,,5252067670
2021-10-20,DCH.N,,,5201741780
2021-10-21,DCH.N,11.55556,,5177964000
2021-10-21,DCH.N,11.55556,,
2021-10-25,DCH.N,,,5141164000
2021-11-01,FWONA.OQ,,,2032293890
2021-11-04,FWONA.OQ,52.23444,,
2021-11-04,FWONA.OQ,52.23444,,2030627220
2021-11-05,DCH.N,11.44444,,
2021-11-05,DCH.N,11.44444,,5154230670
2021-11-05,FWONA.OQ,,,2022702110
2021-11-05,TILE.OQ,19.5,,1181333330
2021-11-08,TILE.OQ,,2.33333,
2021-11-08,DCH.N,,,5150474330
2021-11-08,TILE.OQ,19.33333,2.33333,1185666670
2021-11-09,DCH.N,,,5152385440
2021-11-09,FWONA.OQ,53.12333,,2027572110
2021-11-09,SFL.N,10.33333,,475597500
2021-11-09,SFL.N,10.33333,,
2021-11-10,DCH.N,11.875,,5166163220
2021-11-10,FWONA.OQ,56.67889,1.75,2026349890
2021-11-10,SFL.N,,,478413830
2021-11-10,DCH.N,11.875,,
2021-11-10,FWONA.OQ,,1.75,
2021-11-11,SFL.N,10.66667,,
2021-11-11,SFL.N,10.66667,1.71429,
2021-11-11,FWONA.OQ,57.23444,,2041087380
2021-11-11,SFL.N,10.66667,1.71429,485130330
2021-11-12,FWONA.OQ,,1.85714,
2021-11-12,DCH.N,,,5186321630
2021-11-12,FWONA.OQ,55.01375,1.85714,2045099860
2021-11-12,SFL.N,,,495734000
2021-11-15,DCH.N,,,5187540890
2021-11-16,FWONA.OQ,57.51375,,2054087380
2021-11-17,SFL.N,,,512939600
2021-11-22,DCH.N,,,5198933110
2021-12-02,SLS.OQ,17.83333,,
2021-12-06,FWONA.OQ,,1.83333,
2021-12-06,FWONA.OQ,,1.83333,2053972110
2021-12-06,FWONA.OQ,58.26375,1.83333,2053972110
2021-12-10,FWONA.OQ,59.01571,,
2021-12-13,FWONA.OQ,59.30143,,
2021-12-15,SFL.N,,,499739670
2021-12-16,DCH.N,,,5197166440
2021-12-19,SLS.OQ,,,0
2021-12-31,FWONA.OQ,55.30143,,
2022-01-04,DCH.N,,,5196555330
2022-01-04,FWONA.OQ,60.15857,,
2022-01-11,FWONA.OQ,60.73,,
2022-01-13,DCH.N,11.75,,
2022-01-13,DCH.N,11.75,,5192766440
2022-01-13,SFL.N,,1.83333,
2022-01-14,DCH.N,,,5192210890
2022-01-24,DCH.N,11.625,,5196891330
2022-01-26,DCH.N,11.375,,5199002440
2022-01-26,FWONA.OQ,,,2053796890
2022-02-02,SLS.OQ,14.83333,,
2022-02-07,SLS.OQ,,1.75,
2022-02-07,SLS.OQ,14.875,1.75,
2022-02-11,DCH.N,11.25,,5782828780
2022-02-14,DCH.N,,,5770351000
2022-02-14,DCH.N,10.71429,,5770351000
2022-02-15,DCH.N,9.85714,,
2022-02-16,SFL.N,,1.71429,
2022-02-16,FWONA.OQ,61.58714,,
2022-02-16,SFL.N,11.16667,1.71429,545249170
2022-02-18,FWONA.OQ,,2.0,
2022-02-22,DCH.N,,,5841879170
2022-02-22,FWONA.OQ,,,2064574670
2022-02-23,DCH.N,9.71429,,5813325000
2022-02-23,FWONA.OQ,,1.83333,2073130220
2022-02-23,SFL.N,11.33333,,555511830
2022-02-23,FWONA.OQ,,1.83333,
2022-02-23,SFL.N,11.33333,,
2022-02-24,SFL.N,,,560345170
2022-02-25,FWONA.OQ,,,2392137330
2022-02-25,SFL.N,11.5,2.0,570511830
2022-02-25,SFL.N,,2.0,
2022-02-28,DCH.N,,2.44444,
2022-02-28,DCH.N,10.5,2.44444,5799359380
2022-02-28,FWONA.OQ,,,2418359560
2022-03-01,FWONA.OQ,,1.71429,
2022-03-01,FWONA.OQ,63.51375,1.71429,2424581780
2022-03-01,TILE.OQ,18.66667,,1304666670
2022-03-01,FWONA.OQ,63.51375,1.71429,
2022-03-01,TILE.OQ,18.66667,,
2022-03-02,DCH.N,10.375,,5784900560
2022-03-02,FWONA.OQ,,,2426970670
2022-03-02,TILE.OQ,,,1294200000
2022-03-02,DCH.N,10.375,,
2022-03-03,FWONA.OQ,,,2433310440
2022-03-03,TILE.OQ,19.33333,,
2022-03-04,FWONA.OQ,,,2444599250
2022-03-08,FWONA.OQ,64.01375,,
2022-03-10,FWONA.OQ,,1.66667,
2022-03-11,FWONA.OQ,,,2445474250
2022-03-21,FWONA.OQ,63.51375,,
2022-03-23,DCH.N,,,5784711670
2022-03-23,FWONA.OQ,63.76375,,2447224250
2022-03-23,FWONA.OQ,63.76375,,
2022-03-24,DCH.N,,,5778933890
2022-04-04,DCH.N,10.25,,
2022-04-04,SLS.OQ,,,0
2022-04-04,DCH.N,10.25,,5766377330
2022-04-04,SLS.OQ,14.375,,0
2022-04-05,DCH.N,,,5750066220
2022-04-06,DCH.N,10.375,,5713687330
2022-04-07,DCH.N,10.25,,5703020670
2022-04-07,SLS.OQ,13.75,,
2022-04-12,DCH.N,,2.5,
2022-04-12,DCH.N,9.88889,2.5,5707618600
2022-04-20,FWONA.OQ,,,2454974250
2022-04-21,DCH.N,9.66667,,
2022-04-21,DCH.N,9.66667,,5703618600
2022-04-22,FWONA.OQ,,2.0,
2022-04-22,DCH.N,,,5700118600
2022-04-22,FWONA.OQ,64.26375,2.0,2465334750
2022-04-22,FWONA.OQ,64.26375,2.0,
2022-04-25,DCH.N,9.55556,,5686891600
2022-05-02,FWONA.OQ,,,2464639630
2022-05-06,DCH.N,9.33333,,5702661600
2022-05-06,FWONA.OQ,,,2477514630
2022-05-09,DCH.N,8.93333,,
2022-05-09,FWONA.OQ,,,2496054670
2022-05-09,DCH.N,8.93333,,5717271600
2022-05-09,FWONA.OQ,65.26375,,2496054670
2022-05-09,TILE.OQ,,,1324666670
2022-05-10,DCH.N,,,5734871600
2022-05-11,SFL.N,11.5,,569845170
2022-05-11,TILE.OQ,19.33333,,
2022-05-12,SLS.OQ,12.25,,
2022-05-12,SFL.N,11.83333,,572409670
2022-05-12,SLS.OQ,12.25,,500000
2022-05-12,TILE.OQ,19.0,,
2022-05-13,DCH.N,,,5767869560
2022-05-13,SFL.N,12.25,,590597330
2022-05-16,SLS.OQ,,,666670
2022-05-17,DCH.N,,,5769558440
2022-05-17,FWONA.OQ,63.88875,,
2022-05-18,TILE.OQ,,,1337000000
2022-05-20,DCH.N,,,5740997130
2022-05-25,DCH.N,,,5761441890
2022-05-25,FWONA.OQ,,,2544942500
2022-05-31,FWONA.OQ,66.0,,
2022-05-31,SLS.OQ,,,1000000
2022-06-01,DCH.N,8.82222,,5756667700
2022-06-06,SFL.N,12.58333,,592843000
2022-06-10,SFL.N,12.5,2.16667,593163000
2022-06-10,SFL.N,12.5,2.16667,
2022-06-15,FWONA.OQ,,,2539939140
2022-06-27,FWONA.OQ,,,2534082000
2022-06-27,FWONA.OQ,66.71429,,2534082000
2022-06-27,SLS.OQ,11.25,,
2022-07-07,DCH.N,8.93333,,5761377700
2022-07-07,FWONA.OQ,66.28571,,
2022-07-07,DCH.N,8.93333,,
2022-07-12,DCH.N,,,5763677700
2022-07-14,DCH.N,8.71111,,5758677700
2022-07-18,DCH.N,8.8,2.44444,5752824670
2022-07-19,DCH.N,9.34286,2.25,5748427750
2022-07-19,DCH.N,9.34286,2.25,
2022-07-19,DCH.N,,2.25,
2022-07-22,DCH.N,,,5755927750
2022-08-01,FWONA.OQ,,,2529321750
2022-08-03,FWONA.OQ,,,2525696750
2022-08-05,DCH.N,9.48571,,5754952750
2022-08-08,FWONA.OQ,66.0,,
2022-08-08,TILE.OQ,,2.5,
2022-08-08,DCH.N,10.34857,,5828293630
2022-08-08,FWONA.OQ,66.0,,2553976000
2022-08-08,TILE.OQ,20.0,2.5,1312800000
2022-08-09,FWONA.OQ,,,2578851000
2022-08-09,SFL.N,,,594763000
2022-08-10,DCH.N,10.49143,,
2022-08-10,FWONA.OQ,,2.2,
2022-08-10,DCH.N,10.49143,,5843668630
2022-08-10,FWONA.OQ,66.33333,2.2,
2022-08-14,FWONA.OQ,,,2592241630
2022-08-15,DCH.N,,,5877688430
2022-08-15,SLS.OQ,10.0,,
2022-08-16,DCH.N,10.63429,,5874392380
2022-08-16,DCH.N,,,5874392380
2022-08-17,FWONA.OQ,,,2606561860
2022-08-17,SFL.N,,,596280830
2022-08-18,DCH.N,,2.5,
2022-08-19,SFL.N,,,600780670
2022-08-24,SFL.N,,1.83333,
2022-08-24,SFL.N,13.0,1.83333,610136800
2022-08-24,SFL.N,,1.83333,610136800
2022-08-30,FWONA.OQ,,,2624988830
2022-09-09,DCH.N,10.20571,2.75,
2022-09-09,DCH.N,,2.75,
2022-09-14,FWONA.OQ,66.5,,2607990430
2022-09-14,FWONA.OQ,66.5,,
2022-09-15,SFL.N,13.0,,
2022-09-21,DCH.N,,,5874167380
2022-09-26,FWONA.OQ,,2.25,2607990430
2022-09-26,FWONA.OQ,,2.25,
2022-09-28,DCH.N,10.06286,,
2022-10-05,FWONA.OQ,,,2605572570
2022-10-10,DCH.N,,,5867404880
2022-10-13,SFL.N,,,619736800
2022-10-18,DCH.N,,,5861404880
2022-10-19,DCH.N,9.92,,5849204880
2022-10-24,DCH.N,10.305,,5839954880
2022-10-24,FWONA.OQ,,2.2,
2022-10-24,DCH.N,10.305,,
2022-10-31,FWONA.OQ,,,2594626000
2022-11-03,FWONA.OQ,65.33333,,2589626000
2022-11-03,FWONA.OQ,65.33333,,
2022-11-04,DCH.N,,,5840992380
2022-11-04,FWONA.OQ,,,2577334220
2022-11-07,DCH.N,10.28571,,5831542380
2022-11-07,FWONA.OQ,64.85714,2.0,2560543560
2022-11-07,TILE.OQ,17.0,,1300000000
2022-11-07,FWONA.OQ,,2.0,
2022-11-07,TILE.OQ,17.0,,
2022-11-08,FWONA.OQ,64.42857,,
2022-11-08,DCH.N,10.35714,,5810542380
2022-11-08,FWONA.OQ,64.42857,,2551278670
2022-11-11,DCH.N,10.21429,,5819840000
2022-11-11,SFL.N,,,621536800
2022-11-14,DCH.N,9.92857,,5810310000
2022-11-14,FWONA.OQ,,,2540877110
2022-11-14,SFL.N,13.2,,630804000
2022-11-14,SLS.OQ,9.5,,
2022-11-14,SFL.N,13.2,,
2022-11-15,SFL.N,,,632804000
2022-11-15,SLS.OQ,8.0,,
2022-11-16,SFL.N,13.0,,643030330
2022-11-16,SFL.N,13.0,,
2022-11-22,SFL.N,,,646148670
2022-11-23,DCH.N,10.28571,,5811234140
2022-11-23,FWONA.OQ,63.16667,,
2022-11-23,DCH.N,10.28571,,
2022-11-28,DCH.N,,,5810679880
2022-12-01,FWONA.OQ,,,2543877110
2022-12-02,TILE.OQ,,,1300000000
2022-12-09,TILE.OQ,,,1301000000
2023-01-05,FWONA.OQ,,,2544766000
2023-01-09,DCH.N,10.14286,,
2023-01-10,DCH.N,,,5810304880
2023-01-13,DCH.N,,,5803150630
2023-01-13,DCH.N,10.0,,5803150630
2023-01-19,DCH.N,10.28571,,
2023-01-20,DCH.N,10.14286,,
2023-01-20,DCH.N,10.14286,,5799238130
2023-01-20,TILE.OQ,17.5,,
2023-01-24,FWONA.OQ,62.83333,,
2023-01-25,DCH.N,,,5795863130
2023-01-31,SLS.OQ,8.0,,
2023-02-01,SLS.OQ,8.25,,
2023-02-04,FWONA.OQ,65.28571,,2554432670
2023-02-14,SFL.N,,2.16667,
2023-02-14,SFL.N,12.5,2.16667,645815330
2023-02-15,DCH.N,,2.77778,
2023-02-15,DCH.N,10.125,2.77778,
2023-02-15,SFL.N,12.6,,708942400
2023-02-17,DCH.N,10.3125,,
2023-02-17,SFL.N,12.64,,
2023-02-17,DCH.N,10.3125,,6008346670
2023-02-17,SFL.N,12.64,,717842400
2023-02-21,DCH.N,,,6033902220
2023-02-22,DCH.N,9.78571,,6054457780
2023-02-22,SFL.N,,,747881670
2023-02-22,TILE.OQ,15.5,3.0,
2023-02-22,DCH.N,9.78571,,
2023-02-24,DCH.N,,,6059725000
2023-02-28,TILE.OQ,,,1303200000
2023-03-01,FWONA.OQ,64.28571,,3036244560
2023-03-01,TILE.OQ,15.0,2.5,1301650000
2023-03-01,TILE.OQ,,2.5,
2023-03-01,FWONA.OQ,64.28571,,
2023-03-01,TILE.OQ,,2.5,1301650000
2023-03-02,FWONA.OQ,,,3090707330
2023-03-06,FWONA.OQ,66.71429,,3142533890
2023-03-07,SFL.N,,,756661250
2023-03-08,FWONA.OQ,62.28571,,
2023-03-08,FWONA.OQ,62.28571,,3182403830
2023-03-09,FWONA.OQ,,,3198774710
2023-03-13,DCH.N,,,6074401250
2023-03-13,DCH.N,9.71429,,6074401250
2023-03-13,FWONA.OQ,,,3193311670
2023-03-14,DCH.N,9.57143,,
2023-03-14,SLS.OQ,,,6500000
2023-03-15,FWONA.OQ,,,3256645000
2023-03-15,FWONA.OQ,62.85714,,3256645000
2023-03-17,SLS.OQ,6.0,,13000000
2023-03-17,SLS.OQ,6.0,,
2023-03-22,SFL.N,,,750986800
2023-03-23,DCH.N,,,6070951250
2023-03-29,FWONA.OQ,67.28571,,
2023-04-03,SFL.N,,2.0,
2023-04-03,SFL.N,12.8,2.0,744497250
2023-04-06,FWONA.OQ,67.8875,2.14286,3255480500
2023-04-06,FWONA.OQ,,2.14286,
2023-04-14,DCH.N,,,6076576250
2023-04-17,FWONA.OQ,68.8875,,3299302300
2023-04-18,DCH.N,9.42857,,6068838750
2023-04-18,DCH.N,9.42857,,
2023-04-19,DCH.N,,,6072876250
2023-04-21,DCH.N,,,6072126250
2023-04-23,FWONA.OQ,70.12222,2.125,3294365730
2023-04-23,FWONA.OQ,,2.125,
2023-05-05,FWONA.OQ,69.78889,,3293638460
2023-05-05,TILE.OQ,14.66667,,
2023-05-08,DCH.N,,,6101951250
2023-05-08,FWONA.OQ,67.78889,,3307822090
2023-05-08,FWONA.OQ,67.78889,,
2023-05-09,DCH.N,9.28571,,
2023-05-09,DCH.N,9.28571,,6104826250
2023-05-09,FWONA.OQ,,,3321533730
2023-05-09,TILE.OQ,,,1285250000
2023-05-12,DCH.N,,,6156433330
2023-05-12,FWONA.OQ,,,3314553000
2023-05-12,SFL.N,12.325,,740747250
2023-05-12,SFL.N,12.325,,
2023-05-15,DCH.N,,,6144100000
2023-05-15,SFL.N,,,741815250
2023-05-15,TILE.OQ,,,1297100000
2023-05-16,DCH.N,9.14286,,
2023-05-16,DCH.N,9.14286,,6127627500
2023-05-16,SFL.N,12.325,,
2023-05-17,DCH.N,,,6119335560
2023-05-17,FWONA.OQ,,,3309978500
2023-05-17,SFL.N,,2.25,
2023-05-19,SFL.N,12.325,,745065250
2023-05-19,SFL.N,12.325,,
2023-05-21,FWONA.OQ,,,3316267290
2023-05-22,SFL.N,,,749565250
2023-05-31,FWONA.OQ,68.9,,3308652330
2023-05-31,SLS.OQ,,,9750000
2023-06-05,FWONA.OQ,71.01,2.11111,3306687100
2023-06-05,FWONA.OQ,,2.11111,
2023-06-11,FWONA.OQ,73.51,,3301687100
2023-07-05,DCH.N,,,6117446670
2023-07-06,FWONA.OQ,71.01,,3303261000
2023-07-06,SFL.N,11.95,,749753250
2023-07-10,FWONA.OQ,73.01,,
2023-07-10,FWONA.OQ,73.01,,3303079180
2023-07-11,FWONA.OQ,,,3297921550
2023-07-17,DCH.N,9.28571,,6133545000
2023-07-17,TILE.OQ,14.33333,,
2023-07-17,DCH.N,9.28571,,
2023-07-20,DCH.N,,,6132822780
2023-07-20,FWONA.OQ,72.871,,
2023-08-03,FWONA.OQ,,,3294345180
2023-08-04,TILE.OQ,15.0,,
2023-08-04,DCH.N,,,6130578330
2023-08-04,FWONA.OQ,73.41222,,3290483700
2023-08-04,TILE.OQ,15.0,,1296300000
2023-08-07,DCH.N,,,6132589440
2023-08-07,FWONA.OQ,72.98111,,3269803730
2023-08-07,TILE.OQ,,,1296750000
2023-08-07,FWONA.OQ,72.98111,,
2023-08-08,DCH.N,,,6139522780
2023-08-08,FWONA.OQ,,,3268076460
2023-08-09,DCH.N,,,6129633890
2023-08-09,FWONA.OQ,72.88444,,3265985550
2023-08-09,FWONA.OQ,,,3265985550
2023-08-10,DCH.N,,,6113011670
2023-08-10,FWONA.OQ,73.02,,
2023-08-11,FWONA.OQ,72.87,,
2023-08-11,DCH.N,,,6107487500
2023-08-11,FWONA.OQ,72.87,,3250426780
2023-08-14,FWONA.OQ,,,3255426780
2023-08-15,SFL.N,12.5,,
2023-08-15,FWONA.OQ,,,3253982330
2023-08-15,SFL.N,12.5,,747753250
2023-08-16,DCH.N,,,6110441560
2023-08-16,FWONA.OQ,72.78889,,3255464890
2023-08-16,FWONA.OQ,72.78889,,
2023-08-17,SFL.N,,,739342600
2023-08-17,SLS.OQ,,,13000000
2023-08-18,SFL.N,12.625,2.5,729085400
2023-08-18,SFL.N,,2.5,729085400
2023-08-18,SFL.N,,2.5,
2023-08-25,FWONA.OQ,,,3260718400
2023-08-28,FWONA.OQ,70.12222,,
2023-09-06,FWONA.OQ,72.78889,,
2023-09-11,FWONA.OQ,72.33333,2.0,3260694200
2023-09-11,FWONA.OQ,,2.0,3260694200
2023-09-11,FWONA.OQ,,,3260694200
2023-09-12,DCH.N,,2.8,
2023-09-12,DCH.N,9.25,2.8,6104247400
2023-09-15,SFL.N,11.5,,
2023-09-26,FWONA.OQ,73.11111,,
2023-09-28,DCH.N,9.0,,6082645300
2023-09-28,DCH.N,9.0,,
2023-10-02,DCH.N,,,6059385300
2023-10-06,FWONA.OQ,,1.75,
2023-10-09,DCH.N,8.875,,6042604300
2023-10-10,DCH.N,,,6034892200
2023-10-10,DCH.N,8.6875,,6034892200
2023-10-12,DCH.N,8.5625,,
2023-10-16,DCH.N,,,6023242200
2023-10-17,DCH.N,8.3125,,5987052200
2023-10-19,DCH.N,8.61111,,
2023-10-19,DCH.N,8.61111,,5961652200
2023-10-20,DCH.N,,,5936952200
2023-11-03,DCH.N,8.38889,,5941092200
2023-11-03,FWONA.OQ,72.11111,,3256794200
2023-11-06,FWONA.OQ,71.0,,
2023-11-06,DCH.N,8.27778,,5983957200
2023-11-06,FWONA.OQ,71.0,,3241940000
2023-11-07,DCH.N,8.22222,,
2023-11-07,DCH.N,8.22222,,6008957200
2023-11-07,SFL.N,,,726485400
2023-11-07,SLS.OQ,6.0,,
2023-11-07,TILE.OQ,,,1276850000
2023-11-08,SFL.N,11.66667,,
2023-11-08,DCH.N,,,5994357200
2023-11-08,SFL.N,11.66667,,729591400
2023-11-09,SFL.N,,,731591400
2023-11-10,TILE.OQ,,,1257400000
2023-11-10,DCH.N,,,6013373330
2023-11-10,FWONA.OQ,,,3255320890
2023-11-10,SLS.OQ,7.0,,
2023-11-10,TILE.OQ,,,1258200000
2023-11-13,DCH.N,,,6037777140
2023-11-14,SLS.OQ,7.0,,
2023-11-15,SFL.N,,,726989250
2023-11-17,SFL.N,,,732591400
2023-11-20,SFL.N,11.66667,,
2023-11-22,SFL.N,11.66667,,
2023-11-27,DCH.N,,,6026455000
2023-11-28,DCH.N,8.11111,2.9,
2023-11-28,DCH.N,8.11111,2.9,6038357500
2023-11-29,DCH.N,,,6038668670
2023-12-12,FWONA.OQ,71.66667,,
2023-12-15,FWONA.OQ,,,3249543110
2023-12-18,FWONA.OQ,,,3249542560
2023-12-21,DCH.N,,,6040761800
2023-12-25,FWONA.OQ,,,3249542560
2023-12-28,SLS.OQ,,,13000000
2023-12-28,SLS.OQ,,,0
2024-01-09,SFL.N,,2.6,
2024-01-09,SFL.N,11.625,2.6,732826170
2024-01-09,SLS.OQ,7.0,,
2024-01-16,DCH.N,7.94444,3.0,6042075800
2024-01-16,DCH.N,,3.0,
2024-01-17,DCH.N,8.05556,,6040415800
2024-01-22,DCH.N,7.94444,,
2024-01-22,DCH.N,7.94444,,6045855800
2024-01-23,DCH.N,,,6052255800
2024-01-23,FWONA.OQ,,,3247764780
2024-01-25,DCH.N,,,6053655800
2024-02-08,SLS.OQ,6.83333,,
2024-02-12,SFL.N,11.75,,733326170
2024-02-13,DCH.N,,,6169617100
2024-02-13,DCH.N,,,6043655800
2024-02-14,SFL.N,12.125,,
2024-02-14,SFL.N,12.125,,854319000
2024-02-15,SFL.N,,,853985670
2024-02-18,DCH.N,8.0,,
2024-02-20,DCH.N,,,6189635100
2024-02-21,DCH.N,,,6191635100
2024-02-21,SFL.N,,,872978500
2024-02-22,FWONA.OQ,70.625,,
2024-02-23,DCH.N,,,6186270000
2024-02-23,SFL.N,,,863942800
2024-02-23,TILE.OQ,15.0,,
2024-02-25,DCH.N,,,6190923860
2024-02-26,FWONA.OQ,,,3247764780
2024-02-27,TILE.OQ,16.33333,,
2024-02-28,DCH.N,,2.9,
2024-02-28,FWONA.OQ,71.25,,3654709800
2024-02-29,DCH.N,,,6201209630
2024-02-29,FWONA.OQ,71.5,,3711727900
2024-02-29,TILE.OQ,17.33333,,1277900000
2024-03-01,DCH.N,7.625,,6201297440
2024-03-01,FWONA.OQ,72.5,1.71429,3715427900
2024-03-01,DCH.N,7.625,,
2024-03-01,FWONA.OQ,,1.71429,
2024-03-04,FWONA.OQ,73.875,,3769835800
2024-03-04,TILE.OQ,17.0,,1271583500
2024-03-04,FWONA.OQ,73.875,,
2024-03-04,TILE.OQ,,,1271583500
2024-03-06,FWONA.OQ,,,3786419750
2024-03-07,SFL.N,,2.5,
2024-03-07,SFL.N,12.16667,2.5,873200000
2024-03-10,FWONA.OQ,75.11111,1.75,3758039780
2024-03-10,FWONA.OQ,,,3758039780
2024-03-10,FWONA.OQ,,1.75,3758039780
2024-03-18,TILE.OQ,18.66667,,
2024-03-20,SFL.N,12.83333,,875925000
2024-03-21,DCH.N,,,6201330780
2024-03-27,FWONA.OQ,75.11111,,
2024-03-28,FWONA.OQ,,1.75,
2024-04-01,FWONA.OQ,75.625,,
2024-04-02,FWONA.OQ,,,3762335800
2024-04-03,TILE.OQ,,,1271783500
2024-04-04,DCH.N,,,6203719670
2024-04-10,DCH.N,,,6205497440
2024-04-11,FWONA.OQ,,,3769007000
2024-04-15,FWONA.OQ,76.25,,
2024-04-15,TILE.OQ,19.0,2.0,1271189000
2024-04-15,TILE.OQ,,2.0,
2024-04-16,DCH.N,,,6205764110
2024-04-17,DCH.N,,,6198997700
2024-04-22,DCH.N,,,6204597700
2024-04-29,SLS.OQ,,1.66667,
2024-04-29,FWONA.OQ,,,3769034700
2024-04-29,SLS.OQ,,1.66667,0
2024-05-03,TILE.OQ,19.5,,
2024-05-03,TILE.OQ,19.5,,1281103350
2024-05-06,DCH.N,7.8125,,
2024-05-06,DCH.N,7.8125,,6228003500
2024-05-06,TILE.OQ,,,1288670010
2024-05-08,FWONA.OQ,75.625,,
2024-05-08,FWONA.OQ,75.625,,3762459640
2024-05-09,FWONA.OQ,,,3777314360
2024-05-10,DCH.N,,,6247460710
2024-05-10,SLS.OQ,,,0
2024-05-10,TILE.OQ,,,1300371520
2024-05-13,TILE.OQ,21.33333,1.5,
2024-05-13,TILE.OQ,,1.5,
2024-05-14,DCH.N,,,6276230630
2024-05-14,SFL.N,13.16667,,877425000
2024-05-15,SFL.N,13.93333,,886175000
2024-05-15,SFL.N,13.93333,,
2024-05-16,SFL.N,,,893175000
2024-05-16,SLS.OQ,5.83333,,
2024-05-20,TILE.OQ,22.33333,,1298115680
2024-05-21,FWONA.OQ,,,3796283670
2024-05-22,FWONA.OQ,,,3846340400
2024-05-24,DCH.N,,,6262927220
2024-05-24,FWONA.OQ,,,3838871330
2024-05-29,FWONA.OQ,,,3848889710
2024-05-30,FWONA.OQ,,1.625,
2024-05-30,FWONA.OQ,76.875,1.625,3824653500
2024-06-03,FWONA.OQ,77.5,,
2024-06-03,FWONA.OQ,77.5,,3792358670
2024-06-20,SLS.OQ,,,0
2024-06-21,DCH.N,,2.88889,
2024-06-21,DCH.N,7.78571,2.88889,
2024-06-27,FWONA.OQ,,,3788990560
2024-07-04,DCH.N,,,6251260560
2024-07-05,SFL.N,14.76667,,888340000
2024-07-10,DCH.N,,,6241579440
2024-07-15,DCH.N,,,6232801670
2024-07-22,DCH.N,7.92857,,
2024-07-22,DCH.N,7.92857,,6224310560
2024-07-29,DCH.N,,,6221266110
2024-08-02,TILE.OQ,22.66667,,1307529670
2024-08-02,TILE.OQ,22.66667,,
2024-08-05,TILE.OQ,,,1313529670
2024-08-08,FWONA.OQ,79.0,,3786020700
2024-08-09,DCH.N,7.78571,,6222302220
2024-08-09,FWONA.OQ,79.5,,3803514500
2024-08-10,FWONA.OQ,78.875,,
2024-08-10,FWONA.OQ,78.875,,3790460560
2024-08-12,DCH.N,7.85714,,6224235560
2024-08-13,DCH.N,7.78571,,
2024-08-13,SFL.N,14.16667,,
2024-08-13,DCH.N,7.78571,,6225124440
2024-08-13,FWONA.OQ,,,3779016110
2024-08-13,SFL.N,14.16667,,888940000
2024-08-14,DCH.N,,,6221635560
2024-08-14,SFL.N,,,887300000
2024-08-15,FWONA.OQ,,,3805781110
2024-08-15,SFL.N,,,887100000
2024-08-16,DCH.N,,,6228517140
2024-08-20,SFL.N,,2.25,
2024-08-20,SFL.N,,2.25,886300000
2024-08-21,DCH.N,,,6222990000
2024-08-21,SFL.N,,,890625000
2024-09-04,DCH.N,,,6227691110
2024-09-09,DCH.N,,2.9,6223102000
2024-09-09,DCH.N,7.5625,2.9,6223102000
2024-09-20,DCH.N,7.5625,,
2024-09-23,DCH.N,7.5,2.88889,6224841110
2024-09-23,DCH.N,7.5,2.88889,
2024-09-23,DCH.N,,2.88889,
2024-09-24,FWONA.OQ,75.25,,3787203000
2024-09-24,FWONA.OQ,,,3787203000
2024-09-25,DCH.N,,,6221507780
2024-10-04,DCH.N,7.35714,,6216487780
2024-10-04,FWONA.OQ,77.0,,
2024-10-10,FWONA.OQ,,1.71429,
2024-10-10,FWONA.OQ,81.28571,1.71429,
2024-10-14,DCH.N,7.28571,,
2024-10-14,DCH.N,7.28571,,6209591110
2024-10-14,SFL.N,,,886300000
2024-10-15,DCH.N,,,6207146670
2024-10-16,DCH.N,,,6199924440
2024-10-16,DCH.N,7.21429,,6199924440
2024-10-18,TILE.OQ,24.33333,,1314299670
2024-10-22,DCH.N,7.08333,,
2024-10-23,DCH.N,,,6187035560
2024-10-29,DCH.N,,,6183668890
2024-11-01,TILE.OQ,25.66667,,1317556330
2024-11-04,TILE.OQ,27.33333,,1321141000
2024-11-04,TILE.OQ,,,1321141000
2024-11-06,SFL.N,,,888700000
2024-11-07,FWONA.OQ,82.28571,,3781631640
2024-11-07,SFL.N,13.6,,888500000
2024-11-07,SFL.N,13.6,,
2024-11-08,DCH.N,7.35714,,
2024-11-08,DCH.N,7.35714,,6180402220
2024-11-08,FWONA.OQ,83.57143,,3798547180
2024-11-08,SFL.N,,,889520000
2024-11-11,FWONA.OQ,85.0,,
2024-11-11,DCH.N,,,6145831110
2024-11-11,FWONA.OQ,85.0,,3785610180
2024-11-13,DCH.N,,,6135831110
2024-11-13,SFL.N,,,883533330
2024-11-14,FWONA.OQ,,,3783571200
2024-11-14,SFL.N,,,885650000
2024-11-14,SLS.OQ,,,0
2024-11-15,DCH.N,,,6135608890
2024-11-21,DCH.N,,,6126710000
2024-11-21,FWONA.OQ,,,3787792000
2024-11-21,SFL.N,13.26667,1.75,891900000
2024-11-21,SFL.N,,1.75,
2024-11-27,FWONA.OQ,87.14286,,3780246550
2024-11-27,FWONA.OQ,,,3780246550
2024-12-02,DCH.N,7.35714,,
2024-12-04,FWONA.OQ,,1.85714,
2024-12-11,FWONA.OQ,89.0,,
2024-12-11,TILE.OQ,28.66667,,
2024-12-16,TILE.OQ,31.0,,
2024-12-18,FWONA.OQ,,,3780213910
2024-12-20,FWONA.OQ,92.0,,3780486640
2025-01-09,SLS.OQ,6.75,,
2025-01-13,FWONA.OQ,93.0,,3776232090
2025-01-13,FWONA.OQ,93.0,,
2025-01-15,DCH.N,7.14286,,
2025-01-15,FWONA.OQ,,,3776232090
2025-01-16,DCH.N,,,6128660000
2025-01-16,FWONA.OQ,,1.83333,
2025-01-21,DCH.N,7.07143,,6125660000
2025-01-21,DCH.N,,,6125660000
2025-01-22,DCH.N,6.92857,,
2025-01-23,FWONA.OQ,93.71429,1.85714,
2025-01-23,SLS.OQ,5.83333,,
2025-01-23,FWONA.OQ,,1.85714,
2025-01-24,DCH.N,,,6124426670
2025-01-27,DCH.N,6.92857,,6124168890
2025-01-29,DCH.N,6.91667,3.0,6124645710
2025-01-29,DCH.N,,3.0,
2025-02-10,SLS.OQ,5.0,,
2025-02-12,SFL.N,12.6,,813280000
2025-02-12,SFL.N,12.6,,
2025-02-13,SFL.N,,2.0,774480000
2025-02-13,SFL.N,,2.0,
2025-02-14,DCH.N,6.79167,,5911488570
2025-02-18,DCH.N,6.91667,,5947120000
2025-02-18,DCH.N,6.91667,,
2025-02-19,SFL.N,12.06667,,761680000
2025-02-19,SFL.N,12.06667,,
2025-02-21,DCH.N,,,5905548000
2025-02-25,TILE.OQ,,,1361623670
2025-02-26,TILE.OQ,,,1355490330
2025-02-27,TILE.OQ,31.33333,,
2025-02-27,FWONA.OQ,,,4147012270
2025-02-27,TILE.OQ,31.33333,,1350867330
2025-02-28,DCH.N,6.58333,,5910773330
2025-02-28,FWONA.OQ,94.85714,,4068073820
2025-03-04,DCH.N,6.33333,,5896798330
2025-03-05,FWONA.OQ,95.85714,,
2025-03-05,FWONA.OQ,95.85714,,4064910180
2025-03-06,DCH.N,6.14286,3.0,5905255710
2025-03-06,FWONA.OQ,,,4075803880
2025-03-06,DCH.N,,3.0,
2025-03-06,DCH.N,6.14286,3.0,
2025-03-10,DCH.N,,,5906223750
2025-03-16,FWONA.OQ,96.42857,1.71429,4061603440
2025-03-16,FWONA.OQ,96.42857,1.71429,
2025-03-19,FWONA.OQ,,,4061603440
2025-03-21,SFL.N,,,759960000
2025-03-21,SLS.OQ,5.83333,,
2025-04-09,DCH.N,,,5872722500
2025-04-10,DCH.N,5.78571,,
2025-04-10,TILE.OQ,,,1344028000
2025-04-11,FWONA.OQ,,,4055108000
2025-04-15,DCH.N,5.64286,,5864660000
2025-04-22,DCH.N,5.15714,,5828875000
2025-04-24,DCH.N,,,5820250000
2025-04-24,DCH.N,4.94286,,5820250000
2025-04-28,FWONA.OQ,,1.75,
2025-04-28,FWONA.OQ,98.75,1.75,
2025-04-28,FWONA.OQ,98.75,1.75,4085797200
2025-04-30,FWONA.OQ,,,4087438800
2025-05-02,DCH.N,5.08571,,
2025-05-02,TILE.OQ,,,1348194670
2025-05-04,DCH.N,5.27143,,
2025-05-04,DCH.N,5.27143,,5835475000
2025-05-04,TILE.OQ,,,1354945000
2025-05-06,TILE.OQ,,,1356611670
2025-05-07,FWONA.OQ,99.125,,4098850300
2025-05-08,DCH.N,,,5834250000
2025-05-08,FWONA.OQ,102.55556,1.66667,4117237600
2025-05-08,FWONA.OQ,102.55556,1.66667,
2025-05-08,FWONA.OQ,,1.66667,
2025-05-14,SFL.N,11.4,,737520000
2025-05-15,SFL.N,10.8,,
2025-05-15,DCH.N,,,5802262500
2025-05-15,SFL.N,10.8,,733920000
2025-05-16,SLS.OQ,5.75,,
2025-05-19,DCH.N,5.2,,
2025-05-20,DCH.N,,,5770812500
2025-05-21,FWONA.OQ,,,4122537600
2025-05-21,SFL.N,,,733650000
2025-06-06,TILE.OQ,,,1356916000
2025-06-10,FWONA.OQ,103.22222,,
2025-06-11,FWONA.OQ,104.0,,
2025-06-11,FWONA.OQ,104.0,,4122637600
2025-06-12,FWONA.OQ,,,4132737600
2025-06-16,DCH.N,,,5770050000
2025-06-17,SLS.OQ,5.83333,,
2025-06-25,FWONA.OQ,104.66667,,4134037600
2025-07-08,DCH.N,,,5775775000
2025-07-11,DCH.N,,,5798187500
2025-07-11,FWONA.OQ,104.55556,,4131637600
2025-07-14,DCH.N,5.55714,2.875,5821543750
2025-07-14,DCH.N,5.55714,2.875,
2025-07-14,DCH.N,,2.875,
2025-07-15,SLS.OQ,6.83333,,
2025-07-16,DCH.N,,,5821906250
2025-07-18,FWONA.OQ,105.0,,4130037600
2025-07-21,DCH.N,5.7,,5829781250
2025-07-21,FWONA.OQ,106.5,,4164077600
2025-07-21,DCH.N,5.7,,
2025-07-23,DCH.N,,,5826015000
2025-08-01,FWONA.OQ,109.4,,
2025-08-01,FWONA.OQ,109.4,,4184070550
2025-08-01,TILE.OQ,32.0,,1365778330
2025-08-02,TILE.OQ,32.66667,,
2025-08-04,FWONA.OQ,,,4195222170
2025-08-04,TILE.OQ,,,1384992000
2025-08-07,FWONA.OQ,110.4,,4203589690
2025-08-08,DCH.N,5.77143,,
2025-08-08,FWONA.OQ,110.5,,4222990390
2025-08-08,FWONA.OQ,110.5,,
2025-08-10,DCH.N,5.89286,,
2025-08-10,FWONA.OQ,,,4218067390
2025-08-11,DCH.N,,,5817367500
2025-08-13,FWONA.OQ,111.3,,4234990460
2025-08-13,SFL.N,10.8,,
2025-08-14,DCH.N,6.03571,,
2025-08-14,DCH.N,6.03571,,5816492500
2025-08-14,FWONA.OQ,112.8,,4283850390
2025-08-15,DCH.N,,,5838848570
2025-08-15,FWONA.OQ,112.9,,4288388850
2025-08-18,FWONA.OQ,113.4,,
2025-08-18,FWONA.OQ,113.4,,4340711920
2025-08-19,SFL.N,10.13333,,
2025-08-20,DCH.N,6.03125,2.88889,5837955000
2025-08-20,FWONA.OQ,,,4362558080
2025-08-26,SFL.N,,,732533330
2025-09-01,DCH.N,,2.77778,
2025-09-01,DCH.N,6.40625,2.77778,5832242500
2025-09-14,FWONA.OQ,113.8,,
2025-09-16,SFL.N,,1.66667,732533330
2025-09-16,SFL.N,,1.66667,
2025-09-18,FWONA.OQ,113.9,,
2025-09-19,FWONA.OQ,,,4362327310
2025-09-28,FWONA.OQ,115.3,,
2025-09-28,FWONA.OQ,115.3,,4365865770
2025-10-06,DCH.N,6.53125,,5841407500
2025-10-08,DCH.N,6.5875,,5844032500
2025-10-10,DCH.N,6.7125,,5835420000
2025-10-10,DCH.N,6.7125,,
2025-10-13,DCH.N,,,5845776250
2025-10-16,FWONA.OQ,,,4364879920
2025-10-19,DCH.N,6.8375,,5854413750
2025-10-19,DCH.N,6.8375,,
2025-10-20,FWONA.OQ,,,4364495310
2025-10-26,DCH.N,,,5854101250
2025-10-30,FWONA.OQ,,,4368069150
2025-10-31,TILE.OQ,,,1385812330
2025-11-03,TILE.OQ,,,1387125330
2025-11-03,DCH.N,6.9625,,5857976250
2025-11-03,TILE.OQ,35.0,,1387125330
2025-11-04,FWONA.OQ,,,4377607620
2025-11-06,FWONA.OQ,115.7,,4406779540
2025-11-06,FWONA.OQ,115.7,,
2025-11-07,DCH.N,7.0875,,5857526250
2025-11-07,DCH.N,7.0875,,
2025-11-10,DCH.N,,,5852041250
2025-11-11,SFL.N,10.46667,,729033330
2025-11-12,SFL.N,10.23333,2.0,727220000
2025-11-13,FWONA.OQ,,,4409972390
2025-11-14,DCH.N,,,5849400000
2025-11-17,SFL.N,,2.0,
2025-11-17,SFL.N,10.05,2.0,720020000
2025-11-19,DCH.N,,,5843014290
2025-11-19,SFL.N,9.8,,725220000
2025-11-21,FWONA.OQ,115.7,,4410972390
2025-11-24,FWONA.OQ,115.7,,4406510850
2025-11-24,FWONA.OQ,115.7,,
2025-12-02,FWONA.OQ,,,4408741620
2025-12-08,DCH.N,7.025,2.88889,5845562500
2025-12-12,DCH.N,7.38571,2.75,5845562500
2025-12-12,DCH.N,,2.75,
2025-12-18,FWONA.OQ,115.5,,4411480080
2025-12-30,SLS.OQ,,,0
2026-01-09,DCH.N,7.45714,,
2026-01-09,DCH.N,7.45714,,5847937500
2026-01-09,FWONA.OQ,115.0,,4411405080
2026-01-12,DCH.N,,,5849075000
2026-01-13,DCH.N,7.6,,5850625000
2026-01-14,DCH.N,7.88571,,5851431250
2026-01-14,DCH.N,7.88571,,
2026-01-16,DCH.N,,,5851518750
2026-01-21,DCH.N,8.17143,,5850956250
2026-01-22,DCH.N,8.74286,,5852068750
2026-01-23,TILE.OQ,36.33333,,
2026-01-27,DCH.N,9.775,2.66667,5853850000
2026-01-30,FWONA.OQ,116.4,,4415251230
2026-01-30,FWONA.OQ,,,4415251230
2026-02-02,FWONA.OQ,115.9,,
2026-02-09,DCH.N,9.88571,2.625,6495356250
2026-02-09,DCH.N,9.88571,2.625,5850143750
2026-02-11,SFL.N,10.05,,673840000
2026-02-12,SFL.N,10.425,,
2026-02-12,SFL.N,10.425,,664340000
2026-02-17,DCH.N,9.5,2.66667,9512073330
2026-02-18,DCH.N,9.59444,2.5,
2026-02-18,DCH.N,9.59444,2.5,9623194700
2026-02-18,FWONA.OQ,,,4417389690
2026-02-19,DCH.N,,,10046205220
2026-02-20,DCH.N,,,10548343380
2026-02-24,TILE.OQ,36.66667,,1455286670
2026-02-24,TILE.OQ,36.66667,,
2026-02-25,DCH.N,,,10560471890
2026-02-26,FWONA.OQ,,,4818560460
2026-02-27,FWONA.OQ,,,4843937390
2026-02-27,TILE.OQ,,,1451186670
2026-03-01,FWONA.OQ,115.9,,
2026-03-02,FWONA.OQ,,,4855937390
2026-03-04,DCH.N,9.635,2.27273,10542633700
2026-03-05,FWONA.OQ,,,4869818600
2026-03-06,SFL.N,,,664940000
2026-03-12,FWONA.OQ,115.2,,4848289640
2026-03-12,SLS.OQ,7.83333,,
2026-03-13,FWONA.OQ,115.1,,4850603000
2026-03-13,FWONA.OQ,115.1,,
2026-03-16,FWONA.OQ,,,4794425460
2026-03-19,FWONA.OQ,,,4781556670
2026-03-20,SLS.OQ,8.66667,,
2026-03-25,FWONA.OQ,114.6,,4750670330
2026-03-27,FWONA.OQ,114.8,,4739378670
2026-03-27,FWONA.OQ,,,4739378670
2026-03-30,FWONA.OQ,113.45455,1.7,
2014-07-09,MITK.OQ,,2.33333,
2014-07-09,MITK.OQ,5.0,2.33333,
2014-10-10,PNFP.N,,2.3,
2014-11-03,VRE.N,,3.45455,
2014-11-04,VRE.N,,,641031000
2014-11-07,MITK.OQ,,,23166670
2014-11-11,RYZ.N,,1.75,
2014-11-13,PNFP.N,40.83333,,246030330
2014-11-13,PNFP.N,40.83333,,
2014-11-18,RYZ.N,14.57143,,
2014-12-17,RYZ.N,,,3651372510
2014-12-18,VRE.N,20.0,,
2015-01-05,RYZ.N,14.83333,1.875,
2015-01-07,VRE.N,,,641195330
2015-01-07,VRE.N,19.88889,,641195330
2015-01-08,RYZ.N,,,3637854300
2015-01-11,RYZ.N,,,3634725730
2015-01-20,PNFP.N,,,270786500
2015-01-20,RYZ.N,14.8,1.85714,3643746670
2015-01-21,PNFP.N,40.44444,,272490170
2015-01-22,PNFP.N,,2.2,
2015-01-22,PNFP.N,,2.2,273604500
2015-01-22,PNFP.N,40.625,2.2,273604500
2015-01-23,PNFP.N,40.875,,
2015-01-23,VRE.N,19.88889,,
2015-01-26,VRE.N,19.88889,,
2015-01-29,MITK.OQ,,,22888000
2015-01-30,RYZ.N,14.75,2.0,3633480000
2015-01-30,RYZ.N,,,3633480000
2015-02-05,PNFP.N,41.875,,277654500
2015-02-06,PNFP.N,42.125,,
2015-02-06,PNFP.N,42.125,,278261000
2015-02-07,MITK.OQ,,,23332000
2015-02-07,PNFP.N,,,281775000
2015-02-08,VRE.N,20.0,,
2015-02-17,VRE.N,19.88889,,
2015-02-19,VRE.N,19.88889,,614966330
2015-02-20,RYZ.N,14.8,2.0,
2015-02-20,RYZ.N,14.8,,
2015-02-23,VRE.N,,,611966330
2015-02-23,VRE.N,19.66667,,611966330
2015-02-25,VRE.N,19.45,,
2015-02-26,PNFP.N,42.5,,
2015-03-04,RYZ.N,,2.0,
2015-03-04,VRE.N,,3.45455,
2015-03-11,RYZ.N,,,3633440000
2015-03-16,RYZ.N,13.4,,
2015-03-16,RYZ.N,13.4,,3800800000
2015-03-17,RYZ.N,,,3824840000
2015-03-17,VRE.N,,,581025000
2015-03-18,RYZ.N,,2.25,
2015-03-18,RYZ.N,9.82,2.25,3631924270
2015-03-19,PNFP.N,,,283900000
2015-03-19,PNFP.N,43.11111,,283900000
2015-03-19,RYZ.N,9.02,,3582195690
2015-03-30,RYZ.N,8.85,2.33333,3576335360
2015-03-30,RYZ.N,,2.33333,
2015-04-01,PNFP.N,43.44444,2.3,
2015-04-05,RYZ.N,8.25,,
2015-04-05,RYZ.N,8.25,,3537135360
2015-04-07,VRE.N,,3.5,598084000
2015-04-07,VRE.N,,3.5,
2015-04-08,PNFP.N,,,287650000
2015-04-08,PNFP.N,44.09091,2.27273,287650000
2015-04-09,PNFP.N,45.09091,2.45455,
2015-04-09,PNFP.N,,2.45455,
2015-04-10,PNFP.N,45.81818,,
2015-04-14,RYZ.N,,,3537131430
2015-04-15,PNFP.N,46.0,,
2015-04-16,MITK.OQ,,,22921330
2015-04-20,PNFP.N,46.5,2.5,288533330
2015-04-20,PNFP.N,,2.5,
2015-04-21,PNFP.N,47.8,,296043330
2015-04-22,PNFP.N,48.2,,301728000
2015-04-23,PNFP.N,50.1,,301866860
2015-04-23,VRE.N,,,601310250
2015-04-29,PNFP.N,,,304105430
2015-04-29,PNFP.N,50.95,2.4,304105430
2015-04-30,MITK.OQ,,,22745000
2015-04-30,PNFP.N,51.35,2.2,
2015-04-30,VRE.N,,,592019500
2015-05-01,PNFP.N,,2.1,
2015-05-01,PNFP.N,52.05,2.1,
2015-05-01,MITK.OQ,,,23078330
2015-05-01,PNFP.N,52.05,2.1,305391140
2015-05-04,VRE.N,19.35,,593115670
2015-05-04,VRE.N,,,593115670
2015-05-05,PNFP.N,,,308047750
2015-05-08,RYZ.N,,,3572531430
2015-05-11,RYZ.N,8.91667,2.22222,3578384980
2015-05-12,RYZ.N,9.33333,,
2015-05-12,RYZ.N,9.33333,2.375,
2015-05-12,RYZ.N,9.33333,2.375,3558108130
2015-05-14,VRE.N,19.15,,
2015-05-27,MITK.OQ,5.0,,
2015-06-03,VRE.N,,3.3,
2015-06-03,VRE.N,19.0,3.3,
2015-06-07,VRE.N,18.95,,
2015-06-15,RYZ.N,,,3547858130
2015-06-18,VRE.N,,3.1,
2015-06-18,VRE.N,19.5,3.1,
2015-06-28,PNFP.N,52.85,,
2015-07-01,RYZ.N,,2.5,
2015-07-01,RYZ.N,,2.5,3526070630
2015-07-02,PNFP.N,,2.2,
2015-07-06,RYZ.N,9.5,,
2015-07-08,RYZ.N,,,3522133130
2015-07-08,VRE.N,19.65,,589376000
2015-07-08,VRE.N,,,589376000
2015-07-10,PNFP.N,,,308047750
2015-07-10,PNFP.N,52.5,2.22222,308047750
2015-07-13,PNFP.N,52.83333,,
2015-07-13,PNFP.N,52.83333,2.33333,
2015-07-16,RYZ.N,,,3535258130
2015-07-17,VRE.N,19.55,,
2015-07-22,PNFP.N,,2.44444,308198200
2015-07-22,VRE.N,19.7,,588299330
2015-07-22,PNFP.N,,2.44444,
2015-07-22,VRE.N,,,588299330
2015-07-23,MITK.OQ,,,23756330
2015-07-23,PNFP.N,54.38889,,309865500
2015-07-23,VRE.N,19.9,,
2015-07-24,MITK.OQ,,,24089670
2015-07-24,PNFP.N,54.27778,,309665500
2015-07-24,VRE.N,20.3,,589308670
2015-07-24,MITK.OQ,,,27787670
2015-07-24,VRE.N,20.3,,
2015-07-27,PNFP.N,54.38889,,
2015-07-27,PNFP.N,54.38889,,309585670
2015-07-29,VRE.N,,,600032000
2015-08-03,VRE.N,,,602205000
2015-08-03,VRE.N,20.7,,602205000
2015-08-13,RYZ.N,9.5,2.625,
2015-08-13,RYZ.N,,2.625,
2015-08-13,RYZ.N,9.5,2.625,3462684380
2015-08-14,RYZ.N,,,3429674500
2015-08-17,RYZ.N,9.41667,,3408412000
2015-08-21,PNFP.N,,2.375,309585670
2015-08-24,RYZ.N,,2.875,
2015-08-24,PNFP.N,54.25,,
2015-08-24,RYZ.N,8.83333,2.875,
2015-08-24,PNFP.N,54.25,2.44444,310273430
2015-08-24,RYZ.N,8.83333,2.875,3394037000
2015-09-04,RYZ.N,,,3373599430
2015-09-08,RYZ.N,,,3357822290
2015-09-08,VRE.N,20.6,,
2015-09-09,VRE.N,20.9,,593728500
2015-09-09,VRE.N,20.9,,
2015-09-10,PNFP.N,,2.33333,
2015-09-10,PNFP.N,,2.33333,311930570
2015-09-10,VRE.N,,,594538500
2015-09-11,VRE.N,21.1,2.9,595288500
2015-09-11,VRE.N,21.1,2.9,
2015-09-11,VRE.N,,2.9,
2015-09-16,RYZ.N,8.70833,,3336536570
2015-09-21,PNFP.N,53.85,,311956000
2015-09-21,VRE.N,,,600898000
2015-10-04,RYZ.N,8.29167,,3311979430
2015-10-05,PNFP.N,53.94444,,312727430
2015-10-13,RYZ.N,8.125,,3300665140
2015-10-19,RYZ.N,7.82143,,3298950860
2015-10-19,VRE.N,21.2,,
2015-10-19,RYZ.N,7.82143,,
2015-10-21,PNFP.N,53.88889,2.4,315382750
2015-10-22,PNFP.N,,2.6,
2015-10-22,PNFP.N,55.22222,2.6,317648500
2015-10-22,PNFP.N,55.22222,2.6,
2015-10-23,PNFP.N,,,319148500
2015-10-28,VRE.N,21.44444,,
2015-10-29,VRE.N,,,600534330
2015-10-29,VRE.N,21.77778,,600534330
2015-11-01,VRE.N,22.0,,
2015-11-04,VRE.N,22.22222,,592870750
2015-11-06,MITK.OQ,,,30387670
2015-11-10,RYZ.N,,,3298950860
2015-11-12,MITK.OQ,,2.0,32000000
2015-11-12,VRE.N,22.38889,,588161000
2015-11-13,RYZ.N,7.60714,,3286960860
2015-11-16,VRE.N,22.61111,,
2015-11-16,RYZ.N,7.21429,,3257960860
2015-11-16,VRE.N,22.61111,,586981330
2015-11-17,RYZ.N,7.0,,
2015-11-17,RYZ.N,7.0,,3239703710
2015-11-19,RYZ.N,,,3222488330
2015-11-20,VRE.N,,,591986000
2015-11-24,RYZ.N,6.57143,,3225234430
2015-12-11,VRE.N,,,589736000
2015-12-11,PNFP.N,,,320312570
2015-12-11,VRE.N,22.83333,,589736000
2015-12-16,RYZ.N,6.28571,,3220648710
2015-12-17,VRE.N,,2.8,
2015-12-17,VRE.N,23.05,2.8,
2016-01-05,VRE.N,23.15,,
2016-01-08,MITK.OQ,6.5,2.0,32050000
2016-01-11,PNFP.N,,,320512570
2016-01-11,PNFP.N,,,397906290
2016-01-12,VRE.N,23.45,,
2016-01-13,RYZ.N,6.0,,3216934430
2016-01-14,VRE.N,23.55,,
2016-01-20,PNFP.N,54.11111,,411306290
2016-01-21,PNFP.N,52.66667,,415266710
2016-01-21,VRE.N,23.45,,
2016-01-22,RYZ.N,5.92857,,3214791570
2016-01-25,MITK.OQ,,2.0,
2016-01-25,MITK.OQ,6.425,2.0,
2016-01-25,PNFP.N,53.75,2.5,
2016-01-25,MITK.OQ,6.425,2.0,31865750
2016-01-25,PNFP.N,53.75,2.5,419005860
2016-01-26,PNFP.N,,,421556830
2016-01-26,VRE.N,23.35,,
2016-01-27,MITK.OQ,,,31862500
2016-01-28,MITK.OQ,,,32012500
2016-01-28,PNFP.N,,,421590170
2016-01-29,PNFP.N,,2.3,
2016-01-29,MITK.OQ,,,32251000
2016-01-29,PNFP.N,55.0,2.3,432643500
2016-02-01,PNFP.N,55.25,,
2016-02-01,PNFP.N,55.25,,435949500
2016-02-04,MITK.OQ,,,32557750
2016-02-04,PNFP.N,,,439299500
2016-02-12,PNFP.N,,,442199400
2016-02-24,PNFP.N,54.75,,
2016-02-24,VRE.N,23.15,,602496000
2016-02-25,VRE.N,23.05,,
2016-02-25,VRE.N,23.05,,607746000
2016-03-01,RYZ.N,5.28571,3.0,
2016-03-01,PNFP.N,,,441799400
2016-03-01,RYZ.N,5.28571,3.0,3206075860
2016-03-01,RYZ.N,,3.0,
2016-03-01,RYZ.N,5.28571,3.0,3088266990
2016-03-02,VRE.N,,,590688670
2016-03-09,VRE.N,23.38889,2.77778,597258000
2016-03-09,VRE.N,,2.77778,
2016-03-10,MITK.OQ,6.75,,
2016-03-10,RYZ.N,,,3110928420
2016-03-11,RYZ.N,5.14286,,
2016-03-11,RYZ.N,5.14286,,3019346710
2016-03-13,RYZ.N,,,2990532430
2016-03-16,RYZ.N,,,2979287830
2016-03-18,PNFP.N,54.125,,440376170
2016-03-18,VRE.N,23.27778,,588505330
2016-03-18,PNFP.N,54.125,,
2016-03-21,PNFP.N,,,444031400
2016-03-21,RYZ.N,5.25,,2985621170
2016-03-21,RYZ.N,5.25,,
2016-03-23,MITK.OQ,7.5,,
2016-03-23,RYZ.N,,,2982804500
2016-03-29,VRE.N,,,601835000
2016-03-29,VRE.N,23.38889,,601835000
2016-04-01,PNFP.N,,,443871400
2016-04-05,MITK.OQ,7.75,,
2016-04-14,MITK.OQ,,2.0,
2016-04-14,MITK.OQ,7.83333,2.0,32564000
2016-04-14,VRE.N,23.61111,,
2016-04-17,VRE.N,23.83333,,
2016-04-18,RYZ.N,5.39286,,2980637830
2016-04-19,PNFP.N,54.875,,442693860
2016-04-19,RYZ.N,5.53571,,2983779500
2016-04-20,PNFP.N,55.625,,
2016-04-20,VRE.N,,2.75,601835000
2016-04-20,VRE.N,,2.75,
2016-04-20,PNFP.N,55.625,,441453140
2016-04-20,VRE.N,24.0625,2.75,601835000
2016-04-27,PNFP.N,,,444328670
2016-04-28,MITK.OQ,8.25,,33615200
2016-04-29,MITK.OQ,8.91667,,33859600
2016-04-29,VRE.N,24.3125,,
2016-04-29,MITK.OQ,,,33859600
2016-05-04,VRE.N,25.0625,,
2016-05-06,RYZ.N,,2.85714,
2016-05-06,RYZ.N,6.32143,2.85714,2928315400
2016-05-06,VRE.N,25.1875,,
2016-05-08,VRE.N,25.4375,,617839500
2016-05-09,RYZ.N,9.16667,,
2016-05-09,RYZ.N,9.16667,,2910515400
2016-05-12,VRE.N,,,619612760
2016-05-12,RYZ.N,,,2938750000
2016-05-12,VRE.N,26.0625,,619612760
2016-05-13,VRE.N,26.4375,,
2016-05-23,MITK.OQ,9.25,,
2016-05-23,PNFP.N,,2.22222,
2016-05-23,RYZ.N,10.83333,,2941555000
2016-06-10,RYZ.N,11.58333,,
2016-06-10,PNFP.N,,,444362000
2016-06-10,RYZ.N,11.58333,,2958555000
2016-06-15,PNFP.N,55.5,,
2016-06-23,VRE.N,26.6875,,620377010
2016-06-23,VRE.N,,,620377010
2016-06-26,RYZ.N,,2.83333,2958555000
2016-06-26,RYZ.N,,2.83333,
2016-07-06,RYZ.N,11.91667,,2976135000
2016-07-06,VRE.N,26.9375,,
2016-07-07,PNFP.N,,,444295330
2016-07-10,VRE.N,27.0625,,
2016-07-11,MITK.OQ,,1.8,
2016-07-11,MITK.OQ,9.3125,1.8,33739600
2016-07-12,PNFP.N,,2.11111,
2016-07-12,PNFP.N,56.625,2.11111,
2016-07-15,PNFP.N,56.75,,444262000
2016-07-15,PNFP.N,56.75,,
2016-07-17,PNFP.N,,,441667430
2016-07-18,RYZ.N,10.9,3.0,2981975000
2016-07-18,VRE.N,27.6875,,
2016-07-19,PNFP.N,56.6875,,
2016-07-19,RYZ.N,11.125,3.0,2987100000
2016-07-20,PNFP.N,56.8125,,449196000
2016-07-21,RYZ.N,,2.8,
2016-07-21,PNFP.N,57.0625,,453362140
2016-07-21,RYZ.N,12.9,2.8,2959518750
2016-07-25,PNFP.N,57.625,,455289710
2016-07-25,PNFP.N,,,455289710
2016-07-28,MITK.OQ,9.5625,,
2016-07-28,MITK.OQ,9.5625,,34229400
2016-07-29,MITK.OQ,,,34715800
2016-08-02,VRE.N,,,612457510
2016-08-02,VRE.N,27.8125,,612457510
2016-08-04,VRE.N,28.0625,,
2016-08-05,VRE.N,28.1875,,
2016-08-10,RYZ.N,13.375,,2967268750
2016-08-11,RYZ.N,,2.83333,
2016-08-11,RYZ.N,13.9,2.83333,
2016-08-11,RYZ.N,13.9,2.83333,2962971800
2016-08-11,VRE.N,,,627368500
2016-08-12,VRE.N,28.3125,,
2016-08-12,VRE.N,28.3125,,621534000
2016-08-16,RYZ.N,,,2955214750
2016-08-22,PNFP.N,58.0,,
2016-08-25,VRE.N,,2.77778,616905670
2016-08-25,VRE.N,,2.77778,
2016-09-01,VRE.N,28.78571,,605679250
2016-09-01,VRE.N,,,605679250
2016-09-07,RYZ.N,,,2939991800
2016-09-08,PNFP.N,58.875,,
2016-09-09,VRE.N,28.92857,,
2016-09-13,PNFP.N,,2.22222,
2016-09-15,RYZ.N,13.4,,2927159830
2016-09-19,VRE.N,,2.66667,605461250
2016-09-19,VRE.N,,,605461250
2016-09-27,PNFP.N,58.75,,455161570
2016-10-02,RYZ.N,13.2,,2927176500
2016-10-04,RYZ.N,12.4,,2919485670
2016-10-04,RYZ.N,12.4,,
2016-10-12,PNFP.N,,2.22222,
2016-10-12,VRE.N,,2.66667,
2016-10-18,RYZ.N,,,2899635670
2016-10-18,VRE.N,28.78571,,
2016-10-19,PNFP.N,,2.33333,
2016-10-19,PNFP.N,57.875,2.33333,452347290
2016-10-20,PNFP.N,57.875,,
2016-10-20,PNFP.N,57.875,,453056860
2016-10-24,PNFP.N,,,452369430
2016-10-25,VRE.N,,,608058750
2016-10-28,VRE.N,28.92857,,
2016-10-31,MITK.OQ,,,34706800
2016-10-31,PNFP.N,,,452212290
2016-11-01,VRE.N,,,607456670
2016-11-03,MITK.OQ,9.375,,
2016-11-03,MITK.OQ,9.375,,43599000
2016-11-03,RYZ.N,12.0,,2881419000
2016-11-04,MITK.OQ,,,43589000
2016-11-04,RYZ.N,11.54167,,2879919170
2016-11-04,RYZ.N,11.54167,,
2016-11-09,RYZ.N,,2.66667,2879863000
2016-11-09,RYZ.N,,2.66667,
2016-11-11,PNFP.N,,2.55556,
2016-11-17,MITK.OQ,,,43582000
2016-11-17,RYZ.N,12.65,,
2016-11-23,VRE.N,29.07143,,609084250
2016-11-28,PNFP.N,59.0,,
2016-11-28,VRE.N,29.0625,,612334250
2016-11-28,VRE.N,,,612334250
2016-11-29,PNFP.N,60.5,,
2016-11-29,RYZ.N,12.85,,2879833600
2016-12-01,PNFP.N,61.75,,452269430
2016-12-01,PNFP.N,,,452269430
2016-12-04,RYZ.N,13.65,,2880513600
2016-12-08,MITK.OQ,9.5,1.66667,43601670
2016-12-08,PNFP.N,63.0,,
2016-12-08,MITK.OQ,,1.66667,
2016-12-09,VRE.N,,2.88889,
2016-12-11,VRE.N,29.3125,,
2016-12-12,RYZ.N,,,2882313600
2016-12-12,RYZ.N,15.0,,2882313600
2016-12-16,VRE.N,,2.77778,608367250
2016-12-16,VRE.N,29.6875,2.77778,608367250
2016-12-16,VRE.N,,2.77778,
2016-12-19,PNFP.N,63.5,,451383710
2016-12-19,PNFP.N,,,451383710
2016-12-20,PNFP.N,64.875,,
2016-12-21,PNFP.N,67.25,,
2016-12-21,PNFP.N,67.25,,451394140
2017-01-08,RYZ.N,15.5,,
2017-01-09,RYZ.N,,2.5,
2017-01-09,VRE.N,29.5625,,610718600
2017-01-09,VRE.N,29.5625,,
2017-01-12,PNFP.N,,,512676140
2017-01-12,RYZ.N,15.33333,,
2017-01-12,PNFP.N,,,451294140
2017-01-12,RYZ.N,15.33333,,2871913600
2017-01-18,PNFP.N,65.75,2.77778,509533290
2017-01-18,PNFP.N,65.75,2.77778,
2017-01-18,PNFP.N,,2.77778,
2017-01-19,PNFP.N,,,508979290
2017-01-20,PNFP.N,66.5,,
2017-01-23,PNFP.N,68.125,,544254430
2017-01-23,VRE.N,29.4375,,
2017-01-24,PNFP.N,68.25,,565325860
2017-01-25,PNFP.N,69.75,2.66667,637502500
2017-01-25,PNFP.N,,2.66667,
2017-01-26,PNFP.N,71.875,,646901670
2017-01-26,PNFP.N,,,646901670
2017-01-30,RYZ.N,,,3031691330
2017-01-30,PNFP.N,72.125,,
2017-01-30,RYZ.N,,,2866870800
2017-02-02,MITK.OQ,9.2,,
2017-02-02,MITK.OQ,9.2,,43785000
2017-02-03,MITK.OQ,,,43919830
2017-03-01,VRE.N,29.5625,,602631200
2017-03-01,VRE.N,29.5625,,
2017-03-02,VRE.N,,2.77778,
2017-03-08,VRE.N,,,594443000
2017-03-14,RYZ.N,,,3052789600
2017-03-15,RYZ.N,14.83333,,
2017-03-15,RYZ.N,14.83333,,3093413800
2017-03-16,PNFP.N,,,647501670
2017-03-17,MITK.OQ,,,43936500
2017-03-17,VRE.N,29.6875,,590828670
2017-03-20,RYZ.N,,,3231466330
2017-03-21,RYZ.N,,,3193099750
2017-03-22,MITK.OQ,9.5,1.6,
2017-03-22,PNFP.N,,,648050670
2017-03-22,RYZ.N,15.16667,,
2017-03-22,MITK.OQ,,1.6,
2017-03-22,MITK.OQ,9.5,1.6,43963800
2017-03-22,PNFP.N,72.375,,648050670
2017-03-22,RYZ.N,15.16667,,3169479800
2017-03-24,VRE.N,29.8125,,606511750
2017-03-30,VRE.N,29.9375,,610429400
2017-03-30,VRE.N,29.9375,,
2017-04-04,PNFP.N,72.125,,
2017-04-04,VRE.N,,,619229400
2017-04-10,RYZ.N,,,3179054400
2017-04-13,RYZ.N,15.5,,3187054400
2017-04-13,RYZ.N,15.5,,
2017-04-17,PNFP.N,,,648034000
2017-04-18,PNFP.N,,,658667570
2017-04-18,VRE.N,30.0625,,
2017-04-19,PNFP.N,71.5,,668056710
2017-04-19,RYZ.N,,,3204654400
2017-04-19,PNFP.N,71.5,,
2017-04-20,PNFP.N,,,667499570
2017-04-24,MITK.OQ,,,43970000
2017-04-24,PNFP.N,,,670699500
2017-04-28,MITK.OQ,,,44685800
2017-04-28,MITK.OQ,9.625,,44685800
2017-04-30,PNFP.N,70.75,,
2017-04-30,PNFP.N,70.75,,670385290
2017-05-01,MITK.OQ,9.5,,
2017-05-03,RYZ.N,15.25,,
2017-05-04,RYZ.N,14.625,,
2017-05-04,RYZ.N,14.625,,3255454400
2017-05-05,RYZ.N,,,3253659600
2017-05-09,VRE.N,29.9375,,
2017-05-09,VRE.N,29.9375,,623151200
2017-05-10,RYZ.N,,,3310332670
2017-05-16,VRE.N,,,624439000
2017-05-19,VRE.N,,,634495000
2017-05-22,MITK.OQ,10.16667,,
2017-05-24,MITK.OQ,10.125,,
2017-05-24,MITK.OQ,10.125,,44683400
2017-05-24,VRE.N,30.0625,,604497500
2017-06-13,VRE.N,,,608114330
2017-06-13,VRE.N,30.1875,,608114330
2017-06-15,PNFP.N,,,671956710
2017-06-22,RYZ.N,,,3278974500
2017-06-23,MITK.OQ,,,44723400
2017-07-04,VRE.N,30.1875,,
2017-07-05,RYZ.N,,2.6,
2017-07-05,RYZ.N,14.15,2.6,3281633330
2017-07-05,RYZ.N,,2.6,3281633330
2017-07-10,RYZ.N,13.85,,
2017-07-12,MITK.OQ,10.5,,
2017-07-12,VRE.N,,,605835750
2017-07-17,RYZ.N,14.3125,,3333966670
2017-07-17,VRE.N,30.0625,,
2017-07-17,RYZ.N,14.3125,,
2017-07-18,RYZ.N,,,3323750000
2017-07-19,PNFP.N,71.375,,687513860
2017-07-19,RYZ.N,13.9375,,3317750000
2017-07-20,PNFP.N,72.125,,690873430
2017-07-20,PNFP.N,72.125,,
2017-07-24,MITK.OQ,11.125,,
2017-07-24,PNFP.N,,,698687710
2017-07-25,PNFP.N,,,704208830
2017-07-27,MITK.OQ,,,44803400
2017-07-28,MITK.OQ,11.3125,,
2017-07-28,MITK.OQ,11.3125,,44998000
2017-08-03,MITK.OQ,,,44872500
2017-08-03,VRE.N,29.6875,,606391000
2017-08-03,VRE.N,,,606391000
2017-08-04,PNFP.N,72.25,,702890430
2017-08-04,RYZ.N,13.8125,,3309500000
2017-08-04,VRE.N,29.64286,,
2017-08-04,PNFP.N,,,702890430
2017-08-04,RYZ.N,13.8125,,
2017-08-07,RYZ.N,,,3337875000
2017-08-08,VRE.N,29.6875,,
2017-08-09,VRE.N,29.1875,,
2017-08-10,RYZ.N,,,3352800000
2017-08-14,MITK.OQ,12.3125,,44858000
2017-08-14,MITK.OQ,12.3125,,
2017-08-16,RYZ.N,13.4375,,
2017-08-17,VRE.N,,,611415600
2017-08-17,VRE.N,28.6875,,611415600
2017-08-18,VRE.N,28.3125,,
2017-08-22,VRE.N,28.1875,,
2017-08-22,VRE.N,28.1875,,611264800
2017-08-23,PNFP.N,71.875,2.44444,
2017-08-23,VRE.N,,,627608000
2017-08-23,PNFP.N,,2.44444,
2017-08-25,VRE.N,28.3125,,614831000
2017-08-25,VRE.N,28.3125,,
2017-08-28,PNFP.N,71.625,,
2017-09-01,PNFP.N,,,703819000
2017-09-05,MITK.OQ,,,44860800
2017-09-05,VRE.N,,2.66667,614907250
2017-09-06,RYZ.N,,,3330150000
2017-09-08,PNFP.N,,,701576140
2017-09-17,VRE.N,28.125,,
2017-09-18,PNFP.N,,,701390430
2017-09-20,VRE.N,27.9375,,
2017-09-25,MITK.OQ,,,44865000
2017-09-25,PNFP.N,71.5,,700356140
2017-09-25,PNFP.N,,,700356140
2017-09-27,PNFP.N,71.25,,
2017-10-01,VRE.N,27.75,,
2017-10-05,PNFP.N,71.5,,700056140
2017-10-12,MITK.OQ,,,44862200
2017-10-16,RYZ.N,12.6875,,
2017-10-16,RYZ.N,12.6875,,3330800000
2017-10-17,RYZ.N,,,3324300000
2017-10-18,PNFP.N,71.875,,700841860
2017-10-18,RYZ.N,,,3319880000
2017-10-19,PNFP.N,72.25,,702406140
2017-10-23,PNFP.N,,,704085860
2017-10-23,PNFP.N,72.5,,704085860
2017-11-03,MITK.OQ,12.1875,,44858000
2017-11-03,MITK.OQ,12.1875,,
2017-11-07,MITK.OQ,,,56666400
2017-11-08,MITK.OQ,12.25,,58509800
2017-11-08,PNFP.N,72.375,,
2017-11-08,RYZ.N,12.8125,,3327080000
2017-11-08,VRE.N,26.25,3.11111,613502500
2017-11-08,VRE.N,,3.11111,
2017-11-08,MITK.OQ,12.25,,
2017-11-08,VRE.N,26.25,3.11111,
2017-11-09,VRE.N,,,614277750
2017-11-10,RYZ.N,12.0625,,
2017-11-10,RYZ.N,12.0625,,3330040000
2017-11-13,VRE.N,25.875,,
2017-11-14,RYZ.N,,,3347000000
2017-11-14,VRE.N,,,624548500
2017-11-17,VRE.N,25.75,,
2017-11-20,RYZ.N,11.58333,2.8,
2017-11-20,RYZ.N,,2.8,
2017-11-26,MITK.OQ,,,58051200
2017-11-28,PNFP.N,72.875,,
2017-11-30,PNFP.N,73.125,,704014430
2017-12-03,VRE.N,,3.22222,
2017-12-04,STEL.N,,2.33333,
2017-12-04,STEL.N,31.66667,2.33333,122501000
2017-12-04,STEL.N,31.66667,2.33333,
2017-12-08,VRE.N,25.625,,
2017-12-18,VRE.N,24.85714,,
2017-12-21,PNFP.N,74.33333,2.3,703961380
2017-12-21,STEL.N,,,122801000
2017-12-21,PNFP.N,,2.3,
2017-12-27,PNFP.N,,,703889250
2017-12-27,STEL.N,,,133706000
2017-12-27,PNFP.N,75.11111,,703889250
2017-12-27,STEL.N,,,122927000
2018-01-04,PNFP.N,75.44444,,
2018-01-08,PNFP.N,76.22222,,
2018-01-08,VRE.N,24.85714,,
2018-01-09,PNFP.N,,,948817380
2018-01-09,RYZ.N,12.0,,3348750000
2018-01-09,RYZ.N,12.0,,
2018-01-10,VRE.N,24.0,,604432330
2018-01-10,VRE.N,,,604432330
2018-01-15,RYZ.N,,,3358375000
2018-01-16,PNFP.N,76.77778,,
2018-01-17,PNFP.N,76.0,,943190880
2018-01-17,RYZ.N,12.0,,
2018-01-18,PNFP.N,,,933605380
2018-01-18,PNFP.N,74.55556,,933605380
2018-01-19,PNFP.N,74.88889,,
2018-01-22,RYZ.N,11.625,,
2018-01-22,VRE.N,23.71429,,
2018-01-25,PNFP.N,75.5,,
2018-01-25,RYZ.N,,,3370200000
2018-01-25,RYZ.N,,,3641900000
2018-01-26,MITK.OQ,,,57988800
2018-01-30,VRE.N,,,608913250
2018-01-30,VRE.N,23.28571,,608913250
2018-01-31,STEL.N,32.33333,,
2018-02-01,STEL.N,32.5,,134672670
2018-02-01,STEL.N,32.5,,
2018-02-05,PNFP.N,,,932855750
2018-02-05,PNFP.N,75.75,2.1,932855750
2018-02-05,STEL.N,,,135182330
2018-02-05,VRE.N,23.14286,,
2018-02-08,VRE.N,,,608913250
2018-02-08,VRE.N,,,597149750
2018-02-15,PNFP.N,,2.0,
2018-02-15,PNFP.N,76.375,2.0,
2018-02-22,VRE.N,22.71429,,570998000
2018-02-23,VRE.N,,3.0,
2018-02-26,VRE.N,21.71429,,
2018-02-26,PNFP.N,76.625,,
2018-02-26,STEL.N,32.83333,,
2018-02-26,VRE.N,21.71429,,559288000
2018-02-28,VRE.N,,,523857500
2018-03-02,VRE.N,20.42857,,
2018-03-04,VRE.N,20.28571,,
2018-03-06,RYZ.N,11.4375,,
2018-03-06,RYZ.N,11.4375,,3665650000
2018-03-09,MITK.OQ,12.6,1.5,57824000
2018-03-09,MITK.OQ,12.6,1.5,
2018-03-09,MITK.OQ,,1.5,
2018-03-12,RYZ.N,,,3668925000
2018-03-14,RYZ.N,11.8125,,3712925000
2018-03-21,PNFP.N,74.33333,2.18182,929352890
2018-03-21,VRE.N,19.28571,,533157000
2018-03-21,PNFP.N,74.33333,2.18182,
2018-03-28,RYZ.N,11.3125,,3736600000
2018-03-28,VRE.N,20.0,,538325600
2018-03-28,RYZ.N,11.3125,,
2018-03-28,VRE.N,20.0,,
2018-04-05,RYZ.N,,,3736600000
2018-04-06,PNFP.N,,,929299560
2018-04-06,RYZ.N,11.125,,3778850000
2018-04-06,VRE.N,,,538556800
2018-04-06,RYZ.N,11.125,,
2018-04-10,PNFP.N,74.4,2.09091,
2018-04-10,RYZ.N,,,3794700000
2018-04-10,PNFP.N,,2.09091,
2018-04-13,VRE.N,19.9375,,
2018-04-16,RYZ.N,,,3821200000
2018-04-16,VRE.N,19.8125,,
2018-04-17,PNFP.N,73.36364,,929545890
2018-04-17,RYZ.N,,,3833050000
2018-04-18,PNFP.N,73.45455,1.81818,
2018-04-18,PNFP.N,73.45455,1.81818,929743330
2018-04-23,PNFP.N,,,934208570
2018-04-30,STEL.N,,,137482330
2018-05-01,MITK.OQ,,,58190670
2018-05-01,PNFP.N,,,930223750
2018-05-02,MITK.OQ,,,58889330
2018-05-03,RYZ.N,11.5,,3905300000
2018-05-03,STEL.N,,,137100000
2018-05-03,RYZ.N,11.5,,
2018-05-04,RYZ.N,,,3945600000
2018-05-06,VRE.N,,,539286600
2018-05-08,MITK.OQ,,,59267200
2018-05-09,PNFP.N,73.2,1.9,930223750
2018-05-09,VRE.N,,,537564400
2018-05-09,PNFP.N,,1.9,930223750
2018-05-09,PNFP.N,,1.9,
2018-05-18,VRE.N,,,550203000
2018-05-22,MITK.OQ,13.0,,
2018-05-22,VRE.N,,,546764000
2018-05-23,MITK.OQ,,,59947200
2018-05-23,PNFP.N,73.4,,
2018-05-23,RYZ.N,,,3947775000
2018-05-24,MITK.OQ,12.6,,
2018-05-24,MITK.OQ,12.6,,61694400
2018-05-25,MITK.OQ,,,62334400
2018-05-25,STEL.N,,,137262330
2018-05-31,PNFP.N,,,929348750
2018-06-03,RYZ.N,,,3945650000
2018-06-05,RYZ.N,,,3947650000
2018-06-08,PNFP.N,73.7,,928849000
2018-06-11,PNFP.N,73.8,,929613000
2018-06-11,PNFP.N,73.8,,
2018-06-21,VRE.N,20.0625,,
2018-06-25,VRE.N,20.1875,,
2018-06-26,STEL.N,33.66667,,
2018-06-27,VRE.N,20.4375,,
2018-06-28,VRE.N,,,547573000
2018-06-28,RYZ.N,,,4030060000
2018-06-28,VRE.N,19.78571,,547573000
2018-07-01,PNFP.N,,,929453000
2018-07-06,RYZ.N,,,4057766670
2018-07-08,RYZ.N,,3.0,
2018-07-08,RYZ.N,11.25,3.0,4101575000
2018-07-09,PNFP.N,73.7,,929113250
2018-07-10,RYZ.N,11.625,,
2018-07-10,PNFP.N,73.5,,929050750
2018-07-10,RYZ.N,11.625,,4113325000
2018-07-16,RYZ.N,,,4104260000
2018-07-17,VRE.N,19.92857,,
2018-07-18,PNFP.N,73.3,,
2018-07-18,PNFP.N,73.3,,929164380
2018-07-19,PNFP.N,,,931101500
2018-07-23,PNFP.N,,,934891500
2018-07-24,MITK.OQ,12.75,,
2018-07-26,STEL.N,34.0,,138062330
2018-07-27,MITK.OQ,13.4,,62511170
2018-07-27,STEL.N,34.66667,,139062330
2018-07-27,MITK.OQ,,,62511170
2018-07-30,STEL.N,37.0,,140240000
2018-07-30,STEL.N,,,140240000
2018-08-02,RYZ.N,11.5,,4214900000
2018-08-02,RYZ.N,11.5,,
2018-08-03,RYZ.N,,,4293700000
2018-08-03,VRE.N,,,548428250
2018-08-05,RYZ.N,,,4319700000
2018-08-08,VRE.N,,,533755500
2018-08-14,MITK.OQ,13.25,,
2018-08-14,RYZ.N,,,4313080000
2018-08-15,VRE.N,20.35714,,525131500
2018-08-15,VRE.N,,,525131500
2018-08-16,PNFP.N,,,934891500
2018-08-17,VRE.N,20.57143,,
2018-08-23,PNFP.N,,,934848000
2018-08-27,MITK.OQ,13.4,,
2018-08-28,MITK.OQ,,1.66667,
2018-08-28,MITK.OQ,13.75,1.66667,
2018-08-28,MITK.OQ,13.75,1.66667,62477670
2018-08-28,VRE.N,20.71429,,
2018-09-03,VRE.N,21.14286,,
2018-09-10,VRE.N,21.35714,,
2018-09-24,VRE.N,21.21429,,
2018-09-24,VRE.N,21.21429,,533602000
2018-09-25,PNFP.N,,,934635780
2018-09-25,STEL.N,37.33333,,
2018-09-27,VRE.N,,,537201500
2018-10-02,PNFP.N,72.5,,934029890
2018-10-02,RYZ.N,,,4325000000
2018-10-03,PNFP.N,72.4,,933694330
2018-10-05,VRE.N,,3.11111,
2018-10-09,STEL.N,,,140103330
2018-10-11,RYZ.N,,,4390400000
2018-10-12,VRE.N,21.07143,,
2018-10-15,RYZ.N,11.16667,,4387400000
2018-10-15,VRE.N,,,537375750
2018-10-15,RYZ.N,11.16667,,
2018-10-17,PNFP.N,70.6,,937530110
2018-10-17,RYZ.N,,,4400620000
2018-10-18,PNFP.N,69.2,,939815780
2018-10-21,PNFP.N,68.7,,941071330
2018-10-21,PNFP.N,68.7,,
2018-10-23,PNFP.N,,,942492750
2018-10-29,STEL.N,35.66667,,138955000
2018-10-29,STEL.N,35.66667,,151696000
2018-10-30,PNFP.N,68.35,,942004670
2018-10-30,PNFP.N,,,942004670
2018-11-01,MITK.OQ,,,83272500
2018-11-02,MITK.OQ,15.0,,84634000
2018-11-02,RYZ.N,10.41667,,4397420000
2018-11-02,MITK.OQ,15.0,,
2018-11-04,RYZ.N,,2.8,
2018-11-05,RYZ.N,10.0625,,
2018-11-05,RYZ.N,10.0625,,4392540000
2018-11-08,MITK.OQ,,,84500800
2018-11-08,RYZ.N,,,4393180000
2018-11-12,RYZ.N,10.08333,,
2018-11-14,PNFP.N,68.15,,
2018-11-20,VRE.N,,,535125750
2018-11-27,MITK.OQ,14.4,1.5,
2018-11-27,VRE.N,,,531167500
2018-11-27,MITK.OQ,,1.5,
2018-11-28,VRE.N,,,535050000
2018-11-28,VRE.N,21.35714,,535050000
2018-12-06,VRE.N,21.21429,,
2018-12-11,PNFP.N,67.95,,
2018-12-12,RYZ.N,9.83333,,4390980000
2018-12-19,PNFP.N,67.55,,
2018-12-26,PNFP.N,,,942003220
2018-12-28,VRE.N,,,539389000
2018-12-31,VRE.N,21.21429,,
2019-01-02,PNFP.N,66.45,,
2019-01-02,VRE.N,21.21429,,
2019-01-03,PNFP.N,65.05,,
2019-01-04,VRE.N,21.0,,
2019-01-07,PNFP.N,,1.8,
2019-01-07,PNFP.N,,1.8,942197670
2019-01-07,PNFP.N,64.05,1.8,942197670
2019-01-07,RYZ.N,9.16667,,4382240000
2019-01-08,PNFP.N,63.75,,
2019-01-09,PNFP.N,,,940848670
2019-01-15,VRE.N,,3.22222,
2019-01-15,VRE.N,,3.22222,539621000
2019-01-15,PNFP.N,63.15,,1023162670
2019-01-15,VRE.N,20.71429,3.22222,539621000
2019-01-16,PNFP.N,63.95,,1027976780
2019-01-17,PNFP.N,63.35,,1030176330
2019-01-17,PNFP.N,63.35,,
2019-01-19,VRE.N,20.57143,,
2019-01-21,PNFP.N,,,1032060780
2019-01-22,RYZ.N,8.91667,,4382640000
2019-01-22,RYZ.N,8.91667,,4857980000
2019-01-28,VRE.N,20.42857,,551389250
2019-01-28,VRE.N,20.42857,,
2019-01-28,VRE.N,20.42857,,537969750
2019-01-29,MITK.OQ,,,84448000
2019-01-30,MITK.OQ,,,84561670
2019-01-31,STEL.N,36.0,,153196000
2019-02-04,STEL.N,,,152741670
2019-02-04,STEL.N,35.66667,,152741670
2019-02-05,PNFP.N,64.15,,
2019-02-21,VRE.N,,,554944250
2019-02-24,STEL.N,35.33333,,
2019-02-26,VRE.N,,,560177750
2019-02-27,PNFP.N,,,1034183000
2019-02-27,PNFP.N,64.35,,1034183000
2019-02-27,VRE.N,,,553570330
2019-02-28,VRE.N,20.57143,,
2019-03-06,STEL.N,,,152630330
2019-03-06,RYZ.N,8.875,,4839700000
2019-03-06,STEL.N,35.0,,152630330
2019-03-10,RYZ.N,9.25,,4794900000
2019-03-10,RYZ.N,9.25,,
2019-03-12,RYZ.N,,,4868800000
2019-03-18,VRE.N,,3.125,565255670
2019-03-18,VRE.N,,,565255670
2019-03-19,VRE.N,21.25,2.875,
2019-03-19,VRE.N,,2.875,
2019-03-26,MITK.OQ,15.0,,
2019-03-27,STEL.N,34.66667,,
2019-03-27,VRE.N,,,555941750
2019-04-04,PNFP.N,64.75,,
2019-04-09,RYZ.N,,3.0,
2019-04-09,RYZ.N,,3.0,4865275000
2019-04-09,VRE.N,21.5,,
2019-04-10,PNFP.N,,,1033784110
2019-04-16,VRE.N,,2.625,
2019-04-16,PNFP.N,65.75,,1025270330
2019-04-16,VRE.N,21.875,2.625,
2019-04-17,PNFP.N,65.38889,1.9,1022061780
2019-04-17,PNFP.N,65.38889,1.9,
2019-04-22,PNFP.N,,,1021550670
2019-04-24,VRE.N,22.0,,555490250
2019-04-24,VRE.N,22.0,,
2019-05-01,MITK.OQ,,,84686000
2019-05-01,STEL.N,,3.0,
2019-05-02,MITK.OQ,14.9,,85113500
2019-05-02,RYZ.N,10.0,,4844425000
2019-05-02,VRE.N,,,557740500
2019-05-02,RYZ.N,10.0,,
2019-05-08,RYZ.N,,,4805233330
2019-05-08,STEL.N,33.66667,,153363670
2019-05-08,VRE.N,,,556089000
2019-05-10,STEL.N,33.0,,
2019-05-10,STEL.N,33.0,,153663670
2019-05-14,VRE.N,,,567654000
2019-05-15,RYZ.N,,,4729175000
2019-05-16,STEL.N,,,154811670
2019-05-23,VRE.N,,,549265500
2019-05-28,MITK.OQ,15.125,1.6,85176200
2019-05-28,MITK.OQ,15.125,1.6,
2019-05-28,MITK.OQ,,1.6,
2019-05-29,RYZ.N,,,4707650000
2019-06-10,RYZ.N,9.66667,,4696400000
2019-06-11,VRE.N,,,547541000
2019-06-12,VRE.N,22.125,,
2019-06-13,PNFP.N,,,1021550670
2019-06-13,PNFP.N,65.4375,2.0,1021550670
2019-06-13,VRE.N,22.625,,
2019-06-24,PNFP.N,65.38889,1.9,
2019-06-24,PNFP.N,,1.9,
2019-06-26,STEL.N,32.66667,,
2019-06-27,PNFP.N,,,1021207110
2019-07-01,PNFP.N,65.5,,1020461560
2019-07-07,PNFP.N,65.27778,,
2019-07-07,STEL.N,32.0,,
2019-07-08,PNFP.N,,,1018837110
2019-07-09,PNFP.N,64.94444,2.1,1017543780
2019-07-09,STEL.N,30.66667,,154444000
2019-07-09,VRE.N,22.875,,546608500
2019-07-09,PNFP.N,,2.1,
2019-07-09,STEL.N,30.66667,,
2019-07-09,VRE.N,22.875,,
2019-07-10,RYZ.N,9.5,,4680440000
2019-07-12,VRE.N,,,541886800
2019-07-15,RYZ.N,9.875,,4656640000
2019-07-15,VRE.N,23.125,,536582400
2019-07-15,VRE.N,23.125,,
2019-07-17,PNFP.N,64.83333,,1031650120
2019-07-17,RYZ.N,9.5625,,4639040000
2019-07-18,PNFP.N,65.11111,,1041613450
2019-07-18,PNFP.N,65.11111,,
2019-07-23,PNFP.N,,,1043523880
2019-07-25,STEL.N,,,154410670
2019-07-26,MITK.OQ,,,84763000
2019-07-29,STEL.N,31.0,,154344000
2019-07-29,STEL.N,31.0,,
2019-07-30,STEL.N,,,154321670
2019-08-02,PNFP.N,,,1043079380
2019-08-05,PNFP.N,65.44444,,
2019-08-05,PNFP.N,65.44444,,1044691670
2019-08-06,RYZ.N,9.0625,,4622080000
2019-08-08,VRE.N,,,531396800
2019-08-13,VRE.N,23.5,,
2019-08-16,VRE.N,23.8125,2.77778,531396800
2019-08-16,VRE.N,,2.77778,
2019-08-20,RYZ.N,9.0,,4601880000
2019-08-21,VRE.N,23.94444,,530196800
2019-08-23,RYZ.N,8.5,,4579240000
2019-08-29,PNFP.N,,,1044669440
2019-08-29,VRE.N,23.83333,,530783000
2019-08-29,VRE.N,,,530783000
2019-09-05,STEL.N,30.33333,,
2019-09-06,VRE.N,23.61111,,
2019-09-11,PNFP.N,,,1043935560
2019-09-12,PNFP.N,65.11111,,1043746670
2019-09-12,PNFP.N,65.11111,,
2019-09-13,PNFP.N,,,1043635560
2019-09-17,PNFP.N,64.88889,,
2019-09-18,PNFP.N,64.6,2.18182,1044172000
2019-09-18,PNFP.N,,2.18182,
2019-09-18,PNFP.N,64.6,2.18182,
2019-09-24,PNFP.N,,,1044747600
2019-09-26,PNFP.N,,,1044559600
2019-09-30,PNFP.N,64.5,,
2019-09-30,PNFP.N,64.5,,1044335600
2019-09-30,STEL.N,,,154274000
2019-10-02,RYZ.N,8.25,,4569760000
2019-10-04,PNFP.N,,,1044065600
2019-10-09,VRE.N,23.72222,,530383000
2019-10-09,VRE.N,23.72222,,
2019-10-16,PNFP.N,64.6,,1051538900
2019-10-16,RYZ.N,8.0,,4567760000
2019-10-17,PNFP.N,64.9,,
2019-10-17,PNFP.N,64.9,,1055544300
2019-10-20,PNFP.N,,,1058723300
2019-10-22,VRE.N,,,529272200
2019-10-25,STEL.N,30.66667,,153222330
2019-10-25,STEL.N,,,153222330
2019-10-30,RYZ.N,8.25,,
2019-10-30,PNFP.N,,,1057046300
2019-10-30,RYZ.N,8.25,,4541160000
2019-10-30,VRE.N,,,529110800
2019-10-31,MITK.OQ,,,84656000
2019-10-31,RYZ.N,,,4531860000
2019-10-31,MITK.OQ,,,100642400
2019-11-01,VRE.N,23.5,,
2019-11-04,MITK.OQ,15.125,,
2019-11-08,MITK.OQ,13.0,1.75,
2019-11-08,MITK.OQ,13.0,1.75,99987750
2019-11-11,RYZ.N,8.75,,
2019-11-11,MITK.OQ,,,99937750
2019-11-11,RYZ.N,8.75,,4529480000
2019-11-12,RYZ.N,,,4529620000
2019-11-15,MITK.OQ,11.5,2.0,
2019-11-15,MITK.OQ,,2.0,
2019-11-18,MITK.OQ,10.5,,
2019-11-26,VRE.N,,,528753000
2019-11-26,RYZ.N,,,4529700000
2019-11-26,VRE.N,23.61111,,528753000
2019-12-09,PNFP.N,65.2,,
2019-12-09,STEL.N,31.0,,
2019-12-11,PNFP.N,,2.27273,
2019-12-13,PNFP.N,,2.3,
2019-12-13,PNFP.N,64.33333,2.3,1054907000
2019-12-16,PNFP.N,65.0,,1054753000
2019-12-16,STEL.N,31.33333,,
2019-12-17,PNFP.N,66.0,,1054530780
2019-12-17,PNFP.N,,,1054530780
2019-12-18,PNFP.N,66.55556,,
2019-12-18,VRE.N,23.05556,2.88889,
2019-12-18,VRE.N,,2.88889,
2019-12-19,PNFP.N,67.11111,,
2019-12-20,MITK.OQ,,,100096000
2019-12-20,VRE.N,23.33333,,
2020-01-02,PNFP.N,68.11111,,
2020-01-02,STEL.N,32.0,,
2020-01-06,MITK.OQ,,2.2,100149400
2020-01-06,PNFP.N,68.66667,2.3,1052857250
2020-01-06,STEL.N,32.0,3.0,153083500
2020-01-06,VRE.N,24.0,2.88889,537916250
2020-01-06,MITK.OQ,,2.2,
2020-01-06,PNFP.N,,2.3,1052857250
2020-01-06,STEL.N,32.0,3.0,153766500
2020-01-06,VRE.N,,2.88889,
2020-01-06,PNFP.N,,2.3,1118607750
2020-01-06,STEL.N,,3.0,
2020-01-06,PNFP.N,,2.3,
2020-01-07,PNFP.N,69.22222,,
2020-01-08,PNFP.N,,,1052544750
2020-01-09,RYZ.N,8.875,,4527620000
2020-01-13,VRE.N,24.11111,,531146500
2020-01-13,VRE.N,,,531146500
2020-01-15,VRE.N,24.22222,,
2020-01-20,RYZ.N,9.875,,4527420000
2020-01-20,RYZ.N,9.875,,
2020-01-20,RYZ.N,9.875,,4330920000
2020-01-22,PNFP.N,,,1116326670
2020-01-23,PNFP.N,68.625,,1117200000
2020-01-24,MITK.OQ,10.83333,,
2020-01-27,PNFP.N,69.25,,
2020-01-27,PNFP.N,69.25,,1113522220
2020-01-30,STEL.N,31.0,,153520330
2020-01-30,STEL.N,31.0,,
2020-01-31,MITK.OQ,,,100272800
2020-01-31,STEL.N,,,153687000
2020-02-16,VRE.N,,,528320330
2020-02-20,VRE.N,,,535987000
2020-02-25,VRE.N,24.11111,,537166330
2020-02-25,VRE.N,,,512657500
2020-02-25,VRE.N,24.11111,,512657500
2020-02-26,PNFP.N,,,1113211110
2020-02-27,VRE.N,23.77778,,
2020-03-01,VRE.N,,,467075750
2020-03-02,PNFP.N,68.75,,1111731780
2020-03-05,RYZ.N,,,4274340000
2020-03-06,PNFP.N,67.875,,1109347110
2020-03-06,RYZ.N,10.16667,,4256540000
2020-03-06,STEL.N,30.0,,151787000
2020-03-06,RYZ.N,10.16667,,
2020-03-09,PNFP.N,67.375,,1107915110
2020-03-10,RYZ.N,,,4214840000
2020-03-11,RYZ.N,,,4154550000
2020-03-12,VRE.N,23.44444,,
2020-03-13,RYZ.N,,3.0,
2020-03-13,RYZ.N,9.0,3.0,4154550000
2020-03-16,PNFP.N,63.625,,
2020-03-16,PNFP.N,63.625,,1102937560
2020-03-16,STEL.N,27.33333,,149054330
2020-03-17,PNFP.N,,,1101448670
2020-03-18,MITK.OQ,10.16667,,99792800
2020-03-18,PNFP.N,61.125,,1096793110
2020-03-18,VRE.N,23.11111,,
2020-03-20,VRE.N,,2.75,
2020-03-20,VRE.N,,2.75,449964330
2020-03-20,VRE.N,23.625,2.75,449964330
2020-03-23,VRE.N,23.375,,
2020-03-24,VRE.N,,,442275000
2020-03-24,VRE.N,22.5,,442275000
2020-03-25,MITK.OQ,10.625,1.8,99407400
2020-03-25,PNFP.N,59.625,,1094870890
2020-03-25,STEL.N,25.0,,148254330
2020-03-25,VRE.N,22.0,2.875,
2020-03-25,MITK.OQ,,1.8,
2020-03-25,MITK.OQ,10.625,1.8,
2020-03-25,PNFP.N,,,1094870890
2020-03-25,VRE.N,,2.875,
2020-03-29,RYZ.N,8.0,,
2020-03-29,RYZ.N,8.0,,3999600000
2020-03-30,PNFP.N,57.125,,
2020-03-31,STEL.N,22.0,,
2020-03-31,MITK.OQ,,,98566400
2020-03-31,PNFP.N,55.25,,1086993110
2020-03-31,STEL.N,22.0,,145787670
2020-04-02,PNFP.N,51.75,,1083237560
2020-04-06,PNFP.N,46.75,,1071255780
2020-04-07,VRE.N,20.875,,
2020-04-10,VRE.N,,,409912500
2020-04-17,MITK.OQ,,,97450400
2020-04-17,RYZ.N,,,3855600000
2020-04-17,VRE.N,20.6875,,
2020-04-21,PNFP.N,45.5,,1076490000
2020-04-22,PNFP.N,45.625,,1085068560
2020-04-23,PNFP.N,45.25,,
2020-04-23,PNFP.N,45.25,,1099957440
2020-04-27,PNFP.N,,,1110023380
2020-04-27,VRE.N,20.4375,,
2020-04-30,MITK.OQ,,,96923600
2020-04-30,STEL.N,,,147454330
2020-05-01,MITK.OQ,11.375,,95328000
2020-05-01,STEL.N,,,148135670
2020-05-01,MITK.OQ,11.375,,
2020-05-04,STEL.N,22.33333,,
2020-05-04,PNFP.N,45.5,,
2020-05-04,STEL.N,22.33333,,150002330
2020-05-04,VRE.N,20.5,,
2020-05-06,VRE.N,19.78571,,406008330
2020-05-07,RYZ.N,7.5,,
2020-05-07,RYZ.N,7.5,,3764650000
2020-05-10,VRE.N,,,403095670
2020-05-11,VRE.N,19.64286,,
2020-05-12,STEL.N,,2.33333,
2020-05-13,RYZ.N,,,3483000000
2020-05-13,VRE.N,,,368759000
2020-05-14,PNFP.N,45.0625,,1110959670
2020-05-15,VRE.N,,,381769670
2020-05-15,VRE.N,19.42857,,381769670
2020-05-19,RYZ.N,6.0,,
2020-05-19,RYZ.N,6.0,,3491433330
2020-05-21,PNFP.N,45.375,,1112849670
2020-05-21,PNFP.N,45.375,,
2020-05-31,PNFP.N,,,1115160780
2020-06-05,VRE.N,19.42857,,
2020-06-09,VRE.N,19.57143,,
2020-06-10,PNFP.N,,,1115016330
2020-06-11,RYZ.N,,,3498400000
2020-06-15,PNFP.N,45.875,,
2020-06-17,PNFP.N,46.11111,2.2,1111630880
2020-06-17,PNFP.N,46.11111,2.2,
2020-06-17,PNFP.N,,2.2,
2020-06-29,PNFP.N,,,1112439630
2020-06-30,PNFP.N,46.88889,,1112690130
2020-06-30,STEL.N,,,149269000
2020-07-01,PNFP.N,46.7,,1118040130
2020-07-01,STEL.N,,,148669000
2020-07-07,PNFP.N,47.2,,1123739250
2020-07-08,RYZ.N,,,3507300000
2020-07-08,VRE.N,,,378516000
2020-07-09,STEL.N,22.66667,,151268330
2020-07-12,VRE.N,19.42857,,
2020-07-13,RYZ.N,6.0,3.0,
2020-07-13,RYZ.N,,3.0,
2020-07-13,RYZ.N,6.0,3.0,3462633330
2020-07-16,VRE.N,,2.85714,
2020-07-16,VRE.N,19.5,2.85714,378516000
2020-07-20,VRE.N,19.16667,,376116000
2020-07-22,PNFP.N,46.5,,1126313250
2020-07-22,PNFP.N,46.5,,
2020-07-23,PNFP.N,,,1122488250
2020-07-27,PNFP.N,46.7,,
2020-07-27,PNFP.N,46.7,,1123300750
2020-07-28,PNFP.N,,,1114761200
2020-07-30,MITK.OQ,,,96943600
2020-07-30,PNFP.N,47.6,,1114867670
2020-07-30,RYZ.N,,,3422800000
2020-07-30,STEL.N,22.0,,147535000
2020-07-31,MITK.OQ,,,98142800
2020-07-31,STEL.N,21.66667,,
2020-07-31,MITK.OQ,11.625,,98142800
2020-07-31,STEL.N,21.66667,,145363000
2020-08-03,RYZ.N,6.5,,
2020-08-03,VRE.N,19.0,,368113000
2020-08-03,VRE.N,,,368113000
2020-08-04,RYZ.N,,,3444633330
2020-08-04,VRE.N,17.66667,3.0,
2020-08-04,VRE.N,,3.0,
2020-08-05,RYZ.N,,,3412800000
2020-08-14,RYZ.N,,,3410766670
2020-08-14,STEL.N,,,145055670
2020-08-21,VRE.N,,,359195670
2020-08-21,VRE.N,17.33333,,359195670
2020-08-24,VRE.N,17.0,,
2020-08-28,VRE.N,16.85714,,
2020-09-15,RYZ.N,,,3409066670
2020-09-21,MITK.OQ,12.125,,
2020-09-21,STEL.N,,2.0,
2020-09-29,PNFP.N,48.2,,
2020-09-29,PNFP.N,48.2,,1115718170
2020-09-30,PNFP.N,,,1115979830
2020-09-30,STEL.N,,,144655670
2020-10-01,PNFP.N,47.8,,1120097000
2020-10-01,RYZ.N,,,3407300000
2020-10-01,PNFP.N,47.8,,
2020-10-08,PNFP.N,,,1118368430
2020-10-09,STEL.N,,,143736330
2020-10-12,VRE.N,16.42857,,
2020-10-13,VRE.N,,,360203670
2020-10-15,MITK.OQ,12.75,,
2020-10-19,MITK.OQ,13.66667,1.5,97541750
2020-10-19,MITK.OQ,,1.5,115580000
2020-10-19,MITK.OQ,,1.5,
2020-10-21,PNFP.N,48.8,,1147321860
2020-10-21,VRE.N,16.28571,,353170330
2020-10-21,VRE.N,,,353170330
2020-10-22,PNFP.N,49.9,,1158236140
2020-10-29,RYZ.N,7.5,,
2020-10-29,STEL.N,,,143103000
2020-10-30,RYZ.N,,,3426333330
2020-10-30,STEL.N,22.0,,142818330
2020-10-30,STEL.N,,,142818330
2020-11-02,RYZ.N,9.0,,3451100000
2020-11-04,VRE.N,16.14286,,
2020-11-05,MITK.OQ,14.0,,
2020-11-05,VRE.N,,,353588000
2020-11-06,MITK.OQ,16.33333,,115869500
2020-11-06,PNFP.N,50.2,,1157836140
2020-11-16,PNFP.N,,2.0,1157985130
2020-11-16,PNFP.N,,,1157985130
2020-11-16,PNFP.N,52.0,2.0,1157985130
2020-11-18,PNFP.N,52.8,,
2020-11-18,STEL.N,23.0,,
2020-11-27,VRE.N,16.28571,,
2020-11-30,PNFP.N,53.6,,
2020-11-30,VRE.N,,,353588000
2020-12-03,VRE.N,,3.33333,
2020-12-09,VRE.N,16.14286,,
2020-12-10,PNFP.N,54.6,,
2020-12-10,VRE.N,,,338119670
2020-12-11,VRE.N,16.07143,,
2020-12-15,PNFP.N,57.3,1.9,
2020-12-15,VRE.N,16.21429,,331486330
2020-12-15,PNFP.N,,1.9,
2020-12-15,VRE.N,,,331486330
2020-12-18,PNFP.N,,,1158085130
2020-12-18,PNFP.N,59.1,,1158085130
2020-12-18,STEL.N,24.66667,,
2020-12-23,PNFP.N,60.7,,
2020-12-28,PNFP.N,,,1158114630
2020-12-28,PNFP.N,61.7,,1158114630
2020-12-28,STEL.N,26.66667,,
2021-01-04,PNFP.N,,2.0,
2021-01-04,PNFP.N,63.4,2.0,
2021-01-07,PNFP.N,,,1157039630
2021-01-07,STEL.N,,,140306330
2021-01-08,PNFP.N,64.7,,1157072130
2021-01-08,RYZ.N,11.5,,3458433330
2021-01-08,VRE.N,16.14286,,
2021-01-08,PNFP.N,,,1157072130
2021-01-08,RYZ.N,11.5,,
2021-01-08,PNFP.N,,,1183590220
2021-01-09,PNFP.N,67.0,,
2021-01-12,VRE.N,16.0,,
2021-01-20,PNFP.N,75.4,,1219836780
2021-01-21,PNFP.N,77.0,,1231255780
2021-01-21,PNFP.N,,,1231255780
2021-01-22,VRE.N,16.14286,,
2021-01-22,MITK.OQ,18.5,1.6,114907400
2021-01-22,PNFP.N,77.88889,,
2021-01-22,VRE.N,16.14286,,293463000
2021-01-26,MITK.OQ,19.33333,1.75,114890500
2021-01-26,RYZ.N,,,3496400000
2021-01-26,MITK.OQ,,1.75,
2021-01-26,RYZ.N,,,3963550000
2021-01-28,STEL.N,28.0,2.33333,140739670
2021-01-28,STEL.N,28.0,,
2021-01-29,STEL.N,,3.0,
2021-01-29,MITK.OQ,22.0,,115679000
2021-01-29,STEL.N,,3.0,139530670
2021-02-25,RYZ.N,,,3963550000
2021-03-01,VRE.N,,,293901670
2021-03-02,PNFP.N,,,1232922440
2021-03-02,RYZ.N,,,4050250000
2021-03-02,VRE.N,16.0,,328059500
2021-03-05,VRE.N,16.16667,,319373000
2021-03-05,VRE.N,,,319373000
2021-03-08,PNFP.N,80.0,,
2021-03-12,RYZ.N,14.25,,4239300000
2021-03-17,PNFP.N,81.77778,,1233231000
2021-03-29,VRE.N,16.5,,
2021-03-30,PNFP.N,83.33333,,1234193220
2021-03-30,VRE.N,,,318740000
2021-03-31,PNFP.N,84.66667,,1235937670
2021-03-31,STEL.N,29.66667,,
2021-03-31,PNFP.N,,,1235937670
2021-04-06,PNFP.N,85.77778,,
2021-04-07,PNFP.N,90.11111,,
2021-04-07,PNFP.N,90.11111,,1234893220
2021-04-07,STEL.N,31.0,,
2021-04-08,STEL.N,32.0,,
2021-04-08,PNFP.N,,,1239780220
2021-04-08,STEL.N,32.0,,141421000
2021-04-12,RYZ.N,15.25,,4366650000
2021-04-14,VRE.N,17.0,,
2021-04-16,MITK.OQ,,1.6,
2021-04-16,MITK.OQ,21.5,1.6,
2021-04-16,RYZ.N,,3.0,
2021-04-16,MITK.OQ,21.5,1.6,116223200
2021-04-16,RYZ.N,14.5,3.0,4345300000
2021-04-19,VRE.N,16.83333,,298430000
2021-04-20,PNFP.N,91.66667,,1255417000
2021-04-21,PNFP.N,94.44444,2.0,1266325890
2021-04-21,PNFP.N,,2.0,
2021-04-22,PNFP.N,95.11111,,1270154780
2021-04-22,PNFP.N,,,1270154780
2021-04-29,STEL.N,,,143854330
2021-04-30,MITK.OQ,,,117674600
2021-04-30,STEL.N,32.33333,,144054330
2021-04-30,STEL.N,32.33333,,
2021-05-03,MITK.OQ,,,118644800
2021-05-04,STEL.N,,,142996330
2021-05-06,VRE.N,,3.0,
2021-05-11,VRE.N,17.33333,,
2021-05-11,VRE.N,17.33333,,287501000
2021-05-14,RYZ.N,15.5,,5035500000
2021-05-19,PNFP.N,96.0,,
2021-05-21,PNFP.N,96.7,2.0,
2021-05-21,PNFP.N,,2.0,
2021-05-21,PNFP.N,96.7,2.0,1267909300
2021-05-26,VRE.N,,,287501000
2021-05-27,VRE.N,17.75,,
2021-06-07,VRE.N,15.3,,
2021-06-24,VRE.N,16.1,,
2021-06-25,PNFP.N,,,1268609300
2021-06-25,VRE.N,,,304168000
2021-06-29,PNFP.N,96.6,,1268867300
2021-06-30,MITK.OQ,22.125,,
2021-07-08,PNFP.N,96.8,,1269602900
2021-07-08,STEL.N,31.66667,,143737000
2021-07-13,VRE.N,,,305252000
2021-07-21,PNFP.N,99.7,,1298711800
2021-07-21,VRE.N,17.75,,
2021-07-22,PNFP.N,,,1306289800
2021-07-22,PNFP.N,100.90909,,1306289800
2021-07-23,PNFP.N,101.09091,,
2021-07-27,PNFP.N,,,1314391130
2021-07-29,MITK.OQ,22.75,,118639400
2021-07-29,STEL.N,30.0,,142903670
2021-07-30,STEL.N,29.66667,,
2021-07-30,MITK.OQ,23.5,,119428600
2021-07-30,STEL.N,29.66667,,142131330
2021-08-03,PNFP.N,,,1314928780
2021-08-03,VRE.N,,,317517000
2021-08-03,PNFP.N,101.27273,,1314928780
2021-08-03,VRE.N,17.91667,,317517000
2021-08-06,VRE.N,18.08333,,
2021-08-08,RYZ.N,20.0,,
2021-08-08,RYZ.N,20.0,,5637000000
2021-08-09,VRE.N,18.07143,,
2021-08-12,MITK.OQ,,1.66667,
2021-08-12,MITK.OQ,24.2,1.66667,119794830
2021-08-12,VRE.N,18.21429,,
2021-08-16,RYZ.N,,,5502500000
2021-08-18,MITK.OQ,25.0,,119801330
2021-09-06,PNFP.N,102.18182,,
2021-09-15,VRE.N,,,318625000
2021-09-15,PNFP.N,102.36364,,
2021-09-15,VRE.N,18.35714,,318625000
2021-09-26,VRE.N,18.07143,,
2021-09-28,PNFP.N,,,1313039890
2021-09-29,PNFP.N,,,1312895440
2021-09-29,STEL.N,,,141631330
2021-09-30,MITK.OQ,,1.6,
2021-09-30,MITK.OQ,25.75,1.6,119656200
2021-09-30,MITK.OQ,25.75,1.6,138357400
2021-09-30,MITK.OQ,25.75,1.6,
2021-10-04,PNFP.N,,,1312937670
2021-10-07,PNFP.N,,,1311239300
2021-10-12,VRE.N,18.35714,,
2021-10-13,PNFP.N,109.6,,1327886300
2021-10-13,VRE.N,,,318564500
2021-10-14,PNFP.N,114.1,,1340149300
2021-10-14,PNFP.N,114.1,,
2021-10-28,STEL.N,29.33333,,141164670
2021-10-28,STEL.N,29.33333,,
2021-11-01,PNFP.N,,,1339839300
2021-11-02,STEL.N,,,140974670
2021-11-05,MITK.OQ,,,138254800
2021-11-08,STEL.N,30.33333,,
2021-11-09,STEL.N,32.0,,
2021-11-10,VRE.N,,,322450500
2021-11-10,PNFP.N,116.6,,1339868200
2021-11-10,VRE.N,18.5,,322450500
2021-11-12,STEL.N,33.33333,,
2021-11-17,MITK.OQ,,,138200600
2021-12-03,VRE.N,18.71429,,
2021-12-07,VRE.N,18.85714,,327967000
2021-12-07,VRE.N,18.85714,,
2021-12-08,RYZ.N,,,5368000000
2021-12-09,VRE.N,,,332344000
2021-12-10,VRE.N,19.33333,3.0,332344000
2021-12-10,VRE.N,,3.0,
2021-12-13,PNFP.N,117.0,,1339866800
2021-12-13,STEL.N,33.0,,140976000
2021-12-13,PNFP.N,,,1339866800
2021-12-13,STEL.N,,,140976000
2021-12-14,VRE.N,,,332344000
2021-12-14,VRE.N,19.14286,,332344000
2021-12-15,PNFP.N,116.5,,
2021-12-15,VRE.N,19.33333,,
2021-12-21,VRE.N,,,327538670
2022-01-02,VRE.N,19.5,,
2022-01-04,PNFP.N,,,1339884800
2022-01-07,PNFP.N,,,1340112800
2022-01-07,PNFP.N,116.7,,1340112800
2022-01-10,PNFP.N,117.2,,1415086600
2022-01-10,STEL.N,33.66667,,
2022-01-10,PNFP.N,117.2,,
2022-01-12,STEL.N,,,253402000
2022-01-18,VRE.N,19.66667,,
2022-01-19,PNFP.N,119.4,,1448788500
2022-01-20,PNFP.N,121.9,,
2022-01-20,PNFP.N,121.9,,1469400600
2022-01-28,MITK.OQ,,,138817600
2022-01-31,STEL.N,34.33333,,267574500
2022-01-31,STEL.N,34.33333,,
2022-02-02,STEL.N,,,226083000
2022-02-07,MITK.OQ,,,139413200
2022-02-07,STEL.N,,,267574500
2022-02-22,VRE.N,,,314332500
2022-02-22,VRE.N,,,327538670
2022-02-25,VRE.N,19.5,,322671500
2022-02-25,VRE.N,19.5,,
2022-03-01,VRE.N,,,325959500
2022-03-07,VRE.N,,3.0,
2022-03-09,STEL.N,34.66667,,
2022-03-09,PNFP.N,,,1470750600
2022-03-09,STEL.N,34.66667,,227383000
2022-03-15,STEL.N,,,267574500
2022-03-16,PNFP.N,122.0,,1471014600
2022-03-21,PNFP.N,120.5,,
2022-03-21,PNFP.N,120.5,,1473601600
2022-03-23,VRE.N,19.16667,,350269000
2022-03-23,VRE.N,19.16667,,
2022-03-30,PNFP.N,,,1476641600
2022-03-31,PNFP.N,119.5,,1478546600
2022-03-31,VRE.N,,,337512670
2022-04-01,PNFP.N,119.44444,2.0,1487685110
2022-04-07,PNFP.N,,2.09091,
2022-04-07,PNFP.N,117.5,2.09091,1488285900
2022-04-13,PNFP.N,116.1,,1492484800
2022-04-13,STEL.N,34.33333,,276814500
2022-04-19,PNFP.N,112.5,,1505022200
2022-04-20,MITK.OQ,24.75,,
2022-04-20,PNFP.N,111.6,,1506229500
2022-04-20,PNFP.N,,,1506229500
2022-04-21,PNFP.N,110.1,,
2022-04-29,MITK.OQ,23.5,,140484600
2022-04-29,STEL.N,33.66667,,241520670
2022-04-29,STEL.N,33.66667,,
2022-05-04,STEL.N,,,285231000
2022-05-05,VRE.N,19.16667,,
2022-05-10,VRE.N,18.83333,,
2022-05-16,VRE.N,18.8,,333512670
2022-05-18,PNFP.N,109.5,,
2022-05-20,MITK.OQ,21.75,,140585000
2022-05-20,MITK.OQ,,,140585000
2022-05-24,MITK.OQ,20.5,,
2022-06-02,PNFP.N,108.0,,
2022-06-06,STEL.N,,,287105500
2022-06-10,PNFP.N,105.4,,1506029500
2022-06-13,VRE.N,18.6,,325876330
2022-06-13,VRE.N,,,325876330
2022-06-15,PNFP.N,104.6,,
2022-06-15,PNFP.N,104.6,,1507569600
2022-06-22,VRE.N,18.0,,
2022-06-23,VRE.N,17.6,,327023670
2022-06-23,VRE.N,,,327023670
2022-06-24,VRE.N,17.0,,
2022-06-29,PNFP.N,,,1510759600
2022-06-29,STEL.N,,,274755500
2022-07-01,PNFP.N,,,1515559600
2022-07-07,PNFP.N,104.18182,2.0,1518432900
2022-07-07,VRE.N,16.41667,,
2022-07-07,PNFP.N,,2.0,1518432900
2022-07-08,PNFP.N,102.81818,,
2022-07-11,PNFP.N,101.09091,2.18182,1519263600
2022-07-11,PNFP.N,,2.18182,
2022-07-13,PNFP.N,99.72727,,1517586300
2022-07-13,STEL.N,32.66667,,278333500
2022-07-13,PNFP.N,,,1517586300
2022-07-18,PNFP.N,97.18182,,
2022-07-20,PNFP.N,97.81818,,1526998400
2022-07-21,PNFP.N,,,1546141700
2022-07-21,PNFP.N,97.27273,,1546141700
2022-07-24,RYZ.N,,,6164200000
2022-07-25,PNFP.N,97.0,,
2022-07-26,PNFP.N,96.18182,,
2022-07-26,PNFP.N,96.18182,,1552303700
2022-07-28,MITK.OQ,,,141636800
2022-07-29,MITK.OQ,18.0,,145106200
2022-07-29,STEL.N,33.66667,,230589000
2022-07-29,MITK.OQ,,,145106200
2022-08-01,VRE.N,,,323442750
2022-08-01,STEL.N,34.66667,,254549000
2022-08-01,VRE.N,16.08333,,323442750
2022-08-08,RYZ.N,,,6196950000
2022-08-10,VRE.N,15.91667,,
2022-08-15,RYZ.N,,2.5,
2022-08-15,RYZ.N,35.0,2.5,6267350000
2022-08-15,RYZ.N,35.0,2.5,
2022-08-19,VRE.N,16.58333,,
2022-08-19,VRE.N,16.58333,,328906750
2022-08-24,VRE.N,,,329302500
2022-09-02,VRE.N,,,332535000
2022-09-02,VRE.N,16.35714,,332535000
2022-09-07,VRE.N,16.57143,,
2022-09-14,PNFP.N,,,1552473000
2022-09-23,VRE.N,16.71429,,
2022-09-28,PNFP.N,,,1552043000
2022-10-03,VRE.N,16.42857,,315001250
2022-10-04,PNFP.N,,,1551943000
2022-10-06,PNFP.N,,,1555514800
2022-10-06,STEL.N,,2.75,
2022-10-06,PNFP.N,97.0,,1555514800
2022-10-06,STEL.N,34.25,2.75,254549000
2022-10-08,VRE.N,16.28571,,
2022-10-09,PNFP.N,96.0,,
2022-10-09,RYZ.N,,,6218850000
2022-10-10,VRE.N,,,321382800
2022-10-11,PNFP.N,,,1558528100
2022-10-11,PNFP.N,96.3,,1558528100
2022-10-12,STEL.N,,,235945500
2022-10-12,STEL.N,33.75,,235945500
2022-10-18,PNFP.N,96.4,,
2022-10-19,PNFP.N,97.3,2.27273,1583565500
2022-10-19,PNFP.N,,2.27273,
2022-10-20,PNFP.N,97.0,,
2022-10-20,PNFP.N,97.0,,1591512400
2022-10-21,VRE.N,,2.83333,
2022-10-21,VRE.N,16.5,2.83333,316978500
2022-10-24,MITK.OQ,17.0025,,
2022-10-25,PNFP.N,,,1592602670
2022-10-28,MITK.OQ,17.2525,,
2022-10-28,STEL.N,33.6,2.8,
2022-10-28,STEL.N,,2.8,
2022-10-31,STEL.N,35.6,,249298000
2022-11-02,VRE.N,,,320783750
2022-11-02,VRE.N,16.83333,,320783750
2022-11-03,RYZ.N,,,6254700000
2022-11-03,VRE.N,17.0,,
2022-11-13,PNFP.N,,,1594069400
2022-11-14,VRE.N,17.33333,2.66667,
2022-11-14,VRE.N,,2.66667,
2022-11-23,VRE.N,,,323478330
2022-11-24,VRE.N,,,362130000
2022-11-29,VRE.N,,,360057000
2022-11-29,VRE.N,17.66667,,360057000
2022-12-09,PNFP.N,96.4,,
2022-12-09,VRE.N,18.16667,,
2022-12-12,VRE.N,,,340175330
2022-12-12,VRE.N,,,356738000
2022-12-12,VRE.N,17.5,,356738000
2022-12-13,STEL.N,,2.4,
2022-12-13,PNFP.N,93.7,,1593996600
2022-12-13,STEL.N,36.2,2.4,248870000
2022-12-15,PNFP.N,93.2,,1594306600
2022-12-15,RYZ.N,36.0,,
2022-12-21,PNFP.N,92.4,,1593696600
2023-01-09,PNFP.N,91.7,,1594598100
2023-01-13,PNFP.N,92.44444,2.2,1593190110
2023-01-13,PNFP.N,92.44444,2.2,1825227560
2023-01-13,PNFP.N,,2.2,
2023-01-17,VRE.N,17.66667,,
2023-01-18,PNFP.N,90.11111,,1798425560
2023-01-19,PNFP.N,89.4375,,1790816000
2023-01-19,PNFP.N,,,1790816000
2023-01-20,PNFP.N,88.3125,,
2023-01-22,PNFP.N,86.4375,,
2023-01-22,PNFP.N,86.4375,,1785449330
2023-01-24,PNFP.N,,,1786074500
2023-01-24,RYZ.N,,,4937000000
2023-01-27,STEL.N,35.6,,479732750
2023-01-29,STEL.N,,2.2,
2023-01-30,STEL.N,33.4,,492182750
2023-02-03,PNFP.N,87.4375,,
2023-02-23,RYZ.N,45.0,,
2023-02-23,VRE.N,17.83333,,
2023-02-23,RYZ.N,45.0,,5159500000
2023-02-23,VRE.N,17.83333,,335396000
2023-02-24,MITK.OQ,,1.5,
2023-03-13,RYZ.N,,,5127000000
2023-03-13,VRE.N,,,336353500
2023-03-15,VRE.N,,,362507000
2023-03-21,VRE.N,17.33333,,
2023-03-21,VRE.N,17.33333,,336475500
2023-03-23,PNFP.N,84.8125,,1782464880
2023-03-24,VRE.N,,,338497500
2023-03-27,PNFP.N,82.5,,1773764880
2023-03-28,VRE.N,17.16667,,
2023-03-29,PNFP.N,81.625,,1771052380
2023-03-29,STEL.N,33.1,,489707750
2023-04-03,STEL.N,,,484962250
2023-04-03,PNFP.N,78.75,,1765302880
2023-04-03,STEL.N,32.1,,484962250
2023-04-05,PNFP.N,74.875,,1763040000
2023-04-05,STEL.N,31.7,,
2023-04-05,PNFP.N,74.875,,
2023-04-06,PNFP.N,,,1757262220
2023-04-06,STEL.N,31.1,,478837250
2023-04-06,VRE.N,,,323498330
2023-04-11,PNFP.N,72.875,,
2023-04-11,PNFP.N,72.875,,1752635780
2023-04-17,PNFP.N,,,1745424670
2023-04-17,RYZ.N,,,5307000000
2023-04-18,PNFP.N,71.75,,1713824330
2023-04-19,PNFP.N,70.875,,1706014110
2023-04-20,PNFP.N,70.25,,1695091880
2023-04-28,STEL.N,27.8,,473614250
2023-05-01,STEL.N,,,474264250
2023-05-01,STEL.N,27.4,,474264250
2023-05-01,VRE.N,,,294448670
2023-05-02,RYZ.N,,,5276750000
2023-05-04,VRE.N,17.5,,
2023-05-05,VRE.N,,,294923000
2023-05-09,MITK.OQ,,1.6,
2023-05-09,MITK.OQ,,1.6,144392800
2023-05-10,VRE.N,,,275358000
2023-05-16,VRE.N,18.16667,2.5,
2023-05-16,VRE.N,,2.5,
2023-06-08,VRE.N,18.5,,267970500
2023-06-12,VRE.N,18.4,2.6,
2023-06-12,VRE.N,18.4,2.6,267970500
2023-06-14,PNFP.N,69.875,,1694669660
2023-06-15,MITK.OQ,,,164235250
2023-06-28,PNFP.N,68.875,,1687591660
2023-06-28,STEL.N,27.8,,
2023-06-29,PNFP.N,68.5,,1683075330
2023-06-29,PNFP.N,,,1683075330
2023-06-30,MITK.OQ,17.25,,163486600
2023-06-30,PNFP.N,67.875,,
2023-06-30,MITK.OQ,17.25,,
2023-07-03,MITK.OQ,,,163577800
2023-07-05,RYZ.N,,3.0,
2023-07-05,PNFP.N,,,1681764220
2023-07-05,RYZ.N,,3.0,5236750000
2023-07-11,PNFP.N,68.25,,1676386440
2023-07-13,PNFP.N,68.0,,1673479670
2023-07-13,STEL.N,27.0,,471178000
2023-07-16,RYZ.N,,,5223500000
2023-07-19,PNFP.N,72.875,,1680403860
2023-07-20,PNFP.N,76.0,,1672675290
2023-07-20,PNFP.N,,,1672675290
2023-07-24,PNFP.N,77.11111,,
2023-07-24,VRE.N,,,271513670
2023-07-27,PNFP.N,78.22222,,1676187430
2023-07-27,VRE.N,19.4,2.4,272145000
2023-07-27,VRE.N,,2.4,
2023-07-27,VRE.N,,2.4,272145000
2023-07-28,STEL.N,28.0,,462458500
2023-07-31,MITK.OQ,14.5,,
2023-07-31,STEL.N,28.2,,455508500
2023-07-31,VRE.N,19.6,,
2023-08-01,RYZ.N,,,5120500000
2023-08-01,MITK.OQ,,,163609400
2023-08-01,RYZ.N,40.0,,5120500000
2023-08-02,VRE.N,,,277926000
2023-08-03,RYZ.N,37.0,,
2023-08-14,VRE.N,19.8,,275911670
2023-08-14,VRE.N,19.8,,
2023-09-06,MITK.OQ,16.66667,,
2023-09-06,MITK.OQ,16.66667,,167566800
2023-09-07,VRE.N,,,288433750
2023-09-12,MITK.OQ,,,169971000
2023-09-15,MITK.OQ,17.75,,
2023-09-15,MITK.OQ,17.75,,170239750
2023-09-27,PNFP.N,77.7,2.27273,1671034000
2023-09-27,STEL.N,28.0,,455308500
2023-09-27,PNFP.N,,2.27273,1671034000
2023-09-27,PNFP.N,,2.27273,
2023-10-02,PNFP.N,78.0,,
2023-10-02,RYZ.N,35.0,,
2023-10-03,PNFP.N,,,1671485630
2023-10-05,PNFP.N,78.5,,1672485630
2023-10-09,VRE.N,19.6,,
2023-10-10,PNFP.N,,2.09091,
2023-10-10,PNFP.N,80.2,2.09091,1675083130
2023-10-10,RYZ.N,,,5105000000
2023-10-10,STEL.N,27.6,,455271000
2023-10-10,PNFP.N,80.2,2.09091,
2023-10-11,PNFP.N,,,1676133130
2023-10-16,VRE.N,18.8,,
2023-10-18,PNFP.N,79.8,,1671151250
2023-10-19,PNFP.N,,,1671088750
2023-10-19,PNFP.N,79.4,,1671088750
2023-10-20,PNFP.N,78.4,,
2023-10-23,PNFP.N,,,1673862500
2023-10-25,VRE.N,,2.66667,
2023-10-25,PNFP.N,78.2,,1672533380
2023-10-25,VRE.N,18.0,2.66667,276183750
2023-10-27,MITK.OQ,,,170086500
2023-10-27,STEL.N,26.2,,455994000
2023-10-30,MITK.OQ,18.33333,,
2023-10-30,STEL.N,25.6,,457544000
2023-10-31,RYZ.N,33.0,,
2023-10-31,MITK.OQ,,,170669200
2023-10-31,RYZ.N,33.0,,5108350000
2023-11-06,VRE.N,17.5,,277771670
2023-11-21,VRE.N,17.16667,,277505500
2023-11-21,VRE.N,,,277505500
2023-11-23,VRE.N,17.16667,,
2023-11-30,PNFP.N,78.90909,2.0,1677469110
2023-11-30,PNFP.N,,2.0,
2023-11-30,PNFP.N,,2.0,1677469110
2023-12-05,PNFP.N,79.81818,,
2023-12-06,VRE.N,,,278005500
2023-12-06,VRE.N,16.83333,,278005500
2023-12-08,MITK.OQ,17.75,,
2023-12-08,MITK.OQ,17.75,,171450600
2023-12-11,MITK.OQ,,,171755600
2023-12-12,PNFP.N,,,1677580220
2023-12-13,PNFP.N,80.72727,,1678091330
2023-12-13,STEL.N,26.2,,457369000
2023-12-13,PNFP.N,,,1678091330
2023-12-14,MITK.OQ,,1.66667,
2023-12-14,MITK.OQ,17.6,1.66667,171779670
2023-12-15,PNFP.N,83.90909,,
2023-12-17,VRE.N,17.16667,,
2023-12-18,PNFP.N,85.81818,,
2023-12-19,PNFP.N,87.27273,,
2023-12-21,PNFP.N,89.36364,,1678185780
2023-12-21,STEL.N,27.0,,457319750
2023-12-21,PNFP.N,,,1678185780
2023-12-21,STEL.N,,,457319750
2024-01-02,STEL.N,27.4,,
2024-01-05,PNFP.N,89.6,,
2024-01-08,PNFP.N,92.8,,1678446890
2024-01-08,STEL.N,28.2,,
2024-01-09,PNFP.N,94.9,,
2024-01-09,PNFP.N,94.9,,1678341670
2024-01-15,RYZ.N,,,5116850000
2024-01-15,RYZ.N,,,4649950000
2024-01-16,PNFP.N,,,1775541460
2024-01-16,VRE.N,17.33333,,278030750
2024-01-16,VRE.N,17.33333,,
2024-01-17,MITK.OQ,17.8,,182032670
2024-01-17,MITK.OQ,17.8,,171613000
2024-01-17,PNFP.N,94.5,,1791145820
2024-01-17,MITK.OQ,17.8,,
2024-01-18,PNFP.N,96.5,,
2024-01-18,PNFP.N,96.5,,1799004910
2024-01-24,VRE.N,,,278641000
2024-01-26,STEL.N,28.7,,433002250
2024-01-29,STEL.N,29.7,,433827250
2024-01-29,STEL.N,29.7,,
2024-01-30,STEL.N,,,434152250
2024-02-05,VRE.N,,,278030750
2024-02-05,VRE.N,,,291087000
2024-02-22,RYZ.N,,,4624450000
2024-02-23,VRE.N,17.5,,291430200
2024-02-23,VRE.N,17.5,,
2024-02-26,VRE.N,,,286282200
2024-02-29,VRE.N,,,283570330
2024-03-04,RYZ.N,,,4347000000
2024-03-07,PNFP.N,,,1801028550
2024-03-08,PNFP.N,,2.07692,
2024-03-08,PNFP.N,96.18182,2.07692,
2024-03-20,MITK.OQ,,,181735330
2024-03-20,RYZ.N,,,4562500000
2024-03-26,MITK.OQ,,,181682400
2024-03-31,MITK.OQ,18.4,,
2024-04-01,MITK.OQ,,,181805330
2024-04-01,PNFP.N,96.72727,,1800646000
2024-04-01,PNFP.N,96.72727,,
2024-04-02,PNFP.N,,,1800699360
2024-04-02,STEL.N,29.5,,433366750
2024-04-03,VRE.N,18.6,,286427750
2024-04-04,PNFP.N,,,1803305730
2024-04-08,PNFP.N,96.45455,,1802096640
2024-04-08,VRE.N,18.4,,288319750
2024-04-09,MITK.OQ,18.8,,
2024-04-09,RYZ.N,,,4615000000
2024-04-16,MITK.OQ,19.2,,181522330
2024-04-16,MITK.OQ,19.2,,
2024-04-22,MITK.OQ,,,181517330
2024-04-23,PNFP.N,95.72727,,1796857270
2024-04-24,PNFP.N,96.36364,,1798030270
2024-04-25,PNFP.N,95.90909,,
2024-04-25,VRE.N,18.2,,
2024-04-25,PNFP.N,95.90909,,1800804820
2024-04-25,VRE.N,18.2,,281592000
2024-04-26,STEL.N,,,433480250
2024-04-26,STEL.N,28.3,,433480250
2024-04-29,PNFP.N,,,1798295300
2024-04-29,STEL.N,27.5,,
2024-04-29,VRE.N,,,276842000
2024-05-01,RYZ.N,28.0,,
2024-05-01,RYZ.N,28.0,,4764000000
2024-05-01,VRE.N,,,262349000
2024-05-02,STEL.N,26.7,,433930250
2024-05-03,STEL.N,25.5,2.4,432405250
2024-05-03,STEL.N,,2.4,
2024-05-05,PNFP.N,,,1800250270
2024-05-13,MITK.OQ,,,181650670
2024-05-13,RYZ.N,,,4823900000
2024-05-14,MITK.OQ,,,181831670
2024-05-17,MITK.OQ,,,182073200
2024-05-17,VRE.N,18.4,,263492670
2024-05-17,VRE.N,18.4,,
2024-05-20,PNFP.N,96.27273,,
2024-05-22,PNFP.N,95.63636,,1799911550
2024-05-24,MITK.OQ,,,182072670
2024-06-17,VRE.N,,2.6,269619330
2024-06-18,VRE.N,,2.66667,265369500
2024-06-18,VRE.N,,2.66667,
2024-06-18,VRE.N,18.1,2.66667,265369500
2024-06-20,VRE.N,17.9,,
2024-06-21,PNFP.N,95.18182,,
2024-06-21,PNFP.N,95.18182,,1800715910
2024-06-21,VRE.N,17.7,,
2024-06-27,PNFP.N,,,1801806820
2024-07-02,RYZ.N,,,4755000000
2024-07-03,PNFP.N,,,1801592550
2024-07-08,PNFP.N,94.54546,,1802170910
2024-07-08,PNFP.N,,,1802170910
2024-07-09,PNFP.N,94.09091,,
2024-07-09,RYZ.N,,,4741500000
2024-07-10,PNFP.N,93.72727,,1801450910
2024-07-17,PNFP.N,,2.15385,
2024-07-17,PNFP.N,97.27273,2.15385,1792146180
2024-07-18,PNFP.N,99.81818,,1787260180
2024-07-19,PNFP.N,101.63636,,1785699270
2024-07-23,PNFP.N,101.45455,,1789451270
2024-07-25,VRE.N,17.9,,264989500
2024-07-26,STEL.N,26.8,,431355250
2024-07-26,VRE.N,18.1,,266479500
2024-07-26,VRE.N,18.1,,
2024-07-29,STEL.N,28.6,,429586750
2024-07-29,VRE.N,,,264737000
2024-07-29,STEL.N,28.6,,
2024-07-30,RYZ.N,25.0,,
2024-07-30,VRE.N,16.125,,
2024-07-31,RYZ.N,,,4721000000
2024-07-31,VRE.N,,,262649330
2024-08-01,RYZ.N,,,4661250000
2024-08-09,MITK.OQ,15.4,,174266330
2024-08-12,MITK.OQ,13.8,,172263330
2024-08-12,PNFP.N,101.36364,,1788760360
2024-08-12,MITK.OQ,13.8,,
2024-08-12,PNFP.N,101.36364,,
2024-08-15,MITK.OQ,,,170236000
2024-08-22,PNFP.N,,,1789494730
2024-08-28,PNFP.N,,,1783549270
2024-08-28,VRE.N,16.625,,
2024-09-04,MITK.OQ,12.3,2.0,
2024-09-04,MITK.OQ,,2.0,
2024-09-04,MITK.OQ,12.3,2.0,170146670
2024-09-16,VRE.N,,,264237000
2024-09-20,PNFP.N,102.45455,,1781742910
2024-09-20,PNFP.N,102.45455,,
2024-09-23,VRE.N,17.375,,
2024-09-25,PNFP.N,,,1781470180
2024-09-25,STEL.N,,,429286750
2024-09-26,PNFP.N,102.81818,,
2024-09-27,PNFP.N,103.18182,,
2024-10-01,PNFP.N,104.09091,,
2024-10-01,PNFP.N,104.09091,,1779505180
2024-10-02,PNFP.N,,,1778737000
2024-10-04,PNFP.N,,2.23077,
2024-10-07,MITK.OQ,,,179515670
2024-10-09,PNFP.N,104.27273,,1776379910
2024-10-09,RYZ.N,24.0,,4658250000
2024-10-09,STEL.N,28.4,,428737750
2024-10-09,RYZ.N,24.0,,
2024-10-13,RYZ.N,,,4655000000
2024-10-16,PNFP.N,107.18182,,1775439560
2024-10-17,PNFP.N,109.91667,,1782682110
2024-10-18,PNFP.N,110.58333,,1782404330
2024-10-20,PNFP.N,,,1785854330
2024-10-21,PNFP.N,112.25,,
2024-10-22,PNFP.N,,,1781875130
2024-10-25,STEL.N,28.6,,
2024-10-25,STEL.N,28.6,,423993250
2024-10-28,STEL.N,,,424893250
2024-10-28,VRE.N,19.1,,264829600
2024-10-28,VRE.N,19.1,,
2024-10-30,RYZ.N,,,4618500000
2024-10-31,RYZ.N,,,4614900000
2024-10-31,STEL.N,28.8,,424718250
2024-10-31,STEL.N,,,424718250
2024-11-01,VRE.N,,,265087800
2024-11-12,VRE.N,19.7,2.33333,265439800
2024-11-12,VRE.N,,2.33333,
2024-11-12,VRE.N,,2.33333,265439800
2024-11-15,PNFP.N,,,1782888710
2024-11-15,PNFP.N,111.63636,2.25,1782888710
2024-11-18,PNFP.N,112.81818,2.33333,
2024-11-18,PNFP.N,,2.33333,
2024-11-29,VRE.N,19.9,,
2024-12-02,PNFP.N,114.27273,,
2024-12-03,PNFP.N,116.09091,2.41667,
2024-12-03,STEL.N,29.6,,
2024-12-03,PNFP.N,,2.41667,
2024-12-05,PNFP.N,117.18182,,
2024-12-09,STEL.N,,2.8,430338000
2024-12-09,STEL.N,,2.8,
2024-12-09,STEL.N,,2.8,434775750
2024-12-09,PNFP.N,119.18182,,
2024-12-09,STEL.N,30.4,2.8,430338000
2024-12-09,VRE.N,20.35,,
2024-12-13,VRE.N,20.55,,265449800
2024-12-13,VRE.N,,,265449800
2024-12-16,PNFP.N,122.45455,,
2024-12-17,MITK.OQ,12.7,,176160500
2024-12-17,PNFP.N,123.36364,,1782463000
2024-12-17,VRE.N,19.95833,2.16667,
2024-12-17,MITK.OQ,12.7,,
2024-12-17,PNFP.N,,,1782463000
2024-12-17,VRE.N,,2.16667,
2024-12-18,PNFP.N,125.0,,
2024-12-18,STEL.N,30.8,,
2024-12-19,PNFP.N,,2.33333,
2024-12-19,PNFP.N,126.36364,2.33333,
2024-12-30,PNFP.N,127.18182,,
2024-12-30,PNFP.N,127.18182,,1782120430
2025-01-06,PNFP.N,,,1782515710
2025-01-07,PNFP.N,125.9,,2009383110
2025-01-07,PNFP.N,125.9,,1781944290
2025-01-07,PNFP.N,125.9,,
2025-01-15,RYZ.N,23.0,,
2025-01-15,RYZ.N,23.0,,4609900000
2025-01-21,RYZ.N,,,4617000000
2025-01-21,RYZ.N,,,4702000000
2025-01-22,PNFP.N,,,2009927560
2025-01-23,PNFP.N,127.8,,2032627890
2025-01-27,PNFP.N,129.3,,2037326890
2025-01-27,PNFP.N,129.3,,
2025-01-31,STEL.N,31.4,,432075750
2025-02-03,MITK.OQ,,,175027170
2025-02-03,STEL.N,30.6,,434432000
2025-02-11,MITK.OQ,13.1,,
2025-02-11,MITK.OQ,13.1,,175506170
2025-02-23,RYZ.N,25.0,,4773350000
2025-02-24,VRE.N,,,277686200
2025-02-26,PNFP.N,,,2043338000
2025-02-26,VRE.N,19.625,,276594000
2025-02-28,PNFP.N,,2.27273,
2025-03-10,PNFP.N,128.7,,2042329110
2025-03-10,VRE.N,19.79167,,276786000
2025-03-10,PNFP.N,128.7,,
2025-03-10,VRE.N,19.79167,,
2025-03-19,PNFP.N,,,2042329110
2025-04-01,PNFP.N,,,2041995780
2025-04-02,PNFP.N,,,2041462440
2025-04-02,PNFP.N,126.2,,2041462440
2025-04-02,STEL.N,30.2,,433775250
2025-04-03,PNFP.N,125.7,,
2025-04-04,VRE.N,,,275386000
2025-04-07,PNFP.N,124.7,,
2025-04-07,VRE.N,,,275546000
2025-04-09,PNFP.N,123.2,,2040739110
2025-04-09,RYZ.N,26.0,,4859850000
2025-04-09,PNFP.N,,,2040739110
2025-04-13,PNFP.N,121.2,,
2025-04-15,PNFP.N,118.7,,2030387560
2025-04-16,PNFP.N,112.8,2.18182,
2025-04-16,PNFP.N,,2.18182,
2025-04-16,PNFP.N,112.8,2.18182,2022218000
2025-04-21,PNFP.N,,,2023229000
2025-04-22,VRE.N,,2.33333,
2025-04-24,VRE.N,19.70833,,
2025-04-25,STEL.N,29.8,,431216750
2025-04-25,VRE.N,19.20833,,273220000
2025-04-28,STEL.N,28.8,,426466750
2025-04-30,STEL.N,28.2,,425316750
2025-05-02,RYZ.N,24.0,,4648350000
2025-05-02,RYZ.N,24.0,,
2025-05-05,VRE.N,19.04167,,
2025-05-05,VRE.N,19.04167,,274298000
2025-05-06,RYZ.N,,,4569800000
2025-05-07,PNFP.N,112.5,,2019446890
2025-05-09,MITK.OQ,,,175501670
2025-05-12,MITK.OQ,,,175677670
2025-05-12,PNFP.N,114.68182,,2021000200
2025-05-15,MITK.OQ,,,175293200
2025-05-20,PNFP.N,119.04546,2.08333,2017363820
2025-05-20,PNFP.N,119.04546,,
2025-05-23,VRE.N,,,275694000
2025-05-27,MITK.OQ,,,175711000
2025-05-27,MITK.OQ,13.0,,175711000
2025-06-09,VRE.N,,,275674000
2025-06-16,PNFP.N,,2.07692,2017765640
2025-06-16,PNFP.N,,2.07692,
2025-06-17,VRE.N,,,280674000
2025-06-19,RYZ.N,,,4595000000
2025-07-01,PNFP.N,,,2017133270
2025-07-01,PNFP.N,119.77273,,2017133270
2025-07-07,STEL.N,28.6,,425362500
2025-07-08,PNFP.N,121.13636,,
2025-07-09,PNFP.N,121.86364,,
2025-07-09,RYZ.N,,,4584000000
2025-07-10,PNFP.N,,,2017343270
2025-07-11,PNFP.N,124.04546,,
2025-07-11,VRE.N,,,280158000
2025-07-15,PNFP.N,125.40909,,
2025-07-16,PNFP.N,128.04546,,2030961500
2025-07-17,PNFP.N,131.09091,,2042479500
2025-07-17,PNFP.N,131.09091,,
2025-07-22,PNFP.N,,,2048143890
2025-07-22,VRE.N,18.375,,284438000
2025-07-24,PNFP.N,,2.23077,
2025-07-24,VRE.N,18.45833,,288122000
2025-07-25,PNFP.N,,2.46154,
2025-07-25,PNFP.N,,2.46154,2049292000
2025-07-25,VRE.N,,,290132000
2025-07-25,PNFP.N,122.27273,2.46154,2049292000
2025-07-25,STEL.N,29.2,,425236250
2025-07-25,VRE.N,18.29167,,290132000
2025-07-27,PNFP.N,120.90909,,
2025-07-28,STEL.N,31.0,,422211250
2025-07-29,PNFP.N,118.27273,,
2025-07-29,STEL.N,31.6,,421861250
2025-07-29,VRE.N,18.0,,
2025-07-30,RYZ.N,,,4562450000
2025-07-30,VRE.N,,,288165000
2025-08-01,PNFP.N,116.63636,,2049457560
2025-08-01,VRE.N,17.83333,,291017500
2025-08-01,PNFP.N,,,2049457560
2025-08-04,VRE.N,18.0,,290990000
2025-08-04,VRE.N,18.0,,
2025-08-06,MITK.OQ,13.0,,
2025-08-06,PNFP.N,114.81818,,
2025-08-08,MITK.OQ,,,175920330
2025-08-11,MITK.OQ,,,175645670
2025-08-12,PNFP.N,112.09091,,2053513110
2025-09-02,PNFP.N,110.90909,,2050450800
2025-09-15,RYZ.N,,,4564000000
2025-09-16,VRE.N,,,290592000
2025-09-23,PNFP.N,110.54546,,2050940800
2025-09-24,PNFP.N,111.5,2.42857,2048729820
2025-09-24,PNFP.N,,2.42857,
2025-09-29,PNFP.N,112.75,,
2025-09-29,PNFP.N,112.75,,2048612730
2025-10-01,PNFP.N,,,2048430910
2025-10-07,PNFP.N,112.41667,,
2025-10-08,PNFP.N,112.0,2.28571,
2025-10-08,PNFP.N,,2.28571,
2025-10-08,PNFP.N,112.0,2.28571,2048515460
2025-10-08,RYZ.N,,,4579500000
2025-10-15,PNFP.N,,,2050424550
2025-10-16,PNFP.N,110.41667,,2056953640
2025-10-17,PNFP.N,109.25,,2068597270
2025-10-20,PNFP.N,107.58333,,2073757090
2025-10-20,VRE.N,,,288472000
2025-10-20,PNFP.N,107.58333,,
2025-10-22,PNFP.N,,,2077834220
2025-10-23,VRE.N,17.91667,,287379800
2025-10-24,STEL.N,31.6,,421986250
2025-10-26,STEL.N,31.8,,
2025-10-26,STEL.N,31.8,,422436250
2025-10-27,VRE.N,17.75,,
2025-10-27,VRE.N,17.75,,286735800
2025-10-31,MITK.OQ,13.0,2.0,175774600
2025-10-31,STEL.N,,,422500000
2025-10-31,MITK.OQ,13.0,2.0,189952600
2025-10-31,MITK.OQ,13.0,2.0,
2025-10-31,MITK.OQ,,2.0,
2025-11-02,RYZ.N,,,4569950000
2025-11-05,PNFP.N,106.83333,,2076955800
2025-11-05,PNFP.N,,,2076955800
2025-11-07,PNFP.N,106.41667,,
2025-11-11,PNFP.N,106.83333,,
2025-11-24,PNFP.N,,2.21429,
2025-11-24,PNFP.N,107.58333,2.21429,
2025-11-26,PNFP.N,107.625,,
2025-12-04,VRE.N,,,286135800
2025-12-08,PNFP.N,108.03846,2.13333,
2025-12-08,PNFP.N,,2.13333,
2025-12-10,PNFP.N,108.73077,,
2025-12-11,PNFP.N,,2.0,
2025-12-11,PNFP.N,109.53571,2.0,2081905800
2025-12-12,MITK.OQ,,,190289800
2025-12-15,MITK.OQ,,,190127800
2025-12-16,MITK.OQ,13.25,,190987800
2025-12-16,PNFP.N,110.56667,,2087405800
2025-12-16,STEL.N,,,422461000
2025-12-16,MITK.OQ,,,190987800
2025-12-16,PNFP.N,,,2087405800
2025-12-16,STEL.N,,,436421330
2025-12-18,VRE.N,17.9,,
2025-12-19,PNFP.N,111.23333,,
2025-12-19,VRE.N,17.7,,
2026-01-04,PNFP.N,,1.9375,2089602330
2026-01-05,PNFP.N,110.43333,,
2026-01-06,PNFP.N,,1.94118,
2026-01-06,PNFP.N,111.46875,1.94118,2091572150
2026-01-06,PNFP.N,,1.94118,2091572150
2026-01-07,PNFP.N,111.65625,,
2026-01-08,PNFP.N,111.96875,,
2026-01-09,PNFP.N,112.78125,,2091455230
2026-01-16,PNFP.N,,,2091609080
2026-01-16,PNFP.N,113.40625,,2091609080
2026-01-20,PNFP.N,113.55882,1.94444,
2026-01-21,PNFP.N,,2.0,
2026-01-21,PNFP.N,114.36111,2.0,4867275000
2026-01-22,PNFP.N,114.63889,,4892360710
2026-01-23,MITK.OQ,13.75,,
2026-01-23,PNFP.N,114.91667,,4989474210
2026-01-26,PNFP.N,115.52778,,5009801870
2026-01-27,PNFP.N,115.63889,,
2026-01-27,PNFP.N,115.63889,,5018035200
2026-01-28,PNFP.N,,,5037051330
2026-01-28,STEL.N,32.4,,
2026-01-29,VRE.N,,,282335200
2026-01-29,VRE.N,,,285915800
2026-01-30,PNFP.N,115.82353,2.05556,
2026-01-30,STEL.N,32.33333,2.66667,440114000
2026-01-30,PNFP.N,,2.05556,
2026-02-02,PNFP.N,115.94118,,
2026-02-02,STEL.N,36.0,2.33333,442314000
2026-02-02,STEL.N,36.0,2.33333,
2026-02-04,PNFP.N,,,5034801230
2026-02-04,PNFP.N,115.88235,,5034801230
2026-02-04,STEL.N,,,446221000
2026-02-05,MITK.OQ,,,191535800
2026-02-06,MITK.OQ,,,192469600
2026-02-06,RYZ.N,29.0,,
2026-02-08,RYZ.N,,,4869850000
2026-02-08,RYZ.N,,,4567750000
2026-02-11,MITK.OQ,13.66667,,
2026-02-13,MITK.OQ,15.0,1.6,192989600
2026-02-22,RYZ.N,31.0,,7049850000
2026-02-22,RYZ.N,31.0,,
2026-02-23,PNFP.N,,2.05263,
2026-02-23,PNFP.N,116.11111,2.05263,
2026-02-23,VRE.N,,2.5,
2026-02-24,VRE.N,18.0,,
2026-02-25,RYZ.N,,,7956800000
2026-02-26,VRE.N,,,282725200
2026-03-13,PNFP.N,116.16667,,
2026-03-19,PNFP.N,,,5032255080
2026-03-23,VRE.N,18.8,,
2026-03-25,PNFP.N,115.88889,,
2014-07-21,AMPH.OQ,,1.75,
2014-08-12,AMPH.OQ,16.5,,
2014-11-25,AMPH.OQ,,,202550000
2014-11-25,AMPH.OQ,,,203700000
2014-12-16,SXC.N,25.5,1.5,1481993500
2014-12-16,SXC.N,,1.5,
2014-12-16,SXC.N,25.5,1.5,
2014-12-18,OIS.N,,2.4,1809044440
2014-12-18,OIS.N,,2.4,
2014-12-22,OIS.N,56.84615,,
2014-12-29,CVSA.N,48.0,2.5,
2014-12-31,CVSA.N,,,1940893910
2015-01-06,OIS.N,56.15385,,1807833330
2015-01-06,OIS.N,,,1807833330
2015-01-07,OIS.N,55.23077,,
2015-01-07,SXC.N,,,1479880250
2015-01-08,CVSA.N,,2.45455,
2015-01-08,CVSA.N,48.625,2.45455,
2015-01-08,CVSA.N,48.625,2.45455,1942683300
2015-01-08,OIS.N,54.92308,,
2015-01-08,SXC.N,,,1478642750
2015-01-11,OIS.N,54.15385,,
2015-01-13,SXC.N,25.25,,
2015-01-14,OIS.N,53.53846,,
2015-01-15,OIS.N,52.15385,,
2015-01-16,OIS.N,51.61539,,
2015-01-22,OIS.N,51.07692,,
2015-01-26,OIS.N,50.69231,,
2015-01-29,SXC.N,,,1507419250
2015-01-30,SXC.N,23.5,,1504944250
2015-01-30,SXC.N,23.5,,
2015-02-02,SXC.N,,,1476994250
2015-02-04,CVSA.N,,,1942764500
2015-02-06,CVSA.N,45.25,,
2015-02-06,CVSA.N,45.25,,1937187160
2015-02-06,OIS.N,,2.4,
2015-02-11,OIS.N,49.69231,,
2015-02-13,OIS.N,49.5,,
2015-02-17,OIS.N,49.46154,2.4375,1807833330
2015-02-17,OIS.N,49.46154,2.4375,1674773270
2015-02-19,OIS.N,49.23077,2.52941,1540454310
2015-02-20,OIS.N,46.61539,2.58824,1439454460
2015-02-24,OIS.N,,2.47059,
2015-02-24,OIS.N,46.30769,2.47059,1394846770
2015-02-24,OIS.N,46.30769,2.47059,
2015-02-26,OIS.N,,,1351718910
2015-03-03,OIS.N,,,1344750670
2015-03-06,OIS.N,46.15385,,
2015-03-09,OIS.N,,,1340154460
2015-03-24,OIS.N,,,1339231390
2015-03-24,OIS.N,45.92308,,1339231390
2015-03-25,AMPH.OQ,18.25,,
2015-03-25,AMPH.OQ,18.25,,213050000
2015-03-27,OIS.N,46.07143,,
2015-03-30,AMPH.OQ,,,221500000
2015-03-30,OIS.N,45.64286,,1317923690
2015-04-01,OIS.N,45.85714,,
2015-04-01,OIS.N,45.85714,,1315639080
2015-04-06,SXC.N,,,1472869250
2015-04-07,OIS.N,,,1322408310
2015-04-07,SXC.N,,,1463944250
2015-04-13,OIS.N,45.71429,,1312339080
2015-04-15,OIS.N,45.92857,,1304309150
2015-04-15,OIS.N,45.92857,,
2015-04-20,CVSA.N,,,1937221330
2015-04-20,OIS.N,,,1302539920
2015-04-20,SXC.N,,,1463869250
2015-04-23,CVSA.N,,2.6,1937425600
2015-04-23,SXC.N,23.25,,1436936750
2015-04-23,CVSA.N,,2.6,
2015-04-24,CVSA.N,39.875,,1922602600
2015-04-24,SXC.N,25.0,,1416667750
2015-04-24,SXC.N,25.0,,
2015-04-26,CVSA.N,38.28571,2.8,1920074600
2015-04-26,CVSA.N,38.28571,,
2015-04-26,CVSA.N,38.28571,2.8,
2015-04-27,SXC.N,,,1388967750
2015-04-29,OIS.N,45.85714,,
2015-04-30,OIS.N,46.71429,,1279959150
2015-04-30,SXC.N,,,1399290330
2015-05-01,OIS.N,48.0,,
2015-05-01,OIS.N,48.0,,1261974540
2015-05-04,OIS.N,,,1258113000
2015-05-05,OIS.N,47.92857,,
2015-05-05,CVSA.N,,,1917504000
2015-05-05,OIS.N,47.92857,,1244174540
2015-05-12,SXC.N,,1.6,1399290330
2015-05-12,SXC.N,,1.6,
2015-05-13,AMPH.OQ,18.75,,229125000
2015-05-13,OIS.N,,,1244482230
2015-05-13,AMPH.OQ,18.75,,
2015-05-14,AMPH.OQ,,,228600000
2015-05-15,CVSA.N,,2.77778,1917887000
2015-05-17,OIS.N,,,1244412070
2015-05-18,CVSA.N,,2.88889,
2015-05-18,CVSA.N,37.42857,2.88889,1885234000
2015-05-18,CVSA.N,37.42857,2.88889,1917849500
2015-05-29,OIS.N,47.33333,2.5,1240384600
2015-05-29,OIS.N,,2.5,
2015-05-31,SXC.N,,,1389119500
2015-06-02,AMPH.OQ,,1.6,
2015-06-02,AMPH.OQ,19.6,1.6,226460000
2015-06-03,OIS.N,47.2,,1231271270
2015-06-12,SXC.N,23.66667,1.5,
2015-06-12,SXC.N,,1.5,
2015-06-17,OIS.N,47.06667,2.44444,1228691270
2015-06-17,OIS.N,,2.44444,
2015-06-18,OIS.N,45.66667,,1210929800
2015-06-19,AMPH.OQ,20.4,,226600000
2015-06-19,AMPH.OQ,20.4,,
2015-06-22,AMPH.OQ,,,226620000
2015-06-23,AMPH.OQ,20.8,,
2015-06-24,OIS.N,45.73333,,1205196470
2015-06-29,OIS.N,45.6,,1199996470
2015-06-30,OIS.N,45.2,,1193523330
2015-06-30,OIS.N,,,1193523330
2015-07-09,OIS.N,45.0,,
2015-07-10,OIS.N,44.66667,,
2015-07-15,OIS.N,,2.44444,
2015-07-22,SXC.N,20.0,,
2015-07-22,SXC.N,20.0,,1388192000
2015-07-26,SXC.N,,,1395700500
2015-07-28,SXC.N,,,1392810330
2015-07-29,OIS.N,42.2,,1174914000
2015-07-30,OIS.N,37.53333,,
2015-07-30,OIS.N,37.53333,,1170794270
2015-08-03,OIS.N,,,1169534270
2015-08-04,OIS.N,,,1164251000
2015-08-10,AMPH.OQ,,,226740000
2015-08-10,OIS.N,37.06667,,1163522430
2015-08-10,OIS.N,37.06667,,
2015-08-12,AMPH.OQ,,,228060000
2015-08-13,AMPH.OQ,20.6,,226640000
2015-08-13,OIS.N,,,1163551000
2015-08-17,SXC.N,19.0,1.33333,1392810330
2015-08-18,SXC.N,18.33333,1.5,1380882750
2015-08-19,CVSA.N,32.28571,,
2015-08-19,OIS.N,,2.47368,
2015-08-19,CVSA.N,32.28571,,1840282780
2015-08-19,OIS.N,36.6875,2.47368,1162427600
2015-08-24,OIS.N,36.1875,,1161424000
2015-08-26,OIS.N,36.06667,,1161557330
2015-09-01,OIS.N,35.73333,,1159490670
2015-09-02,CVSA.N,,,1831995630
2015-09-02,OIS.N,35.46667,,1158824000
2015-09-04,OIS.N,34.8,,1158414600
2015-09-08,OIS.N,34.33333,,1156894600
2015-09-08,OIS.N,,,1156894600
2015-09-15,OIS.N,33.86667,,
2015-09-17,CVSA.N,,,1827553500
2015-09-17,OIS.N,33.6,,
2015-09-17,SXC.N,18.25,1.4,1379006200
2015-09-18,CVSA.N,,,1829003500
2015-09-18,OIS.N,33.53333,,
2015-09-21,CVSA.N,,2.66667,
2015-09-21,CVSA.N,32.625,2.66667,
2015-09-22,CVSA.N,32.5,,
2015-09-22,CVSA.N,32.5,,1829591380
2015-09-29,AMPH.OQ,20.25,1.5,223550000
2015-09-29,AMPH.OQ,20.25,1.5,
2015-09-29,AMPH.OQ,,1.5,
2015-09-30,OIS.N,32.5,,
2015-10-01,OIS.N,,2.57895,
2015-10-02,OIS.N,32.42857,,1156427930
2015-10-05,OIS.N,32.42857,,
2015-10-05,OIS.N,32.42857,,1151694600
2015-10-06,OIS.N,,,1150961270
2015-10-07,OIS.N,32.35714,,1147827930
2015-10-09,OIS.N,32.57143,,1145227930
2015-10-13,SXC.N,13.0,1.8,
2015-10-13,OIS.N,32.5,,1144501270
2015-10-13,SXC.N,13.0,1.8,1383097600
2015-10-14,OIS.N,31.78571,,
2015-10-14,OIS.N,31.78571,,1139827200
2015-10-16,OIS.N,,2.55,1143275500
2015-10-16,OIS.N,,2.55,
2015-10-19,SXC.N,,,1392597000
2015-10-20,OIS.N,,,1140200500
2015-10-22,CVSA.N,,,1829128880
2015-10-23,CVSA.N,31.75,,1819617330
2015-10-23,CVSA.N,31.75,,
2015-10-29,CVSA.N,,,1815769750
2015-10-29,OIS.N,,2.45,
2015-10-30,OIS.N,31.85714,,1133043060
2015-11-02,OIS.N,32.0,,1113619190
2015-11-02,OIS.N,32.0,,
2015-11-03,OIS.N,,,1112200440
2015-11-05,OIS.N,32.28571,,
2015-11-06,OIS.N,32.46667,2.42857,1112359240
2015-11-09,SXC.N,,,1386844250
2015-11-12,AMPH.OQ,,,229725000
2015-11-13,AMPH.OQ,20.0,,234900000
2015-11-13,AMPH.OQ,20.0,,
2015-11-16,AMPH.OQ,,,238775000
2015-11-26,OIS.N,32.28571,2.45,1112200440
2015-11-26,OIS.N,,,1112200440
2015-12-01,OIS.N,33.0,2.35,
2015-12-02,SXC.N,10.875,2.0,
2015-12-09,SXC.N,9.375,2.2,
2015-12-09,SXC.N,,2.2,
2015-12-10,SXC.N,9.5,,
2015-12-14,OIS.N,33.4375,2.28571,1111494530
2015-12-14,OIS.N,33.4375,2.28571,
2015-12-14,OIS.N,,2.28571,
2015-12-17,SXC.N,,,1387284250
2015-12-18,CVSA.N,,,1819832250
2015-12-21,OIS.N,,,1111550880
2015-12-21,SXC.N,6.0,,1372184250
2015-12-21,SXC.N,6.0,,
2015-12-22,CVSA.N,31.5,,1822466000
2015-12-22,CVSA.N,,,1822466000
2016-01-05,OIS.N,33.1875,,1111021470
2016-01-11,OIS.N,,2.38095,
2016-01-11,SXC.N,,,1370414250
2016-01-13,OIS.N,33.25,,1111350880
2016-01-14,OIS.N,32.75,,1111191000
2016-01-15,OIS.N,,2.4,
2016-01-15,OIS.N,32.6,2.4,1110959190
2016-01-18,AMPH.OQ,19.75,,238777250
2016-01-18,AMPH.OQ,19.75,,
2016-01-20,CVSA.N,30.875,,
2016-01-20,OIS.N,32.4,,1110302940
2016-01-21,OIS.N,31.8,2.5,1109987810
2016-01-21,OIS.N,,2.5,
2016-01-22,SXC.N,,,1368514250
2016-01-27,CVSA.N,30.5,,
2016-01-27,OIS.N,31.46667,,1111550310
2016-01-27,OIS.N,31.46667,,929520120
2016-01-28,SXC.N,,,1392169200
2016-01-29,SXC.N,,,1381289200
2016-02-02,CVSA.N,,2.6,
2016-02-02,CVSA.N,30.33333,2.6,1822353670
2016-02-04,CVSA.N,29.33333,,1825909220
2016-02-04,SXC.N,,,1280625000
2016-02-05,CVSA.N,24.88889,,1827560220
2016-02-08,CVSA.N,24.55556,,1827137330
2016-02-18,OIS.N,30.8,,898477180
2016-02-19,AMPH.OQ,,1.4,238961800
2016-02-19,OIS.N,28.9375,,808020770
2016-02-19,AMPH.OQ,,1.4,
2016-02-22,OIS.N,28.76471,,
2016-02-22,AMPH.OQ,,,239041800
2016-02-22,OIS.N,28.76471,,772844290
2016-02-22,SXC.N,,,1305866670
2016-02-24,OIS.N,,,768209560
2016-02-25,SXC.N,6.0,2.25,
2016-02-25,SXC.N,6.0,2.25,1305866670
2016-02-26,OIS.N,28.8125,2.47368,
2016-02-29,OIS.N,28.76471,2.5,
2016-02-29,OIS.N,,2.5,
2016-03-01,CVSA.N,,,1826294110
2016-03-01,CVSA.N,24.22222,,1826294110
2016-03-01,OIS.N,29.0,,
2016-03-07,OIS.N,29.29412,,
2016-03-10,CVSA.N,24.44444,,
2016-03-11,OIS.N,,,765834560
2016-03-14,AMPH.OQ,18.5,,262140000
2016-03-14,OIS.N,,,763165810
2016-03-14,AMPH.OQ,18.5,,
2016-03-15,AMPH.OQ,,,264500000
2016-03-23,SXC.N,,,1305866670
2016-03-28,OIS.N,,2.55,
2016-03-30,OIS.N,,2.5,
2016-03-30,OIS.N,29.52941,2.5,761026650
2016-04-01,OIS.N,29.58824,,761909000
2016-04-01,OIS.N,29.58824,,
2016-04-04,OIS.N,,,755814880
2016-04-07,CVSA.N,24.22222,,1826646670
2016-04-07,SXC.N,,,1288100000
2016-04-07,CVSA.N,24.22222,,
2016-04-12,OIS.N,30.05882,,755109000
2016-04-13,CVSA.N,,,1826646670
2016-04-13,OIS.N,29.8125,2.52632,755109000
2016-04-13,OIS.N,,2.52632,
2016-04-14,CVSA.N,,2.55556,
2016-04-19,CVSA.N,,,1826590000
2016-04-19,OIS.N,,,753285470
2016-04-19,CVSA.N,24.5,2.5,1826590000
2016-04-19,OIS.N,30.0625,,753285470
2016-04-20,CVSA.N,,2.625,
2016-04-20,CVSA.N,23.875,2.625,
2016-04-20,OIS.N,30.1875,,
2016-04-28,OIS.N,30.86667,2.5,748875750
2016-04-28,SXC.N,8.08333,1.66667,1177200000
2016-04-28,OIS.N,,2.5,
2016-04-28,SXC.N,8.08333,1.66667,
2016-04-29,OIS.N,32.0,,735728060
2016-04-29,SXC.N,,,1179950000
2016-05-03,OIS.N,31.93333,,732203060
2016-05-03,OIS.N,31.93333,,
2016-05-04,OIS.N,,,731249920
2016-05-06,CVSA.N,23.125,,
2016-05-06,CVSA.N,23.125,,1832359380
2016-05-09,AMPH.OQ,18.25,,260840000
2016-05-09,CVSA.N,,,1833225620
2016-05-10,AMPH.OQ,18.0,,258420000
2016-05-10,OIS.N,,,729767790
2016-05-16,CVSA.N,,2.57143,1833793140
2016-05-16,CVSA.N,,,1833793140
2016-05-16,CVSA.N,23.14286,2.57143,1833793140
2016-05-20,OIS.N,,,725256600
2016-05-25,CVSA.N,22.57143,,
2016-06-01,OIS.N,32.26667,,724628330
2016-06-02,CVSA.N,,2.71429,
2016-06-02,CVSA.N,21.42857,2.71429,
2016-06-21,OIS.N,32.66667,,723928330
2016-06-21,OIS.N,,,723928330
2016-06-22,OIS.N,33.4,2.44444,
2016-06-28,AMPH.OQ,17.8,1.66667,259850000
2016-06-28,AMPH.OQ,17.8,1.66667,
2016-06-28,AMPH.OQ,,1.66667,
2016-06-29,OIS.N,34.2,2.38889,
2016-06-29,OIS.N,34.2,2.38889,724568330
2016-06-29,OIS.N,,2.38889,
2016-07-01,OIS.N,,,723901670
2016-07-11,OIS.N,34.06667,,722941670
2016-07-12,OIS.N,34.2,,
2016-07-12,OIS.N,34.2,,723408330
2016-07-15,SXC.N,,,1180650000
2016-07-18,AMPH.OQ,,,259783330
2016-07-18,OIS.N,,,721995000
2016-07-22,AMPH.OQ,,,256083330
2016-07-27,OIS.N,34.13333,,728230000
2016-07-28,SXC.N,7.125,2.0,
2016-07-28,OIS.N,34.85714,,733118130
2016-07-28,SXC.N,7.125,2.0,1106300000
2016-07-28,SXC.N,,2.0,
2016-07-29,OIS.N,35.46154,2.35294,732012290
2016-08-02,SXC.N,,,1175700000
2016-08-03,SXC.N,8.25,,
2016-08-08,AMPH.OQ,19.0,,258750000
2016-08-09,AMPH.OQ,20.0,,257916670
2016-08-09,AMPH.OQ,20.0,,
2016-08-10,OIS.N,35.78571,2.38889,728818600
2016-08-12,OIS.N,34.92308,2.47059,728818600
2016-08-15,AMPH.OQ,,,258416670
2016-08-16,OIS.N,,2.5,
2016-08-16,OIS.N,34.71429,2.5,726142440
2016-08-16,OIS.N,,2.5,726142440
2016-08-18,CVSA.N,22.14286,,1829964860
2016-08-19,CVSA.N,24.14286,3.0,1852157430
2016-08-19,CVSA.N,24.14286,3.0,
2016-08-24,CVSA.N,,,1852157430
2016-09-05,AMPH.OQ,20.2,,255266670
2016-09-14,CVSA.N,24.85714,2.71429,
2016-09-15,OIS.N,35.23077,,
2016-09-19,OIS.N,34.85714,,
2016-09-26,OIS.N,34.71429,,726454940
2016-09-29,OIS.N,34.66667,2.47368,724034060
2016-09-29,OIS.N,34.66667,2.47368,
2016-09-29,OIS.N,,2.47368,
2016-10-07,OIS.N,,,724092880
2016-10-10,OIS.N,34.25,,
2016-10-13,SXC.N,,,1179700000
2016-10-14,OIS.N,34.3125,,
2016-10-17,OIS.N,34.25,,724387000
2016-10-17,OIS.N,,,724387000
2016-10-18,SXC.N,8.375,,
2016-10-21,SXC.N,9.375,,1345400000
2016-10-21,SXC.N,,,1345400000
2016-10-24,CVSA.N,,2.5,
2016-10-24,CVSA.N,26.33333,2.5,1847320330
2016-10-24,CVSA.N,26.33333,2.5,
2016-10-25,OIS.N,,2.42105,
2016-10-25,OIS.N,35.0625,2.42105,
2016-10-25,SXC.N,10.5,,
2016-10-28,OIS.N,35.1875,,725978650
2016-10-31,OIS.N,35.125,,728688530
2016-11-01,CVSA.N,,,1848487000
2016-11-01,OIS.N,35.0,,729500290
2016-11-02,CVSA.N,,,1851588670
2016-11-02,CVSA.N,26.5,,1851588670
2016-11-03,OIS.N,35.0625,,734481560
2016-11-03,OIS.N,35.0625,,
2016-11-08,AMPH.OQ,20.4,,253483330
2016-11-09,AMPH.OQ,21.2,,
2016-11-09,CVSA.N,,2.33333,
2016-11-09,AMPH.OQ,21.2,,247833330
2016-11-09,CVSA.N,28.0,2.33333,
2016-11-14,OIS.N,,,732676770
2016-11-21,CVSA.N,28.5,,
2016-12-01,OIS.N,34.53333,,
2016-12-07,OIS.N,,2.26316,
2016-12-07,OIS.N,35.8,2.26316,
2016-12-12,CVSA.N,29.33333,,
2016-12-13,SXC.N,11.5,,
2016-12-14,CVSA.N,,2.14286,
2016-12-14,CVSA.N,30.42857,2.14286,1850160570
2016-12-14,OIS.N,36.13333,,
2016-12-15,SXC.N,13.0,,
2016-12-15,AMPH.OQ,,,247300000
2016-12-15,CVSA.N,32.0,,1850161710
2016-12-15,SXC.N,13.0,,1724600000
2016-12-16,CVSA.N,32.71429,,1850161710
2016-12-16,OIS.N,36.73333,,
2016-12-16,CVSA.N,,,1850161710
2016-12-20,OIS.N,37.0,,
2016-12-23,OIS.N,37.66667,,732712060
2017-01-03,AMPH.OQ,21.0,,
2017-01-03,OIS.N,38.53333,,733128710
2017-01-04,OIS.N,38.93333,,733549000
2017-01-04,OIS.N,,,733549000
2017-01-06,OIS.N,39.06667,,
2017-01-12,AMPH.OQ,20.8,,
2017-01-12,OIS.N,39.46667,,733784290
2017-01-18,OIS.N,,2.3,
2017-01-18,CVSA.N,33.85714,,
2017-01-18,OIS.N,40.1875,2.3,731824060
2017-01-19,OIS.N,40.5625,,
2017-01-19,OIS.N,40.5625,,732840720
2017-01-23,OIS.N,,,733090720
2017-01-23,OIS.N,,,779205890
2017-01-24,OIS.N,40.70588,,
2017-01-30,SXC.N,12.5,,1474400000
2017-02-02,CVSA.N,34.14286,,1846018860
2017-02-03,CVSA.N,36.42857,,1827364710
2017-02-03,CVSA.N,36.42857,,
2017-02-16,OIS.N,,2.35,
2017-02-16,OIS.N,40.29412,2.35,758233670
2017-02-17,OIS.N,40.23529,,
2017-02-17,OIS.N,40.23529,,749639220
2017-02-21,AMPH.OQ,20.4,,
2017-02-22,OIS.N,,,739220000
2017-02-24,OIS.N,40.17647,,735306560
2017-02-27,OIS.N,40.47059,,734586060
2017-03-02,OIS.N,40.29412,2.35,732003710
2017-03-02,OIS.N,,2.35,732003710
2017-03-02,OIS.N,,2.35,
2017-03-13,AMPH.OQ,19.6,,289900000
2017-03-14,AMPH.OQ,18.6,1.83333,
2017-03-14,AMPH.OQ,,1.83333,
2017-03-14,AMPH.OQ,18.6,1.83333,282083330
2017-03-15,AMPH.OQ,,,282133330
2017-03-15,OIS.N,39.94118,,
2017-03-27,CVSA.N,,,1827921860
2017-04-03,OIS.N,39.64706,,730856650
2017-04-03,OIS.N,39.64706,,
2017-04-09,OIS.N,,,733446120
2017-04-11,CVSA.N,36.57143,,
2017-04-12,OIS.N,,,732740240
2017-04-13,CVSA.N,,2.16667,
2017-04-13,CVSA.N,36.83333,2.16667,1830085670
2017-04-17,OIS.N,,,732421330
2017-04-19,OIS.N,,,732699110
2017-04-20,OIS.N,,,734176890
2017-04-26,AMPH.OQ,,,281133330
2017-04-26,SXC.N,12.0,,1352500000
2017-04-26,SXC.N,12.0,,
2017-04-27,OIS.N,39.23529,,737038000
2017-04-28,OIS.N,38.29412,,747226890
2017-04-28,OIS.N,38.29412,,
2017-05-01,OIS.N,,,749952060
2017-05-02,OIS.N,38.35294,,752352060
2017-05-02,OIS.N,38.35294,,
2017-05-03,OIS.N,,,776152640
2017-05-04,OIS.N,38.23529,,
2017-05-04,CVSA.N,37.33333,,1829085670
2017-05-04,OIS.N,38.23529,,773075800
2017-05-05,CVSA.N,38.5,,1823470330
2017-05-08,AMPH.OQ,19.5,,273400000
2017-05-08,CVSA.N,40.16667,,1817289000
2017-05-08,OIS.N,,,774875800
2017-05-08,AMPH.OQ,19.5,,
2017-05-08,CVSA.N,40.16667,,
2017-05-09,AMPH.OQ,,,271650000
2017-05-10,OIS.N,,,769446060
2017-05-11,CVSA.N,,,1814666790
2017-05-17,AMPH.OQ,19.0,,265400000
2017-05-26,CVSA.N,41.16667,,
2017-05-29,OIS.N,38.11765,,767184530
2017-05-29,OIS.N,,,767184530
2017-05-31,CVSA.N,41.4,2.0,
2017-05-31,CVSA.N,41.4,2.0,1814833490
2017-06-06,OIS.N,37.70588,2.45,
2017-06-15,OIS.N,37.44444,2.38095,764452060
2017-06-21,OIS.N,,2.42857,763393830
2017-06-21,OIS.N,,2.42857,
2017-06-21,OIS.N,36.16667,2.42857,763393830
2017-06-27,OIS.N,35.44444,,
2017-07-03,OIS.N,35.27778,,
2017-07-06,OIS.N,35.22222,,762627170
2017-07-07,OIS.N,34.77778,2.52381,762854940
2017-07-07,OIS.N,,2.52381,
2017-07-10,OIS.N,34.33333,,762354940
2017-07-13,OIS.N,34.0,,
2017-07-13,OIS.N,34.0,,762132720
2017-07-14,OIS.N,,,760632720
2017-07-20,OIS.N,32.94444,,759985110
2017-07-31,OIS.N,32.33333,,748673630
2017-07-31,SXC.N,,,1344500000
2017-08-01,OIS.N,30.5,2.61905,733915630
2017-08-01,OIS.N,,2.61905,
2017-08-02,OIS.N,29.94444,,733715630
2017-08-03,OIS.N,29.77778,,732347210
2017-08-07,OIS.N,28.64706,,730143900
2017-08-09,AMPH.OQ,18.83333,,
2017-08-09,AMPH.OQ,18.83333,,261800000
2017-08-10,AMPH.OQ,,,257466670
2017-08-10,SXC.N,12.5,,
2017-08-11,AMPH.OQ,18.66667,,246633330
2017-08-11,OIS.N,28.47059,,729108400
2017-08-11,AMPH.OQ,18.66667,,
2017-08-11,OIS.N,,,729108400
2017-08-15,CVSA.N,,,1802321250
2017-08-16,SXC.N,,2.5,
2017-08-18,CVSA.N,39.5,,
2017-08-18,CVSA.N,39.5,2.16667,1775509600
2017-08-18,CVSA.N,39.5,2.16667,
2017-08-22,OIS.N,28.17647,,
2017-09-07,CVSA.N,,,1775889600
2017-09-12,OIS.N,28.05556,,728758400
2017-09-12,OIS.N,28.05556,,
2017-09-14,CVSA.N,,2.4,
2017-09-14,CVSA.N,,2.4,1775889600
2017-09-20,CVSA.N,39.16667,,
2017-09-25,AMPH.OQ,,,245166670
2017-09-26,AMPH.OQ,19.16667,,
2017-10-06,OIS.N,,,728458400
2017-10-09,OIS.N,,,727923400
2017-10-11,OIS.N,,,727623400
2017-10-13,OIS.N,27.77778,,727145550
2017-10-17,OIS.N,27.72222,,726245550
2017-10-18,OIS.N,27.61111,,723840800
2017-10-19,OIS.N,27.44444,,721515800
2017-10-20,OIS.N,27.38889,,720615800
2017-10-23,OIS.N,27.33333,,719615800
2017-10-27,OIS.N,27.11111,,717585800
2017-10-30,SXC.N,,,1325500000
2017-10-30,SXC.N,,,1320600000
2017-10-30,OIS.N,25.61111,,707947100
2017-10-30,SXC.N,13.0,,1325500000
2017-11-01,OIS.N,25.44444,,707057100
2017-11-01,OIS.N,25.44444,,
2017-11-02,CVSA.N,39.66667,,1772509600
2017-11-02,OIS.N,,,707060110
2017-11-03,CVSA.N,40.16667,,
2017-11-03,CVSA.N,40.16667,,1756801200
2017-11-03,OIS.N,25.33333,,
2017-11-06,CVSA.N,,,1751406200
2017-11-06,OIS.N,25.22222,,706336580
2017-11-08,OIS.N,25.11111,,
2017-11-08,AMPH.OQ,19.83333,,244850000
2017-11-08,OIS.N,25.11111,,704364630
2017-11-09,AMPH.OQ,,2.0,
2017-11-09,AMPH.OQ,21.2,2.0,241216670
2017-11-22,OIS.N,,,703422530
2017-11-29,CVSA.N,40.83333,,
2017-11-30,AMPH.OQ,21.8,,241150000
2017-11-30,AMPH.OQ,21.8,,
2017-12-04,CVSA.N,42.0,,
2017-12-04,OIS.N,,,703001470
2017-12-05,CVSA.N,42.5,,
2017-12-06,CVSA.N,43.5,,
2017-12-13,OIS.N,25.33333,,
2017-12-13,SXC.N,14.0,,
2017-12-14,OIS.N,25.66667,,
2017-12-17,OIS.N,,,711054110
2017-12-18,OIS.N,25.61111,,
2017-12-20,OIS.N,25.5,,
2017-12-21,OIS.N,25.94444,,
2018-01-05,OIS.N,26.22222,,
2018-01-08,CVSA.N,44.33333,,
2018-01-11,OIS.N,27.0,,
2018-01-12,OIS.N,27.33333,,
2018-01-16,OIS.N,28.27778,2.52381,710917260
2018-01-16,SXC.N,13.0,,
2018-01-16,OIS.N,28.27778,2.52381,
2018-01-16,OIS.N,,2.52381,
2018-01-17,AMPH.OQ,,,240983330
2018-01-18,OIS.N,,,710907630
2018-01-22,OIS.N,28.61111,,
2018-01-26,AMPH.OQ,,,239983330
2018-01-30,AMPH.OQ,22.4,,
2018-02-05,CVSA.N,45.4,,1752046200
2018-02-06,CVSA.N,46.8,,1676366200
2018-02-07,CVSA.N,48.83333,2.16667,1368659830
2018-02-07,CVSA.N,,2.16667,
2018-02-08,OIS.N,,,865505080
2018-02-08,OIS.N,,,723249670
2018-02-09,SXC.N,,2.0,
2018-02-09,SXC.N,13.5,2.0,
2018-02-15,OIS.N,,2.57143,
2018-02-15,OIS.N,28.44444,2.57143,915127400
2018-02-16,OIS.N,28.77778,,957518270
2018-02-20,OIS.N,28.88889,,
2018-02-20,OIS.N,28.88889,,961645770
2018-02-21,OIS.N,,,980176810
2018-02-26,OIS.N,,,980176810
2018-03-06,SXC.N,14.0,,1277800000
2018-03-07,OIS.N,,,983872290
2018-03-12,AMPH.OQ,22.8,,306400000
2018-03-13,AMPH.OQ,23.0,,296783330
2018-03-13,OIS.N,29.0,2.55,985775250
2018-03-13,OIS.N,,2.55,
2018-03-13,AMPH.OQ,23.0,,
2018-03-13,OIS.N,29.0,2.55,
2018-03-20,OIS.N,,,991712750
2018-04-03,SXC.N,,2.0,
2018-04-03,OIS.N,,,986317880
2018-04-03,SXC.N,13.66667,2.0,1229850000
2018-04-05,OIS.N,28.94118,,
2018-04-12,OIS.N,,,994200240
2018-04-13,OIS.N,29.23529,,
2018-04-16,OIS.N,,,994023770
2018-04-17,OIS.N,29.05882,2.57895,993681500
2018-04-17,OIS.N,29.05882,2.57895,
2018-04-17,OIS.N,,2.57895,
2018-04-19,OIS.N,,,993512810
2018-04-26,OIS.N,29.47059,,1015169000
2018-04-27,SXC.N,,,1271250000
2018-04-27,OIS.N,32.11765,2.63158,1072536560
2018-04-27,SXC.N,13.33333,,1271250000
2018-04-30,OIS.N,,2.78947,1124111560
2018-04-30,OIS.N,,2.78947,
2018-04-30,OIS.N,33.11765,2.78947,1124111560
2018-05-01,OIS.N,33.29412,,
2018-05-02,OIS.N,33.70588,,1144056070
2018-05-02,OIS.N,33.70588,,
2018-05-04,CVSA.N,50.0,,1363035330
2018-05-07,CVSA.N,51.33333,2.0,
2018-05-07,CVSA.N,,2.0,
2018-05-07,CVSA.N,51.33333,2.0,1361002000
2018-05-07,OIS.N,,,1146319000
2018-05-08,OIS.N,34.17647,,
2018-05-09,AMPH.OQ,,,293916670
2018-05-09,OIS.N,34.41177,,1150652330
2018-05-10,AMPH.OQ,,,281633330
2018-05-10,CVSA.N,,,1360342400
2018-05-18,OIS.N,34.125,2.77778,1148327500
2018-05-18,OIS.N,34.125,2.77778,
2018-05-24,OIS.N,,,1148398930
2018-05-29,OIS.N,,2.76471,1148398930
2018-05-29,OIS.N,,2.76471,
2018-05-29,CVSA.N,51.66667,,1359656330
2018-05-29,OIS.N,34.06667,2.76471,1148398930
2018-06-10,CVSA.N,52.5,,
2018-06-11,CVSA.N,,,1357173000
2018-06-12,SXC.N,14.33333,,
2018-06-18,OIS.N,33.93333,,
2018-06-25,OIS.N,,,1149041790
2018-06-28,OIS.N,33.73333,,1148256070
2018-06-29,OIS.N,,,1146256070
2018-06-29,OIS.N,33.4,,1146256070
2018-07-02,AMPH.OQ,,,279132500
2018-07-05,OIS.N,,2.8125,
2018-07-05,OIS.N,32.71429,2.8125,
2018-07-09,CVSA.N,53.5,,
2018-07-11,OIS.N,,,1145827500
2018-07-13,OIS.N,33.14286,,
2018-07-13,OIS.N,33.14286,,1147613210
2018-07-18,AMPH.OQ,,,279016670
2018-07-19,OIS.N,,,1147398930
2018-07-27,SXC.N,,,1376700000
2018-07-30,OIS.N,33.71429,,1140184790
2018-07-31,OIS.N,34.53846,,1123522360
2018-08-06,OIS.N,34.76923,,
2018-08-06,OIS.N,34.76923,,1122593790
2018-08-08,AMPH.OQ,22.6,,282900000
2018-08-09,AMPH.OQ,22.8,,288665500
2018-08-09,AMPH.OQ,22.8,,
2018-08-10,OIS.N,,,1122165210
2018-08-16,CVSA.N,,,1371815000
2018-08-17,CVSA.N,53.66667,,1323331670
2018-08-17,CVSA.N,53.66667,,
2018-08-19,CVSA.N,,,1299916670
2018-08-23,CVSA.N,,,1270200000
2018-09-05,SXC.N,,,1387150000
2018-09-06,CVSA.N,,,1270200000
2018-09-07,CVSA.N,,2.16667,
2018-09-10,OIS.N,,2.70588,
2018-09-10,OIS.N,35.14286,2.70588,1122767530
2018-09-11,SXC.N,14.66667,,
2018-09-12,SXC.N,,,1398766670
2018-09-14,OIS.N,34.78571,,1121167530
2018-09-18,OIS.N,34.8,2.72222,1121122440
2018-09-18,OIS.N,,2.72222,
2018-09-18,OIS.N,34.8,2.72222,
2018-09-23,CVSA.N,,,1268940000
2018-10-03,OIS.N,,,1120359940
2018-10-11,OIS.N,,,1119564880
2018-10-12,CVSA.N,53.0,,
2018-10-17,OIS.N,34.6,,1117814880
2018-10-18,OIS.N,33.7,,1105888250
2018-10-18,OIS.N,33.7,,
2018-10-22,OIS.N,,,1103950750
2018-10-25,SXC.N,14.33333,,1422866670
2018-10-25,SXC.N,14.33333,,
2018-10-26,CVSA.N,55.8,2.0,1268940000
2018-10-26,CVSA.N,,2.0,
2018-10-29,OIS.N,31.56667,,1094750060
2018-10-30,OIS.N,30.1,,1083206310
2018-10-31,OIS.N,29.76667,,1082768810
2018-11-01,CVSA.N,57.0,,1270480000
2018-11-02,CVSA.N,58.6,,1274557600
2018-11-02,CVSA.N,58.6,,
2018-11-05,OIS.N,,,1072572790
2018-11-05,OIS.N,29.56667,,1072572790
2018-11-06,OIS.N,29.3,,
2018-11-08,AMPH.OQ,,,284898830
2018-11-08,CVSA.N,,,1275172000
2018-11-09,AMPH.OQ,24.8,,282266670
2018-11-09,SXC.N,,,1421633330
2018-11-12,OIS.N,,2.66667,1073001270
2018-11-12,OIS.N,,2.66667,
2018-11-19,OIS.N,,,1073001190
2018-11-20,SXC.N,,,1428321000
2018-11-27,SXC.N,,,1435554330
2018-11-27,SXC.N,,,1458713330
2018-12-03,OIS.N,29.1,2.64706,1073001270
2018-12-03,OIS.N,,2.64706,1073001270
2018-12-03,OIS.N,,2.64706,
2018-12-11,OIS.N,28.56667,,
2018-12-12,OIS.N,28.5,,1072867930
2018-12-13,OIS.N,27.63333,,1072929670
2018-12-19,OIS.N,26.5,,1073263270
2018-12-19,OIS.N,,,1073263270
2018-12-26,OIS.N,25.93333,,
2019-01-07,OIS.N,25.53333,,1073089930
2019-01-08,CVSA.N,58.2,,
2019-01-09,OIS.N,24.86667,,1072579730
2019-01-10,OIS.N,24.4,,1072113070
2019-01-10,OIS.N,,,1072113070
2019-01-14,OIS.N,23.86667,,
2019-01-17,OIS.N,23.2,,1075013670
2019-01-17,OIS.N,,,1115829470
2019-01-22,AMPH.OQ,25.0,,283150000
2019-02-06,OIS.N,23.42857,,1074947000
2019-02-06,SXC.N,13.66667,,1446513330
2019-02-06,OIS.N,23.42857,,
2019-02-06,SXC.N,,,1446513330
2019-02-07,CVSA.N,57.8,,1267922000
2019-02-07,CVSA.N,57.8,,
2019-02-08,CVSA.N,,,1264725000
2019-02-14,OIS.N,22.57143,,1100974270
2019-02-14,OIS.N,22.57143,,
2019-02-15,OIS.N,,,1092907600
2019-02-18,CVSA.N,57.6,,1263579000
2019-02-19,OIS.N,22.23077,2.625,1086186290
2019-02-19,OIS.N,,2.625,
2019-03-04,OIS.N,22.15385,,1083637430
2019-03-05,OIS.N,,2.64706,
2019-03-05,OIS.N,21.85714,2.64706,1086990270
2019-03-12,AMPH.OQ,25.6,2.16667,343616670
2019-03-13,AMPH.OQ,,2.33333,
2019-03-13,AMPH.OQ,25.75,2.33333,329716670
2019-03-13,OIS.N,21.71429,,1086945000
2019-03-27,OIS.N,21.78571,2.58824,1087415270
2019-03-29,OIS.N,21.71429,2.47059,1087348600
2019-03-29,OIS.N,,2.47059,
2019-03-29,OIS.N,21.71429,2.47059,
2019-04-03,OIS.N,,,1086948600
2019-04-05,OIS.N,21.78571,,
2019-04-05,OIS.N,21.78571,,1087597730
2019-04-08,OIS.N,,,1087361000
2019-04-10,OIS.N,21.85714,,1091825470
2019-04-15,OIS.N,,,1094643070
2019-04-15,OIS.N,22.15385,2.4375,1094643070
2019-04-17,OIS.N,21.85714,2.47059,
2019-04-17,OIS.N,,2.47059,
2019-04-22,SXC.N,13.66667,,
2019-04-24,OIS.N,,,1095305500
2019-04-25,OIS.N,22.14286,,1097008290
2019-04-26,OIS.N,22.23077,2.5,1102239690
2019-04-26,SXC.N,13.33333,,1450146670
2019-04-26,OIS.N,,2.5,
2019-04-26,SXC.N,13.33333,,
2019-04-29,OIS.N,22.84615,,1109132310
2019-04-30,SXC.N,,,1478980000
2019-05-01,SXC.N,,,1469450000
2019-05-02,CVSA.N,57.0,,1258539000
2019-05-03,CVSA.N,56.6,,1242937600
2019-05-03,CVSA.N,56.6,,
2019-05-06,OIS.N,23.07692,,1111897080
2019-05-09,AMPH.OQ,25.25,,
2019-05-09,AMPH.OQ,25.25,,330783330
2019-05-09,CVSA.N,,,1238923250
2019-05-10,AMPH.OQ,,,328400000
2019-05-12,OIS.N,,,1114666310
2019-05-13,CVSA.N,56.0,,
2019-05-13,OIS.N,23.15385,,
2019-05-14,CVSA.N,53.6,,1238039800
2019-05-14,OIS.N,23.46154,,1113384430
2019-05-16,CVSA.N,52.2,,
2019-05-16,CVSA.N,52.2,,1237639800
2019-06-03,OIS.N,23.23077,,1111622210
2019-06-17,CVSA.N,,,1237919800
2019-06-24,SXC.N,,,1469450000
2019-06-25,OIS.N,23.0,,1110836500
2019-06-25,OIS.N,,,1110836500
2019-06-27,OIS.N,22.76923,,
2019-07-01,OIS.N,,,1108193640
2019-07-01,SXC.N,13.5,2.0,1418700000
2019-07-09,OIS.N,22.38462,,1107907930
2019-07-09,SXC.N,13.0,2.0,1493050000
2019-07-09,OIS.N,,,1107907930
2019-07-09,SXC.N,,2.0,1493050000
2019-07-09,SXC.N,,2.0,
2019-07-10,OIS.N,22.15385,,
2019-07-11,OIS.N,,,1106861360
2019-07-11,OIS.N,22.0,,1106861360
2019-07-15,OIS.N,21.84615,,
2019-07-16,OIS.N,20.69231,,
2019-07-16,OIS.N,20.69231,,1101671930
2019-07-18,OIS.N,,,1101029070
2019-07-29,OIS.N,18.69231,,1076939070
2019-07-30,OIS.N,18.30769,,1070939070
2019-07-30,SXC.N,12.33333,,
2019-07-31,CVSA.N,,2.0,
2019-07-31,SXC.N,,,1529700000
2019-07-31,CVSA.N,50.25,2.0,1237924750
2019-07-31,SXC.N,11.66667,,1529700000
2019-08-05,OIS.N,18.0,,
2019-08-05,OIS.N,18.0,,1065768220
2019-08-06,OIS.N,,,1063125360
2019-08-07,AMPH.OQ,25.0,,
2019-08-07,AMPH.OQ,25.0,,324783330
2019-08-08,AMPH.OQ,,,324333330
2019-08-21,SXC.N,11.33333,,
2019-08-22,CVSA.N,51.5,,1301500500
2019-08-23,CVSA.N,53.5,,1305750500
2019-08-25,CVSA.N,53.75,,1309952000
2019-09-03,OIS.N,18.5,2.47059,1063083670
2019-09-03,OIS.N,,2.47059,
2019-09-05,OIS.N,18.35714,,1060417000
2019-09-11,OIS.N,18.06667,,1058883670
2019-09-12,CVSA.N,,1.8,
2019-09-12,OIS.N,,2.58824,
2019-09-12,CVSA.N,,1.8,1312184200
2019-09-12,OIS.N,,2.58824,1057050740
2019-09-12,CVSA.N,54.6,1.8,1312184200
2019-09-12,OIS.N,17.93333,2.58824,1057050740
2019-09-25,OIS.N,17.46667,,
2019-09-30,SXC.N,10.0,,
2019-10-07,OIS.N,17.06667,,1056250740
2019-10-08,CVSA.N,52.2,,
2019-10-08,OIS.N,16.73333,,1054552000
2019-10-09,OIS.N,16.46667,,1053018670
2019-10-11,OIS.N,16.26667,,1050618670
2019-10-14,OIS.N,16.16667,,
2019-10-14,OIS.N,16.16667,,1050047400
2019-10-16,CVSA.N,50.6,,
2019-10-21,CVSA.N,48.6,,
2019-10-24,OIS.N,,,1047748600
2019-10-25,OIS.N,15.9,,1040314330
2019-10-28,OIS.N,15.96667,,1028765000
2019-10-29,OIS.N,15.98333,,
2019-10-29,CVSA.N,48.2,,1313430250
2019-10-29,OIS.N,15.98333,,1027931670
2019-10-30,CVSA.N,42.8,,
2019-10-30,CVSA.N,42.8,,1137624750
2019-10-31,OIS.N,,,1022146000
2019-11-03,OIS.N,,,1022217170
2019-11-05,CVSA.N,,,1080297000
2019-11-05,OIS.N,,,1023678460
2019-11-05,SXC.N,,2.33333,
2019-11-06,SXC.N,,,1532500000
2019-11-06,SXC.N,9.0,,1532500000
2019-11-07,AMPH.OQ,24.75,,322318330
2019-11-08,AMPH.OQ,,,320618330
2019-11-08,AMPH.OQ,24.5,,320618330
2019-11-11,AMPH.OQ,23.5,,
2019-11-12,AMPH.OQ,,,320735000
2019-11-15,OIS.N,,,1023832310
2019-11-20,SXC.N,8.33333,,
2019-12-04,OIS.N,16.15,,1021985150
2019-12-04,OIS.N,16.15,,
2019-12-05,SXC.N,,2.0,
2019-12-09,OIS.N,,,1022139000
2019-12-11,AMPH.OQ,,2.5,
2019-12-11,OIS.N,,2.58824,
2019-12-13,OIS.N,16.01667,2.64706,
2019-12-15,CVSA.N,,,1079647750
2019-12-15,CVSA.N,42.2,,1079647750
2019-12-16,OIS.N,,,1022160290
2019-12-31,OIS.N,16.08929,2.625,
2019-12-31,SXC.N,8.5,2.0,1576300000
2019-12-31,SXC.N,,2.0,1447200000
2019-12-31,SXC.N,,2.0,
2020-01-06,OIS.N,,2.6875,
2020-01-06,OIS.N,,2.6875,1021844860
2020-01-06,OIS.N,16.23214,2.6875,1021844860
2020-01-07,CVSA.N,43.0,,
2020-01-08,OIS.N,16.44643,,
2020-01-10,OIS.N,16.51786,,
2020-01-13,OIS.N,16.58929,,
2020-01-20,OIS.N,,,1021702000
2020-01-23,OIS.N,16.51786,,1021500790
2020-01-24,CVSA.N,,,1078637000
2020-01-24,OIS.N,16.11539,,1019393640
2020-01-27,OIS.N,15.5,,1018000790
2020-01-29,SXC.N,8.0,,
2020-01-30,SXC.N,8.5,,1471500000
2020-01-30,SXC.N,8.5,,
2020-01-31,OIS.N,,2.66667,
2020-01-31,OIS.N,15.54167,2.66667,1029739460
2020-01-31,OIS.N,15.54167,2.66667,1017462390
2020-02-04,CVSA.N,42.4,,
2020-02-04,CVSA.N,42.4,,1077729600
2020-02-05,CVSA.N,,,1075030200
2020-02-06,SXC.N,,2.33333,
2020-02-06,SXC.N,,2.33333,1363750000
2020-02-11,CVSA.N,,,1074362750
2020-02-20,OIS.N,14.54167,,1012555150
2020-02-21,OIS.N,14.125,2.6,1005016690
2020-02-21,OIS.N,,2.6,
2020-02-24,OIS.N,13.625,,994800000
2020-02-24,OIS.N,13.625,,
2020-02-26,OIS.N,,,990558830
2020-02-28,SXC.N,8.0,,
2020-03-01,OIS.N,12.70833,,992686930
2020-03-09,OIS.N,,,980365500
2020-03-09,OIS.N,11.875,,980365500
2020-03-10,OIS.N,11.375,2.8,
2020-03-10,OIS.N,,2.8,
2020-03-12,AMPH.OQ,23.0,,369766830
2020-03-12,OIS.N,10.79167,,964865500
2020-03-13,AMPH.OQ,21.75,,
2020-03-13,AMPH.OQ,21.75,,363265500
2020-03-16,OIS.N,,,924424290
2020-03-16,OIS.N,6.83333,,924424290
2020-03-17,OIS.N,6.08333,,
2020-03-20,OIS.N,6.08333,,910924290
2020-03-20,OIS.N,,,910924290
2020-03-24,SXC.N,7.5,,
2020-03-30,OIS.N,5.36364,,
2020-04-01,CVSA.N,41.0,,
2020-04-03,OIS.N,5.18182,,
2020-04-06,OIS.N,,,906667430
2020-04-07,OIS.N,5.04546,,
2020-04-07,OIS.N,5.04546,,885238860
2020-04-08,SXC.N,6.5,,
2020-04-09,OIS.N,,,879453140
2020-04-12,OIS.N,4.31818,,860728140
2020-04-14,OIS.N,3.40909,,839228430
2020-04-15,CVSA.N,39.6,,
2020-04-15,OIS.N,3.13636,,827714140
2020-04-15,OIS.N,3.13636,,
2020-04-17,CVSA.N,,,1075343250
2020-04-20,AMPH.OQ,,,358532170
2020-04-22,CVSA.N,,1.75,1075343250
2020-04-22,CVSA.N,39.75,1.75,1075343250
2020-04-22,CVSA.N,,1.75,
2020-04-27,CVSA.N,40.25,,
2020-04-29,OIS.N,,,810824790
2020-04-30,AMPH.OQ,,,356765500
2020-04-30,OIS.N,3.22727,,741130430
2020-05-01,AMPH.OQ,,2.42857,
2020-05-01,AMPH.OQ,22.0,2.42857,356799000
2020-05-01,OIS.N,3.33636,,733987570
2020-05-03,OIS.N,3.42727,,
2020-05-04,OIS.N,,,716915070
2020-05-05,CVSA.N,41.0,,1070093250
2020-05-06,CVSA.N,,,1054809750
2020-05-06,OIS.N,,2.86667,
2020-05-06,CVSA.N,40.25,,1054809750
2020-05-06,OIS.N,,2.86667,677622770
2020-05-08,AMPH.OQ,22.2,,359213290
2020-05-08,OIS.N,,,668156860
2020-05-08,AMPH.OQ,22.2,,
2020-05-11,AMPH.OQ,,,357884710
2020-05-11,SXC.N,,,1176600000
2020-05-12,AMPH.OQ,,,357858570
2020-05-19,OIS.N,3.51818,,666164140
2020-05-29,OIS.N,3.7,,666387430
2020-05-29,OIS.N,,,666387430
2020-06-01,OIS.N,3.79091,,
2020-06-07,CVSA.N,41.0,,
2020-06-09,AMPH.OQ,,,358044290
2020-06-16,OIS.N,,,655401710
2020-07-01,OIS.N,,,654587430
2020-07-07,OIS.N,4.09091,,650016070
2020-07-07,OIS.N,4.09091,,
2020-07-09,AMPH.OQ,,2.57143,
2020-07-13,OIS.N,,,658197790
2020-07-14,CVSA.N,,,1050829500
2020-07-14,SXC.N,,,1081750000
2020-07-15,OIS.N,4.04546,,659118640
2020-07-15,OIS.N,4.04546,,
2020-07-26,OIS.N,,,658761500
2020-07-30,OIS.N,4.22727,,660425790
2020-07-31,OIS.N,4.40909,,655284070
2020-08-03,OIS.N,4.68182,,
2020-08-03,OIS.N,4.68182,,655638500
2020-08-04,SXC.N,6.0,,
2020-08-04,SXC.N,6.0,,1223600000
2020-08-05,OIS.N,,,646782620
2020-08-06,AMPH.OQ,,,358601430
2020-08-07,OIS.N,4.77273,,
2020-08-07,AMPH.OQ,22.2,,361072860
2020-08-07,OIS.N,4.77273,,648140110
2020-08-10,AMPH.OQ,22.4,,359587140
2020-08-12,OIS.N,,,649426100
2020-08-14,OIS.N,5.04546,,650114630
2020-08-18,CVSA.N,41.5,,1100280000
2020-08-19,CVSA.N,42.75,,1095546750
2020-09-11,CVSA.N,43.66667,1.66667,
2020-09-11,CVSA.N,,1.66667,
2020-09-11,CVSA.N,43.66667,1.66667,1099062330
2020-09-15,OIS.N,,2.76923,
2020-09-15,OIS.N,,2.76923,649912200
2020-09-15,OIS.N,5.25,2.76923,649912200
2020-09-16,CVSA.N,,,1095966670
2020-10-01,OIS.N,5.07,,
2020-10-02,OIS.N,,,649412200
2020-10-05,AMPH.OQ,22.6,2.42857,359730000
2020-10-05,AMPH.OQ,22.6,2.42857,
2020-10-05,AMPH.OQ,,2.42857,
2020-10-08,SXC.N,,,1224500000
2020-10-09,OIS.N,5.02,,648691300
2020-10-09,OIS.N,5.02,,
2020-10-14,OIS.N,,,648501200
2020-10-22,AMPH.OQ,,,359587140
2020-10-22,CVSA.N,43.66667,,
2020-10-30,OIS.N,,,648691200
2020-11-02,OIS.N,4.945,,
2020-11-02,OIS.N,4.945,,644919700
2020-11-03,CVSA.N,,,1093133330
2020-11-03,OIS.N,,,642244110
2020-11-06,AMPH.OQ,,,357544290
2020-11-06,CVSA.N,40.33333,,1111480330
2020-11-08,AMPH.OQ,22.4,,
2020-11-09,CVSA.N,38.5,,1111110250
2020-11-09,AMPH.OQ,,,345199170
2020-11-09,CVSA.N,38.5,1.75,1111110250
2020-11-09,SXC.N,,,1263000000
2020-11-10,AMPH.OQ,22.2,,342699170
2020-11-10,CVSA.N,,1.66667,
2020-11-10,OIS.N,4.845,,
2020-11-10,AMPH.OQ,,,342699170
2020-11-12,OIS.N,4.795,,641378440
2020-11-12,OIS.N,4.795,,
2020-11-17,CVSA.N,40.33333,,1111480330
2020-11-17,OIS.N,,,641640600
2020-11-23,OIS.N,4.995,,
2020-11-30,OIS.N,5.215,,
2020-12-03,OIS.N,,2.75,
2020-12-15,OIS.N,,,641840600
2020-12-18,OIS.N,5.315,,
2020-12-20,OIS.N,,,641840600
2020-12-21,OIS.N,5.615,,
2021-01-07,CVSA.N,42.33333,,1111443670
2021-01-07,OIS.N,5.765,,
2021-01-07,CVSA.N,,,1111443670
2021-01-08,AMPH.OQ,21.8,2.57143,
2021-01-08,AMPH.OQ,,2.57143,
2021-01-13,OIS.N,6.12778,2.72727,641600670
2021-01-14,AMPH.OQ,21.8,,
2021-01-20,SXC.N,6.5,,1261350000
2021-01-20,SXC.N,6.5,,
2021-01-26,CVSA.N,44.0,,
2021-01-29,OIS.N,6.14375,2.7,641338250
2021-01-29,OIS.N,6.14375,2.7,633051440
2021-01-29,OIS.N,6.14375,2.7,
2021-01-29,OIS.N,,2.7,
2021-02-02,CVSA.N,47.33333,,1112313670
2021-02-03,CVSA.N,45.0,,1117338000
2021-02-03,OIS.N,,,641213250
2021-02-05,SXC.N,,,1264100000
2021-02-08,SXC.N,6.66667,2.0,1302950000
2021-02-08,SXC.N,6.66667,,1302950000
2021-02-08,SXC.N,,,1302950000
2021-02-09,SXC.N,,2.0,
2021-02-10,CVSA.N,49.0,,1118784000
2021-02-18,OIS.N,6.64375,,629629220
2021-02-19,OIS.N,6.70625,,625407000
2021-02-19,OIS.N,6.70625,,
2021-02-22,OIS.N,,,625289250
2021-02-26,OIS.N,7.08125,,622776750
2021-02-26,OIS.N,,,622776750
2021-03-02,OIS.N,7.20625,,
2021-03-12,OIS.N,7.4,,622401750
2021-03-12,OIS.N,,,622401750
2021-03-15,AMPH.OQ,21.6,,429142860
2021-03-15,OIS.N,7.775,,
2021-03-16,AMPH.OQ,21.2,,415857140
2021-03-16,AMPH.OQ,21.2,,
2021-03-18,AMPH.OQ,,,416733330
2021-03-25,OIS.N,7.8375,,
2021-03-25,OIS.N,7.8375,,622666630
2021-04-08,SXC.N,7.5,,
2021-04-09,OIS.N,,,621685630
2021-04-29,CVSA.N,46.66667,,1116550670
2021-04-29,OIS.N,,,617585630
2021-04-29,SXC.N,8.0,,1303800000
2021-04-29,CVSA.N,46.66667,,
2021-04-30,CVSA.N,,,1116768670
2021-04-30,OIS.N,7.275,2.66667,608669290
2021-04-30,SXC.N,8.5,,1356000000
2021-04-30,OIS.N,7.275,2.66667,
2021-05-03,CVSA.N,,,1116368670
2021-05-03,OIS.N,,,603346860
2021-05-06,AMPH.OQ,21.4,,419605500
2021-05-07,AMPH.OQ,21.6,,422155500
2021-05-07,AMPH.OQ,21.6,,
2021-05-11,OIS.N,7.45714,2.625,599361140
2021-05-11,OIS.N,7.45714,2.625,
2021-05-21,OIS.N,,,599075430
2021-06-07,AMPH.OQ,,,422155500
2021-06-17,OIS.N,,2.57143,
2021-06-17,OIS.N,,2.57143,599083330
2021-06-17,OIS.N,7.45,2.57143,599083330
2021-07-06,OIS.N,7.78333,,
2021-07-13,AMPH.OQ,,2.5,
2021-07-13,AMPH.OQ,21.75,2.5,421286600
2021-07-29,OIS.N,,,587066670
2021-07-30,OIS.N,7.45,,
2021-07-30,OIS.N,7.45,,587233330
2021-07-30,SXC.N,9.0,,1370000020
2021-08-02,SXC.N,9.5,,1528600030
2021-08-02,SXC.N,9.5,,
2021-08-03,OIS.N,,,582116670
2021-08-04,OIS.N,,,580540000
2021-08-09,AMPH.OQ,22.25,,420146600
2021-08-10,AMPH.OQ,22.75,,417786600
2021-08-10,AMPH.OQ,22.75,,
2021-08-11,OIS.N,,2.83333,
2021-08-12,OIS.N,,2.66667,
2021-08-12,OIS.N,,2.66667,581200000
2021-08-16,AMPH.OQ,,,417469200
2021-08-17,CVSA.N,,,1115435330
2021-08-19,OIS.N,7.45833,,
2021-08-19,CVSA.N,46.0,,1444500000
2021-08-19,OIS.N,7.45833,,580333330
2021-08-20,CVSA.N,44.5,2.0,
2021-08-20,CVSA.N,44.5,2.0,1702666670
2021-08-24,CVSA.N,,,1699666670
2021-08-27,OIS.N,,,580166670
2021-09-03,CVSA.N,,2.0,
2021-09-03,CVSA.N,46.8,2.0,
2021-09-03,CVSA.N,46.8,2.0,1699666670
2021-09-16,CVSA.N,,,1702999750
2021-10-12,OIS.N,7.625,,
2021-10-14,CVSA.N,47.2,,
2021-10-18,CVSA.N,46.25,2.25,1705999670
2021-10-18,CVSA.N,,,1705999670
2021-10-25,CVSA.N,43.0,2.33333,
2021-10-25,CVSA.N,,2.33333,
2021-11-01,OIS.N,,,578250000
2021-11-02,OIS.N,7.625,,
2021-11-02,SXC.N,,,1504800000
2021-11-02,OIS.N,7.625,,576583330
2021-11-02,SXC.N,,,1562900000
2021-11-03,CVSA.N,42.33333,,1686842000
2021-11-04,CVSA.N,,,1662175670
2021-11-04,CVSA.N,41.33333,,1662175670
2021-11-08,AMPH.OQ,23.0,,419769200
2021-11-08,OIS.N,,,574200000
2021-11-09,AMPH.OQ,,,428960000
2021-11-09,AMPH.OQ,23.25,,428960000
2021-11-15,OIS.N,,,573550000
2021-11-15,OIS.N,,,711133330
2021-11-29,NRDS.OQ,,1.625,367651430
2021-11-29,NRDS.OQ,,1.625,
2021-11-29,NRDS.OQ,31.14286,1.625,
2021-11-29,NRDS.OQ,31.14286,1.625,367651430
2021-12-30,AMPH.OQ,24.5,,
2022-01-06,AMPH.OQ,26.25,2.33333,
2022-01-06,AMPH.OQ,,2.33333,
2022-01-11,CVSA.N,40.66667,,
2022-01-18,AMPH.OQ,28.25,,
2022-01-25,AMPH.OQ,,,428500000
2022-01-25,CVSA.N,37.33333,,
2022-01-31,OIS.N,7.91667,,
2022-02-01,NRDS.OQ,30.14286,,
2022-02-02,SXC.N,10.0,,1474650000
2022-02-08,CVSA.N,34.0,,1571033330
2022-02-09,CVSA.N,32.33333,,1370622670
2022-02-09,CVSA.N,,,1370622670
2022-02-15,CVSA.N,31.66667,,
2022-02-17,OIS.N,,,700066670
2022-02-18,OIS.N,7.5,,704400000
2022-02-18,SXC.N,,2.0,
2022-02-18,OIS.N,7.5,,
2022-02-23,OIS.N,,,706600000
2022-02-24,NRDS.OQ,29.42857,,475467000
2022-02-25,NRDS.OQ,24.64286,,
2022-02-25,NRDS.OQ,24.64286,,481605500
2022-03-02,OIS.N,,,704250000
2022-03-03,NRDS.OQ,,,483400860
2022-03-04,OIS.N,,2.5,705583330
2022-03-04,OIS.N,,2.5,
2022-03-09,OIS.N,7.8,,
2022-03-10,AMPH.OQ,30.0,,481140000
2022-03-11,AMPH.OQ,31.0,,487251330
2022-03-11,OIS.N,8.0,,695900000
2022-03-14,AMPH.OQ,33.25,,496818000
2022-03-14,NRDS.OQ,22.5,,483326250
2022-03-14,NRDS.OQ,,,483326250
2022-03-15,CVSA.N,33.0,2.0,
2022-03-31,OIS.N,,2.2,
2022-03-31,OIS.N,,2.2,700480000
2022-03-31,OIS.N,8.75,2.2,700480000
2022-04-07,OIS.N,9.0,,
2022-04-08,AMPH.OQ,38.75,,499434670
2022-04-11,CVSA.N,33.33333,2.33333,
2022-04-11,CVSA.N,,2.33333,
2022-04-18,OIS.N,9.4,,
2022-04-29,OIS.N,,,704960000
2022-05-01,NRDS.OQ,22.07143,,
2022-05-02,OIS.N,9.5,,714840000
2022-05-02,OIS.N,9.5,,
2022-05-03,NRDS.OQ,22.21429,,489766250
2022-05-03,SXC.N,10.5,,1768850000
2022-05-03,NRDS.OQ,22.21429,,
2022-05-03,SXC.N,10.5,,
2022-05-04,NRDS.OQ,,,500009250
2022-05-04,OIS.N,,,718840000
2022-05-05,CVSA.N,35.33333,,1370856000
2022-05-05,OIS.N,,,725425000
2022-05-06,CVSA.N,,,1374797000
2022-05-06,CVSA.N,36.33333,,1374797000
2022-05-09,AMPH.OQ,38.25,,
2022-05-09,AMPH.OQ,38.25,,501118000
2022-05-10,AMPH.OQ,,,504551330
2022-05-16,AMPH.OQ,39.5,,500484670
2022-05-16,OIS.N,,,722760000
2022-05-23,AMPH.OQ,38.33333,2.4,500481600
2022-06-10,AMPH.OQ,41.0,2.75,505850000
2022-06-17,OIS.N,9.375,,
2022-07-11,CVSA.N,38.33333,,
2022-07-11,OIS.N,8.9,,
2022-07-20,OIS.N,,2.25,
2022-07-20,OIS.N,8.625,2.25,722200000
2022-07-20,OIS.N,8.625,2.25,
2022-07-28,OIS.N,,,718925000
2022-07-29,AMPH.OQ,42.0,2.6,503080000
2022-07-29,OIS.N,8.125,,724675000
2022-07-29,AMPH.OQ,,2.6,
2022-07-29,OIS.N,8.125,,
2022-08-03,NRDS.OQ,20.5,,
2022-08-03,NRDS.OQ,20.5,,499889000
2022-08-03,OIS.N,,,728866670
2022-08-03,SXC.N,,,1718200000
2022-08-04,NRDS.OQ,,,503605500
2022-08-05,NRDS.OQ,17.71429,,518197500
2022-08-08,AMPH.OQ,41.33333,,502600000
2022-08-08,AMPH.OQ,41.33333,,
2022-08-09,AMPH.OQ,,,504680000
2022-08-09,NRDS.OQ,17.42857,,521435000
2022-08-09,NRDS.OQ,17.42857,,
2022-08-11,CVSA.N,41.33333,,1458145330
2022-08-11,NRDS.OQ,,,524889140
2022-08-11,OIS.N,7.83333,2.0,732700000
2022-08-12,CVSA.N,43.33333,,
2022-08-12,CVSA.N,43.33333,,1447812000
2022-08-15,AMPH.OQ,40.66667,,508825000
2022-08-18,CVSA.N,,,1420950000
2022-08-22,NRDS.OQ,,,521435000
2022-09-15,CVSA.N,,,1418966670
2022-10-06,OIS.N,7.125,2.25,736800000
2022-10-06,OIS.N,,2.25,
2022-10-13,CVSA.N,,,1418966670
2022-10-20,AMPH.OQ,,2.33333,
2022-10-20,AMPH.OQ,39.5,2.33333,508062800
2022-10-24,AMPH.OQ,38.75,,
2022-10-24,AMPH.OQ,38.75,,504262800
2022-10-30,OIS.N,,,740100000
2022-10-31,NRDS.OQ,17.28571,,518868250
2022-10-31,OIS.N,7.25,,
2022-11-01,SXC.N,,,1782900000
2022-11-02,NRDS.OQ,17.28571,,527686130
2022-11-02,SXC.N,,,1883000000
2022-11-02,SXC.N,,,1508600000
2022-11-03,CVSA.N,44.0,,1415763670
2022-11-03,NRDS.OQ,17.71429,,535577130
2022-11-03,OIS.N,,,737650000
2022-11-04,CVSA.N,,,1415950000
2022-11-04,CVSA.N,45.33333,,1415950000
2022-11-04,OIS.N,8.0,,734766670
2022-11-07,AMPH.OQ,,,500522800
2022-11-07,NRDS.OQ,17.85714,,536627130
2022-11-08,AMPH.OQ,37.25,,
2022-11-08,AMPH.OQ,37.25,,492811830
2022-11-18,OIS.N,,,833600000
2022-11-18,OIS.N,9.0,,733825000
2022-11-18,OIS.N,,,733825000
2022-12-06,NRDS.OQ,17.71429,,536013630
2023-01-10,OIS.N,9.5,,
2023-01-18,CVSA.N,44.66667,,
2023-01-26,SXC.N,10.5,,
2023-02-02,CVSA.N,,,1422186330
2023-02-03,CVSA.N,,,1426300000
2023-02-03,SXC.N,,,1598700000
2023-02-06,SXC.N,11.0,,1594550000
2023-02-06,SXC.N,,,1594550000
2023-02-08,AMPH.OQ,,,532024200
2023-02-08,AMPH.OQ,,,491514200
2023-02-14,NRDS.OQ,18.71429,,654392880
2023-02-15,NRDS.OQ,19.71429,,673756630
2023-02-15,NRDS.OQ,19.71429,,
2023-02-21,OIS.N,10.25,,
2023-02-21,NRDS.OQ,,,678880710
2023-02-21,OIS.N,10.25,,843475000
2023-02-23,OIS.N,,,855800000
2023-02-28,OIS.N,11.5,,847133330
2023-02-28,OIS.N,11.5,,
2023-03-01,AMPH.OQ,38.0,,541786830
2023-03-01,NRDS.OQ,20.71429,,
2023-03-02,AMPH.OQ,41.25,,547704670
2023-03-02,AMPH.OQ,,,547704670
2023-03-15,NRDS.OQ,21.66667,,
2023-03-27,OIS.N,,,846850000
2023-04-03,OIS.N,11.25,,
2023-04-11,AMPH.OQ,42.25,,
2023-04-13,NRDS.OQ,21.5,,676643570
2023-04-24,AMPH.OQ,41.66667,2.6,563038000
2023-04-24,AMPH.OQ,41.66667,,
2023-04-28,AMPH.OQ,,2.5,
2023-04-28,AMPH.OQ,,2.5,566765600
2023-05-01,OIS.N,10.875,,837375000
2023-05-01,OIS.N,10.875,,
2023-05-02,NRDS.OQ,19.16667,,636547000
2023-05-03,CVSA.N,45.33333,,1443347670
2023-05-03,NRDS.OQ,17.28571,1.875,608305130
2023-05-03,SXC.N,12.0,,
2023-05-03,CVSA.N,45.33333,,
2023-05-04,OIS.N,,,839900000
2023-05-08,SXC.N,11.0,,1684900000
2023-05-09,AMPH.OQ,42.33333,,573265600
2023-05-10,AMPH.OQ,43.0,,589645600
2023-05-16,AMPH.OQ,44.33333,,589845600
2023-06-13,AMPH.OQ,,2.33333,
2023-06-13,AMPH.OQ,44.5,2.33333,597807000
2023-06-13,AMPH.OQ,,2.33333,597807000
2023-06-14,OIS.N,9.625,,
2023-06-14,AMPH.OQ,50.5,,
2023-06-14,OIS.N,9.625,,838200000
2023-06-26,AMPH.OQ,55.0,,
2023-06-29,NRDS.OQ,,2.0,
2023-06-29,NRDS.OQ,17.16667,2.0,606817290
2023-07-07,CVSA.N,,2.0,
2023-07-09,OIS.N,,,829950000
2023-07-17,AMPH.OQ,60.5,,
2023-07-19,AMPH.OQ,64.0,,612807000
2023-07-25,AMPH.OQ,66.0,2.0,636053000
2023-07-25,AMPH.OQ,,2.0,
2023-07-27,OIS.N,,,817075000
2023-07-28,OIS.N,9.75,,
2023-07-28,OIS.N,9.75,,814825000
2023-07-30,OIS.N,,,808075000
2023-08-02,NRDS.OQ,17.0,,605682290
2023-08-02,SXC.N,11.5,,1706450000
2023-08-03,NRDS.OQ,16.66667,,608971710
2023-08-03,OIS.N,,,799733330
2023-08-03,SXC.N,11.0,2.5,1780750000
2023-08-03,NRDS.OQ,16.66667,,
2023-08-03,SXC.N,11.0,2.5,
2023-08-03,SXC.N,,2.5,
2023-08-08,AMPH.OQ,67.33333,,638928000
2023-08-09,AMPH.OQ,69.0,,
2023-08-09,AMPH.OQ,69.0,,643478000
2023-08-09,CVSA.N,,,1443814330
2023-08-09,NRDS.OQ,,,604670170
2023-08-10,CVSA.N,46.33333,,1479032670
2023-08-11,AMPH.OQ,,,644696000
2023-08-11,CVSA.N,50.66667,,1480799330
2023-08-18,NRDS.OQ,,,608971710
2023-08-21,OIS.N,,,798950000
2023-09-06,OIS.N,9.8,2.2,800462800
2023-09-06,OIS.N,,2.2,
2023-10-03,NRDS.OQ,16.16667,,604120570
2023-10-04,OIS.N,9.9,,800262800
2023-10-23,NRDS.OQ,15.83333,,603768710
2023-10-26,NRDS.OQ,15.33333,,603498140
2023-10-27,CVSA.N,,1.33333,
2023-10-27,CVSA.N,54.33333,1.33333,1497337330
2023-10-27,NRDS.OQ,14.66667,,603573860
2023-10-27,CVSA.N,,1.33333,1497337330
2023-10-27,NRDS.OQ,14.66667,,
2023-10-30,OIS.N,9.8,,792733000
2023-10-30,OIS.N,9.8,,
2023-11-02,NRDS.OQ,,,604032330
2023-11-02,SXC.N,,,1871000000
2023-11-03,OIS.N,,,795688330
2023-11-07,SXC.N,,,1610200000
2023-11-07,SXC.N,,,1945650000
2023-11-09,AMPH.OQ,,,641271000
2023-11-13,AMPH.OQ,67.66667,,640559250
2023-11-13,OIS.N,,,792513000
2023-11-14,OIS.N,9.8,,
2023-11-17,AMPH.OQ,66.5,2.2,
2023-11-17,AMPH.OQ,66.5,2.2,640543400
2023-11-17,AMPH.OQ,,2.2,
2023-12-01,AMPH.OQ,,,640520000
2024-01-04,AMPH.OQ,67.5,,
2024-01-07,OIS.N,9.6,,791913000
2024-01-07,OIS.N,,,791913000
2024-01-10,CVSA.N,57.66667,,
2024-01-10,OIS.N,9.4,,
2024-01-11,NRDS.OQ,,,604158710
2024-01-11,OIS.N,,,790226600
2024-01-11,NRDS.OQ,15.5,,604158710
2024-01-11,OIS.N,9.2,,790226600
2024-01-19,CVSA.N,61.0,,
2024-01-29,AMPH.OQ,,,639582000
2024-01-30,CVSA.N,,,1509448330
2024-01-31,CVSA.N,65.0,,1541533330
2024-01-31,CVSA.N,,,1541533330
2024-02-02,SXC.N,11.5,,1712350000
2024-02-02,SXC.N,11.5,,
2024-02-06,SXC.N,,,1726950000
2024-02-08,CVSA.N,58.0,,
2024-02-11,NRDS.OQ,15.83333,,
2024-02-13,OIS.N,9.2,,
2024-02-14,NRDS.OQ,16.33333,,625006710
2024-02-15,NRDS.OQ,18.0,,621615000
2024-02-15,NRDS.OQ,18.0,,
2024-02-20,OIS.N,,,831101000
2024-02-21,OIS.N,8.9,,
2024-02-21,OIS.N,8.9,,819938600
2024-02-27,OIS.N,,,816297670
2024-02-28,AMPH.OQ,,,640942000
2024-02-29,AMPH.OQ,67.0,,773714000
2024-02-29,CVSA.N,57.33333,,
2024-03-04,AMPH.OQ,66.0,,770071800
2024-03-04,NRDS.OQ,,,621657290
2024-03-05,AMPH.OQ,,2.16667,
2024-03-05,AMPH.OQ,66.0,2.16667,774393170
2024-03-05,OIS.N,8.7,,
2024-03-11,NRDS.OQ,18.33333,,
2024-03-11,OIS.N,,,818723250
2024-03-15,AMPH.OQ,68.5,,739393170
2024-03-15,AMPH.OQ,68.5,,
2024-03-31,CVSA.N,65.0,,
2024-04-09,AMPH.OQ,,,738548000
2024-04-12,AMPH.OQ,65.75,,741798000
2024-04-15,OIS.N,,,814373750
2024-04-17,AMPH.OQ,63.25,,
2024-04-17,AMPH.OQ,63.25,,776964670
2024-04-25,NRDS.OQ,,,622039140
2024-04-26,NRDS.OQ,,,636160430
2024-04-26,OIS.N,8.3,,799350800
2024-04-29,AMPH.OQ,,,774798000
2024-04-29,OIS.N,7.5,,773130800
2024-04-29,OIS.N,7.5,,
2024-05-02,CVSA.N,66.66667,,1552900000
2024-05-02,SXC.N,,,1671000000
2024-05-03,CVSA.N,,,1659933330
2024-05-03,CVSA.N,,,1573433330
2024-05-03,CVSA.N,68.33333,,1573433330
2024-05-03,OIS.N,,,759913500
2024-05-05,OIS.N,7.4,,756930800
2024-05-07,SXC.N,,,1734950000
2024-05-08,AMPH.OQ,,,769448000
2024-05-09,AMPH.OQ,,,755068000
2024-05-10,AMPH.OQ,,,751757500
2024-05-22,AMPH.OQ,,,752107500
2024-07-08,CVSA.N,72.0,,
2024-07-08,NRDS.OQ,,,629682430
2024-07-10,AMPH.OQ,,,747125830
2024-07-14,OIS.N,7.0,,752930800
2024-07-24,AMPH.OQ,,,746792500
2024-07-29,OIS.N,7.2,,744578200
2024-07-30,OIS.N,7.4,,754578200
2024-07-31,NRDS.OQ,18.0,,631696710
2024-08-01,NRDS.OQ,16.83333,,638204140
2024-08-01,SXC.N,12.0,,1788200000
2024-08-01,NRDS.OQ,16.83333,,
2024-08-01,SXC.N,12.0,,
2024-08-02,NRDS.OQ,,,639540430
2024-08-04,NRDS.OQ,16.33333,,639611860
2024-08-05,OIS.N,7.1,,749197750
2024-08-07,AMPH.OQ,61.5,,
2024-08-07,AMPH.OQ,61.5,,744680830
2024-08-07,CVSA.N,87.0,,1678633330
2024-08-08,AMPH.OQ,,,746164170
2024-08-12,AMPH.OQ,59.75,,745730000
2024-08-21,OIS.N,7.2,,741758200
2024-08-29,OIS.N,,2.0,
2024-08-29,OIS.N,,2.0,749197750
2024-08-29,OIS.N,7.5,2.0,749197750
2024-10-10,OIS.N,7.25,,
2024-10-11,OIS.N,7.125,,
2024-10-14,OIS.N,,,748353250
2024-10-16,AMPH.OQ,61.5,,748291670
2024-10-16,AMPH.OQ,61.5,,
2024-10-18,NRDS.OQ,16.0,,635543000
2024-10-18,NRDS.OQ,16.0,,
2024-10-22,AMPH.OQ,,,747791670
2024-10-23,AMPH.OQ,,,746958330
2024-10-24,NRDS.OQ,,,635265290
2024-10-29,CVSA.N,89.0,,1692866670
2024-10-29,NRDS.OQ,16.5,,654634710
2024-10-30,CVSA.N,92.66667,,1721333330
2024-10-30,NRDS.OQ,17.0,,672511430
2024-10-30,OIS.N,,,733575750
2024-10-30,CVSA.N,,,1721333330
2024-10-30,NRDS.OQ,17.0,,
2024-10-31,OIS.N,,,714075750
2024-11-01,AMPH.OQ,58.66667,2.2,746610000
2024-11-01,NRDS.OQ,,,672510710
2024-11-01,AMPH.OQ,58.66667,2.2,
2024-11-05,SXC.N,,,1773400000
2024-11-06,AMPH.OQ,,,738850000
2024-11-06,OIS.N,,,701767670
2024-11-07,SXC.N,,,1589950000
2024-11-07,AMPH.OQ,,,740630000
2024-11-07,SXC.N,,,1822850000
2024-11-12,AMPH.OQ,,,738250000
2024-11-22,AMPH.OQ,57.75,2.16667,737658330
2024-11-22,AMPH.OQ,,2.16667,737658330
2024-11-22,AMPH.OQ,,2.16667,
2024-12-04,CVSA.N,95.0,,
2024-12-05,AMPH.OQ,57.75,,
2025-01-06,AMPH.OQ,55.5,,
2025-01-06,OIS.N,,,701328330
2025-01-12,CVSA.N,98.66667,,
2025-01-13,OIS.N,7.3125,,
2025-01-14,NRDS.OQ,,,672517430
2025-01-17,CVSA.N,105.33333,,
2025-01-30,CVSA.N,109.66667,,1732810000
2025-01-31,CVSA.N,119.66667,,1752376670
2025-01-31,SXC.N,,,1473000000
2025-02-03,AMPH.OQ,47.5,,735945000
2025-02-05,AMPH.OQ,44.25,,735724500
2025-02-14,AMPH.OQ,44.25,,734224500
2025-02-19,NRDS.OQ,17.0,,
2025-02-19,NRDS.OQ,17.0,,766773290
2025-02-20,NRDS.OQ,,,759459000
2025-02-21,OIS.N,,,698344670
2025-02-24,NRDS.OQ,16.5,,759390430
2025-02-24,OIS.N,7.125,,709078000
2025-02-24,OIS.N,7.125,,
2025-02-28,AMPH.OQ,38.5,,736294000
2025-03-05,OIS.N,,2.0,
2025-03-06,OIS.N,,,709008500
2025-03-09,OIS.N,6.75,,
2025-03-19,AMPH.OQ,37.5,,733660330
2025-03-20,AMPH.OQ,36.5,,733077000
2025-03-20,AMPH.OQ,36.5,,
2025-04-14,AMPH.OQ,,,733577000
2025-04-14,OIS.N,6.5,,702633500
2025-04-14,OIS.N,6.5,,
2025-04-21,AMPH.OQ,35.25,,734263670
2025-04-23,CVSA.N,,1.25,
2025-04-23,CVSA.N,123.5,1.25,1751782500
2025-04-28,NRDS.OQ,16.0,,758010570
2025-05-01,OIS.N,,,700101250
2025-05-01,SXC.N,,,1506750000
2025-05-02,OIS.N,6.625,,
2025-05-02,OIS.N,6.625,,699851250
2025-05-04,NRDS.OQ,15.33333,,753587570
2025-05-04,OIS.N,,,702276250
2025-05-06,NRDS.OQ,15.0,,787331290
2025-05-06,NRDS.OQ,15.0,,
2025-05-07,AMPH.OQ,34.75,,734222000
2025-05-07,NRDS.OQ,,,790922430
2025-05-08,AMPH.OQ,33.0,,
2025-05-08,AMPH.OQ,33.0,,728205330
2025-05-08,CVSA.N,128.25,,1755532500
2025-05-08,OIS.N,,,700101670
2025-05-09,CVSA.N,137.5,,1766178500
2025-05-09,NRDS.OQ,15.33333,,795926290
2025-05-12,AMPH.OQ,,2.33333,725038670
2025-05-12,AMPH.OQ,,2.33333,
2025-05-14,AMPH.OQ,,,722317330
2025-05-14,CVSA.N,141.25,,1772128500
2025-05-14,CVSA.N,,,1772128500
2025-05-15,AMPH.OQ,,,722401000
2025-05-15,OIS.N,,,700376250
2025-07-01,OIS.N,6.875,,
2025-07-07,CVSA.N,143.25,,
2025-07-10,OIS.N,,,698744750
2025-07-11,AMPH.OQ,32.75,,723614800
2025-07-11,AMPH.OQ,32.75,,
2025-07-18,AMPH.OQ,,,724214800
2025-07-21,SXC.N,12.0,,
2025-07-22,OIS.N,6.875,,
2025-07-31,OIS.N,,,693106500
2025-07-31,SXC.N,,,1538400000
2025-08-01,OIS.N,,,688356500
2025-08-06,SXC.N,,,1587550000
2025-08-07,AMPH.OQ,31.5,,721455670
2025-08-07,CVSA.N,149.75,,1894822500
2025-08-07,NRDS.OQ,14.83333,,790602000
2025-08-07,OIS.N,,,684075330
2025-08-07,AMPH.OQ,31.5,,
2025-08-08,AMPH.OQ,,,720055670
2025-08-08,CVSA.N,152.25,,1914922500
2025-08-08,NRDS.OQ,14.5,,787140710
2025-08-08,CVSA.N,152.25,,
2025-08-08,NRDS.OQ,14.5,,
2025-08-12,AMPH.OQ,32.4,2.16667,
2025-08-12,AMPH.OQ,,2.16667,
2025-08-12,AMPH.OQ,32.4,2.16667,724555670
2025-08-13,NRDS.OQ,,,785040710
2025-08-13,OIS.N,,,683181500
2025-08-14,AMPH.OQ,,,724666000
2025-08-14,CVSA.N,,,1924348750
2025-08-14,NRDS.OQ,,,785051000
2025-08-16,AMPH.OQ,,,725212000
2025-08-22,NRDS.OQ,,,785040710
2025-08-25,AMPH.OQ,33.2,,727420330
2025-10-02,OIS.N,7.25,,
2025-10-06,CVSA.N,160.25,,
2025-10-07,OIS.N,7.25,,
2025-10-09,AMPH.OQ,33.0,,
2025-10-09,AMPH.OQ,33.0,,726098670
2025-10-14,OIS.N,7.5,,681543750
2025-10-15,AMPH.OQ,,,723598670
2025-10-15,CVSA.N,171.5,,
2025-10-16,AMPH.OQ,,,724765330
2025-10-22,AMPH.OQ,,,722932000
2025-10-30,CVSA.N,170.0,,1921801250
2025-10-31,CVSA.N,,,1925054250
2025-10-31,CVSA.N,166.5,,1925054250
2025-10-31,OIS.N,7.75,,679274500
2025-11-03,OIS.N,8.25,,
2025-11-03,NRDS.OQ,,,783608140
2025-11-03,OIS.N,8.25,,673249500
2025-11-06,NRDS.OQ,15.16667,,
2025-11-06,AMPH.OQ,,,725526670
2025-11-06,NRDS.OQ,15.16667,,800163140
2025-11-06,SXC.N,10.5,,1683100000
2025-11-07,AMPH.OQ,,,727326670
2025-11-07,OIS.N,,,694375330
2025-11-07,AMPH.OQ,32.4,,727326670
2025-11-07,NRDS.OQ,,,806834570
2025-11-07,OIS.N,,,670832670
2025-11-10,NRDS.OQ,16.16667,,823042290
2025-11-11,SXC.N,10.0,,1873500000
2025-11-11,SXC.N,10.0,,1785500000
2025-11-12,AMPH.OQ,32.4,,
2025-11-24,AMPH.OQ,32.0,,
2025-12-08,AMPH.OQ,,2.28571,727422860
2025-12-08,AMPH.OQ,,,727422860
2025-12-09,AMPH.OQ,31.71429,,
2025-12-15,CVSA.N,158.25,,
2025-12-23,AMPH.OQ,,2.33333,
2026-01-07,AMPH.OQ,31.57143,,
2026-01-07,OIS.N,8.625,,
2026-01-28,CVSA.N,,,1927499750
2026-01-29,CVSA.N,161.5,,
2026-01-29,CVSA.N,161.5,,1927999750
2026-02-04,CVSA.N,,,1930466330
2026-02-11,AMPH.OQ,,,726994290
2026-02-17,CVSA.N,161.0,1.33333,
2026-02-17,CVSA.N,161.0,1.33333,1930466330
2026-02-18,SXC.N,9.5,,1776200000
2026-02-23,OIS.N,12.375,,687034670
2026-02-25,CVSA.N,,,1925666670
2026-02-25,NRDS.OQ,16.0,,891393710
2026-02-26,AMPH.OQ,30.71429,,757298570
2026-02-26,NRDS.OQ,15.83333,,892365140
2026-02-27,AMPH.OQ,29.0,2.42857,
2026-02-27,AMPH.OQ,29.0,2.42857,757584290
2026-03-03,NRDS.OQ,15.33333,,892279430
2026-03-03,NRDS.OQ,15.33333,,
2026-03-04,NRDS.OQ,,,903619000
2026-03-05,AMPH.OQ,,,756515000
2026-03-13,NRDS.OQ,14.5,2.14286,903300710
2026-03-24,CVSA.N,153.25,1.5,1922925000
2014-11-24,LPG.N,,1.81818,
2014-11-25,DHC.OQ,,3.55556,
2014-12-08,DHC.OQ,,,844594430
2014-12-10,LPG.N,,,77210890
2014-12-10,LPG.N,23.5,,77210890
2014-12-23,DHC.OQ,21.875,,
2015-01-06,DHC.OQ,,,844591570
2015-01-07,LPG.N,22.875,,
2015-01-08,DHC.OQ,22.0,,
2015-01-12,DHC.OQ,22.25,,
2015-01-14,LPG.N,21.125,2.0,
2015-01-16,LPG.N,,,76935330
2015-01-22,LPG.N,,,77025330
2015-01-25,LPG.N,20.33333,2.0,
2015-01-26,LPG.N,,,77159800
2015-01-29,LPG.N,19.875,,
2015-01-29,LPG.N,19.875,2.09091,77319670
2015-01-29,LPG.N,19.875,2.09091,
2015-02-03,DHC.OQ,,3.5,844865170
2015-02-03,LPG.N,,,76986330
2015-02-04,LPG.N,,,76053000
2015-02-05,LPG.N,,2.0,80148560
2015-02-06,DHC.OQ,,3.55556,
2015-02-06,LPG.N,,2.18182,
2015-02-06,DHC.OQ,22.125,3.55556,844535860
2015-02-06,LPG.N,18.4125,2.18182,80670560
2015-02-06,DHC.OQ,22.125,3.55556,
2015-02-06,LPG.N,,2.18182,80670560
2015-02-09,DHC.OQ,,,844393000
2015-02-09,LPG.N,18.4125,,
2015-02-14,LPG.N,,,82431630
2015-02-18,LPG.N,17.6625,,82407880
2015-02-18,LPG.N,,,82407880
2015-02-26,DHC.OQ,,,961443570
2015-02-27,DHC.OQ,,,961429290
2015-03-05,DHC.OQ,22.1,,973544600
2015-03-05,DHC.OQ,22.1,,
2015-03-10,LPG.N,18.0375,,
2015-03-11,DHC.OQ,,,973496600
2015-03-13,LPG.N,,,84543830
2015-03-17,DHC.OQ,,,973580500
2015-03-20,DHC.OQ,,,977570500
2015-03-24,LPG.N,18.0375,,
2015-03-24,LPG.N,18.0375,,83180430
2015-04-07,LPG.N,,,83773290
2015-04-09,DHC.OQ,,,980531860
2015-04-10,LPG.N,17.61429,2.2,
2015-04-10,LPG.N,17.61429,2.2,83773290
2015-04-27,DHC.OQ,21.9,,
2015-05-06,DHC.OQ,,,979376140
2015-05-07,DHC.OQ,21.5,,978947570
2015-05-07,DHC.OQ,21.5,,
2015-05-13,DHC.OQ,,,990038000
2015-05-14,LPG.N,,,83773290
2015-05-15,DHC.OQ,,,989865000
2015-05-18,DHC.OQ,21.2,,
2015-05-20,LPG.N,,,84201860
2015-05-26,DHC.OQ,,,994681670
2015-06-01,DHC.OQ,21.5,,
2015-06-04,LPG.N,,,246514140
2015-06-05,LPG.N,,,246666860
2015-06-08,DHC.OQ,20.75,,989848330
2015-06-08,LPG.N,,,244952570
2015-06-08,DHC.OQ,20.75,,
2015-06-11,LPG.N,,,239524000
2015-06-12,DHC.OQ,,,979846570
2015-06-16,LPG.N,18.32857,2.0,243541140
2015-06-17,DHC.OQ,,3.44444,
2015-06-17,DHC.OQ,20.2,3.44444,
2015-06-25,DHC.OQ,,,976603710
2015-06-26,LPG.N,19.85714,,
2015-06-26,LPG.N,19.85714,,270398290
2015-06-26,DHC.OQ,19.8,,
2015-06-26,LPG.N,19.85714,1.6,270398290
2015-07-15,LPG.N,,1.6,
2015-07-19,LPG.N,,,279671140
2015-07-21,DHC.OQ,19.4,,
2015-07-30,LPG.N,,1.55556,
2015-07-30,LPG.N,19.85714,1.55556,272449670
2015-08-01,LPG.N,19.57143,,
2015-08-01,LPG.N,19.57143,,274814000
2015-08-05,LPG.N,,,274671140
2015-08-06,LPG.N,,1.66667,
2015-08-06,LPG.N,19.58571,1.66667,
2015-08-06,LPG.N,19.58571,1.66667,277709430
2015-08-07,DHC.OQ,19.0,,973103710
2015-08-07,DHC.OQ,19.0,,
2015-08-10,DHC.OQ,,,972669430
2015-08-12,LPG.N,,,289994330
2015-08-13,DHC.OQ,,,981475000
2015-08-14,DHC.OQ,18.8,,
2015-08-14,DHC.OQ,18.8,,981923330
2015-08-18,DHC.OQ,,,983923330
2015-08-20,LPG.N,19.44286,,
2015-08-21,DHC.OQ,,,982413430
2015-08-24,LPG.N,,,290646000
2015-08-26,DHC.OQ,,,983027710
2015-09-02,DHC.OQ,,,989442000
2015-10-07,DHC.OQ,,3.4,990024630
2015-10-07,DHC.OQ,18.5,3.4,990024630
2015-10-09,LPG.N,,,293662670
2015-10-14,LPG.N,,,293629330
2015-10-15,LPG.N,,1.7,
2015-10-15,DHC.OQ,17.83333,,
2015-10-15,LPG.N,18.85,1.7,284539430
2015-10-20,LPG.N,18.725,,283161430
2015-10-20,LPG.N,18.725,,
2015-10-22,DHC.OQ,17.66667,3.2,992724630
2015-10-22,DHC.OQ,17.66667,3.2,
2015-10-22,DHC.OQ,,3.2,
2015-10-28,LPG.N,,,276875710
2015-10-30,LPG.N,18.475,1.6,276875710
2015-10-30,LPG.N,18.475,1.6,
2015-10-30,LPG.N,,1.6,
2015-11-02,LPG.N,,,281001710
2015-11-03,LPG.N,18.5,,280216000
2015-11-04,DHC.OQ,,,991634000
2015-11-05,DHC.OQ,17.16667,,992009000
2015-11-06,DHC.OQ,16.875,,
2015-11-06,DHC.OQ,16.875,,992546500
2015-11-06,LPG.N,18.5875,,285073140
2015-11-10,DHC.OQ,,,992374000
2015-11-11,DHC.OQ,,,995789670
2015-11-16,DHC.OQ,16.66667,,
2015-11-18,DHC.OQ,,,994956330
2015-11-20,DHC.OQ,,3.22222,
2015-11-20,DHC.OQ,,3.22222,994956330
2015-11-23,LPG.N,18.4625,,276439000
2015-11-24,LPG.N,18.45714,1.55556,273554290
2015-11-24,LPG.N,18.45714,1.55556,
2015-12-10,LPG.N,,,272940000
2015-12-17,DHC.OQ,16.08333,,993842290
2015-12-17,DHC.OQ,16.08333,,
2015-12-18,LPG.N,,,272940000
2015-12-18,LPG.N,18.4,1.6,272940000
2015-12-21,LPG.N,,1.8,
2015-12-21,LPG.N,17.525,1.8,
2016-01-05,LPG.N,17.525,,
2016-01-06,LPG.N,,,271340000
2016-01-07,LPG.N,17.35556,1.72727,272460000
2016-01-07,LPG.N,,1.72727,272460000
2016-01-12,DHC.OQ,,3.0,994299500
2016-01-12,DHC.OQ,,3.0,
2016-01-15,DHC.OQ,15.75,,
2016-01-15,DHC.OQ,15.75,,994274500
2016-01-25,LPG.N,17.02222,,
2016-01-26,LPG.N,,1.90909,
2016-01-26,LPG.N,,1.90909,274185000
2016-01-29,LPG.N,,,277740000
2016-02-01,LPG.N,16.96889,,
2016-02-01,LPG.N,16.96889,,270438330
2016-02-02,LPG.N,,,270938330
2016-02-11,DHC.OQ,,,994269630
2016-02-11,LPG.N,,,281926000
2016-02-19,LPG.N,16.715,,
2016-02-23,DHC.OQ,,,1042467250
2016-02-24,DHC.OQ,,,1051359250
2016-02-25,DHC.OQ,,,1051786250
2016-03-06,LPG.N,16.96889,,
2016-03-08,DHC.OQ,,,1053555860
2016-03-08,LPG.N,,,281744000
2016-03-14,DHC.OQ,16.08333,,1057303430
2016-03-14,DHC.OQ,16.08333,,
2016-03-21,LPG.N,16.24667,2.0,
2016-03-21,DHC.OQ,,,1055065380
2016-03-21,LPG.N,16.24667,2.0,278880000
2016-03-23,DHC.OQ,,3.0,
2016-03-23,DHC.OQ,15.7,3.0,
2016-03-23,DHC.OQ,15.7,3.0,1056998290
2016-04-07,DHC.OQ,,,1055905570
2016-04-11,DHC.OQ,,,1058137570
2016-04-12,DHC.OQ,,,1062137570
2016-04-13,LPG.N,,,276080000
2016-04-14,LPG.N,,1.81818,274924000
2016-04-14,LPG.N,,1.81818,
2016-04-14,LPG.N,16.11111,1.81818,274924000
2016-04-27,DHC.OQ,,,1060394710
2016-04-27,LPG.N,15.77778,,
2016-05-09,DHC.OQ,16.1,,1058594710
2016-05-09,DHC.OQ,16.1,,
2016-05-12,DHC.OQ,,,1059301860
2016-05-13,DHC.OQ,16.6,,
2016-05-13,LPG.N,14.60111,,
2016-05-16,DHC.OQ,17.3,,1064398000
2016-05-16,DHC.OQ,17.3,,
2016-05-24,LPG.N,13.85667,,268103330
2016-05-31,LPG.N,14.14444,,
2016-05-31,DHC.OQ,,,1059798000
2016-05-31,LPG.N,14.14444,,270626670
2016-06-02,LPG.N,,,262337780
2016-06-06,DHC.OQ,17.9,,
2016-06-07,LPG.N,,,269162860
2016-06-09,LPG.N,,,247628000
2016-06-16,LPG.N,,,243142000
2016-06-16,LPG.N,13.7,,243142000
2016-06-17,DHC.OQ,18.9,2.875,1058258000
2016-06-17,LPG.N,13.25556,1.90909,
2016-06-17,DHC.OQ,,2.875,
2016-06-17,DHC.OQ,18.9,2.875,
2016-06-17,LPG.N,,1.90909,
2016-06-21,LPG.N,13.2,,
2016-06-28,LPG.N,12.35,,
2016-07-01,DHC.OQ,,,1059103000
2016-07-03,LPG.N,,2.0,
2016-07-08,DHC.OQ,,,1060039000
2016-07-19,DHC.OQ,19.9,,
2016-07-20,DHC.OQ,,,1060129000
2016-07-26,LPG.N,12.1625,,244927500
2016-07-29,LPG.N,11.32857,,232927500
2016-07-29,LPG.N,11.32857,,
2016-08-02,LPG.N,,,214377500
2016-08-03,LPG.N,,,206260000
2016-08-05,DHC.OQ,,,1050329000
2016-08-08,DHC.OQ,,,1051077000
2016-08-12,DHC.OQ,,,1052893000
2016-08-17,LPG.N,,,189260000
2016-08-18,LPG.N,11.0,,
2016-08-22,DHC.OQ,20.1,,
2016-08-22,DHC.OQ,20.1,,1053660830
2016-08-23,LPG.N,,,179208000
2016-08-26,DHC.OQ,,,1052259710
2016-08-26,LPG.N,,2.0,179208000
2016-09-01,DHC.OQ,,,1053202570
2016-09-01,DHC.OQ,20.5,,1053202570
2016-09-07,LPG.N,,2.125,
2016-09-07,DHC.OQ,21.0,,
2016-09-07,LPG.N,,2.125,179208000
2016-09-12,LPG.N,10.74286,,
2016-09-13,DHC.OQ,21.6,,
2016-09-13,LPG.N,,,178122000
2016-10-03,LPG.N,10.52857,,167284000
2016-10-06,LPG.N,,2.28571,
2016-10-10,DHC.OQ,,,1053044000
2016-10-20,DHC.OQ,21.2,3.125,1051586860
2016-10-20,DHC.OQ,21.2,3.125,
2016-10-20,DHC.OQ,,3.125,
2016-10-24,LPG.N,10.24286,,163736670
2016-10-26,LPG.N,10.1,,162570000
2016-10-28,LPG.N,,2.125,
2016-10-28,LPG.N,10.5875,2.125,
2016-10-28,LPG.N,10.5875,2.125,159570000
2016-10-31,LPG.N,,,156563330
2016-11-01,LPG.N,,,152213330
2016-11-04,DHC.OQ,,,1052444000
2016-11-04,LPG.N,,,154856000
2016-11-07,DHC.OQ,20.7,,
2016-11-07,DHC.OQ,20.7,,1052701140
2016-11-08,DHC.OQ,,,1052059710
2016-11-11,DHC.OQ,,,1052594170
2016-11-11,LPG.N,10.61875,,
2016-11-14,LPG.N,,2.25,
2016-11-14,LPG.N,,2.25,151713330
2016-11-16,LPG.N,10.65,,
2016-11-22,LPG.N,,,150713330
2016-11-23,LPG.N,10.6,,
2016-11-30,DHC.OQ,,,1053234000
2016-11-30,LPG.N,9.91429,,
2016-12-13,DHC.OQ,20.3,3.375,1052462290
2016-12-13,DHC.OQ,,3.375,
2016-12-19,DHC.OQ,19.5,,1052333710
2016-12-20,LPG.N,,,150713330
2016-12-21,DHC.OQ,20.25,3.11111,1053063000
2016-12-28,DHC.OQ,20.64286,3.0,1053478220
2016-12-28,DHC.OQ,,3.0,1053478220
2016-12-28,DHC.OQ,,3.0,
2017-01-09,LPG.N,,,151085000
2017-01-18,LPG.N,10.34286,,
2017-01-23,DHC.OQ,20.78571,,
2017-01-24,LPG.N,,,151601670
2017-01-25,LPG.N,10.23333,,152372860
2017-01-30,LPG.N,11.31667,,151440000
2017-01-31,LPG.N,11.3,2.5,152297140
2017-02-02,LPG.N,11.25714,2.55556,152410000
2017-02-02,LPG.N,11.25714,,
2017-02-03,LPG.N,,2.77778,154910000
2017-02-03,LPG.N,,2.77778,
2017-02-06,LPG.N,,,155213330
2017-02-27,DHC.OQ,,,1078974330
2017-02-28,DHC.OQ,20.92857,,
2017-02-28,DHC.OQ,20.92857,,1076743110
2017-03-01,DHC.OQ,,,1077002220
2017-03-01,LPG.N,,2.55556,
2017-03-06,DHC.OQ,,,1081839430
2017-03-08,DHC.OQ,21.0,,
2017-03-09,DHC.OQ,,3.0,
2017-03-09,DHC.OQ,20.875,3.0,
2017-03-09,DHC.OQ,20.875,3.0,1079786250
2017-03-10,DHC.OQ,,,1080661250
2017-03-23,LPG.N,,,154713330
2017-04-07,DHC.OQ,21.0,,1075251250
2017-04-07,LPG.N,,,154213330
2017-04-07,DHC.OQ,21.0,,
2017-04-10,DHC.OQ,,,1074985670
2017-04-13,DHC.OQ,21.25,,1074936330
2017-04-13,DHC.OQ,21.25,,
2017-04-18,DHC.OQ,,,1073002700
2017-04-20,LPG.N,11.18571,,155230000
2017-04-20,LPG.N,11.18571,,
2017-04-21,DHC.OQ,,,1074502700
2017-05-03,LPG.N,,2.33333,155896670
2017-05-03,LPG.N,,2.33333,
2017-05-08,DHC.OQ,,,1069798100
2017-05-08,LPG.N,,,156197140
2017-05-15,DHC.OQ,21.64286,3.09091,1066228100
2017-05-15,DHC.OQ,21.64286,3.09091,
2017-05-15,DHC.OQ,,3.09091,
2017-05-16,WTTR.N,19.8,1.8,520393000
2017-05-16,WTTR.N,,,520393000
2017-05-16,DHC.OQ,,,1064460130
2017-05-16,WTTR.N,19.8,1.8,
2017-05-18,WTTR.N,,1.57143,
2017-05-18,WTTR.N,19.85714,1.57143,524351830
2017-05-18,WTTR.N,,1.57143,524351830
2017-05-22,DHC.OQ,21.0,,1064025130
2017-05-22,DHC.OQ,21.0,,
2017-05-23,DHC.OQ,,,1065800110
2017-05-31,DHC.OQ,20.61111,,
2017-05-31,LPG.N,11.0375,,
2017-06-05,LPG.N,,2.375,
2017-06-12,LPG.N,,2.25,155911430
2017-06-12,LPG.N,,2.25,
2017-06-12,LPG.N,,2.25,163165500
2017-06-14,LPG.N,10.61429,,
2017-06-15,LPG.N,9.97143,,161735500
2017-06-15,LPG.N,9.97143,,
2017-06-19,LPG.N,,,161860500
2017-06-21,LPG.N,,,165740570
2017-06-23,LPG.N,,,165926290
2017-06-26,LPG.N,,,171756670
2017-06-26,WTTR.N,19.57143,,
2017-06-30,DHC.OQ,,,1065529330
2017-06-30,WTTR.N,19.0,,524363500
2017-07-06,LPG.N,,,169256670
2017-07-07,LPG.N,9.92857,,
2017-07-07,WTTR.N,18.71429,,531696830
2017-07-14,DHC.OQ,20.5,,
2017-07-20,WTTR.N,18.85714,,532588830
2017-07-25,WTTR.N,19.0,1.66667,521106600
2017-07-25,WTTR.N,19.0,,
2017-07-26,DHC.OQ,,,1064066400
2017-07-31,LPG.N,9.82143,,
2017-07-31,LPG.N,9.82143,,167725000
2017-08-01,LPG.N,,2.22222,
2017-08-01,LPG.N,,2.22222,164558330
2017-08-03,DHC.OQ,,,1062366400
2017-08-03,WTTR.N,,1.8,517738250
2017-08-03,WTTR.N,,1.8,
2017-08-04,DHC.OQ,20.38889,,1062475300
2017-08-07,DHC.OQ,20.16667,,
2017-08-07,DHC.OQ,20.16667,,1067589300
2017-08-07,LPG.N,,,165725000
2017-08-07,WTTR.N,,,527488250
2017-08-10,DHC.OQ,,,1066124570
2017-08-11,DHC.OQ,,,1070817430
2017-08-14,WTTR.N,18.66667,,528765500
2017-08-15,WTTR.N,18.41667,,
2017-08-15,DHC.OQ,,,1071571250
2017-08-15,WTTR.N,18.41667,,528213750
2017-08-16,DHC.OQ,,3.18182,
2017-08-16,WTTR.N,,2.0,
2017-08-18,DHC.OQ,,,1071841110
2017-08-21,WTTR.N,,,530085000
2017-08-28,LPG.N,,,165725000
2017-08-31,LPG.N,,2.375,165725000
2017-08-31,LPG.N,,2.375,
2017-09-12,WTTR.N,17.91667,,
2017-09-20,DHC.OQ,,,1071737000
2017-09-25,DHC.OQ,20.27778,,
2017-09-26,WTTR.N,17.41667,2.8,
2017-09-26,WTTR.N,,2.8,
2017-09-29,DHC.OQ,,,1072009100
2017-09-29,LPG.N,,,166058330
2017-10-01,DHC.OQ,20.16667,,
2017-10-09,LPG.N,,,165241430
2017-10-10,LPG.N,,,161677140
2017-10-13,WTTR.N,17.5,,535584330
2017-10-27,LPG.N,9.37857,2.625,
2017-10-27,LPG.N,9.37857,2.625,157962860
2017-10-27,LPG.N,,2.625,
2017-11-03,LPG.N,,,158962860
2017-11-07,LPG.N,9.525,,160548570
2017-11-09,DHC.OQ,,,1073209100
2017-11-10,DHC.OQ,,,1073459100
2017-11-10,WTTR.N,17.5,,600772500
2017-11-11,LPG.N,9.69167,,160142860
2017-11-11,LPG.N,9.69167,,
2017-11-13,WTTR.N,,,688183250
2017-11-13,DHC.OQ,,,1073592700
2017-11-13,WTTR.N,18.0,,688183250
2017-11-14,LPG.N,,,161886670
2017-11-15,DHC.OQ,,,1073710500
2017-11-15,WTTR.N,18.4,,
2017-11-16,DHC.OQ,,,1073023750
2017-11-16,LPG.N,10.05,2.57143,156415000
2017-11-16,WTTR.N,18.3,,
2017-11-16,LPG.N,,2.57143,
2017-11-17,LPG.N,9.725,,156415000
2017-11-20,DHC.OQ,20.05556,,1072924220
2017-11-21,DHC.OQ,19.94444,,1073190890
2017-11-21,DHC.OQ,19.94444,,
2017-11-28,WTTR.N,18.58333,2.5,688146600
2017-12-01,DHC.OQ,,,1073983800
2017-12-01,LPG.N,10.05,,161886670
2017-12-01,LPG.N,,,161886670
2017-12-08,WTTR.N,,2.28571,
2017-12-08,WTTR.N,,2.28571,683033830
2017-12-08,WTTR.N,18.78571,2.28571,683033830
2017-12-12,LPG.N,10.05,,
2017-12-13,DHC.OQ,,,1074329900
2017-12-13,DHC.OQ,20.0,,1074329900
2017-12-13,LPG.N,,2.5,
2017-12-14,LPG.N,10.05,,
2017-12-18,LPG.N,10.375,,
2017-12-20,LPG.N,10.375,,159915000
2017-12-20,LPG.N,10.375,,
2017-12-21,DHC.OQ,20.0,,
2018-01-04,WTTR.N,19.0,,
2018-01-05,DHC.OQ,,,1074374900
2018-01-05,DHC.OQ,19.88889,,1074374900
2018-01-05,LPG.N,,,154405000
2018-01-08,WTTR.N,19.14286,,676033830
2018-01-16,DHC.OQ,19.66667,,
2018-01-16,WTTR.N,19.85714,,676055500
2018-01-16,WTTR.N,,,676055500
2018-01-16,WTTR.N,,,1639931670
2018-01-24,DHC.OQ,,,1074379100
2018-01-26,WTTR.N,20.28571,,
2018-01-30,DHC.OQ,,3.18182,
2018-01-31,LPG.N,9.95,,
2018-02-01,LPG.N,,,160352500
2018-02-02,LPG.N,9.79167,,165882000
2018-02-02,LPG.N,9.79167,,
2018-02-06,LPG.N,,,167582000
2018-02-08,LPG.N,9.89286,2.28571,
2018-02-12,WTTR.N,,2.0,
2018-02-12,WTTR.N,20.42857,2.0,
2018-02-13,DHC.OQ,,,1074279100
2018-02-16,LPG.N,9.66875,2.375,162985000
2018-02-16,LPG.N,,2.375,
2018-02-23,LPG.N,9.68125,,165485000
2018-02-23,LPG.N,9.68125,,
2018-02-27,DHC.OQ,19.33333,,1098610500
2018-02-28,DHC.OQ,18.88889,,1099887900
2018-03-01,DHC.OQ,18.66667,,1100372800
2018-03-01,DHC.OQ,18.66667,,
2018-03-02,DHC.OQ,,,1104244400
2018-03-06,DHC.OQ,,,1110281000
2018-03-08,DHC.OQ,18.61111,,1111386710
2018-03-08,WTTR.N,20.0,,1628891670
2018-03-08,DHC.OQ,18.61111,,
2018-03-09,WTTR.N,19.71429,,1627225000
2018-03-12,WTTR.N,19.85714,,1641195170
2018-03-13,WTTR.N,,,1642195170
2018-03-13,WTTR.N,19.57143,,1642195170
2018-03-14,DHC.OQ,,,1113617830
2018-03-19,DHC.OQ,18.11111,,1105898500
2018-03-19,DHC.OQ,18.11111,,
2018-03-21,DHC.OQ,,,1105020890
2018-03-23,LPG.N,,,164985000
2018-03-23,WTTR.N,19.14286,,
2018-03-28,DHC.OQ,,,1105860330
2018-04-05,DHC.OQ,17.88889,,
2018-04-05,DHC.OQ,17.88889,,1103995900
2018-04-09,WTTR.N,,,1660290330
2018-04-10,LPG.N,9.88571,2.28571,165920000
2018-04-10,LPG.N,,2.28571,
2018-04-10,LPG.N,,2.28571,165920000
2018-04-12,WTTR.N,18.75,1.875,1652215430
2018-04-19,WTTR.N,19.77778,1.88889,1653213500
2018-04-19,WTTR.N,,1.88889,
2018-04-23,LPG.N,9.78333,,
2018-04-24,LPG.N,,,164260000
2018-05-07,LPG.N,,,162660000
2018-05-10,WTTR.N,19.88889,,
2018-05-10,DHC.OQ,,,1102085900
2018-05-10,WTTR.N,19.88889,,1655793500
2018-05-11,DHC.OQ,,,1105849000
2018-05-11,WTTR.N,,,1656846000
2018-05-14,DHC.OQ,,,1106595800
2018-05-14,WTTR.N,20.0,,1654374500
2018-05-15,WTTR.N,20.55556,,1651493630
2018-05-16,DHC.OQ,17.94444,,
2018-05-16,DHC.OQ,17.94444,,1112495130
2018-05-17,WTTR.N,20.72222,,
2018-05-17,WTTR.N,20.72222,,1624235570
2018-05-23,LPG.N,,,162660000
2018-05-24,LPG.N,9.78333,,
2018-05-29,DHC.OQ,,,1118370130
2018-05-31,WTTR.N,,,1630443380
2018-06-01,DHC.OQ,,,1117873440
2018-06-04,WTTR.N,20.65,1.9,1629193560
2018-06-04,WTTR.N,20.65,1.9,
2018-06-04,WTTR.N,,1.9,
2018-06-06,DHC.OQ,,3.2,
2018-06-06,DHC.OQ,,3.2,1117873440
2018-06-06,DHC.OQ,18.1875,3.2,1117873440
2018-06-14,DHC.OQ,17.8125,,
2018-06-15,LPG.N,9.34,,
2018-06-15,LPG.N,9.34,,154100000
2018-06-25,WTTR.N,,,1632193560
2018-06-26,LPG.N,,,154150000
2018-06-29,WTTR.N,20.45,,1630004670
2018-06-29,WTTR.N,,,1630004670
2018-07-10,WTTR.N,20.6,,
2018-07-17,DHC.OQ,18.0,,
2018-07-19,WTTR.N,20.55556,2.0,1628001500
2018-07-19,WTTR.N,,2.0,
2018-07-19,WTTR.N,20.55556,2.0,
2018-08-06,LPG.N,,,143766670
2018-08-07,DHC.OQ,,,1123272890
2018-08-08,DHC.OQ,18.25,,1123539560
2018-08-08,DHC.OQ,18.25,,
2018-08-09,DHC.OQ,,,1123983440
2018-08-09,WTTR.N,,,1623397000
2018-08-10,DHC.OQ,,,1124784560
2018-08-10,LPG.N,,,141766670
2018-08-10,WTTR.N,19.88889,,1619932630
2018-08-13,WTTR.N,,,1587094380
2018-08-13,LPG.N,,,134500000
2018-08-13,WTTR.N,19.22222,,1587094380
2018-08-14,DHC.OQ,,,1118807570
2018-08-14,LPG.N,,,133500000
2018-08-21,LPG.N,,,138625000
2018-08-27,DHC.OQ,,,1118824000
2018-08-28,DHC.OQ,18.4375,,
2018-08-30,DHC.OQ,,,1119032440
2018-08-31,LPG.N,,,138625000
2018-08-31,LPG.N,,2.33333,138625000
2018-09-04,DHC.OQ,,,1119467120
2018-09-06,LPG.N,,2.2,
2018-09-13,WTTR.N,19.05556,,
2018-09-14,WTTR.N,,,1585969380
2018-09-14,WTTR.N,18.72222,,1585969380
2018-09-18,LPG.N,,2.5,
2018-09-20,WTTR.N,18.38889,,
2018-09-21,DHC.OQ,,,1119701330
2018-10-05,WTTR.N,18.15,2.0,
2018-10-05,WTTR.N,18.15,2.0,1585772000
2018-10-05,WTTR.N,,2.0,
2018-10-12,WTTR.N,,,1578426890
2018-10-15,DHC.OQ,18.3125,,
2018-10-15,WTTR.N,17.75,,1575160220
2018-10-15,WTTR.N,17.75,,
2018-10-24,LPG.N,9.54,2.4,156900000
2018-10-24,LPG.N,,2.4,
2018-10-29,DHC.OQ,18.0625,3.3,1119673000
2018-10-29,LPG.N,9.6,,161500000
2018-10-29,WTTR.N,,,1573493560
2018-10-29,DHC.OQ,18.0625,3.3,
2018-10-29,DHC.OQ,,3.3,
2018-10-31,LPG.N,9.83333,2.16667,
2018-10-31,LPG.N,9.83333,2.16667,166500000
2018-10-31,LPG.N,,2.16667,
2018-11-01,LPG.N,,,166700000
2018-11-02,LPG.N,,,168160000
2018-11-07,WTTR.N,17.75,,1564849110
2018-11-08,WTTR.N,17.25,,
2018-11-08,DHC.OQ,,,1120011880
2018-11-08,WTTR.N,17.25,,1544952670
2018-11-09,DHC.OQ,17.8125,,
2018-11-09,DHC.OQ,17.8125,,1119249880
2018-11-09,WTTR.N,,,1539024220
2018-11-12,DHC.OQ,,,1119484550
2018-11-12,WTTR.N,,,1532767780
2018-11-16,DHC.OQ,17.0625,3.5,1119501550
2018-11-19,WTTR.N,17.35,1.8,
2018-11-19,WTTR.N,,1.8,
2018-11-20,DHC.OQ,15.92857,3.66667,1120558620
2018-11-20,DHC.OQ,15.92857,3.66667,
2018-11-20,DHC.OQ,,3.66667,
2018-11-21,DHC.OQ,,,1119931800
2018-11-30,DHC.OQ,15.5,,1120509830
2018-12-03,DHC.OQ,,3.22222,
2018-12-03,DHC.OQ,15.35714,3.22222,1120722710
2018-12-06,DHC.OQ,14.92857,,
2018-12-06,DHC.OQ,14.92857,,1120147710
2018-12-10,DHC.OQ,,3.25,1120147710
2018-12-11,WTTR.N,16.95,,
2018-12-12,WTTR.N,16.75,,1532545560
2018-12-12,WTTR.N,,,1532545560
2018-12-13,DHC.OQ,14.78571,,
2018-12-14,DHC.OQ,,3.14286,1119605670
2018-12-14,DHC.OQ,15.08333,3.14286,1119605670
2018-12-14,WTTR.N,16.65,,
2018-12-14,DHC.OQ,,3.14286,
2018-12-17,DHC.OQ,14.58333,,
2018-12-18,DHC.OQ,,,1119761990
2018-12-19,WTTR.N,,,1532875440
2018-12-19,WTTR.N,16.15,,1532875440
2018-12-26,WTTR.N,16.015,,
2018-12-31,DHC.OQ,,3.125,1119909370
2018-12-31,DHC.OQ,,3.125,
2019-01-02,WTTR.N,15.415,,1531875440
2019-01-02,WTTR.N,,,1531875440
2019-01-03,WTTR.N,15.215,,
2019-01-07,WTTR.N,,,1531319890
2019-01-07,WTTR.N,14.965,,1531319890
2019-01-10,LPG.N,,,169800000
2019-01-10,LPG.N,9.41667,,169800000
2019-01-16,WTTR.N,14.565,,
2019-01-21,LPG.N,9.18333,,
2019-01-24,LPG.N,9.22,,
2019-02-05,LPG.N,8.775,,169260000
2019-02-05,LPG.N,8.775,,
2019-02-06,LPG.N,,,166060000
2019-02-08,LPG.N,9.075,1.83333,170957400
2019-02-08,LPG.N,,1.83333,170957400
2019-02-11,WTTR.N,14.165,,
2019-02-14,WTTR.N,,,1560136110
2019-02-20,LPG.N,8.6,,
2019-02-27,WTTR.N,14.265,,1542591670
2019-02-28,WTTR.N,14.265,,
2019-02-28,WTTR.N,14.265,,1484261330
2019-03-01,DHC.OQ,14.41667,,
2019-03-01,DHC.OQ,14.41667,,1167064750
2019-03-01,WTTR.N,,,1461089670
2019-03-04,WTTR.N,14.19,,
2019-03-04,WTTR.N,14.19,,1458867440
2019-03-06,DHC.OQ,,,1165433500
2019-03-08,DHC.OQ,14.25,,1170121000
2019-03-13,DHC.OQ,13.58333,,1163852750
2019-03-27,DHC.OQ,13.41667,,1154914500
2019-03-27,DHC.OQ,13.41667,,
2019-03-29,DHC.OQ,,,1155664500
2019-03-29,WTTR.N,,,1461634110
2019-04-02,DHC.OQ,12.9,3.14286,1069714500
2019-04-02,WTTR.N,14.39,,
2019-04-02,DHC.OQ,,3.14286,
2019-04-04,DHC.OQ,12.3,,1061763380
2019-04-05,DHC.OQ,11.1,,1053023500
2019-04-08,LPG.N,,1.85714,
2019-04-08,LPG.N,,1.85714,170484500
2019-04-08,LPG.N,8.95,1.85714,170484500
2019-04-09,LPG.N,9.575,,
2019-04-10,DHC.OQ,,,1030211880
2019-04-10,DHC.OQ,9.538,,1030211880
2019-04-11,DHC.OQ,9.8,,
2019-04-17,DHC.OQ,,,1022586880
2019-04-24,LPG.N,9.75,,174151170
2019-04-30,LPG.N,9.875,,
2019-04-30,LPG.N,9.875,,173201170
2019-05-01,DHC.OQ,,,1026076860
2019-05-08,WTTR.N,14.4,,1451256330
2019-05-08,WTTR.N,14.4,,
2019-05-09,WTTR.N,,,1451597110
2019-05-10,WTTR.N,14.45,,1449930440
2019-05-10,WTTR.N,14.45,,
2019-05-12,WTTR.N,,,1453521890
2019-05-13,DHC.OQ,9.2,,
2019-05-13,DHC.OQ,9.2,,1020022290
2019-05-14,WTTR.N,,,1443828440
2019-05-15,LPG.N,,,173034500
2019-05-20,LPG.N,10.2,,
2019-05-23,LPG.N,,,212241430
2019-05-28,LPG.N,,,213727000
2019-05-30,WTTR.N,,,1442384000
2019-05-30,LPG.N,,,218466500
2019-05-30,WTTR.N,14.55,,1442384000
2019-05-31,LPG.N,,,217783170
2019-06-03,DHC.OQ,,,1020350860
2019-06-05,LPG.N,,,218449830
2019-06-21,DHC.OQ,9.75,,
2019-06-21,DHC.OQ,9.75,2.83333,1018481000
2019-06-21,LPG.N,9.92,2.16667,231021600
2019-06-21,DHC.OQ,9.75,2.83333,
2019-06-21,LPG.N,,2.16667,
2019-06-26,LPG.N,10.28,,242421600
2019-06-26,LPG.N,10.28,,
2019-06-27,WTTR.N,14.4,2.0,
2019-06-27,WTTR.N,,2.0,
2019-06-30,DHC.OQ,,,1009650000
2019-07-01,WTTR.N,,,1439606220
2019-07-04,LPG.N,,,232899670
2019-07-18,WTTR.N,14.3,,1438928440
2019-07-25,LPG.N,,1.83333,
2019-07-25,LPG.N,11.68,1.83333,248999670
2019-07-29,DHC.OQ,,,1009650000
2019-07-30,DHC.OQ,,2.8,
2019-08-01,LPG.N,10.85,,243819600
2019-08-01,WTTR.N,14.77778,,1433484000
2019-08-02,LPG.N,,2.0,
2019-08-07,WTTR.N,13.33333,,1378465890
2019-08-07,WTTR.N,13.33333,,
2019-08-08,LPG.N,10.6,,249058000
2019-08-08,WTTR.N,,,1351322220
2019-08-09,WTTR.N,13.11111,,1332163220
2019-08-13,LPG.N,10.8,,
2019-08-13,DHC.OQ,,,1011524200
2019-08-13,LPG.N,10.8,,254680000
2019-08-13,WTTR.N,12.88889,,1319050630
2019-08-14,WTTR.N,,,1303925630
2019-08-14,LPG.N,,,248133330
2019-08-14,WTTR.N,12.61111,,1303925630
2019-08-16,WTTR.N,12.38889,,
2019-09-04,DHC.OQ,,,1023310000
2019-09-05,DHC.OQ,9.5,2.83333,
2019-09-05,DHC.OQ,9.5,2.83333,1033167000
2019-09-09,DHC.OQ,,,1041500330
2019-09-10,WTTR.N,12.4375,2.0,1304057860
2019-09-10,WTTR.N,,2.0,
2019-09-10,WTTR.N,12.4375,2.0,
2019-09-11,WTTR.N,,,1301772140
2019-09-12,WTTR.N,,,1304343570
2019-09-12,WTTR.N,12.375,,1304343570
2019-09-20,LPG.N,,,250466670
2019-09-25,WTTR.N,12.5,,
2019-09-27,DHC.OQ,,,1041850250
2019-10-04,LPG.N,11.8,,
2019-10-09,WTTR.N,12.25,,1302200710
2019-10-14,DHC.OQ,,3.0,
2019-10-14,LPG.N,,1.6,
2019-10-14,DHC.OQ,9.41667,3.0,1038096200
2019-10-14,LPG.N,13.96667,1.6,239200000
2019-10-25,LPG.N,15.43333,,277133330
2019-10-28,WTTR.N,11.88889,,1300486430
2019-10-28,WTTR.N,11.88889,,
2019-10-31,LPG.N,15.3,,304038330
2019-11-01,LPG.N,,,322853750
2019-11-01,LPG.N,14.975,,322853750
2019-11-05,VIR.OQ,,,12181000
2019-11-05,VIR.OQ,29.0,2.0,12181000
2019-11-05,VIR.OQ,29.0,2.0,
2019-11-07,WTTR.N,,,1301143570
2019-11-08,DHC.OQ,9.08333,,
2019-11-08,DHC.OQ,9.08333,,1039838500
2019-11-08,WTTR.N,11.66667,,1305685570
2019-11-11,WTTR.N,11.44444,,1302816710
2019-11-12,WTTR.N,11.35,,
2019-11-12,WTTR.N,11.35,,1302959570
2019-11-13,VIR.OQ,26.0,2.2,
2019-11-13,VIR.OQ,26.0,2.2,12024800
2019-11-13,WTTR.N,,,1304986500
2019-11-14,DHC.OQ,,,1034310000
2019-11-18,DHC.OQ,,,1035144750
2019-11-19,VIR.OQ,,,11004800
2019-11-20,LPG.N,15.58,1.66667,
2019-11-20,VIR.OQ,,,9609600
2019-11-26,VIR.OQ,,,9409600
2019-11-26,VIR.OQ,,,10900000
2019-12-02,WTTR.N,11.23889,,
2019-12-02,DHC.OQ,,,1033652500
2019-12-02,WTTR.N,11.23889,,1305121000
2019-12-05,WTTR.N,,,1305121000
2019-12-06,DHC.OQ,8.91667,,
2019-12-09,DHC.OQ,8.75,,
2019-12-09,LPG.N,,,323603750
2019-12-10,WTTR.N,11.12778,,
2019-12-11,DHC.OQ,,3.14286,
2019-12-11,WTTR.N,,2.0,
2019-12-17,DHC.OQ,8.66667,,
2019-12-19,LPG.N,16.15,1.71429,326523000
2019-12-19,LPG.N,,1.71429,
2020-01-03,DHC.OQ,,,1034434170
2020-01-06,DHC.OQ,,,1036200830
2020-01-06,WTTR.N,,,1304035710
2020-01-07,DHC.OQ,,,1035986430
2020-01-07,DHC.OQ,,3.0,1035986430
2020-01-10,WTTR.N,11.29444,,
2020-01-16,DHC.OQ,,3.14286,
2020-01-17,DHC.OQ,8.83333,,
2020-01-17,DHC.OQ,8.83333,,1666018600
2020-01-17,DHC.OQ,8.83333,,1035959570
2020-01-28,LPG.N,16.55,,328769170
2020-01-29,LPG.N,17.13333,,
2020-01-29,WTTR.N,,,1259654140
2020-01-29,LPG.N,17.13333,,325485830
2020-01-29,WTTR.N,,,1304178570
2020-02-04,VIR.OQ,26.33333,,
2020-02-04,VIR.OQ,26.33333,2.4,
2020-02-05,LPG.N,,2.0,
2020-02-05,LPG.N,,2.0,329986000
2020-02-06,LPG.N,16.96667,,328343200
2020-02-07,LPG.N,16.91667,,327743200
2020-02-07,LPG.N,16.91667,,
2020-02-10,LPG.N,,,324563200
2020-02-24,VIR.OQ,,,9329600
2020-02-25,WTTR.N,10.73889,,1240287860
2020-02-26,WTTR.N,10.64375,,1221787860
2020-02-27,VIR.OQ,,2.8,
2020-02-27,WTTR.N,10.39375,,1215133570
2020-03-03,DHC.OQ,,,1686292500
2020-03-04,DHC.OQ,,,1697620330
2020-03-04,DHC.OQ,8.5,,1697620330
2020-03-05,DHC.OQ,8.33333,,
2020-03-06,DHC.OQ,,,1687063670
2020-03-06,WTTR.N,10.3125,,1208705000
2020-03-06,WTTR.N,,,1208705000
2020-03-09,DHC.OQ,,,1722956400
2020-03-09,LPG.N,,2.28571,
2020-03-09,WTTR.N,9.6875,2.22222,
2020-03-10,WTTR.N,9.21429,2.25,
2020-03-12,WTTR.N,,,1176990710
2020-03-12,DHC.OQ,8.0,,1721060400
2020-03-12,WTTR.N,8.28571,2.375,1176990710
2020-03-13,WTTR.N,,2.33333,
2020-03-13,VIR.OQ,,3.0,
2020-03-13,WTTR.N,8.125,2.33333,
2020-03-16,WTTR.N,7.25,,1154276430
2020-03-17,WTTR.N,6.625,,1126080710
2020-03-19,WTTR.N,6.42857,2.375,
2020-03-19,VIR.OQ,,3.2,
2020-03-19,WTTR.N,6.42857,2.375,1108345000
2020-03-19,WTTR.N,,2.375,
2020-03-20,WTTR.N,,,1040012500
2020-03-23,DHC.OQ,7.5,,1688960400
2020-03-23,DHC.OQ,7.5,,
2020-03-25,WTTR.N,,,978179170
2020-03-25,DHC.OQ,,,1679133670
2020-03-25,VIR.OQ,,,9331800
2020-03-25,WTTR.N,6.42857,,978179170
2020-03-26,VIR.OQ,27.33333,,
2020-03-27,VIR.OQ,33.33333,,9900000
2020-03-27,VIR.OQ,,,9900000
2020-03-31,WTTR.N,6.14286,,
2020-04-01,WTTR.N,,2.625,
2020-04-01,WTTR.N,5.14286,2.625,
2020-04-02,DHC.OQ,6.5,,
2020-04-03,WTTR.N,4.71429,,
2020-04-05,WTTR.N,4.64286,,915679170
2020-04-06,DHC.OQ,,,1678095330
2020-04-07,WTTR.N,,,885512500
2020-04-07,VIR.OQ,34.33333,,
2020-04-07,WTTR.N,4.42857,,885512500
2020-04-08,LPG.N,15.41667,2.0,322763200
2020-04-08,WTTR.N,4.28571,,
2020-04-24,LPG.N,13.41667,2.14286,321363200
2020-04-24,LPG.N,,2.14286,321363200
2020-04-24,LPG.N,,2.14286,
2020-04-27,WTTR.N,,,850679170
2020-04-29,DHC.OQ,5.58333,,1680028670
2020-05-01,DHC.OQ,6.1,3.16667,1658502000
2020-05-01,LPG.N,13.41667,,
2020-05-01,DHC.OQ,6.1,3.16667,
2020-05-01,DHC.OQ,,3.16667,
2020-05-03,DHC.OQ,,,1641398400
2020-05-06,WTTR.N,4.39286,,757362500
2020-05-07,WTTR.N,5.12857,,726705670
2020-05-08,WTTR.N,,,660025170
2020-05-08,WTTR.N,4.84286,,660025170
2020-05-11,DHC.OQ,5.5,,1626173800
2020-05-11,WTTR.N,5.2,,
2020-05-11,DHC.OQ,,,1626173800
2020-05-12,VIR.OQ,33.33333,,12380000
2020-05-12,WTTR.N,,,622630200
2020-05-13,VIR.OQ,34.33333,,14980000
2020-05-18,LPG.N,12.08333,,
2020-05-18,DHC.OQ,4.45,,
2020-05-18,LPG.N,12.08333,,319752670
2020-05-19,DHC.OQ,3.65,,1635844830
2020-05-20,WTTR.N,,,622358500
2020-05-25,LPG.N,,,319752670
2020-05-27,DHC.OQ,3.7,,1664526500
2020-05-27,LPG.N,12.08333,,285211000
2020-05-27,DHC.OQ,3.7,,
2020-05-27,LPG.N,,,285211000
2020-05-28,LPG.N,12.25,2.28571,
2020-05-28,LPG.N,12.25,,
2020-06-01,VIR.OQ,34.66667,,15869600
2020-06-01,WTTR.N,5.52143,,
2020-06-03,LPG.N,,,255741500
2020-06-08,DHC.OQ,,3.14286,1665188430
2020-06-08,DHC.OQ,,3.14286,
2020-06-10,WTTR.N,5.7,,
2020-06-17,LPG.N,,2.33333,
2020-06-19,DHC.OQ,3.85,,1666597000
2020-06-19,DHC.OQ,3.85,,
2020-06-24,WTTR.N,,,617525170
2020-06-25,LPG.N,,,254941500
2020-06-26,LPG.N,11.16667,,
2020-07-01,DHC.OQ,,,1665439860
2020-07-02,LPG.N,10.6,,254941500
2020-07-06,WTTR.N,5.62857,,
2020-07-27,WTTR.N,,,616025170
2020-07-31,LPG.N,10.8,,253941500
2020-07-31,LPG.N,10.8,,
2020-08-01,LPG.N,,,258953200
2020-08-04,LPG.N,11.0,,
2020-08-04,LPG.N,11.0,,250713200
2020-08-05,WTTR.N,5.91429,,
2020-08-05,LPG.N,,,249113200
2020-08-05,WTTR.N,5.91429,,610825170
2020-08-06,LPG.N,,,244913200
2020-08-06,WTTR.N,,,616158500
2020-08-07,DHC.OQ,,,1674805710
2020-08-07,WTTR.N,,,589039500
2020-08-09,WTTR.N,,,591706170
2020-08-10,DHC.OQ,,,1673593570
2020-08-11,LPG.N,,,237400000
2020-08-11,VIR.OQ,40.33333,,59370800
2020-08-11,WTTR.N,,,585847400
2020-08-12,VIR.OQ,39.5,,125291000
2020-08-13,WTTR.N,6.05714,,
2020-08-14,DHC.OQ,3.9,,
2020-08-14,WTTR.N,6.41429,,
2020-08-14,DHC.OQ,3.9,,1666177860
2020-08-14,WTTR.N,6.41429,,586206170
2020-08-20,DHC.OQ,,,1660835000
2020-08-20,VIR.OQ,44.0,3.0,117525830
2020-08-24,VIR.OQ,,2.85714,111907860
2020-08-24,VIR.OQ,49.16667,2.85714,111907860
2020-08-24,VIR.OQ,,,111907860
2020-08-27,LPG.N,,,241150000
2020-08-31,DHC.OQ,,,1659374170
2020-08-31,VIR.OQ,50.0,,
2020-09-09,DHC.OQ,,3.125,
2020-09-09,DHC.OQ,,3.125,1661149290
2020-09-11,VIR.OQ,49.83333,2.71429,
2020-09-14,DHC.OQ,,,1658118130
2020-09-14,VIR.OQ,50.83333,2.57143,
2020-09-14,VIR.OQ,,2.57143,
2020-09-15,WTTR.N,,,587039500
2020-09-17,DHC.OQ,,,1650508750
2020-09-21,VIR.OQ,51.66667,,
2020-10-02,WTTR.N,,2.75,587206170
2020-10-02,WTTR.N,,2.75,
2020-10-05,VIR.OQ,52.14286,2.375,108604380
2020-10-05,VIR.OQ,,2.375,108604380
2020-10-05,VIR.OQ,,2.375,
2020-10-06,WTTR.N,6.02143,,581372830
2020-10-06,WTTR.N,,,581372830
2020-10-07,VIR.OQ,55.0,,
2020-10-14,DHC.OQ,,,1649496250
2020-10-16,WTTR.N,5.87857,,
2020-10-22,LPG.N,,,245650000
2020-10-26,DHC.OQ,3.7,,1649255130
2020-10-26,LPG.N,11.2,2.16667,255525000
2020-10-26,DHC.OQ,3.7,,
2020-10-26,LPG.N,11.2,2.16667,
2020-10-27,WTTR.N,,,584872830
2020-10-28,LPG.N,,,253025000
2020-10-30,LPG.N,,,254775000
2020-11-02,LPG.N,11.8,2.0,
2020-11-02,DHC.OQ,,,1645743250
2020-11-02,LPG.N,11.8,2.0,267700000
2020-11-02,LPG.N,,2.0,
2020-11-04,WTTR.N,5.65,,587114830
2020-11-04,WTTR.N,5.65,,
2020-11-05,DHC.OQ,,,1645771250
2020-11-05,LPG.N,,,274933330
2020-11-06,WTTR.N,,,584252670
2020-11-09,DHC.OQ,3.5,,
2020-11-09,DHC.OQ,3.5,,1644386130
2020-11-09,WTTR.N,,,583516000
2020-11-10,VIR.OQ,54.85714,,92339000
2020-11-10,WTTR.N,5.42143,,583596670
2020-11-10,VIR.OQ,54.85714,,
2020-11-10,WTTR.N,,,583596670
2020-11-11,DHC.OQ,,,1642723630
2020-11-11,VIR.OQ,,,76351500
2020-11-12,VIR.OQ,,,76344000
2020-11-13,DHC.OQ,3.6,,1642331130
2020-11-13,VIR.OQ,,,76078860
2020-11-13,DHC.OQ,3.6,,
2020-11-17,VIR.OQ,,,79119000
2020-11-20,LPG.N,10.25,,
2020-11-27,LPG.N,10.25,,272600000
2020-11-27,LPG.N,10.25,,
2020-12-01,DHC.OQ,,,1640359250
2020-12-07,WTTR.N,5.49286,,
2020-12-10,DHC.OQ,,3.25,
2020-12-11,LPG.N,,,280266670
2020-12-15,DHC.OQ,,,1639209250
2020-12-15,WTTR.N,5.63571,,584930000
2020-12-15,WTTR.N,,,584930000
2020-12-18,WTTR.N,5.77857,,
2020-12-23,LPG.N,,,280266670
2021-01-07,LPG.N,,,271700000
2021-01-10,LPG.N,10.2,2.28571,
2021-01-10,LPG.N,,2.28571,
2021-01-18,LPG.N,11.4,,298950000
2021-01-18,LPG.N,,,298950000
2021-01-20,VIR.OQ,58.42857,,
2021-01-21,DHC.OQ,4.05,,1636928380
2021-01-21,DHC.OQ,4.05,,
2021-01-26,DHC.OQ,,,1636932430
2021-01-27,VIR.OQ,63.5,2.5,
2021-01-28,VIR.OQ,74.4,2.14286,78993140
2021-01-28,WTTR.N,,,585263330
2021-01-28,VIR.OQ,,2.14286,
2021-01-29,LPG.N,12.6,2.0,
2021-01-29,WTTR.N,5.575,2.85714,585376000
2021-01-29,LPG.N,,2.0,
2021-01-29,WTTR.N,5.575,2.85714,
2021-01-29,WTTR.N,,2.85714,
2021-02-01,DHC.OQ,,,1636032430
2021-02-02,DHC.OQ,4.0,,1517725290
2021-02-02,LPG.N,14.9,,
2021-02-02,WTTR.N,,,580882000
2021-02-02,DHC.OQ,4.0,,
2021-02-02,DHC.OQ,4.0,,1635815140
2021-02-02,LPG.N,14.9,,343333330
2021-02-02,WTTR.N,,,589576000
2021-02-04,LPG.N,,,335666670
2021-02-05,LPG.N,,,355000000
2021-02-11,LPG.N,,2.14286,338333330
2021-02-18,WTTR.N,5.74167,,
2021-02-25,VIR.OQ,77.6,,178621430
2021-02-26,DHC.OQ,,,1498087860
2021-02-26,LPG.N,,2.42857,334000000
2021-02-26,VIR.OQ,79.0,,261852860
2021-02-26,WTTR.N,5.86667,,580921600
2021-02-26,LPG.N,,,334000000
2021-02-26,WTTR.N,,,580921600
2021-03-01,DHC.OQ,4.2,,1484264710
2021-03-01,WTTR.N,6.2,,
2021-03-02,VIR.OQ,81.6,,333110000
2021-03-02,WTTR.N,6.45,,582321600
2021-03-03,LPG.N,,2.33333,
2021-03-03,VIR.OQ,80.2,,288118860
2021-03-04,LPG.N,14.7,,
2021-03-05,LPG.N,,2.14286,
2021-03-05,DHC.OQ,4.4,,1524393290
2021-03-05,LPG.N,16.1,2.14286,
2021-03-08,LPG.N,,,352220000
2021-03-08,WTTR.N,6.58333,,602521600
2021-03-09,VIR.OQ,82.2,,308290290
2021-03-10,DHC.OQ,4.5,,1509396140
2021-03-11,VIR.OQ,88.4,,334861710
2021-03-11,VIR.OQ,88.4,,
2021-03-12,WTTR.N,6.875,,
2021-03-12,WTTR.N,6.875,3.0,601666670
2021-03-16,DHC.OQ,4.55,,1489890710
2021-03-16,DHC.OQ,4.55,,
2021-04-01,DHC.OQ,,,1490562140
2021-04-13,DHC.OQ,,3.28571,1490562140
2021-04-13,DHC.OQ,,3.28571,
2021-04-19,LPG.N,16.7,,
2021-04-20,LPG.N,,1.71429,
2021-04-20,LPG.N,,1.71429,351970000
2021-04-22,VIR.OQ,,,337147430
2021-04-28,DHC.OQ,4.625,,
2021-04-28,DHC.OQ,4.625,,1483959570
2021-04-30,WTTR.N,,2.75,595500000
2021-05-05,WTTR.N,6.625,,
2021-05-06,VIR.OQ,,,379890290
2021-05-06,WTTR.N,6.75,,
2021-05-07,VIR.OQ,,,375424710
2021-05-10,DHC.OQ,,,1483283140
2021-05-11,WTTR.N,,2.66667,
2021-05-11,VIR.OQ,,,396995500
2021-05-11,WTTR.N,6.66667,2.66667,631000000
2021-05-12,VIR.OQ,,,359424710
2021-05-14,DHC.OQ,,,1483467430
2021-05-16,LPG.N,16.9,,
2021-05-16,LPG.N,16.9,,347470000
2021-05-19,LPG.N,,1.85714,
2021-05-19,LPG.N,,1.85714,290843830
2021-05-20,LPG.N,,,290510500
2021-05-20,VIR.OQ,,,356267570
2021-05-21,WTTR.N,6.75,,655000000
2021-05-22,LPG.N,,,281012600
2021-05-24,DHC.OQ,,,1487110290
2021-06-03,VIR.OQ,81.16667,2.25,
2021-06-03,DHC.OQ,,,1485945710
2021-06-03,VIR.OQ,81.16667,2.25,311734130
2021-06-03,VIR.OQ,,2.25,
2021-06-13,DHC.OQ,,,1472053330
2021-06-28,LPG.N,,,281012600
2021-07-08,WTTR.N,6.41667,,659458500
2021-07-13,DHC.OQ,,,1472053330
2021-07-15,DHC.OQ,,,1472059670
2021-07-15,WTTR.N,6.8125,2.5,662487670
2021-07-15,WTTR.N,,2.5,
2021-07-15,WTTR.N,,2.5,662487670
2021-07-16,DHC.OQ,,,1483825170
2021-07-16,WTTR.N,6.9375,,
2021-07-30,DHC.OQ,4.58333,,
2021-07-30,DHC.OQ,4.58333,,1483291000
2021-08-03,LPG.N,,,281812600
2021-08-04,LPG.N,16.6,,277160500
2021-08-04,WTTR.N,,,678080670
2021-08-04,LPG.N,16.6,,
2021-08-05,LPG.N,,,271160500
2021-08-05,VIR.OQ,,,317896630
2021-08-06,VIR.OQ,76.66667,,
2021-08-06,VIR.OQ,76.66667,,377198750
2021-08-09,DHC.OQ,,,1469335830
2021-08-10,VIR.OQ,,,383536250
2021-08-10,WTTR.N,,,689045670
2021-08-11,LPG.N,,,259750000
2021-08-13,DHC.OQ,4.5,,1454281830
2021-08-13,VIR.OQ,,,419184290
2021-08-13,WTTR.N,7.1875,,703045670
2021-08-13,DHC.OQ,4.5,,
2021-08-17,DHC.OQ,,,1447065170
2021-08-20,DHC.OQ,,,1435361830
2021-08-26,LPG.N,17.0,1.875,271726000
2021-08-26,LPG.N,17.0,,
2021-08-31,VIR.OQ,69.85714,,
2021-09-10,DHC.OQ,,,1424703000
2021-09-13,WTTR.N,7.125,,704296330
2021-09-14,LPG.N,,2.0,265526000
2021-09-14,LPG.N,,2.0,
2021-09-22,VIR.OQ,69.57143,2.375,370654860
2021-09-22,VIR.OQ,69.57143,2.375,
2021-09-22,VIR.OQ,,2.375,
2021-09-24,VIR.OQ,,,366599140
2021-10-03,VIR.OQ,68.14286,,
2021-10-03,VIR.OQ,68.14286,,471084860
2021-10-08,DHC.OQ,,3.16667,
2021-10-08,DHC.OQ,4.6,3.16667,
2021-10-19,VIR.OQ,,,476513430
2021-10-25,VIR.OQ,,2.25,
2021-10-25,VIR.OQ,69.28571,2.25,
2021-10-25,VIR.OQ,69.28571,2.25,458324250
2021-10-27,LPG.N,,,267868000
2021-10-28,VIR.OQ,,,454511750
2021-11-03,LPG.N,,,268028000
2021-11-03,WTTR.N,7.375,,712396000
2021-11-04,LPG.N,,,262928000
2021-11-05,VIR.OQ,67.85714,,508769380
2021-11-08,DHC.OQ,4.4,,1422062830
2021-11-08,WTTR.N,7.75,,726729330
2021-11-09,WTTR.N,8.0,,739812000
2021-11-10,DHC.OQ,4.5,,1414190000
2021-11-11,VIR.OQ,67.71429,,518269380
2021-11-17,VIR.OQ,67.85714,,652002630
2021-11-19,LPG.N,17.0,,
2021-11-24,DHC.OQ,4.3,,1409456670
2021-11-24,DHC.OQ,4.3,,
2021-11-30,DHC.OQ,,,1407856670
2021-11-30,VIR.OQ,77.14286,,644852630
2021-12-03,DHC.OQ,4.16,,
2021-12-09,WTTR.N,8.1875,,740722000
2021-12-09,WTTR.N,8.1875,,
2021-12-10,DHC.OQ,,,1386903500
2021-12-15,LPG.N,,,262928000
2021-12-16,WTTR.N,,,1089149330
2021-12-20,VIR.OQ,,2.5,
2021-12-21,VIR.OQ,91.42857,,
2021-12-21,VIR.OQ,91.42857,,667502630
2021-12-30,DHC.OQ,4.36,,1386482000
2021-12-30,DHC.OQ,4.36,,
2022-01-05,LPG.N,,,270035000
2022-01-07,DHC.OQ,,,1383532000
2022-01-24,LPG.N,,,270035000
2022-01-26,LPG.N,,,266888000
2022-01-31,LPG.N,,,266110000
2022-01-31,VIR.OQ,,,781290130
2022-02-01,DHC.OQ,4.56,,1382497250
2022-02-01,LPG.N,,,271860000
2022-02-01,DHC.OQ,4.56,,1335481500
2022-02-03,LPG.N,16.83333,,256415000
2022-02-03,LPG.N,16.83333,,
2022-02-09,VIR.OQ,,,777865130
2022-02-10,LPG.N,,,260768750
2022-02-16,VIR.OQ,89.0,,
2022-02-16,VIR.OQ,89.0,,851023750
2022-02-24,VIR.OQ,,,1412447170
2022-02-24,WTTR.N,8.3125,,1099008000
2022-02-24,WTTR.N,,,1099008000
2022-02-25,DHC.OQ,4.36,,1341007750
2022-02-25,VIR.OQ,87.57143,,1734239500
2022-02-28,WTTR.N,8.8125,,
2022-03-01,DHC.OQ,4.16,,1297603750
2022-03-02,LPG.N,,2.0,
2022-03-02,LPG.N,,2.0,260768750
2022-03-03,VIR.OQ,,2.25,
2022-03-03,VIR.OQ,86.42857,2.25,1728351500
2022-03-03,WTTR.N,9.6875,,1221838500
2022-03-04,DHC.OQ,4.25,,
2022-03-04,DHC.OQ,4.25,,1299533750
2022-03-04,LPG.N,17.2,,
2022-03-04,WTTR.N,10.375,,1206559000
2022-03-08,LPG.N,17.8,,
2022-03-10,DHC.OQ,,3.2,1299533750
2022-03-14,WTTR.N,,,1208030000
2022-03-14,LPG.N,17.8,,
2022-03-14,WTTR.N,11.0,,1208030000
2022-03-25,LPG.N,,,257168750
2022-03-28,VIR.OQ,81.42857,,1663101500
2022-03-30,VIR.OQ,67.14286,,1736972710
2022-04-06,VIR.OQ,65.85714,,
2022-04-06,VIR.OQ,65.85714,,1682878430
2022-04-08,DHC.OQ,,3.25,
2022-04-08,DHC.OQ,,3.25,1299533750
2022-04-14,DHC.OQ,,,1288108750
2022-04-19,LPG.N,17.5,,
2022-04-19,VIR.OQ,,,1644362710
2022-04-27,VIR.OQ,,,1649481000
2022-05-02,VIR.OQ,,,1597695290
2022-05-02,WTTR.N,10.625,,
2022-05-03,LPG.N,18.0,,258668750
2022-05-05,VIR.OQ,,,1635566710
2022-05-05,WTTR.N,10.875,,
2022-05-06,VIR.OQ,64.0,,
2022-05-06,VIR.OQ,64.0,,1509823570
2022-05-09,LPG.N,,1.85714,
2022-05-09,DHC.OQ,4.05,,1282410750
2022-05-09,LPG.N,18.0,1.85714,261335000
2022-05-09,VIR.OQ,,,1568985000
2022-05-10,WTTR.N,,,1224045000
2022-05-12,VIR.OQ,,,1525113570
2022-05-12,VIR.OQ,53.28571,,1525113570
2022-05-16,WTTR.N,,,1242696670
2022-05-19,DHC.OQ,3.75,,1282565750
2022-05-19,DHC.OQ,3.75,,
2022-05-23,DHC.OQ,,,1283031330
2022-05-23,VIR.OQ,52.71429,,
2022-05-26,LPG.N,18.25,,261894830
2022-05-27,LPG.N,18.75,,264061500
2022-05-29,LPG.N,18.6,,266594830
2022-05-29,LPG.N,18.6,,
2022-06-02,LPG.N,,,277656000
2022-06-15,WTTR.N,,,1276269000
2022-06-16,DHC.OQ,,3.2,1277592250
2022-06-16,DHC.OQ,,3.2,
2022-06-26,LPG.N,18.66667,,
2022-07-14,LPG.N,18.5,,281256000
2022-07-14,LPG.N,,,281256000
2022-07-15,DHC.OQ,,,1276622250
2022-07-15,DHC.OQ,3.69,,1276622250
2022-07-15,VIR.OQ,55.5,,
2022-07-19,VIR.OQ,55.5,,
2022-07-20,LPG.N,18.71429,1.75,
2022-07-20,WTTR.N,10.83333,2.33333,1274403500
2022-07-20,WTTR.N,,2.33333,
2022-07-20,LPG.N,,1.75,
2022-07-20,WTTR.N,10.83333,2.33333,
2022-07-26,LPG.N,18.57143,,
2022-07-26,LPG.N,18.57143,,280016000
2022-07-27,VIR.OQ,,,1572399290
2022-07-29,LPG.N,,,286464000
2022-08-01,DHC.OQ,3.425,,
2022-08-03,LPG.N,18.57143,,281024170
2022-08-03,WTTR.N,,,1302326330
2022-08-04,LPG.N,19.5,,
2022-08-04,LPG.N,19.5,,279857500
2022-08-08,DHC.OQ,,,1278015000
2022-08-09,LPG.N,,,279940830
2022-08-09,VIR.OQ,,,1509632570
2022-08-09,WTTR.N,,,1324455500
2022-08-10,VIR.OQ,54.83333,,
2022-08-10,DHC.OQ,,,1281753330
2022-08-10,VIR.OQ,54.83333,,1360288140
2022-08-11,VIR.OQ,,,1403659570
2022-08-12,VIR.OQ,55.16667,,1432232430
2022-08-12,VIR.OQ,55.16667,,
2022-08-13,LPG.N,19.66667,,
2022-08-17,LPG.N,,1.875,278274170
2022-08-17,LPG.N,,1.875,
2022-08-19,DHC.OQ,3.4,,1273083330
2022-08-19,WTTR.N,,,1349824500
2022-08-22,WTTR.N,,,1319239000
2022-08-30,DHC.OQ,3.15,,1273087500
2022-08-30,LPG.N,,,279864170
2022-08-30,DHC.OQ,3.15,,
2022-09-01,LPG.N,,1.85714,
2022-09-02,WTTR.N,10.5,,1359309330
2022-09-04,LPG.N,,,279864170
2022-09-07,VIR.OQ,,,1429653860
2022-09-09,VIR.OQ,49.42857,2.44444,1407835500
2022-09-14,VIR.OQ,,2.3,
2022-09-14,VIR.OQ,48.25,2.3,1407953780
2022-09-14,VIR.OQ,,2.3,1407953780
2022-09-23,LPG.N,18.85714,2.0,278740710
2022-09-23,LPG.N,,2.0,
2022-09-27,DHC.OQ,,3.25,1273087500
2022-09-27,DHC.OQ,,3.25,
2022-10-04,LPG.N,18.71429,,282597860
2022-10-06,WTTR.N,10.375,2.25,1356232000
2022-10-06,WTTR.N,,2.25,
2022-10-07,DHC.OQ,3.075,,
2022-10-17,VIR.OQ,48.25,,
2022-10-18,VIR.OQ,48.25,,
2022-10-21,DHC.OQ,3.0125,,
2022-10-25,VIR.OQ,,,1386556220
2022-10-27,LPG.N,18.85714,,283769290
2022-10-27,LPG.N,18.85714,,
2022-10-31,LPG.N,,,282739290
2022-10-31,VIR.OQ,,,1392667330
2022-11-02,LPG.N,19.14286,,294751830
2022-11-03,WTTR.N,,,1369493500
2022-11-03,LPG.N,19.5,,302085170
2022-11-03,VIR.OQ,48.625,,1492698110
2022-11-03,WTTR.N,10.625,,1369493500
2022-11-04,VIR.OQ,49.5,,1631145780
2022-11-04,VIR.OQ,49.5,,
2022-11-07,DHC.OQ,2.8875,,
2022-11-07,LPG.N,19.64286,,302001830
2022-11-07,LPG.N,19.64286,,
2022-11-09,LPG.N,,,313887000
2022-11-09,WTTR.N,11.875,,
2022-11-10,LPG.N,,,317572750
2022-11-10,VIR.OQ,,,1667068860
2022-11-11,DHC.OQ,2.875,,
2022-11-11,DHC.OQ,2.875,,1275225000
2022-11-18,WTTR.N,12.125,,
2022-11-21,DHC.OQ,,,1275933330
2022-11-21,WTTR.N,,,1386401000
2022-11-22,WTTR.N,,,1394523000
2022-11-29,VIR.OQ,,,1695560250
2022-11-30,DHC.OQ,,,1277886670
2022-12-13,LPG.N,20.07143,,
2022-12-21,WTTR.N,12.375,,1395735000
2022-12-21,WTTR.N,,,1395735000
2022-12-28,DHC.OQ,,,1277265000
2022-12-28,DHC.OQ,,,1368509250
2022-12-28,DHC.OQ,2.625,,1277265000
2023-01-03,VIR.OQ,49.5,,
2023-01-04,LPG.N,,2.125,
2023-01-04,WTTR.N,11.875,,
2023-01-06,DHC.OQ,2.575,,
2023-01-09,LPG.N,,2.375,
2023-01-09,LPG.N,18.64286,2.375,
2023-01-17,LPG.N,18.78571,,315398200
2023-01-17,LPG.N,18.78571,,
2023-01-22,VIR.OQ,53.0,2.22222,1695560250
2023-01-27,LPG.N,,,312038200
2023-01-27,VIR.OQ,54.42857,2.11111,1695635250
2023-01-27,VIR.OQ,54.42857,2.11111,
2023-01-30,LPG.N,18.74286,,319038200
2023-01-30,VIR.OQ,,,1702642500
2023-01-30,WTTR.N,,,1717760500
2023-02-01,LPG.N,19.45714,,331922000
2023-02-02,LPG.N,20.07143,,
2023-02-02,LPG.N,20.07143,,337522000
2023-02-07,LPG.N,,2.625,
2023-02-07,LPG.N,,2.625,362522000
2023-02-21,VIR.OQ,,2.0,
2023-02-21,VIR.OQ,56.14286,2.0,
2023-02-23,VIR.OQ,55.42857,,387059250
2023-02-24,VIR.OQ,54.71429,,
2023-02-24,VIR.OQ,54.71429,,309296880
2023-02-27,LPG.N,,,356313330
2023-02-28,WTTR.N,,,1725466000
2023-03-01,DHC.OQ,2.1,,
2023-03-01,WTTR.N,,,1725466000
2023-03-02,VIR.OQ,,,242546430
2023-03-03,DHC.OQ,2.26667,,
2023-03-03,VIR.OQ,53.71429,,237611880
2023-03-06,VIR.OQ,,1.88889,
2023-03-06,VIR.OQ,50.14286,1.88889,179743890
2023-03-07,DHC.OQ,,,1376786500
2023-03-09,LPG.N,,2.5,
2023-03-09,LPG.N,22.0,2.5,360697140
2023-03-09,LPG.N,22.0,2.5,
2023-03-13,DHC.OQ,2.3,,
2023-03-13,DHC.OQ,2.3,,1376206500
2023-03-14,DHC.OQ,,,1386771000
2023-03-15,WTTR.N,11.375,,
2023-03-15,WTTR.N,11.375,,1737662500
2023-03-16,WTTR.N,,,1690431500
2023-03-22,WTTR.N,11.5,2.0,1687824330
2023-03-22,WTTR.N,,2.0,
2023-03-26,WTTR.N,11.1,,
2023-03-27,WTTR.N,,,1667645500
2023-03-30,LPG.N,,,359268570
2023-04-03,VIR.OQ,50.42857,,176717890
2023-04-11,DHC.OQ,,3.0,1395836500
2023-04-13,DHC.OQ,,3.0,1381991000
2023-04-13,DHC.OQ,1.975,3.0,1381991000
2023-04-16,WTTR.N,,,1684145500
2023-04-17,DHC.OQ,1.4125,,
2023-04-18,DHC.OQ,,3.0,
2023-04-18,DHC.OQ,1.55,3.0,
2023-04-18,DHC.OQ,1.55,3.0,1395836500
2023-04-20,VIR.OQ,50.28571,,175606780
2023-04-20,VIR.OQ,50.28571,,
2023-04-21,LPG.N,22.37143,,
2023-04-21,LPG.N,22.37143,,360219430
2023-04-24,LPG.N,,,355960000
2023-05-03,WTTR.N,,,1691313750
2023-05-03,WTTR.N,11.3,,1691313750
2023-05-04,VIR.OQ,,,176356220
2023-05-05,VIR.OQ,49.71429,,
2023-05-05,VIR.OQ,49.71429,,169726220
2023-05-08,VIR.OQ,,,173851330
2023-05-08,WTTR.N,11.1,,
2023-05-09,VIR.OQ,,,176462440
2023-05-09,WTTR.N,,,1671429000
2023-05-10,DHC.OQ,,,1395836500
2023-05-10,WTTR.N,,,1666085000
2023-05-11,LPG.N,22.94286,,
2023-05-12,DHC.OQ,1.63333,,1405141330
2023-05-12,DHC.OQ,1.63333,,
2023-05-17,WTTR.N,11.4,,1698533500
2023-05-17,WTTR.N,11.4,,
2023-05-19,DHC.OQ,,,1423751000
2023-05-19,LPG.N,,2.25,357126670
2023-05-19,LPG.N,,,357126670
2023-05-20,WTTR.N,,,1713582250
2023-05-22,LPG.N,24.8,2.125,
2023-05-22,LPG.N,,2.125,
2023-05-23,LPG.N,25.65714,,364558330
2023-05-24,LPG.N,26.8,2.0,406097430
2023-05-24,LPG.N,26.8,2.0,
2023-05-26,LPG.N,,,409240290
2023-05-31,LPG.N,,,424725500
2023-06-04,WTTR.N,,,1692582250
2023-06-06,LPG.N,,,432233000
2023-07-05,VIR.OQ,,,174840220
2023-07-11,LPG.N,26.91429,2.25,
2023-07-11,LPG.N,26.91429,2.25,448733000
2023-07-11,VIR.OQ,49.57143,,
2023-07-11,LPG.N,,2.25,
2023-07-13,LPG.N,,,444142400
2023-07-13,WTTR.N,,,1692085750
2023-07-19,WTTR.N,11.5,,
2023-07-19,LPG.N,27.2,,453248800
2023-07-19,WTTR.N,11.5,,1682408500
2023-07-20,VIR.OQ,39.85714,,121506890
2023-07-21,VIR.OQ,36.25,,114951330
2023-07-27,LPG.N,26.84286,2.375,452874000
2023-07-27,LPG.N,26.84286,2.375,
2023-07-28,LPG.N,,,456217330
2023-07-31,LPG.N,,,462182330
2023-08-02,LPG.N,,,460412330
2023-08-03,LPG.N,27.04286,2.625,442059670
2023-08-03,VIR.OQ,36.125,,92027780
2023-08-03,WTTR.N,,,1656723750
2023-08-04,LPG.N,,2.71429,
2023-08-04,LPG.N,26.21667,2.71429,
2023-08-04,LPG.N,26.21667,2.71429,432591600
2023-08-04,VIR.OQ,36.0,,83810330
2023-08-07,VIR.OQ,33.875,,80696780
2023-08-07,VIR.OQ,,,80696780
2023-08-08,DHC.OQ,1.96667,,1414117000
2023-08-09,LPG.N,,,427989500
2023-08-09,WTTR.N,,,1649164000
2023-08-13,WTTR.N,11.7,,
2023-08-13,WTTR.N,11.7,,1644109330
2023-08-16,WTTR.N,,,1639328000
2023-08-17,WTTR.N,,,1620482500
2023-08-28,WTTR.N,11.1,,
2023-09-01,LPG.N,,,441591600
2023-09-05,DHC.OQ,2.13333,,
2023-09-05,DHC.OQ,2.13333,,1414728000
2023-09-08,DHC.OQ,,3.25,1391684000
2023-09-08,VIR.OQ,32.75,2.11111,
2023-09-08,DHC.OQ,,3.25,
2023-09-08,VIR.OQ,,2.11111,
2023-09-22,DHC.OQ,,,1406199000
2023-10-01,LPG.N,27.38333,,
2023-10-01,LPG.N,27.38333,,479781600
2023-10-10,DHC.OQ,,3.0,
2023-10-10,DHC.OQ,,3.0,1406199000
2023-10-11,VIR.OQ,,,83532890
2023-10-16,LPG.N,,,501386600
2023-10-18,LPG.N,,2.85714,
2023-10-18,LPG.N,28.71667,2.85714,516980600
2023-10-24,DHC.OQ,,,1408666000
2023-10-26,LPG.N,29.55,,519150500
2023-10-26,LPG.N,29.55,,
2023-10-27,LPG.N,,,519647170
2023-10-30,DHC.OQ,2.75,2.5,
2023-10-30,DHC.OQ,,2.5,
2023-10-30,DHC.OQ,2.75,2.5,1419662000
2023-11-01,LPG.N,,2.57143,
2023-11-01,LPG.N,31.5,2.57143,547813830
2023-11-01,WTTR.N,11.05,,1606671750
2023-11-02,LPG.N,32.66667,,543022830
2023-11-02,VIR.OQ,,,80694560
2023-11-02,WTTR.N,11.25,,1599171750
2023-11-02,WTTR.N,11.25,,
2023-11-03,LPG.N,33.25,,
2023-11-03,VIR.OQ,29.75,,
2023-11-03,DHC.OQ,,,1408697000
2023-11-03,LPG.N,33.25,,554689500
2023-11-03,VIR.OQ,29.75,,79547780
2023-11-03,WTTR.N,,,1588421750
2023-11-04,LPG.N,,2.71429,557356170
2023-11-04,LPG.N,,2.71429,
2023-11-07,VIR.OQ,,,77536670
2023-11-09,LPG.N,,,544165400
2023-11-09,VIR.OQ,,,78890000
2023-11-10,VIR.OQ,,,78366250
2023-11-20,LPG.N,35.41667,2.42857,555086600
2023-11-27,LPG.N,37.34286,2.375,559537170
2023-11-27,LPG.N,37.34286,2.375,
2023-12-04,LPG.N,,,559037170
2023-12-28,DHC.OQ,4.5,,
2024-01-02,DHC.OQ,,,1409765500
2024-01-03,DHC.OQ,,,1510113000
2024-01-04,VIR.OQ,29.5,,
2024-01-11,WTTR.N,,,1588283000
2024-01-23,VIR.OQ,28.25,,
2024-01-23,WTTR.N,,,1588046400
2024-01-23,WTTR.N,,,1634218400
2024-01-26,LPG.N,37.41429,2.625,545037170
2024-01-26,LPG.N,,2.625,
2024-01-26,LPG.N,37.41429,2.625,
2024-01-29,VIR.OQ,29.0,2.22222,
2024-01-29,VIR.OQ,,2.22222,
2024-02-01,LPG.N,,,547660570
2024-02-02,LPG.N,37.1,,
2024-02-05,VIR.OQ,,,78450500
2024-02-05,VIR.OQ,28.85714,,78450500
2024-02-06,LPG.N,35.95714,,
2024-02-06,LPG.N,35.95714,,549938710
2024-02-08,LPG.N,,,573413670
2024-02-14,VIR.OQ,32.42857,,
2024-02-15,VIR.OQ,,,78489330
2024-02-16,LPG.N,,,573310250
2024-02-21,WTTR.N,11.05,,1630369600
2024-02-21,WTTR.N,11.05,,
2024-02-22,VIR.OQ,,,44548830
2024-02-23,VIR.OQ,32.28571,,44036710
2024-02-23,VIR.OQ,32.28571,,
2024-02-28,DHC.OQ,5.0,,1504443500
2024-02-28,DHC.OQ,5.0,,
2024-03-01,LPG.N,,2.57143,
2024-03-01,LPG.N,36.61667,2.57143,
2024-03-04,VIR.OQ,,,41368380
2024-03-05,DHC.OQ,,,1501809000
2024-03-05,WTTR.N,,,1649712000
2024-03-11,WTTR.N,,,1621369600
2024-03-18,DHC.OQ,3.5,3.0,1516254500
2024-03-18,DHC.OQ,,3.0,
2024-03-18,DHC.OQ,3.5,3.0,
2024-03-19,WTTR.N,11.2,,1579965000
2024-03-20,DHC.OQ,,,1514740000
2024-03-28,VIR.OQ,,2.22222,
2024-04-18,VIR.OQ,,,40524630
2024-04-22,WTTR.N,11.25,2.16667,
2024-04-22,WTTR.N,11.25,2.16667,1564092500
2024-04-24,LPG.N,37.28333,,
2024-04-30,LPG.N,,,547556200
2024-05-01,WTTR.N,,,1557110670
2024-05-02,VIR.OQ,,,61862500
2024-05-03,VIR.OQ,,,71712500
2024-05-05,WTTR.N,,,1555777330
2024-05-06,LPG.N,37.48333,,542356200
2024-05-06,VIR.OQ,,,78337500
2024-05-06,LPG.N,37.48333,,
2024-05-07,VIR.OQ,,,80462500
2024-05-07,WTTR.N,,,1547108500
2024-05-09,DHC.OQ,,,1515506670
2024-05-09,WTTR.N,11.91667,1.83333,1541172600
2024-05-09,WTTR.N,,1.83333,
2024-05-11,WTTR.N,12.25,,1533154400
2024-05-11,WTTR.N,12.25,,
2024-05-16,LPG.N,,,539356200
2024-05-16,WTTR.N,,,1514588400
2024-05-22,LPG.N,,2.42857,
2024-05-22,LPG.N,44.22,2.42857,460758600
2024-05-23,LPG.N,45.24,,465758600
2024-05-27,LPG.N,,2.33333,
2024-05-29,DHC.OQ,,,1504109000
2024-06-05,VIR.OQ,33.28571,,
2024-06-07,DHC.OQ,,,1516199000
2024-06-10,VIR.OQ,33.28571,,
2024-06-25,DEC.N,,2.0,
2024-06-25,DEC.N,18.0,2.0,896000000
2024-06-25,DEC.N,18.0,2.0,
2024-07-03,LPG.N,46.02,2.0,464758600
2024-07-10,DEC.N,,,988000000
2024-07-16,WTTR.N,,,1511404400
2024-07-22,DEC.N,20.0,,974000000
2024-07-22,DEC.N,20.0,,
2024-07-26,LPG.N,,1.66667,
2024-07-26,LPG.N,48.82,1.66667,480592600
2024-07-31,WTTR.N,12.58333,,1498058600
2024-07-31,WTTR.N,,,1498058600
2024-08-01,LPG.N,48.8,,460641400
2024-08-01,VIR.OQ,33.42857,,78855560
2024-08-01,WTTR.N,12.91667,,
2024-08-02,LPG.N,48.6,,456841400
2024-08-02,VIR.OQ,33.85714,,74853560
2024-08-02,WTTR.N,13.08333,,1482692200
2024-08-02,LPG.N,48.6,,
2024-08-02,VIR.OQ,33.85714,,
2024-08-05,DHC.OQ,4.0,,1516638500
2024-08-05,WTTR.N,13.25,,1468140200
2024-08-05,DHC.OQ,4.0,,
2024-08-05,WTTR.N,13.25,,
2024-08-06,WTTR.N,,,1442900330
2024-08-07,LPG.N,,,447241400
2024-08-07,VIR.OQ,,,73828000
2024-08-07,WTTR.N,,,1447795250
2024-08-08,VIR.OQ,,,65706500
2024-08-12,WTTR.N,,,1446436200
2024-08-16,DEC.N,,,950000000
2024-08-16,VIR.OQ,,,64706500
2024-08-20,VIR.OQ,,,70916890
2024-08-21,WTTR.N,,,1446196830
2024-08-21,DHC.OQ,,,1511594000
2024-08-21,WTTR.N,13.75,,1446196830
2024-08-22,WTTR.N,14.25,1.66667,
2024-08-27,DEC.N,19.0,2.0,945500000
2024-08-27,LPG.N,48.0,1.71429,452034500
2024-08-27,DEC.N,19.0,2.0,
2024-08-27,LPG.N,,1.71429,
2024-08-27,DEC.N,,2.0,
2024-08-29,WTTR.N,14.3,1.6,
2024-08-29,WTTR.N,14.3,1.6,1446436200
2024-08-29,WTTR.N,,1.6,
2024-09-02,DEC.N,,,934000000
2024-09-25,LPG.N,46.16667,,447534500
2024-09-26,LPG.N,44.83333,,
2024-09-26,LPG.N,44.83333,,441791330
2024-09-29,DEC.N,18.5,,930500000
2024-09-29,DEC.N,18.5,,
2024-10-11,DHC.OQ,4.5,,1510496000
2024-10-14,WTTR.N,,,1444759000
2024-10-15,DEC.N,,,929000000
2024-10-25,DEC.N,,,920500000
2024-10-31,LPG.N,,,437942170
2024-10-31,VIR.OQ,33.14286,,70517440
2024-11-01,LPG.N,,,438775500
2024-11-01,VIR.OQ,32.28571,,70473000
2024-11-01,VIR.OQ,32.28571,,
2024-11-04,DEC.N,,,928000000
2024-11-04,VIR.OQ,,,68361890
2024-11-05,LPG.N,43.66667,,430442170
2024-11-05,LPG.N,43.66667,,
2024-11-06,DHC.OQ,4.0,,
2024-11-06,DHC.OQ,4.0,,1504449000
2024-11-06,WTTR.N,14.9,,1444799200
2024-11-07,DHC.OQ,,,1492865330
2024-11-07,LPG.N,,,399217670
2024-11-07,WTTR.N,15.5,,1443339000
2024-11-07,WTTR.N,,,1443339000
2024-11-08,WTTR.N,15.8,,
2024-11-11,DHC.OQ,,,1485148000
2024-11-12,WTTR.N,16.6,,
2024-11-12,WTTR.N,16.6,,1443574500
2024-11-13,LPG.N,,,398447670
2024-11-15,DEC.N,,,913000000
2024-11-15,LPG.N,,,389585750
2024-11-18,DEC.N,19.5,,
2024-11-19,VIR.OQ,29.5,,
2024-11-22,WTTR.N,,,1442979000
2024-11-27,DHC.OQ,3.5,,1486598670
2024-11-27,LPG.N,42.62,,
2024-11-27,DHC.OQ,,,1486598670
2024-12-05,WTTR.N,,,1438279000
2024-12-17,LPG.N,41.22,,
2025-01-03,DEC.N,,,917500000
2025-01-03,DEC.N,22.5,,917500000
2025-01-03,DHC.OQ,2.0,3.5,
2025-01-06,DEC.N,23.0,,
2025-01-06,DHC.OQ,,,1486474500
2025-01-06,WTTR.N,17.0,,1437713000
2025-01-06,DHC.OQ,,,1552938500
2025-01-07,VIR.OQ,29.375,,
2025-01-08,VIR.OQ,,2.11111,
2025-01-08,VIR.OQ,33.57143,2.11111,
2025-01-10,WTTR.N,17.8,,
2025-01-10,WTTR.N,17.8,,1513141000
2025-01-10,WTTR.N,17.8,,1436641400
2025-01-12,DEC.N,,,916500000
2025-01-12,VIR.OQ,33.85714,,
2025-01-15,LPG.N,40.42,,386835750
2025-01-16,LPG.N,,1.66667,
2025-01-25,LPG.N,39.24,,
2025-01-25,LPG.N,39.24,,381468600
2025-01-27,DEC.N,25.5,,
2025-01-27,DEC.N,25.5,,912500000
2025-01-31,LPG.N,,,373929800
2025-01-31,VIR.OQ,33.85714,,
2025-02-03,LPG.N,39.04,,372329800
2025-02-04,LPG.N,37.24,,
2025-02-04,LPG.N,37.24,,367991800
2025-02-05,LPG.N,,1.5,366191800
2025-02-05,LPG.N,,1.5,
2025-02-07,LPG.N,,,367739750
2025-02-11,DEC.N,,,1502500000
2025-02-11,DEC.N,,,953500000
2025-02-12,LPG.N,,,366957250
2025-02-19,WTTR.N,,,1509467600
2025-02-20,DEC.N,25.0,,
2025-02-25,WTTR.N,17.9,,1493522000
2025-02-25,WTTR.N,17.9,,
2025-02-26,VIR.OQ,,,16327710
2025-02-27,VIR.OQ,,,17136750
2025-02-27,VIR.OQ,34.57143,,17136750
2025-03-07,DHC.OQ,,,1530488500
2025-03-07,WTTR.N,,,1528706500
2025-03-10,WTTR.N,,,1499020250
2025-03-18,LPG.N,,1.5,
2025-03-23,DEC.N,,,1660000000
2025-03-25,LPG.N,,,366957250
2025-04-02,DHC.OQ,,3.0,
2025-04-02,DHC.OQ,3.25,3.0,
2025-04-02,DHC.OQ,3.25,3.0,1529220670
2025-04-03,DEC.N,21.5,2.33333,1689000000
2025-04-04,LPG.N,,2.0,364965800
2025-04-04,LPG.N,,2.0,
2025-04-04,LPG.N,32.48,2.0,364965800
2025-04-07,DHC.OQ,,,1556158330
2025-04-10,DEC.N,21.875,2.25,1650250000
2025-04-10,DEC.N,,2.25,
2025-04-16,VIR.OQ,33.57143,,
2025-04-20,DEC.N,20.875,,1656250000
2025-04-23,LPG.N,31.28,,
2025-04-23,WTTR.N,17.0,,
2025-04-29,DEC.N,17.625,2.0,1700157000
2025-04-29,DEC.N,,2.0,
2025-05-06,DHC.OQ,,,1558656330
2025-05-07,VIR.OQ,,,15261750
2025-05-08,VIR.OQ,,,15707250
2025-05-08,WTTR.N,16.2,,1489617500
2025-05-09,VIR.OQ,33.28571,,16207250
2025-05-09,WTTR.N,16.0,,1487110000
2025-05-10,VIR.OQ,,,16582250
2025-05-12,VIR.OQ,32.0,,
2025-05-13,DEC.N,17.5,,
2025-05-13,WTTR.N,15.2,,
2025-05-13,DEC.N,17.5,,1714657000
2025-05-13,WTTR.N,15.2,,1461508400
2025-05-15,LPG.N,31.28,,
2025-05-19,DEC.N,,,1748209330
2025-05-19,LPG.N,30.28,,
2025-05-20,DHC.OQ,,,1571882330
2025-05-20,VIR.OQ,18.42857,,16373110
2025-05-22,LPG.N,,,367618600
2025-05-23,LPG.N,30.08,,369630600
2025-05-23,LPG.N,30.08,,
2025-05-26,LPG.N,,,369730600
2025-05-27,DHC.OQ,3.75,,1539249000
2025-05-27,DHC.OQ,3.75,,
2025-05-29,LPG.N,,,378551000
2025-05-29,WTTR.N,,,1462061200
2025-06-13,LPG.N,30.08,,388413250
2025-06-13,LPG.N,,,388413250
2025-06-25,LPG.N,30.88,,
2025-07-03,DEC.N,,,1691463330
2025-07-03,VIR.OQ,18.42857,2.0,17544750
2025-07-10,WTTR.N,15.0,,1466008400
2025-07-11,LPG.N,31.28,,404594000
2025-07-11,VIR.OQ,17.625,2.0,16943110
2025-07-11,LPG.N,31.28,,
2025-07-11,VIR.OQ,17.625,2.0,
2025-07-14,DEC.N,18.8,,1689847500
2025-07-14,WTTR.N,15.0,1.66667,1465840330
2025-07-14,DEC.N,18.8,,
2025-07-14,WTTR.N,15.0,1.66667,
2025-07-14,WTTR.N,,1.66667,
2025-07-17,DEC.N,,,1686597500
2025-07-29,DEC.N,19.5,2.0,1693638000
2025-07-29,DEC.N,19.5,,
2025-08-01,LPG.N,,,403699750
2025-08-04,DHC.OQ,,,1537289670
2025-08-04,LPG.N,32.28,,410449750
2025-08-04,LPG.N,32.28,,
2025-08-06,VIR.OQ,,,15266440
2025-08-06,WTTR.N,,,1445286500
2025-08-07,VIR.OQ,,,11803780
2025-08-08,LPG.N,,,424599670
2025-08-08,VIR.OQ,,,11503780
2025-08-08,WTTR.N,14.5,,1429136500
2025-08-10,WTTR.N,14.16667,,1409042330
2025-08-11,DEC.N,,2.0,1681458000
2025-08-11,LPG.N,,,431283000
2025-08-11,DEC.N,,2.0,
2025-08-12,DHC.OQ,,,1539364000
2025-08-12,WTTR.N,14.0,,1379482800
2025-08-12,WTTR.N,14.0,,
2025-08-13,DEC.N,19.66667,,
2025-08-15,DHC.OQ,,,1542530670
2025-08-18,DEC.N,,,1703950000
2025-08-20,DEC.N,20.16667,,1719992670
2025-08-25,LPG.N,,,405962250
2025-08-25,LPG.N,34.9,2.0,405962250
2025-08-25,LPG.N,,2.0,405962250
2025-08-27,LPG.N,32.88,,
2025-08-27,VIR.OQ,17.875,1.77778,
2025-08-27,WTTR.N,,,1378412800
2025-09-02,DEC.N,19.33333,,1699744500
2025-09-03,VIR.OQ,17.22222,1.8,11020400
2025-09-03,VIR.OQ,,1.8,
2025-09-03,VIR.OQ,17.22222,1.8,
2025-09-04,DHC.OQ,,,1540721670
2025-09-08,DEC.N,20.0,,1709994500
2025-09-08,DEC.N,,,1709994500
2025-09-09,DEC.N,20.16667,,
2025-09-15,DEC.N,20.0,,
2025-09-17,DHC.OQ,4.25,,
2025-10-05,DEC.N,,,1697659330
2025-10-13,WTTR.N,,1.71429,1376510670
2025-10-13,WTTR.N,14.57143,1.71429,1376510670
2025-10-13,WTTR.N,,1.71429,
2025-10-14,LPG.N,,2.0,
2025-10-17,DEC.N,19.5,,1658809330
2025-10-17,DEC.N,19.5,,
2025-10-20,WTTR.N,14.85714,,
2025-10-24,DEC.N,,,1628607000
2025-10-28,DEC.N,,,1627357000
2025-10-28,WTTR.N,,,1370594860
2025-11-03,DHC.OQ,,,1541085000
2025-11-05,WTTR.N,,,1374963710
2025-11-05,VIR.OQ,,,9576400
2025-11-05,WTTR.N,15.0,,1374963710
2025-11-06,LPG.N,36.76,1.5,418414000
2025-11-06,VIR.OQ,,,6606400
2025-11-07,LPG.N,35.96,1.83333,425011670
2025-11-07,VIR.OQ,,,6276400
2025-11-07,WTTR.N,15.28571,,
2025-11-07,LPG.N,35.96,,
2025-11-10,LPG.N,,2.0,422511670
2025-11-10,WTTR.N,15.42857,,1380731430
2025-11-10,LPG.N,,2.0,
2025-11-10,WTTR.N,15.42857,,
2025-11-11,WTTR.N,,,1374505000
2025-11-12,DEC.N,19.66667,,1605981000
2025-11-12,DHC.OQ,5.25,2.66667,1544518330
2025-11-12,LPG.N,34.16,,433345000
2025-11-12,DEC.N,19.66667,,
2025-11-12,DHC.OQ,5.25,2.66667,
2025-11-12,LPG.N,34.16,,
2025-11-12,DHC.OQ,,2.66667,
2025-11-13,WTTR.N,,1.85714,
2025-11-13,LPG.N,,,431704000
2025-11-13,WTTR.N,,1.85714,1378780000
2025-11-18,DEC.N,,1.85714,
2025-11-18,DEC.N,,1.85714,1604384800
2025-11-24,DEC.N,20.0,,1608604800
2025-11-24,DEC.N,,,1608604800
2025-11-25,DHC.OQ,,,1551239330
2025-11-26,LPG.N,,,433345000
2025-12-04,DEC.N,20.66667,,
2025-12-07,WTTR.N,15.57143,,1383677000
2025-12-07,WTTR.N,15.57143,,
2025-12-08,LPG.N,33.36,,438938330
2025-12-08,VIR.OQ,,,6326400
2025-12-09,LPG.N,32.95,,
2025-12-09,LPG.N,32.95,2.2,441422000
2025-12-09,VIR.OQ,,,6353400
2025-12-11,WTTR.N,,,1383591500
2025-12-12,DEC.N,20.83333,,
2025-12-15,DHC.OQ,5.75,,
2025-12-15,DHC.OQ,5.75,,1551143330
2025-12-15,DHC.OQ,5.75,,1607576000
2025-12-17,VIR.OQ,,,12803400
2025-12-18,WTTR.N,15.42857,,
2025-12-22,DEC.N,,,1596204800
2026-01-06,LPG.N,,2.0,448422000
2026-01-06,VIR.OQ,17.11111,,
2026-01-09,VIR.OQ,16.75,,
2026-01-12,VIR.OQ,,,19217400
2026-01-13,WTTR.N,,,1347299200
2026-01-13,WTTR.N,,,1380873200
2026-01-19,DEC.N,20.75,,
2026-01-20,DEC.N,,,1594004800
2026-01-26,DEC.N,,,1599004800
2026-01-27,WTTR.N,15.33333,1.83333,
2026-01-28,LPG.N,34.2,1.6,
2026-01-28,LPG.N,,1.6,
2026-01-28,LPG.N,34.2,1.6,452222000
2026-02-02,LPG.N,,,450622000
2026-02-03,DEC.N,20.41667,,1601830200
2026-02-03,DEC.N,20.41667,,1891288400
2026-02-03,DEC.N,20.41667,,
2026-02-04,LPG.N,35.2,,459101800
2026-02-04,VIR.OQ,15.875,,
2026-02-05,LPG.N,36.75,,463501800
2026-02-05,LPG.N,36.75,,
2026-02-06,LPG.N,,2.0,
2026-02-06,LPG.N,,2.0,461701800
2026-02-11,LPG.N,37.25,,
2026-02-11,LPG.N,37.25,,469301800
2026-02-12,LPG.N,,,457250000
2026-02-17,VIR.OQ,16.125,,
2026-02-18,LPG.N,,,469301800
2026-02-19,WTTR.N,,1.66667,
2026-02-19,WTTR.N,16.33333,1.66667,
2026-02-19,WTTR.N,16.33333,1.66667,1360819200
2026-02-23,VIR.OQ,17.0,,64898000
2026-02-23,WTTR.N,,,1371232500
2026-02-24,VIR.OQ,19.77778,1.7,196238800
2026-02-24,WTTR.N,,,1394791670
2026-02-24,VIR.OQ,,1.7,
2026-02-25,DHC.OQ,,,1607230330
2026-02-25,WTTR.N,17.16667,,1409094750
2026-02-26,WTTR.N,,,1407535200
2026-02-26,VIR.OQ,20.22222,,243638800
2026-02-26,WTTR.N,17.41667,,1407535200
2026-03-02,DEC.N,,,1870368400
2026-03-02,DHC.OQ,7.25,,1570453330
2026-03-04,DEC.N,,,1887168400
2026-03-04,LPG.N,,,471101800
2026-03-04,VIR.OQ,20.77778,,251299000
2026-03-11,LPG.N,36.125,2.4,469901800
2026-03-16,DEC.N,,,1914286000
2026-03-16,DEC.N,20.75,,1914286000
2026-03-17,DEC.N,20.91667,,
2026-03-17,WTTR.N,17.75,,
2026-03-23,DEC.N,21.07143,1.875,
2026-03-23,DEC.N,,1.875,
2026-03-24,DEC.N,21.78571,,
2026-03-26,WTTR.N,,,1407779330
2018-08-06,BH.N,,3,
2018-11-05,BH.N,,,829826000
2018-11-05,BH.N,,,823597000
2018-11-05,BH.N,,,
2026-02-23,YSS.N,38.0,2.0,
2026-02-23,YSS.N,,,385398330
2026-02-24,YSS.N,37.88889,1.9,568174200
2026-02-24,YSS.N,37.88889,1.9,
2026-02-24,YSS.N,,1.9,
2026-02-25,YSS.N,,,384615290
2026-03-02,LLYVA.OQ,115,2,
2026-03-02,LLYVA.OQ,,,409300000
2026-03-02,LLYVA.OQ,115,2,409300000
2026-03-20,YSS.N,36.88889,,567894200
2026-03-22,YSS.N,36.44444,,567574400
2026-03-22,YSS.N,36.44444,,
2026-03-26,YSS.N,,,566419630
2026-03-27,YSS.N,36.0,,566884110
