Date,RIC,Earnings Per Share - Mean
2014-11-07,GLDD.OQ,0.135
2014-11-12,AGM.N,4.595
2014-12-22,INVX.N,5.015
2015-01-08,INVX.N,5.015
2015-01-09,GLDD.OQ,0.13167
2015-01-11,INVX.N,5.02167
2015-01-21,INVX.N,5.02455
2015-02-24,GLDD.OQ,0.53667
2015-02-25,GLDD.OQ,0.38333
2015-02-27,INVX.N,5.09929
2015-03-02,GLDD.OQ,0.30333
2015-03-02,INVX.N,4.8
2015-03-04,INVX.N,4.77692
2015-03-09,AGM.N,4.64
2015-03-09,INVX.N,4.76786
2015-03-09,AGM.N,3.915
2015-03-16,INVX.N,4.75643
2015-03-23,AGM.N,4.07
2015-03-27,GLDD.OQ,0.31167
2015-03-27,INVX.N,4.756
2015-04-02,GLDD.OQ,0.318
2015-04-10,INVX.N,4.76813
2015-04-20,INVX.N,4.75375
2015-04-24,INVX.N,4.75063
2015-04-30,INVX.N,4.77143
2015-05-01,GLDD.OQ,0.285
2015-05-01,INVX.N,4.785
2015-05-04,INVX.N,4.8075
2015-05-05,GLDD.OQ,0.255
2015-05-06,GLDD.OQ,0.23
2015-05-07,INVX.N,4.81273
2015-05-08,GLDD.OQ,0.22
2015-05-12,AGM.N,4.085
2015-05-18,INVX.N,4.814
2015-05-26,INVX.N,4.802
2015-06-16,GLDD.OQ,0.2125
2015-07-07,GLDD.OQ,0.21
2015-07-30,INVX.N,4.788
2015-07-31,INVX.N,4.74556
2015-08-03,INVX.N,4.72222
2015-08-04,INVX.N,4.68222
2015-08-05,GLDD.OQ,0.1625
2015-08-06,INVX.N,4.678
2015-08-11,AGM.N,3.95
2015-08-11,GLDD.OQ,0.15
2015-08-17,GLDD.OQ,0.145
2015-08-31,INVX.N,4.689
2015-09-09,AGM.N,3.965
2015-09-09,INVX.N,4.686
2015-09-21,GLDD.OQ,0.1325
2015-09-25,INVX.N,4.679
2015-09-28,INVX.N,4.67111
2015-09-29,INVX.N,4.68
2015-09-30,INVX.N,4.68
2015-10-14,INVX.N,4.665
2015-10-19,GLDD.OQ,0.0575
2015-10-20,GLDD.OQ,0.0175
2015-10-24,GLDD.OQ,-0.02
2015-10-29,INVX.N,4.6875
2015-10-30,INVX.N,4.71625
2015-11-02,INVX.N,4.755
2015-11-03,GLDD.OQ,-0.0325
2015-11-04,GLDD.OQ,-0.045
2015-11-06,INVX.N,4.75556
2015-11-10,AGM.N,4.07
2015-11-11,AGM.N,4.11
2015-11-16,GLDD.OQ,-0.0475
2015-11-26,INVX.N,4.755
2015-12-14,INVX.N,4.76
2016-01-05,INVX.N,4.76
2016-01-15,INVX.N,4.76
2016-01-21,INVX.N,4.76375
2016-01-27,AGM.N,4.15333
2016-02-22,INVX.N,4.76125
2016-02-23,GLDD.OQ,0.16
2016-02-24,GLDD.OQ,0.0875
2016-02-25,INVX.N,2.76929
2016-02-26,INVX.N,2.7125
2016-02-29,INVX.N,2.58539
2016-03-02,INVX.N,2.5125
2016-03-07,INVX.N,2.50692
2016-03-10,AGM.N,4.74
2016-03-11,AGM.N,4.76333
2016-03-17,AGM.N,4.72
2016-04-11,GLDD.OQ,0.09
2016-04-12,INVX.N,2.515
2016-04-26,INVX.N,2.5225
2016-04-27,INVX.N,2.554
2016-04-28,AGM.N,4.75
2016-04-29,INVX.N,2.56889
2016-05-02,INVX.N,2.5775
2016-05-03,GLDD.OQ,0.0625
2016-05-03,INVX.N,2.57143
2016-05-04,GLDD.OQ,0.06
2016-05-10,AGM.N,4.66333
2016-05-10,INVX.N,2.589
2016-05-11,AGM.N,4.65667
2016-05-12,AGM.N,4.65
2016-05-18,AGM.N,4.57
2016-06-13,INVX.N,2.58091
2016-06-14,GLDD.OQ,0.055
2016-06-22,INVX.N,2.57417
2016-07-29,INVX.N,2.34846
2016-08-01,INVX.N,2.26546
2016-08-02,INVX.N,2.25583
2016-08-04,GLDD.OQ,0.0125
2016-08-04,INVX.N,2.23546
2016-08-05,GLDD.OQ,-0.0125
2016-08-07,INVX.N,2.201
2016-08-09,AGM.N,4.655
2016-08-09,GLDD.OQ,-0.01825
2016-08-10,AGM.N,4.745
2016-08-12,INVX.N,2.201
2016-08-16,INVX.N,2.20546
2016-08-18,INVX.N,2.20546
2016-08-23,INVX.N,2.2025
2016-09-18,INVX.N,2.17333
2016-09-20,GLDD.OQ,-0.02325
2016-09-29,INVX.N,2.17615
2016-10-07,GLDD.OQ,-0.03
2016-10-07,INVX.N,2.17462
2016-10-17,INVX.N,2.16833
2016-10-27,AGM.N,4.75333
2016-10-27,INVX.N,2.16455
2016-10-28,INVX.N,2.16091
2016-10-31,INVX.N,2.16909
2016-11-02,GLDD.OQ,-0.03667
2016-11-03,GLDD.OQ,-0.07
2016-11-03,INVX.N,2.16727
2016-11-08,INVX.N,2.15636
2016-11-09,AGM.N,4.9
2016-11-10,AGM.N,4.98667
2016-11-14,INVX.N,2.155
2016-11-17,INVX.N,2.15462
2016-12-12,INVX.N,2.15769
2016-12-16,GLDD.OQ,-0.085
2017-02-10,GLDD.OQ,0.14
2017-02-10,GLDD.OQ,-0.07
2017-02-28,INVX.N,0.50714
2017-03-01,INVX.N,0.29571
2017-03-03,INVX.N,0.27533
2017-03-08,INVX.N,0.242
2017-03-09,AGM.N,5.21
2017-03-12,AGM.N,5.23333
2017-03-30,INVX.N,0.19667
2017-04-17,INVX.N,0.19467
2017-04-20,INVX.N,0.196
2017-04-26,AGM.N,5.26
2017-04-27,INVX.N,0.194
2017-04-28,INVX.N,0.184
2017-05-01,INVX.N,0.19214
2017-05-04,INVX.N,0.17727
2017-05-10,AGM.N,5.39333
2017-05-12,AGM.N,5.5
2017-05-16,AGM.N,5.63333
2017-06-06,INVX.N,0.18364
2017-06-07,INVX.N,0.18364
2017-06-13,GLDD.OQ,0.12
2017-06-16,INVX.N,0.155
2017-06-21,INVX.N,0.14917
2017-06-30,INVX.N,0.14833
2017-07-07,INVX.N,0.15167
2017-07-10,GLDD.OQ,0.0445
2017-07-10,INVX.N,0.15539
2017-07-19,INVX.N,0.20231
2017-07-28,INVX.N,0.20818
2017-07-31,INVX.N,0.17
2017-08-01,INVX.N,0.17556
2017-08-02,INVX.N,0.15
2017-08-03,GLDD.OQ,-0.0055
2017-08-04,INVX.N,0.10429
2017-08-09,AGM.N,5.69667
2017-08-10,AGM.N,5.84667
2017-08-11,INVX.N,0.11
2017-08-14,INVX.N,0.11625
2017-08-18,INVX.N,0.11333
2017-08-21,GLDD.OQ,0.02
2017-10-06,GLDD.OQ,0.0055
2017-10-09,INVX.N,0.10667
2017-10-10,GLDD.OQ,-0.0345
2017-10-10,INVX.N,0.11
2017-10-16,INVX.N,0.102
2017-10-17,INVX.N,0.091
2017-10-27,INVX.N,0.107
2017-10-30,INVX.N,0.152
2017-10-31,INVX.N,0.16
2017-11-03,INVX.N,0.165
2017-11-07,INVX.N,0.18222
2017-11-08,GLDD.OQ,-0.0845
2017-11-09,AGM.N,5.87333
2017-11-10,AGM.N,5.95667
2017-11-13,AGM.N,6.015
2017-11-16,GLDD.OQ,-0.16
2017-12-04,INVX.N,0.19333
2017-12-14,AGM.N,6.025
2017-12-21,INVX.N,0.19444
2017-12-29,GLDD.OQ,-0.16
2018-01-24,GLDD.OQ,-0.25
2018-01-24,GLDD.OQ,-0.005
2018-01-29,INVX.N,0.19556
2018-02-21,GLDD.OQ,-0.09
2018-02-27,INVX.N,0.175
2018-02-28,INVX.N,0.15357
2018-03-01,INVX.N,0.145
2018-03-06,INVX.N,0.12154
2018-03-08,AGM.N,7.94667
2018-03-08,INVX.N,0.09929
2018-03-12,AGM.N,7.88
2018-03-12,INVX.N,0.08769
2018-03-13,AGM.N,8.18
2018-03-13,INVX.N,0.08769
2018-03-26,INVX.N,0.11357
2018-04-10,INVX.N,0.08857
2018-04-12,INVX.N,0.08929
2018-04-13,INVX.N,0.08071
2018-04-17,INVX.N,0.07539
2018-04-26,AGM.N,8.18333
2018-04-26,INVX.N,-0.00154
2018-04-27,INVX.N,-0.06
2018-04-30,INVX.N,-0.12917
2018-05-01,INVX.N,-0.205
2018-05-03,INVX.N,-0.27667
2018-05-07,INVX.N,-0.292
2018-05-10,AGM.N,8.20667
2018-05-11,AGM.N,8.29333
2018-05-15,AGM.N,8.33333
2018-06-05,INVX.N,-0.28667
2018-06-07,INVX.N,-0.28778
2018-06-08,AGM.N,8.44
2018-07-05,INVX.N,-0.28778
2018-07-20,INVX.N,-0.30375
2018-07-26,INVX.N,-0.3525
2018-07-27,INVX.N,-0.41
2018-07-30,AGM.N,8.28
2018-07-30,INVX.N,-0.4675
2018-07-31,INVX.N,-0.64375
2018-08-02,GLDD.OQ,-0.07
2018-08-02,INVX.N,-0.70625
2018-08-04,GLDD.OQ,-0.065
2018-08-10,AGM.N,8.08
2018-09-14,INVX.N,-0.78625
2018-09-18,GLDD.OQ,-0.08
2018-09-18,INVX.N,-0.81667
2018-10-09,INVX.N,-0.81222
2018-10-11,INVX.N,-0.81
2018-10-25,INVX.N,-0.79778
2018-10-29,INVX.N,-0.79222
2018-10-30,INVX.N,-0.78567
2018-10-31,GLDD.OQ,-0.09
2018-11-05,GLDD.OQ,0.05
2018-11-07,GLDD.OQ,0.015
2018-11-07,GLDD.OQ,0.34
2018-11-09,INVX.N,-0.76533
2018-11-14,AGM.N,8.32
2018-11-14,AGM.N,8.05
2018-12-03,INVX.N,-0.762
2019-02-11,INVX.N,-0.76463
2019-02-15,INVX.N,-0.3484
2019-02-20,INVX.N,-0.76463
2019-02-21,GLDD.OQ,0.44
2019-02-22,AGM.N,8.5
2019-02-27,INVX.N,-0.3424
2019-02-28,INVX.N,-0.2434
2019-03-04,INVX.N,-0.1074
2019-03-05,INVX.N,-0.0412
2019-03-13,INVX.N,-0.0288
2019-04-05,INVX.N,-0.0178
2019-04-08,INVX.N,-0.03346
2019-04-10,INVX.N,-0.02982
2019-04-15,INVX.N,-0.014
2019-04-22,INVX.N,-0.004
2019-04-26,INVX.N,0.046
2019-04-29,INVX.N,0.041
2019-04-30,INVX.N,0.0608
2019-05-01,GLDD.OQ,0.6
2019-05-03,AGM.N,8.36
2019-05-14,INVX.N,0.0988
2019-05-23,INVX.N,0.10533
2019-06-03,INVX.N,0.10533
2019-06-04,INVX.N,0.111
2019-06-14,AGM.N,8.38
2019-07-09,INVX.N,0.106
2019-07-11,INVX.N,0.10725
2019-07-16,INVX.N,0.11475
2019-07-17,INVX.N,0.11311
2019-07-18,INVX.N,0.11475
2019-07-25,INVX.N,0.121
2019-07-26,INVX.N,0.12263
2019-07-29,INVX.N,0.16678
2019-08-01,GLDD.OQ,0.72
2019-08-01,INVX.N,0.19638
2019-08-02,AGM.N,8.57
2019-08-06,INVX.N,0.20456
2019-08-12,INVX.N,0.1991
2019-08-20,INVX.N,0.2141
2019-08-21,GLDD.OQ,0.73
2019-08-30,INVX.N,0.2111
2019-09-03,INVX.N,0.20464
2019-09-12,INVX.N,0.20591
2019-09-19,INVX.N,0.21136
2019-10-10,INVX.N,0.22046
2019-10-14,INVX.N,0.22391
2019-10-25,INVX.N,0.244
2019-10-28,INVX.N,0.1125
2019-10-29,INVX.N,0.08
2019-10-31,INVX.N,0.04167
2019-11-06,GLDD.OQ,0.85
2019-11-06,AGM.N,8.505
2019-11-06,GLDD.OQ,0.785
2019-11-06,INVX.N,0.03571
2019-11-21,INVX.N,0.035
2019-12-10,GLDD.OQ,0.78
2020-01-02,GLDD.OQ,0.785
2020-01-14,INVX.N,0.02375
2020-01-14,INVX.N,1.10857
2020-01-28,AGM.N,8.5
2020-01-30,INVX.N,-0.005
2020-02-18,AGM.N,8.48
2020-02-18,AGM.N,9.05
2020-02-20,GLDD.OQ,0.89
2020-02-26,AGM.N,9.17
2020-02-28,INVX.N,1.03457
2020-03-02,INVX.N,0.85129
2020-03-03,INVX.N,0.82914
2020-03-04,INVX.N,0.81121
2020-03-05,INVX.N,0.71475
2020-03-06,INVX.N,0.66975
2020-03-09,INVX.N,0.68285
2020-03-10,INVX.N,0.66746
2020-03-12,INVX.N,0.69725
2020-03-13,INVX.N,0.67683
2020-03-16,INVX.N,0.61267
2020-03-17,INVX.N,0.60408
2020-03-19,INVX.N,0.56325
2020-03-26,INVX.N,0.54915
2020-03-31,GLDD.OQ,0.805
2020-04-03,INVX.N,0.53223
2020-04-09,INVX.N,0.48915
2020-04-12,INVX.N,0.43377
2020-04-14,INVX.N,0.38385
2020-04-15,INVX.N,0.34385
2020-05-06,GLDD.OQ,0.925
2020-05-07,INVX.N,0.28615
2020-05-08,INVX.N,0.08725
2020-05-11,INVX.N,0.06058
2020-05-12,AGM.N,8.72
2020-05-12,INVX.N,-0.01858
2020-05-13,INVX.N,-0.1413
2020-05-14,INVX.N,-0.14922
2020-05-16,INVX.N,-0.21538
2020-06-04,INVX.N,-0.14922
2020-07-06,INVX.N,-0.0893
2020-07-08,INVX.N,-0.1353
2020-07-09,INVX.N,-0.1273
2020-07-10,INVX.N,-0.0737
2020-07-16,INVX.N,-0.0837
2020-07-24,AGM.N,8.74
2020-07-31,INVX.N,-0.0987
2020-08-03,INVX.N,-0.20578
2020-08-05,GLDD.OQ,0.98
2020-08-10,INVX.N,-0.24578
2020-08-11,AGM.N,8.95
2020-08-17,INVX.N,-0.27911
2020-09-22,INVX.N,-0.33578
2020-10-02,INVX.N,-0.33689
2020-10-13,INVX.N,-0.34911
2020-10-30,INVX.N,-0.246
2020-11-02,INVX.N,0.00838
2020-11-03,INVX.N,0.01671
2020-11-05,GLDD.OQ,1.03
2020-11-10,AGM.N,9.2
2020-11-11,INVX.N,0.01671
2020-12-13,INVX.N,0.01671
2021-01-15,INVX.N,0.01529
2021-01-15,INVX.N,-0.0443
2021-01-27,AGM.N,9.6
2021-02-16,GLDD.OQ,1.025
2021-02-16,PAX.OQ,0.506
2021-02-17,PAX.OQ,0.52067
2021-02-19,GLDD.OQ,0.96
2021-02-22,PAX.OQ,0.523
2021-02-26,AGM.N,9.77
2021-02-26,INVX.N,-0.0549
2021-03-01,INVX.N,-0.0949
2021-03-02,INVX.N,-0.14467
2021-03-03,INVX.N,-0.15156
2021-03-05,INVX.N,-0.1434
2021-03-12,INVX.N,-0.15378
2021-03-18,PAX.OQ,1.05575
2021-03-19,PAX.OQ,1.0455
2021-03-23,PAX.OQ,1.0826
2021-03-31,AGM.N,10.22
2021-04-01,INVX.N,-0.1664
2021-04-07,PAX.OQ,1.0868
2021-04-22,PAX.OQ,1.05733
2021-04-30,INVX.N,-0.19489
2021-05-03,INVX.N,-0.3115
2021-05-05,INVX.N,-0.354
2021-05-06,INVX.N,-0.41025
2021-05-07,AGM.N,10.21
2021-05-10,INVX.N,-0.43525
2021-05-13,INVX.N,-0.50025
2021-05-14,GLDD.OQ,0.97
2021-05-20,PAX.OQ,1.04517
2021-05-23,PAX.OQ,1.01017
2021-05-25,PAX.OQ,1.0302
2021-06-07,INVX.N,-0.50025
2021-06-09,PAX.OQ,1.00683
2021-06-15,GLDD.OQ,0.975
2021-06-17,INVX.N,-0.50025
2021-07-01,INVX.N,-0.55743
2021-07-07,INVX.N,-0.56457
2021-07-08,GLDD.OQ,0.95
2021-07-12,PAX.OQ,1.0282
2021-07-13,PAX.OQ,1.0224
2021-07-14,PAX.OQ,1.01175
2021-07-15,PAX.OQ,1.0094
2021-07-15,INVX.N,-0.56457
2021-07-19,PAX.OQ,0.9875
2021-07-30,INVX.N,-0.73667
2021-08-02,INVX.N,-1.094
2021-08-03,AGM.N,9.95
2021-08-03,GLDD.OQ,0.9
2021-08-04,GLDD.OQ,0.76667
2021-08-05,INVX.N,-1.2428
2021-08-06,AGM.N,10.46
2021-08-19,PAX.OQ,0.8925
2021-09-07,PAX.OQ,0.995
2021-09-08,PAX.OQ,0.98
2021-09-15,GLDD.OQ,0.75667
2021-09-21,GLDD.OQ,0.73
2021-09-29,PAX.OQ,0.966
2021-10-08,PAX.OQ,0.9575
2021-10-29,INVX.N,-1.2328
2021-11-02,INVX.N,-1.2328
2021-11-03,GLDD.OQ,0.67667
2021-11-04,GLDD.OQ,0.98
2021-11-04,INVX.N,-1.25
2021-11-05,INVX.N,-1.335
2021-11-10,INVX.N,-1.4275
2021-11-15,INVX.N,-1.444
2021-11-17,GLDD.OQ,0.675
2021-11-18,PAX.OQ,0.96
2021-11-21,PAX.OQ,0.9738
2021-12-01,AGM.N,11.25
2021-12-01,AGM.N,10.41
2021-12-01,INVX.N,-1.5108
2021-12-09,PAX.OQ,0.98975
2021-12-13,PAX.OQ,0.99725
2021-12-15,PAX.OQ,0.98475
2022-02-08,INVX.N,-0.25686
2022-02-15,PAX.OQ,1.09525
2022-02-17,GLDD.OQ,0.94333
2022-02-18,GLDD.OQ,0.88
2022-02-22,PAX.OQ,1.04367
2022-02-24,INVX.N,-0.24971
2022-02-25,INVX.N,-0.274
2022-02-28,INVX.N,-0.28586
2022-03-02,INVX.N,-0.233
2022-03-04,INVX.N,-0.24267
2022-03-10,INVX.N,-0.24267
2022-03-11,INVX.N,-0.27743
2022-03-14,PAX.OQ,1.09525
2022-03-18,INVX.N,-0.32029
2022-03-29,GLDD.OQ,0.87333
2022-03-31,INVX.N,-0.344
2022-04-14,INVX.N,-0.3532
2022-04-19,INVX.N,-0.381
2022-04-29,INVX.N,-0.40817
2022-05-02,INVX.N,-0.37317
2022-05-03,PAX.OQ,1.06525
2022-05-04,GLDD.OQ,0.86
2022-05-04,INVX.N,-0.34529
2022-05-05,GLDD.OQ,0.85333
2022-05-05,INVX.N,-0.35271
2022-05-10,PAX.OQ,1.07275
2022-05-11,PAX.OQ,1.19367
2022-05-11,AGM.N,11.04
2022-05-11,INVX.N,-0.3305
2022-05-17,PAX.OQ,1.23
2022-05-23,INVX.N,-0.3266
2022-05-24,PAX.OQ,1.22667
2022-06-10,PAX.OQ,1.21
2022-06-16,INVX.N,-0.35317
2022-06-20,PAX.OQ,1.21
2022-07-14,PAX.OQ,1.14333
2022-07-25,GLDD.OQ,0.81333
2022-07-29,PAX.OQ,1.13333
2022-08-01,INVX.N,-0.3778
2022-08-03,GLDD.OQ,0.34
2022-08-04,PAX.OQ,1.12375
2022-08-09,PAX.OQ,1.10875
2022-08-10,PAX.OQ,1.07375
2022-08-11,INVX.N,-0.429
2022-08-16,INVX.N,-0.423
2022-08-22,INVX.N,-0.46067
2022-09-07,PAX.OQ,1.077
2022-10-05,PAX.OQ,1.059
2022-10-14,PAX.OQ,1.03125
2022-10-17,GLDD.OQ,0.30333
2022-10-26,PAX.OQ,1.03625
2022-10-31,INVX.N,-0.47067
2022-11-01,GLDD.OQ,0.20333
2022-11-02,GLDD.OQ,-0.09333
2022-11-03,PAX.OQ,1.02125
2022-11-04,PAX.OQ,1.057
2022-11-08,AGM.N,11.21
2022-11-13,INVX.N,-0.446
2022-11-25,PAX.OQ,1.0475
2022-12-01,INVX.N,-0.402
2022-12-05,PAX.OQ,1.055
2022-12-07,PAX.OQ,0.975
2022-12-12,INVX.N,-0.402
2022-12-13,GLDD.OQ,-0.1
2022-12-21,GLDD.OQ,-0.17333
2022-12-28,GLDD.OQ,-0.18
2022-12-30,INVX.N,-0.402
2023-01-11,GLDD.OQ,0.25667
2023-01-23,PAX.OQ,0.9775
2023-01-23,AGM.N,11.15
2023-01-24,AGM.N,11.84
2023-01-24,AGM.N,11.185
2023-01-30,INVX.N,0.159
2023-02-06,PAX.OQ,0.9525
2023-02-14,PAX.OQ,1.55
2023-02-15,PAX.OQ,1.5475
2023-02-16,GLDD.OQ,0.04667
2023-02-21,PAX.OQ,1.44
2023-02-21,GLDD.OQ,-0.12333
2023-02-24,PAX.OQ,1.5
2023-02-27,AGM.N,12.09
2023-03-01,AGM.N,12.445
2023-03-02,INVX.N,0.33467
2023-03-03,PAX.OQ,1.5
2023-03-03,INVX.N,0.3335
2023-03-06,INVX.N,0.45433
2023-03-17,INVX.N,0.5165
2023-04-04,PAX.OQ,1.45
2023-04-05,INVX.N,0.35433
2023-04-26,PAX.OQ,1.445
2023-05-03,GLDD.OQ,-0.07
2023-05-04,PAX.OQ,1.455
2023-05-05,GLDD.OQ,-0.03667
2023-05-07,PAX.OQ,1.41667
2023-05-10,AGM.N,12.67
2023-05-11,AGM.N,13.325
2023-05-11,INVX.N,0.29467
2023-05-18,INVX.N,0.254
2023-06-05,INVX.N,0.212
2023-07-05,PAX.OQ,1.41667
2023-07-10,PAX.OQ,1.40667
2023-07-26,PAX.OQ,1.36667
2023-08-02,GLDD.OQ,-0.02667
2023-08-02,INVX.N,0.30033
2023-08-03,PAX.OQ,1.36
2023-08-07,INVX.N,0.35025
2023-08-08,AGM.N,15.29
2023-08-08,INVX.N,0.38475
2023-08-14,PAX.OQ,1.35667
2023-08-15,PAX.OQ,1.36333
2023-09-05,AGM.N,15.32333
2023-10-05,PAX.OQ,1.37
2023-10-05,INVX.N,0.37875
2023-10-18,PAX.OQ,1.37
2023-10-26,PAX.OQ,1.3175
2023-10-31,GLDD.OQ,-0.04333
2023-10-31,INVX.N,0.26125
2023-11-01,INVX.N,0.1745
2023-11-02,INVX.N,0.022
2023-11-07,AGM.N,16.97
2023-11-07,PAX.OQ,1.2575
2023-11-07,AGM.N,15.59333
2023-11-07,GLDD.OQ,-0.03333
2023-11-08,PAX.OQ,1.1825
2023-11-08,GLDD.OQ,-0.02667
2023-11-21,INVX.N,-0.013
2023-11-27,INVX.N,0.69033
2023-11-30,GLDD.OQ,-0.0225
2024-01-10,PAX.OQ,1.175
2024-01-11,PAX.OQ,1.17
2024-01-23,PAX.OQ,1.5575
2024-02-14,GLDD.OQ,0.6325
2024-02-15,GLDD.OQ,0.6225
2024-02-16,PAX.OQ,1.5475
2024-02-16,GLDD.OQ,0.6125
2024-02-20,PAX.OQ,1.5425
2024-02-22,PAX.OQ,1.60667
2024-02-26,AGM.N,16.86
2024-02-27,AGM.N,17.04333
2024-02-27,INVX.N,0.66033
2024-02-28,INVX.N,0.60267
2024-03-04,INVX.N,0.6785
2024-03-12,INVX.N,0.63567
2024-03-31,INVX.N,0.6785
2024-04-03,PAX.OQ,1.62667
2024-04-08,INVX.N,0.6485
2024-04-11,PAX.OQ,1.52333
2024-04-24,PAX.OQ,1.50667
2024-05-02,PAX.OQ,1.42667
2024-05-03,PAX.OQ,1.38667
2024-05-03,INVX.N,0.5485
2024-05-07,AGM.N,16.57
2024-05-08,GLDD.OQ,0.65
2024-05-09,GLDD.OQ,0.725
2024-05-14,GLDD.OQ,0.73333
2024-05-14,INVX.N,0.445
2024-05-17,PAX.OQ,1.32667
2024-05-28,AGM.N,16.58667
2024-06-17,GLDD.OQ,0.7225
2024-07-10,PAX.OQ,1.26
2024-07-11,PAX.OQ,1.22667
2024-07-17,PAX.OQ,1.12
2024-07-28,AGM.N,16.59667
2024-08-01,PAX.OQ,1.13
2024-08-01,INVX.N,0.29
2024-08-02,PAX.OQ,1.13333
2024-08-06,AGM.N,16.12
2024-08-07,AGM.N,15.91
2024-08-07,GLDD.OQ,0.78
2024-08-08,PAX.OQ,1.175
2024-08-08,GLDD.OQ,0.795
2024-08-12,GLDD.OQ,0.8125
2024-09-10,PAX.OQ,1.11333
2024-10-03,PAX.OQ,1.08333
2024-10-21,PAX.OQ,1.04333
2024-11-05,PAX.OQ,1.025
2024-11-05,AGM.N,15.86
2024-11-06,GLDD.OQ,0.7825
2024-11-09,INVX.N,1.78
2024-11-12,PAX.OQ,1.03667
2024-11-26,INVX.N,2.12
2024-12-06,INVX.N,2.12
2024-12-10,PAX.OQ,1.025
2024-12-11,INVX.N,1.12
2024-12-11,GLDD.OQ,0.84
2024-12-11,INVX.N,1.13
2025-01-28,PAX.OQ,1.01
2025-02-12,PAX.OQ,1.345
2025-02-19,PAX.OQ,1.425
2025-02-19,GLDD.OQ,0.74
2025-02-21,AGM.N,17.60667
2025-02-21,GLDD.OQ,0.7475
2025-02-26,PAX.OQ,1.36
2025-02-28,AGM.N,17.435
2025-03-04,INVX.N,1.418
2025-03-06,AGM.N,17.32333
2025-04-03,PAX.OQ,1.32667
2025-04-17,PAX.OQ,1.30333
2025-05-05,PAX.OQ,1.34333
2025-05-07,GLDD.OQ,0.9225
2025-05-09,INVX.N,1.169
2025-05-12,AGM.N,17.41667
2025-05-13,GLDD.OQ,0.95667
2025-05-19,GLDD.OQ,0.9475
2025-05-30,INVX.N,1.169
2025-06-20,PAX.OQ,1.34333
2025-07-09,PAX.OQ,1.34667
2025-07-17,PAX.OQ,1.34
2025-08-04,PAX.OQ,1.24333
2025-08-06,GLDD.OQ,0.985
2025-08-07,AGM.N,17.43667
2025-08-08,PAX.OQ,1.19
2025-08-08,AGM.N,17.63
2025-08-08,INVX.N,1.31
2025-08-11,GLDD.OQ,1.005
2025-08-12,GLDD.OQ,1.03333
2025-08-21,GLDD.OQ,1.0375
2025-08-29,PAX.OQ,1.19667
2025-09-15,GLDD.OQ,1.03
2025-10-01,PAX.OQ,1.195
2025-10-03,PAX.OQ,1.1975
2025-10-10,AGM.N,17.51333
2025-11-04,PAX.OQ,1.205
2025-11-04,AGM.N,17.5
2025-11-05,PAX.OQ,1.21
2025-11-05,AGM.N,17.57667
2025-11-05,GLDD.OQ,1.06
2025-11-06,GLDD.OQ,1.072
2025-11-10,GLDD.OQ,1.088
2025-11-14,INVX.N,1.155
2025-11-14,INVX.N,1.599
2025-11-28,PAX.OQ,1.2175
2025-12-08,GLDD.OQ,1.116
2025-12-30,PAX.OQ,1.2275
2026-01-04,INVX.N,1.155
2026-01-14,PAX.OQ,1.2225
2026-01-20,GLDD.OQ,1.102
2026-01-22,GLDD.OQ,1.11667
2026-01-23,GLDD.OQ,1.1
2026-01-29,GLDD.OQ,1.09333
2026-01-29,GLDD.OQ,1.08
2026-02-03,PAX.OQ,1.54
2026-02-04,PAX.OQ,1.5225
2026-02-08,PAX.OQ,1.5425
2026-02-08,AGM.N,17.59
2026-02-08,AGM.N,19.52333
2026-02-10,PAX.OQ,1.52333
2026-02-20,AGM.N,19.50667
2026-02-22,AGM.N,18.86333
2026-02-24,GLDD.OQ,1.08833
2026-02-25,GLDD.OQ,1.10333
2026-02-25,INVX.N,1.478
2026-03-02,GLDD.OQ,1.16333
2026-03-02,INVX.N,1.428
2026-03-02,LLYVK.OQ,0.75
2026-03-03,INVX.N,1.428
2026-03-11,GLDD.OQ,1.145
2026-03-26,AGM.N,18.88
2014-11-21,GTY.N,0.96
2014-12-10,OCFC.OQ,1.205
2014-12-10,OCFC.OQ,1.3075
2015-01-23,OCFC.OQ,1.29667
2015-01-26,OCFC.OQ,1.30333
2015-01-27,OCFC.OQ,1.29
2015-04-02,OCFC.OQ,1.28667
2015-04-09,GTY.N,1.08
2015-04-13,ETSY.N,0.14
2015-04-16,ETSY.N,0.115
2015-04-17,ETSY.N,0.11333
2015-04-30,OCFC.OQ,1.29
2015-05-11,ETSY.N,0.11333
2015-05-20,ETSY.N,-0.29
2015-05-22,ETSY.N,-0.34333
2015-05-26,ETSY.N,-0.685
2015-06-17,GTY.N,0.78
2015-06-22,ETSY.N,-0.65
2015-06-25,ETSY.N,-0.55
2015-08-05,ETSY.N,-0.575
2015-09-08,ETSY.N,-0.5
2015-09-15,OCFC.OQ,1.245
2015-09-24,OCFC.OQ,1.24
2015-09-30,OCFC.OQ,1.25333
2015-10-12,ETSY.N,-0.53
2015-10-23,OCFC.OQ,1.22667
2015-11-04,OCFC.OQ,1.22667
2015-11-04,ETSY.N,-0.55
2015-11-09,ETSY.N,-0.565
2015-11-10,OCFC.OQ,1.225
2015-11-16,ETSY.N,-0.565
2015-11-17,ETSY.N,-0.56
2015-11-25,GTY.N,1.09
2015-11-25,GTY.N,0.95
2015-12-22,ETSY.N,-0.5575
2015-12-22,ETSY.N,-0.10857
2016-01-05,OCFC.OQ,1.2375
2016-01-06,OCFC.OQ,1.225
2016-01-08,OCFC.OQ,1.17333
2016-01-08,OCFC.OQ,1.23
2016-02-24,ETSY.N,-0.08667
2016-02-29,ETSY.N,-0.05667
2016-03-10,ETSY.N,-0.04571
2016-03-28,ETSY.N,-0.05833
2016-04-01,GTY.N,0.97
2016-04-25,OCFC.OQ,1.1
2016-04-26,ETSY.N,-0.04
2016-04-28,OCFC.OQ,0.96
2016-05-03,ETSY.N,-0.055
2016-05-04,ETSY.N,-0.03
2016-05-13,ETSY.N,-0.0425
2016-05-20,ETSY.N,-0.0425
2016-05-25,ETSY.N,-0.038
2016-06-02,ETSY.N,-0.015
2016-06-16,GTY.N,0.9
2016-07-05,OCFC.OQ,1.13333
2016-07-15,OCFC.OQ,1.075
2016-07-29,OCFC.OQ,1.08
2016-08-01,OCFC.OQ,1.1425
2016-08-01,ETSY.N,0.006
2016-08-02,ETSY.N,-0.006
2016-08-03,ETSY.N,-0.03
2016-08-05,OCFC.OQ,1.18667
2016-08-11,GTY.N,1.17
2016-09-13,ETSY.N,-0.05667
2016-09-19,OCFC.OQ,1.18333
2016-09-26,OCFC.OQ,1.185
2016-09-30,OCFC.OQ,1.18
2016-10-12,OCFC.OQ,1.17667
2016-10-13,ETSY.N,-0.06
2016-10-27,OCFC.OQ,1.165
2016-11-02,ETSY.N,-0.054
2016-11-08,GTY.N,1.01
2016-11-08,GTY.N,1.13
2016-11-21,OCFC.OQ,1.15333
2016-12-12,OCFC.OQ,1.145
2016-12-19,OCFC.OQ,1.16
2016-12-19,ETSY.N,-0.06167
2017-01-05,ETSY.N,-0.05833
2017-01-06,ETSY.N,-0.05857
2017-01-11,OCFC.OQ,1.695
2017-01-30,OCFC.OQ,1.6875
2017-01-31,OCFC.OQ,1.6775
2017-02-28,ETSY.N,0.09571
2017-03-01,ETSY.N,0.02857
2017-03-31,GTY.N,1.08
2017-04-13,OCFC.OQ,1.6675
2017-04-27,OCFC.OQ,1.665
2017-04-28,OCFC.OQ,1.6775
2017-05-01,OCFC.OQ,1.6675
2017-05-02,OCFC.OQ,1.6475
2017-05-02,ETSY.N,0.02143
2017-05-03,OCFC.OQ,1.64
2017-05-03,ETSY.N,-0.00667
2017-05-17,ETSY.N,0.00167
2017-05-24,ETSY.N,0.01
2017-06-21,ETSY.N,0.014
2017-06-22,ETSY.N,0.03
2017-06-28,GTY.N,1.14
2017-07-05,OCFC.OQ,1.65
2017-07-13,OCFC.OQ,1.65667
2017-07-18,GTY.N,1.115
2017-07-27,GTY.N,1.195
2017-07-28,GTY.N,1.255
2017-07-31,OCFC.OQ,1.49333
2017-07-31,ETSY.N,0.022
2017-08-02,ETSY.N,0.01
2017-08-03,OCFC.OQ,1.4975
2017-08-03,ETSY.N,0.0625
2017-08-04,ETSY.N,0.276
2017-08-24,ETSY.N,0.27167
2017-09-05,OCFC.OQ,1.4975
2017-09-06,ETSY.N,0.26857
2017-09-08,GTY.N,1.3
2017-09-20,OCFC.OQ,1.55
2017-09-21,OCFC.OQ,1.54
2017-10-03,ETSY.N,0.28714
2017-10-09,OCFC.OQ,1.53333
2017-10-27,OCFC.OQ,1.565
2017-10-30,OCFC.OQ,1.66833
2017-11-06,ETSY.N,0.28857
2017-11-07,OCFC.OQ,1.69333
2017-11-07,ETSY.N,0.40333
2017-11-10,OCFC.OQ,1.698
2017-12-13,GTY.N,1.26
2017-12-20,ETSY.N,0.40286
2018-01-05,OCFC.OQ,1.7125
2018-01-23,GTY.N,1.22
2018-01-25,OCFC.OQ,1.9225
2018-01-26,OCFC.OQ,1.9425
2018-01-29,OCFC.OQ,1.95525
2018-02-02,GTY.N,1.215
2018-02-02,GTY.N,1.22
2018-02-05,OCFC.OQ,1.9462
2018-02-12,OCFC.OQ,1.95517
2018-02-27,ETSY.N,0.32
2018-02-28,ETSY.N,0.36714
2018-03-05,OCFC.OQ,1.95183
2018-03-05,ETSY.N,0.37857
2018-03-06,ETSY.N,0.38167
2018-03-13,ETSY.N,0.38833
2018-03-16,ETSY.N,0.38833
2018-03-27,ETSY.N,0.38833
2018-03-29,ETSY.N,0.39667
2018-04-09,ETSY.N,0.39571
2018-04-13,ETSY.N,0.39571
2018-04-26,OCFC.OQ,1.95267
2018-04-27,OCFC.OQ,1.98833
2018-04-30,OCFC.OQ,1.99
2018-05-01,OCFC.OQ,1.98
2018-05-01,ETSY.N,0.40143
2018-05-08,ETSY.N,0.42429
2018-05-09,ETSY.N,0.42333
2018-05-10,ETSY.N,0.43
2018-05-21,ETSY.N,0.43222
2018-06-01,GTY.N,1.14
2018-06-14,ETSY.N,0.46
2018-06-14,GTY.N,1.19
2018-06-15,ETSY.N,0.46333
2018-06-18,ETSY.N,0.47222
2018-06-28,OCFC.OQ,1.975
2018-07-09,ETSY.N,0.47125
2018-07-10,ETSY.N,0.4675
2018-07-11,GTY.N,1.19
2018-07-27,OCFC.OQ,1.99167
2018-07-30,OCFC.OQ,2.013
2018-07-30,GTY.N,1.21
2018-08-01,OCFC.OQ,2.02729
2018-08-02,ETSY.N,0.47125
2018-08-06,ETSY.N,0.45
2018-08-07,ETSY.N,0.42375
2018-08-13,ETSY.N,0.43857
2018-08-30,GTY.N,1.18
2018-09-13,OCFC.OQ,2.03443
2018-09-13,ETSY.N,0.4275
2018-09-14,OCFC.OQ,2.033
2018-09-17,GTY.N,1.225
2018-09-18,ETSY.N,0.43
2018-09-24,OCFC.OQ,2.04014
2018-10-26,OCFC.OQ,2.033
2018-10-29,OCFC.OQ,2.01514
2018-10-30,OCFC.OQ,2.008
2018-10-30,GTY.N,1.195
2018-10-31,GTY.N,1.18
2018-10-31,GTY.N,1.215
2018-11-01,OCFC.OQ,2.00267
2018-11-06,ETSY.N,0.435
2018-11-07,ETSY.N,0.50375
2018-11-13,ETSY.N,0.49889
2018-12-04,OCFC.OQ,2.011
2018-12-07,ETSY.N,0.49889
2018-12-21,OCFC.OQ,2.011
2019-01-24,OCFC.OQ,2.22811
2019-01-25,OCFC.OQ,2.20811
2019-01-28,OCFC.OQ,2.19444
2019-01-29,ETSY.N,0.492
2019-01-31,OCFC.OQ,2.1725
2019-02-13,OCFC.OQ,2.17778
2019-02-25,ETSY.N,0.667
2019-02-26,ETSY.N,0.66
2019-03-04,OCFC.OQ,2.17889
2019-03-07,ETSY.N,0.662
2019-03-08,ETSY.N,0.661
2019-03-11,ETSY.N,0.6615
2019-03-12,GTY.N,1.19667
2019-03-15,OCFC.OQ,2.18111
2019-03-28,ETSY.N,0.68318
2019-04-04,ETSY.N,0.67792
2019-04-26,OCFC.OQ,2.17889
2019-04-29,OCFC.OQ,2.18556
2019-04-29,GTY.N,1.175
2019-05-02,OCFC.OQ,2.18778
2019-05-08,ETSY.N,0.70792
2019-05-09,ETSY.N,0.74125
2019-05-24,GTY.N,1.16
2019-05-29,GTY.N,1.16
2019-06-13,OCFC.OQ,2.1875
2019-06-24,OCFC.OQ,2.18375
2019-07-01,ETSY.N,0.74885
2019-07-25,GTY.N,1.17
2019-07-26,OCFC.OQ,2.18111
2019-07-29,OCFC.OQ,2.11375
2019-07-29,GTY.N,1.165
2019-07-30,OCFC.OQ,2.0975
2019-08-01,OCFC.OQ,2.08
2019-08-01,ETSY.N,0.73192
2019-08-02,OCFC.OQ,2.08
2019-08-02,ETSY.N,0.70091
2019-08-02,GTY.N,1.16
2019-08-05,ETSY.N,0.69909
2019-08-09,OCFC.OQ,2.0675
2019-08-13,OCFC.OQ,2.06125
2019-08-15,ETSY.N,0.705
2019-09-03,OCFC.OQ,2.05857
2019-09-05,OCFC.OQ,2.05714
2019-09-23,OCFC.OQ,2.05571
2019-09-30,ETSY.N,0.7
2019-10-03,ETSY.N,0.69909
2019-10-16,OCFC.OQ,2.05571
2019-10-25,OCFC.OQ,2.07429
2019-10-28,OCFC.OQ,2.0775
2019-10-28,ETSY.N,0.7
2019-10-29,OCFC.OQ,2.075
2019-10-29,ETSY.N,0.70417
2019-10-30,ETSY.N,0.69583
2019-10-31,ETSY.N,0.65833
2019-11-04,OCFC.OQ,2.0775
2019-11-05,ETSY.N,0.6575
2019-11-19,GTY.N,1.15667
2019-11-25,GTY.N,1.1575
2020-01-06,OCFC.OQ,2.07857
2020-01-07,OCFC.OQ,2.06
2020-01-26,GTY.N,1.16
2020-01-28,OCFC.OQ,2.0275
2020-01-29,OCFC.OQ,2.015
2020-02-02,GTY.N,1.20333
2020-02-03,OCFC.OQ,2.005
2020-02-04,OCFC.OQ,1.9925
2020-02-06,ETSY.N,0.65639
2020-02-11,OCFC.OQ,1.98375
2020-02-24,ETSY.N,0.66093
2020-02-24,GTY.N,1.16
2020-02-26,ETSY.N,0.8446
2020-02-27,ETSY.N,0.81927
2020-03-03,GTY.N,1.15667
2020-03-06,OCFC.OQ,1.96875
2020-03-10,ETSY.N,0.81067
2020-03-16,OCFC.OQ,1.95125
2020-03-17,OCFC.OQ,1.91429
2020-03-18,OCFC.OQ,1.89143
2020-03-19,OCFC.OQ,1.84857
2020-03-19,ETSY.N,0.79667
2020-03-23,OCFC.OQ,1.82571
2020-03-23,GTY.N,1.12667
2020-03-25,OCFC.OQ,1.81429
2020-03-27,ETSY.N,0.784
2020-03-30,ETSY.N,0.77563
2020-03-31,OCFC.OQ,1.74143
2020-04-01,ETSY.N,0.75563
2020-04-02,ETSY.N,0.655
2020-04-03,ETSY.N,0.56563
2020-04-06,ETSY.N,0.43063
2020-04-13,ETSY.N,0.4225
2020-04-16,OCFC.OQ,1.72286
2020-04-17,ETSY.N,0.408
2020-04-23,ETSY.N,0.426
2020-04-24,OCFC.OQ,1.75714
2020-04-24,ETSY.N,0.43933
2020-04-27,OCFC.OQ,1.77514
2020-04-29,ETSY.N,0.46267
2020-04-30,OCFC.OQ,1.696
2020-05-03,ETSY.N,0.45333
2020-05-05,OCFC.OQ,1.72867
2020-05-06,ETSY.N,0.47957
2020-05-07,OCFC.OQ,1.71917
2020-05-07,ETSY.N,0.90693
2020-05-10,GTY.N,1.12
2020-05-18,GTY.N,1.10333
2020-06-09,ETSY.N,0.91093
2020-06-10,ETSY.N,0.91267
2020-06-17,OCFC.OQ,1.70917
2020-06-17,GTY.N,1.10333
2020-06-25,ETSY.N,0.92333
2020-06-29,OCFC.OQ,1.66417
2020-06-29,ETSY.N,0.95067
2020-06-30,OCFC.OQ,1.65167
2020-06-30,GTY.N,1.11
2020-07-14,ETSY.N,0.98571
2020-07-15,OCFC.OQ,1.62667
2020-07-19,ETSY.N,0.99357
2020-07-21,GTY.N,1.13
2020-07-22,ETSY.N,0.99786
2020-07-24,ETSY.N,1.00643
2020-07-27,OCFC.OQ,1.628
2020-07-29,ETSY.N,1.01071
2020-07-29,GTY.N,1.1225
2020-08-03,ETSY.N,1.025
2020-08-05,ETSY.N,1.33243
2020-08-06,ETSY.N,1.74262
2020-08-10,ETSY.N,1.84415
2020-08-12,ETSY.N,1.92867
2020-09-10,OCFC.OQ,1.603
2020-09-11,ETSY.N,1.93575
2020-09-23,GTY.N,1.12333
2020-10-01,OCFC.OQ,1.614
2020-10-07,ETSY.N,1.93742
2020-10-14,OCFC.OQ,1.61
2020-10-15,ETSY.N,1.94158
2020-10-22,ETSY.N,1.93825
2020-10-22,GTY.N,1.14667
2020-10-23,GTY.N,1.14667
2020-10-26,ETSY.N,1.98175
2020-10-26,GTY.N,1.14333
2020-10-26,GTY.N,1.26
2020-10-27,ETSY.N,1.97258
2020-10-28,ETSY.N,2.00615
2020-10-29,ETSY.N,2.09385
2020-10-30,OCFC.OQ,1.575
2020-11-02,OCFC.OQ,1.28667
2020-11-03,OCFC.OQ,1.16
2020-11-20,OCFC.OQ,1.16
2020-12-07,OCFC.OQ,1.16667
2020-12-07,ETSY.N,2.10462
2020-12-08,ETSY.N,2.10231
2020-12-10,ETSY.N,2.10385
2020-12-21,ETSY.N,2.10615
2020-12-28,OCFC.OQ,1.49571
2020-12-28,OCFC.OQ,1.19
2021-01-11,ETSY.N,2.10239
2021-01-15,ETSY.N,2.11592
2021-01-21,ETSY.N,2.10508
2021-01-26,ETSY.N,2.10825
2021-01-29,OCFC.OQ,1.52429
2021-01-31,ETSY.N,2.1075
2021-02-01,OCFC.OQ,1.57714
2021-02-02,OCFC.OQ,1.58
2021-02-05,OCFC.OQ,1.61429
2021-02-17,ETSY.N,2.115
2021-02-24,ETSY.N,2.1225
2021-02-25,ETSY.N,2.48077
2021-02-26,ETSY.N,3.01308
2021-03-02,ETSY.N,3.08
2021-03-02,GTY.N,1.25333
2021-03-05,GTY.N,1.2425
2021-03-09,OCFC.OQ,1.65286
2021-03-11,GTY.N,1.2225
2021-03-24,OCFC.OQ,1.65
2021-03-24,ETSY.N,3.08462
2021-03-28,ETSY.N,3.01357
2021-03-29,OCFC.OQ,1.65375
2021-03-29,GTY.N,1.2
2021-04-06,ETSY.N,3.04692
2021-04-28,ETSY.N,3.04577
2021-04-30,OCFC.OQ,1.6875
2021-05-02,OCFC.OQ,1.7
2021-05-03,ETSY.N,3.07346
2021-05-04,OCFC.OQ,1.69714
2021-05-05,ETSY.N,2.99346
2021-05-06,OCFC.OQ,1.7
2021-05-06,ETSY.N,3.05046
2021-05-07,GTY.N,1.235
2021-05-08,ETSY.N,3.08327
2021-05-10,GTY.N,1.265
2021-05-12,GTY.N,1.2775
2021-05-26,GTY.N,1.28
2021-06-01,OCFC.OQ,1.70625
2021-06-03,ETSY.N,3.08964
2021-06-04,ETSY.N,3.08964
2021-06-07,ETSY.N,3.0905
2021-06-09,ETSY.N,3.08642
2021-06-16,ETSY.N,3.07642
2021-06-28,OCFC.OQ,1.70375
2021-07-07,ETSY.N,3.11131
2021-07-11,OCFC.OQ,1.70556
2021-07-12,ETSY.N,3.10977
2021-07-27,ETSY.N,3.10808
2021-07-30,OCFC.OQ,1.73556
2021-07-30,ETSY.N,3.10885
2021-08-02,OCFC.OQ,1.74
2021-08-02,ETSY.N,3.10962
2021-08-04,OCFC.OQ,1.73733
2021-08-04,ETSY.N,3.095
2021-08-05,OCFC.OQ,1.73844
2021-08-05,ETSY.N,3.0275
2021-08-06,OCFC.OQ,1.73622
2021-08-09,OCFC.OQ,1.75733
2021-08-10,GTY.N,1.29
2021-08-11,GTY.N,1.23
2021-08-12,OCFC.OQ,1.758
2021-08-12,ETSY.N,3.01636
2021-08-12,GTY.N,1.305
2021-09-03,ETSY.N,3.01727
2021-09-21,ETSY.N,3.02327
2021-09-27,ETSY.N,3.02467
2021-09-27,GTY.N,1.30333
2021-09-28,ETSY.N,3.0255
2021-10-04,GTY.N,1.2975
2021-10-19,ETSY.N,3.0255
2021-10-27,ETSY.N,3.022
2021-10-29,OCFC.OQ,1.77578
2021-10-29,ETSY.N,3.05815
2021-10-31,ETSY.N,3.05585
2021-11-01,OCFC.OQ,1.8
2021-11-03,OCFC.OQ,1.80778
2021-11-03,ETSY.N,3.04662
2021-11-04,OCFC.OQ,1.81667
2021-11-04,ETSY.N,3.04357
2021-11-05,OCFC.OQ,1.82
2021-11-05,GTY.N,1.2775
2021-11-22,ETSY.N,3.048
2021-12-01,ETSY.N,3.04438
2021-12-01,GTY.N,1.28667
2021-12-02,GTY.N,1.175
2021-12-02,GTY.N,1.2825
2021-12-09,ETSY.N,3.04375
2022-01-04,ETSY.N,3.04375
2022-01-05,ETSY.N,3.06438
2022-01-06,ETSY.N,3.06
2022-01-11,ETSY.N,3.05813
2022-01-13,OCFC.OQ,1.81778
2022-01-13,OCFC.OQ,2.05625
2022-01-17,ETSY.N,3.05824
2022-01-19,ETSY.N,3.05941
2022-01-21,ETSY.N,3.06118
2022-01-25,ETSY.N,3.06059
2022-01-31,OCFC.OQ,2.075
2022-02-01,ETSY.N,3.065
2022-02-02,OCFC.OQ,2.0825
2022-02-03,OCFC.OQ,2.08313
2022-02-04,ETSY.N,3.07
2022-02-10,ETSY.N,3.05533
2022-02-21,ETSY.N,3.06
2022-02-24,ETSY.N,3.66
2022-02-25,ETSY.N,3.58563
2022-02-27,ETSY.N,3.56188
2022-03-01,ETSY.N,3.57519
2022-03-02,ETSY.N,3.63456
2022-03-03,ETSY.N,3.5822
2022-03-08,ETSY.N,3.5945
2022-03-09,OCFC.OQ,2.10038
2022-03-09,GTY.N,1.15
2022-03-10,ETSY.N,3.5662
2022-03-14,ETSY.N,3.53581
2022-03-17,OCFC.OQ,2.06163
2022-03-17,GTY.N,1.1375
2022-03-22,ETSY.N,3.53644
2022-03-29,OCFC.OQ,2.07663
2022-03-29,ETSY.N,3.52644
2022-03-29,GTY.N,1.075
2022-03-30,ETSY.N,3.51077
2022-04-01,OCFC.OQ,2.08757
2022-04-04,ETSY.N,3.44371
2022-04-11,ETSY.N,3.44547
2022-04-13,OCFC.OQ,2.14043
2022-04-13,ETSY.N,3.358
2022-04-21,ETSY.N,3.35212
2022-04-25,ETSY.N,3.27153
2022-04-29,OCFC.OQ,2.20043
2022-05-02,OCFC.OQ,2.21717
2022-05-02,ETSY.N,3.29271
2022-05-04,ETSY.N,3.21682
2022-05-05,ETSY.N,2.80818
2022-05-09,ETSY.N,2.70524
2022-05-11,ETSY.N,2.53493
2022-05-13,OCFC.OQ,2.2505
2022-05-17,ETSY.N,2.5235
2022-05-18,ETSY.N,2.54727
2022-05-18,GTY.N,1.135
2022-05-31,ETSY.N,2.54213
2022-06-01,GTY.N,1.205
2022-06-02,OCFC.OQ,2.26017
2022-06-02,ETSY.N,2.49763
2022-06-07,OCFC.OQ,2.26017
2022-06-10,ETSY.N,2.46894
2022-06-14,ETSY.N,2.46659
2022-06-15,GTY.N,1.205
2022-06-16,ETSY.N,2.45188
2022-06-17,ETSY.N,2.43013
2022-06-21,ETSY.N,2.40129
2022-06-27,ETSY.N,2.39188
2022-06-28,ETSY.N,2.26718
2022-06-29,ETSY.N,2.25622
2022-06-30,GTY.N,1.205
2022-07-07,OCFC.OQ,2.291
2022-07-13,OCFC.OQ,2.29433
2022-07-14,ETSY.N,2.24789
2022-07-19,OCFC.OQ,2.2732
2022-07-20,ETSY.N,2.23958
2022-07-21,ETSY.N,2.2176
2022-07-25,ETSY.N,2.10724
2022-07-27,ETSY.N,2.11771
2022-07-28,ETSY.N,2.18952
2022-07-29,OCFC.OQ,2.2574
2022-07-29,ETSY.N,2.17524
2022-08-01,OCFC.OQ,2.2714
2022-08-01,ETSY.N,2.17286
2022-08-03,ETSY.N,2.15526
2022-08-03,GTY.N,1.23
2022-08-04,OCFC.OQ,2.31567
2022-08-08,OCFC.OQ,2.349
2022-08-12,OCFC.OQ,2.34175
2022-08-15,ETSY.N,2.1615
2022-08-23,GTY.N,1.58
2022-08-25,GTY.N,1.585
2022-09-05,ETSY.N,2.17905
2022-09-07,ETSY.N,2.1765
2022-09-19,ETSY.N,2.17667
2022-09-20,ETSY.N,2.17667
2022-09-28,ETSY.N,2.17619
2022-09-29,ETSY.N,2.17333
2022-10-05,ETSY.N,2.17762
2022-10-06,OCFC.OQ,2.34925
2022-10-10,ETSY.N,2.17136
2022-10-19,ETSY.N,2.17227
2022-10-20,ETSY.N,2.17273
2022-10-23,ETSY.N,2.18273
2022-10-25,OCFC.OQ,2.3385
2022-10-25,ETSY.N,2.17591
2022-10-26,OCFC.OQ,2.3285
2022-10-31,OCFC.OQ,2.33133
2022-10-31,ETSY.N,2.17546
2022-11-01,GTY.N,1.60333
2022-11-02,ETSY.N,1.49591
2022-11-02,GTY.N,1.615
2022-11-03,ETSY.N,-2.79556
2022-11-04,ETSY.N,-3.20333
2022-11-07,ETSY.N,-3.97
2022-11-09,ETSY.N,-5.29571
2022-11-10,OCFC.OQ,2.336
2022-11-14,ETSY.N,-5.285
2022-11-17,OCFC.OQ,2.3228
2022-11-18,OCFC.OQ,2.2846
2022-11-22,GTY.N,1.61667
2022-11-29,OCFC.OQ,2.2846
2022-12-12,OCFC.OQ,2.29217
2022-12-12,ETSY.N,-5.29706
2022-12-20,ETSY.N,-5.29706
2022-12-21,ETSY.N,-5.28177
2023-01-04,ETSY.N,-5.25667
2023-01-06,OCFC.OQ,2.59243
2023-01-09,ETSY.N,-5.235
2023-01-10,GTY.N,1.19333
2023-01-11,GTY.N,1.615
2023-01-12,ETSY.N,-5.23333
2023-01-20,OCFC.OQ,2.69457
2023-01-31,ETSY.N,-5.23278
2023-02-03,OCFC.OQ,2.74029
2023-02-06,ETSY.N,-5.19647
2023-02-20,ETSY.N,-5.19529
2023-02-22,ETSY.N,2.7121
2023-02-23,ETSY.N,2.6015
2023-02-25,ETSY.N,2.61317
2023-03-01,ETSY.N,2.60068
2023-03-09,ETSY.N,2.58542
2023-03-14,OCFC.OQ,2.69886
2023-03-15,GTY.N,1.215
2023-03-16,OCFC.OQ,2.67743
2023-03-17,GTY.N,1.25
2023-03-27,OCFC.OQ,2.64029
2023-04-03,OCFC.OQ,2.58743
2023-04-03,ETSY.N,2.60115
2023-04-04,ETSY.N,2.60865
2023-04-05,OCFC.OQ,2.54971
2023-04-06,OCFC.OQ,2.534
2023-04-10,GTY.N,1.19
2023-04-12,ETSY.N,2.6249
2023-04-19,ETSY.N,2.60865
2023-04-20,ETSY.N,2.60915
2023-04-21,OCFC.OQ,2.41857
2023-04-21,ETSY.N,2.60681
2023-04-24,OCFC.OQ,2.28143
2023-04-24,ETSY.N,2.60848
2023-04-25,ETSY.N,2.61536
2023-04-26,ETSY.N,2.68264
2023-04-27,OCFC.OQ,2.20333
2023-04-30,GTY.N,1.13
2023-05-01,ETSY.N,2.68355
2023-05-03,ETSY.N,2.66264
2023-05-04,ETSY.N,2.47092
2023-05-08,ETSY.N,2.47212
2023-05-10,ETSY.N,2.42165
2023-05-11,ETSY.N,2.43776
2023-05-26,ETSY.N,2.43832
2023-05-30,GTY.N,1.13
2023-05-31,ETSY.N,2.43883
2023-06-01,ETSY.N,2.42471
2023-06-04,GTY.N,1.13
2023-06-07,ETSY.N,2.42132
2023-06-16,OCFC.OQ,2.14571
2023-06-16,ETSY.N,2.41492
2023-06-19,OCFC.OQ,2.11114
2023-06-20,ETSY.N,2.41012
2023-06-22,ETSY.N,2.40281
2023-06-26,OCFC.OQ,2.03686
2023-06-28,OCFC.OQ,2.03757
2023-07-03,OCFC.OQ,1.989
2023-07-06,OCFC.OQ,1.96186
2023-07-10,ETSY.N,2.37973
2023-07-11,ETSY.N,2.38089
2023-07-12,GTY.N,1.22
2023-07-13,OCFC.OQ,1.93614
2023-07-18,ETSY.N,2.37589
2023-07-21,OCFC.OQ,1.93243
2023-07-24,OCFC.OQ,1.93386
2023-07-27,OCFC.OQ,1.95617
2023-07-30,ETSY.N,2.37281
2023-08-02,ETSY.N,2.35089
2023-08-03,ETSY.N,2.41388
2023-08-07,ETSY.N,2.41429
2023-08-08,GTY.N,1.2
2023-08-09,ETSY.N,2.41183
2023-08-10,ETSY.N,2.4149
2023-08-11,ETSY.N,2.4149
2023-08-14,ETSY.N,2.41986
2023-08-22,ETSY.N,2.41986
2023-09-11,ETSY.N,2.41938
2023-09-12,ETSY.N,2.42367
2023-09-13,ETSY.N,2.42081
2023-09-14,OCFC.OQ,1.938
2023-09-15,OCFC.OQ,1.91467
2023-09-18,OCFC.OQ,1.88967
2023-09-21,ETSY.N,2.42081
2023-09-25,OCFC.OQ,1.878
2023-10-02,ETSY.N,2.42081
2023-10-03,ETSY.N,2.40759
2023-10-05,OCFC.OQ,1.85567
2023-10-06,ETSY.N,2.40668
2023-10-09,ETSY.N,2.39367
2023-10-10,OCFC.OQ,1.834
2023-10-10,ETSY.N,2.39129
2023-10-12,ETSY.N,2.38986
2023-10-16,ETSY.N,2.38577
2023-10-20,OCFC.OQ,1.8065
2023-10-20,ETSY.N,2.38305
2023-10-23,OCFC.OQ,1.74817
2023-10-24,ETSY.N,2.37465
2023-10-25,ETSY.N,2.37296
2023-10-30,ETSY.N,2.37513
2023-11-01,ETSY.N,2.386
2023-11-02,ETSY.N,2.4247
2023-11-06,ETSY.N,2.41904
2023-11-08,ETSY.N,2.41086
2023-11-15,ETSY.N,2.41086
2023-11-20,ETSY.N,2.41036
2023-12-04,ETSY.N,2.51181
2023-12-05,ETSY.N,2.4859
2023-12-05,HG.N,1.9446
2023-12-06,HG.N,1.89833
2023-12-07,ETSY.N,2.48181
2023-12-07,HG.N,1.89429
2023-12-07,GTY.N,1.19
2023-12-07,GTY.N,1.24
2023-12-10,HG.N,1.89
2023-12-11,ETSY.N,2.48133
2023-12-13,ETSY.N,2.47895
2023-12-14,ETSY.N,2.476
2023-12-15,ETSY.N,2.46873
2023-12-21,OCFC.OQ,1.7738
2023-12-22,OCFC.OQ,1.76557
2024-01-04,ETSY.N,2.37555
2024-01-05,HG.N,1.89829
2024-01-08,ETSY.N,2.37282
2024-01-10,ETSY.N,2.37464
2024-01-10,HG.N,1.90543
2024-01-11,HG.N,1.98114
2024-01-12,ETSY.N,2.37646
2024-01-16,HG.N,1.98757
2024-01-17,HG.N,1.95471
2024-01-17,HG.N,2.773
2024-01-19,OCFC.OQ,1.78714
2024-01-19,HG.N,1.96786
2024-01-22,OCFC.OQ,1.77429
2024-01-30,ETSY.N,2.37282
2024-02-01,ETSY.N,2.37541
2024-02-07,ETSY.N,2.39257
2024-02-08,ETSY.N,2.38038
2024-02-16,ETSY.N,2.38316
2024-02-21,ETSY.N,2.64225
2024-02-22,ETSY.N,2.62361
2024-02-23,ETSY.N,2.63
2024-02-26,ETSY.N,2.62857
2024-02-28,ETSY.N,2.62657
2024-02-29,ETSY.N,2.62991
2024-03-01,ETSY.N,2.61122
2024-03-05,ETSY.N,2.60575
2024-03-07,HG.N,2.76829
2024-03-11,HG.N,2.82543
2024-03-13,HG.N,2.848
2024-03-14,ETSY.N,2.60492
2024-03-18,ETSY.N,2.61817
2024-03-25,OCFC.OQ,1.75714
2024-03-25,ETSY.N,2.61774
2024-03-26,GTY.N,1.15
2024-04-02,HG.N,2.84971
2024-04-03,ETSY.N,2.62042
2024-04-05,ETSY.N,2.61546
2024-04-09,HG.N,2.86543
2024-04-11,ETSY.N,2.60213
2024-04-12,OCFC.OQ,1.74143
2024-04-15,HG.N,2.83914
2024-04-16,HG.N,2.90057
2024-04-22,OCFC.OQ,1.72271
2024-04-22,ETSY.N,2.61484
2024-04-23,ETSY.N,2.61444
2024-04-24,OCFC.OQ,1.72557
2024-04-24,ETSY.N,2.61204
2024-04-29,ETSY.N,2.58735
2024-05-01,ETSY.N,2.57528
2024-05-02,ETSY.N,2.53562
2024-05-06,ETSY.N,2.51254
2024-05-07,ETSY.N,2.50869
2024-05-08,ETSY.N,2.47214
2024-05-08,HG.N,2.99429
2024-05-09,HG.N,3.10143
2024-05-15,HG.N,3.17567
2024-05-16,HG.N,3.22567
2024-06-12,ETSY.N,2.47024
2024-06-13,ETSY.N,2.46929
2024-06-24,OCFC.OQ,1.717
2024-06-26,OCFC.OQ,1.71271
2024-06-26,ETSY.N,2.44841
2024-06-28,ETSY.N,2.44071
2024-07-02,OCFC.OQ,1.70986
2024-07-07,HG.N,3.1588
2024-07-08,OCFC.OQ,1.70371
2024-07-08,ETSY.N,2.44205
2024-07-10,HG.N,3.2568
2024-07-11,HG.N,3.3728
2024-07-17,HG.N,3.3775
2024-07-17,GTY.N,1.23
2024-07-18,OCFC.OQ,1.70943
2024-07-18,ETSY.N,2.43968
2024-07-19,OCFC.OQ,1.68429
2024-07-22,OCFC.OQ,1.58571
2024-07-22,ETSY.N,2.43014
2024-07-23,ETSY.N,2.44883
2024-07-26,ETSY.N,2.45187
2024-07-31,ETSY.N,2.39746
2024-08-01,ETSY.N,2.36546
2024-08-02,ETSY.N,2.35004
2024-08-05,ETSY.N,2.35088
2024-08-07,ETSY.N,2.34742
2024-08-07,HG.N,3.471
2024-08-08,HG.N,3.609
2024-08-13,ETSY.N,2.43111
2024-08-13,HG.N,3.68083
2024-08-14,HG.N,3.719
2024-08-15,HG.N,3.919
2024-08-22,ETSY.N,2.42814
2024-08-27,ETSY.N,2.42186
2024-09-04,ETSY.N,2.41379
2024-09-04,HG.N,3.9275
2024-09-18,GTY.N,1.21
2024-09-20,OCFC.OQ,1.58286
2024-09-23,OCFC.OQ,1.58143
2024-09-23,HG.N,3.95214
2024-09-25,ETSY.N,2.39764
2024-09-30,ETSY.N,2.39619
2024-10-01,OCFC.OQ,1.57843
2024-10-02,OCFC.OQ,1.57271
2024-10-02,ETSY.N,2.3935
2024-10-04,GTY.N,1.235
2024-10-05,ETSY.N,2.39158
2024-10-07,HG.N,3.90917
2024-10-08,HG.N,3.96367
2024-10-09,OCFC.OQ,1.58414
2024-10-10,HG.N,3.972
2024-10-15,ETSY.N,2.39273
2024-10-15,HG.N,4.08167
2024-10-18,OCFC.OQ,1.58386
2024-10-21,OCFC.OQ,1.581
2024-10-21,ETSY.N,2.38856
2024-10-22,OCFC.OQ,1.58386
2024-10-22,ETSY.N,2.38374
2024-10-23,ETSY.N,2.38866
2024-10-23,HG.N,3.95383
2024-10-28,ETSY.N,2.38762
2024-10-28,HG.N,3.95383
2024-10-30,ETSY.N,2.31672
2024-10-31,ETSY.N,2.24622
2024-11-04,ETSY.N,2.23289
2024-11-06,ETSY.N,2.22305
2024-11-06,HG.N,3.87
2024-11-06,GTY.N,1.21
2024-11-07,HG.N,3.92286
2024-11-08,HG.N,3.94429
2024-11-12,ETSY.N,2.22927
2024-11-12,HG.N,3.84286
2024-11-13,HG.N,3.77857
2024-11-22,ETSY.N,2.22609
2024-11-26,ETSY.N,2.2275
2024-11-27,ETSY.N,2.2308
2024-12-01,ETSY.N,2.2312
2024-12-16,GTY.N,1.225
2024-12-18,ETSY.N,2.23
2024-12-19,OCFC.OQ,1.60971
2024-12-19,HG.N,3.78857
2024-12-23,ETSY.N,2.23
2025-01-06,HG.N,3.79667
2025-01-08,ETSY.N,2.2304
2025-01-09,ETSY.N,2.228
2025-01-09,HG.N,3.89
2025-01-13,ETSY.N,2.22963
2025-01-13,HG.N,3.8625
2025-01-14,HG.N,3.8725
2025-01-16,ETSY.N,2.22896
2025-01-21,ETSY.N,2.2323
2025-01-23,ETSY.N,2.23156
2025-01-27,OCFC.OQ,1.58386
2025-01-28,OCFC.OQ,1.59243
2025-01-29,ETSY.N,2.23119
2025-01-30,OCFC.OQ,1.5394
2025-01-30,ETSY.N,2.23193
2025-02-02,GTY.N,1.29
2025-02-06,OCFC.OQ,1.5495
2025-02-06,ETSY.N,2.22507
2025-02-14,ETSY.N,2.225
2025-02-19,ETSY.N,2.55981
2025-02-20,ETSY.N,2.55207
2025-02-21,ETSY.N,2.55239
2025-02-26,ETSY.N,2.55404
2025-02-26,HG.N,3.68671
2025-02-27,HG.N,3.40143
2025-03-05,HG.N,3.3
2025-03-07,HG.N,3.2
2025-03-10,HG.N,3.038
2025-03-13,OCFC.OQ,1.56386
2025-03-13,ETSY.N,2.54908
2025-03-14,HG.N,2.97167
2025-03-18,ETSY.N,2.51512
2025-03-19,ETSY.N,2.518
2025-03-24,OCFC.OQ,1.56529
2025-03-27,OCFC.OQ,1.55814
2025-03-27,GTY.N,1.32667
2025-03-28,ETSY.N,2.52104
2025-04-01,ETSY.N,2.51807
2025-04-01,GTY.N,1.32333
2025-04-02,OCFC.OQ,1.561
2025-04-07,OCFC.OQ,1.54671
2025-04-08,ETSY.N,2.51141
2025-04-08,HG.N,2.88667
2025-04-09,HG.N,2.89
2025-04-09,GTY.N,1.27667
2025-04-10,ETSY.N,2.58886
2025-04-10,HG.N,2.69717
2025-04-11,ETSY.N,2.5835
2025-04-11,HG.N,2.6895
2025-04-14,OCFC.OQ,1.54957
2025-04-16,ETSY.N,2.58207
2025-04-21,ETSY.N,2.56814
2025-04-22,ETSY.N,2.55636
2025-04-25,ETSY.N,2.55054
2025-04-28,OCFC.OQ,1.49857
2025-04-30,OCFC.OQ,1.48714
2025-04-30,ETSY.N,1.82856
2025-05-01,OCFC.OQ,1.46
2025-05-01,ETSY.N,1.73744
2025-05-07,ETSY.N,1.618
2025-05-07,HG.N,2.78883
2025-05-08,HG.N,2.976
2025-05-13,GTY.N,1.24333
2025-05-14,ETSY.N,1.61157
2025-05-14,HG.N,3.055
2025-05-15,HG.N,3.185
2025-05-19,ETSY.N,1.62358
2025-05-23,ETSY.N,1.62358
2025-05-29,ETSY.N,1.61944
2025-06-04,ETSY.N,1.61944
2025-06-05,HG.N,3.194
2025-06-11,ETSY.N,1.56639
2025-06-12,ETSY.N,1.57023
2025-06-17,ETSY.N,1.57331
2025-06-23,OCFC.OQ,1.455
2025-06-29,ETSY.N,1.58139
2025-07-03,OCFC.OQ,1.454
2025-07-03,GTY.N,1.18667
2025-07-07,OCFC.OQ,1.446
2025-07-07,HG.N,3.185
2025-07-10,OCFC.OQ,1.4404
2025-07-10,ETSY.N,1.58139
2025-07-10,HG.N,3.2748
2025-07-11,OCFC.OQ,1.44867
2025-07-11,HG.N,3.26233
2025-07-14,HG.N,3.25771
2025-07-15,HG.N,3.25629
2025-07-21,ETSY.N,1.60384
2025-07-22,ETSY.N,1.60424
2025-07-23,ETSY.N,1.6058
2025-07-25,OCFC.OQ,1.4285
2025-07-28,OCFC.OQ,1.39017
2025-07-28,ETSY.N,1.6166
2025-07-30,ETSY.N,1.45126
2025-07-31,OCFC.OQ,1.3702
2025-07-31,ETSY.N,1.38196
2025-08-01,ETSY.N,1.34968
2025-08-05,OCFC.OQ,1.3666
2025-08-06,ETSY.N,1.32294
2025-08-06,HG.N,3.40557
2025-08-07,ETSY.N,1.32174
2025-08-08,HG.N,3.49129
2025-08-11,HG.N,3.655
2025-08-14,ETSY.N,1.32565
2025-08-15,HG.N,3.68986
2025-08-15,GTY.N,1.15667
2025-08-18,HG.N,3.7665
2025-08-20,ETSY.N,1.32815
2025-08-28,ETSY.N,1.32348
2025-09-05,ETSY.N,1.32468
2025-09-16,HG.N,3.7998
2025-09-17,OCFC.OQ,1.3705
2025-09-29,ETSY.N,1.32514
2025-09-30,GTY.N,1.16333
2025-10-05,HG.N,3.6998
2025-10-06,ETSY.N,1.32605
2025-10-07,HG.N,3.5118
2025-10-08,GTY.N,1.145
2025-10-09,OCFC.OQ,1.38633
2025-10-09,ETSY.N,1.31752
2025-10-10,ETSY.N,1.31679
2025-10-13,ETSY.N,1.32054
2025-10-16,GTY.N,1.16
2025-10-17,ETSY.N,1.32096
2025-10-17,HG.N,3.6638
2025-10-20,ETSY.N,1.32652
2025-10-22,OCFC.OQ,1.3905
2025-10-23,OCFC.OQ,1.3825
2025-10-27,OCFC.OQ,1.3925
2025-10-27,ETSY.N,1.32732
2025-10-27,GTY.N,1.145
2025-10-28,OCFC.OQ,1.40583
2025-10-29,ETSY.N,1.3155
2025-10-30,ETSY.N,1.27362
2025-11-05,OCFC.OQ,1.40917
2025-11-05,ETSY.N,1.277
2025-11-05,HG.N,3.79983
2025-11-06,HG.N,3.87233
2025-11-07,HG.N,3.97567
2025-11-11,HG.N,4.1268
2025-11-13,GTY.N,1.28
2025-11-19,HG.N,4.3468
2025-11-20,ETSY.N,1.27564
2025-11-25,ETSY.N,1.27564
2025-12-01,GTY.N,1.275
2025-12-08,ETSY.N,1.27017
2025-12-09,ETSY.N,1.2735
2025-12-15,CBC.O,1.7938
2025-12-16,HG.N,4.4385
2025-12-19,ETSY.N,1.27496
2025-12-22,GTY.N,1.275
2025-12-30,OCFC.OQ,1.41933
2026-01-07,ETSY.N,1.27452
2026-01-08,HG.N,4.51133
2026-01-08,GTY.N,1.275
2026-01-09,ETSY.N,1.27975
2026-01-12,ETSY.N,1.28536
2026-01-13,OCFC.OQ,1.39883
2026-01-13,ETSY.N,1.29136
2026-01-13,OCFC.OQ,1.88483
2026-01-26,OCFC.OQ,1.8765
2026-01-27,CBC.O,1.8218
2026-01-28,OCFC.OQ,1.8416
2026-01-29,OCFC.OQ,1.88933
2026-01-30,HG.N,4.657
2026-01-30,GTY.N,1.275
2026-01-30,GTY.N,1.39667
2026-02-02,OCFC.OQ,1.88933
2026-02-03,CBC.O,1.8638
2026-02-04,ETSY.N,1.2914
2026-02-10,ETSY.N,1.2902
2026-02-19,ETSY.N,2.85421
2026-02-19,HG.N,4.3464
2026-02-20,OCFC.OQ,1.842
2026-02-20,ETSY.N,2.92927
2026-02-20,HG.N,4.30367
2026-02-23,ETSY.N,2.95893
2026-02-23,HG.N,4.28117
2026-02-25,ETSY.N,2.9736
2026-02-26,ETSY.N,3.14783
2026-02-26,HG.N,4.2214
2026-03-02,ETSY.N,3.14446
2026-03-09,GTY.N,1.37667
2026-03-10,ETSY.N,3.11142
2026-03-11,ETSY.N,3.10359
2026-03-15,ETSY.N,3.08632
2026-03-23,ETSY.N,3.08311
2026-03-23,HG.N,4.2604
2026-03-24,GTY.N,1.44667
2026-03-27,CBC.O,1.8688
2014-12-02,CWENa.N,0.74167
2014-12-16,NX.N,0.41
2015-01-01,DCO.N,1.578
2015-01-09,CWENa.N,0.7775
2015-01-26,CWENa.N,0.79
2015-02-09,CWENa.N,1.18282
2015-02-19,NX.N,0.415
2015-03-02,CWENa.N,1.19532
2015-03-03,NX.N,0.44167
2015-03-04,NX.N,0.44833
2015-03-05,CWENa.N,1.28036
2015-03-09,NX.N,0.445
2015-03-10,CWENa.N,1.35344
2015-03-11,CWENa.N,1.20861
2015-03-17,NX.N,0.45333
2015-03-17,DCO.N,1.514
2015-03-17,DCO.N,1.76
2015-04-10,DCO.N,1.80167
2015-04-13,DCO.N,1.79333
2015-04-16,DCO.N,1.876
2015-04-22,CWENa.N,1.01375
2015-04-27,CWENa.N,1.08834
2015-04-28,CWENa.N,1.01563
2015-05-11,CWENa.N,0.87975
2015-05-12,DCO.N,1.59333
2015-05-13,DCO.N,0.95667
2015-05-14,CWENa.N,0.941
2015-05-15,CWENa.N,0.82717
2015-05-17,CWENa.N,0.67575
2015-05-18,DCO.N,0.872
2015-05-19,CWENa.N,0.6886
2015-05-20,CWENa.N,0.6716
2015-05-26,CWENa.N,0.6716
2015-05-28,CWENa.N,0.662
2015-06-03,NX.N,0.48
2015-06-08,NX.N,0.49333
2015-06-10,NX.N,0.5125
2015-06-16,CWENa.N,0.9026
2015-06-18,CWENa.N,0.9006
2015-06-19,CWENa.N,0.6595
2015-06-22,NX.N,0.515
2015-06-22,CWENa.N,0.6595
2015-06-23,CWENa.N,0.52633
2015-06-24,CWENa.N,0.51133
2015-06-25,NX.N,0.5325
2015-06-25,CWENa.N,0.588
2015-06-29,NX.N,0.518
2015-06-29,DCO.N,0.894
2015-06-30,DCO.N,0.952
2015-07-06,NX.N,0.532
2015-07-08,DCO.N,0.97
2015-07-10,CWENa.N,0.56967
2015-07-20,CWENa.N,0.55383
2015-07-21,NX.N,0.494
2015-07-28,CWENa.N,0.55217
2015-08-05,CWENa.N,0.596
2015-08-05,DCO.N,1.045
2015-08-06,CWENa.N,0.685
2015-08-06,DCO.N,1.02333
2015-08-07,CWENa.N,0.645
2015-08-07,DCO.N,1.01667
2015-08-09,CWENa.N,0.5725
2015-08-12,CWENa.N,0.566
2015-08-31,NX.N,0.442
2015-09-01,NX.N,0.4
2015-09-08,NX.N,0.375
2015-09-09,NX.N,0.38
2015-09-10,NX.N,0.43667
2015-09-11,DCO.N,0.99667
2015-09-14,NX.N,0.51
2015-09-21,CWENa.N,0.56667
2015-09-25,NX.N,0.52
2015-10-13,NX.N,0.52
2015-10-16,CWENa.N,0.57
2015-10-19,CWENa.N,0.58714
2015-10-21,CWENa.N,0.57857
2015-10-26,CWENa.N,0.58
2015-10-28,DCO.N,0.93
2015-11-02,DCO.N,0.97
2015-11-04,CWENa.N,0.58167
2015-11-04,DCO.N,-0.62
2015-11-05,CWENa.N,0.57543
2015-11-05,DCO.N,-0.48
2015-11-06,DCO.N,-0.4925
2015-11-09,CWENa.N,0.59967
2015-11-11,DCO.N,-0.502
2015-11-24,NX.N,0.51
2015-11-24,CWENa.N,0.59967
2015-11-30,CWENa.N,0.59967
2015-12-01,NX.N,0.925
2015-12-15,NX.N,0.855
2015-12-15,DCO.N,-0.214
2015-12-18,NX.N,0.84667
2015-12-22,DCO.N,-0.4725
2016-01-04,CWENa.N,0.598
2016-01-05,NX.N,0.82833
2016-01-05,CWENa.N,0.5996
2016-01-08,CWENa.N,0.598
2016-01-19,CWENa.N,0.58633
2016-01-28,CWENa.N,1.1445
2016-01-28,CWENa.N,0.58633
2016-03-01,CWENa.N,1.1106
2016-03-02,CWENa.N,1.08556
2016-03-03,NX.N,0.835
2016-03-04,NX.N,0.83333
2016-03-04,CWENa.N,1.06556
2016-03-07,CWENa.N,1.04429
2016-03-08,NX.N,0.85
2016-03-11,CWENa.N,1.06375
2016-03-14,NX.N,0.856
2016-03-14,DCO.N,1.794
2016-03-15,NX.N,0.846
2016-03-15,DCO.N,1.466
2016-03-28,DCO.N,1.474
2016-04-12,CWENa.N,1.05889
2016-04-15,NX.N,0.836
2016-04-22,NX.N,0.85
2016-04-22,CWENa.N,1.05778
2016-04-26,NX.N,0.81667
2016-05-05,CWENa.N,1.06
2016-05-06,CWENa.N,1.01375
2016-05-09,CWENa.N,1.02714
2016-05-10,DCO.N,1.3275
2016-05-11,DCO.N,1.27
2016-05-12,CWENa.N,1.03143
2016-05-13,CWENa.N,1.03333
2016-05-18,CWENa.N,1.02286
2016-05-18,DCO.N,1.37
2016-05-20,NX.N,0.835
2016-06-01,NX.N,0.8425
2016-06-02,NX.N,0.8475
2016-06-08,NX.N,0.844
2016-06-10,NX.N,0.84167
2016-06-10,CWENa.N,0.99
2016-06-10,DCO.N,1.374
2016-06-23,DCO.N,1.348
2016-06-30,NX.N,0.82833
2016-07-05,NX.N,0.82333
2016-07-14,CWENa.N,0.99714
2016-07-18,CWENa.N,0.98714
2016-07-22,CWENa.N,0.98286
2016-08-01,NX.N,0.83167
2016-08-03,NX.N,0.82333
2016-08-03,CWENa.N,0.98429
2016-08-04,DCO.N,1.352
2016-08-05,DCO.N,1.416
2016-08-09,CWENa.N,0.97
2016-08-15,CWENa.N,0.965
2016-08-16,CWENa.N,0.964
2016-08-16,DCO.N,1.442
2016-08-19,NX.N,0.82
2016-08-23,NX.N,0.81667
2016-08-25,CWENa.N,0.964
2016-08-28,CWENa.N,0.9575
2016-08-31,NX.N,0.825
2016-09-06,NX.N,0.80667
2016-09-07,NX.N,0.764
2016-09-07,CWENa.N,0.934
2016-09-08,NX.N,0.762
2016-09-12,CWENa.N,0.93
2016-09-27,CWENa.N,0.93
2016-10-07,NX.N,0.755
2016-10-10,CWENa.N,0.9075
2016-11-04,CWENa.N,0.90667
2016-11-04,DCO.N,1.475
2016-11-08,CWENa.N,0.92333
2016-11-14,CWENa.N,1.0125
2016-11-16,NX.N,0.75
2016-12-02,CWENa.N,1.0125
2016-12-05,CWENa.N,0.9308
2016-12-12,NX.N,0.76333
2016-12-13,NX.N,0.75
2016-12-14,NX.N,1.1375
2016-12-14,CWENa.N,0.93733
2016-12-19,NX.N,1.0625
2016-12-20,NX.N,0.9375
2017-01-04,CWENa.N,0.88733
2017-01-09,CWENa.N,0.91057
2017-02-16,NX.N,0.91
2017-02-28,CWENa.N,0.85533
2017-03-01,NX.N,0.9025
2017-03-01,CWENa.N,0.86125
2017-03-03,CWENa.N,0.88556
2017-03-06,DCO.N,1.734
2017-03-07,DCO.N,1.554
2017-03-08,NX.N,0.905
2017-03-08,CWENa.N,0.99
2017-03-08,DCO.N,1.484
2017-03-09,CWENa.N,0.97
2017-03-13,NX.N,0.895
2017-03-13,CWENa.N,0.94
2017-03-15,DCO.N,1.456
2017-03-28,CWENa.N,0.95
2017-04-03,CWENa.N,0.95
2017-04-12,CWENa.N,0.95
2017-04-20,CWENa.N,0.94
2017-04-26,CWENa.N,0.94
2017-05-02,CWENa.N,1.008
2017-05-04,DCO.N,1.402
2017-05-05,DCO.N,1.38
2017-05-07,DCO.N,1.36
2017-05-08,CWENa.N,1.026
2017-05-23,CWENa.N,1.012
2017-05-26,CWENa.N,1.60033
2017-06-01,NX.N,0.84333
2017-06-01,CWENa.N,1.49171
2017-06-02,NX.N,0.81
2017-06-05,DCO.N,1.3325
2017-06-06,NX.N,0.75
2017-06-07,CWENa.N,1.572
2017-06-09,NX.N,0.78333
2017-07-19,NX.N,0.78333
2017-07-24,CWENa.N,1.53433
2017-07-25,CWENa.N,1.47086
2017-08-03,CWENa.N,1.45514
2017-08-03,DCO.N,1.335
2017-08-04,CWENa.N,1.57433
2017-08-04,DCO.N,1.31
2017-08-07,NX.N,0.7925
2017-08-10,CWENa.N,1.01
2017-08-22,CWENa.N,1.01
2017-08-24,DCO.N,1.2575
2017-08-29,DCO.N,1.3225
2017-09-07,NX.N,0.83667
2017-09-07,CWENa.N,0.9902
2017-09-08,NX.N,0.79667
2017-09-11,NX.N,0.74667
2017-09-13,NX.N,0.695
2017-09-29,CWENa.N,0.9902
2017-10-04,NX.N,0.685
2017-10-15,CWENa.N,0.93525
2017-10-17,NX.N,0.69
2017-10-30,DCO.N,1.27
2017-11-02,CWENa.N,0.83025
2017-11-02,DCO.N,1.2
2017-11-03,DCO.N,0.59
2017-11-05,CWENa.N,0.75525
2017-11-09,CWENa.N,0.70333
2017-11-13,NX.N,0.765
2017-11-17,CWENa.N,0.71375
2017-12-12,NX.N,0.7675
2017-12-13,NX.N,0.78
2017-12-14,NX.N,0.77
2017-12-15,NX.N,0.7825
2017-12-18,NX.N,0.814
2018-01-02,CWENa.N,0.703
2018-01-03,CWENa.N,0.703
2018-01-04,NX.N,0.852
2018-01-24,CWENa.N,0.701
2018-02-01,CWENa.N,0.705
2018-02-07,CWENa.N,0.705
2018-02-08,CWENa.N,0.705
2018-02-27,NX.N,0.864
2018-02-28,DCO.N,0.87667
2018-03-01,CWENa.N,1.0765
2018-03-01,DCO.N,1.18667
2018-03-02,CWENa.N,1.085
2018-03-05,CWENa.N,1.07357
2018-03-06,NX.N,0.89
2018-03-07,NX.N,0.916
2018-03-08,CWENa.N,1.14917
2018-03-12,NX.N,0.9275
2018-03-14,NX.N,0.942
2018-03-19,CWENa.N,1.10643
2018-03-22,DCO.N,1.18333
2018-04-19,CWENa.N,1.05563
2018-05-03,CWENa.N,1.16071
2018-05-06,DCO.N,1.19
2018-05-08,DCO.N,0.97667
2018-05-10,CWENa.N,0.97625
2018-05-11,DCO.N,1.0725
2018-05-20,DCO.N,1.075
2018-05-22,CWENa.N,1.145
2018-05-23,NX.N,0.938
2018-05-25,NX.N,0.914
2018-06-05,NX.N,0.922
2018-06-06,NX.N,0.914
2018-06-11,NX.N,0.9175
2018-06-11,CWENa.N,1.13875
2018-06-14,NX.N,0.8925
2018-07-09,NX.N,0.88
2018-07-13,CWENa.N,1.235
2018-07-18,CWENa.N,1.10625
2018-08-02,CWENa.N,1.07167
2018-08-06,CWENa.N,1.075
2018-08-07,DCO.N,1.0
2018-08-14,CWENa.N,1.075
2018-08-31,NX.N,0.87
2018-09-07,NX.N,0.8725
2018-09-10,NX.N,0.86667
2018-09-10,CWENa.N,0.91625
2018-09-12,NX.N,0.87667
2018-09-13,CWENa.N,0.98875
2018-09-26,DCO.N,0.9975
2018-10-11,CWENa.N,1.071
2018-10-22,CWENa.N,1.065
2018-10-31,DCO.N,1.0
2018-11-06,CWENa.N,1.1
2018-11-06,DCO.N,1.11
2018-11-07,CWENa.N,1.08667
2018-11-07,DCO.N,1.0575
2018-11-13,CWENa.N,1.105
2018-12-03,NX.N,1.0225
2018-12-11,NX.N,0.9775
2018-12-12,NX.N,0.9475
2018-12-12,DCO.N,1.058
2018-12-14,NX.N,0.8675
2018-12-18,NX.N,0.7925
2019-01-07,CWENa.N,1.11571
2019-01-11,CWENa.N,1.01429
2019-01-14,CWENa.N,1.0285
2019-01-15,CWENa.N,1.021
2019-01-24,CWENa.N,1.0135
2019-02-14,NX.N,0.795
2019-02-15,CWENa.N,1.16225
2019-02-25,DCO.N,1.05
2019-02-28,CWENa.N,1.30714
2019-02-28,DCO.N,2.258
2019-03-01,CWENa.N,0.97
2019-03-01,DCO.N,2.388
2019-03-04,CWENa.N,0.98333
2019-03-06,CWENa.N,1.00333
2019-03-07,NX.N,0.82
2019-03-11,NX.N,0.825
2019-03-15,NX.N,0.83
2019-03-19,CWENa.N,0.93833
2019-04-16,DCO.N,2.348
2019-04-18,CWENa.N,0.95833
2019-04-23,DCO.N,2.344
2019-04-25,DCO.N,2.322
2019-05-06,DCO.N,2.492
2019-05-07,CWENa.N,1.005
2019-05-07,DCO.N,2.49
2019-05-08,CWENa.N,1.18
2019-05-14,CWENa.N,1.21
2019-06-05,NX.N,0.856
2019-06-09,NX.N,0.866
2019-06-14,DCO.N,2.478
2019-06-19,CWENa.N,1.21
2019-07-09,NX.N,0.87
2019-07-16,CWENa.N,1.17
2019-07-19,DCO.N,2.464
2019-08-05,DCO.N,2.494
2019-08-06,CWENa.N,0.83
2019-08-06,DCO.N,2.564
2019-08-07,CWENa.N,0.795
2019-09-06,NX.N,0.878
2019-09-09,NX.N,0.88
2019-09-10,NX.N,0.91
2019-09-12,NX.N,0.9125
2019-09-15,NX.N,0.92
2019-10-11,NX.N,1.005
2019-10-11,NX.N,0.908
2019-10-11,CWENa.N,0.431
2019-10-15,DCO.N,2.518
2019-10-17,CWENa.N,0.471
2019-10-21,DCO.N,2.496
2019-10-24,DCO.N,2.484
2019-10-30,DCO.N,2.536
2019-10-31,DCO.N,2.604
2019-11-06,CWENa.N,0.855
2019-11-06,DCO.N,2.645
2019-11-18,CWENa.N,0.51
2019-12-13,NX.N,1.0425
2019-12-16,CWENa.N,0.4
2019-12-18,NX.N,1.05667
2019-12-29,NX.N,1.07
2019-12-31,NX.N,1.07
2020-01-02,DCO.N,2.65
2020-01-14,CWENa.N,0.42333
2020-01-16,CWENa.N,0.42333
2020-01-17,CWENa.N,0.42667
2020-01-22,NX.N,1.08333
2020-01-23,DCO.N,2.65
2020-02-10,DCO.N,2.67333
2020-02-20,DCO.N,2.3725
2020-02-21,DCO.N,2.5825
2020-02-27,CWENa.N,1.264
2020-02-28,CWENa.N,1.072
2020-03-05,CWENa.N,1.056
2020-03-06,NX.N,1.08667
2020-03-09,NX.N,1.12333
2020-03-11,CWENa.N,1.042
2020-03-16,DCO.N,2.3925
2020-03-17,DCO.N,2.13
2020-03-31,NX.N,0.88
2020-04-02,NX.N,0.8975
2020-04-13,DCO.N,1.88
2020-04-15,CWENa.N,0.902
2020-04-16,DCO.N,1.7325
2020-04-20,DCO.N,1.7125
2020-04-21,NX.N,0.78
2020-04-21,CWENa.N,0.882
2020-04-21,DCO.N,1.7325
2020-04-30,DCO.N,1.9425
2020-05-01,DCO.N,1.845
2020-05-07,CWENa.N,1.008
2020-05-08,NX.N,0.6275
2020-05-08,CWENa.N,1.1675
2020-05-15,NX.N,0.5875
2020-05-20,DCO.N,1.864
2020-05-22,DCO.N,1.885
2020-06-05,NX.N,0.6225
2020-06-08,NX.N,0.5625
2020-06-17,CWENa.N,1.28
2020-07-15,CWENa.N,1.24667
2020-07-15,DCO.N,1.87
2020-07-30,DCO.N,2.0775
2020-07-31,DCO.N,2.155
2020-08-06,CWENa.N,1.2
2020-08-10,NX.N,0.6
2020-08-10,CWENa.N,1.25
2020-08-14,CWENa.N,1.22333
2020-09-04,NX.N,0.846
2020-09-08,NX.N,1.0175
2020-09-08,CWENa.N,0.985
2020-09-15,NX.N,1.022
2020-09-18,CWENa.N,1.002
2020-10-13,CWENa.N,1.004
2020-10-16,CWENa.N,0.992
2020-10-20,CWENa.N,0.996
2020-10-22,NX.N,1.178
2020-10-22,NX.N,1.026
2020-10-28,DCO.N,2.3
2020-10-29,DCO.N,2.4375
2020-11-05,CWENa.N,0.944
2020-11-16,CWENa.N,1.026
2020-11-23,CWENa.N,1.046
2020-12-11,NX.N,1.208
2020-12-14,NX.N,1.3225
2020-12-15,NX.N,1.4
2021-01-04,NX.N,1.395
2021-01-06,DCO.N,2.42333
2021-01-11,CWENa.N,1.084
2021-01-12,CWENa.N,1.096
2021-01-13,CWENa.N,1.242
2021-01-22,NX.N,1.386
2021-02-03,CWENa.N,1.188
2021-02-11,DCO.N,2.76667
2021-02-12,NX.N,1.394
2021-02-12,DCO.N,2.77
2021-03-01,CWENa.N,0.97167
2021-03-05,NX.N,1.424
2021-03-08,NX.N,1.516
2021-03-10,NX.N,1.514
2021-03-25,CWENa.N,0.95833
2021-03-30,CWENa.N,1.152
2021-04-15,DCO.N,2.8
2021-05-03,DCO.N,2.82667
2021-05-04,DCO.N,2.775
2021-05-06,CWENa.N,1.25
2021-05-07,CWENa.N,0.966
2021-05-19,CWENa.N,1.006
2021-06-04,NX.N,1.684
2021-06-07,NX.N,1.734
2021-06-21,CWENa.N,0.97
2021-07-21,CWENa.N,1.06
2021-07-23,DCO.N,2.775
2021-08-03,CWENa.N,1.032
2021-08-04,CWENa.N,0.885
2021-08-05,CWENa.N,0.9075
2021-08-10,CWENa.N,1.05
2021-08-12,DCO.N,2.865
2021-08-17,NX.N,1.724
2021-08-19,CWENa.N,1.08333
2021-08-25,NX.N,1.712
2021-08-25,CWENa.N,1.075
2021-08-26,NX.N,1.692
2021-08-30,NX.N,1.688
2021-09-03,CWENa.N,1.075
2021-09-07,NX.N,1.654
2021-09-07,NX.N,1.878
2021-10-15,DCO.N,2.835
2021-10-21,DCO.N,2.835
2021-10-25,CWENa.N,1.35
2021-11-02,DCO.N,2.92
2021-11-03,DCO.N,2.885
2021-11-04,CWENa.N,1.30667
2021-11-05,CWENa.N,0.93333
2021-11-10,CWENa.N,0.78
2021-11-11,CWENa.N,0.65667
2021-12-13,CWENa.N,0.6225
2021-12-16,CWENa.N,0.624
2021-12-17,NX.N,1.87
2021-12-20,NX.N,1.88
2022-01-02,DCO.N,2.83667
2022-01-07,DCO.N,2.83
2022-01-18,CWENa.N,0.65
2022-02-23,DCO.N,3.34667
2022-02-24,DCO.N,3.28
2022-02-28,CWENa.N,1.298
2022-03-01,CWENa.N,1.28
2022-03-02,DCO.N,3.185
2022-03-04,NX.N,1.91
2022-03-07,NX.N,1.954
2022-03-08,NX.N,1.958
2022-03-11,CWENa.N,1.10833
2022-03-21,CWENa.N,0.99
2022-04-01,CWENa.N,0.9975
2022-04-04,CWENa.N,0.908
2022-04-05,CWENa.N,0.928
2022-04-07,CWENa.N,1.09
2022-04-19,CWENa.N,0.98
2022-04-19,DCO.N,3.145
2022-04-28,DCO.N,3.17
2022-05-03,DCO.N,3.18
2022-05-04,DCO.N,3.53
2022-05-05,CWENa.N,0.985
2022-05-06,CWENa.N,0.83833
2022-05-09,CWENa.N,0.815
2022-05-10,DCO.N,3.685
2022-05-12,CWENa.N,0.9425
2022-05-17,CWENa.N,1.17333
2022-05-27,CWENa.N,1.17333
2022-06-03,NX.N,2.028
2022-06-06,NX.N,2.306
2022-06-09,NX.N,2.4
2022-06-21,NX.N,2.39
2022-07-19,DCO.N,3.605
2022-07-21,CWENa.N,1.135
2022-07-27,CWENa.N,1.14667
2022-08-02,CWENa.N,3.46
2022-08-03,CWENa.N,3.63
2022-08-04,DCO.N,3.09
2022-08-09,CWENa.N,4.5
2022-08-25,DCO.N,3.21333
2022-09-02,NX.N,2.41
2022-09-06,NX.N,2.514
2022-09-08,NX.N,2.542
2022-09-12,CWENa.N,3.5175
2022-09-21,CWENa.N,4.1325
2022-10-12,CWENa.N,4.1325
2022-10-14,NX.N,2.528
2022-11-02,NX.N,2.518
2022-11-02,CWENa.N,3.69333
2022-11-02,NX.N,2.414
2022-11-03,CWENa.N,3.46
2022-11-07,DCO.N,3.31667
2022-11-08,DCO.N,3.245
2022-11-09,CWENa.N,3.675
2022-11-18,CWENa.N,4.0
2022-12-12,CWENa.N,3.7575
2022-12-13,CWENa.N,4.0
2022-12-16,DCO.N,3.245
2022-12-19,NX.N,2.41
2022-12-22,NX.N,2.42
2023-01-24,NX.N,2.405
2023-01-30,CWENa.N,4.01333
2023-02-16,DCO.N,3.11
2023-02-17,DCO.N,2.88667
2023-02-21,NX.N,2.355
2023-02-23,CWENa.N,1.62
2023-03-02,CWENa.N,1.665
2023-03-07,NX.N,2.125
2023-03-09,CWENa.N,1.54667
2023-03-13,NX.N,1.9375
2023-03-14,NX.N,1.8725
2023-04-04,NX.N,1.88
2023-04-26,CWENa.N,1.43
2023-05-04,CWENa.N,1.604
2023-05-04,DCO.N,2.55333
2023-05-05,CWENa.N,1.72
2023-05-05,DCO.N,2.65667
2023-05-08,CWENa.N,1.696
2023-05-11,CWENa.N,1.85
2023-05-16,DCO.N,2.66667
2023-05-17,DCO.N,2.59333
2023-06-05,NX.N,2.11
2023-06-05,CWENa.N,1.846
2023-06-05,DCO.N,2.57333
2023-06-23,CWENa.N,1.71667
2023-07-06,DCO.N,2.58425
2023-07-17,CWENa.N,1.49333
2023-07-20,CWENa.N,1.42833
2023-08-03,DCO.N,2.54175
2023-08-04,DCO.N,2.42425
2023-08-08,CWENa.N,1.15833
2023-08-14,CWENa.N,1.15333
2023-08-14,DCO.N,2.4654
2023-08-16,CWENa.N,1.005
2023-09-05,NX.N,2.335
2023-09-06,NX.N,2.485
2023-09-20,CWENa.N,0.998
2023-10-12,CWENa.N,0.968
2023-10-17,CWENa.N,0.944
2023-10-20,NX.N,2.39333
2023-10-20,CWENa.N,0.92
2023-10-20,DCO.N,2.4454
2023-11-02,CWENa.N,0.73
2023-11-03,CWENa.N,0.73167
2023-11-05,CWENa.N,0.69333
2023-11-08,CWENa.N,0.66833
2023-11-08,DCO.N,2.4494
2023-11-09,DCO.N,2.51675
2023-11-10,DCO.N,2.52675
2023-11-13,DCO.N,2.5235
2023-12-03,WS.N,2.9
2023-12-18,NX.N,2.515
2023-12-19,NX.N,2.335
2023-12-21,NX.N,2.27333
2024-01-10,NX.N,2.2625
2024-01-12,WS.N,2.75
2024-02-15,DCO.N,3.0862
2024-02-16,DCO.N,3.0242
2024-02-18,DCO.N,2.9275
2024-02-22,CWENa.N,1.11
2024-02-23,CWENa.N,1.046
2024-02-25,CWENa.N,1.078
2024-02-29,NX.N,2.31
2024-02-29,CWENa.N,1.0
2024-03-01,CWENa.N,1.02
2024-03-08,NX.N,2.305
2024-03-11,NX.N,2.365
2024-03-11,WS.N,2.835
2024-03-12,NX.N,2.38
2024-03-25,WS.N,2.91
2024-03-29,WS.N,2.9
2024-04-02,CWENa.N,1.02
2024-04-02,WS.N,3.07
2024-05-08,DCO.N,2.915
2024-05-09,DCO.N,2.8798
2024-05-10,CWENa.N,1.042
2024-05-10,DCO.N,2.8778
2024-05-13,CWENa.N,1.098
2024-05-14,CWENa.N,1.168
2024-05-15,DCO.N,2.84725
2024-05-16,CWENa.N,1.185
2024-05-17,NX.N,2.3725
2024-05-20,NX.N,2.3425
2024-06-03,CWENa.N,1.185
2024-06-10,NX.N,2.3525
2024-06-26,WS.N,2.995
2024-07-01,DCO.N,2.8565
2024-07-17,DCO.N,2.8365
2024-08-01,CWENa.N,1.11
2024-08-02,CWENa.N,1.1225
2024-08-08,DCO.N,2.939
2024-08-09,DCO.N,3.08925
2024-08-12,CWENa.N,0.992
2024-08-13,DCO.N,3.16175
2024-09-09,NX.N,2.24
2024-09-10,NX.N,2.195
2024-09-11,NX.N,2.13
2024-09-20,CWENa.N,0.93167
2024-09-22,WS.N,3.075
2024-09-26,WS.N,2.975
2024-10-09,DCO.N,3.14675
2024-10-18,DCO.N,3.12425
2024-10-22,DCO.N,3.16425
2024-10-30,CWENa.N,0.93
2024-10-31,CWENa.N,0.91
2024-11-07,DCO.N,3.30425
2024-11-08,DCO.N,3.3625
2024-11-25,CWENa.N,0.87143
2024-11-27,NX.N,2.1225
2024-12-03,NX.N,2.325
2024-12-03,NX.N,2.135
2024-12-04,CWENa.N,0.90857
2024-12-17,NX.N,2.26
2024-12-19,NX.N,2.23333
2024-12-23,NX.N,2.2375
2024-12-23,WS.N,2.575
2024-12-30,DCO.N,3.36
2025-01-14,DCO.N,3.344
2025-01-15,CWENa.N,0.77667
2025-01-16,DCO.N,3.332
2025-01-21,WS.N,2.255
2025-01-22,CWENa.N,0.77667
2025-01-28,CWENa.N,0.78
2025-01-28,CWENa.N,0.64167
2025-02-07,NX.N,2.245
2025-02-10,NX.N,2.225
2025-02-11,NX.N,2.43
2025-02-13,NX.N,2.51
2025-02-14,NX.N,2.43
2025-02-25,CWENa.N,0.746
2025-02-27,DCO.N,3.876
2025-02-28,DCO.N,3.812
2025-03-03,CWENa.N,0.50333
2025-03-03,DCO.N,3.722
2025-03-04,CWENa.N,0.5375
2025-03-06,DCO.N,3.5575
2025-03-06,WS.N,2.055
2025-03-10,DCO.N,3.7048
2025-03-11,NX.N,2.445
2025-03-13,NX.N,2.465
2025-03-13,DCO.N,3.7168
2025-03-14,NX.N,2.5575
2025-03-20,WS.N,1.94
2025-03-25,CWENa.N,0.646
2025-04-14,DCO.N,3.6768
2025-04-17,CWENa.N,0.6
2025-04-17,DCO.N,3.6608
2025-04-25,CWENa.N,0.71429
2025-05-01,CWENa.N,0.94143
2025-05-06,DCO.N,3.7808
2025-05-07,CWENa.N,1.03667
2025-05-07,DCO.N,3.8276
2025-05-09,DCO.N,3.7536
2025-06-09,NX.N,2.5725
2025-06-10,NX.N,2.6125
2025-06-19,WS.N,2.47
2025-06-19,WS.N,1.925
2025-06-26,WS.N,2.57
2025-06-29,CWENa.N,1.00714
2025-07-02,DCO.N,3.7736
2025-07-11,DCO.N,3.7836
2025-07-14,DCO.N,3.7852
2025-07-28,CWENa.N,1.02143
2025-07-28,DCO.N,3.725
2025-08-06,CWENa.N,0.82286
2025-08-07,DCO.N,3.7125
2025-08-08,DCO.N,3.73
2025-08-12,CWENa.N,0.578
2025-09-08,NX.N,2.3425
2025-09-10,NX.N,2.1775
2025-09-11,NX.N,2.02
2025-09-12,NX.N,2.205
2025-09-12,NX.N,2.015
2025-09-12,CWENa.N,0.664
2025-09-15,WS.N,2.595
2025-09-21,WS.N,2.6
2025-09-25,WS.N,2.66
2025-10-01,CWENa.N,0.664
2025-10-06,CWENa.N,0.548
2025-10-09,DCO.N,3.7325
2025-10-15,DCO.N,3.6925
2025-10-22,CWENa.N,0.48333
2025-10-22,DCO.N,3.6825
2025-11-05,CWENa.N,0.81667
2025-11-06,DCO.N,3.685
2025-11-07,DCO.N,3.695
2025-11-11,CWENa.N,1.1375
2025-12-02,CWENa.N,1.352
2025-12-08,NX.N,1.9975
2025-12-09,CWENa.N,1.606
2025-12-10,CWENa.N,1.615
2025-12-11,DCO.N,3.695
2025-12-15,NX.N,2.1125
2025-12-15,WS.N,2.61
2025-12-18,WS.N,2.465
2025-12-19,CWENa.N,1.59714
2026-01-06,CWENa.N,1.58571
2026-01-09,DCO.N,3.675
2026-01-12,DCO.N,3.6732
2026-01-16,DCO.N,3.6772
2026-01-29,CWENa.N,1.90857
2026-02-19,DCO.N,3.6732
2026-02-23,CWENa.N,1.18429
2026-02-24,CWENa.N,1.13571
2026-02-26,DCO.N,4.431
2026-02-27,DCO.N,4.401
2026-03-02,DCO.N,4.2976
2026-03-03,NX.N,2.0975
2026-03-09,NX.N,2.0075
2026-03-23,CWENa.N,1.12857
2026-03-24,WS.N,2.415
2026-03-26,WS.N,2.265
2026-03-27,CWENa.N,1.09143
2014-10-24,TNC.N,2.6075
2014-11-24,PRA.N,3.01257
2014-12-19,RES.N,1.09786
2014-12-30,MCRI.OQ,0.73233
2015-01-07,RES.N,1.09857
2015-01-09,PRA.N,3.01114
2015-01-20,RES.N,1.096
2015-01-21,PRA.N,2.99686
2015-01-23,RES.N,1.09667
2015-01-26,MCRI.OQ,0.74567
2015-01-26,RES.N,1.098
2015-01-28,RES.N,0.58667
2015-01-29,PRA.N,2.92929
2015-01-29,PRA.N,2.99829
2015-01-29,RES.N,0.31412
2015-01-30,RES.N,0.31
2015-02-03,RES.N,0.30177
2015-02-05,MCRI.OQ,0.74567
2015-02-10,RES.N,0.24471
2015-02-20,TNC.N,3.15667
2015-02-20,TNC.N,2.60667
2015-02-24,RES.N,0.24765
2015-02-25,MCRI.OQ,0.97675
2015-02-25,TNC.N,2.60667
2015-02-25,PRA.N,2.89357
2015-02-26,MCRI.OQ,1.007
2015-03-02,RES.N,0.24235
2015-03-03,RES.N,0.24833
2015-03-05,PRA.N,2.85083
2015-03-06,MCRI.OQ,0.96933
2015-03-06,RES.N,0.24167
2015-03-08,RES.N,0.23556
2015-03-12,RES.N,0.22167
2015-03-20,RES.N,0.20111
2015-03-26,RES.N,0.19
2015-03-30,RES.N,0.18278
2015-03-31,RES.N,0.15944
2015-04-01,MCRI.OQ,0.97267
2015-04-01,RES.N,0.16556
2015-04-08,RES.N,0.165
2015-04-09,PRA.N,2.83417
2015-04-10,RES.N,0.155
2015-04-14,RES.N,0.14722
2015-04-16,RES.N,0.11556
2015-04-17,RES.N,0.115
2015-04-20,MCRI.OQ,0.986
2015-04-20,RES.N,0.11167
2015-04-21,RES.N,0.09889
2015-04-22,MCRI.OQ,0.99267
2015-04-23,MCRI.OQ,1.00767
2015-04-27,TNC.N,2.59
2015-04-27,RES.N,0.07
2015-04-29,RES.N,0.02556
2015-04-30,RES.N,-0.07611
2015-05-01,RES.N,-0.09444
2015-05-08,PRA.N,2.7275
2015-05-11,PRA.N,2.69417
2015-05-11,RES.N,-0.10611
2015-05-14,PRA.N,2.704
2015-05-14,RES.N,-0.10889
2015-05-18,PRA.N,2.70333
2015-05-19,RES.N,-0.13167
2015-06-01,PRA.N,2.68814
2015-06-05,RES.N,-0.13526
2015-06-11,RES.N,-0.13842
2015-06-17,MCRI.OQ,1.01325
2015-06-24,MCRI.OQ,1.01325
2015-06-24,RES.N,-0.13579
2015-06-29,RES.N,-0.14263
2015-06-30,RES.N,-0.16158
2015-07-06,RES.N,-0.16053
2015-07-07,RES.N,-0.17474
2015-07-08,RES.N,-0.17842
2015-07-09,RES.N,-0.19737
2015-07-12,RES.N,-0.21056
2015-07-17,RES.N,-0.215
2015-07-20,PRA.N,2.66671
2015-07-20,RES.N,-0.22412
2015-07-22,MCRI.OQ,1.01825
2015-07-24,MCRI.OQ,1.02525
2015-07-24,TNC.N,2.56667
2015-07-29,RES.N,-0.25941
2015-07-30,RES.N,-0.33294
2015-07-31,RES.N,-0.33941
2015-08-02,RES.N,-0.35
2015-08-04,RES.N,-0.35882
2015-08-06,PRA.N,2.67386
2015-08-07,PRA.N,2.65529
2015-08-12,RES.N,-0.36882
2015-08-24,RES.N,-0.37235
2015-08-27,RES.N,-0.38
2015-08-28,RES.N,-0.38294
2015-08-31,RES.N,-0.38765
2015-09-01,RES.N,-0.39118
2015-09-03,RES.N,-0.39529
2015-09-09,RES.N,-0.39588
2015-09-10,RES.N,-0.39882
2015-09-11,RES.N,-0.39941
2015-09-14,RES.N,-0.40118
2015-09-21,RES.N,-0.40389
2015-09-23,RES.N,-0.41056
2015-10-01,RES.N,-0.415
2015-10-02,RES.N,-0.41889
2015-10-06,RES.N,-0.42111
2015-10-12,RES.N,-0.42278
2015-10-13,RES.N,-0.42611
2015-10-15,RES.N,-0.43278
2015-10-16,PRA.N,2.64186
2015-10-20,RES.N,-0.43444
2015-10-23,MCRI.OQ,1.08025
2015-10-28,TNC.N,2.54
2015-10-28,RES.N,-0.44611
2015-10-29,MCRI.OQ,1.097
2015-10-29,RES.N,-0.45778
2015-10-30,RES.N,-0.45722
2015-11-02,RES.N,-0.45667
2015-11-03,TNC.N,2.535
2015-11-04,RES.N,-0.45941
2015-11-05,PRA.N,2.65614
2015-11-06,RES.N,-0.45882
2015-11-10,PRA.N,2.65043
2015-11-11,PRA.N,2.66
2015-11-13,PRA.N,2.6495
2015-12-02,PRA.N,2.64957
2015-12-07,RES.N,-0.45706
2015-12-08,MCRI.OQ,1.09775
2015-12-18,RES.N,-0.45889
2015-12-21,RES.N,-0.45926
2015-12-22,RES.N,-0.4603
2016-01-05,RES.N,-0.45886
2016-01-08,RES.N,-0.45914
2016-01-11,RES.N,-0.45868
2016-01-12,RES.N,-0.45959
2016-01-13,RES.N,-0.45823
2016-01-15,PRA.N,2.641
2016-01-15,PRA.N,2.54871
2016-01-19,TNC.N,2.52
2016-01-19,PRA.N,2.63957
2016-01-19,RES.N,-0.45868
2016-01-27,RES.N,-0.56227
2016-01-28,RES.N,-0.59864
2016-01-29,RES.N,-0.61238
2016-02-01,RES.N,-0.61191
2016-02-21,TNC.N,2.725
2016-02-21,TNC.N,2.52
2016-02-24,MCRI.OQ,1.13075
2016-02-24,PRA.N,2.54157
2016-02-25,MCRI.OQ,1.24825
2016-02-25,PRA.N,2.555
2016-02-25,RES.N,-0.62
2016-02-26,TNC.N,2.54
2016-02-26,RES.N,-0.6135
2016-02-29,TNC.N,2.37
2016-02-29,PRA.N,2.56929
2016-02-29,RES.N,-0.61191
2016-03-02,RES.N,-0.61818
2016-03-04,MCRI.OQ,1.24825
2016-03-11,RES.N,-0.61864
2016-03-14,RES.N,-0.62957
2016-03-16,RES.N,-0.62913
2016-03-18,RES.N,-0.63917
2016-03-23,RES.N,-0.64439
2016-03-28,RES.N,-0.667
2016-03-30,RES.N,-0.67526
2016-03-31,RES.N,-0.69265
2016-04-05,TNC.N,2.38
2016-04-07,RES.N,-0.69254
2016-04-11,MCRI.OQ,1.25075
2016-04-12,RES.N,-0.69921
2016-04-18,PRA.N,2.56271
2016-04-18,RES.N,-0.70629
2016-04-19,RES.N,-0.71421
2016-04-21,MCRI.OQ,1.27
2016-04-25,TNC.N,2.36333
2016-04-25,RES.N,-0.72213
2016-04-26,TNC.N,2.37
2016-04-27,RES.N,-0.70874
2016-04-28,PRA.N,2.51271
2016-04-28,RES.N,-0.73005
2016-04-29,PRA.N,2.44129
2016-04-29,RES.N,-0.74352
2016-05-02,PRA.N,2.41986
2016-05-02,RES.N,-0.74448
2016-05-03,RES.N,-0.754
2016-05-04,RES.N,-0.7547
2016-05-05,RES.N,-0.7572
2016-05-06,PRA.N,2.398
2016-05-09,PRA.N,2.33514
2016-05-10,RES.N,-0.75638
2016-05-12,PRA.N,2.31443
2016-05-18,RES.N,-0.76067
2016-05-27,MCRI.OQ,1.295
2016-06-01,RES.N,-0.76181
2016-06-03,MCRI.OQ,1.2925
2016-06-08,RES.N,-0.7524
2016-06-27,RES.N,-0.74832
2016-06-29,RES.N,-0.75568
2016-06-30,MCRI.OQ,1.29425
2016-07-08,TNC.N,2.3625
2016-07-11,RES.N,-0.75989
2016-07-12,RES.N,-0.76378
2016-07-18,PRA.N,2.30014
2016-07-18,RES.N,-0.76989
2016-07-19,RES.N,-0.77656
2016-07-21,MCRI.OQ,1.285
2016-07-26,TNC.N,2.4125
2016-07-27,TNC.N,2.4325
2016-07-27,RES.N,-0.76678
2016-07-28,RES.N,-0.76424
2016-07-29,MCRI.OQ,1.29833
2016-07-29,TNC.N,2.4975
2016-07-29,RES.N,-0.76482
2016-08-01,RES.N,-0.76365
2016-08-02,RES.N,-0.74825
2016-08-04,PRA.N,2.323
2016-08-06,RES.N,-0.74013
2016-08-08,PRA.N,2.35157
2016-08-09,PRA.N,2.373
2016-08-09,RES.N,-0.74253
2016-08-10,PRA.N,2.41833
2016-08-10,RES.N,-0.73629
2016-08-16,RES.N,-0.73629
2016-08-18,RES.N,-0.73629
2016-08-19,RES.N,-0.74387
2016-08-23,RES.N,-0.74787
2016-08-29,RES.N,-0.76986
2016-09-02,PRA.N,2.40171
2016-09-02,RES.N,-0.77253
2016-09-09,MCRI.OQ,1.285
2016-09-26,RES.N,-0.76787
2016-10-04,RES.N,-0.762
2016-10-14,MCRI.OQ,1.30125
2016-10-14,RES.N,-0.76057
2016-10-17,RES.N,-0.75914
2016-10-24,PRA.N,2.35171
2016-10-25,MCRI.OQ,1.34125
2016-10-25,PRA.N,2.30314
2016-10-26,MCRI.OQ,1.35175
2016-10-26,TNC.N,2.5075
2016-10-26,RES.N,-0.74425
2016-10-27,RES.N,-0.73113
2016-10-28,RES.N,-0.72425
2016-10-31,RES.N,-0.7155
2016-11-01,TNC.N,2.5
2016-11-01,PRA.N,2.28443
2016-11-02,RES.N,-0.71075
2016-11-03,TNC.N,2.5025
2016-11-03,PRA.N,2.26586
2016-11-03,TNC.N,2.825
2016-11-04,PRA.N,2.26157
2016-11-06,RES.N,-0.7068
2016-11-08,PRA.N,2.27286
2016-11-09,MCRI.OQ,1.36425
2016-11-09,PRA.N,2.25167
2016-11-10,PRA.N,2.25333
2016-11-11,PRA.N,2.24571
2016-11-11,RES.N,-0.70514
2016-11-14,RES.N,-0.70943
2016-11-15,RES.N,-0.7108
2016-11-28,RES.N,-0.71013
2016-12-06,RES.N,-0.71013
2016-12-30,PRA.N,2.22833
2017-01-03,RES.N,-0.712
2017-01-09,RES.N,-0.71388
2017-01-12,RES.N,-0.71325
2017-01-17,RES.N,-0.71075
2017-01-18,RES.N,-0.70953
2017-01-19,RES.N,-0.706
2017-01-23,PRA.N,2.30767
2017-01-23,RES.N,-0.6995
2017-01-24,RES.N,-0.69953
2017-01-25,RES.N,0.05104
2017-01-26,RES.N,0.10064
2017-01-27,RES.N,0.10704
2017-01-30,RES.N,0.11754
2017-01-31,RES.N,0.12765
2017-02-01,RES.N,0.16496
2017-02-07,MCRI.OQ,1.367
2017-02-13,RES.N,0.17038
2017-02-22,RES.N,0.14535
2017-02-23,MCRI.OQ,1.4646
2017-02-23,PRA.N,2.316
2017-02-24,MCRI.OQ,1.4866
2017-02-24,TNC.N,2.67
2017-03-01,TNC.N,2.62667
2017-03-01,PRA.N,2.3392
2017-03-07,RES.N,0.14958
2017-03-09,RES.N,0.15189
2017-03-14,RES.N,0.17496
2017-03-17,RES.N,0.18035
2017-03-21,PRA.N,2.316
2017-03-31,MCRI.OQ,1.48883
2017-04-06,MCRI.OQ,1.4865
2017-04-10,RES.N,0.18473
2017-04-11,PRA.N,2.29943
2017-04-11,RES.N,0.18665
2017-04-12,RES.N,0.19011
2017-04-13,MCRI.OQ,1.477
2017-04-17,RES.N,0.20122
2017-04-20,RES.N,0.20261
2017-04-21,MCRI.OQ,1.47129
2017-04-21,RES.N,0.20546
2017-04-25,MCRI.OQ,1.45843
2017-04-25,TNC.N,2.56333
2017-04-26,MCRI.OQ,1.44757
2017-04-26,TNC.N,2.51667
2017-04-26,RES.N,0.40696
2017-04-27,MCRI.OQ,1.44043
2017-04-27,RES.N,0.47446
2017-04-28,RES.N,0.49232
2017-05-01,RES.N,0.53814
2017-05-03,MCRI.OQ,1.45186
2017-05-03,RES.N,0.55844
2017-05-05,PRA.N,2.32086
2017-05-08,MCRI.OQ,1.46043
2017-05-08,PRA.N,2.328
2017-05-09,RES.N,0.56733
2017-05-15,RES.N,0.54474
2017-05-17,RES.N,0.56104
2017-05-22,PRA.N,2.32114
2017-05-22,RES.N,0.55993
2017-05-24,RES.N,0.56696
2017-05-26,RES.N,0.58511
2017-06-06,RES.N,0.584
2017-06-12,PRA.N,2.33333
2017-06-16,RES.N,0.59454
2017-06-19,MCRI.OQ,1.46329
2017-06-21,RES.N,0.59954
2017-06-22,RES.N,0.60185
2017-06-26,RES.N,0.60646
2017-06-27,RES.N,0.60454
2017-07-04,RES.N,0.608
2017-07-06,MCRI.OQ,1.46217
2017-07-07,RES.N,0.61646
2017-07-10,RES.N,0.62723
2017-07-11,MCRI.OQ,1.46067
2017-07-13,RES.N,0.628
2017-07-14,RES.N,0.63492
2017-07-16,PRA.N,2.32571
2017-07-19,RES.N,0.63454
2017-07-20,RES.N,0.63069
2017-07-24,RES.N,0.63215
2017-07-26,MCRI.OQ,1.49367
2017-07-26,RES.N,0.7012
2017-07-27,MCRI.OQ,1.512
2017-07-27,RES.N,0.78368
2017-07-28,RES.N,0.79648
2017-07-31,RES.N,0.80488
2017-08-01,PRA.N,2.21571
2017-08-02,TNC.N,2.41667
2017-08-02,RES.N,0.84009
2017-08-03,TNC.N,2.2775
2017-08-07,PRA.N,2.19429
2017-08-08,PRA.N,2.14
2017-08-10,PRA.N,2.14286
2017-08-14,PRA.N,2.14333
2017-08-14,RES.N,0.8105
2017-08-15,PRA.N,2.13714
2017-08-28,MCRI.OQ,1.5184
2017-08-29,RES.N,0.80835
2017-09-05,RES.N,0.8105
2017-09-11,PRA.N,2.12625
2017-09-12,RES.N,0.81139
2017-09-13,RES.N,0.83096
2017-09-19,TNC.N,2.275
2017-09-26,RES.N,0.82878
2017-10-02,PRA.N,2.11375
2017-10-04,RES.N,0.82835
2017-10-05,RES.N,0.81791
2017-10-06,MCRI.OQ,1.5224
2017-10-09,MCRI.OQ,1.5324
2017-10-09,PRA.N,2.10125
2017-10-09,RES.N,0.81842
2017-10-10,PRA.N,2.08875
2017-10-11,PRA.N,2.07375
2017-10-11,RES.N,0.82313
2017-10-12,PRA.N,2.0575
2017-10-13,PRA.N,2.02286
2017-10-13,RES.N,0.82357
2017-10-17,RES.N,0.8253
2017-10-18,PRA.N,2.02625
2017-10-18,RES.N,0.82574
2017-10-20,TNC.N,2.28667
2017-10-23,RES.N,0.82675
2017-10-25,MCRI.OQ,1.5638
2017-10-25,RES.N,0.81579
2017-10-26,RES.N,0.82474
2017-10-30,RES.N,0.82492
2017-10-31,RES.N,0.82417
2017-11-01,RES.N,0.82182
2017-11-03,TNC.N,1.55
2017-11-03,TNC.N,1.88667
2017-11-07,PRA.N,2.05625
2017-11-10,RES.N,0.82304
2017-11-13,PRA.N,2.08429
2017-11-15,PRA.N,2.09143
2017-11-15,RES.N,0.82333
2017-11-16,RES.N,0.82254
2017-11-27,PRA.N,2.0925
2017-12-15,MCRI.OQ,1.5658
2017-12-15,PRA.N,2.08875
2018-01-04,RES.N,0.82296
2018-01-09,RES.N,0.82244
2018-01-11,RES.N,0.82084
2018-01-18,MCRI.OQ,1.56317
2018-01-18,RES.N,0.82044
2018-01-22,PRA.N,2.11875
2018-01-22,RES.N,0.82084
2018-01-24,RES.N,1.61121
2018-01-25,RES.N,1.60104
2018-01-26,RES.N,1.58354
2018-01-29,RES.N,1.56911
2018-01-30,RES.N,1.56732
2018-01-31,MCRI.OQ,1.77917
2018-01-31,MCRI.OQ,1.56267
2018-01-31,RES.N,1.56135
2018-02-01,RES.N,1.56558
2018-02-02,RES.N,1.59635
2018-02-08,RES.N,1.59062
2018-02-21,MCRI.OQ,1.8455
2018-02-21,RES.N,1.59096
2018-02-22,MCRI.OQ,1.88717
2018-02-22,PRA.N,2.03375
2018-02-22,RES.N,1.59578
2018-02-23,TNC.N,1.89667
2018-02-26,PRA.N,2.00625
2018-02-28,PRA.N,1.95833
2018-03-01,PRA.N,1.95714
2018-03-12,PRA.N,1.93571
2018-03-20,PRA.N,1.9625
2018-04-02,MCRI.OQ,1.87717
2018-04-02,RES.N,1.58989
2018-04-04,RES.N,1.58433
2018-04-05,RES.N,1.58359
2018-04-06,PRA.N,1.96375
2018-04-09,RES.N,1.57211
2018-04-10,RES.N,1.55693
2018-04-11,RES.N,1.54322
2018-04-12,RES.N,1.53804
2018-04-13,RES.N,1.53063
2018-04-16,RES.N,1.52748
2018-04-17,RES.N,1.51822
2018-04-18,PRA.N,1.93875
2018-04-18,RES.N,1.51156
2018-04-19,RES.N,1.48119
2018-04-23,TNC.N,1.91
2018-04-24,TNC.N,1.99667
2018-04-25,RES.N,1.40219
2018-04-26,RES.N,1.3207
2018-04-27,MCRI.OQ,1.8698
2018-04-27,RES.N,1.29848
2018-04-30,RES.N,1.27033
2018-05-01,MCRI.OQ,1.87475
2018-05-02,RES.N,1.25288
2018-05-03,MCRI.OQ,1.79967
2018-05-04,PRA.N,1.8625
2018-05-09,RES.N,1.24538
2018-05-10,PRA.N,1.8
2018-05-14,PRA.N,1.80625
2018-05-15,PRA.N,1.80714
2018-05-17,RES.N,1.24372
2018-05-18,RES.N,1.23971
2018-05-24,RES.N,1.23942
2018-06-08,RES.N,1.23584
2018-06-12,PRA.N,1.7875
2018-06-15,MCRI.OQ,1.85725
2018-06-15,RES.N,1.23544
2018-06-25,PRA.N,1.78375
2018-06-29,RES.N,1.22904
2018-07-06,RES.N,1.21704
2018-07-09,RES.N,1.2124
2018-07-12,PRA.N,1.75875
2018-07-12,RES.N,1.19
2018-07-13,RES.N,1.1924
2018-07-16,PRA.N,1.7525
2018-07-19,RES.N,1.194
2018-07-23,RES.N,1.1928
2018-07-24,RES.N,1.1812
2018-07-25,MCRI.OQ,1.8535
2018-07-25,RES.N,1.12658
2018-07-26,TNC.N,2.03
2018-07-26,RES.N,1.04142
2018-07-27,TNC.N,2.04
2018-07-27,RES.N,1.02908
2018-07-30,RES.N,1.02575
2018-07-31,RES.N,1.00325
2018-08-01,RES.N,1.00252
2018-08-03,RES.N,0.99948
2018-08-07,PRA.N,1.74625
2018-08-08,PRA.N,1.8225
2018-08-09,RES.N,0.99867
2018-08-13,MCRI.OQ,1.858
2018-08-14,PRA.N,1.835
2018-08-17,RES.N,0.99838
2018-08-27,RES.N,0.99884
2018-08-29,RES.N,0.98448
2018-09-07,RES.N,0.98208
2018-09-10,RES.N,0.982
2018-09-13,RES.N,0.98065
2018-09-14,RES.N,0.97642
2018-09-21,RES.N,0.97489
2018-09-27,MCRI.OQ,1.859
2018-09-27,RES.N,0.96828
2018-10-01,RES.N,0.97028
2018-10-03,RES.N,0.96788
2018-10-09,RES.N,0.96668
2018-10-10,PRA.N,1.82875
2018-10-10,RES.N,0.95108
2018-10-11,RES.N,0.94908
2018-10-14,PRA.N,1.81625
2018-10-15,RES.N,0.94988
2018-10-17,PRA.N,1.8225
2018-10-17,RES.N,0.94835
2018-10-18,RES.N,0.93873
2018-10-24,TNC.N,2.08
2018-10-24,RES.N,0.91119
2018-10-25,MCRI.OQ,1.8875
2018-10-25,TNC.N,2.11
2018-10-25,RES.N,0.87122
2018-10-26,RES.N,0.86718
2018-10-29,RES.N,0.85835
2018-10-30,RES.N,0.85477
2018-10-31,MCRI.OQ,1.85333
2018-10-31,RES.N,0.85006
2018-11-01,RES.N,0.85477
2018-11-02,RES.N,0.85506
2018-11-05,RES.N,0.85329
2018-11-06,PRA.N,1.835
2018-11-06,RES.N,0.84741
2018-11-07,PRA.N,1.8175
2018-11-12,PRA.N,1.78125
2018-11-15,PRA.N,1.7625
2018-11-19,PRA.N,1.74375
2018-11-29,MCRI.OQ,1.8725
2018-12-03,RES.N,0.84682
2018-12-13,RES.N,0.84624
2018-12-19,RES.N,0.84453
2018-12-31,RES.N,0.84294
2019-01-04,MCRI.OQ,1.87475
2019-01-04,RES.N,0.84356
2019-01-09,RES.N,0.84294
2019-01-10,RES.N,0.84106
2019-01-11,RES.N,0.83847
2019-01-15,RES.N,0.8378
2019-01-18,PRA.N,1.74125
2019-01-23,RES.N,0.41792
2019-01-24,RES.N,0.38672
2019-01-25,RES.N,0.3602
2019-01-28,RES.N,0.3366
2019-01-30,RES.N,0.287
2019-02-01,RES.N,0.27827
2019-02-04,PRA.N,1.7025
2019-02-05,PRA.N,1.61875
2019-02-06,PRA.N,1.478
2019-02-06,RES.N,0.27835
2019-02-11,PRA.N,1.47667
2019-02-11,RES.N,0.27835
2019-02-20,MCRI.OQ,2.144
2019-02-20,PRA.N,1.5875
2019-02-21,MCRI.OQ,2.1535
2019-02-21,TNC.N,2.5
2019-02-22,TNC.N,2.4
2019-02-22,PRA.N,1.5625
2019-02-24,PRA.N,1.55
2019-02-26,PRA.N,1.5125
2019-02-28,PRA.N,1.5
2019-03-05,RES.N,0.27675
2019-03-06,MCRI.OQ,2.148
2019-03-06,RES.N,0.27713
2019-03-07,RES.N,0.29324
2019-03-10,RES.N,0.28812
2019-03-13,PRA.N,1.46875
2019-03-13,RES.N,0.28808
2019-03-15,RES.N,0.29012
2019-03-21,PRA.N,1.45063
2019-03-28,RES.N,0.28973
2019-03-29,RES.N,0.28473
2019-04-02,RES.N,0.28835
2019-04-04,RES.N,0.29219
2019-04-05,PRA.N,1.45
2019-04-05,RES.N,0.28885
2019-04-08,RES.N,0.28927
2019-04-09,RES.N,0.28696
2019-04-12,MCRI.OQ,2.158
2019-04-15,RES.N,0.2888
2019-04-16,RES.N,0.292
2019-04-18,RES.N,0.2928
2019-04-24,RES.N,0.26077
2019-04-25,MCRI.OQ,1.955
2019-04-25,RES.N,0.23742
2019-04-26,PRA.N,1.03875
2019-04-26,RES.N,0.23244
2019-04-29,RES.N,0.22884
2019-04-30,TNC.N,2.425
2019-05-01,PRA.N,0.82
2019-05-01,RES.N,0.21004
2019-05-02,PRA.N,0.65167
2019-05-02,RES.N,0.20983
2019-05-03,RES.N,0.20925
2019-05-13,RES.N,0.20758
2019-05-16,PRA.N,0.64429
2019-05-19,PRA.N,0.62286
2019-05-29,RES.N,0.21088
2019-06-03,RES.N,0.20532
2019-06-05,MCRI.OQ,1.93375
2019-06-05,RES.N,0.20292
2019-06-11,RES.N,0.20012
2019-06-12,MCRI.OQ,1.92
2019-06-18,RES.N,0.19652
2019-06-20,RES.N,0.19935
2019-06-21,PRA.N,0.6325
2019-06-24,RES.N,0.19358
2019-06-25,RES.N,0.19242
2019-06-28,MCRI.OQ,1.9035
2019-06-28,PRA.N,0.59488
2019-06-28,RES.N,0.19039
2019-07-01,RES.N,0.1845
2019-07-08,RES.N,0.18331
2019-07-09,RES.N,0.18224
2019-07-10,RES.N,0.17104
2019-07-11,PRA.N,0.59363
2019-07-11,RES.N,0.1694
2019-07-12,RES.N,0.1598
2019-07-15,RES.N,0.1558
2019-07-16,RES.N,0.1418
2019-07-18,PRA.N,0.59113
2019-07-18,RES.N,0.13984
2019-07-19,PRA.N,0.57863
2019-07-23,RES.N,0.13384
2019-07-24,RES.N,0.048
2019-07-25,MCRI.OQ,1.9135
2019-07-25,RES.N,0.0125
2019-07-29,RES.N,0.0055
2019-08-05,TNC.N,2.6
2019-08-07,PRA.N,0.56613
2019-08-08,PRA.N,0.53113
2019-08-09,TNC.N,2.72
2019-08-09,PRA.N,0.51488
2019-08-14,PRA.N,0.5115
2019-08-15,PRA.N,0.49557
2019-08-28,MCRI.OQ,1.9145
2019-09-03,RES.N,0.00714
2019-09-04,RES.N,0.00571
2019-09-05,RES.N,0.0
2019-09-06,RES.N,-0.00095
2019-09-09,MCRI.OQ,1.924
2019-09-10,RES.N,-0.0045
2019-09-12,PRA.N,0.49613
2019-09-12,RES.N,-0.004
2019-09-20,RES.N,0.0306
2019-09-25,RES.N,0.0286
2019-09-27,MCRI.OQ,1.91525
2019-09-30,RES.N,0.0271
2019-10-07,RES.N,0.0246
2019-10-08,RES.N,0.01835
2019-10-09,RES.N,0.01685
2019-10-11,RES.N,0.00795
2019-10-14,RES.N,0.00305
2019-10-15,RES.N,0.00882
2019-10-17,RES.N,0.00709
2019-10-20,RES.N,0.00691
2019-10-23,RES.N,-0.07664
2019-10-24,RES.N,-0.10709
2019-10-25,RES.N,-0.11446
2019-10-28,RES.N,-0.12105
2019-10-30,TNC.N,2.79
2019-10-30,RES.N,-0.13415
2019-10-31,MCRI.OQ,1.83275
2019-10-31,TNC.N,2.85
2019-11-01,MCRI.OQ,1.7955
2019-11-06,PRA.N,0.59238
2019-11-06,RES.N,-0.14137
2019-11-07,PRA.N,0.61738
2019-11-08,RES.N,-0.14137
2019-11-11,PRA.N,0.63625
2019-11-12,PRA.N,0.65571
2019-11-15,RES.N,-0.14663
2019-11-19,RES.N,-0.14989
2019-12-02,TNC.N,2.86667
2019-12-03,MCRI.OQ,1.79625
2019-12-04,RES.N,-0.15106
2019-12-12,RES.N,-0.15328
2020-01-06,MCRI.OQ,1.77125
2020-01-06,PRA.N,0.645
2020-01-06,RES.N,-0.15272
2020-01-08,PRA.N,0.65571
2020-01-08,RES.N,-0.15383
2020-01-10,RES.N,-0.15439
2020-01-14,PRA.N,0.65
2020-01-14,RES.N,-0.15517
2020-01-15,TNC.N,2.8675
2020-01-16,PRA.N,0.65143
2020-01-19,RES.N,-0.15739
2020-01-22,PRA.N,0.2375
2020-01-23,PRA.N,-0.475
2020-01-24,PRA.N,-1.11833
2020-01-27,PRA.N,-1.10143
2020-01-29,RES.N,-0.14035
2020-01-30,RES.N,-0.12083
2020-01-31,MCRI.OQ,1.776
2020-01-31,RES.N,-0.11009
2020-02-02,PRA.N,-1.125
2020-02-03,RES.N,-0.11005
2020-02-05,RES.N,-0.12433
2020-02-07,PRA.N,0.4925
2020-02-07,PRA.N,-1.1
2020-02-13,TNC.N,2.8625
2020-02-14,TNC.N,2.865
2020-02-20,TNC.N,3.04
2020-02-21,TNC.N,3.5975
2020-02-23,PRA.N,0.464
2020-02-24,TNC.N,3.8475
2020-02-28,PRA.N,0.444
2020-03-01,RES.N,-0.12436
2020-03-03,PRA.N,0.4425
2020-03-09,RES.N,-0.148
2020-03-10,PRA.N,0.3625
2020-03-10,RES.N,-0.1333
2020-03-11,MCRI.OQ,2.41975
2020-03-11,PRA.N,0.35
2020-03-12,RES.N,-0.15878
2020-03-13,MCRI.OQ,2.27725
2020-03-13,RES.N,-0.16844
2020-03-15,MCRI.OQ,2.141
2020-03-16,RES.N,-0.21322
2020-03-17,RES.N,-0.22526
2020-03-18,MCRI.OQ,2.108
2020-03-19,RES.N,-0.25222
2020-03-20,RES.N,-0.29509
2020-03-25,RES.N,-0.32117
2020-03-26,TNC.N,3.425
2020-03-26,RES.N,-0.33813
2020-03-27,RES.N,-0.34857
2020-03-29,RES.N,-0.35248
2020-03-31,TNC.N,3.0675
2020-04-02,MCRI.OQ,1.70733
2020-04-03,RES.N,-0.35378
2020-04-05,RES.N,-0.36509
2020-04-06,MCRI.OQ,1.30733
2020-04-07,PRA.N,0.17
2020-04-07,RES.N,-0.37204
2020-04-08,RES.N,-0.38091
2020-04-09,RES.N,-0.38535
2020-04-13,RES.N,-0.40514
2020-04-14,RES.N,-0.42955
2020-04-15,RES.N,-0.445
2020-04-21,PRA.N,0.13
2020-04-22,MCRI.OQ,0.974
2020-04-22,RES.N,-0.46818
2020-04-23,MCRI.OQ,0.71467
2020-04-24,MCRI.OQ,0.261
2020-04-27,MCRI.OQ,-0.2315
2020-04-27,TNC.N,2.635
2020-04-27,RES.N,-0.47705
2020-04-28,TNC.N,2.0525
2020-04-29,RES.N,-0.46023
2020-05-04,RES.N,-0.46159
2020-05-06,TNC.N,2.24
2020-05-06,RES.N,-0.44805
2020-05-07,TNC.N,2.27667
2020-05-07,RES.N,-0.43652
2020-05-08,TNC.N,2.17667
2020-05-08,PRA.N,-0.258
2020-05-08,RES.N,-0.43735
2020-05-11,TNC.N,2.03667
2020-05-11,PRA.N,-0.568
2020-05-11,RES.N,-0.4242
2020-05-12,RES.N,-0.4161
2020-05-13,PRA.N,-0.768
2020-05-14,PRA.N,-0.928
2020-05-14,RES.N,-0.40642
2020-05-20,RES.N,-0.40344
2020-05-21,RES.N,-0.40261
2020-05-27,MCRI.OQ,-0.3352
2020-05-29,RES.N,-0.40039
2020-06-03,MCRI.OQ,-0.3792
2020-06-16,TNC.N,2.00333
2020-06-29,PRA.N,-0.938
2020-07-01,RES.N,-0.39706
2020-07-07,PRA.N,-0.89
2020-07-07,RES.N,-0.39928
2020-07-09,RES.N,-0.40089
2020-07-13,RES.N,-0.39367
2020-07-14,RES.N,-0.39778
2020-07-21,MCRI.OQ,-0.3632
2020-07-21,PRA.N,-0.815
2020-07-22,MCRI.OQ,-0.1492
2020-07-23,MCRI.OQ,0.2062
2020-07-27,TNC.N,2.05667
2020-07-29,RES.N,-0.39044
2020-07-30,RES.N,-0.38144
2020-07-31,TNC.N,2.49
2020-07-31,RES.N,-0.37144
2020-08-03,TNC.N,2.67
2020-08-03,RES.N,-0.35367
2020-08-05,RES.N,-0.346
2020-08-10,PRA.N,-0.79
2020-08-11,PRA.N,-0.75333
2020-08-12,RES.N,-0.34624
2020-08-13,PRA.N,-0.65333
2020-08-14,RES.N,-0.34089
2020-08-17,PRA.N,-0.57833
2020-08-21,PRA.N,-0.53667
2020-08-21,RES.N,-0.34117
2020-08-26,RES.N,-0.3385
2020-09-01,MCRI.OQ,0.2086
2020-09-09,RES.N,-0.33294
2020-09-15,RES.N,-0.33077
2020-09-23,RES.N,-0.32665
2020-09-25,MCRI.OQ,0.21325
2020-10-06,RES.N,-0.32406
2020-10-07,RES.N,-0.32277
2020-10-13,RES.N,-0.32169
2020-10-16,MCRI.OQ,0.29975
2020-10-20,TNC.N,2.67
2020-10-28,RES.N,-0.32175
2020-10-29,MCRI.OQ,0.47975
2020-10-29,RES.N,-0.31981
2020-10-30,MCRI.OQ,1.03675
2020-10-30,TNC.N,2.71
2020-10-30,RES.N,-0.31856
2020-11-02,TNC.N,2.79667
2020-11-02,RES.N,-0.32013
2020-11-03,RES.N,-0.32075
2020-11-06,PRA.N,-0.54833
2020-11-09,PRA.N,-0.565
2020-11-10,PRA.N,-0.51
2020-11-13,PRA.N,-0.558
2020-11-16,PRA.N,-0.565
2020-11-17,RES.N,-0.31825
2020-12-04,RES.N,-0.31825
2020-12-07,TNC.N,2.79667
2020-12-09,MCRI.OQ,1.021
2020-12-11,MCRI.OQ,1.0022
2020-12-15,RES.N,-0.31806
2021-01-11,RES.N,-0.31619
2021-01-12,TNC.N,2.92
2021-01-12,RES.N,-0.3196
2021-01-13,RES.N,-0.31671
2021-01-14,MCRI.OQ,0.9902
2021-01-15,RES.N,-0.31314
2021-01-27,RES.N,-0.14523
2021-01-28,RES.N,-0.10923
2021-01-29,RES.N,-0.10083
2021-01-31,RES.N,-0.09333
2021-02-17,RES.N,-0.08733
2021-02-18,TNC.N,3.14
2021-02-22,PRA.N,0.34
2021-02-23,PRA.N,0.31
2021-02-24,MCRI.OQ,2.7262
2021-02-24,PRA.N,0.3375
2021-02-25,MCRI.OQ,2.5444
2021-02-26,TNC.N,3.2525
2021-02-26,RES.N,-0.08817
2021-03-01,TNC.N,3.4675
2021-03-02,PRA.N,0.32
2021-03-02,RES.N,-0.08317
2021-03-05,RES.N,-0.07164
2021-03-12,RES.N,-0.07164
2021-03-17,RES.N,-0.07218
2021-03-22,MCRI.OQ,2.5958
2021-03-25,RES.N,-0.06946
2021-04-05,RES.N,-0.06955
2021-04-09,RES.N,-0.06864
2021-04-13,RES.N,-0.06773
2021-04-15,RES.N,-0.06682
2021-04-16,RES.N,-0.07046
2021-04-19,PRA.N,0.31667
2021-04-27,MCRI.OQ,2.6518
2021-04-28,MCRI.OQ,2.8098
2021-04-28,RES.N,-0.07564
2021-04-29,MCRI.OQ,2.6362
2021-04-29,RES.N,-0.073
2021-05-03,RES.N,-0.0548
2021-05-05,TNC.N,4.165
2021-05-06,TNC.N,4.3475
2021-05-06,PRA.N,0.30833
2021-05-11,PRA.N,0.26833
2021-05-11,RES.N,-0.0608
2021-05-13,PRA.N,0.27667
2021-05-17,RES.N,-0.06346
2021-06-08,MCRI.OQ,2.7036
2021-06-10,MCRI.OQ,2.7196
2021-06-13,RES.N,-0.06073
2021-06-17,RES.N,-0.0608
2021-06-24,TNC.N,4.36667
2021-06-29,MCRI.OQ,2.817
2021-06-29,RES.N,-0.0618
2021-07-01,RES.N,-0.05422
2021-07-08,MCRI.OQ,2.887
2021-07-08,RES.N,-0.057
2021-07-12,MCRI.OQ,2.89925
2021-07-26,MCRI.OQ,2.91675
2021-07-28,MCRI.OQ,3.0495
2021-07-28,RES.N,-0.05311
2021-07-29,MCRI.OQ,3.195
2021-07-29,RES.N,-0.04756
2021-07-30,RES.N,-0.04533
2021-08-02,RES.N,-0.05311
2021-08-03,RES.N,-0.05122
2021-08-04,TNC.N,4.37
2021-08-04,RES.N,-0.03443
2021-08-06,PRA.N,0.38
2021-08-09,PRA.N,0.60333
2021-08-10,TNC.N,4.35
2021-08-11,RES.N,-0.03017
2021-08-12,RES.N,-0.043
2021-08-13,PRA.N,0.76167
2021-08-14,PRA.N,0.844
2021-08-16,RES.N,-0.043
2021-10-08,RES.N,-0.04186
2021-10-15,PRA.N,0.834
2021-10-25,MCRI.OQ,3.3375
2021-10-26,MCRI.OQ,3.417
2021-10-27,RES.N,-0.03614
2021-10-28,RES.N,-0.03286
2021-10-29,RES.N,-0.02857
2021-11-02,RES.N,-0.02143
2021-11-03,TNC.N,4.305
2021-11-03,RES.N,0.002
2021-11-09,PRA.N,0.898
2021-11-10,RES.N,-0.004
2021-11-12,PRA.N,0.918
2021-11-15,PRA.N,0.9475
2021-11-15,RES.N,-0.00057
2021-11-19,PRA.N,0.938
2021-12-02,TNC.N,4.215
2021-12-02,TNC.N,4.305
2021-12-09,PRA.N,0.938
2021-12-09,RES.N,-0.00014
2022-01-21,MCRI.OQ,3.41425
2022-01-26,MCRI.OQ,3.412
2022-01-26,RES.N,0.26014
2022-01-27,RES.N,0.334
2022-02-02,RES.N,0.343
2022-02-09,MCRI.OQ,4.71725
2022-02-10,MCRI.OQ,4.7205
2022-02-22,PRA.N,0.86
2022-02-24,PRA.N,0.87
2022-02-25,TNC.N,4.695
2022-03-02,RES.N,0.34543
2022-03-04,RES.N,0.36257
2022-03-08,PRA.N,0.9
2022-04-06,MCRI.OQ,4.72475
2022-04-07,PRA.N,0.86667
2022-04-17,MCRI.OQ,4.39475
2022-04-18,RES.N,0.39557
2022-04-19,MCRI.OQ,4.46725
2022-04-20,MCRI.OQ,4.44475
2022-04-21,MCRI.OQ,4.2845
2022-04-27,RES.N,0.40986
2022-04-28,TNC.N,4.52
2022-04-28,RES.N,0.42843
2022-04-29,TNC.N,4.285
2022-05-01,MCRI.OQ,4.2795
2022-05-09,PRA.N,0.88333
2022-05-09,RES.N,0.4245
2022-05-10,PRA.N,0.83333
2022-05-16,PRA.N,0.86
2022-05-16,RES.N,0.42783
2022-06-03,MCRI.OQ,4.27925
2022-06-24,RES.N,0.4345
2022-07-06,MCRI.OQ,4.26875
2022-07-18,PRA.N,0.82
2022-07-20,MCRI.OQ,4.18875
2022-07-21,MCRI.OQ,4.1675
2022-07-22,PRA.N,0.82
2022-07-27,RES.N,0.48867
2022-07-28,RES.N,0.58033
2022-07-31,RES.N,0.62533
2022-08-08,PRA.N,0.86
2022-08-10,TNC.N,4.2
2022-08-10,PRA.N,0.94
2022-08-11,RES.N,0.592
2022-08-12,PRA.N,0.98
2022-08-15,PRA.N,0.97
2022-08-17,RES.N,0.645
2022-09-14,TNC.N,4.21667
2022-10-07,MCRI.OQ,4.17
2022-10-11,RES.N,0.64
2022-10-14,TNC.N,4.2
2022-10-19,MCRI.OQ,4.38625
2022-10-20,MCRI.OQ,4.50725
2022-10-26,RES.N,0.678
2022-10-27,RES.N,0.8655
2022-10-28,TNC.N,3.95333
2022-10-31,TNC.N,3.85333
2022-11-02,RES.N,0.914
2022-11-04,RES.N,0.898
2022-11-09,PRA.N,0.92
2022-11-10,PRA.N,0.766
2022-11-11,PRA.N,0.7075
2022-11-14,PRA.N,0.6075
2022-11-15,PRA.N,0.47667
2022-11-18,PRA.N,0.5075
2022-11-18,RES.N,0.898
2022-12-12,MCRI.OQ,4.5305
2023-01-11,MCRI.OQ,4.538
2023-01-18,MCRI.OQ,4.53475
2023-01-25,RES.N,1.3492
2023-01-26,RES.N,1.4012
2023-02-01,RES.N,1.577
2023-02-14,MCRI.OQ,4.7355
2023-02-15,MCRI.OQ,4.75
2023-02-23,TNC.N,4.32667
2023-02-24,TNC.N,4.34
2023-02-24,PRA.N,0.496
2023-02-27,TNC.N,4.27333
2023-02-27,PRA.N,1.093
2023-02-28,PRA.N,1.00967
2023-02-28,RES.N,1.53025
2023-03-01,PRA.N,0.993
2023-03-02,PRA.N,1.02633
2023-03-06,PRA.N,0.9696
2023-03-10,PRA.N,0.99133
2023-03-13,RES.N,1.506
2023-03-30,PRA.N,1.008
2023-04-17,PRA.N,1.0165
2023-04-18,MCRI.OQ,4.7375
2023-04-19,MCRI.OQ,4.6525
2023-04-21,MCRI.OQ,4.64275
2023-04-26,RES.N,1.5024
2023-04-27,RES.N,1.4784
2023-04-28,TNC.N,4.41667
2023-05-01,TNC.N,4.56
2023-05-01,RES.N,1.4766
2023-05-03,RES.N,1.49825
2023-05-10,PRA.N,0.93317
2023-05-15,PRA.N,0.641
2023-05-16,PRA.N,0.4115
2023-05-17,PRA.N,0.2615
2023-05-18,PRA.N,0.2692
2023-05-23,PRA.N,0.291
2023-05-30,RES.N,1.49325
2023-06-06,MCRI.OQ,4.64975
2023-06-12,PRA.N,0.29117
2023-06-14,RES.N,1.4766
2023-06-16,RES.N,1.4568
2023-07-13,RES.N,1.4372
2023-07-19,MCRI.OQ,4.553
2023-07-20,PRA.N,0.28617
2023-07-21,MCRI.OQ,4.51967
2023-07-26,RES.N,1.3352
2023-07-27,RES.N,1.2772
2023-07-31,RES.N,1.2316
2023-08-02,RES.N,1.149
2023-08-07,TNC.N,5.57667
2023-08-08,PRA.N,0.29433
2023-08-09,PRA.N,0.32433
2023-08-14,PRA.N,0.33267
2023-08-16,PRA.N,0.3252
2023-08-18,PRA.N,0.33767
2023-08-18,RES.N,1.187
2023-08-21,RES.N,1.1856
2023-09-25,RES.N,1.1764
2023-10-02,MCRI.OQ,4.49767
2023-10-11,RES.N,1.1436
2023-10-13,PRA.N,0.33817
2023-10-18,MCRI.OQ,4.37967
2023-10-19,MCRI.OQ,4.30567
2023-10-25,RES.N,1.115
2023-10-26,RES.N,0.999
2023-11-01,TNC.N,5.90333
2023-11-01,RES.N,0.95375
2023-11-09,PRA.N,0.28817
2023-11-13,PRA.N,0.086
2023-11-14,RES.N,0.941
2023-11-15,PRA.N,0.0075
2023-11-19,PRA.N,-0.002
2023-12-22,RES.N,0.936
2023-12-28,TNC.N,5.9075
2023-12-29,RES.N,0.9234
2024-01-16,PRA.N,0.39
2024-01-18,PRA.N,-0.012
2024-01-25,RES.N,0.9536
2024-01-26,RES.N,0.8916
2024-01-29,RES.N,0.8328
2024-02-01,RES.N,0.8035
2024-02-09,TNC.N,6.25667
2024-02-09,TNC.N,5.90333
2024-02-14,MCRI.OQ,4.47475
2024-02-15,MCRI.OQ,4.4935
2024-02-22,RES.N,0.7988
2024-02-23,TNC.N,6.43333
2024-02-26,TNC.N,6.44
2024-02-28,PRA.N,0.43333
2024-02-28,RES.N,0.7842
2024-03-03,PRA.N,0.41667
2024-03-05,PRA.N,0.42
2024-03-08,PRA.N,0.4
2024-03-15,TNC.N,6.45667
2024-04-16,PRA.N,0.39167
2024-04-17,MCRI.OQ,4.471
2024-04-18,MCRI.OQ,4.47725
2024-04-25,RES.N,0.7462
2024-04-26,RES.N,0.6982
2024-04-29,RES.N,0.6548
2024-05-02,RES.N,0.6365
2024-05-06,TNC.N,6.65667
2024-05-07,PRA.N,0.425
2024-05-09,PRA.N,0.45
2024-05-13,PRA.N,0.5
2024-05-14,PRA.N,0.48333
2024-06-26,TNC.N,6.605
2024-06-27,RES.N,0.635
2024-07-10,RES.N,0.596
2024-07-15,RES.N,0.59
2024-07-17,PRA.N,0.47533
2024-07-18,MCRI.OQ,4.47225
2024-07-24,MCRI.OQ,4.592
2024-07-25,MCRI.OQ,4.61575
2024-07-26,RES.N,0.58
2024-07-29,RES.N,0.544
2024-08-01,RES.N,0.52667
2024-08-05,RES.N,0.525
2024-08-08,PRA.N,0.49217
2024-08-09,TNC.N,6.51
2024-08-09,PRA.N,0.55883
2024-08-12,PRA.N,0.6255
2024-09-19,RES.N,0.518
2024-10-01,RES.N,0.5114
2024-10-10,RES.N,0.5094
2024-10-15,PRA.N,0.6245
2024-10-23,MCRI.OQ,4.69525
2024-10-24,MCRI.OQ,4.7185
2024-10-25,RES.N,0.4954
2024-10-28,RES.N,0.4612
2024-10-31,RES.N,0.42275
2024-11-04,TNC.N,6.385
2024-11-11,PRA.N,0.73467
2024-11-14,PRA.N,0.8395
2024-11-19,PRA.N,0.8316
2024-11-25,PRA.N,0.87583
2024-11-25,RES.N,0.349
2024-11-25,PRA.N,0.818
2024-11-25,RES.N,0.4245
2024-12-16,MCRI.OQ,4.6848
2024-12-19,TNC.N,6.58
2024-12-19,TNC.N,6.41667
2025-01-04,MCRI.OQ,4.6868
2025-01-13,RES.N,0.422
2025-01-14,MCRI.OQ,4.6888
2025-01-31,RES.N,0.30175
2025-02-06,RES.N,0.32933
2025-02-11,MCRI.OQ,4.8712
2025-02-11,RES.N,0.31933
2025-02-12,MCRI.OQ,4.9526
2025-02-13,MCRI.OQ,4.9776
2025-02-19,TNC.N,6.31333
2025-02-19,RES.N,0.292
2025-02-20,TNC.N,5.93
2025-02-25,PRA.N,0.8925
2025-03-03,PRA.N,0.941
2025-03-06,RES.N,0.2876
2025-03-26,PRA.N,0.9425
2025-04-03,PRA.N,0.94167
2025-04-04,RES.N,0.3152
2025-04-08,RES.N,0.3338
2025-04-14,RES.N,0.3598
2025-04-22,MCRI.OQ,5.0296
2025-04-23,MCRI.OQ,5.0506
2025-04-24,RES.N,0.3478
2025-04-25,RES.N,0.3264
2025-05-01,RES.N,0.353
2025-05-02,TNC.N,5.83667
2025-05-05,TNC.N,5.84
2025-05-05,RES.N,0.33475
2025-05-07,TNC.N,5.83
2025-05-07,PRA.N,0.93333
2025-05-09,PRA.N,0.925
2025-05-12,PRA.N,0.91667
2025-05-13,PRA.N,0.925
2025-05-15,RES.N,0.3278
2025-05-27,PRA.N,0.87
2025-05-30,TNC.N,5.795
2025-07-03,RES.N,0.31817
2025-07-14,RES.N,0.31271
2025-07-15,RES.N,0.29843
2025-07-16,MCRI.OQ,5.3746
2025-07-17,MCRI.OQ,5.4406
2025-07-25,RES.N,0.29557
2025-07-27,RES.N,0.29817
2025-07-30,RES.N,0.27033
2025-08-06,PRA.N,0.942
2025-08-11,TNC.N,5.76
2025-08-11,PRA.N,1.0224
2025-08-12,PRA.N,1.1905
2025-08-26,TNC.N,5.76
2025-09-02,MCRI.OQ,5.4456
2025-09-02,PRA.N,1.1724
2025-09-08,RES.N,0.24383
2025-09-16,PRA.N,1.178
2025-09-30,MCRI.OQ,5.46967
2025-10-02,RES.N,0.23883
2025-10-13,PRA.N,1.17825
2025-10-16,PRA.N,1.17825
2025-10-21,MCRI.OQ,5.508
2025-10-22,MCRI.OQ,5.534
2025-10-24,TNC.N,5.80667
2025-10-25,MCRI.OQ,5.54733
2025-10-31,RES.N,0.251
2025-11-03,RES.N,0.2725
2025-11-05,TNC.N,5.8
2025-11-05,PRA.N,1.10825
2025-11-05,RES.N,0.27583
2025-11-06,TNC.N,5.77
2025-11-06,RES.N,0.27625
2025-11-06,TNC.N,6.555
2025-11-10,PRA.N,1.096
2025-11-11,PRA.N,1.09467
2025-11-17,PRA.N,1.06133
2025-11-19,PRA.N,1.046
2025-12-11,RES.N,0.29625
2025-12-18,MCRI.OQ,5.5485
2026-01-06,VSNT.OQ,10.08
2026-01-12,VSNT.OQ,8.365
2026-01-13,VSNT.OQ,7.12333
2026-01-27,VSNT.OQ,6.59
2026-02-02,PRA.N,1.06133
2026-02-04,MCRI.OQ,5.87933
2026-02-05,MCRI.OQ,5.8845
2026-02-06,RES.N,0.26975
2026-02-09,RES.N,0.2518
2026-02-10,RES.N,0.194
2026-02-11,RES.N,0.2055
2026-02-23,PRA.N,1.13367
2026-02-25,TNC.N,5.45333
2026-02-26,TNC.N,4.98
2026-03-02,PRA.N,1.132
2026-03-03,VSNT.OQ,6.23
2026-03-03,RES.N,0.20067
2026-03-05,VSNT.OQ,6.274
2026-03-10,VSNT.OQ,5.1275
2014-10-31,EFSC.OQ,1.434
2014-12-17,NWBI.OQ,0.644
2014-12-19,SCHL.OQ,1.85
2015-01-02,LXU.N,0.91538
2015-01-12,LXU.N,0.88462
2015-01-22,EFSC.OQ,1.55
2015-01-26,NWBI.OQ,0.644
2015-02-02,NWBI.OQ,0.63
2015-02-09,NWBI.OQ,0.5975
2015-03-02,LXU.N,1.73333
2015-03-03,LXU.N,1.5359
2015-03-09,LXU.N,1.41795
2015-03-18,LXU.N,1.42052
2015-03-24,SCHL.OQ,1.84
2015-03-27,SCHL.OQ,1.815
2015-03-30,SCHL.OQ,1.82
2015-04-02,NWBI.OQ,0.60667
2015-04-20,NWBI.OQ,0.68
2015-04-23,EFSC.OQ,1.596
2015-04-27,EFSC.OQ,1.606
2015-04-27,SCHL.OQ,1.72
2015-04-28,EFSC.OQ,1.626
2015-04-30,SCHL.OQ,1.695
2015-05-04,LXU.N,1.39231
2015-05-08,LXU.N,1.15192
2015-05-11,LXU.N,1.11731
2015-05-12,LXU.N,0.94102
2015-05-15,LXU.N,0.75385
2015-05-18,LXU.N,0.81538
2015-06-18,LXU.N,0.77692
2015-06-22,NWBI.OQ,0.70333
2015-07-16,NWBI.OQ,0.7
2015-07-20,NWBI.OQ,0.70667
2015-07-22,SCHL.OQ,1.35
2015-07-22,SCHL.OQ,1.365
2015-07-23,EFSC.OQ,1.67
2015-07-24,EFSC.OQ,1.708
2015-07-24,SCHL.OQ,1.575
2015-07-27,EFSC.OQ,1.738
2015-07-28,EFSC.OQ,1.762
2015-08-05,LXU.N,0.73846
2015-08-07,LXU.N,0.61795
2015-08-10,LXU.N,0.48975
2015-08-11,LXU.N,0.27179
2015-09-04,LXU.N,0.18205
2015-09-10,SCHL.OQ,1.565
2015-09-29,LXU.N,0.11795
2015-09-30,NWBI.OQ,0.715
2015-10-01,LXU.N,0.00769
2015-10-12,SCHL.OQ,1.53
2015-10-14,LXU.N,-0.01025
2015-10-19,LXU.N,-0.01025
2015-10-22,EFSC.OQ,1.81
2015-10-26,NWBI.OQ,0.6625
2015-10-27,NWBI.OQ,0.7675
2015-10-27,NWBI.OQ,0.6475
2015-10-28,LXU.N,-0.03077
2015-10-29,EFSC.OQ,1.86
2015-11-03,NWBI.OQ,0.6675
2015-11-05,EFSC.OQ,1.86
2015-11-06,LXU.N,0.00513
2015-11-09,LXU.N,-0.67179
2015-12-07,LXU.N,-0.92564
2015-12-08,EFSC.OQ,1.8275
2015-12-17,SCHL.OQ,1.5
2015-12-17,LXU.N,-0.81282
2015-12-18,SCHL.OQ,1.41
2016-01-13,LXU.N,-1.1359
2016-01-26,NWBI.OQ,0.7625
2016-01-27,NWBI.OQ,0.75
2016-01-28,EFSC.OQ,1.9675
2016-01-29,EFSC.OQ,1.9925
2016-02-02,EFSC.OQ,2.03
2016-02-16,LXU.N,-1.11154
2016-02-16,LXU.N,-0.23462
2016-02-17,EFSC.OQ,2.025
2016-03-01,LXU.N,-0.42564
2016-03-02,LXU.N,-0.23077
2016-03-28,SCHL.OQ,1.435
2016-03-31,SCHL.OQ,1.4
2016-04-18,LXU.N,-0.24102
2016-04-22,NWBI.OQ,0.75333
2016-04-25,NWBI.OQ,0.76
2016-04-28,EFSC.OQ,2.0575
2016-04-29,NWBI.OQ,0.66
2016-04-29,EFSC.OQ,2.145
2016-05-02,NWBI.OQ,0.7
2016-05-02,LXU.N,-0.31538
2016-05-05,EFSC.OQ,2.1725
2016-05-05,LXU.N,-0.50769
2016-05-06,LXU.N,-0.97692
2016-05-12,LXU.N,-0.65
2016-06-01,NWBI.OQ,0.67
2016-06-30,NWBI.OQ,0.68333
2016-07-01,NWBI.OQ,0.694
2016-07-08,LXU.N,-0.97692
2016-07-11,EFSC.OQ,2.178
2016-07-21,SCHL.OQ,1.68
2016-07-22,SCHL.OQ,1.67
2016-07-25,NWBI.OQ,0.638
2016-07-26,NWBI.OQ,0.582
2016-07-27,LXU.N,-1.14615
2016-07-28,EFSC.OQ,2.238
2016-07-29,EFSC.OQ,2.256
2016-08-01,EFSC.OQ,2.296
2016-08-10,LXU.N,-1.84615
2016-09-12,NWBI.OQ,0.578
2016-09-20,SCHL.OQ,1.66
2016-09-23,SCHL.OQ,1.675
2016-10-04,LXU.N,-2.43077
2016-10-06,LXU.N,-2.20769
2016-10-13,EFSC.OQ,2.3
2016-10-19,NWBI.OQ,0.5925
2016-10-24,NWBI.OQ,0.558
2016-10-24,EFSC.OQ,2.2975
2016-10-25,NWBI.OQ,0.524
2016-10-25,EFSC.OQ,2.332
2016-10-26,NWBI.OQ,0.502
2016-10-26,EFSC.OQ,2.344
2016-10-27,EFSC.OQ,2.354
2016-10-28,NWBI.OQ,0.5025
2016-10-28,EFSC.OQ,2.352
2016-11-04,LXU.N,-2.39615
2016-11-07,LXU.N,-3.44615
2016-11-28,NWBI.OQ,0.50333
2016-11-28,EFSC.OQ,2.35
2016-11-29,EFSC.OQ,2.348
2016-12-15,SCHL.OQ,1.655
2016-12-16,SCHL.OQ,1.69
2017-01-12,EFSC.OQ,2.476
2017-01-13,NWBI.OQ,0.51
2017-01-23,LXU.N,-0.75769
2017-01-23,NWBI.OQ,0.995
2017-01-23,LXU.N,-3.46538
2017-01-24,NWBI.OQ,0.9375
2017-01-24,EFSC.OQ,2.5025
2017-01-26,EFSC.OQ,2.53
2017-01-30,EFSC.OQ,2.55667
2017-02-14,EFSC.OQ,2.555
2017-02-28,LXU.N,-0.96538
2017-03-02,LXU.N,-0.78846
2017-03-03,EFSC.OQ,2.5525
2017-03-06,NWBI.OQ,0.93
2017-03-19,SCHL.OQ,1.695
2017-03-24,SCHL.OQ,1.685
2017-03-27,SCHL.OQ,1.68
2017-03-31,LXU.N,-0.93077
2017-04-10,EFSC.OQ,2.5575
2017-04-20,LXU.N,-1.4
2017-04-25,NWBI.OQ,0.918
2017-04-25,EFSC.OQ,2.5625
2017-04-26,NWBI.OQ,0.898
2017-04-26,EFSC.OQ,2.585
2017-05-01,NWBI.OQ,0.864
2017-05-01,EFSC.OQ,2.60667
2017-05-02,EFSC.OQ,2.5975
2017-05-02,LXU.N,-1.50769
2017-05-03,NWBI.OQ,0.854
2017-06-15,LXU.N,-1.50769
2017-06-22,NWBI.OQ,0.8675
2017-07-07,LXU.N,-1.66923
2017-07-20,SCHL.OQ,1.64
2017-07-21,SCHL.OQ,1.21
2017-07-24,NWBI.OQ,0.895
2017-07-25,NWBI.OQ,0.925
2017-07-25,EFSC.OQ,2.536
2017-07-26,EFSC.OQ,2.518
2017-07-27,LXU.N,-1.97692
2017-09-17,SCHL.OQ,1.135
2017-09-22,SCHL.OQ,1.1
2017-09-27,SCHL.OQ,1.12
2017-10-05,LXU.N,-2.06154
2017-10-06,EFSC.OQ,2.478
2017-10-23,EFSC.OQ,2.482
2017-10-24,NWBI.OQ,0.925
2017-10-24,EFSC.OQ,2.508
2017-10-26,EFSC.OQ,2.516
2017-10-31,LXU.N,-2.04615
2017-12-06,EFSC.OQ,2.526
2017-12-14,SCHL.OQ,1.27
2017-12-15,SCHL.OQ,1.28
2018-01-05,EFSC.OQ,2.525
2018-01-10,LXU.N,-0.14615
2018-01-22,NWBI.OQ,0.985
2018-01-22,EFSC.OQ,3.264
2018-01-23,NWBI.OQ,1.015
2018-01-23,EFSC.OQ,3.474
2018-01-24,EFSC.OQ,3.534
2018-02-26,NWBI.OQ,1.0175
2018-02-26,EFSC.OQ,3.538
2018-02-27,LXU.N,-0.43846
2018-03-06,LXU.N,-0.95385
2018-03-23,SCHL.OQ,1.29
2018-04-03,SCHL.OQ,-0.16
2018-04-19,NWBI.OQ,1.0
2018-04-24,EFSC.OQ,3.586
2018-04-25,EFSC.OQ,3.61
2018-04-26,EFSC.OQ,3.62
2018-07-15,SCHL.OQ,-0.18
2018-07-19,SCHL.OQ,1.89
2018-07-20,SCHL.OQ,1.76
2018-07-23,NWBI.OQ,1.01
2018-07-24,NWBI.OQ,1.0175
2018-07-24,EFSC.OQ,3.722
2018-07-25,EFSC.OQ,3.728
2018-07-26,SCHL.OQ,1.47
2018-09-21,SCHL.OQ,1.46
2018-09-27,SCHL.OQ,1.5
2018-10-19,SCHL.OQ,1.5
2018-10-22,NWBI.OQ,1.0275
2018-10-23,NWBI.OQ,1.0325
2018-10-23,EFSC.OQ,3.768
2018-10-29,EFSC.OQ,3.772
2018-12-11,EFSC.OQ,3.766
2018-12-13,SCHL.OQ,1.73
2018-12-20,SCHL.OQ,1.53
2019-01-22,NWBI.OQ,1.0725
2019-01-22,EFSC.OQ,3.942
2019-01-23,EFSC.OQ,3.964
2019-02-24,EFSC.OQ,3.956
2019-03-26,EFSC.OQ,3.952
2019-03-29,SCHL.OQ,1.47
2019-04-03,EFSC.OQ,3.956
2019-04-09,EFSC.OQ,3.954
2019-04-17,NWBI.OQ,1.0875
2019-04-18,NWBI.OQ,1.1
2019-04-23,EFSC.OQ,3.81625
2019-04-24,EFSC.OQ,3.80375
2019-04-29,EFSC.OQ,3.82875
2019-05-31,SCHL.OQ,0.89
2019-05-31,SCHL.OQ,0.78
2019-06-13,EFSC.OQ,3.79167
2019-06-25,EFSC.OQ,3.85167
2019-07-07,EFSC.OQ,3.87875
2019-07-22,NWBI.OQ,1.0425
2019-07-23,EFSC.OQ,3.9375
2019-07-24,EFSC.OQ,3.955
2019-07-28,SCHL.OQ,1.29
2019-07-29,NWBI.OQ,1.02333
2019-07-29,EFSC.OQ,3.965
2019-08-20,NWBI.OQ,1.0225
2019-09-05,EFSC.OQ,3.955
2019-09-19,EFSC.OQ,3.942
2019-09-20,SCHL.OQ,1.11
2019-09-23,NWBI.OQ,1.0275
2019-09-24,EFSC.OQ,3.938
2019-10-02,LXU.N,-1.76154
2019-10-09,NWBI.OQ,1.025
2019-10-21,NWBI.OQ,1.05
2019-10-22,EFSC.OQ,3.986
2019-10-23,EFSC.OQ,4.0325
2019-10-29,LXU.N,-2.06154
2019-10-30,NWBI.OQ,1.065
2019-11-04,NWBI.OQ,1.0775
2019-11-20,NWBI.OQ,1.078
2019-12-03,LXU.N,-2.54615
2019-12-13,EFSC.OQ,4.02667
2019-12-20,SCHL.OQ,1.15
2020-01-06,NWBI.OQ,1.0725
2020-01-06,EFSC.OQ,4.035
2020-01-10,NWBI.OQ,1.076
2020-01-21,EFSC.OQ,4.0438
2020-01-23,EFSC.OQ,4.0338
2020-01-27,NWBI.OQ,1.042
2020-02-14,LXU.N,-1.22308
2020-03-06,NWBI.OQ,1.054
2020-03-06,EFSC.OQ,3.9998
2020-03-11,SCHL.OQ,0.98
2020-03-11,LXU.N,-1.54231
2020-03-17,NWBI.OQ,0.984
2020-03-17,EFSC.OQ,3.8598
2020-03-19,NWBI.OQ,0.942
2020-03-19,EFSC.OQ,3.8
2020-03-22,SCHL.OQ,0.35
2020-03-22,SCHL.OQ,-1.8
2020-03-23,NWBI.OQ,0.87
2020-03-24,EFSC.OQ,3.734
2020-03-30,EFSC.OQ,3.626
2020-03-31,NWBI.OQ,0.798
2020-03-31,EFSC.OQ,3.238
2020-04-07,LXU.N,-1.67692
2020-04-16,NWBI.OQ,0.734
2020-04-21,EFSC.OQ,3.058
2020-04-23,EFSC.OQ,2.902
2020-04-26,EFSC.OQ,3.0348
2020-04-27,NWBI.OQ,0.554
2020-04-28,NWBI.OQ,0.562
2020-04-29,NWBI.OQ,0.542
2020-05-05,NWBI.OQ,0.522
2020-05-07,LXU.N,-1.85385
2020-05-18,EFSC.OQ,2.9784
2020-06-03,EFSC.OQ,3.018
2020-06-17,NWBI.OQ,0.53
2020-06-17,EFSC.OQ,3.036
2020-06-18,NWBI.OQ,0.55333
2020-06-18,EFSC.OQ,3.058
2020-06-30,NWBI.OQ,0.53833
2020-06-30,EFSC.OQ,2.84
2020-07-17,LXU.N,-2.20769
2020-07-21,EFSC.OQ,2.9742
2020-07-22,EFSC.OQ,2.9402
2020-07-24,EFSC.OQ,2.9822
2020-07-26,SCHL.OQ,-0.56
2020-07-27,NWBI.OQ,0.536
2020-07-28,NWBI.OQ,0.556
2020-07-29,NWBI.OQ,0.55167
2020-07-30,LXU.N,-2.04231
2020-08-03,NWBI.OQ,0.534
2020-08-04,NWBI.OQ,0.548
2020-08-20,EFSC.OQ,2.9808
2020-08-24,EFSC.OQ,2.981
2020-08-27,EFSC.OQ,2.945
2020-08-31,RXT.OQ,0.77867
2020-09-01,RXT.OQ,0.77956
2020-09-08,EFSC.OQ,2.8964
2020-09-08,RXT.OQ,0.79733
2020-09-14,NWBI.OQ,0.538
2020-09-15,NWBI.OQ,0.528
2020-09-27,SCHL.OQ,0.54
2020-10-06,NWBI.OQ,0.512
2020-10-09,NWBI.OQ,0.5
2020-10-14,NWBI.OQ,0.49833
2020-10-20,EFSC.OQ,2.86
2020-10-21,EFSC.OQ,2.612
2020-10-22,EFSC.OQ,2.51
2020-10-23,RXT.OQ,0.79511
2020-10-26,NWBI.OQ,0.55
2020-10-27,NWBI.OQ,0.585
2020-10-28,NWBI.OQ,0.55833
2020-10-29,LXU.N,-2.12308
2020-11-03,NWBI.OQ,0.56333
2020-11-06,LXU.N,-2.18077
2020-11-10,RXT.OQ,0.79844
2020-11-11,RXT.OQ,0.79522
2020-11-17,LXU.N,-2.53077
2020-11-18,EFSC.OQ,2.4725
2020-11-20,NWBI.OQ,0.57
2020-11-25,NWBI.OQ,0.57
2020-11-25,LXU.N,-2.55
2020-12-01,EFSC.OQ,2.5025
2020-12-20,SCHL.OQ,0.6
2020-12-22,RXT.OQ,0.79463
2020-12-28,NWBI.OQ,0.568
2021-01-06,LXU.N,-1.67692
2021-01-06,LXU.N,-2.54615
2021-01-07,NWBI.OQ,0.57
2021-01-07,EFSC.OQ,2.428
2021-01-25,NWBI.OQ,1.00833
2021-01-25,EFSC.OQ,2.946
2021-01-25,RXT.OQ,0.79522
2021-01-26,EFSC.OQ,3.3166
2021-01-27,NWBI.OQ,1.01
2021-01-27,EFSC.OQ,3.4226
2021-02-17,LXU.N,-2.54615
2021-02-18,RXT.OQ,1.06844
2021-02-19,RXT.OQ,1.02467
2021-02-22,RXT.OQ,1.01022
2021-02-26,LXU.N,-1.75385
2021-03-03,RXT.OQ,1.01067
2021-03-15,LXU.N,-1.51923
2021-03-22,NWBI.OQ,1.02
2021-03-29,NWBI.OQ,1.05667
2021-03-30,NWBI.OQ,1.07333
2021-03-30,EFSC.OQ,3.482
2021-03-31,RXT.OQ,1.0096
2021-04-05,EFSC.OQ,3.556
2021-04-19,RXT.OQ,1.00873
2021-04-21,LXU.N,-1.5
2021-04-26,NWBI.OQ,1.0818
2021-04-27,EFSC.OQ,3.6406
2021-04-28,EFSC.OQ,3.95325
2021-04-29,NWBI.OQ,1.0658
2021-04-30,EFSC.OQ,4.05433
2021-04-30,LXU.N,-1.42692
2021-05-10,RXT.OQ,1.0041
2021-05-11,NWBI.OQ,1.0742
2021-05-11,LXU.N,-1.57308
2021-05-11,RXT.OQ,1.0091
2021-05-12,RXT.OQ,1.0101
2021-05-13,RXT.OQ,1.00778
2021-06-28,RXT.OQ,1.0101
2021-07-07,EFSC.OQ,4.081
2021-07-11,NWBI.OQ,1.0635
2021-07-20,LXU.N,-1.25769
2021-07-22,LXU.N,-0.79615
2021-07-22,RXT.OQ,1.01011
2021-07-23,RXT.OQ,1.01456
2021-07-26,NWBI.OQ,1.03083
2021-07-27,NWBI.OQ,0.99817
2021-07-27,EFSC.OQ,4.14767
2021-07-28,EFSC.OQ,4.27
2021-07-29,EFSC.OQ,4.295
2021-07-30,LXU.N,-0.61154
2021-08-03,NWBI.OQ,0.9906
2021-08-10,LXU.N,-0.49231
2021-08-11,RXT.OQ,0.992
2021-08-12,LXU.N,-0.55
2021-08-12,RXT.OQ,0.95982
2021-08-13,RXT.OQ,0.95346
2021-08-20,NWBI.OQ,0.98883
2021-09-23,LXU.N,-0.53462
2021-10-04,LXU.N,-0.51154
2021-10-25,NWBI.OQ,1.03517
2021-10-26,NWBI.OQ,1.0435
2021-10-26,EFSC.OQ,3.89
2021-10-26,LXU.N,-0.41538
2021-10-29,EFSC.OQ,3.7225
2021-11-12,EFSC.OQ,3.72
2021-11-15,RXT.OQ,0.96109
2021-11-16,RXT.OQ,0.96582
2021-11-17,RXT.OQ,0.96664
2021-12-13,RXT.OQ,0.96755
2022-01-10,EFSC.OQ,4.258
2022-01-14,RXT.OQ,0.96846
2022-01-24,NWBI.OQ,0.85457
2022-01-25,NWBI.OQ,0.85743
2022-01-25,EFSC.OQ,4.4284
2022-01-26,EFSC.OQ,4.4884
2022-01-28,EFSC.OQ,4.5824
2022-02-22,LXU.N,0.845
2022-02-22,RXT.OQ,1.05227
2022-02-23,RXT.OQ,0.95009
2022-02-25,LXU.N,1.19
2022-03-09,NWBI.OQ,0.86314
2022-03-09,EFSC.OQ,4.6224
2022-03-17,LXU.N,1.94
2022-03-21,EFSC.OQ,4.602
2022-03-28,NWBI.OQ,0.87029
2022-03-29,NWBI.OQ,0.88171
2022-03-29,EFSC.OQ,4.63283
2022-03-29,LXU.N,2.37
2022-04-08,RXT.OQ,0.94282
2022-04-13,NWBI.OQ,0.89029
2022-04-25,NWBI.OQ,0.89886
2022-04-26,NWBI.OQ,0.90314
2022-04-26,EFSC.OQ,4.72667
2022-04-28,EFSC.OQ,4.75167
2022-05-02,NWBI.OQ,0.914
2022-05-02,EFSC.OQ,4.78
2022-05-05,LXU.N,2.125
2022-05-10,RXT.OQ,0.86864
2022-05-11,NWBI.OQ,0.91167
2022-05-11,RXT.OQ,0.78127
2022-05-13,RXT.OQ,0.75973
2022-05-23,LXU.N,2.39
2022-05-25,NWBI.OQ,0.91333
2022-05-26,EFSC.OQ,4.79
2022-06-02,NWBI.OQ,0.91667
2022-06-02,EFSC.OQ,4.798
2022-06-14,NWBI.OQ,0.90743
2022-06-27,NWBI.OQ,0.91171
2022-06-29,EFSC.OQ,4.806
2022-07-07,NWBI.OQ,0.916
2022-07-07,EFSC.OQ,4.82567
2022-07-07,LXU.N,2.25
2022-07-11,NWBI.OQ,0.94429
2022-07-13,NWBI.OQ,0.94714
2022-07-14,RXT.OQ,0.75791
2022-07-15,RXT.OQ,0.75727
2022-07-20,RXT.OQ,0.75636
2022-07-25,NWBI.OQ,1.017
2022-07-26,NWBI.OQ,1.05586
2022-07-26,EFSC.OQ,4.91933
2022-07-27,EFSC.OQ,4.92933
2022-07-29,LXU.N,2.24
2022-08-01,NWBI.OQ,1.0785
2022-08-01,EFSC.OQ,4.9852
2022-08-02,EFSC.OQ,4.9872
2022-08-02,LXU.N,2.34
2022-08-07,RXT.OQ,0.75546
2022-08-09,RXT.OQ,0.69164
2022-08-10,RXT.OQ,0.56173
2022-08-12,RXT.OQ,0.547
2022-08-26,NWBI.OQ,1.0722
2022-08-30,LXU.N,2.66
2022-09-01,LXU.N,2.805
2022-09-12,LXU.N,2.90333
2022-09-14,LXU.N,2.9325
2022-09-27,RXT.OQ,0.54609
2022-09-29,NWBI.OQ,1.0735
2022-09-30,RXT.OQ,0.54336
2022-10-05,LXU.N,2.9175
2022-10-06,EFSC.OQ,4.9772
2022-10-10,LXU.N,2.93
2022-10-12,NWBI.OQ,1.07167
2022-10-24,NWBI.OQ,1.07833
2022-10-25,NWBI.OQ,1.09
2022-10-25,EFSC.OQ,5.0512
2022-10-25,LXU.N,2.994
2022-10-26,EFSC.OQ,5.0852
2022-10-31,NWBI.OQ,1.094
2022-11-01,LXU.N,2.894
2022-11-03,NWBI.OQ,1.09333
2022-11-07,LXU.N,2.905
2022-11-09,LXU.N,2.874
2022-11-09,RXT.OQ,0.54155
2022-11-10,LXU.N,2.838
2022-11-10,RXT.OQ,0.53682
2022-11-11,LXU.N,2.645
2022-11-14,RXT.OQ,0.53773
2022-11-16,RXT.OQ,0.5387
2022-11-17,LXU.N,2.75667
2022-11-18,LXU.N,2.7175
2022-11-21,NWBI.OQ,1.09333
2022-11-21,RXT.OQ,0.53782
2022-11-27,EFSC.OQ,5.5534
2022-11-27,EFSC.OQ,5.0852
2022-11-30,LXU.N,2.7175
2022-12-04,LXU.N,2.70667
2023-01-05,LXU.N,2.67
2023-01-13,RXT.OQ,0.53773
2023-01-20,LXU.N,2.6
2023-01-23,NWBI.OQ,1.14767
2023-01-24,NWBI.OQ,1.15167
2023-01-24,EFSC.OQ,5.6606
2023-01-30,NWBI.OQ,1.158
2023-01-30,EFSC.OQ,5.7106
2023-02-22,LXU.N,2.26143
2023-02-22,RXT.OQ,0.03427
2023-02-23,RXT.OQ,-0.02855
2023-02-24,LXU.N,2.09286
2023-02-24,RXT.OQ,-0.043
2023-02-26,LXU.N,1.97
2023-02-28,LXU.N,1.71143
2023-03-01,LXU.N,1.685
2023-03-13,LXU.N,1.67714
2023-03-13,RXT.OQ,-0.0443
2023-03-27,NWBI.OQ,1.144
2023-03-28,EFSC.OQ,5.6406
2023-04-03,NWBI.OQ,1.118
2023-04-04,NWBI.OQ,1.104
2023-04-04,EFSC.OQ,5.6014
2023-04-05,NWBI.OQ,1.095
2023-04-05,EFSC.OQ,5.5252
2023-04-06,NWBI.OQ,1.08667
2023-04-06,EFSC.OQ,5.4932
2023-04-06,LXU.N,1.58429
2023-04-10,LXU.N,1.51286
2023-04-12,LXU.N,1.44857
2023-04-13,LXU.N,1.32
2023-04-18,LXU.N,1.21857
2023-04-24,NWBI.OQ,1.035
2023-04-25,EFSC.OQ,5.4298
2023-04-27,EFSC.OQ,5.3698
2023-05-01,NWBI.OQ,1.032
2023-05-02,LXU.N,1.21714
2023-05-03,LXU.N,1.27667
2023-05-04,LXU.N,1.26333
2023-05-05,SCHL.OQ,2.65
2023-05-05,SCHL.OQ,1.94
2023-05-05,RXT.OQ,-0.03256
2023-05-08,LXU.N,1.27167
2023-05-09,LXU.N,0.95667
2023-05-09,RXT.OQ,-0.04744
2023-05-10,RXT.OQ,-0.15411
2023-05-11,LXU.N,0.95
2023-05-12,NWBI.OQ,1.02667
2023-05-12,RXT.OQ,-0.18244
2023-05-15,LXU.N,0.962
2023-05-15,RXT.OQ,-0.19689
2023-05-16,LXU.N,0.96333
2023-06-07,LXU.N,0.96333
2023-06-13,LXU.N,0.94667
2023-06-26,NWBI.OQ,1.015
2023-06-26,EFSC.OQ,5.35
2023-06-28,NWBI.OQ,1.01833
2023-06-30,LXU.N,0.91
2023-07-05,NWBI.OQ,1.00833
2023-07-05,EFSC.OQ,5.34
2023-07-11,LXU.N,0.882
2023-07-13,NWBI.OQ,0.99667
2023-07-21,SCHL.OQ,2.64
2023-07-24,NWBI.OQ,0.98833
2023-07-25,NWBI.OQ,0.99167
2023-07-25,EFSC.OQ,5.29
2023-07-26,EFSC.OQ,5.212
2023-07-26,LXU.N,0.888
2023-07-27,LXU.N,0.82333
2023-07-28,LXU.N,0.73333
2023-07-31,LXU.N,0.66
2023-08-01,LXU.N,0.58
2023-08-02,LXU.N,0.538
2023-08-08,LXU.N,0.54
2023-08-08,RXT.OQ,-0.18689
2023-08-09,RXT.OQ,-0.17356
2023-08-11,RXT.OQ,-0.17189
2023-09-18,RXT.OQ,-0.173
2023-09-19,RXT.OQ,-0.16963
2023-09-22,SCHL.OQ,2.79
2023-10-03,LXU.N,0.538
2023-10-05,NWBI.OQ,0.99
2023-10-05,EFSC.OQ,5.2024
2023-10-06,RXT.OQ,-0.171
2023-10-09,LXU.N,0.526
2023-10-10,NWBI.OQ,0.99167
2023-10-16,LXU.N,0.51833
2023-10-17,LXU.N,0.53167
2023-10-23,NWBI.OQ,1.075
2023-10-24,EFSC.OQ,5.1184
2023-10-25,EFSC.OQ,5.1004
2023-10-25,LXU.N,0.67333
2023-11-03,LXU.N,0.48167
2023-11-06,LXU.N,0.45
2023-11-06,RXT.OQ,-0.17463
2023-11-07,RXT.OQ,-0.16588
2023-11-08,LXU.N,0.43
2023-11-08,RXT.OQ,-0.15963
2023-11-10,RXT.OQ,-0.15913
2023-11-14,RXT.OQ,-0.15914
2023-11-17,LXU.N,0.45
2023-11-20,RXT.OQ,-0.1585
2023-12-12,SCHL.OQ,2.64
2023-12-15,SCHL.OQ,2.17
2023-12-29,RXT.OQ,-0.15829
2024-01-08,EFSC.OQ,4.629
2024-01-08,EFSC.OQ,5.103
2024-01-10,LXU.N,0.5175
2024-01-17,RXT.OQ,-0.15814
2024-01-22,NWBI.OQ,0.93167
2024-01-23,EFSC.OQ,4.5524
2024-01-24,EFSC.OQ,4.5084
2024-01-30,LXU.N,0.5075
2024-01-31,LXU.N,0.4925
2024-02-04,RXT.OQ,-0.159
2024-02-29,LXU.N,0.49333
2024-03-06,LXU.N,0.42667
2024-03-07,LXU.N,0.398
2024-03-08,LXU.N,0.32
2024-03-11,LXU.N,0.288
2024-03-12,SCHL.OQ,2.01
2024-03-12,RXT.OQ,-0.179
2024-03-12,SCHL.OQ,3.01
2024-03-13,RXT.OQ,-0.304
2024-03-15,RXT.OQ,-0.33717
2024-03-18,RXT.OQ,-0.37883
2024-04-07,LXU.N,0.276
2024-04-15,LXU.N,0.264
2024-04-16,LXU.N,0.22167
2024-04-18,LXU.N,0.17167
2024-04-22,NWBI.OQ,0.91333
2024-04-23,EFSC.OQ,4.386
2024-04-24,NWBI.OQ,0.91167
2024-04-25,EFSC.OQ,4.35
2024-04-26,RXT.OQ,-0.39083
2024-04-29,LXU.N,0.19167
2024-05-01,LXU.N,0.12
2024-05-03,LXU.N,0.144
2024-05-06,LXU.N,0.17
2024-05-07,LXU.N,0.2
2024-05-09,RXT.OQ,-0.35417
2024-05-10,RXT.OQ,-0.34917
2024-05-16,RXT.OQ,-0.335
2024-05-17,RXT.OQ,-0.3362
2024-05-29,LXU.N,0.19667
2024-06-25,LXU.N,0.19667
2024-07-08,EFSC.OQ,4.33
2024-07-09,LXU.N,0.17667
2024-07-15,LXU.N,0.21667
2024-07-20,SCHL.OQ,1.52
2024-07-23,NWBI.OQ,0.95
2024-07-23,EFSC.OQ,4.524
2024-07-24,NWBI.OQ,0.96667
2024-07-24,EFSC.OQ,4.584
2024-07-25,NWBI.OQ,0.98333
2024-07-30,NWBI.OQ,1.025
2024-08-01,LXU.N,0.26
2024-08-07,NWBI.OQ,1.024
2024-08-07,LXU.N,0.35
2024-08-08,EFSC.OQ,4.594
2024-08-08,RXT.OQ,-0.3342
2024-08-09,NWBI.OQ,1.02
2024-08-09,LXU.N,0.43
2024-08-09,RXT.OQ,-0.32033
2024-08-12,RXT.OQ,-0.31367
2024-08-20,LXU.N,0.43333
2024-09-23,SCHL.OQ,1.23
2024-09-27,SCHL.OQ,1.41
2024-10-01,EFSC.OQ,4.57
2024-10-02,EFSC.OQ,4.56
2024-10-09,NWBI.OQ,1.01833
2024-10-10,LXU.N,0.415
2024-10-11,LXU.N,0.62
2024-10-22,EFSC.OQ,4.7146
2024-10-24,EFSC.OQ,4.7386
2024-10-25,RXT.OQ,-0.315
2024-10-29,NWBI.OQ,1.01833
2024-10-30,NWBI.OQ,1.02167
2024-10-30,LXU.N,0.34333
2024-11-01,LXU.N,0.1825
2024-11-05,NWBI.OQ,1.02333
2024-11-05,LXU.N,0.03667
2024-11-07,LXU.N,0.16
2024-11-12,RXT.OQ,-0.29667
2024-11-13,RXT.OQ,-0.28333
2024-11-15,RXT.OQ,-0.2745
2024-11-20,NWBI.OQ,1.02833
2024-12-09,RXT.OQ,-0.113
2024-12-18,EFSC.OQ,4.5602
2025-01-09,EFSC.OQ,4.736
2025-01-24,NWBI.OQ,1.068
2025-01-27,NWBI.OQ,1.062
2025-01-28,NWBI.OQ,1.06333
2025-01-28,EFSC.OQ,4.7998
2025-01-31,NWBI.OQ,1.066
2025-02-03,EFSC.OQ,4.88725
2025-02-04,NWBI.OQ,1.06833
2025-02-07,EFSC.OQ,4.9098
2025-02-21,RXT.OQ,-0.1052
2025-02-26,LXU.N,0.48667
2025-03-04,LXU.N,0.40667
2025-03-05,LXU.N,0.095
2025-03-10,SCHL.OQ,0.84
2025-03-21,SCHL.OQ,2.13
2025-03-21,SCHL.OQ,0.49
2025-03-27,LXU.N,0.27333
2025-04-02,NWBI.OQ,1.07
2025-04-03,LXU.N,0.32
2025-04-15,LXU.N,0.28333
2025-04-29,NWBI.OQ,1.11333
2025-04-29,EFSC.OQ,5.1454
2025-04-29,LXU.N,0.29667
2025-04-30,NWBI.OQ,1.17833
2025-04-30,LXU.N,0.2725
2025-05-01,LXU.N,0.3725
2025-05-05,NWBI.OQ,1.198
2025-05-05,EFSC.OQ,5.1814
2025-05-06,LXU.N,0.28667
2025-05-07,NWBI.OQ,1.2286
2025-05-08,RXT.OQ,-0.0952
2025-05-09,RXT.OQ,-0.1148
2025-05-14,LXU.N,0.33
2025-05-15,RXT.OQ,-0.146
2025-05-21,NWBI.OQ,1.23383
2025-05-30,EFSC.OQ,5.13925
2025-05-30,LXU.N,0.28667
2025-06-02,RXT.OQ,-0.1285
2025-06-18,EFSC.OQ,5.1405
2025-06-26,NWBI.OQ,1.23217
2025-06-26,EFSC.OQ,5.12675
2025-07-03,NWBI.OQ,1.2346
2025-07-10,NWBI.OQ,1.2426
2025-07-14,LXU.N,0.31333
2025-07-25,SCHL.OQ,1.4
2025-07-29,NWBI.OQ,1.2538
2025-07-29,EFSC.OQ,5.27425
2025-07-30,NWBI.OQ,1.2578
2025-07-30,LXU.N,0.36333
2025-07-31,NWBI.OQ,1.27
2025-07-31,EFSC.OQ,5.31075
2025-07-31,LXU.N,0.32667
2025-08-04,EFSC.OQ,5.35433
2025-08-05,EFSC.OQ,5.35075
2025-08-07,RXT.OQ,-0.141
2025-08-08,RXT.OQ,-0.17333
2025-08-14,RXT.OQ,-0.21
2025-08-19,LXU.N,0.3
2025-09-02,SCHL.OQ,1.24
2025-09-08,SCHL.OQ,1.225
2025-09-08,RXT.OQ,-0.21
2025-09-19,SCHL.OQ,1.065
2025-09-25,EFSC.OQ,5.34575
2025-10-02,LXU.N,0.29333
2025-10-03,NWBI.OQ,1.26833
2025-10-10,NWBI.OQ,1.26571
2025-10-15,EFSC.OQ,5.3648
2025-10-27,NWBI.OQ,1.25667
2025-10-28,NWBI.OQ,1.25333
2025-10-28,EFSC.OQ,5.228
2025-10-30,EFSC.OQ,5.5008
2025-10-30,NWBI.OQ,1.24833
2025-10-30,EFSC.OQ,5.204
2025-10-30,LXU.N,0.34
2025-11-03,NWBI.OQ,1.24857
2025-11-05,LXU.N,0.46
2025-11-07,RXT.OQ,-0.2
2025-11-27,LXU.N,0.34
2025-12-01,LXU.N,0.41
2025-12-04,SCHL.OQ,0.91
2025-12-17,NWBI.OQ,1.24713
2025-12-17,NWBI.OQ,1.30963
2025-12-19,SCHL.OQ,0.895
2026-01-12,LXU.N,0.43
2026-01-12,LXU.N,0.405
2026-01-27,NWBI.OQ,1.29838
2026-01-27,EFSC.OQ,5.5262
2026-01-29,NWBI.OQ,1.30075
2026-01-29,EFSC.OQ,5.5342
2026-01-30,EFSC.OQ,5.53025
2026-02-02,NWBI.OQ,1.29657
2026-02-09,NWBI.OQ,1.29943
2026-02-18,NWBI.OQ,1.302
2026-02-25,EFSC.OQ,5.5342
2026-02-26,RXT.OQ,-0.02333
2026-02-27,RXT.OQ,-0.09
2026-03-04,LXU.N,0.53
2026-03-08,SCHL.OQ,1.475
2014-10-22,ASTE.OQ,1.488
2014-11-26,DAKT.OQ,0.62333
2014-12-22,NAT.N,-0.06125
2015-01-06,NAT.N,-0.05889
2015-01-09,NAT.N,-0.044
2015-01-12,NAT.N,-0.04
2015-01-21,NAT.N,-0.035
2015-01-27,NAT.N,-0.03364
2015-01-29,NAT.N,-0.036
2015-02-02,NAT.N,-0.05091
2015-02-04,NAT.N,-0.04
2015-02-09,NAT.N,0.54778
2015-02-10,NAT.N,0.54889
2015-02-18,NAT.N,0.42
2015-02-24,ASTE.OQ,2.155
2015-02-25,ASTE.OQ,2.173
2015-02-25,DAKT.OQ,0.53
2015-02-26,ASTE.OQ,2.158
2015-03-02,ASTE.OQ,2.155
2015-03-05,DAKT.OQ,0.495
2015-03-11,ASTE.OQ,2.16
2015-04-06,NAT.N,0.42286
2015-04-13,NAT.N,0.47857
2015-04-20,NAT.N,0.49286
2015-04-21,NAT.N,0.52571
2015-04-21,ASTE.OQ,2.21778
2015-04-22,ASTE.OQ,2.20111
2015-04-23,NAT.N,0.56875
2015-04-23,ASTE.OQ,2.20222
2015-04-27,NAT.N,0.62667
2015-04-28,NAT.N,0.62222
2015-04-28,ASTE.OQ,2.21
2015-05-04,NAT.N,0.62
2015-05-11,NAT.N,0.71556
2015-05-12,NAT.N,0.79889
2015-05-18,NAT.N,0.865
2015-05-19,NAT.N,0.85857
2015-05-25,DAKT.OQ,0.7
2015-05-26,ASTE.OQ,2.20333
2015-06-01,NAT.N,0.8525
2015-06-03,DAKT.OQ,0.585
2015-06-04,NAT.N,0.84667
2015-06-05,ASTE.OQ,2.20375
2015-06-15,NAT.N,0.87
2015-06-16,ASTE.OQ,2.18556
2015-06-23,DAKT.OQ,0.585
2015-06-25,DAKT.OQ,0.60333
2015-06-29,NAT.N,0.92667
2015-07-01,NAT.N,0.99889
2015-07-01,ASTE.OQ,2.176
2015-07-06,NAT.N,1.01889
2015-07-14,NAT.N,1.08667
2015-07-17,NAT.N,1.10111
2015-07-20,NAT.N,1.15222
2015-07-21,ASTE.OQ,2.051
2015-07-22,ASTE.OQ,1.954
2015-07-23,NAT.N,1.22
2015-07-23,ASTE.OQ,1.927
2015-07-24,ASTE.OQ,1.893
2015-07-27,NAT.N,1.22667
2015-07-30,NAT.N,1.27125
2015-08-03,NAT.N,1.275
2015-08-07,NAT.N,1.275
2015-08-10,NAT.N,1.27
2015-08-11,NAT.N,1.2925
2015-08-12,NAT.N,1.27889
2015-08-17,NAT.N,1.38857
2015-08-25,DAKT.OQ,0.53667
2015-08-26,DAKT.OQ,0.51
2015-08-31,NAT.N,1.3925
2015-09-03,NAT.N,1.3925
2015-09-08,NAT.N,1.37375
2015-09-28,ASTE.OQ,1.856
2015-09-29,ASTE.OQ,1.859
2015-10-08,ASTE.OQ,1.856
2015-10-13,NAT.N,1.36875
2015-10-20,ASTE.OQ,1.77
2015-10-21,ASTE.OQ,1.74273
2015-10-22,ASTE.OQ,1.69182
2015-10-27,ASTE.OQ,1.61889
2015-11-06,ASTE.OQ,1.618
2015-11-09,NAT.N,1.38125
2015-11-11,NAT.N,1.39714
2015-11-12,NAT.N,1.43143
2015-11-17,NAT.N,1.43667
2015-11-24,NAT.N,1.424
2015-11-24,DAKT.OQ,0.44
2015-11-25,DAKT.OQ,0.33667
2015-11-26,ASTE.OQ,1.61889
2015-12-07,NAT.N,1.424
2015-12-17,NAT.N,1.42
2016-01-01,NAT.N,1.42
2016-01-06,NAT.N,1.42
2016-01-11,NAT.N,1.49667
2016-01-19,NAT.N,1.50667
2016-02-04,ASTE.OQ,1.61667
2016-02-08,NAT.N,1.19143
2016-02-10,NAT.N,1.15571
2016-02-16,NAT.N,1.185
2016-02-21,ASTE.OQ,1.61667
2016-02-23,ASTE.OQ,2.03889
2016-02-23,DAKT.OQ,0.28333
2016-02-24,ASTE.OQ,2.07444
2016-02-24,DAKT.OQ,0.23667
2016-02-26,ASTE.OQ,2.097
2016-03-01,DAKT.OQ,0.19
2016-03-02,ASTE.OQ,2.094
2016-03-14,NAT.N,1.164
2016-03-18,ASTE.OQ,2.10444
2016-03-21,ASTE.OQ,2.113
2016-04-12,ASTE.OQ,2.09
2016-04-21,NAT.N,1.11
2016-04-22,NAT.N,1.114
2016-04-26,ASTE.OQ,2.156
2016-04-27,ASTE.OQ,2.201
2016-04-28,ASTE.OQ,2.218
2016-05-02,NAT.N,1.154
2016-05-02,ASTE.OQ,2.212
2016-05-03,ASTE.OQ,2.24
2016-05-04,NAT.N,1.14833
2016-05-05,ASTE.OQ,2.23556
2016-05-09,NAT.N,1.232
2016-05-10,NAT.N,1.26
2016-05-16,NAT.N,1.3025
2016-05-16,ASTE.OQ,2.254
2016-06-01,DAKT.OQ,0.21333
2016-06-02,DAKT.OQ,0.14667
2016-06-17,NAT.N,1.2025
2016-06-20,NAT.N,1.264
2016-06-28,NAT.N,1.21
2016-06-30,NAT.N,1.15667
2016-06-30,ASTE.OQ,2.27667
2016-07-07,NAT.N,1.1
2016-07-19,NAT.N,1.105
2016-07-26,ASTE.OQ,2.32
2016-07-27,NAT.N,0.97333
2016-07-27,ASTE.OQ,2.36111
2016-07-28,ASTE.OQ,2.37
2016-08-01,DAKT.OQ,0.165
2016-08-02,ASTE.OQ,2.40857
2016-08-08,NAT.N,0.88
2016-08-09,NAT.N,0.85429
2016-08-19,NAT.N,0.85429
2016-08-23,DAKT.OQ,0.285
2016-08-26,NAT.N,0.82714
2016-08-29,NAT.N,0.78125
2016-08-31,ASTE.OQ,2.39625
2016-09-12,ASTE.OQ,2.39571
2016-09-15,NAT.N,0.67714
2016-09-27,NAT.N,0.64286
2016-10-11,NAT.N,0.60143
2016-10-17,NAT.N,0.625
2016-10-19,NAT.N,0.58167
2016-10-24,NAT.N,0.55833
2016-10-25,ASTE.OQ,2.40857
2016-10-26,NAT.N,0.47667
2016-10-26,ASTE.OQ,2.36
2016-10-27,ASTE.OQ,2.36571
2016-11-03,ASTE.OQ,2.36857
2016-11-10,NAT.N,0.4875
2016-11-16,NAT.N,0.492
2016-11-17,NAT.N,0.3925
2016-11-22,DAKT.OQ,0.335
2016-11-23,DAKT.OQ,0.37
2016-12-14,ASTE.OQ,2.37571
2016-12-19,NAT.N,0.36
2016-12-19,ASTE.OQ,2.38
2016-12-19,DAKT.OQ,0.38667
2017-01-11,NAT.N,0.326
2017-01-13,NAT.N,0.326
2017-01-16,NAT.N,0.32833
2017-01-18,NAT.N,0.33
2017-01-27,NAT.N,0.34333
2017-02-06,NAT.N,-0.02044
2017-02-07,NAT.N,-0.06156
2017-02-08,NAT.N,-0.066
2017-02-21,ASTE.OQ,2.83571
2017-02-21,DAKT.OQ,0.33667
2017-02-22,ASTE.OQ,2.70571
2017-02-22,DAKT.OQ,0.30667
2017-02-24,ASTE.OQ,2.67714
2017-03-08,ASTE.OQ,2.705
2017-03-14,DAKT.OQ,0.27
2017-03-20,ASTE.OQ,2.67375
2017-04-21,NAT.N,-0.07711
2017-04-24,NAT.N,-0.10489
2017-04-25,ASTE.OQ,2.66125
2017-04-26,ASTE.OQ,2.67
2017-05-03,NAT.N,-0.12933
2017-05-03,ASTE.OQ,2.67625
2017-05-04,ASTE.OQ,2.67
2017-05-08,NAT.N,-0.16556
2017-05-30,DAKT.OQ,0.425
2017-06-05,DAKT.OQ,0.36
2017-06-06,CARS.N,1.24
2017-07-07,NAT.N,-0.20778
2017-07-20,NAT.N,-0.22667
2017-07-20,CARS.N,1.315
2017-07-21,NAT.N,-0.31875
2017-07-25,ASTE.OQ,2.56714
2017-07-26,ASTE.OQ,2.53
2017-07-27,ASTE.OQ,2.45571
2017-08-02,NAT.N,-0.35375
2017-08-07,NAT.N,-0.3825
2017-08-09,NAT.N,-0.385
2017-08-10,CARS.N,1.345
2017-08-22,DAKT.OQ,0.375
2017-08-31,ASTE.OQ,2.47
2017-08-31,DAKT.OQ,0.37
2017-09-12,DAKT.OQ,0.395
2017-09-19,NAT.N,-0.3875
2017-09-21,CARS.N,1.34667
2017-10-02,ASTE.OQ,2.145
2017-10-03,NAT.N,-0.4
2017-10-03,ASTE.OQ,1.98643
2017-10-05,ASTE.OQ,1.91214
2017-10-09,NAT.N,-0.41125
2017-10-16,NAT.N,-0.46286
2017-10-17,NAT.N,-0.46
2017-10-19,NAT.N,-0.47143
2017-10-23,NAT.N,-0.48857
2017-10-24,ASTE.OQ,1.86286
2017-10-25,NAT.N,-0.49571
2017-10-25,ASTE.OQ,1.67125
2017-10-26,NAT.N,-0.50375
2017-10-30,ASTE.OQ,1.62625
2017-10-31,ASTE.OQ,1.60125
2017-10-31,CARS.N,1.34333
2017-11-03,CARS.N,1.34333
2017-11-06,NAT.N,-0.5575
2017-11-08,CARS.N,1.63333
2017-11-09,CARS.N,1.61
2017-11-21,DAKT.OQ,0.39
2017-11-22,NAT.N,-0.56286
2017-11-23,NAT.N,-0.58429
2017-12-05,DAKT.OQ,0.36
2017-12-13,NAT.N,-0.59429
2017-12-14,NAT.N,-0.59857
2017-12-28,NAT.N,-0.59857
2018-01-02,NAT.N,-0.63143
2018-01-04,NAT.N,-0.62857
2018-01-05,NAT.N,-0.6375
2018-01-22,NAT.N,-0.63875
2018-01-23,NAT.N,-0.66
2018-01-24,DAKT.OQ,0.355
2018-01-26,NAT.N,-0.67125
2018-01-30,NAT.N,-0.68714
2018-02-05,ASTE.OQ,1.59857
2018-02-09,NAT.N,-0.69
2018-02-12,NAT.N,-0.41363
2018-02-13,NAT.N,-0.42725
2018-02-14,CARS.N,1.78
2018-02-15,CARS.N,1.32
2018-02-15,DAKT.OQ,0.35
2018-02-19,NAT.N,-0.46829
2018-02-20,ASTE.OQ,3.10667
2018-02-20,DAKT.OQ,0.3
2018-02-21,ASTE.OQ,3.31333
2018-02-23,ASTE.OQ,3.39167
2018-02-27,ASTE.OQ,3.428
2018-03-06,CARS.N,1.15
2018-03-07,CARS.N,1.11
2018-03-14,NAT.N,-0.48
2018-03-15,ASTE.OQ,3.41667
2018-03-22,CARS.N,1.11
2018-03-27,DAKT.OQ,0.29333
2018-04-03,CARS.N,1.16
2018-04-13,ASTE.OQ,3.38333
2018-04-17,NAT.N,-0.43857
2018-04-17,ASTE.OQ,3.355
2018-04-19,NAT.N,-0.48
2018-04-20,NAT.N,-0.515
2018-04-23,NAT.N,-0.53833
2018-04-24,ASTE.OQ,3.39
2018-04-25,NAT.N,-0.57167
2018-04-25,ASTE.OQ,3.38167
2018-04-30,NAT.N,-0.58
2018-05-01,ASTE.OQ,3.33167
2018-05-08,NAT.N,-0.56833
2018-05-09,CARS.N,1.08333
2018-05-10,CARS.N,0.94
2018-05-16,NAT.N,-0.505
2018-05-17,NAT.N,-0.47
2018-05-20,DAKT.OQ,0.46
2018-05-21,DAKT.OQ,0.26
2018-05-22,NAT.N,-0.425
2018-05-23,NAT.N,-0.4225
2018-05-23,ASTE.OQ,3.33167
2018-05-29,NAT.N,-0.38
2018-06-01,NAT.N,-0.38
2018-06-07,DAKT.OQ,0.43
2018-06-11,NAT.N,-0.405
2018-06-13,NAT.N,-0.41167
2018-06-18,NAT.N,-0.415
2018-06-19,DAKT.OQ,0.43
2018-06-27,CARS.N,0.9425
2018-07-02,NAT.N,-0.41
2018-07-24,NAT.N,-0.42333
2018-07-24,ASTE.OQ,3.266
2018-07-25,NAT.N,-0.41667
2018-07-25,ASTE.OQ,3.254
2018-07-27,NAT.N,-0.41833
2018-07-31,ASTE.OQ,3.23
2018-08-08,CARS.N,0.835
2018-08-09,CARS.N,0.725
2018-08-13,CARS.N,0.6625
2018-08-14,NAT.N,-0.42667
2018-08-14,DAKT.OQ,0.3
2018-08-15,NAT.N,-0.43
2018-08-16,NAT.N,-0.435
2018-08-24,NAT.N,-0.47333
2018-09-16,NAT.N,-0.47333
2018-09-21,ASTE.OQ,3.2525
2018-09-21,DAKT.OQ,0.27
2018-09-24,NAT.N,-0.46429
2018-09-26,CARS.N,0.6625
2018-09-27,NAT.N,-0.47125
2018-09-28,ASTE.OQ,3.22333
2018-10-03,NAT.N,-0.47125
2018-10-15,ASTE.OQ,3.24
2018-10-23,ASTE.OQ,2.78333
2018-10-24,NAT.N,-0.45444
2018-10-24,ASTE.OQ,2.78333
2018-10-29,NAT.N,-0.44667
2018-11-07,CARS.N,0.6525
2018-11-08,NAT.N,-0.44667
2018-11-08,CARS.N,0.65
2018-11-12,NAT.N,-0.44375
2018-11-13,CARS.N,0.638
2018-11-14,NAT.N,-0.455
2018-11-15,DAKT.OQ,0.235
2018-12-03,ASTE.OQ,2.78667
2018-12-07,NAT.N,-0.44571
2018-12-07,CARS.N,0.638
2018-12-10,DAKT.OQ,0.24
2019-01-01,NAT.N,-0.46667
2019-01-10,NAT.N,-0.454
2019-01-14,NAT.N,-0.46
2019-01-15,CARS.N,0.644
2019-01-21,NAT.N,-0.46667
2019-01-24,NAT.N,-0.45917
2019-02-11,NAT.N,0.0277
2019-02-20,NAT.N,0.0116
2019-02-25,NAT.N,-0.0174
2019-02-28,CARS.N,0.728
2019-03-01,ASTE.OQ,3.14667
2019-03-01,CARS.N,0.592
2019-03-04,NAT.N,-0.0334
2019-03-04,ASTE.OQ,3.22
2019-03-04,DAKT.OQ,0.18
2019-03-07,CARS.N,0.5625
2019-03-18,CARS.N,0.526
2019-04-05,NAT.N,-0.086
2019-04-23,ASTE.OQ,2.33667
2019-04-24,NAT.N,-0.07889
2019-04-29,NAT.N,-0.07667
2019-05-10,CARS.N,0.8325
2019-05-13,CARS.N,1.07
2019-05-14,CARS.N,1.69333
2019-05-15,NAT.N,-0.06889
2019-05-16,NAT.N,-0.04875
2019-05-21,NAT.N,-0.01
2019-05-24,NAT.N,-0.002
2019-05-24,DAKT.OQ,0.17
2019-05-29,DAKT.OQ,0.265
2019-06-14,DAKT.OQ,0.195
2019-06-23,NAT.N,-0.01233
2019-06-26,NAT.N,0.00433
2019-07-04,NAT.N,0.00086
2019-07-17,ASTE.OQ,2.33333
2019-07-19,NAT.N,-0.03571
2019-07-23,NAT.N,-0.05
2019-07-23,ASTE.OQ,2.04
2019-08-01,NAT.N,-0.02167
2019-08-05,CARS.N,1.65614
2019-08-06,CARS.N,1.43043
2019-08-11,NAT.N,-0.012
2019-08-15,CARS.N,1.38471
2019-08-16,NAT.N,-0.008
2019-08-28,DAKT.OQ,0.225
2019-09-09,DAKT.OQ,0.31
2019-09-10,NAT.N,-0.005
2019-09-12,NAT.N,-0.03333
2019-09-18,CARS.N,1.37471
2019-10-02,CARS.N,1.37043
2019-10-07,NAT.N,0.02333
2019-10-08,ASTE.OQ,1.875
2019-10-08,DAKT.OQ,0.275
2019-10-14,NAT.N,0.0225
2019-10-15,CARS.N,1.35614
2019-10-18,NAT.N,0.025
2019-10-23,NAT.N,0.0488
2019-10-25,NAT.N,0.09233
2019-10-29,ASTE.OQ,1.8025
2019-11-06,CARS.N,1.362
2019-11-07,CARS.N,1.32
2019-11-18,CARS.N,1.30667
2019-11-20,NAT.N,0.10486
2019-11-25,NAT.N,0.10014
2019-11-25,DAKT.OQ,0.265
2019-11-27,DAKT.OQ,0.25
2019-12-17,NAT.N,0.0405
2019-12-17,ASTE.OQ,1.765
2019-12-17,DAKT.OQ,0.26
2019-12-26,DAKT.OQ,0.25
2020-01-08,NAT.N,0.03367
2020-01-17,NAT.N,0.03525
2020-01-23,NAT.N,0.04525
2020-01-24,NAT.N,0.033
2020-01-28,ASTE.OQ,1.695
2020-01-29,NAT.N,0.0404
2020-02-18,NAT.N,0.8258
2020-02-19,NAT.N,0.8618
2020-02-19,DAKT.OQ,0.23
2020-02-20,NAT.N,0.8665
2020-02-26,CARS.N,1.54643
2020-02-26,DAKT.OQ,0.03
2020-02-27,NAT.N,0.8415
2020-02-27,CARS.N,1.41886
2020-02-28,ASTE.OQ,1.685
2020-02-28,ASTE.OQ,1.7375
2020-03-03,NAT.N,0.8565
2020-03-04,ASTE.OQ,1.5625
2020-03-17,ASTE.OQ,1.5375
2020-03-24,NAT.N,0.89783
2020-03-24,CARS.N,1.3515
2020-03-25,ASTE.OQ,1.28
2020-03-27,CARS.N,1.21975
2020-04-01,ASTE.OQ,1.0675
2020-04-22,ASTE.OQ,0.7625
2020-04-23,ASTE.OQ,0.375
2020-04-24,NAT.N,0.93783
2020-05-04,NAT.N,1.025
2020-05-05,CARS.N,1.17725
2020-05-06,ASTE.OQ,0.79
2020-05-06,CARS.N,1.11225
2020-05-07,CARS.N,0.04225
2020-05-07,DAKT.OQ,0.03
2020-05-08,CARS.N,0.0615
2020-05-11,CARS.N,-0.0085
2020-05-18,NAT.N,0.985
2020-05-19,NAT.N,0.98
2020-05-19,DAKT.OQ,-0.03
2020-05-19,DAKT.OQ,0.1
2020-05-25,NAT.N,0.868
2020-06-09,NAT.N,0.86667
2020-06-11,DAKT.OQ,0.09
2020-06-17,NAT.N,0.86667
2020-07-02,NAT.N,0.81571
2020-07-14,NAT.N,0.73714
2020-07-15,NAT.N,0.72857
2020-07-17,CARS.N,0.0065
2020-07-21,NAT.N,0.65186
2020-07-23,CARS.N,0.00775
2020-07-30,CARS.N,0.81171
2020-07-31,CARS.N,1.15757
2020-08-03,CARS.N,1.229
2020-08-05,ASTE.OQ,1.21667
2020-08-06,ASTE.OQ,1.585
2020-08-17,NAT.N,0.62686
2020-08-18,NAT.N,0.62257
2020-08-21,DAKT.OQ,0.06
2020-08-24,NAT.N,0.583
2020-08-26,NAT.N,0.599
2020-08-26,DAKT.OQ,0.13
2020-08-28,NAT.N,0.589
2020-10-14,CARS.N,1.24329
2020-10-15,CARS.N,1.239
2020-10-20,ASTE.OQ,1.585
2020-10-22,CARS.N,1.26186
2020-10-23,NAT.N,0.54767
2020-10-27,NAT.N,0.55433
2020-11-04,ASTE.OQ,1.87
2020-11-09,CARS.N,1.2805
2020-11-10,CARS.N,1.2972
2020-11-11,CARS.N,1.3252
2020-11-13,CARS.N,1.3192
2020-11-16,NAT.N,0.45033
2020-11-16,DAKT.OQ,0.12
2020-11-19,NAT.N,0.388
2020-11-20,CARS.N,1.329
2020-12-02,DAKT.OQ,0.15
2020-12-30,ASTE.OQ,1.8675
2021-01-08,NAT.N,0.3984
2021-01-10,NAT.N,0.38533
2021-01-19,NAT.N,0.38533
2021-01-29,NAT.N,0.37567
2021-02-05,NAT.N,0.3668
2021-02-09,DAKT.OQ,0.17
2021-02-25,CARS.N,1.55457
2021-02-26,NAT.N,-0.3085
2021-02-26,CARS.N,1.57986
2021-03-01,ASTE.OQ,2.6625
2021-03-01,CARS.N,1.52271
2021-03-02,ASTE.OQ,2.6925
2021-03-02,CARS.N,1.58817
2021-03-04,DAKT.OQ,0.29
2021-03-04,DAKT.OQ,0.26
2021-03-15,NAT.N,-0.3085
2021-03-23,CARS.N,1.537
2021-03-29,NAT.N,-0.34014
2021-04-09,CARS.N,1.56483
2021-04-19,NAT.N,-0.32443
2021-04-26,NAT.N,-0.32814
2021-04-27,ASTE.OQ,2.7025
2021-05-03,NAT.N,-0.33529
2021-05-05,ASTE.OQ,2.48
2021-05-06,ASTE.OQ,2.3775
2021-05-07,CARS.N,1.6015
2021-05-11,CARS.N,1.68725
2021-05-14,CARS.N,1.6778
2021-05-16,CARS.N,1.6814
2021-05-25,NAT.N,-0.34714
2021-05-26,NAT.N,-0.34
2021-06-01,NAT.N,-0.30667
2021-06-14,ASTE.OQ,2.2525
2021-06-16,ASTE.OQ,2.1625
2021-06-28,NAT.N,-0.34
2021-06-30,ASTE.OQ,2.0625
2021-07-15,NAT.N,-0.36
2021-07-21,NAT.N,-0.38286
2021-07-22,NAT.N,-0.39314
2021-07-22,CARS.N,1.76425
2021-07-27,NAT.N,-0.42171
2021-08-04,ASTE.OQ,1.9675
2021-08-05,ASTE.OQ,1.915
2021-08-05,CARS.N,1.6914
2021-08-06,CARS.N,1.7034
2021-08-11,CARS.N,1.7588
2021-08-27,CARS.N,1.7588
2021-08-30,NAT.N,-0.49857
2021-08-31,NAT.N,-0.51
2021-09-01,DAKT.OQ,0.19
2021-09-21,NAT.N,-0.51429
2021-10-15,ASTE.OQ,1.93
2021-10-18,ASTE.OQ,1.78333
2021-10-22,NAT.N,-0.54714
2021-10-26,NAT.N,-0.55571
2021-11-02,NAT.N,-0.55857
2021-11-03,ASTE.OQ,1.84
2021-11-04,ASTE.OQ,1.88333
2021-11-05,CARS.N,1.7628
2021-11-08,CARS.N,1.7638
2021-11-09,CARS.N,1.7558
2021-11-10,ASTE.OQ,1.83333
2021-11-11,CARS.N,1.72975
2021-11-12,CARS.N,1.7558
2021-11-24,NAT.N,-0.64286
2021-11-26,NAT.N,-0.65857
2021-11-30,NAT.N,-0.67286
2021-12-24,DAKT.OQ,0.25
2022-01-03,CARS.N,1.7565
2022-01-04,CARS.N,1.73
2022-01-24,NAT.N,-0.67833
2022-02-01,NAT.N,-0.695
2022-02-01,CARS.N,1.73
2022-02-06,CARS.N,1.966
2022-02-06,CARS.N,1.8175
2022-02-07,ASTE.OQ,1.795
2022-02-08,ASTE.OQ,1.66
2022-02-15,ASTE.OQ,1.565
2022-02-18,ASTE.OQ,1.39
2022-02-25,NAT.N,-0.209
2022-02-25,CARS.N,1.95
2022-02-28,NAT.N,-0.24567
2022-02-28,ASTE.OQ,1.8425
2022-03-01,ASTE.OQ,1.8175
2022-03-01,CARS.N,1.916
2022-03-03,CARS.N,1.93333
2022-03-04,NAT.N,-0.1948
2022-03-07,CARS.N,1.92
2022-03-12,DAKT.OQ,0.04
2022-03-12,DAKT.OQ,0.53
2022-03-15,NAT.N,-0.22233
2022-03-25,CARS.N,1.88667
2022-04-08,ASTE.OQ,1.78
2022-04-10,ASTE.OQ,1.755
2022-04-27,NAT.N,-0.19833
2022-05-04,ASTE.OQ,1.9925
2022-05-05,ASTE.OQ,2.0675
2022-05-05,CARS.N,1.33667
2022-05-06,CARS.N,1.09
2022-05-31,NAT.N,-0.1795
2022-06-01,NAT.N,-0.17617
2022-06-09,DAKT.OQ,0.31
2022-06-10,NAT.N,-0.186
2022-06-14,NAT.N,-0.215
2022-06-16,NAT.N,-0.16667
2022-06-21,NAT.N,-0.17
2022-06-21,CARS.N,0.81
2022-06-26,NAT.N,-0.15667
2022-06-28,ASTE.OQ,2.0125
2022-07-20,NAT.N,-0.12725
2022-07-25,NAT.N,-0.10475
2022-07-27,CARS.N,0.7325
2022-08-02,ASTE.OQ,1.54525
2022-08-02,CARS.N,0.7325
2022-08-03,ASTE.OQ,1.35025
2022-08-03,CARS.N,0.7775
2022-08-04,CARS.N,0.38
2022-08-10,CARS.N,0.384
2022-08-13,NAT.N,-0.08975
2022-08-30,NAT.N,-0.06125
2022-09-06,NAT.N,-0.041
2022-09-07,DAKT.OQ,0.04
2022-09-26,NAT.N,-0.041
2022-10-17,ASTE.OQ,1.36275
2022-10-25,NAT.N,-0.021
2022-10-26,NAT.N,40.9375
2022-11-02,ASTE.OQ,1.31925
2022-11-03,ASTE.OQ,1.30175
2022-11-03,CARS.N,0.295
2022-11-04,CARS.N,0.2275
2022-11-30,NAT.N,-0.05
2022-12-01,NAT.N,0.02333
2022-12-02,NAT.N,0.03
2022-12-13,NAT.N,0.06625
2022-12-16,NAT.N,0.11167
2023-01-06,CARS.N,0.2275
2023-01-12,ASTE.OQ,1.267
2023-01-23,NAT.N,0.09633
2023-01-27,NAT.N,0.09967
2023-01-30,NAT.N,0.08725
2023-02-01,NAT.N,0.0938
2023-02-01,CARS.N,0.224
2023-02-10,ASTE.OQ,1.2545
2023-02-23,CARS.N,0.56
2023-02-27,NAT.N,0.607
2023-03-01,ASTE.OQ,2.316
2023-03-02,ASTE.OQ,2.326
2023-03-02,CARS.N,0.48
2023-03-03,CARS.N,0.462
2023-03-06,NAT.N,0.575
2023-03-19,CARS.N,0.45
2023-03-21,NAT.N,0.59667
2023-04-17,ASTE.OQ,2.376
2023-04-18,CARS.N,0.45
2023-04-24,NAT.N,0.65
2023-04-25,NAT.N,0.6625
2023-05-03,ASTE.OQ,2.73625
2023-05-04,ASTE.OQ,2.89375
2023-05-04,CARS.N,0.5275
2023-05-06,CARS.N,0.5725
2023-05-16,DAKT.OQ,-0.18
2023-05-16,DAKT.OQ,0.71
2023-05-22,NAT.N,0.6846
2023-05-30,NAT.N,0.65325
2023-06-16,CARS.N,0.5725
2023-06-27,CARS.N,0.552
2023-07-17,NAT.N,0.6646
2023-07-19,CARS.N,0.58333
2023-07-20,DAKT.OQ,0.69
2023-08-02,ASTE.OQ,3.009
2023-08-03,ASTE.OQ,3.274
2023-08-03,CARS.N,1.334
2023-08-07,CARS.N,1.825
2023-08-28,NAT.N,0.616
2023-08-29,NAT.N,0.622
2023-08-30,NAT.N,0.62333
2023-09-04,NAT.N,0.606
2023-09-06,NAT.N,0.5974
2023-09-06,CARS.N,1.825
2023-09-11,DAKT.OQ,0.97
2023-09-14,CARS.N,1.812
2023-10-02,CARS.N,1.812
2023-10-12,NAT.N,0.5914
2023-10-16,NAT.N,0.57117
2023-10-24,NAT.N,0.5595
2023-10-26,NAT.N,0.57317
2023-11-01,ASTE.OQ,2.5745
2023-11-02,ASTE.OQ,2.4445
2023-11-02,CARS.N,1.785
2023-11-06,NAT.N,0.57983
2023-11-09,NAT.N,0.5718
2023-11-29,NAT.N,0.5365
2023-12-01,NAT.N,0.53983
2023-12-05,NAT.N,0.5215
2023-12-11,DAKT.OQ,0.91
2023-12-18,ASTE.OQ,2.45
2023-12-28,DAKT.OQ,1.23
2024-01-04,NAT.N,0.51817
2024-01-29,NAT.N,0.51483
2024-02-13,ASTE.OQ,2.4375
2024-02-16,CARS.N,1.782
2024-02-22,CARS.N,0.505
2024-02-28,ASTE.OQ,2.6225
2024-02-29,NAT.N,0.57
2024-02-29,ASTE.OQ,2.74325
2024-02-29,CARS.N,0.502
2024-03-04,CARS.N,0.505
2024-03-05,DAKT.OQ,1.08
2024-03-06,CARS.N,0.50333
2024-03-13,NAT.N,0.53333
2024-03-20,CARS.N,0.5
2024-03-21,NAT.N,0.621
2024-03-26,DAKT.OQ,0.805
2024-03-26,DAKT.OQ,1.08
2024-04-11,NAT.N,0.6085
2024-04-19,ASTE.OQ,2.70767
2024-04-23,NAT.N,0.601
2024-04-24,NAT.N,0.59725
2024-04-29,NAT.N,0.5698
2024-04-30,CARS.N,0.5
2024-05-01,ASTE.OQ,2.27333
2024-05-02,ASTE.OQ,2.14333
2024-05-09,CARS.N,0.478
2024-05-10,CARS.N,0.485
2024-05-16,CARS.N,0.458
2024-05-29,NAT.N,0.54
2024-05-31,NAT.N,0.53667
2024-06-05,NAT.N,0.5075
2024-06-19,NAT.N,0.502
2024-06-21,NAT.N,0.49833
2024-06-27,DAKT.OQ,0.95
2024-07-01,DAKT.OQ,1.06
2024-07-18,ASTE.OQ,2.205
2024-07-22,NAT.N,0.48017
2024-08-07,ASTE.OQ,2.045
2024-08-08,CARS.N,0.442
2024-08-09,CARS.N,0.4
2024-08-13,CARS.N,0.384
2024-08-29,NAT.N,0.482
2024-09-04,NAT.N,0.46867
2024-09-05,DAKT.OQ,1.01
2024-09-12,NAT.N,0.46067
2024-09-20,NAT.N,0.41133
2024-09-26,ASTE.OQ,1.98
2024-09-26,DAKT.OQ,1.03
2024-10-04,NAT.N,0.411
2024-10-04,CARS.N,0.388
2024-10-12,CARS.N,0.3975
2024-10-17,CARS.N,0.3875
2024-10-24,NAT.N,0.37825
2024-10-28,NAT.N,0.34825
2024-11-06,ASTE.OQ,2.055
2024-11-07,ASTE.OQ,1.99
2024-11-07,CARS.N,0.4725
2024-11-08,CARS.N,0.546
2024-11-11,CARS.N,0.596
2024-11-14,NAT.N,0.325
2024-11-29,NAT.N,0.31175
2024-12-02,NAT.N,0.29175
2024-12-03,NAT.N,0.26675
2024-12-09,DAKT.OQ,0.925
2025-01-15,NAT.N,0.26175
2025-01-15,CARS.N,0.596
2025-01-22,DAKT.OQ,0.89667
2025-02-25,DAKT.OQ,0.87333
2025-02-26,ASTE.OQ,2.565
2025-02-27,ASTE.OQ,2.61
2025-02-27,CARS.N,0.764
2025-02-28,NAT.N,0.2825
2025-02-28,CARS.N,0.766
2025-03-06,DAKT.OQ,0.79333
2025-03-06,DAKT.OQ,0.94
2025-03-07,NAT.N,0.19
2025-03-12,DAKT.OQ,0.77333
2025-03-14,NAT.N,0.3
2025-03-31,NAT.N,0.3
2025-03-31,USLM.OQ,4.3
2025-04-09,CARS.N,0.758
2025-04-22,NAT.N,0.3025
2025-04-23,NAT.N,0.29675
2025-04-29,ASTE.OQ,2.36
2025-04-30,ASTE.OQ,2.425
2025-05-08,CARS.N,0.324
2025-05-15,CARS.N,0.3325
2025-05-19,CARS.N,0.298
2025-05-26,USLM.OQ,4.44
2025-05-29,NAT.N,0.273
2025-06-25,NAT.N,0.27925
2025-07-14,NAT.N,0.27625
2025-07-22,DAKT.OQ,0.97333
2025-07-25,CARS.N,0.32
2025-08-06,ASTE.OQ,2.8
2025-08-07,ASTE.OQ,2.97
2025-08-07,CARS.N,0.395
2025-08-08,CARS.N,0.39667
2025-08-14,CARS.N,0.4475
2025-08-19,CARS.N,0.43
2025-08-21,USLM.OQ,4.84
2025-08-21,USLM.OQ,4.59
2025-08-22,ASTE.OQ,2.94
2025-08-28,NAT.N,0.193
2025-08-29,NAT.N,0.1904
2025-09-10,NAT.N,0.0805
2025-09-10,DAKT.OQ,1.0
2025-09-11,DAKT.OQ,1.02333
2025-09-17,DAKT.OQ,1.015
2025-09-19,CARS.N,0.43167
2025-10-06,CARS.N,0.43833
2025-10-10,NAT.N,0.0805
2025-10-16,NAT.N,0.083
2025-10-16,ASTE.OQ,2.97
2025-10-22,NAT.N,0.0925
2025-10-23,NAT.N,0.102
2025-11-06,ASTE.OQ,2.99
2025-11-06,CARS.N,0.40667
2025-11-10,ASTE.OQ,3.07
2025-11-13,CARS.N,0.41
2025-11-24,CARS.N,0.408
2025-11-28,NAT.N,0.102
2025-12-01,NAT.N,0.092
2025-12-04,NAT.N,0.064
2025-12-05,NAT.N,0.035
2025-12-09,NAT.N,0.03333
2025-12-10,DAKT.OQ,1.045
2025-12-11,DAKT.OQ,1.07
2026-01-14,CARS.N,0.412
2026-01-16,CARS.N,0.41
2026-01-28,NAT.N,0.05667
2026-02-25,ASTE.OQ,3.55
2026-02-26,NAT.N,0.33667
2026-02-26,ASTE.OQ,3.79
2026-02-26,CARS.N,0.69667
2026-02-27,CARS.N,0.66167
2026-03-02,USLM.OQ,5.44
2026-03-02,CARS.N,0.70667
2026-03-04,DAKT.OQ,1.03
2026-03-05,NAT.N,0.41
2026-03-05,CARS.N,0.71
2026-03-05,DAKT.OQ,0.99
2026-03-16,ASTE.OQ,3.74333
2014-12-03,SAH.N,1.899
2014-12-15,NG.A,-0.12754
2014-12-15,NG.A,-0.13254
2015-01-01,XPRO.N,6.81174
2015-01-06,XPRO.N,6.80742
2015-01-07,SAH.N,1.901
2015-01-26,SAH.N,1.898
2015-02-02,XPRO.N,6.79884
2015-02-02,NG.A,-0.10713
2015-02-20,SAH.N,1.897
2015-02-24,SAH.N,1.976
2015-02-25,SAH.N,1.918
2015-02-25,XPRO.N,5.73354
2015-02-26,XPRO.N,5.16636
2015-03-02,XPRO.N,5.0181
2015-03-05,SAH.N,1.90111
2015-03-09,XPRO.N,4.9299
2015-03-11,SAH.N,1.915
2015-03-13,NG.A,-0.09427
2015-03-30,XPRO.N,4.93692
2015-04-01,XPRO.N,4.93344
2015-04-02,SAH.N,1.91222
2015-04-06,ATEX.OQ,-0.88
2015-04-08,XPRO.N,4.92282
2015-04-09,SAH.N,1.91333
2015-04-09,XPRO.N,4.85928
2015-04-13,XPRO.N,4.86282
2015-04-14,XPRO.N,4.84872
2015-04-20,XPRO.N,4.8699
2015-04-21,SAH.N,1.90889
2015-04-22,SAH.N,1.90667
2015-04-26,XPRO.N,4.85928
2015-04-27,NG.A,-0.10675
2015-04-28,SAH.N,1.895
2015-04-29,XPRO.N,4.97928
2015-04-30,XPRO.N,5.07108
2015-05-01,XPRO.N,5.10282
2015-05-04,XPRO.N,5.14872
2015-05-15,ATEX.OQ,-1.8
2015-05-28,SAH.N,1.90444
2015-06-02,XPRO.N,5.13108
2015-06-10,ATEX.OQ,-1.89
2015-06-11,XPRO.N,5.17932
2015-06-17,XPRO.N,5.17266
2015-06-17,ATEX.OQ,-2.355
2015-06-24,XPRO.N,5.16264
2015-07-06,XPRO.N,5.10402
2015-07-07,XPRO.N,5.09736
2015-07-09,NG.A,-0.09416
2015-07-14,SAH.N,1.90556
2015-07-15,XPRO.N,5.12064
2015-07-20,SAH.N,1.90444
2015-07-27,SAH.N,1.89
2015-07-29,NG.A,-0.08181
2015-07-29,NG.A,-0.08966
2015-08-03,SAH.N,1.89
2015-08-05,XPRO.N,4.68732
2015-08-06,XPRO.N,4.29702
2015-08-10,XPRO.N,3.99036
2015-08-12,XPRO.N,3.9639
2015-08-12,ATEX.OQ,-2.205
2015-08-18,ATEX.OQ,-1.585
2015-08-25,SAH.N,1.89875
2015-08-31,XPRO.N,3.97032
2015-09-04,XPRO.N,3.96468
2015-09-09,SAH.N,1.90667
2015-09-14,XPRO.N,3.95802
2015-09-17,XPRO.N,3.95466
2015-09-18,XPRO.N,3.948
2015-10-05,XPRO.N,3.93468
2015-10-07,XPRO.N,3.92136
2015-10-08,NG.A,-0.08471
2015-10-13,XPRO.N,3.918
2015-10-14,SAH.N,1.90889
2015-10-14,NG.A,-0.08426
2015-10-16,XPRO.N,3.93282
2015-10-28,SAH.N,1.946
2015-10-29,SAH.N,1.959
2015-11-03,XPRO.N,3.86466
2015-11-04,SAH.N,1.95889
2015-11-04,XPRO.N,3.75732
2015-11-06,XPRO.N,3.73734
2015-11-09,SAH.N,1.96667
2015-11-09,XPRO.N,3.67398
2015-11-10,SAH.N,1.97
2015-12-07,ATEX.OQ,-1.59
2015-12-08,ATEX.OQ,-1.61
2015-12-14,XPRO.N,3.67326
2015-12-21,XPRO.N,3.67452
2016-01-03,SAH.N,1.972
2016-01-07,SAH.N,1.969
2016-01-07,NG.A,-0.08471
2016-01-08,SAH.N,1.965
2016-01-10,SAH.N,1.954
2016-01-11,XPRO.N,3.6714
2016-01-12,XPRO.N,3.65874
2016-01-20,SAH.N,1.952
2016-01-21,SAH.N,1.95182
2016-01-25,SAH.N,1.95091
2016-01-26,SAH.N,1.94364
2016-01-29,NG.A,-0.07168
2016-02-01,XPRO.N,3.65202
2016-02-05,NG.A,-0.06495
2016-02-16,ATEX.OQ,-1.535
2016-02-17,ATEX.OQ,-1.465
2016-02-22,SAH.N,1.94091
2016-02-23,SAH.N,2.141
2016-02-24,SAH.N,2.146
2016-02-26,XPRO.N,3.66918
2016-02-29,XPRO.N,2.14518
2016-03-01,SAH.N,2.13111
2016-03-01,XPRO.N,1.74408
2016-03-02,XPRO.N,1.5957
2016-03-07,SAH.N,2.13
2016-03-07,XPRO.N,1.49778
2016-03-10,SAH.N,2.13143
2016-03-10,XPRO.N,1.40622
2016-03-17,XPRO.N,1.37436
2016-03-21,SAH.N,2.15
2016-03-27,XPRO.N,1.35432
2016-03-29,XPRO.N,1.26432
2016-03-30,XPRO.N,1.28766
2016-04-05,XPRO.N,1.27764
2016-04-06,SAH.N,2.15125
2016-04-06,NG.A,-0.07807
2016-04-11,SAH.N,2.14556
2016-04-11,XPRO.N,1.25436
2016-04-13,NG.A,-0.07613
2016-04-19,XPRO.N,1.24518
2016-04-26,SAH.N,2.14636
2016-04-27,SAH.N,2.15273
2016-04-27,XPRO.N,0.91992
2016-04-28,XPRO.N,0.36756
2016-04-29,SAH.N,2.15
2016-04-29,XPRO.N,0.08802
2016-05-02,XPRO.N,-0.042
2016-05-03,SAH.N,2.15091
2016-05-04,XPRO.N,-0.11154
2016-05-10,XPRO.N,-0.11202
2016-05-16,SAH.N,2.153
2016-05-20,XPRO.N,-0.12534
2016-06-01,XPRO.N,-0.13266
2016-06-02,XPRO.N,-0.14934
2016-06-10,SAH.N,2.147
2016-06-13,ATEX.OQ,-1.485
2016-06-14,XPRO.N,-0.17226
2016-06-14,ATEX.OQ,-1.46
2016-06-21,SAH.N,2.142
2016-06-22,XPRO.N,-0.17226
2016-06-24,SAH.N,2.14
2016-06-28,NG.A,-0.08807
2016-06-29,XPRO.N,-0.17928
2016-07-06,SAH.N,2.139
2016-07-11,XPRO.N,-0.19692
2016-07-11,NG.A,-0.1
2016-07-14,XPRO.N,-0.20046
2016-07-15,SAH.N,2.14091
2016-07-18,XPRO.N,-0.20754
2016-07-26,SAH.N,2.12727
2016-07-27,SAH.N,2.10455
2016-07-28,SAH.N,2.11
2016-07-28,XPRO.N,-0.303
2016-07-29,XPRO.N,-0.97038
2016-08-01,SAH.N,2.103
2016-08-01,XPRO.N,-1.758
2016-08-03,XPRO.N,-1.95798
2016-08-04,XPRO.N,-2.3016
2016-08-09,ATEX.OQ,-1.7
2016-08-10,SAH.N,2.10222
2016-08-10,ATEX.OQ,-2.01
2016-08-12,XPRO.N,-2.3016
2016-08-16,XPRO.N,-2.3016
2016-08-19,XPRO.N,-2.316
2016-08-24,XPRO.N,-2.328
2016-08-25,XPRO.N,-2.28876
2016-08-26,XPRO.N,-2.25762
2016-09-23,XPRO.N,-2.4594
2016-09-26,NG.A,-0.0832
2016-09-26,NG.A,-0.09538
2016-10-10,XPRO.N,-2.4354
2016-10-12,SAH.N,2.1
2016-10-13,SAH.N,2.1
2016-10-31,XPRO.N,-2.41584
2016-11-01,SAH.N,2.02375
2016-11-02,SAH.N,2.00778
2016-11-03,SAH.N,1.99333
2016-11-04,XPRO.N,-2.37816
2016-11-04,ATEX.OQ,-1.955
2016-11-07,SAH.N,1.97556
2016-11-07,XPRO.N,-2.40546
2016-11-08,XPRO.N,-2.38908
2016-11-09,XPRO.N,-2.42184
2016-11-15,SAH.N,1.978
2016-11-15,NG.A,-0.09796
2016-12-11,NG.A,-0.09369
2017-01-04,XPRO.N,-2.41584
2017-01-19,SAH.N,1.976
2017-01-26,SAH.N,1.974
2017-01-31,SAH.N,1.976
2017-02-03,XPRO.N,-2.41584
2017-02-07,ATEX.OQ,-2.015
2017-02-08,ATEX.OQ,-2.09
2017-02-21,SAH.N,2.135
2017-02-22,SAH.N,2.121
2017-02-23,SAH.N,2.111
2017-02-23,XPRO.N,-1.941
2017-02-24,SAH.N,2.07222
2017-02-24,XPRO.N,-2.06436
2017-02-27,XPRO.N,-2.07102
2017-02-28,XPRO.N,-2.10636
2017-03-01,XPRO.N,-2.12298
2017-03-02,XPRO.N,-2.16318
2017-03-03,XPRO.N,-2.19846
2017-03-06,SAH.N,2.086
2017-03-07,SAH.N,2.076
2017-03-08,SAH.N,2.074
2017-03-13,SAH.N,2.04
2017-03-13,XPRO.N,-2.15634
2017-03-17,XPRO.N,-2.20086
2017-03-17,ATEX.OQ,-2.19
2017-03-24,XPRO.N,-2.21262
2017-04-04,SAH.N,2.039
2017-04-07,SAH.N,2.034
2017-04-09,XPRO.N,-2.20836
2017-04-18,XPRO.N,-2.226
2017-04-24,NG.A,-0.08891
2017-04-26,SAH.N,2.027
2017-04-27,SAH.N,2.034
2017-05-01,SAH.N,2.021
2017-05-02,XPRO.N,-2.25426
2017-05-03,XPRO.N,-2.26566
2017-05-04,XPRO.N,-2.27232
2017-05-05,XPRO.N,-2.32398
2017-05-08,XPRO.N,-2.34402
2017-05-09,XPRO.N,-2.35068
2017-05-16,XPRO.N,-2.36328
2017-05-17,XPRO.N,-2.397
2017-05-22,XPRO.N,-2.37246
2017-05-22,NG.A,-0.05181
2017-05-25,SAH.N,2.02
2017-05-26,XPRO.N,-2.37402
2017-06-06,XPRO.N,-2.38068
2017-06-08,SAH.N,2.016
2017-06-16,SAH.N,2.001
2017-06-21,XPRO.N,-2.38398
2017-06-27,XPRO.N,-2.38734
2017-07-06,NG.A,-0.10035
2017-07-09,NG.A,-0.10035
2017-07-11,XPRO.N,-2.37222
2017-07-14,SAH.N,2.00111
2017-07-28,SAH.N,1.93
2017-07-31,SAH.N,1.86444
2017-08-07,XPRO.N,-2.41644
2017-08-08,XPRO.N,-2.46378
2017-08-08,ATEX.OQ,-2.54
2017-08-09,XPRO.N,-2.4714
2017-08-10,ATEX.OQ,-2.43
2017-08-14,XPRO.N,-2.556
2017-08-17,XPRO.N,-2.56728
2017-08-18,XPRO.N,-2.54682
2017-09-28,XPRO.N,-2.50866
2017-10-03,SAH.N,1.84778
2017-10-09,SAH.N,1.84333
2017-10-09,XPRO.N,-2.51874
2017-10-12,SAH.N,1.85222
2017-10-16,XPRO.N,-2.52192
2017-10-17,SAH.N,1.8525
2017-10-17,XPRO.N,-2.52534
2017-10-24,SAH.N,1.85286
2017-10-30,SAH.N,1.83875
2017-10-31,SAH.N,1.825
2017-11-02,XPRO.N,-2.52978
2017-11-03,XPRO.N,-2.613
2017-11-03,ATEX.OQ,-2.48
2017-11-06,XPRO.N,-2.61882
2017-11-07,XPRO.N,-2.6256
2017-11-08,XPRO.N,-2.62458
2017-11-08,ATEX.OQ,-2.41
2017-11-09,SAH.N,1.82714
2017-12-03,NG.A,-0.07518
2017-12-18,NG.A,-0.05814
2017-12-18,NG.A,-0.09345
2018-01-05,XPRO.N,-2.61876
2018-02-07,NG.A,-0.04441
2018-02-08,ATEX.OQ,-2.43
2018-02-08,ATEX.OQ,-2.36
2018-02-27,SAH.N,2.17429
2018-02-27,XPRO.N,-1.86158
2018-02-28,SAH.N,2.14833
2018-02-28,XPRO.N,-2.10316
2018-03-01,SAH.N,2.17167
2018-03-01,XPRO.N,-2.12842
2018-03-02,SAH.N,2.166
2018-03-04,XPRO.N,-2.14421
2018-03-06,SAH.N,2.27333
2018-03-06,XPRO.N,-2.28
2018-03-07,SAH.N,2.29
2018-03-07,XPRO.N,-2.29125
2018-03-09,XPRO.N,-2.29125
2018-03-13,XPRO.N,-2.29125
2018-03-14,SAH.N,2.282
2018-03-14,XPRO.N,-2.27625
2018-03-15,SAH.N,2.28167
2018-03-23,SAH.N,2.27286
2018-03-26,NG.A,-0.08221
2018-04-06,NG.A,-0.08147
2018-04-11,XPRO.N,-2.21294
2018-04-12,XPRO.N,-2.20588
2018-04-17,SAH.N,2.26167
2018-04-19,SAH.N,2.25286
2018-04-24,NG.A,-0.08483
2018-04-27,SAH.N,2.25857
2018-05-01,SAH.N,2.26
2018-05-03,SAH.N,2.2725
2018-05-08,XPRO.N,-2.3175
2018-05-09,XPRO.N,-2.601
2018-05-14,SAH.N,2.248
2018-05-14,XPRO.N,-2.65242
2018-05-15,XPRO.N,-2.8614
2018-05-18,XPRO.N,-2.8614
2018-05-21,XPRO.N,-2.81946
2018-06-05,XPRO.N,-2.7654
2018-06-11,ATEX.OQ,-2.97
2018-06-18,SAH.N,2.24833
2018-06-29,NG.A,-0.08816
2018-07-02,NG.A,-0.01923
2018-07-05,XPRO.N,-2.7654
2018-07-06,NG.A,0.03116
2018-07-10,SAH.N,2.255
2018-07-10,XPRO.N,-2.78673
2018-07-16,XPRO.N,-2.81934
2018-07-17,SAH.N,2.1595
2018-07-18,SAH.N,2.07957
2018-07-23,SAH.N,2.02957
2018-07-26,SAH.N,1.98617
2018-07-27,SAH.N,1.93333
2018-07-30,SAH.N,1.93
2018-08-08,XPRO.N,-2.87267
2018-08-09,XPRO.N,-2.874
2018-08-10,XPRO.N,-2.90067
2018-08-13,XPRO.N,-2.85075
2018-08-13,ATEX.OQ,-2.91
2018-08-15,SAH.N,1.92571
2018-09-27,XPRO.N,-2.85075
2018-10-04,NG.A,-0.08886
2018-10-15,XPRO.N,-2.68067
2018-10-15,ATEX.OQ,-2.68
2018-10-22,ATEX.OQ,-2.58
2018-10-25,SAH.N,1.92286
2018-10-26,SAH.N,1.925
2018-10-29,XPRO.N,-2.674
2018-11-01,SAH.N,1.92917
2018-11-06,XPRO.N,-2.46733
2018-11-07,XPRO.N,-2.434
2018-11-08,ATEX.OQ,-2.825
2018-11-09,XPRO.N,-2.36733
2018-11-11,XPRO.N,-2.334
2018-11-13,XPRO.N,-2.2746
2018-11-14,SAH.N,1.92643
2018-11-18,XPRO.N,-2.26964
2018-12-20,XPRO.N,-2.22873
2019-01-03,NG.A,-0.09924
2019-01-03,NG.A,-0.08295
2019-01-25,NG.A,-0.07962
2019-01-28,NG.A,-0.0818
2019-02-04,SAH.N,1.93071
2019-02-06,ATEX.OQ,-2.85
2019-02-08,ATEX.OQ,-2.9
2019-02-11,ATEX.OQ,-2.85
2019-02-11,ATEX.OQ,-2.62
2019-02-15,SAH.N,1.88371
2019-02-19,XPRO.N,-2.229
2019-02-20,SAH.N,1.92763
2019-02-21,SAH.N,1.84388
2019-02-25,XPRO.N,-1.13
2019-02-26,SAH.N,1.83138
2019-02-26,XPRO.N,-1.22
2019-02-27,SAH.N,1.80586
2019-02-27,XPRO.N,-1.285
2019-03-05,SAH.N,1.79263
2019-04-05,XPRO.N,-1.2875
2019-04-16,SAH.N,1.77263
2019-04-18,NG.A,-0.0627
2019-04-25,SAH.N,1.8805
2019-04-26,SAH.N,1.918
2019-05-02,SAH.N,2.004
2019-05-03,XPRO.N,-1.2825
2019-05-06,SAH.N,2.022
2019-05-07,XPRO.N,-1.2825
2019-05-08,XPRO.N,-1.3375
2019-05-13,XPRO.N,-1.3175
2019-05-14,XPRO.N,-1.395
2019-05-15,XPRO.N,-1.4202
2019-05-17,XPRO.N,-1.4382
2019-05-22,XPRO.N,-1.46467
2019-05-23,XPRO.N,-1.4382
2019-05-24,ATEX.OQ,-3.25
2019-05-28,ATEX.OQ,-3.235
2019-06-05,SAH.N,2.03629
2019-06-28,XPRO.N,-1.4652
2019-06-28,NG.A,-0.06673
2019-07-02,XPRO.N,-1.42473
2019-07-09,SAH.N,2.05771
2019-07-15,SAH.N,2.063
2019-07-15,NG.A,-0.07173
2019-07-18,ATEX.OQ,-3.1
2019-07-25,SAH.N,2.15175
2019-07-26,SAH.N,2.23663
2019-07-30,XPRO.N,-1.452
2019-08-01,SAH.N,2.2805
2019-08-02,SAH.N,2.28614
2019-08-05,XPRO.N,-1.4892
2019-08-06,XPRO.N,-1.5492
2019-08-07,XPRO.N,-1.608
2019-08-08,XPRO.N,-1.668
2019-08-09,ATEX.OQ,-3.23667
2019-08-12,XPRO.N,-1.689
2019-08-13,XPRO.N,-1.74171
2019-08-15,SAH.N,2.31471
2019-08-15,ATEX.OQ,-3.12
2019-08-16,ATEX.OQ,-3.17333
2019-08-26,XPRO.N,-1.7265
2019-08-29,XPRO.N,-1.64133
2019-09-03,XPRO.N,-1.6512
2019-09-04,XPEL.OQ,0.39
2019-09-10,XPRO.N,-1.65467
2019-09-25,XPRO.N,-1.629
2019-09-30,NG.A,-0.09
2019-10-02,XPRO.N,-1.61775
2019-10-04,NG.A,-0.11
2019-10-15,SAH.N,2.32186
2019-10-17,XPRO.N,-1.61742
2019-10-18,SAH.N,2.3505
2019-10-24,SAH.N,2.4625
2019-10-25,SAH.N,2.47786
2019-10-31,SAH.N,2.505
2019-11-05,XPRO.N,-1.68257
2019-11-06,XPRO.N,-1.72543
2019-11-07,ATEX.OQ,-2.88
2019-11-08,XPRO.N,-1.71
2019-11-11,XPEL.OQ,0.44
2019-11-11,ATEX.OQ,-2.55333
2019-11-12,XPRO.N,-1.76
2019-11-13,ATEX.OQ,-2.075
2019-11-14,SAH.N,2.51917
2019-11-15,SAH.N,2.53357
2019-12-18,SAH.N,2.53929
2020-01-06,SAH.N,2.54071
2020-01-17,SAH.N,2.53929
2020-01-22,SAH.N,2.54071
2020-02-03,ATEX.OQ,-2.12333
2020-02-05,XPEL.OQ,0.44
2020-02-11,NG.A,-0.08
2020-02-19,SAH.N,2.81543
2020-02-20,SAH.N,2.81114
2020-02-20,ATEX.OQ,-2.035
2020-02-25,XPRO.N,-0.066
2020-02-27,XPRO.N,-0.09936
2020-02-28,XPRO.N,-0.10602
2020-03-02,XPRO.N,-0.126
2020-03-03,SAH.N,2.83133
2020-03-04,XPEL.OQ,0.43
2020-03-06,XPRO.N,-0.14928
2020-03-10,SAH.N,2.92133
2020-03-11,SAH.N,2.89967
2020-03-11,XPRO.N,-0.22428
2020-03-12,SAH.N,2.89257
2020-03-13,ATEX.OQ,-2.035
2020-03-16,XPRO.N,-0.37428
2020-03-17,XPEL.OQ,0.425
2020-03-17,XPRO.N,-0.54978
2020-03-18,SAH.N,2.63543
2020-03-19,XPRO.N,-0.64728
2020-03-20,SAH.N,2.30114
2020-03-23,SAH.N,2.25114
2020-03-25,XPRO.N,-0.87228
2020-03-27,XPRO.N,-0.99978
2020-04-02,SAH.N,1.944
2020-04-07,SAH.N,1.81971
2020-04-09,SAH.N,1.63614
2020-04-10,XPRO.N,-0.79974
2020-04-13,SAH.N,1.699
2020-04-15,XPRO.N,-0.84258
2020-04-17,SAH.N,1.57757
2020-04-20,SAH.N,1.28186
2020-04-21,ATEX.OQ,-2.086
2020-04-23,XPRO.N,-0.97116
2020-04-29,SAH.N,1.23614
2020-04-30,SAH.N,1.10143
2020-05-01,SAH.N,1.19
2020-05-04,SAH.N,1.31857
2020-05-04,XPRO.N,-1.18302
2020-05-12,XPRO.N,-1.39302
2020-05-13,XPRO.N,-1.63302
2020-05-14,XPRO.N,-1.63098
2020-05-15,XPEL.OQ,0.375
2020-05-15,XPRO.N,-1.56942
2020-05-18,SAH.N,1.35714
2020-05-18,XPRO.N,-1.68102
2020-05-22,ATEX.OQ,-2.098
2020-05-22,ATEX.OQ,-2.192
2020-05-26,SAH.N,1.38571
2020-06-01,XPRO.N,-1.761
2020-06-09,SAH.N,1.40714
2020-06-16,SAH.N,1.65286
2020-06-17,SAH.N,1.70286
2020-06-22,SAH.N,2.014
2020-06-29,ATEX.OQ,-2.19
2020-06-30,NG.A,-0.09
2020-07-01,XPRO.N,-1.78374
2020-07-01,ATEX.OQ,-2.262
2020-07-07,SAH.N,2.01333
2020-07-08,SAH.N,2.04667
2020-07-10,SAH.N,2.28
2020-07-17,SAH.N,2.43667
2020-07-22,SAH.N,2.41
2020-07-30,SAH.N,2.57057
2020-07-31,SAH.N,2.94771
2020-08-03,SAH.N,3.112
2020-08-04,SAH.N,3.17057
2020-08-04,XPRO.N,-1.79142
2020-08-05,XPRO.N,-1.83426
2020-08-06,SAH.N,3.324
2020-08-06,XPRO.N,-1.86
2020-08-07,ATEX.OQ,-2.312
2020-08-10,XPRO.N,-1.77426
2020-08-11,XPRO.N,-1.87002
2020-08-12,XPEL.OQ,0.46
2020-08-12,ATEX.OQ,-2.478
2020-08-13,XPEL.OQ,0.54
2020-08-14,SAH.N,3.29914
2020-08-27,SAH.N,3.32057
2020-09-09,XPRO.N,-1.86
2020-09-15,SAH.N,3.32486
2020-09-17,SAH.N,3.34629
2020-09-17,ATEX.OQ,-2.654
2020-09-22,SAH.N,3.428
2020-10-02,NG.A,-0.11
2020-10-07,SAH.N,3.38167
2020-10-09,SAH.N,3.30167
2020-10-14,SAH.N,3.35
2020-10-14,XPRO.N,-2.0508
2020-10-15,SAH.N,3.4
2020-10-19,SAH.N,3.4
2020-10-27,ATEX.OQ,-2.525
2020-10-29,SAH.N,3.44938
2020-10-30,SAH.N,3.60357
2020-11-03,XPRO.N,-2.1384
2020-11-04,SAH.N,3.64357
2020-11-05,XPRO.N,-2.2104
2020-11-06,XPRO.N,-2.058
2020-11-11,XPEL.OQ,0.59
2020-11-12,XPEL.OQ,0.635
2020-11-17,SAH.N,3.68643
2020-11-18,ATEX.OQ,-3.0325
2020-11-19,ATEX.OQ,-3.27667
2020-11-26,ATEX.OQ,-3.27667
2020-12-07,SAH.N,3.74214
2020-12-22,ATEX.OQ,-3.15333
2020-12-25,ATEX.OQ,-2.94
2020-12-29,XPRO.N,-2.058
2021-01-07,XPRO.N,-2.2104
2021-01-15,SAH.N,3.74929
2021-01-24,ATEX.OQ,-3.116
2021-01-27,ATEX.OQ,-3.32
2021-01-29,NG.A,-0.09
2021-02-08,ATEX.OQ,-3.155
2021-02-09,ATEX.OQ,-3.1075
2021-02-17,SAH.N,4.38975
2021-02-17,ATEX.OQ,-3.11
2021-02-17,ATEX.OQ,-2.29
2021-02-19,SAH.N,4.40475
2021-02-22,SAH.N,4.48967
2021-02-23,XPRO.N,-1.2552
2021-02-24,XPRO.N,-1.1952
2021-02-25,SAH.N,4.49114
2021-02-26,XPRO.N,-0.872
2021-03-05,XPRO.N,-0.939
2021-03-10,SAH.N,4.45225
2021-03-11,XPEL.OQ,0.795
2021-03-12,XPEL.OQ,0.87
2021-03-12,XPRO.N,-0.9312
2021-03-18,SAH.N,4.48975
2021-04-06,NG.A,-0.1
2021-04-15,SAH.N,4.5085
2021-04-29,SAH.N,4.66013
2021-04-30,SAH.N,4.83513
2021-05-04,SAH.N,5.1302
2021-05-04,XPRO.N,-0.9912
2021-05-06,SAH.N,5.13683
2021-05-06,XPRO.N,-0.9552
2021-05-10,XPEL.OQ,1.005
2021-05-11,XPEL.OQ,1.08
2021-05-11,XPRO.N,-0.9312
2021-05-21,SAH.N,5.053
2021-05-26,XPEL.OQ,1.11
2021-05-26,SAH.N,5.07263
2021-05-27,XPEL.OQ,1.1535
2021-06-17,ATEX.OQ,-2.405
2021-07-07,NG.A,-0.12
2021-07-14,SAH.N,5.18513
2021-07-16,SAH.N,5.26013
2021-07-26,SAH.N,5.50513
2021-07-29,SAH.N,6.115
2021-07-30,SAH.N,6.73375
2021-08-02,SAH.N,7.09
2021-08-04,SAH.N,7.02625
2021-08-05,SAH.N,7.29429
2021-08-09,XPEL.OQ,1.1985
2021-08-10,XPEL.OQ,1.26
2021-08-12,XPRO.N,-1.076
2021-08-12,ATEX.OQ,-2.5225
2021-08-18,ATEX.OQ,-2.49333
2021-08-24,XPRO.N,-1.048
2021-09-13,XPRO.N,-1.058
2021-09-16,SAH.N,7.36375
2021-09-22,SAH.N,7.37625
2021-09-30,NG.A,-0.13
2021-10-01,NG.A,-0.115
2021-10-07,SAH.N,7.38875
2021-10-10,SAH.N,7.74
2021-10-11,XPRO.N,-1.058
2021-10-12,NG.A,-0.12
2021-10-13,SAH.N,7.615
2021-10-13,XPRO.N,-1.0656
2021-10-18,SAH.N,7.5375
2021-10-19,ATEX.OQ,-2.6525
2021-10-25,ATEX.OQ,-2.645
2021-10-29,SAH.N,7.6375
2021-11-01,SAH.N,7.55625
2021-11-04,SAH.N,7.662
2021-11-04,ATEX.OQ,-2.6075
2021-11-05,XPRO.N,-0.853
2021-11-08,XPRO.N,-0.75883
2021-11-09,XPEL.OQ,1.24
2021-11-10,XPEL.OQ,1.223
2021-11-14,SAH.N,7.635
2021-11-17,SAH.N,7.62
2021-11-23,XPRO.N,-0.9216
2021-12-06,XPRO.N,-0.7996
2021-12-10,XPRO.N,-0.6576
2021-12-10,ATEX.OQ,-2.96333
2021-12-17,XPRO.N,-0.627
2021-12-20,SAH.N,7.63429
2022-01-18,SAH.N,7.63857
2022-01-25,SAH.N,7.64471
2022-01-31,SAH.N,7.67757
2022-01-31,XPRO.N,-0.627
2022-01-31,NG.A,-0.125
2022-02-04,ATEX.OQ,-2.61667
2022-02-06,SAH.N,7.66538
2022-02-07,NG.A,-0.09
2022-02-07,ATEX.OQ,-3.155
2022-02-16,SAH.N,9.30625
2022-02-17,SAH.N,9.5025
2022-02-23,SAH.N,9.914
2022-02-28,XPEL.OQ,1.5965
2022-03-01,XPEL.OQ,1.529
2022-03-02,SAH.N,9.92833
2022-03-02,XPRO.N,0.29833
2022-03-04,XPRO.N,0.24783
2022-03-07,SAH.N,9.92571
2022-03-07,XPRO.N,0.1895
2022-03-08,XPRO.N,0.34483
2022-03-09,XPRO.N,0.26225
2022-03-15,SAH.N,10.05429
2022-03-16,SAH.N,10.08875
2022-04-06,SAH.N,10.1575
2022-04-06,NG.A,-0.08333
2022-04-07,SAH.N,10.145
2022-04-11,NG.A,-0.09333
2022-04-12,NG.A,-0.09667
2022-04-18,SAH.N,10.18875
2022-04-27,ATEX.OQ,-3.18
2022-04-29,SAH.N,10.21188
2022-05-02,SAH.N,10.37563
2022-05-05,XPRO.N,0.2738
2022-05-06,XPRO.N,0.2998
2022-05-09,XPRO.N,0.3718
2022-05-10,XPEL.OQ,1.544
2022-05-10,XPRO.N,0.339
2022-05-11,XPEL.OQ,1.539
2022-05-12,XPRO.N,0.37375
2022-05-13,SAH.N,10.33813
2022-05-16,XPRO.N,0.331
2022-05-19,XPRO.N,0.32875
2022-05-20,SAH.N,10.24188
2022-05-20,ATEX.OQ,-2.15
2022-05-22,ATEX.OQ,-2.65667
2022-05-23,XPRO.N,0.58375
2022-05-27,ATEX.OQ,-2.65667
2022-07-11,ATEX.OQ,-2.485
2022-07-12,NG.A,-0.1
2022-07-13,ATEX.OQ,-2.4475
2022-07-14,SAH.N,10.22438
2022-07-15,SAH.N,10.08688
2022-07-15,XPRO.N,0.55875
2022-07-15,NG.A,-0.125
2022-07-19,SAH.N,10.07438
2022-07-19,NG.A,-0.13
2022-07-20,XPRO.N,0.55875
2022-07-28,SAH.N,10.01613
2022-07-29,SAH.N,9.95613
2022-08-01,SAH.N,9.79988
2022-08-01,NG.A,-0.12
2022-08-04,SAH.N,9.71271
2022-08-04,XPRO.N,0.38375
2022-08-05,XPRO.N,0.2875
2022-08-08,ATEX.OQ,-2.5525
2022-08-09,XPEL.OQ,1.574
2022-08-09,ATEX.OQ,-2.61
2022-08-10,XPEL.OQ,1.606
2022-08-11,XPRO.N,0.2875
2022-08-15,ATEX.OQ,-2.82333
2022-08-16,SAH.N,9.66271
2022-08-18,SAH.N,9.71271
2022-08-26,XPRO.N,0.33
2022-08-31,SAH.N,9.697
2022-09-27,XPEL.OQ,1.63067
2022-10-06,SAH.N,9.67557
2022-10-06,XPRO.N,0.33
2022-10-11,SAH.N,9.67271
2022-10-11,NG.A,-0.12333
2022-10-18,NG.A,-0.1325
2022-10-25,NG.A,-0.15
2022-10-28,SAH.N,9.51743
2022-10-31,SAH.N,9.32029
2022-11-01,ATEX.OQ,-2.75
2022-11-04,XPRO.N,0.33
2022-11-04,ATEX.OQ,-2.66
2022-11-06,SAH.N,9.349
2022-11-07,XPRO.N,0.30333
2022-11-10,XPEL.OQ,1.634
2022-11-10,XPRO.N,0.29
2022-11-14,SAH.N,9.2665
2022-12-19,SAH.N,9.252
2023-01-09,SAH.N,9.2595
2023-01-17,SAH.N,9.2645
2023-01-18,NG.A,-0.12333
2023-02-02,NG.A,-0.125
2023-02-06,ATEX.OQ,-2.66
2023-02-07,NG.A,-0.12333
2023-02-14,ATEX.OQ,-2.50333
2023-02-15,SAH.N,7.64988
2023-02-15,ATEX.OQ,-2.41667
2023-02-16,SAH.N,7.64488
2023-02-21,SAH.N,7.49488
2023-02-22,SAH.N,7.3158
2023-02-23,SAH.N,7.59475
2023-02-23,XPRO.N,0.82
2023-02-27,SAH.N,7.5038
2023-02-28,XPEL.OQ,2.144
2023-02-28,SAH.N,7.31983
2023-02-28,XPRO.N,0.86
2023-03-01,XPEL.OQ,2.084
2023-03-01,XPRO.N,0.90667
2023-03-02,XPRO.N,0.922
2023-03-06,SAH.N,7.32129
2023-04-02,NG.A,-0.135
2023-04-03,XPRO.N,0.9796
2023-04-10,NG.A,-0.10667
2023-04-12,NG.A,-0.085
2023-04-13,SAH.N,7.32843
2023-04-17,SAH.N,7.41988
2023-04-20,XPRO.N,1.06133
2023-04-27,SAH.N,7.32738
2023-04-28,SAH.N,7.23075
2023-05-01,SAH.N,6.78575
2023-05-02,SAH.N,6.7395
2023-05-02,NG.A,-0.085
2023-05-04,SAH.N,6.55086
2023-05-04,XPRO.N,1.05133
2023-05-05,SAH.N,6.542
2023-05-05,XPRO.N,0.9876
2023-05-09,XPEL.OQ,2.144
2023-05-10,XPEL.OQ,2.14533
2023-05-11,XPRO.N,1.053
2023-06-12,XPRO.N,0.94975
2023-06-14,XPRO.N,0.9338
2023-06-14,ATEX.OQ,-2.22333
2023-06-15,ATEX.OQ,-2.29333
2023-06-21,ATEX.OQ,-1.965
2023-06-23,SAH.N,6.592
2023-07-19,SAH.N,6.6145
2023-07-27,SAH.N,6.66075
2023-07-28,SAH.N,6.68163
2023-07-28,XPRO.N,0.9018
2023-07-31,SAH.N,6.74163
2023-08-01,SAH.N,6.72413
2023-08-02,XPRO.N,0.9026
2023-08-02,ATEX.OQ,-2.08667
2023-08-03,SAH.N,6.74383
2023-08-03,XPRO.N,1.001
2023-08-03,ATEX.OQ,-2.08333
2023-08-08,SAH.N,6.72614
2023-08-08,XPRO.N,0.90075
2023-08-09,XPEL.OQ,2.122
2023-08-10,XPEL.OQ,2.11567
2023-08-21,XPRO.N,0.8906
2023-08-28,NG.A,-0.085
2023-09-11,NG.A,-0.105
2023-09-13,XPRO.N,0.87217
2023-09-29,XPRO.N,0.85717
2023-10-05,XPRO.N,0.83717
2023-10-15,SAH.N,6.72413
2023-10-26,SAH.N,6.67788
2023-10-27,SAH.N,6.70913
2023-10-27,XPRO.N,0.58717
2023-10-30,SAH.N,6.71138
2023-10-31,SAH.N,6.85763
2023-11-01,XPRO.N,0.5
2023-11-02,SAH.N,6.92586
2023-11-02,XPRO.N,0.39
2023-11-08,XPEL.OQ,1.9985
2023-11-09,XPEL.OQ,2.331
2023-11-09,XPEL.OQ,1.955
2023-11-10,XPRO.N,0.14667
2023-11-11,SAH.N,6.94138
2023-11-13,XPRO.N,0.1525
2023-11-14,ATEX.OQ,-1.53667
2023-11-17,ATEX.OQ,-1.29
2023-11-28,SAH.N,6.98513
2023-11-29,SAH.N,6.97888
2023-12-12,SAH.N,6.98263
2024-01-11,NG.A,-0.08
2024-01-12,SAH.N,6.97763
2024-01-12,XPRO.N,0.17
2024-01-18,XPRO.N,1.197
2024-01-24,SAH.N,6.98138
2024-02-14,SAH.N,6.72089
2024-02-16,ATEX.OQ,-1.235
2024-02-20,SAH.N,6.51756
2024-02-20,ATEX.OQ,-0.955
2024-02-21,SAH.N,6.1816
2024-02-21,ATEX.OQ,-0.44
2024-02-22,XPRO.N,1.015
2024-02-23,XPEL.OQ,2.2855
2024-02-27,SAH.N,6.207
2024-02-28,SAH.N,6.0596
2024-02-28,XPRO.N,1.086
2024-02-29,SAH.N,6.13133
2024-03-01,XPEL.OQ,2.1305
2024-03-01,ATEX.OQ,-0.305
2024-03-01,ATEX.OQ,-2.18667
2024-03-05,XPRO.N,1.0136
2024-03-06,SAH.N,5.86633
2024-03-08,SAH.N,5.89971
2024-04-08,NG.A,-0.09
2024-04-10,XPRO.N,1.0016
2024-04-19,SAH.N,5.80971
2024-04-26,SAH.N,5.82543
2024-04-26,XPRO.N,0.9476
2024-04-29,SAH.N,5.764
2024-05-02,XPEL.OQ,1.9855
2024-05-02,SAH.N,5.798
2024-05-02,XPRO.N,0.8625
2024-05-03,XPEL.OQ,1.685
2024-05-06,SAH.N,5.79829
2024-05-09,SAH.N,5.87543
2024-05-09,XPRO.N,0.8225
2024-05-14,XPRO.N,0.9362
2024-05-17,XPRO.N,0.97683
2024-05-28,SAH.N,5.87543
2024-06-03,XPRO.N,1.00683
2024-06-18,XPRO.N,1.01017
2024-06-28,ATEX.OQ,-2.10333
2024-07-01,NG.A,-0.11
2024-07-01,ATEX.OQ,-2.27333
2024-07-10,SAH.N,5.86114
2024-07-12,SAH.N,5.81829
2024-07-16,XPRO.N,1.0285
2024-07-18,SAH.N,5.77971
2024-07-22,SAH.N,5.75114
2024-07-24,XPRO.N,1.026
2024-07-24,NG.A,-0.12
2024-07-26,XPRO.N,1.01267
2024-07-30,XPRO.N,0.98
2024-08-01,XPRO.N,1.02
2024-08-05,SAH.N,5.74614
2024-08-05,XPRO.N,0.9975
2024-08-06,SAH.N,5.84614
2024-08-07,ATEX.OQ,-2.60333
2024-08-08,XPEL.OQ,1.72
2024-08-08,ATEX.OQ,-2.74
2024-08-12,SAH.N,5.8546
2024-08-13,SAH.N,5.86217
2024-08-14,SAH.N,5.87757
2024-08-15,SAH.N,5.85757
2024-08-15,XPRO.N,0.95
2024-08-20,SAH.N,5.85757
2024-08-28,XPRO.N,0.965
2024-08-29,XPRO.N,0.965
2024-09-10,SAH.N,5.80043
2024-09-11,SAH.N,5.80413
2024-10-02,XPRO.N,0.96
2024-10-09,SAH.N,5.77788
2024-10-11,SAH.N,5.78538
2024-10-14,SAH.N,5.77663
2024-10-14,NG.A,-0.13
2024-10-15,XPRO.N,0.955
2024-10-16,XPRO.N,1.0
2024-10-20,SAH.N,5.74288
2024-10-24,SAH.N,5.74288
2024-10-25,SAH.N,5.67788
2024-10-25,XPRO.N,0.982
2024-10-28,SAH.N,5.673
2024-10-28,XPRO.N,0.93
2024-10-31,SAH.N,5.6468
2024-10-31,XPRO.N,0.9025
2024-11-05,SAH.N,5.629
2024-11-06,XPEL.OQ,1.87
2024-11-07,XPEL.OQ,1.78333
2024-11-08,XPEL.OQ,1.875
2024-11-14,SAH.N,5.61343
2024-11-14,ATEX.OQ,-2.72667
2024-11-15,XPEL.OQ,1.665
2024-11-15,ATEX.OQ,-2.73333
2024-11-21,SAH.N,5.57425
2024-12-09,XPRO.N,0.93
2024-12-12,XPRO.N,0.912
2025-01-15,XPRO.N,0.908
2025-01-16,SAH.N,5.573
2025-01-17,SAH.N,5.5855
2025-01-22,NG.A,-0.12
2025-01-22,NG.A,-0.135
2025-01-24,SAH.N,5.583
2025-01-27,SAH.N,5.5805
2025-02-12,SAH.N,6.19625
2025-02-13,XPRO.N,0.904
2025-02-13,ATEX.OQ,-1.55333
2025-02-13,XPRO.N,1.1036
2025-02-13,ATEX.OQ,-0.78333
2025-02-19,SAH.N,6.24
2025-02-19,NG.A,-0.125
2025-02-20,SAH.N,6.2
2025-02-25,SAH.N,6.21167
2025-02-26,XPEL.OQ,2.19867
2025-02-26,XPRO.N,1.0936
2025-03-03,XPRO.N,1.1016
2025-03-04,SAH.N,6.30333
2025-03-04,XPRO.N,1.043
2025-03-05,XPEL.OQ,1.74533
2025-03-09,SAH.N,6.23714
2025-03-19,NG.A,-0.16
2025-03-31,SAH.N,6.29333
2025-04-09,XPRO.N,1.028
2025-04-14,NG.A,-0.15
2025-04-15,SAH.N,6.24333
2025-04-16,SAH.N,6.22667
2025-04-21,SAH.N,6.22714
2025-04-23,SAH.N,6.14775
2025-04-25,SAH.N,6.12888
2025-04-25,XPRO.N,1.03067
2025-04-29,SAH.N,6.13638
2025-04-29,NG.A,-0.13
2025-05-01,XPRO.N,1.15733
2025-05-05,SAH.N,6.16138
2025-05-06,XPEL.OQ,1.74867
2025-05-06,XPRO.N,1.18667
2025-05-07,XPEL.OQ,1.75533
2025-05-12,SAH.N,6.20763
2025-05-12,NG.A,-0.12667
2025-05-13,XPEL.OQ,1.818
2025-05-23,SAH.N,6.27163
2025-05-27,XPRO.N,1.1475
2025-05-28,SAH.N,6.27163
2025-06-04,XPRO.N,1.1375
2025-06-04,NG.A,-0.12
2025-06-16,SAH.N,6.25663
2025-06-24,NG.A,-0.13
2025-06-25,XPRO.N,0.9854
2025-06-25,ATEX.OQ,-0.78667
2025-06-26,ATEX.OQ,-0.82333
2025-06-29,SAH.N,6.26144
2025-06-30,XPRO.N,0.9834
2025-06-30,NG.A,-0.16
2025-07-01,ATEX.OQ,-0.355
2025-07-02,XPRO.N,0.9614
2025-07-04,XPRO.N,0.84925
2025-07-07,NG.A,-0.21
2025-07-14,XPRO.N,0.7874
2025-07-15,SAH.N,6.24038
2025-07-15,NG.A,-0.218
2025-07-16,SAH.N,6.25538
2025-07-24,SAH.N,6.23186
2025-07-24,XPRO.N,0.73925
2025-07-25,SAH.N,6.469
2025-07-28,SAH.N,6.57133
2025-07-31,XPRO.N,0.75225
2025-08-05,SAH.N,6.67133
2025-08-06,XPEL.OQ,1.828
2025-08-06,SAH.N,6.77044
2025-08-07,XPEL.OQ,1.85333
2025-08-11,SAH.N,6.86933
2025-08-13,SAH.N,6.98044
2025-08-13,XPRO.N,0.8058
2025-08-13,ATEX.OQ,1.425
2025-08-14,XPRO.N,0.9238
2025-08-18,XPRO.N,1.0344
2025-09-09,NG.A,-0.2155
2025-09-12,SAH.N,6.99267
2025-09-24,SAH.N,6.98778
2025-09-30,NG.A,-0.2055
2025-10-02,XPRO.N,1.0404
2025-10-06,XPRO.N,1.0384
2025-10-13,NG.A,-0.2105
2025-10-14,SAH.N,6.98889
2025-10-14,NG.A,-0.2125
2025-10-15,SAH.N,6.99222
2025-10-16,ATEX.OQ,0.79333
2025-10-23,SAH.N,6.96133
2025-10-24,SAH.N,6.86689
2025-10-27,XPRO.N,1.0394
2025-10-28,XPRO.N,1.0594
2025-10-31,SAH.N,6.79
2025-11-04,SAH.N,6.77333
2025-11-04,XPRO.N,1.0414
2025-11-05,XPEL.OQ,1.84667
2025-11-05,SAH.N,6.65833
2025-11-06,XPEL.OQ,1.85067
2025-11-06,SAH.N,6.65
2025-11-07,XPEL.OQ,1.81733
2025-11-10,SAH.N,6.65
2025-11-11,SAH.N,6.67267
2025-11-13,ATEX.OQ,1.92667
2025-11-14,ATEX.OQ,4.33
2025-12-08,NG.A,-0.15025
2025-12-08,NG.A,-0.24475
2026-01-06,SAH.N,6.65067
2026-01-13,XPRO.N,1.044
2026-01-15,SAH.N,6.63844
2026-01-16,SAH.N,6.63289
2026-01-20,SAH.N,6.60956
2026-01-27,NG.A,-0.17275
2026-02-09,NG.A,-0.1882
2026-02-10,NG.A,-0.1886
2026-02-12,ATEX.OQ,4.5
2026-02-18,SAH.N,6.94911
2026-02-18,ATEX.OQ,5.22
2026-02-19,SAH.N,6.948
2026-02-20,SAH.N,6.76444
2026-02-23,XPRO.N,1.0454
2026-02-24,ATEX.OQ,4.58
2026-02-25,XPEL.OQ,2.29667
2026-02-25,SAH.N,6.5995
2026-02-26,SAH.N,6.61671
2026-02-27,XPEL.OQ,2.12333
2026-02-27,SAH.N,6.64713
2026-03-03,XPRO.N,1.0534
2026-03-04,SAH.N,6.663
2026-03-04,XPRO.N,1.0394
2026-03-06,SAH.N,6.6664
2026-03-27,SAH.N,6.6644
2014-11-13,RLJ.N,1.095
2014-11-25,ECPG.OQ,4.47963
2015-01-21,RLJ.N,1.07
2015-02-05,ECPG.OQ,4.47713
2015-02-20,ECPG.OQ,4.47713
2015-02-25,ECPG.OQ,5.11825
2015-02-25,RLJ.N,1.5175
2015-02-26,RLJ.N,1.4425
2015-02-27,ECPG.OQ,5.14675
2015-03-02,RLJ.N,1.3575
2015-03-05,ECPG.OQ,5.16067
2015-03-06,RLJ.N,1.275
2015-03-11,ECPG.OQ,5.15629
2015-03-24,RLJ.N,1.262
2015-04-24,ECPG.OQ,5.15357
2015-04-27,ECPG.OQ,5.15357
2015-05-05,ECPG.OQ,5.12214
2015-05-06,RLJ.N,1.2948
2015-05-07,ECPG.OQ,5.13071
2015-05-07,RLJ.N,1.3128
2015-05-08,ECPG.OQ,5.12286
2015-05-08,RLJ.N,1.3385
2015-05-13,RLJ.N,1.38133
2015-05-26,RLJ.N,1.36533
2015-06-05,ECPG.OQ,5.15575
2015-07-08,ECPG.OQ,5.16178
2015-07-13,RLJ.N,1.3865
2015-08-04,ECPG.OQ,5.14067
2015-08-06,RLJ.N,1.3865
2015-08-10,ECPG.OQ,5.12844
2015-08-10,RLJ.N,1.379
2015-08-11,ECPG.OQ,5.15622
2015-08-12,RLJ.N,1.3812
2015-08-23,ECPG.OQ,5.16067
2015-08-27,RLJ.N,1.3965
2015-09-02,RLJ.N,1.38825
2015-09-10,ECPG.OQ,5.16075
2015-10-12,RLJ.N,1.3855
2015-11-04,RLJ.N,1.37975
2015-11-06,ECPG.OQ,5.19444
2015-11-06,RLJ.N,1.38975
2015-11-09,RLJ.N,1.36975
2015-11-11,ECPG.OQ,5.19278
2015-11-11,RLJ.N,1.36725
2015-11-12,ECPG.OQ,5.20357
2015-11-23,ECPG.OQ,5.22563
2015-12-08,RLJ.N,1.36725
2016-01-07,RLJ.N,1.3638
2016-01-08,RLJ.N,1.36725
2016-01-11,ECPG.OQ,5.13813
2016-01-13,RLJ.N,1.36475
2016-02-11,ECPG.OQ,5.13063
2016-02-12,RLJ.N,1.36225
2016-02-24,ECPG.OQ,5.72125
2016-02-24,RLJ.N,1.3795
2016-02-25,ECPG.OQ,5.57788
2016-02-25,RLJ.N,1.3645
2016-02-26,ECPG.OQ,5.54663
2016-02-29,RLJ.N,1.3595
2016-03-02,ECPG.OQ,5.41883
2016-03-07,ECPG.OQ,5.51163
2016-03-09,RLJ.N,1.322
2016-03-15,ECPG.OQ,5.46163
2016-03-16,RLJ.N,1.3245
2016-03-22,ECPG.OQ,5.43811
2016-03-22,RLJ.N,1.32025
2016-04-15,ECPG.OQ,5.407
2016-04-18,ECPG.OQ,5.40367
2016-04-21,ECPG.OQ,5.39511
2016-05-05,RLJ.N,1.34775
2016-05-06,ECPG.OQ,5.36178
2016-05-10,ECPG.OQ,5.334
2016-05-11,ECPG.OQ,5.27211
2016-05-13,RLJ.N,1.3162
2016-05-17,ECPG.OQ,5.22129
2016-05-23,ECPG.OQ,5.22129
2016-06-07,ECPG.OQ,5.207
2016-07-15,RLJ.N,1.3122
2016-07-28,RLJ.N,1.31025
2016-08-04,ECPG.OQ,5.17129
2016-08-04,RLJ.N,1.29525
2016-08-05,ECPG.OQ,5.0218
2016-08-05,RLJ.N,1.27525
2016-08-10,RLJ.N,1.27
2016-08-23,ECPG.OQ,5.01983
2016-09-19,ECPG.OQ,5.0165
2016-09-22,RLJ.N,1.27
2016-11-04,RLJ.N,1.195
2016-11-09,ECPG.OQ,4.69317
2016-11-10,ECPG.OQ,3.94617
2016-11-11,ECPG.OQ,3.66117
2016-11-16,ECPG.OQ,3.3914
2016-11-20,ECPG.OQ,3.41283
2016-12-11,RLJ.N,1.195
2016-12-14,RLJ.N,1.2
2016-12-19,RLJ.N,1.08
2016-12-19,RLJ.N,1.2075
2017-02-20,ECPG.OQ,3.40733
2017-02-23,ECPG.OQ,4.17975
2017-02-24,ECPG.OQ,3.89963
2017-02-27,ECPG.OQ,3.83088
2017-02-27,RLJ.N,1.0775
2017-03-01,RLJ.N,1.05333
2017-03-02,ECPG.OQ,3.73957
2017-03-06,RLJ.N,1.04
2017-03-14,ECPG.OQ,3.81088
2017-04-05,ECPG.OQ,3.82
2017-04-12,RLJ.N,1.078
2017-04-24,RLJ.N,1.0975
2017-05-09,RLJ.N,1.09
2017-05-11,ECPG.OQ,3.73833
2017-05-11,RLJ.N,1.095
2017-05-15,RLJ.N,1.11
2017-05-24,ECPG.OQ,3.73714
2017-06-14,RLJ.N,1.09
2017-07-05,ECPG.OQ,3.74333
2017-07-17,RLJ.N,1.075
2017-07-19,ECPG.OQ,3.72833
2017-08-03,ECPG.OQ,3.714
2017-08-04,ECPG.OQ,3.706
2017-08-04,RLJ.N,1.0575
2017-08-07,ECPG.OQ,3.69
2017-08-07,RLJ.N,0.97667
2017-09-08,RLJ.N,0.97667
2017-09-19,RLJ.N,1.19
2017-10-06,RLJ.N,1.19
2017-10-11,ECPG.OQ,3.69
2017-10-13,RLJ.N,1.025
2017-10-19,RLJ.N,0.99
2017-10-29,ECPG.OQ,3.68667
2017-11-02,ECPG.OQ,3.72286
2017-11-03,ECPG.OQ,3.83129
2017-11-07,ECPG.OQ,3.87271
2017-11-09,ECPG.OQ,3.9065
2017-11-09,RLJ.N,0.88667
2017-11-10,RLJ.N,0.8125
2017-11-13,RLJ.N,0.75
2017-11-15,RLJ.N,0.60333
2017-11-30,ECPG.OQ,3.89557
2017-12-01,RLJ.N,0.6025
2017-12-15,RLJ.N,0.612
2017-12-21,ECPG.OQ,3.9065
2018-01-08,ECPG.OQ,3.9065
2018-02-08,RLJ.N,0.616
2018-02-11,RLJ.N,0.914
2018-02-21,ECPG.OQ,4.46429
2018-02-22,ECPG.OQ,4.67571
2018-02-28,RLJ.N,0.868
2018-03-01,RLJ.N,0.908
2018-03-02,RLJ.N,0.92
2018-03-04,ECPG.OQ,4.68
2018-03-06,RLJ.N,0.916
2018-03-13,RLJ.N,0.916
2018-04-10,RLJ.N,0.922
2018-04-20,RLJ.N,0.92
2018-05-08,ECPG.OQ,4.71286
2018-05-09,ECPG.OQ,4.77571
2018-05-10,ECPG.OQ,4.8
2018-05-10,RLJ.N,0.8875
2018-05-11,RLJ.N,0.895
2018-05-15,RLJ.N,0.89
2018-05-16,RLJ.N,0.915
2018-05-17,ECPG.OQ,4.844
2018-06-15,RLJ.N,0.91333
2018-07-29,ECPG.OQ,4.864
2018-08-09,ECPG.OQ,4.84429
2018-08-09,RLJ.N,0.8975
2018-08-10,ECPG.OQ,4.83429
2018-08-10,RLJ.N,0.875
2018-08-13,RLJ.N,0.8575
2018-08-14,RLJ.N,0.81667
2018-09-10,RLJ.N,0.81
2018-09-14,RLJ.N,0.82
2018-10-02,ECPG.OQ,4.82714
2018-10-04,RLJ.N,0.81
2018-10-19,RLJ.N,0.785
2018-11-07,ECPG.OQ,4.81
2018-11-08,ECPG.OQ,4.79143
2018-11-09,ECPG.OQ,4.78429
2018-11-12,ECPG.OQ,4.74429
2018-11-12,RLJ.N,0.83
2018-11-13,RLJ.N,0.82333
2018-11-16,RLJ.N,0.89
2018-12-25,RLJ.N,0.94
2019-01-03,ECPG.OQ,4.7425
2019-01-10,ECPG.OQ,4.74
2019-01-14,ECPG.OQ,4.72625
2019-01-16,RLJ.N,0.92667
2019-01-23,RLJ.N,0.886
2019-02-27,ECPG.OQ,5.2725
2019-02-28,ECPG.OQ,5.27375
2019-03-01,RLJ.N,0.87
2019-03-03,ECPG.OQ,5.29875
2019-03-04,RLJ.N,0.852
2019-03-05,RLJ.N,0.846
2019-03-06,RLJ.N,0.83
2019-03-17,RLJ.N,0.8
2019-03-21,RLJ.N,0.814
2019-05-08,ECPG.OQ,5.355
2019-05-09,ECPG.OQ,5.445
2019-05-10,ECPG.OQ,5.47
2019-05-13,RLJ.N,0.822
2019-05-15,RLJ.N,0.828
2019-06-04,ECPG.OQ,5.515
2019-07-16,RLJ.N,0.808
2019-07-17,RLJ.N,0.788
2019-07-24,RLJ.N,0.76333
2019-08-07,ECPG.OQ,5.585
2019-08-08,ECPG.OQ,5.6775
2019-08-08,RLJ.N,0.738
2019-08-13,RLJ.N,0.646
2019-08-14,RLJ.N,0.465
2019-10-21,RLJ.N,0.45
2019-11-06,ECPG.OQ,5.80429
2019-11-07,ECPG.OQ,5.9
2019-11-10,ECPG.OQ,5.94
2019-11-11,RLJ.N,0.475
2019-11-15,RLJ.N,0.475
2019-11-29,RLJ.N,0.51
2019-12-09,ECPG.OQ,5.94
2019-12-11,AHCO.OQ,0.1
2019-12-20,RLJ.N,0.495
2019-12-24,RLJ.N,0.495
2020-01-07,AHCO.OQ,0.10333
2020-01-30,AHCO.OQ,0.09
2020-02-06,RLJ.N,0.495
2020-02-24,RLJ.N,0.495
2020-02-24,RLJ.N,0.45333
2020-02-25,AHCO.OQ,0.53667
2020-02-26,ECPG.OQ,6.465
2020-02-27,ECPG.OQ,6.79143
2020-02-27,AHCO.OQ,0.59667
2020-02-27,RLJ.N,0.47333
2020-03-03,ECPG.OQ,6.82714
2020-03-03,AHCO.OQ,0.61667
2020-03-19,RLJ.N,0.425
2020-04-12,ECPG.OQ,6.31571
2020-04-20,ECPG.OQ,5.49143
2020-04-20,RLJ.N,0.0025
2020-04-21,RLJ.N,-0.545
2020-04-22,RLJ.N,-0.82
2020-04-29,RLJ.N,-1.57333
2020-05-05,AHCO.OQ,0.38
2020-05-11,ECPG.OQ,5.53429
2020-05-12,ECPG.OQ,6.10667
2020-05-14,ECPG.OQ,6.7
2020-05-18,RLJ.N,-1.69333
2020-05-21,ECPG.OQ,6.805
2020-06-01,RLJ.N,-1.67
2020-06-09,AHCO.OQ,1.23
2020-07-01,AHCO.OQ,0.88
2020-07-06,AHCO.OQ,1.23
2020-07-22,RLJ.N,-1.74
2020-07-24,RLJ.N,-1.86333
2020-08-04,AHCO.OQ,0.35
2020-08-05,ECPG.OQ,7.57
2020-08-06,ECPG.OQ,8.16167
2020-08-06,AHCO.OQ,0.35
2020-08-10,AHCO.OQ,0.315
2020-08-10,RLJ.N,-2.04333
2020-08-12,ECPG.OQ,8.532
2020-08-13,RLJ.N,-2.13
2020-08-21,RLJ.N,-2.15
2020-08-28,ECPG.OQ,8.39333
2020-09-18,ECPG.OQ,8.532
2020-10-05,RLJ.N,-2.17
2020-10-19,RLJ.N,-2.1975
2020-10-28,RLJ.N,-2.2325
2020-11-02,ECPG.OQ,8.528
2020-11-03,ECPG.OQ,8.64333
2020-11-04,AHCO.OQ,0.235
2020-11-06,RLJ.N,-2.3275
2020-11-08,RLJ.N,-2.4
2020-11-16,AHCO.OQ,0.20333
2020-11-16,RLJ.N,-2.498
2020-11-17,RLJ.N,-2.594
2020-12-23,RLJ.N,-2.6
2021-01-04,ECPG.OQ,8.608
2021-01-06,AHCO.OQ,0.235
2021-01-14,AHCO.OQ,0.235
2021-01-14,RLJ.N,-2.602
2021-02-12,RLJ.N,-1.63
2021-02-24,ECPG.OQ,8.8825
2021-02-25,ECPG.OQ,8.16
2021-02-27,ECPG.OQ,8.05
2021-03-01,RLJ.N,-1.53
2021-03-02,RLJ.N,-1.526
2021-03-04,ECPG.OQ,8.034
2021-03-04,AHCO.OQ,1.27333
2021-03-05,AHCO.OQ,1.30167
2021-03-07,AHCO.OQ,1.325
2021-03-18,AHCO.OQ,1.32714
2021-04-09,AHCO.OQ,1.33
2021-04-14,RLJ.N,-1.512
2021-04-20,RLJ.N,-1.5
2021-04-28,RLJ.N,-1.4
2021-05-05,ECPG.OQ,8.15333
2021-05-06,ECPG.OQ,9.114
2021-05-06,AHCO.OQ,0.97143
2021-05-07,ECPG.OQ,9.096
2021-05-07,AHCO.OQ,0.86
2021-05-07,RLJ.N,-1.418
2021-05-10,RLJ.N,-1.32
2021-05-11,AHCO.OQ,0.764
2021-05-13,AHCO.OQ,0.72
2021-05-26,ECPG.OQ,9.056
2021-06-06,ECPG.OQ,9.08167
2021-06-07,RLJ.N,-1.32
2021-06-14,AHCO.OQ,0.7375
2021-06-30,RLJ.N,-1.245
2021-07-14,AHCO.OQ,0.732
2021-07-26,AHCO.OQ,0.732
2021-07-27,AHCO.OQ,0.726
2021-08-04,ECPG.OQ,9.24833
2021-08-05,ECPG.OQ,9.965
2021-08-05,AHCO.OQ,1.0175
2021-08-06,AHCO.OQ,1.0025
2021-08-09,ECPG.OQ,10.268
2021-08-09,RLJ.N,-1.255
2021-08-10,AHCO.OQ,1.0
2021-08-12,RLJ.N,-1.1925
2021-09-03,RLJ.N,-1.125
2021-09-27,AHCO.OQ,1.0
2021-10-10,AHCO.OQ,1.0
2021-10-15,AHCO.OQ,0.97333
2021-11-03,ECPG.OQ,10.562
2021-11-04,ECPG.OQ,10.90333
2021-11-04,AHCO.OQ,1.12333
2021-11-04,ECPG.OQ,8.76
2021-11-09,RLJ.N,-1.5325
2021-11-10,RLJ.N,-1.74333
2021-11-16,RLJ.N,-1.98667
2021-12-07,RLJ.N,-1.975
2021-12-20,RLJ.N,-1.96
2022-02-09,RLJ.N,-1.962
2022-02-18,RLJ.N,-1.964
2022-02-22,RLJ.N,0.13
2022-02-22,RLJ.N,-1.962
2022-02-24,ECPG.OQ,8.27167
2022-02-24,AHCO.OQ,1.26143
2022-02-25,RLJ.N,0.1
2022-02-28,AHCO.OQ,1.17857
2022-03-02,AHCO.OQ,1.13
2022-03-03,RLJ.N,0.056
2022-03-21,RLJ.N,0.105
2022-04-18,AHCO.OQ,1.19
2022-04-21,RLJ.N,0.14
2022-05-02,AHCO.OQ,1.18571
2022-05-04,ECPG.OQ,8.99667
2022-05-05,ECPG.OQ,12.19167
2022-05-05,RLJ.N,0.13333
2022-05-06,RLJ.N,0.14667
2022-05-10,AHCO.OQ,1.228
2022-05-11,AHCO.OQ,1.232
2022-05-13,ECPG.OQ,12.90167
2022-05-17,AHCO.OQ,1.25167
2022-05-17,RLJ.N,0.15
2022-05-18,RLJ.N,0.112
2022-05-27,RLJ.N,0.0925
2022-07-14,AHCO.OQ,1.245
2022-07-22,RLJ.N,0.0925
2022-08-03,ECPG.OQ,12.76833
2022-08-04,ECPG.OQ,12.44667
2022-08-08,RLJ.N,0.11
2022-08-09,AHCO.OQ,1.14714
2022-08-11,AHCO.OQ,1.11333
2022-08-11,RLJ.N,0.16
2022-08-14,AHCO.OQ,1.10333
2022-08-19,RLJ.N,0.19
2022-08-22,RLJ.N,0.195
2022-09-10,AHCO.OQ,1.08667
2022-09-19,AHCO.OQ,1.006
2022-09-20,RLJ.N,0.195
2022-09-29,RLJ.N,0.1725
2022-10-11,AHCO.OQ,1.062
2022-10-17,RLJ.N,0.155
2022-10-20,RLJ.N,0.115
2022-10-25,RLJ.N,0.085
2022-11-02,ECPG.OQ,12.105
2022-11-03,ECPG.OQ,11.66167
2022-11-04,ECPG.OQ,11.55167
2022-11-06,RLJ.N,0.1
2022-11-08,AHCO.OQ,0.8125
2022-11-09,AHCO.OQ,0.808
2022-11-10,RLJ.N,0.1175
2022-11-15,RLJ.N,0.12
2023-01-11,AHCO.OQ,0.782
2023-01-13,RLJ.N,0.105
2023-02-17,RLJ.N,0.095
2023-02-22,ECPG.OQ,6.77967
2023-02-22,RLJ.N,0.3225
2023-02-23,ECPG.OQ,6.33833
2023-02-27,ECPG.OQ,6.16833
2023-02-27,AHCO.OQ,1.12875
2023-02-28,AHCO.OQ,0.83
2023-03-01,RLJ.N,0.2775
2023-03-06,AHCO.OQ,0.665
2023-03-06,RLJ.N,0.31
2023-03-08,AHCO.OQ,0.665
2023-03-13,AHCO.OQ,0.72143
2023-03-13,RLJ.N,0.3
2023-03-30,RLJ.N,0.3
2023-04-13,RLJ.N,0.296
2023-04-21,ECPG.OQ,6.14667
2023-05-03,ECPG.OQ,6.00167
2023-05-04,ECPG.OQ,5.51
2023-05-08,RLJ.N,0.302
2023-05-09,AHCO.OQ,0.75143
2023-05-10,AHCO.OQ,0.765
2023-05-10,RLJ.N,0.292
2023-05-12,RLJ.N,0.30667
2023-05-15,RLJ.N,0.31
2023-06-01,RLJ.N,0.34333
2023-07-05,RLJ.N,0.33667
2023-07-13,RLJ.N,0.32667
2023-07-14,ECPG.OQ,5.48333
2023-07-20,RLJ.N,0.30667
2023-08-02,ECPG.OQ,5.19333
2023-08-03,ECPG.OQ,5.045
2023-08-04,ECPG.OQ,4.71667
2023-08-07,RLJ.N,0.31
2023-08-08,AHCO.OQ,0.69
2023-08-11,AHCO.OQ,0.634
2023-08-14,RLJ.N,0.29
2023-08-16,AHCO.OQ,0.59833
2023-08-24,RLJ.N,0.29667
2023-08-30,RLJ.N,0.28333
2023-08-31,AHCO.OQ,0.63143
2023-09-15,RLJ.N,0.2925
2023-09-22,AHCO.OQ,0.62571
2023-10-16,ECPG.OQ,4.65333
2023-10-18,ECPG.OQ,4.61167
2023-10-18,RLJ.N,0.298
2023-10-19,AHCO.OQ,0.59429
2023-10-30,RLJ.N,0.296
2023-11-01,ECPG.OQ,4.545
2023-11-02,ECPG.OQ,4.045
2023-11-03,ECPG.OQ,3.99333
2023-11-03,RLJ.N,0.314
2023-11-06,ECPG.OQ,3.83167
2023-11-07,AHCO.OQ,-1.265
2023-11-08,AHCO.OQ,-1.644
2023-11-13,RLJ.N,0.31
2023-11-14,AHCO.OQ,-2.16
2023-11-22,AHCO.OQ,-2.346
2023-11-29,RLJ.N,0.32
2023-12-04,RLJ.N,0.31
2023-12-12,RLJ.N,0.315
2023-12-22,RLJ.N,0.314
2023-12-29,ECPG.OQ,3.85
2023-12-29,RLJ.N,0.31
2024-01-29,RLJ.N,0.282
2024-01-29,AHCO.OQ,-2.352
2024-01-29,RLJ.N,0.312
2024-02-21,ECPG.OQ,6.3
2024-02-22,ECPG.OQ,6.0146
2024-02-23,ECPG.OQ,5.9586
2024-02-27,AHCO.OQ,0.76714
2024-02-28,AHCO.OQ,0.79286
2024-02-28,RLJ.N,0.27
2024-03-04,RLJ.N,0.25
2024-03-05,AHCO.OQ,0.84667
2024-03-14,RLJ.N,0.255
2024-03-15,RLJ.N,0.2475
2024-03-17,AHCO.OQ,0.79857
2024-04-04,RLJ.N,0.272
2024-04-09,AHCO.OQ,0.79714
2024-04-09,RLJ.N,0.264
2024-04-11,RLJ.N,0.25
2024-04-17,ECPG.OQ,5.9306
2024-04-23,RLJ.N,0.244
2024-05-03,RLJ.N,0.254
2024-05-07,AHCO.OQ,0.70571
2024-05-08,ECPG.OQ,5.9906
2024-05-08,AHCO.OQ,0.64167
2024-05-09,ECPG.OQ,5.616
2024-05-13,RLJ.N,0.2
2024-05-14,AHCO.OQ,0.6025
2024-05-17,RLJ.N,0.23
2024-05-22,AHCO.OQ,0.658
2024-05-30,RLJ.N,0.2125
2024-07-11,RLJ.N,0.21
2024-07-15,AHCO.OQ,0.656
2024-07-20,RLJ.N,0.2075
2024-08-05,RLJ.N,0.1875
2024-08-06,AHCO.OQ,0.63833
2024-08-08,ECPG.OQ,5.6394
2024-08-09,AHCO.OQ,0.635
2024-08-09,RLJ.N,0.18
2024-08-13,AHCO.OQ,0.586
2024-08-21,RLJ.N,0.14
2024-08-30,AHCO.OQ,0.594
2024-10-10,RLJ.N,0.155
2024-10-14,ECPG.OQ,5.5934
2024-10-27,RLJ.N,0.1575
2024-11-05,AHCO.OQ,0.558
2024-11-06,ECPG.OQ,5.5034
2024-11-06,AHCO.OQ,0.526
2024-11-07,ECPG.OQ,4.972
2024-11-08,RLJ.N,0.2
2024-11-11,RLJ.N,0.202
2024-11-13,RLJ.N,0.214
2024-11-26,RLJ.N,0.218
2024-12-04,RLJ.N,0.242
2025-01-13,ECPG.OQ,5.062
2025-02-13,RLJ.N,0.244
2025-02-13,RLJ.N,0.186
2025-02-25,AHCO.OQ,0.852
2025-02-26,ECPG.OQ,6.9562
2025-02-26,AHCO.OQ,0.87
2025-02-27,ECPG.OQ,5.928
2025-02-27,RLJ.N,0.17
2025-03-03,RLJ.N,0.182
2025-03-04,RLJ.N,0.1
2025-03-10,RLJ.N,0.12667
2025-03-19,RLJ.N,0.12
2025-03-21,RLJ.N,0.135
2025-03-23,RLJ.N,0.144
2025-04-07,RLJ.N,0.146
2025-04-28,RLJ.N,0.13
2025-05-06,AHCO.OQ,0.825
2025-05-06,RLJ.N,0.128
2025-05-07,ECPG.OQ,6.158
2025-05-07,AHCO.OQ,0.788
2025-05-07,RLJ.N,0.136
2025-05-08,ECPG.OQ,6.682
2025-05-08,AHCO.OQ,0.82167
2025-05-12,RLJ.N,-0.015
2025-05-19,AHCO.OQ,0.876
2025-05-23,RLJ.N,0.05333
2025-06-08,RLJ.N,0.0525
2025-07-08,AHCO.OQ,0.846
2025-07-21,AHCO.OQ,0.895
2025-08-01,AHCO.OQ,0.89167
2025-08-05,AHCO.OQ,0.86
2025-08-06,ECPG.OQ,7.062
2025-08-07,ECPG.OQ,7.966
2025-08-11,RLJ.N,0.05
2025-08-12,AHCO.OQ,0.87
2025-08-15,RLJ.N,0.0175
2025-08-26,AHCO.OQ,0.84625
2025-08-28,AHCO.OQ,0.83143
2025-09-01,AHCO.OQ,0.805
2025-09-04,RLJ.N,0.07
2025-09-05,ECPG.OQ,8.212
2025-09-25,RLJ.N,0.05
2025-10-14,AHCO.OQ,0.80333
2025-10-16,RLJ.N,0.045
2025-10-20,RLJ.N,0.0275
2025-10-21,RLJ.N,0.298
2025-11-04,AHCO.OQ,0.78667
2025-11-05,ECPG.OQ,8.562
2025-11-05,AHCO.OQ,0.705
2025-11-06,ECPG.OQ,9.756
2025-11-07,AHCO.OQ,0.68167
2025-11-07,RLJ.N,0.292
2025-11-10,RLJ.N,0.02
2025-11-12,RLJ.N,0.01
2025-12-01,BETA.N,-1.71667
2025-12-03,BETA.N,-1.67
2025-12-04,BETA.N,-1.90117
2025-12-05,BETA.N,-2.17283
2025-12-07,BETA.N,-2.68783
2025-12-17,BETA.N,-2.94617
2025-12-26,RLJ.N,0.0
2026-01-12,RLJ.N,-0.0025
2026-01-12,MDLN.OQ,1.2064
2026-01-13,MDLN.OQ,1.20371
2026-01-14,MDLN.OQ,1.19946
2026-02-02,ECPG.OQ,9.68
2026-02-18,MDLN.OQ,1.20426
2026-02-23,RLJ.N,0.022
2026-02-23,RLJ.N,-0.0075
2026-02-24,AHCO.OQ,0.9925
2026-02-25,MDLN.OQ,1.46862
2026-02-25,ECPG.OQ,10.88
2026-02-25,AHCO.OQ,0.99375
2026-02-26,MDLN.OQ,1.46439
2026-02-26,ECPG.OQ,11.9775
2026-02-26,AHCO.OQ,0.99625
2026-02-27,MDLN.OQ,1.46285
2026-03-02,MDLN.OQ,1.46631
2026-03-02,RLJ.N,0.02
2026-03-03,MDLN.OQ,1.46576
2026-03-03,AHCO.OQ,1.01143
2026-03-04,MDLN.OQ,1.46625
2026-03-05,MDLN.OQ,1.46691
2026-03-09,MDLN.OQ,1.47109
2026-03-09,BETA.N,-2.37086
2026-03-10,BETA.N,-1.99657
2026-03-11,RLJ.N,-0.02667
2026-03-16,BETA.N,-2.28
2026-03-23,MDLN.OQ,1.46979
2026-03-25,MDLN.OQ,1.4704
2026-03-26,RLJ.N,-0.0525
2014-12-08,LNN.N,3.917
2014-12-15,AAMI.N,1.17289
2015-01-04,LNN.N,3.915
2015-01-06,LNN.N,3.826
2015-01-06,AAMI.N,1.17178
2015-01-07,LNN.N,3.723
2015-01-07,AAMI.N,1.17067
2015-01-08,LNN.N,3.682
2015-01-12,LNN.N,3.68556
2015-01-13,AAMI.N,1.16956
2015-01-20,LNN.N,3.66889
2015-01-21,AAMI.N,1.16875
2015-01-27,LNN.N,3.632
2015-02-02,LNN.N,3.617
2015-02-03,AAMI.N,1.16933
2015-02-13,LNN.N,3.622
2015-02-19,LNN.N,3.623
2015-02-27,AAMI.N,1.28033
2015-03-02,AAMI.N,1.29922
2015-03-04,LNN.N,3.583
2015-03-18,AAMI.N,1.297
2015-03-25,LNN.N,3.196
2015-03-26,LNN.N,2.939
2015-03-30,LNN.N,2.839
2015-04-02,LNN.N,2.709
2015-04-07,AAMI.N,1.29478
2015-04-14,AAMI.N,1.297
2015-04-28,AAMI.N,1.30367
2015-05-04,LNN.N,2.679
2015-05-11,AAMI.N,1.30367
2015-05-14,AAMI.N,1.30233
2015-05-15,AAMI.N,1.299
2015-05-18,AAMI.N,1.29456
2015-06-08,AAMI.N,1.29157
2015-06-25,LNN.N,2.767
2015-06-26,LNN.N,2.961
2015-06-28,LNN.N,2.998
2015-06-29,AAMI.N,1.29263
2015-06-30,AAMI.N,1.29567
2015-07-01,AAMI.N,1.29678
2015-07-02,LNN.N,3.03889
2015-07-02,AAMI.N,1.29344
2015-07-06,LNN.N,3.032
2015-07-08,AAMI.N,1.29233
2015-07-14,AAMI.N,1.28789
2015-07-17,AAMI.N,1.28622
2015-08-06,AAMI.N,1.28943
2015-08-07,AAMI.N,1.29229
2015-08-13,LNN.N,3.03889
2015-08-19,LNN.N,3.02222
2015-08-27,AAMI.N,1.28914
2015-09-18,AAMI.N,1.28629
2015-10-01,AAMI.N,1.27771
2015-10-06,AAMI.N,1.27057
2015-10-07,AAMI.N,1.26057
2015-10-12,AAMI.N,1.24343
2015-10-15,LNN.N,3.116
2015-10-16,LNN.N,2.876
2015-10-19,LNN.N,2.861
2015-10-19,AAMI.N,1.23914
2015-11-04,AAMI.N,1.246
2015-11-05,AAMI.N,1.256
2015-11-06,LNN.N,2.86273
2015-11-25,AAMI.N,1.25743
2015-11-26,LNN.N,2.861
2015-11-30,LNN.N,2.834
2015-12-09,AAMI.N,1.256
2015-12-21,LNN.N,2.813
2015-12-22,AAMI.N,1.25314
2015-12-23,LNN.N,2.875
2015-12-24,LNN.N,2.89625
2015-12-28,LNN.N,2.8775
2015-12-29,LNN.N,2.815
2016-01-07,AAMI.N,1.25029
2016-01-11,AAMI.N,1.24743
2016-01-12,AAMI.N,1.24171
2016-02-04,LNN.N,2.79
2016-02-04,AAMI.N,1.20433
2016-02-05,AAMI.N,1.203
2016-02-07,AAMI.N,1.18522
2016-02-11,AAMI.N,1.16338
2016-03-28,LNN.N,2.775
2016-03-31,LNN.N,2.41222
2016-03-31,AAMI.N,1.16038
2016-04-01,LNN.N,2.22667
2016-04-04,LNN.N,2.20444
2016-04-04,AAMI.N,1.16788
2016-04-08,AAMI.N,1.16913
2016-04-11,AAMI.N,1.17413
2016-04-12,AAMI.N,1.17913
2016-04-13,AAMI.N,1.18288
2016-04-18,AAMI.N,1.17589
2016-05-02,AAMI.N,1.17033
2016-05-05,AAMI.N,1.18033
2016-05-06,AAMI.N,1.18367
2016-05-10,AAMI.N,1.18622
2016-05-12,AAMI.N,1.1945
2016-05-16,AAMI.N,1.19371
2016-05-24,LNN.N,2.136
2016-06-01,LNN.N,2.132
2016-06-14,AAMI.N,1.19657
2016-06-15,AAMI.N,1.20371
2016-06-28,AAMI.N,1.20229
2016-06-29,LNN.N,2.132
2016-06-30,LNN.N,1.91125
2016-07-01,LNN.N,1.905
2016-07-05,LNN.N,1.83429
2016-07-06,LNN.N,1.855
2016-07-06,AAMI.N,1.198
2016-07-07,LNN.N,1.7
2016-07-08,LNN.N,1.67167
2016-07-12,AAMI.N,1.19229
2016-07-14,AAMI.N,1.19514
2016-07-20,AAMI.N,1.193
2016-07-25,AAMI.N,1.19513
2016-07-28,LNN.N,1.714
2016-08-04,AAMI.N,1.1875
2016-08-05,AAMI.N,1.19875
2016-08-23,AAMI.N,1.1995
2016-08-24,LNN.N,1.76
2016-10-05,AAMI.N,1.20571
2016-10-10,AAMI.N,1.20714
2016-10-12,AAMI.N,1.21
2016-10-13,LNN.N,2.7225
2016-10-13,AAMI.N,1.21286
2016-10-14,LNN.N,2.75875
2016-10-14,AAMI.N,1.21143
2016-10-17,LNN.N,2.74625
2016-10-17,AAMI.N,1.20714
2016-10-28,AAMI.N,1.20167
2016-11-02,AAMI.N,1.216
2016-11-03,AAMI.N,1.202
2016-11-15,AAMI.N,1.204
2016-11-30,LNN.N,2.7475
2016-12-02,AAMI.N,1.204
2016-12-08,LNN.N,2.74625
2016-12-12,AAMI.N,1.2075
2016-12-13,AAMI.N,1.21
2016-12-14,AAMI.N,1.206
2016-12-21,LNN.N,2.385
2016-12-22,LNN.N,2.16857
2016-12-27,LNN.N,2.10429
2017-01-08,AAMI.N,1.202
2017-01-10,AAMI.N,1.206
2017-01-12,AAMI.N,1.208
2017-01-23,AAMI.N,1.20333
2017-02-02,AAMI.N,1.456
2017-02-03,AAMI.N,1.45886
2017-03-16,AAMI.N,1.45457
2017-03-26,AAMI.N,1.45033
2017-03-28,AAMI.N,1.45457
2017-03-30,LNN.N,2.12875
2017-03-31,LNN.N,2.165
2017-03-31,AAMI.N,1.444
2017-04-03,LNN.N,2.17125
2017-04-06,AAMI.N,1.4485
2017-04-10,AAMI.N,1.44975
2017-04-12,AAMI.N,1.4535
2017-04-17,AAMI.N,1.44975
2017-05-04,AAMI.N,1.45975
2017-05-05,AAMI.N,1.48225
2017-05-08,YEXT.N,-0.455
2017-05-09,AAMI.N,1.48963
2017-05-15,AAMI.N,1.49588
2017-05-16,AAMI.N,1.50088
2017-05-24,AAMI.N,1.50588
2017-05-30,YEXT.N,-0.456
2017-06-01,YEXT.N,-0.464
2017-06-01,AAMI.N,1.50963
2017-06-02,YEXT.N,-0.502
2017-06-05,AAMI.N,1.51588
2017-06-19,YEXT.N,-0.506
2017-06-29,LNN.N,2.23
2017-06-29,AAMI.N,1.52189
2017-06-30,YEXT.N,-0.506
2017-06-30,LNN.N,2.23125
2017-07-07,AAMI.N,1.52378
2017-07-12,AAMI.N,1.53267
2017-07-13,AAMI.N,1.53044
2017-08-03,AAMI.N,1.54389
2017-08-04,AAMI.N,1.54278
2017-08-08,AAMI.N,1.54056
2017-09-07,YEXT.N,-0.506
2017-09-28,AAMI.N,1.542
2017-10-05,AAMI.N,1.54867
2017-10-09,AAMI.N,1.55756
2017-10-12,LNN.N,2.98625
2017-10-13,AAMI.N,1.56089
2017-10-16,LNN.N,2.9675
2017-11-02,AAMI.N,1.57933
2017-11-03,AAMI.N,1.58378
2017-11-06,AAMI.N,1.58711
2017-11-30,YEXT.N,-0.5
2017-12-01,YEXT.N,-0.494
2017-12-10,LNN.N,2.95625
2017-12-18,AAMI.N,1.58789
2017-12-21,LNN.N,3.10875
2017-12-22,LNN.N,3.12375
2017-12-27,LNN.N,3.14875
2018-01-07,AAMI.N,1.58722
2018-01-10,LNN.N,3.22375
2018-01-11,AAMI.N,1.58833
2018-01-19,AAMI.N,1.587
2018-02-01,AAMI.N,1.93544
2018-02-02,AAMI.N,1.94789
2018-02-05,LNN.N,3.255
2018-02-07,AAMI.N,1.95011
2018-03-08,YEXT.N,-0.462
2018-03-09,YEXT.N,-0.452
2018-03-15,LNN.N,3.26286
2018-03-21,LNN.N,3.20714
2018-03-29,LNN.N,3.118
2018-04-02,LNN.N,3.19
2018-04-05,AAMI.N,1.938
2018-04-09,AAMI.N,1.93022
2018-04-10,AAMI.N,1.92167
2018-04-11,AAMI.N,1.90133
2018-04-30,AAMI.N,1.90244
2018-05-01,LNN.N,3.1875
2018-05-03,AAMI.N,1.92989
2018-05-04,AAMI.N,1.93322
2018-05-10,AAMI.N,1.93488
2018-05-14,AAMI.N,1.931
2018-05-24,LNN.N,3.262
2018-05-31,YEXT.N,-0.45
2018-06-01,YEXT.N,-0.438
2018-06-04,AAMI.N,1.93544
2018-06-28,LNN.N,3.28
2018-06-29,LNN.N,3.1925
2018-06-29,AAMI.N,1.93444
2018-07-02,LNN.N,3.24
2018-07-02,AAMI.N,1.93111
2018-07-10,AAMI.N,1.918
2018-07-11,AAMI.N,1.90689
2018-07-12,AAMI.N,1.89567
2018-07-13,AAMI.N,1.893
2018-07-18,LNN.N,3.248
2018-07-18,AAMI.N,1.89189
2018-08-02,AAMI.N,1.88
2018-08-03,AAMI.N,1.87778
2018-08-08,AAMI.N,1.87522
2018-08-09,AAMI.N,1.88078
2018-08-10,AAMI.N,1.88156
2018-08-13,YEXT.N,-0.43833
2018-08-30,YEXT.N,-0.43
2018-08-31,YEXT.N,-0.42667
2018-09-03,LNN.N,3.238
2018-09-06,YEXT.N,-0.426
2018-09-17,YEXT.N,-0.42667
2018-09-18,YEXT.N,-0.42333
2018-09-20,AAMI.N,1.883
2018-09-28,LNN.N,3.27
2018-10-01,LNN.N,3.2525
2018-10-01,AAMI.N,1.88025
2018-10-08,YEXT.N,-0.42143
2018-10-08,AAMI.N,1.88425
2018-10-11,AAMI.N,1.8855
2018-10-12,AAMI.N,1.883
2018-10-18,LNN.N,3.575
2018-10-19,LNN.N,3.43333
2018-10-22,LNN.N,3.41833
2018-10-23,LNN.N,3.36
2018-11-01,AAMI.N,1.873
2018-11-02,AAMI.N,1.87686
2018-11-04,AAMI.N,1.874
2018-11-14,AAMI.N,1.87543
2018-11-16,YEXT.N,-0.42
2018-11-20,AAMI.N,1.87175
2018-11-29,YEXT.N,-0.4175
2018-11-30,YEXT.N,-0.4175
2018-12-06,AAMI.N,1.8705
2018-12-16,LNN.N,3.36333
2018-12-17,AAMI.N,1.87013
2019-01-08,LNN.N,3.188
2019-01-08,AAMI.N,1.85388
2019-01-09,LNN.N,2.948
2019-01-11,AAMI.N,1.84888
2019-01-14,LNN.N,2.918
2019-01-14,AAMI.N,1.8275
2019-01-17,AAMI.N,1.81875
2019-01-24,YEXT.N,-0.41778
2019-01-25,AAMI.N,1.80875
2019-01-29,LNN.N,2.862
2019-02-07,AAMI.N,1.64813
2019-02-08,AAMI.N,1.65813
2019-02-14,AAMI.N,1.68114
2019-02-22,AAMI.N,1.7065
2019-02-24,AAMI.N,1.72225
2019-02-28,AAMI.N,1.72975
2019-03-04,AAMI.N,1.74288
2019-03-06,YEXT.N,-0.38
2019-03-07,YEXT.N,-0.39022
2019-03-08,YEXT.N,-0.398
2019-03-08,AAMI.N,1.76163
2019-03-13,YEXT.N,-0.404
2019-03-18,YEXT.N,-0.409
2019-03-19,YEXT.N,-0.40689
2019-03-19,LNN.N,2.934
2019-04-05,AAMI.N,1.76
2019-04-08,AAMI.N,1.75325
2019-04-09,AAMI.N,1.75575
2019-04-10,LNN.N,2.576
2019-04-10,AAMI.N,1.79
2019-04-11,LNN.N,2.164
2019-04-11,AAMI.N,1.79125
2019-04-12,LNN.N,1.992
2019-04-15,AAMI.N,1.80013
2019-04-16,LNN.N,1.74
2019-04-21,YEXT.N,-0.39689
2019-04-22,LNN.N,1.762
2019-04-22,AAMI.N,1.82013
2019-05-02,AAMI.N,1.822
2019-05-03,AAMI.N,1.8465
2019-05-06,AAMI.N,1.854
2019-05-17,AAMI.N,1.841
2019-05-24,YEXT.N,-0.40689
2019-05-30,YEXT.N,-0.40689
2019-05-31,YEXT.N,-0.41022
2019-06-03,YEXT.N,-0.41133
2019-06-18,YEXT.N,-0.4115
2019-06-21,LNN.N,1.552
2019-07-09,LNN.N,1.382
2019-07-09,AAMI.N,1.83675
2019-07-10,LNN.N,1.368
2019-07-12,AAMI.N,1.82425
2019-07-15,LNN.N,1.264
2019-07-16,AAMI.N,1.81838
2019-07-22,AAMI.N,1.81588
2019-07-24,AAMI.N,1.81814
2019-08-01,AAMI.N,1.79657
2019-08-02,AAMI.N,1.79086
2019-08-29,YEXT.N,-0.4215
2019-08-30,YEXT.N,-0.42275
2019-09-04,YEXT.N,-0.424
2019-09-18,YEXT.N,-0.42314
2019-10-03,AAMI.N,1.77943
2019-10-07,AAMI.N,1.774
2019-10-08,AAMI.N,1.76686
2019-10-11,AAMI.N,1.75543
2019-10-15,AAMI.N,1.75114
2019-10-29,LNN.N,2.58167
2019-10-30,LNN.N,2.57667
2019-10-31,YEXT.N,-0.42171
2019-11-05,LNN.N,2.572
2019-11-05,AAMI.N,1.739
2019-11-06,AAMI.N,1.72614
2019-11-07,AAMI.N,1.72471
2019-11-11,LNN.N,2.6525
2019-11-12,AAMI.N,1.71883
2019-11-22,LNN.N,2.4625
2019-12-05,YEXT.N,-0.447
2019-12-06,YEXT.N,-0.49167
2019-12-09,YEXT.N,-0.505
2019-12-17,LNN.N,2.46
2020-01-03,AAMI.N,1.71717
2020-01-08,AAMI.N,1.71383
2020-01-09,LNN.N,2.54
2020-01-10,LNN.N,2.6675
2020-01-13,AAMI.N,1.70717
2020-01-14,LNN.N,2.7075
2020-01-16,LNN.N,2.658
2020-01-27,AAMI.N,1.70383
2020-02-05,LNN.N,2.658
2020-02-06,AAMI.N,1.80843
2020-02-07,LNN.N,2.565
2020-02-13,AAMI.N,1.82817
2020-03-03,YEXT.N,-0.46
2020-03-04,YEXT.N,-0.45571
2020-03-09,YEXT.N,-0.46714
2020-03-10,YEXT.N,-0.47667
2020-03-12,AAMI.N,1.71483
2020-03-16,YEXT.N,-0.47286
2020-03-16,AAMI.N,1.64817
2020-03-17,YEXT.N,-0.47429
2020-03-17,LNN.N,2.61833
2020-03-25,YEXT.N,-0.47286
2020-03-26,YEXT.N,-0.47714
2020-03-31,YEXT.N,-0.48857
2020-04-01,AAMI.N,1.56843
2020-04-03,LNN.N,2.55667
2020-04-05,AAMI.N,1.56414
2020-04-07,LNN.N,2.585
2020-04-08,LNN.N,2.7
2020-04-08,AAMI.N,1.34671
2020-04-13,LNN.N,2.78667
2020-04-13,AAMI.N,1.32529
2020-04-16,AAMI.N,1.33243
2020-04-22,AAMI.N,1.27671
2020-04-30,AAMI.N,1.27957
2020-05-07,AAMI.N,1.31814
2020-05-08,AAMI.N,1.33571
2020-05-12,AAMI.N,1.35429
2020-05-14,AAMI.N,1.446
2020-05-19,LNN.N,2.77833
2020-06-04,YEXT.N,-0.47
2020-06-05,YEXT.N,-0.44857
2020-06-09,YEXT.N,-0.43857
2020-06-10,YEXT.N,-0.445
2020-06-14,AAMI.N,1.454
2020-06-23,YEXT.N,-0.44889
2020-06-24,YEXT.N,-0.455
2020-07-02,LNN.N,2.85833
2020-07-02,AAMI.N,1.488
2020-07-06,LNN.N,2.94167
2020-07-09,LNN.N,3.275
2020-07-09,AAMI.N,1.5
2020-07-12,AAMI.N,1.49833
2020-07-13,LNN.N,3.19
2020-07-14,AAMI.N,1.52667
2020-07-15,AAMI.N,1.54333
2020-07-22,AAMI.N,1.55167
2020-07-27,AAMI.N,1.555
2020-07-28,AAMI.N,1.55833
2020-08-06,AAMI.N,1.60571
2020-08-07,AAMI.N,1.60857
2020-08-10,AAMI.N,1.60571
2020-09-03,YEXT.N,-0.432
2020-09-04,YEXT.N,-0.352
2020-09-08,YEXT.N,-0.334
2020-10-06,AAMI.N,1.60286
2020-10-07,AAMI.N,1.60643
2020-10-09,AAMI.N,1.61786
2020-10-15,AAMI.N,1.61929
2020-10-20,LNN.N,3.1425
2020-10-21,AAMI.N,1.62357
2020-10-22,LNN.N,3.005
2020-10-23,LNN.N,3.07
2020-10-26,LNN.N,3.0925
2020-10-27,LNN.N,3.1925
2020-10-29,AAMI.N,1.62786
2020-10-30,AAMI.N,1.65929
2020-11-02,AAMI.N,1.67757
2020-11-03,AAMI.N,1.68717
2020-11-13,LNN.N,3.1925
2020-11-22,AAMI.N,1.69217
2020-12-03,YEXT.N,-0.324
2020-12-04,YEXT.N,-0.277
2020-12-07,AAMI.N,1.699
2020-12-08,YEXT.N,-0.26889
2020-12-10,LNN.N,3.2025
2020-12-17,YEXT.N,-0.27
2021-01-05,YEXT.N,-0.27
2021-01-06,AAMI.N,1.70043
2021-01-07,YEXT.N,-0.27
2021-01-07,LNN.N,3.28
2021-01-08,AAMI.N,1.70457
2021-01-11,LNN.N,3.428
2021-01-11,AAMI.N,1.70457
2021-01-12,AAMI.N,1.70886
2021-01-19,AAMI.N,1.706
2021-01-22,LNN.N,3.435
2021-02-04,AAMI.N,2.01614
2021-02-05,AAMI.N,2.009
2021-02-26,LNN.N,3.5725
2021-03-02,AAMI.N,2.01043
2021-03-03,YEXT.N,-0.186
2021-03-04,YEXT.N,-0.16933
2021-03-08,YEXT.N,-0.1625
2021-03-19,YEXT.N,-0.1625
2021-04-05,AAMI.N,1.97043
2021-04-06,LNN.N,3.63
2021-04-07,LNN.N,3.6025
2021-04-08,AAMI.N,1.96471
2021-04-09,LNN.N,3.60333
2021-04-09,AAMI.N,1.96471
2021-04-12,LNN.N,3.665
2021-04-19,AAMI.N,1.91717
2021-04-21,AAMI.N,1.90383
2021-04-23,AAMI.N,1.82717
2021-04-29,AAMI.N,1.7105
2021-04-30,AAMI.N,1.679
2021-05-02,AAMI.N,1.64471
2021-05-04,AAMI.N,1.524
2021-05-14,LNN.N,3.932
2021-05-28,YEXT.N,-0.17375
2021-06-11,AAMI.N,1.60383
2021-06-21,AAMI.N,1.5425
2021-07-02,LNN.N,4.254
2021-07-08,LNN.N,4.14
2021-07-09,AAMI.N,1.5325
2021-07-12,AAMI.N,1.518
2021-07-14,AAMI.N,1.52
2021-07-19,AAMI.N,1.44
2021-07-30,AAMI.N,1.42333
2021-08-01,AAMI.N,1.4
2021-08-24,YEXT.N,-0.17571
2021-09-02,YEXT.N,-0.18
2021-09-03,YEXT.N,-0.21429
2021-09-06,YEXT.N,-0.22
2021-10-06,AAMI.N,1.3975
2021-10-08,AAMI.N,1.385
2021-10-17,AAMI.N,1.3725
2021-10-21,LNN.N,4.88667
2021-10-22,LNN.N,4.81667
2021-10-22,AAMI.N,1.36
2021-10-25,LNN.N,4.865
2021-10-25,AAMI.N,1.34
2021-10-28,AAMI.N,1.3425
2021-10-29,AAMI.N,1.3875
2021-11-18,AAMI.N,1.365
2021-12-02,YEXT.N,-0.21429
2021-12-03,YEXT.N,-0.2
2021-12-08,AAMI.N,1.375
2021-12-10,LNN.N,4.865
2021-12-14,AAMI.N,1.3775
2022-01-06,LNN.N,4.77
2022-01-07,LNN.N,4.6825
2022-01-13,AAMI.N,1.40333
2022-02-01,AAMI.N,1.39333
2022-02-03,AAMI.N,2.075
2022-02-07,AAMI.N,2.1
2022-02-08,AAMI.N,2.075
2022-03-08,YEXT.N,-0.10286
2022-03-09,YEXT.N,-0.15714
2022-03-30,YEXT.N,-0.15333
2022-04-04,YEXT.N,-0.166
2022-04-06,LNN.N,4.675
2022-04-08,AAMI.N,2.1025
2022-04-11,AAMI.N,2.1
2022-04-21,AAMI.N,2.0925
2022-05-05,AAMI.N,2.0775
2022-05-11,AAMI.N,2.0625
2022-05-25,AAMI.N,2.0425
2022-05-31,YEXT.N,-0.1625
2022-06-03,LNN.N,4.524
2022-06-08,YEXT.N,-0.1675
2022-06-08,AAMI.N,2.0375
2022-06-09,YEXT.N,-0.135
2022-06-10,YEXT.N,-0.1175
2022-06-28,AAMI.N,2.07667
2022-06-29,AAMI.N,2.03
2022-06-30,LNN.N,4.788
2022-06-30,AAMI.N,1.92
2022-07-01,LNN.N,5.11
2022-07-05,LNN.N,5.284
2022-07-15,LNN.N,5.27833
2022-07-20,LNN.N,5.27667
2022-07-20,AAMI.N,1.86333
2022-07-21,AAMI.N,1.82667
2022-07-29,AAMI.N,1.81
2022-07-31,AAMI.N,1.80667
2022-08-01,LNN.N,5.56667
2022-09-07,YEXT.N,-0.0975
2022-09-08,YEXT.N,-0.086
2022-09-30,AAMI.N,1.75333
2022-10-07,AAMI.N,1.73
2022-10-12,AAMI.N,1.69333
2022-10-18,LNN.N,5.74
2022-10-20,LNN.N,6.81
2022-10-21,LNN.N,6.764
2022-10-21,AAMI.N,1.65667
2022-10-24,LNN.N,6.62833
2022-11-03,AAMI.N,1.64
2022-11-04,AAMI.N,1.66
2022-11-06,AAMI.N,1.59667
2022-11-30,YEXT.N,-0.078
2022-12-01,YEXT.N,-0.052
2022-12-07,YEXT.N,-0.044
2022-12-09,AAMI.N,1.59
2023-01-05,LNN.N,6.66333
2023-01-09,LNN.N,6.75
2023-01-12,LNN.N,6.91
2023-01-17,LNN.N,6.80833
2023-01-19,AAMI.N,1.59333
2023-01-23,YEXT.N,-0.044
2023-01-26,YEXT.N,-0.045
2023-01-31,YEXT.N,-0.04667
2023-02-01,YEXT.N,0.135
2023-02-01,YEXT.N,-0.045
2023-02-02,AAMI.N,1.5
2023-02-03,AAMI.N,1.56667
2023-02-06,AAMI.N,1.57667
2023-03-08,YEXT.N,0.215
2023-04-04,LNN.N,6.70333
2023-04-06,LNN.N,6.72
2023-04-11,LNN.N,6.804
2023-04-13,AAMI.N,1.51333
2023-04-14,AAMI.N,1.51667
2023-04-19,AAMI.N,1.54
2023-05-04,AAMI.N,1.54667
2023-05-08,AAMI.N,1.55333
2023-05-09,AAMI.N,1.53
2023-06-07,YEXT.N,0.2675
2023-06-27,YEXT.N,0.28
2023-06-29,LNN.N,6.27
2023-06-30,LNN.N,6.048
2023-07-06,LNN.N,5.91
2023-07-07,AAMI.N,1.56333
2023-07-12,AAMI.N,1.54333
2023-07-17,LNN.N,5.91
2023-07-19,AAMI.N,1.53333
2023-08-03,AAMI.N,1.56333
2023-08-04,AAMI.N,1.56
2023-09-07,YEXT.N,0.282
2023-10-02,AAMI.N,1.53667
2023-10-06,AAMI.N,1.5
2023-10-19,LNN.N,6.364
2023-10-20,LNN.N,6.318
2023-10-23,LNN.N,6.398
2023-10-23,AAMI.N,1.49
2023-11-02,AAMI.N,1.57
2023-11-03,AAMI.N,1.64
2023-12-06,YEXT.N,0.3
2023-12-07,AAMI.N,1.63333
2023-12-12,YEXT.N,0.3025
2023-12-18,LNN.N,6.386
2023-12-21,LNN.N,6.316
2023-12-22,AAMI.N,1.63667
2024-01-04,LNN.N,6.35
2024-01-05,LNN.N,6.294
2024-01-18,YEXT.N,0.284
2024-01-18,YEXT.N,0.304
2024-01-19,AAMI.N,1.61667
2024-01-24,AAMI.N,1.59667
2024-02-01,AAMI.N,1.93333
2024-02-02,AAMI.N,1.95333
2024-02-07,AAMI.N,1.97667
2024-02-15,LNN.N,6.234
2024-03-06,LNN.N,6.1925
2024-03-07,YEXT.N,0.338
2024-03-07,LNN.N,5.865
2024-03-08,AAMI.N,2.01
2024-03-21,YEXT.N,0.345
2024-04-04,LNN.N,5.99
2024-04-05,LNN.N,5.2125
2024-04-05,AAMI.N,2.02333
2024-04-09,AAMI.N,2.03333
2024-04-17,AAMI.N,2.08667
2024-05-02,AAMI.N,2.10667
2024-05-03,AAMI.N,2.12
2024-06-07,AAMI.N,2.14333
2024-06-11,YEXT.N,0.375
2024-06-24,YEXT.N,0.375
2024-06-27,LNN.N,5.4375
2024-06-28,LNN.N,5.7675
2024-07-01,LNN.N,5.865
2024-07-08,AAMI.N,2.15333
2024-07-22,AAMI.N,2.17
2024-07-29,AAMI.N,2.16667
2024-08-02,AAMI.N,2.18
2024-08-07,AAMI.N,2.19667
2024-09-04,YEXT.N,0.37
2024-09-05,YEXT.N,0.3675
2024-09-05,AAMI.N,2.21667
2024-09-06,LNN.N,5.8525
2024-10-04,AAMI.N,2.22667
2024-10-18,AAMI.N,2.25667
2024-10-24,LNN.N,5.805
2024-10-25,LNN.N,5.73
2024-10-31,AAMI.N,2.32
2024-11-04,AAMI.N,2.38333
2024-11-07,AAMI.N,2.44
2024-11-08,INGM.N,2.74
2024-11-13,INGM.N,2.73
2024-11-18,INGM.N,2.77455
2024-11-20,INGM.N,2.77833
2024-11-26,INGM.N,2.78077
2024-12-10,YEXT.N,0.35667
2024-12-11,LNN.N,5.72
2024-12-20,AAMI.N,2.40333
2025-01-06,INGM.N,2.77833
2025-01-07,LNN.N,5.85
2025-01-08,LNN.N,6.125
2025-01-13,INGM.N,2.77455
2025-01-16,INGM.N,2.7275
2025-01-21,LNN.N,6.1325
2025-01-24,AAMI.N,2.40667
2025-02-03,AAMI.N,2.74333
2025-02-03,INGM.N,2.72667
2025-02-03,AAMI.N,2.39667
2025-02-04,INGM.N,2.725
2025-02-10,AAMI.N,2.70667
2025-02-11,AAMI.N,2.76
2025-02-26,YEXT.N,0.3325
2025-02-26,YEXT.N,0.54
2025-03-04,INGM.N,3.05615
2025-03-05,INGM.N,2.96385
2025-03-06,INGM.N,2.96231
2025-03-06,YEXT.N,0.505
2025-03-07,AAMI.N,2.74667
2025-03-10,INGM.N,2.95462
2025-03-11,INGM.N,2.92182
2025-03-19,YEXT.N,0.505
2025-03-25,INGM.N,2.9025
2025-04-03,LNN.N,6.605
2025-04-04,LNN.N,6.6425
2025-04-07,AAMI.N,2.78333
2025-04-08,INGM.N,2.86692
2025-04-10,INGM.N,2.88386
2025-04-15,LNN.N,6.6275
2025-04-17,INGM.N,2.87314
2025-04-17,AAMI.N,2.71667
2025-04-21,AAMI.N,2.63667
2025-05-02,AAMI.N,2.69667
2025-05-05,AAMI.N,2.72333
2025-05-08,INGM.N,2.83743
2025-05-09,INGM.N,2.83171
2025-05-12,INGM.N,2.84269
2025-05-13,INGM.N,2.83192
2025-05-15,INGM.N,2.84375
2025-05-23,INGM.N,2.84039
2025-05-26,INGM.N,2.84039
2025-06-04,YEXT.N,0.53333
2025-06-06,AAMI.N,2.78333
2025-06-26,LNN.N,6.725
2025-06-27,LNN.N,6.8325
2025-06-30,LNN.N,6.905
2025-07-02,AAMI.N,2.89
2025-07-03,AAMI.N,2.95667
2025-07-09,INGM.N,2.84115
2025-07-10,AAMI.N,3.03667
2025-07-31,AAMI.N,3.14667
2025-08-04,INGM.N,2.84458
2025-08-04,AAMI.N,3.32667
2025-08-06,INGM.N,2.82625
2025-08-07,INGM.N,2.81125
2025-08-07,AAMI.N,3.525
2025-08-08,INGM.N,2.80125
2025-08-11,INGM.N,2.78492
2025-08-12,INGM.N,2.78742
2025-09-05,AAMI.N,3.45333
2025-10-06,AAMI.N,3.44333
2025-10-09,AAMI.N,3.49667
2025-10-10,AAMI.N,3.50333
2025-10-14,INGM.N,2.78839
2025-10-16,LNN.N,6.8925
2025-10-23,LNN.N,6.29667
2025-10-24,LNN.N,6.28
2025-10-27,LNN.N,6.22667
2025-10-27,AAMI.N,3.51
2025-10-30,INGM.N,2.79377
2025-10-30,AAMI.N,3.51667
2025-10-31,INGM.N,2.83492
2025-10-31,AAMI.N,3.43667
2025-11-03,INGM.N,2.83908
2025-11-04,INGM.N,2.84242
2025-11-05,INGM.N,2.83842
2025-11-06,AAMI.N,3.11
2025-12-08,YEXT.N,0.52333
2025-12-09,YEXT.N,0.52667
2025-12-15,YEXT.N,0.53
2025-12-15,LNN.N,6.23
2025-12-15,AAMI.N,3.41
2025-12-16,LNN.N,6.1725
2025-12-17,AAMI.N,3.17
2026-01-01,YEXT.N,0.53
2026-01-06,WLTH.OQ,-0.49
2026-01-08,LNN.N,6.3375
2026-01-09,LNN.N,6.3575
2026-01-12,WLTH.OQ,-0.256
2026-01-12,LNN.N,6.4225
2026-01-13,INGM.N,2.83758
2026-01-21,AAMI.N,3.19
2026-02-03,YEXT.N,0.60667
2026-02-03,AAMI.N,4.42667
2026-02-03,YEXT.N,0.53
2026-02-03,AAMI.N,3.225
2026-02-06,AAMI.N,4.46333
2026-03-02,INGM.N,3.18277
2026-03-03,INGM.N,3.202
2026-03-04,WLTH.OQ,-0.398
2026-03-05,INGM.N,3.19467
2026-03-06,INGM.N,3.19383
2026-03-08,WLTH.OQ,-0.396
2026-03-09,INGM.N,3.173
2026-03-10,YEXT.N,0.58667
2026-03-11,WLTH.OQ,0.55714
2026-03-11,YEXT.N,0.565
2026-03-12,WLTH.OQ,0.54857
2026-03-16,INGM.N,3.194
2026-03-16,YEXT.N,0.54667
2026-03-18,WLTH.OQ,0.56333
2026-03-20,YEXT.N,0.57333
2014-11-14,GERN.OQ,-0.1225
2014-12-09,HNRG.OQ,0.39
2015-01-22,HNRG.OQ,1.41
2015-03-03,GERN.OQ,-0.19
2015-03-04,GERN.OQ,-0.0725
2015-03-05,GERN.OQ,-0.01667
2015-03-09,HNRG.OQ,1.42
2015-03-11,HNRG.OQ,1.53333
2015-04-20,GERN.OQ,-0.0725
2015-04-30,GERN.OQ,-0.0675
2015-05-01,GERN.OQ,-0.115
2015-05-09,GERN.OQ,-0.07333
2015-05-11,HNRG.OQ,1.48667
2015-05-12,HNRG.OQ,1.41333
2015-05-13,HNRG.OQ,1.34667
2015-06-12,HNRG.OQ,1.305
2015-07-27,HNRG.OQ,1.18
2015-07-28,HNRG.OQ,0.96
2015-08-05,GERN.OQ,-0.13
2015-08-06,GERN.OQ,-0.16
2015-08-10,GERN.OQ,-0.1225
2015-08-11,HNRG.OQ,1.055
2015-09-08,GERN.OQ,-0.15667
2015-09-09,GERN.OQ,-0.1225
2015-09-16,GERN.OQ,-0.12
2015-09-17,HNRG.OQ,1.19667
2015-10-28,GERN.OQ,-0.1225
2015-11-05,GERN.OQ,-0.094
2015-11-06,GERN.OQ,-0.042
2015-11-08,GERN.OQ,-0.04
2015-11-09,HNRG.OQ,1.11667
2015-11-10,HNRG.OQ,0.83667
2015-11-25,LIND.OQ,0.38
2015-12-16,GERN.OQ,-0.03333
2016-01-08,HNRG.OQ,0.845
2016-01-31,GERN.OQ,0.004
2016-02-01,LIND.OQ,0.3745
2016-02-04,HNRG.OQ,0.395
2016-02-25,GERN.OQ,-0.238
2016-02-26,GERN.OQ,-0.226
2016-03-01,LIND.OQ,0.44
2016-03-01,LIND.OQ,0.38
2016-03-15,HNRG.OQ,0.32
2016-03-16,HNRG.OQ,0.28
2016-04-04,LIND.OQ,0.47
2016-05-06,GERN.OQ,-0.258
2016-05-10,HNRG.OQ,0.2
2016-06-23,LIND.OQ,0.67
2016-07-28,HNRG.OQ,0.22
2016-08-03,GERN.OQ,-0.242
2016-08-04,GERN.OQ,-0.232
2016-08-09,HNRG.OQ,0.59
2016-08-26,GERN.OQ,-0.23167
2016-09-12,GERN.OQ,-0.23
2016-09-29,LIND.OQ,0.43
2016-10-05,LIND.OQ,0.265
2016-10-13,HNRG.OQ,0.6
2016-11-03,GERN.OQ,-0.21667
2016-11-04,LIND.OQ,0.29
2016-11-04,GERN.OQ,-0.18667
2016-11-08,HNRG.OQ,0.67
2016-11-23,HNRG.OQ,0.31
2016-12-21,GERN.OQ,-0.186
2016-12-23,LIND.OQ,0.26
2017-02-17,LIND.OQ,0.255
2017-03-01,GERN.OQ,-0.125
2017-03-02,GERN.OQ,-0.1125
2017-03-07,LIND.OQ,0.29
2017-03-07,GERN.OQ,-0.21667
2017-03-15,HNRG.OQ,0.3
2017-04-04,LIND.OQ,0.26333
2017-04-18,LIND.OQ,0.235
2017-05-09,LIND.OQ,0.23
2017-05-10,HNRG.OQ,0.65
2017-05-10,LIND.OQ,0.2275
2017-05-10,GERN.OQ,-0.21333
2017-05-16,LIND.OQ,0.21667
2017-05-18,LIND.OQ,0.18
2017-05-30,LIND.OQ,0.155
2017-07-03,GERN.OQ,-0.205
2017-07-14,LIND.OQ,0.1425
2017-08-01,GERN.OQ,-0.21
2017-08-03,LIND.OQ,0.12
2017-08-07,LIND.OQ,0.125
2017-08-09,GERN.OQ,-0.20333
2017-08-10,HNRG.OQ,0.48
2017-08-10,GERN.OQ,-0.18333
2017-08-29,LIND.OQ,0.11125
2017-11-01,GERN.OQ,-0.17333
2017-11-02,GERN.OQ,-0.17333
2017-11-02,GERN.OQ,-0.03
2017-11-07,LIND.OQ,0.10125
2017-11-08,HNRG.OQ,0.46
2017-11-15,LIND.OQ,0.07275
2017-11-17,NEXT.OQ,-0.52
2017-12-21,LIND.OQ,0.07025
2018-01-04,NEXT.OQ,-0.99
2018-01-04,NEXT.OQ,-0.645
2018-01-11,HNRG.OQ,0.29
2018-02-23,LIND.OQ,0.06775
2018-02-28,LIND.OQ,0.20675
2018-03-01,LIND.OQ,0.20425
2018-03-02,LIND.OQ,0.176
2018-03-15,HNRG.OQ,0.19
2018-03-19,GERN.OQ,0.0
2018-04-12,NEXT.OQ,-0.475
2018-04-16,LIND.OQ,0.1735
2018-04-17,NEXT.OQ,-0.545
2018-04-24,NEXT.OQ,-0.605
2018-05-03,LIND.OQ,0.218
2018-05-04,LIND.OQ,0.23133
2018-05-08,GERN.OQ,0.18
2018-05-09,HNRG.OQ,0.41
2018-05-10,NEXT.OQ,-0.5475
2018-05-11,GERN.OQ,0.01
2018-05-17,GERN.OQ,-0.17
2018-05-25,LIND.OQ,0.21
2018-06-04,NEXT.OQ,-0.61333
2018-07-05,GERN.OQ,0.115
2018-08-02,LIND.OQ,0.20333
2018-08-02,GERN.OQ,0.11
2018-08-07,NEXT.OQ,-0.6
2018-08-09,LIND.OQ,0.22
2018-08-10,NEXT.OQ,-0.48667
2018-08-21,LIND.OQ,0.225
2018-08-31,NEXT.OQ,-0.29
2018-09-04,NEXT.OQ,-0.35
2018-09-07,NEXT.OQ,-0.3525
2018-09-26,NEXT.OQ,-0.345
2018-09-27,GERN.OQ,0.095
2018-10-02,GERN.OQ,-0.2
2018-10-10,NEXT.OQ,-0.3552
2018-10-18,HNRG.OQ,0.36
2018-11-02,GERN.OQ,-0.18
2018-11-05,LIND.OQ,0.23167
2018-11-07,HNRG.OQ,0.38
2018-11-07,HNRG.OQ,0.27
2018-11-09,LIND.OQ,0.232
2018-11-12,NEXT.OQ,-0.3556
2018-11-13,NEXT.OQ,-0.358
2018-12-04,NEXT.OQ,-0.37133
2018-12-27,GERN.OQ,-0.16
2019-01-23,NEXT.OQ,-0.3736
2019-01-28,NEXT.OQ,-0.3495
2019-01-31,GERN.OQ,-0.16
2019-02-08,NEXT.OQ,-0.3495
2019-02-08,NEXT.OQ,-0.45157
2019-02-12,GERN.OQ,-0.15667
2019-02-14,NEXT.OQ,-0.353
2019-02-15,LIND.OQ,0.2365
2019-02-28,LIND.OQ,0.4298
2019-03-06,LIND.OQ,0.4318
2019-03-07,GERN.OQ,-0.31
2019-03-08,GERN.OQ,-0.35333
2019-03-10,LIND.OQ,0.435
2019-03-11,NEXT.OQ,-0.44757
2019-03-13,NEXT.OQ,-0.46814
2019-03-14,GERN.OQ,-0.36
2019-03-15,HNRG.OQ,0.42
2019-04-02,NEXT.OQ,-0.50286
2019-04-15,NEXT.OQ,-0.53033
2019-04-18,LIND.OQ,0.445
2019-04-26,NEXT.OQ,-0.5664
2019-04-29,NEXT.OQ,-0.52867
2019-05-02,NEXT.OQ,-0.50314
2019-05-02,LIND.OQ,0.48
2019-05-03,LIND.OQ,0.47
2019-05-08,HNRG.OQ,0.65
2019-05-08,LIND.OQ,0.47
2019-05-09,NEXT.OQ,-0.50771
2019-05-16,GERN.OQ,-0.43
2019-05-24,NEXT.OQ,-0.53567
2019-05-28,NEXT.OQ,-0.54733
2019-06-10,NEXT.OQ,-0.481
2019-06-14,NEXT.OQ,-0.48267
2019-06-28,GERN.OQ,-0.37333
2019-07-02,LIND.OQ,0.4725
2019-07-11,LIND.OQ,0.4775
2019-07-29,NEXT.OQ,-0.501
2019-08-01,NEXT.OQ,-0.4692
2019-08-01,LIND.OQ,0.465
2019-08-02,LIND.OQ,0.4625
2019-08-02,GERN.OQ,-0.37
2019-08-06,NEXT.OQ,-0.509
2019-08-06,LIND.OQ,0.485
2019-08-06,GERN.OQ,-0.42333
2019-08-07,NEXT.OQ,-0.4802
2019-08-07,HNRG.OQ,0.33
2019-08-13,LIND.OQ,0.4824
2019-08-14,NEXT.OQ,-0.3982
2019-08-15,GERN.OQ,-0.43
2019-08-20,NEXT.OQ,-0.3822
2019-09-03,GERN.OQ,-0.428
2019-09-17,NEXT.OQ,-0.40517
2019-09-20,NEXT.OQ,-0.42443
2019-10-02,NEXT.OQ,-0.4335
2019-10-14,GERN.OQ,-0.43
2019-10-24,NEXT.OQ,-0.416
2019-10-25,HNRG.OQ,0.32
2019-10-30,LIND.OQ,0.4404
2019-10-31,LIND.OQ,0.3855
2019-11-01,NEXT.OQ,-0.416
2019-11-04,LIND.OQ,0.323
2019-11-06,NEXT.OQ,-0.391
2019-11-06,HNRG.OQ,0.05
2019-11-07,GERN.OQ,-0.4275
2019-11-11,LIND.OQ,0.27333
2019-11-13,GERN.OQ,-0.43
2019-11-19,GERN.OQ,-0.425
2019-11-25,NEXT.OQ,-0.38967
2019-11-27,GERN.OQ,-0.42
2019-12-17,LIND.OQ,0.29
2020-01-09,LIND.OQ,0.284
2020-01-14,NEXT.OQ,-0.37133
2020-01-21,HNRG.OQ,0.21
2020-01-28,NEXT.OQ,-0.37467
2020-02-14,NEXT.OQ,-0.28871
2020-02-14,NEXT.OQ,-0.36467
2020-02-25,LIND.OQ,0.51871
2020-03-02,LIND.OQ,0.48
2020-03-04,NEXT.OQ,-0.36388
2020-03-11,NEXT.OQ,-0.37738
2020-03-11,HNRG.OQ,0.19
2020-03-12,GERN.OQ,-0.448
2020-03-13,GERN.OQ,-0.446
2020-03-16,LIND.OQ,0.314
2020-03-17,GERN.OQ,-0.442
2020-03-19,GERN.OQ,-0.475
2020-03-24,GERN.OQ,-0.442
2020-04-02,GERN.OQ,-0.438
2020-04-06,NEXT.OQ,-0.40986
2020-04-13,LIND.OQ,0.258
2020-04-17,HNRG.OQ,0.16
2020-04-21,NEXT.OQ,-0.33843
2020-04-21,LIND.OQ,0.026
2020-04-24,LIND.OQ,-0.094
2020-04-27,LIND.OQ,-0.392
2020-05-01,LIND.OQ,-0.49667
2020-05-03,LIND.OQ,-0.52667
2020-05-05,LIND.OQ,-1.20333
2020-05-11,NEXT.OQ,-0.35129
2020-05-13,HNRG.OQ,0.04
2020-05-18,NEXT.OQ,-0.3378
2020-05-19,NEXT.OQ,-0.32975
2020-05-25,NEXT.OQ,-0.25967
2020-05-28,GERN.OQ,-0.414
2020-05-29,GERN.OQ,-0.364
2020-05-31,GERN.OQ,-0.268
2020-07-28,LIND.OQ,-1.285
2020-08-03,GERN.OQ,-0.26667
2020-08-05,HNRG.OQ,0.23
2020-08-06,GERN.OQ,-0.26333
2020-08-07,NEXT.OQ,-0.253
2020-08-07,GERN.OQ,-0.265
2020-08-10,LIND.OQ,-1.4475
2020-08-11,LIND.OQ,-1.755
2020-08-13,GERN.OQ,-0.26667
2020-08-24,NEXT.OQ,-0.248
2020-08-26,GERN.OQ,-0.26
2020-10-14,GERN.OQ,-0.255
2020-10-26,LIND.OQ,-1.7825
2020-10-30,LIND.OQ,-1.8925
2020-11-02,LIND.OQ,-1.95
2020-11-03,LIND.OQ,-1.9775
2020-11-04,NEXT.OQ,-0.217
2020-11-04,HNRG.OQ,-0.02
2020-11-04,HNRG.OQ,0.23
2020-11-05,NEXT.OQ,-0.25133
2020-11-05,GERN.OQ,-0.25667
2020-11-06,GERN.OQ,-0.26
2020-11-10,GERN.OQ,-0.2625
2020-11-11,GERN.OQ,-0.26667
2020-11-17,NEXT.OQ,-0.266
2020-11-24,NEXT.OQ,-0.27875
2020-12-25,NEXT.OQ,-0.27875
2021-02-02,NEXT.OQ,-0.28767
2021-02-18,LIND.OQ,-1.9825
2021-03-09,LIND.OQ,-1.158
2021-03-10,LIND.OQ,-1.106
2021-03-11,GERN.OQ,-0.315
2021-03-12,GERN.OQ,-0.33
2021-03-16,HNRG.OQ,0.27
2021-03-16,GERN.OQ,-0.34
2021-03-24,NEXT.OQ,-0.342
2021-03-26,NEXT.OQ,-0.24
2021-03-30,LIND.OQ,-1.222
2021-04-08,GERN.OQ,-0.338
2021-04-21,NEXT.OQ,-0.219
2021-04-29,LIND.OQ,-1.4
2021-04-30,LIND.OQ,-1.512
2021-05-06,HNRG.OQ,0.13
2021-05-10,GERN.OQ,-0.34
2021-05-11,GERN.OQ,-0.344
2021-05-13,NEXT.OQ,-0.2185
2021-05-26,NEXT.OQ,-0.229
2021-06-05,GERN.OQ,-0.345
2021-06-08,NEXT.OQ,-0.3445
2021-06-09,GERN.OQ,-0.345
2021-06-15,NEXT.OQ,-0.3164
2021-06-15,LIND.OQ,-1.6125
2021-07-25,GERN.OQ,-0.358
2021-08-03,NEXT.OQ,-0.33867
2021-08-03,LIND.OQ,-1.915
2021-08-09,NEXT.OQ,-0.44
2021-08-09,LIND.OQ,-2.0825
2021-08-11,HNRG.OQ,-0.11
2021-08-16,GERN.OQ,-0.354
2021-08-17,GERN.OQ,-0.356
2021-08-20,LIND.OQ,-2.1175
2021-08-23,NEXT.OQ,-0.47667
2021-09-15,LIND.OQ,-2.1525
2021-10-11,TYRA.OQ,-1.07
2021-10-13,GERN.OQ,-0.358
2021-10-15,GERN.OQ,-0.3525
2021-11-01,GERN.OQ,-0.354
2021-11-02,LIND.OQ,-2.24
2021-11-03,TYRA.OQ,-1.17
2021-11-04,LIND.OQ,-2.325
2021-11-08,TYRA.OQ,-1.16
2021-11-09,LIND.OQ,-2.38667
2021-11-09,GERN.OQ,-0.346
2021-11-10,NEXT.OQ,-0.46333
2021-11-10,LIND.OQ,-2.355
2021-11-11,NEXT.OQ,-0.31667
2021-11-11,LIND.OQ,-2.3525
2021-11-12,TYRA.OQ,-1.36333
2021-11-12,TYRA.OQ,-1.05333
2021-11-15,GERN.OQ,-0.342
2021-11-16,HNRG.OQ,0.1
2021-11-16,HNRG.OQ,0.11
2021-11-16,GERN.OQ,-0.34
2021-12-09,LIND.OQ,-2.366
2021-12-14,NEXT.OQ,-0.29075
2022-01-14,NEXT.OQ,-0.271
2022-01-18,NEXT.OQ,-0.27433
2022-02-15,NEXT.OQ,-0.31167
2022-02-22,LIND.OQ,-0.932
2022-02-23,LIND.OQ,-1.158
2022-03-02,LIND.OQ,-1.344
2022-03-04,TYRA.OQ,-1.10333
2022-03-08,TYRA.OQ,-1.13333
2022-03-10,GERN.OQ,-0.382
2022-03-11,GERN.OQ,-0.436
2022-03-15,GERN.OQ,-0.448
2022-04-01,NEXT.OQ,-0.323
2022-04-07,NEXT.OQ,-0.2545
2022-04-21,LIND.OQ,-1.375
2022-04-25,NEXT.OQ,-0.283
2022-05-03,LIND.OQ,-1.62167
2022-05-05,TYRA.OQ,-1.3
2022-05-05,LIND.OQ,-1.70667
2022-05-09,TYRA.OQ,-1.31667
2022-05-09,NEXT.OQ,-0.30925
2022-05-09,GERN.OQ,-0.43
2022-05-10,LIND.OQ,-1.9675
2022-05-10,GERN.OQ,-0.398
2022-05-12,GERN.OQ,-0.39
2022-05-24,NEXT.OQ,-0.31725
2022-06-23,TYRA.OQ,-1.3425
2022-07-01,GERN.OQ,-0.3975
2022-07-25,NEXT.OQ,-0.336
2022-07-26,NEXT.OQ,-0.34933
2022-07-27,NEXT.OQ,-0.30267
2022-07-28,GERN.OQ,-0.386
2022-07-29,LIND.OQ,-1.9675
2022-08-01,LIND.OQ,-2.0875
2022-08-04,TYRA.OQ,-1.3675
2022-08-08,TYRA.OQ,-1.38
2022-08-10,TYRA.OQ,-1.48
2022-08-11,TYRA.OQ,-1.54667
2022-08-11,GERN.OQ,-0.382
2022-08-12,TYRA.OQ,-1.5725
2022-08-12,NEXT.OQ,-0.317
2022-08-12,GERN.OQ,-0.388
2022-08-15,NEXT.OQ,-0.29333
2022-08-24,NEXT.OQ,-0.28
2022-09-22,LIND.OQ,-2.0875
2022-10-18,NEXT.OQ,-0.33667
2022-10-18,LIND.OQ,-2.14333
2022-10-26,NEXT.OQ,-0.345
2022-10-27,GERN.OQ,-0.37833
2022-11-02,LIND.OQ,-2.09667
2022-11-03,TYRA.OQ,-1.51
2022-11-03,LIND.OQ,-2.12
2022-11-03,GERN.OQ,-0.38
2022-11-04,TYRA.OQ,-1.4075
2022-11-04,GERN.OQ,-0.38833
2022-11-07,TYRA.OQ,-1.375
2022-11-10,LIND.OQ,-2.085
2022-11-11,NEXT.OQ,-0.37
2022-11-14,NEXT.OQ,-0.52
2022-11-22,HNRG.OQ,-0.19
2022-11-22,HNRG.OQ,2.29
2023-01-08,GERN.OQ,-0.38667
2023-02-02,TYRA.OQ,-1.37
2023-02-02,NEXT.OQ,-0.50667
2023-02-15,NEXT.OQ,-0.56
2023-02-22,NEXT.OQ,-0.6775
2023-02-28,LIND.OQ,-0.194
2023-03-01,LIND.OQ,-0.264
2023-03-06,LIND.OQ,-0.356
2023-03-07,LIND.OQ,-0.43
2023-03-13,NEXT.OQ,-0.695
2023-03-13,LIND.OQ,-0.42667
2023-03-15,NEXT.OQ,-0.695
2023-03-16,GERN.OQ,-0.40333
2023-03-17,NEXT.OQ,-0.65333
2023-03-17,GERN.OQ,-0.425
2023-03-22,TYRA.OQ,-1.658
2023-03-23,TYRA.OQ,-1.624
2023-03-23,GERN.OQ,-0.424
2023-03-24,TYRA.OQ,-1.564
2023-03-24,LIND.OQ,-0.4925
2023-03-24,GERN.OQ,-0.424
2023-03-27,GERN.OQ,-0.43167
2023-04-04,HNRG.OQ,1.37
2023-04-13,NEXT.OQ,-0.64667
2023-05-03,LIND.OQ,-0.5075
2023-05-04,TYRA.OQ,-1.524
2023-05-04,LIND.OQ,-0.53
2023-05-05,TYRA.OQ,-1.448
2023-05-07,TYRA.OQ,-1.39
2023-05-10,LIND.OQ,-0.47667
2023-05-11,NEXT.OQ,-0.82
2023-05-11,GERN.OQ,-0.385
2023-05-12,NEXT.OQ,-0.76333
2023-05-12,GERN.OQ,-0.38333
2023-05-18,NEXT.OQ,-0.785
2023-06-09,LIND.OQ,-0.385
2023-06-14,NEXT.OQ,-0.78
2023-06-23,NEXT.OQ,-0.76
2023-06-29,TYRA.OQ,-1.38883
2023-07-12,NEXT.OQ,-0.83
2023-07-13,NEXT.OQ,-0.60075
2023-07-27,LIND.OQ,-0.595
2023-08-03,GERN.OQ,-0.385
2023-08-04,NEXT.OQ,-0.541
2023-08-04,GERN.OQ,-0.37667
2023-08-10,TYRA.OQ,-1.37217
2023-08-11,TYRA.OQ,-1.32167
2023-08-13,TYRA.OQ,-1.315
2023-08-14,NEXT.OQ,-0.54767
2023-08-15,NEXT.OQ,-0.75433
2023-08-21,NEXT.OQ,-0.99
2023-08-21,LIND.OQ,-0.65333
2023-08-22,GERN.OQ,-0.375
2023-08-29,HNRG.OQ,1.91
2023-08-30,NEXT.OQ,-1.05667
2023-09-14,LIND.OQ,-0.69
2023-09-18,NEXT.OQ,-1.12075
2023-11-02,LIND.OQ,-0.69333
2023-11-02,GERN.OQ,-0.34333
2023-11-07,TYRA.OQ,-1.35833
2023-11-08,TYRA.OQ,-1.51017
2023-11-09,LIND.OQ,-0.67
2023-11-12,TYRA.OQ,-1.55517
2023-11-13,HNRG.OQ,0.78
2023-11-13,HNRG.OQ,1.8
2023-11-14,NEXT.OQ,-1.17825
2023-11-15,LIND.OQ,-0.66
2023-11-20,NEXT.OQ,-0.9865
2023-11-21,NEXT.OQ,-0.95433
2023-11-28,LIND.OQ,-0.67
2023-12-15,TYRA.OQ,-1.57683
2024-02-13,NEXT.OQ,-1.11175
2024-02-13,NEXT.OQ,-0.76075
2024-02-28,LIND.OQ,-0.2925
2024-02-28,GERN.OQ,-0.34167
2024-02-29,GERN.OQ,-0.33333
2024-03-01,LIND.OQ,-0.37
2024-03-14,NEXT.OQ,-0.93675
2024-03-14,GERN.OQ,-0.32833
2024-03-18,NEXT.OQ,-0.37
2024-03-19,TYRA.OQ,-1.86
2024-03-19,HNRG.OQ,-0.07
2024-03-19,GERN.OQ,-0.33133
2024-03-20,TYRA.OQ,-1.89683
2024-03-21,TYRA.OQ,-1.94517
2024-03-26,TYRA.OQ,-1.88683
2024-04-02,LIND.OQ,-0.44
2024-04-23,GERN.OQ,-0.343
2024-04-29,GERN.OQ,-0.33686
2024-04-30,LIND.OQ,-0.3925
2024-05-02,GERN.OQ,-0.35286
2024-05-03,GERN.OQ,-0.35143
2024-05-06,NEXT.OQ,-0.66333
2024-05-09,TYRA.OQ,-1.82
2024-05-10,TYRA.OQ,-1.72333
2024-05-10,NEXT.OQ,-0.61
2024-05-13,TYRA.OQ,-1.70667
2024-05-16,TYRA.OQ,-1.718
2024-05-16,NEXT.OQ,-0.29
2024-05-17,TYRA.OQ,-1.71167
2024-05-30,HNRG.OQ,0.36
2024-06-06,NEXT.OQ,-0.22067
2024-06-07,GERN.OQ,-0.34843
2024-06-10,GERN.OQ,-0.35738
2024-06-14,NEXT.OQ,-0.071
2024-07-19,GERN.OQ,-0.35988
2024-07-20,GERN.OQ,-0.35843
2024-07-31,NEXT.OQ,-0.11067
2024-08-07,TYRA.OQ,-1.58333
2024-08-08,TYRA.OQ,-1.54233
2024-08-08,LIND.OQ,-0.545
2024-08-08,GERN.OQ,-0.35614
2024-08-09,TYRA.OQ,-1.51733
2024-08-09,HNRG.OQ,-0.41
2024-08-09,LIND.OQ,-0.5975
2024-08-09,GERN.OQ,-0.35043
2024-08-15,TYRA.OQ,-1.52914
2024-08-15,LIND.OQ,-0.61667
2024-08-16,NEXT.OQ,-0.134
2024-09-09,GERN.OQ,-0.34788
2024-09-10,LIND.OQ,-0.6275
2024-09-18,NEXT.OQ,-0.16
2024-09-19,GERN.OQ,-0.34663
2024-09-25,GERN.OQ,-0.34538
2024-10-02,NEXT.OQ,-0.13
2024-10-04,GERN.OQ,-0.34125
2024-10-15,GERN.OQ,-0.34
2024-10-18,TYRA.OQ,-1.53057
2024-10-22,NEXT.OQ,-0.415
2024-11-05,LIND.OQ,-0.5
2024-11-05,GERN.OQ,-0.342
2024-11-07,TYRA.OQ,-1.54486
2024-11-07,GERN.OQ,-0.28556
2024-11-08,TYRA.OQ,-1.547
2024-11-08,NEXT.OQ,-0.444
2024-11-11,TYRA.OQ,-1.55557
2024-11-12,TYRA.OQ,-1.57129
2024-11-12,LIND.OQ,-0.42
2024-11-13,HNRG.OQ,-0.31
2024-11-14,NEXT.OQ,-0.316
2024-11-29,LIND.OQ,-0.42333
2024-11-29,GERN.OQ,-0.28422
2024-12-09,HNRG.OQ,-0.328
2024-12-11,GERN.OQ,-0.28475
2025-01-06,GERN.OQ,-0.286
2025-01-07,TYRA.OQ,-1.56238
2025-01-13,GERN.OQ,-0.2835
2025-01-29,GERN.OQ,-0.27725
2025-01-31,LIND.OQ,-0.405
2025-02-03,NEXT.OQ,-1.005
2025-02-03,NEXT.OQ,-0.47733
2025-02-07,GERN.OQ,-0.276
2025-02-25,HNRG.OQ,-0.403
2025-02-25,HNRG.OQ,-0.3275
2025-02-26,GERN.OQ,-0.10444
2025-02-27,LIND.OQ,-0.12667
2025-03-18,HNRG.OQ,-0.295
2025-03-27,TYRA.OQ,-2.05825
2025-03-28,TYRA.OQ,-2.1295
2025-03-31,TYRA.OQ,-2.1545
2025-04-01,HNRG.OQ,-0.255
2025-04-03,TYRA.OQ,-2.16933
2025-04-04,HNRG.OQ,-0.63
2025-04-21,GERN.OQ,-0.11222
2025-04-22,NEXT.OQ,-1.01
2025-04-23,GERN.OQ,-0.11778
2025-04-28,GERN.OQ,-0.12111
2025-04-30,TYRA.OQ,-2.15086
2025-05-06,LIND.OQ,-0.12
2025-05-07,LIND.OQ,-0.25667
2025-05-07,GERN.OQ,-0.12744
2025-05-08,TYRA.OQ,-2.14429
2025-05-08,NEXT.OQ,-1.79
2025-05-08,GERN.OQ,-0.12744
2025-05-09,TYRA.OQ,-2.10857
2025-05-13,LIND.OQ,-0.255
2025-05-15,TYRA.OQ,-2.106
2025-05-19,TYRA.OQ,-2.13333
2025-05-19,HNRG.OQ,-0.11
2025-05-20,TYRA.OQ,-2.14286
2025-05-22,LIND.OQ,-0.28667
2025-05-23,HNRG.OQ,-0.13333
2025-05-23,LIND.OQ,-0.235
2025-05-26,TYRA.OQ,-2.1125
2025-06-04,TYRA.OQ,-2.1175
2025-06-24,NEXT.OQ,-1.321
2025-07-10,GERN.OQ,-0.1267
2025-07-13,NEXT.OQ,-1.496
2025-07-24,GERN.OQ,-0.1287
2025-07-25,NEXT.OQ,-1.204
2025-08-04,LIND.OQ,-0.25
2025-08-05,LIND.OQ,-0.24
2025-08-06,GERN.OQ,-0.1061
2025-08-08,LIND.OQ,-0.1775
2025-08-08,GERN.OQ,-0.10678
2025-08-11,GERN.OQ,-0.10567
2025-08-12,HNRG.OQ,0.24
2025-08-13,GERN.OQ,-0.11138
2025-08-14,TYRA.OQ,-2.0675
2025-08-15,TYRA.OQ,-2.02875
2025-08-19,HNRG.OQ,0.54333
2025-08-20,TYRA.OQ,-2.0075
2025-08-21,TYRA.OQ,-2.01333
2025-08-22,HNRG.OQ,0.57
2025-08-25,TYRA.OQ,-1.99857
2025-09-02,TYRA.OQ,-1.98875
2025-09-12,NEXT.OQ,-1.12733
2025-09-15,NEXT.OQ,-1.41667
2025-09-24,HNRG.OQ,0.585
2025-09-26,HNRG.OQ,0.5625
2025-10-03,TYRA.OQ,-1.98875
2025-10-03,GERN.OQ,-0.11388
2025-10-23,GERN.OQ,-0.12013
2025-10-31,GERN.OQ,-0.12275
2025-11-04,LIND.OQ,-0.2925
2025-11-05,TYRA.OQ,-1.96625
2025-11-05,LIND.OQ,-0.3775
2025-11-05,GERN.OQ,-0.11525
2025-11-06,TYRA.OQ,-1.99375
2025-11-10,TYRA.OQ,-1.98375
2025-11-11,HNRG.OQ,0.88
2025-11-11,LIND.OQ,-0.46667
2025-11-12,TYRA.OQ,-1.98833
2025-11-12,LIND.OQ,-0.4775
2025-11-13,GERN.OQ,-0.11314
2025-11-14,HNRG.OQ,0.92
2025-11-18,TYRA.OQ,-1.98429
2025-11-18,GERN.OQ,-0.11333
2025-11-21,TYRA.OQ,-1.985
2025-12-03,HNRG.OQ,0.98
2025-12-04,TYRA.OQ,-1.98667
2025-12-22,GERN.OQ,-0.11333
2025-12-30,LIND.OQ,-0.49
2026-01-05,TYRA.OQ,-1.98111
2026-01-22,HNRG.OQ,0.9725
2026-01-22,HNRG.OQ,0.635
2026-01-23,TYRA.OQ,-1.98333
2026-01-27,TYRA.OQ,-1.9826
2026-02-10,TYRA.OQ,-1.98055
2026-02-12,TYRA.OQ,-1.98509
2026-02-24,TYRA.OQ,-1.97883
2026-02-24,NEXT.OQ,-1.36333
2026-02-24,NEXT.OQ,-1.94
2026-02-25,GERN.OQ,-0.04333
2026-02-26,LIND.OQ,0.072
2026-02-27,LIND.OQ,0.088
2026-03-02,TYRA.OQ,-2.32683
2026-03-03,TYRA.OQ,-2.361
2026-03-04,TYRA.OQ,-2.37183
2026-03-05,NEXT.OQ,-2.001
2026-03-05,LIND.OQ,0.0975
2026-03-06,TYRA.OQ,-2.361
2026-03-09,TYRA.OQ,-2.37778
2026-03-09,LIND.OQ,0.0825
2026-03-10,TYRA.OQ,-2.405
2026-03-13,HNRG.OQ,0.39
2026-03-16,NEXT.OQ,-2.8965
2026-03-16,LIND.OQ,0.09
2026-03-24,HNRG.OQ,0.644
2014-10-27,CHCO.OQ,3.222
2014-11-06,STBA.OQ,1.925
2014-12-15,PAHC.OQ,1.59633
2014-12-22,HLX.N,1.95444
2015-01-11,HLX.N,1.95333
2015-01-12,CHCO.OQ,3.2175
2015-01-26,CHCO.OQ,3.506
2015-01-27,STBA.OQ,2.01
2015-02-03,STBA.OQ,2.0375
2015-02-09,STBA.OQ,2.06
2015-02-11,PAHC.OQ,1.593
2015-02-13,PAHC.OQ,1.6136
2015-02-17,PAHC.OQ,1.593
2015-02-17,HLX.N,1.457
2015-02-18,HLX.N,1.083
2015-02-19,PAHC.OQ,1.5796
2015-02-19,HLX.N,0.996
2015-02-23,HLX.N,0.896
2015-02-24,PAHC.OQ,1.6056
2015-02-25,HLX.N,0.84333
2015-02-27,HLX.N,0.8
2015-03-02,PAHC.OQ,1.6125
2015-03-02,HLX.N,0.779
2015-03-03,HLX.N,0.723
2015-03-16,PAHC.OQ,1.622
2015-03-16,HLX.N,0.703
2015-03-27,HLX.N,0.704
2015-03-30,STBA.OQ,2.026
2015-04-01,HLX.N,0.649
2015-04-02,STBA.OQ,2.0025
2015-04-13,HLX.N,0.614
2015-04-13,CHCO.OQ,3.578
2015-04-17,HLX.N,0.607
2015-04-20,HLX.N,0.611
2015-04-20,CHCO.OQ,3.595
2015-04-21,STBA.OQ,1.95333
2015-04-21,HLX.N,0.661
2015-04-22,HLX.N,0.663
2015-04-23,HLX.N,0.667
2015-04-23,CHCO.OQ,3.36333
2015-04-24,PAHC.OQ,1.618
2015-04-24,CHCO.OQ,3.24
2015-04-27,HLX.N,0.62444
2015-04-29,HLX.N,0.65778
2015-05-08,HLX.N,0.65778
2015-05-12,PAHC.OQ,1.66
2015-05-13,PAHC.OQ,1.662
2015-05-22,HLX.N,0.66111
2015-06-01,HLX.N,0.66556
2015-06-01,CHCO.OQ,3.24333
2015-06-04,STBA.OQ,1.9575
2015-06-17,HLX.N,0.66
2015-06-24,HLX.N,0.67667
2015-06-29,HLX.N,0.67556
2015-07-02,HLX.N,0.6698
2015-07-15,PAHC.OQ,1.6625
2015-07-16,HLX.N,0.65255
2015-07-20,HLX.N,0.656
2015-07-21,STBA.OQ,2.028
2015-07-21,HLX.N,0.564
2015-07-22,STBA.OQ,2.042
2015-07-22,HLX.N,0.397
2015-07-23,HLX.N,0.355
2015-07-23,CHCO.OQ,3.365
2015-07-24,HLX.N,0.268
2015-08-03,CHCO.OQ,3.57
2015-08-10,HLX.N,0.235
2015-08-10,CHCO.OQ,3.545
2015-08-15,CHCO.OQ,3.555
2015-08-23,HLX.N,0.234
2015-08-28,HLX.N,0.229
2015-09-09,PAHC.OQ,1.7525
2015-09-09,HLX.N,0.228
2015-09-11,PAHC.OQ,1.715
2015-09-14,PAHC.OQ,1.7025
2015-09-21,HLX.N,0.22546
2015-09-28,HLX.N,0.22273
2015-09-30,PAHC.OQ,1.712
2015-09-30,CHCO.OQ,3.4375
2015-10-05,HLX.N,0.221
2015-10-07,HLX.N,0.199
2015-10-09,STBA.OQ,2.0525
2015-10-09,CHCO.OQ,3.39333
2015-10-15,HLX.N,0.20444
2015-10-20,STBA.OQ,2.02
2015-10-20,HLX.N,0.21889
2015-10-21,HLX.N,0.215
2015-10-22,HLX.N,0.203
2015-10-22,CHCO.OQ,3.32667
2015-10-23,HLX.N,0.2
2015-10-23,CHCO.OQ,3.41333
2015-10-27,HLX.N,0.19182
2015-11-13,PAHC.OQ,1.715
2015-11-16,PAHC.OQ,1.73
2015-12-08,HLX.N,0.18182
2015-12-11,HLX.N,0.17818
2015-12-21,PAHC.OQ,1.715
2015-12-29,HLX.N,0.17455
2016-01-08,CHCO.OQ,3.1225
2016-01-08,CHCO.OQ,3.4025
2016-01-12,HLX.N,0.16546
2016-01-13,HLX.N,0.16909
2016-01-15,PAHC.OQ,1.7225
2016-01-21,HLX.N,0.16364
2016-01-26,STBA.OQ,2.26
2016-01-26,CHCO.OQ,3.1125
2016-01-27,CHCO.OQ,3.1175
2016-01-28,STBA.OQ,2.2425
2016-02-01,CHCO.OQ,3.14
2016-02-02,STBA.OQ,2.12333
2016-02-03,PAHC.OQ,1.7274
2016-02-10,PAHC.OQ,1.7218
2016-02-10,CHCO.OQ,3.15
2016-02-11,PAHC.OQ,1.7098
2016-02-12,PAHC.OQ,1.7038
2016-02-16,CHCO.OQ,3.1425
2016-02-17,HLX.N,0.16455
2016-02-17,HLX.N,-0.13358
2016-02-23,HLX.N,-0.1995
2016-02-24,HLX.N,-0.287
2016-02-26,HLX.N,-0.32218
2016-02-29,HLX.N,-0.24491
2016-03-01,HLX.N,-0.28309
2016-03-09,HLX.N,-0.29582
2016-03-16,HLX.N,-0.357
2016-03-17,HLX.N,-0.30117
2016-04-08,HLX.N,-0.30533
2016-04-11,PAHC.OQ,1.6958
2016-04-12,HLX.N,-0.28783
2016-04-20,HLX.N,-0.274
2016-04-21,STBA.OQ,2.03667
2016-04-21,HLX.N,-0.274
2016-04-22,STBA.OQ,2.0
2016-04-22,HLX.N,-0.29067
2016-04-25,CHCO.OQ,3.1775
2016-04-26,STBA.OQ,1.9375
2016-04-26,HLX.N,-0.32618
2016-04-26,CHCO.OQ,3.234
2016-04-27,HLX.N,-0.3268
2016-04-29,HLX.N,-0.31978
2016-05-09,PAHC.OQ,1.6696
2016-05-10,PAHC.OQ,1.6556
2016-05-11,PAHC.OQ,1.6356
2016-05-11,HLX.N,-0.33756
2016-05-12,PAHC.OQ,1.6096
2016-05-16,PAHC.OQ,1.5945
2016-05-18,HLX.N,-0.3518
2016-05-24,HLX.N,-0.3528
2016-06-03,HLX.N,-0.3558
2016-06-06,HLX.N,-0.3498
2016-07-01,HLX.N,-0.3388
2016-07-05,CHCO.OQ,3.232
2016-07-12,HLX.N,-0.3868
2016-07-14,HLX.N,-0.3948
2016-07-18,HLX.N,-0.4048
2016-07-19,HLX.N,-0.4022
2016-07-20,HLX.N,-0.4102
2016-07-21,STBA.OQ,1.955
2016-07-21,HLX.N,-0.3862
2016-07-22,STBA.OQ,1.9425
2016-07-25,STBA.OQ,1.9575
2016-07-26,HLX.N,-0.3722
2016-07-26,CHCO.OQ,3.244
2016-07-27,CHCO.OQ,3.248
2016-07-28,CHCO.OQ,3.255
2016-08-02,CHCO.OQ,3.2475
2016-08-10,HLX.N,-0.3632
2016-08-16,HLX.N,-0.36382
2016-08-19,PAHC.OQ,1.5916
2016-08-29,PAHC.OQ,1.5556
2016-08-30,PAHC.OQ,1.5376
2016-09-01,PAHC.OQ,1.4976
2016-09-02,PAHC.OQ,1.4536
2016-09-05,PAHC.OQ,1.412
2016-09-27,CHCO.OQ,3.2375
2016-10-05,HLX.N,-0.36183
2016-10-06,HLX.N,-0.35183
2016-10-07,HLX.N,-0.351
2016-10-18,HLX.N,-0.35382
2016-10-19,HLX.N,-0.35018
2016-10-20,HLX.N,-0.32491
2016-10-21,STBA.OQ,2.0475
2016-10-21,HLX.N,-0.30036
2016-10-24,STBA.OQ,2.0825
2016-10-24,HLX.N,-0.284
2016-10-24,CHCO.OQ,3.3125
2016-10-25,HLX.N,-0.27218
2016-10-25,CHCO.OQ,3.3675
2016-11-10,PAHC.OQ,1.4136
2016-11-16,PAHC.OQ,1.412
2016-11-28,HLX.N,-0.2724
2016-12-07,HLX.N,-0.2854
2016-12-08,HLX.N,-0.3084
2016-12-12,HLX.N,-0.3164
2016-12-14,PAHC.OQ,1.412
2016-12-15,STBA.OQ,2.085
2016-12-15,PAHC.OQ,1.4136
2017-01-03,HLX.N,-0.3224
2017-01-09,HLX.N,-0.3204
2017-01-11,STBA.OQ,2.215
2017-01-13,PAHC.OQ,1.4136
2017-01-19,HLX.N,-0.3274
2017-01-19,CHCO.OQ,3.375
2017-01-20,CHCO.OQ,3.4025
2017-01-23,CHCO.OQ,3.415
2017-01-30,STBA.OQ,2.2225
2017-01-31,STBA.OQ,2.2375
2017-02-06,PAHC.OQ,1.4196
2017-02-07,PAHC.OQ,1.4356
2017-02-08,CHCO.OQ,3.41
2017-02-10,PAHC.OQ,1.4316
2017-02-21,HLX.N,-0.1435
2017-02-22,HLX.N,-0.1285
2017-02-23,HLX.N,-0.14382
2017-03-02,HLX.N,-0.13836
2017-03-06,CHCO.OQ,3.408
2017-03-16,STBA.OQ,2.2425
2017-03-22,CHCO.OQ,3.422
2017-04-03,HLX.N,-0.142
2017-04-04,STBA.OQ,2.2475
2017-04-04,CHCO.OQ,3.424
2017-04-13,STBA.OQ,2.2425
2017-04-17,HLX.N,-0.14473
2017-04-19,HLX.N,-0.14682
2017-04-20,STBA.OQ,2.2125
2017-04-20,HLX.N,-0.14864
2017-04-20,CHCO.OQ,3.436
2017-04-21,STBA.OQ,2.2375
2017-04-21,PAHC.OQ,1.4245
2017-04-21,HLX.N,-0.1505
2017-04-24,HLX.N,-0.1696
2017-04-24,CHCO.OQ,3.574
2017-04-25,HLX.N,-0.1716
2017-04-25,CHCO.OQ,3.678
2017-04-28,HLX.N,-0.18733
2017-05-01,HLX.N,-0.1896
2017-05-09,PAHC.OQ,1.4335
2017-05-15,PAHC.OQ,1.45133
2017-05-17,HLX.N,-0.1976
2017-06-05,HLX.N,-0.18511
2017-06-16,HLX.N,-0.18325
2017-06-21,PAHC.OQ,1.451
2017-06-21,HLX.N,-0.18575
2017-06-27,HLX.N,-0.1945
2017-06-28,CHCO.OQ,3.676
2017-07-13,STBA.OQ,2.24
2017-07-14,HLX.N,-0.197
2017-07-20,STBA.OQ,2.27
2017-07-20,HLX.N,-0.1995
2017-07-21,STBA.OQ,2.2825
2017-07-21,HLX.N,-0.202
2017-07-24,STBA.OQ,2.3
2017-07-24,HLX.N,-0.18214
2017-07-24,CHCO.OQ,3.846
2017-07-25,HLX.N,-0.133
2017-07-25,CHCO.OQ,3.872
2017-08-23,PAHC.OQ,1.4508
2017-08-30,PAHC.OQ,1.54367
2017-08-31,PAHC.OQ,1.54367
2017-09-01,PAHC.OQ,1.56033
2017-09-05,HLX.N,-0.13583
2017-09-06,PAHC.OQ,1.5744
2017-09-15,PAHC.OQ,1.56367
2017-09-19,IIPR.N,-0.12
2017-09-26,HLX.N,-0.14929
2017-10-03,CHCO.OQ,3.836
2017-10-18,HLX.N,-0.14643
2017-10-18,CHCO.OQ,3.814
2017-10-19,STBA.OQ,2.3425
2017-10-19,CHCO.OQ,3.844
2017-10-20,STBA.OQ,2.3575
2017-10-20,IIPR.N,-0.25
2017-10-23,STBA.OQ,2.3675
2017-10-23,HLX.N,-0.13786
2017-10-24,HLX.N,-0.12643
2017-10-27,HLX.N,-0.13643
2017-11-06,PAHC.OQ,1.56033
2017-11-07,PAHC.OQ,1.56017
2017-11-08,PAHC.OQ,1.5635
2017-11-10,HLX.N,-0.14071
2017-11-13,PAHC.OQ,1.5742
2017-11-29,IIPR.N,-0.07
2017-12-04,PAHC.OQ,1.55683
2017-12-27,CHCO.OQ,4.016
2018-01-04,CHCO.OQ,3.8425
2018-01-16,STBA.OQ,2.78
2018-01-24,CHCO.OQ,4.334
2018-01-24,IIPR.N,-0.06
2018-01-25,CHCO.OQ,4.36
2018-01-26,STBA.OQ,2.84
2018-01-26,CHCO.OQ,4.56
2018-01-31,STBA.OQ,2.872
2018-02-06,PAHC.OQ,1.57417
2018-02-07,PAHC.OQ,1.6525
2018-02-08,STBA.OQ,2.8795
2018-02-12,PAHC.OQ,1.689
2018-02-20,HLX.N,0.13882
2018-02-21,HLX.N,0.13246
2018-02-21,IIPR.N,-0.18
2018-02-21,IIPR.N,0.34
2018-02-22,HLX.N,0.12791
2018-02-26,STBA.OQ,2.89
2018-02-26,CHCO.OQ,4.566
2018-03-07,HLX.N,0.1227
2018-03-08,HLX.N,0.12518
2018-03-13,HLX.N,0.12522
2018-03-14,HLX.N,0.1277
2018-03-15,PAHC.OQ,1.68875
2018-03-28,HLX.N,0.1247
2018-03-29,IIPR.N,0.685
2018-04-03,IIPR.N,0.68
2018-04-13,HLX.N,0.1217
2018-04-19,STBA.OQ,2.9025
2018-04-19,HLX.N,0.1267
2018-04-19,CHCO.OQ,4.6
2018-04-20,STBA.OQ,2.92
2018-04-20,CHCO.OQ,4.62
2018-04-23,STBA.OQ,2.945
2018-04-24,HLX.N,0.1373
2018-04-25,HLX.N,0.1383
2018-04-26,HLX.N,0.1513
2018-04-26,CHCO.OQ,4.64
2018-04-30,HLX.N,0.14922
2018-05-08,PAHC.OQ,1.70625
2018-05-09,PAHC.OQ,1.725
2018-05-10,IIPR.N,0.845
2018-06-04,STBA.OQ,2.861
2018-06-05,HLX.N,0.15288
2018-06-14,HLX.N,0.15163
2018-06-20,HLX.N,0.14913
2018-06-26,CHCO.OQ,4.642
2018-07-03,PAHC.OQ,1.71
2018-07-03,PAHC.OQ,1.8514
2018-07-10,STBA.OQ,2.8335
2018-07-11,CHCO.OQ,4.646
2018-07-12,CHCO.OQ,4.626
2018-07-16,CHCO.OQ,4.632
2018-07-18,STBA.OQ,2.835
2018-07-19,STBA.OQ,2.84
2018-07-19,HLX.N,0.14757
2018-07-19,CHCO.OQ,4.678
2018-07-20,STBA.OQ,2.86
2018-07-20,CHCO.OQ,4.86
2018-07-23,STBA.OQ,2.8675
2018-07-23,PAHC.OQ,1.708
2018-07-24,HLX.N,0.17114
2018-07-25,HLX.N,0.17257
2018-07-25,CHCO.OQ,4.908
2018-07-27,HLX.N,0.184
2018-07-30,HLX.N,0.19467
2018-08-14,IIPR.N,0.785
2018-08-22,STBA.OQ,2.872
2018-08-28,PAHC.OQ,1.8084
2018-08-29,PAHC.OQ,1.7784
2018-09-01,HLX.N,0.19467
2018-09-03,PAHC.OQ,1.7555
2018-09-10,IIPR.N,0.77
2018-09-17,PAHC.OQ,1.7555
2018-10-09,HLX.N,0.193
2018-10-10,IIPR.N,0.745
2018-10-18,STBA.OQ,2.88
2018-10-18,HLX.N,0.19467
2018-10-19,STBA.OQ,2.935
2018-10-22,STBA.OQ,2.95
2018-10-22,PAHC.OQ,1.7505
2018-10-22,CHCO.OQ,5.014
2018-10-23,HLX.N,0.206
2018-10-23,CHCO.OQ,5.03
2018-10-26,HLX.N,0.235
2018-11-06,PAHC.OQ,1.73825
2018-11-07,PAHC.OQ,1.72825
2018-11-08,PAHC.OQ,1.71575
2018-11-08,IIPR.N,0.735
2018-11-09,IIPR.N,0.76
2018-11-09,IIPR.N,1.965
2018-11-13,PAHC.OQ,1.69767
2018-11-19,PAHC.OQ,1.69575
2018-12-13,HLX.N,0.2325
2018-12-17,HLX.N,0.2275
2018-12-20,CHCO.OQ,5.054
2019-01-24,CHCO.OQ,5.184
2019-01-25,CHCO.OQ,5.208
2019-01-28,CHCO.OQ,5.25
2019-01-31,STBA.OQ,3.151
2019-02-01,STBA.OQ,3.149
2019-02-04,STBA.OQ,3.098
2019-02-06,PAHC.OQ,1.69025
2019-02-07,PAHC.OQ,1.68275
2019-02-08,PAHC.OQ,1.68025
2019-02-19,HLX.N,0.26833
2019-02-24,STBA.OQ,3.096
2019-02-25,HLX.N,0.232
2019-03-05,HLX.N,0.234
2019-03-06,HLX.N,0.24357
2019-03-20,IIPR.N,1.92
2019-04-05,HLX.N,0.24686
2019-04-08,CHCO.OQ,5.258
2019-04-15,HLX.N,0.24733
2019-04-17,CHCO.OQ,5.302
2019-04-18,STBA.OQ,2.9958
2019-04-18,CHCO.OQ,5.301
2019-04-22,STBA.OQ,2.9698
2019-04-22,PAHC.OQ,1.67775
2019-04-22,HLX.N,0.26067
2019-04-23,HLX.N,0.27117
2019-04-24,HLX.N,0.28229
2019-04-25,HLX.N,0.29329
2019-04-26,HLX.N,0.299
2019-05-03,CHCO.OQ,5.307
2019-05-06,PAHC.OQ,1.6405
2019-05-07,PAHC.OQ,1.5755
2019-05-08,PAHC.OQ,1.5255
2019-05-09,IIPR.N,1.94
2019-05-22,PAHC.OQ,1.5444
2019-05-29,IIPR.N,1.98
2019-06-03,CHCO.OQ,5.30917
2019-06-10,STBA.OQ,2.98933
2019-06-10,PAHC.OQ,1.537
2019-06-12,IIPR.N,1.98
2019-06-18,IIPR.N,1.825
2019-06-26,CHCO.OQ,5.30417
2019-07-07,CHCO.OQ,5.3025
2019-07-08,STBA.OQ,2.96933
2019-07-09,HLX.N,0.29757
2019-07-10,HLX.N,0.29729
2019-07-15,IIPR.N,1.79
2019-07-16,HLX.N,0.30157
2019-07-18,STBA.OQ,2.934
2019-07-18,IIPR.N,1.6
2019-07-22,CHCO.OQ,5.3275
2019-07-23,CHCO.OQ,5.34583
2019-07-24,CHCO.OQ,5.35583
2019-07-25,HLX.N,0.30257
2019-07-26,CHCO.OQ,5.37267
2019-07-29,HLX.N,0.29971
2019-08-07,STBA.OQ,2.938
2019-08-08,STBA.OQ,2.934
2019-08-08,IIPR.N,1.71
2019-08-27,PAHC.OQ,1.57567
2019-08-28,PAHC.OQ,1.364
2019-08-29,PAHC.OQ,1.19233
2019-09-03,STBA.OQ,2.934
2019-09-03,PAHC.OQ,1.1088
2019-09-03,HLX.N,0.29225
2019-09-05,PAHC.OQ,1.11567
2019-09-12,HLX.N,0.29038
2019-09-25,CHCO.OQ,5.36267
2019-09-27,IIPR.N,1.76
2019-10-01,CHCO.OQ,5.3532
2019-10-11,CHCO.OQ,5.3432
2019-10-15,STBA.OQ,2.926
2019-10-16,IIPR.N,1.73
2019-10-21,HLX.N,0.29163
2019-10-22,HLX.N,0.30488
2019-10-23,HLX.N,0.32113
2019-10-23,CHCO.OQ,5.344
2019-10-24,STBA.OQ,2.94367
2019-10-28,STBA.OQ,3.00733
2019-10-28,HLX.N,0.339
2019-10-28,CHCO.OQ,5.35
2019-10-29,CHCO.OQ,5.36333
2019-10-30,CHCO.OQ,5.3625
2019-10-31,CHCO.OQ,5.364
2019-11-04,PAHC.OQ,1.11467
2019-11-05,PAHC.OQ,1.10633
2019-11-05,HLX.N,0.33271
2019-11-06,HLX.N,0.34057
2019-11-07,IIPR.N,1.855
2019-11-12,HLX.N,0.343
2019-11-13,IIPR.N,1.8
2019-11-18,STBA.OQ,3.00633
2019-11-25,IIPR.N,1.68
2019-12-04,HLX.N,0.34363
2020-01-06,HLX.N,0.35363
2020-01-06,CHCO.OQ,5.37
2020-01-06,IIPR.N,1.76
2020-01-09,HLX.N,0.41025
2020-01-09,HLX.N,0.353
2020-01-14,STBA.OQ,3.00475
2020-01-28,STBA.OQ,3.00633
2020-01-28,PAHC.OQ,1.108
2020-01-29,CHCO.OQ,5.19633
2020-01-30,STBA.OQ,3.04725
2020-01-31,STBA.OQ,3.05475
2020-01-31,CHCO.OQ,5.183
2020-02-03,STBA.OQ,3.033
2020-02-03,PAHC.OQ,1.12383
2020-02-04,PAHC.OQ,1.14383
2020-02-05,PAHC.OQ,1.1605
2020-02-06,CHCO.OQ,5.18633
2020-02-10,PAHC.OQ,1.1706
2020-02-11,PAHC.OQ,1.1755
2020-02-12,IIPR.N,1.76
2020-02-12,IIPR.N,4.51
2020-02-25,HLX.N,0.39913
2020-02-26,HLX.N,0.38288
2020-02-27,HLX.N,0.35413
2020-02-28,IIPR.N,4.66
2020-03-01,HLX.N,0.34589
2020-03-05,HLX.N,0.33544
2020-03-06,HLX.N,0.32989
2020-03-06,CHCO.OQ,5.113
2020-03-09,HLX.N,0.28433
2020-03-10,IIPR.N,4.235
2020-03-12,HLX.N,0.25433
2020-03-13,HLX.N,0.23844
2020-03-16,CHCO.OQ,4.99133
2020-03-16,IIPR.N,4.11
2020-03-17,STBA.OQ,3.02733
2020-03-17,HLX.N,0.20489
2020-03-18,CHCO.OQ,4.90467
2020-03-19,STBA.OQ,2.81767
2020-03-19,HLX.N,0.17378
2020-03-19,CHCO.OQ,4.75833
2020-03-19,IIPR.N,3.71667
2020-03-23,IIPR.N,3.8425
2020-03-25,PAHC.OQ,1.17383
2020-03-26,HLX.N,0.11711
2020-03-30,HLX.N,0.11378
2020-03-31,STBA.OQ,2.40667
2020-03-31,HLX.N,0.11956
2020-03-31,CHCO.OQ,4.56667
2020-04-02,PAHC.OQ,1.16383
2020-04-02,HLX.N,0.10567
2020-04-08,HLX.N,0.09678
2020-04-09,HLX.N,-0.00544
2020-04-12,HLX.N,-0.05433
2020-04-14,HLX.N,-0.08211
2020-04-16,STBA.OQ,2.16
2020-04-16,CHCO.OQ,4.41333
2020-04-20,PAHC.OQ,1.15217
2020-04-23,HLX.N,-0.124
2020-04-24,HLX.N,-0.16714
2020-04-27,HLX.N,-0.17571
2020-04-29,HLX.N,-0.21
2020-04-29,CHCO.OQ,4.58167
2020-04-30,CHCO.OQ,4.43333
2020-05-01,STBA.OQ,1.9075
2020-05-03,STBA.OQ,1.8845
2020-05-05,STBA.OQ,1.97125
2020-05-05,HLX.N,-0.24333
2020-05-07,STBA.OQ,1.855
2020-05-07,PAHC.OQ,1.1285
2020-05-07,CHCO.OQ,4.36
2020-05-08,IIPR.N,3.685
2020-05-11,PAHC.OQ,1.12683
2020-05-11,CHCO.OQ,4.24333
2020-05-12,PAHC.OQ,1.13517
2020-05-13,PAHC.OQ,1.13017
2020-05-14,PAHC.OQ,1.12683
2020-05-15,IIPR.N,3.5375
2020-05-20,IIPR.N,3.6125
2020-06-01,STBA.OQ,1.82125
2020-06-01,IIPR.N,3.63
2020-06-16,HLX.N,-0.18271
2020-06-17,STBA.OQ,1.84625
2020-06-23,IIPR.N,3.5875
2020-06-26,IIPR.N,3.5075
2020-06-30,STBA.OQ,1.835
2020-06-30,CHCO.OQ,4.21
2020-07-02,HLX.N,-0.18414
2020-07-06,HLX.N,-0.18271
2020-07-06,IIPR.N,3.3375
2020-07-09,CHCO.OQ,4.10167
2020-07-13,HLX.N,-0.21129
2020-07-20,PAHC.OQ,1.1235
2020-07-22,HLX.N,-0.16557
2020-07-23,HLX.N,-0.175
2020-07-23,CHCO.OQ,4.22
2020-07-24,HLX.N,-0.1175
2020-07-27,HLX.N,-0.11125
2020-07-27,CHCO.OQ,4.61833
2020-07-30,STBA.OQ,1.81333
2020-07-30,CHCO.OQ,4.6725
2020-07-31,STBA.OQ,1.26667
2020-07-31,HLX.N,-0.11
2020-08-03,HLX.N,-0.11288
2020-08-03,CHCO.OQ,4.648
2020-08-04,STBA.OQ,1.22333
2020-08-06,PAHC.OQ,1.1285
2020-08-07,IIPR.N,3.2875
2020-08-10,IIPR.N,3.3025
2020-08-12,IIPR.N,3.25
2020-08-17,IIPR.N,3.24
2020-08-26,PAHC.OQ,1.1785
2020-08-27,PAHC.OQ,1.17683
2020-08-28,PAHC.OQ,1.1735
2020-08-29,PAHC.OQ,1.19525
2020-09-01,PAHC.OQ,1.1642
2020-09-07,PAHC.OQ,1.17683
2020-09-08,HLX.N,-0.11144
2020-09-09,HLX.N,-0.1053
2020-09-15,HLX.N,-0.107
2020-09-17,HLX.N,-0.11033
2020-09-21,IIPR.N,3.2475
2020-09-30,CHCO.OQ,4.634
2020-10-08,IIPR.N,3.2525
2020-10-09,HLX.N,-0.105
2020-10-13,HLX.N,-0.10722
2020-10-19,HLX.N,-0.10944
2020-10-23,STBA.OQ,1.19333
2020-10-23,HLX.N,-0.05211
2020-10-26,STBA.OQ,1.18333
2020-10-26,HLX.N,-0.03113
2020-10-26,CHCO.OQ,5.032
2020-10-27,HLX.N,-0.00989
2020-10-27,CHCO.OQ,5.2
2020-10-29,CHCO.OQ,5.1975
2020-10-30,HLX.N,0.01388
2020-11-04,PAHC.OQ,1.17717
2020-11-05,IIPR.N,3.32
2020-11-06,PAHC.OQ,1.16883
2020-11-06,CHCO.OQ,5.216
2020-11-06,IIPR.N,3.395
2020-11-09,PAHC.OQ,1.13575
2020-11-09,IIPR.N,3.49
2020-11-11,PAHC.OQ,1.1455
2020-11-13,STBA.OQ,1.11667
2020-11-20,STBA.OQ,1.58
2020-11-25,STBA.OQ,1.58
2020-11-27,CHCO.OQ,5.22333
2020-12-07,HLX.N,0.01513
2020-12-15,STBA.OQ,1.58
2020-12-18,CHCO.OQ,5.23
2020-12-23,IIPR.N,3.47
2020-12-28,STBA.OQ,1.655
2020-12-28,CHCO.OQ,5.235
2021-01-06,HLX.N,0.01763
2021-01-13,HLX.N,0.01888
2021-01-15,PAHC.OQ,1.1555
2021-01-25,CHCO.OQ,4.185
2021-01-26,CHCO.OQ,4.38867
2021-01-28,STBA.OQ,2.02625
2021-01-28,CHCO.OQ,4.4744
2021-01-28,IIPR.N,3.462
2021-01-29,CHCO.OQ,4.47867
2021-01-29,IIPR.N,3.442
2021-02-01,STBA.OQ,2.10625
2021-02-01,PAHC.OQ,1.1455
2021-02-02,STBA.OQ,2.135
2021-02-03,STBA.OQ,2.06375
2021-02-04,PAHC.OQ,1.17033
2021-02-05,PAHC.OQ,1.17867
2021-02-06,PAHC.OQ,1.1944
2021-02-09,PAHC.OQ,1.19033
2021-02-21,PAHC.OQ,1.20867
2021-02-22,HLX.N,-0.22313
2021-02-23,HLX.N,-0.21938
2021-02-24,HLX.N,-0.22438
2021-02-24,IIPR.N,5.628
2021-02-25,HLX.N,-0.275
2021-02-26,HLX.N,-0.25813
2021-02-26,IIPR.N,5.148
2021-03-01,IIPR.N,4.798
2021-03-03,HLX.N,-0.255
2021-03-15,HLX.N,-0.2475
2021-03-30,STBA.OQ,2.1525
2021-03-30,CHCO.OQ,4.495
2021-03-31,CHCO.OQ,4.51
2021-04-01,HLX.N,-0.23889
2021-04-06,HLX.N,-0.24089
2021-04-07,STBA.OQ,2.1575
2021-04-07,CHCO.OQ,4.47
2021-04-09,HLX.N,-0.23867
2021-04-12,HLX.N,-0.24311
2021-04-20,HLX.N,-0.24822
2021-04-23,STBA.OQ,2.2825
2021-04-23,CHCO.OQ,4.484
2021-04-26,STBA.OQ,2.3425
2021-04-26,CHCO.OQ,4.606
2021-04-27,HLX.N,-0.28678
2021-04-27,CHCO.OQ,4.674
2021-04-28,HLX.N,-0.32122
2021-04-29,HLX.N,-0.34775
2021-05-06,PAHC.OQ,1.217
2021-05-06,IIPR.N,4.728
2021-05-07,IIPR.N,4.8175
2021-05-10,IIPR.N,4.76667
2021-05-11,STBA.OQ,2.525
2021-05-11,PAHC.OQ,1.22367
2021-05-12,PAHC.OQ,1.26867
2021-05-13,HLX.N,-0.34467
2021-05-19,PAHC.OQ,1.262
2021-05-21,IIPR.N,4.71333
2021-06-10,HLX.N,-0.34133
2021-06-30,CHCO.OQ,4.682
2021-07-12,STBA.OQ,2.576
2021-07-14,PAHC.OQ,1.2604
2021-07-15,HLX.N,-0.34144
2021-07-16,HLX.N,-0.34256
2021-07-22,STBA.OQ,2.612
2021-07-22,CHCO.OQ,4.754
2021-07-26,STBA.OQ,2.654
2021-07-26,CHCO.OQ,4.986
2021-07-27,HLX.N,-0.34633
2021-07-28,HLX.N,-0.35756
2021-08-02,PAHC.OQ,1.351
2021-08-02,HLX.N,-0.3935
2021-08-06,IIPR.N,4.62333
2021-08-09,IIPR.N,4.85
2021-08-11,HLX.N,-0.39686
2021-08-12,HLX.N,-0.37975
2021-08-17,IIPR.N,4.79
2021-08-25,IIPR.N,4.73333
2021-08-26,PAHC.OQ,1.31475
2021-08-27,PAHC.OQ,1.30725
2021-08-30,CHCO.OQ,5.152
2021-09-01,PAHC.OQ,1.2945
2021-09-07,IIPR.N,4.71
2021-09-09,PAHC.OQ,1.28633
2021-09-22,STBA.OQ,2.746
2021-09-24,PAHC.OQ,1.285
2021-10-15,PAHC.OQ,1.28667
2021-10-21,STBA.OQ,2.762
2021-10-21,HLX.N,-0.3985
2021-10-21,CHCO.OQ,5.314
2021-10-22,STBA.OQ,2.8456
2021-10-22,HLX.N,-0.43725
2021-10-22,CHCO.OQ,5.426
2021-10-25,STBA.OQ,2.8736
2021-10-25,HLX.N,-0.4485
2021-10-26,CHCO.OQ,5.478
2021-10-27,HLX.N,-0.5216
2021-11-02,PAHC.OQ,1.29
2021-11-02,HLX.N,-0.50633
2021-11-03,PAHC.OQ,1.27167
2021-11-04,IIPR.N,4.705
2021-11-07,IIPR.N,4.655
2021-11-08,HLX.N,-0.49257
2021-11-09,PAHC.OQ,1.2675
2021-11-15,HLX.N,-0.496
2021-11-15,IIPR.N,4.66
2021-11-17,IIPR.N,4.67
2021-11-18,PAHC.OQ,1.275
2021-12-15,HLX.N,-0.4935
2021-12-21,IIPR.N,4.65
2022-01-10,PAHC.OQ,1.28
2022-01-18,IIPR.N,6.3125
2022-01-25,CHCO.OQ,5.0396
2022-01-26,CHCO.OQ,5.1392
2022-01-27,STBA.OQ,2.4374
2022-01-28,STBA.OQ,2.4288
2022-01-31,STBA.OQ,2.4348
2022-01-31,HLX.N,-0.63938
2022-01-31,CHCO.OQ,5.1512
2022-02-01,STBA.OQ,2.4068
2022-02-03,STBA.OQ,2.4278
2022-02-10,PAHC.OQ,1.31667
2022-02-11,PAHC.OQ,1.34333
2022-02-16,PAHC.OQ,1.35667
2022-02-23,HLX.N,-0.64688
2022-02-24,IIPR.N,6.18
2022-02-25,IIPR.N,6.112
2022-02-28,HLX.N,-0.52175
2022-03-02,HLX.N,-0.48175
2022-03-04,HLX.N,-0.50425
2022-03-08,HLX.N,-0.514
2022-03-08,IIPR.N,6.062
2022-03-09,STBA.OQ,2.4442
2022-03-09,CHCO.OQ,5.1772
2022-03-11,HLX.N,-0.50914
2022-03-15,HLX.N,-0.51425
2022-03-18,HLX.N,-0.513
2022-03-29,STBA.OQ,2.4648
2022-03-29,CHCO.OQ,5.228
2022-03-30,CHCO.OQ,5.232
2022-04-11,IIPR.N,5.982
2022-04-13,STBA.OQ,2.5538
2022-04-18,HLX.N,-0.51175
2022-04-21,STBA.OQ,2.6196
2022-04-21,IIPR.N,5.884
2022-04-22,STBA.OQ,2.6476
2022-04-22,CHCO.OQ,5.354
2022-04-25,STBA.OQ,2.7216
2022-04-25,CHCO.OQ,5.57
2022-04-26,HLX.N,-0.51688
2022-04-27,HLX.N,-0.5205
2022-04-28,STBA.OQ,2.702
2022-04-28,HLX.N,-0.53925
2022-04-29,HLX.N,-0.5705
2022-05-02,HLX.N,-0.61067
2022-05-04,HLX.N,-0.624
2022-05-05,PAHC.OQ,1.34333
2022-05-05,PAHC.OQ,1.33667
2022-05-06,IIPR.N,6.094
2022-05-09,IIPR.N,6.08
2022-05-11,STBA.OQ,2.7596
2022-05-16,HLX.N,-0.60343
2022-05-18,HLX.N,-0.59071
2022-06-02,STBA.OQ,2.783
2022-06-02,HLX.N,-0.59438
2022-06-02,CHCO.OQ,5.588
2022-06-02,IIPR.N,5.93
2022-06-29,CHCO.OQ,5.63
2022-07-07,STBA.OQ,2.8404
2022-07-07,CHCO.OQ,5.644
2022-07-08,HLX.N,-0.59313
2022-07-13,STBA.OQ,2.8564
2022-07-15,HLX.N,-0.57938
2022-07-15,IIPR.N,5.832
2022-07-18,CHCO.OQ,5.59
2022-07-18,IIPR.N,5.706
2022-07-19,IIPR.N,5.618
2022-07-20,HLX.N,-0.585
2022-07-21,STBA.OQ,2.8734
2022-07-21,CHCO.OQ,5.6925
2022-07-22,STBA.OQ,2.9762
2022-07-22,CHCO.OQ,6.045
2022-07-22,IIPR.N,5.566
2022-07-25,STBA.OQ,3.0042
2022-07-26,HLX.N,-0.54271
2022-07-27,HLX.N,-0.53043
2022-07-28,STBA.OQ,3.08775
2022-07-28,CHCO.OQ,6.26
2022-08-01,HLX.N,-0.53883
2022-08-05,IIPR.N,5.664
2022-08-08,HLX.N,-0.4966
2022-08-08,IIPR.N,5.448
2022-08-10,IIPR.N,5.405
2022-08-11,HLX.N,-0.53325
2022-08-26,PAHC.OQ,1.27667
2022-08-31,PAHC.OQ,1.335
2022-09-06,CHCO.OQ,6.2675
2022-09-16,PAHC.OQ,1.28333
2022-09-19,IIPR.N,5.41
2022-09-29,STBA.OQ,3.0882
2022-10-06,STBA.OQ,3.1108
2022-10-06,HLX.N,-0.5066
2022-10-06,CHCO.OQ,6.28
2022-10-12,STBA.OQ,3.1648
2022-10-13,HLX.N,-0.5246
2022-10-19,CHCO.OQ,6.5275
2022-10-20,STBA.OQ,3.2178
2022-10-20,CHCO.OQ,6.62
2022-10-21,STBA.OQ,3.2818
2022-10-24,STBA.OQ,3.3738
2022-10-24,PAHC.OQ,1.27
2022-10-25,HLX.N,-0.57267
2022-10-26,HLX.N,-0.562
2022-10-27,HLX.N,-0.5835
2022-10-27,IIPR.N,5.3575
2022-11-02,IIPR.N,5.4
2022-11-04,HLX.N,-0.5928
2022-11-07,IIPR.N,5.372
2022-11-08,IIPR.N,5.386
2022-11-09,PAHC.OQ,1.24667
2022-11-09,IIPR.N,5.4275
2022-11-10,IIPR.N,5.4
2022-11-17,PAHC.OQ,1.21
2022-11-18,STBA.OQ,3.3738
2022-11-20,PAHC.OQ,1.22333
2022-11-23,CHCO.OQ,6.62
2022-12-21,PAHC.OQ,1.2
2023-01-20,IIPR.N,5.378
2023-01-20,IIPR.N,5.565
2023-01-24,CHCO.OQ,7.2195
2023-01-26,STBA.OQ,3.412
2023-01-30,STBA.OQ,3.7034
2023-01-30,CHCO.OQ,7.21975
2023-01-31,CHCO.OQ,7.4245
2023-01-31,IIPR.N,5.362
2023-02-01,CHCO.OQ,7.47633
2023-02-02,STBA.OQ,3.83475
2023-02-08,PAHC.OQ,1.1925
2023-02-09,STBA.OQ,3.8
2023-02-09,PAHC.OQ,1.225
2023-02-09,CHCO.OQ,7.35725
2023-02-11,PAHC.OQ,1.23
2023-02-15,PAHC.OQ,1.24667
2023-02-17,PAHC.OQ,1.2425
2023-02-21,HLX.N,0.26367
2023-02-22,HLX.N,0.273
2023-02-27,HLX.N,0.25
2023-02-28,HLX.N,0.24
2023-03-01,IIPR.N,5.438
2023-03-02,HLX.N,0.36
2023-03-06,IIPR.N,5.355
2023-03-24,HLX.N,0.37633
2023-03-27,HLX.N,0.37971
2023-04-03,STBA.OQ,3.7798
2023-04-03,CHCO.OQ,7.3058
2023-04-04,STBA.OQ,3.7604
2023-04-04,CHCO.OQ,7.276
2023-04-05,STBA.OQ,3.683
2023-04-05,CHCO.OQ,7.226
2023-04-06,STBA.OQ,3.629
2023-04-06,CHCO.OQ,7.17
2023-04-18,HLX.N,0.37543
2023-04-20,STBA.OQ,3.6626
2023-04-21,STBA.OQ,3.6426
2023-04-24,STBA.OQ,3.6476
2023-04-25,HLX.N,0.40771
2023-04-26,HLX.N,0.42629
2023-04-26,CHCO.OQ,7.13
2023-04-27,CHCO.OQ,7.09667
2023-04-28,CHCO.OQ,7.13167
2023-04-30,HLX.N,0.41629
2023-05-02,HLX.N,0.3985
2023-05-02,CHCO.OQ,7.275
2023-05-03,HLX.N,0.4368
2023-05-04,PAHC.OQ,1.2375
2023-05-04,CHCO.OQ,7.26
2023-05-05,STBA.OQ,3.6076
2023-05-05,CHCO.OQ,7.21333
2023-05-10,PAHC.OQ,1.24
2023-05-10,IIPR.N,5.49
2023-05-15,IIPR.N,5.47333
2023-05-17,IIPR.N,5.6425
2023-05-22,PAHC.OQ,1.23975
2023-05-31,IIPR.N,5.6425
2023-06-14,HLX.N,0.42733
2023-06-26,STBA.OQ,3.5786
2023-06-26,CHCO.OQ,7.17333
2023-06-28,CHCO.OQ,7.16833
2023-06-29,HLX.N,0.3948
2023-07-05,STBA.OQ,3.5538
2023-07-13,STBA.OQ,3.5578
2023-07-13,CHCO.OQ,7.13167
2023-07-20,STBA.OQ,3.578
2023-07-21,STBA.OQ,3.644
2023-07-24,STBA.OQ,3.646
2023-07-25,CHCO.OQ,7.18167
2023-07-26,CHCO.OQ,7.28167
2023-07-27,PAHC.OQ,1.23725
2023-07-27,HLX.N,0.38067
2023-07-27,CHCO.OQ,7.33833
2023-07-31,HLX.N,0.386
2023-07-31,CHCO.OQ,7.495
2023-08-01,CHCO.OQ,7.454
2023-08-02,HLX.N,0.4
2023-08-03,IIPR.N,5.6925
2023-08-04,IIPR.N,5.74
2023-08-07,IIPR.N,5.79
2023-08-09,IIPR.N,5.67
2023-08-21,HLX.N,0.4
2023-08-29,PAHC.OQ,1.29175
2023-08-29,PAHC.OQ,1.21975
2023-08-31,PAHC.OQ,1.24425
2023-09-01,PAHC.OQ,1.20675
2023-09-05,IIPR.N,5.68
2023-09-20,HLX.N,0.4125
2023-10-02,STBA.OQ,3.654
2023-10-02,CHCO.OQ,7.464
2023-10-05,CHCO.OQ,7.504
2023-10-05,IIPR.N,5.665
2023-10-10,STBA.OQ,3.652
2023-10-10,CHCO.OQ,7.524
2023-10-19,STBA.OQ,3.6488
2023-10-20,STBA.OQ,3.6548
2023-10-23,STBA.OQ,3.6428
2023-10-24,HLX.N,0.385
2023-10-24,CHCO.OQ,7.584
2023-10-25,HLX.N,0.33
2023-10-25,CHCO.OQ,7.63667
2023-10-30,HLX.N,0.30667
2023-10-30,CHCO.OQ,7.66833
2023-11-03,IIPR.N,5.7375
2023-11-06,IIPR.N,5.76
2023-11-08,IIPR.N,5.77667
2023-11-09,PAHC.OQ,1.114
2023-11-10,PAHC.OQ,1.084
2023-11-13,HLX.N,0.29
2023-11-13,IIPR.N,5.7575
2023-12-07,PAHC.OQ,1.0752
2023-12-15,PAHC.OQ,1.0692
2023-12-22,HLX.N,0.62875
2024-01-24,CHCO.OQ,7.36367
2024-01-25,STBA.OQ,3.0998
2024-01-26,CHCO.OQ,7.41033
2024-01-29,STBA.OQ,3.0578
2024-01-30,STBA.OQ,3.0278
2024-01-30,CHCO.OQ,7.38533
2024-01-31,CHCO.OQ,7.42033
2024-02-01,STBA.OQ,3.07225
2024-02-08,PAHC.OQ,1.0952
2024-02-09,PAHC.OQ,1.1
2024-02-14,PAHC.OQ,1.115
2024-02-15,STBA.OQ,3.0278
2024-02-15,PAHC.OQ,1.11
2024-02-21,IIPR.N,5.53
2024-02-21,IIPR.N,5.7475
2024-02-27,HLX.N,0.61875
2024-02-28,HLX.N,0.5775
2024-02-28,IIPR.N,5.5325
2024-02-29,IIPR.N,5.715
2024-03-04,HLX.N,0.53333
2024-03-04,CHCO.OQ,7.43367
2024-03-04,IIPR.N,6.055
2024-03-05,HLX.N,0.525
2024-03-06,PAHC.OQ,1.1025
2024-03-07,HLX.N,0.52
2024-03-07,IIPR.N,6.01333
2024-03-11,HLX.N,0.504
2024-03-21,IIPR.N,5.9275
2024-04-10,HLX.N,0.5086
2024-04-12,STBA.OQ,3.0138
2024-04-18,STBA.OQ,2.996
2024-04-22,STBA.OQ,3.028
2024-04-23,CHCO.OQ,7.49033
2024-04-24,CHCO.OQ,7.61533
2024-04-26,HLX.N,0.34925
2024-04-29,HLX.N,0.29175
2024-04-30,HLX.N,0.2795
2024-04-30,CHCO.OQ,7.685
2024-05-01,CHCO.OQ,7.702
2024-05-02,HLX.N,0.226
2024-05-05,HLX.N,0.267
2024-05-07,CHCO.OQ,7.68333
2024-05-09,PAHC.OQ,1.1075
2024-05-10,PAHC.OQ,1.12
2024-05-10,IIPR.N,5.89
2024-05-13,IIPR.N,5.345
2024-05-14,IIPR.N,5.36
2024-05-15,PAHC.OQ,1.13
2024-05-15,IIPR.N,5.17
2024-05-15,PAHC.OQ,1.47333
2024-05-17,IIPR.N,5.3125
2024-06-26,CHCO.OQ,7.685
2024-07-08,CHCO.OQ,7.7
2024-07-10,CHCO.OQ,7.69
2024-07-18,STBA.OQ,3.118
2024-07-19,STBA.OQ,3.1676
2024-07-20,STBA.OQ,3.2396
2024-07-22,IIPR.N,5.2825
2024-07-23,CHCO.OQ,7.704
2024-07-24,PAHC.OQ,1.12
2024-07-26,HLX.N,0.2745
2024-07-26,CHCO.OQ,7.732
2024-07-29,HLX.N,0.2755
2024-07-30,CHCO.OQ,7.7875
2024-07-31,HLX.N,0.361
2024-08-01,CHCO.OQ,7.762
2024-08-05,HLX.N,0.36067
2024-08-07,IIPR.N,5.2975
2024-08-12,IIPR.N,5.82
2024-08-16,IIPR.N,5.79
2024-08-20,IIPR.N,5.76667
2024-08-21,HLX.N,0.3555
2024-08-28,STBA.OQ,3.3076
2024-08-29,PAHC.OQ,1.50333
2024-08-29,HLX.N,0.36067
2024-09-04,PAHC.OQ,1.56
2024-09-10,PAHC.OQ,1.46
2024-09-13,PAHC.OQ,1.42075
2024-09-18,HLX.N,0.343
2024-10-01,CHCO.OQ,7.752
2024-10-07,HLX.N,0.3304
2024-10-08,PAHC.OQ,1.53575
2024-10-09,STBA.OQ,3.2916
2024-10-09,CHCO.OQ,7.744
2024-10-11,PAHC.OQ,1.55325
2024-10-17,STBA.OQ,3.2944
2024-10-18,STBA.OQ,3.3
2024-10-22,STBA.OQ,3.32
2024-10-24,HLX.N,0.3364
2024-10-25,HLX.N,0.3464
2024-10-28,HLX.N,0.3448
2024-10-28,CHCO.OQ,7.788
2024-10-30,HLX.N,0.716
2024-10-30,HLX.N,0.361
2024-10-31,CHCO.OQ,7.86
2024-11-05,CHCO.OQ,7.848
2024-11-07,PAHC.OQ,1.56075
2024-11-08,CHCO.OQ,7.85833
2024-11-08,IIPR.N,5.67
2024-11-11,PAHC.OQ,1.6375
2024-11-11,IIPR.N,5.62333
2024-11-13,IIPR.N,5.57
2024-12-09,CHCO.OQ,7.86667
2024-12-16,IIPR.N,5.55
2024-12-17,IIPR.N,5.5375
2024-12-20,IIPR.N,5.5075
2024-12-23,IIPR.N,5.4925
2025-01-06,HLX.N,0.3535
2025-01-23,CHCO.OQ,7.51667
2025-01-27,CHCO.OQ,7.56783
2025-01-30,IIPR.N,5.405
2025-01-30,STBA.OQ,3.04
2025-01-30,CHCO.OQ,7.6214
2025-01-30,IIPR.N,5.5625
2025-01-31,STBA.OQ,3.0668
2025-02-04,CHCO.OQ,7.5845
2025-02-06,STBA.OQ,3.1016
2025-02-06,PAHC.OQ,1.835
2025-02-07,PAHC.OQ,1.91
2025-02-10,PAHC.OQ,1.9325
2025-02-20,IIPR.N,5.338
2025-02-21,CHCO.OQ,7.6095
2025-02-21,IIPR.N,5.172
2025-02-24,IIPR.N,5.12
2025-02-25,HLX.N,0.74
2025-02-26,IIPR.N,5.0575
2025-02-27,HLX.N,0.6875
2025-02-28,HLX.N,0.68
2025-03-03,HLX.N,0.73333
2025-03-06,HLX.N,0.7425
2025-03-17,IIPR.N,4.972
2025-03-19,PAHC.OQ,1.9325
2025-03-25,PAHC.OQ,1.95333
2025-03-31,IIPR.N,4.275
2025-04-02,STBA.OQ,3.0988
2025-04-02,CHCO.OQ,7.585
2025-04-07,CHCO.OQ,7.55833
2025-04-15,PAHC.OQ,1.94
2025-04-15,HLX.N,0.706
2025-04-23,CHCO.OQ,7.87567
2025-04-24,CHCO.OQ,7.939
2025-04-25,STBA.OQ,3.1288
2025-04-25,HLX.N,0.4472
2025-04-27,CHCO.OQ,8.014
2025-04-28,STBA.OQ,3.1828
2025-04-30,HLX.N,0.3665
2025-05-01,STBA.OQ,3.24667
2025-05-05,STBA.OQ,3.235
2025-05-07,STBA.OQ,3.238
2025-05-07,HLX.N,0.3665
2025-05-07,IIPR.N,4.01
2025-05-08,PAHC.OQ,1.97667
2025-05-09,PAHC.OQ,2.0
2025-05-14,PAHC.OQ,2.05
2025-05-15,HLX.N,0.3612
2025-05-16,IIPR.N,4.39
2025-05-27,IIPR.N,4.49
2025-06-09,CHCO.OQ,7.9268
2025-06-25,PAHC.OQ,2.04
2025-06-26,STBA.OQ,3.248
2025-06-26,CHCO.OQ,7.9362
2025-06-27,STBA.OQ,3.25167
2025-07-07,STBA.OQ,3.27167
2025-07-07,CHCO.OQ,7.926
2025-07-10,STBA.OQ,3.285
2025-07-10,HLX.N,0.3592
2025-07-18,STBA.OQ,3.28714
2025-07-22,CHCO.OQ,8.252
2025-07-23,HLX.N,0.3472
2025-07-23,CHCO.OQ,8.538
2025-07-24,STBA.OQ,3.29286
2025-07-24,HLX.N,0.3092
2025-07-24,CHCO.OQ,8.6682
2025-07-28,STBA.OQ,3.35286
2025-07-28,HLX.N,0.2532
2025-07-29,STBA.OQ,3.37143
2025-07-29,IIPR.N,4.29
2025-07-30,PAHC.OQ,2.0325
2025-07-30,HLX.N,0.2148
2025-07-30,PAHC.OQ,2.32
2025-07-31,STBA.OQ,3.39167
2025-08-04,STBA.OQ,3.39286
2025-08-08,IIPR.N,4.24667
2025-08-13,HLX.N,0.1728
2025-08-20,IIPR.N,3.86
2025-08-25,IIPR.N,3.7
2025-08-28,PAHC.OQ,2.5375
2025-09-03,PAHC.OQ,2.62333
2025-09-04,PAHC.OQ,2.6325
2025-09-19,IIPR.N,3.7
2025-09-24,STBA.OQ,3.39943
2025-09-29,STBA.OQ,3.40943
2025-10-02,HLX.N,0.1988
2025-10-08,STBA.OQ,3.408
2025-10-08,CHCO.OQ,8.6402
2025-10-09,CHCO.OQ,8.6416
2025-10-17,STBA.OQ,3.40933
2025-10-17,CHCO.OQ,8.65175
2025-10-22,CHCO.OQ,8.82675
2025-10-23,STBA.OQ,3.41767
2025-10-23,HLX.N,0.1908
2025-10-24,STBA.OQ,3.42667
2025-10-24,HLX.N,0.1866
2025-10-27,STBA.OQ,3.475
2025-10-27,CHCO.OQ,9.00925
2025-10-29,HLX.N,0.16825
2025-11-04,IIPR.N,3.745
2025-11-05,STBA.OQ,3.51883
2025-11-05,STBA.OQ,3.49367
2025-11-06,PAHC.OQ,2.7025
2025-11-07,PAHC.OQ,2.74
2025-11-10,IIPR.N,3.85
2025-11-11,IIPR.N,4.105
2025-11-11,IIPR.N,3.9
2025-11-12,PAHC.OQ,2.76667
2025-11-14,PAHC.OQ,2.74
2025-12-03,CHCO.OQ,9.0108
2025-12-15,STBA.OQ,3.49367
2025-12-15,CHCO.OQ,9.0134
2025-12-16,STBA.OQ,3.485
2026-01-21,CHCO.OQ,8.8598
2026-01-22,CHCO.OQ,8.878
2026-01-26,STBA.OQ,3.5855
2026-01-29,STBA.OQ,3.6066
2026-01-30,STBA.OQ,3.60825
2026-01-30,CHCO.OQ,8.9725
2026-02-01,STBA.OQ,3.6226
2026-02-05,PAHC.OQ,2.9475
2026-02-09,PAHC.OQ,3.025
2026-02-18,STBA.OQ,3.61883
2026-02-20,CHCO.OQ,8.938
2026-02-23,STBA.OQ,3.62217
2026-02-23,HLX.N,0.3495
2026-02-24,STBA.OQ,3.619
2026-02-25,HLX.N,0.282
2026-02-25,IIPR.N,4.355
2026-02-26,IIPR.N,4.37333
2014-10-17,ADTN.OQ,0.71111
2014-11-07,APEI.OQ,2.19
2014-12-23,VNDA.OQ,-1.62667
2015-01-08,APEI.OQ,2.19
2015-01-09,VNDA.OQ,-1.62667
2015-01-16,LBTYK.OQ,0.47
2015-01-16,LBTYK.OQ,-0.33
2015-01-20,ADTN.OQ,0.916
2015-01-21,ADTN.OQ,0.917
2015-01-22,ADTN.OQ,0.9
2015-02-19,VNDA.OQ,-0.685
2015-02-22,VNDA.OQ,-0.68
2015-02-26,APEI.OQ,2.34857
2015-02-27,APEI.OQ,2.20429
2015-03-01,APEI.OQ,2.13714
2015-03-09,VNDA.OQ,-0.68
2015-03-10,ADTN.OQ,0.89875
2015-03-22,ADTN.OQ,0.89125
2015-04-13,ADTN.OQ,0.87875
2015-04-22,ADTN.OQ,0.63333
2015-04-23,ADTN.OQ,0.538
2015-04-23,APEI.OQ,2.11667
2015-04-24,VNDA.OQ,-0.7
2015-04-28,ADTN.OQ,0.491
2015-04-29,APEI.OQ,2.07167
2015-05-06,VNDA.OQ,-0.76333
2015-05-07,VNDA.OQ,-0.90667
2015-05-11,APEI.OQ,2.06167
2015-05-12,APEI.OQ,2.01333
2015-05-13,VNDA.OQ,-0.99
2015-05-13,APEI.OQ,2.015
2015-05-15,APEI.OQ,1.998
2015-05-19,ADTN.OQ,0.488
2015-07-15,ADTN.OQ,0.43333
2015-07-15,LBTYK.OQ,-0.035
2015-07-16,ADTN.OQ,0.38333
2015-07-17,ADTN.OQ,0.376
2015-07-20,ADTN.OQ,0.38
2015-07-20,LBTYK.OQ,-0.54
2015-07-23,ADTN.OQ,0.37889
2015-07-29,VNDA.OQ,-0.8
2015-07-30,VNDA.OQ,-0.7175
2015-08-03,VNDA.OQ,-0.695
2015-08-04,LBTYK.OQ,-0.615
2015-08-10,APEI.OQ,1.986
2015-08-11,APEI.OQ,1.896
2015-08-17,APEI.OQ,1.862
2015-08-17,LBTYK.OQ,-0.615
2015-09-08,ADTN.OQ,0.375
2015-09-30,ADTN.OQ,0.375
2015-10-02,ADTN.OQ,0.37
2015-10-02,APEI.OQ,1.8475
2015-10-06,ADTN.OQ,0.368
2015-10-08,ADTN.OQ,0.367
2015-10-08,LBTYK.OQ,-0.885
2015-10-14,ADTN.OQ,0.335
2015-10-15,ADTN.OQ,0.30111
2015-10-16,ADTN.OQ,0.29111
2015-10-21,ADTN.OQ,0.29
2015-10-21,VNDA.OQ,-0.706
2015-11-03,VNDA.OQ,-0.726
2015-11-04,VNDA.OQ,-0.81
2015-11-05,VNDA.OQ,-0.8
2015-11-10,APEI.OQ,1.82667
2015-11-13,APEI.OQ,1.86333
2015-11-17,APEI.OQ,1.875
2015-11-17,LBTYK.OQ,-0.69
2015-11-20,ADTN.OQ,0.29
2015-12-01,APEI.OQ,1.87333
2016-01-05,VNDA.OQ,-0.806
2016-01-07,ADTN.OQ,0.29286
2016-01-07,ADTN.OQ,0.65
2016-01-12,VNDA.OQ,-0.796
2016-01-20,ADTN.OQ,0.66889
2016-01-21,ADTN.OQ,0.685
2016-01-22,ADTN.OQ,0.6775
2016-01-26,ADTN.OQ,0.68143
2016-02-01,VNDA.OQ,-0.7675
2016-02-10,VNDA.OQ,-0.9175
2016-02-11,VNDA.OQ,-0.802
2016-02-29,APEI.OQ,1.7025
2016-03-01,APEI.OQ,1.7575
2016-03-07,APEI.OQ,1.90667
2016-04-13,ADTN.OQ,0.66875
2016-04-14,ADTN.OQ,0.67125
2016-04-15,ADTN.OQ,0.66625
2016-04-18,ADTN.OQ,0.66375
2016-04-29,VNDA.OQ,-0.802
2016-05-02,ADTN.OQ,0.65556
2016-05-04,ADTN.OQ,0.64875
2016-05-04,VNDA.OQ,-0.786
2016-05-05,VNDA.OQ,-0.816
2016-05-09,APEI.OQ,1.93667
2016-05-10,APEI.OQ,2.01333
2016-05-11,VNDA.OQ,-0.8675
2016-06-10,APEI.OQ,2.01333
2016-06-27,VNDA.OQ,-0.832
2016-07-13,ADTN.OQ,0.64
2016-07-13,LBTYK.OQ,-0.87
2016-07-14,ADTN.OQ,0.62125
2016-07-19,ADTN.OQ,0.64429
2016-07-22,VNDA.OQ,-0.844
2016-07-25,VNDA.OQ,-0.8825
2016-07-28,VNDA.OQ,-0.6075
2016-08-09,APEI.OQ,1.94667
2016-08-10,APEI.OQ,1.90667
2016-09-10,APEI.OQ,1.86
2016-09-12,ADTN.OQ,0.6425
2016-10-06,VNDA.OQ,-0.5575
2016-10-16,LBTYK.OQ,-0.6
2016-10-19,ADTN.OQ,0.66
2016-10-20,ADTN.OQ,0.6775
2016-11-01,VNDA.OQ,-0.49667
2016-11-03,VNDA.OQ,-0.47
2016-11-07,APEI.OQ,1.8525
2016-11-09,VNDA.OQ,-0.4525
2016-11-10,APEI.OQ,1.835
2016-12-19,ADTN.OQ,0.76556
2017-01-05,VNDA.OQ,-0.44
2017-01-09,VNDA.OQ,-0.445
2017-01-13,VNDA.OQ,-0.4825
2017-01-18,ADTN.OQ,0.756
2017-01-19,ADTN.OQ,0.75429
2017-02-02,VNDA.OQ,-0.49
2017-02-15,VNDA.OQ,-0.6175
2017-02-16,VNDA.OQ,-0.615
2017-02-28,APEI.OQ,1.2225
2017-03-01,APEI.OQ,1.14
2017-03-02,APEI.OQ,1.0475
2017-03-06,LBTYK.OQ,1.1
2017-04-06,VNDA.OQ,-0.63
2017-04-11,VNDA.OQ,-0.654
2017-04-12,ADTN.OQ,0.74857
2017-04-17,ADTN.OQ,0.71714
2017-04-19,ADTN.OQ,0.71143
2017-04-20,ADTN.OQ,0.71375
2017-04-25,ADTN.OQ,0.72429
2017-05-02,VNDA.OQ,-0.674
2017-05-03,VNDA.OQ,-0.696
2017-05-09,APEI.OQ,1.045
2017-05-10,APEI.OQ,1.04
2017-05-16,APEI.OQ,1.06667
2017-05-26,VNDA.OQ,-0.696
2017-06-16,ADTN.OQ,0.71375
2017-07-13,VNDA.OQ,-0.7
2017-07-19,ADTN.OQ,0.78375
2017-07-20,ADTN.OQ,0.81286
2017-07-24,APEI.OQ,1.0575
2017-08-03,VNDA.OQ,-0.49
2017-08-09,VNDA.OQ,-0.4675
2017-08-09,APEI.OQ,1.0475
2017-08-10,APEI.OQ,1.0525
2017-08-11,APEI.OQ,1.04
2017-08-15,APEI.OQ,1.01333
2017-08-21,APEI.OQ,1.0225
2017-09-01,VNDA.OQ,-0.44
2017-09-07,VNDA.OQ,-0.44
2017-09-19,LBTYK.OQ,-0.9
2017-09-20,VNDA.OQ,-0.4225
2017-09-29,LBTYK.OQ,-1.455
2017-10-02,LBTYK.OQ,-1.455
2017-10-09,VNDA.OQ,-0.43
2017-10-11,ADTN.OQ,0.81667
2017-10-18,ADTN.OQ,0.85167
2017-10-19,ADTN.OQ,0.855
2017-10-19,VNDA.OQ,-0.4325
2017-11-07,APEI.OQ,1.0425
2017-11-08,VNDA.OQ,-0.444
2017-11-08,APEI.OQ,1.08
2017-11-14,APEI.OQ,1.11
2017-11-27,APEI.OQ,1.095
2017-11-27,APEI.OQ,1.105
2017-12-12,VNDA.OQ,-0.444
2017-12-28,ADTN.OQ,0.82833
2017-12-29,ADTN.OQ,0.762
2018-01-03,ADTN.OQ,0.735
2018-01-07,ADTN.OQ,0.69333
2018-01-07,VNDA.OQ,-0.434
2018-01-09,VNDA.OQ,-0.438
2018-01-12,ADTN.OQ,0.6225
2018-01-12,ADTN.OQ,0.6875
2018-01-17,ADTN.OQ,0.5
2018-01-18,ADTN.OQ,0.45833
2018-01-19,ADTN.OQ,0.42167
2018-01-19,VNDA.OQ,-0.438
2018-01-21,VNDA.OQ,-0.436
2018-02-12,ADTN.OQ,0.445
2018-02-13,VNDA.OQ,-0.476
2018-02-15,VNDA.OQ,-0.386
2018-02-21,VNDA.OQ,-0.33
2018-02-22,VNDA.OQ,-0.422
2018-02-27,LBTYK.OQ,0.61
2018-02-28,APEI.OQ,1.295
2018-03-01,APEI.OQ,1.39
2018-03-04,APEI.OQ,1.5075
2018-03-07,ADTN.OQ,0.445
2018-03-19,APEI.OQ,1.5475
2018-04-06,VNDA.OQ,-0.404
2018-04-18,ADTN.OQ,-0.2
2018-04-19,ADTN.OQ,-0.3
2018-05-02,LBTYK.OQ,0.61
2018-05-03,VNDA.OQ,-0.322
2018-05-07,APEI.OQ,1.6775
2018-05-08,VNDA.OQ,-0.4125
2018-05-08,APEI.OQ,1.73333
2018-05-09,VNDA.OQ,-0.28667
2018-05-09,APEI.OQ,1.6
2018-05-15,APEI.OQ,1.61
2018-05-22,ADTN.OQ,-0.325
2018-05-22,VNDA.OQ,-0.28667
2018-05-25,ADTN.OQ,-0.34167
2018-05-28,APEI.OQ,1.66
2018-06-20,ADTN.OQ,-0.366
2018-06-25,APEI.OQ,1.66
2018-07-08,VNDA.OQ,-0.26333
2018-07-18,ADTN.OQ,-0.38
2018-07-19,ADTN.OQ,-0.315
2018-08-02,VNDA.OQ,0.0145
2018-08-08,APEI.OQ,1.59333
2018-08-09,APEI.OQ,1.60667
2018-08-22,VNDA.OQ,0.0456
2018-09-03,VNDA.OQ,0.0456
2018-09-11,LBTYK.OQ,-0.69
2018-09-12,ADTN.OQ,-0.3
2018-09-13,VNDA.OQ,0.04467
2018-09-20,VNDA.OQ,0.0436
2018-10-02,VNDA.OQ,0.0436
2018-10-17,ADTN.OQ,-0.252
2018-10-18,ADTN.OQ,-0.236
2018-10-18,ADTN.OQ,0.25
2018-10-26,VNDA.OQ,0.0356
2018-11-06,APEI.OQ,1.6
2018-11-07,VNDA.OQ,0.0636
2018-11-07,APEI.OQ,1.59
2018-11-08,VNDA.OQ,0.2792
2019-01-24,ADTN.OQ,0.222
2019-01-25,ADTN.OQ,0.148
2019-01-29,ADTN.OQ,0.152
2019-02-06,VNDA.OQ,0.3348
2019-02-14,VNDA.OQ,0.1868
2019-03-12,APEI.OQ,1.676
2019-03-13,APEI.OQ,1.63
2019-03-14,APEI.OQ,1.616
2019-03-19,APEI.OQ,1.6275
2019-03-20,APEI.OQ,1.634
2019-04-18,ADTN.OQ,0.198
2019-04-22,ADTN.OQ,0.392
2019-04-23,ADTN.OQ,0.465
2019-05-02,VNDA.OQ,0.0412
2019-05-06,ADTN.OQ,0.38
2019-05-08,APEI.OQ,1.558
2019-05-09,APEI.OQ,1.516
2019-05-10,APEI.OQ,1.468
2019-06-03,ADTN.OQ,0.335
2019-07-18,ADTN.OQ,0.36
2019-07-19,ADTN.OQ,0.284
2019-07-24,VNDA.OQ,0.0432
2019-07-29,APEI.OQ,1.444
2019-07-31,VNDA.OQ,0.1998
2019-07-31,APEI.OQ,1.435
2019-08-01,VNDA.OQ,0.3378
2019-08-07,APEI.OQ,1.1
2019-08-08,APEI.OQ,0.99
2019-10-10,ADTN.OQ,0.174
2019-10-15,ADTN.OQ,0.10667
2019-10-18,VNDA.OQ,0.33475
2019-10-31,ADTN.OQ,0.09
2019-11-01,ADTN.OQ,0.082
2019-11-04,ADTN.OQ,0.066
2019-11-06,ADTN.OQ,0.0575
2019-11-06,VNDA.OQ,1.26475
2019-11-06,LBTYK.OQ,-0.39
2019-11-06,ADTN.OQ,0.025
2019-11-07,VNDA.OQ,0.778
2019-11-07,VNDA.OQ,2.17
2019-11-13,APEI.OQ,1.0175
2019-11-14,APEI.OQ,1.0575
2019-11-17,APEI.OQ,1.09
2020-02-06,ADTN.OQ,-0.0025
2020-02-07,ADTN.OQ,0.0175
2020-02-10,ADTN.OQ,-0.014
2020-02-13,ADTN.OQ,-0.01833
2020-02-26,VNDA.OQ,0.6655
2020-02-27,APEI.OQ,1.0925
2020-02-28,APEI.OQ,1.115
2020-03-03,VNDA.OQ,0.245
2020-03-11,VNDA.OQ,0.25333
2020-03-11,APEI.OQ,0.7075
2020-03-22,ADTN.OQ,-0.04333
2020-03-25,VNDA.OQ,0.2875
2020-04-22,APEI.OQ,0.76333
2020-04-23,APEI.OQ,0.74333
2020-05-06,VNDA.OQ,0.29667
2020-05-07,ADTN.OQ,-0.01067
2020-05-07,VNDA.OQ,0.25
2020-05-08,ADTN.OQ,-0.039
2020-05-11,ADTN.OQ,-0.00567
2020-05-12,APEI.OQ,0.89333
2020-05-20,ADTN.OQ,0.00433
2020-05-29,VNDA.OQ,0.25
2020-06-09,VNDA.OQ,0.23433
2020-07-10,VNDA.OQ,0.23433
2020-08-06,ADTN.OQ,0.036
2020-08-06,VNDA.OQ,0.361
2020-08-07,ADTN.OQ,0.04767
2020-08-10,ADTN.OQ,0.096
2020-08-11,APEI.OQ,1.09
2020-08-12,LBTYK.OQ,1.74
2020-08-25,VNDA.OQ,0.372
2020-08-27,ADTN.OQ,0.09667
2020-10-28,VNDA.OQ,0.412
2020-10-29,VNDA.OQ,0.48667
2020-10-29,APEI.OQ,1.13
2020-11-02,APEI.OQ,1.21
2020-11-03,ADTN.OQ,0.14167
2020-11-04,ADTN.OQ,0.2175
2020-11-10,APEI.OQ,1.23
2020-11-13,ADTN.OQ,0.218
2020-11-13,ADTN.OQ,0.4314
2020-12-17,APEI.OQ,1.1975
2020-12-31,VNDA.OQ,0.455
2021-01-14,VNDA.OQ,0.574
2021-02-04,ADTN.OQ,0.4214
2021-02-05,ADTN.OQ,0.3986
2021-02-07,ADTN.OQ,0.39825
2021-02-11,VNDA.OQ,0.5105
2021-02-16,ADTN.OQ,0.3966
2021-03-03,APEI.OQ,1.2025
2021-03-03,APEI.OQ,1.385
2021-03-05,ADTN.OQ,0.3966
2021-03-10,APEI.OQ,1.595
2021-03-17,APEI.OQ,1.594
2021-03-18,VNDA.OQ,0.6
2021-04-06,APEI.OQ,1.58
2021-04-14,LBTYK.OQ,1.64
2021-04-16,APEI.OQ,1.58833
2021-05-05,VNDA.OQ,0.71
2021-05-05,APEI.OQ,1.59
2021-05-06,ADTN.OQ,0.40825
2021-05-07,ADTN.OQ,0.50333
2021-05-11,APEI.OQ,1.14667
2021-05-12,VNDA.OQ,0.615
2021-05-13,APEI.OQ,1.03
2021-05-14,ADTN.OQ,0.5125
2021-06-11,APEI.OQ,1.0
2021-06-13,LBTYK.OQ,3.81
2021-06-23,BFLY.N,-0.81
2021-07-28,VNDA.OQ,0.625
2021-07-29,VNDA.OQ,0.655
2021-08-05,ADTN.OQ,0.5175
2021-08-06,ADTN.OQ,0.56667
2021-08-06,APEI.OQ,0.988
2021-08-09,BFLY.N,-0.61
2021-08-09,ADTN.OQ,0.58
2021-08-10,APEI.OQ,0.85333
2021-09-03,APEI.OQ,0.87667
2021-09-07,APEI.OQ,0.91
2021-09-26,LBTYK.OQ,3.56
2021-10-04,LBTYK.OQ,12.665
2021-10-12,ADTN.OQ,0.58
2021-10-18,ADTN.OQ,0.37667
2021-10-18,APEI.OQ,0.908
2021-11-02,LBTYK.OQ,3.36
2021-11-02,LBTYK.OQ,22.355
2021-11-03,ADTN.OQ,0.34
2021-11-03,VNDA.OQ,0.605
2021-11-04,ADTN.OQ,0.26
2021-11-09,APEI.OQ,0.85
2021-11-15,BFLY.N,-0.38
2021-11-23,VNDA.OQ,0.555
2021-11-23,VNDA.OQ,0.905
2021-12-16,BFLY.N,-0.37
2021-12-21,APEI.OQ,0.8525
2022-01-18,ADTN.OQ,0.625
2022-02-03,ADTN.OQ,0.555
2022-02-04,ADTN.OQ,0.523
2022-02-23,ADTN.OQ,0.47533
2022-02-25,VNDA.OQ,0.345
2022-02-25,APEI.OQ,1.68
2022-02-28,BFLY.N,-1.165
2022-03-03,ADTN.OQ,0.47533
2022-03-03,APEI.OQ,1.2
2022-03-22,VNDA.OQ,0.45
2022-03-27,VNDA.OQ,0.42
2022-04-11,ADTN.OQ,0.479
2022-04-24,VNDA.OQ,0.39
2022-04-27,BFLY.N,-1.14
2022-05-05,ADTN.OQ,0.5065
2022-05-06,ADTN.OQ,0.6375
2022-05-06,VNDA.OQ,0.3
2022-05-09,ADTN.OQ,0.61667
2022-05-11,BFLY.N,-1.12
2022-05-11,APEI.OQ,0.91
2022-05-13,ADTN.OQ,0.62
2022-05-18,APEI.OQ,0.8175
2022-07-11,ADTN.OQ,0.62
2022-07-14,ADTN.OQ,0.62
2022-07-31,LBTYK.OQ,7.26
2022-08-01,VNDA.OQ,0.33
2022-08-03,BFLY.N,-0.89
2022-08-03,VNDA.OQ,0.18
2022-08-04,ADTN.OQ,0.654
2022-08-05,ADTN.OQ,0.805
2022-08-08,ADTN.OQ,0.793
2022-08-10,APEI.OQ,-5.9225
2022-08-29,VNDA.OQ,0.2
2022-09-07,ADTN.OQ,0.781
2022-09-13,ADTN.OQ,0.7825
2022-09-23,APEI.OQ,-5.8425
2022-09-26,ADTN.OQ,0.8025
2022-09-28,APEI.OQ,-5.7925
2022-10-03,BFLY.N,-0.905
2022-10-05,APEI.OQ,-5.7175
2022-11-03,BFLY.N,-0.915
2022-11-03,VNDA.OQ,0.05
2022-11-08,ADTN.OQ,0.79417
2022-11-08,APEI.OQ,-5.76
2022-11-09,ADTN.OQ,0.6995
2022-11-09,APEI.OQ,-5.855
2022-11-11,ADTN.OQ,0.6734
2022-11-14,ADTN.OQ,0.6745
2022-11-28,BFLY.N,-0.89667
2022-12-07,BFLY.N,-0.89
2022-12-22,ADTN.OQ,0.665
2023-02-08,VNDA.OQ,0.37
2023-02-21,ADTN.OQ,1.21571
2023-02-22,ADTN.OQ,1.08371
2023-02-28,BFLY.N,-0.77333
2023-03-01,BFLY.N,-0.68667
2023-03-01,APEI.OQ,-5.91
2023-03-01,APEI.OQ,0.5
2023-03-02,ADTN.OQ,1.08575
2023-03-15,APEI.OQ,-0.93
2023-03-28,BFLY.N,-0.6875
2023-04-10,ADTN.OQ,1.07075
2023-04-11,ADTN.OQ,0.9945
2023-04-12,ADTN.OQ,0.82325
2023-04-12,APEI.OQ,-0.90333
2023-04-18,APEI.OQ,-0.89
2023-04-24,BFLY.N,-0.69
2023-04-27,ADTN.OQ,0.77571
2023-04-29,ADTN.OQ,0.70667
2023-05-03,VNDA.OQ,0.34
2023-05-09,ADTN.OQ,0.55833
2023-05-10,ADTN.OQ,0.49
2023-05-10,VNDA.OQ,-0.44
2023-05-10,APEI.OQ,-0.96333
2023-05-11,BFLY.N,-0.665
2023-05-11,ADTN.OQ,0.392
2023-05-12,BFLY.N,-0.64
2023-05-15,ADTN.OQ,0.228
2023-05-17,BFLY.N,-0.63
2023-05-25,LBTYK.OQ,-2.89
2023-05-26,APEI.OQ,-0.96333
2023-07-27,VNDA.OQ,0.0
2023-08-03,BFLY.N,-0.6275
2023-08-04,BFLY.N,-0.5975
2023-08-08,ADTN.OQ,0.06333
2023-08-09,ADTN.OQ,-0.07833
2023-08-09,APEI.OQ,-3.57
2023-08-10,ADTN.OQ,-0.15
2023-08-11,ADTN.OQ,-0.14167
2023-08-17,LBTYK.OQ,-3.23
2023-09-18,ADTN.OQ,-0.16167
2023-10-17,ADTN.OQ,-0.155
2023-10-24,BFLY.N,-0.595
2023-10-31,APEI.OQ,-3.625
2023-11-01,LBTYK.OQ,-2.38
2023-11-03,BFLY.N,-0.5725
2023-11-07,ADTN.OQ,-0.19167
2023-11-08,ADTN.OQ,-0.27167
2023-11-08,APEI.OQ,-3.525
2023-11-09,ADTN.OQ,-0.308
2023-11-09,VNDA.OQ,-0.01
2023-11-09,APEI.OQ,-3.45
2023-11-17,BFLY.N,-0.58
2023-11-20,ADTN.OQ,-0.32667
2023-12-06,BFLY.N,-0.57
2024-02-01,APEI.OQ,-3.43333
2024-02-01,APEI.OQ,0.5825
2024-02-07,VNDA.OQ,0.01
2024-02-10,BFLY.N,-0.575
2024-02-13,ADTN.OQ,0.162
2024-02-13,LBTYK.OQ,-1.55
2024-02-13,ADTN.OQ,-0.32
2024-02-13,LBTYK.OQ,-1.855
2024-02-27,ADTN.OQ,0.092
2024-02-28,BFLY.N,-0.455
2024-02-28,ADTN.OQ,0.06
2024-02-29,BFLY.N,-0.45
2024-02-29,ADTN.OQ,0.018
2024-03-06,APEI.OQ,0.5425
2024-04-03,VNDA.OQ,-0.06
2024-04-28,VNDA.OQ,-0.06
2024-04-29,LBTYK.OQ,-4.03
2024-04-30,APEI.OQ,0.545
2024-05-01,BFLY.N,-0.44
2024-05-02,BFLY.N,-0.42
2024-05-03,LBTYK.OQ,-2.66
2024-05-07,ADTN.OQ,-0.0175
2024-05-08,ADTN.OQ,-0.0525
2024-05-08,APEI.OQ,0.72333
2024-05-10,ADTN.OQ,-0.09
2024-05-14,ADTN.OQ,-0.0725
2024-07-11,VNDA.OQ,-0.145
2024-07-24,VNDA.OQ,-0.335
2024-07-29,LBTYK.OQ,0.125
2024-07-31,VNDA.OQ,-0.39333
2024-08-01,VNDA.OQ,-0.36
2024-08-02,BFLY.N,-0.37
2024-08-02,VNDA.OQ,-0.34667
2024-08-06,ADTN.OQ,-0.1275
2024-08-07,ADTN.OQ,-0.23
2024-08-07,VNDA.OQ,-0.49
2024-08-07,APEI.OQ,0.45333
2024-08-08,ADTN.OQ,-0.2825
2024-08-09,ADTN.OQ,-0.286
2024-08-12,APEI.OQ,0.4875
2024-09-10,BFLY.N,-0.37
2024-10-30,LBTYK.OQ,-1.5
2024-10-31,VNDA.OQ,-0.48667
2024-11-01,BFLY.N,-0.35333
2024-11-03,LBTYK.OQ,-3.34
2024-11-03,LBTYK.OQ,-1.39
2024-11-04,BFLY.N,-0.34667
2024-11-06,VNDA.OQ,-0.44
2024-11-07,ADTN.OQ,-0.319
2024-11-07,VNDA.OQ,-0.35333
2024-11-08,ADTN.OQ,-0.337
2024-11-08,VNDA.OQ,-0.32
2024-11-12,ADTN.OQ,-0.34625
2024-11-13,APEI.OQ,0.4675
2024-11-19,ADTN.OQ,-0.345
2024-12-13,ADTN.OQ,-0.345
2024-12-23,APEI.OQ,0.45333
2024-12-23,APEI.OQ,1.31667
2025-01-08,BFLY.N,-0.34333
2025-01-08,ADTN.OQ,-0.34417
2025-01-15,VNDA.OQ,-0.32
2025-01-21,BFLY.N,-0.34667
2025-02-13,VNDA.OQ,-0.09333
2025-02-14,VNDA.OQ,-0.95
2025-02-18,VNDA.OQ,-1.12
2025-02-20,LBTYK.OQ,-3.32
2025-02-21,ADTN.OQ,-0.346
2025-02-21,ADTN.OQ,0.195
2025-02-22,LBTYK.OQ,-2.8
2025-02-27,ADTN.OQ,0.19167
2025-02-28,BFLY.N,-0.30667
2025-02-28,ADTN.OQ,0.2
2025-03-03,BFLY.N,-0.31
2025-03-07,APEI.OQ,1.26667
2025-03-10,ADTN.OQ,0.218
2025-03-17,BFLY.N,-0.31
2025-04-25,APEI.OQ,1.2125
2025-05-01,APEI.OQ,1.242
2025-05-02,BFLY.N,-0.28333
2025-05-03,LBTYK.OQ,-2.665
2025-05-05,BFLY.N,-0.27333
2025-05-07,VNDA.OQ,-1.24667
2025-05-07,LBTYK.OQ,-3.965
2025-05-08,ADTN.OQ,0.206
2025-05-08,VNDA.OQ,-1.34333
2025-05-09,BFLY.N,-0.26667
2025-05-09,ADTN.OQ,0.1482
2025-05-12,ADTN.OQ,0.13025
2025-05-12,APEI.OQ,1.2754
2025-05-13,APEI.OQ,1.3914
2025-05-14,VNDA.OQ,-1.49333
2025-05-21,ADTN.OQ,0.1342
2025-05-22,APEI.OQ,1.38117
2025-06-18,APEI.OQ,1.38671
2025-07-01,BFLY.N,-0.2725
2025-07-17,ADTN.OQ,0.1702
2025-07-31,VNDA.OQ,-1.77667
2025-08-01,BFLY.N,-0.26
2025-08-03,LBTYK.OQ,-7.695
2025-08-04,BFLY.N,-0.245
2025-08-05,ADTN.OQ,0.1722
2025-08-06,ADTN.OQ,0.1682
2025-08-06,APEI.OQ,1.32657
2025-08-07,ADTN.OQ,0.17275
2025-08-07,APEI.OQ,1.151
2025-08-11,APEI.OQ,1.10933
2025-08-12,VNDA.OQ,-1.80667
2025-08-22,ADTN.OQ,0.1662
2025-08-29,BFLY.N,-0.24667
2025-09-08,APEI.OQ,1.11086
2025-09-17,ADTN.OQ,0.16183
2025-10-15,APEI.OQ,0.99075
2025-10-29,VNDA.OQ,-1.70333
2025-11-03,BFLY.N,-0.29333
2025-11-03,VNDA.OQ,-2.38333
2025-11-04,ADTN.OQ,0.15333
2025-11-04,VNDA.OQ,-2.3075
2025-11-04,LBTYK.OQ,-7.295
2025-11-05,ADTN.OQ,0.15
2025-11-06,ADTN.OQ,0.15167
2025-11-06,APEI.OQ,0.9785
2025-11-10,APEI.OQ,0.99475
2025-11-11,APEI.OQ,1.0698
2025-11-20,ADTN.OQ,0.15286
2025-12-22,ADTN.OQ,0.15286
2025-12-22,LBTYK.OQ,-12.56
2025-12-22,ADTN.OQ,0.48257
2025-12-30,BFLY.N,-0.3
2025-12-30,VNDA.OQ,-2.6725
2026-01-28,APEI.OQ,1.0498
2026-02-11,VNDA.OQ,-1.7125
2026-02-12,VNDA.OQ,-1.805
2026-02-17,VNDA.OQ,-2.41667
2026-02-23,ADTN.OQ,0.15571
2026-02-24,VNDA.OQ,-2.46
2026-02-26,BFLY.N,-0.2525
2026-02-26,ADTN.OQ,0.48429
2026-02-27,ADTN.OQ,0.49286
2026-03-02,BFLY.N,-0.2325
2026-03-02,ADTN.OQ,0.50167
2026-03-04,ADTN.OQ,0.48857
2026-03-05,BFLY.N,-0.23667
2026-03-05,VNDA.OQ,-2.3825
2026-03-12,APEI.OQ,2.30329
2026-03-13,APEI.OQ,2.51186
2014-11-05,LINC.OQ,-0.78333
2014-12-11,MTX.N,3.83667
2015-01-16,MTX.N,3.835
2015-01-28,MTX.N,3.83167
2015-01-28,MTX.N,4.46667
2015-01-30,MTX.N,4.51333
2015-02-02,MTX.N,4.59286
2015-02-10,MTX.N,4.61857
2015-02-20,MTX.N,4.55
2015-03-10,LINC.OQ,-0.28333
2015-03-12,LINC.OQ,-0.41667
2015-04-22,MTX.N,4.55667
2015-04-23,LINC.OQ,-0.42
2015-04-27,MTX.N,4.60333
2015-04-30,MTX.N,4.604
2015-05-03,MTX.N,4.60333
2015-05-07,LINC.OQ,-0.385
2015-07-01,MTX.N,4.595
2015-07-20,MTX.N,4.60333
2015-08-06,MTX.N,4.6
2015-08-06,LINC.OQ,-0.505
2015-08-07,MTX.N,4.55833
2015-08-10,MTX.N,4.40667
2015-08-10,LINC.OQ,-0.515
2015-08-11,MTX.N,4.35667
2015-08-31,MTX.N,4.35333
2015-09-04,MTX.N,4.295
2015-09-21,MTX.N,4.28667
2015-10-23,MTX.N,4.29167
2015-10-26,MTX.N,4.28833
2015-10-29,MTX.N,4.286
2015-11-04,LINC.OQ,-0.47
2015-11-05,LINC.OQ,-0.43
2015-12-16,MTX.N,4.28
2015-12-21,LINC.OQ,-0.46
2015-12-21,LINC.OQ,-0.25
2015-12-29,MTX.N,4.505
2015-12-29,MTX.N,4.27
2016-02-05,MTX.N,4.48833
2016-02-08,MTX.N,4.48
2016-02-09,MTX.N,4.47167
2016-02-11,MTX.N,4.426
2016-03-03,LINC.OQ,-0.14
2016-04-01,MTX.N,4.426
2016-05-05,LINC.OQ,-0.1
2016-05-06,MTX.N,4.436
2016-05-09,MTX.N,4.416
2016-05-12,MTX.N,4.392
2016-07-06,MTX.N,4.4
2016-07-24,MTX.N,4.4
2016-08-03,LINC.OQ,-0.03
2016-08-05,MTX.N,4.42
2016-08-08,MTX.N,4.46
2016-08-10,MTX.N,4.464
2016-08-11,MTX.N,4.48
2016-10-17,LINC.OQ,-0.19
2016-10-24,MTX.N,4.484
2016-11-04,LINC.OQ,0.13
2016-11-04,MTX.N,4.482
2016-11-04,LINC.OQ,-0.25
2016-11-07,MTX.N,4.47
2016-11-09,MTX.N,4.454
2016-11-09,MTX.N,4.85
2016-11-10,MTX.N,4.4425
2017-02-06,MTX.N,4.82
2017-02-09,MTX.N,4.76667
2017-02-23,MTX.N,4.7625
2017-03-01,MTX.N,4.75
2017-03-02,LINC.OQ,-0.3
2017-05-08,MTX.N,4.73
2017-05-09,MTX.N,4.72
2017-05-12,LINC.OQ,-0.51
2017-08-07,MTX.N,4.64
2017-08-07,LINC.OQ,-0.46
2017-08-09,MTX.N,4.618
2017-08-10,MTX.N,4.5975
2017-08-21,MTX.N,4.598
2017-09-19,MTX.N,4.588
2017-11-06,MTX.N,4.592
2017-11-08,LINC.OQ,-0.48
2017-11-09,MTX.N,4.57333
2017-11-17,MTX.N,4.5675
2018-01-25,MTX.N,5.0125
2018-02-05,MTX.N,4.95
2018-02-08,MTX.N,4.9
2018-02-14,LINC.OQ,-0.49
2018-02-28,LINC.OQ,-0.23
2018-03-20,MTX.N,4.9
2018-04-11,MTX.N,4.93333
2018-04-20,MTX.N,4.975
2018-05-07,MTX.N,4.95
2018-05-09,MTX.N,4.9375
2018-05-09,LINC.OQ,-0.14
2018-07-18,MTX.N,4.94
2018-08-06,MTX.N,4.93
2018-08-07,MTX.N,4.91
2018-08-09,MTX.N,4.9
2018-08-09,LINC.OQ,-0.09
2018-08-13,MTX.N,4.89
2018-09-18,MTX.N,4.87
2018-09-20,LINC.OQ,-0.06
2018-10-23,LINC.OQ,-0.29
2018-11-05,MTX.N,4.834
2018-11-07,LINC.OQ,-0.06
2018-12-20,MTX.N,4.83
2019-01-10,MTX.N,5.31667
2019-01-10,MTX.N,4.83333
2019-02-04,MTX.N,5.03333
2019-03-06,LINC.OQ,0.13
2019-05-06,MTX.N,4.9
2019-05-07,MTX.N,4.9
2019-05-09,MTX.N,4.875
2019-05-16,MTX.N,4.9
2019-06-24,MTX.N,4.8
2019-06-26,MTX.N,4.61667
2019-07-10,MTX.N,4.585
2019-07-16,MTX.N,4.5225
2019-08-05,MTX.N,4.28
2019-08-08,MTX.N,4.2275
2019-08-14,LINC.OQ,0.15
2019-08-17,MTX.N,4.232
2019-10-12,MTX.N,4.2275
2019-11-04,MTX.N,4.19
2019-11-04,MTX.N,4.5125
2019-11-18,LINC.OQ,0.1
2020-02-03,MTX.N,4.3125
2020-02-05,MTX.N,4.2625
2020-02-26,LINC.OQ,0.24
2020-03-30,MTX.N,4.03
2020-04-01,MTX.N,3.855
2020-04-08,MTX.N,3.65
2020-04-09,MTX.N,3.71
2020-04-19,MTX.N,3.61
2020-05-01,MTX.N,3.734
2020-05-04,MTX.N,3.792
2020-05-07,MTX.N,3.64
2020-05-13,LINC.OQ,0.18
2020-05-21,LINC.OQ,0.095
2020-05-22,MTX.N,3.62333
2020-06-01,MTX.N,3.705
2020-06-12,MTX.N,3.7175
2020-06-23,LINC.OQ,0.07333
2020-07-15,LINC.OQ,0.07333
2020-08-03,MTX.N,3.785
2020-08-04,MTX.N,3.7625
2020-08-06,MTX.N,3.73333
2020-08-12,LINC.OQ,0.13667
2020-08-13,MTX.N,3.775
2020-09-10,LINC.OQ,0.16
2020-09-15,LINC.OQ,0.2125
2020-09-17,LINC.OQ,0.2
2020-09-21,MTX.N,3.782
2020-10-19,MTX.N,3.79667
2020-11-02,MTX.N,3.79833
2020-11-03,MTX.N,3.81667
2020-11-11,LINC.OQ,0.1975
2020-11-12,MTX.N,3.81
2020-11-12,LINC.OQ,0.28
2020-11-24,LINC.OQ,0.26
2020-12-10,MTX.N,3.81667
2021-02-04,MTX.N,4.33167
2021-02-05,MTX.N,4.39667
2021-02-08,MTX.N,4.53833
2021-02-09,MTX.N,4.57
2021-03-01,LINC.OQ,0.27
2021-03-03,LINC.OQ,0.51667
2021-03-06,LINC.OQ,0.51
2021-03-12,MTX.N,4.582
2021-03-29,LINC.OQ,0.49333
2021-04-01,HLMN.OQ,0.24
2021-05-07,MTX.N,4.638
2021-05-10,MTX.N,4.835
2021-05-10,LINC.OQ,0.51
2021-05-11,MTX.N,4.922
2021-05-11,LINC.OQ,0.59
2021-05-12,HLMN.OQ,0.23
2021-05-18,MTX.N,4.90167
2021-06-02,MTX.N,4.922
2021-06-16,MTX.N,4.928
2021-06-21,MTX.N,4.915
2021-07-16,MTX.N,4.925
2021-07-30,MTX.N,4.9675
2021-08-02,MTX.N,4.98
2021-08-02,HLMN.OQ,0.09
2021-08-03,MTX.N,4.994
2021-08-06,HLMN.OQ,0.09
2021-08-09,LINC.OQ,0.58333
2021-08-09,HLMN.OQ,0.0475
2021-08-10,LINC.OQ,0.55667
2021-08-24,HLMN.OQ,0.0675
2021-09-13,MTX.N,4.978
2021-09-14,HLMN.OQ,0.085
2021-09-21,HLMN.OQ,0.082
2021-09-30,LINC.OQ,0.84667
2021-10-25,MTX.N,4.96
2021-10-26,HLMN.OQ,0.062
2021-11-03,HLMN.OQ,0.0725
2021-11-04,HLMN.OQ,0.0375
2021-11-08,MTX.N,4.98
2021-11-08,LINC.OQ,0.7725
2021-11-09,MTX.N,4.97
2021-11-09,LINC.OQ,0.7725
2021-12-13,MTX.N,4.962
2021-12-14,HLMN.OQ,0.1025
2022-01-11,HLMN.OQ,0.0375
2022-01-18,MTX.N,5.754
2022-01-18,MTX.N,4.974
2022-02-07,MTX.N,5.656
2022-02-28,LINC.OQ,0.57
2022-03-01,LINC.OQ,0.5975
2022-03-02,HLMN.OQ,0.22286
2022-03-03,HLMN.OQ,0.22675
2022-03-07,LINC.OQ,0.61333
2022-03-22,MTX.N,5.626
2022-03-23,LINC.OQ,0.5975
2022-04-13,HLMN.OQ,0.228
2022-04-14,LINC.OQ,0.59667
2022-04-14,HLMN.OQ,0.22629
2022-04-18,HLMN.OQ,0.22771
2022-04-20,MTX.N,5.58
2022-04-22,HLMN.OQ,0.24143
2022-04-25,MTX.N,5.6
2022-05-02,MTX.N,5.6525
2022-05-03,HLMN.OQ,0.24857
2022-05-04,HLMN.OQ,0.31
2022-05-05,MTX.N,5.65333
2022-05-09,EE.N,0.66167
2022-05-09,LINC.OQ,0.60333
2022-05-10,LINC.OQ,0.60667
2022-05-10,HLMN.OQ,0.332
2022-05-10,SATL.OQ,-0.56
2022-05-16,LINC.OQ,0.645
2022-05-20,LINC.OQ,0.645
2022-05-20,HLMN.OQ,0.32467
2022-05-25,EE.N,0.66333
2022-05-26,EE.N,0.67
2022-05-27,EE.N,0.665
2022-05-31,EE.N,0.68167
2022-06-09,MTX.N,5.65
2022-06-15,EE.N,0.64
2022-06-17,EE.N,0.6875
2022-06-29,MTX.N,5.625
2022-06-30,LINC.OQ,0.62333
2022-07-01,MTX.N,5.625
2022-07-14,MTX.N,5.61
2022-07-14,HLMN.OQ,0.32083
2022-07-18,EE.N,0.67
2022-07-20,EE.N,0.67083
2022-07-26,EE.N,0.66357
2022-08-01,MTX.N,5.6225
2022-08-03,HLMN.OQ,0.29633
2022-08-04,HLMN.OQ,0.30686
2022-08-08,LINC.OQ,0.49667
2022-08-09,LINC.OQ,0.42667
2022-08-11,EE.N,0.62629
2022-08-12,EE.N,0.66771
2022-08-15,EE.N,0.61771
2022-08-17,HLMN.OQ,0.334
2022-08-22,HLMN.OQ,0.354
2022-08-29,EE.N,0.912
2022-08-30,MTX.N,5.61
2022-09-08,LINC.OQ,0.3925
2022-09-14,MTX.N,5.5825
2022-10-13,MTX.N,5.555
2022-10-13,HLMN.OQ,0.38967
2022-10-14,MTX.N,5.545
2022-10-19,EE.N,0.91
2022-10-25,EE.N,0.91429
2022-10-31,MTX.N,5.4075
2022-11-02,HLMN.OQ,0.41333
2022-11-03,HLMN.OQ,0.42667
2022-11-04,HLMN.OQ,0.435
2022-11-07,LINC.OQ,0.3975
2022-11-08,LINC.OQ,0.375
2022-11-10,EE.N,1.00167
2022-11-10,HLMN.OQ,0.436
2022-11-11,HLMN.OQ,0.44017
2022-11-14,EE.N,0.97667
2022-11-30,EE.N,0.60667
2022-12-02,LINC.OQ,0.3725
2023-01-02,EE.N,0.54
2023-01-11,EE.N,0.44333
2023-01-13,EE.N,0.44333
2023-01-18,MTX.N,5.4025
2023-01-18,EE.N,0.414
2023-01-18,MTX.N,5.8275
2023-02-03,MTX.N,5.53
2023-02-06,MTX.N,5.095
2023-02-10,EE.N,0.414
2023-02-14,EE.N,0.40067
2023-02-23,HLMN.OQ,0.3755
2023-02-24,HLMN.OQ,0.36425
2023-02-27,LINC.OQ,0.305
2023-02-27,HLMN.OQ,0.35925
2023-02-28,LINC.OQ,0.28
2023-02-28,EE.N,1.22333
2023-03-02,HLMN.OQ,0.32333
2023-03-03,LINC.OQ,0.2775
2023-03-06,HLMN.OQ,0.32714
2023-03-17,MTX.N,5.0575
2023-03-22,HLMN.OQ,0.296
2023-03-28,EE.N,0.935
2023-03-28,HLMN.OQ,0.31833
2023-03-30,EE.N,0.935
2023-03-31,EE.N,0.96
2023-04-04,EE.N,0.765
2023-04-05,EE.N,0.96667
2023-04-10,EE.N,1.045
2023-04-13,EE.N,1.088
2023-04-14,MTX.N,5.305
2023-04-18,EE.N,1.13733
2023-04-19,MTX.N,5.3075
2023-04-26,EE.N,1.139
2023-04-28,MTX.N,5.2775
2023-05-01,MTX.N,5.1025
2023-05-08,LINC.OQ,0.3975
2023-05-09,LINC.OQ,0.4075
2023-05-09,HLMN.OQ,0.374
2023-05-10,HLMN.OQ,0.39
2023-05-11,EE.N,1.26733
2023-05-14,EE.N,1.22233
2023-05-15,HLMN.OQ,0.3885
2023-05-22,EE.N,1.1675
2023-07-11,EE.N,1.1275
2023-07-11,HLMN.OQ,0.383
2023-07-17,MTX.N,5.0725
2023-07-17,EE.N,1.1788
2023-07-18,EE.N,1.1218
2023-07-19,MTX.N,5.0525
2023-07-25,EE.N,1.1278
2023-07-31,MTX.N,5.055
2023-08-07,LINC.OQ,0.6875
2023-08-08,LINC.OQ,0.80333
2023-08-08,HLMN.OQ,0.39571
2023-08-09,HLMN.OQ,0.41
2023-08-10,EE.N,1.1298
2023-08-11,EE.N,1.1038
2023-08-12,EE.N,1.07817
2023-08-14,HLMN.OQ,0.41643
2023-08-15,EE.N,0.98317
2023-08-16,EE.N,0.925
2023-08-17,EE.N,0.874
2023-09-19,HLMN.OQ,0.41438
2023-10-03,MTX.N,5.0175
2023-10-10,HLMN.OQ,0.41363
2023-10-11,MTX.N,4.9825
2023-10-12,HLMN.OQ,0.41338
2023-10-18,EE.N,0.848
2023-10-19,MTX.N,4.985
2023-10-25,EE.N,0.86
2023-10-30,MTX.N,5.1425
2023-10-31,MTX.N,5.1925
2023-10-31,HLMN.OQ,0.41463
2023-11-06,LINC.OQ,0.85667
2023-11-08,HLMN.OQ,0.40088
2023-11-09,EE.N,0.932
2023-11-09,HLMN.OQ,0.3955
2023-11-10,HLMN.OQ,0.38925
2023-11-15,EE.N,0.795
2023-11-17,EE.N,0.90667
2023-12-04,EE.N,0.89
2023-12-14,EE.N,0.9475
2023-12-29,MTX.N,5.19
2023-12-29,MTX.N,5.8575
2024-01-03,EE.N,0.9778
2024-01-17,EE.N,0.8528
2024-01-18,EE.N,0.8568
2024-02-05,MTX.N,5.885
2024-02-05,EE.N,0.9835
2024-02-13,EE.N,1.0388
2024-02-22,HLMN.OQ,0.45633
2024-02-23,HLMN.OQ,0.46189
2024-02-26,EE.N,0.991
2024-02-26,LINC.OQ,0.42
2024-02-26,EE.N,0.98233
2024-02-26,HLMN.OQ,0.48411
2024-02-29,EE.N,1.07671
2024-03-01,EE.N,1.05957
2024-03-04,LINC.OQ,0.455
2024-03-06,EE.N,1.075
2024-03-10,HLMN.OQ,0.48467
2024-03-11,EE.N,1.11
2024-03-20,LINC.OQ,0.375
2024-03-22,MTX.N,5.8725
2024-03-31,HLMN.OQ,0.48556
2024-04-04,EE.N,1.095
2024-04-19,HLMN.OQ,0.48444
2024-04-25,EE.N,1.14833
2024-04-28,HLMN.OQ,0.48889
2024-04-29,MTX.N,6.21
2024-04-29,EE.N,1.11429
2024-05-06,LINC.OQ,0.3075
2024-05-07,LINC.OQ,0.305
2024-05-07,HLMN.OQ,0.47367
2024-05-08,HLMN.OQ,0.47244
2024-05-09,EE.N,1.17286
2024-05-13,EE.N,1.19
2024-05-13,HLMN.OQ,0.47567
2024-05-14,EE.N,1.20143
2024-05-15,EE.N,1.175
2024-05-16,EE.N,1.17
2024-05-17,MTX.N,6.23
2024-05-17,EE.N,1.16857
2024-07-09,EE.N,1.17286
2024-07-09,HLMN.OQ,0.47233
2024-07-22,MTX.N,6.225
2024-07-26,MTX.N,6.2075
2024-07-29,MTX.N,6.1575
2024-07-31,LINC.OQ,0.3275
2024-08-06,HLMN.OQ,0.513
2024-08-08,LINC.OQ,0.315
2024-08-08,EE.N,1.145
2024-08-09,LINC.OQ,0.2925
2024-08-12,EE.N,1.149
2024-08-12,HLMN.OQ,0.51856
2024-08-13,EE.N,1.13275
2024-08-13,HLMN.OQ,0.52213
2024-08-14,EE.N,1.12367
2024-08-21,EE.N,1.11743
2024-09-16,MTX.N,6.12
2024-09-17,HLMN.OQ,0.52078
2024-09-19,EE.N,1.12867
2024-09-30,MTX.N,6.115
2024-10-08,EE.N,1.11686
2024-10-08,HLMN.OQ,0.51967
2024-10-15,HLMN.OQ,0.52078
2024-10-18,MTX.N,6.105
2024-10-22,MTX.N,6.1
2024-10-22,EE.N,1.11829
2024-10-25,MTX.N,6.07
2024-10-28,MTX.N,6.05
2024-11-05,HLMN.OQ,0.52644
2024-11-06,HLMN.OQ,0.52311
2024-11-07,EE.N,1.16257
2024-11-11,LINC.OQ,0.305
2024-11-11,EE.N,1.21414
2024-11-12,LINC.OQ,0.3275
2024-11-13,EE.N,1.23483
2024-11-14,EE.N,1.25883
2024-11-18,EE.N,1.259
2024-12-06,EE.N,1.22043
2024-12-23,LINC.OQ,0.33333
2025-01-02,HLMN.OQ,0.522
2025-01-10,EE.N,1.21614
2025-01-13,EE.N,1.15163
2025-01-17,MTX.N,6.04667
2025-01-22,MTX.N,6.04
2025-01-27,MTX.N,6.76
2025-01-27,MTX.N,6.0475
2025-01-27,EE.N,1.14638
2025-01-28,EE.N,1.14763
2025-01-30,EE.N,1.12263
2025-02-07,MTX.N,6.6125
2025-02-10,MTX.N,6.5325
2025-02-18,EE.N,1.11888
2025-02-18,HLMN.OQ,0.56322
2025-02-18,EE.N,1.29375
2025-02-19,LINC.OQ,0.40667
2025-02-19,HLMN.OQ,0.56878
2025-02-24,LINC.OQ,0.45667
2025-02-24,HLMN.OQ,0.563
2025-02-27,EE.N,1.35825
2025-02-28,EE.N,1.377
2025-03-05,MTX.N,6.4775
2025-03-21,HLMN.OQ,0.56213
2025-03-26,LINC.OQ,0.34
2025-03-27,LINC.OQ,0.34
2025-03-27,EE.N,1.44575
2025-03-28,EE.N,1.46075
2025-03-31,MTX.N,6.3525
2025-04-03,EE.N,1.399
2025-04-08,HLMN.OQ,0.56013
2025-04-14,MTX.N,6.32
2025-04-16,EE.N,1.40225
2025-04-16,HLMN.OQ,0.54513
2025-04-21,MTX.N,6.1525
2025-04-22,EE.N,1.376
2025-04-23,EE.N,1.36688
2025-04-24,LINC.OQ,0.34
2025-04-25,MTX.N,6.0975
2025-04-28,MTX.N,5.765
2025-04-29,HLMN.OQ,0.56
2025-04-30,HLMN.OQ,0.555
2025-05-02,HLMN.OQ,0.55125
2025-05-08,EE.N,1.261
2025-05-12,LINC.OQ,0.407
2025-05-12,EE.N,1.2404
2025-05-16,EE.N,1.2614
2025-05-19,MTX.N,5.5525
2025-05-20,EE.N,1.1742
2025-05-21,EE.N,1.2422
2025-05-22,LINC.OQ,0.4375
2025-05-30,MTX.N,5.60333
2025-06-04,EE.N,1.2935
2025-07-08,EE.N,1.32586
2025-07-09,EE.N,1.33586
2025-07-11,HLMN.OQ,0.5525
2025-07-13,EE.N,1.31614
2025-07-14,HLMN.OQ,0.5525
2025-07-16,EE.N,1.32329
2025-07-17,EE.N,1.32029
2025-07-24,MTX.N,5.61333
2025-07-25,MTX.N,5.57
2025-07-28,MTX.N,5.51
2025-07-29,MTX.N,5.57667
2025-07-30,EE.N,1.29743
2025-08-01,EE.N,1.29814
2025-08-05,HLMN.OQ,0.5715
2025-08-06,HLMN.OQ,0.5765
2025-08-11,LINC.OQ,0.45833
2025-08-11,EE.N,1.28033
2025-08-12,LINC.OQ,0.51
2025-08-13,EE.N,1.242
2025-08-14,EE.N,1.14517
2025-08-17,EE.N,1.11567
2025-08-29,HLMN.OQ,0.57743
2025-09-29,EE.N,1.12533
2025-10-10,HLMN.OQ,0.58029
2025-10-20,MTX.N,5.54667
2025-10-24,MTX.N,5.53667
2025-10-27,MTX.N,5.52333
2025-11-04,HLMN.OQ,0.58429
2025-11-05,HLMN.OQ,0.58286
2025-11-06,EE.N,1.25614
2025-11-07,EE.N,1.28288
2025-11-10,LINC.OQ,0.56967
2025-11-11,LINC.OQ,0.583
2025-11-11,EE.N,1.27413
2025-11-12,EE.N,1.37471
2025-11-16,EE.N,1.39343
2025-11-20,MTX.N,5.51325
2025-11-20,MTX.N,6.19
2026-01-09,EE.N,1.38425
2026-01-20,EE.N,1.39625
2026-01-21,SATL.OQ,-0.08
2026-01-30,MTX.N,6.1725
2026-02-02,MTX.N,6.2075
2026-02-05,EE.N,1.39875
2026-02-17,HLMN.OQ,0.58843
2026-02-19,EE.N,1.40125
2026-02-20,SATL.OQ,-0.23
2026-02-20,HLMN.OQ,0.58129
2026-02-23,LINC.OQ,0.68
2026-02-23,HLMN.OQ,0.58171
2026-02-24,EE.N,1.40625
2026-02-24,EE.N,1.7476
2026-02-25,SATL.OQ,-0.29333
2026-02-26,EE.N,1.7658
2026-02-27,EE.N,1.8897
2026-03-02,HLMN.OQ,0.58029
2026-03-04,EE.N,1.97444
2026-03-06,EE.N,1.80013
2026-03-10,HLMN.OQ,0.57886
2026-03-11,SATL.OQ,-0.3225
2026-03-19,EE.N,1.77138
2026-03-19,SATL.OQ,-0.175
2026-03-20,LINC.OQ,0.7
2026-03-20,SATL.OQ,-0.1775
2026-03-23,HLMN.OQ,0.57743
2026-03-24,SATL.OQ,-0.1325
2014-11-10,SEM.N,0.91
2014-12-09,IMKTA.OQ,2.45
2014-12-09,THR.N,1.34125
2014-12-17,KOS.N,0.29986
2015-01-07,KOS.N,0.297
2015-01-07,SEM.N,0.90875
2015-01-12,THR.N,1.33625
2015-01-12,SEM.N,0.92375
2015-01-12,SEM.N,0.91375
2015-01-13,KOS.N,0.297
2015-01-14,THR.N,1.33
2015-01-22,THR.N,1.32375
2015-01-22,KOS.N,0.3315
2015-01-26,KOS.N,0.31317
2015-01-27,KOS.N,0.28729
2015-02-02,THR.N,1.3225
2015-02-02,KOS.N,0.28138
2015-02-03,THR.N,1.3625
2015-02-03,KOS.N,0.30263
2015-02-04,THR.N,1.39875
2015-02-05,KOS.N,0.30263
2015-02-06,KOS.N,0.32456
2015-02-09,IMKTA.OQ,2.75
2015-02-09,THR.N,1.40125
2015-02-11,THR.N,1.4075
2015-02-11,KOS.N,0.32875
2015-02-12,THR.N,1.41286
2015-02-13,THR.N,1.415
2015-02-23,KOS.N,-0.23836
2015-02-24,SEM.N,0.8975
2015-02-26,KOS.N,-0.22017
2015-02-27,KOS.N,-0.19933
2015-03-02,KOS.N,-0.151
2015-03-03,KOS.N,-0.14933
2015-03-04,KOS.N,-0.1292
2015-03-06,SEM.N,0.89333
2015-03-09,KOS.N,-0.10836
2015-03-17,KOS.N,-0.10291
2015-03-20,KOS.N,-0.13
2015-03-25,SEM.N,0.89444
2015-03-27,KOS.N,-0.1365
2015-03-31,KOS.N,-0.12244
2015-04-09,KOS.N,-0.12467
2015-04-14,SEM.N,0.88375
2015-04-15,KOS.N,-0.12578
2015-04-17,KOS.N,-0.13
2015-04-20,KOS.N,-0.13444
2015-04-22,KOS.N,-0.14
2015-04-24,KOS.N,-0.126
2015-04-27,KOS.N,-0.11222
2015-05-01,KOS.N,-0.11444
2015-05-01,SEM.N,0.91
2015-05-04,KOS.N,-0.10286
2015-05-04,SEM.N,0.92
2015-05-05,KOS.N,-0.092
2015-05-11,KOS.N,-0.15
2015-05-12,IMKTA.OQ,2.85
2015-05-14,SEM.N,0.90875
2015-05-20,KOS.N,-0.226
2015-05-26,KOS.N,-0.225
2015-05-27,THR.N,1.41875
2015-05-27,KOS.N,-0.23
2015-05-29,THR.N,1.4
2015-06-02,SEM.N,0.9125
2015-06-03,THR.N,1.328
2015-06-04,THR.N,1.33833
2015-06-08,THR.N,1.33286
2015-06-12,THR.N,1.33375
2015-07-02,KOS.N,-0.21714
2015-07-06,THR.N,1.33571
2015-07-06,KOS.N,-0.21286
2015-07-07,KOS.N,-0.1875
2015-07-08,KOS.N,-0.18
2015-07-16,KOS.N,-0.1825
2015-07-17,KOS.N,-0.2
2015-07-20,KOS.N,-0.236
2015-07-24,SEM.N,0.91125
2015-08-04,IMKTA.OQ,3.4
2015-08-04,IMKTA.OQ,2.95
2015-08-04,KOS.N,-0.2538
2015-08-05,THR.N,1.3
2015-08-06,THR.N,1.27571
2015-08-07,THR.N,1.27
2015-08-07,SEM.N,0.91625
2015-08-10,THR.N,1.25714
2015-08-10,KOS.N,-0.28475
2015-08-10,SEM.N,0.92125
2015-08-11,SEM.N,0.9275
2015-08-12,THR.N,1.235
2015-08-13,SEM.N,0.93125
2015-08-17,KOS.N,-0.24475
2015-08-30,SEM.N,0.93143
2015-09-02,KOS.N,-0.2998
2015-09-07,THR.N,1.23
2015-09-08,KOS.N,-0.2878
2015-09-10,KOS.N,-0.35725
2015-09-17,THR.N,1.22167
2015-09-18,KOS.N,-0.33967
2015-09-25,THR.N,1.24571
2015-10-02,THR.N,1.22143
2015-10-02,KOS.N,-0.40967
2015-10-06,SEM.N,0.93286
2015-10-19,KOS.N,-0.413
2015-10-20,SEM.N,0.94167
2015-10-22,KOS.N,-0.39233
2015-10-29,THR.N,1.21429
2015-10-29,SEM.N,0.94333
2015-10-30,KOS.N,-0.45425
2015-10-30,SEM.N,0.89667
2015-11-02,THR.N,1.21
2015-11-02,SEM.N,0.875
2015-11-03,KOS.N,-0.43225
2015-11-04,THR.N,1.07125
2015-11-04,SEM.N,0.88
2015-11-05,KOS.N,-0.4718
2015-11-10,THR.N,1.03875
2015-11-10,KOS.N,-0.4215
2015-11-11,THR.N,1.00857
2015-11-16,KOS.N,-0.3778
2015-11-16,SEM.N,0.9
2015-11-20,KOS.N,-0.3738
2015-12-02,SEM.N,0.94
2015-12-04,THR.N,1.0
2015-12-09,KOS.N,-0.376
2015-12-10,KOS.N,-0.35333
2015-12-11,IMKTA.OQ,3.2
2015-12-31,KOS.N,-0.355
2016-01-07,KOS.N,-0.35667
2016-01-11,KOS.N,-0.32
2016-01-12,THR.N,0.99429
2016-01-12,SEM.N,0.9375
2016-01-20,THR.N,0.99429
2016-01-20,KOS.N,-0.32
2016-01-22,THR.N,1.0
2016-01-25,THR.N,0.99167
2016-01-26,KOS.N,-0.3235
2016-01-31,SEM.N,0.942
2016-02-01,KOS.N,-0.3085
2016-02-02,KOS.N,-0.31017
2016-02-03,THR.N,0.94167
2016-02-04,THR.N,0.88
2016-02-08,THR.N,0.87
2016-02-09,IMKTA.OQ,2.9
2016-02-17,SEM.N,0.95
2016-02-17,SEM.N,0.89
2016-02-22,KOS.N,-0.31146
2016-02-23,KOS.N,-0.33654
2016-02-25,KOS.N,-0.36269
2016-02-29,SEM.N,0.89857
2016-03-01,SEM.N,0.86
2016-03-02,KOS.N,-0.37577
2016-03-07,KOS.N,-0.34864
2016-03-08,KOS.N,-0.40875
2016-03-11,KOS.N,-0.42617
2016-03-15,SEM.N,0.86286
2016-03-16,KOS.N,-0.38569
2016-03-18,THR.N,0.87286
2016-03-22,KOS.N,-0.378
2016-03-29,KOS.N,-0.38031
2016-04-01,SEM.N,0.86143
2016-04-04,THR.N,0.8725
2016-04-08,KOS.N,-0.34031
2016-04-11,KOS.N,-0.34569
2016-04-12,KOS.N,-0.34646
2016-04-15,KOS.N,-0.34262
2016-04-18,KOS.N,-0.34262
2016-04-19,KOS.N,-0.34415
2016-04-20,KOS.N,-0.35031
2016-04-21,KOS.N,-0.37492
2016-04-25,KOS.N,-0.37262
2016-05-05,KOS.N,-0.388
2016-05-06,SEM.N,0.85571
2016-05-09,KOS.N,-0.38723
2016-05-09,SEM.N,0.85
2016-05-10,IMKTA.OQ,2.85
2016-05-10,KOS.N,-0.38446
2016-05-10,IMKTA.OQ,3.1
2016-05-11,KOS.N,-0.38523
2016-05-12,KOS.N,-0.38062
2016-05-12,SEM.N,0.86833
2016-05-13,KOS.N,-0.37215
2016-05-13,SEM.N,0.872
2016-05-16,KOS.N,-0.46422
2016-05-17,KOS.N,-0.46311
2016-05-19,KOS.N,-0.452
2016-05-20,KOS.N,-0.44533
2016-05-23,KOS.N,-0.42644
2016-05-25,THR.N,0.84625
2016-05-25,SEM.N,0.87167
2016-05-26,THR.N,0.8525
2016-05-26,KOS.N,-0.4258
2016-05-27,THR.N,0.84625
2016-05-31,KOS.N,-0.4208
2016-06-01,THR.N,0.84
2016-06-21,THR.N,0.8425
2016-06-21,KOS.N,-0.398
2016-06-29,THR.N,0.85375
2016-06-30,KOS.N,-0.39527
2016-07-01,KOS.N,-0.39436
2016-07-05,KOS.N,-0.39891
2016-07-07,KOS.N,-0.40709
2016-07-11,KOS.N,-0.40436
2016-07-12,KOS.N,-0.40255
2016-07-13,KOS.N,-0.40318
2016-07-14,KOS.N,-0.32782
2016-07-18,KOS.N,-0.33055
2016-07-20,KOS.N,-0.33691
2016-08-03,THR.N,0.765
2016-08-03,KOS.N,-0.40046
2016-08-04,THR.N,0.72875
2016-08-05,SEM.N,0.84667
2016-08-08,KOS.N,-0.38564
2016-08-08,SEM.N,0.82
2016-08-09,KOS.N,-0.34564
2016-08-09,SEM.N,0.80167
2016-08-10,KOS.N,-0.33655
2016-08-11,KOS.N,-0.36109
2016-08-12,KOS.N,-0.35927
2016-08-15,KOS.N,-0.40025
2016-08-31,KOS.N,-0.34457
2016-09-06,KOS.N,-0.34886
2016-09-09,THR.N,0.725
2016-09-12,KOS.N,-0.35275
2016-09-27,KOS.N,-0.3515
2016-09-28,SEM.N,0.78429
2016-10-04,SEM.N,0.78286
2016-10-05,THR.N,0.705
2016-10-10,KOS.N,-0.35025
2016-10-13,KOS.N,-0.32975
2016-10-17,THR.N,0.67
2016-10-17,KOS.N,-0.3335
2016-10-18,KOS.N,-0.33225
2016-10-19,KOS.N,-0.2978
2016-10-25,KOS.N,-0.2818
2016-11-02,THR.N,0.49286
2016-11-04,THR.N,0.46143
2016-11-04,SEM.N,0.71143
2016-11-07,KOS.N,-0.2768
2016-11-07,SEM.N,0.67857
2016-11-08,KOS.N,-0.2758
2016-11-10,SEM.N,0.66
2016-11-14,KOS.N,-0.296
2016-11-16,KOS.N,-0.2835
2016-11-17,KOS.N,-0.28422
2016-11-21,KOS.N,-0.27978
2016-11-28,KOS.N,-0.27978
2016-12-19,SEM.N,0.64714
2016-12-20,IMKTA.OQ,2.95
2017-01-03,KOS.N,-0.26867
2017-01-03,SEM.N,0.65667
2017-01-09,SEM.N,0.62
2017-01-11,KOS.N,-0.26978
2017-01-19,SEM.N,0.61833
2017-01-22,KOS.N,-0.26756
2017-01-24,KOS.N,-0.272
2017-01-27,SEM.N,0.61167
2017-01-30,SEM.N,0.835
2017-01-30,KOS.N,-0.272
2017-01-30,SEM.N,0.60667
2017-01-31,KOS.N,-0.26989
2017-02-01,KOS.N,-0.26767
2017-02-03,IMKTA.OQ,2.75
2017-02-08,THR.N,0.48333
2017-02-08,KOS.N,-0.2659
2017-02-09,THR.N,0.47667
2017-02-15,THR.N,0.478
2017-02-27,KOS.N,-0.12933
2017-02-27,SEM.N,0.86333
2017-02-28,KOS.N,-0.19664
2017-03-01,KOS.N,-0.18482
2017-03-06,KOS.N,-0.197
2017-03-09,KOS.N,-0.24367
2017-03-13,KOS.N,-0.28144
2017-03-15,KOS.N,-0.30033
2017-03-16,KOS.N,-0.287
2017-03-22,KOS.N,-0.30144
2017-03-30,KOS.N,-0.33625
2017-03-31,SEM.N,0.85714
2017-04-05,KOS.N,-0.35125
2017-04-05,SEM.N,0.85
2017-04-06,SEM.N,0.85143
2017-04-11,SEM.N,0.85286
2017-04-17,SEM.N,0.85143
2017-04-18,KOS.N,-0.335
2017-04-19,KOS.N,-0.3
2017-04-21,KOS.N,-0.31
2017-04-25,KOS.N,-0.2975
2017-05-03,KOS.N,-0.30125
2017-05-04,IMKTA.OQ,2.55
2017-05-08,KOS.N,-0.315
2017-05-08,SEM.N,0.85571
2017-05-09,KOS.N,-0.30875
2017-05-09,SEM.N,0.86286
2017-05-10,KOS.N,-0.3075
2017-05-11,SEM.N,0.86333
2017-05-15,KOS.N,-0.26714
2017-05-16,KOS.N,-0.25625
2017-05-17,SEM.N,0.86143
2017-05-18,KOS.N,-0.255
2017-05-24,THR.N,0.62333
2017-05-25,THR.N,0.48143
2017-05-25,KOS.N,-0.21857
2017-05-26,THR.N,0.45286
2017-05-30,KOS.N,-0.24
2017-06-07,KOS.N,-0.155
2017-06-19,KOS.N,-0.14667
2017-06-21,KOS.N,-0.17333
2017-07-06,KOS.N,-0.19
2017-07-06,SEM.N,0.86167
2017-07-07,KOS.N,-0.198
2017-07-10,KOS.N,-0.203
2017-07-10,SEM.N,0.86429
2017-07-12,THR.N,0.4525
2017-07-12,KOS.N,-0.219
2017-07-14,KOS.N,-0.225
2017-07-17,KOS.N,-0.256
2017-07-18,KOS.N,-0.261
2017-07-20,KOS.N,-0.325
2017-07-21,KOS.N,-0.328
2017-08-01,THR.N,0.44667
2017-08-02,THR.N,0.44556
2017-08-04,IMKTA.OQ,2.45
2017-08-04,IMKTA.OQ,2.35
2017-08-04,THR.N,0.43444
2017-08-04,KOS.N,-0.29591
2017-08-04,SEM.N,0.87571
2017-08-07,KOS.N,-0.25991
2017-08-07,SEM.N,0.89571
2017-08-08,KOS.N,-0.27075
2017-08-09,THR.N,0.42875
2017-08-09,KOS.N,-0.26908
2017-08-11,KOS.N,-0.27725
2017-08-14,KOS.N,-0.28246
2017-08-16,KOS.N,-0.28427
2017-08-21,KOS.N,-0.27382
2017-08-29,KOS.N,-0.27927
2017-08-30,SEM.N,0.89833
2017-09-05,KOS.N,-0.26767
2017-09-11,KOS.N,-0.26267
2017-09-26,THR.N,0.42889
2017-09-27,KOS.N,-0.26017
2017-09-28,KOS.N,-0.2605
2017-09-29,KOS.N,-0.24739
2017-10-02,SEM.N,0.88833
2017-10-03,KOS.N,-0.24662
2017-10-04,THR.N,0.41125
2017-10-05,THR.N,0.40857
2017-10-09,THR.N,0.41
2017-10-10,KOS.N,-0.24614
2017-10-11,KOS.N,-0.24257
2017-10-12,KOS.N,-0.2425
2017-10-16,THR.N,0.42833
2017-10-16,KOS.N,-0.24464
2017-10-18,KOS.N,-0.25039
2017-10-20,THR.N,0.428
2017-10-20,KOS.N,-0.25192
2017-10-23,THR.N,0.448
2017-10-24,THR.N,0.5525
2017-10-24,KOS.N,-0.24469
2017-10-24,SEM.N,0.87667
2017-10-25,THR.N,0.53
2017-10-26,KOS.N,-0.24185
2017-10-31,KOS.N,-0.271
2017-11-01,SEM.N,0.87
2017-11-03,SEM.N,0.875
2017-11-06,KOS.N,-0.27254
2017-11-06,SEM.N,0.855
2017-11-07,KOS.N,-0.28477
2017-11-09,KOS.N,-0.28092
2017-11-13,KOS.N,-0.28169
2017-11-21,KOS.N,-0.2745
2017-11-27,THR.N,0.52833
2017-11-27,KOS.N,-0.27236
2017-11-30,KOS.N,-0.28869
2017-12-05,KOS.N,-0.28792
2017-12-07,SEM.N,0.85167
2017-12-08,IMKTA.OQ,2.55
2017-12-11,KOS.N,-0.28792
2017-12-13,KOS.N,-0.28485
2017-12-14,KOS.N,-0.293
2017-12-20,KOS.N,-0.29223
2017-12-21,KOS.N,-0.28931
2018-01-02,KOS.N,-0.28469
2018-01-09,SEM.N,0.85
2018-01-10,KOS.N,-0.28162
2018-01-11,KOS.N,-0.28392
2018-01-17,KOS.N,-0.28623
2018-01-19,THR.N,0.536
2018-01-24,KOS.N,-0.28546
2018-01-26,KOS.N,-0.29008
2018-01-30,SEM.N,1.09143
2018-01-30,KOS.N,-0.29085
2018-01-30,SEM.N,0.85
2018-02-01,KOS.N,-0.29239
2018-02-07,KOS.N,-0.29546
2018-02-08,THR.N,0.594
2018-02-09,THR.N,0.58333
2018-02-09,KOS.N,-0.29677
2018-02-12,IMKTA.OQ,2.95
2018-02-12,THR.N,0.58714
2018-02-13,THR.N,0.61143
2018-02-22,SEM.N,1.08429
2018-02-23,SEM.N,1.08714
2018-02-26,KOS.N,0.01287
2018-02-26,SEM.N,1.05857
2018-02-27,KOS.N,-0.0212
2018-02-27,SEM.N,1.06143
2018-02-28,KOS.N,-0.0312
2018-03-01,KOS.N,-0.033
2018-03-05,KOS.N,-0.12525
2018-03-12,KOS.N,-0.05008
2018-03-13,KOS.N,-0.08315
2018-03-21,KOS.N,-0.10931
2018-03-22,KOS.N,-0.11162
2018-04-06,KOS.N,-0.10546
2018-04-09,KOS.N,-0.10392
2018-04-10,THR.N,0.61167
2018-04-12,KOS.N,-0.10623
2018-04-13,KOS.N,-0.08085
2018-04-15,SEM.N,1.05333
2018-04-16,KOS.N,-0.08077
2018-04-19,KOS.N,-0.09539
2018-04-20,KOS.N,-0.08831
2018-04-23,KOS.N,-0.10057
2018-04-24,KOS.N,-0.09914
2018-04-26,THR.N,0.60167
2018-04-26,KOS.N,-0.11392
2018-05-04,KOS.N,-0.11162
2018-05-04,SEM.N,1.05833
2018-05-07,KOS.N,-0.10008
2018-05-08,KOS.N,-0.08777
2018-05-09,KOS.N,-0.07017
2018-05-10,KOS.N,-0.04933
2018-05-11,IMKTA.OQ,2.75
2018-05-14,KOS.N,-0.02564
2018-05-17,KOS.N,-0.03836
2018-05-24,THR.N,0.84
2018-05-25,KOS.N,-0.031
2018-05-29,THR.N,0.9
2018-05-30,KOS.N,-0.03646
2018-05-31,THR.N,0.9275
2018-06-04,THR.N,0.966
2018-06-04,KOS.N,-0.00464
2018-06-07,THR.N,0.956
2018-06-11,KOS.N,0.01991
2018-06-21,KOS.N,0.05211
2018-06-26,KOS.N,0.04544
2018-07-05,KOS.N,0.02738
2018-07-17,KOS.N,0.01725
2018-07-19,KOS.N,-0.004
2018-07-20,KOS.N,0.00725
2018-07-30,SEM.N,1.04833
2018-08-01,THR.N,1.11
2018-08-02,THR.N,1.128
2018-08-03,SEM.N,1.03333
2018-08-06,THR.N,1.28
2018-08-06,KOS.N,-0.02022
2018-08-06,SEM.N,1.02333
2018-08-07,KOS.N,-0.0675
2018-08-21,KOS.N,-0.0375
2018-08-28,KOS.N,-0.03375
2018-09-07,KOS.N,-0.0375
2018-09-27,KOS.N,-0.05
2018-10-01,KOS.N,-0.04
2018-10-08,KOS.N,-0.0225
2018-10-09,KOS.N,-0.05667
2018-10-10,KOS.N,-0.08222
2018-10-11,KOS.N,-0.12889
2018-10-11,SEM.N,1.02167
2018-10-15,KOS.N,-0.12667
2018-10-16,SEM.N,1.02814
2018-10-18,KOS.N,-0.13556
2018-10-22,KOS.N,-0.158
2018-10-23,KOS.N,-0.203
2018-10-24,KOS.N,-0.261
2018-10-29,KOS.N,-0.25333
2018-10-31,THR.N,1.2575
2018-11-01,THR.N,1.2125
2018-11-01,KOS.N,-0.25333
2018-11-02,THR.N,1.18
2018-11-02,SEM.N,1.03957
2018-11-05,THR.N,1.154
2018-11-05,KOS.N,-0.24444
2018-11-05,SEM.N,1.04886
2018-11-06,KOS.N,-0.29444
2018-11-07,KOS.N,-0.28889
2018-11-08,SEM.N,1.05033
2018-11-27,KOS.N,-0.269
2018-11-28,KOS.N,-0.271
2018-11-30,KOS.N,-0.25364
2018-12-05,THR.N,1.138
2018-12-14,KOS.N,-0.26546
2018-12-14,SEM.N,1.05314
2018-12-17,KOS.N,-0.26727
2018-12-18,IMKTA.OQ,3.2
2018-12-18,KOS.N,-0.29
2018-12-19,KOS.N,-0.311
2018-12-20,KOS.N,-0.31
2018-12-21,KOS.N,-0.315
2018-12-31,KOS.N,-0.31778
2019-01-01,THR.N,1.136
2019-01-04,KOS.N,-0.29889
2019-01-07,KOS.N,-0.29222
2019-01-07,SEM.N,1.04786
2019-01-10,THR.N,1.15333
2019-01-14,SEM.N,1.04938
2019-01-22,KOS.N,-0.29333
2019-01-28,KOS.N,-0.29889
2019-01-30,THR.N,1.128
2019-01-30,KOS.N,-0.30889
2019-02-01,THR.N,1.162
2019-02-04,THR.N,1.146
2019-02-06,THR.N,1.17
2019-02-07,IMKTA.OQ,3.3
2019-02-11,THR.N,1.168
2019-02-14,KOS.N,-0.32033
2019-02-19,KOS.N,-0.32538
2019-02-20,SEM.N,1.04929
2019-02-20,SEM.N,1.09971
2019-02-22,SEM.N,1.07257
2019-02-24,SEM.N,1.03971
2019-02-25,KOS.N,0.11827
2019-02-26,KOS.N,0.14746
2019-03-04,KOS.N,0.09578
2019-03-05,KOS.N,0.0912
2019-03-06,KOS.N,0.07927
2019-03-14,SEM.N,1.04257
2019-03-20,KOS.N,0.10982
2019-03-21,KOS.N,0.11233
2019-03-22,KOS.N,0.13317
2019-03-27,KOS.N,0.13317
2019-04-02,KOS.N,0.1265
2019-04-03,KOS.N,0.12325
2019-04-04,KOS.N,0.1355
2019-04-08,KOS.N,0.16327
2019-04-15,KOS.N,0.1656
2019-04-16,KOS.N,0.2386
2019-04-17,KOS.N,0.254
2019-04-24,KOS.N,0.24133
2019-04-25,KOS.N,0.23578
2019-04-26,THR.N,1.1775
2019-04-29,KOS.N,0.22911
2019-05-01,KOS.N,0.2589
2019-05-02,KOS.N,0.1629
2019-05-06,KOS.N,0.2262
2019-05-06,SEM.N,1.04633
2019-05-07,KOS.N,0.22688
2019-05-08,SEM.N,1.043
2019-05-09,IMKTA.OQ,3.4
2019-05-13,KOS.N,0.21875
2019-05-17,THR.N,1.3425
2019-05-17,THR.N,1.18333
2019-05-17,SEM.N,1.04967
2019-05-23,KOS.N,0.23575
2019-05-30,KOS.N,0.24575
2019-06-03,KOS.N,0.2395
2019-06-06,KOS.N,0.27514
2019-06-10,THR.N,1.3675
2019-06-11,THR.N,1.37
2019-06-13,THR.N,1.42667
2019-06-14,KOS.N,0.27943
2019-06-20,KOS.N,0.27657
2019-06-26,KOS.N,0.26014
2019-06-27,KOS.N,0.24263
2019-07-03,KOS.N,0.23138
2019-07-12,KOS.N,0.23313
2019-07-17,KOS.N,0.22313
2019-07-22,THR.N,1.3575
2019-07-23,KOS.N,0.21788
2019-07-29,KOS.N,0.19663
2019-07-30,KOS.N,0.17038
2019-07-31,KOS.N,0.158
2019-08-02,SEM.N,1.054
2019-08-05,KOS.N,0.14188
2019-08-05,SEM.N,1.03971
2019-08-08,KOS.N,0.12278
2019-08-08,SEM.N,1.038
2019-08-09,IMKTA.OQ,3.9
2019-08-09,THR.N,1.3225
2019-08-09,IMKTA.OQ,4.25
2019-08-12,KOS.N,0.13313
2019-08-13,THR.N,1.38
2019-08-14,KOS.N,0.1245
2019-08-14,SEM.N,1.03971
2019-08-15,THR.N,1.27
2019-08-16,KOS.N,0.114
2019-08-21,KOS.N,0.10911
2019-08-27,KOS.N,0.10133
2019-08-28,SEM.N,1.03686
2019-09-03,KOS.N,0.0965
2019-09-16,SEM.N,1.03225
2019-10-07,KOS.N,0.0945
2019-10-09,KOS.N,0.09375
2019-10-10,KOS.N,0.07
2019-10-16,KOS.N,0.075
2019-10-21,KOS.N,0.03625
2019-10-28,KOS.N,0.0375
2019-11-01,SEM.N,1.06288
2019-11-04,KOS.N,0.0145
2019-11-04,SEM.N,1.09614
2019-11-05,THR.N,1.305
2019-11-06,KOS.N,0.038
2019-11-07,KOS.N,0.05229
2019-11-08,THR.N,1.35
2019-11-11,THR.N,1.27333
2019-11-11,KOS.N,0.061
2019-11-18,SEM.N,1.11043
2019-11-26,THR.N,1.285
2019-11-26,KOS.N,0.05017
2019-11-27,KOS.N,0.03157
2019-11-27,SEM.N,1.11186
2019-12-09,KOS.N,0.01157
2019-12-11,IMKTA.OQ,4.3
2019-12-17,KOS.N,0.01014
2019-12-31,THR.N,1.27333
2020-01-06,KOS.N,0.00443
2020-01-07,SEM.N,1.11043
2020-01-08,SEM.N,1.11129
2020-01-17,KOS.N,0.00443
2020-01-22,KOS.N,0.009
2020-01-23,KOS.N,0.01614
2020-01-24,KOS.N,0.00186
2020-01-27,SEM.N,1.11086
2020-01-27,SEM.N,1.35943
2020-01-28,KOS.N,-0.002
2020-01-29,KOS.N,-0.007
2020-01-31,KOS.N,-0.01686
2020-02-06,THR.N,1.35
2020-02-07,THR.N,1.145
2020-02-10,THR.N,0.95
2020-02-21,SEM.N,1.358
2020-02-24,KOS.N,0.00363
2020-02-24,SEM.N,1.38343
2020-02-25,KOS.N,0.00488
2020-02-26,KOS.N,-0.03388
2020-03-02,KOS.N,-0.06871
2020-03-03,KOS.N,-0.08329
2020-03-04,KOS.N,-0.079
2020-03-09,KOS.N,-0.10043
2020-03-10,KOS.N,-0.14329
2020-03-13,KOS.N,-0.20486
2020-03-15,THR.N,0.91667
2020-03-16,KOS.N,-0.485
2020-03-17,KOS.N,-0.57643
2020-03-18,KOS.N,-0.54438
2020-03-19,SEM.N,1.372
2020-03-20,KOS.N,-0.52438
2020-03-24,SEM.N,1.30771
2020-03-25,KOS.N,-0.53722
2020-03-31,KOS.N,-0.60833
2020-04-03,KOS.N,-0.63822
2020-04-03,SEM.N,1.26543
2020-04-16,THR.N,0.85333
2020-04-16,KOS.N,-0.61378
2020-04-20,KOS.N,-0.64789
2020-04-20,SEM.N,1.17686
2020-04-21,THR.N,0.73333
2020-04-21,SEM.N,1.11686
2020-04-23,SEM.N,1.044
2020-04-24,KOS.N,-0.64678
2020-04-28,KOS.N,-0.66456
2020-04-29,KOS.N,-0.72922
2020-05-01,SEM.N,0.98257
2020-05-04,SEM.N,0.98483
2020-05-07,SEM.N,0.9038
2020-05-11,KOS.N,-0.68222
2020-05-12,KOS.N,-0.72625
2020-05-13,KOS.N,-0.64571
2020-05-14,KOS.N,-0.62938
2020-05-14,SEM.N,0.94475
2020-05-15,KOS.N,-0.65238
2020-05-18,KOS.N,-0.80983
2020-05-22,KOS.N,-0.75817
2020-05-27,KOS.N,-0.76983
2020-06-02,THR.N,0.76
2020-06-03,THR.N,0.54333
2020-06-03,KOS.N,-0.78283
2020-06-05,SEM.N,1.05975
2020-06-11,SEM.N,1.05975
2020-06-16,KOS.N,-0.76283
2020-06-16,SEM.N,1.01475
2020-06-17,KOS.N,-0.76233
2020-06-25,THR.N,0.52333
2020-07-03,KOS.N,-0.82567
2020-07-08,KOS.N,-0.79417
2020-07-09,KOS.N,-0.78183
2020-07-12,KOS.N,-0.79017
2020-07-14,SEM.N,0.998
2020-07-15,KOS.N,-0.79
2020-07-20,KOS.N,-0.80667
2020-07-22,KOS.N,-0.8115
2020-07-30,KOS.N,-0.807
2020-07-31,SEM.N,1.133
2020-08-03,KOS.N,-0.76629
2020-08-03,SEM.N,1.302
2020-08-04,KOS.N,-0.76843
2020-08-04,SEM.N,1.402
2020-08-07,THR.N,0.46
2020-08-10,THR.N,0.37667
2020-08-10,KOS.N,-0.78786
2020-08-11,THR.N,0.37333
2020-08-12,KOS.N,-0.76917
2020-08-16,KOS.N,-0.765
2020-08-19,KOS.N,-0.75414
2020-08-26,KOS.N,-0.75029
2020-09-04,KOS.N,-0.76867
2020-09-09,KOS.N,-0.742
2020-09-29,KOS.N,-0.82171
2020-10-07,KOS.N,-0.79586
2020-10-09,SEM.N,1.38775
2020-10-14,KOS.N,-0.79614
2020-10-18,KOS.N,-0.80471
2020-10-22,SEM.N,1.39775
2020-10-30,SEM.N,1.49275
2020-11-02,SEM.N,1.584
2020-11-03,SEM.N,1.622
2020-11-06,THR.N,0.36333
2020-11-09,THR.N,0.5025
2020-11-09,KOS.N,-0.80343
2020-11-10,KOS.N,-0.72067
2020-11-12,KOS.N,-0.7508
2020-11-17,KOS.N,-0.7476
2020-11-19,KOS.N,-0.73467
2020-12-01,KOS.N,-0.7105
2020-12-02,KOS.N,-0.7105
2021-01-04,THR.N,0.45333
2021-01-06,KOS.N,-0.709
2021-01-20,KOS.N,-0.7095
2021-02-05,KOS.N,-0.705
2021-02-07,THR.N,0.47
2021-02-09,THR.N,0.5
2021-02-10,KOS.N,-0.7045
2021-02-17,SEM.N,1.6682
2021-02-22,KOS.N,-0.07771
2021-02-23,KOS.N,-0.03757
2021-02-24,KOS.N,-0.057
2021-02-26,KOS.N,-0.07325
2021-02-26,SEM.N,1.8642
2021-03-01,SEM.N,2.3232
2021-03-02,SEM.N,2.3115
2021-03-03,KOS.N,-0.0445
2021-03-05,KOS.N,-0.08825
2021-03-07,KOS.N,-0.07825
2021-03-11,KOS.N,-0.07938
2021-03-17,THR.N,0.50333
2021-04-07,KOS.N,-0.07313
2021-04-12,KOS.N,-0.07363
2021-04-13,KOS.N,-0.06775
2021-04-20,KOS.N,-0.069
2021-04-21,KOS.N,-0.042
2021-04-26,KOS.N,-0.04529
2021-05-06,KOS.N,-0.01814
2021-05-07,KOS.N,-0.0295
2021-05-07,SEM.N,2.364
2021-05-10,KOS.N,-0.02383
2021-05-10,SEM.N,2.463
2021-05-11,KOS.N,0.01671
2021-05-11,SEM.N,2.48733
2021-05-12,KOS.N,0.01243
2021-05-13,SEM.N,2.498
2021-05-18,KOS.N,0.01429
2021-05-21,SEM.N,2.5384
2021-05-26,KOS.N,0.05167
2021-05-27,THR.N,0.72333
2021-05-28,THR.N,0.67667
2021-06-01,THR.N,0.65
2021-06-11,KOS.N,0.05333
2021-06-20,KOS.N,0.038
2021-07-06,KOS.N,0.063
2021-07-07,KOS.N,0.14175
2021-07-15,KOS.N,0.14675
2021-07-19,FA.OQ,0.63971
2021-07-19,KOS.N,0.145
2021-08-06,THR.N,0.66
2021-08-06,SEM.N,2.7344
2021-08-09,THR.N,0.66333
2021-08-09,SEM.N,3.0316
2021-08-10,KOS.N,0.19333
2021-08-11,KOS.N,-0.01375
2021-08-12,FA.OQ,0.75588
2021-08-13,KOS.N,-0.043
2021-08-13,FA.OQ,0.76575
2021-08-24,FA.OQ,0.7595
2021-08-27,KOS.N,-0.0405
2021-09-06,KOS.N,0.0396
2021-09-23,SEM.N,3.0326
2021-09-28,KOS.N,0.0436
2021-10-01,KOS.N,0.0468
2021-10-06,FA.OQ,0.757
2021-10-08,THR.N,0.64
2021-10-13,KOS.N,-0.0065
2021-10-14,KOS.N,-0.12867
2021-10-18,KOS.N,0.00633
2021-10-19,FA.OQ,0.76075
2021-10-22,KOS.N,-0.03367
2021-10-25,KOS.N,-0.108
2021-11-01,KOS.N,0.0165
2021-11-05,SEM.N,3.0386
2021-11-08,KOS.N,0.072
2021-11-08,FA.OQ,0.80229
2021-11-08,SEM.N,3.0556
2021-11-09,KOS.N,0.0215
2021-11-10,THR.N,0.74
2021-11-11,THR.N,0.795
2021-11-11,KOS.N,-0.03275
2021-11-12,FA.OQ,0.83286
2021-11-15,FA.OQ,0.8568
2021-11-30,FA.OQ,0.86117
2021-12-02,FA.OQ,0.86486
2021-12-13,KOS.N,-0.01875
2022-01-04,KOS.N,-0.022
2022-01-07,SEM.N,3.0552
2022-01-09,KOS.N,0.1044
2022-01-17,KOS.N,0.0944
2022-01-18,SEM.N,2.9912
2022-01-19,SEM.N,2.9372
2022-01-19,SEM.N,2.6938
2022-01-31,KOS.N,0.0904
2022-01-31,SEM.N,2.9142
2022-02-03,THR.N,0.79
2022-02-07,THR.N,0.825
2022-02-07,THR.N,1.23
2022-02-09,KOS.N,0.0812
2022-02-25,SEM.N,2.5078
2022-02-28,KOS.N,0.736
2022-03-01,KOS.N,0.616
2022-03-01,SEM.N,2.4578
2022-03-02,KOS.N,0.676
2022-03-03,SEM.N,2.08333
2022-03-06,KOS.N,0.72933
2022-03-06,SEM.N,2.1675
2022-03-08,KOS.N,0.80267
2022-03-09,KOS.N,0.86433
2022-03-10,FA.OQ,0.86925
2022-03-11,KOS.N,0.82767
2022-03-14,KOS.N,0.8965
2022-03-16,SEM.N,2.1526
2022-03-23,FA.OQ,0.97963
2022-03-24,KOS.N,0.8825
2022-03-24,FA.OQ,0.99088
2022-03-25,FA.OQ,0.99125
2022-03-30,FA.OQ,1.04257
2022-04-01,KOS.N,0.88833
2022-04-05,KOS.N,0.86667
2022-04-06,KOS.N,1.00667
2022-04-12,FA.OQ,1.04971
2022-04-13,SEM.N,2.1532
2022-04-18,KOS.N,1.00833
2022-04-19,KOS.N,0.99333
2022-04-26,KOS.N,0.995
2022-05-03,THR.N,0.81
2022-05-04,FA.OQ,1.05043
2022-05-06,SEM.N,2.1652
2022-05-09,KOS.N,0.945
2022-05-09,SEM.N,2.1552
2022-05-10,KOS.N,0.9
2022-05-11,KOS.N,0.90786
2022-05-11,FA.OQ,1.06329
2022-05-12,SEM.N,2.224
2022-05-13,KOS.N,0.88886
2022-05-16,FA.OQ,1.06686
2022-05-16,SEM.N,2.2326
2022-05-18,FA.OQ,1.07167
2022-05-20,FA.OQ,1.06957
2022-05-25,KOS.N,0.99886
2022-05-31,THR.N,1.02
2022-06-01,KOS.N,0.99886
2022-06-13,KOS.N,1.15886
2022-06-21,KOS.N,1.176
2022-06-28,FA.OQ,1.06814
2022-07-05,KOS.N,1.19086
2022-07-07,KOS.N,1.24371
2022-07-11,FA.OQ,1.06814
2022-07-12,FA.OQ,1.0635
2022-07-19,FA.OQ,1.061
2022-07-21,KOS.N,1.24086
2022-07-22,KOS.N,1.21757
2022-08-04,FA.OQ,1.04888
2022-08-05,THR.N,1.07
2022-08-05,FA.OQ,1.04663
2022-08-05,SEM.N,2.1986
2022-08-07,THR.N,1.14
2022-08-08,KOS.N,1.24471
2022-08-08,SEM.N,2.0092
2022-08-09,SEM.N,1.8952
2022-08-11,KOS.N,1.23986
2022-08-15,KOS.N,1.21557
2022-08-16,FA.OQ,1.05163
2022-08-25,KOS.N,1.16843
2022-08-29,KOS.N,1.1806
2022-08-31,KOS.N,1.16383
2022-09-09,SEM.N,1.8792
2022-09-20,FA.OQ,1.05122
2022-09-21,SEM.N,1.833
2022-10-03,KOS.N,1.1575
2022-10-10,FA.OQ,1.04867
2022-10-12,KOS.N,1.15917
2022-10-14,FA.OQ,1.04511
2022-10-25,KOS.N,1.15967
2022-10-26,KOS.N,1.12467
2022-10-26,SEM.N,1.803
2022-11-04,THR.N,1.24
2022-11-04,SEM.N,1.601
2022-11-07,SEM.N,1.445
2022-11-08,THR.N,1.35
2022-11-08,KOS.N,1.13633
2022-11-08,FA.OQ,1.03733
2022-11-09,FA.OQ,1.028
2022-11-10,SEM.N,1.3525
2022-11-11,FA.OQ,1.02433
2022-11-14,KOS.N,1.24
2022-11-15,KOS.N,1.167
2022-11-15,FA.OQ,1.0235
2022-11-21,FA.OQ,1.02338
2022-11-22,SEM.N,1.3556
2022-11-30,KOS.N,1.13875
2022-12-16,KOS.N,1.16
2022-12-19,SEM.N,2.197
2022-12-19,SEM.N,1.3596
2022-12-21,KOS.N,1.14
2023-01-03,KOS.N,1.144
2023-01-06,FA.OQ,1.02463
2023-01-11,FA.OQ,1.024
2023-01-17,KOS.N,1.1292
2023-01-18,FA.OQ,1.02178
2023-01-25,KOS.N,1.1292
2023-02-02,THR.N,1.46
2023-02-03,THR.N,1.695
2023-02-03,THR.N,1.565
2023-02-03,KOS.N,1.0872
2023-02-06,KOS.N,1.0836
2023-02-08,KOS.N,1.06967
2023-02-10,FA.OQ,1.01989
2023-02-16,KOS.N,1.05967
2023-02-24,SEM.N,2.161
2023-02-27,KOS.N,1.30714
2023-02-27,SEM.N,2.0298
2023-02-28,KOS.N,1.25286
2023-02-28,FA.OQ,1.02856
2023-03-01,FA.OQ,1.03611
2023-03-02,SEM.N,1.97225
2023-03-03,KOS.N,1.21833
2023-03-06,KOS.N,1.2962
2023-03-10,KOS.N,1.26017
2023-03-10,SEM.N,2.0298
2023-04-04,KOS.N,1.275
2023-04-04,SEM.N,1.9898
2023-04-14,KOS.N,1.225
2023-04-14,FA.OQ,1.03278
2023-04-24,KOS.N,1.21617
2023-05-05,SEM.N,1.9538
2023-05-07,SEM.N,1.9198
2023-05-10,KOS.N,1.097
2023-05-10,FA.OQ,1.02667
2023-05-10,SEM.N,1.8878
2023-05-12,FA.OQ,1.02544
2023-05-15,KOS.N,1.07529
2023-05-16,KOS.N,0.9314
2023-05-16,FA.OQ,1.02413
2023-05-18,KOS.N,0.9334
2023-05-23,KOS.N,0.91617
2023-05-26,THR.N,1.725
2023-06-02,SEM.N,1.8898
2023-06-12,KOS.N,0.87814
2023-06-19,KOS.N,0.99213
2023-06-23,FA.OQ,1.02538
2023-07-05,KOS.N,0.991
2023-07-10,FA.OQ,1.02675
2023-07-18,KOS.N,0.9785
2023-07-19,SEM.N,1.9178
2023-07-20,KOS.N,0.97813
2023-07-20,SEM.N,1.9358
2023-07-21,KOS.N,0.92688
2023-07-21,FA.OQ,1.02288
2023-07-25,FA.OQ,1.02
2023-07-27,KOS.N,0.936
2023-07-28,KOS.N,0.91822
2023-08-03,THR.N,1.74
2023-08-03,SEM.N,1.9558
2023-08-04,THR.N,1.775
2023-08-04,SEM.N,1.9478
2023-08-07,KOS.N,0.91511
2023-08-07,FA.OQ,1.01875
2023-08-07,SEM.N,1.9625
2023-08-08,KOS.N,0.90644
2023-08-09,FA.OQ,1.01863
2023-08-09,SEM.N,1.985
2023-08-10,FA.OQ,1.02
2023-08-16,KOS.N,0.94971
2023-09-01,KOS.N,0.90475
2023-09-07,KOS.N,0.9035
2023-09-13,FA.OQ,1.02
2023-09-18,SEM.N,1.985
2023-09-19,FA.OQ,1.0181
2023-09-21,FA.OQ,1.0171
2023-09-26,KOS.N,0.89644
2023-09-27,KOS.N,0.882
2023-10-02,KOS.N,0.89588
2023-10-03,KOS.N,0.92188
2023-10-04,KOS.N,0.92188
2023-10-05,KOS.N,0.85188
2023-10-09,KOS.N,0.84963
2023-10-16,KOS.N,0.731
2023-10-17,FA.OQ,1.0181
2023-10-27,KOS.N,0.73814
2023-11-03,THR.N,1.895
2023-11-03,SEM.N,1.9925
2023-11-05,SEM.N,1.9875
2023-11-07,KOS.N,0.72814
2023-11-09,KOS.N,0.72786
2023-11-09,FA.OQ,1.0103
2023-11-09,SEM.N,1.98667
2023-11-10,FA.OQ,1.0067
2023-11-13,KOS.N,0.73357
2023-11-17,KOS.N,0.72214
2023-11-20,KOS.N,0.71288
2023-11-23,KOS.N,0.67614
2023-11-29,SEM.N,1.9925
2023-12-12,KOS.N,0.66871
2024-01-09,KOS.N,0.63014
2024-01-09,FA.OQ,1.0037
2024-01-09,SEM.N,1.982
2024-01-10,KOS.N,0.62814
2024-01-19,FA.OQ,1.00411
2024-01-30,KOS.N,0.621
2024-02-01,THR.N,1.85
2024-02-05,THR.N,1.8
2024-02-05,KOS.N,0.62071
2024-02-09,KOS.N,0.62786
2024-02-11,SEM.N,2.048
2024-02-11,SEM.N,1.814
2024-02-20,KOS.N,0.62957
2024-02-20,KOS.N,0.99217
2024-02-23,SEM.N,1.988
2024-02-26,SEM.N,1.876
2024-02-27,KOS.N,0.95383
2024-02-28,KOS.N,0.87383
2024-02-29,KOS.N,0.93043
2024-02-29,FA.OQ,1.03517
2024-02-29,SEM.N,2.02667
2024-03-01,FA.OQ,0.96483
2024-03-04,KOS.N,0.90433
2024-03-04,FA.OQ,0.96414
2024-03-05,THR.N,1.8
2024-03-06,KOS.N,0.898
2024-03-07,KOS.N,0.89943
2024-03-07,FA.OQ,0.94983
2024-03-09,SEM.N,2.035
2024-03-14,KOS.N,0.95157
2024-03-26,FA.OQ,0.94483
2024-04-10,KOS.N,0.96457
2024-04-19,FA.OQ,0.9365
2024-04-23,FA.OQ,0.93557
2024-04-29,THR.N,1.8
2024-04-29,KOS.N,0.98129
2024-04-29,THR.N,1.945
2024-05-03,SEM.N,2.045
2024-05-06,SEM.N,2.1075
2024-05-08,KOS.N,0.97986
2024-05-09,KOS.N,0.97986
2024-05-09,FA.OQ,0.93271
2024-05-13,FA.OQ,0.93157
2024-05-14,KOS.N,1.11975
2024-05-15,KOS.N,1.13225
2024-05-16,KOS.N,0.9998
2024-05-17,SEM.N,2.12333
2024-05-20,KOS.N,1.03225
2024-05-28,FA.OQ,0.93157
2024-05-30,THR.N,1.98
2024-06-03,THR.N,1.9775
2024-06-03,KOS.N,1.0798
2024-06-28,KOS.N,0.84975
2024-07-03,KOS.N,0.8216
2024-07-08,KOS.N,0.813
2024-07-16,KOS.N,0.78133
2024-07-26,KOS.N,0.7785
2024-07-29,KOS.N,0.7885
2024-08-02,FA.OQ,0.9285
2024-08-05,SEM.N,2.08333
2024-08-06,KOS.N,0.77017
2024-08-08,FA.OQ,0.92217
2024-08-08,SEM.N,2.045
2024-08-09,FA.OQ,0.92383
2024-08-12,KOS.N,0.7385
2024-08-14,KOS.N,0.73733
2024-08-19,SEM.N,2.03
2024-08-21,SEM.N,1.825
2024-08-27,KOS.N,0.7235
2024-09-09,KOS.N,0.6848
2024-09-12,FA.OQ,0.9186
2024-09-16,KOS.N,0.7608
2024-09-19,KOS.N,0.72733
2024-09-20,KOS.N,0.71333
2024-09-23,KOS.N,0.65
2024-09-25,KOS.N,0.66143
2024-10-04,KOS.N,0.65286
2024-10-14,KOS.N,0.65
2024-10-16,KOS.N,0.64643
2024-10-28,KOS.N,0.64357
2024-10-29,SEM.N,1.8625
2024-11-01,SEM.N,2.11
2024-11-04,KOS.N,0.53256
2024-11-04,SEM.N,2.02667
2024-11-05,KOS.N,0.49256
2024-11-07,THR.N,1.9325
2024-11-08,THR.N,1.8
2024-11-11,KOS.N,0.50257
2024-11-12,FA.OQ,0.9046
2024-11-13,FA.OQ,0.88
2024-11-14,FA.OQ,0.88167
2024-11-15,SEM.N,2.06
2024-11-20,FA.OQ,0.87186
2024-11-25,SEM.N,2.0725
2024-11-27,SEM.N,2.04333
2024-12-02,SEM.N,2.00333
2024-12-09,KOS.N,0.496
2024-12-10,KOS.N,0.49475
2024-12-11,FA.OQ,0.86913
2024-12-12,KOS.N,0.542
2024-12-17,KOS.N,0.51825
2025-01-02,KOS.N,0.51838
2025-01-03,SEM.N,1.426
2025-01-05,KOS.N,0.51263
2025-01-08,KOS.N,0.50933
2025-01-15,KOS.N,0.49378
2025-01-22,KOS.N,0.49489
2025-01-22,FA.OQ,0.86788
2025-02-05,KOS.N,0.5
2025-02-07,THR.N,1.82
2025-02-10,THR.N,1.825
2025-02-12,FA.OQ,0.86663
2025-02-20,KOS.N,0.52478
2025-02-21,SEM.N,1.42
2025-02-24,KOS.N,0.35756
2025-02-24,SEM.N,1.1175
2025-02-25,KOS.N,0.28675
2025-02-27,KOS.N,0.23925
2025-02-27,FA.OQ,0.94888
2025-02-28,FA.OQ,0.91263
2025-03-03,KOS.N,0.119
2025-03-04,KOS.N,0.11343
2025-03-04,FA.OQ,0.91111
2025-03-11,KOS.N,0.09957
2025-03-13,KOS.N,0.052
2025-03-23,KOS.N,0.04733
2025-04-07,KOS.N,0.03667
2025-04-10,KOS.N,0.03133
2025-04-10,FA.OQ,0.90044
2025-04-16,SEM.N,1.108
2025-04-17,KOS.N,0.072
2025-04-17,FA.OQ,0.89478
2025-04-25,KOS.N,0.0636
2025-04-30,FA.OQ,0.8952
2025-05-02,SEM.N,1.088
2025-05-05,SEM.N,1.1
2025-05-06,KOS.N,0.0696
2025-05-07,KOS.N,-0.0024
2025-05-07,SEM.N,1.10333
2025-05-08,FA.OQ,0.9092
2025-05-09,FA.OQ,0.9315
2025-05-12,FA.OQ,0.9346
2025-05-13,KOS.N,-0.02867
2025-05-15,FA.OQ,0.93856
2025-05-18,KOS.N,-0.09033
2025-05-21,KOS.N,-0.14583
2025-05-22,THR.N,1.9425
2025-05-23,THR.N,1.875
2025-05-27,THR.N,1.8625
2025-05-29,FA.OQ,0.93978
2025-06-01,SEM.N,1.09833
2025-06-05,KOS.N,-0.1925
2025-06-20,KOS.N,-0.263
2025-06-29,KOS.N,-0.239
2025-07-01,KOS.N,-0.2358
2025-07-10,KOS.N,-0.2472
2025-07-14,FA.OQ,0.932
2025-07-16,KOS.N,-0.2432
2025-07-29,KOS.N,-0.271
2025-08-01,SEM.N,1.11833
2025-08-04,KOS.N,-0.3025
2025-08-04,SEM.N,1.13167
2025-08-05,KOS.N,-0.343
2025-08-06,KOS.N,-0.3742
2025-08-07,THR.N,1.86
2025-08-07,FA.OQ,0.95889
2025-08-08,THR.N,1.8625
2025-08-08,FA.OQ,0.96222
2025-08-08,SEM.N,1.14167
2025-08-11,THR.N,1.85
2025-08-11,KOS.N,-0.44033
2025-08-11,FA.OQ,0.97289
2025-08-12,KOS.N,-0.50525
2025-08-13,KOS.N,-0.50825
2025-08-14,KOS.N,-0.5206
2025-08-22,FA.OQ,0.9655
2025-08-28,KOS.N,-0.5172
2025-09-21,KOS.N,-0.5332
2025-09-23,FA.OQ,0.9702
2025-09-26,KOS.N,-0.5592
2025-10-01,KOS.N,-0.58833
2025-10-07,SEM.N,1.145
2025-10-08,SEM.N,1.15167
2025-10-13,SEM.N,1.15667
2025-10-15,KOS.N,-0.59
2025-10-20,KOS.N,-0.611
2025-10-24,KOS.N,-0.611
2025-10-26,KOS.N,-0.61433
2025-10-31,SEM.N,1.16667
2025-11-03,SEM.N,1.21817
2025-11-05,KOS.N,-0.6666
2025-11-05,SEM.N,1.22817
2025-11-06,THR.N,1.8975
2025-11-06,FA.OQ,0.9852
2025-11-07,THR.N,2.0175
2025-11-07,FA.OQ,0.993
2025-11-10,THR.N,2.0775
2025-11-10,KOS.N,-0.6706
2025-11-13,FA.OQ,0.99789
2025-11-21,KOS.N,-0.67
2025-11-25,SEM.N,1.23483
2025-12-02,KOS.N,-0.6658
2025-12-03,KOS.N,-0.6678
2025-12-05,KOS.N,-0.62483
2025-12-19,FA.OQ,0.9977
2025-12-19,SEM.N,1.23317
2025-12-26,FA.OQ,1.0041
2026-01-05,KOS.N,-0.51933
2026-01-12,KOS.N,-0.519
2026-01-29,KOS.N,-0.52567
2026-02-02,THR.N,2.06
2026-02-03,KOS.N,-0.53733
2026-02-05,THR.N,2.086
2026-02-06,THR.N,2.096
2026-02-10,THR.N,2.11
2026-02-12,THR.N,2.125
2026-02-19,SEM.N,1.30583
2026-02-20,KOS.N,-0.3086
2026-02-20,KOS.N,-0.6474
2026-02-20,SEM.N,1.2775
2026-02-22,SEM.N,1.2925
2026-02-25,THR.N,2.122
2026-02-26,FA.OQ,1.1687
2026-02-27,FA.OQ,1.1849
2026-03-02,SEM.N,1.28083
2026-03-05,FA.OQ,1.19667
2026-03-05,SEM.N,1.26667
2026-03-06,FA.OQ,1.1974
2026-03-09,KOS.N,-0.2915
2026-03-11,KOS.N,-0.279
2026-03-12,KOS.N,-0.2304
2026-03-16,KOS.N,-0.10314
2026-03-23,KOS.N,-0.00457
2026-03-25,KOS.N,0.05371
2014-11-20,SLS.OQ,-10425.0
2014-12-02,SFL.N,1.43333
2014-12-11,TILE.OQ,0.55722
2014-12-16,FWONA.OQ,0.55333
2014-12-16,DCH.N,2.24015
2015-01-07,SFL.N,1.4
2015-01-08,SFL.N,1.36
2015-01-15,DCH.N,2.244
2015-01-16,DCH.N,2.26246
2015-01-20,SLS.OQ,-9600.0
2015-01-21,SFL.N,1.37333
2015-01-22,DCH.N,2.26785
2015-01-26,DCH.N,2.27477
2015-01-27,DCH.N,2.27708
2015-01-28,DCH.N,2.27477
2015-01-30,TILE.OQ,0.89978
2015-02-02,SFL.N,1.3825
2015-02-04,FWONA.OQ,0.886
2015-02-04,FWONA.OQ,0.55333
2015-02-04,SFL.N,1.4
2015-02-19,TILE.OQ,0.94644
2015-02-20,TILE.OQ,0.96311
2015-02-23,TILE.OQ,0.98522
2015-02-23,DCH.N,2.669
2015-02-24,SFL.N,1.39333
2015-02-24,DCH.N,2.67515
2015-02-26,SFL.N,1.37889
2015-03-01,SFL.N,1.36222
2015-03-02,FWONA.OQ,0.787
2015-03-03,FWONA.OQ,0.87367
2015-03-04,FWONA.OQ,0.79525
2015-03-04,DCH.N,2.66973
2015-03-05,SFL.N,1.22
2015-03-06,SLS.OQ,-9257.1
2015-03-06,FWONA.OQ,0.79525
2015-03-09,SLS.OQ,-9412.5
2015-03-12,SLS.OQ,-10028.7
2015-03-12,FWONA.OQ,0.8162
2015-03-16,SFL.N,1.224
2015-03-16,DCH.N,2.66058
2015-03-18,TILE.OQ,0.98689
2015-03-18,DCH.N,2.67515
2015-03-19,DCH.N,2.68439
2015-03-23,SLS.OQ,-9787.5
2015-03-23,SFL.N,1.22
2015-03-25,TILE.OQ,0.99244
2015-03-27,SFL.N,1.224
2015-03-31,FWONA.OQ,0.8002
2015-04-07,SLS.OQ,-9557.1
2015-04-13,SFL.N,1.222
2015-04-16,DCH.N,2.679
2015-04-20,TILE.OQ,0.99344
2015-04-20,DCH.N,2.68285
2015-04-21,DCH.N,2.68439
2015-04-22,DCH.N,2.67746
2015-04-23,SFL.N,1.32167
2015-04-27,SFL.N,1.31
2015-04-28,SFL.N,1.31333
2015-04-29,TILE.OQ,1.00122
2015-04-30,TILE.OQ,1.06022
2015-05-01,TILE.OQ,1.08022
2015-05-01,DCH.N,2.72008
2015-05-04,SFL.N,1.37857
2015-05-04,DCH.N,2.77546
2015-05-08,SLS.OQ,-9300.0
2015-05-08,TILE.OQ,1.08244
2015-05-08,DCH.N,2.79175
2015-05-11,DCH.N,2.78239
2015-05-13,FWONA.OQ,0.7742
2015-05-15,SLS.OQ,-10200.0
2015-05-18,SLS.OQ,-9975.0
2015-05-22,FWONA.OQ,0.7206
2015-05-28,FWONA.OQ,0.76217
2015-05-29,SFL.N,1.39167
2015-06-01,SFL.N,1.41667
2015-06-02,SFL.N,1.49833
2015-06-04,FWONA.OQ,0.74575
2015-06-05,FWONA.OQ,0.7166
2015-06-05,SFL.N,1.60667
2015-06-08,SFL.N,1.60667
2015-06-08,DCH.N,2.78085
2015-06-09,FWONA.OQ,0.74717
2015-06-17,TILE.OQ,1.09022
2015-06-19,TILE.OQ,1.09244
2015-06-29,SFL.N,1.69667
2015-07-02,SFL.N,1.9025
2015-07-06,SFL.N,2.0375
2015-07-09,DCH.N,2.78469
2015-07-13,SFL.N,2.35333
2015-07-13,DCH.N,2.78346
2015-07-15,TILE.OQ,1.0865
2015-07-16,DCH.N,2.78039
2015-07-20,FWONA.OQ,0.74043
2015-07-20,SFL.N,2.35333
2015-07-20,DCH.N,2.77808
2015-07-30,SLS.OQ,-10080.0
2015-07-30,TILE.OQ,1.14363
2015-07-31,TILE.OQ,1.16613
2015-07-31,DCH.N,2.78685
2015-08-03,TILE.OQ,1.17863
2015-08-03,FWONA.OQ,0.71471
2015-08-03,DCH.N,2.78031
2015-08-04,FWONA.OQ,0.69329
2015-08-06,SLS.OQ,-9540.0
2015-08-07,SLS.OQ,-9240.0
2015-08-07,DCH.N,2.7895
2015-08-10,SLS.OQ,-9600.0
2015-08-11,SLS.OQ,-9750.0
2015-08-11,DCH.N,2.79533
2015-08-13,FWONA.OQ,0.841
2015-08-14,FWONA.OQ,0.74575
2015-08-18,FWONA.OQ,0.66075
2015-08-19,FWONA.OQ,0.6486
2015-08-25,FWONA.OQ,0.6705
2015-08-27,TILE.OQ,1.17238
2015-08-31,FWONA.OQ,0.711
2015-08-31,SFL.N,2.41333
2015-09-01,DCH.N,2.79185
2015-09-02,SFL.N,2.36
2015-09-03,SFL.N,2.36
2015-09-08,SLS.OQ,-9471.3
2015-09-09,SLS.OQ,-9471.3
2015-10-02,FWONA.OQ,0.7025
2015-10-08,SFL.N,2.03667
2015-10-09,DCH.N,2.78954
2015-10-12,TILE.OQ,1.16863
2015-10-12,DCH.N,2.78723
2015-10-16,TILE.OQ,1.17038
2015-10-16,DCH.N,2.78646
2015-10-19,DCH.N,2.78454
2015-10-20,DCH.N,2.783
2015-10-22,SFL.N,2.0325
2015-10-29,TILE.OQ,1.13138
2015-10-30,TILE.OQ,1.11513
2015-10-30,SFL.N,2.0325
2015-10-30,DCH.N,2.79454
2015-11-02,SFL.N,2.0975
2015-11-02,DCH.N,2.86623
2015-11-03,FWONA.OQ,0.70917
2015-11-03,SFL.N,2.0975
2015-11-03,DCH.N,2.89123
2015-11-05,FWONA.OQ,0.6425
2015-11-06,DCH.N,2.903
2015-11-08,FWONA.OQ,0.59917
2015-11-09,SLS.OQ,-9814.2
2015-11-10,SLS.OQ,-10350.0
2015-11-10,FWONA.OQ,0.54083
2015-11-11,SLS.OQ,-9120.0
2015-11-13,FWONA.OQ,0.493
2015-11-18,SFL.N,2.3475
2015-11-20,DCH.N,2.9005
2015-11-24,FWONA.OQ,0.41125
2015-11-25,SFL.N,2.24
2015-12-01,SFL.N,2.20667
2015-12-08,SFL.N,2.20667
2015-12-09,FWONA.OQ,0.401
2015-12-14,FWONA.OQ,0.37583
2015-12-15,DCH.N,2.9055
2015-12-16,SFL.N,2.20667
2015-12-18,DCH.N,2.89354
2015-12-22,SLS.OQ,-8700.0
2016-01-08,DCH.N,2.89508
2016-01-11,TILE.OQ,1.11263
2016-01-11,SFL.N,2.22333
2016-01-13,SFL.N,2.22
2016-01-15,DCH.N,2.89154
2016-01-21,TILE.OQ,1.33063
2016-01-22,DCH.N,2.90231
2016-01-25,DCH.N,2.90539
2016-01-26,SLS.OQ,-9660.0
2016-01-27,DCH.N,2.90385
2016-01-29,DCH.N,2.89923
2016-01-31,SLS.OQ,-7620.0
2016-01-31,SLS.OQ,-9660.0
2016-02-02,FWONA.OQ,0.35917
2016-02-05,FWONA.OQ,0.3825
2016-02-09,SFL.N,2.21
2016-02-12,DCH.N,2.97985
2016-02-16,DCH.N,2.95908
2016-02-18,DCH.N,2.946
2016-02-19,DCH.N,2.97982
2016-02-25,TILE.OQ,1.28188
2016-02-25,FWONA.OQ,0.38417
2016-02-25,FWONA.OQ,0.98186
2016-02-26,TILE.OQ,1.24188
2016-02-29,TILE.OQ,1.21563
2016-02-29,FWONA.OQ,1.00186
2016-02-29,SFL.N,2.41
2016-03-01,SFL.N,2.39571
2016-03-03,FWONA.OQ,1.00043
2016-03-04,FWONA.OQ,1.05883
2016-03-04,DCH.N,2.94139
2016-03-06,SFL.N,2.47
2016-03-07,FWONA.OQ,1.03983
2016-03-08,SFL.N,2.4725
2016-03-10,FWONA.OQ,1.03317
2016-03-11,SLS.OQ,-6780.0
2016-03-14,SLS.OQ,-7440.0
2016-03-22,SFL.N,2.47
2016-03-22,DCH.N,2.95343
2016-03-23,FWONA.OQ,1.02817
2016-03-31,SFL.N,2.42
2016-04-06,FWONA.OQ,1.02817
2016-04-07,TILE.OQ,1.21188
2016-04-13,DCH.N,2.957
2016-04-14,DCH.N,2.95986
2016-04-18,FWONA.OQ,1.09725
2016-04-19,FWONA.OQ,1.093
2016-04-19,DCH.N,2.96343
2016-04-20,FWONA.OQ,0.68367
2016-04-21,FWONA.OQ,0.84525
2016-04-21,DCH.N,2.96277
2016-04-22,FWONA.OQ,0.60525
2016-04-22,SFL.N,2.44
2016-04-26,FWONA.OQ,0.066
2016-04-26,SFL.N,2.476
2016-04-28,TILE.OQ,1.17225
2016-04-29,TILE.OQ,1.15475
2016-05-04,TILE.OQ,1.12686
2016-05-05,TILE.OQ,1.1335
2016-05-06,FWONA.OQ,-0.92433
2016-05-06,DCH.N,2.97546
2016-05-09,DCH.N,3.037
2016-05-10,FWONA.OQ,-1.2675
2016-05-10,DCH.N,3.04085
2016-05-11,SLS.OQ,-8040.0
2016-05-11,FWONA.OQ,-2.905
2016-05-11,DCH.N,3.06008
2016-05-12,SLS.OQ,-8580.0
2016-05-12,FWONA.OQ,-0.0125
2016-05-13,DCH.N,3.08592
2016-05-18,DCH.N,3.06931
2016-05-19,FWONA.OQ,2.0775
2016-05-20,FWONA.OQ,2.32875
2016-05-26,SFL.N,2.48167
2016-05-31,FWONA.OQ,2.331
2016-06-01,SFL.N,2.625
2016-06-06,SFL.N,2.5125
2016-06-13,TILE.OQ,1.11971
2016-06-17,SFL.N,2.4375
2016-06-21,SFL.N,2.155
2016-06-21,DCH.N,3.05777
2016-06-29,SLS.OQ,-7980.0
2016-06-29,DCH.N,3.05392
2016-06-30,SLS.OQ,-7800.0
2016-06-30,SFL.N,2.16
2016-07-01,TILE.OQ,1.114
2016-07-03,SFL.N,2.12667
2016-07-07,FWONA.OQ,2.331
2016-07-11,SLS.OQ,-7125.0
2016-07-12,DCH.N,3.05469
2016-07-13,TILE.OQ,1.09329
2016-07-18,FWONA.OQ,2.331
2016-07-19,SFL.N,2.175
2016-07-19,DCH.N,3.06008
2016-07-20,DCH.N,3.05623
2016-07-22,SLS.OQ,-6975.0
2016-07-28,TILE.OQ,1.1035
2016-07-29,TILE.OQ,1.1415
2016-07-29,DCH.N,3.08239
2016-08-01,TILE.OQ,1.13983
2016-08-01,DCH.N,3.13315
2016-08-02,DCH.N,3.13008
2016-08-03,TILE.OQ,1.1518
2016-08-04,DCH.N,3.14623
2016-08-05,DCH.N,3.16092
2016-08-08,FWONA.OQ,2.48875
2016-08-09,SLS.OQ,-6825.0
2016-08-10,SLS.OQ,-5925.0
2016-08-11,FWONA.OQ,2.15375
2016-08-12,FWONA.OQ,2.40667
2016-08-15,DCH.N,3.14085
2016-08-16,SLS.OQ,-3700.02
2016-08-19,SFL.N,2.175
2016-08-22,FWONA.OQ,2.38667
2016-08-22,SFL.N,2.175
2016-08-23,FWONA.OQ,2.17
2016-08-24,TILE.OQ,1.1586
2016-09-01,SFL.N,2.0775
2016-09-07,SFL.N,1.965
2016-09-21,FWONA.OQ,2.17
2016-09-22,TILE.OQ,1.1455
2016-09-29,DCH.N,3.14239
2016-10-05,SFL.N,1.99667
2016-10-11,TILE.OQ,1.1505
2016-10-13,SLS.OQ,-4050.0
2016-10-13,DCH.N,3.14092
2016-10-14,DCH.N,3.14342
2016-10-17,DCH.N,3.15008
2016-10-19,TILE.OQ,1.15367
2016-10-19,DCH.N,3.14675
2016-10-26,TILE.OQ,1.13033
2016-10-27,TILE.OQ,1.0415
2016-10-28,SFL.N,1.96
2016-10-31,TILE.OQ,1.0165
2016-10-31,SFL.N,1.78
2016-11-03,DCH.N,3.13373
2016-11-04,TILE.OQ,1.01167
2016-11-04,DCH.N,3.11555
2016-11-07,DCH.N,3.1181
2016-11-09,FWONA.OQ,2.195
2016-11-10,DCH.N,3.14233
2016-11-15,DCH.N,3.1411
2016-11-17,FWONA.OQ,2.455
2016-11-18,SLS.OQ,-3626.25
2016-11-23,FWONA.OQ,2.455
2016-11-23,SFL.N,1.56
2016-11-28,SFL.N,1.55667
2016-11-29,SFL.N,1.5925
2016-11-30,SFL.N,1.56
2016-12-02,SLS.OQ,-3960.0
2016-12-08,SFL.N,1.566
2016-12-16,TILE.OQ,1.01414
2016-12-19,DCH.N,3.1431
2017-01-06,TILE.OQ,1.00986
2017-01-06,DCH.N,3.1391
2017-01-09,TILE.OQ,1.00129
2017-01-09,DCH.N,3.1395
2017-01-12,DCH.N,3.1485
2017-01-17,FWONA.OQ,2.59667
2017-01-17,SFL.N,1.566
2017-01-20,FWONA.OQ,2.59667
2017-01-22,FWONA.OQ,0.56
2017-01-23,SFL.N,1.5325
2017-01-23,DCH.N,3.1645
2017-01-25,TILE.OQ,1.17486
2017-01-25,TILE.OQ,0.997
2017-01-25,DCH.N,3.15773
2017-02-01,SFL.N,1.555
2017-02-06,SLS.OQ,-3880.005
2017-02-10,DCH.N,3.227
2017-02-13,DCH.N,3.36054
2017-02-16,SFL.N,1.55
2017-02-17,DCH.N,3.38808
2017-02-21,SFL.N,1.54333
2017-02-22,DCH.N,3.37054
2017-02-23,TILE.OQ,1.182
2017-02-24,SLS.OQ,-3607.5
2017-02-24,TILE.OQ,1.17343
2017-02-27,TILE.OQ,1.17771
2017-02-28,TILE.OQ,1.172
2017-02-28,SFL.N,1.23
2017-02-28,DCH.N,3.36833
2017-03-01,SFL.N,1.21286
2017-03-02,SFL.N,1.19
2017-03-02,DCH.N,3.38083
2017-03-05,SFL.N,1.13571
2017-03-06,DCH.N,3.3625
2017-03-07,SFL.N,1.065
2017-03-08,FWONA.OQ,0.56667
2017-03-10,FWONA.OQ,0.2175
2017-03-13,FWONA.OQ,0.00333
2017-03-15,SLS.OQ,-1545.0
2017-03-21,FWONA.OQ,0.42
2017-03-23,SLS.OQ,-870.0
2017-03-24,SFL.N,1.09714
2017-04-09,SFL.N,1.10571
2017-04-10,DCH.N,3.35546
2017-04-11,TILE.OQ,1.1705
2017-04-19,FWONA.OQ,0.58
2017-04-20,TILE.OQ,1.168
2017-04-20,DCH.N,3.355
2017-04-24,SFL.N,1.09571
2017-04-26,TILE.OQ,1.173
2017-04-27,TILE.OQ,1.153
2017-04-27,SFL.N,1.09714
2017-05-01,TILE.OQ,1.14425
2017-05-02,TILE.OQ,1.14138
2017-05-03,TILE.OQ,1.14013
2017-05-05,DCH.N,3.385
2017-05-08,DCH.N,3.38444
2017-05-10,FWONA.OQ,-0.561
2017-05-11,DCH.N,3.403
2017-05-12,SLS.OQ,-840.0
2017-05-15,SFL.N,1.12429
2017-05-16,FWONA.OQ,-0.644
2017-05-16,DCH.N,3.38444
2017-05-18,FWONA.OQ,-0.115
2017-05-23,FWONA.OQ,-0.115
2017-05-29,SFL.N,1.05875
2017-05-30,FWONA.OQ,-0.745
2017-05-31,SFL.N,1.05625
2017-06-01,SFL.N,1.08125
2017-06-02,SFL.N,1.02125
2017-06-05,SFL.N,1.04875
2017-06-06,SFL.N,0.94
2017-06-08,DCH.N,3.375
2017-06-16,SFL.N,0.934
2017-06-16,DCH.N,3.36
2017-06-20,DCH.N,3.3475
2017-06-22,DCH.N,3.3375
2017-06-28,SFL.N,0.94
2017-07-07,FWONA.OQ,-0.68
2017-07-10,SFL.N,0.94
2017-07-11,FWONA.OQ,-0.68
2017-07-11,DCH.N,3.33333
2017-07-12,SFL.N,0.99
2017-07-13,SFL.N,1.03429
2017-07-13,DCH.N,3.30308
2017-07-18,TILE.OQ,1.14138
2017-07-18,DCH.N,3.30231
2017-07-19,DCH.N,3.2
2017-07-20,TILE.OQ,1.14388
2017-07-21,SFL.N,1.0625
2017-07-24,DCH.N,3.19167
2017-07-26,SLS.OQ,-840.0
2017-07-26,TILE.OQ,1.14513
2017-07-27,TILE.OQ,1.13763
2017-07-28,TILE.OQ,1.14263
2017-07-28,DCH.N,3.2125
2017-07-31,DCH.N,3.2475
2017-08-02,TILE.OQ,1.135
2017-08-04,DCH.N,3.30091
2017-08-10,FWONA.OQ,-0.66
2017-08-10,DCH.N,3.29417
2017-08-15,FWONA.OQ,-0.695
2017-08-17,SLS.OQ,-885.0
2017-08-29,SFL.N,1.1025
2017-08-30,SFL.N,1.1075
2017-08-31,SFL.N,1.09875
2017-09-01,SFL.N,1.09625
2017-09-12,SFL.N,1.10625
2017-09-14,SFL.N,1.13714
2017-09-29,SFL.N,1.12
2017-10-03,FWONA.OQ,-0.76667
2017-10-11,FWONA.OQ,-0.845
2017-10-12,DCH.N,3.29667
2017-10-13,TILE.OQ,1.1325
2017-10-16,SFL.N,1.10833
2017-10-18,SFL.N,1.21
2017-10-19,SFL.N,1.206
2017-10-19,DCH.N,3.29583
2017-10-20,DCH.N,3.29583
2017-10-24,DCH.N,3.3
2017-10-25,TILE.OQ,1.135
2017-10-25,SFL.N,1.198
2017-10-26,TILE.OQ,1.145
2017-10-27,TILE.OQ,1.15475
2017-11-03,TILE.OQ,1.1535
2017-11-03,DCH.N,3.39833
2017-11-06,DCH.N,3.57417
2017-11-09,FWONA.OQ,-0.885
2017-11-10,DCH.N,3.636
2017-11-12,FWONA.OQ,-0.8525
2017-11-13,DCH.N,3.61909
2017-11-14,FWONA.OQ,-0.8675
2017-11-21,FWONA.OQ,-0.85
2017-11-23,SFL.N,1.204
2017-11-29,SFL.N,1.19667
2017-12-05,DCH.N,3.6075
2017-12-18,SFL.N,1.18
2017-12-19,DCH.N,3.60083
2017-12-21,TILE.OQ,1.15225
2017-12-21,FWONA.OQ,-0.87
2017-12-29,SFL.N,1.18
2018-01-08,DCH.N,3.6
2018-01-17,TILE.OQ,1.15188
2018-01-19,FWONA.OQ,-0.862
2018-01-19,DCH.N,3.6075
2018-01-22,FWONA.OQ,-0.88
2018-01-22,DCH.N,3.61083
2018-01-25,FWONA.OQ,-0.617
2018-01-25,FWONA.OQ,-0.93
2018-01-25,DCH.N,3.6125
2018-01-26,SFL.N,1.13
2018-01-29,DCH.N,3.61909
2018-02-01,TILE.OQ,1.15063
2018-02-16,DCH.N,3.38264
2018-02-20,DCH.N,3.49173
2018-02-21,TILE.OQ,1.36188
2018-02-22,TILE.OQ,1.38313
2018-02-23,TILE.OQ,1.41938
2018-02-23,DCH.N,3.59625
2018-02-27,SFL.N,0.984
2018-03-01,SFL.N,0.954
2018-03-02,FWONA.OQ,-0.63533
2018-03-02,DCH.N,3.59
2018-03-06,FWONA.OQ,-0.65783
2018-03-08,FWONA.OQ,-0.6854
2018-03-13,FWONA.OQ,-0.6895
2018-03-14,DCH.N,3.55778
2018-03-16,FWONA.OQ,-0.7154
2018-03-22,DCH.N,3.56333
2018-03-26,DCH.N,3.559
2018-04-02,SLS.OQ,-125.5
2018-04-02,SLS.OQ,-545.0
2018-04-10,DCH.N,3.56
2018-04-12,TILE.OQ,1.42438
2018-04-12,DCH.N,3.568
2018-04-13,FWONA.OQ,-0.7634
2018-04-16,SLS.OQ,-141.75
2018-04-17,DCH.N,3.569
2018-04-19,DCH.N,3.572
2018-04-20,SFL.N,0.944
2018-04-20,DCH.N,3.597
2018-04-23,SFL.N,0.936
2018-04-25,TILE.OQ,1.42563
2018-04-26,TILE.OQ,1.42813
2018-04-26,SFL.N,0.948
2018-04-30,FWONA.OQ,-0.7552
2018-05-01,TILE.OQ,1.43313
2018-05-02,TILE.OQ,1.43429
2018-05-07,DCH.N,3.7323
2018-05-09,FWONA.OQ,-0.6572
2018-05-09,DCH.N,3.7413
2018-05-10,FWONA.OQ,-0.641
2018-05-13,FWONA.OQ,-0.531
2018-05-14,SFL.N,0.948
2018-05-14,DCH.N,3.7513
2018-05-15,FWONA.OQ,-0.461
2018-05-16,FWONA.OQ,-0.4112
2018-05-17,TILE.OQ,1.43913
2018-05-25,DCH.N,3.7643
2018-06-01,SFL.N,0.9625
2018-06-01,DCH.N,3.763
2018-06-04,SFL.N,1.04
2018-06-05,SFL.N,1.06
2018-06-06,DCH.N,3.7593
2018-06-07,SFL.N,1.14333
2018-06-14,TILE.OQ,1.43471
2018-06-14,DCH.N,3.7793
2018-06-15,TILE.OQ,1.426
2018-06-15,FWONA.OQ,-0.28267
2018-06-15,DCH.N,3.7903
2018-06-18,DCH.N,3.7983
2018-06-22,TILE.OQ,1.426
2018-06-22,DCH.N,3.80367
2018-06-23,TILE.OQ,1.426
2018-07-04,SLS.OQ,-168.5
2018-07-09,DCH.N,3.81144
2018-07-13,SFL.N,1.13333
2018-07-19,DCH.N,3.80589
2018-07-20,DCH.N,3.80478
2018-07-31,SLS.OQ,-154.0
2018-08-02,TILE.OQ,1.43
2018-08-03,DCH.N,3.81033
2018-08-06,DCH.N,3.88644
2018-08-07,TILE.OQ,1.4478
2018-08-08,FWONA.OQ,-0.23933
2018-08-09,FWONA.OQ,-0.23367
2018-08-10,DCH.N,3.92257
2018-08-14,TILE.OQ,1.4558
2018-08-14,DCH.N,3.876
2018-08-15,TILE.OQ,1.47043
2018-08-15,FWONA.OQ,-0.3554
2018-08-16,SFL.N,1.1125
2018-08-17,DCH.N,3.8885
2018-08-21,FWONA.OQ,-0.3414
2018-08-22,SFL.N,1.065
2018-08-27,TILE.OQ,1.47038
2018-08-29,SFL.N,1.035
2018-08-31,FWONA.OQ,-0.32617
2018-09-06,SFL.N,1.03667
2018-09-07,DCH.N,3.88686
2018-09-17,SFL.N,0.9875
2018-10-02,DCH.N,3.88975
2018-10-03,DCH.N,3.89475
2018-10-05,TILE.OQ,1.46788
2018-10-07,FWONA.OQ,-0.3974
2018-10-08,TILE.OQ,1.46663
2018-10-09,FWONA.OQ,-0.46783
2018-10-11,DCH.N,3.88588
2018-10-12,SFL.N,0.9875
2018-10-15,DCH.N,3.87588
2018-10-16,DCH.N,3.88463
2018-10-19,DCH.N,3.88713
2018-10-23,SFL.N,0.9775
2018-10-25,TILE.OQ,1.47125
2018-10-26,TILE.OQ,1.47463
2018-10-29,SFL.N,0.9875
2018-11-01,SLS.OQ,-129.5
2018-11-02,DCH.N,3.82213
2018-11-05,DCH.N,3.27213
2018-11-09,FWONA.OQ,-0.47283
2018-11-14,FWONA.OQ,-0.5296
2018-11-14,DCH.N,3.27522
2018-11-15,SLS.OQ,-160.0
2018-11-26,SFL.N,0.985
2018-11-29,SFL.N,0.984
2018-11-30,SFL.N,0.984
2018-12-07,SFL.N,0.988
2018-12-10,DCH.N,3.2777
2018-12-11,FWONA.OQ,-0.5158
2018-12-12,FWONA.OQ,-0.514
2018-12-13,DCH.N,3.27518
2018-12-20,FWONA.OQ,-0.504
2018-12-27,SFL.N,1.0385
2019-01-04,DCH.N,3.267
2019-01-07,TILE.OQ,1.47338
2019-01-07,TILE.OQ,1.70075
2019-01-10,SFL.N,1.06017
2019-01-14,SFL.N,1.0735
2019-01-15,FWONA.OQ,-0.504
2019-01-17,DCH.N,3.26246
2019-01-23,SFL.N,1.07183
2019-01-23,DCH.N,3.25246
2019-02-15,DCH.N,3.07227
2019-02-19,DCH.N,2.90591
2019-02-20,TILE.OQ,1.67813
2019-02-20,DCH.N,2.91046
2019-02-21,TILE.OQ,1.66063
2019-02-21,FWONA.OQ,-0.406
2019-02-21,FWONA.OQ,-0.645
2019-02-22,DCH.N,2.9645
2019-02-25,TILE.OQ,1.64813
2019-02-25,DCH.N,2.94927
2019-02-26,TILE.OQ,1.62857
2019-02-26,SFL.N,1.06583
2019-03-01,FWONA.OQ,-0.63671
2019-03-04,FWONA.OQ,-0.69671
2019-03-04,SFL.N,1.08867
2019-03-07,TILE.OQ,1.63113
2019-03-07,SFL.N,1.09089
2019-03-08,FWONA.OQ,-0.70814
2019-03-11,FWONA.OQ,-0.69386
2019-03-18,FWONA.OQ,-0.73283
2019-03-22,SLS.OQ,-37.0
2019-03-28,FWONA.OQ,-0.69243
2019-03-29,TILE.OQ,1.62988
2019-04-01,FWONA.OQ,-0.69343
2019-04-02,SFL.N,1.08867
2019-04-03,SLS.OQ,-41.5
2019-04-05,SFL.N,1.08475
2019-04-05,DCH.N,2.94473
2019-04-08,SLS.OQ,-37.0
2019-04-08,TILE.OQ,1.63113
2019-04-08,FWONA.OQ,-0.67629
2019-04-15,FWONA.OQ,-0.66714
2019-04-15,DCH.N,2.93109
2019-04-22,DCH.N,2.93564
2019-04-24,TILE.OQ,1.63175
2019-04-25,TILE.OQ,1.62488
2019-04-26,TILE.OQ,1.61363
2019-04-27,SFL.N,0.9996
2019-05-01,TILE.OQ,1.60857
2019-05-03,DCH.N,2.91291
2019-05-06,DCH.N,2.808
2019-05-08,TILE.OQ,1.60763
2019-05-09,FWONA.OQ,-0.72429
2019-05-10,DCH.N,2.73422
2019-05-12,FWONA.OQ,-0.75333
2019-05-14,FWONA.OQ,-0.7674
2019-05-16,TILE.OQ,1.60263
2019-05-16,FWONA.OQ,-0.8374
2019-05-16,DCH.N,2.7638
2019-05-21,SFL.N,1.01175
2019-05-21,DCH.N,2.7688
2019-05-22,SFL.N,0.9954
2019-05-27,SLS.OQ,-37.5
2019-05-28,SFL.N,1.00267
2019-05-31,SFL.N,1.0695
2019-06-03,SFL.N,1.0216
2019-06-06,FWONA.OQ,-0.8414
2019-06-11,FWONA.OQ,-0.8414
2019-06-13,TILE.OQ,1.60388
2019-06-24,SFL.N,1.0096
2019-06-26,DCH.N,2.76273
2019-07-08,DCH.N,2.76727
2019-07-09,SFL.N,1.0096
2019-07-10,FWONA.OQ,-0.7694
2019-07-15,TILE.OQ,1.60429
2019-07-15,DCH.N,2.77182
2019-07-16,TILE.OQ,1.60571
2019-07-17,DCH.N,2.75818
2019-07-25,TILE.OQ,1.58571
2019-07-29,TILE.OQ,1.53714
2019-07-30,TILE.OQ,1.52714
2019-08-02,SLS.OQ,-32.5
2019-08-02,DCH.N,2.63546
2019-08-05,FWONA.OQ,-0.7694
2019-08-05,DCH.N,2.24042
2019-08-07,DCH.N,2.18033
2019-08-09,FWONA.OQ,-0.84283
2019-08-09,DCH.N,2.104
2019-08-14,SFL.N,1.0176
2019-08-14,DCH.N,2.10617
2019-08-15,FWONA.OQ,-0.8795
2019-08-20,SFL.N,1.0264
2019-08-21,SLS.OQ,-7.0
2019-08-21,SFL.N,0.987
2019-08-29,FWONA.OQ,-1.00283
2019-09-10,SFL.N,1.0405
2019-09-13,DCH.N,2.11764
2019-09-17,SFL.N,1.0404
2019-09-19,FWONA.OQ,-1.05783
2019-09-20,FWONA.OQ,-1.176
2019-09-25,DCH.N,2.11673
2019-09-30,DCH.N,2.09855
2019-10-01,FWONA.OQ,-1.24
2019-10-02,DCH.N,2.08309
2019-10-04,TILE.OQ,1.52571
2019-10-04,DCH.N,2.05127
2019-10-08,DCH.N,2.00764
2019-10-11,DCH.N,1.94991
2019-10-13,FWONA.OQ,-1.242
2019-10-16,DCH.N,1.78033
2019-10-18,DCH.N,1.70943
2019-10-21,DCH.N,1.73267
2019-10-25,TILE.OQ,1.52929
2019-10-28,TILE.OQ,1.529
2019-10-30,TILE.OQ,1.53043
2019-10-31,SLS.OQ,-7.0
2019-10-31,SFL.N,1.1364
2019-11-01,DCH.N,1.70433
2019-11-04,DCH.N,1.55233
2019-11-05,DCH.N,1.5441
2019-11-08,DCH.N,1.48011
2019-11-11,FWONA.OQ,-1.22667
2019-11-12,FWONA.OQ,-1.245
2019-11-14,SFL.N,1.0705
2019-11-15,SLS.OQ,-8.27
2019-11-15,FWONA.OQ,-1.235
2019-11-15,DCH.N,1.4721
2019-11-18,FWONA.OQ,-1.258
2019-11-19,FWONA.OQ,-1.245
2019-11-20,DCH.N,1.478
2019-11-21,FWONA.OQ,-1.23714
2019-11-21,SFL.N,0.98075
2019-11-21,DCH.N,1.49455
2019-11-22,SFL.N,0.9326
2019-11-26,SLS.OQ,-9.54
2019-11-28,SFL.N,0.871
2019-12-02,SFL.N,0.88325
2019-12-05,SLS.OQ,-9.705
2019-12-13,FWONA.OQ,-1.22571
2019-12-20,DCH.N,1.49273
2019-12-31,TILE.OQ,1.5305
2020-01-14,DCH.N,1.48364
2020-01-21,DCH.N,1.48636
2020-01-24,DCH.N,1.48909
2020-01-27,DCH.N,1.49018
2020-02-02,FWONA.OQ,-1.22429
2020-02-02,FWONA.OQ,-0.37975
2020-02-04,SFL.N,0.88325
2020-02-14,DCH.N,2.03718
2020-02-18,DCH.N,1.72873
2020-02-19,SFL.N,0.866
2020-02-19,DCH.N,1.66691
2020-02-19,SFL.N,0.9728
2020-02-21,DCH.N,1.56413
2020-02-24,DCH.N,1.56133
2020-02-26,TILE.OQ,1.6665
2020-02-27,TILE.OQ,1.65483
2020-02-28,TILE.OQ,1.6465
2020-03-03,FWONA.OQ,-0.376
2020-03-03,SFL.N,0.99233
2020-03-03,DCH.N,1.54244
2020-03-09,SFL.N,1.01057
2020-03-10,DCH.N,1.53689
2020-03-12,FWONA.OQ,-0.41975
2020-03-13,SLS.OQ,-1.725
2020-03-16,TILE.OQ,1.59317
2020-03-16,DCH.N,1.20133
2020-03-18,FWONA.OQ,-0.701
2020-03-18,DCH.N,1.08467
2020-03-19,DCH.N,0.97356
2020-03-20,SLS.OQ,-1.65
2020-03-20,FWONA.OQ,-0.76975
2020-03-20,DCH.N,0.7892
2020-03-24,DCH.N,0.6242
2020-03-27,TILE.OQ,1.39817
2020-03-27,DCH.N,0.4228
2020-04-02,SFL.N,1.019
2020-04-02,DCH.N,0.1208
2020-04-06,TILE.OQ,1.251
2020-04-07,DCH.N,-0.4052
2020-04-13,FWONA.OQ,-0.9785
2020-04-13,DCH.N,-0.6652
2020-04-16,TILE.OQ,1.04933
2020-04-20,DCH.N,-0.6802
2020-04-22,DCH.N,-0.8252
2020-04-23,TILE.OQ,1.03933
2020-04-23,FWONA.OQ,-1.0835
2020-04-23,DCH.N,-0.9822
2020-04-24,FWONA.OQ,-1.18475
2020-04-24,SFL.N,1.03057
2020-04-27,DCH.N,-1.3816
2020-04-29,FWONA.OQ,-1.17663
2020-05-07,FWONA.OQ,-1.30538
2020-05-08,TILE.OQ,1.06683
2020-05-08,FWONA.OQ,-1.38038
2020-05-08,DCH.N,-1.5486
2020-05-11,TILE.OQ,0.93517
2020-05-11,DCH.N,-1.3664
2020-05-12,DCH.N,-1.35144
2020-05-14,FWONA.OQ,-1.8826
2020-05-14,DCH.N,-1.50144
2020-05-15,DCH.N,-1.55163
2020-05-18,SLS.OQ,-2.1
2020-05-18,DCH.N,-1.53144
2020-05-19,FWONA.OQ,-1.9726
2020-05-19,SFL.N,1.02067
2020-05-20,SFL.N,1.022
2020-05-21,SFL.N,0.7498
2020-05-22,SFL.N,0.5038
2020-05-23,SFL.N,0.2758
2020-05-27,SFL.N,0.06975
2020-05-29,FWONA.OQ,-1.9726
2020-05-31,SFL.N,0.2758
2020-06-01,FWONA.OQ,-1.8896
2020-06-09,SFL.N,0.6418
2020-06-19,DCH.N,-1.50589
2020-06-24,DCH.N,-1.46811
2020-06-30,FWONA.OQ,-1.9736
2020-07-01,TILE.OQ,0.8885
2020-07-01,DCH.N,-1.42589
2020-07-02,SFL.N,0.3878
2020-07-07,DCH.N,-1.41478
2020-07-14,TILE.OQ,0.8842
2020-07-14,DCH.N,-1.41367
2020-07-16,TILE.OQ,0.9075
2020-07-22,FWONA.OQ,-1.9736
2020-07-22,DCH.N,-1.41144
2020-07-23,FWONA.OQ,-1.9936
2020-07-24,DCH.N,-1.45478
2020-07-28,DCH.N,-1.4325
2020-07-29,DCH.N,-1.4285
2020-07-31,DCH.N,-1.3005
2020-08-03,DCH.N,-1.344
2020-08-04,DCH.N,-1.42
2020-08-05,DCH.N,-1.5142
2020-08-07,TILE.OQ,0.9575
2020-08-07,DCH.N,-1.40467
2020-08-10,TILE.OQ,1.1375
2020-08-10,FWONA.OQ,-2.0776
2020-08-11,FWONA.OQ,-2.0236
2020-08-13,FWONA.OQ,-2.10633
2020-08-14,DCH.N,-1.4692
2020-08-17,SLS.OQ,-2.06
2020-08-18,SFL.N,0.1718
2020-08-19,SLS.OQ,-1.66
2020-08-19,FWONA.OQ,-2.1795
2020-08-19,SFL.N,0.294
2020-08-20,SFL.N,0.20914
2020-08-24,FWONA.OQ,-1.8856
2020-08-28,SFL.N,-0.0692
2020-09-01,DCH.N,-1.4592
2020-09-03,FWONA.OQ,-2.09733
2020-09-10,DCH.N,-1.4642
2020-09-14,FWONA.OQ,-2.10733
2020-09-18,FWONA.OQ,-2.399
2020-10-08,DCH.N,-1.4472
2020-10-13,DCH.N,-1.4322
2020-10-14,DCH.N,-1.4102
2020-10-15,DCH.N,-1.3382
2020-10-21,DCH.N,-1.3141
2020-10-22,DCH.N,-1.2073
2020-10-28,FWONA.OQ,-2.39733
2020-10-30,DCH.N,-1.1333
2020-11-02,DCH.N,-0.7103
2020-11-03,FWONA.OQ,-2.38057
2020-11-04,DCH.N,-0.59478
2020-11-06,TILE.OQ,1.1575
2020-11-06,FWONA.OQ,-2.42914
2020-11-09,TILE.OQ,1.1275
2020-11-09,DCH.N,-0.5423
2020-11-10,DCH.N,-0.4303
2020-11-11,TILE.OQ,1.115
2020-11-12,SFL.N,-0.0812
2020-11-16,DCH.N,-0.3551
2020-11-17,SFL.N,-0.3765
2020-11-17,DCH.N,-0.2351
2020-11-18,SLS.OQ,-2.03
2020-11-18,SFL.N,-0.3932
2020-11-19,FWONA.OQ,-2.77486
2020-11-20,FWONA.OQ,-2.81057
2020-11-23,FWONA.OQ,-3.06
2020-11-24,FWONA.OQ,-2.98933
2020-11-27,SFL.N,-0.3765
2020-12-07,DCH.N,-0.2353
2020-12-08,SLS.OQ,-2.2
2020-12-08,FWONA.OQ,-2.94086
2020-12-10,FWONA.OQ,-2.912
2020-12-21,SLS.OQ,-2.18
2020-12-22,SLS.OQ,-1.065
2020-12-22,SLS.OQ,-1.81
2021-01-07,DCH.N,-0.2333
2021-01-11,DCH.N,-0.2273
2021-01-13,SFL.N,-0.3765
2021-01-15,DCH.N,-0.2258
2021-01-19,TILE.OQ,1.125
2021-01-20,DCH.N,-0.1158
2021-01-22,DCH.N,-0.1118
2021-01-24,DCH.N,-0.1088
2021-02-09,SFL.N,-0.3715
2021-02-12,DCH.N,1.1464
2021-02-16,DCH.N,1.2584
2021-02-18,SFL.N,0.4954
2021-02-19,SFL.N,0.4895
2021-02-19,DCH.N,1.2624
2021-02-25,DCH.N,1.3274
2021-02-26,FWONA.OQ,-0.27538
2021-02-26,DCH.N,1.3532
2021-02-28,FWONA.OQ,-0.29038
2021-02-28,DCH.N,1.391
2021-03-02,TILE.OQ,0.9975
2021-03-03,TILE.OQ,0.8075
2021-03-03,FWONA.OQ,-0.311
2021-03-15,SFL.N,0.4895
2021-03-16,SFL.N,0.49617
2021-03-17,FWONA.OQ,-0.311
2021-03-19,FWONA.OQ,-0.32725
2021-03-24,DCH.N,1.393
2021-03-25,FWONA.OQ,-0.35686
2021-03-25,SFL.N,0.61117
2021-03-30,FWONA.OQ,-0.38114
2021-04-01,DCH.N,1.368
2021-04-07,DCH.N,1.367
2021-04-15,DCH.N,1.358
2021-04-20,DCH.N,1.338
2021-04-22,DCH.N,1.2957
2021-04-26,DCH.N,1.2857
2021-04-30,TILE.OQ,0.805
2021-05-06,FWONA.OQ,-0.364
2021-05-07,TILE.OQ,0.875
2021-05-07,DCH.N,1.3217
2021-05-10,TILE.OQ,1.0025
2021-05-10,DCH.N,1.4171
2021-05-11,DCH.N,1.4321
2021-05-12,SFL.N,0.64317
2021-05-12,DCH.N,1.45656
2021-05-13,SFL.N,0.77033
2021-05-14,SLS.OQ,-1.19
2021-05-14,SFL.N,0.802
2021-05-18,SFL.N,0.80533
2021-05-21,DCH.N,1.47322
2021-05-25,FWONA.OQ,-0.36167
2021-06-03,SLS.OQ,-1.11
2021-06-23,FWONA.OQ,-0.39333
2021-06-30,FWONA.OQ,-0.3
2021-06-30,DCH.N,1.46767
2021-07-07,DCH.N,1.46656
2021-07-08,FWONA.OQ,-0.3
2021-07-13,DCH.N,1.44767
2021-07-14,TILE.OQ,1.005
2021-07-16,DCH.N,1.45011
2021-07-21,SLS.OQ,-1.29333
2021-07-22,DCH.N,1.40678
2021-07-26,FWONA.OQ,-0.28167
2021-07-28,FWONA.OQ,-0.26333
2021-07-30,DCH.N,1.39763
2021-08-02,DCH.N,1.46263
2021-08-03,DCH.N,1.47063
2021-08-06,TILE.OQ,1.01
2021-08-06,FWONA.OQ,-0.184
2021-08-09,TILE.OQ,1.0275
2021-08-09,FWONA.OQ,-0.06
2021-08-09,DCH.N,1.48688
2021-08-12,SLS.OQ,-1.15333
2021-08-13,FWONA.OQ,0.22333
2021-08-16,DCH.N,1.46938
2021-08-18,SLS.OQ,-1.18
2021-08-18,SFL.N,0.81867
2021-08-19,SFL.N,0.7912
2021-08-20,SFL.N,0.8252
2021-08-24,FWONA.OQ,0.116
2021-08-24,SFL.N,0.855
2021-08-26,SFL.N,0.945
2021-09-05,FWONA.OQ,0.185
2021-09-16,DCH.N,1.41938
2021-09-20,SFL.N,0.945
2021-09-21,DCH.N,1.35167
2021-09-22,FWONA.OQ,0.16525
2021-09-24,DCH.N,1.38056
2021-09-27,DCH.N,1.33056
2021-10-01,FWONA.OQ,0.32525
2021-10-05,FWONA.OQ,0.32525
2021-10-06,DCH.N,1.305
2021-10-11,DCH.N,1.25056
2021-10-12,TILE.OQ,1.025
2021-10-12,DCH.N,1.22444
2021-10-20,DCH.N,1.14811
2021-10-21,DCH.N,1.12367
2021-10-25,DCH.N,1.05144
2021-11-04,FWONA.OQ,0.2522
2021-11-05,TILE.OQ,1.0525
2021-11-05,DCH.N,1.06811
2021-11-08,TILE.OQ,1.0675
2021-11-08,DCH.N,1.03963
2021-11-09,FWONA.OQ,0.2432
2021-11-09,SFL.N,0.90875
2021-11-10,FWONA.OQ,0.1832
2021-11-10,DCH.N,1.03713
2021-11-11,FWONA.OQ,0.2015
2021-11-11,SFL.N,0.95425
2021-11-12,SFL.N,1.0314
2021-11-12,DCH.N,1.03657
2021-11-15,DCH.N,1.02325
2021-11-16,FWONA.OQ,0.1232
2021-11-17,SFL.N,1.07425
2021-11-18,SLS.OQ,-1.21333
2021-11-19,SLS.OQ,-1.305
2021-11-22,DCH.N,1.017
2021-11-26,SFL.N,0.97925
2021-12-02,SLS.OQ,-1.32
2021-12-06,FWONA.OQ,0.08267
2021-12-16,DCH.N,1.012
2021-12-19,SLS.OQ,-1.32
2022-01-13,DCH.N,1.00575
2022-01-14,DCH.N,1.0095
2022-01-24,DCH.N,1.0195
2022-01-26,DCH.N,1.02575
2022-02-07,SLS.OQ,-1.33333
2022-02-07,SLS.OQ,-1.54
2022-02-11,DCH.N,1.54756
2022-02-14,DCH.N,1.37711
2022-02-15,DCH.N,1.31078
2022-02-16,SFL.N,0.97467
2022-02-22,FWONA.OQ,0.07943
2022-02-22,DCH.N,1.1938
2022-02-23,FWONA.OQ,0.13275
2022-02-23,SFL.N,0.9945
2022-02-23,DCH.N,1.19483
2022-02-24,SFL.N,0.99117
2022-02-25,SFL.N,1.03783
2022-02-28,FWONA.OQ,0.14775
2022-02-28,DCH.N,1.167
2022-03-01,TILE.OQ,1.27
2022-03-01,FWONA.OQ,0.13525
2022-03-02,TILE.OQ,1.2725
2022-03-02,FWONA.OQ,0.16171
2022-03-02,SFL.N,1.041
2022-03-02,DCH.N,1.11488
2022-03-03,TILE.OQ,1.26
2022-03-03,FWONA.OQ,0.195
2022-03-11,FWONA.OQ,0.18667
2022-03-17,FWONA.OQ,0.184
2022-03-23,FWONA.OQ,0.192
2022-03-23,DCH.N,1.11113
2022-03-24,DCH.N,1.09238
2022-04-04,SLS.OQ,-1.50333
2022-04-04,TILE.OQ,1.25
2022-04-04,DCH.N,1.07163
2022-04-05,DCH.N,1.02538
2022-04-06,DCH.N,0.90288
2022-04-07,SLS.OQ,-1.48
2022-04-07,DCH.N,0.87575
2022-04-12,DCH.N,0.87575
2022-04-13,SLS.OQ,-1.50667
2022-04-20,FWONA.OQ,0.212
2022-04-21,DCH.N,0.85575
2022-04-22,FWONA.OQ,0.212
2022-04-22,DCH.N,0.84325
2022-04-25,DCH.N,0.85956
2022-04-28,FWONA.OQ,0.217
2022-05-02,FWONA.OQ,0.21314
2022-05-06,TILE.OQ,1.27
2022-05-06,FWONA.OQ,0.22171
2022-05-06,DCH.N,0.86733
2022-05-09,TILE.OQ,1.305
2022-05-09,FWONA.OQ,0.2015
2022-05-09,DCH.N,0.828
2022-05-10,DCH.N,0.8392
2022-05-11,SFL.N,1.04957
2022-05-12,SLS.OQ,-1.71
2022-05-12,TILE.OQ,1.3375
2022-05-12,SFL.N,1.01617
2022-05-13,SFL.N,1.05117
2022-05-13,DCH.N,0.90244
2022-05-16,SLS.OQ,-1.94333
2022-05-16,DCH.N,0.90178
2022-05-17,SLS.OQ,-1.8925
2022-05-17,DCH.N,0.90511
2022-05-20,DCH.N,0.89822
2022-05-25,FWONA.OQ,0.245
2022-05-31,SLS.OQ,-2.0675
2022-06-01,DCH.N,0.9074
2022-06-06,SFL.N,1.0855
2022-06-10,SFL.N,1.0855
2022-06-15,FWONA.OQ,0.1975
2022-06-16,DCH.N,0.9034
2022-07-07,DCH.N,0.9024
2022-07-12,DCH.N,0.9124
2022-07-14,DCH.N,0.9044
2022-07-18,DCH.N,0.89622
2022-07-19,DCH.N,0.87525
2022-07-22,DCH.N,0.88775
2022-08-01,FWONA.OQ,0.18071
2022-08-03,FWONA.OQ,0.17643
2022-08-05,TILE.OQ,1.31
2022-08-05,DCH.N,0.90275
2022-08-08,TILE.OQ,1.24333
2022-08-08,FWONA.OQ,0.359
2022-08-08,DCH.N,0.9405
2022-08-09,FWONA.OQ,0.38717
2022-08-10,DCH.N,0.948
2022-08-11,SLS.OQ,-2.09
2022-08-12,SLS.OQ,-2.0575
2022-08-14,FWONA.OQ,0.4346
2022-08-15,SLS.OQ,-2.075
2022-08-15,DCH.N,1.012
2022-08-16,DCH.N,0.97925
2022-08-17,SFL.N,1.1805
2022-08-18,SLS.OQ,-2.18667
2022-08-19,SFL.N,1.2105
2022-08-23,SFL.N,1.1886
2022-08-24,SFL.N,1.27767
2022-09-21,DCH.N,0.9705
2022-09-26,FWONA.OQ,0.4346
2022-09-28,SFL.N,1.27767
2022-10-05,FWONA.OQ,0.4286
2022-10-10,DCH.N,0.92675
2022-10-12,FWONA.OQ,0.51575
2022-10-13,SFL.N,1.27767
2022-10-18,DCH.N,0.90175
2022-10-19,DCH.N,0.883
2022-10-24,FWONA.OQ,0.54717
2022-10-24,DCH.N,0.858
2022-11-03,FWONA.OQ,0.52717
2022-11-04,FWONA.OQ,0.52883
2022-11-04,DCH.N,0.8605
2022-11-07,TILE.OQ,1.24
2022-11-07,FWONA.OQ,0.64717
2022-11-07,DCH.N,0.83675
2022-11-08,DCH.N,0.81175
2022-11-11,TILE.OQ,1.21333
2022-11-11,SFL.N,1.29433
2022-11-11,DCH.N,0.726
2022-11-14,SLS.OQ,-2.15667
2022-11-14,FWONA.OQ,0.6355
2022-11-14,SFL.N,1.39575
2022-11-14,DCH.N,0.725
2022-11-15,SLS.OQ,-2.135
2022-11-15,SFL.N,1.42575
2022-11-16,SLS.OQ,-2.0975
2022-11-16,SFL.N,1.499
2022-11-22,SFL.N,1.50125
2022-11-23,DCH.N,0.72114
2022-11-28,DCH.N,0.72975
2022-12-01,FWONA.OQ,0.68329
2022-12-09,TILE.OQ,1.2075
2022-12-13,DCH.N,0.72475
2022-12-19,FWONA.OQ,0.68614
2023-01-05,FWONA.OQ,0.68471
2023-01-10,DCH.N,0.7185
2023-01-13,DCH.N,0.71375
2023-01-20,DCH.N,0.70625
2023-01-25,DCH.N,0.6875
2023-02-01,SLS.OQ,-0.97667
2023-02-15,SFL.N,0.9294
2023-02-17,SFL.N,0.8894
2023-02-17,DCH.N,0.89611
2023-02-21,DCH.N,0.80833
2023-02-22,TILE.OQ,1.205
2023-02-22,SFL.N,0.96
2023-02-22,DCH.N,0.62833
2023-02-24,DCH.N,0.5725
2023-02-28,TILE.OQ,1.31667
2023-03-01,TILE.OQ,1.08
2023-03-01,FWONA.OQ,0.71725
2023-03-02,FWONA.OQ,0.6835
2023-03-06,FWONA.OQ,0.69588
2023-03-06,SFL.N,0.9475
2023-03-07,SFL.N,0.9575
2023-03-08,FWONA.OQ,0.6695
2023-03-09,FWONA.OQ,0.6745
2023-03-13,FWONA.OQ,0.63957
2023-03-13,DCH.N,0.51
2023-03-14,DCH.N,0.50789
2023-03-17,SLS.OQ,-0.65333
2023-03-20,SLS.OQ,-0.683
2023-03-22,SFL.N,0.947
2023-03-23,DCH.N,0.48233
2023-03-29,SFL.N,0.955
2023-04-03,SFL.N,0.88125
2023-04-06,FWONA.OQ,0.62963
2023-04-14,DCH.N,0.47833
2023-04-17,FWONA.OQ,0.63463
2023-04-18,DCH.N,0.46389
2023-04-19,DCH.N,0.44167
2023-04-21,DCH.N,0.44722
2023-04-23,FWONA.OQ,0.63522
2023-05-05,TILE.OQ,1.01
2023-05-05,FWONA.OQ,0.60189
2023-05-07,TILE.OQ,0.91333
2023-05-08,FWONA.OQ,0.51078
2023-05-08,DCH.N,0.38788
2023-05-09,TILE.OQ,0.80333
2023-05-09,FWONA.OQ,0.47667
2023-05-11,SLS.OQ,-0.79633
2023-05-11,SFL.N,0.88125
2023-05-12,SLS.OQ,-0.81967
2023-05-12,FWONA.OQ,0.41571
2023-05-12,SFL.N,0.81375
2023-05-12,DCH.N,0.3824
2023-05-15,SLS.OQ,-1.00667
2023-05-15,SFL.N,0.70667
2023-05-15,DCH.N,0.38867
2023-05-16,DCH.N,0.38686
2023-05-17,FWONA.OQ,0.36
2023-05-17,DCH.N,0.381
2023-05-19,SFL.N,0.68667
2023-05-21,FWONA.OQ,0.39
2023-05-22,SFL.N,0.68333
2023-05-31,SLS.OQ,-1.13
2023-06-05,FWONA.OQ,0.3725
2023-06-11,FWONA.OQ,0.3675
2023-07-05,DCH.N,0.37475
2023-07-06,FWONA.OQ,0.36667
2023-07-10,DCH.N,0.37588
2023-07-17,DCH.N,0.39113
2023-07-19,FWONA.OQ,0.34811
2023-07-25,DCH.N,0.37238
2023-08-03,FWONA.OQ,0.34033
2023-08-04,TILE.OQ,0.82333
2023-08-04,FWONA.OQ,0.34788
2023-08-04,DCH.N,0.37113
2023-08-07,TILE.OQ,0.88667
2023-08-07,FWONA.OQ,0.43913
2023-08-07,DCH.N,0.40089
2023-08-08,FWONA.OQ,0.46614
2023-08-08,DCH.N,0.40644
2023-08-09,FWONA.OQ,0.52883
2023-08-10,DCH.N,0.37311
2023-08-11,SLS.OQ,-1.06
2023-08-11,FWONA.OQ,0.5206
2023-08-11,DCH.N,0.3575
2023-08-14,FWONA.OQ,0.5826
2023-08-15,FWONA.OQ,0.65325
2023-08-15,SFL.N,0.65667
2023-08-16,SLS.OQ,-1.0
2023-08-16,FWONA.OQ,0.75667
2023-08-16,DCH.N,0.37389
2023-08-17,SFL.N,0.72333
2023-08-18,SFL.N,0.64
2023-08-22,FWONA.OQ,0.75667
2023-08-29,SFL.N,0.60333
2023-09-11,FWONA.OQ,0.73
2023-09-12,DCH.N,0.3575
2023-09-28,DCH.N,0.3285
2023-10-02,DCH.N,0.325
2023-10-09,DCH.N,0.265
2023-10-10,DCH.N,0.24489
2023-10-12,DCH.N,0.24578
2023-10-16,DCH.N,0.22578
2023-10-17,DCH.N,0.17356
2023-10-19,DCH.N,0.08244
2023-10-20,DCH.N,0.03244
2023-11-03,TILE.OQ,0.87
2023-11-03,DCH.N,0.00244
2023-11-06,FWONA.OQ,0.75667
2023-11-06,DCH.N,-0.0035
2023-11-07,TILE.OQ,0.86
2023-11-07,SFL.N,0.5
2023-11-07,DCH.N,0.0215
2023-11-08,SFL.N,0.512
2023-11-08,DCH.N,-0.09825
2023-11-10,SLS.OQ,-1.075
2023-11-10,TILE.OQ,0.89
2023-11-10,FWONA.OQ,0.665
2023-11-10,DCH.N,-0.254
2023-11-13,SLS.OQ,-1.0975
2023-11-13,DCH.N,-0.235
2023-11-15,SFL.N,0.503
2023-11-16,SLS.OQ,-0.99667
2023-11-17,SFL.N,0.49867
2023-11-27,DCH.N,-0.20429
2023-11-28,DCH.N,-0.22429
2023-11-29,DCH.N,-0.20375
2023-12-21,DCH.N,-0.19778
2023-12-25,FWONA.OQ,0.665
2024-01-09,SFL.N,0.5215
2024-01-16,DCH.N,-0.20889
2024-01-17,DCH.N,-0.208
2024-01-18,TILE.OQ,0.83
2024-01-22,DCH.N,-0.215
2024-01-23,DCH.N,-0.1997
2024-01-25,DCH.N,0.1929
2024-01-25,DCH.N,-0.1907
2024-02-08,SLS.OQ,-0.87
2024-02-08,SLS.OQ,-1.085
2024-02-12,SFL.N,0.529
2024-02-14,SFL.N,1.0452
2024-02-15,SFL.N,1.0352
2024-02-20,DCH.N,0.2189
2024-02-21,SFL.N,1.11533
2024-02-21,DCH.N,0.2039
2024-02-23,SFL.N,1.064
2024-02-23,DCH.N,0.26333
2024-02-25,DCH.N,0.27814
2024-02-26,FWONA.OQ,0.665
2024-02-27,TILE.OQ,0.93667
2024-02-28,FWONA.OQ,0.98313
2024-02-29,TILE.OQ,1.02333
2024-02-29,FWONA.OQ,0.99813
2024-02-29,DCH.N,0.31963
2024-03-01,DCH.N,0.30078
2024-03-04,FWONA.OQ,0.97538
2024-03-06,FWONA.OQ,0.96329
2024-03-07,SFL.N,1.07
2024-03-10,FWONA.OQ,1.00413
2024-03-20,SFL.N,1.05667
2024-03-21,DCH.N,0.29856
2024-04-04,DCH.N,0.30967
2024-04-10,DCH.N,0.319
2024-04-11,FWONA.OQ,1.01163
2024-04-15,TILE.OQ,1.04
2024-04-16,DCH.N,0.32456
2024-04-17,DCH.N,0.3161
2024-04-22,DCH.N,0.3311
2024-04-29,SLS.OQ,-0.9
2024-04-29,FWONA.OQ,1.01288
2024-05-03,TILE.OQ,1.0625
2024-05-06,TILE.OQ,1.0875
2024-05-06,DCH.N,0.3582
2024-05-08,FWONA.OQ,1.06163
2024-05-09,FWONA.OQ,1.1445
2024-05-10,SLS.OQ,-0.775
2024-05-10,TILE.OQ,1.11667
2024-05-10,FWONA.OQ,1.1045
2024-05-10,DCH.N,0.36029
2024-05-12,SLS.OQ,-0.6
2024-05-13,TILE.OQ,1.165
2024-05-14,SFL.N,1.04667
2024-05-14,DCH.N,0.39025
2024-05-15,SLS.OQ,-0.65
2024-05-15,SFL.N,1.08
2024-05-16,SLS.OQ,-0.7
2024-05-16,SFL.N,1.11
2024-05-20,TILE.OQ,1.14
2024-05-21,FWONA.OQ,1.3065
2024-05-22,FWONA.OQ,1.24533
2024-05-24,FWONA.OQ,1.1615
2024-05-24,DCH.N,0.37467
2024-05-29,FWONA.OQ,1.1752
2024-06-03,FWONA.OQ,1.22267
2024-06-20,SLS.OQ,-0.655
2024-06-27,FWONA.OQ,1.236
2024-07-04,DCH.N,0.358
2024-07-05,SFL.N,1.0875
2024-07-10,DCH.N,0.33911
2024-07-15,DCH.N,0.33578
2024-07-22,DCH.N,0.31578
2024-07-29,DCH.N,0.31356
2024-08-02,TILE.OQ,1.22333
2024-08-05,TILE.OQ,1.27667
2024-08-08,FWONA.OQ,1.16943
2024-08-09,FWONA.OQ,1.14229
2024-08-09,DCH.N,0.31367
2024-08-10,FWONA.OQ,1.09514
2024-08-12,DCH.N,0.31922
2024-08-13,FWONA.OQ,1.07514
2024-08-13,SFL.N,1.0825
2024-08-13,DCH.N,0.32478
2024-08-14,SLS.OQ,-0.575
2024-08-14,SFL.N,1.1275
2024-08-14,DCH.N,0.32367
2024-08-15,FWONA.OQ,1.01929
2024-08-16,DCH.N,0.32614
2024-08-20,SFL.N,1.1125
2024-08-21,SFL.N,1.14333
2024-08-21,DCH.N,0.31038
2024-09-04,DCH.N,0.31367
2024-09-09,DCH.N,0.3113
2024-09-22,FWONA.OQ,1.01786
2024-09-23,DCH.N,0.30222
2024-09-24,FWONA.OQ,1.03188
2024-09-25,DCH.N,0.3
2024-10-02,TILE.OQ,1.28333
2024-10-04,FWONA.OQ,1.04313
2024-10-04,DCH.N,0.295
2024-10-07,DCH.N,0.2975
2024-10-14,SFL.N,1.1125
2024-10-14,DCH.N,0.29875
2024-10-15,DCH.N,0.2955
2024-10-16,DCH.N,0.283
2024-10-18,TILE.OQ,1.29333
2024-10-23,DCH.N,0.28675
2024-10-29,DCH.N,0.2855
2024-11-01,TILE.OQ,1.32333
2024-11-04,TILE.OQ,1.40333
2024-11-06,SFL.N,1.0775
2024-11-07,FWONA.OQ,1.10917
2024-11-07,SFL.N,1.0475
2024-11-08,FWONA.OQ,1.253
2024-11-08,SFL.N,1.055
2024-11-08,DCH.N,0.29675
2024-11-11,FWONA.OQ,1.312
2024-11-11,DCH.N,0.38
2024-11-13,SFL.N,1.0
2024-11-13,DCH.N,0.39889
2024-11-14,SLS.OQ,-0.53
2024-11-14,FWONA.OQ,1.31
2024-11-14,SFL.N,1.015
2024-11-15,DCH.N,0.42667
2024-11-21,FWONA.OQ,1.2975
2024-11-21,SFL.N,1.0375
2024-11-21,DCH.N,0.43778
2024-11-22,SLS.OQ,-0.53633
2024-11-27,FWONA.OQ,1.38
2025-01-13,FWONA.OQ,1.3625
2025-01-15,FWONA.OQ,1.3625
2025-01-23,DCH.N,0.44
2025-01-24,DCH.N,0.43875
2025-01-27,DCH.N,0.44125
2025-01-29,DCH.N,0.44
2025-01-29,DCH.N,0.445
2025-01-30,DCH.N,0.46
2025-02-03,SLS.OQ,-0.45367
2025-02-12,SFL.N,0.60333
2025-02-13,SFL.N,0.28
2025-02-18,DCH.N,0.52857
2025-02-19,SFL.N,0.105
2025-02-21,DCH.N,0.542
2025-02-25,TILE.OQ,1.50333
2025-02-27,TILE.OQ,1.55667
2025-02-27,FWONA.OQ,1.23433
2025-02-28,FWONA.OQ,1.17656
2025-02-28,DCH.N,0.57833
2025-03-04,DCH.N,0.52
2025-03-05,FWONA.OQ,1.13433
2025-03-06,FWONA.OQ,1.06725
2025-03-06,DCH.N,0.51557
2025-03-10,DCH.N,0.54363
2025-03-12,DCH.N,0.53988
2025-03-19,TILE.OQ,1.56333
2025-03-19,FWONA.OQ,1.06725
2025-03-21,SLS.OQ,-0.42367
2025-03-21,SFL.N,-0.02667
2025-03-27,SLS.OQ,-0.425
2025-04-10,TILE.OQ,1.55333
2025-04-11,FWONA.OQ,1.05975
2025-04-15,DCH.N,0.51988
2025-04-22,DCH.N,0.438
2025-04-24,DCH.N,0.4255
2025-04-30,FWONA.OQ,1.06725
2025-05-02,TILE.OQ,1.56667
2025-05-04,TILE.OQ,1.58333
2025-05-04,DCH.N,0.4455
2025-05-06,TILE.OQ,1.59333
2025-05-07,FWONA.OQ,1.18363
2025-05-08,FWONA.OQ,1.27988
2025-05-08,DCH.N,0.45771
2025-05-12,SFL.N,-0.03667
2025-05-14,SLS.OQ,-0.375
2025-05-14,SFL.N,0.0
2025-05-15,SFL.N,-0.125
2025-05-15,DCH.N,0.39486
2025-05-16,DCH.N,0.39271
2025-05-20,DCH.N,0.35129
2025-05-21,FWONA.OQ,1.29863
2025-06-12,FWONA.OQ,1.32238
2025-06-16,DCH.N,0.34414
2025-06-17,SLS.OQ,-0.34433
2025-06-23,FWONA.OQ,1.32825
2025-07-11,DCH.N,0.36129
2025-07-14,DCH.N,0.39129
2025-07-16,DCH.N,0.39414
2025-07-18,FWONA.OQ,1.34825
2025-07-21,DCH.N,0.40129
2025-07-23,DCH.N,0.38271
2025-08-01,TILE.OQ,1.63333
2025-08-01,FWONA.OQ,1.38511
2025-08-04,TILE.OQ,1.71
2025-08-04,FWONA.OQ,1.38511
2025-08-08,FWONA.OQ,1.68514
2025-08-10,FWONA.OQ,1.86229
2025-08-11,DCH.N,0.40129
2025-08-13,FWONA.OQ,1.99514
2025-08-14,FWONA.OQ,2.25114
2025-08-14,DCH.N,0.40843
2025-08-15,DCH.N,0.42317
2025-08-19,SFL.N,-0.13
2025-08-20,FWONA.OQ,2.34686
2025-08-20,DCH.N,0.42414
2025-08-21,SLS.OQ,-0.344
2025-09-16,SFL.N,-0.13
2025-09-18,FWONA.OQ,1.74289
2025-09-18,FWONA.OQ,2.35114
2025-09-21,SLS.OQ,-0.266
2025-09-28,FWONA.OQ,2.31971
2025-10-06,DCH.N,0.43129
2025-10-08,DCH.N,0.43443
2025-10-13,DCH.N,0.44871
2025-10-19,DCH.N,0.46586
2025-10-20,FWONA.OQ,2.31829
2025-10-31,TILE.OQ,1.76
2025-11-03,TILE.OQ,1.85
2025-11-04,FWONA.OQ,2.33829
2025-11-06,FWONA.OQ,2.284
2025-11-07,DCH.N,0.45575
2025-11-10,DCH.N,0.42325
2025-11-11,SFL.N,-0.015
2025-11-12,SFL.N,0.03
2025-11-13,SLS.OQ,-0.274
2025-11-13,FWONA.OQ,2.25371
2025-11-14,DCH.N,0.40433
2025-11-17,SLS.OQ,-0.27067
2025-11-17,SFL.N,0.06
2025-11-19,SLS.OQ,-0.265
2025-11-19,SFL.N,0.084
2025-11-19,DCH.N,0.41229
2025-11-21,FWONA.OQ,2.25933
2025-11-24,FWONA.OQ,2.21767
2025-12-02,FWONA.OQ,2.231
2025-12-08,DCH.N,0.4245
2025-12-12,DCH.N,0.4245
2025-12-30,SLS.OQ,-0.31533
2025-12-30,SLS.OQ,-0.26033
2026-01-12,DCH.N,0.422
2026-01-13,DCH.N,0.4245
2026-01-14,DCH.N,0.42575
2026-01-21,DCH.N,0.4445
2026-01-22,TILE.OQ,1.86
2026-01-22,DCH.N,0.447
2026-01-27,DCH.N,0.447
2026-01-27,DCH.N,0.59414
2026-01-30,FWONA.OQ,2.256
2026-02-09,DCH.N,0.44229
2026-02-11,SFL.N,0.068
2026-02-12,SFL.N,0.086
2026-02-17,DCH.N,0.63286
2026-02-18,DCH.N,0.62675
2026-02-20,DCH.N,0.55057
2026-02-24,TILE.OQ,2.07
2026-02-25,TILE.OQ,2.08667
2026-02-25,DCH.N,0.52567
2026-02-27,TILE.OQ,2.10333
2026-03-04,DCH.N,0.522
2026-03-23,SLS.OQ,-0.28733
2026-03-26,SLS.OQ,-0.246
2014-10-27,PNFP.N,2.287
2014-11-03,PNFP.N,2.012
2014-11-04,VRE.N,-0.05
2014-11-04,VRE.N,-0.09
2014-11-07,MITK.OQ,0.03667
2014-12-09,RYZ.N,0.64
2015-01-08,RYZ.N,0.55
2015-01-11,RYZ.N,0.545
2015-01-20,RYZ.N,0.61
2015-01-21,PNFP.N,2.29
2015-01-22,PNFP.N,2.282
2015-01-29,MITK.OQ,0.06667
2015-01-30,RYZ.N,0.61
2015-01-30,MITK.OQ,0.10333
2015-02-05,PNFP.N,2.329
2015-02-06,PNFP.N,2.369
2015-02-07,PNFP.N,2.482
2015-02-07,MITK.OQ,0.135
2015-02-20,RYZ.N,0.545
2015-02-26,PNFP.N,2.47333
2015-03-03,RYZ.N,0.5325
2015-03-11,VRE.N,-0.06
2015-03-16,RYZ.N,1.84333
2015-03-18,RYZ.N,1.04375
2015-03-19,RYZ.N,0.82875
2015-03-19,PNFP.N,2.45571
2015-03-30,RYZ.N,0.80289
2015-04-05,RYZ.N,0.63178
2015-04-08,PNFP.N,2.445
2015-04-09,PNFP.N,2.45
2015-04-14,RYZ.N,0.60956
2015-04-16,MITK.OQ,0.12333
2015-04-20,PNFP.N,2.45
2015-04-21,PNFP.N,2.52714
2015-04-22,PNFP.N,2.54143
2015-04-23,PNFP.N,2.54111
2015-04-29,PNFP.N,2.53222
2015-04-30,PNFP.N,2.53111
2015-04-30,MITK.OQ,0.15
2015-05-01,PNFP.N,2.515
2015-05-01,MITK.OQ,0.18
2015-05-05,PNFP.N,2.55
2015-05-08,RYZ.N,0.642
2015-05-11,RYZ.N,0.66825
2015-05-12,RYZ.N,0.736
2015-05-15,VRE.N,-0.11
2015-06-05,PNFP.N,2.55333
2015-07-01,RYZ.N,0.72933
2015-07-08,RYZ.N,0.68767
2015-07-08,VRE.N,-0.08
2015-07-10,PNFP.N,2.55333
2015-07-10,VRE.N,-0.09333
2015-07-16,RYZ.N,0.7532
2015-07-21,RYZ.N,0.6592
2015-07-22,PNFP.N,2.48
2015-07-23,PNFP.N,2.45167
2015-07-23,MITK.OQ,0.19667
2015-07-24,PNFP.N,2.455
2015-07-24,MITK.OQ,0.20333
2015-07-24,VRE.N,0.16667
2015-07-27,PNFP.N,2.46714
2015-08-04,VRE.N,0.15333
2015-08-13,RYZ.N,0.956
2015-08-14,RYZ.N,0.999
2015-08-19,PNFP.N,2.46714
2015-08-24,RYZ.N,1.07233
2015-08-24,PNFP.N,2.4775
2015-09-04,RYZ.N,1.07233
2015-09-08,RYZ.N,1.05733
2015-09-11,VRE.N,0.305
2015-09-21,RYZ.N,1.08733
2015-09-21,PNFP.N,2.47625
2015-10-01,PNFP.N,2.48778
2015-10-04,RYZ.N,1.029
2015-10-05,PNFP.N,2.53444
2015-10-13,RYZ.N,1.02567
2015-10-19,RYZ.N,0.94567
2015-10-21,PNFP.N,2.581
2015-10-22,PNFP.N,2.592
2015-10-23,PNFP.N,2.597
2015-10-29,VRE.N,0.28
2015-11-05,MITK.OQ,0.17333
2015-11-06,MITK.OQ,0.2
2015-11-11,RYZ.N,0.97067
2015-11-12,MITK.OQ,0.205
2015-11-13,RYZ.N,0.9828
2015-11-16,RYZ.N,0.9068
2015-11-19,RYZ.N,0.8825
2015-11-24,RYZ.N,0.846
2015-12-11,PNFP.N,2.59667
2015-12-16,RYZ.N,0.802
2016-01-08,MITK.OQ,0.20333
2016-01-11,PNFP.N,2.6
2016-01-11,VRE.N,-3.79
2016-01-11,PNFP.N,3.01889
2016-01-20,PNFP.N,3.05889
2016-01-21,PNFP.N,3.05111
2016-01-22,RYZ.N,0.75
2016-01-25,PNFP.N,3.06333
2016-01-25,MITK.OQ,0.2075
2016-01-28,MITK.OQ,0.2075
2016-01-29,PNFP.N,3.07111
2016-01-29,MITK.OQ,0.2125
2016-02-01,PNFP.N,3.07889
2016-02-12,PNFP.N,3.1
2016-02-24,PNFP.N,3.09167
2016-02-24,VRE.N,1.19
2016-03-01,PNFP.N,3.08
2016-03-07,RYZ.N,0.738
2016-03-07,RYZ.N,0.51443
2016-03-09,VRE.N,1.19
2016-03-10,RYZ.N,0.53138
2016-03-11,RYZ.N,0.41438
2016-03-16,RYZ.N,0.43786
2016-03-18,PNFP.N,3.085
2016-03-18,VRE.N,1.19
2016-03-21,RYZ.N,0.44786
2016-03-21,PNFP.N,3.09714
2016-03-22,RYZ.N,0.47357
2016-03-23,RYZ.N,0.47071
2016-04-01,PNFP.N,3.09571
2016-04-14,MITK.OQ,0.212
2016-04-15,VRE.N,1.09
2016-04-18,RYZ.N,0.52643
2016-04-19,RYZ.N,0.54071
2016-04-19,PNFP.N,3.06833
2016-04-20,PNFP.N,3.06
2016-04-28,MITK.OQ,0.234
2016-04-29,MITK.OQ,0.24
2016-05-06,RYZ.N,0.65071
2016-05-08,VRE.N,0.05
2016-05-09,RYZ.N,0.99125
2016-05-12,RYZ.N,1.22333
2016-06-08,RYZ.N,1.27333
2016-06-10,PNFP.N,3.05
2016-06-12,PNFP.N,3.058
2016-06-15,PNFP.N,3.052
2016-06-20,VRE.N,0.05
2016-06-26,RYZ.N,1.27333
2016-07-06,RYZ.N,1.33667
2016-07-11,MITK.OQ,0.232
2016-07-14,PNFP.N,3.01
2016-07-15,PNFP.N,3.015
2016-07-17,PNFP.N,3.01571
2016-07-18,RYZ.N,1.33667
2016-07-19,RYZ.N,1.33667
2016-07-20,PNFP.N,3.04833
2016-07-21,RYZ.N,1.41667
2016-07-21,PNFP.N,3.045
2016-07-22,PNFP.N,3.03167
2016-07-24,RYZ.N,1.44333
2016-07-28,MITK.OQ,0.236
2016-07-29,MITK.OQ,0.246
2016-08-02,VRE.N,1.17
2016-08-10,RYZ.N,1.56667
2016-08-11,RYZ.N,1.594
2016-08-19,RYZ.N,1.564
2016-09-14,PNFP.N,2.99857
2016-09-19,VRE.N,1.16
2016-09-27,PNFP.N,3.02833
2016-10-02,RYZ.N,1.542
2016-10-04,RYZ.N,1.4725
2016-10-18,RYZ.N,1.30667
2016-10-19,PNFP.N,2.99286
2016-10-20,PNFP.N,2.95
2016-10-25,VRE.N,1.2
2016-11-03,RYZ.N,1.26
2016-11-03,MITK.OQ,0.286
2016-11-04,MITK.OQ,0.278
2016-11-09,RYZ.N,1.215
2016-11-16,RYZ.N,1.125
2016-12-04,RYZ.N,1.105
2016-12-08,MITK.OQ,0.27833
2016-12-13,RYZ.N,1.125
2016-12-19,PNFP.N,2.95429
2016-12-20,PNFP.N,2.95571
2017-01-09,VRE.N,0.2525
2017-01-09,RYZ.N,1.24
2017-01-09,VRE.N,0.735
2017-01-11,RYZ.N,1.295
2017-01-12,PNFP.N,3.43556
2017-01-12,RYZ.N,1.14667
2017-01-12,PNFP.N,2.95286
2017-01-13,RYZ.N,1.0175
2017-01-18,PNFP.N,3.42222
2017-01-19,PNFP.N,3.4
2017-01-20,PNFP.N,3.4
2017-01-23,PNFP.N,3.39125
2017-01-24,PNFP.N,3.4125
2017-01-25,PNFP.N,3.37667
2017-01-26,PNFP.N,3.35571
2017-02-02,MITK.OQ,0.27333
2017-02-03,MITK.OQ,0.275
2017-02-09,PNFP.N,3.35286
2017-02-14,RYZ.N,1.27467
2017-03-01,VRE.N,0.2125
2017-03-05,VRE.N,0.1425
2017-03-07,VRE.N,0.08333
2017-03-14,RYZ.N,1.278
2017-03-15,RYZ.N,1.38767
2017-03-16,PNFP.N,3.35857
2017-03-17,MITK.OQ,0.27833
2017-03-17,VRE.N,0.02667
2017-03-20,RYZ.N,1.449
2017-03-22,RYZ.N,1.4512
2017-03-22,PNFP.N,3.31571
2017-03-22,MITK.OQ,0.284
2017-04-04,PNFP.N,3.34143
2017-04-04,VRE.N,-0.0125
2017-04-06,RYZ.N,1.4912
2017-04-06,PNFP.N,3.32571
2017-04-10,RYZ.N,1.497
2017-04-13,RYZ.N,1.525
2017-04-18,PNFP.N,3.42143
2017-04-19,RYZ.N,1.543
2017-04-19,PNFP.N,3.40167
2017-04-20,PNFP.N,3.39333
2017-04-24,PNFP.N,3.39833
2017-04-27,MITK.OQ,0.286
2017-04-28,MITK.OQ,0.29
2017-04-30,PNFP.N,3.39143
2017-05-03,RYZ.N,1.523
2017-05-04,RYZ.N,1.477
2017-05-05,RYZ.N,1.4924
2017-05-09,VRE.N,0.0825
2017-05-10,PNFP.N,3.39286
2017-05-15,VRE.N,0.1225
2017-05-16,VRE.N,0.20667
2017-05-19,VRE.N,0.275
2017-05-24,VRE.N,0.23333
2017-06-13,RYZ.N,1.4824
2017-06-15,PNFP.N,3.38167
2017-06-22,RYZ.N,1.4484
2017-06-28,PNFP.N,3.37667
2017-07-05,RYZ.N,1.3475
2017-07-10,RYZ.N,1.285
2017-07-10,PNFP.N,3.36667
2017-07-17,RYZ.N,1.2
2017-07-18,RYZ.N,1.12
2017-07-19,RYZ.N,1.056
2017-07-19,PNFP.N,3.37667
2017-07-20,PNFP.N,3.39167
2017-07-24,PNFP.N,3.44667
2017-07-28,MITK.OQ,0.286
2017-08-03,MITK.OQ,0.2875
2017-08-03,VRE.N,0.175
2017-08-04,RYZ.N,1.05
2017-08-04,PNFP.N,3.46167
2017-08-07,RYZ.N,1.015
2017-08-09,VRE.N,0.0435
2017-08-10,RYZ.N,1.08667
2017-08-11,PNFP.N,3.47
2017-08-14,MITK.OQ,0.284
2017-08-16,RYZ.N,1.03667
2017-08-23,PNFP.N,3.46167
2017-08-23,VRE.N,-0.063
2017-09-01,PNFP.N,3.47
2017-09-20,VRE.N,-0.11
2017-09-27,RYZ.N,0.97
2017-10-01,MITK.OQ,0.282
2017-10-05,PNFP.N,3.48333
2017-10-16,RYZ.N,0.81
2017-10-17,RYZ.N,0.58667
2017-10-18,RYZ.N,0.6
2017-10-18,PNFP.N,3.41875
2017-10-19,PNFP.N,3.41625
2017-10-20,PNFP.N,3.4075
2017-10-23,PNFP.N,3.39625
2017-11-07,MITK.OQ,0.334
2017-11-08,RYZ.N,0.6325
2017-11-08,MITK.OQ,0.304
2017-11-10,RYZ.N,0.63
2017-11-13,VRE.N,-0.007
2017-11-20,RYZ.N,0.5675
2017-12-04,STEL.N,1.48
2017-12-21,PNFP.N,3.39111
2017-12-27,PNFP.N,3.383
2017-12-27,STEL.N,1.48667
2018-01-04,PNFP.N,3.3675
2018-01-09,PNFP.N,3.37571
2018-01-10,RYZ.N,0.595
2018-01-15,RYZ.N,0.575
2018-01-16,PNFP.N,4.7165
2018-01-17,PNFP.N,4.78
2018-01-18,PNFP.N,4.704
2018-01-19,PNFP.N,4.713
2018-01-24,RYZ.N,0.56
2018-01-25,RYZ.N,0.5025
2018-01-25,RYZ.N,1.372
2018-01-26,MITK.OQ,0.304
2018-01-31,STEL.N,1.58333
2018-02-01,STEL.N,1.61667
2018-02-05,PNFP.N,4.715
2018-02-08,VRE.N,-0.14
2018-02-13,VRE.N,-0.007
2018-02-22,VRE.N,-0.13667
2018-02-26,PNFP.N,4.718
2018-02-26,STEL.N,1.62
2018-02-28,VRE.N,-0.12
2018-03-02,VRE.N,-0.469
2018-03-06,RYZ.N,1.412
2018-03-09,MITK.OQ,0.304
2018-03-13,RYZ.N,1.322
2018-03-14,RYZ.N,1.338
2018-03-15,RYZ.N,1.288
2018-03-21,PNFP.N,4.69636
2018-03-21,VRE.N,-0.40267
2018-03-28,RYZ.N,1.21
2018-03-28,VRE.N,-0.362
2018-04-04,PNFP.N,4.7
2018-04-06,RYZ.N,1.212
2018-04-10,RYZ.N,1.232
2018-04-16,RYZ.N,1.224
2018-04-17,RYZ.N,1.264
2018-04-17,PNFP.N,4.70018
2018-04-18,PNFP.N,4.712
2018-04-19,PNFP.N,4.71655
2018-04-23,PNFP.N,4.7402
2018-04-30,STEL.N,1.62333
2018-05-01,RYZ.N,1.314
2018-05-01,PNFP.N,4.72382
2018-05-01,MITK.OQ,0.306
2018-05-02,MITK.OQ,0.316
2018-05-03,RYZ.N,1.2875
2018-05-04,RYZ.N,1.325
2018-05-06,VRE.N,-0.167
2018-05-09,RYZ.N,1.45
2018-05-09,PNFP.N,4.7252
2018-05-14,VRE.N,0.15025
2018-05-18,VRE.N,0.5555
2018-05-23,RYZ.N,1.46333
2018-05-23,MITK.OQ,0.308
2018-05-24,MITK.OQ,0.274
2018-05-25,MITK.OQ,0.264
2018-05-25,STEL.N,1.61333
2018-05-31,PNFP.N,4.7172
2018-06-05,RYZ.N,1.335
2018-06-08,PNFP.N,4.7152
2018-06-10,PNFP.N,4.7172
2018-06-13,RYZ.N,1.3725
2018-06-27,VRE.N,-0.6515
2018-06-28,VRE.N,-0.31767
2018-06-29,RYZ.N,1.385
2018-07-08,RYZ.N,1.5025
2018-07-09,PNFP.N,4.7162
2018-07-09,STEL.N,1.62
2018-07-10,PNFP.N,4.7092
2018-07-16,RYZ.N,1.4825
2018-07-18,PNFP.N,4.7022
2018-07-19,PNFP.N,4.6972
2018-07-23,PNFP.N,4.7012
2018-07-26,STEL.N,1.66
2018-07-27,MITK.OQ,0.246
2018-07-27,STEL.N,1.71
2018-07-30,STEL.N,1.75333
2018-08-02,RYZ.N,1.4925
2018-08-03,RYZ.N,1.505
2018-08-05,RYZ.N,1.4875
2018-08-08,VRE.N,-0.6515
2018-08-13,VRE.N,-0.149
2018-08-14,RYZ.N,1.495
2018-08-23,PNFP.N,4.6992
2018-08-24,VRE.N,-0.158
2018-08-28,MITK.OQ,0.39667
2018-09-03,VRE.N,-0.976
2018-09-10,RYZ.N,1.5125
2018-09-25,PNFP.N,4.7002
2018-09-27,VRE.N,-0.298
2018-10-02,RYZ.N,1.47
2018-10-02,PNFP.N,4.6992
2018-10-03,PNFP.N,4.6972
2018-10-11,RYZ.N,1.395
2018-10-17,RYZ.N,1.3575
2018-10-17,PNFP.N,4.7086
2018-10-18,PNFP.N,4.7186
2018-10-23,PNFP.N,4.71511
2018-10-25,STEL.N,1.75
2018-10-29,STEL.N,1.80333
2018-10-29,STEL.N,1.95
2018-11-02,MITK.OQ,0.42
2018-11-05,RYZ.N,1.2225
2018-11-08,RYZ.N,1.2475
2018-11-08,MITK.OQ,0.422
2018-11-27,RYZ.N,1.2425
2018-11-27,VRE.N,-0.976
2018-11-30,VRE.N,-1.447
2019-01-03,PNFP.N,4.71067
2019-01-07,RYZ.N,1.2125
2019-01-07,PNFP.N,4.71289
2019-01-15,PNFP.N,5.0563
2019-01-16,PNFP.N,5.0495
2019-01-17,PNFP.N,5.0715
2019-01-21,PNFP.N,5.0755
2019-01-22,RYZ.N,1.652
2019-01-27,VRE.N,-1.457
2019-01-28,VRE.N,-1.807
2019-01-29,MITK.OQ,0.41667
2019-01-30,MITK.OQ,0.4
2019-01-31,STEL.N,1.97333
2019-02-21,VRE.N,-1.842
2019-02-24,STEL.N,1.97
2019-02-27,PNFP.N,5.095
2019-03-01,VRE.N,-2.71
2019-03-04,RYZ.N,1.1775
2019-03-06,RYZ.N,1.58
2019-03-06,STEL.N,1.96667
2019-03-07,RYZ.N,1.606
2019-03-12,RYZ.N,1.715
2019-03-13,RYZ.N,1.606
2019-03-22,PNFP.N,5.09444
2019-03-27,VRE.N,-1.87333
2019-04-09,RYZ.N,1.604
2019-04-16,PNFP.N,5.08244
2019-04-17,PNFP.N,5.098
2019-04-18,VRE.N,-1.89567
2019-04-22,PNFP.N,5.09911
2019-04-24,VRE.N,-1.92233
2019-05-01,MITK.OQ,0.40167
2019-05-02,RYZ.N,1.88
2019-05-02,MITK.OQ,0.398
2019-05-02,VRE.N,-0.48233
2019-05-08,RYZ.N,1.95667
2019-05-08,VRE.N,-0.6235
2019-05-08,STEL.N,1.96
2019-05-10,STEL.N,1.94667
2019-05-15,RYZ.N,2.24333
2019-05-16,STEL.N,1.90667
2019-05-21,RYZ.N,2.22333
2019-05-21,VRE.N,3.91
2019-05-28,MITK.OQ,0.4
2019-05-29,RYZ.N,2.20333
2019-06-13,PNFP.N,5.09275
2019-06-17,RYZ.N,2.18
2019-06-26,PNFP.N,5.089
2019-06-26,STEL.N,1.88333
2019-06-27,PNFP.N,5.09188
2019-07-01,PNFP.N,5.08563
2019-07-07,STEL.N,1.87
2019-07-08,PNFP.N,5.08063
2019-07-09,PNFP.N,5.06688
2019-07-09,STEL.N,1.85667
2019-07-10,RYZ.N,2.16
2019-07-17,PNFP.N,5.18444
2019-07-18,PNFP.N,5.26889
2019-07-23,PNFP.N,5.29375
2019-07-25,STEL.N,1.88667
2019-07-26,MITK.OQ,0.5
2019-07-26,MITK.OQ,0.395
2019-07-29,STEL.N,1.93333
2019-07-30,STEL.N,1.968
2019-08-02,PNFP.N,5.28875
2019-08-05,PNFP.N,5.28778
2019-08-06,RYZ.N,2.16
2019-08-08,VRE.N,2.05
2019-08-26,RYZ.N,2.10667
2019-09-11,PNFP.N,5.278
2019-09-12,PNFP.N,5.27578
2019-09-17,PNFP.N,5.26578
2019-09-18,PNFP.N,5.2662
2019-09-24,PNFP.N,5.2695
2019-09-30,PNFP.N,5.2665
2019-10-02,RYZ.N,2.03333
2019-10-02,PNFP.N,5.2735
2019-10-03,PNFP.N,5.2745
2019-10-04,PNFP.N,5.2705
2019-10-16,RYZ.N,1.97667
2019-10-16,PNFP.N,5.3
2019-10-17,PNFP.N,5.33625
2019-10-20,PNFP.N,5.36625
2019-10-25,STEL.N,2.00867
2019-10-30,RYZ.N,1.84667
2019-10-30,PNFP.N,5.34625
2019-10-30,VRE.N,1.69
2019-10-31,RYZ.N,1.75333
2019-10-31,MITK.OQ,0.3925
2019-11-08,MITK.OQ,0.495
2019-11-11,RYZ.N,1.60333
2019-11-11,MITK.OQ,0.4925
2019-11-26,RYZ.N,1.60667
2019-12-09,STEL.N,2.012
2019-12-13,PNFP.N,5.34625
2019-12-16,PNFP.N,5.34375
2020-01-06,PNFP.N,5.4249
2020-01-06,STEL.N,1.92
2020-01-06,PNFP.N,5.34143
2020-01-06,MITK.OQ,0.494
2020-01-06,STEL.N,2.003
2020-01-09,RYZ.N,1.60333
2020-01-22,PNFP.N,5.3899
2020-01-23,PNFP.N,5.3873
2020-01-24,PNFP.N,5.3883
2020-01-30,STEL.N,1.87667
2020-01-31,MITK.OQ,0.51
2020-01-31,STEL.N,1.87
2020-02-16,VRE.N,1.71
2020-02-17,RYZ.N,1.394
2020-02-20,VRE.N,1.635
2020-02-20,VRE.N,-0.68
2020-02-26,PNFP.N,5.3933
2020-03-01,VRE.N,-0.875
2020-03-02,PNFP.N,5.3843
2020-03-05,RYZ.N,1.4
2020-03-06,RYZ.N,1.42
2020-03-06,PNFP.N,5.3721
2020-03-06,STEL.N,1.82
2020-03-09,PNFP.N,5.3581
2020-03-10,RYZ.N,1.35
2020-03-11,RYZ.N,1.27
2020-03-13,RYZ.N,1.27
2020-03-16,PNFP.N,5.2704
2020-03-16,STEL.N,1.70667
2020-03-17,PNFP.N,5.2104
2020-03-18,PNFP.N,5.1654
2020-03-18,MITK.OQ,0.498
2020-03-23,RYZ.N,1.1075
2020-03-25,PNFP.N,5.1194
2020-03-25,MITK.OQ,0.486
2020-03-25,STEL.N,1.64
2020-03-29,RYZ.N,0.9075
2020-03-30,PNFP.N,5.0764
2020-03-31,PNFP.N,4.8764
2020-03-31,MITK.OQ,0.482
2020-03-31,STEL.N,1.26333
2020-04-02,PNFP.N,4.8394
2020-04-06,PNFP.N,4.5136
2020-04-17,RYZ.N,0.7525
2020-04-17,MITK.OQ,0.468
2020-04-21,PNFP.N,4.1513
2020-04-22,PNFP.N,3.9523
2020-04-23,PNFP.N,3.5803
2020-04-27,PNFP.N,3.52478
2020-04-30,MITK.OQ,0.474
2020-04-30,STEL.N,1.16333
2020-05-01,MITK.OQ,0.482
2020-05-01,STEL.N,1.09333
2020-05-04,VRE.N,-0.92333
2020-05-04,STEL.N,1.25
2020-05-07,RYZ.N,0.5775
2020-05-10,VRE.N,-0.84
2020-05-12,RYZ.N,0.43
2020-05-12,STEL.N,1.17667
2020-05-13,RYZ.N,0.15667
2020-05-14,PNFP.N,3.5013
2020-05-15,VRE.N,-0.84333
2020-05-18,PNFP.N,3.5008
2020-05-19,RYZ.N,0.1925
2020-05-21,PNFP.N,3.5318
2020-05-31,PNFP.N,3.5508
2020-06-09,RYZ.N,0.2525
2020-06-10,PNFP.N,3.5438
2020-06-12,PNFP.N,3.5398
2020-06-15,PNFP.N,3.5418
2020-06-17,PNFP.N,3.5768
2020-06-18,PNFP.N,3.5858
2020-06-29,PNFP.N,3.5948
2020-06-30,PNFP.N,3.6208
2020-06-30,STEL.N,1.15333
2020-07-01,PNFP.N,3.6178
2020-07-01,STEL.N,1.13667
2020-07-07,PNFP.N,3.55533
2020-07-08,RYZ.N,0.255
2020-07-08,VRE.N,-0.72333
2020-07-09,STEL.N,1.13333
2020-07-13,RYZ.N,0.07667
2020-07-14,VRE.N,-0.55667
2020-07-22,PNFP.N,3.5035
2020-07-23,PNFP.N,3.57644
2020-07-27,PNFP.N,3.52644
2020-07-28,PNFP.N,3.43833
2020-07-30,RYZ.N,0.13333
2020-07-30,PNFP.N,3.43714
2020-07-30,MITK.OQ,0.516
2020-07-30,STEL.N,0.94333
2020-07-31,MITK.OQ,0.56
2020-07-31,STEL.N,0.92267
2020-08-03,VRE.N,-0.54
2020-08-04,RYZ.N,-0.14667
2020-08-05,RYZ.N,-0.37
2020-08-14,RYZ.N,-0.55333
2020-08-14,STEL.N,0.90333
2020-08-28,VRE.N,-0.655
2020-08-30,RYZ.N,-0.52667
2020-09-09,STEL.N,0.90933
2020-09-15,RYZ.N,-0.51333
2020-09-22,RYZ.N,-0.38
2020-09-29,PNFP.N,3.405
2020-09-30,PNFP.N,3.41375
2020-09-30,STEL.N,0.93933
2020-10-01,RYZ.N,-0.28
2020-10-01,PNFP.N,3.43
2020-10-02,VRE.N,-0.885
2020-10-06,PNFP.N,3.43333
2020-10-08,PNFP.N,3.42333
2020-10-09,STEL.N,0.89
2020-10-19,MITK.OQ,0.5475
2020-10-21,PNFP.N,3.71222
2020-10-22,PNFP.N,3.88778
2020-10-26,PNFP.N,3.95333
2020-10-29,STEL.N,0.86333
2020-10-30,RYZ.N,-0.11333
2020-10-30,STEL.N,0.89
2020-11-02,RYZ.N,0.36667
2020-11-02,VRE.N,-0.9
2020-11-05,MITK.OQ,0.62
2020-11-06,PNFP.N,3.95
2020-11-06,MITK.OQ,0.6175
2020-11-16,PNFP.N,3.9484
2020-11-18,PNFP.N,3.9404
2020-11-19,RYZ.N,0.37333
2020-11-19,VRE.N,-0.975
2020-12-06,PNFP.N,3.9424
2020-12-11,VRE.N,-0.97
2020-12-18,PNFP.N,3.9604
2020-12-21,RYZ.N,0.44333
2020-12-28,STEL.N,1.23333
2020-12-28,PNFP.N,3.961
2020-12-28,STEL.N,0.91667
2021-01-04,PNFP.N,3.96889
2021-01-07,PNFP.N,3.97
2021-01-08,RYZ.N,0.45333
2021-01-08,PNFP.N,3.96889
2021-01-08,RYZ.N,1.37
2021-01-19,PNFP.N,4.745
2021-01-20,PNFP.N,5.0065
2021-01-21,PNFP.N,5.1595
2021-01-22,MITK.OQ,0.648
2021-01-22,VRE.N,-0.41333
2021-01-26,MITK.OQ,0.665
2021-01-28,STEL.N,1.37167
2021-01-29,MITK.OQ,0.6725
2021-01-29,STEL.N,1.34
2021-02-01,PNFP.N,5.1875
2021-03-01,VRE.N,-0.58
2021-03-02,RYZ.N,1.38
2021-03-03,VRE.N,-0.845
2021-03-05,VRE.N,-0.78667
2021-03-07,RYZ.N,1.14667
2021-03-12,RYZ.N,1.46
2021-03-30,PNFP.N,5.2195
2021-03-30,VRE.N,-0.77333
2021-03-31,PNFP.N,5.2425
2021-04-01,PNFP.N,5.2585
2021-04-06,PNFP.N,5.2965
2021-04-07,PNFP.N,5.3085
2021-04-08,PNFP.N,5.3515
2021-04-08,STEL.N,1.40667
2021-04-12,RYZ.N,1.5
2021-04-16,RYZ.N,1.275
2021-04-16,MITK.OQ,0.682
2021-04-19,VRE.N,-0.695
2021-04-20,PNFP.N,5.544
2021-04-21,PNFP.N,5.703
2021-04-22,PNFP.N,5.86667
2021-04-29,STEL.N,1.52333
2021-04-30,MITK.OQ,0.702
2021-04-30,STEL.N,1.64333
2021-05-03,MITK.OQ,0.696
2021-05-04,STEL.N,1.65667
2021-05-11,VRE.N,-0.665
2021-05-21,PNFP.N,5.863
2021-05-26,RYZ.N,1.65
2021-06-25,PNFP.N,5.871
2021-06-25,VRE.N,-0.73333
2021-06-29,PNFP.N,5.875
2021-07-08,PNFP.N,5.883
2021-07-08,STEL.N,1.68333
2021-07-14,RYZ.N,1.85
2021-07-21,PNFP.N,6.15455
2021-07-21,VRE.N,-0.71
2021-07-22,PNFP.N,6.26273
2021-07-23,PNFP.N,6.30273
2021-07-27,PNFP.N,6.36
2021-07-29,MITK.OQ,0.7
2021-07-29,STEL.N,1.67333
2021-07-30,MITK.OQ,0.716
2021-07-30,STEL.N,1.65033
2021-08-03,PNFP.N,6.34546
2021-08-03,VRE.N,-0.84
2021-08-08,RYZ.N,3.575
2021-08-09,VRE.N,-0.98
2021-08-12,MITK.OQ,0.725
2021-08-16,RYZ.N,4.75
2021-08-18,MITK.OQ,0.73317
2021-08-20,VRE.N,-0.98
2021-09-13,PNFP.N,6.34491
2021-09-28,PNFP.N,6.32946
2021-09-29,STEL.N,1.63367
2021-09-30,MITK.OQ,0.896
2021-09-30,MITK.OQ,0.7358
2021-10-04,PNFP.N,6.33218
2021-10-07,PNFP.N,6.33855
2021-10-12,VRE.N,-0.99
2021-10-13,RYZ.N,5.0
2021-10-13,PNFP.N,6.48455
2021-10-13,VRE.N,-1.035
2021-10-14,PNFP.N,6.62364
2021-10-14,VRE.N,-1.00667
2021-10-24,VRE.N,-1.02
2021-10-28,STEL.N,1.72367
2021-11-01,PNFP.N,6.61455
2021-11-02,STEL.N,1.79667
2021-11-05,MITK.OQ,0.89
2021-11-09,STEL.N,1.8
2021-11-10,PNFP.N,6.61364
2021-11-22,RYZ.N,6.175
2021-12-07,VRE.N,-1.05
2021-12-08,RYZ.N,7.35
2021-12-09,VRE.N,-1.08
2021-12-10,VRE.N,-1.08
2021-12-14,VRE.N,-1.08
2021-12-14,VRE.N,-0.53
2021-12-15,VRE.N,-1.05
2022-01-02,VRE.N,-1.08
2022-01-04,PNFP.N,6.61455
2022-01-07,PNFP.N,6.62182
2022-01-10,PNFP.N,6.32818
2022-01-12,STEL.N,1.78
2022-01-18,RYZ.N,7.32
2022-01-19,PNFP.N,6.55836
2022-01-20,PNFP.N,6.66209
2022-01-21,PNFP.N,6.73846
2022-01-28,RYZ.N,4.175
2022-01-28,RYZ.N,6.16
2022-01-28,MITK.OQ,0.924
2022-01-31,STEL.N,1.94
2022-02-07,MITK.OQ,0.9204
2022-03-01,VRE.N,-0.41
2022-03-09,PNFP.N,6.75027
2022-03-09,STEL.N,1.94
2022-03-15,RYZ.N,7.275
2022-03-16,PNFP.N,6.752
2022-03-16,STEL.N,1.87
2022-03-21,PNFP.N,6.76109
2022-03-23,VRE.N,-0.37
2022-03-29,RYZ.N,9.15
2022-03-30,PNFP.N,6.78927
2022-03-30,VRE.N,-0.37
2022-03-31,PNFP.N,6.79473
2022-03-31,VRE.N,-0.35
2022-04-01,PNFP.N,6.8592
2022-04-07,PNFP.N,6.85409
2022-04-13,PNFP.N,6.88864
2022-04-13,STEL.N,1.97
2022-04-19,RYZ.N,10.4
2022-04-19,PNFP.N,6.97764
2022-04-20,PNFP.N,7.021
2022-04-21,PNFP.N,7.04191
2022-04-26,RYZ.N,7.9
2022-04-29,MITK.OQ,0.8464
2022-04-29,STEL.N,2.114
2022-05-16,VRE.N,-0.48
2022-05-18,RYZ.N,8.825
2022-05-20,MITK.OQ,0.8598
2022-06-02,STEL.N,1.986
2022-06-06,STEL.N,1.99
2022-06-10,PNFP.N,7.03918
2022-06-15,PNFP.N,7.02673
2022-06-29,PNFP.N,7.05127
2022-06-29,STEL.N,1.88667
2022-07-01,PNFP.N,7.09491
2022-07-07,PNFP.N,7.104
2022-07-07,STEL.N,1.89667
2022-07-11,PNFP.N,7.14036
2022-07-13,PNFP.N,7.11091
2022-07-13,STEL.N,1.92333
2022-07-18,RYZ.N,8.4
2022-07-19,PNFP.N,7.11136
2022-07-20,PNFP.N,7.17227
2022-07-21,PNFP.N,7.25864
2022-07-25,RYZ.N,11.275
2022-07-25,PNFP.N,7.27864
2022-07-26,PNFP.N,7.30318
2022-07-28,MITK.OQ,0.8772
2022-07-29,MITK.OQ,0.8892
2022-07-29,STEL.N,2.33
2022-08-01,STEL.N,2.343
2022-08-08,RYZ.N,11.875
2022-08-15,RYZ.N,12.88
2022-09-02,PNFP.N,7.30409
2022-09-02,VRE.N,-0.16
2022-09-13,PNFP.N,7.30773
2022-09-14,PNFP.N,7.30927
2022-09-20,RYZ.N,13.08
2022-09-28,RYZ.N,13.015
2022-10-04,PNFP.N,7.29291
2022-10-04,VRE.N,-0.16
2022-10-06,PNFP.N,7.33291
2022-10-06,STEL.N,2.343
2022-10-10,VRE.N,-0.215
2022-10-11,PNFP.N,7.36018
2022-10-12,STEL.N,2.36
2022-10-18,PNFP.N,7.41291
2022-10-19,PNFP.N,7.432
2022-10-20,PNFP.N,7.43782
2022-10-21,PNFP.N,7.45146
2022-10-21,VRE.N,-0.27
2022-10-25,PNFP.N,7.4416
2022-10-31,STEL.N,2.68
2022-11-02,VRE.N,-1.12
2022-11-02,VRE.N,-0.72
2022-11-03,RYZ.N,11.87
2022-11-13,PNFP.N,7.44146
2022-12-09,PNFP.N,7.44355
2022-12-13,PNFP.N,7.44355
2022-12-15,PNFP.N,7.44627
2022-12-21,PNFP.N,7.44264
2023-01-09,PNFP.N,7.45446
2023-01-13,PNFP.N,7.4559
2023-01-13,PNFP.N,7.9902
2023-01-18,PNFP.N,7.6362
2023-01-19,PNFP.N,7.4654
2023-01-20,PNFP.N,7.3894
2023-01-22,PNFP.N,7.3294
2023-01-24,RYZ.N,11.935
2023-01-24,RYZ.N,3.175
2023-01-27,STEL.N,3.1594
2023-01-30,STEL.N,3.0654
2023-02-23,RYZ.N,3.025
2023-02-23,VRE.N,-0.83
2023-03-06,RYZ.N,3.02
2023-03-13,RYZ.N,3.305
2023-03-23,PNFP.N,7.3085
2023-03-27,PNFP.N,7.2755
2023-03-28,VRE.N,-0.735
2023-03-29,PNFP.N,7.2225
2023-03-29,STEL.N,3.0214
2023-03-31,RYZ.N,3.45
2023-04-03,PNFP.N,7.1955
2023-04-03,STEL.N,2.964
2023-04-05,PNFP.N,7.1175
2023-04-05,STEL.N,2.94
2023-04-06,PNFP.N,6.9995
2023-04-06,STEL.N,2.872
2023-04-11,PNFP.N,6.9695
2023-04-17,PNFP.N,6.9295
2023-04-18,PNFP.N,6.775
2023-04-19,PNFP.N,6.737
2023-04-20,PNFP.N,6.717
2023-04-28,STEL.N,2.825
2023-05-01,VRE.N,-0.625
2023-05-01,STEL.N,2.835
2023-05-02,RYZ.N,3.7
2023-05-08,MITK.OQ,0.8932
2023-05-09,MITK.OQ,0.8812
2023-05-17,VRE.N,-0.61
2023-06-12,VRE.N,-0.61
2023-06-14,PNFP.N,6.709
2023-06-14,MITK.OQ,0.8772
2023-06-15,MITK.OQ,0.93325
2023-06-15,MITK.OQ,0.878
2023-06-28,PNFP.N,6.652
2023-06-28,STEL.N,2.83
2023-06-29,PNFP.N,6.6002
2023-06-30,RYZ.N,3.825
2023-06-30,MITK.OQ,0.9266
2023-07-03,MITK.OQ,0.9626
2023-07-05,PNFP.N,6.6662
2023-07-05,STEL.N,2.81
2023-07-11,PNFP.N,6.656
2023-07-13,PNFP.N,6.632
2023-07-13,STEL.N,2.7625
2023-07-16,RYZ.N,4.125
2023-07-19,PNFP.N,7.1868
2023-07-20,PNFP.N,7.3778
2023-07-24,PNFP.N,7.4638
2023-07-27,PNFP.N,7.507
2023-07-27,VRE.N,-0.75
2023-07-28,STEL.N,2.7175
2023-07-31,STEL.N,2.6425
2023-08-01,RYZ.N,3.15
2023-08-03,RYZ.N,3.225
2023-08-15,RYZ.N,3.3
2023-09-06,MITK.OQ,0.9826
2023-09-07,VRE.N,-0.575
2023-09-12,MITK.OQ,1.00333
2023-09-15,MITK.OQ,0.96
2023-09-27,PNFP.N,7.57909
2023-09-27,STEL.N,2.64
2023-10-03,PNFP.N,7.57818
2023-10-05,PNFP.N,7.57182
2023-10-05,STEL.N,2.6425
2023-10-10,PNFP.N,7.58636
2023-10-11,PNFP.N,7.56091
2023-10-16,RYZ.N,3.05
2023-10-17,PNFP.N,7.651
2023-10-18,PNFP.N,7.6675
2023-10-19,PNFP.N,7.505
2023-10-20,PNFP.N,7.38667
2023-10-23,PNFP.N,7.37667
2023-10-25,VRE.N,-0.73
2023-10-27,MITK.OQ,0.92667
2023-10-27,STEL.N,2.6575
2023-10-30,STEL.N,2.69333
2023-10-31,RYZ.N,3.6
2023-10-31,MITK.OQ,0.9275
2023-11-06,VRE.N,-0.71
2023-11-30,PNFP.N,7.28425
2023-12-06,VRE.N,-0.34
2023-12-08,MITK.OQ,0.9225
2023-12-11,MITK.OQ,0.935
2023-12-12,PNFP.N,7.28675
2023-12-13,STEL.N,2.69
2023-12-14,MITK.OQ,0.936
2023-12-15,PNFP.N,7.3754
2023-12-21,STEL.N,2.67667
2024-01-05,PNFP.N,7.28675
2024-01-12,RYZ.N,3.7
2024-01-15,RYZ.N,3.62
2024-01-15,RYZ.N,3.38
2024-01-16,PNFP.N,6.87067
2024-01-17,PNFP.N,6.81358
2024-01-17,MITK.OQ,1.068
2024-01-18,PNFP.N,6.79608
2024-01-26,STEL.N,2.066
2024-01-29,STEL.N,2.04
2024-01-30,STEL.N,2.018
2024-02-05,PNFP.N,6.80275
2024-02-22,RYZ.N,3.05
2024-02-23,VRE.N,-0.235
2024-02-29,VRE.N,-0.12
2024-03-04,RYZ.N,3.05
2024-03-07,PNFP.N,6.81508
2024-03-08,PNFP.N,6.78815
2024-03-20,RYZ.N,2.285
2024-03-20,MITK.OQ,1.01833
2024-03-26,MITK.OQ,1.02
2024-03-27,RYZ.N,2.31
2024-04-01,PNFP.N,6.78954
2024-04-01,MITK.OQ,1.01
2024-04-02,PNFP.N,6.78869
2024-04-02,STEL.N,2.006
2024-04-03,VRE.N,-0.26
2024-04-04,PNFP.N,6.80331
2024-04-08,PNFP.N,6.79546
2024-04-09,RYZ.N,2.12
2024-04-09,PNFP.N,6.78239
2024-04-16,MITK.OQ,1.02
2024-04-22,MITK.OQ,1.015
2024-04-23,PNFP.N,6.79054
2024-04-24,PNFP.N,6.83223
2024-04-25,PNFP.N,6.84515
2024-04-25,VRE.N,-0.345
2024-04-26,STEL.N,1.984
2024-05-01,RYZ.N,0.99
2024-05-01,VRE.N,-0.29
2024-05-03,STEL.N,1.944
2024-05-05,PNFP.N,6.83208
2024-05-13,RYZ.N,0.385
2024-05-13,MITK.OQ,1.01667
2024-05-14,MITK.OQ,0.975
2024-05-17,MITK.OQ,0.96
2024-05-22,PNFP.N,6.82823
2024-05-24,MITK.OQ,0.955
2024-06-17,VRE.N,-0.295
2024-06-20,VRE.N,-0.285
2024-06-21,PNFP.N,6.84054
2024-06-24,PNFP.N,6.83669
2024-06-26,STEL.N,1.94
2024-06-27,PNFP.N,6.84823
2024-07-02,RYZ.N,0.43
2024-07-03,PNFP.N,6.83977
2024-07-08,PNFP.N,6.84439
2024-07-09,RYZ.N,0.415
2024-07-10,PNFP.N,6.84054
2024-07-17,PNFP.N,6.39515
2024-07-18,PNFP.N,6.16917
2024-07-19,PNFP.N,6.055
2024-07-20,PNFP.N,5.97583
2024-07-23,PNFP.N,5.93833
2024-07-25,VRE.N,-0.25
2024-07-26,STEL.N,2.0
2024-07-29,STEL.N,2.024
2024-07-31,RYZ.N,0.38
2024-07-31,VRE.N,-0.2
2024-08-01,RYZ.N,0.255
2024-08-09,MITK.OQ,0.86
2024-08-12,PNFP.N,5.92667
2024-08-12,MITK.OQ,0.83167
2024-08-15,MITK.OQ,0.802
2024-08-16,PNFP.N,5.915
2024-08-28,PNFP.N,5.8375
2024-09-04,MITK.OQ,0.79833
2024-09-16,VRE.N,-0.205
2024-09-20,PNFP.N,5.8275
2024-09-25,PNFP.N,5.825
2024-09-26,PNFP.N,5.81917
2024-10-01,PNFP.N,5.87333
2024-10-01,STEL.N,2.02
2024-10-02,PNFP.N,5.87917
2024-10-07,MITK.OQ,0.82833
2024-10-09,RYZ.N,0.185
2024-10-09,PNFP.N,5.85818
2024-10-09,STEL.N,2.014
2024-10-13,RYZ.N,0.24
2024-10-16,PNFP.N,5.84091
2024-10-17,PNFP.N,5.85417
2024-10-21,PNFP.N,5.85182
2024-10-22,PNFP.N,5.858
2024-10-25,STEL.N,2.09
2024-10-28,STEL.N,2.144
2024-10-30,RYZ.N,-0.165
2024-10-31,RYZ.N,-0.525
2024-10-31,STEL.N,2.168
2024-11-01,VRE.N,-0.21
2024-11-15,PNFP.N,5.858
2024-12-03,STEL.N,2.17
2024-12-05,PNFP.N,5.859
2024-12-09,STEL.N,1.894
2024-12-17,PNFP.N,5.852
2024-12-17,MITK.OQ,0.87833
2024-12-17,VRE.N,-0.2
2024-12-17,VRE.N,-0.28
2024-12-18,STEL.N,2.166
2025-01-06,PNFP.N,5.855
2025-01-07,PNFP.N,5.852
2025-01-21,RYZ.N,-0.52
2025-01-21,PNFP.N,7.60682
2025-01-21,RYZ.N,1.025
2025-01-22,PNFP.N,7.63982
2025-01-23,PNFP.N,7.72736
2025-01-27,PNFP.N,7.79464
2025-01-31,STEL.N,1.852
2025-02-03,MITK.OQ,0.885
2025-02-03,STEL.N,1.8454
2025-02-11,MITK.OQ,0.88833
2025-02-23,RYZ.N,0.69
2025-02-26,VRE.N,-0.265
2025-03-10,PNFP.N,7.79864
2025-03-19,PNFP.N,7.79864
2025-04-01,PNFP.N,7.79682
2025-04-02,STEL.N,1.838
2025-04-04,VRE.N,-0.275
2025-04-07,PNFP.N,7.78491
2025-04-09,RYZ.N,0.665
2025-04-09,PNFP.N,7.77127
2025-04-15,PNFP.N,7.7502
2025-04-16,PNFP.N,7.7165
2025-04-21,PNFP.N,7.72944
2025-04-24,STEL.N,1.839
2025-04-25,STEL.N,1.824
2025-04-28,STEL.N,1.822
2025-04-30,STEL.N,1.836
2025-05-02,RYZ.N,0.53
2025-05-05,RYZ.N,0.445
2025-05-07,PNFP.N,7.7215
2025-05-09,MITK.OQ,0.88833
2025-05-12,PNFP.N,7.7215
2025-05-12,MITK.OQ,0.88
2025-05-15,MITK.OQ,0.872
2025-05-20,PNFP.N,7.73318
2025-05-27,MITK.OQ,0.865
2025-06-04,MITK.OQ,0.86667
2025-06-16,PNFP.N,7.74542
2025-06-17,VRE.N,-0.29
2025-06-19,RYZ.N,0.435
2025-07-01,PNFP.N,7.75142
2025-07-08,PNFP.N,7.7625
2025-07-09,RYZ.N,0.415
2025-07-10,PNFP.N,7.78333
2025-07-16,PNFP.N,7.92873
2025-07-17,PNFP.N,8.01127
2025-07-22,PNFP.N,8.0474
2025-07-24,VRE.N,-0.195
2025-07-25,PNFP.N,8.0526
2025-07-25,STEL.N,1.884
2025-07-28,STEL.N,1.916
2025-07-29,STEL.N,1.95
2025-07-30,RYZ.N,-0.08
2025-07-30,VRE.N,-0.09
2025-08-04,STEL.N,1.948
2025-08-05,PNFP.N,8.0393
2025-08-08,MITK.OQ,0.89
2025-08-11,MITK.OQ,0.89833
2025-09-02,PNFP.N,8.033
2025-09-16,RYZ.N,-0.09
2025-09-29,PNFP.N,8.02118
2025-10-01,PNFP.N,8.01936
2025-10-03,PNFP.N,8.01936
2025-10-08,RYZ.N,-0.165
2025-10-08,PNFP.N,8.01946
2025-10-09,STEL.N,1.953
2025-10-15,PNFP.N,7.99733
2025-10-16,PNFP.N,8.14208
2025-10-17,PNFP.N,8.24958
2025-10-20,PNFP.N,8.28075
2025-10-22,PNFP.N,8.3389
2025-10-24,STEL.N,1.9804
2025-10-26,STEL.N,1.9814
2025-10-27,VRE.N,0.64
2025-10-31,MITK.OQ,0.912
2025-10-31,MITK.OQ,1.088
2025-11-02,RYZ.N,-0.495
2025-11-05,PNFP.N,8.34082
2025-11-09,PNFP.N,8.35742
2025-12-04,VRE.N,-0.25
2025-12-08,PNFP.N,8.36262
2025-12-12,MITK.OQ,1.096
2025-12-15,MITK.OQ,1.018
2025-12-16,RYZ.N,-0.75
2025-12-16,STEL.N,1.988
2025-12-16,STEL.N,1.9974
2025-12-19,PNFP.N,8.367
2026-01-05,PNFP.N,8.40079
2026-01-06,PNFP.N,8.40364
2026-01-07,PNFP.N,8.40293
2026-01-09,PNFP.N,8.38536
2026-01-16,PNFP.N,8.3875
2026-01-21,PNFP.N,9.97856
2026-01-22,PNFP.N,10.05294
2026-01-23,PNFP.N,10.05917
2026-01-26,PNFP.N,10.11068
2026-01-27,PNFP.N,10.11437
2026-01-28,PNFP.N,10.1842
2026-01-30,PNFP.N,10.1842
2026-01-30,STEL.N,2.05275
2026-02-02,STEL.N,2.1085
2026-02-04,PNFP.N,10.19144
2026-02-04,STEL.N,2.217
2026-02-06,MITK.OQ,1.106
2026-02-07,STEL.N,2.0945
2026-02-08,RYZ.N,1.26
2026-02-08,RYZ.N,-1.215
2026-02-13,MITK.OQ,1.146
2026-02-22,RYZ.N,1.22
2026-02-23,PNFP.N,10.099
2026-02-25,RYZ.N,1.145
2026-03-13,PNFP.N,10.11461
2014-11-13,AMPH.OQ,-0.15333
2014-11-13,AMPH.OQ,-0.135
2014-12-15,SXC.N,0.39
2014-12-22,OIS.N,3.6575
2014-12-30,CVSA.N,2.82667
2015-01-07,SXC.N,0.38667
2015-01-07,OIS.N,3.62667
2015-01-08,SXC.N,0.38333
2015-01-08,CVSA.N,2.81818
2015-01-09,OIS.N,3.64
2015-01-11,OIS.N,3.62
2015-01-15,OIS.N,3.616
2015-01-28,CVSA.N,2.82182
2015-01-29,SXC.N,0.6725
2015-01-30,SXC.N,0.645
2015-02-03,SXC.N,0.63
2015-02-06,CVSA.N,2.59818
2015-02-07,SXC.N,0.58667
2015-02-17,OIS.N,2.53067
2015-02-17,OIS.N,3.616
2015-02-19,OIS.N,2.22118
2015-02-20,OIS.N,1.72818
2015-02-23,SXC.N,0.435
2015-02-23,OIS.N,1.71524
2015-02-24,OIS.N,1.63288
2015-02-26,OIS.N,1.59681
2015-03-03,OIS.N,1.57494
2015-03-06,OIS.N,1.55306
2015-03-09,OIS.N,1.54818
2015-03-24,OIS.N,1.54582
2015-03-25,AMPH.OQ,-0.075
2015-03-27,OIS.N,1.54606
2015-03-30,OIS.N,1.52439
2015-04-01,OIS.N,1.51272
2015-04-06,SXC.N,0.42
2015-04-07,SXC.N,0.415
2015-04-07,OIS.N,1.51494
2015-04-13,OIS.N,1.48439
2015-04-14,OIS.N,1.47328
2015-04-15,OIS.N,1.44328
2015-04-20,SXC.N,0.365
2015-04-20,OIS.N,1.43828
2015-04-21,OIS.N,1.42439
2015-04-23,SXC.N,0.3575
2015-04-23,CVSA.N,2.62
2015-04-24,CVSA.N,2.56111
2015-04-26,CVSA.N,2.55
2015-04-27,SXC.N,0.2975
2015-04-29,OIS.N,1.40883
2015-04-30,SXC.N,0.375
2015-04-30,OIS.N,1.35144
2015-05-01,OIS.N,1.21589
2015-05-04,OIS.N,1.172
2015-05-05,OIS.N,1.12256
2015-05-06,OIS.N,1.07663
2015-05-08,OIS.N,1.07682
2015-05-10,OIS.N,1.05859
2015-05-12,SXC.N,0.375
2015-05-13,AMPH.OQ,-0.29333
2015-05-13,OIS.N,1.04271
2015-05-14,AMPH.OQ,-0.3225
2015-05-15,CVSA.N,2.54625
2015-05-18,CVSA.N,2.54
2015-05-18,CVSA.N,2.48222
2015-05-29,OIS.N,1.05144
2015-06-02,AMPH.OQ,-0.366
2015-06-03,OIS.N,1.02922
2015-06-12,SXC.N,0.375
2015-06-17,OIS.N,1.01756
2015-06-18,OIS.N,0.81089
2015-06-19,AMPH.OQ,-0.364
2015-06-19,OIS.N,0.78256
2015-06-23,OIS.N,0.77977
2015-06-24,OIS.N,0.75271
2015-06-29,OIS.N,0.73506
2015-06-30,OIS.N,0.67163
2015-07-09,OIS.N,0.6635
2015-07-10,OIS.N,0.6644
2015-07-16,SXC.N,0.385
2015-07-22,SXC.N,-0.2
2015-07-29,OIS.N,0.6826
2015-07-30,OIS.N,0.7566
2015-08-03,OIS.N,0.76727
2015-08-04,OIS.N,0.74493
2015-08-10,AMPH.OQ,-0.362
2015-08-10,OIS.N,0.74393
2015-08-12,AMPH.OQ,-0.2725
2015-08-13,AMPH.OQ,-0.32
2015-08-17,SXC.N,-0.2
2015-08-18,SXC.N,-0.2
2015-08-19,OIS.N,0.73869
2015-08-19,CVSA.N,2.46556
2015-08-24,OIS.N,0.73744
2015-08-26,OIS.N,0.72993
2015-08-31,OIS.N,0.72593
2015-09-01,OIS.N,0.72127
2015-09-02,OIS.N,0.71927
2015-09-04,OIS.N,0.7176
2015-09-08,OIS.N,0.71093
2015-09-10,CVSA.N,2.46
2015-09-17,SXC.N,-0.005
2015-09-17,OIS.N,0.70627
2015-09-17,CVSA.N,2.45778
2015-09-18,OIS.N,0.70093
2015-09-18,CVSA.N,2.45444
2015-09-21,CVSA.N,2.45667
2015-09-22,CVSA.N,2.45889
2015-09-29,AMPH.OQ,-0.32333
2015-10-02,OIS.N,0.6956
2015-10-05,OIS.N,0.6756
2015-10-07,OIS.N,0.6656
2015-10-09,OIS.N,0.6616
2015-10-13,SXC.N,-0.245
2015-10-13,OIS.N,0.65427
2015-10-14,OIS.N,0.63627
2015-10-16,OIS.N,0.63088
2015-10-20,OIS.N,0.61775
2015-10-22,CVSA.N,2.43889
2015-10-23,CVSA.N,2.40444
2015-10-29,CVSA.N,2.3925
2015-10-30,OIS.N,0.63419
2015-11-02,OIS.N,0.68544
2015-11-03,OIS.N,0.69294
2015-11-05,OIS.N,0.70044
2015-11-06,OIS.N,0.69982
2015-11-12,AMPH.OQ,-0.30333
2015-11-13,AMPH.OQ,-0.25667
2015-11-16,AMPH.OQ,-0.19333
2015-11-26,OIS.N,0.70044
2015-12-14,OIS.N,0.69335
2015-12-18,CVSA.N,2.39375
2015-12-21,OIS.N,0.69088
2016-01-05,OIS.N,0.68794
2016-01-13,OIS.N,0.68971
2016-01-14,OIS.N,0.68853
2016-01-15,OIS.N,0.68844
2016-01-19,OIS.N,0.69833
2016-01-20,OIS.N,0.69567
2016-01-21,OIS.N,0.69433
2016-01-27,OIS.N,-0.32985
2016-01-28,SXC.N,0.14
2016-01-29,SXC.N,0.154
2016-02-01,SXC.N,0.258
2016-02-02,CVSA.N,2.37089
2016-02-04,SXC.N,0.1975
2016-02-04,CVSA.N,2.37311
2016-02-05,CVSA.N,2.315
2016-02-08,CVSA.N,2.3
2016-02-18,OIS.N,-0.3894
2016-02-19,AMPH.OQ,-0.165
2016-02-19,OIS.N,-0.6374
2016-02-22,OIS.N,-0.7279
2016-02-23,OIS.N,-0.7439
2016-02-24,OIS.N,-0.79358
2016-02-25,SXC.N,0.1975
2016-02-26,OIS.N,-0.79267
2016-02-29,OIS.N,-0.79358
2016-03-01,CVSA.N,2.29375
2016-03-07,OIS.N,-0.79884
2016-03-10,OIS.N,-0.802
2016-03-11,OIS.N,-0.80726
2016-03-14,AMPH.OQ,-0.02
2016-03-14,OIS.N,-0.80674
2016-03-15,AMPH.OQ,-0.01
2016-03-28,OIS.N,-0.80726
2016-04-01,OIS.N,-0.80884
2016-04-04,OIS.N,-0.81779
2016-04-07,SXC.N,0.2925
2016-04-07,CVSA.N,2.29
2016-04-12,OIS.N,-0.82674
2016-04-13,OIS.N,-0.82674
2016-04-13,CVSA.N,2.29
2016-04-19,OIS.N,-0.832
2016-04-19,CVSA.N,2.30286
2016-04-25,OIS.N,-0.85674
2016-04-28,SXC.N,0.27
2016-04-28,OIS.N,-0.89878
2016-04-29,SXC.N,0.075
2016-04-29,OIS.N,-0.99572
2016-05-03,OIS.N,-1.0135
2016-05-04,OIS.N,-1.04887
2016-05-06,CVSA.N,2.35714
2016-05-09,AMPH.OQ,0.02
2016-05-09,CVSA.N,2.37143
2016-05-10,AMPH.OQ,0.1125
2016-05-10,OIS.N,-1.049
2016-05-16,CVSA.N,2.37667
2016-05-20,OIS.N,-1.04794
2016-06-01,OIS.N,-1.05
2016-06-17,OIS.N,-1.05222
2016-06-21,OIS.N,-1.05556
2016-06-28,AMPH.OQ,0.126
2016-06-29,OIS.N,-1.06
2016-07-01,OIS.N,-1.06222
2016-07-11,OIS.N,-1.06778
2016-07-12,OIS.N,-1.07333
2016-07-14,OIS.N,-1.07056
2016-07-15,SXC.N,0.08
2016-07-18,OIS.N,-1.07889
2016-07-20,OIS.N,-1.08389
2016-07-22,AMPH.OQ,0.116
2016-07-27,OIS.N,-1.008
2016-07-28,SXC.N,0.05
2016-07-28,OIS.N,-0.973
2016-07-29,OIS.N,-0.96847
2016-08-02,SXC.N,0.01
2016-08-02,OIS.N,-0.9565
2016-08-08,AMPH.OQ,0.178
2016-08-08,OIS.N,-0.95377
2016-08-09,SXC.N,0.06
2016-08-09,AMPH.OQ,0.28
2016-08-10,OIS.N,-0.953
2016-08-12,OIS.N,-0.94729
2016-08-15,AMPH.OQ,0.372
2016-08-16,OIS.N,-0.94522
2016-08-18,CVSA.N,2.45157
2016-08-19,CVSA.N,2.52871
2016-08-24,CVSA.N,2.52871
2016-09-05,AMPH.OQ,0.368
2016-09-26,OIS.N,-0.94467
2016-09-29,OIS.N,-0.94284
2016-10-13,SXC.N,-0.03
2016-10-13,OIS.N,-0.94337
2016-10-14,OIS.N,-0.94284
2016-10-21,SXC.N,0.07
2016-10-24,OIS.N,-0.94074
2016-10-24,CVSA.N,2.52683
2016-10-28,OIS.N,-0.93611
2016-10-31,OIS.N,-0.90256
2016-11-01,OIS.N,-0.89256
2016-11-01,CVSA.N,2.5285
2016-11-02,OIS.N,-0.887
2016-11-02,CVSA.N,2.55
2016-11-03,OIS.N,-0.88311
2016-11-04,CVSA.N,2.548
2016-11-08,AMPH.OQ,0.41167
2016-11-09,AMPH.OQ,0.47167
2016-11-14,OIS.N,-0.87978
2016-12-14,CVSA.N,2.54667
2016-12-15,SXC.N,0.06
2016-12-15,AMPH.OQ,0.46833
2016-12-16,OIS.N,-0.87922
2016-12-16,CVSA.N,2.54667
2016-12-21,OIS.N,-0.87589
2016-12-23,OIS.N,-0.87533
2017-01-03,OIS.N,-0.87422
2017-01-04,OIS.N,-0.87317
2017-01-09,OIS.N,-0.87206
2017-01-17,SXC.N,0.0
2017-01-18,OIS.N,-0.87563
2017-01-18,CVSA.N,2.54833
2017-01-19,OIS.N,-0.55905
2017-01-19,SXC.N,0.38
2017-01-19,OIS.N,-0.87142
2017-01-27,SXC.N,0.185
2017-01-30,SXC.N,-0.01
2017-02-02,CVSA.N,2.565
2017-02-03,CVSA.N,2.66043
2017-02-16,OIS.N,-0.58705
2017-02-17,OIS.N,-0.61455
2017-02-21,OIS.N,-0.61705
2017-02-22,OIS.N,-0.68059
2017-02-23,OIS.N,-0.67222
2017-02-24,OIS.N,-0.6769
2017-02-27,OIS.N,-0.66755
2017-03-02,OIS.N,-0.67255
2017-03-13,AMPH.OQ,0.47333
2017-03-14,AMPH.OQ,0.39833
2017-03-27,CVSA.N,2.66186
2017-04-03,OIS.N,-0.68205
2017-04-09,OIS.N,-0.6751
2017-04-12,OIS.N,-0.6746
2017-04-13,CVSA.N,2.67333
2017-04-17,OIS.N,-0.6716
2017-04-20,OIS.N,-0.6631
2017-04-26,SXC.N,-0.005
2017-04-26,AMPH.OQ,0.395
2017-04-27,OIS.N,-0.6611
2017-04-28,OIS.N,-0.70465
2017-05-01,OIS.N,-0.74115
2017-05-02,OIS.N,-0.75165
2017-05-03,OIS.N,-0.77144
2017-05-04,OIS.N,-0.77135
2017-05-04,CVSA.N,2.68167
2017-05-05,CVSA.N,2.7
2017-05-08,AMPH.OQ,0.36833
2017-05-08,OIS.N,-0.78253
2017-05-08,CVSA.N,2.70167
2017-05-09,AMPH.OQ,0.36333
2017-05-10,OIS.N,-0.78628
2017-05-11,CVSA.N,2.694
2017-05-17,AMPH.OQ,0.35833
2017-05-29,OIS.N,-0.787
2017-05-31,CVSA.N,2.69
2017-06-15,OIS.N,-0.79015
2017-06-21,OIS.N,-0.78665
2017-06-27,OIS.N,-0.77565
2017-07-03,OIS.N,-0.77415
2017-07-07,OIS.N,-0.77615
2017-07-10,OIS.N,-0.78365
2017-07-13,OIS.N,-0.78565
2017-07-14,OIS.N,-0.80165
2017-07-18,SXC.N,-0.03
2017-07-19,OIS.N,-0.80565
2017-07-20,OIS.N,-0.80915
2017-07-31,SXC.N,-0.34
2017-07-31,OIS.N,-0.84615
2017-08-01,OIS.N,-0.93521
2017-08-02,OIS.N,-0.94153
2017-08-03,OIS.N,-0.94679
2017-08-04,OIS.N,-0.95468
2017-08-07,OIS.N,-0.97416
2017-08-09,AMPH.OQ,0.35333
2017-08-10,AMPH.OQ,0.34333
2017-08-11,AMPH.OQ,0.27167
2017-08-11,OIS.N,-0.97095
2017-08-15,CVSA.N,2.855
2017-08-18,CVSA.N,2.876
2017-09-12,OIS.N,-0.96545
2017-09-14,CVSA.N,2.876
2017-10-02,OIS.N,-0.96795
2017-10-06,OIS.N,-0.97045
2017-10-09,OIS.N,-0.96995
2017-10-11,OIS.N,-0.97195
2017-10-12,OIS.N,-0.87295
2017-10-13,OIS.N,-0.8756
2017-10-18,OIS.N,-0.88555
2017-10-19,OIS.N,-0.8978
2017-10-20,OIS.N,-0.9053
2017-10-23,OIS.N,-1.0098
2017-10-27,OIS.N,-1.0163
2017-10-30,SXC.N,-0.16
2017-10-30,OIS.N,-1.06725
2017-11-01,OIS.N,-1.07125
2017-11-02,OIS.N,-1.08816
2017-11-02,CVSA.N,2.838
2017-11-03,CVSA.N,2.808
2017-11-06,OIS.N,-1.09447
2017-11-06,CVSA.N,2.794
2017-11-08,AMPH.OQ,0.285
2017-11-08,OIS.N,-1.09575
2017-11-09,AMPH.OQ,0.25667
2017-11-22,OIS.N,-1.10025
2017-12-14,OIS.N,-1.10075
2017-12-18,OIS.N,-1.10119
2017-12-21,OIS.N,-1.10214
2018-01-05,OIS.N,-1.10119
2018-01-16,SXC.N,0.165
2018-01-16,OIS.N,-1.10071
2018-01-26,AMPH.OQ,0.25333
2018-02-02,SXC.N,0.205
2018-02-02,OIS.N,-1.10119
2018-02-05,CVSA.N,2.796
2018-02-06,CVSA.N,2.824
2018-02-07,CVSA.N,2.78167
2018-02-08,OIS.N,-1.1025
2018-02-08,OIS.N,-0.25059
2018-02-15,OIS.N,-0.2686
2018-02-16,OIS.N,-0.23512
2018-02-20,OIS.N,-0.23447
2018-02-21,OIS.N,-0.23816
2018-03-06,SXC.N,0.26
2018-03-07,OIS.N,-0.2451
2018-03-12,AMPH.OQ,0.59333
2018-03-13,AMPH.OQ,0.60333
2018-03-13,OIS.N,-0.23958
2018-03-15,OIS.N,-0.21956
2018-03-16,OIS.N,-0.22274
2018-03-20,OIS.N,-0.23116
2018-04-03,SXC.N,0.29
2018-04-03,OIS.N,-0.23326
2018-04-05,OIS.N,-0.23063
2018-04-10,OIS.N,-0.22379
2018-04-12,OIS.N,-0.208
2018-04-13,OIS.N,-0.18958
2018-04-16,OIS.N,-0.20274
2018-04-17,OIS.N,-0.20274
2018-04-19,OIS.N,-0.20432
2018-04-26,OIS.N,-0.15537
2018-04-27,SXC.N,0.32333
2018-04-27,OIS.N,0.00579
2018-04-30,OIS.N,0.11526
2018-05-01,OIS.N,0.13737
2018-05-02,OIS.N,0.19733
2018-05-04,CVSA.N,2.77333
2018-05-07,OIS.N,0.23067
2018-05-07,CVSA.N,2.76833
2018-05-08,OIS.N,0.24777
2018-05-09,AMPH.OQ,0.49333
2018-05-09,OIS.N,0.24122
2018-05-10,AMPH.OQ,0.385
2018-05-10,CVSA.N,2.768
2018-05-18,OIS.N,0.23129
2018-05-24,OIS.N,0.23165
2018-05-29,OIS.N,0.23165
2018-05-29,CVSA.N,2.76333
2018-06-25,OIS.N,0.23613
2018-06-28,OIS.N,0.233
2018-06-29,OIS.N,0.22675
2018-07-02,AMPH.OQ,0.38
2018-07-02,OIS.N,0.22925
2018-07-05,OIS.N,0.2372
2018-07-12,OIS.N,0.2352
2018-07-13,OIS.N,0.2432
2018-07-18,AMPH.OQ,0.37667
2018-07-27,SXC.N,0.28
2018-07-30,OIS.N,0.215
2018-07-31,OIS.N,0.14333
2018-08-06,OIS.N,0.13917
2018-08-08,AMPH.OQ,0.355
2018-08-09,AMPH.OQ,0.27
2018-08-10,OIS.N,0.14273
2018-08-16,CVSA.N,3.01833
2018-08-17,CVSA.N,2.89
2018-08-19,CVSA.N,2.855
2018-08-23,CVSA.N,2.776
2018-09-06,CVSA.N,2.776
2018-09-10,OIS.N,0.13917
2018-09-11,SXC.N,0.285
2018-09-14,OIS.N,0.1275
2018-09-18,OIS.N,0.1275
2018-09-20,OIS.N,0.125
2018-09-23,CVSA.N,2.774
2018-10-03,OIS.N,0.13273
2018-10-09,OIS.N,0.12455
2018-10-17,OIS.N,0.1025
2018-10-18,OIS.N,0.026
2018-10-19,OIS.N,0.01417
2018-10-25,SXC.N,0.38
2018-10-26,CVSA.N,2.774
2018-10-29,OIS.N,0.0025
2018-10-30,OIS.N,-0.02873
2018-11-01,CVSA.N,2.802
2018-11-02,CVSA.N,2.834
2018-11-05,OIS.N,-0.0516
2018-11-08,AMPH.OQ,0.23
2018-11-08,CVSA.N,2.8475
2018-11-09,SXC.N,0.425
2018-11-09,AMPH.OQ,0.20167
2018-11-19,OIS.N,-0.05327
2018-12-03,OIS.N,-0.0516
2018-12-11,OIS.N,-0.0546
2018-12-13,OIS.N,-0.0566
2018-12-19,OIS.N,-0.0606
2019-01-16,SXC.N,0.39
2019-01-17,OIS.N,-0.0612
2019-01-22,AMPH.OQ,0.2
2019-02-06,OIS.N,-0.09453
2019-02-06,SXC.N,0.56667
2019-02-06,OIS.N,-0.0642
2019-02-07,CVSA.N,2.8425
2019-02-08,CVSA.N,2.8475
2019-02-12,SXC.N,0.63067
2019-02-14,OIS.N,-0.25365
2019-02-15,OIS.N,-0.30718
2019-02-18,CVSA.N,2.85
2019-02-19,OIS.N,-0.41913
2019-02-21,OIS.N,-0.42631
2019-03-04,OIS.N,-0.45525
2019-03-05,OIS.N,-0.48306
2019-03-12,AMPH.OQ,0.62
2019-03-13,AMPH.OQ,0.31667
2019-03-13,OIS.N,-0.48312
2019-03-27,OIS.N,-0.47724
2019-03-29,OIS.N,-0.48488
2019-04-04,OIS.N,-0.48135
2019-04-05,OIS.N,-0.47794
2019-04-08,OIS.N,-0.49217
2019-04-10,OIS.N,-0.48383
2019-04-15,OIS.N,-0.481
2019-04-17,SXC.N,0.57667
2019-04-24,OIS.N,-0.47982
2019-04-25,OIS.N,-0.48592
2019-04-26,SXC.N,0.6
2019-04-26,OIS.N,-0.45875
2019-04-29,OIS.N,-0.40708
2019-04-30,SXC.N,0.52333
2019-05-02,CVSA.N,2.846
2019-05-03,CVSA.N,2.836
2019-05-06,OIS.N,-0.39025
2019-05-09,AMPH.OQ,0.29833
2019-05-09,CVSA.N,2.83
2019-05-10,AMPH.OQ,0.30667
2019-05-13,OIS.N,-0.37525
2019-05-14,SXC.N,0.58
2019-05-14,OIS.N,-0.35692
2019-05-14,CVSA.N,2.832
2019-05-16,CVSA.N,2.828
2019-06-03,OIS.N,-0.3675
2019-06-25,OIS.N,-0.36636
2019-06-27,OIS.N,-0.37727
2019-07-01,SXC.N,0.52
2019-07-09,SXC.N,0.64667
2019-07-09,OIS.N,-0.38182
2019-07-11,OIS.N,-0.39
2019-07-15,SXC.N,0.59
2019-07-15,OIS.N,-0.40364
2019-07-16,OIS.N,-0.43182
2019-07-18,OIS.N,-0.441
2019-07-29,OIS.N,-0.49025
2019-07-30,OIS.N,-0.52775
2019-07-31,SXC.N,0.435
2019-07-31,OIS.N,-0.54275
2019-07-31,CVSA.N,2.83
2019-08-05,OIS.N,-0.55108
2019-08-07,AMPH.OQ,0.32167
2019-08-08,AMPH.OQ,0.345
2019-08-08,OIS.N,-0.55936
2019-08-14,OIS.N,-0.55108
2019-08-22,CVSA.N,3.0625
2019-08-23,CVSA.N,2.9025
2019-09-03,OIS.N,-0.54792
2019-09-05,OIS.N,-0.551
2019-09-12,OIS.N,-0.55362
2019-09-12,CVSA.N,2.932
2019-09-25,OIS.N,-0.56264
2019-10-02,SXC.N,0.475
2019-10-07,OIS.N,-0.5655
2019-10-08,OIS.N,-0.57479
2019-10-09,OIS.N,-0.57113
2019-10-11,OIS.N,-0.58731
2019-10-14,OIS.N,-0.59056
2019-10-24,OIS.N,-0.59681
2019-10-25,OIS.N,-0.57181
2019-10-28,OIS.N,-0.58193
2019-10-29,CVSA.N,2.905
2019-10-30,CVSA.N,2.6575
2019-10-31,OIS.N,-0.58391
2019-11-03,OIS.N,-0.58108
2019-11-05,OIS.N,-0.58223
2019-11-05,CVSA.N,2.52333
2019-11-06,SXC.N,0.375
2019-11-07,AMPH.OQ,0.32
2019-11-08,AMPH.OQ,0.3345
2019-11-12,AMPH.OQ,0.34617
2019-11-12,CVSA.N,2.48333
2019-11-15,OIS.N,-0.58146
2019-12-04,OIS.N,-0.58025
2019-12-05,AMPH.OQ,0.34783
2019-12-09,OIS.N,-0.57942
2019-12-16,OIS.N,-0.57639
2019-12-31,SXC.N,0.41
2019-12-31,OIS.N,-0.57642
2020-01-23,OIS.N,-0.58558
2020-01-24,OIS.N,-0.61462
2020-01-24,CVSA.N,2.47667
2020-01-27,OIS.N,-0.6375
2020-01-29,SXC.N,0.365
2020-01-30,SXC.N,0.475
2020-01-31,OIS.N,-0.23786
2020-01-31,OIS.N,-0.63727
2020-02-04,CVSA.N,2.475
2020-02-05,CVSA.N,2.46
2020-02-06,SXC.N,0.47
2020-02-20,OIS.N,-0.30143
2020-02-21,OIS.N,-0.38786
2020-02-24,OIS.N,-0.45
2020-02-26,OIS.N,-0.46385
2020-03-01,OIS.N,-0.45227
2020-03-09,OIS.N,-0.4936
2020-03-12,AMPH.OQ,0.639
2020-03-12,OIS.N,-0.486
2020-03-13,AMPH.OQ,0.56883
2020-03-16,OIS.N,-0.69457
2020-03-17,OIS.N,-0.73679
2020-03-20,OIS.N,-0.7725
2020-03-24,SXC.N,0.44667
2020-03-26,OIS.N,-0.84036
2020-04-03,OIS.N,-0.84464
2020-04-06,OIS.N,-0.85036
2020-04-07,OIS.N,-0.8825
2020-04-08,SXC.N,0.40667
2020-04-09,OIS.N,-0.90036
2020-04-12,OIS.N,-0.96964
2020-04-14,OIS.N,-1.0725
2020-04-15,OIS.N,-1.12321
2020-04-20,AMPH.OQ,0.55383
2020-04-22,CVSA.N,2.46
2020-04-29,OIS.N,-1.19179
2020-04-30,AMPH.OQ,0.5505
2020-04-30,OIS.N,-1.30629
2020-05-01,AMPH.OQ,0.55043
2020-05-01,OIS.N,-1.316
2020-05-04,OIS.N,-1.33233
2020-05-05,CVSA.N,2.42
2020-05-06,OIS.N,-1.40309
2020-05-06,CVSA.N,2.385
2020-05-07,AMPH.OQ,0.56186
2020-05-08,AMPH.OQ,0.599
2020-05-08,OIS.N,-1.41283
2020-05-11,SXC.N,0.09667
2020-05-11,AMPH.OQ,0.61571
2020-05-19,OIS.N,-1.41783
2020-05-20,CVSA.N,2.3825
2020-05-23,SXC.N,0.045
2020-05-29,OIS.N,-1.41233
2020-07-01,OIS.N,-1.414
2020-07-07,OIS.N,-1.42817
2020-07-13,OIS.N,-1.40446
2020-07-14,SXC.N,-0.22
2020-07-14,CVSA.N,2.3525
2020-07-15,OIS.N,-1.40018
2020-07-30,OIS.N,-1.34882
2020-07-31,OIS.N,-1.25882
2020-08-03,OIS.N,-1.25155
2020-08-04,SXC.N,0.045
2020-08-05,OIS.N,-1.265
2020-08-07,AMPH.OQ,0.62429
2020-08-10,AMPH.OQ,0.62114
2020-08-12,OIS.N,-1.24
2020-08-14,OIS.N,-1.17
2020-08-18,CVSA.N,2.8225
2020-08-19,CVSA.N,2.7275
2020-09-09,OIS.N,-1.17625
2020-09-11,CVSA.N,2.76
2020-09-15,OIS.N,-1.17625
2020-09-16,CVSA.N,2.67667
2020-10-05,AMPH.OQ,0.624
2020-10-08,SXC.N,0.04
2020-10-14,OIS.N,-1.1775
2020-10-16,OIS.N,-1.17625
2020-10-22,AMPH.OQ,0.64114
2020-10-27,OIS.N,-1.1775
2020-10-30,OIS.N,-1.17125
2020-11-02,OIS.N,-1.13
2020-11-03,OIS.N,-1.05167
2020-11-03,CVSA.N,2.66
2020-11-06,AMPH.OQ,0.634
2020-11-06,CVSA.N,2.90667
2020-11-09,SXC.N,-0.04
2020-11-09,AMPH.OQ,0.60833
2020-11-09,CVSA.N,2.905
2020-11-10,AMPH.OQ,0.60333
2020-11-17,CVSA.N,2.90667
2020-11-30,SXC.N,-0.04
2020-12-02,OIS.N,-1.05167
2021-01-07,CVSA.N,2.92333
2021-01-08,AMPH.OQ,0.605
2021-01-13,OIS.N,-1.05167
2021-01-20,SXC.N,0.33
2021-01-29,OIS.N,-1.034
2021-02-02,CVSA.N,2.94667
2021-02-03,OIS.N,-0.84111
2021-02-03,OIS.N,-1.036
2021-02-03,CVSA.N,2.9825
2021-02-05,SXC.N,0.35
2021-02-08,SXC.N,0.4
2021-02-10,CVSA.N,2.98
2021-02-18,OIS.N,-0.79889
2021-02-19,OIS.N,-0.74778
2021-02-22,OIS.N,-0.6825
2021-02-26,OIS.N,-0.64125
2021-03-01,OIS.N,-0.6425
2021-03-02,OIS.N,-0.70667
2021-03-11,OIS.N,-0.7
2021-03-12,OIS.N,-0.72
2021-03-15,AMPH.OQ,1.095
2021-03-16,AMPH.OQ,0.94286
2021-03-19,OIS.N,-0.726
2021-03-24,OIS.N,-0.85111
2021-04-09,OIS.N,-0.85222
2021-04-29,SXC.N,0.405
2021-04-29,OIS.N,-0.84222
2021-04-29,CVSA.N,2.97
2021-04-30,SXC.N,0.465
2021-04-30,OIS.N,-0.805
2021-04-30,CVSA.N,2.97333
2021-05-03,OIS.N,-0.79143
2021-05-06,AMPH.OQ,0.96143
2021-05-07,AMPH.OQ,0.99571
2021-05-11,OIS.N,-0.73333
2021-05-21,OIS.N,-0.70833
2021-06-17,OIS.N,-0.714
2021-07-13,AMPH.OQ,0.98833
2021-07-30,SXC.N,0.44
2021-07-30,OIS.N,-0.7125
2021-08-02,SXC.N,0.43
2021-08-03,OIS.N,-0.7075
2021-08-04,OIS.N,-0.69333
2021-08-09,AMPH.OQ,0.99
2021-08-10,AMPH.OQ,1.01667
2021-08-11,OIS.N,-0.69333
2021-08-12,OIS.N,-0.71333
2021-08-16,AMPH.OQ,1.01333
2021-08-19,OIS.N,-0.7275
2021-08-19,CVSA.N,3.785
2021-08-20,CVSA.N,4.31667
2021-08-24,CVSA.N,4.27333
2021-08-27,OIS.N,-0.728
2021-09-03,CVSA.N,4.27333
2021-09-16,CVSA.N,4.28
2021-10-18,CVSA.N,4.29667
2021-11-01,OIS.N,-0.742
2021-11-02,SXC.N,0.58
2021-11-02,OIS.N,-0.748
2021-11-02,SXC.N,0.575
2021-11-03,CVSA.N,4.23
2021-11-04,CVSA.N,4.05
2021-11-05,AMPH.OQ,1.022
2021-11-08,AMPH.OQ,1.088
2021-11-08,OIS.N,-0.775
2021-11-09,AMPH.OQ,1.28
2021-11-15,OIS.N,-0.22267
2021-11-15,OIS.N,-0.78
2021-11-29,NRDS.OQ,-0.8
2021-12-05,AMPH.OQ,1.28
2021-12-30,AMPH.OQ,1.28167
2022-01-25,AMPH.OQ,1.27833
2022-02-02,SXC.N,0.77
2022-02-08,CVSA.N,3.66
2022-02-09,CVSA.N,2.84
2022-02-17,OIS.N,-0.22933
2022-02-18,OIS.N,-0.226
2022-02-22,NRDS.OQ,-0.81833
2022-02-23,OIS.N,-0.2012
2022-02-24,NRDS.OQ,-0.42833
2022-02-25,NRDS.OQ,-0.4
2022-03-02,OIS.N,-0.21933
2022-03-04,OIS.N,-0.20767
2022-03-10,AMPH.OQ,1.55167
2022-03-11,AMPH.OQ,1.57
2022-03-11,OIS.N,-0.245
2022-03-11,CVSA.N,2.91
2022-03-14,AMPH.OQ,1.62
2022-03-31,OIS.N,-0.242
2022-04-08,AMPH.OQ,1.64667
2022-04-29,OIS.N,-0.212
2022-05-02,OIS.N,-0.2
2022-05-03,SXC.N,1.015
2022-05-03,NRDS.OQ,-0.34667
2022-05-04,NRDS.OQ,-0.34714
2022-05-04,OIS.N,-0.1975
2022-05-05,OIS.N,-0.16
2022-05-05,CVSA.N,3.045
2022-05-06,CVSA.N,3.21
2022-05-09,AMPH.OQ,1.65833
2022-05-10,AMPH.OQ,1.68667
2022-05-16,AMPH.OQ,1.67167
2022-05-16,OIS.N,-0.2
2022-05-23,AMPH.OQ,1.684
2022-06-10,AMPH.OQ,1.7075
2022-07-20,OIS.N,-0.21
2022-07-28,OIS.N,-0.2
2022-07-29,AMPH.OQ,1.684
2022-07-29,OIS.N,-0.1975
2022-08-03,SXC.N,0.905
2022-08-03,NRDS.OQ,-0.34286
2022-08-03,OIS.N,-0.15667
2022-08-04,NRDS.OQ,-0.36857
2022-08-05,NRDS.OQ,-0.43833
2022-08-08,AMPH.OQ,1.666
2022-08-09,SXC.N,0.895
2022-08-09,AMPH.OQ,1.706
2022-08-09,NRDS.OQ,-0.46333
2022-08-11,OIS.N,-0.17
2022-08-11,CVSA.N,4.21
2022-08-12,CVSA.N,4.2
2022-08-15,AMPH.OQ,1.714
2022-08-18,CVSA.N,4.05
2022-09-15,CVSA.N,4.06
2022-10-06,OIS.N,-0.17
2022-10-13,CVSA.N,4.06
2022-10-20,AMPH.OQ,1.72133
2022-10-24,AMPH.OQ,1.69633
2022-10-31,NRDS.OQ,-0.44333
2022-10-31,OIS.N,-0.135
2022-11-01,SXC.N,1.03
2022-11-02,SXC.N,1.19
2022-11-02,NRDS.OQ,-0.31714
2022-11-03,NRDS.OQ,-0.21857
2022-11-03,CVSA.N,4.01333
2022-11-04,OIS.N,-0.14333
2022-11-07,AMPH.OQ,1.683
2022-11-07,NRDS.OQ,-0.18714
2022-11-08,AMPH.OQ,1.63883
2022-11-15,SXC.N,0.715
2022-11-18,OIS.N,0.29
2022-11-18,OIS.N,-0.1575
2022-12-06,NRDS.OQ,-0.18857
2023-02-02,CVSA.N,4.04667
2023-02-03,SXC.N,0.745
2023-02-03,CVSA.N,4.08667
2023-02-06,SXC.N,0.76
2023-02-08,AMPH.OQ,1.6526
2023-02-08,AMPH.OQ,1.8328
2023-02-14,NRDS.OQ,0.02429
2023-02-15,NRDS.OQ,0.06286
2023-02-20,OIS.N,0.305
2023-02-23,OIS.N,0.335
2023-02-28,OIS.N,0.32333
2023-03-01,AMPH.OQ,1.94567
2023-03-02,AMPH.OQ,2.02333
2023-03-27,OIS.N,0.325
2023-04-13,NRDS.OQ,0.05571
2023-04-24,AMPH.OQ,2.05833
2023-04-28,AMPH.OQ,2.072
2023-05-01,OIS.N,0.33
2023-05-02,NRDS.OQ,0.06857
2023-05-03,NRDS.OQ,0.08
2023-05-03,CVSA.N,4.15667
2023-05-04,OIS.N,0.34
2023-05-08,SXC.N,0.78
2023-05-09,AMPH.OQ,2.138
2023-05-10,AMPH.OQ,2.296
2023-05-16,AMPH.OQ,2.4125
2023-05-23,SXC.N,0.775
2023-06-13,AMPH.OQ,2.44667
2023-06-14,AMPH.OQ,2.48667
2023-06-20,SXC.N,1.275
2023-06-27,SXC.N,0.775
2023-06-29,NRDS.OQ,0.06833
2023-07-09,OIS.N,0.31333
2023-07-19,AMPH.OQ,2.57
2023-07-25,AMPH.OQ,2.575
2023-07-27,OIS.N,0.29
2023-07-28,OIS.N,0.26333
2023-07-30,OIS.N,0.25
2023-08-02,SXC.N,0.78
2023-08-02,NRDS.OQ,-0.06333
2023-08-03,SXC.N,0.79
2023-08-03,NRDS.OQ,-0.10167
2023-08-08,AMPH.OQ,2.61
2023-08-09,AMPH.OQ,2.64475
2023-08-10,CVSA.N,4.31333
2023-08-11,AMPH.OQ,2.6995
2023-08-21,OIS.N,0.2475
2023-09-06,OIS.N,0.246
2023-10-04,OIS.N,0.24
2023-10-26,NRDS.OQ,-0.05833
2023-10-27,NRDS.OQ,-0.04
2023-10-27,CVSA.N,4.36333
2023-10-30,OIS.N,0.218
2023-11-02,SXC.N,0.72
2023-11-02,NRDS.OQ,-0.018
2023-11-03,OIS.N,0.21333
2023-11-07,SXC.N,0.59
2023-11-07,SXC.N,0.65
2023-11-08,AMPH.OQ,2.847
2023-11-09,AMPH.OQ,3.21225
2023-11-13,AMPH.OQ,3.336
2023-11-13,OIS.N,0.202
2023-11-17,AMPH.OQ,3.3528
2023-12-01,AMPH.OQ,3.3558
2024-01-07,OIS.N,0.2
2024-01-11,OIS.N,0.196
2024-01-30,CVSA.N,4.45
2024-01-31,CVSA.N,4.65
2024-02-02,SXC.N,0.67
2024-02-06,SXC.N,0.855
2024-02-14,NRDS.OQ,0.27833
2024-02-15,NRDS.OQ,0.235
2024-02-20,OIS.N,0.324
2024-02-21,OIS.N,0.3
2024-02-27,OIS.N,0.28667
2024-02-28,AMPH.OQ,3.3838
2024-02-29,AMPH.OQ,3.6234
2024-03-04,AMPH.OQ,3.582
2024-03-05,AMPH.OQ,3.61167
2024-03-11,NRDS.OQ,0.24
2024-03-11,OIS.N,0.2825
2024-03-15,AMPH.OQ,3.75667
2024-04-09,AMPH.OQ,3.745
2024-04-12,AMPH.OQ,3.755
2024-04-15,OIS.N,0.2775
2024-04-17,AMPH.OQ,3.61833
2024-04-25,NRDS.OQ,0.23333
2024-04-26,NRDS.OQ,0.22817
2024-04-26,OIS.N,0.265
2024-04-29,AMPH.OQ,3.6
2024-04-29,OIS.N,0.22333
2024-05-02,SXC.N,0.84
2024-05-02,CVSA.N,4.75333
2024-05-03,OIS.N,0.2
2024-05-03,CVSA.N,4.93
2024-05-03,CVSA.N,5.65
2024-05-05,OIS.N,0.22333
2024-05-07,SXC.N,0.86
2024-05-08,AMPH.OQ,3.66
2024-05-09,AMPH.OQ,3.75167
2024-05-10,AMPH.OQ,3.795
2024-07-10,AMPH.OQ,3.74667
2024-07-14,OIS.N,0.19
2024-07-24,AMPH.OQ,3.74333
2024-07-30,OIS.N,0.2
2024-07-31,NRDS.OQ,0.2398
2024-08-01,SXC.N,0.92
2024-08-01,NRDS.OQ,0.064
2024-08-04,NRDS.OQ,0.01
2024-08-05,OIS.N,0.215
2024-08-07,AMPH.OQ,3.93
2024-08-07,CVSA.N,5.62333
2024-08-08,AMPH.OQ,3.96883
2024-08-08,CVSA.N,5.74667
2024-08-26,OIS.N,0.19333
2024-08-29,OIS.N,0.215
2024-10-14,OIS.N,0.195
2024-10-16,AMPH.OQ,3.99383
2024-10-22,AMPH.OQ,3.99
2024-10-23,AMPH.OQ,3.98333
2024-10-25,NRDS.OQ,0.008
2024-10-29,NRDS.OQ,-0.05
2024-10-29,CVSA.N,5.78667
2024-10-30,NRDS.OQ,-0.0965
2024-10-30,OIS.N,0.19
2024-10-30,CVSA.N,5.89
2024-10-31,OIS.N,0.155
2024-11-01,AMPH.OQ,3.964
2024-11-05,SXC.N,0.985
2024-11-06,AMPH.OQ,3.9
2024-11-07,SXC.N,1.085
2024-11-07,AMPH.OQ,3.924
2024-11-07,SXC.N,0.755
2024-11-12,AMPH.OQ,3.9
2024-11-22,AMPH.OQ,3.89
2025-01-06,OIS.N,0.145
2025-01-30,CVSA.N,6.02333
2025-01-31,SXC.N,0.72
2025-01-31,CVSA.N,6.12333
2025-02-03,AMPH.OQ,3.87833
2025-02-03,CVSA.N,6.25
2025-02-05,AMPH.OQ,3.87133
2025-02-19,NRDS.OQ,0.34
2025-02-20,NRDS.OQ,0.336
2025-02-21,OIS.N,0.335
2025-02-24,NRDS.OQ,0.30767
2025-02-24,OIS.N,0.41
2025-02-27,AMPH.OQ,3.873
2025-02-28,AMPH.OQ,3.2075
2025-03-19,AMPH.OQ,3.15833
2025-03-20,AMPH.OQ,3.11833
2025-04-14,AMPH.OQ,3.13333
2025-04-21,AMPH.OQ,3.12167
2025-04-23,CVSA.N,6.2525
2025-05-01,SXC.N,0.695
2025-05-01,OIS.N,0.42
2025-05-02,OIS.N,0.425
2025-05-06,NRDS.OQ,0.365
2025-05-07,AMPH.OQ,3.145
2025-05-08,AMPH.OQ,3.11683
2025-05-08,CVSA.N,6.3125
2025-05-09,CVSA.N,6.465
2025-05-12,AMPH.OQ,3.1335
2025-05-14,AMPH.OQ,3.12167
2025-05-14,CVSA.N,6.5375
2025-05-15,AMPH.OQ,3.144
2025-07-10,OIS.N,0.41
2025-07-11,AMPH.OQ,3.11333
2025-07-15,OIS.N,0.4
2025-07-18,AMPH.OQ,3.13
2025-07-31,SXC.N,0.59
2025-07-31,OIS.N,0.43
2025-08-01,OIS.N,0.42667
2025-08-06,SXC.N,0.55
2025-08-07,AMPH.OQ,3.26
2025-08-07,NRDS.OQ,0.395
2025-08-07,CVSA.N,7.535
2025-08-08,AMPH.OQ,3.3118
2025-08-08,NRDS.OQ,0.45183
2025-08-08,CVSA.N,7.73
2025-08-12,AMPH.OQ,3.3646
2025-08-13,NRDS.OQ,0.4735
2025-08-14,AMPH.OQ,3.3485
2025-08-14,CVSA.N,7.785
2025-08-16,AMPH.OQ,3.3446
2025-08-25,AMPH.OQ,3.3666
2025-10-09,AMPH.OQ,3.3366
2025-10-14,OIS.N,0.41333
2025-10-15,AMPH.OQ,3.32
2025-10-16,AMPH.OQ,3.316
2025-10-16,OIS.N,0.41
2025-10-22,AMPH.OQ,3.3032
2025-10-30,CVSA.N,7.775
2025-10-31,OIS.N,0.39
2025-10-31,CVSA.N,7.8125
2025-11-03,OIS.N,0.50333
2025-11-03,OIS.N,0.33333
2025-11-06,SXC.N,0.56
2025-11-06,AMPH.OQ,3.4642
2025-11-06,NRDS.OQ,0.5485
2025-11-07,AMPH.OQ,3.4562
2025-11-10,NRDS.OQ,0.62683
2025-11-11,SXC.N,0.61
2025-11-11,SXC.N,0.57
2025-12-09,AMPH.OQ,3.45383
2025-12-15,CVSA.N,7.8375
2026-01-28,CVSA.N,7.8425
2026-01-29,CVSA.N,7.9
2026-02-04,CVSA.N,7.93667
2026-02-11,AMPH.OQ,3.4505
2026-02-17,CVSA.N,7.93667
2026-02-18,SXC.N,0.365
2026-02-23,OIS.N,0.61
2026-02-25,NRDS.OQ,0.88333
2026-02-26,AMPH.OQ,3.42071
2026-02-26,NRDS.OQ,0.91333
2026-02-27,AMPH.OQ,3.312
2026-03-03,NRDS.OQ,0.93167
2026-03-04,NRDS.OQ,0.924
2026-03-05,AMPH.OQ,3.28433
2026-03-13,NRDS.OQ,0.91
2026-03-24,CVSA.N,7.905
2014-11-26,DHC.OQ,0.81
2014-12-11,LPG.N,0.42636
2015-01-07,LPG.N,0.41636
2015-01-08,LPG.N,0.42727
2015-01-16,LPG.N,0.42455
2015-01-22,LPG.N,0.42546
2015-01-26,LPG.N,0.42667
2015-01-29,LPG.N,0.42636
2015-02-03,LPG.N,0.41727
2015-02-04,LPG.N,0.42455
2015-02-05,DHC.OQ,0.83667
2015-02-05,LPG.N,0.43091
2015-02-06,LPG.N,0.42091
2015-02-16,LPG.N,0.446
2015-03-03,LPG.N,0.448
2015-03-05,DHC.OQ,0.85
2015-03-13,LPG.N,0.47833
2015-03-14,LPG.N,0.47857
2015-03-24,LPG.N,0.47
2015-04-07,DHC.OQ,0.85
2015-04-07,LPG.N,0.47778
2015-04-09,DHC.OQ,0.86667
2015-04-10,LPG.N,0.4775
2015-05-13,DHC.OQ,0.835
2015-05-18,LPG.N,0.475
2015-05-20,LPG.N,0.48125
2015-05-26,DHC.OQ,0.825
2015-06-04,LPG.N,1.79222
2015-06-05,LPG.N,1.79556
2015-06-08,DHC.OQ,0.75
2015-06-08,LPG.N,1.79222
2015-06-11,LPG.N,1.6575
2015-06-12,DHC.OQ,0.775
2015-06-16,LPG.N,1.60444
2015-06-26,LPG.N,1.97375
2015-07-07,LPG.N,1.98125
2015-07-19,LPG.N,2.13375
2015-07-21,LPG.N,2.11
2015-07-30,LPG.N,2.15286
2015-08-01,LPG.N,2.235
2015-08-05,LPG.N,2.23125
2015-08-06,LPG.N,2.33625
2015-08-07,DHC.OQ,0.8
2015-08-10,LPG.N,2.50375
2015-08-12,LPG.N,2.63143
2015-08-13,DHC.OQ,0.8
2015-08-19,LPG.N,2.63429
2015-08-20,LPG.N,2.61
2015-08-21,DHC.OQ,0.78
2015-08-24,LPG.N,2.60571
2015-08-26,DHC.OQ,0.745
2015-08-31,LPG.N,2.56
2015-09-04,LPG.N,2.54875
2015-10-02,DHC.OQ,0.755
2015-10-07,DHC.OQ,0.75
2015-10-09,LPG.N,2.53375
2015-10-15,LPG.N,2.42
2015-10-20,LPG.N,2.40444
2015-10-22,DHC.OQ,0.7475
2015-10-28,LPG.N,2.32667
2015-10-30,LPG.N,2.41875
2015-11-02,LPG.N,2.58714
2015-11-03,LPG.N,2.57286
2015-11-04,DHC.OQ,0.725
2015-11-06,LPG.N,2.775
2015-11-11,DHC.OQ,0.7
2015-11-23,LPG.N,2.73833
2015-11-24,LPG.N,2.69
2015-12-10,LPG.N,2.696
2015-12-17,DHC.OQ,0.7
2015-12-18,LPG.N,2.696
2016-01-06,LPG.N,2.646
2016-01-07,LPG.N,2.63667
2016-01-11,LPG.N,2.65333
2016-01-12,DHC.OQ,0.695
2016-01-15,DHC.OQ,0.68
2016-01-29,LPG.N,2.65571
2016-02-01,LPG.N,2.58429
2016-02-02,LPG.N,2.60286
2016-02-05,LPG.N,2.62833
2016-02-11,DHC.OQ,0.6525
2016-02-11,LPG.N,2.73
2016-02-24,DHC.OQ,0.6825
2016-02-25,DHC.OQ,0.7
2016-03-08,DHC.OQ,0.70667
2016-03-14,DHC.OQ,0.69
2016-03-21,DHC.OQ,0.6875
2016-03-21,LPG.N,2.68
2016-03-23,DHC.OQ,0.69333
2016-04-11,DHC.OQ,0.70667
2016-04-13,LPG.N,2.634
2016-04-14,LPG.N,2.636
2016-04-27,DHC.OQ,0.69333
2016-05-13,LPG.N,2.588
2016-05-16,DHC.OQ,0.685
2016-05-31,LPG.N,1.363
2016-06-02,LPG.N,1.202
2016-06-07,LPG.N,1.12857
2016-06-09,LPG.N,1.07167
2016-06-14,LPG.N,1.19
2016-06-16,LPG.N,1.13286
2016-06-17,LPG.N,1.22714
2016-07-01,DHC.OQ,0.655
2016-07-19,LPG.N,1.06667
2016-07-26,LPG.N,1.134
2016-07-28,LPG.N,1.038
2016-07-29,LPG.N,1.085
2016-08-03,LPG.N,1.0575
2016-08-17,LPG.N,0.7225
2016-08-22,DHC.OQ,0.65333
2016-08-22,LPG.N,0.33
2016-08-23,LPG.N,0.0475
2016-08-26,DHC.OQ,0.65
2016-09-01,LPG.N,0.0475
2016-09-07,LPG.N,0.0475
2016-09-12,LPG.N,-0.088
2016-09-13,LPG.N,-0.108
2016-10-03,LPG.N,-0.308
2016-10-06,LPG.N,-0.308
2016-10-26,LPG.N,-0.26333
2016-10-28,LPG.N,-0.32
2016-10-31,LPG.N,-0.36833
2016-11-01,LPG.N,-0.40429
2016-11-04,LPG.N,-0.33833
2016-11-11,DHC.OQ,0.645
2016-11-21,LPG.N,-0.28
2016-11-22,LPG.N,-0.3
2016-11-30,DHC.OQ,0.63
2016-12-09,LPG.N,-0.39167
2016-12-28,DHC.OQ,0.63
2017-01-03,DHC.OQ,0.585
2017-01-18,DHC.OQ,0.585
2017-01-24,LPG.N,-0.38
2017-01-29,DHC.OQ,0.595
2017-01-30,LPG.N,-0.61
2017-01-31,LPG.N,-0.515
2017-02-02,LPG.N,-0.455
2017-02-03,LPG.N,-0.3625
2017-02-28,DHC.OQ,0.615
2017-03-01,LPG.N,-0.365
2017-03-06,DHC.OQ,0.62
2017-03-09,DHC.OQ,0.62667
2017-04-03,DHC.OQ,0.63
2017-04-07,LPG.N,-0.426
2017-04-10,DHC.OQ,0.6325
2017-04-13,DHC.OQ,0.62
2017-04-18,DHC.OQ,0.652
2017-04-20,LPG.N,-0.41
2017-05-03,LPG.N,-0.396
2017-05-08,DHC.OQ,0.644
2017-05-08,LPG.N,-0.412
2017-05-16,DHC.OQ,0.61
2017-05-16,WTTR.N,0.0052
2017-05-18,WTTR.N,-0.00314
2017-05-22,WTTR.N,0.02971
2017-06-12,LPG.N,-0.416
2017-06-14,LPG.N,-0.28375
2017-06-15,LPG.N,-0.31125
2017-06-19,LPG.N,-0.29875
2017-06-21,LPG.N,-0.21714
2017-06-23,LPG.N,-0.21857
2017-06-26,WTTR.N,0.04971
2017-06-30,DHC.OQ,0.605
2017-07-06,LPG.N,-0.26
2017-07-07,LPG.N,-0.27143
2017-07-07,WTTR.N,0.05971
2017-07-20,WTTR.N,0.11714
2017-07-25,WTTR.N,0.115
2017-07-26,DHC.OQ,0.632
2017-07-31,LPG.N,-0.33143
2017-08-01,LPG.N,-0.31625
2017-08-03,WTTR.N,0.138
2017-08-04,DHC.OQ,0.624
2017-08-04,LPG.N,-0.34
2017-08-07,DHC.OQ,0.606
2017-08-07,LPG.N,-0.44
2017-08-07,WTTR.N,0.1726
2017-08-10,DHC.OQ,0.61
2017-08-14,WTTR.N,0.1666
2017-08-15,DHC.OQ,0.606
2017-08-15,WTTR.N,0.1566
2017-08-25,DHC.OQ,0.606
2017-09-29,DHC.OQ,0.584
2017-09-29,LPG.N,-0.44857
2017-10-09,LPG.N,-0.43286
2017-10-10,LPG.N,-0.49857
2017-10-13,WTTR.N,0.1666
2017-10-16,WTTR.N,0.1194
2017-11-03,LPG.N,-0.48571
2017-11-07,LPG.N,-0.45286
2017-11-10,WTTR.N,0.0898
2017-11-13,DHC.OQ,0.59
2017-11-13,WTTR.N,0.1288
2017-11-14,LPG.N,-0.525
2017-11-15,DHC.OQ,0.588
2017-11-16,DHC.OQ,0.5925
2017-11-16,LPG.N,-0.594
2017-11-16,WTTR.N,-0.0895
2017-11-17,LPG.N,-0.594
2017-11-20,DHC.OQ,0.582
2017-11-27,WTTR.N,0.0164
2017-12-01,LPG.N,-0.525
2017-12-08,WTTR.N,0.0164
2017-12-20,LPG.N,-0.534
2017-12-28,LPG.N,-0.534
2018-01-03,DHC.OQ,0.6
2018-01-05,LPG.N,-0.62
2018-01-08,WTTR.N,0.1255
2018-01-16,WTTR.N,1.19743
2018-01-24,DHC.OQ,0.58
2018-02-01,LPG.N,-0.512
2018-02-02,LPG.N,-0.43167
2018-02-06,LPG.N,-0.4
2018-02-13,DHC.OQ,0.58
2018-02-13,DHC.OQ,0.7
2018-02-16,LPG.N,-0.46714
2018-02-23,LPG.N,-0.43286
2018-02-28,DHC.OQ,0.70667
2018-03-02,DHC.OQ,0.6625
2018-03-06,DHC.OQ,0.55
2018-03-08,WTTR.N,1.14743
2018-03-09,WTTR.N,1.10171
2018-03-12,WTTR.N,1.03771
2018-03-13,WTTR.N,1.01914
2018-03-14,WTTR.N,0.84283
2018-03-19,DHC.OQ,0.63
2018-03-23,WTTR.N,0.90371
2018-03-28,DHC.OQ,0.54667
2018-04-02,WTTR.N,0.91243
2018-04-10,LPG.N,-0.42
2018-04-12,WTTR.N,0.87213
2018-04-19,WTTR.N,0.87078
2018-04-24,LPG.N,-0.44333
2018-05-07,LPG.N,-0.47
2018-05-10,DHC.OQ,0.785
2018-05-10,WTTR.N,0.87633
2018-05-11,DHC.OQ,0.9875
2018-05-11,WTTR.N,0.86088
2018-05-14,DHC.OQ,1.1925
2018-05-14,WTTR.N,0.96429
2018-05-15,WTTR.N,0.98
2018-05-16,DHC.OQ,1.4725
2018-05-17,WTTR.N,1.01167
2018-05-31,WTTR.N,0.97143
2018-06-04,WTTR.N,0.9825
2018-06-06,DHC.OQ,1.4725
2018-06-15,LPG.N,-0.51
2018-06-22,LPG.N,-0.728
2018-06-25,WTTR.N,1.01125
2018-06-26,LPG.N,-0.56
2018-06-29,WTTR.N,0.96857
2018-07-03,LPG.N,-0.655
2018-07-05,LPG.N,-0.64
2018-07-10,WTTR.N,1.011
2018-07-19,WTTR.N,1.011
2018-08-06,LPG.N,-0.795
2018-08-07,DHC.OQ,1.555
2018-08-09,DHC.OQ,1.6525
2018-08-09,WTTR.N,1.01313
2018-08-10,LPG.N,-0.845
2018-08-10,WTTR.N,1.02188
2018-08-13,LPG.N,-0.9575
2018-08-13,WTTR.N,1.03271
2018-08-14,DHC.OQ,1.75333
2018-08-14,LPG.N,-0.995
2018-08-16,LPG.N,-1.12333
2018-08-16,WTTR.N,0.93367
2018-08-21,LPG.N,-1.025
2018-09-04,DHC.OQ,1.8
2018-09-06,LPG.N,-1.025
2018-09-20,WTTR.N,0.93533
2018-09-21,DHC.OQ,1.87
2018-10-05,WTTR.N,0.93314
2018-10-12,WTTR.N,0.91171
2018-10-24,LPG.N,-0.95
2018-10-29,LPG.N,-0.845
2018-10-31,LPG.N,-0.72
2018-11-02,LPG.N,-0.7025
2018-11-07,WTTR.N,0.91171
2018-11-08,DHC.OQ,1.88333
2018-11-08,WTTR.N,0.85643
2018-11-09,DHC.OQ,1.91667
2018-11-09,WTTR.N,0.84786
2018-11-12,WTTR.N,0.86786
2018-11-16,DHC.OQ,1.94667
2018-11-20,DHC.OQ,1.985
2018-12-06,DHC.OQ,1.975
2018-12-14,DHC.OQ,1.975
2018-12-18,DHC.OQ,1.94333
2018-12-19,WTTR.N,0.866
2018-12-31,DHC.OQ,1.9275
2019-01-02,WTTR.N,0.86367
2019-01-07,WTTR.N,0.8564
2019-01-10,LPG.N,-0.665
2019-01-31,LPG.N,-0.66325
2019-02-05,LPG.N,-0.68575
2019-02-06,LPG.N,-0.76825
2019-02-08,LPG.N,-0.68125
2019-02-11,WTTR.N,0.7902
2019-02-11,WTTR.N,0.8555
2019-02-27,WTTR.N,0.7559
2019-02-28,WTTR.N,0.70733
2019-03-01,DHC.OQ,0.462
2019-03-01,WTTR.N,0.69844
2019-03-04,WTTR.N,0.67511
2019-03-06,DHC.OQ,0.464
2019-03-27,DHC.OQ,0.41
2019-03-29,WTTR.N,0.68067
2019-04-02,WTTR.N,0.67789
2019-04-05,DHC.OQ,0.342
2019-04-08,LPG.N,-0.637
2019-04-10,DHC.OQ,0.268
2019-04-17,DHC.OQ,0.2375
2019-04-24,LPG.N,-0.4275
2019-04-30,LPG.N,-0.44417
2019-05-01,DHC.OQ,0.30667
2019-05-08,WTTR.N,0.64678
2019-05-09,WTTR.N,0.6461
2019-05-10,WTTR.N,0.6515
2019-05-12,WTTR.N,0.67286
2019-05-14,WTTR.N,0.69143
2019-05-23,LPG.N,0.28
2019-05-28,LPG.N,0.29333
2019-05-30,LPG.N,0.372
2019-05-30,WTTR.N,0.66429
2019-05-31,LPG.N,0.344
2019-06-14,LPG.N,0.328
2019-06-18,WTTR.N,0.62714
2019-06-21,DHC.OQ,0.295
2019-06-21,LPG.N,0.5485
2019-06-30,DHC.OQ,0.25
2019-07-04,LPG.N,0.4188
2019-07-15,WTTR.N,0.61429
2019-07-18,WTTR.N,0.61
2019-07-25,LPG.N,0.7428
2019-07-30,DHC.OQ,0.25
2019-08-01,LPG.N,0.556
2019-08-01,WTTR.N,0.58857
2019-08-07,WTTR.N,0.555
2019-08-08,LPG.N,0.655
2019-08-08,WTTR.N,0.46167
2019-08-09,WTTR.N,0.405
2019-08-13,DHC.OQ,0.01
2019-08-13,LPG.N,0.795
2019-08-14,LPG.N,0.95
2019-08-14,WTTR.N,0.34833
2019-08-16,WTTR.N,0.295
2019-09-05,DHC.OQ,0.01
2019-09-10,WTTR.N,0.295
2019-09-11,WTTR.N,0.28
2019-09-18,LPG.N,0.99333
2019-09-20,WTTR.N,0.28083
2019-09-25,WTTR.N,0.27417
2019-10-08,WTTR.N,0.265
2019-10-09,WTTR.N,0.255
2019-10-14,DHC.OQ,0.025
2019-10-14,LPG.N,0.82
2019-10-28,WTTR.N,0.25333
2019-10-31,LPG.N,1.49
2019-11-01,LPG.N,2.11667
2019-11-05,VIR.OQ,-2.8975
2019-11-07,WTTR.N,0.22667
2019-11-08,WTTR.N,0.19233
2019-11-11,WTTR.N,0.15233
2019-11-12,WTTR.N,0.14733
2019-11-13,VIR.OQ,-2.544
2019-11-14,DHC.OQ,0.04
2019-11-18,DHC.OQ,-0.045
2019-11-19,VIR.OQ,-2.5704
2019-11-20,VIR.OQ,-2.3984
2019-11-22,DHC.OQ,-0.13
2019-11-26,VIR.OQ,-2.3584
2019-12-09,LPG.N,2.14
2019-12-19,LPG.N,2.2875
2020-01-17,DHC.OQ,0.145
2020-01-28,LPG.N,2.342
2020-01-29,LPG.N,2.354
2020-02-03,WTTR.N,0.40033
2020-02-05,LPG.N,2.418
2020-02-06,LPG.N,2.31
2020-02-07,LPG.N,2.292
2020-02-10,LPG.N,2.27
2020-02-11,LPG.N,2.23
2020-02-25,WTTR.N,0.30022
2020-02-26,WTTR.N,0.25467
2020-02-27,WTTR.N,0.19156
2020-03-03,DHC.OQ,0.11667
2020-03-06,WTTR.N,0.18156
2020-03-12,DHC.OQ,0.07333
2020-03-12,WTTR.N,0.06744
2020-03-13,WTTR.N,0.02156
2020-03-16,WTTR.N,-0.07733
2020-03-17,WTTR.N,-0.13289
2020-03-19,WTTR.N,-0.1815
2020-03-25,DHC.OQ,-0.2225
2020-03-25,WTTR.N,-0.269
2020-03-26,VIR.OQ,-1.8014
2020-03-27,VIR.OQ,-1.9874
2020-03-30,VIR.OQ,-2.1114
2020-03-31,WTTR.N,-0.31813
2020-04-01,WTTR.N,-0.46563
2020-04-03,WTTR.N,-0.51063
2020-04-05,WTTR.N,-0.58938
2020-04-07,WTTR.N,-0.62813
2020-04-07,VIR.OQ,-2.0934
2020-04-08,LPG.N,2.1875
2020-04-08,WTTR.N,-0.76263
2020-04-27,WTTR.N,-0.80013
2020-04-29,DHC.OQ,-0.235
2020-05-01,DHC.OQ,-0.33333
2020-05-03,DHC.OQ,-0.44333
2020-05-06,WTTR.N,-0.83871
2020-05-07,WTTR.N,-1.62586
2020-05-08,WTTR.N,-2.54157
2020-05-11,WTTR.N,-2.75533
2020-05-12,WTTR.N,-3.1824
2020-05-12,VIR.OQ,-2.352
2020-05-13,VIR.OQ,-2.436
2020-05-18,LPG.N,2.2025
2020-05-19,VIR.OQ,-2.5
2020-05-25,LPG.N,2.2025
2020-05-27,LPG.N,1.794
2020-05-28,LPG.N,1.774
2020-06-01,VIR.OQ,-2.554
2020-06-03,LPG.N,1.10333
2020-06-08,DHC.OQ,-0.5175
2020-06-24,WTTR.N,-3.1424
2020-06-25,LPG.N,1.09333
2020-07-01,DHC.OQ,-0.3225
2020-07-02,LPG.N,1.09333
2020-07-27,WTTR.N,-3.1524
2020-07-31,LPG.N,1.01667
2020-08-01,LPG.N,1.08
2020-08-04,LPG.N,1.055
2020-08-05,LPG.N,0.975
2020-08-05,WTTR.N,-3.20167
2020-08-06,LPG.N,0.8625
2020-08-06,WTTR.N,-3.20833
2020-08-07,DHC.OQ,-0.36
2020-08-07,WTTR.N,-3.27
2020-08-09,WTTR.N,-3.31333
2020-08-11,LPG.N,0.68667
2020-08-11,VIR.OQ,-2.486
2020-08-12,VIR.OQ,-2.16
2020-08-14,DHC.OQ,-0.3825
2020-08-20,VIR.OQ,-2.195
2020-08-24,VIR.OQ,-2.24
2020-08-27,LPG.N,0.78667
2020-08-31,DHC.OQ,-0.38333
2020-09-09,DHC.OQ,-0.3875
2020-09-14,DHC.OQ,-0.364
2020-09-17,DHC.OQ,-0.365
2020-10-02,WTTR.N,-3.31167
2020-10-05,VIR.OQ,-2.2475
2020-10-06,WTTR.N,-3.32167
2020-10-16,WTTR.N,-3.3
2020-10-22,LPG.N,0.90333
2020-10-26,LPG.N,1.13667
2020-10-28,LPG.N,1.07
2020-10-30,LPG.N,1.09
2020-11-02,DHC.OQ,-0.385
2020-11-02,LPG.N,1.01667
2020-11-04,WTTR.N,-3.324
2020-11-05,DHC.OQ,-0.455
2020-11-05,LPG.N,1.245
2020-11-06,WTTR.N,-2.96767
2020-11-09,WTTR.N,-3.20325
2020-11-10,VIR.OQ,-2.2575
2020-11-11,VIR.OQ,-2.37
2020-11-12,VIR.OQ,-2.37625
2020-11-13,VIR.OQ,-2.35714
2020-11-17,VIR.OQ,-2.36625
2020-11-27,LPG.N,1.125
2020-12-01,DHC.OQ,-0.555
2020-12-22,LPG.N,1.35
2020-12-23,LPG.N,1.35
2021-01-07,LPG.N,1.08667
2021-01-13,LPG.N,1.08667
2021-01-18,LPG.N,1.77667
2021-01-26,DHC.OQ,-0.65
2021-01-26,DHC.OQ,-0.74
2021-01-27,LPG.N,2.11667
2021-01-28,WTTR.N,-3.3666
2021-01-28,VIR.OQ,-2.38571
2021-01-29,WTTR.N,-3.3666
2021-02-02,LPG.N,2.0425
2021-02-02,WTTR.N,-3.3546
2021-02-04,LPG.N,1.9625
2021-02-05,LPG.N,2.11333
2021-02-18,WTTR.N,-0.536
2021-02-18,WTTR.N,-3.3364
2021-02-25,VIR.OQ,-2.01286
2021-02-26,DHC.OQ,-0.77333
2021-02-26,WTTR.N,-0.52886
2021-02-26,VIR.OQ,-1.77571
2021-02-28,DHC.OQ,-0.805
2021-03-01,WTTR.N,-0.50543
2021-03-02,WTTR.N,-0.48829
2021-03-02,VIR.OQ,-1.3
2021-03-03,WTTR.N,-0.51657
2021-03-03,VIR.OQ,-1.57143
2021-03-04,LPG.N,2.05333
2021-03-08,LPG.N,2.05333
2021-03-08,WTTR.N,-0.50229
2021-03-09,VIR.OQ,-1.45429
2021-03-10,DHC.OQ,-0.85333
2021-03-11,VIR.OQ,-1.31143
2021-03-12,WTTR.N,-0.4472
2021-03-16,DHC.OQ,-0.89667
2021-03-17,WTTR.N,-0.4444
2021-04-13,DHC.OQ,-0.89667
2021-04-15,WTTR.N,-0.4344
2021-04-22,VIR.OQ,-1.29714
2021-04-30,WTTR.N,-0.4305
2021-05-06,WTTR.N,-0.394
2021-05-06,VIR.OQ,-1.29
2021-05-07,VIR.OQ,-1.84571
2021-05-11,WTTR.N,-0.36867
2021-05-12,LPG.N,2.01667
2021-05-12,VIR.OQ,-1.98571
2021-05-16,LPG.N,1.88333
2021-05-18,WTTR.N,-0.478
2021-05-19,LPG.N,1.8825
2021-05-20,LPG.N,1.8775
2021-05-20,VIR.OQ,-2.17714
2021-05-21,WTTR.N,-0.543
2021-06-03,DHC.OQ,-0.93333
2021-06-03,VIR.OQ,-2.375
2021-07-15,WTTR.N,-0.52533
2021-07-16,DHC.OQ,-1.00667
2021-07-16,WTTR.N,-0.51333
2021-08-02,LPG.N,1.8875
2021-08-03,LPG.N,1.87
2021-08-04,LPG.N,1.7625
2021-08-04,WTTR.N,-0.53333
2021-08-05,LPG.N,1.5
2021-08-05,VIR.OQ,-2.20013
2021-08-06,WTTR.N,-0.57
2021-08-06,VIR.OQ,-0.94138
2021-08-10,VIR.OQ,-0.74513
2021-08-11,LPG.N,1.035
2021-08-13,DHC.OQ,-0.94667
2021-08-13,WTTR.N,-0.585
2021-08-13,VIR.OQ,-0.43586
2021-08-26,LPG.N,1.46
2021-09-06,DHC.OQ,-0.945
2021-09-10,DHC.OQ,-0.875
2021-09-13,LPG.N,1.63667
2021-09-22,VIR.OQ,-0.78014
2021-09-24,VIR.OQ,-0.80871
2021-10-06,DHC.OQ,-0.875
2021-10-19,VIR.OQ,-0.773
2021-10-27,LPG.N,1.75667
2021-10-28,VIR.OQ,-0.80014
2021-11-03,LPG.N,1.81667
2021-11-03,WTTR.N,-0.635
2021-11-04,LPG.N,1.48333
2021-11-05,VIR.OQ,0.51429
2021-11-08,WTTR.N,-0.655
2021-11-10,DHC.OQ,-0.97
2021-11-17,VIR.OQ,1.55429
2021-11-30,VIR.OQ,1.60857
2021-12-10,DHC.OQ,-0.71
2021-12-10,DHC.OQ,-1.04
2021-12-15,LPG.N,1.48333
2021-12-16,WTTR.N,0.168
2021-12-21,VIR.OQ,1.80429
2022-01-05,LPG.N,1.58667
2022-01-26,LPG.N,1.64333
2022-01-31,VIR.OQ,2.68286
2022-02-01,LPG.N,1.82333
2022-02-03,LPG.N,1.32333
2022-02-04,LPG.N,1.305
2022-02-09,VIR.OQ,2.66
2022-02-16,VIR.OQ,3.66333
2022-02-16,VIR.OQ,3.07571
2022-02-24,WTTR.N,0.1705
2022-02-25,VIR.OQ,5.678
2022-02-28,WTTR.N,0.17725
2022-03-01,DHC.OQ,-1.01
2022-03-02,LPG.N,1.305
2022-03-03,WTTR.N,0.266
2022-03-03,VIR.OQ,5.388
2022-03-04,DHC.OQ,-0.91
2022-03-04,WTTR.N,0.237
2022-03-10,DHC.OQ,-0.91
2022-03-25,LPG.N,1.13333
2022-03-28,VIR.OQ,4.876
2022-03-30,VIR.OQ,5.38333
2022-04-06,VIR.OQ,5.1
2022-04-08,DHC.OQ,-0.91
2022-04-19,VIR.OQ,4.98286
2022-04-27,VIR.OQ,4.96571
2022-05-02,VIR.OQ,4.58143
2022-05-05,WTTR.N,0.2805
2022-05-05,VIR.OQ,4.99833
2022-05-06,VIR.OQ,2.865
2022-05-09,VIR.OQ,3.03167
2022-05-10,WTTR.N,0.324
2022-05-12,VIR.OQ,2.67333
2022-05-16,WTTR.N,0.313
2022-05-23,DHC.OQ,-0.81
2022-05-26,LPG.N,1.374
2022-05-27,LPG.N,1.436
2022-05-29,LPG.N,1.57
2022-06-02,LPG.N,1.84
2022-06-15,WTTR.N,0.333
2022-06-16,DHC.OQ,-0.225
2022-07-10,VIR.OQ,2.69167
2022-07-14,LPG.N,1.95
2022-07-15,VIR.OQ,2.55857
2022-07-20,LPG.N,1.874
2022-07-20,WTTR.N,0.35067
2022-07-26,LPG.N,1.848
2022-07-27,VIR.OQ,2.88571
2022-07-29,LPG.N,2.008
2022-08-03,LPG.N,1.9386
2022-08-03,WTTR.N,0.44333
2022-08-04,LPG.N,1.8686
2022-08-08,DHC.OQ,-0.365
2022-08-09,LPG.N,1.8906
2022-08-09,WTTR.N,0.445
2022-08-09,VIR.OQ,2.74857
2022-08-10,VIR.OQ,2.13857
2022-08-11,VIR.OQ,2.49286
2022-08-12,VIR.OQ,2.75857
2022-08-17,LPG.N,1.8386
2022-08-18,VIR.OQ,2.75143
2022-08-19,WTTR.N,0.49
2022-08-22,WTTR.N,0.47333
2022-09-02,WTTR.N,0.50433
2022-09-04,DHC.OQ,0.08
2022-09-04,LPG.N,1.8386
2022-09-07,VIR.OQ,2.73286
2022-09-09,VIR.OQ,2.55
2022-09-14,VIR.OQ,2.55
2022-09-23,LPG.N,1.8386
2022-09-27,DHC.OQ,0.08
2022-10-03,DHC.OQ,0.08
2022-10-04,LPG.N,1.9766
2022-10-06,WTTR.N,0.55075
2022-10-07,DHC.OQ,0.075
2022-10-26,LPG.N,2.118
2022-10-27,LPG.N,2.164
2022-10-31,LPG.N,2.092
2022-10-31,VIR.OQ,2.565
2022-11-02,LPG.N,2.2146
2022-11-03,LPG.N,2.3746
2022-11-03,WTTR.N,0.60325
2022-11-03,VIR.OQ,2.66444
2022-11-04,VIR.OQ,3.739
2022-11-07,LPG.N,2.3566
2022-11-07,VIR.OQ,3.7395
2022-11-09,LPG.N,2.661
2022-11-09,WTTR.N,0.61767
2022-11-10,VIR.OQ,4.07071
2022-11-21,WTTR.N,0.5815
2022-11-29,VIR.OQ,4.24188
2022-11-30,DHC.OQ,0.0
2022-11-30,DHC.OQ,-0.895
2022-12-13,LPG.N,3.12
2022-12-20,VIR.OQ,4.26563
2022-12-21,WTTR.N,1.174
2022-12-21,WTTR.N,0.689
2023-01-17,LPG.N,2.9375
2023-01-22,VIR.OQ,4.26563
2023-01-23,LPG.N,2.87575
2023-01-27,LPG.N,2.76575
2023-01-27,VIR.OQ,4.26688
2023-01-30,LPG.N,2.95825
2023-02-01,LPG.N,3.0026
2023-02-02,LPG.N,3.1346
2023-02-07,LPG.N,3.59825
2023-02-23,VIR.OQ,-2.32143
2023-02-24,VIR.OQ,-3.05057
2023-02-27,WTTR.N,1.14267
2023-02-28,WTTR.N,0.9935
2023-03-02,VIR.OQ,-3.042
2023-03-03,VIR.OQ,-2.97425
2023-03-06,VIR.OQ,-3.49933
2023-03-07,DHC.OQ,-0.82
2023-03-13,DHC.OQ,-0.855
2023-03-15,WTTR.N,0.95067
2023-03-16,WTTR.N,0.87333
2023-03-22,WTTR.N,0.875
2023-03-27,WTTR.N,0.854
2023-04-03,VIR.OQ,-3.52378
2023-04-16,WTTR.N,0.924
2023-04-20,VIR.OQ,-3.51378
2023-04-21,LPG.N,3.64
2023-05-03,WTTR.N,0.932
2023-05-04,WTTR.N,0.9334
2023-05-04,VIR.OQ,-3.63222
2023-05-05,VIR.OQ,-4.04889
2023-05-08,VIR.OQ,-4.12875
2023-05-09,WTTR.N,0.888
2023-05-09,VIR.OQ,-4.155
2023-05-10,WTTR.N,0.82425
2023-05-17,LPG.N,3.58725
2023-05-17,WTTR.N,0.9334
2023-05-18,WTTR.N,1.0184
2023-05-19,DHC.OQ,-0.86
2023-05-20,WTTR.N,1.0464
2023-05-24,LPG.N,4.3494
2023-05-26,LPG.N,4.4254
2023-05-31,LPG.N,4.32675
2023-06-04,WTTR.N,0.9504
2023-06-06,LPG.N,4.48425
2023-07-05,VIR.OQ,-4.16375
2023-07-11,LPG.N,4.89925
2023-07-11,VIR.OQ,-4.12
2023-07-13,LPG.N,4.8834
2023-07-19,LPG.N,5.0948
2023-07-19,WTTR.N,0.937
2023-07-20,VIR.OQ,-4.5575
2023-07-21,VIR.OQ,-4.60125
2023-07-27,LPG.N,5.05067
2023-07-28,LPG.N,5.134
2023-07-31,LPG.N,5.15067
2023-08-02,LPG.N,5.104
2023-08-02,WTTR.N,0.935
2023-08-03,LPG.N,4.805
2023-08-03,WTTR.N,0.907
2023-08-03,VIR.OQ,-4.7425
2023-08-04,LPG.N,4.424
2023-08-04,WTTR.N,0.8664
2023-08-04,VIR.OQ,-4.74625
2023-08-07,VIR.OQ,-4.8
2023-08-08,VIR.OQ,-4.7975
2023-08-09,LPG.N,4.3225
2023-08-09,WTTR.N,0.817
2023-08-13,WTTR.N,0.84025
2023-08-16,WTTR.N,0.867
2023-08-17,WTTR.N,0.849
2023-09-01,LPG.N,4.566
2023-10-01,LPG.N,5.282
2023-10-11,VIR.OQ,-4.78
2023-10-16,LPG.N,5.5552
2023-10-18,LPG.N,5.8852
2023-10-26,LPG.N,6.011
2023-10-27,LPG.N,6.02433
2023-11-01,LPG.N,6.73433
2023-11-01,WTTR.N,0.8028
2023-11-02,LPG.N,6.79417
2023-11-02,WTTR.N,0.7248
2023-11-02,VIR.OQ,-4.76875
2023-11-03,DHC.OQ,-1.04
2023-11-03,LPG.N,7.0675
2023-11-03,WTTR.N,0.6688
2023-11-03,VIR.OQ,-4.7225
2023-11-04,LPG.N,6.905
2023-11-07,VIR.OQ,-4.6875
2023-11-09,LPG.N,6.58875
2023-11-09,VIR.OQ,-4.82857
2023-11-10,VIR.OQ,-4.82429
2023-11-20,LPG.N,6.92375
2023-11-27,LPG.N,7.211
2024-01-03,DHC.OQ,-1.05
2024-01-23,WTTR.N,1.09967
2024-01-23,WTTR.N,0.65233
2024-01-26,LPG.N,6.973
2024-01-31,LPG.N,6.7646
2024-02-01,LPG.N,7.066
2024-02-02,LPG.N,7.07933
2024-02-06,LPG.N,7.145
2024-02-08,LPG.N,7.88
2024-02-15,VIR.OQ,-4.68375
2024-02-16,LPG.N,7.845
2024-02-21,WTTR.N,1.02133
2024-02-22,VIR.OQ,-4.12875
2024-02-23,VIR.OQ,-4.10125
2024-02-28,WTTR.N,0.93533
2024-02-28,VIR.OQ,-4.10625
2024-03-04,VIR.OQ,-4.08889
2024-03-05,WTTR.N,0.9404
2024-03-11,WTTR.N,0.917
2024-03-19,WTTR.N,0.7365
2024-03-20,DHC.OQ,-1.05
2024-04-18,VIR.OQ,-4.09778
2024-04-22,WTTR.N,0.64943
2024-04-24,LPG.N,7.89425
2024-04-30,LPG.N,7.1614
2024-05-01,WTTR.N,0.64571
2024-05-02,VIR.OQ,-3.68411
2024-05-03,WTTR.N,0.63314
2024-05-03,VIR.OQ,-3.51078
2024-05-05,WTTR.N,0.58314
2024-05-06,LPG.N,7.0334
2024-05-06,VIR.OQ,-3.41967
2024-05-07,WTTR.N,0.5964
2024-05-07,VIR.OQ,-3.38633
2024-05-09,WTTR.N,0.62
2024-05-11,WTTR.N,0.60167
2024-05-16,LPG.N,6.9374
2024-05-16,WTTR.N,0.57714
2024-05-22,LPG.N,5.036
2024-05-23,LPG.N,5.136
2024-06-07,DHC.OQ,-1.14
2024-06-25,DEC.N,0.52
2024-06-26,WTTR.N,0.57857
2024-07-03,LPG.N,5.084
2024-07-10,DEC.N,1.7
2024-07-16,WTTR.N,0.55143
2024-07-22,DEC.N,1.51
2024-07-22,LPG.N,4.8146
2024-07-26,LPG.N,5.2846
2024-08-01,LPG.N,5.0354
2024-08-01,WTTR.N,0.54117
2024-08-01,VIR.OQ,-3.47333
2024-08-02,LPG.N,4.9374
2024-08-02,WTTR.N,0.53383
2024-08-02,VIR.OQ,-3.34889
2024-08-05,WTTR.N,0.50883
2024-08-06,WTTR.N,0.54325
2024-08-07,LPG.N,4.7814
2024-08-07,WTTR.N,0.53125
2024-08-07,VIR.OQ,-3.38667
2024-08-08,VIR.OQ,-3.41875
2024-08-12,WTTR.N,0.507
2024-08-16,DEC.N,1.367
2024-08-16,VIR.OQ,-3.4275
2024-08-20,DEC.N,1.361
2024-08-20,VIR.OQ,-3.38556
2024-08-21,WTTR.N,0.49917
2024-08-27,DEC.N,1.2205
2024-08-27,LPG.N,4.87783
2024-08-29,WTTR.N,0.507
2024-09-02,DEC.N,1.0755
2024-09-25,LPG.N,4.76783
2024-09-26,LPG.N,4.63317
2024-09-29,DEC.N,1.0295
2024-10-14,WTTR.N,0.491
2024-10-15,DEC.N,1.0095
2024-10-23,LPG.N,4.59983
2024-10-25,DEC.N,0.8445
2024-10-31,LPG.N,4.52
2024-10-31,VIR.OQ,-3.518
2024-11-01,LPG.N,4.54333
2024-11-01,VIR.OQ,-3.81467
2024-11-04,DEC.N,0.8125
2024-11-04,VIR.OQ,-3.88689
2024-11-05,LPG.N,4.30333
2024-11-07,DHC.OQ,-1.47
2024-11-07,LPG.N,3.55667
2024-11-07,WTTR.N,0.477
2024-11-07,DHC.OQ,-0.92
2024-11-08,WTTR.N,0.4584
2024-11-12,WTTR.N,0.3945
2024-11-15,DEC.N,0.9075
2024-11-19,LPG.N,3.3025
2024-11-19,VIR.OQ,-3.92689
2024-11-22,WTTR.N,0.4544
2024-12-17,LPG.N,3.15025
2025-01-03,DEC.N,-0.0595
2025-01-06,WTTR.N,0.4524
2025-01-10,WTTR.N,0.392
2025-01-10,WTTR.N,0.85567
2025-01-12,DEC.N,-0.1335
2025-01-15,LPG.N,3.08275
2025-01-24,LPG.N,3.08175
2025-01-25,LPG.N,2.9634
2025-01-27,DEC.N,-0.1665
2025-01-31,LPG.N,2.9158
2025-02-03,LPG.N,2.8858
2025-02-04,LPG.N,2.61725
2025-02-05,LPG.N,2.643
2025-02-11,DEC.N,-0.181
2025-02-19,WTTR.N,0.78733
2025-02-20,DEC.N,-0.1805
2025-02-20,DEC.N,2.673
2025-02-21,WTTR.N,0.67517
2025-02-25,WTTR.N,0.6086
2025-02-26,VIR.OQ,-3.60778
2025-02-27,VIR.OQ,-3.33889
2025-02-28,VIR.OQ,-3.36444
2025-03-03,VIR.OQ,-3.36222
2025-03-07,WTTR.N,0.6454
2025-03-10,WTTR.N,0.5026
2025-03-23,DEC.N,3.115
2025-03-25,LPG.N,2.643
2025-04-03,DEC.N,3.222
2025-04-04,LPG.N,2.613
2025-04-07,DHC.OQ,-0.78
2025-04-10,DEC.N,3.339
2025-04-20,DEC.N,3.44867
2025-04-23,LPG.N,2.55767
2025-04-29,DEC.N,3.563
2025-05-06,DHC.OQ,-0.62
2025-05-07,VIR.OQ,-3.37722
2025-05-08,WTTR.N,0.5016
2025-05-08,VIR.OQ,-3.36722
2025-05-09,WTTR.N,0.4992
2025-05-09,VIR.OQ,-3.355
2025-05-10,VIR.OQ,-3.29611
2025-05-13,DEC.N,3.2965
2025-05-13,WTTR.N,0.5208
2025-05-14,VIR.OQ,-3.29438
2025-05-20,DHC.OQ,-0.645
2025-05-20,VIR.OQ,-3.20389
2025-05-22,LPG.N,2.9222
2025-05-23,LPG.N,2.9422
2025-05-29,LPG.N,3.14367
2025-05-29,WTTR.N,0.4948
2025-06-09,VIR.OQ,-3.20278
2025-06-16,LPG.N,3.29025
2025-06-25,LPG.N,3.42975
2025-07-03,VIR.OQ,-3.09438
2025-07-11,LPG.N,3.669
2025-07-11,VIR.OQ,-3.12833
2025-07-14,DEC.N,2.69033
2025-07-14,WTTR.N,0.53233
2025-07-17,DEC.N,2.66033
2025-07-29,DEC.N,2.45775
2025-08-01,LPG.N,3.583
2025-08-04,DHC.OQ,-0.655
2025-08-04,LPG.N,3.6355
2025-08-06,WTTR.N,0.5508
2025-08-06,VIR.OQ,-3.14778
2025-08-07,VIR.OQ,-3.22444
2025-08-08,LPG.N,3.85067
2025-08-08,WTTR.N,0.4375
2025-08-08,VIR.OQ,-3.26778
2025-08-10,WTTR.N,0.39417
2025-08-11,DEC.N,2.55025
2025-08-11,LPG.N,3.751
2025-08-12,DHC.OQ,-0.75
2025-08-12,WTTR.N,0.3088
2025-08-13,DEC.N,2.51
2025-08-18,DEC.N,2.93267
2025-08-25,LPG.N,3.02067
2025-08-28,DEC.N,2.86833
2025-09-02,DEC.N,2.45875
2025-09-03,VIR.OQ,-3.286
2025-09-04,DHC.OQ,-0.83
2025-09-08,DEC.N,2.45625
2025-09-10,DEC.N,2.47225
2025-09-17,DHC.OQ,-0.825
2025-10-02,DEC.N,2.48225
2025-10-12,DEC.N,2.46725
2025-10-13,WTTR.N,0.3088
2025-10-22,LPG.N,3.12733
2025-10-27,DEC.N,2.4095
2025-10-28,WTTR.N,0.289
2025-11-03,DHC.OQ,-0.82
2025-11-05,VIR.OQ,-3.3975
2025-11-06,LPG.N,3.231
2025-11-06,VIR.OQ,-3.4285
2025-11-07,WTTR.N,0.3112
2025-11-07,VIR.OQ,-3.4835
2025-11-10,LPG.N,3.1385
2025-11-10,WTTR.N,0.3196
2025-11-11,WTTR.N,0.22933
2025-11-12,DEC.N,3.1304
2025-11-12,LPG.N,3.636
2025-11-13,WTTR.N,0.21267
2025-11-14,DEC.N,3.4388
2025-11-16,DEC.N,3.5398
2025-11-18,DEC.N,3.5398
2025-11-25,DHC.OQ,-1.05
2025-11-25,DHC.OQ,-0.575
2025-11-26,LPG.N,3.7108
2025-12-02,DEC.N,2.915
2025-12-07,WTTR.N,0.21933
2025-12-09,LPG.N,3.7725
2025-12-11,WTTR.N,0.21967
2025-12-15,DHC.OQ,-1.275
2025-12-17,VIR.OQ,-3.4325
2025-12-22,DEC.N,3.125
2025-12-30,VIR.OQ,-3.3855
2026-01-06,LPG.N,3.98
2026-01-06,VIR.OQ,-3.4005
2026-01-12,VIR.OQ,-3.3525
2026-01-13,WTTR.N,0.2188
2026-01-13,WTTR.N,0.21225
2026-01-19,LPG.N,4.05
2026-01-20,DEC.N,3.045
2026-01-28,LPG.N,4.22
2026-02-02,LPG.N,4.14
2026-02-03,DEC.N,2.22867
2026-02-03,DEC.N,2.3424
2026-02-04,LPG.N,4.1025
2026-02-05,LPG.N,4.15
2026-02-06,LPG.N,4.05667
2026-02-11,LPG.N,4.31
2026-02-17,VIR.OQ,-3.355
2026-02-19,WTTR.N,0.2368
2026-02-23,WTTR.N,0.23233
2026-02-23,VIR.OQ,-2.721
2026-02-24,WTTR.N,0.23
2026-02-24,VIR.OQ,-2.40711
2026-02-25,DHC.OQ,-0.55
2026-02-25,WTTR.N,0.295
2026-02-26,WTTR.N,0.2988
2026-02-26,VIR.OQ,-2.27156
2026-03-02,DHC.OQ,-0.54
2026-03-02,DEC.N,2.1084
2026-03-02,VIR.OQ,-2.2855
2026-03-04,DEC.N,1.659
2026-03-04,LPG.N,4.425
2026-03-04,VIR.OQ,-2.12156
2026-03-11,LPG.N,4.355
2026-03-23,DEC.N,2.079
2026-03-24,DEC.N,2.19917
2018-08-06,BH.N,-4.38
2018-11-05,BH.N,-10.87
2019-02-25,BH.N,-12.31
2026-02-23,YSS.N,-0.62
2026-02-24,YSS.N,-0.06433
2026-02-25,YSS.N,-0.6115
2026-03-02,LLYVA.OQ,0.75
2026-03-20,YSS.N,-0.06544
2026-03-22,YSS.N,-0.07988
2026-03-26,YSS.N,-0.08833
2026-03-27,YSS.N,-0.08571
