Date,RIC,Earnings Per Share - Mean
2025-11-06,HDSN.OQ,0.451
2025-11-07,HDSN.OQ,0.476
2025-11-10,PESI.OQ,0.33
2025-11-10,PESI.OQ,-0.52
2025-11-10,GPGI.N,1.045
2025-11-13,KOP.N,4.57
2025-11-13,KOP.N,3.99333
2025-11-17,BATRA.OQ,-0.29
2025-11-20,MG.N,1.0
2025-11-20,MG.N,0.85
2025-11-26,AMWD.OQ,2.20667
2025-12-01,MRP.N,2.425
2025-12-16,GSAT.OQ,-0.0125
2025-12-16,GSAT.OQ,-0.05667
2026-01-07,WGO.N,2.47807
2026-01-08,CGON.OQ,-2.17839
2026-01-11,SLVM.N,5.22
2026-01-13,INGM.N,2.83758
2026-01-14,SPXC.N,6.7441
2026-01-14,KRUS.OQ,-0.24683
2026-01-16,APOG.OQ,3.4425
2026-01-20,NSA.N,0.648
2026-01-26,CIFR.OQ,-0.33254
2026-01-28,ASC.N,0.94667
2026-01-30,ENOV.N,3.18782
2026-01-30,APPF.OQ,6.55786
2026-02-01,STBA.OQ,3.6226
2026-02-02,EGBN.OQ,1.74
2026-02-02,CFFN.OQ,0.67
2026-02-03,NSSC.OQ,1.40833
2026-02-04,WTFC.OQ,12.37569
2026-02-04,ZION.OQ,6.221
2026-02-07,VECO.OQ,1.534
2026-02-07,VECO.OQ,1.3265
2026-02-08,NSA.N,0.66
2026-02-08,ELS.N,2.01667
2026-02-09,FIVE.OQ,6.2957
2026-02-09,MTG.N,3.02333
2026-02-10,SLQT.N,-0.155
2026-02-10,RRX.N,10.66292
2026-02-10,SHW.N,11.88177
2026-02-11,BEN.N,2.63809
2026-02-11,ASTS.OQ,-1.11863
2026-02-11,NYT.N,2.7486
2026-02-11,CTBI.OQ,5.785
2026-02-11,RDDT.N,4.08273
2026-02-12,DAR.N,2.56239
2026-02-12,CTSH.OQ,5.665
2026-02-12,BK.N,8.37033
2026-02-12,LECO.OQ,10.82809
2026-02-12,ODFL.OQ,5.00183
2026-02-12,FDX.N,18.55664
2026-02-12,NET.N,1.13697
2026-02-12,APP.OQ,15.18792
2026-02-12,PRI.N,23.75875
2026-02-13,DAR.N,2.757
2026-02-13,LECO.OQ,10.84464
2026-02-13,FDX.N,18.59132
2026-02-13,NET.N,1.14061
2026-02-13,SLVM.N,3.87
2026-02-13,SHW.N,11.884
2026-02-13,RDDT.N,4.055
2026-02-13,ASC.N,1.17667
2026-02-13,ELS.N,2.01714
2026-02-13,SBFG.OQ,2.47
2026-02-14,GPGI.N,1.14667
2026-02-14,FDX.N,18.60204
2026-02-14,GPGI.N,1.04
2026-02-16,CTSH.OQ,5.65989
2026-02-16,PRI.N,23.75975
2026-02-16,RDDT.N,4.07983
2026-02-17,DAR.N,2.83392
2026-02-17,BK.N,8.36633
2026-02-17,LECO.OQ,10.85464
2026-02-17,NET.N,1.13833
2026-02-17,SLVM.N,3.03667
2026-02-17,ASC.N,1.16333
2026-02-17,ELS.N,2.02125
2026-02-18,DAR.N,2.9321
2026-02-18,ODFL.OQ,4.993
2026-02-18,NET.N,1.13807
2026-02-18,APP.OQ,15.6319
2026-02-18,STBA.OQ,3.61883
2026-02-18,PRI.N,23.8516
2026-02-19,DAR.N,2.96373
2026-02-19,LECO.OQ,10.82282
2026-02-20,NYT.N,2.7405
2026-02-22,FIVE.OQ,6.33635
2026-02-22,FDX.N,18.61239
2026-02-23,ZION.OQ,6.20368
2026-02-23,STBA.OQ,3.62217
2026-02-24,SPXC.N,7.73
2026-02-24,FIVE.OQ,6.37435
2026-02-24,EGBN.OQ,1.71
2026-02-24,FDX.N,18.62204
2026-02-24,APP.OQ,15.6103
2026-02-24,STBA.OQ,3.619
2026-02-24,RDDT.N,4.12544
2026-02-24,CIFR.OQ,-0.74933
2026-02-25,SPXC.N,7.8472
2026-02-25,BATRA.OQ,0.15
2026-02-25,FDX.N,18.61221
2026-02-25,CIFR.OQ,-0.81193
2026-02-26,SPXC.N,7.8352
2026-02-26,ENOV.N,3.521
2026-02-26,FIVE.OQ,6.3551
2026-02-26,WGO.N,2.46829
2026-02-26,MRP.N,3.09
2026-02-26,FDX.N,18.62329
2026-02-26,VECO.OQ,1.67225
2026-02-26,AMWD.OQ,2.39333
2026-02-27,ENOV.N,3.56517
2026-02-27,CGON.OQ,-2.46214
2026-02-27,MRP.N,3.14
2026-02-27,KOP.N,4.49667
2026-02-27,CIFR.OQ,-0.8386
2026-02-27,GSAT.OQ,-0.035
2026-02-27,AMWD.OQ,2.45
2026-03-01,PRI.N,23.8706
2026-03-02,CGON.OQ,-2.42692
2026-03-02,CTSH.OQ,5.65915
2026-03-02,ASTS.OQ,-0.94456
2026-03-02,APP.OQ,15.57838
2026-03-02,INGM.N,3.18277
2026-03-02,SHW.N,11.90209
2026-03-02,KOP.N,4.27
2026-03-02,GSAT.OQ,-0.075
2026-03-03,ASTS.OQ,-1.0331
2026-03-03,WTFC.OQ,12.37062
2026-03-03,ODFL.OQ,4.99717
2026-03-03,FDX.N,18.63793
2026-03-03,APP.OQ,15.58664
2026-03-03,INGM.N,3.202
2026-03-03,SHW.N,11.90075
2026-03-03,PRI.N,23.89383
2026-03-03,CIFR.OQ,-0.7869
2026-03-04,SPXC.N,7.832
2026-03-04,ASTS.OQ,-1.00008
2026-03-04,ZION.OQ,6.21141
2026-03-04,ODFL.OQ,4.99742
2026-03-04,CIFR.OQ,-0.83355
2026-03-05,ENOV.N,3.61467
2026-03-05,NSA.N,0.624
2026-03-05,HDSN.OQ,0.45325
2026-03-05,FDX.N,18.64471
2026-03-05,KRUS.OQ,-0.193
2026-03-05,INGM.N,3.19467
2026-03-05,KOP.N,4.295
2026-03-06,SPXC.N,7.86564
2026-03-06,MG.N,1.0075
2026-03-06,CGON.OQ,-2.51583
2026-03-06,BEN.N,2.629
2026-03-06,ODFL.OQ,4.9995
2026-03-06,INGM.N,3.19383
2026-03-06,KOP.N,4.27333
2026-03-06,CIFR.OQ,-0.88264
2026-03-09,FIVE.OQ,6.35505
2026-03-09,ASTS.OQ,-1.00613
2026-03-09,ODFL.OQ,5.0045
2026-03-09,INGM.N,3.173
2026-03-09,VECO.OQ,1.6518
2026-03-10,MG.N,1.03
2026-03-10,FIVE.OQ,6.3557
2026-03-10,FDX.N,18.67864
2026-03-10,RDDT.N,4.12304
2026-03-11,MG.N,1.02333
2026-03-11,FDX.N,18.68043
2026-03-12,ZION.OQ,6.21379
2026-03-12,ODFL.OQ,5.00617
2026-03-12,MTG.N,3.0675
2026-03-13,ODFL.OQ,5.00792
2026-03-13,FDX.N,18.68936
2026-03-13,SHW.N,11.93672
2026-03-13,GPGI.N,1.10667
2026-03-13,ELS.N,2.02111
2026-03-15,GPGI.N,1.10667
2026-03-16,ENOV.N,3.6212
2026-03-16,FIVE.OQ,6.35546
2026-03-16,NSA.N,0.6875
2026-03-16,FDX.N,18.70186
2026-03-16,INGM.N,3.194
2026-03-16,SHW.N,11.94035
2026-03-17,FIVE.OQ,6.37504
2026-03-17,LECO.OQ,10.8151
2026-03-17,FDX.N,18.69471
2026-03-17,RRX.N,10.66409
2026-03-17,SHW.N,11.90573
2026-03-18,FIVE.OQ,7.29904
2026-03-18,APP.OQ,15.57939
2026-03-18,SHW.N,11.90756
2026-03-18,KOP.N,4.2975
2026-03-19,FIVE.OQ,7.9808
2026-03-19,FDX.N,19.07321
2026-03-19,GPGI.N,1.13
2026-03-20,FIVE.OQ,8.0488
2026-03-20,FDX.N,19.45993
2026-03-20,PRI.N,23.86186
2026-03-23,FDX.N,19.49266
2026-03-23,KRUS.OQ,-0.19714
2026-03-24,DAR.N,3.05282
2026-03-24,WGO.N,2.46114
2026-03-24,FDX.N,19.69548
2026-03-24,KRUS.OQ,-0.19514
2026-03-24,GPGI.N,1.13
2026-03-25,FDX.N,19.69565
2025-10-29,SPOK.OQ,0.8
2025-10-29,GIC.N,1.84
2025-10-31,QUAD.N,1.01
2025-10-31,THRY.OQ,0.509
2025-10-31,QUAD.N,1.13
2025-11-06,PKOH.OQ,3.15
2025-11-06,PKOH.OQ,2.8
2025-11-07,STRA.OQ,5.86667
2025-11-07,STRA.OQ,6.42667
2025-12-03,CTRN.OQ,-0.77
2025-12-04,PDFS.OQ,1.0725
2025-12-21,VERA.OQ,-4.54077
2025-12-22,AOMR.N,0.59
2025-12-22,AIRJ.OQ,0.16
2025-12-29,ZVRA.OQ,1.2375
2026-01-15,EYE.OQ,0.69946
2026-01-18,RKLB.OQ,-0.37725
2026-01-18,PARR.N,4.8875
2026-01-18,RKLB.OQ,-0.21292
2026-01-20,BMBL.OQ,-2.13375
2026-01-26,AMT.N,5.26813
2026-01-28,PARR.N,3.78286
2026-01-30,BEPC.N,-1.14333
2026-01-30,CHCO.OQ,8.9725
2026-02-02,DTM.N,4.38983
2026-02-03,SMPL.OQ,1.94425
2026-02-03,FMBH.OQ,4.40267
2026-02-04,PNFP.N,10.19144
2026-02-05,LQDT.OQ,1.56
2026-02-06,GWW.N,43.56506
2026-02-09,BC.N,4.2335
2026-02-09,WDC.OQ,8.93753
2026-02-09,REG.OQ,2.46444
2026-02-10,RL.N,16.24947
2026-02-10,G.N,4.01667
2026-02-10,QCOM.OQ,11.10279
2026-02-11,TMO.N,24.56438
2026-02-11,KMPR.N,3.932
2026-02-11,PFE.N,2.96742
2026-02-11,NMIH.OQ,5.13667
2026-02-11,ARMK.N,2.21292
2026-02-12,RPRX.OQ,5.06971
2026-02-12,RTX.N,6.81421
2026-02-12,PRCH.OQ,0.065
2026-02-12,SSNC.OQ,6.86011
2026-02-12,GEO.N,1.27
2026-02-12,KHC.OQ,2.19395
2026-02-12,HAS.OQ,5.5965
2026-02-12,STAG.N,1.035
2026-02-12,HOG.N,1.03933
2026-02-12,KMX.N,2.65705
2026-02-13,WDC.OQ,8.92915
2026-02-13,DTM.N,4.39215
2026-02-13,PDFS.OQ,1.116
2026-02-13,GEO.N,1.22333
2026-02-13,PFE.N,2.96405
2026-02-13,KHC.OQ,2.16195
2026-02-13,RL.N,16.24888
2026-02-13,HOG.N,0.264
2026-02-14,VERA.OQ,-4.54769
2026-02-16,RTX.N,6.84842
2026-02-16,KHC.OQ,2.06129
2026-02-17,BC.N,4.23174
2026-02-17,GWW.N,43.56144
2026-02-17,SSNC.OQ,6.8431
2026-02-17,GEO.N,1.18333
2026-02-17,PFE.N,2.95905
2026-02-17,NMIH.OQ,5.144
2026-02-17,HAS.OQ,5.7111
2026-02-17,RL.N,16.25894
2026-02-17,ARMK.N,2.21423
2026-02-17,HOG.N,0.24091
2026-02-17,KMX.N,2.66126
2026-02-18,KALV.OQ,-2.93
2026-02-18,RPRX.OQ,5.07633
2026-02-18,RTX.N,6.846
2026-02-18,HAS.OQ,5.7121
2026-02-18,FMBH.OQ,4.41514
2026-02-18,REG.OQ,2.45111
2026-02-18,STAG.N,1.0475
2026-02-19,QUAD.N,1.14
2026-02-19,DTM.N,4.85377
2026-02-19,PFE.N,2.95541
2026-02-19,KHC.OQ,2.03424
2026-02-19,HAS.OQ,5.70582
2026-02-20,BC.N,4.23542
2026-02-20,DTM.N,4.82708
2026-02-20,CHCO.OQ,8.938
2026-02-22,RTX.N,6.83191
2026-02-23,TMO.N,24.556
2026-02-23,PNFP.N,10.099
2026-02-23,KHC.OQ,2.03456
2026-02-23,HAS.OQ,5.68533
2026-02-24,GIC.N,1.975
2026-02-24,AMT.N,6.86194
2026-02-24,RTX.N,6.83129
2026-02-24,DTM.N,4.82908
2026-02-24,PFE.N,2.9543
2026-02-24,KHC.OQ,2.03537
2026-02-24,QCOM.OQ,11.109
2026-02-24,KMX.N,2.65337
2026-02-25,AOMR.N,1.328
2026-02-25,SPOK.OQ,0.66
2026-02-25,GIC.N,2.0
2026-02-25,AMT.N,6.67531
2026-02-25,QUAD.N,1.15
2026-02-25,DTM.N,4.83292
2026-02-25,PARR.N,3.66857
2026-02-26,VERA.OQ,-4.67083
2026-02-26,AMT.N,6.64406
2026-02-26,GWW.N,43.567
2026-02-26,HAS.OQ,5.71185
2026-02-26,RL.N,16.25567
2026-02-26,QCOM.OQ,11.1387
2026-02-26,THRY.OQ,0.30433
2026-02-27,RPRX.OQ,5.06633
2026-02-27,VERA.OQ,-4.79083
2026-02-27,RKLB.OQ,-0.221
2026-02-27,AMT.N,6.59969
2026-02-27,PFE.N,2.95621
2026-02-27,HAS.OQ,5.71262
2026-02-27,STRA.OQ,6.56
2026-02-27,PARR.N,3.89286
2026-02-28,DTM.N,4.80292
2026-03-02,VERA.OQ,-4.92917
2026-03-02,RKLB.OQ,-0.23275
2026-03-02,QCOM.OQ,11.14314
2026-03-02,REG.OQ,2.44667
2026-03-02,STRA.OQ,6.75333
2026-03-03,RKLB.OQ,-0.23358
2026-03-03,AMT.N,6.462
2026-03-03,GWW.N,43.5819
2026-03-03,DTM.N,4.79369
2026-03-03,PFE.N,2.95579
2026-03-03,HOG.N,0.42917
2026-03-03,PARR.N,4.4
2026-03-04,AMT.N,6.4764
2026-03-04,DTM.N,4.78062
2026-03-04,EYE.OQ,0.96775
2026-03-04,HOG.N,0.41
2026-03-05,VERA.OQ,-5.19667
2026-03-05,RKLB.OQ,-0.24663
2026-03-05,WDC.OQ,8.92915
2026-03-05,RTX.N,6.83081
2026-03-05,DTM.N,4.77546
2026-03-05,HAS.OQ,5.71529
2026-03-05,RL.N,16.26583
2026-03-05,EYE.OQ,0.98892
2026-03-05,HOG.N,0.41
2026-03-05,STRA.OQ,6.905
2026-03-06,VERA.OQ,-5.055
2026-03-06,PKOH.OQ,3.095
2026-03-07,AOMR.N,1.318
2026-03-07,REG.OQ,2.42556
2026-03-08,TMO.N,24.55704
2026-03-09,ZVRA.OQ,0.4875
2026-03-09,VERA.OQ,-5.169
2026-03-09,GWW.N,43.59505
2026-03-09,QCOM.OQ,11.13932
2026-03-09,HOG.N,0.41385
2026-03-09,PARR.N,4.4275
2026-03-10,TMO.N,24.5553
2026-03-10,ZVRA.OQ,0.45938
2026-03-10,HAS.OQ,5.71093
2026-03-10,QCOM.OQ,11.13693
2026-03-10,HOG.N,0.40214
2026-03-11,PFE.N,2.95716
2026-03-11,BMBL.OQ,0.867
2026-03-11,KMX.N,2.65133
2026-03-11,PARR.N,5.0575
2026-03-12,NMIH.OQ,5.13667
2026-03-12,BMBL.OQ,0.91246
2026-03-13,VERA.OQ,-5.20091
2026-03-13,PNFP.N,10.11461
2026-03-13,HAS.OQ,5.70713
2026-03-13,BMBL.OQ,0.9517
2026-03-16,ZVRA.OQ,0.48611
2026-03-16,SMPL.OQ,1.93538
2026-03-16,GWW.N,43.59858
2026-03-16,BMBL.OQ,0.9837
2026-03-16,QCOM.OQ,11.13403
2026-03-16,HOG.N,0.39643
2026-03-17,CTRN.OQ,1.07
2026-03-17,GWW.N,43.61794
2026-03-17,SSNC.OQ,6.8411
2026-03-17,PFE.N,2.95835
2026-03-18,RKLB.OQ,-0.257
2026-03-18,BMBL.OQ,0.99633
2026-03-19,BC.N,4.23765
2026-03-19,HAS.OQ,5.70525
2026-03-22,BEPC.N,-1.04
2026-03-22,ARMK.N,2.21423
2026-03-22,HOG.N,0.388
2026-03-23,TMO.N,24.55746
2026-03-23,DTM.N,4.76777
2026-03-23,PFE.N,2.95919
2026-03-23,HAS.OQ,5.72213
2026-03-24,GWW.N,43.61183
2026-03-24,HAS.OQ,5.72588
2026-03-24,RL.N,16.27467
2026-03-25,RTX.N,6.83367
2026-03-25,KALV.OQ,-1.79
2025-11-06,BBSI.OQ,2.1075
2025-11-13,HSTM.OQ,0.762
2025-11-18,ALTG.N,-1.27333
2025-11-18,ALTG.N,-2.45333
2025-11-19,SWKH.OQ,2.1
2025-11-19,SWKH.OQ,2.16
2025-11-20,OPK.OQ,-0.32714
2025-12-11,IART.OQ,2.20027
2025-12-24,ABM.N,3.99429
2025-12-29,OLED.OQ,4.96013
2026-01-02,VIRC.OQ,0.71
2026-01-05,EEX.N,0.06
2026-01-06,HSTM.OQ,0.634
2026-01-08,UFPI.OQ,5.364
2026-01-12,CCC.OQ,0.35736
2026-01-12,PL.N,-0.05633
2026-01-13,PL.N,-0.11843
2026-01-13,VIA.N,-1.43889
2026-01-14,HE.N,0.93667
2026-01-14,ATMU.N,2.632
2026-01-16,WABC.OQ,4.255
2026-01-21,INGN.OQ,-0.95
2026-01-23,ORI.N,3.3
2026-01-25,AMAL.OQ,4.13
2026-01-26,HE.N,0.97667
2026-01-27,BBSI.OQ,2.375
2026-02-02,AMSF.OQ,2.275
2026-02-02,HALO.OQ,6.554
2026-02-02,AMSF.OQ,2.2755
2026-02-02,ORRF.OQ,4.2175
2026-02-03,YEXT.N,0.60667
2026-02-03,CPB.OQ,2.43095
2026-02-03,UAL.OQ,13.38643
2026-02-03,YEXT.N,0.53
2026-02-04,ATKR.N,5.24333
2026-02-04,BLK.N,54.47913
2026-02-04,WM.N,8.20668
2026-02-05,VLY.OQ,1.26623
2026-02-06,PVLA.OQ,-3.50875
2026-02-06,MMS.N,8.515
2026-02-06,ADM.N,3.96389
2026-02-09,FLEX.OQ,3.246
2026-02-09,ASGN.N,5.03143
2026-02-10,MTW.N,0.7
2026-02-10,WHR.N,6.48778
2026-02-10,CMI.N,26.22239
2026-02-10,SYBT.OQ,4.7512
2026-02-10,INBK.OQ,2.2225
2026-02-11,SNA.N,19.96
2026-02-11,ACRE.N,0.24167
2026-02-12,CEG.OQ,9.38394
2026-02-12,ATEX.OQ,4.5
2026-02-12,RIVN.OQ,-2.44956
2026-02-12,WING.OQ,3.9207
2026-02-12,FTI.N,2.26568
2026-02-13,OLED.OQ,4.95763
2026-02-13,ATMU.N,2.8398
2026-02-13,WM.N,8.20588
2026-02-13,RIVN.OQ,-2.47224
2026-02-16,WING.OQ,3.91589
2026-02-17,HALO.OQ,8.16667
2026-02-17,ATMU.N,2.8658
2026-02-17,RIVN.OQ,-2.47635
2026-02-17,ACRE.N,0.198
2026-02-18,CEG.OQ,9.36512
2026-02-18,HALO.OQ,8.03333
2026-02-18,ATEX.OQ,5.22
2026-02-18,ATMU.N,2.9468
2026-02-18,WING.OQ,4.69048
2026-02-18,ADM.N,3.9373
2026-02-19,UAL.OQ,13.36976
2026-02-19,OLED.OQ,5.29944
2026-02-19,RIVN.OQ,-2.49253
2026-02-19,WING.OQ,4.68186
2026-02-19,FTI.N,2.82771
2026-02-20,CEG.OQ,9.36206
2026-02-20,CMI.N,26.18739
2026-02-20,OLED.OQ,5.05422
2026-02-20,WM.N,8.19908
2026-02-20,WING.OQ,4.68359
2026-02-20,FTI.N,2.89419
2026-02-20,OPK.OQ,-0.32857
2026-02-22,CMI.N,26.17595
2026-02-22,RIVN.OQ,-2.4805
2026-02-23,UFPI.OQ,5.778
2026-02-23,CEG.OQ,9.35706
2026-02-23,WHR.N,6.59375
2026-02-23,OLED.OQ,4.97367
2026-02-23,BLK.N,54.426
2026-02-23,FTI.N,2.89229
2026-02-24,HSTM.OQ,0.76
2026-02-24,PVLA.OQ,-3.51813
2026-02-24,UFPI.OQ,5.648
2026-02-24,CEG.OQ,11.4967
2026-02-24,HALO.OQ,8.016
2026-02-24,INGN.OQ,-0.79
2026-02-24,ATEX.OQ,4.58
2026-02-24,CCC.OQ,0.42386
2026-02-25,HSTM.OQ,0.75
2026-02-25,UFPI.OQ,5.548
2026-02-25,CEG.OQ,11.4912
2026-02-25,WHR.N,6.49375
2026-02-25,INGN.OQ,-0.8415
2026-02-25,ORRF.OQ,4.24
2026-02-25,CCC.OQ,0.42257
2026-02-25,WING.OQ,4.67592
2026-02-26,UFPI.OQ,5.456
2026-02-26,CEG.OQ,11.5122
2026-02-26,OLED.OQ,4.81614
2026-02-26,AMSF.OQ,2.176
2026-02-26,BBSI.OQ,2.1525
2026-02-26,IART.OQ,2.35373
2026-02-26,RIVN.OQ,-2.51106
2026-02-26,FTI.N,2.93056
2026-02-26,OPK.OQ,-0.27286
2026-02-27,ALTG.N,-1.17333
2026-02-27,BBSI.OQ,1.8625
2026-02-27,IART.OQ,2.344
2026-02-27,SNA.N,20.083
2026-02-27,VIA.N,0.03
2026-02-27,OPK.OQ,-0.27143
2026-02-28,ACRE.N,0.198
2026-03-01,IART.OQ,2.33946
2026-03-02,HSTM.OQ,0.7425
2026-03-02,WHR.N,6.36875
2026-03-02,HE.N,1.05667
2026-03-02,VIA.N,0.01
2026-03-02,OPK.OQ,-0.27857
2026-03-03,CPB.OQ,2.42884
2026-03-03,WHR.N,6.15125
2026-03-03,CCC.OQ,0.423
2026-03-03,RIVN.OQ,-2.48822
2026-03-03,FTI.N,2.93053
2026-03-04,CMI.N,26.17753
2026-03-04,ALTG.N,-1.30333
2026-03-04,WM.N,8.20565
2026-03-04,RIVN.OQ,-2.48822
2026-03-04,FTI.N,2.94082
2026-03-05,CPB.OQ,2.42516
2026-03-05,ALTG.N,-1.375
2026-03-05,IART.OQ,2.34711
2026-03-05,WING.OQ,4.67904
2026-03-06,HSTM.OQ,0.738
2026-03-06,CPB.OQ,2.42253
2026-03-06,UAL.OQ,13.14982
2026-03-06,BLK.N,54.2885
2026-03-06,HE.N,1.085
2026-03-08,CMI.N,26.06465
2026-03-09,CPB.OQ,2.42095
2026-03-09,UAL.OQ,13.00664
2026-03-09,ALTG.N,-1.3
2026-03-10,CPB.OQ,2.41832
2026-03-10,UFPI.OQ,5.3302
2026-03-10,UAL.OQ,12.87664
2026-03-10,CCC.OQ,0.42354
2026-03-10,YEXT.N,0.58667
2026-03-10,ADM.N,3.95664
2026-03-10,ABM.N,3.96143
2026-03-11,CPB.OQ,2.34626
2026-03-11,FLEX.OQ,3.24546
2026-03-11,CEG.OQ,11.47411
2026-03-11,YEXT.N,0.565
2026-03-11,ABM.N,3.96
2026-03-12,CPB.OQ,2.25153
2026-03-12,UAL.OQ,12.547
2026-03-12,WHR.N,6.05
2026-03-12,VIA.N,-0.00125
2026-03-12,ADM.N,4.07391
2026-03-13,CPB.OQ,2.23468
2026-03-13,ORRF.OQ,4.2225
2026-03-13,AMAL.OQ,4.08
2026-03-13,IART.OQ,2.3464
2026-03-13,WM.N,8.20804
2026-03-13,EEX.N,0.185
2026-03-13,ADM.N,4.07608
2026-03-16,HSTM.OQ,0.732
2026-03-16,CPB.OQ,2.23468
2026-03-16,UAL.OQ,11.97014
2026-03-16,CEG.OQ,11.48906
2026-03-16,YEXT.N,0.54667
2026-03-16,WING.OQ,4.67907
2026-03-16,EEX.N,0.17
2026-03-16,ADM.N,4.09025
2026-03-17,UAL.OQ,12.03605
2026-03-17,ATKR.N,5.262
2026-03-17,HE.N,1.07667
2026-03-17,WING.OQ,4.68237
2026-03-18,CPB.OQ,2.2205
2026-03-18,UAL.OQ,12.13514
2026-03-18,CEG.OQ,11.32021
2026-03-19,CEG.OQ,11.32021
2026-03-19,RIVN.OQ,-2.50989
2026-03-19,WING.OQ,4.68163
2026-03-20,CPB.OQ,2.21995
2026-03-20,UAL.OQ,12.05514
2026-03-20,PL.N,-0.06017
2026-03-20,YEXT.N,0.57333
2026-03-23,UAL.OQ,12.05241
2026-03-23,IART.OQ,2.34822
2026-03-23,FTI.N,2.94139
2026-03-24,CEG.OQ,11.46758
2026-03-24,ADM.N,4.13442
2026-03-25,CEG.OQ,11.5652
2025-08-15,VUZI.OQ,-0.4
2025-11-05,BCO.N,7.95667
2025-11-06,KRT.OQ,1.61
2025-11-09,FNKO.OQ,-0.74667
2025-11-10,PMTS.OQ,1.1875
2025-11-14,VUZI.OQ,-0.36
2025-11-17,CERS.OQ,-0.08
2025-11-18,SION.OQ,-2.0425
2025-11-25,ACU.A,2.175
2025-11-25,ACU.A,2.445
2025-11-29,CERS.OQ,-0.04
2025-12-11,XZO.N,0.891
2025-12-11,DAKT.OQ,1.07
2025-12-30,SERV.OQ,-1.67571
2026-01-05,IRWD.OQ,0.255
2026-01-05,KRT.OQ,1.525
2026-01-12,SLP.OQ,0.54
2026-01-12,VYX.N,0.87857
2026-01-15,ASIC.N,1.4426
2026-01-26,MCS.N,0.297
2026-02-02,HROW.OQ,0.06
2026-02-02,KNTK.N,0.81346
2026-02-02,PLD.N,3.41643
2026-02-02,HROW.OQ,1.3575
2026-02-02,KNTK.N,1.50308
2026-02-03,RKT.N,0.24167
2026-02-04,PANL.OQ,1.12467
2026-02-04,COF.N,20.3565
2026-02-04,PANL.OQ,0.35133
2026-02-04,EGAN.OQ,0.35667
2026-02-05,CACI.N,28.77323
2026-02-05,CAR.OQ,8.34833
2026-02-05,RM.N,5.498
2026-02-05,VMC.N,8.407
2026-02-06,NTCT.OQ,2.41333
2026-02-06,SLGN.N,3.80464
2026-02-06,AOSL.OQ,-0.62667
2026-02-08,IR.N,3.55907
2026-02-08,CAR.OQ,4.468
2026-02-09,Q.N,2.54588
2026-02-09,LEA.N,14.50208
2026-02-09,CSL.N,20.8275
2026-02-09,GPOR.N,21.4865
2026-02-10,SSD.N,8.8825
2026-02-10,MTD.N,46.4712
2026-02-12,CAKE.OQ,3.75546
2026-02-12,XP.OQ,2.03786625731555
2026-02-12,FLNG.N,1.61
2026-02-12,CVRX.OQ,-1.96857
2026-02-12,NBIX.OQ,6.2854
2026-02-12,PSN.N,3.33054
2026-02-12,CDNA.OQ,0.70057
2026-02-12,AMD.OQ,6.65158
2026-02-12,CLX.N,5.90194
2026-02-12,EVRG.OQ,3.97308
2026-02-12,IRDM.OQ,1.10244
2026-02-12,NVCT.OQ,-1.2475
2026-02-13,IR.N,3.5386
2026-02-13,XP.OQ,2.04201682282386
2026-02-13,CVRX.OQ,-1.96571
2026-02-13,NBIX.OQ,6.0304
2026-02-13,AMD.OQ,6.65276
2026-02-13,CLX.N,5.92061
2026-02-13,EVRG.OQ,3.97692
2026-02-13,IRDM.OQ,1.11578
2026-02-15,CVRX.OQ,-2.00857
2026-02-15,PSN.N,3.31515
2026-02-16,IR.N,3.53393
2026-02-17,MCS.N,0.27625
2026-02-17,FLNG.N,1.57
2026-02-17,VMC.N,9.725
2026-02-17,IRDM.OQ,1.10411
2026-02-18,IR.N,3.5426
2026-02-18,CAKE.OQ,4.01277
2026-02-18,COF.N,20.33774
2026-02-18,NBIX.OQ,5.96767
2026-02-18,VMC.N,9.67496
2026-02-18,PSN.N,3.2878
2026-02-18,AMD.OQ,6.65841
2026-02-18,MTD.N,46.4872
2026-02-19,IR.N,3.55069
2026-02-19,CAKE.OQ,4.02186
2026-02-19,XP.OQ,2.05085022263166
2026-02-19,FLNG.N,1.618
2026-02-19,Q.N,2.55463
2026-02-19,LEA.N,14.50208
2026-02-19,VMC.N,9.60552
2026-02-19,PSN.N,3.2828
2026-02-19,EVRG.OQ,4.29254
2026-02-19,IRDM.OQ,1.11386
2026-02-19,ASIC.N,1.86
2026-02-20,IR.N,3.54146
2026-02-20,CAKE.OQ,4.03277
2026-02-20,CAR.OQ,5.47
2026-02-20,VMC.N,9.58248
2026-02-20,PSN.N,3.29982
2026-02-20,EVRG.OQ,4.291
2026-02-22,VMC.N,9.55561
2026-02-23,NBIX.OQ,5.99042
2026-02-23,EVRG.OQ,4.26539
2026-02-23,ASIC.N,1.885
2026-02-24,COF.N,20.33763
2026-02-24,Q.N,2.56213
2026-02-24,VMC.N,9.43112
2026-02-24,CDNA.OQ,0.85614
2026-02-24,AMD.OQ,6.63969
2026-02-24,ASIC.N,1.895
2026-02-24,SION.OQ,-2.037
2026-02-24,GPOR.N,23.76954
2026-02-25,CAKE.OQ,4.03532
2026-02-25,XZO.N,0.98567
2026-02-25,CAR.OQ,4.76833
2026-02-25,IRWD.OQ,1.105
2026-02-25,CDNA.OQ,0.70043
2026-02-25,AMD.OQ,6.65493
2026-02-25,GPOR.N,23.58185
2026-02-26,RKT.N,0.82
2026-02-26,MCS.N,0.55
2026-02-26,CAR.OQ,4.02833
2026-02-26,VYX.N,0.97286
2026-02-26,Q.N,3.55275
2026-02-26,IRWD.OQ,1.35
2026-02-26,BCO.N,9.36
2026-02-26,VMC.N,9.32171
2026-02-26,KNTK.N,1.48892
2026-02-26,AMD.OQ,6.65517
2026-02-27,RKT.N,0.83333
2026-02-27,VYX.N,0.96
2026-02-27,Q.N,3.55238
2026-02-27,BCO.N,9.19667
2026-02-27,KNTK.N,1.49225
2026-03-01,Q.N,3.63863
2026-03-02,RKT.N,0.83091
2026-03-02,MCS.N,0.545
2026-03-02,XP.OQ,2.09443649443069
2026-03-02,CACI.N,28.75015
2026-03-02,VYX.N,0.94167
2026-03-02,NBIX.OQ,6.07674
2026-03-02,VMC.N,9.318
2026-03-02,KNTK.N,1.4565
2026-03-02,AMD.OQ,6.65938
2026-03-02,SION.OQ,-2.341
2026-03-02,GPOR.N,23.67492
2026-03-03,HROW.OQ,1.0375
2026-03-03,CERS.OQ,-0.07
2026-03-03,GPOR.N,23.26117
2026-03-04,DAKT.OQ,1.03
2026-03-04,LEA.N,14.45962
2026-03-04,HROW.OQ,0.76625
2026-03-04,KNTK.N,1.38733
2026-03-04,CERS.OQ,-0.06667
2026-03-05,RKT.N,0.86222
2026-03-05,MCS.N,0.56
2026-03-05,PMTS.OQ,2.2625
2026-03-05,DAKT.OQ,0.99
2026-03-05,Q.N,3.737
2026-03-05,KNTK.N,1.35842
2026-03-05,AMD.OQ,6.65938
2026-03-05,GPOR.N,22.972
2026-03-06,FLNG.N,1.73
2026-03-06,PMTS.OQ,2.11
2026-03-06,ASIC.N,1.919
2026-03-06,SION.OQ,-2.308
2026-03-06,GPOR.N,22.8595
2026-03-08,NBIX.OQ,6.0699
2026-03-09,VMC.N,9.32811
2026-03-09,HROW.OQ,0.52143
2026-03-09,KNTK.N,1.28758
2026-03-09,EVRG.OQ,4.25985
2026-03-09,CSL.N,20.8115
2026-03-10,RKT.N,0.852
2026-03-10,GPOR.N,22.79517
2026-03-11,RKT.N,0.84889
2026-03-11,CACI.N,28.74246
2026-03-11,LEA.N,14.50536
2026-03-11,SERV.OQ,-2.0
2026-03-11,VMC.N,9.3062
2026-03-11,KNTK.N,1.27592
2026-03-11,EVRG.OQ,4.2528
2026-03-11,CERS.OQ,-0.07333
2026-03-12,PMTS.OQ,1.97333
2026-03-12,PANL.OQ,1.08467
2026-03-12,SERV.OQ,-2.18625
2026-03-12,FNKO.OQ,-0.06
2026-03-12,EVRG.OQ,4.24644
2026-03-13,RKT.N,0.842
2026-03-13,CAKE.OQ,4.03355
2026-03-13,VUZI.OQ,-0.42
2026-03-13,Q.N,3.72843
2026-03-13,FNKO.OQ,-0.19333
2026-03-13,KNTK.N,1.21842
2026-03-13,AMD.OQ,6.66183
2026-03-13,CLX.N,5.92479
2026-03-13,KRT.OQ,1.86
2026-03-14,KNTK.N,1.19675
2026-03-15,RKT.N,0.83
2026-03-16,IR.N,3.5385
2026-03-16,CACI.N,28.72323
2026-03-16,COF.N,20.33553
2026-03-16,EVRG.OQ,4.252
2026-03-16,GPOR.N,22.82267
2026-03-17,IR.N,3.53636
2026-03-17,FLNG.N,1.69333
2026-03-17,PANL.OQ,1.062
2026-03-17,HROW.OQ,0.51143
2026-03-18,VYX.N,0.93667
2026-03-18,Q.N,3.6915
2026-03-18,PANL.OQ,1.05133
2026-03-18,SERV.OQ,-2.22857
2026-03-18,HROW.OQ,0.50143
2026-03-19,IR.N,3.5346
2026-03-19,HROW.OQ,0.50429
2026-03-19,KNTK.N,1.19983
2026-03-19,MTD.N,46.498
2026-03-20,HROW.OQ,0.47714
2026-03-23,KNTK.N,1.13046
2026-03-23,ASIC.N,1.9224
2026-03-23,GPOR.N,22.88323
2026-03-24,HROW.OQ,0.46857
2026-03-24,PSN.N,3.27982
2026-03-25,CACI.N,28.69708
2026-03-25,PSN.N,3.27164
2025-09-26,BIRK.N,2.45888864186841
2025-10-31,PLPC.OQ,10.17
2025-10-31,PLPC.OQ,7.08
2025-11-03,OIS.N,0.50333
2025-11-03,OIS.N,0.33333
2025-11-04,XPRO.N,1.0414
2025-11-05,KWR.N,7.14
2025-11-11,JBI.N,0.61867
2025-11-12,TBRG.OQ,2.49333
2025-11-16,AIN.N,2.70667
2025-11-18,CCOI.OQ,-4.15615
2025-11-18,PRME.OQ,-1.3147
2025-11-19,INBX.OQ,-4.758
2025-11-19,INBX.OQ,-9.007
2025-12-08,RCKT.OQ,-2.08
2026-01-04,FCN.N,8.51333
2026-01-07,APGE.OQ,-4.21173
2026-01-08,NNI.N,8.809
2026-01-08,NNI.N,6.944
2026-01-09,ALLO.OQ,-0.94093
2026-01-09,DCI.N,4.04625
2026-01-13,XPRO.N,1.044
2026-01-13,PENG.OQ,2.0405
2026-01-14,LZ.OQ,0.62825
2026-01-19,NAVN.OQ,-0.4767
2026-01-22,MTZ.N,6.42223
2026-01-26,ALTI.OQ,0.28
2026-01-29,CNS.N,3.34
2026-02-02,MOV.N,1.509
2026-02-02,SMMT.OQ,-0.927
2026-02-02,ALKS.OQ,1.46573
2026-02-02,MOV.N,1.147
2026-02-03,SBCF.OQ,2.52
2026-02-04,KTB.N,5.49556
2026-02-06,NXT.OQ,4.37359
2026-02-08,GS.N,58.17848
2026-02-08,STAA.OQ,-1.0675
2026-02-09,AME.N,8.05477
2026-02-09,WWD.OQ,8.71444
2026-02-09,ORCL.N,7.36952
2026-02-09,EHC.N,5.95873
2026-02-10,JACK.OQ,3.78206
2026-02-10,AVXL.OQ,-0.325
2026-02-10,WTRG.N,2.12529
2026-02-10,NOC.N,28.00976
2026-02-10,WTRG.N,2.25067
2026-02-11,MGRC.OQ,6.65
2026-02-11,DOW.N,-0.29094
2026-02-11,MGRC.OQ,6.043
2026-02-11,CME.OQ,11.857
2026-02-12,NWE.OQ,3.82143
2026-02-12,PBF.N,0.81433
2026-02-12,DLR.N,1.965
2026-02-12,EXEL.OQ,3.07677
2026-02-13,KTB.N,5.49667
2026-02-13,PBF.N,1.09233
2026-02-13,CME.OQ,11.93342
2026-02-17,GS.N,58.17368
2026-02-17,PBF.N,0.95418
2026-02-18,JACK.OQ,3.73231
2026-02-19,JACK.OQ,3.61325
2026-02-19,CCOI.OQ,-4.10923
2026-02-19,PBF.N,1.07825
2026-02-19,LZ.OQ,0.69256
2026-02-20,JACK.OQ,3.59777
2026-02-20,CCOI.OQ,-3.47358
2026-02-20,DLR.N,1.9
2026-02-20,LZ.OQ,0.7503
2026-02-20,RCKT.OQ,-2.08385
2026-02-22,ORCL.N,7.36982
2026-02-22,NOC.N,27.98568
2026-02-23,XPRO.N,1.0454
2026-02-23,JACK.OQ,3.54013
2026-02-23,SMMT.OQ,-1.0115
2026-02-23,OIS.N,0.61
2026-02-23,KWR.N,8.436
2026-02-23,ALKS.OQ,1.4785
2026-02-23,CCOI.OQ,-3.61918
2026-02-23,LZ.OQ,0.7435
2026-02-24,SMMT.OQ,-1.05836
2026-02-24,KWR.N,8.27
2026-02-24,ORCL.N,7.371
2026-02-24,DLR.N,2.00071
2026-02-24,AIN.N,2.48
2026-02-25,JACK.OQ,3.5595
2026-02-25,KWR.N,8.19
2026-02-25,ALKS.OQ,-0.02694
2026-02-25,AIN.N,2.59333
2026-02-26,FCN.N,9.23667
2026-02-26,JACK.OQ,3.56012
2026-02-26,MTZ.N,8.20191
2026-02-26,KWR.N,8.132
2026-02-26,DCI.N,4.01625
2026-02-26,WTRG.N,2.25567
2026-02-26,ALKS.OQ,-0.44073
2026-02-26,MGRC.OQ,6.4836
2026-02-26,RCKT.OQ,-1.52182
2026-02-27,FCN.N,9.28
2026-02-27,MTZ.N,8.28327
2026-02-27,KWR.N,8.01
2026-02-27,DCI.N,4.005
2026-02-27,ALKS.OQ,-0.60407
2026-02-27,MGRC.OQ,6.4756
2026-02-27,CCOI.OQ,-3.72122
2026-02-27,RCKT.OQ,-1.506
2026-03-02,MTZ.N,8.31709
2026-03-02,APGE.OQ,-4.906
2026-03-02,WTRG.N,2.25733
2026-03-02,ALKS.OQ,-0.6515
2026-03-02,EXEL.OQ,3.11559
2026-03-02,RCKT.OQ,-1.525
2026-03-03,XPRO.N,1.0534
2026-03-03,MTZ.N,8.38846
2026-03-03,APGE.OQ,-4.90525
2026-03-03,DOW.N,-0.25281
2026-03-03,KTB.N,6.36333
2026-03-03,WTRG.N,2.264
2026-03-03,STAA.OQ,0.16857
2026-03-03,NNI.N,9.199
2026-03-03,RCKT.OQ,-1.533
2026-03-03,PRME.OQ,-0.94254
2026-03-04,XPRO.N,1.0394
2026-03-04,AME.N,8.05561
2026-03-04,MTZ.N,8.45164
2026-03-04,SMMT.OQ,-1.0298
2026-03-04,KTB.N,6.37111
2026-03-04,ORCL.N,7.36847
2026-03-04,WTRG.N,2.2525
2026-03-04,STAA.OQ,-0.16333
2026-03-04,CCOI.OQ,-3.6551
2026-03-04,JBI.N,0.62675
2026-03-04,CME.OQ,11.93777
2026-03-04,PRME.OQ,-0.92931
2026-03-05,MTZ.N,8.49668
2026-03-05,APGE.OQ,-4.91463
2026-03-05,DOW.N,-0.15219
2026-03-05,ORCL.N,7.36553
2026-03-05,DCI.N,4.0
2026-03-05,STAA.OQ,-0.12571
2026-03-05,JBI.N,0.62175
2026-03-05,RCKT.OQ,-1.5
2026-03-05,PRME.OQ,-0.94162
2026-03-06,DLR.N,1.97467
2026-03-06,JBI.N,0.63675
2026-03-06,CME.OQ,11.98777
2026-03-09,GS.N,58.21168
2026-03-09,APGE.OQ,-4.796
2026-03-09,PLPC.OQ,10.03
2026-03-09,DOW.N,-0.04344
2026-03-09,ORCL.N,7.35732
2026-03-09,DCI.N,3.99625
2026-03-09,STAA.OQ,-0.14
2026-03-09,PBF.N,2.532
2026-03-09,DLR.N,2.015
2026-03-10,APGE.OQ,-4.79243
2026-03-10,DOW.N,0.03469
2026-03-10,ORCL.N,7.40403
2026-03-10,NXT.OQ,4.373
2026-03-10,PRME.OQ,-0.91489
2026-03-11,AME.N,8.05111
2026-03-11,ALLO.OQ,-0.9265
2026-03-11,APGE.OQ,-4.7816
2026-03-11,DOW.N,-0.033
2026-03-11,ORCL.N,7.46873
2026-03-11,PBF.N,2.7745
2026-03-12,ALLO.OQ,-0.84644
2026-03-12,DOW.N,0.02947
2026-03-12,DCI.N,3.9775
2026-03-12,CME.OQ,12.04462
2026-03-12,PRME.OQ,-0.9134
2026-03-13,MTZ.N,8.50353
2026-03-13,ALLO.OQ,-0.81081
2026-03-13,APGE.OQ,-4.78693
2026-03-13,ORCL.N,7.48215
2026-03-15,ORCL.N,7.47746
2026-03-16,ALLO.OQ,-0.80469
2026-03-16,CME.OQ,12.09462
2026-03-17,JACK.OQ,3.56388
2026-03-17,NAVN.OQ,-0.58791
2026-03-17,APGE.OQ,-4.78463
2026-03-17,CCOI.OQ,-3.53282
2026-03-18,MTZ.N,8.50721
2026-03-18,DOW.N,0.20229
2026-03-18,ORCL.N,7.47642
2026-03-18,EXEL.OQ,3.13324
2026-03-19,ALLO.OQ,-0.77808
2026-03-19,DOW.N,0.27086
2026-03-20,INBX.OQ,-5.464
2026-03-20,DOW.N,0.29086
2026-03-20,MOV.N,1.529
2026-03-20,EHC.N,5.95782
2026-03-23,ORCL.N,7.47642
2026-03-23,WTRG.N,2.26
2026-03-23,STAA.OQ,-0.06429
2026-03-23,DLR.N,2.05141
2026-03-24,DOW.N,0.2905
2026-03-24,ORCL.N,7.47705
2026-03-25,WWD.OQ,8.71667
2026-03-25,NOC.N,27.97977
2025-09-08,STNG.N,6.144
2025-11-11,RVLV.N,0.75923
2025-11-12,OUT.N,0.95
2025-11-17,NPWR.N,-0.3185
2025-11-17,NPWR.N,-2.062
2025-11-24,NNOX.OQ,-0.8425
2025-12-12,VISN.OQ,1.65
2025-12-16,OUT.N,1.14867
2025-12-26,FA.OQ,1.0041
2026-01-02,WD.N,3.28667
2026-01-05,CRDF.OQ,-0.768
2026-01-09,PAYX.OQ,5.48963
2026-01-12,WLTH.OQ,-0.256
2026-01-14,TTGT.OQ,-13.74
2026-01-14,TTGT.OQ,-0.555
2026-01-21,CLW.N,-2.17
2026-01-22,HNRG.OQ,0.635
2026-01-22,HNRG.OQ,0.9725
2026-01-22,SIG.N,9.29967
2026-01-23,BKSY.N,-2.32375
2026-01-26,KRNY.OQ,0.685
2026-01-27,ASPN.N,-4.114
2026-01-27,SMR.N,-1.76681
2026-02-02,WAY.OQ,1.45973
2026-02-02,ATLC.OQ,5.83975
2026-02-02,JBSS.OQ,5.573
2026-02-02,SMBK.N,3.5232
2026-02-03,MRBK.OQ,2.296
2026-02-04,LC.N,1.738
2026-02-05,PROP.OQ,-0.255
2026-02-06,EPAM.N,11.43679
2026-02-08,ASH.N,3.89864
2026-02-09,NFG.N,8.2075
2026-02-09,SNOW.N,1.20759
2026-02-09,AXP.N,17.5805
2026-02-10,ISPR.OQ,-0.21
2026-02-10,IBCP.OQ,3.4698
2026-02-10,SWKS.OQ,4.68791
2026-02-10,TPR.N,6.48869
2026-02-11,OMF.N,7.50057
2026-02-11,EQT.N,2.91427
2026-02-11,URBN.OQ,5.32775
2026-02-11,NTB.N,5.92667
2026-02-11,MTRX.OQ,0.227
2026-02-11,TECH.OQ,1.9875
2026-02-12,CINF.OQ,8.54
2026-02-12,ARWR.OQ,-3.45667
2026-02-12,FUBO.N,-0.99996
2026-02-12,VNT.N,3.41642
2026-02-12,STEP.OQ,2.138
2026-02-12,ZBH.N,8.4055
2026-02-12,TCBI.OQ,7.48693
2026-02-12,VVV.N,1.6996
2026-02-13,ASH.N,3.91618
2026-02-13,VNT.N,3.42642
2026-02-13,URBN.OQ,5.32692
2026-02-13,TPR.N,6.49759
2026-02-14,VNT.N,3.42808
2026-02-15,CLW.N,-1.71667
2026-02-16,CINF.OQ,8.415
2026-02-16,AXP.N,17.5744
2026-02-17,OMF.N,7.49486
2026-02-17,NFG.N,8.17
2026-02-17,ASH.N,3.8978
2026-02-17,EQT.N,4.19404
2026-02-17,SNOW.N,1.20802
2026-02-17,TPR.N,6.49837
2026-02-17,WAY.OQ,1.63014
2026-02-17,EPAM.N,11.43837
2026-02-17,ZBH.N,8.39515
2026-02-18,CINF.OQ,8.47333
2026-02-18,EQT.N,4.22029
2026-02-18,SNOW.N,1.20748
2026-02-18,WAY.OQ,1.62696
2026-02-18,SMBK.N,3.526
2026-02-19,EQT.N,4.398
2026-02-19,VNT.N,3.43518
2026-02-19,WAY.OQ,1.62605
2026-02-19,EPAM.N,12.64416
2026-02-19,CLW.N,-3.28667
2026-02-20,BKSY.N,-2.29111
2026-02-20,EQT.N,4.40425
2026-02-20,VNT.N,3.44518
2026-02-20,TPR.N,6.49745
2026-02-20,EPAM.N,12.66521
2026-02-20,ZBH.N,8.39496
2026-02-20,PAYX.OQ,5.48838
2026-02-20,AXP.N,17.56692
2026-02-23,EQT.N,4.5015
2026-02-23,URBN.OQ,5.32442
2026-02-23,EPAM.N,12.69953
2026-02-23,SMR.N,-1.89544
2026-02-24,EQT.N,4.59155
2026-02-24,VNT.N,3.44558
2026-02-24,URBN.OQ,5.32608
2026-02-24,RVLV.N,0.86571
2026-02-24,CRDF.OQ,-0.6867
2026-02-24,PROP.OQ,0.44
2026-02-24,SMR.N,-1.88981
2026-02-25,SNOW.N,1.6943
2026-02-25,URBN.OQ,5.85515
2026-02-25,ASPN.N,-0.5165
2026-02-25,RVLV.N,0.89286
2026-02-25,CRDF.OQ,-0.6317
2026-02-26,BKSY.N,-1.13364
2026-02-26,WD.N,4.02
2026-02-26,SNOW.N,1.76735
2026-02-26,URBN.OQ,5.88177
2026-02-26,ASPN.N,-0.6065
2026-02-26,EPAM.N,12.75622
2026-02-26,RVLV.N,0.894
2026-02-26,VISN.OQ,0.995
2026-02-26,FA.OQ,1.1687
2026-02-26,CRDF.OQ,-0.58967
2026-02-26,OUT.N,1.221
2026-02-26,SMR.N,-0.75113
2026-02-27,BKSY.N,-1.28
2026-02-27,SNOW.N,1.7675
2026-02-27,ASPN.N,-0.6378
2026-02-27,VISN.OQ,0.75
2026-02-27,FA.OQ,1.1849
2026-02-27,AXP.N,17.5712
2026-02-27,SMR.N,-0.75513
2026-03-02,WD.N,3.86333
2026-03-02,SWKS.OQ,4.68448
2026-03-02,SNOW.N,1.77649
2026-03-02,STEP.OQ,2.1396
2026-03-02,AXP.N,17.57808
2026-03-02,OUT.N,1.22825
2026-03-02,SMR.N,-0.73931
2026-03-03,SNOW.N,1.78053
2026-03-03,URBN.OQ,5.88021
2026-03-03,PROP.OQ,0.45
2026-03-04,BKSY.N,-1.29
2026-03-04,SNOW.N,1.787
2026-03-04,WLTH.OQ,-0.398
2026-03-04,URBN.OQ,5.88775
2026-03-04,ASPN.N,-0.7525
2026-03-05,BKSY.N,-1.27222
2026-03-05,EQT.N,4.54505
2026-03-05,WAY.OQ,1.62741
2026-03-05,FA.OQ,1.19667
2026-03-05,AXP.N,17.57808
2026-03-06,EQT.N,4.56855
2026-03-06,EPAM.N,12.75858
2026-03-06,FA.OQ,1.1974
2026-03-08,EQT.N,4.59755
2026-03-08,WLTH.OQ,-0.396
2026-03-09,NFG.N,8.026
2026-03-09,SIG.N,9.433
2026-03-10,BKSY.N,-1.295
2026-03-10,SIG.N,9.4687
2026-03-11,WD.N,3.92
2026-03-11,WLTH.OQ,0.55714
2026-03-11,NPWR.N,-0.304
2026-03-12,NFG.N,8.138
2026-03-12,EQT.N,4.59805
2026-03-12,WLTH.OQ,0.54857
2026-03-12,EPAM.N,12.78047
2026-03-12,ATLC.OQ,8.7712
2026-03-12,TTGT.OQ,-0.73
2026-03-12,NPWR.N,-0.2915
2026-03-13,HNRG.OQ,0.39
2026-03-13,KRNY.OQ,0.62
2026-03-13,NFG.N,8.09
2026-03-13,EQT.N,4.6628
2026-03-13,TPR.N,6.49281
2026-03-13,EPAM.N,12.78053
2026-03-13,ATLC.OQ,8.828
2026-03-13,NPWR.N,-0.2955
2026-03-13,TECH.OQ,1.987
2026-03-15,SWKS.OQ,4.68518
2026-03-15,OUT.N,1.23475
2026-03-16,AXP.N,17.56573
2026-03-17,EQT.N,4.59314
2026-03-17,ATLC.OQ,8.786
2026-03-18,WLTH.OQ,0.56333
2026-03-18,PAYX.OQ,5.49024
2026-03-18,SMR.N,-0.76119
2026-03-19,IBCP.OQ,3.4818
2026-03-19,ATLC.OQ,9.0175
2026-03-19,SIG.N,10.5839
2026-03-20,NFG.N,8.03667
2026-03-20,EQT.N,4.59852
2026-03-20,ATLC.OQ,8.91
2026-03-20,TECH.OQ,1.98344
2026-03-20,SIG.N,10.4073
2026-03-23,IBCP.OQ,3.4938
2026-03-23,EQT.N,4.65417
2026-03-23,ZBH.N,8.39362
2026-03-24,OMF.N,7.48557
2026-03-24,HNRG.OQ,0.644
2026-03-25,EQT.N,4.63192
2026-03-25,ZBH.N,8.39536
2026-03-25,TECH.OQ,1.983
2025-08-11,CLDT.N,-0.05
2025-11-06,AVNS.N,0.9
2025-11-13,ALMU.OQ,-0.185
2025-11-14,ALNT.OQ,2.0725
2025-11-17,IOSP.OQ,5.04667
2025-11-18,IOSP.OQ,5.57
2026-01-06,MTUS.N,1.184
2026-01-08,FC.N,0.535
2026-01-08,TDOC.N,-1.18526
2026-01-12,PRM.N,1.36
2026-01-14,RZLV.OQ,-0.262
2026-01-15,LBTYA.OQ,-12.908
2026-01-16,HLIO.N,2.46667
2026-01-19,ANAB.OQ,-1.2569
2026-01-20,PRM.N,1.245
2026-01-20,MTUS.N,0.58
2026-01-20,EPRT.N,1.36
2026-01-21,NESR.OQ,0.765
2026-01-21,MCB.N,10.39667
2026-01-21,NESR.OQ,1.499
2026-01-22,PNTG.OQ,1.15833
2026-01-22,BSY.OQ,1.18129
2026-01-22,PNTG.OQ,1.3
2026-01-26,AVA.N,2.5074
2026-01-26,FOR.N,3.02667
2026-01-27,GOSS.OQ,-0.72033
2026-01-27,DCH.N,0.59414
2026-01-27,MBX.OQ,-2.4948
2026-01-30,HWKN.OQ,3.904
2026-02-01,ABT.N,5.68558
2026-02-01,GAMB.OQ,0.15333
2026-02-04,AVNS.N,0.996
2026-02-04,SCHW.N,5.85177
2026-02-05,EGP.N,5.17375
2026-02-09,MMM.N,8.64871
2026-02-09,DCH.N,0.44229
2026-02-09,PAHC.OQ,3.025
2026-02-10,TRNS.OQ,1.84667
2026-02-10,ROST.OQ,6.4865
2026-02-10,OHI.N,1.92286
2026-02-10,BSX.N,3.46212
2026-02-10,VRSN.OQ,9.2852
2026-02-10,FOXF.OQ,1.01333
2026-02-11,UFCS.OQ,3.675
2026-02-11,LCID.OQ,-10.2146
2026-02-11,CAG.N,1.72059
2026-02-11,HSHP.N,1.11667
2026-02-11,AFL.N,7.36867
2026-02-11,RBBN.OQ,0.12667
2026-02-12,ACGL.OQ,9.38135
2026-02-12,MIR.N,0.55013
2026-02-12,CLSK.OQ,-1.19186
2026-02-12,TMHC.N,5.18
2026-02-12,BBIO.OQ,-3.45217
2026-02-13,LBTYA.OQ,-1.6
2026-02-13,MIR.N,0.54813
2026-02-13,CAG.N,1.72177
2026-02-13,SCHW.N,5.83865
2026-02-13,ALMU.OQ,-0.17
2026-02-13,BBIO.OQ,-3.45828
2026-02-13,BSX.N,3.4613
2026-02-16,MMM.N,8.64213
2026-02-16,SCHW.N,5.842
2026-02-17,ACGL.OQ,9.40817
2026-02-17,MIR.N,0.54786
2026-02-17,EGP.N,5.1475
2026-02-17,ROST.OQ,6.49428
2026-02-17,CAG.N,1.72353
2026-02-17,ABT.N,5.68673
2026-02-17,DCH.N,0.63286
2026-02-17,EPRT.N,1.35
2026-02-18,ALNT.OQ,2.498
2026-02-18,ABT.N,5.68712
2026-02-18,DCH.N,0.62675
2026-02-18,IOSP.OQ,5.40667
2026-02-18,NESR.OQ,1.58
2026-02-18,BSX.N,3.46093
2026-02-18,ALNT.OQ,2.06
2026-02-19,LBTYA.OQ,-1.656
2026-02-19,LCID.OQ,-10.21717
2026-02-19,EGP.N,5.11875
2026-02-19,HSHP.N,1.18167
2026-02-19,NESR.OQ,1.58833
2026-02-20,OHI.N,1.97714
2026-02-20,DCH.N,0.55057
2026-02-21,LBTYA.OQ,-1.6
2026-02-22,ACGL.OQ,9.39944
2026-02-22,TRNS.OQ,1.8125
2026-02-22,MTUS.N,1.178
2026-02-23,ROST.OQ,6.49928
2026-02-23,IOSP.OQ,5.24
2026-02-23,AFL.N,7.358
2026-02-24,LCID.OQ,-7.57363
2026-02-24,ROST.OQ,6.49872
2026-02-24,GOSS.OQ,-0.73922
2026-02-24,MTUS.N,1.11
2026-02-24,FC.N,0.5375
2026-02-24,IOSP.OQ,5.06
2026-02-24,NESR.OQ,1.61
2026-02-24,BBIO.OQ,-1.80456
2026-02-24,BSY.OQ,1.18187
2026-02-25,AVA.N,2.65675
2026-02-25,LCID.OQ,-7.95238
2026-02-25,ROST.OQ,6.5065
2026-02-25,AVNS.N,1.001
2026-02-25,TDOC.N,-0.789
2026-02-25,DCH.N,0.52567
2026-02-25,BBIO.OQ,-1.83861
2026-02-25,AFL.N,7.34262
2026-02-26,ACGL.OQ,9.39053
2026-02-26,LBTYA.OQ,-1.57714
2026-02-26,MTUS.N,1.0475
2026-02-26,TDOC.N,-0.8719
2026-02-26,PNTG.OQ,1.29857
2026-02-26,BSY.OQ,1.34119
2026-02-26,FOXF.OQ,1.42333
2026-02-27,LCID.OQ,-7.89988
2026-02-27,MMM.N,8.64013
2026-02-27,TDOC.N,-0.8889
2026-02-27,PNTG.OQ,1.30857
2026-02-27,BSY.OQ,1.34556
2026-02-27,AFL.N,7.34669
2026-02-27,BSX.N,3.46161
2026-02-27,FOXF.OQ,1.44
2026-03-01,MTUS.N,0.98
2026-03-01,PNTG.OQ,1.31857
2026-03-02,LLYVK.OQ,0.75
2026-03-02,UFCS.OQ,3.585
2026-03-02,LCID.OQ,-7.83544
2026-03-02,ROST.OQ,6.51083
2026-03-02,TDOC.N,-0.89276
2026-03-02,BSY.OQ,1.35681
2026-03-02,MCB.N,9.96333
2026-03-02,VRSN.OQ,9.2892
2026-03-02,FOXF.OQ,1.46667
2026-03-02,HLIO.N,2.75833
2026-03-03,ANAB.OQ,-4.47436
2026-03-03,PRM.N,1.36
2026-03-03,LCID.OQ,-7.71656
2026-03-03,ROST.OQ,7.29278
2026-03-03,TMHC.N,5.20444
2026-03-03,BBIO.OQ,-1.913
2026-03-03,MCB.N,9.82333
2026-03-03,HLIO.N,2.77833
2026-03-04,ANAB.OQ,-4.3058
2026-03-04,PRM.N,1.395
2026-03-04,AVA.N,2.60333
2026-03-04,LCID.OQ,-7.8629
2026-03-04,ROST.OQ,7.34244
2026-03-04,TDOC.N,-0.901
2026-03-04,DCH.N,0.522
2026-03-04,PNTG.OQ,1.32571
2026-03-04,EPRT.N,1.35
2026-03-04,BSX.N,3.46161
2026-03-04,MCB.N,9.54
2026-03-04,HLIO.N,2.79833
2026-03-05,ACGL.OQ,9.39579
2026-03-05,ROST.OQ,7.35078
2026-03-05,BSY.OQ,1.35806
2026-03-05,FOXF.OQ,1.48
2026-03-06,ANAB.OQ,-3.9878
2026-03-06,ROST.OQ,7.36494
2026-03-06,GOSS.OQ,-0.74144
2026-03-06,SCHW.N,5.84377
2026-03-06,FOXF.OQ,1.44167
2026-03-06,ALNT.OQ,2.554
2026-03-08,BSX.N,3.46125
2026-03-09,AVA.N,2.6075
2026-03-09,HSHP.N,1.07571
2026-03-09,TDOC.N,-0.90711
2026-03-09,PNTG.OQ,1.29429
2026-03-09,EPRT.N,1.3525
2026-03-09,BBIO.OQ,-1.89912
2026-03-09,ALNT.OQ,2.586
2026-03-10,ACGL.OQ,9.39053
2026-03-10,MIR.N,0.54938
2026-03-10,TDOC.N,-0.856
2026-03-10,BBIO.OQ,-1.97184
2026-03-10,BSX.N,3.46018
2026-03-11,BSX.N,3.45943
2026-03-12,LCID.OQ,-7.8829
2026-03-12,TDOC.N,-0.85463
2026-03-12,GAMB.OQ,0.475
2026-03-12,SCHW.N,5.84633
2026-03-12,NESR.OQ,1.585
2026-03-12,EPRT.N,1.5132
2026-03-12,MBX.OQ,-2.85564
2026-03-12,ALNT.OQ,2.6325
2026-03-13,MMM.N,8.63763
2026-03-13,TDOC.N,-0.85463
2026-03-13,GAMB.OQ,0.38
2026-03-13,MCB.N,9.6
2026-03-13,MBX.OQ,-2.87927
2026-03-13,ALNT.OQ,2.622
2026-03-16,LCID.OQ,-7.8959
2026-03-16,CAG.N,1.72359
2026-03-16,ABT.N,5.68654
2026-03-17,ANAB.OQ,-3.9958
2026-03-17,GOSS.OQ,-0.49678
2026-03-17,ABT.N,5.68539
2026-03-17,SCHW.N,5.85333
2026-03-18,LCID.OQ,-8.069
2026-03-18,GOSS.OQ,-0.45889
2026-03-18,GAMB.OQ,0.5925
2026-03-18,BSX.N,3.45907
2026-03-19,GOSS.OQ,-0.45778
2026-03-19,AFL.N,7.34362
2026-03-19,MBX.OQ,-2.961
2026-03-19,ALNT.OQ,2.634
2026-03-20,CAG.N,1.723
2026-03-20,BSX.N,3.45871
2026-03-23,ACGL.OQ,9.39584
2026-03-23,AVA.N,2.561
2026-03-23,ABT.N,5.67
2026-03-23,HWKN.OQ,3.91267
2026-03-24,AVA.N,2.5728
2026-03-24,GOSS.OQ,-0.48
2026-03-24,MTUS.N,0.9825
2026-03-24,MMM.N,8.64075
2026-03-25,BSX.N,3.45836
2025-09-15,VREX.OQ,0.975
2025-11-04,MYPS.OQ,-0.16
2025-11-09,ARHS.OQ,0.463
2025-11-11,ORGO.OQ,0.07
2025-11-13,FLD.OQ,-0.9925
2025-11-18,PPTA.OQ,-0.27667
2025-11-18,MFA.N,1.02667
2025-11-24,AIRO.OQ,0.12333
2025-12-08,PLOW.N,2.1675
2025-12-08,PLOW.N,2.45
2025-12-10,XPOF.N,0.24857
2025-12-12,CXM.N,0.454
2025-12-12,MYPS.OQ,-0.104
2025-12-22,SKT.N,0.92667
2025-12-31,LMNR.OQ,-0.10333
2026-01-06,CORZ.OQ,-0.865
2026-01-08,TTC.N,4.412
2026-01-14,CARG.OQ,2.22
2026-01-20,SKT.N,1.3522
2026-01-21,CC.N,1.72744
2026-01-21,CC.N,0.96322
2026-01-23,VOYG.N,-1.984
2026-01-23,APG.N,1.45818
2026-01-23,VOYG.N,-1.19
2026-01-26,CATY.OQ,5.2558
2026-01-27,SNX.N,14.63273
2026-01-27,ALT.OQ,-0.98113
2026-01-29,DNTH.OQ,-3.66643
2026-01-29,GAP.N,2.13867
2026-01-30,CALX.N,1.80057
2026-01-30,EFSC.OQ,5.53025
2026-02-02,FRST.OQ,1.495
2026-02-02,VTEX.N,0.12757
2026-02-02,GWRS.OQ,0.16
2026-02-02,VTEX.N,0.17486
2026-02-02,GWRS.OQ,0.22
2026-02-04,BIOA.OQ,-2.28633
2026-02-05,PLUS.OQ,5.215
2026-02-05,CRS.N,10.32
2026-02-08,BOW.N,1.64443
2026-02-09,HOLX.OQ,4.41089
2026-02-10,COLM.OQ,3.40875
2026-02-10,LUMN.N,-0.47317
2026-02-10,ADSK.OQ,10.23707
2026-02-10,MTCH.OQ,2.67024
2026-02-11,LVS.N,3.23146
2026-02-11,PSTG.N,1.94358
2026-02-11,DVN.N,3.94632
2026-02-12,AFRM.OQ,1.07032
2026-02-12,CXW.N,1.4675
2026-02-12,AORT.N,0.41967
2026-02-12,VERX.OQ,0.72213
2026-02-12,SPGI.N,19.67942
2026-02-12,SPB.N,5.032
2026-02-13,COLM.OQ,3.40222
2026-02-13,CXW.N,1.4875
2026-02-13,AORT.N,0.43029
2026-02-13,SNX.N,14.61909
2026-02-13,SPGI.N,19.60035
2026-02-15,SPB.N,5.055
2026-02-17,AFRM.OQ,1.0808
2026-02-17,LVS.N,3.23636
2026-02-17,CXW.N,1.492
2026-02-17,PSTG.N,1.94411
2026-02-17,MFA.N,1.01167
2026-02-17,SPGI.N,19.5977
2026-02-17,APG.N,1.45909
2026-02-17,DVN.N,3.50876
2026-02-18,MFA.N,1.36333
2026-02-18,ADSK.OQ,10.24041
2026-02-18,DVN.N,3.45155
2026-02-19,AFRM.OQ,1.07981
2026-02-19,PSTG.N,1.94516
2026-02-19,ADSK.OQ,10.23856
2026-02-19,CARG.OQ,2.53764
2026-02-19,DVN.N,3.41029
2026-02-20,DNTH.OQ,-3.66929
2026-02-20,CC.N,1.58711
2026-02-20,BOW.N,1.64014
2026-02-20,CARG.OQ,2.51127
2026-02-20,DVN.N,3.13323
2026-02-23,CC.N,1.44811
2026-02-23,CARG.OQ,2.52055
2026-02-23,YSS.N,-0.62
2026-02-24,PLOW.N,2.56
2026-02-24,YSS.N,-0.06433
2026-02-24,BOW.N,1.95871
2026-02-24,CARG.OQ,2.51146
2026-02-24,BIOA.OQ,-2.26729
2026-02-24,GAP.N,2.14057
2026-02-25,PLOW.N,2.595
2026-02-25,LUMN.N,-0.47483
2026-02-25,CC.N,1.387
2026-02-25,YSS.N,-0.6115
2026-02-25,PSTG.N,2.27037
2026-02-25,BOW.N,1.95157
2026-02-25,LMNR.OQ,-0.13
2026-02-25,EFSC.OQ,5.5342
2026-02-25,APG.N,1.70517
2026-02-26,LUMN.N,-0.47317
2026-02-26,SKT.N,1.3402
2026-02-26,PSTG.N,2.30737
2026-02-26,BOW.N,1.963
2026-02-26,XPOF.N,0.82625
2026-02-26,ORGO.OQ,-0.025
2026-02-26,ADSK.OQ,11.8438
2026-02-26,APG.N,1.661
2026-02-26,DVN.N,3.17014
2026-02-26,ARHS.OQ,0.5036
2026-02-27,LVS.N,3.23393
2026-02-27,XPOF.N,0.65875
2026-02-27,VTEX.N,0.17771
2026-02-27,ADSK.OQ,12.16052
2026-02-27,APG.N,1.6635
2026-02-27,ARHS.OQ,0.50793
2026-03-02,PLOW.N,2.61667
2026-03-02,AFRM.OQ,1.07743
2026-03-02,SKT.N,1.0675
2026-03-02,TTC.N,4.408
2026-03-02,VTEX.N,0.18343
2026-03-02,CORZ.OQ,0.142
2026-03-02,ADSK.OQ,12.2755
2026-03-02,GAP.N,2.14248
2026-03-03,PLOW.N,2.61
2026-03-03,CRS.N,10.32
2026-03-03,BOW.N,1.97183
2026-03-03,XPOF.N,0.6525
2026-03-03,CORZ.OQ,0.216
2026-03-03,ORGO.OQ,-0.23
2026-03-03,ADSK.OQ,12.3185
2026-03-03,DVN.N,3.14992
2026-03-03,ARHS.OQ,0.5106
2026-03-04,CC.N,1.39978
2026-03-04,PSTG.N,2.31111
2026-03-04,TTC.N,4.422
2026-03-04,CORZ.OQ,0.19718
2026-03-05,AFRM.OQ,1.08073
2026-03-05,LUMN.N,-0.45557
2026-03-05,HOLX.OQ,4.41089
2026-03-05,TTC.N,4.458
2026-03-05,ADSK.OQ,12.39856
2026-03-05,GWRS.OQ,0.21
2026-03-05,ALT.OQ,-1.16422
2026-03-05,GAP.N,2.32243
2026-03-05,DVN.N,3.14279
2026-03-06,VTEX.N,0.19057
2026-03-06,CORZ.OQ,0.16425
2026-03-06,ADSK.OQ,12.40021
2026-03-06,SPGI.N,19.60204
2026-03-06,ALT.OQ,-1.14111
2026-03-06,GAP.N,2.33338
2026-03-06,DVN.N,3.18993
2026-03-07,MFA.N,1.37667
2026-03-08,DVN.N,3.09133
2026-03-09,DNTH.OQ,-4.435
2026-03-09,PSTG.N,2.30947
2026-03-09,TTC.N,4.51
2026-03-09,CORZ.OQ,0.11464
2026-03-09,GAP.N,2.32814
2026-03-10,AFRM.OQ,1.09178
2026-03-10,LUMN.N,-0.44557
2026-03-10,VOYG.N,-1.5475
2026-03-10,LVS.N,3.2506
2026-03-10,SNX.N,14.62364
2026-03-10,GAP.N,2.33407
2026-03-10,DVN.N,3.1825
2026-03-11,VOYG.N,-1.7275
2026-03-11,LVS.N,3.255
2026-03-11,CXW.N,1.502
2026-03-11,XPOF.N,0.64889
2026-03-11,CXM.N,0.47944
2026-03-11,TTC.N,4.55
2026-03-11,GAP.N,2.33506
2026-03-12,DNTH.OQ,-4.38571
2026-03-12,AFRM.OQ,1.08961
2026-03-12,CXM.N,0.47533
2026-03-12,ALT.OQ,-1.14875
2026-03-12,DVN.N,3.29
2026-03-13,DNTH.OQ,-4.31214
2026-03-13,CXM.N,0.48089
2026-03-13,LMNR.OQ,-0.27333
2026-03-13,DVN.N,3.49922
2026-03-16,DNTH.OQ,-4.39
2026-03-16,VOYG.N,-2.51
2026-03-16,ALT.OQ,-1.12889
2026-03-16,DVN.N,3.56367
2026-03-17,FLD.OQ,-0.36667
2026-03-17,LMNR.OQ,-0.29
2026-03-17,MYPS.OQ,-0.124
2026-03-17,DVN.N,3.62256
2026-03-18,FLD.OQ,-0.4775
2026-03-18,TTC.N,4.55
2026-03-18,SPGI.N,19.5983
2026-03-19,DNTH.OQ,-4.43071
2026-03-19,SPGI.N,19.61004
2026-03-20,VTEX.N,0.19486
2026-03-20,SNX.N,14.65273
2026-03-20,DVN.N,3.787
2026-03-22,YSS.N,-0.07322
2026-03-23,FLD.OQ,-0.55
2026-03-23,MYPS.OQ,-0.14333
2026-03-23,GAP.N,2.333
2026-03-23,DVN.N,3.9919
2026-03-24,FRST.OQ,1.5725
2026-03-24,CXW.N,1.51
2026-03-24,BIOA.OQ,-2.62983
2026-03-24,DVN.N,3.9443
2026-03-25,CC.N,1.40089
2026-03-25,CORZ.OQ,0.08758
2025-08-11,CIA.N,0.22
2025-11-07,NATL.N,4.9126
2025-11-07,NATL.N,4.0126
2025-11-07,RXT.OQ,-0.2
2025-11-10,CIA.N,0.3
2025-11-12,AVIR.OQ,-1.9
2025-11-22,MYO.A,-0.29
2025-11-22,MYO.A,-0.366
2025-12-10,HNI.N,4.08
2025-12-10,HNI.N,3.55
2025-12-12,DXPE.OQ,6.41333
2025-12-12,DXPE.OQ,5.18
2025-12-30,TECX.OQ,-4.10429
2026-01-01,BNL.N,0.49
2026-01-01,BNL.N,0.66
2026-01-08,LILA.OQ,-2.92667
2026-01-09,CPRT.OQ,1.66377
2026-01-12,FULC.OQ,-1.17818
2026-01-14,MEI.N,-0.59
2026-01-16,BRCC.N,-0.11
2026-01-16,HPK.OQ,0.385
2026-01-16,BRCC.N,-0.03
2026-01-16,HPK.OQ,-0.08
2026-01-20,LILA.OQ,-0.12333
2026-01-21,PRSU.N,0.86667
2026-01-27,TNXP.OQ,-7.79667
2026-01-27,TGLS.N,3.784
2026-01-29,SLM.OQ,2.742
2026-01-29,ATEC.OQ,-0.946
2026-01-30,NKE.N,1.57518
2026-01-30,MDB.OQ,4.78082
2026-02-01,LNKB.OQ,0.97425
2026-02-02,OMC.N,8.44629
2026-02-02,CBK.OQ,2.89
2026-02-02,FMAO.OQ,2.61
2026-02-02,BFST.OQ,3.0245
2026-02-03,PXED.N,4.39167
2026-02-04,HCC.N,5.48529
2026-02-06,HRB.N,5.01
2026-02-06,SRE.N,4.60253
2026-02-08,EXR.N,4.45167
2026-02-08,EXR.N,4.82444
2026-02-09,BVS.OQ,0.66
2026-02-10,LION.N,-0.262
2026-02-10,WPC.N,3.81667
2026-02-11,BCAX.OQ,-2.50069
2026-02-11,TRNO.N,1.26
2026-02-11,CVNA.N,5.16629
2026-02-12,SW.N,2.66392
2026-02-12,IBM.N,12.39029
2026-02-12,BDC.N,7.84883
2026-02-12,HUM.N,9.86978
2026-02-12,ENR.N,3.31967
2026-02-12,R.N,14.43256
2026-02-12,DAWN.OQ,-0.98444
2026-02-12,NWSA.OQ,1.07075
2026-02-12,TRUP.OQ,0.47667
2026-02-13,SW.N,2.61985
2026-02-13,BDC.N,7.86817
2026-02-13,CPRT.OQ,1.65839
2026-02-13,HUM.N,9.54163
2026-02-13,R.N,14.16489
2026-02-13,FMAO.OQ,2.8
2026-02-13,HCC.N,5.64814
2026-02-13,TRUP.OQ,0.48167
2026-02-15,SW.N,2.58615
2026-02-16,TRUP.OQ,0.49333
2026-02-17,SLM.OQ,2.739
2026-02-17,OMC.N,8.42567
2026-02-17,HUM.N,8.98435
2026-02-17,HCC.N,5.97057
2026-02-17,WPC.N,2.75
2026-02-18,SW.N,2.47917
2026-02-18,OMC.N,10.1143
2026-02-18,R.N,14.1355
2026-02-18,NWSA.OQ,1.07825
2026-02-18,CVNA.N,7.15225
2026-02-19,BNL.N,0.67
2026-02-19,OMC.N,10.55773
2026-02-19,CPRT.OQ,1.65377
2026-02-19,HCC.N,6.7158
2026-02-19,CVNA.N,7.01668
2026-02-20,OMC.N,10.54591
2026-02-20,CPRT.OQ,1.61054
2026-02-20,HNI.N,3.555
2026-02-20,HCC.N,6.6178
2026-02-20,CVNA.N,6.95721
2026-02-22,OMC.N,10.63327
2026-02-22,CVNA.N,6.95984
2026-02-23,CPRT.OQ,1.60208
2026-02-23,HUM.N,9.17267
2026-02-23,DAWN.OQ,-0.97778
2026-02-24,OMC.N,10.636
2026-02-24,TECX.OQ,-3.66429
2026-02-24,HUM.N,9.16596
2026-02-24,DAWN.OQ,-0.64663
2026-02-24,ATEC.OQ,0.206
2026-02-24,FULC.OQ,-1.28091
2026-02-25,OMC.N,11.122
2026-02-25,CPRT.OQ,1.599
2026-02-25,DAWN.OQ,-0.77788
2026-02-25,ATEC.OQ,0.255
2026-02-25,HCC.N,6.8315
2026-02-25,PRSU.N,1.395
2026-02-25,CVNA.N,6.99169
2026-02-26,OMC.N,10.91067
2026-02-26,TECX.OQ,-4.86286
2026-02-26,CPRT.OQ,1.58882
2026-02-26,HNI.N,4.1125
2026-02-26,PRSU.N,1.3575
2026-02-26,TRNO.N,1.415
2026-02-26,SRE.N,5.105
2026-02-26,TGLS.N,3.9136
2026-02-26,RXT.OQ,-0.02333
2026-02-27,TECX.OQ,-4.81429
2026-02-27,CPRT.OQ,1.57791
2026-02-27,DXPE.OQ,6.46333
2026-02-27,ATEC.OQ,0.275
2026-02-27,NATL.N,4.8266
2026-02-27,SRE.N,5.09625
2026-02-27,TGLS.N,3.8506
2026-02-27,RXT.OQ,-0.09
2026-03-01,ATEC.OQ,0.28375
2026-03-01,NATL.N,4.75825
2026-03-02,OMC.N,11.06511
2026-03-02,TECX.OQ,-4.8675
2026-03-02,DXPE.OQ,6.05667
2026-03-02,FMAO.OQ,2.80333
2026-03-02,NKE.N,1.57569
2026-03-02,MDB.OQ,5.76157
2026-03-02,FULC.OQ,-1.27273
2026-03-02,SRE.N,5.10188
2026-03-03,EXR.N,4.80222
2026-03-03,DAWN.OQ,-0.81043
2026-03-03,MDB.OQ,5.77778
2026-03-03,CVNA.N,7.00372
2026-03-03,SRE.N,5.10533
2026-03-04,BRCC.N,0.0
2026-03-04,DXPE.OQ,6.44
2026-03-04,R.N,14.11478
2026-03-04,ATEC.OQ,0.28143
2026-03-04,MDB.OQ,5.79722
2026-03-04,PRSU.N,1.45667
2026-03-04,NATL.N,4.84575
2026-03-04,CVNA.N,7.00928
2026-03-04,SRE.N,5.0998
2026-03-05,BVS.OQ,0.74667
2026-03-05,TECX.OQ,-4.84571
2026-03-05,EXR.N,4.75667
2026-03-05,NKE.N,1.57295
2026-03-05,SRE.N,5.08982
2026-03-05,TGLS.N,3.58075
2026-03-06,SW.N,2.47583
2026-03-06,IBM.N,12.38194
2026-03-06,BVS.OQ,0.75333
2026-03-06,MEI.N,-0.805
2026-03-06,AVIR.OQ,-1.66
2026-03-06,MDB.OQ,5.80194
2026-03-06,SRE.N,5.08436
2026-03-06,TGLS.N,3.6126
2026-03-08,IBM.N,12.38711
2026-03-09,BNL.N,0.68
2026-03-09,SLM.OQ,2.746
2026-03-09,MEI.N,-0.99
2026-03-09,HUM.N,9.28596
2026-03-09,ATEC.OQ,0.27889
2026-03-09,MDB.OQ,5.8275
2026-03-09,CVNA.N,7.05706
2026-03-10,OMC.N,11.12456
2026-03-10,MYO.A,-0.306
2026-03-10,DAWN.OQ,-0.87413
2026-03-11,OMC.N,10.98656
2026-03-11,HUM.N,9.24419
2026-03-11,NKE.N,1.57663
2026-03-11,MDB.OQ,5.83
2026-03-12,OMC.N,10.981
2026-03-12,MYO.A,-0.332
2026-03-13,OMC.N,10.7479
2026-03-13,HUM.N,9.24219
2026-03-15,SLM.OQ,2.748
2026-03-16,OMC.N,10.7179
2026-03-16,MDB.OQ,5.83
2026-03-16,HPK.OQ,0.12
2026-03-17,IBM.N,12.39026
2026-03-17,BDC.N,7.9218
2026-03-17,OMC.N,10.7259
2026-03-17,HCC.N,6.48771
2026-03-17,CVNA.N,7.1609
2026-03-17,SRE.N,5.08983
2026-03-18,SRE.N,5.10246
2026-03-19,LILA.OQ,-0.36333
2026-03-19,NKE.N,1.57584
2026-03-19,HPK.OQ,-0.09
2026-03-20,OMC.N,10.71446
2026-03-20,EXR.N,4.69333
2026-03-20,SRE.N,5.10371
2026-03-22,EXR.N,4.67667
2026-03-23,SLM.OQ,2.75
2026-03-23,TNXP.OQ,-8.305
2026-03-23,NKE.N,1.574
2026-03-24,SW.N,2.49385
2026-03-25,SW.N,2.48769
2026-03-25,NKE.N,1.56979
2025-10-27,ITGR.N,6.33756
2025-11-06,DEA.N,0.46
2025-11-06,DEA.N,0.29
2025-11-11,NVTS.OQ,-0.20889
2025-11-12,HQI.OQ,0.56
2025-11-17,BEEP.OQ,-0.328
2025-11-17,BEEP.OQ,-0.472
2025-11-21,RNAC.OQ,-2.34556
2025-11-24,NUVL.OQ,-5.74077
2026-01-04,MRVI.OQ,-0.31364
2026-01-05,LMRI.OQ,0.014
2026-01-05,SLND.A,-1.84
2026-01-06,VMD.OQ,0.345
2026-01-06,VMD.OQ,0.47
2026-01-07,ORIC.OQ,-1.558
2026-01-13,CRCT.OQ,0.34725
2026-01-19,VTS.N,0.949
2026-01-20,RBA.N,3.88714
2026-01-21,LNT.OQ,3.42446
2026-01-22,CTRE.N,1.54714
2026-01-22,INTU.OQ,23.21204
2026-01-23,WWW.N,1.3301
2026-01-27,CRC.N,4.1465
2026-01-28,EFSI.OQ,3.45
2026-01-28,PAGS.N,1.4790831552398
2026-01-28,NBN.OQ,11.3
2026-01-30,IRTC.OQ,-1.2364
2026-02-02,BJ.N,4.35495
2026-02-03,DEC.N,2.3424
2026-02-03,DEC.N,2.22867
2026-02-03,JBLU.OQ,-0.9472
2026-02-04,INTA.OQ,1.2182
2026-02-04,LNT.OQ,3.21031
2026-02-05,NVCR.OQ,-1.40143
2026-02-05,SITM.OQ,5.18833
2026-02-08,ENSG.OQ,7.518
2026-02-09,STNE.OQ,1.80178509532062
2026-02-09,HUBG.OQ,1.83038
2026-02-09,AZO.N,148.12111
2026-02-10,WAT.N,14.38559
2026-02-10,OLN.N,-0.86015
2026-02-10,AZTA.OQ,0.78743
2026-02-11,BRX.N,1.015
2026-02-11,BLKB.OQ,5.194
2026-02-11,FLNC.OQ,-0.07443
2026-02-12,RCUS.N,-3.432
2026-02-12,MCHP.OQ,1.57022
2026-02-12,URGN.OQ,-3.17857
2026-02-12,WELL.N,2.85286
2026-02-12,AMTM.N,2.41556
2026-02-13,CRC.N,4.1275
2026-02-13,WELL.N,2.83286
2026-02-16,BRX.N,1.0
2026-02-16,CRCT.OQ,0.34667
2026-02-17,CTRE.N,1.50571
2026-02-17,WAT.N,14.38441
2026-02-17,RBA.N,4.32857
2026-02-17,WELL.N,2.48
2026-02-18,CTRE.N,1.49714
2026-02-18,WAT.N,14.38706
2026-02-18,RBA.N,4.32714
2026-02-19,BRX.N,1.01
2026-02-19,IRTC.OQ,-0.30956
2026-02-19,RBA.N,4.31429
2026-02-19,ITGR.N,6.43311
2026-02-20,IRTC.OQ,-0.29256
2026-02-20,WAT.N,14.38774
2026-02-20,ITGR.N,6.43867
2026-02-22,VTS.N,0.431
2026-02-23,IRTC.OQ,-0.265
2026-02-23,BJ.N,4.35925
2026-02-23,ITGR.N,6.462
2026-02-23,WELL.N,2.59
2026-02-23,INTU.OQ,23.198
2026-02-23,AZO.N,148.08041
2026-02-23,ORIC.OQ,-1.53825
2026-02-24,BRX.N,1.03
2026-02-24,RBA.N,4.32333
2026-02-24,NVTS.OQ,-0.19133
2026-02-24,EFSI.OQ,3.6
2026-02-24,DEA.N,0.485
2026-02-24,LNT.OQ,3.42523
2026-02-24,ORIC.OQ,-1.43256
2026-02-25,MRVI.OQ,-0.19964
2026-02-25,RCUS.N,-3.9303
2026-02-25,NVTS.OQ,-0.18333
2026-02-26,BRX.N,1.0225
2026-02-26,MRVI.OQ,-0.186
2026-02-26,NUVL.OQ,-5.55154
2026-02-26,RCUS.N,-4.1573
2026-02-26,NVCR.OQ,-1.51871
2026-02-26,WWW.N,1.399
2026-02-26,BJ.N,4.36125
2026-02-26,ITGR.N,6.476
2026-02-26,WELL.N,2.93
2026-02-26,INTU.OQ,23.33646
2026-02-27,MRVI.OQ,-0.18236
2026-02-27,NVCR.OQ,-1.57
2026-02-27,WWW.N,1.416
2026-02-27,INTU.OQ,23.32223
2026-02-27,DEA.N,0.455
2026-02-27,AZO.N,148.05263
2026-02-27,ORIC.OQ,-1.42631
2026-03-02,NUVL.OQ,-5.47077
2026-03-02,RCUS.N,-4.0473
2026-03-02,CRC.N,1.51873
2026-03-02,STNE.OQ,2.03578666460396
2026-03-02,MCHP.OQ,1.57023
2026-03-02,URGN.OQ,-1.20286
2026-03-02,DEC.N,2.1084
2026-03-02,LMRI.OQ,-0.03667
2026-03-02,INTU.OQ,23.18442
2026-03-02,JBLU.OQ,-0.93993
2026-03-02,ORIC.OQ,-1.40607
2026-03-03,CRC.N,1.47618
2026-03-03,STNE.OQ,2.01374834186091
2026-03-03,WAT.N,14.39405
2026-03-03,URGN.OQ,-1.30714
2026-03-03,NVTS.OQ,-0.18429
2026-03-03,ITGR.N,6.47644
2026-03-03,LMRI.OQ,-0.05333
2026-03-03,INTU.OQ,23.1862
2026-03-03,CRCT.OQ,0.157
2026-03-03,AZO.N,148.4986
2026-03-04,BRX.N,1.018
2026-03-04,MRVI.OQ,-0.1816
2026-03-04,RCUS.N,-4.01656
2026-03-04,BJ.N,4.36225
2026-03-04,DEC.N,1.659
2026-03-04,NVTS.OQ,-0.1825
2026-03-04,INTU.OQ,23.21058
2026-03-04,CRCT.OQ,0.13
2026-03-04,PAGS.N,1.63235395320385
2026-03-04,AZO.N,148.88572
2026-03-04,BEEP.OQ,-0.33133
2026-03-05,CRC.N,1.60709
2026-03-05,NVCR.OQ,-1.57
2026-03-05,WWW.N,1.45125
2026-03-05,BJ.N,4.57433
2026-03-05,INTU.OQ,23.21646
2026-03-05,PAGS.N,1.62808563992477
2026-03-05,AZO.N,148.908
2026-03-06,BJ.N,4.55764
2026-03-06,PAGS.N,1.62923722349352
2026-03-06,BEEP.OQ,-0.32133
2026-03-07,BRX.N,1.01667
2026-03-08,VTS.N,0.4715
2026-03-09,CRC.N,1.5698
2026-03-09,RNAC.OQ,-3.31556
2026-03-09,URGN.OQ,-1.29429
2026-03-09,BJ.N,4.55309
2026-03-09,JBLU.OQ,-0.93921
2026-03-09,AZO.N,148.6404
2026-03-09,BEEP.OQ,-0.305
2026-03-10,VMD.OQ,0.49
2026-03-10,MRVI.OQ,-0.1806
2026-03-10,WELL.N,2.91571
2026-03-10,FLNC.OQ,-0.06708
2026-03-10,JBLU.OQ,-0.94993
2026-03-10,AZO.N,149.02565
2026-03-11,VMD.OQ,0.48
2026-03-11,STNE.OQ,2.08708914270201
2026-03-11,PAGS.N,1.65763540111307
2026-03-11,LNT.OQ,3.42343
2026-03-12,CRC.N,1.5738
2026-03-12,OLN.N,-0.82377
2026-03-12,BJ.N,4.51459
2026-03-12,AZO.N,148.99792
2026-03-12,LNT.OQ,3.42271
2026-03-13,CRC.N,1.8738
2026-03-13,BJ.N,4.52884
2026-03-13,HUBG.OQ,1.82913
2026-03-13,ITGR.N,6.49089
2026-03-13,NBN.OQ,12.325
2026-03-15,AZO.N,148.97792
2026-03-16,RNAC.OQ,-3.25286
2026-03-16,STNE.OQ,2.05380615561078
2026-03-16,PAGS.N,1.62752628560505
2026-03-16,JBLU.OQ,-1.06507
2026-03-16,LNT.OQ,3.42343
2026-03-17,CRC.N,2.1444
2026-03-17,AZTA.OQ,0.78514
2026-03-17,PAGS.N,1.63362479055525
2026-03-17,BEEP.OQ,-0.33867
2026-03-18,WAT.N,14.39195
2026-03-18,OLN.N,-0.80158
2026-03-18,JBLU.OQ,-1.12273
2026-03-20,CRC.N,2.5344
2026-03-23,CRC.N,2.8144
2026-03-23,IRTC.OQ,-0.265
2026-03-23,DEC.N,2.079
2026-03-23,PAGS.N,1.64925952112515
2026-03-23,JBLU.OQ,-1.18356
2026-03-24,MCHP.OQ,1.56978
2026-03-24,DEC.N,2.19917
2026-03-25,HUBG.OQ,1.83038
2025-11-05,PRDO.OQ,2.55
2025-11-09,ZIP.N,-0.42286
2025-11-11,NVRI.N,-0.71
2025-11-12,MQ.OQ,-0.03578
2025-11-12,MGNI.OQ,0.85
2025-11-14,NGVT.N,4.57333
2025-11-17,GCT.OQ,3.13
2025-11-18,BRT.N,-0.58
2025-11-18,BRT.N,-0.57
2025-11-20,OLPX.OQ,0.0684
2025-11-25,TTAM.N,1.05457
2025-11-27,STRZ.OQ,-2.365
2025-12-01,XPER.N,0.72325
2025-12-01,XPER.N,0.9815
2025-12-09,ETON.OQ,-0.11
2025-12-11,BBW.N,4.028
2026-01-04,FIVN.OQ,2.93836
2026-01-04,WK.N,1.6384
2026-01-06,ADAM.OQ,0.935
2026-01-06,SANA.OQ,-0.87671
2026-01-08,OMER.OQ,-2.0325
2026-01-08,UNF.N,7.038
2026-01-12,RHP.N,4.4092
2026-01-14,ADAM.OQ,0.8775
2026-01-15,CLNE.OQ,-0.0255
2026-01-20,HR.N,-0.142
2026-01-23,RSI.N,0.404
2026-01-28,NGVT.N,4.7125
2026-02-02,MGEE.OQ,3.907
2026-02-02,PRDO.OQ,2.55
2026-02-02,MGEE.OQ,3.6805
2026-02-03,RHP.N,4.671
2026-02-04,CRI.N,3.1705
2026-02-04,UNH.N,17.85568
2026-02-06,MITK.OQ,1.106
2026-02-07,MKSI.OQ,7.85855
2026-02-07,MKSI.OQ,9.09683
2026-02-08,CPT.N,1.175
2026-02-09,WGS.OQ,1.38714
2026-02-10,CCK.N,8.12471
2026-02-10,GHM.N,1.37
2026-02-10,RCL.N,18.0906
2026-02-10,MPWR.OQ,21.50538
2026-02-10,CRWD.OQ,3.71365
2026-02-11,AMKR.OQ,1.801
2026-02-11,PTC.OQ,8.14071
2026-02-12,KALU.OQ,7.995
2026-02-12,BBT.N,3.63086
2026-02-12,TSN.N,3.893
2026-02-12,LIN.OQ,17.82823
2026-02-12,CMCSA.OQ,3.69633
2026-02-12,PATK.OQ,5.39875
2026-02-12,KALU.OQ,6.085
2026-02-12,BMRN.OQ,2.7831
2026-02-12,WTS.N,11.58182
2026-02-13,CCK.N,8.12507
2026-02-13,LIN.OQ,17.82896
2026-02-13,MITK.OQ,1.146
2026-02-13,WTS.N,11.66636
2026-02-15,CPT.N,1.1325
2026-02-16,AMKR.OQ,1.73111
2026-02-16,WTS.N,11.70546
2026-02-17,RSI.N,0.5566
2026-02-18,HR.N,-0.14
2026-02-18,RSI.N,0.5525
2026-02-18,BMRN.OQ,2.7201
2026-02-18,MKSI.OQ,9.67992
2026-02-19,FIVN.OQ,3.18896
2026-02-19,ETON.OQ,-0.09667
2026-02-19,CRI.N,3.27217
2026-02-19,CPT.N,1.13875
2026-02-19,ADAM.OQ,0.925
2026-02-19,WK.N,2.43055
2026-02-19,MKSI.OQ,9.80358
2026-02-20,PRDO.OQ,3.05
2026-02-20,FIVN.OQ,3.19386
2026-02-20,LIN.OQ,17.82857
2026-02-20,KALU.OQ,7.54
2026-02-20,CPT.N,1.17625
2026-02-20,WK.N,2.56509
2026-02-22,FIVN.OQ,3.19205
2026-02-22,ZIP.N,-0.42667
2026-02-23,MQ.OQ,-0.0362
2026-02-23,PATK.OQ,5.39222
2026-02-23,BMRN.OQ,4.32029
2026-02-23,WGS.OQ,0.695
2026-02-23,WK.N,2.62391
2026-02-24,MQ.OQ,0.02273
2026-02-24,CLNE.OQ,-0.0646
2026-02-24,BMRN.OQ,4.38039
2026-02-24,RHP.N,4.766
2026-02-24,WGS.OQ,0.69857
2026-02-24,NVRI.N,-0.34
2026-02-25,MQ.OQ,0.02
2026-02-25,MGNI.OQ,1.04333
2026-02-25,CMCSA.OQ,3.69729
2026-02-25,ADAM.OQ,0.86667
2026-02-25,CLNE.OQ,-0.04383
2026-02-25,BMRN.OQ,4.48872
2026-02-25,RHP.N,4.63371
2026-02-25,ZIP.N,-0.31667
2026-02-25,NVRI.N,-0.495
2026-02-26,MGNI.OQ,1.06
2026-02-26,CRI.N,3.3105
2026-02-26,PTC.OQ,8.11678
2026-02-26,NGVT.N,5.0875
2026-02-26,XPER.N,0.9915
2026-02-26,CLNE.OQ,-0.04217
2026-02-26,RHP.N,4.63229
2026-02-26,WK.N,2.7013
2026-02-26,ZIP.N,-0.21
2026-02-26,GCT.OQ,3.5925
2026-02-27,CRI.N,2.99833
2026-02-27,XPER.N,0.97875
2026-02-27,RHP.N,4.63943
2026-02-27,GCT.OQ,3.7525
2026-03-02,ETON.OQ,0.90667
2026-03-02,CRI.N,3.05667
2026-03-02,NGVT.N,4.915
2026-03-02,BMRN.OQ,4.44071
2026-03-02,RHP.N,3.945
2026-03-02,WGS.OQ,0.65667
2026-03-02,CRWD.OQ,3.71316
2026-03-03,MQ.OQ,0.019
2026-03-03,ETON.OQ,-0.11
2026-03-03,CLNE.OQ,-0.046
2026-03-03,BMRN.OQ,4.292
2026-03-03,SANA.OQ,-0.56588
2026-03-03,MPWR.OQ,21.49413
2026-03-03,WGS.OQ,0.7
2026-03-03,CRWD.OQ,4.84042
2026-03-04,XPER.N,0.94167
2026-03-04,SANA.OQ,-0.60678
2026-03-04,ZIP.N,-0.19
2026-03-04,CRWD.OQ,4.85218
2026-03-05,BBW.N,3.994
2026-03-05,OLPX.OQ,0.08611
2026-03-05,CLNE.OQ,-0.0485
2026-03-05,SANA.OQ,-0.623
2026-03-05,MPWR.OQ,21.50538
2026-03-05,CRWD.OQ,4.85528
2026-03-05,GCT.OQ,3.83667
2026-03-06,CRI.N,3.068
2026-03-06,OLPX.OQ,0.085
2026-03-06,CPT.N,1.1275
2026-03-06,SANA.OQ,-0.64744
2026-03-06,CRWD.OQ,4.86109
2026-03-06,GCT.OQ,3.9325
2026-03-07,ADAM.OQ,0.915
2026-03-09,CRI.N,3.065
2026-03-09,UNH.N,17.85162
2026-03-09,LIN.OQ,17.81291
2026-03-09,BMRN.OQ,4.29125
2026-03-09,CRWD.OQ,4.85715
2026-03-10,OLPX.OQ,0.08389
2026-03-10,RCL.N,18.0814
2026-03-11,UNH.N,17.85044
2026-03-11,RSI.N,0.56071
2026-03-12,BBW.N,3.9775
2026-03-13,MQ.OQ,0.01818
2026-03-13,BBT.N,3.63371
2026-03-13,BBW.N,3.8275
2026-03-13,TSN.N,3.89818
2026-03-13,LIN.OQ,17.81654
2026-03-13,CPT.N,1.13875
2026-03-15,UNH.N,17.85293
2026-03-16,PTC.OQ,7.99117
2026-03-16,RCL.N,18.0794
2026-03-16,BMRN.OQ,4.28688
2026-03-16,CRWD.OQ,4.85806
2026-03-17,PTC.OQ,7.86821
2026-03-17,TTAM.N,1.20986
2026-03-17,XPER.N,0.935
2026-03-18,CMCSA.OQ,3.68824
2026-03-18,PTC.OQ,7.84821
2026-03-18,TTAM.N,1.18557
2026-03-18,GHM.N,1.3675
2026-03-19,BBW.N,3.9625
2026-03-19,PTC.OQ,7.81663
2026-03-19,TTAM.N,1.17586
2026-03-20,ETON.OQ,0.83
2026-03-20,TTAM.N,1.16814
2026-03-20,MKSI.OQ,9.85108
2026-03-22,PTC.OQ,7.79926
2026-03-23,RHP.N,3.876
2026-03-24,TSN.N,3.90818
2026-03-24,TTAM.N,1.1534
2026-03-24,RCL.N,17.99365
2026-03-25,TSN.N,3.89546
2026-03-25,CMCSA.OQ,3.67014
2026-03-25,BRT.N,-0.72
2025-10-28,BBBY.N,-0.9925
2025-11-17,III.OQ,0.324
2025-11-18,LUCD.OQ,-0.6825
2025-11-28,TRVI.OQ,-0.37
2025-12-04,LMAT.OQ,2.4443
2025-12-09,BOC.N,-0.21
2025-12-12,PRCT.OQ,-1.50979
2026-01-06,JANX.OQ,-1.99958
2026-01-07,ANGO.OQ,-0.29
2026-01-08,DCGO.OQ,-0.554
2026-01-09,PLAB.OQ,2.13
2026-01-09,HELE.OQ,3.472
2026-01-15,OPAL.OQ,0.18
2026-01-15,RPM.N,5.2738
2026-01-20,ANF.N,9.965
2026-01-20,ACIC.OQ,1.99
2026-01-20,III.OQ,0.354
2026-01-20,ACIC.OQ,1.485
2026-01-22,MGPI.OQ,2.68625
2026-01-23,LCII.N,7.23263
2026-01-23,BBWI.N,2.90667
2026-01-26,OTTR.OQ,6.56867
2026-01-26,ERAS.OQ,-0.444
2026-01-26,OTTR.OQ,5.901
2026-01-28,GNK.N,0.02878
2026-01-28,GNK.N,1.6358
2026-01-29,PVH.N,10.90439
2026-01-30,HEI.N,5.54718
2026-01-30,SPRY.OQ,-1.76167
2026-01-30,CBNK.OQ,3.37033
2026-02-03,LTH.N,1.437
2026-02-04,ASO.OQ,5.89662
2026-02-05,FAST.OQ,1.21941
2026-02-06,GFF.N,5.27667
2026-02-06,PI.OQ,1.87667
2026-02-07,SNDK.OQ,40.02644
2026-02-09,IIIV.OQ,1.12833
2026-02-10,DPZ.OQ,17.59946
2026-02-10,CRM.N,11.76272
2026-02-10,JCAP.OQ,3.195
2026-02-10,PANW.OQ,3.85941
2026-02-10,BMY.N,6.2286
2026-02-11,DD.N,2.27035
2026-02-11,CCSI.OQ,5.6704
2026-02-11,ADC.N,1.976
2026-02-12,AKR.N,0.285
2026-02-12,MTRN.N,6.266
2026-02-12,XEL.OQ,4.11742
2026-02-12,CMRC.OQ,0.37513
2026-02-12,TSLA.OQ,2.04032
2026-02-13,DD.N,2.29614
2026-02-13,MTRN.N,6.314
2026-02-13,DPZ.OQ,17.5937
2026-02-13,SNDK.OQ,40.26371
2026-02-13,CMRC.OQ,0.403
2026-02-13,PANW.OQ,3.86086
2026-02-16,CCSI.OQ,5.73367
2026-02-16,CMRC.OQ,0.4155
2026-02-17,DD.N,2.29725
2026-02-17,CRM.N,11.76251
2026-02-17,SNDK.OQ,40.26371
2026-02-17,BBWI.N,2.91067
2026-02-17,PANW.OQ,3.82619
2026-02-17,BMY.N,6.2745
2026-02-17,ADC.N,2.16
2026-02-18,LCII.N,8.47044
2026-02-18,PANW.OQ,3.73774
2026-02-18,BMY.N,6.2669
2026-02-19,AKR.N,0.28333
2026-02-19,LCII.N,8.79989
2026-02-19,CRM.N,11.7623
2026-02-19,LMAT.OQ,2.4643
2026-02-19,GNK.N,1.74333
2026-02-19,PANW.OQ,3.72753
2026-02-19,BMY.N,6.26748
2026-02-19,TSLA.OQ,2.04219
2026-02-20,LTH.N,1.44
2026-02-20,DPZ.OQ,17.59733
2026-02-20,OTTR.OQ,5.74767
2026-02-20,XEL.OQ,4.11839
2026-02-20,RPM.N,5.27447
2026-02-20,PANW.OQ,3.69151
2026-02-22,BMY.N,6.2685
2026-02-23,AKR.N,0.2475
2026-02-23,LTH.N,1.466
2026-02-23,DPZ.OQ,19.69709
2026-02-23,OTTR.OQ,5.6315
2026-02-23,CRM.N,11.76272
2026-02-23,ANF.N,9.96214
2026-02-23,ACIC.OQ,1.48
2026-02-23,BBBY.N,-0.5725
2026-02-23,PANW.OQ,3.69242
2026-02-24,LTH.N,1.53
2026-02-24,DPZ.OQ,19.80418
2026-02-24,XEL.OQ,4.11792
2026-02-24,CRM.N,11.76294
2026-02-24,BBBY.N,-0.59
2026-02-24,GNK.N,2.035
2026-02-24,BMY.N,6.26639
2026-02-25,LTH.N,1.49917
2026-02-25,DPZ.OQ,19.80964
2026-02-25,CRM.N,13.12219
2026-02-25,LMAT.OQ,2.65
2026-02-25,BBBY.N,-0.595
2026-02-25,MGPI.OQ,2.19075
2026-02-25,PANW.OQ,3.69212
2026-02-25,PRCT.OQ,-1.335
2026-02-25,BMY.N,6.27029
2026-02-26,LTH.N,1.5075
2026-02-26,DPZ.OQ,19.85635
2026-02-26,HEI.N,5.57368
2026-02-26,CRM.N,13.17608
2026-02-26,LMAT.OQ,2.85364
2026-02-26,JANX.OQ,-2.78494
2026-02-26,BBWI.N,2.91333
2026-02-26,MGPI.OQ,1.734
2026-02-26,PRCT.OQ,-1.41385
2026-02-26,ADC.N,2.065
2026-02-27,HEI.N,5.57777
2026-02-27,JANX.OQ,-2.6955
2026-02-27,BBWI.N,2.91667
2026-02-27,MGPI.OQ,1.588
2026-02-27,PRCT.OQ,-1.43077
2026-02-27,BMY.N,6.27348
2026-02-28,LMAT.OQ,2.846
2026-02-28,PRCT.OQ,-1.42923
2026-03-02,LLYVA.OQ,0.75
2026-03-02,BBWI.N,2.57833
2026-03-02,DPZ.OQ,19.85413
2026-03-02,HEI.N,5.61368
2026-03-02,CRM.N,13.18642
2026-03-02,JANX.OQ,-2.67883
2026-03-02,BBWI.N,2.91947
2026-03-02,PI.OQ,1.92625
2026-03-02,RPM.N,5.27294
2026-03-02,PANW.OQ,3.69184
2026-03-03,LTH.N,1.52333
2026-03-03,HEI.N,5.61914
2026-03-03,CRM.N,13.19369
2026-03-03,PLAB.OQ,2.26
2026-03-03,LMAT.OQ,2.88667
2026-03-03,LUCD.OQ,-0.74667
2026-03-03,PANW.OQ,3.6918
2026-03-03,PRCT.OQ,-1.46077
2026-03-04,HEI.N,5.63823
2026-03-04,ANF.N,10.50773
2026-03-04,BBWI.N,2.6135
2026-03-04,CBNK.OQ,3.35275
2026-03-04,PRCT.OQ,-1.53917
2026-03-04,TSLA.OQ,2.04667
2026-03-05,FAST.OQ,1.22235
2026-03-05,CRM.N,13.19426
2026-03-05,ANF.N,10.71327
2026-03-05,JANX.OQ,-2.6486
2026-03-05,SNDK.OQ,40.26371
2026-03-05,BBWI.N,2.66231
2026-03-05,ASO.OQ,5.89662
2026-03-05,PRCT.OQ,-1.53769
2026-03-06,LTH.N,1.518
2026-03-06,HEI.N,5.64359
2026-03-06,HELE.OQ,3.465
2026-03-06,BBWI.N,2.65044
2026-03-06,PVH.N,10.90977
2026-03-09,AKR.N,0.235
2026-03-09,DPZ.OQ,19.85239
2026-03-09,SPRY.OQ,-1.35483
2026-03-09,TRVI.OQ,-0.36736
2026-03-09,III.OQ,0.352
2026-03-10,FAST.OQ,1.22471
2026-03-10,LTH.N,1.54083
2026-03-10,SPRY.OQ,-1.4815
2026-03-10,CRM.N,13.19933
2026-03-10,BBWI.N,2.63047
2026-03-10,PRCT.OQ,-1.53571
2026-03-11,LTH.N,1.53462
2026-03-11,ANF.N,10.7706
2026-03-11,III.OQ,0.354
2026-03-11,PANW.OQ,3.69153
2026-03-12,ERAS.OQ,-0.492
2026-03-12,JCAP.OQ,2.874
2026-03-13,XEL.OQ,4.11614
2026-03-13,ANF.N,10.73691
2026-03-13,ERAS.OQ,-0.538
2026-03-13,PI.OQ,1.915
2026-03-13,BMY.N,6.26681
2026-03-16,OPAL.OQ,0.295
2026-03-16,XEL.OQ,4.11507
2026-03-16,SPRY.OQ,-1.5578
2026-03-16,ERAS.OQ,-0.534
2026-03-16,DCGO.OQ,-0.315
2026-03-16,PI.OQ,1.89713
2026-03-17,TRVI.OQ,-0.47364
2026-03-17,ERAS.OQ,-0.533
2026-03-17,DCGO.OQ,-0.295
2026-03-17,JCAP.OQ,2.86
2026-03-17,ASO.OQ,6.39247
2026-03-17,BMY.N,6.26911
2026-03-18,TRVI.OQ,-0.44433
2026-03-18,JANX.OQ,-2.59993
2026-03-18,ASO.OQ,6.346
2026-03-18,RPM.N,5.26847
2026-03-19,AKR.N,0.246
2026-03-19,XEL.OQ,4.1144
2026-03-19,TRVI.OQ,-0.45017
2026-03-19,ERAS.OQ,-0.54444
2026-03-19,SNDK.OQ,40.40013
2026-03-19,JCAP.OQ,2.88
2026-03-19,TSLA.OQ,2.03818
2026-03-20,PLAB.OQ,2.25667
2026-03-23,FAST.OQ,1.22639
2026-03-23,OPAL.OQ,0.35
2026-03-23,LCII.N,8.7959
2026-03-23,PLAB.OQ,2.3
2026-03-23,DCGO.OQ,-0.288
2026-03-23,TSLA.OQ,2.03706
2026-03-24,FAST.OQ,1.22861
2026-03-24,DCGO.OQ,-0.30833
2026-03-24,BBWI.N,2.63169
2026-03-25,PRCT.OQ,-1.53769
2025-10-31,DMRC.OQ,-0.609
2025-10-31,DMRC.OQ,-0.085
2025-11-05,SWIM.OQ,0.11033
2025-11-06,RDVT.OQ,1.155
2025-11-06,RDVT.OQ,1.2805
2025-11-07,XPEL.OQ,1.81733
2025-11-09,HLLY.N,0.22143
2025-11-10,HAYW.N,0.761
2025-11-14,OSUR.OQ,-0.76
2025-11-14,OSUR.OQ,-0.865
2025-11-17,INVA.OQ,2.1
2025-12-04,RMNI.OQ,0.23333
2025-12-17,BXC.N,1.88
2025-12-17,BXC.N,1.025
2025-12-22,TDUP.OQ,-0.16
2025-12-31,BLFS.OQ,-0.33833
2026-01-06,CADL.OQ,-0.4215
2026-01-08,IMNM.OQ,-2.27239
2026-01-13,VICI.N,2.79333
2026-01-13,VICI.N,2.74244
2026-01-15,ACTU.OQ,-1.09
2026-01-16,EGY.N,0.32
2026-01-21,OGS.N,4.709
2026-01-26,IMAX.N,1.3334
2026-01-27,OGS.N,4.37629
2026-01-27,RLAY.OQ,-1.85825
2026-01-28,EXTR.OQ,0.99638
2026-01-30,BHRB.OQ,8.15
2026-01-30,EBMT.OQ,2.015
2026-01-30,RXST.OQ,-1.06244
2026-02-01,TGTX.OQ,2.98
2026-02-02,SKYH.N,-0.395
2026-02-02,SKYH.N,0.002
2026-02-03,HSIC.OQ,4.91633
2026-02-04,SNDX.OQ,-3.11983
2026-02-05,IT.N,13.06131
2026-02-05,VRNS.OQ,0.10155
2026-02-05,JKHY.OQ,6.69143
2026-02-06,EOLS.OQ,-0.45
2026-02-08,LOB.N,2.902
2026-02-09,BUSE.OQ,2.5418
2026-02-09,IDXX.OQ,14.5215
2026-02-10,LLY.N,34.63919
2026-02-10,MBWM.OQ,5.6208
2026-02-10,MSCI.N,19.45724
2026-02-11,VNO.N,-0.105
2026-02-11,FMC.N,1.91394
2026-02-11,HP.N,0.25857
2026-02-11,VST.N,5.1195
2026-02-12,BIO.N,10.1324
2026-02-12,LEG.N,1.11
2026-02-12,BKNG.OQ,227.10876
2026-02-12,WTW.OQ,19.68106
2026-02-12,CHEF.OQ,2.15286
2026-02-12,BY.N,3.08833
2026-02-12,MSI.N,16.72825
2026-02-12,CIM.N,2.16
2026-02-13,BIO.N,9.8928
2026-02-13,LEG.N,1.1025
2026-02-13,HP.N,0.22714
2026-02-13,JKHY.OQ,6.69214
2026-02-16,VNO.N,-0.04
2026-02-17,INVA.OQ,2.0
2026-02-17,IMNM.OQ,-2.27936
2026-02-17,BIO.N,10.2708
2026-02-17,LEG.N,1.09
2026-02-17,LLY.N,34.63059
2026-02-17,MSCI.N,19.4535
2026-02-17,IT.N,13.06479
2026-02-17,MSI.N,16.78325
2026-02-18,BKNG.OQ,266.90293
2026-02-18,CIM.N,2.015
2026-02-19,BKNG.OQ,266.64235
2026-02-19,LLY.N,34.62833
2026-02-19,EBMT.OQ,1.99667
2026-02-19,HP.N,0.24
2026-02-19,RMNI.OQ,0.407
2026-02-20,BKNG.OQ,267.08928
2026-02-20,OGS.N,4.71043
2026-02-20,RMNI.OQ,0.41367
2026-02-20,IDXX.OQ,14.53293
2026-02-20,VST.N,5.11888
2026-02-20,VST.N,8.89783
2026-02-23,BKNG.OQ,266.96479
2026-02-23,HSIC.OQ,4.917
2026-02-24,BHRB.OQ,8.13
2026-02-24,LLY.N,34.62212
2026-02-24,MSCI.N,19.45122
2026-02-24,HSIC.OQ,5.31173
2026-02-24,IMAX.N,1.3294
2026-02-25,BHRB.OQ,7.86
2026-02-25,INVA.OQ,1.946
2026-02-25,BKNG.OQ,267.70596
2026-02-25,LLY.N,34.59648
2026-02-25,FMC.N,1.92419
2026-02-25,OGS.N,4.7225
2026-02-25,HSIC.OQ,5.32373
2026-02-25,XPEL.OQ,2.29667
2026-02-25,IMAX.N,1.6521
2026-02-25,RXST.OQ,-1.21611
2026-02-25,HAYW.N,0.84489
2026-02-26,INVA.OQ,1.968
2026-02-26,SNDX.OQ,-1.52108
2026-02-26,WTW.OQ,19.6755
2026-02-26,CHEF.OQ,2.15375
2026-02-26,BLFS.OQ,0.085
2026-02-26,RLAY.OQ,-1.61727
2026-02-26,VICI.N,2.801
2026-02-26,IMAX.N,1.6892
2026-02-26,RXST.OQ,-1.24978
2026-02-26,TGTX.OQ,1.58125
2026-02-26,OSUR.OQ,-0.6
2026-02-26,BXC.N,1.1525
2026-02-26,HAYW.N,0.839
2026-02-27,SNDX.OQ,-1.56146
2026-02-27,LLY.N,34.61089
2026-02-27,FMC.N,1.86169
2026-02-27,BLFS.OQ,0.14167
2026-02-27,RLAY.OQ,-1.61818
2026-02-27,VICI.N,2.805
2026-02-27,HSIC.OQ,5.32308
2026-02-27,XPEL.OQ,2.12333
2026-02-27,VST.N,8.93672
2026-02-27,TGTX.OQ,1.58286
2026-02-27,OSUR.OQ,-0.7
2026-02-27,BXC.N,0.5525
2026-03-01,VST.N,8.83006
2026-03-01,JKHY.OQ,6.69154
2026-03-02,INVA.OQ,1.914
2026-03-02,SNDX.OQ,-1.57292
2026-03-02,VICI.N,2.8337
2026-03-02,HSIC.OQ,5.32236
2026-03-02,TDUP.OQ,-0.115
2026-03-02,VRNS.OQ,0.10052
2026-03-02,EGY.N,0.31333
2026-03-02,IDXX.OQ,14.51293
2026-03-02,TGTX.OQ,1.52667
2026-03-02,EGY.N,0.48
2026-03-03,VNO.N,-0.08
2026-03-03,BHRB.OQ,7.92
2026-03-03,EOLS.OQ,-0.074
2026-03-03,IMNM.OQ,-2.58385
2026-03-03,BKNG.OQ,267.87919
2026-03-03,TDUP.OQ,-0.11333
2026-03-03,VST.N,8.83339
2026-03-03,SWIM.OQ,0.173
2026-03-03,BXC.N,-0.11
2026-03-04,EOLS.OQ,-0.13
2026-03-04,IMNM.OQ,-2.50462
2026-03-04,HLLY.N,0.36471
2026-03-04,FMC.N,1.79794
2026-03-04,BLFS.OQ,0.15833
2026-03-04,VICI.N,2.83071
2026-03-04,RXST.OQ,-1.316
2026-03-04,SWIM.OQ,0.175
2026-03-04,HAYW.N,0.84513
2026-03-05,SNDX.OQ,-1.7135
2026-03-05,IMNM.OQ,-2.45692
2026-03-05,HLLY.N,0.34329
2026-03-05,RDVT.OQ,1.3455
2026-03-05,BLFS.OQ,0.184
2026-03-05,RLAY.OQ,-1.602
2026-03-05,IDXX.OQ,14.51793
2026-03-05,TGTX.OQ,1.476
2026-03-06,BIO.N,10.2276
2026-03-06,BKNG.OQ,267.30342
2026-03-06,VST.N,8.81117
2026-03-07,CIM.N,2.12667
2026-03-08,RXST.OQ,-1.324
2026-03-09,SNDX.OQ,-1.66318
2026-03-09,FMC.N,1.83453
2026-03-09,WTW.OQ,19.6689
2026-03-10,IMNM.OQ,-2.46077
2026-03-11,HLLY.N,0.3405
2026-03-11,WTW.OQ,19.69515
2026-03-11,VST.N,8.82006
2026-03-12,FMC.N,1.82983
2026-03-12,DMRC.OQ,-0.16
2026-03-12,CADL.OQ,-1.223
2026-03-12,RLAY.OQ,-1.569
2026-03-12,VICI.N,2.83188
2026-03-13,BLFS.OQ,0.16333
2026-03-13,TGTX.OQ,1.464
2026-03-16,BKNG.OQ,267.09663
2026-03-16,DMRC.OQ,-0.295
2026-03-16,BXC.N,0.11333
2026-03-17,LLY.N,34.6361
2026-03-17,CADL.OQ,-1.26633
2026-03-17,OGS.N,4.758
2026-03-17,RLAY.OQ,-1.537
2026-03-17,HSIC.OQ,5.32331
2026-03-17,EGY.N,0.59
2026-03-18,FMC.N,1.84571
2026-03-18,VST.N,8.78839
2026-03-19,HSIC.OQ,5.2945
2026-03-20,SKYH.N,-0.5
2026-03-20,OGS.N,4.776
2026-03-20,VST.N,8.77006
2026-03-23,SKYH.N,-0.51833
2026-03-23,LLY.N,34.63679
2026-03-23,FMC.N,1.84883
2026-03-23,WTW.OQ,19.69715
2026-03-23,RLAY.OQ,-1.53273
2026-03-23,EGY.N,0.37
2026-03-23,RXST.OQ,-1.324
2026-03-24,FMC.N,1.84517
2026-03-24,MBWM.OQ,5.60017
2026-03-24,JKHY.OQ,6.69077
2026-03-25,BIO.N,10.217
2026-03-25,RXST.OQ,-1.324
2025-09-18,FWONA.OQ,1.74289
2025-11-07,PRTH.OQ,1.0425
2025-11-11,TKNO.OQ,-0.33
2025-11-12,GSM.OQ,-0.35
2025-11-12,GSM.OQ,0.11
2025-11-17,TDW.N,3.08333
2025-11-24,CON.N,1.30857
2025-12-12,YOU.N,1.084
2025-12-16,ACR.N,-0.00667
2025-12-16,ACR.N,0.85667
2025-12-18,WS.N,2.465
2026-01-06,BALY.N,-6.32225
2026-01-12,GTLB.OQ,0.89184
2026-01-13,BALY.N,-2.4376
2026-01-16,STGW.OQ,0.80667
2026-01-20,CLH.N,7.26615
2026-01-22,PRIM.N,5.53415
2026-01-23,DAN.N,0.4225
2026-01-27,FE.N,2.72146
2026-01-27,FE.N,2.54727
2026-01-27,KRMN.N,0.36244
2026-01-28,AESI.N,-0.394
2026-01-28,JLL.N,17.41133
2026-01-28,AESI.N,-0.42538
2026-01-29,CATX.A,-1.24308
2026-01-30,RYTM.OQ,-2.69836
2026-01-30,FWONA.OQ,2.256
2026-01-30,GTY.N,1.39667
2026-01-30,HG.N,4.657
2026-02-02,CON.N,1.47214
2026-02-02,ISTR.OQ,3.2
2026-02-02,BLDR.N,6.9597
2026-02-02,TXT.N,6.49073
2026-02-02,CWCO.OQ,1.24
2026-02-02,CWCO.OQ,1.56
2026-02-03,SYK.N,14.97159
2026-02-03,OSIS.OQ,10.438
2026-02-03,EBC.OQ,1.94533
2026-02-04,APPS.OQ,0.43
2026-02-04,CPRI.N,1.3954
2026-02-08,PWP.OQ,1.289
2026-02-09,TXN.OQ,6.42959
2026-02-10,GLOB.N,6.07779
2026-02-10,MLKN.OQ,1.94
2026-02-10,MLAB.OQ,2.295
2026-02-10,CASY.OQ,17.31
2026-02-10,MZTI.OQ,7.011
2026-02-10,EGHT.OQ,0.36667
2026-02-10,FLS.N,4.12509
2026-02-11,ACM.N,5.94136
2026-02-11,IVZ.N,2.68364
2026-02-12,TYRA.OQ,-1.98509
2026-02-12,AMAT.OQ,10.21532
2026-02-12,VKTX.OQ,-4.34606
2026-02-12,HCSG.OQ,0.955
2026-02-13,AMAT.OQ,10.79906
2026-02-17,TXN.OQ,6.43082
2026-02-17,BLDR.N,5.94714
2026-02-18,TDW.N,3.04867
2026-02-18,AMAT.OQ,10.82818
2026-02-18,RYTM.OQ,-2.71513
2026-02-18,JLL.N,20.7837
2026-02-18,VKTX.OQ,-4.38487
2026-02-18,BLDR.N,5.81233
2026-02-18,FE.N,2.72592
2026-02-18,TXT.N,6.494
2026-02-18,GSM.OQ,0.16
2026-02-18,CLH.N,8.09043
2026-02-18,DAN.N,2.38167
2026-02-18,FLS.N,4.13782
2026-02-19,AMAT.OQ,10.99163
2026-02-19,CATX.A,-1.24515
2026-02-19,JLL.N,21.0477
2026-02-19,CASY.OQ,17.33294
2026-02-19,BLDR.N,5.76767
2026-02-19,TXT.N,6.47333
2026-02-19,GSM.OQ,0.165
2026-02-19,CLH.N,8.308
2026-02-19,DAN.N,2.44
2026-02-19,HG.N,4.3464
2026-02-20,SYK.N,14.97332
2026-02-20,BLDR.N,5.77148
2026-02-20,FE.N,2.73054
2026-02-20,HCSG.OQ,0.9475
2026-02-20,CLH.N,8.29086
2026-02-20,DAN.N,2.515
2026-02-20,HG.N,4.30367
2026-02-22,TXT.N,6.46875
2026-02-23,GLOB.N,6.07726
2026-02-23,PRIM.N,5.85443
2026-02-23,JLL.N,21.3387
2026-02-23,BLDR.N,5.70757
2026-02-23,CPRI.N,1.39631
2026-02-23,CLH.N,8.20579
2026-02-23,HG.N,4.28117
2026-02-24,TYRA.OQ,-1.97883
2026-02-24,GTLB.OQ,0.89112
2026-02-24,PRIM.N,5.89214
2026-02-24,AMAT.OQ,10.99263
2026-02-24,TXN.OQ,6.43576
2026-02-24,JLL.N,21.4057
2026-02-24,BLDR.N,5.67695
2026-02-24,FE.N,2.7327
2026-02-24,AESI.N,-0.45178
2026-02-25,PRIM.N,5.95857
2026-02-25,AMAT.OQ,10.94653
2026-02-25,TXN.OQ,6.44727
2026-02-25,JLL.N,21.70625
2026-02-25,SYK.N,14.97424
2026-02-25,YOU.N,1.41143
2026-02-25,CLH.N,8.23342
2026-02-25,DAN.N,2.72
2026-02-25,AESI.N,-0.46589
2026-02-26,GLOB.N,6.26975
2026-02-26,RYTM.OQ,-3.00193
2026-02-26,TXN.OQ,6.4503
2026-02-26,BLDR.N,5.71043
2026-02-26,YOU.N,1.40875
2026-02-26,TKNO.OQ,-0.34
2026-02-26,HG.N,4.2214
2026-02-27,CON.N,1.46257
2026-02-27,GLOB.N,6.25005
2026-02-27,PRIM.N,5.96214
2026-02-27,RYTM.OQ,-3.02327
2026-02-27,TKNO.OQ,-0.35
2026-03-02,CON.N,1.45686
2026-03-02,TYRA.OQ,-2.32683
2026-03-02,GLOB.N,6.24405
2026-03-02,TDW.N,3.88833
2026-03-02,PRIM.N,5.93231
2026-03-02,RYTM.OQ,-3.08327
2026-03-02,CASY.OQ,17.33471
2026-03-02,YOU.N,1.56925
2026-03-02,HCSG.OQ,0.956
2026-03-02,STGW.OQ,0.80286
2026-03-03,TYRA.OQ,-2.361
2026-03-03,TDW.N,3.9795
2026-03-03,GTLB.OQ,0.89819
2026-03-03,CLH.N,8.23342
2026-03-03,AESI.N,-0.47367
2026-03-04,CON.N,1.44971
2026-03-04,TYRA.OQ,-2.37183
2026-03-04,GLOB.N,6.24755
2026-03-04,GTLB.OQ,0.81731
2026-03-04,CASY.OQ,17.37059
2026-03-04,FE.N,2.72882
2026-03-04,YOU.N,1.674
2026-03-05,CON.N,1.43967
2026-03-05,GLOB.N,6.26539
2026-03-05,TDW.N,4.05667
2026-03-05,TXN.OQ,6.4503
2026-03-05,TKNO.OQ,-0.348
2026-03-06,TYRA.OQ,-2.361
2026-03-06,GLOB.N,6.25495
2026-03-06,AMAT.OQ,10.94542
2026-03-06,RYTM.OQ,-3.07593
2026-03-06,IVZ.N,2.66727
2026-03-06,ACR.N,0.90667
2026-03-06,KRMN.N,0.365
2026-03-09,TYRA.OQ,-2.37778
2026-03-09,TDW.N,4.152
2026-03-09,GTLB.OQ,0.81192
2026-03-09,CASY.OQ,17.42941
2026-03-09,GTY.N,1.37667
2026-03-10,TYRA.OQ,-2.405
2026-03-10,TDW.N,3.86333
2026-03-10,AMAT.OQ,10.94858
2026-03-10,JLL.N,21.93525
2026-03-10,CASY.OQ,17.68235
2026-03-10,PRTH.OQ,1.03
2026-03-10,STGW.OQ,1.08143
2026-03-11,CASY.OQ,17.83177
2026-03-11,PRTH.OQ,0.985
2026-03-11,FE.N,2.72808
2026-03-11,STGW.OQ,1.04429
2026-03-11,AESI.N,-0.47144
2026-03-11,ACR.N,1.145
2026-03-12,RYTM.OQ,-3.0646
2026-03-12,JLL.N,21.9522
2026-03-12,CASY.OQ,17.91471
2026-03-12,CLH.N,8.22469
2026-03-12,PWP.OQ,1.2815
2026-03-13,KRMN.N,0.365
2026-03-16,CATX.A,-1.25058
2026-03-16,RYTM.OQ,-3.0666
2026-03-16,CASY.OQ,18.04714
2026-03-17,TDW.N,3.84
2026-03-17,CATX.A,-1.169
2026-03-17,RYTM.OQ,-3.14807
2026-03-17,HCSG.OQ,0.948
2026-03-18,CATX.A,-1.16746
2026-03-18,FE.N,2.72746
2026-03-18,CWCO.OQ,1.05
2026-03-20,CON.N,1.45829
2026-03-20,RYTM.OQ,-3.14607
2026-03-20,FE.N,2.72508
2026-03-20,KRMN.N,0.36278
2026-03-22,RYTM.OQ,-3.14407
2026-03-23,CATX.A,-1.12592
2026-03-23,SYK.N,14.97332
2026-03-23,HG.N,4.2604
2026-03-24,WS.N,2.415
2026-03-24,GTY.N,1.44667
2026-03-24,EBC.OQ,1.94367
2026-03-25,SYK.N,14.97233
2026-03-25,TXT.N,6.4625
2025-09-22,OXY.N,2.74341
2025-11-06,RYAM.N,-6.125
2025-11-07,AUPH.OQ,0.77
2025-11-09,ELA.A,0.417
2025-11-11,SEG.N,-1.58
2025-11-11,SEG.N,-3.76
2025-11-24,LFMD.OQ,-0.206
2025-12-15,NX.N,2.1125
2025-12-29,TH.OQ,-0.29333
2026-01-05,HIPO.N,2.145
2026-01-12,PD.N,1.12444
2026-01-13,SAIL.OQ,0.23316
2026-01-14,LWAY.OQ,1.045
2026-01-20,DNLI.OQ,-2.98453
2026-01-23,CASH.OQ,8.64
2026-01-26,FLYX.A,-0.78
2026-01-26,FLYX.A,-0.2
2026-01-27,ORA.N,2.19257
2026-01-29,CRNX.OQ,-4.94929
2026-01-29,TVTX.OQ,0.69142
2026-01-30,CSR.N,0.57333
2026-01-30,SIBN.OQ,-0.5298
2026-01-30,FSBW.OQ,4.14
2026-02-02,TWI.N,-0.24
2026-02-02,FICO.N,41.37313
2026-02-03,KAI.N,10.245
2026-02-03,KAI.N,9.19075
2026-02-04,APH.N,4.3768
2026-02-04,BPOP.OQ,14.42244
2026-02-05,ARDX.OQ,-0.24218
2026-02-05,SMCI.OQ,2.2235
2026-02-06,TSCO.OQ,2.18071
2026-02-06,POWL.OQ,16.4
2026-02-08,AUB.N,3.73963
2026-02-08,WRB.N,4.57519
2026-02-09,IP.N,1.71317
2026-02-09,VIK.N,2.47273
2026-02-09,OXY.N,2.08479
2026-02-10,UEC.A,-0.10143
2026-02-10,V.N,12.85218
2026-02-10,BBNX.OQ,-1.94
2026-02-10,J.N,7.1455
2026-02-11,KMT.N,2.298
2026-02-11,WEN.OQ,0.87148
2026-02-11,GLPI.OQ,2.87611
2026-02-11,TDG.N,38.97162
2026-02-11,CTS.N,2.41
2026-02-11,GLPI.OQ,3.1964
2026-02-12,RARE.OQ,-3.91453
2026-02-12,EMR.N,6.51708
2026-02-12,RBLX.N,-1.64377
2026-02-12,SCI.N,4.22333
2026-02-12,PPC.OQ,4.29833
2026-02-12,BYRN.OQ,0.64125
2026-02-12,OSCR.N,0.38556
2026-02-13,RARE.OQ,-4.05174
2026-02-13,CSR.N,-0.9075
2026-02-13,WEN.OQ,0.70368
2026-02-13,AUB.N,3.74744
2026-02-13,RBLX.N,-1.6123
2026-02-13,ORA.N,2.176
2026-02-13,SCI.N,4.20667
2026-02-13,PPC.OQ,4.34833
2026-02-13,OXY.N,2.08655
2026-02-15,RYAM.N,0.33
2026-02-16,V.N,12.85212
2026-02-17,ARDX.OQ,-0.242
2026-02-17,RARE.OQ,-4.11433
2026-02-17,WEN.OQ,0.60989
2026-02-17,ORA.N,2.17925
2026-02-17,BBNX.OQ,-1.78833
2026-02-17,SAIL.OQ,0.23368
2026-02-17,CRNX.OQ,-4.945
2026-02-17,FICO.N,41.38059
2026-02-17,OSCR.N,0.48625
2026-02-17,ORA.N,2.31513
2026-02-18,WEN.OQ,0.58548
2026-02-18,BBNX.OQ,-1.92767
2026-02-18,PPC.OQ,4.218
2026-02-18,OSCR.N,0.56
2026-02-19,KAI.N,11.02
2026-02-19,ARDX.OQ,0.13682
2026-02-19,RARE.OQ,-4.18282
2026-02-19,CSR.N,-1.025
2026-02-19,TVTX.OQ,0.64518
2026-02-20,KAI.N,10.8825
2026-02-20,ARDX.OQ,0.09125
2026-02-20,RARE.OQ,-4.34871
2026-02-20,GLPI.OQ,3.1874
2026-02-20,TVTX.OQ,0.35818
2026-02-22,CSR.N,-1.145
2026-02-23,V.N,12.85234
2026-02-23,DNLI.OQ,-2.97872
2026-02-23,ARDX.OQ,0.04408
2026-02-23,SIBN.OQ,-0.4969
2026-02-23,WEN.OQ,0.58322
2026-02-23,GLPI.OQ,3.1989
2026-02-23,TWI.N,-0.23825
2026-02-23,FICO.N,41.67622
2026-02-23,TVTX.OQ,0.222
2026-02-23,TWI.N,0.25233
2026-02-24,KAI.N,11.455
2026-02-24,CSR.N,-1.12
2026-02-24,SIBN.OQ,-0.5088
2026-02-24,GLPI.OQ,3.2059
2026-02-24,AUB.N,3.76933
2026-02-24,BBNX.OQ,-1.90746
2026-02-24,SAIL.OQ,0.2335
2026-02-24,FICO.N,42.0108
2026-02-25,APH.N,4.36314
2026-02-25,KMT.N,2.30378
2026-02-25,EMR.N,6.51548
2026-02-25,RYAM.N,-6.11
2026-02-25,HIPO.N,0.09667
2026-02-26,DNLI.OQ,-2.77588
2026-02-26,ARDX.OQ,0.0309
2026-02-26,WEN.OQ,0.58311
2026-02-26,GLPI.OQ,3.1136
2026-02-26,ORA.N,2.337
2026-02-26,AUPH.OQ,0.808
2026-02-26,HIPO.N,0.15333
2026-02-26,CRNX.OQ,-4.996
2026-02-27,DNLI.OQ,-2.78447
2026-02-27,TWI.N,0.209
2026-02-27,ORA.N,2.2945
2026-02-27,AUPH.OQ,0.792
2026-02-27,CRNX.OQ,-4.88615
2026-02-27,TDG.N,38.994
2026-02-28,RARE.OQ,-4.4955
2026-03-01,CRNX.OQ,-4.84462
2026-03-02,V.N,12.8543
2026-03-02,DNLI.OQ,-2.79867
2026-03-02,SIBN.OQ,-0.51644
2026-03-02,TWI.N,0.045
2026-03-02,RBLX.N,-1.60054
2026-03-02,SAIL.OQ,0.23333
2026-03-02,FICO.N,41.9753
2026-03-03,V.N,12.85418
2026-03-03,DNLI.OQ,-2.79811
2026-03-03,SIBN.OQ,-0.51644
2026-03-03,FSBW.OQ,4.24333
2026-03-03,ORA.N,2.30956
2026-03-03,BYRN.OQ,0.60625
2026-03-03,VIK.N,3.32559
2026-03-03,NX.N,2.0975
2026-03-04,RBLX.N,-1.60452
2026-03-04,ORA.N,2.3145
2026-03-04,RYAM.N,-0.02
2026-03-04,VIK.N,3.3525
2026-03-05,DNLI.OQ,-2.77212
2026-03-05,WEN.OQ,0.58489
2026-03-05,TSCO.OQ,2.18071
2026-03-05,WRB.N,4.56769
2026-03-05,POWL.OQ,16.476
2026-03-05,LFMD.OQ,-0.206
2026-03-05,HIPO.N,0.27667
2026-03-05,CRNX.OQ,-4.915
2026-03-06,RYAM.N,-0.69333
2026-03-06,BYRN.OQ,0.589
2026-03-06,VIK.N,3.34911
2026-03-08,FICO.N,41.7941
2026-03-09,DNLI.OQ,-2.69977
2026-03-09,ARDX.OQ,0.01809
2026-03-09,BYRN.OQ,0.579
2026-03-09,LFMD.OQ,-0.252
2026-03-09,HIPO.N,0.335
2026-03-09,NX.N,2.0075
2026-03-10,UEC.A,-0.11143
2026-03-10,DNLI.OQ,-2.7485
2026-03-10,BYRN.OQ,0.521
2026-03-10,WRB.N,4.56131
2026-03-10,VIK.N,3.33377
2026-03-10,LFMD.OQ,-0.24
2026-03-10,SAIL.OQ,0.23357
2026-03-11,UEC.A,-0.11
2026-03-11,IP.N,1.71985
2026-03-11,VIK.N,3.34522
2026-03-11,TH.OQ,-0.2525
2026-03-12,RARE.OQ,-4.52341
2026-03-12,GLPI.OQ,3.27083
2026-03-12,PD.N,1.23667
2026-03-12,LFMD.OQ,-0.255
2026-03-12,TH.OQ,-0.2425
2026-03-13,V.N,12.85467
2026-03-13,DNLI.OQ,-2.77035
2026-03-13,EMR.N,6.51681
2026-03-13,VIK.N,3.34744
2026-03-13,PD.N,1.26556
2026-03-16,RBLX.N,-1.611
2026-03-16,PD.N,1.25333
2026-03-17,KMT.N,2.298
2026-03-17,UEC.A,-0.12
2026-03-17,WEN.OQ,0.58433
2026-03-17,EMR.N,6.51258
2026-03-17,IP.N,1.67754
2026-03-17,LWAY.OQ,1.21
2026-03-17,TH.OQ,-0.265
2026-03-18,ARDX.OQ,0.00264
2026-03-18,SMCI.OQ,2.23211
2026-03-18,ELA.A,0.485
2026-03-18,SAIL.OQ,0.31864
2026-03-19,WEN.OQ,0.58489
2026-03-19,GLPI.OQ,3.27417
2026-03-19,AUB.N,3.76822
2026-03-19,VIK.N,3.338
2026-03-19,SAIL.OQ,0.31796
2026-03-22,VIK.N,3.34244
2026-03-23,SMCI.OQ,2.24267
2026-03-23,EMR.N,6.51104
2026-03-23,J.N,7.12894
2026-03-24,WEN.OQ,0.58382
2026-03-24,BYRN.OQ,0.52083
2026-03-24,VIK.N,3.34356
2026-03-24,FICO.N,41.78467
2026-03-24,TVTX.OQ,0.169
2026-03-25,DNLI.OQ,-2.76982
2026-03-25,IP.N,1.67215
2026-03-25,WRB.N,4.56359
2026-03-25,TDG.N,38.95495
2025-10-31,JAKK.OQ,2.77
2025-10-31,JAKK.OQ,0.84
2025-11-06,TNC.N,5.77
2025-11-06,TNC.N,6.555
2025-11-09,EXFY.OQ,0.12575
2025-11-10,BKKT.N,0.545
2025-11-10,TRC.N,-0.01
2025-11-11,ONTF.N,0.1325
2025-11-11,BKKT.N,-2.565
2025-11-11,ONTF.N,0.06
2025-11-12,ENVX.OQ,-0.59375
2025-11-12,LBRDK.OQ,8.93
2025-11-17,AHR.N,0.724
2025-11-17,AHR.N,0.47
2025-11-21,SCVL.OQ,1.87333
2025-11-30,ACHR.N,-0.95889
2025-12-17,LE.OQ,0.81
2025-12-22,AVBP.OQ,-4.34818
2026-01-06,TCMD.OQ,0.8
2026-01-07,DFH.N,2.2155
2026-01-08,SHOO.OQ,1.69211
2026-01-09,KMTS.OQ,-2.30429
2026-01-12,FSS.N,4.13757
2026-01-22,ECG.N,3.92833
2026-01-22,ECG.N,3.64683
2026-01-23,SAFE.N,1.73425
2026-01-27,GRNT.N,0.52
2026-01-28,WHD.N,2.64
2026-01-29,MNPR.OQ,-1.71909
2026-01-29,PTCT.OQ,9.63258
2026-01-30,VRSK.OQ,6.94061
2026-01-30,SO.N,4.29118
2026-01-30,HEIa.N,5.50444
2026-01-30,USAR.OQ,-2.63667
2026-01-30,ALRS.OQ,2.5946
2026-01-30,EQR.N,1.44333
2026-02-02,AVBH.OQ,3.331
2026-02-02,INDB.OQ,7.278
2026-02-03,YORW.OQ,1.38
2026-02-03,GEVO.OQ,-0.14
2026-02-03,YORW.OQ,1.57
2026-02-03,GEVO.OQ,-0.0875
2026-02-04,LENZ.OQ,-2.647
2026-02-06,LAW.N,-0.19667
2026-02-09,FFIN.OQ,1.9806
2026-02-10,WHD.N,2.88617
2026-02-10,MCO.N,14.7127
2026-02-10,KR.N,4.79822
2026-02-11,UVSP.OQ,3.39233
2026-02-11,AAPL.OQ,8.50191
2026-02-11,VCTR.OQ,6.91167
2026-02-11,APO.N,9.21674
2026-02-12,PTEN.OQ,-0.334
2026-02-12,HAIN.OQ,-0.118
2026-02-12,ICE.N,7.62633
2026-02-12,EW.N,2.93539
2026-02-12,VSAT.OQ,-1.125
2026-02-12,AMGN.OQ,22.35515
2026-02-13,ICE.N,7.63077
2026-02-13,EW.N,2.92539
2026-02-13,SAFE.N,1.7355
2026-02-16,EXFY.OQ,0.12
2026-02-16,APO.N,9.24687
2026-02-16,EXFY.OQ,0.15667
2026-02-17,GRNT.N,0.428
2026-02-17,PTEN.OQ,-0.333
2026-02-17,HAIN.OQ,-0.14
2026-02-17,EW.N,2.92314
2026-02-17,VSAT.OQ,-1.08
2026-02-17,GRNT.N,0.5125
2026-02-17,VRSK.OQ,6.94584
2026-02-17,MCO.N,14.71133
2026-02-17,TCMD.OQ,1.068
2026-02-17,SAFE.N,1.733
2026-02-17,AMGN.OQ,22.38823
2026-02-18,VRSK.OQ,7.64326
2026-02-18,MCO.N,16.55579
2026-02-18,TCMD.OQ,1.136
2026-02-18,SAFE.N,1.71
2026-02-18,SHOO.OQ,1.68656
2026-02-18,AMGN.OQ,22.37619
2026-02-19,PTEN.OQ,-0.34364
2026-02-19,VRSK.OQ,7.65011
2026-02-19,MCO.N,16.64975
2026-02-19,SO.N,4.56081
2026-02-19,SAFE.N,1.708
2026-02-19,AVBH.OQ,3.33325
2026-02-19,APO.N,9.25287
2026-02-19,AMGN.OQ,22.39511
2026-02-19,PTCT.OQ,-0.925
2026-02-20,PTEN.OQ,-0.34583
2026-02-20,JAKK.OQ,3.19
2026-02-20,VSAT.OQ,-1.05
2026-02-20,VRSK.OQ,7.638
2026-02-20,MCO.N,16.656
2026-02-20,SO.N,4.56819
2026-02-20,AAPL.OQ,8.51158
2026-02-20,AVBH.OQ,3.43675
2026-02-20,APO.N,9.24547
2026-02-20,PTCT.OQ,-0.60367
2026-02-21,SHOO.OQ,1.68989
2026-02-23,EW.N,2.92441
2026-02-23,VRSK.OQ,7.59679
2026-02-23,MCO.N,16.6965
2026-02-23,SO.N,4.56962
2026-02-23,SAFE.N,1.71567
2026-02-23,ACHR.N,-0.94625
2026-02-23,APO.N,9.2535
2026-02-23,DFH.N,1.806
2026-02-23,PTCT.OQ,-0.576
2026-02-24,KR.N,4.81996
2026-02-25,FSS.N,4.64329
2026-02-25,ENVX.OQ,-0.65375
2026-02-25,ECG.N,4.0
2026-02-25,MCO.N,16.76657
2026-02-25,SO.N,4.56438
2026-02-25,LAW.N,-0.13
2026-02-25,SHOO.OQ,2.1685
2026-02-25,AAPL.OQ,8.51073
2026-02-25,TNC.N,5.45333
2026-02-25,SCVL.OQ,1.88333
2026-02-26,FSS.N,4.69429
2026-02-26,ENVX.OQ,-0.59125
2026-02-26,ECG.N,4.155
2026-02-26,SO.N,4.56869
2026-02-26,HEIa.N,5.55478
2026-02-26,LAW.N,-0.13933
2026-02-26,SHOO.OQ,2.10575
2026-02-26,TNC.N,4.98
2026-02-26,PTCT.OQ,-0.64154
2026-02-27,WHD.N,2.88283
2026-02-27,EXFY.OQ,0.11
2026-02-27,HEIa.N,5.56589
2026-02-27,SHOO.OQ,2.094
2026-02-28,PTCT.OQ,-0.575
2026-03-02,PTEN.OQ,-0.34385
2026-03-02,FSS.N,4.71429
2026-03-02,AHR.N,0.746
2026-03-02,WHD.N,2.93967
2026-03-02,VRSK.OQ,7.60732
2026-03-02,HEIa.N,5.56033
2026-03-02,KR.N,4.79778
2026-03-02,APO.N,9.24178
2026-03-02,DFH.N,1.66367
2026-03-03,PTEN.OQ,-0.33714
2026-03-03,WHD.N,2.8182
2026-03-03,ECG.N,4.168
2026-03-03,SO.N,4.56923
2026-03-03,AAPL.OQ,8.50678
2026-03-03,ACHR.N,-1.04
2026-03-04,WHD.N,2.9358
2026-03-04,SHOO.OQ,2.09825
2026-03-04,ACHR.N,-1.05444
2026-03-05,KR.N,5.27329
2026-03-05,AAPL.OQ,8.50732
2026-03-05,AVBP.OQ,-3.78392
2026-03-05,ACHR.N,-1.12222
2026-03-06,YORW.OQ,1.62
2026-03-06,ICE.N,7.65539
2026-03-06,GRNT.N,0.49
2026-03-06,WHD.N,2.8498
2026-03-06,MCO.N,16.75082
2026-03-06,SO.N,4.56857
2026-03-06,HEIa.N,5.56383
2026-03-06,GEVO.OQ,-0.08
2026-03-06,KR.N,5.24846
2026-03-06,AVBP.OQ,-3.83439
2026-03-06,APO.N,9.23733
2026-03-09,ICE.N,7.66429
2026-03-09,KMTS.OQ,-2.30571
2026-03-09,GRNT.N,0.416
2026-03-09,VRSK.OQ,7.62363
2026-03-09,SO.N,4.56733
2026-03-09,GEVO.OQ,-0.075
2026-03-09,KR.N,5.24888
2026-03-09,AAPL.OQ,8.50671
2026-03-09,ACHR.N,-1.20125
2026-03-09,APO.N,9.24456
2026-03-09,PTCT.OQ,-0.48692
2026-03-10,SAFE.N,1.7125
2026-03-10,SHOO.OQ,2.09289
2026-03-10,EQR.N,1.43833
2026-03-10,LBRDK.OQ,11.672
2026-03-10,AMGN.OQ,22.40597
2026-03-11,AAPL.OQ,8.51197
2026-03-11,AVBP.OQ,-3.77362
2026-03-12,ICE.N,7.67686
2026-03-12,ENVX.OQ,-0.58667
2026-03-12,GRNT.N,0.38
2026-03-12,KR.N,5.23729
2026-03-12,VCTR.OQ,6.91167
2026-03-12,AVBP.OQ,-3.75892
2026-03-13,HAIN.OQ,-0.154
2026-03-13,ENVX.OQ,-0.58722
2026-03-13,GRNT.N,0.395
2026-03-13,MCO.N,16.72644
2026-03-13,SO.N,4.565
2026-03-13,KR.N,5.24014
2026-03-13,EQR.N,1.43083
2026-03-13,AMGN.OQ,22.38577
2026-03-16,JAKK.OQ,3.14
2026-03-16,ICE.N,7.71257
2026-03-16,GRNT.N,0.414
2026-03-16,KR.N,5.24144
2026-03-17,KMTS.OQ,-2.34571
2026-03-17,WHD.N,2.7838
2026-03-17,AMGN.OQ,22.39858
2026-03-18,BKKT.N,0.515
2026-03-18,KMTS.OQ,-2.35
2026-03-19,LE.OQ,0.99
2026-03-19,SCVL.OQ,1.9
2026-03-19,AMGN.OQ,22.39277
2026-03-20,PTEN.OQ,-0.33271
2026-03-20,LE.OQ,0.97
2026-03-22,SO.N,4.5675
2026-03-22,AVBP.OQ,-3.75592
2026-03-23,KR.N,5.23926
2026-03-23,AAPL.OQ,8.50697
2026-03-24,LENZ.OQ,-3.70371
2026-03-25,EW.N,2.9235
2026-03-25,MCO.N,16.75035
2026-03-25,LENZ.OQ,-3.69086
2026-03-25,LE.OQ,1.03667
2025-09-02,TEM.OQ,-0.73444
2025-09-04,NEON.OQ,-0.38
2025-09-04,NEON.OQ,-0.41
2025-11-04,HLIT.OQ,0.42867
2025-11-06,VEL.N,2.56
2025-11-11,QTRX.OQ,-2.53333
2025-11-18,BFS.N,1.02
2025-11-18,BFS.N,1.21
2025-11-21,TVRD.OQ,-2.45333
2025-11-21,VEL.N,2.56667
2025-11-24,DDS.N,33.47
2025-11-28,ARVN.OQ,-0.7454
2025-12-01,DDS.N,32.00333
2025-12-04,ASPI.OQ,-1.18
2025-12-08,SWBI.OQ,0.225
2025-12-10,LAKE.OQ,-2.08
2025-12-23,CTLP.OQ,0.41
2025-12-29,CYRX.OQ,1.394
2026-01-08,PHR.N,0.17208
2026-01-12,SHO.N,0.0125
2026-01-12,VIR.OQ,-3.3525
2026-01-14,TREX.N,1.82826
2026-01-15,TMDX.OQ,2.61
2026-01-16,PEB.N,-0.515
2026-01-16,PEB.N,-0.82
2026-01-16,IBRX.OQ,-0.406
2026-01-16,BWXT.N,3.818
2026-01-19,JOBY.N,-0.77667
2026-01-21,IKT.OQ,-0.50857
2026-01-21,SATL.OQ,-0.08
2026-01-22,CASS.OQ,2.81
2026-01-26,HBT.OQ,2.787
2026-01-27,PLUG.OQ,-0.75518
2026-01-27,RLI.N,2.84157
2026-01-29,HPP.N,-7.48333
2026-01-29,HPP.N,-3.785
2026-01-30,AVB.N,5.24818
2026-01-30,SGHT.OQ,-0.82767
2026-02-03,JOBY.N,-1.123
2026-02-03,MPT.N,-0.396
2026-02-04,JPM.N,21.39504
2026-02-04,CF.N,8.97508
2026-02-04,AGNC.OQ,1.52846
2026-02-05,CF.N,7.53692
2026-02-07,ACLS.OQ,4.49817
2026-02-09,ONON.N,1.01914088001044
2026-02-09,CFG.N,5.131
2026-02-09,ROIV.OQ,-1.198
2026-02-10,CEVA.OQ,0.4158
2026-02-10,BR.N,9.48833
2026-02-11,UA.N,0.11267
2026-02-11,GILD.OQ,8.70768
2026-02-11,AMRX.OQ,0.7992
2026-02-12,TEX.N,5.02446
2026-02-12,ITW.N,11.26029
2026-02-12,FCX.N,2.76719
2026-02-13,UA.N,0.11531
2026-02-13,GILD.OQ,8.69205
2026-02-13,TEX.N,4.98782
2026-02-13,JPM.N,21.41042
2026-02-13,FCX.N,2.76324
2026-02-14,BR.N,9.49429
2026-02-15,AVB.N,5.19182
2026-02-15,FCX.N,2.79724
2026-02-16,TEX.N,4.93236
2026-02-17,GILD.OQ,8.69514
2026-02-17,CEVA.OQ,0.5512
2026-02-17,JPM.N,21.42812
2026-02-17,ITW.N,11.25627
2026-02-17,ROIV.OQ,-1.21
2026-02-17,VIR.OQ,-3.355
2026-02-17,ACLS.OQ,4.1355
2026-02-18,AVB.N,5.09333
2026-02-18,GILD.OQ,8.70158
2026-02-18,CEVA.OQ,0.498
2026-02-18,ACLS.OQ,3.79333
2026-02-19,AVB.N,5.03556
2026-02-19,GILD.OQ,8.70346
2026-02-19,HLIT.OQ,0.69367
2026-02-19,BR.N,9.49625
2026-02-19,MPT.N,0.094
2026-02-19,CF.N,7.64462
2026-02-19,FCX.N,2.80739
2026-02-20,PHR.N,0.17054
2026-02-20,TEX.N,4.84146
2026-02-20,HLIT.OQ,0.5764
2026-02-20,ITW.N,11.25838
2026-02-20,MPT.N,0.092
2026-02-20,SATL.OQ,-0.23
2026-02-20,CF.N,8.15077
2026-02-20,ACLS.OQ,3.64833
2026-02-20,FCX.N,2.91858
2026-02-23,GILD.OQ,8.66746
2026-02-23,HLIT.OQ,0.56367
2026-02-23,JPM.N,21.60465
2026-02-23,CF.N,8.31231
2026-02-23,VIR.OQ,-2.721
2026-02-23,IBRX.OQ,-0.298
2026-02-23,BWXT.N,4.29764
2026-02-24,TEM.OQ,-0.39091
2026-02-24,TMDX.OQ,2.75333
2026-02-24,GILD.OQ,8.66596
2026-02-24,ARVN.OQ,-3.12953
2026-02-24,JPM.N,21.68692
2026-02-24,TREX.N,1.63235
2026-02-24,VIR.OQ,-2.40711
2026-02-24,BWXT.N,4.42482
2026-02-25,TEM.OQ,-0.512
2026-02-25,TMDX.OQ,2.59333
2026-02-25,ARVN.OQ,-3.28306
2026-02-25,SATL.OQ,-0.29333
2026-02-25,CF.N,8.74889
2026-02-25,TREX.N,1.6434
2026-02-25,BWXT.N,4.50846
2026-02-25,DDS.N,33.07667
2026-02-26,CEVA.OQ,0.50167
2026-02-26,JOBY.N,-0.83455
2026-02-26,TREX.N,1.6474
2026-02-26,BWXT.N,4.53118
2026-02-26,FCX.N,2.92315
2026-02-27,TEM.OQ,-0.542
2026-02-27,TMDX.OQ,2.55583
2026-02-27,SHO.N,0.13
2026-02-27,JOBY.N,-0.84091
2026-02-27,ITW.N,11.259
2026-02-27,AMRX.OQ,0.9386
2026-02-28,DDS.N,33.17667
2026-03-01,TMDX.OQ,2.56333
2026-03-01,SHO.N,0.15
2026-03-01,SGHT.OQ,-0.81267
2026-03-02,HPP.N,-3.56
2026-03-02,TEM.OQ,-0.555
2026-03-02,PLUG.OQ,-0.29876
2026-03-02,JOBY.N,-0.84364
2026-03-02,AMRX.OQ,0.9566
2026-03-02,VIR.OQ,-2.438
2026-03-02,BWXT.N,4.59367
2026-03-02,QTRX.OQ,-1.47667
2026-03-03,ONON.N,1.63543186180422
2026-03-03,AVB.N,5.09333
2026-03-03,TEM.OQ,-0.38444
2026-03-03,TMDX.OQ,2.55727
2026-03-03,PLUG.OQ,-0.30981
2026-03-03,ARVN.OQ,-3.50333
2026-03-03,TREX.N,1.64737
2026-03-03,ROIV.OQ,-1.26833
2026-03-03,IBRX.OQ,-0.282
2026-03-03,CYRX.OQ,-0.74556
2026-03-03,FCX.N,2.92115
2026-03-03,QTRX.OQ,-1.47667
2026-03-04,IKT.OQ,-0.49975
2026-03-04,ONON.N,1.62747464372833
2026-03-04,HPP.N,-3.53667
2026-03-04,TEX.N,4.843
2026-03-04,JOBY.N,-0.87375
2026-03-04,JPM.N,21.7164
2026-03-04,AMRX.OQ,0.9646
2026-03-04,SGHT.OQ,-0.57538
2026-03-04,VIR.OQ,-2.25711
2026-03-04,IBRX.OQ,-0.268
2026-03-04,CYRX.OQ,-0.75578
2026-03-05,ONON.N,1.62127850371509
2026-03-05,HPP.N,-3.465
2026-03-05,PLUG.OQ,-0.30552
2026-03-05,ARVN.OQ,-3.50163
2026-03-05,SGHT.OQ,-0.53663
2026-03-05,CYRX.OQ,-0.764
2026-03-06,ONON.N,1.62983112027846
2026-03-06,AVB.N,5.03556
2026-03-06,GILD.OQ,8.66496
2026-03-06,ARVN.OQ,-3.48225
2026-03-06,CF.N,8.638
2026-03-06,AMRX.OQ,0.99
2026-03-06,SGHT.OQ,-0.54538
2026-03-06,SWBI.OQ,0.24
2026-03-08,TMDX.OQ,2.48364
2026-03-09,ONON.N,1.62465577145799
2026-03-09,TEX.N,4.84775
2026-03-09,PLUG.OQ,-0.307
2026-03-09,SWBI.OQ,0.275
2026-03-10,ONON.N,1.62401696222051
2026-03-10,AVB.N,5.014
2026-03-10,PEB.N,-0.52
2026-03-10,GILD.OQ,8.67107
2026-03-10,SGHT.OQ,-0.55163
2026-03-10,CYRX.OQ,-0.79457
2026-03-11,AVB.N,4.98
2026-03-11,TEM.OQ,-0.421
2026-03-11,SATL.OQ,-0.3225
2026-03-11,TREX.N,1.6468
2026-03-11,IBRX.OQ,-0.256
2026-03-12,ONON.N,1.60892084499873
2026-03-12,CFG.N,5.13191
2026-03-12,BWXT.N,4.5973
2026-03-12,FCX.N,2.99065
2026-03-13,AVB.N,4.9625
2026-03-13,UA.N,0.11421
2026-03-13,TMDX.OQ,2.48583
2026-03-13,GILD.OQ,8.6733
2026-03-13,PLUG.OQ,-0.31084
2026-03-13,ITW.N,11.27318
2026-03-13,HBT.OQ,2.848
2026-03-15,BWXT.N,4.5973
2026-03-16,VEL.N,2.77
2026-03-17,ITW.N,11.26729
2026-03-17,AMRX.OQ,0.99
2026-03-18,ONON.N,1.59374448228024
2026-03-18,ARVN.OQ,-3.43038
2026-03-18,CF.N,9.7287
2026-03-19,TMDX.OQ,2.4335
2026-03-19,ITW.N,11.26356
2026-03-19,SATL.OQ,-0.175
2026-03-19,ROIV.OQ,-1.26571
2026-03-20,CEVA.OQ,0.50114
2026-03-20,JPM.N,21.7428
2026-03-20,SATL.OQ,-0.1775
2026-03-23,ONON.N,1.61918087000763
2026-03-23,CF.N,10.24436
2026-03-24,UA.N,0.11993
2026-03-24,PHR.N,0.16962
2026-03-24,CFG.N,5.13238
2026-03-24,SATL.OQ,-0.1325
2026-03-24,FCX.N,3.00915
2026-03-25,ONON.N,1.615440243593
2026-03-25,JPM.N,21.7524
2026-03-25,CF.N,11.10255
2026-03-25,SGHT.OQ,-0.57186
2026-03-25,BWXT.N,4.593
2025-11-17,EWTX.OQ,-1.59583
2025-11-18,XENE.OQ,-4.24078
2025-11-26,FOA.N,3
2025-12-19,FIGS.N,0.11078
2025-12-22,GIS.N,3.67094
2025-12-22,NEXN.OQ,0.95143
2025-12-22,GERN.OQ,-0.11333
2026-01-07,TERN.OQ,-1.08446
2026-01-09,SHC.OQ,0.8381
2026-01-12,RNG.N,4.31906
2026-01-12,DCTH.OQ,0.04857
2026-01-13,SOUN.OQ,-0.129
2026-01-14,AVO.OQ,0.69667
2026-01-16,MCW.OQ,0.42929
2026-01-22,SBGI.OQ,-3.21333
2026-01-22,TALO.N,-1.09075
2026-01-23,REAX.OQ,-0.05
2026-01-26,FIS.N,5.76504
2026-01-28,WYFI.OQ,-0.80671
2026-01-28,HTFL.OQ,-2.08775
2026-01-29,AMPX.N,-0.2065
2026-01-30,FCCO.OQ,2.885
2026-01-30,KIDS.OQ,-1.58286
2026-01-30,CBFV.OQ,2.82
2026-02-02,MBIN.OQ,5.23633
2026-02-02,SM.N,5.5135
2026-02-03,AMPX.N,-0.1175
2026-02-03,COO.OQ,4.51637
2026-02-03,MAN.N,3.72218
2026-02-05,GD.N,16.294
2026-02-06,BHVN.N,-6.66063
2026-02-06,IDCC.OQ,7.02
2026-02-06,FLG.N,0.57433
2026-02-08,NEWT.OQ,2.306
2026-02-08,AXS.N,13.2855
2026-02-10,BRKb.N,24.592
2026-02-10,PAX.OQ,1.52333
2026-02-10,HNVR.OQ,2.54667
2026-02-10,OLLI.OQ,3.86847
2026-02-10,MPC.N,12.88213
2026-02-10,BRKb.N,24.764
2026-02-11,FORM.OQ,1.89022
2026-02-11,HBAN.OQ,1.61621
2026-02-12,EPM.A,0.02667
2026-02-12,AVAV.OQ,3.44643
2026-02-12,TRMB.OQ,3.50854
2026-02-12,HOOD.OQ,2.42838
2026-02-12,EG.N,54.317
2026-02-12,FLUT.N,7.66548
2026-02-12,GCMG.OQ,0.892
2026-02-12,GEV.N,14.60896
2026-02-12,SNCY.OQ,1.596
2026-02-13,EPM.A,0.02
2026-02-13,FCCO.OQ,2.91333
2026-02-13,HOOD.OQ,2.42879
2026-02-13,TALO.N,-0.9195
2026-02-13,GIS.N,3.66094
2026-02-13,HBAN.OQ,1.61463
2026-02-13,TALO.N,-1.722
2026-02-17,EPM.A,0.01667
2026-02-17,AVAV.OQ,3.41733
2026-02-17,TRMB.OQ,3.52391
2026-02-17,HOOD.OQ,2.37483
2026-02-17,GIS.N,3.58971
2026-02-17,HBAN.OQ,1.61095
2026-02-17,NEWT.OQ,2.32167
2026-02-17,TERN.OQ,-1.08325
2026-02-17,SM.N,5.4775
2026-02-17,DCTH.OQ,0.05143
2026-02-18,GD.N,16.2968
2026-02-18,GIS.N,3.52665
2026-02-18,SM.N,5.46864
2026-02-18,MCW.OQ,0.47143
2026-02-19,RNG.N,4.77018
2026-02-19,AVAV.OQ,3.41688
2026-02-19,HOOD.OQ,2.38039
2026-02-19,TERN.OQ,-1.07825
2026-02-19,MCW.OQ,0.47
2026-02-20,RNG.N,4.83241
2026-02-20,HOOD.OQ,2.38932
2026-02-20,GD.N,16.29695
2026-02-20,MCW.OQ,0.47071
2026-02-22,RNG.N,4.84418
2026-02-22,MCW.OQ,0.47
2026-02-23,EPM.A,0.02
2026-02-23,FIGS.N,0.11078
2026-02-23,HOOD.OQ,2.39085
2026-02-23,GIS.N,3.50841
2026-02-23,FLG.N,0.57594
2026-02-23,XENE.OQ,-4.24442
2026-02-24,GIS.N,3.49253
2026-02-24,CBFV.OQ,3.0
2026-02-24,FIS.N,6.28627
2026-02-24,SHC.OQ,0.9596
2026-02-24,SM.N,3.423
2026-02-25,AVO.OQ,0.7
2026-02-25,SBGI.OQ,0.95833
2026-02-25,TALO.N,-1.691
2026-02-25,FIS.N,6.28454
2026-02-25,SHC.OQ,0.9606
2026-02-25,GERN.OQ,-0.04333
2026-02-25,MCW.OQ,0.46667
2026-02-26,RNG.N,4.85013
2026-02-26,EWTX.OQ,-2.08273
2026-02-26,FIGS.N,0.12978
2026-02-26,AVAV.OQ,3.41125
2026-02-26,FLUT.N,8.87
2026-02-26,KIDS.OQ,-1.15125
2026-02-26,SOUN.OQ,-0.066
2026-02-26,XENE.OQ,-4.79416
2026-02-26,FIS.N,6.28492
2026-02-26,SM.N,3.45727
2026-02-26,DCTH.OQ,-0.27143
2026-02-27,EWTX.OQ,-2.10818
2026-02-27,FIGS.N,0.215
2026-02-27,FLUT.N,8.20391
2026-02-27,KIDS.OQ,-1.12275
2026-02-27,HBAN.OQ,1.5929
2026-02-27,CBFV.OQ,3.0
2026-02-27,SOUN.OQ,-0.086
2026-02-27,COO.OQ,4.5169
2026-02-27,XENE.OQ,-4.82737
2026-02-27,FIS.N,6.27257
2026-02-27,SHC.OQ,0.96422
2026-02-27,SM.N,3.47
2026-03-01,KIDS.OQ,-1.139
2026-03-01,SHC.OQ,0.9636
2026-03-02,BHVN.N,-3.18339
2026-03-02,AVAV.OQ,3.40438
2026-03-02,FLUT.N,7.9657
2026-03-02,COO.OQ,4.51742
2026-03-02,FIS.N,6.26991
2026-03-02,SM.N,3.4025
2026-03-02,DCTH.OQ,-0.47714
2026-03-03,BHVN.N,-3.18117
2026-03-03,AVAV.OQ,3.31294
2026-03-03,TALO.N,-1.7335
2026-03-03,BRKb.N,24.5195
2026-03-03,SM.N,3.4475
2026-03-03,DCTH.OQ,-0.56429
2026-03-04,BHVN.N,-2.94006
2026-03-04,NEXN.OQ,1.06714
2026-03-04,REAX.OQ,-0.015
2026-03-04,AXS.N,13.33
2026-03-04,SM.N,3.48583
2026-03-05,FIGS.N,0.25357
2026-03-05,TRMB.OQ,3.52592
2026-03-05,HOOD.OQ,2.38885
2026-03-05,TALO.N,-1.72475
2026-03-05,AMPX.N,-0.09211
2026-03-05,FLUT.N,7.85005
2026-03-05,NEXN.OQ,1.08429
2026-03-05,COO.OQ,4.55532
2026-03-05,XENE.OQ,-4.85412
2026-03-05,REAX.OQ,-0.0125
2026-03-06,BHVN.N,-2.9445
2026-03-06,HOOD.OQ,2.39635
2026-03-06,AMPX.N,-0.06433
2026-03-06,FLUT.N,7.70459
2026-03-06,COO.OQ,4.60337
2026-03-06,XENE.OQ,-4.83222
2026-03-06,SM.N,3.64667
2026-03-06,MAN.N,3.74555
2026-03-09,BHVN.N,-2.85091
2026-03-09,TALO.N,-1.65538
2026-03-09,AMPX.N,-0.05433
2026-03-09,FLUT.N,7.49532
2026-03-09,MPC.N,13.634
2026-03-09,COO.OQ,4.61447
2026-03-09,XENE.OQ,-4.81795
2026-03-09,FIS.N,6.269
2026-03-09,GEV.N,14.6617
2026-03-10,AVAV.OQ,3.24353
2026-03-10,TALO.N,-1.45413
2026-03-10,GIS.N,3.48429
2026-03-10,EG.N,54.27854
2026-03-10,HBAN.OQ,1.5919
2026-03-10,COO.OQ,4.61974
2026-03-10,FIS.N,6.26078
2026-03-11,BHVN.N,-2.9425
2026-03-11,AVAV.OQ,3.03606
2026-03-11,MPC.N,13.724
2026-03-11,XENE.OQ,-4.81705
2026-03-12,AVAV.OQ,3.00883
2026-03-12,HOOD.OQ,2.38685
2026-03-12,GD.N,16.30981
2026-03-12,GIS.N,3.48547
2026-03-12,OLLI.OQ,4.47593
2026-03-12,HBAN.OQ,1.5909
2026-03-13,AVO.OQ,0.67333
2026-03-13,HOOD.OQ,2.38585
2026-03-13,COO.OQ,4.62
2026-03-13,FIS.N,6.26035
2026-03-13,AXS.N,13.375
2026-03-15,AVAV.OQ,2.97994
2026-03-15,MPC.N,14.21753
2026-03-16,BHVN.N,-2.892
2026-03-16,HOOD.OQ,2.37985
2026-03-16,OLLI.OQ,4.4792
2026-03-16,HBAN.OQ,1.58835
2026-03-16,BRKb.N,23.982
2026-03-16,XENE.OQ,-4.78405
2026-03-17,AVO.OQ,0.66
2026-03-17,AVAV.OQ,2.88193
2026-03-17,GEV.N,14.66207
2026-03-18,GIS.N,3.43594
2026-03-18,HTFL.OQ,-0.57667
2026-03-18,NEXN.OQ,1.08375
2026-03-18,GEV.N,14.6117
2026-03-18,SM.N,3.80083
2026-03-18,MAN.N,3.67282
2026-03-19,AVO.OQ,0.64
2026-03-19,GIS.N,3.42794
2026-03-19,HTFL.OQ,-0.56333
2026-03-20,SBGI.OQ,1.09833
2026-03-20,SNCY.OQ,1.4695
2026-03-20,SM.N,4.13154
2026-03-22,TALO.N,-1.35538
2026-03-23,EG.N,54.27615
2026-03-23,MPC.N,14.15753
2026-03-23,FIS.N,6.26258
2026-03-23,GEV.N,14.6195
2026-03-23,SM.N,4.50379
2026-03-24,MPC.N,15.09577
2026-03-25,GD.N,16.32029
2026-03-25,FLUT.N,7.38441
2026-03-25,TERN.OQ,-1.06746
2026-03-25,SM.N,4.7425
2026-03-25,DCTH.OQ,-0.64167
2025-11-05,STIM.OQ,-0.59333
2025-11-12,STIM.OQ,-0.46
2025-11-24,TBCH.OQ,1.0394
2025-12-09,SFIX.OQ,-0.195
2025-12-10,JBTM.N,7.7285
2025-12-10,JBTM.N,6.26617
2025-12-18,HHH.N,3.69
2025-12-18,HHH.N,1.71
2025-12-19,PNRG.OQ,17.49
2026-01-06,MLYS.OQ,-2.42333
2026-01-07,BLX.N,6.165
2026-01-07,TPH.N,2.80167
2026-01-16,WEST.OQ,-0.85
2026-01-20,MAC.N,-0.17125
2026-01-20,MAC.N,-0.55571
2026-01-21,WLK.N,-2.12307
2026-01-22,HST.OQ,0.89429
2026-01-22,SKYX.OQ,-0.304
2026-01-22,HST.OQ,1.09286
2026-01-23,THO.N,4.262
2026-01-27,AMRC.N,0.79909
2026-01-27,FLY.OQ,-2.72857
2026-01-28,FTAI.OQ,4.736
2026-01-28,FTAI.OQ,6.94725
2026-01-29,PAR.N,0.11
2026-01-30,AWR.N,3.48
2026-01-30,LAND.OQ,-0.37
2026-01-30,AWR.N,3.32
2026-01-30,LAND.OQ,-0.015
2026-02-02,USCB.OQ,2.0325
2026-02-02,RGCO.OQ,1.29
2026-02-03,CBC.O,1.8638
2026-02-04,CVSA.N,7.93667
2026-02-04,STLD.OQ,13.72682
2026-02-05,CRSR.OQ,0.66788
2026-02-05,JEF.N,4.255
2026-02-05,FLXS.OQ,4.185
2026-02-05,LPLA.OQ,23.91283
2026-02-10,PNR.N,5.33856
2026-02-10,CHWY.N,0.57
2026-02-11,ALGT.OQ,8.37583
2026-02-11,TJX.N,4.6804
2026-02-11,PTLO.OQ,0.24571
2026-02-11,FOXA.OQ,4.63562
2026-02-12,CMCO.OQ,2.01
2026-02-12,VPG.N,0.79
2026-02-12,STT.N,11.61794
2026-02-12,AUR.OQ,-0.46667
2026-02-12,NTAP.OQ,7.905
2026-02-12,ALGM.OQ,0.52936
2026-02-12,SF.N,6.4605
2026-02-12,DLTR.OQ,5.73075
2026-02-12,CI.N,30.31737
2026-02-13,CRSR.OQ,0.69863
2026-02-13,DLTR.OQ,5.72908
2026-02-13,TPH.N,2.798
2026-02-13,CI.N,30.329
2026-02-13,RGCO.OQ,1.3
2026-02-15,AUR.OQ,-0.47
2026-02-17,CVSA.N,7.93667
2026-02-17,STT.N,11.63231
2026-02-17,NTAP.OQ,7.90605
2026-02-17,DLTR.OQ,5.73676
2026-02-18,CMCO.OQ,2.1125
2026-02-18,AUR.OQ,-0.46875
2026-02-18,STLD.OQ,13.78073
2026-02-19,MAC.N,-0.16125
2026-02-19,ALGM.OQ,0.53108
2026-02-19,USCB.OQ,2.03
2026-02-19,FOXA.OQ,4.64379
2026-02-19,CHWY.N,0.57125
2026-02-20,CMCO.OQ,2.15
2026-02-20,HST.OQ,0.93429
2026-02-22,NTAP.OQ,7.90026
2026-02-22,HST.OQ,0.98286
2026-02-23,MAC.N,-0.15625
2026-02-23,TJX.N,4.6829
2026-02-24,JBTM.N,7.72017
2026-02-24,WLK.N,0.61975
2026-02-24,DLTR.OQ,5.77476
2026-02-24,TJX.N,4.6814
2026-02-24,PTLO.OQ,0.22333
2026-02-24,CI.N,30.32762
2026-02-24,CHWY.N,0.5725
2026-02-25,MAC.N,-0.108
2026-02-25,JBTM.N,7.8785
2026-02-25,WLK.N,0.70077
2026-02-25,TJX.N,5.13675
2026-02-25,PTLO.OQ,0.23333
2026-02-25,TPH.N,2.2476
2026-02-26,MAC.N,-0.13
2026-02-26,PAR.N,0.68714
2026-02-26,JBTM.N,8.055
2026-02-26,WLK.N,0.75643
2026-02-26,FTAI.OQ,7.0585
2026-02-26,NTAP.OQ,7.93184
2026-02-26,DLTR.OQ,5.77396
2026-02-26,TJX.N,5.1187
2026-02-26,LPLA.OQ,23.92233
2026-02-26,THO.N,4.25467
2026-02-26,FOXA.OQ,4.64023
2026-02-27,PAR.N,0.58714
2026-02-27,JBTM.N,8.21333
2026-02-27,FTAI.OQ,7.10225
2026-02-27,NTAP.OQ,7.95711
2026-02-27,SF.N,6.41217
2026-02-27,TJX.N,5.1147
2026-02-27,LAND.OQ,-0.4
2026-02-28,CI.N,30.32409
2026-03-02,WLK.N,0.79539
2026-03-02,AMRC.N,1.15167
2026-03-02,NTAP.OQ,7.96342
2026-03-02,AWR.N,3.59
2026-03-02,DLTR.OQ,5.77716
2026-03-02,TJX.N,5.10965
2026-03-02,STLD.OQ,13.93073
2026-03-02,CHWY.N,0.56824
2026-03-03,PAR.N,0.54833
2026-03-03,WLK.N,0.95833
2026-03-03,AMRC.N,1.10083
2026-03-03,NTAP.OQ,7.97844
2026-03-03,TJX.N,5.10633
2026-03-03,PTLO.OQ,0.24125
2026-03-03,TPH.N,2.2116
2026-03-03,THO.N,4.23625
2026-03-03,HST.OQ,1.04286
2026-03-03,CI.N,30.3337
2026-03-04,AMRC.N,1.14333
2026-03-04,FTAI.OQ,6.7716
2026-03-04,NTAP.OQ,7.97794
2026-03-04,AWR.N,3.7
2026-03-04,TPH.N,2.05267
2026-03-04,THO.N,4.2215
2026-03-05,PAR.N,0.54167
2026-03-05,WLK.N,1.04692
2026-03-05,FTAI.OQ,6.9116
2026-03-05,SF.N,6.408
2026-03-05,PTLO.OQ,0.23444
2026-03-05,PNR.N,5.34411
2026-03-05,SKYX.OQ,-0.305
2026-03-05,CHWY.N,0.56824
2026-03-06,NTAP.OQ,7.97917
2026-03-06,PNR.N,5.34356
2026-03-09,MAC.N,-0.13286
2026-03-09,WLK.N,0.98786
2026-03-09,AMRC.N,1.17556
2026-03-09,NTAP.OQ,7.97763
2026-03-09,JEF.N,4.16
2026-03-09,TBCH.OQ,1.0214
2026-03-09,STLD.OQ,13.938
2026-03-10,WEST.OQ,-0.24
2026-03-10,AMRC.N,1.149
2026-03-10,FLY.OQ,-2.93167
2026-03-10,ALGT.OQ,8.2925
2026-03-10,DLTR.OQ,5.79316
2026-03-10,THO.N,4.2336
2026-03-10,STLD.OQ,14.05618
2026-03-11,PTLO.OQ,0.231
2026-03-12,MLYS.OQ,-2.03833
2026-03-12,SFIX.OQ,-0.1825
2026-03-12,JEF.N,4.07333
2026-03-12,TBCH.OQ,1.0724
2026-03-12,HST.OQ,1.108
2026-03-12,CI.N,30.33544
2026-03-13,AMRC.N,1.15364
2026-03-13,FTAI.OQ,7.0556
2026-03-13,AUR.OQ,-0.47
2026-03-13,TBCH.OQ,0.8352
2026-03-13,THO.N,4.219
2026-03-13,CI.N,30.34563
2026-03-16,PAR.N,0.52167
2026-03-16,MLYS.OQ,-2.02
2026-03-16,SFIX.OQ,-0.176
2026-03-16,FLY.OQ,-2.92
2026-03-16,ALGT.OQ,7.97667
2026-03-16,DLTR.OQ,6.70911
2026-03-16,HST.OQ,1.1725
2026-03-17,DLTR.OQ,6.72207
2026-03-17,STLD.OQ,13.67591
2026-03-18,STIM.OQ,-0.47667
2026-03-18,JBTM.N,8.21333
2026-03-18,WLK.N,1.00692
2026-03-18,ALGT.OQ,7.93083
2026-03-18,DLTR.OQ,6.72833
2026-03-18,HST.OQ,1.1725
2026-03-18,STLD.OQ,13.58864
2026-03-19,FLY.OQ,-1.32
2026-03-19,DLTR.OQ,6.73019
2026-03-19,FOXA.OQ,4.64254
2026-03-19,CHWY.N,0.905
2026-03-20,WLK.N,1.11846
2026-03-20,FLY.OQ,-1.24
2026-03-20,ALGT.OQ,7.76808
2026-03-22,JEF.N,3.99833
2026-03-23,FLY.OQ,-1.48333
2026-03-23,ALGT.OQ,7.80308
2026-03-23,TBCH.OQ,0.86267
2026-03-23,SF.N,6.41884
2026-03-23,DLTR.OQ,6.70883
2026-03-23,LPLA.OQ,23.86458
2026-03-24,CVSA.N,7.905
2026-03-24,FTAI.OQ,7.08133
2026-03-24,FLY.OQ,-1.59429
2026-03-24,ALGM.OQ,0.53108
2026-03-24,STLD.OQ,13.57955
2026-03-25,CMCO.OQ,2.1375
2026-03-25,CI.N,30.347
2025-08-26,USGO.OQ,-0.35
2025-09-10,CORT.OQ,2.19
2025-10-29,RCKY.OQ,2.8
2025-10-29,DORM.OQ,8.83275
2025-10-30,SMHI.N,-1.12
2025-10-30,HURN.OQ,7.624
2025-10-30,EBS.N,2.05
2025-10-30,SMHI.N,-2.79
2025-11-03,OSPN.OQ,1.423
2025-11-06,BKTI.A,4.17
2025-11-06,BKTI.A,3.94
2025-11-11,ARLO.N,0.6605
2025-11-17,DMAC.OQ,-0.684
2025-11-19,BYND.OQ,-1.19
2025-11-24,HY.N,-0.455
2025-11-24,HY.N,-0.67
2025-12-29,OOMA.N,1.00917
2026-01-05,OOMA.N,1.20671
2026-01-07,CMPX.OQ,-0.4322
2026-01-08,OPFI.N,1.5725
2026-01-09,RGP.OQ,0.11
2026-01-11,GSHD.OQ,1.78846
2026-01-11,ADBE.OQ,23.48542
2026-01-14,WBD.OQ,0.36647
2026-01-16,CNH.N,0.45541
2026-01-27,AMH.N,0.9275
2026-01-27,AARD.OQ,-2.94
2026-01-27,ITRI.OQ,6.8143
2026-01-29,FTK.N,0.98867
2026-01-29,GLNG.OQ,1.31457
2026-01-29,ETD.N,1.56
2026-01-29,OFG.N,4.265
2026-01-30,CSX.OQ,1.84438
2026-01-30,HOPE.OQ,1.10867
2026-02-02,AROW.OQ,3.45
2026-02-05,SPG.N,6.66333
2026-02-09,JOUT.OQ,1.15
2026-02-09,CBOE.Z,11.46979
2026-02-10,INNV.OQ,0.21
2026-02-10,ACT.OQ,4.71
2026-02-10,RITM.N,2.27
2026-02-11,CORT.OQ,0.93
2026-02-11,BKR.OQ,2.6419
2026-02-11,UAA.N,0.11455
2026-02-12,UE.N,0.455
2026-02-12,WEC.N,5.59746
2026-02-12,GXO.N,3.01788
2026-02-12,EPC.N,1.99167
2026-02-12,RAL.N,2.34642
2026-02-12,TSSI.OQ,0.12
2026-02-12,BAX.N,2.06571
2026-02-13,WEC.N,5.59683
2026-02-13,GXO.N,3.00725
2026-02-13,UAA.N,0.11645
2026-02-13,CBOE.Z,11.75973
2026-02-13,BAX.N,2.01924
2026-02-13,CNH.N,0.45482
2026-02-16,EPC.N,1.92833
2026-02-17,GSHD.OQ,2.12892
2026-02-17,AMH.N,0.74667
2026-02-17,BKR.OQ,2.6393
2026-02-17,GXO.N,3.00971
2026-02-17,ARLO.N,0.6564
2026-02-17,ITRI.OQ,5.9845
2026-02-17,BAX.N,1.9178
2026-02-17,CNH.N,0.48967
2026-02-17,ARLO.N,0.7882
2026-02-18,GSHD.OQ,2.11717
2026-02-18,HOPE.OQ,1.1065
2026-02-18,ITRI.OQ,6.0042
2026-02-18,CNH.N,0.47194
2026-02-19,GLNG.OQ,1.33525
2026-02-19,ITRI.OQ,6.0212
2026-02-19,CNH.N,0.45259
2026-02-20,GSHD.OQ,2.09217
2026-02-20,INNV.OQ,0.255
2026-02-20,AMH.N,0.73889
2026-02-20,ITRI.OQ,5.98025
2026-02-20,CNH.N,0.44259
2026-02-23,GSHD.OQ,2.06467
2026-02-23,AMH.N,0.73111
2026-02-23,DORM.OQ,9.44113
2026-02-24,RCKY.OQ,3.31
2026-02-24,BKR.OQ,2.63695
2026-02-24,HURN.OQ,8.736
2026-02-24,ADBE.OQ,23.48963
2026-02-24,RITM.N,2.275
2026-02-24,CNH.N,0.41546
2026-02-25,AMH.N,0.72444
2026-02-25,GLNG.OQ,0.68
2026-02-25,HURN.OQ,8.7616
2026-02-25,BAX.N,1.91856
2026-02-26,OSPN.OQ,1.332
2026-02-26,WBD.OQ,-0.14563
2026-02-26,GLNG.OQ,0.78
2026-02-26,SMHI.N,-3.37
2026-02-26,ITRI.OQ,5.98244
2026-02-26,HURN.OQ,8.7676
2026-02-26,DORM.OQ,9.30988
2026-02-27,OSPN.OQ,1.252
2026-02-27,WBD.OQ,-0.10167
2026-02-27,ARLO.N,0.8082
2026-02-27,ITRI.OQ,5.99778
2026-02-27,DORM.OQ,9.06738
2026-02-27,SPG.N,6.5925
2026-02-27,EBS.N,0.52
2026-03-01,AARD.OQ,-2.9375
2026-03-01,CNH.N,0.41221
2026-03-02,OSPN.OQ,1.216
2026-03-02,WBD.OQ,-0.10333
2026-03-02,WEC.N,5.59846
2026-03-02,DORM.OQ,8.77463
2026-03-03,WBD.OQ,-0.10833
2026-03-03,RCKY.OQ,3.67
2026-03-03,HURN.OQ,8.7595
2026-03-04,WBD.OQ,-0.1
2026-03-04,FTK.N,0.7965
2026-03-04,CMPX.OQ,-0.4222
2026-03-04,CSX.OQ,1.8466
2026-03-04,DORM.OQ,8.68814
2026-03-04,ADBE.OQ,23.4915
2026-03-05,WBD.OQ,-0.146
2026-03-05,CMPX.OQ,-0.39256
2026-03-05,HY.N,-2.94
2026-03-05,OOMA.N,1.28943
2026-03-05,DORM.OQ,8.46088
2026-03-06,WBD.OQ,-0.146
2026-03-06,AMH.N,0.72222
2026-03-06,CMPX.OQ,-0.39506
2026-03-06,CSX.OQ,1.84708
2026-03-06,ITRI.OQ,6.017
2026-03-06,CBOE.Z,11.79246
2026-03-07,UE.N,0.4625
2026-03-09,WBD.OQ,-0.146
2026-03-09,CMPX.OQ,-0.39956
2026-03-09,HURN.OQ,8.7856
2026-03-09,CNH.N,0.42207
2026-03-10,WBD.OQ,-0.13563
2026-03-10,AMH.N,0.71667
2026-03-10,SPG.N,6.49
2026-03-11,OPFI.N,1.76
2026-03-11,OOMA.N,1.28433
2026-03-11,TSSI.OQ,0.18
2026-03-12,OPFI.N,1.7825
2026-03-12,FTK.N,0.78133
2026-03-12,BKR.OQ,2.63552
2026-03-12,CMPX.OQ,-0.40164
2026-03-12,CSX.OQ,1.84508
2026-03-12,ACT.OQ,4.77
2026-03-12,CBOE.Z,11.83336
2026-03-12,ADBE.OQ,23.50353
2026-03-12,CNH.N,0.4114
2026-03-13,WEC.N,5.59869
2026-03-13,BKTI.A,3.55
2026-03-13,FTK.N,0.79967
2026-03-13,UAA.N,0.11567
2026-03-13,CBOE.Z,11.83058
2026-03-13,ADBE.OQ,23.54559
2026-03-15,ADBE.OQ,23.54144
2026-03-16,WEC.N,5.59736
2026-03-16,FTK.N,0.7995
2026-03-16,BKR.OQ,2.62695
2026-03-16,CBOE.Z,11.88308
2026-03-17,GSHD.OQ,2.06662
2026-03-17,FTK.N,0.75383
2026-03-17,BKR.OQ,2.63936
2026-03-17,BAX.N,1.91731
2026-03-17,ADBE.OQ,23.54287
2026-03-19,GSHD.OQ,2.06123
2026-03-19,CSX.OQ,1.84388
2026-03-20,GLNG.OQ,0.85143
2026-03-22,TSSI.OQ,0.19
2026-03-23,WEC.N,5.59953
2026-03-23,AARD.OQ,-3.75083
2026-03-23,GLNG.OQ,0.91857
2026-03-23,HURN.OQ,8.7982
2026-03-24,AARD.OQ,-3.4775
2026-03-24,CMPX.OQ,-0.40093
2026-03-24,UAA.N,0.1195
2026-03-24,ARLO.N,0.805
2026-03-24,RGP.OQ,0.08
2026-03-25,BAX.N,1.92047
2025-07-31,FDP.N,3.07
2025-09-24,INTC.OQ,0.63277
2025-10-30,FDP.N,2.83
2025-11-13,LPRO.OQ,-0.03388
2025-11-13,CDXS.OQ,-0.656
2025-11-24,IPAR.OQ,5.13
2025-11-24,SGRY.OQ,0.64583
2025-11-24,PSFE.N,1.85957
2025-12-17,LGND.OQ,7.58
2025-12-23,USAU.OQ,-0.435
2025-12-24,NRDY.N,-0.31
2026-01-09,NFE.OQ,-4.095
2026-01-13,OSW.OQ,1.014
2026-01-14,CENX.OQ,2.46
2026-01-15,PRGO.N,2.772
2026-01-16,CHDN.OQ,6.2806
2026-01-16,BWIN.OQ,1.658
2026-01-16,VAC.N,6.92571
2026-01-16,EPAC.N,1.9175
2026-01-21,HLF.N,2.113
2026-01-21,COLD.N,-0.03167
2026-01-21,HLF.N,2.61867
2026-01-23,CHDN.OQ,6.936
2026-01-27,EDIT.OQ,-2.01
2026-01-30,FSBC.OQ,3.434
2026-02-02,RR.OQ,-0.075
2026-02-02,PR.N,1.15784
2026-02-02,CMPR.OQ,3.29
2026-02-02,ADP.OQ,10.96725
2026-02-02,TRV.N,27.20904
2026-02-02,SRRK.OQ,-3.436
2026-02-03,PPG.N,8.01032
2026-02-03,MAZE.OQ,-3.129
2026-02-03,VOXR.OQ,0.00667
2026-02-04,ATYR.OQ,-0.8325
2026-02-05,MATW.OQ,0.8
2026-02-06,SIGI.OQ,8.01617
2026-02-08,WEX.N,17.50493
2026-02-08,GNW.N,0.455
2026-02-09,CENTA.OQ,2.8075
2026-02-10,SBH.N,2.068
2026-02-11,CAH.N,10.30388
2026-02-11,WMT.OQ,2.6377
2026-02-12,VNDA.OQ,-1.805
2026-02-12,CALY.N,0.04286
2026-02-12,COR.N,17.6226
2026-02-12,TOST.N,0.77039
2026-02-12,SGI.N,2.696
2026-02-12,MU.OQ,33.65888
2026-02-12,RGA.N,25.97278
2026-02-12,SPHR.N,-2.76857
2026-02-12,NI.N,2.05215
2026-02-12,CGNX.OQ,1.17663
2026-02-13,WMT.OQ,2.63851
2026-02-13,CALY.N,0.17571
2026-02-13,TOST.N,0.7709
2026-02-13,MU.OQ,33.66282
2026-02-13,SPHR.N,-2.74143
2026-02-13,SIGI.OQ,8.00243
2026-02-13,TRV.N,27.21321
2026-02-13,CGNX.OQ,1.22921
2026-02-16,RR.OQ,-0.14
2026-02-16,TOST.N,0.77321
2026-02-17,VNDA.OQ,-2.41667
2026-02-17,CENTA.OQ,2.8175
2026-02-17,WMT.OQ,2.63832
2026-02-17,SGI.N,3.3139
2026-02-17,MU.OQ,33.85221
2026-02-17,CGNX.OQ,1.2499
2026-02-18,RR.OQ,-0.165
2026-02-18,CALY.N,0.29714
2026-02-18,OSW.OQ,1.122
2026-02-18,SGI.N,3.3019
2026-02-18,RGA.N,26.0755
2026-02-18,TRV.N,27.26071
2026-02-19,WMT.OQ,2.93264
2026-02-19,CENX.OQ,6.755
2026-02-19,CALY.N,0.4925
2026-02-19,HLF.N,2.51475
2026-02-19,OSW.OQ,1.112
2026-02-19,TOST.N,0.77228
2026-02-19,COLD.N,-0.00857
2026-02-19,TRV.N,27.23576
2026-02-20,WMT.OQ,2.91982
2026-02-20,CENX.OQ,7.28667
2026-02-20,COLD.N,0.01
2026-02-20,NRDY.N,-0.315
2026-02-20,NI.N,2.05129
2026-02-20,NRDY.N,-0.20333
2026-02-23,CAH.N,10.30518
2026-02-23,IPAR.OQ,4.95175
2026-02-23,WMT.OQ,2.91954
2026-02-23,CALY.N,0.4
2026-02-23,PRGO.N,2.766
2026-02-23,NI.N,2.05164
2026-02-23,FDP.N,3.1
2026-02-24,VNDA.OQ,-2.46
2026-02-24,WMT.OQ,2.917
2026-02-24,NFE.OQ,-3.985
2026-02-24,CENX.OQ,7.9
2026-02-24,TOST.N,0.78472
2026-02-24,COLD.N,0.035
2026-02-25,IPAR.OQ,4.96425
2026-02-25,WMT.OQ,2.91033
2026-02-25,HLF.N,2.54633
2026-02-25,PR.N,1.05291
2026-02-25,OSW.OQ,1.1125
2026-02-25,BWIN.OQ,1.658
2026-02-25,VAC.N,6.911
2026-02-26,CHDN.OQ,6.72867
2026-02-26,IPAR.OQ,4.9454
2026-02-26,WMT.OQ,2.91241
2026-02-26,PR.N,1.04382
2026-02-26,LGND.OQ,8.35975
2026-02-26,BWIN.OQ,2.0261
2026-02-26,PRGO.N,2.379
2026-02-26,COLD.N,0.035
2026-02-26,VAC.N,6.9271
2026-02-27,WMT.OQ,2.912
2026-02-27,PR.N,1.05382
2026-02-27,OSW.OQ,1.1168
2026-02-27,LGND.OQ,8.3235
2026-02-27,BWIN.OQ,2.029
2026-02-27,NRDY.N,-0.2
2026-03-01,CHDN.OQ,6.71867
2026-03-01,BWIN.OQ,2.028
2026-03-01,TOST.N,0.78472
2026-03-02,PR.N,1.04791
2026-03-02,COR.N,17.62064
2026-03-02,SGRY.OQ,0.71583
2026-03-02,LGND.OQ,8.3835
2026-03-02,MU.OQ,34.44666
2026-03-02,FSBC.OQ,3.4232
2026-03-03,PPG.N,8.00335
2026-03-03,PR.N,1.05382
2026-03-03,SGRY.OQ,0.4325
2026-03-03,RGA.N,26.15955
2026-03-03,PSFE.N,2.23157
2026-03-03,SRRK.OQ,-3.31821
2026-03-04,IPAR.OQ,4.9114
2026-03-04,CALY.N,0.494
2026-03-04,PR.N,1.082
2026-03-04,SGRY.OQ,0.30917
2026-03-04,MU.OQ,34.99949
2026-03-04,RGA.N,26.29182
2026-03-04,COLD.N,-0.11
2026-03-04,VAC.N,7.18157
2026-03-04,SIGI.OQ,7.92088
2026-03-04,TRV.N,27.27977
2026-03-04,PSFE.N,2.22014
2026-03-04,SRRK.OQ,-3.28964
2026-03-05,VNDA.OQ,-2.3825
2026-03-05,WMT.OQ,2.91303
2026-03-05,NFE.OQ,-4.055
2026-03-05,PR.N,1.12294
2026-03-05,SGRY.OQ,0.26917
2026-03-05,LGND.OQ,8.54667
2026-03-05,BWIN.OQ,2.00863
2026-03-05,PRGO.N,2.27375
2026-03-05,SGI.N,3.3009
2026-03-05,MU.OQ,35.09918
2026-03-05,COLD.N,-0.0325
2026-03-05,VAC.N,7.25888
2026-03-05,ATYR.OQ,-0.63625
2026-03-06,PR.N,1.12982
2026-03-06,ADP.OQ,10.96788
2026-03-06,ATYR.OQ,-0.59333
2026-03-09,CALY.N,0.37167
2026-03-09,PR.N,1.10706
2026-03-09,EDIT.OQ,-1.096
2026-03-09,SGRY.OQ,0.24546
2026-03-09,LGND.OQ,8.70857
2026-03-09,BWIN.OQ,2.00878
2026-03-09,MU.OQ,35.47009
2026-03-09,COLD.N,-0.056
2026-03-09,VAC.N,7.28456
2026-03-09,ATYR.OQ,-0.56556
2026-03-09,CGNX.OQ,1.24674
2026-03-10,PR.N,1.16261
2026-03-10,PSFE.N,2.205
2026-03-11,EDIT.OQ,-1.09985
2026-03-11,LGND.OQ,8.77375
2026-03-11,MU.OQ,35.50646
2026-03-11,CDXS.OQ,-0.422
2026-03-12,LPRO.OQ,0.12
2026-03-12,MU.OQ,35.73433
2026-03-12,TRV.N,27.23237
2026-03-12,ATYR.OQ,-0.6025
2026-03-12,CDXS.OQ,-0.374
2026-03-13,LPRO.OQ,0.11738
2026-03-13,CHDN.OQ,6.71867
2026-03-13,EDIT.OQ,-1.08292
2026-03-13,PRGO.N,2.379
2026-03-13,ADP.OQ,10.96682
2026-03-13,MU.OQ,36.07161
2026-03-13,WEX.N,17.50146
2026-03-13,PSFE.N,2.205
2026-03-16,PPG.N,7.99252
2026-03-16,PR.N,1.18085
2026-03-16,EDIT.OQ,-1.0282
2026-03-16,MU.OQ,38.02615
2026-03-16,TRV.N,27.22496
2026-03-16,PSFE.N,2.198
2026-03-16,SRRK.OQ,-3.25107
2026-03-16,CGNX.OQ,1.25042
2026-03-17,MAZE.OQ,-3.13909
2026-03-17,MU.OQ,38.95039
2026-03-18,LPRO.OQ,0.11988
2026-03-18,WMT.OQ,2.91106
2026-03-18,PPG.N,7.99218
2026-03-18,COR.N,17.6226
2026-03-18,ADP.OQ,10.96644
2026-03-18,MU.OQ,44.03349
2026-03-18,WEX.N,17.66454
2026-03-18,CDXS.OQ,-0.44667
2026-03-19,COR.N,17.6206
2026-03-19,MU.OQ,53.91656
2026-03-20,PR.N,1.21985
2026-03-20,MU.OQ,55.0558
2026-03-20,NI.N,2.05067
2026-03-23,IPAR.OQ,4.8914
2026-03-23,PPG.N,7.97078
2026-03-23,COR.N,17.62071
2026-03-23,LGND.OQ,8.62533
2026-03-23,MU.OQ,56.34884
2026-03-23,TRV.N,27.2257
2026-03-24,CALY.N,0.37167
2026-03-24,OSW.OQ,1.12067
2026-03-24,LGND.OQ,9.39856
2026-03-24,MU.OQ,57.18558
2026-03-24,CDXS.OQ,-0.4475
2026-03-25,PR.N,1.26145
2026-03-25,MAZE.OQ,-3.0374
2026-03-25,SGRY.OQ,0.24
2025-01-23,BNED.N,-6.17
2025-11-06,ADV.OQ,0.285
2025-11-07,SNWV.OQ,0.425
2025-11-11,OSG.N,-0.765
2025-11-12,MVIS.OQ,-0.21
2025-11-12,MVIS.OQ,-0.16
2025-11-24,ILPT.OQ,-0.79
2025-11-24,ILPT.OQ,-0.9
2025-12-11,EVLV.OQ,-0.08667
2025-12-11,EVLV.OQ,-0.075
2025-12-23,OSG.N,-0.15
2025-12-30,BFLY.N,-0.3
2026-01-06,UWMC.N,0.12625
2026-01-09,JRVR.OQ,1.21333
2026-01-15,IRON.OQ,-6.165
2026-01-16,FUL.N,4.57971
2026-01-16,JRVR.OQ,1.1275
2026-01-20,NHI.N,3.0925
2026-01-20,NHI.N,3.335
2026-01-21,GDDY.N,6.019
2026-01-22,PHAT.OQ,-3.18375
2026-01-23,ESI.N,1.48182
2026-01-23,ARDT.N,0.95889
2026-01-27,BEAM.OQ,-4.19956
2026-01-29,GLDD.OQ,1.08
2026-01-29,CR.N,6.67911
2026-01-29,GLDD.OQ,1.09333
2026-01-30,BANR.OQ,5.8645
2026-02-01,PCB.OQ,2.71933
2026-02-02,FOLD.OQ,0.31963
2026-02-02,MHO.N,13.955
2026-02-02,IVR.N,2.236
2026-02-02,ECPG.OQ,9.68
2026-02-02,FOLD.OQ,-0.01429
2026-02-02,CVCO.OQ,23.825
2026-02-03,NEE.N,4.01044
2026-02-05,TFSL.OQ,0.33
2026-02-05,SNEX.OQ,5.405
2026-02-06,AMSC.OQ,2.805
2026-02-06,CLB.N,0.81233
2026-02-09,EQBK.N,4.999
2026-02-09,COST.OQ,20.38603
2026-02-09,SBUX.OQ,2.282
2026-02-10,BRBR.N,1.91377
2026-02-10,DIS.N,6.66514
2026-02-10,CUZ.N,0.29667
2026-02-10,EL.N,2.22612
2026-02-10,REPL.OQ,-3.415
2026-02-11,EVH.N,0.06392
2026-02-12,SDGR.OQ,-1.52657
2026-02-12,PACB.OQ,-0.51433
2026-02-12,ALB.N,5.27253
2026-02-12,RWT.N,0.89167
2026-02-12,SDGR.OQ,-2.03313
2026-02-12,CZWI.OQ,1.75
2026-02-12,NEM.N,6.44447
2026-02-13,PACB.OQ,-0.51656
2026-02-13,ALB.N,6.43663
2026-02-13,COST.OQ,20.38845
2026-02-13,IRON.OQ,-5.79917
2026-02-15,ADV.OQ,0.38
2026-02-15,ADV.OQ,0.3
2026-02-15,NEM.N,6.446
2026-02-17,PACB.OQ,-0.50488
2026-02-17,ALB.N,6.82926
2026-02-17,RWT.N,0.925
2026-02-17,ESI.N,1.72391
2026-02-17,COST.OQ,20.38837
2026-02-17,SBUX.OQ,2.297
2026-02-17,IRON.OQ,-6.13667
2026-02-17,ARDT.N,0.9725
2026-02-18,ALB.N,7.21624
2026-02-18,RWT.N,0.942
2026-02-18,ESI.N,1.74273
2026-02-19,ESI.N,1.74182
2026-02-19,NEM.N,9.09544
2026-02-20,NEE.N,4.01042
2026-02-20,ALB.N,7.40153
2026-02-20,BEAM.OQ,-4.23168
2026-02-20,ESI.N,1.74909
2026-02-20,NEM.N,9.01767
2026-02-22,NEE.N,4.0125
2026-02-23,ALB.N,7.47589
2026-02-23,DIS.N,6.65404
2026-02-23,REPL.OQ,-3.414
2026-02-23,FOLD.OQ,0.33463
2026-02-23,NEM.N,8.99756
2026-02-24,ALB.N,7.44295
2026-02-24,BEAM.OQ,-4.60922
2026-02-24,OSG.N,0.365
2026-02-24,EVH.N,0.27758
2026-02-24,ARDT.N,0.97
2026-02-24,GDDY.N,7.08609
2026-02-24,NEM.N,9.16073
2026-02-24,GLDD.OQ,1.08833
2026-02-25,ECPG.OQ,10.88
2026-02-25,BEAM.OQ,-4.57533
2026-02-25,EVH.N,0.209
2026-02-25,COST.OQ,20.37903
2026-02-25,UWMC.N,0.45389
2026-02-25,GDDY.N,6.96892
2026-02-25,GLDD.OQ,1.10333
2026-02-26,NEE.N,4.0125
2026-02-26,ECPG.OQ,11.9775
2026-02-26,PHAT.OQ,-0.74333
2026-02-26,BFLY.N,-0.2525
2026-02-26,EVH.N,0.19983
2026-02-26,DIS.N,6.65221
2026-02-26,SDGR.OQ,-1.955
2026-02-26,UWMC.N,0.43833
2026-02-26,IRON.OQ,-7.20173
2026-02-26,NEM.N,9.27567
2026-02-27,NEE.N,4.01048
2026-02-27,PHAT.OQ,-0.65
2026-02-27,EVH.N,0.1865
2026-02-27,COST.OQ,20.3881
2026-02-27,IRON.OQ,-7.20355
2026-02-28,UWMC.N,0.43688
2026-03-01,GDDY.N,6.94892
2026-03-02,BEAM.OQ,-4.587
2026-03-02,BFLY.N,-0.2325
2026-03-02,EVH.N,0.144
2026-03-02,COST.OQ,20.39003
2026-03-02,IRON.OQ,-7.134
2026-03-02,ILPT.OQ,-0.77
2026-03-02,NEM.N,9.18929
2026-03-02,GLDD.OQ,1.16333
2026-03-03,BEAM.OQ,-4.58223
2026-03-03,PHAT.OQ,-0.66667
2026-03-03,RWT.N,0.925
2026-03-03,EVH.N,0.12983
2026-03-03,JRVR.OQ,1.19667
2026-03-04,DIS.N,6.65252
2026-03-04,SDGR.OQ,-2.072
2026-03-04,SBUX.OQ,2.29566
2026-03-04,UWMC.N,0.42786
2026-03-04,ARDT.N,1.27273
2026-03-04,NEM.N,9.34067
2026-03-05,BFLY.N,-0.23667
2026-03-05,COST.OQ,20.40509
2026-03-05,SBUX.OQ,2.29389
2026-03-05,IRON.OQ,-7.05667
2026-03-05,ARDT.N,1.22155
2026-03-05,NHI.N,3.355
2026-03-06,PACB.OQ,-0.50138
2026-03-06,ALB.N,7.48516
2026-03-06,OSG.N,0.29
2026-03-06,DIS.N,6.65252
2026-03-06,SDGR.OQ,-2.102
2026-03-06,COST.OQ,20.41431
2026-03-06,ARDT.N,1.18791
2026-03-07,RWT.N,0.94167
2026-03-09,NEE.N,4.01046
2026-03-09,ALB.N,7.5699
2026-03-09,COST.OQ,20.42494
2026-03-09,JRVR.OQ,1.159
2026-03-09,SBUX.OQ,2.29361
2026-03-09,ARDT.N,1.13336
2026-03-10,NEE.N,4.00864
2026-03-10,COST.OQ,20.47046
2026-03-10,UWMC.N,0.42813
2026-03-10,NEM.N,9.33067
2026-03-11,FRAF.OQ,5.61
2026-03-11,EVLV.OQ,-0.06667
2026-03-11,ALB.N,7.60305
2026-03-11,SBUX.OQ,2.29361
2026-03-11,UWMC.N,0.43214
2026-03-11,IRON.OQ,-7.157
2026-03-11,ARDT.N,1.1037
2026-03-11,GLDD.OQ,1.145
2026-03-12,NEE.N,4.01087
2026-03-12,COST.OQ,20.4723
2026-03-12,EL.N,2.22812
2026-03-12,NEM.N,9.594
2026-03-13,BEAM.OQ,-4.60069
2026-03-13,DIS.N,6.64858
2026-03-13,UWMC.N,0.43563
2026-03-13,REPL.OQ,-3.37333
2026-03-15,NEM.N,9.596
2026-03-16,MVIS.OQ,-0.13
2026-03-16,BRBR.N,1.91154
2026-03-16,COST.OQ,20.48007
2026-03-16,ARDT.N,1.10791
2026-03-17,SDGR.OQ,-2.12167
2026-03-17,SBUX.OQ,2.29194
2026-03-18,FUL.N,4.51957
2026-03-18,ALB.N,7.55544
2026-03-18,ESI.N,1.748
2026-03-19,CR.N,6.67967
2026-03-19,NEM.N,9.59
2026-03-20,NEE.N,4.01217
2026-03-20,BEAM.OQ,-4.62779
2026-03-20,NEM.N,9.70438
2026-03-23,NEE.N,4.01191
2026-03-24,DIS.N,6.64781
2026-03-24,CLB.N,0.76667
2026-03-24,NEM.N,9.78313
2026-03-25,NEE.N,4.00844
2026-03-25,PACB.OQ,-0.50729
2026-03-25,BEAM.OQ,-4.62793
2026-03-25,DIS.N,6.64358
2025-11-10,DDD.N,-0.4535
2025-11-10,MRDN.OQ,-0.24
2025-11-11,OUST.OQ,-1.196
2025-11-17,NMAX.N,-0.995
2025-11-19,LZB.N,2.64667
2025-11-21,BULL.OQ,0.13
2025-11-21,BULL.OQ,0.175
2025-11-27,KW.N,-0.46
2025-11-27,KW.N,-0.56
2025-12-01,GBTG.N,0.0505
2025-12-02,BATRK.OQ,-0.20975
2025-12-12,CELC.OQ,-3.7385
2025-12-16,EVGO.OQ,-0.362
2025-12-19,EHTH.OQ,0.625
2026-01-12,WU.N,1.7335
2026-01-12,OKTA.OQ,3.44343
2026-01-13,ALKT.OQ,0.53667
2026-01-20,CTKB.OQ,-0.13333
2026-01-21,WSC.OQ,1.06
2026-01-26,BLMN.OQ,1.12231
2026-01-30,BFb.N,1.65271
2026-02-02,CCB.OQ,5.28
2026-02-02,PTGX.OQ,-1.89067
2026-02-02,BZH.N,0.4
2026-02-02,AMPL.OQ,0.06955
2026-02-02,TCBK.OQ,4.067
2026-02-04,CAVA.N,0.52582
2026-02-04,BHE.N,2.5465
2026-02-05,RSVR.OQ,0.1
2026-02-06,EMBC.OQ,2.815
2026-02-06,ELF.N,3.07113
2026-02-06,GE.N,7.44929
2026-02-09,OBT.OQ,3.35667
2026-02-09,ISRG.OQ,10.01461
2026-02-09,DG.N,6.51023
2026-02-10,FLO.N,0.96933
2026-02-10,ABBV.N,14.57365
2026-02-10,OUST.OQ,-1.56667
2026-02-11,LUV.N,4.26271
2026-02-11,QCRH.OQ,8.0704
2026-02-11,ENTG.OQ,3.41825
2026-02-12,CDE.N,1.904
2026-02-12,U.N,-0.68864
2026-02-12,TW.OQ,3.9655
2026-02-12,HII.N,17.42315
2026-02-12,FATE.OQ,-1.1453
2026-02-12,LYV.N,-0.03459
2026-02-12,CDW.OQ,10.5126
2026-02-12,CDE.N,0.908
2026-02-12,FNB.N,1.70525
2026-02-12,LADR.N,1.075
2026-02-12,ANET.N,3.4276
2026-02-13,ELF.N,3.07165
2026-02-13,BFb.N,1.65286
2026-02-13,TW.OQ,3.97492
2026-02-13,FLO.N,0.9165
2026-02-13,ABBV.N,14.57233
2026-02-13,DG.N,6.5119
2026-02-13,ANET.N,3.46484
2026-02-16,BLMN.OQ,1.12123
2026-02-17,LUV.N,4.29795
2026-02-17,ELF.N,3.08812
2026-02-17,U.N,-0.69936
2026-02-17,WU.N,1.73538
2026-02-17,LZB.N,2.71
2026-02-17,FLO.N,0.8815
2026-02-17,OKTA.OQ,3.44351
2026-02-17,LYV.N,-0.05959
2026-02-17,ABBV.N,14.54938
2026-02-17,ENTG.OQ,3.41908
2026-02-17,DG.N,6.51987
2026-02-17,ANET.N,3.5002
2026-02-18,U.N,-0.7551
2026-02-18,LZB.N,2.63
2026-02-18,CAVA.N,0.52687
2026-02-18,FLO.N,0.8415
2026-02-18,ABBV.N,14.53123
2026-02-18,AMPL.OQ,0.11582
2026-02-18,ANET.N,3.50404
2026-02-19,FLO.N,0.8338
2026-02-19,LYV.N,2.09657
2026-02-19,ABBV.N,14.55161
2026-02-19,AMPL.OQ,0.11291
2026-02-19,CDE.N,1.98833
2026-02-19,WSC.OQ,1.0893
2026-02-19,ANET.N,3.52104
2026-02-20,WU.N,1.78665
2026-02-20,LYV.N,1.77222
2026-02-20,ABBV.N,14.54696
2026-02-20,ENTG.OQ,3.40992
2026-02-20,WSC.OQ,1.0223
2026-02-22,GE.N,7.44822
2026-02-23,WU.N,1.79977
2026-02-23,LYV.N,1.71548
2026-02-23,AMPL.OQ,0.11118
2026-02-23,WSC.OQ,1.044
2026-02-23,DG.N,6.51923
2026-02-24,WU.N,1.80035
2026-02-24,CAVA.N,0.54883
2026-02-24,ISRG.OQ,10.02032
2026-02-24,LYV.N,1.56445
2026-02-24,ABBV.N,14.54748
2026-02-24,TCBK.OQ,4.03417
2026-02-24,LADR.N,1.064
2026-02-24,DG.N,6.52236
2026-02-25,BLMN.OQ,0.863
2026-02-25,BATRK.OQ,-0.262
2026-02-25,TW.OQ,4.00185
2026-02-25,CAVA.N,0.522
2026-02-25,ABBV.N,14.54948
2026-02-25,PTGX.OQ,1.6544
2026-02-25,CDE.N,2.22667
2026-02-25,ALKT.OQ,0.90778
2026-02-25,DG.N,6.52526
2026-02-26,BLMN.OQ,0.84457
2026-02-26,BATRK.OQ,-0.272
2026-02-26,CTKB.OQ,-0.185
2026-02-26,BFb.N,1.65214
2026-02-26,CAVA.N,0.51809
2026-02-26,EHTH.OQ,1.11333
2026-02-26,FATE.OQ,-1.122
2026-02-26,PTGX.OQ,2.87277
2026-02-26,ALKT.OQ,0.80756
2026-02-27,BLMN.OQ,0.85029
2026-02-27,LUV.N,4.33319
2026-02-27,WU.N,1.7985
2026-02-27,CAVA.N,0.51374
2026-02-27,FATE.OQ,-1.1018
2026-02-27,ABBV.N,14.54931
2026-03-02,BLMN.OQ,0.861
2026-03-02,LUV.N,4.33081
2026-03-02,CTKB.OQ,-0.18
2026-03-02,BFb.N,1.65071
2026-03-02,U.N,-0.72918
2026-03-02,WU.N,1.79682
2026-03-02,CAVA.N,0.5107
2026-03-02,OKTA.OQ,3.44343
2026-03-02,ABBV.N,14.55392
2026-03-02,PTGX.OQ,3.22639
2026-03-02,DG.N,6.53455
2026-03-03,CTKB.OQ,-0.16333
2026-03-03,CAVA.N,0.503
2026-03-03,GE.N,7.44937
2026-03-03,FATE.OQ,-1.1198
2026-03-03,OUST.OQ,-1.0625
2026-03-03,EVGO.OQ,-0.33
2026-03-04,BATRK.OQ,-0.20933
2026-03-04,BFb.N,1.67143
2026-03-04,OKTA.OQ,3.73458
2026-03-04,EVGO.OQ,-0.372
2026-03-05,BFb.N,1.72133
2026-03-05,CAVA.N,0.50417
2026-03-05,EHTH.OQ,0.75
2026-03-05,BULL.OQ,0.155
2026-03-05,OKTA.OQ,3.77727
2026-03-05,FATE.OQ,-1.14311
2026-03-05,ABBV.N,14.55431
2026-03-06,OKTA.OQ,3.77864
2026-03-06,LYV.N,1.58
2026-03-06,WSC.OQ,1.0594
2026-03-06,EVGO.OQ,-0.38
2026-03-09,DDD.N,-0.308
2026-03-09,LUV.N,4.24986
2026-03-09,BFb.N,1.726
2026-03-09,TW.OQ,4.00339
2026-03-09,BULL.OQ,0.18667
2026-03-09,OKTA.OQ,3.78227
2026-03-09,MRDN.OQ,-0.2
2026-03-09,GBTG.N,0.186
2026-03-09,LYV.N,1.57667
2026-03-09,CDE.N,2.555
2026-03-09,OUST.OQ,-0.95333
2026-03-10,DDD.N,-0.294
2026-03-10,LUV.N,4.22896
2026-03-10,EHTH.OQ,0.98667
2026-03-10,NMAX.N,-1.09
2026-03-10,DG.N,6.55403
2026-03-10,EVGO.OQ,-0.39667
2026-03-11,BFb.N,1.74927
2026-03-11,OKTA.OQ,3.79171
2026-03-11,LYV.N,1.57667
2026-03-11,ANET.N,3.52292
2026-03-12,LUV.N,4.18986
2026-03-12,TW.OQ,4.00123
2026-03-12,ABBV.N,14.55777
2026-03-12,DG.N,7.23927
2026-03-13,OBT.OQ,3.375
2026-03-13,BFb.N,1.73792
2026-03-13,DG.N,7.23713
2026-03-16,DDD.N,-0.24533
2026-03-16,LUV.N,4.03927
2026-03-16,BFb.N,1.73664
2026-03-16,TW.OQ,4.01277
2026-03-16,CAVA.N,0.50591
2026-03-16,GBTG.N,0.155
2026-03-16,LYV.N,1.5381
2026-03-16,DG.N,7.26113
2026-03-17,LUV.N,4.06473
2026-03-17,CAVA.N,0.50709
2026-03-17,ABBV.N,14.5537
2026-03-17,LADR.N,1.038
2026-03-17,DG.N,7.28567
2026-03-18,LUV.N,4.09109
2026-03-18,U.N,-0.72508
2026-03-18,PTGX.OQ,3.262
2026-03-18,ENTG.OQ,3.41082
2026-03-18,DG.N,7.28715
2026-03-19,BATRK.OQ,-0.19267
2026-03-19,BFb.N,1.73879
2026-03-19,OKTA.OQ,3.79243
2026-03-19,PTGX.OQ,3.26585
2026-03-20,LUV.N,4.06273
2026-03-23,DDD.N,-0.279
2026-03-23,LUV.N,4.05496
2026-03-23,U.N,-0.60358
2026-03-23,ISRG.OQ,10.01848
2026-03-23,CDE.N,2.38
2026-03-24,CDE.N,2.216
2026-03-24,DG.N,7.28974
2026-03-25,GE.N,7.45884
2026-03-25,EVGO.OQ,-0.40111
2025-07-24,PPHC.OQ,1.25
2025-11-11,FORR.OQ,1.33
2025-12-01,SBC.OQ,0.44333
2025-12-18,DOCU.OQ,3.78625
2025-12-22,HURA.OQ,-0.63
2026-01-07,DNA.N,-5.64
2026-01-09,GRPN.OQ,0.34
2026-01-12,TLSI.OQ,-0.252
2026-01-12,DOMO.OQ,-0.10183
2026-01-16,CNM.N,2.89286
2026-01-20,S.N,0.19075
2026-01-20,SBRA.OQ,0.75429
2026-01-20,CE.N,4.25565
2026-01-22,BHF.OQ,27.1356
2026-01-22,VMI.N,18.33029
2026-01-23,NU.N,0.6213
2026-01-23,JBHT.OQ,7.18846
2026-01-26,BOKF.OQ,9.5914
2026-01-27,WNEB.OQ,0.935
2026-01-29,JMSB.OQ,1.7
2026-01-29,CSTL.OQ,-1.06
2026-01-30,BCML.OQ,2.665
2026-01-30,WTBA.OQ,2.554
2026-02-02,LH.N,16.32645
2026-02-03,ACAD.OQ,0.80465
2026-02-03,THRM.OQ,2.35667
2026-02-03,RHI.N,1.4978
2026-02-04,VCYT.OQ,0.5325
2026-02-04,LRN.N,7.19667
2026-02-04,CCS.N,4.6575
2026-02-04,COSO.N,2.307
2026-02-04,ARCB.OQ,4.48139
2026-02-05,VLO.N,12.02494
2026-02-05,FR.N,1.812
2026-02-06,DBX.OQ,2.83171
2026-02-06,GNTX.OQ,1.93833
2026-02-06,NTRA.OQ,-2.39668
2026-02-08,CHTR.OQ,44.60171
2026-02-09,ATR.N,5.545
2026-02-10,CPAY.N,25.834
2026-02-10,VOYA.N,9.8616
2026-02-11,TENB.OQ,1.87352
2026-02-11,DT.N,1.68088
2026-02-11,NSP.N,2.142
2026-02-11,QXO.N,0.28617
2026-02-12,RRC.N,2.95964
2026-02-12,NEO.OQ,0.08692
2026-02-12,UPST.OQ,2.26592
2026-02-12,ULCC.OQ,-0.04383
2026-02-13,FORR.OQ,1.17
2026-02-13,UPST.OQ,2.25508
2026-02-13,DOMO.OQ,-0.09183
2026-02-13,VOYA.N,9.8376
2026-02-13,RHI.N,1.4978
2026-02-15,RRC.N,2.96236
2026-02-17,FORR.OQ,1.00667
2026-02-17,CCS.N,4.6575
2026-02-17,NEO.OQ,0.1425
2026-02-17,SBRA.OQ,0.73857
2026-02-17,UPST.OQ,2.2552
2026-02-17,CE.N,5.34394
2026-02-17,FR.N,1.804
2026-02-17,LH.N,17.74545
2026-02-17,VMI.N,21.43029
2026-02-17,DOCU.OQ,3.78595
2026-02-17,RHI.N,1.4828
2026-02-18,FORR.OQ,0.76333
2026-02-18,NEO.OQ,0.15667
2026-02-18,BHF.OQ,26.19467
2026-02-18,CE.N,5.06139
2026-02-18,LH.N,17.75679
2026-02-18,VMI.N,21.83314
2026-02-18,VOYA.N,9.82509
2026-02-18,ULCC.OQ,-0.0025
2026-02-19,SBRA.OQ,0.72286
2026-02-19,DBX.OQ,3.04043
2026-02-19,CE.N,4.8275
2026-02-19,LH.N,17.76221
2026-02-19,CHTR.OQ,44.60314
2026-02-19,THRM.OQ,2.55286
2026-02-19,CSTL.OQ,-1.07
2026-02-20,LRN.N,7.315
2026-02-20,DBX.OQ,2.98913
2026-02-20,CE.N,4.78083
2026-02-20,LH.N,17.85247
2026-02-23,NEO.OQ,0.16546
2026-02-23,ACAD.OQ,0.80929
2026-02-23,BHF.OQ,20.39557
2026-02-23,DBX.OQ,2.97563
2026-02-23,CE.N,4.71583
2026-02-23,LH.N,17.87919
2026-02-23,CHTR.OQ,44.54293
2026-02-23,PPHC.OQ,1.37
2026-02-23,THRM.OQ,2.585
2026-02-24,RRC.N,3.6153
2026-02-24,CE.N,4.68382
2026-02-24,VMI.N,21.947
2026-02-25,VCYT.OQ,0.95038
2026-02-25,RRC.N,3.62661
2026-02-25,ACAD.OQ,0.65338
2026-02-25,TLSI.OQ,-0.242
2026-02-25,NU.N,0.9034
2026-02-25,UPST.OQ,2.23127
2026-02-25,FR.N,1.758
2026-02-25,THRM.OQ,2.60429
2026-02-25,QXO.N,0.37421
2026-02-26,PPHC.OQ,1.475
2026-02-26,VCYT.OQ,0.925
2026-02-26,RRC.N,3.57922
2026-02-26,ACAD.OQ,0.51581
2026-02-26,NU.N,0.8898
2026-02-26,BHF.OQ,20.29571
2026-02-26,DNA.N,-4.01
2026-02-26,NTRA.OQ,-1.86727
2026-02-26,PPHC.OQ,1.3315
2026-02-26,THRM.OQ,2.604
2026-02-26,CSTL.OQ,-1.2175
2026-02-26,QXO.N,0.37564
2026-02-27,RRC.N,3.58226
2026-02-27,ACAD.OQ,0.50914
2026-02-27,FR.N,1.7448
2026-02-27,GNTX.OQ,1.94286
2026-02-27,NTRA.OQ,-1.79314
2026-02-27,THRM.OQ,2.596
2026-02-27,CSTL.OQ,-1.22
2026-02-27,QXO.N,0.397
2026-03-01,DT.N,1.68115
2026-03-01,NU.N,0.8918
2026-03-01,CSTL.OQ,-1.16625
2026-03-02,VCYT.OQ,0.92875
2026-03-02,TENB.OQ,1.87246
2026-03-02,RRC.N,3.57222
2026-03-02,S.N,0.19073
2026-03-02,ACAD.OQ,0.50114
2026-03-02,TLSI.OQ,-0.2725
2026-03-02,BHF.OQ,20.652
2026-03-02,NTRA.OQ,-1.76814
2026-03-02,ULCC.OQ,-0.024
2026-03-03,VLO.N,12.69671
2026-03-03,RRC.N,3.57769
2026-03-03,TLSI.OQ,-0.33
2026-03-03,LH.N,17.87731
2026-03-03,CHTR.OQ,44.69775
2026-03-03,VOYA.N,9.82383
2026-03-03,NTRA.OQ,-1.80041
2026-03-03,QXO.N,0.40129
2026-03-04,VCYT.OQ,0.94125
2026-03-04,RRC.N,3.58688
2026-03-04,ACAD.OQ,0.48733
2026-03-04,NU.N,0.89571
2026-03-04,UPST.OQ,2.241
2026-03-04,GRPN.OQ,1.07667
2026-03-04,BCML.OQ,2.63667
2026-03-04,NTRA.OQ,-1.83814
2026-03-04,QXO.N,0.3918
2026-03-05,RRC.N,3.60967
2026-03-05,CPAY.N,25.91267
2026-03-05,TLSI.OQ,-0.32667
2026-03-05,DNA.N,-3.69
2026-03-05,VOYA.N,9.823
2026-03-05,NTRA.OQ,-1.85717
2026-03-05,CSTL.OQ,-1.15714
2026-03-06,SBC.OQ,0.45
2026-03-06,RRC.N,3.60022
2026-03-06,TLSI.OQ,-0.355
2026-03-06,NU.N,0.89638
2026-03-06,ARCB.OQ,4.48908
2026-03-06,NTRA.OQ,-1.84153
2026-03-06,QXO.N,0.3865
2026-03-09,VLO.N,13.82906
2026-03-09,RRC.N,3.6297
2026-03-09,TLSI.OQ,-0.322
2026-03-09,NU.N,0.89344
2026-03-09,CE.N,4.78647
2026-03-09,ARCB.OQ,4.51154
2026-03-09,QXO.N,0.38139
2026-03-10,DOMO.OQ,0.02
2026-03-10,VOYA.N,9.82125
2026-03-10,QXO.N,0.38271
2026-03-11,VLO.N,14.03612
2026-03-11,DOMO.OQ,0.01
2026-03-12,RRC.N,3.6667
2026-03-12,S.N,0.31356
2026-03-12,GRPN.OQ,0.74
2026-03-12,CE.N,4.81988
2026-03-12,NTRA.OQ,-1.82153
2026-03-13,RRC.N,3.76355
2026-03-13,S.N,0.33094
2026-03-13,WNEB.OQ,0.955
2026-03-13,CPAY.N,25.90629
2026-03-13,LH.N,17.86747
2026-03-13,ARCB.OQ,4.54615
2026-03-13,VOYA.N,9.81375
2026-03-13,CSTL.OQ,-1.14
2026-03-15,VLO.N,14.36356
2026-03-15,S.N,0.33517
2026-03-16,RRC.N,3.767
2026-03-16,ULCC.OQ,-0.17556
2026-03-17,VLO.N,14.79911
2026-03-17,DOCU.OQ,4.17176
2026-03-17,QXO.N,0.37787
2026-03-17,RHI.N,1.4818
2026-03-17,ULCC.OQ,-0.21222
2026-03-18,TLSI.OQ,-0.356
2026-03-18,NU.N,0.8853
2026-03-18,CE.N,4.95675
2026-03-18,DOCU.OQ,4.40352
2026-03-18,ULCC.OQ,-0.23444
2026-03-19,S.N,0.33635
2026-03-20,LRN.N,7.315
2026-03-20,RRC.N,3.7755
2026-03-20,NU.N,0.8873
2026-03-20,JBHT.OQ,7.18013
2026-03-20,DOCU.OQ,4.41733
2026-03-20,ULCC.OQ,-0.2987
2026-03-22,THRM.OQ,2.565
2026-03-23,VLO.N,15.39189
2026-03-23,RRC.N,3.88095
2026-03-23,TLSI.OQ,-0.376
2026-03-23,DOCU.OQ,4.42971
2026-03-23,ULCC.OQ,-0.2905
2026-03-24,VLO.N,16.168
2026-03-24,CE.N,4.96738
2026-03-24,DOCU.OQ,4.4427
2026-03-24,CNM.N,3.14091
2026-03-25,RRC.N,3.95986
2026-03-25,NEO.OQ,0.15917
2026-03-25,CHTR.OQ,44.70525
2026-03-25,CNM.N,3.06833
2026-03-25,NTRA.OQ,-1.83217
2025-11-03,OII.N,1.8545
2025-11-05,LOPE.OQ,9.07667
2025-11-25,WKC.N,2.08
2025-12-17,FET.N,0.55
2025-12-22,CYH.N,0.864
2026-01-01,INOD.OQ,1.12025
2026-01-01,INOD.OQ,0.873
2026-01-05,BRZE.OQ,0.42133
2026-01-07,OII.N,1.85475
2026-01-09,LIVN.OQ,3.86091
2026-01-09,BWMN.OQ,0.85333
2026-01-12,LNN.N,6.4225
2026-01-14,MAMA.OQ,0.10667
2026-01-15,CODI.N,-0.7
2026-01-15,CODI.N,-1.0
2026-01-16,NXDR.N,-0.14667
2026-01-16,NXDR.N,-0.14
2026-01-21,CNNE.N,-1.855
2026-01-21,CNNE.N,-7.64
2026-01-22,W.N,2.28536
2026-01-22,AGO.N,8.46
2026-01-22,FTRE.OQ,0.54108
2026-01-23,CYTK.OQ,-6.35574
2026-01-23,DRS.OQ,1.093
2026-01-24,AGO.N,7.09
2026-01-26,MDWD.OQ,-2.14
2026-01-27,VSNT.OQ,6.59
2026-01-28,FFIC.OQ,1.53333
2026-01-28,DRVN.OQ,1.226
2026-01-29,RYN.N,0.5
2026-01-29,MPB.OQ,3.5295
2026-01-30,FPI.N,0.335
2026-01-30,FPI.N,0.15
2026-02-02,DTE.N,7.23769
2026-02-02,PRAX.OQ,-13.05353
2026-02-02,EIG.N,0.739
2026-02-02,EIG.N,2.1025
2026-02-03,TMP.A,7.363
2026-02-04,FET.N,1.645
2026-02-05,QRVO.OQ,6.51768
2026-02-05,REAL.OQ,-0.14429
2026-02-05,STOK.OQ,-3.03917
2026-02-06,BKV.N,1.59671
2026-02-06,AKBA.OQ,0.028
2026-02-08,BHB.A,3.5485
2026-02-10,JELD.N,-0.36475
2026-02-10,RGNX.OQ,-3.36417
2026-02-10,WFRD.OQ,5.86286
2026-02-10,JELD.N,-0.69425
2026-02-10,AZZ.N,6.07222
2026-02-10,CB.N,26.69691
2026-02-10,DVA.N,14.00286
2026-02-10,HTLD.OQ,-0.2425
2026-02-11,FTNT.OQ,2.98005
2026-02-11,CRBG.N,5.22188
2026-02-11,SDRL.N,-0.79
2026-02-12,ON.OQ,2.91109
2026-02-12,LAD.N,37.00877
2026-02-13,WFRD.OQ,5.83688
2026-02-13,RYN.N,0.4575
2026-02-13,LAD.N,36.82246
2026-02-15,LAD.N,36.82169
2026-02-16,CRBG.N,5.18427
2026-02-16,ON.OQ,2.91082
2026-02-17,DTE.N,7.723
2026-02-17,FTNT.OQ,2.97954
2026-02-17,LOPE.OQ,9.08
2026-02-17,LOPE.OQ,9.95
2026-02-18,SDRL.N,0.88529
2026-02-18,RYN.N,0.45
2026-02-18,CRBG.N,5.17725
2026-02-18,CYH.N,-0.44143
2026-02-18,JELD.N,-0.37725
2026-02-18,SDRL.N,-0.79617
2026-02-18,LAD.N,36.5852
2026-02-19,PRAX.OQ,-14.47563
2026-02-19,RYN.N,0.45
2026-02-19,W.N,2.93096
2026-02-19,CYH.N,-0.355
2026-02-19,JELD.N,-0.42475
2026-02-19,LOPE.OQ,10.09
2026-02-19,NXDR.N,-0.10667
2026-02-19,WKC.N,2.21667
2026-02-20,DTE.N,7.72431
2026-02-20,PRAX.OQ,-14.71319
2026-02-20,W.N,2.89537
2026-02-20,CRBG.N,5.16058
2026-02-20,CYH.N,-0.37125
2026-02-20,JELD.N,-0.4358
2026-02-20,EIG.N,2.15
2026-02-20,CYTK.OQ,-6.41311
2026-02-20,CB.N,26.7753
2026-02-20,WKC.N,2.15
2026-02-20,STOK.OQ,-3.035
2026-02-22,DTE.N,7.72494
2026-02-23,PRAX.OQ,-14.53594
2026-02-23,OII.N,1.8835
2026-02-23,W.N,2.87574
2026-02-23,CYH.N,-0.35875
2026-02-23,JELD.N,-0.523
2026-02-23,FPI.N,0.19
2026-02-23,HTLD.OQ,-0.246
2026-02-23,FET.N,1.35
2026-02-23,STOK.OQ,-3.04231
2026-02-24,DTE.N,7.72011
2026-02-24,CNNE.N,-1.89
2026-02-24,SDRL.N,-0.65167
2026-02-24,CYTK.OQ,-6.33694
2026-02-24,DRS.OQ,1.2602
2026-02-25,W.N,2.89263
2026-02-25,CYTK.OQ,-6.38784
2026-02-25,BKV.N,2.12363
2026-02-25,DRVN.OQ,1.22629
2026-02-25,LIVN.OQ,4.17555
2026-02-25,MAMA.OQ,0.11
2026-02-25,DRS.OQ,1.2522
2026-02-26,PRAX.OQ,-14.86319
2026-02-26,OII.N,1.861
2026-02-26,RYN.N,0.45
2026-02-26,W.N,2.89044
2026-02-26,CRBG.N,5.16823
2026-02-26,CYTK.OQ,-6.40732
2026-02-26,BKV.N,2.03238
2026-02-26,DRVN.OQ,1.22286
2026-02-26,LIVN.OQ,4.20009
2026-02-26,AKBA.OQ,-0.03
2026-02-26,LAD.N,36.592
2026-02-26,BWMN.OQ,1.14
2026-02-26,REAL.OQ,0.02429
2026-02-26,WKC.N,2.25
2026-02-26,FTRE.OQ,0.72033
2026-02-26,DRS.OQ,1.2482
2026-02-27,DTE.N,7.7181
2026-02-27,W.N,2.89465
2026-02-27,CODI.N,0.18
2026-02-27,SDRL.N,0.53629
2026-02-27,CYTK.OQ,-6.5585
2026-02-27,INOD.OQ,0.7405
2026-02-27,BKV.N,2.01113
2026-02-27,AKBA.OQ,-0.09
2026-02-27,LAD.N,36.65767
2026-02-27,REAL.OQ,0.04429
2026-02-27,FTRE.OQ,0.70436
2026-02-27,DRS.OQ,1.2552
2026-02-28,DVA.N,13.98125
2026-03-01,FTRE.OQ,0.69527
2026-03-02,QRVO.OQ,6.522
2026-03-02,FTNT.OQ,2.9788
2026-03-02,ON.OQ,2.85418
2026-03-02,BKV.N,1.95975
2026-03-02,HTLD.OQ,-0.22017
2026-03-03,OII.N,1.8435
2026-03-03,WFRD.OQ,5.74944
2026-03-03,CRBG.N,5.16193
2026-03-03,ON.OQ,2.85479
2026-03-03,VSNT.OQ,6.23
2026-03-03,BKV.N,1.86475
2026-03-03,BRZE.OQ,0.42157
2026-03-03,WKC.N,2.18333
2026-03-03,MAMA.OQ,0.10667
2026-03-03,DRS.OQ,1.25022
2026-03-04,AZZ.N,6.06556
2026-03-04,SDRL.N,0.56788
2026-03-04,BKV.N,1.77829
2026-03-04,LIVN.OQ,4.2091
2026-03-04,CB.N,26.76944
2026-03-04,LAD.N,36.65015
2026-03-05,RGNX.OQ,-2.58182
2026-03-05,WFRD.OQ,5.75833
2026-03-05,W.N,2.89465
2026-03-05,CRBG.N,5.14979
2026-03-05,AGO.N,7.21
2026-03-05,CYTK.OQ,-6.55636
2026-03-05,VSNT.OQ,6.274
2026-03-05,MDWD.OQ,-2.61
2026-03-05,BKV.N,1.86475
2026-03-05,CB.N,26.78196
2026-03-05,LAD.N,36.48229
2026-03-05,BWMN.OQ,1.13125
2026-03-05,REAL.OQ,0.04
2026-03-05,FTRE.OQ,0.6758
2026-03-06,RGNX.OQ,-2.61909
2026-03-06,CYTK.OQ,-6.53707
2026-03-06,MDWD.OQ,-2.71167
2026-03-06,BKV.N,1.78225
2026-03-06,LAD.N,36.33014
2026-03-06,BWMN.OQ,1.17875
2026-03-09,RGNX.OQ,-2.66727
2026-03-09,OII.N,1.82367
2026-03-09,CRBG.N,5.14621
2026-03-09,CYTK.OQ,-6.5126
2026-03-09,DRVN.OQ,1.215
2026-03-09,FTRE.OQ,0.68891
2026-03-10,RGNX.OQ,-2.51091
2026-03-10,W.N,2.89504
2026-03-10,CRBG.N,5.146
2026-03-10,AGO.N,7.115
2026-03-10,CYTK.OQ,-6.46931
2026-03-10,VSNT.OQ,5.1275
2026-03-11,CODI.N,0.05
2026-03-11,MDWD.OQ,-2.75833
2026-03-11,BKV.N,1.77475
2026-03-11,BWMN.OQ,1.17857
2026-03-12,FTNT.OQ,2.9788
2026-03-12,WFRD.OQ,5.72722
2026-03-12,FET.N,1.99
2026-03-13,BKV.N,1.778
2026-03-13,CB.N,26.75717
2026-03-16,PRAX.OQ,-14.86319
2026-03-16,STOK.OQ,-3.07539
2026-03-17,DTE.N,7.72008
2026-03-17,RGNX.OQ,-2.51182
2026-03-17,CYTK.OQ,-6.48877
2026-03-17,STOK.OQ,-3.25
2026-03-18,WFRD.OQ,5.7535
2026-03-18,AGO.N,7.045
2026-03-18,STOK.OQ,-3.30615
2026-03-19,FTRE.OQ,0.68936
2026-03-19,STOK.OQ,-3.34769
2026-03-20,CRBG.N,5.12743
2026-03-20,CB.N,26.80175
2026-03-20,LAD.N,36.13871
2026-03-20,STOK.OQ,-3.34539
2026-03-22,CYTK.OQ,-6.46439
2026-03-22,BRZE.OQ,0.42205
2026-03-23,DRVN.OQ,1.215
2026-03-23,CB.N,26.80325
2026-03-23,FET.N,2.02
2026-03-24,BRZE.OQ,0.63081
2026-03-24,LAD.N,36.128
2026-03-25,CYTK.OQ,-6.47161
2026-03-25,BRZE.OQ,0.62733
2025-11-14,FLGT.OQ,-0.32
2025-11-14,FLGT.OQ,0.28
2025-11-24,MED.N,-0.13
2025-11-24,MGTX.OQ,-2.17
2025-12-17,PACS.N,1.495
2025-12-23,HRL.N,1.46489
2026-01-05,MED.N,1.0
2026-01-06,ARAI.OQ,-0.44
2026-01-07,PACS.N,2.028
2026-01-08,RDNT.OQ,0.34875
2026-01-15,TNL.N,6.3589
2026-01-19,GETY.N,-0.2375
2026-01-20,SEPN.OQ,-1.1475
2026-01-20,SUI.N,10.33667
2026-01-20,SUI.N,2.9275
2026-01-21,PLBC.OQ,5.37667
2026-01-22,HQY.OQ,3.95286
2026-01-27,TIGO.OQ,4.6988
2026-01-27,MYFW.OQ,2.04
2026-01-28,NAT.N,0.05667
2026-01-29,FSUN.OQ,4.0245
2026-01-30,PSTL.N,0.545
2026-01-30,ARQT.OQ,-0.17333
2026-01-30,OSBC.OQ,2.1474
2026-01-30,PSTL.N,0.595
2026-02-02,CCBG.OQ,3.46
2026-02-02,WRLD.OQ,8.548
2026-02-03,PLX.A,0.07
2026-02-03,FIHL.N,1.97867
2026-02-04,SPNT.N,2.31933
2026-02-04,SPNT.N,2.46333
2026-02-06,REXR.N,1.14333
2026-02-06,AAMI.N,4.46333
2026-02-07,PRK.A,10.94967
2026-02-07,PMT.N,1.55
2026-02-09,CNA.N,4.55
2026-02-10,RLGT.A,0.46
2026-02-10,ILMN.OQ,5.13006
2026-02-10,MSGS.N,-0.325
2026-02-10,AIOT.OQ,-0.138
2026-02-10,LKFN.OQ,4.28
2026-02-11,AEIS.OQ,8.5965
2026-02-11,PAG.N,13.78544
2026-02-11,AMZN.OQ,7.78832
2026-02-12,AEP.OQ,6.3271
2026-02-12,TRIP.OQ,1.68718
2026-02-12,KOD.OQ,-4.21667
2026-02-12,GPRE.OQ,0.414
2026-02-12,GVA.N,6.196
2026-02-12,TXG.OQ,-0.94935
2026-02-12,QDEL.OQ,2.18543
2026-02-12,KO.N,3.23496
2026-02-13,AEP.OQ,6.3317
2026-02-13,TRIP.OQ,1.53575
2026-02-13,OSBC.OQ,2.15617
2026-02-13,GPRE.OQ,0.41167
2026-02-13,GVA.N,6.2275
2026-02-13,TXG.OQ,-0.98606
2026-02-13,PMT.N,1.5725
2026-02-13,PAG.N,13.721
2026-02-13,KO.N,3.22816
2026-02-16,ARQT.OQ,-0.16333
2026-02-16,GVA.N,6.1425
2026-02-16,PAG.N,13.63744
2026-02-16,QDEL.OQ,2.14543
2026-02-17,AEP.OQ,6.34054
2026-02-17,REXR.N,1.10833
2026-02-17,TXG.OQ,-0.98231
2026-02-17,AMZN.OQ,7.78111
2026-02-18,TNL.N,7.28727
2026-02-18,MED.N,-0.315
2026-02-19,TNL.N,7.30033
2026-02-19,AEP.OQ,6.34407
2026-02-19,TRIP.OQ,1.4669
2026-02-19,TXG.OQ,-0.97264
2026-02-20,TIGO.OQ,4.87233
2026-02-20,TNL.N,7.327
2026-02-20,ILMN.OQ,5.12953
2026-02-20,AEP.OQ,6.34419
2026-02-20,TXG.OQ,-0.96481
2026-02-20,PAG.N,13.60411
2026-02-22,AMZN.OQ,7.77966
2026-02-23,TNL.N,7.27783
2026-02-23,AEP.OQ,6.3458
2026-02-23,TRIP.OQ,1.48082
2026-02-23,HQY.OQ,3.95357
2026-02-23,GETY.N,-0.2325
2026-02-23,KO.N,3.22925
2026-02-24,SPNT.N,2.48
2026-02-24,HRL.N,1.46711
2026-02-25,PSTL.N,0.61
2026-02-25,CCBG.OQ,3.48333
2026-02-25,TNL.N,7.23764
2026-02-25,ARQT.OQ,0.36543
2026-02-25,SPNT.N,2.5
2026-02-25,FIHL.N,3.63033
2026-02-26,TIGO.OQ,4.78878
2026-02-26,ARQT.OQ,0.32614
2026-02-26,MED.N,-1.98
2026-02-26,HRL.N,1.47567
2026-02-26,PMT.N,1.584
2026-02-26,AMZN.OQ,7.78002
2026-02-26,NAT.N,0.33667
2026-02-26,FIHL.N,3.59922
2026-02-26,SUI.N,2.82875
2026-02-27,TIGO.OQ,4.73211
2026-02-27,ARQT.OQ,0.28043
2026-02-27,AEP.OQ,6.34419
2026-02-27,PACS.N,2.04
2026-02-27,HRL.N,1.47911
2026-02-27,PAG.N,13.55633
2026-02-27,AMZN.OQ,7.77879
2026-02-27,FIHL.N,3.48544
2026-02-27,SUI.N,2.8
2026-03-01,SEPN.OQ,-1.14625
2026-03-01,FLGT.OQ,-0.72
2026-03-01,AMZN.OQ,7.77721
2026-03-02,RDNT.OQ,0.71714
2026-03-02,AEP.OQ,6.34277
2026-03-02,PAG.N,13.493
2026-03-02,KO.N,3.22975
2026-03-03,PSTL.N,0.51
2026-03-03,TNL.N,7.33127
2026-03-03,RDNT.OQ,0.68
2026-03-03,FLGT.OQ,-0.94667
2026-03-03,PACS.N,2.074
2026-03-04,TIGO.OQ,4.46544
2026-03-04,RDNT.OQ,0.64143
2026-03-04,AEP.OQ,6.34039
2026-03-04,HQY.OQ,3.95643
2026-03-04,PACS.N,2.08
2026-03-04,FIHL.N,3.51317
2026-03-05,TIGO.OQ,4.48467
2026-03-05,AEP.OQ,6.33458
2026-03-05,PACS.N,2.1025
2026-03-05,HRL.N,1.48275
2026-03-05,AMZN.OQ,7.77675
2026-03-05,NAT.N,0.41
2026-03-06,TIGO.OQ,4.51467
2026-03-06,PMT.N,1.538
2026-03-06,AMZN.OQ,7.78079
2026-03-06,FIHL.N,3.46843
2026-03-06,KO.N,3.23119
2026-03-09,SEPN.OQ,-1.43375
2026-03-09,RDNT.OQ,0.63167
2026-03-09,SPNT.N,2.47
2026-03-09,LKFN.OQ,4.294
2026-03-09,PAG.N,13.5367
2026-03-09,FIHL.N,3.42863
2026-03-10,SEPN.OQ,-1.5075
2026-03-10,CNA.N,4.6
2026-03-11,SEPN.OQ,-1.59125
2026-03-11,TIGO.OQ,4.228
2026-03-11,RDNT.OQ,0.64143
2026-03-11,AEP.OQ,6.33435
2026-03-11,MED.N,-0.315
2026-03-11,AMZN.OQ,7.78272
2026-03-12,FIHL.N,3.40988
2026-03-13,HRL.N,1.47911
2026-03-13,SUI.N,2.76875
2026-03-16,SEPN.OQ,-1.71571
2026-03-16,GETY.N,0.06033
2026-03-17,TIGO.OQ,4.1976
2026-03-17,HQY.OQ,4.55
2026-03-17,GETY.N,0.00133
2026-03-18,HQY.OQ,4.61753
2026-03-18,PLX.A,0.185
2026-03-18,SUI.N,2.7475
2026-03-19,PRK.A,11.09725
2026-03-19,AMZN.OQ,7.78167
2026-03-20,ILMN.OQ,5.12955
2026-03-20,AEP.OQ,6.33635
2026-03-20,HQY.OQ,4.6182
2026-03-20,AEIS.OQ,8.6765
2026-03-20,PAG.N,13.4917
2026-03-22,MSGS.N,-0.326
2026-03-23,SEPN.OQ,-1.6425
2026-03-23,HQY.OQ,4.62153
2026-03-23,AMZN.OQ,7.79009
2026-03-23,FIHL.N,3.37863
2026-03-24,HQY.OQ,4.6236
2026-03-24,AMZN.OQ,7.79331
2026-03-24,KO.N,3.23205
2026-03-25,ILMN.OQ,5.13268
2026-03-25,TXG.OQ,-0.9678
2025-11-03,CRAI.OQ,8.24
2025-11-03,ASUR.OQ,0.66217
2025-11-05,SHEN.OQ,-0.7945
2025-11-05,AEYE.OQ,-0.192
2025-11-05,DSGR.OQ,1.38
2025-11-05,SHEN.OQ,-0.911
2025-11-11,WTI.N,-0.575
2025-11-12,ERII.OQ,0.87
2025-11-12,ERII.OQ,0.71333
2025-11-24,PCT.OQ,-0.72167
2025-11-24,CBLL.OQ,-1.50588
2025-11-24,PCT.OQ,-1.1325
2025-12-08,PGNY.OQ,0.658
2025-12-11,VVX.N,2.415
2025-12-12,ADMA.OQ,0.585
2025-12-15,ECVT.N,0.4796
2025-12-17,EFC.N,1.85833
2025-12-18,SMC.N,1.03
2025-12-18,SMC.N,-0.95
2025-12-19,KROS.OQ,2.14625
2025-12-22,LNSR.OQ,-2.81
2025-12-30,AIRS.OQ,-0.06
2026-01-07,ZYME.OQ,-0.98662
2026-01-09,SI.N,-2.092
2026-01-16,OPLN.N,1.21171
2026-01-22,EFC.N,1.78857
2026-01-22,VC.OQ,9.0243
2026-01-27,INVH.N,0.88909
2026-01-28,PUMP.N,-0.1325
2026-01-29,INVH.N,0.78083
2026-02-01,PCVX.OQ,-5.54375
2026-02-03,XRAY.OQ,1.60312
2026-02-04,EWBC.OQ,10.27677
2026-02-06,MAGN.N,0.015
2026-02-06,PATH.N,0.67255
2026-02-06,SYNA.OQ,4.43623
2026-02-07,NSC.N,12.094
2026-02-07,FHN.N,2.1115
2026-02-08,JHG.N,4.39889
2026-02-08,LAZ.N,3.69533
2026-02-08,MTH.N,5.94238
2026-02-09,VTR.N,0.6975
2026-02-09,LNTH.OQ,5.576
2026-02-10,NNN.N,2.02143
2026-02-10,RELY.OQ,0.13833
2026-02-10,SLB.N,2.91488
2026-02-11,GOOGL.OQ,11.43698
2026-02-11,FENC.OQ,-0.13
2026-02-12,IOVA.OQ,-1.05725
2026-02-12,JAZZ.OQ,8.19167
2026-02-12,ROAD.OQ,2.925
2026-02-12,TNET.N,4.37857
2026-02-13,NNN.N,2.02429
2026-02-13,GOOGL.OQ,11.4421
2026-02-13,INVH.N,0.89
2026-02-13,KROS.OQ,2.09
2026-02-13,TNET.N,4.24571
2026-02-17,RELY.OQ,0.37167
2026-02-17,MTH.N,5.93767
2026-02-17,SLB.N,2.91569
2026-02-18,NNN.N,2.055
2026-02-18,VTR.N,0.70625
2026-02-18,PUMP.N,-0.222
2026-02-18,OPLN.N,1.36613
2026-02-19,INVH.N,0.77385
2026-02-19,NSC.N,12.10048
2026-02-19,PUMP.N,-0.187
2026-02-19,RELY.OQ,0.51667
2026-02-19,VC.OQ,9.0115
2026-02-19,OPLN.N,1.28788
2026-02-20,GOOGL.OQ,11.45186
2026-02-20,ZYME.OQ,-0.96815
2026-02-20,INVH.N,0.77692
2026-02-20,RELY.OQ,0.51143
2026-02-20,VC.OQ,8.90983
2026-02-20,SLB.N,2.91511
2026-02-22,GOOGL.OQ,11.45548
2026-02-23,VVX.N,3.55714
2026-02-23,PUMP.N,-0.19417
2026-02-23,VC.OQ,8.70317
2026-02-24,IOVA.OQ,-0.5279
2026-02-24,VVX.N,3.55429
2026-02-24,PCVX.OQ,-6.24111
2026-02-24,JAZZ.OQ,23.02323
2026-02-24,INVH.N,0.77231
2026-02-24,CBLL.OQ,-1.4475
2026-02-24,LNTH.OQ,5.57514
2026-02-25,IOVA.OQ,-0.51422
2026-02-25,ADMA.OQ,0.905
2026-02-25,VVX.N,3.97571
2026-02-25,PCVX.OQ,-6.99889
2026-02-25,JAZZ.OQ,23.37231
2026-02-25,WTI.N,-0.57
2026-02-25,PUMP.N,-0.1145
2026-02-25,CBLL.OQ,-1.45613
2026-02-25,OPLN.N,1.32383
2026-02-26,ADMA.OQ,0.955
2026-02-26,VVX.N,3.86875
2026-02-26,NNN.N,2.05667
2026-02-26,PGNY.OQ,0.975
2026-02-26,PCVX.OQ,-7.09111
2026-02-26,EFC.N,1.85
2026-02-26,XRAY.OQ,1.49488
2026-02-26,JAZZ.OQ,23.49154
2026-02-26,NSC.N,12.105
2026-02-26,ECVT.N,0.602
2026-02-26,ERII.OQ,0.78
2026-02-26,VC.OQ,8.658
2026-02-26,CRAI.OQ,8.79667
2026-02-26,ASUR.OQ,0.91517
2026-02-26,OPLN.N,1.31257
2026-02-26,LNTH.OQ,5.393
2026-02-27,PGNY.OQ,1.041
2026-02-27,XRAY.OQ,1.45918
2026-02-27,JAZZ.OQ,23.50215
2026-02-27,INVH.N,0.76846
2026-02-27,PCT.OQ,-0.875
2026-02-27,ASUR.OQ,0.86971
2026-02-27,LNTH.OQ,5.29377
2026-03-01,PGNY.OQ,1.085
2026-03-01,EFC.N,1.85333
2026-03-02,SHEN.OQ,-0.936
2026-03-02,VVX.N,4.04857
2026-03-02,XRAY.OQ,1.43859
2026-03-02,JAZZ.OQ,23.55108
2026-03-02,ZYME.OQ,0.6388
2026-03-02,ECVT.N,0.61167
2026-03-02,ERII.OQ,0.78
2026-03-02,ROAD.OQ,2.9375
2026-03-02,PCT.OQ,-0.94833
2026-03-02,CRAI.OQ,8.53333
2026-03-02,LNTH.OQ,5.26685
2026-03-03,IOVA.OQ,-0.512
2026-03-03,VTR.N,0.71889
2026-03-03,PCVX.OQ,-7.14625
2026-03-03,XRAY.OQ,1.42859
2026-03-03,ZYME.OQ,0.6997
2026-03-03,ECVT.N,0.62833
2026-03-03,ERII.OQ,0.71
2026-03-03,MTH.N,5.9589
2026-03-03,FHN.N,2.11178
2026-03-03,SLB.N,2.91585
2026-03-04,EFC.N,1.864
2026-03-04,KROS.OQ,-3.67875
2026-03-04,ERII.OQ,0.635
2026-03-05,IOVA.OQ,-0.4878
2026-03-05,PGNY.OQ,1.17571
2026-03-05,GOOGL.OQ,11.45475
2026-03-05,XRAY.OQ,1.43306
2026-03-05,JAZZ.OQ,23.74243
2026-03-05,AEYE.OQ,0.004
2026-03-05,KROS.OQ,-3.60125
2026-03-05,ECVT.N,0.60833
2026-03-05,DSGR.OQ,1.70333
2026-03-05,PCT.OQ,-1.052
2026-03-05,LNTH.OQ,5.20455
2026-03-06,PGNY.OQ,1.18125
2026-03-06,GOOGL.OQ,11.46321
2026-03-06,ZYME.OQ,0.7317
2026-03-06,INVH.N,0.74846
2026-03-06,AEYE.OQ,0.036
2026-03-06,ERII.OQ,0.578
2026-03-06,DSGR.OQ,1.65
2026-03-06,LNTH.OQ,5.1935
2026-03-09,SHEN.OQ,-0.862
2026-03-09,NNN.N,2.0725
2026-03-09,ZYME.OQ,0.97713
2026-03-09,KROS.OQ,-4.22375
2026-03-09,VC.OQ,8.66983
2026-03-09,DSGR.OQ,1.60667
2026-03-10,PGNY.OQ,1.25667
2026-03-10,INVH.N,0.74692
2026-03-10,SI.N,-1.2422
2026-03-10,LAZ.N,3.68533
2026-03-10,KROS.OQ,-4.3925
2026-03-10,FHN.N,2.12122
2026-03-11,SI.N,-1.307
2026-03-11,NSC.N,12.10455
2026-03-11,KROS.OQ,-4.83714
2026-03-11,PATH.N,0.7785
2026-03-11,DSGR.OQ,1.51
2026-03-11,SLB.N,2.86686
2026-03-12,VVX.N,4.18
2026-03-12,JHG.N,4.39375
2026-03-12,LAZ.N,3.65311
2026-03-12,RELY.OQ,0.50667
2026-03-12,PATH.N,0.8065
2026-03-12,SLB.N,2.85686
2026-03-13,SI.N,-1.631
2026-03-13,PATH.N,0.806
2026-03-13,SLB.N,2.85186
2026-03-16,EWBC.OQ,10.28271
2026-03-16,NSC.N,12.14435
2026-03-16,DSGR.OQ,1.24667
2026-03-16,SLB.N,2.83668
2026-03-17,VTR.N,0.72333
2026-03-17,PGNY.OQ,1.319
2026-03-17,XRAY.OQ,1.43193
2026-03-17,SLB.N,2.82632
2026-03-18,JAZZ.OQ,23.7476
2026-03-18,RELY.OQ,0.51143
2026-03-18,ECVT.N,0.602
2026-03-18,PATH.N,0.80632
2026-03-19,ZYME.OQ,0.84522
2026-03-19,NSC.N,12.13435
2026-03-23,GOOGL.OQ,11.46202
2026-03-23,INVH.N,0.74154
2026-03-23,SI.N,-1.57125
2026-03-23,SLB.N,2.82146
2026-03-24,GOOGL.OQ,11.46211
2026-03-24,EWBC.OQ,10.287
2026-03-24,FENC.OQ,0.44857
2026-03-24,ROAD.OQ,2.835
2026-03-24,SLB.N,2.81289
2026-03-25,JAZZ.OQ,23.7616
2025-08-18,PCTY.OQ,7.2949
2025-09-15,NEXT.OQ,-1.41667
2025-11-06,RGR.N,1.92
2025-11-06,RGR.N,-0.16
2025-11-10,AVPT.OQ,0.33618
2025-11-24,USPH.N,2.98667
2025-11-24,USPH.N,2.62667
2025-11-25,AEBI.OQ,0.23267
2025-12-10,ACIW.OQ,2.34833
2025-12-11,XOMA.OQ,1.17
2025-12-12,BLZE.OQ,-0.4675
2026-01-15,AEO.N,1.38536
2026-01-23,TCBX.N,3.863
2026-01-23,DIN.N,4.00688
2026-01-26,SMBC.OQ,6.20433
2026-01-26,MNTK.OQ,0.02
2026-01-26,LOCO.OQ,0.93
2026-01-26,MNTK.OQ,0.055
2026-01-30,CVBF.OQ,1.6024
2026-02-02,MTX.N,6.2075
2026-02-02,HTO.OQ,2.975
2026-02-03,AIT.N,10.66963
2026-02-04,OTIS.N,4.33673
2026-02-04,DY.N,10.713
2026-02-04,LYB.N,2.45556
2026-02-04,DLB.N,4.34
2026-02-06,IBEX.OQ,3.415
2026-02-06,WSO.N,12.35407
2026-02-06,FERG.N,10.45627
2026-02-06,ESE.N,8.065
2026-02-07,ALLY.N,5.25494
2026-02-07,FOUR.N,5.22216
2026-02-10,IMVT.OQ,-2.67431
2026-02-10,STE.N,10.20033
2026-02-10,PFG.OQ,9.37636
2026-02-10,IRMD.OQ,2.08
2026-02-10,ITT.N,7.22622
2026-02-11,VSTS.N,0.39383
2026-02-11,EQH.N,7.601
2026-02-11,FRME.OQ,4.1055
2026-02-11,PHM.N,10.1782
2026-02-12,SEZL.OQ,3.382
2026-02-12,EXC.OQ,2.83694
2026-02-12,DAL.N,7.17987
2026-02-12,PCG.N,1.63643
2026-02-12,PLMR.OQ,9.07925
2026-02-12,GTES.N,1.60825
2026-02-12,PAYC.N,10.17245
2026-02-12,RYAN.N,2.34933
2026-02-12,XRX.OQ,0.46067
2026-02-13,IMVT.OQ,-2.63636
2026-02-13,EXC.OQ,2.84056
2026-02-13,PCG.N,1.63729
2026-02-13,VSTS.N,0.4035
2026-02-13,PLMR.OQ,9.317
2026-02-13,GTES.N,1.60908
2026-02-13,PAYC.N,10.18355
2026-02-13,RYAN.N,2.32672
2026-02-14,GTES.N,1.60992
2026-02-16,PFG.OQ,9.4075
2026-02-16,FERG.N,10.45992
2026-02-16,PAYC.N,10.20163
2026-02-17,SEZL.OQ,3.3595
2026-02-17,IMVT.OQ,-2.62917
2026-02-17,EXC.OQ,2.8477
2026-02-17,PCG.N,1.64429
2026-02-17,EQH.N,7.6015
2026-02-17,WSO.N,13.1542
2026-02-17,FOUR.N,5.23155
2026-02-17,PLMR.OQ,9.58
2026-02-17,PHM.N,10.18269
2026-02-17,RYAN.N,2.31278
2026-02-18,EXC.OQ,2.84892
2026-02-18,EQH.N,7.59682
2026-02-18,WSO.N,12.76487
2026-02-18,PFG.OQ,9.40333
2026-02-19,PCG.N,1.6462
2026-02-19,WSO.N,12.7662
2026-02-19,FOUR.N,5.21205
2026-02-19,GTES.N,1.61355
2026-02-19,PAYC.N,10.23321
2026-02-19,RYAN.N,2.306
2026-02-20,CVBF.OQ,1.57533
2026-02-20,EXC.OQ,2.84977
2026-02-20,PCG.N,1.64564
2026-02-20,WSO.N,12.76573
2026-02-20,PFG.OQ,9.4
2026-02-20,GTES.N,1.61627
2026-02-20,DIN.N,3.98488
2026-02-23,HTO.OQ,2.946
2026-02-23,DY.N,10.69889
2026-02-23,LYB.N,2.44877
2026-02-23,PLMR.OQ,9.58125
2026-02-23,RYAN.N,2.305
2026-02-23,BLZE.OQ,-0.2275
2026-02-23,HTO.OQ,2.95667
2026-02-24,NEXT.OQ,-1.94
2026-02-24,NEXT.OQ,-1.36333
2026-02-24,AEO.N,1.696
2026-02-24,XOMA.OQ,1.166
2026-02-24,WSO.N,12.65883
2026-02-24,FERG.N,11.17236
2026-02-24,BLZE.OQ,-0.315
2026-02-24,ITT.N,7.18325
2026-02-25,SEZL.OQ,4.4905
2026-02-25,DY.N,10.72889
2026-02-25,FERG.N,11.17831
2026-02-25,RYAN.N,2.3
2026-02-25,AIT.N,10.67088
2026-02-25,DIN.N,4.801
2026-02-26,AEO.N,1.38355
2026-02-26,SEZL.OQ,4.693
2026-02-26,USPH.N,3.04
2026-02-26,AVPT.OQ,0.37458
2026-02-26,EQH.N,7.60958
2026-02-26,ACIW.OQ,2.712
2026-02-26,FOUR.N,6.20986
2026-02-26,FERG.N,11.12035
2026-02-26,DIN.N,4.7835
2026-02-27,USPH.N,3.045
2026-02-27,AVPT.OQ,0.37958
2026-02-27,FOUR.N,5.85396
2026-03-02,AVPT.OQ,0.37867
2026-03-02,PCG.N,1.646
2026-03-02,LYB.N,2.45288
2026-03-02,FOUR.N,5.71023
2026-03-02,DLB.N,4.3375
2026-03-02,HTO.OQ,2.88133
2026-03-02,DIN.N,4.7735
2026-03-03,RGR.N,1.895
2026-03-03,OTIS.N,4.3445
2026-03-03,ALLY.N,5.25181
2026-03-03,EQH.N,7.60577
2026-03-03,LYB.N,2.65288
2026-03-03,PFG.OQ,9.373
2026-03-03,PHM.N,10.19665
2026-03-03,HTO.OQ,2.81467
2026-03-04,DAL.N,7.1777
2026-03-04,USPH.N,3.0425
2026-03-04,DY.N,13.171
2026-03-04,ACIW.OQ,2.60167
2026-03-04,LYB.N,2.68406
2026-03-04,PLMR.OQ,9.585
2026-03-04,DIN.N,4.74543
2026-03-05,NEXT.OQ,-2.001
2026-03-05,AEO.N,1.76846
2026-03-05,EXC.OQ,2.85439
2026-03-05,DY.N,13.81446
2026-03-05,AVPT.OQ,0.377
2026-03-05,EQH.N,7.57962
2026-03-05,ACIW.OQ,2.618
2026-03-05,LYB.N,2.847
2026-03-05,FOUR.N,5.62919
2026-03-05,PAYC.N,10.32516
2026-03-05,RYAN.N,2.29506
2026-03-05,LOCO.OQ,0.932
2026-03-05,LOCO.OQ,0.952
2026-03-06,DAL.N,7.09842
2026-03-06,USPH.N,3.02
2026-03-06,DY.N,13.90082
2026-03-09,DAL.N,7.00258
2026-03-09,USPH.N,3.01
2026-03-09,LYB.N,3.01712
2026-03-09,FOUR.N,5.60633
2026-03-09,FERG.N,11.13144
2026-03-09,GTES.N,1.61446
2026-03-09,ITT.N,7.18325
2026-03-10,DAL.N,6.95383
2026-03-10,DY.N,13.95492
2026-03-10,LYB.N,3.28771
2026-03-10,GTES.N,1.61075
2026-03-11,EXC.OQ,2.85823
2026-03-11,OTIS.N,4.34646
2026-03-11,DY.N,14.2619
2026-03-11,FOUR.N,5.59276
2026-03-11,RYAN.N,2.29141
2026-03-12,DAL.N,6.85783
2026-03-12,ALLY.N,5.24744
2026-03-12,LYB.N,3.40941
2026-03-12,MNTK.OQ,0.0825
2026-03-12,HTO.OQ,2.821
2026-03-13,EXC.OQ,2.85943
2026-03-13,AVPT.OQ,0.37617
2026-03-13,PCG.N,1.644
2026-03-13,ACIW.OQ,2.618
2026-03-13,LOCO.OQ,0.9705
2026-03-16,NEXT.OQ,-2.8965
2026-03-16,DAL.N,6.59654
2026-03-16,PAYC.N,10.34358
2026-03-17,DAL.N,6.63196
2026-03-17,PCG.N,1.64443
2026-03-17,RYAN.N,2.29189
2026-03-17,LOCO.OQ,0.9706
2026-03-17,AIT.N,10.65957
2026-03-18,XOMA.OQ,0.285
2026-03-18,DAL.N,6.66196
2026-03-18,USPH.N,2.88333
2026-03-18,WSO.N,12.60892
2026-03-18,LYB.N,4.11647
2026-03-18,MNTK.OQ,0.12
2026-03-19,IMVT.OQ,-2.62692
2026-03-19,XOMA.OQ,0.48
2026-03-19,AEBI.OQ,0.82033
2026-03-19,WSO.N,12.64757
2026-03-20,IMVT.OQ,-2.62607
2026-03-20,DAL.N,6.63192
2026-03-20,LYB.N,4.19553
2026-03-20,PFG.OQ,9.368
2026-03-20,RYAN.N,2.28489
2026-03-23,DAL.N,6.66804
2026-03-23,ALLY.N,5.24775
2026-03-23,LYB.N,4.14578
2026-03-23,FOUR.N,5.59181
2026-03-23,RYAN.N,2.27694
2026-03-24,ESE.N,8.11667
2025-10-31,TREE.OQ,4.816
2025-11-04,CECO.OQ,0.98475
2025-11-07,CLVT.N,0.6571
2025-11-13,KOPN.OQ,-0.038
2025-11-14,ALMS.OQ,-2.90333
2025-11-17,INV.OQ,-5.245
2025-11-18,PDYN.OQ,-0.54
2025-11-18,PDYN.OQ,0.12
2025-11-19,ABAT.OQ,-0.24
2025-11-20,SUNS.OQ,1.1525
2025-12-01,WOOF.OQ,0.14663
2025-12-03,APLE.N,0.74
2025-12-18,GDEN.OQ,0.7164
2025-12-18,GDEN.OQ,0.2674
2025-12-19,GRMN.N,8.18286
2025-12-23,MMI.N,-0.128
2026-01-01,SMA.N,-0.2
2026-01-01,SMA.N,0.46333
2026-01-02,RDN.N,4.24
2026-01-05,APLE.N,0.71
2026-01-08,VRDN.OQ,-3.9425
2026-01-08,ABX.N,0.8375
2026-01-09,IHRT.OQ,-2.6925
2026-01-13,REPX.A,4.36
2026-01-14,RDN.N,4.5306
2026-01-14,FBRT.N,1.36
2026-01-15,HVT.N,1.155
2026-01-19,DE.N,16.53738
2026-01-23,ED.N,6.03388
2026-01-23,ED.N,5.66633
2026-01-26,RIOT.OQ,-0.28167
2026-01-26,GBX.N,4.11667
2026-01-26,SVC.OQ,-1.66
2026-01-26,SVC.OQ,-0.83
2026-01-28,GPN.N,12.22138
2026-01-28,GEF.N,4.1
2026-01-29,SLNO.OQ,0.283
2026-01-29,CLMT.OQ,-0.344
2026-01-30,BCAL.OQ,1.64733
2026-01-30,MMI.N,0.56
2026-02-02,UGI.N,3.0965
2026-02-02,GLW.N,3.06669
2026-02-02,BKD.N,-1.1175
2026-02-03,IBKR.OQ,2.47638
2026-02-06,CCI.N,2.13986
2026-02-06,AXON.OQ,6.32217
2026-02-08,HTB.N,3.38575
2026-02-09,EAT.N,10.69832
2026-02-09,HON.OQ,10.53882
2026-02-10,CNC.N,3.00758
2026-02-11,TROW.OQ,10.08867
2026-02-11,AFG.N,11.0992
2026-02-12,CHRW.OQ,6.04333
2026-02-12,ROK.N,12.10942
2026-02-12,IPGP.OQ,1.52756
2026-02-12,UPBD.OQ,4.09429
2026-02-12,LITE.OQ,7.31188
2026-02-13,IPGP.OQ,1.60867
2026-02-13,CNC.N,2.9965
2026-02-13,AFG.N,11.08433
2026-02-13,FBRT.N,1.292
2026-02-13,CLMT.OQ,-0.33167
2026-02-14,VRDN.OQ,-3.775
2026-02-17,GPN.N,12.22069
2026-02-17,IPGP.OQ,1.61311
2026-02-17,CNC.N,3.00847
2026-02-17,MMI.N,0.4905
2026-02-17,FBRT.N,1.228
2026-02-17,HON.OQ,10.53667
2026-02-18,GPN.N,13.77128
2026-02-18,GRMN.N,9.18743
2026-02-18,FBRT.N,1.15333
2026-02-18,BKD.N,-0.405
2026-02-18,HON.OQ,10.53895
2026-02-19,GPN.N,13.83493
2026-02-19,ROK.N,12.12596
2026-02-19,GRMN.N,9.27743
2026-02-19,IPGP.OQ,1.58875
2026-02-19,HVT.N,2.06
2026-02-19,RDN.N,4.6226
2026-02-19,UPBD.OQ,4.25057
2026-02-19,REPX.A,3.625
2026-02-19,DE.N,17.1334
2026-02-19,BKD.N,-0.265
2026-02-20,GPN.N,13.8231
2026-02-20,UPBD.OQ,4.19629
2026-02-20,ED.N,6.04638
2026-02-20,DE.N,17.45408
2026-02-20,GLW.N,3.08592
2026-02-22,HON.OQ,10.5395
2026-02-23,GPN.N,13.82977
2026-02-23,GRMN.N,9.36314
2026-02-23,RDN.N,4.8174
2026-02-23,ED.N,6.07306
2026-02-23,LITE.OQ,7.42541
2026-02-23,DE.N,17.61568
2026-02-23,GLW.N,3.09054
2026-02-23,BKD.N,-0.23
2026-02-24,CECO.OQ,1.492
2026-02-24,GRMN.N,9.38457
2026-02-24,WOOF.OQ,0.15038
2026-02-24,CLVT.N,0.71756
2026-02-24,FBRT.N,1.1025
2026-02-24,DE.N,17.8861
2026-02-24,AXON.OQ,7.57278
2026-02-24,ALMS.OQ,-2.93714
2026-02-25,GPN.N,13.83041
2026-02-25,CECO.OQ,1.51467
2026-02-25,HVT.N,1.875
2026-02-25,RDN.N,4.94567
2026-02-25,ED.N,6.08494
2026-02-25,LITE.OQ,7.43482
2026-02-25,CLVT.N,0.71978
2026-02-25,APLE.N,0.66
2026-02-25,AXON.OQ,7.7761
2026-02-25,SLNO.OQ,4.08231
2026-02-26,CHRW.OQ,6.0456
2026-02-26,VRDN.OQ,-3.7605
2026-02-26,GPN.N,13.83696
2026-02-26,CECO.OQ,1.53633
2026-02-26,ED.N,6.09146
2026-02-26,SLNO.OQ,4.05692
2026-02-27,VRDN.OQ,-3.88008
2026-02-27,GEF.N,4.075
2026-02-27,HON.OQ,10.539
2026-02-27,SVC.OQ,-1.155
2026-02-27,CLMT.OQ,-0.436
2026-03-01,LITE.OQ,7.44659
2026-03-02,VRDN.OQ,-3.87425
2026-03-02,GPN.N,13.83892
2026-03-02,RIOT.OQ,-0.62393
2026-03-02,TREE.OQ,5.204
2026-03-02,ED.N,6.09136
2026-03-02,IBKR.OQ,2.47013
2026-03-02,IHRT.OQ,0.24667
2026-03-02,CLMT.OQ,-0.656
2026-03-03,GPN.N,13.83822
2026-03-03,RIOT.OQ,-0.785
2026-03-03,TREE.OQ,5.624
2026-03-03,CLVT.N,0.72611
2026-03-03,DE.N,17.92724
2026-03-03,IHRT.OQ,-0.105
2026-03-03,HON.OQ,10.5385
2026-03-04,CNC.N,3.01078
2026-03-04,SMA.N,0.28
2026-03-04,APLE.N,0.95
2026-03-04,DE.N,17.91418
2026-03-04,SLNO.OQ,3.92833
2026-03-05,VRDN.OQ,-3.81278
2026-03-05,EAT.N,10.69922
2026-03-05,RIOT.OQ,-0.82357
2026-03-05,BCAL.OQ,1.63733
2026-03-05,LITE.OQ,7.44659
2026-03-05,REPX.A,3.9075
2026-03-05,CLMT.OQ,-0.8975
2026-03-06,REPX.A,4.05
2026-03-06,IBKR.OQ,2.467
2026-03-06,CLMT.OQ,-1.585
2026-03-08,LITE.OQ,7.44835
2026-03-09,GPN.N,13.8415
2026-03-09,EAT.N,10.69878
2026-03-09,RIOT.OQ,-0.89
2026-03-09,TREE.OQ,5.55
2026-03-09,CNC.N,3.01074
2026-03-09,PDYN.OQ,-0.49
2026-03-09,CLMT.OQ,-1.11333
2026-03-10,GPN.N,13.8449
2026-03-10,GDEN.OQ,0.672
2026-03-10,ALMS.OQ,-2.96125
2026-03-11,ED.N,6.09127
2026-03-11,LITE.OQ,7.45633
2026-03-11,WOOF.OQ,0.207
2026-03-11,REPX.A,4.49333
2026-03-12,CNC.N,2.99074
2026-03-12,RDN.N,4.98425
2026-03-12,WOOF.OQ,0.197
2026-03-12,ABX.N,0.965
2026-03-12,GLW.N,3.09823
2026-03-12,HON.OQ,10.53905
2026-03-12,SUNS.OQ,1.2025
2026-03-13,GPN.N,13.8449
2026-03-13,EAT.N,10.69926
2026-03-13,ED.N,6.09144
2026-03-13,WOOF.OQ,0.19
2026-03-13,ABX.N,0.95
2026-03-15,WOOF.OQ,0.203
2026-03-17,ROK.N,12.12596
2026-03-18,ABX.N,0.97375
2026-03-18,SLNO.OQ,3.89
2026-03-19,ALMS.OQ,-3.051
2026-03-19,SUNS.OQ,1.1725
2026-03-20,ALMS.OQ,-2.971
2026-03-22,SMA.N,0.39
2026-03-23,ROK.N,12.125
2026-03-23,REPX.A,4.49333
2026-03-24,EAT.N,10.70578
2026-03-25,RIOT.OQ,-0.90667
2026-03-25,BKD.N,-0.21
2025-08-13,KBR.N,4.23938
2025-10-08,MYE.N,1.01
2025-10-08,MYE.N,1.47
2025-10-30,EXLS.OQ,1.91633
2025-11-03,SXT.N,3.53667
2025-11-06,EXPI.OQ,-0.08
2025-11-11,SXC.N,0.57
2025-11-11,SXC.N,0.61
2025-11-12,BGS.N,0.5234
2025-11-12,BGS.N,0.5014
2025-11-14,MPTI.A,2.345
2025-11-18,VYGR.OQ,-2.09058
2025-11-19,TGNA.N^C26,3.02
2025-11-19,TGNA.N^C26,1.594
2025-11-23,BHR.N,-1.8
2025-11-23,BHR.N,-0.9
2025-11-27,LBRDA.OQ,5.44
2025-11-28,FELE.OQ,4.15725
2025-12-02,KBR.N,3.85333
2025-12-12,LOVE.OQ,0.2675
2025-12-22,EBF.N,1.54
2025-12-23,ANNX.OQ,-1.39289
2026-01-06,STXS.A,-0.2518
2026-01-06,CERT.OQ,0.44792
2026-01-07,IDYA.OQ,-1.39712
2026-01-08,EXLS.OQ,2.19333
2026-01-09,M.N,2.17125
2026-01-12,MARA.OQ,0.28929
2026-01-13,SXT.N,3.95667
2026-01-14,RGTI.OQ,-0.17314
2026-01-21,GTX.OQ,1.4735
2026-01-23,TRTX.N,0.98167
2026-01-23,TRTX.N,1.10167
2026-01-28,RUSHA.OQ,3.15067
2026-01-28,RUSHA.OQ,3.72033
2026-01-29,TROX.N,-1.36144
2026-01-30,ESTC.N,2.44971
2026-02-02,TRMK.OQ,3.8002
2026-02-02,IESC.OQ,17.56
2026-02-02,FULT.OQ,2.06925
2026-02-03,KOS.N,-0.53733
2026-02-04,FCBC.OQ,2.91
2026-02-04,SFST.OQ,5.42
2026-02-04,ULTA.OQ,25.56554
2026-02-05,DECK.N,6.88316
2026-02-06,VSTM.OQ,-1.72875
2026-02-07,BANC.N,1.69111
2026-02-08,AMTB.N,2.0995
2026-02-09,BAC.N,4.33589
2026-02-11,ALL.N,25.13835
2026-02-11,PM.N,8.43915
2026-02-11,FRSH.OQ,0.57927
2026-02-12,QGEN.N,2.5624
2026-02-12,ADI.OQ,9.97375
2026-02-12,NTRS.OQ,10.069
2026-02-12,MAT.OQ,1.38423
2026-02-12,WFC.N,6.9936
2026-02-12,HUBS.N,12.22758
2026-02-13,ALL.N,25.19748
2026-02-13,MAT.OQ,1.255
2026-02-13,HUBS.N,12.25346
2026-02-16,QGEN.N,2.55024
2026-02-17,ESTC.N,2.44936
2026-02-17,NTRS.OQ,10.08088
2026-02-17,SXT.N,3.72
2026-02-17,MYE.N,1.03
2026-02-17,BAC.N,4.33435
2026-02-17,IDYA.OQ,-3.82306
2026-02-17,FELE.OQ,4.6592
2026-02-17,FRSH.OQ,0.57421
2026-02-18,RUSHA.OQ,3.84167
2026-02-18,M.N,2.18625
2026-02-18,ADI.OQ,10.91127
2026-02-18,SXC.N,0.365
2026-02-18,MAT.OQ,1.25773
2026-02-18,IDYA.OQ,-3.9
2026-02-18,TROX.N,-0.65867
2026-02-18,FELE.OQ,4.6298
2026-02-18,HUBS.N,12.34997
2026-02-19,ADI.OQ,11.16997
2026-02-19,ESTC.N,2.45011
2026-02-19,VSTM.OQ,-1.725
2026-02-19,ALL.N,25.22176
2026-02-19,GTX.OQ,1.7696
2026-02-19,IDYA.OQ,-3.91389
2026-02-19,TROX.N,-0.77756
2026-02-19,FELE.OQ,4.5558
2026-02-19,TRTX.N,1.06333
2026-02-20,KOS.N,-0.3086
2026-02-20,KOS.N,-0.6474
2026-02-20,DECK.N,6.87996
2026-02-20,GTX.OQ,1.7576
2026-02-20,TROX.N,-0.79422
2026-02-20,EXPI.OQ,0.07
2026-02-20,HUBS.N,12.45818
2026-02-20,ULTA.OQ,25.71268
2026-02-22,ADI.OQ,11.22815
2026-02-23,ALL.N,25.22462
2026-02-23,GTX.OQ,1.793
2026-02-23,TROX.N,-0.95089
2026-02-23,PM.N,8.43821
2026-02-24,RUSHA.OQ,3.6375
2026-02-24,GTX.OQ,1.779
2026-02-24,IDYA.OQ,-3.89875
2026-02-24,TROX.N,-0.982
2026-02-24,BANC.N,1.698
2026-02-24,FULT.OQ,2.0594
2026-02-24,TRTX.N,1.054
2026-02-25,ADI.OQ,11.31352
2026-02-25,ALL.N,25.23414
2026-02-25,TROX.N,-1.0085
2026-02-25,EXPI.OQ,0.06
2026-02-25,EXLS.OQ,2.18322
2026-02-26,ADI.OQ,11.30903
2026-02-26,ESTC.N,2.47825
2026-02-26,CERT.OQ,0.49675
2026-02-26,MAT.OQ,1.25458
2026-02-26,MARA.OQ,-0.47446
2026-02-26,TROX.N,-1.03311
2026-02-26,EXLS.OQ,2.18211
2026-02-26,PM.N,8.439
2026-02-26,HUBS.N,12.45893
2026-02-26,FRSH.OQ,0.5685
2026-02-27,ESTC.N,2.51875
2026-02-27,CERT.OQ,0.47008
2026-02-27,MAT.OQ,1.24792
2026-02-27,MARA.OQ,-1.74627
2026-03-02,ADI.OQ,11.30997
2026-03-02,ESTC.N,2.51993
2026-03-02,CERT.OQ,0.46842
2026-03-02,ULTA.OQ,25.71759
2026-03-03,MARA.OQ,-1.92377
2026-03-03,TGNA.N^C26,3.032
2026-03-03,EXLS.OQ,2.17988
2026-03-03,PM.N,8.449
2026-03-04,QGEN.N,2.55345
2026-03-04,RGTI.OQ,-0.1655
2026-03-04,VSTM.OQ,-1.7725
2026-03-04,MARA.OQ,-2.21323
2026-03-04,BGS.N,0.5862
2026-03-05,ADI.OQ,11.30997
2026-03-05,RGTI.OQ,-0.17863
2026-03-05,VSTM.OQ,-1.67444
2026-03-05,ALL.N,25.25986
2026-03-05,CERT.OQ,0.4519
2026-03-05,MAT.OQ,1.24654
2026-03-05,TGNA.N^C26,3.03
2026-03-05,HUBS.N,12.3543
2026-03-05,ULTA.OQ,25.71759
2026-03-06,ESTC.N,2.52363
2026-03-06,RGTI.OQ,-0.17767
2026-03-06,VSTM.OQ,-1.68222
2026-03-06,CERT.OQ,0.45082
2026-03-06,IDYA.OQ,-3.901
2026-03-06,EXLS.OQ,2.17989
2026-03-06,FULT.OQ,2.05617
2026-03-08,PM.N,8.45219
2026-03-09,M.N,2.20792
2026-03-09,KOS.N,-0.2915
2026-03-09,STXS.A,-0.1832
2026-03-09,VYGR.OQ,-1.62683
2026-03-09,CERT.OQ,0.45046
2026-03-09,ULTA.OQ,25.74604
2026-03-10,ADI.OQ,11.33384
2026-03-10,STXS.A,-0.1732
2026-03-10,VYGR.OQ,-1.70242
2026-03-10,MYE.N,1.26
2026-03-10,MAT.OQ,1.25036
2026-03-10,BAC.N,4.33473
2026-03-10,HUBS.N,12.35674
2026-03-11,KOS.N,-0.279
2026-03-11,RGTI.OQ,-0.17363
2026-03-11,VYGR.OQ,-1.78825
2026-03-11,VSTM.OQ,-1.62111
2026-03-11,MARA.OQ,-2.23092
2026-03-11,ULTA.OQ,25.74082
2026-03-12,KOS.N,-0.2304
2026-03-12,MPTI.A,2.43
2026-03-12,TRMK.OQ,3.80683
2026-03-12,ULTA.OQ,28.56252
2026-03-13,M.N,2.19042
2026-03-13,STXS.A,-0.1892
2026-03-13,BGS.N,0.5822
2026-03-13,IDYA.OQ,-3.95624
2026-03-13,ULTA.OQ,28.51252
2026-03-14,RGTI.OQ,-0.181
2026-03-15,M.N,2.17625
2026-03-16,KOS.N,-0.10314
2026-03-16,VYGR.OQ,-1.87718
2026-03-16,ALL.N,25.27786
2026-03-16,MAT.OQ,1.25033
2026-03-16,TGNA.N^C26,3.06
2026-03-16,ULTA.OQ,28.62562
2026-03-17,VYGR.OQ,-1.81158
2026-03-17,MARA.OQ,-2.48517
2026-03-17,PM.N,8.46088
2026-03-17,ULTA.OQ,28.595
2026-03-18,M.N,2.15942
2026-03-18,ANNX.OQ,-1.38511
2026-03-18,ALL.N,25.34886
2026-03-19,M.N,2.10058
2026-03-19,ALL.N,25.50932
2026-03-19,PM.N,8.46053
2026-03-19,ULTA.OQ,28.84563
2026-03-20,ANNX.OQ,-1.38622
2026-03-20,ALL.N,25.54327
2026-03-20,BAC.N,4.33589
2026-03-20,TGNA.N^C26,3.15
2026-03-20,WFC.N,6.9988
2026-03-22,QGEN.N,2.551
2026-03-23,M.N,2.09518
2026-03-23,KOS.N,-0.00457
2026-03-23,ALL.N,25.67186
2026-03-23,MAT.OQ,1.24633
2026-03-23,BANC.N,1.709
2026-03-24,WFC.N,7.0
2026-03-25,QGEN.N,2.55272
2026-03-25,CERT.OQ,0.4505
2026-03-25,BGS.N,0.6042
2026-03-25,BAC.N,4.33689
2025-07-31,LXFR.N,1.18
2025-10-27,VRE.N,0.64
2025-10-30,LXFR.N,1.07
2025-11-07,ASLE.OQ,0.325
2025-11-07,NATR.OQ,1.155
2025-11-10,EVCM.OQ,0.73767
2025-11-11,CPSS.OQ,1.45
2025-11-11,HRTX.OQ,-0.0685
2025-11-11,BUR.N,0.83333
2025-11-11,CPSS.OQ,0.82
2025-11-13,AAOI.OQ,-0.37325
2025-11-13,AAOI.OQ,0.5542
2025-11-18,SSP.OQ,0.10775
2025-11-18,SSP.OQ,-1.31552
2025-12-04,VRE.N,-0.25
2025-12-08,CURV.N,-0.115
2025-12-11,CWST.OQ,1.1964
2025-12-17,IONQ.N,-2.211
2025-12-22,RUM.OQ,-0.28
2026-01-14,JBL.N,11.646
2026-01-14,JILL.N,2.332
2026-01-15,BSVN.OQ,4.27233
2026-01-15,SNBR.OQ,-3.76333
2026-01-15,AKAM.OQ,7.04152
2026-01-23,RSG.N,6.89168
2026-01-25,CAI.OQ,-2.16344
2026-01-25,DKS.N,12.78084
2026-01-29,SUPN.OQ,2.625
2026-01-30,TXNM.N,2.6782
2026-01-30,TXNM.N,2.9595
2026-02-02,CBAN.N,2.18
2026-02-02,FINW.OQ,1.66367
2026-02-02,CDZI.OQ,-0.11
2026-02-03,NFLX.OQ,3.14334
2026-02-03,MCHB.OQ,1.2
2026-02-05,DOV.N,10.53763
2026-02-06,NAVI.OQ,0.78929
2026-02-07,ONTO.N,4.96371
2026-02-08,WBS.N,6.64506
2026-02-09,AJG.N,13.2669
2026-02-09,DOC.N,0.19667
2026-02-10,AMCR.N,4.02156
2026-02-10,MKC.N,3.09979
2026-02-11,PEBO.OQ,3.37814
2026-02-11,TDAY.N,-0.1125
2026-02-11,FFWM.N,0.215
2026-02-11,MUSA.N,24.82
2026-02-11,LFVN.OQ,0.67
2026-02-11,TDAY.N,0.17925
2026-02-12,WAB.N,10.34675
2026-02-12,HIG.N,13.39405
2026-02-12,CARR.N,2.79268
2026-02-12,PEGA.OQ,2.71346
2026-02-12,ZTS.N,6.88753
2026-02-12,ETN.N,13.30726
2026-02-12,MEDP.OQ,16.99514
2026-02-13,WAB.N,10.371
2026-02-13,HRTX.OQ,-0.0685
2026-02-13,HIG.N,13.44114
2026-02-13,ZTS.N,6.91847
2026-02-13,ETN.N,13.31113
2026-02-13,MEDP.OQ,17.05477
2026-02-13,NAVI.OQ,0.77813
2026-02-16,WAB.N,10.38175
2026-02-17,CAI.OQ,-1.9871
2026-02-17,AJG.N,13.26505
2026-02-17,NFLX.OQ,3.14337
2026-02-17,ZTS.N,6.95226
2026-02-17,RSG.N,7.31469
2026-02-17,NAVI.OQ,0.69643
2026-02-18,WAB.N,10.39009
2026-02-18,ONTO.N,4.96657
2026-02-18,ZTS.N,6.96595
2026-02-18,MEDP.OQ,17.048
2026-02-18,LFVN.OQ,0.67333
2026-02-18,RSG.N,7.28965
2026-02-19,AKAM.OQ,7.2798
2026-02-19,ONTO.N,6.51833
2026-02-19,CWST.OQ,1.26827
2026-02-19,ZTS.N,7.001
2026-02-19,RSG.N,7.28812
2026-02-20,HIG.N,13.45023
2026-02-20,AKAM.OQ,6.91572
2026-02-20,ONTO.N,6.51886
2026-02-20,CWST.OQ,1.17518
2026-02-20,BUR.N,0.82
2026-02-20,ETN.N,13.28946
2026-02-20,RSG.N,7.23526
2026-02-23,CURV.N,-0.11
2026-02-23,AKAM.OQ,6.87536
2026-02-23,CWST.OQ,1.16264
2026-02-23,MEDP.OQ,17.09092
2026-02-23,RSG.N,7.2395
2026-02-24,AKAM.OQ,6.84626
2026-02-24,SUPN.OQ,1.97667
2026-02-25,IONQ.N,-1.15318
2026-02-25,FINW.OQ,1.65975
2026-02-25,SUPN.OQ,1.92333
2026-02-26,CAI.OQ,0.1794
2026-02-26,HRTX.OQ,0.0
2026-02-26,CARR.N,2.79236
2026-02-26,AJG.N,13.25862
2026-02-26,LXFR.N,1.12
2026-02-26,NFLX.OQ,3.14373
2026-02-26,IONQ.N,-1.43611
2026-02-26,CWST.OQ,1.1789
2026-02-26,BUR.N,1.2
2026-02-26,ZTS.N,7.00406
2026-02-26,DOC.N,0.215
2026-02-27,CAI.OQ,0.1227
2026-02-27,WBS.N,6.65094
2026-02-27,HIG.N,13.45477
2026-02-27,TDAY.N,0.17425
2026-02-27,NFLX.OQ,3.15635
2026-02-27,SSP.OQ,-0.13273
2026-02-27,AAOI.OQ,0.926
2026-02-27,BUR.N,1.03667
2026-02-27,ZTS.N,7.01031
2026-03-02,TDAY.N,0.1655
2026-03-02,NFLX.OQ,3.16051
2026-03-02,MEDP.OQ,17.098
2026-03-03,TDAY.N,0.1524
2026-03-03,AAOI.OQ,0.898
2026-03-03,MUSA.N,24.71
2026-03-04,AJG.N,13.23376
2026-03-04,NFLX.OQ,3.15734
2026-03-04,CWST.OQ,1.1789
2026-03-04,RSG.N,7.2395
2026-03-05,DKS.N,12.78084
2026-03-05,TDAY.N,0.078
2026-03-05,ASLE.OQ,0.665
2026-03-05,RUM.OQ,-0.18
2026-03-05,AAOI.OQ,0.815
2026-03-05,ZTS.N,7.00677
2026-03-05,RSG.N,7.23952
2026-03-06,TDAY.N,0.0664
2026-03-06,NFLX.OQ,3.15573
2026-03-06,SSP.OQ,-0.115
2026-03-06,RUM.OQ,-0.23667
2026-03-06,MEDP.OQ,17.10036
2026-03-07,TDAY.N,0.0704
2026-03-08,IONQ.N,-1.50611
2026-03-09,CARR.N,2.78096
2026-03-09,NFLX.OQ,3.15627
2026-03-09,NAVI.OQ,0.69929
2026-03-10,DKS.N,12.71032
2026-03-10,CWST.OQ,1.17627
2026-03-10,NATR.OQ,1.03
2026-03-11,JBL.N,11.64636
2026-03-11,AJG.N,13.26414
2026-03-11,PEGA.OQ,2.72108
2026-03-11,NATR.OQ,1.02
2026-03-12,DKS.N,14.44518
2026-03-12,SNBR.OQ,-0.515
2026-03-12,JBL.N,11.66909
2026-03-12,EVCM.OQ,0.69529
2026-03-12,RUM.OQ,-0.325
2026-03-12,ZTS.N,7.00028
2026-03-12,RSG.N,7.23704
2026-03-13,DKS.N,14.23109
2026-03-13,WBS.N,6.63913
2026-03-13,EVCM.OQ,0.69286
2026-03-13,ETN.N,13.30188
2026-03-13,RSG.N,7.23836
2026-03-13,NAVI.OQ,0.70438
2026-03-15,MKC.N,3.09907
2026-03-16,DKS.N,14.18686
2026-03-16,AJG.N,13.25367
2026-03-16,ETN.N,13.28308
2026-03-17,AJG.N,13.28486
2026-03-17,DOV.N,10.53868
2026-03-17,EVCM.OQ,0.69
2026-03-17,AAOI.OQ,0.81571
2026-03-17,ZTS.N,7.00263
2026-03-17,TXNM.N,2.97533
2026-03-18,JBL.N,12.00009
2026-03-18,AJG.N,13.27332
2026-03-18,NFLX.OQ,3.15854
2026-03-18,ETN.N,13.26373
2026-03-19,DKS.N,14.16529
2026-03-19,JBL.N,12.29191
2026-03-19,CURV.N,-0.04667
2026-03-19,CARR.N,2.78083
2026-03-19,AJG.N,13.26541
2026-03-19,EVCM.OQ,0.70667
2026-03-20,MKC.N,3.09621
2026-03-20,CURV.N,-0.025
2026-03-23,AMCR.N,4.01589
2026-03-23,HIG.N,13.45436
2026-03-23,CARR.N,2.77865
2026-03-23,AJG.N,13.24886
2026-03-23,CBAN.N,2.02
2026-03-24,MKC.N,3.09407
2026-03-24,AJG.N,13.25159
2026-03-24,DOV.N,10.53763
2026-03-24,ETN.N,13.26185
2026-03-25,MKC.N,3.09264
2026-03-25,CARR.N,2.77778
2026-03-25,MEDP.OQ,17.10654
2025-10-31,SMP.N,3.9295
2025-10-31,NPKI.N,0.4025
2025-11-05,OABI.OQ,-0.54286
2025-11-07,OPRX.OQ,0.74833
2025-11-17,ALDX.OQ,-0.495
2025-11-20,BZAI.OQ,-2.23667
2025-11-25,GOCO.OQ,-18.906
2025-11-26,NPKI.N,0.534
2025-12-15,METC.OQ,-0.95989
2025-12-16,ALDX.OQ,-0.28167
2025-12-17,ADT.N,0.8818
2025-12-17,BETA.N,-2.94617
2025-12-18,FHTX.OQ,-1.1034
2026-01-01,NXXT.OQ,-0.56
2026-01-07,RPT.N,-0.72
2026-01-07,RPT.N,0.625
2026-01-09,ARKO.OQ,0.13
2026-01-09,ARKO.OQ,0.12
2026-01-14,GCO.N,1.3275
2026-01-15,SOLV.N,6.02492
2026-01-16,PHIN.N,5.75525
2026-01-16,ST.N,3.40418
2026-01-22,TE.N,-1.14
2026-01-27,SEI.N,1.56488
2026-01-28,DK.N,3.38144
2026-02-02,HUT.OQ,-0.04423
2026-02-03,SEI.N,1.2275
2026-02-03,ORC.N,1.06667
2026-02-05,NPO.N,7.84
2026-02-05,MLI.N,7.015
2026-02-08,BBY.N,6.30721
2026-02-09,CURB.N,0.27
2026-02-09,ARE.N,-0.11333
2026-02-10,GENI.N,-0.32444
2026-02-10,NVST.N,1.4102
2026-02-10,ICHR.OQ,1.12
2026-02-10,ABCB.N,6.503
2026-02-10,GM.N,12.35333
2026-02-10,PGY.OQ,1.22333
2026-02-10,HUBB.N,19.738
2026-02-10,ACI.N,2.147
2026-02-11,META.OQ,29.60183
2026-02-11,CRGY.N,1.65714
2026-02-11,STRL.OQ,9.06433
2026-02-11,GPC.N,7.63455
2026-02-11,PYPL.OQ,5.32273
2026-02-12,ROL.N,1.26213
2026-02-12,AIZ.N,20.63429
2026-02-12,VRT.N,5.95483
2026-02-12,MH.N,1.80646
2026-02-12,NTNX.OQ,1.79186
2026-02-12,QSR.N,4.02104
2026-02-12,LULU.OQ,13.10752
2026-02-13,PHIN.N,5.767
2026-02-13,ROL.N,1.25356
2026-02-13,AIZ.N,20.65571
2026-02-13,VRT.N,5.96354
2026-02-13,GM.N,12.3148
2026-02-13,QSR.N,4.04212
2026-02-16,META.OQ,29.60087
2026-02-16,FHTX.OQ,-1.1014
2026-02-16,BBY.N,6.30017
2026-02-16,MH.N,1.82139
2026-02-17,RPT.N,0.15
2026-02-17,CRGY.N,1.655
2026-02-17,ROL.N,1.25277
2026-02-17,AIZ.N,20.72857
2026-02-17,VRT.N,5.99563
2026-02-17,GPC.N,8.37273
2026-02-17,NTNX.OQ,1.794
2026-02-18,META.OQ,29.6092
2026-02-18,GENI.N,-0.32556
2026-02-18,NPO.N,8.87
2026-02-18,ROL.N,1.25106
2026-02-18,BBY.N,6.29975
2026-02-18,VRT.N,6.02239
2026-02-18,MH.N,1.82233
2026-02-18,GPC.N,8.05455
2026-02-18,QSR.N,4.04173
2026-02-19,PHIN.N,5.799
2026-02-19,NPO.N,8.92
2026-02-19,ROL.N,1.25277
2026-02-19,VRT.N,6.02146
2026-02-19,METC.OQ,-0.05989
2026-02-19,ST.N,3.64294
2026-02-19,QSR.N,4.05354
2026-02-20,GPC.N,7.73875
2026-02-20,ST.N,3.63013
2026-02-21,ST.N,3.63263
2026-02-22,META.OQ,29.60994
2026-02-23,RPT.N,0.01
2026-02-23,CRGY.N,1.26533
2026-02-23,AIZ.N,20.73286
2026-02-23,LULU.OQ,13.10478
2026-02-24,PHIN.N,5.866
2026-02-24,BBY.N,6.31433
2026-02-24,AIZ.N,20.72429
2026-02-24,GPC.N,7.74
2026-02-24,QSR.N,4.0482
2026-02-25,SEI.N,1.52113
2026-02-25,HUT.OQ,-0.34308
2026-02-25,STRL.OQ,11.223
2026-02-25,AIZ.N,20.76857
2026-02-25,NTNX.OQ,1.81071
2026-02-25,ST.N,3.63081
2026-02-26,SOLV.N,6.40292
2026-02-26,CRGY.N,1.29143
2026-02-26,SMP.N,4.286
2026-02-26,SEI.N,1.52363
2026-02-26,PHIN.N,5.8495
2026-02-26,HUT.OQ,-0.7
2026-02-26,STRL.OQ,11.44867
2026-02-26,METC.OQ,-0.07333
2026-02-26,NTNX.OQ,1.8178
2026-02-26,ST.N,3.62858
2026-02-26,NPKI.N,0.522
2026-02-26,QSR.N,4.04308
2026-02-26,ARKO.OQ,0.22
2026-02-27,SOLV.N,6.43992
2026-02-27,META.OQ,29.6005
2026-02-27,SMP.N,4.3
2026-02-27,HUT.OQ,-0.82071
2026-02-27,DK.N,-0.48555
2026-02-27,STRL.OQ,11.99533
2026-02-27,BBY.N,6.31142
2026-02-27,METC.OQ,-0.21333
2026-02-27,ST.N,3.63093
2026-02-27,NPKI.N,0.526
2026-02-27,QSR.N,4.04935
2026-03-01,PYPL.OQ,5.321
2026-03-02,ADT.N,0.9118
2026-03-02,SOLV.N,6.45825
2026-03-02,DK.N,-0.52675
2026-03-02,STRL.OQ,12.06314
2026-03-02,NPKI.N,0.53
2026-03-02,QSR.N,4.05819
2026-03-02,ACI.N,2.14494
2026-03-02,LULU.OQ,13.10228
2026-03-03,ADT.N,0.8964
2026-03-03,CRGY.N,1.22571
2026-03-03,SEI.N,1.668
2026-03-03,DK.N,-0.11842
2026-03-03,BBY.N,6.58
2026-03-03,ST.N,3.63127
2026-03-03,PYPL.OQ,5.31049
2026-03-04,CRGY.N,1.206
2026-03-04,GENI.N,0.12306
2026-03-04,CURB.N,0.26333
2026-03-04,SEI.N,1.589
2026-03-04,HUT.OQ,-0.83333
2026-03-04,BBY.N,6.51
2026-03-04,NTNX.OQ,1.84362
2026-03-04,GM.N,12.32731
2026-03-04,OABI.OQ,-0.37667
2026-03-04,ALDX.OQ,-0.264
2026-03-04,NPKI.N,0.5225
2026-03-04,PYPL.OQ,5.3105
2026-03-05,SOLV.N,6.46809
2026-03-05,META.OQ,29.59504
2026-03-05,GENI.N,0.09877
2026-03-05,DK.N,0.35908
2026-03-05,BBY.N,6.51833
2026-03-05,GPC.N,7.74
2026-03-05,OABI.OQ,-0.37286
2026-03-05,PYPL.OQ,5.31049
2026-03-05,OPRX.OQ,0.87167
2026-03-06,GCO.N,2.055
2026-03-06,CRGY.N,1.24314
2026-03-06,CURB.N,0.255
2026-03-06,DK.N,1.07889
2026-03-06,ALDX.OQ,-0.10333
2026-03-06,QSR.N,4.06452
2026-03-06,OPRX.OQ,0.94167
2026-03-08,GCO.N,2.135
2026-03-08,CRGY.N,1.29114
2026-03-08,MH.N,1.83062
2026-03-08,HUBB.N,19.653
2026-03-09,BETA.N,-2.37086
2026-03-09,SEI.N,1.67257
2026-03-09,ROL.N,1.25218
2026-03-09,DK.N,1.17091
2026-03-09,LULU.OQ,13.09884
2026-03-10,BETA.N,-1.99657
2026-03-10,GENI.N,0.09935
2026-03-10,BBY.N,6.50333
2026-03-10,HUBB.N,19.65813
2026-03-10,PYPL.OQ,5.31049
2026-03-10,LULU.OQ,13.10009
2026-03-11,META.OQ,29.61834
2026-03-11,CRGY.N,1.28829
2026-03-11,SMP.N,4.39667
2026-03-11,GENI.N,0.10146
2026-03-11,FHTX.OQ,-1.0712
2026-03-11,SEI.N,1.556
2026-03-11,DK.N,1.24273
2026-03-11,BBY.N,6.50333
2026-03-11,OABI.OQ,-0.38833
2026-03-12,GENI.N,0.093
2026-03-12,FHTX.OQ,-1.1031
2026-03-13,META.OQ,29.62441
2026-03-13,BBY.N,6.495
2026-03-13,PYPL.OQ,5.31147
2026-03-15,META.OQ,29.76548
2026-03-15,LULU.OQ,13.10009
2026-03-16,CRGY.N,1.31043
2026-03-16,BETA.N,-2.28
2026-03-16,ICHR.OQ,1.13
2026-03-17,NVST.N,1.41093
2026-03-17,FHTX.OQ,-1.1231
2026-03-17,SEI.N,1.58225
2026-03-17,BBY.N,6.50546
2026-03-17,ALDX.OQ,-0.46333
2026-03-17,QSR.N,4.05846
2026-03-17,LULU.OQ,12.52144
2026-03-17,ARKO.OQ,0.26
2026-03-18,META.OQ,29.79767
2026-03-18,FHTX.OQ,-1.115
2026-03-18,LULU.OQ,12.43081
2026-03-19,ROL.N,1.24918
2026-03-19,MH.N,1.828
2026-03-19,ST.N,3.63744
2026-03-19,ABCB.N,6.51029
2026-03-19,LULU.OQ,12.41303
2026-03-20,CRGY.N,1.38114
2026-03-20,SEI.N,1.53756
2026-03-22,DK.N,1.24273
2026-03-22,STRL.OQ,12.03775
2026-03-23,SOLV.N,6.4679
2026-03-23,GM.N,12.31233
2026-03-23,LULU.OQ,12.39906
2026-03-24,CRGY.N,1.466
2026-03-24,BZAI.OQ,-0.68667
2026-03-24,DK.N,1.7325
2026-03-24,VRT.N,6.03584
2026-03-24,LULU.OQ,12.31029
2026-03-25,PGY.OQ,1.23667
2025-10-29,UCTT.OQ,1.05475
2025-11-05,WLFC.OQ,14.71
2025-11-12,GNE.N,0.84
2025-11-13,SKYT.OQ,0.03183
2025-11-13,SKYT.OQ,-0.28067
2025-11-17,IBP.N,10.96275
2025-11-23,ACDC.OQ,-1.87
2025-11-28,ABSI.OQ,-0.83714
2025-12-12,HTZ.OQ,-1.87333
2025-12-29,NCNO.OQ,0.90588
2025-12-30,ASAN.N,0.2555
2026-01-14,HRI.N,7.9097
2026-01-15,ZVIA.N,-0.13
2026-01-20,ACDC.OQ,-1.39125
2026-01-20,CRML.OQ,-0.1
2026-01-22,NXST.OQ,12.4835
2026-01-22,ACHC.OQ,1.98817
2026-01-26,SG.N,-1.04429
2026-01-26,AIR.N,4.705
2026-01-27,GTN.N,2.3975
2026-01-27,DX.N,1.4625
2026-01-27,SRCE.OQ,6.64333
2026-01-27,GTN.N,-1.5075
2026-01-28,CWK.N,1.21611
2026-01-28,SANM.OQ,10.055
2026-01-30,NRIM.OQ,2.59
2026-01-30,MHK.N,9.87312
2026-02-02,BPRN.OQ,3.55
2026-02-03,ALK.N,5.40953
2026-02-04,FIBK.OQ,2.6715
2026-02-05,HL.N,0.415
2026-02-09,GOLF.N,3.40875
2026-02-09,NWBI.OQ,1.29943
2026-02-09,GRC.N,2.46
2026-02-09,EXPO.OQ,2.27
2026-02-10,FITB.OQ,3.79222
2026-02-11,MKL.N,116.55467
2026-02-11,BL.OQ,2.40087
2026-02-11,EXE.OQ,6.0776
2026-02-11,OM.OQ,-2.795
2026-02-12,HSY.N,8.44635
2026-02-12,NWS.OQ,1.07075
2026-02-12,DKNG.OQ,0.622
2026-02-12,ROKU.OQ,1.48859
2026-02-12,RVMD.OQ,-5.59163
2026-02-12,TYL.N,12.51773
2026-02-12,PINE.N,0.37
2026-02-12,GFS.OQ,1.78784
2026-02-12,AOS.N,4.01193
2026-02-13,MHK.N,9.89371
2026-02-13,DKNG.OQ,0.51119
2026-02-13,ROKU.OQ,1.88579
2026-02-13,TYL.N,12.53136
2026-02-16,ROKU.OQ,1.94493
2026-02-17,MHK.N,9.63125
2026-02-17,DKNG.OQ,0.33785
2026-02-17,HL.N,0.99375
2026-02-17,TYL.N,12.53773
2026-02-17,EXE.OQ,9.06362
2026-02-17,HRI.N,8.27111
2026-02-17,FITB.OQ,3.73895
2026-02-18,NWS.OQ,1.07825
2026-02-18,NWBI.OQ,1.302
2026-02-18,MHK.N,9.62941
2026-02-18,DKNG.OQ,0.33986
2026-02-18,HL.N,0.96375
2026-02-18,EXE.OQ,8.8245
2026-02-18,HRI.N,7.79
2026-02-18,GFS.OQ,1.78161
2026-02-19,CWK.N,1.45022
2026-02-19,ROKU.OQ,2.08052
2026-02-19,EXE.OQ,8.94104
2026-02-19,HRI.N,7.49989
2026-02-20,NRIM.OQ,2.595
2026-02-20,EXE.OQ,8.91981
2026-02-20,HRI.N,7.27878
2026-02-21,GFS.OQ,1.78161
2026-02-23,HSY.N,8.42978
2026-02-23,SG.N,-1.07167
2026-02-23,DKNG.OQ,0.33941
2026-02-23,HL.N,0.9625
2026-02-23,UCTT.OQ,1.7675
2026-02-23,EXE.OQ,8.91227
2026-02-24,DKNG.OQ,0.33944
2026-02-24,HL.N,1.01167
2026-02-24,UCTT.OQ,1.97525
2026-02-24,EXE.OQ,8.71785
2026-02-24,HRI.N,6.86243
2026-02-25,MKL.N,115.0235
2026-02-25,ZVIA.N,-0.07667
2026-02-25,HL.N,1.05571
2026-02-25,RVMD.OQ,-7.23745
2026-02-25,ACHC.OQ,1.49769
2026-02-25,OM.OQ,-2.69
2026-02-26,FIBK.OQ,2.66986
2026-02-26,NXST.OQ,25.2445
2026-02-26,GOLF.N,3.74889
2026-02-26,SG.N,-0.79733
2026-02-26,CWK.N,1.45483
2026-02-26,ZVIA.N,-0.0675
2026-02-26,DKNG.OQ,0.34117
2026-02-26,RVMD.OQ,-7.32345
2026-02-26,ACHC.OQ,1.46923
2026-02-26,IBP.N,11.12436
2026-02-26,OM.OQ,-2.835
2026-02-26,HTZ.OQ,-0.55786
2026-02-27,SG.N,-0.80292
2026-02-27,ZVIA.N,-0.1025
2026-02-27,RVMD.OQ,-7.37281
2026-02-27,IBP.N,11.19329
2026-02-27,HTZ.OQ,-0.60275
2026-03-01,ROKU.OQ,2.08217
2026-03-01,RVMD.OQ,-7.39376
2026-03-01,GTN.N,2.4175
2026-03-02,NXST.OQ,25.105
2026-03-02,ASAN.N,0.36257
2026-03-02,SG.N,-0.79125
2026-03-02,SKYT.OQ,-0.2768
2026-03-02,EXE.OQ,8.59885
2026-03-02,ACHC.OQ,1.48692
2026-03-02,IBP.N,11.31971
2026-03-02,HTZ.OQ,-0.71275
2026-03-03,NXST.OQ,24.99125
2026-03-03,ASAN.N,0.3642
2026-03-03,GTN.N,2.4775
2026-03-04,DKNG.OQ,0.34683
2026-03-04,SKYT.OQ,-0.32667
2026-03-04,RVMD.OQ,-7.58837
2026-03-05,NXST.OQ,25.88667
2026-03-05,GOLF.N,3.75
2026-03-05,SG.N,-0.79346
2026-03-05,RVMD.OQ,-7.59679
2026-03-05,FITB.OQ,3.766
2026-03-05,IBP.N,11.39408
2026-03-05,GTN.N,2.50667
2026-03-05,HTZ.OQ,-0.73025
2026-03-06,EXE.OQ,8.53435
2026-03-08,HSY.N,8.42313
2026-03-08,ASAN.N,0.36553
2026-03-09,ALK.N,5.43164
2026-03-09,DKNG.OQ,0.34738
2026-03-09,EXE.OQ,8.63843
2026-03-09,PINE.N,0.3375
2026-03-09,FITB.OQ,3.78667
2026-03-09,EXPO.OQ,2.26
2026-03-09,AOS.N,4.00621
2026-03-10,ALK.N,5.3495
2026-03-10,CWK.N,1.4485
2026-03-10,ROKU.OQ,2.09408
2026-03-10,RVMD.OQ,-7.58883
2026-03-11,FITB.OQ,3.79095
2026-03-11,CRML.OQ,-0.185
2026-03-11,GFS.OQ,1.777
2026-03-12,MKL.N,115.66125
2026-03-12,GOLF.N,3.77875
2026-03-12,CWK.N,1.44786
2026-03-12,EXE.OQ,8.64891
2026-03-12,FITB.OQ,3.79409
2026-03-13,EXE.OQ,8.7891
2026-03-14,DKNG.OQ,0.34788
2026-03-15,RVMD.OQ,-7.72772
2026-03-16,ALK.N,4.74129
2026-03-16,SG.N,-0.79269
2026-03-16,EXE.OQ,8.85641
2026-03-16,FITB.OQ,3.795
2026-03-17,ACDC.OQ,-1.41425
2026-03-17,ROKU.OQ,2.08662
2026-03-17,IBP.N,11.38854
2026-03-18,ALK.N,4.56187
2026-03-18,RVMD.OQ,-7.72679
2026-03-18,HTZ.OQ,-0.74171
2026-03-19,WLFC.OQ,13.86
2026-03-20,ALK.N,4.43227
2026-03-20,NXST.OQ,25.63714
2026-03-22,IBP.N,11.3165
2026-03-23,DKNG.OQ,0.34508
2026-03-23,ROKU.OQ,2.06822
2026-03-24,MKL.N,115.929
2026-03-24,ACDC.OQ,-1.38175
2026-03-24,ABSI.OQ,-0.70714
2026-03-24,AIR.N,4.75
2026-03-25,ABSI.OQ,-0.70857
2026-03-25,AIR.N,4.77833
2026-03-25,EXE.OQ,9.14773
2025-11-04,ROG.N,2.10667
2025-11-09,IPI.N,1.22
2025-11-13,SSTI.OQ,-0.67914
2025-11-13,LFT.N,0.26
2025-11-13,LFT.N,0.265
2025-11-25,TDS.N,-0.8865
2025-12-07,MPLT.OQ,-6.3525
2025-12-10,UIS.N,0.6975
2025-12-11,CLAR.OQ,0.085
2025-12-15,INSG.OQ,0.33667
2025-12-22,HUMA.OQ,-0.306
2025-12-31,PRTA.OQ,-4.69429
2026-01-08,TDS.N,0.48267
2026-01-14,IPI.N,0.615
2026-01-15,INSG.OQ,0.075
2026-01-16,PDM.N,-0.07
2026-01-21,UIS.N,0.6325
2026-01-21,ADCT.N,-1.39833
2026-01-22,NABL.N,0.42167
2026-01-22,PRKS.N,3.32556
2026-01-23,SMTC.OQ,1.695
2026-01-25,BFC.OQ,9.884
2026-01-28,APEI.OQ,1.0498
2026-01-30,XRN.N,0.27333
2026-01-30,XRN.N,0.285
2026-02-01,CPF.N,3.24833
2026-02-02,AGYS.OQ,1.645
2026-02-03,HPQ.N,3.03833
2026-02-03,SKYW.OQ,11.4296
2026-02-03,OPCH.OQ,1.72818
2026-02-04,MXCT.OQ,-0.403
2026-02-04,BALL.N,3.97153
2026-02-04,VZ.N,4.92158
2026-02-05,CARE.OQ,2.475
2026-02-06,CRNC.OQ,0.68
2026-02-06,ATI.N,4.12371
2026-02-06,UI.N,16.1
2026-02-07,ARAY.OQ,-0.285
2026-02-08,WAL.N,10.3256
2026-02-09,PRLB.N,1.7956
2026-02-09,MC.N,3.48664
2026-02-09,HD.N,14.514
2026-02-09,WDAY.OQ,9.10042
2026-02-10,HOMB.N,2.49344
2026-02-10,CCL.N,2.55148
2026-02-10,BFH.N,10.12725
2026-02-10,AS.N,0.93443
2026-02-10,EA.OQ,8.71933
2026-02-11,FCNCA.OQ,176.57379
2026-02-11,STRT.OQ,5.58
2026-02-12,BROS.N,0.89417
2026-02-12,TLN.OQ,6.33286
2026-02-12,OGN.N,3.67143
2026-02-12,ONIT.N,10.995
2026-02-12,MGY.N,1.64544
2026-02-13,BROS.N,0.88461
2026-02-13,OGN.N,3.59571
2026-02-13,AS.N,0.93514
2026-02-13,MGY.N,1.63629
2026-02-17,HPQ.N,3.02333
2026-02-17,BROS.N,0.88406
2026-02-17,HD.N,14.51347
2026-02-17,ONIT.N,9.975
2026-02-17,BFH.N,10.00506
2026-02-17,ROG.N,3.02333
2026-02-17,MGY.N,1.64272
2026-02-18,HD.N,14.51318
2026-02-18,OGN.N,3.57429
2026-02-18,MGY.N,1.64439
2026-02-18,PRKS.N,3.32333
2026-02-19,HPQ.N,3.00867
2026-02-19,BROS.N,0.89706
2026-02-19,OGN.N,3.45
2026-02-19,PRTA.OQ,0.174
2026-02-19,NABL.N,0.43833
2026-02-19,ROG.N,3.15667
2026-02-20,PRTA.OQ,0.1978
2026-02-20,INSG.OQ,0.135
2026-02-20,NABL.N,0.42833
2026-02-20,MGY.N,1.64244
2026-02-23,TLN.OQ,21.12444
2026-02-23,OGN.N,3.495
2026-02-23,PRTA.OQ,0.2398
2026-02-23,ADCT.N,-1.39167
2026-02-23,TDS.N,0.00267
2026-02-23,WDAY.OQ,9.10063
2026-02-24,HPQ.N,2.9735
2026-02-24,HD.N,15.06071
2026-02-24,OPCH.OQ,1.87546
2026-02-24,AS.N,1.16107
2026-02-24,WDAY.OQ,10.61154
2026-02-25,HPQ.N,2.91594
2026-02-25,HD.N,15.07059
2026-02-25,UIS.N,0.665
2026-02-25,BFH.N,10.04035
2026-02-25,OPCH.OQ,1.86636
2026-02-25,AS.N,1.16593
2026-02-25,WDAY.OQ,10.51774
2026-02-26,HPQ.N,2.90124
2026-02-26,HD.N,15.07
2026-02-26,ATI.N,4.12657
2026-02-26,PRTA.OQ,0.38475
2026-02-26,UIS.N,0.685
2026-02-26,INSG.OQ,0.05667
2026-02-26,PRKS.N,3.87036
2026-02-27,BROS.N,0.89841
2026-02-27,HD.N,15.06452
2026-02-27,OGN.N,3.4665
2026-02-27,TDS.N,-0.206
2026-02-27,OPCH.OQ,1.87
2026-02-27,PRKS.N,3.87127
2026-03-01,TLN.OQ,21.57556
2026-03-01,PRKS.N,3.88127
2026-03-02,SMTC.OQ,1.69539
2026-03-02,AS.N,1.1685
2026-03-02,WDAY.OQ,10.50877
2026-03-02,EA.OQ,8.59092
2026-03-03,SSTI.OQ,-0.44733
2026-03-03,SKYW.OQ,11.4896
2026-03-03,PRTA.OQ,0.2538
2026-03-03,CCL.N,2.54322
2026-03-03,ADCT.N,-1.405
2026-03-03,AS.N,1.172
2026-03-03,WDAY.OQ,10.47311
2026-03-04,SSTI.OQ,-0.54833
2026-03-04,SMTC.OQ,1.69462
2026-03-04,CCL.N,2.54017
2026-03-05,BROS.N,0.89961
2026-03-05,CLAR.OQ,0.1625
2026-03-05,IPI.N,0.485
2026-03-05,OPCH.OQ,1.86909
2026-03-05,VZ.N,4.92221
2026-03-05,MGY.N,1.68578
2026-03-05,PRKS.N,3.8904
2026-03-05,XRN.N,0.06333
2026-03-06,WAL.N,10.29025
2026-03-06,CLAR.OQ,0.1625
2026-03-06,VZ.N,4.92128
2026-03-06,EA.OQ,8.59092
2026-03-08,BROS.N,0.89595
2026-03-08,CLAR.OQ,0.1725
2026-03-08,IPI.N,0.955
2026-03-08,MGY.N,1.70078
2026-03-09,WAL.N,10.22663
2026-03-09,ATI.N,4.16943
2026-03-09,VZ.N,4.92017
2026-03-09,EA.OQ,8.54213
2026-03-10,CCL.N,2.52757
2026-03-10,ADCT.N,-1.03833
2026-03-10,MGY.N,1.76356
2026-03-10,WDAY.OQ,10.4676
2026-03-11,HPQ.N,2.88829
2026-03-11,CCL.N,2.50844
2026-03-11,ADCT.N,-0.86833
2026-03-11,BFH.N,10.04682
2026-03-11,OPCH.OQ,1.86727
2026-03-12,MC.N,3.44482
2026-03-12,BROS.N,0.90174
2026-03-12,APEI.OQ,2.30329
2026-03-12,TLN.OQ,22.0
2026-03-12,WDAY.OQ,10.46766
2026-03-13,APEI.OQ,2.51186
2026-03-13,CCL.N,2.50539
2026-03-13,AS.N,1.17431
2026-03-16,SMTC.OQ,2.18885
2026-03-16,PRTA.OQ,0.2538
2026-03-16,CCL.N,2.50104
2026-03-16,MGY.N,1.80232
2026-03-17,SMTC.OQ,2.20362
2026-03-17,WAL.N,10.1675
2026-03-17,ADCT.N,-0.806
2026-03-17,VZ.N,4.92411
2026-03-18,TLN.OQ,21.58667
2026-03-18,WAL.N,10.10863
2026-03-18,VZ.N,4.923
2026-03-19,FCNCA.OQ,176.14164
2026-03-19,MPLT.OQ,-7.078
2026-03-19,CCL.N,2.48539
2026-03-19,VZ.N,4.92306
2026-03-20,SKYW.OQ,11.3906
2026-03-20,TLN.OQ,21.97
2026-03-20,WAL.N,10.08253
2026-03-20,MGY.N,1.86442
2026-03-22,OPCH.OQ,1.86364
2026-03-23,ATI.N,4.16943
2026-03-23,CCL.N,2.45409
2026-03-23,ADCT.N,-0.8
2026-03-23,AS.N,1.17779
2026-03-23,MGY.N,1.966
2026-03-23,EA.OQ,8.5185
2026-03-24,MXCT.OQ,-0.26557
2026-03-24,CCL.N,2.37213
2026-03-25,LFT.N,0.235
2026-03-25,HD.N,15.065
2026-03-25,MXCT.OQ,-0.25557
2026-03-25,CCL.N,2.36344
2026-03-25,VZ.N,4.92361
2025-10-30,DFIN.N,4.01967
2025-11-12,CLMB.OQ,1.4325
2025-11-12,CLMB.OQ,1.205
2026-01-02,NNE.OQ,-1.18
2026-01-08,PCRX.OQ,2.95414
2026-01-08,PRVA.OQ,0.13157
2026-01-12,ZUMZ.OQ,0.7665
2026-01-16,TTI.N,0.25333
2026-01-19,STZ.N,11.623
2026-01-19,LENb.N,6.77409
2026-01-20,PEN.N,3.78547
2026-01-20,TTI.N,0.28533
2026-01-21,SKIN.OQ,-0.06333
2026-01-21,PPL.N,1.81353
2026-01-23,LMND.N,-2.36325
2026-01-23,AMBQ.N,-1.41525
2026-01-28,TFX.N,14.0164
2026-01-28,NBBK.OQ,2.29
2026-01-30,BMRC.OQ,2.3386
2026-01-30,UBSI.OQ,3.52975
2026-02-02,LTC.N,1.60167
2026-02-03,ESAB.N,5.2735
2026-02-03,AKTS.OQ,-3.54667
2026-02-04,SPWR.OQ,0.265
2026-02-05,EXP.N,12.8175
2026-02-06,STKL.OQ,0.215
2026-02-06,FBNC.OQ,4.59275
2026-02-06,BOOT.N,7.33988
2026-02-06,STKL.OQ,0.1575
2026-02-07,ASB.N,2.815
2026-02-08,STWD.N,1.69778
2026-02-09,FN.N,13.57667
2026-02-09,CSW.N,9.7346
2026-02-09,MP.N,-0.30964
2026-02-09,IEX.N,8.27186
2026-02-10,GEN.OQ,2.547
2026-02-10,APTV.N,8.42078
2026-02-10,MO.N,5.62933
2026-02-11,TXRH.OQ,6.32633
2026-02-11,AXTA.N,2.63539
2026-02-11,ANIP.OQ,7.54125
2026-02-11,RRR.OQ,2.6976
2026-02-11,NRG.N,8.02333
2026-02-11,FSLR.OQ,14.6094
2026-02-12,MCD.N,13.22203
2026-02-12,TEAM.OQ,4.75989
2026-02-12,UPS.N,7.06739
2026-02-12,RPC.N,1.0575
2026-02-12,DOX.OQ,7.4475
2026-02-12,CNO.N,4.39367
2026-02-12,WMB.N,2.24435
2026-02-12,CBRE.N,7.42464
2026-02-13,MCD.N,13.22284
2026-02-13,RPC.N,1.03525
2026-02-13,MP.N,-0.31146
2026-02-13,UBSI.OQ,3.5178
2026-02-13,CBRE.N,7.37918
2026-02-16,MO.N,5.6264
2026-02-17,MCD.N,13.25512
2026-02-17,LTC.N,1.578
2026-02-17,CSW.N,9.749
2026-02-17,AXTA.N,2.63747
2026-02-17,DFIN.N,4.50433
2026-02-17,RRR.OQ,2.6746
2026-02-17,WMB.N,2.24535
2026-02-18,LTC.N,2.022
2026-02-18,NNE.OQ,-1.1075
2026-02-18,DFIN.N,4.692
2026-02-18,CNO.N,4.39525
2026-02-18,WMB.N,2.24735
2026-02-19,LMND.N,-1.67823
2026-02-19,TXRH.OQ,6.52987
2026-02-19,MP.N,-0.316
2026-02-20,LMND.N,-1.73285
2026-02-20,TXRH.OQ,6.34163
2026-02-20,WMB.N,2.26425
2026-02-20,ESAB.N,5.8077
2026-02-20,PPL.N,1.94831
2026-02-20,AKTS.OQ,-3.185
2026-02-22,ESAB.N,5.81078
2026-02-23,LMND.N,-1.70669
2026-02-23,TXRH.OQ,6.29807
2026-02-23,CBRE.N,7.44191
2026-02-23,MO.N,5.62273
2026-02-23,PPL.N,1.94417
2026-02-24,EXP.N,12.80864
2026-02-24,NNE.OQ,-1.12667
2026-02-24,NRG.N,8.97287
2026-02-24,MP.N,-0.3136
2026-02-24,CNO.N,4.41525
2026-02-24,CBRE.N,7.43555
2026-02-24,FSLR.OQ,22.25529
2026-02-24,ESAB.N,5.80967
2026-02-24,PPL.N,1.94554
2026-02-25,PEN.N,5.05526
2026-02-25,GEN.OQ,2.54733
2026-02-25,BMRC.OQ,2.35717
2026-02-25,STWD.N,1.84556
2026-02-25,NRG.N,8.95287
2026-02-25,FSLR.OQ,19.60435
2026-02-25,PPL.N,1.94511
2026-02-26,LMND.N,-1.71142
2026-02-26,PEN.N,5.05263
2026-02-26,TXRH.OQ,6.28559
2026-02-26,STWD.N,1.83111
2026-02-26,TFX.N,12.02633
2026-02-26,TTI.N,0.282
2026-02-26,MP.N,0.6585
2026-02-26,PCRX.OQ,3.30886
2026-02-26,PRVA.OQ,0.32629
2026-02-26,FSLR.OQ,19.1144
2026-02-27,TFX.N,10.0115
2026-02-27,ANIP.OQ,9.10563
2026-02-27,TTI.N,0.25333
2026-02-27,MP.N,0.6525
2026-02-27,PCRX.OQ,2.85786
2026-02-27,PRVA.OQ,0.32677
2026-02-27,FSLR.OQ,18.22182
2026-02-27,ESAB.N,5.81814
2026-03-01,STWD.N,1.79875
2026-03-02,TXRH.OQ,6.28707
2026-03-02,GEN.OQ,2.54782
2026-03-02,ANIP.OQ,9.14188
2026-03-02,TTI.N,0.21667
2026-03-02,MP.N,0.61227
2026-03-02,WMB.N,2.30225
2026-03-02,PRVA.OQ,0.34485
2026-03-02,FSLR.OQ,17.92466
2026-03-03,APTV.N,8.39021
2026-03-03,TFX.N,9.1465
2026-03-03,FN.N,13.571
2026-03-03,NRG.N,9.1073
2026-03-03,MP.N,0.57227
2026-03-03,WMB.N,2.30275
2026-03-03,MO.N,5.62167
2026-03-03,FSLR.OQ,17.8855
2026-03-04,LTC.N,1.992
2026-03-04,STWD.N,1.804
2026-03-04,UPS.N,7.05314
2026-03-04,NRG.N,9.1263
2026-03-04,MP.N,0.54875
2026-03-04,MO.N,5.61846
2026-03-04,FSLR.OQ,17.7479
2026-03-04,ESAB.N,5.82671
2026-03-05,MCD.N,13.25533
2026-03-05,TXRH.OQ,6.2871
2026-03-05,TFX.N,6.78214
2026-03-05,UPS.N,7.05029
2026-03-05,LENb.N,6.77292
2026-03-05,AMBQ.N,-1.637
2026-03-05,MP.N,0.41375
2026-03-05,PCRX.OQ,2.6134
2026-03-05,PRVA.OQ,0.3525
2026-03-05,CLMB.OQ,1.4025
2026-03-05,MO.N,5.61786
2026-03-05,PPL.N,1.9456
2026-03-06,APTV.N,8.39284
2026-03-06,STWD.N,1.79667
2026-03-06,ANIP.OQ,9.05857
2026-03-06,AMBQ.N,-1.6895
2026-03-06,PRVA.OQ,0.35227
2026-03-08,UPS.N,7.06082
2026-03-08,WMB.N,2.29875
2026-03-08,PCRX.OQ,2.67617
2026-03-09,PEN.N,5.05637
2026-03-09,CSW.N,9.73186
2026-03-09,PPL.N,1.94418
2026-03-09,AKTS.OQ,-3.026
2026-03-10,MP.N,0.37111
2026-03-10,CBRE.N,7.44964
2026-03-11,TEAM.OQ,4.75412
2026-03-11,TFX.N,6.73688
2026-03-11,STKL.OQ,0.21
2026-03-11,RRR.OQ,2.6764
2026-03-11,ASB.N,2.82056
2026-03-12,SKIN.OQ,-0.1125
2026-03-12,APTV.N,8.39021
2026-03-12,TEAM.OQ,4.75026
2026-03-12,ZUMZ.OQ,1.159
2026-03-12,MP.N,0.37
2026-03-12,CBRE.N,7.46836
2026-03-13,SKIN.OQ,-0.12375
2026-03-13,PEN.N,5.05339
2026-03-13,TEAM.OQ,4.75061
2026-03-13,TFX.N,6.71278
2026-03-13,STZ.N,11.62474
2026-03-13,ZUMZ.OQ,1.05733
2026-03-13,LENb.N,6.70792
2026-03-13,ANIP.OQ,9.04429
2026-03-15,DOX.OQ,7.464
2026-03-16,SKIN.OQ,-0.13714
2026-03-16,TEAM.OQ,4.75061
2026-03-16,STZ.N,11.6263
2026-03-16,UPS.N,7.05904
2026-03-16,LENb.N,6.44792
2026-03-16,PPL.N,1.94508
2026-03-17,MCD.N,13.25081
2026-03-17,PEN.N,5.05637
2026-03-17,TXRH.OQ,6.28838
2026-03-17,LENb.N,6.30042
2026-03-17,FSLR.OQ,17.69922
2026-03-17,PPL.N,1.94543
2026-03-18,LMND.N,-1.71067
2026-03-18,STZ.N,11.63078
2026-03-18,AXTA.N,2.63669
2026-03-18,ANIP.OQ,9.05375
2026-03-18,NRG.N,8.98391
2026-03-18,CLMB.OQ,1.46375
2026-03-19,LENb.N,6.25864
2026-03-19,PRVA.OQ,0.35292
2026-03-20,TEAM.OQ,4.75266
2026-03-20,AXTA.N,2.63681
2026-03-20,PPL.N,1.94757
2026-03-22,NRG.N,8.96942
2026-03-23,PEN.N,5.04672
2026-03-23,TFX.N,6.73688
2026-03-23,WMB.N,2.2967
2026-03-23,ASB.N,2.81811
2026-03-24,MCD.N,13.24769
2026-03-24,STZ.N,11.62035
2026-03-24,UPS.N,7.04114
2026-03-24,CBRE.N,7.46836
2026-03-24,FSLR.OQ,17.69812
2026-03-25,PCRX.OQ,2.67514
2026-03-25,PRVA.OQ,0.34908
2025-09-24,BAH.N,6.3835
2025-10-31,PACK.N,-0.38
2025-11-11,KELYA.OQ,1.7425
2025-11-13,GRND.N,0.47
2025-11-14,INVX.N,1.599
2025-11-15,ELVN.OQ,-1.72589
2025-12-02,BIPC.N,10.71
2025-12-16,ACEL.N,0.91633
2025-12-30,DBRG.N,0.45667
2025-12-30,DBRG.N,0.40167
2026-01-04,INVX.N,1.155
2026-01-08,XNCR.OQ,-1.83857
2026-01-09,AYI.N,19.77789
2026-01-14,FVR.N,-0.01
2026-01-14,FVR.N,-0.015
2026-01-20,MATX.N,12.005
2026-01-20,MATX.N,13.005
2026-01-20,NMRK.OQ,1.5895
2026-01-23,SYRE.OQ,-2.1278
2026-01-28,MRTN.OQ,0.278
2026-02-02,NBR.N,-6.9205
2026-02-03,PH.N,30.937
2026-02-03,CBNA.N,4.14333
2026-02-05,MCRI.OQ,5.8845
2026-02-05,DXC.N,3.17778
2026-02-05,LPX.N,2.62991
2026-02-05,BXP.N,2.01667
2026-02-06,MRCY.OQ,0.96778
2026-02-06,CHRD.OQ,9.52025
2026-02-07,RJF.N,12.10208
2026-02-07,CUBI.N,8.09588
2026-02-10,PIPR.N,4.85345
2026-02-10,PLTR.OQ,1.31054
2026-02-11,TKR.N,5.868
2026-02-11,ARI.N,0.845
2026-02-11,LSCC.OQ,1.56407
2026-02-11,LOW.N,12.26186
2026-02-11,CRMD.OQ,2.68043
2026-02-11,UNFI.N,2.17889
2026-02-11,RF.N,2.59791
2026-02-12,FIGR.OQ,0.75163
2026-02-12,NOW.N,4.1728
2026-02-12,BDX.N,12.49327
2026-02-12,MDU.N,0.9925
2026-02-12,CART.OQ,2.25265
2026-02-12,KRYS.OQ,6.48
2026-02-12,CXT.N,4.39367
2026-02-12,SAIC.OQ,10.05344
2026-02-12,UVV.N,4.17
2026-02-12,COIN.OQ,5.44233
2026-02-13,NBR.N,-6.5055
2026-02-13,CART.OQ,2.36583
2026-02-13,KELYA.OQ,1.20667
2026-02-13,CXT.N,4.402
2026-02-13,PLTR.OQ,1.31012
2026-02-13,COIN.OQ,4.496
2026-02-17,NBR.N,-5.9555
2026-02-17,BDX.N,12.44873
2026-02-17,ARI.N,-0.06333
2026-02-17,CART.OQ,2.40617
2026-02-17,KRYS.OQ,7.90222
2026-02-17,LOW.N,12.26436
2026-02-17,KELYA.OQ,1.05
2026-02-17,CXT.N,4.24283
2026-02-17,LPX.N,3.46582
2026-02-17,COIN.OQ,4.33279
2026-02-17,RF.N,2.60064
2026-02-18,FIGR.OQ,0.92625
2026-02-18,NBR.N,-5.975
2026-02-18,FIGR.OQ,0.73413
2026-02-18,KRYS.OQ,7.83222
2026-02-18,LOW.N,12.26329
2026-02-18,CXT.N,4.26817
2026-02-18,LPX.N,3.24246
2026-02-18,COIN.OQ,4.3015
2026-02-19,CART.OQ,2.43833
2026-02-19,SYRE.OQ,-2.82229
2026-02-19,LPX.N,3.18808
2026-02-19,COIN.OQ,3.515
2026-02-20,PH.N,30.95104
2026-02-20,TKR.N,5.863
2026-02-20,CXT.N,4.27317
2026-02-20,SYRE.OQ,-2.95479
2026-02-20,LPX.N,3.18725
2026-02-22,LOW.N,12.26221
2026-02-23,PH.N,30.9535
2026-02-23,NBR.N,-6.06533
2026-02-23,CART.OQ,2.43685
2026-02-23,SYRE.OQ,-2.94479
2026-02-23,LPX.N,3.17558
2026-02-23,COIN.OQ,3.52386
2026-02-24,NBR.N,-4.601
2026-02-24,MDU.N,0.994
2026-02-24,GRND.N,0.46
2026-02-24,KRYS.OQ,7.7175
2026-02-24,LOW.N,12.26364
2026-02-24,LPX.N,2.96882
2026-02-25,XNCR.OQ,-2.75585
2026-02-25,INVX.N,1.478
2026-02-25,MATX.N,11.95
2026-02-25,LOW.N,12.76855
2026-02-25,SYRE.OQ,-2.92515
2026-02-25,NMRK.OQ,1.59617
2026-02-25,CHRD.OQ,4.90631
2026-02-26,XNCR.OQ,-2.66646
2026-02-26,GRND.N,0.5675
2026-02-26,LOW.N,12.71209
2026-02-26,SYRE.OQ,-2.93609
2026-02-26,NMRK.OQ,1.60133
2026-02-26,PLTR.OQ,1.31358
2026-02-26,CHRD.OQ,4.87069
2026-02-27,PH.N,30.95225
2026-02-27,FIGR.OQ,0.9075
2026-02-27,GRND.N,0.552
2026-02-27,LOW.N,12.64338
2026-02-27,CHRD.OQ,4.92069
2026-03-01,NMRK.OQ,1.88167
2026-03-02,INVX.N,1.428
2026-03-02,LOW.N,12.60697
2026-03-03,NOW.N,4.17346
2026-03-03,ACEL.N,0.87475
2026-03-03,INVX.N,1.428
2026-03-03,ELVN.OQ,-1.94
2026-03-03,PLTR.OQ,1.31307
2026-03-03,AYI.N,19.75011
2026-03-03,CHRD.OQ,5.04631
2026-03-04,XNCR.OQ,-2.84309
2026-03-04,FIGR.OQ,0.92375
2026-03-04,ACEL.N,0.815
2026-03-04,GRND.N,0.55
2026-03-04,ELVN.OQ,-1.965
2026-03-04,CHRD.OQ,5.09069
2026-03-05,XNCR.OQ,-2.88582
2026-03-05,FIGR.OQ,0.83667
2026-03-05,CART.OQ,2.43685
2026-03-05,CRMD.OQ,0.94929
2026-03-05,PACK.N,-0.25
2026-03-05,CHRD.OQ,5.736
2026-03-05,COIN.OQ,3.4831
2026-03-06,CART.OQ,2.433
2026-03-06,CRMD.OQ,0.83071
2026-03-06,SAIC.OQ,10.09233
2026-03-06,PLTR.OQ,1.30261
2026-03-06,CHRD.OQ,6.06913
2026-03-06,COIN.OQ,3.41071
2026-03-06,CUBI.N,8.11567
2026-03-08,CHRD.OQ,6.68013
2026-03-09,COIN.OQ,3.40591
2026-03-10,NOW.N,4.17176
2026-03-10,ACEL.N,0.85
2026-03-10,LOW.N,12.60697
2026-03-10,ELVN.OQ,-2.072
2026-03-10,UNFI.N,2.40889
2026-03-11,UNFI.N,2.56556
2026-03-11,RF.N,2.59974
2026-03-12,CART.OQ,2.42919
2026-03-12,PIPR.N,4.85545
2026-03-12,NMRK.OQ,1.88833
2026-03-12,CUBI.N,8.1338
2026-03-13,NOW.N,4.17149
2026-03-13,SYRE.OQ,-2.91292
2026-03-13,CHRD.OQ,6.69863
2026-03-15,PLTR.OQ,1.31368
2026-03-15,CHRD.OQ,7.18738
2026-03-16,SYRE.OQ,-2.92192
2026-03-16,SAIC.OQ,9.58322
2026-03-16,NMRK.OQ,1.88733
2026-03-17,TKR.N,5.85964
2026-03-17,SAIC.OQ,9.59767
2026-03-18,FVR.N,-0.1
2026-03-18,UNFI.N,2.574
2026-03-19,AYI.N,19.76156
2026-03-19,BXP.N,1.96833
2026-03-23,BDX.N,12.45717
2026-03-23,SAIC.OQ,9.62
2026-03-23,CHRD.OQ,7.72753
2026-03-23,RF.N,2.59939
2026-03-24,XNCR.OQ,-2.91283
2026-03-24,PIPR.N,4.82244
2026-03-24,KRYS.OQ,7.6025
2026-03-24,COIN.OQ,3.417
2026-03-25,ELVN.OQ,-2.105
2026-03-25,AYI.N,19.71933
2025-09-15,PLNT.N,2.94271
2025-11-11,SCL.N,3.515
2025-11-11,SCL.N,2.245
2025-11-11,DSP.OQ,0.15444
2025-11-11,RCMT.OQ,2.315
2025-11-12,SD.N,1.69
2025-11-12,SD.N,1.51
2025-11-14,ABEO.OQ,1.232
2025-11-14,ZSPC.OQ,-0.95
2025-12-15,ELAN.N,0.9375
2025-12-15,NECB.OQ,3.39
2025-12-19,AMN.N,1.40778
2026-01-05,IMXI.OQ,1.7866
2026-01-05,IMXI.OQ,1.88
2026-01-06,GATX.N,8.753
2026-01-09,INDV.OQ,2.33286
2026-01-12,OEC.N,0.772
2026-01-14,KEYS.N,8.09862
2026-01-20,CDNL.OQ,0.69
2026-01-22,ARCT.OQ,-2.0635
2026-01-23,FLR.N,2.1981
2026-01-23,POOL.OQ,10.925
2026-01-26,CBZ.N,3.84667
2026-01-26,NCMI.OQ,-0.1625
2026-01-26,CBZ.N,3.61
2026-01-27,ESQ.OQ,6.38
2026-01-30,ACRS.OQ,-0.58375
2026-01-30,HIW.N,0.94667
2026-02-02,AMLX.OQ,-1.53363
2026-02-02,EIX.N,6.12762
2026-02-02,SNDR.N,0.85175
2026-02-02,TRGP.N,8.52343
2026-02-03,KBH.N,4.31417
2026-02-03,HTBK.OQ,0.88075
2026-02-04,LNG.N,16.71947
2026-02-04,TOWN.OQ,3.50875
2026-02-05,NFBK.OQ,1.35
2026-02-06,MOGa.N,10.26
2026-02-09,FRMI.OQ,-0.0782
2026-02-09,CNOB.OQ,3.2166
2026-02-09,KLAC.OQ,36.45733
2026-02-10,AWK.N,6.11213
2026-02-10,TTWO.OQ,3.91875
2026-02-10,AWK.N,5.72125
2026-02-10,NWFL.OQ,2.83
2026-02-10,UPWK.OQ,1.43263
2026-02-11,ACNB.OQ,5.14
2026-02-12,YELP.N,2.8475
2026-02-12,UTZ.N,0.8546
2026-02-12,NTST.N,0.33125
2026-02-12,IFF.N,4.45088
2026-02-12,SPT.OQ,0.78336
2026-02-12,RNR.N,37.52277
2026-02-12,LNC.N,8.03514
2026-02-13,YELP.N,2.52375
2026-02-13,UTZ.N,0.8052
2026-02-13,NTST.N,0.32125
2026-02-13,IFF.N,4.42275
2026-02-13,LNC.N,8.043
2026-02-16,IFF.N,4.42877
2026-02-16,UPWK.OQ,1.443
2026-02-16,LNC.N,8.06029
2026-02-17,OEC.N,0.75
2026-02-17,FLR.N,2.4388
2026-02-17,YELP.N,2.16
2026-02-17,UTZ.N,0.7952
2026-02-17,NTST.N,0.29556
2026-02-17,CMRE.N,2.72
2026-02-17,RNR.N,37.80031
2026-02-18,OEC.N,0.725
2026-02-18,FLR.N,2.6364
2026-02-18,EIX.N,6.118
2026-02-18,KEYS.N,8.11015
2026-02-18,HIW.N,0.64333
2026-02-18,CDNL.OQ,1.03667
2026-02-18,LNC.N,8.05314
2026-02-19,FLR.N,2.6714
2026-02-19,YELP.N,2.05714
2026-02-19,UTZ.N,0.78356
2026-02-19,AMLX.OQ,-1.54878
2026-02-19,EIX.N,6.10333
2026-02-19,POOL.OQ,11.25186
2026-02-19,AWK.N,6.10838
2026-02-19,KEYS.N,8.11246
2026-02-19,GATX.N,10.0375
2026-02-19,TRGP.N,9.96106
2026-02-19,AMN.N,0.85778
2026-02-19,LNC.N,8.05067
2026-02-20,OEC.N,0.5
2026-02-20,POOL.OQ,11.16757
2026-02-20,AWK.N,6.10188
2026-02-20,TRGP.N,9.92559
2026-02-20,AMN.N,2.02
2026-02-23,OEC.N,0.21667
2026-02-23,FLR.N,2.7014
2026-02-23,ABEO.OQ,1.24833
2026-02-23,INDV.OQ,2.35286
2026-02-23,UTZ.N,0.77244
2026-02-23,POOL.OQ,11.05543
2026-02-23,HTBK.OQ,0.98667
2026-02-23,AWK.N,6.10389
2026-02-23,KEYS.N,8.456
2026-02-23,TRGP.N,9.98588
2026-02-23,LNC.N,8.05754
2026-02-24,PLNT.N,3.47813
2026-02-24,FLR.N,2.745
2026-02-24,SCL.N,3.32
2026-02-24,FRMI.OQ,-0.2342
2026-02-24,NCMI.OQ,-0.1675
2026-02-24,LNG.N,16.75013
2026-02-24,ELAN.N,1.0275
2026-02-24,KEYS.N,8.72492
2026-02-24,NWFL.OQ,3.165
2026-02-24,GATX.N,10.00825
2026-02-24,TRGP.N,9.97853
2026-02-24,LNC.N,8.05369
2026-02-25,PLNT.N,3.44581
2026-02-25,EIX.N,6.127
2026-02-25,ELAN.N,1.02756
2026-02-25,AWK.N,6.0936
2026-02-25,KEYS.N,8.78508
2026-02-25,TRGP.N,9.99912
2026-02-25,RNR.N,37.7825
2026-02-26,PLNT.N,3.41519
2026-02-26,INDV.OQ,3.01857
2026-02-26,ACRS.OQ,-0.62863
2026-02-26,NCMI.OQ,0.09667
2026-02-26,LNG.N,14.26915
2026-02-26,ELAN.N,1.02944
2026-02-26,KEYS.N,8.86192
2026-02-26,TRGP.N,10.01722
2026-02-26,CBZ.N,3.78
2026-02-26,SPT.OQ,0.91573
2026-02-27,INDV.OQ,3.02143
2026-02-27,ACRS.OQ,-0.64363
2026-02-27,NCMI.OQ,0.06667
2026-02-27,POOL.OQ,11.01971
2026-02-27,LNG.N,14.49147
2026-02-27,ELAN.N,1.03131
2026-02-27,IFF.N,4.43529
2026-02-27,SPT.OQ,0.92736
2026-03-02,SCL.N,2.825
2026-03-02,AMLX.OQ,-1.5519
2026-03-02,KLAC.OQ,36.49363
2026-03-02,LNG.N,14.53811
2026-03-02,TRGP.N,10.07046
2026-03-02,SPT.OQ,0.91373
2026-03-02,RNR.N,37.88964
2026-03-03,PLNT.N,3.4062
2026-03-03,INDV.OQ,3.03143
2026-03-03,AMLX.OQ,-1.40556
2026-03-03,NTST.N,0.28778
2026-03-03,TTWO.OQ,3.91786
2026-03-03,LNG.N,14.56258
2026-03-03,KBH.N,4.28539
2026-03-03,ELAN.N,1.03162
2026-03-03,ARCT.OQ,-4.27178
2026-03-03,TRGP.N,10.07792
2026-03-04,AMLX.OQ,-1.37889
2026-03-04,TTWO.OQ,3.92071
2026-03-04,KLAC.OQ,36.51067
2026-03-04,LNG.N,14.54626
2026-03-04,ELAN.N,1.03293
2026-03-04,ARCT.OQ,-4.476
2026-03-04,TRGP.N,10.11958
2026-03-04,RNR.N,37.89464
2026-03-05,INDV.OQ,3.05167
2026-03-05,EIX.N,6.12692
2026-03-05,LNG.N,14.1529
2026-03-05,KBH.N,4.23539
2026-03-06,LNG.N,14.22627
2026-03-06,ELAN.N,1.03153
2026-03-06,IFF.N,4.43407
2026-03-07,LNG.N,14.14658
2026-03-08,AWK.N,6.09633
2026-03-08,LNC.N,8.05046
2026-03-09,ABEO.OQ,1.20167
2026-03-09,INDV.OQ,3.05333
2026-03-09,IMXI.OQ,1.848
2026-03-09,NTST.N,0.30625
2026-03-10,PLNT.N,3.40394
2026-03-10,ABEO.OQ,1.20333
2026-03-10,IMXI.OQ,1.736
2026-03-10,KLAC.OQ,36.51956
2026-03-10,TRGP.N,10.14808
2026-03-10,RNR.N,37.88393
2026-03-10,LNC.N,8.05354
2026-03-11,PLNT.N,3.40253
2026-03-11,DSP.OQ,0.299
2026-03-11,IMXI.OQ,1.52667
2026-03-11,SD.N,1.55
2026-03-11,KLAC.OQ,36.51215
2026-03-11,LNG.N,14.16454
2026-03-12,DSP.OQ,0.326
2026-03-12,KLAC.OQ,36.56511
2026-03-13,PLNT.N,3.37831
2026-03-13,KLAC.OQ,36.56585
2026-03-13,AWK.N,6.09971
2026-03-13,ESQ.OQ,6.48
2026-03-16,ACRS.OQ,-0.64238
2026-03-17,ABEO.OQ,-0.68571
2026-03-17,EIX.N,6.12143
2026-03-17,ARCT.OQ,-4.48546
2026-03-18,PLNT.N,3.37253
2026-03-18,ABEO.OQ,-0.78429
2026-03-18,INDV.OQ,3.08667
2026-03-18,EIX.N,6.11933
2026-03-18,AWK.N,6.09475
2026-03-19,ABEO.OQ,-0.80857
2026-03-19,ACRS.OQ,-0.63738
2026-03-19,LNG.N,14.52454
2026-03-19,CDNL.OQ,1.59667
2026-03-20,LNG.N,14.56069
2026-03-23,LNG.N,14.70454
2026-03-23,TRGP.N,10.10271
2026-03-23,RNR.N,37.91914
2026-03-24,KBH.N,4.046
2026-03-24,TRGP.N,10.08853
2026-03-25,KBH.N,3.87093
2026-03-25,CDNL.OQ,1.54
2025-08-27,NVGS.N,1.3675
2025-10-29,CTO.N,-0.73
2025-11-06,BTMD.OQ,0.71
2025-11-07,MD.N,2.08414
2025-11-10,EVER.OQ,1.46625
2025-12-05,KULR.A,-0.65
2025-12-12,INMB.OQ,-1.92
2025-12-22,SLDP.OQ,-0.51
2025-12-22,SLDP.OQ,-0.52
2025-12-29,ADEA.OQ,1.44125
2025-12-29,ADEA.OQ,1.41325
2026-01-02,WLDN.OQ,4.135
2026-01-02,WLDN.OQ,4.42
2026-01-06,TRS.OQ,1.196
2026-01-06,TRS.OQ,1.685
2026-01-07,AVR.OQ,-2.36
2026-01-08,MORN.OQ,10.82733
2026-01-12,INN.N,-0.19
2026-01-12,INN.N,-0.245
2026-01-16,ALLE.N,8.18242
2026-01-20,CALM.OQ,8.12
2026-01-20,PSMT.OQ,5.38333
2026-01-21,AEVA.OQ,-1.8025
2026-01-21,TOI.OQ,-0.5875
2026-01-22,DCOM.OQ,3.479
2026-01-23,AVR.OQ,-1.2
2026-01-26,AU.N,5.70633
2026-01-29,TALK.OQ,0.05113
2026-01-29,LFUS.OQ,12.901
2026-01-30,POR.N,3.20339
2026-02-02,TBBK.OQ,5.9
2026-02-02,FMNB.OQ,1.6075
2026-02-02,ENVA.N,15.76817
2026-02-03,AU.N,9.3486
2026-02-03,CTO.N,0.165
2026-02-05,KLIC.OQ,2.62267
2026-02-06,CHD.N,3.777
2026-02-08,SKY.N,3.7825
2026-02-09,KMI.N,1.36811
2026-02-10,RIG.N,0.12543
2026-02-10,ADPT.OQ,-0.485
2026-02-10,AVY.N,10.15244
2026-02-10,DOCS.N,1.54595
2026-02-10,LHX.N,11.62594
2026-02-10,ENTA.OQ,-2.67786
2026-02-11,VAL.N,3.57778
2026-02-11,ALAB.OQ,2.43416
2026-02-12,AIP.OQ,-0.1375
2026-02-12,MDT.N,5.6479
2026-02-12,SHBI.OQ,1.961
2026-02-12,VLTO.N,4.19226
2026-02-12,Z.OQ,2.2125
2026-02-12,KYMR.OQ,-3.51276
2026-02-13,AIP.OQ,-0.165
2026-02-13,VLTO.N,4.192
2026-02-13,MORN.OQ,11.12733
2026-02-13,CHD.N,3.77277
2026-02-17,POR.N,3.4055
2026-02-17,MDT.N,5.64584
2026-02-17,ALLE.N,8.83292
2026-02-17,ENTA.OQ,-2.48267
2026-02-18,VAL.N,3.24378
2026-02-18,RIG.N,0.15436
2026-02-18,POR.N,3.40883
2026-02-18,VAL.N,3.67389
2026-02-18,MDT.N,5.64584
2026-02-18,ALLE.N,8.82433
2026-02-19,MD.N,2.18414
2026-02-19,POR.N,3.41529
2026-02-19,MDT.N,5.64553
2026-02-19,TALK.OQ,0.12913
2026-02-19,MORN.OQ,11.365
2026-02-20,MD.N,2.23986
2026-02-20,MDT.N,5.63857
2026-02-20,TALK.OQ,0.1325
2026-02-20,ALLE.N,8.81183
2026-02-20,KMI.N,1.36461
2026-02-20,CHD.N,3.77541
2026-02-22,KMI.N,1.36628
2026-02-23,RIG.N,0.158
2026-02-23,POR.N,3.41886
2026-02-23,VAL.N,3.24489
2026-02-23,CTO.N,0.14667
2026-02-23,ALLE.N,8.80167
2026-02-23,EVER.OQ,1.815
2026-02-23,ENTA.OQ,-2.37267
2026-02-23,CHD.N,3.77529
2026-02-24,MD.N,2.23414
2026-02-24,POR.N,3.4244
2026-02-24,AU.N,9.8346
2026-02-24,CTO.N,0.13667
2026-02-24,EVER.OQ,1.92625
2026-02-24,ADEA.OQ,1.3765
2026-02-25,SLDP.OQ,-0.55
2026-02-25,VLTO.N,4.19779
2026-02-25,KYMR.OQ,-3.5061
2026-02-25,LHX.N,11.59653
2026-02-26,AEVA.OQ,-1.786
2026-02-26,MDT.N,5.63904
2026-02-26,TALK.OQ,0.13571
2026-02-26,KYMR.OQ,-3.73619
2026-02-26,LHX.N,11.59888
2026-02-27,RIG.N,0.15709
2026-02-27,WLDN.OQ,4.58
2026-02-27,AEVA.OQ,-1.744
2026-02-27,AU.N,10.29
2026-02-27,TRS.OQ,1.373
2026-02-27,KYMR.OQ,-3.76267
2026-03-01,MDT.N,5.63908
2026-03-02,TRS.OQ,1.5715
2026-03-02,KYMR.OQ,-3.7011
2026-03-02,EVER.OQ,1.93571
2026-03-02,LHX.N,11.59672
2026-03-02,ENTA.OQ,-2.22267
2026-03-02,KMI.N,1.36572
2026-03-03,CALM.OQ,7.836
2026-03-03,FMNB.OQ,1.63833
2026-03-03,KYMR.OQ,-3.71776
2026-03-03,KMI.N,1.37294
2026-03-04,RIG.N,0.16467
2026-03-04,VAL.N,3.2873
2026-03-04,ALAB.OQ,2.44595
2026-03-04,INN.N,-0.16
2026-03-04,KMI.N,1.37239
2026-03-05,NVGS.N,1.84475
2026-03-05,KYMR.OQ,-3.76647
2026-03-05,ENVA.N,15.82483
2026-03-07,AVR.OQ,-1.274
2026-03-09,MDT.N,5.63912
2026-03-10,ADEA.OQ,1.41625
2026-03-11,BTMD.OQ,0.2975
2026-03-11,Z.OQ,2.21625
2026-03-11,KMI.N,1.37839
2026-03-11,AVR.OQ,-1.198
2026-03-12,NVGS.N,1.81225
2026-03-12,MDT.N,5.63952
2026-03-12,TOI.OQ,-0.2925
2026-03-12,TBBK.OQ,5.915
2026-03-12,BTMD.OQ,0.295
2026-03-12,KMI.N,1.3795
2026-03-12,AVR.OQ,-1.1544
2026-03-13,NVGS.N,1.7485
2026-03-13,MDT.N,5.63504
2026-03-13,TOI.OQ,-0.28
2026-03-14,POR.N,3.42491
2026-03-15,NVGS.N,1.73238
2026-03-15,KYMR.OQ,-3.80226
2026-03-15,ENTA.OQ,-2.036
2026-03-16,SLDP.OQ,-0.535
2026-03-16,KMI.N,1.38006
2026-03-16,AVR.OQ,-1.2105
2026-03-16,ADEA.OQ,1.43625
2026-03-17,CALM.OQ,7.784
2026-03-17,DOCS.N,1.54595
2026-03-17,KMI.N,1.38183
2026-03-17,CHD.N,3.76611
2026-03-18,CALM.OQ,7.89
2026-03-18,NVGS.N,1.72817
2026-03-18,MDT.N,5.63356
2026-03-19,AU.N,10.25
2026-03-20,NVGS.N,1.70817
2026-03-20,AVR.OQ,-1.2105
2026-03-23,AU.N,10.26733
2026-03-23,MDT.N,5.63331
2026-03-23,KMI.N,1.38539
2026-03-23,CHD.N,3.76326
2026-03-24,MDT.N,5.63023
2026-03-24,KYMR.OQ,-3.77965
2026-03-25,LHX.N,11.59339
2025-11-05,HCKT.OQ,1.54
2025-11-07,SEMR.N,0.29667
2025-11-07,SEMR.N,0.41833
2025-11-10,ASTE.OQ,3.07
2025-11-14,TRAK.N,0.39
2025-11-19,SVCO.OQ,-0.4144
2025-11-24,CTOS.N,-0.16
2025-12-02,ICFI.OQ,6.764
2025-12-04,TSHA.OQ,-0.36162
2025-12-18,HCKT.OQ,1.69333
2025-12-19,RH.N,7.085
2025-12-22,LINE.OQ,-0.64667
2026-01-05,MEC.N,-0.3575
2026-01-06,DNOW.N,0.855
2026-01-06,DNOW.N,1.0575
2026-01-08,AGL.N,-0.78475
2026-01-09,LBRX.OQ,-3.6375
2026-01-11,PK.N,-0.38
2026-01-20,GTLS.N,10.33857
2026-01-23,CVGW.OQ,1.55
2026-01-26,TNDM.OQ,-1.5742
2026-01-27,NUVB.N,-0.5789
2026-01-29,TTEK.OQ,1.51557
2026-01-30,KMB.OQ,7.58143
2026-01-30,GKOS.N,-0.81613
2026-02-02,ALHC.OQ,-0.1025
2026-02-02,UNTY.OQ,5.825
2026-02-02,FLOC.N,1.4625
2026-02-02,ELDN.OQ,-0.67333
2026-02-05,DASH.OQ,2.24064
2026-02-06,KGS.N,1.19017
2026-02-06,FIX.N,26.268
2026-02-06,LOAR.N,0.9756
2026-02-06,QNST.OQ,1.274
2026-02-06,ELDN.OQ,-0.875
2026-02-09,FIX.N,30.93444
2026-02-09,PK.N,0.16667
2026-02-10,KGS.N,2.29144
2026-02-10,MA.N,19.59335
2026-02-10,SOFI.OQ,0.60547
2026-02-10,UDR.N,0.56556
2026-02-10,PODD.OQ,4.8325
2026-02-11,EFX.N,8.65685
2026-02-11,SPOT.N,15.1463689670726
2026-02-11,FOX.OQ,4.63562
2026-02-11,ONB.OQ,2.61033
2026-02-11,FND.N,1.90287
2026-02-12,AMCX.OQ,1.82333
2026-02-12,MRK.N,5.1218
2026-02-12,GNRC.N,8.37245
2026-02-12,EXPE.OQ,17.96858
2026-02-12,ALNY.OQ,6.86741
2026-02-12,RBC.N,12.16833
2026-02-12,OCUL.OQ,-1.36492
2026-02-12,KIM.N,0.757
2026-02-13,MRK.N,5.12267
2026-02-13,MA.N,19.59326
2026-02-13,EFX.N,8.66391
2026-02-13,GNRC.N,8.4226
2026-02-13,EXPE.OQ,18.85019
2026-02-13,ALNY.OQ,7.11665
2026-02-13,KIM.N,0.76
2026-02-13,FND.N,1.902
2026-02-16,KMB.OQ,7.57933
2026-02-16,FND.N,1.90157
2026-02-17,GKOS.N,-0.3762
2026-02-17,MA.N,19.594
2026-02-17,SOFI.OQ,0.60461
2026-02-17,EFX.N,8.65057
2026-02-17,SPOT.N,15.4243009707587
2026-02-17,GNRC.N,8.44906
2026-02-17,EXPE.OQ,19.00653
2026-02-17,ALNY.OQ,6.84454
2026-02-17,RBC.N,12.15857
2026-02-17,OCUL.OQ,-1.33446
2026-02-18,DASH.OQ,3.11277
2026-02-18,GKOS.N,-0.42193
2026-02-18,TRAK.N,0.36
2026-02-18,HCKT.OQ,1.65333
2026-02-18,PODD.OQ,6.30516
2026-02-18,ALNY.OQ,6.86316
2026-02-19,TNDM.OQ,-0.91271
2026-02-19,DASH.OQ,2.80067
2026-02-19,GKOS.N,-0.51727
2026-02-19,MRK.N,5.12322
2026-02-19,UDR.N,0.54111
2026-02-19,FOX.OQ,4.64379
2026-02-19,PODD.OQ,6.34516
2026-02-19,EXPE.OQ,19.20804
2026-02-19,ALNY.OQ,6.85952
2026-02-19,KIM.N,0.765
2026-02-19,FND.N,2.05596
2026-02-20,TNDM.OQ,-0.76952
2026-02-20,FIX.N,32.93333
2026-02-20,DASH.OQ,2.72067
2026-02-20,GTLS.N,10.17833
2026-02-20,UDR.N,0.56333
2026-02-20,ALNY.OQ,6.85714
2026-02-20,PK.N,0.17167
2026-02-20,NUVB.N,-0.5779
2026-02-20,FND.N,2.04717
2026-02-22,EXPE.OQ,19.24735
2026-02-22,PK.N,0.2
2026-02-23,TNDM.OQ,-0.76291
2026-02-23,FIX.N,35.35256
2026-02-23,DASH.OQ,2.70178
2026-02-23,EFX.N,8.65473
2026-02-23,SPOT.N,15.3231166260119
2026-02-23,GNRC.N,8.45442
2026-02-23,DNOW.N,0.8425
2026-02-23,ALNY.OQ,6.99429
2026-02-23,FND.N,2.07135
2026-02-24,MEC.N,0.0652
2026-02-24,TNDM.OQ,-0.74872
2026-02-24,FIX.N,36.097
2026-02-24,GKOS.N,-0.55779
2026-02-24,MRK.N,5.12558
2026-02-24,EFX.N,8.64887
2026-02-24,PODD.OQ,6.35424
2026-02-24,MEC.N,-0.375
2026-02-24,FND.N,2.0757
2026-02-25,GTLS.N,12.58255
2026-02-25,DASH.OQ,2.6328
2026-02-25,CVGW.OQ,1.505
2026-02-25,AGL.N,-0.40129
2026-02-25,LINE.OQ,-0.722
2026-02-25,ASTE.OQ,3.55
2026-02-25,GTLS.N,9.934
2026-02-26,KGS.N,2.29033
2026-02-26,ALHC.OQ,0.114
2026-02-26,FIX.N,36.76038
2026-02-26,LOAR.N,0.9776
2026-02-26,AGL.N,-0.30507
2026-02-26,ASTE.OQ,3.79
2026-02-26,SOFI.OQ,0.60437
2026-02-26,ICFI.OQ,7.108
2026-02-26,FOX.OQ,4.64023
2026-02-26,FLOC.N,1.37914
2026-02-27,KGS.N,2.3373
2026-02-27,ALHC.OQ,0.1171
2026-02-27,DASH.OQ,2.62239
2026-02-27,AGL.N,-0.29007
2026-02-27,MRK.N,5.124
2026-02-27,MA.N,19.59389
2026-02-27,ICFI.OQ,7.074
2026-02-27,DNOW.N,0.78
2026-02-27,FLOC.N,1.35914
2026-03-01,TNDM.OQ,-0.74879
2026-03-01,MA.N,19.59428
2026-03-02,KGS.N,2.3668
2026-03-02,ALHC.OQ,0.1281
2026-03-02,DASH.OQ,2.63731
2026-03-02,LOAR.N,0.7938
2026-03-02,MRK.N,5.12746
2026-03-02,ICFI.OQ,7.048
2026-03-02,EFX.N,8.64267
2026-03-02,OCUL.OQ,-1.34062
2026-03-02,NUVB.N,-0.4897
2026-03-03,AGL.N,-0.26757
2026-03-03,GTLS.N,12.27709
2026-03-03,SEMR.N,0.41667
2026-03-03,NUVB.N,-0.4981
2026-03-04,DASH.OQ,2.69891
2026-03-04,AGL.N,-0.22873
2026-03-04,LINE.OQ,-0.73
2026-03-04,MA.N,19.59783
2026-03-04,ICFI.OQ,7.026
2026-03-04,KIM.N,0.773
2026-03-05,KGS.N,2.353
2026-03-05,ALHC.OQ,0.13122
2026-03-05,DASH.OQ,2.70012
2026-03-05,MA.N,19.59428
2026-03-05,FLOC.N,1.256
2026-03-05,MEC.N,-0.1906
2026-03-06,NUVB.N,-0.5031
2026-03-07,KIM.N,0.775
2026-03-08,KMB.OQ,7.578
2026-03-08,MEC.N,-0.2486
2026-03-09,NUVB.N,-0.42011
2026-03-10,DASH.OQ,2.70869
2026-03-10,CTOS.N,0.03167
2026-03-10,UDR.N,0.54
2026-03-10,KIM.N,0.778
2026-03-10,FND.N,2.07491
2026-03-11,CTOS.N,0.03667
2026-03-11,PK.N,0.30333
2026-03-12,SVCO.OQ,-0.0172
2026-03-12,ALHC.OQ,0.1311
2026-03-12,GNRC.N,8.47305
2026-03-13,SVCO.OQ,0.01833
2026-03-13,GKOS.N,-0.5524
2026-03-13,AGL.N,-0.2305
2026-03-13,MA.N,19.595
2026-03-13,UDR.N,0.54222
2026-03-13,NUVB.N,-0.429
2026-03-15,CTOS.N,0.045
2026-03-16,SVCO.OQ,0.05833
2026-03-16,LOAR.N,0.79725
2026-03-16,CVGW.OQ,1.41
2026-03-16,ASTE.OQ,3.74333
2026-03-16,EXPE.OQ,19.16041
2026-03-17,SVCO.OQ,0.0436
2026-03-17,RH.N,7.08088
2026-03-17,GKOS.N,-0.5644
2026-03-17,MA.N,19.59514
2026-03-17,SEMR.N,0.4
2026-03-17,QNST.OQ,1.26833
2026-03-17,FLOC.N,1.293
2026-03-18,KGS.N,2.354
2026-03-18,TNDM.OQ,-0.74826
2026-03-18,MRK.N,5.1275
2026-03-18,SOFI.OQ,0.60338
2026-03-18,EFX.N,8.64725
2026-03-18,NUVB.N,-0.44156
2026-03-19,MRK.N,5.13285
2026-03-19,TSHA.OQ,-0.41715
2026-03-19,MA.N,19.59764
2026-03-19,EFX.N,8.6485
2026-03-19,FOX.OQ,4.64254
2026-03-19,NUVB.N,-0.4894
2026-03-19,KIM.N,0.78
2026-03-20,TSHA.OQ,-0.41
2026-03-20,GNRC.N,8.4819
2026-03-20,ELDN.OQ,-0.938
2026-03-22,DASH.OQ,2.6965
2026-03-23,TNDM.OQ,-0.74817
2026-03-23,DNOW.N,0.74
2026-03-24,MRK.N,5.13273
2026-03-24,SOFI.OQ,0.60291
2026-03-24,ALNY.OQ,6.99
2026-03-25,GKOS.N,-0.57043
2026-03-25,AGL.N,-0.23117
2026-03-25,GTLS.N,12.14527
2026-03-25,MRK.N,5.13312
2026-03-25,PODD.OQ,6.3565
2026-03-25,GNRC.N,8.4459
2026-03-25,ALNY.OQ,7.01
2025-09-23,AA.N,2.65444
2025-11-07,ULH.OQ,0.92
2025-11-07,ULH.OQ,-0.04
2025-11-12,BRCB.OQ,-0.205
2025-11-14,DOLE.N,1.24675
2025-12-08,BTBT.OQ,0.2525
2025-12-16,GWRE.N,2.95293
2025-12-18,SEAT.OQ,-23.5275
2026-01-05,DERM.OQ,-0.48
2026-01-06,SPIR.N,1.768
2026-01-08,SNDA.N,-3.63
2026-01-08,SNDA.N,-3.74
2026-01-12,LXU.N,0.405
2026-01-12,LXU.N,0.43
2026-01-12,WEAV.N,0.0864
2026-01-13,LQDA.OQ,-0.76144
2026-01-14,MDLN.OQ,1.19946
2026-01-16,EVEX.N,-0.66125
2026-01-23,HIMS.N,0.46923
2026-01-23,VTOL.N,4.71
2026-01-25,LGN.OQ,-0.26143
2026-01-26,YETI.N,2.45041
2026-01-28,PEG.N,4.0412
2026-01-29,BRO.N,4.51606
2026-01-30,MIRM.OQ,-0.272
2026-02-02,CIVB.OQ,2.608
2026-02-02,AXSM.OQ,-3.70106
2026-02-05,CLFD.OQ,0.54
2026-02-06,NSIT.OQ,10.7725
2026-02-06,VRTS.N,25.065
2026-02-08,HLI.N,7.91444
2026-02-09,RMR.OQ,0.775
2026-02-09,JJSF.OQ,4.364
2026-02-09,MWA.N,1.445
2026-02-10,NVT.N,4.13362
2026-02-10,CCNE.OQ,3.4995
2026-02-10,CMG.N,1.13682
2026-02-11,AAP.N,1.79637
2026-02-11,BG.N,8.04975
2026-02-11,JHX.N,1.09157
2026-02-11,MTDR.N,5.727
2026-02-11,ALGN.OQ,11.27987
2026-02-12,CW.N,14.79767
2026-02-12,CRSP.OQ,-4.34144
2026-02-12,CG.OQ,4.62413
2026-02-12,UDMY.OQ,0.5
2026-02-12,JCI.N,4.75267
2026-02-12,BE.N,1.39405
2026-02-12,FVCB.OQ,1.43
2026-02-13,CW.N,14.94311
2026-02-13,AAP.N,2.64228
2026-02-13,CRSP.OQ,-4.63204
2026-02-13,CG.OQ,4.61517
2026-02-13,VRTS.N,24.93667
2026-02-15,HIMS.N,0.475
2026-02-16,WEAV.N,0.08775
2026-02-16,NSIT.OQ,10.6546
2026-02-17,VTOL.N,5.17
2026-02-17,CW.N,14.98422
2026-02-17,AAP.N,2.71108
2026-02-17,CRSP.OQ,-4.73746
2026-02-17,YETI.N,2.44982
2026-02-17,VTOL.N,4.6
2026-02-18,CW.N,15.01975
2026-02-18,AAP.N,2.72504
2026-02-18,NVT.N,4.07746
2026-02-18,AXSM.OQ,-3.7025
2026-02-18,MDLN.OQ,1.20426
2026-02-19,AAP.N,2.73404
2026-02-19,CRSP.OQ,-4.91223
2026-02-19,CIVB.OQ,2.60667
2026-02-19,YETI.N,2.80482
2026-02-19,WEAV.N,0.14325
2026-02-19,AXSM.OQ,-3.70083
2026-02-20,DOLE.N,1.2465
2026-02-20,AAP.N,2.768
2026-02-20,CG.OQ,4.63477
2026-02-20,YETI.N,2.82777
2026-02-20,UDMY.OQ,0.5
2026-02-20,CCNE.OQ,3.483
2026-02-20,JCI.N,4.75253
2026-02-23,AAP.N,2.75939
2026-02-23,CG.OQ,4.63443
2026-02-23,HIMS.N,0.62923
2026-02-23,RMR.OQ,0.75
2026-02-23,AXSM.OQ,-0.16326
2026-02-23,MTDR.N,5.697
2026-02-24,AAP.N,2.76765
2026-02-24,HIMS.N,0.55154
2026-02-24,YETI.N,2.83082
2026-02-24,NVT.N,4.07975
2026-02-24,AXSM.OQ,-0.46379
2026-02-24,MTDR.N,4.53705
2026-02-24,BE.N,1.3797
2026-02-25,DOLE.N,1.4998
2026-02-25,MIRM.OQ,-1.0315
2026-02-25,AXSM.OQ,-0.66853
2026-02-25,MDLN.OQ,1.46862
2026-02-25,MTDR.N,4.56179
2026-02-25,ALGN.OQ,11.29406
2026-02-26,DOLE.N,1.4758
2026-02-26,AAP.N,2.77483
2026-02-26,CG.OQ,4.63229
2026-02-26,MIRM.OQ,-1.3675
2026-02-26,YETI.N,2.8236
2026-02-26,MDLN.OQ,1.46439
2026-02-26,PEG.N,4.38442
2026-02-26,VTOL.N,5.202
2026-02-26,MTDR.N,4.61442
2026-02-26,BRO.N,4.51669
2026-02-27,CRSP.OQ,-4.92213
2026-02-27,CG.OQ,4.623
2026-02-27,YETI.N,2.82338
2026-02-27,MDLN.OQ,1.46285
2026-02-27,SEAT.OQ,-22.364
2026-02-27,PEG.N,4.37337
2026-02-27,MTDR.N,4.58179
2026-03-01,AXSM.OQ,-0.66905
2026-03-02,CG.OQ,4.60086
2026-03-02,GWRE.N,2.95427
2026-03-02,HIMS.N,0.54167
2026-03-02,MDLN.OQ,1.46631
2026-03-02,PEG.N,4.36863
2026-03-02,VTOL.N,5.12
2026-03-03,BG.N,8.04989
2026-03-03,MDLN.OQ,1.46576
2026-03-03,PEG.N,4.3602
2026-03-03,MTDR.N,4.43985
2026-03-03,BRCB.OQ,0.22429
2026-03-03,FVCB.OQ,1.425
2026-03-04,EVEX.N,-0.64
2026-03-04,DOLE.N,1.42975
2026-03-04,EVEX.N,-0.6575
2026-03-04,MIRM.OQ,-1.59167
2026-03-04,LXU.N,0.53
2026-03-04,MDLN.OQ,1.46625
2026-03-04,PEG.N,4.36109
2026-03-04,VTOL.N,4.8075
2026-03-04,BRCB.OQ,0.25286
2026-03-04,BRO.N,4.52544
2026-03-05,AAP.N,2.77483
2026-03-05,GWRE.N,3.2256
2026-03-05,NVT.N,4.12285
2026-03-05,MDLN.OQ,1.46691
2026-03-05,PEG.N,4.36862
2026-03-05,LQDA.OQ,2.13422
2026-03-05,MTDR.N,4.48427
2026-03-05,BRCB.OQ,0.24625
2026-03-05,CMG.N,1.13786
2026-03-06,DOLE.N,1.4398
2026-03-06,CG.OQ,4.60014
2026-03-06,GWRE.N,3.4148
2026-03-06,VTOL.N,5.09
2026-03-06,LQDA.OQ,2.29756
2026-03-06,MTDR.N,4.53093
2026-03-06,CMG.N,1.13917
2026-03-08,HIMS.N,0.54333
2026-03-08,MTDR.N,4.62427
2026-03-09,GWRE.N,3.5128
2026-03-09,MDLN.OQ,1.47109
2026-03-09,VTOL.N,5.082
2026-03-10,BG.N,8.0819
2026-03-10,HIMS.N,0.55909
2026-03-10,YETI.N,2.82318
2026-03-10,VTOL.N,5.102
2026-03-10,JCI.N,4.7524
2026-03-11,CRSP.OQ,-4.92126
2026-03-11,YETI.N,2.81788
2026-03-11,PEG.N,4.37086
2026-03-11,MTDR.N,4.52713
2026-03-11,BRO.N,4.5265
2026-03-12,HLI.N,7.89444
2026-03-12,LGN.OQ,-0.23875
2026-03-12,SEAT.OQ,-3.96167
2026-03-13,SEAT.OQ,-3.77
2026-03-13,PEG.N,4.36993
2026-03-16,MIRM.OQ,-1.86222
2026-03-16,HIMS.N,0.58182
2026-03-16,ULH.OQ,1.02
2026-03-16,MTDR.N,4.676
2026-03-17,EVEX.N,-0.64125
2026-03-17,RMR.OQ,0.735
2026-03-17,JJSF.OQ,4.32
2026-03-17,MTDR.N,4.56847
2026-03-17,BRCB.OQ,0.25375
2026-03-17,BRO.N,4.53024
2026-03-17,ALGN.OQ,11.29833
2026-03-17,CMG.N,1.13914
2026-03-18,NVT.N,4.20223
2026-03-18,SPIR.N,-1.666
2026-03-19,EVEX.N,-0.6525
2026-03-19,SPIR.N,-1.53
2026-03-19,SEAT.OQ,-3.884
2026-03-20,BG.N,8.1109
2026-03-20,PEG.N,4.37056
2026-03-20,MTDR.N,4.72318
2026-03-20,CMG.N,1.13986
2026-03-23,EVEX.N,-0.69333
2026-03-23,HIMS.N,0.5775
2026-03-23,NVT.N,4.18146
2026-03-23,MDLN.OQ,1.46979
2026-03-23,JCI.N,4.74919
2026-03-23,MTDR.N,4.80553
2026-03-23,BRO.N,4.52553
2026-03-24,BG.N,8.1349
2026-03-25,HIMS.N,0.57
2026-03-25,MDLN.OQ,1.4704
2025-08-21,USLM.OQ,4.84
2025-11-07,BLFY.OQ,-0.4215
2025-11-09,CLPT.OQ,-0.83
2025-11-10,MLR.N,2.6155
2025-11-10,MLR.N,1.7625
2025-11-14,HYLN.A,-0.328
2025-11-20,RCAT.OQ,-0.38333
2025-11-20,QSI.OQ,-0.58
2025-11-25,QSI.OQ,-0.47333
2025-12-22,ADTN.OQ,0.15286
2025-12-22,UHS.N,21.78164
2025-12-22,ADTN.OQ,0.48257
2026-01-02,HYLN.A,-0.3405
2026-01-08,XERS.OQ,-0.0425
2026-01-13,RCAT.OQ,-0.72
2026-01-20,GHC.N,69.6
2026-01-20,GHC.N,51.29
2026-01-20,CPRX.OQ,1.608
2026-01-22,PWR.N,10.61686
2026-01-22,TILE.OQ,1.86
2026-01-23,ATRO.OQ,1.778
2026-01-23,SAM.N,9.27583
2026-01-23,PRMB.N,1.27342
2026-01-23,CDNS.OQ,7.05746
2026-01-23,SOC.N,-3.846
2026-01-23,NOVT.OQ,3.25333
2026-01-23,NOVT.OQ,3.61333
2026-01-25,OPBK.OQ,1.844
2026-01-27,VTRS.OQ,2.3169
2026-01-27,MYGN.OQ,0.00667
2026-01-29,VSCO.N,2.75286
2026-01-30,VITL.OQ,1.479
2026-01-30,WSBC.OQ,3.71
2026-02-01,DELL.N,9.9567
2026-02-02,DUOL.OQ,8.45917
2026-02-02,CVLG.N,1.825
2026-02-05,UTI.N,0.77667
2026-02-05,HFWA.OQ,2.2544
2026-02-06,CVX.N,6.56395
2026-02-06,VSEC.OQ,3.62875
2026-02-09,DLX.N,4.06667
2026-02-09,SYF.N,9.25109
2026-02-09,KFRC.N,2.222
2026-02-10,PSX.N,11.07939
2026-02-11,EU.OQ,-0.2311
2026-02-11,PFGC.N,4.66831
2026-02-12,QS.OQ,-0.69833
2026-02-12,QBTS.N,-0.23367
2026-02-12,BWA.N,5.18823
2026-02-12,ZBRA.OQ,17.62022
2026-02-12,TMUS.OQ,10.61326
2026-02-13,BWA.N,5.17669
2026-02-13,ZBRA.OQ,17.67417
2026-02-13,TMUS.OQ,10.55804
2026-02-13,VSEC.OQ,3.62625
2026-02-13,VSEC.OQ,4.34217
2026-02-15,BWA.N,5.179
2026-02-16,TMUS.OQ,10.42711
2026-02-17,DELL.N,9.95365
2026-02-17,QS.OQ,-0.69389
2026-02-17,PRMB.N,1.2735
2026-02-17,CDNS.OQ,8.08429
2026-02-17,ZBRA.OQ,17.71694
2026-02-17,HFWA.OQ,2.212
2026-02-17,SYF.N,9.23713
2026-02-17,WSBC.OQ,3.70857
2026-02-17,CVX.N,6.62196
2026-02-18,DELL.N,9.95909
2026-02-18,QS.OQ,-0.66613
2026-02-18,BWA.N,5.19892
2026-02-18,CDNS.OQ,8.13579
2026-02-18,TMUS.OQ,10.42125
2026-02-19,DELL.N,9.9617
2026-02-19,PSX.N,11.12347
2026-02-19,CDNS.OQ,8.14242
2026-02-19,ZBRA.OQ,17.75531
2026-02-19,PWR.N,12.801
2026-02-19,TMUS.OQ,10.41262
2026-02-20,PSX.N,11.1489
2026-02-20,BWA.N,5.20808
2026-02-20,CDNS.OQ,8.15075
2026-02-20,PWR.N,12.9241
2026-02-22,QS.OQ,-0.671
2026-02-23,PSX.N,11.1469
2026-02-23,CDNS.OQ,8.102
2026-02-23,ADTN.OQ,0.15571
2026-02-23,PWR.N,13.07048
2026-02-23,MYGN.OQ,0.05192
2026-02-23,VSCO.N,2.77429
2026-02-24,DELL.N,9.96163
2026-02-24,ATRO.OQ,2.448
2026-02-24,SAM.N,10.43883
2026-02-24,CDNS.OQ,8.08804
2026-02-24,ZBRA.OQ,17.78441
2026-02-24,PWR.N,13.10123
2026-02-24,TILE.OQ,2.07
2026-02-24,MYGN.OQ,0.04731
2026-02-24,VSCO.N,2.79
2026-02-24,WSBC.OQ,3.71875
2026-02-25,HYLN.A,-0.326
2026-02-25,ATRO.OQ,2.51
2026-02-25,SAM.N,10.19536
2026-02-25,TILE.OQ,2.08667
2026-02-25,UHS.N,23.48875
2026-02-25,NOVT.OQ,3.56333
2026-02-25,CPRX.OQ,1.754
2026-02-26,DELL.N,11.90271
2026-02-26,SAM.N,10.12393
2026-02-26,QBTS.N,-0.30939
2026-02-26,BWA.N,5.209
2026-02-26,PRMB.N,1.28417
2026-02-26,CDNS.OQ,8.07804
2026-02-26,ADTN.OQ,0.48429
2026-02-26,PWR.N,13.09275
2026-02-26,VITL.OQ,1.49009
2026-02-26,DUOL.OQ,8.46909
2026-02-26,UHS.N,23.53763
2026-02-26,VTRS.OQ,2.4838
2026-02-26,MYGN.OQ,0.04792
2026-02-26,CPRX.OQ,1.862
2026-02-26,VSEC.OQ,4.1285
2026-02-27,DELL.N,12.47716
2026-02-27,QBTS.N,-0.31785
2026-02-27,PRMB.N,1.28062
2026-02-27,ADTN.OQ,0.49286
2026-02-27,SOC.N,-0.512
2026-02-27,TILE.OQ,2.10333
2026-02-27,VITL.OQ,1.41009
2026-02-27,DUOL.OQ,3.36258
2026-02-27,UHS.N,23.42513
2026-02-27,VTRS.OQ,2.4516
2026-02-27,MYGN.OQ,0.04625
2026-02-27,CPRX.OQ,1.894
2026-02-27,VSEC.OQ,4.11017
2026-03-02,DELL.N,12.68192
2026-03-02,QBTS.N,-0.31785
2026-03-02,PRMB.N,1.29677
2026-03-02,XERS.OQ,0.10271
2026-03-02,ADTN.OQ,0.50167
2026-03-02,PWR.N,13.10662
2026-03-02,SOC.N,-0.8556
2026-03-02,VITL.OQ,1.36736
2026-03-02,DUOL.OQ,3.15374
2026-03-02,UHS.N,23.41825
2026-03-02,VSCO.N,2.81333
2026-03-02,USLM.OQ,5.44
2026-03-02,CVX.N,6.65648
2026-03-02,VSEC.OQ,4.11643
2026-03-03,DELL.N,12.80673
2026-03-03,ATRO.OQ,2.4625
2026-03-03,SAM.N,10.01885
2026-03-03,PSX.N,11.3374
2026-03-03,XERS.OQ,0.11414
2026-03-03,ZBRA.OQ,17.79678
2026-03-03,DUOL.OQ,3.03426
2026-03-03,UHS.N,23.412
2026-03-03,VTRS.OQ,2.434
2026-03-03,MYGN.OQ,0.04654
2026-03-04,BWA.N,5.20907
2026-03-04,ADTN.OQ,0.48857
2026-03-04,SOC.N,-1.0262
2026-03-04,UHS.N,23.38939
2026-03-04,QSI.OQ,-0.45
2026-03-05,DELL.N,12.86355
2026-03-05,QBTS.N,-0.31767
2026-03-05,PRMB.N,1.29567
2026-03-05,VITL.OQ,1.299
2026-03-05,UHS.N,23.44692
2026-03-05,VSCO.N,3.317
2026-03-05,WSBC.OQ,3.72
2026-03-06,ATRO.OQ,2.51
2026-03-06,DUOL.OQ,2.89506
2026-03-06,VTRS.OQ,2.43486
2026-03-06,VSCO.N,3.517
2026-03-08,VITL.OQ,1.3041
2026-03-09,PSX.N,11.9829
2026-03-09,QBTS.N,-0.3235
2026-03-09,XERS.OQ,0.09667
2026-03-09,DUOL.OQ,2.89535
2026-03-09,UHS.N,23.483
2026-03-09,MLR.N,1.9095
2026-03-09,TMUS.OQ,10.39214
2026-03-10,EU.OQ,-0.22904
2026-03-10,QBTS.N,-0.324
2026-03-10,SYF.N,9.23222
2026-03-11,DELL.N,12.87557
2026-03-11,PSX.N,12.1599
2026-03-11,SYF.N,9.24178
2026-03-11,CVX.N,6.89213
2026-03-12,TMUS.OQ,10.34595
2026-03-12,CVX.N,7.12126
2026-03-13,UHS.N,23.47031
2026-03-13,CVX.N,7.33804
2026-03-15,PSX.N,12.25635
2026-03-15,CVX.N,7.38857
2026-03-16,ZBRA.OQ,17.80006
2026-03-16,SOC.N,-0.9762
2026-03-16,WSBC.OQ,3.72375
2026-03-17,PSX.N,12.38935
2026-03-17,PFGC.N,4.67733
2026-03-17,CLPT.OQ,-0.91
2026-03-17,TMUS.OQ,10.34262
2026-03-18,CLPT.OQ,-0.97
2026-03-18,TMUS.OQ,10.3431
2026-03-18,CVX.N,7.47639
2026-03-19,XERS.OQ,0.11143
2026-03-19,VTRS.OQ,2.443
2026-03-19,CVX.N,7.69448
2026-03-20,DELL.N,12.87513
2026-03-20,CVX.N,7.93187
2026-03-22,CVX.N,8.08709
2026-03-23,DELL.N,12.89687
2026-03-23,PSX.N,12.37135
2026-03-23,VTRS.OQ,2.43911
2026-03-24,PSX.N,12.84035
2026-03-25,PSX.N,13.14735
2026-03-25,VITL.OQ,1.2605
2026-03-25,TMUS.OQ,10.33786
2025-11-14,FTLF.OQ,0.685
2025-12-08,WULF.OQ,-1.49757
2025-12-17,UNIT.OQ,-0.91
2025-12-22,SSTK.N,3.26
2025-12-22,LILAK.OQ,-2.502
2025-12-22,LILAK.OQ,0.744
2025-12-23,WOR.N,3.4775
2025-12-31,IBOC.OQ,6.54
2025-12-31,IBOC.OQ,6.74
2026-01-02,UNIT.OQ,-0.70786
2026-01-05,BRSP.N,0.66667
2026-01-07,GRBK.N,6.925
2026-01-07,MVBF.OQ,1.99025
2026-01-07,CABO.N,-22.25667
2026-01-07,SABR.OQ,-0.082
2026-01-07,GRBK.N,6.87333
2026-01-12,KRMD.OQ,-0.066
2026-01-15,BLD.N,19.83767
2026-01-16,BJRI.OQ,2.2174
2026-01-18,TOL.N,12.84118
2026-01-22,BAND.OQ,1.4356
2026-01-22,APLD.OQ,-0.47571
2026-01-23,TARS.OQ,-1.4583
2026-01-25,BOOM.OQ,0.04
2026-01-25,BOOM.OQ,-0.14
2026-01-26,CZR.OQ,-1.35769
2026-01-27,SLDB.OQ,-2.09931
2026-02-02,COFS.OQ,3.4745
2026-02-03,MNST.OQ,2.00032
2026-02-04,CRUS.OQ,9.05171
2026-02-04,NB.OQ,-0.56333
2026-02-04,ELV.N,25.91122
2026-02-05,CNXN.OQ,3.795
2026-02-06,MTSI.OQ,4.46967
2026-02-06,MANH.OQ,5.215
2026-02-09,WNC.N,-1.4875
2026-02-10,WERN.OQ,0.7924
2026-02-10,COMP.N,-0.08667
2026-02-11,NDAQ.OQ,3.89013
2026-02-11,ABG.N,26.9232
2026-02-11,BORR.N,0.13286
2026-02-11,CNX.N,2.65167
2026-02-11,EVI.A,0.64
2026-02-12,CNR.N,7.7605
2026-02-12,NOG.N,4.42438
2026-02-12,XYL.N,5.52132
2026-02-12,SAIA.OQ,10.6181
2026-02-12,HASI.N,2.8302
2026-02-12,BLSH.N,0.69
2026-02-12,OI.N,1.78589
2026-02-12,ABNB.OQ,4.86882
2026-02-13,MVBF.OQ,1.97275
2026-02-13,CNR.N,7.81067
2026-02-13,NDAQ.OQ,3.89225
2026-02-13,XYL.N,5.50005
2026-02-13,HASI.N,2.8342
2026-02-13,TARS.OQ,-1.45811
2026-02-13,ABNB.OQ,4.91097
2026-02-16,ABG.N,26.82767
2026-02-16,WOR.N,3.482
2026-02-17,MVBF.OQ,1.95025
2026-02-17,CNR.N,3.94667
2026-02-17,SSTK.N,2.05
2026-02-17,SAIA.OQ,10.61053
2026-02-17,BJRI.OQ,2.2125
2026-02-17,HASI.N,2.86827
2026-02-17,BLSH.N,0.693
2026-02-17,CNX.N,2.65
2026-02-17,CZR.OQ,-0.01038
2026-02-17,ABNB.OQ,4.92458
2026-02-18,BORR.N,-0.06529
2026-02-18,SABR.OQ,0.14
2026-02-18,ELV.N,25.89484
2026-02-18,BRSP.N,0.68625
2026-02-18,CZR.OQ,-0.04888
2026-02-18,ABNB.OQ,4.92792
2026-02-18,TOL.N,12.82389
2026-02-19,BAND.OQ,1.952
2026-02-19,MVBF.OQ,1.933
2026-02-19,XYL.N,5.50243
2026-02-19,BORR.N,-0.07243
2026-02-19,BRSP.N,0.6825
2026-02-19,HASI.N,2.95291
2026-02-19,ABNB.OQ,4.95266
2026-02-19,TOL.N,12.80311
2026-02-19,WNC.N,-0.635
2026-02-20,BAND.OQ,1.7896
2026-02-20,MVBF.OQ,1.92475
2026-02-20,CNR.N,3.44667
2026-02-20,WERN.OQ,0.79543
2026-02-20,ABG.N,26.661
2026-02-20,HASI.N,2.95336
2026-02-20,ABNB.OQ,4.94955
2026-02-20,TOL.N,12.812
2026-02-23,BAND.OQ,1.6516
2026-02-23,NOG.N,2.793
2026-02-23,ABG.N,26.72086
2026-02-23,XYL.N,5.50368
2026-02-23,TARS.OQ,0.786
2026-02-23,CNX.N,2.66462
2026-02-23,TOL.N,12.80794
2026-02-24,BORR.N,-0.06629
2026-02-24,BRSP.N,0.68
2026-02-24,BOOM.OQ,-0.52
2026-02-24,TARS.OQ,-0.61257
2026-02-24,CZR.OQ,-0.14267
2026-02-24,TOL.N,12.79353
2026-02-24,LILAK.OQ,0.561
2026-02-25,CABO.N,25.445
2026-02-25,NDAQ.OQ,3.89413
2026-02-25,CABO.N,-22.33667
2026-02-25,BRSP.N,0.66571
2026-02-25,BJRI.OQ,2.382
2026-02-25,TARS.OQ,-0.62725
2026-02-25,CZR.OQ,-0.13477
2026-02-25,OI.N,1.75811
2026-02-26,NOG.N,2.74
2026-02-26,COFS.OQ,3.49967
2026-02-26,COMP.N,0.24
2026-02-26,WULF.OQ,-0.4242
2026-02-26,NDAQ.OQ,3.89831
2026-02-26,BLD.N,19.54313
2026-02-26,BJRI.OQ,2.35022
2026-02-26,GRBK.N,6.78725
2026-02-26,MNST.OQ,2.26656
2026-02-26,CZR.OQ,-0.078
2026-02-27,NOG.N,2.693
2026-02-27,COMP.N,0.296
2026-02-27,WULF.OQ,-0.67244
2026-02-27,ABG.N,26.65575
2026-02-27,CABO.N,24.87667
2026-02-27,BLD.N,19.18113
2026-02-27,GRBK.N,6.67475
2026-02-27,MNST.OQ,2.269
2026-03-02,NOG.N,2.745
2026-03-02,MTSI.OQ,4.47179
2026-03-02,COMP.N,0.312
2026-03-02,CABO.N,23.16667
2026-03-02,ELV.N,25.9731
2026-03-02,BLD.N,18.80447
2026-03-02,HASI.N,2.94892
2026-03-02,GRBK.N,6.57475
2026-03-02,MNST.OQ,2.271
2026-03-02,CZR.OQ,-0.08947
2026-03-03,UNIT.OQ,-0.99643
2026-03-03,BLD.N,18.67047
2026-03-03,MNST.OQ,2.2742
2026-03-03,ABNB.OQ,4.95338
2026-03-03,TOL.N,12.80269
2026-03-04,NOG.N,3.178
2026-03-04,ABG.N,26.76622
2026-03-04,UNIT.OQ,-1.35929
2026-03-04,BJRI.OQ,2.34525
2026-03-04,HASI.N,2.94746
2026-03-04,GRBK.N,6.46967
2026-03-04,MNST.OQ,2.27112
2026-03-05,NOG.N,3.0585
2026-03-05,WULF.OQ,-0.68457
2026-03-05,CABO.N,21.288
2026-03-05,BLD.N,18.54107
2026-03-05,BJRI.OQ,2.34578
2026-03-05,CNX.N,2.67462
2026-03-05,MNST.OQ,2.27558
2026-03-06,NDAQ.OQ,3.90306
2026-03-06,SAIA.OQ,10.60679
2026-03-06,BLSH.N,0.70443
2026-03-06,CNX.N,2.67692
2026-03-06,MNST.OQ,2.27425
2026-03-09,UNIT.OQ,-1.60683
2026-03-09,SAIA.OQ,10.60695
2026-03-09,ELV.N,25.95057
2026-03-09,CZR.OQ,-0.13813
2026-03-10,NOG.N,2.96029
2026-03-10,SAIA.OQ,10.56945
2026-03-10,CABO.N,21.968
2026-03-10,ELV.N,25.93691
2026-03-10,HASI.N,2.95479
2026-03-10,CZR.OQ,-0.137
2026-03-10,TOL.N,12.81429
2026-03-11,NOG.N,2.817
2026-03-11,SLDB.OQ,-2.11608
2026-03-11,ELV.N,25.92282
2026-03-11,MNST.OQ,2.26995
2026-03-12,NOG.N,2.72129
2026-03-12,NDAQ.OQ,3.90538
2026-03-12,KRMD.OQ,-0.026
2026-03-13,WERN.OQ,0.79186
2026-03-13,KRMD.OQ,-0.032
2026-03-13,CNX.N,2.71539
2026-03-13,ABNB.OQ,4.95357
2026-03-15,CRUS.OQ,9.05171
2026-03-16,NDAQ.OQ,3.90663
2026-03-16,SAIA.OQ,10.56845
2026-03-16,TARS.OQ,-0.66978
2026-03-16,MNST.OQ,2.26948
2026-03-16,CZR.OQ,-0.13247
2026-03-16,MANH.OQ,5.21583
2026-03-17,NB.OQ,-0.57
2026-03-17,BLD.N,18.52393
2026-03-18,NOG.N,2.63686
2026-03-18,BLSH.N,0.71043
2026-03-19,SLDB.OQ,-1.88654
2026-03-19,MNST.OQ,2.26996
2026-03-20,ABG.N,26.74956
2026-03-20,SLDB.OQ,-1.83214
2026-03-20,CNX.N,2.70846
2026-03-20,MNST.OQ,2.26677
2026-03-23,NOG.N,2.7835
2026-03-23,SLDB.OQ,-1.76846
2026-03-23,TARS.OQ,-0.632
2026-03-23,CNX.N,2.755
2026-03-24,SLDB.OQ,-1.73769
2026-03-24,TARS.OQ,-0.59311
2026-03-25,NOG.N,3.24638
2026-03-25,CNX.N,2.78429
2026-03-25,CZR.OQ,-0.146
2025-11-10,GYRE.OQ,0.18333
2025-11-13,KLC.N,0.66875
2025-11-14,PUBM.OQ,-0.456
2025-11-14,FDMT.OQ,-3.67714
2025-11-18,GAIA.OQ,-0.19
2025-11-25,DHC.OQ,-0.575
2025-12-03,WBTN.OQ,-0.44483
2025-12-11,KFY.N,5.24
2025-12-15,DHC.OQ,-1.275
2025-12-16,GAIA.OQ,-0.1325
2025-12-19,SCHL.OQ,0.895
2025-12-22,QUBT.OQ,-0.15
2025-12-24,BRSL.N,0.83767
2025-12-30,UHAL.N,0.77333
2026-01-05,AAT.N,0.43
2026-01-07,ABR.N,1.015
2026-01-07,ABR.N,0.838
2026-01-09,FWONK.OQ,2.2525
2026-01-11,AQST.OQ,-0.64375
2026-01-21,EXPD.N,5.90819
2026-01-22,CNP.N,1.7626
2026-01-22,OC.N,12.20688
2026-01-25,WDFC.OQ,6.1
2026-01-25,SFNC.OQ,2.00271
2026-01-26,SHAK.N,1.28932
2026-01-26,LIF.OQ,0.33683
2026-01-26,PZZA.OQ,1.43385
2026-01-27,PBYI.OQ,0.55
2026-02-02,MSEX.OQ,2.62667
2026-02-02,MSEX.OQ,2.315
2026-02-02,RRBI.OQ,7.122
2026-02-02,FBIZ.OQ,6.02475
2026-02-03,AQST.OQ,-0.58143
2026-02-03,HZO.N,0.76238
2026-02-03,ESPR.OQ,-0.049
2026-02-04,MS.N,11.32327
2026-02-04,SONO.OQ,0.38667
2026-02-06,TTMI.OQ,3.1686
2026-02-09,VIAV.OQ,0.83667
2026-02-09,HCA.N,30.447
2026-02-09,MSFT.OQ,16.58827
2026-02-09,TFC.N,4.49716
2026-02-09,CENT.OQ,2.836
2026-02-09,WT.N,1.125
2026-02-09,DV.N,0.29533
2026-02-10,HAL.N,2.23313
2026-02-10,AGCO.N,5.789
2026-02-11,ATEN.N,1.0135
2026-02-11,HMN.N,4.57025
2026-02-11,MKTX.OQ,8.16764
2026-02-12,INSP.N,1.96433
2026-02-12,FISV.OQ,8.15447
2026-02-12,AVGO.OQ,10.06331
2026-02-13,INSP.N,1.95044
2026-02-13,FISV.OQ,8.12444
2026-02-13,MKTX.OQ,8.1614
2026-02-13,AVGO.OQ,10.07248
2026-02-16,UHAL.N,0.765
2026-02-17,FISV.OQ,8.11552
2026-02-17,BRSL.N,0.83767
2026-02-17,HAL.N,2.229
2026-02-17,TFC.N,4.49663
2026-02-17,CENT.OQ,2.844
2026-02-17,OC.N,12.20125
2026-02-17,AVGO.OQ,10.11646
2026-02-18,INSP.N,1.93933
2026-02-18,FBIZ.OQ,6.0398
2026-02-19,HCA.N,30.42
2026-02-19,HAL.N,2.22785
2026-02-19,CNP.N,1.90844
2026-02-19,AVGO.OQ,10.12063
2026-02-20,MSEX.OQ,2.60333
2026-02-20,PBYI.OQ,0.686
2026-02-20,SHAK.N,1.28912
2026-02-20,ATEN.N,1.014
2026-02-20,AVGO.OQ,10.15604
2026-02-23,UHAL.N,0.78
2026-02-23,FISV.OQ,8.12024
2026-02-23,TFC.N,4.4968
2026-02-23,CNP.N,1.90813
2026-02-24,EXPD.N,5.95888
2026-02-24,HCA.N,30.36
2026-02-24,BRSL.N,1.171
2026-02-24,CNP.N,1.90825
2026-02-24,AVGO.OQ,10.15813
2026-02-25,EXPD.N,5.97788
2026-02-25,MSEX.OQ,2.58
2026-02-25,FISV.OQ,8.11757
2026-02-25,BRSL.N,1.19667
2026-02-25,DHC.OQ,-0.55
2026-02-25,OC.N,9.91932
2026-02-25,AVGO.OQ,10.15938
2026-02-26,EXPD.N,6.00038
2026-02-26,PBYI.OQ,0.4
2026-02-26,SHAK.N,1.37032
2026-02-26,CNP.N,1.90911
2026-02-26,KFY.N,5.25
2026-02-26,OC.N,9.83867
2026-02-26,PUBM.OQ,-0.546
2026-02-26,TTMI.OQ,3.1755
2026-02-26,FWONK.OQ,1.825
2026-02-26,DV.N,0.51
2026-02-26,AVGO.OQ,10.15313
2026-02-26,PZZA.OQ,1.80067
2026-02-27,RRBI.OQ,7.13467
2026-02-27,SHAK.N,1.35636
2026-02-27,TFC.N,4.486
2026-02-27,OC.N,9.77367
2026-02-27,PUBM.OQ,-0.498
2026-02-27,FWONK.OQ,1.82875
2026-02-27,DV.N,0.51067
2026-02-27,PZZA.OQ,1.674
2026-03-01,BRSL.N,1.045
2026-03-01,PUBM.OQ,-0.476
2026-03-02,EXPD.N,6.0185
2026-03-02,FISV.OQ,8.12266
2026-03-02,HZO.N,0.73986
2026-03-02,SHAK.N,1.35916
2026-03-02,LIF.OQ,0.68733
2026-03-02,DHC.OQ,-0.54
2026-03-02,OC.N,9.68422
2026-03-02,QUBT.OQ,-0.19
2026-03-02,DV.N,0.51133
2026-03-02,AVGO.OQ,10.15188
2026-03-02,PZZA.OQ,1.54667
2026-03-02,ABR.N,0.816
2026-03-03,WBTN.OQ,-0.23167
2026-03-03,GAIA.OQ,-0.1225
2026-03-03,HAL.N,2.22823
2026-03-03,LIF.OQ,0.50733
2026-03-03,OC.N,9.64756
2026-03-03,QUBT.OQ,-0.2275
2026-03-03,PUBM.OQ,-0.47
2026-03-03,ESPR.OQ,-0.07686
2026-03-03,DV.N,0.52733
2026-03-03,AVGO.OQ,10.15377
2026-03-03,PZZA.OQ,1.52533
2026-03-04,INSP.N,1.92322
2026-03-04,WBTN.OQ,-0.192
2026-03-04,GYRE.OQ,0.2
2026-03-04,OC.N,9.48271
2026-03-04,PUBM.OQ,-0.465
2026-03-04,AVGO.OQ,10.57658
2026-03-04,ABR.N,0.732
2026-03-05,WBTN.OQ,-0.17867
2026-03-05,AQST.OQ,-0.49
2026-03-05,SHAK.N,1.35788
2026-03-05,FWONK.OQ,1.862
2026-03-05,AVGO.OQ,10.9725
2026-03-06,MKTX.OQ,8.1654
2026-03-06,WT.N,1.115
2026-03-06,AVGO.OQ,11.03667
2026-03-08,EXPD.N,6.03413
2026-03-08,FISV.OQ,8.12162
2026-03-08,MSFT.OQ,16.59444
2026-03-08,SCHL.OQ,1.475
2026-03-09,MS.N,11.33691
2026-03-09,AQST.OQ,-0.50714
2026-03-09,GAIA.OQ,-0.12
2026-03-09,LIF.OQ,0.4988
2026-03-09,ATEN.N,1.012
2026-03-09,CNP.N,1.9092
2026-03-09,KFY.N,5.305
2026-03-09,QUBT.OQ,-0.24333
2026-03-10,WBTN.OQ,-0.1524
2026-03-10,KFY.N,5.3125
2026-03-10,ESPR.OQ,0.0515
2026-03-10,AVGO.OQ,11.08131
2026-03-11,FISV.OQ,8.1159
2026-03-11,WBTN.OQ,-0.1504
2026-03-11,ESPR.OQ,0.03525
2026-03-11,AVGO.OQ,11.35683
2026-03-12,FISV.OQ,8.1159
2026-03-12,HAL.N,2.22592
2026-03-12,LIF.OQ,0.4992
2026-03-12,GYRE.OQ,0.06667
2026-03-12,QUBT.OQ,-0.2325
2026-03-12,KLC.N,0.585
2026-03-13,FISV.OQ,8.1161
2026-03-13,GYRE.OQ,-0.03667
2026-03-13,CNP.N,1.90836
2026-03-13,MKTX.OQ,8.16764
2026-03-13,FWONK.OQ,1.872
2026-03-13,KLC.N,0.22286
2026-03-15,AVGO.OQ,11.37533
2026-03-15,KLC.N,0.15
2026-03-16,MKTX.OQ,8.18764
2026-03-16,ESPR.OQ,0.0415
2026-03-17,HCA.N,30.35727
2026-03-17,SHAK.N,1.36039
2026-03-17,MKTX.OQ,8.17127
2026-03-17,ESPR.OQ,0.06171
2026-03-17,AVGO.OQ,11.32888
2026-03-18,GYRE.OQ,-0.32
2026-03-18,FDMT.OQ,-3.619
2026-03-19,FISV.OQ,8.11523
2026-03-19,FDMT.OQ,-3.731
2026-03-19,FWONK.OQ,1.81667
2026-03-20,MS.N,11.336
2026-03-20,CNP.N,1.9085
2026-03-20,FDMT.OQ,-3.748
2026-03-23,MSFT.OQ,16.5905
2026-03-23,AVGO.OQ,11.30211
2026-03-24,FISV.OQ,8.11539
2026-03-24,MSFT.OQ,16.5905
2026-03-24,HAL.N,2.22554
2026-03-25,INSP.N,1.95518
2025-11-04,LAB.OQ,-0.26
2025-11-05,ANIK.OQ,-1.09
2025-11-06,DBD.N,4.86667
2025-11-14,PGEN.OQ,-0.87667
2025-11-17,IDR.A,0.71
2025-12-12,IDR.A,0.79
2025-12-16,KRO.N,-0.42
2025-12-16,KRO.N,0.065
2025-12-18,RDW.N,-1.9275
2025-12-22,AMBA.OQ,0.59567
2025-12-22,FSTR.OQ,1.12333
2025-12-23,PAYO.OQ,0.20133
2026-01-05,AMBP.N,0.197
2026-01-09,KSS.N,1.396
2026-01-13,NDSN.OQ,11.27036
2026-01-14,ALRM.OQ,2.5294
2026-01-15,SEE.N,3.39044
2026-01-15,SEE.N,3.31744
2026-01-16,CARL.OQ,-2.404
2026-01-21,RS.N,14.68814
2026-01-21,AVAH.OQ,0.575
2026-01-21,RS.N,17.63038
2026-01-25,MIDD.OQ,9.04333
2026-01-27,JBIO.OQ,-2.83983
2026-01-28,FNWD.OQ,2.645
2026-01-28,TNK.N,6.82
2026-01-30,STRW.A,0.775
2026-01-30,SLG.N,-2.674
2026-01-30,STRW.A,0.5825
2026-02-02,HWC.OQ,6.30357
2026-02-02,MRNA.OQ,-7.98191
2026-02-02,CLBK.OQ,0.77
2026-02-04,ANDE.OQ,4.56
2026-02-04,ANDE.OQ,2.74667
2026-02-05,VIRT.N,4.9392
2026-02-09,TWST.OQ,-1.8025
2026-02-09,KREF.N,0.634
2026-02-10,MPAA.OQ,0.695
2026-02-10,NBTB.OQ,4.1966
2026-02-10,THFF.OQ,7.03
2026-02-10,GABC.OQ,3.76533
2026-02-11,PBH.N,4.54125
2026-02-11,GL.N,15.19622
2026-02-11,CAT.N,22.63895
2026-02-11,YUM.N,6.659
2026-02-11,TNK.N,7.86667
2026-02-11,IOT.N,0.5079
2026-02-11,T.N,2.29622
2026-02-11,DIOD.OQ,2.226
2026-02-12,CSTM.N,1.53487
2026-02-12,BXMT.N,1.49625
2026-02-12,MSTR.OQ,46.59644
2026-02-12,OMCL.OQ,1.75143
2026-02-12,KKR.N,6.5585
2026-02-12,AMP.N,42.33408
2026-02-12,MLM.N,20.52193
2026-02-13,DBD.N,5.48567
2026-02-13,MRNA.OQ,-6.776
2026-02-13,MLM.N,20.7014
2026-02-14,VIRT.N,4.96433
2026-02-16,MPAA.OQ,0.75
2026-02-17,BXMT.N,1.54875
2026-02-17,MRNA.OQ,-6.68774
2026-02-17,MLM.N,19.99531
2026-02-18,GL.N,15.2246
2026-02-18,CSTM.N,2.0125
2026-02-18,BXMT.N,1.53429
2026-02-18,AMP.N,42.49377
2026-02-18,NDSN.OQ,11.29764
2026-02-18,KSS.N,1.39331
2026-02-19,RS.N,17.36913
2026-02-19,ALRM.OQ,2.76157
2026-02-19,THFF.OQ,7.08
2026-02-19,TNK.N,7.99667
2026-02-19,T.N,2.29679
2026-02-19,MRNA.OQ,-6.68122
2026-02-19,NDSN.OQ,11.34218
2026-02-19,MLM.N,20.11136
2026-02-19,ANDE.OQ,4.78333
2026-02-20,NBTB.OQ,4.1805
2026-02-20,ALRM.OQ,2.77457
2026-02-20,CAT.N,22.77252
2026-02-20,TNK.N,8.85167
2026-02-20,KKR.N,6.58332
2026-02-20,MRNA.OQ,-6.70041
2026-02-20,NDSN.OQ,11.39573
2026-02-22,RDW.N,-0.45857
2026-02-22,MRNA.OQ,-6.68094
2026-02-23,GL.N,15.23236
2026-02-23,RS.N,17.34
2026-02-23,TNK.N,8.79667
2026-02-23,NDSN.OQ,11.44936
2026-02-23,KSS.N,1.39023
2026-02-24,NBTB.OQ,4.19186
2026-02-24,CAT.N,22.75617
2026-02-24,TNK.N,9.02167
2026-02-24,KKR.N,6.54595
2026-02-24,AMP.N,42.53531
2026-02-24,MIDD.OQ,9.04222
2026-02-24,MLM.N,20.09064
2026-02-24,LAB.OQ,-0.16
2026-02-25,CARL.OQ,-1.662
2026-02-25,RS.N,17.43333
2026-02-25,NDSN.OQ,11.45436
2026-02-25,MLM.N,20.1586
2026-02-26,AMBA.OQ,0.6525
2026-02-26,CARL.OQ,-1.578
2026-02-26,ALRM.OQ,2.78867
2026-02-26,PAYO.OQ,0.26222
2026-02-26,STRW.A,0.66333
2026-02-26,AMBP.N,0.24163
2026-02-26,RDW.N,-0.48286
2026-02-26,MIDD.OQ,9.48438
2026-02-26,ANIK.OQ,-0.37
2026-02-26,MLM.N,20.40933
2026-02-27,AMBA.OQ,0.75108
2026-02-27,RS.N,17.57
2026-02-27,AMBP.N,0.24288
2026-02-27,RDW.N,-0.53143
2026-02-27,MIDD.OQ,9.40688
2026-02-27,MLM.N,20.40438
2026-02-28,BXMT.N,1.64667
2026-03-02,RS.N,17.64143
2026-03-02,PAYO.OQ,0.25778
2026-03-02,AMBP.N,0.24413
2026-03-02,TWST.OQ,-1.80625
2026-03-02,KKR.N,6.53116
2026-03-02,MLM.N,20.32063
2026-03-03,GL.N,15.25964
2026-03-03,FSTR.OQ,1.72667
2026-03-03,AMP.N,42.59223
2026-03-03,MLM.N,20.33
2026-03-03,SEE.N,3.4085
2026-03-04,CAT.N,22.77867
2026-03-04,FSTR.OQ,1.66333
2026-03-04,RDW.N,-0.552
2026-03-04,MRNA.OQ,-6.82372
2026-03-04,MIDD.OQ,9.41188
2026-03-05,CAT.N,22.84108
2026-03-05,YUM.N,6.66393
2026-03-05,PAYO.OQ,0.25143
2026-03-05,IOT.N,0.62842
2026-03-05,T.N,2.29521
2026-03-05,MRNA.OQ,-6.96094
2026-03-05,MIDD.OQ,9.40571
2026-03-05,DIOD.OQ,2.226
2026-03-06,MPAA.OQ,0.75
2026-03-06,PAYO.OQ,0.2475
2026-03-06,JBIO.OQ,-1.81933
2026-03-06,IOT.N,0.68
2026-03-06,RDW.N,-0.56
2026-03-06,MRNA.OQ,-6.953
2026-03-06,MLM.N,20.315
2026-03-08,KKR.N,6.53011
2026-03-09,CAT.N,22.84717
2026-03-09,MSTR.OQ,41.6858
2026-03-09,JBIO.OQ,-1.98913
2026-03-09,MLM.N,20.22368
2026-03-09,SEE.N,3.4445
2026-03-10,GL.N,15.29127
2026-03-10,FSTR.OQ,1.545
2026-03-10,SLG.N,-2.558
2026-03-10,JBIO.OQ,-2.01589
2026-03-10,IOT.N,0.679
2026-03-10,T.N,2.297
2026-03-10,KKR.N,6.52905
2026-03-10,KSS.N,1.35523
2026-03-11,T.N,2.2994
2026-03-11,MIDD.OQ,9.38
2026-03-11,KSS.N,1.36446
2026-03-12,KSS.N,1.36369
2026-03-12,CLBK.OQ,0.755
2026-03-13,PAYO.OQ,0.2475
2026-03-13,JBIO.OQ,-2.09214
2026-03-13,OMCL.OQ,1.75125
2026-03-13,KSS.N,1.365
2026-03-15,RS.N,17.759
2026-03-15,T.N,2.29812
2026-03-15,KSS.N,1.34646
2026-03-16,VIRT.N,5.051
2026-03-17,YUM.N,6.66356
2026-03-17,T.N,2.29852
2026-03-17,AMP.N,42.60839
2026-03-17,MRNA.OQ,-6.88932
2026-03-17,NDSN.OQ,11.4598
2026-03-18,GL.N,15.28783
2026-03-18,HWC.OQ,6.30438
2026-03-18,KSS.N,1.35925
2026-03-19,MSTR.OQ,41.6858
2026-03-19,KKR.N,6.498
2026-03-19,VIRT.N,5.10267
2026-03-19,AVAH.OQ,0.59727
2026-03-20,KKR.N,6.48168
2026-03-20,AVAH.OQ,0.61909
2026-03-21,AVAH.OQ,0.62
2026-03-23,PBH.N,4.54
2026-03-23,CAT.N,22.85221
2026-03-23,SLG.N,-2.6425
2026-03-23,T.N,2.29824
2026-03-23,KREF.N,0.594
2026-03-24,RS.N,17.98775
2026-03-24,T.N,2.29864
2026-03-25,YUM.N,6.66541
2026-03-25,THFF.OQ,7.21
2026-03-25,PAYO.OQ,0.25333
2026-03-25,JBIO.OQ,-2.08313
2026-03-25,T.N,2.29784
2026-03-25,AVAH.OQ,0.62564
2025-09-16,MBI.N,-0.5
2025-11-06,ATNI.OQ,-0.1
2025-11-07,ICUI.OQ,7.54083
2025-11-11,CXDO.OQ,0.34867
2025-11-11,NKTX.OQ,-1.35833
2025-11-16,AURA.OQ,-1.96
2025-11-18,MBI.N,0.055
2025-12-05,SGC.OQ,0.435
2025-12-07,CRMT.OQ,-0.185
2025-12-15,CUBE.N,1.47714
2026-01-06,AL.N,4.92967
2026-01-12,IBTA.N,0.14333
2026-01-14,AAON.OQ,1.385
2026-01-20,CUBE.N,1.44429
2026-01-22,CHRS.OQ,-1.43667
2026-01-22,CHRS.OQ,-0.95
2026-01-27,EHAB.N,0.556
2026-01-27,PRGS.OQ,5.87533
2026-01-28,ARQ.OQ,-0.134
2026-01-30,ROOT.OQ,1.79083
2026-02-02,SAMG.OQ,1.33
2026-02-02,LCNB.OQ,1.79
2026-02-02,NVAX.OQ,0.15467
2026-02-02,UNP.N,12.46813
2026-02-02,SAMG.OQ,0.94
2026-02-04,COLB.OQ,3.05573
2026-02-05,ZWS.N,1.6582
2026-02-06,PSNL.OQ,-0.94343
2026-02-06,RIGL.OQ,6.63
2026-02-07,PFSI.N,12.53871
2026-02-07,PKG.N,10.8295
2026-02-07,STEL.N,2.0945
2026-02-08,NIC.N,11.6794
2026-02-09,AON.N,19.1345
2026-02-09,USB.N,5.02538
2026-02-10,CTVA.N,3.62805
2026-02-10,MCK.N,39.02043
2026-02-10,LRCX.OQ,5.31223
2026-02-10,IAC.OQ,0.33286
2026-02-11,UBER.N,3.34795
2026-02-11,BSRR.OQ,3.58
2026-02-11,GOOG.OQ,11.39713
2026-02-11,RXO.N,0.01005
2026-02-11,EVMN.N,-4.13
2026-02-12,RBRK.N,-0.17271
2026-02-12,HXL.N,2.232
2026-02-12,TRN.N,1.725
2026-02-12,ZGN.N,0.424044247682575
2026-02-12,SNPS.OQ,14.41008
2026-02-12,OWL.N,0.94529
2026-02-13,UBER.N,3.34749
2026-02-13,TRN.N,1.925
2026-02-13,ATNI.OQ,0.38
2026-02-13,AL.N,5.02633
2026-02-13,UNP.N,12.4594
2026-02-13,RXO.N,0.00106
2026-02-16,CTVA.N,3.64519
2026-02-17,MCK.N,39.0244
2026-02-17,NIC.N,11.51175
2026-02-17,USB.N,5.03163
2026-02-18,UBER.N,3.34936
2026-02-18,ZWS.N,1.659
2026-02-19,ICUI.OQ,8.05314
2026-02-19,AL.N,5.115
2026-02-19,NIC.N,11.975
2026-02-19,UNP.N,12.47438
2026-02-19,AON.N,19.1415
2026-02-20,UBER.N,3.35293
2026-02-20,ICUI.OQ,8.11129
2026-02-20,SNPS.OQ,14.40367
2026-02-22,GOOG.OQ,11.4032
2026-02-23,RBRK.N,-0.17259
2026-02-23,ARQ.OQ,-0.124
2026-02-23,UBER.N,3.34917
2026-02-23,USB.N,5.03413
2026-02-23,SNPS.OQ,14.37475
2026-02-24,NVAX.OQ,0.14467
2026-02-24,OWL.N,0.94314
2026-02-24,CZFS.OQ,7.81
2026-02-25,RBRK.N,-0.17305
2026-02-25,IBTA.N,-0.44571
2026-02-25,ROOT.OQ,2.1115
2026-02-25,SNPS.OQ,14.39204
2026-02-26,LCNB.OQ,1.77
2026-02-26,PKG.N,10.83733
2026-02-26,PSNL.OQ,-0.98771
2026-02-26,IBTA.N,-0.76
2026-02-26,NVAX.OQ,-0.40867
2026-02-26,AON.N,19.145
2026-02-26,USB.N,5.03621
2026-02-26,SNPS.OQ,14.43338
2026-02-27,PSNL.OQ,-1.05286
2026-02-27,MBI.N,-0.495
2026-02-27,NVAX.OQ,-0.35867
2026-02-27,LRCX.OQ,5.31255
2026-02-27,ROOT.OQ,1.96067
2026-02-27,SNPS.OQ,14.44296
2026-02-28,PFSI.N,12.72183
2026-02-28,NKTX.OQ,-1.358
2026-03-02,AAON.OQ,2.00183
2026-03-02,MCK.N,39.02507
2026-03-02,NVAX.OQ,-0.35478
2026-03-02,UNP.N,12.47729
2026-03-02,ROOT.OQ,2.0468
2026-03-02,SNPS.OQ,14.46141
2026-03-02,OWL.N,0.94171
2026-03-03,CXDO.OQ,0.357
2026-03-03,SGC.OQ,0.7175
2026-03-03,AAON.OQ,1.98017
2026-03-03,RIGL.OQ,4.17275
2026-03-03,CUBE.N,1.44286
2026-03-04,CXDO.OQ,0.38183
2026-03-04,SGC.OQ,0.655
2026-03-04,PSNL.OQ,-1.06429
2026-03-04,RIGL.OQ,4.12667
2026-03-04,EHAB.N,0.61333
2026-03-04,AON.N,19.1345
2026-03-04,CUBE.N,1.58238
2026-03-04,RXO.N,-0.00417
2026-03-04,OWL.N,0.93886
2026-03-05,PFSI.N,11.90017
2026-03-05,PSNL.OQ,-1.06833
2026-03-05,ATNI.OQ,0.62
2026-03-05,EHAB.N,0.60333
2026-03-05,AON.N,19.1315
2026-03-05,CUBE.N,1.62483
2026-03-05,ZGN.N,0.412999825895189
2026-03-05,EVMN.N,-2.75857
2026-03-06,SGC.OQ,0.62667
2026-03-06,CRMT.OQ,-1.455
2026-03-06,GOOG.OQ,11.4142
2026-03-06,SNPS.OQ,14.45852
2026-03-08,UBER.N,3.3626
2026-03-09,PFSI.N,11.85017
2026-03-09,ZGN.N,0.413276704677682
2026-03-09,OWL.N,0.93743
2026-03-09,EVMN.N,-2.79143
2026-03-10,ARQ.OQ,-0.066
2026-03-10,UBER.N,3.37026
2026-03-10,CXDO.OQ,0.3722
2026-03-10,SGC.OQ,0.595
2026-03-10,CTVA.N,3.65814
2026-03-10,CHRS.OQ,-0.9
2026-03-10,LRCX.OQ,5.3139
2026-03-10,EVMN.N,-2.72375
2026-03-11,PFSI.N,12.206
2026-03-11,EHAB.N,0.63667
2026-03-11,USB.N,5.03746
2026-03-12,RBRK.N,0.13823
2026-03-12,CHRS.OQ,-0.835
2026-03-12,CRMT.OQ,-2.32
2026-03-12,EVMN.N,-2.71833
2026-03-13,RBRK.N,0.19459
2026-03-13,LCNB.OQ,1.73
2026-03-15,RBRK.N,0.19577
2026-03-16,LCNB.OQ,1.69
2026-03-16,MCK.N,39.0235
2026-03-16,CHRS.OQ,-0.91
2026-03-16,ROOT.OQ,2.0562
2026-03-16,RXO.N,-0.00306
2026-03-16,OWL.N,0.93243
2026-03-17,RBRK.N,0.17462
2026-03-17,ARQ.OQ,-0.0775
2026-03-17,UBER.N,3.37685
2026-03-17,PKG.N,10.78733
2026-03-17,AON.N,19.1155
2026-03-18,UBER.N,3.37588
2026-03-18,CTVA.N,3.66424
2026-03-18,NVAX.OQ,-0.40038
2026-03-18,USB.N,5.04121
2026-03-18,EVMN.N,-2.75857
2026-03-19,ARQ.OQ,-0.09333
2026-03-19,MCK.N,39.02288
2026-03-19,UNP.N,12.47938
2026-03-20,RBRK.N,0.17441
2026-03-20,ZGN.N,0.442172856646998
2026-03-20,USB.N,5.04038
2026-03-22,CUBE.N,1.59557
2026-03-23,UBER.N,3.37944
2026-03-23,AON.N,19.11315
2026-03-23,ZGN.N,0.442799414756497
2026-03-23,OWL.N,0.93029
2026-03-24,PKG.N,10.772
2026-03-24,CTVA.N,3.66262
2026-03-24,ZGN.N,0.445708316406477
2026-03-24,SAMG.OQ,1.195
2026-03-24,USB.N,5.04121
2026-03-24,GOOG.OQ,11.41433
2026-03-25,USB.N,5.04342
2025-10-24,UVE.N,3.34
2025-11-05,ACTG.OQ,0.04
2025-11-06,NUS.N,1.42
2025-11-10,NRDS.OQ,0.62683
2025-11-25,MASS.OQ,-0.805
2025-12-11,IE.A,-0.565
2025-12-11,IE.A,-0.7
2025-12-16,AOUT.OQ,0.11
2025-12-19,SEM.N,1.23317
2026-01-07,SEVN.OQ,1.14333
2026-01-07,SEVN.OQ,1.20667
2026-01-12,HUN.N,-0.66707
2026-01-13,SWX.N,3.63025
2026-01-16,ASIX.N,2.2
2026-01-16,LDOS.N,11.82362
2026-01-16,ASIX.N,2.02
2026-01-20,HPE.N,2.36572
2026-01-21,CMC.N,7.385
2026-01-22,AWI.N,7.478
2026-01-22,CAL.N,0.55
2026-01-27,UVE.N,5.32
2026-01-30,GOOD.OQ,0.15
2026-01-30,PLXS.OQ,7.68729
2026-01-30,GOOD.OQ,0.12
2026-02-02,PRA.N,1.06133
2026-02-02,OKE.N,5.41347
2026-02-02,MNSB.OQ,2.12
2026-02-02,SR.N,5.157
2026-02-02,SKWD.OQ,3.84942
2026-02-04,NRIX.OQ,-3.06063
2026-02-05,REYN.OQ,1.59343
2026-02-06,UTHR.OQ,27.12523
2026-02-08,RYZ.N,-1.215
2026-02-08,NREF.N,1.9075
2026-02-08,RYZ.N,1.26
2026-02-09,SLAB.OQ,2.71844
2026-02-09,BCBP.OQ,1.14
2026-02-09,MOD.N,4.88543
2026-02-10,CPNG.N,0.18318
2026-02-10,SWK.N,5.34693
2026-02-10,OLMA.OQ,-1.875
2026-02-11,MET.N,9.78671
2026-02-11,NOV.N,1.03607
2026-02-12,FRT.N,3.02889
2026-02-12,QLYS.OQ,7.37619
2026-02-12,PII.N,1.69169
2026-02-12,THR.N,2.125
2026-02-12,DHR.N,8.40848
2026-02-12,EQIX.OQ,16.1248
2026-02-12,MOH.N,8.23631
2026-02-12,USFD.N,4.74433
2026-02-12,SIRI.OQ,3.0661
2026-02-13,FRT.N,3.00333
2026-02-13,PII.N,1.63731
2026-02-13,DHR.N,8.40829
2026-02-13,EQIX.OQ,16.17393
2026-02-13,MOH.N,7.13694
2026-02-13,USFD.N,4.76133
2026-02-13,NUS.N,1.0
2026-02-17,NOV.N,1.03756
2026-02-17,PII.N,1.63106
2026-02-17,UTHR.OQ,27.09754
2026-02-17,HPE.N,2.36044
2026-02-17,HUN.N,-0.27907
2026-02-17,DHR.N,8.40767
2026-02-17,LDOS.N,12.33673
2026-02-17,USFD.N,4.76438
2026-02-18,HUN.N,-0.37867
2026-02-18,LDOS.N,12.3314
2026-02-18,EQIX.OQ,16.67555
2026-02-18,MOD.N,4.8835
2026-02-19,FRT.N,3.00556
2026-02-19,CPNG.N,0.30464
2026-02-19,SEVN.OQ,1.05
2026-02-19,UTHR.OQ,27.10771
2026-02-19,HPE.N,2.35489
2026-02-19,HUN.N,-0.39933
2026-02-19,LDOS.N,12.30607
2026-02-19,USFD.N,4.78385
2026-02-19,SEM.N,1.30583
2026-02-20,OKE.N,5.41439
2026-02-20,HUN.N,-0.44733
2026-02-20,EQIX.OQ,16.6741
2026-02-20,MOH.N,6.63694
2026-02-20,GOOD.OQ,0.17667
2026-02-20,SEM.N,1.2775
2026-02-22,ASIX.N,2.025
2026-02-22,OKE.N,5.841
2026-02-22,RYZ.N,1.22
2026-02-22,SEM.N,1.2925
2026-02-23,MET.N,9.78893
2026-02-23,NOV.N,1.02594
2026-02-23,PRA.N,1.13367
2026-02-23,SWK.N,5.344
2026-02-23,SKWD.OQ,4.806
2026-02-24,AWI.N,8.3346
2026-02-24,OKE.N,5.794
2026-02-24,LDOS.N,12.186
2026-02-24,SKWD.OQ,4.866
2026-02-25,FRT.N,3.04778
2026-02-25,NRIX.OQ,-3.04875
2026-02-25,SWX.N,4.18288
2026-02-25,AWI.N,8.27811
2026-02-25,UTHR.OQ,29.1705
2026-02-25,CMC.N,7.34571
2026-02-25,OKE.N,5.7513
2026-02-25,THR.N,2.122
2026-02-25,RYZ.N,1.145
2026-02-25,NRDS.OQ,0.88333
2026-02-25,SKWD.OQ,4.87017
2026-02-25,UVE.N,4.0
2026-02-26,UTHR.OQ,29.35836
2026-02-26,OKE.N,5.723
2026-02-26,NRDS.OQ,0.91333
2026-02-26,SKWD.OQ,4.87433
2026-02-26,NREF.N,1.905
2026-02-27,CPNG.N,0.27213
2026-02-27,OKE.N,5.7105
2026-02-27,SKWD.OQ,4.8705
2026-03-01,CPNG.N,0.31786
2026-03-01,PLXS.OQ,7.70014
2026-03-01,HPE.N,2.35433
2026-03-02,ASIX.N,1.525
2026-03-02,PRA.N,1.132
2026-03-02,UTHR.OQ,29.03121
2026-03-02,CMC.N,7.37429
2026-03-02,OKE.N,5.7035
2026-03-02,IE.A,-0.607
2026-03-02,SKWD.OQ,4.88844
2026-03-02,SEM.N,1.28083
2026-03-03,MET.N,9.77775
2026-03-03,NOV.N,1.01839
2026-03-03,OKE.N,5.7035
2026-03-03,MASS.OQ,-0.365
2026-03-03,NRDS.OQ,0.93167
2026-03-03,SKWD.OQ,4.8796
2026-03-04,CPNG.N,0.308
2026-03-04,UTHR.OQ,28.86427
2026-03-04,OKE.N,5.5865
2026-03-04,LDOS.N,12.156
2026-03-04,MOH.N,6.54182
2026-03-04,MASS.OQ,-0.505
2026-03-04,NRDS.OQ,0.924
2026-03-04,SKWD.OQ,4.8842
2026-03-05,FRT.N,3.05625
2026-03-05,NOV.N,1.01372
2026-03-05,CPNG.N,0.2135
2026-03-05,PII.N,1.63106
2026-03-05,OKE.N,5.58415
2026-03-05,SEM.N,1.26667
2026-03-06,MET.N,9.79318
2026-03-06,LDOS.N,12.15546
2026-03-07,FRT.N,2.97875
2026-03-09,UTHR.OQ,28.81058
2026-03-09,HPE.N,2.38953
2026-03-09,DHR.N,8.40888
2026-03-10,MET.N,9.79029
2026-03-10,PII.N,1.63218
2026-03-10,OKE.N,5.56957
2026-03-10,HPE.N,2.41163
2026-03-10,DHR.N,8.40804
2026-03-10,EQIX.OQ,16.60555
2026-03-11,FRT.N,2.93875
2026-03-11,CPNG.N,0.20564
2026-03-11,HPE.N,2.41374
2026-03-11,MOH.N,5.96644
2026-03-11,ACTG.OQ,-0.39
2026-03-12,HUN.N,-0.4422
2026-03-12,SKWD.OQ,4.87746
2026-03-13,AOUT.OQ,0.145
2026-03-13,PII.N,1.63806
2026-03-13,MOH.N,5.54033
2026-03-13,NRDS.OQ,0.91
2026-03-16,PLXS.OQ,7.70157
2026-03-16,CAL.N,0.53
2026-03-16,HPE.N,2.41839
2026-03-16,OLMA.OQ,-2.2833
2026-03-17,CPNG.N,0.24475
2026-03-17,EQIX.OQ,16.676
2026-03-17,USFD.N,4.78333
2026-03-17,OLMA.OQ,-2.2693
2026-03-18,OKE.N,5.57027
2026-03-18,HUN.N,-0.43021
2026-03-18,DHR.N,8.40929
2026-03-18,SIRI.OQ,3.07009
2026-03-18,OLMA.OQ,-2.2473
2026-03-19,CAL.N,1.53333
2026-03-19,SWK.N,5.34435
2026-03-20,OKE.N,5.5694
2026-03-23,SWK.N,5.34035
2026-03-23,OKE.N,5.60433
2026-03-23,HUN.N,-0.43736
2026-03-24,PII.N,1.64688
2026-03-24,CMC.N,7.26
2026-03-24,SKWD.OQ,4.88267
2025-09-16,WY.N,0.60917
2025-11-07,AHCO.OQ,0.68167
2025-11-07,NN.OQ,-0.98
2025-12-10,CTGO.A,-1.5
2025-12-12,IDT.N,3.76
2026-01-08,LAMR.OQ,5.8935
2026-01-12,ZM.OQ,5.96896
2026-01-12,RLJ.N,-0.0025
2026-01-13,WTTR.N,0.21225
2026-01-13,BCC.N,3.40471
2026-01-13,AEHR.OQ,-0.125
2026-01-13,WTTR.N,0.2188
2026-01-14,BGC.OQ,1.34
2026-01-15,BCC.N,3.88629
2026-01-20,FFAI.OQ,-3.52
2026-01-22,OPRT.OQ,1.349
2026-01-25,EME.N,25.231
2026-01-26,MSBI.OQ,2.70125
2026-01-26,GRAL.OQ,-11.87333
2026-01-28,ARRY.OQ,0.66847
2026-01-30,SILA.N,0.675
2026-01-30,AX.N,8.458
2026-01-30,GH.OQ,-2.11523
2026-01-30,SILA.N,0.855
2026-02-02,PGC.OQ,3.56667
2026-02-02,SBSI.N,3.175
2026-02-02,RMD.N,11.00688
2026-02-02,UPB.OQ,-2.57625
2026-02-02,PGC.OQ,2.04333
2026-02-03,OFIX.OQ,-2.26
2026-02-03,WASH.OQ,3.4125
2026-02-03,OFIX.OQ,-2.27
2026-02-04,LKQ.OQ,3.10125
2026-02-05,INGR.N,11.39217
2026-02-05,SXI.N,8.8875
2026-02-06,BARK.N,-0.085
2026-02-07,EVTC.N,3.56667
2026-02-07,COUR.N,0.43077
2026-02-08,RMAX.N,1.3125
2026-02-09,MRSH.N,10.3961
2026-02-10,NG.A,-0.1886
2026-02-10,GPI.N,42.8448
2026-02-10,BDN.N,-0.73
2026-02-11,EVR.N,18.37478
2026-02-11,CMP.N,0.7375
2026-02-12,SITE.N,4.31633
2026-02-12,PENN.OQ,-4.6063
2026-02-12,SPSC.OQ,4.52008
2026-02-12,ZG.OQ,2.2075
2026-02-12,CRK.N,0.92507
2026-02-12,IVT.N,0.21333
2026-02-13,SPSC.OQ,4.51
2026-02-13,ZG.OQ,2.20971
2026-02-13,AX.N,8.485
2026-02-13,CRK.N,0.92721
2026-02-13,BGC.OQ,1.4
2026-02-13,MRSH.N,10.39419
2026-02-16,SPSC.OQ,4.49042
2026-02-16,BGC.OQ,1.405
2026-02-16,MRSH.N,10.39414
2026-02-17,CTGO.A,3.23
2026-02-17,GRAL.OQ,-11.6175
2026-02-17,CTGO.A,-2.13
2026-02-17,GH.OQ,-2.18986
2026-02-18,INGR.N,11.4305
2026-02-18,CRK.N,0.7893
2026-02-18,MRSH.N,10.39214
2026-02-19,WTTR.N,0.2368
2026-02-19,RMAX.N,1.31
2026-02-19,GRAL.OQ,-10.952
2026-02-19,GH.OQ,-2.66867
2026-02-19,IVT.N,0.2
2026-02-19,LKQ.OQ,3.16778
2026-02-19,KINS.OQ,2.15
2026-02-19,KINS.OQ,2.72
2026-02-20,SITE.N,4.31078
2026-02-20,RMAX.N,1.33
2026-02-20,PENN.OQ,-4.47367
2026-02-20,CRK.N,0.81573
2026-02-20,GRAL.OQ,-11.002
2026-02-20,GH.OQ,-2.844
2026-02-20,LKQ.OQ,3.10222
2026-02-20,LAMR.OQ,5.7794
2026-02-23,WTTR.N,0.23233
2026-02-23,CRK.N,0.78025
2026-02-23,RLJ.N,-0.0075
2026-02-23,GRAL.OQ,-11.018
2026-02-23,GPI.N,42.7328
2026-02-23,GH.OQ,-2.82333
2026-02-23,LKQ.OQ,3.06889
2026-02-23,LAMR.OQ,5.6906
2026-02-23,RLJ.N,0.022
2026-02-24,WTTR.N,0.23
2026-02-24,AHCO.OQ,0.9925
2026-02-24,CRK.N,0.81408
2026-02-24,BCC.N,4.13914
2026-02-25,ZM.OQ,6.00666
2026-02-25,WTTR.N,0.295
2026-02-25,AHCO.OQ,0.99375
2026-02-25,OFIX.OQ,-1.57
2026-02-25,ARRY.OQ,0.81747
2026-02-26,ZM.OQ,5.91483
2026-02-26,WTTR.N,0.2988
2026-02-26,RMAX.N,1.34
2026-02-26,EVTC.N,3.81717
2026-02-26,AHCO.OQ,0.99625
2026-02-26,OPRT.OQ,1.49557
2026-02-26,PENN.OQ,1.27308
2026-02-26,EME.N,27.99911
2026-02-26,GH.OQ,-2.80154
2026-02-26,ARRY.OQ,0.73274
2026-02-26,MRSH.N,10.3885
2026-02-26,BCC.N,4.05771
2026-02-26,LKQ.OQ,3.035
2026-02-27,ZM.OQ,5.91345
2026-02-27,EVTC.N,3.86217
2026-02-27,OPRT.OQ,1.44271
2026-02-27,EME.N,28.03244
2026-02-27,GPI.N,42.4538
2026-02-27,ARRY.OQ,0.711
2026-02-27,BCC.N,4.16486
2026-03-02,ZM.OQ,5.90338
2026-03-02,EVTC.N,3.91217
2026-03-02,OPRT.OQ,1.5465
2026-03-02,PENN.OQ,1.26483
2026-03-02,EME.N,28.25322
2026-03-02,RLJ.N,0.02
2026-03-02,CMP.N,0.7825
2026-03-02,ARRY.OQ,0.711
2026-03-02,BCC.N,4.14233
2026-03-02,AEHR.OQ,-0.1275
2026-03-03,ZM.OQ,5.89179
2026-03-03,AHCO.OQ,1.01143
2026-03-03,GPI.N,42.4498
2026-03-03,ARRY.OQ,0.705
2026-03-03,BCC.N,4.022
2026-03-04,ZM.OQ,5.873
2026-03-04,GPI.N,42.75436
2026-03-04,ARRY.OQ,0.70474
2026-03-05,ZM.OQ,5.87067
2026-03-05,PENN.OQ,1.166
2026-03-05,EME.N,28.09738
2026-03-05,CRK.N,0.80946
2026-03-05,CMP.N,0.8075
2026-03-05,IVT.N,0.2075
2026-03-06,EME.N,28.25878
2026-03-06,CRK.N,0.81254
2026-03-06,ARRY.OQ,0.702
2026-03-06,MRSH.N,10.38377
2026-03-09,CRK.N,0.84307
2026-03-10,EME.N,28.3159
2026-03-10,SXI.N,8.8475
2026-03-11,PENN.OQ,1.172
2026-03-11,ZG.OQ,2.21324
2026-03-11,RMD.N,11.00277
2026-03-11,RLJ.N,-0.02667
2026-03-11,MRSH.N,10.38696
2026-03-12,EVR.N,18.19478
2026-03-12,CRK.N,0.83307
2026-03-13,COUR.N,0.43231
2026-03-13,PGC.OQ,3.56
2026-03-15,RMD.N,11.001
2026-03-16,BCC.N,3.95143
2026-03-17,NN.OQ,-0.53
2026-03-17,PENN.OQ,1.1608
2026-03-17,INGR.N,11.39471
2026-03-18,NN.OQ,-0.59
2026-03-18,GRAL.OQ,-11.036
2026-03-19,KINS.OQ,2.3
2026-03-19,CTGO.A,0.68
2026-03-20,GPI.N,42.74073
2026-03-23,MRSH.N,10.3857
2026-03-24,ARRY.OQ,0.7021
2026-03-25,GH.OQ,-2.80833
2025-10-30,BELFA.OQ,7.05
2025-10-30,BELFA.OQ,6.659
2025-11-05,HLMN.OQ,0.58286
2025-11-05,CLOV.OQ,-0.17333
2025-11-06,TPC.N,1.63333
2025-11-06,TPC.N,3.7875
2025-11-11,REFI.OQ,1.71333
2025-11-11,HFFG.OQ,0.37
2025-11-11,HFFG.OQ,0.34
2025-11-12,NGS.N,1.94333
2025-11-12,NGS.N,1.62333
2025-11-14,AREN.A,2.64
2025-11-14,TTEC.OQ,1.07
2025-11-14,AREN.A,0.82
2025-11-14,TTEC.OQ,1.3325
2025-12-02,SRTA.OQ,-0.15
2025-12-02,SRTA.OQ,-0.055
2025-12-10,DBI.N,-0.035
2025-12-10,WRBY.N,0.38833
2025-12-15,PLAY.OQ,0.12625
2025-12-16,FEIM.OQ,0.88
2026-01-13,JXN.N,21.833
2026-01-15,USNA.N,1.74
2026-01-16,IIIN.N,2.72
2026-01-19,CLOV.OQ,-0.02
2026-01-21,SFBS.N,6.35
2026-01-22,MYRG.OQ,7.07313
2026-01-22,TARA.OQ,-1.25
2026-01-26,SMTI.OQ,0.2
2026-01-28,SARO.N,1.184
2026-01-29,CWENa.N,1.90857
2026-01-30,PLSE.OQ,-1.495
2026-01-30,PLSE.OQ,-1.195
2026-02-02,CHMG.OQ,7.1
2026-02-03,MDV.N,-0.18333
2026-02-04,NIQ.N,0.3211
2026-02-05,NVR.N,429.905
2026-02-06,WMS.N,6.15333
2026-02-06,CNMD.N,4.35567
2026-02-06,POWI.OQ,1.294
2026-02-08,FCF.N,1.7584
2026-02-08,NPB.N,2.6955
2026-02-09,CRCL.N,-0.48492
2026-02-09,UMBF.OQ,12.03525
2026-02-11,DHT.N,1.8125
2026-02-11,LPG.N,4.31
2026-02-11,KURA.OQ,-3.15342
2026-02-11,USNA.N,1.84
2026-02-12,THC.N,16.691
2026-02-12,MAR.OQ,11.57483
2026-02-12,FBIN.N,3.95668
2026-02-12,PCOR.N,1.81355
2026-02-12,CVS.N,7.16356
2026-02-12,QTWO.N,2.90869
2026-02-12,UTL.N,3.26
2026-02-13,THC.N,16.8355
2026-02-13,MAR.OQ,11.5491
2026-02-13,FBIN.N,3.76058
2026-02-13,PCOR.N,1.8197
2026-02-13,CVS.N,7.15743
2026-02-13,NVR.N,404.03333
2026-02-13,QTWO.N,2.91177
2026-02-16,FBIN.N,3.72058
2026-02-16,CVS.N,7.17084
2026-02-16,NVR.N,397.23667
2026-02-16,CRCL.N,-0.48817
2026-02-17,MAR.OQ,11.54462
2026-02-17,HLMN.OQ,0.58843
2026-02-18,JXN.N,24.472
2026-02-18,BELFA.OQ,7.205
2026-02-18,THC.N,16.91611
2026-02-18,FCF.N,1.757
2026-02-18,CVS.N,7.17756
2026-02-19,BELFA.OQ,7.256
2026-02-19,FBIN.N,3.55473
2026-02-19,SARO.N,1.177
2026-02-20,THC.N,16.98368
2026-02-20,FBIN.N,3.55131
2026-02-20,HLMN.OQ,0.58129
2026-02-20,PLSE.OQ,-1.42
2026-02-20,QTWO.N,2.91792
2026-02-20,TARA.OQ,-1.45
2026-02-22,JXN.N,25.046
2026-02-22,MAR.OQ,11.54259
2026-02-22,NPB.N,2.715
2026-02-23,FBIN.N,3.54829
2026-02-23,HLMN.OQ,0.58171
2026-02-23,CVS.N,7.17084
2026-02-23,CWENa.N,1.18429
2026-02-24,DHT.N,1.86375
2026-02-24,CVS.N,7.1703
2026-02-24,CWENa.N,1.13571
2026-02-25,JXN.N,25.12
2026-02-25,MYRG.OQ,8.97213
2026-02-25,SARO.N,1.242
2026-02-25,CRCL.N,0.89885
2026-02-26,MYRG.OQ,9.02875
2026-02-26,SARO.N,1.37
2026-02-26,CRCL.N,0.89192
2026-02-26,WRBY.N,0.4785
2026-02-27,MYRG.OQ,9.16
2026-02-27,TTEC.OQ,1.385
2026-02-27,TPC.N,3.8325
2026-02-27,NIQ.N,0.88154
2026-02-27,CRCL.N,0.91536
2026-02-27,CLOV.OQ,-0.02333
2026-02-27,WRBY.N,0.4822
2026-03-01,CVS.N,7.18124
2026-03-01,SARO.N,1.39
2026-03-01,QTWO.N,2.92108
2026-03-02,MYRG.OQ,9.26325
2026-03-02,TTEC.OQ,1.21
2026-03-02,HLMN.OQ,0.58029
2026-03-02,TPC.N,3.845
2026-03-02,NIQ.N,0.95385
2026-03-03,SMTI.OQ,0.65
2026-03-03,SMTI.OQ,0.2
2026-03-03,MYRG.OQ,9.2595
2026-03-03,DHT.N,1.9925
2026-03-03,NIQ.N,0.97154
2026-03-03,NVR.N,402.47
2026-03-03,UMBF.OQ,12.06442
2026-03-04,MYRG.OQ,9.248
2026-03-04,LPG.N,4.425
2026-03-04,SRTA.OQ,-0.095
2026-03-04,NVR.N,396.89857
2026-03-04,CRCL.N,0.98222
2026-03-04,TARA.OQ,-1.38875
2026-03-04,CLOV.OQ,-0.01
2026-03-05,DHT.N,2.13
2026-03-05,PLSE.OQ,-1.355
2026-03-05,KURA.OQ,-3.58808
2026-03-05,CRCL.N,0.98
2026-03-05,CLOV.OQ,-0.005
2026-03-05,WRBY.N,0.48244
2026-03-06,KURA.OQ,-3.68173
2026-03-06,CRCL.N,0.9612
2026-03-09,THC.N,17.0
2026-03-10,MYRG.OQ,9.28575
2026-03-10,MAR.OQ,11.55422
2026-03-10,HLMN.OQ,0.57886
2026-03-10,TARA.OQ,-1.4
2026-03-11,LPG.N,4.355
2026-03-11,DBI.N,-0.025
2026-03-11,PCOR.N,1.8216
2026-03-11,TARA.OQ,-1.47625
2026-03-11,WRBY.N,0.48689
2026-03-12,REFI.OQ,1.72
2026-03-12,MAR.OQ,11.54779
2026-03-12,TTEC.OQ,1.2125
2026-03-12,KURA.OQ,-3.85767
2026-03-12,CVS.N,7.17164
2026-03-12,TARA.OQ,-1.52
2026-03-13,KURA.OQ,-3.8039
2026-03-16,REFI.OQ,1.675
2026-03-16,FEIM.OQ,0.675
2026-03-17,HFFG.OQ,0.275
2026-03-17,PLAY.OQ,0.12625
2026-03-17,AREN.A,0.59
2026-03-17,NGS.N,1.93
2026-03-17,CVS.N,7.17157
2026-03-17,WRBY.N,0.49189
2026-03-18,HFFG.OQ,0.19
2026-03-18,NGS.N,2.00333
2026-03-19,CLOV.OQ,-0.00333
2026-03-23,FBIN.N,3.49431
2026-03-23,HLMN.OQ,0.57743
2026-03-23,USNA.N,2.0
2026-03-24,SRTA.OQ,-0.11
2026-03-25,FBIN.N,3.48494
2025-10-30,MFIN.OQ,1.59
2025-11-03,MDXG.OQ,0.3425
2025-11-11,BBAI.N,-0.92667
2025-11-13,SIGA.OQ,1.52
2025-11-13,SIGA.OQ,0.38
2025-12-10,CCRN.OQ,0.10333
2025-12-10,ALG.N,9.37833
2025-12-10,ALG.N,11.52475
2025-12-30,SLS.OQ,-0.26033
2025-12-30,SLS.OQ,-0.31533
2026-01-06,CWH.N,0.85825
2026-01-06,CWH.N,0.28375
2026-01-07,GIII.OQ,2.88875
2026-01-07,RGEN.OQ,1.66605
2026-01-08,CLDX.OQ,-3.66591
2026-01-08,MNKD.OQ,0.07667
2026-01-12,DH.OQ,0.24273
2026-01-15,LGIH.OQ,3.33125
2026-01-16,CARS.N,0.41
2026-01-28,SATS.OQ,-44.92857
2026-01-28,SATS.OQ,-3.614
2026-01-30,NXRT.N,-1.196
2026-01-30,ESS.N,5.998
2026-01-30,AVT.OQ,4.54
2026-01-30,NXRT.N,-1.328
2026-02-02,MRX.OQ,3.82083
2026-02-02,PRAA.OQ,-9.07
2026-02-02,NWN.N,2.91
2026-02-02,NWN.N,2.985
2026-02-03,JNJ.N,11.5337
2026-02-03,GNL.N,-1.515
2026-02-03,GNL.N,-0.585
2026-02-04,BMI.N,5.11539
2026-02-06,FUNC.OQ,4.25
2026-02-06,XOM.N,6.84623
2026-02-08,AGM.N,17.59
2026-02-08,CMTG.N,-1.228
2026-02-08,AGM.N,19.52333
2026-02-09,TWO.N,1.174
2026-02-09,RGLD.OQ,8.0247
2026-02-09,BA.N,0.14563
2026-02-10,SCCO.N,6.47975
2026-02-10,GBCI.N,3.14833
2026-02-11,MNRO.OQ,0.552
2026-02-11,APAM.N,4.12
2026-02-11,NJR.N,3.3725
2026-02-11,GEHC.OQ,5.063
2026-02-12,FAF.N,6.16
2026-02-12,OZK.OQ,5.9572
2026-02-12,AR.N,3.2283
2026-02-12,COTY.N,0.26708
2026-02-12,ATRC.OQ,-0.35
2026-02-12,BRKR.OQ,2.12287
2026-02-12,COHU.OQ,0.6126
2026-02-12,BILL.N,2.37805
2026-02-12,SSRM.OQ,1.6575
2026-02-12,SFL.N,0.086
2026-02-12,HLT.N,9.09088
2026-02-13,FAF.N,6.21
2026-02-13,AR.N,3.2808
2026-02-13,GEHC.OQ,5.06694
2026-02-13,BRKR.OQ,2.11973
2026-02-13,COHU.OQ,0.526
2026-02-13,BILL.N,2.38742
2026-02-13,SCCO.N,6.48012
2026-02-13,HLT.N,9.092
2026-02-15,XOM.N,6.83123
2026-02-15,SCCO.N,6.43094
2026-02-16,FAF.N,6.415
2026-02-16,BRKR.OQ,2.11867
2026-02-16,HLT.N,9.09188
2026-02-17,CMTG.N,-0.476
2026-02-17,LGIH.OQ,4.0675
2026-02-17,RGLD.OQ,8.0248
2026-02-17,ESS.N,6.005
2026-02-17,AR.N,3.30695
2026-02-17,COTY.N,0.27246
2026-02-17,ATRC.OQ,0.005
2026-02-17,GEHC.OQ,5.06711
2026-02-17,BA.N,0.07412
2026-02-17,SSRM.OQ,4.02429
2026-02-17,CMTG.N,-1.23167
2026-02-18,LGIH.OQ,3.35
2026-02-18,RGLD.OQ,12.7063
2026-02-18,MDXG.OQ,0.345
2026-02-18,ESS.N,6.05833
2026-02-18,AR.N,3.23347
2026-02-18,ATRC.OQ,0.0625
2026-02-18,SSRM.OQ,4.25143
2026-02-18,HLT.N,9.05185
2026-02-19,JNJ.N,11.53063
2026-02-19,LGIH.OQ,2.52875
2026-02-19,RGLD.OQ,13.1403
2026-02-19,ESS.N,5.95333
2026-02-19,NJR.N,3.358
2026-02-19,MFIN.OQ,1.425
2026-02-20,BA.N,0.21059
2026-02-20,AGM.N,19.50667
2026-02-20,CMTG.N,-0.612
2026-02-22,AGM.N,18.86333
2026-02-23,MDXG.OQ,0.11167
2026-02-23,MDXG.OQ,0.334
2026-02-23,AR.N,3.24229
2026-02-23,XOM.N,6.79596
2026-02-23,BMI.N,5.115
2026-02-23,SSRM.OQ,4.02286
2026-02-23,HLT.N,9.04129
2026-02-24,XOM.N,6.76291
2026-02-24,RGEN.OQ,2.0283
2026-02-24,SSRM.OQ,3.996
2026-02-25,NXRT.N,-1.368
2026-02-25,RGLD.OQ,13.19413
2026-02-25,CLDX.OQ,-4.544
2026-02-25,RGEN.OQ,1.9948
2026-02-25,CWH.N,0.78558
2026-02-25,SSRM.OQ,4.568
2026-02-25,SCCO.N,6.49973
2026-02-25,CMTG.N,-0.75667
2026-02-26,RGLD.OQ,13.08811
2026-02-26,MDXG.OQ,0.11333
2026-02-26,CLDX.OQ,-4.66108
2026-02-26,MNKD.OQ,0.08778
2026-02-26,PRAA.OQ,1.38333
2026-02-26,BA.N,0.27389
2026-02-26,DH.OQ,0.23455
2026-02-26,CWH.N,0.663
2026-02-26,CARS.N,0.69667
2026-02-27,ESS.N,5.91143
2026-02-27,CLDX.OQ,-4.69031
2026-02-27,MNKD.OQ,0.04778
2026-02-27,DH.OQ,0.18818
2026-02-27,CARS.N,0.66167
2026-02-28,CMTG.N,-0.75667
2026-03-01,RGLD.OQ,12.94011
2026-03-01,MNKD.OQ,0.03889
2026-03-02,JNJ.N,11.53229
2026-03-02,NXRT.N,-1.398
2026-03-02,FAF.N,6.48
2026-03-02,TWO.N,1.174
2026-03-02,CLDX.OQ,-4.77231
2026-03-02,XOM.N,6.72442
2026-03-02,BBAI.N,-0.29667
2026-03-02,BA.N,0.29337
2026-03-02,CARS.N,0.70667
2026-03-02,NWN.N,2.99
2026-03-03,NXRT.N,-1.32
2026-03-03,AR.N,3.25229
2026-03-03,CLDX.OQ,-4.80615
2026-03-03,GIII.OQ,2.90125
2026-03-03,MRX.OQ,4.32733
2026-03-03,BBAI.N,-0.3
2026-03-03,RGEN.OQ,1.96278
2026-03-03,SATS.OQ,-3.396
2026-03-03,ALG.N,10.93725
2026-03-03,NWN.N,3.01
2026-03-04,MDXG.OQ,0.11
2026-03-04,MRX.OQ,4.39167
2026-03-04,CCRN.OQ,0.06875
2026-03-04,RGEN.OQ,1.96263
2026-03-04,GEHC.OQ,5.06625
2026-03-04,SSRM.OQ,4.40333
2026-03-04,ALG.N,10.52475
2026-03-04,NWN.N,3.0175
2026-03-05,AR.N,3.29877
2026-03-05,AVT.OQ,4.54
2026-03-05,MNKD.OQ,0.00857
2026-03-05,PRAA.OQ,2.505
2026-03-05,CCRN.OQ,0.10333
2026-03-05,DH.OQ,0.165
2026-03-05,SATS.OQ,-3.396
2026-03-05,CARS.N,0.71
2026-03-05,SSRM.OQ,4.35667
2026-03-06,ESS.N,5.90714
2026-03-06,AR.N,3.287
2026-03-06,CCRN.OQ,0.12333
2026-03-06,COTY.N,0.27121
2026-03-06,NWN.N,3.05
2026-03-08,ALG.N,10.22325
2026-03-09,RGLD.OQ,12.91789
2026-03-09,AR.N,3.23772
2026-03-09,SATS.OQ,-1.825
2026-03-10,ESS.N,5.7725
2026-03-10,MRX.OQ,4.43
2026-03-10,RGEN.OQ,1.96211
2026-03-10,DH.OQ,0.16667
2026-03-10,SATS.OQ,-2.4
2026-03-10,HLT.N,9.05941
2026-03-11,XOM.N,6.84275
2026-03-11,CCRN.OQ,0.09875
2026-03-11,BA.N,0.2839
2026-03-11,SSRM.OQ,4.33667
2026-03-12,AR.N,3.29759
2026-03-12,GIII.OQ,2.37867
2026-03-13,ESS.N,5.77778
2026-03-13,AR.N,3.48877
2026-03-13,XOM.N,6.97775
2026-03-13,GIII.OQ,2.08533
2026-03-13,RGEN.OQ,1.9629
2026-03-13,SIGA.OQ,0.09
2026-03-14,GIII.OQ,2.2515
2026-03-15,RGLD.OQ,12.92011
2026-03-15,XOM.N,6.9795
2026-03-15,SCCO.N,6.7073
2026-03-16,CCRN.OQ,0.10667
2026-03-16,ALG.N,10.4086
2026-03-17,JNJ.N,11.53354
2026-03-17,TWO.N,1.17
2026-03-17,AR.N,3.51347
2026-03-17,XOM.N,6.97232
2026-03-17,SATS.OQ,-2.675
2026-03-18,JNJ.N,11.53738
2026-03-18,ESS.N,5.72333
2026-03-18,XOM.N,7.04792
2026-03-18,COTY.N,0.27285
2026-03-18,BA.N,0.22074
2026-03-19,JNJ.N,11.5405
2026-03-19,XOM.N,7.15432
2026-03-19,CCRN.OQ,0.10889
2026-03-19,BA.N,0.08763
2026-03-20,AR.N,3.53994
2026-03-22,RGLD.OQ,12.899
2026-03-23,SLS.OQ,-0.28733
2026-03-23,MNRO.OQ,0.542
2026-03-23,OZK.OQ,5.9696
2026-03-23,AR.N,3.746
2026-03-23,XOM.N,7.22136
2026-03-23,MRX.OQ,4.309
2026-03-24,COTY.N,0.27131
2026-03-25,AR.N,3.89011
2026-03-25,ATRC.OQ,0.06571
2026-03-25,RGEN.OQ,1.96358
2026-03-25,BA.N,0.00395
2025-09-19,LAUR.OQ,1.704
2025-09-26,GME.N,0.81
2025-09-26,GME.N,0.99
2025-11-06,ACCO.N,1.05333
2025-11-06,NAGE.OQ,0.182
2025-11-06,ACCO.N,0.84333
2025-11-11,GDOT.N,1.49
2025-11-11,GDOT.N,1.39333
2025-11-11,LINC.OQ,0.583
2025-11-11,CSV.N,3.2675
2025-12-01,CSV.N,3.4625
2025-12-02,ALH.N,0.937
2025-12-09,SB.N,0.32
2025-12-12,ZD.OQ,7.40743
2025-12-30,UHALb.N,0.77333
2026-01-08,PLTK.OQ,0.41382
2026-01-09,VEEV.N,7.93867
2026-01-12,SB.N,0.52
2026-01-13,UFPT.OQ,10.08025
2026-01-13,UFPT.OQ,8.86425
2026-01-14,GLUE.OQ,-0.27883
2026-01-15,TTD.OQ,1.76635
2026-01-15,TPL.N,6.985
2026-01-16,MASI.OQ,5.89644
2026-01-16,MASI.OQ,5.49811
2026-01-19,WAFD.OQ,3.0895
2026-01-20,ZD.OQ,6.7942
2026-01-22,MITT.N,0.81167
2026-01-22,CRL.N,10.23419
2026-01-28,BWB.OQ,1.87525
2026-01-30,TPL.N,8.19666
2026-02-02,RAPP.OQ,-2.84
2026-02-03,AES.N,2.17277
2026-02-03,ROP.OQ,21.46559
2026-02-05,ONEW.OQ,0.555
2026-02-06,DGII.OQ,2.31067
2026-02-06,LII.N,24.18032
2026-02-06,GOLD.N,2.28667
2026-02-08,FBP.N,2.16717
2026-02-09,BTU.N,2.56667
2026-02-09,MTB.N,18.80784
2026-02-09,CBSH.OQ,4.00667
2026-02-09,ZS.OQ,3.82875
2026-02-10,ESOA.OQ,0.62
2026-02-10,DC.A,-0.26
2026-02-10,MUR.N,0.78793
2026-02-10,LW.N,2.737
2026-02-11,PECO.OQ,0.69
2026-02-11,DGX.N,10.60263
2026-02-11,CTRA.N,2.16791
2026-02-11,ELMD.A,1.096
2026-02-11,GLIBA.OQ,4.16
2026-02-12,INCY.OQ,7.69879
2026-02-12,SEIC.OQ,5.675
2026-02-12,OPTU.N,-0.273
2026-02-12,KNSL.N,20.53708
2026-02-12,ACLX.OQ,-4.05568
2026-02-12,MGM.N,1.94013
2026-02-13,DGX.N,10.62037
2026-02-13,INCY.OQ,7.71261
2026-02-13,OPTU.N,-0.3215
2026-02-13,KNSL.N,20.42246
2026-02-15,BTU.N,2.69517
2026-02-16,UHALb.N,0.765
2026-02-16,OPTU.N,-0.30618
2026-02-17,MITT.N,0.9825
2026-02-17,LAUR.OQ,2.136
2026-02-17,DGX.N,10.63394
2026-02-17,KNSL.N,20.41046
2026-02-17,ZS.OQ,3.81316
2026-02-18,INCY.OQ,7.70594
2026-02-18,CRL.N,10.88138
2026-02-18,OPTU.N,-0.2988
2026-02-18,MGM.N,2.00835
2026-02-19,DGX.N,10.63394
2026-02-19,CRL.N,11.06319
2026-02-19,OPTU.N,-0.27225
2026-02-19,KNSL.N,20.28236
2026-02-20,AES.N,2.17239
2026-02-20,LAUR.OQ,2.148
2026-02-20,OPTU.N,-0.33257
2026-02-20,TPL.N,8.22333
2026-02-20,SB.N,0.55
2026-02-22,TPL.N,8.31666
2026-02-23,UHALb.N,0.78
2026-02-23,MTB.N,18.76845
2026-02-23,LINC.OQ,0.68
2026-02-23,DC.A,-0.27667
2026-02-23,SEIC.OQ,5.67429
2026-02-23,CRL.N,11.02331
2026-02-23,KNSL.N,20.38892
2026-02-23,ACLX.OQ,-4.04812
2026-02-23,MGM.N,2.02456
2026-02-23,PLTK.OQ,0.41127
2026-02-23,ACLX.OQ,-3.74967
2026-02-24,MITT.N,0.89333
2026-02-24,LAUR.OQ,2.106
2026-02-24,ZD.OQ,7.16871
2026-02-25,TTD.OQ,2.0522
2026-02-25,ZD.OQ,7.12571
2026-02-25,UFPT.OQ,9.955
2026-02-25,CRL.N,11.04007
2026-02-25,KNSL.N,20.37815
2026-02-25,TPL.N,8.26
2026-02-26,TTD.OQ,2.0764
2026-02-26,LAUR.OQ,2.07667
2026-02-26,INCY.OQ,7.69247
2026-02-26,CSV.N,3.4475
2026-02-26,UFPT.OQ,9.9925
2026-02-26,CTRA.N,2.10592
2026-02-26,KNSL.N,20.37431
2026-02-26,ZS.OQ,3.86884
2026-02-26,PLTK.OQ,0.56025
2026-02-27,AES.N,2.15777
2026-02-27,ESOA.OQ,0.57
2026-02-27,CSV.N,3.445
2026-02-27,ZS.OQ,3.97146
2026-02-27,ACLX.OQ,-3.737
2026-02-27,PLTK.OQ,0.56942
2026-03-01,TTD.OQ,2.0699
2026-03-01,ACLX.OQ,-3.68967
2026-03-02,AES.N,2.314
2026-03-02,ZS.OQ,3.9818
2026-03-02,PLTK.OQ,0.53775
2026-03-03,AES.N,2.31862
2026-03-03,ZD.OQ,7.038
2026-03-03,DGX.N,10.6265
2026-03-03,MUR.N,0.73464
2026-03-03,CTRA.N,2.08308
2026-03-03,ZS.OQ,3.9938
2026-03-03,ACLX.OQ,-3.47406
2026-03-04,AES.N,2.31854
2026-03-04,LII.N,24.19295
2026-03-04,NAGE.OQ,0.2775
2026-03-04,KNSL.N,20.35277
2026-03-04,VEEV.N,8.64907
2026-03-05,TTD.OQ,2.0699
2026-03-05,AES.N,2.31708
2026-03-05,ZD.OQ,7.11667
2026-03-05,LII.N,24.19137
2026-03-05,INCY.OQ,7.66835
2026-03-05,MUR.N,0.84964
2026-03-05,CTRA.N,2.11267
2026-03-05,NAGE.OQ,0.2725
2026-03-05,ZS.OQ,4.00281
2026-03-05,VEEV.N,8.78654
2026-03-05,LW.N,2.738
2026-03-05,PLTK.OQ,0.53358
2026-03-06,ZD.OQ,6.87183
2026-03-06,CTRA.N,2.11683
2026-03-06,GLUE.OQ,-0.28717
2026-03-06,ZS.OQ,4.00747
2026-03-06,VEEV.N,8.80118
2026-03-07,MITT.N,0.9775
2026-03-07,PECO.OQ,0.695
2026-03-08,MUR.N,0.81107
2026-03-08,CTRA.N,2.14242
2026-03-09,LAUR.OQ,2.07667
2026-03-09,CRL.N,11.04673
2026-03-09,OPTU.N,-0.331
2026-03-10,AES.N,2.32092
2026-03-10,DGX.N,10.6309
2026-03-10,MUR.N,1.00464
2026-03-10,CTRA.N,2.17908
2026-03-10,ACCO.N,0.98333
2026-03-10,RAPP.OQ,-3.373
2026-03-10,MGM.N,2.02567
2026-03-10,VEEV.N,8.80868
2026-03-11,LAUR.OQ,2.1
2026-03-11,CRL.N,11.00621
2026-03-11,CBSH.OQ,3.99333
2026-03-11,RAPP.OQ,-3.204
2026-03-11,MGM.N,2.00494
2026-03-11,VEEV.N,8.81604
2026-03-12,BTU.N,2.74517
2026-03-12,MUR.N,1.00457
2026-03-12,ALH.N,1.21238
2026-03-12,ACCO.N,0.86
2026-03-13,MUR.N,1.187
2026-03-13,CTRA.N,2.23146
2026-03-13,RAPP.OQ,-3.2333
2026-03-13,MGM.N,1.99837
2026-03-14,ALH.N,1.21363
2026-03-15,INCY.OQ,7.60585
2026-03-16,LII.N,24.18295
2026-03-16,RAPP.OQ,-3.2493
2026-03-16,LW.N,2.786
2026-03-17,GDOT.N,1.48333
2026-03-17,GLUE.OQ,-1.67
2026-03-17,RAPP.OQ,-3.34033
2026-03-17,LW.N,2.785
2026-03-19,PECO.OQ,0.70375
2026-03-19,ALH.N,1.24271
2026-03-19,KNSL.N,20.33217
2026-03-20,LINC.OQ,0.7
2026-03-20,MUR.N,1.40986
2026-03-20,OPTU.N,-0.331
2026-03-20,MGM.N,1.98205
2026-03-23,MUR.N,1.51215
2026-03-23,CTRA.N,2.28646
2026-03-23,VEEV.N,8.82085
2026-03-24,BTU.N,2.8835
2026-03-24,CTRA.N,2.34838
2026-03-24,LW.N,2.779
2026-03-25,LII.N,24.18347
2026-03-25,INCY.OQ,7.58835
2026-03-25,CRL.N,11.019
2026-03-25,CTRA.N,2.413
2026-03-25,ZS.OQ,4.00752
2025-04-17,WINA.OQ,12.4
2025-10-16,WINA.OQ,11.39
2025-10-24,ATOM.OQ,-0.51
2025-11-06,FTDR.OQ,3.998
2025-11-11,LEGH.OQ,1.8525
2025-11-11,LEGH.OQ,2.09
2025-12-12,ALCO.OQ,-0.755
2025-12-12,XMTR.OQ,0.33286
2025-12-14,CAPR.OQ,-2.15778
2025-12-22,INDI.OQ,-0.28286
2026-01-05,LRMR.OQ,-1.95227
2026-01-08,PRG.N,3.41375
2026-01-13,GRDN.N,0.7
2026-01-14,OMDA.OQ,-0.25556
2026-01-21,FRPT.OQ,2.09878
2026-01-22,FNF.N,5.081
2026-01-26,SVV.N,0.456
2026-01-27,NTLA.OQ,-3.98336
2026-01-27,SPFI.OQ,3.7025
2026-01-29,PFS.N,2.374
2026-01-29,CELH.OQ,1.26687
2026-01-30,KEX.N,6.76467
2026-02-01,CGEM.OQ,-3.53125
2026-02-01,FRBA.OQ,1.93
2026-02-02,DGICA.OQ,2.15
2026-02-02,APLS.OQ,0.21539
2026-02-04,MSGE.N,1.28833
2026-02-06,TT.N,14.80217
2026-02-07,BKU.N,4.14022
2026-02-08,AII.N,5.29683
2026-02-08,AII.N,2.73167
2026-02-09,LBRT.N,-0.43714
2026-02-09,DAVE.OQ,12.1146
2026-02-10,SFM.OQ,5.26963
2026-02-10,TRDA.OQ,-3.75833
2026-02-10,IQV.N,12.6706
2026-02-10,POWW.OQ,-0.055
2026-02-10,PNC.N,18.41804
2026-02-11,XYZ.N,2.38315
2026-02-11,EOG.N,10.12479
2026-02-11,DHI.N,10.66652
2026-02-12,IRT.N,0.21714
2026-02-12,AVNT.N,3.071
2026-02-12,SGHC.N,0.58960511791865
2026-02-12,TRU.N,4.77348
2026-02-12,BTDR.OQ,-0.43875
2026-02-12,SOLS.OQ,2.79
2026-02-12,ECL.N,8.51264
2026-02-12,MDLZ.OQ,3.0455
2026-02-13,XYZ.N,2.38285
2026-02-13,IRT.N,0.23125
2026-02-13,AVNT.N,3.073
2026-02-13,EOG.N,10.12617
2026-02-13,TRU.N,4.73538
2026-02-13,BTDR.OQ,-0.575
2026-02-13,SOLS.OQ,2.755
2026-02-13,ECL.N,8.51715
2026-02-13,MDLZ.OQ,3.0457
2026-02-17,SFM.OQ,5.269
2026-02-17,EOG.N,10.12514
2026-02-17,LBRT.N,-0.4375
2026-02-17,IQV.N,12.67438
2026-02-17,CGEM.OQ,-3.559
2026-02-17,FRPT.OQ,2.25767
2026-02-17,TRU.N,4.7311
2026-02-17,PNC.N,18.42804
2026-02-17,ECL.N,8.51683
2026-02-17,ATOM.OQ,-0.52
2026-02-17,MDLZ.OQ,3.04483
2026-02-18,PRG.N,4.04575
2026-02-18,AVNT.N,3.065
2026-02-18,IQV.N,12.67932
2026-02-18,TRU.N,4.71586
2026-02-18,SOLS.OQ,2.696
2026-02-18,ECL.N,8.51821
2026-02-18,MDLZ.OQ,3.03787
2026-02-19,SFM.OQ,5.65663
2026-02-19,PRG.N,4.19575
2026-02-19,XYZ.N,2.37285
2026-02-19,IRT.N,0.2225
2026-02-19,AVNT.N,3.05778
2026-02-19,INDI.OQ,-0.07714
2026-02-19,WINA.OQ,12.11
2026-02-19,DGICA.OQ,2.05
2026-02-19,SVV.N,0.524
2026-02-19,TRU.N,4.7052
2026-02-19,BTDR.OQ,-0.71167
2026-02-20,SFM.OQ,5.641
2026-02-20,INDI.OQ,-0.10714
2026-02-20,IQV.N,12.68836
2026-02-20,FNF.N,6.134
2026-02-20,SVV.N,0.49455
2026-02-21,INDI.OQ,-0.11286
2026-02-23,SFM.OQ,5.60338
2026-02-23,FNF.N,6.132
2026-02-23,FRPT.OQ,1.43842
2026-02-23,SGHC.N,0.576967040218711
2026-02-23,TRU.N,4.71267
2026-02-23,MDLZ.OQ,3.03791
2026-02-24,SFM.OQ,5.58693
2026-02-24,INDI.OQ,-0.12
2026-02-24,EOG.N,9.69955
2026-02-24,IQV.N,12.68635
2026-02-24,XMTR.OQ,0.72278
2026-02-24,FRBA.OQ,1.91
2026-02-24,FRPT.OQ,1.58085
2026-02-24,PFS.N,2.374
2026-02-24,SGHC.N,0.56891295391678
2026-02-24,TRU.N,4.72527
2026-02-24,BTDR.OQ,-0.78857
2026-02-24,APLS.OQ,-1.05865
2026-02-25,EOG.N,9.67403
2026-02-25,IQV.N,12.68896
2026-02-25,FNF.N,6.01667
2026-02-25,XMTR.OQ,0.721
2026-02-25,APLS.OQ,-1.15921
2026-02-25,AII.N,2.79
2026-02-26,SFM.OQ,5.56293
2026-02-26,XYZ.N,3.26771
2026-02-26,NTLA.OQ,-3.68562
2026-02-26,AVNT.N,3.065
2026-02-26,FTDR.OQ,4.412
2026-02-26,EOG.N,9.6067
2026-02-26,TRDA.OQ,-4.05857
2026-02-26,CELH.OQ,1.58206
2026-02-27,XYZ.N,3.50668
2026-02-27,NTLA.OQ,-3.61927
2026-02-27,EOG.N,9.5987
2026-02-27,TRDA.OQ,-3.87429
2026-02-27,CELH.OQ,1.61528
2026-03-01,FTDR.OQ,4.478
2026-03-01,EOG.N,9.53437
2026-03-02,XYZ.N,3.56803
2026-03-02,NTLA.OQ,-3.64713
2026-03-02,AVNT.N,3.062
2026-03-02,TRDA.OQ,-3.91429
2026-03-02,IQV.N,12.68358
2026-03-02,DAVE.OQ,12.57571
2026-03-02,LRMR.OQ,-1.97146
2026-03-02,FRPT.OQ,1.55273
2026-03-02,CELH.OQ,1.62806
2026-03-03,XYZ.N,3.58852
2026-03-03,NTLA.OQ,-3.62061
2026-03-03,EOG.N,9.52073
2026-03-03,DAVE.OQ,13.38143
2026-03-03,DHI.N,10.64759
2026-03-03,CELH.OQ,1.62322
2026-03-03,APLS.OQ,-1.18063
2026-03-03,AII.N,2.77
2026-03-04,NTLA.OQ,-3.59496
2026-03-04,EOG.N,9.47373
2026-03-04,DAVE.OQ,13.31714
2026-03-04,TVGN.OQ,-7.5
2026-03-05,XYZ.N,3.68833
2026-03-05,NTLA.OQ,-3.60733
2026-03-05,EOG.N,9.41473
2026-03-05,FNF.N,6.01667
2026-03-05,OMDA.OQ,-0.01889
2026-03-05,CELH.OQ,1.62933
2026-03-05,APLS.OQ,-1.15588
2026-03-05,AII.N,2.756
2026-03-06,PRG.N,4.26475
2026-03-06,XYZ.N,3.68875
2026-03-06,EOG.N,9.36267
2026-03-06,IQV.N,12.6916
2026-03-06,FRPT.OQ,1.55267
2026-03-06,OMDA.OQ,0.03189
2026-03-06,CELH.OQ,1.62878
2026-03-08,CELH.OQ,1.636
2026-03-08,MDLZ.OQ,3.03675
2026-03-08,AII.N,2.82
2026-03-09,EOG.N,9.47846
2026-03-09,FNF.N,6.01333
2026-03-09,DAVE.OQ,13.50833
2026-03-09,DHI.N,10.61577
2026-03-09,ALCO.OQ,-0.92
2026-03-09,TRU.N,4.72873
2026-03-10,PRG.N,4.27388
2026-03-10,XYZ.N,3.68911
2026-03-10,EOG.N,9.72755
2026-03-10,DAVE.OQ,13.58571
2026-03-10,CGEM.OQ,-3.1215
2026-03-10,CELH.OQ,1.646
2026-03-10,PNC.N,18.49552
2026-03-11,XYZ.N,3.6881
2026-03-11,CGEM.OQ,-3.1215
2026-03-11,GRDN.N,1.04
2026-03-11,OMDA.OQ,0.043
2026-03-11,TRU.N,4.74064
2026-03-12,PRG.N,4.27763
2026-03-12,XYZ.N,3.68776
2026-03-12,EOG.N,9.89891
2026-03-12,GRDN.N,1.04667
2026-03-12,CAPR.OQ,-1.57
2026-03-12,CELH.OQ,1.64433
2026-03-12,PNC.N,18.50204
2026-03-13,XYZ.N,3.68776
2026-03-13,EOG.N,10.14104
2026-03-13,LEGH.OQ,2.06
2026-03-13,DGICA.OQ,2.1
2026-03-13,ECL.N,8.51639
2026-03-13,APLS.OQ,-1.15889
2026-03-15,CGEM.OQ,-3.11233
2026-03-15,OMDA.OQ,0.05967
2026-03-15,MDLZ.OQ,3.03592
2026-03-16,EOG.N,10.26044
2026-03-16,ECL.N,8.52335
2026-03-17,EOG.N,10.314
2026-03-17,CGEM.OQ,-3.04778
2026-03-17,FRPT.OQ,1.57323
2026-03-17,CELH.OQ,1.63937
2026-03-17,BTDR.OQ,-0.8725
2026-03-17,PNC.N,18.50117
2026-03-17,APLS.OQ,-1.19278
2026-03-18,XYZ.N,3.71007
2026-03-18,AVNT.N,3.06
2026-03-18,LEGH.OQ,2.085
2026-03-18,FRPT.OQ,1.60086
2026-03-18,CAPR.OQ,-0.6
2026-03-18,TRU.N,4.73427
2026-03-18,ECL.N,8.5203
2026-03-19,XYZ.N,3.7123
2026-03-19,LEGH.OQ,2.04667
2026-03-19,LRMR.OQ,-1.8326
2026-03-20,XYZ.N,3.71597
2026-03-20,EOG.N,10.56007
2026-03-20,FNF.N,5.895
2026-03-20,LRMR.OQ,-1.8229
2026-03-20,FRPT.OQ,1.59514
2026-03-20,PNC.N,18.49335
2026-03-20,ECL.N,8.51632
2026-03-23,EOG.N,11.23793
2026-03-23,CAPR.OQ,-0.356
2026-03-23,ECL.N,8.50691
2026-03-23,MDLZ.OQ,3.03504
2026-03-24,LRMR.OQ,-1.9209
2026-03-24,FRPT.OQ,1.54943
2026-03-25,EOG.N,11.44207
2026-03-25,LBRT.N,-0.43714
2026-03-25,IQV.N,12.69625
2026-03-25,MDLZ.OQ,3.0336
2025-08-06,CMT.A,1.68
2025-10-30,RBCAA.OQ,5.995
2025-11-04,CMT.A,1.16
2025-11-04,TZOO.OQ,0.52
2025-11-19,TZOO.OQ,1.166
2025-11-19,TPB.N,3.87
2025-12-08,BCPC.OQ,5.57267
2025-12-08,BCPC.OQ,5.11033
2025-12-11,SKIL.N,4.171
2025-12-16,RC.N,-0.996
2025-12-17,EOSE.OQ,-5.1395
2025-12-18,ATLN.OQ,-0.8
2025-12-23,EYPT.OQ,-3.03267
2026-01-06,KRC.N,0.4175
2026-01-13,CTEV.N,-16.2006
2026-01-14,INSE.OQ,0.24233
2026-01-15,ZETA.N,0.65785
2026-01-16,HCAT.OQ,0.19913
2026-01-23,ACVA.N,-0.396
2026-01-28,TNGX.OQ,-0.89
2026-01-28,KRRO.OQ,-9.03
2026-01-28,CVI.N,-1.26333
2026-01-28,PSA.N,10.20111
2026-01-28,CVLT.OQ,4.18739
2026-01-28,CVI.N,0.855
2026-01-30,AI.N,-1.20214
2026-01-30,BCRX.OQ,0.3905
2026-01-30,UMH.N,0.12
2026-01-30,COCO.OQ,1.225
2026-01-30,UMH.N,0.1495
2026-02-02,BWFG.OQ,5.21667
2026-02-02,GGG.N,3.19346
2026-02-03,WSR.N,0.64
2026-02-03,SRPT.OQ,-5.22813
2026-02-03,WSR.N,0.48167
2026-02-05,OSK.N,11.2935
2026-02-05,BLBD.OQ,4.53017
2026-02-06,LMT.N,29.89224
2026-02-06,NLY.N,3.02091
2026-02-06,FHB.OQ,2.24667
2026-02-06,ARW.N,13.283
2026-02-10,GTM.OQ,1.11062
2026-02-10,PFIS.OQ,6.491
2026-02-10,COLL.OQ,7.4704
2026-02-11,RES.N,0.2055
2026-02-11,ENS.N,10.3275
2026-02-12,WVE.OQ,-1.19067
2026-02-12,SCSC.OQ,3.96333
2026-02-12,MSA.N,8.67229
2026-02-12,CLF.N,-0.34242
2026-02-12,DXCM.OQ,2.48514
2026-02-12,VRTX.OQ,19.3154
2026-02-12,GT.OQ,0.77936
2026-02-12,CWBC.OQ,2.27667
2026-02-12,HWM.N,4.4991
2026-02-13,MSA.N,8.65514
2026-02-13,KRC.N,0.3975
2026-02-13,DXCM.OQ,2.4961
2026-02-13,VRTX.OQ,19.29584
2026-02-13,HWM.N,4.52433
2026-02-16,GTM.OQ,1.11124
2026-02-16,CLF.N,-0.54989
2026-02-16,GT.OQ,0.507
2026-02-17,MSA.N,8.76829
2026-02-17,DXCM.OQ,2.49321
2026-02-17,VRTX.OQ,19.19024
2026-02-17,HWM.N,4.60518
2026-02-18,VRTX.OQ,19.19024
2026-02-18,COCO.OQ,1.5569
2026-02-18,HWM.N,4.60358
2026-02-18,BLBD.OQ,4.54517
2026-02-19,CVI.N,0.77167
2026-02-19,DXCM.OQ,2.49261
2026-02-19,VRTX.OQ,18.9965
2026-02-19,COCO.OQ,1.5419
2026-02-20,CVI.N,0.68667
2026-02-20,TZOO.OQ,1.03
2026-02-20,HWM.N,4.6009
2026-02-20,OSK.N,11.3166
2026-02-23,TNGX.OQ,-0.89
2026-02-23,BCPC.OQ,5.62267
2026-02-23,CTEV.N,-13.6418
2026-02-23,ACVA.N,-0.194
2026-02-23,COCO.OQ,1.5499
2026-02-24,CVI.N,0.64667
2026-02-24,ZETA.N,0.94829
2026-02-24,CTEV.N,-14.2466
2026-02-24,DXCM.OQ,2.49321
2026-02-24,GT.OQ,0.53743
2026-02-24,ACVA.N,-0.261
2026-02-25,LMT.N,29.88805
2026-02-25,AI.N,-1.25643
2026-02-25,BCPC.OQ,5.656
2026-02-25,ZETA.N,0.95164
2026-02-25,SRPT.OQ,2.62975
2026-02-25,DXCM.OQ,2.49252
2026-02-25,VRTX.OQ,18.99926
2026-02-25,ACVA.N,-0.267
2026-02-26,WVE.OQ,-1.3475
2026-02-26,RC.N,-0.466
2026-02-26,TZOO.OQ,0.74
2026-02-26,MSA.N,8.72886
2026-02-26,AI.N,-1.38086
2026-02-26,BCRX.OQ,0.3855
2026-02-26,SRPT.OQ,2.91143
2026-02-26,ACVA.N,-0.27444
2026-02-26,EOSE.OQ,-0.50789
2026-02-26,COLL.OQ,7.8858
2026-02-27,WVE.OQ,-1.341
2026-02-27,WSR.N,0.47167
2026-02-27,RC.N,-0.554
2026-02-27,TZOO.OQ,0.57667
2026-02-27,BCPC.OQ,5.65
2026-02-27,BCRX.OQ,0.29429
2026-02-27,UMH.N,0.1375
2026-02-27,EOSE.OQ,-0.54844
2026-02-27,COLL.OQ,7.4662
2026-02-28,RC.N,-0.665
2026-03-02,WVE.OQ,-1.33967
2026-03-02,WSR.N,0.76333
2026-03-02,CTEV.N,-13.22433
2026-03-02,SRPT.OQ,3.08333
2026-03-02,CLF.N,-0.48322
2026-03-02,TPB.N,3.86
2026-03-02,VRTX.OQ,19.00622
2026-03-02,UMH.N,0.135
2026-03-02,INSE.OQ,0.27733
2026-03-02,OSK.N,11.33119
2026-03-03,RC.N,-0.6625
2026-03-03,TZOO.OQ,0.545
2026-03-03,SRPT.OQ,3.13143
2026-03-03,RES.N,0.20067
2026-03-03,HWM.N,4.60253
2026-03-04,WSR.N,0.9
2026-03-04,AI.N,-1.39323
2026-03-04,SRPT.OQ,3.16559
2026-03-04,EYPT.OQ,-3.03425
2026-03-04,OSK.N,11.27244
2026-03-05,WVE.OQ,-1.36333
2026-03-05,TNGX.OQ,-1.317
2026-03-05,RC.N,-0.6425
2026-03-05,PSA.N,10.12
2026-03-05,EYPT.OQ,-3.07758
2026-03-05,UMH.N,0.1225
2026-03-05,ARW.N,13.283
2026-03-05,EOSE.OQ,-0.60825
2026-03-05,COLL.OQ,7.4465
2026-03-06,WVE.OQ,-1.36336
2026-03-06,WSR.N,0.8
2026-03-06,TNGX.OQ,-1.307
2026-03-06,LMT.N,29.88857
2026-03-06,BCPC.OQ,5.68567
2026-03-06,EYPT.OQ,-3.1935
2026-03-08,TNGX.OQ,-1.31
2026-03-09,SRPT.OQ,3.15642
2026-03-09,FHB.OQ,2.24111
2026-03-09,VRTX.OQ,19.11692
2026-03-09,EYPT.OQ,-3.21767
2026-03-10,WVE.OQ,-1.37313
2026-03-10,TNGX.OQ,-1.308
2026-03-10,VRTX.OQ,19.16472
2026-03-10,INSE.OQ,0.6608
2026-03-10,HWM.N,4.60568
2026-03-11,CVI.N,0.86
2026-03-11,AI.N,-1.393
2026-03-11,KRC.N,0.43
2026-03-11,SRPT.OQ,3.23063
2026-03-11,EYPT.OQ,-3.20746
2026-03-11,INSE.OQ,0.5872
2026-03-12,KRRO.OQ,-7.438
2026-03-12,SRPT.OQ,3.2091
2026-03-12,HCAT.OQ,0.32871
2026-03-12,COCO.OQ,1.5519
2026-03-13,KRRO.OQ,-7.02333
2026-03-13,TZOO.OQ,0.656
2026-03-13,ZETA.N,0.94421
2026-03-13,VRTX.OQ,19.20646
2026-03-13,HCAT.OQ,0.22138
2026-03-13,OSK.N,11.27994
2026-03-16,LMT.N,29.91248
2026-03-16,SCSC.OQ,3.95175
2026-03-16,PSA.N,10.1225
2026-03-16,SRPT.OQ,3.1036
2026-03-16,HCAT.OQ,0.22138
2026-03-17,CTEV.N,-13.52825
2026-03-17,SRPT.OQ,3.0236
2026-03-18,CTEV.N,-13.94325
2026-03-18,NLY.N,3.02
2026-03-18,COLL.OQ,7.4492
2026-03-19,KRRO.OQ,-7.00667
2026-03-19,VRTX.OQ,19.17415
2026-03-19,HCAT.OQ,0.17667
2026-03-19,HWM.N,4.60595
2026-03-19,ENS.N,10.3434
2026-03-19,COLL.OQ,7.3692
2026-03-20,TNGX.OQ,-1.315
2026-03-20,PSA.N,10.08375
2026-03-22,PSA.N,10.0675
2026-03-23,GT.OQ,0.517
2026-03-23,COLL.OQ,7.3012
2026-03-24,DXCM.OQ,2.49217
2026-03-25,LMT.N,29.9077
2026-03-25,DXCM.OQ,2.49296
2026-03-25,HWM.N,4.60174
2025-08-28,AROC.N,1.8304
2025-08-28,AROC.N,1.56
2025-10-29,HLX.N,0.16825
2025-11-03,NWPX.OQ,3.294
2025-11-05,MBC.N,1.01
2025-11-14,CV.OQ,-1.02
2025-12-17,LXEO.OQ,-1.97111
2025-12-19,ALIT.N,0.55286
2025-12-22,JYNT.OQ,0.39
2025-12-22,HNST.OQ,0.043
2025-12-22,SVRA.OQ,-0.5155
2025-12-22,JYNT.OQ,-0.03667
2026-01-08,LUNR.OQ,-0.41
2026-01-09,HCI.N,20.10633
2026-01-16,HNST.OQ,0.05
2026-01-16,BBCP.OQ,0.114
2026-01-16,DCO.N,3.6772
2026-01-20,UUUU.A,-0.378
2026-01-22,OXM.N,2.25
2026-01-23,WALD.OQ,-1.168
2026-01-23,ACA.N,4.22067
2026-01-23,CMCL.A,3.21875
2026-01-27,LFST.OQ,-0.01
2026-01-29,ASTH.OQ,0.49273
2026-01-30,CZNC.OQ,2.54
2026-01-30,VCEL.OQ,0.26143
2026-02-01,FISI.OQ,3.9155
2026-02-02,SJM.N,8.99278
2026-02-02,WSFS.OQ,5.732
2026-02-03,OGE.N,2.295
2026-02-03,VNOM.OQ,1.64289
2026-02-04,MTN.N,6.6
2026-02-04,URI.N,46.1009
2026-02-04,ACN.N,13.84521
2026-02-09,NPCE.OQ,-0.72333
2026-02-09,C.N,10.34532
2026-02-09,APA.OQ,3.49358
2026-02-09,BKH.N,4.3525
2026-02-10,LDI.N,-0.1825
2026-02-10,UUUU.A,-0.122
2026-02-10,PAL.OQ,0.4075
2026-02-11,TAP.N,5.3776
2026-02-11,TGT.N,7.27871
2026-02-11,TER.OQ,6.34229
2026-02-11,BIIB.OQ,15.76193
2026-02-12,AGIO.OQ,-6.58833
2026-02-12,PINS.N,1.87875
2026-02-12,FSLY.OQ,0.2529
2026-02-12,AVTR.N,0.78811
2026-02-12,RPD.OQ,1.5822
2026-02-12,WST.N,7.84094
2026-02-13,AGIO.OQ,-6.48944
2026-02-13,PINS.N,1.79654
2026-02-13,FSLY.OQ,0.2676
2026-02-13,WST.N,7.97871
2026-02-13,ACN.N,13.84563
2026-02-16,PINS.N,1.78427
2026-02-16,URI.N,46.19285
2026-02-17,ALIT.N,0.555
2026-02-17,RPD.OQ,1.56479
2026-02-17,C.N,10.33305
2026-02-17,TGT.N,7.27871
2026-02-17,TER.OQ,6.41619
2026-02-18,OGE.N,2.42831
2026-02-18,TAP.N,5.35971
2026-02-18,FSLY.OQ,0.27733
2026-02-18,APA.OQ,3.49108
2026-02-18,WST.N,7.96877
2026-02-19,AGIO.OQ,-6.6075
2026-02-19,TAP.N,5.15014
2026-02-19,PINS.N,1.77164
2026-02-19,DCO.N,3.6732
2026-02-19,ALIT.N,0.46813
2026-02-19,SJM.N,8.995
2026-02-19,TER.OQ,6.2706
2026-02-19,WST.N,8.02193
2026-02-19,BIIB.OQ,15.76121
2026-02-20,TAP.N,5.06157
2026-02-20,URI.N,46.11635
2026-02-20,ALIT.N,0.43063
2026-02-23,VNOM.OQ,1.23443
2026-02-23,TAP.N,5.01267
2026-02-23,HLX.N,0.3495
2026-02-23,ALIT.N,0.375
2026-02-23,SJM.N,8.99
2026-02-23,BIIB.OQ,15.7635
2026-02-24,VNOM.OQ,1.27015
2026-02-24,TAP.N,4.97743
2026-02-24,NWPX.OQ,3.83733
2026-02-24,WSFS.OQ,5.7376
2026-02-24,CMCL.A,3.18625
2026-02-25,ACA.N,4.7685
2026-02-25,VNOM.OQ,1.38108
2026-02-25,TAP.N,4.73033
2026-02-25,URI.N,46.12271
2026-02-25,HCI.N,17.00475
2026-02-25,LFST.OQ,0.05167
2026-02-25,HLX.N,0.282
2026-02-25,APA.OQ,2.25252
2026-02-25,ACA.N,4.21567
2026-02-25,TGT.N,7.27782
2026-02-25,ACN.N,13.8462
2026-02-26,HNST.OQ,0.078
2026-02-26,TAP.N,4.72677
2026-02-26,HCI.N,16.97475
2026-02-26,LFST.OQ,0.06
2026-02-26,DCO.N,4.431
2026-02-26,ALIT.N,0.29883
2026-02-26,VCEL.OQ,0.5125
2026-02-26,APA.OQ,2.24512
2026-02-26,SJM.N,9.0165
2026-02-26,TGT.N,7.27897
2026-02-27,TAP.N,4.73083
2026-02-27,CZNC.OQ,2.52
2026-02-27,NWPX.OQ,4.24733
2026-02-27,LFST.OQ,0.07167
2026-02-27,UUUU.A,-0.14
2026-02-27,VCEL.OQ,0.4325
2026-02-27,APA.OQ,2.21627
2026-02-27,SJM.N,9.04133
2026-02-27,ACA.N,4.80183
2026-02-27,TGT.N,7.28382
2026-02-28,LDI.N,-0.18333
2026-02-28,ALIT.N,0.299
2026-03-01,LFST.OQ,0.07333
2026-03-01,TER.OQ,6.2386
2026-03-02,PINS.N,1.76889
2026-03-02,DCO.N,4.3276
2026-03-02,UUUU.A,-0.13333
2026-03-02,ASTH.OQ,1.11818
2026-03-02,PAL.OQ,0.3825
2026-03-02,APA.OQ,1.89407
2026-03-02,SJM.N,9.04078
2026-03-02,ACA.N,4.86183
2026-03-02,TGT.N,7.30165
2026-03-03,VNOM.OQ,1.32339
2026-03-03,PINS.N,1.77619
2026-03-03,NPCE.OQ,-0.65857
2026-03-03,PAL.OQ,0.365
2026-03-03,APA.OQ,2.04974
2026-03-03,SJM.N,9.05027
2026-03-03,TGT.N,7.77781
2026-03-04,PINS.N,1.78389
2026-03-04,HCI.N,17.21967
2026-03-04,NPCE.OQ,-0.63286
2026-03-04,ASTH.OQ,1.08909
2026-03-04,APA.OQ,2.095
2026-03-04,WSFS.OQ,5.7636
2026-03-04,TGT.N,7.97005
2026-03-04,ACN.N,13.8478
2026-03-05,AGIO.OQ,-6.66656
2026-03-05,MTN.N,6.57778
2026-03-05,UUUU.A,-0.104
2026-03-05,APA.OQ,2.19929
2026-03-05,ACA.N,4.794
2026-03-05,TGT.N,7.98546
2026-03-05,WST.N,8.01806
2026-03-05,ACN.N,13.8494
2026-03-06,TAP.N,4.73016
2026-03-06,AVTR.N,0.78778
2026-03-06,NPCE.OQ,-0.61429
2026-03-06,APA.OQ,2.18014
2026-03-06,TGT.N,8.02069
2026-03-06,TER.OQ,6.24638
2026-03-09,MTN.N,5.48556
2026-03-09,URI.N,46.13633
2026-03-09,NPCE.OQ,-0.64
2026-03-09,ASTH.OQ,1.0825
2026-03-09,APA.OQ,2.29341
2026-03-09,TGT.N,8.01944
2026-03-09,CMCL.A,3.19125
2026-03-10,VNOM.OQ,1.35262
2026-03-10,TAP.N,4.75215
2026-03-10,LDI.N,0.138
2026-03-10,MTN.N,5.195
2026-03-10,BBCP.OQ,0.11067
2026-03-10,LFST.OQ,0.06667
2026-03-10,APA.OQ,2.31641
2026-03-10,WSFS.OQ,5.75967
2026-03-10,TGT.N,8.01918
2026-03-10,WST.N,8.02119
2026-03-11,BBCP.OQ,0.124
2026-03-11,PAL.OQ,0.3425
2026-03-11,TGT.N,8.02447
2026-03-11,ACN.N,13.851
2026-03-12,MTN.N,5.032
2026-03-12,ASTH.OQ,1.23625
2026-03-12,C.N,10.33168
2026-03-12,APA.OQ,2.39823
2026-03-12,LUNR.OQ,-0.40571
2026-03-12,ACN.N,13.8438
2026-03-13,VNOM.OQ,1.40623
2026-03-13,MTN.N,5.032
2026-03-13,CZNC.OQ,2.5
2026-03-13,SVRA.OQ,-0.451
2026-03-13,ASTH.OQ,1.23444
2026-03-13,JYNT.OQ,0.25
2026-03-13,APA.OQ,2.52346
2026-03-13,WALD.OQ,-0.5425
2026-03-15,VNOM.OQ,1.41315
2026-03-15,WSFS.OQ,5.79633
2026-03-15,TER.OQ,6.24424
2026-03-16,MTN.N,4.82222
2026-03-16,PINS.N,1.79465
2026-03-16,SVRA.OQ,-0.46463
2026-03-16,APA.OQ,2.62287
2026-03-16,WALD.OQ,-0.555
2026-03-16,TGT.N,8.02506
2026-03-16,ACN.N,13.849
2026-03-17,LDI.N,0.1325
2026-03-17,BBCP.OQ,0.13
2026-03-17,APA.OQ,2.67275
2026-03-17,WALD.OQ,-0.565
2026-03-17,BIIB.OQ,15.77223
2026-03-17,ACN.N,13.8546
2026-03-18,SJM.N,9.04333
2026-03-19,OXM.N,2.24
2026-03-19,C.N,10.24668
2026-03-19,LUNR.OQ,-0.038
2026-03-19,ACN.N,13.85946
2026-03-20,OGE.N,2.43057
2026-03-20,VNOM.OQ,1.48546
2026-03-20,MTN.N,4.89
2026-03-20,URI.N,46.20468
2026-03-20,C.N,10.24623
2026-03-20,APA.OQ,2.80067
2026-03-20,WALD.OQ,-0.61333
2026-03-20,BKH.N,4.324
2026-03-20,LUNR.OQ,-0.08667
2026-03-20,ACN.N,13.88042
2026-03-23,VNOM.OQ,1.51931
2026-03-23,HCI.N,16.97475
2026-03-23,APA.OQ,3.35104
2026-03-23,CMCL.A,3.564
2026-03-23,ACN.N,13.87029
2026-03-24,TAP.N,4.7522
2026-03-24,APA.OQ,3.48232
2026-03-24,CMCL.A,3.434
2026-03-24,ACN.N,13.87074
2026-03-25,VNOM.OQ,1.57346
2026-03-25,AVTR.N,0.78706
2026-03-25,C.N,10.24832
2026-03-25,APA.OQ,3.80832
2026-03-25,WST.N,8.02927
2025-03-04,CRDa.N,1.15
2025-08-05,CRDa.N,1.0
2025-11-03,GDYN.OQ,0.395
2025-11-06,REZI.N,2.65
2025-11-10,MCY.N,6.8
2025-11-10,APPN.OQ,0.54214
2025-11-10,MCY.N,8.4
2025-11-14,RPAY.OQ,0.94429
2025-11-14,RPAY.OQ,0.83714
2025-11-19,LUNG.OQ,-1.47
2025-12-15,CIEN.N,5.33727
2025-12-16,CFBK.OQ,3.68
2025-12-19,ALEC.OQ,-1.44714
2025-12-22,LBTYK.OQ,-12.56
2025-12-22,CNDT.OQ,0.005
2025-12-23,ARR.N,3.098
2026-01-04,ARR.N,3.126
2026-01-15,TITN.OQ,-1.79
2026-01-21,KTOS.OQ,0.53207
2026-01-23,ALSN.N,8.40427
2026-01-26,VRRM.OQ,1.33125
2026-01-27,BTSG.OQ,1.06825
2026-01-28,DINO.N,4.3908
2026-01-30,D.N,3.41506
2026-02-02,HBCP.OQ,5.83333
2026-02-02,IDA.N,5.86186
2026-02-02,IDA.N,6.36944
2026-02-04,AMR.N,-4.42
2026-02-05,KNF.N,2.61546
2026-02-05,MXL.OQ,0.8654
2026-02-06,KN.N,1.24
2026-02-06,FUN.N,-15.15711
2026-02-06,KE.OQ,1.38
2026-02-06,MSM.N,4.28778
2026-02-08,ESNT.N,7.01214
2026-02-09,BANF.OQ,7.00167
2026-02-09,CDRE.N,1.204
2026-02-09,CDRE.N,1.468
2026-02-10,BSET.OQ,1
2026-02-10,MAA.N,3.346
2026-02-10,BX.N,6.39567
2026-02-11,RNST.N,3.57
2026-02-11,DUK.N,6.71089
2026-02-11,KDP.OQ,2.042
2026-02-11,PG.N,6.97047
2026-02-12,NE.N,1.02189
2026-02-12,NCLH.N,2.07643
2026-02-12,COHR.N,5.3455
2026-02-12,AEE.N,5.36127
2026-02-12,INSM.OQ,-2.89878
2026-02-12,LXP.N,0.11333
2026-02-12,FTV.N,2.9655
2026-02-12,CROX.OQ,12.65736
2026-02-12,CMS.N,3.87644
2026-02-12,ANGI.OQ,1.00667
2026-02-13,NE.N,1.01078
2026-02-13,DUK.N,6.71639
2026-02-13,ESNT.N,7.23286
2026-02-13,CROX.OQ,13.08807
2026-02-13,CMS.N,3.8728
2026-02-13,MAA.N,3.327
2026-02-13,CNDT.OQ,-0.22
2026-02-14,FUN.N,-15.15822
2026-02-16,NCLH.N,2.07571
2026-02-16,CROX.OQ,13.19879
2026-02-16,MAA.N,3.308
2026-02-17,NE.N,1.07967
2026-02-17,KNF.N,3.19
2026-02-17,DUK.N,6.71379
2026-02-17,ESNT.N,7.13571
2026-02-17,ANGI.OQ,0.97
2026-02-18,NE.N,1.138
2026-02-18,FUN.N,-15.17044
2026-02-18,KNF.N,3.29182
2026-02-18,DUK.N,6.71715
2026-02-18,FTV.N,2.96459
2026-02-18,CROX.OQ,13.30379
2026-02-18,DINO.N,4.51213
2026-02-19,FUN.N,-0.14577
2026-02-19,KNF.N,3.27083
2026-02-19,ALEC.OQ,-1.4325
2026-02-19,AEE.N,5.3612
2026-02-19,INSM.OQ,-3.04305
2026-02-19,ARR.N,3.062
2026-02-19,APPN.OQ,0.87057
2026-02-19,DINO.N,4.35313
2026-02-19,MAA.N,3.32167
2026-02-19,CNDT.OQ,-0.45
2026-02-19,KTOS.OQ,0.53131
2026-02-20,FUN.N,-0.20692
2026-02-20,DUK.N,6.71664
2026-02-20,AEE.N,5.36187
2026-02-20,INSM.OQ,-3.05211
2026-02-20,ARR.N,3.108
2026-02-20,APPN.OQ,0.88771
2026-02-20,CMS.N,3.87483
2026-02-20,BX.N,6.39747
2026-02-20,AMR.N,9.75367
2026-02-20,PG.N,6.96942
2026-02-20,IDA.N,6.37944
2026-02-23,D.N,3.59583
2026-02-23,INSM.OQ,-3.00947
2026-02-23,DINO.N,4.19875
2026-02-23,ALSN.N,9.67973
2026-02-23,BX.N,6.4026
2026-02-23,PG.N,6.96845
2026-02-23,KTOS.OQ,0.77141
2026-02-23,IDA.N,6.38056
2026-02-24,KNF.N,3.37444
2026-02-24,D.N,3.59361
2026-02-24,VRRM.OQ,1.34875
2026-02-24,REZI.N,3.04
2026-02-24,KDP.OQ,2.19587
2026-02-24,ALSN.N,9.57475
2026-02-24,BX.N,6.4016
2026-02-24,KTOS.OQ,0.77706
2026-02-25,FUN.N,-0.24692
2026-02-25,ALEC.OQ,-1.22429
2026-02-25,VRRM.OQ,1.3625
2026-02-25,MCY.N,9.0
2026-02-25,REZI.N,3.08
2026-02-25,ARR.N,3.08
2026-02-25,DINO.N,3.77455
2026-02-25,KDP.OQ,2.2754
2026-02-25,ALSN.N,9.54258
2026-02-25,KTOS.OQ,0.77882
2026-02-26,FUN.N,-0.22778
2026-02-26,KNF.N,3.21556
2026-02-26,ALEC.OQ,-1.14286
2026-02-26,AEE.N,5.3632
2026-02-26,VRRM.OQ,1.35375
2026-02-26,KDP.OQ,2.28946
2026-02-26,KTOS.OQ,0.78059
2026-02-26,IDA.N,6.38643
2026-02-27,ALEC.OQ,-1.12857
2026-02-27,MAA.N,3.28857
2026-02-27,BTSG.OQ,1.3225
2026-03-01,CMS.N,3.877
2026-03-02,FUN.N,-0.267
2026-03-02,NCLH.N,2.464
2026-03-02,ALEC.OQ,-1.13286
2026-03-02,D.N,3.59083
2026-03-02,CIEN.N,5.36393
2026-03-02,ALSN.N,9.02263
2026-03-02,BX.N,6.39255
2026-03-02,AMR.N,9.68533
2026-03-02,BTSG.OQ,1.43893
2026-03-02,ANGI.OQ,1.04333
2026-03-02,KTOS.OQ,0.77738
2026-03-03,NCLH.N,2.409
2026-03-03,CRDa.N,1.05
2026-03-03,CNDT.OQ,-0.46
2026-03-03,ALSN.N,9.90233
2026-03-03,BX.N,6.39958
2026-03-03,BTSG.OQ,1.45464
2026-03-04,NCLH.N,2.383
2026-03-04,ALEC.OQ,-1.07
2026-03-04,D.N,3.58917
2026-03-04,LUNG.OQ,-1.26
2026-03-04,LXP.N,0.17667
2026-03-04,ALSN.N,9.85789
2026-03-04,BX.N,6.3826
2026-03-04,AMR.N,6.403
2026-03-04,BTSG.OQ,1.47036
2026-03-05,KNF.N,3.227
2026-03-05,NCLH.N,2.35333
2026-03-05,DUK.N,6.71287
2026-03-05,GDYN.OQ,0.46
2026-03-05,LUNG.OQ,-1.13667
2026-03-05,CIEN.N,5.86013
2026-03-06,NCLH.N,2.35068
2026-03-06,AEE.N,5.36253
2026-03-06,GDYN.OQ,0.45167
2026-03-06,CIEN.N,5.996
2026-03-06,BX.N,6.3816
2026-03-06,BTSG.OQ,1.48
2026-03-08,INSM.OQ,-2.97053
2026-03-09,DUK.N,6.71144
2026-03-09,D.N,3.58972
2026-03-09,GDYN.OQ,0.44
2026-03-09,CIEN.N,6.11424
2026-03-09,DINO.N,4.29667
2026-03-09,BX.N,6.3811
2026-03-10,NCLH.N,2.35348
2026-03-10,ALEC.OQ,-1.12714
2026-03-10,DUK.N,6.70841
2026-03-10,CROX.OQ,13.2882
2026-03-10,KDP.OQ,2.29033
2026-03-10,RPAY.OQ,0.90714
2026-03-11,COHR.N,5.35047
2026-03-11,CIEN.N,6.13189
2026-03-11,DINO.N,4.31833
2026-03-11,RPAY.OQ,0.89714
2026-03-11,CDRE.N,1.402
2026-03-12,DUK.N,6.70461
2026-03-12,D.N,3.58861
2026-03-12,ESNT.N,7.12857
2026-03-12,CDRE.N,1.302
2026-03-13,NCLH.N,2.35205
2026-03-13,DUK.N,6.70753
2026-03-13,AEE.N,5.3632
2026-03-13,CMS.N,3.87492
2026-03-13,MAA.N,3.26375
2026-03-13,PG.N,6.96995
2026-03-15,INSM.OQ,-2.97842
2026-03-15,ALSN.N,9.7751
2026-03-15,RPAY.OQ,0.88571
2026-03-15,CDRE.N,1.216
2026-03-16,NCLH.N,2.34967
2026-03-16,CMS.N,3.876
2026-03-16,KDP.OQ,2.291
2026-03-16,BTSG.OQ,1.48957
2026-03-17,VRRM.OQ,1.35125
2026-03-17,FTV.N,2.96489
2026-03-17,MSM.N,4.27375
2026-03-17,ALSN.N,8.9111
2026-03-17,BTSG.OQ,1.50243
2026-03-18,NCLH.N,2.33348
2026-03-18,BTSG.OQ,1.55529
2026-03-19,RNST.N,3.574
2026-03-19,TITN.OQ,-1.6175
2026-03-19,BX.N,6.3561
2026-03-20,AEE.N,5.36253
2026-03-20,TITN.OQ,-1.6025
2026-03-21,FUN.N,-0.267
2026-03-22,D.N,3.59028
2026-03-23,AEE.N,5.36453
2026-03-23,INSM.OQ,-2.901
2026-03-23,FTV.N,2.96433
2026-03-23,DINO.N,4.31667
2026-03-23,MAA.N,3.26125
2026-03-24,NCLH.N,2.29967
2026-03-25,INSM.OQ,-2.9135
2026-03-25,KTOS.OQ,0.7805
2025-11-03,ESCA.OQ,0.92
2025-11-03,FIP.OQ,-1.15
2025-11-03,ESCA.OQ,0.95
2025-11-07,TMCI.OQ,-0.79417
2025-12-05,AGX.N,8.26333
2025-12-19,CURI.OQ,-0.075
2025-12-19,CURI.OQ,0.02
2025-12-23,ZBIO.OQ,-4.0665
2026-01-06,FDS.N,17.52306
2026-01-09,NEOG.OQ,0.29333
2026-01-19,LEN.N,6.82083
2026-01-20,SAH.N,6.60956
2026-01-21,TEAD.OQ,-0.98625
2026-01-21,DYN.OQ,-3.52733
2026-01-22,CTRI.N,0.45714
2026-01-22,SON.N,5.6617
2026-01-23,LYTS.OQ,1.17
2026-01-30,FFIV.OQ,15.95225
2026-01-30,PFBC.OQ,10.4045
2026-01-30,GMED.N,3.85357
2026-02-01,RBB.OQ,2.0855
2026-02-01,HAFC.OQ,3.022
2026-02-02,CACC.OQ,44.71533
2026-02-02,CWT.N,2.325
2026-02-02,CWT.N,2.535
2026-02-03,SYY.N,4.59556
2026-02-03,BETR.OQ,-9.76333
2026-02-05,GPK.N,1.0853
2026-02-05,CAC.OQ,5.41667
2026-02-05,EE.N,1.39875
2026-02-07,LASR.OQ,0.21214
2026-02-07,TFIN.N,1.68375
2026-02-08,OBK.N,3.7784
2026-02-09,GENC.A,1.04
2026-02-10,KEY.N,1.80905
2026-02-10,DEI.N,-0.158
2026-02-10,GSBC.OQ,5.24
2026-02-10,ETSY.N,1.2902
2026-02-11,HLNE.OQ,5.75833
2026-02-11,STC.N,5.7365
2026-02-11,PRU.N,14.51754
2026-02-11,MAS.N,4.18683
2026-02-11,FXNC.OQ,2.38
2026-02-11,F.N,1.55455
2026-02-11,FBK.N,4.75767
2026-02-12,ETR.N,4.4197
2026-02-12,DDOG.OQ,2.17446
2026-02-12,BFAM.N,5.09467
2026-02-12,H.N,3.63778
2026-02-12,UNM.N,8.8862
2026-02-12,DRUG.OQ,-6.16349672962446
2026-02-12,XPO.N,4.44968
2026-02-13,ETR.N,4.41971
2026-02-13,DDOG.OQ,2.17014
2026-02-13,BFAM.N,5.02056
2026-02-13,MAS.N,4.19335
2026-02-13,H.N,3.57517
2026-02-13,DRUG.OQ,-5.35482852316957
2026-02-13,F.N,1.53592
2026-02-16,BFAM.N,5.00333
2026-02-16,MAS.N,4.199
2026-02-17,FDS.N,17.48567
2026-02-17,DDOG.OQ,2.15824
2026-02-17,H.N,3.61944
2026-02-17,DRUG.OQ,-4.86737807114045
2026-02-17,F.N,1.53071
2026-02-17,SON.N,5.9747
2026-02-18,PRU.N,14.48629
2026-02-18,H.N,3.58322
2026-02-18,SAH.N,6.94911
2026-02-18,UNM.N,8.86018
2026-02-18,SON.N,5.9619
2026-02-19,H.N,3.41612
2026-02-19,SAH.N,6.948
2026-02-19,DRUG.OQ,-4.30952555011331
2026-02-19,F.N,1.5225
2026-02-19,EE.N,1.40125
2026-02-19,SON.N,5.9819
2026-02-19,ETSY.N,2.85421
2026-02-20,ETR.N,4.42019
2026-02-20,SAH.N,6.76444
2026-02-20,UNM.N,8.84767
2026-02-20,SON.N,5.9659
2026-02-20,ETSY.N,2.92927
2026-02-23,PRU.N,14.46187
2026-02-23,FDS.N,17.48889
2026-02-23,CAC.OQ,5.425
2026-02-23,F.N,1.52778
2026-02-23,SON.N,5.96211
2026-02-23,ETSY.N,2.95893
2026-02-24,EE.N,1.7476
2026-02-24,RBB.OQ,2.0644
2026-02-24,H.N,3.41024
2026-02-24,DEI.N,-0.15
2026-02-24,PFBC.OQ,10.3736
2026-02-24,XPO.N,4.45796
2026-02-24,EE.N,1.40625
2026-02-24,GMED.N,4.38192
2026-02-25,CTRI.N,0.72057
2026-02-25,PRU.N,14.40187
2026-02-25,SAH.N,6.5995
2026-02-25,GMED.N,4.43979
2026-02-25,ETSY.N,2.9736
2026-02-26,STC.N,5.54533
2026-02-26,CTRI.N,0.68343
2026-02-26,BETR.OQ,-9.75333
2026-02-26,SAH.N,6.61671
2026-02-26,FIP.OQ,-1.28633
2026-02-26,DRUG.OQ,-4.38477847638544
2026-02-26,LASR.OQ,0.30429
2026-02-26,EE.N,1.7658
2026-02-26,CWT.N,2.555
2026-02-26,ETSY.N,3.14783
2026-02-26,BETR.OQ,-3.96
2026-02-27,SAH.N,6.64713
2026-02-27,TMCI.OQ,-0.84333
2026-02-27,LYTS.OQ,1.2
2026-02-27,LASR.OQ,0.32571
2026-02-27,EE.N,1.8897
2026-03-01,TMCI.OQ,-0.865
2026-03-02,ESCA.OQ,1.05
2026-03-02,DYN.OQ,-3.21188
2026-03-02,F.N,1.52211
2026-03-02,CWT.N,2.585
2026-03-02,ETSY.N,3.14446
2026-03-03,PRU.N,14.40488
2026-03-03,DYN.OQ,-3.16938
2026-03-03,LEN.N,6.80605
2026-03-03,UNM.N,8.83169
2026-03-03,LASR.OQ,0.335
2026-03-04,CTRI.N,0.65067
2026-03-04,PRU.N,14.36194
2026-03-04,FDS.N,17.49056
2026-03-04,SAH.N,6.663
2026-03-04,DRUG.OQ,-4.75771570999194
2026-03-04,F.N,1.5245
2026-03-04,EE.N,1.97444
2026-03-05,SYY.N,4.59406
2026-03-05,TEAD.OQ,-0.75833
2026-03-05,FIP.OQ,-1.4045
2026-03-05,LEN.N,6.78125
2026-03-05,UNM.N,8.83554
2026-03-05,LASR.OQ,0.32714
2026-03-06,TEAD.OQ,-0.78633
2026-03-06,SAH.N,6.6664
2026-03-06,HAFC.OQ,3.0065
2026-03-06,XPO.N,4.45609
2026-03-06,EE.N,1.80013
2026-03-08,GMED.N,4.45907
2026-03-09,KEY.N,1.80642
2026-03-09,PRU.N,14.31381
2026-03-09,TEAD.OQ,-0.853
2026-03-09,DYN.OQ,-2.95833
2026-03-09,XPO.N,4.45652
2026-03-10,PRU.N,14.254
2026-03-10,H.N,3.37467
2026-03-10,AGX.N,8.315
2026-03-10,ETSY.N,3.11142
2026-03-11,GMED.N,4.4705
2026-03-11,ETSY.N,3.10359
2026-03-12,KEY.N,1.8051
2026-03-12,CURI.OQ,0.005
2026-03-13,LEN.N,6.71725
2026-03-13,SON.N,5.9659
2026-03-15,ETSY.N,3.08632
2026-03-16,BETR.OQ,-4.77
2026-03-16,ZBIO.OQ,-4.74157
2026-03-16,DYN.OQ,-2.95923
2026-03-16,DEI.N,-0.182
2026-03-16,LEN.N,6.43165
2026-03-17,ETR.N,4.42024
2026-03-17,ZBIO.OQ,-4.873
2026-03-17,LEN.N,6.34315
2026-03-18,PRU.N,14.20213
2026-03-18,H.N,3.42074
2026-03-18,LEN.N,6.31515
2026-03-19,ETR.N,4.41755
2026-03-19,LEN.N,6.21906
2026-03-19,EE.N,1.77138
2026-03-19,CWT.N,2.58333
2026-03-20,GPK.N,1.0753
2026-03-20,BFAM.N,5.01444
2026-03-23,ZBIO.OQ,-4.94183
2026-03-23,ETSY.N,3.08311
2025-08-12,RAMP.N,2.198
2025-11-10,MVST.OQ,0.2
2025-11-10,MVST.OQ,0.17
2025-11-11,IIPR.N,3.9
2025-11-11,IIPR.N,4.105
2025-11-16,MCBS.OQ,3.052
2025-11-17,RNGR.N,0.6865
2025-11-24,MKTW.OQ,-3.23
2025-11-24,MKTW.OQ,0.01
2025-12-22,ABUS.OQ,-0.16
2025-12-22,ABUS.OQ,-0.1875
2025-12-23,TLS.OQ,0.0515
2025-12-23,PBI.N,1.2825
2025-12-30,LIND.OQ,-0.49
2026-01-05,GLSI.OQ,-1.15
2026-01-05,KRG.N,0.6175
2026-01-12,ACH.N,1.028
2026-01-13,SFD.OQ,2.38243
2026-01-16,BELFB.OQ,7.385
2026-01-16,BELFB.OQ,6.75725
2026-01-16,SBAC.OQ,9.98582
2026-01-18,DRH.OQ,0.485
2026-01-18,DRH.OQ,0.4
2026-01-20,DNUT.OQ,-0.19533
2026-01-20,HRMY.OQ,3.2165
2026-01-21,RUN.OQ,1.41042
2026-01-22,SHLS.OQ,0.386
2026-01-26,SLDE.OQ,2.992
2026-01-29,TBPH.OQ,1.88
2026-01-29,TKO.N,2.68289
2026-01-30,EPR.N,2.9875
2026-01-30,AXGN.OQ,0.29571
2026-01-30,FCPT.N,1.175
2026-01-30,HBNC.OQ,2.0492
2026-01-30,EPR.N,3.21
2026-02-02,CHH.N,6.94206
2026-02-03,LMB.OQ,3.2475
2026-02-03,TDY.N,23.80767
2026-02-06,CSGS.OQ,5.12667
2026-02-07,UCB.N,2.956
2026-02-09,FCFS.OQ,10.19157
2026-02-10,ORN.N,0.405
2026-02-10,ORN.N,0.21667
2026-02-10,FANG.OQ,12.74736
2026-02-11,CFR.N,10.21214
2026-02-11,AMPH.OQ,3.4505
2026-02-11,PCAR.OQ,5.74056
2026-02-12,TPG.OQ,3.00691
2026-02-12,PEP.OQ,8.62716
2026-02-12,LYFT.OQ,0.58297
2026-02-12,EEFT.OQ,10.95211
2026-02-12,BNTC.OQ,-1.10333
2026-02-12,SN.N,6.02727
2026-02-12,PTON.OQ,0.14293
2026-02-12,ORLY.OQ,3.21904
2026-02-12,CSCO.OQ,4.14891
2026-02-12,ARES.N,6.43542
2026-02-13,SFD.OQ,2.38529
2026-02-13,HBNC.OQ,2.04933
2026-02-13,LYFT.OQ,0.5946
2026-02-13,EEFT.OQ,10.89322
2026-02-13,BNTC.OQ,-1.135
2026-02-13,SN.N,6.05
2026-02-13,PCAR.OQ,5.74181
2026-02-13,CSCO.OQ,4.14623
2026-02-16,ORLY.OQ,3.22754
2026-02-16,CSCO.OQ,4.15405
2026-02-17,PEP.OQ,8.6258
2026-02-17,PBI.N,1.405
2026-02-17,LYFT.OQ,0.58971
2026-02-17,FANG.OQ,12.78096
2026-02-17,EEFT.OQ,10.48433
2026-02-17,KRG.N,0.34
2026-02-18,BELFB.OQ,7.64
2026-02-18,PBI.N,1.42667
2026-02-18,KRG.N,0.345
2026-02-19,UCB.N,2.96229
2026-02-19,BELFB.OQ,7.6655
2026-02-19,AXGN.OQ,0.3075
2026-02-19,PBI.N,1.43
2026-02-19,BNTC.OQ,-1.162
2026-02-19,HRMY.OQ,3.2065
2026-02-19,ACH.N,0.85733
2026-02-19,CHH.N,7.10293
2026-02-19,TKO.N,2.69075
2026-02-20,TPG.OQ,3.00964
2026-02-20,PBI.N,1.46333
2026-02-20,LYFT.OQ,0.59314
2026-02-20,HRMY.OQ,3.2045
2026-02-20,PCAR.OQ,5.73306
2026-02-20,ACH.N,0.68733
2026-02-20,CHH.N,7.0972
2026-02-23,AXGN.OQ,0.3225
2026-02-23,TPG.OQ,3.00508
2026-02-23,FANG.OQ,10.10459
2026-02-23,ACH.N,0.546
2026-02-23,ARES.N,6.46039
2026-02-23,CHH.N,7.10207
2026-02-24,AXGN.OQ,0.50375
2026-02-24,TPG.OQ,2.97354
2026-02-24,FANG.OQ,10.06697
2026-02-24,HRMY.OQ,3.75264
2026-02-24,ORLY.OQ,3.22562
2026-02-24,ARES.N,6.45808
2026-02-24,KRG.N,0.46
2026-02-24,SHLS.OQ,0.44547
2026-02-24,SLDE.OQ,2.9608
2026-02-25,AXGN.OQ,0.50925
2026-02-25,IIPR.N,4.355
2026-02-25,FANG.OQ,10.06559
2026-02-25,HRMY.OQ,3.699
2026-02-25,CHH.N,7.2214
2026-02-25,TKO.N,5.71013
2026-02-25,SHLS.OQ,0.39841
2026-02-25,SLDE.OQ,3.1492
2026-02-26,LIND.OQ,0.072
2026-02-26,IIPR.N,4.37333
2026-02-26,RUN.OQ,0.4424
2026-02-26,AMPH.OQ,3.42071
2026-02-26,DNUT.OQ,-0.1062
2026-02-26,SBAC.OQ,8.44477
2026-02-26,FANG.OQ,10.0011
2026-02-26,HRMY.OQ,3.55173
2026-02-26,CHH.N,7.20736
2026-02-26,TKO.N,5.6995
2026-02-26,SHLS.OQ,0.39588
2026-02-26,SLDE.OQ,3.2592
2026-02-27,LIND.OQ,0.088
2026-02-27,RUN.OQ,0.51229
2026-02-27,AMPH.OQ,3.312
2026-02-27,PEP.OQ,8.6278
2026-02-27,DNUT.OQ,-0.06683
2026-02-27,SBAC.OQ,7.90092
2026-02-27,KRG.N,0.38333
2026-02-27,CHH.N,7.20675
2026-03-02,LMB.OQ,3.89775
2026-03-02,TPG.OQ,2.96015
2026-03-02,RUN.OQ,0.40036
2026-03-02,EPR.N,2.9775
2026-03-02,SBAC.OQ,7.87931
2026-03-02,FANG.OQ,9.9492
2026-03-02,BNTC.OQ,-1.13
2026-03-02,PCAR.OQ,5.717
2026-03-02,ARES.N,6.44246
2026-03-02,TKO.N,5.67613
2026-03-03,LMB.OQ,3.92025
2026-03-03,AXGN.OQ,0.51914
2026-03-03,TBPH.OQ,1.87571
2026-03-03,RUN.OQ,0.39809
2026-03-03,LYFT.OQ,0.59457
2026-03-03,FANG.OQ,9.8491
2026-03-03,HRMY.OQ,3.5989
2026-03-03,SLDE.OQ,3.3215
2026-03-04,LMB.OQ,3.708
2026-03-04,TDY.N,23.80862
2026-03-04,TBPH.OQ,1.97
2026-03-04,EPR.N,3.04
2026-03-04,DNUT.OQ,-0.05517
2026-03-04,ORN.N,0.39833
2026-03-04,FANG.OQ,9.89471
2026-03-04,TKO.N,5.77477
2026-03-05,LMB.OQ,3.656
2026-03-05,LIND.OQ,0.0975
2026-03-05,TBPH.OQ,1.96857
2026-03-05,RUN.OQ,0.44383
2026-03-05,AMPH.OQ,3.28433
2026-03-05,EPR.N,3.045
2026-03-05,DNUT.OQ,-0.0302
2026-03-05,ORN.N,0.385
2026-03-05,SBAC.OQ,7.7301
2026-03-05,FANG.OQ,10.139
2026-03-05,ORLY.OQ,3.22562
2026-03-05,RNGR.N,1.067
2026-03-06,TPG.OQ,2.95939
2026-03-06,FANG.OQ,10.25257
2026-03-06,TKO.N,5.573
2026-03-08,SLDE.OQ,3.2632
2026-03-09,LIND.OQ,0.0825
2026-03-09,TPG.OQ,2.95554
2026-03-09,FCPT.N,1.17
2026-03-09,DNUT.OQ,0.00967
2026-03-09,SBAC.OQ,7.74009
2026-03-09,LYFT.OQ,0.59722
2026-03-09,FANG.OQ,10.07667
2026-03-09,ARES.N,6.42939
2026-03-10,AXGN.OQ,0.53629
2026-03-10,RUN.OQ,0.39258
2026-03-10,ORN.N,0.378
2026-03-10,FANG.OQ,10.3892
2026-03-10,CHH.N,7.19392
2026-03-10,SHLS.OQ,0.39611
2026-03-11,TKO.N,5.3748
2026-03-12,FCFS.OQ,10.45729
2026-03-12,FANG.OQ,10.3012
2026-03-12,CHH.N,7.18079
2026-03-13,RUN.OQ,0.45645
2026-03-13,LYFT.OQ,0.616
2026-03-13,FANG.OQ,10.59128
2026-03-16,LIND.OQ,0.09
2026-03-16,TDY.N,23.79908
2026-03-16,PEP.OQ,8.62505
2026-03-16,TLS.OQ,0.12675
2026-03-16,FANG.OQ,10.94304
2026-03-17,MVST.OQ,0.06
2026-03-17,TLS.OQ,0.12175
2026-03-17,LYFT.OQ,0.61639
2026-03-17,FANG.OQ,11.19304
2026-03-17,RNGR.N,1.221
2026-03-18,UCB.N,2.98786
2026-03-18,LYFT.OQ,0.61667
2026-03-18,PTON.OQ,0.14293
2026-03-18,ARES.N,6.39871
2026-03-18,SLDE.OQ,3.261
2026-03-19,SFD.OQ,2.38386
2026-03-19,TBPH.OQ,1.98
2026-03-19,LYFT.OQ,0.61528
2026-03-20,TPG.OQ,2.94708
2026-03-20,FCFS.OQ,10.48157
2026-03-20,PEP.OQ,8.62767
2026-03-20,LYFT.OQ,0.62551
2026-03-23,AXGN.OQ,0.53714
2026-03-23,LYFT.OQ,0.62605
2026-03-23,FANG.OQ,11.24585
2026-03-23,MKTW.OQ,-0.015
2026-03-23,TKO.N,5.36119
2026-03-24,SFD.OQ,2.56057
2026-03-24,RUN.OQ,0.46655
2026-03-24,MKTW.OQ,3.2
2026-03-25,DNUT.OQ,-0.04275
2026-03-25,FANG.OQ,11.62539
2025-06-18,WLY.N,4.0
2025-11-06,MEG.N,-0.07333
2025-11-07,MEG.N,0.582
2025-11-10,MAPS.OQ,0.15
2025-11-12,OLP.N,0.52
2025-11-12,OLP.N,1.06
2025-12-05,PSIX.OQ,5.78267
2025-12-05,PSIX.OQ,4.919
2025-12-05,FIZZ.OQ,2.03
2025-12-12,CWAN.N,0.5525
2025-12-12,CWAN.N,0.695
2025-12-19,KLTR.OQ,0.0535
2025-12-19,KLTR.OQ,0.048
2026-01-07,ORKA.OQ,-2.1345
2026-01-16,HGV.N,3.8
2026-01-16,GOGO.OQ,0.18
2026-01-16,HGV.N,1.61667
2026-01-20,VICR.OQ,1.996
2026-01-20,FWRD.OQ,-1.1425
2026-01-20,VICR.OQ,1.893
2026-01-20,FWRD.OQ,-0.344
2026-01-21,OKLO.N,-0.619
2026-01-22,COGT.OQ,-2.2315
2026-01-22,CPS.N,2.79833
2026-01-23,FWRG.OQ,0.13957
2026-01-23,EBAY.OQ,5.47378
2026-01-28,RVSB.OQ,0.23
2026-01-29,CBRL.OQ,-1.6834
2026-02-02,PNW.N,4.89293
2026-02-02,CPK.N,6.1325
2026-02-03,WH.N,4.53859
2026-02-03,EMN.N,5.83988
2026-02-04,INSW.N,4.969
2026-02-06,IONS.OQ,-2.25483
2026-02-06,MMSI.OQ,3.7402
2026-02-06,MCFT.OQ,1.45833
2026-02-06,HAE.N,4.94582
2026-02-07,CBU.N,4.72575
2026-02-08,HTH.N,1.93933
2026-02-09,THG.N,17.00729
2026-02-09,FFBC.OQ,3.02286
2026-02-10,NWL.OQ,0.56878
2026-02-10,CRH.N,5.56855
2026-02-10,ENPH.OQ,2.20733
2026-02-11,MBUU.OQ,1.22818
2026-02-11,WCC.N,15.79558
2026-02-11,WSM.N,8.69568
2026-02-11,NTGR.OQ,0.115
2026-02-12,NGVC.N,2.08
2026-02-12,BYD.N,7.51577
2026-02-12,AMG.N,31.956
2026-02-12,AIG.N,7.85141
2026-02-12,TWLO.N,5.42732
2026-02-12,REGN.OQ,45.85544
2026-02-13,AMG.N,32.13429
2026-02-13,WCC.N,15.78308
2026-02-13,AIG.N,7.83753
2026-02-13,TWLO.N,5.42625
2026-02-17,COGT.OQ,-2.06
2026-02-17,CPS.N,2.80633
2026-02-17,BYD.N,7.52036
2026-02-17,AIG.N,7.82726
2026-02-17,TWLO.N,5.418
2026-02-17,CRH.N,5.57491
2026-02-17,REGN.OQ,45.83596
2026-02-17,EBAY.OQ,5.47452
2026-02-18,COGT.OQ,-2.06917
2026-02-18,CPS.N,2.54967
2026-02-18,WH.N,4.97729
2026-02-18,AIG.N,7.8379
2026-02-18,TWLO.N,5.41157
2026-02-18,CRH.N,6.10596
2026-02-18,EBAY.OQ,5.8663
2026-02-19,AMG.N,32.24333
2026-02-19,WH.N,4.92277
2026-02-19,CBU.N,4.7206
2026-02-19,CWAN.N,0.70083
2026-02-19,TWLO.N,5.41237
2026-02-19,CRH.N,6.06605
2026-02-19,EBAY.OQ,5.9663
2026-02-19,CBRL.OQ,-1.6776
2026-02-20,COGT.OQ,-2.09167
2026-02-20,VICR.OQ,2.63667
2026-02-20,WH.N,4.91806
2026-02-20,CRH.N,6.07586
2026-02-20,EBAY.OQ,5.97263
2026-02-23,CPK.N,6.0906
2026-02-23,AMG.N,32.54143
2026-02-23,WH.N,4.90159
2026-02-23,CWAN.N,0.6975
2026-02-23,CRH.N,6.07014
2026-02-23,OKLO.N,-0.62212
2026-02-23,EBAY.OQ,6.01308
2026-02-24,CPK.N,6.5946
2026-02-24,COGT.OQ,-2.11818
2026-02-24,CPK.N,6.0706
2026-02-24,CBU.N,4.67217
2026-02-24,MMSI.OQ,4.0495
2026-02-24,THG.N,17.12157
2026-02-24,FWRD.OQ,-0.466
2026-02-24,FWRG.OQ,0.2268
2026-02-24,EBAY.OQ,6.01267
2026-02-25,IONS.OQ,-3.376
2026-02-25,PNW.N,4.69906
2026-02-25,CPS.N,2.653
2026-02-25,WH.N,4.78925
2026-02-25,CWAN.N,0.70333
2026-02-25,AIG.N,7.8354
2026-02-25,MMSI.OQ,4.0644
2026-02-25,ENPH.OQ,2.18419
2026-02-25,FWRG.OQ,0.2018
2026-02-26,IONS.OQ,-3.871
2026-02-26,PNW.N,4.70507
2026-02-26,AIG.N,7.84038
2026-02-26,MMSI.OQ,4.0624
2026-02-26,MEG.N,0.0925
2026-02-26,CRH.N,6.02919
2026-02-26,FWRD.OQ,-0.564
2026-02-26,INSW.N,5.271
2026-02-27,CPK.N,6.5606
2026-02-27,GOGO.OQ,0.3925
2026-02-27,MEG.N,0.156
2026-02-27,HGV.N,3.71333
2026-02-27,FWRG.OQ,0.1798
2026-02-27,EBAY.OQ,6.01364
2026-02-27,INSW.N,5.495
2026-03-01,GOGO.OQ,0.3525
2026-03-02,IONS.OQ,-4.0496
2026-03-02,PNW.N,4.70475
2026-03-02,CPK.N,6.5146
2026-03-02,WH.N,4.80315
2026-03-02,HGV.N,3.62167
2026-03-02,CRH.N,6.02086
2026-03-02,FWRD.OQ,-0.555
2026-03-02,REGN.OQ,45.82204
2026-03-03,MBUU.OQ,1.23182
2026-03-03,IONS.OQ,-4.0476
2026-03-03,HGV.N,3.63857
2026-03-03,NWL.OQ,0.56544
2026-03-03,ENPH.OQ,2.20627
2026-03-04,PNW.N,4.68411
2026-03-04,PSIX.OQ,5.216
2026-03-04,CPK.N,6.52075
2026-03-04,WH.N,4.80469
2026-03-04,AIG.N,7.84533
2026-03-04,HGV.N,3.88429
2026-03-04,TWLO.N,5.413
2026-03-04,CBRL.OQ,-1.6206
2026-03-04,HTH.N,2.0395
2026-03-05,VICR.OQ,2.73667
2026-03-05,AIG.N,7.84771
2026-03-05,HGV.N,3.732
2026-03-05,REGN.OQ,45.95433
2026-03-05,FWRG.OQ,0.18164
2026-03-05,CBRL.OQ,-1.5359
2026-03-05,INSW.N,6.25
2026-03-06,AMG.N,32.39143
2026-03-06,GOGO.OQ,0.32
2026-03-06,WLY.N,4.2
2026-03-06,EBAY.OQ,6.01579
2026-03-07,CBRL.OQ,-1.3879
2026-03-09,GOGO.OQ,0.35
2026-03-10,WH.N,4.80364
2026-03-10,CWAN.N,0.7
2026-03-10,CRH.N,6.02133
2026-03-10,REGN.OQ,45.90671
2026-03-10,FIZZ.OQ,2.02
2026-03-10,OLP.N,0.63
2026-03-11,BYD.N,7.51957
2026-03-11,WSM.N,8.69796
2026-03-11,CBRL.OQ,-1.36433
2026-03-12,COGT.OQ,-2.09167
2026-03-12,ORKA.OQ,-2.43825
2026-03-12,CPK.N,6.5186
2026-03-12,EMN.N,5.90275
2026-03-13,MBUU.OQ,1.24182
2026-03-13,PNW.N,4.6969
2026-03-13,ORKA.OQ,-2.41133
2026-03-13,AIG.N,7.86055
2026-03-13,CRH.N,6.02371
2026-03-15,CRH.N,6.0204
2026-03-16,COGT.OQ,-2.14583
2026-03-16,ORKA.OQ,-2.36967
2026-03-16,WCC.N,15.76442
2026-03-16,AIG.N,7.85373
2026-03-16,THG.N,17.11157
2026-03-16,FIZZ.OQ,2.0
2026-03-17,COGT.OQ,-2.18167
2026-03-17,WCC.N,15.79755
2026-03-17,OKLO.N,-0.69477
2026-03-17,CBRL.OQ,-1.45113
2026-03-17,KLTR.OQ,0.0265
2026-03-17,INSW.N,5.64375
2026-03-18,WSM.N,9.17029
2026-03-18,OKLO.N,-0.749
2026-03-19,ORKA.OQ,-2.36418
2026-03-19,EMN.N,5.88463
2026-03-19,REGN.OQ,45.89046
2026-03-19,WSM.N,9.22857
2026-03-20,PNW.N,4.69446
2026-03-20,WSM.N,9.24714
2026-03-23,AIG.N,7.84882
2026-03-23,WSM.N,9.24952
2026-03-23,CBRL.OQ,-1.42878
2026-03-24,PNW.N,4.69492
2026-03-24,PSIX.OQ,4.619
2026-03-24,ENPH.OQ,2.21736
2026-03-24,OKLO.N,-0.75758
2026-03-25,IONS.OQ,-4.11247
2025-11-07,MATV.N,1.045
2025-11-07,MATV.N,0.675
2025-11-16,COOK.N,-6.357
2025-11-20,NGNE.OQ,-4.196
2025-12-01,BLND.N,0.0325
2026-01-07,DSGN.OQ,-1.302
2026-01-08,GO.OQ,0.78529
2026-01-09,FLYW.OQ,0.11182
2026-01-20,CNXC.OQ,11.865
2026-01-22,CRVS.OQ,-0.20857
2026-01-22,RELL.OQ,0.255
2026-01-26,AMC.N,-1.1765
2026-01-26,CTAS.OQ,4.8745
2026-01-27,TIC.N,0.04333
2026-01-28,KNX.N,1.90311
2026-01-29,MRVL.OQ,2.82958
2026-01-29,KVUE.N,1.03007
2026-01-29,CWEN.N,1.90857
2026-02-02,OCFC.OQ,1.88933
2026-02-03,OVV.N,4.376
2026-02-05,CL.N,3.87653
2026-02-05,MOS.N,2.51056
2026-02-08,NBHC.N,3.4095
2026-02-08,BOH.N,5.977
2026-02-08,MAX.N,0.1384
2026-02-08,BV.N,0.73189
2026-02-10,CRDO.OQ,3.1015
2026-02-10,EWCZ.OQ,0.70333
2026-02-10,BURL.N,9.78493
2026-02-10,DRI.N,10.57777
2026-02-10,ES.N,4.96978
2026-02-10,A.N,5.93421
2026-02-10,PB.N,6.10929
2026-02-10,VSH.N,0.51333
2026-02-10,CBT.N,6.2635
2026-02-11,PJT.N,7.78329
2026-02-11,ADNT.N,2.0845
2026-02-11,AN.N,21.612
2026-02-11,NVDA.OQ,4.67684
2026-02-11,TDC.N,2.6108
2026-02-12,LSTR.OQ,5.34317
2026-02-12,MDGL.OQ,-10.60213
2026-02-12,IRM.N,2.28714
2026-02-12,COP.N,4.88108
2026-02-12,AM.N,1.248
2026-02-12,WYNN.OQ,5.71512
2026-02-12,BAM.N,1.85579
2026-02-12,POST.N,7.37729
2026-02-13,CL.N,3.87317
2026-02-13,MRVL.OQ,2.82983
2026-02-13,IRM.N,2.33857
2026-02-13,ES.N,4.96533
2026-02-13,WYNN.OQ,5.53141
2026-02-16,COP.N,4.84474
2026-02-16,BAM.N,1.86207
2026-02-17,AMC.N,-0.492
2026-02-17,NVDA.OQ,4.67829
2026-02-17,KVUE.N,1.10686
2026-02-17,ES.N,4.94422
2026-02-17,WYNN.OQ,5.2065
2026-02-17,CTAS.OQ,4.87474
2026-02-18,OVV.N,4.316
2026-02-18,AN.N,21.633
2026-02-18,AM.N,1.345
2026-02-18,NVDA.OQ,4.67951
2026-02-18,KVUE.N,1.12
2026-02-18,ES.N,4.93867
2026-02-18,WYNN.OQ,5.144
2026-02-19,MDGL.OQ,-3.11846
2026-02-19,MRVL.OQ,2.82858
2026-02-19,IRM.N,2.31333
2026-02-19,CRDO.OQ,3.11831
2026-02-19,KVUE.N,1.12214
2026-02-19,ES.N,4.8866
2026-02-19,WYNN.OQ,4.90646
2026-02-20,MDGL.OQ,-4.07885
2026-02-20,MATV.N,0.97
2026-02-20,AN.N,21.67378
2026-02-20,KVUE.N,1.12357
2026-02-20,BAM.N,1.86273
2026-02-20,OCFC.OQ,1.842
2026-02-23,IRM.N,2.34286
2026-02-23,COP.N,4.84189
2026-02-23,MOS.N,2.49019
2026-02-23,OVV.N,4.37483
2026-02-23,MATV.N,0.955
2026-02-23,AM.N,1.27
2026-02-23,NVDA.OQ,4.68172
2026-02-23,KVUE.N,1.12571
2026-02-23,MAX.N,0.94143
2026-02-23,ES.N,4.88573
2026-02-23,CWEN.N,1.18429
2026-02-23,TDC.N,2.616
2026-02-24,MOS.N,2.13994
2026-02-24,FLYW.OQ,0.29583
2026-02-24,AMC.N,-0.49367
2026-02-24,OVV.N,4.35817
2026-02-24,AN.N,21.6834
2026-02-24,NVDA.OQ,4.68342
2026-02-24,KVUE.N,1.13155
2026-02-24,MAX.N,1.07625
2026-02-24,CWEN.N,1.13571
2026-02-25,MOS.N,2.01994
2026-02-25,FLYW.OQ,0.32667
2026-02-25,AMC.N,-0.454
2026-02-25,OVV.N,4.2565
2026-02-25,BURL.N,9.79279
2026-02-25,NVDA.OQ,7.93693
2026-02-25,WYNN.OQ,4.911
2026-02-25,A.N,5.9475
2026-02-26,MDGL.OQ,-5.29046
2026-02-26,MOS.N,1.87759
2026-02-26,FLYW.OQ,0.33
2026-02-26,OVV.N,4.191
2026-02-26,NVDA.OQ,8.1122
2026-02-26,A.N,5.96095
2026-02-26,NGNE.OQ,-4.20667
2026-02-27,CL.N,3.87483
2026-02-27,COP.N,4.86707
2026-02-27,MOS.N,1.86982
2026-02-27,AN.N,21.62764
2026-02-27,NVDA.OQ,8.13127
2026-02-27,NGNE.OQ,-4.26429
2026-02-27,CBT.N,6.2608
2026-02-28,AM.N,1.13667
2026-03-02,CL.N,3.87428
2026-03-02,MDGL.OQ,-5.27292
2026-03-02,MRVL.OQ,2.82828
2026-03-02,CRDO.OQ,3.17808
2026-03-02,COP.N,4.87807
2026-03-02,MOS.N,1.85924
2026-03-02,FLYW.OQ,0.36273
2026-03-02,OVV.N,4.12918
2026-03-02,BURL.N,9.80179
2026-03-02,NVDA.OQ,8.20511
2026-03-02,ES.N,4.87608
2026-03-02,A.N,5.96295
2026-03-02,BV.N,0.73522
2026-03-03,EWCZ.OQ,0.6625
2026-03-03,MRVL.OQ,2.82726
2026-03-03,CRDO.OQ,3.26513
2026-03-03,EWCZ.OQ,0.70333
2026-03-03,MOS.N,1.65308
2026-03-04,MRVL.OQ,2.82759
2026-03-04,ADNT.N,2.08046
2026-03-04,AN.N,21.62283
2026-03-04,DRI.N,10.57593
2026-03-04,A.N,5.96606
2026-03-04,GO.OQ,0.72786
2026-03-05,CL.N,3.87483
2026-03-05,MRVL.OQ,3.59018
2026-03-05,CRDO.OQ,3.27169
2026-03-05,EWCZ.OQ,0.6525
2026-03-05,COP.N,4.96215
2026-03-05,OVV.N,4.35009
2026-03-05,BURL.N,11.33175
2026-03-05,NVDA.OQ,8.20511
2026-03-05,KVUE.N,1.13183
2026-03-05,GO.OQ,0.56286
2026-03-05,COOK.N,-0.71429
2026-03-05,VSH.N,0.51333
2026-03-06,MRVL.OQ,3.72628
2026-03-06,OVV.N,4.61827
2026-03-06,BURL.N,11.43331
2026-03-06,A.N,5.9742
2026-03-06,CTAS.OQ,4.8753
2026-03-06,GO.OQ,0.54786
2026-03-06,COOK.N,-2.34125
2026-03-06,BAM.N,1.86207
2026-03-08,COP.N,5.10326
2026-03-09,DSGN.OQ,-1.438
2026-03-09,MDGL.OQ,-5.32885
2026-03-09,MRVL.OQ,3.74128
2026-03-09,CRDO.OQ,3.3098
2026-03-09,OVV.N,4.65667
2026-03-09,DRI.N,10.5736
2026-03-09,KVUE.N,1.13323
2026-03-09,A.N,5.97458
2026-03-10,DSGN.OQ,-1.404
2026-03-10,MRVL.OQ,3.77523
2026-03-10,MOS.N,1.65857
2026-03-10,BLND.N,0.071
2026-03-10,OVV.N,4.91642
2026-03-10,DRI.N,10.5726
2026-03-10,WYNN.OQ,5.04493
2026-03-10,GO.OQ,0.52286
2026-03-11,EWCZ.OQ,0.57
2026-03-11,COP.N,5.20919
2026-03-11,BLND.N,0.06733
2026-03-11,DRI.N,10.57227
2026-03-11,ES.N,4.87023
2026-03-11,WYNN.OQ,5.04313
2026-03-11,CTAS.OQ,4.87661
2026-03-11,GO.OQ,0.50077
2026-03-12,MRVL.OQ,3.79078
2026-03-12,PJT.N,7.69614
2026-03-12,MOS.N,1.71429
2026-03-12,TIC.N,0.034
2026-03-12,NVDA.OQ,8.20944
2026-03-12,DRI.N,10.57293
2026-03-12,CRVS.OQ,-0.62186
2026-03-12,CTAS.OQ,4.87748
2026-03-13,COP.N,5.38137
2026-03-13,BLND.N,0.06567
2026-03-13,OVV.N,5.15783
2026-03-13,TIC.N,0.02
2026-03-13,DRI.N,10.57127
2026-03-13,CRVS.OQ,-0.66629
2026-03-15,DSGN.OQ,-1.40667
2026-03-15,AN.N,21.652
2026-03-16,MRVL.OQ,3.83727
2026-03-16,COP.N,5.52989
2026-03-16,TIC.N,0.018
2026-03-16,AM.N,1.205
2026-03-16,DRI.N,10.56627
2026-03-16,WYNN.OQ,5.10856
2026-03-16,CTAS.OQ,4.87878
2026-03-17,MRVL.OQ,3.83655
2026-03-17,COP.N,5.56918
2026-03-17,TIC.N,-0.1
2026-03-17,NVDA.OQ,8.22276
2026-03-17,DRI.N,10.56614
2026-03-17,CTAS.OQ,4.87965
2026-03-18,LSTR.OQ,5.34206
2026-03-18,MOS.N,1.715
2026-03-18,OVV.N,5.10031
2026-03-18,KNX.N,1.90153
2026-03-18,NVDA.OQ,8.25287
2026-03-18,MAX.N,1.09463
2026-03-18,A.N,5.97285
2026-03-18,GO.OQ,0.49769
2026-03-19,MOS.N,1.66267
2026-03-19,NVDA.OQ,8.25922
2026-03-19,DRI.N,10.59583
2026-03-19,KVUE.N,1.14279
2026-03-19,CRVS.OQ,-0.69486
2026-03-20,MDGL.OQ,-5.18321
2026-03-20,COP.N,5.77025
2026-03-20,MOS.N,1.64467
2026-03-20,OVV.N,5.346
2026-03-20,AN.N,21.6395
2026-03-20,DRI.N,10.61238
2026-03-20,ES.N,4.87408
2026-03-23,CL.N,3.87826
2026-03-23,COP.N,6.14245
2026-03-23,MOS.N,1.67375
2026-03-23,FLYW.OQ,0.36727
2026-03-23,OVV.N,5.67814
2026-03-23,NVDA.OQ,8.25796
2026-03-23,DRI.N,10.61514
2026-03-24,CNXC.OQ,11.7675
2026-03-24,COP.N,6.30359
2026-03-24,AN.N,21.632
2026-03-24,TIC.N,-0.12
2026-03-24,DRI.N,10.61796
2026-03-24,ES.N,4.87593
2026-03-24,NGNE.OQ,-5.41
2026-03-25,CNXC.OQ,11.71
2026-03-25,NBHC.N,3.3276
2026-03-25,MOS.N,1.66625
2026-03-25,AM.N,1.2075
2026-03-25,DRI.N,10.61689
2026-03-25,A.N,5.97511
2026-03-25,NGNE.OQ,-5.32125
2025-09-10,CHE.N,22.13
2025-11-02,XHR.N,0.405
2025-11-02,XHR.N,0.185
2025-11-06,HRTG.N,5.11833
2025-11-12,LZM.N,-0.205
2025-11-17,PAYS.OQ,0.18
2025-11-17,PAYS.OQ,0.1275
2025-11-17,DOCN.N,2.04978
2025-11-24,TBI.N,-0.51
2025-11-24,TBI.N,0.26333
2025-12-03,BOX.N,1.3201
2025-12-03,NUTX.OQ,15.255
2025-12-03,NUTX.OQ,21.0
2026-01-07,ADUS.OQ,6.12462
2026-01-08,BKE.N,4.075
2026-01-08,FG.N,3.911
2026-01-08,RXRX.OQ,-1.60125
2026-01-08,BKE.N,4.07
2026-01-22,ROCK.OQ,4.32667
2026-01-22,CHE.N,25.41
2026-01-22,ROCK.OQ,3.92333
2026-01-26,CNK.N,1.1483
2026-01-29,SMG.N,4.292
2026-01-30,FLWS.OQ,-0.975
2026-02-01,DFTX.OQ,-2.06636
2026-02-02,PKST.N,-0.35
2026-02-02,GBFH.OQ,2.44
2026-02-02,PKST.N,-8.48
2026-02-03,INR.N,0.919
2026-02-04,NUE.N,12.08333
2026-02-06,AAL.OQ,2.11224
2026-02-06,AVNW.OQ,2.4065
2026-02-07,ACMR.OQ,1.76967
2026-02-07,SSB.N,9.52025
2026-02-08,APD.N,13.0579
2026-02-08,MIAX.N,1.692
2026-02-09,RMBS.OQ,2.97086
2026-02-09,CSGP.OQ,0.84531
2026-02-09,RVTY.N,5.405
2026-02-10,CDP.N,1.3375
2026-02-10,O.N,1.28857
2026-02-10,KD.N,1.97
2026-02-10,ATO.N,8.24714
2026-02-11,PGR.N,15.94805
2026-02-12,RCEL.OQ,-0.80167
2026-02-12,RZLT.OQ,-0.703
2026-02-12,VFC.N,0.83168
2026-02-12,LEU.N,3.74267
2026-02-13,RMBS.OQ,2.95075
2026-02-13,RCEL.OQ,-0.76667
2026-02-13,PGR.N,15.94955
2026-02-13,RZLT.OQ,-0.667
2026-02-13,KD.N,1.6875
2026-02-17,RCEL.OQ,-0.76833
2026-02-17,APD.N,13.06421
2026-02-17,CNK.N,1.1113
2026-02-17,RZLT.OQ,-0.692
2026-02-17,LEU.N,3.6992
2026-02-18,PGR.N,16.0612
2026-02-18,CNK.N,2.05667
2026-02-18,LEU.N,3.5727
2026-02-19,FG.N,5.635
2026-02-19,TBI.N,-0.05667
2026-02-19,PGR.N,16.0812
2026-02-19,CNK.N,2.04383
2026-02-19,RZLT.OQ,-0.68111
2026-02-20,RCEL.OQ,-0.77167
2026-02-20,FG.N,5.51
2026-02-20,CSGP.OQ,0.84469
2026-02-23,PGR.N,16.1122
2026-02-23,NUE.N,12.005
2026-02-23,INR.N,2.94257
2026-02-23,DFTX.OQ,-2.05083
2026-02-23,LEU.N,3.58609
2026-02-23,HRTG.N,5.465
2026-02-23,SMG.N,4.29338
2026-02-23,ADUS.OQ,6.85357
2026-02-24,DOCN.N,1.39377
2026-02-24,AAL.OQ,2.11005
2026-02-24,CSGP.OQ,1.32939
2026-02-24,O.N,1.61111
2026-02-24,ADUS.OQ,6.85929
2026-02-25,DOCN.N,0.99331
2026-02-25,MIAX.N,1.365
2026-02-25,CNK.N,2.0356
2026-02-25,CSGP.OQ,1.31805
2026-02-25,RXRX.OQ,-0.99875
2026-02-25,ADUS.OQ,6.87929
2026-02-26,CHE.N,24.4775
2026-02-26,MIAX.N,1.37333
2026-02-26,O.N,1.62556
2026-02-26,DFTX.OQ,-1.93154
2026-02-26,ACMR.OQ,2.05575
2026-02-26,XHR.N,0.205
2026-02-27,CHE.N,24.01
2026-02-27,CSGP.OQ,1.31647
2026-02-27,DFTX.OQ,-1.91692
2026-02-27,ACMR.OQ,1.8395
2026-02-27,ROCK.OQ,4.14333
2026-02-27,ATO.N,8.25
2026-02-27,ADUS.OQ,6.885
2026-02-28,ADUS.OQ,6.89571
2026-03-01,RXRX.OQ,-0.96125
2026-03-02,MIAX.N,1.40833
2026-03-02,CSGP.OQ,1.3149
2026-03-02,NUE.N,12.15
2026-03-02,DFTX.OQ,-1.94077
2026-03-02,HRTG.N,5.725
2026-03-02,SMG.N,4.29838
2026-03-03,RCEL.OQ,-0.79
2026-03-03,BOX.N,1.5747
2026-03-03,CSGP.OQ,1.29824
2026-03-03,O.N,1.64833
2026-03-03,DFTX.OQ,-1.94923
2026-03-04,BOX.N,1.6356
2026-03-04,DOCN.N,0.981
2026-03-04,MIAX.N,1.4725
2026-03-04,PGR.N,16.1354
2026-03-04,CSGP.OQ,1.30667
2026-03-04,RXRX.OQ,-1.00857
2026-03-04,ATO.N,8.24333
2026-03-05,RCEL.OQ,-0.85833
2026-03-05,PGR.N,16.17705
2026-03-05,LEU.N,3.57336
2026-03-05,ACMR.OQ,1.786
2026-03-06,PKST.N,-0.185
2026-03-06,PGR.N,16.17946
2026-03-09,AAL.OQ,1.98957
2026-03-09,PKST.N,-0.085
2026-03-09,O.N,1.64333
2026-03-09,NUE.N,12.173
2026-03-09,HRTG.N,4.56667
2026-03-10,BOX.N,1.63844
2026-03-10,AAL.OQ,1.94433
2026-03-10,NUE.N,12.251
2026-03-10,NUTX.OQ,19.62333
2026-03-11,GBFH.OQ,2.46
2026-03-11,PGR.N,16.20718
2026-03-11,INR.N,3.08543
2026-03-12,BOX.N,1.6296
2026-03-12,AAL.OQ,1.76757
2026-03-12,PGR.N,16.19355
2026-03-12,INR.N,3.10829
2026-03-13,APD.N,13.061
2026-03-14,NUE.N,12.26
2026-03-16,APD.N,13.0685
2026-03-16,AAL.OQ,1.41691
2026-03-16,INR.N,3.11386
2026-03-16,DFTX.OQ,-1.94923
2026-03-16,BKE.N,4.125
2026-03-17,AAL.OQ,1.44071
2026-03-17,INR.N,3.37117
2026-03-18,CHE.N,23.875
2026-03-18,AAL.OQ,1.465
2026-03-18,PGR.N,16.29277
2026-03-19,BOX.N,1.6336
2026-03-19,PGR.N,16.30459
2026-03-19,NUE.N,12.294
2026-03-19,ROCK.OQ,4.01
2026-03-19,SSB.N,9.52442
2026-03-19,LZM.N,-0.29
2026-03-20,AAL.OQ,1.39152
2026-03-23,AAL.OQ,1.3471
2026-03-23,PGR.N,16.30091
2026-03-24,DOCN.N,0.981
2026-03-24,PGR.N,16.30927
2026-03-24,RZLT.OQ,-0.75889
2026-03-24,KD.N,1.716
2026-03-25,RZLT.OQ,-0.76
2026-03-25,RVTY.N,5.40469
2026-03-25,INR.N,3.47333
2026-03-25,SSB.N,9.52858
2026-03-25,ATO.N,8.247
2026-03-25,ADUS.OQ,6.89279
