Date,RIC,Price to Earning
2026-02-12,UFPI.OQ,21.2080332954078
2026-02-12,FLEX.OQ,28.0221132970747
2026-02-12,WHR.N,16.0455330378963
2026-02-12,CMI.N,28.7047866337167
2026-02-12,SYBT.OQ,14.9534137773026
2026-02-12,OLED.OQ,27.2824900948442
2026-02-12,HE.N,23.7204767379251
2026-02-12,AMSF.OQ,14.6747793035802
2026-02-12,BBSI.OQ,15.0653302996265
2026-02-12,AMAL.OQ,11.7917972396076
2026-02-12,VLY.OQ,15.148408847582
2026-02-12,WABC.OQ,11.3632897769606
2026-02-12,ORI.N,12.8300819223153
2026-02-12,SNA.N,19.8441509424071
2026-02-12,FTI.N,27.3693744591365
2026-02-12,ASGN.N,14.1725563769731
2026-02-12,MCS.N,62.5173219305539
2026-02-12,CAKE.OQ,17.8224917477217
2026-02-12,ACU.A,18.1334165920351
2026-02-12,FLNG.N,14.0726146918097
2026-02-12,PMTS.OQ,9.38713405559112
2026-02-12,RM.N,8.3326262197709
2026-02-12,PANL.OQ,28.4972345878861
2026-02-12,BCO.N,32.8863232229565
2026-02-12,CDNA.OQ,23.7110970416993
2026-02-12,AMD.OQ,79.073267752513
2026-02-12,AVY.N,22.1898694820359
2026-02-12,DCOM.OQ,30.7732818397261
2026-02-12,TRS.OQ,82.9254714574007
2026-02-12,PSMT.OQ,31.6465646968982
2026-02-12,SHBI.OQ,11.5499735899994
2026-02-12,SKY.N,24.5506649305185
2026-02-12,NODK.OQ,107.481559536354
2026-02-12,ALLE.N,24.106914571967
2026-02-12,BTMD.OQ,2.43547165413972
2026-02-12,OSW.OQ,31.8140794223827
2026-02-12,SBH.N,8.67055313916152
2026-02-12,ADP.OQ,20.1695138317177
2026-02-13,UFPI.OQ,21.2358288829509
2026-02-13,FLEX.OQ,28.7562389489469
2026-02-13,WHR.N,15.7402756899792
2026-02-13,CMI.N,29.3005380776339
2026-02-13,SYBT.OQ,15.2152567151803
2026-02-13,OLED.OQ,26.8800426981623
2026-02-13,HE.N,24.4772036031841
2026-02-13,AMSF.OQ,14.5560017165277
2026-02-13,BBSI.OQ,15.1781342703263
2026-02-13,AMAL.OQ,12.1107317058898
2026-02-13,VLY.OQ,15.3648146882617
2026-02-13,WABC.OQ,11.3741825010566
2026-02-13,ORI.N,12.812024101172
2026-02-13,SNA.N,20.0331063737583
2026-02-13,FTI.N,27.5128574182932
2026-02-13,ASGN.N,14.0303228362723
2026-02-13,MCS.N,63.467553549511
2026-02-13,CAKE.OQ,17.8164183138326
2026-02-13,ACU.A,18.170390028675
2026-02-13,FLNG.N,14.3430296407896
2026-02-13,PMTS.OQ,9.46196506223446
2026-02-13,RM.N,8.38111400690951
2026-02-13,PANL.OQ,28.5984082018076
2026-02-13,BCO.N,33.2939312263396
2026-02-13,CDNA.OQ,24.3690489491391
2026-02-13,AMD.OQ,79.6031362069098
2026-02-13,AVY.N,22.2182380188322
2026-02-13,DCOM.OQ,30.9312735890459
2026-02-13,TRS.OQ,84.1316601331447
2026-02-13,PSMT.OQ,31.7874520421519
2026-02-13,SHBI.OQ,11.6145313692118
2026-02-13,SKY.N,25.6526565201614
2026-02-13,NODK.OQ,107.88684445165
2026-02-13,ALLE.N,24.2827787074527
2026-02-13,BTMD.OQ,2.4820835518266
2026-02-13,OSW.OQ,32.0115072202166
2026-02-13,SBH.N,9.29109830801813
2026-02-13,ADP.OQ,20.3760505755651
2026-02-17,UFPI.OQ,20.7262431113269
2026-02-17,FLEX.OQ,28.8368137156158
2026-02-17,WHR.N,15.4793871426315
2026-02-17,CMI.N,29.0397140003052
2026-02-17,SYBT.OQ,15.1847083724279
2026-02-17,OLED.OQ,25.62320163045
2026-02-17,HE.N,23.9242108939564
2026-02-17,AMSF.OQ,14.6288008827857
2026-02-17,BBSI.OQ,15.1925347772242
2026-02-17,AMAL.OQ,11.9995435433327
2026-02-17,VLY.OQ,15.2850862206428
2026-02-17,WABC.OQ,11.4656813834631
2026-02-17,ORI.N,12.8090144643147
2026-02-17,SNA.N,19.8810129008601
2026-02-17,FTI.N,27.4725028360304
2026-02-17,ASGN.N,13.9693656045433
2026-02-17,MCS.N,63.7447044383735
2026-02-17,CAKE.OQ,18.997701205273
2026-02-17,ACU.A,18.2073634653148
2026-02-17,FLNG.N,14.8562661766086
2026-02-17,PMTS.OQ,9.65319985698963
2026-02-17,RM.N,8.50718225346991
2026-02-17,PANL.OQ,28.9019290435721
2026-02-17,BCO.N,33.0722943745
2026-02-17,CDNA.OQ,24.1331793974154
2026-02-17,AMD.OQ,77.9751345789082
2026-02-17,AVY.N,22.0582394713012
2026-02-17,DCOM.OQ,31.2472570876854
2026-02-17,TRS.OQ,84.8507341513767
2026-02-17,PSMT.OQ,31.1544799113022
2026-02-17,SHBI.OQ,11.7905980397911
2026-02-17,SKY.N,25.8954682263539
2026-02-17,NODK.OQ,109.102699197536
2026-02-17,ALLE.N,22.0060145534336
2026-02-17,BTMD.OQ,2.40051273087456
2026-02-17,OSW.OQ,32.9704422382672
2026-02-17,SBH.N,8.94951381139981
2026-02-17,ADP.OQ,20.4692322693009
2026-02-18,UFPI.OQ,20.6391502703584
2026-02-18,FLEX.OQ,29.4635063452629
2026-02-18,WHR.N,15.3409564848552
2026-02-18,CMI.N,28.9100332441006
2026-02-18,SYBT.OQ,15.0341486831482
2026-02-18,OLED.OQ,25.8082843904213
2026-02-18,HE.N,23.3566657450122
2026-02-18,AMSF.OQ,14.3567618930848
2026-02-18,BBSI.OQ,15.6965525186487
2026-02-18,AMAL.OQ,11.9263934363872
2026-02-18,VLY.OQ,15.1142395043167
2026-02-18,WABC.OQ,11.3741825010566
2026-02-18,ORI.N,12.5501856945941
2026-02-18,SNA.N,20.0200846723115
2026-02-18,FTI.N,27.920887083395
2026-02-18,ASGN.N,14.6026435119493
2026-02-18,MCS.N,64.8929009779467
2026-02-18,CAKE.OQ,19.4562454639041
2026-02-18,ACU.A,18.0224962821155
2026-02-18,FLNG.N,15.0218263494534
2026-02-18,PMTS.OQ,9.58668340664
2026-02-18,RM.N,8.50233347475605
2026-02-18,PANL.OQ,30.11601241063
2026-02-18,BCO.N,33.0722943745
2026-02-18,CDNA.OQ,24.7414745571239
2026-02-18,AMD.OQ,76.8386051404919
2026-02-18,AVY.N,22.17398310143
2026-02-18,DCOM.OQ,30.676731326253
2026-02-18,TRS.OQ,85.8945512746167
2026-02-18,PSMT.OQ,31.0564713232997
2026-02-18,SHBI.OQ,11.5323669229415
2026-02-18,SKY.N,25.7727282430038
2026-02-18,NODK.OQ,108.69741428224
2026-02-18,ALLE.N,21.8564910780779
2026-02-18,BTMD.OQ,2.41216570529628
2026-02-18,OSW.OQ,31.3910198555957
2026-02-18,SBH.N,8.94382073645617
2026-02-18,ADP.OQ,20.8659749446914
2026-02-19,UFPI.OQ,20.4853480192864
2026-02-19,FLEX.OQ,29.1456836545133
2026-02-19,WHR.N,15.1830035548283
2026-02-19,CMI.N,29.1006542052885
2026-02-19,SYBT.OQ,14.9097732876563
2026-02-19,OLED.OQ,25.2056893579565
2026-02-19,HE.N,22.9637498726662
2026-02-19,AMSF.OQ,14.3797511034821
2026-02-19,BBSI.OQ,15.6389504910573
2026-02-19,AMAL.OQ,11.6835350813283
2026-02-19,VLY.OQ,14.9889519123442
2026-02-19,WABC.OQ,11.4678599282823
2026-02-19,ORI.N,12.4960122311642
2026-02-19,SNA.N,19.9945621374758
2026-02-19,FTI.N,27.692211117239
2026-02-19,ASGN.N,15.0665957756638
2026-02-19,MCS.N,65.2492378350556
2026-02-19,CAKE.OQ,18.9551871680489
2026-02-19,ACU.A,17.9485494088358
2026-02-19,FLNG.N,14.9335275906028
2026-02-19,PMTS.OQ,10.1520732346118
2026-02-19,RM.N,8.42717740469119
2026-02-19,PANL.OQ,30.4532577903683
2026-02-19,BCO.N,33.0901272246481
2026-02-19,CDNA.OQ,24.6669894355269
2026-02-19,AMD.OQ,78.0864837468611
2026-02-19,AVY.N,21.9685948950251
2026-02-19,DCOM.OQ,29.8516633020276
2026-02-19,TRS.OQ,88.2373408178887
2026-02-19,PSMT.OQ,31.2259445067207
2026-02-19,SHBI.OQ,11.4678091437291
2026-02-19,SKY.N,25.2524174440199
2026-02-19,NODK.OQ,108.535300316122
2026-02-19,ALLE.N,21.6736703150163
2026-02-19,BTMD.OQ,2.45877760298316
2026-02-19,OSW.OQ,31.6166516245487
2026-02-19,SBH.N,8.97228611117436
2026-02-19,ADP.OQ,20.7468560784724
2026-02-20,UFPI.OQ,20.3408109640622
2026-02-20,FLEX.OQ,29.4008370822982
2026-02-20,WHR.N,14.9948798404143
2026-02-20,CMI.N,28.9236838500169
2026-02-20,SYBT.OQ,15.1279757358878
2026-02-20,OLED.OQ,20.5008697159584
2026-02-20,HE.N,23.0801693903983
2026-02-20,AMSF.OQ,14.4180664541442
2026-02-20,BBSI.OQ,15.4997455910448
2026-02-20,AMAL.OQ,11.8356873037748
2026-02-20,VLY.OQ,15.2167475341124
2026-02-20,WABC.OQ,11.5637159003272
2026-02-20,ORI.N,12.4057231254477
2026-02-20,SNA.N,20.0992566171078
2026-02-20,FTI.N,27.5254813382526
2026-02-20,ASGN.N,15.3239707540748
2026-02-20,MCS.N,64.8929009779467
2026-02-20,CAKE.OQ,19.2952994658415
2026-02-20,ACU.A,18.404555127394
2026-02-20,FLNG.N,15.1708305050137
2026-02-20,PMTS.OQ,9.97746755244406
2026-02-20,RM.N,8.3883871749803
2026-02-20,PANL.OQ,31.3638203156617
2026-02-20,BCO.N,33.2455277759379
2026-02-20,CDNA.OQ,23.3386714337145
2026-02-20,AMD.OQ,76.8501240199353
2026-02-20,AVY.N,22.3453290636794
2026-02-20,DCOM.OQ,30.0798736066005
2026-02-20,TRS.OQ,86.0105309549767
2026-02-20,CTO.N,222.607334525939
2026-02-20,PSMT.OQ,31.3892921533916
2026-02-20,SHBI.OQ,11.5675802570573
2026-02-20,SKY.N,25.9728477810746
2026-02-20,NODK.OQ,109.021642214477
2026-02-20,ALLE.N,21.7959989138296
2026-02-20,BTMD.OQ,2.44712462856144
2026-02-20,OSW.OQ,31.7012635379061
2026-02-20,SBH.N,9.04629608544167
2026-02-20,ADP.OQ,20.6027606757882
2026-02-23,UFPI.OQ,19.7015124505702
2026-02-23,FLEX.OQ,28.3354596118982
2026-02-23,WHR.N,14.7677115814993
2026-02-23,CMI.N,28.6350710392157
2026-02-23,SYBT.OQ,14.3991795587947
2026-02-23,OLED.OQ,20.1108272249659
2026-02-23,HE.N,22.4689669223045
2026-02-23,AMSF.OQ,14.3069519372241
2026-02-23,BBSI.OQ,14.84212244271
2026-02-23,AMAL.OQ,11.3148585423232
2026-02-23,VLY.OQ,14.7042073851341
2026-02-23,WABC.OQ,11.17375637769
2026-02-23,ORI.N,12.5230989628791
2026-02-23,SNA.N,20.0726923461564
2026-02-23,FTI.N,27.8549720583199
2026-02-23,ASGN.N,13.8643837054547
2026-02-23,MCS.N,62.5965078988003
2026-02-23,CAKE.OQ,19.4198048605691
2026-02-23,ACU.A,18.0512533995021
2026-02-23,FLNG.N,15.2867226260051
2026-02-23,PMTS.OQ,9.89016471136018
2026-02-23,RM.N,7.19895435188039
2026-02-23,PANL.OQ,30.9254013220019
2026-02-23,BCO.N,32.4838103196156
2026-02-23,CDNA.OQ,23.3262572467816
2026-02-23,AMD.OQ,75.4870566191321
2026-02-23,AVY.N,22.3112868195239
2026-02-23,DCOM.OQ,13.8914794404409
2026-02-23,TRS.OQ,84.6883625988727
2026-02-23,CTO.N,220.93023255814
2026-02-23,PSMT.OQ,30.8931236766288
2026-02-23,SHBI.OQ,11.0511180233582
2026-02-23,SKY.N,25.4231861165069
2026-02-23,NODK.OQ,109.021642214477
2026-02-23,ALLE.N,21.3295371139592
2026-02-23,BTMD.OQ,2.38885975645283
2026-02-23,OSW.OQ,30.5449007220217
2026-02-23,SBH.N,8.94951381139981
2026-02-23,ADP.OQ,19.7631647961482
2026-02-24,UFPI.OQ,20.1536540079384
2026-02-24,FLEX.OQ,29.0606325119183
2026-02-24,WHR.N,12.7196477472185
2026-02-24,CMI.N,29.274699430721
2026-02-24,SYBT.OQ,14.3882694363831
2026-02-24,OLED.OQ,20.9677387582071
2026-02-24,HE.N,22.818225475501
2026-02-24,AMSF.OQ,14.2724681216282
2026-02-24,BBSI.OQ,14.9093248082333
2026-02-24,AMAL.OQ,11.3031545252119
2026-02-24,VLY.OQ,14.6586482607804
2026-02-24,WABC.OQ,11.2129701844356
2026-02-24,ORI.N,12.6374651634534
2026-02-24,SNA.N,20.1596773118208
2026-02-24,FTI.N,28.3535435426322
2026-02-24,ASGN.N,13.7153771390062
2026-02-24,MCS.N,62.160985073445
2026-02-24,CAKE.OQ,21.0280679277842
2026-02-24,ACU.A,18.4785020006737
2026-02-24,FLNG.N,15.2536105914361
2026-02-24,PMTS.OQ,10.426453592304
2026-02-24,RM.N,7.16070990688602
2026-02-24,PANL.OQ,31.2626467017402
2026-02-24,BCO.N,32.9168938232102
2026-02-24,CDNA.OQ,23.8973098456917
2026-02-24,AMD.OQ,82.1065726726104
2026-02-24,AVY.N,22.4054703616875
2026-02-24,DCOM.OQ,13.8278931750742
2026-02-24,TRS.OQ,84.4332073020807
2026-02-24,CTO.N,217.352415026834
2026-02-24,PSMT.OQ,31.6935271453161
2026-02-24,SHBI.OQ,11.0335113563003
2026-02-24,SKY.N,25.4151813349841
2026-02-24,NODK.OQ,107.400502553295
2026-02-24,ALLE.N,21.3550782499751
2026-02-24,BTMD.OQ,2.40051273087456
2026-02-24,OSW.OQ,31.6708662785646
2026-02-24,SBH.N,9.20000910891991
2026-02-24,ADP.OQ,19.7583616160588
2026-02-25,UFPI.OQ,19.3883488309176
2026-02-25,FLEX.OQ,29.3963607063721
2026-02-25,WHR.N,12.5581453131461
2026-02-25,CMI.N,28.9787737953218
2026-02-25,SYBT.OQ,14.5715594928975
2026-02-25,OLED.OQ,20.8928821185217
2026-02-25,HE.N,22.9637498726662
2026-02-25,AMSF.OQ,14.1345328592447
2026-02-25,BBSI.OQ,15.1061317358371
2026-02-25,AMAL.OQ,11.6893870898839
2026-02-25,VLY.OQ,15.0003416934327
2026-02-25,WABC.OQ,11.4460744800903
2026-02-25,ORI.N,12.7367831797415
2026-02-25,SNA.N,20.1294669644643
2026-02-25,FTI.N,28.6700280500653
2026-02-25,ASGN.N,13.8982488341929
2026-02-25,MCS.N,62.8736587876628
2026-02-25,CAKE.OQ,21.5509915940021
2026-02-25,ACU.A,18.6798018223796
2026-02-25,FLNG.N,15.077013073735
2026-02-25,PMTS.OQ,10.6260029433529
2026-02-25,RM.N,7.40592428949695
2026-02-25,PANL.OQ,30.6893295561851
2026-02-25,BCO.N,33.0111531739926
2026-02-25,CDNA.OQ,22.9165890779983
2026-02-25,AMD.OQ,80.9623639812319
2026-02-25,AVY.N,21.8766808358052
2026-02-25,DCOM.OQ,14.1415854175498
2026-02-25,TRS.OQ,85.4770244253207
2026-02-25,CTO.N,218.358676207514
2026-02-25,PSMT.OQ,31.7241548290669
2026-02-25,SHBI.OQ,11.3915135864781
2026-02-25,SKY.N,24.6947509979294
2026-02-25,NODK.OQ,109.102699197536
2026-02-25,ALLE.N,20.9208789377038
2026-02-25,BTMD.OQ,2.47043057740488
2026-02-25,OSW.OQ,31.5984591768761
2026-02-25,SBH.N,9.12599913465261
2026-02-25,ADP.OQ,20.5816266833945
2026-02-26,UFPI.OQ,21.1142044483753
2026-02-26,FLEX.OQ,28.2951722285637
2026-02-26,WHR.N,12.268860733434
2026-02-26,CMI.N,28.6716351622058
2026-02-26,SYBT.OQ,14.5715594928975
2026-02-26,OLED.OQ,21.0898732755887
2026-02-26,HE.N,22.5562815606036
2026-02-26,AMSF.OQ,12.8854524276606
2026-02-26,BBSI.OQ,12.8788533356374
2026-02-26,AMAL.OQ,11.7186471326621
2026-02-26,VLY.OQ,15.2281373152008
2026-02-26,WABC.OQ,11.3850752251526
2026-02-26,ORI.N,12.8481397434586
2026-02-26,SNA.N,20.1404051936796
2026-02-26,FTI.N,29.172934938589
2026-02-26,ASGN.N,16.6582146205031
2026-02-26,MCS.N,65.0116799303164
2026-02-26,CAKE.OQ,21.26992012341
2026-02-26,ACU.A,18.8482363670723
2026-02-26,FLNG.N,15.1542744877292
2026-02-26,PMTS.OQ,10.426453592304
2026-02-26,RM.N,7.47566415978079
2026-02-26,PANL.OQ,31.2626467017402
2026-02-26,BCO.N,34.5396831866794
2026-02-26,AMD.OQ,78.2055121677763
2026-02-26,AVY.N,21.9495186099927
2026-02-26,DCOM.OQ,14.1331072488343
2026-02-26,TRS.OQ,88.1445570736007
2026-02-26,CTO.N,218.358676207514
2026-02-26,PSMT.OQ,31.4035850724753
2026-02-26,SHBI.OQ,11.3973824754974
2026-02-26,SKY.N,24.7374431660512
2026-02-26,NODK.OQ,109.183756180595
2026-02-26,ALLE.N,21.5634401490527
2026-02-26,BTMD.OQ,2.50538950067005
2026-02-26,OSW.OQ,32.2501230920729
2026-02-26,SBH.N,9.45050440644001
2026-02-26,ADP.OQ,20.9764480867493
2026-02-27,UFPI.OQ,20.6860508357036
2026-02-27,FLEX.OQ,28.2101210859688
2026-02-27,WHR.N,12.1446280918399
2026-02-27,CMI.N,28.4649259869022
2026-02-27,SYBT.OQ,13.5038970554178
2026-02-27,OLED.OQ,21.0169865474739
2026-02-27,HE.N,21.7586739710633
2026-02-27,AMSF.OQ,12.4639835703776
2026-02-27,BBSI.OQ,13.2974520798518
2026-02-27,AMAL.OQ,11.2621904653225
2026-02-27,VLY.OQ,14.3625139524818
2026-02-27,WABC.OQ,11.034329509261
2026-02-27,ORI.N,11.5072111319585
2026-02-27,SNA.N,20.0648793252883
2026-02-27,FTI.N,28.7480653258707
2026-02-27,ASGN.N,16.4814900189018
2026-02-27,MCS.N,66.6349922793681
2026-02-27,CAKE.OQ,21.1718719359941
2026-02-27,ACU.A,18.4908264795537
2026-02-27,FLNG.N,15.077013073735
2026-02-27,PMTS.OQ,10.1978032942272
2026-02-27,RM.N,7.15846023365106
2026-02-27,PANL.OQ,31.5324430055308
2026-02-27,BCO.N,24.7713681423701
2026-02-27,AMD.OQ,76.8731617788221
2026-02-27,AVY.N,22.337451949166
2026-02-27,DCOM.OQ,13.7134378974142
2026-02-27,TRS.OQ,90.6497181693767
2026-02-27,CTO.N,217.799642218247
2026-02-27,PSMT.OQ,31.571016410313
2026-02-27,SHBI.OQ,10.9043957978755
2026-02-27,SKY.N,24.9428992251372
2026-02-27,NODK.OQ,107.643673502472
2026-02-27,ALLE.N,21.6629161524833
2026-02-27,BTMD.OQ,2.47043057740488
2026-02-27,OSW.OQ,31.1784979870826
2026-02-27,SBH.N,9.14877143442716
2026-02-27,ADP.OQ,20.5921936795914
2026-03-02,UFPI.OQ,20.3624229876278
2026-03-02,FLEX.OQ,29.3157859397032
2026-03-02,WHR.N,11.3690614578878
2026-03-02,CMI.N,28.2942934129489
2026-03-02,SYBT.OQ,13.6091659754008
2026-03-02,OLED.OQ,21.1962485004048
2026-03-02,HE.N,22.4610198061525
2026-03-02,AMSF.OQ,13.6116666801623
2026-03-02,BBSI.OQ,13.3501247384324
2026-03-02,AMAL.OQ,11.3441185851014
2026-03-02,VLY.OQ,12.6811594202899
2026-03-02,WABC.OQ,11.2999659486399
2026-03-02,ORI.N,11.5635795559779
2026-03-02,SNA.N,20.2924986665778
2026-03-02,FTI.N,29.2639784270286
2026-03-02,ASGN.N,15.7400150600095
2026-03-02,MCS.N,66.6745852634913
2026-03-02,CAKE.OQ,20.5737779927575
2026-03-02,ACU.A,18.3922306485141
2026-03-02,FLNG.N,20.3969487726402
2026-03-02,PMTS.OQ,10.2269042412552
2026-03-02,RM.N,7.27769291510408
2026-03-02,PANL.OQ,31.4312693916093
2026-03-02,BCO.N,26.697582261859
2026-03-02,AMD.OQ,76.2626611683215
2026-03-02,AVY.N,22.1804583984155
2026-03-02,DCOM.OQ,13.9550657058075
2026-03-02,TRS.OQ,88.0053814571687
2026-03-02,CTO.N,219.5885509839
2026-03-02,PSMT.OQ,32.142733173661
2026-03-02,SHBI.OQ,11.0276424672809
2026-03-02,SKY.N,24.2278054090977
2026-03-02,NODK.OQ,107.88684445165
2026-03-02,ALLE.N,21.8443926452282
2026-03-02,BTMD.OQ,2.44712462856144
2026-03-02,OSW.OQ,30.4689083905349
2026-03-02,SBH.N,9.22278140869446
2026-03-02,ADP.OQ,20.650792476683
2026-03-03,UFPI.OQ,19.9985929223997
2026-03-03,FLEX.OQ,28.2369793415251
2026-03-03,WHR.N,10.7106284574388
2026-03-03,CMI.N,27.305599527299
2026-03-03,SYBT.OQ,13.595481015803
2026-03-03,OLED.OQ,20.4358626341264
2026-03-03,HE.N,22.5874420564686
2026-03-03,AMSF.OQ,13.8829283302428
2026-03-03,BBSI.OQ,13.388432126491
2026-03-03,AMAL.OQ,11.2914505081006
2026-03-03,VLY.OQ,12.423774451572
2026-03-03,WABC.OQ,11.3276050396013
2026-03-03,ORI.N,11.373000598579
2026-03-03,SNA.N,19.9929995333022
2026-03-03,FTI.N,28.6700280500653
2026-03-03,ASGN.N,16.1280408156993
2026-03-03,MCS.N,68.099932691927
2026-03-03,CAKE.OQ,20.7666060946753
2026-03-03,ACU.A,18.1087676342752
2026-03-03,FLNG.N,21.1561404143017
2026-03-03,PMTS.OQ,10.3931953671292
2026-03-03,RM.N,7.29793997421874
2026-03-03,PANL.OQ,30.7230540941589
2026-03-03,BCO.N,26.6933394994813
2026-03-03,AMD.OQ,73.3176676572903
2026-03-03,AVY.N,21.6878626920754
2026-03-03,DCOM.OQ,13.8999576091564
2026-03-03,TRS.OQ,21.5158183083728
2026-03-03,CTO.N,219.5885509839
2026-03-03,PSMT.OQ,30.9850067278812
2026-03-03,SHBI.OQ,10.4498312641432
2026-03-03,SKY.N,23.7448502572203
2026-03-03,NODK.OQ,107.724730485531
2026-03-03,ALLE.N,21.2878647341437
2026-03-03,BTMD.OQ,2.45877760298316
2026-03-03,OSW.OQ,30.3240941871579
2026-03-03,SBH.N,8.85273153735796
2026-03-03,ADP.OQ,20.7756751590093
2026-03-04,UFPI.OQ,19.7975818366383
2026-03-04,FLEX.OQ,28.6219476711654
2026-03-04,WHR.N,10.6396383765278
2026-03-04,CMI.N,27.9866672581929
2026-03-04,SYBT.OQ,13.935499627348
2026-03-04,OLED.OQ,19.9985422654377
2026-03-04,HE.N,22.6436297232757
2026-03-04,AMSF.OQ,14.4375976744374
2026-03-04,BBSI.OQ,13.9343124063265
2026-03-04,AMAL.OQ,11.4553067476585
2026-03-04,VLY.OQ,12.4534727171933
2026-03-04,WABC.OQ,11.3563496942011
2026-03-04,ORI.N,11.3971584945873
2026-03-04,SNA.N,19.9752900193346
2026-03-04,FTI.N,28.2971832878839
2026-03-04,ASGN.N,16.1165152982036
2026-03-04,MCS.N,69.2481292315002
2026-03-04,CAKE.OQ,20.9300197403684
2026-03-04,ACU.A,18.1128757939019
2026-03-04,FLNG.N,21.307978742634
2026-03-04,PMTS.OQ,10.3599371419544
2026-03-04,RM.N,7.62864193975825
2026-03-04,PANL.OQ,31.0265749359234
2026-03-04,BCO.N,26.2372425438755
2026-03-04,AMD.OQ,77.5873323043134
2026-03-04,AVY.N,21.296516449625
2026-03-04,DCOM.OQ,13.9423484527342
2026-03-04,TRS.OQ,22.1838022318522
2026-03-04,CTO.N,220.818425760286
2026-03-04,PSMT.OQ,31.2524884993047
2026-03-04,SHBI.OQ,10.3768340548827
2026-03-04,SKY.N,23.9102824086921
2026-03-04,NODK.OQ,107.238388587177
2026-03-04,ALLE.N,21.0566502396834
2026-03-04,BTMD.OQ,2.45877760298316
2026-03-04,OSW.OQ,30.1647985634431
2026-03-04,SBH.N,8.78441463803429
2026-03-04,ADP.OQ,20.8611717646019
2026-02-12,FSBC.OQ,15.0082038413281
2026-02-12,WEX.N,19.836628825682
2026-02-12,EPAC.N,25.1350913703453
2026-02-12,AMSC.OQ,10.906707539795
2026-02-12,FUL.N,24.217481483634
2026-02-12,CR.N,38.4551046267259
2026-02-12,MHO.N,8.61638933262596
2026-02-12,NEE.N,29.193765560693
2026-02-12,IVR.N,17.635404201895
2026-02-12,BRBR.N,12.0222978827928
2026-02-12,TFSL.OQ,46.4540784362862
2026-02-12,PDEX.OQ,11.3634329560439
2026-02-12,CUZ.N,90.5948017327557
2026-02-12,CZWI.OQ,12.6656060564501
2026-02-12,CLB.N,26.8733620574779
2026-02-12,PCB.OQ,9.53789741239218
2026-02-12,WHG.N,21.6537354218514
2026-02-12,REPX.A,6.55608331005005
2026-02-12,ABX.N,104.963281843505
2026-02-12,AXON.OQ,138.225126074408
2026-02-12,IBKR.OQ,35.1368248929928
2026-02-12,GEF.N,16.5758460655994
2026-02-12,HON.OQ,28.709468510323
2026-02-12,QGEN.N,25.477003562422
2026-02-12,LGND.OQ,87.4204120526111
2026-02-13,FSBC.OQ,15.0490374406985
2026-02-13,WEX.N,20.4889699767132
2026-02-13,EPAC.N,25.800802451736
2026-02-13,AMSC.OQ,11.6952676154421
2026-02-13,FUL.N,24.5153416128763
2026-02-13,CR.N,38.5550878987554
2026-02-13,MHO.N,8.7783647757403
2026-02-13,NEE.N,29.7876124180682
2026-02-13,IVR.N,17.086136885262
2026-02-13,BRBR.N,12.1928753215385
2026-02-13,TFSL.OQ,46.7673223906779
2026-02-13,PDEX.OQ,11.7781132345658
2026-02-13,CUZ.N,93.5521492835721
2026-02-13,CZWI.OQ,12.9501878925858
2026-02-13,CLB.N,27.4804187210352
2026-02-13,PCB.OQ,9.51706321096712
2026-02-13,WHG.N,21.5805396964817
2026-02-13,REPX.A,6.80362140885941
2026-02-13,ABX.N,106.356039503672
2026-02-13,AXON.OQ,136.277712582067
2026-02-13,IBKR.OQ,35.9495984225461
2026-02-13,GEF.N,16.6910013731727
2026-02-13,HON.OQ,28.8950152567309
2026-02-13,QGEN.N,25.7283902532302
2026-02-13,LGND.OQ,88.4695532487283
2026-02-17,FSBC.OQ,15.0824467492743
2026-02-17,WEX.N,18.0813850331535
2026-02-17,EPAC.N,25.6688597148837
2026-02-17,AMSC.OQ,12.5145508109197
2026-02-17,FUL.N,24.3082924986469
2026-02-17,CR.N,38.4704866685766
2026-02-17,MHO.N,9.97707326492482
2026-02-17,NEE.N,28.0926624547369
2026-02-17,IVR.N,17.0469035055025
2026-02-17,BRBR.N,12.3361603700848
2026-02-17,TFSL.OQ,48.0202982082446
2026-02-17,PDEX.OQ,11.9063956228856
2026-02-17,CUZ.N,96.9260246584472
2026-02-17,CZWI.OQ,12.7204652055847
2026-02-17,CLB.N,27.7617376626838
2026-02-17,PCB.OQ,9.48789532897204
2026-02-17,WHG.N,21.0327949713534
2026-02-17,REPX.A,6.68597954011833
2026-02-17,ABX.N,107.495568498354
2026-02-17,AXON.OQ,136.997684671255
2026-02-17,IBKR.OQ,35.2474390419853
2026-02-17,GEF.N,16.5345639742052
2026-02-17,HON.OQ,29.047043881207
2026-02-17,QGEN.N,24.5519393647502
2026-02-17,LGND.OQ,90.2405805889629
2026-02-18,FSBC.OQ,14.8634301708329
2026-02-18,WEX.N,18.6818261399862
2026-02-18,EPAC.N,25.2910236957161
2026-02-18,AMSC.OQ,11.8727789744623
2026-02-18,FUL.N,24.3010276174459
2026-02-18,CR.N,38.5339375912107
2026-02-18,MHO.N,9.79757569494116
2026-02-18,NEE.N,27.6411678257049
2026-02-18,IVR.N,17.164603644781
2026-02-18,BRBR.N,12.6363766622771
2026-02-18,TFSL.OQ,47.2371883222654
2026-02-18,PDEX.OQ,12.1301439746061
2026-02-18,CUZ.N,99.466844385205
2026-02-18,CZWI.OQ,12.6038895136736
2026-02-18,CLB.N,27.3471623802544
2026-02-18,PCB.OQ,9.67123630151256
2026-02-18,WHG.N,21.4122200159359
2026-02-18,REPX.A,6.88695106588435
2026-02-18,ABX.N,112.43352747531
2026-02-18,AXON.OQ,136.42043832662
2026-02-18,IBKR.OQ,36.0217380849324
2026-02-18,GEF.N,16.3281535172342
2026-02-18,HON.OQ,35.0784296896707
2026-02-18,QGEN.N,24.5230303790327
2026-02-18,LGND.OQ,91.410036142433
2026-02-19,FSBC.OQ,14.9636580965603
2026-02-19,WEX.N,18.180087680852
2026-02-19,EPAC.N,25.3809846526607
2026-02-19,AMSC.OQ,11.5314109763466
2026-02-19,FUL.N,23.7016749183609
2026-02-19,CR.N,39.3895636691554
2026-02-19,MHO.N,9.62691702044913
2026-02-19,NEE.N,27.7684347681166
2026-02-19,IVR.N,16.8899699864645
2026-02-19,BRBR.N,12.9502391495691
2026-02-19,TFSL.OQ,46.8299711815562
2026-02-19,PDEX.OQ,11.6349142894647
2026-02-19,CUZ.N,100.716427857381
2026-02-19,CZWI.OQ,12.6724634500919
2026-02-19,CLB.N,27.5840625416426
2026-02-19,PCB.OQ,9.60456685695237
2026-02-19,WHG.N,21.437515018908
2026-02-19,REPX.A,6.98498595650192
2026-02-19,ABX.N,110.407698151431
2026-02-19,AXON.OQ,139.909289860129
2026-02-19,IBKR.OQ,35.5840907997884
2026-02-19,GEF.N,16.1630251516574
2026-02-19,HON.OQ,35.0246061059219
2026-02-19,QGEN.N,24.3695613324375
2026-02-19,LGND.OQ,89.6678842479631
2026-02-20,FSBC.OQ,15.1307046394393
2026-02-20,WEX.N,18.4914710337105
2026-02-20,EPAC.N,25.4229664325683
2026-02-20,AMSC.OQ,11.6201666558567
2026-02-20,FUL.N,23.9523133197964
2026-02-20,CR.N,39.0800000769102
2026-02-20,MHO.N,9.75406113252089
2026-02-20,NEE.N,27.9320636940745
2026-02-20,IVR.N,16.9880534358632
2026-02-20,BRBR.N,12.9911777348681
2026-02-20,TFSL.OQ,47.1118907405087
2026-02-20,PDEX.OQ,11.7900464799909
2026-02-20,CUZ.N,99.8000666444519
2026-02-20,CZWI.OQ,12.6244616945991
2026-02-20,CLB.N,27.2731310798205
2026-02-20,PCB.OQ,9.61290053752239
2026-02-20,WHG.N,20.9948524668952
2026-02-20,REPX.A,6.93596851119313
2026-02-20,ABX.N,110.407698151431
2026-02-20,AXON.OQ,137.622506264074
2026-02-20,IBKR.OQ,35.7788678882316
2026-02-20,GEF.N,16.2173436929655
2026-02-20,HON.OQ,35.4901073707761
2026-02-20,QGEN.N,24.1852901042277
2026-02-20,LGND.OQ,88.5417418631401
2026-02-23,FSBC.OQ,14.6555500285835
2026-02-23,WEX.N,17.8217030671848
2026-02-23,EPAC.N,24.6013230258068
2026-02-23,AMSC.OQ,11.0978736187397
2026-02-23,FUL.N,23.8542374235825
2026-02-23,CR.N,38.5858519824568
2026-02-23,MHO.N,9.5895216933692
2026-02-23,NEE.N,28.5017347696317
2026-02-23,IVR.N,16.7134197775467
2026-02-23,BRBR.N,12.2406370043872
2026-02-23,TFSL.OQ,44.5432903144969
2026-02-23,PDEX.OQ,12.0436279452741
2026-02-23,CUZ.N,97.3008997001
2026-02-23,CZWI.OQ,12.2541624379406
2026-02-23,CLB.N,27.1398747390397
2026-02-23,PCB.OQ,9.21288387016126
2026-02-23,WHG.N,20.5142474104241
2026-02-23,REPX.A,6.76685832487783
2026-02-23,ABX.N,108.888326158521
2026-02-23,AXON.OQ,134.301753940816
2026-02-23,IBKR.OQ,34.4058096474775
2026-02-23,GEF.N,15.954441953034
2026-02-23,HON.OQ,35.3577304485832
2026-02-23,QGEN.N,23.8482280078238
2026-02-23,LGND.OQ,88.3829269114342
2026-02-24,FSBC.OQ,14.6741107555701
2026-02-24,WEX.N,17.6372231185101
2026-02-24,EPAC.N,25.0391330162709
2026-02-24,AMSC.OQ,11.5075152164785
2026-02-24,FUL.N,23.8651347453841
2026-02-24,CR.N,39.2953486628199
2026-02-24,MHO.N,9.64527472647018
2026-02-24,NEE.N,28.9926215475054
2026-02-24,IVR.N,6.55383845335669
2026-02-24,BRBR.N,12.5135609063803
2026-02-24,TFSL.OQ,44.6999122916928
2026-02-24,PDEX.OQ,12.5149911395653
2026-02-24,CUZ.N,96.0929690103299
2026-02-24,CZWI.OQ,12.2713059220451
2026-02-24,CLB.N,26.0145989724456
2026-02-24,PCB.OQ,9.35038959956665
2026-02-24,WHG.N,20.9948524668952
2026-02-24,REPX.A,6.7717600694087
2026-02-24,ABX.N,110.534312484173
2026-02-24,AXON.OQ,140.350153826636
2026-02-24,IBKR.OQ,34.5885634588564
2026-02-24,GEF.N,16.0196242026038
2026-02-24,HON.OQ,35.43773847848
2026-02-24,QGEN.N,24.246388359675
2026-02-24,LGND.OQ,90.9576541587861
2026-02-25,FSBC.OQ,14.971082387355
2026-02-25,WEX.N,17.6289978978686
2026-02-25,EPAC.N,24.8472163081223
2026-02-25,AMSC.OQ,11.8386421746507
2026-02-25,FUL.N,23.6253936657501
2026-02-25,CR.N,39.1453737547756
2026-02-25,MHO.N,9.54600713094892
2026-02-25,NEE.N,28.819902125661
2026-02-25,IVR.N,6.5616592629669
2026-02-25,BRBR.N,12.3225141749852
2026-02-25,TFSL.OQ,45.4203733867936
2026-02-25,PDEX.OQ,12.708906377723
2026-02-25,CUZ.N,97.8840386537821
2026-02-25,CZWI.OQ,12.4255972789862
2026-02-25,CLB.N,25.9405676720117
2026-02-25,PCB.OQ,9.61290053752239
2026-02-25,WHG.N,21.5260475293106
2026-02-25,REPX.A,6.7840144307359
2026-02-25,ABX.N,110.660926816916
2026-02-25,AXON.OQ,164.98461733642
2026-02-25,IBKR.OQ,35.4205742317126
2026-02-25,GEF.N,15.8870869618119
2026-02-25,HON.OQ,35.2326269836536
2026-02-25,QGEN.N,24.3603351827038
2026-02-25,LGND.OQ,92.1078594150797
2026-02-26,FSBC.OQ,14.8485815892437
2026-02-26,WEX.N,17.7770518694164
2026-02-26,EPAC.N,24.7092761741404
2026-02-26,AMSC.OQ,11.8249874547261
2026-02-26,FUL.N,23.9268862355928
2026-02-26,CR.N,39.2626618238871
2026-02-26,MHO.N,9.59156143848264
2026-02-26,NEE.N,27.8744905534597
2026-02-26,IVR.N,6.63986735906901
2026-02-26,ECPG.OQ,5.83406403601536
2026-02-26,BRBR.N,12.8547157838716
2026-02-26,TFSL.OQ,45.2324270141586
2026-02-26,PDEX.OQ,13.3294351398278
2026-02-26,CUZ.N,99.8417194268577
2026-02-26,CZWI.OQ,12.4598842471953
2026-02-26,CLB.N,25.7628925509705
2026-02-26,PCB.OQ,9.53373057210717
2026-02-26,WHG.N,21.7157600516018
2026-02-26,REPX.A,6.96292810611297
2026-02-26,ABX.N,114.585971131932
2026-02-26,AXON.OQ,360.756671693659
2026-02-26,IBKR.OQ,35.8582215168566
2026-02-26,GEF.N,15.8088682623281
2026-02-26,HON.OQ,35.0406077119013
2026-02-26,SLNO.OQ,246.425567703953
2026-02-26,QGEN.N,24.4597215354181
2026-02-26,LGND.OQ,94.4082699276671
2026-02-27,FSBC.OQ,14.4513820317314
2026-02-27,WEX.N,17.5302952501701
2026-02-27,EPAC.N,24.4693802889546
2026-02-27,AMSC.OQ,11.1217693786078
2026-02-27,FUL.N,23.8723996265851
2026-02-27,CR.N,35.3978083120331
2026-02-27,MHO.N,9.66567217760469
2026-02-27,NEE.N,28.4138599760617
2026-02-27,IVR.N,6.59294250140775
2026-02-27,ECPG.OQ,6.23097017546902
2026-02-27,BRBR.N,12.5476763941294
2026-02-27,TFSL.OQ,43.9168024057136
2026-02-27,PDEX.OQ,13.2190526196457
2026-02-27,CUZ.N,96.4678440519827
2026-02-27,CZWI.OQ,11.9387223304167
2026-02-27,CLB.N,26.0442114926191
2026-02-27,PCB.OQ,9.31705487728656
2026-02-27,WHG.N,21.1972124906725
2026-02-27,REPX.A,7.06831561352686
2026-02-27,ABX.N,115.598885793872
2026-02-27,AXON.OQ,355.648809914104
2026-02-27,IBKR.OQ,34.237483768576
2026-02-27,GEF.N,15.7893135874572
2026-02-27,HON.OQ,35.4348290955747
2026-02-27,SLNO.OQ,252.765737206444
2026-02-27,QGEN.N,24.8299600751438
2026-02-27,LGND.OQ,95.4381608266078
2026-03-02,FSBC.OQ,13.5304071554374
2026-03-02,WEX.N,18.5654980194844
2026-03-02,EPAC.N,24.5593412458993
2026-03-02,AMSC.OQ,11.2685576177976
2026-03-02,FUL.N,23.5854368191444
2026-03-02,CR.N,36.0668238882691
2026-03-02,MHO.N,9.61331871969279
2026-03-02,NEE.N,28.0926624547369
2026-03-02,IVR.N,6.53819683413627
2026-03-02,ECPG.OQ,6.47093871495479
2026-03-02,BRBR.N,12.3839220529336
2026-03-02,TFSL.OQ,44.8878586643278
2026-03-02,PDEX.OQ,13.7620152864874
2026-03-02,CUZ.N,96.6344551816061
2026-03-02,CZWI.OQ,12.2061606824478
2026-03-02,CLB.N,25.5852174299294
2026-03-02,PCB.OQ,9.34205591899662
2026-03-02,WHG.N,21.8422350664626
2026-03-02,REPX.A,7.21781882171865
2026-03-02,ABX.N,121.043302101798
2026-03-02,AXON.OQ,375.070487181169
2026-03-02,IBKR.OQ,32.3544680947114
2026-03-02,GEF.N,15.8957779284212
2026-03-02,HON.OQ,36.0821667920126
2026-03-02,SLNO.OQ,252.701041599275
2026-03-02,QGEN.N,24.1759868667258
2026-03-02,LGND.OQ,34.4290104570364
2026-03-03,FSBC.OQ,13.5614877231757
2026-03-03,WEX.N,19.2329159229696
2026-03-03,EPAC.N,24.0255729013608
2026-03-03,AMSC.OQ,10.6131310614155
2026-03-03,FUL.N,23.4510365169254
2026-03-03,CR.N,35.4542951153037
2026-03-03,MHO.N,9.66907175279377
2026-03-03,NEE.N,28.0563004711907
2026-03-03,IVR.N,6.53819683413627
2026-03-03,ECPG.OQ,6.55670693819305
2026-03-03,BRBR.N,12.0973519558409
2026-03-03,TFSL.OQ,44.8878586643278
2026-03-03,PDEX.OQ,14.1737122536531
2026-03-03,CUZ.N,97.0093302232589
2026-03-03,CZWI.OQ,12.2267328633733
2026-03-03,CLB.N,24.9929670264588
2026-03-03,PCB.OQ,9.33788907871161
2026-03-03,WHG.N,21.3110400040472
2026-03-03,REPX.A,7.22272056624953
2026-03-03,ABX.N,122.056216763738
2026-03-03,AXON.OQ,379.706248770572
2026-03-03,IBKR.OQ,31.3297067918651
2026-03-03,GEF.N,15.641567155099
2026-03-03,HON.OQ,35.4726510733441
2026-03-03,SLNO.OQ,244.031830238727
2026-03-03,QGEN.N,23.6768386891616
2026-03-03,LGND.OQ,34.7162729980011
2026-03-04,FSBC.OQ,13.5027799841144
2026-03-04,WEX.N,19.3633444217141
2026-03-04,EPAC.N,24.0615572841387
2026-03-04,AMSC.OQ,10.8759844199646
2026-03-04,FUL.N,23.3820201455156
2026-03-04,CR.N,35.9397285809103
2026-03-04,MHO.N,9.78261756410919
2026-03-04,NEE.N,28.0593306364862
2026-03-04,IVR.N,6.52255521491585
2026-03-04,ECPG.OQ,6.72915581257636
2026-03-04,BRBR.N,11.9540669072946
2026-03-04,TFSL.OQ,44.6059391053753
2026-03-04,PDEX.OQ,14.3348110668918
2026-03-04,CUZ.N,100.258247250916
2026-03-04,JRVR.OQ,13.6094442483429
2026-03-04,CZWI.OQ,12.4255972789862
2026-03-04,CLB.N,24.4895541835088
2026-03-04,PCB.OQ,9.47956164840202
2026-03-04,WHG.N,22.1457751021286
2026-03-04,REPX.A,7.26683626702744
2026-03-04,ABX.N,125.854646746012
2026-03-04,AXON.OQ,373.621401875287
2026-03-04,IBKR.OQ,31.2168476175428
2026-03-04,GEF.N,15.5676939389199
2026-03-04,HON.OQ,35.78104566131
2026-03-04,SLNO.OQ,246.684350132626
2026-03-04,QGEN.N,23.8195827537622
2026-03-04,LGND.OQ,35.5168686003345
2026-03-05,QGEN.N,23.6301915759036
2026-02-12,TOST.N,58.9415770366863
2026-02-12,SGI.N,60.2715970506359
2026-02-12,MU.OQ,39.3507978619751
2026-02-12,RGA.N,17.3264976373309
2026-02-12,VAC.N,11.9100280157102
2026-02-12,MATW.OQ,36.1227414505297
2026-02-12,SIGI.OQ,11.7101549834208
2026-02-12,TRV.N,11.6917984842291
2026-02-12,NI.N,23.1298507157045
2026-02-12,FDP.N,24.3341367422278
2026-02-12,GNW.N,15.3100280683848
2026-02-12,CGNX.OQ,90.5764658659339
2026-02-12,BANR.OQ,11.6425992779783
2026-02-12,EQBK.N,35.2908047551638
2026-02-12,DIS.N,15.0858099376557
2026-02-12,ESI.N,32.5562538009325
2026-02-12,COST.OQ,53.5045003109481
2026-02-12,FRAF.OQ,10.4599334578714
2026-02-12,SBUX.OQ,80.6044500720575
2026-02-12,UWMC.N,57.6757884402994
2026-02-12,NPK.N,22.3254274074142
2026-02-12,ARDT.N,6.5207522251723
2026-02-12,GDDY.N,15.2090337455821
2026-02-12,NEM.N,18.3649418049635
2026-02-12,CVCO.OQ,24.9349843371358
2026-02-12,GLDD.OQ,14.4086094629286
2026-02-12,NHI.N,28.2612669974216
2026-02-12,SNEX.OQ,18.631706556959
2026-02-12,UGI.N,14.1187063633814
2026-02-12,APLE.N,16.6001574503896
2026-02-12,FBRT.N,10.8506079330277
2026-02-12,DE.N,32.3190022937949
2026-02-12,GLW.N,83.524943152225
2026-02-12,SUNS.OQ,8.36724009662279
2026-02-13,TOST.N,61.624839342488
2026-02-13,SGI.N,62.6120517116612
2026-02-13,MU.OQ,39.1312159041976
2026-02-13,RGA.N,16.9636632989979
2026-02-13,VAC.N,12.0530109069137
2026-02-13,MATW.OQ,36.6566442802147
2026-02-13,SIGI.OQ,11.5313536197269
2026-02-13,TRV.N,10.6795358806778
2026-02-13,NI.N,23.7339504023918
2026-02-13,FDP.N,24.681941605394
2026-02-13,GNW.N,15.1739389299991
2026-02-13,CGNX.OQ,86.9018935418546
2026-02-13,BANR.OQ,11.7055026802319
2026-02-13,EQBK.N,35.138590803233
2026-02-13,DIS.N,15.5381779441863
2026-02-13,ESI.N,32.7995134806406
2026-02-13,COST.OQ,54.5554566973294
2026-02-13,FRAF.OQ,10.3566202670962
2026-02-13,SBUX.OQ,78.1303366293745
2026-02-13,UWMC.N,60.0073628666094
2026-02-13,NPK.N,22.8937712094319
2026-02-13,ARDT.N,6.60329339257955
2026-02-13,GDDY.N,15.3572296329739
2026-02-13,NEM.N,19.5590050716594
2026-02-13,CVCO.OQ,25.6577186108204
2026-02-13,GLDD.OQ,14.3576055356262
2026-02-13,NHI.N,28.15094529935
2026-02-13,SNEX.OQ,19.0000164024627
2026-02-13,UGI.N,14.303216378585
2026-02-13,APLE.N,16.6544506881668
2026-02-13,FBRT.N,11.0250149491728
2026-02-13,DE.N,32.5789116767397
2026-02-13,GLW.N,72.6617412466721
2026-02-13,SUNS.OQ,8.64278038520532
2026-02-17,TOST.N,62.3689372928364
2026-02-17,SGI.N,57.2270501796087
2026-02-17,MU.OQ,38.0019372641989
2026-02-17,RGA.N,17.1288687211325
2026-02-17,VAC.N,12.8662261006331
2026-02-17,MATW.OQ,37.2326973332959
2026-02-17,SIGI.OQ,11.5473656821472
2026-02-17,TRV.N,10.8617569816635
2026-02-17,NI.N,23.9131325128499
2026-02-17,FDP.N,24.6026176892333
2026-02-17,GNW.N,15.3100280683848
2026-02-17,CGNX.OQ,84.3889964671624
2026-02-17,BANR.OQ,11.7310286985377
2026-02-17,EQBK.N,35.1538121984261
2026-02-17,DIS.N,15.5367044327644
2026-02-17,ESI.N,32.7488343807014
2026-02-17,COST.OQ,54.211030114025
2026-02-17,FRAF.OQ,10.5337285941394
2026-02-17,SBUX.OQ,79.4631923560724
2026-02-17,UWMC.N,59.3937906491594
2026-02-17,NPK.N,23.1623090576345
2026-02-17,ARDT.N,6.72710514369041
2026-02-17,GDDY.N,15.7156568955029
2026-02-17,NEM.N,19.0163903840593
2026-02-17,CVCO.OQ,25.4365089022783
2026-02-17,GLDD.OQ,14.3236029174246
2026-02-17,NHI.N,28.6899455956426
2026-02-17,SNEX.OQ,18.8613410355322
2026-02-17,UGI.N,14.2404829734158
2026-02-17,APLE.N,16.6815973070554
2026-02-17,FBRT.N,11.0623878812039
2026-02-17,DE.N,32.4665184300609
2026-02-17,GLW.N,71.0610704894024
2026-02-17,SUNS.OQ,8.57848765120273
2026-02-18,TOST.N,62.3914857155742
2026-02-18,SGI.N,58.7525833012797
2026-02-18,MU.OQ,40.0142965915367
2026-02-18,RGA.N,17.1821358899516
2026-02-18,VAC.N,13.1722988521155
2026-02-18,MATW.OQ,37.3029477056228
2026-02-18,SIGI.OQ,11.3752360111284
2026-02-18,TRV.N,10.833806733106
2026-02-18,NI.N,23.1912845821473
2026-02-18,FDP.N,25.9633279433749
2026-02-18,GNW.N,15.0718720762099
2026-02-18,CGNX.OQ,83.8420718097293
2026-02-18,BANR.OQ,11.7109725412974
2026-02-18,EQBK.N,34.6362847618613
2026-02-18,DIS.N,15.7813073288038
2026-02-18,ESI.N,34.1475775390229
2026-02-18,COST.OQ,53.3555880400949
2026-02-18,FRAF.OQ,10.6813188666754
2026-02-18,SBUX.OQ,79.7714152428713
2026-02-18,UWMC.N,59.0256473186894
2026-02-18,NPK.N,23.1862199619265
2026-02-18,ARDT.N,6.71334828245587
2026-02-18,GDDY.N,15.6053715839556
2026-02-18,NEM.N,19.3864256151447
2026-02-18,CVCO.OQ,25.4021757648032
2026-02-18,GLDD.OQ,14.3406042265254
2026-02-18,NHI.N,28.0374715527621
2026-02-18,SNEX.OQ,19.0984311789941
2026-02-18,UGI.N,14.0559729582122
2026-02-18,APLE.N,16.6544506881668
2026-02-18,FBRT.N,10.8132350009966
2026-02-18,DE.N,32.0574718544075
2026-02-18,GLW.N,71.8722947847533
2026-02-18,SUNS.OQ,8.86321261607135
2026-02-19,TOST.N,49.0871634581232
2026-02-19,SGI.N,58.3157853561859
2026-02-19,MU.OQ,39.6720909430522
2026-02-19,RGA.N,17.2014355887991
2026-02-19,VAC.N,13.1142120525641
2026-02-19,MATW.OQ,37.0500463652458
2026-02-19,SIGI.OQ,11.3352058550775
2026-02-19,TRV.N,10.886077327811
2026-02-19,NI.N,23.4574980033993
2026-02-19,FDP.N,25.8412911492815
2026-02-19,GNW.N,14.9357829378243
2026-02-19,CGNX.OQ,82.6890955048706
2026-02-19,BANR.OQ,11.6653903657514
2026-02-19,EQBK.N,34.7656666210025
2026-02-19,DIS.N,15.6192210723921
2026-02-19,ESI.N,45.1326646070915
2026-02-19,COST.OQ,52.9131364727397
2026-02-19,FRAF.OQ,10.7656561652674
2026-02-19,SBUX.OQ,79.8047366360387
2026-02-19,UWMC.N,58.9029328751994
2026-02-19,NPK.N,23.3683106946118
2026-02-19,ARDT.N,6.57577967011047
2026-02-19,GDDY.N,15.2796852732922
2026-02-19,NEM.N,19.4968142765189
2026-02-19,CVCO.OQ,25.1522826755858
2026-02-19,GLDD.OQ,14.3491048810758
2026-02-19,NHI.N,27.9649744368865
2026-02-19,SNEX.OQ,18.6197774931371
2026-02-19,UGI.N,14.1703691676384
2026-02-19,APLE.N,16.6137307598339
2026-02-19,FBRT.N,11.0623878812039
2026-02-19,DE.N,35.7713121641374
2026-02-19,GLW.N,70.7725141964252
2026-02-19,SUNS.OQ,8.57848765120273
2026-02-20,TOST.N,48.0748739077929
2026-02-20,SGI.N,59.4566755112818
2026-02-20,MU.OQ,40.7006090309972
2026-02-20,RGA.N,17.2832663119125
2026-02-20,VAC.N,13.1588942060652
2026-02-20,MATW.OQ,37.0640964397111
2026-02-20,SIGI.OQ,11.3552209331029
2026-02-20,TRV.N,11.0686614190378
2026-02-20,NI.N,23.7390698912621
2026-02-20,FDP.N,22.0346281224583
2026-02-20,GNW.N,14.9357829378243
2026-02-20,CGNX.OQ,82.8221312323543
2026-02-20,BANR.OQ,11.7310286985377
2026-02-20,EQBK.N,35.3593010335327
2026-02-20,DIS.N,15.5573335926713
2026-02-20,ESI.N,45.0563840471922
2026-02-20,COST.OQ,52.7765442818492
2026-02-20,FRAF.OQ,10.875294653437
2026-02-20,SBUX.OQ,81.2125654973635
2026-02-20,UWMC.N,56.6940728923794
2026-02-20,NPK.N,23.359114192961
2026-02-20,ARDT.N,6.47260321085141
2026-02-20,GDDY.N,15.619157247899
2026-02-20,NEM.N,19.1214138542182
2026-02-20,CVCO.OQ,25.8932700097002
2026-02-20,GLDD.OQ,14.3576055356262
2026-02-20,NHI.N,27.9618223883702
2026-02-20,SNEX.OQ,19.1864080246812
2026-02-20,UGI.N,14.1297769642936
2026-02-20,APLE.N,16.7630371637213
2026-02-20,FBRT.N,11.3613713374527
2026-02-20,DE.N,35.7977894193646
2026-02-20,GLW.N,75.9556385532985
2026-02-20,SUNS.OQ,8.60604168006098
2026-02-23,TOST.N,44.5229807487391
2026-02-23,SGI.N,56.7511360006258
2026-02-23,MU.OQ,40.0161977340283
2026-02-23,RGA.N,12.2186861612011
2026-02-23,VAC.N,12.3121673972199
2026-02-23,MATW.OQ,36.6706943546801
2026-02-23,SIGI.OQ,11.0750098407467
2026-02-23,TRV.N,11.0853589701241
2026-02-23,NI.N,23.6520385804681
2026-02-23,FDP.N,22.1675269651752
2026-02-23,GNW.N,14.1192481075104
2026-02-23,CGNX.OQ,83.4725281222746
2026-02-23,BANR.OQ,11.0126536119316
2026-02-23,EQBK.N,34.4384066243512
2026-02-23,DIS.N,15.3849327563063
2026-02-23,ESI.N,45.9844641926338
2026-02-23,COST.OQ,52.8167184556405
2026-02-23,FRAF.OQ,10.8057163820986
2026-02-23,SBUX.OQ,78.9550411102688
2026-02-23,UWMC.N,55.5896429009695
2026-02-23,NPK.N,23.4253290048466
2026-02-23,ARDT.N,6.67895612936952
2026-02-23,GDDY.N,15.1228733459357
2026-02-23,NEM.N,19.4533339178467
2026-02-23,CVCO.OQ,25.2652778115797
2026-02-23,GLDD.OQ,14.3406042265254
2026-02-23,NHI.N,28.3778927925259
2026-02-23,SNEX.OQ,18.5974104984708
2026-02-23,UGI.N,13.8198001387515
2026-02-23,APLE.N,16.5730108315009
2026-02-23,FBRT.N,11.1994219653179
2026-02-23,DE.N,34.9521383085357
2026-02-23,GLW.N,79.0807576508251
2026-02-23,SUNS.OQ,8.46827153576972
2026-02-24,TOST.N,45.4109540385025
2026-02-24,SGI.N,57.7746774540547
2026-02-24,MU.OQ,39.7348286452744
2026-02-24,RGA.N,12.3219283611965
2026-02-24,VAC.N,12.5556851338007
2026-02-24,MATW.OQ,37.5839491949307
2026-02-24,SIGI.OQ,11.0256393149506
2026-02-24,TRV.N,11.0868109310881
2026-02-24,NI.N,23.7646673356132
2026-02-24,FDP.N,22.5874873081605
2026-02-24,GNW.N,14.5445266649656
2026-02-24,CGNX.OQ,85.5567545195193
2026-02-24,BANR.OQ,10.972541297451
2026-02-24,EQBK.N,34.7352238306163
2026-02-24,DIS.N,15.6265886295018
2026-02-24,ESI.N,46.6709892317276
2026-02-24,COST.OQ,53.4814671179744
2026-02-24,FRAF.OQ,10.9185175189653
2026-02-24,SBUX.OQ,80.396191364761
2026-02-24,UWMC.N,55.9577862314394
2026-02-24,NPK.N,23.7030633546999
2026-02-24,ARDT.N,6.61705025381409
2026-02-24,GDDY.N,15.905209774725
2026-02-24,NEM.N,19.4282833470068
2026-02-24,CVCO.OQ,25.6403347437444
2026-02-24,GLDD.OQ,15.6512740913207
2026-02-24,NHI.N,28.0437756497948
2026-02-24,SNEX.OQ,18.9776494077965
2026-02-24,UGI.N,13.8161099384475
2026-02-24,APLE.N,16.4687703318152
2026-02-24,FBRT.N,11.0000996611521
2026-02-24,DE.N,34.8278573146119
2026-02-24,GLW.N,82.5325442498353
2026-02-24,SUNS.OQ,8.55093362234448
2026-02-25,TOST.N,47.6131277971159
2026-02-25,SGI.N,56.5294773419215
2026-02-25,MU.OQ,40.7795064443978
2026-02-25,RGA.N,12.4150155907005
2026-02-25,VAC.N,12.9578245153103
2026-02-25,MATW.OQ,37.0781465141765
2026-02-25,SIGI.OQ,11.0576634397913
2026-02-25,TRV.N,11.0624905849406
2026-02-25,NI.N,23.8209817131858
2026-02-25,FDP.N,22.449272511735
2026-02-25,GNW.N,14.4764820957727
2026-02-25,CGNX.OQ,84.8767941346026
2026-02-25,BANR.OQ,11.1767494438975
2026-02-25,EQBK.N,35.0092089440918
2026-02-25,DIS.N,15.4792374873094
2026-02-25,ESI.N,45.6284882464371
2026-02-25,COST.OQ,53.2848814942222
2026-02-25,FRAF.OQ,11.0334270882969
2026-02-25,SBUX.OQ,81.5791008222054
2026-02-25,UWMC.N,51.0492084918395
2026-02-25,NPK.N,23.8980291896962
2026-02-25,ARDT.N,6.78213258862858
2026-02-25,GDDY.N,13.634021640046
2026-02-25,NEM.N,19.5472735584962
2026-02-25,CVCO.OQ,25.2478939445038
2026-02-25,GLDD.OQ,15.6143171277048
2026-02-25,NHI.N,27.779003574423
2026-02-25,SNEX.OQ,19.1014134449496
2026-02-25,UGI.N,13.7275451311497
2026-02-25,APLE.N,16.604315766645
2026-02-25,FBRT.N,11.2492525413594
2026-02-25,DE.N,33.6969002699059
2026-02-25,GLW.N,87.3454454383606
2026-02-25,SUNS.OQ,8.64278038520532
2026-02-26,TOST.N,49.2825175818711
2026-02-26,SGI.N,59.3980011604483
2026-02-26,MU.OQ,39.5019386900558
2026-02-26,RGA.N,12.4353255316832
2026-02-26,VAC.N,15.115972529412
2026-02-26,MATW.OQ,37.6120493438615
2026-02-26,SIGI.OQ,11.180422585014
2026-02-26,TRV.N,11.1162131406097
2026-02-26,NI.N,23.9080130239797
2026-02-26,FDP.N,22.3748491598135
2026-02-26,GNW.N,14.7146380879476
2026-02-26,CGNX.OQ,81.8317541499757
2026-02-26,BANR.OQ,10.9482061539771
2026-02-26,EQBK.N,34.9331019681264
2026-02-26,DIS.N,15.5529130584056
2026-02-26,ESI.N,45.3996465667391
2026-02-26,COST.OQ,52.8552856624802
2026-02-26,FRAF.OQ,10.9195717351977
2026-02-26,SBUX.OQ,81.7040560465833
2026-02-26,UWMC.N,42.9691188969686
2026-02-26,NPK.N,24.5601773085518
2026-02-26,ARDT.N,6.5207522251723
2026-02-26,GDDY.N,13.8244930885553
2026-02-26,NEM.N,19.9574766559993
2026-02-26,CVCO.OQ,25.0453718930684
2026-02-26,GLDD.OQ,15.6235563686088
2026-02-26,NHI.N,27.6371613911881
2026-02-26,SNEX.OQ,19.5278774765855
2026-02-26,UGI.N,13.8087295378393
2026-02-26,APLE.N,17.0380611581002
2026-02-26,FBRT.N,14.2910113401106
2026-02-26,DE.N,33.4726541286957
2026-02-26,GLW.N,81.8302091216455
2026-02-26,SUNS.OQ,8.67951909034966
2026-02-27,TOST.N,48.5011010868793
2026-02-27,SGI.N,58.3549015900749
2026-02-27,MU.OQ,39.1987064626487
2026-02-27,RGA.N,12.1707321338809
2026-02-27,VAC.N,14.5239339955228
2026-02-27,MATW.OQ,37.1343468120381
2026-02-27,SIGI.OQ,11.2137810483898
2026-02-27,TRV.N,11.2033307984515
2026-02-27,NI.N,24.2151823561936
2026-02-27,FDP.N,22.8213892713422
2026-02-27,GNW.N,14.3574040996853
2026-02-27,CGNX.OQ,80.4127063901494
2026-02-27,BANR.OQ,10.435729383893
2026-02-27,EQBK.N,34.1568108132791
2026-02-27,DIS.N,15.6251151180798
2026-02-27,ESI.N,44.6114141144463
2026-02-27,COST.OQ,54.1435375020556
2026-02-27,FRAF.OQ,10.854210328789
2026-02-27,SBUX.OQ,81.6540739568322
2026-02-27,UWMC.N,41.6469921616772
2026-02-27,NPK.N,24.2677285560573
2026-02-27,ARDT.N,6.45884634961687
2026-02-27,GDDY.N,13.9784549605393
2026-02-27,NEM.N,20.3535888074049
2026-02-27,CVCO.OQ,25.0875277707276
2026-02-27,GLDD.OQ,15.6605133322246
2026-02-27,NHI.N,27.8617352687744
2026-02-27,SNEX.OQ,19.0119454662847
2026-02-27,UGI.N,13.8050393375352
2026-02-27,APLE.N,16.617870310128
2026-02-27,FBRT.N,14.1056144362389
2026-02-27,DE.N,35.503262166313
2026-02-27,GLW.N,81.87376478851
2026-02-27,SUNS.OQ,8.60604168006098
2026-03-02,TOST.N,48.9628471975563
2026-03-02,SGI.N,48.7886550471311
2026-03-02,MU.OQ,39.2272236000224
2026-03-02,RGA.N,12.2406885972657
2026-03-02,VAC.N,15.0511834068355
2026-03-02,MATW.OQ,37.021946216315
2026-03-02,SIGI.OQ,11.3231968082622
2026-03-02,TRV.N,11.277017817376
2026-03-02,NI.N,24.0871951344378
2026-03-02,FDP.N,22.8692328547203
2026-03-02,GNW.N,16.1162632888487
2026-03-02,CGNX.OQ,79.5701467827527
2026-03-02,BANR.OQ,10.7034940630719
2026-03-02,EQBK.N,34.590620576282
2026-03-02,DIS.N,15.3731446649309
2026-03-02,ESI.N,44.090163621801
2026-03-02,COST.OQ,53.7139416703136
2026-03-02,FRAF.OQ,11.1662583335793
2026-03-02,SBUX.OQ,80.6044500720575
2026-03-02,UWMC.N,40.8914911700822
2026-03-02,NPK.N,24.7385894405768
2026-03-02,ARDT.N,6.5207522251723
2026-03-02,GDDY.N,14.1484545275215
2026-03-02,NEM.N,20.1547499013634
2026-03-02,CVCO.OQ,24.4727907712527
2026-03-02,GLDD.OQ,15.6235563686088
2026-03-02,NHI.N,29.0249884006098
2026-03-02,SNEX.OQ,19.4816523542753
2026-03-02,UGI.N,13.8603923420963
2026-03-02,APLE.N,16.6720884840599
2026-03-02,FBRT.N,14.6154559218861
2026-03-02,DE.N,35.5692271608892
2026-03-02,GLW.N,85.9462196403391
2026-03-02,SUNS.OQ,8.61522635634707
2026-03-03,TOST.N,51.6978049300277
2026-03-03,SGI.N,48.0687126425235
2026-03-03,MU.OQ,36.0912890601607
2026-03-03,RGA.N,12.007688440992
2026-03-03,MATW.OQ,36.8673953971956
2026-03-03,SIGI.OQ,11.1857599391542
2026-03-03,TRV.N,11.2879075246062
2026-03-03,NI.N,23.9284909794606
2026-03-03,FDP.N,22.6353308915386
2026-03-03,GNW.N,15.9277689813768
2026-03-03,CGNX.OQ,79.2449483377925
2026-03-03,BANR.OQ,10.742506135535
2026-03-03,EQBK.N,34.5449563907028
2026-03-03,DIS.N,15.2213729884727
2026-03-03,ESI.N,42.7679672502129
2026-03-03,COST.OQ,53.9817694955891
2026-03-03,FRAF.OQ,11.0924631973113
2026-03-03,SBUX.OQ,80.5378072857226
2026-03-03,UWMC.N,40.1359901784871
2026-03-03,NPK.N,25.1800215198139
2026-03-03,ARDT.N,6.47260321085141
2026-03-03,GDDY.N,14.3104352470046
2026-03-03,NEM.N,18.5562103496433
2026-03-03,CVCO.OQ,24.4851767765443
2026-03-03,GLDD.OQ,15.6882310549365
2026-03-03,NHI.N,28.7499171472128
2026-03-03,SNEX.OQ,18.6958252750022
2026-03-03,UGI.N,13.6832627275008
2026-03-03,APLE.N,16.5094339622641
2026-03-03,FBRT.N,14.5536569539289
2026-03-03,DE.N,34.9118324286169
2026-03-03,GLW.N,80.3438719898951
2026-03-03,SUNS.OQ,8.61522635634707
2026-03-04,TOST.N,52.3371456986574
2026-03-04,SGI.N,47.8622175342252
2026-03-04,MU.OQ,38.0960438175321
2026-03-04,RGA.N,11.8942912705053
2026-03-04,MATW.OQ,36.7268946525417
2026-03-04,SIGI.OQ,10.9602567267341
2026-03-04,TRV.N,11.326384490153
2026-03-04,NI.N,24.3482890668196
2026-03-04,FDP.N,22.677858521208
2026-03-04,GNW.N,16.1351127195959
2026-03-04,CGNX.OQ,78.5945514478722
2026-03-04,BANR.OQ,10.8630889049666
2026-03-04,EQBK.N,34.6286740642647
2026-03-04,DIS.N,15.1830616915027
2026-03-04,ESI.N,43.1366566230596
2026-03-04,COST.OQ,53.9265969635824
2026-03-04,FRAF.OQ,11.0502945480153
2026-03-04,SBUX.OQ,80.9293336554401
2026-03-04,UWMC.N,39.4749268108414
2026-03-04,NPK.N,26.0720821799388
2026-03-04,ARDT.N,6.63080711504863
2026-03-04,GDDY.N,14.2190203855141
2026-03-04,NEM.N,18.6892915072302
2026-03-04,CVCO.OQ,25.1935693598913
2026-03-04,GLDD.OQ,15.6605133322246
2026-03-04,NHI.N,28.130178299198
2026-03-04,SNEX.OQ,18.3975986794526
2026-03-04,UGI.N,13.5319645150339
2026-03-04,APLE.N,16.8482975493385
2026-03-04,FBRT.N,14.661805147854
2026-03-04,DE.N,34.6197822816897
2026-03-04,GLW.N,78.8575348581447
2026-03-04,SUNS.OQ,8.67951909034966
2026-02-12,RUSHA.OQ,21.3793021501096
2026-02-12,DXC.N,5.61332355352289
2026-02-12,NMRK.OQ,25.8935347475697
2026-02-12,MRTN.OQ,55.6069655926643
2026-02-12,LPX.N,30.5508193307389
2026-02-12,AYI.N,24.1064179374406
2026-02-12,CHRD.OQ,33.8883701275244
2026-02-12,PLNT.N,36.2392295995945
2026-02-12,FLR.N,2.31398912065373
2026-02-12,YELP.N,10.1163177135261
2026-02-12,IMXI.OQ,12.182415016883
2026-02-12,UTZ.N,142.78914802475
2026-02-12,ACNB.OQ,14.7368361731564
2026-02-12,EIX.N,9.04124577582213
2026-02-12,SD.N,9.19536379472062
2026-02-12,CNOB.OQ,22.2661087324263
2026-02-12,POOL.OQ,24.6003447844732
2026-02-12,LNG.N,12.0988830389433
2026-02-12,HTBK.OQ,18.8196133657662
2026-02-12,AWK.N,22.5109424539154
2026-02-12,ESQ.OQ,18.1441064036118
2026-02-12,MOGa.N,39.6493393821963
2026-02-12,SNDR.N,43.9335691219437
2026-02-12,CMRE.N,5.16016090348635
2026-02-12,KEYS.N,45.7358331124403
2026-02-12,NECB.OQ,7.4913137527652
2026-02-12,TRGP.N,29.3825438664983
2026-02-12,UPWK.OQ,7.79128160936618
2026-02-12,HIW.N,15.0997971157537
2026-02-12,RNR.N,5.4907675983605
2026-02-12,MD.N,11.0678040888366
2026-02-12,CALM.OQ,3.50998559475928
2026-02-12,NVGS.N,12.4373319167303
2026-02-12,SPIR.N,19.8779811425402
2026-02-12,MWA.N,23.5909327528276
2026-02-12,CLFD.OQ,55.2732226122492
2026-02-13,RUSHA.OQ,21.2723610805801
2026-02-13,DXC.N,5.77727919920611
2026-02-13,NMRK.OQ,26.7789382385891
2026-02-13,MRTN.OQ,55.691091107933
2026-02-13,LPX.N,30.4629641681092
2026-02-13,AYI.N,23.5107606943178
2026-02-13,CHRD.OQ,34.7676138416135
2026-02-13,PLNT.N,37.0730670503409
2026-02-13,FLR.N,2.30436227736658
2026-02-13,YELP.N,9.29655478010413
2026-02-13,IMXI.OQ,12.1980837178694
2026-02-13,UTZ.N,1194.1251596424
2026-02-13,ACNB.OQ,14.8072799407145
2026-02-13,EIX.N,9.35274208367471
2026-02-13,SD.N,9.43543704497744
2026-02-13,CNOB.OQ,22.4603604989033
2026-02-13,POOL.OQ,24.2599408445486
2026-02-13,LNG.N,12.271176380028
2026-02-13,HTBK.OQ,18.9191880396592
2026-02-13,AWK.N,23.4105384248478
2026-02-13,ESQ.OQ,18.5650714873702
2026-02-13,MOGa.N,39.835860987411
2026-02-13,SNDR.N,44.1796094110411
2026-02-13,CMRE.N,5.35291645468823
2026-02-13,KEYS.N,46.5390203507317
2026-02-13,NECB.OQ,7.42697118065556
2026-02-13,TRGP.N,30.1404643373513
2026-02-13,UPWK.OQ,7.85962618488693
2026-02-13,HIW.N,15.8469046444042
2026-02-13,RNR.N,5.32245941176553
2026-02-13,MD.N,11.3041833883134
2026-02-13,CALM.OQ,3.51968751384105
2026-02-13,NVGS.N,12.8158305388625
2026-02-13,SPIR.N,21.0981697171381
2026-02-13,MWA.N,23.7644534885555
2026-02-13,CLFD.OQ,57.0720036324898
2026-02-17,RUSHA.OQ,20.7970674382267
2026-02-17,DXC.N,5.77296457695129
2026-02-17,NMRK.OQ,26.4175490585812
2026-02-17,MRTN.OQ,56.7005972911584
2026-02-17,LPX.N,28.9141101898973
2026-02-17,AYI.N,23.9463446731389
2026-02-17,CHRD.OQ,33.884962206152
2026-02-17,PLNT.N,37.8415054853424
2026-02-17,FLR.N,2.46092514977342
2026-02-17,YELP.N,9.16362025036003
2026-02-17,IMXI.OQ,12.182415016883
2026-02-17,UTZ.N,1149.42528735633
2026-02-17,ACNB.OQ,14.984798234961
2026-02-17,EIX.N,9.34750685160997
2026-02-17,SD.N,9.49126803340926
2026-02-17,CNOB.OQ,22.5979555001578
2026-02-17,POOL.OQ,23.3135631348921
2026-02-17,LNG.N,12.1722466551471
2026-02-17,HTBK.OQ,19.1183373874451
2026-02-17,AWK.N,23.4122920232317
2026-02-17,ESQ.OQ,18.8190139872892
2026-02-17,MOGa.N,39.9045794735428
2026-02-17,SNDR.N,44.2872520375211
2026-02-17,CMRE.N,5.40031536072147
2026-02-17,KEYS.N,46.7144061496639
2026-02-17,NECB.OQ,7.39633186060335
2026-02-17,TRGP.N,30.1943130386553
2026-02-17,UPWK.OQ,15.5710398184192
2026-02-17,HIW.N,15.7303832867248
2026-02-17,RNR.N,5.42418608068338
2026-02-17,MD.N,11.4039879814258
2026-02-17,CALM.OQ,3.42646472614224
2026-02-17,NVGS.N,12.862312825791
2026-02-17,SPIR.N,20.255130338325
2026-02-17,MWA.N,23.7802281008944
2026-02-17,CLFD.OQ,56.4956951502768
2026-02-18,RUSHA.OQ,21.3911844911685
2026-02-18,DXC.N,5.85062777753808
2026-02-18,NMRK.OQ,28.0076614506162
2026-02-18,MRTN.OQ,56.658534533524
2026-02-18,LPX.N,41.3624137583844
2026-02-18,AYI.N,24.1179616824624
2026-02-18,CHRD.OQ,34.7999890946516
2026-02-18,PLNT.N,38.3769599267531
2026-02-18,YELP.N,9.6111665004985
2026-02-18,IMXI.OQ,12.1510776149103
2026-02-18,UTZ.N,1154.53384418902
2026-02-18,ACNB.OQ,14.6382148985751
2026-02-18,EIX.N,9.12239187282574
2026-02-18,SD.N,9.62526240564563
2026-02-18,CNOB.OQ,22.4279852044905
2026-02-18,POOL.OQ,23.3016991906052
2026-02-18,LNG.N,12.4340213766016
2026-02-18,HTBK.OQ,19.0756625272052
2026-02-18,AWK.N,23.000196403019
2026-02-18,ESQ.OQ,18.3963445914508
2026-02-18,MOGa.N,40.1303687851185
2026-02-18,SNDR.N,44.2411194833154
2026-02-18,CMRE.N,5.41927492313477
2026-02-18,KEYS.N,47.7986092703353
2026-02-18,NECB.OQ,7.33505322049893
2026-02-18,TRGP.N,30.6426034770107
2026-02-18,UPWK.OQ,16.7547317168414
2026-02-18,HIW.N,15.8400504468937
2026-02-18,RNR.N,5.36749465581771
2026-02-18,MD.N,11.5405626877902
2026-02-18,CALM.OQ,3.46906880558831
2026-02-18,NVGS.N,12.9951193598725
2026-02-18,SPIR.N,20.8319467554077
2026-02-18,MWA.N,23.5751581404887
2026-02-18,CLFD.OQ,55.6574282670578
2026-02-19,RUSHA.OQ,21.8991545714337
2026-02-19,DXC.N,5.755706087932
2026-02-19,NMRK.OQ,27.5739944346066
2026-02-19,MRTN.OQ,57.3315386556743
2026-02-19,LPX.N,40.8541935360141
2026-02-19,AYI.N,24.0163767262709
2026-02-19,CHRD.OQ,35.7797664892276
2026-02-19,PLNT.N,37.2488269051551
2026-02-19,YELP.N,9.51811232967763
2026-02-19,IMXI.OQ,12.1510776149103
2026-02-19,UTZ.N,1182.63090676884
2026-02-19,ACNB.OQ,14.5339581225891
2026-02-19,EIX.N,6.28992339728579
2026-02-19,SD.N,9.80392156862745
2026-02-19,CNOB.OQ,22.2580149088231
2026-02-19,POOL.OQ,19.9277759576256
2026-02-19,LNG.N,12.5713002644981
2026-02-19,HTBK.OQ,18.961862899899
2026-02-19,AWK.N,23.0560094639162
2026-02-19,ESQ.OQ,18.1935314539316
2026-02-19,MOGa.N,41.5734569938853
2026-02-19,SNDR.N,44.62555743503
2026-02-19,CMRE.N,5.62995791714918
2026-02-19,KEYS.N,47.7408116775054
2026-02-19,NECB.OQ,7.30747783245194
2026-02-19,TRGP.N,30.1768122107315
2026-02-19,UPWK.OQ,16.2544083370959
2026-02-19,HIW.N,16.1210725448265
2026-02-19,RNR.N,5.29826400613751
2026-02-19,MD.N,10.1380455108945
2026-02-19,CALM.OQ,3.52559302980387
2026-02-19,NVGS.N,13.1412065473621
2026-02-19,SPIR.N,20.8319467554077
2026-02-19,MWA.N,23.4883977726247
2026-02-19,CLFD.OQ,55.971778348265
2026-02-20,RUSHA.OQ,22.3566247021988
2026-02-20,DXC.N,5.76002071018682
2026-02-20,NMRK.OQ,27.2848830906003
2026-02-20,MRTN.OQ,58.4672331118028
2026-02-20,LPX.N,38.9699430889242
2026-02-20,AYI.N,23.9186396850866
2026-02-20,CHRD.OQ,35.9126754227527
2026-02-20,PLNT.N,37.0526298579207
2026-02-20,YELP.N,9.41619585687382
2026-02-20,IMXI.OQ,12.2920959237874
2026-02-20,UTZ.N,1238.82503192848
2026-02-20,ACNB.OQ,14.5959486380402
2026-02-20,EIX.N,6.38341523968971
2026-02-20,SD.N,9.83183706284336
2026-02-20,CNOB.OQ,22.6303307945707
2026-02-20,POOL.OQ,20.2252871758976
2026-02-20,LNG.N,12.5868622436928
2026-02-20,HTBK.OQ,18.9191880396592
2026-02-20,AWK.N,22.7067291743821
2026-02-20,ESQ.OQ,18.3247634840911
2026-02-20,MOGa.N,42.3453128470437
2026-02-20,SNDR.N,45.0715054590189
2026-02-20,CMRE.N,5.73675024278568
2026-02-20,KEYS.N,48.5380198544696
2026-02-20,NECB.OQ,7.28296637641017
2026-02-20,TRGP.N,27.2182234447318
2026-02-20,UPWK.OQ,16.0713631981647
2026-02-20,HIW.N,16.0799473597631
2026-02-20,RNR.N,5.28060312611705
2026-02-20,MD.N,9.70873786407767
2026-02-20,CALM.OQ,3.53529494888565
2026-02-20,NVGS.N,13.4068196155251
2026-02-20,SPIR.N,20.432612312812
2026-02-20,MWA.N,23.6382565898443
2026-02-20,CLFD.OQ,56.7925813380835
2026-02-20,UDMY.OQ,195.341234164283
2026-02-23,RUSHA.OQ,21.7654782345218
2026-02-23,DXC.N,5.11282737196358
2026-02-23,NMRK.OQ,26.1103682555744
2026-02-23,MRTN.OQ,55.4387145621267
2026-02-23,LPX.N,39.0274774537208
2026-02-23,AYI.N,23.1190429465794
2026-02-23,CHRD.OQ,35.868372444911
2026-02-23,PLNT.N,37.0935042427612
2026-02-23,YELP.N,8.95092500276947
2026-02-23,IMXI.OQ,12.3312676762533
2026-02-23,UTZ.N,1217.11366538953
2026-02-23,ACNB.OQ,14.0070387412544
2026-02-23,EIX.N,6.46219077356708
2026-02-23,SD.N,9.50243423109563
2026-02-23,CNOB.OQ,21.7157287274081
2026-02-23,POOL.OQ,19.9405525130115
2026-02-23,LNG.N,12.4134573326657
2026-02-23,HTBK.OQ,17.9518912075563
2026-02-23,AWK.N,23.3298171280735
2026-02-23,ESQ.OQ,17.5953179138538
2026-02-23,MOGa.N,42.3048180248589
2026-02-23,SNDR.N,45.9530821570021
2026-02-23,CMRE.N,5.59658531538777
2026-02-23,KEYS.N,48.8290008390616
2026-02-23,NECB.OQ,7.18645251824571
2026-02-23,TRGP.N,27.2794012108492
2026-02-23,UPWK.OQ,15.2659645868671
2026-02-23,HIW.N,15.7029664966826
2026-02-23,RNR.N,5.33181967817638
2026-02-23,MD.N,10.1833414153503
2026-02-23,CALM.OQ,3.54879327108638
2026-02-23,NVGS.N,13.1478468740662
2026-02-23,SPIR.N,18.6356073211314
2026-02-23,MWA.N,23.3385389554052
2026-02-23,CLFD.OQ,55.220830932048
2026-02-23,UDMY.OQ,191.663261136085
2026-02-24,RUSHA.OQ,21.8575663777277
2026-02-24,DXC.N,5.14302972774734
2026-02-24,NMRK.OQ,26.5982436485852
2026-02-24,MRTN.OQ,55.8172793808362
2026-02-24,LPX.N,40.8877552488122
2026-02-24,AYI.N,23.3429916000015
2026-02-24,CHRD.OQ,35.7559110396205
2026-02-24,PLNT.N,33.7663293167438
2026-02-24,YELP.N,8.76481666112773
2026-02-24,IMXI.OQ,12.362605078226
2026-02-24,UTZ.N,1226.05363984675
2026-02-24,ACNB.OQ,13.9225062201847
2026-02-24,EIX.N,6.51326502080627
2026-02-24,SD.N,9.54709902184108
2026-02-24,CNOB.OQ,21.7238225510113
2026-02-24,POOL.OQ,19.8273887367363
2026-02-24,LNG.N,12.2806247245391
2026-02-24,HTBK.OQ,18.037240928036
2026-02-24,AWK.N,23.5334176988572
2026-02-24,ESQ.OQ,17.7487060010533
2026-02-24,MOGa.N,42.8999691993928
2026-02-24,SNDR.N,46.4439253918283
2026-02-24,CMRE.N,5.60325983574005
2026-02-24,KEYS.N,53.166106166443
2026-02-24,NECB.OQ,7.19104841625355
2026-02-24,TRGP.N,27.2617537783153
2026-02-24,UPWK.OQ,15.8883180592334
2026-02-24,HIW.N,15.8126336568515
2026-02-24,RNR.N,5.3902771910441
2026-02-24,MD.N,10.3484209114452
2026-02-24,CALM.OQ,3.58042996374435
2026-02-24,NVGS.N,13.3868986354129
2026-02-24,SPIR.N,19.6561286744315
2026-02-24,MWA.N,23.5988200589971
2026-02-24,CLFD.OQ,57.1593230994918
2026-02-24,UDMY.OQ,200.65386187168
2026-02-25,RUSHA.OQ,21.1446259141976
2026-02-25,DXC.N,5.19911981706002
2026-02-25,NMRK.OQ,26.4717574355824
2026-02-25,MRTN.OQ,55.2704635315891
2026-02-25,LPX.N,39.4733687808948
2026-02-25,AYI.N,23.5907973264687
2026-02-25,CHRD.OQ,35.3401446321831
2026-02-25,PLNT.N,32.7199450648268
2026-02-25,YELP.N,9.41176470588235
2026-02-25,IMXI.OQ,12.3391020267465
2026-02-25,UTZ.N,1206.89655172414
2026-02-25,ACNB.OQ,14.4184303437938
2026-02-25,EIX.N,6.50980235997649
2026-02-25,SD.N,9.37402295770244
2026-02-25,CNOB.OQ,18.4173851580681
2026-02-25,POOL.OQ,19.5983233508889
2026-02-25,LNG.N,12.2650627453443
2026-02-25,HTBK.OQ,18.4213146701945
2026-02-25,AWK.N,23.557990181538
2026-02-25,ESQ.OQ,18.2173918230515
2026-02-25,MOGa.N,42.4680244294218
2026-02-25,SNDR.N,45.5468670661115
2026-02-25,CMRE.N,5.68001681979129
2026-02-25,KEYS.N,53.2895514175924
2026-02-25,NECB.OQ,7.50663341279131
2026-02-25,TRGP.N,27.0758674889586
2026-02-25,UPWK.OQ,15.8395060221851
2026-02-25,HIW.N,15.8743214344465
2026-02-25,RNR.N,5.27495164451051
2026-02-25,MD.N,10.2658811633977
2026-02-25,CALM.OQ,3.56144794814957
2026-02-25,NVGS.N,13.4068196155251
2026-02-25,SPIR.N,20.0554631170272
2026-02-25,MWA.N,23.5830454466581
2026-02-25,CLFD.OQ,57.5086009674997
2026-02-25,UDMY.OQ,209.644462607274
2026-02-26,RUSHA.OQ,21.9121861113745
2026-02-26,DXC.N,5.45368253009449
2026-02-26,NMRK.OQ,26.9054244515919
2026-02-26,MRTN.OQ,56.9950365945992
2026-02-26,LPX.N,40.0439178984615
2026-02-26,AYI.N,23.6669860436123
2026-02-26,CHRD.OQ,35.9126754227527
2026-02-26,PLNT.N,31.9880555523734
2026-02-26,YELP.N,9.78398138916584
2026-02-26,IMXI.OQ,12.3312676762533
2026-02-26,UTZ.N,1196.67943805875
2026-02-26,ACNB.OQ,14.5255048704821
2026-02-26,EIX.N,6.43795214775866
2026-02-26,SD.N,9.46893563803654
2026-02-26,CNOB.OQ,18.5174071629092
2026-02-26,POOL.OQ,20.3795184516275
2026-02-26,LNG.N,12.9225563663223
2026-02-26,HTBK.OQ,18.4355396236077
2026-02-26,AWK.N,23.5755419548814
2026-02-26,ESQ.OQ,18.098089977452
2026-02-26,MOGa.N,41.748934556686
2026-02-26,SNDR.N,47.5102400054162
2026-02-26,CMRE.N,5.83686804806989
2026-02-26,KEYS.N,53.9685002989139
2026-02-26,NECB.OQ,7.51276127680175
2026-02-26,TRGP.N,27.2029290032024
2026-02-26,UPWK.OQ,16.9011678279864
2026-02-26,HIW.N,16.0525305697209
2026-02-26,RNR.N,5.26982998930457
2026-02-26,MD.N,10.2452462263859
2026-02-26,CALM.OQ,3.53698223916074
2026-02-26,NVGS.N,13.7720375842491
2026-02-26,SPIR.N,20.4991680532446
2026-02-26,MWA.N,23.7565661823861
2026-02-26,CLFD.OQ,56.2337367492709
2026-02-26,UDMY.OQ,214.957090314671
2026-02-27,RUSHA.OQ,21.7042267735415
2026-02-27,DXC.N,5.43210941882038
2026-02-27,NMRK.OQ,26.2368544685772
2026-02-27,MRTN.OQ,57.1632876251367
2026-02-27,LPX.N,40.6288506072273
2026-02-27,AYI.N,23.2098537407506
2026-02-27,CHRD.OQ,174.779046513128
2026-02-27,PLNT.N,31.3694492494625
2026-02-27,YELP.N,9.87703555998671
2026-02-27,IMXI.OQ,12.362605078226
2026-02-27,UTZ.N,1186.46232439336
2026-02-27,ACNB.OQ,14.2014635397148
2026-02-27,EIX.N,6.46998176043408
2026-02-27,SD.N,9.7871722720979
2026-02-27,CNOB.OQ,17.6905585895564
2026-02-27,POOL.OQ,20.9743789070759
2026-02-27,LNG.N,9.67218859064974
2026-02-27,HTBK.OQ,17.681617092704
2026-02-27,AWK.N,23.8756772790539
2026-02-27,ESQ.OQ,17.2101433837753
2026-02-27,MOGa.N,41.406569241851
2026-02-27,SNDR.N,48.0349344978166
2026-02-27,CMRE.N,5.86356612947902
2026-02-27,KEYS.N,54.1977557653341
2026-02-27,NECB.OQ,7.41471545263468
2026-02-27,TRGP.N,27.7417639432365
2026-02-27,UPWK.OQ,16.3764384297168
2026-02-27,HIW.N,15.4150902012392
2026-02-27,RNR.N,5.34170977098784
2026-02-27,MD.N,10.2400874921329
2026-02-27,CALM.OQ,3.67449639658071
2026-02-27,NVGS.N,13.9579667319632
2026-02-27,LXU.N,34.2853770801369
2026-02-27,SPIR.N,19.6339434276206
2026-02-27,MWA.N,23.6067073651665
2026-02-27,CLFD.OQ,54.9064808508409
2026-02-27,UDMY.OQ,205.557825909277
2026-03-02,RUSHA.OQ,22.1293201258766
2026-03-02,DXC.N,5.25952452862752
2026-03-02,NMRK.OQ,25.6224928625637
2026-03-02,MRTN.OQ,63.1367417515655
2026-03-02,LPX.N,40.06789055046
2026-03-02,AYI.N,22.7519518548874
2026-03-02,CHRD.OQ,182.76240242565
2026-03-02,BXP.N,32.3562408307683
2026-03-02,PLNT.N,31.2510739692759
2026-03-02,YELP.N,10.0244401172771
2026-03-02,IMXI.OQ,12.3704394287192
2026-03-02,UTZ.N,1150.7024265645
2026-03-02,ACNB.OQ,14.2352765481427
2026-03-02,EIX.N,6.44228047379588
2026-03-02,SD.N,9.82067086515699
2026-03-02,CNOB.OQ,17.8906025992385
2026-03-02,POOL.OQ,20.4961357398136
2026-03-02,LNG.N,10.2137950446292
2026-03-02,HTBK.OQ,17.9518912075563
2026-03-02,AWK.N,23.7721218163277
2026-03-02,ESQ.OQ,17.5697532326539
2026-03-02,MOGa.N,42.3686280476955
2026-03-02,SNDR.N,47.6625706645002
2026-03-02,CMRE.N,5.9770329754678
2026-03-02,KEYS.N,55.2452768965158
2026-03-02,NECB.OQ,7.40858758862423
2026-03-02,TRGP.N,28.1900087295966
2026-03-02,UPWK.OQ,16.0103481518543
2026-03-02,HIW.N,15.5041947688765
2026-03-02,RNR.N,5.42241999268133
2026-03-02,MD.N,10.0956429330499
2026-03-02,CALM.OQ,3.69094747676285
2026-03-02,NVGS.N,14.1106942461569
2026-03-02,LXU.N,35.2295526968016
2026-03-02,SPIR.N,20.2329450915141
2026-03-02,MWA.N,23.4174120170997
2026-03-02,CLFD.OQ,55.2033670386476
2026-03-02,UDMY.OQ,205.149162239477
2026-03-03,RUSHA.OQ,21.9550012691636
2026-03-03,DXC.N,5.31992924019502
2026-03-03,NMRK.OQ,22.3503081215317
2026-03-03,MRTN.OQ,63.18347509113
2026-03-03,LPX.N,39.6315882840855
2026-03-03,AYI.N,21.6283606727695
2026-03-03,CHRD.OQ,181.181859234888
2026-03-03,BXP.N,31.7866697350632
2026-03-03,PLNT.N,31.6291111543881
2026-03-03,YELP.N,10.2817045096674
2026-03-03,IMXI.OQ,12.3547707277328
2026-03-03,UTZ.N,1109.83397190294
2026-03-03,ACNB.OQ,14.1084777665381
2026-03-03,EIX.N,6.39380322217904
2026-03-03,SD.N,9.96024833623654
2026-03-03,CNOB.OQ,17.7172311241807
2026-03-03,POOL.OQ,20.4241222899169
2026-03-03,LNG.N,10.0964469796003
2026-03-03,HTBK.OQ,18.0087910212094
2026-03-03,AWK.N,23.8370633776984
2026-03-03,ESQ.OQ,17.3839832159346
2026-03-03,MOGa.N,41.7587514832763
2026-03-03,SNDR.N,47.2902068311838
2026-03-03,CMRE.N,5.8535543489506
2026-03-03,KEYS.N,53.3530375467549
2026-03-03,NECB.OQ,7.31973356047283
2026-03-03,TRGP.N,28.7111962370968
2026-03-03,UPWK.OQ,16.0225511611163
2026-03-03,HIW.N,15.4699237813237
2026-03-03,RNR.N,5.32793428457188
2026-03-03,MD.N,10.1833414153503
2026-03-03,CALM.OQ,3.71161678263272
2026-03-03,NVGS.N,14.0177296722999
2026-03-03,LXU.N,35.2295526968016
2026-03-03,SPIR.N,19.8779811425402
2026-03-03,MWA.N,23.1571309135078
2026-03-03,CLFD.OQ,54.2428529016259
2026-03-03,UDMY.OQ,201.471189211279
2026-03-04,RUSHA.OQ,21.808206442458
2026-03-04,DXC.N,5.38464857401734
2026-03-04,NMRK.OQ,23.1167795934635
2026-03-04,MRTN.OQ,64.2583419011123
2026-03-04,LPX.N,38.6391204913435
2026-03-04,AYI.N,21.3097533101689
2026-03-04,CHRD.OQ,183.859105864138
2026-03-04,BXP.N,32.4252797514599
2026-03-04,PLNT.N,31.079238885134
2026-03-04,YELP.N,10.5300977161132
2026-03-04,IMXI.OQ,12.315598975267
2026-03-04,UTZ.N,1103.44827586207
2026-03-04,ACNB.OQ,14.229641046738
2026-03-04,EIX.N,6.39640021780137
2026-03-04,SD.N,10.0942427084729
2026-03-04,CNOB.OQ,17.7439036588049
2026-03-04,POOL.OQ,20.3401065983708
2026-03-04,LNG.N,10.2158465842276
2026-03-04,HTBK.OQ,17.9092163473165
2026-03-04,AWK.N,23.9423740177589
2026-03-04,ESQ.OQ,17.5109544658942
2026-03-04,MOGa.N,41.844649590941
2026-03-04,SNDR.N,47.8149013235842
2026-03-04,CMRE.N,5.82018174718919
2026-03-04,KEYS.N,53.0673499655235
2026-03-04,NECB.OQ,7.48518588875476
2026-03-04,TRGP.N,28.5947231823733
2026-03-04,UPWK.OQ,16.3886414389789
2026-03-04,HIW.N,15.8948840269781
2026-03-04,RNR.N,5.30674122854733
2026-03-04,MD.N,10.2555636948918
2026-03-04,CALM.OQ,3.73312973364014
2026-03-04,NVGS.N,14.0442909791162
2026-03-04,LXU.N,37.3539478342972
2026-03-04,SPIR.N,20.4547975596229
2026-03-04,MWA.N,23.2991024245579
2026-03-04,CLFD.OQ,55.5177171198547
2026-03-04,UDMY.OQ,210.870453616674
2026-02-12,WEYS.OQ,12.4083185051626
2026-02-12,NSIT.OQ,19.7622190402007
2026-02-12,PEG.N,20.3146927084335
2026-02-12,VRTS.N,7.07921546649998
2026-02-12,JCI.N,46.4798795152434
2026-02-12,MTDR.N,7.50685537443727
2026-02-12,SITC.N,14.9021610454725
2026-02-12,DELL.N,14.719946558322
2026-02-12,WSBF.OQ,13.5870384325546
2026-02-12,SAM.N,28.8613810358237
2026-02-12,PSX.N,42.4485759923502
2026-02-12,BWA.N,54.2459366492232
2026-02-12,GHC.N,6.4407673434219
2026-02-12,CDNS.OQ,74.4027497509845
2026-02-12,ZBRA.OQ,27.6399895146492
2026-02-12,PWR.N,76.5113392153983
2026-02-12,TILE.OQ,17.0820353063344
2026-02-12,EVER.OQ,10.1263522768568
2026-02-12,MORN.OQ,17.5145708355841
2026-02-12,RH.N,35.1994231375907
2026-02-12,FIX.N,55.0512561656458
2026-02-12,LOAR.N,97.2819177916339
2026-02-12,TTEK.OQ,26.7448662756686
2026-02-12,CVGW.OQ,22.8651928912007
2026-02-12,ASTE.OQ,27.5393556829991
2026-02-12,TRAK.N,28.8377839552972
2026-02-12,GTLS.N,232.488017821381
2026-02-12,MRK.N,15.7709430558385
2026-02-12,SOFI.OQ,35.3124142347452
2026-02-12,UDR.N,87.3475365569006
2026-02-12,ICFI.OQ,14.2557857559055
2026-02-12,FOX.OQ,13.5917279053131
2026-02-13,WEYS.OQ,12.4280455616096
2026-02-13,NSIT.OQ,17.136437127135
2026-02-13,PEG.N,20.754435879198
2026-02-13,VRTS.N,7.09153250080446
2026-02-13,JCI.N,46.7046144454246
2026-02-13,MTDR.N,7.66071065111232
2026-02-13,SITC.N,14.995009400896
2026-02-13,DELL.N,15.3292547521473
2026-02-13,WSBF.OQ,13.6322532027129
2026-02-13,SAM.N,28.9984257428526
2026-02-13,PSX.N,43.4020797792001
2026-02-13,BWA.N,51.1892535172234
2026-02-13,GHC.N,6.33222483876379
2026-02-13,CDNS.OQ,77.2748151091798
2026-02-13,ZBRA.OQ,32.3996189720571
2026-02-13,PWR.N,77.7274999147204
2026-02-13,TILE.OQ,17.3416407061267
2026-02-13,EVER.OQ,10.2451569619545
2026-02-13,MORN.OQ,18.1991868762972
2026-02-13,RH.N,36.9660642660778
2026-02-13,FIX.N,56.6574577212857
2026-02-13,LOAR.N,97.5543313759913
2026-02-13,TTEK.OQ,27.521112394438
2026-02-13,CVGW.OQ,23.5424794104898
2026-02-13,ASTE.OQ,28.5160309456911
2026-02-13,TRAK.N,28.8939432229804
2026-02-13,GTLS.N,232.634279156635
2026-02-13,MRK.N,16.0579519994075
2026-02-13,SOFI.OQ,35.8796084530235
2026-02-13,UDR.N,87.1644660060871
2026-02-13,ICFI.OQ,14.5216674743688
2026-02-13,FOX.OQ,13.5724591079992
2026-02-17,WEYS.OQ,12.4162093277414
2026-02-17,NSIT.OQ,16.7116000652357
2026-02-17,PEG.N,20.8938080316807
2026-02-17,VRTS.N,7.08383435436415
2026-02-17,JCI.N,47.7008274941384
2026-02-17,MTDR.N,7.59500162669902
2026-02-17,SITC.N,15.2503423783106
2026-02-17,DELL.N,15.1465927668463
2026-02-17,WSBF.OQ,13.7000753579503
2026-02-17,SAM.N,27.1407086031279
2026-02-17,PSX.N,42.9647176433516
2026-02-17,BWA.N,50.9528700216821
2026-02-17,GHC.N,6.4270573414546
2026-02-17,CDNS.OQ,73.1460598772728
2026-02-17,ZBRA.OQ,31.9270071920249
2026-02-17,PWR.N,77.8832278091458
2026-02-17,TILE.OQ,17.4195223260644
2026-02-17,EVER.OQ,10.0564671679758
2026-02-17,MORN.OQ,17.8111150988888
2026-02-17,RH.N,37.6258506467168
2026-02-17,FIX.N,56.648988427557
2026-02-17,LOAR.N,96.5100793026213
2026-02-17,TTEK.OQ,26.6473667631662
2026-02-17,CVGW.OQ,23.4612050281751
2026-02-17,ASTE.OQ,28.275470536161
2026-02-17,TRAK.N,28.3323505461489
2026-02-17,GTLS.N,233.309331473189
2026-02-17,MRK.N,16.0791139491637
2026-02-17,SOFI.OQ,35.6966425761595
2026-02-17,UDR.N,86.9585116364219
2026-02-17,ICFI.OQ,14.3198990780881
2026-02-17,FOX.OQ,13.5917279053131
2026-02-18,WEYS.OQ,12.5187900212658
2026-02-18,NSIT.OQ,16.6975059446987
2026-02-18,PEG.N,20.2714392818009
2026-02-18,VRTS.N,7.27012949821942
2026-02-18,JCI.N,46.7851165099671
2026-02-18,MTDR.N,7.95399727227416
2026-02-18,SITC.N,15.2503423783106
2026-02-18,DELL.N,15.2366190310304
2026-02-18,WSBF.OQ,13.5719668425019
2026-02-18,SAM.N,27.3749730595875
2026-02-18,PSX.N,42.758260982951
2026-02-18,BWA.N,50.3089287752074
2026-02-18,GHC.N,6.48908162983067
2026-02-18,CDNS.OQ,78.7069770802475
2026-02-18,ZBRA.OQ,30.9181157237694
2026-02-18,PWR.N,77.0200503371879
2026-02-18,TILE.OQ,17.4091381100727
2026-02-18,EVER.OQ,9.97260503731865
2026-02-18,MORN.OQ,18.3106498789978
2026-02-18,RH.N,38.2910451124431
2026-02-18,FIX.N,55.8748949807578
2026-02-18,LOAR.N,98.9618015618379
2026-02-18,TTEK.OQ,27.719861400693
2026-02-18,CVGW.OQ,23.9849732697587
2026-02-18,ASTE.OQ,27.7029367614795
2026-02-18,TRAK.N,25.1263143520415
2026-02-18,GTLS.N,233.253077113476
2026-02-18,MRK.N,16.0910175459016
2026-02-18,SOFI.OQ,51.4007628567671
2026-02-18,UDR.N,33.9113782648013
2026-02-18,ICFI.OQ,14.7234358706495
2026-02-18,FOX.OQ,13.769964280467
2026-02-19,WEYS.OQ,12.629261537369
2026-02-19,NSIT.OQ,16.8968370780069
2026-02-19,PEG.N,20.5886310771064
2026-02-19,VRTS.N,7.51749660383439
2026-02-19,JCI.N,47.8651858759128
2026-02-19,MTDR.N,8.34504610048993
2026-02-19,SITC.N,15.3896149114459
2026-02-19,DELL.N,15.5340971213776
2026-02-19,WSBF.OQ,13.5116804822909
2026-02-19,SAM.N,27.1149395129173
2026-02-19,PSX.N,42.2176705169023
2026-02-19,BWA.N,49.1596159175755
2026-02-19,GHC.N,6.4677083953227
2026-02-19,CDNS.OQ,76.5342196394564
2026-02-19,ZBRA.OQ,30.8226138614831
2026-02-19,PWR.N,82.1650033444419
2026-02-19,TILE.OQ,17.061266874351
2026-02-19,EVER.OQ,10.0704441897521
2026-02-19,MORN.OQ,18.2093928289757
2026-02-19,RH.N,36.8885483798279
2026-02-19,FIX.N,58.1637216109274
2026-02-19,LOAR.N,101.791876021551
2026-02-19,TTEK.OQ,27.8698606506967
2026-02-19,CVGW.OQ,23.9398208351394
2026-02-19,ASTE.OQ,27.6355798468111
2026-02-19,TRAK.N,24.5527789157449
2026-02-19,GTLS.N,232.848045723543
2026-02-19,MRK.N,16.1174699830969
2026-02-19,SOFI.OQ,50.7694331185058
2026-02-19,UDR.N,33.4503608347962
2026-02-19,ICFI.OQ,14.8478911431217
2026-02-19,FOX.OQ,13.5266957143786
2026-02-20,WEYS.OQ,12.648988593816
2026-02-20,NSIT.OQ,17.2149615129837
2026-02-20,PEG.N,20.5621984274976
2026-02-20,VRTS.N,7.53956462362992
2026-02-20,JCI.N,48.2307994190434
2026-02-20,MTDR.N,8.39633119271495
2026-02-20,SITC.N,15.4360390891576
2026-02-20,DELL.N,15.9529149591033
2026-02-20,WSBF.OQ,13.6850037678975
2026-02-20,SAM.N,27.526073634004
2026-02-20,PSX.N,42.3100327070815
2026-02-20,BWA.N,48.0266053699809
2026-02-20,GHC.N,6.55362041638414
2026-02-20,CDNS.OQ,73.0280719829828
2026-02-20,ZBRA.OQ,31.2719623673687
2026-02-20,PWR.N,81.3528484389927
2026-02-20,TILE.OQ,16.9055036344756
2026-02-20,EVER.OQ,10.8252033656668
2026-02-20,MORN.OQ,17.9427492639175
2026-02-20,RH.N,37.447383838839
2026-02-20,FIX.N,50.6065076930904
2026-02-20,LOAR.N,101.610266965313
2026-02-20,TTEK.OQ,27.239863800681
2026-02-20,CVGW.OQ,23.8856379135963
2026-02-20,ASTE.OQ,28.251414495208
2026-02-20,TRAK.N,23.9246210569439
2026-02-20,GTLS.N,233.084314034338
2026-02-20,MRK.N,16.1703748574875
2026-02-20,SOFI.OQ,50.0328817572011
2026-02-20,UDR.N,32.9538805255599
2026-02-20,ICFI.OQ,14.8988046636785
2026-02-20,FOX.OQ,13.7338352855034
2026-02-23,WEYS.OQ,12.2702291100336
2026-02-23,NSIT.OQ,16.7055597278627
2026-02-23,PEG.N,20.7400180703205
2026-02-23,VRTS.N,7.10230990582088
2026-02-23,JCI.N,47.9087911608733
2026-02-23,MTDR.N,8.19920411947503
2026-02-23,SITC.N,15.3431907337341
2026-02-23,DELL.N,15.5445349491091
2026-02-23,WSBF.OQ,13.2629992464205
2026-02-23,SAM.N,26.2563602799929
2026-02-23,PSX.N,14.3783554912597
2026-02-23,BWA.N,47.415268743581
2026-02-23,GHC.N,6.4038281678157
2026-02-23,CDNS.OQ,68.9660272068266
2026-02-23,ZBRA.OQ,28.3224240821414
2026-02-23,PWR.N,80.8302801113439
2026-02-23,TILE.OQ,16.3551401869159
2026-02-23,EVER.OQ,10.7063986805691
2026-02-23,MORN.OQ,17.6524790538541
2026-02-23,RH.N,34.1394384604984
2026-02-23,FIX.N,48.9224274428249
2026-02-23,LOAR.N,98.6591198014407
2026-02-23,TTEK.OQ,25.1548742256289
2026-02-23,CVGW.OQ,23.6147233058807
2026-02-23,ASTE.OQ,27.8568954235788
2026-02-23,TRAK.N,22.8867950293596
2026-02-23,GTLS.N,233.129317522108
2026-02-23,MRK.N,16.3767038676108
2026-02-23,SOFI.OQ,47.9284492963304
2026-02-23,UDR.N,33.1311949217157
2026-02-23,ICFI.OQ,14.2520143840124
2026-02-23,FOX.OQ,13.3291905419108
2026-02-24,WEYS.OQ,12.4280455616096
2026-02-24,NSIT.OQ,16.7156269568176
2026-02-24,PEG.N,20.7231972932967
2026-02-24,VRTS.N,7.2285595074418
2026-02-24,JCI.N,48.5393906664565
2026-02-24,MTDR.N,8.09823659415703
2026-02-24,SITC.N,15.2271302894547
2026-02-24,DELL.N,15.6280375709609
2026-02-24,WSBF.OQ,13.4061793519216
2026-02-24,SAM.N,26.6417253108689
2026-02-24,PSX.N,14.3328573046874
2026-02-24,BWA.N,47.9695472848503
2026-02-24,GHC.N,6.39299187805115
2026-02-24,CDNS.OQ,71.635441340672
2026-02-24,ZBRA.OQ,28.8746207474123
2026-02-24,PWR.N,83.6418449164406
2026-02-24,TILE.OQ,16.552440290758
2026-02-24,EVER.OQ,10.8321918765549
2026-02-24,MORN.OQ,18.3320263673358
2026-02-24,RH.N,34.3233133534634
2026-02-24,FIX.N,50.8262756665632
2026-02-24,LOAR.N,98.6893879774805
2026-02-24,TTEK.OQ,24.6598767006165
2026-02-24,CVGW.OQ,23.9759427828349
2026-02-24,ASTE.OQ,28.1455679150148
2026-02-24,TRAK.N,22.8867950293596
2026-02-24,GTLS.N,233.545599783983
2026-02-24,MRK.N,16.3912527080683
2026-02-24,SOFI.OQ,49.0858871498093
2026-02-24,UDR.N,33.2819121584481
2026-02-24,ICFI.OQ,14.1709298883108
2026-02-24,FOX.OQ,13.4833409204223
2026-02-25,WEYS.OQ,12.5858620131856
2026-02-25,NSIT.OQ,16.4961613655995
2026-02-25,PEG.N,20.6583171533478
2026-02-25,VRTS.N,7.31067306947167
2026-02-25,JCI.N,48.4655971072925
2026-02-25,MTDR.N,7.97322918185854
2026-02-25,SITC.N,15.4128270003018
2026-02-25,DELL.N,16.1107871035419
2026-02-25,WSBF.OQ,13.7377543330821
2026-02-25,SAM.N,22.2436959510671
2026-02-25,PSX.N,14.105366371826
2026-02-25,BWA.N,48.4586165859702
2026-02-25,GHC.N,6.29372906904776
2026-02-25,CDNS.OQ,74.3985191283364
2026-02-25,ZBRA.OQ,29.2639744936565
2026-02-25,PWR.N,82.8410641551984
2026-02-25,TILE.OQ,16.5057113187954
2026-02-25,EVER.OQ,6.18244474131649
2026-02-25,MORN.OQ,19.3974755492351
2026-02-25,RH.N,33.1713912298887
2026-02-25,FIX.N,50.2040035149032
2026-02-25,LOAR.N,103.275016647497
2026-02-25,TTEK.OQ,25.0611246943765
2026-02-25,CVGW.OQ,24.1565525213119
2026-02-25,ASTE.OQ,29.4975174165736
2026-02-25,TRAK.N,23.2691519868906
2026-02-25,GTLS.N,233.230575369591
2026-02-25,MRK.N,16.8304911435828
2026-02-25,SOFI.OQ,50.743127712745
2026-02-25,UDR.N,33.3971665159494
2026-02-25,ICFI.OQ,14.1728155742574
2026-02-25,FOX.OQ,13.0353413828734
2026-02-26,WEYS.OQ,12.8186412792602
2026-02-26,NSIT.OQ,17.0256976086304
2026-02-26,PEG.N,20.6294815355928
2026-02-26,VRTS.N,7.3979187291284
2026-02-26,JCI.N,48.1066920695404
2026-02-26,MTDR.N,7.95239461314212
2026-02-26,SITC.N,15.6681599777164
2026-02-26,DELL.N,15.8459272248556
2026-02-26,WSBF.OQ,13.7452901281085
2026-02-26,SAM.N,23.0424914246957
2026-02-26,PSX.N,14.1564357649174
2026-02-26,BWA.N,47.2033387130956
2026-02-26,GHC.N,16.0308651387121
2026-02-26,CDNS.OQ,73.3534299383545
2026-02-26,ZBRA.OQ,28.7766701194263
2026-02-26,PWR.N,83.1766855036602
2026-02-26,TILE.OQ,16.0546385422956
2026-02-26,EVER.OQ,6.25834952635414
2026-02-26,MORN.OQ,20.5113030994783
2026-02-26,RH.N,33.6400919374465
2026-02-26,FIX.N,49.7758885807523
2026-02-26,LOAR.N,104.425207337006
2026-02-26,TTEK.OQ,26.639866800666
2026-02-26,CVGW.OQ,23.9759427828349
2026-02-26,ASTE.OQ,37.1170849334643
2026-02-26,TRAK.N,24.2250443807183
2026-02-26,GTLS.N,233.376836704845
2026-02-26,MRK.N,16.396191355785
2026-02-26,SOFI.OQ,50.2433250032882
2026-02-26,UDR.N,33.7695267478767
2026-02-26,ICFI.OQ,15.0326883658834
2026-02-26,FOX.OQ,13.6856632922185
2026-02-27,WEYS.OQ,12.3373011019534
2026-02-27,NSIT.OQ,16.8243530295312
2026-02-27,PEG.N,20.4041476817455
2026-02-27,VRTS.N,7.10077027653282
2026-02-27,JCI.N,48.4018663061963
2026-02-27,MTDR.N,8.4398716614068
2026-02-27,SITC.N,1.83440340198449
2026-02-27,DELL.N,16.9825472444647
2026-02-27,ATRO.OQ,116.865985359136
2026-02-27,WSBF.OQ,11.9996496452658
2026-02-27,SAM.N,23.1650687352269
2026-02-27,PSX.N,14.3300717014279
2026-02-27,BWA.N,46.926199442461
2026-02-27,GHC.N,15.8523547492117
2026-02-27,CDNS.OQ,74.2900664765459
2026-02-27,ZBRA.OQ,27.4212783046705
2026-02-27,PWR.N,82.8866968824015
2026-02-27,TILE.OQ,15.9785261598259
2026-02-27,EVER.OQ,5.99647801797425
2026-02-27,MORN.OQ,20.6046846011654
2026-02-27,RH.N,29.8724593266934
2026-02-27,FIX.N,49.4692516917808
2026-02-27,LOAR.N,107.13420909256
2026-02-27,TTEK.OQ,26.879865600672
2026-02-27,CVGW.OQ,24.2378269036266
2026-02-27,ASTE.OQ,36.9682355392814
2026-02-27,TRAK.N,23.7607537894306
2026-02-27,GTLS.N,233.230575369591
2026-02-27,MRK.N,17.0174049763059
2026-02-27,SOFI.OQ,46.7184006313297
2026-02-27,UDR.N,33.246449279217
2026-02-27,ICFI.OQ,15.6757072736564
2026-02-27,FOX.OQ,13.570050508335
2026-03-02,WEYS.OQ,12.5227354325552
2026-03-02,NSIT.OQ,17.1142892234341
2026-03-02,PEG.N,20.0319563042582
2026-03-02,VRTS.N,7.03674393895585
2026-03-02,JCI.N,48.7909596181519
2026-03-02,MTDR.N,8.88649522014272
2026-03-02,SITC.N,1.85227096758824
2026-03-02,DELL.N,17.6098739153671
2026-03-02,ATRO.OQ,117.924186417337
2026-03-02,WSBF.OQ,12.1680894213083
2026-03-02,SAM.N,22.7952938484577
2026-03-02,PSX.N,14.8732643370357
2026-03-02,BWA.N,45.6301657944931
2026-03-02,GHC.N,15.7918478549629
2026-03-02,CDNS.OQ,74.773173743613
2026-03-02,ZBRA.OQ,27.4163807732712
2026-03-02,PWR.N,84.2968953553244
2026-03-02,TILE.OQ,15.4152945295494
2026-03-02,EVER.OQ,6.06479232450814
2026-03-02,MORN.OQ,20.5113030994783
2026-03-02,RH.N,28.361800892334
2026-03-02,FIX.N,49.7762346720491
2026-03-02,LOAR.N,109.419456383558
2026-03-02,TTEK.OQ,27.0148649256754
2026-03-02,CVGW.OQ,24.2107354428551
2026-03-02,ASTE.OQ,38.063767080468
2026-03-02,TRAK.N,23.6241977331695
2026-03-02,GTLS.N,724.568709101724
2026-03-02,MRK.N,16.6861826697892
2026-03-02,SOFI.OQ,48.3756411942654
2026-03-02,UDR.N,33.202120680178
2026-03-02,ICFI.OQ,15.7337037284147
2026-03-02,FOX.OQ,13.6784374932258
2026-03-03,WEYS.OQ,12.8146958679708
2026-03-03,NSIT.OQ,17.3599296099351
2026-03-03,PEG.N,19.9039414355682
2026-03-03,VRTS.N,6.98922203135646
2026-03-03,JCI.N,46.8186590368599
2026-03-03,MTDR.N,8.78469132072498
2026-03-03,SITC.N,1.84929303998761
2026-03-03,DELL.N,16.6499608924324
2026-03-03,ATRO.OQ,109.705008335145
2026-03-03,WSBF.OQ,12.040075191516
2026-03-03,SAM.N,23.1129733782511
2026-03-03,PSX.N,14.836122960242
2026-03-03,BWA.N,44.1140509610212
2026-03-03,GHC.N,15.7373615472064
2026-03-03,CDNS.OQ,74.1002743359123
2026-03-03,ZBRA.OQ,27.5951406693456
2026-03-03,PWR.N,83.316527732186
2026-03-03,TILE.OQ,14.9687685523932
2026-03-03,EVER.OQ,6.21660189458343
2026-03-03,MORN.OQ,20.5113030994783
2026-03-03,RH.N,28.0950020280319
2026-03-03,FIX.N,48.1468368466791
2026-03-03,LOAR.N,96.5173468031371
2026-03-03,TTEK.OQ,27.3373633131834
2026-03-03,CVGW.OQ,23.8314549920532
2026-03-03,ASTE.OQ,36.8610639754696
2026-03-03,TRAK.N,23.3237744093951
2026-03-03,GTLS.N,723.378941106483
2026-03-03,MRK.N,16.4690327758903
2026-03-03,SOFI.OQ,48.9543601210049
2026-03-03,UDR.N,33.2109863999858
2026-03-03,ICFI.OQ,15.6791149336746
2026-03-03,FOX.OQ,13.8157276740876
2026-03-04,WEYS.OQ,13.663408150844
2026-03-04,NSIT.OQ,17.5471800684974
2026-03-04,PEG.N,19.8920882069858
2026-03-04,VRTS.N,7.03324232471169
2026-03-04,JCI.N,46.9595376498093
2026-03-04,MTDR.N,8.78961731585809
2026-03-04,SITC.N,1.87609438839323
2026-03-04,DELL.N,16.8701559944676
2026-03-04,ATRO.OQ,114.938030006523
2026-03-04,WSBF.OQ,12.0266000094326
2026-03-04,SAM.N,23.7217740205562
2026-03-04,PSX.N,15.2948189636442
2026-03-04,BWA.N,43.0380984985572
2026-03-04,GHC.N,16.2161486880164
2026-03-04,CDNS.OQ,75.2833941736277
2026-03-04,ZBRA.OQ,28.3346679106396
2026-03-04,PWR.N,83.6668693152294
2026-03-04,TILE.OQ,14.7150606108272
2026-03-04,EVER.OQ,6.39497813942191
2026-03-04,MORN.OQ,21.0254638979239
2026-03-04,RH.N,27.2188922439046
2026-03-04,FIX.N,49.5042069127583
2026-03-04,LOAR.N,100.332314236342
2026-03-04,TTEK.OQ,27.119864400678
2026-03-04,CVGW.OQ,23.9940037566826
2026-03-04,ASTE.OQ,37.2897502307166
2026-03-04,TRAK.N,23.815376211935
2026-03-04,GTLS.N,725.303565804667
2026-03-04,MRK.N,16.530879264659
2026-03-04,SOFI.OQ,49.1911087728528
2026-03-04,UDR.N,33.4680922744118
2026-03-04,ICFI.OQ,15.2868843344312
2026-03-04,FOX.OQ,14.0710392384971
2026-02-11,CRBG.N,18.5550659742304
2026-02-12,PODD.OQ,69.8705413356699
2026-02-12,EXPE.OQ,21.7390056538252
2026-02-12,ALNY.OQ,1348.36961272839
2026-02-12,MEC.N,36.7296918767507
2026-02-12,RBC.N,64.734054064226
2026-02-12,CW.N,54.665499053011
2026-02-12,DOLE.N,12.4522584514378
2026-02-12,CIVB.OQ,9.00751380548598
2026-02-12,BTBT.OQ,4.32075231922735
2026-02-12,HIMS.N,29.3784050129228
2026-02-12,PEBK.OQ,12.5746312530212
2026-02-12,HFWA.OQ,16.7086441474554
2026-02-12,VITL.OQ,21.0100918196362
2026-02-12,DUOL.OQ,14.2063283772836
2026-02-12,UHS.N,11.1217500184135
2026-02-12,SYF.N,7.65815198486247
2026-02-12,TMUS.OQ,22.0943755467504
2026-02-12,VSCO.N,30.6549301461681
2026-02-12,WSBC.OQ,18.6013453483945
2026-02-12,CVX.N,25.755727260404
2026-02-12,KFRC.N,12.9314165174694
2026-02-12,VSEC.OQ,99.6263215009992
2026-02-12,COFS.OQ,19.4600750267953
2026-02-12,FTLF.OQ,20.7894698096262
2026-02-12,SSTK.N,10.4654431068611
2026-02-12,NDAQ.OQ,28.1721779685795
2026-02-12,VOYA.N,12.7068289345298
2026-02-12,DOCU.OQ,30.5172016828416
2026-02-12,GNTX.OQ,14.3876414755286
2026-02-12,THRM.OQ,32.1688206785137
2026-02-12,QRVO.OQ,22.8135207949783
2026-02-12,OII.N,14.1028052509328
2026-02-12,WFRD.OQ,16.9401425865428
2026-02-12,AZZ.N,12.9465045095675
2026-02-12,EIG.N,16.9431907106892
2026-02-13,PODD.OQ,70.4276023744727
2026-02-13,EXPE.OQ,20.3451607657059
2026-02-13,ALNY.OQ,140.032068412614
2026-02-13,MEC.N,38.4103641456583
2026-02-13,RBC.N,64.973984061121
2026-02-13,CW.N,53.1565539835563
2026-02-13,DOLE.N,12.5548435971087
2026-02-13,CIVB.OQ,8.99619783336854
2026-02-13,BTBT.OQ,4.47324945990596
2026-02-13,HIMS.N,30.3081013740912
2026-02-13,PEBK.OQ,12.8097931881426
2026-02-13,HFWA.OQ,16.9255612730625
2026-02-13,VITL.OQ,21.5408411618861
2026-02-13,DUOL.OQ,14.2722568980885
2026-02-13,UHS.N,11.1578642248395
2026-02-13,SYF.N,7.68722948501593
2026-02-13,TMUS.OQ,22.5904389440642
2026-02-13,VSCO.N,31.5163261460605
2026-02-13,WSBC.OQ,18.6064221347887
2026-02-13,CVX.N,25.9449414847951
2026-02-13,KFRC.N,12.8294896566394
2026-02-13,VSEC.OQ,99.513383189869
2026-02-13,COFS.OQ,19.2658092175777
2026-02-13,FTLF.OQ,20.9514274356218
2026-02-13,SSTK.N,10.327897283171
2026-02-13,NDAQ.OQ,25.7109579734058
2026-02-13,VOYA.N,12.7771366249908
2026-02-13,DOCU.OQ,31.2707128355043
2026-02-13,GNTX.OQ,14.6645534940994
2026-02-13,THRM.OQ,32.5222132471729
2026-02-13,QRVO.OQ,23.2373184068512
2026-02-13,OII.N,14.5008683023704
2026-02-13,WFRD.OQ,17.0612637649172
2026-02-13,AZZ.N,13.1795716639209
2026-02-13,EIG.N,16.7969583672566
2026-02-17,PODD.OQ,71.4720918222279
2026-02-17,EXPE.OQ,20.3495839615793
2026-02-17,ALNY.OQ,148.14270443613
2026-02-17,MEC.N,37.5175070028011
2026-02-17,RBC.N,65.0316143054732
2026-02-17,CW.N,53.45021943335
2026-02-17,DOLE.N,12.4601496164894
2026-02-17,CIVB.OQ,9.10935755454299
2026-02-17,BTBT.OQ,4.34616850934045
2026-02-17,HIMS.N,30.2523195924211
2026-02-17,PEBK.OQ,13.0580196752152
2026-02-17,HFWA.OQ,17.1003000686904
2026-02-17,VITL.OQ,21.411944893054
2026-02-17,DUOL.OQ,14.2101319457915
2026-02-17,UHS.N,11.1725950195658
2026-02-17,SYF.N,7.78738531887786
2026-02-17,TMUS.OQ,22.6017598929656
2026-02-17,VSCO.N,32.496164095938
2026-02-17,WSBC.OQ,18.5861149892118
2026-02-17,CVX.N,25.4944986670282
2026-02-17,KFRC.N,12.4838246503466
2026-02-17,VSEC.OQ,104.757649115398
2026-02-17,COFS.OQ,19.2524115755627
2026-02-17,FTLF.OQ,22.0998542381366
2026-02-17,SSTK.N,9.09596512316332
2026-02-17,NDAQ.OQ,25.9600763531657
2026-02-17,VOYA.N,12.7565587643681
2026-02-17,DOCU.OQ,31.542814085077
2026-02-17,GNTX.OQ,14.4995846319721
2026-02-17,THRM.OQ,31.8558158319871
2026-02-17,QRVO.OQ,23.1960394186818
2026-02-17,OII.N,14.1552970818916
2026-02-17,WFRD.OQ,17.1975250905885
2026-02-17,AZZ.N,12.9399260011785
2026-02-17,EIG.N,16.9669040636783
2026-02-18,PODD.OQ,74.8753866061637
2026-02-18,EXPE.OQ,20.6917558902816
2026-02-18,ALNY.OQ,148.173882059505
2026-02-18,MEC.N,37.0098039215686
2026-02-18,RBC.N,64.881069993696
2026-02-18,CW.N,53.6724107525061
2026-02-18,DOLE.N,12.5864082573151
2026-02-18,CIVB.OQ,9.02260176830924
2026-02-18,BTBT.OQ,4.14283898843563
2026-02-18,HIMS.N,29.4527807218162
2026-02-18,PEBK.OQ,12.9273741557033
2026-02-18,HFWA.OQ,16.9376122244851
2026-02-18,VITL.OQ,20.8281206165791
2026-02-18,DUOL.OQ,14.2583104802259
2026-02-18,UHS.N,11.180673197319
2026-02-18,SYF.N,7.84554031918479
2026-02-18,TMUS.OQ,21.9472032110328
2026-02-18,VSCO.N,33.5567579208054
2026-02-18,WSBC.OQ,18.5048864069044
2026-02-18,CVX.N,25.9632980886539
2026-02-18,KFRC.N,12.656657153493
2026-02-18,VSEC.OQ,106.780717993037
2026-02-18,COFS.OQ,19.2725080385852
2026-02-18,FTLF.OQ,21.7538538553277
2026-02-18,SSTK.N,11.9316426211585
2026-02-18,NDAQ.OQ,26.5715487398492
2026-02-18,VOYA.N,12.9469039751282
2026-02-18,DOCU.OQ,31.2707128355043
2026-02-18,GNTX.OQ,14.4583424164403
2026-02-18,THRM.OQ,31.2096122778675
2026-02-18,QRVO.OQ,23.1327449701553
2026-02-18,OII.N,14.474622386891
2026-02-18,WFRD.OQ,17.6382716007846
2026-02-18,AZZ.N,12.525479972671
2026-02-18,EIG.N,16.6625827003185
2026-02-19,PODD.OQ,71.1578069341012
2026-02-19,EXPE.OQ,20.282571061596
2026-02-19,ALNY.OQ,151.153572064849
2026-02-19,MEC.N,37.7801120448179
2026-02-19,RBC.N,64.8540190626734
2026-02-19,CW.N,54.5805983472384
2026-02-19,DOLE.N,12.6021905874183
2026-02-19,CIVB.OQ,9.07918162889647
2026-02-19,BTBT.OQ,4.26991993900114
2026-02-19,HIMS.N,29.4155928673695
2026-02-19,PEBK.OQ,12.835922292045
2026-02-19,HFWA.OQ,16.8713319916607
2026-02-19,VITL.OQ,20.8887776842648
2026-02-19,DUOL.OQ,14.087149897367
2026-02-19,UHS.N,10.9292993131173
2026-02-19,SYF.N,7.78200059662722
2026-02-19,TMUS.OQ,22.1581845314671
2026-02-19,VSCO.N,33.0183854208727
2026-02-19,WSBC.OQ,18.494732834116
2026-02-19,CVX.N,26.0917943156658
2026-02-19,KFRC.N,12.7541524116782
2026-02-19,VSEC.OQ,110.311267806198
2026-02-19,COFS.OQ,19.6208467309753
2026-02-19,FTLF.OQ,22.3501523874026
2026-02-19,SSTK.N,12.2723203321212
2026-02-19,NDAQ.OQ,26.3386068782555
2026-02-19,VOYA.N,12.7617032295237
2026-02-19,DOCU.OQ,30.782325977297
2026-02-19,GNTX.OQ,14.1225129471098
2026-02-19,THRM.OQ,31.6134894991922
2026-02-19,QRVO.OQ,22.3759635203822
2026-02-19,OII.N,15.8262870340803
2026-02-19,WFRD.OQ,17.7543460633935
2026-02-19,AZZ.N,12.7115577813887
2026-02-19,EIG.N,16.7771972397657
2026-02-20,PODD.OQ,69.0982012014843
2026-02-20,EXPE.OQ,20.6602801342289
2026-02-20,ALNY.OQ,149.737217174417
2026-02-20,MEC.N,38.7254901960784
2026-02-20,RBC.N,65.7666939528232
2026-02-20,CW.N,54.9612757821562
2026-02-20,DOLE.N,12.6258640825732
2026-02-20,CIVB.OQ,9.2149732943058
2026-02-20,BTBT.OQ,4.16825517854874
2026-02-20,HIMS.N,29.0623082501255
2026-02-20,PEBK.OQ,12.9045111897887
2026-02-20,HFWA.OQ,17.034019835866
2026-02-20,VITL.OQ,20.6006566127577
2026-02-20,DUOL.OQ,14.3191675763535
2026-02-20,UHS.N,10.9525834725235
2026-02-20,SYF.N,7.90154143059147
2026-02-20,TMUS.OQ,22.1746513662327
2026-02-20,VSCO.N,34.6550378206681
2026-02-20,WSBC.OQ,18.7079578626729
2026-02-20,CVX.N,25.971770367358
2026-02-20,KFRC.N,12.6477939482034
2026-02-20,VSEC.OQ,111.848210909841
2026-02-20,COFS.OQ,19.908896034298
2026-02-20,FTLF.OQ,22.5857271161236
2026-02-20,SSTK.N,12.7159936301191
2026-02-20,NDAQ.OQ,26.4874308453848
2026-02-20,VOYA.N,12.8131478810805
2026-02-20,DOCU.OQ,31.0334963615179
2026-02-20,GNTX.OQ,14.1225129471098
2026-02-20,THRM.OQ,57.5278700689795
2026-02-20,QRVO.OQ,22.6318932470327
2026-02-20,OII.N,15.2182566588075
2026-02-20,WFRD.OQ,17.5692998186547
2026-02-20,AZZ.N,12.6777254525309
2026-02-20,EIG.N,15.4848195018615
2026-02-23,PODD.OQ,71.2377916227465
2026-02-23,EXPE.OQ,19.1403057209725
2026-02-23,ALNY.OQ,146.690717976127
2026-02-23,MEC.N,38.2002801120448
2026-02-23,RBC.N,66.1618727712385
2026-02-23,CW.N,54.3234468554878
2026-02-23,DOLE.N,12.468040781541
2026-02-23,CIVB.OQ,8.98488186125109
2026-02-23,BTBT.OQ,4.21908755877494
2026-02-23,HIMS.N,28.8391811234451
2026-02-23,PEBK.OQ,12.4635825614361
2026-02-23,HFWA.OQ,16.3350646533544
2026-02-23,VITL.OQ,19.3875152590436
2026-02-23,DUOL.OQ,13.456391453128
2026-02-23,UHS.N,11.0528479140482
2026-02-23,SYF.N,7.41799337248385
2026-02-23,TMUS.OQ,22.6367519168425
2026-02-23,VSCO.N,32.7707340709037
2026-02-23,WSBC.OQ,17.9819774083005
2026-02-23,CVX.N,26.1101509195246
2026-02-23,KFRC.N,13.4320735444331
2026-02-23,VSEC.OQ,109.14751216542
2026-02-23,COFS.OQ,19.3796891747053
2026-02-23,FTLF.OQ,22.2176416024971
2026-02-23,SSTK.N,12.3040112819781
2026-02-23,NDAQ.OQ,25.8565466369019
2026-02-23,VOYA.N,10.9947710508091
2026-02-23,DOCU.OQ,29.1287876145093
2026-02-23,GNTX.OQ,13.8868431440708
2026-02-23,THRM.OQ,54.8294065066703
2026-02-23,QRVO.OQ,22.6924357630146
2026-02-23,OII.N,10.6317037290944
2026-02-23,WFRD.OQ,17.6567762252585
2026-02-23,AZZ.N,12.6335554676333
2026-02-23,EIG.N,15.496676178356
2026-02-24,PODD.OQ,70.0580174652281
2026-02-24,EXPE.OQ,20.1160541586074
2026-02-24,ALNY.OQ,148.249599144842
2026-02-24,MEC.N,37.9551820728291
2026-02-24,RBC.N,67.2239158457297
2026-02-24,CW.N,55.3497221443172
2026-02-24,DOLE.N,12.6179729175215
2026-02-24,CIVB.OQ,9.01505778689761
2026-02-24,BTBT.OQ,4.26991993900114
2026-02-24,HIMS.N,29.9612403100775
2026-02-24,PEBK.OQ,12.5387037351554
2026-02-24,HFWA.OQ,16.3350646533544
2026-02-24,VITL.OQ,19.5315757947971
2026-02-24,DUOL.OQ,13.8741500609205
2026-02-24,UHS.N,10.928348939264
2026-02-24,SYF.N,7.6215358735581
2026-02-24,TMUS.OQ,22.8456748829311
2026-02-24,VSCO.N,33.5513741958061
2026-02-24,WSBC.OQ,17.9312095443584
2026-02-24,CVX.N,26.1708689169039
2026-02-24,KFRC.N,13.2482124616956
2026-02-24,VSEC.OQ,110.070660099877
2026-02-24,COFS.OQ,19.2256162915327
2026-02-24,FTLF.OQ,22.2323650230422
2026-02-24,SSTK.N,12.5100024560486
2026-02-24,NDAQ.OQ,26.2415477692582
2026-02-24,VOYA.N,11.0757784653701
2026-02-24,DOCU.OQ,29.8962526774065
2026-02-24,GNTX.OQ,14.0164615357423
2026-02-24,THRM.OQ,57.7471202334171
2026-02-24,QRVO.OQ,22.8905749062279
2026-02-24,OII.N,11.0887355927846
2026-02-24,WFRD.OQ,17.97640155708
2026-02-24,AZZ.N,12.6749060917927
2026-02-24,EIG.N,15.8879465026757
2026-02-25,PODD.OQ,70.8778605238426
2026-02-25,EXPE.OQ,20.6866791554344
2026-02-25,ALNY.OQ,145.804382683057
2026-02-25,MEC.N,36.8347338935574
2026-02-25,RBC.N,66.5029497276089
2026-02-25,CW.N,54.2830484338231
2026-02-25,DOLE.N,12.3496733057669
2026-02-25,CIVB.OQ,9.22251727571743
2026-02-25,BTBT.OQ,4.60033041047147
2026-02-25,HIMS.N,30.6589147286822
2026-02-25,PEBK.OQ,12.8391884300328
2026-02-25,HFWA.OQ,16.5941601089406
2026-02-25,VITL.OQ,18.796108849108
2026-02-25,DUOL.OQ,14.1556141305106
2026-02-25,UHS.N,10.9639879587633
2026-02-25,SYF.N,7.84123254138428
2026-02-25,TMUS.OQ,22.5039880615448
2026-02-25,VSCO.N,33.4652345958168
2026-02-25,WSBC.OQ,18.4693489021449
2026-02-25,CVX.N,27.7193040531695
2026-02-25,KFRC.N,13.3452502553626
2026-02-25,VSEC.OQ,107.802073154563
2026-02-25,COFS.OQ,19.7548231511254
2026-02-25,FTLF.OQ,22.3059821257675
2026-02-25,SSTK.N,12.5733843557626
2026-02-25,NDAQ.OQ,27.173315215633
2026-02-25,VOYA.N,11.0932506528245
2026-02-25,DOCU.OQ,30.1823078372137
2026-02-25,GNTX.OQ,13.5567288999321
2026-02-25,THRM.OQ,56.2460998768826
2026-02-25,QRVO.OQ,22.6649164375683
2026-02-25,OII.N,10.8316551694588
2026-02-25,WFRD.OQ,17.6567762252585
2026-02-25,AZZ.N,12.6260371723315
2026-02-25,EIG.N,16.4412580724206
2026-02-26,PODD.OQ,71.8433899796325
2026-02-26,EXPE.OQ,22.1274565050742
2026-02-26,ALNY.OQ,147.532513807233
2026-02-26,MEC.N,37.5350140056022
2026-02-26,RBC.N,67.8037466715593
2026-02-26,CW.N,54.5370923546764
2026-02-26,DOLE.N,12.3970202960765
2026-02-26,CIVB.OQ,9.2149732943058
2026-02-26,BTBT.OQ,4.52408184013216
2026-02-26,HIMS.N,30.2325581395349
2026-02-26,PEBK.OQ,12.884914361862
2026-02-26,HFWA.OQ,16.5158289246936
2026-02-26,VITL.OQ,16.7640970816368
2026-02-26,DUOL.OQ,14.8909707087189
2026-02-26,UHS.N,8.82654053003304
2026-02-26,SYF.N,7.96723504204929
2026-02-26,TMUS.OQ,21.9369114393043
2026-02-26,VSCO.N,35.3979918705752
2026-02-26,WSBC.OQ,18.4185810382028
2026-02-26,CVX.N,27.7102759441521
2026-02-26,KFRC.N,13.682328907048
2026-02-26,VSEC.OQ,111.219684656594
2026-02-26,COFS.OQ,19.7749196141479
2026-02-26,FTLF.OQ,22.0409605559564
2026-02-26,SSTK.N,13.4844991641512
2026-02-26,NDAQ.OQ,28.6615548869261
2026-02-26,VOYA.N,11.3791591748045
2026-02-26,DOCU.OQ,31.8986387960566
2026-02-26,GNTX.OQ,13.6199974692572
2026-02-26,THRM.OQ,55.6558109726275
2026-02-26,QRVO.OQ,22.6924357630146
2026-02-26,OII.N,10.7316794492766
2026-02-26,WFRD.OQ,17.6500472709043
2026-02-26,AZZ.N,12.6307361068951
2026-02-26,EIG.N,16.3187390819771
2026-02-27,PODD.OQ,70.4465145243625
2026-02-27,EXPE.OQ,21.9000187839189
2026-02-27,ALNY.OQ,148.280776768217
2026-02-27,MEC.N,36.7647058823529
2026-02-27,RBC.N,67.7355312802852
2026-02-27,CW.N,54.4081281624389
2026-02-27,DOLE.N,12.6574287427796
2026-02-27,CIVB.OQ,8.98110987054528
2026-02-27,BTBT.OQ,4.24450374888804
2026-02-27,HIMS.N,28.1395348837209
2026-02-27,PEBK.OQ,12.479913251375
2026-02-27,HFWA.OQ,15.9132813535629
2026-02-27,VITL.OQ,14.6351618611429
2026-02-27,DUOL.OQ,12.8053473101797
2026-02-27,UHS.N,8.90300006479622
2026-02-27,SYF.N,7.44276309483681
2026-02-27,TMUS.OQ,22.3424072454073
2026-02-27,VSCO.N,33.7559557457805
2026-02-27,WSBC.OQ,17.7027541566189
2026-02-27,CVX.N,28.1014940015739
2026-02-27,KFRC.N,13.7997957099081
2026-02-27,VSEC.OQ,111.499575253743
2026-02-27,COFS.OQ,19.1720257234727
2026-02-27,FTLF.OQ,22.2765352846773
2026-02-27,SSTK.N,13.3101989399377
2026-02-27,NDAQ.OQ,28.3347892199683
2026-02-27,VOYA.N,10.6230899722351
2026-02-27,DOCU.OQ,31.4451367134355
2026-02-27,GNTX.OQ,13.4589502018843
2026-02-27,THRM.OQ,55.2679068355455
2026-02-27,QRVO.OQ,22.8135207949783
2026-02-27,OII.N,10.1403944756273
2026-02-27,WFRD.OQ,17.7408881546852
2026-02-27,AZZ.N,12.7792224391042
2026-02-27,EIG.N,127.039233156165
2026-03-02,PODD.OQ,70.1151493856891
2026-03-02,EXPE.OQ,21.6512587764054
2026-03-02,ALNY.OQ,144.784429004098
2026-03-02,MEC.N,37.7100840336134
2026-03-02,RBC.N,68.7905175901619
2026-03-02,CW.N,56.4397026365408
2026-03-02,DOLE.N,12.468040781541
2026-03-02,CIVB.OQ,8.87926612148827
2026-03-02,BTBT.OQ,4.49866565001906
2026-03-02,HIMS.N,31.937984496124
2026-03-02,PEBK.OQ,12.5713651150334
2026-03-02,HFWA.OQ,13.4945680157836
2026-03-02,VITL.OQ,13.962041566913
2026-03-02,DUOL.OQ,11.8920117575454
2026-03-02,UHS.N,8.91682325752176
2026-03-02,SYF.N,7.39214670568077
2026-03-02,TMUS.OQ,22.241547882468
2026-03-02,VSCO.N,32.9376295458828
2026-03-02,WSBC.OQ,18.0124381266658
2026-03-02,CVX.N,28.5288244950654
2026-03-02,KFRC.N,13.5035750766088
2026-03-02,VSEC.OQ,89.555551072286
2026-03-02,COFS.OQ,19.7146302250804
2026-03-02,FTLF.OQ,22.202918181952
2026-03-02,SSTK.N,13.0408258661533
2026-03-02,NDAQ.OQ,28.4997897052638
2026-03-02,VOYA.N,10.8105188921998
2026-03-02,DOCU.OQ,32.2056248212155
2026-03-02,GNTX.OQ,13.4014333206796
2026-03-02,THRM.OQ,54.4836658627494
2026-03-02,QRVO.OQ,22.5438314056046
2026-03-02,OII.N,10.2460830941057
2026-03-02,WFRD.OQ,17.3825713353273
2026-03-02,AZZ.N,12.6420135498477
2026-03-02,EIG.N,128.053089188608
2026-03-03,PODD.OQ,69.083918221369
2026-03-03,EXPE.OQ,21.8441747005996
2026-03-03,ALNY.OQ,141.924995546054
2026-03-03,MEC.N,36.9572829131653
2026-03-03,RBC.N,66.8722537424375
2026-03-03,CW.N,54.5370923546764
2026-03-03,DOLE.N,15.2273264518163
2026-03-03,CIVB.OQ,8.76233440960802
2026-03-03,BTBT.OQ,4.24450374888804
2026-03-03,HIMS.N,30.6589147286822
2026-03-03,PEBK.OQ,12.528905321192
2026-03-03,HFWA.OQ,13.3620184243932
2026-03-03,VITL.OQ,14.0869504874918
2026-03-03,DUOL.OQ,11.9851945515195
2026-03-03,UHS.N,8.84900321821205
2026-03-03,SYF.N,7.39430059458103
2026-03-03,TMUS.OQ,22.4906087582977
2026-03-03,VSCO.N,33.4436996958195
2026-03-03,WSBC.OQ,16.8934929654327
2026-03-03,CVX.N,28.4039356536577
2026-03-03,KFRC.N,13.8815117466803
2026-03-03,VSEC.OQ,87.3968567797123
2026-03-03,COFS.OQ,19.8285101822079
2026-03-03,FTLF.OQ,22.2323650230422
2026-03-03,SSTK.N,13.2388943027595
2026-03-03,NDAQ.OQ,28.2814067100197
2026-03-03,VOYA.N,10.7390417617048
2026-03-03,DOCU.OQ,32.6102882180159
2026-03-03,GNTX.OQ,13.2288826770657
2026-03-03,THRM.OQ,52.5863086705007
2026-03-03,QRVO.OQ,22.3649557902037
2026-03-03,OII.N,10.0461316537412
2026-03-03,WFRD.OQ,16.4573401116334
2026-03-03,AZZ.N,12.3290645079135
2026-03-03,EIG.N,128.513932839719
2026-03-04,PODD.OQ,69.383860803789
2026-03-04,EXPE.OQ,22.5132883534626
2026-03-04,ALNY.OQ,145.777659005879
2026-03-04,RBC.N,67.0486728578015
2026-03-04,CW.N,55.3605986424577
2026-03-04,DOLE.N,15.2174769521708
2026-03-04,CIVB.OQ,8.83777422372431
2026-03-04,BTBT.OQ,4.72741136103698
2026-03-04,HIMS.N,31.8798449612403
2026-03-04,PEBK.OQ,12.545236011131
2026-03-04,HFWA.OQ,13.4333912812957
2026-03-04,VITL.OQ,13.8857083376704
2026-03-04,DUOL.OQ,11.3435307550401
2026-03-04,UHS.N,8.73928162595305
2026-03-04,SYF.N,7.45999420603886
2026-03-04,TMUS.OQ,22.6120516646941
2026-03-04,VSCO.N,32.3077337209615
2026-03-04,WSBC.OQ,16.7881779058579
2026-03-04,CVX.N,27.9916520085285
2026-03-04,KFRC.N,13.8457609805924
2026-03-04,VSEC.OQ,90.2818407408155
2026-03-04,COFS.OQ,19.8151125401929
2026-03-04,FTLF.OQ,22.3059821257675
2026-03-04,SSTK.N,13.8489450875066
2026-03-04,NDAQ.OQ,28.8362612831214
2026-03-04,VOYA.N,11.1901418741621
2026-03-04,DOCU.OQ,32.247486551919
2026-03-04,GNTX.OQ,13.1541107314997
2026-03-04,THRM.OQ,51.8442311908657
2026-03-04,QRVO.OQ,21.8668559996257
2026-03-04,OII.N,10.037562306297
2026-03-04,WFRD.OQ,16.1158456781608
2026-03-04,AZZ.N,12.4596948887809
2026-03-04,EIG.N,129.74284924268
2026-02-05,BLSH.N,47.220799908972
2026-02-12,SDRL.N,81.6120007143283
2026-02-12,LOPE.OQ,21.2197583365264
2026-02-12,VSNT.OQ,2.93222517607253
2026-02-12,INOD.OQ,43.2117774444455
2026-02-12,BKV.N,57.0828126774963
2026-02-12,CB.N,13.8845044404024
2026-02-12,BWMN.OQ,35.261485488379
2026-02-12,MPB.OQ,13.0331105117079
2026-02-12,MAMA.OQ,129.386529386529
2026-02-12,DRS.OQ,38.3498497278856
2026-02-12,STOK.OQ,48.3189139229382
2026-02-12,TIGO.OQ,10.066296971841
2026-02-12,CCBG.OQ,11.9637448704814
2026-02-12,CNXN.OQ,19.8596363389353
2026-02-12,HBB.N,8.09040708873764
2026-02-12,BLD.N,27.2797749506143
2026-02-12,BJRI.OQ,30.1746718354762
2026-02-12,UHT.N,33.1109463800346
2026-02-12,HASI.N,15.4918433261416
2026-02-12,CNX.N,10.159418751828
2026-02-12,MNST.OQ,46.2064804062208
2026-02-12,WOR.N,27.3925496033615
2026-02-12,MANH.OQ,38.1503307342773
2026-02-12,EVI.A,45.2125375697724
2026-02-12,LNKB.OQ,10.1876258160666
2026-02-12,R.N,17.4215794415145
2026-02-12,FMAO.OQ,11.7894465783996
2026-02-13,SDRL.N,84.6478957080779
2026-02-13,LOPE.OQ,21.7337924111841
2026-02-13,VSNT.OQ,3.07124387515693
2026-02-13,INOD.OQ,44.095880477217
2026-02-13,BKV.N,57.840130258624
2026-02-13,CB.N,13.5688241493752
2026-02-13,BWMN.OQ,35.8778707078865
2026-02-13,MPB.OQ,13.1894765646378
2026-02-13,MAMA.OQ,133.247533247533
2026-02-13,DRS.OQ,38.7153764925676
2026-02-13,STOK.OQ,48.349217412385
2026-02-13,TIGO.OQ,10.063234048679
2026-02-13,CCBG.OQ,11.9861384032291
2026-02-13,CNXN.OQ,19.7052548375444
2026-02-13,HBB.N,8.16317794614957
2026-02-13,BLD.N,27.9687120024816
2026-02-13,BJRI.OQ,30.3393153821975
2026-02-13,UHT.N,33.358042994811
2026-02-13,HASI.N,17.1651180588284
2026-02-13,CNX.N,10.5088509891521
2026-02-13,MNST.OQ,46.3829496550311
2026-02-13,WOR.N,27.769403252247
2026-02-13,MANH.OQ,38.9858407423548
2026-02-13,EVI.A,44.9549162730786
2026-02-13,LNKB.OQ,10.2543569895343
2026-02-13,R.N,17.9039999865994
2026-02-13,FMAO.OQ,12.6907147915281
2026-02-17,SDRL.N,84.3304164930452
2026-02-17,LOPE.OQ,21.903787931937
2026-02-17,VSNT.OQ,3.18673633285782
2026-02-17,INOD.OQ,42.7349578312655
2026-02-17,BKV.N,56.7230868264607
2026-02-17,CB.N,13.858615316006
2026-02-17,BWMN.OQ,34.9958022041085
2026-02-17,MPB.OQ,13.2793870450725
2026-02-17,MAMA.OQ,128.528528528529
2026-02-17,DRS.OQ,39.7307286166843
2026-02-17,STOK.OQ,47.1067743450658
2026-02-17,TIGO.OQ,10.1382756661475
2026-02-17,CCBG.OQ,12.0141303191638
2026-02-17,CNXN.OQ,19.2513732234549
2026-02-17,HBB.N,8.07328453405248
2026-02-17,BLD.N,27.6722203014569
2026-02-17,BJRI.OQ,31.5591743874512
2026-02-17,UHT.N,33.8908450704225
2026-02-17,HASI.N,27.7286803071224
2026-02-17,CNX.N,10.3095451945302
2026-02-17,MNST.OQ,47.1912926657103
2026-02-17,WOR.N,27.4820523449718
2026-02-17,MANH.OQ,39.3133828717673
2026-02-17,EVI.A,43.6453413482181
2026-02-17,LNKB.OQ,10.4545505099374
2026-02-17,R.N,18.1117088323999
2026-02-17,FMAO.OQ,12.4246260809854
2026-02-18,SDRL.N,86.9099351151854
2026-02-18,LOPE.OQ,22.6377368469339
2026-02-18,VSNT.OQ,3.16214071686596
2026-02-18,INOD.OQ,44.2846215741007
2026-02-18,BKV.N,56.7609527055171
2026-02-18,CB.N,13.7500480201501
2026-02-18,BWMN.OQ,34.5707089492757
2026-02-18,MPB.OQ,13.0643837222939
2026-02-18,MAMA.OQ,128.185328185328
2026-02-18,DRS.OQ,40.5125497522541
2026-02-18,STOK.OQ,46.9401051531084
2026-02-18,TIGO.OQ,9.87486427421739
2026-02-18,CCBG.OQ,11.8377812487754
2026-02-18,CNXN.OQ,19.1772701027872
2026-02-18,HBB.N,8.24451008090407
2026-02-18,BLD.N,27.065021543879
2026-02-18,BJRI.OQ,31.9632994566763
2026-02-18,UHT.N,32.8561279960465
2026-02-18,HASI.N,26.7035251198371
2026-02-18,CNX.N,10.4053155114264
2026-02-18,MNST.OQ,47.3506842452809
2026-02-18,WOR.N,26.7566090708673
2026-02-18,MANH.OQ,39.710319520123
2026-02-18,EVI.A,44.182052382997
2026-02-18,LNKB.OQ,10.176503953822
2026-02-18,R.N,18.6803955513455
2026-02-18,FMAO.OQ,11.9310744404627
2026-02-19,SDRL.N,88.7155981506836
2026-02-19,LOPE.OQ,20.0308885111323
2026-02-19,VSNT.OQ,3.21240132345801
2026-02-19,INOD.OQ,45.3177307359909
2026-02-19,BKV.N,58.9950395698436
2026-02-19,CB.N,13.7446196553573
2026-02-19,BWMN.OQ,35.5484234353911
2026-02-19,MPB.OQ,13.0448379656776
2026-02-19,MAMA.OQ,128.271128271128
2026-02-19,DRS.OQ,41.7005117374706
2026-02-19,STOK.OQ,52.0765466143426
2026-02-19,TIGO.OQ,9.79369681042496
2026-02-19,CCBG.OQ,11.9049618470186
2026-02-19,CNXN.OQ,19.0692030518135
2026-02-19,HBB.N,8.30443902230213
2026-02-19,BLD.N,26.5309303290195
2026-02-19,BJRI.OQ,31.3720794479951
2026-02-19,UHT.N,33.1032246108228
2026-02-19,HASI.N,26.2510428302767
2026-02-19,CNX.N,10.5269696977541
2026-02-19,MNST.OQ,46.673270032106
2026-02-19,WOR.N,26.6529743174238
2026-02-19,MANH.OQ,39.8435569964942
2026-02-19,EVI.A,39.9957063117218
2026-02-19,LNKB.OQ,10.120894642599
2026-02-19,R.N,18.3696698183134
2026-02-19,FMAO.OQ,11.8280723589623
2026-02-20,SDRL.N,87.7234756037066
2026-02-20,LOPE.OQ,20.3833077656619
2026-02-20,VSNT.OQ,3.21133194884967
2026-02-20,INOD.OQ,44.5230313806908
2026-02-20,BKV.N,59.4872959975766
2026-02-20,CB.N,13.8473410198979
2026-02-20,BWMN.OQ,35.5165414412787
2026-02-20,MPB.OQ,13.2285680778703
2026-02-20,MAMA.OQ,136.336336336336
2026-02-20,DRS.OQ,40.6445455283893
2026-02-20,STOK.OQ,51.9553326565554
2026-02-20,TIGO.OQ,10.1198981271756
2026-02-20,CCBG.OQ,12.0337246603181
2026-02-20,CNXN.OQ,19.1772701027872
2026-02-20,HBB.N,8.40717435041308
2026-02-20,BLD.N,26.3451153246102
2026-02-20,BJRI.OQ,30.8332460223616
2026-02-20,UHT.N,33.3117123795404
2026-02-20,HASI.N,26.3570933668924
2026-02-20,CNX.N,10.4752019588912
2026-02-20,MNST.OQ,47.6808525172484
2026-02-20,WOR.N,26.9261932128658
2026-02-20,MANH.OQ,40.0461889918087
2026-02-20,EVI.A,39.9313009875483
2026-02-20,LNKB.OQ,10.2877225762682
2026-02-20,R.N,18.7658241895377
2026-02-20,FMAO.OQ,11.9396579472544
2026-02-23,SDRL.N,87.5448935452507
2026-02-23,LOPE.OQ,19.9401923794519
2026-02-23,VSNT.OQ,3.16534884069099
2026-02-23,INOD.OQ,43.5793258962718
2026-02-23,BKV.N,56.2308303987277
2026-02-23,CB.N,13.9212502943844
2026-02-23,BWMN.OQ,34.145615694443
2026-02-23,MPB.OQ,12.7477424651108
2026-02-23,MAMA.OQ,137.709137709138
2026-02-23,DRS.OQ,38.7255300138088
2026-02-23,STOK.OQ,54.8947711328959
2026-02-23,TIGO.OQ,10.2715128236935
2026-02-23,CCBG.OQ,11.7230143934432
2026-02-23,CNXN.OQ,18.4300636360549
2026-02-23,HBB.N,8.35152604768632
2026-02-23,BLD.N,25.6790243798424
2026-02-23,BJRI.OQ,30.4665399410277
2026-02-23,UHT.N,33.6051396095873
2026-02-23,HASI.N,26.5550543685751
2026-02-23,CNX.N,9.89281489668453
2026-02-23,MNST.OQ,48.2102602636792
2026-02-23,WOR.N,26.247856644872
2026-02-23,MANH.OQ,36.1129076581015
2026-02-23,EVI.A,38.9866895663375
2026-02-23,LNKB.OQ,9.79836063750514
2026-02-23,R.N,18.4031712450554
2026-02-23,FMAO.OQ,11.4761485805026
2026-02-24,SDRL.N,89.6680357957815
2026-02-24,LOPE.OQ,20.3198204734856
2026-02-24,VSNT.OQ,3.19208320589953
2026-02-24,INOD.OQ,43.9071393803332
2026-02-24,BKV.N,56.2497633382559
2026-02-24,CB.N,14.0657283111773
2026-02-24,BWMN.OQ,34.4538083041967
2026-02-24,MPB.OQ,12.7360150111411
2026-02-24,MAMA.OQ,149.120549120549
2026-02-24,DRS.OQ,44.4927300787913
2026-02-24,STOK.OQ,53.7886937680874
2026-02-24,TIGO.OQ,10.5012320608419
2026-02-24,CCBG.OQ,11.7985925664668
2026-02-24,CNXN.OQ,18.5628317272511
2026-02-24,HBB.N,8.24022944223278
2026-02-24,BLD.N,25.9460699872722
2026-02-24,BJRI.OQ,30.2195746209457
2026-02-24,UHT.N,33.6360266864344
2026-02-24,HASI.N,26.1591323652098
2026-02-24,CNX.N,9.72198135843724
2026-02-24,MNST.OQ,48.6941275588041
2026-02-24,WOR.N,26.5399182227582
2026-02-24,MANH.OQ,37.0150364043646
2026-02-24,EVI.A,44.7187634177759
2026-02-24,LNKB.OQ,9.78723877526053
2026-02-24,R.N,18.7155720494247
2026-02-24,FMAO.OQ,11.321645458252
2026-02-25,SDRL.N,89.7275631486001
2026-02-25,LOPE.OQ,20.3288900866537
2026-02-25,VSNT.OQ,3.3150612858588
2026-02-25,INOD.OQ,45.8839540266423
2026-02-25,BKV.N,56.7988185845735
2026-02-25,CB.N,13.9692704444745
2026-02-25,BWMN.OQ,35.1233301805583
2026-02-25,MPB.OQ,13.0682928736171
2026-02-25,MAMA.OQ,148.605748605749
2026-02-25,DRS.OQ,43.010315977581
2026-02-25,STOK.OQ,53.7886937680874
2026-02-25,TIGO.OQ,10.214848745197
2026-02-25,CCBG.OQ,12.1932785811458
2026-02-25,CNXN.OQ,18.5744612612062
2026-02-25,HBB.N,8.47994520782501
2026-02-25,BLD.N,24.6392726611806
2026-02-25,BJRI.OQ,30.5937644998578
2026-02-25,UHT.N,34.0452804546578
2026-02-25,HASI.N,26.0955020432403
2026-02-25,CNX.N,10.0274110177279
2026-02-25,MNST.OQ,48.620124325432
2026-02-25,WOR.N,26.9073505304215
2026-02-25,MANH.OQ,37.5563136521225
2026-02-25,EVI.A,43.6668097896093
2026-02-25,LNKB.OQ,9.9985541579082
2026-02-25,R.N,18.5028379896129
2026-02-25,FMAO.OQ,11.6392352095449
2026-02-26,SDRL.N,85.8384427644502
2026-02-26,LOPE.OQ,20.7111094987354
2026-02-26,VSNT.OQ,3.47332872789335
2026-02-26,INOD.OQ,47.2647441564763
2026-02-26,BKV.N,56.7988185845735
2026-02-26,CB.N,14.1104079290872
2026-02-26,BWMN.OQ,36.0479080098197
2026-02-26,MPB.OQ,13.0487471170009
2026-02-26,MAMA.OQ,146.117546117546
2026-02-26,DRS.OQ,44.0053610592153
2026-02-26,STOK.OQ,53.8644524917044
2026-02-26,TIGO.OQ,10.8243704544306
2026-02-26,CCBG.OQ,12.1428931324633
2026-02-26,CNXN.OQ,18.6355514150007
2026-02-26,HBB.N,10.4762244788665
2026-02-26,BLD.N,23.7589360009463
2026-02-26,BJRI.OQ,29.9576417057071
2026-02-26,UHT.N,34.7911663976696
2026-02-26,HASI.N,26.053081828594
2026-02-26,CNX.N,10.2733077773262
2026-02-26,MNST.OQ,49.3316938770863
2026-02-26,WOR.N,26.94503589531
2026-02-26,MANH.OQ,38.7526751587053
2026-02-26,EVI.A,43.8385573207385
2026-02-26,LNKB.OQ,10.0652853313759
2026-02-26,R.N,18.6879333723625
2026-02-26,FMAO.OQ,11.7851548250038
2026-02-27,LOPE.OQ,20.610048094863
2026-02-27,VSNT.OQ,3.56315619499404
2026-02-27,INOD.OQ,48.2510760088266
2026-02-27,BKV.N,59.3168995418229
2026-02-27,CB.N,14.2331724867089
2026-02-27,BWMN.OQ,35.6440694177285
2026-02-27,MPB.OQ,12.5757398068879
2026-02-27,MAMA.OQ,147.061347061347
2026-02-27,DRS.OQ,44.0561286654212
2026-02-27,STOK.OQ,55.1675025379172
2026-02-27,TIGO.OQ,9.2980359190692
2026-02-27,CCBG.OQ,11.9931363822128
2026-02-27,CNXN.OQ,18.6172243688624
2026-02-27,HBB.N,9.71116426862794
2026-02-27,BLD.N,24.4560266130449
2026-02-27,BJRI.OQ,28.4309469997456
2026-02-27,UHT.N,34.3424005038775
2026-02-27,HASI.N,25.8197706480395
2026-02-27,CNX.N,10.8142806484427
2026-02-27,MNST.OQ,48.5575062048865
2026-02-27,WOR.N,26.3844660925929
2026-02-27,MANH.OQ,37.592398801973
2026-02-27,EVI.A,41.7131816230142
2026-02-27,LNKB.OQ,9.62041084159132
2026-02-27,R.N,18.5564402724001
2026-02-27,FMAO.OQ,11.0984742816678
2026-03-02,LOPE.OQ,21.0039284381608
2026-03-02,VSNT.OQ,3.50113246771023
2026-03-02,INOD.OQ,48.5678704856787
2026-03-02,BKV.N,59.2033019046537
2026-03-02,CB.N,13.3255527075839
2026-03-02,BWMN.OQ,35.3252494766039
2026-03-02,MPB.OQ,12.7751065243736
2026-03-02,MAMA.OQ,146.975546975547
2026-03-02,DRS.OQ,43.9678336007423
2026-03-02,STOK.OQ,55.5917513901726
2026-03-02,TIGO.OQ,9.58632733321512
2026-03-02,CCBG.OQ,12.0299874728138
2026-03-02,CNXN.OQ,18.6691509995876
2026-03-02,HBB.N,8.98180686820053
2026-03-02,BLD.N,23.945957800125
2026-03-02,BJRI.OQ,27.398182933948
2026-03-02,UHT.N,34.7203086249655
2026-03-02,HASI.N,25.8975410415577
2026-03-02,CNX.N,10.8427529048172
2026-03-02,MNST.OQ,41.8774055226926
2026-03-02,WOR.N,26.5069435284807
2026-03-02,MANH.OQ,38.8526032659836
2026-03-02,EVI.A,43.5379991412624
2026-03-02,LNKB.OQ,9.82060436199438
2026-03-02,R.N,18.545552308709
2026-03-02,FMAO.OQ,11.0879825230313
2026-03-03,LOPE.OQ,21.5001658443551
2026-03-03,VSNT.OQ,3.63694304296961
2026-03-03,INOD.OQ,47.7594983723318
2026-03-03,BKV.N,59.3358324813511
2026-03-03,CB.N,13.1521603482776
2026-03-03,BWMN.OQ,34.613218274759
2026-03-03,MPB.OQ,12.6930143465854
2026-03-03,MAMA.OQ,141.741741741742
2026-03-03,DRS.OQ,43.987164369527
2026-03-03,STOK.OQ,51.1825936756618
2026-03-03,TIGO.OQ,9.18705648088029
2026-03-03,CCBG.OQ,11.9605463075355
2026-03-03,CNXN.OQ,18.632496907311
2026-03-03,HBB.N,8.50236913645104
2026-03-03,BLD.N,23.6071848238435
2026-03-03,BJRI.OQ,16.701111545551
2026-03-03,UHT.N,34.4604967917175
2026-03-03,HASI.N,25.6712998967775
2026-03-03,CNX.N,10.8479296787035
2026-03-03,MNST.OQ,40.8079973135639
2026-03-03,WOR.N,25.3339865463247
2026-03-03,MANH.OQ,41.153725514144
2026-03-03,EVI.A,42.37870330614
2026-03-03,LNKB.OQ,9.79836063750514
2026-03-03,R.N,17.8395097401211
2026-03-03,FMAO.OQ,10.8942519733724
2026-03-04,LOPE.OQ,21.0725983664331
2026-03-04,VSNT.OQ,3.85188733924626
2026-03-04,INOD.OQ,48.5350986432457
2026-03-04,BKV.N,59.4872959975766
2026-03-04,CB.N,12.9904311521534
2026-03-04,BWMN.OQ,35.0064295354793
2026-03-04,MPB.OQ,12.8220163402525
2026-03-04,MAMA.OQ,139.93993993994
2026-03-04,DRS.OQ,45.3789797220236
2026-03-04,STOK.OQ,52.1523053379597
2026-03-04,TIGO.OQ,9.24828651574313
2026-03-04,CCBG.OQ,12.035542766036
2026-03-04,CNXN.OQ,18.9379476762833
2026-03-04,HBB.N,9.58875463498978
2026-03-04,BLD.N,22.992920135771
2026-03-04,BJRI.OQ,16.3659721834329
2026-03-04,UHT.N,34.4447506200055
2026-03-04,HASI.N,26.2086226156304
2026-03-04,CNX.N,10.9695838650312
2026-03-04,MNST.OQ,40.6116808307287
2026-03-04,WOR.N,25.3104331932694
2026-03-04,MANH.OQ,39.8435569964942
2026-03-04,EVI.A,44.9763847144697
2026-03-04,LNKB.OQ,9.74275132628207
2026-03-04,R.N,18.0137171591795
2026-03-04,FMAO.OQ,10.7417406895983
2026-02-12,BFST.OQ,11.2031832493095
2026-02-12,NWSA.OQ,28.8503644934443
2026-02-12,HCC.N,128.967986457538
2026-02-12,TRUP.OQ,90.1643943219436
2026-02-12,HPK.OQ,12.9057489245209
2026-02-12,TRNO.N,16.567177980294
2026-02-12,NATL.N,26.0706458926733
2026-02-12,NVEC.OQ,29.710762041921
2026-02-12,TGLS.N,13.557214253937
2026-02-12,BRX.N,23.1594908423447
2026-02-12,STNE.OQ,10.4209220370386
2026-02-12,OLN.N,55.3818283767172
2026-02-12,RBA.N,48.0440226054506
2026-02-12,WWW.N,16.8969789383398
2026-02-12,BJ.N,23.1736572483356
2026-02-12,ENSG.OQ,36.6963841028546
2026-02-12,HQI.OQ,20.5905055962949
2026-02-12,KGEI.OQ,7.53352775935662
2026-02-12,WELL.N,156.529194116054
2026-02-12,VABK.OQ,11.4147801431208
2026-02-12,DEA.N,78.3932513922299
2026-02-12,AMTM.N,75.1975592677803
2026-02-12,AZO.N,26.4074472889241
2026-02-12,VTS.N,45.3606073386757
2026-02-12,MGNI.OQ,31.3426988302457
2026-02-12,BBT.N,13.8828159160472
2026-02-12,FIVN.OQ,43.7376270291672
2026-02-12,UNB.OQ,9.8736991007376
2026-02-12,AMKR.OQ,41.5753336341951
2026-02-12,CCK.N,13.6616891040635
2026-02-12,LIN.OQ,31.659778235593
2026-02-12,CMCSA.OQ,5.91925114590154
2026-02-12,PATK.OQ,40.3935029709932
2026-02-12,KALU.OQ,20.9438566481456
2026-02-12,MGEE.OQ,22.0200364694135
2026-02-12,RSI.N,61.9348300592454
2026-02-12,ADAM.OQ,42.6409903713893
2026-02-13,BFST.OQ,11.2611307488749
2026-02-13,NWSA.OQ,29.2625125576363
2026-02-13,HCC.N,79.7508018523483
2026-02-13,TRUP.OQ,78.4379734051507
2026-02-13,HPK.OQ,14.2186714341583
2026-02-13,TRNO.N,16.9781467363944
2026-02-13,NATL.N,26.6769399832006
2026-02-13,NVEC.OQ,29.4633024045943
2026-02-13,TGLS.N,13.7783547666187
2026-02-13,BRX.N,23.3749650851921
2026-02-13,STNE.OQ,10.5046547136272
2026-02-13,OLN.N,55.8131510276262
2026-02-13,RBA.N,48.6425536406259
2026-02-13,WWW.N,16.7826169827504
2026-02-13,BJ.N,23.6852475336509
2026-02-13,ENSG.OQ,36.513253040917
2026-02-13,HQI.OQ,20.9764569664222
2026-02-13,KGEI.OQ,7.72255583139597
2026-02-13,VABK.OQ,11.2235024078491
2026-02-13,DEA.N,78.9534385606485
2026-02-13,AMTM.N,77.5232569770931
2026-02-13,AZO.N,26.8915163293668
2026-02-13,VTS.N,46.2041332770983
2026-02-13,MGNI.OQ,32.741926456596
2026-02-13,BBT.N,13.837490801668
2026-02-13,FIVN.OQ,44.2127491091461
2026-02-13,UNB.OQ,10.0798221683338
2026-02-13,AMKR.OQ,38.2631680742699
2026-02-13,CCK.N,13.7111924616287
2026-02-13,LIN.OQ,32.2047822427785
2026-02-13,CMCSA.OQ,5.87274540151199
2026-02-13,PATK.OQ,40.8993863662996
2026-02-13,KALU.OQ,20.994694880889
2026-02-13,MGEE.OQ,22.4894716276646
2026-02-13,RSI.N,62.4805113813533
2026-02-13,ADAM.OQ,43.17003491694
2026-02-17,BFST.OQ,11.3152150818026
2026-02-17,NWSA.OQ,29.8678550269184
2026-02-17,HCC.N,78.4937192084077
2026-02-17,TRUP.OQ,64.9097666920425
2026-02-17,HPK.OQ,13.3527012682273
2026-02-17,TRNO.N,17.001263728925
2026-02-17,NATL.N,26.7653578714025
2026-02-17,NVEC.OQ,29.4699905029004
2026-02-17,TGLS.N,13.9006324618663
2026-02-17,BRX.N,23.6303419656039
2026-02-17,STNE.OQ,10.2627043920794
2026-02-17,OLN.N,51.4783583859906
2026-02-17,RBA.N,49.6239745947912
2026-02-17,WWW.N,17.2591251310397
2026-02-17,BJ.N,22.9155576449333
2026-02-17,ENSG.OQ,36.3643520840144
2026-02-17,HQI.OQ,20.7255885758394
2026-02-17,KGEI.OQ,7.75720034658095
2026-02-17,VABK.OQ,11.31070255187
2026-02-17,DEA.N,79.1841038652915
2026-02-17,AMTM.N,75.147544263279
2026-02-17,AZO.N,26.081876880298
2026-02-17,VTS.N,45.5293125263602
2026-02-17,MGNI.OQ,32.3781272737449
2026-02-17,BBT.N,13.9174762976314
2026-02-17,FIVN.OQ,43.1041309225287
2026-02-17,UNB.OQ,9.85753258563201
2026-02-17,AMKR.OQ,37.7474050673715
2026-02-17,CCK.N,13.6530260164896
2026-02-17,LIN.OQ,32.2864658900471
2026-02-17,CMCSA.OQ,5.86902494196083
2026-02-17,PATK.OQ,39.919058656751
2026-02-17,KALU.OQ,21.0186187551212
2026-02-17,MGEE.OQ,22.3673642165588
2026-02-17,RSI.N,66.0274399750546
2026-02-17,ADAM.OQ,42.9055126441646
2026-02-18,BFST.OQ,11.083425083541
2026-02-18,NWSA.OQ,30.0739290590145
2026-02-18,HCC.N,80.4902622311368
2026-02-18,TRUP.OQ,64.5739107070888
2026-02-18,HPK.OQ,14.637689256383
2026-02-18,TRNO.N,16.8548561095643
2026-02-18,NATL.N,26.4685263895818
2026-02-18,NVEC.OQ,29.4097976181453
2026-02-18,TGLS.N,13.689898561546
2026-02-18,BRX.N,23.3430429751407
2026-02-18,STNE.OQ,10.281213178984
2026-02-18,OLN.N,53.742802303263
2026-02-18,RBA.N,51.2658384726866
2026-02-18,WWW.N,17.6403316496712
2026-02-18,BJ.N,22.8072479899341
2026-02-18,ENSG.OQ,35.9347642658241
2026-02-18,HQI.OQ,20.8992666923968
2026-02-18,KGEI.OQ,7.94642910355552
2026-02-18,VABK.OQ,11.3528961699446
2026-02-18,DEA.N,77.701255478301
2026-02-18,AMTM.N,77.1981594478344
2026-02-18,AZO.N,26.1002777768678
2026-02-18,VTS.N,46.6680725432307
2026-02-18,MGNI.OQ,33.5814630324061
2026-02-18,BBT.N,14.0481192743716
2026-02-18,FIVN.OQ,44.1599577669262
2026-02-18,UNB.OQ,9.7403253511165
2026-02-18,AMKR.OQ,37.6668170975437
2026-02-18,CCK.N,14.1183575776027
2026-02-18,LIN.OQ,32.4913445463109
2026-02-18,CMCSA.OQ,5.87832609083874
2026-02-18,PATK.OQ,39.3017094285804
2026-02-18,KALU.OQ,20.8406849405193
2026-02-18,MGEE.OQ,21.7052706985629
2026-02-18,RSI.N,70.8606173994387
2026-02-18,ADAM.OQ,42.5351814622791
2026-02-19,BFST.OQ,11.1066040833671
2026-02-19,NWSA.OQ,30.0868086860205
2026-02-19,HCC.N,79.0390712377642
2026-02-19,TRUP.OQ,64.5963011060857
2026-02-19,HPK.OQ,15.5595284652774
2026-02-19,TRNO.N,16.6904686071241
2026-02-19,NATL.N,26.6706244197576
2026-02-19,NVEC.OQ,29.2760356520227
2026-02-19,TGLS.N,13.432334905599
2026-02-19,BRX.N,23.4068871952436
2026-02-19,STNE.OQ,10.5680056633483
2026-02-19,OLN.N,52.3625698203541
2026-02-19,RBA.N,49.5026981117761
2026-02-19,WWW.N,17.0780520346898
2026-02-19,BJ.N,22.8579461263167
2026-02-19,ENSG.OQ,35.0482045454157
2026-02-19,HQI.OQ,21.2466229255114
2026-02-19,KGEI.OQ,8.045114007765
2026-02-19,VABK.OQ,11.3219541833566
2026-02-19,DEA.N,78.2943948330972
2026-02-19,AMTM.N,80.074022206662
2026-02-19,AZO.N,26.1062023079603
2026-02-19,VTS.N,47.574862927035
2026-02-19,MGNI.OQ,34.1691386354732
2026-02-19,BBT.N,13.8054966032826
2026-02-19,FIVN.OQ,45.3477629668734
2026-02-19,UNB.OQ,9.69182580579974
2026-02-19,AMKR.OQ,38.9562246147895
2026-02-19,CCK.N,14.0713293879157
2026-02-19,LIN.OQ,32.8147314449235
2026-02-19,CMCSA.OQ,5.83740103577594
2026-02-19,PATK.OQ,38.8201198686418
2026-02-19,KALU.OQ,18.9970513825009
2026-02-19,MGEE.OQ,21.7296921807841
2026-02-19,RSI.N,59.5234297744745
2026-02-19,ADAM.OQ,43.857792826156
2026-02-20,BFST.OQ,11.1568252496571
2026-02-20,NWSA.OQ,30.4603178691945
2026-02-20,HCC.N,78.5769085010214
2026-02-20,TRUP.OQ,65.0664994850208
2026-02-20,HPK.OQ,14.8052963852729
2026-02-20,TRNO.N,16.9216385324306
2026-02-20,NATL.N,26.6264154756567
2026-02-20,NVEC.OQ,29.3875039571248
2026-02-20,TGLS.N,13.3360737412552
2026-02-20,BRX.N,23.6702446031683
2026-02-20,STNE.OQ,10.9561196752409
2026-02-20,OLN.N,52.4919666156268
2026-02-20,RBA.N,49.3215531711004
2026-02-20,WWW.N,17.3067759458687
2026-02-20,BJ.N,22.2034792748323
2026-02-20,ENSG.OQ,36.0511466229434
2026-02-20,HQI.OQ,22.3465843303744
2026-02-20,KGEI.OQ,7.95630549591993
2026-02-20,VABK.OQ,11.4007156037625
2026-02-20,DEA.N,79.5136257290671
2026-02-20,AMTM.N,77.4482344703411
2026-02-20,AZO.N,26.127321518796
2026-02-20,VTS.N,47.9755377477858
2026-02-20,MGNI.OQ,34.2251077405272
2026-02-20,BBT.N,13.9494704960167
2026-02-20,FIVN.OQ,50.9964365844002
2026-02-20,UNB.OQ,9.95857330504193
2026-02-20,AMKR.OQ,38.633872735478
2026-02-20,CCK.N,14.2074636212201
2026-02-20,LIN.OQ,33.2432358240374
2026-02-20,CMCSA.OQ,5.82996011667361
2026-02-20,PATK.OQ,35.0733760142703
2026-02-20,KALU.OQ,19.0687892309079
2026-02-20,MGEE.OQ,21.9521990187991
2026-02-20,RSI.N,59.0768445564452
2026-02-20,ADAM.OQ,43.0642260078299
2026-02-23,BFST.OQ,10.7743717525255
2026-02-23,NWSA.OQ,29.6231421138044
2026-02-23,HCC.N,80.4625324669322
2026-02-23,TRUP.OQ,60.8123236756079
2026-02-23,HPK.OQ,14.4421476060115
2026-02-23,TRNO.N,16.8831102115462
2026-02-23,NATL.N,25.2622537719703
2026-02-23,NVEC.OQ,29.8066247843088
2026-02-23,TGLS.N,12.8573695726264
2026-02-23,BRX.N,23.7739914608356
2026-02-23,STNE.OQ,10.2859713943608
2026-02-23,RBA.N,46.9031018393868
2026-02-23,WWW.N,16.487181930811
2026-02-23,BJ.N,22.8072479899341
2026-02-23,ENSG.OQ,36.6553079768125
2026-02-23,HQI.OQ,22.1729062138171
2026-02-23,KGEI.OQ,8.17023998983164
2026-02-23,VABK.OQ,11.0012826859895
2026-02-23,DEA.N,77.4046858009029
2026-02-23,AMTM.N,73.8971691507452
2026-02-23,AZO.N,26.6901519725865
2026-02-23,VTS.N,47.1320118093631
2026-02-23,MGNI.OQ,31.6785134605698
2026-02-23,BBT.N,13.3549116426888
2026-02-23,FIVN.OQ,39.1983560554168
2026-02-23,UNB.OQ,9.6190764878246
2026-02-23,AMKR.OQ,31.324242847731
2026-02-23,CCK.N,14.244591139394
2026-02-23,LIN.OQ,33.3557182235548
2026-02-23,CMCSA.OQ,5.88390678016549
2026-02-23,PATK.OQ,33.320347940192
2026-02-23,KALU.OQ,18.5973162992183
2026-02-23,MGEE.OQ,22.1150089002735
2026-02-23,RSI.N,58.5026635618361
2026-02-23,ADAM.OQ,7.17950577442573
2026-02-24,BFST.OQ,10.7202874195978
2026-02-24,NWSA.OQ,29.8549753999124
2026-02-24,HCC.N,83.7069148788672
2026-02-24,TRUP.OQ,57.8791814070127
2026-02-24,HPK.OQ,14.1907369126767
2026-02-24,TRNO.N,16.7906422414236
2026-02-24,NATL.N,25.5717163806769
2026-02-24,NVEC.OQ,30.8009220658198
2026-02-24,TGLS.N,12.9978588395066
2026-02-24,BRX.N,23.7899525158613
2026-02-24,STNE.OQ,10.5083757626837
2026-02-24,RBA.N,46.2176746759265
2026-02-24,WWW.N,16.754026493853
2026-02-24,BJ.N,22.8003346077001
2026-02-24,ENSG.OQ,36.3506600420003
2026-02-24,HQI.OQ,22.9641065225782
2026-02-24,KGEI.OQ,8.09287489146901
2026-02-24,VABK.OQ,11.1784958819029
2026-02-24,DEA.N,85.7048675969674
2026-02-24,AMTM.N,75.4976492947884
2026-02-24,AZO.N,26.3775458319983
2026-02-24,VTS.N,47.8279207085618
2026-02-24,MGNI.OQ,32.741926456596
2026-02-24,BBT.N,13.2402657651413
2026-02-24,FIVN.OQ,39.3972203195086
2026-02-24,UNB.OQ,9.7484086086693
2026-02-24,AMKR.OQ,32.2958467261608
2026-02-24,CCK.N,14.3374099348288
2026-02-24,LIN.OQ,33.7447198552191
2026-02-24,CMCSA.OQ,5.88018632061432
2026-02-24,PATK.OQ,33.1230041365312
2026-02-24,KALU.OQ,18.9875007944097
2026-02-24,MGEE.OQ,22.4026396908783
2026-02-24,RSI.N,60.0338128807937
2026-02-24,ADAM.OQ,7.2701560998604
2026-02-25,BFST.OQ,10.9598037511348
2026-02-25,NWSA.OQ,30.3701604801525
2026-02-25,HCC.N,81.1095602983723
2026-02-25,TRUP.OQ,59.78236532175
2026-02-25,HPK.OQ,13.9113916978602
2026-02-25,TRNO.N,17.02181216673
2026-02-25,NATL.N,25.6222408882208
2026-02-25,NVEC.OQ,31.8242011066573
2026-02-25,TGLS.N,12.7741166737345
2026-02-25,BRX.N,24.0213878137345
2026-02-25,STNE.OQ,10.320569152181
2026-02-25,RBA.N,47.2646230247107
2026-02-25,WWW.N,17.1924139902792
2026-02-25,BJ.N,22.3647915269587
2026-02-25,ENSG.OQ,36.5988283035046
2026-02-25,HQI.OQ,23.6105750675415
2026-02-25,KGEI.OQ,7.86921008001815
2026-02-25,VABK.OQ,11.1503668031865
2026-02-25,DEA.N,85.6682415851738
2026-02-25,AMTM.N,73.8471541462439
2026-02-25,AZO.N,25.5927197131523
2026-02-25,VTS.N,46.6469843947701
2026-02-25,MGNI.OQ,33.4975093748251
2026-02-25,BBT.N,13.229457976785
2026-02-25,FIVN.OQ,39.4414123781956
2026-02-25,UNB.OQ,9.82924118419723
2026-02-25,AMKR.OQ,33.8996586076783
2026-02-25,CCK.N,14.1765240227418
2026-02-25,LIN.OQ,34.0306126206591
2026-02-25,CMCSA.OQ,5.72764747901661
2026-02-25,PATK.OQ,32.9000312674598
2026-02-25,KALU.OQ,19.5269604184433
2026-02-25,MGEE.OQ,21.9465006955824
2026-02-25,RSI.N,60.9269833168522
2026-02-25,ADAM.OQ,7.38800152292547
2026-02-26,BFST.OQ,10.9791195843233
2026-02-26,NWSA.OQ,31.3232528785966
2026-02-26,HCC.N,78.2718810947711
2026-02-26,TRUP.OQ,60.9914468675832
2026-02-26,HPK.OQ,14.2186714341583
2026-02-26,TRNO.N,17.0346549403582
2026-02-26,NATL.N,26.4432641358099
2026-02-26,NVEC.OQ,31.3760985201468
2026-02-26,TGLS.N,11.970205868809
2026-02-26,BRX.N,24.3246478592235
2026-02-26,STNE.OQ,10.2780842506629
2026-02-26,RBA.N,49.779875784435
2026-02-26,WWW.N,19.0412656056419
2026-02-26,BJ.N,22.3256156942995
2026-02-26,ENSG.OQ,36.3951591785459
2026-02-26,HQI.OQ,23.533384793516
2026-02-26,KGEI.OQ,7.67321597452953
2026-02-26,VABK.OQ,11.2488185786939
2026-02-26,DEA.N,86.2908837856646
2026-02-26,AMTM.N,75.5976793037912
2026-02-26,AZO.N,25.5103338807832
2026-02-26,VTS.N,41.8388865457613
2026-02-26,MGNI.OQ,15.1355235678516
2026-02-26,BBT.N,13.4727523394192
2026-02-26,FIVN.OQ,41.3195748723954
2026-02-26,UNB.OQ,9.91411538850157
2026-02-26,AMKR.OQ,32.2891919050756
2026-02-26,CCK.N,14.2767683218114
2026-02-26,LIN.OQ,34.1438891198587
2026-02-26,CMCSA.OQ,5.7388088576701
2026-02-26,PATK.OQ,32.446396809694
2026-02-26,KALU.OQ,19.3702954317377
2026-02-26,MGEE.OQ,22.1604225696995
2026-02-26,RSI.N,63.0004146862739
2026-02-26,ADAM.OQ,7.514911978534
2026-02-27,BFST.OQ,9.80751406462182
2026-02-27,NWSA.OQ,31.2846139975786
2026-02-27,HCC.N,76.9408524129517
2026-02-27,TRUP.OQ,59.4241189377995
2026-02-27,HPK.OQ,14.5538856919381
2026-02-27,TRNO.N,16.9678725174919
2026-02-27,NATL.N,27.9653149255711
2026-02-27,NVEC.OQ,30.6939124929218
2026-02-27,TGLS.N,11.8531314797422
2026-02-27,BRX.N,24.1570567814533
2026-02-27,STNE.OQ,10.288575293046
2026-02-27,RBA.N,49.2517309712789
2026-02-27,WWW.N,16.8397979605451
2026-02-27,BJ.N,22.7657676965302
2026-02-27,ENSG.OQ,36.6553079768125
2026-02-27,HQI.OQ,22.5009648784253
2026-02-27,KGEI.OQ,7.72334242872182
2026-02-27,VABK.OQ,10.8915792789955
2026-02-27,DEA.N,85.2653554554445
2026-02-27,AMTM.N,74.6974092227669
2026-02-27,AZO.N,26.176529977047
2026-02-27,VTS.N,40.7212146773513
2026-02-27,MGNI.OQ,15.2927174327996
2026-02-27,BBT.N,12.8998333564419
2026-02-27,FIVN.OQ,38.535475175111
2026-02-27,UNB.OQ,9.39678690512277
2026-02-27,AMKR.OQ,31.8233544291162
2026-02-27,CCK.N,14.1827119424375
2026-02-27,LIN.OQ,34.7993564502574
2026-02-27,CMCSA.OQ,5.7592713852015
2026-02-27,PATK.OQ,31.7262200716589
2026-02-27,KALU.OQ,19.2343220470497
2026-02-27,MGEE.OQ,22.0702793900401
2026-02-27,RSI.N,63.0004146862739
2026-02-27,ADAM.OQ,7.46958681581667
2026-03-02,BFST.OQ,9.95121390439649
2026-03-02,NWSA.OQ,30.8724659333866
2026-03-02,HCC.N,74.9905256638967
2026-03-02,TRUP.OQ,59.8047557207469
2026-03-02,HPK.OQ,16.062349851947
2026-03-02,TRNO.N,17.0500662687119
2026-03-02,NATL.N,22.539947174194
2026-03-02,NVEC.OQ,31.1531619099425
2026-03-02,TGLS.N,11.7412603968562
2026-03-02,BRX.N,24.4443557719165
2026-03-02,STNE.OQ,10.5131915188255
2026-03-02,RBA.N,48.9469415553982
2026-03-02,WWW.N,15.9837049818994
2026-03-02,BJ.N,22.9823870065285
2026-03-02,ENSG.OQ,36.9394178486037
2026-03-02,HQI.OQ,22.9834040910845
2026-03-02,KGEI.OQ,8.1809934498943
2026-03-02,VABK.OQ,11.3050767361267
2026-03-02,DEA.N,86.3641358092517
2026-03-02,AMTM.N,76.7730319095729
2026-03-02,AZO.N,27.0609579186132
2026-03-02,VTS.N,41.2484183888655
2026-03-02,MGNI.OQ,15.2253486335362
2026-03-02,BBT.N,12.962618998412
2026-03-02,FIVN.OQ,38.6017632631416
2026-03-02,UNB.OQ,9.57057694250783
2026-03-02,AMKR.OQ,31.816699608031
2026-03-02,CCK.N,18.2165623082994
2026-03-02,LIN.OQ,34.8856562241657
2026-03-02,CMCSA.OQ,5.73322816834335
2026-03-02,PATK.OQ,31.733908791282
2026-03-02,KALU.OQ,19.9467043450886
2026-03-02,MGEE.OQ,22.0245350899144
2026-03-02,RSI.N,63.6383935691729
2026-03-02,ADAM.OQ,7.55117210870787
2026-03-03,BFST.OQ,9.90451145646973
2026-03-03,NWSA.OQ,30.6663919012905
2026-03-03,HCC.N,75.7392292974203
2026-03-03,TRUP.OQ,61.4840356455152
2026-03-03,HPK.OQ,15.4757249008324
2026-03-03,TRNO.N,16.7983479056005
2026-03-03,NATL.N,22.5071652024053
2026-03-03,NVEC.OQ,30.4263885606767
2026-03-03,TGLS.N,13.4840878385309
2026-03-03,BRX.N,24.4523362994294
2026-03-03,STNE.OQ,8.46741446186677
2026-03-03,RBA.N,49.0899426078616
2026-03-03,WWW.N,15.8324957527996
2026-03-03,BJ.N,23.102218965251
2026-03-03,ENSG.OQ,36.4773114306301
2026-03-03,HQI.OQ,22.3465843303744
2026-03-03,KGEI.OQ,8.80621788359486
2026-03-03,VABK.OQ,11.1053602772402
2026-03-03,DEA.N,85.3752334908252
2026-03-03,AMTM.N,76.6730019005702
2026-03-03,AZO.N,25.3512079456744
2026-03-03,VTS.N,29.7314578005115
2026-03-03,MGNI.OQ,15.4611394309582
2026-03-03,BBT.N,12.8972172880265
2026-03-03,FIVN.OQ,39.0215878206686
2026-03-03,UNB.OQ,9.77265838132768
2026-03-03,AMKR.OQ,29.6738472186175
2026-03-03,CCK.N,17.7113747221076
2026-03-03,LIN.OQ,34.3610083923106
2026-03-03,CMCSA.OQ,5.76857253407941
2026-03-03,PATK.OQ,31.4801810437181
2026-03-03,KALU.OQ,19.5949471107873
2026-03-03,MGEE.OQ,21.8603937776988
2026-03-03,RSI.N,63.7659893457527
2026-03-03,ADAM.OQ,7.4877168809036
2026-03-04,BFST.OQ,9.90451145646973
2026-03-04,NWSA.OQ,30.9497436954226
2026-03-04,HCC.N,77.7357723201494
2026-03-04,TRUP.OQ,62.7155075903453
2026-03-04,HPK.OQ,14.8890999497179
2026-03-04,TRNO.N,16.6879000523985
2026-03-04,NATL.N,22.1231478185939
2026-03-04,NVEC.OQ,30.8678030488811
2026-03-04,TGLS.N,13.3873751893956
2026-03-04,BRX.N,24.412433661865
2026-03-04,STNE.OQ,8.73628392220842
2026-03-04,RBA.N,50.4920122912656
2026-03-04,WWW.N,15.7791277895879
2026-03-04,BJ.N,23.0399985251451
2026-03-04,ENSG.OQ,36.2924688634407
2026-03-04,HQI.OQ,21.7290621381706
2026-03-04,KGEI.OQ,9.35235356436996
2026-03-04,VABK.OQ,11.1531797110581
2026-03-04,DEA.N,84.8258433139216
2026-03-04,AMTM.N,77.998399519856
2026-03-04,AZO.N,26.0279426805462
2026-03-04,VTS.N,30.2109974424552
2026-03-04,MGNI.OQ,15.5285082302216
2026-03-04,BBT.N,12.8475119881335
2026-03-04,FIVN.OQ,39.5297964955698
2026-03-04,UNB.OQ,9.80499141153885
2026-03-04,AMKR.OQ,30.4591161066635
2026-03-04,CCK.N,17.4619187401061
2026-03-04,LIN.OQ,34.1904636010156
2026-03-04,CMCSA.OQ,5.96947734984225
2026-03-04,PATK.OQ,31.018857866329
2026-03-04,KALU.OQ,19.3259562845568
2026-03-04,MGEE.OQ,21.8254128423086
2026-03-04,RSI.N,65.0100481674056
2026-03-04,ADAM.OQ,7.49678191344707
2026-02-12,XPER.N,30.8944048110371
2026-02-12,MITK.OQ,33.3072894059091
2026-02-12,PANW.OQ,103.347150193288
2026-02-12,BMY.N,17.3042789498332
2026-02-12,TSLA.OQ,387.723228811275
2026-02-12,VNO.N,6.99192414893871
2026-02-12,INVA.OQ,17.3890133052299
2026-02-12,LEG.N,7.12680737702367
2026-02-12,LLY.N,50.7735078157665
2026-02-12,WTW.OQ,13.2701012866343
2026-02-12,OGS.N,19.8182742110686
2026-02-12,MSCI.N,33.2865266119476
2026-02-12,EBMT.OQ,11.9489559164733
2026-02-12,HSIC.OQ,24.7798626886609
2026-02-12,XPEL.OQ,31.9237810839155
2026-02-12,TDUP.OQ,400.355871886121
2026-02-12,BUSE.OQ,23.1264432160101
2026-02-12,MSI.N,36.3867180133674
2026-02-12,VST.N,59.2096187495916
2026-02-12,JKHY.OQ,22.6051555315664
2026-02-12,TGTX.OQ,10.2302342658853
2026-02-12,BXC.N,43.9047119808958
2026-02-12,HAYW.N,26.5834191555098
2026-02-12,CON.N,11.7287223596874
2026-02-12,ACM.N,19.5336069541232
2026-02-12,ISTR.OQ,13.5143813936419
2026-02-12,GLOB.N,22.4645344808723
2026-02-12,AMAT.OQ,37.8718683255142
2026-02-12,MLAB.OQ,136.880660216981
2026-02-12,JLL.N,21.4586456144812
2026-02-12,CASY.OQ,40.8299322740233
2026-02-13,XPER.N,32.1914981427982
2026-02-13,MITK.OQ,38.7765141650028
2026-02-13,PANW.OQ,105.975104261221
2026-02-13,BMY.N,17.5586686169875
2026-02-13,TSLA.OQ,388.067194080079
2026-02-13,VNO.N,7.12056602425138
2026-02-13,INVA.OQ,17.5904902864848
2026-02-13,LEG.N,7.30108738275001
2026-02-13,LLY.N,45.3029153297225
2026-02-13,WTW.OQ,13.4933173518134
2026-02-13,OGS.N,20.0560375572846
2026-02-13,MSCI.N,33.5312898576867
2026-02-13,EBMT.OQ,11.8856781269774
2026-02-13,HSIC.OQ,24.7040349818487
2026-02-13,XPEL.OQ,31.8289814370441
2026-02-13,TDUP.OQ,418.149466192171
2026-02-13,BUSE.OQ,23.2226576166818
2026-02-13,MSI.N,36.2140563178141
2026-02-13,VST.N,62.2554109096717
2026-02-13,JKHY.OQ,22.4931848621397
2026-02-13,TGTX.OQ,10.2590315474219
2026-02-13,BXC.N,43.3280913273924
2026-02-13,HAYW.N,26.8891606591143
2026-02-13,CON.N,11.5568909312282
2026-02-13,ACM.N,19.5181356655196
2026-02-13,ISTR.OQ,13.702463415753
2026-02-13,GLOB.N,22.5192370810693
2026-02-13,AMAT.OQ,40.9303108724634
2026-02-13,MLAB.OQ,140.002472722777
2026-02-13,JLL.N,22.1472279391321
2026-02-13,CASY.OQ,40.9517061878369
2026-02-17,XPER.N,31.6608690525323
2026-02-17,MITK.OQ,39.2105796220737
2026-02-17,PANW.OQ,103.785142537943
2026-02-17,BMY.N,17.4459277417714
2026-02-17,TSLA.OQ,381.736373862358
2026-02-17,VNO.N,6.91330966958096
2026-02-17,INVA.OQ,18.4816384728045
2026-02-17,LEG.N,7.332208812344
2026-02-17,LLY.N,45.1308513724605
2026-02-17,WTW.OQ,13.8572158110129
2026-02-17,OGS.N,19.9861071613387
2026-02-17,MSCI.N,33.2297976305133
2026-02-17,EBMT.OQ,11.9173170217254
2026-02-17,HSIC.OQ,24.3944051790324
2026-02-17,XPEL.OQ,30.9343097696961
2026-02-17,TDUP.OQ,410.142348754448
2026-02-17,BUSE.OQ,23.2139108529844
2026-02-17,MSI.N,35.9003517412565
2026-02-17,VST.N,63.0504388990133
2026-02-17,JKHY.OQ,22.7659339286919
2026-02-17,TGTX.OQ,10.4606125181783
2026-02-17,BXC.N,43.3455646805289
2026-02-17,HAYW.N,26.519052523172
2026-02-17,CON.N,11.6158045638427
2026-02-17,ACM.N,20.1635094186995
2026-02-17,ISTR.OQ,13.8079728427909
2026-02-17,GLOB.N,22.0907333795266
2026-02-17,AMAT.OQ,41.4169861193761
2026-02-17,MLAB.OQ,136.973387321114
2026-02-17,JLL.N,21.969529274706
2026-02-17,CASY.OQ,40.6854026288405
2026-02-18,XPER.N,32.0146217793762
2026-02-18,MITK.OQ,38.8633272564169
2026-02-18,PANW.OQ,96.7074401569155
2026-02-18,BMY.N,17.2666986580945
2026-02-18,TSLA.OQ,382.377822606885
2026-02-18,VNO.N,7.08244991304762
2026-02-18,INVA.OQ,18.3344052941951
2026-02-18,LEG.N,7.31976024050641
2026-02-18,LLY.N,44.4560992970207
2026-02-18,WTW.OQ,14.1582761342166
2026-02-18,OGS.N,19.5781798516543
2026-02-18,MSCI.N,34.7544686820965
2026-02-18,EBMT.OQ,11.7854882936089
2026-02-18,HSIC.OQ,24.6534831773073
2026-02-18,XPEL.OQ,29.7137643162279
2026-02-18,TDUP.OQ,417.259786476868
2026-02-18,BUSE.OQ,23.0127352879435
2026-02-18,MSI.N,35.4172466933577
2026-02-18,VST.N,61.9214265488525
2026-02-18,JKHY.OQ,22.7903377925413
2026-02-18,TGTX.OQ,10.5218067414436
2026-02-18,BXC.N,43.4853515056206
2026-02-18,HAYW.N,26.7282440782698
2026-02-18,CON.N,11.6501708495346
2026-02-18,ACM.N,21.0763154463135
2026-02-18,ISTR.OQ,13.5419055919996
2026-02-18,GLOB.N,22.5465883811677
2026-02-18,AMAT.OQ,42.5898503992582
2026-02-18,MLAB.OQ,144.437919203783
2026-02-18,JLL.N,24.0827646848415
2026-02-18,CASY.OQ,40.4486200186474
2026-02-19,XPER.N,32.1914981427982
2026-02-19,MITK.OQ,38.1977602222415
2026-02-19,PANW.OQ,83.6069658628423
2026-02-19,BMY.N,17.4314737834103
2026-02-19,TSLA.OQ,382.740380592922
2026-02-19,VNO.N,6.99907091978941
2026-02-19,INVA.OQ,18.3189070648678
2026-02-19,LEG.N,7.58118024909592
2026-02-19,LLY.N,44.5719702150756
2026-02-19,WTW.OQ,14.1156024746971
2026-02-19,OGS.N,19.941817910573
2026-02-19,MSCI.N,34.4912207120698
2026-02-19,EBMT.OQ,11.8276734866062
2026-02-19,HSIC.OQ,24.2648661798949
2026-02-19,XPEL.OQ,29.7196892941574
2026-02-19,TDUP.OQ,428.825622775801
2026-02-19,BUSE.OQ,22.9252676509691
2026-02-19,MSI.N,35.5803730731677
2026-02-19,VST.N,62.6220676536147
2026-02-19,JKHY.OQ,23.131991886433
2026-02-19,TGTX.OQ,10.6045989258614
2026-02-19,BXC.N,42.7805929291164
2026-02-19,HAYW.N,26.3420442842431
2026-02-19,CON.N,11.6992655433801
2026-02-19,ACM.N,21.3459579048339
2026-02-19,ISTR.OQ,13.505206660856
2026-02-19,GLOB.N,20.896393275227
2026-02-19,AMAT.OQ,42.6509731198421
2026-02-19,MLAB.OQ,142.212468704602
2026-02-19,JLL.N,24.0268508809488
2026-02-19,CASY.OQ,40.7825757519847
2026-02-20,XPER.N,32.3683745062202
2026-02-20,MITK.OQ,37.7058193708945
2026-02-20,PANW.OQ,82.3389351864669
2026-02-20,BMY.N,17.5355422836098
2026-02-20,TSLA.OQ,382.842640537701
2026-02-20,VNO.N,6.92522095433213
2026-02-20,INVA.OQ,18.1251791982766
2026-02-20,LEG.N,7.41934881520717
2026-02-20,LLY.N,43.9751914265975
2026-02-20,WTW.OQ,14.1531177797692
2026-02-20,OGS.N,19.5765136774637
2026-02-20,MSCI.N,34.6818045935177
2026-02-20,EBMT.OQ,11.8698586796035
2026-02-20,HSIC.OQ,25.1400442960187
2026-02-20,XPEL.OQ,30.3358869988209
2026-02-20,TDUP.OQ,412.811387900356
2026-02-20,BUSE.OQ,23.1176964523126
2026-02-20,MSI.N,36.2924824619535
2026-02-20,VST.N,62.2227385265481
2026-02-20,JKHY.OQ,22.8520652128663
2026-02-20,TGTX.OQ,10.6297965472059
2026-02-20,BXC.N,42.3670569048867
2026-02-20,HAYW.N,26.1811277033986
2026-02-20,CON.N,11.6207140332273
2026-02-20,ACM.N,21.6354920201304
2026-02-20,ISTR.OQ,13.5281434928208
2026-02-20,GLOB.N,20.8872761751942
2026-02-20,AMAT.OQ,38.461617277297
2026-02-20,MLAB.OQ,144.291101288907
2026-02-20,JLL.N,19.1284843234761
2026-02-20,CASY.OQ,41.0353488761129
2026-02-23,XPER.N,31.1302399622664
2026-02-23,MITK.OQ,35.8538067540585
2026-02-23,PANW.OQ,79.8139483374401
2026-02-23,BMY.N,17.70609899227
2026-02-23,TSLA.OQ,371.696306556722
2026-02-23,VNO.N,6.6822307454082
2026-02-23,INVA.OQ,18.1406774276039
2026-02-23,LEG.N,7.07701308967328
2026-02-23,LLY.N,46.111398126376
2026-02-23,WTW.OQ,13.6705771682791
2026-02-23,OGS.N,19.7344626301934
2026-02-23,MSCI.N,34.3172093420522
2026-02-23,EBMT.OQ,11.6114743724953
2026-02-23,HSIC.OQ,25.4559930744028
2026-02-23,XPEL.OQ,29.5715648459209
2026-02-23,TDUP.OQ,399.466192170819
2026-02-23,BUSE.OQ,22.1992862640823
2026-02-23,MSI.N,36.47050980915
2026-02-23,VST.N,60.9158432016031
2026-02-23,JKHY.OQ,22.3481972004462
2026-02-23,TGTX.OQ,11.004161207182
2026-02-23,BXC.N,39.0878909662764
2026-02-23,HAYW.N,25.3443614830072
2026-02-23,CON.N,11.4832488904599
2026-02-23,ACM.N,20.6165971563771
2026-02-23,ISTR.OQ,13.1978531125281
2026-02-23,GLOB.N,18.9453338682032
2026-02-23,AMAT.OQ,38.2741145877093
2026-02-23,MLAB.OQ,145.009736345934
2026-02-23,JLL.N,18.5412276709974
2026-02-23,CASY.OQ,41.313952830444
2026-02-24,XPER.N,31.7787866281469
2026-02-24,MITK.OQ,37.2717539138235
2026-02-24,PANW.OQ,78.4462471275506
2026-02-24,BMY.N,17.8072767007973
2026-02-24,TSLA.OQ,380.574329035317
2026-02-24,VNO.N,6.64649689115468
2026-02-24,INVA.OQ,18.1484265422675
2026-02-24,LEG.N,7.18905023621165
2026-02-24,LLY.N,45.3965703950676
2026-02-24,WTW.OQ,13.6588536354441
2026-02-24,OGS.N,19.5467551791233
2026-02-24,MSCI.N,34.9750105649761
2026-02-24,EBMT.OQ,11.6747521619911
2026-02-24,HSIC.OQ,26.3343306783104
2026-02-24,XPEL.OQ,29.9033636099706
2026-02-24,TDUP.OQ,412.811387900356
2026-02-24,BUSE.OQ,22.2867539010566
2026-02-24,MSI.N,36.9269499680413
2026-02-24,VST.N,62.3026043519614
2026-02-24,JKHY.OQ,22.4199732705915
2026-02-24,TGTX.OQ,10.9825632460296
2026-02-24,BXC.N,40.8759974372416
2026-02-24,HAYW.N,25.2156282183316
2026-02-24,CON.N,11.493067829229
2026-02-24,ACM.N,21.0718950781411
2026-02-24,ISTR.OQ,13.0739942199183
2026-02-24,GLOB.N,19.2963422194668
2026-02-24,AMAT.OQ,38.7228915168865
2026-02-24,MLAB.OQ,147.188823293049
2026-02-24,JLL.N,18.9439005416285
2026-02-24,CASY.OQ,41.9123670634774
2026-02-25,XPER.N,32.7810860208714
2026-02-25,MITK.OQ,42.5673524900888
2026-02-25,PANW.OQ,80.2015559677732
2026-02-25,BMY.N,17.7205529506311
2026-02-25,TSLA.OQ,388.030008645613
2026-02-25,VNO.N,6.81801939157157
2026-02-25,INVA.OQ,18.7838539446868
2026-02-25,LEG.N,7.12058309110487
2026-02-25,LLY.N,44.8163445948831
2026-02-25,WTW.OQ,13.9200539470087
2026-02-25,OGS.N,19.6337415588875
2026-02-25,MSCI.N,35.4951324621717
2026-02-25,EBMT.OQ,11.8645855304788
2026-02-25,HSIC.OQ,25.0475508993389
2026-02-25,XPEL.OQ,27.8533212463784
2026-02-25,TDUP.OQ,436.832740213523
2026-02-25,BUSE.OQ,22.6453712126513
2026-02-25,MSI.N,36.9645945172283
2026-02-25,VST.N,63.6603233839877
2026-02-25,JKHY.OQ,22.4716520410961
2026-02-25,TGTX.OQ,10.676592129703
2026-02-25,BXC.N,20598.1595092022
2026-02-25,HAYW.N,24.1213954685891
2026-02-25,CON.N,11.4832488904599
2026-02-25,ACM.N,20.8221442763968
2026-02-25,ISTR.OQ,13.3308867379238
2026-02-25,GLOB.N,20.2992232230772
2026-02-25,AMAT.OQ,40.4667689905388
2026-02-25,MLAB.OQ,146.87973294594
2026-02-25,JLL.N,19.2862638597748
2026-02-25,CASY.OQ,41.5593457173714
2026-02-26,XPER.N,34.0781793526325
2026-02-26,MITK.OQ,42.4516017015366
2026-02-26,PANW.OQ,82.7265428168
2026-02-26,BMY.N,17.6627371171869
2026-02-26,TSLA.OQ,379.83062034601
2026-02-26,VNO.N,6.95142578078472
2026-02-26,INVA.OQ,7.60557009466576
2026-02-26,LEG.N,7.36333024193799
2026-02-26,LLY.N,44.5196976204644
2026-02-26,WTW.OQ,18.8038806906
2026-02-26,OGS.N,19.8100034336729
2026-02-26,MSCI.N,36.5149793194179
2026-02-26,EBMT.OQ,11.92259017085
2026-02-26,HSIC.OQ,24.9130017307916
2026-02-26,XPEL.OQ,26.6979505501342
2026-02-26,TDUP.OQ,451.067615658363
2026-02-26,BUSE.OQ,22.6978517948359
2026-02-26,MSI.N,37.0132187265947
2026-02-26,VST.N,64.1903420435486
2026-02-26,JKHY.OQ,23.1233787580156
2026-02-26,TGTX.OQ,11.1229499935206
2026-02-26,BXC.N,20880.3680981593
2026-02-26,HAYW.N,23.1446171897917
2026-02-26,CON.N,11.6059856250736
2026-02-26,ACM.N,22.0045927625312
2026-02-26,ISTR.OQ,13.3721730354603
2026-02-26,GLOB.N,21.3659239269173
2026-02-26,AMAT.OQ,38.4964538425756
2026-02-26,MLAB.OQ,147.683367848422
2026-02-26,JLL.N,19.6603049226606
2026-02-26,CASY.OQ,41.9658737831834
2026-02-27,MITK.OQ,42.191162427294
2026-02-27,PANW.OQ,82.4607547274288
2026-02-27,BMY.N,18.0298676595572
2026-02-27,TSLA.OQ,374.187730665898
2026-02-27,VNO.N,6.57026466874717
2026-02-27,INVA.OQ,7.41817711867145
2026-02-27,LEG.N,6.93986441121073
2026-02-27,LLY.N,45.8252056708796
2026-02-27,WTW.OQ,18.6135790014285
2026-02-27,OGS.N,20.0160238067987
2026-02-27,MSCI.N,36.4486892736969
2026-02-27,EBMT.OQ,11.4427336005062
2026-02-27,HSIC.OQ,25.1943318104814
2026-02-27,XPEL.OQ,25.2522559353466
2026-02-27,TDUP.OQ,434.163701067616
2026-02-27,BUSE.OQ,19.746934008176
2026-02-27,MSI.N,37.821792272672
2026-02-27,VST.N,63.1266744596351
2026-02-27,JKHY.OQ,23.3214807116167
2026-02-27,TGTX.OQ,10.8313775179623
2026-02-27,BXC.N,20220.8588957053
2026-02-27,HAYW.N,23.4672924611323
2026-02-27,CON.N,18.6690145783499
2026-02-27,ACM.N,21.6553836769065
2026-02-27,ISTR.OQ,12.9501353273086
2026-02-27,GLOB.N,22.68334488166
2026-02-27,AMAT.OQ,38.1460389800673
2026-02-27,MLAB.OQ,149.24427410132
2026-02-27,JLL.N,19.2229083702958
2026-02-27,CASY.OQ,42.1651401876056
2026-03-02,MITK.OQ,42.6831032786411
2026-03-02,PANW.OQ,83.1418367064426
2026-03-02,BMY.N,18.0211952845406
2026-03-02,TSLA.OQ,374.940735713821
2026-03-02,VNO.N,6.52261952974248
2026-03-02,INVA.OQ,7.37617524474169
2026-03-02,LEG.N,6.83291444596947
2026-03-02,LLY.N,44.3432776136515
2026-03-02,WTW.OQ,18.5495351637265
2026-03-02,OGS.N,20.0
2026-03-02,MSCI.N,36.5793571522816
2026-03-02,EBMT.OQ,11.5271039865007
2026-03-02,HSIC.OQ,24.8824223743035
2026-03-02,XPEL.OQ,23.2270337164875
2026-03-02,TDUP.OQ,445.729537366548
2026-03-02,BUSE.OQ,19.9961066770489
2026-03-02,MSI.N,38.1237329276088
2026-03-02,VST.N,76.6237363246088
2026-03-02,JKHY.OQ,23.5712614357224
2026-03-02,TGTX.OQ,10.586926226409
2026-03-02,BXC.N,19901.8404907973
2026-03-02,HAYW.N,23.4379583455559
2026-03-02,CON.N,18.4820127628739
2026-03-02,ACM.N,21.5006707908702
2026-03-02,ISTR.OQ,12.9914216248452
2026-03-02,GLOB.N,21.1436767328006
2026-03-02,AMAT.OQ,38.1337437217337
2026-03-02,MLAB.OQ,144.097919821964
2026-03-02,JLL.N,19.1065535771179
2026-03-02,CASY.OQ,42.252472994482
2026-03-03,MITK.OQ,42.9724802500217
2026-03-03,PANW.OQ,86.4309643124117
2026-03-03,BMY.N,17.6974266172534
2026-03-03,TSLA.OQ,364.817001180637
2026-03-03,VNO.N,6.55597112704576
2026-03-03,INVA.OQ,7.20493683564344
2026-03-03,LEG.N,6.70219782178571
2026-03-03,LLY.N,43.8972181396358
2026-03-03,WTW.OQ,18.4854913260246
2026-03-03,OGS.N,19.9748197321735
2026-03-03,MSCI.N,36.0509489993709
2026-03-03,EBMT.OQ,11.4638261970049
2026-03-03,HSIC.OQ,24.5277018390425
2026-03-03,XPEL.OQ,23.3243084039926
2026-03-03,BUSE.OQ,20.0895464278762
2026-03-03,MSI.N,37.6618029386276
2026-03-03,VST.N,74.6434011909707
2026-03-03,JKHY.OQ,24.2244236740448
2026-03-03,TGTX.OQ,10.3996744700235
2026-03-03,BXC.N,19472.3926380366
2026-03-03,HAYW.N,22.8512760340276
2026-03-03,CON.N,18.2950109473979
2026-03-03,ACM.N,21.2553403572984
2026-03-03,ISTR.OQ,12.8859121978072
2026-03-03,GLOB.N,21.7278525435625
2026-03-03,AMAT.OQ,35.9964179814055
2026-03-03,MLAB.OQ,141.192470559144
2026-03-03,JLL.N,18.8720164285658
2026-03-03,CASY.OQ,41.7118706195217
2026-03-04,MITK.OQ,43.9563619527158
2026-03-04,PANW.OQ,87.7986655223013
2026-03-04,BMY.N,18.0183044928684
2026-03-04,TSLA.OQ,377.376381671299
2026-03-04,VNO.N,6.7989613359697
2026-03-04,INVA.OQ,7.34386611094957
2026-03-04,LEG.N,6.67248949810758
2026-03-04,LLY.N,43.7160064783169
2026-03-04,WTW.OQ,18.5721029922501
2026-03-04,OGS.N,20.0755408034794
2026-03-04,MSCI.N,36.483109105129
2026-03-04,EBMT.OQ,11.6009280742459
2026-03-04,HSIC.OQ,24.6408454580482
2026-03-04,XPEL.OQ,23.7890652442946
2026-03-04,BUSE.OQ,19.9805333852443
2026-03-04,MSI.N,37.5041663889074
2026-03-04,VST.N,75.409684715875
2026-03-04,JKHY.OQ,24.1784869891518
2026-03-04,TGTX.OQ,10.5113053247918
2026-03-04,BXC.N,19613.4969325151
2026-03-04,HAYW.N,22.7339395717219
2026-03-04,CON.N,18.3573448858899
2026-03-04,ACM.N,21.0895765508309
2026-03-04,ISTR.OQ,12.9455479609156
2026-03-04,GLOB.N,22.6695090743429
2026-03-04,AMAT.OQ,36.6562635119766
2026-03-04,MLAB.OQ,143.464284610392
2026-03-04,JLL.N,18.9439005416285
2026-03-04,CASY.OQ,42.0605868272606
2026-02-12,SYK.N,43.5622320151744
2026-02-12,ADI.OQ,68.0029470132759
2026-02-12,NTRS.OQ,16.8114739096324
2026-02-12,FCBC.OQ,15.0391258743897
2026-02-12,ALL.N,6.68951126992871
2026-02-12,CERT.OQ,98.7416728349371
2026-02-12,MAT.OQ,11.8844991639611
2026-02-12,IESC.OQ,29.2825137018927
2026-02-12,TGNA.N,9.85466852478599
2026-02-12,EBF.N,12.31125755875
2026-02-12,WFC.N,14.2124204267514
2026-02-12,EXLS.OQ,20.108636757694
2026-02-12,FELE.OQ,35.8827295175135
2026-02-12,EA.OQ,75.1540872486241
2026-02-12,FRD.OQ,9.17889394327983
2026-02-12,PEN.N,81.7344932012596
2026-02-12,FBNC.OQ,25.2059800524581
2026-02-12,STZ.N,25.600635758582
2026-02-12,ZUMZ.OQ,48.2346092856139
2026-02-12,STKL.OQ,230.088022326733
2026-02-12,UPS.N,18.2552456580593
2026-02-12,LENb.N,15.1253603586124
2026-02-12,ANIP.OQ,47.0353040737356
2026-02-12,RPC.N,65.9630606860158
2026-02-12,DOX.OQ,13.5441836125884
2026-02-12,TTI.N,11.5436651682451
2026-02-12,RRR.OQ,19.4918421760598
2026-02-12,NRG.N,24.2005444374645
2026-02-12,CNO.N,14.3052041802986
2026-02-12,WMB.N,36.8007698516173
2026-02-12,PRVA.OQ,151.280607936955
2026-02-12,UBSI.OQ,14.3904194751652
2026-02-12,FSLR.OQ,16.9250140114087
2026-02-12,ESAB.N,30.076454522586
2026-02-12,PPL.N,24.8886773853632
2026-02-12,ASB.N,29.6969958191457
2026-02-12,RJF.N,15.4073989969187
2026-02-12,NBR.N,6.62036830721494
2026-02-12,BDX.N,29.0666501016785
2026-02-12,ARI.N,13.1439738116279
2026-02-13,SYK.N,43.5860462734853
2026-02-13,ADI.OQ,69.1809314285832
2026-02-13,NTRS.OQ,17.064444566202
2026-02-13,FCBC.OQ,15.0428988613125
2026-02-13,ALL.N,6.72027732195443
2026-02-13,CERT.OQ,98.0014803849001
2026-02-13,MAT.OQ,12.3493817811003
2026-02-13,IESC.OQ,30.6222674519621
2026-02-13,TGNA.N,9.93051012959434
2026-02-13,EBF.N,12.5285150450809
2026-02-13,WFC.N,14.3260670844691
2026-02-13,EXLS.OQ,20.3456870394452
2026-02-13,FELE.OQ,35.5822369710351
2026-02-13,EA.OQ,75.2140725522247
2026-02-13,FRD.OQ,8.70195141485451
2026-02-13,PEN.N,81.8744495252343
2026-02-13,FBNC.OQ,25.6522526239564
2026-02-13,STZ.N,23.5413582086493
2026-02-13,ZUMZ.OQ,49.8805676549108
2026-02-13,STKL.OQ,229.656586501033
2026-02-13,UPS.N,18.4361437474972
2026-02-13,LENb.N,15.3068696900697
2026-02-13,ANIP.OQ,47.4400407189594
2026-02-13,RPC.N,67.5151327021574
2026-02-13,DOX.OQ,13.7225791233645
2026-02-13,TTI.N,11.9364552873914
2026-02-13,RRR.OQ,19.3380170405103
2026-02-13,NRG.N,25.7785156600556
2026-02-13,CNO.N,14.2588447223068
2026-02-13,WMB.N,37.395749260156
2026-02-13,PRVA.OQ,157.54292147481
2026-02-13,UBSI.OQ,14.43622799555
2026-02-13,FSLR.OQ,17.3242431919908
2026-02-13,ESAB.N,30.2808423473605
2026-02-13,PPL.N,25.7112750263435
2026-02-13,ASB.N,10.0613434874025
2026-02-13,RJF.N,15.5317074698625
2026-02-13,NBR.N,7.05771887478612
2026-02-13,BDX.N,28.7527871682371
2026-02-13,ARI.N,13.2186554810122
2026-02-17,SYK.N,43.9587394160506
2026-02-17,ADI.OQ,69.2650731725337
2026-02-17,NTRS.OQ,17.16353445472
2026-02-17,FCBC.OQ,15.1032666520778
2026-02-17,ALL.N,6.87605070115832
2026-02-17,CERT.OQ,96.3730569948187
2026-02-17,MAT.OQ,12.6268117300382
2026-02-17,IESC.OQ,29.59927947606
2026-02-17,TGNA.N,9.89732942749069
2026-02-17,EBF.N,12.4198863019155
2026-02-17,WFC.N,14.395243310906
2026-02-17,EXLS.OQ,20.4608257477243
2026-02-17,FELE.OQ,30.3693445343019
2026-02-17,EA.OQ,74.8054226714455
2026-02-17,FRD.OQ,8.49497635534918
2026-02-17,PEN.N,82.2919054570901
2026-02-17,FBNC.OQ,25.706984165744
2026-02-17,STZ.N,24.0774641557987
2026-02-17,ZUMZ.OQ,52.3695778718963
2026-02-17,STKL.OQ,228.829173124603
2026-02-17,UPS.N,17.8594344538192
2026-02-17,LENb.N,15.2017194566737
2026-02-17,ANIP.OQ,48.3844262244817
2026-02-17,RPC.N,66.2734750892441
2026-02-17,DOX.OQ,13.562023163666
2026-02-17,TTI.N,11.8164360843189
2026-02-17,RRR.OQ,19.8340246204454
2026-02-17,NRG.N,25.9430434652547
2026-02-17,CNO.N,14.2787130614461
2026-02-17,WMB.N,37.2301897725627
2026-02-17,PRVA.OQ,155.36166619758
2026-02-17,UBSI.OQ,14.4689483672535
2026-02-17,FSLR.OQ,17.3549531289587
2026-02-17,ESAB.N,29.9686455600676
2026-02-17,PPL.N,25.5413168360583
2026-02-17,ASB.N,10.198625732473
2026-02-17,RJF.N,15.4680850230803
2026-02-17,NBR.N,4.34401506360167
2026-02-17,BDX.N,28.9963578822099
2026-02-17,ARI.N,13.2933371503964
2026-02-18,SYK.N,44.9279797293033
2026-02-18,ADI.OQ,71.0833557369278
2026-02-18,NTRS.OQ,17.1973415931556
2026-02-18,FCBC.OQ,14.8052006851744
2026-02-18,ALL.N,6.7824571323643
2026-02-18,CERT.OQ,96.6691339748335
2026-02-18,MAT.OQ,12.9567284260724
2026-02-18,IESC.OQ,28.9870232409157
2026-02-18,TGNA.N,9.93051012959434
2026-02-18,EBF.N,12.4983403942016
2026-02-18,WFC.N,14.5863014601125
2026-02-18,EXLS.OQ,20.9281534460338
2026-02-18,FELE.OQ,29.6834376347317
2026-02-18,EA.OQ,75.0678583746982
2026-02-18,FRD.OQ,8.35999262088918
2026-02-18,PEN.N,82.3618836190775
2026-02-18,FBNC.OQ,25.6943538099468
2026-02-18,STZ.N,24.6435289647006
2026-02-18,ZUMZ.OQ,52.8914671109416
2026-02-18,STKL.OQ,228.609545074834
2026-02-18,UPS.N,17.7096694001864
2026-02-18,LENb.N,15.1791872638032
2026-02-18,ANIP.OQ,47.7159975225211
2026-02-18,RPC.N,69.9984479279839
2026-02-18,DOX.OQ,13.6618687484752
2026-02-18,TTI.N,12.1655828568935
2026-02-18,RRR.OQ,20.58745385579
2026-02-18,NRG.N,25.5855694157767
2026-02-18,CNO.N,14.2522219425937
2026-02-18,WMB.N,37.3233169843339
2026-02-18,PRVA.OQ,153.250773993808
2026-02-18,UBSI.OQ,14.3675152149728
2026-02-18,FSLR.OQ,18.3161741560525
2026-02-18,ESAB.N,29.8428684371294
2026-02-18,PPL.N,25.0246439375914
2026-02-18,ASB.N,10.24197802039
2026-02-18,RJF.N,15.7744515745087
2026-02-18,NBR.N,4.54880175621201
2026-02-18,BDX.N,29.8627503547305
2026-02-18,ARI.N,13.1315268667306
2026-02-19,SYK.N,44.3731075106599
2026-02-19,ADI.OQ,59.7626110705348
2026-02-19,NTRS.OQ,16.9059007445731
2026-02-19,FCBC.OQ,14.9146173059364
2026-02-19,ALL.N,6.58134430806987
2026-02-19,CERT.OQ,98.4455958549223
2026-02-19,MAT.OQ,13.0617019202651
2026-02-19,IESC.OQ,29.9591868575299
2026-02-19,TGNA.N,9.89258932719016
2026-02-19,EBF.N,12.3655719303328
2026-02-19,WFC.N,14.4232432120828
2026-02-19,EXLS.OQ,20.5962830515821
2026-02-19,FELE.OQ,30.9344011706144
2026-02-19,EA.OQ,74.9366405230718
2026-02-19,FRD.OQ,8.20701105516785
2026-02-19,PEN.N,82.2074490546915
2026-02-19,FBNC.OQ,25.7617157075315
2026-02-19,STZ.N,24.3833599021134
2026-02-19,ZUMZ.OQ,52.2692145566952
2026-02-19,STKL.OQ,228.615669155973
2026-02-19,UPS.N,17.6212125602612
2026-02-19,LENb.N,14.5357679784993
2026-02-19,ANIP.OQ,47.8938363514831
2026-02-19,RPC.N,67.0495110973149
2026-02-19,DOX.OQ,13.5185895127344
2026-02-19,TTI.N,12.26378038668
2026-02-19,RRR.OQ,20.7444182798201
2026-02-19,NRG.N,26.1763738071734
2026-02-19,CNO.N,14.0998980091924
2026-02-19,WMB.N,37.3388381862958
2026-02-19,PRVA.OQ,153.602589361103
2026-02-19,UBSI.OQ,14.4198678096983
2026-02-19,FSLR.OQ,17.9115707365011
2026-02-19,ESAB.N,29.3330218852194
2026-02-19,PPL.N,25.1334171793739
2026-02-19,ASB.N,10.2383653297303
2026-02-19,RJF.N,15.4680850230803
2026-02-19,NBR.N,4.62793761677825
2026-02-19,BDX.N,29.8284215963853
2026-02-19,ARI.N,13.1190799218332
2026-02-20,SYK.N,45.2744771877266
2026-02-20,ADI.OQ,61.4466255672516
2026-02-20,NTRS.OQ,16.8755908963205
2026-02-20,FCBC.OQ,15.2805970374507
2026-02-20,ALL.N,6.68335805952357
2026-02-20,CERT.OQ,95.6328645447816
2026-02-20,MAT.OQ,13.0542038135371
2026-02-20,IESC.OQ,30.7115055711772
2026-02-20,TGNA.N,9.87362892598808
2026-02-20,EBF.N,12.3474671398052
2026-02-20,WFC.N,14.6093602022581
2026-02-20,EXLS.OQ,20.3660056350238
2026-02-20,FELE.OQ,31.3034844070498
2026-02-20,EA.OQ,75.1315927597738
2026-02-20,FRD.OQ,8.12152135667652
2026-02-20,PEN.N,81.8889277656455
2026-02-20,FBNC.OQ,26.1995680418317
2026-02-20,STZ.N,24.6624503510706
2026-02-20,ZUMZ.OQ,53.7345189586302
2026-02-20,STKL.OQ,229.67755988052
2026-02-20,UPS.N,17.8027015939008
2026-02-20,LENb.N,14.5783287872548
2026-02-20,ANIP.OQ,47.6914680288712
2026-02-20,RPC.N,66.0406642868229
2026-02-20,DOX.OQ,13.5863567188281
2026-02-20,TTI.N,12.1219395103216
2026-02-20,RRR.OQ,20.4065369768873
2026-02-20,NRG.N,26.8000837596099
2026-02-20,CNO.N,14.3118269600117
2026-02-20,WMB.N,37.7579106392666
2026-02-20,PRVA.OQ,154.728398536448
2026-02-20,UBSI.OQ,14.4885805902755
2026-02-20,FSLR.OQ,18.5702988844615
2026-02-20,ESAB.N,28.8905559348834
2026-02-20,PPL.N,25.45293857711
2026-02-20,ASB.N,10.3178445242448
2026-02-20,RJF.N,15.4905975811724
2026-02-20,NBR.N,4.72338392188868
2026-02-20,BDX.N,30.3057548076609
2026-02-20,ARI.N,13.2311024259096
2026-02-23,SYK.N,45.8102979997214
2026-02-23,ADI.OQ,61.4673945024628
2026-02-23,NTRS.OQ,16.364986529604
2026-02-23,FCBC.OQ,14.8429305544027
2026-02-23,ALL.N,5.40114986645149
2026-02-23,CERT.OQ,96.0769800148038
2026-02-23,MAT.OQ,12.9192378924322
2026-02-23,IESC.OQ,29.8876781659735
2026-02-23,TGNA.N,9.86888882568755
2026-02-23,EBF.N,12.5405849054326
2026-02-23,WFC.N,14.0246563835657
2026-02-23,EXLS.OQ,19.3094386649328
2026-02-23,FELE.OQ,29.6978496164703
2026-02-23,EA.OQ,75.1615854115741
2026-02-23,FRD.OQ,8.29250075365918
2026-02-23,PEN.N,81.8503191245491
2026-02-23,FBNC.OQ,24.8060187855492
2026-02-23,STZ.N,25.1370617925175
2026-02-23,ZUMZ.OQ,50.4626748830767
2026-02-23,STKL.OQ,229.670194644446
2026-02-23,UPS.N,17.5419064279145
2026-02-23,LENb.N,14.5457822864418
2026-02-23,ANIP.OQ,46.0541243277386
2026-02-23,RPC.N,62.3932950488902
2026-02-23,DOX.OQ,13.044219070079
2026-02-23,TTI.N,12.0128311438921
2026-02-23,RRR.OQ,19.3795223154255
2026-02-23,NRG.N,26.4022256124922
2026-02-23,CNO.N,13.6661059379843
2026-02-23,WMB.N,37.7579106392666
2026-02-23,PRVA.OQ,152.33605403884
2026-02-23,UBSI.OQ,13.919246122636
2026-02-23,FSLR.OQ,18.5910280919148
2026-02-23,ESAB.N,29.8891918830069
2026-02-23,PPL.N,23.4476769431177
2026-02-23,ASB.N,9.82290590385908
2026-02-23,RJF.N,14.9884696550293
2026-02-23,NBR.N,4.68653439902959
2026-02-23,BDX.N,30.1341110159351
2026-02-23,ARI.N,13.0070574177568
2026-02-24,SYK.N,45.4054556084364
2026-02-24,ADI.OQ,61.6300844949514
2026-02-24,NTRS.OQ,16.48506015922
2026-02-24,FCBC.OQ,15.0013960051614
2026-02-24,ALL.N,5.49703756780584
2026-02-24,CERT.OQ,99.0377498149519
2026-02-24,MAT.OQ,13.9272440769421
2026-02-24,IESC.OQ,30.3409605331121
2026-02-24,TGNA.N,9.90680962809173
2026-02-24,EBF.N,12.7337026710601
2026-02-24,WFC.N,13.9291273089624
2026-02-24,EXLS.OQ,19.4719874295622
2026-02-24,FELE.OQ,30.8194637438233
2026-02-24,EA.OQ,75.3565376482762
2026-02-24,FRD.OQ,8.24750617550585
2026-02-24,PEN.N,81.9444276872217
2026-02-24,FBNC.OQ,24.8018086669502
2026-02-24,STZ.N,25.2395526353549
2026-02-24,ZUMZ.OQ,50.4024568939561
2026-02-24,STKL.OQ,230.108154485118
2026-02-24,UPS.N,17.5952855554556
2026-02-24,LENb.N,14.5708180562979
2026-02-24,ANIP.OQ,47.0353040737356
2026-02-24,RPC.N,64.5661958714884
2026-02-24,DOX.OQ,13.0229208053068
2026-02-24,TTI.N,12.2201370401082
2026-02-24,RRR.OQ,19.7797272203368
2026-02-24,NRG.N,27.5255018098059
2026-02-24,CNO.N,13.7820045829636
2026-02-24,WMB.N,38.0269448066058
2026-02-24,PRVA.OQ,151.491697157332
2026-02-24,UBSI.OQ,13.938878345658
2026-02-24,FSLR.OQ,18.6724094248797
2026-02-24,ESAB.N,30.5374205858915
2026-02-24,PPL.N,23.9888739954816
2026-02-24,ASB.N,9.84096935715782
2026-02-24,RJF.N,15.218489270319
2026-02-24,NBR.N,4.69801211926439
2026-02-24,BDX.N,29.831691001942
2026-02-24,ARI.N,13.2435493708069
2026-02-25,SYK.N,45.7269480956333
2026-02-25,ADI.OQ,62.4452652019952
2026-02-25,NTRS.OQ,16.6648752364116
2026-02-25,FCBC.OQ,15.3560567759072
2026-02-25,ALL.N,5.48420014330758
2026-02-25,CERT.OQ,97.5573649148779
2026-02-25,MAT.OQ,13.4099464397985
2026-02-25,IESC.OQ,29.8250341882463
2026-02-25,TGNA.N,9.95895073139748
2026-02-25,EBF.N,12.8061218331704
2026-02-25,WFC.N,13.8555073086364
2026-02-25,EXLS.OQ,18.5664883627556
2026-02-25,FELE.OQ,30.722880305079
2026-02-25,EA.OQ,75.72394763283
2026-02-25,FRD.OQ,8.37349099433518
2026-02-25,PEN.N,81.7224280009169
2026-02-25,FBNC.OQ,25.3491240848255
2026-02-25,STZ.N,24.4590454475933
2026-02-25,ZUMZ.OQ,52.6706678174993
2026-02-25,STKL.OQ,229.483375941966
2026-02-25,UPS.N,17.3634676301345
2026-02-25,LENb.N,13.8610539808752
2026-02-25,ANIP.OQ,46.7900091372364
2026-02-25,RPC.N,64.3333850690672
2026-02-25,DOX.OQ,12.8660881283472
2026-02-25,TTI.N,12.1546720202505
2026-02-25,RRR.OQ,19.6964846001153
2026-02-25,NRG.N,46.5389227021423
2026-02-25,CNO.N,18.92013930802
2026-02-25,WMB.N,34.6681289427556
2026-02-25,PRVA.OQ,159.372361384745
2026-02-25,UBSI.OQ,14.0893920554938
2026-02-25,FSLR.OQ,14.7889970762662
2026-02-25,ESAB.N,30.4082622353168
2026-02-25,PPL.N,24.0895618191773
2026-02-25,ASB.N,9.97463891156856
2026-02-25,RJF.N,15.498428036161
2026-02-25,NBR.N,4.70888574896051
2026-02-25,BDX.N,29.5815814768559
2026-02-25,ARI.N,13.2559963157043
2026-02-26,SYK.N,45.9686628174887
2026-02-26,ADI.OQ,61.3289349343875
2026-02-26,NTRS.OQ,16.8764164686564
2026-02-26,FCBC.OQ,15.3673757366757
2026-02-26,ALL.N,5.57406211479539
2026-02-26,CERT.OQ,100.666173205033
2026-02-26,MAT.OQ,13.5929902190954
2026-02-26,IESC.OQ,30.4384723852345
2026-02-26,TGNA.N,9.97791113259957
2026-02-26,EBF.N,12.6974930900049
2026-02-26,WFC.N,13.7820456516288
2026-02-26,EXLS.OQ,20.0689038842622
2026-02-26,FELE.OQ,30.9472031305496
2026-02-26,EA.OQ,75.3827812186014
2026-02-26,FRD.OQ,8.40048774122718
2026-02-26,PEN.N,75.6041098707208
2026-02-26,FBNC.OQ,22.5861053042444
2026-02-26,STZ.N,24.5599595082332
2026-02-26,ZUMZ.OQ,53.905136594472
2026-02-26,STKL.OQ,228.109794966659
2026-02-26,UPS.N,17.7874504146033
2026-02-26,LENb.N,14.0200311194619
2026-02-26,ANIP.OQ,47.3112608772974
2026-02-26,RPC.N,64.3333850690672
2026-02-26,DOX.OQ,13.526334336288
2026-02-26,TTI.N,286.981311371555
2026-02-26,RRR.OQ,20.0166485240443
2026-02-26,NRG.N,45.9685617016531
2026-02-26,CNO.N,19.25544423432
2026-02-26,WMB.N,35.043071529672
2026-02-26,PRVA.OQ,175.27441598649
2026-02-26,UBSI.OQ,14.2595379883515
2026-02-26,FSLR.OQ,14.0837536405905
2026-02-26,ESAB.N,30.4301947854144
2026-02-26,PPL.N,24.2909374665685
2026-02-26,ASB.N,10.1444353725768
2026-02-26,RJF.N,15.6295881572199
2026-02-26,NBR.N,4.69982439088041
2026-02-26,BDX.N,28.8786592821693
2026-02-26,ARI.N,13.3431249299859
2026-02-27,SYK.N,46.1353626256649
2026-02-27,ADI.OQ,61.5781621569231
2026-02-27,NTRS.OQ,16.3618567145474
2026-02-27,FCBC.OQ,14.7636978290233
2026-02-27,ALL.N,5.6201720476871
2026-02-27,MAT.OQ,13.4895306916667
2026-02-27,IESC.OQ,29.2742399689853
2026-02-27,TGNA.N,9.93051012959434
2026-02-27,EBF.N,12.739737601236
2026-02-27,WFC.N,13.0075042679626
2026-02-27,EXLS.OQ,20.2372780375345
2026-02-27,FELE.OQ,31.0375553796975
2026-02-27,EA.OQ,75.1953271448495
2026-02-27,FRD.OQ,8.37349099433518
2026-02-27,PEN.N,76.1458132958342
2026-02-27,FBNC.OQ,21.3138072487211
2026-02-27,STZ.N,24.8910837697078
2026-02-27,ZUMZ.OQ,52.6305224914189
2026-02-27,STKL.OQ,230.021674434134
2026-02-27,UPS.N,17.6852675133105
2026-02-27,LENb.N,14.3154532037649
2026-02-27,ANIP.OQ,45.3182395182408
2026-02-27,RPC.N,62.6261058513115
2026-02-27,DOX.OQ,13.5147171009576
2026-02-27,TTI.N,274.31105479886
2026-02-27,RRR.OQ,19.3859255939041
2026-02-27,NRG.N,45.3652465100244
2026-02-27,CNO.N,18.6921319581361
2026-02-27,WMB.N,35.0196376179898
2026-02-27,PRVA.OQ,167.112299465241
2026-02-27,UBSI.OQ,13.5135135135135
2026-02-27,FSLR.OQ,13.8796412689877
2026-02-27,ESAB.N,30.7469982868241
2026-02-27,PPL.N,24.5300710478456
2026-02-27,ASB.N,9.54111603239861
2026-02-27,RJF.N,14.9835756206614
2026-02-27,NBR.N,4.71915528811796
2026-02-27,BDX.N,28.8492346321592
2026-02-27,ARI.N,13.1937615912174
2026-03-02,SYK.N,46.0829712573809
2026-03-02,ADI.OQ,60.9931704818047
2026-03-02,NTRS.OQ,16.6065584642793
2026-03-02,FCBC.OQ,15.1598614559202
2026-03-02,ALL.N,5.57406211479539
2026-03-02,MAT.OQ,13.0518173063914
2026-03-02,IESC.OQ,29.689108576197
2026-03-02,TGNA.N,9.88784922688964
2026-03-02,EBF.N,12.7216328107084
2026-03-02,WFC.N,13.1879644253941
2026-03-02,EXLS.OQ,20.2113743216464
2026-03-02,FELE.OQ,30.9970526473209
2026-03-02,EA.OQ,75.3790321371264
2026-03-02,FRD.OQ,8.41398611467318
2026-03-02,PEN.N,75.6837071086967
2026-03-02,FBNC.OQ,21.7641782418267
2026-03-02,STZ.N,24.686102084033
2026-03-02,ZUMZ.OQ,51.4261627090066
2026-03-02,STKL.OQ,231.279142478614
2026-03-02,UPS.N,17.4503993521299
2026-03-02,LENb.N,13.8460325189615
2026-03-02,ANIP.OQ,22.5865537639252
2026-03-02,RPC.N,48.7377702621089
2026-03-02,DOX.OQ,13.1797534822663
2026-03-02,TTI.N,282.546721571112
2026-03-02,RRR.OQ,19.3859255939041
2026-03-02,NRG.N,44.5084375404006
2026-03-02,CNO.N,19.0095539550334
2026-03-02,WMB.N,35.7414020978038
2026-03-02,PRVA.OQ,135.497689099312
2026-03-02,UBSI.OQ,12.7752994592482
2026-03-02,FSLR.OQ,14.066861582251
2026-03-02,ESAB.N,29.6430599319116
2026-03-02,PPL.N,24.3727463233212
2026-03-02,ASB.N,9.60253177361435
2026-03-02,RJF.N,15.1147357417203
2026-03-02,NBR.N,4.64545624239979
2026-03-02,BDX.N,28.8590428488292
2026-03-02,ARI.N,13.2808902054991
2026-03-03,SYK.N,45.7936280189038
2026-03-03,ADI.OQ,58.6705112273402
2026-03-03,NTRS.OQ,16.2646620943268
2026-03-03,FCBC.OQ,15.1334505474604
2026-03-03,ALL.N,5.59633111647605
2026-03-03,MAT.OQ,12.844898251534
2026-03-03,IESC.OQ,28.8144568117052
2026-03-03,TGNA.N,15.5609912046571
2026-03-03,EBF.N,12.7880170426428
2026-03-03,WFC.N,13.1799794626759
2026-03-03,EXLS.OQ,20.6776412076312
2026-03-03,FELE.OQ,31.1933351196077
2026-03-03,EA.OQ,75.439017440727
2026-03-03,FRD.OQ,8.33299587399718
2026-03-03,PEN.N,75.210545749618
2026-03-03,FBNC.OQ,21.7754375166543
2026-03-03,STZ.N,24.6009558453681
2026-03-03,ZUMZ.OQ,50.4426022200365
2026-03-03,STKL.OQ,230.739605886301
2026-03-03,UPS.N,17.2689103184904
2026-03-03,LENb.N,13.5706390505435
2026-03-03,ANIP.OQ,22.8507942227427
2026-03-03,RPC.N,48.7377702621089
2026-03-03,DOX.OQ,13.2920534237929
2026-03-03,TTI.N,268.609439341147
2026-03-03,RRR.OQ,19.4323493628738
2026-03-03,NRG.N,41.0812016619052
2026-03-03,CNO.N,18.8620197874614
2026-03-03,WMB.N,35.5633043690185
2026-03-03,PRVA.OQ,133.975876451358
2026-03-03,UBSI.OQ,12.6378978159245
2026-03-03,FSLR.OQ,13.9028678492046
2026-03-03,ESAB.N,28.4172740764569
2026-03-03,PPL.N,24.0706828522343
2026-03-03,ASB.N,9.52305257909986
2026-03-03,RJF.N,15.0501344880644
2026-03-03,NBR.N,4.62733352623958
2026-03-03,BDX.N,28.4781571014758
2026-03-03,ARI.N,13.1315268667306
2026-03-04,SYK.N,45.4721355317069
2026-03-04,ADI.OQ,59.1066588667777
2026-03-04,NTRS.OQ,16.5882630063554
2026-03-04,FCBC.OQ,15.2277752205311
2026-03-04,ALL.N,5.61126444701484
2026-03-04,MAT.OQ,12.6061454959293
2026-03-04,IESC.OQ,28.8262764301443
2026-03-04,TGNA.N,15.57586076147
2026-03-04,EBF.N,12.9569950875668
2026-03-04,WFC.N,13.4035584187857
2026-03-04,EXLS.OQ,20.8719190767916
2026-03-04,FELE.OQ,31.6170560121633
2026-03-04,EA.OQ,75.630220595954
2026-03-04,FRD.OQ,8.68845304140851
2026-03-04,PEN.N,75.0889388582661
2026-03-04,FBNC.OQ,21.8129684327465
2026-03-04,STZ.N,23.847253954964
2026-03-04,ZUMZ.OQ,51.9881972741323
2026-03-04,STKL.OQ,231.348551404364
2026-03-04,UPS.N,16.8525531236703
2026-03-04,LENb.N,13.3353028138954
2026-03-04,ANIP.OQ,22.9799117196649
2026-03-04,RPC.N,48.0734388211137
2026-03-04,DOX.OQ,13.3075430709
2026-03-04,TTI.N,272.410516312955
2026-03-04,RRR.OQ,19.2034321572645
2026-03-04,NRG.N,41.4563724533381
2026-03-04,CNO.N,19.0363783491374
2026-03-04,WMB.N,35.5117497633175
2026-03-04,PRVA.OQ,136.963138315861
2026-03-04,UBSI.OQ,12.6348444460729
2026-03-04,FSLR.OQ,13.8845681193368
2026-03-04,ESAB.N,28.6853385776497
2026-03-04,PPL.N,24.2846444775875
2026-03-04,ASB.N,9.51943988844011
2026-03-04,RJF.N,15.2811329102277
2026-03-04,NBR.N,4.80554023514828
2026-03-04,BDX.N,28.0335179457671
2026-03-04,ARI.N,13.2933371503964
2026-02-12,MDU.N,22.9556661114359
2026-02-12,CART.OQ,18.3284902154314
2026-02-12,CBNA.N,11.5237706140607
2026-02-12,MATX.N,12.0341520410896
2026-02-12,CRMD.OQ,3.58492771694658
2026-02-12,SPFI.OQ,12.2474347766738
2026-02-12,DHIL.OQ,9.9354890439445
2026-02-12,FRBA.OQ,9.94715573515698
2026-02-12,FRPT.OQ,30.2506405257881
2026-02-12,GRDN.N,52.1242806377559
2026-02-12,SGHC.N,19.9747649660227
2026-02-12,KEX.N,22.5266689927027
2026-02-12,TT.N,35.032738815316
2026-02-12,TRU.N,33.2319620045242
2026-02-12,CBNK.OQ,9.25225589699389
2026-02-12,PVH.N,10.22339965917
2026-02-12,ADC.N,43.3726205377117
2026-02-12,BHRB.OQ,9.72552716616596
2026-02-12,LOB.N,26.9659606707297
2026-02-12,BKNG.OQ,27.0319332463141
2026-02-12,RDVT.OQ,52.5893215576074
2026-02-12,EXTR.OQ,211.866946359005
2026-02-12,CHEF.OQ,39.2520118103398
2026-02-12,MBWM.OQ,10.1918601566113
2026-02-12,BY.N,11.581663198107
2026-02-12,VICI.N,11.0575862042724
2026-02-12,RMNI.OQ,6.54917319408181
2026-02-12,IMAX.N,49.3877208678148
2026-02-12,IT.N,13.4712345343423
2026-02-12,EGY.N,17.3345011313043
2026-02-12,IDXX.OQ,48.9284029696338
2026-02-12,HWBK.OQ,10.1440495814815
2026-02-13,MDU.N,22.9446350368989
2026-02-13,CART.OQ,20.0157700006065
2026-02-13,CBNA.N,11.3973139303386
2026-02-13,MATX.N,12.3369075728439
2026-02-13,CRMD.OQ,3.57518606554183
2026-02-13,SPFI.OQ,12.282286381445
2026-02-13,DHIL.OQ,9.9209634751668
2026-02-13,FRBA.OQ,9.95866864688748
2026-02-13,FRPT.OQ,30.1748913891055
2026-02-13,GRDN.N,52.6117173496022
2026-02-13,SGHC.N,20.666731419811
2026-02-13,KEX.N,23.1855063211266
2026-02-13,TT.N,35.3994622404215
2026-02-13,TRU.N,34.6915214146932
2026-02-13,BTDR.OQ,163.742690058479
2026-02-13,CBNK.OQ,9.31968361740925
2026-02-13,PVH.N,10.3074070518206
2026-02-13,ADC.N,44.2221756540159
2026-02-13,BHRB.OQ,9.68861275648416
2026-02-13,LOB.N,27.1805083438931
2026-02-13,BKNG.OQ,26.9116931066068
2026-02-13,RDVT.OQ,53.9490553087891
2026-02-13,EXTR.OQ,216.661672160623
2026-02-13,CHEF.OQ,39.6225322758062
2026-02-13,MBWM.OQ,10.218391588778
2026-02-13,BY.N,11.717079567808
2026-02-13,VICI.N,11.1489083202058
2026-02-13,RMNI.OQ,6.59268929503916
2026-02-13,IMAX.N,50.4361440393648
2026-02-13,IT.N,16.429551228124
2026-02-13,EGY.N,17.9913874899642
2026-02-13,IDXX.OQ,49.891591718955
2026-02-13,HWBK.OQ,10.0421139698387
2026-02-17,MDU.N,22.3599880864395
2026-02-17,CART.OQ,20.2473574221012
2026-02-17,CBNA.N,11.4848608652231
2026-02-17,MATX.N,12.555226260315
2026-02-17,CRMD.OQ,3.51186533141098
2026-02-17,SPFI.OQ,12.2997121838306
2026-02-17,DHIL.OQ,9.92444961167344
2026-02-17,FRBA.OQ,10.01623320554
2026-02-17,FRPT.OQ,31.9438565222235
2026-02-17,GRDN.N,51.3380923928426
2026-02-17,SGHC.N,21.8430743912512
2026-02-17,KEX.N,23.5102852858426
2026-02-17,TT.N,35.791293285918
2026-02-17,TRU.N,35.3438646880485
2026-02-17,BTDR.OQ,153.996101364522
2026-02-17,CBNK.OQ,9.38124805778849
2026-02-17,PVH.N,10.4004152365408
2026-02-17,ADC.N,44.8395190385302
2026-02-17,BHRB.OQ,9.86892544992986
2026-02-17,LOB.N,27.3213052544066
2026-02-17,BIO.N,9.49164711408141
2026-02-17,BKNG.OQ,26.9087683464518
2026-02-17,RDVT.OQ,54.8943940119916
2026-02-17,EXTR.OQ,212.765957446808
2026-02-17,CHEF.OQ,39.6399004226249
2026-02-17,MBWM.OQ,10.2979858852781
2026-02-17,BY.N,11.8204236394218
2026-02-17,VICI.N,11.3619932573838
2026-02-17,RMNI.OQ,6.61444734551784
2026-02-17,IMAX.N,52.9244016998434
2026-02-17,IT.N,16.1933336924945
2026-02-17,EGY.N,17.6994379972265
2026-02-17,IDXX.OQ,49.6394978734536
2026-02-17,HWBK.OQ,10.0537637540265
2026-02-18,MDU.N,22.4592677572722
2026-02-18,CART.OQ,20.0212839868326
2026-02-18,CBNA.N,11.4621635117345
2026-02-18,MATX.N,12.7393137946983
2026-02-18,CRMD.OQ,3.49238202860149
2026-02-18,SPFI.OQ,12.2038702707098
2026-02-18,DHIL.OQ,9.9209634751668
2026-02-18,FRBA.OQ,9.74567977987313
2026-02-18,FRPT.OQ,32.514202963128
2026-02-18,GRDN.N,51.6211201610113
2026-02-18,SGHC.N,21.7277466489531
2026-02-18,KEX.N,20.181762193148
2026-02-18,TT.N,34.9558942801797
2026-02-18,TRU.N,35.5362824881029
2026-02-18,BTDR.OQ,156.107862248213
2026-02-18,CBNK.OQ,9.21414457675913
2026-02-18,PVH.N,10.4019153685524
2026-02-18,ADC.N,43.4349212462407
2026-02-18,BHRB.OQ,9.60626522719399
2026-02-18,LOB.N,26.9324375967979
2026-02-18,BIO.N,9.69729409416983
2026-02-18,BKNG.OQ,27.752659143187
2026-02-18,RDVT.OQ,54.8037450952461
2026-02-18,EXTR.OQ,211.567275996404
2026-02-18,CHEF.OQ,40.1146297690036
2026-02-18,MBWM.OQ,10.2278671002661
2026-02-18,BY.N,11.7455882772187
2026-02-18,VICI.N,11.3087220230893
2026-02-18,RMNI.OQ,6.61444734551784
2026-02-18,IMAX.N,52.8405278461194
2026-02-18,IT.N,16.706174394848
2026-02-18,EGY.N,17.7359316838187
2026-02-18,IDXX.OQ,50.3315668266696
2026-02-18,HWBK.OQ,9.86154231492861
2026-02-19,MDU.N,22.3379259373656
2026-02-19,CART.OQ,19.6104920129909
2026-02-19,CBNA.N,11.4297387210366
2026-02-19,MATX.N,12.5247985686814
2026-02-19,CRMD.OQ,3.44854459728013
2026-02-19,SPFI.OQ,12.2300089742882
2026-02-19,DHIL.OQ,9.94129927145557
2026-02-19,FRBA.OQ,9.71689750054686
2026-02-19,FRPT.OQ,33.2716943299543
2026-02-19,GRDN.N,51.951319223875
2026-02-19,SGHC.N,22.0045332304684
2026-02-19,KEX.N,20.2654580770476
2026-02-19,TT.N,35.2792499973371
2026-02-19,TRU.N,35.7240071710829
2026-02-19,BTDR.OQ,128.979857050032
2026-02-19,CBNK.OQ,9.09687897603678
2026-02-19,PVH.N,10.4514197249358
2026-02-19,ADC.N,43.6841240803566
2026-02-19,BHRB.OQ,9.57077060249996
2026-02-19,LOB.N,26.9391422115842
2026-02-19,BIO.N,9.74136130418878
2026-02-19,BKNG.OQ,24.1228648364723
2026-02-19,RDVT.OQ,54.8166949404954
2026-02-19,EXTR.OQ,210.368594545999
2026-02-19,CHEF.OQ,40.2130492676431
2026-02-19,MBWM.OQ,10.1710140313374
2026-02-19,BY.N,11.7063888017789
2026-02-19,VICI.N,11.3657983455477
2026-02-19,RMNI.OQ,6.4621409921671
2026-02-19,IMAX.N,52.6727801386714
2026-02-19,IT.N,16.2596403691624
2026-02-19,EGY.N,18.7577549084008
2026-02-19,CIM.N,7.78671617161716
2026-02-19,IDXX.OQ,50.0009909349273
2026-02-19,HWBK.OQ,10.0071646172755
2026-02-20,MDU.N,22.3158637882916
2026-02-20,CART.OQ,19.9882000694762
2026-02-20,CBNA.N,11.5432254884795
2026-02-20,MATX.N,12.7606131788418
2026-02-20,CRMD.OQ,3.42419046876826
2026-02-20,SPFI.OQ,12.3316594882042
2026-02-20,DHIL.OQ,9.94827154446886
2026-02-20,FRBA.OQ,9.71689750054686
2026-02-20,FRPT.OQ,33.2004010248413
2026-02-20,GRDN.N,52.7375074687883
2026-02-20,SGHC.N,22.8348929750144
2026-02-20,KEX.N,20.6776208260626
2026-02-20,TT.N,35.5402170820076
2026-02-20,TRU.N,35.7615521076789
2026-02-20,BTDR.OQ,126.380766731644
2026-02-20,CBNK.OQ,9.13205865625348
2026-02-20,PVH.N,10.82645272784
2026-02-20,ADC.N,44.3127948664216
2026-02-20,BHRB.OQ,9.64601920685132
2026-02-20,LOB.N,27.4084652466293
2026-02-20,BIO.N,9.71986510417954
2026-02-20,BKNG.OQ,24.5402573049401
2026-02-20,RDVT.OQ,55.1792906074772
2026-02-20,EXTR.OQ,210.5184297273
2026-02-20,CHEF.OQ,40.5372546749262
2026-02-20,MBWM.OQ,10.2562936347304
2026-02-20,BY.N,11.8061692847165
2026-02-20,VICI.N,11.4495102851533
2026-02-20,RMNI.OQ,9.11098139735553
2026-02-20,IMAX.N,52.8545068217401
2026-02-20,IT.N,15.9270709439999
2026-02-20,EGY.N,18.7942485949931
2026-02-20,CIM.N,7.75806747341401
2026-02-20,IDXX.OQ,50.3918156702485
2026-02-20,HWBK.OQ,10.1935611642794
2026-02-23,MDU.N,21.5397487744441
2026-02-23,CART.OQ,19.9385741934417
2026-02-23,CBNA.N,11.4459511163855
2026-02-23,MATX.N,12.5042598768287
2026-02-23,CRMD.OQ,3.41444881736352
2026-02-23,SPFI.OQ,12.0833418042095
2026-02-23,DHIL.OQ,9.94769052171776
2026-02-23,FRBA.OQ,9.42619647935159
2026-02-23,FRPT.OQ,35.0139244736549
2026-02-23,GRDN.N,51.9041479291802
2026-02-23,SGHC.N,22.4197131027414
2026-02-23,KEX.N,20.2859872561173
2026-02-23,TT.N,34.9939361292571
2026-02-23,TRU.N,33.4290729216531
2026-02-23,BTDR.OQ,130.279402209227
2026-02-23,CBNK.OQ,8.71283413367106
2026-02-23,PVH.N,10.3689124642969
2026-02-23,ADC.N,44.9244745501606
2026-02-23,BHRB.OQ,9.26693661511901
2026-02-23,LOB.N,25.678674631749
2026-02-23,BIO.N,9.61059275413255
2026-02-23,BKNG.OQ,23.3004800795923
2026-02-23,RDVT.OQ,51.9159296046412
2026-02-23,EXTR.OQ,206.472879832185
2026-02-23,CHEF.OQ,41.1798761072194
2026-02-23,MBWM.OQ,9.91517522115844
2026-02-23,BY.N,11.3571571114976
2026-02-23,VICI.N,11.4989764312839
2026-02-23,RMNI.OQ,8.62878461030886
2026-02-23,IMAX.N,51.4286513084321
2026-02-23,IT.N,15.0194983071077
2026-02-23,EGY.N,18.3928180424787
2026-02-23,CIM.N,7.64920242024202
2026-02-23,IDXX.OQ,47.6404910151806
2026-02-23,HWBK.OQ,10.0071646172755
2026-02-24,MDU.N,21.7757420379091
2026-02-24,CART.OQ,20.0102560143805
2026-02-24,CBNA.N,11.4362236791762
2026-02-24,MATX.N,12.702800564738
2026-02-24,CRMD.OQ,3.44367377157776
2026-02-24,SPFI.OQ,11.9628133377091
2026-02-24,DHIL.OQ,9.97209347726429
2026-02-24,FRBA.OQ,9.3830230603622
2026-02-24,FRPT.OQ,32.5287929481405
2026-02-24,GRDN.N,50.9921695650807
2026-02-24,SGHC.N,24.4264158187275
2026-02-24,KEX.N,20.5765540983348
2026-02-24,TT.N,35.2822933452633
2026-02-24,TRU.N,33.795136053464
2026-02-24,BTDR.OQ,136.127355425601
2026-02-24,CBNK.OQ,8.77146693403224
2026-02-24,PVH.N,10.3584115402155
2026-02-24,ADC.N,44.8904923455084
2026-02-24,BHRB.OQ,9.25273876524139
2026-02-24,LOB.N,25.9066315344852
2026-02-24,BIO.N,9.62671490413949
2026-02-24,BKNG.OQ,24.4907167797671
2026-02-24,RDVT.OQ,52.4857227956126
2026-02-24,EXTR.OQ,205.873539106982
2026-02-24,CHEF.OQ,41.9296011115614
2026-02-24,MBWM.OQ,9.92654583494417
2026-02-24,BY.N,11.3571571114976
2026-02-24,VICI.N,11.5218069602673
2026-02-24,RMNI.OQ,8.50189071898079
2026-02-24,IMAX.N,51.4845672109148
2026-02-24,IT.N,15.2650402191436
2026-02-24,EGY.N,18.9402233413619
2026-02-24,CIM.N,7.61482398239824
2026-02-24,IDXX.OQ,49.6359282682357
2026-02-24,HWBK.OQ,10.0392015237918
2026-02-25,MDU.N,21.8615577700782
2026-02-25,CART.OQ,20.1536196562581
2026-02-25,CBNA.N,11.4589210326647
2026-02-25,MATX.N,12.935572405735
2026-02-25,CRMD.OQ,3.56057358843471
2026-02-25,SPFI.OQ,12.296807883433
2026-02-25,DHIL.OQ,9.98138984128202
2026-02-25,FRBA.OQ,9.5039086335325
2026-02-25,FRPT.OQ,32.0221014026509
2026-02-25,GRDN.N,52.3915846410265
2026-02-25,SGHC.N,24.933857884839
2026-02-25,KEX.N,20.5481290811613
2026-02-25,TT.N,35.0000228251095
2026-02-25,TRU.N,34.8463942781517
2026-02-25,BTDR.OQ,138.888888888889
2026-02-25,CBNK.OQ,8.94150205507965
2026-02-25,PVH.N,10.3029066557857
2026-02-25,ADC.N,45.0604033687692
2026-02-25,BHRB.OQ,9.42311296377277
2026-02-25,LOB.N,26.6709576201299
2026-02-25,BIO.N,9.66075055415412
2026-02-25,BKNG.OQ,25.0591988207549
2026-02-25,RDVT.OQ,55.1663407622279
2026-02-25,EXTR.OQ,209.769253820797
2026-02-25,CHEF.OQ,43.0289723640876
2026-02-25,MBWM.OQ,10.1520630083612
2026-02-25,BY.N,11.5353365453146
2026-02-25,VICI.N,11.5065866076117
2026-02-25,RMNI.OQ,8.93332994949623
2026-02-25,IMAX.N,51.0512189666741
2026-02-25,IT.N,15.4722485837308
2026-02-25,EGY.N,18.6482738486242
2026-02-25,CIM.N,7.67212137880455
2026-02-25,IDXX.OQ,50.2590245752241
2026-02-25,HWBK.OQ,10.2838469917345
2026-02-26,MDU.N,21.925919569205
2026-02-26,CART.OQ,21.1957630529839
2026-02-26,CBNA.N,11.6340149024338
2026-02-26,MATX.N,12.8222292543998
2026-02-26,CRMD.OQ,3.5800568912442
2026-02-26,SPFI.OQ,12.4042669981442
2026-02-26,DHIL.OQ,9.95640586298438
2026-02-26,FRBA.OQ,9.42907470728422
2026-02-26,FRPT.OQ,32.6775833226097
2026-02-26,GRDN.N,51.9984905185698
2026-02-26,SGHC.N,25.46436549941
2026-02-26,KEX.N,20.4754873706069
2026-02-26,TT.N,34.780901774424
2026-02-26,TRU.N,36.7142548738021
2026-02-26,BTDR.OQ,129.304743339831
2026-02-26,CBNK.OQ,8.88286925471847
2026-02-26,PVH.N,10.5189256654586
2026-02-26,ADC.N,45.1850047858272
2026-02-26,BHRB.OQ,9.49410221316084
2026-02-26,LOB.N,26.3893637991029
2026-02-26,BIO.N,9.85994867423977
2026-02-26,BKNG.OQ,25.5844608166951
2026-02-26,RDVT.OQ,56.2670776084226
2026-02-26,EXTR.OQ,210.5184297273
2026-02-26,CHEF.OQ,43.0110734571142
2026-02-26,MBWM.OQ,10.102790348623
2026-02-26,BY.N,11.592353964136
2026-02-26,VICI.N,11.4011378167089
2026-02-26,RMNI.OQ,9.54242062787097
2026-02-26,IMAX.N,66.3637374684228
2026-02-26,IT.N,16.1415316013477
2026-02-26,EGY.N,18.5387927888475
2026-02-26,CIM.N,7.78671617161716
2026-02-26,IDXX.OQ,50.5136148454416
2026-02-26,HWBK.OQ,10.0508513079795
2026-02-27,MDU.N,22.1833667657123
2026-02-27,CART.OQ,23.5182735292458
2026-02-27,CBNA.N,11.1865527908017
2026-02-27,MATX.N,12.6373810277257
2026-02-27,CRMD.OQ,3.472898725792
2026-02-27,SPFI.OQ,11.8960144285644
2026-02-27,DHIL.OQ,9.59744559520971
2026-02-27,FRBA.OQ,9.16427773748259
2026-02-27,FRPT.OQ,33.9603976322224
2026-02-27,GRDN.N,52.6903361740935
2026-02-27,SGHC.N,24.6801368517832
2026-02-27,KEX.N,20.4975957172974
2026-02-27,TT.N,35.1750153308652
2026-02-27,TRU.N,36.864434620186
2026-02-27,BTDR.OQ,125.08122157245
2026-02-27,CBNK.OQ,8.62195329311123
2026-02-27,PVH.N,10.2909055996928
2026-02-27,ADC.N,45.5814638401024
2026-02-27,BHRB.OQ,9.14909446113481
2026-02-27,LOB.N,24.3176378301185
2026-02-27,BIO.N,9.97566988428954
2026-02-27,BKNG.OQ,25.5187880184404
2026-02-27,RDVT.OQ,56.0857797749317
2026-02-27,EXTR.OQ,209.469583458196
2026-02-27,CHEF.OQ,42.5934322944012
2026-02-27,MBWM.OQ,9.79009846951538
2026-02-27,BY.N,11.1183966701827
2026-02-27,VICI.N,11.5657613647675
2026-02-27,RMNI.OQ,9.44090551480852
2026-02-27,IMAX.N,68.0478543397785
2026-02-27,IT.N,16.2865774565588
2026-02-27,EGY.N,18.7942485949931
2026-02-27,CIM.N,7.79817565089842
2026-02-27,IDXX.OQ,50.2093297777343
2026-02-27,HWBK.OQ,9.6081595088451
2026-03-02,MDU.N,22.3657251965717
2026-03-02,CART.OQ,23.7251791614679
2026-03-02,CBNA.N,11.6242874652244
2026-03-02,MATX.N,12.3120903519342
2026-03-02,CRMD.OQ,3.51186533141098
2026-03-02,SPFI.OQ,12.2358175750834
2026-03-02,DHIL.OQ,9.64435229387717
2026-03-02,FRBA.OQ,9.21608584026986
2026-03-02,FRPT.OQ,33.9242053789731
2026-03-02,GRDN.N,52.9261926475675
2026-03-02,SGHC.N,25.4182344024908
2026-03-02,KEX.N,20.9981918530743
2026-03-02,TT.N,35.4679375687606
2026-03-02,TRU.N,33.8158201556279
2026-03-02,BTDR.OQ,126.218323586745
2026-03-02,CBNK.OQ,8.74215053385165
2026-03-02,PVH.N,9.98937906535775
2026-03-02,ADC.N,45.9496043905008
2026-03-02,BHRB.OQ,9.28823338993543
2026-03-02,LOB.N,16.4135865031885
2026-03-02,BIO.N,10.0168709343073
2026-03-02,BKNG.OQ,25.1602061126627
2026-03-02,RDVT.OQ,55.9174317866902
2026-03-02,EXTR.OQ,213.515133353311
2026-03-02,CHEF.OQ,39.2702018996706
2026-03-02,MBWM.OQ,9.61339654437367
2026-03-02,BY.N,11.0109449904019
2026-03-02,VICI.N,11.6231881838577
2026-03-02,RMNI.OQ,9.44090551480852
2026-03-02,IMAX.N,66.7609348437426
2026-03-02,IT.N,16.5010381139066
2026-03-02,EGY.N,19.0132107145464
2026-03-02,CIM.N,7.86120278694536
2026-03-02,IDXX.OQ,48.6779654797001
2026-03-02,HWBK.OQ,9.87027965306943
2026-03-03,MDU.N,22.1404588996278
2026-03-03,CART.OQ,23.4054159116701
2026-03-03,CBNA.N,11.5367405303399
2026-03-03,MATX.N,12.1172423908636
2026-03-03,GRND.N,23.2940982796938
2026-03-03,CRMD.OQ,3.36574056033979
2026-03-03,SPFI.OQ,12.1661143655411
2026-03-03,DHIL.OQ,9.58795257286034
2026-03-03,FRBA.OQ,9.22759875200037
2026-03-03,FRPT.OQ,33.8236713421696
2026-03-03,GRDN.N,53.5236957137017
2026-03-03,SGHC.N,25.4412999509504
2026-03-03,KEX.N,21.1340002684585
2026-03-03,TT.N,33.9203951482947
2026-03-03,TRU.N,34.2130945081139
2026-03-03,BTDR.OQ,122.80701754386
2026-03-03,CBNK.OQ,8.6952442935627
2026-03-03,PVH.N,9.9848786693229
2026-03-03,ADC.N,46.3970367517543
2026-03-03,BHRB.OQ,9.33792586450708
2026-03-03,LOB.N,16.3463177060443
2026-03-03,BIO.N,10.0383671343165
2026-03-03,BKNG.OQ,25.0042407411889
2026-03-03,RDVT.OQ,57.3030652283705
2026-03-03,EXTR.OQ,212.616122265508
2026-03-03,CHEF.OQ,37.2476254116749
2026-03-03,MBWM.OQ,9.60607762808561
2026-03-03,BY.N,11.0248301669345
2026-03-03,VICI.N,11.5619329101615
2026-03-03,RMNI.OQ,9.39014795827729
2026-03-03,IMAX.N,65.442239557681
2026-03-03,IT.N,17.0718971583445
2026-03-03,EGY.N,19.3051602072841
2026-03-03,CIM.N,7.85547304730473
2026-03-03,IDXX.OQ,48.5892793795643
2026-03-03,HWBK.OQ,9.90231655958573
2026-03-04,MDU.N,22.3657251965717
2026-03-04,CART.OQ,22.9477155737242
2026-03-04,CBNA.N,11.6340149024338
2026-03-04,MATX.N,12.0345578317376
2026-03-04,GRND.N,23.1294756770105
2026-03-04,CRMD.OQ,3.46802790008962
2026-03-04,SPFI.OQ,12.1835401679267
2026-03-04,DHIL.OQ,9.58962781209847
2026-03-04,FRBA.OQ,9.31970204584442
2026-03-04,FRPT.OQ,34.3826405867971
2026-03-04,GRDN.N,54.6558067863769
2026-03-04,SGHC.N,26.6868395677694
2026-03-04,KEX.N,21.0850460722153
2026-03-04,TT.N,33.8610498637341
2026-03-04,TRU.N,33.4574095984938
2026-03-04,BTDR.OQ,128.492527615335
2026-03-04,CBNK.OQ,8.89459581479071
2026-03-04,PVH.N,9.9143724647769
2026-03-04,ADC.N,46.3403997440007
2026-03-04,BHRB.OQ,9.26409704514349
2026-03-04,LOB.N,16.3777098113783
2026-03-04,BIO.N,10.1992303643857
2026-03-04,BKNG.OQ,25.604445572901
2026-03-04,RDVT.OQ,58.9217958845392
2026-03-04,EXTR.OQ,216.362001798022
2026-03-04,CHEF.OQ,37.3013221325951
2026-03-04,MBWM.OQ,9.63901275138191
2026-03-04,BY.N,11.0803708730652
2026-03-04,VICI.N,11.4432508173751
2026-03-04,RMNI.OQ,9.36476918001167
2026-03-04,IMAX.N,65.3945758726426
2026-03-04,IT.N,17.291538024807
2026-03-04,EGY.N,19.122691774323
2026-03-04,CIM.N,7.89558122478914
2026-03-04,IDXX.OQ,49.5954078948978
2026-03-04,SWIM.OQ,79.9822261719618
2026-03-04,HWBK.OQ,10.1586118117162
2026-02-09,FRHC.OQ,4170.70672584501
2026-02-12,TDW.N,22.7846650236174
2026-02-12,PRIM.N,32.2910122526068
2026-02-12,TXN.OQ,40.941695720583
2026-02-12,WS.N,18.8927301942835
2026-02-12,AMTB.N,14.1350995380728
2026-02-12,M.N,12.8306854983278
2026-02-12,SXC.N,10.7070600909115
2026-02-12,MPTI.A,26.0115486265652
2026-02-12,SXT.N,29.9516760459995
2026-02-12,DECK.N,16.3923076814393
2026-02-12,MYE.N,29.2182896807781
2026-02-12,MARA.OQ,3.85722418186945
2026-02-12,TRMK.OQ,12.0694149118595
2026-02-12,GTX.OQ,13.1069937900845
2026-02-12,BAC.N,14.3458855279188
2026-02-12,SFST.OQ,18.2307491969789
2026-02-12,KBR.N,12.7109656218242
2026-02-12,MCRI.OQ,21.3039689959067
2026-02-12,CXT.N,20.0220054938886
2026-02-12,SAIC.OQ,10.6433724121746
2026-02-12,BAH.N,11.5866740610453
2026-02-12,PLTR.OQ,302.023155186528
2026-02-12,UVV.N,15.5747508305648
2026-02-12,COIN.OQ,12.2616585264109
2026-02-12,CUBI.N,14.5193834883796
2026-02-12,RF.N,13.1045681169114
2026-02-12,ABEO.OQ,4.51408049356359
2026-02-12,SCL.N,33.6460135798347
2026-02-12,DSP.OQ,173.795343800758
2026-02-12,INDV.OQ,35.1952628177061
2026-02-12,NTST.N,238.667788866178
2026-02-12,KLAC.OQ,42.2132504537448
2026-02-13,TDW.N,23.5769698890436
2026-02-13,PRIM.N,32.8994938539407
2026-02-13,TXN.OQ,41.521856072498
2026-02-13,WS.N,19.0306925711318
2026-02-13,AMTB.N,14.141401410359
2026-02-13,M.N,12.7131345546876
2026-02-13,SXC.N,10.4968601382065
2026-02-13,MPTI.A,25.7109336183609
2026-02-13,SXT.N,28.4530217763641
2026-02-13,DECK.N,16.3513339766676
2026-02-13,MYE.N,29.7025707252109
2026-02-13,MARA.OQ,4.21368489936635
2026-02-13,TRMK.OQ,12.2724466698676
2026-02-13,GTX.OQ,13.5205639824901
2026-02-13,BAC.N,14.3540800550672
2026-02-13,SFST.OQ,18.060223481701
2026-02-13,KBR.N,13.075040602275
2026-02-13,MCRI.OQ,21.1769030395992
2026-02-13,CXT.N,19.7450656048143
2026-02-13,SAIC.OQ,11.0464048486333
2026-02-13,BAH.N,11.7933400041333
2026-02-13,PLTR.OQ,307.355864811133
2026-02-13,UVV.N,15.7873754152824
2026-02-13,COIN.OQ,37.6706204923407
2026-02-13,CUBI.N,14.7341253119834
2026-02-13,RF.N,13.0869662792796
2026-02-13,ABEO.OQ,4.53217300055182
2026-02-13,SCL.N,33.787681005434
2026-02-13,DSP.OQ,172.532033928894
2026-02-13,INDV.OQ,36.0501240591314
2026-02-13,NTST.N,242.876037032584
2026-02-13,KLAC.OQ,42.5996390990395
2026-02-17,TDW.N,23.5668553588467
2026-02-17,PRIM.N,32.0796241638317
2026-02-17,TXN.OQ,41.4355663999031
2026-02-17,WS.N,18.3976887244161
2026-02-17,AMTB.N,14.3241557066605
2026-02-17,M.N,13.0716649327902
2026-02-17,SXC.N,9.03859796631546
2026-02-17,MPTI.A,25.6984079930191
2026-02-17,SXT.N,29.2584523010273
2026-02-17,DECK.N,16.5802215688408
2026-02-17,MYE.N,29.379716695589
2026-02-17,MARA.OQ,3.99555222149511
2026-02-17,TRMK.OQ,12.2971397215173
2026-02-17,GTX.OQ,13.1197190267739
2026-02-17,BAC.N,14.4059787270075
2026-02-17,SFST.OQ,18.2369501320799
2026-02-17,KBR.N,13.0623771246941
2026-02-17,MCRI.OQ,21.2358979478848
2026-02-17,CXT.N,19.9284447205527
2026-02-17,SAIC.OQ,10.8640199169447
2026-02-17,BAH.N,11.3621664538057
2026-02-17,PLTR.OQ,311.121506256578
2026-02-17,UVV.N,15.7607973421927
2026-02-17,COIN.OQ,38.0603481873077
2026-02-17,CUBI.N,14.9833068620142
2026-02-17,RF.N,13.1045681169114
2026-02-17,ABEO.OQ,4.55931176103417
2026-02-17,SCL.N,33.6257753761776
2026-02-17,DSP.OQ,166.035011730735
2026-02-17,INDV.OQ,36.2273513896708
2026-02-17,NTST.N,246.483106889503
2026-02-17,KLAC.OQ,42.7759580139856
2026-02-18,TDW.N,24.0860679089558
2026-02-18,PRIM.N,31.6904330097318
2026-02-18,TXN.OQ,41.0004461359668
2026-02-18,WS.N,17.8458392170229
2026-02-18,AMTB.N,14.1035901766415
2026-02-18,M.N,13.3831749334368
2026-02-18,SXC.N,8.95977298405108
2026-02-18,MPTI.A,26.4916975980026
2026-02-18,SXT.N,29.0146054748363
2026-02-18,DECK.N,16.7978060700424
2026-02-18,MYE.N,30.5769670554367
2026-02-18,MARA.OQ,3.99023191227874
2026-02-18,TRMK.OQ,12.2285479113794
2026-02-18,GTX.OQ,13.1006311717398
2026-02-18,BAC.N,14.5753322880759
2026-02-18,SFST.OQ,18.4973894063225
2026-02-18,KBR.N,13.344139500869
2026-02-18,MCRI.OQ,21.4877608255657
2026-02-18,CXT.N,19.7974596378824
2026-02-18,SAIC.OQ,11.2976624118685
2026-02-18,BAH.N,11.6401990534997
2026-02-18,PLTR.OQ,213.938053097345
2026-02-18,UVV.N,15.6220007382798
2026-02-18,COIN.OQ,37.6087225643165
2026-02-18,CUBI.N,14.9346860717643
2026-02-18,RF.N,13.2277809803344
2026-02-18,ABEO.OQ,4.63168178898709
2026-02-18,SCL.N,33.4486910941785
2026-02-18,DSP.OQ,166.39595740841
2026-02-18,INDV.OQ,35.8207710431392
2026-02-18,NTST.N,239.268967175664
2026-02-18,KLAC.OQ,43.0701138275345
2026-02-19,TDW.N,24.8986018347758
2026-02-19,PRIM.N,32.7473734536072
2026-02-19,TXN.OQ,40.0329002326149
2026-02-19,WS.N,17.6754151044456
2026-02-19,AMTB.N,14.166608899504
2026-02-19,M.N,12.936481347604
2026-02-19,SXC.N,8.44741059933262
2026-02-19,MPTI.A,27.4269442901937
2026-02-19,SXT.N,28.7200891782679
2026-02-19,DECK.N,16.6819493875844
2026-02-19,MYE.N,30.2944697795176
2026-02-19,MARA.OQ,4.23496613623184
2026-02-19,TRMK.OQ,12.1489814116195
2026-02-19,GTX.OQ,12.2639468594116
2026-02-19,BAC.N,14.414173254156
2026-02-19,SFST.OQ,18.4973894063225
2026-02-19,KBR.N,13.6227360076487
2026-02-19,MCRI.OQ,21.8054257163343
2026-02-19,CXT.N,19.700156433613
2026-02-19,SAIC.OQ,11.6088646729315
2026-02-19,BAH.N,11.8855219355827
2026-02-19,PLTR.OQ,213.163716814159
2026-02-19,UVV.N,15.7755629383536
2026-02-19,COIN.OQ,38.0420080604857
2026-02-19,CUBI.N,14.57003014489
2026-02-19,RF.N,13.0781653604636
2026-02-19,ABEO.OQ,4.78546809838705
2026-02-19,SCL.N,33.5397630106352
2026-02-19,DSP.OQ,166.39595740841
2026-02-19,INDV.OQ,35.9041721398636
2026-02-19,NTST.N,242.395094384995
2026-02-19,KLAC.OQ,42.7675203101351
2026-02-20,TDW.N,24.7401408616905
2026-02-20,PRIM.N,33.4585857149066
2026-02-20,TXN.OQ,40.3413399133799
2026-02-20,WS.N,17.8823586697181
2026-02-20,AMTB.N,14.2359294946529
2026-02-20,M.N,13.1715832348844
2026-02-20,SXC.N,8.17152316140729
2026-02-20,MPTI.A,27.5187988760339
2026-02-20,SXT.N,28.650418656499
2026-02-20,DECK.N,16.7695483426136
2026-02-20,MYE.N,30.3751832869231
2026-02-20,MARA.OQ,4.24028644544821
2026-02-20,TRMK.OQ,12.2697029974621
2026-02-20,GTX.OQ,12.3913300027536
2026-02-20,BAC.N,14.4933870165912
2026-02-20,SFST.OQ,18.8260389666762
2026-02-20,KBR.N,13.5214281870016
2026-02-20,MCRI.OQ,21.6443242360159
2026-02-20,CXT.N,19.4980651632074
2026-02-20,SAIC.OQ,11.4672931525299
2026-02-20,BAH.N,11.4796240761363
2026-02-20,PLTR.OQ,213.716814159292
2026-02-20,UVV.N,15.8848283499446
2026-02-20,COIN.OQ,39.2822591368219
2026-02-20,CUBI.N,14.7807202359729
2026-02-20,RF.N,13.2277809803344
2026-02-20,ABEO.OQ,4.75832933790471
2026-02-20,SCL.N,34.0153607965757
2026-02-20,DSP.OQ,171.449196895867
2026-02-20,INDV.OQ,35.3307895998832
2026-02-20,NTST.N,245.160514608633
2026-02-20,KLAC.OQ,43.5269136566855
2026-02-23,TDW.N,26.6045859279913
2026-02-23,PRIM.N,32.7236663782306
2026-02-23,TXN.OQ,40.3652072696295
2026-02-23,WS.N,17.8336660661246
2026-02-23,AMTB.N,13.574232904596
2026-02-23,M.N,12.5015428561353
2026-02-23,MPTI.A,27.5187988760339
2026-02-23,SXT.N,29.0937765223009
2026-02-23,DECK.N,16.6960782512988
2026-02-23,MYE.N,29.8909022424903
2026-02-23,MARA.OQ,4.18974350789268
2026-02-23,TRMK.OQ,11.8032786885246
2026-02-23,GTX.OQ,12.6404678546608
2026-02-23,BAC.N,13.9498167157428
2026-02-23,SFST.OQ,18.3237632234941
2026-02-23,KBR.N,12.7679512709383
2026-02-23,MCRI.OQ,21.426496882346
2026-02-23,CXT.N,19.1687312410649
2026-02-23,SAIC.OQ,11.0247227238871
2026-02-23,BAH.N,11.0410164990789
2026-02-23,PLTR.OQ,206.384323640961
2026-02-23,UVV.N,15.796234772979
2026-02-23,COIN.OQ,36.7352740244199
2026-02-23,CUBI.N,14.1000291724742
2026-02-23,RF.N,12.6337189602595
2026-02-23,ABEO.OQ,4.68595930995178
2026-02-23,SCL.N,27.0837760440383
2026-02-23,DSP.OQ,159.357516693738
2026-02-23,INDV.OQ,34.3299764391902
2026-02-23,NTST.N,244.439100637249
2026-02-23,KLAC.OQ,43.2842569321556
2026-02-24,TDW.N,26.7799044514047
2026-02-24,PRIM.N,30.013157426834
2026-02-24,TXN.OQ,39.1700035066654
2026-02-24,WS.N,17.4562983882748
2026-02-24,AMTB.N,13.574232904596
2026-02-24,M.N,12.2429307801268
2026-02-24,MPTI.A,27.3559657465899
2026-02-24,SXT.N,30.1483348745297
2026-02-24,DECK.N,17.0874477761875
2026-02-24,MYE.N,30.4962535480313
2026-02-24,MARA.OQ,4.28284891917918
2026-02-24,TRMK.OQ,11.643924415778
2026-02-24,GTX.OQ,13.2895375214717
2026-02-24,BAC.N,13.7695371184765
2026-02-24,SFST.OQ,18.4322795877618
2026-02-24,KBR.N,12.7901123567048
2026-02-24,MCRI.OQ,21.7123952840378
2026-02-24,CXT.N,19.2884890309349
2026-02-24,SAIC.OQ,11.1701205015968
2026-02-24,BAH.N,11.2551164688968
2026-02-24,PLTR.OQ,203.603034134008
2026-02-24,UVV.N,15.796234772979
2026-02-24,COIN.OQ,37.1456343620616
2026-02-24,CUBI.N,14.1952448867136
2026-02-24,RF.N,12.5149065562445
2026-02-24,ABEO.OQ,4.88497688682232
2026-02-24,SCL.N,26.5677018507837
2026-02-24,DSP.OQ,165.313120375384
2026-02-24,INDV.OQ,34.4655032213674
2026-02-24,NTST.N,245.641457256222
2026-02-24,KLAC.OQ,43.8367810567148
2026-02-25,TDW.N,26.4832115656281
2026-02-25,PRIM.N,30.5414123210277
2026-02-25,TXN.OQ,39.2709807831063
2026-02-25,WS.N,17.5374527275973
2026-02-25,AMTB.N,13.9334396249126
2026-02-25,M.N,11.9314207794803
2026-02-25,MPTI.A,28.1492553515734
2026-02-25,SXT.N,30.6486958945062
2026-02-25,DECK.N,16.8726890477287
2026-02-25,MYE.N,30.6576805628422
2026-02-25,MARA.OQ,4.55950499843051
2026-02-25,TRMK.OQ,11.8978165278363
2026-02-25,GTX.OQ,13.3092062992539
2026-02-25,BAC.N,14.1191702768111
2026-02-25,SFST.OQ,16.4910821800195
2026-02-25,KBR.N,12.919913001909
2026-02-25,MCRI.OQ,17.6603164899592
2026-02-25,CXT.N,19.0938826223962
2026-02-25,SAIC.OQ,11.0693623924822
2026-02-25,BAH.N,11.1673949534853
2026-02-25,PLTR.OQ,212.057522123894
2026-02-25,UVV.N,15.9557032115172
2026-02-25,COIN.OQ,42.1685365954306
2026-02-25,CUBI.N,14.5538232148067
2026-02-25,RF.N,12.5938021122846
2026-02-25,ABEO.OQ,4.79451435188117
2026-02-25,SCL.N,25.5709703206743
2026-02-25,DSP.OQ,172.532033928894
2026-02-25,INDV.OQ,35.0597360355289
2026-02-25,NTST.N,247.204520860887
2026-02-25,KLAC.OQ,45.0014751433973
2026-02-26,TDW.N,26.1662896194577
2026-02-26,PRIM.N,30.3001909835052
2026-02-26,TXN.OQ,39.0378150720519
2026-02-26,WS.N,17.6186070669199
2026-02-26,AMTB.N,13.9082321357675
2026-02-26,M.N,11.9608085153904
2026-02-26,MPTI.A,27.4645211662192
2026-02-26,SXT.N,30.9938816614519
2026-02-26,DECK.N,16.8712761613573
2026-02-26,MYE.N,30.4693490455628
2026-02-26,MARA.OQ,4.49566128783405
2026-02-26,TRMK.OQ,12.0166596441189
2026-02-26,GTX.OQ,13.4141064474254
2026-02-26,BAC.N,13.7655487532045
2026-02-26,SFST.OQ,16.3641861645544
2026-02-26,KBR.N,13.3093149375216
2026-02-26,MCRI.OQ,17.8868016248007
2026-02-26,CXT.N,18.51006339678
2026-02-26,SAIC.OQ,11.6955931719163
2026-02-26,BAH.N,11.8602462447014
2026-02-26,PLTR.OQ,214.823008849558
2026-02-26,UVV.N,15.8936877076412
2026-02-26,COIN.OQ,41.5082920298394
2026-02-26,CUBI.N,14.5882629412337
2026-02-26,RF.N,12.7501389660923
2026-02-26,ABEO.OQ,4.70405181694002
2026-02-26,SCL.N,25.9706748429009
2026-02-26,DSP.OQ,177.043854899838
2026-02-26,INDV.OQ,35.1431371322533
2026-02-26,NTST.N,247.805699170374
2026-02-26,KLAC.OQ,44.3506081256834
2026-02-27,TDW.N,26.7765329413391
2026-02-27,PRIM.N,30.0470082573453
2026-02-27,TXN.OQ,38.9423456470532
2026-02-27,WS.N,16.8638717112204
2026-02-27,AMTB.N,13.4544973311571
2026-02-27,M.N,11.6257883260158
2026-02-27,MPTI.A,26.4248942628461
2026-02-27,SXT.N,32.1529457963341
2026-02-27,DECK.N,16.5689184778693
2026-02-27,MYE.N,30.0926860110039
2026-02-27,MARA.OQ,4.75635643943626
2026-02-27,TRMK.OQ,11.5034734601714
2026-02-27,GTX.OQ,13.3485438548182
2026-02-27,BAC.N,13.1154358388562
2026-02-27,SFST.OQ,15.0763266033447
2026-02-27,KBR.N,12.1629834015455
2026-02-27,MCRI.OQ,17.6953019985932
2026-02-27,CXT.N,19.2920007510657
2026-02-27,SAIC.OQ,11.7670166416685
2026-02-27,BAH.N,11.7204865421814
2026-02-27,PLTR.OQ,216.798356510746
2026-02-27,UVV.N,15.8671096345515
2026-02-27,COIN.OQ,40.3138912705581
2026-02-27,CUBI.N,13.662442060225
2026-02-27,RF.N,12.0857073374097
2026-02-27,ABEO.OQ,4.63168178898709
2026-02-27,SCL.N,24.8386876348337
2026-02-27,DSP.OQ,182.818985742646
2026-02-27,INDV.OQ,34.1110485602886
2026-02-27,NTST.N,249.729469760731
2026-02-27,KLAC.OQ,44.357591053008
2026-03-02,TDW.N,26.928250894293
2026-03-02,PRIM.N,30.1147894596243
2026-03-02,TXN.OQ,38.5219129869629
2026-03-02,WS.N,17.0951615782896
2026-03-02,AMTB.N,17.3601124852203
2026-03-02,M.N,11.0556662493608
2026-03-02,MPTI.A,27.5563757520594
2026-03-02,SXT.N,31.8520958159685
2026-03-02,DECK.N,16.178961839352
2026-03-02,MYE.N,29.6756662227424
2026-03-02,MARA.OQ,5.02769220947121
2026-03-02,TRMK.OQ,11.727654793159
2026-03-02,GTX.OQ,13.1518560769967
2026-03-02,BAC.N,13.1101717666753
2026-03-02,SFST.OQ,15.0871262642353
2026-03-02,KBR.N,11.9671314310731
2026-03-02,MCRI.OQ,17.8352440331294
2026-03-02,CXT.N,19.4398168678164
2026-03-02,SAIC.OQ,11.7963512810309
2026-03-02,BAH.N,11.5688323968938
2026-03-02,PLTR.OQ,229.408975979772
2026-03-02,UVV.N,15.7873754152824
2026-03-02,COIN.OQ,42.4665636562877
2026-03-02,CUBI.N,11.1379731340347
2026-03-02,RF.N,12.1465050027793
2026-03-02,ABEO.OQ,4.5774042680224
2026-03-02,SCL.N,24.6532150213294
2026-03-02,DSP.OQ,182.818985742646
2026-03-02,INDV.OQ,33.3395884155877
2026-03-02,NTST.N,251.773476012986
2026-03-02,KLAC.OQ,44.6601845704074
2026-03-03,TDW.N,13.1511049508277
2026-03-03,PRIM.N,29.3213506800049
2026-03-03,TXN.OQ,37.2092083932312
2026-03-03,WS.N,15.8656733375534
2026-03-03,AMTB.N,17.2402773783274
2026-03-03,M.N,10.7441562487143
2026-03-03,MPTI.A,27.3476153296953
2026-03-03,SXT.N,30.8862090369
2026-03-03,DECK.N,15.5219696766327
2026-03-03,MYE.N,28.935792404859
2026-03-03,TRMK.OQ,11.6898410743418
2026-03-03,GTX.OQ,12.5158989287072
2026-03-03,BAC.N,13.1522843441229
2026-03-03,SFST.OQ,14.8927323682036
2026-03-03,KBR.N,11.8029613970006
2026-03-03,MCRI.OQ,17.7873691265776
2026-03-03,CXT.N,19.2440603888762
2026-03-03,SAIC.OQ,12.0425071678554
2026-03-03,BAH.N,11.7754983399818
2026-03-03,PLTR.OQ,232.648546144121
2026-03-03,UVV.N,15.686969361388
2026-03-03,COIN.OQ,41.8063190906965
2026-03-03,CUBI.N,11.2331281318493
2026-03-03,RF.N,12.0466231239578
2026-03-03,ABEO.OQ,4.46884922609301
2026-03-03,SCL.N,24.1163206138167
2026-03-03,DSP.OQ,182.45804006497
2026-03-03,INDV.OQ,32.1823981985363
2026-03-03,NTST.N,251.653240351088
2026-03-03,KLAC.OQ,41.9368429138126
2026-03-04,TDW.N,12.5705782465993
2026-03-04,PRIM.N,28.8289401810954
2026-03-04,TXN.OQ,37.1578017797704
2026-03-04,WS.N,15.8575579036211
2026-03-04,AMTB.N,17.4000575208513
2026-03-04,M.N,11.2907681366412
2026-03-04,MPTI.A,27.9404949292093
2026-03-04,SXT.N,30.3763474912278
2026-03-04,DECK.N,15.3637264030315
2026-03-04,MYE.N,29.2855509369493
2026-03-04,TRMK.OQ,11.6790371546797
2026-03-04,GTX.OQ,12.797818076918
2026-03-04,BAC.N,13.2391415351087
2026-03-04,SFST.OQ,14.8144348267464
2026-03-04,KBR.N,11.6733534753644
2026-03-04,MCRI.OQ,18.1519549533956
2026-03-04,CXT.N,19.3998665659919
2026-03-04,SAIC.OQ,11.899660228351
2026-03-04,BAH.N,11.6491198855755
2026-03-04,PLTR.OQ,242.082806573957
2026-03-04,UVV.N,15.8730158730159
2026-03-04,COIN.OQ,47.8975337114456
2026-03-04,CUBI.N,11.3315087228103
2026-03-04,RF.N,12.0857073374097
2026-03-04,ABEO.OQ,4.49598798657536
2026-03-04,SCL.N,24.3115549438213
2026-03-04,DSP.OQ,182.818985742646
2026-03-04,INDV.OQ,33.5272408832176
2026-03-04,NTST.N,254.899603222316
2026-03-04,KLAC.OQ,42.9423844485553
2026-02-09,BE.N,2121.83782305483
2026-02-12,NFBK.OQ,14.0184999077056
2026-02-12,KBH.N,10.385915685071
2026-02-12,ELAN.N,346.1323652611
2026-02-12,TOWN.OQ,16.3060975554457
2026-02-12,NWFL.OQ,10.4871830714034
2026-02-12,GATX.N,22.1528087428386
2026-02-12,CBZ.N,18.4487035245972
2026-02-12,RCMT.OQ,10.2769205544267
2026-02-12,LNC.N,3.64979879889582
2026-02-12,DJCO.OQ,6.23562576957914
2026-02-12,WLDN.OQ,40.4222599097416
2026-02-12,NVT.N,62.1825577647621
2026-02-12,JHX.N,96.2113286504259
2026-02-12,JJSF.OQ,27.1184497190689
2026-02-12,CCNE.OQ,14.8676971443542
2026-02-12,VTOL.N,9.27618121458033
2026-02-12,BRO.N,20.9144861317074
2026-02-12,ALGN.OQ,35.634683443226
2026-02-12,CMG.N,31.3541602876464
2026-02-12,FVCB.OQ,12.9186563273278
2026-02-12,UTI.N,29.4679371406033
2026-02-12,DLX.N,14.1821429941419
2026-02-12,PRMB.N,67.5019633040623
2026-02-12,PFGC.N,44.5100488247985
2026-02-12,GCBC.OQ,10.9850690643125
2026-02-12,LHX.N,36.5028174504731
2026-02-12,ENVA.N,13.6363135286487
2026-02-12,KMI.N,25.9734937586571
2026-02-12,CHD.N,31.4833704837105
2026-02-12,ADEA.OQ,28.2434514637904
2026-02-13,NFBK.OQ,13.9364604056853
2026-02-13,KBH.N,10.7756310953926
2026-02-13,ELAN.N,350.879642557945
2026-02-13,TOWN.OQ,16.4194603026332
2026-02-13,NWFL.OQ,10.4905112792965
2026-02-13,GATX.N,22.3600401889299
2026-02-13,CBZ.N,18.3171150543789
2026-02-13,RCMT.OQ,10.7161051935048
2026-02-13,LNC.N,3.66864457582643
2026-02-13,DJCO.OQ,6.29680512324262
2026-02-13,WLDN.OQ,42.1577222685331
2026-02-13,NVT.N,62.9327494804228
2026-02-13,JHX.N,96.6970557465252
2026-02-13,JJSF.OQ,27.4879282447222
2026-02-13,CCNE.OQ,14.9533463654501
2026-02-13,VTOL.N,9.24264779853124
2026-02-13,BRO.N,20.312143083874
2026-02-13,ALGN.OQ,36.1986828385256
2026-02-13,CMG.N,31.7565853359812
2026-02-13,FVCB.OQ,13.0427946008127
2026-02-13,UTI.N,31.5023561894086
2026-02-13,DLX.N,14.3629817572048
2026-02-13,PRMB.N,66.9665167416292
2026-02-13,PFGC.N,44.5100488247985
2026-02-13,GCBC.OQ,11.0782418299131
2026-02-13,LHX.N,40.4870634750439
2026-02-13,ENVA.N,13.698781146538
2026-02-13,KMI.N,26.4898491094919
2026-02-13,CHD.N,33.6931252075722
2026-02-13,ADEA.OQ,28.9676425269646
2026-02-17,NFBK.OQ,14.008244969953
2026-02-17,KBH.N,10.6765784286025
2026-02-17,ELAN.N,347.109745881039
2026-02-17,TOWN.OQ,16.5509610893707
2026-02-17,NWFL.OQ,10.6768909213145
2026-02-17,GATX.N,22.5265238787673
2026-02-17,CBZ.N,18.4355446775754
2026-02-17,RCMT.OQ,10.8625000731974
2026-02-17,LNC.N,3.73056641431274
2026-02-17,DJCO.OQ,5.85909018930096
2026-02-17,WLDN.OQ,41.3564632498778
2026-02-17,NVT.N,64.0274736877202
2026-02-17,JHX.N,94.4552383799133
2026-02-17,JJSF.OQ,27.1375606772924
2026-02-17,CCNE.OQ,15.0440337760223
2026-02-17,VTOL.N,9.26360618356192
2026-02-17,BRO.N,20.4189398052146
2026-02-17,ALGN.OQ,36.2858992398606
2026-02-17,CMG.N,33.1388278933049
2026-02-17,FVCB.OQ,13.3986576514694
2026-02-17,UTI.N,32.2393141101493
2026-02-17,DLX.N,14.7414838984882
2026-02-17,PRMB.N,65.2530877418434
2026-02-17,PFGC.N,44.7371409106393
2026-02-17,GCBC.OQ,11.1155109361534
2026-02-17,LHX.N,40.614794008149
2026-02-17,ENVA.N,13.6289643971324
2026-02-17,KMI.N,23.5000694835543
2026-02-17,CHD.N,33.1750249086682
2026-02-17,ADEA.OQ,28.8597842835131
2026-02-18,NFBK.OQ,13.8236560904075
2026-02-18,KBH.N,10.6846974996509
2026-02-18,ELAN.N,345.992739458252
2026-02-18,TOWN.OQ,16.2652869664582
2026-02-18,NWFL.OQ,10.2442238952014
2026-02-18,GATX.N,22.1516445212313
2026-02-18,CBZ.N,19.6527380270941
2026-02-18,RCMT.OQ,11.090876085518
2026-02-18,LNC.N,3.75479669893782
2026-02-18,DJCO.OQ,7.20858696332957
2026-02-18,WLDN.OQ,41.7804478427089
2026-02-18,NVT.N,44.3834670146218
2026-02-18,JHX.N,93.8947840382603
2026-02-18,JJSF.OQ,27.0324504070634
2026-02-18,CCNE.OQ,14.8576207654017
2026-02-18,VTOL.N,9.64085711411422
2026-02-18,BRO.N,20.6740653061951
2026-02-18,ALGN.OQ,36.9836304505406
2026-02-18,CMG.N,33.8736910250466
2026-02-18,FVCB.OQ,13.1669328742976
2026-02-18,UTI.N,32.3846297564925
2026-02-18,DLX.N,15.1348117289251
2026-02-18,PRMB.N,66.1811951167274
2026-02-18,PFGC.N,44.8007266946747
2026-02-18,GCBC.OQ,10.8359926393515
2026-02-18,LHX.N,41.2628213917003
2026-02-18,ENVA.N,13.6941879393403
2026-02-18,KMI.N,23.6170944171793
2026-02-18,CHD.N,34.0983062105613
2026-02-18,ADEA.OQ,28.5516178736518
2026-02-19,NFBK.OQ,13.6800869618721
2026-02-19,KBH.N,10.5239398928932
2026-02-19,ELAN.N,351.857023177883
2026-02-19,TOWN.OQ,16.2244763774707
2026-02-19,NWFL.OQ,10.1943007768037
2026-02-19,GATX.N,22.0107737067535
2026-02-19,CBZ.N,19.659317450605
2026-02-19,RCMT.OQ,10.9620485913885
2026-02-19,LNC.N,3.59864597579843
2026-02-19,DJCO.OQ,7.60683184966433
2026-02-19,WLDN.OQ,42.4451694501136
2026-02-19,NVT.N,44.8555090762559
2026-02-19,JHX.N,93.0727843371693
2026-02-19,JJSF.OQ,27.0961536011416
2026-02-19,CCNE.OQ,14.8576207654017
2026-02-19,VTOL.N,9.83157841789343
2026-02-19,BRO.N,20.5939677651896
2026-02-19,ALGN.OQ,36.7084142507723
2026-02-19,CMG.N,33.2175632288486
2026-02-19,FVCB.OQ,13.0345187159137
2026-02-19,UTI.N,32.9243735857674
2026-02-19,DLX.N,15.1126524145343
2026-02-19,PRMB.N,66.7166416791604
2026-02-19,PFGC.N,44.4282956738958
2026-02-19,GCBC.OQ,10.7148680440707
2026-02-19,LHX.N,42.0338919493437
2026-02-19,ENVA.N,13.3230567977629
2026-02-19,KMI.N,23.7999458759682
2026-02-19,CHD.N,34.2909332447692
2026-02-19,ADEA.OQ,28.5516178736518
2026-02-20,NFBK.OQ,13.8851857169227
2026-02-20,KBH.N,10.6035067891672
2026-02-20,ELAN.N,348.785255515219
2026-02-20,TOWN.OQ,16.3060975554457
2026-02-20,NWFL.OQ,10.2758418701866
2026-02-20,GATX.N,21.7173225512494
2026-02-20,CBZ.N,19.1790195343084
2026-02-20,RCMT.OQ,10.8859232539483
2026-02-20,LNC.N,7.51599267614548
2026-02-20,DJCO.OQ,7.71850586081755
2026-02-20,WLDN.OQ,42.7577682600822
2026-02-20,NVT.N,44.8516713359174
2026-02-20,JHX.N,93.707965924376
2026-02-20,JJSF.OQ,26.9623768935774
2026-02-20,CCNE.OQ,15.104492049737
2026-02-20,VTOL.N,9.76870326280138
2026-02-20,BRO.N,20.6443995502671
2026-02-20,ALGN.OQ,36.8285790703895
2026-02-20,CMG.N,32.8413832923618
2026-02-20,FVCB.OQ,13.1255534498026
2026-02-20,UTI.N,31.7307093479479
2026-02-20,DLX.N,15.0849532715458
2026-02-20,PRMB.N,66.8594274291426
2026-02-20,PFGC.N,44.446463040763
2026-02-20,GCBC.OQ,10.6449884698703
2026-02-20,LHX.N,41.7339009725098
2026-02-20,ENVA.N,13.3506160409494
2026-02-20,KMI.N,23.9389129846478
2026-02-20,CHD.N,34.2344735968117
2026-02-20,ADEA.OQ,29.291217257319
2026-02-23,NFBK.OQ,13.6698320241196
2026-02-23,KBH.N,10.4508682534579
2026-02-23,ELAN.N,345.573862049707
2026-02-23,TOWN.OQ,15.6485936217584
2026-02-23,NWFL.OQ,9.86980050721888
2026-02-23,GATX.N,21.4405503063639
2026-02-23,CBZ.N,18.2118442782043
2026-02-23,RCMT.OQ,10.7161051935048
2026-02-23,LNC.N,6.72295184490306
2026-02-23,DJCO.OQ,7.36679181246329
2026-02-23,WLDN.OQ,39.6569317887838
2026-02-23,NVT.N,44.1071497102506
2026-02-23,JHX.N,90.8683305933343
2026-02-23,JJSF.OQ,27.0643020041025
2026-02-23,CCNE.OQ,14.6611313758288
2026-02-23,VTOL.N,9.78127829381979
2026-02-23,BRO.N,20.5168367997769
2026-02-23,ALGN.OQ,35.1307664577349
2026-02-23,CMG.N,32.0277848250763
2026-02-23,FVCB.OQ,12.8690010179338
2026-02-23,UTI.N,33.3810799028461
2026-02-23,DLX.N,14.6639262981203
2026-02-23,PRMB.N,67.8589276790176
2026-02-23,PFGC.N,43.5063018053821
2026-02-23,GCBC.OQ,10.2909319605879
2026-02-23,LHX.N,41.6167169971841
2026-02-23,ENVA.N,11.7770316762734
2026-02-23,KMI.N,23.9169708095931
2026-02-23,CHD.N,34.9584855529724
2026-02-23,ADEA.OQ,28.4745762711864
2026-02-24,NFBK.OQ,13.7108517751297
2026-02-24,KBH.N,10.5304351497319
2026-02-24,ELAN.N,368.332867913991
2026-02-24,TOWN.OQ,15.6349900920959
2026-02-24,NWFL.OQ,9.69839780072022
2026-02-24,GATX.N,21.3956978872323
2026-02-24,CBZ.N,18.2776385133135
2026-02-24,RCMT.OQ,10.7219609886925
2026-02-24,LNC.N,6.71164960027728
2026-02-24,DJCO.OQ,7.60860445301596
2026-02-24,WLDN.OQ,40.1240334588519
2026-02-24,NVT.N,45.3697662816134
2026-02-24,JHX.N,93.8574204154835
2026-02-24,JJSF.OQ,27.6822229866605
2026-02-24,CCNE.OQ,14.6963987021624
2026-02-24,VTOL.N,9.81900338687502
2026-02-24,BRO.N,20.718563940087
2026-02-24,ALGN.OQ,35.9583531992914
2026-02-24,CMG.N,31.9228043776847
2026-02-24,FVCB.OQ,12.720035089752
2026-02-24,UTI.N,36.0071412260489
2026-02-24,DLX.N,14.8799796134308
2026-02-24,PRMB.N,69.1083029913615
2026-02-24,PFGC.N,44.1966617463381
2026-02-24,GCBC.OQ,10.4772774917891
2026-02-24,LHX.N,41.5147669386507
2026-02-24,ENVA.N,11.9291718388559
2026-02-24,KMI.N,23.9096567512416
2026-02-24,CHD.N,34.8987047492527
2026-02-24,ADEA.OQ,30.4314329738058
2026-02-25,NFBK.OQ,13.9159505301803
2026-02-25,KBH.N,10.2397724062004
2026-02-25,TOWN.OQ,15.8979916655708
2026-02-25,NWFL.OQ,10.0944545400084
2026-02-25,GATX.N,20.6463342993013
2026-02-25,CBZ.N,17.9486673377679
2026-02-25,RCMT.OQ,10.9679043865762
2026-02-25,LNC.N,6.78323048290724
2026-02-25,DJCO.OQ,7.62765993904608
2026-02-25,WLDN.OQ,42.0750812038288
2026-02-25,NVT.N,46.7436773227923
2026-02-25,JHX.N,92.4749663727395
2026-02-25,JJSF.OQ,27.322299940119
2026-02-25,CCNE.OQ,14.9583845549263
2026-02-25,VTOL.N,9.78966164783207
2026-02-25,BRO.N,20.7808620275358
2026-02-25,ALGN.OQ,36.4467650467674
2026-02-25,CMG.N,32.8063898098979
2026-02-25,FVCB.OQ,13.0014151763177
2026-02-25,UTI.N,36.2043553175147
2026-02-25,DLX.N,15.2899269296608
2026-02-25,PRMB.N,70.072106803741
2026-02-25,PFGC.N,42.8068581809924
2026-02-25,GCBC.OQ,10.5098879597494
2026-02-25,LHX.N,39.9655947848444
2026-02-25,ENVA.N,12.4850020919272
2026-02-25,KMI.N,23.968169218054
2026-02-25,CHD.N,34.417137163733
2026-02-25,ADEA.OQ,31.848998459168
2026-02-26,NFBK.OQ,13.9056955924278
2026-02-26,KBH.N,10.306348788797
2026-02-26,TOWN.OQ,16.0612340215208
2026-02-26,NWFL.OQ,10.0645006689698
2026-02-26,GATX.N,20.5128710033486
2026-02-26,CBZ.N,20.9225667647001
2026-02-26,RCMT.OQ,11.0381739288287
2026-02-26,LNC.N,6.94522932254346
2026-02-26,DJCO.OQ,7.94451278815145
2026-02-26,WLDN.OQ,42.9733536462675
2026-02-26,NVT.N,46.7398395824539
2026-02-26,JHX.N,92.6991481094007
2026-02-26,JJSF.OQ,27.1088942399572
2026-02-26,CCNE.OQ,14.8928880917353
2026-02-26,VTOL.N,10.0600248147279
2026-02-26,BRO.N,21.1279513718929
2026-02-26,ALGN.OQ,36.6696514057346
2026-02-26,CMG.N,33.2875501937764
2026-02-26,FVCB.OQ,13.0427946008127
2026-02-26,UTI.N,35.7061302443379
2026-02-26,DLX.N,15.771892017661
2026-02-26,PRMB.N,80.8524309273934
2026-02-26,PFGC.N,43.6107641648689
2026-02-26,GCBC.OQ,10.7148680440707
2026-02-26,LHX.N,41.6190606766906
2026-02-26,ENVA.N,12.8247241595121
2026-02-26,KMI.N,24.1802769102492
2026-02-26,CHD.N,34.4304217867818
2026-02-26,ADEA.OQ,32.1263482280431
2026-02-27,NFBK.OQ,13.6800869618721
2026-02-27,KBH.N,10.3242107451034
2026-02-27,TOWN.OQ,15.5352308745709
2026-02-27,NWFL.OQ,9.6717721375748
2026-02-27,GATX.N,20.1474878816421
2026-02-27,CBZ.N,16.1843570052158
2026-02-27,RCMT.OQ,11.0733086999549
2026-02-27,LNC.N,6.46111651107243
2026-02-27,DJCO.OQ,7.52632611411075
2026-02-27,WLDN.OQ,32.0288022075944
2026-02-27,NVT.N,45.4234946463522
2026-02-27,JHX.N,90.9804214616649
2026-02-27,JJSF.OQ,27.7300003822192
2026-02-27,CCNE.OQ,14.1119687229197
2026-02-27,VTOL.N,11.0448625180897
2026-02-27,BRO.N,21.3059459074606
2026-02-27,ALGN.OQ,36.8440842084046
2026-02-27,CMG.N,32.5614354326507
2026-02-27,FVCB.OQ,12.7779662840449
2026-02-27,UTI.N,37.5744742687509
2026-02-27,DLX.N,15.3730243586263
2026-02-27,PRMB.N,80.9595202398801
2026-02-27,PFGC.N,44.0831157034177
2026-02-27,GCBC.OQ,10.2816146840279
2026-02-27,LHX.N,42.7182463652461
2026-02-27,ENVA.N,12.0199372767602
2026-02-27,KMI.N,24.3338721356319
2026-02-27,CHD.N,34.8256393224842
2026-02-27,ADEA.OQ,21.0180924227186
2026-03-02,NFBK.OQ,13.7518715261398
2026-03-02,KBH.N,9.93287152057211
2026-03-02,TOWN.OQ,15.6803351909709
2026-03-02,NWFL.OQ,9.8514953638064
2026-03-02,GATX.N,20.2897028691327
2026-03-02,CBZ.N,16.2747724074796
2026-03-02,RCMT.OQ,11.1435782422074
2026-03-02,LNC.N,6.49879065982504
2026-03-02,DJCO.OQ,7.662373421349
2026-03-02,WLDN.OQ,25.1565816036027
2026-03-02,NVT.N,46.1565030510036
2026-03-02,JHX.N,89.2616948139292
2026-03-02,JJSF.OQ,27.6535565493254
2026-03-02,CCNE.OQ,14.3739545756837
2026-03-02,VTOL.N,10.873516642547
2026-03-02,BRO.N,21.4661409894716
2026-03-02,ALGN.OQ,33.3969988285784
2026-03-02,CMG.N,32.0977717900041
2026-03-02,FVCB.OQ,12.7779662840449
2026-03-02,UTI.N,38.8200369516929
2026-03-02,DLX.N,15.4228828160057
2026-03-02,PRMB.N,81.4949668023131
2026-03-02,PFGC.N,43.5244691722494
2026-03-02,GCBC.OQ,10.5797675339498
2026-03-02,LHX.N,44.3517909812869
2026-03-02,ENVA.N,12.2395031932146
2026-03-02,KMI.N,24.7873437534285
2026-03-02,CHD.N,34.5234141481236
2026-03-02,ADEA.OQ,20.6727008604313
2026-03-03,NFBK.OQ,1215.2466367713
2026-03-03,KBH.N,9.82732359694333
2026-03-03,TOWN.OQ,15.5896449932209
2026-03-03,NWFL.OQ,9.77494658226332
2026-03-03,GATX.N,20.142018074431
2026-03-03,CBZ.N,16.8737744474771
2026-03-03,RCMT.OQ,11.2606941459616
2026-03-03,LNC.N,6.41967494744456
2026-03-03,DJCO.OQ,7.75809400233747
2026-03-03,WLDN.OQ,24.756859970898
2026-03-03,NVT.N,42.8483708792263
2026-03-03,JHX.N,85.4879689134658
2026-03-03,JJSF.OQ,27.5134095223535
2026-03-03,CCNE.OQ,14.2429616493017
2026-03-03,VTOL.N,10.5470332850941
2026-03-03,BRO.N,21.4068094776157
2026-03-03,ALGN.OQ,32.2697485242385
2026-03-03,CMG.N,32.3077326847875
2026-03-03,FVCB.OQ,12.678655665257
2026-03-03,UTI.N,38.9238338419381
2026-03-03,DLX.N,15.4893607591781
2026-03-03,PRMB.N,82.1375026772328
2026-03-03,PFGC.N,41.8076530032928
2026-03-03,GCBC.OQ,10.4912534066292
2026-03-03,LHX.N,43.1237029198731
2026-03-03,ENVA.N,12.2256722693434
2026-03-03,KMI.N,24.8385421618894
2026-03-03,CHD.N,34.2145466622385
2026-03-03,ADEA.OQ,20.1952478184459
2026-03-04,NFBK.OQ,1207.17488789238
2026-03-04,KBH.N,9.69904227437914
2026-03-04,TOWN.OQ,15.4581442064834
2026-03-04,NWFL.OQ,9.93802876902903
2026-03-04,GATX.N,20.2054678380806
2026-03-04,CBZ.N,16.2013098931403
2026-03-04,RCMT.OQ,11.5944744716609
2026-03-04,LNC.N,6.60804569120761
2026-03-04,DJCO.OQ,8.03565414381485
2026-03-04,WLDN.OQ,24.1184556366502
2026-03-04,NVT.N,43.6849982730168
2026-03-04,JHX.N,83.8813331340607
2026-03-04,JJSF.OQ,27.4337805297558
2026-03-04,CCNE.OQ,14.3638781967312
2026-03-04,VTOL.N,10.3895803183792
2026-03-04,BRO.N,21.314845634239
2026-03-04,ALGN.OQ,32.184939723912
2026-03-04,CMG.N,32.1152685312361
2026-03-04,FVCB.OQ,12.7531386293479
2026-03-04,UTI.N,37.1800460858193
2026-03-04,DLX.N,15.5835378453391
2026-03-04,PRMB.N,80.8524309273934
2026-03-04,PFGC.N,41.2490064721244
2026-03-04,GCBC.OQ,10.6636230229904
2026-03-04,LHX.N,43.2115909013674
2026-03-04,ENVA.N,12.5290881617665
2026-03-04,KMI.N,24.8092859284831
2026-03-04,CHD.N,34.0318830953172
2026-03-04,ADEA.OQ,21.079043874887
2026-02-12,KGS.N,61.5814569211723
2026-02-12,AMCX.OQ,3.66155813535277
2026-02-12,UBFO.OQ,15.4636266154975
2026-02-12,KMB.OQ,22.6778554700428
2026-02-12,UNTY.OQ,9.51055807736124
2026-02-12,DASH.OQ,83.3984587277517
2026-02-12,MA.N,31.9178291083631
2026-02-12,HCKT.OQ,35.7624131854463
2026-02-12,EFX.N,35.6512925440715
2026-02-12,SPOT.N,35.9634123027162
2026-02-12,ONB.OQ,14.3186171400369
2026-02-12,GNRC.N,41.0495189673019
2026-02-12,QNST.OQ,9.82599795291709
2026-02-12,DNOW.N,17.9234924191169
2026-02-12,FLOC.N,21.2705670848478
2026-02-12,KIM.N,26.7844285508568
2026-02-12,FND.N,34.6638130194321
2026-02-12,AA.N,13.7848237087122
2026-02-12,BH.N,398.300765322126
2026-02-12,BG.N,13.0857777352597
2026-02-12,CG.OQ,30.2988147571087
2026-02-12,HLI.N,25.4436253598414
2026-02-12,GWRE.N,119.183005914459
2026-02-12,YETI.N,24.6410524617634
2026-02-12,RMR.OQ,12.5166036579136
2026-02-12,OPBK.OQ,8.2185708202822
2026-02-12,NOVT.OQ,95.2286540551996
2026-02-12,MLR.N,16.9439274305114
2026-02-12,CVLG.N,26.2309783370232
2026-02-12,USLM.OQ,23.0877214599414
2026-02-12,CPRX.OQ,13.7693631669535
2026-02-12,CRUS.OQ,18.710657237356
2026-02-12,MVBF.OQ,11.3752447000313
2026-02-12,NOG.N,14.1434745614678
2026-02-13,KGS.N,61.6304867435618
2026-02-13,AMCX.OQ,3.77145483245749
2026-02-13,UBFO.OQ,15.4777357638693
2026-02-13,KMB.OQ,22.3959420788249
2026-02-13,UNTY.OQ,9.61284110507994
2026-02-13,DASH.OQ,82.9844164850919
2026-02-13,MA.N,31.367166982541
2026-02-13,HCKT.OQ,36.09930548357
2026-02-13,EFX.N,36.5265660670475
2026-02-13,SPOT.N,36.9820080986546
2026-02-13,ONB.OQ,14.5536375280556
2026-02-13,GNRC.N,42.708777324484
2026-02-13,QNST.OQ,10.4680375918861
2026-02-13,DNOW.N,18.222956710773
2026-02-13,FLOC.N,21.3194200179779
2026-02-13,KIM.N,27.2524360389766
2026-02-13,FND.N,35.1038614247567
2026-02-13,AA.N,13.657249732892
2026-02-13,BH.N,396.246314534848
2026-02-13,BG.N,13.1706944792293
2026-02-13,CG.OQ,30.3210728395749
2026-02-13,HLI.N,25.4482288744714
2026-02-13,GWRE.N,120.789989159995
2026-02-13,YETI.N,24.9793140055891
2026-02-13,RMR.OQ,12.4363222350348
2026-02-13,OPBK.OQ,8.19523917849289
2026-02-13,NOVT.OQ,100.082724295647
2026-02-13,MLR.N,17.1211893504121
2026-02-13,CVLG.N,26.6887126456109
2026-02-13,USLM.OQ,23.8644264704588
2026-02-13,CPRX.OQ,14.1952799089822
2026-02-13,CRUS.OQ,19.0498331781247
2026-02-13,MVBF.OQ,11.1839615154512
2026-02-13,NOG.N,14.6280716978368
2026-02-17,KGS.N,62.4639937241828
2026-02-17,AMCX.OQ,4.12112614142706
2026-02-17,UBFO.OQ,15.4777357638693
2026-02-17,KMB.OQ,22.0090640006878
2026-02-17,UNTY.OQ,9.6463476141602
2026-02-17,DASH.OQ,84.0195220917414
2026-02-17,MA.N,31.5831959703635
2026-02-17,HCKT.OQ,35.8401575619364
2026-02-17,EFX.N,36.5076207526973
2026-02-17,SPOT.N,37.3878008293987
2026-02-17,ONB.OQ,14.6182681347607
2026-02-17,GNRC.N,44.4232174389576
2026-02-17,QNST.OQ,10.3284637573276
2026-02-17,DNOW.N,17.8902186089329
2026-02-17,FLOC.N,21.2998788447258
2026-02-17,KIM.N,27.7804444871118
2026-02-17,FND.N,34.6288091690086
2026-02-17,AA.N,13.0922792685455
2026-02-17,BH.N,407.087071074588
2026-02-17,AAP.N,50.5460829903611
2026-02-17,BG.N,13.1008262721657
2026-02-17,CG.OQ,30.1819598241612
2026-02-17,HLI.N,25.400659223295
2026-02-17,GWRE.N,116.282829051214
2026-02-17,YETI.N,24.9845180293403
2026-02-17,RMR.OQ,12.465515479718
2026-02-17,OPBK.OQ,8.25356828296615
2026-02-17,NOVT.OQ,99.3853789934983
2026-02-17,MLR.N,16.8244683105783
2026-02-17,CVLG.N,27.5948397462844
2026-02-17,USLM.OQ,23.2417422835567
2026-02-17,CPRX.OQ,14.3761486624464
2026-02-17,CRUS.OQ,18.9991214355243
2026-02-17,MVBF.OQ,11.4362925248973
2026-02-17,NOG.N,14.3801382792294
2026-02-18,KGS.N,61.8633783999118
2026-02-18,AMCX.OQ,4.32593362239495
2026-02-18,UBFO.OQ,15.3789717252667
2026-02-18,KMB.OQ,22.4962438027864
2026-02-18,UNTY.OQ,9.55993609074268
2026-02-18,DASH.OQ,89.7333050404467
2026-02-18,MA.N,31.9492955155529
2026-02-18,HCKT.OQ,39.4423136726443
2026-02-18,EFX.N,36.4867809069122
2026-02-18,SPOT.N,38.8124550566801
2026-02-18,ONB.OQ,14.6358946638621
2026-02-18,GNRC.N,43.4508768190952
2026-02-18,QNST.OQ,10.5983065041407
2026-02-18,DNOW.N,17.9345836891783
2026-02-18,FLOC.N,22.2476257474499
2026-02-18,KIM.N,27.1924350789613
2026-02-18,FND.N,34.9788476732441
2026-02-18,AA.N,13.7164805073799
2026-02-18,BH.N,406.385264412522
2026-02-18,AAP.N,49.8245051401286
2026-02-18,BG.N,13.0890024217395
2026-02-18,CG.OQ,30.5492181848534
2026-02-18,HLI.N,25.4865914963878
2026-02-18,GWRE.N,122.51107772474
2026-02-18,YETI.N,25.7234894020056
2026-02-18,RMR.OQ,12.2027762775694
2026-02-18,OPBK.OQ,8.13691007401963
2026-02-18,NOVT.OQ,99.5631336783598
2026-02-18,MLR.N,16.6895951106538
2026-02-18,CVLG.N,27.6789133948005
2026-02-18,USLM.OQ,23.2813476382007
2026-02-18,CPRX.OQ,14.1719420053094
2026-02-18,CRUS.OQ,19.2283121683156
2026-02-18,MVBF.OQ,11.2775681802457
2026-02-18,NOG.N,15.4169507570422
2026-02-19,KGS.N,61.2872779868355
2026-02-19,AMCX.OQ,4.30595240473954
2026-02-19,UBFO.OQ,15.3648625768949
2026-02-19,KMB.OQ,22.2465129798619
2026-02-19,UNTY.OQ,9.41885605250999
2026-02-19,DASH.OQ,82.8579624813653
2026-02-19,MA.N,31.4821403934269
2026-02-19,HCKT.OQ,37.6282782212087
2026-02-19,EFX.N,37.0001989258007
2026-02-19,SPOT.N,39.4724955308028
2026-02-19,ONB.OQ,14.6241436444612
2026-02-19,GNRC.N,84.6497642518765
2026-02-19,QNST.OQ,10.7006606494836
2026-02-19,DNOW.N,18.1453178203436
2026-02-19,FLOC.N,22.7068433188729
2026-02-19,KIM.N,27.0844333509336
2026-02-19,FND.N,33.06363700007
2026-02-19,AA.N,13.598018958404
2026-02-19,BH.N,411.67429897748
2026-02-19,AAP.N,49.8690469827356
2026-02-19,BG.N,13.2738844465847
2026-02-19,CG.OQ,29.480830226476
2026-02-19,HLI.N,25.4911950110177
2026-02-19,GWRE.N,122.51107772474
2026-02-19,YETI.N,24.4901357729797
2026-02-19,RMR.OQ,12.0568100541535
2026-02-19,OPBK.OQ,8.14274298446696
2026-02-19,NOVT.OQ,99.0845633729635
2026-02-19,MLR.N,16.5084796707553
2026-02-19,CVLG.N,27.4640585152594
2026-02-19,USLM.OQ,23.6465970199171
2026-02-19,CPRX.OQ,14.247790192246
2026-02-19,CRUS.OQ,18.4788321283257
2026-02-19,MVBF.OQ,11.3671049900492
2026-02-19,NOG.N,15.6986932781869
2026-02-20,KGS.N,62.0594976894696
2026-02-20,AMCX.OQ,4.17107918556557
2026-02-20,UBFO.OQ,15.4636266154975
2026-02-20,KMB.OQ,22.3161100944474
2026-02-20,UNTY.OQ,9.56699009265431
2026-02-20,DASH.OQ,82.9049901006861
2026-02-20,MA.N,31.8542911707682
2026-02-20,HCKT.OQ,36.1770498600601
2026-02-20,EFX.N,37.0977832637257
2026-02-20,SPOT.N,39.8776239478116
2026-02-20,ONB.OQ,14.1880707601878
2026-02-20,GNRC.N,85.2898380836487
2026-02-20,QNST.OQ,10.7192704940914
2026-02-20,DNOW.N,14.6737502911458
2026-02-20,FLOC.N,22.775237425255
2026-02-20,KIM.N,27.8044448711179
2026-02-20,FND.N,35.8471546743152
2026-02-20,AA.N,13.78026749529
2026-02-20,BH.N,405.695219873284
2026-02-20,AAP.N,49.7710549290003
2026-02-20,BG.N,22.450831849805
2026-02-20,CG.OQ,29.6199432418897
2026-02-20,HLI.N,25.7520608400493
2026-02-20,GWRE.N,121.389042085845
2026-02-20,YETI.N,24.8127852455519
2026-02-20,RMR.OQ,12.0349151206411
2026-02-20,OPBK.OQ,8.2185708202822
2026-02-20,NOVT.OQ,99.7887453937608
2026-02-20,MLR.N,16.7628119906128
2026-02-20,CVLG.N,27.5668151967791
2026-02-20,USLM.OQ,23.9546386671478
2026-02-20,CPRX.OQ,14.1777764812276
2026-02-20,CRUS.OQ,18.7225119304314
2026-02-20,MVBF.OQ,11.5787374495847
2026-02-20,NOG.N,15.8621039404509
2026-02-23,KGS.N,61.6304867435618
2026-02-23,AMCX.OQ,3.88135152956221
2026-02-23,UBFO.OQ,14.7722783452791
2026-02-23,KMB.OQ,22.6211092142486
2026-02-23,UNTY.OQ,9.18783748990396
2026-02-23,DASH.OQ,77.435677973674
2026-02-23,MA.N,30.0159268430238
2026-02-23,HCKT.OQ,33.6374002280502
2026-02-23,EFX.N,35.4012726647616
2026-02-23,SPOT.N,38.0138108296765
2026-02-23,ONB.OQ,13.5856407715608
2026-02-23,GNRC.N,84.6423215329024
2026-02-23,QNST.OQ,10.2354145342886
2026-02-23,DNOW.N,13.1431550226816
2026-02-23,FLOC.N,22.0912963614335
2026-02-23,KIM.N,28.6823984905291
2026-02-23,FND.N,35.5094151390448
2026-02-23,AA.N,13.6253562389369
2026-02-23,BH.N,392.464792045669
2026-02-23,AAP.N,49.3256365029309
2026-02-23,BG.N,22.3348496926473
2026-02-23,CG.OQ,27.5555060931501
2026-02-23,HLI.N,25.0247055285142
2026-02-23,GWRE.N,116.216267615009
2026-02-23,YETI.N,23.5273913790143
2026-02-23,RMR.OQ,11.9765286312747
2026-02-23,OPBK.OQ,7.81026708896938
2026-02-23,NOVT.OQ,97.3412001175915
2026-02-23,MLR.N,16.173223430943
2026-02-23,CVLG.N,26.2029537875179
2026-02-23,USLM.OQ,23.6531979123577
2026-02-23,CPRX.OQ,14.0669214387818
2026-02-23,CRUS.OQ,18.8292041681101
2026-02-23,MVBF.OQ,11.0984945606388
2026-02-23,NOG.N,15.3831416545048
2026-02-24,KGS.N,62.6601130137406
2026-02-24,AMCX.OQ,3.66655343976662
2026-02-24,UBFO.OQ,14.7863874936509
2026-02-24,KMB.OQ,22.7439276517524
2026-02-24,UNTY.OQ,9.17813823727546
2026-02-24,DASH.OQ,77.3040006395756
2026-02-24,MA.N,30.135136116416
2026-02-24,HCKT.OQ,34.0779516948274
2026-02-24,EFX.N,36.5078559901103
2026-02-24,SPOT.N,37.8793985087675
2026-02-24,ONB.OQ,13.5011879694168
2026-02-24,GNRC.N,87.5152110569033
2026-02-24,QNST.OQ,10.2633293012003
2026-02-24,DNOW.N,13.1653375628043
2026-02-24,FLOC.N,21.9154258021652
2026-02-24,KIM.N,28.5476242985616
2026-02-24,FND.N,36.1693062310346
2026-02-24,AA.N,13.9898533127089
2026-02-24,BH.N,395.172040649897
2026-02-24,AAP.N,47.90920590803
2026-02-24,BG.N,22.5539271006118
2026-02-24,CG.OQ,28.3178454176173
2026-02-24,HLI.N,25.4512978842247
2026-02-24,GWRE.N,121.845463362684
2026-02-24,YETI.N,23.647083925291
2026-02-24,RMR.OQ,11.93273876425
2026-02-24,OPBK.OQ,7.7461050740488
2026-02-24,NOVT.OQ,94.118291572222
2026-02-24,MLR.N,16.4198487108049
2026-02-24,CVLG.N,26.3057104690376
2026-02-24,USLM.OQ,24.5729222590894
2026-02-24,CPRX.OQ,14.1135972461274
2026-02-24,CRUS.OQ,19.1123996138004
2026-02-24,MVBF.OQ,11.0415165907639
2026-02-24,NOG.N,15.31552344943
2026-02-25,KGS.N,64.6580782761115
2026-02-25,AMCX.OQ,3.75646891921594
2026-02-25,UBFO.OQ,15.1250070545742
2026-02-25,KMB.OQ,22.3550025996569
2026-02-25,UNTY.OQ,9.38711304390763
2026-02-25,DASH.OQ,81.3859979966234
2026-02-25,MA.N,30.8243714585164
2026-02-25,HCKT.OQ,34.9849694205452
2026-02-25,EFX.N,37.2217807161417
2026-02-25,SPOT.N,37.5642503286667
2026-02-25,ONB.OQ,13.7432860022295
2026-02-25,GNRC.N,88.039922744577
2026-02-25,QNST.OQ,10.4959523587978
2026-02-25,DNOW.N,12.954603431639
2026-02-25,FLOC.N,21.7688670027748
2026-02-25,KIM.N,28.5721286971011
2026-02-25,FND.N,35.5977470175001
2026-02-25,AA.N,14.7849125548739
2026-02-25,BH.N,389.800671225144
2026-02-25,AAP.N,44.9338108218861
2026-02-25,BG.N,22.3458956123766
2026-02-25,CG.OQ,28.6851037783095
2026-02-25,HLI.N,25.4712464476212
2026-02-25,GWRE.N,129.214765228306
2026-02-25,YETI.N,23.2828022627095
2026-02-25,RMR.OQ,12.0641083653243
2026-02-25,OPBK.OQ,7.96775567104718
2026-02-25,NOVT.OQ,91.2284546220271
2026-02-25,MLR.N,16.2772684708847
2026-02-25,CVLG.N,26.2963689525358
2026-02-25,USLM.OQ,24.8303570642751
2026-02-25,CPRX.OQ,14.5045071326468
2026-02-25,CRUS.OQ,18.9108698315185
2026-02-25,MVBF.OQ,11.3915241199956
2026-02-25,NOG.N,14.9210839198273
2026-02-26,KGS.N,67.2321439515586
2026-02-26,AMCX.OQ,3.81641257218215
2026-02-26,UBFO.OQ,15.1814436480614
2026-02-26,KMB.OQ,22.5944985527894
2026-02-26,UNTY.OQ,9.40827504964254
2026-02-26,DASH.OQ,84.8425280167042
2026-02-26,MA.N,31.1499277482881
2026-02-26,HCKT.OQ,36.2547942365502
2026-02-26,EFX.N,39.0498037646378
2026-02-26,SPOT.N,40.2297301916656
2026-02-26,ONB.OQ,13.8671501120407
2026-02-26,GNRC.N,87.2100595789654
2026-02-26,QNST.OQ,10.7937098725226
2026-02-26,DNOW.N,13.154246292743
2026-02-26,FLOC.N,23.8109196076132
2026-02-26,KIM.N,28.9641990737337
2026-02-26,FND.N,36.4446938521013
2026-02-26,AA.N,14.4591432951902
2026-02-26,BH.N,397.655808920395
2026-02-26,AAP.N,46.3235163112228
2026-02-26,BG.N,21.9850622345527
2026-02-26,CG.OQ,30.3043792777252
2026-02-26,HLI.N,25.9484774642614
2026-02-26,GWRE.N,137.002453264363
2026-02-26,YETI.N,23.5065752840096
2026-02-26,RMR.OQ,12.1224948546906
2026-02-26,OPBK.OQ,8.02608477552044
2026-02-26,NOVT.OQ,93.5704551835595
2026-02-26,MLR.N,16.3389247908502
2026-02-26,CVLG.N,27.4734000317612
2026-02-26,USLM.OQ,25.0767903820597
2026-02-26,CPRX.OQ,14.7714521501131
2026-02-26,CRUS.OQ,19.1018621088445
2026-02-26,MVBF.OQ,11.4281528149152
2026-02-26,NOG.N,75.2774511771959
2026-02-27,KGS.N,62.2731941116056
2026-02-27,AMCX.OQ,4.08116370611625
2026-02-27,UBFO.OQ,14.6594051583046
2026-02-27,KMB.OQ,22.8114777923795
2026-02-27,UNTY.OQ,9.380059041996
2026-02-27,DASH.OQ,82.9896398154637
2026-02-27,MA.N,31.2975778127942
2026-02-27,HCKT.OQ,35.3996060951591
2026-02-27,EFX.N,39.2583449346101
2026-02-27,SPOT.N,41.7392055313677
2026-02-27,ONB.OQ,13.0057315301722
2026-02-27,GNRC.N,83.8682787595965
2026-02-27,QNST.OQ,10.9053689401694
2026-02-27,FLOC.N,19.0653257838249
2026-02-27,KIM.N,28.8539292803058
2026-02-27,FND.N,35.8991146028183
2026-02-27,AA.N,14.0003653445853
2026-02-27,BH.N,389.943777052883
2026-02-27,AAP.N,47.3657954282253
2026-02-27,BG.N,22.2115035890034
2026-02-27,CG.OQ,28.9299426854377
2026-02-27,HLI.N,25.1305863650035
2026-02-27,GWRE.N,138.181541562862
2026-02-27,YETI.N,22.7467878163396
2026-02-27,RMR.OQ,11.9546336977623
2026-02-27,OPBK.OQ,7.79276835762741
2026-02-27,NOVT.OQ,92.0570571598792
2026-02-27,MLR.N,16.19634455093
2026-02-27,CVLG.N,27.5014245812665
2026-02-27,USLM.OQ,24.459275606072
2026-02-27,CPRX.OQ,13.7027779591885
2026-02-27,CRUS.OQ,18.5881587422434
2026-02-27,MVBF.OQ,10.98860847588
2026-02-27,NOG.N,79.1201858277651
2026-03-02,KGS.N,64.88645441059
2026-03-02,AMCX.OQ,3.89633744280376
2026-03-02,UBFO.OQ,14.8004966420227
2026-03-02,KMB.OQ,22.463492219452
2026-03-02,UNTY.OQ,9.51232157783915
2026-03-02,DASH.OQ,82.9614232438712
2026-03-02,MA.N,31.5269195113509
2026-03-02,HCKT.OQ,29.3828111624722
2026-03-02,EFX.N,39.0836212516603
2026-03-02,SPOT.N,41.5612968954519
2026-03-02,ONB.OQ,13.2590899366041
2026-03-02,GNRC.N,85.7326798626074
2026-03-02,QNST.OQ,10.7657951056109
2026-03-02,FLOC.N,19.9104200118313
2026-03-02,KIM.N,28.8661814795756
2026-03-02,FND.N,34.6780562829945
2026-03-02,AA.N,14.4514080425424
2026-03-02,BH.N,355.990449156265
2026-03-02,AAP.N,47.4548791134392
2026-03-02,BG.N,22.2041396425172
2026-03-02,CG.OQ,23.9720075012578
2026-03-02,HLI.N,25.1106378016069
2026-03-02,GWRE.N,141.690280128559
2026-03-02,YETI.N,21.2428460224129
2026-03-02,RMR.OQ,12.0203184982995
2026-03-02,OPBK.OQ,7.97942149194183
2026-03-02,NOVT.OQ,96.3712687205966
2026-03-02,MLR.N,16.5701359907207
2026-03-02,CVLG.N,285.645610998942
2026-03-02,USLM.OQ,26.8846347499116
2026-03-02,CPRX.OQ,14.1777442662661
2026-03-02,CRUS.OQ,18.839741673066
2026-03-02,MVBF.OQ,10.9194209410319
2026-03-02,NOG.N,80.0952080525364
2026-03-03,KGS.N,65.7993837726806
2026-03-03,AMCX.OQ,3.90133274721762
2026-03-03,UBFO.OQ,14.7581691969073
2026-03-03,KMB.OQ,21.4195355006694
2026-03-03,UNTY.OQ,9.35007953387155
2026-03-03,DASH.OQ,82.5146608603232
2026-03-03,MA.N,31.7278204187937
2026-03-03,HCKT.OQ,29.7038178394111
2026-03-03,EFX.N,38.7830213670155
2026-03-03,SPOT.N,42.8715040919367
2026-03-03,ONB.OQ,13.2140484421273
2026-03-03,GNRC.N,82.3201932129845
2026-03-03,QNST.OQ,10.9146738624732
2026-03-03,FLOC.N,19.4202653595876
2026-03-03,KIM.N,28.8294248817663
2026-03-03,FND.N,34.4910005403833
2026-03-03,AA.N,14.3972829187875
2026-03-03,AAP.N,46.2433409945303
2026-03-03,BG.N,21.4695859805187
2026-03-03,CG.OQ,23.6289621735352
2026-03-03,HLI.N,24.8743240506018
2026-03-03,GWRE.N,144.466842895993
2026-03-03,YETI.N,21.2771165737282
2026-03-03,RMR.OQ,12.3633391233269
2026-03-03,OPBK.OQ,7.81026708896938
2026-03-03,NOVT.OQ,94.6250402317348
2026-03-03,MLR.N,16.6818880706581
2026-03-03,CVLG.N,283.530429766368
2026-03-03,USLM.OQ,26.6896632993026
2026-03-03,CPRX.OQ,14.20149258162
2026-03-03,CRUS.OQ,18.2272491975031
2026-03-03,MVBF.OQ,10.8583731161659
2026-03-03,NOG.N,80.5540420406641
2026-03-04,KGS.N,66.3699646239872
2026-03-04,AMCX.OQ,4.0861590105301
2026-03-04,UBFO.OQ,15.0121338675998
2026-03-04,KMB.OQ,21.4379582662949
2026-03-04,UNTY.OQ,9.34655253291574
2026-03-04,DASH.OQ,83.5915933427702
2026-03-04,MA.N,31.6431031686672
2026-03-04,HCKT.OQ,30.1532271871255
2026-03-04,EFX.N,38.8093238569219
2026-03-04,SPOT.N,43.9608573773113
2026-03-04,ONB.OQ,13.2534597497945
2026-03-04,GNRC.N,82.201109709399
2026-03-04,QNST.OQ,11.0542476970317
2026-03-04,FLOC.N,19.4625200709879
2026-03-04,KIM.N,28.8661814795756
2026-03-04,FND.N,33.3219021490626
2026-03-04,AA.N,13.8808390296267
2026-03-04,AAP.N,45.619755198033
2026-03-04,BG.N,21.1731871344491
2026-03-04,CG.OQ,24.0131729405846
2026-03-04,HLI.N,24.7822537580024
2026-03-04,GWRE.N,146.235475343742
2026-03-04,YETI.N,20.8756615440352
2026-03-04,RMR.OQ,12.6260783254755
2026-03-04,OPBK.OQ,7.9035936561266
2026-03-04,NOVT.OQ,96.309637126872
2026-03-04,MLR.N,17.3331329502934
2026-03-04,CVLG.N,289.395250456687
2026-03-04,USLM.OQ,27.396702625687
2026-03-04,CPRX.OQ,14.6586476521822
2026-03-04,CRUS.OQ,18.1521694746922
2026-03-04,MVBF.OQ,10.9601194909425
2026-03-04,NOG.N,81.3856786441455
2026-02-12,MTSI.OQ,111.610812224464
2026-02-12,WERN.OQ,80.1484503649815
2026-02-12,IBOC.OQ,10.7228917447063
2026-02-12,ABG.N,8.21116221307766
2026-02-12,XYL.N,32.442222742487
2026-02-12,PLD.N,39.7013230863281
2026-02-12,IRDM.OQ,19.6145422689444
2026-02-12,SLGN.N,16.5252754495697
2026-02-12,KRT.OQ,17.1492962254212
2026-02-12,FCN.N,20.4593077071742
2026-02-12,GS.N,18.3737760887613
2026-02-12,MTZ.N,63.0893295822344
2026-02-12,PLPC.OQ,35.9578835838686
2026-02-12,BIRK.N,17.7589082392698
2026-02-12,NWE.OQ,19.4862584910684
2026-02-12,DCI.N,34.292487406229
2026-02-12,CNS.N,20.76948198764
2026-02-12,NXT.OQ,29.1836547009595
2026-02-12,NNI.N,11.1629888780798
2026-02-12,LZ.OQ,53.5455861070912
2026-02-12,MOV.N,26.2783780237085
2026-02-12,SBCF.OQ,19.8035676112206
2026-02-12,OMF.N,8.69898996668764
2026-02-12,IBCP.OQ,10.9786968644524
2026-02-12,KRNY.OQ,15.5421288831038
2026-02-12,ARWR.OQ,40.4823092697869
2026-02-12,FUBO.N,2.91570755234024
2026-02-12,VNT.N,15.4618540268764
2026-02-12,MPWR.OQ,32.8851839292095
2026-02-12,WGS.OQ,1464.07233973841
2026-02-12,WTS.N,34.6844067705679
2026-02-12,MKSI.OQ,60.4969863080151
2026-02-12,UNF.N,31.0908997115114
2026-02-12,GCT.OQ,10.2550997399396
2026-02-12,GFF.N,100.782736078011
2026-02-12,AKR.N,161.048689138577
2026-02-12,LTH.N,22.8640098635183
2026-02-12,DPZ.OQ,22.2885165508786
2026-02-13,MTSI.OQ,114.025255921692
2026-02-13,WERN.OQ,81.6231228647971
2026-02-13,IBOC.OQ,10.674016685649
2026-02-13,ABG.N,8.04908595303998
2026-02-13,XYL.N,32.9541975502391
2026-02-13,PLD.N,40.4552930730827
2026-02-13,IRDM.OQ,21.7806145949859
2026-02-13,SLGN.N,16.5286729157394
2026-02-13,KRT.OQ,17.1959700487408
2026-02-13,FCN.N,20.7008879982911
2026-02-13,GS.N,18.3857605317355
2026-02-13,MTZ.N,64.0976554046502
2026-02-13,PLPC.OQ,36.9538441162837
2026-02-13,BIRK.N,16.4566217529122
2026-02-13,NWE.OQ,23.6741877286982
2026-02-13,DCI.N,34.1427657948502
2026-02-13,CNS.N,20.9327739536753
2026-02-13,NXT.OQ,29.7456648580158
2026-02-13,NNI.N,11.0911186346707
2026-02-13,LZ.OQ,55.2339604438013
2026-02-13,MOV.N,26.6392546257819
2026-02-13,SBCF.OQ,19.7323103964276
2026-02-13,OMF.N,8.66852598501477
2026-02-13,IBCP.OQ,11.1988211123612
2026-02-13,KRNY.OQ,15.6975501719348
2026-02-13,ARWR.OQ,41.4168159281468
2026-02-13,FUBO.N,2.93763016551573
2026-02-13,VNT.N,15.1371909807118
2026-02-13,MPWR.OQ,33.327283155166
2026-02-13,WGS.OQ,1455.67576295818
2026-02-13,WTS.N,33.8951399736292
2026-02-13,MKSI.OQ,63.242659810568
2026-02-13,UNF.N,31.6557078024203
2026-02-13,GCT.OQ,10.5918253837019
2026-02-13,GFF.N,102.324157684151
2026-02-13,AKR.N,164.07681887003
2026-02-13,LTH.N,22.6767278714621
2026-02-13,DPZ.OQ,21.921886858544
2026-02-17,MTSI.OQ,114.693080774116
2026-02-17,WERN.OQ,82.9257502396343
2026-02-17,IBOC.OQ,10.7465887430372
2026-02-17,ABG.N,7.97751981224413
2026-02-17,XYL.N,32.9773521897857
2026-02-17,PLD.N,39.8856631621
2026-02-17,IRDM.OQ,22.1190272516192
2026-02-17,SLGN.N,16.3893768027805
2026-02-17,KRT.OQ,17.2159731158778
2026-02-17,FCN.N,20.3728473924586
2026-02-17,GS.N,18.6071680375312
2026-02-17,MTZ.N,63.7171550943046
2026-02-17,PLPC.OQ,36.1883318985498
2026-02-17,BIRK.N,17.0639934641164
2026-02-17,NWE.OQ,23.5382853881201
2026-02-17,DCI.N,33.8994681763596
2026-02-17,CNS.N,20.7757624478722
2026-02-17,NXT.OQ,31.3167387061504
2026-02-17,NNI.N,11.1963572053769
2026-02-17,LZ.OQ,55.1535616658627
2026-02-17,MOV.N,27.1641660469796
2026-02-17,SBCF.OQ,19.9698344457376
2026-02-17,OMF.N,8.59541242899989
2026-02-17,IBCP.OQ,11.2079929560241
2026-02-17,KRNY.OQ,15.8723991218697
2026-02-17,ARWR.OQ,41.3324507437115
2026-02-17,FUBO.N,2.91570755234024
2026-02-17,VNT.N,14.7133930997012
2026-02-17,MPWR.OQ,33.3759311394894
2026-02-17,WGS.OQ,1469.88535443242
2026-02-17,WTS.N,33.993153497432
2026-02-17,MKSI.OQ,63.7762712686613
2026-02-17,UNF.N,31.5168205669509
2026-02-17,GCT.OQ,10.4084301670099
2026-02-17,GFF.N,100.651551260467
2026-02-17,AKR.N,218.440923109646
2026-02-17,LTH.N,22.6767278714621
2026-02-17,DPZ.OQ,21.8051258100298
2026-02-18,MTSI.OQ,115.2394829261
2026-02-18,WERN.OQ,83.4173077395728
2026-02-18,IBOC.OQ,10.6754977480446
2026-02-18,ABG.N,8.06101364317263
2026-02-18,XYL.N,33.2500623888899
2026-02-18,PLD.N,39.2835941830008
2026-02-18,IRDM.OQ,21.6866110792544
2026-02-18,SLGN.N,16.3859793366108
2026-02-18,KRT.OQ,17.2093054268321
2026-02-18,FCN.N,20.6767299691794
2026-02-18,GS.N,18.966498200607
2026-02-18,MTZ.N,62.8253574919322
2026-02-18,PLPC.OQ,33.3792464075227
2026-02-18,BIRK.N,17.4041268805386
2026-02-18,NWE.OQ,23.2596855899351
2026-02-18,DCI.N,33.6655281585802
2026-02-18,CNS.N,20.7443601467115
2026-02-18,NXT.OQ,31.8021111145172
2026-02-18,NNI.N,11.244270700983
2026-02-18,LZ.OQ,56.037948223187
2026-02-18,MOV.N,27.0876164647216
2026-02-18,SBCF.OQ,19.9638963445049
2026-02-18,OMF.N,8.65634039234562
2026-02-18,IBCP.OQ,11.1071026757325
2026-02-18,KRNY.OQ,15.6975501719348
2026-02-18,ARWR.OQ,41.7802351841757
2026-02-18,FUBO.N,2.89378493916475
2026-02-18,VNT.N,14.8329258353708
2026-02-18,MPWR.OQ,33.8066507199902
2026-02-18,WGS.OQ,1486.19409010173
2026-02-18,WTS.N,34.0375175134691
2026-02-18,MKSI.OQ,60.7249839310186
2026-02-18,UNF.N,31.9109957685689
2026-02-18,GCT.OQ,10.5888189047397
2026-02-18,GFF.N,97.863873887662
2026-02-18,AKR.N,215.675848133574
2026-02-18,LTH.N,22.7781722838259
2026-02-18,DPZ.OQ,22.3591569852297
2026-02-19,MTSI.OQ,113.278039303594
2026-02-19,WERN.OQ,85.2360704893455
2026-02-19,IBOC.OQ,10.6251416265916
2026-02-19,ABG.N,7.83052857208009
2026-02-19,XYL.N,33.2423441757077
2026-02-19,PLD.N,39.1176032027819
2026-02-19,IRDM.OQ,21.6960114308275
2026-02-19,SLGN.N,16.2976452161978
2026-02-19,KRT.OQ,17.1359608473299
2026-02-19,FCN.N,20.6284139109561
2026-02-19,GS.N,18.6195587328097
2026-02-19,MTZ.N,65.5435565839634
2026-02-19,PLPC.OQ,34.4612939540428
2026-02-19,BIRK.N,16.8478480652411
2026-02-19,NWE.OQ,23.2868660580507
2026-02-19,DCI.N,33.6187401550243
2026-02-19,CNS.N,20.9892980957645
2026-02-19,NXT.OQ,29.6460357847195
2026-02-19,NNI.N,11.2211695513158
2026-02-19,LZ.OQ,56.6811384466956
2026-02-19,MOV.N,27.2625869384541
2026-02-19,SBCF.OQ,19.8867010284791
2026-02-19,OMF.N,8.76296432820066
2026-02-19,IBCP.OQ,11.2293939245708
2026-02-19,KRNY.OQ,15.7752608163503
2026-02-19,ARWR.OQ,41.4427744464346
2026-02-19,FUBO.N,2.7841718732873
2026-02-19,VNT.N,14.854659060038
2026-02-19,MPWR.OQ,33.4339673313138
2026-02-19,WGS.OQ,1464.2338123688
2026-02-19,WTS.N,33.9756142352779
2026-02-19,MKSI.OQ,60.4145190826734
2026-02-19,UNF.N,31.1649729037617
2026-02-19,GCT.OQ,10.6429355260587
2026-02-19,GFF.N,95.9507619651485
2026-02-19,AKR.N,212.69807508242
2026-02-19,LTH.N,22.512856128413
2026-02-19,DPZ.OQ,22.4840913071399
2026-02-20,MTSI.OQ,113.759060001494
2026-02-20,WERN.OQ,87.0794111141151
2026-02-20,IBOC.OQ,10.595520378678
2026-02-20,ABG.N,7.93472045353288
2026-02-20,XYL.N,33.1034163384282
2026-02-20,PLD.N,39.8125145945459
2026-02-20,IRDM.OQ,21.5456058056571
2026-02-20,SLGN.N,16.4505311938356
2026-02-20,KRT.OQ,16.8492502183668
2026-02-20,FCN.N,20.5495824475389
2026-02-20,GS.N,18.733106251837
2026-02-20,MTZ.N,67.5055113091827
2026-02-20,PLPC.OQ,34.7818025296338
2026-02-20,BIRK.N,17.032316803894
2026-02-20,NWE.OQ,23.4193708401143
2026-02-20,DCI.N,33.6125017545501
2026-02-20,CNS.N,21.0772245390142
2026-02-20,NXT.OQ,30.4864964286809
2026-02-20,NNI.N,11.1587108874007
2026-02-20,LZ.OQ,52.7415983277054
2026-02-20,MOV.N,28.2249245439832
2026-02-20,SBCF.OQ,20.0410916605306
2026-02-20,OMF.N,8.70965236027314
2026-02-20,IBCP.OQ,11.3027686738737
2026-02-20,KRNY.OQ,15.9501097662852
2026-02-20,ARWR.OQ,41.2675544479921
2026-02-20,FUBO.N,2.71840403376082
2026-02-20,VNT.N,14.836548039482
2026-02-20,MPWR.OQ,34.2555777332201
2026-02-20,WGS.OQ,1325.04440497336
2026-02-20,WTS.N,33.7053032538426
2026-02-20,MKSI.OQ,62.8861103362965
2026-02-20,UNF.N,31.4678793506426
2026-02-20,GCT.OQ,10.5316958044586
2026-02-20,GFF.N,96.8799877560837
2026-02-20,AKR.N,215.675848133574
2026-02-20,LTH.N,22.5908902917697
2026-02-20,DPZ.OQ,22.4537334345263
2026-02-23,MTSI.OQ,114.665060150938
2026-02-23,WERN.OQ,80.6154299899231
2026-02-23,IBOC.OQ,10.1215804120612
2026-02-23,ABG.N,8.80924555252565
2026-02-23,XYL.N,32.7406603188651
2026-02-23,PLD.N,39.595882298328
2026-02-23,IRDM.OQ,21.790014946559
2026-02-23,SLGN.N,16.4199539983081
2026-02-23,KRT.OQ,16.4625242537189
2026-02-23,FCN.N,19.8744291076278
2026-02-23,GS.N,18.1251496785833
2026-02-23,MTZ.N,66.2284571425854
2026-02-23,PLPC.OQ,33.7725978412026
2026-02-23,BIRK.N,16.1312433880607
2026-02-23,NWE.OQ,23.5111049200045
2026-02-23,DCI.N,33.3005817308442
2026-02-23,CNS.N,20.6532934733457
2026-02-23,NXT.OQ,29.8861673972799
2026-02-23,NNI.N,10.9636345124331
2026-02-23,LZ.OQ,50.0884386557324
2026-02-23,MOV.N,27.3938147937536
2026-02-23,SBCF.OQ,19.0850573620579
2026-02-23,OMF.N,8.24964623701282
2026-02-23,IBCP.OQ,10.8564056156141
2026-02-23,KRNY.OQ,15.2118586443378
2026-02-23,ARWR.OQ,40.9755211172546
2026-02-23,FUBO.N,2.58686835470788
2026-02-23,VNT.N,14.6445712215883
2026-02-23,MPWR.OQ,33.8561521777228
2026-02-23,WGS.OQ,1406.10366542871
2026-02-23,WTS.N,33.4288019445883
2026-02-23,MKSI.OQ,61.537528651297
2026-02-23,UNF.N,30.9586261539214
2026-02-23,GCT.OQ,10.1679118500368
2026-02-23,GFF.N,94.660777925968
2026-02-23,AKR.N,218.653621184728
2026-02-23,LTH.N,22.1695058096435
2026-02-23,DPZ.OQ,23.3732266915757
2026-02-24,MTSI.OQ,115.954008817156
2026-02-24,WERN.OQ,81.5493892398063
2026-02-24,IBOC.OQ,10.1985956566364
2026-02-24,ABG.N,8.77048934703785
2026-02-24,XYL.N,32.9644885011487
2026-02-24,PLD.N,39.4720924147749
2026-02-24,IRDM.OQ,22.4762406113989
2026-02-24,SLGN.N,16.4573261261751
2026-02-24,KRT.OQ,16.5225334551298
2026-02-24,FCN.N,19.9240166410676
2026-02-24,GS.N,18.327463326081
2026-02-24,MTZ.N,68.418712054012
2026-02-24,PLPC.OQ,34.343420965499
2026-02-24,BIRK.N,16.0073798565246
2026-02-24,NWE.OQ,23.5858512073224
2026-02-24,DCI.N,33.3380121336889
2026-02-24,CNS.N,21.0269808571572
2026-02-24,NXT.OQ,30.8032657899308
2026-02-24,NNI.N,11.0098368117676
2026-02-24,LZ.OQ,75.8817242607766
2026-02-24,MOV.N,28.0608897248589
2026-02-24,SBCF.OQ,19.2216336904111
2026-02-24,OMF.N,8.40958214079538
2026-02-24,IBCP.OQ,10.8227755221836
2026-02-24,KRNY.OQ,15.1341479999223
2026-02-24,ARWR.OQ,41.3194714845677
2026-02-24,FUBO.N,2.5430231283569
2026-02-24,VNT.N,14.8293036312596
2026-02-24,MPWR.OQ,34.5278357507493
2026-02-24,WTS.N,32.5140517087153
2026-02-24,MKSI.OQ,60.9796621269268
2026-02-24,UNF.N,30.819738918452
2026-02-24,GCT.OQ,10.3693459405018
2026-02-24,GFF.N,95.6337319894178
2026-02-24,AKR.N,217.802828884399
2026-02-24,LTH.N,21.7325144948458
2026-02-24,DPZ.OQ,23.5507369981965
2026-02-25,MTSI.OQ,118.326421579616
2026-02-25,WERN.OQ,80.2467618649692
2026-02-25,IBOC.OQ,10.3467018962042
2026-02-25,ABG.N,8.67140131651234
2026-02-25,XYL.N,32.9979340916049
2026-02-25,PLD.N,39.3961304407764
2026-02-25,IRDM.OQ,22.2224311189238
2026-02-25,SLGN.N,16.2636705545005
2026-02-25,KRT.OQ,16.4958626989472
2026-02-25,FCN.N,20.3410605120485
2026-02-25,GS.N,18.7156374027559
2026-02-25,MTZ.N,67.838449080735
2026-02-25,PLPC.OQ,34.6321435666512
2026-02-25,BIRK.N,16.479300385676
2026-02-25,NWE.OQ,23.6538023776114
2026-02-25,DCI.N,32.5706888753723
2026-02-25,CNS.N,21.2310958147013
2026-02-25,NXT.OQ,29.7635469993767
2026-02-25,NNI.N,11.1869456258829
2026-02-25,LZ.OQ,77.7817361358508
2026-02-25,MOV.N,27.8968549057347
2026-02-25,SBCF.OQ,19.5304149545141
2026-02-25,OMF.N,8.58627323449802
2026-02-25,IBCP.OQ,10.9664677395686
2026-02-25,KRNY.OQ,15.4838458997921
2026-02-25,ARWR.OQ,39.9858526075331
2026-02-25,FUBO.N,2.58686835470788
2026-02-25,VNT.N,14.7351263243684
2026-02-25,MPWR.OQ,35.0478855480779
2026-02-25,WTS.N,32.4511409456667
2026-02-25,MKSI.OQ,58.7465594777063
2026-02-25,UNF.N,30.7932842069341
2026-02-25,GCT.OQ,10.6158772153992
2026-02-25,GFF.N,93.447318363688
2026-02-25,AKR.N,218.334574072105
2026-02-25,LTH.N,15.9855544215428
2026-02-25,DPZ.OQ,22.9673701184246
2026-02-26,MTSI.OQ,115.402936561309
2026-02-26,WERN.OQ,84.2037997394745
2026-02-26,IBOC.OQ,10.4814785742109
2026-02-26,ABG.N,8.72334262283619
2026-02-26,XYL.N,33.6469430070313
2026-02-26,PLD.N,40.1360563356506
2026-02-26,IRDM.OQ,21.1413906880117
2026-02-26,SLGN.N,16.131169373881
2026-02-26,KRT.OQ,16.595878034632
2026-02-26,GPOR.N,9.95094479787267
2026-02-26,FCN.N,21.3747698629858
2026-02-26,GS.N,18.1078628277738
2026-02-26,MTZ.N,68.9561687423751
2026-02-26,PLPC.OQ,34.4771869412622
2026-02-26,BIRK.N,17.028434920853
2026-02-26,NWE.OQ,23.7217535479005
2026-02-26,DCI.N,28.7496685849748
2026-02-26,CNS.N,21.0835049992463
2026-02-26,NXT.OQ,27.2983660831979
2026-02-26,NNI.N,11.2357147196248
2026-02-26,LZ.OQ,83.2442702766892
2026-02-26,MOV.N,27.8312409780849
2026-02-26,SBCF.OQ,19.5363530557469
2026-02-26,OMF.N,8.80713710162632
2026-02-26,IBCP.OQ,10.9878687081152
2026-02-26,KRNY.OQ,15.503273560896
2026-02-26,ARWR.OQ,41.1377618565532
2026-02-26,FUBO.N,2.60879096788337
2026-02-26,VNT.N,14.8582812641492
2026-02-26,MPWR.OQ,33.5736524792834
2026-02-26,WTS.N,32.4442600809583
2026-02-26,MKSI.OQ,56.168606826639
2026-02-26,UNF.N,30.7655067598402
2026-02-26,GCT.OQ,14.1244381642439
2026-02-26,GFF.N,93.7971445438048
2026-02-26,AKR.N,220.886950973094
2026-02-26,LTH.N,16.7102489929765
2026-02-26,DPZ.OQ,22.7029786963058
2026-02-27,MTSI.OQ,115.874617051483
2026-02-27,IBOC.OQ,10.1336200322838
2026-02-27,ABG.N,8.5415480507027
2026-02-27,XYL.N,33.0425069051086
2026-02-27,PLD.N,40.1107356776511
2026-02-27,IRDM.OQ,22.5138420176915
2026-02-27,SLGN.N,17.8266676560065
2026-02-27,KRT.OQ,16.4358534975363
2026-02-27,GPOR.N,10.2790304035847
2026-02-27,FCN.N,19.911282050661
2026-02-27,GS.N,16.7545486015818
2026-02-27,MTZ.N,58.7542953802114
2026-02-27,PLPC.OQ,33.5938017349844
2026-02-27,BIRK.N,17.3004516727348
2026-02-27,NWE.OQ,23.7693193671028
2026-02-27,DCI.N,28.9824280750869
2026-02-27,CNS.N,20.9987187861127
2026-02-27,NXT.OQ,26.8487579575529
2026-02-27,NNI.N,11.1972862192769
2026-02-27,LZ.OQ,83.4817717610735
2026-02-27,MOV.N,27.2844582476707
2026-02-27,SBCF.OQ,18.4793710363174
2026-02-27,OMF.N,8.38064135820616
2026-02-27,IBCP.OQ,10.6240522428215
2026-02-27,KRNY.OQ,14.862160744468
2026-02-27,ARWR.OQ,41.0598863016899
2026-02-27,FUBO.N,2.56494574153239
2026-02-27,VNT.N,14.8220592230372
2026-02-27,MPWR.OQ,32.5099401203056
2026-02-27,WTS.N,32.3145066321706
2026-02-27,MKSI.OQ,56.1181037470989
2026-02-27,UNF.N,31.0604767932657
2026-02-27,GCT.OQ,12.2857475353693
2026-02-27,GFF.N,93.1849487286004
2026-02-27,AKR.N,222.482186536212
2026-02-27,LTH.N,16.3056278572593
2026-02-27,DPZ.OQ,22.8860626488268
2026-03-02,MTSI.OQ,120.740865276844
2026-03-02,IBOC.OQ,10.3253902221363
2026-03-02,ABG.N,8.42088440062729
2026-03-02,XYL.N,32.894585833752
2026-03-02,PLD.N,40.152936774317
2026-03-02,IRDM.OQ,23.2846708466897
2026-03-02,SLGN.N,18.0047488313423
2026-03-02,KRT.OQ,16.3391720063743
2026-03-02,GPOR.N,10.3021835919758
2026-03-02,FCN.N,19.857997997004
2026-03-02,GS.N,16.7960660911654
2026-03-02,MTZ.N,60.0377342867451
2026-03-02,PLPC.OQ,34.2758757698166
2026-03-02,BIRK.N,17.8521074789743
2026-03-02,NWE.OQ,23.7659218085883
2026-03-02,DCI.N,29.90726622841
2026-03-02,CNS.N,23.0112719251049
2026-03-02,NXT.OQ,26.4962243135812
2026-03-02,NNI.N,11.3918937736827
2026-03-02,LZ.OQ,82.17551359696
2026-03-02,MOV.N,27.0001312278553
2026-03-02,SBCF.OQ,19.5874522854067
2026-03-02,OMF.N,8.47203330322476
2026-03-02,IBCP.OQ,10.8105463972998
2026-03-02,KRNY.OQ,15.0952926777145
2026-03-02,ARWR.OQ,41.7477870363159
2026-03-02,FUBO.N,2.56494574153239
2026-03-02,VNT.N,14.89088110115
2026-03-02,MPWR.OQ,88.8768925368862
2026-03-02,WTS.N,32.0166634883625
2026-03-02,MKSI.OQ,56.072191856608
2026-03-02,UNF.N,30.6173603753394
2026-03-02,GCT.OQ,11.9172305254
2026-03-02,GFF.N,92.4415680958523
2026-03-02,AKR.N,223.226629799
2026-03-02,LTH.N,15.9674370572569
2026-03-02,DPZ.OQ,22.8212441066299
2026-03-03,MTSI.OQ,112.554173204812
2026-03-03,IBOC.OQ,10.361630258014
2026-03-03,ABG.N,8.44805369931976
2026-03-03,XYL.N,32.4355204398867
2026-03-03,PLD.N,39.6690308658821
2026-03-03,IRDM.OQ,22.5608437755572
2026-03-03,SLGN.N,17.6226163092676
2026-03-03,KRT.OQ,15.9691152643405
2026-03-03,GPOR.N,10.3854365459778
2026-03-03,FCN.N,20.1389502799229
2026-03-03,GS.N,16.813218856815
2026-03-03,MTZ.N,59.2905402075189
2026-03-03,PLPC.OQ,33.267995496987
2026-03-03,BIRK.N,17.4672342221219
2026-03-03,NWE.OQ,24.0479191652878
2026-03-03,DCI.N,29.0542904991626
2026-03-03,CNS.N,22.8330463789949
2026-03-03,NXT.OQ,25.8422488580975
2026-03-03,NNI.N,11.7101852404441
2026-03-03,LZ.OQ,82.5317658235364
2026-03-03,MOV.N,26.8032894449062
2026-03-03,SBCF.OQ,19.1775961632573
2026-03-03,OMF.N,8.36693256645336
2026-03-03,IBCP.OQ,10.798317272416
2026-03-03,KRNY.OQ,15.1147203388184
2026-03-03,ARWR.OQ,41.5985255561612
2026-03-03,FUBO.N,2.63071358105886
2026-03-03,VNT.N,14.6119713845875
2026-03-03,MPWR.OQ,83.571099647162
2026-03-03,WTS.N,31.5409008428076
2026-03-03,MKSI.OQ,53.3863462628869
2026-03-03,UNF.N,30.7800568511751
2026-03-03,GCT.OQ,11.8036275373643
2026-03-03,GFF.N,89.7741434724621
2026-03-03,AKR.N,223.332978836542
2026-03-03,LTH.N,15.7983416572557
2026-03-03,DPZ.OQ,23.2198212827703
2026-03-04,MTSI.OQ,111.615482328327
2026-03-04,IBOC.OQ,10.361630258014
2026-03-04,ABG.N,8.48960674437885
2026-03-04,XYL.N,33.0017010923206
2026-03-04,PLD.N,39.2245126476687
2026-03-04,IRDM.OQ,23.0402617057878
2026-03-04,SLGN.N,17.3592045707502
2026-03-04,KRT.OQ,16.0657967555025
2026-03-04,GPOR.N,10.3342039588996
2026-03-04,FCN.N,19.9827311226102
2026-03-04,GS.N,16.9042454654325
2026-03-04,MTZ.N,59.9076160565896
2026-03-04,PLPC.OQ,33.8507383616979
2026-03-04,BIRK.N,17.4878287323722
2026-03-04,NWE.OQ,24.350301873074
2026-03-04,DCI.N,29.1948908940935
2026-03-04,CNS.N,22.5034972559991
2026-03-04,NXT.OQ,26.537097779549
2026-03-04,NNI.N,11.7612156658216
2026-03-04,LZ.OQ,78.8504928155801
2026-03-04,MOV.N,27.2407156292376
2026-03-04,SBCF.OQ,19.2571204854654
2026-03-04,OMF.N,8.30905100127492
2026-03-04,IBCP.OQ,10.8136036785208
2026-03-04,KRNY.OQ,15.1730033221301
2026-03-04,ARWR.OQ,42.2474885133557
2026-03-04,FUBO.N,2.71840403376082
2026-03-04,VNT.N,14.6807932627004
2026-03-04,MPWR.OQ,85.4885280994667
2026-03-04,WTS.N,31.4170452780557
2026-03-04,MKSI.OQ,53.9992700009412
2026-03-04,UNF.N,30.5895829282456
2026-03-04,GCT.OQ,12.3023723628867
2026-03-04,GFF.N,89.3915210879594
2026-03-04,AKR.N,226.629799000319
2026-03-04,LTH.N,15.8587328715418
2026-03-04,DPZ.OQ,23.1197505509576
2026-02-12,IIIV.OQ,387.905604719764
2026-02-12,XEL.OQ,24.080589788464
2026-02-12,CRM.N,24.7227144188502
2026-02-12,LMAT.OQ,37.9503315176188
2026-02-12,ACIC.OQ,6.39381757693374
2026-02-12,JCAP.OQ,7.45813040280842
2026-02-12,ASO.OQ,10.5630839154953
2026-02-12,III.OQ,23.9848516726278
2026-02-12,RPM.N,23.1434404129112
2026-02-12,URBN.OQ,12.9061533952864
2026-02-12,LC.N,17.1063293418565
2026-02-12,TPR.N,62.9967399826683
2026-02-12,STNG.N,11.5012168175385
2026-02-12,RVLV.N,32.2069556634893
2026-02-12,TCBI.OQ,14.8334909747239
2026-02-12,VISN.OQ,13.5790213539893
2026-02-12,ATLC.OQ,9.7489451364444
2026-02-12,JBSS.OQ,13.1838430351869
2026-02-12,SMBK.N,13.9479469065159
2026-02-12,PAYX.OQ,20.9565639121941
2026-02-12,AXP.N,22.3022116186405
2026-02-12,SIG.N,26.5826889721261
2026-02-12,ACGL.OQ,9.34683546199671
2026-02-12,TRNS.OQ,89.8431948458003
2026-02-12,MIR.N,182.35843450208
2026-02-12,EGP.N,38.4670648849477
2026-02-12,ABT.N,13.9216034010326
2026-02-12,MMM.N,29.1229749766913
2026-02-12,HWKN.OQ,36.5059627672102
2026-02-12,RMBI.OQ,12.2168077284774
2026-02-12,GAMB.OQ,82.2870388255746
2026-02-13,IIIV.OQ,409.29203539823
2026-02-13,XEL.OQ,24.8763651663811
2026-02-13,CRM.N,25.2946846763968
2026-02-13,LMAT.OQ,38.4148505870031
2026-02-13,ACIC.OQ,6.40536918953886
2026-02-13,JCAP.OQ,7.36793905840236
2026-02-13,ASO.OQ,10.7149522621065
2026-02-13,III.OQ,24.9316221333894
2026-02-13,RPM.N,22.7659656420923
2026-02-13,URBN.OQ,13.2691744107999
2026-02-13,LC.N,13.501926990863
2026-02-13,TPR.N,63.4671728634507
2026-02-13,STNG.N,9.96881123587246
2026-02-13,RVLV.N,32.5835692579413
2026-02-13,TCBI.OQ,15.213007106366
2026-02-13,VISN.OQ,13.9123377799677
2026-02-13,ATLC.OQ,9.20753430858287
2026-02-13,JBSS.OQ,13.3673690708577
2026-02-13,SMBK.N,13.9177420166798
2026-02-13,PAYX.OQ,21.3894290259855
2026-02-13,AXP.N,21.9522760770275
2026-02-13,SIG.N,26.8028477839826
2026-02-13,ACGL.OQ,9.20923057337242
2026-02-13,TRNS.OQ,89.7306835946752
2026-02-13,MIR.N,191.102810085746
2026-02-13,EGP.N,39.1896052712605
2026-02-13,ABT.N,14.0727215504472
2026-02-13,MMM.N,28.6576345025777
2026-02-13,HWKN.OQ,37.1289573451314
2026-02-13,RMBI.OQ,12.1911601265282
2026-02-13,GAMB.OQ,81.900714699633
2026-02-17,IIIV.OQ,405.604719764012
2026-02-17,XEL.OQ,24.6202535504997
2026-02-17,CRM.N,24.5707223224392
2026-02-17,LMAT.OQ,39.1116291910795
2026-02-17,ACIC.OQ,6.52088531559006
2026-02-17,JCAP.OQ,7.39915913915831
2026-02-17,ASO.OQ,10.9363506951179
2026-02-17,III.OQ,24.1426467494214
2026-02-17,RPM.N,22.6484862491333
2026-02-17,URBN.OQ,13.541440172435
2026-02-17,LC.N,13.4326419261248
2026-02-17,TPR.N,63.4878058845377
2026-02-17,STNG.N,9.89953428926094
2026-02-17,RVLV.N,31.9861821770863
2026-02-17,TCBI.OQ,15.3527514184048
2026-02-17,VISN.OQ,13.8398776873637
2026-02-17,ATLC.OQ,9.37794558554912
2026-02-17,JBSS.OQ,13.3106428416504
2026-02-17,SMBK.N,13.9546591042572
2026-02-17,PAYX.OQ,21.1378686718973
2026-02-17,AXP.N,22.4095338572393
2026-02-17,SIG.N,28.4451135156685
2026-02-17,ACGL.OQ,9.25603495725823
2026-02-17,TRNS.OQ,89.7129186602871
2026-02-17,MIR.N,186.688173868749
2026-02-17,EGP.N,39.5816655376973
2026-02-17,ABT.N,14.0202673167661
2026-02-17,MMM.N,27.9571219609014
2026-02-17,HWKN.OQ,36.7110951282331
2026-02-17,RMBI.OQ,12.2852013336753
2026-02-17,GAMB.OQ,80.3554181958663
2026-02-18,IIIV.OQ,403.761061946903
2026-02-18,XEL.OQ,24.2940161350318
2026-02-18,CRM.N,25.037364723701
2026-02-18,LMAT.OQ,39.7076159216102
2026-02-18,ACIC.OQ,6.35916273911838
2026-02-18,JCAP.OQ,7.36100126267882
2026-02-18,ASO.OQ,10.8027797396647
2026-02-18,III.OQ,24.563433620871
2026-02-18,RPM.N,22.523303289423
2026-02-18,URBN.OQ,13.2597207385209
2026-02-18,LC.N,14.0562075087689
2026-02-18,TPR.N,63.9623653695375
2026-02-18,STNG.N,10.0013289863228
2026-02-18,RVLV.N,32.3627957715384
2026-02-18,TCBI.OQ,15.4351270128697
2026-02-18,VISN.OQ,13.7022035114161
2026-02-18,ATLC.OQ,9.73474419669722
2026-02-18,JBSS.OQ,13.457463670187
2026-02-18,SMBK.N,13.853976138137
2026-02-18,PAYX.OQ,21.3690322405189
2026-02-18,AXP.N,22.5207587226962
2026-02-18,SIG.N,28.3380092288194
2026-02-18,ACGL.OQ,9.17927576768551
2026-02-18,TRNS.OQ,90.6959116964328
2026-02-18,MIR.N,182.103743951099
2026-02-18,EGP.N,39.2676067902375
2026-02-18,ABT.N,14.1489050803174
2026-02-18,MMM.N,27.3817009445244
2026-02-18,HWKN.OQ,36.6756401522538
2026-02-18,RMBI.OQ,12.0372745148329
2026-02-18,GAMB.OQ,82.4802008885455
2026-02-19,IIIV.OQ,399.705014749262
2026-02-19,XEL.OQ,24.6415961851565
2026-02-19,CRM.N,24.7040487227998
2026-02-19,LMAT.OQ,40.2553978430539
2026-02-19,ACIC.OQ,6.4284724147491
2026-02-19,JCAP.OQ,7.31937448833756
2026-02-19,ASO.OQ,10.8082689570121
2026-02-19,III.OQ,24.5108352619398
2026-02-19,RPM.N,22.043756259148
2026-02-19,URBN.OQ,13.0403955416482
2026-02-19,LC.N,14.3593296669987
2026-02-19,TPR.N,62.8481822308423
2026-02-19,STNG.N,10.2416775766076
2026-02-19,RVLV.N,32.5575959065998
2026-02-19,TCBI.OQ,15.3924682228789
2026-02-19,VISN.OQ,13.4341011687813
2026-02-19,ATLC.OQ,9.71699302201323
2026-02-19,JBSS.OQ,13.9396366184494
2026-02-19,SMBK.N,13.8908932257144
2026-02-19,PAYX.OQ,20.9271018887423
2026-02-19,AXP.N,22.2872515490176
2026-02-19,SIG.N,28.2844570853948
2026-02-19,ACGL.OQ,9.20548622266156
2026-02-19,TRNS.OQ,92.3658155289213
2026-02-19,MIR.N,182.273537651753
2026-02-19,EGP.N,39.1321304678039
2026-02-19,ABT.N,14.0115249444859
2026-02-19,MMM.N,27.5284750008756
2026-02-19,HWKN.OQ,36.7060301316646
2026-02-19,RMBI.OQ,12.0458237154826
2026-02-19,GAMB.OQ,81.900714699633
2026-02-20,IIIV.OQ,406.342182890856
2026-02-20,XEL.OQ,24.8641693751486
2026-02-20,CRM.N,24.6867162907529
2026-02-20,LMAT.OQ,40.7286814231813
2026-02-20,ACIC.OQ,5.07628410409878
2026-02-20,JCAP.OQ,7.31937448833756
2026-02-20,ASO.OQ,10.755206522654
2026-02-20,III.OQ,25.0368188512518
2026-02-20,RPM.N,22.2575302364995
2026-02-20,URBN.OQ,12.9231700053886
2026-02-20,LC.N,14.0821894080457
2026-02-20,TPR.N,64.8248256509718
2026-02-20,STNG.N,10.131399988124
2026-02-20,RVLV.N,32.713436014649
2026-02-20,TCBI.OQ,15.4483659476944
2026-02-20,VISN.OQ,13.7456795669785
2026-02-20,ATLC.OQ,9.66906485036647
2026-02-20,JBSS.OQ,13.8445367636018
2026-02-20,SMBK.N,14.0150688839293
2026-02-20,PAYX.OQ,20.6778078441504
2026-02-20,AXP.N,22.5168560958381
2026-02-20,SIG.N,29.1323660229501
2026-02-20,ACGL.OQ,9.2195275378273
2026-02-20,TRNS.OQ,92.732957506277
2026-02-20,MIR.N,194.302410518627
2026-02-20,EGP.N,39.6001395816655
2026-02-20,ABT.N,14.0140227651374
2026-02-20,MMM.N,27.8637202886779
2026-02-20,HWKN.OQ,37.1010998640049
2026-02-20,RMBI.OQ,12.0629221167821
2026-02-20,GAMB.OQ,83.6391732663705
2026-02-23,IIIV.OQ,394.911504424779
2026-02-23,XEL.OQ,25.4129799806087
2026-02-23,CRM.N,23.7534314882293
2026-02-23,LMAT.OQ,40.0450495852195
2026-02-23,ACIC.OQ,4.98305574589679
2026-02-23,JCAP.OQ,6.93779572354271
2026-02-23,ASO.OQ,10.7753336529278
2026-02-23,III.OQ,23.4062697243846
2026-02-23,RPM.N,22.342269470765
2026-02-23,URBN.OQ,12.4599400637177
2026-02-23,LC.N,12.7744338111116
2026-02-23,TPR.N,63.1246647134074
2026-02-23,STNG.N,10.1511934014415
2026-02-23,RVLV.N,31.5576218799512
2026-02-23,TCBI.OQ,14.3451213789675
2026-02-23,VISN.OQ,12.9703565761157
2026-02-23,ATLC.OQ,9.33001741390236
2026-02-23,JBSS.OQ,13.8745682967116
2026-02-23,SMBK.N,13.4613125702683
2026-02-23,PAYX.OQ,19.8052786880788
2026-02-23,AXP.N,20.894664198472
2026-02-23,SIG.N,28.1119001788047
2026-02-23,ACGL.OQ,9.23918537905934
2026-02-23,TRNS.OQ,92.3776588185134
2026-02-23,MIR.N,187.18042366691
2026-02-23,EGP.N,39.2881335057577
2026-02-23,ABT.N,30.8901309126374
2026-02-23,MMM.N,27.7436324243905
2026-02-23,HWKN.OQ,36.4781052860837
2026-02-23,RMBI.OQ,11.9688809096349
2026-02-23,GAMB.OQ,79.582769943983
2026-02-24,IIIV.OQ,401.733038348083
2026-02-24,XEL.OQ,25.5837210578629
2026-02-24,CRM.N,24.7213811548466
2026-02-24,LMAT.OQ,39.7689674968119
2026-02-24,ACIC.OQ,5.15086679066038
2026-02-24,JCAP.OQ,6.95514021285157
2026-02-24,ASO.OQ,11.1943439104452
2026-02-24,III.OQ,24.300441826215
2026-02-24,RPM.N,22.4077497881519
2026-02-24,URBN.OQ,12.268975883682
2026-02-24,LC.N,13.0082709046031
2026-02-24,TPR.N,63.7601617628854
2026-02-24,STNG.N,10.3731623936458
2026-02-24,RVLV.N,33.635489987273
2026-02-24,TCBI.OQ,14.2318549365781
2026-02-24,VISN.OQ,13.0065866224177
2026-02-24,ATLC.OQ,9.34599347111795
2026-02-24,JBSS.OQ,13.8779051337237
2026-02-24,SMBK.N,13.3908344939842
2026-02-24,PAYX.OQ,20.0523064231744
2026-02-24,AXP.N,20.8452309249356
2026-02-24,SIG.N,28.8675804249065
2026-02-24,ACGL.OQ,9.28411758758972
2026-02-24,TRNS.OQ,94.3910180491733
2026-02-24,MIR.N,192.202337472608
2026-02-24,EGP.N,39.1177617669397
2026-02-24,ABT.N,30.6998976491455
2026-02-24,MMM.N,27.7636470684384
2026-02-24,HWKN.OQ,37.1644123211107
2026-02-24,RMBI.OQ,12.0244507138583
2026-02-24,GAMB.OQ,81.3212285107205
2026-02-25,IIIV.OQ,410.213864306785
2026-02-25,XEL.OQ,25.4739589367709
2026-02-25,CRM.N,25.5653372691287
2026-02-25,LMAT.OQ,40.0450495852195
2026-02-25,ACIC.OQ,5.25341798468258
2026-02-25,JCAP.OQ,7.11470951449306
2026-02-25,ASO.OQ,11.1961736495611
2026-02-25,III.OQ,24.6686303387334
2026-02-25,RPM.N,21.9975348586396
2026-02-25,URBN.OQ,12.3767477476626
2026-02-25,LC.N,13.9436192785693
2026-02-25,TPR.N,64.7546733792762
2026-02-25,STNG.N,10.4339564488354
2026-02-25,RVLV.N,31.6355419339757
2026-02-25,TCBI.OQ,14.6319649668365
2026-02-25,VISN.OQ,12.8978964835117
2026-02-25,ATLC.OQ,9.66995240910067
2026-02-25,JBSS.OQ,13.7444316532359
2026-02-25,SMBK.N,13.7969224573356
2026-02-25,PAYX.OQ,20.6755415346541
2026-02-25,AXP.N,21.2751703171405
2026-02-25,SIG.N,29.23649519072
2026-02-25,ACGL.OQ,9.30096716578862
2026-02-25,TRNS.OQ,90.9031692642948
2026-02-25,MIR.N,196.219868517166
2026-02-25,EGP.N,39.1752365703964
2026-02-25,ABT.N,30.7481258004534
2026-02-25,MMM.N,27.6102014640712
2026-02-25,HWKN.OQ,37.1340223416999
2026-02-25,RMBI.OQ,12.0800205180816
2026-02-25,GAMB.OQ,81.5143905736913
2026-02-26,IIIV.OQ,418.325958702065
2026-02-26,XEL.OQ,24.3764966999591
2026-02-26,CRM.N,26.5946170799118
2026-02-26,LMAT.OQ,49.8218613191465
2026-02-26,ACIC.OQ,5.29537074587348
2026-02-26,JCAP.OQ,7.24999653110214
2026-02-26,ASO.OQ,11.1870249539821
2026-02-26,III.OQ,25.1420155691142
2026-02-26,RPM.N,21.9493875664433
2026-02-26,URBN.OQ,13.5716865722017
2026-02-26,LC.N,14.4805785302906
2026-02-26,TPR.N,66.2278710848843
2026-02-26,STNG.N,10.8877911399027
2026-02-26,RVLV.N,30.7217867697735
2026-02-26,TCBI.OQ,14.9305764967719
2026-02-26,VISN.OQ,12.9123885020325
2026-02-26,ATLC.OQ,9.56965827213616
2026-02-26,JBSS.OQ,13.5141898993944
2026-02-26,SMBK.N,13.7767858641116
2026-02-26,PAYX.OQ,21.4120921209484
2026-02-26,AXP.N,21.8104806345151
2026-02-26,SIG.N,29.8106931729942
2026-02-26,ACGL.OQ,9.32811370844239
2026-02-26,TRNS.OQ,90.613008669288
2026-02-26,MIR.N,200.146092037984
2026-02-26,EGP.N,40.0127265636225
2026-02-26,ABT.N,31.1500270613516
2026-02-26,MMM.N,27.7152783453227
2026-02-26,HWKN.OQ,37.8583168509903
2026-02-26,RMBI.OQ,12.0030777122339
2026-02-26,GAMB.OQ,83.6391732663705
2026-02-27,IIIV.OQ,412.610619469027
2026-02-27,XEL.OQ,24.3443724081537
2026-02-27,CRM.N,25.9706495262246
2026-02-27,LMAT.OQ,43.7465627123031
2026-02-27,ACIC.OQ,5.30935499960378
2026-02-27,JCAP.OQ,7.15633628883431
2026-02-27,ASO.OQ,11.0022213032866
2026-02-27,III.OQ,25.2998106459078
2026-02-27,RPM.N,21.978275941761
2026-02-27,URBN.OQ,13.0663998120965
2026-02-27,LC.N,12.9130039405881
2026-02-27,TPR.N,64.1563157677547
2026-02-27,STNG.N,11.1804508939554
2026-02-27,RVLV.N,29.3901199668251
2026-02-27,TCBI.OQ,14.0185609866243
2026-02-27,VISN.OQ,0.436310033913979
2026-02-27,ATLC.OQ,9.2856394771924
2026-02-27,JBSS.OQ,13.7828052788762
2026-02-27,SMBK.N,13.1592636719078
2026-02-27,PAYX.OQ,21.2239884327563
2026-02-27,AXP.N,20.0920239413149
2026-02-27,SIG.N,28.6176704222586
2026-02-27,ACGL.OQ,8.61731465029534
2026-02-27,TRNS.OQ,92.3421289497371
2026-02-27,MIR.N,197.315558802045
2026-02-27,EGP.N,40.295995237802
2026-02-27,ABT.N,31.1741411370055
2026-02-27,MMM.N,27.5735079499834
2026-02-27,HWKN.OQ,37.7595494179053
2026-02-27,RMBI.OQ,11.541420877148
2026-02-27,GAMB.OQ,84.218659455283
2026-03-02,IIIV.OQ,413.901179941003
2026-03-02,XEL.OQ,24.4728695753753
2026-03-02,CRM.N,25.7253289495613
2026-03-02,LMAT.OQ,43.4291190838213
2026-03-02,ACIC.OQ,5.37927626825528
2026-03-02,JCAP.OQ,7.18755636959025
2026-03-02,ASO.OQ,11.0186889553287
2026-03-02,III.OQ,25.4576057227014
2026-03-02,RPM.N,21.304213851013
2026-03-02,URBN.OQ,12.9657372153568
2026-03-02,LC.N,13.03425280388
2026-03-02,TPR.N,64.5483431684067
2026-03-02,STNG.N,11.0673456749978
2026-03-02,RVLV.N,28.1402221780929
2026-03-02,TCBI.OQ,14.1788991972793
2026-03-02,VISN.OQ,0.4432631818648
2026-03-02,ATLC.OQ,9.41344793491709
2026-03-02,JBSS.OQ,13.8178420675042
2026-03-02,SMBK.N,13.3606296041481
2026-03-02,PAYX.OQ,21.3599670025337
2026-03-02,AXP.N,19.9964095832905
2026-03-02,SIG.N,28.6176704222586
2026-03-02,ACGL.OQ,8.69561476344331
2026-03-02,TRNS.OQ,95.6108768771614
2026-03-02,MIR.N,203.433162892622
2026-03-02,EGP.N,40.2836792084898
2026-03-02,ABT.N,30.5766479291368
2026-03-02,MMM.N,26.9297035664428
2026-03-02,HWKN.OQ,37.288504737038
2026-03-02,RMBI.OQ,11.8064460972899
2026-03-02,GAMB.OQ,84.6049835812246
2026-03-03,IIIV.OQ,430.494100294985
2026-03-03,XEL.OQ,24.2888849950353
2026-03-03,CRM.N,25.0934042937176
2026-03-03,LMAT.OQ,43.6131150723044
2026-03-03,ACIC.OQ,5.40724477571588
2026-03-03,JCAP.OQ,7.05573825084294
2026-03-03,ASO.OQ,10.9381804342337
2026-03-03,III.OQ,25.089417210183
2026-03-03,RPM.N,20.9768122640783
2026-03-03,URBN.OQ,12.9973176378633
2026-03-03,LC.N,12.8697007751267
2026-03-03,TPR.N,63.7230223249288
2026-03-03,STNG.N,11.2271067967754
2026-03-03,RVLV.N,28.29207891878
2026-03-03,TCBI.OQ,14.0523938200652
2026-03-03,VISN.OQ,0.43233680651351
2026-03-03,ATLC.OQ,9.58208409441495
2026-03-03,JBSS.OQ,13.3898927206901
2026-03-03,SMBK.N,13.3740539996308
2026-03-03,PAYX.OQ,21.6568535465477
2026-03-03,AXP.N,20.0217766578684
2026-03-03,SIG.N,28.8973316156979
2026-03-03,ACGL.OQ,8.64570919682153
2026-03-03,TRNS.OQ,94.2607418636601
2026-03-03,MIR.N,199.963476990504
2026-03-03,EGP.N,40.1215181558799
2026-03-03,ABT.N,30.4400015004314
2026-03-03,MMM.N,26.4326732392534
2026-03-03,HWKN.OQ,38.2280616004883
2026-03-03,RMBI.OQ,12.0543729161323
2026-03-03,GAMB.OQ,84.4118215182538
2026-03-04,IIIV.OQ,437.131268436578
2026-03-04,XEL.OQ,24.2509199229017
2026-03-04,CRM.N,24.7132593778679
2026-03-04,LMAT.OQ,43.0307980977646
2026-03-04,ACIC.OQ,5.44453611899668
2026-03-04,JCAP.OQ,7.31937448833756
2026-03-04,ASO.OQ,11.1321327805082
2026-03-04,III.OQ,25.5102040816327
2026-03-04,RPM.N,20.967182805639
2026-03-04,URBN.OQ,13.2045641605628
2026-03-04,LC.N,13.5192482570476
2026-03-04,TPR.N,64.7505467750589
2026-03-04,STNG.N,11.337384385259
2026-03-04,RVLV.N,28.8527807305477
2026-03-04,TCBI.OQ,14.1332984217719
2026-03-04,VISN.OQ,0.43606170720145
2026-03-04,ATLC.OQ,10.1589972716444
2026-03-04,JBSS.OQ,13.235564008876
2026-03-04,SMBK.N,13.4109710872082
2026-03-04,PAYX.OQ,21.7089786649624
2026-03-04,AXP.N,20.2422750753532
2026-03-04,SIG.N,28.4718895873807
2026-03-04,ACGL.OQ,8.46845839123383
2026-03-04,TRNS.OQ,94.2015254156994
2026-03-04,MIR.N,197.224251278305
2026-03-04,EGP.N,39.9901471765503
2026-03-04,ABT.N,30.303355071726
2026-03-04,MMM.N,26.8346340072153
2026-03-04,HWKN.OQ,38.2584515798991
2026-03-04,RMBI.OQ,11.9774301102847
2026-03-04,GAMB.OQ,83.4460112033996
2026-02-05,CLSK.OQ,7.48045036565057
2026-02-12,SCHW.N,22.1072064656836
2026-02-12,DCH.N,25.0415874524715
2026-02-12,TMHC.N,7.88213042656447
2026-02-12,EPRT.N,24.8147712572034
2026-02-12,BSY.OQ,41.1875543530776
2026-02-12,ALNT.OQ,58.6317759687631
2026-02-12,HLIO.N,72.7392973832016
2026-02-12,COLM.OQ,18.611645813282
2026-02-12,PLOW.N,23.3982429953397
2026-02-12,PLUS.OQ,17.4831057697018
2026-02-12,HOLX.OQ,31.0885344688056
2026-02-12,CRS.N,42.7642550422146
2026-02-12,SKT.N,35.8399624645439
2026-02-12,LVS.N,24.1795832925589
2026-02-12,CXW.N,17.723352948765
2026-02-12,PSTG.N,187.48676127939
2026-02-12,BOW.N,15.8089817628203
2026-02-12,CATY.OQ,12.1819259901852
2026-02-12,COKE.OQ,26.019769938821
2026-02-12,TTC.N,31.0620357104537
2026-02-12,ADSK.OQ,43.3862598205845
2026-02-12,SNX.N,15.783789854295
2026-02-12,SPGI.N,27.0935422964847
2026-02-12,GWRS.OQ,55.7968797797492
2026-02-12,GAP.N,12.2009773346317
2026-02-12,APG.N,120.571271628673
2026-02-12,ARHS.OQ,17.5330785627869
2026-02-12,SW.N,36.1422918233512
2026-02-12,PXED.N,6.89917876466358
2026-02-12,BVS.OQ,72.108964657705
2026-02-12,BDC.N,26.8037135514077
2026-02-12,HRB.N,6.47210759136656
2026-02-12,SLM.OQ,8.72371610575568
2026-02-12,OMC.N,9.91842036586247
2026-02-13,SCHW.N,21.7909906390815
2026-02-13,DCH.N,21.5363593155894
2026-02-13,TMHC.N,8.29026273366779
2026-02-13,EPRT.N,25.1597475400839
2026-02-13,BSY.OQ,41.1875543530776
2026-02-13,ALNT.OQ,59.6974826039064
2026-02-13,HLIO.N,74.6740106804071
2026-02-13,COLM.OQ,19.0357314725698
2026-02-13,PLOW.N,24.0705080728781
2026-02-13,PLUS.OQ,17.8643307584673
2026-02-13,HOLX.OQ,31.1424860037268
2026-02-13,CRS.N,44.1378989755777
2026-02-13,SKT.N,36.0638955831858
2026-02-13,LVS.N,24.3157343862351
2026-02-13,CXW.N,18.7752428774151
2026-02-13,PSTG.N,195.535903410294
2026-02-13,BOW.N,15.4556725401648
2026-02-13,CATY.OQ,12.3042066866776
2026-02-13,COKE.OQ,25.7352532119395
2026-02-13,TTC.N,31.5858900158419
2026-02-13,ADSK.OQ,44.8868897745561
2026-02-13,SNX.N,16.1979125408984
2026-02-13,SPGI.N,27.935270171456
2026-02-13,GWRS.OQ,56.2251453043744
2026-02-13,GAP.N,12.4163678870636
2026-02-13,APG.N,121.971985718209
2026-02-13,ARHS.OQ,17.7635242832178
2026-02-13,SW.N,36.2406955739399
2026-02-13,PXED.N,7.0996634363574
2026-02-13,BVS.OQ,73.6223626813852
2026-02-13,BDC.N,26.5745916212419
2026-02-13,HRB.N,7.0910000251211
2026-02-13,SLM.OQ,8.47003776988556
2026-02-13,OMC.N,10.1734949493758
2026-02-17,SCHW.N,21.6421831912687
2026-02-17,TMHC.N,8.19756011524019
2026-02-17,EPRT.N,25.6301697440119
2026-02-17,BSY.OQ,40.1971204947338
2026-02-17,ALNT.OQ,59.0885073838245
2026-02-17,HLIO.N,73.1242658454006
2026-02-17,COLM.OQ,19.2522858517806
2026-02-17,PLOW.N,24.1901484680332
2026-02-17,PLUS.OQ,17.5512577230006
2026-02-17,HOLX.OQ,31.1881373025062
2026-02-17,CRS.N,43.5661284043301
2026-02-17,SKT.N,37.2262151037557
2026-02-17,LVS.N,24.4731590882982
2026-02-17,CXW.N,18.5470026098778
2026-02-17,PSTG.N,192.464520228765
2026-02-17,BOW.N,15.892491215448
2026-02-17,CATY.OQ,12.4126442854539
2026-02-17,COKE.OQ,26.401244879891
2026-02-17,TTC.N,31.6142917552906
2026-02-17,ADSK.OQ,43.7415189170615
2026-02-17,SNX.N,16.0294558548224
2026-02-17,SPGI.N,27.997342486385
2026-02-17,GWRS.OQ,55.9804221474457
2026-02-17,GAP.N,12.3849567648339
2026-02-17,APG.N,122.026915682505
2026-02-17,ARHS.OQ,17.2642252222841
2026-02-17,SW.N,35.7205614636855
2026-02-17,PXED.N,7.13725431229998
2026-02-17,BVS.OQ,74.6016202261195
2026-02-17,BDC.N,26.0080032823049
2026-02-17,HRB.N,6.9722457573896
2026-02-17,SLM.OQ,8.42071142679971
2026-02-17,OMC.N,10.023104154472
2026-02-18,SCHW.N,22.1769599568458
2026-02-18,TMHC.N,8.11810072801654
2026-02-18,EPRT.N,25.3479164216551
2026-02-18,BSY.OQ,41.3566528166973
2026-02-18,ALNT.OQ,60.0825698754288
2026-02-18,HLIO.N,72.9663300660369
2026-02-18,COLM.OQ,19.3334937439846
2026-02-18,PLOW.N,23.9736563244192
2026-02-18,PLUS.OQ,17.8281250332773
2026-02-18,HOLX.OQ,31.2088878928606
2026-02-18,CRS.N,43.2604868184803
2026-02-18,SKT.N,36.8210027938322
2026-02-18,LVS.N,25.0347823497126
2026-02-18,CXW.N,18.4179972412698
2026-02-18,PSTG.N,192.226223257784
2026-02-18,BOW.N,15.5777248170822
2026-02-18,CATY.OQ,12.3480431627787
2026-02-18,COKE.OQ,27.0672365478425
2026-02-18,TTC.N,31.3144956166649
2026-02-18,ADSK.OQ,44.5995764069134
2026-02-18,SNX.N,16.1588065244879
2026-02-18,SPGI.N,28.6064697087103
2026-02-18,GWRS.OQ,53.9614561027837
2026-02-18,GAP.N,12.5734234982118
2026-02-18,APG.N,121.285361164515
2026-02-18,ARHS.OQ,17.4562633226432
2026-02-18,SW.N,36.4375030751172
2026-02-18,PXED.N,7.52318730531059
2026-02-18,BVS.OQ,75.5808777708537
2026-02-18,BDC.N,24.8193900110117
2026-02-18,HRB.N,7.23487538794964
2026-02-18,SLM.OQ,8.42071142679971
2026-02-18,OMC.N,10.3445276180899
2026-02-19,SCHW.N,21.8258673846626
2026-02-19,IOSP.OQ,17.6948336908263
2026-02-19,TMHC.N,8.6380713757825
2026-02-19,EPRT.N,25.5282449331608
2026-02-19,BSY.OQ,41.2721035848874
2026-02-19,ALNT.OQ,60.5303457725477
2026-02-19,HLIO.N,72.7392973832016
2026-02-19,COLM.OQ,18.8342155919153
2026-02-19,PLOW.N,23.9280790310267
2026-02-19,PLUS.OQ,17.6257989219213
2026-02-19,HOLX.OQ,31.1839871844354
2026-02-19,CRS.N,44.6236715340767
2026-02-19,SKT.N,37.2795325129561
2026-02-19,LVS.N,24.715678223909
2026-02-19,CXW.N,18.5172321401991
2026-02-19,PSTG.N,194.847489938572
2026-02-19,BOW.N,15.7768627425789
2026-02-19,CATY.OQ,12.2788276741981
2026-02-19,COKE.OQ,29.0261726465388
2026-02-19,TTC.N,31.6994969736369
2026-02-19,ADSK.OQ,44.4753327884733
2026-02-19,SNX.N,16.1738473000304
2026-02-19,SPGI.N,28.421616990625
2026-02-19,GWRS.OQ,53.9002753135515
2026-02-19,GAP.N,12.6631695617251
2026-02-19,APG.N,121.971985718209
2026-02-19,ARHS.OQ,17.0337795018532
2026-02-19,SW.N,34.9895621735983
2026-02-19,PXED.N,7.40540256069047
2026-02-19,BVS.OQ,76.3820884892727
2026-02-19,BDC.N,24.4624833598617
2026-02-19,HRB.N,7.040757834927
2026-02-19,SLM.OQ,8.24806922599921
2026-02-19,OMC.N,11.9339519014852
2026-02-20,SCHW.N,21.8630692466158
2026-02-20,IOSP.OQ,17.3865762444824
2026-02-20,TMHC.N,8.74364923430302
2026-02-20,EPRT.N,25.6693715943393
2026-02-20,BSY.OQ,40.8735143492125
2026-02-20,ALNT.OQ,61.2288761720534
2026-02-20,HLIO.N,73.2723306385541
2026-02-20,COLM.OQ,19.3184552454283
2026-02-20,PLOW.N,24.378154803277
2026-02-20,PLUS.OQ,17.4532892901335
2026-02-20,HOLX.OQ,31.3043406084903
2026-02-20,CRS.N,45.2918993358397
2026-02-20,SKT.N,37.9406683870417
2026-02-20,LVS.N,24.6816404504899
2026-02-20,CXW.N,16.6119220807574
2026-02-20,PSTG.N,195.747722940055
2026-02-20,BOW.N,15.9952720802205
2026-02-20,CATY.OQ,12.345735979826
2026-02-20,COKE.OQ,29.9176943246354
2026-02-20,TTC.N,32.1129000700576
2026-02-20,ADSK.OQ,44.0637758023905
2026-02-20,SNX.N,16.2049315694849
2026-02-20,SPGI.N,28.4768681720454
2026-02-20,GWRS.OQ,54.5732639951055
2026-02-20,GAP.N,12.9099712363866
2026-02-20,APG.N,122.603680307608
2026-02-20,ARHS.OQ,17.6290976129664
2026-02-20,SW.N,34.2585628835111
2026-02-20,PXED.N,7.41292073587899
2026-02-20,BVS.OQ,76.3820884892727
2026-02-20,BDC.N,24.6603889436747
2026-02-20,HRB.N,6.94027345453881
2026-02-20,SLM.OQ,6.53288701574252
2026-02-20,OMC.N,12.2760172389135
2026-02-23,SCHW.N,21.5654543509903
2026-02-23,IOSP.OQ,16.9070646612807
2026-02-23,TMHC.N,8.58528244652224
2026-02-23,EPRT.N,25.9594652867615
2026-02-23,BSY.OQ,38.8926466325249
2026-02-23,ALNT.OQ,58.792975291726
2026-02-23,HLIO.N,72.0384573622751
2026-02-23,COLM.OQ,18.5905919153032
2026-02-23,PLOW.N,24.2926973781662
2026-02-23,PLUS.OQ,16.7781590027665
2026-02-23,HOLX.OQ,31.3084907265612
2026-02-23,CRS.N,44.7468578766626
2026-02-23,SKT.N,37.972658832562
2026-02-23,LVS.N,23.7073091863696
2026-02-23,CXW.N,14.9039655029744
2026-02-23,PSTG.N,181.211607710231
2026-02-23,BOW.N,15.9246102356894
2026-02-23,CATY.OQ,11.8289269984242
2026-02-23,COKE.OQ,30.4233824956368
2026-02-23,TTC.N,31.7563004525344
2026-02-23,ADSK.OQ,42.4447261495932
2026-02-23,SNX.N,15.7707545154915
2026-02-23,SPGI.N,27.6105842164428
2026-02-23,GWRS.OQ,54.3285408381768
2026-02-23,GAP.N,12.1336677869967
2026-02-23,APG.N,121.148036253776
2026-02-23,ARHS.OQ,16.1504042402013
2026-02-23,SW.N,32.5364972482094
2026-02-23,PXED.N,7.02197562607604
2026-02-23,BVS.OQ,77.094275794534
2026-02-23,BDC.N,24.5081538792032
2026-02-23,HRB.N,6.62283416194885
2026-02-23,SLM.OQ,5.74084673153303
2026-02-23,OMC.N,163.302863614302
2026-02-24,SCHW.N,21.651483656757
2026-02-24,IOSP.OQ,16.9755663160238
2026-02-24,TMHC.N,8.61232067858237
2026-02-24,EPRT.N,26.084911207809
2026-02-24,BSY.OQ,39.0617450961445
2026-02-24,ALNT.OQ,60.4228795572392
2026-02-24,HLIO.N,73.4993633213894
2026-02-24,COLM.OQ,18.5695380173243
2026-02-24,PLOW.N,25.2897006711256
2026-02-24,PLUS.OQ,16.5566651545452
2026-02-24,HOLX.OQ,31.2711396639234
2026-02-24,CRS.N,45.6103244100711
2026-02-24,SKT.N,37.9193414233616
2026-02-24,LVS.N,23.422242833985
2026-02-24,CXW.N,15.1430173864274
2026-02-24,PSTG.N,179.305231942385
2026-02-24,BOW.N,15.6483866616133
2026-02-24,CATY.OQ,11.8104695348027
2026-02-24,COKE.OQ,32.0488087595699
2026-02-24,TTC.N,31.9772028704691
2026-02-24,ADSK.OQ,42.8854027337479
2026-02-24,SNX.N,15.7667436420135
2026-02-24,SPGI.N,28.5307551267639
2026-02-24,GWRS.OQ,54.9403487304986
2026-02-24,GAP.N,12.2279011536856
2026-02-24,APG.N,123.564954682779
2026-02-24,ARHS.OQ,16.1312004301653
2026-02-24,SW.N,32.2623725144267
2026-02-24,PXED.N,7.31267840003208
2026-02-24,BVS.OQ,77.6284162734799
2026-02-24,BDC.N,25.0342106019882
2026-02-24,HRB.N,6.83750533823271
2026-02-24,SLM.OQ,5.7350654155899
2026-02-24,OMC.N,166.761041902605
2026-02-25,SCHW.N,22.1699846077296
2026-02-25,IOSP.OQ,16.7293884942908
2026-02-25,TMHC.N,8.41919044958142
2026-02-25,EPRT.N,26.2103571288565
2026-02-25,BSY.OQ,39.2308435597642
2026-02-25,ALNT.OQ,59.545238798886
2026-02-25,HLIO.N,72.8873621763551
2026-02-25,COLM.OQ,18.3048604427334
2026-02-25,PLOW.N,23.4681104405614
2026-02-25,PLUS.OQ,16.5843518855729
2026-02-25,HOLX.OQ,31.2669895458526
2026-02-25,CRS.N,45.975234896599
2026-02-25,SKT.N,40.1160186824202
2026-02-25,LVS.N,23.4307522773398
2026-02-25,CXW.N,15.7866186111086
2026-02-25,PSTG.N,194.768057614912
2026-02-25,BOW.N,16.399506008764
2026-02-25,CATY.OQ,12.1311679652261
2026-02-25,COKE.OQ,32.8582382021144
2026-02-25,TTC.N,31.2450691424568
2026-02-25,VERX.OQ,308.454273208938
2026-02-25,ADSK.OQ,43.6425122836171
2026-02-25,SNX.N,15.8650100422245
2026-02-25,SPGI.N,28.8950036561276
2026-02-25,GWRS.OQ,55.5521566228204
2026-02-25,GAP.N,12.196490031456
2026-02-25,APG.N,122.933260093381
2026-02-25,ARHS.OQ,16.0927928100935
2026-02-25,SW.N,32.311574389721
2026-02-25,PXED.N,7.39788438550195
2026-02-25,BVS.OQ,77.8954865129529
2026-02-25,BDC.N,25.1289346421038
2026-02-25,HRB.N,6.96996202147169
2026-02-25,SLM.OQ,5.89694226199768
2026-02-25,OMC.N,167.266623523702
2026-02-26,SCHW.N,20.8761921072067
2026-02-26,IOSP.OQ,16.6073699217797
2026-02-26,TMHC.N,8.47326691370168
2026-02-26,EPRT.N,26.4063663804932
2026-02-26,BSY.OQ,44.7386220890907
2026-02-26,ALNT.OQ,60.1183919471983
2026-02-26,HLIO.N,71.8509086242806
2026-02-26,COLM.OQ,19.0665409689574
2026-02-26,PLOW.N,23.8141276803615
2026-02-26,PLUS.OQ,16.942149640392
2026-02-26,HOLX.OQ,31.2213382470731
2026-02-26,CRS.N,46.1983648756225
2026-02-26,SKT.N,40.1266821642603
2026-02-26,LVS.N,23.8051677849494
2026-02-26,CXW.N,16.0716420106102
2026-02-26,PSTG.N,121.099772410249
2026-02-26,BOW.N,15.697386485453
2026-02-26,CATY.OQ,12.0942530379832
2026-02-26,COKE.OQ,32.7498764511855
2026-02-26,TTC.N,31.0809702034196
2026-02-26,VERX.OQ,341.856715042617
2026-02-26,ADSK.OQ,45.3198011325582
2026-02-26,SNX.N,15.890078001462
2026-02-26,SPGI.N,29.8417769871326
2026-02-26,GWRS.OQ,55.6133374120526
2026-02-26,GAP.N,12.6900933807791
2026-02-26,ARHS.OQ,17.7827280932537
2026-02-26,SW.N,32.6630163561091
2026-02-26,PXED.N,7.58082664842256
2026-02-26,BVS.OQ,78.8747440576872
2026-02-26,BDC.N,24.9107310496946
2026-02-26,HRB.N,7.19148440550928
2026-02-26,SLM.OQ,6.18022674321129
2026-02-26,OMC.N,171.311276492477
2026-02-27,SCHW.N,20.379547668233
2026-02-27,IOSP.OQ,16.3933022507075
2026-02-27,TMHC.N,8.48356719258173
2026-02-27,EPRT.N,26.6102160021953
2026-02-27,BSY.OQ,42.7895759675946
2026-02-27,RBBN.OQ,11.8800277023068
2026-02-27,ALNT.OQ,58.9631301326312
2026-02-27,HLIO.N,70.3998736513765
2026-02-27,COLM.OQ,19.020479104803
2026-02-27,PLOW.N,23.3663406641496
2026-02-27,PLUS.OQ,17.1785517283974
2026-02-27,HOLX.OQ,31.2752897819943
2026-02-27,CRS.N,46.2611201822228
2026-02-27,SKT.N,37.3592475730602
2026-02-27,LVS.N,24.1327813541077
2026-02-27,CXW.N,16.2555280748049
2026-02-27,PSTG.N,117.869466265326
2026-02-27,BOW.N,15.879185290596
2026-02-27,CATY.OQ,11.4690064578051
2026-02-27,COKE.OQ,33.2309369515213
2026-02-27,TTC.N,31.1977329100422
2026-02-27,ORGO.OQ,34.5049983876169
2026-02-27,VERX.OQ,333.563695001152
2026-02-27,ADSK.OQ,47.7309038529111
2026-02-27,SNX.N,15.723626752125
2026-02-27,SPGI.N,30.1412247481637
2026-02-27,GWRS.OQ,56.0416029366779
2026-02-27,GAP.N,12.5823981045631
2026-02-27,ARHS.OQ,17.3417694910979
2026-02-27,SW.N,33.0425736798083
2026-02-27,PXED.N,7.41793285267133
2026-02-27,BVS.OQ,78.1625567524259
2026-02-27,BDC.N,24.2392052653034
2026-02-27,HRB.N,6.99279938065082
2026-02-27,SLM.OQ,5.41709303871747
2026-02-27,OMC.N,172.484225853422
2026-03-02,SCHW.N,20.4416282231047
2026-03-02,IOSP.OQ,16.4917733794007
2026-03-02,TMHC.N,8.31618766078092
2026-03-02,EPRT.N,27.1198400564507
2026-03-02,BSY.OQ,44.6393031913648
2026-03-02,RBBN.OQ,12.9455010388365
2026-03-02,ALNT.OQ,58.4347545740308
2026-03-02,HLIO.N,73.4203954317076
2026-03-02,COLM.OQ,18.4800198987253
2026-03-02,PLOW.N,23.8599240797468
2026-03-02,PLUS.OQ,16.9208521549861
2026-03-02,HOLX.OQ,31.312640844632
2026-03-02,CRS.N,47.4732273078555
2026-03-02,SKT.N,37.4096513069688
2026-03-02,LVS.N,23.979611373722
2026-03-02,CXW.N,16.7244375385011
2026-03-02,PSTG.N,120.273841861831
2026-03-02,BOW.N,16.0296394741626
2026-03-02,CATY.OQ,11.5820584224867
2026-03-02,COKE.OQ,33.8843911465166
2026-03-02,TTC.N,31.6490049923947
2026-03-02,ORGO.OQ,32.2476620445018
2026-03-02,VERX.OQ,331.720801658604
2026-03-02,ADSK.OQ,47.9386236524906
2026-03-02,SNX.N,15.757719176688
2026-03-02,SPGI.N,30.2230783502679
2026-03-02,GWRS.OQ,55.735698990517
2026-03-02,GAP.N,12.6317584394954
2026-03-02,ARHS.OQ,17.0054442646039
2026-03-02,SW.N,35.2708973663593
2026-03-02,PXED.N,7.49060854616034
2026-03-02,BVS.OQ,78.0735333392682
2026-03-02,BDC.N,24.0869702008319
2026-03-02,HRB.N,7.06587893002405
2026-03-02,SLM.OQ,5.48068751409196
2026-03-02,OMC.N,172.625788707329
2026-03-03,SCHW.N,20.3881105033877
2026-03-03,IOSP.OQ,16.3483480397823
2026-03-03,TMHC.N,8.18485910506027
2026-03-03,EPRT.N,27.1119996863852
2026-03-03,BSY.OQ,45.3768526540074
2026-03-03,RBBN.OQ,12.4127643705716
2026-03-03,ALNT.OQ,55.6227219401234
2026-03-03,HLIO.N,70.12348603749
2026-03-03,COLM.OQ,18.4923030624998
2026-03-03,PLOW.N,23.0101464467083
2026-03-03,PLUS.OQ,17.0017825995285
2026-03-03,HOLX.OQ,31.3167909627029
2026-03-03,CRS.N,46.6109229097544
2026-03-03,SKT.N,37.6616699765119
2026-03-03,LVS.N,23.6987997430148
2026-03-03,CXW.N,16.8623520866471
2026-03-03,PSTG.N,113.317671242934
2026-03-03,BOW.N,15.5782769234627
2026-03-03,CATY.OQ,11.0338453413142
2026-03-03,COKE.OQ,33.6167704586165
2026-03-03,TTC.N,31.2924053748714
2026-03-03,CORZ.OQ,11.4834690584306
2026-03-03,ORGO.OQ,30.8502633559067
2026-03-03,VERX.OQ,337.249481686247
2026-03-03,ADSK.OQ,49.1927076761202
2026-03-03,SNX.N,15.659452776477
2026-03-03,SPGI.N,30.285150665197
2026-03-03,GWRS.OQ,55.062710308963
2026-03-03,GAP.N,12.2279011536856
2026-03-03,ARHS.OQ,16.816261324701
2026-03-03,SW.N,34.0505032242512
2026-03-03,PXED.N,7.79634767049342
2026-03-03,BVS.OQ,77.8064630997952
2026-03-03,BDC.N,23.0247077509637
2026-03-03,HRB.N,7.1937681414272
2026-03-03,SLM.OQ,5.54717264743801
2026-03-03,OMC.N,171.129267108882
2026-03-04,SCHW.N,20.5593672064821
2026-03-04,IOSP.OQ,16.4874920259793
2026-03-04,TMHC.N,8.17970896562024
2026-03-04,EPRT.N,27.1041593163197
2026-03-04,BSY.OQ,45.5056311316116
2026-03-04,RBBN.OQ,12.6258590378776
2026-03-04,ALNT.OQ,56.9123165238261
2026-03-04,HLIO.N,48.083527957137
2026-03-04,COLM.OQ,18.4984446443871
2026-03-04,PLOW.N,23.4528449740996
2026-03-04,PLUS.OQ,17.1593839915321
2026-03-04,HOLX.OQ,31.4039434421909
2026-03-04,CRS.N,47.8950824244467
2026-03-04,SKT.N,37.7120737104205
2026-03-04,LVS.N,23.8562244450779
2026-03-04,CXW.N,16.9726837251639
2026-03-04,PSTG.N,112.620218779825
2026-03-04,BOW.N,15.6096215450391
2026-03-04,CATY.OQ,11.0294441265789
2026-03-04,COKE.OQ,34.0436500834878
2026-03-04,TTC.N,31.7878579408108
2026-03-04,CORZ.OQ,11.8887679663752
2026-03-04,ORGO.OQ,30.8502633559067
2026-03-04,VERX.OQ,348.99792674499
2026-03-04,ADSK.OQ,49.3604331790002
2026-03-04,SNX.N,16.0705673079719
2026-03-04,SPGI.N,30.3881497811781
2026-03-04,GWRS.OQ,55.6133374120526
2026-03-04,GAP.N,12.4477790092932
2026-03-04,ARHS.OQ,16.5429970781746
2026-03-04,SW.N,34.0429699270777
2026-03-04,PXED.N,7.55576606446083
2026-03-04,BVS.OQ,75.4028309445384
2026-03-04,BDC.N,23.2733583562673
2026-03-04,HRB.N,7.04532530676283
2026-03-04,SLM.OQ,5.67725225615855
2026-03-04,OMC.N,173.515612360459
2026-02-12,DAR.N,75.2974631445035
2026-02-12,SPXC.N,49.2454938624402
2026-02-12,MG.N,24.7292482449642
2026-02-12,CTSH.OQ,12.8765102955358
2026-02-12,BEN.N,24.9286831692279
2026-02-12,SLQT.N,8.65017450215562
2026-02-12,WTFC.OQ,13.8339811981364
2026-02-12,WGO.N,35.9339341662476
2026-02-12,ZION.OQ,10.7645918433045
2026-02-12,ODFL.OQ,37.3171708068724
2026-02-12,MTG.N,8.81442453894645
2026-02-12,FDX.N,20.3952638119038
2026-02-12,NSSC.OQ,32.2754209672775
2026-02-12,CTBI.OQ,12.3161089524251
2026-02-12,APP.OQ,45.3223742397067
2026-02-12,SLVM.N,12.5593091232804
2026-02-12,ASC.N,16.8274480083238
2026-02-12,SFBC.OQ,16.560519206944
2026-02-12,SPOK.OQ,16.7204422100498
2026-02-12,CIX.A,15.5690914309405
2026-02-12,SMPL.OQ,17.8744553528645
2026-02-12,RPRX.OQ,25.1651462724127
2026-02-12,RTX.N,40.5312548487785
2026-02-12,PRCH.OQ,28.8357644516478
2026-02-12,SSNC.OQ,21.1934573093006
2026-02-12,KMPR.N,14.7975504981263
2026-02-12,PNFP.N,12.1305951923972
2026-02-12,GEO.N,7.95384760735037
2026-02-12,RL.N,24.7141999436364
2026-02-12,QCOM.OQ,28.6071399057929
2026-02-12,ARMK.N,32.9576919516239
2026-02-12,STAG.N,25.5366952995493
2026-02-12,STRA.OQ,15.4054486946139
2026-02-12,HSTM.OQ,29.0868655537185
2026-02-13,DAR.N,76.2702985856469
2026-02-13,SPXC.N,50.96861698044
2026-02-13,MG.N,25.6817299890641
2026-02-13,CTSH.OQ,12.4266398776569
2026-02-13,BEN.N,24.8734701389528
2026-02-13,SLQT.N,9.18497228495176
2026-02-13,WTFC.OQ,14.1280474917064
2026-02-13,WGO.N,36.0035585812091
2026-02-13,ZION.OQ,10.955954416362
2026-02-13,ODFL.OQ,38.866101943808
2026-02-13,MTG.N,8.57011517900482
2026-02-13,FDX.N,20.6856310712841
2026-02-13,NSSC.OQ,33.4576153018385
2026-02-13,CTBI.OQ,12.2929111330202
2026-02-13,APP.OQ,48.2424934161442
2026-02-13,SLVM.N,11.7861108816754
2026-02-13,ASC.N,15.3356220074081
2026-02-13,SFBC.OQ,16.7840540120709
2026-02-13,SPOK.OQ,17.1581501213076
2026-02-13,CIX.A,15.6775201709347
2026-02-13,SMPL.OQ,17.7741622742013
2026-02-13,RPRX.OQ,25.3842178582663
2026-02-13,RTX.N,40.3136265538761
2026-02-13,PRCH.OQ,28.2279848730416
2026-02-13,SSNC.OQ,21.4704375692451
2026-02-13,KMPR.N,14.6467416141121
2026-02-13,PNFP.N,12.2593998722156
2026-02-13,GEO.N,8.39080731257972
2026-02-13,RL.N,25.1308002401578
2026-02-13,QCOM.OQ,29.0678456325923
2026-02-13,ARMK.N,32.806201028455
2026-02-13,STAG.N,26.0709931089283
2026-02-13,STRA.OQ,15.6280226900667
2026-02-13,HSTM.OQ,29.7160080179086
2026-02-17,DAR.N,76.2852652847414
2026-02-17,SPXC.N,51.5230872906875
2026-02-17,MG.N,25.5582601333474
2026-02-17,CTSH.OQ,12.1708247517006
2026-02-17,BEN.N,25.2967700377289
2026-02-17,SLQT.N,8.58140012317799
2026-02-17,WTFC.OQ,14.1445887207197
2026-02-17,WGO.N,36.0886550883843
2026-02-17,ZION.OQ,11.004242168442
2026-02-17,ODFL.OQ,38.8882295314785
2026-02-17,MTG.N,8.63119251899023
2026-02-17,FDX.N,20.7176487538773
2026-02-17,NSSC.OQ,33.4424589642159
2026-02-17,CTBI.OQ,12.4011676235767
2026-02-17,APP.OQ,46.4921512532796
2026-02-17,SLVM.N,10.8110092416692
2026-02-17,ASC.N,15.8437979943988
2026-02-17,SFBC.OQ,16.6287162661352
2026-02-17,SPOK.OQ,17.1706560616293
2026-02-17,CIX.A,15.498931658003
2026-02-17,SMPL.OQ,17.2838405562923
2026-02-17,RPRX.OQ,25.5077967015683
2026-02-17,RTX.N,41.0068129746765
2026-02-17,PRCH.OQ,29.1396542409508
2026-02-17,SSNC.OQ,21.2798274978854
2026-02-17,KMPR.N,14.7792706333973
2026-02-17,PNFP.N,12.2989339818628
2026-02-17,GEO.N,8.60928716519439
2026-02-17,RL.N,25.2206552060742
2026-02-17,QCOM.OQ,29.466573010495
2026-02-17,ARMK.N,33.0502697380049
2026-02-17,STAG.N,26.2901922102119
2026-02-17,STRA.OQ,15.781952369165
2026-02-17,HSTM.OQ,29.6721143576163
2026-02-18,DAR.N,77.3329342213575
2026-02-18,SPXC.N,51.5188221344548
2026-02-18,MG.N,25.6464528874308
2026-02-18,CTSH.OQ,12.4751887336778
2026-02-18,BEN.N,25.6832612496549
2026-02-18,SLQT.N,8.57318825703141
2026-02-18,WTFC.OQ,14.2521067093063
2026-02-18,WGO.N,35.9803504428886
2026-02-18,ZION.OQ,11.0954523668152
2026-02-18,ODFL.OQ,38.9867978765562
2026-02-18,MTG.N,8.60869034110087
2026-02-18,FDX.N,21.1471273238351
2026-02-18,NSSC.OQ,32.9574561602934
2026-02-18,CTBI.OQ,12.2213845231882
2026-02-18,APP.OQ,49.9520724940585
2026-02-18,SLVM.N,10.9509650064701
2026-02-18,ASC.N,16.4987803776312
2026-02-18,SFBC.OQ,16.5984064620502
2026-02-18,SPOK.OQ,16.8955253745529
2026-02-18,CIX.A,15.307586822719
2026-02-18,SMPL.OQ,17.9636047561207
2026-02-18,RPRX.OQ,25.4684761605177
2026-02-18,RTX.N,41.270788036086
2026-02-18,PRCH.OQ,29.8149648838466
2026-02-18,SSNC.OQ,21.6640259229697
2026-02-18,KMPR.N,15.0443286719678
2026-02-18,PNFP.N,12.5935268634275
2026-02-18,GEO.N,8.64471633048326
2026-02-18,RL.N,25.7366405406546
2026-02-18,QCOM.OQ,29.5925956532518
2026-02-18,ARMK.N,33.7993081914509
2026-02-18,STAG.N,26.1668927157399
2026-02-18,STRA.OQ,15.9275615250687
2026-02-18,HSTM.OQ,29.2624401948878
2026-02-19,DAR.N,77.4526678141136
2026-02-19,SPXC.N,51.3972651818236
2026-02-19,MG.N,26.1756094119307
2026-02-19,CTSH.OQ,12.1353467415315
2026-02-19,BEN.N,25.0667157449158
2026-02-19,SLQT.N,8.51159926093205
2026-02-19,WTFC.OQ,14.1050735625213
2026-02-19,WGO.N,35.5626039531196
2026-02-19,ZION.OQ,10.9952999921309
2026-02-19,ODFL.OQ,39.2603753241189
2026-02-19,MTG.N,8.3772393685246
2026-02-19,FDX.N,21.1504394978965
2026-02-19,NSSC.OQ,34.0866033131754
2026-02-19,CTBI.OQ,12.0763981519071
2026-02-19,APP.OQ,50.8920939379117
2026-02-19,SLVM.N,10.8936060864697
2026-02-19,ASC.N,16.8036859698256
2026-02-19,SFBC.OQ,16.5415755793908
2026-02-19,SPOK.OQ,16.9955728971261
2026-02-19,CIX.A,15.1289983097873
2026-02-19,SMPL.OQ,18.6879436575771
2026-02-19,RPRX.OQ,25.3392800970656
2026-02-19,RTX.N,41.3916926443652
2026-02-19,PRCH.OQ,27.5526742301459
2026-02-19,SSNC.OQ,21.2560012389655
2026-02-19,KMPR.N,14.8843798555891
2026-02-19,PNFP.N,12.6419880300918
2026-02-19,GEO.N,9.04624687042373
2026-02-19,RL.N,25.6522313302483
2026-02-19,QCOM.OQ,29.1856044954962
2026-02-19,ARMK.N,34.1107062001868
2026-02-19,STAG.N,26.3997917608538
2026-02-19,STRA.OQ,15.7840324999636
2026-02-19,HSTM.OQ,29.5550645968367
2026-02-20,DAR.N,77.2281673276959
2026-02-20,SPXC.N,51.6702351807146
2026-02-20,MG.N,26.1579708611141
2026-02-20,CTSH.OQ,12.1428157963039
2026-02-20,BEN.N,25.4624091285543
2026-02-20,SLQT.N,9.13570108807227
2026-02-20,WTFC.OQ,14.3633005265625
2026-02-20,WGO.N,36.2201678722005
2026-02-20,ZION.OQ,11.1777203888774
2026-02-20,ODFL.OQ,40.5115898269422
2026-02-20,MTG.N,8.42545832114465
2026-02-20,FDX.N,21.4452229893585
2026-02-20,NSSC.OQ,34.7534821685688
2026-02-20,CTBI.OQ,12.289044829786
2026-02-20,APP.OQ,43.5251776124151
2026-02-20,SLVM.N,11.1735176160715
2026-02-20,ASC.N,17.0860059625982
2026-02-20,SFBC.OQ,16.5036883242846
2026-02-20,SPOK.OQ,16.9580550761612
2026-02-20,CIX.A,14.9886787639124
2026-02-20,SMPL.OQ,18.8439551132755
2026-02-20,RPRX.OQ,25.3448973172157
2026-02-20,RTX.N,41.2929538809372
2026-02-20,SSNC.OQ,21.2589795213304
2026-02-20,KMPR.N,14.7701307010328
2026-02-20,PNFP.N,12.8753668063964
2026-02-20,GEO.N,7.82984552883934
2026-02-20,RL.N,26.2097405505931
2026-02-20,QCOM.OQ,29.5182216345756
2026-02-20,ARMK.N,34.4389365337194
2026-02-20,STAG.N,27.0779389804502
2026-02-20,STRA.OQ,15.8339556391306
2026-02-20,HSTM.OQ,29.7745328982984
2026-02-23,DAR.N,77.2880341240739
2026-02-23,SPXC.N,50.5804877632668
2026-02-23,MG.N,25.9815853529474
2026-02-23,CTSH.OQ,11.4145829559905
2026-02-23,BEN.N,24.9102788258029
2026-02-23,SLQT.N,8.84931225621023
2026-02-23,WTFC.OQ,13.7209494665454
2026-02-23,WGO.N,34.0618110083936
2026-02-23,ZION.OQ,10.6054211049668
2026-02-23,ODFL.OQ,39.0008790687102
2026-02-23,MTG.N,8.29044525380849
2026-02-23,FDX.N,21.1819051514795
2026-02-23,NSSC.OQ,34.7610603373801
2026-02-23,CTBI.OQ,11.7864254093449
2026-02-23,APP.OQ,39.5685322987423
2026-02-23,SLVM.N,14.3072775285976
2026-02-23,ASC.N,16.8940283675129
2026-02-23,SFBC.OQ,16.1930128324133
2026-02-23,SPOK.OQ,17.2832095245242
2026-02-23,CIX.A,14.873871862742
2026-02-23,SMPL.OQ,18.9665355427527
2026-02-23,RPRX.OQ,25.5415000224689
2026-02-23,RTX.N,40.6884308395414
2026-02-23,SSNC.OQ,20.7139538485365
2026-02-23,KMPR.N,14.0663559089663
2026-02-23,PNFP.N,12.0732069687158
2026-02-23,GEO.N,7.85936983324673
2026-02-23,RL.N,24.848982392511
2026-02-23,QCOM.OQ,29.0079332286588
2026-02-23,ARMK.N,34.1443708497799
2026-02-23,STAG.N,26.886139766827
2026-02-23,STRA.OQ,15.582259812497
2026-02-23,HSTM.OQ,31.0767114869709
2026-02-24,DAR.N,78.8445708299035
2026-02-24,SPXC.N,51.8301785394399
2026-02-24,MG.N,26.7224044872473
2026-02-24,CTSH.OQ,11.4015121101387
2026-02-24,BEN.N,24.9562896843655
2026-02-24,SLQT.N,9.05666187641142
2026-02-24,WTFC.OQ,13.6805153511795
2026-02-24,WGO.N,34.0231307778594
2026-02-24,ZION.OQ,10.5875367523446
2026-02-24,ODFL.OQ,39.5681499526268
2026-02-24,MTG.N,8.39974154641395
2026-02-24,FDX.N,21.3392334193947
2026-02-24,NSSC.OQ,34.836842025493
2026-02-24,CTBI.OQ,11.933344932243
2026-02-24,APP.OQ,40.8784043679036
2026-02-24,SLVM.N,14.2212002250307
2026-02-24,ASC.N,17.3118619568163
2026-02-24,SFBC.OQ,16.1816466558814
2026-02-24,SPOK.OQ,17.2707035842025
2026-02-24,CIX.A,14.9312753133272
2026-02-24,SMPL.OQ,19.2897021295564
2026-02-24,RPRX.OQ,25.5021794814182
2026-02-24,RTX.N,39.9912142651317
2026-02-24,SSNC.OQ,20.958173002466
2026-02-24,KMPR.N,14.281144319532
2026-02-24,PNFP.N,12.0094422757364
2026-02-24,GEO.N,8.15461287732061
2026-02-24,RL.N,25.4677563623442
2026-02-24,QCOM.OQ,29.9107511775886
2026-02-24,ARMK.N,34.4978496705073
2026-02-24,STAG.N,26.5641910868165
2026-02-24,STRA.OQ,15.6904266140255
2026-02-24,HSTM.OQ,32.3203651952536
2026-02-25,DAR.N,79.4582054927786
2026-02-25,SPXC.N,48.3370155848809
2026-02-25,MG.N,26.951705647864
2026-02-25,CTSH.OQ,11.4519282298527
2026-02-25,BEN.N,25.0851200883409
2026-02-25,SLQT.N,9.51242044754671
2026-02-25,WTFC.OQ,13.7770058537572
2026-02-25,WGO.N,32.6615866630565
2026-02-25,ZION.OQ,10.0540488353783
2026-02-25,ODFL.OQ,39.6311020423352
2026-02-25,MTG.N,8.52511082322611
2026-02-25,FDX.N,21.1200779023339
2026-02-25,NSSC.OQ,35.7916912957153
2026-02-25,CTBI.OQ,12.0783313035241
2026-02-25,APP.OQ,43.83185400956
2026-02-25,SLVM.N,14.0828617014409
2026-02-25,ASC.N,17.6167675490107
2026-02-25,SFBC.OQ,16.2043790089452
2026-02-25,SPOK.OQ,17.2206798229159
2026-02-25,CIX.A,15.4797971744746
2026-02-25,SMPL.OQ,18.7993804116474
2026-02-25,RPRX.OQ,25.3617489776659
2026-02-25,RTX.N,39.4914752175779
2026-02-25,SSNC.OQ,21.7027435937146
2026-02-25,KMPR.N,14.3999634402705
2026-02-25,PNFP.N,12.1624775388869
2026-02-25,GEO.N,8.69195521753508
2026-02-25,RL.N,25.6678878773398
2026-02-25,QCOM.OQ,30.1256094537642
2026-02-25,ARMK.N,34.4978496705073
2026-02-25,STAG.N,26.413491704684
2026-02-25,STRA.OQ,15.8048338079498
2026-02-25,HSTM.OQ,31.705853951161
2026-02-26,DAR.N,79.2486717054554
2026-02-26,SPXC.N,45.9659924299713
2026-02-26,MG.N,27.3573923166473
2026-02-26,CTSH.OQ,12.1316122141453
2026-02-26,BEN.N,25.2415570074538
2026-02-26,SLQT.N,9.52781769657155
2026-02-26,WTFC.OQ,13.984690173591
2026-02-26,WGO.N,32.2747843577148
2026-02-26,ZION.OQ,10.2621210380972
2026-02-26,ODFL.OQ,41.0100245807931
2026-02-26,MTG.N,8.53663972896726
2026-02-26,FDX.N,21.4010606685403
2026-02-26,NSSC.OQ,35.3521575046606
2026-02-26,CTBI.OQ,12.1285932455683
2026-02-26,APP.OQ,46.254077756501
2026-02-26,SLVM.N,14.2396453615093
2026-02-26,ASC.N,18.0233083386033
2026-02-26,SFBC.OQ,16.1930128324133
2026-02-26,SPOK.OQ,14.9070808634101
2026-02-26,CIX.A,15.3522339509519
2026-02-26,SMPL.OQ,18.9999665689738
2026-02-26,RPRX.OQ,25.4797106008179
2026-02-26,RTX.N,39.8239628903456
2026-02-26,SSNC.OQ,22.4979449851682
2026-02-26,KMPR.N,14.8386801937666
2026-02-26,PNFP.N,12.2568492844964
2026-02-26,GEO.N,7.98456939376621
2026-02-26,RL.N,25.7890559374392
2026-02-26,QCOM.OQ,30.0780927196099
2026-02-26,ARMK.N,35.2132234743602
2026-02-26,STAG.N,26.9203896264025
2026-02-26,STRA.OQ,16.3103055920156
2026-02-26,HSTM.OQ,31.2083924678479
2026-02-27,DAR.N,79.5629723864402
2026-02-27,SPXC.N,45.0430602446465
2026-02-27,MG.N,26.951705647864
2026-02-27,CTSH.OQ,12.0307799747173
2026-02-27,BEN.N,24.4225637250391
2026-02-27,SLQT.N,8.82878259084377
2026-02-27,WTFC.OQ,12.6359553715529
2026-02-27,WGO.N,30.859087920164
2026-02-27,ZION.OQ,9.53470061739184
2026-02-27,ODFL.OQ,41.9775444428595
2026-02-27,MTG.N,8.44748422265951
2026-02-27,FDX.N,21.3635226958447
2026-02-27,NSSC.OQ,35.3218448294154
2026-02-27,CTBI.OQ,11.6066423089563
2026-02-27,APP.OQ,45.1978634531138
2026-02-27,SLVM.N,14.2334969826831
2026-02-27,ASC.N,18.4976059264613
2026-02-27,SFBC.OQ,16.0907172436264
2026-02-27,SPOK.OQ,15.9378241062872
2026-02-27,CIX.A,14.9886787639124
2026-02-27,SMPL.OQ,19.0111102443808
2026-02-27,RPRX.OQ,25.9571743135757
2026-02-27,RTX.N,40.8294862158671
2026-02-27,SSNC.OQ,23.940880747131
2026-02-27,KMPR.N,14.7701307010328
2026-02-27,PNFP.N,11.574567069617
2026-02-27,GEO.N,8.26482613091836
2026-02-27,RL.N,24.6828868494534
2026-02-27,QCOM.OQ,29.4107924964879
2026-02-27,ARMK.N,35.2216396367584
2026-02-27,STAG.N,26.8655898510816
2026-02-27,STRA.OQ,17.1153162110834
2026-02-27,HSTM.OQ,31.0620802668735
2026-03-02,DAR.N,81.1195090922697
2026-03-02,SPXC.N,44.6619785681253
2026-03-02,MG.N,26.9340670970473
2026-03-02,CTSH.OQ,11.8571244512579
2026-03-02,BEN.N,24.8458636238152
2026-03-02,SLQT.N,8.85547115582016
2026-03-02,WTFC.OQ,12.8657638060487
2026-03-02,WGO.N,30.1396356322284
2026-03-02,ZION.OQ,9.67785429286246
2026-03-02,ODFL.OQ,42.9491990051911
2026-03-02,MTG.N,8.63534761095084
2026-03-02,FDX.N,21.3773234211004
2026-03-02,NSSC.OQ,33.8516800800255
2026-03-02,CTBI.OQ,11.3248449136651
2026-03-02,APP.OQ,45.0117784528124
2026-03-02,SLVM.N,14.2150518462045
2026-03-02,ASC.N,18.8702683169211
2026-03-02,SFBC.OQ,16.1702804793496
2026-03-02,SPOK.OQ,15.8984390384792
2026-03-02,CIX.A,15.8624868450426
2026-03-02,SMPL.OQ,18.119616211819
2026-03-02,RPRX.OQ,26.6649440524873
2026-03-02,RTX.N,42.7518694875055
2026-03-02,SSNC.OQ,23.9090825259235
2026-03-02,KMPR.N,14.8386801937666
2026-03-02,PNFP.N,11.8181481967983
2026-03-02,GEO.N,8.40220688442432
2026-03-02,RL.N,24.1063174848234
2026-03-02,QCOM.OQ,29.1360218163788
2026-03-02,ARMK.N,34.7250860552605
2026-03-02,STAG.N,27.2149384187525
2026-03-02,STRA.OQ,15.5802556608508
2026-03-02,HSTM.OQ,35.1480263157895
2026-03-03,DAR.N,79.877273067425
2026-03-03,SPXC.N,43.5822471513152
2026-03-03,MG.N,27.2339224609306
2026-03-03,CTSH.OQ,12.0139746014792
2026-03-03,BEN.N,24.385755038189
2026-03-03,SLQT.N,8.06815848901663
2026-03-03,WTFC.OQ,12.7412111430777
2026-03-03,WGO.N,30.155107724442
2026-03-03,ZION.OQ,9.59628998939664
2026-03-03,ODFL.OQ,42.9884786577109
2026-03-03,MTG.N,8.50798260193977
2026-03-03,FDX.N,21.1167657282725
2026-03-03,NSSC.OQ,32.7604237711999
2026-03-03,CTBI.OQ,11.2954010529861
2026-03-03,APP.OQ,45.6261708281094
2026-03-03,SLVM.N,14.4886547039709
2026-03-03,ASC.N,18.5992411238594
2026-03-03,SFBC.OQ,16.064196165052
2026-03-03,SPOK.OQ,16.055979309711
2026-03-03,CIX.A,15.3777465956565
2026-03-03,SMPL.OQ,18.119616211819
2026-03-03,RPRX.OQ,26.6705612726374
2026-03-03,RTX.N,41.6153661696816
2026-03-03,SSNC.OQ,23.7787098189727
2026-03-03,KMPR.N,14.5736221551961
2026-03-03,PNFP.N,11.3074809341965
2026-03-03,GEO.N,8.27581659119884
2026-03-03,RL.N,24.5658031059867
2026-03-03,QCOM.OQ,28.5368977770432
2026-03-03,ARMK.N,34.3884395593297
2026-03-03,STAG.N,26.9683394298083
2026-03-03,STRA.OQ,15.8533345142149
2026-03-03,HSTM.OQ,35.6907894736842
2026-03-04,DAR.N,136.581367350598
2026-03-04,SPXC.N,44.0764624505537
2026-03-04,MG.N,27.6572476805306
2026-03-04,CTSH.OQ,12.1596211695419
2026-03-04,BEN.N,24.4593724118892
2026-03-04,SLQT.N,8.14617121740916
2026-03-04,WTFC.OQ,12.749105325942
2026-03-04,WGO.N,30.1628437705489
2026-03-04,ZION.OQ,9.69117091383647
2026-03-04,ODFL.OQ,44.6940425171228
2026-03-04,MTG.N,8.56529685599475
2026-03-04,FDX.N,21.2028822538682
2026-03-04,NSSC.OQ,33.0180815107837
2026-03-04,CTBI.OQ,11.3193241897878
2026-03-04,APP.OQ,50.1920106120429
2026-03-04,SLVM.N,14.3257226650763
2026-03-04,ASC.N,18.7460475201012
2026-03-04,SFBC.OQ,16.1854353813921
2026-03-04,SPOK.OQ,16.082236021583
2026-03-04,CIX.A,15.7731925885767
2026-03-04,SMPL.OQ,18.2533403167033
2026-03-04,RPRX.OQ,26.6424751718869
2026-03-04,RTX.N,42.0788338347516
2026-03-04,SSNC.OQ,23.9122623480442
2026-03-04,KMPR.N,14.7518508363038
2026-03-04,PNFP.N,11.3421854684678
2026-03-04,GEO.N,8.2703213610586
2026-03-04,RL.N,24.4929661260393
2026-03-04,QCOM.OQ,28.8219981819684
2026-03-04,ARMK.N,34.5735951320917
2026-03-04,STAG.N,27.0368391489595
2026-03-04,STRA.OQ,15.0562394827739
2026-03-04,HSTM.OQ,36.2664473684211
2026-02-12,CPRT.OQ,22.5220804710501
2026-02-12,HUM.N,16.7604205522513
2026-02-12,CIA.N,28.1889987229816
2026-02-12,ENR.N,7.64238102776384
2026-02-12,DXPE.OQ,27.0321059644887
2026-02-12,CBK.OQ,10.9976964855555
2026-02-12,RBKB.OQ,33.5665864858955
2026-02-12,NKE.N,35.82716179687
2026-02-12,HNI.N,16.6744966442953
2026-02-12,WPC.N,34.6483265948421
2026-02-12,CVNA.N,78.4835126240914
2026-02-12,CFFI.OQ,9.51470882770969
2026-02-12,SRE.N,28.5808450738932
2026-02-12,VMD.OQ,24.6057353074209
2026-02-12,CTRE.N,29.9145936116618
2026-02-12,SAFT.OQ,13.6498929936782
2026-02-12,CRC.N,12.9594606854487
2026-02-12,WAT.N,29.4327954391729
2026-02-12,AZTA.OQ,44.9747297037937
2026-02-12,HUBG.OQ,23.0193304827729
2026-02-12,VLGEA.OQ,10.3306940660429
2026-02-12,ITGR.N,35.6076154244047
2026-02-12,INTU.OQ,27.2616608404423
2026-02-12,CRCT.OQ,12.3843945997661
2026-02-12,PAGS.N,7.46870791493984
2026-02-12,LNT.OQ,21.9269813897578
2026-02-12,NBN.OQ,11.6240586268616
2026-02-12,PRDO.OQ,13.0302213897477
2026-02-12,BBW.N,11.2952429958926
2026-02-12,TSN.N,112.329447667713
2026-02-12,CRI.N,15.4653601080507
2026-02-13,CPRT.OQ,22.9943572129539
2026-02-13,HUM.N,17.2543388898365
2026-02-13,CIA.N,28.2835926784279
2026-02-13,ENR.N,7.66932639939103
2026-02-13,DXPE.OQ,28.1975938559427
2026-02-13,CBK.OQ,10.9427502694478
2026-02-13,RBKB.OQ,33.8289962825279
2026-02-13,NKE.N,37.0174913950311
2026-02-13,HNI.N,16.7885906040268
2026-02-13,WPC.N,35.1697104423705
2026-02-13,CVNA.N,78.1938803202832
2026-02-13,CFFI.OQ,9.40129484979887
2026-02-13,SRE.N,29.1937977810496
2026-02-13,VMD.OQ,24.9675843560595
2026-02-13,CTRE.N,25.753752671284
2026-02-13,SAFT.OQ,13.4850063659837
2026-02-13,CRC.N,13.2409352399163
2026-02-13,WAT.N,29.7585688058198
2026-02-13,AZTA.OQ,45.7744226217132
2026-02-13,HUBG.OQ,22.8236661736693
2026-02-13,VLGEA.OQ,10.5730485800955
2026-02-13,ITGR.N,35.84121740001
2026-02-13,INTU.OQ,27.3603059093191
2026-02-13,CRCT.OQ,12.4641224619964
2026-02-13,PAGS.N,7.55117474745535
2026-02-13,LNT.OQ,22.4021499015048
2026-02-13,NBN.OQ,11.6308128735943
2026-02-13,PRDO.OQ,13.4407567535206
2026-02-13,BBW.N,11.5180696321752
2026-02-13,TSN.N,113.447241887121
2026-02-13,CRI.N,16.2441036540107
2026-02-17,CPRT.OQ,23.0127576054956
2026-02-17,HUM.N,17.3377520436223
2026-02-17,CIA.N,29.3714231660597
2026-02-17,ENR.N,7.74342617136583
2026-02-17,DXPE.OQ,28.2811141608677
2026-02-17,CBK.OQ,11.0188296455969
2026-02-17,RBKB.OQ,34.2226109774765
2026-02-17,NKE.N,38.0084554447318
2026-02-17,HNI.N,16.7852348993289
2026-02-17,WPC.N,35.1507510297331
2026-02-17,CVNA.N,80.0342997625928
2026-02-17,CFFI.OQ,9.35544664596258
2026-02-17,SRE.N,28.6270475392567
2026-02-17,VMD.OQ,25.2088170551518
2026-02-17,CTRE.N,26.4682406859085
2026-02-17,SAFT.OQ,13.6719912015136
2026-02-17,CRC.N,13.1711481602963
2026-02-17,WAT.N,29.5800376387873
2026-02-17,AZTA.OQ,45.80641033843
2026-02-17,HUBG.OQ,22.9387628260832
2026-02-17,VLGEA.OQ,10.3093881746977
2026-02-17,ITGR.N,36.5670521099264
2026-02-17,INTU.OQ,25.9744796986393
2026-02-17,CRCT.OQ,12.1717869671521
2026-02-17,PAGS.N,7.3703008044675
2026-02-17,LNT.OQ,22.3738285994801
2026-02-17,NBN.OQ,11.6288830888135
2026-02-17,PRDO.OQ,13.5947075149354
2026-02-17,BBW.N,11.7707596320834
2026-02-17,TSN.N,111.60199428683
2026-02-17,CRI.N,16.5483003516514
2026-02-18,CPRT.OQ,23.1538272816487
2026-02-18,HUM.N,17.5373812768398
2026-02-18,CIA.N,28.0471077898122
2026-02-18,ENR.N,7.68953542811143
2026-02-18,DXPE.OQ,27.9868949048818
2026-02-18,CBK.OQ,11.2301612460111
2026-02-18,RBKB.OQ,33.3260441723158
2026-02-18,NKE.N,38.4365050046616
2026-02-18,HNI.N,16.8255033557047
2026-02-18,WPC.N,33.8378117045934
2026-02-18,CVNA.N,82.4494226738763
2026-02-18,CFFI.OQ,9.29029393524786
2026-02-18,SRE.N,28.2543476519907
2026-02-18,VMD.OQ,25.3897415794711
2026-02-18,CTRE.N,25.8438682767322
2026-02-18,SAFT.OQ,13.39321381036
2026-02-18,CRC.N,13.4782113106246
2026-02-18,WAT.N,30.1413985248172
2026-02-18,AZTA.OQ,47.7096794830785
2026-02-18,HUBG.OQ,23.6293427405664
2026-02-18,VLGEA.OQ,10.2188381364802
2026-02-18,ITGR.N,36.0748193756153
2026-02-18,INTU.OQ,26.6869163071944
2026-02-18,CRCT.OQ,12.3312426916126
2026-02-18,PAGS.N,7.6106574800666
2026-02-18,LNT.OQ,21.8797792197167
2026-02-18,NBN.OQ,11.2931005369626
2026-02-18,PRDO.OQ,13.6588536655249
2026-02-18,BBW.N,12.172766450119
2026-02-18,TSN.N,113.482727417895
2026-02-18,CRI.N,16.6415873389279
2026-02-19,CPRT.OQ,23.092492639843
2026-02-19,HUM.N,17.8541638159362
2026-02-19,CIA.N,27.3376531239654
2026-02-19,ENR.N,7.53123136980165
2026-02-19,DXPE.OQ,27.8995782224601
2026-02-19,CBK.OQ,11.2090280859697
2026-02-19,RBKB.OQ,33.5884539689482
2026-02-19,NKE.N,38.4716871602723
2026-02-19,HNI.N,16.8255033557047
2026-02-19,WPC.N,34.0321456841267
2026-02-19,CVNA.N,43.524661882472
2026-02-19,CFFI.OQ,9.17567342565714
2026-02-19,SRE.N,28.6362880323294
2026-02-19,VMD.OQ,25.0278925308326
2026-02-19,CTRE.N,25.70869486856
2026-02-19,SAFT.OQ,13.3235194625716
2026-02-19,CRC.N,13.8178417647757
2026-02-19,WAT.N,30.2453883282949
2026-02-19,BLKB.OQ,20.7152037499055
2026-02-19,AZTA.OQ,47.4537777493443
2026-02-19,HUBG.OQ,24.0206713587735
2026-02-19,VLGEA.OQ,10.4452132320238
2026-02-19,ITGR.N,34.6231499557825
2026-02-19,INTU.OQ,26.1368330411658
2026-02-19,CRCT.OQ,12.3312426916126
2026-02-19,PAGS.N,7.89586630424945
2026-02-19,LNT.OQ,22.0308261638482
2026-02-19,NBN.OQ,11.2718729043743
2026-02-19,PRDO.OQ,13.4835208539136
2026-02-19,BBW.N,12.1819551773884
2026-02-19,TSN.N,114.13920973723
2026-02-19,CRI.N,17.0471829357821
2026-02-20,CPRT.OQ,22.3748773307164
2026-02-20,HUM.N,19.354055960882
2026-02-20,CIA.N,27.3849501016885
2026-02-20,ENR.N,7.55480856997545
2026-02-20,DXPE.OQ,28.3076888033438
2026-02-20,CBK.OQ,11.2977873581437
2026-02-20,RBKB.OQ,33.0855018587361
2026-02-20,NKE.N,38.348549615635
2026-02-20,HNI.N,16.744966442953
2026-02-20,WPC.N,34.3070571673689
2026-02-20,CVNA.N,44.0255767387173
2026-02-20,CFFI.OQ,9.24203266805176
2026-02-20,SRE.N,28.8149375650685
2026-02-20,VMD.OQ,24.8469680065133
2026-02-20,CTRE.N,25.7794999871263
2026-02-20,SAFT.OQ,13.3303189111363
2026-02-20,CRC.N,13.7759695170036
2026-02-20,WAT.N,30.6751514984194
2026-02-20,BLKB.OQ,20.6354006535454
2026-02-20,AZTA.OQ,46.830017273367
2026-02-20,HUBG.OQ,24.9011607497396
2026-02-20,VLGEA.OQ,10.4398867591875
2026-02-20,ITGR.N,35.3948707680499
2026-02-20,INTU.OQ,26.069014556313
2026-02-20,CRCT.OQ,12.2780907834591
2026-02-20,PAGS.N,8.0145625622276
2026-02-20,LNT.OQ,22.3455072974555
2026-02-20,NBN.OQ,11.2525750565668
2026-02-20,PRDO.OQ,13.5912525969887
2026-02-20,BBW.N,12.0670960865211
2026-02-20,TSN.N,113.305299764021
2026-02-20,CRI.N,17.9962766324209
2026-02-23,CPRT.OQ,21.6879293424926
2026-02-23,HUM.N,18.4701089283748
2026-02-23,CIA.N,26.7227924135648
2026-02-23,ENR.N,7.64238102776384
2026-02-23,DXPE.OQ,28.5981116818332
2026-02-23,CBK.OQ,11.1371753418289
2026-02-23,RBKB.OQ,33.0636343756834
2026-02-23,NKE.N,36.994036624624
2026-02-23,HNI.N,16.4563758389262
2026-02-23,WPC.N,34.6293671822047
2026-02-23,CVNA.N,42.5189085549195
2026-02-23,CFFI.OQ,8.83905108696439
2026-02-23,SRE.N,28.8303383868563
2026-02-23,VMD.OQ,24.997738443446
2026-02-23,CTRE.N,26.0691572903525
2026-02-23,SAFT.OQ,13.1875304912772
2026-02-23,CRC.N,13.5270622663587
2026-02-23,WAT.N,30.164405118507
2026-02-23,BLKB.OQ,19.434154045177
2026-02-23,AZTA.OQ,44.8307849785682
2026-02-23,HUBG.OQ,23.8652908780148
2026-02-23,VLGEA.OQ,10.5171206153141
2026-02-23,ITGR.N,35.7744739784085
2026-02-23,INTU.OQ,24.630440635192
2026-02-23,CRCT.OQ,11.7199957478473
2026-02-23,PAGS.N,7.4969247563695
2026-02-23,LNT.OQ,22.8773037168063
2026-02-23,NBN.OQ,10.8849510558335
2026-02-23,PRDO.OQ,13.1608353405677
2026-02-23,BBW.N,11.2883514504406
2026-02-23,TSN.N,111.708450879154
2026-02-23,CRI.N,17.2905402938946
2026-02-24,CPRT.OQ,21.6388616290481
2026-02-24,HUM.N,17.8053644471814
2026-02-24,CIA.N,26.5809014803954
2026-02-24,ENR.N,7.63564468485704
2026-02-24,DXPE.OQ,30.2514340815993
2026-02-24,CBK.OQ,11.2512944060525
2026-02-24,RBKB.OQ,34.6818281215832
2026-02-24,NKE.N,37.5804058848019
2026-02-24,HNI.N,16.2986577181208
2026-02-24,WPC.N,34.80948160226
2026-02-24,CVNA.N,42.5267557850435
2026-02-24,CFFI.OQ,8.98142182519286
2026-02-24,SRE.N,28.9443044680864
2026-02-24,VMD.OQ,25.4500497542442
2026-02-24,CTRE.N,26.1399624089189
2026-02-24,SAFT.OQ,13.1637324213006
2026-02-24,CRC.N,13.557303334194
2026-02-24,WAT.N,30.3275618331863
2026-02-24,BLKB.OQ,19.8289693640113
2026-02-24,AZTA.OQ,45.0706928539441
2026-02-24,HUBG.OQ,23.6408524058078
2026-02-24,VLGEA.OQ,10.6369662541313
2026-02-24,ITGR.N,30.3206469332981
2026-02-24,INTU.OQ,24.5728976783472
2026-02-24,CRCT.OQ,11.5073881152333
2026-02-24,PAGS.N,7.72512898085241
2026-02-24,LNT.OQ,22.7882250762736
2026-02-24,NBN.OQ,10.8743372395394
2026-02-24,PRDO.OQ,13.4753710279523
2026-02-24,BBW.N,11.589282268513
2026-02-24,TSN.N,112.524618086975
2026-02-24,CRI.N,17.1931973506496
2026-02-25,CPRT.OQ,21.98233562316
2026-02-25,HUM.N,17.9501400857235
2026-02-25,CIA.N,26.9119803244573
2026-02-25,ENR.N,7.35945462567827
2026-02-25,DXPE.OQ,29.2321067237642
2026-02-25,CBK.OQ,11.3400536782265
2026-02-25,RBKB.OQ,34.987972884321
2026-02-25,NKE.N,37.1758110952791
2026-02-25,HNI.N,15.4664429530201
2026-02-25,WPC.N,34.7857823364632
2026-02-25,CVNA.N,43.7993149368102
2026-02-25,CFFI.OQ,9.33252254404443
2026-02-25,SRE.N,29.1075531790376
2026-02-25,VMD.OQ,25.9626692398154
2026-02-25,CTRE.N,26.3459409356575
2026-02-25,SAFT.OQ,13.337118359701
2026-02-25,CRC.N,13.5200835583967
2026-02-25,WAT.N,29.6899673674319
2026-02-25,BLKB.OQ,20.0935796308897
2026-02-25,AZTA.OQ,44.5908771031924
2026-02-25,HUBG.OQ,23.6868910667733
2026-02-25,VLGEA.OQ,10.4505397048601
2026-02-25,ITGR.N,30.111779101381
2026-02-25,INTU.OQ,26.1155969499493
2026-02-25,CRCT.OQ,11.5605400233868
2026-02-25,PAGS.N,7.56906297227837
2026-02-25,LNT.OQ,22.6705140155697
2026-02-25,NBN.OQ,11.1445071088447
2026-02-25,PRDO.OQ,13.8064612251993
2026-02-25,BBW.N,11.4675316321936
2026-02-25,TSN.N,111.087454090595
2026-02-25,CRI.N,17.0025674201281
2026-02-26,CPRT.OQ,22.7858194308145
2026-02-26,HUM.N,19.048191935793
2026-02-26,CIA.N,27.195762190796
2026-02-26,ENR.N,7.39313634021226
2026-02-26,DXPE.OQ,28.2355576309086
2026-02-26,CBK.OQ,11.466852638475
2026-02-26,RBKB.OQ,34.987972884321
2026-02-26,NKE.N,37.498314188377
2026-02-26,HNI.N,15.2852348993289
2026-02-26,WPC.N,35.1934097081672
2026-02-26,PRSU.N,41.0397359549902
2026-02-26,CVNA.N,46.285579014414
2026-02-26,CFFI.OQ,9.2070432493346
2026-02-26,SRE.N,29.3231646840676
2026-02-26,VMD.OQ,25.9325151524289
2026-02-26,CTRE.N,26.4811143438297
2026-02-26,SAFT.OQ,13.2164281476772
2026-02-26,CRC.N,13.3363109153971
2026-02-26,WAT.N,30.0050468483222
2026-02-26,BLKB.OQ,20.5093957645557
2026-02-26,AZTA.OQ,43.7911841852729
2026-02-26,HUBG.OQ,24.7572899342223
2026-02-26,VLGEA.OQ,10.3866220308243
2026-02-26,ITGR.N,30.2057696257436
2026-02-26,INTU.OQ,27.0191583794533
2026-02-26,CRCT.OQ,11.6934197937706
2026-02-26,PAGS.N,7.48874897487307
2026-02-26,LNT.OQ,22.7309602359311
2026-02-26,NBN.OQ,11.1792432348982
2026-02-26,PRDO.OQ,13.7899067153369
2026-02-26,BBW.N,11.5065837230885
2026-02-26,TSN.N,112.861730629336
2026-02-26,CRI.N,17.0634067596562
2026-02-27,CPRT.OQ,23.362365063788
2026-02-27,HUM.N,19.4264437801531
2026-02-27,CIA.N,25.6349619259329
2026-02-27,ENR.N,7.27188216788988
2026-02-27,DXPE.OQ,25.8001166380661
2026-02-27,CBK.OQ,10.9934698535472
2026-02-27,RBKB.OQ,34.987972884321
2026-02-27,NKE.N,36.4604405978621
2026-02-27,HNI.N,15.0872483221477
2026-02-27,WPC.N,35.3830038345412
2026-02-27,PRSU.N,40.8283120147527
2026-02-27,CVNA.N,43.7038403036355
2026-02-27,CFFI.OQ,8.78596369304869
2026-02-27,SRE.N,35.0296917299799
2026-02-27,VMD.OQ,26.2340560262944
2026-02-27,CTRE.N,26.1463992378795
2026-02-27,SAFT.OQ,13.1960298019831
2026-02-27,CRC.N,13.6875725494849
2026-02-27,WAT.N,29.6843907394516
2026-02-27,BLKB.OQ,20.3875910385323
2026-02-27,AZTA.OQ,43.1514298509372
2026-02-27,HUBG.OQ,24.7860640973257
2026-02-27,VLGEA.OQ,10.4265705770967
2026-02-27,ITGR.N,30.1744394509561
2026-02-27,INTU.OQ,26.5457721981662
2026-02-27,CRCT.OQ,11.4276602530031
2026-02-27,PAGS.N,7.46447369503742
2026-02-27,LNT.OQ,23.0141030576243
2026-02-27,NBN.OQ,10.6987268244909
2026-02-27,PRDO.OQ,13.8023225977337
2026-02-27,BBW.N,11.178086723208
2026-02-27,TSN.N,115.310232252799
2026-02-27,CRI.N,13.6077322744584
2026-03-02,CPRT.OQ,23.4973012757605
2026-03-02,HUM.N,19.0940715395564
2026-03-02,CIA.N,27.3376531239654
2026-03-02,ENR.N,6.90475147946931
2026-03-02,DXPE.OQ,26.7820377378178
2026-03-02,CBK.OQ,11.0864557577295
2026-03-02,RBKB.OQ,34.6380931554778
2026-03-02,NKE.N,35.774388563454
2026-03-02,HNI.N,15.010067114094
2026-03-02,WPC.N,35.3687842750632
2026-03-02,PRSU.N,42.543195085568
2026-03-02,CVNA.N,42.2586420891419
2026-03-02,CFFI.OQ,9.01399818055023
2026-03-02,SRE.N,34.81137018601
2026-03-02,VMD.OQ,26.6863673370925
2026-03-02,CTRE.N,26.3201936198151
2026-03-02,SAFT.OQ,11.5043046006772
2026-03-02,CRC.N,14.3086775581036
2026-03-02,WAT.N,28.5551235734289
2026-03-02,BLKB.OQ,20.5639978831179
2026-03-02,AZTA.OQ,41.3281299980807
2026-03-02,HUBG.OQ,24.7457802689809
2026-03-02,VLGEA.OQ,10.4132543950059
2026-03-02,ITGR.N,30.0560810128697
2026-03-02,INTU.OQ,27.1967124596326
2026-03-02,CRCT.OQ,11.4276602530031
2026-03-02,PAGS.N,7.60952414911037
2026-03-02,LNT.OQ,23.0109216776053
2026-03-02,NBN.OQ,10.8984595492988
2026-03-02,PRDO.OQ,13.8271543625272
2026-03-02,BBW.N,10.7370278142774
2026-03-02,TSN.N,114.263409094942
2026-03-02,CRI.N,13.7775254854656
2026-03-03,CPRT.OQ,23.6015701668302
2026-03-03,HUM.N,18.5129298918873
2026-03-03,CIA.N,25.7768528591023
2026-03-03,ENR.N,6.70939753517213
2026-03-03,DXPE.OQ,26.1727622167195
2026-03-03,CBK.OQ,10.9892432215389
2026-03-03,RBKB.OQ,34.769298053794
2026-03-03,NKE.N,34.8244703619657
2026-03-03,HNI.N,14.6543624161074
2026-03-03,WPC.N,34.9753764628372
2026-03-03,PRSU.N,43.1069922595346
2026-03-03,CVNA.N,41.7197989539642
2026-03-03,CFFI.OQ,8.82215964344576
2026-03-03,SRE.N,34.6985707216255
2026-03-03,VMD.OQ,26.987908210958
2026-03-03,CTRE.N,25.753752671284
2026-03-03,SAFT.OQ,11.2968719454049
2026-03-03,CRC.N,14.8028288653939
2026-03-03,WAT.N,29.0114776298216
2026-03-03,BLKB.OQ,21.1478205354368
2026-03-03,AZTA.OQ,39.24892841149
2026-03-03,HUBG.OQ,24.8954059171189
2026-03-03,VLGEA.OQ,10.7834442571301
2026-03-03,ITGR.N,30.1988073646798
2026-03-03,INTU.OQ,28.1241238590698
2026-03-03,CRCT.OQ,11.4808121611566
2026-03-03,PAGS.N,7.24415300516472
2026-03-03,LNT.OQ,22.9791078774151
2026-03-03,NBN.OQ,10.752760798352
2026-03-03,PRDO.OQ,14.0216698534098
2026-03-03,BBW.N,10.6818954506611
2026-03-03,TSN.N,111.779421940704
2026-03-03,CRI.N,14.1559639537359
2026-03-04,CPRT.OQ,23.8026525465199
2026-03-04,HUM.N,18.6689205446827
2026-03-04,CIA.N,25.8241498368254
2026-03-04,ENR.N,6.40963027581956
2026-03-04,DXPE.OQ,26.6553382410756
2026-03-04,CBK.OQ,11.0315095416218
2026-03-04,RBKB.OQ,35.9501421386398
2026-03-04,NKE.N,34.3846934168323
2026-03-04,HNI.N,34.3223126738905
2026-03-04,WPC.N,34.6009280632486
2026-03-04,PRSU.N,43.7882471780777
2026-03-04,CVNA.N,41.3627499833246
2026-03-04,CFFI.OQ,9.01520471223013
2026-03-04,SRE.N,34.709486798824
2026-03-04,VMD.OQ,27.3799113469831
2026-03-04,CTRE.N,25.2903009861222
2026-03-04,SAFT.OQ,11.3893958635839
2026-03-04,CRC.N,15.1896069306713
2026-03-04,WAT.N,29.6527898475629
2026-03-04,BLKB.OQ,20.9021110019069
2026-03-04,AZTA.OQ,40.192566054635
2026-03-04,HUBG.OQ,24.7745544320843
2026-03-04,VLGEA.OQ,10.8939685684838
2026-03-04,ITGR.N,29.9481659663792
2026-03-04,INTU.OQ,28.5647902972909
2026-03-04,CRCT.OQ,12.0123312426916
2026-03-04,PAGS.N,7.58302965805332
2026-03-04,LNT.OQ,23.0013775375482
2026-03-04,NBN.OQ,10.7238140266407
2026-03-04,PRDO.OQ,14.170660442171
2026-03-04,BBW.N,10.4981209052734
2026-03-04,TSN.N,111.637479817604
2026-03-04,CRI.N,13.876077169911
2026-02-05,LBRDK.OQ,6.2973330939894
2026-02-12,EML.OQ,18.986251684346
2026-02-12,UNH.N,14.8350831431366
2026-02-12,PTC.OQ,22.2104387147139
2026-02-12,CPT.N,43.5519032684188
2026-02-12,TTAM.N,17.8807752257154
2026-02-12,GHM.N,62.5582661485796
2026-02-12,RCL.N,21.2877693193863
2026-02-12,BMRN.OQ,22.4639935238938
2026-02-12,VRSK.OQ,27.5280432328688
2026-02-12,SO.N,22.9821699478829
2026-02-12,HEIa.N,66.9777135201382
2026-02-12,SAFE.N,9.44867852208406
2026-02-12,KR.N,64.2407700832547
2026-02-12,AAPL.OQ,33.2520654699667
2026-02-12,ALRS.OQ,12.9209847885704
2026-02-12,LE.OQ,50.7842967328191
2026-02-12,AVBH.OQ,13.4299598978894
2026-02-12,INDB.OQ,20.1847692090299
2026-02-12,APO.N,18.485588407028
2026-02-12,SCVL.OQ,9.50174143082808
2026-02-12,DFH.N,7.5154714032443
2026-02-12,TRC.N,150.511358493981
2026-02-12,AMGN.OQ,28.3058172241903
2026-02-12,PTCT.OQ,8.26324573747423
2026-02-12,ONON.N,50.5360795665405
2026-02-12,VEL.N,8.14382615508319
2026-02-12,CTLP.OQ,14.2466205530879
2026-02-12,NEON.OQ,3.34752321981424
2026-02-12,AVB.N,21.4550400246795
2026-02-12,GILD.OQ,23.5945975350088
2026-02-12,TEX.N,27.8187646280655
2026-02-12,ODC.N,17.8149947457319
2026-02-12,BR.N,18.8691567267929
2026-02-13,EML.OQ,18.8545434282646
2026-02-13,UNH.N,15.2952070427128
2026-02-13,PTC.OQ,23.0912559009596
2026-02-13,CPT.N,30.6861910726454
2026-02-13,TTAM.N,18.223882206472
2026-02-13,GHM.N,62.9460856335255
2026-02-13,RCL.N,20.4440623562772
2026-02-13,BMRN.OQ,22.4377592972225
2026-02-13,VRSK.OQ,27.8679146046265
2026-02-13,SO.N,23.5755946040567
2026-02-13,HEIa.N,67.8076702685838
2026-02-13,SAFE.N,9.8205215035557
2026-02-13,KR.N,65.257411868148
2026-02-13,AAPL.OQ,32.4961345887291
2026-02-13,ALRS.OQ,12.9672045274802
2026-02-13,LE.OQ,52.8353121298784
2026-02-13,AVBH.OQ,13.4120771283849
2026-02-13,INDB.OQ,20.3869823465495
2026-02-13,APO.N,18.4413539289063
2026-02-13,SCVL.OQ,9.55883752355214
2026-02-13,DFH.N,7.7587382559241
2026-02-13,TRC.N,152.502488913024
2026-02-13,AMGN.OQ,28.5369324440164
2026-02-13,PTCT.OQ,8.11714874777348
2026-02-13,ONON.N,51.5928835448675
2026-02-13,VEL.N,8.14794961136425
2026-02-13,CTLP.OQ,14.0540986537219
2026-02-13,NEON.OQ,3.328173374613
2026-02-13,AVB.N,21.5688890901991
2026-02-13,GILD.OQ,24.0872849349559
2026-02-13,TEX.N,29.3536515043587
2026-02-13,ODC.N,17.7159614210182
2026-02-13,BR.N,19.2266822516802
2026-02-17,EML.OQ,18.763360789439
2026-02-17,UNH.N,15.0813172481252
2026-02-17,PTC.OQ,22.5462686787006
2026-02-17,CPT.N,30.6409520551237
2026-02-17,TTAM.N,17.8709721691223
2026-02-17,GHM.N,61.2158140853054
2026-02-17,RCL.N,20.7076008466494
2026-02-17,BMRN.OQ,22.4677412705611
2026-02-17,VRSK.OQ,27.2666037161321
2026-02-17,SO.N,22.8431248401602
2026-02-17,HEIa.N,68.7640577747779
2026-02-17,SAFE.N,10.102720397336
2026-02-17,KR.N,63.8011412033009
2026-02-17,AAPL.OQ,33.5252169648676
2026-02-17,ALRS.OQ,13.0904571645731
2026-02-17,LE.OQ,52.8064245890747
2026-02-17,AVBH.OQ,13.4389012826416
2026-02-17,INDB.OQ,20.2091322376467
2026-02-17,APO.N,18.4531497897388
2026-02-17,SCVL.OQ,9.69206173990827
2026-02-17,DFH.N,7.73662308749866
2026-02-17,TRC.N,154.493619332066
2026-02-17,AMGN.OQ,26.2232997980014
2026-02-17,PTCT.OQ,8.08442302208052
2026-02-17,ONON.N,53.3128508869591
2026-02-17,VEL.N,8.20567799929901
2026-02-17,CTLP.OQ,13.7103095477111
2026-02-17,NEON.OQ,3.28947368421053
2026-02-17,AVB.N,21.7476198812297
2026-02-17,GILD.OQ,24.132357283847
2026-02-17,TEX.N,20.7934475661705
2026-02-17,ODC.N,17.1905346148979
2026-02-17,BR.N,19.2742785289872
2026-02-18,EML.OQ,18.6924409592414
2026-02-18,UNH.N,15.0348875122269
2026-02-18,AISP.OQ,3.95651107659609
2026-02-18,PTC.OQ,22.9041927192653
2026-02-18,CPT.N,30.6975008270258
2026-02-18,TTAM.N,18.1062455273554
2026-02-18,GHM.N,59.9703168932676
2026-02-18,RCL.N,20.3935294904048
2026-02-18,BMRN.OQ,23.1723176440165
2026-02-18,VRSK.OQ,28.3077481445484
2026-02-18,SO.N,22.6047617983498
2026-02-18,HEIa.N,69.7856998656164
2026-02-18,SAFE.N,9.80170824397035
2026-02-18,KR.N,63.0684264033778
2026-02-18,AAPL.OQ,33.5849291521251
2026-02-18,ALRS.OQ,12.8439518903873
2026-02-18,LE.OQ,53.528613109166
2026-02-18,AVBH.OQ,13.2511322028443
2026-02-18,INDB.OQ,20.0410273401907
2026-02-18,APO.N,18.4841139244239
2026-02-18,SCVL.OQ,9.47795139219306
2026-02-18,DFH.N,7.68870688924355
2026-02-18,TRC.N,152.6835007693
2026-02-18,AMGN.OQ,26.6707028934408
2026-02-18,PTCT.OQ,8.05637240005797
2026-02-18,ONON.N,54.2961834780672
2026-02-18,VEL.N,8.11496196111581
2026-02-18,CTLP.OQ,13.8203220616345
2026-02-18,NEON.OQ,3.38622291021672
2026-02-18,AVB.N,21.7978114047383
2026-02-18,GILD.OQ,23.7391398952457
2026-02-18,TEX.N,20.6588331019959
2026-02-18,ODC.N,17.2097910947034
2026-02-18,BR.N,19.7159277067892
2026-02-19,EML.OQ,18.8545434282646
2026-02-19,UNH.N,15.1251385718944
2026-02-19,AISP.OQ,3.98920951524565
2026-02-19,PTC.OQ,22.7414330218068
2026-02-19,CPT.N,30.703155704216
2026-02-19,TTAM.N,18.0278210746111
2026-02-19,GHM.N,59.515374805158
2026-02-19,RCL.N,19.8517404094697
2026-02-19,BMRN.OQ,23.7682093641198
2026-02-19,VRSK.OQ,28.3689365621273
2026-02-19,SO.N,24.2660199131989
2026-02-19,HEIa.N,70.5544804409578
2026-02-19,SAFE.N,9.7954371574419
2026-02-19,KR.N,61.9418773984961
2026-02-19,AAPL.OQ,33.1059611819964
2026-02-19,ALRS.OQ,12.936391368207
2026-02-19,LE.OQ,54.3952393332756
2026-02-19,AVBH.OQ,13.1997192405188
2026-02-19,INDB.OQ,20.0191006144356
2026-02-19,APO.N,17.4490271363778
2026-02-19,SCVL.OQ,9.74439982490532
2026-02-19,DFH.N,7.62604724537148
2026-02-19,TRC.N,153.045524481854
2026-02-19,AMGN.OQ,26.3736047625603
2026-02-19,PTCT.OQ,8.16974366406575
2026-02-19,ONON.N,55.244563200475
2026-02-19,VEL.N,7.92115951590623
2026-02-19,CTLP.OQ,13.9990923967601
2026-02-19,NEON.OQ,3.4249226006192
2026-02-19,AVB.N,21.737826413228
2026-02-19,GILD.OQ,23.4873564290266
2026-02-19,TEX.N,20.6289187766237
2026-02-19,ODC.N,17.347337379028
2026-02-19,BR.N,19.5045116843326
2026-02-20,EML.OQ,18.8494777261076
2026-02-20,UNH.N,15.1287903488751
2026-02-20,AISP.OQ,4.03825717321998
2026-02-20,PTC.OQ,22.854112812355
2026-02-20,CPT.N,30.3101417394968
2026-02-20,TTAM.N,18.5375800174494
2026-02-20,GHM.N,60.417800914359
2026-02-20,RCL.N,20.1549376047038
2026-02-20,BMRN.OQ,24.0155606441627
2026-02-20,VRSK.OQ,28.1544995518421
2026-02-20,SO.N,24.0745468470768
2026-02-20,HEIa.N,71.7107101126254
2026-02-20,SAFE.N,9.99611192635236
2026-02-20,KR.N,60.7786926536182
2026-02-20,AAPL.OQ,33.6141500097191
2026-02-20,ALRS.OQ,13.0699150583909
2026-02-20,LE.OQ,54.6552272005084
2026-02-20,AVBH.OQ,13.3226632808623
2026-02-20,INDB.OQ,20.3333836835925
2026-02-20,APO.N,17.6525057357373
2026-02-20,SCVL.OQ,10.1250404430657
2026-02-20,DFH.N,7.55233001728669
2026-02-20,TRC.N,156.032220110417
2026-02-20,AMGN.OQ,26.3209277889999
2026-02-20,PTCT.OQ,9.09706540463016
2026-02-20,ONON.N,56.9138810955244
2026-02-20,VEL.N,7.84281384656619
2026-02-20,CTLP.OQ,14.122856474924
2026-02-20,NEON.OQ,3.34752321981424
2026-02-20,AVB.N,21.7170152937245
2026-02-20,GILD.OQ,23.5308745589904
2026-02-20,TEX.N,20.3925956061839
2026-02-20,ODC.N,17.5206456972771
2026-02-20,BR.N,19.5941697880969
2026-02-23,EML.OQ,18.2871847866833
2026-02-23,UNH.N,14.7291816106945
2026-02-23,AISP.OQ,4.05460639254476
2026-02-23,PTC.OQ,22.2236951606608
2026-02-23,CPT.N,30.592885599007
2026-02-23,TTAM.N,18.1650638669137
2026-02-23,GHM.N,57.8373097260652
2026-02-23,RCL.N,19.3585652248169
2026-02-23,BMRN.OQ,23.580822030754
2026-02-23,VRSK.OQ,28.0156554444631
2026-02-23,SO.N,24.2992085779934
2026-02-23,HEIa.N,70.6115782025217
2026-02-23,SAFE.N,9.9647564937101
2026-02-23,KR.N,62.5188903034355
2026-02-23,AAPL.OQ,33.8174255408082
2026-02-23,ALRS.OQ,12.5640656936556
2026-02-23,LE.OQ,49.4554698558512
2026-02-23,AVBH.OQ,13.2645442799726
2026-02-23,INDB.OQ,19.487986590589
2026-02-23,APO.N,16.7692906559088
2026-02-23,SCVL.OQ,10.0679443503416
2026-02-23,DFH.N,7.38278039269167
2026-02-23,TRC.N,154.855643044619
2026-02-23,AMGN.OQ,26.6489297443692
2026-02-23,PTCT.OQ,9.0764663321034
2026-02-23,ONON.N,54.549133823202
2026-02-23,VEL.N,7.69436942044822
2026-02-23,CTLP.OQ,14.122856474924
2026-02-23,NEON.OQ,3.27012383900929
2026-02-23,AVB.N,21.5897002097026
2026-02-23,GILD.OQ,23.2868621874077
2026-02-23,TEX.N,20.2370411142488
2026-02-23,ODC.N,17.5261475486501
2026-02-23,BR.N,19.451380956176
2026-02-24,EML.OQ,18.6012583204158
2026-02-24,UNH.N,14.2914900554288
2026-02-24,AISP.OQ,4.75762282351018
2026-02-24,PTC.OQ,22.6199156006275
2026-02-24,CPT.N,30.7483947217376
2026-02-24,TTAM.N,18.8022625454617
2026-02-24,GHM.N,61.1561495491599
2026-02-24,RCL.N,20.245129175438
2026-02-24,BMRN.OQ,23.4683896307345
2026-02-24,VRSK.OQ,29.4920311195926
2026-02-24,SO.N,24.4600459535359
2026-02-24,HEIa.N,71.5027111240714
2026-02-24,SAFE.N,9.97102758023856
2026-02-24,KR.N,63.8927305532913
2026-02-24,AAPL.OQ,34.5746268941151
2026-02-24,ALRS.OQ,12.448516346381
2026-02-24,LE.OQ,46.653378397897
2026-02-24,AVBH.OQ,13.208660625271
2026-02-24,INDB.OQ,19.6073654308114
2026-02-24,APO.N,16.828269960071
2026-02-24,SCVL.OQ,9.99657423443656
2026-02-24,DFH.N,7.0768538961398
2026-02-24,TRC.N,158.656892026428
2026-02-24,AMGN.OQ,26.8912438227469
2026-02-24,PTCT.OQ,8.88077514309918
2026-02-24,ONON.N,53.7322704668597
2026-02-24,VEL.N,7.67375213904295
2026-02-24,CTLP.OQ,14.1641111676453
2026-02-24,NEON.OQ,3.40557275541796
2026-02-24,AVB.N,21.7390505967283
2026-02-24,GILD.OQ,22.9464882423338
2026-02-24,TEX.N,20.5960130187144
2026-02-24,ODC.N,17.8672623337753
2026-02-24,BR.N,19.6782934410116
2026-02-25,EML.OQ,19.0774343231715
2026-02-25,UNH.N,14.8262145418976
2026-02-25,AISP.OQ,4.5941306302624
2026-02-25,PTC.OQ,22.6994542763085
2026-02-25,CPT.N,30.7738416690935
2026-02-25,TTAM.N,18.2434883196581
2026-02-25,GHM.N,60.2462653729406
2026-02-25,RCL.N,20.0212493899276
2026-02-25,BMRN.OQ,23.0261555239912
2026-02-25,VRSK.OQ,30.2093923410505
2026-02-25,SO.N,24.4881286699004
2026-02-25,HEIa.N,70.2955013081505
2026-02-25,SAFE.N,10.2469553874904
2026-02-25,KR.N,61.9052416584999
2026-02-25,AAPL.OQ,34.8401555566002
2026-02-25,ALRS.OQ,12.7566479391132
2026-02-25,LE.OQ,46.5089406938787
2026-02-25,AVBH.OQ,13.3181925884862
2026-02-25,INDB.OQ,19.9119032885216
2026-02-25,APO.N,17.2824106021197
2026-02-25,SCVL.OQ,9.33521116038292
2026-02-25,DFH.N,9.17289717301656
2026-02-25,TRC.N,162.277129151959
2026-02-25,AMGN.OQ,26.9937883312778
2026-02-25,PTCT.OQ,8.72370721508265
2026-02-25,ONON.N,53.4814740592296
2026-02-25,VEL.N,7.73560398325877
2026-02-25,CTLP.OQ,14.3566330670114
2026-02-25,NEON.OQ,3.48297213622291
2026-02-25,AVB.N,21.8235192582427
2026-02-25,GILD.OQ,21.6874396526944
2026-02-25,TEX.N,20.3985784712583
2026-02-25,ODC.N,17.9360354759377
2026-02-25,BR.N,19.6273764931948
2026-02-26,EML.OQ,18.9457260670902
2026-02-26,UNH.N,14.9545484186501
2026-02-26,AISP.OQ,4.65952750756151
2026-02-26,PTC.OQ,23.1531193153782
2026-02-26,CPT.N,31.1696830724079
2026-02-26,TTAM.N,18.4101402817398
2026-02-26,GHM.N,61.3724334926874
2026-02-26,RCL.N,20.4012053687652
2026-02-26,BMRN.OQ,22.9024798839698
2026-02-26,VRSK.OQ,31.2615221325221
2026-02-26,SO.N,24.5979065611437
2026-02-26,HEIa.N,63.8230621937368
2026-02-26,SAFE.N,10.2594975605473
2026-02-26,KR.N,61.5297253235394
2026-02-26,AAPL.OQ,34.6775351317289
2026-02-26,ALRS.OQ,12.7874610983864
2026-02-26,LE.OQ,50.4087587023717
2026-02-26,AVBH.OQ,13.3539581274952
2026-02-26,INDB.OQ,19.9874286772337
2026-02-26,APO.N,20.1715640896788
2026-02-26,SCVL.OQ,9.83955997944541
2026-02-26,DFH.N,9.1629482606814
2026-02-26,TRC.N,161.010046158023
2026-02-26,AMGN.OQ,26.6426085075419
2026-02-26,PTCT.OQ,8.76748024420201
2026-02-26,ONON.N,54.6765827952201
2026-02-26,VEL.N,7.74797435210193
2026-02-26,CTLP.OQ,14.2328689888475
2026-02-26,NEON.OQ,3.65712074303406
2026-02-26,AVB.N,21.9949049482721
2026-02-26,GILD.OQ,21.1936052125331
2026-02-26,TEX.N,20.3896041736467
2026-02-26,ODC.N,18.5137298701013
2026-02-26,BR.N,20.2848692541331
2026-02-27,EML.OQ,18.8140178110088
2026-02-27,UNH.N,15.2993805021193
2026-02-27,AISP.OQ,4.46333687566419
2026-02-27,PTC.OQ,23.0647430090659
2026-02-27,CPT.N,30.6324697393384
2026-02-27,TTAM.N,17.7631385465988
2026-02-27,GHM.N,60.574420321741
2026-02-27,RCL.N,19.8907594578015
2026-02-27,BMRN.OQ,34.6457134839343
2026-02-27,VRSK.OQ,32.0220792984978
2026-02-27,SO.N,24.8608629052847
2026-02-27,HEIa.N,65.1444675327853
2026-02-27,SAFE.N,10.1215336569214
2026-02-27,KR.N,62.5005724334374
2026-02-27,AAPL.OQ,33.5633311269468
2026-02-27,ALRS.OQ,12.2430952845595
2026-02-27,LE.OQ,46.4222780714678
2026-02-27,AVBH.OQ,12.9113595822585
2026-02-27,INDB.OQ,19.0202164411462
2026-02-27,APO.N,18.4435804526259
2026-02-27,SCVL.OQ,9.60641760082218
2026-02-27,DFH.N,8.98884229481612
2026-02-27,TRC.N,159.380939451534
2026-02-27,AMGN.OQ,27.2627920762594
2026-02-27,PTCT.OQ,8.77906722249831
2026-02-27,ONON.N,53.0381889705337
2026-02-27,VEL.N,7.66550522648084
2026-02-27,CTLP.OQ,14.3566330670114
2026-02-27,NEON.OQ,3.52167182662539
2026-02-27,AVB.N,21.6962041742209
2026-02-27,GILD.OQ,21.9572059289616
2026-02-27,TEX.N,20.5780644234911
2026-02-27,ODC.N,18.6622798571719
2026-02-27,BR.N,20.5737675884848
2026-03-02,EML.OQ,18.9052004498344
2026-03-02,UNH.N,15.385979784806
2026-03-02,AISP.OQ,4.62682906891196
2026-03-02,PTC.OQ,23.2901025901622
2026-03-02,CPT.N,30.898248967278
2026-03-02,TTAM.N,17.1357429246439
2026-03-02,GHM.N,64.9746798624732
2026-03-02,RCL.N,19.2434270494115
2026-03-02,BMRN.OQ,33.5288340115055
2026-03-02,VRSK.OQ,33.1359175821379
2026-03-02,SO.N,24.8225682920603
2026-03-02,HEIa.N,65.109187662773
2026-03-02,SAFE.N,10.171702349149
2026-03-02,KR.N,63.2424461683595
2026-03-02,AAPL.OQ,33.6319366186894
2026-03-02,ALRS.OQ,12.515278191473
2026-03-02,LE.OQ,47.6066672444175
2026-03-02,AVBH.OQ,12.9471251212675
2026-03-02,INDB.OQ,17.9602900257571
2026-03-02,APO.N,18.7697814453349
2026-03-02,SCVL.OQ,9.50649943855509
2026-03-02,DFH.N,8.80976187278326
2026-03-02,TRC.N,160.10498687664
2026-03-02,AMGN.OQ,27.0900116029814
2026-03-02,PTCT.OQ,8.54475277250642
2026-03-02,ONON.N,54.0657077117197
2026-03-02,VEL.N,7.62427066367029
2026-03-02,CTLP.OQ,14.4253908882135
2026-03-02,NEON.OQ,3.48297213622291
2026-03-02,AVB.N,24.2251104278538
2026-03-02,GILD.OQ,22.1164122559389
2026-03-02,TEX.N,20.7754989709472
2026-03-02,ODC.N,18.9813872368052
2026-03-02,BR.N,20.6435016691904
2026-03-03,EML.OQ,18.8646748325785
2026-03-03,UNH.N,21.9201443102063
2026-03-03,AISP.OQ,4.47968609498896
2026-03-03,PTC.OQ,24.0236259325541
2026-03-03,CPT.N,30.5900581604119
2026-03-03,TTAM.N,16.4103167367585
2026-03-03,GHM.N,62.6403048857797
2026-03-03,RCL.N,19.2734909063229
2026-03-03,BMRN.OQ,32.8497263925915
2026-03-03,VRSK.OQ,33.129746732921
2026-03-03,SO.N,24.710237426602
2026-03-03,HEIa.N,64.6069026615172
2026-03-03,SAFE.N,9.83306367661261
2026-03-03,KR.N,62.866929833399
2026-03-03,AAPL.OQ,33.5087008279666
2026-03-03,ALRS.OQ,12.525549244564
2026-03-03,LE.OQ,46.5378282346824
2026-03-03,AVBH.OQ,12.8800647356256
2026-03-03,INDB.OQ,17.8636447409232
2026-03-03,APO.N,18.8808661077169
2026-03-03,SCVL.OQ,9.53980549264412
2026-03-03,DFH.N,8.73017057410199
2026-03-03,TRC.N,160.376504661055
2026-03-03,AMGN.OQ,26.478958709681
2026-03-03,PTCT.OQ,8.28983924998777
2026-03-03,ONON.N,50.9399020262748
2026-03-03,VEL.N,7.56241881945447
2026-03-03,CTLP.OQ,14.3016268100496
2026-03-03,NEON.OQ,3.40557275541796
2026-03-03,AVB.N,23.9964056816213
2026-03-03,GILD.OQ,21.7921030713554
2026-03-03,TEX.N,19.9049921026181
2026-03-03,ODC.N,18.7888224387506
2026-03-03,BR.N,20.7552975763533
2026-03-04,EML.OQ,19.8993252650744
2026-03-04,UNH.N,22.1285755430581
2026-03-04,AISP.OQ,4.44698765633941
2026-03-04,PTC.OQ,24.0044777328532
2026-03-04,CPT.N,30.7483947217376
2026-03-04,TTAM.N,16.8514542834456
2026-03-04,GHM.N,64.1915828255632
2026-03-04,RCL.N,18.3715751989812
2026-03-04,BMRN.OQ,33.9160937280763
2026-03-04,VRSK.OQ,33.2577918541705
2026-03-04,SO.N,24.9246872606587
2026-03-04,HEIa.N,63.2898876582247
2026-03-04,SAFE.N,9.85187693619797
2026-03-04,KR.N,62.2715990584615
2026-03-04,AAPL.OQ,33.3524327634419
2026-03-04,ALRS.OQ,12.7566479391132
2026-03-04,LE.OQ,46.1911777450386
2026-03-04,AVBH.OQ,12.965007890772
2026-03-04,INDB.OQ,17.8254361399424
2026-03-04,APO.N,19.3587064808203
2026-03-04,SCVL.OQ,9.58738556991416
2026-03-04,DFH.N,8.74011948643715
2026-03-04,TRC.N,163.634718074034
2026-03-04,AMGN.OQ,26.6383943496571
2026-03-04,PTCT.OQ,8.27696482965855
2026-03-04,ONON.N,55.2704228357572
2026-03-04,VEL.N,7.55829536317341
2026-03-04,CTLP.OQ,14.3016268100496
2026-03-04,NEON.OQ,3.34752321981424
2026-03-04,AVB.N,24.101961718344
2026-03-04,GILD.OQ,21.8495942449861
2026-03-04,TEX.N,20.0844780548509
2026-03-04,ODC.N,18.8300863240481
2026-03-04,BR.N,20.8914450672546
2026-02-12,CF.N,11.3509923077016
2026-02-12,AMRX.OQ,885.593220338983
2026-02-12,GLNG.OQ,80.1131874391342
2026-02-12,CSX.OQ,26.4655200442176
2026-02-12,RAL.N,20.5631205742227
2026-02-12,ARLO.N,319.306226897924
2026-02-12,AROW.OQ,13.0156480262788
2026-02-12,OOMA.N,142.857142857143
2026-02-12,ITRI.OQ,17.2192386413096
2026-02-12,BRBS.A,39.1760161853964
2026-02-12,CBOE.Z,29.0558148674288
2026-02-12,TSSI.OQ,47.1926000117834
2026-02-12,DORM.OQ,16.3894230470038
2026-02-12,CAH.N,30.9309784406507
2026-02-12,CENTA.OQ,15.2477608040693
2026-02-12,IPAR.OQ,19.6074600563451
2026-02-12,WMT.OQ,46.8739587169639
2026-02-12,CENX.OQ,60.2789569436022
2026-02-12,PPG.N,24.5889077037519
2026-02-12,CMPR.OQ,83.380582329987
2026-02-12,PRTH.OQ,9.98570783812246
2026-02-12,FWONA.OQ,31.2991887637729
2026-02-12,CLH.N,37.0227038183695
2026-02-12,FCAP.OQ,10.8560292983966
2026-02-12,ACR.N,19.2245574183868
2026-02-12,KMT.N,27.5046365958638
2026-02-12,V.N,30.4259520663143
2026-02-13,CF.N,11.4112673305759
2026-02-13,AMRX.OQ,897.094430992736
2026-02-13,GLNG.OQ,79.8191940907337
2026-02-13,CSX.OQ,26.4916545130449
2026-02-13,RAL.N,21.3016551863955
2026-02-13,ARLO.N,324.70855843048
2026-02-13,AROW.OQ,13.0006487199967
2026-02-13,OOMA.N,146.249528835281
2026-02-13,ITRI.OQ,16.0717690096869
2026-02-13,BRBS.A,39.2679786647048
2026-02-13,CBOE.Z,29.5400784485526
2026-02-13,TSSI.OQ,47.9585223590408
2026-02-13,DORM.OQ,16.3259463933437
2026-02-13,CAH.N,31.7550949963325
2026-02-13,CENTA.OQ,15.4927047527291
2026-02-13,IPAR.OQ,19.9747580326895
2026-02-13,WMT.OQ,46.9616457094755
2026-02-13,CENX.OQ,55.8399029714979
2026-02-13,PPG.N,24.5477891289964
2026-02-13,CMPR.OQ,82.5690113286418
2026-02-13,PRTH.OQ,10.1361516473597
2026-02-13,FWONA.OQ,31.6139968519191
2026-02-13,CLH.N,37.9811800215276
2026-02-13,FCAP.OQ,10.6781286487526
2026-02-13,ACR.N,19.3704348188515
2026-02-13,KMT.N,27.7075970185814
2026-02-13,V.N,29.4780153772225
2026-02-17,CF.N,11.3063887907745
2026-02-17,AMRX.OQ,919.491525423728
2026-02-17,GLNG.OQ,81.160538742811
2026-02-17,CSX.OQ,26.5953654188948
2026-02-17,RAL.N,21.4802550599275
2026-02-17,ARLO.N,331.532556155815
2026-02-17,AROW.OQ,13.1093936905418
2026-02-17,OOMA.N,143.359718557608
2026-02-17,ITRI.OQ,17.3433380215321
2026-02-17,BRBS.A,39.1760161853964
2026-02-17,CBOE.Z,30.5161218969818
2026-02-17,TSSI.OQ,46.7801802863371
2026-02-17,DORM.OQ,16.088220102185
2026-02-17,CAH.N,32.4440161659164
2026-02-17,CENTA.OQ,15.7621430962548
2026-02-17,IPAR.OQ,19.6836548493101
2026-02-17,WMT.OQ,45.193875940443
2026-02-17,CENX.OQ,59.2965433596119
2026-02-17,PPG.N,24.1440794859431
2026-02-17,CMPR.OQ,79.9119501050595
2026-02-17,PRTH.OQ,10.3430118850609
2026-02-17,FWONA.OQ,32.1386769988295
2026-02-17,CLH.N,37.3237014103887
2026-02-17,FCAP.OQ,10.943957205692
2026-02-17,ACR.N,19.432953704765
2026-02-17,KMT.N,27.3366693494769
2026-02-17,V.N,29.9867101153292
2026-02-18,CF.N,11.5511053836445
2026-02-18,AMRX.OQ,898.910411622276
2026-02-18,GLNG.OQ,81.7485254396119
2026-02-18,CSX.OQ,26.8092691622103
2026-02-18,RAL.N,21.214768761434
2026-02-18,ARLO.N,326.414557861814
2026-02-18,AROW.OQ,13.0381469857019
2026-02-18,OOMA.N,145.370021359467
2026-02-18,ITRI.OQ,15.3121554649695
2026-02-18,BRBS.A,39.4519036233217
2026-02-18,CBOE.Z,30.6438987620677
2026-02-18,TSSI.OQ,47.4282684263242
2026-02-18,DORM.OQ,16.0110524055785
2026-02-18,CAH.N,32.3591594874081
2026-02-18,CENTA.OQ,15.8927798688733
2026-02-18,IPAR.OQ,19.7578959296351
2026-02-18,WMT.OQ,44.4117079672401
2026-02-18,CENX.OQ,60.9096422073984
2026-02-18,PPG.N,23.9702600562951
2026-02-18,CMPR.OQ,81.6129139845912
2026-02-18,PRTH.OQ,10.4934556942982
2026-02-18,FWONA.OQ,32.9741292327562
2026-02-18,CLH.N,38.318241841162
2026-02-18,FCAP.OQ,10.7067563394999
2026-02-18,ACR.N,19.4746329620406
2026-02-18,KMT.N,26.9167512335095
2026-02-18,V.N,30.0617942095146
2026-02-19,CF.N,11.9899075501699
2026-02-19,AMRX.OQ,883.777239709443
2026-02-19,GLNG.OQ,83.60435845139
2026-02-19,CSX.OQ,27.0166909739102
2026-02-19,RAL.N,21.1375363836905
2026-02-19,ARLO.N,330.395223201592
2026-02-19,AROW.OQ,13.0306473325609
2026-02-19,OOMA.N,144.867445659002
2026-02-19,ITRI.OQ,15.2398847974807
2026-02-19,BRBS.A,38.8081662681626
2026-02-19,CBOE.Z,30.7276516652332
2026-02-19,TSSI.OQ,47.074765804513
2026-02-19,DORM.OQ,15.8977901412044
2026-02-19,CAH.N,32.0384300076227
2026-02-19,CENTA.OQ,15.9540158560383
2026-02-19,IPAR.OQ,19.7618033549153
2026-02-19,WMT.OQ,43.7978990196594
2026-02-19,CENX.OQ,63.6749545178896
2026-02-19,PPG.N,23.2226496061962
2026-02-19,CMPR.OQ,81.6685010394779
2026-02-19,PRTH.OQ,10.3618173612156
2026-02-19,FWONA.OQ,33.0286152480123
2026-02-19,CLH.N,38.6270867400106
2026-02-19,FCAP.OQ,10.7149356797134
2026-02-19,ACR.N,19.4121140761272
2026-02-19,KMT.N,27.0287293977674
2026-02-19,V.N,29.933212698222
2026-02-20,CF.N,11.7150534458628
2026-02-20,AMRX.OQ,877.72397094431
2026-02-20,GLNG.OQ,84.1372213953659
2026-02-20,CSX.OQ,27.4250526656944
2026-02-20,RAL.N,21.0844391239918
2026-02-20,ARLO.N,330.110889963037
2026-02-20,AROW.OQ,13.1693909156702
2026-02-20,OOMA.N,148.385475562257
2026-02-20,ITRI.OQ,15.3060047698641
2026-02-20,BRBS.A,39.1760161853964
2026-02-20,CBOE.Z,30.9971642125992
2026-02-20,TSSI.OQ,45.8964237318094
2026-02-20,DORM.OQ,16.1417396337024
2026-02-20,CAH.N,32.280055804053
2026-02-20,CENTA.OQ,16.1948774055537
2026-02-20,IPAR.OQ,20.2033424115847
2026-02-20,WMT.OQ,45.0567284690091
2026-02-20,CENX.OQ,63.844754396604
2026-02-20,PPG.N,18.2972680630029
2026-02-20,CMPR.OQ,80.3121769002434
2026-02-20,PRTH.OQ,10.3618173612156
2026-02-20,FWONA.OQ,33.0911732655285
2026-02-20,CLH.N,39.0870310798807
2026-02-20,FCAP.OQ,10.9562262160123
2026-02-20,ACR.N,19.3600150045326
2026-02-20,KMT.N,27.7075970185814
2026-02-20,V.N,30.1228000360403
2026-02-23,CF.N,11.5065018667175
2026-02-23,AMRX.OQ,872.881355932203
2026-02-23,GLNG.OQ,83.4389871929147
2026-02-23,CSX.OQ,27.2046669907632
2026-02-23,RAL.N,20.3265964173831
2026-02-23,ARLO.N,324.70855843048
2026-02-23,AROW.OQ,12.5844179706689
2026-02-23,OOMA.N,144.61615780877
2026-02-23,ITRI.OQ,14.6401920247012
2026-02-23,BRBS.A,37.7046165164613
2026-02-23,CBOE.Z,27.8301927517366
2026-02-23,TSSI.OQ,44.5413303482001
2026-02-23,DORM.OQ,15.869163415044
2026-02-23,CAH.N,32.3347092580075
2026-02-23,CENTA.OQ,16.0805702295125
2026-02-23,IPAR.OQ,19.8692575501225
2026-02-23,WMT.OQ,46.0898203812183
2026-02-23,CENX.OQ,62.874469375379
2026-02-23,PPG.N,18.1266304567882
2026-02-23,CMPR.OQ,78.0442250608678
2026-02-23,PRTH.OQ,10.1173461712051
2026-02-23,FWONA.OQ,32.1386769988295
2026-02-23,CLH.N,38.5556923947174
2026-02-23,FCAP.OQ,10.2262201019555
2026-02-23,ACR.N,19.3808546331704
2026-02-23,KMT.N,27.3226720789446
2026-02-23,V.N,28.7684706871696
2026-02-24,CF.N,11.5860648969116
2026-02-24,AMRX.OQ,887.409200968522
2026-02-24,GLNG.OQ,82.4467596420631
2026-02-24,CSX.OQ,27.5287635715443
2026-02-24,RAL.N,21.7698764764658
2026-02-24,ARLO.N,330.110889963037
2026-02-24,AROW.OQ,12.6031671035215
2026-02-24,OOMA.N,148.25983163714
2026-02-24,ITRI.OQ,15.0446002278833
2026-02-24,BRBS.A,37.5206915578444
2026-02-24,CBOE.Z,28.101674070848
2026-02-24,TSSI.OQ,49.7849525717316
2026-02-24,DORM.OQ,15.7322529855808
2026-02-24,CAH.N,32.5001078686591
2026-02-24,CENTA.OQ,16.2806077875846
2026-02-24,IPAR.OQ,20.117379055419
2026-02-24,WMT.OQ,46.4341843519546
2026-02-24,CENX.OQ,64.8999393571862
2026-02-24,PPG.N,18.1555520849602
2026-02-24,CMPR.OQ,79.6006625976942
2026-02-24,PRTH.OQ,10.5310666466075
2026-02-24,FWONA.OQ,32.0377769705776
2026-02-24,CLH.N,39.0829121753445
2026-02-24,FCAP.OQ,10.4020759165462
2026-02-24,ACR.N,19.3704348188515
2026-02-24,KMT.N,28.0645274171537
2026-02-24,V.N,28.8341692695819
2026-02-25,CF.N,11.5896813982841
2026-02-25,AMRX.OQ,882.566585956416
2026-02-25,GLNG.OQ,79.1944582253826
2026-02-25,CSX.OQ,27.3667152811538
2026-02-25,RAL.N,22.4311787108951
2026-02-25,ARLO.N,338.640887119704
2026-02-25,AROW.OQ,12.9106528823042
2026-02-25,OOMA.N,151.652217615278
2026-02-25,ITRI.OQ,14.9385007373146
2026-02-25,BRBS.A,38.5322788302373
2026-02-25,CBOE.Z,27.9414713136338
2026-02-25,TSSI.OQ,50.9043775408001
2026-02-25,DORM.OQ,14.2511310668434
2026-02-25,CAH.N,32.5303110932129
2026-02-25,CENTA.OQ,16.1826302081207
2026-02-25,IPAR.OQ,19.3963665934284
2026-02-25,WMT.OQ,46.0678397022351
2026-02-25,CENX.OQ,64.3056397816859
2026-02-25,PPG.N,17.8041543026706
2026-02-25,CMPR.OQ,80.1565331465608
2026-02-25,PRTH.OQ,10.775537836618
2026-02-25,FWONA.OQ,32.9297332203253
2026-02-25,CLH.N,39.2723817840074
2026-02-25,FCAP.OQ,10.7865049065817
2026-02-25,ACR.N,19.4537933334028
2026-02-25,KMT.N,28.0155369702908
2026-02-25,V.N,29.3757132988947
2026-02-26,CF.N,10.800091594025
2026-02-26,AMRX.OQ,877.118644067796
2026-02-26,GLNG.OQ,71.5787730772415
2026-02-26,CSX.OQ,27.6454383406255
2026-02-26,RAL.N,22.6677028677347
2026-02-26,ARLO.N,350.867216377594
2026-02-26,AROW.OQ,12.8619051368874
2026-02-26,OOMA.N,155.170247518532
2026-02-26,ITRI.OQ,14.7739696432443
2026-02-26,BRBS.A,38.8081662681626
2026-02-26,CBOE.Z,28.040279002215
2026-02-26,TSSI.OQ,52.2005538207742
2026-02-26,DORM.OQ,14.506282321752
2026-02-26,CAH.N,32.6669447280991
2026-02-26,CENTA.OQ,16.0234166414919
2026-02-26,IPAR.OQ,19.890772552261
2026-02-26,WMT.OQ,45.5806013181081
2026-02-26,CENX.OQ,63.3232261976956
2026-02-26,PPG.N,17.8562132333802
2026-02-26,CMPR.OQ,80.801342983246
2026-02-26,PRTH.OQ,10.4370392658342
2026-02-26,FWONA.OQ,32.2718650361222
2026-02-26,CLH.N,40.1634381319944
2026-02-26,FCAP.OQ,10.9132846798913
2026-02-26,ACR.N,19.432953704765
2026-02-26,KMT.N,28.0715260524198
2026-02-26,V.N,29.72391578568
2026-02-27,CF.N,11.0646471518038
2026-02-27,AMRX.OQ,835.956416464891
2026-02-27,GLNG.OQ,73.6153655103899
2026-02-27,CSX.OQ,27.671366067088
2026-02-27,ARLO.N,446.118851293716
2026-02-27,AROW.OQ,12.4906723064058
2026-02-27,OOMA.N,155.295891443649
2026-02-27,ITRI.OQ,14.4464451288801
2026-02-27,BRBS.A,37.3367665992275
2026-02-27,CBOE.Z,28.7520780791785
2026-02-27,TSSI.OQ,60.8613680551464
2026-02-27,DORM.OQ,14.6693301968399
2026-02-27,CAH.N,32.9689769736369
2026-02-27,CENTA.OQ,15.9989222466259
2026-02-27,IPAR.OQ,19.2379276182041
2026-02-27,WMT.OQ,46.8737979316181
2026-02-27,CENX.OQ,62.5348696179503
2026-02-27,PPG.N,17.8258455237996
2026-02-27,CMPR.OQ,81.2126871894073
2026-02-27,PRTH.OQ,10.4370392658342
2026-02-27,FWONA.OQ,35.3932183623558
2026-02-27,CLH.N,40.2554269999684
2026-02-27,FCAP.OQ,10.3877620711725
2026-02-27,ACR.N,19.2870763043003
2026-02-27,KMT.N,28.1905028519439
2026-02-27,V.N,30.0467773906776
2026-03-02,CF.N,11.5937582673612
2026-03-02,AMRX.OQ,61.5474008849953
2026-03-02,GLNG.OQ,76.3970527361536
2026-03-02,CSX.OQ,27.9824987846378
2026-03-02,ARLO.N,114.351955725077
2026-03-02,AROW.OQ,12.5694186643868
2026-03-02,OOMA.N,156.677974619927
2026-03-02,ITRI.OQ,14.6325036558194
2026-03-02,BRBS.A,37.2448041199191
2026-03-02,CBOE.Z,28.5381546369105
2026-03-02,TSSI.OQ,59.152772049726
2026-03-02,DORM.OQ,17.4631508386621
2026-03-02,CAH.N,33.0624631448748
2026-03-02,CENTA.OQ,15.8846150705847
2026-03-02,IPAR.OQ,18.9325030876511
2026-03-02,WMT.OQ,46.5624049793565
2026-03-02,CENX.OQ,62.2862340812614
2026-03-02,PPG.N,17.2372903904998
2026-03-02,CMPR.OQ,79.1003791037143
2026-03-02,PRTH.OQ,10.6250940273808
2026-03-02,FWONA.OQ,35.2086383448207
2026-03-02,CLH.N,40.7799008442381
2026-03-02,FCAP.OQ,10.6045145868309
2026-03-02,ACR.N,19.3287555615759
2026-03-02,KMT.N,28.7014032263709
2026-03-02,V.N,30.0815037842384
2026-03-03,CF.N,11.8160738621332
2026-03-03,AMRX.OQ,59.4913511822286
2026-03-03,GLNG.OQ,75.7513039158871
2026-03-03,CSX.OQ,27.6519202722411
2026-03-03,ARLO.N,112.856181287862
2026-03-03,AROW.OQ,12.52067091897
2026-03-03,OOMA.N,160.447292373414
2026-03-03,ITRI.OQ,14.4449074551038
2026-03-03,BRBS.A,37.1528416406106
2026-03-03,CBOE.Z,29.2039074123993
2026-03-03,TSSI.OQ,57.6798444588464
2026-03-03,DORM.OQ,17.506835076937
2026-03-03,CAH.N,32.5547613226136
2026-03-03,CENTA.OQ,15.5457759416054
2026-03-03,IPAR.OQ,18.2300266673793
2026-03-03,WMT.OQ,46.8591441456293
2026-03-03,CENX.OQ,64.1843541540327
2026-03-03,PPG.N,17.0897900868227
2026-03-03,CMPR.OQ,78.2999255133465
2026-03-03,PRTH.OQ,10.6438995035354
2026-03-03,FWONA.OQ,34.1473032439938
2026-03-03,CLH.N,40.7977494305615
2026-03-03,FCAP.OQ,10.56770755587
2026-03-03,ACR.N,19.5579914765919
2026-03-03,KMT.N,28.3934632746614
2026-03-03,V.N,30.1115374219125
2026-03-04,CF.N,11.6393329642894
2026-03-04,AMRX.OQ,59.4466544495597
2026-03-04,GLNG.OQ,77.2414935011176
2026-03-04,CSX.OQ,27.7297034516286
2026-03-04,ARLO.N,112.482237678558
2026-03-04,AROW.OQ,12.7306612069192
2026-03-04,OOMA.N,163.211458725971
2026-03-04,ITRI.OQ,14.1911912820048
2026-03-04,BRBS.A,37.6126540371528
2026-03-04,CBOE.Z,28.8384148944436
2026-03-04,TSSI.OQ,58.6814352206446
2026-03-04,DORM.OQ,17.4977969586732
2026-03-04,CAH.N,32.0988364567303
2026-03-04,CENTA.OQ,15.6886599116569
2026-03-04,IPAR.OQ,17.9627802031455
2026-03-04,WMT.OQ,46.8225096806574
2026-03-04,CENX.OQ,132.023721275019
2026-03-04,PPG.N,17.02037817921
2026-03-04,CMPR.OQ,78.0442250608678
2026-03-04,PRTH.OQ,10.775537836618
2026-03-04,FWONA.OQ,33.006263135595
2026-03-04,CLH.N,40.2279676363941
2026-03-04,FCAP.OQ,10.8376257829162
2026-03-04,ACR.N,19.776807577289
2026-03-04,KMT.N,29.2402981418623
2026-03-04,V.N,30.0777495795291
2026-02-12,WEN.OQ,7.70469912461052
2026-02-12,CASH.OQ,10.7469959280434
2026-02-12,ORA.N,55.0654244931374
2026-02-12,SCI.N,21.229149701503
2026-02-12,PPC.OQ,8.07001635316639
2026-02-12,ELA.A,32.5743683781581
2026-02-12,BPOP.OQ,12.570146499714
2026-02-12,LWAY.OQ,30.1646851121348
2026-02-12,VIK.N,35.3602130552824
2026-02-12,PD.N,4.23506483771831
2026-02-12,AUPH.OQ,25.5093855286379
2026-02-12,HIPO.N,7.49881347887992
2026-02-12,TDG.N,41.679088673349
2026-02-12,OXY.N,33.8943901766621
2026-02-12,FSS.N,31.1365248966985
2026-02-12,FTAI.OQ,62.7273847726951
2026-02-12,NTAP.OQ,17.0946121166026
2026-02-12,SF.N,20.9989035262225
2026-02-12,ARL.N,49.7742632006954
2026-02-12,DLTR.OQ,24.8633223887994
2026-02-12,PTLO.OQ,15.0912106135987
2026-02-12,PNR.N,25.3099042506229
2026-02-12,TPH.N,10.7999397542327
2026-02-12,LPLA.OQ,30.3830753380577
2026-02-12,THO.N,21.4737614345842
2026-02-12,HST.OQ,18.416414548402
2026-02-12,FOXA.OQ,13.5917279053131
2026-02-12,CI.N,12.6633720735683
2026-02-12,UTMD.OQ,18.0273706006483
2026-02-12,GSHD.OQ,46.0430262625552
2026-02-12,OSPN.OQ,7.3082102328477
2026-02-12,WBD.OQ,150.192348792477
2026-02-13,WEN.OQ,7.92725577057589
2026-02-13,CASH.OQ,11.2508184072881
2026-02-13,ORA.N,54.0546721000325
2026-02-13,SCI.N,20.9457949331475
2026-02-13,PPC.OQ,9.54281711362825
2026-02-13,ELA.A,32.7271801140994
2026-02-13,BPOP.OQ,12.628583470129
2026-02-13,LWAY.OQ,30.3164050646879
2026-02-13,VIK.N,35.3931500468176
2026-02-13,PD.N,4.33500737076181
2026-02-13,AUPH.OQ,25.3667754068845
2026-02-13,HIPO.N,7.66424842362194
2026-02-13,TDG.N,41.3799956969204
2026-02-13,OXY.N,34.3265455141531
2026-02-13,FSS.N,31.4312993029759
2026-02-13,FTAI.OQ,63.8731529623357
2026-02-13,NTAP.OQ,17.8255973628837
2026-02-13,SF.N,21.0431117441725
2026-02-13,ARL.N,48.0917528953198
2026-02-13,DLTR.OQ,24.4045037789617
2026-02-13,PTLO.OQ,14.9253731343284
2026-02-13,PNR.N,25.7183740365441
2026-02-13,TPH.N,13.6940991633517
2026-02-13,LPLA.OQ,30.8158039868119
2026-02-13,THO.N,21.7044384527244
2026-02-13,HST.OQ,18.7462889133938
2026-02-13,FOXA.OQ,13.5724591079992
2026-02-13,CI.N,12.8320056921551
2026-02-13,UTMD.OQ,18.1320328809283
2026-02-13,GSHD.OQ,42.8239722774367
2026-02-13,OSPN.OQ,7.60595213122297
2026-02-13,WBD.OQ,149.551186150887
2026-02-17,WEN.OQ,7.4185548655122
2026-02-17,CASH.OQ,11.3627789582314
2026-02-17,ORA.N,56.8125168649297
2026-02-17,SCI.N,21.1587762775594
2026-02-17,PPC.OQ,9.57806297554378
2026-02-17,ELA.A,33.6695191524042
2026-02-17,BPOP.OQ,12.8295712320107
2026-02-17,LWAY.OQ,30.0405506055005
2026-02-17,VIK.N,36.2306906887125
2026-02-17,PD.N,4.28503610424006
2026-02-17,AUPH.OQ,25.5093855286379
2026-02-17,HIPO.N,7.83239541663841
2026-02-17,TDG.N,41.876554358862
2026-02-17,OXY.N,34.2296831109224
2026-02-17,FSS.N,30.8469677365499
2026-02-17,FTAI.OQ,65.2197729461763
2026-02-17,NTAP.OQ,17.5906378194362
2026-02-17,SF.N,20.8857304882707
2026-02-17,ARL.N,48.0917528953198
2026-02-17,DLTR.OQ,24.8807458803122
2026-02-17,PTLO.OQ,15.1741293532338
2026-02-17,PNR.N,25.3099042506229
2026-02-17,TPH.N,13.6734265961437
2026-02-17,LPLA.OQ,29.6640092217237
2026-02-17,THO.N,21.7044384527244
2026-02-17,HST.OQ,18.8593886956768
2026-02-17,FOXA.OQ,13.5917279053131
2026-02-17,CI.N,12.7998640363932
2026-02-17,UTMD.OQ,18.4884503759356
2026-02-17,GSHD.OQ,44.5302467941389
2026-02-17,OSPN.OQ,7.53828351795586
2026-02-17,WBD.OQ,153.611882880957
2026-02-18,WEN.OQ,8.66911125712711
2026-02-18,CASH.OQ,11.3360057830058
2026-02-18,ORA.N,55.3581310685162
2026-02-18,SCI.N,21.0720061002064
2026-02-18,PPC.OQ,9.63974323389594
2026-02-18,ELA.A,33.1601466992665
2026-02-18,BPOP.OQ,12.9163412789905
2026-02-18,LWAY.OQ,30.3991614024441
2026-02-18,VIK.N,37.3834853924443
2026-02-18,PD.N,4.34125377907703
2026-02-18,AUPH.OQ,25.5093855286379
2026-02-18,HIPO.N,7.6805207132687
2026-02-18,TDG.N,42.301716632882
2026-02-18,OXY.N,35.101444739999
2026-02-18,FSS.N,30.6617554989774
2026-02-18,FTAI.OQ,65.5415922982466
2026-02-18,NTAP.OQ,17.6341488460005
2026-02-18,SF.N,21.3065927231541
2026-02-18,ARL.N,48.0917528953198
2026-02-18,DLTR.OQ,25.658995167885
2026-02-18,PTLO.OQ,15.7545605306799
2026-02-18,PNR.N,25.8249313720018
2026-02-18,TPH.N,13.6852394916911
2026-02-18,LPLA.OQ,30.5837877751395
2026-02-18,THO.N,21.8254493474866
2026-02-18,HST.OQ,19.0950132420995
2026-02-18,FOXA.OQ,13.769964280467
2026-02-18,CI.N,12.773886533791
2026-02-18,UTMD.OQ,18.2762971050979
2026-02-18,GSHD.OQ,41.6717972171894
2026-02-18,OSPN.OQ,7.57211782458942
2026-02-18,WBD.OQ,153.825603761488
2026-02-19,WEN.OQ,8.81748235443736
2026-02-19,CASH.OQ,11.5027296469105
2026-02-19,ORA.N,54.9053505847271
2026-02-19,SCI.N,21.2192524617751
2026-02-19,PPC.OQ,9.35116773946259
2026-02-19,ELA.A,33.0837408312958
2026-02-19,BPOP.OQ,12.7366033245324
2026-02-19,LWAY.OQ,30.1922705580536
2026-02-19,VIK.N,36.2495118267326
2026-02-19,PD.N,4.17884716288134
2026-02-19,AUPH.OQ,25.6698219156105
2026-02-19,HIPO.N,7.73204963048342
2026-02-19,TDG.N,42.7776925523598
2026-02-19,OXY.N,38.0390651528797
2026-02-19,FSS.N,30.5730623147878
2026-02-19,FTAI.OQ,65.9569903271602
2026-02-19,NTAP.OQ,17.6828811957526
2026-02-19,SF.N,21.1173815503284
2026-02-19,ARL.N,47.9515437032052
2026-02-19,DLTR.OQ,25.8583973485318
2026-02-19,PTLO.OQ,15.6440022111664
2026-02-19,PNR.N,25.4925739685504
2026-02-19,TPH.N,13.6763798200305
2026-02-19,LPLA.OQ,30.1915698935027
2026-02-19,THO.N,21.4113651919724
2026-02-19,HST.OQ,18.9159385868182
2026-02-19,FOXA.OQ,13.5266957143786
2026-02-19,CI.N,12.588961938996
2026-02-19,UTMD.OQ,18.8307243195537
2026-02-19,GSHD.OQ,38.4791289204735
2026-02-19,OSPN.OQ,7.70068818979693
2026-02-19,WBD.OQ,152.436418038042
2026-02-20,WEN.OQ,8.57372983742767
2026-02-20,CASH.OQ,11.6475481856306
2026-02-20,ORA.N,53.0164784654858
2026-02-20,SCI.N,20.8248425647161
2026-02-20,PPC.OQ,9.19476422721245
2026-02-20,ELA.A,33.720456397718
2026-02-20,BPOP.OQ,13.0650899309558
2026-02-20,LWAY.OQ,30.3164050646879
2026-02-20,VIK.N,37.0776418996175
2026-02-20,PD.N,4.10389026309872
2026-02-20,AUPH.OQ,25.6698219156105
2026-02-20,HIPO.N,7.69950505118991
2026-02-20,TDG.N,43.0623132879934
2026-02-20,OXY.N,38.2679048617365
2026-02-20,FSS.N,30.9747902667056
2026-02-20,FTAI.OQ,66.1304532403329
2026-02-20,NTAP.OQ,17.8360400092592
2026-02-20,SF.N,21.2040296575103
2026-02-20,ARL.N,48.5123804716637
2026-02-20,DLTR.OQ,26.0403760376657
2026-02-20,PTLO.OQ,15.6440022111664
2026-02-20,PNR.N,25.8858212779776
2026-02-20,TPH.N,13.6763798200305
2026-02-20,LPLA.OQ,29.3905615436812
2026-02-20,THO.N,21.4888877964294
2026-02-20,HST.OQ,19.2269629880962
2026-02-20,FOXA.OQ,13.7338352855034
2026-02-20,CI.N,12.3419555159484
2026-02-20,UTMD.OQ,19.1843131042832
2026-02-20,GSHD.OQ,42.4570653523602
2026-02-20,OSPN.OQ,7.70068818979693
2026-02-20,WBD.OQ,153.611882880957
2026-02-23,WEN.OQ,8.23459590071854
2026-02-23,CASH.OQ,11.293412095147
2026-02-23,ORA.N,52.6826100279443
2026-02-23,SCI.N,20.8905775475593
2026-02-23,PPC.OQ,9.02954924948343
2026-02-23,ELA.A,33.0328035859821
2026-02-23,BPOP.OQ,12.5099387120138
2026-02-23,LWAY.OQ,29.9302088218256
2026-02-23,VIK.N,35.9671947564309
2026-02-23,PD.N,3.90400519701172
2026-02-23,AUPH.OQ,26.4363513200349
2026-02-23,HIPO.N,7.54763034782019
2026-02-23,TDG.N,41.684877569667
2026-02-23,OXY.N,38.7034385011737
2026-02-23,FSS.N,30.1608998706123
2026-02-23,FTAI.OQ,64.872847119831
2026-02-23,NTAP.OQ,17.4966540020572
2026-02-23,SF.N,19.874246461576
2026-02-23,ARL.N,47.9515437032052
2026-02-23,DLTR.OQ,25.2466392020815
2026-02-23,PTLO.OQ,16.0033167495854
2026-02-23,PNR.N,25.7919493395982
2026-02-23,TPH.N,13.6822862678042
2026-02-23,LPLA.OQ,27.9782088900878
2026-02-23,THO.N,20.4262608767996
2026-02-23,HST.OQ,18.623764149254
2026-02-23,FOXA.OQ,13.3291905419108
2026-02-23,CI.N,12.468320655725
2026-02-23,UTMD.OQ,18.9353865998337
2026-02-23,GSHD.OQ,43.7656408199133
2026-02-23,OSPN.OQ,7.27437592621414
2026-02-23,WBD.OQ,154.52019662321
2026-02-24,WEN.OQ,9.08428524420627
2026-02-24,CASH.OQ,11.2994969076983
2026-02-24,ORA.N,52.9844636838037
2026-02-24,SCI.N,21.1982172672653
2026-02-24,PPC.OQ,9.21018429180049
2026-02-24,ELA.A,33.6185819070905
2026-02-24,BPOP.OQ,12.4151999872501
2026-02-24,LWAY.OQ,30.0543433284599
2026-02-24,VIK.N,36.3342069478231
2026-02-24,PD.N,3.99145491342478
2026-02-24,AUPH.OQ,26.0085209547748
2026-02-24,HIPO.N,7.82425927181504
2026-02-24,TDG.N,41.6115515496393
2026-02-24,OXY.N,38.3491060487502
2026-02-24,FSS.N,30.5182812304353
2026-02-24,FTAI.OQ,69.369188421807
2026-02-24,NTAP.OQ,17.3817848919273
2026-02-24,SF.N,19.9838828420919
2026-02-24,ARL.N,48.7647570174701
2026-02-24,DLTR.OQ,25.4983118572668
2026-02-24,PTLO.OQ,14.7318960751797
2026-02-24,PNR.N,26.114158425387
2026-02-24,TPH.N,13.6940991633517
2026-02-24,LPLA.OQ,28.039191286869
2026-02-24,THO.N,20.5189098431018
2026-02-24,HST.OQ,18.7462889133938
2026-02-24,FOXA.OQ,13.4833409204223
2026-02-24,CI.N,12.3723359850933
2026-02-24,UTMD.OQ,18.8731549737213
2026-02-24,GSHD.OQ,47.8155386173038
2026-02-24,OSPN.OQ,7.33527767815454
2026-02-24,WBD.OQ,155.749091686258
2026-02-25,WEN.OQ,8.80223757815071
2026-02-25,CASH.OQ,11.4723055841542
2026-02-25,ORA.N,53.5378620528793
2026-02-25,SCI.N,21.2323994583437
2026-02-25,PPC.OQ,9.01412918489539
2026-02-25,ELA.A,33.2874898125509
2026-02-25,BPOP.OQ,12.5117095292991
2026-02-25,LWAY.OQ,31.1163829963311
2026-02-25,VIK.N,37.2564427108085
2026-02-25,PD.N,4.21007920445744
2026-02-25,AUPH.OQ,25.723300711268
2026-02-25,HIPO.N,7.44186046511628
2026-02-25,TDG.N,41.6517522185141
2026-02-25,OXY.N,37.6035315134425
2026-02-25,FSS.N,31.1521766350849
2026-02-25,FTAI.OQ,68.9355311388753
2026-02-25,NTAP.OQ,17.7316135455047
2026-02-25,SF.N,19.5677769779767
2026-02-25,ARL.N,49.3255937859286
2026-02-25,DLTR.OQ,24.7219985131954
2026-02-25,PTLO.OQ,19.3053016453382
2026-02-25,PNR.N,25.685708025701
2026-02-25,TPH.N,13.6970523872385
2026-02-25,LPLA.OQ,28.9265994464826
2026-02-25,THO.N,19.6170005180779
2026-02-25,HST.OQ,18.5766392399695
2026-02-25,FOXA.OQ,13.0353413828734
2026-02-25,CI.N,12.5237980341635
2026-02-25,UTMD.OQ,19.1447111603935
2026-02-25,GSHD.OQ,48.8471163581485
2026-02-25,OSPN.OQ,7.53828351795586
2026-02-25,WBD.OQ,154.413336182945
2026-02-26,WEN.OQ,9.09603723029192
2026-02-26,CASH.OQ,11.5465402972796
2026-02-26,ORA.N,48.6944829384082
2026-02-26,SCI.N,21.94233727305
2026-02-26,PPC.OQ,9.13528683523
2026-02-26,ELA.A,34.2552974735126
2026-02-26,BPOP.OQ,12.6179585664172
2026-02-26,LWAY.OQ,30.7439794764282
2026-02-26,VIK.N,37.505822789575
2026-02-26,PD.N,4.42245708717488
2026-02-26,AUPH.OQ,24.903292511186
2026-02-26,HIPO.N,7.91918096142111
2026-02-26,TDG.N,42.2673048603252
2026-02-26,OXY.N,37.9652458919581
2026-02-26,FSS.N,29.321807018987
2026-02-26,FTAI.OQ,70.7637389474453
2026-02-26,NTAP.OQ,17.2547326943594
2026-02-26,SF.N,20.025373431691
2026-02-26,ARL.N,49.2134264322369
2026-02-26,DLTR.OQ,24.5768027505885
2026-02-26,PTLO.OQ,20.036563071298
2026-02-26,PNR.N,25.5888961922377
2026-02-26,TPH.N,13.6734265961437
2026-02-26,LPLA.OQ,29.0246957425299
2026-02-26,THO.N,18.3482769183063
2026-02-26,HST.OQ,18.4215541257929
2026-02-26,FOXA.OQ,13.6856632922185
2026-02-26,CI.N,12.7166479687354
2026-02-26,UTMD.OQ,18.8278956092759
2026-02-26,GSHD.OQ,51.5406804592431
2026-02-26,OSPN.OQ,7.69392132847021
2026-02-26,WBD.OQ,153.87903398162
2026-02-27,WEN.OQ,9.00202134160673
2026-02-27,CASH.OQ,11.0488026305862
2026-02-27,ORA.N,51.276472653372
2026-02-27,SCI.N,22.134283422952
2026-02-27,PPC.OQ,9.50757125171273
2026-02-27,ELA.A,34.2807660961695
2026-02-27,BPOP.OQ,11.9848913869218
2026-02-27,LWAY.OQ,30.5646740779565
2026-02-27,VIK.N,36.7106297082253
2026-02-27,PD.N,4.40996427054444
2026-02-27,AUPH.OQ,6.813220629105
2026-02-27,HIPO.N,7.7998508373449
2026-02-27,TDG.N,41.8984235227299
2026-02-27,OXY.N,39.1832636971639
2026-02-27,FSS.N,29.0226812141516
2026-02-27,FTAI.OQ,69.7959984844819
2026-02-27,NTAP.OQ,16.5652699739218
2026-02-27,SF.N,18.8949816663817
2026-02-27,ARL.N,47.9515437032052
2026-02-27,DLTR.OQ,24.4858134060216
2026-02-27,PTLO.OQ,19.5246800731261
2026-02-27,PNR.N,25.2704362137401
2026-02-27,TPH.N,17.0391606281304
2026-02-27,LPLA.OQ,27.2834864876894
2026-02-27,THO.N,18.1762145523164
2026-02-27,HST.OQ,17.7772534642504
2026-02-27,FOXA.OQ,13.570050508335
2026-02-27,CI.N,13.0946813870007
2026-02-27,UTMD.OQ,18.8420391606651
2026-02-27,GSHD.OQ,51.7699199572086
2026-02-27,OSPN.OQ,5.90159728013343
2026-02-27,WBD.OQ,150.512930113272
2026-03-02,WEN.OQ,8.74347764772246
2026-03-02,CASH.OQ,11.1851024317345
2026-03-02,ORA.N,52.982391946083
2026-03-02,SCI.N,22.5208051220699
2026-03-02,PPC.OQ,9.32913907576539
2026-03-02,ELA.A,34.9684189079055
2026-03-02,BPOP.OQ,12.2257225377228
2026-03-02,LWAY.OQ,30.4129541254034
2026-03-02,VIK.N,34.8379264752243
2026-03-02,PD.N,4.46618194538141
2026-03-02,AUPH.OQ,6.8324534325746
2026-03-02,HIPO.N,7.69136890636653
2026-03-02,TDG.N,42.3316259305249
2026-03-02,OXY.N,40.0174213455775
2026-03-02,FSS.N,29.8053937368042
2026-03-02,FTAI.OQ,64.5827917858071
2026-03-02,NTAP.OQ,16.7526182761614
2026-03-02,SF.N,19.2828327417754
2026-03-02,ARL.N,48.5404223100866
2026-03-02,DLTR.OQ,23.2080906950811
2026-03-02,PTLO.OQ,19.1224862888483
2026-03-02,PNR.N,24.9978344721462
2026-03-02,TPH.N,17.0906829280859
2026-03-02,LPLA.OQ,27.7939505467506
2026-03-02,THO.N,18.0930195621675
2026-03-02,HST.OQ,17.8770746935034
2026-03-02,FOXA.OQ,13.6784374932258
2026-03-02,CI.N,13.1412189683567
2026-03-02,UTMD.OQ,18.9778172540012
2026-03-02,GSHD.OQ,52.8492559267962
2026-03-02,OSPN.OQ,5.60224089635854
2026-03-02,WBD.OQ,99.3100564499268
2026-03-03,WEN.OQ,8.825741550322
2026-03-03,CASH.OQ,11.1339900063039
2026-03-03,ORA.N,52.4434203434584
2026-03-03,SCI.N,22.4603289378541
2026-03-03,PPC.OQ,9.23221295549769
2026-03-03,ELA.A,35.9107579462103
2026-03-03,BPOP.OQ,11.0518846222195
2026-03-03,LWAY.OQ,29.9991724366224
2026-03-03,VIK.N,35.9577841874209
2026-03-03,PD.N,4.61609574494666
2026-03-03,AUPH.OQ,6.8036042273702
2026-03-03,HIPO.N,7.51237372025222
2026-03-03,TDG.N,42.6558041243313
2026-03-03,OXY.N,39.6261792626932
2026-03-03,FSS.N,29.4663844913241
2026-03-03,FTAI.OQ,61.0324062039685
2026-03-03,NTAP.OQ,16.5251239091561
2026-03-03,SF.N,19.071045641396
2026-03-03,ARL.N,47.9515437032052
2026-03-03,DLTR.OQ,22.9235070003717
2026-03-03,PTLO.OQ,19.0493601462523
2026-03-03,PNR.N,24.8577120816073
2026-03-03,TPH.N,17.0612416138256
2026-03-03,LPLA.OQ,27.8139331255751
2026-03-03,THO.N,17.0871164994573
2026-03-03,HST.OQ,17.7863281214552
2026-03-03,FOXA.OQ,13.8157276740876
2026-03-03,CI.N,12.8285587130326
2026-03-03,UTMD.OQ,18.8137520578867
2026-03-03,GSHD.OQ,49.9169006819875
2026-03-03,OSPN.OQ,5.59689524664828
2026-03-03,WBD.OQ,98.2646874346644
2026-03-04,WEN.OQ,8.40267005123866
2026-03-04,CASH.OQ,11.1291221562629
2026-03-04,ORA.N,53.2939076430129
2026-03-04,SCI.N,21.5637037718733
2026-03-04,PPC.OQ,9.13088110249056
2026-03-04,ELA.A,37.5662184189079
2026-03-04,BPOP.OQ,11.0275412640208
2026-03-04,LWAY.OQ,29.9164160988662
2026-03-04,VIK.N,29.3140709877144
2026-03-04,PD.N,4.75976313619669
2026-03-04,AUPH.OQ,7.23153410456875
2026-03-04,HIPO.N,7.61271950640721
2026-03-04,TDG.N,42.294962920511
2026-03-04,OXY.N,39.5745057800481
2026-03-04,FSS.N,29.1174043856829
2026-03-04,FTAI.OQ,61.2836842561303
2026-03-04,NTAP.OQ,16.6522531142473
2026-03-04,SF.N,19.1884216247388
2026-03-04,ARL.N,49.4658029780433
2026-03-04,DLTR.OQ,22.8150941642919
2026-03-04,PTLO.OQ,18.9031078610603
2026-03-04,PNR.N,24.6946605726165
2026-03-04,TPH.N,17.0575614495431
2026-03-04,LPLA.OQ,28.3280303807862
2026-03-04,THO.N,16.121248252319
2026-03-04,HST.OQ,18.2582102961061
2026-03-04,FOXA.OQ,14.0710392384971
2026-03-04,CI.N,12.8651562284679
2026-03-04,UTMD.OQ,18.7260620392738
2026-03-04,GSHD.OQ,48.465050528206
2026-03-04,OSPN.OQ,5.62896914490987
2026-03-04,WBD.OQ,97.3935465886125
2026-02-09,EPC.N,55.4699105866525
2026-02-12,UE.N,27.8054292555624
2026-02-12,WEC.N,21.5485963082226
2026-02-12,AMH.N,26.6991320873173
2026-02-12,FTK.N,18.6393185384443
2026-02-12,RCKY.OQ,12.0387782301499
2026-02-12,GXO.N,84.1657393467304
2026-02-12,JAKK.OQ,35.7665420256869
2026-02-12,AHR.N,366.640663782711
2026-02-12,YORW.OQ,23.5775862068965
2026-02-12,ICE.N,25.9641911469092
2026-02-12,EW.N,33.4920892246082
2026-02-12,GRNT.N,17.0257123002085
2026-02-12,WHD.N,19.9219186501285
2026-02-12,ECG.N,28.6303135849099
2026-02-12,UVSP.OQ,11.5670678773375
2026-02-12,MCO.N,33.2021001574158
2026-02-12,TCMD.OQ,34.064137389446
2026-02-12,SHOO.OQ,49.8190361292781
2026-02-12,VCTR.OQ,19.272730056731
2026-02-12,TNC.N,27.9283533872668
2026-02-12,FFIN.OQ,19.7685004551957
2026-02-12,EQR.N,20.7836815959758
2026-02-12,CASS.OQ,19.4689653981032
2026-02-12,TMDX.OQ,53.9882042578933
2026-02-12,CFG.N,18.1733509886213
2026-02-12,TIPT.OQ,13.438098888463
2026-02-12,HLIT.OQ,19.4757847877811
2026-02-12,SHO.N,999.999999999999
2026-02-12,JPM.N,14.9903189999718
2026-02-12,ITW.N,28.9661703930049
2026-02-12,TREX.N,21.7991311014567
2026-02-12,RLI.N,17.3541520149219
2026-02-13,UE.N,27.9399499582986
2026-02-13,WEC.N,21.88118886722
2026-02-13,AMH.N,26.8263920114704
2026-02-13,FTK.N,19.3790629903609
2026-02-13,RCKY.OQ,12.0898983075603
2026-02-13,GXO.N,85.7629115664071
2026-02-13,JAKK.OQ,35.3601040481222
2026-02-13,AHR.N,367.349833345153
2026-02-13,YORW.OQ,24.051724137931
2026-02-13,ICE.N,26.3887541069968
2026-02-13,EW.N,33.2423444462457
2026-02-13,GRNT.N,17.5469075747047
2026-02-13,WHD.N,19.8800145267628
2026-02-13,ECG.N,29.7300659285981
2026-02-13,UVSP.OQ,11.711195353062
2026-02-13,MCO.N,34.1099607100349
2026-02-13,TCMD.OQ,34.0512635657917
2026-02-13,SHOO.OQ,49.7682392532859
2026-02-13,VCTR.OQ,19.073673787607
2026-02-13,TNC.N,28.417724118106
2026-02-13,FFIN.OQ,19.7921469868407
2026-02-13,EQR.N,21.0506884491517
2026-02-13,CASS.OQ,19.4408934648539
2026-02-13,TMDX.OQ,54.5427049552199
2026-02-13,CFG.N,16.8373245465432
2026-02-13,TIPT.OQ,13.5454197010349
2026-02-13,HLIT.OQ,20.4927469491135
2026-02-13,SHO.N,1005.45256270447
2026-02-13,JPM.N,14.9858611334968
2026-02-13,ITW.N,29.0719394651578
2026-02-13,TREX.N,21.8757986199847
2026-02-13,RLI.N,17.1289900233779
2026-02-17,UE.N,28.2493475745917
2026-02-17,WEC.N,21.8169380319591
2026-02-17,AMH.N,26.7245840721479
2026-02-17,FTK.N,19.502353732347
2026-02-17,RCKY.OQ,12.3856644697205
2026-02-17,GXO.N,85.5665379328402
2026-02-17,JAKK.OQ,35.603966834661
2026-02-17,AHR.N,375.859868094462
2026-02-17,YORW.OQ,23.9511494252874
2026-02-17,ICE.N,26.589771671773
2026-02-17,EW.N,34.3727681798864
2026-02-17,GRNT.N,17.3384294649062
2026-02-17,WHD.N,19.9009665884456
2026-02-17,ECG.N,28.7038188829456
2026-02-17,UVSP.OQ,11.9290624675294
2026-02-17,MCO.N,33.8524002713183
2026-02-17,TCMD.OQ,36.1110753504899
2026-02-17,SHOO.OQ,50.0730205092387
2026-02-17,VCTR.OQ,19.2216899877249
2026-02-17,TNC.N,28.4074575992772
2026-02-17,FFIN.OQ,19.774412088107
2026-02-17,EQR.N,21.611831354178
2026-02-17,CASS.OQ,19.3566776651062
2026-02-17,TMDX.OQ,56.2146085729168
2026-02-17,CFG.N,16.6536916674641
2026-02-17,TIPT.OQ,13.7293982368724
2026-02-17,HLIT.OQ,20.6270627062706
2026-02-17,SHO.N,1018.5387131952
2026-02-17,JPM.N,15.3482273054824
2026-02-17,ITW.N,28.3489874544626
2026-02-17,TREX.N,21.6457960644007
2026-02-17,RLI.N,16.8927089211405
2026-02-18,UE.N,27.7785251150152
2026-02-18,WEC.N,21.4900146643083
2026-02-18,AMH.N,26.6058081429383
2026-02-18,FTK.N,19.4911454830755
2026-02-18,RCKY.OQ,12.3418472605116
2026-02-18,GXO.N,85.6319958106958
2026-02-18,JAKK.OQ,36.0307267111039
2026-02-18,AHR.N,370.682930288632
2026-02-18,YORW.OQ,23.5560344827586
2026-02-18,ICE.N,26.8930309289784
2026-02-18,EW.N,34.60498700889
2026-02-18,GRNT.N,17.7553856845031
2026-02-18,WHD.N,20.166359369762
2026-02-18,ECG.N,28.8564837327121
2026-02-18,UVSP.OQ,11.80169400061
2026-02-18,MCO.N,36.0552619117704
2026-02-18,TCMD.OQ,39.5955384633816
2026-02-18,SHOO.OQ,49.7301415962918
2026-02-18,VCTR.OQ,19.3059061015851
2026-02-18,TNC.N,28.5101227875652
2026-02-18,FFIN.OQ,19.4906537083673
2026-02-18,EQR.N,21.6492809674257
2026-02-18,CASS.OQ,19.3912277367976
2026-02-18,TMDX.OQ,56.9203367331507
2026-02-18,CFG.N,16.8218062750717
2026-02-18,TIPT.OQ,13.246454580299
2026-02-18,HLIT.OQ,20.2624913654156
2026-02-18,SHO.N,1010.90512540894
2026-02-18,JPM.N,15.4306828619374
2026-02-18,ITW.N,28.2288888592349
2026-02-18,TREX.N,21.4106823409149
2026-02-18,RLI.N,16.7981964802455
2026-02-19,UE.N,27.7381689041944
2026-02-19,WEC.N,21.5845011867507
2026-02-19,AMH.N,26.1900923907049
2026-02-19,FTK.N,19.5247702308899
2026-02-19,RCKY.OQ,12.2286528033885
2026-02-19,GXO.N,84.5715781894351
2026-02-19,JAKK.OQ,36.9045683628678
2026-02-19,AHR.N,369.97376072619
2026-02-19,YORW.OQ,23.5991379310345
2026-02-19,ICE.N,26.7058766445316
2026-02-19,EW.N,34.5786980848519
2026-02-19,GRNT.N,18.2765809589993
2026-02-19,WHD.N,20.5190524080903
2026-02-19,ECG.N,29.5519569372039
2026-02-19,UVSP.OQ,11.7916385953269
2026-02-19,MCO.N,32.8644095319881
2026-02-19,TCMD.OQ,33.8449005019828
2026-02-19,SHOO.OQ,49.7174423772938
2026-02-19,VCTR.OQ,19.3901222154452
2026-02-19,TNC.N,28.5990992840814
2026-02-19,FFIN.OQ,19.5675049362135
2026-02-19,EQR.N,21.4654374114827
2026-02-19,CASS.OQ,19.2487086910705
2026-02-19,TMDX.OQ,55.8197368642145
2026-02-19,CFG.N,16.7054192390357
2026-02-19,TIPT.OQ,13.1851284016865
2026-02-19,HLIT.OQ,20.5886867756543
2026-02-19,SHO.N,1022.90076335878
2026-02-19,JPM.N,15.3942025248391
2026-02-19,ITW.N,28.0058486109549
2026-02-19,TREX.N,21.2215691285459
2026-02-19,RLI.N,16.903828031834
2026-02-20,UE.N,28.2493475745917
2026-02-20,WEC.N,21.6071779521369
2026-02-20,AMH.N,25.0447530733272
2026-02-20,FTK.N,18.5720690428155
2026-02-20,RCKY.OQ,12.3235900900079
2026-02-20,GXO.N,85.867644170976
2026-02-20,JAKK.OQ,45.6633067793855
2026-02-20,AHR.N,368.271753776328
2026-02-20,YORW.OQ,23.5129310344828
2026-02-20,ICE.N,26.6885475441199
2026-02-20,EW.N,34.9555059960654
2026-02-20,GRNT.N,18.137595552467
2026-02-20,WHD.N,20.407308079115
2026-02-20,ECG.N,30.5782039828563
2026-02-20,UVSP.OQ,11.8251566129373
2026-02-20,MCO.N,32.756882807574
2026-02-20,TCMD.OQ,34.4079838023697
2026-02-20,SHOO.OQ,50.6571845831481
2026-02-20,VCTR.OQ,19.2905940808832
2026-02-20,TNC.N,28.5306558252228
2026-02-20,FFIN.OQ,19.7034724931721
2026-02-20,EQR.N,21.312234448197
2026-02-20,CASS.OQ,19.3091713165305
2026-02-20,TMDX.OQ,56.3952413758339
2026-02-20,CFG.N,16.8864657395362
2026-02-20,TIPT.OQ,13.0778075891146
2026-02-20,HLIT.OQ,20.914882185893
2026-02-20,SHO.N,1025.08178844057
2026-02-20,JPM.N,15.531128721619
2026-02-20,ITW.N,28.1164155716407
2026-02-20,TREX.N,21.3289036544851
2026-02-20,RLI.N,16.9205066978743
2026-02-23,UE.N,28.1417310124028
2026-02-23,WEC.N,23.9840934509755
2026-02-23,AMH.N,24.9307244485497
2026-02-23,FTK.N,18.1685720690428
2026-02-23,RCKY.OQ,11.965749548135
2026-02-23,GXO.N,82.6732997316227
2026-02-23,JAKK.OQ,45.7649162737766
2026-02-23,AHR.N,373.803276363379
2026-02-23,YORW.OQ,23.742816091954
2026-02-23,ICE.N,26.7041437344905
2026-02-23,EW.N,36.1209816284236
2026-02-23,GRNT.N,17.8248783877693
2026-02-23,WHD.N,19.7752542183484
2026-02-23,ECG.N,29.9901615985706
2026-02-23,UVSP.OQ,11.3357935558259
2026-02-23,MCO.N,31.9734738154139
2026-02-23,TCMD.OQ,34.3361008278522
2026-02-23,SHOO.OQ,47.3299892056639
2026-02-23,VCTR.OQ,18.9690416461443
2026-02-23,TNC.N,28.1644833203291
2026-02-23,FFIN.OQ,18.9054020501543
2026-02-23,EQR.N,21.5573591894542
2026-02-23,CASS.OQ,18.7995577590823
2026-02-23,TMDX.OQ,56.5632718901753
2026-02-23,CFG.N,16.1622797375343
2026-02-23,TIPT.OQ,12.7788424683787
2026-02-23,HLIT.OQ,19.7444163020953
2026-02-23,SHO.N,1009.81461286805
2026-02-23,JPM.N,14.8754821151399
2026-02-23,ITW.N,27.9486588037036
2026-02-23,TREX.N,20.5877843087145
2026-02-23,RLI.N,13.7491439709214
2026-02-24,UE.N,27.818881325836
2026-02-24,WEC.N,24.0048051033511
2026-02-24,AMH.N,25.3035836857136
2026-02-24,FTK.N,17.955615332885
2026-02-24,RCKY.OQ,12.2286528033885
2026-02-24,GXO.N,82.6471165804805
2026-02-24,JAKK.OQ,46.4965046333929
2026-02-24,AHR.N,372.31402028225
2026-02-24,YORW.OQ,23.6637931034483
2026-02-24,ICE.N,26.9224903996784
2026-02-24,EW.N,36.1034556790648
2026-02-24,GRNT.N,17.8248783877693
2026-02-24,WHD.N,20.3514359146273
2026-02-24,ECG.N,29.461488878083
2026-02-24,UVSP.OQ,10.8484316385985
2026-02-24,MCO.N,33.1043331075516
2026-02-24,TCMD.OQ,34.3241203320993
2026-02-24,SHOO.OQ,47.4442821766461
2026-02-24,VCTR.OQ,19.4590263086036
2026-02-24,TNC.N,21.5665338863565
2026-02-24,FFIN.OQ,19.0472812400241
2026-02-24,EQR.N,21.6390674365399
2026-02-24,CASS.OQ,19.1493772349578
2026-02-24,TMDX.OQ,57.8781106648968
2026-02-24,CFG.N,16.053651837234
2026-02-24,TIPT.OQ,12.7175162897662
2026-02-24,HLIT.OQ,20.0322357817177
2026-02-24,SHO.N,1009.81461286805
2026-02-24,JPM.N,14.8569920812682
2026-02-24,ITW.N,28.0763827065648
2026-02-24,TREX.N,21.1857909532328
2026-02-24,RLI.N,13.9965048819424
2026-02-25,UE.N,28.2493475745917
2026-02-25,WEC.N,23.9053891719481
2026-02-25,AMH.N,25.261213317854
2026-02-25,FTK.N,18.2246133154001
2026-02-25,RCKY.OQ,15.561201189417
2026-02-25,GXO.N,83.5111605681743
2026-02-25,JAKK.OQ,45.4804096894814
2026-02-25,AHR.N,375.292532444508
2026-02-25,YORW.OQ,23.9727011494253
2026-02-25,ICE.N,27.7837466901418
2026-02-25,EW.N,36.541604413034
2026-02-25,GRNT.N,17.6511466296039
2026-02-25,WHD.N,20.2536596267739
2026-02-25,ECG.N,36.7809202863314
2026-02-25,UVSP.OQ,11.1932317024503
2026-02-25,MCO.N,33.8943253685533
2026-02-25,TCMD.OQ,35.4742479243791
2026-02-25,SHOO.OQ,45.4886024509493
2026-02-25,VCTR.OQ,19.7193306605351
2026-02-25,TNC.N,26.8907779163827
2026-02-25,FFIN.OQ,19.3546861514088
2026-02-25,EQR.N,21.5845952718161
2026-02-25,CASS.OQ,19.3782714599133
2026-02-25,TMDX.OQ,27.6974850641548
2026-02-25,CFG.N,16.3097033165133
2026-02-25,TIPT.OQ,12.9781525488693
2026-02-25,HLIT.OQ,1300.62893081761
2026-02-25,SHO.N,1021.81025081788
2026-02-25,JPM.N,15.1568304683775
2026-02-25,ITW.N,27.6169579216462
2026-02-25,TREX.N,21.3135701507795
2026-02-25,RLI.N,14.120185337453
2026-02-26,UE.N,28.6394576125266
2026-02-26,WEC.N,23.982022285738
2026-02-26,AMH.N,25.718813290737
2026-02-26,FTK.N,17.6978255996413
2026-02-26,RCKY.OQ,16.1532034085796
2026-02-26,GXO.N,212.877924515653
2026-02-26,JAKK.OQ,45.0536498130385
2026-02-26,AHR.N,377.207290263102
2026-02-26,YORW.OQ,23.6997126436782
2026-02-26,ICE.N,28.2273716606824
2026-02-26,EW.N,47.548932778319
2026-02-26,GRNT.N,17.685892981237
2026-02-26,WHD.N,18.0048050061459
2026-02-26,ECG.N,30.9542451862044
2026-02-26,UVSP.OQ,11.1932317024503
2026-02-26,MCO.N,35.0719990168985
2026-02-26,TCMD.OQ,35.8336627969666
2026-02-26,SHOO.OQ,46.8093212267446
2026-02-26,VCTR.OQ,18.3335927870175
2026-02-26,TNC.N,26.7193079472044
2026-02-26,FFIN.OQ,18.9205393909227
2026-02-26,EQR.N,21.8297200130733
2026-02-26,CASS.OQ,19.4214590495275
2026-02-26,TMDX.OQ,28.2688704215647
2026-02-26,CFG.N,16.5166136027995
2026-02-26,TIPT.OQ,13.1697968570334
2026-02-26,HLIT.OQ,1324.52830188679
2026-02-26,SHO.N,1053.43511450382
2026-02-26,JPM.N,15.2982542409641
2026-02-26,ITW.N,27.6684287481723
2026-02-26,TREX.N,23.5597379499764
2026-02-26,RLI.N,14.0812488977552
2026-02-27,UE.N,28.5856493314321
2026-02-27,WEC.N,24.2243486185328
2026-02-27,AMH.N,25.4222207157203
2026-02-27,FTK.N,17.2046626316969
2026-02-27,RCKY.OQ,15.2905716035141
2026-02-27,GXO.N,210.598645840316
2026-02-27,JAKK.OQ,44.4236709478133
2026-02-27,AHR.N,370.4701794199
2026-02-27,YORW.OQ,23.6206896551724
2026-02-27,ICE.N,28.4422525057879
2026-02-27,EW.N,47.8644495615977
2026-02-27,GRNT.N,17.5816539263377
2026-02-27,WHD.N,22.4550898203593
2026-02-27,ECG.N,30.6273707895917
2026-02-27,UVSP.OQ,10.7111501316945
2026-02-27,MCO.N,34.934481845539
2026-02-27,TCMD.OQ,35.0908720602859
2026-02-27,SHOO.OQ,45.8441805828941
2026-02-27,VCTR.OQ,16.9200930384994
2026-02-27,TNC.N,26.162030547375
2026-02-27,FFIN.OQ,17.4951355264944
2026-02-27,EQR.N,21.5199095762065
2026-02-27,CASS.OQ,19.1666522708035
2026-02-27,TMDX.OQ,30.5144989034443
2026-02-27,CFG.N,15.5674126644614
2026-02-27,TIPT.OQ,13.0548102721349
2026-02-27,HLIT.OQ,1337.10691823899
2026-02-27,SHO.N,1011.99563794984
2026-02-27,JPM.N,15.0069112748229
2026-02-27,ITW.N,27.7017894690689
2026-02-27,TREX.N,23.3120961750602
2026-02-27,RLI.N,14.2736407174383
2026-03-02,UE.N,28.3300599962334
2026-03-02,WEC.N,24.1539290004557
2026-03-02,AMH.N,25.2188429499945
2026-03-02,FTK.N,17.7202420981843
2026-03-02,RCKY.OQ,15.3311660413996
2026-03-02,GXO.N,212.241067238721
2026-03-02,JAKK.OQ,42.6759876442855
2026-03-02,AHR.N,129.717270297442
2026-03-02,YORW.OQ,23.7715517241379
2026-03-02,ICE.N,28.5548916584642
2026-03-02,EW.N,48.2574616951554
2026-03-02,GRNT.N,17.8248783877693
2026-03-02,WHD.N,22.0600465735196
2026-03-02,ECG.N,30.2295469115437
2026-03-02,UVSP.OQ,10.8803575704366
2026-03-02,MCO.N,34.094017856751
2026-03-02,TCMD.OQ,35.0908720602859
2026-03-02,SHOO.OQ,45.2346180709886
2026-03-02,VCTR.OQ,16.8760685119465
2026-03-02,TNC.N,26.1105895566215
2026-03-02,FFIN.OQ,17.4611973392461
2026-03-02,EQR.N,21.4926734938446
2026-03-02,CASS.OQ,19.4128215316047
2026-03-02,TMDX.OQ,30.8800174776698
2026-03-02,CFG.N,15.8001867365334
2026-03-02,TIPT.OQ,13.1621310847068
2026-03-02,HLIT.OQ,1376.10062893082
2026-03-02,SHO.N,227.851140456182
2026-03-02,JPM.N,14.8699850780429
2026-03-02,ITW.N,27.7532602955951
2026-03-02,TREX.N,22.8956077354285
2026-03-02,RLI.N,14.3789981425028
2026-03-03,UE.N,28.1955392934973
2026-03-03,WEC.N,24.0503707385775
2026-03-03,AMH.N,25.2866355385697
2026-03-03,FTK.N,18.0789060748711
2026-03-03,RCKY.OQ,15.4428007455845
2026-03-03,GXO.N,204.33062948314
2026-03-03,JAKK.OQ,24.3833419799085
2026-03-03,AHR.N,128.417645472156
2026-03-03,YORW.OQ,23.8829022988506
2026-03-03,ICE.N,28.5548916584642
2026-03-03,EW.N,47.2057390842264
2026-03-03,GRNT.N,17.8943710910354
2026-03-03,WHD.N,20.8790751829674
2026-03-03,ECG.N,29.4288313353453
2026-03-03,UVSP.OQ,10.8803575704366
2026-03-03,MCO.N,33.9623524799174
2026-03-03,TCMD.OQ,35.773760318202
2026-03-03,SHOO.OQ,57.4734750136231
2026-03-03,VCTR.OQ,16.8760685119465
2026-03-03,TNC.N,26.5735584734029
2026-03-03,FFIN.OQ,17.1614100185529
2026-03-03,EQR.N,21.3530885717398
2026-03-03,CASS.OQ,19.4473716032961
2026-03-03,TMDX.OQ,31.0900856237763
2026-03-03,CFG.N,15.4355073569539
2026-03-03,TIPT.OQ,12.9168263702568
2026-03-03,HLIT.OQ,1284.27672955975
2026-03-03,SHO.N,229.291716686675
2026-03-03,JPM.N,15.0049123522421
2026-03-03,ITW.N,27.2585684628714
2026-03-03,TREX.N,22.6029401832549
2026-03-03,RLI.N,14.4958074615961
2026-03-04,UE.N,28.101374801582
2026-03-04,WEC.N,24.346547367549
2026-03-04,AMH.N,25.447642936436
2026-03-04,FTK.N,19.4463124859897
2026-03-04,RCKY.OQ,15.371760479285
2026-03-04,GXO.N,200.509485821546
2026-03-04,JAKK.OQ,24.5484129604301
2026-03-04,AHR.N,127.191584316226
2026-03-04,YORW.OQ,23.9253007721314
2026-03-04,ICE.N,28.8165610746815
2026-03-04,EW.N,47.1725267912497
2026-03-04,GRNT.N,18.2765809589993
2026-03-04,WHD.N,20.8000665335995
2026-03-04,ECG.N,30.1509956999547
2026-03-04,UVSP.OQ,10.9474020272967
2026-03-04,MCO.N,34.4531717457805
2026-03-04,TCMD.OQ,36.1451556865423
2026-03-04,SHOO.OQ,57.890181748245
2026-03-04,VCTR.OQ,16.8051401080558
2026-03-04,TNC.N,26.9379321579067
2026-03-04,FFIN.OQ,17.2405991221322
2026-03-04,EQR.N,21.3735156335113
2026-03-04,CASS.OQ,19.7237721768273
2026-03-04,TMDX.OQ,31.0186624541001
2026-03-04,CFG.N,15.5699990430399
2026-03-04,TIPT.OQ,12.9168263702568
2026-03-04,HLIT.OQ,1285.53459119497
2026-03-04,SHO.N,233.13325330132
2026-03-04,JPM.N,14.9614357861113
2026-03-04,ITW.N,27.3719949139198
2026-03-04,TREX.N,22.6310812940408
2026-03-04,RLI.N,14.2530273081865
2026-02-12,HY.N,262.650275079807
2026-02-12,HOPE.OQ,30.5316545128813
2026-02-12,HURN.OQ,20.9940849002601
2026-02-12,ACT.OQ,10.0443402945298
2026-02-12,NEU.N,12.6155886700761
2026-02-12,ETD.N,13.6622192236556
2026-02-12,ADBE.OQ,15.7224605381214
2026-02-12,OFG.N,9.55584087991001
2026-02-12,SPG.N,22.4108360601041
2026-02-12,RITM.N,7.28870010136603
2026-02-12,EBS.N,8.38459398472999
2026-02-12,CNH.N,26.6400755746825
2026-02-12,CHDN.OQ,16.5522066875725
2026-02-12,HLF.N,5.14316419743609
2026-02-12,PR.N,15.4116163001152
2026-02-12,COR.N,42.2254671070515
2026-02-12,UAL.OQ,10.9324488685466
2026-02-12,MTW.N,9.00488799435397
2026-02-12,CEG.OQ,31.6514171609096
2026-02-12,VIRC.OQ,24.1173737999381
2026-02-12,MMS.N,11.2308704953102
2026-02-12,HALO.OQ,16.1723707282613
2026-02-12,ATEX.OQ,6.72785405130822
2026-02-12,BLK.N,27.4333902896978
2026-02-12,ORRF.OQ,8.94842804032299
2026-02-12,SWKH.OQ,9.17593841161712
2026-02-12,ATMU.N,25.8697517136836
2026-02-12,WM.N,34.4930561465906
2026-02-12,YEXT.N,26.5803882528621
2026-02-12,WING.OQ,36.5686821887662
2026-02-12,EEX.N,220.724907063197
2026-02-12,NRC.OQ,24.8706069358559
2026-02-12,ADM.N,28.1926674725578
2026-02-12,ABM.N,16.7754392739911
2026-02-12,RKT.N,190.983430170002
2026-02-12,IR.N,70.4294845437895
2026-02-12,XP.OQ,10.9579846634902
2026-02-12,CACI.N,24.0337317335676
2026-02-13,HY.N,268.083950281872
2026-02-13,HOPE.OQ,30.6325856021801
2026-02-13,HURN.OQ,20.9815316325608
2026-02-13,ACT.OQ,9.9455510372872
2026-02-13,NEU.N,13.3455472406032
2026-02-13,ETD.N,13.8716018937499
2026-02-13,ADBE.OQ,15.8105063171349
2026-02-13,OFG.N,9.52402595189128
2026-02-13,SPG.N,23.0430176132805
2026-02-13,RITM.N,7.28870010136603
2026-02-13,EBS.N,8.36913851194708
2026-02-13,CNH.N,26.7660333788181
2026-02-13,CHDN.OQ,16.2606662791609
2026-02-13,HLF.N,5.08559146388271
2026-02-13,PR.N,15.8046765023127
2026-02-13,COR.N,43.4006018806968
2026-02-13,UAL.OQ,10.681645143414
2026-02-13,MTW.N,9.34469508848054
2026-02-13,CEG.OQ,33.0625027224437
2026-02-13,VIRC.OQ,24.3496438525859
2026-02-13,MMS.N,11.3801888114871
2026-02-13,HALO.OQ,16.7021987864415
2026-02-13,ATEX.OQ,7.33007399030472
2026-02-13,BLK.N,27.8460748835426
2026-02-13,ORRF.OQ,9.01066964788007
2026-02-13,SWKH.OQ,9.13295977737067
2026-02-13,ATMU.N,26.702647776584
2026-02-13,WM.N,35.0171487273211
2026-02-13,YEXT.N,27.7252364360378
2026-02-13,WING.OQ,36.1850375318752
2026-02-13,EEX.N,221.654275092937
2026-02-13,NRC.OQ,23.4167522825518
2026-02-13,ADM.N,28.1967239714747
2026-02-13,ABM.N,17.188646456845
2026-02-13,RKT.N,200.989885947923
2026-02-13,IR.N,73.6515530968489
2026-02-13,XP.OQ,10.7416363608114
2026-02-13,CACI.N,24.5436121107506
2026-02-17,HY.N,271.412076343137
2026-02-17,HOPE.OQ,30.7335166914789
2026-02-17,HURN.OQ,21.7941464949603
2026-02-17,ACT.OQ,9.89960254554645
2026-02-17,NEU.N,13.5031363611907
2026-02-17,ETD.N,13.7901752998244
2026-02-17,ADBE.OQ,15.5996756082047
2026-02-17,OFG.N,9.58765580792873
2026-02-17,SPG.N,23.6494436216979
2026-02-17,RITM.N,7.30938704583537
2026-02-17,EBS.N,8.26867793885815
2026-02-17,CNH.N,27.4797942689199
2026-02-17,CHDN.OQ,16.0292560799841
2026-02-17,HLF.N,5.09838540467235
2026-02-17,PR.N,15.5304484542679
2026-02-17,COR.N,43.2971611534363
2026-02-17,UAL.OQ,11.1439397863671
2026-02-17,MTW.N,9.49499438011344
2026-02-17,CEG.OQ,34.7337965881762
2026-02-17,VIRC.OQ,24.3109321771446
2026-02-17,MMS.N,11.0236532402075
2026-02-17,HALO.OQ,16.9208579850555
2026-02-17,ATEX.OQ,7.7736940217029
2026-02-17,BLK.N,27.8762206095414
2026-02-17,ORRF.OQ,9.03460872770972
2026-02-17,SWKH.OQ,9.235034033706
2026-02-17,ATMU.N,25.5135350318471
2026-02-17,WM.N,35.121668615216
2026-02-17,YEXT.N,27.476356396217
2026-02-17,WING.OQ,41.1038517923552
2026-02-17,EEX.N,223.513011152416
2026-02-17,NRC.OQ,23.3198286389982
2026-02-17,ADM.N,27.8154130732847
2026-02-17,ABM.N,17.1036879706507
2026-02-17,RKT.N,197.654400688616
2026-02-17,IR.N,73.8309722274138
2026-02-17,XP.OQ,10.6518752686613
2026-02-17,CACI.N,24.1681586340172
2026-02-18,HY.N,266.182163961149
2026-02-18,HOPE.OQ,30.5316545128813
2026-02-18,HURN.OQ,22.3649017330204
2026-02-18,ACT.OQ,9.72499827693156
2026-02-18,NEU.N,13.6983217434039
2026-02-18,ETD.N,13.6215059266928
2026-02-18,ADBE.OQ,15.7625902469235
2026-02-18,OFG.N,9.56265836448545
2026-02-18,SPG.N,23.3708154556683
2026-02-18,RITM.N,7.32317834214827
2026-02-18,EBS.N,8.3304998299898
2026-02-18,CNH.N,26.5980896399706
2026-02-18,CHDN.OQ,16.5248747742839
2026-02-18,HLF.N,5.29029451651698
2026-02-18,PR.N,16.1428910949012
2026-02-18,COR.N,43.3284339314453
2026-02-18,UAL.OQ,11.4283536153298
2026-02-18,MTW.N,9.33162558486029
2026-02-18,CEG.OQ,33.7067188764504
2026-02-18,VIRC.OQ,24.3109321771446
2026-02-18,MMS.N,11.4700845324508
2026-02-18,HALO.OQ,29.3903990560396
2026-02-18,ATEX.OQ,7.55763037946752
2026-02-18,BLK.N,28.3853195511925
2026-02-18,ORRF.OQ,9.00588183191414
2026-02-18,SWKH.OQ,9.12221511880906
2026-02-18,ATMU.N,25.5732484076433
2026-02-18,WM.N,34.9484642295615
2026-02-18,YEXT.N,27.5261324041812
2026-02-18,WING.OQ,45.5606599341111
2026-02-18,EEX.N,223.977695167286
2026-02-18,NRC.OQ,23.9013705003198
2026-02-18,ADM.N,30.2978631749935
2026-02-18,ABM.N,17.4087661710755
2026-02-18,RKT.N,198.515171078115
2026-02-18,IR.N,66.760075826259
2026-02-18,XP.OQ,10.9324464101674
2026-02-18,CACI.N,24.2734739764076
2026-02-19,HY.N,263.940772940298
2026-02-19,HOPE.OQ,30.4054906512578
2026-02-19,HURN.OQ,21.9163316338998
2026-02-19,ACT.OQ,9.55269143290372
2026-02-19,NEU.N,13.6661285373411
2026-02-19,ETD.N,13.5924250002908
2026-02-19,ADBE.OQ,15.525405699377
2026-02-19,OFG.N,9.57402083877785
2026-02-19,SPG.N,23.3813518148879
2026-02-19,RITM.N,7.29559574952248
2026-02-19,EBS.N,8.49278229421038
2026-02-19,CNH.N,27.2488716280046
2026-02-19,CHDN.OQ,16.801838162275
2026-02-19,HLF.N,8.89274629999046
2026-02-19,PR.N,16.3439916634673
2026-02-19,COR.N,43.1937204261758
2026-02-19,UAL.OQ,10.7559250437616
2026-02-19,MTW.N,73.3845036821907
2026-02-19,CEG.OQ,33.4327550671842
2026-02-19,VIRC.OQ,24.3109321771446
2026-02-19,MMS.N,11.4121855935251
2026-02-19,HALO.OQ,28.9128000545827
2026-02-19,ATEX.OQ,7.91620408360284
2026-02-19,BLK.N,28.0999746619975
2026-02-19,ORRF.OQ,9.04179045165862
2026-02-19,SWKH.OQ,8.95567291110407
2026-02-19,ATMU.N,25.8957006369427
2026-02-19,WM.N,34.8529031892004
2026-02-19,YEXT.N,27.6256844201095
2026-02-19,WING.OQ,42.1194683670626
2026-02-19,EEX.N,223.977695167286
2026-02-19,NRC.OQ,24.1339872448485
2026-02-19,ADM.N,30.8991537060138
2026-02-19,ABM.N,17.6057153890713
2026-02-19,RKT.N,197.439208091242
2026-02-19,IR.N,66.0732437704332
2026-02-19,XP.OQ,11.5926387586943
2026-02-19,CACI.N,25.309931065543
2026-02-20,HY.N,269.374448142362
2026-02-20,HOPE.OQ,30.6830511468295
2026-02-20,HURN.OQ,22.0150840064674
2026-02-20,ACT.OQ,9.51823006409815
2026-02-20,NEU.N,13.7424466971684
2026-02-20,ETD.N,13.72619726174
2026-02-20,ADBE.OQ,15.4894686467184
2026-02-20,OFG.N,9.69446306627731
2026-02-20,SPG.N,23.6131517177192
2026-02-20,RITM.N,10.0240769695633
2026-02-20,EBS.N,8.44641587586164
2026-02-20,CNH.N,27.4168153668521
2026-02-20,CHDN.OQ,17.075157295161
2026-02-20,HLF.N,9.06996505609655
2026-02-20,PR.N,16.4171191429459
2026-02-20,COR.N,43.4306718595515
2026-02-20,UAL.OQ,11.0471804424932
2026-02-20,MTW.N,74.9922207239913
2026-02-20,CEG.OQ,33.7972759514797
2026-02-20,VIRC.OQ,23.9238154227315
2026-02-20,MMS.N,11.2415360893228
2026-02-20,HALO.OQ,28.4873757339573
2026-02-20,ATEX.OQ,8.2563893926543
2026-02-20,BLK.N,28.4211825700531
2026-02-20,ORRF.OQ,9.11600159913053
2026-02-20,SWKH.OQ,8.97178989894649
2026-02-20,ATMU.N,25.7563694267516
2026-02-20,WM.N,34.3885362586957
2026-02-20,YEXT.N,27.5261324041812
2026-02-20,WING.OQ,42.265272134632
2026-02-20,EEX.N,217.472118959108
2026-02-20,NRC.OQ,26.4989241475566
2026-02-20,ADM.N,30.4594039146706
2026-02-20,ABM.N,17.5902683915814
2026-02-20,RKT.N,193.458145039811
2026-02-20,IR.N,65.6611445369378
2026-02-20,XP.OQ,12.3049283483611
2026-02-20,CACI.N,25.0885976020638
2026-02-23,HY.N,255.7902601372
2026-02-23,HOPE.OQ,28.9167570841008
2026-02-23,HURN.OQ,21.2836469418566
2026-02-23,ACT.OQ,9.45390217566109
2026-02-23,NEU.N,13.559643317287
2026-02-23,ETD.N,13.3248804773925
2026-02-23,ADBE.OQ,14.7749202496906
2026-02-23,OFG.N,9.40585621925031
2026-02-23,SPG.N,23.4223265451863
2026-02-23,RITM.N,9.6020105708448
2026-02-23,EBS.N,8.46187134864455
2026-02-23,CNH.N,26.7240474441062
2026-02-23,CHDN.OQ,17.1279989941856
2026-02-23,HLF.N,8.99271585471697
2026-02-23,PR.N,16.2251595093146
2026-02-23,COR.N,44.0260574408764
2026-02-23,UAL.OQ,10.4744433161284
2026-02-23,MTW.N,74.4217404833524
2026-02-23,CEG.OQ,33.6780615742258
2026-02-23,VIRC.OQ,23.4205636419944
2026-02-23,MMS.N,11.02822420907
2026-02-23,HALO.OQ,28.3509188763982
2026-02-23,ATEX.OQ,8.34603281868812
2026-02-23,BLK.N,27.8330810361294
2026-02-23,ORRF.OQ,8.63961391052051
2026-02-23,SWKH.OQ,8.94492825254245
2026-02-23,ATMU.N,25.3144904458599
2026-02-23,WM.N,34.4258647900867
2026-02-23,YEXT.N,27.0781483325037
2026-02-23,WING.OQ,40.2321195979704
2026-02-23,EEX.N,197.955390334572
2026-02-23,NRC.OQ,24.2309108884021
2026-02-23,ADM.N,30.3741463020632
2026-02-23,ABM.N,17.0418999806913
2026-02-23,RKT.N,183.882074456639
2026-02-23,IR.N,64.5210033242672
2026-02-23,XP.OQ,11.6192537042887
2026-02-23,CACI.N,24.4447184355791
2026-02-24,HY.N,260.408884058956
2026-02-24,HOPE.OQ,29.3457142136207
2026-02-24,HURN.OQ,21.1497454197311
2026-02-24,ACT.OQ,9.52512233785926
2026-02-24,NEU.N,13.9531658641253
2026-02-24,ETD.N,13.3597775890749
2026-02-24,ADBE.OQ,15.2834295448093
2026-02-24,OFG.N,9.38540376552398
2026-02-24,SPG.N,23.3415477911694
2026-02-24,RITM.N,9.73630442498249
2026-02-24,EBS.N,8.46959908503601
2026-02-24,CNH.N,26.7660333788181
2026-02-24,CHDN.OQ,17.5270449281991
2026-02-24,HLF.N,8.90637851199862
2026-02-24,PR.N,16.2617232490539
2026-02-24,COR.N,43.8275955804348
2026-02-24,UAL.OQ,11.0041762896603
2026-02-24,MTW.N,76.1331812052692
2026-02-24,CEG.OQ,35.8376758698637
2026-02-24,VIRC.OQ,24.1947971508207
2026-02-24,MMS.N,11.1638296186593
2026-02-24,HALO.OQ,28.2385426407613
2026-02-24,ATEX.OQ,8.73908476360569
2026-02-24,BLK.N,28.0939974921874
2026-02-24,ORRF.OQ,8.6539773584183
2026-02-24,SWKH.OQ,8.95030058182326
2026-02-24,ATMU.N,25.9195859872612
2026-02-24,WM.N,34.2795369470338
2026-02-24,YEXT.N,26.9785963165754
2026-02-24,WING.OQ,39.9615726070362
2026-02-24,EEX.N,197.490706319703
2026-02-24,NRC.OQ,24.2115261596914
2026-02-24,ADM.N,30.5222253134339
2026-02-24,ABM.N,16.9762502413593
2026-02-24,RKT.N,190.553044975253
2026-02-24,IR.N,65.0017857633452
2026-02-24,XP.OQ,11.9842936085806
2026-02-24,CACI.N,25.0881694909159
2026-02-25,HY.N,259.322149018543
2026-02-25,HOPE.OQ,29.8251368877899
2026-02-25,HURN.OQ,22.8106498750898
2026-02-25,ACT.OQ,9.7272957015186
2026-02-25,NEU.N,13.8813502506005
2026-02-25,ETD.N,13.3946747007573
2026-02-25,ADBE.OQ,15.441552576507
2026-02-25,OFG.N,9.56038586962697
2026-02-25,SPG.N,23.5300315505423
2026-02-25,RITM.N,9.80345135205134
2026-02-25,EBS.N,8.50823776699329
2026-02-25,CNH.N,25.9263146845807
2026-02-25,CHDN.OQ,17.5179342904362
2026-02-25,HLF.N,8.75188010923946
2026-02-25,PR.N,16.0971864202271
2026-02-25,COR.N,43.6652176946189
2026-02-25,UAL.OQ,11.0315425687358
2026-02-25,MTW.N,76.1850430453272
2026-02-25,CEG.OQ,44.0632767261407
2026-02-25,VIRC.OQ,24.6980489315578
2026-02-25,MMS.N,11.2872457779484
2026-02-25,HALO.OQ,28.2345292037742
2026-02-25,ATEX.OQ,8.37821251008489
2026-02-25,BLK.N,28.4248208473288
2026-02-25,ORRF.OQ,8.88139861679997
2026-02-25,SWKH.OQ,8.94492825254245
2026-02-25,ATMU.N,25.7404458598726
2026-02-25,WM.N,34.0585520411988
2026-02-25,YEXT.N,27.6256844201095
2026-02-25,WING.OQ,41.1814641290331
2026-02-25,EEX.N,199.814126394052
2026-02-25,NRC.OQ,25.0644542229632
2026-02-25,ADM.N,30.2664524756119
2026-02-25,ABM.N,16.906738752655
2026-02-25,RKT.N,186.464385625134
2026-02-25,IR.N,63.8891178329075
2026-02-25,XP.OQ,11.8582363390596
2026-02-25,CACI.N,25.2598420612353
2026-02-26,HY.N,259.254228078517
2026-02-26,HOPE.OQ,24.1784856632664
2026-02-26,HURN.OQ,24.5183258615379
2026-02-26,ACT.OQ,9.78013646702047
2026-02-26,NEU.N,14.1569060843133
2026-02-26,ETD.N,13.4877336652436
2026-02-26,ADBE.OQ,15.5152235344571
2026-02-26,OFG.N,9.12470429199054
2026-02-26,SPG.N,14.2945337166846
2026-02-26,RITM.N,9.9761148787998
2026-02-26,EBS.N,8.5777873945164
2026-02-26,CNH.N,25.5064553374619
2026-02-26,CHDN.OQ,17.1953191894206
2026-02-26,HLF.N,8.76096825057823
2026-02-26,PR.N,16.5633741019031
2026-02-26,COR.N,44.1006309884363
2026-02-26,UAL.OQ,11.3794852598379
2026-02-26,MTW.N,76.8073851260243
2026-02-26,CEG.OQ,43.7549527912782
2026-02-26,VIRC.OQ,25.1625890368535
2026-02-26,MMS.N,11.5264598150891
2026-02-26,HALO.OQ,27.7810108242396
2026-02-26,ATEX.OQ,8.3230473248333
2026-02-26,BLK.N,31.4592405080823
2026-02-26,ORRF.OQ,8.94842804032299
2026-02-26,SWKH.OQ,8.96104524038487
2026-02-26,ATMU.N,25.5374203821656
2026-02-26,WM.N,34.9245739694712
2026-02-26,YEXT.N,27.775012444002
2026-02-26,WING.OQ,44.0651386431826
2026-02-26,EEX.N,203.531598513011
2026-02-26,NRC.OQ,26.05307538721
2026-02-26,ADM.N,30.2529907473054
2026-02-26,ABM.N,17.2929136899015
2026-02-26,RKT.N,191.198622767377
2026-02-26,IR.N,64.9262342372043
2026-02-26,XP.OQ,11.6208838502851
2026-02-26,CACI.N,25.5650853097085
2026-02-27,HY.N,250.152822115058
2026-02-27,HOPE.OQ,23.1111840889965
2026-02-27,HURN.OQ,24.1949283049861
2026-02-27,ACT.OQ,9.6124244721667
2026-02-27,NEU.N,14.093195054133
2026-02-27,ETD.N,13.2492700687473
2026-02-27,ADBE.OQ,15.7170699802226
2026-02-27,OFG.N,8.73878489899595
2026-02-27,SPG.N,14.3827280263877
2026-02-27,RITM.N,9.64038024345557
2026-02-27,EBS.N,6.29810515903682
2026-02-27,CNH.N,30.1862713819422
2026-02-27,CHDN.OQ,17.4921510798211
2026-02-27,HLF.N,8.87002594664352
2026-02-27,PR.N,14.6513397684944
2026-02-27,COR.N,44.7609677240875
2026-02-27,UAL.OQ,10.3894123775725
2026-02-27,MTW.N,76.4962140856758
2026-02-27,CEG.OQ,44.6096051019497
2026-02-27,VIRC.OQ,24.5819139052338
2026-02-27,MMS.N,11.520365189939
2026-02-27,HALO.OQ,27.9054273708376
2026-02-27,ATEX.OQ,8.48394578181709
2026-02-27,BLK.N,30.6790137171603
2026-02-27,ORRF.OQ,8.60370529077603
2026-02-27,SWKH.OQ,8.82136467908391
2026-02-27,ATMU.N,25.6886942675159
2026-02-27,WM.N,35.9608140008869
2026-02-27,YEXT.N,28.2727725236436
2026-02-27,WING.OQ,42.0417063576923
2026-02-27,EEX.N,193.773234200743
2026-02-27,NRC.OQ,25.9949212010778
2026-02-27,ADM.N,30.9799240758524
2026-02-27,ABM.N,17.1847847074725
2026-02-27,RKT.N,195.717667312244
2026-02-27,IR.N,64.6583697354323
2026-02-27,XP.OQ,11.4403248276684
2026-02-27,CACI.N,26.1220579131636
2026-03-02,HY.N,267.200978061536
2026-03-02,HOPE.OQ,23.4395845733872
2026-03-02,HURN.OQ,24.7168132507443
2026-03-02,ACT.OQ,9.39147906943808
2026-03-02,NEU.N,14.0778863967045
2026-03-02,ETD.N,13.1271301778589
2026-03-02,ADBE.OQ,15.6254304959433
2026-03-02,OFG.N,8.84780167667804
2026-03-02,SPG.N,14.3340447674316
2026-03-02,RITM.N,9.67874991606634
2026-03-02,EBS.N,6.94723501591914
2026-03-02,CNH.N,30.2598964340933
2026-03-02,CHDN.OQ,17.8441632575397
2026-03-02,HLF.N,8.74279196790068
2026-03-02,PR.N,15.0518684663756
2026-03-02,COR.N,44.8223104809513
2026-03-02,UAL.OQ,10.0874059406328
2026-03-02,MTW.N,76.9629706461985
2026-03-02,CEG.OQ,44.2417800568506
2026-03-02,VIRC.OQ,24.5044905543512
2026-03-02,MMS.N,11.2552489959105
2026-03-02,HALO.OQ,28.0338573544226
2026-03-02,ATEX.OQ,8.5506037139961
2026-03-02,BLK.N,30.825594785869
2026-03-02,ORRF.OQ,8.73776413782207
2026-03-02,SWKH.OQ,8.74615206915263
2026-03-02,ATMU.N,26.1027070063694
2026-03-02,WM.N,36.2937845008952
2026-03-02,YEXT.N,27.9243404678945
2026-03-02,WING.OQ,38.9134055223987
2026-03-02,EEX.N,197.490706319703
2026-03-02,NRC.OQ,26.8478492643495
2026-03-02,ADM.N,31.2356969136744
2026-03-02,ABM.N,17.2658814442943
2026-03-02,RKT.N,180.654185496019
2026-03-02,IR.N,64.5416082859419
2026-03-02,XP.OQ,11.6286183948168
2026-03-02,CACI.N,26.7552343009501
2026-03-03,HY.N,260.81640969911
2026-03-03,HOPE.OQ,23.3985345128384
2026-03-03,HURN.OQ,25.4029636220526
2026-03-03,ACT.OQ,9.26977045755799
2026-03-03,NEU.N,14.2224181330147
2026-03-03,ETD.N,13.068968325055
2026-03-03,ADBE.OQ,16.2309698332401
2026-03-03,OFG.N,8.78239161006879
2026-03-03,SPG.N,14.248672675639
2026-03-03,RITM.N,9.54445606192865
2026-03-03,EBS.N,6.89314086117894
2026-03-03,CNH.N,29.5972709647336
2026-03-03,CHDN.OQ,17.7756635905242
2026-03-03,HLF.N,8.06118136749263
2026-03-03,PR.N,14.7314455080707
2026-03-03,COR.N,44.6767717832941
2026-03-03,UAL.OQ,10.0219223442737
2026-03-03,MTW.N,74.5254641634685
2026-03-03,CEG.OQ,43.9321038240282
2026-03-03,VIRC.OQ,24.2722205017033
2026-03-03,MMS.N,11.5828350977273
2026-03-03,HALO.OQ,27.8532526900061
2026-03-03,ATEX.OQ,8.40119800393971
2026-03-03,BLK.N,30.3720014000223
2026-03-03,ORRF.OQ,8.74015804580504
2026-03-03,SWKH.OQ,8.8106200205223
2026-03-03,ATMU.N,25.0199044585987
2026-03-03,WM.N,36.3490307273539
2026-03-03,YEXT.N,28.2229965156794
2026-03-03,WING.OQ,40.0490548675778
2026-03-03,EEX.N,201.208178438662
2026-03-03,NRC.OQ,25.9561517436563
2026-03-03,ADM.N,30.5087635851275
2026-03-03,ABM.N,17.0843792237884
2026-03-03,IR.N,62.8726063902855
2026-03-03,XP.OQ,11.0849057678663
2026-03-03,CACI.N,26.960299540808
2026-03-04,HOPE.OQ,23.4190595431128
2026-03-04,HURN.OQ,25.3670305602135
2026-03-04,ACT.OQ,9.36713734706206
2026-03-04,NEU.N,14.3791067443416
2026-03-04,ETD.N,13.2143729570649
2026-03-04,ADBE.OQ,16.358546370178
2026-03-04,OFG.N,8.79547362339064
2026-03-04,SPG.N,14.3298114405659
2026-03-04,RITM.N,9.3622001170275
2026-03-04,EBS.N,6.7772248153071
2026-03-04,CNH.N,29.2046040199278
2026-03-04,CHDN.OQ,17.2676243934925
2026-03-04,HLF.N,7.8248896926845
2026-03-04,PR.N,14.8435935434774
2026-03-04,COR.N,44.2858620581818
2026-03-04,UAL.OQ,9.82058471964713
2026-03-04,MTW.N,75.2515299242817
2026-03-04,CEG.OQ,43.6589396361237
2026-03-04,VIRC.OQ,24.3109321771446
2026-03-04,MMS.N,11.8677588234936
2026-03-04,HALO.OQ,28.1020857832022
2026-03-04,ATEX.OQ,8.69541232528151
2026-03-04,BLK.N,30.2750501419788
2026-03-04,ORRF.OQ,8.72340068992428
2026-03-04,SWKH.OQ,9.12221511880906
2026-03-04,ATMU.N,25.3702229299363
2026-03-04,WM.N,36.4251809313917
2026-03-04,YEXT.N,28.3723245395719
2026-03-04,WING.OQ,38.7740819222769
2026-03-04,EEX.N,203.531598513011
2026-03-04,NRC.OQ,25.4327640684669
2026-03-04,ADM.N,30.1632458919292
2026-03-04,ABM.N,17.0110059857115
2026-03-04,IR.N,63.0786560070332
2026-03-04,XP.OQ,11.2271115093196
2026-03-04,CACI.N,26.7376817438851
2026-02-12,COF.N,86.9267452364446
2026-02-12,DAKT.OQ,192.829743287105
2026-02-12,NKSH.OQ,18.5393313331314
2026-02-12,Q.N,30.1885742893697
2026-02-12,LEA.N,16.7344505952461
2026-02-12,IRWD.OQ,32.827743359681
2026-02-12,NBIX.OQ,26.3981248967986
2026-02-12,VMC.N,38.0410378094261
2026-02-12,PSN.N,28.5019101327997
2026-02-12,SSD.N,25.4486756859988
2026-02-12,KNTK.N,99.7239475500345
2026-02-12,POR.N,19.0077587861102
2026-02-12,AU.N,22.9870677167014
2026-02-12,DOCS.N,20.7483164559088
2026-02-12,VAL.N,15.8516447262832
2026-02-12,SIEB.OQ,14.281790716836
2026-02-12,MDT.N,27.2586027534215
2026-02-12,TBBK.OQ,11.666698000681
2026-02-12,TALK.OQ,160.033869602032
2026-02-12,ALAB.OQ,112.514555426174
2026-02-12,LFUS.OQ,75.522110425298
2026-02-12,FMNB.OQ,9.32709687211115
2026-02-12,VLTO.N,25.2070441602859
2026-02-12,Z.OQ,486.348501664817
2026-02-12,JMSB.OQ,14.3659391994548
2026-02-12,LH.N,27.3073969848062
2026-02-12,VMI.N,40.2148947943173
2026-02-12,CHTR.OQ,6.55825492240996
2026-02-12,ARCB.OQ,24.1144886323175
2026-02-12,CNM.N,25.2987295762035
2026-02-12,RHI.N,16.481875778978
2026-02-12,WTBA.OQ,13.6081712370345
2026-02-12,DTE.N,20.8643351797478
2026-02-12,BHB.A,15.0226158496359
2026-02-12,FTNT.OQ,34.6913148197707
2026-02-12,RICK.OQ,12.1947949569107
2026-02-12,TMP.A,14.2080283244904
2026-02-12,NL.N,31.3286995063967
2026-02-12,RYN.N,9.58399740903939
2026-02-12,CYH.N,1.41807134053087
2026-02-12,ON.OQ,213.177592659664
2026-02-13,COF.N,87.1284216718136
2026-02-13,DAKT.OQ,202.788433166126
2026-02-13,NKSH.OQ,18.6370610713134
2026-02-13,Q.N,31.0646937753797
2026-02-13,LEA.N,16.8739757446543
2026-02-13,IRWD.OQ,32.0444349497971
2026-02-13,NBIX.OQ,26.6168583443594
2026-02-13,VMC.N,38.7181474846498
2026-02-13,PSN.N,28.8248135346553
2026-02-13,SSD.N,25.4243473310578
2026-02-13,KNTK.N,102.385881888987
2026-02-13,POR.N,19.5508376085705
2026-02-13,AU.N,24.1042659853733
2026-02-13,DOCS.N,21.008615043579
2026-02-13,VAL.N,17.1124291588945
2026-02-13,SIEB.OQ,14.0071408953584
2026-02-13,MDT.N,26.8830133617953
2026-02-13,TBBK.OQ,12.2348881271242
2026-02-13,TALK.OQ,159.61049957663
2026-02-13,ALAB.OQ,114.950089332539
2026-02-13,LFUS.OQ,76.0019447027987
2026-02-13,FMNB.OQ,9.27190694979097
2026-02-13,VLTO.N,25.3605117046408
2026-02-13,Z.OQ,482.241953385128
2026-02-13,JMSB.OQ,14.1990997770741
2026-02-13,LH.N,27.7512121456107
2026-02-13,VMI.N,40.9041897256331
2026-02-13,CHTR.OQ,6.58607682039229
2026-02-13,ARCB.OQ,24.7815002777237
2026-02-13,CNM.N,25.5401715555009
2026-02-13,RHI.N,16.0794038221853
2026-02-13,WTBA.OQ,13.4867639684341
2026-02-13,DTE.N,21.4610513161071
2026-02-13,BHB.A,15.1174773733706
2026-02-13,FTNT.OQ,35.2265475430759
2026-02-13,RICK.OQ,12.1947949569107
2026-02-13,TMP.A,14.0333741990074
2026-02-13,NL.N,31.7316409791478
2026-02-13,RYN.N,10.0570181793388
2026-02-13,CYH.N,1.40982673971383
2026-02-13,ON.OQ,217.946396233249
2026-02-17,COF.N,86.8637213503918
2026-02-17,DAKT.OQ,202.935969312482
2026-02-17,NKSH.OQ,18.6712664796771
2026-02-17,Q.N,31.1342270679201
2026-02-17,LEA.N,16.797511953021
2026-02-17,IRWD.OQ,34.0383109022289
2026-02-17,NBIX.OQ,27.3974365297724
2026-02-17,VMC.N,35.7131040220078
2026-02-17,PSN.N,27.928870292887
2026-02-17,SSD.N,25.0618548424374
2026-02-17,KNTK.N,101.030267179336
2026-02-17,POR.N,19.0294819390086
2026-02-17,AU.N,23.303131666974
2026-02-17,DOCS.N,20.63915898366
2026-02-17,VAL.N,15.8641277404674
2026-02-17,SIEB.OQ,13.6226311452898
2026-02-17,MDT.N,26.0507721199184
2026-02-17,TBBK.OQ,12.4437815559636
2026-02-17,TALK.OQ,162.150719729043
2026-02-17,ALAB.OQ,109.94568937165
2026-02-17,LFUS.OQ,73.9282996533355
2026-02-17,FMNB.OQ,9.28570443037102
2026-02-17,VLTO.N,25.2673349812824
2026-02-17,Z.OQ,488.013318534961
2026-02-17,JMSB.OQ,14.2700952759595
2026-02-17,LH.N,27.166004544196
2026-02-17,VMI.N,38.2046663803927
2026-02-17,CHTR.OQ,6.52878023840887
2026-02-17,ARCB.OQ,24.9191752792666
2026-02-17,CNM.N,25.153864388625
2026-02-17,RHI.N,18.6982801501289
2026-02-17,WTBA.OQ,13.5923355063475
2026-02-17,DTE.N,21.4240341860599
2026-02-17,BHB.A,15.2813290961853
2026-02-17,FTNT.OQ,33.6332008975441
2026-02-17,RICK.OQ,12.2752355568903
2026-02-17,TMP.A,14.2114196667328
2026-02-17,NL.N,30.6235519290823
2026-02-17,RYN.N,10.0783254212442
2026-02-17,CYH.N,1.41807134053087
2026-02-17,ON.OQ,217.191838705783
2026-02-18,COF.N,88.1830213650974
2026-02-18,DAKT.OQ,202.714665092948
2026-02-18,NKSH.OQ,18.6126286367679
2026-02-18,Q.N,32.0548478611559
2026-02-18,LEA.N,16.8220876837497
2026-02-18,IRWD.OQ,34.0383109022289
2026-02-18,NBIX.OQ,27.5303921547603
2026-02-18,VMC.N,35.3751400305349
2026-02-18,PSN.N,28.9794433327269
2026-02-18,SSD.N,24.7358548862285
2026-02-18,KNTK.N,109.780143941635
2026-02-18,POR.N,18.3912524305819
2026-02-18,AU.N,23.78161736947
2026-02-18,DOCS.N,21.3696743748636
2026-02-18,VAL.N,16.2279184395519
2026-02-18,SIEB.OQ,13.4029112881077
2026-02-18,MDT.N,26.6128051663807
2026-02-18,TBBK.OQ,12.0406172383035
2026-02-18,TALK.OQ,166.384419983065
2026-02-18,ALAB.OQ,115.181198389348
2026-02-18,LFUS.OQ,73.6978946478397
2026-02-18,FMNB.OQ,9.21671702747079
2026-02-18,VLTO.N,25.8373572888862
2026-02-18,Z.OQ,499.223085460599
2026-02-18,JMSB.OQ,14.0642083291919
2026-02-18,LH.N,27.3712199614706
2026-02-18,VMI.N,39.1521242073323
2026-02-18,CHTR.OQ,6.58745414207459
2026-02-18,ARCB.OQ,24.4491813084822
2026-02-18,CNM.N,24.9607108051871
2026-02-18,RHI.N,19.5197684759507
2026-02-18,WTBA.OQ,13.4550925070601
2026-02-18,DTE.N,20.015128529347
2026-02-18,BHB.A,15.0916060487157
2026-02-18,FTNT.OQ,33.2214834180785
2026-02-18,RICK.OQ,12.339588036874
2026-02-18,TMP.A,14.0367655412497
2026-02-18,NL.N,31.177596454115
2026-02-18,RYN.N,10.014403695528
2026-02-18,CYH.N,1.37684833644567
2026-02-18,ON.OQ,213.26813956296
2026-02-19,COF.N,86.1578538266002
2026-02-19,DAKT.OQ,201.608143995279
2026-02-19,NKSH.OQ,18.6224016105861
2026-02-19,Q.N,31.390109584469
2026-02-19,LEA.N,16.4669683747209
2026-02-19,IRWD.OQ,32.827743359681
2026-02-19,NBIX.OQ,27.8992367918237
2026-02-19,VMC.N,35.7875506355141
2026-02-19,PSN.N,29.9845370201928
2026-02-19,SSD.N,24.3538997136553
2026-02-19,KNTK.N,110.199152124618
2026-02-19,POR.N,18.7916896647511
2026-02-19,AU.N,23.6235853943337
2026-02-19,DOCS.N,21.184946344904
2026-02-19,VAL.N,16.4936283129028
2026-02-19,SIEB.OQ,12.8536116451524
2026-02-19,MDT.N,26.3669157085534
2026-02-19,TBBK.OQ,12.0865737926482
2026-02-19,TALK.OQ,204.487722269263
2026-02-19,ALAB.OQ,117.88339659203
2026-02-19,LFUS.OQ,76.7903948592204
2026-02-19,FMNB.OQ,9.28570443037102
2026-02-19,VLTO.N,25.7551425329818
2026-02-19,Z.OQ,505.549389567148
2026-02-19,JMSB.OQ,14.1494029278544
2026-02-19,LH.N,27.7364837663804
2026-02-19,VMI.N,39.9094020344957
2026-02-19,CHTR.OQ,6.37810124636594
2026-02-19,ARCB.OQ,24.9476597623445
2026-02-19,CNM.N,24.859744159299
2026-02-19,RHI.N,20.1528420481437
2026-02-19,WTBA.OQ,13.328406661564
2026-02-19,DTE.N,20.3533451872892
2026-02-19,BHB.A,14.9579375379985
2026-02-19,FTNT.OQ,33.6249665479548
2026-02-19,RICK.OQ,12.3878523968617
2026-02-19,TMP.A,13.8926334959482
2026-02-19,NL.N,31.2279641382089
2026-02-19,RYN.N,9.60956609932584
2026-02-19,CYH.N,1.45104974379903
2026-02-19,ON.OQ,205.511288180611
2026-02-20,COF.N,87.4241299323409
2026-02-20,DAKT.OQ,204.558866922396
2026-02-20,NKSH.OQ,18.7689962178591
2026-02-20,Q.N,31.5569894865662
2026-02-20,LEA.N,16.5578985784169
2026-02-20,IRWD.OQ,28.1991027558214
2026-02-20,NBIX.OQ,27.5840032938684
2026-02-20,VMC.N,37.4763233454576
2026-02-20,PSN.N,29.8026196106967
2026-02-20,SSD.N,24.3307877764613
2026-02-20,KNTK.N,112.294193039535
2026-02-20,POR.N,18.9179536575071
2026-02-20,AU.N,25.0766016101702
2026-02-20,DOCS.N,21.4536416612088
2026-02-20,VAL.N,6.84916318605189
2026-02-20,SIEB.OQ,12.0845921450151
2026-02-20,MDT.N,26.1723658078549
2026-02-20,TBBK.OQ,12.1638643613188
2026-02-20,TALK.OQ,110.22752374641
2026-02-20,ALAB.OQ,115.27008648812
2026-02-20,FMNB.OQ,9.38228679443134
2026-02-20,VLTO.N,25.5084982652687
2026-02-20,Z.OQ,504.550499445061
2026-02-20,JMSB.OQ,14.2416970764054
2026-02-20,LH.N,27.7551397134054
2026-02-20,VMI.N,40.5548092735554
2026-02-20,CHTR.OQ,6.34008716793463
2026-02-20,ARCB.OQ,24.9452860554213
2026-02-20,CNM.N,24.754387659242
2026-02-20,RHI.N,19.4217928040637
2026-02-20,WTBA.OQ,13.4392567763731
2026-02-20,DTE.N,20.3491350214227
2026-02-20,BHB.A,14.979496975211
2026-02-20,FTNT.OQ,32.9373983572472
2026-02-20,RICK.OQ,12.4629302901761
2026-02-20,TMP.A,14.074070305916
2026-02-20,NL.N,31.4798025586784
2026-02-20,RYN.N,9.65644203151767
2026-02-20,CYH.N,0.946730455733703
2026-02-20,ON.OQ,208.589882892672
2026-02-23,COF.N,79.6976522749485
2026-02-23,DAKT.OQ,202.862201239304
2026-02-23,NKSH.OQ,18.3560880740401
2026-02-23,Q.N,31.0340991266618
2026-02-23,LEA.N,16.3256579230313
2026-02-23,IRWD.OQ,26.7036957914975
2026-02-23,NBIX.OQ,27.5303921547603
2026-02-23,VMC.N,38.1514839416121
2026-02-23,PSN.N,29.2386756412589
2026-02-23,SSD.N,23.8794967923064
2026-02-23,KNTK.N,110.29774228532
2026-02-23,POR.N,19.354466318178
2026-02-23,AU.N,23.3371868978805
2026-02-23,DOCS.N,19.950627235629
2026-02-23,VAL.N,6.68821679264597
2026-02-23,SIEB.OQ,11.6451524306509
2026-02-23,MDT.N,26.6452301498304
2026-02-23,TBBK.OQ,11.4954053890327
2026-02-23,TALK.OQ,102.054340622929
2026-02-23,ALAB.OQ,105.224290860158
2026-02-23,FMNB.OQ,9.03045103964016
2026-02-23,VLTO.N,24.6586140048145
2026-02-23,Z.OQ,475.360710321864
2026-02-23,JMSB.OQ,13.9506155309753
2026-02-23,LH.N,28.0133772959089
2026-02-23,VMI.N,39.3569334378606
2026-02-23,CHTR.OQ,6.26736458310952
2026-02-23,ARCB.OQ,23.5044459530671
2026-02-23,CNM.N,23.9817733254901
2026-02-23,RHI.N,17.9596943159037
2026-02-23,WTBA.OQ,12.9325133943889
2026-02-23,DTE.N,20.4684230543069
2026-02-23,BHB.A,14.293906871855
2026-02-23,FTNT.OQ,31.1258414475987
2026-02-23,RICK.OQ,11.8086800770085
2026-02-23,TMP.A,13.394106186317
2026-02-23,NL.N,29.5154628790168
2026-02-23,RYN.N,9.35387919646129
2026-02-23,CYH.N,0.885565285840795
2026-02-23,ON.OQ,209.676445732223
2026-02-24,COF.N,82.449318585073
2026-02-24,DAKT.OQ,201.681912068457
2026-02-24,NKSH.OQ,18.3976232127674
2026-02-24,Q.N,32.4831729432052
2026-02-24,LEA.N,16.4804850266217
2026-02-24,IRWD.OQ,26.9885352132735
2026-02-24,NBIX.OQ,28.0836591103553
2026-02-24,VMC.N,39.0230548930116
2026-02-24,PSN.N,29.4205930507549
2026-02-24,SSD.N,24.0631758721107
2026-02-24,KNTK.N,108.892832495317
2026-02-24,POR.N,19.2859230078248
2026-02-24,AU.N,24.0269749518304
2026-02-24,DOCS.N,20.2109258232992
2026-02-24,VAL.N,6.86132358022033
2026-02-24,SIEB.OQ,11.0958527876957
2026-02-24,MDT.N,26.1426429063593
2026-02-24,TBBK.OQ,11.7554777079377
2026-02-24,TALK.OQ,99.6244753700022
2026-02-24,ALAB.OQ,105.355575065847
2026-02-24,FMNB.OQ,9.06494474109028
2026-02-24,VLTO.N,24.938220319124
2026-02-24,Z.OQ,485.34961154273
2026-02-24,JMSB.OQ,13.9009186817556
2026-02-24,LH.N,28.1930635225177
2026-02-24,VMI.N,39.8534667404439
2026-02-24,CHTR.OQ,6.38664064079615
2026-02-24,ARCB.OQ,23.7453772057672
2026-02-24,CNM.N,24.5173355341136
2026-02-24,RHI.N,17.7863527425652
2026-02-24,WTBA.OQ,12.8163847026842
2026-02-24,DTE.N,20.5021043812389
2026-02-24,BHB.A,14.1861096857928
2026-02-24,FTNT.OQ,30.9735059801964
2026-02-24,RICK.OQ,11.765778423686
2026-02-24,TMP.A,13.3805408173474
2026-02-24,NL.N,31.4294348745845
2026-02-24,RYN.N,50.2557156535345
2026-02-24,CYH.N,0.928114969244557
2026-02-24,ON.OQ,211.366654593746
2026-02-25,COF.N,86.3209466403245
2026-02-25,DAKT.OQ,199.690174092653
2026-02-25,NKSH.OQ,18.568650254586
2026-02-25,Q.N,33.3370417756022
2026-02-25,LEA.N,16.4178169132636
2026-02-25,IRWD.OQ,23.9265114291818
2026-02-25,NBIX.OQ,28.1244035760774
2026-02-25,VMC.N,37.5057848987443
2026-02-25,PSN.N,29.6434418773877
2026-02-25,SSD.N,23.2761535897704
2026-02-25,KNTK.N,107.241447303559
2026-02-25,POR.N,19.2931380931251
2026-02-25,AU.N,23.9884393063584
2026-02-25,DOCS.N,20.4880178682385
2026-02-25,VAL.N,6.73685836931975
2026-02-25,SIEB.OQ,11.2057127162867
2026-02-25,MDT.N,26.9883111153307
2026-02-25,TBBK.OQ,12.0573287126107
2026-02-25,TALK.OQ,100.287165893528
2026-02-25,ALAB.OQ,105.150443494457
2026-02-25,FMNB.OQ,9.18912206631069
2026-02-25,VLTO.N,25.1299503632219
2026-02-25,Z.OQ,502.885682574917
2026-02-25,JMSB.OQ,14.17070157752
2026-02-25,LH.N,27.0373118345368
2026-02-25,VMI.N,27.5614296860284
2026-02-25,CHTR.OQ,6.21860739555632
2026-02-25,ARCB.OQ,22.9537459468954
2026-02-25,CNM.N,23.7973994503903
2026-02-25,RHI.N,17.7712795622748
2026-02-25,WTBA.OQ,13.1806065084853
2026-02-25,DTE.N,20.4922806608838
2026-02-25,BHB.A,14.522436906307
2026-02-25,FTNT.OQ,31.8463470366634
2026-02-25,RICK.OQ,12.0124629302902
2026-02-25,TMP.A,13.7349360816771
2026-02-25,NL.N,32.3864208723683
2026-02-25,RYN.N,49.8120081268537
2026-02-25,CYH.N,0.968005297435584
2026-02-25,ON.OQ,210.310274055294
2026-02-26,COF.N,87.4451029987291
2026-02-26,DAKT.OQ,196.22307465329
2026-02-26,NKSH.OQ,18.7176881053136
2026-02-26,Q.N,34.7054569727986
2026-02-26,LEA.N,16.3453185076142
2026-02-26,IRWD.OQ,26.0628070925016
2026-02-26,NBIX.OQ,28.015036852297
2026-02-26,VMC.N,37.9305222919615
2026-02-26,PSN.N,30.1573585592141
2026-02-26,SSD.N,23.4209073016692
2026-02-26,KNTK.N,115.843438824805
2026-02-26,POR.N,19.2859230078248
2026-02-26,AU.N,24.2909441233141
2026-02-26,DOCS.N,21.0757888726552
2026-02-26,VAL.N,6.76332510956873
2026-02-26,SIEB.OQ,10.9859928591046
2026-02-26,MDT.N,27.0944213918317
2026-02-26,TBBK.OQ,11.6256846710936
2026-02-26,TALK.OQ,106.030483764082
2026-02-26,ALAB.OQ,102.29501202071
2026-02-26,FMNB.OQ,9.27190694979097
2026-02-26,VLTO.N,26.1019151701072
2026-02-26,Z.OQ,517.758046614872
2026-02-26,JMSB.OQ,14.1990997770741
2026-02-26,LH.N,27.5000764900257
2026-02-26,VMI.N,27.8199183651156
2026-02-26,CHTR.OQ,6.29105451604497
2026-02-26,ARCB.OQ,38.8408499516639
2026-02-26,CNM.N,24.1968761797733
2026-02-26,RHI.N,18.653060609258
2026-02-26,WTBA.OQ,13.154213624007
2026-02-26,DTE.N,20.5722738123473
2026-02-26,BHB.A,14.6086746551568
2026-02-26,FTNT.OQ,32.6367798377227
2026-02-26,RICK.OQ,12.4951065301679
2026-02-26,TMP.A,13.6315001432842
2026-02-26,NL.N,30.9761257177395
2026-02-26,RYN.N,50.2557156535345
2026-02-26,CYH.N,0.973324007861054
2026-02-26,ON.OQ,205.722564288301
2026-02-27,COF.N,82.0634141635312
2026-02-27,DAKT.OQ,190.1740926527
2026-02-27,NKSH.OQ,18.3487583436764
2026-02-27,VYX.N,60.4861056131739
2026-02-27,Q.N,38.4309873331757
2026-02-27,LEA.N,16.1278232906658
2026-02-27,IRWD.OQ,31.7195325542571
2026-02-27,NBIX.OQ,28.3602925881528
2026-02-27,VMC.N,38.0545063287099
2026-02-27,PSN.N,30.0163725668546
2026-02-27,SSD.N,23.5461983296152
2026-02-27,KNTK.N,17.6139641680316
2026-02-27,POR.N,19.4663001403334
2026-02-27,AU.N,24.6184971098266
2026-02-27,DOCS.N,20.5971753404874
2026-02-27,VAL.N,6.85631635909215
2026-02-27,SIEB.OQ,10.4366932161494
2026-02-27,MDT.N,27.2703410607677
2026-02-27,TBBK.OQ,10.6721264145803
2026-02-27,TALK.OQ,106.472277446433
2026-02-27,ALAB.OQ,97.5031385130422
2026-02-27,FMNB.OQ,8.92007119499979
2026-02-27,VLTO.N,25.944803050638
2026-02-27,Z.OQ,495.227524972253
2026-02-27,JMSB.OQ,13.6311357859912
2026-02-27,LH.N,27.6434952882144
2026-02-27,VMI.N,27.3302754419711
2026-02-27,CHTR.OQ,6.46321972633169
2026-02-27,ARCB.OQ,39.2267747765648
2026-02-27,CNM.N,23.775450179545
2026-02-27,RHI.N,18.4043531344678
2026-02-27,WTBA.OQ,12.7340902316192
2026-02-27,DTE.N,20.8038329350049
2026-02-27,BHB.A,13.9101488894734
2026-02-27,FTNT.OQ,32.5667261436266
2026-02-27,RICK.OQ,11.8676698503269
2026-02-27,TMP.A,6.83206358423718
2026-02-27,NL.N,31.1272287700212
2026-02-27,RYN.N,50.1856565703743
2026-02-27,CYH.N,0.920136903606352
2026-02-27,ON.OQ,200.651937703731
2026-03-02,COF.N,81.5097252108842
2026-03-02,DAKT.OQ,196.001770433756
2026-03-02,NKSH.OQ,18.4660340294948
2026-03-02,VYX.N,60.1694244319531
2026-03-02,Q.N,37.6154354561937
2026-03-02,LEA.N,15.6719434856496
2026-03-02,IRWD.OQ,33.1107401224263
2026-03-02,NBIX.OQ,28.388170380489
2026-03-02,VMC.N,37.5880317350032
2026-03-02,PSN.N,30.8622885210115
2026-03-02,SSD.N,23.38333719097
2026-03-02,KNTK.N,18.1676675920871
2026-03-02,POR.N,19.4735152256338
2026-03-02,AU.N,24.7129094412331
2026-03-02,DOCS.N,21.5795925907267
2026-03-02,VAL.N,6.6238382352836
2026-03-02,SIEB.OQ,10.6564130733315
2026-03-02,MDT.N,27.3932055914531
2026-03-02,TBBK.OQ,11.0055668283717
2026-03-02,TALK.OQ,108.902142699359
2026-03-02,ALAB.OQ,98.9144437242047
2026-03-02,FMNB.OQ,8.94766615615988
2026-03-02,VLTO.N,25.8888817877761
2026-03-02,Z.OQ,483.240843507214
2026-03-02,JMSB.OQ,14.0145114799722
2026-03-02,LH.N,27.390122078081
2026-03-02,VMI.N,27.2696643034265
2026-03-02,CHTR.OQ,6.41280975275974
2026-03-02,ARCB.OQ,40.713158508114
2026-03-02,CNM.N,23.9993327421663
2026-03-02,RHI.N,17.876791824307
2026-03-02,WTBA.OQ,12.9275856478697
2026-03-02,DTE.N,20.721033006297
2026-03-02,BHB.A,14.2637236597576
2026-03-02,FTNT.OQ,32.6285382266526
2026-03-02,RICK.OQ,11.9481104503065
2026-03-02,TMP.A,6.98525286027535
2026-03-02,NL.N,31.1272287700212
2026-03-02,RYN.N,50.535951986175
2026-03-02,CYH.N,0.901521417117206
2026-03-02,ON.OQ,200.651937703731
2026-03-03,COF.N,81.262243027504
2026-03-03,DAKT.OQ,183.534966066686
2026-03-03,NKSH.OQ,18.32921239604
2026-03-03,VYX.N,63.4154065394664
2026-03-03,Q.N,35.2051613216185
2026-03-03,LEA.N,15.189030376832
2026-03-03,IRWD.OQ,33.7599703209052
2026-03-03,NBIX.OQ,28.1222591305131
2026-03-03,VMC.N,36.8269416084289
2026-03-03,PSN.N,30.3165362925232
2026-03-03,SSD.N,23.1191597703838
2026-03-03,KNTK.N,17.970192944347
2026-03-03,POR.N,19.4266171711815
2026-03-03,AU.N,22.1425818882466
2026-03-03,DOCS.N,22.6459771273112
2026-03-03,VAL.N,6.48292072639041
2026-03-03,SIEB.OQ,10.4916231804449
2026-03-03,MDT.N,27.0050653695151
2026-03-03,TBBK.OQ,11.1092586643678
2026-03-03,TALK.OQ,106.914071128783
2026-03-03,ALAB.OQ,90.0937861544394
2026-03-03,FMNB.OQ,9.05804600080026
2026-03-03,VLTO.N,25.4681408576724
2026-03-03,Z.OQ,501.997780244173
2026-03-03,JMSB.OQ,13.8867195819785
2026-03-03,LH.N,27.0573904662832
2026-03-03,VMI.N,26.5262865159826
2026-03-03,CHTR.OQ,6.31942734270022
2026-03-03,ARCB.OQ,39.952771971923
2026-03-03,CNM.N,23.6569241169808
2026-03-03,RHI.N,18.2762311020002
2026-03-03,WTBA.OQ,12.8648303777344
2026-03-03,DTE.N,20.7855888829167
2026-03-03,BHB.A,14.2378523351026
2026-03-03,FTNT.OQ,33.4197328893852
2026-03-03,RICK.OQ,12.5728657768149
2026-03-03,TMP.A,6.93359601137876
2026-03-03,NL.N,30.9761257177395
2026-03-03,RYN.N,50.7928352910955
2026-03-03,CYH.N,0.917477548393616
2026-03-03,ON.OQ,191.416153567548
2026-03-04,COF.N,82.1431118158062
2026-03-04,DAKT.OQ,163.1012097964
2026-03-04,NKSH.OQ,18.6028556629497
2026-03-04,VYX.N,64.7613015596548
2026-03-04,Q.N,36.3905917450385
2026-03-04,LEA.N,15.0845835212353
2026-03-04,IRWD.OQ,34.687442033018
2026-03-04,NBIX.OQ,28.6154816103071
2026-03-04,VMC.N,36.333460590876
2026-03-04,PSN.N,30.0300163725669
2026-03-04,SSD.N,23.1991400903778
2026-03-04,KNTK.N,17.6565567391128
2026-03-04,POR.N,19.542058535987
2026-03-04,AU.N,21.7996146435453
2026-03-04,DOCS.N,22.2009505096814
2026-03-04,VAL.N,6.75545661922444
2026-03-04,SIEB.OQ,10.5465531447405
2026-03-04,MDT.N,26.6951116671041
2026-03-04,TBBK.OQ,11.2434480991863
2026-03-04,TALK.OQ,108.902142699359
2026-03-04,ALAB.OQ,93.3512755081109
2026-03-04,FMNB.OQ,9.01665355906012
2026-03-04,VLTO.N,25.2178266334335
2026-03-04,Z.OQ,508.546059933407
2026-03-04,JMSB.OQ,14.17070157752
2026-03-04,LH.N,26.852779647534
2026-03-04,VMI.N,26.8335017966449
2026-03-04,CHTR.OQ,6.39077260584304
2026-03-04,ARCB.OQ,40.1056134867353
2026-03-04,CNM.N,23.8237385754045
2026-03-04,RHI.N,18.3289872330163
2026-03-04,WTBA.OQ,12.9746521004712
2026-03-04,DTE.N,21.0662666073501
2026-03-04,BHB.A,14.2723474346426
2026-03-04,FTNT.OQ,34.1161490248114
2026-03-04,RICK.OQ,12.967024716715
2026-03-04,TMP.A,7.02176890863328
2026-03-04,NL.N,31.8827440314294
2026-03-04,RYN.N,52.1940169542981
2026-03-04,CYH.N,0.912158837968146
2026-03-04,ON.OQ,188.729928769769
2026-02-12,AGO.N,10.7147040509966
2026-02-12,FPI.N,13.4847812986777
2026-02-12,DVA.N,15.6922777502817
2026-02-12,LAD.N,8.87574136968158
2026-02-12,LNN.N,19.9390590576363
2026-02-12,PSTL.N,39.0389148505025
2026-02-12,TNL.N,11.9091396297976
2026-02-12,RLGT.A,26.3750736491873
2026-02-12,ILMN.OQ,25.5969222854715
2026-02-12,AEP.OQ,18.5050745150157
2026-02-12,PLBC.OQ,11.5601333997101
2026-02-12,FSUN.OQ,11.0464864552815
2026-02-12,TRIP.OQ,16.2860795051052
2026-02-12,UNIT.OQ,1.58940553869424
2026-02-12,SAIA.OQ,35.8272940696132
2026-02-12,BORR.N,20.9691562774029
2026-02-12,ELV.N,13.3821564610002
2026-02-12,GRBK.N,10.1149077516761
2026-02-12,CBL.N,9.18316075454928
2026-02-12,ABNB.OQ,27.5451861247895
2026-02-12,TOL.N,11.9949485635715
2026-02-12,WNC.N,1.91691608514727
2026-02-12,FIVE.OQ,36.1110662481853
2026-02-12,NSA.N,53.6525974025974
2026-02-12,NYT.N,35.2946345321142
2026-02-12,HDSN.OQ,14.5438606977069
2026-02-12,BK.N,16.5866755198222
2026-02-12,MRP.N,24.0872502240229
2026-02-12,LECO.OQ,31.7178446346139
2026-02-12,RRX.N,55.2127414814221
2026-02-12,APOG.OQ,22.3877370116533
2026-02-12,INGM.N,17.1397486278458
2026-02-12,SHW.N,36.3681440045758
2026-02-12,STBA.OQ,12.5308431520979
2026-02-12,VECO.OQ,39.4324085873934
2026-02-13,AGO.N,10.6456564759844
2026-02-13,FPI.N,13.621220907096
2026-02-13,DVA.N,15.5855489158129
2026-02-13,LAD.N,8.78276046603544
2026-02-13,LNN.N,19.9819960675621
2026-02-13,PSTL.N,38.9768826764815
2026-02-13,TNL.N,11.6815764521581
2026-02-13,RLGT.A,25.4046372994143
2026-02-13,ILMN.OQ,21.3244099778012
2026-02-13,AEP.OQ,19.4966637808283
2026-02-13,PLBC.OQ,11.5667417076749
2026-02-13,FSUN.OQ,11.3120408722885
2026-02-13,TRIP.OQ,15.1656224848896
2026-02-13,UNIT.OQ,1.64652172286046
2026-02-13,SAIA.OQ,36.378294186807
2026-02-13,BORR.N,21.5029166190095
2026-02-13,ELV.N,13.810653079023
2026-02-13,GRBK.N,10.5100620900926
2026-02-13,CBL.N,8.84987034498082
2026-02-13,ABNB.OQ,30.0346010484266
2026-02-13,TOL.N,12.2538641865845
2026-02-13,WNC.N,1.95146993732589
2026-02-13,FIVE.OQ,36.9544892535348
2026-02-13,NSA.N,54.3344155844156
2026-02-13,NYT.N,35.6070628322602
2026-02-13,HDSN.OQ,14.7430916661686
2026-02-13,BK.N,16.995171662204
2026-02-13,MRP.N,24.4855131848017
2026-02-13,LECO.OQ,31.4543682457399
2026-02-13,RRX.N,56.9214980185145
2026-02-13,APOG.OQ,22.3985471212678
2026-02-13,INGM.N,17.5132343866714
2026-02-13,SHW.N,36.0060242669027
2026-02-13,STBA.OQ,12.6204110879326
2026-02-13,VECO.OQ,41.1846877757083
2026-02-17,AGO.N,10.8047124969946
2026-02-17,FPI.N,13.5530011028868
2026-02-17,DVA.N,15.7383176396604
2026-02-17,LAD.N,8.77459913280005
2026-02-17,LNN.N,19.8857579418662
2026-02-17,PSTL.N,39.948720069476
2026-02-17,TNL.N,12.0146761759492
2026-02-17,RLGT.A,26.0631476796174
2026-02-17,ILMN.OQ,21.2696430657787
2026-02-17,AEP.OQ,19.541676857127
2026-02-17,PLBC.OQ,11.6052901708027
2026-02-17,FSUN.OQ,11.444818080792
2026-02-17,TRIP.OQ,34.6984461416908
2026-02-17,UNIT.OQ,1.64061315208464
2026-02-17,SAIA.OQ,36.7034126093022
2026-02-17,BORR.N,20.7022761065996
2026-02-17,ELV.N,13.7302104053793
2026-02-17,GRBK.N,10.3666067197104
2026-02-17,CBL.N,8.63188182041475
2026-02-17,ABNB.OQ,30.7474123464857
2026-02-17,TOL.N,12.0849420279806
2026-02-17,WNC.N,1.93830656506737
2026-02-17,FIVE.OQ,38.129897909926
2026-02-17,NSA.N,55.3084415584416
2026-02-17,NYT.N,36.1391672809463
2026-02-17,HDSN.OQ,14.4243221166298
2026-02-17,BK.N,17.1481772844389
2026-02-17,MRP.N,24.1485214487581
2026-02-17,LECO.OQ,30.7678301755438
2026-02-17,RRX.N,56.6267956808012
2026-02-17,APOG.OQ,22.2850409703154
2026-02-17,INGM.N,17.3833262966451
2026-02-17,SHW.N,35.9132981885229
2026-02-17,STBA.OQ,12.7042004472618
2026-02-17,VECO.OQ,42.0914616214097
2026-02-18,AGO.N,10.7184030282294
2026-02-18,FPI.N,13.2801218860502
2026-02-18,DVA.N,15.4599855811437
2026-02-18,LAD.N,8.89410436946123
2026-02-18,LNN.N,19.7080875559662
2026-02-18,PSTL.N,39.3283983292668
2026-02-18,TNL.N,12.4318753349549
2026-02-18,RLGT.A,26.7216580598205
2026-02-18,ILMN.OQ,21.9231948825797
2026-02-18,AEP.OQ,19.0960474017702
2026-02-18,PLBC.OQ,11.5138752439567
2026-02-18,FSUN.OQ,11.3264731775607
2026-02-18,TRIP.OQ,34.4350803265736
2026-02-18,UNIT.OQ,1.61500934538944
2026-02-18,SAIA.OQ,36.8924349479622
2026-02-18,BORR.N,22.0366769606161
2026-02-18,ELV.N,13.788352139795
2026-02-18,GRBK.N,10.3483487634799
2026-02-18,CBL.N,8.64825666397651
2026-02-18,ABNB.OQ,30.7573125034032
2026-02-18,TOL.N,11.8024215618439
2026-02-18,WNC.N,1.9086889774857
2026-02-18,FIVE.OQ,38.4672671120658
2026-02-18,NSA.N,55.6168831168831
2026-02-18,NYT.N,36.856776032844
2026-02-18,HDSN.OQ,14.444245213476
2026-02-18,BK.N,17.2477752838182
2026-02-18,MRP.N,24.0336379023796
2026-02-18,LECO.OQ,30.9574046504654
2026-02-18,RRX.N,56.4742742954934
2026-02-18,APOG.OQ,22.1445095453268
2026-02-18,INGM.N,17.7405735442175
2026-02-18,SHW.N,35.7005162402406
2026-02-18,STBA.OQ,12.71286831202
2026-02-18,VECO.OQ,35.9278502107637
2026-02-19,AGO.N,10.6937431800107
2026-02-19,FPI.N,13.5416311355186
2026-02-19,DVA.N,15.4170847751318
2026-02-19,LAD.N,8.6655870388701
2026-02-19,LNN.N,20.184836424798
2026-02-19,PSTL.N,39.5351722426699
2026-02-19,TNL.N,22.0392920074692
2026-02-19,RLGT.A,26.2710983259973
2026-02-19,ILMN.OQ,21.906764808973
2026-02-19,AEP.OQ,19.2685975275818
2026-02-19,PLBC.OQ,11.5028613973487
2026-02-19,FSUN.OQ,11.274516878581
2026-02-19,TRIP.OQ,34.7972083223598
2026-02-19,UNIT.OQ,1.63667410490076
2026-02-19,SAIA.OQ,37.1117008608077
2026-02-19,BORR.N,22.837317473026
2026-02-19,ELV.N,13.8656089649776
2026-02-19,GRBK.N,10.2114140917515
2026-02-19,CBL.N,8.75352351544499
2026-02-19,ABNB.OQ,31.1384685447264
2026-02-19,TOL.N,11.8171745887963
2026-02-19,WNC.N,2.35511334495846
2026-02-19,FIVE.OQ,38.7561843543238
2026-02-19,NSA.N,56.2175324675325
2026-02-19,NYT.N,36.8518943406542
2026-02-19,HDSN.OQ,14.6036299882454
2026-02-19,BK.N,17.0557965313914
2026-02-19,MRP.N,23.7502584879794
2026-02-19,LECO.OQ,30.8588687651954
2026-02-19,RRX.N,55.2463478883544
2026-02-19,APOG.OQ,22.1553196549413
2026-02-19,INGM.N,17.3833262966451
2026-02-19,SHW.N,34.9050240941394
2026-02-19,STBA.OQ,12.8631113011621
2026-02-19,VECO.OQ,35.5234780903833
2026-02-20,AGO.N,10.8984199202254
2026-02-20,FPI.N,25.9312570880223
2026-02-20,DVA.N,15.7718011955722
2026-02-20,LAD.N,8.55919823062295
2026-02-20,LNN.N,20.1626276265605
2026-02-20,PSTL.N,39.6385591993714
2026-02-20,TNL.N,22.2613798081278
2026-02-20,RLGT.A,26.236439884934
2026-02-20,ILMN.OQ,21.4814084589321
2026-02-20,AEP.OQ,19.4111389358609
2026-02-20,PLBC.OQ,11.6152026327499
2026-02-20,FSUN.OQ,11.3957482428668
2026-02-20,TRIP.OQ,35.5873057677113
2026-02-20,UNIT.OQ,1.6898512418831
2026-02-20,SAIA.OQ,38.9036326313044
2026-02-20,BORR.N,38.6062808201402
2026-02-20,ELV.N,13.6565376597155
2026-02-20,GRBK.N,10.2661879604428
2026-02-20,CBL.N,8.94066458472227
2026-02-20,ABNB.OQ,31.6532767044358
2026-02-20,TOL.N,11.949951831367
2026-02-20,WNC.N,2.3817827469484
2026-02-20,FIVE.OQ,39.4955253717791
2026-02-20,NSA.N,58.1980519480519
2026-02-20,NYT.N,38.0723173880994
2026-02-20,HDSN.OQ,14.7032454724762
2026-02-20,BK.N,17.0601268791905
2026-02-20,MRP.N,23.7808941003469
2026-02-20,LECO.OQ,30.6457313611876
2026-02-20,RRX.N,55.6728907455711
2026-02-20,APOG.OQ,22.1931550385921
2026-02-20,INGM.N,17.5863076873112
2026-02-20,SHW.N,35.1483348813818
2026-02-20,STBA.OQ,12.9093399132058
2026-02-20,VECO.OQ,35.9278502107637
2026-02-23,AGO.N,10.4939984094398
2026-02-23,FPI.N,26.8254383669197
2026-02-23,DVA.N,15.8293510572956
2026-02-23,LAD.N,8.30619690032564
2026-02-23,LNN.N,20.0989624049463
2026-02-23,PSTL.N,40.6310739837062
2026-02-23,TNL.N,21.755837840839
2026-02-23,RLGT.A,24.9194191245278
2026-02-23,ILMN.OQ,22.0053452506134
2026-02-23,AEP.OQ,19.8102548790424
2026-02-23,PLBC.OQ,11.3773035460181
2026-02-23,FSUN.OQ,10.7203163561316
2026-02-23,TRIP.OQ,33.1182512509876
2026-02-23,UNIT.OQ,1.58743601510231
2026-02-23,SAIA.OQ,37.5209342240066
2026-02-23,BORR.N,37.6330132364391
2026-02-23,ELV.N,13.3753865330203
2026-02-23,GRBK.N,10.1540319435986
2026-02-23,CBL.N,8.85411184018153
2026-02-23,ABNB.OQ,30.4330823643555
2026-02-23,TOL.N,11.687347951616
2026-02-23,WNC.N,2.22381782746948
2026-02-23,FIVE.OQ,39.3519640091664
2026-02-23,NSA.N,56.7857142857143
2026-02-23,NYT.N,36.7542604968586
2026-02-23,HDSN.OQ,14.3446297292451
2026-02-23,BK.N,16.6776128236033
2026-02-23,MRP.N,23.4285845581196
2026-02-23,LECO.OQ,30.1144944145148
2026-02-23,RRX.N,51.9733238061212
2026-02-23,APOG.OQ,21.5715737357577
2026-02-23,INGM.N,16.8555746809133
2026-02-23,SHW.N,35.5031027569557
2026-02-23,STBA.OQ,12.4268287749996
2026-02-23,VECO.OQ,35.2048818743261
2026-02-24,AGO.N,10.5507160603426
2026-02-24,FPI.N,27.5233359504493
2026-02-24,DVA.N,15.7906356957726
2026-02-24,LAD.N,8.2633499008398
2026-02-24,LNN.N,20.0974818183972
2026-02-24,PSTL.N,40.1141392001985
2026-02-24,TNL.N,21.9136370676228
2026-02-24,RLGT.A,24.6421515960212
2026-02-24,ILMN.OQ,22.4361782918565
2026-02-24,AEP.OQ,19.8642705706008
2026-02-24,PLBC.OQ,11.280381695868
2026-02-24,FSUN.OQ,10.723202817186
2026-02-24,TRIP.OQ,33.1182512509876
2026-02-24,UNIT.OQ,1.52441126016028
2026-02-24,SAIA.OQ,37.9519051561514
2026-02-24,BORR.N,39.449779392681
2026-02-24,ELV.N,13.0277308196989
2026-02-24,GRBK.N,10.203589253367
2026-02-24,CBL.N,8.80966583622817
2026-02-24,ABNB.OQ,31.1013429562858
2026-02-24,TOL.N,11.7751284619822
2026-02-24,WNC.N,2.17868499333265
2026-02-24,FIVE.OQ,39.7306071030573
2026-02-24,NSA.N,56.1688311688312
2026-02-24,NYT.N,37.0227535672966
2026-02-24,HDSN.OQ,14.1852449544757
2026-02-24,BK.N,16.8234011995063
2026-02-24,MRP.N,23.6889872632442
2026-02-24,LECO.OQ,30.5225615046001
2026-02-24,RRX.N,53.2785518637609
2026-02-24,APOG.OQ,21.7445354895899
2026-02-24,INGM.N,16.4333733883278
2026-02-24,SHW.N,35.5479360599129
2026-02-24,STBA.OQ,12.4615002340323
2026-02-24,VECO.OQ,35.976865013234
2026-02-25,AGO.N,10.6333265518751
2026-02-25,FPI.N,28.2648521329495
2026-02-25,DVA.N,15.6441451386585
2026-02-25,LAD.N,8.14734237842236
2026-02-25,LNN.N,19.8694714898254
2026-02-25,PSTL.N,43.097182436188
2026-02-25,TNL.N,22.0802029181168
2026-02-25,RLGT.A,24.6768100370845
2026-02-25,ILMN.OQ,22.2481452272462
2026-02-25,AEP.OQ,19.8747736217371
2026-02-25,PLBC.OQ,11.5226863212431
2026-02-25,FSUN.OQ,11.0897833710979
2026-02-25,TRIP.OQ,33.1840927047669
2026-02-25,UNIT.OQ,1.51653316579253
2026-02-25,SAIA.OQ,40.36939895991
2026-02-25,BORR.N,39.1253568647807
2026-02-25,ELV.N,13.1619346861242
2026-02-25,GRBK.N,9.70540787622149
2026-02-25,CBL.N,8.89154005403698
2026-02-25,ABNB.OQ,32.6754679061663
2026-02-25,TOL.N,11.5892403223832
2026-02-25,WNC.N,2.09457380244128
2026-02-25,FIVE.OQ,40.0356749986092
2026-02-25,NSA.N,55.7792207792208
2026-02-25,NYT.N,37.7745341645228
2026-02-25,HDSN.OQ,14.3047835355528
2026-02-25,BK.N,17.3661381236603
2026-02-25,MRP.N,23.7425995848875
2026-02-25,LECO.OQ,30.7838958090117
2026-02-25,RRX.N,52.4949386685721
2026-02-25,APOG.OQ,21.5553585713359
2026-02-25,INGM.N,16.6363547789939
2026-02-25,SHW.N,34.8189075683489
2026-02-25,STBA.OQ,12.7302040415364
2026-02-25,VECO.OQ,34.8740319576512
2026-02-26,AGO.N,10.6826462483123
2026-02-26,FPI.N,28.3084707319201
2026-02-26,DVA.N,15.9611925586983
2026-02-26,LAD.N,8.76938808701715
2026-02-26,LNN.N,19.8502238646862
2026-02-26,PSTL.N,43.9309076916499
2026-02-26,TNL.N,22.5565228063716
2026-02-26,RLGT.A,25.5086126226042
2026-02-26,ILMN.OQ,23.257681972193
2026-02-26,AEP.OQ,19.8207579301787
2026-02-26,PLBC.OQ,11.4984558587056
2026-02-26,FSUN.OQ,11.1359667479687
2026-02-26,TRIP.OQ,33.8425072425599
2026-02-26,UNIT.OQ,1.47517317036182
2026-02-26,SAIA.OQ,42.4523099514408
2026-02-26,BORR.N,38.4116273034
2026-02-26,ELV.N,12.8648543171233
2026-02-26,GRBK.N,10.8841536026002
2026-02-26,CBL.N,8.92195047779454
2026-02-26,ABNB.OQ,33.9006123247053
2026-02-26,TOL.N,11.7028386299159
2026-02-26,WNC.N,2.08021335521592
2026-02-26,FIVE.OQ,40.3981674392062
2026-02-26,NSA.N,55.9577922077922
2026-02-26,NYT.N,38.4872612242308
2026-02-26,HDSN.OQ,14.2450142450142
2026-02-26,BK.N,16.4080851747061
2026-02-26,MRP.N,23.8268475188983
2026-02-26,LECO.OQ,30.6021813015049
2026-02-26,RRX.N,52.5902107895677
2026-02-26,APOG.OQ,21.5823838453722
2026-02-26,INGM.N,16.7500243577669
2026-02-26,SHW.N,35.1356646001113
2026-02-26,STBA.OQ,12.7042004472618
2026-02-26,VECO.OQ,52.4085371063379
2026-02-27,AGO.N,10.6296275746423
2026-02-27,FPI.N,28.4393265288319
2026-02-27,DVA.N,16.3546243406617
2026-02-27,LAD.N,8.71081333535229
2026-02-27,LNN.N,19.9435008172838
2026-02-27,PSTL.N,44.3157039634016
2026-02-27,TNL.N,21.5366722480838
2026-02-27,RLGT.A,25.7165632689842
2026-02-27,ILMN.OQ,24.5465299684543
2026-02-27,AEP.OQ,20.0788329009577
2026-02-27,PLBC.OQ,11.0799296876033
2026-02-27,FSUN.OQ,10.5269234654851
2026-02-27,TRIP.OQ,33.2828548854359
2026-02-27,UNIT.OQ,1.44169126929887
2026-02-27,SAIA.OQ,42.5815071536386
2026-02-27,BORR.N,39.7742019205814
2026-02-27,ELV.N,12.7433938445425
2026-02-27,GRBK.N,10.3195617758725
2026-02-27,CBL.N,8.83773699661977
2026-02-27,ABNB.OQ,33.4402550280422
2026-02-27,TOL.N,11.5988297899021
2026-02-27,WNC.N,2.08226484767668
2026-02-27,FIVE.OQ,40.1128392310136
2026-02-27,NSA.N,50.4240399706268
2026-02-27,NYT.N,38.9510219822599
2026-02-27,HDSN.OQ,14.1653218576295
2026-02-27,BK.N,16.0694263983841
2026-02-27,MRP.N,24.0183200961958
2026-02-27,LECO.OQ,30.8050082150266
2026-02-27,RRX.N,52.6330832440157
2026-02-27,APOG.OQ,21.5229282424924
2026-02-27,INGM.N,16.7987398915267
2026-02-27,SHW.N,35.3393637374601
2026-02-27,STBA.OQ,12.0801141846718
2026-02-27,VECO.OQ,52.2205703935339
2026-03-02,AGO.N,8.56169412870444
2026-03-02,FPI.N,28.4393265288319
2026-03-02,DVA.N,16.1118685603013
2026-03-02,LAD.N,8.51670657850543
2026-03-02,LNN.N,20.0056854523488
2026-03-02,PSTL.N,44.6577450938475
2026-03-02,TNL.N,21.3613397738796
2026-03-02,RLGT.A,26.3750736491873
2026-03-02,ILMN.OQ,24.2599164622035
2026-03-02,AEP.OQ,19.9993097994967
2026-03-02,PLBC.OQ,11.2032847696124
2026-03-02,FSUN.OQ,10.7145434340227
2026-03-02,TRIP.OQ,32.8548854358704
2026-03-02,UNIT.OQ,1.54213697248773
2026-03-02,SAIA.OQ,42.833599255488
2026-03-02,BORR.N,39.7742019205814
2026-03-02,ELV.N,11.710780712077
2026-03-02,GRBK.N,10.1430392692529
2026-03-02,CBL.N,8.87048668374329
2026-03-02,ABNB.OQ,32.9823727706084
2026-03-02,TOL.N,11.0222201900669
2026-03-02,WNC.N,2.02277156631449
2026-03-02,FIVE.OQ,40.1038666458503
2026-03-02,NSA.N,50.942391038286
2026-03-02,NYT.N,38.5542861799999
2026-03-02,HDSN.OQ,14.4641683103222
2026-03-02,BK.N,16.1193482100332
2026-03-02,MRP.N,23.7425995848875
2026-03-02,LECO.OQ,30.809300848117
2026-03-02,RRX.N,52.8903179707039
2026-03-02,APOG.OQ,21.2851058309731
2026-03-02,INGM.N,17.3346107628853
2026-03-02,SHW.N,34.706824310956
2026-03-02,STBA.OQ,12.2979963068736
2026-03-02,VECO.OQ,55.8432015857555
2026-03-03,AGO.N,8.5078469958195
2026-03-03,FPI.N,28.155805635523
2026-03-03,DVA.N,15.9329408083977
2026-03-03,LAD.N,8.47339865041279
2026-03-03,LNN.N,19.6962428635728
2026-03-03,PSTL.N,44.1446833981786
2026-03-03,TNL.N,21.7909043356799
2026-03-03,RLGT.A,26.1671230028073
2026-03-03,ILMN.OQ,23.6520037387545
2026-03-03,AEP.OQ,19.7937500843995
2026-03-03,PLBC.OQ,11.1614321525021
2026-03-03,FSUN.OQ,10.8126831098731
2026-03-03,TRIP.OQ,32.6573610745325
2026-03-03,UNIT.OQ,2.099069601582
2026-03-03,SAIA.OQ,43.4916646796907
2026-03-03,BORR.N,37.6330132364391
2026-03-03,ELV.N,11.3109567302044
2026-03-03,GRBK.N,10.0603819050421
2026-03-03,CBL.N,8.77691614910465
2026-03-03,ABNB.OQ,32.9279219075622
2026-03-03,TOL.N,10.9779255535758
2026-03-03,WNC.N,1.9632782849523
2026-03-03,FIVE.OQ,39.7575248585472
2026-03-03,NSA.N,49.7904997768211
2026-03-03,NYT.N,39.0289037293433
2026-03-03,HDSN.OQ,14.2250911481681
2026-03-03,BK.N,15.9142640108263
2026-03-03,MRP.N,12.5947890137021
2026-03-03,LECO.OQ,30.0570168990233
2026-03-03,RRX.N,51.1730379897583
2026-03-03,APOG.OQ,20.7662205694766
2026-03-03,INGM.N,19.8191029846384
2026-03-03,SHW.N,33.9982631968289
2026-03-03,STBA.OQ,12.2234456181399
2026-03-03,VECO.OQ,55.4843560431298
2026-03-04,AGO.N,8.56854740016252
2026-03-04,FPI.N,28.2866614324348
2026-03-04,DVA.N,16.196623811203
2026-03-04,LAD.N,8.51546030719341
2026-03-04,LNN.N,19.9760737213654
2026-03-04,PSTL.N,43.9522852623028
2026-03-04,TNL.N,21.9019482360092
2026-03-04,RLGT.A,26.3404152081239
2026-03-04,ILMN.OQ,23.5442954784438
2026-03-04,AEP.OQ,20.0338198246591
2026-03-04,PLBC.OQ,11.2891927731544
2026-03-04,FSUN.OQ,10.9454603183767
2026-03-04,TRIP.OQ,33.7766657887806
2026-03-04,UNIT.OQ,2.11798013853319
2026-03-04,SAIA.OQ,43.5310540706047
2026-03-04,BORR.N,38.0223202699196
2026-03-04,ELV.N,11.6064441749748
2026-03-04,GRBK.N,10.0561789882178
2026-03-04,CBL.N,8.9383253213563
2026-03-04,ABNB.OQ,33.5466817149052
2026-03-04,TOL.N,10.9707812573676
2026-03-04,WNC.N,2.03713201353985
2026-03-04,FIVE.OQ,39.5726896041834
2026-03-04,NSA.N,49.3297432722351
2026-03-04,NYT.N,38.8898743462023
2026-03-04,HDSN.OQ,14.1453987607834
2026-03-04,BK.N,15.9736304895441
2026-03-04,MRP.N,12.7260274534411
2026-03-04,LECO.OQ,30.3295991002641
2026-03-04,RRX.N,49.9011551744671
2026-03-04,APOG.OQ,20.6959548569823
2026-03-04,INGM.N,18.8831028910038
2026-03-04,SHW.N,33.8852053024152
2026-03-04,STBA.OQ,12.2148436155937
2026-03-04,VECO.OQ,55.313477213308
2026-02-12,SBFG.OQ,9.97606501234591
2026-02-12,PRI.N,11.4753413712124
2026-02-12,RDDT.N,50.0930621854135
2026-02-12,APPF.OQ,45.2411076138164
2026-02-12,KOP.N,42.6534377025477
2026-02-12,CFFN.OQ,13.4494798346872
2026-02-12,ELS.N,33.705102926494
2026-02-12,AMWD.OQ,13.5084623064221
2026-02-12,TMO.N,29.4570534972956
2026-02-12,AOMR.N,12.5554637963131
2026-02-12,ZVRA.OQ,14.2131979695431
2026-02-12,GIC.N,18.0925610673423
2026-02-12,AMT.N,30.0170350142915
2026-02-12,WDC.OQ,26.840197376066
2026-02-12,QUAD.N,14.653950560934
2026-02-12,GWW.N,31.1469474262066
2026-02-12,DTM.N,33.3101151201226
2026-02-12,PKOH.OQ,13.4010778708676
2026-02-12,LQDT.OQ,32.9767299982569
2026-02-12,PFE.N,16.0119842153428
2026-02-12,NMIH.OQ,8.56017626228631
2026-02-12,FMBH.OQ,11.7341501302729
2026-02-12,G.N,11.7014659864713
2026-02-12,REG.OQ,34.5998124299472
2026-02-12,CHCO.OQ,14.5061746147696
2026-02-12,THRY.OQ,8.74079439816492
2026-02-12,HOG.N,4.7783175956088
2026-02-12,KMX.N,13.5481544939453
2026-02-12,PARR.N,8.70665856484158
2026-02-12,CPB.OQ,15.0245922857882
2026-02-12,BLDR.N,22.9410690229924
2026-02-12,GTY.N,25.8370435286109
2026-02-12,FE.N,21.2394922352348
2026-02-12,TXT.N,19.2716769774204
2026-02-12,IVZ.N,17.8436588004
2026-02-12,YOU.N,24.2216331410156
2026-02-12,MZTI.OQ,24.159122831418
2026-02-12,CWCO.OQ,33.8903423118022
2026-02-12,HCSG.OQ,39.4863444600696
2026-02-12,OSIS.OQ,30.0681748034641
2026-02-13,SBFG.OQ,9.90038125691797
2026-02-13,PRI.N,11.5143512902875
2026-02-13,RDDT.N,53.3722143449531
2026-02-13,APPF.OQ,45.8788495957539
2026-02-13,KOP.N,42.7531535124894
2026-02-13,CFFN.OQ,13.6098047598689
2026-02-13,ELS.N,34.0261994711941
2026-02-13,AMWD.OQ,13.9011776729485
2026-02-13,TMO.N,29.1681568916574
2026-02-13,AOMR.N,12.7654213848803
2026-02-13,ZVRA.OQ,14.3824027072758
2026-02-13,GIC.N,18.1943635366178
2026-02-13,AMT.N,30.6406951817068
2026-02-13,WDC.OQ,26.6021217076828
2026-02-13,QUAD.N,15.710956830903
2026-02-13,GWW.N,31.5603432356786
2026-02-13,DTM.N,33.7407074378491
2026-02-13,PKOH.OQ,13.4974885030321
2026-02-13,LQDT.OQ,33.4778629945965
2026-02-13,PFE.N,16.0761020989864
2026-02-13,NMIH.OQ,8.05902499009136
2026-02-13,FMBH.OQ,11.8601764917001
2026-02-13,G.N,12.0398449257661
2026-02-13,REG.OQ,34.8514307935128
2026-02-13,CHCO.OQ,14.5694450036524
2026-02-13,THRY.OQ,8.74079439816492
2026-02-13,HOG.N,4.95295661433156
2026-02-13,KMX.N,13.7036142745155
2026-02-13,PARR.N,9.01152828034557
2026-02-13,CPB.OQ,15.2679264820088
2026-02-13,BLDR.N,21.8298818031676
2026-02-13,GTY.N,24.7913543507932
2026-02-13,FE.N,21.7874398236131
2026-02-13,TXT.N,19.1428738705334
2026-02-13,IVZ.N,18.0409390540072
2026-02-13,YOU.N,24.1325284206931
2026-02-13,MZTI.OQ,24.4143625045278
2026-02-13,CWCO.OQ,34.2772393971775
2026-02-13,HCSG.OQ,39.9489305010732
2026-02-13,OSIS.OQ,30.4800831532889
2026-02-17,SBFG.OQ,10.0517487677739
2026-02-17,PRI.N,11.8966484972232
2026-02-17,RDDT.N,53.2116964070735
2026-02-17,APPF.OQ,43.4050278754963
2026-02-17,KOP.N,43.7129181831779
2026-02-17,CFFN.OQ,13.7879435656263
2026-02-17,ELS.N,34.0613194057707
2026-02-17,AMWD.OQ,13.7284775418857
2026-02-17,TMO.N,28.9815296844151
2026-02-17,AOMR.N,12.7934157300225
2026-02-17,ZVRA.OQ,14.5346869712352
2026-02-17,GIC.N,17.9851029053294
2026-02-17,AMT.N,30.7986040220498
2026-02-17,WDC.OQ,26.8411421207818
2026-02-17,QUAD.N,15.8550940495352
2026-02-17,GWW.N,31.5826587989429
2026-02-17,DTM.N,33.598865262598
2026-02-17,PKOH.OQ,13.5119500978568
2026-02-17,LQDT.OQ,33.7611120794841
2026-02-17,PFE.N,15.9536952302123
2026-02-17,NMIH.OQ,8.13626154737345
2026-02-17,FMBH.OQ,12.0519557373501
2026-02-17,G.N,12.1590832186605
2026-02-17,REG.OQ,27.4006155287904
2026-02-17,CHCO.OQ,14.553339813755
2026-02-17,THRY.OQ,8.66835687552819
2026-02-17,HOG.N,4.93597782084462
2026-02-17,KMX.N,13.9748419767869
2026-02-17,PARR.N,9.04727162630122
2026-02-17,CPB.OQ,14.3774268703081
2026-02-17,BLDR.N,21.810854624746
2026-02-17,GTY.N,25.2313934322303
2026-02-17,FE.N,21.4612805448165
2026-02-17,TXT.N,19.4570753888488
2026-02-17,IVZ.N,17.959305845618
2026-02-17,YOU.N,24.1325284206931
2026-02-17,MZTI.OQ,24.2065026509773
2026-02-17,CWCO.OQ,34.2035447142489
2026-02-17,HCSG.OQ,25.6652360515021
2026-02-17,OSIS.OQ,30.0227854536212
2026-02-18,SBFG.OQ,10.0091766553456
2026-02-18,PRI.N,11.9205133888926
2026-02-18,RDDT.N,56.3570836183801
2026-02-18,APPF.OQ,45.459688535045
2026-02-18,KOP.N,43.7004537069352
2026-02-18,CFFN.OQ,13.5029214764144
2026-02-18,ELS.N,33.6699829919174
2026-02-18,AMWD.OQ,14.173239523253
2026-02-18,TMO.N,29.673148158313
2026-02-18,AOMR.N,12.6954355220246
2026-02-18,ZVRA.OQ,14.6362098138748
2026-02-18,GIC.N,17.8097764304661
2026-02-18,AMT.N,29.7666139240506
2026-02-18,WDC.OQ,28.0173492919611
2026-02-18,QUAD.N,15.9271626588512
2026-02-18,GWW.N,31.6334267053693
2026-02-18,DTM.N,33.809095629488
2026-02-18,PKOH.OQ,13.0973843795494
2026-02-18,LQDT.OQ,34.578176747429
2026-02-18,PFE.N,15.9536952302123
2026-02-18,NMIH.OQ,8.06105753107247
2026-02-18,FMBH.OQ,11.9067514513579
2026-02-18,G.N,12.6263684205438
2026-02-18,REG.OQ,26.8788004643089
2026-02-18,CHCO.OQ,14.3531753107439
2026-02-18,THRY.OQ,9.19956537486418
2026-02-18,HOG.N,4.99176528515884
2026-02-18,KMX.N,15.0994446447413
2026-02-18,PARR.N,8.87906764533349
2026-02-18,CPB.OQ,14.2531711105359
2026-02-18,BLDR.N,29.2539598149732
2026-02-18,GTY.N,23.4264873693867
2026-02-18,FE.N,21.2829801390743
2026-02-18,TXT.N,19.5644113112547
2026-02-18,IVZ.N,18.190599936054
2026-02-18,YOU.N,24.756261462951
2026-02-18,MZTI.OQ,24.5702573946907
2026-02-18,CWCO.OQ,33.7061056044806
2026-02-18,HCSG.OQ,24.8804414469651
2026-02-18,OSIS.OQ,31.0883004411845
2026-02-19,SBFG.OQ,10.1179720537733
2026-02-19,PRI.N,11.8158750177266
2026-02-19,RDDT.N,55.8487768150948
2026-02-19,APPF.OQ,45.356826925055
2026-02-19,KOP.N,43.1395522760134
2026-02-19,CFFN.OQ,13.4851075958387
2026-02-19,ELS.N,33.423258406833
2026-02-19,AMWD.OQ,13.6716994166048
2026-02-19,TMO.N,29.7632838992722
2026-02-19,AOMR.N,12.5974553140266
2026-02-19,ZVRA.OQ,15.0423011844332
2026-02-19,GIC.N,18.0360041399671
2026-02-19,AMT.N,29.4747218252348
2026-02-19,WDC.OQ,26.894047824867
2026-02-19,QUAD.N,12.5434123993202
2026-02-19,GWW.N,31.4574127001218
2026-02-19,DTM.N,33.517812591026
2026-02-19,PKOH.OQ,13.0057942789931
2026-02-19,LQDT.OQ,34.6217535297194
2026-02-19,PFE.N,15.6564214060469
2026-02-19,NMIH.OQ,7.88422646571611
2026-02-19,FMBH.OQ,11.9122308583765
2026-02-19,G.N,12.523243410473
2026-02-19,REG.OQ,26.9107483253996
2026-02-19,CHCO.OQ,14.3428219743812
2026-02-19,THRY.OQ,9.17541953398527
2026-02-19,HOG.N,4.91899902735769
2026-02-19,KMX.N,14.7455255698263
2026-02-19,PARR.N,8.89588804343027
2026-02-19,CPB.OQ,13.9580636810769
2026-02-19,BLDR.N,28.6169991447262
2026-02-19,GTY.N,23.7173606605061
2026-02-19,FE.N,28.0918297375565
2026-02-19,TXT.N,19.3263207197361
2026-02-19,IVZ.N,17.9320947761549
2026-02-19,YOU.N,24.8750677567144
2026-02-19,MZTI.OQ,25.0196014898661
2026-02-19,CWCO.OQ,34.0653671837577
2026-02-19,HCSG.OQ,24.7946045370938
2026-02-19,OSIS.OQ,32.4613282739338
2026-02-20,SBFG.OQ,10.245688391058
2026-02-20,PRI.N,11.9884365421057
2026-02-20,RDDT.N,57.3928065032696
2026-02-20,APPF.OQ,44.2896377214096
2026-02-20,KOP.N,43.7627760881488
2026-02-20,CFFN.OQ,13.6810602821719
2026-02-20,ELS.N,33.6223545105222
2026-02-20,AMWD.OQ,13.5747034525832
2026-02-20,TMO.N,29.5211885437473
2026-02-20,AOMR.N,12.0795599288944
2026-02-20,ZVRA.OQ,14.8900169204738
2026-02-20,GIC.N,18.1038724528174
2026-02-20,AMT.N,29.8766716006533
2026-02-20,WDC.OQ,26.9743511257106
2026-02-20,QUAD.N,12.9867730732284
2026-02-20,GWW.N,31.7210276524323
2026-02-20,DTM.N,31.6239157315384
2026-02-20,PKOH.OQ,13.0202558738178
2026-02-20,LQDT.OQ,34.6925658009413
2026-02-20,PFE.N,15.5340145372729
2026-02-20,NMIH.OQ,7.9350399902438
2026-02-20,FMBH.OQ,12.0108601847108
2026-02-20,G.N,12.545802006426
2026-02-20,REG.OQ,27.2799236091144
2026-02-20,CHCO.OQ,14.3750323541761
2026-02-20,THRY.OQ,9.41687794277436
2026-02-20,HOG.N,4.8777648146037
2026-02-20,KMX.N,14.7190643305803
2026-02-20,PARR.N,8.98840023296251
2026-02-20,CPB.OQ,13.8907584778669
2026-02-20,BLDR.N,28.3935492321799
2026-02-20,GTY.N,23.7173606605061
2026-02-20,FE.N,28.4488572286733
2026-02-20,TXT.N,19.6658925469839
2026-02-20,IVZ.N,18.0069252171783
2026-02-20,YOU.N,25.4468230454508
2026-02-20,MZTI.OQ,25.3436183204007
2026-02-20,CWCO.OQ,34.1666973727845
2026-02-20,HCSG.OQ,25.3096259963213
2026-02-20,OSIS.OQ,33.2352166887562
2026-02-23,SBFG.OQ,10.0280975942026
2026-02-23,PRI.N,11.6148591994338
2026-02-23,RDDT.N,54.4461557864806
2026-02-23,APPF.OQ,42.0009668991339
2026-02-23,KOP.N,42.0302138904123
2026-02-23,CFFN.OQ,12.9150634174149
2026-02-23,ELS.N,33.8264280168037
2026-02-23,AMWD.OQ,12.9454125640528
2026-02-23,TMO.N,29.8395526031606
2026-02-23,AOMR.N,11.645647579189
2026-02-23,ZVRA.OQ,14.7208121827411
2026-02-23,GIC.N,17.4874019444272
2026-02-23,AMT.N,30.3137122294814
2026-02-23,WDC.OQ,26.4925313206492
2026-02-23,QUAD.N,13.0052464346412
2026-02-23,GWW.N,31.4305745258536
2026-02-23,DTM.N,32.0539042961668
2026-02-23,PKOH.OQ,12.5719464342528
2026-02-23,LQDT.OQ,33.4778629945965
2026-02-23,PFE.N,15.7729993763079
2026-02-23,NMIH.OQ,7.87812884277279
2026-02-23,FMBH.OQ,11.5286723670764
2026-02-23,G.N,12.0978527439309
2026-02-23,REG.OQ,27.6100515070516
2026-02-23,CHCO.OQ,13.9758537188609
2026-02-23,THRY.OQ,9.01847156827236
2026-02-23,HOG.N,4.69827471202754
2026-02-23,KMX.N,13.9979955611271
2026-02-23,PARR.N,8.55948008149483
2026-02-23,CPB.OQ,14.0357235309345
2026-02-23,BLDR.N,27.5536857677816
2026-02-23,GTY.N,24.105191715332
2026-02-23,FE.N,28.5848677014797
2026-02-23,TXT.N,19.2814347885482
2026-02-23,IVZ.N,17.149776529092
2026-02-23,YOU.N,24.303312467978
2026-02-23,MZTI.OQ,25.0394704464555
2026-02-23,CWCO.OQ,33.9456133239987
2026-02-23,HCSG.OQ,25.5180870631514
2026-02-23,OSIS.OQ,33.3214564534577
2026-02-24,SBFG.OQ,9.84361844034701
2026-02-24,PRI.N,11.6052214547212
2026-02-24,RDDT.N,54.3009252712562
2026-02-24,APPF.OQ,42.7544281923101
2026-02-24,KOP.N,42.9027272274019
2026-02-24,CFFN.OQ,13.0041328202936
2026-02-24,ELS.N,34.005614510124
2026-02-24,AMWD.OQ,12.6473274063279
2026-02-24,TMO.N,29.7910179734134
2026-02-24,AOMR.N,11.6736419243313
2026-02-24,ZVRA.OQ,15.1776649746193
2026-02-24,GIC.N,17.4930576371647
2026-02-24,AMT.N,30.3360427725602
2026-02-24,WDC.OQ,25.5619577755797
2026-02-24,QUAD.N,13.5963939998522
2026-02-24,GWW.N,31.7100512261372
2026-02-24,DTM.N,31.8819088703154
2026-02-24,PKOH.OQ,12.6297928135515
2026-02-24,LQDT.OQ,33.4233920167335
2026-02-24,PFE.N,15.8196305644122
2026-02-24,NMIH.OQ,7.95943048201709
2026-02-24,FMBH.OQ,11.4875768144371
2026-02-24,G.N,12.2267590065194
2026-02-24,REG.OQ,27.4290136275377
2026-02-24,CHCO.OQ,13.9528463047217
2026-02-24,THRY.OQ,9.05469032959073
2026-02-24,HOG.N,4.72010458936788
2026-02-24,KMX.N,14.2725309183042
2026-02-24,PARR.N,8.62676167388192
2026-02-24,CPB.OQ,14.1237380274398
2026-02-24,BLDR.N,28.1700993196335
2026-02-24,GTY.N,24.3214821112926
2026-02-24,FE.N,28.6982097621517
2026-02-24,TXT.N,19.3185144708339
2026-02-24,IVZ.N,17.7688283593766
2026-02-24,YOU.N,24.8527915766338
2026-02-24,MZTI.OQ,25.334448032744
2026-02-24,CWCO.OQ,34.3509340801061
2026-02-24,HCSG.OQ,26.2415695892091
2026-02-24,OSIS.OQ,33.8003140943009
2026-02-25,SBFG.OQ,9.96660454291742
2026-02-25,PRI.N,11.7176618097023
2026-02-25,RDDT.N,57.2017137200796
2026-02-25,APPF.OQ,42.8650044230492
2026-02-25,KOP.N,43.027371989829
2026-02-25,CFFN.OQ,13.3425965512327
2026-02-25,ELS.N,33.7517669779202
2026-02-25,AMWD.OQ,12.2924641233221
2026-02-25,TMO.N,29.6800816768483
2026-02-25,AOMR.N,11.645647579189
2026-02-25,ZVRA.OQ,15.1099830795262
2026-02-25,GIC.N,18.7882112740579
2026-02-25,AMT.N,33.8134442165261
2026-02-25,WDC.OQ,27.4873475063936
2026-02-25,QUAD.N,13.4116603857238
2026-02-25,GWW.N,31.442676739461
2026-02-25,DTM.N,31.907475757942
2026-02-25,PKOH.OQ,12.6731775980255
2026-02-25,LQDT.OQ,34.033466968799
2026-02-25,PFE.N,15.790486071847
2026-02-25,NMIH.OQ,8.07935039990244
2026-02-25,FMBH.OQ,11.7012736881615
2026-02-25,G.N,12.1848644711782
2026-02-25,REG.OQ,27.6632979422028
2026-02-25,CHCO.OQ,14.1300033935936
2026-02-25,THRY.OQ,9.46516962453217
2026-02-25,HOG.N,4.53091231908489
2026-02-25,KMX.N,13.9119965335777
2026-02-25,PARR.N,8.10112423335779
2026-02-25,CPB.OQ,13.7147294848563
2026-02-25,BLDR.N,26.3593845110685
2026-02-25,GTY.N,24.425898164515
2026-02-25,FE.N,28.6982097621517
2026-02-25,TXT.N,18.8598973478269
2026-02-25,YOU.N,34.5355045183519
2026-02-25,MZTI.OQ,25.4765874914219
2026-02-25,CWCO.OQ,35.1799992630532
2026-02-25,HCSG.OQ,26.4622930717351
2026-02-25,OSIS.OQ,33.5041485865757
2026-02-26,SBFG.OQ,10.0280975942026
2026-02-26,PRI.N,11.8984842581208
2026-02-26,RDDT.N,57.8055669149599
2026-02-26,APPF.OQ,45.4262585117982
2026-02-26,KOP.N,46.4177095278456
2026-02-26,CFFN.OQ,13.2357132677783
2026-02-26,ELS.N,33.7517669779202
2026-02-26,AMWD.OQ,12.16707909666
2026-02-26,TMO.N,30.0521805049104
2026-02-26,AOMR.N,12.0095740660387
2026-02-26,ZVRA.OQ,15.3807106598985
2026-02-26,GIC.N,18.810834045008
2026-02-26,AMT.N,34.2822518330748
2026-02-26,WDC.OQ,26.6654196036418
2026-02-26,QUAD.N,13.6887608069164
2026-02-26,GWW.N,31.1145097379195
2026-02-26,DTM.N,32.2235754595067
2026-02-26,PKOH.OQ,12.919024710045
2026-02-26,LQDT.OQ,34.2295624891058
2026-02-26,PFE.N,15.79631497036
2026-02-26,NMIH.OQ,8.08341548186465
2026-02-26,FMBH.OQ,11.7177119092172
2026-02-26,G.N,12.7391614003087
2026-02-26,REG.OQ,27.8372362970299
2026-02-26,CHCO.OQ,13.7848105092386
2026-02-26,THRY.OQ,5.07062658457081
2026-02-26,HOG.N,4.46057160321045
2026-02-26,KMX.N,14.1766089260375
2026-02-26,PARR.N,5.56860638189977
2026-02-26,CPB.OQ,13.9062904478385
2026-02-26,BLDR.N,26.8550837423494
2026-02-26,GTY.N,24.4631896120944
2026-02-26,FE.N,28.6982097621517
2026-02-26,TXT.N,19.2482582307137
2026-02-26,YOU.N,42.1814015110825
2026-02-26,MZTI.OQ,25.2106491493794
2026-02-26,CWCO.OQ,34.8575850252404
2026-02-26,HCSG.OQ,26.6830165542612
2026-02-26,OSIS.OQ,32.8982007661722
2026-02-27,SBFG.OQ,9.81996726677578
2026-02-27,PRI.N,11.6414777324498
2026-02-27,RDDT.N,55.7264774338532
2026-02-27,APPF.OQ,45.7116994795203
2026-02-27,KOP.N,13.6805837049047
2026-02-27,CFFN.OQ,12.7903662533846
2026-02-27,ELS.N,33.4282358094252
2026-02-27,AMWD.OQ,43.0804684678487
2026-02-27,TMO.N,29.3998340190906
2026-02-27,AOMR.N,12.0095740660387
2026-02-27,ZVRA.OQ,15.1099830795262
2026-02-27,GIC.N,18.6524746483573
2026-02-27,AMT.N,35.5515530873668
2026-02-27,WDC.OQ,26.4245097011111
2026-02-27,QUAD.N,12.7650927362743
2026-02-27,GWW.N,32.2180627508219
2026-02-27,DTM.N,32.2700607097368
2026-02-27,PKOH.OQ,12.4080483595731
2026-02-27,LQDT.OQ,34.4365522049852
2026-02-27,PFE.N,20.4043981993949
2026-02-27,NMIH.OQ,7.98991859673371
2026-02-27,FMBH.OQ,11.2355240915828
2026-02-27,G.N,12.6952469532366
2026-02-27,REG.OQ,28.0431225129478
2026-02-27,CHCO.OQ,13.4321289538121
2026-02-27,HOG.N,6.91215040839288
2026-02-27,KMX.N,14.2791462281157
2026-02-27,PARR.N,5.84820168140938
2026-02-27,CPB.OQ,13.952886357753
2026-02-27,BLDR.N,26.7857372177661
2026-02-27,GTY.N,24.4781061911261
2026-02-27,FE.N,28.9928991198989
2026-02-27,TXT.N,19.2521613551648
2026-02-27,YOU.N,43.5420918824077
2026-02-27,MZTI.OQ,25.1174178915369
2026-02-27,CWCO.OQ,34.8667968606065
2026-02-27,HCSG.OQ,26.6952789699571
2026-02-27,OSIS.OQ,32.3626064380254
2026-03-02,SBFG.OQ,9.79631609320455
2026-03-02,PRI.N,11.2573644323257
2026-03-02,RDDT.N,56.2233186701471
2026-03-02,APPF.OQ,46.4420169104487
2026-03-02,KOP.N,13.1811338236146
2026-03-02,CFFN.OQ,12.8972495368391
2026-03-02,ELS.N,34.0305015230852
2026-03-02,AMWD.OQ,43.0030784047328
2026-03-02,TMO.N,28.6929200848748
2026-03-02,AOMR.N,12.1915373094635
2026-03-02,ZVRA.OQ,15.3807106598985
2026-03-02,GIC.N,18.0807273078554
2026-03-02,AMT.N,35.2439559950859
2026-03-02,WDC.OQ,25.5156652845052
2026-03-02,QUAD.N,12.7096726520358
2026-03-02,GWW.N,32.4297107655382
2026-03-02,DTM.N,32.8720447002166
2026-03-02,PKOH.OQ,12.7647676985818
2026-03-02,LQDT.OQ,34.8614258323165
2026-03-02,PFE.N,20.1165965611394
2026-03-02,NMIH.OQ,8.05495990812915
2026-03-02,FMBH.OQ,10.8497015678472
2026-03-02,G.N,12.8518600198803
2026-03-02,REG.OQ,28.234809679492
2026-03-02,CHCO.OQ,13.5429717283747
2026-03-02,HOG.N,6.82382848650787
2026-03-02,KMX.N,13.829305160934
2026-03-02,PARR.N,6.31556441245241
2026-03-02,CPB.OQ,13.626714988351
2026-03-02,BLDR.N,25.5323629956671
2026-03-02,GTY.N,24.7093131661185
2026-03-02,FE.N,28.8908912652941
2026-03-02,TXT.N,19.6483284869538
2026-03-02,YOU.N,43.0049772621477
2026-03-02,MZTI.OQ,25.1938369553422
2026-03-02,CWCO.OQ,35.0326098971959
2026-03-02,HCSG.OQ,27.2470876762722
2026-03-02,OSIS.OQ,32.5294122986983
2026-03-03,SBFG.OQ,9.72536257249085
2026-03-03,PRI.N,11.3837831004396
2026-03-03,RDDT.N,55.6806151658876
2026-03-03,APPF.OQ,48.4478183052521
2026-03-03,KOP.N,13.2933290868029
2026-03-03,CFFN.OQ,12.8616217756876
2026-03-03,ELS.N,33.9757500945706
2026-03-03,AMWD.OQ,41.1027224104425
2026-03-03,TMO.N,28.6658395830054
2026-03-03,AOMR.N,12.0935571014655
2026-03-03,ZVRA.OQ,15.0761421319797
2026-03-03,GIC.N,17.8177544262629
2026-03-03,AMT.N,35.2532209677449
2026-03-03,WDC.OQ,23.6762473228297
2026-03-03,QUAD.N,12.4325722308431
2026-03-03,GWW.N,32.4060692319795
2026-03-03,DTM.N,32.6930764868307
2026-03-03,PKOH.OQ,12.6779981296337
2026-03-03,LQDT.OQ,35.1664633083493
2026-03-03,PFE.N,19.6147885764888
2026-03-03,NMIH.OQ,7.94113761318713
2026-03-03,FMBH.OQ,10.7529692888086
2026-03-03,G.N,12.8998027953834
2026-03-03,REG.OQ,28.312904451047
2026-03-03,CHCO.OQ,13.5720819519972
2026-03-03,HOG.N,7.10031450284358
2026-03-03,KMX.N,13.8392281256512
2026-03-03,PARR.N,6.27170632625482
2026-03-03,CPB.OQ,13.4869272586073
2026-03-03,BLDR.N,25.0289585949881
2026-03-03,GTY.N,24.7689794822455
2026-03-03,FE.N,28.6585400409165
2026-03-03,TXT.N,19.2326457329092
2026-03-03,YOU.N,43.7927453718624
2026-03-03,MZTI.OQ,25.420037384206
2026-03-03,CWCO.OQ,35.1016986624415
2026-03-03,HCSG.OQ,26.1189454322502
2026-03-03,OSIS.OQ,32.5555111748579
2026-03-04,SBFG.OQ,9.76320445020482
2026-03-04,PRI.N,11.44045353787
2026-03-04,RDDT.N,56.2921120720955
2026-03-04,APPF.OQ,48.4118167417556
2026-03-04,KOP.N,13.9520238577798
2026-03-04,CFFN.OQ,12.8794356562634
2026-03-04,ELS.N,33.7965636012503
2026-03-04,AMWD.OQ,40.1912394448553
2026-03-04,TMO.N,28.9247968821316
2026-03-04,AOMR.N,4.78511298183429
2026-03-04,ZVRA.OQ,15.1099830795262
2026-03-04,GIC.N,17.8553219807762
2026-03-04,AMT.N,35.3551356669946
2026-03-04,WDC.OQ,24.6861794240269
2026-03-04,QUAD.N,12.7650927362743
2026-03-04,GWW.N,32.3230424176958
2026-03-04,DTM.N,33.0998224263441
2026-03-04,PKOH.OQ,12.8418962043134
2026-03-04,LQDT.OQ,35.3734530242287
2026-03-04,PFE.N,19.644306693233
2026-03-04,NMIH.OQ,7.97365826888485
2026-03-04,FMBH.OQ,10.8497015678472
2026-03-04,G.N,13.0340425667923
2026-03-04,REG.OQ,28.2561082535524
2026-03-04,CHCO.OQ,13.5916753717431
2026-03-04,HOG.N,7.47280260818475
2026-03-04,KMX.N,13.9318424630121
2026-03-04,PARR.N,6.80896788217525
2026-03-04,CPB.OQ,12.9899042195185
2026-03-04,BLDR.N,24.6539736842781
2026-03-04,GTY.N,24.9479784306267
2026-03-04,FE.N,28.7888834106893
2026-03-04,TXT.N,19.3809644620519
2026-03-04,YOU.N,43.3272460343037
2026-03-04,MZTI.OQ,25.7257136394274
2026-03-04,CWCO.OQ,35.401083311839
2026-03-04,HCSG.OQ,26.131207847946
2026-03-04,OSIS.OQ,32.7461464441983
2026-02-12,PWP.OQ,29.0488978701906
2026-02-12,EBC.OQ,86.6925692083536
2026-02-12,STGW.OQ,67.0822604688982
2026-02-12,FLS.N,24.8652726264837
2026-02-12,HG.N,7.37320395551825
2026-02-12,KRMN.N,919.079869219991
2026-02-12,APH.N,43.0415682187744
2026-02-12,KAI.N,38.5697898695184
2026-02-12,CSR.N,47.4150954798163
2026-02-12,GLPI.OQ,16.6081307944223
2026-02-12,FSBW.OQ,10.2661383450643
2026-02-12,AUB.N,21.9860554943316
2026-02-12,SMCI.OQ,23.1964263934626
2026-02-12,EMR.N,35.5472083010504
2026-02-12,BYRN.OQ,31.9966188499117
2026-02-12,TSCO.OQ,26.262187469833
2026-02-12,WRB.N,15.0486956046887
2026-02-12,POWL.OQ,38.5113783617887
2026-02-12,J.N,34.3458822546275
2026-02-12,FICO.N,49.519204962138
2026-02-12,CTS.N,29.9883565938032
2026-02-12,JEF.N,18.96884941722
2026-02-12,TBCH.OQ,14.5476490074728
2026-02-12,AWR.N,21.6009412071515
2026-02-12,HHH.N,15.427017239601
2026-02-12,FLXS.OQ,15.5783435486406
2026-02-12,USCB.OQ,15.022610561815
2026-02-12,TJX.N,34.0472704547512
2026-02-12,STLD.OQ,26.4709550560307
2026-02-12,CHWY.N,50.1403682602593
2026-02-12,RGCO.OQ,17.3587201947251
2026-02-12,INNV.OQ,179.415556510529
2026-02-12,CORT.OQ,43.2829081056672
2026-02-12,BKTI.A,24.8376396965636
2026-02-12,BKR.OQ,23.5664902091003
2026-02-12,SWKS.OQ,23.3394695679911
2026-02-12,NTB.N,9.95434118826631
2026-02-12,WAY.OQ,35.1285407274549
2026-02-13,PWP.OQ,28.556994336462
2026-02-13,EBC.OQ,87.4615509146835
2026-02-13,STGW.OQ,66.8112210326603
2026-02-13,FLS.N,25.6282038826629
2026-02-13,HG.N,7.34942709658398
2026-02-13,KRMN.N,884.983652498832
2026-02-13,APH.N,43.9369574136129
2026-02-13,KAI.N,38.6218252628366
2026-02-13,CSR.N,48.0193981145758
2026-02-13,GLPI.OQ,16.680027464528
2026-02-13,FSBW.OQ,10.2734625816958
2026-02-13,AUB.N,21.9478663160536
2026-02-13,SMCI.OQ,23.280278082693
2026-02-13,EMR.N,36.3195472867609
2026-02-13,BYRN.OQ,31.1016085324317
2026-02-13,TSCO.OQ,26.5614441548412
2026-02-13,WRB.N,14.6391358499205
2026-02-13,POWL.OQ,38.0027865375809
2026-02-13,J.N,34.6775372916057
2026-02-13,FICO.N,49.7820457528075
2026-02-13,CTS.N,30.2728561117345
2026-02-13,JEF.N,18.8425774906261
2026-02-13,TBCH.OQ,15.1639659998459
2026-02-13,AWR.N,22.1936409247301
2026-02-13,HHH.N,15.6905963381605
2026-02-13,FLXS.OQ,16.156462585034
2026-02-13,USCB.OQ,15.1299149229708
2026-02-13,TJX.N,34.109102311849
2026-02-13,STLD.OQ,25.4320719018594
2026-02-13,CHWY.N,50.0165139129717
2026-02-13,RGCO.OQ,17.502842410364
2026-02-13,INNV.OQ,179.630425440481
2026-02-13,CORT.OQ,45.1230526078121
2026-02-13,BKTI.A,25.0225879413744
2026-02-13,BKR.OQ,23.4935527088604
2026-02-13,SWKS.OQ,23.8659815605508
2026-02-13,NTB.N,9.99603873322859
2026-02-13,WAY.OQ,36.2111590479422
2026-02-17,PWP.OQ,27.6396607195086
2026-02-17,EBC.OQ,87.4210781932977
2026-02-17,STGW.OQ,64.2363463883995
2026-02-17,FLS.N,25.6482058257088
2026-02-17,HG.N,7.46831139125535
2026-02-17,KRMN.N,877.04343764596
2026-02-17,APH.N,44.4909607615899
2026-02-17,KAI.N,38.5651645012234
2026-02-17,CSR.N,47.4906333091612
2026-02-17,GLPI.OQ,16.9927779794879
2026-02-17,FSBW.OQ,10.1758060932766
2026-02-17,AUB.N,21.9805998974348
2026-02-17,SMCI.OQ,22.9524942066106
2026-02-17,EMR.N,36.4960819120661
2026-02-17,BYRN.OQ,31.4248067026328
2026-02-17,TSCO.OQ,25.4319915049715
2026-02-17,WRB.N,14.9205769121715
2026-02-17,POWL.OQ,36.4809083203154
2026-02-17,J.N,35.6359420047633
2026-02-17,FICO.N,50.0360017843558
2026-02-17,CTS.N,29.5036537114016
2026-02-17,JEF.N,18.2322631787554
2026-02-17,TBCH.OQ,15.0997663131404
2026-02-17,AWR.N,22.1906774261422
2026-02-17,HHH.N,15.8071059396977
2026-02-17,FLXS.OQ,16.0666576861768
2026-02-17,USCB.OQ,15.2295546869012
2026-02-17,TJX.N,34.663380745118
2026-02-17,STLD.OQ,25.4639150636731
2026-02-17,CHWY.N,49.128891090744
2026-02-17,RGCO.OQ,17.6469646260029
2026-02-17,INNV.OQ,182.208852599914
2026-02-17,CORT.OQ,44.7392187852789
2026-02-17,BKTI.A,24.264603331494
2026-02-17,BKR.OQ,22.9791513913788
2026-02-17,SWKS.OQ,23.889040479933
2026-02-17,NTB.N,10.0149921627569
2026-02-17,WAY.OQ,39.2812707030556
2026-02-18,PWP.OQ,27.9188492116249
2026-02-18,EBC.OQ,86.4497328800389
2026-02-18,STGW.OQ,64.9139449789945
2026-02-18,FLS.N,32.9982875437421
2026-02-18,HG.N,7.25194197495346
2026-02-18,KRMN.N,945.819710415694
2026-02-18,APH.N,44.2394132954814
2026-02-18,KAI.N,37.0572944370696
2026-02-18,CSR.N,120.412496208675
2026-02-18,GLPI.OQ,16.7914673031919
2026-02-18,FSBW.OQ,10.1416263223299
2026-02-18,AUB.N,21.8005651998385
2026-02-18,SMCI.OQ,22.6475789730455
2026-02-18,EMR.N,37.0575600953287
2026-02-18,BYRN.OQ,31.2010541232628
2026-02-18,TSCO.OQ,25.3595906940824
2026-02-18,WRB.N,14.8701695577385
2026-02-18,POWL.OQ,35.2688619040041
2026-02-18,J.N,36.9495048677558
2026-02-18,FICO.N,50.603515773224
2026-02-18,CTS.N,28.6080070808769
2026-02-18,JEF.N,18.8951907933735
2026-02-18,TBCH.OQ,15.0355666264349
2026-02-18,AWR.N,21.7520796351341
2026-02-18,HHH.N,15.8586757633289
2026-02-18,FLXS.OQ,15.3131384567028
2026-02-18,USCB.OQ,15.0609335479421
2026-02-18,TJX.N,34.7207960409945
2026-02-18,STLD.OQ,25.5727125332031
2026-02-18,CHWY.N,49.8926595656841
2026-02-18,RGCO.OQ,16.8703060195045
2026-02-18,INNV.OQ,171.465406102278
2026-02-18,CORT.OQ,44.9537141566945
2026-02-18,BKTI.A,24.8012564352893
2026-02-18,BKR.OQ,23.6240724461318
2026-02-18,SWKS.OQ,23.8275500282472
2026-02-18,NTB.N,9.99224804732292
2026-02-18,WAY.OQ,41.6229851919801
2026-02-19,PWP.OQ,27.0945784253769
2026-02-19,EBC.OQ,85.4379148453942
2026-02-19,STGW.OQ,64.2363463883995
2026-02-19,FLS.N,32.8382101109374
2026-02-19,HG.N,6.9689973536356
2026-02-19,KRMN.N,1032.92853806632
2026-02-19,APH.N,45.2785438995248
2026-02-19,KAI.N,37.8216365478101
2026-02-19,CSR.N,120.166060054595
2026-02-19,GLPI.OQ,17.0215366475302
2026-02-19,FSBW.OQ,10.2466070473805
2026-02-19,AUB.N,21.7787428122511
2026-02-19,SMCI.OQ,24.5151847786315
2026-02-19,EMR.N,37.0967900120632
2026-02-19,BYRN.OQ,31.6982820774184
2026-02-19,TSCO.OQ,25.079640891978
2026-02-19,WRB.N,14.7735554617419
2026-02-19,POWL.OQ,34.8388647295143
2026-02-19,J.N,36.3802072452262
2026-02-19,FICO.N,50.0778341918849
2026-02-19,CTS.N,28.1338412176579
2026-02-19,JEF.N,18.6426469401857
2026-02-19,TBCH.OQ,15.3052053105981
2026-02-19,AWR.N,21.831038222143
2026-02-19,HHH.N,15.7096962728387
2026-02-19,FLXS.OQ,14.9300644350149
2026-02-19,USCB.OQ,14.9229707978846
2026-02-19,TJX.N,34.5617998370289
2026-02-19,STLD.OQ,25.28612407688
2026-02-19,CHWY.N,53.3812236809512
2026-02-19,RGCO.OQ,16.7982449116851
2026-02-19,INNV.OQ,173.614095401805
2026-02-19,CORT.OQ,38.6543237751185
2026-02-19,BKTI.A,25.165089048032
2026-02-19,BKR.OQ,24.0156316579462
2026-02-19,SWKS.OQ,22.7591534302064
2026-02-19,NTB.N,9.65090978124361
2026-02-19,WAY.OQ,42.2454462062639
2026-02-20,PWP.OQ,26.7489164827568
2026-02-20,EBC.OQ,86.6925692083536
2026-02-20,STGW.OQ,62.7456294890907
2026-02-20,FLS.N,33.1099694736058
2026-02-20,HG.N,7.23292048780604
2026-02-20,KRMN.N,953.059318075665
2026-02-20,APH.N,45.2306300964565
2026-02-20,KAI.N,39.3052234284155
2026-02-20,CSR.N,117.796481649985
2026-02-20,GLPI.OQ,16.10242848477
2026-02-20,FSBW.OQ,10.2270757496967
2026-02-20,AUB.N,22.1770013857216
2026-02-20,SMCI.OQ,24.7133796804488
2026-02-20,EMR.N,36.4396889067603
2026-02-20,BYRN.OQ,31.0518857370161
2026-02-20,TSCO.OQ,25.7094866840782
2026-02-20,WRB.N,14.9289781379103
2026-02-20,POWL.OQ,35.5182862469106
2026-02-20,J.N,36.0198261814231
2026-02-20,FICO.N,49.9934289802333
2026-02-20,CTS.N,28.3182390533542
2026-02-20,JEF.N,18.7338433316146
2026-02-20,TBCH.OQ,15.2666854985748
2026-02-20,AWR.N,21.6706032651485
2026-02-20,HHH.N,35.1353653112787
2026-02-20,FLXS.OQ,14.9665476751757
2026-02-20,USCB.OQ,14.9382999923354
2026-02-20,TJX.N,34.9416241020579
2026-02-20,STLD.OQ,25.6589544297818
2026-02-20,CHWY.N,54.5991247626125
2026-02-20,RGCO.OQ,16.8703060195045
2026-02-20,INNV.OQ,175.333046841427
2026-02-20,CORT.OQ,39.3090991194401
2026-02-20,BKTI.A,25.9503611038682
2026-02-20,BKR.OQ,23.8812731048726
2026-02-20,SWKS.OQ,23.0781351483265
2026-02-20,NTB.N,9.79694208358889
2026-02-20,WAY.OQ,41.0660463897261
2026-02-23,PWP.OQ,25.7252253449972
2026-02-23,EBC.OQ,82.8071879553181
2026-02-23,STGW.OQ,59.628675972354
2026-02-23,FLS.N,32.8866056138784
2026-02-23,HG.N,7.36369321194454
2026-02-23,KRMN.N,948.972442783746
2026-02-23,APH.N,44.2663648097073
2026-02-23,KAI.N,37.8725155990546
2026-02-23,CSR.N,117.663785259327
2026-02-23,GLPI.OQ,16.3103116884887
2026-02-23,FSBW.OQ,9.95852040654396
2026-02-23,AUB.N,21.2059051380812
2026-02-23,SMCI.OQ,23.4098670569582
2026-02-23,EMR.N,35.6771574002334
2026-02-23,BYRN.OQ,29.4358948860105
2026-02-23,TSCO.OQ,26.1609561443537
2026-02-23,WRB.N,14.9121756864327
2026-02-23,POWL.OQ,35.3448583834834
2026-02-23,J.N,34.4190030501818
2026-02-23,FICO.N,47.4460945005192
2026-02-23,CTS.N,27.5068885762906
2026-02-23,JEF.N,17.6535168485333
2026-02-23,TBCH.OQ,15.0869263757993
2026-02-23,AWR.N,21.8369802575872
2026-02-23,HHH.N,34.3594159561683
2026-02-23,FLXS.OQ,14.7897442805505
2026-02-23,USCB.OQ,14.5780639227409
2026-02-23,TJX.N,34.8223769490837
2026-02-23,STLD.OQ,26.0065756129145
2026-02-23,CHWY.N,51.0073486912724
2026-02-23,RGCO.OQ,16.8542924399891
2026-02-23,INNV.OQ,191.663085517834
2026-02-23,CORT.OQ,39.8961390833145
2026-02-23,BKTI.A,25.5653049220489
2026-02-23,BKR.OQ,24.4417402119794
2026-02-23,SWKS.OQ,22.9743700111067
2026-02-23,NTB.N,9.34241654253921
2026-02-23,WAY.OQ,39.8866465731883
2026-02-24,PWP.OQ,25.6321625142918
2026-02-24,EBC.OQ,82.6857697911608
2026-02-24,STGW.OQ,61.1193928716628
2026-02-24,FLS.N,33.6981609708882
2026-02-24,HG.N,7.26383040442059
2026-02-24,KRMN.N,976.179355441383
2026-02-24,APH.N,45.3683822802778
2026-02-24,KAI.N,38.818403415372
2026-02-24,CSR.N,117.114043069457
2026-02-24,GLPI.OQ,16.4704839929933
2026-02-24,FSBW.OQ,9.95607899433348
2026-02-24,AUB.N,20.98222566531
2026-02-24,SMCI.OQ,23.7300280522015
2026-02-24,EMR.N,36.9938114806351
2026-02-24,BYRN.OQ,31.8474504636651
2026-02-24,TSCO.OQ,25.85997650417
2026-02-24,WRB.N,15.0444949918193
2026-02-24,POWL.OQ,36.3198217655216
2026-02-24,J.N,35.1319308068357
2026-02-24,FICO.N,45.4466534999472
2026-02-24,CTS.N,27.8914897764571
2026-02-24,JEF.N,17.6394866344673
2026-02-24,TBCH.OQ,15.176805937187
2026-02-24,AWR.N,21.9647340196384
2026-02-24,HHH.N,34.4540439263037
2026-02-24,FLXS.OQ,14.882355582497
2026-02-24,USCB.OQ,14.6930328811221
2026-02-24,TJX.N,34.8157521072518
2026-02-24,STLD.OQ,25.3246012307382
2026-02-24,CHWY.N,52.5968128147965
2026-02-24,RGCO.OQ,17.0304418146588
2026-02-24,INNV.OQ,191.663085517834
2026-02-24,CORT.OQ,41.1831113118085
2026-02-24,BKTI.A,25.6411033830369
2026-02-24,BKR.OQ,24.8448158712001
2026-02-24,SWKS.OQ,23.0204878498711
2026-02-24,NTB.N,9.30955927451152
2026-02-24,WAY.OQ,41.3281352378456
2026-02-25,PWP.OQ,25.738520035098
2026-02-25,EBC.OQ,84.2642059252064
2026-02-25,STGW.OQ,61.5259520260198
2026-02-25,FLS.N,34.2640160821979
2026-02-25,HG.N,7.43026841696051
2026-02-25,KRMN.N,974.311069593648
2026-02-25,APH.N,45.7097681271393
2026-02-25,KAI.N,39.2127160625165
2026-02-25,CSR.N,118.25144070367
2026-02-25,GLPI.OQ,16.3614305090753
2026-02-25,FSBW.OQ,10.0732667804365
2026-02-25,AUB.N,21.325928269812
2026-02-25,SMCI.OQ,25.6128796194658
2026-02-25,EMR.N,36.395555250434
2026-02-25,BYRN.OQ,33.3639957238396
2026-02-25,TSCO.OQ,25.1317999553385
2026-02-25,WRB.N,15.0339934596458
2026-02-25,POWL.OQ,35.6598865249148
2026-02-25,J.N,34.8498934525551
2026-02-25,FICO.N,48.1605772131842
2026-02-25,CTS.N,24.2525325713973
2026-02-25,JEF.N,17.7797887751272
2026-02-25,TBCH.OQ,15.5491641200791
2026-02-25,AWR.N,22.0538645513021
2026-02-25,HHH.N,34.4303869337699
2026-02-25,FLXS.OQ,14.7981634898184
2026-02-25,USCB.OQ,15.0839273396183
2026-02-25,TJX.N,34.4094284748952
2026-02-25,STLD.OQ,25.4121699257258
2026-02-25,CHWY.N,54.6197671538271
2026-02-25,RGCO.OQ,17.4548016718177
2026-02-25,INNV.OQ,191.233347657929
2026-02-25,CORT.OQ,43.6243631589724
2026-02-25,BKTI.A,26.0686067030095
2026-02-25,BKR.OQ,24.879365213419
2026-02-25,SWKS.OQ,22.9897426240282
2026-02-25,NTB.N,9.47932182598791
2026-02-25,WAY.OQ,39.9685493382257
2026-02-26,PWP.OQ,25.9778244569119
2026-02-26,EBC.OQ,83.8999514327344
2026-02-26,STGW.OQ,65.7270632877084
2026-02-26,FLS.N,33.1993150174968
2026-02-26,HG.N,5.70831020003342
2026-02-26,KRMN.N,1031.17702008407
2026-02-26,APH.N,44.4610146346722
2026-02-26,KAI.N,39.9562440159298
2026-02-26,CSR.N,119.654231119199
2026-02-26,GLPI.OQ,16.5659057914216
2026-02-26,FSBW.OQ,10.0415284217002
2026-02-26,AUB.N,21.55506333948
2026-02-26,SMCI.OQ,24.6066593487011
2026-02-26,EMR.N,37.4449555230819
2026-02-26,BYRN.OQ,33.2894115307163
2026-02-26,TSCO.OQ,24.8453838461314
2026-02-26,WRB.N,15.0339934596458
2026-02-26,POWL.OQ,34.4829154068247
2026-02-26,J.N,36.4977228095099
2026-02-26,FICO.N,51.3998123094635
2026-02-26,CTS.N,24.3254451082523
2026-02-26,JEF.N,17.1729820167731
2026-02-26,TBCH.OQ,16.1141213630878
2026-02-26,AWR.N,21.9142267183624
2026-02-26,HHH.N,34.3357589636345
2026-02-26,FLXS.OQ,14.9974181091579
2026-02-26,USCB.OQ,14.9229707978846
2026-02-26,TJX.N,35.043205010147
2026-02-26,STLD.OQ,25.5435229682073
2026-02-26,CHWY.N,55.6725291057716
2026-02-26,RGCO.OQ,17.8231140006726
2026-02-26,INNV.OQ,199.828104856038
2026-02-26,CORT.OQ,43.0944150697966
2026-02-26,BKTI.A,27.1358490337212
2026-02-26,BKR.OQ,24.9139145556379
2026-02-26,SWKS.OQ,22.9090364061906
2026-02-26,NTB.N,9.63083033967114
2026-02-26,WAY.OQ,42.6221989254357
2026-02-27,PWP.OQ,24.6084713765322
2026-02-27,EBC.OQ,79.1646430305974
2026-02-27,STGW.OQ,65.3205041333514
2026-02-27,FLS.N,32.9536147717966
2026-02-27,HG.N,5.67596849918337
2026-02-27,KRMN.N,1028.8416627744
2026-02-27,APH.N,43.7393129759563
2026-02-27,KAI.N,39.2196541149589
2026-02-27,CSR.N,119.237185319988
2026-02-27,GLPI.OQ,16.6681434325947
2026-02-27,FSBW.OQ,9.64601964360264
2026-02-27,AUB.N,18.2284109409815
2026-02-27,SMCI.OQ,24.6905110379315
2026-02-27,EMR.N,36.9619371732884
2026-02-27,BYRN.OQ,31.7728662705417
2026-02-27,TSCO.OQ,25.1657815276173
2026-02-27,WRB.N,15.0591971368623
2026-02-27,POWL.OQ,34.0100484233978
2026-02-27,J.N,36.0015459825346
2026-02-27,FICO.N,52.1742671461969
2026-02-27,CTS.N,23.9973386924048
2026-02-27,JEF.N,15.5735376132501
2026-02-27,TBCH.OQ,16.1012814257466
2026-02-27,AWR.N,22.1429950829657
2026-02-27,HHH.N,34.2411309934991
2026-02-27,FLXS.OQ,14.444556700568
2026-02-27,USCB.OQ,14.5090825477121
2026-02-27,TJX.N,35.6990643515053
2026-02-27,STLD.OQ,25.6244576711503
2026-02-27,CHWY.N,56.6014367104285
2026-02-27,RGCO.OQ,17.6629782055183
2026-02-27,INNV.OQ,192.522561237645
2026-02-27,CORT.OQ,42.9980608717646
2026-02-27,BKTI.A,26.4051518697964
2026-02-27,BKR.OQ,25.0521119245135
2026-02-27,SWKS.OQ,22.8975069464995
2026-02-27,NTB.N,9.26392418002862
2026-02-27,WAY.OQ,42.0161184641593
2026-03-02,PWP.OQ,40.8672798948752
2026-03-02,EBC.OQ,79.81220657277
2026-03-02,STGW.OQ,65.3205041333514
2026-03-02,FLS.N,32.5776189412553
2026-03-02,HG.N,5.66878145455003
2026-03-02,KRMN.N,1086.40822045773
2026-03-02,APH.N,40.4751851419297
2026-03-02,KAI.N,39.9388988848237
2026-03-02,CSR.N,118.687443130118
2026-03-02,GLPI.OQ,16.9782642774866
2026-03-02,FSBW.OQ,9.78762155181043
2026-03-02,AUB.N,18.5038537398738
2026-03-02,SMCI.OQ,24.2636297109404
2026-03-02,EMR.N,37.2880358561439
2026-03-02,BYRN.OQ,32.0463416453273
2026-03-02,TSCO.OQ,25.3793799819412
2026-03-02,WRB.N,16.4527332114279
2026-03-02,POWL.OQ,34.5881413014884
2026-03-02,J.N,36.307086449672
2026-03-02,FICO.N,52.1068910561943
2026-03-02,CTS.N,23.6737893101107
2026-03-02,JEF.N,15.9839213746804
2026-03-02,TBCH.OQ,16.1269613004289
2026-03-02,AWR.N,22.2202415437408
2026-03-02,HHH.N,34.3688787531819
2026-03-02,FLXS.OQ,14.1246267483891
2026-03-02,USCB.OQ,14.8923124089829
2026-03-02,TJX.N,35.3192400864763
2026-03-02,STLD.OQ,25.1907022794267
2026-03-02,CHWY.N,55.8789530179176
2026-03-02,RGCO.OQ,17.7030121543069
2026-03-02,INNV.OQ,199.18349806618
2026-03-02,CORT.OQ,43.3232562901225
2026-03-02,BKTI.A,26.2626507631389
2026-03-02,BKR.OQ,24.8870428450232
2026-03-02,SWKS.OQ,22.6477019865259
2026-03-02,NTB.N,9.35884517655306
2026-03-02,WAY.OQ,42.9989516446075
2026-03-03,PWP.OQ,40.9767849321069
2026-03-03,EBC.OQ,48.6541925155093
2026-03-03,STGW.OQ,67.0822604688982
2026-03-03,FLS.N,31.0699128880947
2026-03-03,HG.N,5.58792720242491
2026-03-03,KRMN.N,1063.87202241943
2026-03-03,APH.N,38.8041912599234
2026-03-03,KAI.N,39.8325154140398
2026-03-03,CSR.N,118.213527449196
2026-03-03,GLPI.OQ,16.8998820859205
2026-03-03,FSBW.OQ,9.79494578844187
2026-03-03,AUB.N,18.4694233900122
2026-03-03,SMCI.OQ,23.3869984144408
2026-03-03,EMR.N,35.9370555985995
2026-03-03,BYRN.OQ,31.9966188499117
2026-03-03,TSCO.OQ,25.0492732798043
2026-03-03,WRB.N,16.3179483953868
2026-03-03,POWL.OQ,33.1994193089517
2026-03-03,J.N,36.2679145949108
2026-03-03,FICO.N,53.6054537613073
2026-03-03,CTS.N,23.3365688271563
2026-03-03,JEF.N,15.6682415581956
2026-03-03,TBCH.OQ,16.0884414884055
2026-03-03,AWR.N,22.6956043792801
2026-03-03,HHH.N,33.9241272935454
2026-03-03,FLXS.OQ,14.0292090433533
2026-03-03,USCB.OQ,14.7236912700238
2026-03-03,TJX.N,35.2684496324317
2026-03-03,STLD.OQ,24.6831629451282
2026-03-03,CHWY.N,55.4041780199818
2026-03-03,RGCO.OQ,17.8871683187343
2026-03-03,INNV.OQ,203.91061452514
2026-03-03,CORT.OQ,42.4922013320968
2026-03-03,BKTI.A,26.1777564868323
2026-03-03,BKR.OQ,24.0079540263419
2026-03-03,SWKS.OQ,22.3479360345576
2026-03-03,NTB.N,9.27670200648383
2026-03-03,WAY.OQ,43.539509893854
2026-03-04,PWP.OQ,40.8234778799825
2026-03-04,EBC.OQ,48.9043426055633
2026-03-04,STGW.OQ,70.1992139856349
2026-03-04,FLS.N,30.8651626833445
2026-03-04,HG.N,5.61308185864161
2026-03-04,KRMN.N,1154.60065390005
2026-03-04,APH.N,39.7534834832137
2026-03-04,KAI.N,40.172483393037
2026-03-04,CSR.N,118.971792538672
2026-03-04,GLPI.OQ,16.9612246706244
2026-03-04,FSBW.OQ,9.90480933791342
2026-03-04,AUB.N,18.3661323404276
2026-03-04,SMCI.OQ,24.8887059397488
2026-03-04,EMR.N,35.6036013063562
2026-03-04,BYRN.OQ,31.6236978842951
2026-03-04,TSCO.OQ,24.5589677369244
2026-03-04,WRB.N,15.8125053352323
2026-03-04,POWL.OQ,33.3143883420102
2026-03-04,J.N,36.0772782350729
2026-03-04,FICO.N,54.1974008377588
2026-03-04,CTS.N,23.6646752430038
2026-03-04,JEF.N,15.6401811300636
2026-03-04,TBCH.OQ,16.4094399219332
2026-03-04,AWR.N,22.9214017261613
2026-03-04,HHH.N,33.7821853383423
2026-03-04,FLXS.OQ,14.8121955052648
2026-03-04,USCB.OQ,14.8003372422779
2026-03-04,TJX.N,35.7145223157797
2026-03-04,STLD.OQ,24.2406286487203
2026-03-04,CHWY.N,52.6587399884403
2026-03-04,RGCO.OQ,18.1513923807389
2026-03-04,INNV.OQ,227.761065749893
2026-03-04,CORT.OQ,42.9860165970106
2026-03-04,BKTI.A,26.9842521117451
2026-03-04,BKR.OQ,23.3707106031931
2026-03-04,SWKS.OQ,21.6292663804799
2026-03-04,NTB.N,9.31686088962879
2026-03-04,WAY.OQ,44.1128292491154
2026-02-12,EPAM.N,24.8943151468905
2026-02-12,ZBH.N,23.5542170165483
2026-02-12,OUT.N,37.9957614290039
2026-02-12,MRBK.OQ,10.5880358902107
2026-02-12,TECH.OQ,117.308639542902
2026-02-12,VVV.N,54.5494028230184
2026-02-12,UFCS.OQ,9.34200220810961
2026-02-12,PRM.N,51.3819915715331
2026-02-12,AVA.N,17.9842685379244
2026-02-12,ROST.OQ,30.4549724365697
2026-02-12,OHI.N,24.3532463229394
2026-02-12,HSHP.N,30.915391745952
2026-02-12,PAHC.OQ,22.7293888137622
2026-02-12,NESR.OQ,28.5917318062116
2026-02-12,CLDT.N,673.267326732673
2026-02-12,FOR.N,9.13201334324452
2026-02-12,PNTG.OQ,41.2022161397385
2026-02-12,AFL.N,15.1067366294039
2026-02-12,BSX.N,39.6558734778608
2026-02-12,MCB.N,16.0818434216718
2026-02-12,VRSN.OQ,24.7877728046942
2026-02-12,SRBK.OQ,32.1196001100615
2026-02-12,FRST.OQ,5.62759086088885
2026-02-12,AFRM.OQ,63.4653402206492
2026-02-12,MFA.N,11.5236875800256
2026-02-12,CXM.N,13.025931027816
2026-02-12,WMK.N,19.0252774190147
2026-02-12,VTEX.N,35.4204753199269
2026-02-12,MTCH.OQ,13.9248282666567
2026-02-12,CARG.OQ,21.7995989391293
2026-02-12,EFSC.OQ,11.7473959094585
2026-02-13,EPAM.N,25.3903090423503
2026-02-13,ZBH.N,23.8685042156555
2026-02-13,OUT.N,37.9049349076597
2026-02-13,MRBK.OQ,10.746935878558
2026-02-13,TECH.OQ,118.077036745148
2026-02-13,VVV.N,55.7799493304379
2026-02-13,UFCS.OQ,9.27830673850887
2026-02-13,PRM.N,51.8766199078013
2026-02-13,AVA.N,18.2770061008205
2026-02-13,ROST.OQ,30.7191187204692
2026-02-13,OHI.N,24.5396232080639
2026-02-13,HSHP.N,31.5927984951863
2026-02-13,PAHC.OQ,23.1705424638099
2026-02-13,NESR.OQ,29.0236731736544
2026-02-13,CLDT.N,674.167416741674
2026-02-13,FOR.N,9.31016900214401
2026-02-13,PNTG.OQ,42.2732621947188
2026-02-13,AFL.N,14.9802822409804
2026-02-13,BSX.N,39.982237250412
2026-02-13,MCB.N,16.1842866047725
2026-02-13,VRSN.OQ,24.8877647371633
2026-02-13,SRBK.OQ,31.4775749793635
2026-02-13,FRST.OQ,5.59947299077734
2026-02-13,AFRM.OQ,63.529111663797
2026-02-13,MFA.N,11.6176626061624
2026-02-13,CXM.N,13.2675995069963
2026-02-13,WMK.N,19.6315137457498
2026-02-13,VTEX.N,36.1060329067642
2026-02-13,MTCH.OQ,14.1947614349275
2026-02-13,CARG.OQ,22.1068633158678
2026-02-13,EFSC.OQ,11.8467849591238
2026-02-17,EPAM.N,24.7539107210988
2026-02-17,ZBH.N,24.0417333805177
2026-02-17,OUT.N,37.9806236754466
2026-02-17,MRBK.OQ,10.7363425460015
2026-02-17,TECH.OQ,115.259580336913
2026-02-17,VVV.N,55.8523344191097
2026-02-17,UFCS.OQ,9.34436129957631
2026-02-17,PRM.N,52.3514631106187
2026-02-17,AVA.N,18.1412437528107
2026-02-17,ROST.OQ,30.9801390128431
2026-02-17,OHI.N,24.7984799929591
2026-02-17,HSHP.N,32.8431677708212
2026-02-17,PAHC.OQ,23.1838435788867
2026-02-17,NESR.OQ,33.6774930680377
2026-02-17,CLDT.N,684.968496849685
2026-02-17,FOR.N,9.22416282198564
2026-02-17,PNTG.OQ,42.1145887050921
2026-02-17,AFL.N,15.0467685689144
2026-02-17,BSX.N,40.8168724720183
2026-02-17,MCB.N,16.3943819463857
2026-02-17,VRSN.OQ,24.5718811323177
2026-02-17,SRBK.OQ,32.3364940432774
2026-02-17,FRST.OQ,5.62357402230149
2026-02-17,AFRM.OQ,65.8121293284867
2026-02-17,MFA.N,11.6529032409637
2026-02-17,CXM.N,13.4609342903405
2026-02-17,WMK.N,19.2203273676164
2026-02-17,VTEX.N,34.6206581352834
2026-02-17,MTCH.OQ,14.0458327903643
2026-02-17,CARG.OQ,22.4222135972573
2026-02-17,EFSC.OQ,11.9383787892075
2026-02-18,EPAM.N,25.5917588706601
2026-02-18,ZBH.N,24.3139506395868
2026-02-18,OUT.N,38.2228277323645
2026-02-18,MRBK.OQ,10.572145891376
2026-02-18,TECH.OQ,116.894887203231
2026-02-18,VVV.N,56.2866449511401
2026-02-18,UFCS.OQ,9.12024761024034
2026-02-18,PRM.N,53.3209346497042
2026-02-18,AVA.N,17.8909319236676
2026-02-18,ROST.OQ,31.319309093353
2026-02-18,OHI.N,24.1979322520023
2026-02-18,HSHP.N,34.5631053487567
2026-02-18,PAHC.OQ,22.6473652707885
2026-02-18,NESR.OQ,34.3741726929454
2026-02-18,CLDT.N,677.767776777677
2026-02-18,FOR.N,9.22416282198564
2026-02-18,PNTG.OQ,43.1724119692702
2026-02-18,AFL.N,14.8121109409119
2026-02-18,BSX.N,39.3376342755182
2026-02-18,MCB.N,16.4360537496809
2026-02-18,VRSN.OQ,24.8332236830892
2026-02-18,SRBK.OQ,31.775421272139
2026-02-18,FRST.OQ,5.53922041196697
2026-02-18,AFRM.OQ,65.9396722147822
2026-02-18,MFA.N,11.8408532932373
2026-02-18,CXM.N,13.4609342903405
2026-02-18,WMK.N,19.1623395450592
2026-02-18,VTEX.N,34.6206581352834
2026-02-18,MTCH.OQ,14.0923729917903
2026-02-18,CARG.OQ,22.883110162365
2026-02-18,EFSC.OQ,11.901351496195
2026-02-19,EPAM.N,21.2376955360549
2026-02-19,ZBH.N,24.5614208751043
2026-02-19,OUT.N,38.283378746594
2026-02-19,MRBK.OQ,10.6092225553237
2026-02-19,TECH.OQ,114.767018027781
2026-02-19,VVV.N,55.9971045964531
2026-02-19,UFCS.OQ,8.98342030517207
2026-02-19,PRM.N,53.3407197831549
2026-02-19,AVA.N,17.8654764834158
2026-02-19,ROST.OQ,31.319309093353
2026-02-19,OHI.N,24.0892124023463
2026-02-19,HSHP.N,36.484043827107
2026-02-19,PAHC.OQ,22.9887605577601
2026-02-19,NESR.OQ,33.7192938455322
2026-02-19,CLDT.N,669.666966696669
2026-02-19,FOR.N,9.10744014891356
2026-02-19,PNTG.OQ,42.7757282452034
2026-02-19,AFL.N,14.6999967408663
2026-02-19,BSX.N,39.0488419945232
2026-02-19,MCB.N,16.2936750884224
2026-02-19,VRSN.OQ,24.6139231948331
2026-02-19,SRBK.OQ,31.775421272139
2026-02-19,FRST.OQ,5.52716989620489
2026-02-19,AFRM.OQ,66.0927236783368
2026-02-19,MFA.N,11.805612658436
2026-02-19,CXM.N,13.5334348340946
2026-02-19,AORT.N,191.271958524186
2026-02-19,WMK.N,19.4680935185429
2026-02-19,VTEX.N,34.6206581352834
2026-02-19,MTCH.OQ,14.2831878176369
2026-02-19,CARG.OQ,23.6108415809561
2026-02-19,EFSC.OQ,11.8078088612159
2026-02-20,EPAM.N,21.1903853491034
2026-02-20,ZBH.N,24.4376857573455
2026-02-20,OUT.N,39.6003633060854
2026-02-20,MRBK.OQ,10.6251125541584
2026-02-20,TECH.OQ,113.328736085115
2026-02-20,VVV.N,56.0694896851249
2026-02-20,UFCS.OQ,9.08957942117332
2026-02-20,PRM.N,52.7075955127317
2026-02-20,AVA.N,17.9588130976725
2026-02-20,ROST.OQ,31.4865496399639
2026-02-20,OHI.N,24.1099209451379
2026-02-20,HSHP.N,37.3408074513028
2026-02-20,PAHC.OQ,23.4099625351925
2026-02-20,NESR.OQ,33.9979656954953
2026-02-20,CLDT.N,672.367236723672
2026-02-20,FOR.N,9.18730303048919
2026-02-20,PNTG.OQ,42.7360598727967
2026-02-20,AFL.N,14.8655607339569
2026-02-20,BSX.N,38.460943422498
2026-02-20,MCB.N,16.3405558671295
2026-02-20,VRSN.OQ,24.5332478856819
2026-02-20,SRBK.OQ,31.5696945893882
2026-02-20,FRST.OQ,5.57537195925319
2026-02-20,AFRM.OQ,65.1616606083796
2026-02-20,MFA.N,11.8173595367031
2026-02-20,CXM.N,13.5092679861766
2026-02-20,AORT.N,192.933004479791
2026-02-20,WMK.N,19.6156988850523
2026-02-20,VTEX.N,34.7349177330896
2026-02-20,MTCH.OQ,14.8137461138932
2026-02-20,CARG.OQ,15.2362194783224
2026-02-20,EFSC.OQ,11.9734572773247
2026-02-23,EPAM.N,19.8336512781381
2026-02-23,ZBH.N,28.0515905584653
2026-02-23,OUT.N,39.3278837420527
2026-02-23,MRBK.OQ,10.4291359018634
2026-02-23,TECH.OQ,107.890848192296
2026-02-23,VVV.N,56.3155989866087
2026-02-23,UFCS.OQ,8.97280439357195
2026-02-23,PRM.N,51.8172645074491
2026-02-23,AVA.N,18.1115457391836
2026-02-23,ROST.OQ,31.5553214535235
2026-02-23,OHI.N,24.3480691872415
2026-02-23,HSHP.N,37.3065673096142
2026-02-23,PAHC.OQ,22.8424482919151
2026-02-23,NESR.OQ,36.2970084576907
2026-02-23,CLDT.N,658.865886588658
2026-02-23,FOR.N,9.06750870812574
2026-02-23,PNTG.OQ,43.0534068520502
2026-02-23,AFL.N,14.6465469478213
2026-02-23,BSX.N,38.3526463171249
2026-02-23,MCB.N,13.4935104789068
2026-02-23,VRSN.OQ,24.0310156794168
2026-02-23,SRBK.OQ,30.6719781555668
2026-02-23,FRST.OQ,5.3624795141232
2026-02-23,AFRM.OQ,60.1109623110771
2026-02-23,MFA.N,7.64012687240988
2026-02-23,CXM.N,12.6150946132096
2026-02-23,AORT.N,188.201540242613
2026-02-23,WMK.N,19.3679327341258
2026-02-23,VTEX.N,32.7925045703839
2026-02-23,MTCH.OQ,14.3716142003463
2026-02-23,CALX.N,215.339937144448
2026-02-23,CARG.OQ,14.0696411887988
2026-02-23,EFSC.OQ,11.2640922953998
2026-02-24,EPAM.N,19.6596718809615
2026-02-24,ZBH.N,28.1672265139144
2026-02-24,OUT.N,39.8728428701181
2026-02-24,MRBK.OQ,10.3602792402462
2026-02-24,TECH.OQ,113.486356024037
2026-02-24,VVV.N,56.4603691639522
2026-02-24,UFCS.OQ,8.89849301237107
2026-02-24,PRM.N,52.1931820430129
2026-02-24,AVA.N,18.0945754456823
2026-02-24,ROST.OQ,31.3458800213193
2026-02-24,OHI.N,24.3946634085226
2026-02-24,HSHP.N,37.8197520955149
2026-02-24,PAHC.OQ,22.8158460617615
2026-02-24,NESR.OQ,36.7289498251334
2026-02-24,CLDT.N,657.965796579657
2026-02-24,FOR.N,8.93542778859681
2026-02-24,PNTG.OQ,42.286484985521
2026-02-24,AFL.N,14.6608871361992
2026-02-24,BSX.N,38.7548927085106
2026-02-24,MCB.N,13.6559741502247
2026-02-24,VRSN.OQ,24.2537249835525
2026-02-24,SRBK.OQ,31.4387776094559
2026-02-24,FRST.OQ,5.33034480542434
2026-02-24,AFRM.OQ,61.0547796696639
2026-02-24,MFA.N,7.65556147215212
2026-02-24,CXM.N,12.7842625486358
2026-02-24,AORT.N,177.93325615342
2026-02-24,WMK.N,19.1781544057566
2026-02-24,VTEX.N,34.0493601462523
2026-02-24,MTCH.OQ,14.5624290261928
2026-02-24,CALX.N,212.674543501611
2026-02-24,CARG.OQ,14.6352549049314
2026-02-24,EFSC.OQ,11.2192697828057
2026-02-25,EPAM.N,20.0045784051889
2026-02-25,ZBH.N,28.1615857355998
2026-02-25,OUT.N,40.6600060551014
2026-02-25,MRBK.OQ,10.5403658937065
2026-02-25,TECH.OQ,114.0183233179
2026-02-25,VVV.N,55.0705754614549
2026-02-25,UFCS.OQ,9.01880667717248
2026-02-25,PRM.N,52.1733969095622
2026-02-25,AVA.N,17.2290904771198
2026-02-25,ROST.OQ,31.4990536060657
2026-02-25,OHI.N,24.586217429345
2026-02-25,HSHP.N,37.2878951379449
2026-02-25,PAHC.OQ,23.5429736859607
2026-02-25,NESR.OQ,36.1019381627165
2026-02-25,CLDT.N,666.066606660666
2026-02-25,FOR.N,8.67433759883032
2026-02-25,PNTG.OQ,43.7542147645682
2026-02-25,AFL.N,14.6582798292214
2026-02-25,BSX.N,37.8936728705437
2026-02-25,MCB.N,14.1177921788785
2026-02-25,VRSN.OQ,24.3730335393394
2026-02-25,SRBK.OQ,31.6258018665021
2026-02-25,FRST.OQ,5.45084996304508
2026-02-25,AFRM.OQ,61.195076844589
2026-02-25,MFA.N,7.74816907060557
2026-02-25,CXM.N,13.1225984194881
2026-02-25,AORT.N,180.097649368299
2026-02-25,WMK.N,18.8486781412267
2026-02-25,VTEX.N,33.8208409506399
2026-02-25,MTCH.OQ,14.6043152074762
2026-02-25,CALX.N,203.166646775669
2026-02-25,CARG.OQ,15.2816705805116
2026-02-25,EFSC.OQ,11.4882048583706
2026-02-26,EPAM.N,21.1552842426555
2026-02-26,ZBH.N,28.4831100995315
2026-02-26,OUT.N,43.1728731456252
2026-02-26,MRBK.OQ,10.572145891376
2026-02-26,TECH.OQ,114.116835779726
2026-02-26,VVV.N,54.5783568584871
2026-02-26,UFCS.OQ,9.15091579930737
2026-02-26,PRM.N,46.495063609204
2026-02-26,AVA.N,16.70075126085
2026-02-26,ROST.OQ,31.8069637713212
2026-02-26,OHI.N,24.8968455712193
2026-02-26,HSHP.N,38.2688273182789
2026-02-26,PAHC.OQ,24.2523664900574
2026-02-26,NESR.OQ,35.0290515403587
2026-02-26,CLDT.N,703.870387038703
2026-02-26,FOR.N,8.84327830985569
2026-02-26,PNTG.OQ,40.3162891559893
2026-02-26,AFL.N,16.5504201863719
2026-02-26,BSX.N,39.0643130095766
2026-02-26,MCB.N,12.9820507729059
2026-02-26,VRSN.OQ,25.5990709840456
2026-02-26,SRBK.OQ,31.6819091436159
2026-02-26,FRST.OQ,5.46290047880716
2026-02-26,AFRM.OQ,64.3071232701996
2026-02-26,MFA.N,7.89479776815688
2026-02-26,CXM.N,13.9684380966191
2026-02-26,AORT.N,191.674636331605
2026-02-26,WMK.N,17.4991433617122
2026-02-26,VTEX.N,35.0776965265082
2026-02-26,MTCH.OQ,14.9952528994545
2026-02-26,CALX.N,204.757926562438
2026-02-26,CARG.OQ,15.6604297654218
2026-02-26,EFSC.OQ,11.4979488828476
2026-02-27,EPAM.N,20.949938561705
2026-02-27,ZBH.N,27.7639108644211
2026-02-27,OUT.N,36.0991379310345
2026-02-27,MRBK.OQ,10.2967192449073
2026-02-27,TECH.OQ,116.244704955177
2026-02-27,VVV.N,54.7231270358306
2026-02-27,UFCS.OQ,8.6759856486784
2026-02-27,AVA.N,17.0576946496286
2026-02-27,ROST.OQ,32.141444864543
2026-02-27,OHI.N,24.9900340137815
2026-02-27,HSHP.N,39.8836515249166
2026-02-27,PAHC.OQ,24.2035957347758
2026-02-27,NESR.OQ,34.9036492078753
2026-02-27,CLDT.N,693.969396939694
2026-02-27,FOR.N,8.8217767648161
2026-02-27,PNTG.OQ,40.2618032414872
2026-02-27,AFL.N,16.3993941532595
2026-02-27,BSX.N,39.6315835615308
2026-02-27,MCB.N,12.6586277235229
2026-02-27,VRSN.OQ,25.9001830534127
2026-02-27,SRBK.OQ,30.952514541136
2026-02-27,FRST.OQ,5.30624377390019
2026-02-27,AFRM.OQ,59.9196479816338
2026-02-27,MFA.N,7.80219016970342
2026-02-27,CXM.N,14.0651054882912
2026-02-27,AORT.N,193.788694820557
2026-02-27,WMK.N,17.860249347637
2026-02-27,VTEX.N,31.3442383258704
2026-02-27,MTCH.OQ,13.2246899940154
2026-02-27,CALX.N,205.951386402514
2026-02-27,CARG.OQ,15.5038759689922
2026-02-27,EFSC.OQ,11.127675952722
2026-03-02,EPAM.N,20.676549292531
2026-03-02,ZBH.N,28.0600517259372
2026-03-02,OUT.N,36.4499799518845
2026-03-02,MRBK.OQ,10.3867625716374
2026-03-02,TECH.OQ,113.919810856073
2026-03-02,VVV.N,55.4469779225479
2026-03-02,UFCS.OQ,8.76975595162346
2026-03-02,AVA.N,16.7637412706345
2026-03-02,ROST.OQ,31.619404279795
2026-03-02,OHI.N,24.9071998426151
2026-03-02,HSHP.N,38.3315334115478
2026-03-02,PAHC.OQ,24.1814272096477
2026-03-02,NESR.OQ,34.4020398779417
2026-03-02,CLDT.N,54.9403135337264
2026-03-02,FOR.N,8.60061801583742
2026-03-02,PNTG.OQ,40.3931826053722
2026-03-02,AFL.N,16.4603854358626
2026-03-02,BSX.N,39.3066922454116
2026-03-02,MCB.N,12.926391922547
2026-03-02,VRSN.OQ,25.9126820449714
2026-03-02,SRBK.OQ,30.9899193925452
2026-03-02,FRST.OQ,5.36649635271056
2026-03-02,AFRM.OQ,59.5242650341177
2026-03-02,MFA.N,7.89479776815688
2026-03-02,CXM.N,13.944271248701
2026-03-02,AORT.N,194.040368450194
2026-03-02,WMK.N,17.551859564037
2026-03-02,VTEX.N,32.5322123732066
2026-03-02,MTCH.OQ,13.0949541111627
2026-03-02,CALX.N,211.321955682858
2026-03-02,CARG.OQ,15.8119334393859
2026-03-02,EFSC.OQ,10.8483733091212
2026-03-03,EPAM.N,20.9157649030582
2026-03-03,ZBH.N,27.6313525740282
2026-03-03,OUT.N,35.9988973536488
2026-03-03,MRBK.OQ,10.2967192449073
2026-03-03,TECH.OQ,112.284503989755
2026-03-03,VVV.N,54.2888165038002
2026-03-03,UFCS.OQ,8.59114585077572
2026-03-03,AVA.N,16.8267312804189
2026-03-03,ROST.OQ,30.8910482543682
2026-03-03,OHI.N,24.5706860222513
2026-03-03,HSHP.N,38.4085454222224
2026-03-03,PAHC.OQ,23.1749761688355
2026-03-03,NESR.OQ,32.5906728531817
2026-03-03,CLDT.N,55.156047749173
2026-03-03,FOR.N,8.43474895410342
2026-03-03,PNTG.OQ,39.4376963225722
2026-03-03,AFL.N,16.3267854834939
2026-03-03,BSX.N,38.084482056201
2026-03-03,MCB.N,12.6150032191876
2026-03-03,VRSN.OQ,26.7501144793999
2026-03-03,SRBK.OQ,31.4387776094559
2026-03-03,FRST.OQ,5.32231112824962
2026-03-03,AFRM.OQ,61.0037625151457
2026-03-03,MFA.N,7.80990746957455
2026-03-03,CXM.N,14.3551076633075
2026-03-03,AORT.N,194.392711531686
2026-03-03,WMK.N,17.5334088932233
2026-03-03,VTEX.N,32.6235949922325
2026-03-03,MTCH.OQ,12.8898877156859
2026-03-03,CALX.N,209.17372797072
2026-03-03,CARG.OQ,16.3876474004495
2026-03-03,EFSC.OQ,10.7052101954742
2026-03-04,EPAM.N,20.9350804492499
2026-03-04,ZBH.N,27.0052261811085
2026-03-04,OUT.N,36.2369687249399
2026-03-04,MRBK.OQ,10.400004237333
2026-03-04,TECH.OQ,113.978918333169
2026-03-04,VVV.N,53.4781035106768
2026-03-04,UFCS.OQ,8.71840554762973
2026-03-04,AVA.N,16.9401132980309
2026-03-04,ROST.OQ,32.2660589831779
2026-03-04,OHI.N,24.5292689366681
2026-03-04,HSHP.N,39.3215362849488
2026-03-04,PAHC.OQ,23.0064953778625
2026-03-04,NESR.OQ,31.4759854533294
2026-03-04,CLDT.N,60.0460232992953
2026-03-04,FOR.N,8.50539688780494
2026-03-04,PNTG.OQ,40.0587624063922
2026-03-04,AFL.N,16.3340463504704
2026-03-04,BSX.N,37.2387332332874
2026-03-04,MCB.N,12.5969517001522
2026-03-04,VRSN.OQ,27.1375832177177
2026-03-04,SRBK.OQ,31.6258018665021
2026-03-04,FRST.OQ,5.39461422282207
2026-03-04,AFRM.OQ,64.6897519290862
2026-03-04,MFA.N,7.86392856867239
2026-03-04,CXM.N,14.3551076633075
2026-03-04,AORT.N,193.788694820557
2026-03-04,WMK.N,17.3067292232268
2026-03-04,VTEX.N,33.1718907063876
2026-03-04,MTCH.OQ,12.8898877156859
2026-03-04,CALX.N,215.936667064487
2026-03-04,CARG.OQ,16.9330606267202
2026-03-04,EFSC.OQ,10.6882566688581
2026-03-05,HSHP.N,38.4849078533541
2026-02-12,SPB.N,17.5669038882094
2026-02-12,DVN.N,10.3394422910473
2026-02-12,IBM.N,32.1547073589577
2026-02-12,BNL.N,41.2169210789636
2026-02-12,EXR.N,32.2711906848629
2026-02-12,MTD.N,32.2418882417971
2026-02-12,CLX.N,20.3651811609003
2026-02-12,NTCT.OQ,21.7801511088702
2026-02-12,EVRG.OQ,22.1528544209619
2026-02-12,ASIC.N,17.3713143428286
2026-02-12,CSL.N,23.7312024720786
2026-02-12,EGAN.OQ,7.47325482952359
2026-02-12,XPRO.N,27.176648213387
2026-02-12,AME.N,36.0763836852525
2026-02-12,WWD.OQ,47.9120724115479
2026-02-12,PKE.N,55.3889452800591
2026-02-12,OIS.N,23.7440050318421
2026-02-12,KTB.N,17.3064796345152
2026-02-12,PENG.OQ,82.0146407749967
2026-02-12,ORCL.N,27.6898902172297
2026-02-12,WTRG.N,16.003252086479
2026-02-12,ALKS.OQ,16.4927717170516
2026-02-12,CRVL.OQ,23.15930781743
2026-02-12,MGRC.OQ,19.5080002437654
2026-02-12,TBRG.OQ,50.8195837377332
2026-02-12,NOC.N,23.8656879489023
2026-02-12,DLR.N,45.791038863084
2026-02-12,ESRT.N,49.0636124438941
2026-02-12,EXEL.OQ,15.3393517237911
2026-02-12,JBI.N,21.1626038039111
2026-02-12,EHC.N,21.1932603692083
2026-02-12,CME.OQ,29.2391368619206
2026-02-13,SPB.N,17.6387190036695
2026-02-13,DVN.N,10.5040830918602
2026-02-13,IBM.N,32.5090633355553
2026-02-13,BNL.N,41.8130335739073
2026-02-13,EXR.N,32.7228174354755
2026-02-13,MTD.N,32.313831302782
2026-02-13,CLX.N,20.5775907846902
2026-02-13,NTCT.OQ,22.7580042628286
2026-02-13,EVRG.OQ,22.7019399190648
2026-02-13,ASIC.N,17.2913543228386
2026-02-13,CSL.N,23.3033514804442
2026-02-13,EGAN.OQ,7.68875548372201
2026-02-13,XPRO.N,27.3947324274451
2026-02-13,AME.N,36.2451786939683
2026-02-13,WWD.OQ,47.781092848138
2026-02-13,PKE.N,54.6276644827904
2026-02-13,OIS.N,24.635060408313
2026-02-13,KTB.N,17.3631040473586
2026-02-13,PENG.OQ,84.9077280497962
2026-02-13,ORCL.N,28.3375448580468
2026-02-13,WTRG.N,16.4802800776519
2026-02-13,ALKS.OQ,16.4283661801571
2026-02-13,CRVL.OQ,24.1048856487742
2026-02-13,MGRC.OQ,19.9142758475925
2026-02-13,TBRG.OQ,52.5719831769654
2026-02-13,NOC.N,24.1235524735423
2026-02-13,DLR.N,45.9586506741296
2026-02-13,ESRT.N,48.5219006345767
2026-02-13,EXEL.OQ,15.7776189158994
2026-02-13,JBI.N,21.132839241599
2026-02-13,EHC.N,20.8301418620793
2026-02-13,CME.OQ,29.3777523164775
2026-02-17,SPB.N,17.9213462322547
2026-02-17,DVN.N,10.3582583825688
2026-02-17,IBM.N,32.0047875227048
2026-02-17,BNL.N,42.2601179451151
2026-02-17,EXR.N,33.053712282459
2026-02-17,MTD.N,32.1307682664144
2026-02-17,CLX.N,20.0906825701564
2026-02-17,NTCT.OQ,22.3989488078595
2026-02-17,EVRG.OQ,22.3779794751841
2026-02-17,ASIC.N,17.7511244377811
2026-02-17,CSL.N,23.7600448579585
2026-02-17,EGAN.OQ,7.55021934888017
2026-02-17,XPRO.N,27.3611810098977
2026-02-17,AME.N,36.8083545641697
2026-02-17,WWD.OQ,48.7546236415593
2026-02-17,PKE.N,55.0198394389591
2026-02-17,OIS.N,24.3729852975863
2026-02-17,KTB.N,17.2447075477768
2026-02-17,PENG.OQ,84.8200587384386
2026-02-17,ORCL.N,27.2457336192923
2026-02-17,WTRG.N,16.4263551743019
2026-02-17,ALKS.OQ,16.2995551063682
2026-02-17,CRVL.OQ,24.2518666588277
2026-02-17,MGRC.OQ,19.80255005654
2026-02-17,TBRG.OQ,53.0842230130486
2026-02-17,NOC.N,24.0737650486784
2026-02-17,DLR.N,49.119942330692
2026-02-17,ESRT.N,49.4505494505494
2026-02-17,EXEL.OQ,15.8350965804382
2026-02-17,JBI.N,20.9840164300384
2026-02-17,EHC.N,20.7166673286014
2026-02-17,CME.OQ,29.3932617379664
2026-02-18,SPB.N,18.1437414285185
2026-02-18,DVN.N,10.4523388401761
2026-02-18,IBM.N,32.3120612366776
2026-02-18,BNL.N,41.5362670583977
2026-02-18,EXR.N,32.458995868286
2026-02-18,MTD.N,32.6609625079303
2026-02-18,CLX.N,20.1298966545484
2026-02-18,NTCT.OQ,22.6052147075226
2026-02-18,EVRG.OQ,22.073237023737
2026-02-18,ASIC.N,17.0914542728636
2026-02-18,CSL.N,23.6185536336169
2026-02-18,EGAN.OQ,7.31162933887478
2026-02-18,XPRO.N,28.0993121959403
2026-02-18,AME.N,36.6051607480694
2026-02-18,WWD.OQ,49.4170779718822
2026-02-18,PKE.N,55.9887422718465
2026-02-18,OIS.N,24.713682941531
2026-02-18,KTB.N,17.4634836883083
2026-02-18,PENG.OQ,84.337877525972
2026-02-18,ORCL.N,27.6350342230622
2026-02-18,WTRG.N,16.1608787270404
2026-02-18,ALKS.OQ,15.8635791643134
2026-02-18,CRVL.OQ,23.7227350226351
2026-02-18,MGRC.OQ,19.550320619164
2026-02-18,TBRG.OQ,54.1895826593336
2026-02-18,NOC.N,24.887875285591
2026-02-18,DLR.N,48.0632177944766
2026-02-18,ESRT.N,48.1349636279214
2026-02-18,EXEL.OQ,15.9751983877515
2026-02-18,JBI.N,21.0137809923505
2026-02-18,EHC.N,20.6296701862684
2026-02-18,CME.OQ,29.3273466966386
2026-02-19,SPB.N,18.1182586456133
2026-02-19,DVN.N,10.6928825051896
2026-02-19,IBM.N,31.7532691197352
2026-02-19,BNL.N,39.7905090374912
2026-02-19,EXR.N,32.662451483661
2026-02-19,MTD.N,32.6837563490345
2026-02-19,CLX.N,19.9697724766145
2026-02-19,NTCT.OQ,22.7580042628286
2026-02-19,EVRG.OQ,21.8343848320622
2026-02-19,ASIC.N,17.4912543728136
2026-02-19,CSL.N,23.7361718530285
2026-02-19,EGAN.OQ,7.3270222427461
2026-02-19,XPRO.N,29.8272101996309
2026-02-19,AME.N,36.3614492087967
2026-02-19,WWD.OQ,49.2332028155569
2026-02-19,PKE.N,58.387930238996
2026-02-19,OIS.N,26.2075110726734
2026-02-19,KTB.N,17.4120069493598
2026-02-19,PENG.OQ,82.4529873317845
2026-02-19,ORCL.N,27.7005075064235
2026-02-19,WTRG.N,16.2148036303904
2026-02-19,ALKS.OQ,15.8536706201758
2026-02-19,CRVL.OQ,23.6198483155976
2026-02-19,MGRC.OQ,19.2760845865807
2026-02-19,TBRG.OQ,53.5695028577591
2026-02-19,NOC.N,25.3012825927368
2026-02-19,DLR.N,48.3035065779055
2026-02-19,ESRT.N,46.8967652066244
2026-02-19,EXEL.OQ,15.8638354127076
2026-02-19,JBI.N,21.0733101169747
2026-02-19,EHC.N,20.2646604369148
2026-02-19,CME.OQ,29.4591767792941
2026-02-20,SPB.N,18.560732421513
2026-02-20,DVN.N,10.6282367757583
2026-02-20,IBM.N,31.862301727919
2026-02-20,BNL.N,37.3061726924375
2026-02-20,EXR.N,34.1514782950867
2026-02-20,MTD.N,32.7079748052076
2026-02-20,CLX.N,20.1952534618684
2026-02-20,NTCT.OQ,22.6892489629409
2026-02-20,EVRG.OQ,21.9178231827541
2026-02-20,ASIC.N,13.5136823691116
2026-02-20,CSL.N,23.8159426255997
2026-02-20,EGAN.OQ,7.2346648195182
2026-02-20,XPRO.N,39.8664395840803
2026-02-20,AME.N,36.4801804715193
2026-02-20,WWD.OQ,49.6248820869075
2026-02-20,PKE.N,59.6336624527083
2026-02-20,OIS.N,32.8380113740598
2026-02-20,KTB.N,17.9422173605302
2026-02-20,PENG.OQ,83.8118616578267
2026-02-20,ORCL.N,26.2034697301085
2026-02-20,WTRG.N,16.0447327813636
2026-02-20,ALKS.OQ,15.8090821715565
2026-02-20,CRVL.OQ,24.2028729888098
2026-02-20,MGRC.OQ,19.0898749348266
2026-02-20,TBRG.OQ,54.674862504044
2026-02-20,NOC.N,24.8442683686412
2026-02-20,DLR.N,47.9703789463337
2026-02-20,ESRT.N,45.8907289893205
2026-02-20,EXEL.OQ,15.6734406489228
2026-02-20,JBI.N,21.4602494270322
2026-02-20,EHC.N,20.1511859034369
2026-02-20,CME.OQ,29.8643604156913
2026-02-23,SPB.N,18.2804218095556
2026-02-23,DVN.N,10.4558481639416
2026-02-23,IBM.N,27.6732193612176
2026-02-23,BNL.N,37.6635495463299
2026-02-23,EXR.N,32.7796326484357
2026-02-23,MTD.N,33.0805116457533
2026-02-23,CLX.N,20.7115722396961
2026-02-23,NTCT.OQ,21.6120825980336
2026-02-23,EVRG.OQ,22.4230309187134
2026-02-23,ASIC.N,14.3446207672123
2026-02-23,CSL.N,23.3297485008044
2026-02-23,EGAN.OQ,7.16539675209728
2026-02-23,XPRO.N,40.7404087486554
2026-02-23,AME.N,36.1583562594028
2026-02-23,WWD.OQ,49.4661953081609
2026-02-23,PKE.N,59.4029713020208
2026-02-23,KTB.N,17.0748343092465
2026-02-23,PENG.OQ,84.3817121816508
2026-02-23,ORCL.N,25.0054855994168
2026-02-23,WTRG.N,16.2936169506712
2026-02-23,ALKS.OQ,15.9478017894831
2026-02-23,CRVL.OQ,24.4086464028847
2026-02-23,MGRC.OQ,19.140659385305
2026-02-23,TBRG.OQ,52.7067831338294
2026-02-23,NOC.N,24.907103532435
2026-02-23,DLR.N,48.0823316749766
2026-02-23,ESRT.N,46.6646030026312
2026-02-23,EXEL.OQ,15.8099501022025
2026-02-23,JBI.N,20.5673125576688
2026-02-23,EHC.N,20.0755362144517
2026-02-23,CME.OQ,30.437239671937
2026-02-24,SPB.N,18.1159420289855
2026-02-24,DVN.N,10.3624709992075
2026-02-24,IBM.N,28.4129064871924
2026-02-24,BNL.N,38.2790319058114
2026-02-24,EXR.N,32.6205399562386
2026-02-24,MTD.N,32.7580737684678
2026-02-24,CLX.N,20.6935991176831
2026-02-24,NTCT.OQ,21.8641853642885
2026-02-24,EVRG.OQ,22.5295341711589
2026-02-24,ASIC.N,13.8697988254405
2026-02-24,CSL.N,23.7483994897
2026-02-24,EGAN.OQ,7.29623643500346
2026-02-24,XPRO.N,39.7319827895303
2026-02-24,AME.N,37.0004108726592
2026-02-24,WWD.OQ,49.7168196650702
2026-02-24,PKE.N,63.9014487404263
2026-02-24,KTB.N,17.3553825365163
2026-02-24,PENG.OQ,88.6775084381712
2026-02-24,ORCL.N,25.8601773795115
2026-02-24,WTRG.N,16.4927242861172
2026-02-24,ALKS.OQ,16.5423144377397
2026-02-24,CRVL.OQ,24.5948223489525
2026-02-24,MGRC.OQ,19.3793463025534
2026-02-24,TBRG.OQ,52.895503073439
2026-02-24,NOC.N,24.9874501353188
2026-02-24,DLR.N,48.669400861763
2026-02-24,ESRT.N,45.9681163906516
2026-02-24,EXEL.OQ,16.2158861080077
2026-02-24,JBI.N,20.7458999315415
2026-02-24,EHC.N,19.8277834830252
2026-02-24,CME.OQ,30.9248171099938
2026-02-25,SPB.N,17.9607287149264
2026-02-25,DVN.N,10.2044481050421
2026-02-25,IBM.N,19.2495012179843
2026-02-25,BNL.N,38.5172831417396
2026-02-25,EXR.N,32.0081420588774
2026-02-25,MTD.N,32.7640096645886
2026-02-25,CLX.N,20.6266083901801
2026-02-25,NTCT.OQ,22.4142277633901
2026-02-25,EVRG.OQ,22.6114597499631
2026-02-25,ASIC.N,14.8569286517556
2026-02-25,CSL.N,22.9256542222321
2026-02-25,EGAN.OQ,7.45786192565227
2026-02-25,XPRO.N,38.7683757619218
2026-02-25,AME.N,36.4036300521324
2026-02-25,WWD.OQ,49.5682082373551
2026-02-25,PKE.N,61.9405739595829
2026-02-25,KTB.N,17.1571970915643
2026-02-25,PENG.OQ,90.6500679437163
2026-02-25,ORCL.N,26.1698483143284
2026-02-25,WTRG.N,16.5507972589557
2026-02-25,ALKS.OQ,15.3780605015705
2026-02-25,CRVL.OQ,24.8495894330453
2026-02-25,MGRC.OQ,19.5841769194829
2026-02-25,TBRG.OQ,54.270462633452
2026-02-25,NOC.N,24.1606355210271
2026-02-25,DLR.N,49.0380256999776
2026-02-25,ESRT.N,47.0515400092865
2026-02-25,EXEL.OQ,16.0757843006944
2026-02-25,JBI.N,20.86495818079
2026-02-25,EHC.N,20.0717537300025
2026-02-25,CME.OQ,29.7935986801482
2026-02-26,SPB.N,18.120575262241
2026-02-26,DVN.N,10.2140252501431
2026-02-26,IBM.N,19.611736085562
2026-02-26,BNL.N,38.5371374114003
2026-02-26,EXR.N,32.175952158866
2026-02-26,MTD.N,32.7001394223281
2026-02-26,CLX.N,20.7328132020751
2026-02-26,NTCT.OQ,22.4065882856248
2026-02-26,EVRG.OQ,22.6633459498725
2026-02-26,ASIC.N,14.1696863676121
2026-02-26,CSL.N,23.0339561470367
2026-02-26,EGAN.OQ,7.3808974062957
2026-02-26,XPRO.N,38.9924704195052
2026-02-26,AME.N,37.0191579141417
2026-02-26,WWD.OQ,48.8327076120536
2026-02-26,PKE.N,62.5634400664391
2026-02-26,KTB.N,17.1623447654591
2026-02-26,PENG.OQ,89.8172094858195
2026-02-26,ORCL.N,26.5980789784752
2026-02-26,WTRG.N,16.5010204250942
2026-02-26,ALKS.OQ,21.4526060064504
2026-02-26,CRVL.OQ,25.4375134732593
2026-02-26,MGRC.OQ,18.1138463041796
2026-02-26,TBRG.OQ,53.299902944031
2026-02-26,NOC.N,24.4095726453467
2026-02-26,DLR.N,48.1587871969767
2026-02-26,ESRT.N,46.8193778052933
2026-02-26,EXEL.OQ,15.9069436611117
2026-02-26,JBI.N,21.1626038039111
2026-02-26,EHC.N,20.2741166480379
2026-02-26,CME.OQ,30.6747276884855
2026-02-27,SPB.N,18.157641128285
2026-02-27,DVN.N,10.4223281560883
2026-02-27,IBM.N,19.4658696959334
2026-02-27,BNL.N,38.4974288720789
2026-02-27,EXR.N,32.9147524692057
2026-02-27,MTD.N,32.4501194777171
2026-02-27,CLX.N,20.7769290470161
2026-02-27,NTCT.OQ,22.3149145524412
2026-02-27,EVRG.OQ,22.8463130758686
2026-02-27,ASIC.N,13.8198175684118
2026-02-27,CSL.N,22.9862101371766
2026-02-27,EGAN.OQ,7.18848610790425
2026-02-27,XPRO.N,40.0233058443887
2026-02-27,AME.N,37.3722271953957
2026-02-27,WWD.OQ,48.7092845619174
2026-02-27,PKE.N,60.9486020116268
2026-02-27,KTB.N,16.783990734187
2026-02-27,PENG.OQ,91.0884145005041
2026-02-27,ORCL.N,25.7292308127889
2026-02-27,WTRG.N,18.1002237055419
2026-02-27,ALKS.OQ,21.0128031498262
2026-02-27,CRVL.OQ,25.2709349951986
2026-02-27,MGRC.OQ,17.4865678887038
2026-02-27,TBRG.OQ,52.0058233581365
2026-02-27,NOC.N,24.8724240158056
2026-02-27,DLR.N,48.3854232086198
2026-02-27,ESRT.N,45.5037919826652
2026-02-27,EXEL.OQ,15.8279118723708
2026-02-27,JBI.N,20.7161353692294
2026-02-27,EHC.N,19.4789718107427
2026-02-27,CME.OQ,28.6293914081359
2026-03-02,SPB.N,18.2317728603729
2026-03-02,DVN.N,10.7623168071714
2026-03-02,IBM.N,19.3977987141067
2026-03-02,BNL.N,38.3584489844541
2026-03-02,EXR.N,33.2678074847663
2026-03-02,MTD.N,31.4623863632046
2026-03-02,CLX.N,20.7197418406111
2026-03-02,NTCT.OQ,22.2690776858494
2026-03-02,EVRG.OQ,22.9418929178068
2026-03-02,ASIC.N,14.1946769961265
2026-03-02,CSL.N,22.9256542222321
2026-03-02,EGAN.OQ,7.16539675209728
2026-03-02,XPRO.N,39.1045177482969
2026-03-02,AME.N,37.722171969736
2026-03-02,WWD.OQ,50.699166390644
2026-03-02,PKE.N,65.7700470609947
2026-03-02,KTB.N,16.6836110932372
2026-03-02,PENG.OQ,87.8884846359532
2026-03-02,ORCL.N,26.4105068693861
2026-03-02,WTRG.N,18.1817358463224
2026-03-02,ALKS.OQ,21.1175181156891
2026-03-02,CRVL.OQ,25.6824818233484
2026-03-02,MGRC.OQ,17.3683621571443
2026-03-02,TBRG.OQ,51.4127035479349
2026-03-02,NOC.N,26.3708538234339
2026-03-02,DLR.N,48.7922758078345
2026-03-02,ESRT.N,44.4203683640303
2026-03-02,EXEL.OQ,14.7394286001674
2026-03-02,JBI.N,20.2994314968598
2026-03-02,EHC.N,19.5114728760554
2026-03-02,CME.OQ,29.2530551458531
2026-03-03,SPB.N,18.0232773638756
2026-03-03,DVN.N,10.5348596110242
2026-03-03,IBM.N,19.8767266933872
2026-03-03,BNL.N,37.8620922429368
2026-03-03,EXR.N,32.6379747718219
2026-03-03,MTD.N,31.2634151252332
2026-03-03,CLX.N,19.7949430170336
2026-03-03,NTCT.OQ,22.3225540302065
2026-03-03,EVRG.OQ,23.0511270228791
2026-03-03,ASIC.N,13.9635136823691
2026-03-03,CSL.N,22.6362668210066
2026-03-03,EGAN.OQ,6.98837835757716
2026-03-03,XPRO.N,37.8047687343134
2026-03-03,AME.N,36.7520125730158
2026-03-03,WWD.OQ,48.5581542964445
2026-03-03,PKE.N,66.1391529020947
2026-03-03,KTB.N,20.1222572550029
2026-03-03,PENG.OQ,83.0666725112874
2026-03-03,ORCL.N,26.3680377126112
2026-03-03,WTRG.N,18.1636220372601
2026-03-03,ALKS.OQ,20.3845133546486
2026-03-03,CRVL.OQ,25.5893938503145
2026-03-03,MGRC.OQ,17.0610272550895
2026-03-03,TBRG.OQ,51.4935835220533
2026-03-03,NOC.N,26.0649186816839
2026-03-03,DLR.N,48.6393647638344
2026-03-03,ESRT.N,35.6587217623997
2026-03-03,EXEL.OQ,14.6352503331908
2026-03-03,JBI.N,19.7339048129297
2026-03-03,EHC.N,19.5024448023574
2026-03-03,CME.OQ,29.1338780235594
2026-03-04,SPB.N,17.8518477334223
2026-03-04,DVN.N,10.4127510109874
2026-03-04,IBM.N,20.2640829947342
2026-03-04,BNL.N,37.5245696587051
2026-03-04,EXR.N,32.7687358886961
2026-03-04,MTD.N,30.5499204115048
2026-03-04,CLX.N,19.187124708958
2026-03-04,NTCT.OQ,23.1399781510936
2026-03-04,EVRG.OQ,23.0265493492378
2026-03-04,ASIC.N,13.8385605397976
2026-03-04,CSL.N,22.6618866311755
2026-03-04,EGAN.OQ,7.24236127145386
2026-03-04,XPRO.N,36.8411617067049
2026-03-04,AME.N,36.673899900172
2026-03-04,WWD.OQ,48.4863674203449
2026-03-04,PKE.N,67.3387468856695
2026-03-04,KTB.N,19.2575302988433
2026-03-04,PENG.OQ,84.1625389032569
2026-03-04,ORCL.N,26.9626059074597
2026-03-04,WTRG.N,18.2224919167127
2026-03-04,ALKS.OQ,20.4403613364422
2026-03-04,CRVL.OQ,26.0058400454661
2026-03-04,MGRC.OQ,17.5102090350157
2026-03-04,TBRG.OQ,51.8171034185269
2026-03-04,NOC.N,25.8839671444199
2026-03-04,DLR.N,49.8653836701927
2026-03-04,ESRT.N,35.9076482668492
2026-03-04,EXEL.OQ,14.9765239663899
2026-03-04,JBI.N,20.2696669345477
2026-03-04,EHC.N,19.6721725878793
2026-03-04,CME.OQ,28.6741948375696
2026-02-12,CINF.OQ,12.2873198223172
2026-02-12,NFG.N,11.940993832137
2026-02-12,TSBK.OQ,10.2226739063194
2026-02-12,WD.N,18.21079056849
2026-02-12,EQT.N,19.6178667371144
2026-02-12,RHP.N,27.2867642853836
2026-02-12,FAST.OQ,41.6232519879353
2026-02-12,MTRN.N,173.459591551754
2026-02-12,CCSI.OQ,6.45964148989731
2026-02-12,OTTR.OQ,13.1289212068526
2026-02-12,OPAL.OQ,113.464447806354
2026-02-12,HEI.N,66.9777135201382
2026-02-12,LCII.N,21.6107167040132
2026-02-12,PLAB.OQ,16.2931900580964
2026-02-12,ANF.N,8.81393506914413
2026-02-12,BBWI.N,6.98557048825654
2026-02-12,TPG.OQ,176.428002606241
2026-02-12,FCPT.N,22.528714424097
2026-02-12,IIPR.N,10.7517230628239
2026-02-12,AMPH.OQ,12.2154531024147
2026-02-12,JOE.N,37.8522104047783
2026-02-12,FCFS.OQ,24.5201395222884
2026-02-12,PEP.OQ,27.8670382271764
2026-02-12,EPR.N,25.0081790224432
2026-02-12,ORN.N,56.2878222664345
2026-02-12,SN.N,31.7774641573751
2026-02-12,ORLY.OQ,32.9816126037495
2026-02-12,MKTW.OQ,5.92338523200246
2026-02-12,ARES.N,56.0641259077876
2026-02-12,SLDE.OQ,6.19727944265379
2026-02-13,CINF.OQ,12.1131793802833
2026-02-13,NFG.N,12.1822964758656
2026-02-13,TSBK.OQ,10.1498961617537
2026-02-13,WD.N,18.3561920248785
2026-02-13,EQT.N,20.1393630197379
2026-02-13,RHP.N,27.3739076443788
2026-02-13,FAST.OQ,42.4184261036468
2026-02-13,MTRN.N,44.5617775594836
2026-02-13,CCSI.OQ,7.03198472484777
2026-02-13,OTTR.OQ,13.3055028577552
2026-02-13,OPAL.OQ,114.473020675744
2026-02-13,HEI.N,67.8076702685838
2026-02-13,LCII.N,21.9374114329194
2026-02-13,PLAB.OQ,16.9484121783951
2026-02-13,ANF.N,8.98461396843782
2026-02-13,BBWI.N,7.35532290692629
2026-02-13,TPG.OQ,179.287627597191
2026-02-13,FCPT.N,22.3422201034141
2026-02-13,IIPR.N,10.8485641536797
2026-02-13,AMPH.OQ,12.6366756231876
2026-02-13,JOE.N,38.9568576947843
2026-02-13,FCFS.OQ,24.505319657742
2026-02-13,PEP.OQ,27.657035427139
2026-02-13,EPR.N,25.5141878775982
2026-02-13,ORN.N,57.3654978031999
2026-02-13,SN.N,32.2799135984
2026-02-13,ORLY.OQ,33.483905832144
2026-02-13,MKTW.OQ,5.51487590565747
2026-02-13,ARES.N,56.0390113224922
2026-02-13,SLDE.OQ,6.27163192546907
2026-02-17,CINF.OQ,12.3587620549465
2026-02-17,NFG.N,12.1585846553836
2026-02-17,TSBK.OQ,10.160292982406
2026-02-17,WD.N,18.474887091318
2026-02-17,EQT.N,19.8134278430982
2026-02-17,RHP.N,27.7987315194806
2026-02-17,FAST.OQ,41.7603509734028
2026-02-17,MTRN.N,42.784106448174
2026-02-17,CCSI.OQ,6.60775214487358
2026-02-17,OTTR.OQ,13.0821346155878
2026-02-17,OPAL.OQ,106.90872415532
2026-02-17,HEI.N,68.7640577747779
2026-02-17,LCII.N,21.5157797742456
2026-02-17,PLAB.OQ,16.8697855239593
2026-02-17,ANF.N,9.02392764748862
2026-02-17,BBWI.N,7.53867121370468
2026-02-17,TPG.OQ,169.767610222254
2026-02-17,FCPT.N,22.9748065568961
2026-02-17,IIPR.N,10.8769078875888
2026-02-17,AMPH.OQ,12.6145060168312
2026-02-17,JOE.N,39.4730998956414
2026-02-17,FCFS.OQ,24.7761190008178
2026-02-17,PEP.OQ,26.9870264936866
2026-02-17,EPR.N,25.496739296386
2026-02-17,ORN.N,55.7489844980519
2026-02-17,SN.N,32.3759701091842
2026-02-17,ORLY.OQ,32.0774847926395
2026-02-17,MKTW.OQ,5.5495606597811
2026-02-17,ARES.N,54.5865511395743
2026-02-17,SLDE.OQ,6.38687827383276
2026-02-18,CINF.OQ,12.1489004965979
2026-02-18,NFG.N,12.0316566751564
2026-02-18,TSBK.OQ,10.1109080843078
2026-02-18,WD.N,19.2137638799043
2026-02-18,EQT.N,20.1153467435645
2026-02-18,RHP.N,27.8123476693236
2026-02-18,FAST.OQ,42.0254090119733
2026-02-18,MTRN.N,42.7282925985254
2026-02-18,CCSI.OQ,6.52032366941913
2026-02-18,OTTR.OQ,13.0911900848648
2026-02-18,OPAL.OQ,108.9258698941
2026-02-18,HEI.N,69.7856998656164
2026-02-18,LCII.N,21.4655190467216
2026-02-18,PLAB.OQ,16.4023937448128
2026-02-18,ANF.N,9.17447027214655
2026-02-18,BBWI.N,7.30643002511872
2026-02-18,TPG.OQ,89.787050736988
2026-02-18,FCPT.N,22.663097289963
2026-02-18,IIPR.N,10.9265094219296
2026-02-18,AMPH.OQ,12.7076183635283
2026-02-18,JOE.N,39.2455092479517
2026-02-18,FCFS.OQ,24.8044114694974
2026-02-18,PEP.OQ,27.3986986493153
2026-02-18,EPR.N,24.916573971079
2026-02-18,ORN.N,54.256818370223
2026-02-18,SN.N,31.4597387755504
2026-02-18,ORLY.OQ,32.1294461610941
2026-02-18,MKTW.OQ,5.55341452135039
2026-02-18,ARES.N,56.0766832004353
2026-02-18,SLDE.OQ,6.28278479789136
2026-02-19,CINF.OQ,12.0856443531241
2026-02-19,NFG.N,12.2576163762201
2026-02-19,TSBK.OQ,10.0173366984376
2026-02-19,WD.N,19.2345355165313
2026-02-19,EQT.N,18.0358242103103
2026-02-19,RHP.N,28.0656080564035
2026-02-19,FAST.OQ,42.2356274563568
2026-02-19,MTRN.N,42.0975960974956
2026-02-19,CCSI.OQ,6.61465439293578
2026-02-19,OTTR.OQ,13.2197392383537
2026-02-19,OPAL.OQ,107.91729702471
2026-02-19,HEI.N,70.5544804409578
2026-02-19,LCII.N,20.3695559604336
2026-02-19,PLAB.OQ,16.2713493207531
2026-02-19,ANF.N,9.19556541700307
2026-02-19,BBWI.N,7.3767135427171
2026-02-19,TPG.OQ,83.4940909857097
2026-02-19,FCPT.N,22.9656386372804
2026-02-19,IIPR.N,10.9501292001871
2026-02-19,AMPH.OQ,12.6544113082728
2026-02-19,JOE.N,39.3731820503142
2026-02-19,FCFS.OQ,24.6683381677528
2026-02-19,PEP.OQ,27.432032427099
2026-02-19,EPR.N,24.9994547318371
2026-02-19,ORN.N,55.9562297935837
2026-02-19,SN.N,31.3587562898542
2026-02-19,ORLY.OQ,32.6213471157976
2026-02-19,MKTW.OQ,5.55341452135039
2026-02-19,ARES.N,54.3521483434838
2026-02-19,SLDE.OQ,6.24189093234296
2026-02-20,CINF.OQ,12.1302957485174
2026-02-20,NFG.N,12.4180198677159
2026-02-20,TSBK.OQ,10.1446977514276
2026-02-20,WD.N,18.771624757417
2026-02-20,EQT.N,18.2561044792333
2026-02-20,RHP.N,28.5530662207831
2026-02-20,FAST.OQ,42.2447673887213
2026-02-20,MTRN.N,41.5896900656929
2026-02-20,CCSI.OQ,6.87233832059102
2026-02-20,OTTR.OQ,12.967861989586
2026-02-20,OPAL.OQ,105.90015128593
2026-02-20,HEI.N,71.7107101126254
2026-02-20,LCII.N,20.6041060222125
2026-02-20,PLAB.OQ,16.5989603809025
2026-02-20,ANF.N,9.24446779826138
2026-02-20,BBWI.N,7.45005286542845
2026-02-20,TPG.OQ,83.3629876575581
2026-02-20,FCPT.N,23.1581649492097
2026-02-20,IIPR.N,10.7966006415132
2026-02-20,AMPH.OQ,12.6499773870015
2026-02-20,JOE.N,39.7006905433311
2026-02-20,FCFS.OQ,24.7154922822187
2026-02-20,PEP.OQ,27.4903665382205
2026-02-20,EPR.N,25.1913891251718
2026-02-20,ORN.N,57.5727430987317
2026-02-20,SN.N,32.1764681252478
2026-02-20,ORLY.OQ,32.3892530033671
2026-02-20,MKTW.OQ,5.63434561430554
2026-02-20,ARES.N,51.5518720830456
2026-02-20,SLDE.OQ,6.27534954960984
2026-02-23,CINF.OQ,11.974760054564
2026-02-23,NFG.N,12.2171668001038
2026-02-23,TSBK.OQ,9.85618597832783
2026-02-23,WD.N,18.1781494252191
2026-02-23,EQT.N,17.8125264034569
2026-02-23,RHP.N,28.0792242062465
2026-02-23,FAST.OQ,41.1753953020748
2026-02-23,MTRN.N,40.797133400682
2026-02-23,CCSI.OQ,6.72278961257681
2026-02-23,OTTR.OQ,13.045714957387
2026-02-23,OPAL.OQ,103.378719112456
2026-02-23,HEI.N,70.6115782025217
2026-02-23,LCII.N,19.8111034323888
2026-02-23,PLAB.OQ,16.1752500764426
2026-02-23,ANF.N,8.88009711437596
2026-02-23,BBWI.N,6.88167311441546
2026-02-23,TPG.OQ,79.2987844848576
2026-02-23,FCPT.N,23.3048516630606
2026-02-23,IIPR.N,10.902889643672
2026-02-23,AMPH.OQ,12.2154531024147
2026-02-23,JOE.N,38.4850234251837
2026-02-23,FCFS.OQ,24.4649018453426
2026-02-23,PEP.OQ,28.0537073827651
2026-02-23,EPR.N,25.7497437239634
2026-02-23,ORN.N,55.2515957887756
2026-02-23,SN.N,30.5508964042846
2026-02-23,ORLY.OQ,33.0301098809738
2026-02-23,MKTW.OQ,5.31832896562356
2026-02-23,ARES.N,47.956300621586
2026-02-23,SLDE.OQ,6.19727944265379
2026-02-24,CINF.OQ,10.5948696652396
2026-02-24,NFG.N,12.2143771741647
2026-02-24,TSBK.OQ,9.83539233702334
2026-02-24,WD.N,18.6380928076724
2026-02-24,EQT.N,17.6254390517689
2026-02-24,RHP.N,28.0002505371571
2026-02-24,FAST.OQ,41.5501325290193
2026-02-24,MTRN.N,43.2752683250822
2026-02-24,CCSI.OQ,6.93675930250482
2026-02-24,OTTR.OQ,13.1525719720157
2026-02-24,OPAL.OQ,101.865859808371
2026-02-24,HEI.N,71.5027111240714
2026-02-24,LCII.N,19.7538620482643
2026-02-24,PLAB.OQ,16.5945922334338
2026-02-24,ANF.N,9.10830822691472
2026-02-24,BBWI.N,7.10780269277547
2026-02-24,TPG.OQ,80.6098177663739
2026-02-24,FCPT.N,23.2956837434449
2026-02-24,IIPR.N,12.0697066895936
2026-02-24,AMPH.OQ,12.2686601576702
2026-02-24,JOE.N,38.8402868752359
2026-02-24,FCFS.OQ,24.9647354586815
2026-02-24,PEP.OQ,28.2570434272457
2026-02-24,EPR.N,25.6494143819931
2026-02-24,ORN.N,57.1997015667745
2026-02-24,SN.N,31.5533322988786
2026-02-24,ORLY.OQ,32.6767725754825
2026-02-24,MKTW.OQ,5.34145213503931
2026-02-24,ARES.N,49.0404135535045
2026-02-24,SLDE.OQ,6.60621809813784
2026-02-25,CINF.OQ,10.7939395737135
2026-02-25,NFG.N,12.3413051543918
2026-02-25,TSBK.OQ,10.1706898030582
2026-02-25,WD.N,17.4808159098867
2026-02-25,EQT.N,17.9181402310227
2026-02-25,RHP.N,27.4394208678313
2026-02-25,FAST.OQ,40.7915181427657
2026-02-25,MTRN.N,45.0780556687337
2026-02-25,CCSI.OQ,6.81942108544753
2026-02-25,OTTR.OQ,13.0243435544612
2026-02-25,OPAL.OQ,101.865859808371
2026-02-25,HEI.N,70.2955013081505
2026-02-25,LCII.N,19.0111201859647
2026-02-25,PLAB.OQ,19.0320185209453
2026-02-25,ANF.N,9.19652428722382
2026-02-25,BBWI.N,6.92751019111005
2026-02-25,TPG.OQ,83.6813814544978
2026-02-25,FCPT.N,23.4423704572958
2026-02-25,IIPR.N,13.4460287103272
2026-02-25,AMPH.OQ,12.4016777958091
2026-02-25,JOE.N,38.2574327774941
2026-02-25,FCFS.OQ,25.0752108125732
2026-02-25,PEP.OQ,28.1953759383458
2026-02-25,EPR.N,25.4531178433554
2026-02-25,ORN.N,58.2773771035398
2026-02-25,SN.N,31.747908307903
2026-02-25,ORLY.OQ,31.6756502099239
2026-02-25,MKTW.OQ,5.49560659781101
2026-02-25,ARES.N,49.8859379251167
2026-02-25,SLDE.OQ,7.24564945034927
2026-02-26,CINF.OQ,10.8895194966564
2026-02-26,NFG.N,12.4180198677159
2026-02-26,TSBK.OQ,10.2174754959933
2026-02-26,WD.N,14.0831696330542
2026-02-26,EQT.N,18.026771596519
2026-02-26,RHP.N,27.8783215570679
2026-02-26,FAST.OQ,41.7512110410383
2026-02-26,MTRN.N,45.0027069717079
2026-02-26,CCSI.OQ,7.07250351439464
2026-02-26,OTTR.OQ,13.0640333027519
2026-02-26,OPAL.OQ,112.455874936964
2026-02-26,HEI.N,63.8230621937368
2026-02-26,LCII.N,18.9189755188373
2026-02-26,PLAB.OQ,16.8872581138339
2026-02-26,ANF.N,9.49185631521516
2026-02-26,BBWI.N,7.12308171834033
2026-02-26,TPG.OQ,84.2245238139831
2026-02-26,FCPT.N,23.4515383769115
2026-02-26,IIPR.N,13.909509245418
2026-02-26,AMPH.OQ,11.7454574476576
2026-02-26,JOE.N,34.9296197966237
2026-02-26,FCFS.OQ,25.4995978427666
2026-02-26,PEP.OQ,27.9303724049654
2026-02-26,EPR.N,26.5262055879081
2026-02-26,ORN.N,57.1168034485617
2026-02-26,SN.N,31.25038484179
2026-02-26,ORLY.OQ,31.6375452063906
2026-02-26,MKTW.OQ,5.63434561430554
2026-02-26,ARES.N,67.5341016328748
2026-02-26,SLDE.OQ,7.26795519519386
2026-02-27,CINF.OQ,10.8091005270079
2026-02-27,NFG.N,12.6969824616217
2026-02-27,TSBK.OQ,9.8977732609368
2026-02-27,WD.N,27.9907042390617
2026-02-27,EQT.N,18.5337179688349
2026-02-27,RHP.N,26.7539771988383
2026-02-27,FAST.OQ,42.0802486061603
2026-02-27,MTRN.N,45.5050316185458
2026-02-27,CCSI.OQ,6.92065405702637
2026-02-27,OTTR.OQ,12.9907599212922
2026-02-27,OPAL.OQ,105.395864851235
2026-02-27,HEI.N,65.1444675327853
2026-02-27,LCII.N,17.6303114291273
2026-02-27,PLAB.OQ,16.3499759751889
2026-02-27,ANF.N,9.37775075894578
2026-02-27,BBWI.N,6.95501243712681
2026-02-27,TPG.OQ,81.3215215477684
2026-02-27,FCPT.N,23.3965308592174
2026-02-27,IIPR.N,13.4867742518737
2026-02-27,RUN.OQ,7.75289051163226
2026-02-27,AMPH.OQ,9.94880520898392
2026-02-27,JOE.N,36.1518809798127
2026-02-27,FCFS.OQ,25.9738335082526
2026-02-27,PEP.OQ,28.2903772050294
2026-02-27,EPR.N,18.1197102554327
2026-02-27,ORN.N,56.9095581530299
2026-02-27,SN.N,30.262726871932
2026-02-27,ORLY.OQ,32.5208884701187
2026-02-27,MKTW.OQ,5.40311392014799
2026-02-27,ARES.N,64.062455317567
2026-02-27,SLDE.OQ,7.06348586745183
2026-03-02,CINF.OQ,11.2046036564264
2026-03-02,NFG.N,12.9243369756549
2026-03-02,TSBK.OQ,10.0615231862097
2026-03-02,WD.N,28.9823331873266
2026-03-02,EQT.N,18.6001038033048
2026-03-02,RHP.N,27.0194850231913
2026-03-02,FAST.OQ,42.3453066447308
2026-03-02,MTRN.N,46.4901460648445
2026-03-02,CCSI.OQ,6.85163157640443
2026-03-02,OTTR.OQ,13.0823516481168
2026-03-02,OPAL.OQ,108.9258698941
2026-03-02,HEI.N,65.109187662773
2026-03-02,LCII.N,17.5336888514752
2026-03-02,PLAB.OQ,16.131568601756
2026-03-02,ANF.N,9.38254511004953
2026-03-02,BBWI.N,6.73499446899275
2026-03-02,TPG.OQ,82.8385743449516
2026-03-02,FCPT.N,23.5340496534526
2026-03-02,IIPR.N,13.6701291888327
2026-03-02,RUN.OQ,7.32575012872724
2026-03-02,AMPH.OQ,10.3323973030525
2026-03-02,JOE.N,36.4123628713119
2026-03-02,FCFS.OQ,26.553155485977
2026-03-02,PEP.OQ,27.8803717382899
2026-03-02,EPR.N,18.2813572245521
2026-03-02,ORN.N,56.8681090939236
2026-03-02,SN.N,29.7011657319629
2026-03-02,ORLY.OQ,32.0329801829011
2026-03-02,MKTW.OQ,5.26052104208417
2026-03-02,ARES.N,64.834567760016
2026-03-02,SLDE.OQ,7.13783835026711
2026-03-03,CINF.OQ,11.1090237334836
2026-03-03,NFG.N,12.9606021128627
2026-03-03,TSBK.OQ,10.0511263655574
2026-03-03,WD.N,29.6271961843578
2026-03-03,EQT.N,18.5910511895134
2026-03-03,RHP.N,26.6754085569379
2026-03-03,FAST.OQ,42.2539073210858
2026-03-03,MTRN.N,45.0027069717079
2026-03-03,CCSI.OQ,7.0356915247296
2026-03-03,OTTR.OQ,13.2014208929888
2026-03-03,OPAL.OQ,103.883005547151
2026-03-03,HEI.N,64.6069026615172
2026-03-03,LCII.N,17.922826355992
2026-03-03,PLAB.OQ,15.40208797449
2026-03-03,ANF.N,9.51391033029244
2026-03-03,BBWI.N,6.8541708683987
2026-03-03,TPG.OQ,83.082051954376
2026-03-03,FCPT.N,23.5432175730683
2026-03-03,IIPR.N,13.6523030144061
2026-03-03,RUN.OQ,6.75232879277255
2026-03-03,AMPH.OQ,9.75209131458978
2026-03-03,JOE.N,36.4624555427541
2026-03-03,FCFS.OQ,26.3025650491009
2026-03-03,PEP.OQ,27.485366471553
2026-03-03,EPR.N,18.2569576820435
2026-03-03,ORN.N,55.5831882616265
2026-03-03,SN.N,23.4036615993109
2026-03-03,ORLY.OQ,31.6419641141632
2026-03-03,MKTW.OQ,5.33374441190072
2026-03-03,ARES.N,64.4284938088021
2026-03-03,SLDE.OQ,5.82347205335324
2026-03-04,CINF.OQ,11.0721101080712
2026-03-04,NFG.N,13.045685704004
2026-03-04,TSBK.OQ,10.1498961617537
2026-03-04,WD.N,30.6309923589819
2026-03-04,EQT.N,18.5005250515999
2026-03-04,RHP.N,26.9409163812909
2026-03-04,FAST.OQ,42.4367059683758
2026-03-04,MTRN.N,44.6817773362282
2026-03-04,CCSI.OQ,7.24275896659542
2026-03-04,OTTR.OQ,13.6273224227233
2026-03-04,OPAL.OQ,104.387291981846
2026-03-04,HEI.N,63.2898876582247
2026-03-04,LCII.N,17.9479746981206
2026-03-04,PLAB.OQ,16.5945922334338
2026-03-04,ANF.N,9.1715936614843
2026-03-04,BBWI.N,7.03140756495114
2026-03-04,TPG.OQ,85.3482666267114
2026-03-04,FCPT.N,23.4148666984488
2026-03-04,IIPR.N,14.4290149001352
2026-03-04,RUN.OQ,7.12095679445771
2026-03-04,AMPH.OQ,9.81602333026787
2026-03-04,JOE.N,36.0166307669188
2026-03-04,FCFS.OQ,26.2783143616613
2026-03-04,PEP.OQ,27.3203642715236
2026-03-04,EPR.N,18.2142584826534
2026-03-04,ORN.N,55.5417392025201
2026-03-04,SN.N,23.2257177405983
2026-03-04,ORLY.OQ,31.7767972413142
2026-03-04,MKTW.OQ,5.75766918452289
2026-03-04,ARES.N,66.4645829162973
2026-03-04,SLDE.OQ,5.84152933103805
2026-02-12,CPS.N,18.3156076866556
2026-02-12,PSIX.OQ,17.6447192392523
2026-02-12,FNLC.OQ,9.47737731808448
2026-02-12,AMG.N,21.1688527311971
2026-02-12,WH.N,17.8909911673595
2026-02-12,CWAN.N,20.27785937689
2026-02-12,WCC.N,23.217323919002
2026-02-12,MMSI.OQ,40.3629905260087
2026-02-12,HGV.N,79.20030757401
2026-02-12,HAE.N,15.8374273247827
2026-02-12,CRH.N,24.3079120918259
2026-02-12,RVSB.OQ,23.9657249966528
2026-02-12,REGN.OQ,18.6747226256186
2026-02-12,FWRG.OQ,199.314894696777
2026-02-12,WLY.N,15.3869176460528
2026-02-12,OKLO.N,15.2292004193272
2026-02-12,EBAY.OQ,17.5123662755182
2026-02-12,HTH.N,15.4241439799886
2026-02-12,INSW.N,14.1458801007327
2026-02-12,FFBC.OQ,11.1869506573584
2026-02-12,ECBK.OQ,22.7247032221594
2026-02-12,CL.N,26.950680562834
2026-02-12,MRVL.OQ,27.3566860048328
2026-02-12,CRDO.OQ,106.40361377358
2026-02-12,NBHC.N,12.8868995840385
2026-02-12,COP.N,15.6787573562698
2026-02-12,OVV.N,50.3653873544203
2026-02-12,KNX.N,68.4008587219659
2026-02-12,AM.N,24.4532803180915
2026-02-12,ES.N,19.3231936029018
2026-02-12,CWEN.N,15.9898759288237
2026-02-12,PB.N,13.3077742126814
2026-02-12,TDC.N,27.4983397692894
2026-02-12,BAM.N,32.2636707839364
2026-02-12,OCFC.OQ,14.8779942830286
2026-02-12,POST.N,20.3850655992556
2026-02-12,RMBS.OQ,45.4802246476232
2026-02-12,PAYS.OQ,25.2529094089906
2026-02-12,CHE.N,24.5269852346439
2026-02-13,CPS.N,24.2420341855588
2026-02-13,PSIX.OQ,18.7960409756358
2026-02-13,FNLC.OQ,9.49690488123987
2026-02-13,AMG.N,21.2229090810807
2026-02-13,WH.N,17.9094164929696
2026-02-13,CWAN.N,20.0013823849597
2026-02-13,WCC.N,24.1115964138024
2026-02-13,MMSI.OQ,41.7961172502393
2026-02-13,HGV.N,80.7731292160358
2026-02-13,HAE.N,15.8703990679987
2026-02-13,CRH.N,24.9252558909834
2026-02-13,RVSB.OQ,24.1888695496943
2026-02-13,REGN.OQ,19.1398927725618
2026-02-13,FWRG.OQ,195.001268713524
2026-02-13,WLY.N,15.7343124522332
2026-02-13,OKLO.N,15.6509101305632
2026-02-13,EBAY.OQ,18.1673433292682
2026-02-13,HTH.N,15.6918687589158
2026-02-13,INSW.N,14.5743359504085
2026-02-13,FFBC.OQ,11.2314168408259
2026-02-13,ECBK.OQ,22.7372652471578
2026-02-13,CL.N,27.090800561601
2026-02-13,MRVL.OQ,27.4895703290286
2026-02-13,CRDO.OQ,106.106543411591
2026-02-13,NBHC.N,13.2348521992187
2026-02-13,COP.N,15.7636373924853
2026-02-13,OVV.N,51.4171770403076
2026-02-13,KNX.N,68.0011875942082
2026-02-13,AM.N,25.0847854052158
2026-02-13,ES.N,20.1585535083742
2026-02-13,CWEN.N,16.3233546246655
2026-02-13,PB.N,12.9754818239636
2026-02-13,TDC.N,27.5147371096408
2026-02-13,BAM.N,32.679535720936
2026-02-13,OCFC.OQ,15.0860242393423
2026-02-13,POST.N,20.6601652074694
2026-02-13,RMBS.OQ,48.3998841631022
2026-02-13,PAYS.OQ,25.7853502700236
2026-02-13,CHE.N,25.0170491491285
2026-02-17,PSIX.OQ,17.8559534751838
2026-02-17,FNLC.OQ,9.55223297684682
2026-02-17,AMG.N,20.7865971141631
2026-02-17,WH.N,18.5013300781925
2026-02-17,CWAN.N,19.8113044530075
2026-02-17,WCC.N,23.0555057546824
2026-02-17,MMSI.OQ,41.7602890821335
2026-02-17,HGV.N,83.4993533955472
2026-02-17,HAE.N,16.0984536252432
2026-02-17,CRH.N,24.1436828119219
2026-02-17,RVSB.OQ,23.0341198291852
2026-02-17,REGN.OQ,18.9101673516329
2026-02-17,FWRG.OQ,199.695508754123
2026-02-17,WLY.N,15.8358586263475
2026-02-17,OKLO.N,16.1155055751453
2026-02-17,EBAY.OQ,17.6314530125637
2026-02-17,HTH.N,14.7307495886058
2026-02-17,INSW.N,14.6814499128275
2026-02-17,FFBC.OQ,11.2832940548713
2026-02-17,ECBK.OQ,23.0890019471139
2026-02-17,CL.N,26.8049557641164
2026-02-17,MRVL.OQ,27.6294485650242
2026-02-17,CRDO.OQ,109.042297577129
2026-02-17,NBHC.N,13.2032201432932
2026-02-17,COP.N,15.3887505658669
2026-02-17,OVV.N,50.4859049225949
2026-02-17,KNX.N,68.3780203718084
2026-02-17,AM.N,25.0847854052158
2026-02-17,ES.N,20.0678729923196
2026-02-17,CWEN.N,16.2378472667573
2026-02-17,PB.N,13.0004930790284
2026-02-17,TDC.N,26.7276647727739
2026-02-17,BAM.N,32.3629818136677
2026-02-17,OCFC.OQ,15.1861868109008
2026-02-17,POST.N,20.0324211350351
2026-02-17,RMBS.OQ,48.3998841631022
2026-02-17,PAYS.OQ,25.5571613295809
2026-02-17,CHE.N,25.0085906565376
2026-02-18,PSIX.OQ,17.2108327005821
2026-02-18,FNLC.OQ,9.3895032838852
2026-02-18,AMG.N,15.1063059178811
2026-02-18,WH.N,18.4806015868812
2026-02-18,CWAN.N,19.984102572964
2026-02-18,WCC.N,23.1183314715468
2026-02-18,MMSI.OQ,42.4717341345194
2026-02-18,HGV.N,84.8100380972353
2026-02-18,HAE.N,16.6589732599163
2026-02-18,CRH.N,24.6838586361847
2026-02-18,RVSB.OQ,22.9909847733253
2026-02-18,REGN.OQ,18.8775196517706
2026-02-18,FWRG.OQ,202.486678507993
2026-02-18,WLY.N,15.8144804844287
2026-02-18,OKLO.N,16.0559420566092
2026-02-18,EBAY.OQ,18.1232371303625
2026-02-18,HTH.N,14.5983468573266
2026-02-18,INSW.N,14.8979568581424
2026-02-18,FFBC.OQ,11.1906561726474
2026-02-18,ECBK.OQ,22.9131335971359
2026-02-18,CL.N,26.785338964289
2026-02-18,MRVL.OQ,27.6574242122233
2026-02-18,CRDO.OQ,111.759617652969
2026-02-18,NBHC.N,13.1431192370348
2026-02-18,COP.N,17.4510865875168
2026-02-18,OVV.N,53.772747690993
2026-02-18,KNX.N,67.7728040926323
2026-02-18,AM.N,24.5234475499941
2026-02-18,ES.N,15.7231049843909
2026-02-18,CWEN.N,16.0497310793594
2026-02-18,PB.N,13.0844594353173
2026-02-18,TDC.N,26.8998368464635
2026-02-18,BAM.N,32.4809136614735
2026-02-18,OCFC.OQ,15.0320905469647
2026-02-18,POST.N,19.9844171765549
2026-02-18,RMBS.OQ,49.5345160723696
2026-02-18,PAYS.OQ,24.8725945082528
2026-02-18,CHE.N,24.7225878758082
2026-02-19,PSIX.OQ,16.1337283984449
2026-02-19,FNLC.OQ,9.24955574793821
2026-02-19,AMG.N,14.7171729581824
2026-02-19,WH.N,19.5101166553428
2026-02-19,WCC.N,22.9896153687027
2026-02-19,MMSI.OQ,41.8882468253684
2026-02-19,HGV.N,84.180909440425
2026-02-19,HAE.N,16.6699638409883
2026-02-19,CRH.N,22.5935501526761
2026-02-19,RVSB.OQ,23.0772548850451
2026-02-19,REGN.OQ,18.6444579695418
2026-02-19,FWRG.OQ,198.299923877188
2026-02-19,WLY.N,15.9801610842994
2026-02-19,OKLO.N,16.1155055751453
2026-02-19,EBAY.OQ,18.6900017863011
2026-02-19,HTH.N,14.5378198944561
2026-02-19,INSW.N,15.2762742573242
2026-02-19,FFBC.OQ,11.1017238057124
2026-02-19,ECBK.OQ,22.5488348721814
2026-02-19,CL.N,26.3369549682348
2026-02-19,MRVL.OQ,27.8392659190175
2026-02-19,CRDO.OQ,114.162392639645
2026-02-19,NBHC.N,13.2316889936261
2026-02-19,COP.N,17.6200393802117
2026-02-19,OVV.N,55.5147743582439
2026-02-19,KNX.N,67.6015164664505
2026-02-19,AM.N,24.67547655245
2026-02-19,ES.N,16.1506015644182
2026-02-19,CWEN.N,15.720527751413
2026-02-19,PB.N,13.0165717429986
2026-02-19,TDC.N,26.3341286043404
2026-02-19,BAM.N,31.0781453665198
2026-02-19,OCFC.OQ,14.8163557774542
2026-02-19,POST.N,19.7628604451075
2026-02-19,RMBS.OQ,49.3119157440118
2026-02-19,PAYS.OQ,25.1007834486955
2026-02-19,CHE.N,24.9583683567792
2026-02-20,PSIX.OQ,16.7636250839704
2026-02-20,FNLC.OQ,9.36997572072981
2026-02-20,AMG.N,13.1396315933944
2026-02-20,WH.N,34.0618343350727
2026-02-20,WCC.N,22.7544020141005
2026-02-20,MMSI.OQ,42.077624285356
2026-02-20,HGV.N,84.8275138932578
2026-02-20,HAE.N,16.8128413949246
2026-02-20,CRH.N,22.3324883332373
2026-02-20,RVSB.OQ,23.3792002760644
2026-02-20,REGN.OQ,18.5798774829529
2026-02-20,FWRG.OQ,201.979193098198
2026-02-20,WLY.N,15.9641274778603
2026-02-20,OKLO.N,15.2077575526541
2026-02-20,EBAY.OQ,20.6232159290751
2026-02-20,HTH.N,14.6702226257353
2026-02-20,INSW.N,15.3765511583122
2026-02-20,FFBC.OQ,11.4204891700961
2026-02-20,ECBK.OQ,22.3227184222097
2026-02-20,CL.N,26.6480213654974
2026-02-20,MRVL.OQ,27.7938054923189
2026-02-20,CRDO.OQ,108.395732671624
2026-02-20,NBHC.N,13.4499501795119
2026-02-20,COP.N,17.4526655855793
2026-02-20,OVV.N,55.416169075192
2026-02-20,KNX.N,152.07157469253
2026-02-20,AM.N,25.2952871009239
2026-02-20,ES.N,16.1264863727244
2026-02-20,CWEN.N,15.8103104772166
2026-02-20,PB.N,13.1362684636658
2026-02-20,TDC.N,25.342089513081
2026-02-20,BAM.N,31.3822853950717
2026-02-20,OCFC.OQ,14.901108722619
2026-02-20,POST.N,19.709317568341
2026-02-20,RMBS.OQ,48.6063097278918
2026-02-20,PAYS.OQ,24.9486574884004
2026-02-20,CHE.N,25.1328247664663
2026-02-23,PSIX.OQ,16.8302304736785
2026-02-23,FNLC.OQ,9.00871580235502
2026-02-23,AMG.N,13.3040539707319
2026-02-23,WH.N,33.5889217188151
2026-02-23,WCC.N,21.9514587058822
2026-02-23,MMSI.OQ,41.7705257015923
2026-02-23,HGV.N,82.4857572262417
2026-02-23,HAE.N,16.8403178476046
2026-02-23,CRH.N,21.8733796162931
2026-02-23,RVSB.OQ,22.9478497174654
2026-02-23,REGN.OQ,18.7555078099494
2026-02-23,FWRG.OQ,196.650596295356
2026-02-23,WLY.N,15.5365646394844
2026-02-23,OKLO.N,15.0314495377871
2026-02-23,EBAY.OQ,19.7427425341242
2026-02-23,HTH.N,14.2238362745654
2026-02-23,INSW.N,15.2831113187552
2026-02-23,FFBC.OQ,10.8374273053514
2026-02-23,ECBK.OQ,22.0714779222411
2026-02-23,CL.N,27.2113037605405
2026-02-23,MRVL.OQ,27.2028199452377
2026-02-23,CRDO.OQ,108.386995308036
2026-02-23,NBHC.N,12.7034336596707
2026-02-23,COP.N,17.3500307115123
2026-02-23,OVV.N,55.6900726392252
2026-02-23,KNX.N,145.909841520223
2026-02-23,AM.N,25.377148871477
2026-02-23,ES.N,16.4136763828966
2026-02-23,CWEN.N,16.0283542398823
2026-02-23,PB.N,12.5806612975839
2026-02-23,TDC.N,23.0628592042371
2026-02-23,BAM.N,29.7436534045062
2026-02-23,OCFC.OQ,14.4773439967948
2026-02-23,POST.N,19.5542278563278
2026-02-23,RMBS.OQ,45.1161645340632
2026-02-23,PAYS.OQ,24.4162166273675
2026-02-23,CHE.N,25.2982940277756
2026-02-24,PSIX.OQ,18.1832713903209
2026-02-24,FNLC.OQ,9.07380767953967
2026-02-24,AMG.N,13.799604746874
2026-02-24,WH.N,34.1022542168042
2026-02-24,WCC.N,22.6609296060828
2026-02-24,MMSI.OQ,42.1902270994027
2026-02-24,HGV.N,83.5168291915697
2026-02-24,HAE.N,16.9474760130568
2026-02-24,CRH.N,22.0840294981852
2026-02-24,RVSB.OQ,23.0341198291852
2026-02-24,REGN.OQ,18.4016258077923
2026-02-24,FWRG.OQ,156.305506216696
2026-02-24,WLY.N,15.6862116329159
2026-02-24,OKLO.N,15.5008100638521
2026-02-24,EBAY.OQ,19.9745693056671
2026-02-24,HTH.N,14.32219258923
2026-02-24,INSW.N,15.9030048884989
2026-02-24,FFBC.OQ,10.8449506842513
2026-02-24,ECBK.OQ,22.0589158972426
2026-02-24,CL.N,37.4265659571222
2026-02-24,MRVL.OQ,27.412637299231
2026-02-24,CRDO.OQ,105.573564232728
2026-02-24,NBHC.N,12.7129232764484
2026-02-24,COP.N,17.4621395739547
2026-02-24,OVV.N,10.3648278701924
2026-02-24,KNX.N,148.448475587213
2026-02-24,AM.N,25.8683194947959
2026-02-24,ES.N,16.4706759269003
2026-02-24,CWEN.N,15.5153100924335
2026-02-24,PB.N,12.6771332814052
2026-02-24,TDC.N,24.6206065376196
2026-02-24,BAM.N,30.0788281298492
2026-02-24,OCFC.OQ,14.4157054912204
2026-02-24,POST.N,19.5431500197555
2026-02-24,RMBS.OQ,46.6789161133895
2026-02-24,PAYS.OQ,25.024720468548
2026-02-24,CHE.N,24.7580078135325
2026-02-25,PSIX.OQ,18.1756593457828
2026-02-25,FNLC.OQ,9.21700980934589
2026-02-25,AMG.N,14.2787132852824
2026-02-25,WH.N,33.9365327017053
2026-02-25,WCC.N,22.7827502034174
2026-02-25,MMSI.OQ,37.2696226468347
2026-02-25,HGV.N,84.9323686693929
2026-02-25,HAE.N,17.1288206007452
2026-02-25,CRH.N,21.6339229129458
2026-02-25,RVSB.OQ,23.3360652202045
2026-02-25,REGN.OQ,18.6897358014677
2026-02-25,FWRG.OQ,40.6115236211537
2026-02-25,WLY.N,15.8358586263475
2026-02-25,OKLO.N,15.8010101972744
2026-02-25,EBAY.OQ,19.9815943593502
2026-02-25,HTH.N,14.5718663110708
2026-02-25,INSW.N,15.8437503560969
2026-02-25,FFBC.OQ,11.0631286723493
2026-02-25,ECBK.OQ,22.448338672194
2026-02-25,CL.N,36.8772411688411
2026-02-25,MRVL.OQ,28.297367141903
2026-02-25,CRDO.OQ,107.871490856349
2026-02-25,NBHC.N,14.3655199484117
2026-02-25,COP.N,17.3705576863257
2026-02-25,OVV.N,10.2075655587261
2026-02-25,KNX.N,144.72678875114
2026-02-25,AM.N,26.0554321132031
2026-02-25,ES.N,16.4246378336666
2026-02-25,CWEN.N,24.8442953938813
2026-02-25,PB.N,12.7968300020724
2026-02-25,TDC.N,24.9321560042961
2026-02-25,BAM.N,30.7119359443858
2026-02-25,OCFC.OQ,14.6776691399117
2026-02-25,POST.N,19.2994376151633
2026-02-25,RMBS.OQ,47.8722900466931
2026-02-25,PAYS.OQ,25.7853502700236
2026-02-25,CHE.N,24.6670790181805
2026-02-26,PSIX.OQ,17.5210235155086
2026-02-26,FNLC.OQ,9.30162924968593
2026-02-26,AMG.N,14.2928718788865
2026-02-26,WH.N,33.9688686070905
2026-02-26,WCC.N,22.6662927770346
2026-02-26,MMSI.OQ,36.700441233195
2026-02-26,HGV.N,81.9614833455664
2026-02-26,HAE.N,17.1013441480651
2026-02-26,CRH.N,21.8103646943596
2026-02-26,RVSB.OQ,23.3360652202045
2026-02-26,REGN.OQ,18.3682631947943
2026-02-26,FWRG.OQ,42.6380467559418
2026-02-26,WLY.N,16.3435894969189
2026-02-26,OKLO.N,16.4562089011722
2026-02-26,EBAY.OQ,20.5834072915374
2026-02-26,HTH.N,14.6853543664529
2026-02-26,INSW.N,16.5251774787196
2026-02-26,FFBC.OQ,11.0593669828994
2026-02-26,ECBK.OQ,22.3855285472018
2026-02-26,CL.N,37.2129396505684
2026-02-26,MRVL.OQ,27.727363330221
2026-02-26,CRDO.OQ,100.025338354405
2026-02-26,NBHC.N,14.3830431491295
2026-02-26,COP.N,17.479508552643
2026-02-26,OVV.N,10.2303272090699
2026-02-26,KNX.N,152.07157469253
2026-02-26,AM.N,26.1489884224067
2026-02-26,ES.N,16.4531376056684
2026-02-26,CWEN.N,24.6252823215386
2026-02-26,PB.N,12.9540436053367
2026-02-26,TDC.N,25.3912815341352
2026-02-26,BAM.N,30.2464154925206
2026-02-26,OCFC.OQ,14.6699643267149
2026-02-26,POST.N,19.5025312856568
2026-02-26,RMBS.OQ,48.383736018109
2026-02-26,PAYS.OQ,27.9151137141553
2026-02-26,CHE.N,20.9680744770273
2026-02-27,PSIX.OQ,15.8901429732265
2026-02-27,FNLC.OQ,8.99895202077732
2026-02-27,AMG.N,13.9841231925528
2026-02-27,WH.N,33.0634632563065
2026-02-27,WCC.N,22.1805427222536
2026-02-27,MMSI.OQ,36.3053070286849
2026-02-27,HGV.N,48.5440038005982
2026-02-27,HAE.N,17.3980898370097
2026-02-27,CRH.N,21.6015152388085
2026-02-27,RVSB.OQ,23.0772548850451
2026-02-27,REGN.OQ,18.6275383586643
2026-02-27,FWRG.OQ,40.4007652151357
2026-02-27,WLY.N,16.5787490580256
2026-02-27,OKLO.N,14.9980939674068
2026-02-27,EBAY.OQ,21.2765459216051
2026-02-27,HTH.N,14.1595263765155
2026-02-27,INSW.N,12.1285403679831
2026-02-27,FFBC.OQ,10.5590622860539
2026-02-27,ECBK.OQ,21.5941209723007
2026-02-27,CL.N,37.8194857709621
2026-02-27,MRVL.OQ,28.5666327461944
2026-02-27,CRDO.OQ,98.0943810014767
2026-02-27,NBHC.N,14.0150559340567
2026-02-27,COP.N,17.9153120179122
2026-02-27,OVV.N,10.4682899172097
2026-02-27,KNX.N,155.078500480615
2026-02-27,AM.N,26.2893228862121
2026-02-27,ES.N,16.7074432635308
2026-02-27,CWEN.N,24.6526589555814
2026-02-27,PB.N,12.302727159883
2026-02-27,TDC.N,25.8176123832714
2026-02-27,BAM.N,29.0174414995966
2026-02-27,OCFC.OQ,13.9148926334281
2026-02-27,POST.N,19.6262337940482
2026-02-27,RMBS.OQ,47.1950976956518
2026-02-27,PAYS.OQ,27.0023579523846
2026-02-27,CHE.N,21.6754159199404
2026-03-02,PSIX.OQ,16.3183204784931
2026-03-02,FNLC.OQ,9.18446387075357
2026-03-02,AMG.N,14.2919584212346
2026-03-02,WH.N,32.538004793798
2026-03-02,WCC.N,22.6662927770346
2026-03-02,MMSI.OQ,35.9854364821766
2026-03-02,HGV.N,46.5465303346038
2026-03-02,HAE.N,17.551957972018
2026-03-02,CRH.N,21.1946188857522
2026-03-02,RVSB.OQ,23.2066600526248
2026-03-02,REGN.OQ,18.8453485606654
2026-03-02,FWRG.OQ,40.4007652151357
2026-03-02,WLY.N,16.3008332130813
2026-03-02,OKLO.N,15.4102735156771
2026-03-02,EBAY.OQ,20.7894755329089
2026-03-02,HTH.N,14.4886417371238
2026-03-02,INSW.N,12.2843021071191
2026-03-02,FFBC.OQ,10.6079642489035
2026-03-02,ECBK.OQ,21.5815589473023
2026-03-02,CL.N,37.117570763714
2026-03-02,MRVL.OQ,28.2763854065036
2026-03-02,CRDO.OQ,99.7981669011193
2026-03-02,NBHC.N,14.2568761039616
2026-03-02,COP.N,18.6700730918203
2026-03-02,OVV.N,10.793160744844
2026-03-02,KNX.N,153.427155990437
2026-03-02,AM.N,26.7921880481815
2026-03-02,ES.N,16.3150233259672
2026-03-02,CWEN.N,24.4268017247279
2026-03-02,PB.N,12.397134899919
2026-03-02,TDC.N,22.5896790200492
2026-03-02,BAM.N,29.2595121345664
2026-03-02,OCFC.OQ,15.9157101250642
2026-03-02,POST.N,19.6908545073871
2026-03-02,RMBS.OQ,46.8257200496292
2026-03-02,PAYS.OQ,27.6108617935651
2026-03-02,CHE.N,22.9321851640625
2026-03-03,PSIX.OQ,11.59124082035
2026-03-03,FNLC.OQ,9.16981819838702
2026-03-03,AMG.N,14.172295468839
2026-03-03,WH.N,32.70776829707
2026-03-03,WCC.N,22.1100553326009
2026-03-03,MMSI.OQ,35.2092800090316
2026-03-03,HGV.N,47.8421887990326
2026-03-03,HAE.N,18.0327958939189
2026-03-03,CRH.N,20.4438411015728
2026-03-03,RVSB.OQ,23.1635249967649
2026-03-03,REGN.OQ,18.2698434864503
2026-03-03,FWRG.OQ,40.206218994196
2026-03-03,WLY.N,16.3863457807565
2026-03-03,OKLO.N,15.0814828933575
2026-03-03,EBAY.OQ,20.9885187205972
2026-03-03,HTH.N,14.3675878113829
2026-03-03,INSW.N,12.141386696984
2026-03-03,FFBC.OQ,10.5402538388041
2026-03-03,ECBK.OQ,21.4810627473149
2026-03-03,CL.N,36.4347295338369
2026-03-03,MRVL.OQ,27.1049051800408
2026-03-03,CRDO.OQ,85.0145477103738
2026-03-03,NBHC.N,14.144727619368
2026-03-03,COP.N,18.7142850375723
2026-03-03,OVV.N,10.7165988300512
2026-03-03,KNX.N,151.849752298326
2026-03-03,AM.N,26.6869372003274
2026-03-03,ES.N,16.3829843207408
2026-03-03,CWEN.N,24.0845937991924
2026-03-03,PB.N,12.2450335409721
2026-03-03,TDC.N,22.5525371604306
2026-03-03,BAM.N,30.4600069331345
2026-03-03,OCFC.OQ,15.8728799040603
2026-03-03,POST.N,19.6927008134825
2026-03-03,RMBS.OQ,41.479215403995
2026-03-03,PAYS.OQ,27.8390507340078
2026-03-03,CHE.N,23.0823817256497
2026-03-04,PSIX.OQ,11.4180668071089
2026-03-04,FNLC.OQ,9.26257412337514
2026-03-04,AMG.N,13.8448209006418
2026-03-04,WH.N,32.5137528647591
2026-03-04,WCC.N,21.956821876834
2026-03-04,MMSI.OQ,34.8847054838983
2026-03-04,HGV.N,48.1984948767505
2026-03-04,HAE.N,17.7690219481904
2026-03-04,CRH.N,20.3916287376851
2026-03-04,RVSB.OQ,23.6380106112237
2026-03-04,REGN.OQ,18.766469811363
2026-03-04,FWRG.OQ,38.7795467073052
2026-03-04,WLY.N,16.2741105356828
2026-03-04,OKLO.N,15.6413799675975
2026-03-04,EBAY.OQ,21.3163545591427
2026-03-04,HTH.N,14.1708751820538
2026-03-04,INSW.N,12.1140882478571
2026-03-04,FFBC.OQ,10.547777217704
2026-03-04,ECBK.OQ,21.807675397274
2026-03-04,CL.N,36.3469901579309
2026-03-04,MRVL.OQ,27.3077286222343
2026-03-04,CRDO.OQ,56.905019562141
2026-03-04,NBHC.N,14.214820422239
2026-03-04,COP.N,18.2611125936148
2026-03-04,OVV.N,10.7021141434688
2026-03-04,KNX.N,156.50802257659
2026-03-04,AM.N,26.6284645070752
2026-03-04,ES.N,16.512329439826
2026-03-04,CWEN.N,24.2214769694066
2026-03-04,PB.N,12.1943330879898
2026-03-04,TDC.N,21.3342841649396
2026-03-04,BAM.N,30.4861697048185
2026-03-04,OCFC.OQ,15.8643138598595
2026-03-04,POST.N,19.6797766708147
2026-03-04,RMBS.OQ,43.5865622306621
2026-03-04,PAYS.OQ,28.9039324560736
2026-03-04,CHE.N,22.3656829154676
2026-02-12,DOCN.N,26.1379516665096
2026-02-12,VHI.N,24.008302225802
2026-02-12,POWI.OQ,118.755722860922
2026-02-12,SFBS.N,18.4339590732285
2026-02-12,FAF.N,14.2152795986881
2026-02-12,OZK.OQ,7.87883867723196
2026-02-12,ESS.N,19.1111229381375
2026-02-12,AR.N,16.6725841765785
2026-02-12,AVT.OQ,27.0115319093173
2026-02-12,BMI.N,33.7579088466137
2026-02-12,MRX.OQ,12.1918873463581
2026-02-12,SIGA.OQ,6.45448045297312
2026-02-12,BA.N,107.913506884643
2026-02-12,AGM.N,10.2058256498138
2026-02-12,SSRM.OQ,25.1232911220703
2026-02-12,GBCI.N,24.9342102051079
2026-02-12,NWN.N,19.831776221772
2026-02-12,AES.N,9.86457521434138
2026-02-12,DGII.OQ,41.325560426022
2026-02-12,LAUR.OQ,24.8886540902654
2026-02-12,BWB.OQ,14.5861059355869
2026-02-12,PECO.OQ,42.7215368466201
2026-02-12,LII.N,23.5727124593317
2026-02-12,CSV.N,13.9355245020388
2026-02-12,MASI.OQ,90.1325957862198
2026-02-12,UFPT.OQ,28.7194350869003
2026-02-12,FBP.N,11.4768951978254
2026-02-12,MUR.N,33.4169603770327
2026-02-12,ALH.N,39.0972928794222
2026-02-12,GOLD.N,124.75945425847
2026-02-12,ROP.OQ,22.0463951779456
2026-02-12,NAGE.OQ,20.9482261914561
2026-02-12,GME.N,28.6061785453661
2026-02-12,ELMD.A,22.6865729746564
2026-02-12,TPL.N,59.6251759116608
2026-02-12,SB.N,16.2821873429034
2026-02-12,WTM.N,40.1998413016288
2026-02-13,DOCN.N,27.932937999205
2026-02-13,VHI.N,24.2096621799538
2026-02-13,POWI.OQ,120.078339607285
2026-02-13,SFBS.N,18.4403813095796
2026-02-13,FAF.N,14.4474008863594
2026-02-13,OZK.OQ,7.97555109962024
2026-02-13,ESS.N,19.0959167613885
2026-02-13,AR.N,17.141053711265
2026-02-13,AVT.OQ,26.9419145590355
2026-02-13,BMI.N,33.005649404479
2026-02-13,MRX.OQ,12.4601390086142
2026-02-13,SIGA.OQ,6.56076680773765
2026-02-13,BA.N,109.5411139866
2026-02-13,AGM.N,9.91299354174168
2026-02-13,SSRM.OQ,27.2354690875973
2026-02-13,GBCI.N,25.0416221151358
2026-02-13,NWN.N,20.0427525645568
2026-02-13,AES.N,9.91328916601715
2026-02-13,DGII.OQ,43.0842848597931
2026-02-13,LAUR.OQ,25.5123379339189
2026-02-13,BWB.OQ,14.5937107874824
2026-02-13,PECO.OQ,43.1165840829825
2026-02-13,LII.N,23.9145600484833
2026-02-13,CSV.N,13.8680479019597
2026-02-13,MASI.OQ,88.2277176713034
2026-02-13,UFPT.OQ,28.54408999964
2026-02-13,FBP.N,11.4820142411786
2026-02-13,MUR.N,34.1482737956182
2026-02-13,ALH.N,38.9972144846797
2026-02-13,GOLD.N,131.700144867997
2026-02-13,ROP.OQ,22.1559998566178
2026-02-13,NAGE.OQ,21.1540044448103
2026-02-13,GME.N,28.6669909997567
2026-02-13,ELMD.A,23.6111651808308
2026-02-13,TPL.N,62.6557117121296
2026-02-13,SB.N,16.7290398257275
2026-02-13,WTM.N,40.3114865453664
2026-02-17,DOCN.N,27.7280308836004
2026-02-17,VHI.N,22.9240563188303
2026-02-17,POWI.OQ,116.313968867637
2026-02-17,SFBS.N,18.549559327549
2026-02-17,FAF.N,14.6150440385665
2026-02-17,OZK.OQ,7.98038672073966
2026-02-17,ESS.N,19.26242439679
2026-02-17,AR.N,16.5838215279011
2026-02-17,AVT.OQ,26.6388743283973
2026-02-17,BMI.N,33.9241304797199
2026-02-17,MRX.OQ,12.6228984441404
2026-02-17,SIGA.OQ,6.55110441184996
2026-02-17,BA.N,110.028043535109
2026-02-17,AGM.N,9.96996476899307
2026-02-17,SSRM.OQ,25.1039133425701
2026-02-17,GBCI.N,24.82679829508
2026-02-17,NWN.N,19.983042278863
2026-02-17,AES.N,9.98027084957132
2026-02-17,DGII.OQ,43.691357253176
2026-02-17,LAUR.OQ,25.4976630199505
2026-02-17,BWB.OQ,14.6697593064375
2026-02-17,PECO.OQ,43.3197512331117
2026-02-17,LII.N,23.866026131505
2026-02-17,CSV.N,14.1122489308172
2026-02-17,MASI.OQ,118.421052631579
2026-02-17,UFPT.OQ,28.5812492234303
2026-02-17,FBP.N,11.5485618047699
2026-02-17,MUR.N,32.4418758189187
2026-02-17,ALH.N,38.9304955548513
2026-02-17,GOLD.N,126.900041081969
2026-02-17,ROP.OQ,21.7506693468113
2026-02-17,NAGE.OQ,21.6478722528603
2026-02-17,GME.N,28.2899537825347
2026-02-17,ELMD.A,24.6622805310079
2026-02-17,TPL.N,61.802060068669
2026-02-17,SB.N,16.8966095067866
2026-02-17,WTM.N,41.0992671760957
2026-02-18,DOCN.N,28.2198079610513
2026-02-18,VHI.N,22.9550347733152
2026-02-18,POWI.OQ,116.822667616238
2026-02-18,SFBS.N,18.2498549644957
2026-02-18,FAF.N,14.2195781410524
2026-02-18,OZK.OQ,7.97555109962024
2026-02-18,ESS.N,19.4775917977883
2026-02-18,AR.N,16.6923092096179
2026-02-18,AVT.OQ,26.7576333377015
2026-02-18,BMI.N,33.0278293910103
2026-02-18,MRX.OQ,12.9604735696761
2026-02-18,SIGA.OQ,6.45448045297312
2026-02-18,BA.N,107.724145393556
2026-02-18,AGM.N,9.95002483945508
2026-02-18,SSRM.OQ,14.4006845605598
2026-02-18,GBCI.N,24.5533861604636
2026-02-18,NWN.N,19.5451668504417
2026-02-18,AES.N,9.91937840997662
2026-02-18,DGII.OQ,44.3162847169525
2026-02-18,LAUR.OQ,25.7544740143961
2026-02-18,BWB.OQ,14.692573862124
2026-02-18,PECO.OQ,42.9811393162297
2026-02-18,LII.N,24.3033875734128
2026-02-18,CSV.N,14.2407757881106
2026-02-18,MASI.OQ,119.044713793758
2026-02-18,UFPT.OQ,28.5464124511269
2026-02-18,FBP.N,11.5076094579445
2026-02-18,MUR.N,33.7216743014433
2026-02-18,ALH.N,39.7478024452488
2026-02-18,GOLD.N,124.910808882354
2026-02-18,ROP.OQ,22.5826998320774
2026-02-18,NAGE.OQ,20.5778253354185
2026-02-18,GME.N,29.0318657261007
2026-02-18,ELMD.A,24.146455405458
2026-02-18,TPL.N,63.8731435975402
2026-02-18,SB.N,17.1479640283751
2026-02-18,WTM.N,40.5703340164082
2026-02-19,DOCN.N,27.9411342838291
2026-02-19,VHI.N,23.1099270457397
2026-02-19,POWI.OQ,116.161359243056
2026-02-19,SFBS.N,18.2584179462973
2026-02-19,FAF.N,11.0753989324074
2026-02-19,OZK.OQ,7.91107615136139
2026-02-19,ESS.N,19.3445377512345
2026-02-19,AR.N,17.2741976842811
2026-02-19,AVT.OQ,27.0401978770803
2026-02-19,BMI.N,33.7982003799662
2026-02-19,MRX.OQ,12.6500250167281
2026-02-19,SIGA.OQ,6.54144201596228
2026-02-19,BA.N,105.370652575767
2026-02-19,AGM.N,9.91527239083173
2026-02-19,SSRM.OQ,15.7654730183488
2026-02-19,GBCI.N,24.353209419048
2026-02-19,NWN.N,19.6247805647001
2026-02-19,AES.N,9.96200311769291
2026-02-19,DGII.OQ,45.7268352780481
2026-02-19,LAUR.OQ,24.9400162891545
2026-02-19,BWB.OQ,14.662154454542
2026-02-19,PECO.OQ,43.2971771053196
2026-02-19,LII.N,24.146744388598
2026-02-19,CSV.N,14.2086440737873
2026-02-19,MASI.OQ,118.854903874834
2026-02-19,UFPT.OQ,25.8755932412017
2026-02-19,FBP.N,11.5485618047699
2026-02-19,MUR.N,34.5951875514205
2026-02-19,ALH.N,39.9479592347339
2026-02-19,GOLD.N,126.856796903717
2026-02-19,ROP.OQ,22.8860083768305
2026-02-19,NAGE.OQ,20.3308914313935
2026-02-19,GME.N,29.0683531987351
2026-02-19,ELMD.A,23.4749094872893
2026-02-19,TPL.N,69.7744119380555
2026-02-19,SB.N,16.7848963860805
2026-02-19,WTM.N,40.5539372726909
2026-02-20,DOCN.N,26.0764795318282
2026-02-20,VHI.N,22.6607394557086
2026-02-20,POWI.OQ,115.754400244175
2026-02-20,SFBS.N,18.5752482729536
2026-02-20,FAF.N,11.2118856640662
2026-02-20,OZK.OQ,8.03035480564027
2026-02-20,ESS.N,19.3513805307716
2026-02-20,AR.N,17.5256918555339
2026-02-20,AVT.OQ,27.5684707115712
2026-02-20,BMI.N,33.2720933631182
2026-02-20,MRX.OQ,12.6379687622446
2026-02-20,SIGA.OQ,6.52211722418691
2026-02-20,BA.N,104.613206611421
2026-02-20,AGM.N,8.99359689117363
2026-02-20,SSRM.OQ,16.4966096921644
2026-02-20,GBCI.N,24.6559157109448
2026-02-20,NWN.N,19.9472161074467
2026-02-20,AES.N,10.053341777085
2026-02-20,DGII.OQ,44.8162266879737
2026-02-20,LAUR.OQ,17.1375177482669
2026-02-20,BWB.OQ,14.7001787140195
2026-02-20,PECO.OQ,44.3017257920697
2026-02-20,LII.N,24.6157963901863
2026-02-20,CSV.N,14.4142870454567
2026-02-20,MASI.OQ,118.698988584289
2026-02-20,UFPT.OQ,27.1134598837148
2026-02-20,FBP.N,11.635585541774
2026-02-20,MUR.N,34.2600022345688
2026-02-20,ALH.N,39.4475672610211
2026-02-20,GOLD.N,127.181128240611
2026-02-20,ROP.OQ,23.1472673278793
2026-02-20,NAGE.OQ,20.0016462260268
2026-02-20,GME.N,28.4967161274629
2026-02-20,ELMD.A,23.6111651808308
2026-02-20,TPL.N,71.684546694334
2026-02-20,SB.N,17.1758923085516
2026-02-20,WTM.N,41.0495242457175
2026-02-23,DOCN.N,24.2773950568207
2026-02-23,VHI.N,21.6229612304642
2026-02-23,POWI.OQ,115.907009868756
2026-02-23,SFBS.N,17.8110021471677
2026-02-23,FAF.N,11.0421094856614
2026-02-23,OZK.OQ,7.78212625484368
2026-02-23,ESS.N,24.5522599752872
2026-02-23,AR.N,16.7662780835158
2026-02-23,AVT.OQ,27.5479950203119
2026-02-23,BMI.N,32.6102841395436
2026-02-23,MRX.OQ,12.0411841653154
2026-02-23,SIGA.OQ,6.48346764063617
2026-02-23,BA.N,103.896338109451
2026-02-23,AGM.N,9.36306487532862
2026-02-23,SSRM.OQ,16.4099564567492
2026-02-23,GBCI.N,23.2888550378627
2026-02-23,NWN.N,19.9591581645854
2026-02-23,AES.N,9.90111067809821
2026-02-23,DGII.OQ,42.762893592708
2026-02-23,LAUR.OQ,17.4559425373758
2026-02-23,BWB.OQ,14.1640366553861
2026-02-23,PECO.OQ,44.188855153109
2026-02-23,LII.N,24.3450713340778
2026-02-23,CSV.N,14.1957913880579
2026-02-23,MASI.OQ,118.800672469427
2026-02-23,UFPT.OQ,28.0772772507748
2026-02-23,FBP.N,11.1646335532816
2026-02-23,MUR.N,33.4982174235422
2026-02-23,ALH.N,38.2633062565676
2026-02-23,GOLD.N,123.20266384138
2026-02-23,ROP.OQ,23.1410632894639
2026-02-23,NAGE.OQ,20.6189809860894
2026-02-23,GME.N,28.7521284359037
2026-02-23,ELMD.A,23.7571534239109
2026-02-23,TPL.N,72.1104551197204
2026-02-23,SB.N,17.2596771490812
2026-02-23,WTM.N,40.3348841459517
2026-02-24,DOCN.N,25.7117448660522
2026-02-24,VHI.N,21.4061120490699
2026-02-24,POWI.OQ,119.747685420694
2026-02-24,SFBS.N,17.913757928786
2026-02-24,FAF.N,11.1652804386218
2026-02-24,OZK.OQ,7.83854183457018
2026-02-24,ESS.N,24.8474678949367
2026-02-24,AR.N,16.6824466930982
2026-02-24,AVT.OQ,27.4128554580003
2026-02-24,BMI.N,33.0570575586129
2026-02-24,MRX.OQ,12.2039436008415
2026-02-24,SIGA.OQ,6.53177962007459
2026-02-24,BA.N,105.226377153987
2026-02-24,AGM.N,9.52433103127902
2026-02-24,SSRM.OQ,16.6049262364334
2026-02-24,GBCI.N,23.3376786333299
2026-02-24,NWN.N,19.9511967931596
2026-02-24,AES.N,9.90719992205768
2026-02-24,DGII.OQ,43.2985457045164
2026-02-24,LAUR.OQ,17.4820429299257
2026-02-24,BWB.OQ,14.1222099699608
2026-02-24,PECO.OQ,43.9405397473955
2026-02-24,LII.N,24.4977655310401
2026-02-24,CSV.N,14.3050392167573
2026-02-24,MASI.OQ,118.868461726186
2026-02-24,UFPT.OQ,27.9356077100744
2026-02-24,FBP.N,11.2107049434602
2026-02-24,MUR.N,31.9949620631164
2026-02-24,ALH.N,38.5468617083382
2026-02-24,GOLD.N,123.159419663128
2026-02-24,ROP.OQ,23.2789308098062
2026-02-24,NAGE.OQ,21.0305374927978
2026-02-24,GME.N,28.9102408173194
2026-02-24,ELMD.A,22.5308521820376
2026-02-24,TPL.N,76.2834972674461
2026-02-24,SB.N,21.826556216272
2026-02-24,WTM.N,40.962750467169
2026-02-25,DOCN.N,23.9881819653553
2026-02-25,VHI.N,21.7313858211614
2026-02-25,POWI.OQ,123.766405534642
2026-02-25,SFBS.N,18.4146923641751
2026-02-25,FAF.N,11.2568264171734
2026-02-25,OZK.OQ,7.90301678282903
2026-02-25,ESS.N,24.9945910601041
2026-02-25,AR.N,16.96845967217
2026-02-25,AVT.OQ,27.5766609880749
2026-02-25,BMI.N,32.524687362993
2026-02-25,MRX.OQ,12.5415187263773
2026-02-25,SIGA.OQ,6.57042920362533
2026-02-25,BA.N,103.860269254006
2026-02-25,AGM.N,9.63023716354494
2026-02-25,SSRM.OQ,16.5128571738047
2026-02-25,GBCI.N,23.6794438016004
2026-02-25,NWN.N,19.8994478788916
2026-02-25,AES.N,9.96809236165238
2026-02-25,DGII.OQ,44.5573281672663
2026-02-25,LAUR.OQ,17.675185834795
2026-02-25,BWB.OQ,14.5252671204228
2026-02-25,PECO.OQ,44.2452904725894
2026-02-25,LII.N,23.6917332327073
2026-02-25,CSV.N,14.1636596737346
2026-02-25,MASI.OQ,118.698988584289
2026-02-25,UFPT.OQ,27.8879974545932
2026-02-25,FBP.N,11.4205857209405
2026-02-25,MUR.N,32.0051191939301
2026-02-25,ALH.N,37.4793588310844
2026-02-25,GOLD.N,121.47289671128
2026-02-25,ROP.OQ,24.2482985194901
2026-02-25,NAGE.OQ,21.9359618075562
2026-02-25,GME.N,29.4575529068353
2026-02-25,ELMD.A,23.2802584965158
2026-02-25,TPL.N,73.1788112709423
2026-02-25,SB.N,22.135908981542
2026-02-25,WTM.N,40.90490128147
2026-02-26,DOCN.N,21.9604986239275
2026-02-26,VHI.N,21.7933427301312
2026-02-26,POWI.OQ,123.257706786041
2026-02-26,SFBS.N,18.3654552188163
2026-02-26,FAF.N,11.3666815914353
2026-02-26,OZK.OQ,7.94814924661023
2026-02-26,ESS.N,25.2647976575684
2026-02-26,AR.N,16.9536658973904
2026-02-26,AVT.OQ,27.0893395361027
2026-02-26,BMI.N,32.6040209607716
2026-02-26,MRX.OQ,12.9966423331264
2026-02-26,SIGA.OQ,6.41583086942238
2026-02-26,BA.N,103.431951595596
2026-02-26,AGM.N,9.76261982887736
2026-02-26,SSRM.OQ,17.4064686640237
2026-02-26,GBCI.N,24.5587799896626
2026-02-26,NWN.N,20.0109070788534
2026-02-26,AES.N,9.89502143413874
2026-02-26,DGII.OQ,44.5751832376599
2026-02-26,LAUR.OQ,17.7378267769147
2026-02-26,BWB.OQ,14.5024525647363
2026-02-26,PECO.OQ,44.4484576227186
2026-02-26,LII.N,23.8874275196188
2026-02-26,CSV.N,14.5203217027238
2026-02-26,MASI.OQ,118.7803356924
2026-02-26,UFPT.OQ,25.0441556088945
2026-02-26,FBP.N,11.3591572007023
2026-02-26,MUR.N,44.4614848379226
2026-02-26,ALH.N,37.9463913398829
2026-02-26,GOLD.N,121.905338493805
2026-02-26,ROP.OQ,24.8054796759192
2026-02-26,NAGE.OQ,21.3186270474936
2026-02-26,GME.N,29.3116030162977
2026-02-26,ELMD.A,23.4262467395959
2026-02-26,TPL.N,73.50003513386
2026-02-26,SB.N,22.4796342762864
2026-02-26,WTM.N,40.9544599787727
2026-02-27,DOCN.N,22.6890076088716
2026-02-27,VHI.N,21.6384504577067
2026-02-27,POWI.OQ,121.884220164818
2026-02-27,SFBS.N,17.3421788935343
2026-02-27,FAF.N,11.6696155568243
2026-02-27,OZK.OQ,7.53732237270246
2026-02-27,ESS.N,24.5311050103611
2026-02-27,AR.N,18.1519616545358
2026-02-27,AVT.OQ,26.9623902502948
2026-02-27,BMI.N,31.823211340529
2026-02-27,MRX.OQ,13.0991204962354
2026-02-27,SIGA.OQ,6.25157013933175
2026-02-27,BA.N,102.584333492637
2026-02-27,AGM.N,9.48702318923079
2026-02-27,SSRM.OQ,17.433547800091
2026-02-27,GBCI.N,22.827521490187
2026-02-27,NWN.N,21.1135570213325
2026-02-27,AES.N,10.5222135619641
2026-02-27,DGII.OQ,43.5842268308143
2026-02-27,LAUR.OQ,16.8817339012779
2026-02-27,BWB.OQ,12.2730690729402
2026-02-27,PECO.OQ,44.3355869837579
2026-02-27,LII.N,25.0076237404374
2026-02-27,CSV.N,14.1256189731561
2026-02-27,MASI.OQ,118.868461726186
2026-02-27,UFPT.OQ,24.4530917054806
2026-02-27,FBP.N,10.8165386052655
2026-02-27,MUR.N,46.2181944928547
2026-02-27,ALH.N,37.412639901256
2026-02-27,GOLD.N,124.262146208567
2026-02-27,ROP.OQ,24.6350146444959
2026-02-27,NAGE.OQ,20.7836035887727
2026-02-27,GME.N,29.2264655801508
2026-02-27,ELMD.A,23.0661424066649
2026-02-27,TPL.N,75.1850263790757
2026-02-27,SB.N,22.5483793352353
2026-02-27,WTM.N,40.9091386422059
2026-03-02,DOCN.N,23.5713129350818
2026-03-02,VHI.N,22.2735087746472
2026-03-02,POWI.OQ,127.785125648591
2026-03-02,SFBS.N,16.1229105055904
2026-03-02,FAF.N,11.6995760588957
2026-03-02,OZK.OQ,7.71863253287056
2026-03-02,ESS.N,24.6195712273245
2026-03-02,AR.N,18.2851056275519
2026-03-02,AVT.OQ,26.6102083606343
2026-03-02,BMI.N,31.7751936366104
2026-03-02,MRX.OQ,13.2046127229654
2026-03-02,SIGA.OQ,6.32886930643322
2026-03-02,BA.N,103.580735624307
2026-03-02,AGM.N,9.59353106088459
2026-03-02,SSRM.OQ,17.2981521197548
2026-03-02,GBCI.N,23.0232289727364
2026-03-02,NWN.N,18.9097159048006
2026-03-02,AES.N,8.65281566640686
2026-03-02,DGII.OQ,45.1911831662396
2026-03-02,LAUR.OQ,16.9078342938278
2026-03-02,BWB.OQ,12.4073477280052
2026-03-02,PECO.OQ,44.8886531146653
2026-03-02,LII.N,24.7206639564909
2026-03-02,CSV.N,13.9539162029159
2026-03-02,MASI.OQ,45.2534217417665
2026-03-02,UFPT.OQ,23.3252728132129
2026-03-02,FBP.N,10.4888262690306
2026-03-02,MUR.N,48.5465318926455
2026-03-02,ALH.N,37.4626790986273
2026-03-02,GOLD.N,122.943198771865
2026-03-02,ROP.OQ,24.9308630461397
2026-03-02,NAGE.OQ,20.5366696847477
2026-03-02,GME.N,29.4332279250791
2026-03-02,ELMD.A,23.4554443882119
2026-03-02,TPL.N,76.1601702486474
2026-03-02,SB.N,22.8921046299797
2026-03-02,WTM.N,5.18777486960981
2026-03-03,DOCN.N,22.4218876477254
2026-03-03,VHI.N,21.6384504577067
2026-03-03,POWI.OQ,122.087699664259
2026-03-03,SFBS.N,15.9113912039599
2026-03-03,FAF.N,11.6396550547528
2026-03-03,OZK.OQ,7.63121513421808
2026-03-03,ESS.N,24.5686069936391
2026-03-03,AR.N,18.5365997988047
2026-03-03,AVT.OQ,26.1146966321583
2026-03-03,BMI.N,31.0570158040878
2026-03-03,MRX.OQ,12.4902796448227
2026-03-03,SIGA.OQ,6.01001024213964
2026-03-03,BA.N,101.046898529292
2026-03-03,AGM.N,9.5814962731271
2026-03-03,SSRM.OQ,15.6679881285067
2026-03-03,GBCI.N,22.6518865699504
2026-03-03,NWN.N,18.8773547252716
2026-03-03,AES.N,10.7424242424242
2026-03-03,DGII.OQ,44.5305455616759
2026-03-03,LAUR.OQ,17.0017957070074
2026-03-03,BWB.OQ,12.3603501987324
2026-03-03,PECO.OQ,44.7644954118085
2026-03-03,LII.N,24.2336221213524
2026-03-03,CSV.N,13.9723129282988
2026-03-03,MASI.OQ,45.2431016911983
2026-03-03,UFPT.OQ,23.1665741876115
2026-03-03,FBP.N,10.4594732104419
2026-03-03,MUR.N,48.6162425932381
2026-03-03,ALH.N,36.7954898003436
2026-03-03,GOLD.N,121.905338493805
2026-03-03,ROP.OQ,25.0766740440927
2026-03-03,NAGE.OQ,20.0428018766977
2026-03-03,GME.N,28.97105327171
2026-03-03,ELMD.A,23.3386537937478
2026-03-03,TPL.N,75.0918140974255
2026-03-03,SB.N,22.5483793352353
2026-03-03,WTM.N,5.120620030802
2026-03-04,DOCN.N,21.1510441962118
2026-03-04,VHI.N,21.9172565480708
2026-03-04,POWI.OQ,119.467901108963
2026-03-04,SFBS.N,15.8046431451932
2026-03-04,FAF.N,11.5797340506099
2026-03-04,OZK.OQ,7.5810310720287
2026-03-04,ESS.N,24.6234175845838
2026-03-04,AR.N,18.6352249640018
2026-03-04,AVT.OQ,25.9304154108243
2026-03-04,BMI.N,31.1300862230944
2026-03-04,MRX.OQ,10.0161502272066
2026-03-04,SIGA.OQ,6.15494618045491
2026-03-04,BA.N,102.485144140164
2026-03-04,AGM.N,9.61278672129658
2026-03-04,SSRM.OQ,18.01304131193
2026-03-04,GBCI.N,22.6920316945759
2026-03-04,NWN.N,18.8881417851146
2026-03-04,AES.N,10.8257575757576
2026-03-04,DGII.OQ,45.1019078142716
2026-03-04,LAUR.OQ,16.860853587238
2026-03-04,BWB.OQ,12.4006337952519
2026-03-04,PECO.OQ,44.4710317505107
2026-03-04,LII.N,24.1621015635798
2026-03-04,CSV.N,13.8128746416471
2026-03-04,MASI.OQ,45.2456817038403
2026-03-04,UFPT.OQ,23.2898795945536
2026-03-04,FBP.N,10.4007670932645
2026-03-04,MUR.N,47.4729871035204
2026-03-04,ALH.N,36.7454506029723
2026-03-04,GOLD.N,121.105321196134
2026-03-04,ROP.OQ,25.44789334806
2026-03-04,NAGE.OQ,20.3308914313935
2026-03-04,GME.N,29.0318657261007
2026-03-04,ELMD.A,23.6403628294468
2026-03-04,TPL.N,76.8800558700076
2026-03-04,SB.N,22.4108892173375
2026-03-04,WTM.N,5.14073180696819
2026-02-11,F.N,11.876586403238
2026-02-12,MGM.N,47.0670833275974
2026-02-12,VEEV.N,33.4544506732127
2026-02-12,LW.N,18.1022664714073
2026-02-12,PLTK.OQ,14.3172282538172
2026-02-12,IRT.N,167.033658383139
2026-02-12,FTDR.OQ,16.2746583574956
2026-02-12,EOG.N,11.7159462130205
2026-02-12,FNF.N,13.2662109606831
2026-02-12,DAVE.OQ,16.8706241694599
2026-02-12,DHI.N,14.9432060117828
2026-02-12,CMS.N,22.095216694558
2026-02-12,BANF.OQ,16.4940768424242
2026-02-12,MAA.N,35.2628727719567
2026-02-12,KDP.OQ,25.7742619306137
2026-02-12,HBCP.OQ,10.3551252932704
2026-02-12,ALSN.N,14.2089569827663
2026-02-12,BTSG.OQ,131.690827989964
2026-02-12,ANGI.OQ,11.6757123473541
2026-02-12,KTOS.OQ,714.168512593322
2026-02-12,HLNE.OQ,22.0278587625526
2026-02-12,CTRI.N,1091.57894736842
2026-02-12,GENC.A,14.4990075084146
2026-02-12,GPK.N,7.19229523164374
2026-02-12,KEY.N,26.8569030633655
2026-02-12,PRU.N,14.2751799645828
2026-02-12,FDS.N,12.8495203142676
2026-02-12,ESCA.OQ,15.6272291298574
2026-02-12,BFAM.N,23.5613551162376
2026-02-12,SAH.N,16.4801147009466
2026-02-12,AGX.N,48.7521155577765
2026-02-12,DEI.N,79.664570230608
2026-02-12,SENEA.OQ,9.74078942103173
2026-02-12,HAFC.OQ,11.16351611141
2026-02-12,UNM.N,13.795790355414
2026-02-12,CWT.N,19.83590101689
2026-02-13,MGM.N,46.9982516760507
2026-02-13,VEEV.N,33.8668202029947
2026-02-13,LW.N,17.9259573763767
2026-02-13,PLTK.OQ,14.23071932177
2026-02-13,IRT.N,171.437558980812
2026-02-13,FTDR.OQ,16.1322479763485
2026-02-13,EOG.N,12.0022586872971
2026-02-13,FNF.N,13.205698419459
2026-02-13,DAVE.OQ,17.5806739522799
2026-02-13,DHI.N,15.2328276605925
2026-02-13,CMS.N,22.6895079504935
2026-02-13,BANF.OQ,16.7416160325727
2026-02-13,MAA.N,35.8204616624605
2026-02-13,KDP.OQ,25.5846819364735
2026-02-13,HBCP.OQ,10.4147157873947
2026-02-13,ALSN.N,14.4593783412531
2026-02-13,BTSG.OQ,135.419570671871
2026-02-13,ANGI.OQ,10.9905020352782
2026-02-13,KTOS.OQ,730.658790712938
2026-02-13,HLNE.OQ,21.970587761545
2026-02-13,CTRI.N,1088.0701754386
2026-02-13,GENC.A,14.5565432524956
2026-02-13,GPK.N,7.3159956410332
2026-02-13,KEY.N,26.7828491027128
2026-02-13,PRU.N,10.4551242201883
2026-02-13,FDS.N,13.093848900585
2026-02-13,ESCA.OQ,15.4132326635427
2026-02-13,BFAM.N,19.2625523313735
2026-02-13,SAH.N,16.322618136001
2026-02-13,AGX.N,48.3160395815557
2026-02-13,DEI.N,81.5191098209966
2026-02-13,SENEA.OQ,9.82543840478221
2026-02-13,HAFC.OQ,11.1968773848098
2026-02-13,UNM.N,13.9555269847763
2026-02-13,CWT.N,20.3203421638371
2026-02-17,MGM.N,47.177213970072
2026-02-17,VEEV.N,34.3939529509708
2026-02-17,LW.N,17.3358616297437
2026-02-17,PLTK.OQ,14.7497729140534
2026-02-17,IRT.N,172.066687637622
2026-02-17,FTDR.OQ,16.4170687386428
2026-02-17,EOG.N,11.9048329148002
2026-02-17,FNF.N,13.3732716105413
2026-02-17,DAVE.OQ,17.5142307463456
2026-02-17,DHI.N,15.0975498371673
2026-02-17,CMS.N,22.4825408464363
2026-02-17,BANF.OQ,16.6206917155462
2026-02-17,MAA.N,35.5192051055059
2026-02-17,KDP.OQ,25.1021146786619
2026-02-17,HBCP.OQ,10.4981424791689
2026-02-17,ALSN.N,14.4188690038508
2026-02-17,BTSG.OQ,134.025648173962
2026-02-17,ANGI.OQ,10.7462686567164
2026-02-17,KTOS.OQ,754.532775453278
2026-02-17,HLNE.OQ,21.4712562215099
2026-02-17,CTRI.N,1097.89473684211
2026-02-17,GENC.A,14.4606503456939
2026-02-17,GPK.N,7.28654316260713
2026-02-17,KEY.N,26.7705067759374
2026-02-17,PRU.N,10.3211994858889
2026-02-17,FDS.N,12.0929924779882
2026-02-17,ESCA.OQ,15.4077455746628
2026-02-17,BFAM.N,19.5620000806206
2026-02-17,SAH.N,15.8256893190174
2026-02-17,AGX.N,47.9542143796642
2026-02-17,DEI.N,80.3902596355427
2026-02-17,SENEA.OQ,9.54147954111016
2026-02-17,HAFC.OQ,11.3845345476837
2026-02-17,UNM.N,14.2029239595204
2026-02-17,CWT.N,20.2897918212369
2026-02-18,MGM.N,51.1969824203962
2026-02-18,VEEV.N,35.2556496570719
2026-02-18,LW.N,17.5805354759086
2026-02-18,PLTK.OQ,14.8795363121242
2026-02-18,IRT.N,69.1645061470268
2026-02-18,FTDR.OQ,16.2718101498727
2026-02-18,EOG.N,12.1553563297922
2026-02-18,FNF.N,13.0474348501035
2026-02-18,DAVE.OQ,17.9069398441064
2026-02-18,DHI.N,15.1847087032667
2026-02-18,CMS.N,22.2075702653318
2026-02-18,BANF.OQ,16.5694767106879
2026-02-18,MAA.N,35.7068298032583
2026-02-18,KDP.OQ,25.1107319511228
2026-02-18,HBCP.OQ,10.3449097799919
2026-02-18,ALSN.N,14.3587187755869
2026-02-18,BTSG.OQ,143.3997769724
2026-02-18,ANGI.OQ,11.0312075983718
2026-02-18,KTOS.OQ,797.522356222824
2026-02-18,HLNE.OQ,22.047545669149
2026-02-18,CTRI.N,1083.85964912281
2026-02-18,GENC.A,14.5181860897749
2026-02-18,GPK.N,7.71065885194239
2026-02-18,KEY.N,27.0790649453235
2026-02-18,PRU.N,10.4271399473496
2026-02-18,FDS.N,12.5931025531065
2026-02-18,ESCA.OQ,15.2431329082668
2026-02-18,BFAM.N,20.4056365280185
2026-02-18,SAH.N,17.0775154645334
2026-02-18,AGX.N,48.8075089925938
2026-02-18,DEI.N,79.2614094500887
2026-02-18,SENEA.OQ,9.56456562758756
2026-02-18,HAFC.OQ,11.4178958210835
2026-02-18,UNM.N,17.2365925849242
2026-02-18,CWT.N,19.9711953912626
2026-02-19,MGM.N,50.1920403078152
2026-02-19,VEEV.N,35.51240804354
2026-02-19,LW.N,17.4869837111985
2026-02-19,PLTK.OQ,14.9660452441715
2026-02-19,IRT.N,69.3735886928159
2026-02-19,FTDR.OQ,15.8360343835624
2026-02-19,EOG.N,12.3144188155014
2026-02-19,FNF.N,12.6168648452392
2026-02-19,DAVE.OQ,17.6758761577977
2026-02-19,DHI.N,14.8696657185114
2026-02-19,CMS.N,22.4263640610494
2026-02-19,BANF.OQ,16.378843081493
2026-02-19,MAA.N,35.6936167963744
2026-02-19,KDP.OQ,25.0762628612791
2026-02-19,HBCP.OQ,10.2938322135996
2026-02-19,ALSN.N,14.4581507855743
2026-02-19,BTSG.OQ,142.18009478673
2026-02-19,ANGI.OQ,10.9633649932157
2026-02-19,KTOS.OQ,866.929198457626
2026-02-19,HLNE.OQ,20.2238222308129
2026-02-19,CTRI.N,1118.59649122807
2026-02-19,GENC.A,14.4606503456939
2026-02-19,GPK.N,7.59873943392337
2026-02-19,KEY.N,26.8939300436918
2026-02-19,PRU.N,10.2652309402116
2026-02-19,FDS.N,12.6541846996858
2026-02-19,ESCA.OQ,15.3089779748252
2026-02-19,BFAM.N,20.4603433283617
2026-02-19,SAH.N,17.5228505792072
2026-02-19,AGX.N,50.9360311900396
2026-02-19,DEI.N,82.0029027576198
2026-02-19,SENEA.OQ,9.72385962428164
2026-02-19,HAFC.OQ,11.4178958210835
2026-02-19,UNM.N,17.2860013269776
2026-02-19,CWT.N,20.1632261161786
2026-02-20,MGM.N,50.646329208023
2026-02-20,VEEV.N,35.072806563678
2026-02-20,LW.N,17.3682449329126
2026-02-20,PLTK.OQ,15.0092997101951
2026-02-20,IRT.N,69.2481391653425
2026-02-20,FTDR.OQ,16.0354089171684
2026-02-20,EOG.N,12.2358817131825
2026-02-20,FNF.N,12.1327645154458
2026-02-20,DAVE.OQ,17.5043138499375
2026-02-20,DHI.N,14.9005344835883
2026-02-20,CMS.N,22.4293207339645
2026-02-20,BANF.OQ,16.6107332423793
2026-02-20,MAA.N,35.2708005760871
2026-02-20,KDP.OQ,25.4554228495597
2026-02-20,HBCP.OQ,10.5611381443861
2026-02-20,ALSN.N,14.5894992432119
2026-02-20,BTSG.OQ,143.086144410371
2026-02-20,ANGI.OQ,11.4111261872456
2026-02-20,KTOS.OQ,788.251702354582
2026-02-20,HLNE.OQ,19.1535703994831
2026-02-20,CTRI.N,1117.54385964912
2026-02-20,GENC.A,14.8825791356213
2026-02-20,GPK.N,7.37490059788531
2026-02-20,KEY.N,27.399965441485
2026-02-20,PRU.N,10.3381899372553
2026-02-20,FDS.N,12.4104923857287
2026-02-20,ESCA.OQ,15.4790777301011
2026-02-20,BFAM.N,20.8317737096393
2026-02-20,SAH.N,18.093096762631
2026-02-20,AGX.N,51.5760021497367
2026-02-20,DEI.N,84.3412352846315
2026-02-20,SENEA.OQ,10.0855416457609
2026-02-20,HAFC.OQ,11.4220659802585
2026-02-20,UNM.N,17.3283516773092
2026-02-20,CWT.N,19.9668310566054
2026-02-23,MGM.N,47.1496813094533
2026-02-23,VEEV.N,33.4894631804584
2026-02-23,LW.N,16.9904397292756
2026-02-23,PLTK.OQ,13.5602750984039
2026-02-23,IRT.N,68.7881575646065
2026-02-23,FTDR.OQ,15.6622937185629
2026-02-23,EOG.N,12.1593328919349
2026-02-23,FNF.N,11.876749917959
2026-02-23,DAVE.OQ,16.421388762173
2026-02-23,DHI.N,14.9123372467059
2026-02-23,CMS.N,22.559414342229
2026-02-23,BANF.OQ,15.7358102427164
2026-02-23,MAA.N,35.233804156812
2026-02-23,KDP.OQ,25.6536201161608
2026-02-23,HBCP.OQ,10.0963322902159
2026-02-23,ALSN.N,14.3427605517617
2026-02-23,BTSG.OQ,139.357401728464
2026-02-23,ANGI.OQ,8.56900786117993
2026-02-23,KTOS.OQ,773.730412667159
2026-02-23,HLNE.OQ,18.0994260371868
2026-02-23,CTRI.N,1096.14035087719
2026-02-23,GENC.A,14.5469539618154
2026-02-23,GPK.N,7.12749977910641
2026-02-23,KEY.N,25.9312285552072
2026-02-23,PRU.N,10.0823337284446
2026-02-23,FDS.N,12.1057179251922
2026-02-23,ESCA.OQ,15.4845648189809
2026-02-23,BFAM.N,20.5611190132045
2026-02-23,SAH.N,17.0394990523052
2026-02-23,AGX.N,52.0592214747382
2026-02-23,DEI.N,115.283942187322
2026-02-23,SENEA.OQ,10.3040899310803
2026-02-23,HAFC.OQ,10.9174767200864
2026-02-23,UNM.N,16.6672156526895
2026-02-23,CWT.N,20.2548771439794
2026-02-24,MGM.N,48.2509877341997
2026-02-24,VEEV.N,34.1936036039541
2026-02-24,LW.N,17.2567024442198
2026-02-24,PLTK.OQ,13.2358666032268
2026-02-24,IRT.N,69.9172033118675
2026-02-24,FTDR.OQ,15.8246415530707
2026-02-24,EOG.N,12.2975184263948
2026-02-24,FNF.N,12.0885438122436
2026-02-24,DAVE.OQ,16.7902973085543
2026-02-24,DHI.N,14.8851001010498
2026-02-24,CMS.N,22.7013346421539
2026-02-24,BANF.OQ,15.8709609499814
2026-02-24,MAA.N,35.4346418614484
2026-02-24,KDP.OQ,26.7393964462368
2026-02-24,HBCP.OQ,10.0895219480303
2026-02-24,ALSN.N,14.9749517263729
2026-02-24,BTSG.OQ,140.437691664343
2026-02-24,ANGI.OQ,8.61190652381412
2026-02-24,KTOS.OQ,689.686644356556
2026-02-24,HLNE.OQ,18.210388601639
2026-02-24,CTRI.N,1086.31578947368
2026-02-24,GENC.A,14.863400554261
2026-02-24,GPK.N,7.16284275321768
2026-02-24,KEY.N,13.8063430284542
2026-02-24,PRU.N,10.033361250977
2026-02-24,FDS.N,12.8202517856984
2026-02-24,ESCA.OQ,15.8247643295326
2026-02-24,BFAM.N,20.6273430346726
2026-02-24,SAH.N,18.4857290759783
2026-02-24,AGX.N,52.7534072855331
2026-02-24,DEI.N,114.714919767839
2026-02-24,SENEA.OQ,10.4079773202286
2026-02-24,HAFC.OQ,10.8924557650366
2026-02-24,UNM.N,16.8554394319406
2026-02-24,CWT.N,20.2374198053507
2026-02-25,MGM.N,48.9530705799755
2026-02-25,VEEV.N,34.3239279364795
2026-02-25,LW.N,16.940065702124
2026-02-25,PLTK.OQ,13.6251567974393
2026-02-25,IRT.N,70.1681023668144
2026-02-25,FTDR.OQ,16.0354089171684
2026-02-25,EOG.N,13.445094077244
2026-02-25,FNF.N,11.9884653786805
2026-02-25,DAVE.OQ,17.0977210972054
2026-02-25,DHI.N,14.2958698500232
2026-02-25,CMS.N,22.6451578567669
2026-02-25,BANF.OQ,16.2536508473949
2026-02-25,MAA.N,35.4240714559412
2026-02-25,KDP.OQ,19.7625867685713
2026-02-25,HBCP.OQ,10.4266338862196
2026-02-25,ALSN.N,16.7596697230667
2026-02-25,BTSG.OQ,142.18009478673
2026-02-25,ANGI.OQ,8.67625451776541
2026-02-25,KTOS.OQ,671.052631578948
2026-02-25,HLNE.OQ,19.0121826157456
2026-02-25,CTRI.N,1076.14035087719
2026-02-25,GENC.A,15.3332757975893
2026-02-25,GPK.N,7.07448531793951
2026-02-25,KEY.N,14.1153421343291
2026-02-25,PRU.N,10.0803348518133
2026-02-25,FDS.N,13.1466595064817
2026-02-25,ESCA.OQ,15.8576868628118
2026-02-25,BFAM.N,20.8001013515459
2026-02-25,SAH.N,18.4063154427163
2026-02-25,AGX.N,52.1334722490678
2026-02-25,DEI.N,117.560031865256
2026-02-25,SENEA.OQ,10.7735070227875
2026-02-25,HAFC.OQ,11.2594297724344
2026-02-25,UNM.N,17.0530744001543
2026-02-25,CWT.N,20.3552568410946
2026-02-26,MGM.N,51.7889346236974
2026-02-26,VEEV.N,35.5688170829913
2026-02-26,LW.N,17.0731970595961
2026-02-26,PLTK.OQ,14.7065184480298
2026-02-26,IRT.N,70.6699004767082
2026-02-26,FTDR.OQ,18.7298133284724
2026-02-26,EOG.N,13.2947285353189
2026-02-26,FNF.N,12.1490563534677
2026-02-26,DAVE.OQ,19.073166861699
2026-02-26,DHI.N,14.4329634831588
2026-02-26,CMS.N,22.7811648108616
2026-02-26,BANF.OQ,16.4442844765898
2026-02-26,MAA.N,35.905024906518
2026-02-26,KDP.OQ,19.8805723612194
2026-02-26,HBCP.OQ,10.4777114526119
2026-02-26,ALSN.N,17.0450976054103
2026-02-26,BTSG.OQ,139.845274602732
2026-02-26,ANGI.OQ,8.65480518644831
2026-02-26,KTOS.OQ,700.790994828111
2026-02-26,HLNE.OQ,19.3486497466653
2026-02-26,CTRI.N,1102.80701754386
2026-02-26,GENC.A,15.4004008323504
2026-02-26,GPK.N,7.12749977910641
2026-02-26,KEY.N,14.3717456477147
2026-02-26,PRU.N,10.2252534075849
2026-02-26,FDS.N,13.6334078620358
2026-02-26,ESCA.OQ,16.3734732175192
2026-02-26,BFAM.N,21.6408584936627
2026-02-26,SAH.N,18.6563213252076
2026-02-26,AGX.N,53.3344490592545
2026-02-26,DEI.N,119.494708091499
2026-02-26,SENEA.OQ,10.778124240083
2026-02-26,HAFC.OQ,11.3678539109838
2026-02-26,UNM.N,17.3683492304
2026-02-26,CWT.N,19.4605682363724
2026-02-27,MGM.N,50.7426935201883
2026-02-27,VEEV.N,35.4034802432202
2026-02-27,LW.N,17.3394597745402
2026-02-27,IRT.N,69.2899556745003
2026-02-27,FTDR.OQ,20.032135553608
2026-02-27,EOG.N,13.6185083518729
2026-02-27,FNF.N,23.8568947237825
2026-02-27,DAVE.OQ,19.1663856879351
2026-02-27,DHI.N,14.5618859725976
2026-02-27,CMS.N,23.0827454482021
2026-02-27,BANF.OQ,15.4687959229879
2026-02-27,MAA.N,35.3738620297821
2026-02-27,KDP.OQ,19.8477985854838
2026-02-27,HBCP.OQ,10.0622805792877
2026-02-27,ALSN.N,17.1120161041416
2026-02-27,BTSG.OQ,144.375522720937
2026-02-27,ANGI.OQ,8.34378988235042
2026-02-27,KTOS.OQ,655.460906601765
2026-02-27,HLNE.OQ,18.7813088929337
2026-02-27,CTRI.N,136.036510444093
2026-02-27,GENC.A,14.978472042423
2026-02-27,GPK.N,7.20407622301417
2026-02-27,KEY.N,13.6354073528638
2026-02-27,PRU.N,9.83247414952796
2026-02-27,FDS.N,13.795021041527
2026-02-27,ESCA.OQ,15.8028159740131
2026-02-27,BFAM.N,22.1887412683194
2026-02-27,SAH.N,18.4474928821855
2026-02-27,AGX.N,53.1835903431564
2026-02-27,DEI.N,112.552634573802
2026-02-27,SENEA.OQ,10.6950143287643
2026-02-27,HAFC.OQ,10.8882856058616
2026-02-27,UNM.N,16.8766146071064
2026-02-27,CWT.N,19.6744206345743
2026-03-02,MGM.N,49.1733318649248
2026-03-02,VEEV.N,35.2945524429004
2026-03-02,LW.N,16.8321213582277
2026-03-02,IRT.N,69.582671238605
2026-03-02,FTDR.OQ,19.7078586035641
2026-03-02,EOG.N,14.1200926778566
2026-03-02,FNF.N,23.3064898152534
2026-03-02,DAVE.OQ,19.7356155417601
2026-03-02,DHI.N,14.0180509643311
2026-03-02,CMS.N,23.0857021211172
2026-03-02,BANF.OQ,15.8920784296078
2026-03-02,MAA.N,35.439927064202
2026-03-02,KDP.OQ,19.6446011759231
2026-03-02,HBCP.OQ,10.3023451413316
2026-03-02,ALSN.N,17.3318911714015
2026-03-02,BTSG.OQ,86.0495436766623
2026-03-02,ANGI.OQ,8.34378988235042
2026-03-02,KTOS.OQ,689.990873136599
2026-03-02,HLNE.OQ,19.1195657426349
2026-03-02,CTRI.N,135.773213972266
2026-03-02,GENC.A,15.4867044484719
2026-03-02,GPK.N,6.93311342149442
2026-03-02,KEY.N,13.7471729869037
2026-03-02,PRU.N,9.98938596508762
2026-03-02,FDS.N,13.99417429027
2026-03-02,ESCA.OQ,14.8679695960649
2026-03-02,BFAM.N,22.2929556999339
2026-03-02,SAH.N,18.0798371726394
2026-03-02,AGX.N,52.4894045323616
2026-03-02,DEI.N,110.617958347559
2026-03-02,SENEA.OQ,10.3972038132059
2026-03-02,HAFC.OQ,10.5030381512103
2026-03-02,UNM.N,16.9660209022507
2026-03-02,CWT.N,21.0788821087241
2026-03-03,MGM.N,49.3522941589461
2026-03-03,VEEV.N,36.1620845668758
2026-03-03,LW.N,16.8788972405828
2026-03-03,IRT.N,69.122689637869
2026-03-03,FTDR.OQ,20.1898919076833
2026-03-03,EOG.N,14.0498489210449
2026-03-03,FNF.N,22.8553382508854
2026-03-03,DAVE.OQ,15.4726434532545
2026-03-03,DHI.N,13.8555359952498
2026-03-03,CMS.N,23.0029152794943
2026-03-03,BANF.OQ,15.9427035799012
2026-03-03,MAA.N,35.297226589855
2026-03-03,KDP.OQ,19.3824109700382
2026-03-03,HBCP.OQ,10.3074528979709
2026-03-03,ALSN.N,17.0437319217627
2026-03-03,BTSG.OQ,84.1249146333892
2026-03-03,ANGI.OQ,8.84784916830218
2026-03-03,KTOS.OQ,676.528749619714
2026-03-03,HLNE.OQ,19.2162105568352
2026-03-03,CTRI.N,131.07776022468
2026-03-03,GENC.A,15.1894364373867
2026-03-03,GPK.N,7.62126115656692
2026-03-03,KEY.N,13.4578972282123
2026-03-03,PRU.N,9.86945336720763
2026-03-03,FDS.N,14.180602091809
2026-03-03,ESCA.OQ,15.0602714492475
2026-03-03,BFAM.N,22.3376190277687
2026-03-03,SAH.N,18.4180804254218
2026-03-03,AGX.N,51.7315752007128
2026-03-03,DEI.N,114.032092864459
2026-03-03,SENEA.OQ,10.4895481591155
2026-03-03,HAFC.OQ,10.4990536906066
2026-03-03,UNM.N,16.624865302358
2026-03-03,CWT.N,21.8033380701608
2026-03-04,MGM.N,50.4948995746204
2026-03-04,VEEV.N,36.661985364772
2026-03-04,LW.N,16.562260498487
2026-03-04,IRT.N,70.0008363301831
2026-03-04,FTDR.OQ,19.8364008179959
2026-03-04,EOG.N,14.0289953057414
2026-03-04,FNF.N,22.9004534073222
2026-03-04,DAVE.OQ,15.6142067268496
2026-03-04,DHI.N,13.8637071389467
2026-03-04,CMS.N,23.0975288127776
2026-03-04,BANF.OQ,15.8836409045589
2026-03-04,MAA.N,35.3527212187678
2026-03-04,KDP.OQ,18.9235781097397
2026-03-04,HBCP.OQ,10.3687459776416
2026-03-04,ALSN.N,17.3359882223442
2026-03-04,BTSG.OQ,86.8359512427309
2026-03-04,ANGI.OQ,9.62002509571764
2026-03-04,KTOS.OQ,677.897779129906
2026-03-04,HLNE.OQ,19.2215797131797
2026-03-04,CTRI.N,133.447428471125
2026-03-04,GENC.A,15.2565614721479
2026-03-04,GPK.N,7.56045322180707
2026-03-04,KEY.N,13.6156840056803
2026-03-04,PRU.N,9.8734511204703
2026-03-04,FDS.N,14.34157899894
2026-03-04,ESCA.OQ,15.3386030788539
2026-03-04,BFAM.N,22.5579581117536
2026-03-04,SAH.N,18.8651497682298
2026-03-04,AGX.N,54.6108552274902
2026-03-04,DEI.N,117.787640833049
2026-03-04,SENEA.OQ,10.7588858346852
2026-03-04,HAFC.OQ,10.5428827572467
2026-03-04,UNM.N,17.2671789490525
2026-03-04,CWT.N,21.8219138640438
2026-02-12,SON.N,50.7257841237195
2026-02-12,TFIN.N,68.5361628410568
2026-02-12,ETSY.N,32.3798186338013
2026-02-12,UCB.N,13.6634611200557
2026-02-12,BELFB.OQ,41.0467662386275
2026-02-12,LMB.OQ,30.1596532036371
2026-02-12,TDY.N,37.4481488284344
2026-02-12,TBPH.OQ,34.4815328285521
2026-02-12,CSGP.OQ,876.070038910506
2026-02-12,VFC.N,36.3603603603604
2026-02-12,NUE.N,26.5370430754354
2026-02-12,LEU.N,44.5247963687769
2026-02-12,ACMR.OQ,36.7288937784348
2026-02-12,XHR.N,27.6408827940861
2026-02-12,ROCK.OQ,12.2750590812151
2026-02-12,HRTG.N,5.24624157594609
2026-02-12,SSB.N,14.0773733949173
2026-02-12,BKE.N,12.9272879949322
2026-02-12,CWENa.N,15.9898759288237
2026-02-12,WRBY.N,5668.43501326261
2026-02-12,UTL.N,17.0577547872465
2026-02-12,JNJ.N,22.1469350199599
2026-02-12,NC.N,14.1099008500405
2026-02-12,LGIH.OQ,13.1898638643631
2026-02-12,RGLD.OQ,37.3919921695608
2026-02-12,MDXG.OQ,18.641957222385
2026-02-12,FUNC.OQ,9.90127904786414
2026-02-12,XOM.N,21.7941785282352
2026-02-12,GIII.OQ,9.15239173575855
2026-02-12,MNKD.OQ,60.7925709966526
2026-02-12,APAM.N,11.7906874512584
2026-02-12,NJR.N,16.6186311740039
2026-02-12,RGEN.OQ,5150.6796116505
2026-02-12,GEHC.OQ,17.2786509251163
2026-02-13,SON.N,51.0916426057034
2026-02-13,TFIN.N,66.8687743611953
2026-02-13,ETSY.N,32.0226882812226
2026-02-13,UCB.N,13.6713727941264
2026-02-13,BELFB.OQ,41.7488513538412
2026-02-13,LMB.OQ,29.1221717064919
2026-02-13,TDY.N,38.258762478612
2026-02-13,TBPH.OQ,34.7125946464754
2026-02-13,CSGP.OQ,875.291828793774
2026-02-13,VFC.N,36.5765765765766
2026-02-13,NUE.N,25.7527800577937
2026-02-13,LEU.N,47.8881975631569
2026-02-13,ACMR.OQ,37.1529090888255
2026-02-13,XHR.N,28.0872794800371
2026-02-13,ROCK.OQ,12.6209003400772
2026-02-13,HRTG.N,5.14670813893209
2026-02-13,SSB.N,14.2901262104606
2026-02-13,BKE.N,13.1237140233452
2026-02-13,CWENa.N,16.3233546246655
2026-02-13,WRBY.N,5957.55968169762
2026-02-13,UTL.N,17.7804842956901
2026-02-13,JNJ.N,22.047316829316
2026-02-13,NC.N,14.2745077866797
2026-02-13,LGIH.OQ,13.4237814768146
2026-02-13,RGLD.OQ,39.2207396968447
2026-02-13,MDXG.OQ,18.7518312335189
2026-02-13,FUNC.OQ,9.98087132316851
2026-02-13,XOM.N,21.5790422364871
2026-02-13,GIII.OQ,9.17674129807517
2026-02-13,MNKD.OQ,61.1165100961019
2026-02-13,APAM.N,11.6134485861533
2026-02-13,NJR.N,16.7701594448499
2026-02-13,RGEN.OQ,5298.64077669904
2026-02-13,GEHC.OQ,17.6499277218544
2026-02-17,SON.N,56.0851164814302
2026-02-17,TFIN.N,67.7782589865742
2026-02-17,ETSY.N,31.0633381184132
2026-02-17,UCB.N,13.7940037422218
2026-02-17,BELFB.OQ,41.9001293620917
2026-02-17,LMB.OQ,30.1200042292239
2026-02-17,TDY.N,37.6248730337983
2026-02-17,TBPH.OQ,33.4328676549003
2026-02-17,CSGP.OQ,889.88326848249
2026-02-17,VFC.N,36.1981981981982
2026-02-17,NUE.N,25.8104051182298
2026-02-17,LEU.N,47.9266639099118
2026-02-17,ACMR.OQ,37.3477269341401
2026-02-17,XHR.N,28.4086850939219
2026-02-17,ROCK.OQ,12.3004207735316
2026-02-17,HRTG.N,5.10730948678072
2026-02-17,SSB.N,14.2901262104606
2026-02-17,BKE.N,13.2268376882621
2026-02-17,CWENa.N,16.2378472667573
2026-02-17,WRBY.N,5824.93368700266
2026-02-17,UTL.N,17.7035269869206
2026-02-17,JNJ.N,22.0364493903367
2026-02-17,NC.N,14.9200756163115
2026-02-17,LGIH.OQ,12.8312637509351
2026-02-17,RGLD.OQ,38.2570144257198
2026-02-17,MDXG.OQ,18.8983299150308
2026-02-17,FUNC.OQ,9.99678977822939
2026-02-17,XOM.N,21.2505233044934
2026-02-17,GIII.OQ,9.32283867197487
2026-02-17,MNKD.OQ,59.8207536983047
2026-02-17,APAM.N,11.5589125514684
2026-02-17,NJR.N,16.7485125490148
2026-02-17,RGEN.OQ,5258.64077669904
2026-02-17,GEHC.OQ,17.9289345454386
2026-02-18,SON.N,56.9849305857691
2026-02-18,TFIN.N,66.7713295799047
2026-02-18,ETSY.N,30.8462588844928
2026-02-18,UCB.N,13.1959266740232
2026-02-18,BELFB.OQ,40.1138851877496
2026-02-18,LMB.OQ,30.6024000845845
2026-02-18,TDY.N,38.3960858775342
2026-02-18,TBPH.OQ,34.0727311506879
2026-02-18,CSGP.OQ,952.140077821011
2026-02-18,VFC.N,37.2612612612613
2026-02-18,NUE.N,25.9368991533333
2026-02-18,LEU.N,49.6864992739477
2026-02-18,ACMR.OQ,37.0211205464068
2026-02-18,XHR.N,28.033711877723
2026-02-18,ROCK.OQ,12.1943627874805
2026-02-18,HRTG.N,5.03888024883359
2026-02-18,SSB.N,14.2324770604424
2026-02-18,BKE.N,13.0770628415971
2026-02-18,CWENa.N,16.0497310793594
2026-02-18,WRBY.N,6031.8302387268
2026-02-18,UTL.N,17.2384371643574
2026-02-18,JNJ.N,22.1867822962174
2026-02-18,NC.N,14.4956983577886
2026-02-18,LGIH.OQ,12.0533773510375
2026-02-18,RGLD.OQ,38.0788006486981
2026-02-18,MDXG.OQ,19.1180779372986
2026-02-18,FUNC.OQ,9.80311524165542
2026-02-18,XOM.N,21.9032002977021
2026-02-18,GIII.OQ,9.66373254440752
2026-02-18,MNKD.OQ,58.7409567001404
2026-02-18,APAM.N,11.5698197584054
2026-02-18,NJR.N,16.3001125638583
2026-02-18,RGEN.OQ,5363.49514563108
2026-02-18,GEHC.OQ,18.2233196978817
2026-02-19,SON.N,55.4423921211882
2026-02-19,TFIN.N,67.0853183196189
2026-02-19,ETSY.N,33.7103042610553
2026-02-19,UCB.N,13.1921084082032
2026-02-19,BELFB.OQ,41.6286047318985
2026-02-19,LMB.OQ,31.5176305772891
2026-02-19,TDY.N,38.6098931948434
2026-02-19,TBPH.OQ,34.5348547865344
2026-02-19,CSGP.OQ,954.669260700389
2026-02-19,VFC.N,37.4954954954955
2026-02-19,NUE.N,25.3044289778157
2026-02-19,LEU.N,50.2178156884995
2026-02-19,ACMR.OQ,37.4451358567974
2026-02-19,XHR.N,28.2836940218556
2026-02-19,ROCK.OQ,12.2543086056833
2026-02-19,HRTG.N,5.05132192846034
2026-02-19,SSB.N,14.2214962699627
2026-02-19,BKE.N,13.1482672768969
2026-02-19,CWENa.N,15.720527751413
2026-02-19,WRBY.N,6180.37135278515
2026-02-19,UTL.N,17.2518210441434
2026-02-19,JNJ.N,22.3606613198867
2026-02-19,NC.N,14.4005349725441
2026-02-19,LGIH.OQ,11.788564959583
2026-02-19,RGLD.OQ,37.2576463991906
2026-02-19,MDXG.OQ,19.0448285965426
2026-02-19,FUNC.OQ,9.65984914610754
2026-02-19,XOM.N,22.5987770284936
2026-02-19,GIII.OQ,9.62416450564301
2026-02-19,MNKD.OQ,59.7127739984883
2026-02-19,APAM.N,11.4062116543506
2026-02-19,NJR.N,16.3495911829101
2026-02-19,RGEN.OQ,5328.93203883497
2026-02-19,GEHC.OQ,18.236501122618
2026-02-20,SON.N,55.8181386702528
2026-02-20,TFIN.N,67.4642702468602
2026-02-20,ETSY.N,43.1689197015073
2026-02-20,UCB.N,13.2646554587837
2026-02-20,BELFB.OQ,41.894310977159
2026-02-20,LMB.OQ,32.4592937196024
2026-02-20,TDY.N,38.7472165937655
2026-02-20,TBPH.OQ,34.9436564643987
2026-02-20,CSGP.OQ,970.23346303502
2026-02-20,VFC.N,38.2522522522523
2026-02-20,NUE.N,25.300212509979
2026-02-20,LEU.N,48.9796801523268
2026-02-20,ACMR.OQ,38.1556479985331
2026-02-20,XHR.N,28.7479465752446
2026-02-20,ROCK.OQ,12.1713067035564
2026-02-20,HRTG.N,4.99740798341109
2026-02-20,SSB.N,14.4726818521848
2026-02-20,BKE.N,13.2440249657482
2026-02-20,CWENa.N,15.8103104772166
2026-02-20,WRBY.N,6289.12466843502
2026-02-20,UTL.N,17.3020105933408
2026-02-20,JNJ.N,21.9603773174814
2026-02-20,NC.N,14.3439513380744
2026-02-20,LGIH.OQ,12.2387460250557
2026-02-20,RGLD.OQ,41.8622653182699
2026-02-20,MDXG.OQ,18.9349545854087
2026-02-20,FUNC.OQ,9.63597146351623
2026-02-20,XOM.N,22.0464190286583
2026-02-20,GIII.OQ,9.70634427846159
2026-02-20,MNKD.OQ,59.8207536983047
2026-02-20,APAM.N,11.343495214463
2026-02-20,NJR.N,16.467102903158
2026-02-20,RGEN.OQ,5269.12621359225
2026-02-20,GEHC.OQ,18.5045234255887
2026-02-23,SON.N,56.2334374876399
2026-02-23,TFIN.N,61.6284105673451
2026-02-23,ETSY.N,43.3261081787647
2026-02-23,UCB.N,12.7186434465195
2026-02-23,BELFB.OQ,41.8147930497453
2026-02-23,LMB.OQ,30.585879678579
2026-02-23,TDY.N,35.6225226819296
2026-02-23,TBPH.OQ,34.2326970246347
2026-02-23,CSGP.OQ,931.322957198443
2026-02-23,VFC.N,35.4594594594595
2026-02-23,NUE.N,25.1371757536233
2026-02-23,LEU.N,48.3209439641494
2026-02-23,ACMR.OQ,37.3133473143787
2026-02-23,XHR.N,28.4265409613599
2026-02-23,ROCK.OQ,11.6202662977693
2026-02-23,HRTG.N,4.8646967340591
2026-02-23,SSB.N,12.7713174849469
2026-02-23,BKE.N,13.0034030809423
2026-02-23,CWENa.N,16.0283542398823
2026-02-23,WRBY.N,5888.59416445624
2026-02-23,UTL.N,17.4224655114148
2026-02-23,JNJ.N,22.2637599889877
2026-02-23,NC.N,14.3928190223891
2026-02-23,LGIH.OQ,17.0221617729418
2026-02-23,RGLD.OQ,41.8138848897659
2026-02-23,MDXG.OQ,19.5209493114562
2026-02-23,FUNC.OQ,9.31760236229873
2026-02-23,XOM.N,22.5673420203729
2026-02-23,GIII.OQ,9.31370758610614
2026-02-23,MNKD.OQ,60.144692797754
2026-02-23,APAM.N,10.0049825610364
2026-02-23,NJR.N,16.5073042811375
2026-02-23,RGEN.OQ,5258.25242718448
2026-02-23,GEHC.OQ,18.4232379730484
2026-02-24,SON.N,56.4410868963335
2026-02-24,TFIN.N,61.4118666089216
2026-02-24,ETSY.N,45.0055429620928
2026-02-24,UCB.N,12.6384598642988
2026-02-24,BELFB.OQ,41.8341876661876
2026-02-24,LMB.OQ,30.1794776908437
2026-02-24,TDY.N,36.1946699187233
2026-02-24,TBPH.OQ,33.8772173047528
2026-02-24,CSGP.OQ,956.225680933852
2026-02-24,VFC.N,35.6216216216216
2026-02-24,NUE.N,24.6171447204201
2026-02-24,LEU.N,49.8067066075567
2026-02-24,ACMR.OQ,38.8260505838806
2026-02-24,XHR.N,28.033711877723
2026-02-24,ROCK.OQ,11.7101850250735
2026-02-24,HRTG.N,5.73561430793157
2026-02-24,SSB.N,12.6811640208953
2026-02-24,BKE.N,13.1605439036727
2026-02-24,CWENa.N,15.5153100924335
2026-02-24,WRBY.N,5899.20424403184
2026-02-24,UTL.N,17.3455082026453
2026-02-24,JNJ.N,22.3036072652452
2026-02-24,NC.N,14.4416867067039
2026-02-24,LGIH.OQ,16.6733338667093
2026-02-24,RGLD.OQ,42.2287837160274
2026-02-24,MDXG.OQ,19.5941986522121
2026-02-24,FUNC.OQ,9.50597074718575
2026-02-24,XOM.N,22.3428062480821
2026-02-24,GIII.OQ,9.45067387413711
2026-02-24,MNKD.OQ,59.8207536983047
2026-02-24,APAM.N,9.98006975585451
2026-02-24,NJR.N,16.5907994507873
2026-02-24,RGEN.OQ,5229.90291262137
2026-02-24,GEHC.OQ,18.4649791513799
2026-02-25,SON.N,55.2149665783333
2026-02-25,TFIN.N,63.3499350368125
2026-02-25,ETSY.N,44.2113274980558
2026-02-25,UCB.N,12.8561010160405
2026-02-25,BELFB.OQ,44.5999843912377
2026-02-25,LMB.OQ,30.7477796574329
2026-02-25,TDY.N,35.8852865980867
2026-02-25,TBPH.OQ,33.8772173047528
2026-02-25,CSGP.OQ,871.206225680934
2026-02-25,VFC.N,35.2072072072072
2026-02-25,NUE.N,24.6635258666247
2026-02-25,LEU.N,50.6385413561311
2026-02-25,ACMR.OQ,39.2328760843905
2026-02-25,XHR.N,24.3859927111393
2026-02-25,ROCK.OQ,11.345898899072
2026-02-25,HRTG.N,5.65266977708657
2026-02-25,SSB.N,13.0113034667181
2026-02-25,BKE.N,13.2268376882621
2026-02-25,CWENa.N,24.8442953938813
2026-02-25,WRBY.N,5774.53580901857
2026-02-25,UTL.N,17.3455082026453
2026-02-25,JNJ.N,22.2030834546864
2026-02-25,NC.N,15.1721299880403
2026-02-25,LGIH.OQ,16.2861028882311
2026-02-25,RGLD.OQ,42.1408193005656
2026-02-25,MDXG.OQ,19.3378259595664
2026-02-25,FUNC.OQ,9.73148219388148
2026-02-25,XOM.N,22.31286814511
2026-02-25,GIII.OQ,9.49328560819119
2026-02-25,MNKD.OQ,37.7928949357521
2026-02-25,APAM.N,10.2167414050822
2026-02-25,NJR.N,16.5196739359005
2026-02-25,RGEN.OQ,5131.65048543691
2026-02-25,GEHC.OQ,18.4605853431345
2026-02-26,SON.N,55.2545188466558
2026-02-26,TFIN.N,63.9237765266349
2026-02-26,ETSY.N,45.6508430266228
2026-02-26,UCB.N,13.1081065601625
2026-02-26,BELFB.OQ,43.950988486484
2026-02-26,LMB.OQ,32.3535631211673
2026-02-26,TDY.N,35.9615728963259
2026-02-26,TBPH.OQ,32.3308805232662
2026-02-26,CSGP.OQ,875.486381322957
2026-02-26,VFC.N,35.4594594594595
2026-02-26,NUE.N,23.3095251684734
2026-02-26,LEU.N,50.717878196313
2026-02-26,ACMR.OQ,32.6835585198428
2026-02-26,XHR.N,25.3050229757566
2026-02-26,ROCK.OQ,11.3043979480085
2026-02-26,HRTG.N,5.7874546397097
2026-02-26,SSB.N,13.1712941212323
2026-02-26,BKE.N,13.3741572095718
2026-02-26,CWENa.N,24.6252823215386
2026-02-26,WRBY.N,6803.71352785147
2026-02-26,UTL.N,17.2317452244644
2026-02-26,JNJ.N,22.0491280691459
2026-02-26,NC.N,14.4956983577886
2026-02-26,LGIH.OQ,16.6285302824226
2026-02-26,RGLD.OQ,43.1582743727404
2026-02-26,MDXG.OQ,15.2285828786337
2026-02-26,FUNC.OQ,9.54311380899446
2026-02-26,XOM.N,22.2350290773825
2026-02-26,GIII.OQ,9.66981993498667
2026-02-26,MNKD.OQ,34.9854227405248
2026-02-26,APAM.N,10.2964623816642
2026-02-26,NJR.N,16.5629677275707
2026-02-26,RGEN.OQ,5190.29126213593
2026-02-26,GEHC.OQ,18.4364193977846
2026-02-27,SON.N,9.52760170001974
2026-02-27,TFIN.N,60.4807275877003
2026-02-27,ETSY.N,45.4026506941112
2026-02-27,UCB.N,12.2833611430361
2026-02-27,BELFB.OQ,43.5299626621976
2026-02-27,LMB.OQ,30.2059103404525
2026-02-27,TDY.N,36.0823595352045
2026-02-27,TBPH.OQ,32.4375244392307
2026-02-27,CSGP.OQ,3590.50683829445
2026-02-27,VFC.N,34.990990990991
2026-02-27,NUE.N,23.4780981253891
2026-02-27,LEU.N,48.7056074316982
2026-02-27,ACMR.OQ,31.9042871385842
2026-02-27,XHR.N,24.2116938678498
2026-02-27,ROCK.OQ,14.2381732060622
2026-02-27,HRTG.N,5.77916018662519
2026-02-27,SSB.N,12.5287919689771
2026-02-27,BKE.N,13.1482672768969
2026-02-27,CWENa.N,24.6526589555814
2026-02-27,WRBY.N,2068.6517783292
2026-02-27,UTL.N,17.5027687901307
2026-02-27,JNJ.N,22.4983155469582
2026-02-27,NC.N,14.7580406630573
2026-02-27,LGIH.OQ,16.6093287462997
2026-02-27,RGLD.OQ,43.9514201854876
2026-02-27,MDXG.OQ,15.0744474243966
2026-02-27,FUNC.OQ,9.4104600168205
2026-02-27,XOM.N,22.8278035162302
2026-02-27,GIII.OQ,9.31066389081656
2026-02-27,MNKD.OQ,169.860176074573
2026-02-27,APAM.N,10.0348779272546
2026-02-27,NJR.N,16.7732518585406
2026-02-27,RGEN.OQ,148.939616572757
2026-02-27,GEHC.OQ,18.5133110420795
2026-03-02,SON.N,9.51241692663562
2026-03-02,TFIN.N,62.0831528800347
2026-03-02,ETSY.N,44.6498006188262
2026-03-02,UCB.N,12.4131821809171
2026-03-02,BELFB.OQ,42.1313354117632
2026-03-02,LMB.OQ,29.4624920702051
2026-03-02,TDY.N,36.4791542392402
2026-03-02,TBPH.OQ,33.6817034588177
2026-03-02,CSGP.OQ,3633.95012067579
2026-03-02,VFC.N,34.1081081081081
2026-03-02,NUE.N,23.9678888427267
2026-03-02,LEU.N,50.0038466346755
2026-03-02,ACMR.OQ,32.7236680762311
2026-03-02,XHR.N,24.0532403739502
2026-03-02,ROCK.OQ,14.1379925678489
2026-03-02,HRTG.N,5.97822706065319
2026-03-02,SSB.N,12.6684663499021
2026-03-02,BKE.N,12.8266196553705
2026-03-02,CWENa.N,24.4268017247279
2026-03-02,WRBY.N,2174.52440033085
2026-03-02,UTL.N,17.4090816316288
2026-03-02,JNJ.N,22.5100886058525
2026-03-02,NC.N,15.1335502372655
2026-03-02,LGIH.OQ,16.033282662613
2026-03-02,RGLD.OQ,44.6111533014511
2026-03-02,MDXG.OQ,15.0436203335491
2026-03-02,FUNC.OQ,9.50331767134227
2026-03-02,XOM.N,23.0852712017903
2026-03-02,GIII.OQ,9.30153280494783
2026-03-02,MNKD.OQ,157.172449508027
2026-03-02,APAM.N,10.0697558545092
2026-03-02,NJR.N,16.850562200809
2026-03-02,RGEN.OQ,144.589325589198
2026-03-02,GEHC.OQ,17.6103834476456
2026-03-03,SON.N,9.36563078392236
2026-03-03,TFIN.N,66.3165872672153
2026-03-03,ETSY.N,45.0551814285951
2026-03-03,UCB.N,12.3711812568967
2026-03-03,BELFB.OQ,40.0036146607353
2026-03-03,LMB.OQ,27.0569361026018
2026-03-03,TDY.N,36.3551890046015
2026-03-03,TBPH.OQ,24.8124844477623
2026-03-03,CSGP.OQ,3763.47546259051
2026-03-03,VFC.N,33.8558558558559
2026-03-03,NUE.N,23.5471201234963
2026-03-03,LEU.N,47.4458345754758
2026-03-03,ACMR.OQ,37.0535457525738
2026-03-03,XHR.N,24.1007764221201
2026-03-03,ROCK.OQ,13.721616790275
2026-03-03,HRTG.N,5.80819077242094
2026-03-03,SSB.N,12.5173640650832
2026-03-03,BKE.N,12.9101007174461
2026-03-03,CWENa.N,24.0845937991924
2026-03-03,WRBY.N,2272.95285359802
2026-03-03,UTL.N,17.4157735715218
2026-03-03,JNJ.N,22.3461714012476
2026-03-03,NC.N,14.6088656267281
2026-03-03,LGIH.OQ,15.694055524442
2026-03-03,RGLD.OQ,41.1952018343513
2026-03-03,MDXG.OQ,14.6736952433799
2026-03-03,FUNC.OQ,9.63331838767275
2026-03-03,XOM.N,22.7275108712736
2026-03-03,GIII.OQ,9.26805215676248
2026-03-03,MNKD.OQ,151.475919212843
2026-03-03,APAM.N,9.96512207274539
2026-03-03,NJR.N,17.0855856413048
2026-03-03,RGEN.OQ,142.379470328933
2026-03-03,GEHC.OQ,17.1644119107354
2026-03-04,SON.N,9.27620934066027
2026-03-04,TFIN.N,66.6089216110871
2026-03-04,ETSY.N,46.0396776808908
2026-03-04,UCB.N,12.4246369783772
2026-03-04,BELFB.OQ,40.2439074482549
2026-03-04,LMB.OQ,26.9116515148237
2026-03-04,TDY.N,36.1708304505236
2026-03-04,TBPH.OQ,24.2881518609363
2026-03-04,CSGP.OQ,3829.4448913918
2026-03-04,VFC.N,33.7117117117117
2026-03-04,NUE.N,23.3705830898759
2026-03-04,LEU.N,48.823410618635
2026-03-04,ACMR.OQ,37.2548455742796
2026-03-04,XHR.N,24.813817144668
2026-03-04,ROCK.OQ,13.4774264846301
2026-03-04,HRTG.N,5.84551581130119
2026-03-04,SSB.N,12.5630756806587
2026-03-04,BKE.N,13.0132243823629
2026-03-04,CWENa.N,24.2214769694066
2026-03-04,WRBY.N,2263.02729528536
2026-03-04,UTL.N,17.7972141454225
2026-03-04,JNJ.N,22.2148565135807
2026-03-04,NC.N,14.9715152840113
2026-03-04,LGIH.OQ,15.5692455396432
2026-03-04,RGLD.OQ,41.2259893797629
2026-03-04,MDXG.OQ,14.8586577884645
2026-03-04,FUNC.OQ,9.57760379495968
2026-03-04,XOM.N,22.426632936404
2026-03-04,GIII.OQ,9.33805714842276
2026-03-04,MNKD.OQ,152.770585189021
2026-03-04,APAM.N,9.97757847533632
2026-03-04,NJR.N,17.0794008139233
2026-03-04,RGEN.OQ,145.595908875288
2026-03-04,GEHC.OQ,17.3599363776566
2026-02-06,BILL.N,444.262890341322
2026-02-12,MFIN.OQ,5.78099757389488
2026-02-12,CARS.N,23.8722746182832
2026-02-12,SCCO.N,42.630990370589
2026-02-12,HLT.N,52.6215209721678
2026-02-12,ALG.N,21.6914791473548
2026-02-12,TTD.OQ,29.8252019533568
2026-02-12,MITT.N,9.03873436223722
2026-02-12,ESOA.OQ,105.856537530266
2026-02-12,UHALb.N,74.3479122520847
2026-02-12,ZD.OQ,11.7235577297584
2026-02-12,MTB.N,14.2565024499128
2026-02-12,LINC.OQ,60.2688919796013
2026-02-12,DGX.N,24.4175656326836
2026-02-12,INCY.OQ,15.7307335596269
2026-02-12,WAFD.OQ,11.3190305094602
2026-02-12,SEIC.OQ,14.2156484269584
2026-02-12,CBSH.OQ,13.5280977838014
2026-02-12,CTRA.N,14.2101982872048
2026-02-12,GLUE.OQ,73.8375573737777
2026-02-12,KNSL.N,19.7061571175347
2026-02-12,ACCO.N,9.34084895893247
2026-02-12,SFM.OQ,13.0988466119832
2026-02-12,PRG.N,8.45531919210364
2026-02-12,XYZ.N,24.683846637335
2026-02-12,AVNT.N,33.9519446901398
2026-02-12,LBRT.N,27.6155012486621
2026-02-12,IQV.N,23.1759809815581
2026-02-12,WINA.OQ,39.1649727185193
2026-02-12,RAMP.N,21.943751417555
2026-02-12,PBI.N,23.5886255044765
2026-02-12,SBAC.OQ,25.0879317594157
2026-02-12,LYFT.OQ,1.88164523561659
2026-02-12,FANG.OQ,11.6429558448097
2026-02-12,EEFT.OQ,9.90789596563317
2026-02-13,MFIN.OQ,5.78099757389488
2026-02-13,CARS.N,24.1336498878265
2026-02-13,SCCO.N,42.6633110607866
2026-02-13,HLT.N,51.3883444400888
2026-02-13,ALG.N,21.8615270718369
2026-02-13,TTD.OQ,29.4486787458354
2026-02-13,MITT.N,9.28592923777998
2026-02-13,ESOA.OQ,107.521186440678
2026-02-13,UHALb.N,75.7504154153391
2026-02-13,ZD.OQ,11.8793525168648
2026-02-13,MTB.N,14.090772149177
2026-02-13,LINC.OQ,63.8011347329845
2026-02-13,DGX.N,24.4187460235582
2026-02-13,INCY.OQ,15.7853812692633
2026-02-13,WAFD.OQ,11.3813370994205
2026-02-13,SEIC.OQ,14.4546286798363
2026-02-13,CBSH.OQ,13.4528022488266
2026-02-13,CTRA.N,14.4825835045359
2026-02-13,GLUE.OQ,71.5226501696268
2026-02-13,KNSL.N,18.2476066356184
2026-02-13,ACCO.N,9.45588404463361
2026-02-13,SFM.OQ,13.3564462865942
2026-02-13,PRG.N,8.4629274577234
2026-02-13,XYZ.N,25.0408548082967
2026-02-13,AVNT.N,34.6903832577313
2026-02-13,LBRT.N,28.8753121655369
2026-02-13,IQV.N,22.9138185671383
2026-02-13,WINA.OQ,40.6342498484362
2026-02-13,RAMP.N,23.0210932184169
2026-02-13,PBI.N,23.7741800807162
2026-02-13,SBAC.OQ,25.274243862401
2026-02-13,LYFT.OQ,1.91336645797947
2026-02-13,FANG.OQ,11.7625704909277
2026-02-13,EEFT.OQ,9.91665110197983
2026-02-17,MFIN.OQ,5.85980377256531
2026-02-17,CARS.N,24.1554311602884
2026-02-17,SCCO.N,40.5085983809489
2026-02-17,HLT.N,51.9110152881223
2026-02-17,ALG.N,21.6603728197057
2026-02-17,TTD.OQ,28.8211400666332
2026-02-17,MITT.N,9.16770560165083
2026-02-17,ESOA.OQ,107.218523002421
2026-02-17,UHALb.N,76.6041129929722
2026-02-17,ZD.OQ,11.7586115568573
2026-02-17,MTB.N,14.0692087271482
2026-02-17,LINC.OQ,66.5165463496479
2026-02-17,DGX.N,24.2558520828587
2026-02-17,INCY.OQ,15.7947494480581
2026-02-17,WAFD.OQ,11.4367207349408
2026-02-17,SEIC.OQ,14.5263227556997
2026-02-17,CBSH.OQ,13.3047210300429
2026-02-17,CTRA.N,14.3440825465709
2026-02-17,GLUE.OQ,73.2787866693275
2026-02-17,KNSL.N,18.5095363549113
2026-02-17,ACCO.N,9.47889106177384
2026-02-17,SFM.OQ,13.0852887343721
2026-02-17,PRG.N,8.58973188471956
2026-02-17,XYZ.N,25.5487115021999
2026-02-17,AVNT.N,34.9257098342165
2026-02-17,LBRT.N,29.7449161612558
2026-02-17,IQV.N,22.5706740456465
2026-02-17,WINA.OQ,40.8473306943404
2026-02-17,RAMP.N,23.2006501852272
2026-02-17,PBI.N,23.7509857586863
2026-02-17,SBAC.OQ,25.5700772691681
2026-02-17,LYFT.OQ,1.91769207921078
2026-02-17,FANG.OQ,11.7243216215295
2026-02-17,EEFT.OQ,10.2945811542772
2026-02-18,MFIN.OQ,5.97801307057095
2026-02-18,CARS.N,24.7870880616846
2026-02-18,SCCO.N,41.5126944897533
2026-02-18,HLT.N,51.594146086502
2026-02-18,ALG.N,21.0496519201936
2026-02-18,TTD.OQ,29.0949751266487
2026-02-18,MITT.N,9.01723915566829
2026-02-18,ESOA.OQ,108.807506053269
2026-02-18,UHALb.N,78.6316447398509
2026-02-18,ZD.OQ,12.0078832162276
2026-02-18,MTB.N,14.2780658719416
2026-02-18,LINC.OQ,65.8763273505972
2026-02-18,DGX.N,24.126009086649
2026-02-18,INCY.OQ,16.0804789013
2026-02-18,WAFD.OQ,11.4540281210409
2026-02-18,SEIC.OQ,14.9362658048671
2026-02-18,CBSH.OQ,13.3423687975303
2026-02-18,CTRA.N,14.5287504905242
2026-02-18,GLUE.OQ,72.9594891239274
2026-02-18,KNSL.N,18.6530325613532
2026-02-18,ACCO.N,9.68595421603589
2026-02-18,SFM.OQ,13.1065939706181
2026-02-18,PRG.N,9.16035180620226
2026-02-18,XYZ.N,26.9516027655563
2026-02-18,AVNT.N,48.551204244865
2026-02-18,LBRT.N,30.2354620049946
2026-02-18,IQV.N,21.7611992703014
2026-02-18,WINA.OQ,39.8068899112014
2026-02-18,RAMP.N,23.7298707189839
2026-02-18,PBI.N,25.7920860973234
2026-02-18,SBAC.OQ,24.8575593618055
2026-02-18,LYFT.OQ,1.97680890270524
2026-02-18,FANG.OQ,12.101246843599
2026-02-18,EEFT.OQ,10.3835917071349
2026-02-19,MFIN.OQ,5.85980377256531
2026-02-19,CARS.N,24.5692753370652
2026-02-19,SCCO.N,41.8165089776104
2026-02-19,HLT.N,51.0796419704691
2026-02-19,ALG.N,21.8034619268918
2026-02-19,TTD.OQ,28.7983204782986
2026-02-19,MITT.N,8.98499634581488
2026-02-19,ESOA.OQ,103.662227602906
2026-02-19,UHALb.N,78.5401771422474
2026-02-19,ZD.OQ,11.8637730381541
2026-02-19,MTB.N,13.4399802896714
2026-02-19,LINC.OQ,68.6800450360951
2026-02-19,DGX.N,23.8958328660953
2026-02-19,INCY.OQ,15.8837471466089
2026-02-19,WAFD.OQ,11.5197961882213
2026-02-19,SEIC.OQ,14.8112607495156
2026-02-19,CBSH.OQ,13.4728810581533
2026-02-19,CTRA.N,14.6395512568962
2026-02-19,GLUE.OQ,76.4717621233287
2026-02-19,KNSL.N,18.3793086333117
2026-02-19,ACCO.N,9.5249050960543
2026-02-19,SFM.OQ,13.1414570844753
2026-02-19,PRG.N,13.2918114943587
2026-02-19,XYZ.N,26.5945945945946
2026-02-19,AVNT.N,47.6874235778468
2026-02-19,LBRT.N,29.9790403139493
2026-02-19,IQV.N,21.54493574429
2026-02-19,WINA.OQ,41.3136122106915
2026-02-19,RAMP.N,23.9094276857942
2026-02-19,PBI.N,24.655564317855
2026-02-19,SBAC.OQ,24.9620452033446
2026-02-19,LYFT.OQ,2.00420450383683
2026-02-19,FANG.OQ,12.1506226568221
2026-02-19,EEFT.OQ,10.3631630556593
2026-02-20,MFIN.OQ,5.84854574418382
2026-02-20,CARS.N,24.983119513842
2026-02-20,SCCO.N,43.3118795774177
2026-02-20,HLT.N,51.6072128577028
2026-02-20,ALG.N,22.133188999973
2026-02-20,TTD.OQ,28.6385833599562
2026-02-20,MITT.N,8.85602510640127
2026-02-20,ESOA.OQ,107.521186440678
2026-02-20,UHALb.N,78.9212921322621
2026-02-20,ZD.OQ,12.2259959181766
2026-02-20,MTB.N,13.6400166599206
2026-02-20,LINC.OQ,66.2074751087268
2026-02-20,DGX.N,23.8922916934714
2026-02-20,INCY.OQ,15.8197312581776
2026-02-20,WAFD.OQ,11.4921043704611
2026-02-20,SEIC.OQ,14.9620021397924
2026-02-20,CBSH.OQ,13.5607258489572
2026-02-20,CTRA.N,14.4410332171464
2026-02-20,GLUE.OQ,75.7533426461784
2026-02-20,KNSL.N,18.3503145368046
2026-02-20,ACCO.N,9.70896123317612
2026-02-20,SFM.OQ,12.7405130567602
2026-02-20,PRG.N,13.3181188896964
2026-02-20,XYZ.N,26.7605279698303
2026-02-20,AVNT.N,47.7547311622898
2026-02-20,LBRT.N,29.9344452372458
2026-02-20,IQV.N,21.0691559870649
2026-02-20,WINA.OQ,41.2155415284762
2026-02-20,RAMP.N,24.2307401527179
2026-02-20,PBI.N,12.5659082485443
2026-02-20,SBAC.OQ,25.1194033984335
2026-02-20,LYFT.OQ,2.01141387255566
2026-02-20,FANG.OQ,12.2403336414106
2026-02-20,EEFT.OQ,10.5791230855435
2026-02-23,MFIN.OQ,5.55583700626509
2026-02-23,CARS.N,23.1099300821154
2026-02-23,SCCO.N,44.6133260360397
2026-02-23,HLT.N,50.9277407552594
2026-02-23,ALG.N,21.8967809098394
2026-02-23,TTD.OQ,27.5774725023961
2026-02-23,MITT.N,8.54434461115171
2026-02-23,ESOA.OQ,102.602905569007
2026-02-23,UHALb.N,76.8175373873805
2026-02-23,ZD.OQ,11.509339897487
2026-02-23,MTB.N,13.0299350615068
2026-02-23,LINC.OQ,72.9408128573636
2026-02-23,DGX.N,24.4848479125378
2026-02-23,INCY.OQ,15.7455665093853
2026-02-23,WAFD.OQ,10.9486524469182
2026-02-23,SEIC.OQ,14.5355143038873
2026-02-23,CBSH.OQ,13.1114624902743
2026-02-23,CTRA.N,14.1963481914083
2026-02-23,GLUE.OQ,77.8686888844542
2026-02-23,KNSL.N,17.1870273221625
2026-02-23,ACCO.N,9.22581387323133
2026-02-23,SFM.OQ,13.4995062767984
2026-02-23,PRG.N,12.5552044249039
2026-02-23,XYZ.N,25.5185417976116
2026-02-23,AVNT.N,47.238706348227
2026-02-23,LBRT.N,29.7003210845523
2026-02-23,IQV.N,20.6480781805368
2026-02-23,WINA.OQ,40.1733176420242
2026-02-23,RAMP.N,23.1722990852045
2026-02-23,PBI.N,12.4104783653559
2026-02-23,SBAC.OQ,25.1319920540406
2026-02-23,LYFT.OQ,1.91625020546701
2026-02-23,FANG.OQ,12.0880335978069
2026-02-23,EEFT.OQ,10.291662775495
2026-02-24,MFIN.OQ,5.67967531846148
2026-02-24,CARS.N,23.2188364444251
2026-02-24,SCCO.N,45.3976414515006
2026-02-24,HLT.N,51.0878087024696
2026-02-24,ALG.N,22.3084213123967
2026-02-24,TTD.OQ,28.4560266532792
2026-02-24,MITT.N,8.60883023085852
2026-02-24,ESOA.OQ,107.74818401937
2026-02-24,UHALb.N,77.8694147598213
2026-02-24,ZD.OQ,10.3252995154782
2026-02-24,MTB.N,12.8187529697482
2026-02-24,LINC.OQ,78.2612535046471
2026-02-24,DGX.N,24.7339103870856
2026-02-24,INCY.OQ,15.777574453601
2026-02-24,WAFD.OQ,10.9555754013583
2026-02-24,SEIC.OQ,14.2425910471083
2026-02-24,CBSH.OQ,13.101423085611
2026-02-24,CTRA.N,14.0809307264375
2026-02-24,GLUE.OQ,76.6713230892037
2026-02-24,KNSL.N,17.5587135046595
2026-02-24,ACCO.N,9.43287702749338
2026-02-24,SFM.OQ,13.9620767715978
2026-02-24,PRG.N,12.1934777390109
2026-02-24,XYZ.N,25.6442489000629
2026-02-24,AVNT.N,47.4518470322964
2026-02-24,LBRT.N,31.4841241526935
2026-02-24,IQV.N,20.9750177463305
2026-02-24,WINA.OQ,39.9415142113334
2026-02-24,RAMP.N,24.4197474862025
2026-02-24,PBI.N,12.7093819868722
2026-02-24,SBAC.OQ,25.37872970394
2026-02-24,LYFT.OQ,1.95085517531743
2026-02-24,FANG.OQ,11.9976271792293
2026-02-24,EEFT.OQ,10.0494373365708
2026-02-25,MFIN.OQ,5.71907841779669
2026-02-25,CARS.N,23.3930866241206
2026-02-25,SCCO.N,46.3694168701075
2026-02-25,HLT.N,51.1809094472756
2026-02-25,ALG.N,22.0948245292057
2026-02-25,TTD.OQ,28.7070421249601
2026-02-25,MITT.N,8.60883023085852
2026-02-25,ESOA.OQ,118.568401937046
2026-02-25,UHALb.N,76.5583791941705
2026-02-25,ZD.OQ,24.8513916408955
2026-02-25,MTB.N,13.0533997383689
2026-02-25,LINC.OQ,76.5503234209771
2026-02-25,DGX.N,24.5285223748992
2026-02-25,INCY.OQ,15.6105085984268
2026-02-25,WAFD.OQ,11.2740313056
2026-02-25,SEIC.OQ,14.5249214269226
2026-02-25,CBSH.OQ,13.0980458221024
2026-02-25,CTRA.N,13.8039288105076
2026-02-25,GLUE.OQ,72.2011574536021
2026-02-25,KNSL.N,17.2082401812132
2026-02-25,ACCO.N,9.5249050960543
2026-02-25,SFM.OQ,13.9205398292076
2026-02-25,PRG.N,12.2000545878453
2026-02-25,XYZ.N,26.1169076052797
2026-02-25,AVNT.N,46.7338994649047
2026-02-25,LBRT.N,31.62905815198
2026-02-25,IQV.N,20.5971926450047
2026-02-25,WINA.OQ,39.2701758139867
2026-02-25,RAMP.N,24.8922658199138
2026-02-25,PBI.N,12.7452504214541
2026-02-25,SBAC.OQ,24.8210522605449
2026-02-25,LYFT.OQ,1.93211081664845
2026-02-25,FANG.OQ,11.6672960344268
2026-02-25,EEFT.OQ,10.3617038662682
2026-02-26,MFIN.OQ,5.71907841779669
2026-02-26,CARS.N,19.777395395439
2026-02-26,SCCO.N,46.4771525040994
2026-02-26,HLT.N,51.9126486345224
2026-02-26,ALG.N,22.448399786818
2026-02-26,TTD.OQ,27.3264570307152
2026-02-26,MITT.N,9.35224137151129
2026-02-26,ESOA.OQ,117.206416464891
2026-02-26,UHALb.N,77.0157171821882
2026-02-26,ZD.OQ,25.6013777522638
2026-02-26,MTB.N,13.219412327168
2026-02-26,LINC.OQ,76.2081374042431
2026-02-26,DGX.N,24.9180513635285
2026-02-26,INCY.OQ,15.6276835928839
2026-02-26,WAFD.OQ,11.27749278282
2026-02-26,SEIC.OQ,14.7912708418417
2026-02-26,CBSH.OQ,13.2120065007135
2026-02-26,CTRA.N,13.8547124950948
2026-02-26,GLUE.OQ,73.8375573737777
2026-02-26,KNSL.N,17.6371088533251
2026-02-26,ACCO.N,9.47889106177384
2026-02-26,SFM.OQ,14.3000364392267
2026-02-26,PRG.N,12.1112671285807
2026-02-26,XYZ.N,27.4192331866751
2026-02-26,AVNT.N,46.1169132741774
2026-02-26,LBRT.N,31.1273635390653
2026-02-26,IQV.N,21.7077694579927
2026-02-26,WINA.OQ,39.95204515895
2026-02-26,RAMP.N,25.7616995539427
2026-02-26,PBI.N,12.9724171738065
2026-02-26,SBAC.OQ,24.1916194801892
2026-02-26,LYFT.OQ,2.03304197871218
2026-02-26,FANG.OQ,29.6112656874272
2026-02-26,EEFT.OQ,10.3500303511393
2026-02-27,MFIN.OQ,5.67967531846148
2026-02-27,CARS.N,26.668332136277
2026-02-27,SCCO.N,47.0373778008572
2026-02-27,HLT.N,50.9244740624591
2026-02-27,ALG.N,22.1404471430912
2026-02-27,TTD.OQ,27.1781297065401
2026-02-27,MITT.N,9.14868593658117
2026-02-27,ESOA.OQ,118.190072639225
2026-02-27,UHALb.N,77.2291415765965
2026-02-27,ZD.OQ,25.0736097479676
2026-02-27,MTB.N,12.7284139638292
2026-02-27,LINC.OQ,80.0052983641301
2026-02-27,DGX.N,24.236677890422
2026-02-27,INCY.OQ,15.8119244425153
2026-02-27,WAFD.OQ,10.7859630175774
2026-02-27,SEIC.OQ,14.4396896141485
2026-02-27,CBSH.OQ,12.6322934834311
2026-02-27,CTRA.N,14.122481013827
2026-02-27,GLUE.OQ,70.8441428856516
2026-02-27,KNSL.N,17.9695973614892
2026-02-27,ACCO.N,9.3638559760727
2026-02-27,SFM.OQ,13.9469724289105
2026-02-27,PRG.N,11.5785423729928
2026-02-27,XYZ.N,30.1645554634781
2026-02-27,AVNT.N,46.0720415512155
2026-02-27,LBRT.N,31.3168926150553
2026-02-27,IQV.N,22.7471065212358
2026-02-27,WINA.OQ,40.367004945896
2026-02-27,RAMP.N,25.6766462538746
2026-02-27,PBI.N,12.8289434354787
2026-02-27,SBAC.OQ,25.3233396192687
2026-02-27,LYFT.OQ,1.99555326137422
2026-02-27,FANG.OQ,30.8703385487323
2026-02-27,EEFT.OQ,10.0184090968019
2026-03-02,MFIN.OQ,5.8710618009468
2026-03-02,CARS.N,25.1069543765419
2026-03-02,SCCO.N,41.615324936108
2026-03-02,HLT.N,49.7843982751862
2026-03-02,ALG.N,22.6526646717142
2026-03-02,TTD.OQ,26.8937299568727
2026-03-02,MITT.N,9.19392047767676
2026-03-02,ESOA.OQ,115.617433414044
2026-03-02,UHALb.N,79.6225437138893
2026-03-02,ZD.OQ,25.934704912872
2026-03-02,MTB.N,12.8762414280602
2026-03-02,LINC.OQ,81.3078128794401
2026-03-02,DGX.N,24.0468195293343
2026-03-02,INCY.OQ,15.6198767772216
2026-03-02,WAFD.OQ,10.9694213102384
2026-03-02,SEIC.OQ,14.6208072162935
2026-03-02,CBSH.OQ,12.8180989376883
2026-03-02,CTRA.N,14.0388865126889
2026-03-02,GLUE.OQ,73.8375573737777
2026-03-02,KNSL.N,18.2698054319676
2026-03-02,ACCO.N,9.34084895893247
2026-03-02,SFM.OQ,13.9696289429415
2026-03-02,PRG.N,11.0359523441533
2026-03-02,XYZ.N,30.5197111400497
2026-03-02,AVNT.N,45.8589008671461
2026-03-02,LBRT.N,31.7516946129147
2026-03-02,IQV.N,22.1695556929465
2026-03-02,WINA.OQ,41.8012262990719
2026-03-02,RAMP.N,26.442125954487
2026-03-02,PBI.N,12.8767680149213
2026-03-02,SBAC.OQ,20.27749546631
2026-03-02,LYFT.OQ,1.97969265019278
2026-03-02,FANG.OQ,31.7357294731224
2026-03-02,EEFT.OQ,10.3252273768333
2026-03-03,MFIN.OQ,5.71907841779669
2026-03-03,CARS.N,25.7315054804359
2026-03-03,SCCO.N,39.2155744188877
2026-03-03,HLT.N,49.9705997647981
2026-03-03,ALG.N,21.4950444372063
2026-03-03,TTD.OQ,27.6456928010616
2026-03-03,MITT.N,9.01298231329443
2026-03-03,ESOA.OQ,110.47215496368
2026-03-03,UHALb.N,77.8999039590225
2026-03-03,ZD.OQ,38.4066961722931
2026-03-03,MTB.N,12.8457373481395
2026-03-03,LINC.OQ,57.9968980589369
2026-03-03,DGX.N,23.8306554917103
2026-03-03,INCY.OQ,15.3122882401252
2026-03-03,WAFD.OQ,10.8828843797379
2026-03-03,SEIC.OQ,14.6794040875757
2026-03-03,CBSH.OQ,12.7858926589504
2026-03-03,CTRA.N,13.7671086398631
2026-03-03,GLUE.OQ,71.6822989423269
2026-03-03,KNSL.N,18.1226988659421
2026-03-03,ACCO.N,9.20280685609111
2026-03-03,SFM.OQ,14.7248460773078
2026-03-03,PRG.N,10.7531478442734
2026-03-03,XYZ.N,29.7857227418018
2026-03-03,AVNT.N,44.9278126156849
2026-03-03,LBRT.N,31.0270246164823
2026-03-03,IQV.N,22.1301194029091
2026-03-03,WINA.OQ,42.5285118958088
2026-03-03,RAMP.N,27.1792545550767
2026-03-03,PBI.N,12.6256889728476
2026-03-03,SBAC.OQ,20.1205110352919
2026-03-03,LYFT.OQ,1.90471521551687
2026-03-03,FANG.OQ,31.4821415588032
2026-03-03,EEFT.OQ,10.3914886016289
2026-03-04,MFIN.OQ,5.69093334684297
2026-03-04,CARS.N,26.043781032383
2026-03-04,SCCO.N,39.2973408786662
2026-03-04,HLT.N,49.8023650855874
2026-03-04,ALG.N,20.707505467405
2026-03-04,TTD.OQ,27.8336835121088
2026-03-04,MITT.N,9.0695254896639
2026-03-04,ESOA.OQ,113.120460048426
2026-03-04,UHALb.N,77.7169687638154
2026-03-04,ZD.OQ,39.7955593414937
2026-03-04,MTB.N,12.8609893880999
2026-03-04,LINC.OQ,56.3205965753317
2026-03-04,DGX.N,23.8409490173114
2026-03-04,INCY.OQ,15.4356359275902
2026-03-04,WAFD.OQ,11.0005746052185
2026-03-04,SEIC.OQ,14.5266970896887
2026-03-04,CBSH.OQ,12.9444466465832
2026-03-04,CTRA.N,13.6111705161106
2026-03-04,GLUE.OQ,74.2765914987029
2026-03-04,KNSL.N,17.6836849134146
2026-03-04,ACCO.N,9.29483492465202
2026-03-04,SFM.OQ,14.4340874805768
2026-03-04,PRG.N,11.1839314429277
2026-03-04,XYZ.N,30.8938084527051
2026-03-04,AVNT.N,44.7595436545775
2026-03-04,LBRT.N,30.6256689261505
2026-03-04,IQV.N,22.6287976511237
2026-03-04,WINA.OQ,42.2480380099626
2026-03-04,RAMP.N,27.0847508883345
2026-03-04,PBI.N,12.9604610289458
2026-03-04,SBAC.OQ,20.0236699901834
2026-03-04,LYFT.OQ,1.99555326137422
2026-03-04,FANG.OQ,31.3367275100327
2026-03-04,EEFT.OQ,10.7069496501119
2026-02-12,HRMY.OQ,11.2900940053852
2026-02-12,PCAR.OQ,24.4401418170357
2026-02-12,CSCO.OQ,29.0064703766587
2026-02-12,KRG.N,38.6899604593645
2026-02-12,CSGS.OQ,27.1157691089365
2026-02-12,CHH.N,13.3967963701699
2026-02-12,RNGR.N,24.6635405882711
2026-02-12,TKO.N,83.6050633758069
2026-02-12,SHLS.OQ,48.7361888905706
2026-02-12,MBUU.OQ,41.567421159369
2026-02-12,PNW.N,19.9845167225557
2026-02-12,CPK.N,23.7879085505161
2026-02-12,NGVC.N,12.5833905084449
2026-02-12,VICR.OQ,90.2117331810494
2026-02-12,BYD.N,3.59284107723144
2026-02-12,CBU.N,17.0379233693157
2026-02-12,AIG.N,14.085740690094
2026-02-12,MCFT.OQ,25.1820356098857
2026-02-12,MAPS.OQ,9.12406815761448
2026-02-12,TWLO.N,264.861104447536
2026-02-12,THG.N,14.275020005679
2026-02-12,ENPH.OQ,31.4351640838651
2026-02-12,EMN.N,13.2970348661883
2026-02-12,WSM.N,23.2544017380919
2026-02-12,FIZZ.OQ,18.0069315385002
2026-02-12,CBRL.OQ,41.6223994405519
2026-02-12,OLP.N,14.756268494004
2026-02-12,LSTR.OQ,35.0801024616854
2026-02-12,PJT.N,23.6924273707417
2026-02-12,IRM.N,198.449844610027
2026-02-12,BOH.N,18.7560876524054
2026-02-12,EWCZ.OQ,21.7997174817699
2026-02-12,MOS.N,7.72199770700505
2026-02-12,BURL.N,33.8254090715429
2026-02-12,AN.N,12.171757281256
2026-02-12,EPSN.OQ,17.9177668804225
2026-02-12,NVDA.OQ,46.3015021857856
2026-02-13,HRMY.OQ,11.3404821515738
2026-02-13,PCAR.OQ,24.863008737292
2026-02-13,CSCO.OQ,29.7219633126163
2026-02-13,KRG.N,39.4303627971455
2026-02-13,CSGS.OQ,27.1327994877262
2026-02-13,CHH.N,13.5233783375241
2026-02-13,RNGR.N,25.7292491322087
2026-02-13,TKO.N,86.4310558175311
2026-02-13,SHLS.OQ,51.6623782856566
2026-02-13,MBUU.OQ,42.9012807774496
2026-02-13,PNW.N,20.4095881324991
2026-02-13,CPK.N,23.9967296492336
2026-02-13,NGVC.N,13.0602552686257
2026-02-13,VICR.OQ,85.6377254057853
2026-02-13,BYD.N,3.58497066961428
2026-02-13,CBU.N,17.1075501183655
2026-02-13,AIG.N,14.4427980683888
2026-02-13,MCFT.OQ,25.4052617592347
2026-02-13,MAPS.OQ,9.51943556975506
2026-02-13,TWLO.N,271.074221561196
2026-02-13,THG.N,14.3058300004413
2026-02-13,ENPH.OQ,30.9722538742024
2026-02-13,EMN.N,13.3420191966465
2026-02-13,WSM.N,24.1292953283156
2026-02-13,FIZZ.OQ,18.2580742377819
2026-02-13,CBRL.OQ,42.227571645665
2026-02-13,OLP.N,14.7692467424596
2026-02-13,LSTR.OQ,36.3570427085435
2026-02-13,PJT.N,23.7124131961793
2026-02-13,IRM.N,227.099789090608
2026-02-13,BOH.N,19.137866054516
2026-02-13,EWCZ.OQ,21.7997174817699
2026-02-13,MOS.N,7.6908710786933
2026-02-13,BURL.N,34.818004905404
2026-02-13,AN.N,11.8278536103796
2026-02-13,EPSN.OQ,18.5590343266692
2026-02-13,NVDA.OQ,45.2785793012917
2026-02-17,HRMY.OQ,11.6270647330216
2026-02-17,PCAR.OQ,24.7690383105683
2026-02-17,CSCO.OQ,29.7219633126163
2026-02-17,KRG.N,40.6591156130374
2026-02-17,CSGS.OQ,27.143017715
2026-02-17,CHH.N,13.519691484106
2026-02-17,RNGR.N,24.8919067048292
2026-02-17,TKO.N,87.8482325005853
2026-02-17,SHLS.OQ,53.9831491852076
2026-02-17,MBUU.OQ,42.9012807774496
2026-02-17,PNW.N,20.3069138788896
2026-02-17,CPK.N,23.8392289900315
2026-02-17,NGVC.N,12.8364207893572
2026-02-17,VICR.OQ,86.3625381624898
2026-02-17,BYD.N,3.63875178833151
2026-02-17,CBU.N,16.9321938614995
2026-02-17,AIG.N,14.6513116983527
2026-02-17,MCFT.OQ,25.1607759766144
2026-02-17,MAPS.OQ,9.37034078807242
2026-02-17,TWLO.N,260.255241567912
2026-02-17,THG.N,14.5681313072015
2026-02-17,ENPH.OQ,32.503418413856
2026-02-17,EMN.N,20.7981702026974
2026-02-17,WSM.N,23.820046308635
2026-02-17,FIZZ.OQ,18.4188055653222
2026-02-17,CBRL.OQ,42.7923990371038
2026-02-17,OLP.N,14.9768987177491
2026-02-17,LSTR.OQ,36.8141873169187
2026-02-17,PJT.N,23.3864905044269
2026-02-17,IRM.N,224.949340391216
2026-02-17,BOH.N,19.3409917428184
2026-02-17,EWCZ.OQ,21.7615393425724
2026-02-17,MOS.N,7.54301959421252
2026-02-17,BURL.N,36.0305378671856
2026-02-17,AN.N,11.7334699648963
2026-02-17,EPSN.OQ,18.0686533383629
2026-02-17,NVDA.OQ,45.8135704466928
2026-02-18,HRMY.OQ,11.1105862345883
2026-02-18,PCAR.OQ,24.5047464854081
2026-02-18,CSCO.OQ,28.1594767192661
2026-02-18,KRG.N,18.426663185833
2026-02-18,CSGS.OQ,27.143017715
2026-02-18,CHH.N,13.444725464605
2026-02-18,RNGR.N,25.226843675781
2026-02-18,TKO.N,89.1608976288419
2026-02-18,SHLS.OQ,54.1345038090914
2026-02-18,MBUU.OQ,43.3504375876196
2026-02-18,PNW.N,20.0317468792161
2026-02-18,CPK.N,23.1419788807543
2026-02-18,NGVC.N,12.2281749217796
2026-02-18,VICR.OQ,85.445540205144
2026-02-18,BYD.N,3.70565025307733
2026-02-18,CBU.N,16.4834881454013
2026-02-18,AIG.N,14.7232765794907
2026-02-18,MCFT.OQ,25.1288865267074
2026-02-18,MAPS.OQ,9.05085197018104
2026-02-18,TWLO.N,265.364870699995
2026-02-18,THG.N,14.5281615842666
2026-02-18,ENPH.OQ,36.2120497089822
2026-02-18,EMN.N,21.1005074006888
2026-02-18,WSM.N,24.060698273041
2026-02-18,FIZZ.OQ,18.5192626450349
2026-02-18,CBRL.OQ,44.3120536854987
2026-02-18,OLP.N,14.7173337486373
2026-02-18,LSTR.OQ,37.6263213139204
2026-02-18,PJT.N,23.6509183486789
2026-02-18,IRM.N,218.828832554485
2026-02-18,BOH.N,19.3483336351667
2026-02-18,EWCZ.OQ,21.7615393425724
2026-02-18,MOS.N,7.63639947914775
2026-02-18,BURL.N,35.8267217852907
2026-02-18,AN.N,12.0201383042835
2026-02-18,EPSN.OQ,18.5967559411543
2026-02-18,NVDA.OQ,46.5590905150528
2026-02-19,HRMY.OQ,10.8303021714142
2026-02-19,PCAR.OQ,27.6929694446107
2026-02-19,CSCO.OQ,28.2963480566071
2026-02-19,KRG.N,18.5499427112794
2026-02-19,CSGS.OQ,27.1293934119683
2026-02-19,CHH.N,13.6475024025995
2026-02-19,RNGR.N,25.6379026855855
2026-02-19,TKO.N,87.2378850205679
2026-02-19,SHLS.OQ,51.4101205791837
2026-02-19,MBUU.OQ,42.7379510282969
2026-02-19,PNW.N,20.2083465954244
2026-02-19,CPK.N,23.6410259132826
2026-02-19,NGVC.N,12.2330408887202
2026-02-19,VICR.OQ,83.924531617211
2026-02-19,BYD.N,3.71920484397354
2026-02-19,CBU.N,16.6872108555838
2026-02-19,AIG.N,14.6771452454279
2026-02-19,MCFT.OQ,25.1182567100717
2026-02-19,MAPS.OQ,9.15202342917998
2026-02-19,TWLO.N,266.180492251595
2026-02-19,THG.N,14.5822872507409
2026-02-19,ENPH.OQ,34.8041529023124
2026-02-19,EMN.N,20.5116071193838
2026-02-19,WSM.N,23.7075921196603
2026-02-19,FIZZ.OQ,18.3635541714802
2026-02-19,CBRL.OQ,44.1506744308019
2026-02-19,OLP.N,14.8730727301043
2026-02-19,LSTR.OQ,38.323530688705
2026-02-19,PJT.N,23.4894943739901
2026-02-19,IRM.N,223.625987345437
2026-02-19,BOH.N,19.3336498504701
2026-02-19,EWCZ.OQ,21.7997174817699
2026-02-19,MOS.N,7.82315924901821
2026-02-19,BURL.N,36.0190228343102
2026-02-19,AN.N,11.7897484118926
2026-02-19,EPSN.OQ,19.238023387401
2026-02-19,NVDA.OQ,46.5392760281861
2026-02-20,HRMY.OQ,9.18323964287401
2026-02-20,PCAR.OQ,28.4822966761785
2026-02-20,CSCO.OQ,28.5268682037078
2026-02-20,KRG.N,18.8182569725449
2026-02-20,CSGS.OQ,40.2747125394282
2026-02-20,CHH.N,13.922368268118
2026-02-20,RNGR.N,25.7140247244382
2026-02-20,TKO.N,88.2579177953915
2026-02-20,SHLS.OQ,53.5290853135563
2026-02-20,MBUU.OQ,43.0509997141729
2026-02-20,PNW.N,20.1939721999191
2026-02-20,CPK.N,23.7825995395318
2026-02-20,NGVC.N,12.2184429878983
2026-02-20,VICR.OQ,93.3525884601024
2026-02-20,BYD.N,3.76905075888219
2026-02-20,CBU.N,16.7594163731169
2026-02-20,AIG.N,14.8432180480541
2026-02-20,MCFT.OQ,24.7568429444592
2026-02-20,MAPS.OQ,8.93104366347178
2026-02-20,TWLO.N,271.410065729502
2026-02-20,THG.N,14.6489034556324
2026-02-20,ENPH.OQ,36.6210476639925
2026-02-20,EMN.N,20.8113152982622
2026-02-20,WSM.N,24.1619070431183
2026-02-20,FIZZ.OQ,18.5895826008338
2026-02-20,CBRL.OQ,45.3879153834775
2026-02-20,OLP.N,15.1196594507605
2026-02-20,LSTR.OQ,39.1101258807695
2026-02-20,PJT.N,23.3111593162388
2026-02-20,IRM.N,228.050949092262
2026-02-20,BOH.N,19.5955106775588
2026-02-20,EWCZ.OQ,21.8378956209674
2026-02-20,MOS.N,7.63380559345511
2026-02-20,BURL.N,36.3045956496206
2026-02-20,AN.N,11.8108528295162
2026-02-20,EPSN.OQ,18.8230856280649
2026-02-20,NVDA.OQ,47.0148237129871
2026-02-23,HRMY.OQ,8.46205930054954
2026-02-23,PCAR.OQ,27.9501659582677
2026-02-23,CSCO.OQ,28.0009941181344
2026-02-23,KRG.N,19.0285573394828
2026-02-23,CSGS.OQ,40.1588213360744
2026-02-23,CHH.N,13.4877680245398
2026-02-23,RNGR.N,25.9576152487668
2026-02-23,TKO.N,86.0966188421792
2026-02-23,SHLS.OQ,49.9470258816407
2026-02-23,MBUU.OQ,41.5810319717984
2026-02-23,PNW.N,20.4527113190151
2026-02-23,CPK.N,23.9029371218436
2026-02-23,NGVC.N,12.505535037395
2026-02-23,VICR.OQ,94.3354784862396
2026-02-23,BYD.N,3.67713505358055
2026-02-23,CBU.N,16.1946660752691
2026-02-23,AIG.N,14.7583363933785
2026-02-23,MCFT.OQ,23.9596066967845
2026-02-23,MAPS.OQ,8.459797657082
2026-02-23,TWLO.N,260.279230437077
2026-02-23,THG.N,9.60756009075556
2026-02-23,ENPH.OQ,37.2817366682397
2026-02-23,EMN.N,20.1303993480033
2026-02-23,WSM.N,22.7022516702258
2026-02-23,FIZZ.OQ,18.7553367823597
2026-02-23,CBRL.OQ,43.0882610040479
2026-02-23,OLP.N,15.0807247053938
2026-02-23,LSTR.OQ,37.2892090887499
2026-02-23,PJT.N,22.6608513039214
2026-02-23,IRM.N,229.91191431289
2026-02-23,BOH.N,18.7756660320009
2026-02-23,EWCZ.OQ,21.7997174817699
2026-02-23,MOS.N,7.45223359496994
2026-02-23,BURL.N,35.8555093674792
2026-02-23,AN.N,11.5353229327637
2026-02-23,EPSN.OQ,18.5213127121841
2026-02-23,NVDA.OQ,47.4433119914798
2026-02-24,HRMY.OQ,8.87776150660557
2026-02-24,PCAR.OQ,27.9922929734356
2026-02-24,CSCO.OQ,28.1450692100723
2026-02-24,KRG.N,18.8617673932907
2026-02-24,CSGS.OQ,40.2192863117373
2026-02-24,CHH.N,13.7657100407817
2026-02-24,RNGR.N,26.2621034041776
2026-02-24,TKO.N,87.5346978361928
2026-02-24,SHLS.OQ,34.4836284748499
2026-02-24,MBUU.OQ,41.8260265955275
2026-02-24,PNW.N,20.5451181472636
2026-02-24,CPK.N,23.8993977811873
2026-02-24,NGVC.N,12.7536993513666
2026-02-24,VICR.OQ,104.493839091568
2026-02-24,BYD.N,3.74661452481539
2026-02-24,CBU.N,16.2024023807191
2026-02-24,AIG.N,14.7325028463033
2026-02-24,MCFT.OQ,24.1509433962264
2026-02-24,MAPS.OQ,8.62087326943557
2026-02-24,TWLO.N,273.113275440196
2026-02-24,THG.N,9.58822453770074
2026-02-24,ENPH.OQ,39.1222274657858
2026-02-24,EMN.N,20.2749953992166
2026-02-24,WSM.N,23.4995518700569
2026-02-24,FIZZ.OQ,18.9512280877995
2026-02-24,CBRL.OQ,41.8106752376982
2026-02-24,OLP.N,15.1196594507605
2026-02-24,LSTR.OQ,37.4066875914609
2026-02-24,PJT.N,23.071329410987
2026-02-24,IRM.N,234.150779537653
2026-02-24,BOH.N,18.8025863039446
2026-02-24,EWCZ.OQ,21.8378956209674
2026-02-24,MOS.N,7.38998033834645
2026-02-24,BURL.N,35.4743617793029
2026-02-24,AN.N,11.6132920312064
2026-02-24,EPSN.OQ,18.4458694832139
2026-02-24,NVDA.OQ,47.7652974030638
2026-02-25,HRMY.OQ,10.3889499016016
2026-02-25,PCAR.OQ,27.6220186822226
2026-02-25,CSCO.OQ,28.4980531853202
2026-02-25,KRG.N,18.8255087093359
2026-02-25,CSGS.OQ,40.1739375799901
2026-02-25,CHH.N,13.5724140022134
2026-02-25,RNGR.N,26.1555325497838
2026-02-25,TKO.N,86.6233570783586
2026-02-25,SHLS.OQ,34.4100065303662
2026-02-25,MBUU.OQ,40.4241129152999
2026-02-25,PNW.N,20.4917275353867
2026-02-25,CPK.N,23.7560544846101
2026-02-25,NGVC.N,13.0991830041507
2026-02-25,VICR.OQ,108.260669024138
2026-02-25,BYD.N,3.73474145061702
2026-02-25,CBU.N,16.4061250909016
2026-02-25,AIG.N,14.7897057005412
2026-02-25,MCFT.OQ,23.9170874302418
2026-02-25,MAPS.OQ,8.80990415335463
2026-02-25,TWLO.N,600.517687661777
2026-02-25,THG.N,9.72909785281446
2026-02-25,ENPH.OQ,38.1390593047035
2026-02-25,EMN.N,19.8412072455767
2026-02-25,WSM.N,23.5276654173006
2026-02-25,FIZZ.OQ,18.7151539504747
2026-02-25,CBRL.OQ,42.025847577294
2026-02-25,OLP.N,15.2364636868608
2026-02-25,LSTR.OQ,43.6317795828786
2026-02-25,PJT.N,22.9514144583611
2026-02-25,IRM.N,231.131880401969
2026-02-25,BOH.N,16.9022362726053
2026-02-25,EWCZ.OQ,21.8760737601649
2026-02-25,MOS.N,6.99830359875701
2026-02-25,FLYW.OQ,125.14994002399
2026-02-25,BURL.N,35.4041200787628
2026-02-25,AN.N,11.5183221519002
2026-02-25,EPSN.OQ,18.3704262542437
2026-02-25,NVDA.OQ,48.4365131456736
2026-02-26,HRMY.OQ,10.7058884228992
2026-02-26,PCAR.OQ,27.5111581159912
2026-02-26,CSCO.OQ,28.1306617008785
2026-02-26,KRG.N,18.9052778140365
2026-02-26,CSGS.OQ,40.2495187995687
2026-02-26,CHH.N,13.6418995062739
2026-02-26,RNGR.N,25.6531270933561
2026-02-26,TKO.N,96.3809244920633
2026-02-26,SHLS.OQ,31.8983272215803
2026-02-26,MBUU.OQ,41.0774319119108
2026-02-26,PNW.N,19.6897587144095
2026-02-26,CPK.N,22.5021103041345
2026-02-26,NGVC.N,13.133244772735
2026-02-26,VICR.OQ,112.917041885392
2026-02-26,BYD.N,3.85699014051124
2026-02-26,CBU.N,16.2462414449356
2026-02-26,AIG.N,14.8266107677915
2026-02-26,MCFT.OQ,24.0659048631411
2026-02-26,MAPS.OQ,8.63019169329074
2026-02-26,TWLO.N,607.064913972491
2026-02-26,THG.N,9.89759338657792
2026-02-26,ENPH.OQ,35.9996853861885
2026-02-26,EMN.N,19.7754817677525
2026-02-26,WSM.N,23.7705664654861
2026-02-26,FIZZ.OQ,18.6498568486614
2026-02-26,CBRL.OQ,43.5186056832394
2026-02-26,OLP.N,15.3467787987333
2026-02-26,LSTR.OQ,47.6373299152637
2026-02-26,PJT.N,23.3434441111765
2026-02-26,IRM.N,226.107274306274
2026-02-26,BOH.N,17.0037966286284
2026-02-26,EWCZ.OQ,21.8760737601649
2026-02-26,MOS.N,7.04499354122462
2026-02-26,FLYW.OQ,128.548580567773
2026-02-26,BURL.N,35.5399974666928
2026-02-26,AN.N,11.5271156592434
2026-02-26,EPSN.OQ,18.5213127121841
2026-02-26,NVDA.OQ,37.7191819248228
2026-02-27,HRMY.OQ,10.5179365091065
2026-02-27,PCAR.OQ,27.9568175922415
2026-02-27,CSCO.OQ,28.6205170134674
2026-02-27,KRG.N,18.8907743404545
2026-02-27,CSGS.OQ,40.2595962955125
2026-02-27,CHH.N,13.3096324595847
2026-02-27,RNGR.N,26.5209183362767
2026-02-27,TKO.N,96.4067627274841
2026-02-27,SHLS.OQ,29.7885166022002
2026-02-27,MBUU.OQ,39.5530209198187
2026-02-27,PNW.N,19.8400924156648
2026-02-27,CPK.N,22.7277665878263
2026-02-27,NGVC.N,13.1527086404975
2026-02-27,VICR.OQ,110.588855454765
2026-02-27,BYD.N,3.65998505751625
2026-02-27,CBU.N,15.6144431665214
2026-02-27,AIG.N,14.8524443148666
2026-02-27,MCFT.OQ,23.0720170077066
2026-02-27,MAPS.OQ,8.89909478168264
2026-02-27,TWLO.N,613.916662437193
2026-02-27,THG.N,9.97880270940818
2026-02-27,ENPH.OQ,33.2468145351581
2026-02-27,EMN.N,19.8517233220286
2026-02-27,WSM.N,23.1262039626607
2026-02-27,FIZZ.OQ,18.2580742377819
2026-02-27,CBRL.OQ,44.0027434473298
2026-02-27,OLP.N,15.2429528110886
2026-02-27,LSTR.OQ,49.2607114462002
2026-02-27,PJT.N,21.8987627080442
2026-02-27,IRM.N,223.998180389562
2026-02-27,BOH.N,16.372825906102
2026-02-27,EWCZ.OQ,21.8378956209674
2026-02-27,MOS.N,7.2213777683245
2026-02-27,FLYW.OQ,123.050779688125
2026-02-27,BURL.N,35.3361813847978
2026-02-27,AN.N,11.4409392872804
2026-02-27,EPSN.OQ,19.3134666163712
2026-02-27,NVDA.OQ,36.1483143775182
2026-03-02,HRMY.OQ,10.6506084482543
2026-03-02,PCAR.OQ,27.5887605123532
2026-03-02,CSCO.OQ,28.6061095042736
2026-03-02,KRG.N,18.992298655528
2026-03-02,CSGS.OQ,40.2041700678215
2026-03-02,CHH.N,13.1580277234527
2026-03-02,RNGR.N,26.9015285305402
2026-03-02,TKO.N,96.8761573376282
2026-03-02,SHLS.OQ,29.9392173607274
2026-03-02,MBUU.OQ,37.2527936192511
2026-03-02,PNW.N,19.8855881410447
2026-03-02,CPK.N,22.9350360632172
2026-03-02,NGVC.N,13.0602552686257
2026-03-02,VICR.OQ,114.866348920468
2026-03-02,BYD.N,3.62744403934297
2026-03-02,GOGO.OQ,50.5534269902086
2026-03-02,CBU.N,15.3723212507594
2026-03-02,AIG.N,14.968695276705
2026-03-02,MCFT.OQ,23.2899282487377
2026-03-02,MAPS.OQ,9.07614483493078
2026-03-02,TWLO.N,628.381464751561
2026-03-02,THG.N,10.0368093685727
2026-03-02,ENPH.OQ,35.1659587855907
2026-03-02,EMN.N,19.7912558824303
2026-03-02,WSM.N,22.6415264081795
2026-03-02,FIZZ.OQ,18.5343312069918
2026-03-02,CBRL.OQ,43.4244677846663
2026-03-02,OLP.N,15.4116700410113
2026-03-02,LSTR.OQ,49.4753484828789
2026-03-02,PJT.N,21.9447311292217
2026-03-02,IRM.N,228.133658657624
2026-03-02,BOH.N,16.884949403495
2026-03-02,EWCZ.OQ,21.8378956209674
2026-03-02,MOS.N,16.2968140942857
2026-03-02,FLYW.OQ,124.250299880048
2026-03-02,BURL.N,35.0229724905865
2026-03-02,AN.N,11.3166577168303
2026-03-02,EPSN.OQ,20.0678989060732
2026-03-02,NVDA.OQ,37.2275207833937
2026-03-03,HRMY.OQ,10.4184325547456
2026-03-03,PCAR.OQ,26.8703840431735
2026-03-03,CSCO.OQ,28.440423148545
2026-03-03,KRG.N,18.8690191300817
2026-03-03,CSGS.OQ,40.2142475637653
2026-03-03,CHH.N,13.3778545908441
2026-03-03,RNGR.N,26.0946349187017
2026-03-03,TKO.N,94.7143583074233
2026-03-03,SHLS.OQ,29.6880494298488
2026-03-03,MBUU.OQ,36.7219719345048
2026-03-03,PNW.N,20.1763651684726
2026-03-03,CPK.N,22.9266784230805
2026-03-03,NGVC.N,12.9532039959321
2026-03-03,VICR.OQ,77.5507226343516
2026-03-03,BYD.N,3.57863251208305
2026-03-03,GOGO.OQ,51.5112813963389
2026-03-03,CBU.N,15.4101344384868
2026-03-03,AIG.N,14.5885730840273
2026-03-03,MCFT.OQ,22.7690672335902
2026-03-03,MAPS.OQ,9.38498402555911
2026-03-03,TWLO.N,626.858853981627
2026-03-03,THG.N,9.90090805281589
2026-03-03,ENPH.OQ,33.9782916470033
2026-03-03,EMN.N,19.4968057417777
2026-03-03,WSM.N,22.4436070355839
2026-03-03,FIZZ.OQ,18.8005424682304
2026-03-03,CBRL.OQ,41.2996409311583
2026-03-03,OLP.N,15.3727352956445
2026-03-03,LSTR.OQ,49.3665184361122
2026-03-03,PJT.N,21.9061769695244
2026-03-03,IRM.N,222.860923865845
2026-03-03,BOH.N,16.8158019270537
2026-03-03,EWCZ.OQ,21.9142518993624
2026-03-03,MOS.N,15.8643650107224
2026-03-03,FLYW.OQ,125.549780087965
2026-03-03,BURL.N,34.5888557511832
2026-03-03,AN.N,11.4315595461143
2026-03-03,EPSN.OQ,19.9547340626179
2026-03-03,NVDA.OQ,36.7317794665171
2026-03-04,HRMY.OQ,10.5179365091065
2026-03-04,PCAR.OQ,27.69740386726
2026-03-04,CSCO.OQ,29.1283817125486
2026-03-04,KRG.N,18.7819982885901
2026-03-04,CSGS.OQ,40.2243250597092
2026-03-04,CHH.N,13.1971922802868
2026-03-04,RNGR.N,26.642713598441
2026-03-04,TKO.N,93.1166940839054
2026-03-04,SHLS.OQ,30.8434219118903
2026-03-04,MBUU.OQ,38.0286099277266
2026-03-04,PNW.N,20.3721945951078
2026-03-04,CPK.N,23.0102548244478
2026-03-04,NGVC.N,12.8656165910009
2026-03-04,VICR.OQ,78.0172479995085
2026-03-04,BYD.N,3.61469147816696
2026-03-04,GOGO.OQ,55.7684120902512
2026-03-04,CBU.N,15.3950091633958
2026-03-04,AIG.N,14.4483338284763
2026-03-04,MCFT.OQ,22.8859952165825
2026-03-04,MAPS.OQ,9.96139510117146
2026-03-04,TWLO.N,624.219661980409
2026-03-04,THG.N,9.91416671776777
2026-03-04,ENPH.OQ,33.5535630014158
2026-03-04,EMN.N,19.310145384757
2026-03-04,WSM.N,22.0792554633056
2026-03-04,FIZZ.OQ,18.710131096489
2026-03-04,CBRL.OQ,41.1786064901357
2026-03-04,OLP.N,15.5090069044282
2026-03-04,LSTR.OQ,49.7323083155225
2026-03-04,PJT.N,22.0514964945372
2026-03-04,IRM.N,222.984988213887
2026-03-04,BOH.N,16.9216840003544
2026-03-04,EWCZ.OQ,21.8760737601649
2026-03-04,MOS.N,15.4082200869637
2026-03-04,FLYW.OQ,128.448620551779
2026-03-04,BURL.N,34.6314613728222
2026-03-04,AN.N,11.4755270828302
2026-03-04,EPSN.OQ,20.4073934364391
2026-03-04,NVDA.OQ,37.3417656959249
2026-02-12,DRI.N,22.3015688419235
2026-02-12,KVUE.N,24.9338010941301
2026-02-12,WYNN.OQ,22.8108172131252
2026-02-12,A.N,27.3610039963542
2026-02-12,CTAS.OQ,42.3835964026896
2026-02-12,BV.N,187.375604208132
2026-02-12,RELL.OQ,236.936936936937
2026-02-12,CBT.N,13.4619707229356
2026-02-12,CDP.N,24.0422101270997
2026-02-12,GBFH.OQ,22.769905930074
2026-02-12,BOX.N,18.3928816321262
2026-02-12,AAL.OQ,19.4644168294474
2026-02-12,DINO.N,27.5827265517987
2026-02-12,CFBK.OQ,11.7541023902988
2026-02-12,BX.N,37.2178262403313
2026-02-12,CDRE.N,37.2359631702473
2026-02-12,PG.N,23.8867848485387
2026-02-12,IDA.N,24.2689200253348
2026-02-12,STC.N,17.2126376280297
2026-02-12,SYY.N,24.1809903152323
2026-02-12,OBK.N,22.8566346495909
2026-02-12,FFIV.OQ,21.6906307766557
2026-02-12,ETR.N,25.1603366885384
2026-02-12,RBB.OQ,12.1569440202452
2026-02-12,DDOG.OQ,370.425844346549
2026-02-12,CACC.OQ,12.8454903098815
2026-02-12,MAS.N,20.1179471080127
2026-02-12,FXNC.OQ,14.084794025806
2026-02-12,CAC.OQ,12.9239490336346
2026-02-12,GSBC.OQ,10.2599918384596
2026-02-12,PFBC.OQ,9.0621310865663
2026-02-12,LEN.N,15.1253603586124
2026-02-12,LYTS.OQ,26.7099625230416
2026-02-12,XPO.N,71.7647992922201
2026-02-12,EE.N,27.8327552082974
2026-02-12,GMED.N,28.1871299671656
2026-02-13,DRI.N,22.1590801938684
2026-02-13,KVUE.N,25.1354221272363
2026-02-13,WYNN.OQ,23.9825550653339
2026-02-13,A.N,27.5647654771086
2026-02-13,CTAS.OQ,41.8086837742798
2026-02-13,BV.N,194.341768552744
2026-02-13,RELL.OQ,248.648648648649
2026-02-13,CBT.N,13.3794358124245
2026-02-13,CDP.N,23.875670888184
2026-02-13,GBFH.OQ,23.2717506420151
2026-02-13,BOX.N,18.7074967126758
2026-02-13,AAL.OQ,19.2289043126498
2026-02-13,DINO.N,28.1306322543436
2026-02-13,CFBK.OQ,11.8472115663943
2026-02-13,BX.N,37.2436380948557
2026-02-13,CDRE.N,38.0844917855208
2026-02-13,PG.N,23.7178689331034
2026-02-13,IDA.N,24.7615418548328
2026-02-13,STC.N,17.1878676789319
2026-02-13,SYY.N,24.3558056161433
2026-02-13,OBK.N,22.8827923912361
2026-02-13,FFIV.OQ,22.676568539231
2026-02-13,ETR.N,25.9277812462214
2026-02-13,RBB.OQ,12.1760329857324
2026-02-13,DDOG.OQ,367.694566813509
2026-02-13,CACC.OQ,12.8147759413292
2026-02-13,MAS.N,19.7676862285206
2026-02-13,FXNC.OQ,14.3700556769616
2026-02-13,CAC.OQ,13.0489942974149
2026-02-13,GSBC.OQ,10.3446718528471
2026-02-13,PFBC.OQ,9.18847130358846
2026-02-13,LEN.N,15.3068696900697
2026-02-13,LYTS.OQ,27.4424112211141
2026-02-13,XPO.N,73.8518426097115
2026-02-13,EE.N,28.8533815142508
2026-02-13,GMED.N,28.4682902867189
2026-02-17,DRI.N,22.9092410174528
2026-02-17,KVUE.N,24.745621463231
2026-02-17,WYNN.OQ,24.1961751430831
2026-02-17,A.N,27.1397146462876
2026-02-17,CTAS.OQ,42.1285599735454
2026-02-17,BV.N,193.488768837077
2026-02-17,RELL.OQ,229.009009009009
2026-02-17,CBT.N,13.1388553285943
2026-02-17,CDP.N,24.0270701962892
2026-02-17,GBFH.OQ,23.2094526777742
2026-02-17,BOX.N,18.2960769919571
2026-02-17,AAL.OQ,19.9492955405012
2026-02-17,DINO.N,27.8038113089659
2026-02-17,CFBK.OQ,11.9216989072707
2026-02-17,BX.N,37.6824396217703
2026-02-17,CDRE.N,38.256002888608
2026-02-17,PG.N,23.6408195681679
2026-02-17,IDA.N,24.5658662849277
2026-02-17,STC.N,17.1408047756462
2026-02-17,SYY.N,24.1245115257073
2026-02-17,OBK.N,23.0083495511331
2026-02-17,FFIV.OQ,22.399247674023
2026-02-17,ETR.N,25.7723182007744
2026-02-17,RBB.OQ,12.0805881582966
2026-02-17,DDOG.OQ,359.941262848752
2026-02-17,CACC.OQ,13.4567673687632
2026-02-17,MAS.N,19.762497178454
2026-02-17,FXNC.OQ,14.2987402641727
2026-02-17,CAC.OQ,13.1714344515332
2026-02-17,GSBC.OQ,10.3761244296196
2026-02-17,PFBC.OQ,9.2855005902615
2026-02-17,LEN.N,15.2017194566737
2026-02-17,LYTS.OQ,27.3081289598008
2026-02-17,XPO.N,76.4266188763994
2026-02-17,EE.N,28.8120047721176
2026-02-17,GMED.N,28.762377517516
2026-02-18,DRI.N,22.6735061217733
2026-02-18,KVUE.N,25.3773673669637
2026-02-18,WYNN.OQ,24.6001497455595
2026-02-18,A.N,27.8123466311435
2026-02-18,CTAS.OQ,42.4505974984817
2026-02-18,BV.N,194.626101791299
2026-02-18,RELL.OQ,231.171171171171
2026-02-18,CBT.N,13.23192661066
2026-02-18,CDP.N,23.8529609919683
2026-02-18,GBFH.OQ,22.4687991029093
2026-02-18,BOX.N,18.3767475254314
2026-02-18,AAL.OQ,19.5336852167408
2026-02-18,DINO.N,24.7855237545959
2026-02-18,CFBK.OQ,11.7243074539482
2026-02-18,BX.N,38.1155051810128
2026-02-18,CDRE.N,38.4907022928326
2026-02-18,PG.N,23.2422372764828
2026-02-18,IDA.N,24.3289958582004
2026-02-18,STC.N,16.7494395799017
2026-02-18,SYY.N,24.0115539466571
2026-02-18,OBK.N,22.8775608429071
2026-02-18,FFIV.OQ,22.9878301670465
2026-02-18,ETR.N,25.2664463862245
2026-02-18,RBB.OQ,12.0478642174615
2026-02-18,DDOG.OQ,357.650513950073
2026-02-18,CACC.OQ,13.8440164134439
2026-02-18,MAS.N,19.9051960552841
2026-02-18,FXNC.OQ,14.0083846549608
2026-02-18,CAC.OQ,12.6946993833705
2026-02-18,GSBC.OQ,10.2874120335946
2026-02-18,PFBC.OQ,9.31582224234682
2026-02-18,LEN.N,15.1791872638032
2026-02-18,LYTS.OQ,27.088394350379
2026-02-18,XPO.N,76.7366506735629
2026-02-18,EE.N,28.8257970194953
2026-02-18,GMED.N,29.134026215776
2026-02-19,DRI.N,22.3141413696931
2026-02-19,KVUE.N,25.081656518408
2026-02-19,WYNN.OQ,24.3971049191839
2026-02-19,A.N,27.680887611302
2026-02-19,CTAS.OQ,42.787764303113
2026-02-19,BV.N,196.758601080466
2026-02-19,RELL.OQ,236.216216216216
2026-02-19,CBT.N,13.1546598859262
2026-02-19,CDP.N,24.0195002308839
2026-02-19,GBFH.OQ,22.6903029757661
2026-02-19,BOX.N,18.3283452053468
2026-02-19,AAL.OQ,80.3539183820874
2026-02-19,DINO.N,24.261649003917
2026-02-19,CFBK.OQ,11.6125764426336
2026-02-19,BX.N,36.067764722078
2026-02-19,CDRE.N,39.149666004694
2026-02-19,PG.N,23.4941294310793
2026-02-19,IDA.N,23.73853624375
2026-02-19,STC.N,16.7197156409844
2026-02-19,SYY.N,24.1164431272037
2026-02-19,OBK.N,22.8252453596166
2026-02-19,FFIV.OQ,23.1120036887814
2026-02-19,ETR.N,25.498407120701
2026-02-19,RBB.OQ,12.0315022470439
2026-02-19,DDOG.OQ,365.565322825099
2026-02-19,CACC.OQ,13.3003888648646
2026-02-19,MAS.N,19.4770994247938
2026-02-19,FXNC.OQ,14.0440423613552
2026-02-19,CAC.OQ,12.6660431770875
2026-02-19,GSBC.OQ,10.4632238729897
2026-02-19,PFBC.OQ,9.31279007713828
2026-02-19,LEN.N,14.5357679784993
2026-02-19,LYTS.OQ,26.9419046107646
2026-02-19,XPO.N,76.8803239454192
2026-02-19,EE.N,28.9154466274507
2026-02-19,GMED.N,29.3828692572197
2026-02-20,DRI.N,22.7636092374552
2026-02-20,KVUE.N,25.1623049316505
2026-02-20,WYNN.OQ,24.2955825059962
2026-02-20,A.N,26.9271892308771
2026-02-20,CTAS.OQ,43.2308360656092
2026-02-20,BV.N,196.616434461188
2026-02-20,RELL.OQ,246.486486486486
2026-02-20,CBT.N,13.2793402826557
2026-02-20,CDP.N,24.5645377400625
2026-02-20,GBFH.OQ,22.8218209002748
2026-02-20,BOX.N,18.4493510055582
2026-02-20,AAL.OQ,81.7984832069339
2026-02-20,DINO.N,24.4538966188451
2026-02-20,CFBK.OQ,11.8621090345696
2026-02-20,BX.N,34.7800399796947
2026-02-20,CDRE.N,39.9530601191551
2026-02-20,PG.N,23.8230709506114
2026-02-20,IDA.N,23.681911752756
2026-02-20,STC.N,16.7915484933678
2026-02-20,SYY.N,24.2401585709253
2026-02-20,OBK.N,23.0031180028041
2026-02-20,FFIV.OQ,23.0457778105228
2026-02-20,ETR.N,26.5890959656249
2026-02-20,RBB.OQ,12.1078581089925
2026-02-20,DDOG.OQ,350.591088208548
2026-02-20,CACC.OQ,13.5657667462618
2026-02-20,MAS.N,19.49785562506
2026-02-20,FXNC.OQ,14.1153577741441
2026-02-20,CAC.OQ,12.8145344278267
2026-02-20,GSBC.OQ,10.3970928141346
2026-02-20,PFBC.OQ,9.31986512929153
2026-02-20,LEN.N,14.5783287872548
2026-02-20,LYTS.OQ,26.8198298277525
2026-02-20,XPO.N,79.3492356960024
2026-02-20,EE.N,29.0671613486059
2026-02-20,GMED.N,29.2762222394581
2026-02-23,DRI.N,22.4482483325685
2026-02-23,KVUE.N,24.8078861586396
2026-02-23,WYNN.OQ,22.6839141966405
2026-02-23,A.N,27.2120171072004
2026-02-23,CTAS.OQ,42.8655720272586
2026-02-23,BV.N,192.63576912141
2026-02-23,RELL.OQ,233.693693693694
2026-02-23,CBT.N,13.0967098423759
2026-02-23,CDP.N,24.3505766849197
2026-02-23,GBFH.OQ,21.6658475638035
2026-02-23,BOX.N,17.6023104040787
2026-02-23,AAL.OQ,77.825929938606
2026-02-23,DINO.N,23.8338980607022
2026-02-23,CFBK.OQ,11.3704925847852
2026-02-23,BX.N,32.6118441996461
2026-02-23,CDRE.N,38.1296262863333
2026-02-23,PG.N,24.4735453968931
2026-02-23,IDA.N,24.2845824643138
2026-02-23,STC.N,16.4398152161797
2026-02-23,SYY.N,24.051895939175
2026-02-23,OBK.N,22.0405131102601
2026-02-23,FFIV.OQ,22.3114983853303
2026-02-23,ETR.N,26.8063689090087
2026-02-23,RBB.OQ,11.9715083555129
2026-02-23,DDOG.OQ,311.048802667475
2026-02-23,CACC.OQ,13.4165088047123
2026-02-23,MAS.N,19.1527837956344
2026-02-23,FXNC.OQ,13.6008680104528
2026-02-23,CAC.OQ,12.2309898635183
2026-02-23,GSBC.OQ,9.97127331321444
2026-02-23,PFBC.OQ,9.08638840823456
2026-02-23,LEN.N,14.5457822864418
2026-02-23,LYTS.OQ,26.0873811296801
2026-02-23,XPO.N,76.0636548211835
2026-02-23,EE.N,29.2257721934501
2026-02-23,GMED.N,30.184337754337
2026-02-24,DRI.N,22.4126261705547
2026-02-24,KVUE.N,24.8864335554479
2026-02-24,MAX.N,42.2137512353523
2026-02-24,WYNN.OQ,23.1471102068096
2026-02-24,A.N,27.255836780481
2026-02-24,CTAS.OQ,42.9131211920144
2026-02-24,BV.N,195.763434745522
2026-02-24,RELL.OQ,236.036036036036
2026-02-24,CBT.N,13.3021690876907
2026-02-24,CDP.N,24.0745437997046
2026-02-24,GBFH.OQ,21.6312375836696
2026-02-24,BOX.N,18.4090157388211
2026-02-24,AAL.OQ,79.1501143613819
2026-02-24,DINO.N,23.8579290125682
2026-02-24,CFBK.OQ,11.2960052439088
2026-02-24,BX.N,33.3861998353777
2026-02-24,CDRE.N,38.0483841848709
2026-02-24,PG.N,24.4898443010141
2026-02-24,IDA.N,24.2524174544272
2026-02-24,STC.N,16.7172386460746
2026-02-24,SYY.N,24.1702324505609
2026-02-24,OBK.N,22.0614393035763
2026-02-24,FFIV.OQ,22.5192820783667
2026-02-24,ETR.N,26.8907219340871
2026-02-24,RBB.OQ,11.944238404817
2026-02-24,DDOG.OQ,316.550469839345
2026-02-24,CACC.OQ,13.5709702341323
2026-02-24,MAS.N,19.1683509458341
2026-02-24,FXNC.OQ,13.5652103040584
2026-02-24,CAC.OQ,12.2049387668974
2026-02-24,GSBC.OQ,10.0712763778245
2026-02-24,PFBC.OQ,9.00249850413183
2026-02-24,LEN.N,14.5708180562979
2026-02-24,LYTS.OQ,26.8076223494513
2026-02-24,XPO.N,77.330248138864
2026-02-24,EE.N,29.2671489355833
2026-02-24,GMED.N,29.6931151270715
2026-02-25,DRI.N,22.2177519901264
2026-02-25,KVUE.N,24.5722439682145
2026-02-25,MAX.N,45.1785966398419
2026-02-25,WYNN.OQ,22.7262152021354
2026-02-25,A.N,27.3259482577298
2026-02-25,CTAS.OQ,42.5305665482981
2026-02-25,BV.N,200.739266420244
2026-02-25,RELL.OQ,236.396396396396
2026-02-25,CBT.N,13.3232418307999
2026-02-25,CDP.N,23.7537488249951
2026-02-25,GBFH.OQ,21.8527414565264
2026-02-25,BOX.N,18.5622897524221
2026-02-25,AAL.OQ,80.1733477789815
2026-02-25,DINO.N,23.9636652007786
2026-02-25,CFBK.OQ,11.541813468801
2026-02-25,BX.N,33.9053049097015
2026-02-25,CDRE.N,38.3733525907203
2026-02-25,PG.N,24.2097994938449
2026-02-25,IDA.N,24.1068284623094
2026-02-25,STC.N,17.0516329588943
2026-02-25,SYY.N,23.9712119541392
2026-02-25,OBK.N,22.5165840082031
2026-02-25,FFIV.OQ,23.0590229861745
2026-02-25,ETR.N,27.161674075248
2026-02-25,RBB.OQ,12.2332998821938
2026-02-25,DDOG.OQ,334.434677174901
2026-02-25,CACC.OQ,13.5381061002132
2026-02-25,MAS.N,18.6442568891126
2026-02-25,FXNC.OQ,13.8402840391012
2026-02-25,CAC.OQ,12.5670490099281
2026-02-25,GSBC.OQ,10.2632177437696
2026-02-25,PFBC.OQ,9.21171790352055
2026-02-25,LEN.N,13.8610539808752
2026-02-25,LYTS.OQ,27.4302037428129
2026-02-25,XPO.N,75.0465992914639
2026-02-25,EE.N,29.5774745015827
2026-02-25,GMED.N,24.4578824689701
2026-02-26,DRI.N,22.507967839474
2026-02-26,KVUE.N,24.8733423226465
2026-02-26,MAX.N,46.5904277848369
2026-02-26,WYNN.OQ,23.2888185752175
2026-02-26,A.N,26.5043293837201
2026-02-26,CTAS.OQ,42.8547653989051
2026-02-26,BV.N,197.469434176855
2026-02-26,RELL.OQ,234.954954954955
2026-02-26,CBT.N,13.3127054592453
2026-02-26,CDP.N,23.999940317214
2026-02-26,GBFH.OQ,21.7212235320177
2026-02-26,BOX.N,19.2802575003428
2026-02-26,AAL.OQ,83.9051402431684
2026-02-26,DINO.N,24.3866099536203
2026-02-26,CFBK.OQ,11.5157428994942
2026-02-26,BX.N,33.8278693461284
2026-02-26,CDRE.N,39.4385268098935
2026-02-26,PG.N,24.2631413618772
2026-02-26,IDA.N,24.3522982746012
2026-02-26,STC.N,17.3117174244207
2026-02-26,SYY.N,23.9685224879714
2026-02-26,OBK.N,17.9242651925422
2026-02-26,FFIV.OQ,22.9737571679165
2026-02-26,ETR.N,27.0261980046675
2026-02-26,RBB.OQ,12.1187660892709
2026-02-26,DDOG.OQ,353.016065474386
2026-02-26,CACC.OQ,13.335443941045
2026-02-26,MAS.N,18.7843612409094
2026-02-26,FXNC.OQ,13.8861296616084
2026-02-26,CAC.OQ,12.5670490099281
2026-02-26,GSBC.OQ,10.2987027021796
2026-02-26,PFBC.OQ,9.17432119928198
2026-02-26,LEN.N,14.0200311194619
2026-02-26,LYTS.OQ,25.5380446061257
2026-02-26,XPO.N,77.5571006733739
2026-02-26,EE.N,27.253480818432
2026-02-26,GMED.N,24.5824341464779
2026-02-27,DRI.N,22.4052921960225
2026-02-27,KVUE.N,25.0304371162632
2026-02-27,MAX.N,46.7786719375029
2026-02-27,WYNN.OQ,22.8827289224665
2026-02-27,A.N,26.5941597139452
2026-02-27,CTAS.OQ,43.4707432150584
2026-02-27,BV.N,196.047767984077
2026-02-27,RELL.OQ,221.261261261261
2026-02-27,CBT.N,13.3706555027956
2026-02-27,CDP.N,23.7089867355008
2026-02-27,GBFH.OQ,20.9113499968851
2026-02-27,BOX.N,18.997910633183
2026-02-27,AAL.OQ,78.6685927530998
2026-02-27,DINO.N,24.0357580563766
2026-02-27,CFBK.OQ,11.2550372064268
2026-02-27,BX.N,32.5143327492206
2026-02-27,CDRE.N,40.0704098212674
2026-02-27,PG.N,24.7743342638526
2026-02-27,IDA.N,24.3726130176874
2026-02-27,STC.N,17.584186864496
2026-02-27,SYY.N,24.5171735862149
2026-02-27,OBK.N,17.3165218766781
2026-02-27,FFIV.OQ,22.4638179053251
2026-02-27,ETR.N,27.3789470186318
2026-02-27,RBB.OQ,11.7260787992495
2026-02-27,DDOG.OQ,339.375568354047
2026-02-27,CACC.OQ,12.958875739888
2026-02-27,MAS.N,18.581988288314
2026-02-27,FXNC.OQ,13.5244586396076
2026-02-27,CAC.OQ,12.0251862002131
2026-02-27,GSBC.OQ,9.92449768621942
2026-02-27,PFBC.OQ,8.86605106974788
2026-02-27,LEN.N,14.3154532037649
2026-02-27,LYTS.OQ,26.3925680872102
2026-02-27,XPO.N,79.5760882305124
2026-02-27,EE.N,27.7568978477198
2026-02-27,GMED.N,24.2647002752846
2026-03-02,DRI.N,21.9883033583317
2026-03-02,KVUE.N,24.7293387618312
2026-03-02,MAX.N,47.814014777166
2026-03-02,WYNN.OQ,21.8780800419626
2026-03-02,A.N,25.8908539577929
2026-03-02,CTAS.OQ,43.5723255215819
2026-03-02,BV.N,195.052601649133
2026-03-02,RELL.OQ,226.306306306306
2026-03-02,CBT.N,13.3917282459049
2026-03-02,CDP.N,23.9477178794706
2026-03-02,GBFH.OQ,20.8698180207245
2026-03-02,BOX.N,19.0221117932253
2026-03-02,AAL.OQ,75.3581316961598
2026-03-02,DINO.N,17.5839904319041
2026-03-02,CFBK.OQ,11.2997296109526
2026-03-02,BX.N,29.8211455270868
2026-03-02,CDRE.N,41.5869290485647
2026-03-02,PG.N,24.2275801165223
2026-03-02,IDA.N,24.2490316639129
2026-03-02,STC.N,17.3265793938793
2026-03-02,SYY.N,24.3342898868004
2026-03-02,OBK.N,17.6287187855124
2026-03-02,FFIV.OQ,23.0134926948717
2026-03-02,ETR.N,27.2562517094268
2026-03-02,RBB.OQ,11.8733365330075
2026-03-02,DDOG.OQ,336.799030009094
2026-03-02,CACC.OQ,13.2045351409337
2026-03-02,MAS.N,18.109784732258
2026-03-02,FXNC.OQ,13.6518075910163
2026-03-02,CAC.OQ,12.2179643152078
2026-03-02,GSBC.OQ,10.1309556260595
2026-03-02,PFBC.OQ,9.03484159968951
2026-03-02,LEN.N,13.8460325189615
2026-03-02,LYTS.OQ,26.1972484343909
2026-03-02,XPO.N,81.3568806264155
2026-03-02,EE.N,32.0096966740103
2026-03-02,GMED.N,23.84274969434
2026-03-03,DRI.N,22.0647862355966
2026-03-03,KVUE.N,23.7605875345281
2026-03-03,MAX.N,48.190503082498
2026-03-03,WYNN.OQ,32.5556227520133
2026-03-03,A.N,26.0814695365631
2026-03-03,CTAS.OQ,43.5615188932284
2026-03-03,BV.N,191.782769405743
2026-03-03,RELL.OQ,216.936936936937
2026-03-03,CBT.N,13.0651007277121
2026-03-03,CDP.N,23.992479968965
2026-03-03,GBFH.OQ,20.8905840088048
2026-03-03,BOX.N,19.2963916070377
2026-03-03,AAL.OQ,74.9969904899482
2026-03-03,DINO.N,17.6787564089577
2026-03-03,CFBK.OQ,11.2140691689447
2026-03-03,BX.N,28.6808416011832
2026-03-03,CDRE.N,40.5398086297165
2026-03-03,PG.N,23.6660087836276
2026-03-03,IDA.N,24.3252119504862
2026-03-03,STC.N,16.9872310912401
2026-03-03,SYY.N,23.6699917433389
2026-03-03,OBK.N,17.4705390183697
2026-03-03,FFIV.OQ,23.3065422061661
2026-03-03,ETR.N,27.0466472228684
2026-03-03,RBB.OQ,11.7969806710589
2026-03-03,DDOG.OQ,338.79963625341
2026-03-03,CACC.OQ,13.179339304929
2026-03-03,MAS.N,17.6505538013684
2026-03-03,FXNC.OQ,13.5652103040584
2026-03-03,CAC.OQ,12.1814927799386
2026-03-03,GSBC.OQ,10.1132131468545
2026-03-03,PFBC.OQ,9.06415253003865
2026-03-03,LEN.N,13.5706390505435
2026-03-03,LYTS.OQ,25.3305174750052
2026-03-03,XPO.N,81.4287172623436
2026-03-03,EE.N,30.7671197371531
2026-03-03,GMED.N,23.3089567907354
2026-03-04,DRI.N,21.3114822800698
2026-03-04,KVUE.N,23.8129524657337
2026-03-04,MAX.N,48.2375641206645
2026-03-04,WYNN.OQ,32.8898367126078
2026-03-04,A.N,26.6087428726582
2026-03-04,CTAS.OQ,43.2524493223163
2026-03-04,BV.N,190.503269832243
2026-03-04,RELL.OQ,222.882882882883
2026-03-04,CBT.N,13.1476356382232
2026-03-04,CDP.N,24.3356559884215
2026-03-04,GBFH.OQ,21.1778468439159
2026-03-04,BOX.N,44.5877117281757
2026-03-04,AAL.OQ,74.9969904899482
2026-03-04,DINO.N,18.518579033191
2026-03-04,CFBK.OQ,11.2811077757335
2026-03-04,BX.N,29.513444467716
2026-03-04,CDRE.N,41.0272612384907
2026-03-04,PG.N,23.4556047486116
2026-03-04,IDA.N,24.4504861995179
2026-03-04,STC.N,17.341441363338
2026-03-04,SYY.N,23.5677920289602
2026-03-04,OBK.N,17.5204905237832
2026-03-04,FFIV.OQ,23.6856853591968
2026-03-04,ETR.N,27.2204655775754
2026-03-04,RBB.OQ,12.1078581089925
2026-03-04,DDOG.OQ,358.684449833283
2026-03-04,CACC.OQ,13.4203429536695
2026-03-04,MAS.N,17.7569293277326
2026-03-04,FXNC.OQ,13.6314317587909
2026-03-04,CAC.OQ,12.309143153381
2026-03-04,GSBC.OQ,10.1261167680945
2026-03-04,PFBC.OQ,8.6513531517629
2026-03-04,LEN.N,13.3353028138954
2026-03-04,LYTS.OQ,25.3549324316076
2026-03-04,XPO.N,81.0846575850035
2026-03-04,EE.N,29.3339635155017
2026-03-04,GMED.N,22.9937647905117
2026-02-12,FBK.N,27.6570211851942
2026-02-12,MCBS.OQ,10.937488164941
2026-02-12,SFD.OQ,10.6886554201785
2026-02-12,CFR.N,14.5344263485519
2026-02-12,DRH.OQ,37.5862068965517
2026-02-12,FG.N,8.42449164867391
2026-02-12,PGR.N,11.2730756484008
2026-02-12,CNK.N,23.9342242076482
2026-02-12,RVTY.N,48.9297105789956
2026-02-12,O.N,60.5115175518897
2026-02-12,NUTX.OQ,6.16250180438898
2026-02-12,AVNW.OQ,22.3957355085102
2026-02-12,KD.N,6.66506015598827
2026-02-12,ATO.N,23.0932211646508
2026-02-12,SMG.N,23.9053381547385
2026-02-12,ADUS.OQ,24.0462338630071
2026-02-12,MCD.N,28.3234992588195
2026-02-12,TXRH.OQ,27.7843535846123
2026-02-12,LTC.N,53.5338057843325
2026-02-12,GEN.OQ,24.2951316888985
2026-02-12,APTV.N,109.242149043144
2026-02-12,STWD.N,17.2201839233811
2026-02-12,BOOT.N,26.0879810146822
2026-02-12,EXP.N,17.6206015708365
2026-02-12,NBBK.OQ,14.003406934342
2026-02-12,FN.N,44.3082948234908
2026-02-12,SPWR.OQ,9.12912912912913
2026-02-12,CSW.N,41.5861363627319
2026-02-12,AXTA.N,16.2059241069716
2026-02-12,DFIN.N,36.7612575967842
2026-02-12,PCRX.OQ,45.9905660377359
2026-02-12,CLMB.OQ,25.0958642205232
2026-02-12,CBRE.N,33.6615174853157
2026-02-12,MO.N,12.7841180084172
2026-02-12,IEX.N,32.4301252055141
2026-02-12,PH.N,35.8278065011742
2026-02-12,FIGR.OQ,114.715189873418
2026-02-12,NOW.N,61.8588188792468
2026-02-12,ACEL.N,21.3961957920155
2026-02-12,TKR.N,25.3943997483033
2026-02-13,FBK.N,27.5496243445291
2026-02-13,MCBS.OQ,11.0018708861335
2026-02-13,SFD.OQ,10.9277266068844
2026-02-13,CFR.N,14.5717432436249
2026-02-13,DRH.OQ,37.816091954023
2026-02-13,FG.N,8.49317768480276
2026-02-13,PGR.N,11.2225950954851
2026-02-13,CNK.N,23.9534794161821
2026-02-13,RVTY.N,49.1652203296113
2026-02-13,O.N,61.333532609711
2026-02-13,NUTX.OQ,5.85091463450414
2026-02-13,AVNW.OQ,22.324183637876
2026-02-13,KD.N,7.19403318424131
2026-02-13,ATO.N,23.2854806421986
2026-02-13,SMG.N,24.4710178654542
2026-02-13,ADUS.OQ,24.3674213144275
2026-02-13,MCD.N,27.9396888918457
2026-02-13,TXRH.OQ,27.6285705994743
2026-02-13,LTC.N,53.889512135059
2026-02-13,GEN.OQ,24.4705105588396
2026-02-13,APTV.N,112.137724078023
2026-02-13,STWD.N,17.2201839233811
2026-02-13,BOOT.N,26.3670943599468
2026-02-13,EXP.N,17.8053880402259
2026-02-13,NBBK.OQ,14.3272600086793
2026-02-13,FN.N,47.5207780538489
2026-02-13,SPWR.OQ,9.18918918918919
2026-02-13,CSW.N,41.0528787289897
2026-02-13,AXTA.N,16.3689905229636
2026-02-13,DFIN.N,37.4407809733454
2026-02-13,PCRX.OQ,46.6766723842196
2026-02-13,CLMB.OQ,26.062580335401
2026-02-13,CBRE.N,36.953462163664
2026-02-13,MO.N,12.8299050300859
2026-02-13,IEX.N,33.2632477551537
2026-02-13,PH.N,36.5405617561939
2026-02-13,FIGR.OQ,118.805548074333
2026-02-13,NOW.N,64.1285925606521
2026-02-13,ACEL.N,21.4357817231756
2026-02-13,TKR.N,25.5103127047697
2026-02-17,FBK.N,27.512268921689
2026-02-17,MCBS.OQ,11.1647212985616
2026-02-17,SFD.OQ,10.8407916299004
2026-02-17,CFR.N,14.5445119958689
2026-02-17,DRH.OQ,38.2758620689655
2026-02-17,FG.N,8.52602752816874
2026-02-17,PGR.N,11.4075075556219
2026-02-17,CNK.N,24.4156044209959
2026-02-17,RVTY.N,48.6634821652562
2026-02-17,O.N,62.1088422665197
2026-02-17,NUTX.OQ,5.94597512701138
2026-02-17,AVNW.OQ,22.1095280259733
2026-02-17,KD.N,7.98749272662086
2026-02-17,ATO.N,23.4140866440718
2026-02-17,SMG.N,25.0223765708353
2026-02-17,ADUS.OQ,24.2517938319162
2026-02-17,MCD.N,27.9431005395521
2026-02-17,TXRH.OQ,28.5449411002861
2026-02-17,LTC.N,54.5872438230224
2026-02-17,GEN.OQ,23.5317177844491
2026-02-17,APTV.N,108.939429834952
2026-02-17,STWD.N,17.2297136322485
2026-02-17,BOOT.N,27.7051553216676
2026-02-17,EXP.N,17.3971917000582
2026-02-17,NBBK.OQ,14.4308929924672
2026-02-17,FN.N,47.638728930665
2026-02-17,SPWR.OQ,9.36936936936937
2026-02-17,CSW.N,39.0113774893647
2026-02-17,AXTA.N,20.0859760232641
2026-02-17,DFIN.N,41.9486050629277
2026-02-17,PCRX.OQ,48.7564322469983
2026-02-17,CLMB.OQ,25.2831789242969
2026-02-17,CBRE.N,36.6756165834861
2026-02-17,MO.N,12.6944517576493
2026-02-17,IEX.N,33.0735424307576
2026-02-17,PH.N,36.8389413870057
2026-02-17,FIGR.OQ,124.259359008888
2026-02-17,NOW.N,63.4278972553106
2026-02-17,ACEL.N,21.6337113789759
2026-02-17,TKR.N,25.7022205120962
2026-02-18,FBK.N,27.3395000910538
2026-02-18,MCBS.OQ,10.9753603538777
2026-02-18,SFD.OQ,10.7060424155753
2026-02-18,CFR.N,14.5596404668445
2026-02-18,DRH.OQ,37.9693486590038
2026-02-18,FG.N,8.5976999136945
2026-02-18,PGR.N,11.1540073877192
2026-02-18,CNK.N,25.4265028690261
2026-02-18,RVTY.N,50.040702228639
2026-02-18,O.N,60.7824088777626
2026-02-18,NUTX.OQ,6.13257535304411
2026-02-18,AVNW.OQ,22.0737520906562
2026-02-18,KD.N,12.4556173695103
2026-02-18,ATO.N,23.1386879329898
2026-02-18,SMG.N,25.0116358168344
2026-02-18,ADUS.OQ,24.2903363260866
2026-02-18,MCD.N,27.9661291615705
2026-02-18,TXRH.OQ,28.540359247782
2026-02-18,LTC.N,53.3696336224587
2026-02-18,GEN.OQ,23.8308935037603
2026-02-18,APTV.N,110.308247124168
2026-02-18,STWD.N,17.2583027588507
2026-02-18,BOOT.N,27.5943515313364
2026-02-18,EXP.N,17.5312376225252
2026-02-18,NBBK.OQ,14.1459022870504
2026-02-18,FN.N,48.5017841268806
2026-02-18,SPWR.OQ,9.30930930930931
2026-02-18,CSW.N,40.3193178547125
2026-02-18,AXTA.N,20.4422937667383
2026-02-18,DFIN.N,46.3394030411113
2026-02-18,PCRX.OQ,49.3567753001715
2026-02-18,CLMB.OQ,25.4231266914841
2026-02-18,CBRE.N,39.4722491989219
2026-02-18,MO.N,12.7383309867485
2026-02-18,CHCT.N,231.171267756634
2026-02-18,IEX.N,33.0371822435816
2026-02-18,PH.N,36.3855356643908
2026-02-18,FIGR.OQ,119.51252356585
2026-02-18,NOW.N,64.565778520395
2026-02-18,ACEL.N,22.1879144152168
2026-02-18,TKR.N,26.1137872419184
2026-02-19,FBK.N,27.3068140960688
2026-02-19,MCBS.OQ,10.9526370405157
2026-02-19,SFD.OQ,10.7799371460116
2026-02-19,CFR.N,14.6100687034295
2026-02-19,DRH.OQ,37.8544061302682
2026-02-19,FG.N,8.26621513063785
2026-02-19,PGR.N,11.071153436738
2026-02-19,CNK.N,26.6885358766415
2026-02-19,RVTY.N,51.1516938782824
2026-02-19,O.N,61.1840753264708
2026-02-19,NUTX.OQ,6.07976396831786
2026-02-19,AVNW.OQ,21.8054325757779
2026-02-19,KD.N,12.1423282131126
2026-02-19,ATO.N,23.2491072275274
2026-02-19,SMG.N,24.9937345601661
2026-02-19,ADUS.OQ,24.6158062768593
2026-02-19,MCD.N,27.899602031295
2026-02-19,TXRH.OQ,27.8775179188615
2026-02-19,LTC.N,53.2465045010534
2026-02-19,GEN.OQ,23.0468467910825
2026-02-19,APTV.N,105.89907604833
2026-02-19,STWD.N,17.1630056701768
2026-02-19,BOOT.N,27.6153902257031
2026-02-19,EXP.N,17.75161820692
2026-02-19,NBBK.OQ,14.1264711025902
2026-02-19,FN.N,49.2737390523846
2026-02-19,SPWR.OQ,9.24924924924925
2026-02-19,CSW.N,41.2173661583032
2026-02-19,AXTA.N,19.8963230307698
2026-02-19,DFIN.N,45.550966773043
2026-02-19,PCRX.OQ,49.6998284734134
2026-02-19,CLMB.OQ,25.5523092458107
2026-02-19,CBRE.N,38.7399832773314
2026-02-19,MO.N,12.9710816802311
2026-02-19,CHCT.N,228.088984186545
2026-02-19,IEX.N,32.860123940812
2026-02-19,PH.N,36.9304979729882
2026-02-19,FIGR.OQ,110.860490169674
2026-02-19,NOW.N,64.3022691747965
2026-02-19,ACEL.N,22.3660511054371
2026-02-19,TKR.N,26.084563568795
2026-02-20,FBK.N,27.5869797673691
2026-02-20,MCBS.OQ,10.9942964483461
2026-02-20,SFD.OQ,10.8842591183924
2026-02-20,CFR.N,14.6685654578682
2026-02-20,DRH.OQ,38.0459770114943
2026-02-20,FG.N,7.60921826331837
2026-02-20,PGR.N,11.1979035206893
2026-02-20,CNK.N,26.8201561218601
2026-02-20,RVTY.N,51.3667245201489
2026-02-20,O.N,61.7819044594317
2026-02-20,NUTX.OQ,5.93130529792076
2026-02-20,AVNW.OQ,22.0916400583148
2026-02-20,KD.N,11.8765071107145
2026-02-20,ATO.N,23.5089173323218
2026-02-20,SMG.N,25.0474383301708
2026-02-20,ADUS.OQ,24.7271512600184
2026-02-20,MCD.N,28.0804193597361
2026-02-20,TXRH.OQ,27.3108954925262
2026-02-20,LTC.N,53.2465045010534
2026-02-20,GEN.OQ,23.0571631951967
2026-02-20,APTV.N,104.727684329674
2026-02-20,STWD.N,17.2106542145137
2026-02-20,BOOT.N,28.0179305779189
2026-02-20,EXP.N,17.8197771505472
2026-02-20,NBBK.OQ,14.3466911931395
2026-02-20,FN.N,52.3711482565806
2026-02-20,SPWR.OQ,8.88888888888889
2026-02-20,CSW.N,41.3075689421203
2026-02-20,AXTA.N,19.8158641854691
2026-02-20,DFIN.N,44.5184907077154
2026-02-20,PCRX.OQ,49.7855917667238
2026-02-20,CLMB.OQ,25.5135544795127
2026-02-20,CBRE.N,38.1739053663147
2026-02-20,MO.N,12.8909543923108
2026-02-20,CHCT.N,228.357008844814
2026-02-20,IEX.N,32.3526293138398
2026-02-20,PH.N,37.2876051350478
2026-02-20,FIGR.OQ,98.0339348235928
2026-02-20,NOW.N,62.4457260580798
2026-02-20,ACEL.N,22.5639807612375
2026-02-20,TKR.N,26.3402707086254
2026-02-23,FBK.N,26.3916062364878
2026-02-23,MCBS.OQ,10.725403906895
2026-02-23,SFD.OQ,10.9494603511304
2026-02-23,CFR.N,14.334730531675
2026-02-23,DRH.OQ,38.0459770114943
2026-02-23,FG.N,6.96416679358652
2026-02-23,PGR.N,11.1765041558664
2026-02-23,CNK.N,26.2228027012524
2026-02-23,RVTY.N,49.7232760430266
2026-02-23,O.N,62.2863227903675
2026-02-23,NUTX.OQ,5.97062043988363
2026-02-23,AVNW.OQ,21.6354968830216
2026-02-23,KD.N,10.832209922722
2026-02-23,ATO.N,23.6063461216197
2026-02-23,SMG.N,24.7466972181447
2026-02-23,ADUS.OQ,25.1875199403876
2026-02-23,MCD.N,28.5350214166185
2026-02-23,TXRH.OQ,27.1749672015725
2026-02-23,LTC.N,53.6158918652694
2026-02-23,GEN.OQ,22.3350149072039
2026-02-23,APTV.N,101.174024059596
2026-02-23,STWD.N,16.9628817839615
2026-02-23,BOOT.N,27.2941994917051
2026-02-23,EXP.N,17.0548823387303
2026-02-23,NBBK.OQ,13.8673886431204
2026-02-23,FN.N,55.3036180232776
2026-02-23,SPWR.OQ,8.70870870870871
2026-02-23,CSW.N,39.9505476502838
2026-02-23,AXTA.N,19.5687405891886
2026-02-23,DFIN.N,44.0867279894875
2026-02-23,PCRX.OQ,49.5497427101201
2026-02-23,CLMB.OQ,23.4229501419932
2026-02-23,CBRE.N,37.4390427570591
2026-02-23,MO.N,13.1599531446145
2026-02-23,CHCT.N,218.84213347628
2026-02-23,IEX.N,32.2232063220793
2026-02-23,PH.N,36.8039237286219
2026-02-23,FIGR.OQ,101.720307029356
2026-02-23,NOW.N,60.3675955371099
2026-02-23,ACEL.N,21.673297310136
2026-02-23,TKR.N,26.2599056075358
2026-02-24,FBK.N,26.3729285250678
2026-02-24,MCBS.OQ,10.7481272202571
2026-02-24,SFD.OQ,11.0320485792651
2026-02-24,CFR.N,14.3155678017727
2026-02-24,DRH.OQ,38.3908045977011
2026-02-24,FG.N,6.79394487796283
2026-02-24,PGR.N,11.3076438531148
2026-02-24,CNK.N,25.9798114793103
2026-02-24,RVTY.N,49.9792649023915
2026-02-24,O.N,62.1368655071272
2026-02-24,NUTX.OQ,5.82040138999565
2026-02-24,AVNW.OQ,21.742824688973
2026-02-24,KD.N,11.0600565819204
2026-02-24,ATO.N,23.6453176373389
2026-02-24,SMG.N,25.2479324048548
2026-02-24,ADUS.OQ,22.5259465929506
2026-02-24,MCD.N,28.4062317157006
2026-02-24,TXRH.OQ,27.5964976319459
2026-02-24,LTC.N,53.4243576764167
2026-02-24,GEN.OQ,22.6651398388578
2026-02-24,APTV.N,102.253283845324
2026-02-24,STWD.N,16.8485252775528
2026-02-24,BOOT.N,27.4288471356519
2026-02-24,EXP.N,17.5463840544423
2026-02-24,NBBK.OQ,14.0876087336697
2026-02-24,FN.N,56.1820164229814
2026-02-24,SPWR.OQ,8.70870870870871
2026-02-24,CSW.N,40.2476862322695
2026-02-24,AXTA.N,19.6491994344893
2026-02-24,DFIN.N,46.0015017833678
2026-02-24,PCRX.OQ,50.1929674099485
2026-02-24,CLMB.OQ,21.4809057419492
2026-02-24,CBRE.N,37.9557836024367
2026-02-24,MO.N,13.2114635439918
2026-02-24,CHCT.N,224.738675958188
2026-02-24,IEX.N,32.5038826897528
2026-02-24,PH.N,37.3164217497594
2026-02-24,FIGR.OQ,100.154861298142
2026-02-24,NOW.N,61.3797109781587
2026-02-24,ACEL.N,21.4951606199157
2026-02-24,TKR.N,26.6714723373581
2026-02-25,FBK.N,27.1667312604187
2026-02-25,MCBS.OQ,10.9261265082599
2026-02-25,SFD.OQ,10.6625749270833
2026-02-25,CFR.N,14.4033129334307
2026-02-25,DRH.OQ,38.5057471264368
2026-02-25,FG.N,6.96416679358652
2026-02-25,PGR.N,11.2231437971472
2026-02-25,CNK.N,26.3240490437283
2026-02-25,RVTY.N,47.0993154983153
2026-02-25,O.N,61.641788256394
2026-02-25,NUTX.OQ,6.36494544583958
2026-02-25,AVNW.OQ,22.1184720098026
2026-02-25,KD.N,11.4872690679173
2026-02-25,ATO.N,23.6505138394348
2026-02-25,SMG.N,24.9615122981633
2026-02-25,ADUS.OQ,20.6242081434954
2026-02-25,MCD.N,27.8590191911925
2026-02-25,TXRH.OQ,27.76297160626
2026-02-25,LTC.N,16.0663426350425
2026-02-25,GEN.OQ,22.9952647705116
2026-02-25,APTV.N,100.608070757324
2026-02-25,STWD.N,16.8866441130223
2026-02-25,BOOT.N,27.7107656401654
2026-02-25,EXP.N,16.8329871111438
2026-02-25,NBBK.OQ,14.3985076850335
2026-02-25,FN.N,59.0703744796496
2026-02-25,SPWR.OQ,8.46846846846847
2026-02-25,CSW.N,39.0790295772275
2026-02-25,AXTA.N,19.3848346570729
2026-02-25,DFIN.N,46.5365121081284
2026-02-25,PCRX.OQ,50.3001715265866
2026-02-25,CLMB.OQ,20.0211428780581
2026-02-25,CBRE.N,38.2336291826146
2026-02-25,MO.N,13.2973142096206
2026-02-25,CHCT.N,225.408737603859
2026-02-25,IEX.N,32.1499186038534
2026-02-25,PH.N,36.9071528673991
2026-02-25,FIGR.OQ,116.684621599785
2026-02-25,NOW.N,62.4217706630254
2026-02-25,ACEL.N,21.693090275716
2026-02-25,TKR.N,26.2258113222251
2026-02-26,FBK.N,27.0686732754636
2026-02-26,MCBS.OQ,10.9261265082599
2026-02-26,SFD.OQ,10.7103891644245
2026-02-26,CFR.N,14.5314006543568
2026-02-26,DRH.OQ,39.5785440613027
2026-02-26,FG.N,7.044798227303
2026-02-26,PGR.N,11.6176602922166
2026-02-26,CNK.N,27.0530227095546
2026-02-26,RVTY.N,47.7944370963226
2026-02-26,O.N,57.2037173827152
2026-02-26,NUTX.OQ,6.79330445528578
2026-02-26,AVNW.OQ,22.4762313629737
2026-02-26,KD.N,11.6866348947159
2026-02-26,ATO.N,23.8544647716984
2026-02-26,SMG.N,25.0080555655007
2026-02-26,ADUS.OQ,19.9380123706914
2026-02-26,MCD.N,27.9861796643633
2026-02-26,TXRH.OQ,28.1585382057771
2026-02-26,LTC.N,16.3746865846039
2026-02-26,GEN.OQ,23.5214013803349
2026-02-26,APTV.N,101.397773039564
2026-02-26,STWD.N,15.6197412818544
2026-02-26,BOOT.N,27.6616753533098
2026-02-26,EXP.N,17.1298571767202
2026-02-26,NBBK.OQ,14.38555356206
2026-02-26,FN.N,53.9351960621668
2026-02-26,SPWR.OQ,8.46846846846847
2026-02-26,CSW.N,39.5804509343284
2026-02-26,AXTA.N,19.3158699325295
2026-02-26,DFIN.N,46.6866904449033
2026-02-26,PCRX.OQ,48.434819897084
2026-02-26,CLMB.OQ,19.3838422767133
2026-02-26,CBRE.N,38.9503149782138
2026-02-26,MO.N,16.8752489870478
2026-02-26,CHCT.N,228.088984186545
2026-02-26,IEX.N,32.6816443892794
2026-02-26,PH.N,37.0227840935205
2026-02-26,FIGR.OQ,114.597360624832
2026-02-26,NOW.N,65.4581169861717
2026-02-26,ACEL.N,21.9899847594165
2026-02-26,TKR.N,26.7591433567285
2026-02-27,FBK.N,22.7315236230782
2026-02-27,MCBS.OQ,10.6420850912341
2026-02-27,SFD.OQ,10.8147111368052
2026-02-27,CFR.N,13.9403817215797
2026-02-27,DRH.OQ,38.4674329501916
2026-02-27,FG.N,12.429279321301
2026-02-27,PGR.N,11.7235597130071
2026-02-27,CNK.N,28.591967115188
2026-02-27,RVTY.N,47.4565307639579
2026-02-27,O.N,57.5472832528816
2026-02-27,NUTX.OQ,6.48171728540094
2026-02-27,AVNW.OQ,22.3957355085102
2026-02-27,KD.N,11.7056221163157
2026-02-27,ATO.N,24.2649647372735
2026-02-27,SMG.N,25.1047223515091
2026-02-27,ADUS.OQ,19.8440917202238
2026-02-27,MCD.N,28.5324677497616
2026-02-27,TXRH.OQ,27.9294455805742
2026-02-27,LTC.N,16.0987998928911
2026-02-27,GEN.OQ,23.2841240857087
2026-02-27,APTV.N,96.7911763931664
2026-02-27,STWD.N,15.369480233692
2026-02-27,BOOT.N,26.5396116537536
2026-02-27,EXP.N,16.9488573153101
2026-02-27,NBBK.OQ,13.8220492127132
2026-02-27,FN.N,52.3232007456797
2026-02-27,SPWR.OQ,7.80780780780781
2026-02-27,CSW.N,39.043213766006
2026-02-27,AXTA.N,19.2009287249572
2026-02-27,DFIN.N,46.7054627370002
2026-02-27,PCRX.OQ,139.483065953654
2026-02-27,CLMB.OQ,20.3850070727448
2026-02-27,CBRE.N,38.3426900645536
2026-02-27,MO.N,16.7707958840619
2026-02-27,CHCT.N,229.027070490485
2026-02-27,IEX.N,32.6629326314345
2026-02-27,PH.N,36.8115838413934
2026-02-27,FIGR.OQ,85.1063829787234
2026-02-27,NOW.N,64.6855554956671
2026-02-27,ACEL.N,22.4848088989173
2026-02-27,TKR.N,26.3938474426851
2026-03-02,FBK.N,22.7855572319829
2026-03-02,MCBS.OQ,10.7746377525128
2026-03-02,SFD.OQ,10.9364201045828
2026-03-02,CFR.N,14.1410861031883
2026-03-02,DRH.OQ,22.6554866271275
2026-03-02,FG.N,12.3030658888993
2026-03-02,PGR.N,11.7098421714539
2026-03-02,CNK.N,28.9058307768632
2026-03-02,RVTY.N,46.1435233010552
2026-03-02,O.N,58.0282754711147
2026-03-02,NUTX.OQ,6.90068760422913
2026-03-02,AVNW.OQ,23.2543579561208
2026-03-02,KD.N,12.1803026563123
2026-03-02,ATO.N,24.3013381519447
2026-03-02,SMG.N,25.1978088861838
2026-03-02,ADUS.OQ,20.1756891188135
2026-03-02,MCD.N,28.010440544113
2026-03-02,TXRH.OQ,29.5702718581073
2026-03-02,LTC.N,16.2326860815164
2026-03-02,GEN.OQ,23.0571631951967
2026-03-02,APTV.N,95.3828739898392
2026-03-02,STWD.N,15.5334443686949
2026-03-02,TFX.N,99.145891974288
2026-03-02,BOOT.N,26.0010210779666
2026-03-02,EXP.N,16.596702773236
2026-03-02,NBBK.OQ,13.9710216269083
2026-03-02,FN.N,55.7504888248737
2026-03-02,SPWR.OQ,7.86786786786787
2026-03-02,CSW.N,39.1718853840981
2026-03-02,AXTA.N,18.7296697739106
2026-03-02,DFIN.N,47.6816219260372
2026-03-02,PCRX.OQ,135.472370766488
2026-03-02,CLMB.OQ,19.1394988280399
2026-03-02,CBRE.N,37.644181082611
2026-03-02,MO.N,16.6857759165153
2026-03-02,CHCT.N,232.109354060574
2026-03-02,IEX.N,32.9857104542591
2026-03-02,PH.N,36.8929269436806
2026-03-02,FIGR.OQ,100.053864799354
2026-03-02,NOW.N,65.529983171335
2026-03-02,ACEL.N,21.9306058626764
2026-03-02,TKR.N,26.7859317237584
2026-03-03,FBK.N,22.4862941672797
2026-03-03,MCBS.OQ,10.714042250214
2026-03-03,SFD.OQ,10.5625997035517
2026-03-03,CFR.N,14.1673087862125
2026-03-03,DRH.OQ,22.4509737087282
2026-03-03,FG.N,12.4622045645362
2026-03-03,PGR.N,11.0929189897151
2026-03-03,CNK.N,29.0374510220818
2026-03-03,RVTY.N,46.317303700557
2026-03-03,O.N,57.1693607956985
2026-03-03,NUTX.OQ,6.56621550096293
2026-03-03,AVNW.OQ,23.1246701905963
2026-03-03,KD.N,12.1992898779122
2026-03-03,ATO.N,24.1623397458797
2026-03-03,SMG.N,24.8827467688232
2026-03-03,ADUS.OQ,19.8115070047554
2026-03-03,MCD.N,27.7887462981244
2026-03-03,TXRH.OQ,29.7409421657406
2026-03-03,LTC.N,16.0176567482696
2026-03-03,GEN.OQ,23.1087452157676
2026-03-03,APTV.N,93.9745715865119
2026-03-03,STWD.N,15.4816662207993
2026-03-03,TFX.N,98.5490648363967
2026-03-03,BOOT.N,26.2001873846378
2026-03-03,EXP.N,16.1975942922186
2026-03-03,NBBK.OQ,13.9839757498818
2026-03-03,FN.N,53.0328239070125
2026-03-03,SPWR.OQ,7.56756756756756
2026-03-03,CSW.N,36.8199804472201
2026-03-03,AXTA.N,18.2066872794566
2026-03-03,DFIN.N,48.5920780927351
2026-03-03,PCRX.OQ,140.692640692641
2026-03-03,CLMB.OQ,19.2645654044287
2026-03-03,CBRE.N,37.0365561689509
2026-03-03,MO.N,16.7343587551133
2026-03-03,CHCT.N,229.831144465291
2026-03-03,IEX.N,32.5834076605937
2026-03-03,PH.N,36.063446160715
2026-03-03,FIGR.OQ,95.8456773498519
2026-03-03,NOW.N,67.787779155213
2026-03-03,ACEL.N,21.9108128970964
2026-03-03,TKR.N,25.955492345833
2026-03-04,FBK.N,22.5029198930966
2026-03-04,MCBS.OQ,10.8522757398332
2026-03-04,SFD.OQ,10.7929773925592
2026-03-04,CFR.N,14.0896493018715
2026-03-04,DRH.OQ,22.7463812575272
2026-03-04,FG.N,12.7420691320357
2026-03-04,PGR.N,10.991530698035
2026-03-04,CNK.N,28.9665785823487
2026-03-04,RVTY.N,47.5434209637089
2026-03-04,O.N,56.6883685774655
2026-03-04,NUTX.OQ,6.3631850663487
2026-03-04,AVNW.OQ,23.9162127594873
2026-03-04,KD.N,12.4746045911102
2026-03-04,ATO.N,24.2623666362256
2026-03-04,SMG.N,24.6786724428055
2026-03-04,ADUS.OQ,20.2561925335
2026-03-04,MCD.N,27.75277326953
2026-03-04,TXRH.OQ,29.3257538212097
2026-03-04,LTC.N,15.6646840691664
2026-03-04,GEN.OQ,22.9952647705116
2026-03-04,APTV.N,96.5937508226065
2026-03-04,STWD.N,15.6197412818544
2026-03-04,TFX.N,96.1214301268661
2026-03-04,BOOT.N,25.8481398989021
2026-03-04,EXP.N,16.013565144425
2026-03-04,NBBK.OQ,16.0401188707281
2026-03-04,FN.N,54.0723259433433
2026-03-04,SPWR.OQ,7.86786786786787
2026-03-04,CSW.N,36.9393664846251
2026-03-04,AXTA.N,18.0457695888553
2026-03-04,DFIN.N,49.718415618547
2026-03-04,PCRX.OQ,145.530939648587
2026-03-04,CLMB.OQ,19.5319491194666
2026-03-04,CBRE.N,36.8054509667468
2026-03-04,MO.N,16.5473148265107
2026-03-04,CHCT.N,231.305280085768
2026-03-04,IEX.N,32.5428655185964
2026-03-04,PH.N,36.0313466405299
2026-03-04,FIGR.OQ,102.646108268247
2026-03-04,NOW.N,68.1890320223743
2026-03-04,ACEL.N,21.9307820187738
2026-03-04,TKR.N,25.7143970425643
2026-02-12,INVX.N,18.531889290012
2026-02-12,OFLX.OQ,22.5661996211789
2026-02-12,LSCC.OQ,506.650758998832
2026-02-12,PIPR.N,23.803062589344
2026-02-12,TR.N,33.0076387274665
2026-02-12,KRYS.OQ,40.5585695097885
2026-02-12,LARK.OQ,9.06491194318452
2026-02-12,DBRG.N,128.290293116333
2026-02-12,LOW.N,23.684664567483
2026-02-12,LEGH.OQ,11.0475995181093
2026-02-12,DGICA.OQ,7.81531248691867
2026-02-12,PFS.N,11.6983475702257
2026-02-12,CELH.OQ,443.545163868905
2026-02-12,PNC.N,14.8299954866916
2026-02-12,SOLS.OQ,37.7591312931885
2026-02-12,ECL.N,43.2599553718509
2026-02-12,BKU.N,13.6276830117998
2026-02-12,APLS.OQ,74.2549250715609
2026-02-12,MDLZ.OQ,32.7384732630509
2026-02-12,AII.N,9.24228693825431
2026-02-12,MSGE.N,55.8205575559598
2026-02-12,WSR.N,17.5748983585045
2026-02-12,RIGL.OQ,5.54833144713844
2026-02-12,NIC.N,16.2572308456157
2026-02-12,UNP.N,21.8444941059838
2026-02-12,AON.N,25.1832348793689
2026-02-12,ZGN.N,24.7557585164173
2026-02-12,USB.N,13.2401357211215
2026-02-12,SNPS.OQ,52.8139143799558
2026-02-12,OWL.N,135.290294627383
2026-02-12,SWX.N,32.7348294677349
2026-02-12,TK.N,12.3758749337812
2026-02-12,MET.N,14.5648432999085
2026-02-12,NOV.N,19.0350244449788
2026-02-13,INVX.N,18.6221419975933
2026-02-13,OFLX.OQ,23.1181244590509
2026-02-13,LSCC.OQ,495.659237447327
2026-02-13,PIPR.N,23.9060323920303
2026-02-13,TR.N,33.6649059386497
2026-02-13,KRYS.OQ,41.4875177273034
2026-02-13,LARK.OQ,8.9344815555128
2026-02-13,DBRG.N,127.958149962634
2026-02-13,LOW.N,23.8389512487267
2026-02-13,LEGH.OQ,11.3551892958757
2026-02-13,DGICA.OQ,7.82787056804387
2026-02-13,PFS.N,11.6881662407477
2026-02-13,CELH.OQ,446.442845723421
2026-02-13,PNC.N,14.8067509796591
2026-02-13,SOLS.OQ,37.8510733019763
2026-02-13,ECL.N,43.0412745638253
2026-02-13,BKU.N,13.7461600737943
2026-02-13,APLS.OQ,73.0762754672504
2026-02-13,MDLZ.OQ,33.1248147677717
2026-02-13,AII.N,9.18050006178687
2026-02-13,MSGE.N,58.0106908200007
2026-02-13,WSR.N,17.8209469355236
2026-02-13,RIGL.OQ,5.56454515680278
2026-02-13,NIC.N,16.6060663129803
2026-02-13,UNP.N,21.7535344903842
2026-02-13,AON.N,25.760585903186
2026-02-13,ZGN.N,24.895171933956
2026-02-13,USB.N,13.2080828246844
2026-02-13,SNPS.OQ,54.5280118963857
2026-02-13,OWL.N,133.232235701906
2026-02-13,SWX.N,33.0617643964105
2026-02-13,TK.N,12.8718116342241
2026-02-13,MET.N,14.5554296214572
2026-02-13,NOV.N,51.0421097405359
2026-02-17,INVX.N,18.4717208182912
2026-02-17,OFLX.OQ,23.1933869369426
2026-02-17,LSCC.OQ,4476.58402203857
2026-02-17,PIPR.N,23.7052783162893
2026-02-17,TR.N,33.6649059386497
2026-02-17,KRYS.OQ,43.1968424764949
2026-02-17,LARK.OQ,9.09425878041066
2026-02-17,DBRG.N,127.958149962634
2026-02-17,LOW.N,23.3221738163889
2026-02-17,LEGH.OQ,10.98095506626
2026-02-17,DGICA.OQ,7.9283352170455
2026-02-17,PFS.N,11.7492542176157
2026-02-17,CELH.OQ,438.749000799361
2026-02-17,PNC.N,14.9307216838321
2026-02-17,SOLS.OQ,39.1479395311925
2026-02-17,ECL.N,43.7073878145875
2026-02-17,BKU.N,13.8646371357888
2026-02-17,APLS.OQ,72.6384913285065
2026-02-17,MDLZ.OQ,31.6800033871036
2026-02-17,AII.N,9.39675412942291
2026-02-17,MSGE.N,58.5118230075355
2026-02-17,WSR.N,17.8443801333349
2026-02-17,RIGL.OQ,5.76397378567421
2026-02-17,NIC.N,16.8725081270103
2026-02-17,UNP.N,21.9304467702661
2026-02-17,AON.N,19.1442301254395
2026-02-17,ZGN.N,26.7308539163478
2026-02-17,USB.N,13.3179784696116
2026-02-17,SNPS.OQ,52.6392610667824
2026-02-17,OWL.N,130.849220103986
2026-02-17,SWX.N,33.1594690877388
2026-02-17,TK.N,13.0408809639206
2026-02-17,MET.N,14.7945370541211
2026-02-17,NOV.N,50.6965121225011
2026-02-18,INVX.N,18.8552948255114
2026-02-18,OFLX.OQ,22.9362401374795
2026-02-18,LSCC.OQ,4464.18732782369
2026-02-18,PIPR.N,24.3527287303029
2026-02-18,TR.N,33.3202414254683
2026-02-18,KRYS.OQ,41.4135182705408
2026-02-18,LARK.OQ,9.09425878041066
2026-02-18,DBRG.N,127.958149962634
2026-02-18,LOW.N,23.4026351501558
2026-02-18,LEGH.OQ,11.0117140440366
2026-02-18,DGICA.OQ,7.79019632466826
2026-02-18,PFS.N,11.6932569054867
2026-02-18,CELH.OQ,433.952837729816
2026-02-18,PNC.N,15.0275737964672
2026-02-18,SOLS.OQ,39.1576176373807
2026-02-18,ECL.N,43.5333063818829
2026-02-18,BKU.N,13.8307865466475
2026-02-18,APLS.OQ,74.7600606162654
2026-02-18,MDLZ.OQ,31.7964350734578
2026-02-18,AII.N,9.16505334267002
2026-02-18,MSGE.N,59.708972122202
2026-02-18,WSR.N,17.3991493749195
2026-02-18,RIGL.OQ,5.7915370921036
2026-02-18,NIC.N,16.4252282946226
2026-02-18,UNP.N,22.1140349852378
2026-02-18,AON.N,18.9692092462708
2026-02-18,ZGN.N,25.5744734940726
2026-02-18,USB.N,13.4530585331679
2026-02-18,SNPS.OQ,55.1792192497891
2026-02-18,OWL.N,133.340554592721
2026-02-18,SWX.N,32.5582094487952
2026-02-18,TK.N,13.3564770460207
2026-02-18,MET.N,14.9150321382982
2026-02-18,NOV.N,53.1422798809017
2026-02-19,INVX.N,19.1335740072202
2026-02-19,OFLX.OQ,22.8609776595878
2026-02-19,LSCC.OQ,4366.391184573
2026-02-19,PIPR.N,24.2386470784058
2026-02-19,TR.N,33.0877932654157
2026-02-19,KRYS.OQ,38.3991275517066
2026-02-19,LARK.OQ,9.11708409825321
2026-02-19,DBRG.N,127.958149962634
2026-02-19,LOW.N,23.0749833270845
2026-02-19,LEGH.OQ,11.1398764514393
2026-02-19,DGICA.OQ,7.35066348528611
2026-02-19,PFS.N,11.6830755760087
2026-02-19,CELH.OQ,440.947242206235
2026-02-19,PNC.N,14.8700276932474
2026-02-19,SOLS.OQ,37.676867390589
2026-02-19,ECL.N,43.3045547471719
2026-02-19,BKU.N,13.8195030169338
2026-02-19,APLS.OQ,76.7806027950833
2026-02-19,MDLZ.OQ,31.0343367627757
2026-02-19,AII.N,9.16505334267002
2026-02-19,MSGE.N,58.6046252644864
2026-02-19,WSR.N,17.5280319628818
2026-02-19,RIGL.OQ,5.94070322101556
2026-02-19,NIC.N,16.9784428241548
2026-02-19,UNP.N,21.9446331323321
2026-02-19,AON.N,19.0467352732851
2026-02-19,ZGN.N,26.0508073536889
2026-02-19,USB.N,13.2538726767374
2026-02-19,SNPS.OQ,55.195437057441
2026-02-19,OWL.N,125.433275563258
2026-02-19,SWX.N,32.7836818133991
2026-02-19,TK.N,13.7284295713529
2026-02-19,MET.N,14.7041657409883
2026-02-19,NOV.N,53.806890684815
2026-02-20,INVX.N,19.1561371841155
2026-02-20,OFLX.OQ,23.5508837069279
2026-02-20,LSCC.OQ,4488.52157943067
2026-02-20,PIPR.N,24.2127194302473
2026-02-20,TR.N,33.2721487026988
2026-02-20,KRYS.OQ,38.2719442381573
2026-02-20,LARK.OQ,9.11382333856142
2026-02-20,DBRG.N,127.875114174209
2026-02-20,LOW.N,23.2558139534884
2026-02-20,LEGH.OQ,11.2270268884731
2026-02-20,DGICA.OQ,8.05208154874079
2026-02-20,PFS.N,11.7492542176157
2026-02-20,CELH.OQ,482.813749000799
2026-02-20,PNC.N,15.0424244537379
2026-02-20,SOLS.OQ,53.6517362251429
2026-02-20,ECL.N,43.7591806375409
2026-02-20,BKU.N,14.1241583192054
2026-02-20,APLS.OQ,75.0294662401077
2026-02-20,MDLZ.OQ,31.1190143528515
2026-02-20,AII.N,9.29892490834947
2026-02-20,MSGE.N,59.1243179034114
2026-02-20,WSR.N,17.8326635344292
2026-02-20,RIGL.OQ,5.7493814469763
2026-02-20,NIC.N,17.2673556345488
2026-02-20,UNP.N,22.2058290927237
2026-02-20,AON.N,19.0919587890435
2026-02-20,ZGN.N,26.0106103989938
2026-02-20,USB.N,13.4301636071414
2026-02-20,SNPS.OQ,54.88355614106
2026-02-20,OWL.N,91.7657045840407
2026-02-20,SWX.N,32.9189652321614
2026-02-20,TK.N,13.54808895301
2026-02-20,MET.N,16.7906329070932
2026-02-20,NOV.N,54.2056571671629
2026-02-23,INVX.N,20.4347172081829
2026-02-23,OFLX.OQ,22.9048807716913
2026-02-23,LSCC.OQ,4483.93021120294
2026-02-23,PIPR.N,22.6815066090045
2026-02-23,TR.N,33.7530759303938
2026-02-23,KRYS.OQ,40.1416851350482
2026-02-23,LARK.OQ,8.78448660969033
2026-02-23,DBRG.N,127.626006808935
2026-02-23,LOW.N,22.7581149817345
2026-02-23,LEGH.OQ,10.9296901032989
2026-02-23,DGICA.OQ,7.8900212530502
2026-02-23,SVV.N,74.1940232592374
2026-02-23,PFS.N,11.1638277726305
2026-02-23,CELH.OQ,491.806554756195
2026-02-23,PNC.N,13.2868951023194
2026-02-23,SOLS.OQ,52.6463945094938
2026-02-23,ECL.N,43.97642275604
2026-02-23,BKU.N,13.5938324226585
2026-02-23,APLS.OQ,75.6693045967335
2026-02-23,MDLZ.OQ,31.9552055548499
2026-02-23,AII.N,9.10841537257487
2026-02-23,MSGE.N,57.2589925386985
2026-02-23,WSR.N,17.8678133311462
2026-02-23,RIGL.OQ,5.55481693100418
2026-02-23,NIC.N,16.7002304882198
2026-02-23,UNP.N,22.0105579913446
2026-02-23,AON.N,18.5187360438468
2026-02-23,ZGN.N,25.1614942867082
2026-02-23,USB.N,12.7776582153863
2026-02-23,SNPS.OQ,52.4982908925782
2026-02-23,OWL.N,88.6247877758914
2026-02-23,SWX.N,33.1181324875614
2026-02-23,TK.N,13.5819028189493
2026-02-23,MET.N,15.9712670029039
2026-02-23,NOV.N,53.9132284134411
2026-02-24,INVX.N,21.7358604091456
2026-02-24,OFLX.OQ,22.8296182937996
2026-02-24,LSCC.OQ,4516.06978879706
2026-02-24,PIPR.N,22.9718962683791
2026-02-24,TR.N,34.1778949815244
2026-02-24,KRYS.OQ,39.0175015934461
2026-02-24,LARK.OQ,8.9344815555128
2026-02-24,DBRG.N,127.792078385784
2026-02-24,LOW.N,23.108992756821
2026-02-24,LEGH.OQ,11.1450029477354
2026-02-24,DGICA.OQ,8.07523301955373
2026-02-24,SVV.N,68.7472398056823
2026-02-24,PFS.N,11.1485557784135
2026-02-24,CELH.OQ,506.794564348521
2026-02-24,PNC.N,13.1147679111583
2026-02-24,SOLS.OQ,53.0083175271275
2026-02-24,ECL.N,42.3496817177348
2026-02-24,BKU.N,13.4809971255208
2026-02-24,APLS.OQ,74.5243306954032
2026-02-24,MDLZ.OQ,32.3521317583302
2026-02-24,AII.N,9.36586069118919
2026-02-24,MSGE.N,56.8692230595048
2026-02-24,WSR.N,17.5866149574102
2026-02-24,RIGL.OQ,5.59535120516504
2026-02-24,NIC.N,16.7954647109053
2026-02-24,UNP.N,22.2525606383529
2026-02-24,AON.N,18.7548380352086
2026-02-24,ZGN.N,25.2348336856753
2026-02-24,USB.N,11.914762787314
2026-02-24,SNPS.OQ,54.9808629869709
2026-02-24,OWL.N,91.0865874363328
2026-02-24,SWX.N,33.0692801418973
2026-02-24,TK.N,13.9313127669887
2026-02-24,MET.N,15.9924940988673
2026-02-24,NOV.N,54.8436835389196
2026-02-25,INVX.N,24.3482169613425
2026-02-25,OFLX.OQ,22.9299682643218
2026-02-25,LSCC.OQ,4640.49586776859
2026-02-25,PIPR.N,23.0385673636436
2026-02-25,TR.N,33.544674131726
2026-02-25,KRYS.OQ,39.8361528070965
2026-02-25,LARK.OQ,9.29316512161003
2026-02-25,DBRG.N,127.459935232085
2026-02-25,LOW.N,21.8174639251195
2026-02-25,LEGH.OQ,11.2372798810653
2026-02-25,DGICA.OQ,8.19099037361844
2026-02-25,SVV.N,69.1152657147063
2026-02-25,PFS.N,11.1536464431525
2026-02-25,CELH.OQ,505.695443645084
2026-02-25,PNC.N,13.3579126147565
2026-02-25,SOLS.OQ,53.531095219265
2026-02-25,ECL.N,42.1243004936398
2026-02-25,BKU.N,13.7066677197961
2026-02-25,APLS.OQ,173.469387755102
2026-02-25,MDLZ.OQ,31.8176044709768
2026-02-25,AII.N,10.3338550891791
2026-02-25,MSGE.N,55.8576784587401
2026-02-25,WSR.N,17.8092303366179
2026-02-25,RIGL.OQ,5.61318628579582
2026-02-25,NIC.N,17.1742615067552
2026-02-25,UNP.N,22.0514480937702
2026-02-25,AON.N,19.0678787351981
2026-02-25,ZGN.N,26.286483448848
2026-02-25,USB.N,12.1356070185163
2026-02-25,SNPS.OQ,56.0350204843386
2026-02-25,OWL.N,96.3497453310696
2026-02-25,SWX.N,32.7197979767613
2026-02-25,TK.N,14.1905524058566
2026-02-25,MET.N,15.9861259700783
2026-02-25,NOV.N,53.5942152275627
2026-02-26,INVX.N,22.1756068324843
2026-02-26,OFLX.OQ,22.7480839427503
2026-02-26,LSCC.OQ,4465.10560146924
2026-02-26,PIPR.N,23.4489649944944
2026-02-26,TR.N,33.6488750310599
2026-02-26,KRYS.OQ,40.4004373936484
2026-02-26,LARK.OQ,9.23447144715776
2026-02-26,DBRG.N,127.958149962634
2026-02-26,LOW.N,22.3173813732293
2026-02-26,LEGH.OQ,11.4372132366134
2026-02-26,DGICA.OQ,8.19562066778102
2026-02-26,SVV.N,69.8513175327543
2026-02-26,PFS.N,11.2758223968886
2026-02-26,CELH.OQ,540.767386091127
2026-02-26,PNC.N,13.4102729840957
2026-02-26,SOLS.OQ,52.4922421130942
2026-02-26,ECL.N,42.1572831118001
2026-02-26,BKU.N,13.9577262559274
2026-02-26,APLS.OQ,175.251052802073
2026-02-26,MDLZ.OQ,31.7223421821415
2026-02-26,AII.N,10.745767598962
2026-02-26,MSGE.N,57.2868332157838
2026-02-26,WSR.N,17.9849793202029
2026-02-26,RIGL.OQ,5.78991572113716
2026-02-26,NIC.N,16.9088897401711
2026-02-26,UNP.N,22.1515871201184
2026-02-26,AON.N,19.3973643500089
2026-02-26,ZGN.N,26.3131793732773
2026-02-26,USB.N,12.3975889006288
2026-02-26,SNPS.OQ,65.9107049196307
2026-02-26,OWL.N,95.2461799660442
2026-02-26,SWX.N,36.5336617134167
2026-02-26,TK.N,14.5286910652495
2026-02-26,MET.N,16.1198566746481
2026-02-26,NOV.N,53.6739685240323
2026-02-27,INVX.N,21.9342057070556
2026-02-27,OFLX.OQ,22.5348402553907
2026-02-27,LSCC.OQ,4390.26629935721
2026-02-27,PIPR.N,18.3861105868483
2026-02-27,TR.N,33.8492613759328
2026-02-27,KRYS.OQ,40.2951822376076
2026-02-27,LARK.OQ,9.04534738503376
2026-02-27,DBRG.N,32.1707444039563
2026-02-27,LOW.N,22.332575324011
2026-02-27,LEGH.OQ,11.2372798810653
2026-02-27,DGICA.OQ,8.15857831448032
2026-02-27,SVV.N,69.4096864419255
2026-02-27,PFS.N,10.7107586108594
2026-02-27,CELH.OQ,535.671462829736
2026-02-27,PNC.N,12.7801430220479
2026-02-27,SOLS.OQ,52.6195853970764
2026-02-27,ECL.N,42.3757929571116
2026-02-27,BKU.N,13.2238051145261
2026-02-27,APLS.OQ,169.744088111435
2026-02-27,MDLZ.OQ,32.5902874804183
2026-02-27,AII.N,10.4831733739754
2026-02-27,MSGE.N,58.5953450387913
2026-02-27,WSR.N,17.7975137377122
2026-02-27,RIGL.OQ,5.63264273739303
2026-02-27,NIC.N,16.3460447836257
2026-02-27,UNP.N,22.1123660014654
2026-02-27,AON.N,19.7027699109743
2026-02-27,ZGN.N,25.5302338837004
2026-02-27,USB.N,11.8346526250152
2026-02-27,SNPS.OQ,64.0540653444298
2026-02-27,OWL.N,89.5585738539898
2026-02-27,SWX.N,36.4344865204384
2026-02-27,TK.N,14.5963187971281
2026-02-27,MET.N,15.2983680608623
2026-02-27,NOV.N,53.860059549128
2026-03-02,INVX.N,22.0840408883561
2026-03-02,OFLX.OQ,23.4003587511446
2026-03-02,LSCC.OQ,4624.42607897153
2026-03-02,PIPR.N,18.9335569518094
2026-03-02,TR.N,32.2462027976226
2026-03-02,KRYS.OQ,37.8348429651547
2026-03-02,LARK.OQ,9.09099802071887
2026-03-02,DBRG.N,32.1499219156689
2026-03-02,LOW.N,21.7079351252066
2026-03-02,LEGH.OQ,11.0475995181093
2026-03-02,DGICA.OQ,8.19099037361844
2026-03-02,SVV.N,65.582216988076
2026-03-02,PFS.N,9.63736608543637
2026-03-02,CELH.OQ,492.106314948041
2026-03-02,PNC.N,12.8932895672867
2026-03-02,SOLS.OQ,52.8675696869366
2026-03-02,ECL.N,41.7037721120969
2026-03-02,BKU.N,13.3738825601513
2026-03-02,APLS.OQ,167.638483965015
2026-03-02,MDLZ.OQ,31.9869596511283
2026-03-02,AII.N,10.8950858837583
2026-03-02,MSGE.N,57.6580422435874
2026-03-02,WSR.N,17.8795299300519
2026-03-02,RIGL.OQ,5.61318628579582
2026-03-02,NIC.N,15.932772766027
2026-03-02,UNP.N,22.2784298868262
2026-03-02,AON.N,19.8396150950223
2026-03-02,ZGN.N,25.8739730792903
2026-03-02,USB.N,11.8281572064504
2026-03-02,SNPS.OQ,65.7033801670666
2026-03-02,OWL.N,90.6621392190153
2026-03-02,SWX.N,36.5708524107836
2026-03-02,TK.N,14.5174197766031
2026-03-02,MET.N,15.5467250836348
2026-03-02,NOV.N,53.2486176095279
2026-03-03,INVX.N,21.4097825725036
2026-03-03,OFLX.OQ,23.1306682053662
2026-03-03,LSCC.OQ,4292.01101928375
2026-03-03,PIPR.N,18.9246933694948
2026-03-03,TR.N,31.5633067178964
2026-03-03,KRYS.OQ,38.5643196716039
2026-03-03,LARK.OQ,9.13012713702038
2026-03-03,DBRG.N,32.1915668922436
2026-03-03,LOW.N,21.752672869175
2026-03-03,LEGH.OQ,10.8630456514495
2026-03-03,DGICA.OQ,8.21414184443137
2026-03-03,SVV.N,65.2877962608567
2026-03-03,PFS.N,9.60150611860684
2026-03-03,CELH.OQ,200.246535747683
2026-03-03,PNC.N,12.8222720548496
2026-03-03,SOLS.OQ,49.5298351909814
2026-03-03,ECL.N,41.0166342337588
2026-03-03,BKU.N,13.4050307092434
2026-03-03,APLS.OQ,163.265306122449
2026-03-03,MDLZ.OQ,31.1031373047123
2026-03-03,AII.N,10.5140668122091
2026-03-03,MSGE.N,56.4052117747503
2026-03-03,WSR.N,17.7272141442782
2026-03-03,RIGL.OQ,5.35376693116632
2026-03-03,NIC.N,15.8286236489971
2026-03-03,UNP.N,22.1841323036816
2026-03-03,AON.N,19.9142045301042
2026-03-03,ZGN.N,25.3935668602317
2026-03-03,USB.N,11.6895882770686
2026-03-03,SNPS.OQ,65.6507753791026
2026-03-03,OWL.N,87.1816638370119
2026-03-03,SWX.N,36.736144399081
2026-03-03,TK.N,14.201823694503
2026-03-03,MET.N,15.4257306366431
2026-03-03,NOV.N,51.6801361122926
2026-03-04,INVX.N,21.8842606466221
2026-03-04,OFLX.OQ,23.1620275711544
2026-03-04,LSCC.OQ,4207.07070707071
2026-03-04,PIPR.N,19.1384745385363
2026-03-04,TR.N,32.4188029056853
2026-03-04,KRYS.OQ,38.7397449316719
2026-03-04,LARK.OQ,9.19534233085624
2026-03-04,DBRG.N,32.1290994273816
2026-03-04,LOW.N,21.8303308398372
2026-03-04,LEGH.OQ,10.9143106144106
2026-03-04,DGICA.OQ,8.23729331524431
2026-03-04,SVV.N,65.3614014426616
2026-03-04,PFS.N,9.65977856470483
2026-03-04,CELH.OQ,193.700586585055
2026-03-04,PNC.N,12.8710213642344
2026-03-04,SOLS.OQ,50.3408108416051
2026-03-04,ECL.N,40.9369262398716
2026-03-04,BKU.N,13.3880408097386
2026-03-04,APLS.OQ,160.835762876579
2026-03-04,MDLZ.OQ,31.0607985096744
2026-03-04,AII.N,10.3132594636899
2026-03-04,MSGE.N,55.2730242399495
2026-03-04,WSR.N,17.8209469355236
2026-03-04,RIGL.OQ,1.59094338163795
2026-03-04,NIC.N,15.7714437416081
2026-03-04,UNP.N,22.2558986058979
2026-03-04,AON.N,20.0381287096498
2026-03-04,ZGN.N,25.1888972142685
2026-03-04,USB.N,11.7653681603243
2026-03-04,SNPS.OQ,66.6812103433391
2026-03-04,OWL.N,87.7758913412564
2026-03-04,SWX.N,37.0254053786013
2026-03-04,TK.N,14.4723346220173
2026-03-04,MET.N,15.5637067604055
2026-03-04,NOV.N,51.8662271373883
2026-02-12,QLYS.OQ,20.3089660625723
2026-02-12,CPNG.N,82.6418371285218
2026-02-12,REYN.OQ,16.3474356275872
2026-02-12,SEVN.OQ,8.3476316246072
2026-02-12,PLXS.OQ,30.959819727632
2026-02-12,CAL.N,18.6927936057754
2026-02-12,CMC.N,20.7608313703034
2026-02-12,SWK.N,31.0163054381438
2026-02-12,LDOS.N,16.0374181478017
2026-02-12,SR.N,19.6087369915469
2026-02-12,EQIX.OQ,69.6106217842505
2026-02-12,MOH.N,14.8450588717708
2026-02-12,MOD.N,115.200966736356
2026-02-12,USFD.N,42.4289072413721
2026-02-12,GOOD.OQ,62.0726783310902
2026-02-12,SIRI.OQ,9.6135103046198
2026-02-12,UVE.N,7.53583772451697
2026-02-12,MPX.N,20.5728010860768
2026-02-12,NUS.N,4.69175060657305
2026-02-12,WTTR.N,63.8738039824153
2026-02-12,SITE.N,51.559980050909
2026-02-12,SILA.N,36.0637168141593
2026-02-12,IDT.N,14.8507000911067
2026-02-12,EVR.N,25.4549543729693
2026-02-12,AHCO.OQ,18.17003115377
2026-02-12,EME.N,31.4844073907709
2026-02-12,SPSC.OQ,28.9867399654398
2026-02-12,ZG.OQ,486.348501664817
2026-02-12,SBSI.N,14.3297849228764
2026-02-12,RLJ.N,170.010341261634
2026-02-12,BGC.OQ,28.8473217539172
2026-02-12,WY.N,59.2307018312451
2026-02-12,LKQ.OQ,12.7607251570724
2026-02-12,BFa.N,17.9033208996609
2026-02-13,QLYS.OQ,20.3322228230219
2026-02-13,CPNG.N,81.918178309533
2026-02-13,REYN.OQ,16.6491264996843
2026-02-13,SEVN.OQ,8.3765495170712
2026-02-13,PLXS.OQ,31.3019515510235
2026-02-13,CAL.N,19.0311976279489
2026-02-13,CMC.N,20.7295964183922
2026-02-13,SWK.N,31.4970979502328
2026-02-13,LDOS.N,16.4920486435921
2026-02-13,SR.N,19.9365261297871
2026-02-13,EQIX.OQ,69.4885323101073
2026-02-13,MOH.N,15.8573018569504
2026-02-13,MOD.N,115.76240101379
2026-02-13,USFD.N,33.9674975271335
2026-02-13,GOOD.OQ,62.8263795423957
2026-02-13,SIRI.OQ,9.43187255232053
2026-02-13,UVE.N,7.35877386820783
2026-02-13,MPX.N,20.8338772419915
2026-02-13,NUS.N,3.84162929196383
2026-02-13,WTTR.N,66.3046289113007
2026-02-13,SITE.N,50.857227983134
2026-02-13,SILA.N,36.3044247787611
2026-02-13,IDT.N,15.1616443978719
2026-02-13,EVR.N,25.7029880481265
2026-02-13,AHCO.OQ,18.3681187084691
2026-02-13,EME.N,32.2038280902216
2026-02-13,SPSC.OQ,27.7198291684947
2026-02-13,ZG.OQ,482.241953385128
2026-02-13,SBSI.N,14.355854877254
2026-02-13,RLJ.N,171.458117890383
2026-02-13,BGC.OQ,27.9667193003765
2026-02-13,WY.N,58.5954613160431
2026-02-13,LKQ.OQ,12.7832176220966
2026-02-13,BFa.N,17.4830277451856
2026-02-17,QLYS.OQ,20.1384164859422
2026-02-17,CPNG.N,84.0891547664994
2026-02-17,REYN.OQ,16.5789658317547
2026-02-17,SEVN.OQ,8.42474600451119
2026-02-17,PLXS.OQ,30.4730594516249
2026-02-17,CAL.N,19.6596622405569
2026-02-17,CMC.N,20.620274086703
2026-02-17,SWK.N,31.4417549272585
2026-02-17,LDOS.N,15.110383536015
2026-02-17,SR.N,19.8410114140085
2026-02-17,EQIX.OQ,69.1818551786285
2026-02-17,MOH.N,15.8959639154121
2026-02-17,MOD.N,115.944198779816
2026-02-17,USFD.N,33.0089431087755
2026-02-17,GOOD.OQ,63.0955585464334
2026-02-17,SIRI.OQ,9.31225744714784
2026-02-17,UVE.N,7.58305475286608
2026-02-17,MPX.N,20.4683706237109
2026-02-17,NUS.N,2.70068505181802
2026-02-17,WTTR.N,68.5802948021722
2026-02-17,SITE.N,49.7205184172858
2026-02-17,SILA.N,37.1256637168141
2026-02-17,IDT.N,15.1616443978719
2026-02-17,EVR.N,25.5219473913397
2026-02-17,AHCO.OQ,18.5481983036502
2026-02-17,EME.N,32.0703190504129
2026-02-17,SPSC.OQ,26.8871598814565
2026-02-17,ZG.OQ,488.013318534961
2026-02-17,SBSI.N,14.3428199000652
2026-02-17,RLJ.N,171.458117890383
2026-02-17,BGC.OQ,28.9991497631483
2026-02-17,WY.N,60.0348416491714
2026-02-17,LKQ.OQ,12.1871672989548
2026-02-17,BFa.N,17.0802468054802
2026-02-18,QLYS.OQ,20.2314435277405
2026-02-18,CPNG.N,87.0802778849865
2026-02-18,REYN.OQ,16.8175121027152
2026-02-18,SEVN.OQ,8.3379923271192
2026-02-18,PLXS.OQ,30.6705628224009
2026-02-18,CAL.N,20.159211035194
2026-02-18,CMC.N,20.482319715762
2026-02-18,SWK.N,31.0716484611181
2026-02-18,LDOS.N,15.4293280466019
2026-02-18,SR.N,19.3417299451659
2026-02-18,EQIX.OQ,67.1666521322055
2026-02-18,MOH.N,16.7078671431082
2026-02-18,MOD.N,116.313141304987
2026-02-18,USFD.N,32.8321883933336
2026-02-18,GOOD.OQ,61.5881561238223
2026-02-18,SIRI.OQ,9.33440839255019
2026-02-18,UVE.N,7.3918257880522
2026-02-18,MPX.N,20.5989087016683
2026-02-18,NUS.N,2.66618152618504
2026-02-18,WTTR.N,74.5280579260409
2026-02-18,SITE.N,49.3513306950445
2026-02-18,SILA.N,35.6672566371681
2026-02-18,IDT.N,15.1212216379924
2026-02-18,EVR.N,26.4016295254183
2026-02-18,AHCO.OQ,18.6382381012407
2026-02-18,EME.N,31.4896351543779
2026-02-18,SPSC.OQ,26.144024926358
2026-02-18,ZG.OQ,499.223085460599
2026-02-18,SBSI.N,14.2950249837063
2026-02-18,RLJ.N,171.871768355739
2026-02-18,BGC.OQ,29.2117089760719
2026-02-18,WY.N,58.6724438290079
2026-02-18,LKQ.OQ,12.4533281350748
2026-02-18,BFa.N,17.1736452842524
2026-02-19,QLYS.OQ,20.0008139866157
2026-02-19,CPNG.N,89.0100347356233
2026-02-19,REYN.OQ,16.9788816389532
2026-02-19,SEVN.OQ,8.75581126808648
2026-02-19,PLXS.OQ,30.5694784200352
2026-02-19,CAL.N,20.0786386489622
2026-02-19,CMC.N,20.2142197118576
2026-02-19,SWK.N,30.9955518045284
2026-02-19,LDOS.N,15.8556966989711
2026-02-19,SR.N,19.4111951930049
2026-02-19,EQIX.OQ,66.7153571117118
2026-02-19,MOH.N,17.3674652920157
2026-02-19,MOD.N,116.853187609948
2026-02-19,USFD.N,32.7608066813282
2026-02-19,GOOD.OQ,84.8283655883599
2026-02-19,SIRI.OQ,9.32111782530878
2026-02-19,UVE.N,7.37766067954747
2026-02-19,MPX.N,20.6772315484427
2026-02-19,NUS.N,2.71636847256029
2026-02-19,WTTR.N,68.9220628150446
2026-02-19,SITE.N,48.7133484031012
2026-02-19,SILA.N,35.483185840708
2026-02-19,IDT.N,15.4010715140811
2026-02-19,EVR.N,26.069057041365
2026-02-19,AHCO.OQ,18.0979993156975
2026-02-19,EME.N,32.3136111259678
2026-02-19,SPSC.OQ,26.1216413433731
2026-02-19,ZG.OQ,505.549389567148
2026-02-19,SBSI.N,14.1125353030632
2026-02-19,RLJ.N,168.769389865564
2026-02-19,BGC.OQ,29.484999392688
2026-02-19,WY.N,57.0643677134051
2026-02-19,LKQ.OQ,12.5657904601958
2026-02-19,BFa.N,17.1736452842524
2026-02-20,QLYS.OQ,17.9580951937966
2026-02-20,CPNG.N,90.4573523736009
2026-02-20,REYN.OQ,17.0771065740546
2026-02-20,SEVN.OQ,8.62527738450262
2026-02-20,PLXS.OQ,30.8634007592216
2026-02-20,CAL.N,21.0777362382364
2026-02-20,CMC.N,19.9903692231607
2026-02-20,SWK.N,31.8084024544631
2026-02-20,LDOS.N,15.6065318957933
2026-02-20,SR.N,19.6543235604413
2026-02-20,EQIX.OQ,67.447893956571
2026-02-20,MOH.N,17.6908206900592
2026-02-20,MOD.N,121.034536228552
2026-02-20,USFD.N,32.872977943051
2026-02-20,GOOD.OQ,88.6424636248058
2026-02-20,SIRI.OQ,9.32997820346972
2026-02-20,UVE.N,7.34696961112055
2026-02-20,MPX.N,20.5989087016683
2026-02-20,NUS.N,2.73205189330255
2026-02-20,WTTR.N,61.7002714230322
2026-02-20,SITE.N,44.978402048686
2026-02-20,SILA.N,35.9221238938053
2026-02-20,IDT.N,15.42905650169
2026-02-20,EVR.N,26.1703441048537
2026-02-20,AHCO.OQ,18.6202301417226
2026-02-20,EME.N,32.6851844777243
2026-02-20,SPSC.OQ,23.5864415609788
2026-02-20,ZG.OQ,504.550499445061
2026-02-20,SBSI.N,14.2646100369324
2026-02-20,RLJ.N,170.010341261634
2026-02-20,BGC.OQ,29.1509777723795
2026-02-20,WY.N,56.4613391700541
2026-02-20,LKQ.OQ,14.3332114379868
2026-02-20,BFa.N,17.5063773648787
2026-02-23,QLYS.OQ,15.9232157361432
2026-02-23,CPNG.N,89.6372057120802
2026-02-23,REYN.OQ,17.3086367782221
2026-02-23,SEVN.OQ,8.6353184524706
2026-02-23,PLXS.OQ,30.7218825959097
2026-02-23,CAL.N,20.0464096944695
2026-02-23,CMC.N,19.6884313546859
2026-02-23,SWK.N,30.1930779714015
2026-02-23,LDOS.N,15.4716051070689
2026-02-23,SR.N,19.7064224963205
2026-02-23,EQIX.OQ,68.7218394814104
2026-02-23,MOH.N,18.3012125827427
2026-02-23,MOD.N,118.970596884842
2026-02-23,USFD.N,32.6758284527504
2026-02-23,GOOD.OQ,89.9844610820738
2026-02-23,SIRI.OQ,9.28567631266503
2026-02-23,UVE.N,7.13685383496704
2026-02-23,MPX.N,20.3378325457536
2026-02-23,NUS.N,2.68500163107576
2026-02-23,WTTR.N,61.9910818146568
2026-02-23,SITE.N,43.5910233329174
2026-02-23,SILA.N,36.2477876106195
2026-02-23,IDT.N,15.276693791375
2026-02-23,EVR.N,21.7982581101702
2026-02-23,AHCO.OQ,18.5301903441321
2026-02-23,EME.N,32.4386753168728
2026-02-23,SPSC.OQ,22.0682806114973
2026-02-23,ZG.OQ,475.360710321864
2026-02-23,SBSI.N,13.6693460786444
2026-02-23,RLJ.N,166.70113753878
2026-02-23,BGC.OQ,28.5133001336086
2026-02-23,WY.N,56.1263233126368
2026-02-23,LKQ.OQ,13.992745125237
2026-02-23,BFa.N,17.6289628682673
2026-02-24,QLYS.OQ,15.956293391452
2026-02-24,CPNG.N,89.6854496333462
2026-02-24,REYN.OQ,17.5261348488038
2026-02-24,SEVN.OQ,8.70560592824653
2026-02-24,PLXS.OQ,31.7233957516558
2026-02-24,CAL.N,19.530746422586
2026-02-24,CMC.N,19.3032002811146
2026-02-24,SWK.N,30.8710300028363
2026-02-24,LDOS.N,15.6632011470576
2026-02-24,SR.N,19.6521527714463
2026-02-24,EQIX.OQ,69.1767681172059
2026-02-24,MOH.N,17.3756663347197
2026-02-24,MOD.N,126.563327112998
2026-02-24,USFD.N,32.8185918767612
2026-02-24,GOOD.OQ,88.3599378443283
2026-02-24,SIRI.OQ,9.29010650174549
2026-02-24,UVE.N,7.53347687309951
2026-02-24,MPX.N,20.416155392528
2026-02-24,NUS.N,2.66304484203659
2026-02-24,WTTR.N,66.1593640946103
2026-02-24,SITE.N,44.0515023499284
2026-02-24,SILA.N,36.1203539823009
2026-02-24,IDT.N,15.2922410067133
2026-02-24,EVR.N,22.3673678069569
2026-02-24,AHCO.OQ,15.9460481532838
2026-02-24,EME.N,32.4443052161419
2026-02-24,SPSC.OQ,22.0479299285284
2026-02-24,ZG.OQ,485.34961154273
2026-02-24,SBSI.N,13.6867260482294
2026-02-24,RLJ.N,165.667011375388
2026-02-24,BGC.OQ,28.1792785133001
2026-02-24,WY.N,55.5902979407692
2026-02-24,LKQ.OQ,14.0936240327184
2026-02-24,BFa.N,17.7573857765792
2026-02-25,QLYS.OQ,16.7666959465171
2026-02-25,CPNG.N,88.57583944423
2026-02-25,REYN.OQ,17.2875885778433
2026-02-25,SEVN.OQ,8.88634515167033
2026-02-25,PLXS.OQ,31.7389471981736
2026-02-25,CAL.N,19.1439989686735
2026-02-25,CMC.N,19.4125226128037
2026-02-25,SWK.N,32.2247797444242
2026-02-25,LDOS.N,15.2818080909299
2026-02-25,SR.N,19.7020809183306
2026-02-25,EQIX.OQ,69.8032033952501
2026-02-25,MOH.N,17.0523109366762
2026-02-25,MOD.N,123.082434592907
2026-02-25,USFD.N,32.5908502241726
2026-02-25,GOOD.OQ,88.1480435089702
2026-02-25,SIRI.OQ,9.26795555634315
2026-02-25,UVE.N,7.71998413507848
2026-02-25,MPX.N,20.3639401613451
2026-02-25,NUS.N,2.6818649469273
2026-02-25,WTTR.N,66.7409848778596
2026-02-25,SITE.N,41.7134572764597
2026-02-25,SILA.N,37.3663716814159
2026-02-25,IDT.N,15.7804235683347
2026-02-25,EVR.N,22.7743847795646
2026-02-25,EME.N,32.2432373851048
2026-02-25,SPSC.OQ,22.0357195187471
2026-02-25,ZG.OQ,502.885682574917
2026-02-25,SBSI.N,13.9952205083641
2026-02-25,RLJ.N,164.426059979318
2026-02-25,WASH.OQ,12.9299532234503
2026-02-25,BGC.OQ,28.7258593465323
2026-02-25,WY.N,54.4065752445616
2026-02-25,LKQ.OQ,13.7447511443451
2026-02-25,BFa.N,16.4031078343811
2026-02-26,QLYS.OQ,17.2150819407028
2026-02-26,CPNG.N,90.2643766885373
2026-02-26,REYN.OQ,17.2946046446362
2026-02-26,SEVN.OQ,8.81605767589441
2026-02-26,PLXS.OQ,30.9473785704177
2026-02-26,CAL.N,19.4340595591079
2026-02-26,CMC.N,19.4984187305595
2026-02-26,SWK.N,33.1281016256014
2026-02-26,LDOS.N,15.8188167100531
2026-02-26,SR.N,19.7107640743105
2026-02-26,EQIX.OQ,68.89479956978
2026-02-26,MOH.N,17.1472087165368
2026-02-26,MOD.N,122.392672480631
2026-02-26,USFD.N,32.4140955087307
2026-02-26,GOOD.OQ,90.1257239723125
2026-02-26,SIRI.OQ,9.53376690117134
2026-02-26,UVE.N,8.05522503635711
2026-02-26,MPX.N,20.2595096989792
2026-02-26,NUS.N,2.70695842011493
2026-02-26,WTTR.N,67.1287320666925
2026-02-26,SITE.N,43.6742066392162
2026-02-26,SILA.N,43.629841940296
2026-02-26,IDT.N,15.7089063777787
2026-02-26,EVR.N,23.3463507358081
2026-02-26,EME.N,30.0065588326484
2026-02-26,SPSC.OQ,23.3015319994139
2026-02-26,ZG.OQ,517.758046614872
2026-02-26,SBSI.N,14.0039104931566
2026-02-26,RLJ.N,171.458117890383
2026-02-26,WASH.OQ,12.9483982351813
2026-02-26,BGC.OQ,29.2117089760719
2026-02-26,WY.N,54.7639254924733
2026-02-26,LKQ.OQ,13.715328129663
2026-02-26,BFa.N,16.6249292214653
2026-02-27,QLYS.OQ,16.9927265911271
2026-02-27,CPNG.N,170.174812700678
2026-02-27,REYN.OQ,17.4068617133235
2026-02-27,SEVN.OQ,8.59515418059865
2026-02-27,PLXS.OQ,30.190023125001
2026-02-27,CAL.N,19.1601134459198
2026-02-27,CMC.N,19.0793497924177
2026-02-27,SWK.N,32.6896692481263
2026-02-27,LDOS.N,15.7504538037661
2026-02-27,SR.N,19.8865979829029
2026-02-27,EQIX.OQ,70.801720880207
2026-02-27,MOH.N,18.0481518364478
2026-02-27,MOD.N,121.510418616091
2026-02-27,USFD.N,32.8389866516199
2026-02-27,GOOD.OQ,88.2186749540896
2026-02-27,SIRI.OQ,9.72869522071202
2026-02-27,UVE.N,8.30311443518991
2026-02-27,MPX.N,19.8156802339242
2026-02-27,NUS.N,2.65990815788813
2026-02-27,WTTR.N,66.2563008918185
2026-02-27,SITE.N,42.4502237036773
2026-02-27,SILA.N,43.1270008883525
2026-02-27,IDT.N,15.8426124296877
2026-02-27,EVR.N,22.0531792666982
2026-02-27,EME.N,25.670392892126
2026-02-27,SPSC.OQ,23.0003418914739
2026-02-27,ZG.OQ,495.227524972253
2026-02-27,SBSI.N,13.6085161850967
2026-02-27,RLJ.N,165.873836608066
2026-02-27,WASH.OQ,12.4282489043663
2026-02-27,BGC.OQ,28.9080529576096
2026-02-27,WY.N,54.7862598829678
2026-02-27,LKQ.OQ,13.9170859446259
2026-02-27,BFa.N,16.8467506085495
2026-03-02,QLYS.OQ,17.3823078647638
2026-03-02,CPNG.N,176.864074206208
2026-03-02,REYN.OQ,17.0525503402792
2026-03-02,SEVN.OQ,8.69556486027854
2026-03-02,PLXS.OQ,30.3330964329647
2026-03-02,CAL.N,18.3382751063556
2026-03-02,CMC.N,19.1574371721957
2026-03-02,SWK.N,31.763669830183
2026-03-02,LDOS.N,16.1372439314428
2026-03-02,SR.N,19.8974519278777
2026-03-02,EQIX.OQ,70.20871486294
2026-03-02,MOH.N,17.8571846991975
2026-03-02,MOD.N,127.525785874314
2026-03-02,USFD.N,32.4310911544462
2026-03-02,GOOD.OQ,87.1592032772991
2026-03-02,SIRI.OQ,9.71983484255108
2026-03-02,UVE.N,5.75488769657256
2026-03-02,MPX.N,23.4779642092857
2026-03-02,NUS.N,2.53444079195001
2026-03-02,WTTR.N,66.1593640946103
2026-03-02,SITE.N,42.1442279697926
2026-03-02,SILA.N,43.478989624713
2026-03-02,IDT.N,16.0322884568145
2026-03-02,EVR.N,22.4559118501206
2026-03-02,EME.N,26.0657471256224
2026-03-02,SPSC.OQ,23.7736678442928
2026-03-02,ZG.OQ,483.240843507214
2026-03-02,SBSI.N,13.8842137014807
2026-03-02,RLJ.N,555.93451568895
2026-03-02,WASH.OQ,12.6791010639083
2026-03-02,BGC.OQ,29.8493866148427
2026-03-02,WY.N,54.9872693974182
2026-03-02,LKQ.OQ,13.7783774468389
2026-03-02,BFa.N,16.8409132036262
2026-03-03,QLYS.OQ,17.8968491695671
2026-03-03,CPNG.N,171.33428469497
2026-03-03,REYN.OQ,16.6000140321336
2026-03-03,SEVN.OQ,8.61523631653463
2026-03-03,PLXS.OQ,30.1558099426618
2026-03-03,CAL.N,18.0804434704138
2026-03-03,CMC.N,18.6394575530018
2026-03-03,SWK.N,30.8527887700838
2026-03-03,LDOS.N,16.2496829220465
2026-03-03,SR.N,19.9061350838576
2026-03-03,EQIX.OQ,70.6382081916223
2026-03-03,MOH.N,16.9656141995196
2026-03-03,MOD.N,113.52735789029
2026-03-03,USFD.N,31.6119010309559
2026-03-03,GOOD.OQ,86.8060460517022
2026-03-03,SIRI.OQ,9.83944994772377
2026-03-03,UVE.N,5.69789293534102
2026-03-03,MPX.N,23.1678193716466
2026-03-03,NUS.N,2.37133321623046
2026-03-03,WTTR.N,65.2384645211322
2026-03-03,SITE.N,41.6332448025288
2026-03-03,SILA.N,42.758250783594
2026-03-03,IDT.N,16.1255717488441
2026-03-03,EVR.N,21.9767743262262
2026-03-03,EME.N,26.084168649047
2026-03-03,SPSC.OQ,24.4167494261107
2026-03-03,ZG.OQ,501.997780244173
2026-03-03,SBSI.N,13.8623556824292
2026-03-03,RLJ.N,550.477489768077
2026-03-03,WASH.OQ,12.5758089982145
2026-03-03,BGC.OQ,31.3190383365822
2026-03-03,WY.N,55.3222852548354
2026-03-03,LKQ.OQ,13.5429933293822
2026-03-03,BFa.N,16.420620049151
2026-03-04,QLYS.OQ,18.0236468482507
2026-03-04,CPNG.N,170.353193007492
2026-03-04,REYN.OQ,16.3895320283449
2026-03-04,SEVN.OQ,8.76585233605446
2026-03-04,PLXS.OQ,30.7871986712844
2026-03-04,CAL.N,18.5799922650509
2026-03-04,CMC.N,18.5379439592904
2026-03-04,SWK.N,30.1535647198001
2026-03-04,LDOS.N,15.8943757117388
2026-03-04,SR.N,19.9669171757167
2026-03-04,EQIX.OQ,70.4223714426906
2026-03-04,MOH.N,17.5783492472614
2026-03-04,MOD.N,112.249426534988
2026-03-04,USFD.N,31.6594888389595
2026-03-04,GOOD.OQ,88.2186749540896
2026-03-04,SIRI.OQ,10.029948078184
2026-03-04,UVE.N,5.75963726000852
2026-03-04,MPX.N,23.3228917904661
2026-03-04,NUS.N,2.39015332112118
2026-03-04,WTTR.N,67.6134160527336
2026-03-04,SITE.N,41.35992822469
2026-03-04,SILA.N,42.2721711000486
2026-03-04,IDT.N,16.3245761051738
2026-03-04,EVR.N,22.3809350393771
2026-03-04,EME.N,26.2460654991436
2026-03-04,SPSC.OQ,25.3040392035557
2026-03-04,ZG.OQ,508.546059933407
2026-03-04,SBSI.N,13.9017001167218
2026-03-04,RLJ.N,555.252387448841
2026-03-04,WASH.OQ,12.6901680709469
2026-03-04,BGC.OQ,31.2865497076024
2026-03-04,WY.N,55.4339572073078
2026-03-04,LKQ.OQ,13.4799440122063
2026-03-04,BFa.N,15.3290253285
2026-02-12,LAMR.OQ,30.8784241420831
2026-02-12,WMS.N,27.8944270994384
2026-02-12,IMKTA.OQ,17.6800852956797
2026-02-12,REFI.OQ,6.96775566167084
2026-02-12,MYRG.OQ,43.2571865142115
2026-02-12,TCI.N,83.8881286612648
2026-02-12,BELFA.OQ,41.0467662386275
2026-02-12,THC.N,15.9261743033584
2026-02-12,SLB.N,21.4246730664275
2026-02-12,TNET.N,14.7363884709217
2026-02-12,PCTY.OQ,24.5151090240069
2026-02-12,SMBC.OQ,11.1578486633845
2026-02-12,AEBI.OQ,110.607636309612
2026-02-12,DY.N,41.095000123089
2026-02-12,STE.N,33.9893113622446
2026-02-12,ACIW.OQ,15.8829025225786
2026-02-12,IRMD.OQ,57.0739320074772
2026-02-12,PLMR.OQ,19.8212791989713
2026-02-12,TCBX.N,11.8196124326075
2026-02-12,DLB.N,26.878616217613
2026-02-12,GTES.N,30.2810317329374
2026-02-12,RYAN.N,92.415976010995
2026-02-12,ITT.N,32.572741044173
2026-02-12,DIN.N,14.8323753718158
2026-02-12,EAT.N,16.3053946037912
2026-02-12,TROW.OQ,10.1471864866837
2026-02-12,CECO.OQ,53.0684619895022
2026-02-12,GDEN.OQ,150.436318860753
2026-02-12,GBX.N,9.78351337533829
2026-02-12,CCI.N,33.7065712651576
2026-02-12,HTB.N,12.184315463004
2026-02-12,HVT.N,22.7318271718958
2026-02-12,AFG.N,13.3816389203168
2026-02-12,UPBD.OQ,13.5317720275139
2026-02-12,ACHC.OQ,13.4748946346345
2026-02-12,IBP.N,36.0551123378392
2026-02-12,SANM.OQ,33.8032145232524
2026-02-12,AOS.N,20.6951942546273
2026-02-13,LAMR.OQ,30.9936596929561
2026-02-13,WMS.N,28.4247520439954
2026-02-13,IMKTA.OQ,17.8378184112482
2026-02-13,REFI.OQ,7.06822372464659
2026-02-13,MYRG.OQ,44.2489311286667
2026-02-13,TCI.N,82.6427220590723
2026-02-13,BELFA.OQ,41.7488513538412
2026-02-13,THC.N,15.8466325734355
2026-02-13,SLB.N,21.3189035508942
2026-02-13,TNET.N,12.538178154224
2026-02-13,PCTY.OQ,25.2044494217069
2026-02-13,SMBC.OQ,11.1251074858394
2026-02-13,AEBI.OQ,115.213192690536
2026-02-13,DY.N,42.0944831491101
2026-02-13,STE.N,34.5641039915382
2026-02-13,ACIW.OQ,16.000194137846
2026-02-13,IRMD.OQ,57.0567823884846
2026-02-13,PLMR.OQ,20.6156285503827
2026-02-13,TCBX.N,12.0553797558246
2026-02-13,DLB.N,26.6565456314678
2026-02-13,GTES.N,28.9200227472471
2026-02-13,RYAN.N,80.6088875931865
2026-02-13,ITT.N,33.2271077971071
2026-02-13,DIN.N,14.1927403663364
2026-02-13,EAT.N,16.1579297947129
2026-02-13,TROW.OQ,10.2125397701961
2026-02-13,CECO.OQ,55.908387671049
2026-02-13,GDEN.OQ,151.4535039349
2026-02-13,GBX.N,9.98766373469527
2026-02-13,CCI.N,34.6930863335035
2026-02-13,HTB.N,12.1704696499778
2026-02-13,HVT.N,22.601134413146
2026-02-13,AFG.N,13.5338235386724
2026-02-13,UPBD.OQ,13.8593187029152
2026-02-13,ACHC.OQ,14.2211443060302
2026-02-13,IBP.N,37.0519485133039
2026-02-13,SANM.OQ,34.8846111517831
2026-02-13,AOS.N,20.9135308933347
2026-02-17,LAMR.OQ,31.1770958759783
2026-02-17,WMS.N,28.3898403705292
2026-02-17,IMKTA.OQ,17.2348386529991
2026-02-17,REFI.OQ,7.02094463618741
2026-02-17,MYRG.OQ,43.6626065438992
2026-02-17,TCI.N,82.6427220590723
2026-02-17,BELFA.OQ,41.9001293620917
2026-02-17,THC.N,16.0626295124503
2026-02-17,SLB.N,21.0862106167209
2026-02-17,TNET.N,13.149028621808
2026-02-17,PCTY.OQ,25.3244369994636
2026-02-17,SMBC.OQ,11.1337235851934
2026-02-17,AEBI.OQ,114.470361016194
2026-02-17,DY.N,41.5972034169518
2026-02-17,STE.N,34.1549295774648
2026-02-17,ACIW.OQ,16.4127370605103
2026-02-17,IRMD.OQ,57.5226803711178
2026-02-17,PLMR.OQ,20.2863403123712
2026-02-17,TCBX.N,12.1377562904426
2026-02-17,DLB.N,25.699623287533
2026-02-17,GTES.N,28.2582846507781
2026-02-17,RYAN.N,95.184421315171
2026-02-17,ITT.N,33.485582664516
2026-02-17,DIN.N,14.74291593049
2026-02-17,EAT.N,16.3846443991461
2026-02-17,TROW.OQ,10.1472821595614
2026-02-17,CECO.OQ,55.760033344401
2026-02-17,GDEN.OQ,154.183842818138
2026-02-17,GBX.N,9.98940860956157
2026-02-17,CCI.N,35.2611961783097
2026-02-17,HTB.N,12.184315463004
2026-02-17,HVT.N,22.8625199306457
2026-02-17,AFG.N,13.7594747260175
2026-02-17,UPBD.OQ,13.7842559231357
2026-02-17,ACHC.OQ,13.9201004045012
2026-02-17,IBP.N,36.2133573894519
2026-02-17,SANM.OQ,35.0975410189053
2026-02-17,AOS.N,20.6562055691438
2026-02-18,LAMR.OQ,31.4498984045755
2026-02-18,WMS.N,28.2535185979472
2026-02-18,IMKTA.OQ,17.2747710873203
2026-02-18,REFI.OQ,6.96775566167084
2026-02-18,MYRG.OQ,42.1410700181389
2026-02-18,TCI.N,75.7699226617875
2026-02-18,BELFA.OQ,40.1138851877496
2026-02-18,THC.N,14.9613715784941
2026-02-18,SLB.N,21.8265972254541
2026-02-18,TNET.N,13.3914795805913
2026-02-18,PCTY.OQ,25.7267482895888
2026-02-18,SMBC.OQ,11.0682412301033
2026-02-18,AEBI.OQ,113.653246174417
2026-02-18,DY.N,40.6371088845671
2026-02-18,STE.N,34.7032789623114
2026-02-18,ACIW.OQ,16.4167815989678
2026-02-18,IRMD.OQ,57.9885783537509
2026-02-18,PLMR.OQ,19.9508096433075
2026-02-18,TCBX.N,11.8338152834037
2026-02-18,DLB.N,26.1720279889691
2026-02-18,GTES.N,28.0514914956315
2026-02-18,RYAN.N,96.7672310422562
2026-02-18,ITT.N,33.5264805865744
2026-02-18,DIN.N,15.2170509695167
2026-02-18,EAT.N,15.8810570919538
2026-02-18,TROW.OQ,10.2684308219504
2026-02-18,CECO.OQ,55.3926797736537
2026-02-18,GDEN.OQ,153.434338026661
2026-02-18,GBX.N,10.067927978545
2026-02-18,CCI.N,33.5607052239236
2026-02-18,HTB.N,12.1400088613203
2026-02-18,HVT.N,22.5401444590627
2026-02-18,AFG.N,13.6041427458916
2026-02-18,UPBD.OQ,14.2482803799541
2026-02-18,ACHC.OQ,14.3568260644658
2026-02-18,IBP.N,35.2951054913186
2026-02-18,SANM.OQ,35.367890176038
2026-02-18,AOS.N,20.5236440385
2026-02-19,LAMR.OQ,31.2382412703191
2026-02-19,WMS.N,28.4480264929728
2026-02-19,IMKTA.OQ,17.3566325776786
2026-02-19,REFI.OQ,6.93229634532646
2026-02-19,MYRG.OQ,43.7740566715823
2026-02-19,TCI.N,70.4039114992543
2026-02-19,BELFA.OQ,41.6286047318985
2026-02-19,THC.N,14.7244428462694
2026-02-19,SLB.N,21.8054433223474
2026-02-19,TNET.N,13.4387102868478
2026-02-19,PCTY.OQ,25.4608934604417
2026-02-19,SMBC.OQ,11.1716344223509
2026-02-19,AEBI.OQ,114.321794681325
2026-02-19,DY.N,41.2988355776569
2026-02-19,STE.N,34.9579691588265
2026-02-19,ACIW.OQ,16.4814942142877
2026-02-19,IRMD.OQ,57.6570190532267
2026-02-19,PLMR.OQ,19.2610210120229
2026-02-19,TCBX.N,11.9048295373847
2026-02-19,DLB.N,25.9418821087823
2026-02-19,GTES.N,28.7132295921005
2026-02-19,RYAN.N,99.1174636673222
2026-02-19,ITT.N,33.4250537398696
2026-02-19,DIN.N,15.0381320868651
2026-02-19,EAT.N,15.1086223777346
2026-02-19,TROW.OQ,10.2067748062703
2026-02-19,CECO.OQ,55.2725834139863
2026-02-19,GDEN.OQ,154.719203383479
2026-02-19,GBX.N,10.1150395999351
2026-02-19,CCI.N,33.192201540806
2026-02-19,HTB.N,12.1123172352681
2026-02-19,HVT.N,22.601134413146
2026-02-19,AFG.N,13.6828582763608
2026-02-19,UPBD.OQ,15.1490337373076
2026-02-19,ACHC.OQ,14.2974652951502
2026-02-19,IBP.N,34.5932294800843
2026-02-19,SANM.OQ,35.4324868772998
2026-02-19,AOS.N,20.19353983474
2026-02-20,LAMR.OQ,31.5086920529801
2026-02-20,WMS.N,28.3632410002693
2026-02-20,IMKTA.OQ,17.4404906897529
2026-02-20,REFI.OQ,7.06231383858919
2026-02-20,MYRG.OQ,45.3892759133661
2026-02-20,TCI.N,69.8042712833838
2026-02-20,BELFA.OQ,41.894310977159
2026-02-20,THC.N,14.8419388388168
2026-02-20,SLB.N,21.5135194594755
2026-02-20,TNET.N,12.116250511666
2026-02-20,PCTY.OQ,24.8586028740554
2026-02-20,SMBC.OQ,11.2853669338232
2026-02-20,AEBI.OQ,115.956024364879
2026-02-20,DY.N,42.3160434258142
2026-02-20,STE.N,34.8842064243166
2026-02-20,ACIW.OQ,16.5340732142352
2026-02-20,IRMD.OQ,59.2004847625635
2026-02-20,PLMR.OQ,18.8224902305954
2026-02-20,TCBX.N,11.9133512478625
2026-02-20,DLB.N,25.8328656392201
2026-02-20,GTES.N,28.5374554102259
2026-02-20,RYAN.N,99.0455177706365
2026-02-20,ITT.N,33.7767758695716
2026-02-20,DIN.N,14.4611186903138
2026-02-20,EAT.N,14.6983291334286
2026-02-20,TROW.OQ,10.3171066238031
2026-02-20,CECO.OQ,55.6540659682239
2026-02-20,GDEN.OQ,156.111140853365
2026-02-20,GBX.N,10.2685885881694
2026-02-20,CCI.N,33.7833428658071
2026-02-20,HTB.N,12.1400088613203
2026-02-20,HVT.N,22.8102428271458
2026-02-20,AFG.N,13.6660656298607
2026-02-20,UPBD.OQ,15.5448193034174
2026-02-20,ACHC.OQ,14.2381045258347
2026-02-20,IBP.N,35.0324402355806
2026-02-20,SANM.OQ,35.7351343850633
2026-02-20,AOS.N,20.2247307831267
2026-02-23,LAMR.OQ,22.8976257782557
2026-02-23,WMS.N,28.007474423043
2026-02-23,IMKTA.OQ,17.4584602851974
2026-02-23,REFI.OQ,7.00321497801522
2026-02-23,MYRG.OQ,44.3329225292395
2026-02-23,TCI.N,61.1479266286382
2026-02-23,BELFA.OQ,41.8147930497453
2026-02-23,THC.N,15.0917792185742
2026-02-23,SLB.N,21.6785199037074
2026-02-23,TNET.N,10.6583960452155
2026-02-23,PCTY.OQ,23.9857520633158
2026-02-23,SMBC.OQ,10.7976957103888
2026-02-23,AEBI.OQ,110.013370970138
2026-02-23,DY.N,41.3913985377022
2026-02-23,STE.N,34.3915270277793
2026-02-23,ACIW.OQ,15.5593394459791
2026-02-23,IRMD.OQ,57.7542002275183
2026-02-23,PLMR.OQ,18.8443387392786
2026-02-23,TCBX.N,11.3367155055363
2026-02-23,DLB.N,25.7521126988036
2026-02-23,GTES.N,28.6822106188285
2026-02-23,RYAN.N,93.5776296225239
2026-02-23,ITT.N,33.3972431528699
2026-02-23,DIN.N,13.723078299376
2026-02-23,EAT.N,14.122514164647
2026-02-23,TROW.OQ,10.0661558231403
2026-02-23,CECO.OQ,54.8769718762584
2026-02-23,GDEN.OQ,155.896996627228
2026-02-23,GBX.N,10.1621512213252
2026-02-23,CCI.N,33.6643468848004
2026-02-23,HTB.N,11.7606335844041
2026-02-23,HVT.N,22.0435119758131
2026-02-23,AFG.N,13.6030932054853
2026-02-23,UPBD.OQ,14.5758270553554
2026-02-23,ACHC.OQ,14.7384310100659
2026-02-23,IBP.N,34.4511318827178
2026-02-23,SANM.OQ,35.3774600577064
2026-02-23,AOS.N,19.9544092304413
2026-02-24,LAMR.OQ,23.2583548672413
2026-02-24,WMS.N,28.3981526737354
2026-02-24,IMKTA.OQ,17.7399839471614
2026-02-24,REFI.OQ,7.15096212945014
2026-02-24,MYRG.OQ,45.0646168457676
2026-02-24,TCI.N,64.1153769276896
2026-02-24,BELFA.OQ,41.8341876661876
2026-02-24,THC.N,15.3377461040718
2026-02-24,SLB.N,21.9365975216087
2026-02-24,TNET.N,10.8315753014893
2026-02-24,PCTY.OQ,24.2657230780813
2026-02-24,SMBC.OQ,10.8493923065126
2026-02-24,AEBI.OQ,109.270539295796
2026-02-24,DY.N,42.2028015066099
2026-02-24,STE.N,34.3400322885932
2026-02-24,ACIW.OQ,15.8060562918862
2026-02-24,IRMD.OQ,56.6451915326615
2026-02-24,PLMR.OQ,18.8739902867773
2026-02-24,TCBX.N,11.2997880934661
2026-02-24,DLB.N,25.8409409332617
2026-02-24,GTES.N,29.0027400093057
2026-02-24,RYAN.N,93.1939181735335
2026-02-24,ITT.N,33.8552998799237
2026-02-24,DIN.N,13.7051864111109
2026-02-24,EAT.N,14.1606343193747
2026-02-24,TROW.OQ,10.2543689236374
2026-02-24,CECO.OQ,42.3869504708484
2026-02-24,GDEN.OQ,156.111140853365
2026-02-24,GBX.N,10.272078337902
2026-02-24,CCI.N,35.1369564355651
2026-02-24,HTB.N,11.8021710234825
2026-02-24,HVT.N,22.0609376769798
2026-02-24,AFG.N,13.7332362158611
2026-02-24,UPBD.OQ,17.2881166188218
2026-02-24,ACHC.OQ,14.5603487021192
2026-02-24,IBP.N,34.4468258949188
2026-02-24,SANM.OQ,37.8417045873228
2026-02-24,AOS.N,20.0661767954939
2026-02-25,LAMR.OQ,23.4161738436725
2026-02-25,WMS.N,28.2618309011534
2026-02-25,IMKTA.OQ,17.5602879927163
2026-02-25,REFI.OQ,7.18051155973713
2026-02-25,MYRG.OQ,44.2586224441175
2026-02-25,TCI.N,57.5500853334153
2026-02-25,BELFA.OQ,44.5999843912377
2026-02-25,THC.N,15.3028846557335
2026-02-25,SLB.N,21.8562126898034
2026-02-25,TNET.N,11.2566516577978
2026-02-25,PCTY.OQ,24.4162957246779
2026-02-25,SMBC.OQ,11.2009291601543
2026-02-25,AEBI.OQ,110.756202644481
2026-02-25,DY.N,41.8965559685877
2026-02-25,STE.N,35.0192061459667
2026-02-25,ACIW.OQ,16.7767455216848
2026-02-25,IRMD.OQ,57.4512236253151
2026-02-25,PLMR.OQ,16.9480902059594
2026-02-25,TCBX.N,11.6349753722567
2026-02-25,DLB.N,25.9539950498448
2026-02-25,GTES.N,28.44439849041
2026-02-25,RYAN.N,91.0595232385247
2026-02-25,ITT.N,34.1677600044497
2026-02-25,DIN.N,13.7275512714423
2026-02-25,EAT.N,14.5358168948526
2026-02-25,TROW.OQ,10.3052080944613
2026-02-25,CECO.OQ,45.7849710002614
2026-02-25,GDEN.OQ,155.52224423149
2026-02-25,GBX.N,10.1237639742666
2026-02-25,CCI.N,34.1063146628612
2026-02-25,HTB.N,12.0735489587949
2026-02-25,HVT.N,21.1809397680639
2026-02-25,AFG.N,13.8308434736429
2026-02-25,UPBD.OQ,17.22414578952
2026-02-25,ACHC.OQ,17.6725490362355
2026-02-25,IBP.N,32.374569266658
2026-02-25,SANM.OQ,38.5953327687103
2026-02-25,AOS.N,19.8322446825931
2026-02-26,LAMR.OQ,23.5358387818456
2026-02-26,WMS.N,28.6275722422272
2026-02-26,IMKTA.OQ,16.8954129612695
2026-02-26,REFI.OQ,7.2396104203111
2026-02-26,MYRG.OQ,36.1461926240382
2026-02-26,TCI.N,60.2561539999078
2026-02-26,BELFA.OQ,43.950988486484
2026-02-26,THC.N,15.4726728207883
2026-02-26,SLB.N,21.7842894192407
2026-02-26,TNET.N,11.8737995528826
2026-02-26,PCTY.OQ,26.4960804057933
2026-02-26,SMBC.OQ,11.1233842659686
2026-02-26,AEBI.OQ,109.567671965533
2026-02-26,DY.N,41.4081386474976
2026-02-26,STE.N,35.4478650559483
2026-02-26,ACIW.OQ,16.0972630608258
2026-02-26,IRMD.OQ,58.5487992408435
2026-02-26,PLMR.OQ,16.9717685042419
2026-02-26,TCBX.N,11.637815942416
2026-02-26,DLB.N,26.4223621042601
2026-02-26,GTES.N,28.1031897844181
2026-02-26,RYAN.N,94.1052328648856
2026-02-26,ITT.N,33.3956072359876
2026-02-26,DIN.N,32.4455356310408
2026-02-26,EAT.N,15.2109448983195
2026-02-26,TROW.OQ,10.4339285482496
2026-02-26,CECO.OQ,44.7323617302353
2026-02-26,GDEN.OQ,153.8090904224
2026-02-26,GBX.N,10.1481922223948
2026-02-26,CCI.N,34.2490189083125
2026-02-26,HTB.N,12.1261630482942
2026-02-26,HVT.N,20.8324257447309
2026-02-26,AFG.N,13.2118261448516
2026-02-26,UPBD.OQ,17.6159671189937
2026-02-26,ACHC.OQ,18.902164972058
2026-02-26,IBP.N,34.6642782787675
2026-02-26,SANM.OQ,38.6216499432984
2026-02-26,AOS.N,20.0531805669995
2026-02-27,LAMR.OQ,23.8878964984998
2026-02-27,WMS.N,28.4846006270802
2026-02-27,IMKTA.OQ,16.9912508036402
2026-02-27,REFI.OQ,7.18051155973713
2026-02-27,MYRG.OQ,35.8132130538605
2026-02-27,TCI.N,56.3815556819754
2026-02-27,BELFA.OQ,43.5299626621976
2026-02-27,THC.N,15.4545965142425
2026-02-27,SLB.N,21.7208277099208
2026-02-27,TNET.N,11.9903019616487
2026-02-27,PCTY.OQ,25.0538767751103
2026-02-27,SMBC.OQ,10.6684542200793
2026-02-27,AEBI.OQ,107.116327440202
2026-02-27,DY.N,41.3598877427931
2026-02-27,AVPT.OQ,71.4238388656993
2026-02-27,STE.N,35.1208038746312
2026-02-27,ACIW.OQ,18.3067206148991
2026-02-27,IRMD.OQ,59.1833351435709
2026-02-27,PLMR.OQ,17.2308369442738
2026-02-27,TCBX.N,11.251498400759
2026-02-27,DLB.N,26.878616217613
2026-02-27,GTES.N,28.5064364369539
2026-02-27,RYAN.N,94.3690344860665
2026-02-27,ITT.N,33.1125936153436
2026-02-27,DIN.N,32.0725984398794
2026-02-27,EAT.N,14.8668603438037
2026-02-27,TROW.OQ,10.2359802873819
2026-02-27,CECO.OQ,42.7048525993798
2026-02-27,GDEN.OQ,154.719203383479
2026-02-27,GBX.N,9.84458399565875
2026-02-27,CCI.N,35.4937170491933
2026-02-27,HTB.N,11.6692512184315
2026-02-27,HVT.N,21.0031403267351
2026-02-27,AFG.N,13.175167909579
2026-02-27,UPBD.OQ,17.1521786065554
2026-02-27,ACHC.OQ,19.8773776108138
2026-02-27,IBP.N,33.693161550568
2026-02-27,SANM.OQ,37.1454956959457
2026-02-27,AOS.N,20.2741164514058
2026-03-02,LAMR.OQ,24.1376320216437
2026-03-02,WMS.N,27.9841999740656
2026-03-02,IMKTA.OQ,17.2827575741845
2026-03-02,REFI.OQ,7.26324996454068
2026-03-02,MYRG.OQ,36.2881400902096
2026-03-02,TCI.N,55.4590322729439
2026-03-02,BELFA.OQ,42.1313354117632
2026-03-02,THC.N,15.1789328394198
2026-03-02,SLB.N,21.6912122455714
2026-03-02,TNET.N,11.8391637016279
2026-03-02,PCTY.OQ,25.3620801611127
2026-03-02,SMBC.OQ,10.8769638244453
2026-03-02,AEBI.OQ,107.487743277373
2026-03-02,DY.N,41.2328598508161
2026-03-02,AVPT.OQ,69.6349301000464
2026-03-02,STE.N,34.4833825084897
2026-03-02,ACIW.OQ,18.6158310688301
2026-03-02,IRMD.OQ,59.3033824765193
2026-03-02,PLMR.OQ,17.6333680150761
2026-03-02,TCBX.N,11.4247731804728
2026-03-02,DLB.N,26.2931573995938
2026-03-02,GTES.N,28.5374554102259
2026-03-02,RYAN.N,96.4314835243897
2026-03-02,ITT.N,32.553110041585
2026-03-02,DIN.N,31.3681615232412
2026-03-02,EAT.N,14.2860295651895
2026-03-02,TROW.OQ,10.2673491374648
2026-03-02,CECO.OQ,40.8398267786624
2026-03-02,GBX.N,9.94578673790409
2026-03-02,CCI.N,35.4897530423752
2026-03-02,HTB.N,11.8603234381923
2026-03-02,HVT.N,20.4385872058149
2026-03-02,AFG.N,13.3257639031311
2026-03-02,UPBD.OQ,16.6963864477798
2026-03-02,IBP.N,33.5492439701104
2026-03-02,SANM.OQ,34.0448540353798
2026-03-02,AOS.N,20.2559217315135
2026-03-03,LAMR.OQ,24.120289276981
2026-03-03,WMS.N,26.9667740616241
2026-03-03,IMKTA.OQ,17.2168690575546
2026-03-03,REFI.OQ,7.20415110396672
2026-03-03,MYRG.OQ,35.7813743698594
2026-03-03,TCI.N,54.7363889358693
2026-03-03,BELFA.OQ,40.0036146607353
2026-03-03,THC.N,15.6799047636878
2026-03-03,SLB.N,20.553132258433
2026-03-03,TNET.N,11.9367738278913
2026-03-03,PCTY.OQ,26.7266447708943
2026-03-03,SMBC.OQ,10.828713668063
2026-03-03,AEBI.OQ,105.036398752043
2026-03-03,DY.N,39.7321582432732
2026-03-03,AVPT.OQ,71.5563506261181
2026-03-03,STE.N,33.8682291376719
2026-03-03,ACIW.OQ,19.1048714884822
2026-03-03,IRMD.OQ,59.6177921580509
2026-03-03,PLMR.OQ,17.389620826874
2026-03-03,TCBX.N,11.3736429176064
2026-03-03,DLB.N,26.1397268128026
2026-03-03,GTES.N,27.2656775060746
2026-03-03,RYAN.N,95.8079524197803
2026-03-03,ITT.N,31.4783126498909
2026-03-03,DIN.N,32.0311609741948
2026-03-03,EAT.N,14.1405710800443
2026-03-03,TROW.OQ,10.1050964646224
2026-03-03,CECO.OQ,39.6771334607807
2026-03-03,GBX.N,9.88646099244992
2026-03-03,CCI.N,35.7791255400959
2026-03-03,HTB.N,11.8797075764289
2026-03-03,HVT.N,20.253343213013
2026-03-03,AFG.N,13.0691562562232
2026-03-03,UPBD.OQ,16.5204666671998
2026-03-03,IBP.N,33.4906489552098
2026-03-03,SANM.OQ,33.0089143447741
2026-03-03,AOS.N,19.6580952207669
2026-03-04,LAMR.OQ,24.1272263748461
2026-03-04,WMS.N,26.7772535485222
2026-03-04,IMKTA.OQ,17.1449906757766
2026-03-04,REFI.OQ,7.28097962271288
2026-03-04,MYRG.OQ,36.4314141682144
2026-03-04,TCI.N,57.4270822122112
2026-03-04,BELFA.OQ,40.2439074482549
2026-03-04,THC.N,15.8038565800015
2026-03-04,SLB.N,20.2612083955611
2026-03-04,TNET.N,11.6250511665984
2026-03-04,PCTY.OQ,26.9360348575677
2026-03-04,SMBC.OQ,10.9252139808275
2026-03-04,AEBI.OQ,109.047689793493
2026-03-04,DY.N,38.1152605795032
2026-03-04,AVPT.OQ,73.6102829126085
2026-03-04,STE.N,33.8292601458554
2026-03-04,ACIW.OQ,19.5800711415403
2026-03-04,IRMD.OQ,60.0865484105162
2026-03-04,PLMR.OQ,17.3283358195547
2026-03-04,TCBX.N,11.3963674788804
2026-03-04,DLB.N,26.1558774008859
2026-03-04,GTES.N,27.1312619552293
2026-03-04,RYAN.N,94.728763969495
2026-03-04,ITT.N,32.3502563481755
2026-03-04,DIN.N,32.3419419668293
2026-03-04,EAT.N,13.8376161661557
2026-03-04,TROW.OQ,9.95041558317937
2026-03-04,CECO.OQ,40.6586243014202
2026-03-04,GBX.N,9.89867511651402
2026-03-04,CCI.N,36.1319221469061
2026-03-04,HTB.N,11.9240141781125
2026-03-04,HVT.N,20.5620832010162
2026-03-04,AFG.N,13.156343410385
2026-03-04,UPBD.OQ,16.4724885452234
2026-03-04,IBP.N,33.7147491876367
2026-03-04,SANM.OQ,33.3869246706764
2026-03-04,AOS.N,19.0654672014182
2026-02-12,CPF.N,13.9655839292915
2026-02-12,HPQ.N,7.1090583040733
2026-02-12,FCNCA.OQ,11.8451672490844
2026-02-12,SKYW.OQ,9.93337325017642
2026-02-12,HD.N,26.6174090214886
2026-02-12,OGN.N,3.66953403154968
2026-02-12,UI.N,48.1162181666527
2026-02-12,CVI.N,13.809679489508
2026-02-12,LMT.N,29.6609301944668
2026-02-12,SCSC.OQ,10.6632045606274
2026-02-12,KRC.N,13.0862022813426
2026-02-12,BWFG.OQ,10.8993174983343
2026-02-12,NLY.N,10.6204609456055
2026-02-12,DXCM.OQ,36.7947623436025
2026-02-12,PFIS.OQ,9.63505587685646
2026-02-12,INSE.OQ,4.74828375286041
2026-02-12,HIFS.OQ,12.1739938505796
2026-02-12,COCO.OQ,49.4861947270085
2026-02-12,CWBC.OQ,12.1680033980461
2026-02-12,HWM.N,68.6963989044048
2026-02-12,OSK.N,16.291205791042
2026-02-12,ENS.N,22.4254825576142
2026-02-12,BLBD.OQ,14.0677241760728
2026-02-12,COLL.OQ,28.240166147974
2026-02-12,HNST.OQ,34.2689295039165
2026-02-12,OGE.N,18.5122773230621
2026-02-12,VNOM.OQ,18.0669630315149
2026-02-12,HOV.N,16.8995466999294
2026-02-12,MTN.N,20.0808631266196
2026-02-12,PINS.N,7.0700483920788
2026-02-12,CZNC.OQ,13.4031139008135
2026-02-13,CPF.N,14.0273057203756
2026-02-13,HPQ.N,7.25598637713046
2026-02-13,FCNCA.OQ,11.8576404509127
2026-02-13,SKYW.OQ,9.94769747616687
2026-02-13,HD.N,26.6740243909926
2026-02-13,OGN.N,3.84105616050313
2026-02-13,UI.N,49.0688931184567
2026-02-13,CVI.N,14.0276314674222
2026-02-13,LMT.N,30.3658908841836
2026-02-13,SCSC.OQ,10.9893152598272
2026-02-13,KRC.N,13.7079156196841
2026-02-13,BWFG.OQ,10.9713493364067
2026-02-13,NLY.N,8.30357914135161
2026-02-13,DXCM.OQ,33.8945309852746
2026-02-13,PFIS.OQ,9.6810100384313
2026-02-13,INSE.OQ,4.7254004576659
2026-02-13,HIFS.OQ,12.6479274998687
2026-02-13,COCO.OQ,48.9412497405024
2026-02-13,CWBC.OQ,12.192989031307
2026-02-13,HWM.N,67.4489570360307
2026-02-13,OSK.N,16.6812274762477
2026-02-13,ENS.N,22.1828575531268
2026-02-13,BLBD.OQ,14.4774881218734
2026-02-13,COLL.OQ,28.5582422242873
2026-02-13,HNST.OQ,34.7584856396867
2026-02-13,OGE.N,18.8493018777082
2026-02-13,VNOM.OQ,18.2818000033052
2026-02-13,HOV.N,17.6241225521864
2026-02-13,MTN.N,19.6981051279306
2026-02-13,PINS.N,28.8547904191617
2026-02-13,CZNC.OQ,13.6140518907455
2026-02-17,CPF.N,14.1466345164715
2026-02-17,HPQ.N,6.96589761750479
2026-02-17,FCNCA.OQ,11.7679043353894
2026-02-17,SKYW.OQ,10.2590106543593
2026-02-17,HD.N,26.1276519696351
2026-02-17,OGN.N,3.78388211751865
2026-02-17,UI.N,47.3986454025256
2026-02-17,CVI.N,13.6341070628549
2026-02-17,LMT.N,30.226294708002
2026-02-17,SCSC.OQ,11.2538956384232
2026-02-17,KRC.N,13.733820342115
2026-02-17,BWFG.OQ,11.0658911238767
2026-02-17,NLY.N,8.27118546459731
2026-02-17,DXCM.OQ,34.0929993900727
2026-02-17,PFIS.OQ,9.73036821197464
2026-02-17,INSE.OQ,4.80549199084668
2026-02-17,HIFS.OQ,12.7594412997014
2026-02-17,COCO.OQ,48.889350217978
2026-02-17,CWBC.OQ,12.2379631711766
2026-02-17,HWM.N,68.0797494082952
2026-02-17,OSK.N,16.426738326651
2026-02-17,ENS.N,22.0417389280679
2026-02-17,BLBD.OQ,15.080821539003
2026-02-17,COLL.OQ,28.7515825843993
2026-02-17,HNST.OQ,35.5744125326371
2026-02-17,OGE.N,18.8172043010753
2026-02-17,VNOM.OQ,18.1785129976368
2026-02-17,HOV.N,17.622768204799
2026-02-17,MTN.N,20.201116597472
2026-02-17,PINS.N,29.0232035928144
2026-02-17,CZNC.OQ,13.5456395696865
2026-02-18,CPF.N,14.0355352925201
2026-02-18,HPQ.N,6.91315420666376
2026-02-18,FCNCA.OQ,12.1777465547066
2026-02-18,SKYW.OQ,10.1793246905895
2026-02-18,HD.N,26.1603933881434
2026-02-18,OGN.N,3.87743964240235
2026-02-18,UI.N,48.1891339176134
2026-02-18,CVI.N,13.5372395171153
2026-02-18,LMT.N,30.2369970815093
2026-02-18,SCSC.OQ,11.4600222124457
2026-02-18,KRC.N,13.9324232140853
2026-02-18,BWFG.OQ,10.901568493274
2026-02-18,NLY.N,8.2783840594316
2026-02-18,DXCM.OQ,35.2402435836617
2026-02-18,PFIS.OQ,9.48357734425794
2026-02-18,INSE.OQ,4.79405034324943
2026-02-18,HIFS.OQ,12.6345943281496
2026-02-18,COCO.OQ,43.301501626185
2026-02-18,CWBC.OQ,12.1330235114809
2026-02-18,HWM.N,67.2171273607539
2026-02-18,OSK.N,17.1218215909783
2026-02-18,ENS.N,21.7805456834412
2026-02-18,BLBD.OQ,15.395057693758
2026-02-18,COLL.OQ,28.2464029337841
2026-02-18,HNST.OQ,35.411227154047
2026-02-18,OGE.N,18.6527042208313
2026-02-18,VNOM.OQ,18.4305332914677
2026-02-18,HOV.N,17.7758094595748
2026-02-18,MTN.N,20.8229150321238
2026-02-18,PINS.N,30.6511976047904
2026-02-18,CZNC.OQ,13.3860108205488
2026-02-19,CPF.N,14.0190761482311
2026-02-19,HPQ.N,6.90938682017511
2026-02-19,FCNCA.OQ,12.0907297154112
2026-02-19,SKYW.OQ,9.85454517335107
2026-02-19,HD.N,25.823429622662
2026-02-19,OGN.N,3.90862548403025
2026-02-19,UI.N,48.9789409770847
2026-02-19,CVI.N,80.3647868974503
2026-02-19,LMT.N,31.0140824622532
2026-02-19,SCSC.OQ,11.4600222124457
2026-02-19,KRC.N,14.0274071963319
2026-02-19,BWFG.OQ,10.8452936197799
2026-02-19,NLY.N,8.27118546459731
2026-02-19,DXCM.OQ,34.9836868652642
2026-02-19,PFIS.OQ,9.52612749386427
2026-02-19,INSE.OQ,4.77688787185355
2026-02-19,HIFS.OQ,12.7784309685135
2026-02-19,COCO.OQ,43.4476043380452
2026-02-19,CWBC.OQ,12.1230292581766
2026-02-19,HWM.N,67.7427876709744
2026-02-19,OSK.N,17.0130514223446
2026-02-19,ENS.N,21.8919551242772
2026-02-19,BLBD.OQ,15.2140576686191
2026-02-19,COLL.OQ,28.1777982898733
2026-02-19,HNST.OQ,35.9007832898172
2026-02-19,OGE.N,20.088901881212
2026-02-19,VNOM.OQ,18.628844342351
2026-02-19,HOV.N,17.7067377428176
2026-02-19,MTN.N,21.0091612613709
2026-02-19,PINS.N,31.3809880239521
2026-02-19,CZNC.OQ,13.437320061343
2026-02-20,CPF.N,14.0890275114597
2026-02-20,HPQ.N,7.00357148239124
2026-02-20,FCNCA.OQ,11.9209522952642
2026-02-20,SKYW.OQ,9.97827070372762
2026-02-20,HD.N,26.0737650516735
2026-02-20,OGN.N,4.21008861976663
2026-02-20,UI.N,51.1309778138495
2026-02-20,CVI.N,77.1263726037596
2026-02-20,LMT.N,30.630192977754
2026-02-20,SCSC.OQ,11.4569456964155
2026-02-20,KRC.N,13.9194708528698
2026-02-20,BWFG.OQ,10.9195764527921
2026-02-20,NLY.N,8.28558265426589
2026-02-20,DXCM.OQ,35.3757829820604
2026-02-20,PFIS.OQ,9.60612177512416
2026-02-20,INSE.OQ,4.76544622425629
2026-02-20,HIFS.OQ,12.7069166838382
2026-02-20,COCO.OQ,45.2942954034181
2026-02-20,CWBC.OQ,12.2229717912201
2026-02-20,HWM.N,69.5758595219996
2026-02-20,OSK.N,17.5149908243881
2026-02-20,ENS.N,21.4413658302293
2026-02-20,BLBD.OQ,15.3347243520451
2026-02-20,COLL.OQ,28.0655361452922
2026-02-20,HNST.OQ,37.0430809399478
2026-02-20,OGE.N,20.3554355676308
2026-02-20,VNOM.OQ,18.8560757548214
2026-02-20,HOV.N,17.5604682249788
2026-02-20,MTN.N,20.9461015144605
2026-02-20,PINS.N,33.252245508982
2026-02-20,CZNC.OQ,13.5912477837259
2026-02-23,CPF.N,13.4471208841852
2026-02-23,HPQ.N,6.91315420666376
2026-02-23,FCNCA.OQ,11.6202949279705
2026-02-23,SKYW.OQ,9.85164535623286
2026-02-23,HD.N,25.7149736738532
2026-02-23,OGN.N,4.11653109488292
2026-02-23,UI.N,49.4941214231246
2026-02-23,CVI.N,78.4291829517961
2026-02-23,LMT.N,30.7400086363501
2026-02-23,SCSC.OQ,11.0139273880687
2026-02-23,KRC.N,13.4790905715445
2026-02-23,BWFG.OQ,10.5886801966469
2026-02-23,NLY.N,8.213596705923
2026-02-23,DXCM.OQ,35.4629154524596
2026-02-23,PFIS.OQ,9.25210453039953
2026-02-23,INSE.OQ,4.5766590389016
2026-02-23,HIFS.OQ,12.1315701223824
2026-02-23,COCO.OQ,45.008897693315
2026-02-23,CWBC.OQ,11.7332533793069
2026-02-23,HWM.N,69.2901159687515
2026-02-23,OSK.N,17.6576893025038
2026-02-23,ENS.N,20.724631760851
2026-02-23,BLBD.OQ,15.2291410040474
2026-02-23,COLL.OQ,27.9719843581412
2026-02-23,HNST.OQ,36.3903394255875
2026-02-23,OGE.N,20.6907521408674
2026-02-23,VNOM.OQ,18.5751350994034
2026-02-23,HOV.N,16.8115141197487
2026-02-23,MTN.N,20.6014726650662
2026-02-23,PINS.N,31.2312874251497
2026-02-23,CZNC.OQ,13.2434851516758
2026-02-24,CPF.N,13.5129574613416
2026-02-24,HPQ.N,6.85664340933408
2026-02-24,FCNCA.OQ,11.7107404199012
2026-02-24,SKYW.OQ,10.3194825179692
2026-02-24,HD.N,26.22587622516
2026-02-24,OGN.N,4.23087918085189
2026-02-24,UI.N,51.7013561648223
2026-02-24,CVI.N,80.8114647310628
2026-02-24,LMT.N,30.9172957801007
2026-02-24,SCSC.OQ,11.1339115132459
2026-02-24,KRC.N,13.3927414967749
2026-02-24,BWFG.OQ,10.7800147665268
2026-02-24,NLY.N,8.28558265426589
2026-02-24,DXCM.OQ,35.3806236748604
2026-02-24,PFIS.OQ,9.32529078772241
2026-02-24,INSE.OQ,4.59954233409611
2026-02-24,HIFS.OQ,12.2519727033612
2026-02-24,COCO.OQ,46.3687338414532
2026-02-24,CWBC.OQ,11.6932763660895
2026-02-24,HWM.N,70.344132283091
2026-02-24,OSK.N,17.7564805565839
2026-02-24,ENS.N,21.3683307523479
2026-02-24,BLBD.OQ,15.5886271650871
2026-02-24,COLL.OQ,28.1715615040633
2026-02-24,HNST.OQ,36.8798955613577
2026-02-24,OGE.N,20.8025243319462
2026-02-24,VNOM.OQ,18.7941035514204
2026-02-24,HOV.N,16.6435750437116
2026-02-24,MTN.N,20.8009174459923
2026-02-24,PINS.N,31.7178143712575
2026-02-24,CZNC.OQ,12.9641348406848
2026-02-25,CPF.N,13.776303769967
2026-02-25,HPQ.N,6.86041079582272
2026-02-25,FCNCA.OQ,12.0384039381874
2026-02-25,SKYW.OQ,10.4093768486334
2026-02-25,HD.N,26.38317242949
2026-02-25,OGN.N,10.4797521699087
2026-02-25,UI.N,51.479201633858
2026-02-25,CVI.N,86.0227061232088
2026-02-25,LMT.N,30.1295080258495
2026-02-25,SCSC.OQ,11.3431146032986
2026-02-25,KRC.N,13.608614183699
2026-02-25,BWFG.OQ,10.8317876501414
2026-02-25,NLY.N,8.28198335684874
2026-02-25,DXCM.OQ,35.41450852446
2026-02-25,PFIS.OQ,9.46996129638392
2026-02-25,INSE.OQ,4.69679633867277
2026-02-25,HIFS.OQ,11.9796527718856
2026-02-25,COCO.OQ,46.2260349864016
2026-02-25,CWBC.OQ,11.8981585588287
2026-02-25,HWM.N,69.9909963823788
2026-02-25,OSK.N,17.2036486903174
2026-02-25,ENS.N,21.032864547164
2026-02-25,BLBD.OQ,15.6690716207044
2026-02-25,COLL.OQ,28.533295081047
2026-02-25,HNST.OQ,37.6958224543081
2026-02-25,OGE.N,20.8111221927984
2026-02-25,VNOM.OQ,18.612318421444
2026-02-25,HOV.N,17.0756118602909
2026-02-25,MTN.N,20.1380568505616
2026-02-25,PINS.N,32.8779940119761
2026-02-25,CZNC.OQ,13.1522687235971
2026-02-26,CPF.N,13.8627142774847
2026-02-26,HPQ.N,7.10151657586844
2026-02-26,FCNCA.OQ,12.0710379840388
2026-02-26,SKYW.OQ,10.5079706306522
2026-02-26,HD.N,26.3494532219756
2026-02-26,OGN.N,10.0890290530546
2026-02-26,UI.N,51.8478691223602
2026-02-26,CVI.N,87.9583100688629
2026-02-26,LMT.N,29.8563648411209
2026-02-26,SCSC.OQ,11.4384866002344
2026-02-26,KRC.N,13.8244868706232
2026-02-26,BWFG.OQ,10.8993174983343
2026-02-26,NLY.N,8.37916438711164
2026-02-26,DXCM.OQ,36.0050730460544
2026-02-26,PFIS.OQ,9.56867764347059
2026-02-26,INSE.OQ,4.77688787185355
2026-02-26,HIFS.OQ,12.1776301701394
2026-02-26,COCO.OQ,48.1902427559346
2026-02-26,CWBC.OQ,11.9681183319591
2026-02-26,HWM.N,70.1716078735827
2026-02-26,OSK.N,17.1657288150139
2026-02-26,ENS.N,21.1838862336305
2026-02-26,BLBD.OQ,14.7942381658664
2026-02-26,COLL.OQ,27.5790668521071
2026-02-26,OGE.N,20.8842040100423
2026-02-26,HOV.N,17.1054075028137
2026-02-26,MTN.N,20.5692095387399
2026-02-26,PINS.N,33.3270958083832
2026-02-26,CZNC.OQ,13.232083098166
2026-02-27,CPF.N,13.1055936401866
2026-02-27,HPQ.N,7.16947367228823
2026-02-27,FCNCA.OQ,11.4499656437693
2026-02-27,SKYW.OQ,10.0604321887433
2026-02-27,HD.N,26.7449514267791
2026-02-27,OGN.N,10.1727554352376
2026-02-27,UI.N,52.26696432648
2026-02-27,CVI.N,89.9311371673182
2026-02-27,LMT.N,30.6218172071831
2026-02-27,SCSC.OQ,11.315425959027
2026-02-27,KRC.N,12.8746470481569
2026-02-27,BWFG.OQ,10.512146368695
2026-02-27,NLY.N,8.36476719744306
2026-02-27,DXCM.OQ,35.5452072300588
2026-02-27,PFIS.OQ,9.1227520755963
2026-02-27,INSE.OQ,4.66819221967963
2026-02-27,HIFS.OQ,11.2774390613447
2026-02-27,COCO.OQ,48.7358560252493
2026-02-27,CWBC.OQ,11.6083252130025
2026-02-27,HWM.N,70.7700519190645
2026-02-27,OSK.N,16.9661505239429
2026-02-27,ENS.N,20.5674206610046
2026-02-27,BLBD.OQ,14.6484325900601
2026-02-27,COLL.OQ,24.3608706073556
2026-02-27,OGE.N,21.1249441139045
2026-02-27,HOV.N,17.0133118804707
2026-02-27,MTN.N,19.916614483504
2026-02-27,PINS.N,32.0546407185629
2026-02-27,CZNC.OQ,12.8045060915471
2026-03-02,CPF.N,11.2589667010914
2026-03-02,HPQ.N,7.05998723916745
2026-03-02,FCNCA.OQ,11.7627337172247
2026-03-02,SKYW.OQ,9.83134663640547
2026-03-02,HD.N,26.0487902883062
2026-03-02,OGN.N,10.0332114649326
2026-03-02,UI.N,54.4121866070802
2026-03-02,CVI.N,92.7973199329984
2026-03-02,LMT.N,31.4882441406832
2026-03-02,SCSC.OQ,11.349267635359
2026-03-02,KRC.N,12.8098852420796
2026-03-02,BWFG.OQ,10.777763771587
2026-03-02,NLY.N,8.35396930519163
2026-03-02,DXCM.OQ,35.7146314780571
2026-03-02,PFIS.OQ,9.24359450047826
2026-03-02,INSE.OQ,4.7025171624714
2026-03-02,HIFS.OQ,11.3735995119251
2026-03-02,COCO.OQ,45.7056038679784
2026-03-02,CWBC.OQ,11.7132648726982
2026-03-02,HWM.N,71.4655409448946
2026-03-02,OSK.N,17.1777035124781
2026-03-02,ENS.N,20.5451387728374
2026-03-02,BLBD.OQ,14.4850297895875
2026-03-02,COLL.OQ,24.3199476185744
2026-03-02,OGE.N,21.1722323485917
2026-03-02,HOV.N,16.3699968714575
2026-03-02,MTN.N,19.7860954724568
2026-03-02,PINS.N,32.7095808383234
2026-03-02,CZNC.OQ,13.0724543490283
2026-03-03,CPF.N,11.1438300722918
2026-03-03,HPQ.N,7.17702446077932
2026-03-03,FCNCA.OQ,11.9025594441813
2026-03-03,SKYW.OQ,9.73855248862305
2026-03-03,HD.N,25.7755242107422
2026-03-03,OGN.N,9.62853395104798
2026-03-03,UI.N,51.9507689204448
2026-03-03,CVI.N,93.1323283082078
2026-03-03,LMT.N,31.0750394591858
2026-03-03,SCSC.OQ,11.4046449239024
2026-03-03,KRC.N,12.9523612154496
2026-03-03,BWFG.OQ,10.6719670094182
2026-03-03,NLY.N,8.29278124910017
2026-03-03,DXCM.OQ,35.3757829820604
2026-03-03,PFIS.OQ,9.25721054835229
2026-03-03,INSE.OQ,4.74828375286041
2026-03-03,HIFS.OQ,11.2645099251322
2026-03-03,COCO.OQ,45.4286002081724
2026-03-03,CWBC.OQ,11.6483022262199
2026-03-03,HWM.N,69.7753408704935
2026-03-03,OSK.N,16.7645764499612
2026-03-03,ENS.N,20.2728045841271
2026-03-03,BLBD.OQ,14.4624047864451
2026-03-03,COLL.OQ,23.3787188766055
2026-03-03,OGE.N,20.9873783402689
2026-03-03,HOV.N,18.6931461578833
2026-03-03,MTN.N,20.2495112869614
2026-03-03,PINS.N,35.7410179640719
2026-03-03,CZNC.OQ,12.9812379209496
2026-03-04,CPF.N,11.2205878248249
2026-03-04,HPQ.N,7.24120616295357
2026-03-04,FCNCA.OQ,11.9006894711288
2026-03-04,SKYW.OQ,9.70085486608645
2026-03-04,HD.N,25.9293680950263
2026-03-04,OGN.N,9.58667075995646
2026-03-04,UI.N,54.4060535065321
2026-03-04,CVI.N,98.4552391587569
2026-03-04,LMT.N,30.919622383037
2026-03-04,SCSC.OQ,11.7184495589814
2026-03-04,KRC.N,13.4618207565906
2026-03-04,BWFG.OQ,10.8407916299004
2026-03-04,NLY.N,8.26038757234588
2026-03-04,DXCM.OQ,35.2886505116612
2026-03-04,PFIS.OQ,9.29976069795861
2026-03-04,INSE.OQ,4.81693363844393
2026-03-04,HIFS.OQ,11.5271330044484
2026-03-04,COCO.OQ,46.3141725145217
2026-03-04,CWBC.OQ,11.708267746046
2026-03-04,HWM.N,70.1123026078143
2026-03-04,OSK.N,16.6637894129704
2026-03-04,ENS.N,20.6924468112761
2026-03-04,BLBD.OQ,14.6358631438699
2026-03-04,COLL.OQ,23.1565655089358
2026-03-04,OGE.N,21.0174708532517
2026-03-04,HOV.N,18.266426000651
2026-03-04,MTN.N,19.9958057935776
2026-03-04,PINS.N,36.2649700598802
2026-03-04,CZNC.OQ,13.0382481884987
2026-02-12,BBCP.OQ,72.7790432801822
2026-02-12,FISI.OQ,9.42965400614989
2026-02-12,HLX.N,29.9388498108939
2026-02-12,AROC.N,21.0532593785412
2026-02-12,VCEL.OQ,181.463675213675
2026-02-12,C.N,15.6249780350624
2026-02-12,ALX.N,41.3985566173836
2026-02-12,TGT.N,13.6738135973693
2026-02-12,TER.OQ,113.200199446064
2026-02-12,WST.N,36.0961457536909
2026-02-12,ACN.N,18.3637756021879
2026-02-12,NE.N,30.4440774186168
2026-02-12,KN.N,45.8352682180142
2026-02-12,DUK.N,19.8237850838239
2026-02-12,CRDa.N,0.379797140622919
2026-02-12,AEE.N,21.0334758136189
2026-02-12,BSET.OQ,23.0861312204298
2026-02-12,VRRM.OQ,57.5701636369325
2026-02-12,CIEN.N,344.922587861306
2026-02-12,FTV.N,29.5075402303696
2026-02-12,MSM.N,25.1442433779177
2026-02-12,CROX.OQ,32.0913132472002
2026-02-12,EXPD.N,22.8808441299468
2026-02-12,UHAL.N,74.3479122520847
2026-02-12,INSP.N,40.6227228461104
2026-02-12,FISV.OQ,9.09542151758392
2026-02-12,RRBI.OQ,14.0825438787448
2026-02-12,MSFT.OQ,25.1425939969116
2026-02-12,BRSL.N,141.583639223912
2026-02-12,HAL.N,22.7406871945194
2026-02-12,LIF.OQ,143.479487861089
2026-02-12,ATEN.N,29.9009668224162
2026-02-12,GYRE.OQ,121.146398140976
2026-02-12,MKTX.OQ,30.1836600706882
2026-02-12,FBIZ.OQ,9.66943414622898
2026-02-12,PKBK.OQ,9.017486827055
2026-02-12,WT.N,25.486156631395
2026-02-12,AGCO.N,27.6468808953347
2026-02-13,BBCP.OQ,74.4874715261959
2026-02-13,FISI.OQ,9.52375680515462
2026-02-13,HLX.N,30.3983599024425
2026-02-13,AROC.N,21.6430422191739
2026-02-13,VCEL.OQ,192.094017094017
2026-02-13,C.N,15.5842111108143
2026-02-13,ALX.N,42.5464951490046
2026-02-13,TGT.N,14.0463276424836
2026-02-13,TER.OQ,114.521347643952
2026-02-13,WST.N,37.1155681205289
2026-02-13,ACN.N,18.5440639643261
2026-02-13,NE.N,34.1438333196718
2026-02-13,KN.N,46.9360026142442
2026-02-13,DUK.N,20.15232136822
2026-02-13,CRDa.N,0.38787012332215
2026-02-13,AEE.N,21.3470350378387
2026-02-13,BSET.OQ,22.7868665564613
2026-02-13,VRRM.OQ,57.4762992396984
2026-02-13,CIEN.N,357.826573261906
2026-02-13,FTV.N,29.9817685555005
2026-02-13,MSM.N,25.6906198094239
2026-02-13,EXPD.N,23.8477779242829
2026-02-13,UHAL.N,75.7504154153391
2026-02-13,INSP.N,40.6976348245357
2026-02-13,FISV.OQ,9.17892249717411
2026-02-13,RRBI.OQ,13.9227997199779
2026-02-13,MSFT.OQ,25.1100582889721
2026-02-13,BRSL.N,141.059255374934
2026-02-13,HAL.N,22.5218354367419
2026-02-13,LIF.OQ,128.735676301238
2026-02-13,ATEN.N,30.4152340650622
2026-02-13,GYRE.OQ,124.244771494965
2026-02-13,MKTX.OQ,30.5068255960703
2026-02-13,FBIZ.OQ,9.61178975939233
2026-02-13,PKBK.OQ,9.03016073686112
2026-02-13,WT.N,25.5329774947717
2026-02-13,AGCO.N,27.9573187719396
2026-02-17,BBCP.OQ,75.626423690205
2026-02-17,FISI.OQ,9.62616279230682
2026-02-17,HLX.N,29.656074369941
2026-02-17,AROC.N,21.6695493131349
2026-02-17,VCEL.OQ,196.688034188034
2026-02-17,C.N,15.9946918653117
2026-02-17,ALX.N,41.718742325094
2026-02-17,TGT.N,14.1409729047602
2026-02-17,TER.OQ,111.198459752294
2026-02-17,WST.N,36.03391357432
2026-02-17,ACN.N,18.1851412617208
2026-02-17,NE.N,32.3926764383705
2026-02-17,KN.N,46.6780179901278
2026-02-17,DUK.N,19.9181017204927
2026-02-17,CRDa.N,0.387136215804038
2026-02-17,AEE.N,21.2643169602838
2026-02-17,BSET.OQ,22.6158581770507
2026-02-17,VRRM.OQ,57.194706047996
2026-02-17,CIEN.N,355.954553482075
2026-02-17,FTV.N,29.9343457229874
2026-02-17,MSM.N,25.5349025264446
2026-02-17,EXPD.N,23.9552150125425
2026-02-17,UHAL.N,76.6041129929722
2026-02-17,INSP.N,12.1484610742305
2026-02-17,FISV.OQ,9.81136510184801
2026-02-17,RRBI.OQ,14.2078334150326
2026-02-17,MSFT.OQ,24.8310020247221
2026-02-17,BRSL.N,140.744625065548
2026-02-17,HAL.N,22.3560386505468
2026-02-17,LIF.OQ,136.782568914864
2026-02-17,ATEN.N,29.4748596785095
2026-02-17,GYRE.OQ,127.188226181255
2026-02-17,MKTX.OQ,30.2329853350886
2026-02-17,FBIZ.OQ,9.67108112871004
2026-02-17,PKBK.OQ,9.06501398882795
2026-02-17,WT.N,25.8451165839498
2026-02-17,AGCO.N,14.2123291185483
2026-02-18,BBCP.OQ,75.8542141230068
2026-02-18,FISI.OQ,9.3604607715876
2026-02-18,HLX.N,30.3983599024425
2026-02-18,AROC.N,21.80208478294
2026-02-18,VCEL.OQ,199.839743589744
2026-02-18,C.N,16.3447251114413
2026-02-18,ALX.N,42.3627522144662
2026-02-18,TGT.N,14.0341936344994
2026-02-18,TER.OQ,114.579580071408
2026-02-18,WST.N,36.5437550599838
2026-02-18,ACN.N,18.4927892925253
2026-02-18,NE.N,32.9813632197441
2026-02-18,KN.N,46.71241594001
2026-02-18,DUK.N,19.6870259606542
2026-02-18,CRDa.N,0.384567539490646
2026-02-18,AEE.N,20.8353371627315
2026-02-18,BSET.OQ,21.319044633187
2026-02-18,VRRM.OQ,57.7891805638121
2026-02-18,CIEN.N,366.115264614117
2026-02-18,FTV.N,30.7352646720975
2026-02-18,MSM.N,25.5649532301775
2026-02-18,EXPD.N,24.3491510028275
2026-02-18,UHAL.N,78.6316447398509
2026-02-18,INSP.N,12.4522228927781
2026-02-18,FISV.OQ,9.74332726662636
2026-02-18,RRBI.OQ,13.778716753247
2026-02-18,MSFT.OQ,25.0024401780955
2026-02-18,BRSL.N,142.422653382276
2026-02-18,HAL.N,23.059017024014
2026-02-18,LIF.OQ,138.105742530993
2026-02-18,ATEN.N,29.3132328308208
2026-02-18,GYRE.OQ,127.188226181255
2026-02-18,MKTX.OQ,29.9557433317345
2026-02-18,FBIZ.OQ,9.45697340617388
2026-02-18,PKBK.OQ,8.9762966201851
2026-02-18,WT.N,26.5006086712239
2026-02-18,AGCO.N,14.1466548179283
2026-02-19,BBCP.OQ,77.2209567198178
2026-02-19,FISI.OQ,9.31894483085022
2026-02-19,HLX.N,32.1657064083984
2026-02-19,AROC.N,21.7822044624693
2026-02-19,VCEL.OQ,203.899572649573
2026-02-19,C.N,16.2435106788255
2026-02-19,ALX.N,43.3433209443296
2026-02-19,TGT.N,14.0341936344994
2026-02-19,TER.OQ,114.97264895673
2026-02-19,WST.N,35.8916611466843
2026-02-19,ACN.N,17.7765979089858
2026-02-19,NE.N,33.7861502120018
2026-02-19,KN.N,46.8844056894209
2026-02-19,DUK.N,19.8646556263804
2026-02-19,CRDa.N,0.38236581693631
2026-02-19,AEE.N,20.5260501374012
2026-02-19,BSET.OQ,21.447300917745
2026-02-19,VRRM.OQ,57.695316166578
2026-02-19,CIEN.N,374.886678047919
2026-02-19,FTV.N,30.4876121023069
2026-02-19,MSM.N,25.6441778127459
2026-02-19,EXPD.N,24.5314684859347
2026-02-19,UHAL.N,78.5401771422474
2026-02-19,INSP.N,12.025749346208
2026-02-19,FISV.OQ,9.51447272997175
2026-02-19,RRBI.OQ,13.9588204616606
2026-02-19,MSFT.OQ,24.9311118953051
2026-02-19,BRSL.N,142.632406921867
2026-02-19,HAL.N,23.4569293108822
2026-02-19,LIF.OQ,141.41441080377
2026-02-19,ATEN.N,28.9165123864939
2026-02-19,GYRE.OQ,130.441518202943
2026-02-19,MKTX.OQ,30.734742335024
2026-02-19,FBIZ.OQ,9.39109410693199
2026-02-19,PKBK.OQ,8.93827489076674
2026-02-19,WT.N,25.7670818116553
2026-02-19,AGCO.N,14.2143814404426
2026-02-20,BBCP.OQ,77.3348519362187
2026-02-20,FISI.OQ,9.33831893652766
2026-02-20,HLX.N,31.6001555264925
2026-02-20,AROC.N,21.7822044624693
2026-02-20,VCEL.OQ,203.472222222222
2026-02-20,C.N,16.3067696992104
2026-02-20,ALX.N,43.9745961748723
2026-02-20,TGT.N,14.1591739167364
2026-02-20,TER.OQ,93.2681016488801
2026-02-20,WST.N,35.4927504231987
2026-02-20,ACN.N,17.8096783424056
2026-02-20,NE.N,33.920281377378
2026-02-20,KN.N,47.3659769877715
2026-02-20,DUK.N,19.929105328104
2026-02-20,CRDa.N,0.383833631972534
2026-02-20,AEE.N,20.5727852242349
2026-02-20,BSET.OQ,21.3047939349028
2026-02-20,VRRM.OQ,59.2597227871468
2026-02-20,CIEN.N,394.360393241891
2026-02-20,FTV.N,30.7089186540346
2026-02-20,MSM.N,25.6414459305883
2026-02-20,APPN.OQ,1593.15589353612
2026-02-20,EXPD.N,25.4430559014704
2026-02-20,UHAL.N,78.9212921322621
2026-02-20,INSP.N,11.9754576543955
2026-02-20,FISV.OQ,9.70268461460754
2026-02-20,RRBI.OQ,14.0058040377685
2026-02-20,MSFT.OQ,24.8541524322944
2026-02-20,BRSL.N,141.16413214473
2026-02-20,HAL.N,23.2845006532393
2026-02-20,LIF.OQ,139.573394861542
2026-02-20,ATEN.N,29.3573128801904
2026-02-20,GYRE.OQ,128.272656855151
2026-02-20,MKTX.OQ,30.8248885078937
2026-02-20,FBIZ.OQ,9.52944063533996
2026-02-20,PKBK.OQ,9.03016073686112
2026-02-20,WT.N,25.5641914036895
2026-02-20,AGCO.N,14.1353670475092
2026-02-23,BBCP.OQ,76.3097949886105
2026-02-23,FISI.OQ,8.92039179977139
2026-02-23,HLX.N,32.0596656180411
2026-02-23,AROC.N,21.749070595018
2026-02-23,VCEL.OQ,204.326923076923
2026-02-23,C.N,15.8888198659744
2026-02-23,ALX.N,43.2341667257919
2026-02-23,TGT.N,13.7526846492665
2026-02-23,TER.OQ,91.4449449751218
2026-02-23,WST.N,35.9490689629793
2026-02-23,ACN.N,16.6378039885079
2026-02-23,NE.N,33.7265363607234
2026-02-23,KN.N,47.262783138125
2026-02-23,DUK.N,20.0878716664964
2026-02-23,CRDa.N,0.360715545152009
2026-02-23,AEE.N,20.780289009777
2026-02-23,BSET.OQ,20.6635125121131
2026-02-23,VRRM.OQ,58.1020618879259
2026-02-23,CIEN.N,406.00459174663
2026-02-23,FTV.N,30.1293062566524
2026-02-23,MSM.N,25.0868738526095
2026-02-23,APPN.OQ,1536.75538656527
2026-02-23,EXPD.N,24.3572901761805
2026-02-23,UHAL.N,76.8175373873805
2026-02-23,INSP.N,11.7260108630054
2026-02-23,FISV.OQ,9.21810283867057
2026-02-23,RRBI.OQ,13.7458282499714
2026-02-23,MSFT.OQ,24.0557762143953
2026-02-23,BRSL.N,136.864184583115
2026-02-23,HAL.N,23.3707149820608
2026-02-23,LIF.OQ,132.62731375183
2026-02-23,ATEN.N,27.8292045020424
2026-02-23,GYRE.OQ,126.258714175058
2026-02-23,MKTX.OQ,30.896325097715
2026-02-23,FBIZ.OQ,9.08640234793823
2026-02-23,PKBK.OQ,8.80519883780247
2026-02-23,WT.N,26.0948278552923
2026-02-23,AGCO.N,13.8685652012404
2026-02-24,BBCP.OQ,76.0820045558086
2026-02-24,FISI.OQ,8.86226948273905
2026-02-24,HLX.N,37.2910112756707
2026-02-24,AROC.N,22.3322266621605
2026-02-24,VCEL.OQ,204.326923076923
2026-02-24,C.N,15.7180957518389
2026-02-24,ALX.N,43.2741899392557
2026-02-24,TGT.N,14.0172060233216
2026-02-24,TER.OQ,94.4854535066337
2026-02-24,WST.N,36.1198204165747
2026-02-24,ACN.N,16.2697841667121
2026-02-24,NE.N,34.389740456195
2026-02-24,KN.N,48.2775226596495
2026-02-24,DUK.N,20.1931919107765
2026-02-24,CRDa.N,0.356312100043337
2026-02-24,AEE.N,20.8008524479838
2026-02-24,BSET.OQ,20.791768796671
2026-02-24,VRRM.OQ,58.5400957416852
2026-02-24,CIEN.N,403.485017954907
2026-02-24,FTV.N,30.3927664372807
2026-02-24,MSM.N,25.5922720517528
2026-02-24,APPN.OQ,1580.48162230672
2026-02-24,EXPD.N,22.5992287319331
2026-02-24,UHAL.N,77.8694147598213
2026-02-24,INSP.N,11.6113458056729
2026-02-24,FISV.OQ,9.33332912415395
2026-02-24,RRBI.OQ,13.8382292829836
2026-02-24,MSFT.OQ,24.3392122854833
2026-02-24,BRSL.N,143.890928159413
2026-02-24,HAL.N,23.73546791169
2026-02-24,LIF.OQ,126.892533239985
2026-02-24,ATEN.N,27.9026712509918
2026-02-24,GYRE.OQ,130.131680867545
2026-02-24,MKTX.OQ,30.926940779067
2026-02-24,FBIZ.OQ,9.08969631290032
2026-02-24,PKBK.OQ,8.90342163879991
2026-02-24,WT.N,26.0480069919156
2026-02-24,AGCO.N,13.9496319160682
2026-02-25,BBCP.OQ,77.5626423690205
2026-02-25,FISI.OQ,8.92592725853637
2026-02-25,HLX.N,33.9330529143544
2026-02-25,AROC.N,23.2135875363644
2026-02-25,VCEL.OQ,198.130341880342
2026-02-25,C.N,16.4038615212236
2026-02-25,ALX.N,44.069196497605
2026-02-25,TGT.N,14.128838896776
2026-02-25,TER.OQ,98.4274914799726
2026-02-25,WST.N,36.4878192389784
2026-02-25,ACN.N,15.8372574997478
2026-02-25,NE.N,34.0693160055739
2026-02-25,KN.N,48.9826806322343
2026-02-25,DUK.N,20.267073276167
2026-02-25,CRDa.N,0.369522435369352
2026-02-25,AEE.N,20.8326323070308
2026-02-25,BSET.OQ,21.646810693724
2026-02-25,VRRM.OQ,19.126878110482
2026-02-25,CIEN.N,416.000470948372
2026-02-25,FTV.N,30.7299954684849
2026-02-25,MSM.N,25.4256272401434
2026-02-25,APPN.OQ,1668.56780735108
2026-02-25,EXPD.N,23.0940904717953
2026-02-25,UHAL.N,76.5583791941705
2026-02-25,INSP.N,11.9191309595655
2026-02-25,FISV.OQ,9.72478280634408
2026-02-25,RRBI.OQ,14.1216968588347
2026-02-25,MSFT.OQ,25.0650088472098
2026-02-25,BRSL.N,484.572230014025
2026-02-25,HAL.N,23.3906105964042
2026-02-25,LIF.OQ,135.769408478872
2026-02-25,ATEN.N,28.3287783948985
2026-02-25,GYRE.OQ,134.004647560031
2026-02-25,MKTX.OQ,27.0983548231649
2026-02-25,FBIZ.OQ,9.3186268777659
2026-02-25,PKBK.OQ,9.07451942118254
2026-02-25,WT.N,27.0156381683678
2026-02-25,AGCO.N,13.7423474047364
2026-02-26,BBCP.OQ,79.7266514806378
2026-02-26,FISI.OQ,9.10582966839834
2026-02-26,HLX.N,31.8829309674455
2026-02-26,AROC.N,23.4786584759746
2026-02-26,VCEL.OQ,201.282051282051
2026-02-26,C.N,16.6692729591654
2026-02-26,ALX.N,44.1710737682401
2026-02-26,TGT.N,13.9286277650371
2026-02-26,TER.OQ,95.5219252534474
2026-02-26,WST.N,36.6556267019945
2026-02-26,ACN.N,17.1505507065154
2026-02-26,NE.N,33.4657257613807
2026-02-26,KN.N,48.0195380355331
2026-02-26,DUK.N,20.3142315945013
2026-02-26,CRDa.N,0.373191972959911
2026-02-26,AEE.N,20.9429271119586
2026-02-26,BSET.OQ,21.2335404434817
2026-02-26,VRRM.OQ,20.0371189105481
2026-02-26,CIEN.N,401.671866721611
2026-02-26,FTV.N,30.7838029836609
2026-02-26,MSM.N,25.4911924119241
2026-02-26,APPN.OQ,1732.57287705957
2026-02-26,EXPD.N,24.3250193716037
2026-02-26,UHAL.N,77.0157171821882
2026-02-26,INSP.N,13.6893985113659
2026-02-26,FISV.OQ,9.76897918981715
2026-02-26,RRBI.OQ,14.2814410176016
2026-02-26,MSFT.OQ,25.1350857566179
2026-02-26,BRSL.N,482.8190743338
2026-02-26,HAL.N,23.6824129401076
2026-02-26,LIF.OQ,140.985090393886
2026-02-26,ATEN.N,33.5879460081616
2026-02-26,GYRE.OQ,131.990704879938
2026-02-26,MKTX.OQ,27.7528826998975
2026-02-26,FBIZ.OQ,9.44449488682411
2026-02-26,PKBK.OQ,9.10937267314937
2026-02-26,WT.N,23.2418111753372
2026-02-26,AGCO.N,13.7218241857926
2026-02-27,BBCP.OQ,76.7653758542141
2026-02-27,FISI.OQ,8.68513480225957
2026-02-27,HLX.N,44.1169410974029
2026-02-27,AROC.N,19.2835661224913
2026-02-27,VCEL.OQ,135.510824154956
2026-02-27,C.N,15.8084791063812
2026-02-27,ALX.N,42.6829379221767
2026-02-27,TGT.N,13.8072876851953
2026-02-27,TER.OQ,91.8842252445471
2026-02-27,WST.N,37.4387281960698
2026-02-27,ACN.N,17.2613701584718
2026-02-27,NE.N,33.8532157946899
2026-02-27,KN.N,46.7296149149511
2026-02-27,DUK.N,20.7102090172108
2026-02-27,CRDa.N,0.364752036501624
2026-02-27,AEE.N,21.1766025461275
2026-02-27,BSET.OQ,21.3332953314712
2026-02-27,VRRM.OQ,19.7534074923457
2026-02-27,CIEN.N,410.549243539177
2026-02-27,FTV.N,30.4749353951961
2026-02-27,MSM.N,25.6359821662733
2026-02-27,APPN.OQ,1690.11406844106
2026-02-27,EXPD.N,24.3771252035909
2026-02-27,UHAL.N,77.2291415765965
2026-02-27,INSP.N,12.9772681553007
2026-02-27,FISV.OQ,9.83211688049298
2026-02-27,RRBI.OQ,13.8914773359059
2026-02-27,MSFT.OQ,24.573219107971
2026-02-27,BRSL.N,475.455820476858
2026-02-27,HAL.N,23.8747372120939
2026-02-27,LIF.OQ,144.456038475749
2026-02-27,ATEN.N,33.5879460081616
2026-02-27,GYRE.OQ,127.652982184353
2026-02-27,MKTX.OQ,28.8232459478569
2026-02-27,FBIZ.OQ,9.18892016316428
2026-02-27,PKBK.OQ,8.82737817996318
2026-02-27,WT.N,22.8939199314922
2026-02-27,AGCO.N,14.0070969291108
2026-03-02,BBCP.OQ,78.0182232346241
2026-03-02,FISI.OQ,8.82628900076666
2026-03-02,HLX.N,44.6930056166291
2026-03-02,AROC.N,20.0749946783252
2026-03-02,VCEL.OQ,134.295480440562
2026-03-02,C.N,15.9892458154659
2026-03-02,ALX.N,42.8648616197394
2026-03-02,TGT.N,13.7320568356934
2026-03-02,TER.OQ,93.5494707103421
2026-03-02,WST.N,36.9838816515787
2026-03-02,ACN.N,17.0306341353684
2026-03-02,NE.N,34.2630610222285
2026-03-02,KN.N,47.4691708374181
2026-03-02,DUK.N,20.8336630717268
2026-03-02,CRDa.N,0.37062329664652
2026-03-02,AEE.N,21.1055652141402
2026-03-02,BSET.OQ,21.2192897451975
2026-03-02,VRRM.OQ,19.7415861832539
2026-03-02,CIEN.N,416.471419320657
2026-03-02,FTV.N,30.1557722204491
2026-03-02,MSM.N,25.701547338054
2026-03-02,APPN.OQ,1673.00380228137
2026-03-02,EXPD.N,24.4779752009856
2026-03-02,UHAL.N,79.6225437138893
2026-03-02,INSP.N,13.0376181854758
2026-03-02,FISV.OQ,9.76266542074957
2026-03-02,RRBI.OQ,14.0245974682117
2026-03-02,MSFT.OQ,24.9367430755254
2026-03-02,BRSL.N,470.897615708274
2026-03-02,HAL.N,23.8548415977505
2026-03-02,LIF.OQ,144.88860617284
2026-03-02,ATEN.N,34.6342994663597
2026-03-02,GYRE.OQ,135.708752904725
2026-03-02,MKTX.OQ,28.8307520014892
2026-03-02,FBIZ.OQ,9.23431830486701
2026-03-02,PKBK.OQ,8.8812422966392
2026-03-02,WT.N,23.4425176621708
2026-03-02,AGCO.N,14.0625096202589
2026-03-03,BBCP.OQ,77.4487471526196
2026-03-03,FISI.OQ,8.75986349558686
2026-03-03,HLX.N,44.2129518506073
2026-03-03,AROC.N,20.0477040384689
2026-03-03,VCEL.OQ,130.611469806305
2026-03-03,C.N,15.8902545223957
2026-03-03,ALX.N,43.1868665644256
2026-03-03,TGT.N,14.6578816448861
2026-03-03,TER.OQ,87.3449957938197
2026-03-03,WST.N,37.0030175903437
2026-03-03,ACN.N,17.3581304262249
2026-03-03,NE.N,34.0320573485249
2026-03-03,KN.N,45.1645081953116
2026-03-03,DUK.N,20.8020081859535
2026-03-03,CRDa.N,0.370256342887464
2026-03-03,AEE.N,20.9354494980652
2026-03-03,BSET.OQ,21.1765376503449
2026-03-03,VRRM.OQ,19.8479779650798
2026-03-03,CIEN.N,392.146935892153
2026-03-03,FTV.N,29.8726435976897
2026-03-03,MSM.N,25.3791852434654
2026-03-03,APPN.OQ,1704.68948035488
2026-03-03,EXPD.N,24.8830560238544
2026-03-03,UHAL.N,77.8999039590225
2026-03-03,INSP.N,13.2367732850533
2026-03-03,FISV.OQ,9.92682341650672
2026-03-03,RRBI.OQ,13.988576726529
2026-03-03,MSFT.OQ,25.2733625153606
2026-03-03,BRSL.N,470.897615708274
2026-03-03,HAL.N,23.3839787249564
2026-03-03,LIF.OQ,118.357744251782
2026-03-03,ATEN.N,35.5760175787381
2026-03-03,GYRE.OQ,122.385747482572
2026-03-03,MKTX.OQ,29.0649408748156
2026-03-03,FBIZ.OQ,9.19732722644257
2026-03-03,PKBK.OQ,8.82579394123742
2026-03-03,WT.N,22.7333547420253
2026-03-03,AGCO.N,13.6551237242254
2026-03-04,BBCP.OQ,79.9544419134396
2026-03-04,FISI.OQ,8.80968262447171
2026-03-04,HLX.N,44.0209303441985
2026-03-04,AROC.N,20.2169060055782
2026-03-04,VCEL.OQ,132.776300797569
2026-03-04,C.N,15.9705952819889
2026-03-04,ALX.N,42.9867504971065
2026-03-04,TGT.N,14.7626699188471
2026-03-04,TER.OQ,87.6263648552815
2026-03-04,WST.N,36.6291307867815
2026-03-04,ACN.N,17.3672275454153
2026-03-04,NE.N,34.1438333196718
2026-03-04,KN.N,45.7836712931909
2026-03-04,DUK.N,20.8732316789435
2026-03-04,CRDa.N,0.383466678213478
2026-03-04,AEE.N,21.1859495634943
2026-03-04,BSET.OQ,21.4544262668871
2026-03-04,VRRM.OQ,19.5051600014186
2026-03-04,CIEN.N,404.485783246012
2026-03-04,FTV.N,29.8572002182664
2026-03-04,MSM.N,25.0076492700411
2026-03-04,APPN.OQ,1699.61977186312
2026-03-04,EXPD.N,24.6830368623549
2026-03-04,UHAL.N,77.7169687638154
2026-03-04,INSP.N,12.9390464695232
2026-03-04,FISV.OQ,9.88104859076674
2026-03-04,RRBI.OQ,14.2093995342362
2026-03-04,MSFT.OQ,25.3528247251358
2026-03-04,BRSL.N,475.806451612902
2026-03-04,HAL.N,22.8335333947887
2026-03-04,LIF.OQ,119.14773310714
2026-03-04,ATEN.N,36.0643158592306
2026-03-04,GYRE.OQ,128.272656855151
2026-03-04,MKTX.OQ,28.4419384233384
2026-03-04,FBIZ.OQ,9.22086700362177
2026-03-04,PKBK.OQ,8.87173686428461
2026-03-04,WT.N,23.4157567972597
2026-03-04,AGCO.N,13.7936554520957
2026-03-05,LIF.OQ,125.929449024916
2026-02-12,DV.N,35.4362110220669
2026-02-12,PZZA.OQ,4.22313783625515
2026-02-12,ABR.N,10.0923545653623
2026-02-12,NBTB.OQ,15.196645797407
2026-02-12,GL.N,10.4354501147827
2026-02-12,ALRM.OQ,19.3342770200971
2026-02-12,CAT.N,38.9076967755905
2026-02-12,YUM.N,30.2616947142116
2026-02-12,THFF.OQ,9.92539122471517
2026-02-12,BXMT.N,30.7282995970314
2026-02-12,DBD.N,55.4040781623349
2026-02-12,MSTR.OQ,5.71789841665349
2026-02-12,STRW.A,20.7840514217662
2026-02-12,T.N,9.44067291018576
2026-02-12,NDSN.OQ,34.5755353476093
2026-02-12,AVAH.OQ,21.2899015715917
2026-02-12,SMID.OQ,14.7818327669969
2026-02-12,KSS.N,11.0960583188181
2026-02-12,MLM.N,38.1132258500369
2026-02-12,ANDE.OQ,32.0734174730969
2026-02-12,DIOD.OQ,50.6066052572455
2026-02-12,GABC.OQ,15.0687999552065
2026-02-12,SEE.N,15.5952013621172
2026-02-12,LCNB.OQ,10.3650454366335
2026-02-12,PFSI.N,9.85367576893998
2026-02-12,COLB.OQ,14.6957854838558
2026-02-12,SGC.OQ,28.6145819030619
2026-02-12,PKG.N,24.7559306454138
2026-02-12,REX.N,22.0573934853901
2026-02-12,TRN.N,27.9402734236127
2026-02-12,CZFS.OQ,8.27595799429724
2026-02-12,AL.N,7.50137765016387
2026-02-12,ZWS.N,45.6281192831643
2026-02-12,AAON.OQ,84.3999966774925
2026-02-12,MCK.N,26.3539864000771
2026-02-12,CUBE.N,24.7240589785853
2026-02-13,DV.N,35.8919822249231
2026-02-13,PZZA.OQ,4.19280299233452
2026-02-13,ABR.N,10.5004012459025
2026-02-13,NBTB.OQ,15.2833694125809
2026-02-13,GL.N,10.4463128317655
2026-02-13,ALRM.OQ,19.6563736999585
2026-02-13,CAT.N,39.724035453009
2026-02-13,YUM.N,29.7594336125732
2026-02-13,THFF.OQ,10.019662240418
2026-02-13,BXMT.N,30.4015683101769
2026-02-13,DBD.N,31.102452174654
2026-02-13,MSTR.OQ,6.22367674814284
2026-02-13,STRW.A,21.1103316638661
2026-02-13,T.N,9.40461478448714
2026-02-13,NDSN.OQ,34.9885596949252
2026-02-13,AVAH.OQ,21.5618032519441
2026-02-13,SMID.OQ,15.0116722398983
2026-02-13,KSS.N,11.6414776759271
2026-02-13,MLM.N,39.1981827693366
2026-02-13,ANDE.OQ,32.2556527996486
2026-02-13,DIOD.OQ,49.8974949449562
2026-02-13,GABC.OQ,15.1177928022509
2026-02-13,SEE.N,15.5877662243999
2026-02-13,LCNB.OQ,10.3172802502896
2026-02-13,PFSI.N,9.909680921414
2026-02-13,COLB.OQ,14.8086491163718
2026-02-13,SGC.OQ,28.5596594809831
2026-02-13,PKG.N,24.8801749521457
2026-02-13,REX.N,22.2451730589963
2026-02-13,TRN.N,28.3442681232022
2026-02-13,CZFS.OQ,8.38749381632281
2026-02-13,AL.N,6.95739469053943
2026-02-13,ZWS.N,45.5570751114505
2026-02-13,AAON.OQ,83.9265393592544
2026-02-13,MCK.N,26.8934375409084
2026-02-13,CUBE.N,24.9677721410201
2026-02-17,DV.N,35.3982300884956
2026-02-17,PZZA.OQ,4.13213330449325
2026-02-17,ABR.N,9.9699405612002
2026-02-17,NBTB.OQ,15.246678652315
2026-02-17,GL.N,10.5665268997082
2026-02-17,ALRM.OQ,19.2452766217144
2026-02-17,CAT.N,40.6213781183372
2026-02-17,YUM.N,29.8743420564905
2026-02-17,THFF.OQ,10.1543351199935
2026-02-17,BXMT.N,30.5882719026652
2026-02-17,DBD.N,31.985560405765
2026-02-17,MSTR.OQ,5.98147958756752
2026-02-17,STRW.A,20.7351093854512
2026-02-17,T.N,9.40133677305999
2026-02-17,NDSN.OQ,34.8407157524201
2026-02-17,AVAH.OQ,20.7732883789222
2026-02-17,SMID.OQ,14.8584459246307
2026-02-17,KSS.N,11.4714006720974
2026-02-17,MLM.N,38.4862339234098
2026-02-17,ANDE.OQ,31.3117672621245
2026-02-17,DIOD.OQ,47.4191192990339
2026-02-17,GABC.OQ,15.2472738980109
2026-02-17,SEE.N,15.5952013621172
2026-02-17,LCNB.OQ,10.5023703473723
2026-02-17,PFSI.N,10.1110840658879
2026-02-17,COLB.OQ,14.71929874063
2026-02-17,SGC.OQ,28.0653576822738
2026-02-17,PKG.N,24.2801658610989
2026-02-17,REX.N,22.1982281655948
2026-02-17,TRN.N,28.0695517274813
2026-02-17,CZFS.OQ,8.41767409757678
2026-02-17,AL.N,6.95846952364472
2026-02-17,ZWS.N,45.3972257250946
2026-02-17,AAON.OQ,85.3718301201917
2026-02-17,MCK.N,27.2306304673373
2026-02-17,CUBE.N,24.9164641068233
2026-02-18,DV.N,36.3857343613506
2026-02-18,PZZA.OQ,4.32996924310608
2026-02-18,ABR.N,10.0651514533263
2026-02-18,NBTB.OQ,15.0031854250958
2026-02-18,GL.N,10.3992410581735
2026-02-18,ALRM.OQ,19.1605143375404
2026-02-18,CAT.N,39.9420180234924
2026-02-18,YUM.N,30.193120320261
2026-02-18,THFF.OQ,9.97028218457367
2026-02-18,BXMT.N,30.3548924120548
2026-02-18,DBD.N,31.2535101615546
2026-02-18,MSTR.OQ,5.8201697704473
2026-02-18,STRW.A,20.6861673491362
2026-02-18,T.N,9.13909585888816
2026-02-18,NDSN.OQ,35.1176298034614
2026-02-18,AVAH.OQ,20.1207243460765
2026-02-18,SMID.OQ,14.7908460796597
2026-02-18,KSS.N,11.3306472896177
2026-02-18,MLM.N,38.2090762218324
2026-02-18,ANDE.OQ,30.2043372007719
2026-02-18,DIOD.OQ,47.6297461244664
2026-02-18,GABC.OQ,15.1142933131763
2026-02-18,SEE.N,15.5840486555412
2026-02-18,LCNB.OQ,10.3650454366335
2026-02-18,PFSI.N,10.3458748974136
2026-02-18,COLB.OQ,14.691082832501
2026-02-18,SGC.OQ,28.0378964712344
2026-02-18,PKG.N,24.1448102749032
2026-02-18,REX.N,22.473191112661
2026-02-18,TRN.N,27.7059564978508
2026-02-18,CZFS.OQ,8.26021176059951
2026-02-18,AL.N,6.96384368917117
2026-02-18,ZWS.N,45.4771504182726
2026-02-18,AAON.OQ,84.9565166831408
2026-02-18,MCK.N,27.2450158310928
2026-02-18,CUBE.N,24.8074345341551
2026-02-19,DV.N,36.4237152949219
2026-02-19,PZZA.OQ,4.29699658667061
2026-02-19,ABR.N,10.1603623454523
2026-02-19,NBTB.OQ,15.0632248509855
2026-02-19,GL.N,10.428932484593
2026-02-19,ALRM.OQ,19.1562762233317
2026-02-19,CAT.N,40.3966953035449
2026-02-19,YUM.N,30.2987619541849
2026-02-19,THFF.OQ,9.8655366115705
2026-02-19,BXMT.N,29.9970438597856
2026-02-19,DBD.N,31.4045681484551
2026-02-19,MSTR.OQ,6.01773943118533
2026-02-19,STRW.A,20.6372253128212
2026-02-19,T.N,9.13909585888816
2026-02-19,NDSN.OQ,34.4887063655031
2026-02-19,AVAH.OQ,20.1751046821469
2026-02-19,SMID.OQ,14.8719658936249
2026-02-19,KSS.N,11.2954589439977
2026-02-19,MLM.N,38.9983982594496
2026-02-19,ANDE.OQ,23.3256492233774
2026-02-19,DIOD.OQ,47.2084924736015
2026-02-19,GABC.OQ,15.1072943350271
2026-02-19,SEE.N,15.5840486555412
2026-02-19,LCNB.OQ,10.3769867332195
2026-02-19,PFSI.N,10.1595500632212
2026-02-19,COLB.OQ,14.6675695757268
2026-02-19,SGC.OQ,28.010435260195
2026-02-19,PKG.N,24.136729344384
2026-02-19,REX.N,22.8822823265889
2026-02-19,TRN.N,27.5928379819657
2026-02-19,CZFS.OQ,8.21166087336485
2026-02-19,AL.N,6.96384368917117
2026-02-19,ZWS.N,45.2107347743459
2026-02-19,AAON.OQ,83.9099268217724
2026-02-19,MCK.N,26.9621995796597
2026-02-19,CUBE.N,24.7946075256059
2026-02-20,DV.N,36.4237152949219
2026-02-20,PZZA.OQ,4.16642486718614
2026-02-20,ABR.N,10.1331592334163
2026-02-20,NBTB.OQ,15.2199944630307
2026-02-20,GL.N,10.4564513676161
2026-02-20,ALRM.OQ,18.5253662203621
2026-02-20,CAT.N,40.3547332648485
2026-02-20,YUM.N,30.2709615242049
2026-02-20,THFF.OQ,10.0301367977183
2026-02-20,BXMT.N,30.3704510447622
2026-02-20,DBD.N,31.4665406559015
2026-02-20,STRW.A,21.8704891067172
2026-02-20,T.N,9.17187597315964
2026-02-20,NDSN.OQ,31.361558772255
2026-02-20,AVAH.OQ,19.957583337865
2026-02-20,SMID.OQ,14.9035124879447
2026-02-20,KSS.N,11.0139521790383
2026-02-20,MLM.N,39.9876412223531
2026-02-20,ANDE.OQ,23.609757500998
2026-02-20,DIOD.OQ,48.0580206695125
2026-02-20,GABC.OQ,15.2822687887568
2026-02-20,SEE.N,15.5952013621172
2026-02-20,LCNB.OQ,10.4217665954169
2026-02-20,PFSI.N,9.93337540899916
2026-02-20,COLB.OQ,14.9356207029523
2026-02-20,SGC.OQ,28.751887958259
2026-02-20,PKG.N,23.9609691055925
2026-02-20,REX.N,22.9225208066474
2026-02-20,TRN.N,11.0732888966292
2026-02-20,CZFS.OQ,8.26283613288247
2026-02-20,AL.N,6.97674168643464
2026-02-20,ZWS.N,45.1574516455606
2026-02-20,AAON.OQ,84.9731292206228
2026-02-20,MCK.N,27.2596889021234
2026-02-20,CUBE.N,25.8464222266404
2026-02-23,DV.N,33.6131262106423
2026-02-23,PZZA.OQ,4.32073689930415
2026-02-23,ABR.N,10.0923545653623
2026-02-23,NBTB.OQ,14.5628963019049
2026-02-23,GL.N,10.3304438506159
2026-02-23,ALRM.OQ,17.976797578171
2026-02-23,CAT.N,40.181042294548
2026-02-23,YUM.N,28.6227709662442
2026-02-23,THFF.OQ,9.61115450570564
2026-02-23,BXMT.N,29.8103402672973
2026-02-23,DBD.N,30.7925896374221
2026-02-23,STRW.A,20.1584477491692
2026-02-23,T.N,9.34888859022563
2026-02-23,NDSN.OQ,31.2156508412403
2026-02-23,AVAH.OQ,19.5769209853717
2026-02-23,SMID.OQ,14.6511397333862
2026-02-23,KSS.N,10.638609825759
2026-02-23,MLM.N,39.851228299269
2026-02-23,ANDE.OQ,23.1925858528463
2026-02-23,DIOD.OQ,47.6859132779151
2026-02-23,GABC.OQ,14.6943546242249
2026-02-23,SEE.N,15.6100716375519
2026-02-23,LCNB.OQ,10.2098085810157
2026-02-23,PFSI.N,9.71082531802335
2026-02-23,COLB.OQ,14.1408726239854
2026-02-23,SGC.OQ,27.7358231498009
2026-02-23,PKG.N,22.7831734824265
2026-02-23,REX.N,22.6877963396396
2026-02-23,TRN.N,10.9561279903738
2026-02-23,CZFS.OQ,7.87180466272223
2026-02-23,AL.N,6.9810410188558
2026-02-23,ZWS.N,44.3404436708523
2026-02-23,AAON.OQ,83.9763769717005
2026-02-23,MCK.N,27.3106130898179
2026-02-23,CUBE.N,25.435957953066
2026-02-24,DV.N,34.7525542177827
2026-02-24,PZZA.OQ,4.5555022131247
2026-02-24,ABR.N,9.91553433712817
2026-02-24,NBTB.OQ,14.6529554407394
2026-02-24,GL.N,10.3043733298573
2026-02-24,ALRM.OQ,18.4766045632784
2026-02-24,CAT.N,40.8056923895735
2026-02-24,YUM.N,28.5367908792324
2026-02-24,THFF.OQ,9.6874691374651
2026-02-24,BXMT.N,30.1059542887371
2026-02-24,DBD.N,31.25738344327
2026-02-24,STRW.A,20.6619893249186
2026-02-24,T.N,9.29316239596411
2026-02-24,NDSN.OQ,31.8641305346391
2026-02-24,AVAH.OQ,19.1962586328783
2026-02-24,SMID.OQ,15.5344443743409
2026-02-24,KSS.N,10.3864266821495
2026-02-24,MLM.N,40.6236519022024
2026-02-24,ANDE.OQ,23.2249526186512
2026-02-24,DIOD.OQ,48.6477757807234
2026-02-24,GABC.OQ,14.7398479821946
2026-02-24,SEE.N,15.5877662243999
2026-02-24,LCNB.OQ,10.2874270088246
2026-02-24,PFSI.N,9.80435369205944
2026-02-24,COLB.OQ,14.0421169455339
2026-02-24,SGC.OQ,27.268982562131
2026-02-24,PKG.N,23.120552331601
2026-02-24,REX.N,23.0365298334798
2026-02-24,TRN.N,11.1366191162268
2026-02-24,CZFS.OQ,7.93085303908871
2026-02-24,AL.N,6.97351718711877
2026-02-24,ZWS.N,44.9443191304193
2026-02-24,AAON.OQ,83.8517829405853
2026-02-24,MCK.N,27.5439436899321
2026-02-24,CUBE.N,25.6347765855786
2026-02-25,DV.N,36.1958296934939
2026-02-25,PZZA.OQ,4.46185986884796
2026-02-25,ABR.N,9.75231566491206
2026-02-25,NBTB.OQ,15.0799024692882
2026-02-25,GL.N,10.4390710204436
2026-02-25,ALRM.OQ,19.130823462484
2026-02-25,CAT.N,40.7196436519934
2026-02-25,YUM.N,28.4129795539353
2026-02-25,THFF.OQ,9.8745148035422
2026-02-25,BXMT.N,30.4015683101769
2026-02-25,DBD.N,32.0204199412036
2026-02-25,STRW.A,21.7529960723757
2026-02-25,T.N,9.13581784746102
2026-02-25,NDSN.OQ,31.4328915385289
2026-02-25,AVAH.OQ,19.6041111534069
2026-02-25,SMID.OQ,16.6070285812145
2026-02-25,KSS.N,10.0638668473002
2026-02-25,MLM.N,39.2501952920052
2026-02-25,ANDE.OQ,23.1566227797298
2026-02-25,DIOD.OQ,49.7079308020669
2026-02-25,GABC.OQ,14.9218214140735
2026-02-25,SEE.N,15.5803310866826
2026-02-25,LCNB.OQ,10.4307225678564
2026-02-25,PFSI.N,9.96990966449115
2026-02-25,COLB.OQ,14.3148707241143
2026-02-25,SGC.OQ,27.4886722504462
2026-02-25,PKG.N,23.3256059435244
2026-02-25,REX.N,23.5663364875831
2026-02-25,TRN.N,10.9212963695952
2026-02-25,CZFS.OQ,8.15261249699838
2026-02-25,AL.N,6.9702926878029
2026-02-25,ZWS.N,44.9620801733478
2026-02-25,AAON.OQ,82.2735918797917
2026-02-25,MCK.N,27.7131155676968
2026-02-25,CUBE.N,25.468025474439
2026-02-26,DV.N,36.1958296934939
2026-02-26,PZZA.OQ,4.07673924168166
2026-02-26,ABR.N,9.87472966907414
2026-02-26,NBTB.OQ,14.8264026710874
2026-02-26,GL.N,10.3692998309168
2026-02-26,ALRM.OQ,19.7850423616896
2026-02-26,CAT.N,39.9930098679842
2026-02-26,YUM.N,28.4955204374667
2026-02-26,THFF.OQ,9.82962384368369
2026-02-26,BXMT.N,30.5571546372505
2026-02-26,DBD.N,32.1676046463887
2026-02-26,STRW.A,21.450871126926
2026-02-26,T.N,9.00141937894796
2026-02-26,NDSN.OQ,31.6263546470595
2026-02-26,AVAH.OQ,19.6313013214422
2026-02-26,SMID.OQ,17.0667075270174
2026-02-26,KSS.N,10.2339438511298
2026-02-26,MLM.N,39.5515862374518
2026-02-26,ANDE.OQ,23.4479236719736
2026-02-26,DIOD.OQ,48.8864861828803
2026-02-26,GABC.OQ,14.9113229468498
2026-02-26,SEE.N,15.5803310866826
2026-02-26,LCNB.OQ,10.4814730783468
2026-02-26,PFSI.N,9.9903354013496
2026-02-26,COLB.OQ,14.3807078430819
2026-02-26,SGC.OQ,27.9555128381162
2026-02-26,PKG.N,23.4175265281797
2026-02-26,REX.N,23.975427701511
2026-02-26,TRN.N,10.8358005731385
2026-02-26,CZFS.OQ,8.16310998613019
2026-02-26,AL.N,6.97674168643464
2026-02-26,ZWS.N,45.2551373816671
2026-02-26,AAON.OQ,82.1406915799354
2026-02-26,MCK.N,28.0356354230951
2026-02-26,CUBE.N,25.788700688169
2026-02-27,DV.N,34.4511995816173
2026-02-27,PZZA.OQ,34.9346438003544
2026-02-27,ABR.N,15.4571857396254
2026-02-27,NBTB.OQ,14.2493570778144
2026-02-27,GL.N,10.3110931916688
2026-02-27,ALRM.OQ,19.4437107621041
2026-02-27,CAT.N,39.456533170726
2026-02-27,YUM.N,28.9168228638247
2026-02-27,THFF.OQ,9.48097072211598
2026-02-27,BXMT.N,29.8881334308341
2026-02-27,DBD.N,30.986253723192
2026-02-27,STRW.A,21.4844405653093
2026-02-27,T.N,9.18171000744108
2026-02-27,NDSN.OQ,31.7149802051574
2026-02-27,AVAH.OQ,20.0119636739355
2026-02-27,SMID.OQ,17.3100669689131
2026-02-27,KSS.N,9.60055362997109
2026-02-27,MLM.N,39.4414065688069
2026-02-27,ANDE.OQ,23.4802904377785
2026-02-27,DIOD.OQ,47.9035609975286
2026-02-27,GABC.OQ,14.4668878343762
2026-02-27,SEE.N,15.5691783801065
2026-02-27,LCNB.OQ,10.1441314497928
2026-02-27,PFSI.N,9.88283152314719
2026-02-27,COLB.OQ,13.1282647617993
2026-02-27,SGC.OQ,27.268982562131
2026-02-27,PKG.N,27.0611165770614
2026-02-27,REX.N,23.8480058479924
2026-02-27,TRN.N,10.823134529219
2026-02-27,CZFS.OQ,7.88098996571257
2026-02-27,AL.N,6.96921785469761
2026-02-27,ZWS.N,45.2728984245955
2026-02-27,AAON.OQ,84.0594396591107
2026-02-27,MCK.N,28.4073532225373
2026-02-27,CUBE.N,26.3851565857069
2026-03-02,DV.N,34.2550826959535
2026-03-02,PZZA.OQ,35.5921059962781
2026-03-02,ABR.N,16.7436602148023
2026-03-02,NBTB.OQ,12.9170956764868
2026-03-02,GL.N,10.3870457575168
2026-03-02,ALRM.OQ,19.2933623194295
2026-03-02,CAT.N,39.96060880013
2026-03-02,YUM.N,28.0157515519406
2026-03-02,THFF.OQ,9.69644732943679
2026-03-02,BXMT.N,30.5727132699578
2026-03-02,DBD.N,31.121818583231
2026-03-02,STRW.A,21.5515794420759
2026-03-02,T.N,9.18171000744108
2026-03-02,NDSN.OQ,31.5787994695436
2026-03-02,AVAH.OQ,20.2022948501822
2026-03-02,SMID.OQ,17.9455055116407
2026-03-02,KSS.N,9.07859316994212
2026-03-02,MLM.N,38.787324091455
2026-03-02,ANDE.OQ,23.9801771540982
2026-03-02,DIOD.OQ,50.6206470456077
2026-03-02,GABC.OQ,13.8487408283476
2026-03-02,SEE.N,15.5989189309759
2026-03-02,LCNB.OQ,10.3351921951686
2026-03-02,PFSI.N,9.71620051193347
2026-03-02,COLB.OQ,13.4005205160862
2026-03-02,SGC.OQ,27.3513661952492
2026-03-02,PKG.N,26.9527042464993
2026-03-02,REX.N,24.0424918349418
2026-03-02,TRN.N,10.9561279903738
2026-03-02,CZFS.OQ,7.9662820649086
2026-03-02,AL.N,6.95417019122356
2026-03-02,ZWS.N,45.2551373816671
2026-03-02,AAON.OQ,86.9915525246904
2026-03-02,MCK.N,28.5103524270267
2026-03-02,CUBE.N,28.7277795705938
2026-03-03,DV.N,33.2091259724129
2026-03-03,PZZA.OQ,35.6478231315259
2026-03-03,ABR.N,16.334327427246
2026-03-03,NBTB.OQ,12.8838820129896
2026-03-03,GL.N,10.2706324790208
2026-03-03,ALRM.OQ,20.0410410613787
2026-03-03,CAT.N,38.359677349104
2026-03-03,YUM.N,27.5961687273228
2026-03-03,THFF.OQ,9.60965814037703
2026-03-03,BXMT.N,30.1059542887371
2026-03-03,DBD.N,30.5563194527828
2026-03-03,STRW.A,21.4844405653093
2026-03-03,T.N,9.39805876163284
2026-03-03,NDSN.OQ,31.1032476943845
2026-03-03,AVAH.OQ,19.7944423296536
2026-03-03,SMID.OQ,17.3506268758957
2026-03-03,KSS.N,9.01994592724223
2026-03-03,MLM.N,38.2877263346897
2026-03-03,ANDE.OQ,23.5881796571281
2026-03-03,DIOD.OQ,46.8925522354527
2026-03-03,GABC.OQ,13.7132927429559
2026-03-03,SEE.N,14.0347007055788
2026-03-03,LCNB.OQ,10.2933976571176
2026-03-03,PFSI.N,9.64954810744798
2026-03-03,COLB.OQ,13.2343983609281
2026-03-03,SGC.OQ,27.6534395166827
2026-03-03,PKG.N,26.9771844501746
2026-03-03,REX.N,24.2570970619203
2026-03-03,TRN.N,10.8168015072592
2026-03-03,CZFS.OQ,8.04370104725576
2026-03-03,AL.N,6.95631985743414
2026-03-03,ZWS.N,44.6512619221001
2026-03-03,AAON.OQ,73.6491602157017
2026-03-03,MCK.N,28.6467256754288
2026-03-03,CUBE.N,28.192223450492
2026-03-04,DV.N,33.7974766294045
2026-03-04,PZZA.OQ,34.3328987396784
2026-03-04,ABR.N,17.2504531898719
2026-03-04,NBTB.OQ,12.9865424274357
2026-03-04,GL.N,10.2748915014048
2026-03-04,ALRM.OQ,20.3661187752697
2026-03-04,CAT.N,38.8796879299117
2026-03-04,YUM.N,27.3399480680274
2026-03-04,THFF.OQ,9.64407454293521
2026-03-04,BXMT.N,30.2459819831033
2026-03-04,DBD.N,30.986253723192
2026-03-04,STRW.A,21.9879821410588
2026-03-04,T.N,9.49967711587443
2026-03-04,NDSN.OQ,31.1724188616804
2026-03-04,AVAH.OQ,20.1751046821469
2026-03-04,SMID.OQ,16.9450278060696
2026-03-04,KSS.N,8.96716340881233
2026-03-04,MLM.N,38.5104175168184
2026-03-04,ANDE.OQ,23.3256492233774
2026-03-04,DIOD.OQ,46.4432150078634
2026-03-04,GABC.OQ,13.7331144139888
2026-03-04,SEE.N,14.0480702704329
2026-03-04,LCNB.OQ,10.4546051610284
2026-03-04,PFSI.N,9.74737663661217
2026-03-04,COLB.OQ,13.1882533178286
2026-03-04,SGC.OQ,28.0928188933132
2026-03-04,PKG.N,27.1089112604274
2026-03-04,REX.N,25.1758756899223
2026-03-04,TRN.N,10.8453001060781
2026-03-04,CZFS.OQ,8.2956407864194
2026-03-04,AL.N,6.95631985743414
2026-03-04,ZWS.N,44.6956645294212
2026-03-04,AAON.OQ,74.1436054327169
2026-03-04,MCK.N,28.158198722292
2026-03-04,CUBE.N,28.2334200751152
2026-02-12,LRCX.OQ,47.4026799145772
2026-02-12,SAMG.OQ,20.8406575635274
2026-02-12,ROOT.OQ,19.1647901344338
2026-02-12,GOOG.OQ,28.5968127047587
2026-02-12,STEL.N,20.1241968041666
2026-02-12,SNFCA.OQ,12.7999561457605
2026-02-12,PRGS.OQ,21.3799222984316
2026-02-12,FRT.N,26.6805566875866
2026-02-12,AWI.N,28.2157890363307
2026-02-12,ASIX.N,9.61163382171668
2026-02-12,PRA.N,37.5719887268717
2026-02-12,UTHR.OQ,18.0280228923669
2026-02-12,OKE.N,15.5663501876794
2026-02-12,THR.N,29.061335911508
2026-02-12,MNSB.OQ,12.6873655577433
2026-02-12,DHR.N,44.2418129798489
2026-02-12,NRDS.OQ,10.0089502062913
2026-02-12,SKWD.OQ,13.5445858647435
2026-02-12,NREF.N,5.84698353290458
2026-02-12,ZM.OQ,17.917324677696
2026-02-12,RMAX.N,11.3369820172009
2026-02-12,EVTC.N,11.629657841826
2026-02-12,OPRT.OQ,7.41756999200953
2026-02-12,PBFS.OQ,18.2854576977287
2026-02-12,AX.N,11.7285719424773
2026-02-12,RMD.N,24.2906455362862
2026-02-12,INGR.N,11.6836590257537
2026-02-12,SXI.N,57.2079973509222
2026-02-12,CRK.N,104.09204385108
2026-02-12,KINS.OQ,7.2515041575591
2026-02-12,GPI.N,11.7948156307546
2026-02-12,MRSH.N,20.5840194475222
2026-02-12,BCC.N,17.416344782711
2026-02-13,LRCX.OQ,48.2716641457926
2026-02-13,SAMG.OQ,21.1219080029812
2026-02-13,ROOT.OQ,18.9038474548424
2026-02-13,GOOG.OQ,28.2932607770189
2026-02-13,STEL.N,19.7697890503413
2026-02-13,SNFCA.OQ,12.6080938480725
2026-02-13,PRGS.OQ,21.9015300494028
2026-02-13,FRT.N,22.529882191074
2026-02-13,AWI.N,28.6943141474373
2026-02-13,ASIX.N,9.70005253111559
2026-02-13,PRA.N,37.5107217252788
2026-02-13,UTHR.OQ,17.9344996601737
2026-02-13,OKE.N,15.8441892985942
2026-02-13,THR.N,29.3968777547132
2026-02-13,MNSB.OQ,12.6788295414452
2026-02-13,DHR.N,43.7560463536628
2026-02-13,NRDS.OQ,10.2709074635989
2026-02-13,SKWD.OQ,13.3907037443663
2026-02-13,NREF.N,5.9535794514653
2026-02-13,ZM.OQ,17.9872535250938
2026-02-13,RMAX.N,11.3044044826688
2026-02-13,EVTC.N,11.6739444291902
2026-02-13,OPRT.OQ,7.47787543909904
2026-02-13,PBFS.OQ,18.1981465081761
2026-02-13,AX.N,12.0672181762474
2026-02-13,RMD.N,24.9648090594925
2026-02-13,INGR.N,11.7933085857599
2026-02-13,SXI.N,58.2371998532268
2026-02-13,CRK.N,103.223705633344
2026-02-13,KINS.OQ,7.08024427068076
2026-02-13,GPI.N,11.7193450983118
2026-02-13,MRSH.N,20.6707115042734
2026-02-13,BCC.N,17.1078108528788
2026-02-17,LRCX.OQ,48.2819116013494
2026-02-17,SAMG.OQ,21.0797204370632
2026-02-17,ROOT.OQ,19.8670803091365
2026-02-17,GOOG.OQ,27.9508393951172
2026-02-17,STEL.N,19.780061738858
2026-02-17,SNFCA.OQ,12.4984582493936
2026-02-17,PRGS.OQ,21.0141973236126
2026-02-17,FRT.N,22.8330036976524
2026-02-17,AWI.N,28.3991759052577
2026-02-17,ASIX.N,9.41399200070735
2026-02-17,PRA.N,37.4800882244823
2026-02-17,UTHR.OQ,18.2661852933771
2026-02-17,OKE.N,15.7521895929933
2026-02-17,THR.N,29.0499616117383
2026-02-17,MNSB.OQ,12.8097151246827
2026-02-17,DHR.N,42.4757631270197
2026-02-17,NRDS.OQ,10.6965880067236
2026-02-17,SKWD.OQ,13.633364011115
2026-02-17,NREF.N,5.90620348766054
2026-02-17,ZM.OQ,17.2199786717016
2026-02-17,RMAX.N,11.1578055772739
2026-02-17,EVTC.N,11.7359456515
2026-02-17,OPRT.OQ,7.58340997150568
2026-02-17,PBFS.OQ,18.2480386164918
2026-02-17,AX.N,12.1019511233007
2026-02-17,RMD.N,25.2880516871881
2026-02-17,INGR.N,11.609894776295
2026-02-17,SXI.N,57.7315481890511
2026-02-17,CRK.N,100.672962118745
2026-02-17,KINS.OQ,7.22896996191721
2026-02-17,GPI.N,13.2713372141843
2026-02-17,MRSH.N,20.8809100528347
2026-02-17,BCC.N,17.0227662440147
2026-02-18,LRCX.OQ,49.2062320925714
2026-02-18,SAMG.OQ,21.0656579150905
2026-02-18,ROOT.OQ,20.3631935518164
2026-02-18,GOOG.OQ,28.0720750735743
2026-02-18,STEL.N,19.8981976567998
2026-02-18,SNFCA.OQ,12.3340048513752
2026-02-18,PRGS.OQ,21.4698546692887
2026-02-18,FRT.N,22.6696190558088
2026-02-18,AWI.N,28.1771058686663
2026-02-18,ASIX.N,9.26316008467392
2026-02-18,PRA.N,37.3269207204999
2026-02-18,UTHR.OQ,18.0249937998262
2026-02-18,OKE.N,15.9693088982115
2026-02-18,THR.N,28.714419768533
2026-02-18,MNSB.OQ,12.6503761537849
2026-02-18,DHR.N,42.928596422617
2026-02-18,NRDS.OQ,11.0676941212426
2026-02-18,SKWD.OQ,13.3699888435463
2026-02-18,NREF.N,5.80355556608355
2026-02-18,ZM.OQ,17.6997682635696
2026-02-18,RMAX.N,11.1252280427417
2026-02-18,EVTC.N,11.9396639533751
2026-02-18,OPRT.OQ,7.88493720695322
2026-02-18,PBFS.OQ,18.3602958602023
2026-02-18,AX.N,12.1180771344326
2026-02-18,RMD.N,25.5935011427171
2026-02-18,INGR.N,10.4210397229411
2026-02-18,SXI.N,56.8142155239536
2026-02-18,CRK.N,100.998588950396
2026-02-18,KINS.OQ,7.06672375329563
2026-02-18,GPI.N,13.4931154335543
2026-02-18,MRSH.N,21.1516742848796
2026-02-18,BCC.N,16.9298105087448
2026-02-19,LRCX.OQ,48.652869492505
2026-02-19,SAMG.OQ,21.4805023132849
2026-02-19,ROOT.OQ,19.8413081926337
2026-02-19,GOOG.OQ,28.0276528402466
2026-02-19,STEL.N,19.780061738858
2026-02-19,SNFCA.OQ,12.155847003522
2026-02-19,PRGS.OQ,21.8355796441076
2026-02-19,FRT.N,22.7599105684066
2026-02-19,AWI.N,28.1513170902235
2026-02-19,ASIX.N,9.36198099517858
2026-02-19,PRA.N,37.3422374708982
2026-02-19,UTHR.OQ,18.1942443455362
2026-02-19,OKE.N,15.9858688452197
2026-02-19,THR.N,28.8565985156539
2026-02-19,MNSB.OQ,12.8893846101317
2026-02-19,DHR.N,43.4822880431427
2026-02-19,NRDS.OQ,11.0349494640791
2026-02-19,SKWD.OQ,13.5653007655636
2026-02-19,NREF.N,5.72459562640894
2026-02-19,ZM.OQ,17.6686887758373
2026-02-19,RMAX.N,11.353270784467
2026-02-19,EVTC.N,12.0016651756849
2026-02-19,OPRT.OQ,7.70402086568469
2026-02-19,PBFS.OQ,18.0858892644656
2026-02-19,AX.N,12.0448898531417
2026-02-19,RMD.N,25.3345116367346
2026-02-19,INGR.N,10.431781217244
2026-02-19,SXI.N,57.1900981769692
2026-02-19,CRK.N,107.728210137849
2026-02-19,KINS.OQ,7.13883317934966
2026-02-19,GPI.N,13.3376296167134
2026-02-19,MRSH.N,21.2419290288946
2026-02-19,BCC.N,16.6885211533631
2026-02-20,LRCX.OQ,50.1961362993569
2026-02-20,SAMG.OQ,21.6984714038616
2026-02-20,ROOT.OQ,19.496606134408
2026-02-20,GOOG.OQ,29.1502396949673
2026-02-20,STEL.N,19.9598337878998
2026-02-20,SNFCA.OQ,12.1969603530266
2026-02-20,PRGS.OQ,24.1798167777831
2026-02-20,FRT.N,23.0995786396079
2026-02-20,AWI.N,28.4994655992023
2026-02-20,ASIX.N,9.76246573775011
2026-02-20,PRA.N,37.526038475677
2026-02-20,UTHR.OQ,17.9254123825517
2026-02-20,OKE.N,16.0686685802605
2026-02-20,THR.N,29.0158387124293
2026-02-20,MNSB.OQ,12.9804354506448
2026-02-20,DHR.N,43.1220797398267
2026-02-20,NRDS.OQ,11.0676941212426
2026-02-20,SKWD.OQ,13.873065006318
2026-02-20,NREF.N,5.86672351782323
2026-02-20,SEM.N,12.9677146238844
2026-02-20,ZM.OQ,17.5385434209581
2026-02-20,RMAX.N,17.1908824652999
2026-02-20,EVTC.N,12.1965261600872
2026-02-20,OPRT.OQ,7.83970812163609
2026-02-20,PBFS.OQ,18.0235241290709
2026-02-20,AX.N,12.0721800258264
2026-02-20,RMD.N,25.6142598435782
2026-02-20,INGR.N,10.4872789378094
2026-02-20,SXI.N,57.6733758737034
2026-02-20,CRK.N,14.9205779949493
2026-02-20,KINS.OQ,7.16587421411993
2026-02-20,GPI.N,13.7526602337591
2026-02-20,MRSH.N,21.2953693378508
2026-02-20,BCC.N,16.2435202930281
2026-02-23,LRCX.OQ,49.6530211548473
2026-02-23,SAMG.OQ,21.3328458325716
2026-02-23,ROOT.OQ,17.4960455908741
2026-02-23,GOOG.OQ,28.8272530401466
2026-02-23,STEL.N,19.338336132641
2026-02-23,SNFCA.OQ,11.9365758061643
2026-02-23,PRGS.OQ,24.4855868386973
2026-02-23,FRT.N,23.4607446899991
2026-02-23,AWI.N,27.626945261885
2026-02-23,ASIX.N,9.9876538425339
2026-02-23,PRA.N,37.3728709716946
2026-02-23,UTHR.OQ,17.9670624049859
2026-02-23,OKE.N,16.0686685802605
2026-02-23,THR.N,28.3049449768249
2026-02-23,MNSB.OQ,12.6105414110604
2026-02-23,DHR.N,43.4143630488031
2026-02-23,NRDS.OQ,10.3254818922046
2026-02-23,SKWD.OQ,13.9559246095981
2026-02-23,NREF.N,5.70090764450656
2026-02-23,SEM.N,12.7690088035318
2026-02-23,ZM.OQ,16.7168794640342
2026-02-23,RMAX.N,16.7324589328919
2026-02-23,EVTC.N,11.4170822224781
2026-02-23,OPRT.OQ,7.41756999200953
2026-02-23,PBFS.OQ,17.5495491000711
2026-02-23,AX.N,11.2956505667052
2026-02-23,RMD.N,25.7793409409029
2026-02-23,INGR.N,10.3888152400321
2026-02-23,SXI.N,55.6015464886295
2026-02-23,CRK.N,13.9268689947849
2026-02-23,KINS.OQ,7.09376478806589
2026-02-23,GPI.N,13.3757979696847
2026-02-23,MRSH.N,21.0186672936996
2026-02-23,BCC.N,15.9290530183914
2026-02-24,LRCX.OQ,50.058820394896
2026-02-24,SAMG.OQ,21.4172209644078
2026-02-24,ROOT.OQ,18.6235756878739
2026-02-24,GOOG.OQ,28.7726507116812
2026-02-24,STEL.N,19.4770174276161
2026-02-24,SNFCA.OQ,11.963984705834
2026-02-24,PRGS.OQ,24.5635282267735
2026-02-24,FRT.N,23.1533235875828
2026-02-24,AWI.N,24.9721337921826
2026-02-24,ASIX.N,9.91568072726065
2026-02-24,PRA.N,24.901797162803
2026-02-24,UTHR.OQ,17.9257910191192
2026-02-24,OKE.N,15.2517111945242
2026-02-24,THR.N,28.7087326186482
2026-02-24,MNSB.OQ,12.6333041211887
2026-02-24,DHR.N,43.0582714118107
2026-02-24,NRDS.OQ,10.4346307494161
2026-02-24,SKWD.OQ,13.3374368565434
2026-02-24,NREF.N,5.80750356306728
2026-02-24,SEM.N,12.8035663375062
2026-02-24,ZM.OQ,16.9985373216086
2026-02-24,RMAX.N,16.3759072965746
2026-02-24,EVTC.N,11.1557913570296
2026-02-24,OPRT.OQ,7.74924995100182
2026-02-24,PBFS.OQ,17.6243872625448
2026-02-24,AX.N,11.32294073939
2026-02-24,RMD.N,24.8738661795291
2026-02-24,INGR.N,10.5553084017283
2026-02-24,SXI.N,54.3441295184227
2026-02-24,CRK.N,13.6653666263206
2026-02-24,KINS.OQ,7.3506546183834
2026-02-24,GPI.N,13.4621789790408
2026-02-24,MRSH.N,21.1896762823596
2026-02-24,BCC.N,17.1394553585026
2026-02-25,LRCX.OQ,51.1307042461357
2026-02-25,SAMG.OQ,21.726596447807
2026-02-25,ROOT.OQ,19.6802324644909
2026-02-25,GOOG.OQ,28.957743350547
2026-02-25,STEL.N,19.6259714111079
2026-02-25,SNFCA.OQ,12.4436404500541
2026-02-25,PRGS.OQ,24.5875101923354
2026-02-25,FRT.N,23.2156677272336
2026-02-25,AWI.N,24.3274321781535
2026-02-25,ASIX.N,10.048554170842
2026-02-25,PRA.N,25.0035617609346
2026-02-25,UTHR.OQ,20.2608427314085
2026-02-25,OKE.N,15.203617233969
2026-02-25,THR.N,30.4546876332926
2026-02-25,MNSB.OQ,12.9519820629844
2026-02-25,DHR.N,41.6364442095097
2026-02-25,NRDS.OQ,11.2641620642232
2026-02-25,SKWD.OQ,13.5800971232921
2026-02-25,NREF.N,5.77197159021371
2026-02-25,SEM.N,12.8726814054549
2026-02-25,ZM.OQ,16.5945039810881
2026-02-25,RMAX.N,16.4268432446199
2026-02-25,EVTC.N,11.2045066031302
2026-02-25,OPRT.OQ,8.30707533657977
2026-02-25,PBFS.OQ,17.9736320207551
2026-02-25,AX.N,11.8067210733473
2026-02-25,RMD.N,24.9628320403628
2026-02-25,INGR.N,10.4228299719916
2026-02-25,SXI.N,57.203522557434
2026-02-25,CRK.N,13.7475530849808
2026-02-25,KINS.OQ,7.50388714874822
2026-02-25,GPI.N,13.4714197381812
2026-02-25,MRSH.N,21.5067554488333
2026-02-25,BCC.N,23.807557945865
2026-02-26,LRCX.OQ,48.997183999213
2026-02-26,SAMG.OQ,21.7547214917523
2026-02-26,ROOT.OQ,26.389180984428
2026-02-26,GOOG.OQ,28.4468876672775
2026-02-26,STEL.N,19.764652706083
2026-02-26,SNFCA.OQ,12.6217982979073
2026-02-26,PRGS.OQ,25.2350232625066
2026-02-26,FRT.N,23.3124086335884
2026-02-26,AWI.N,24.8020862175159
2026-02-26,ASIX.N,9.90460794029553
2026-02-26,PRA.N,24.9933853011214
2026-02-26,UTHR.OQ,18.0501274548317
2026-02-26,OKE.N,15.5251327175265
2026-02-26,THR.N,29.9599055933119
2026-02-26,MNSB.OQ,13.0316515484334
2026-02-26,DHR.N,41.6046485285555
2026-02-26,NRDS.OQ,17.2804046143519
2026-02-26,SKWD.OQ,13.3167219557234
2026-02-26,NREF.N,5.79171157513236
2026-02-26,SEM.N,12.8899601724421
2026-02-26,ZM.OQ,14.6734031456327
2026-02-26,RMAX.N,16.5796510887559
2026-02-26,EVTC.N,11.4126535637417
2026-02-26,OPRT.OQ,8.23169352771789
2026-02-26,PBFS.OQ,18.3104037518865
2026-02-26,AX.N,11.8203661596897
2026-02-26,RMD.N,25.4106268732256
2026-02-26,INGR.N,10.4854886887589
2026-02-26,SXI.N,57.9015903416058
2026-02-26,CRK.N,14.0090554534451
2026-02-26,KINS.OQ,7.57599657480226
2026-02-26,GPI.N,13.4344567016195
2026-02-26,MRSH.N,22.0043441033369
2026-02-26,BCC.N,23.8132521716354
2026-02-27,LRCX.OQ,47.93554760353
2026-02-27,SAMG.OQ,21.382064659476
2026-02-27,ROOT.OQ,23.7191737607783
2026-02-27,GOOG.OQ,28.8522405463935
2026-02-27,STEL.N,18.9591115496531
2026-02-27,SNFCA.OQ,12.4162315503844
2026-02-27,PRGS.OQ,25.1091179433066
2026-02-27,FRT.N,23.3833519649153
2026-02-27,AWI.N,24.5096654254087
2026-02-27,ASIX.N,9.87138957940019
2026-02-27,PRA.N,24.9832088413083
2026-02-27,UTHR.OQ,18.0608801121717
2026-02-27,OKE.N,15.294158950603
2026-02-27,THR.N,28.8793471151932
2026-02-27,MNSB.OQ,12.6333041211887
2026-02-27,DHR.N,41.859013976189
2026-02-27,NRDS.OQ,16.9369819390893
2026-02-27,SKWD.OQ,13.7517348729437
2026-02-27,NREF.N,5.72854362339267
2026-02-27,SEM.N,12.9331570899101
2026-02-27,ZM.OQ,14.3626082683092
2026-02-27,RMAX.N,16.0193556602572
2026-02-27,EVTC.N,12.5375328827911
2026-02-27,OPRT.OQ,7.80955539809133
2026-02-27,PBFS.OQ,17.5994412083869
2026-02-27,AX.N,10.769694511326
2026-02-27,RMD.N,25.3315461080401
2026-02-27,INGR.N,10.5141326735669
2026-02-27,SXI.N,58.6197946964747
2026-02-27,CRK.N,14.6516041302431
2026-02-27,KINS.OQ,7.42727088356581
2026-02-27,GPI.N,13.0873255756491
2026-02-27,MRSH.N,22.1765406544181
2026-02-27,BCC.N,23.5570120119693
2026-03-02,LRCX.OQ,47.3432446723478
2026-03-02,SAMG.OQ,21.8250341016158
2026-03-02,ROOT.OQ,22.6630578897799
2026-03-02,GOOG.OQ,28.3672978325652
2026-03-02,STEL.N,19.0749000694731
2026-03-02,SNFCA.OQ,12.7040249969165
2026-03-02,PRGS.OQ,23.1186148016692
2026-03-02,FRT.N,23.7208702381976
2026-03-02,AWI.N,24.2963536398619
2026-03-02,ASIX.N,10.1592820404932
2026-03-02,PRA.N,24.962855921682
2026-03-02,UTHR.OQ,18.4164346482161
2026-03-02,OKE.N,15.9131686459579
2026-03-02,THR.N,27.8670344356925
2026-03-02,MNSB.OQ,12.6389947987207
2026-03-02,DHR.N,40.9369392285175
2026-03-02,NRDS.OQ,17.2960147359548
2026-03-02,SKWD.OQ,14.3761411690898
2026-03-02,NREF.N,5.84303553592085
2026-03-02,SEM.N,12.9590752403908
2026-03-02,ZM.OQ,11.7107295211194
2026-03-02,RMAX.N,15.9938876862346
2026-03-02,EVTC.N,12.5552475177368
2026-03-02,OPRT.OQ,10.1420261388532
2026-03-02,PBFS.OQ,17.8114826687289
2026-03-02,AX.N,11.098417045938
2026-03-02,RMD.N,25.4432476888646
2026-03-02,INGR.N,10.4702715718297
2026-03-02,SXI.N,59.0672740453028
2026-03-02,CRK.N,15.114836897237
2026-03-02,KINS.OQ,7.4498050792077
2026-03-02,GPI.N,12.8695650776445
2026-03-02,MRSH.N,22.1397262193594
2026-03-02,BCC.N,22.9448827416558
2026-03-03,LRCX.OQ,44.5292933764546
2026-03-03,SAMG.OQ,21.6140962720254
2026-03-03,ROOT.OQ,21.8538262483655
2026-03-03,GOOG.OQ,28.0952116534325
2026-03-03,STEL.N,18.8886315810671
2026-03-03,SNFCA.OQ,12.8273650454303
2026-03-03,PRGS.OQ,23.3104705261643
2026-03-03,FRT.N,23.7703155903345
2026-03-03,AWI.N,23.998282204429
2026-03-03,ASIX.N,10.1980367948711
2026-03-03,PRA.N,25.0239146805609
2026-03-03,UTHR.OQ,17.8727086087208
2026-03-03,OKE.N,15.6655647678159
2026-03-03,THR.N,26.4566212642534
2026-03-03,MNSB.OQ,12.576397345868
2026-03-03,DHR.N,40.5414804466498
2026-03-03,NRDS.OQ,17.9204196000687
2026-03-03,SKWD.OQ,11.8615383101613
2026-03-03,NREF.N,5.76407559624625
2026-03-03,SEM.N,14.0476375605837
2026-03-03,ZM.OQ,11.8363396562469
2026-03-03,RMAX.N,15.8665478161212
2026-03-03,EVTC.N,13.1368501633563
2026-03-03,OPRT.OQ,10.3120042305658
2026-03-03,PBFS.OQ,18.0110511019919
2026-03-03,AX.N,11.1604401656762
2026-03-03,RMD.N,25.5312250401335
2026-03-03,INGR.N,10.2921417913053
2026-03-03,SXI.N,57.9396260862561
2026-03-03,CRK.N,15.4286397393942
2026-03-03,KINS.OQ,7.37318881402529
2026-03-03,GPI.N,12.9563478591371
2026-03-03,MRSH.N,21.8784624866845
2026-03-03,BCC.N,22.4210139707829
2026-03-04,LRCX.OQ,45.7016022921508
2026-03-04,SAMG.OQ,21.7969090576704
2026-03-04,ROOT.OQ,22.256156103984
2026-03-04,GOOG.OQ,28.0535658096877
2026-03-04,STEL.N,18.8382887463627
2026-03-04,SNFCA.OQ,12.7725472460908
2026-03-04,PRGS.OQ,23.2025516811358
2026-03-04,FRT.N,23.6907730673317
2026-03-04,AWI.N,24.0039328477547
2026-03-04,ASIX.N,10.9509863084989
2026-03-04,PRA.N,25.1867380375715
2026-03-04,UTHR.OQ,17.5702005155541
2026-03-04,OKE.N,15.6618691875452
2026-03-04,THR.N,27.2755708476697
2026-03-04,MNSB.OQ,12.9064566427279
2026-03-04,DHR.N,40.6845610109437
2026-03-04,NRDS.OQ,17.4365058303804
2026-03-04,SKWD.OQ,11.9673131229644
2026-03-04,NREF.N,5.87067151480696
2026-03-04,SEM.N,14.0389981770901
2026-03-04,ZM.OQ,12.5642342854474
2026-03-04,RMAX.N,16.0957595823252
2026-03-04,EVTC.N,13.3783531320201
2026-03-04,OPRT.OQ,10.0287074110448
2026-03-04,PBFS.OQ,18.3478228331234
2026-03-04,AX.N,11.1815280263871
2026-03-04,RMD.N,25.6073402766245
2026-03-04,INGR.N,10.175775603023
2026-03-04,SXI.N,59.2820641327403
2026-03-04,CRK.N,15.7798000627606
2026-03-04,KINS.OQ,7.43628456182257
2026-03-04,GPI.N,13.1202708908453
2026-03-04,MRSH.N,21.9509037943807
2026-03-04,BCC.N,22.2985881167202
2026-02-05,LBRDA.OQ,6.2973330939894
2026-02-12,IVT.N,20.0050177602303
2026-02-12,PGC.OQ,17.4667731861428
2026-02-12,JXN.N,15.5072535935996
2026-02-12,DHT.N,11.7450814615086
2026-02-12,HUBS.N,280.428205724924
2026-02-12,ULTA.OQ,25.5736123925345
2026-02-12,WAB.N,36.8558860646441
2026-02-12,MKC.N,24.4513379130536
2026-02-12,CARR.N,38.6701151343234
2026-02-12,AJG.N,32.589270795373
2026-02-12,PEBO.OQ,11.6224149572993
2026-02-12,LXFR.N,25.989190631881
2026-02-12,PEGA.OQ,19.0842027561369
2026-02-12,DOV.N,30.0153741409813
2026-02-12,TDAY.N,11.1111111111111
2026-02-12,JILL.N,7.39439030513271
2026-02-12,NFLX.OQ,30.0176481295357
2026-02-12,ONTO.N,60.525677816554
2026-02-12,BUR.N,24.0968231039979
2026-02-12,ETN.N,39.0311655352198
2026-02-12,MEDP.OQ,27.209211525394
2026-02-12,NATR.OQ,32.6567833684548
2026-02-12,CPSS.OQ,10.4710090922641
2026-02-12,MUSA.N,16.2248603834806
2026-02-12,SEB.A,13.6129534597716
2026-02-12,LFVN.OQ,8.2028710048517
2026-02-12,MCHB.OQ,43.1328356106494
2026-02-12,ADT.N,10.3292097613736
2026-02-12,SOLV.N,8.73712582496529
2026-02-12,PHIN.N,33.6425395535694
2026-02-12,NPO.N,66.5743693219336
2026-02-12,ROL.N,55.1204027198617
2026-02-12,MAR.OQ,37.3940433652112
2026-02-12,FBIN.N,23.2585922391715
2026-02-12,LPG.N,11.3565782044043
2026-02-12,AREN.A,4.6891851759226
2026-02-12,HLMN.OQ,53.1609195402299
2026-02-13,IVT.N,21.5735327186867
2026-02-13,PGC.OQ,17.6120270172126
2026-02-13,JXN.N,15.74101738428
2026-02-13,DHT.N,12.1183038944618
2026-02-13,HUBS.N,298.678392513749
2026-02-13,ULTA.OQ,26.1953396520551
2026-02-13,WAB.N,37.1855399571014
2026-02-13,MKC.N,24.3967361814961
2026-02-13,CARR.N,38.9740411432385
2026-02-13,AJG.N,33.1717051481786
2026-02-13,PEBO.OQ,11.741368030312
2026-02-13,LXFR.N,26.0559151264429
2026-02-13,PEGA.OQ,20.6169571534024
2026-02-13,DOV.N,30.1533638906861
2026-02-13,TDAY.N,10.9097565440234
2026-02-13,JILL.N,7.46742132049205
2026-02-13,NFLX.OQ,30.4173030809044
2026-02-13,ONTO.N,61.2360532443297
2026-02-13,BUR.N,24.3051264758183
2026-02-13,ETN.N,38.9231706109813
2026-02-13,MEDP.OQ,27.9933631603077
2026-02-13,NATR.OQ,33.1620392620799
2026-02-13,CPSS.OQ,10.6511154171014
2026-02-13,MUSA.N,17.178544716496
2026-02-13,SEB.A,10.4124978107603
2026-02-13,LFVN.OQ,8.38626852731789
2026-02-13,MCHB.OQ,43.3018735033103
2026-02-13,ADT.N,10.4644088420199
2026-02-13,SOLV.N,8.69111067908002
2026-02-13,PHIN.N,23.3259316975821
2026-02-13,NPO.N,66.9229390812977
2026-02-13,ROL.N,53.3752539599364
2026-02-13,MAR.OQ,37.2687225597459
2026-02-13,FBIN.N,19.1594053565695
2026-02-13,LPG.N,11.8083003952569
2026-02-13,AREN.A,5.26751801428638
2026-02-13,HLMN.OQ,53.5334184759472
2026-02-17,IVT.N,21.8405666741624
2026-02-17,PGC.OQ,17.9025346793522
2026-02-17,JXN.N,16.0148944881541
2026-02-17,DHT.N,12.3925081309173
2026-02-17,HUBS.N,302.916355351959
2026-02-17,ULTA.OQ,27.0930494188843
2026-02-17,WAB.N,37.9839223968968
2026-02-17,MKC.N,23.6118362903584
2026-02-17,CARR.N,39.587852494577
2026-02-17,AJG.N,34.0549047815314
2026-02-17,PEBO.OQ,11.8218362855853
2026-02-17,LXFR.N,26.0559151264429
2026-02-17,PEGA.OQ,20.9225676927345
2026-02-17,DOV.N,29.2794065036058
2026-02-17,TDAY.N,10.7816218195131
2026-02-17,JILL.N,7.7914964511491
2026-02-17,NFLX.OQ,30.4687438172192
2026-02-17,ONTO.N,62.0986519780573
2026-02-17,BUR.N,24.9511760794614
2026-02-17,ETN.N,39.1471600834761
2026-02-17,MEDP.OQ,28.0031732308028
2026-02-17,NATR.OQ,32.866279714592
2026-02-17,CPSS.OQ,10.3840612113082
2026-02-17,MUSA.N,16.2126336612625
2026-02-17,SEB.A,9.52331626758128
2026-02-17,LFVN.OQ,8.23621600893646
2026-02-17,MCHB.OQ,43.1328356106494
2026-02-17,ADT.N,10.4779287500845
2026-02-17,SOLV.N,8.48174176530205
2026-02-17,PHIN.N,23.255097735469
2026-02-17,NPO.N,66.1251561813446
2026-02-17,ROL.N,55.2322641734926
2026-02-17,MAR.OQ,37.9058577471953
2026-02-17,FBIN.N,19.6186038871342
2026-02-17,LPG.N,12.0623941276115
2026-02-17,AREN.A,5.01742813823718
2026-02-17,HLMN.OQ,48.105576841209
2026-02-18,IVT.N,21.4751517877221
2026-02-18,PGC.OQ,17.7935943060498
2026-02-18,JXN.N,16.1739645232325
2026-02-18,DHT.N,12.7047962891027
2026-02-18,HUBS.N,306.382665997085
2026-02-18,ULTA.OQ,26.4260916928882
2026-02-18,WAB.N,37.931266491537
2026-02-18,MKC.N,23.8950827728124
2026-02-18,CARR.N,38.3363924578675
2026-02-18,AJG.N,37.2646311758799
2026-02-18,PEBO.OQ,11.7938473272294
2026-02-18,LXFR.N,25.8056982718356
2026-02-18,PEGA.OQ,21.0071983036264
2026-02-18,DOV.N,29.1325387410797
2026-02-18,TDAY.N,10.8548416620904
2026-02-18,JILL.N,7.80062532806901
2026-02-18,NFLX.OQ,30.8604848091549
2026-02-18,ONTO.N,62.0169024248609
2026-02-18,BUR.N,25.1606909176571
2026-02-18,ETN.N,38.036212298022
2026-02-18,MEDP.OQ,29.1797276855232
2026-02-18,NATR.OQ,32.5458735381468
2026-02-18,CPSS.OQ,10.4585879664133
2026-02-18,MUSA.N,16.4820431611727
2026-02-18,SEB.A,9.5315704206264
2026-02-18,LFVN.OQ,8.21954350689408
2026-02-18,MCHB.OQ,42.7947598253275
2026-02-18,ADT.N,10.6266477387954
2026-02-18,SOLV.N,8.61748644566359
2026-02-18,PHIN.N,23.4090846096279
2026-02-18,NPO.N,66.5866429050098
2026-02-18,ROL.N,55.3885472112671
2026-02-18,MAR.OQ,37.490930038344
2026-02-18,FBIN.N,20.1039356674059
2026-02-18,LPG.N,12.4929418407679
2026-02-18,AREN.A,5.31440986604561
2026-02-18,HLMN.OQ,43.8062728801821
2026-02-19,IVT.N,21.4259613222397
2026-02-19,PGC.OQ,17.6898415695714
2026-02-19,JXN.N,15.732718078102
2026-02-19,DHT.N,12.8647487603683
2026-02-19,HUBS.N,293.191088029592
2026-02-19,ULTA.OQ,26.5552668386702
2026-02-19,WAB.N,38.3042458211688
2026-02-19,MKC.N,23.3729537147947
2026-02-19,CARR.N,37.4961264332197
2026-02-19,AJG.N,37.9387267932159
2026-02-19,PEBO.OQ,11.7588611292845
2026-02-19,LXFR.N,25.8557416427571
2026-02-19,PEGA.OQ,21.0448119084673
2026-02-19,DOV.N,29.1877710620297
2026-02-19,TDAY.N,11.0561962291781
2026-02-19,JILL.N,7.82801195882876
2026-02-19,NFLX.OQ,30.4687438172192
2026-02-19,ONTO.N,63.5194028336086
2026-02-19,BUR.N,25.0019588729875
2026-02-19,ETN.N,37.7302266793461
2026-02-19,MEDP.OQ,29.1973858124144
2026-02-19,NATR.OQ,33.1004226896866
2026-02-19,CPSS.OQ,10.483430218115
2026-02-19,MUSA.N,16.3100578346903
2026-02-19,SEB.A,9.42978857568253
2026-02-19,LFVN.OQ,8.43628603344504
2026-02-19,MCHB.OQ,42.9356247358783
2026-02-19,ADT.N,10.6672074629893
2026-02-19,SOLV.N,8.46793722153647
2026-02-19,PHIN.N,23.1904232483223
2026-02-19,NPO.N,68.1159313563046
2026-02-19,ROL.N,56.0044862424961
2026-02-19,MAR.OQ,36.8474761548207
2026-02-19,FBIN.N,20.1972687020735
2026-02-19,LPG.N,12.4082439299831
2026-02-19,AREN.A,5.17373431076793
2026-02-19,HLMN.OQ,43.2868309092708
2026-02-20,IVT.N,21.4962334157859
2026-02-20,PGC.OQ,17.9388481371196
2026-02-20,JXN.N,15.9927630050128
2026-02-20,DHT.N,13.2912886837435
2026-02-20,HUBS.N,286.001249341646
2026-02-20,ULTA.OQ,26.1757908911207
2026-02-20,WAB.N,38.7284183921227
2026-02-20,MKC.N,23.376366323017
2026-02-20,CARR.N,38.2231651212128
2026-02-20,AJG.N,37.6155778632559
2026-02-20,PEBO.OQ,11.9058031606531
2026-02-20,LXFR.N,26.1059584973644
2026-02-20,PEGA.OQ,21.3269139447738
2026-02-20,DOV.N,29.2869381837353
2026-02-20,TDAY.N,11.3490755994875
2026-02-20,JILL.N,7.96038067416756
2026-02-20,NFLX.OQ,31.1295594298784
2026-02-20,ONTO.N,61.0048993352916
2026-02-20,BUR.N,24.8122027798008
2026-02-20,ETN.N,37.3362451964758
2026-02-20,MEDP.OQ,29.6767712572783
2026-02-20,NATR.OQ,33.1250693186439
2026-02-20,CPSS.OQ,10.3281661449794
2026-02-20,MUSA.N,16.0556313071431
2026-02-20,SEB.A,9.55836735410392
2026-02-20,LFVN.OQ,8.08616349055503
2026-02-20,MCHB.OQ,43.4990843780814
2026-02-20,ADT.N,10.6942472791185
2026-02-20,SOLV.N,8.39086185217864
2026-02-20,PHIN.N,23.4029251346615
2026-02-20,NPO.N,144.086608347021
2026-02-20,ROL.N,56.399790396867
2026-02-20,MAR.OQ,36.6410654164073
2026-02-20,FBIN.N,20.279401772581
2026-02-20,LPG.N,12.5352907961604
2026-02-20,AREN.A,5.23625677978023
2026-02-20,HLMN.OQ,44.276244187197
2026-02-23,IVT.N,21.7140769057792
2026-02-23,PGC.OQ,17.1036386084683
2026-02-23,JXN.N,15.2029457004061
2026-02-23,DHT.N,13.3522229585114
2026-02-23,HUBS.N,266.232255061671
2026-02-23,ULTA.OQ,25.6767225237374
2026-02-23,WAB.N,38.4578255451349
2026-02-23,MKC.N,23.7278649699179
2026-02-23,CARR.N,37.8179304426593
2026-02-23,AJG.N,37.236833418464
2026-02-23,PEBO.OQ,11.377511571685
2026-02-23,LXFR.N,25.3052645626209
2026-02-23,PEGA.OQ,19.737739140247
2026-02-23,DOV.N,28.9630759381649
2026-02-23,TDAY.N,10.9646714259564
2026-02-23,JILL.N,7.68194992811009
2026-02-23,NFLX.OQ,30.080959805
2026-02-23,ONTO.N,60.1112921503515
2026-02-23,BUR.N,24.057104468289
2026-02-23,ETN.N,36.2032984449731
2026-02-23,MEDP.OQ,29.1005931168621
2026-02-23,NATR.OQ,33.4085055516532
2026-02-23,CPSS.OQ,9.98658518408108
2026-02-23,MUSA.N,16.1190320923247
2026-02-23,SEB.A,9.44728505502468
2026-02-23,LFVN.OQ,7.65267843745311
2026-02-23,MCHB.OQ,41.7523594872517
2026-02-23,ADT.N,10.4779287500845
2026-02-23,SOLV.N,8.35750087141183
2026-02-23,PHIN.N,23.6862609831138
2026-02-23,NPO.N,144.50642583137
2026-02-23,ROL.N,55.5080577695653
2026-02-23,MAR.OQ,36.0818608138691
2026-02-23,FBIN.N,20.8170000522665
2026-02-23,LPG.N,12.2282608695652
2026-02-23,AREN.A,4.8767525829595
2026-02-23,HLMN.OQ,42.2479469674483
2026-02-24,IVT.N,21.6297503935237
2026-02-24,PGC.OQ,17.2488924395381
2026-02-24,JXN.N,15.1310183801967
2026-02-24,DHT.N,14.2433867269916
2026-02-24,HUBS.N,284.898889065811
2026-02-24,ULTA.OQ,26.3118655995854
2026-02-24,WAB.N,38.6830758069518
2026-02-24,MKC.N,23.8882575563678
2026-02-24,CARR.N,37.8596457772163
2026-02-24,AJG.N,37.5234977918157
2026-02-24,PEBO.OQ,11.370514332096
2026-02-24,LXFR.N,25.9558283846
2026-02-24,PEGA.OQ,20.3489602189112
2026-02-24,DOV.N,29.0409032995035
2026-02-24,TDAY.N,10.7084019769357
2026-02-24,JILL.N,7.78693201268914
2026-02-24,NFLX.OQ,30.8802697077375
2026-02-24,ONTO.N,63.1952235709332
2026-02-24,BUR.N,23.9488030308823
2026-02-24,ETN.N,37.4542396507364
2026-02-24,MEDP.OQ,28.9200878197511
2026-02-24,NATR.OQ,33.3345656647812
2026-02-24,CPSS.OQ,9.98658518408108
2026-02-24,MUSA.N,15.9683523041657
2026-02-24,SEB.A,9.66476067422324
2026-02-24,LFVN.OQ,7.55264342519882
2026-02-24,MCHB.OQ,41.3297647555994
2026-02-24,ADT.N,10.6536875549246
2026-02-24,SOLV.N,8.44608002724097
2026-02-24,PHIN.N,24.3668829668959
2026-02-24,NPO.N,145.886575811166
2026-02-24,ROL.N,55.6275683278634
2026-02-24,MAR.OQ,36.1376759625217
2026-02-24,FBIN.N,22.7253424574431
2026-02-24,LPG.N,12.401185770751
2026-02-24,AREN.A,4.95490566922488
2026-02-24,HLMN.OQ,42.2974176313446
2026-02-25,IVT.N,22.0794917922195
2026-02-25,PGC.OQ,17.6898415695714
2026-02-25,DHT.N,14.2281531582996
2026-02-25,HUBS.N,300.944355302965
2026-02-25,ULTA.OQ,26.2286875383548
2026-02-25,WAB.N,38.4402735766816
2026-02-25,MKC.N,23.557234558801
2026-02-25,CARR.N,36.6499010750638
2026-02-25,AJG.N,37.8970301570921
2026-02-25,PEBO.OQ,11.5874287593544
2026-02-25,LXFR.N,26.8311871144052
2026-02-25,PEGA.OQ,20.254926206809
2026-02-25,DOV.N,28.4609639295286
2026-02-25,TDAY.N,11.2026359143328
2026-02-25,JILL.N,7.94212292032772
2026-02-25,NFLX.OQ,32.7242222556367
2026-02-25,ONTO.N,81.1217727063163
2026-02-25,BUR.N,24.5098112834219
2026-02-25,ETN.N,37.3512444915089
2026-02-25,MEDP.OQ,28.6506378834838
2026-02-25,NATR.OQ,33.9384080742356
2026-02-25,CPSS.OQ,10.5331147215184
2026-02-25,MUSA.N,15.8135555819039
2026-02-25,SEB.A,9.70734900378476
2026-02-25,LFVN.OQ,7.78605845379216
2026-02-25,MCHB.OQ,42.1186082546838
2026-02-25,ADT.N,10.748326911377
2026-02-25,SOLV.N,8.63704288266483
2026-02-25,PHIN.N,24.0311915812296
2026-02-25,NPO.N,139.982892437513
2026-02-25,ROL.N,54.358917785929
2026-02-25,MAR.OQ,36.589462731804
2026-02-25,FBIN.N,21.9245562309662
2026-02-25,LPG.N,12.7611518915867
2026-02-25,AREN.A,4.7517076449349
2026-02-25,HLMN.OQ,41.2585336895221
2026-02-26,IVT.N,21.9811108612548
2026-02-26,PGC.OQ,17.8091572165216
2026-02-26,DHT.N,14.6013755912529
2026-02-26,HUBS.N,328.895312519138
2026-02-26,ULTA.OQ,26.664126605442
2026-02-26,WAB.N,38.5280334189479
2026-02-26,MKC.N,23.6357245479147
2026-02-26,CARR.N,37.4007770970895
2026-02-26,AJG.N,39.1288182825851
2026-02-26,PEBO.OQ,11.6224149572993
2026-02-26,LXFR.N,27.6386070970146
2026-02-26,PEGA.OQ,21.3034054417483
2026-02-26,DOV.N,28.5124304104138
2026-02-26,TDAY.N,11.7151748123742
2026-02-26,JILL.N,8.07905607412648
2026-02-26,NFLX.OQ,33.4720914220594
2026-02-26,ONTO.N,78.4779852466574
2026-02-26,BUR.N,21.8269855193748
2026-02-26,ETN.N,37.457239509743
2026-02-26,MEDP.OQ,29.2398961178935
2026-02-26,NATR.OQ,33.889114816321
2026-02-26,CPSS.OQ,10.4710090922641
2026-02-26,MUSA.N,15.8991878112402
2026-02-26,SEB.A,9.66173802662925
2026-02-26,LFVN.OQ,7.80273095583454
2026-02-26,MCHB.OQ,42.3158191294548
2026-02-26,ADT.N,10.964645440411
2026-02-26,SOLV.N,8.85101331103133
2026-02-26,PHIN.N,22.8300939627906
2026-02-26,NPO.N,135.023798403644
2026-02-26,ROL.N,54.9380843376817
2026-02-26,MAR.OQ,36.919088043658
2026-02-26,FBIN.N,21.9771331044217
2026-02-26,LPG.N,12.9517221908526
2026-02-26,AREN.A,4.72044641042875
2026-02-26,HLMN.OQ,41.8027109923815
2026-02-27,IVT.N,21.9248931864178
2026-02-27,PGC.OQ,17.3733957233122
2026-02-27,DHT.N,14.8451126903244
2026-02-27,HUBS.N,323.983685067918
2026-02-27,ULTA.OQ,26.2486196083272
2026-02-27,WAB.N,38.6070172769876
2026-02-27,MKC.N,24.2431688114909
2026-02-27,CARR.N,38.3781077924245
2026-02-27,AJG.N,39.6465515144566
2026-02-27,PEBO.OQ,10.7905850724109
2026-02-27,LXFR.N,26.6448594261107
2026-02-27,PEGA.OQ,20.5605367461411
2026-02-27,DOV.N,28.3065644868729
2026-02-27,JILL.N,7.88278522034826
2026-02-27,NFLX.OQ,38.0819727918075
2026-02-27,ONTO.N,77.7612090825265
2026-02-27,BUR.N,30.8943741652116
2026-02-27,ETN.N,35.9662878240645
2026-02-27,MEDP.OQ,29.545316312643
2026-02-27,NATR.OQ,34.1109344769369
2026-02-27,CPSS.OQ,10.0611119391862
2026-02-27,MUSA.N,16.0865083129133
2026-02-27,SEB.A,9.94509186261996
2026-02-27,LFVN.OQ,7.7527134497074
2026-02-27,MCHB.OQ,40.174672489083
2026-02-27,ADT.N,10.8429662678294
2026-02-27,SOLV.N,8.53580956171724
2026-02-27,PHIN.N,22.3681333403141
2026-02-27,NPO.N,135.732240408482
2026-02-27,ROL.N,55.9769068828889
2026-02-27,MAR.OQ,35.9881334887733
2026-02-27,FBIN.N,21.9771331044217
2026-02-27,LPG.N,13.0540654997177
2026-02-27,AREN.A,4.51724838613877
2026-02-27,HLMN.OQ,40.5659443949738
2026-03-02,IVT.N,21.847593883517
2026-03-02,PGC.OQ,17.6379652013322
2026-03-02,DHT.N,14.9669812398602
2026-03-02,HUBS.N,322.869076344573
2026-03-02,ULTA.OQ,25.9500218677806
2026-03-02,WAB.N,38.56606268393
2026-03-02,MKC.N,23.8541314741444
2026-03-02,CARR.N,38.0443851159686
2026-03-02,AJG.N,39.8324490171755
2026-03-02,PEBO.OQ,10.9644649682168
2026-03-02,LXFR.N,26.7690778849737
2026-03-02,PEGA.OQ,20.9789880999958
2026-03-02,DOV.N,28.4195396888161
2026-03-02,JILL.N,7.76867425884931
2026-03-02,NFLX.OQ,38.4183160677118
2026-03-02,ONTO.N,78.5392173812817
2026-03-02,BUR.N,31.0796122666951
2026-03-02,ETN.N,36.1078873824269
2026-03-02,MEDP.OQ,29.918752996159
2026-03-02,NATR.OQ,34.2588142506809
2026-03-02,CPSS.OQ,10.1356386942912
2026-03-02,MUSA.N,16.594126287777
2026-03-02,SEB.A,10.0413709388671
2026-03-02,LFVN.OQ,7.53597092315644
2026-03-02,MCHB.OQ,41.8368784335822
2026-03-02,ADT.N,9.62617454201312
2026-03-02,SOLV.N,8.22683526044132
2026-03-02,PHIN.N,22.3712130777973
2026-03-02,NPO.N,138.566008427836
2026-03-02,ROL.N,55.9677137630198
2026-03-02,MAR.OQ,34.8023248589088
2026-03-02,FBIN.N,21.180391252826
2026-03-02,LPG.N,13.28345567476
2026-03-02,AREN.A,4.64229332416337
2026-03-02,HLMN.OQ,40.1701790838033
2026-03-03,IVT.N,21.7140769057792
2026-03-03,PGC.OQ,17.6431528381561
2026-03-03,DHT.N,14.6699266503667
2026-03-03,HUBS.N,337.285499062994
2026-03-03,ULTA.OQ,25.6414580922479
2026-03-03,WAB.N,38.1506660972028
2026-03-03,MKC.N,23.093119840563
2026-03-03,CARR.N,36.4532430692951
2026-03-03,AJG.N,39.1305556424235
2026-03-03,PEBO.OQ,11.001247253868
2026-03-03,LXFR.N,26.2100948200903
2026-03-03,PEGA.OQ,21.162354423595
2026-03-03,DOV.N,27.7115617566389
2026-03-03,JILL.N,7.81888308190885
2026-03-03,NFLX.OQ,38.6596918304197
2026-03-03,ONTO.N,74.7392231443062
2026-03-03,BUR.N,30.8842965572422
2026-03-03,ETN.N,34.0183371428079
2026-03-03,MEDP.OQ,30.4360707136042
2026-03-03,NATR.OQ,33.2483024634306
2026-03-03,CPSS.OQ,10.2598499527997
2026-03-03,MUSA.N,16.8798415145048
2026-03-03,SEB.A,9.73193707940513
2026-03-03,LFVN.OQ,8.00280098034312
2026-03-03,MCHB.OQ,42.710240878997
2026-03-03,ADT.N,9.80813287514318
2026-03-03,SOLV.N,7.98003020262808
2026-03-03,PHIN.N,22.1094353917272
2026-03-03,NPO.N,134.724678446046
2026-03-03,ROL.N,55.3150022523144
2026-03-03,MAR.OQ,35.3752199696071
2026-03-03,FBIN.N,20.7799981395876
2026-03-03,LPG.N,12.8176171654433
2026-03-03,AREN.A,4.6266627069103
2026-03-03,HLMN.OQ,39.6754724448402
2026-03-04,IVT.N,21.7211041151338
2026-03-04,PGC.OQ,17.8869717688804
2026-03-04,DHT.N,14.1824524522237
2026-03-04,HUBS.N,341.229499160981
2026-03-04,ULTA.OQ,25.3497599143841
2026-03-04,WAB.N,38.1448154410517
2026-03-04,MKC.N,22.4208360207623
2026-03-04,CARR.N,36.3996090677219
2026-03-04,AJG.N,39.1913632367709
2026-03-04,PEBO.OQ,10.9577772799165
2026-03-04,LXFR.N,26.2722040495218
2026-03-04,PEGA.OQ,22.1215013470372
2026-03-04,DOV.N,27.8471319989707
2026-03-04,JILL.N,7.9558162357076
2026-03-04,NFLX.OQ,39.0395618832058
2026-03-04,ONTO.N,75.2939142461964
2026-03-04,BUR.N,30.6694682518158
2026-03-04,ETN.N,33.9130942278088
2026-03-04,MEDP.OQ,30.4674629391887
2026-03-04,NATR.OQ,33.3961822371745
2026-03-04,CPSS.OQ,10.4461668405624
2026-03-04,MUSA.N,17.0782777382552
2026-03-04,SEB.A,9.72108654958053
2026-03-04,LFVN.OQ,8.18619850280932
2026-03-04,MCHB.OQ,43.0764896464291
2026-03-04,ADT.N,9.79381443298969
2026-03-04,SOLV.N,7.9338246895215
2026-03-04,PHIN.N,22.2480235784702
2026-03-04,NPO.N,137.841823267334
2026-03-04,ROL.N,53.3200952407218
2026-03-04,MAR.OQ,35.378379317644
2026-03-04,FBIN.N,20.5616018960029
2026-03-04,LPG.N,13.1422924901186
2026-03-04,AREN.A,4.78296887944105
2026-03-04,HLMN.OQ,41.2090630256258
2026-03-05,BUR.N,30.0533210356897
2026-02-12,FCF.N,13.14311228899
2026-02-12,GEFb.N,16.5758460655994
2026-02-12,CHMG.OQ,22.0652138340309
2026-02-12,NGS.N,24.6262747937659
2026-02-12,CVS.N,56.9880363881007
2026-02-12,NVR.N,18.5130669806265
2026-02-12,NPB.N,8.26524976670666
2026-02-12,MSEX.OQ,22.4723344789818
2026-02-12,MS.N,17.2499976905573
2026-02-12,PBYI.OQ,9.17220820912635
2026-02-12,WDFC.OQ,36.4016717332155
2026-02-12,HCA.N,18.853774224627
2026-02-12,SHAK.N,88.3556880278192
2026-02-12,AAT.N,19.8559491687701
2026-02-12,TFC.N,13.8828159160472
2026-02-12,CENT.OQ,15.2477608040693
2026-02-12,CNP.N,26.3003390130113
2026-02-12,HMN.N,10.8413649123874
2026-02-12,KFY.N,12.2252518397815
2026-02-12,OC.N,56.1509427694709
2026-02-12,TTMI.OQ,76.5804621535093
2026-02-12,FWONK.OQ,31.2991887637729
2026-02-12,AVGO.OQ,69.5611077853745
2026-02-12,PBH.N,17.7065098395943
2026-02-12,MPAA.OQ,102.332580887886
2026-02-12,HWC.OQ,12.6586817115126
2026-02-12,RS.N,26.0530934620448
2026-02-12,FNWD.OQ,19.6489027546731
2026-02-12,IDR.A,53.1201427666801
2026-02-12,CSTM.N,27.9345626250259
2026-02-12,FSTR.OQ,71.0125953681549
2026-02-12,TNK.N,7.34253769687817
2026-02-12,PAYO.OQ,28.7623630045442
2026-02-12,OMCL.OQ,85.3161034734831
2026-02-13,FCF.N,13.229532753356
2026-02-13,GEFb.N,16.6910013731727
2026-02-13,CHMG.OQ,21.6143096620764
2026-02-13,NGS.N,25.113521780617
2026-02-13,CVS.N,57.3902360546407
2026-02-13,NVR.N,17.1668487829248
2026-02-13,NPB.N,8.37475480393837
2026-02-13,MSEX.OQ,23.2444931240112
2026-02-13,MS.N,17.5671611611262
2026-02-13,PBYI.OQ,9.19918529209436
2026-02-13,WDFC.OQ,37.1779855037456
2026-02-13,HCA.N,19.0323711292996
2026-02-13,SHAK.N,87.5807252856433
2026-02-13,AAT.N,20.1932283053355
2026-02-13,TFC.N,13.837490801668
2026-02-13,CENT.OQ,15.4927047527291
2026-02-13,CNP.N,26.8432648783783
2026-02-13,HMN.N,10.7856252470281
2026-02-13,KFY.N,12.4406210761147
2026-02-13,OC.N,55.7191082617415
2026-02-13,TTMI.OQ,76.1408689016804
2026-02-13,FWONK.OQ,31.6139968519191
2026-02-13,AVGO.OQ,68.3008286335424
2026-02-13,PBH.N,17.6615560362381
2026-02-13,MPAA.OQ,107.922175642266
2026-02-13,HWC.OQ,12.7572835376184
2026-02-13,RS.N,25.1155477548632
2026-02-13,FNWD.OQ,20.00499593416
2026-02-13,IDR.A,55.9121524379713
2026-02-13,CSTM.N,26.7404834992541
2026-02-13,FSTR.OQ,71.3963252223376
2026-02-13,TNK.N,7.56780181906142
2026-02-13,PAYO.OQ,28.8425554664528
2026-02-13,OMCL.OQ,86.0706958756809
2026-02-17,FCF.N,13.2367344587198
2026-02-17,GEFb.N,16.5345639742052
2026-02-17,CHMG.OQ,21.5415831827289
2026-02-17,NGS.N,25.2082642502825
2026-02-17,CVS.N,57.1854798607658
2026-02-17,NVR.N,16.9692138079323
2026-02-17,NPB.N,8.66518120703117
2026-02-17,MSEX.OQ,23.1144011783812
2026-02-17,MS.N,17.6071915020718
2026-02-17,PBYI.OQ,9.1047655017063
2026-02-17,WDFC.OQ,36.6493021531693
2026-02-17,HCA.N,18.8382746904937
2026-02-17,SHAK.N,90.8594138102335
2026-02-17,AAT.N,20.3890678039864
2026-02-17,TFC.N,13.9174762976314
2026-02-17,CENT.OQ,15.7621430962548
2026-02-17,CNP.N,26.9253350673291
2026-02-17,HMN.N,10.9275080315791
2026-02-17,KFY.N,12.460938928599
2026-02-17,OC.N,55.4575162041747
2026-02-17,TTMI.OQ,75.4026840070998
2026-02-17,FWONK.OQ,32.1386769988295
2026-02-17,AVGO.OQ,69.8488715250428
2026-02-17,PBH.N,17.5240502847956
2026-02-17,MPAA.OQ,110.072019778566
2026-02-17,HWC.OQ,12.6909514000563
2026-02-17,RS.N,24.8866461898494
2026-02-17,FNWD.OQ,19.6595324018219
2026-02-17,IDR.A,52.9474411375281
2026-02-17,CSTM.N,26.8782618599201
2026-02-17,FSTR.OQ,71.9832061757934
2026-02-17,TNK.N,7.68150656644916
2026-02-17,PAYO.OQ,28.6019780807271
2026-02-17,OMCL.OQ,88.122243969156
2026-02-18,FCF.N,13.1503139943539
2026-02-18,GEFb.N,16.3281535172342
2026-02-18,CHMG.OQ,21.4470387595772
2026-02-18,NGS.N,25.3909818703517
2026-02-18,CVS.N,56.856407406324
2026-02-18,NVR.N,17.2027262879304
2026-02-18,NPB.N,8.4747376640195
2026-02-18,MSEX.OQ,22.6905532264901
2026-02-18,MS.N,18.1255330963674
2026-02-18,PBYI.OQ,9.01034571131823
2026-02-18,WDFC.OQ,36.8209723216035
2026-02-18,HCA.N,18.8467289818391
2026-02-18,SHAK.N,93.571783407849
2026-02-18,AAT.N,20.4434676647228
2026-02-18,TFC.N,14.0481192743716
2026-02-18,CENT.OQ,15.8927798688733
2026-02-18,CNP.N,26.4707924823707
2026-02-18,HMN.N,11.0035166661599
2026-02-18,KFY.N,12.7271027961429
2026-02-18,OC.N,55.7896965947358
2026-02-18,TTMI.OQ,57.8650820530188
2026-02-18,FWONK.OQ,32.9741292327562
2026-02-18,AVGO.OQ,70.052616654589
2026-02-18,PBH.N,17.5901588191429
2026-02-18,MPAA.OQ,115.554122326131
2026-02-18,HWC.OQ,12.6855731186323
2026-02-18,RS.N,24.604358636829
2026-02-18,FNWD.OQ,19.7817733440338
2026-02-18,IDR.A,56.0416786598354
2026-02-18,CSTM.N,29.4386430622961
2026-02-18,FSTR.OQ,69.9742675274254
2026-02-18,TNK.N,7.78126639198746
2026-02-18,PAYO.OQ,29.56428762363
2026-02-18,OMCL.OQ,91.0462895276723
2026-02-19,FCF.N,13.1575156997177
2026-02-19,GEFb.N,16.1630251516574
2026-02-19,CHMG.OQ,21.4870383232183
2026-02-19,NGS.N,25.4112838281372
2026-02-19,CVS.N,56.5419603943019
2026-02-19,NVR.N,17.2096319644834
2026-02-19,NPB.N,8.44617113256775
2026-02-19,MSEX.OQ,22.8584138014965
2026-02-19,MS.N,17.8976680786771
2026-02-19,PBYI.OQ,9.15871966764234
2026-02-19,WDFC.OQ,36.2056942842949
2026-02-19,HCA.N,18.6226902611848
2026-02-19,SHAK.N,92.5782414307004
2026-02-19,AAT.N,20.5305074419009
2026-02-19,TFC.N,13.8054966032826
2026-02-19,CENT.OQ,15.9540158560383
2026-02-19,CNP.N,26.9190219758714
2026-02-19,HMN.N,10.894570956594
2026-02-19,KFY.N,12.7738338568567
2026-02-19,OC.N,54.6768922863561
2026-02-19,TTMI.OQ,61.8184057390929
2026-02-19,FWONK.OQ,33.0286152480123
2026-02-19,AVGO.OQ,70.1534389867356
2026-02-19,PBH.N,18.2485998212425
2026-02-19,MPAA.OQ,113.726754810276
2026-02-19,HWC.OQ,12.5977278553744
2026-02-19,RS.N,23.9344741845839
2026-02-19,FNWD.OQ,19.3991060466748
2026-02-19,IDR.A,56.2287720914167
2026-02-19,CSTM.N,29.6338290732395
2026-02-19,FSTR.OQ,70.2564218319715
2026-02-19,TNK.N,7.31976236776332
2026-02-19,PAYO.OQ,28.9762095696338
2026-02-19,OMCL.OQ,91.0934515528097
2026-02-20,FCF.N,13.2655412801751
2026-02-20,GEFb.N,16.2173436929655
2026-02-20,CHMG.OQ,21.3670396322949
2026-02-20,NGS.N,25.6007687674681
2026-02-20,CVS.N,56.0812589580835
2026-02-20,NVR.N,17.3341628072243
2026-02-20,NPB.N,8.55567616979946
2026-02-20,MSEX.OQ,22.9473309367157
2026-02-20,MS.N,17.1871340960955
2026-02-20,PBYI.OQ,9.21267383357837
2026-02-20,WDFC.OQ,36.2300015647812
2026-02-20,HCA.N,18.7509136799241
2026-02-20,SHAK.N,92.9557873820169
2026-02-20,AAT.N,21.2703455479154
2026-02-20,TFC.N,13.9494704960167
2026-02-20,CENT.OQ,16.1948774055537
2026-02-20,CNP.N,26.7941152645452
2026-02-20,HMN.N,10.9249744104264
2026-02-20,KFY.N,12.6377042452121
2026-02-20,OC.N,55.1045745392035
2026-02-20,TTMI.OQ,66.4614058314604
2026-02-20,FWONK.OQ,33.0911732655285
2026-02-20,AVGO.OQ,69.8719766428264
2026-02-20,PBH.N,18.3993272795545
2026-02-20,MPAA.OQ,114.371708051166
2026-02-20,HWC.OQ,12.7608690585677
2026-02-20,RS.N,23.3296767588123
2026-02-20,FNWD.OQ,19.53729145961
2026-02-20,IDR.A,55.2789131310805
2026-02-20,CSTM.N,29.2090124611861
2026-02-20,FSTR.OQ,70.6288655139723
2026-02-20,TNK.N,7.21970877470011
2026-02-20,PAYO.OQ,28.9227479283614
2026-02-20,OMCL.OQ,94.9371566015045
2026-02-23,FCF.N,12.7542201993432
2026-02-23,GEFb.N,15.954441953034
2026-02-23,CHMG.OQ,20.4906855561576
2026-02-23,NGS.N,25.5804668096827
2026-02-23,CVS.N,56.3079533155878
2026-02-23,NVR.N,17.0511444009438
2026-02-23,NPB.N,8.31286065245958
2026-02-23,MSEX.OQ,23.2313640371702
2026-02-23,MS.N,16.3435036042913
2026-02-23,PBYI.OQ,9.59035299513063
2026-02-23,WDFC.OQ,36.8619908574241
2026-02-23,HCA.N,18.8801938850815
2026-02-23,SHAK.N,88.9816194734227
2026-02-23,AAT.N,21.1180259378536
2026-02-23,TFC.N,13.3549116426888
2026-02-23,CENT.OQ,16.0805702295125
2026-02-23,CNP.N,26.7255721789847
2026-02-23,HMN.N,10.7298855816687
2026-02-23,KFY.N,12.0972493691307
2026-02-23,OC.N,53.7177214086109
2026-02-23,TTMI.OQ,65.7963607253918
2026-02-23,FWONK.OQ,32.1386769988295
2026-02-23,AVGO.OQ,69.386769169371
2026-02-23,PBH.N,18.4231263519195
2026-02-23,MPAA.OQ,113.726754810276
2026-02-23,HWC.OQ,12.1746363833567
2026-02-23,RS.N,23.5995319584613
2026-02-23,FNWD.OQ,18.7081789819987
2026-02-23,IDR.A,55.2501295262219
2026-02-23,CSTM.N,29.1401232808531
2026-02-23,FSTR.OQ,68.0556182565121
2026-02-23,TNK.N,7.11470203346545
2026-02-23,PAYO.OQ,26.4100507885592
2026-02-23,OMCL.OQ,93.2864857216969
2026-02-24,FCF.N,12.7974304315262
2026-02-24,GEFb.N,16.0196242026038
2026-02-24,CHMG.OQ,20.4215954007774
2026-02-24,NGS.N,25.7361151527046
2026-02-24,CVS.N,54.2457659344196
2026-02-24,NVR.N,17.1608120325606
2026-02-24,NPB.N,8.2985773867337
2026-02-24,MSEX.OQ,23.0957064369531
2026-02-24,MS.N,16.5384890489707
2026-02-24,PBYI.OQ,10.102917571523
2026-02-24,WDFC.OQ,37.1901391439887
2026-02-24,HCA.N,18.5473061633545
2026-02-24,SHAK.N,88.8127173373075
2026-02-24,AAT.N,20.9439463834973
2026-02-24,TFC.N,13.2402657651413
2026-02-24,CENT.OQ,16.2806077875846
2026-02-24,CNP.N,26.669491472617
2026-02-24,HMN.N,10.77802438357
2026-02-24,KFY.N,12.0972493691307
2026-02-24,OC.N,52.5800035709392
2026-02-24,TTMI.OQ,65.7039933495489
2026-02-24,FWONK.OQ,32.0377769705776
2026-02-24,AVGO.OQ,68.36804352164
2026-02-24,PBH.N,18.1904243110168
2026-02-24,MPAA.OQ,114.479200257981
2026-02-24,HWC.OQ,12.1316101319651
2026-02-24,RS.N,23.1907269270148
2026-02-24,FNWD.OQ,19.0749018086345
2026-02-24,IDR.A,56.9771458177422
2026-02-24,CSTM.N,28.4167868873568
2026-02-24,FSTR.OQ,70.4482867590628
2026-02-24,TNK.N,7.3128279603233
2026-02-24,PAYO.OQ,26.8912055600107
2026-02-24,OMCL.OQ,94.677765463249
2026-02-25,FCF.N,13.0854986460794
2026-02-25,GEFb.N,15.8870869618119
2026-02-25,CHMG.OQ,20.9088628124057
2026-02-25,NGS.N,26.0271098809629
2026-02-25,CVS.N,55.7156228975927
2026-02-25,NVR.N,16.6539765332306
2026-02-25,NPB.N,8.62709249842884
2026-02-25,MSEX.OQ,23.1508173370413
2026-02-25,MS.N,17.0225232684264
2026-02-25,PBYI.OQ,10.3591998597192
2026-02-25,WDFC.OQ,37.3299060067848
2026-02-25,HCA.N,19.0422344692026
2026-02-25,SHAK.N,91.5350223546945
2026-02-25,AAT.N,21.4117851858299
2026-02-25,TFC.N,13.229457976785
2026-02-25,CENT.OQ,16.1826302081207
2026-02-25,CNP.N,26.9125078668769
2026-02-25,HMN.N,10.9680459700222
2026-02-25,KFY.N,12.1866479200614
2026-02-25,OC.N,51.2720432831049
2026-02-25,TTMI.OQ,67.034083561686
2026-02-25,FWONK.OQ,32.9297332203253
2026-02-25,AVGO.OQ,69.8005608242226
2026-02-25,PBH.N,18.3464404520766
2026-02-25,MPAA.OQ,115.769106739761
2026-02-25,HWC.OQ,12.3861821193656
2026-02-25,RS.N,23.1636682755595
2026-02-25,FNWD.OQ,19.4522542824191
2026-02-25,IDR.A,58.7905129238386
2026-02-25,CSTM.N,29.8404966142385
2026-02-25,FSTR.OQ,71.0125953681549
2026-02-25,TNK.N,7.40693777558078
2026-02-25,PAYO.OQ,28.0139000267308
2026-02-25,OMCL.OQ,97.5546489966279
2026-02-26,FCF.N,13.0350867085326
2026-02-26,GEFb.N,15.8088682623281
2026-02-26,CHMG.OQ,21.1088606306113
2026-02-26,NGS.N,25.9865059653919
2026-02-26,CVS.N,57.0465381577793
2026-02-26,NVR.N,16.9992603608815
2026-02-26,NPB.N,8.78896950998876
2026-02-26,MSEX.OQ,22.7608017364173
2026-02-26,MS.N,17.3909379779715
2026-02-26,PBYI.OQ,10.2512915278471
2026-02-26,WDFC.OQ,36.7875498109349
2026-02-26,HCA.N,18.5247613864333
2026-02-26,SHAK.N,97.973174366617
2026-02-26,AAT.N,21.8252241274262
2026-02-26,TFC.N,13.4727523394192
2026-02-26,CENT.OQ,16.0234166414919
2026-02-26,CNP.N,26.8003464541416
2026-02-26,HMN.N,11.0288528776869
2026-02-26,KFY.N,12.7860245683472
2026-02-26,TTMI.OQ,66.2335663043813
2026-02-26,FWONK.OQ,32.2718650361222
2026-02-26,AVGO.OQ,67.5719671907327
2026-02-26,PBH.N,18.5659207861098
2026-02-26,MPAA.OQ,111.254434053531
2026-02-26,HWC.OQ,12.5385667597109
2026-02-26,RS.N,23.1168641216908
2026-02-26,FNWD.OQ,19.6861065196941
2026-02-26,IDR.A,62.1294110874446
2026-02-26,CSTM.N,13.4397464316049
2026-02-26,FSTR.OQ,71.5769039772471
2026-02-26,TNK.N,7.626857554393
2026-02-26,PAYO.OQ,22.8281208233093
2026-02-26,OMCL.OQ,98.875185700474
2026-02-27,FCF.N,12.6245895027943
2026-02-27,GEFb.N,15.7893135874572
2026-02-27,CHMG.OQ,20.1888706668655
2026-02-27,NGS.N,25.8917634957264
2026-02-27,CVS.N,58.4286424664346
2026-02-27,NVR.N,17.1905384548087
2026-02-27,NPB.N,8.59852596697709
2026-02-27,MSEX.OQ,22.8922200366276
2026-02-27,MS.N,16.3150886399912
2026-02-27,PBYI.OQ,9.33844490317507
2026-02-27,WDFC.OQ,36.1874638239302
2026-02-27,HCA.N,18.6593255236817
2026-02-27,SHAK.N,87.8560774517071
2026-02-27,AAT.N,21.2377056314736
2026-02-27,TFC.N,12.8998333564419
2026-02-27,CENT.OQ,15.9989222466259
2026-02-27,CNP.N,27.1056747443654
2026-02-27,HMN.N,11.0237856353815
2026-02-27,KFY.N,12.7331981518881
2026-02-27,TTMI.OQ,64.1891683857261
2026-02-27,FWONK.OQ,35.3932183623558
2026-02-27,AVGO.OQ,67.1203671613263
2026-02-27,PBH.N,18.3252857210854
2026-02-27,MPAA.OQ,111.146941846716
2026-02-27,HWC.OQ,11.79815668368
2026-02-27,RS.N,22.5971712728699
2026-02-27,FNWD.OQ,19.8561808740759
2026-02-27,IDR.A,61.9854930631512
2026-02-27,CSTM.N,12.8907625696588
2026-02-27,FSTR.OQ,69.3648142296059
2026-02-27,TNK.N,7.75365814758202
2026-02-27,PAYO.OQ,21.8005651998385
2026-02-27,OMCL.OQ,950.948634891254
2026-03-02,FCF.N,12.8334389583453
2026-03-02,GEFb.N,15.8957779284212
2026-03-02,CHMG.OQ,20.4325043726796
2026-03-02,NGS.N,26.2233621395557
2026-03-02,CVS.N,59.7156813993623
2026-03-02,NVR.N,16.9572089066398
2026-03-02,NPB.N,8.66042011845588
2026-03-02,MSEX.OQ,23.1253815370006
2026-03-02,MS.N,16.3631001313947
2026-03-02,PBYI.OQ,10.5180379435761
2026-03-02,WDFC.OQ,36.4867472149174
2026-03-02,HCA.N,18.7727539325665
2026-03-02,SHAK.N,86.4194141708074
2026-03-02,AAT.N,21.3900252415354
2026-03-02,TFC.N,12.962618998412
2026-03-02,CENT.OQ,15.8846150705847
2026-03-02,CNP.N,27.005975710823
2026-03-02,HMN.N,11.3995940081558
2026-03-02,KFY.N,12.6377042452121
2026-03-02,TTMI.OQ,69.5834231349487
2026-03-02,FWONK.OQ,35.2086383448207
2026-03-02,AVGO.OQ,66.9670331978533
2026-03-02,PBH.N,18.1216714352956
2026-03-02,MPAA.OQ,110.824465226271
2026-03-02,HWC.OQ,11.8013145500153
2026-03-02,RS.N,23.1133466780068
2026-03-02,FNWD.OQ,19.574495224631
2026-03-02,IDR.A,62.1581946923033
2026-03-02,CSTM.N,13.4967164550144
2026-03-02,FSTR.OQ,72.660376506704
2026-03-02,TNK.N,7.74077996233626
2026-03-02,PAYO.OQ,23.1126362535325
2026-03-02,OMCL.OQ,954.419250347061
2026-03-03,FCF.N,12.1207998911713
2026-03-03,GEFb.N,15.641567155099
2026-03-03,CHMG.OQ,20.1961433148002
2026-03-03,NGS.N,26.020342561701
2026-03-03,CVS.N,58.8600930178138
2026-03-03,NVR.N,16.8322436008045
2026-03-03,NPB.N,8.74611971281114
2026-03-03,MSEX.OQ,23.5111578376179
2026-03-03,MS.N,16.2602183641015
2026-03-03,PBYI.OQ,10.1739899734592
2026-03-03,WDFC.OQ,37.0442954610711
2026-03-03,HCA.N,19.085562712348
2026-03-03,SHAK.N,87.9109817809134
2026-03-03,AAT.N,21.2485856036209
2026-03-03,TFC.N,12.8972172880265
2026-03-03,CENT.OQ,15.5457759416054
2026-03-03,CNP.N,27.037131658805
2026-03-03,HMN.N,11.1455283154931
2026-03-03,KFY.N,12.6925624469196
2026-03-03,TTMI.OQ,64.0721697096586
2026-03-03,FWONK.OQ,34.1473032439938
2026-03-03,AVGO.OQ,65.9210015018327
2026-03-03,PBH.N,18.2459554798686
2026-03-03,MPAA.OQ,111.899387294421
2026-03-03,HWC.OQ,11.6425524708672
2026-03-03,RS.N,22.4733178122754
2026-03-03,FNWD.OQ,19.2184020451441
2026-03-03,IDR.A,56.2143802889874
2026-03-03,CSTM.N,13.3775973151582
2026-03-03,FSTR.OQ,71.4640422554287
2026-03-03,TNK.N,7.51788829462118
2026-03-03,PAYO.OQ,23.1631005248284
2026-03-03,OMCL.OQ,944.007403979639
2026-03-04,FCF.N,12.1412052781934
2026-03-04,GEFb.N,15.5676939389199
2026-03-04,CHMG.OQ,20.6797744024611
2026-03-04,NGS.N,26.3925451211012
2026-03-04,CVS.N,58.9185947874923
2026-03-04,NVR.N,16.5811010657654
2026-03-04,NPB.N,8.78420842141347
2026-03-04,MSEX.OQ,23.5069185376111
2026-03-04,MS.N,16.4199300599948
2026-03-04,PBYI.OQ,10.4852714702317
2026-03-04,WDFC.OQ,37.1202557125907
2026-03-04,HCA.N,19.1775031307298
2026-03-04,SHAK.N,89.1280277449877
2026-03-04,AAT.N,21.6511445730699
2026-03-04,TFC.N,12.8475119881335
2026-03-04,CENT.OQ,15.6886599116569
2026-03-04,CNP.N,27.4296966033786
2026-03-04,HMN.N,11.1865894375396
2026-03-04,KFY.N,12.8408827700547
2026-03-04,TTMI.OQ,64.7433726407833
2026-03-04,FWONK.OQ,33.006263135595
2026-03-04,AVGO.OQ,66.6960731802094
2026-03-04,PBH.N,18.2644658694859
2026-03-04,MPAA.OQ,111.361926260346
2026-03-04,HWC.OQ,11.6760689097984
2026-03-04,RS.N,22.4167604516571
2026-03-04,FNWD.OQ,19.0430128671879
2026-03-04,IDR.A,59.7835472914628
2026-03-04,CSTM.N,13.7919247581364
2026-03-04,FSTR.OQ,45.4999782712616
2026-03-04,TNK.N,7.65558581378739
2026-03-04,PAYO.OQ,24.1219216794509
2026-03-04,OMCL.OQ,960.897732531235
2026-02-12,KKR.N,43.0811179277437
2026-02-12,AMP.N,12.8217017935017
2026-02-12,VIRT.N,8.14560237152095
2026-02-12,ANIK.OQ,10.6800857804106
2026-02-12,CLBK.OQ,35.771878072763
2026-02-12,UBER.N,9.12398472930385
2026-02-12,HXL.N,64.5491357164628
2026-02-12,CXDO.OQ,43.4845108890965
2026-02-12,BSRR.OQ,12.8648960217783
2026-02-12,IBTA.N,10.355276536977
2026-02-12,CTVA.N,30.2068133462677
2026-02-12,NVAX.OQ,4.68149696703492
2026-02-12,PM.N,26.0109081998717
2026-02-12,BANC.N,19.697087832833
2026-02-12,FULT.OQ,11.4746975590094
2026-02-12,TRTX.N,13.4684238592214
2026-02-12,BSVN.OQ,9.76959754593044
2026-02-12,AMCR.N,32.5274495314452
2026-02-12,DKS.N,16.0262956036234
2026-02-12,WBS.N,13.3124495987455
2026-02-12,JBL.N,39.0529507814323
2026-02-12,HIG.N,11.5931063952866
2026-02-12,CBAN.N,12.804758934029
2026-02-12,ASLE.OQ,55.2973977695167
2026-02-12,AKAM.OQ,30.6722923147744
2026-02-12,EVCM.OQ,7459.25925925926
2026-02-12,CWST.OQ,427.415992662387
2026-02-12,ZTS.N,21.1695128012873
2026-02-12,DOC.N,161.09242034435
2026-02-12,VRE.N,25.6422553674484
2026-02-12,FINW.OQ,16.4865221738064
2026-02-12,TXNM.N,34.6757264067644
2026-02-12,RSG.N,32.8244773972257
2026-02-13,KKR.N,43.3410020449898
2026-02-13,AMP.N,12.9964808228717
2026-02-13,VIRT.N,8.30812436616422
2026-02-13,ANIK.OQ,10.8393315922458
2026-02-13,CLBK.OQ,36.204523107178
2026-02-13,UBER.N,8.96640959286684
2026-02-13,HXL.N,65.1587059694344
2026-02-13,CXDO.OQ,45.2095162797384
2026-02-13,BSRR.OQ,12.9412867673867
2026-02-13,IBTA.N,10.8459760113721
2026-02-13,CTVA.N,43.3962809797854
2026-02-13,NVAX.OQ,4.83717620109309
2026-02-13,PM.N,25.8126774096742
2026-02-13,BANC.N,19.4924174496121
2026-02-13,FULT.OQ,11.5322804390956
2026-02-13,TRTX.N,13.4836596328179
2026-02-13,BSVN.OQ,9.7629288786636
2026-02-13,AMCR.N,32.7563318663066
2026-02-13,DKS.N,16.1814769728537
2026-02-13,WBS.N,13.2472655282424
2026-02-13,JBL.N,39.5894564963844
2026-02-13,HIG.N,11.540815267702
2026-02-13,CBAN.N,12.8299651524031
2026-02-13,ASLE.OQ,56.0718711276332
2026-02-13,AKAM.OQ,32.7687160797169
2026-02-13,EVCM.OQ,7592.59259259259
2026-02-13,CWST.OQ,432.418911031435
2026-02-13,ZTS.N,21.0312887123504
2026-02-13,DOC.N,165.248367306551
2026-02-13,VRE.N,26.5854555337074
2026-02-13,FINW.OQ,16.3733423877162
2026-02-13,TXNM.N,34.6640313894265
2026-02-13,RSG.N,33.1662906720643
2026-02-17,KKR.N,43.6903544648944
2026-02-17,AMP.N,12.8623097940461
2026-02-17,VIRT.N,8.46847940087892
2026-02-17,ANIK.OQ,11.062275728815
2026-02-17,CLBK.OQ,36.1455260570305
2026-02-17,UBER.N,14.8949874871968
2026-02-17,HXL.N,64.5709060826403
2026-02-17,CXDO.OQ,43.3407604398764
2026-02-17,BSRR.OQ,13.1982374571604
2026-02-17,IBTA.N,10.2085725704053
2026-02-17,CTVA.N,43.6970415570144
2026-02-17,NVAX.OQ,4.80937633786842
2026-02-17,PM.N,25.2813087637282
2026-02-17,BANC.N,19.5898795368602
2026-02-17,FULT.OQ,11.5793937046208
2026-02-17,TRTX.N,13.4227165384322
2026-02-17,BSVN.OQ,9.80960954953152
2026-02-17,AMCR.N,32.4097386163736
2026-02-17,DKS.N,16.5754607600188
2026-02-17,WBS.N,13.4223313175936
2026-02-17,JBL.N,40.0279916025193
2026-02-17,HIG.N,11.7271024097222
2026-02-17,CBAN.N,12.9370915804929
2026-02-17,ASLE.OQ,57.001239157373
2026-02-17,AKAM.OQ,31.7894076356738
2026-02-17,EVCM.OQ,7266.66666666667
2026-02-17,CWST.OQ,433.085966813975
2026-02-17,ZTS.N,20.8502851221691
2026-02-17,DOC.N,170.393825450228
2026-02-17,VRE.N,26.9211708471216
2026-02-17,FINW.OQ,16.1847094108992
2026-02-17,TXNM.N,34.6932689327712
2026-02-17,RSG.N,32.8720340267684
2026-02-18,KKR.N,44.1376959781868
2026-02-18,AMP.N,13.109524716279
2026-02-18,VIRT.N,8.52915427887908
2026-02-18,ANIK.OQ,11.1684396033718
2026-02-18,CLBK.OQ,35.771878072763
2026-02-18,UBER.N,15.3680453628713
2026-02-18,HXL.N,63.7654025340706
2026-02-18,CXDO.OQ,44.5626392582477
2026-02-18,BSRR.OQ,12.8579514085412
2026-02-18,IBTA.N,10.5677443506326
2026-02-18,CTVA.N,44.2985627114723
2026-02-18,NVAX.OQ,4.83161622844816
2026-02-18,PM.N,25.1464016981771
2026-02-18,BANC.N,19.4729250321625
2026-02-18,FULT.OQ,11.5165760172539
2026-02-18,TRTX.N,14.8566204265344
2026-02-18,BSVN.OQ,9.7584831004857
2026-02-18,AMCR.N,32.4293571022189
2026-02-18,DKS.N,16.3069085459104
2026-02-18,WBS.N,13.4968273981685
2026-02-18,JBL.N,40.5162895575772
2026-02-18,HIG.N,11.5416323165705
2026-02-18,CBAN.N,12.7165371697198
2026-02-18,ASLE.OQ,57.2335811648079
2026-02-18,AKAM.OQ,32.050361083338
2026-02-18,EVCM.OQ,7266.66666666667
2026-02-18,CWST.OQ,426.665554907029
2026-02-18,ZTS.N,21.4431133945978
2026-02-18,DOC.N,169.404314268751
2026-02-18,VRE.N,26.7772928556584
2026-02-18,FINW.OQ,16.2224360062626
2026-02-18,TXNM.N,34.6464888634197
2026-02-18,RSG.N,32.2255610939214
2026-02-19,KKR.N,43.3026584867075
2026-02-19,AMP.N,12.9624579034967
2026-02-19,VIRT.N,8.53132123880765
2026-02-19,ANIK.OQ,11.3595345775739
2026-02-19,CLBK.OQ,35.732546705998
2026-02-19,UBER.N,15.4039470766502
2026-02-19,HXL.N,63.2719409007126
2026-02-19,CXDO.OQ,43.0532595414361
2026-02-19,BSRR.OQ,12.875312941634
2026-02-19,IBTA.N,10.906681100988
2026-02-19,CTVA.N,44.5472685734116
2026-02-19,NVAX.OQ,5.12907476495216
2026-02-19,PM.N,25.2606597230826
2026-02-19,BANC.N,19.3072394838408
2026-02-19,FULT.OQ,11.5165760172539
2026-02-19,TRTX.N,14.8390386272131
2026-02-19,BSVN.OQ,9.71624820779567
2026-02-19,AMCR.N,32.3901201305283
2026-02-19,DKS.N,16.3012802060937
2026-02-19,WBS.N,13.4465425437804
2026-02-19,JBL.N,40.8117564730581
2026-02-19,HIG.N,11.464012674062
2026-02-19,CBAN.N,12.6787278421587
2026-02-19,ASLE.OQ,58.0080545229244
2026-02-19,AKAM.OQ,32.1324587972099
2026-02-19,EVCM.OQ,7303.70370370371
2026-02-19,CWST.OQ,422.246310347703
2026-02-19,ZTS.N,21.1359054663084
2026-02-19,DOC.N,168.810607559865
2026-02-19,VRE.N,26.9371572906176
2026-02-19,FINW.OQ,16.2412993039443
2026-02-19,TXNM.N,34.4067410079936
2026-02-19,RSG.N,32.3453006421483
2026-02-20,KKR.N,43.1066802999318
2026-02-20,AMP.N,12.9681499663486
2026-02-20,VIRT.N,8.62883443559362
2026-02-20,ANIK.OQ,11.2852198653842
2026-02-20,CLBK.OQ,36.2635201573255
2026-02-20,UBER.N,15.5982387041593
2026-02-20,HXL.N,65.2675578003222
2026-02-20,CXDO.OQ,42.3345072953353
2026-02-20,BSRR.OQ,13.0350390460879
2026-02-20,ICUI.OQ,6362.64181523503
2026-02-20,IBTA.N,11.2102065490674
2026-02-20,CTVA.N,44.136614708349
2026-02-20,NVAX.OQ,5.11517483333982
2026-02-20,PM.N,25.2468936959855
2026-02-20,BANC.N,19.5606409106857
2026-02-20,FULT.OQ,11.7207335011962
2026-02-20,TRTX.N,14.9093658244985
2026-02-20,BSVN.OQ,9.70513376235092
2026-02-20,AMCR.N,33.0179116775767
2026-02-20,DKS.N,16.5818931483807
2026-02-20,WBS.N,13.6122963230597
2026-02-20,JBL.N,42.1569084830106
2026-02-20,HIG.N,11.6176178613419
2026-02-20,CBAN.N,12.7858542702485
2026-02-20,ASLE.OQ,58.7050805452292
2026-02-20,AKAM.OQ,27.6112204118373
2026-02-20,EVCM.OQ,7644.44444444445
2026-02-20,CWST.OQ,397.982156257817
2026-02-20,ZTS.N,21.3849929757322
2026-02-20,DOC.N,168.117949732832
2026-02-20,VRE.N,26.8092657426502
2026-02-20,FINW.OQ,16.1658461132175
2026-02-20,TXNM.N,34.5295386900411
2026-02-20,RSG.N,32.0344424985406
2026-02-23,KKR.N,39.2765848670757
2026-02-23,AMP.N,12.4757512173879
2026-02-23,VIRT.N,7.7930229248981
2026-02-23,ANIK.OQ,11.5930951015988
2026-02-23,CLBK.OQ,35.6735496558505
2026-02-23,UBER.N,14.9351129320085
2026-02-23,HXL.N,65.9714663067299
2026-02-23,CXDO.OQ,40.2501257816431
2026-02-23,BSRR.OQ,12.5315545863962
2026-02-23,ICUI.OQ,6141.41004862239
2026-02-23,IBTA.N,10.5323330483567
2026-02-23,CTVA.N,44.2233725671651
2026-02-23,NVAX.OQ,5.20413439565877
2026-02-23,PM.N,25.7727559310928
2026-02-23,BANC.N,18.5762738294803
2026-02-23,FULT.OQ,11.1292002784917
2026-02-23,TRTX.N,14.6632206339997
2026-02-23,BSVN.OQ,9.29167639180643
2026-02-23,AMCR.N,33.0767671351125
2026-02-23,DKS.N,16.9927619549958
2026-02-23,WBS.N,13.5545618606141
2026-02-23,JBL.N,40.6313661457118
2026-02-23,HIG.N,10.532729478827
2026-02-23,CBAN.N,12.6850293967522
2026-02-23,ASLE.OQ,59.0148698884758
2026-02-23,AKAM.OQ,32.1099127630034
2026-02-23,EVCM.OQ,7451.85185185186
2026-02-23,CWST.OQ,750.627479556311
2026-02-23,ZTS.N,20.8884785402808
2026-02-23,DOC.N,171.185434395409
2026-02-23,VRE.N,30.070500215817
2026-02-23,FINW.OQ,15.5150623431988
2026-02-23,TXNM.N,34.4242835340003
2026-02-23,RSG.N,32.2810858143608
2026-02-24,KKR.N,40.7805044308112
2026-02-24,AMP.N,12.8183133844482
2026-02-24,VIRT.N,7.96260596503471
2026-02-24,ANIK.OQ,11.5187803894091
2026-02-24,CLBK.OQ,35.3588987217306
2026-02-24,UBER.N,15.0744960560911
2026-02-24,HXL.N,67.0744981930596
2026-02-24,CXDO.OQ,40.8251275785237
2026-02-24,BSRR.OQ,12.5107207466848
2026-02-24,ICUI.OQ,6177.87682333875
2026-02-24,IBTA.N,10.3957465967209
2026-02-24,CTVA.N,45.0967350125799
2026-02-24,NVAX.OQ,5.25973412210812
2026-02-24,PM.N,25.7424706714793
2026-02-24,BANC.N,18.7127207516276
2026-02-24,FULT.OQ,11.0820870129666
2026-02-24,TRTX.N,14.6983842326424
2026-02-24,BSVN.OQ,9.36503173174175
2026-02-24,AMCR.N,32.8151873238423
2026-02-24,DKS.N,17.0852275376978
2026-02-24,WBS.N,13.4875153880966
2026-02-24,JBL.N,41.4058004820776
2026-02-24,HIG.N,10.532729478827
2026-02-24,CBAN.N,12.6535216237846
2026-02-24,ASLE.OQ,58.7825278810409
2026-02-24,AKAM.OQ,32.5569901773028
2026-02-24,EVCM.OQ,7592.59259259259
2026-02-24,CWST.OQ,743.826410816938
2026-02-24,ZTS.N,21.3650659749783
2026-02-24,DOC.N,170.690678804671
2026-02-24,VRE.N,24.6530505367897
2026-02-24,FINW.OQ,15.5810838850848
2026-02-24,TXNM.N,34.5587762333858
2026-02-24,RSG.N,32.215411558669
2026-02-25,KKR.N,41.168200408998
2026-02-25,AMP.N,13.1485037236453
2026-02-25,VIRT.N,7.94311366157073
2026-02-25,ANIK.OQ,11.6143278765102
2026-02-25,CLBK.OQ,35.771878072763
2026-02-25,UBER.N,15.3807165559697
2026-02-25,HXL.N,67.2994586435611
2026-02-25,CXDO.OQ,41.9751311722849
2026-02-25,BSRR.OQ,12.8996190879639
2026-02-25,ICUI.OQ,6285.25121555918
2026-02-25,IBTA.N,10.370452809381
2026-02-25,CTVA.N,44.9232192949478
2026-02-25,NVAX.OQ,5.29865393062266
2026-02-25,PM.N,26.1279194301966
2026-02-25,BANC.N,19.1220615180695
2026-02-25,FULT.OQ,11.11349585665
2026-02-25,TRTX.N,14.8742022258558
2026-02-25,BSVN.OQ,9.44505573894391
2026-02-25,AMCR.N,31.9258159655238
2026-02-25,DKS.N,17.2677465574662
2026-02-25,WBS.N,13.7501140721234
2026-02-25,JBL.N,43.1646061737034
2026-02-25,HIG.N,10.5717007277881
2026-02-25,CBAN.N,12.9244884713059
2026-02-25,ASLE.OQ,59.4795539033457
2026-02-25,AKAM.OQ,32.5277269283668
2026-02-25,EVCM.OQ,7911.11111111111
2026-02-25,CWST.OQ,721.318111893774
2026-02-25,ZTS.N,21.4132228934669
2026-02-25,DOC.N,173.263407876509
2026-02-25,VRE.N,24.6923278345116
2026-02-25,FINW.OQ,16.137551166695
2026-02-25,TXNM.N,34.7575915281294
2026-02-25,RSG.N,32.3394629305312
2026-02-26,KKR.N,39.8858214042263
2026-02-26,AMP.N,13.388517184194
2026-02-26,VIRT.N,8.1360874658641
2026-02-26,ANIK.OQ,13.5783595558103
2026-02-26,CLBK.OQ,35.811209439528
2026-02-26,UBER.N,15.7967540627013
2026-02-26,HXL.N,68.0686782485015
2026-02-26,CXDO.OQ,42.7657586429958
2026-02-26,BSRR.OQ,12.9447590740053
2026-02-26,ICUI.OQ,6111.02106969208
2026-02-26,IBTA.N,13.3298259281555
2026-02-26,CTVA.N,45.5883628792042
2026-02-26,NVAX.OQ,6.2216093896818
2026-02-26,PM.N,25.8113008069645
2026-02-26,BANC.N,19.2780008576664
2026-02-26,FULT.OQ,11.3281229551534
2026-02-26,TRTX.N,15.0676020183906
2026-02-26,BSVN.OQ,9.5539773043024
2026-02-26,AMCR.N,31.546525239182
2026-02-26,DKS.N,17.0088429259005
2026-02-26,WBS.N,13.6476819613328
2026-02-26,JBL.N,42.2844257833761
2026-02-26,HIG.N,10.5724501748835
2026-02-26,CBAN.N,12.9685993534605
2026-02-26,ASLE.OQ,59.634448574969
2026-02-26,AKAM.OQ,32.4822063189109
2026-02-26,EVCM.OQ,8518.51851851852
2026-02-26,CWST.OQ,745.931503521982
2026-02-26,ZTS.N,21.5477301485558
2026-02-26,DOC.N,173.263407876509
2026-02-26,VRE.N,24.6530505367897
2026-02-26,FINW.OQ,16.1281195178541
2026-02-26,TXNM.N,34.5880137767304
2026-02-26,RSG.N,32.7772913018097
2026-02-27,KKR.N,37.3551465576006
2026-02-27,AMP.N,12.924986033581
2026-02-27,VIRT.N,8.07176286443298
2026-02-27,ANIK.OQ,15.2451323863516
2026-02-27,CLBK.OQ,35.2015732546706
2026-02-27,UBER.N,15.9276897247183
2026-02-27,HXL.N,67.2631746999318
2026-02-27,CXDO.OQ,41.9751311722849
2026-02-27,BSRR.OQ,12.493359213592
2026-02-27,ICUI.OQ,6101.29659643438
2026-02-27,IBTA.N,221.97528669215
2026-02-27,CTVA.N,46.3402643222765
2026-02-27,NVAX.OQ,4.19988816865823
2026-02-27,PM.N,25.7190684254143
2026-02-27,FRSH.OQ,12.4950067907646
2026-02-27,BANC.N,18.0012475147168
2026-02-27,FULT.OQ,10.7051808887656
2026-02-27,TRTX.N,14.8742022258558
2026-02-27,BSVN.OQ,9.04271281384415
2026-02-27,AMCR.N,31.6707756495354
2026-02-27,DKS.N,16.3728405266196
2026-02-27,WBS.N,13.4335057296798
2026-02-27,JBL.N,41.208304175414
2026-02-27,HIG.N,10.5544634445937
2026-02-27,CBAN.N,12.4959827589466
2026-02-27,ASLE.OQ,60.4089219330855
2026-02-27,AKAM.OQ,31.9912340312076
2026-02-27,EVCM.OQ,8503.70370370371
2026-02-27,CWST.OQ,754.270909238118
2026-02-27,ZTS.N,21.7702483236411
2026-02-27,DOC.N,174.945576885019
2026-02-27,VRE.N,24.6792354019377
2026-02-27,FINW.OQ,15.882896647992
2026-02-27,TXNM.N,34.5119961640343
2026-02-27,RSG.N,33.420899007589
2026-03-02,KKR.N,38.7025401612001
2026-03-02,AMP.N,13.0682243072876
2026-03-02,VIRT.N,8.32906127015748
2026-03-02,ANIK.OQ,15.2026668365289
2026-03-02,CLBK.OQ,35.9488692232055
2026-03-02,UBER.N,16.0396185970877
2026-03-02,HXL.N,68.7435596000058
2026-03-02,CXDO.OQ,46.0720189750593
2026-03-02,BSRR.OQ,11.5844472224893
2026-03-02,ICUI.OQ,5955.83468395464
2026-03-02,IBTA.N,221.708596319673
2026-03-02,CTVA.N,46.5716186124527
2026-03-02,NVAX.OQ,4.18746246401723
2026-03-02,PM.N,25.3047110097931
2026-03-02,FRSH.OQ,12.9104417991532
2026-03-02,BANC.N,15.6569677358604
2026-03-02,FULT.OQ,10.0404694844707
2026-03-02,TRTX.N,14.9972748211052
2026-03-02,BSVN.OQ,9.20276082824847
2026-03-02,AMCR.N,31.4876697816463
2026-03-02,DKS.N,16.4058065169743
2026-03-02,WBS.N,12.0851035019719
2026-03-02,JBL.N,40.6158152554234
2026-03-02,HIG.N,10.6316564954205
2026-03-02,CBAN.N,12.60941074163
2026-03-02,ASLE.OQ,60.0216852540272
2026-03-02,AKAM.OQ,31.747373623408
2026-03-02,EVCM.OQ,8362.96296296296
2026-03-02,CWST.OQ,744.231236337139
2026-03-02,ZTS.N,21.4148834768631
2026-03-02,DOC.N,174.450821294281
2026-03-02,VRE.N,24.6792354019377
2026-03-02,FINW.OQ,15.8546017014695
2026-03-02,TXNM.N,40.9161909237936
2026-03-02,RSG.N,33.6208406304728
2026-03-03,KKR.N,38.676912168598
2026-03-03,AMP.N,12.8029173319961
2026-03-03,VIRT.N,8.11659516240013
2026-03-03,ANIK.OQ,15.2875979361743
2026-03-03,CLBK.OQ,36.204523107178
2026-03-03,UBER.N,16.1262050832603
2026-03-03,HXL.N,66.711658756767
2026-03-03,CXDO.OQ,46.6470207719399
2026-03-03,BSRR.OQ,11.4049427829599
2026-03-03,ICUI.OQ,5780.38897893033
2026-03-03,IBTA.N,228.020268468308
2026-03-03,CTVA.N,45.6519853090026
2026-03-03,NVAX.OQ,3.93066456810322
2026-03-03,PM.N,24.4938920137771
2026-03-03,FRSH.OQ,13.2619637293281
2026-03-03,BANC.N,15.4258369929034
2026-03-03,FULT.OQ,9.96837420334714
2026-03-03,TRTX.N,14.8214568278918
2026-03-03,BSVN.OQ,9.07161037200049
2026-03-03,AMCR.N,30.8467992440343
2026-03-03,DKS.N,16.1983619923036
2026-03-03,WBS.N,11.6399519304006
2026-03-03,JBL.N,39.5365834694036
2026-03-03,HIG.N,10.5731996219789
2026-03-03,CBAN.N,12.5148874227272
2026-03-03,ASLE.OQ,58.7825278810409
2026-03-03,AKAM.OQ,33.1910272375818
2026-03-03,EVCM.OQ,8600.0
2026-03-03,CWST.OQ,741.964213424014
2026-03-03,ZTS.N,20.911726707827
2026-03-03,DOC.N,173.065505640214
2026-03-03,VRE.N,24.6530505367897
2026-03-03,FINW.OQ,15.7602852130609
2026-03-03,TXNM.N,40.7295799178912
2026-03-03,RSG.N,33.8981319322825
2026-03-04,KKR.N,40.0779090975102
2026-03-04,AMP.N,12.891719563104
2026-03-04,VIRT.N,8.00353980230906
2026-03-04,CLBK.OQ,36.1061946902655
2026-03-04,UBER.N,16.187449183236
2026-03-04,HXL.N,66.4866983062655
2026-03-04,CXDO.OQ,40.371895669537
2026-03-04,BSRR.OQ,11.3760938551784
2026-03-04,ICUI.OQ,5772.28525121558
2026-03-04,IBTA.N,213.174504400391
2026-03-04,CTVA.N,45.1140865843431
2026-03-04,NVAX.OQ,4.09634062998322
2026-03-04,PM.N,24.6466949145543
2026-03-04,FRSH.OQ,13.533594311736
2026-03-04,BANC.N,15.6484073379731
2026-03-04,FULT.OQ,10.1414028780436
2026-03-04,TRTX.N,15.1379292156759
2026-03-04,BSVN.OQ,9.29612216998433
2026-03-04,AMCR.N,30.0032043526881
2026-03-04,DKS.N,16.1067004581469
2026-03-04,WBS.N,11.8650666034766
2026-03-04,JBL.N,39.6827618381152
2026-03-04,HIG.N,10.6548893553781
2026-03-04,CBAN.N,12.6031091870364
2026-03-04,ASLE.OQ,58.6276332094176
2026-03-04,AKAM.OQ,33.4836597269414
2026-03-04,EVCM.OQ,9140.74074074074
2026-03-04,CWST.OQ,757.428548295685
2026-03-04,ZTS.N,20.9167084580155
2026-03-04,DOC.N,174.648723530576
2026-03-04,VRE.N,24.7054202670856
2026-03-04,FINW.OQ,15.7885801595835
2026-03-04,TXNM.N,40.7779605490511
2026-03-04,RSG.N,33.7959719789842
2026-02-12,META.OQ,22.2304860184095
2026-02-12,SMP.N,14.3892995877277
2026-02-12,NVST.N,344.056445826357
2026-02-12,CURB.N,67.0456047587574
2026-02-12,SEI.N,56.0913677924173
2026-02-12,HUT.OQ,31.3986151836976
2026-02-12,TG.N,129.59242250287
2026-02-12,CNMD.N,20.2372915928065
2026-02-12,USNA.N,23.5473868691862
2026-02-12,IIIN.N,15.1491456227571
2026-02-12,SARO.N,54.6533644043111
2026-02-12,QTWO.N,68.0294167239523
2026-02-12,UMBF.OQ,14.6005313194357
2026-02-12,FEIM.OQ,20.551371544749
2026-02-12,RBCAA.OQ,10.8914532387981
2026-02-12,CMT.A,21.4048190437244
2026-02-12,TZOO.OQ,8.2603564995963
2026-02-12,MSA.N,28.6088207243492
2026-02-12,GTM.OQ,19.8932710221352
2026-02-12,PSA.N,30.3798599515161
2026-02-12,BCPC.OQ,38.9209541812313
2026-02-12,TPB.N,39.8505104371119
2026-02-12,FHB.OQ,12.7373919835962
2026-02-12,VRTX.OQ,32.6735205504092
2026-02-12,CVLT.OQ,45.2613023641643
2026-02-12,UMH.N,210.263814148838
2026-02-12,GGG.N,32.2158475453697
2026-02-12,ARW.N,14.4211925929701
2026-02-12,RES.N,25.44287780188
2026-02-12,MBC.N,18.1587042501099
2026-02-13,META.OQ,21.8870101106444
2026-02-13,SMP.N,14.276656893572
2026-02-13,NVST.N,105.356948030694
2026-02-13,CURB.N,69.2663582286847
2026-02-13,SEI.N,61.7146718104642
2026-02-13,HUT.OQ,33.1850774955031
2026-02-13,TG.N,124.712973593571
2026-02-13,CNMD.N,20.3004268917521
2026-02-13,USNA.N,23.4799802273851
2026-02-13,IIIN.N,15.4660389161426
2026-02-13,SARO.N,55.6546752111856
2026-02-13,QTWO.N,69.0411029974448
2026-02-13,UMBF.OQ,14.575629258111
2026-02-13,FEIM.OQ,21.4417168059552
2026-02-13,RBCAA.OQ,10.8974822746346
2026-02-13,CMT.A,20.6192223669059
2026-02-13,TZOO.OQ,8.33799142910378
2026-02-13,MSA.N,28.4825302258405
2026-02-13,GTM.OQ,16.4929204916757
2026-02-13,PSA.N,33.3193924743768
2026-02-13,BCPC.OQ,39.6500984618893
2026-02-13,TPB.N,40.6652347270056
2026-02-13,FHB.OQ,12.8399160279256
2026-02-13,VRTX.OQ,34.5319666786582
2026-02-13,CVLT.OQ,45.4323931978432
2026-02-13,UMH.N,211.182569891062
2026-02-13,GGG.N,32.3491120823096
2026-02-13,ARW.N,14.4721541447957
2026-02-13,RES.N,26.3015184381779
2026-02-13,MBC.N,18.5039864398267
2026-02-17,META.OQ,21.8705889517074
2026-02-17,SMP.N,14.2315998159097
2026-02-17,NVST.N,102.083863694221
2026-02-17,CURB.N,71.566424322538
2026-02-17,SEI.N,57.2574405248417
2026-02-17,HUT.OQ,32.6121775127517
2026-02-17,TG.N,125.430539609644
2026-02-17,CNMD.N,20.6646690010539
2026-02-17,USNA.N,23.2103536601807
2026-02-17,IIIN.N,15.3549204885918
2026-02-17,SARO.N,56.5103408097874
2026-02-17,QTWO.N,68.2110014397074
2026-02-17,UMBF.OQ,14.4624380702714
2026-02-17,FEIM.OQ,21.395822720326
2026-02-17,RBCAA.OQ,10.9849032942652
2026-02-17,CMT.A,20.4470367939046
2026-02-17,TZOO.OQ,8.57089621762624
2026-02-17,MSA.N,28.5107391296989
2026-02-17,GTM.OQ,16.830039935688
2026-02-17,PSA.N,33.5024355826928
2026-02-17,BCPC.OQ,39.3628265798857
2026-02-17,TPB.N,40.9275512597366
2026-02-17,FHB.OQ,12.8887370014158
2026-02-17,VRTX.OQ,31.1301810535817
2026-02-17,CVLT.OQ,45.8730817088345
2026-02-17,UMH.N,211.182569891062
2026-02-17,GGG.N,32.2226816241872
2026-02-17,ARW.N,14.1571190971466
2026-02-17,RES.N,26.0303687635575
2026-02-17,MBC.N,58.0254330629819
2026-02-18,META.OQ,22.0050371905039
2026-02-18,SMP.N,14.2702201681916
2026-02-18,NVST.N,103.647670654981
2026-02-18,CURB.N,70.482485128883
2026-02-18,SEI.N,55.3612101001515
2026-02-18,HUT.OQ,33.0279920163615
2026-02-18,TG.N,125.0
2026-02-18,CNMD.N,29.2299861848324
2026-02-18,USNA.N,21.3454365703501
2026-02-18,IIIN.N,15.2520330556744
2026-02-18,SARO.N,56.9108651325371
2026-02-18,QTWO.N,67.8737726818766
2026-02-18,UMBF.OQ,14.4726252771769
2026-02-18,FEIM.OQ,21.9098364793729
2026-02-18,RBCAA.OQ,10.8447282110645
2026-02-18,CMT.A,20.9313087179708
2026-02-18,TZOO.OQ,8.80380100614869
2026-02-18,MSA.N,28.1792845093625
2026-02-18,GTM.OQ,17.1152948498522
2026-02-18,PSA.N,33.1696299312091
2026-02-18,BCPC.OQ,38.924243553926
2026-02-18,TPB.N,40.9244651828809
2026-02-18,FHB.OQ,12.9131474881609
2026-02-18,VRTX.OQ,30.6729980962667
2026-02-18,CVLT.OQ,47.2781003732891
2026-02-18,UMH.N,209.870061687886
2026-02-18,GGG.N,30.2849547768016
2026-02-18,ARW.N,14.179356865216
2026-02-18,RES.N,26.9342010122921
2026-02-18,MBC.N,60.2282967858215
2026-02-19,META.OQ,22.0584059570491
2026-02-19,SMP.N,14.218726365149
2026-02-19,NVST.N,104.44775793723
2026-02-19,CURB.N,70.6675479180436
2026-02-19,SEI.N,54.4675842678262
2026-02-19,HUT.OQ,33.7949387674642
2026-02-19,TG.N,125.574052812859
2026-02-19,CNMD.N,29.4613406661687
2026-02-19,USNA.N,36.6957732897627
2026-02-19,IIIN.N,15.379613472492
2026-02-19,SARO.N,57.2385668511506
2026-02-19,QTWO.N,67.0566414609788
2026-02-19,UMBF.OQ,14.2756726103359
2026-02-19,FEIM.OQ,23.1581556084867
2026-02-19,RBCAA.OQ,10.8025249602084
2026-02-19,CMT.A,20.952831914596
2026-02-19,TZOO.OQ,7.84112788025589
2026-02-19,MSA.N,27.9268148198297
2026-02-19,GTM.OQ,16.6744463461439
2026-02-19,PSA.N,33.1141623226285
2026-02-19,BCPC.OQ,38.3760147714763
2026-02-19,TPB.N,40.8257107234999
2026-02-19,FHB.OQ,12.8057413464824
2026-02-19,VRTX.OQ,30.6051706675067
2026-02-19,CVLT.OQ,47.8743260058067
2026-02-19,UMH.N,211.576322352015
2026-02-19,GGG.N,30.155282523422
2026-02-19,ARW.N,14.2581156271282
2026-02-19,RES.N,27.6120751988431
2026-02-19,MBC.N,57.9253028937619
2026-02-20,META.OQ,22.4306188929539
2026-02-20,SMP.N,14.3699894115867
2026-02-20,NVST.N,105.902462086773
2026-02-20,CURB.N,72.0423000660939
2026-02-20,SEI.N,53.6611414435327
2026-02-20,HUT.OQ,33.1542764211616
2026-02-20,TG.N,126.291618828932
2026-02-20,CNMD.N,29.838117964345
2026-02-20,USNA.N,38.6957375761147
2026-02-20,IIIN.N,15.6718137819774
2026-02-20,SARO.N,58.1852607049228
2026-02-20,QTWO.N,65.8633704717311
2026-02-20,UMBF.OQ,14.3583021774589
2026-02-20,FEIM.OQ,22.2723997558435
2026-02-20,RBCAA.OQ,10.8341773983505
2026-02-20,CMT.A,20.6622687601563
2026-02-20,TZOO.OQ,13.7737533477873
2026-02-20,MSA.N,27.7942329716952
2026-02-20,GTM.OQ,16.7263108759919
2026-02-20,PSA.N,33.8352412341765
2026-02-20,BCPC.OQ,37.5646361734508
2026-02-20,TPB.N,41.8225135478774
2026-02-20,FHB.OQ,12.8838549040668
2026-02-20,VRTX.OQ,31.1027892073517
2026-02-20,CVLT.OQ,47.1795935296557
2026-02-20,UMH.N,212.36382727392
2026-02-20,GGG.N,30.1779751677635
2026-02-20,ARW.N,14.5499863330384
2026-02-20,RES.N,27.5668835864064
2026-02-20,MBC.N,57.6749774707119
2026-02-23,META.OQ,21.8007990262253
2026-02-23,SMP.N,14.0545898679506
2026-02-23,NVST.N,105.393315634433
2026-02-23,CURB.N,73.4170522141441
2026-02-23,SEI.N,55.2195377120999
2026-02-23,HUT.OQ,33.2836409333958
2026-02-23,TG.N,126.004592422503
2026-02-23,CNMD.N,29.9967610372613
2026-02-23,USNA.N,38.963589935894
2026-02-23,IIIN.N,15.1162216442235
2026-02-23,SARO.N,57.1839498980484
2026-02-23,QTWO.N,61.4275152725716
2026-02-23,UMBF.OQ,13.5886021001493
2026-02-23,FEIM.OQ,21.0240806267296
2026-02-23,RBCAA.OQ,10.4679134712777
2026-02-23,CMT.A,20.7591231449695
2026-02-23,TZOO.OQ,13.7482463971432
2026-02-23,MSA.N,27.4754723580951
2026-02-23,GTM.OQ,15.6371557491831
2026-02-23,PSA.N,33.8640843906384
2026-02-23,BCPC.OQ,36.9796578202883
2026-02-23,TPB.N,41.8873211618462
2026-02-23,FHB.OQ,12.2247717619489
2026-02-23,VRTX.OQ,31.3708379883167
2026-02-23,CVLT.OQ,44.0844048112816
2026-02-23,UMH.N,212.626328914556
2026-02-23,GGG.N,30.1066554284047
2026-02-23,ARW.N,14.7936752081316
2026-02-23,RES.N,26.8438177874187
2026-02-23,MBC.N,54.9213978171623
2026-02-24,META.OQ,21.8709310591853
2026-02-24,SMP.N,14.2219447278392
2026-02-24,NVST.N,107.029857802669
2026-02-24,CURB.N,73.0469266358229
2026-02-24,SEI.N,58.2600451172067
2026-02-24,HUT.OQ,36.4623118054358
2026-02-24,TG.N,126.578645235362
2026-02-24,CNMD.N,30.4462497438576
2026-02-24,USNA.N,38.6778807521294
2026-02-24,IIIN.N,15.3713824778586
2026-02-24,SARO.N,57.9667928925138
2026-02-24,QTWO.N,61.3496932515337
2026-02-24,UMBF.OQ,13.5387979774999
2026-02-24,FEIM.OQ,23.6905270017853
2026-02-24,RBCAA.OQ,10.4211884435441
2026-02-24,CMT.A,20.6622687601563
2026-02-24,TZOO.OQ,14.1053437061599
2026-02-24,MSA.N,27.6884495822261
2026-02-24,GTM.OQ,15.5334266894871
2026-02-24,PSA.N,33.736508890903
2026-02-24,BCPC.OQ,37.5858817189815
2026-02-24,TPB.N,42.2545643076695
2026-02-24,FHB.OQ,12.239418053996
2026-02-24,VRTX.OQ,31.7895419235467
2026-02-24,CVLT.OQ,45.8782662795521
2026-02-24,UMH.N,212.495078094238
2026-02-24,GGG.N,30.3044056148086
2026-02-24,ARW.N,14.5379408753342
2026-02-24,RES.N,27.1601590744758
2026-02-24,MBC.N,54.2204866326224
2026-02-25,META.OQ,22.3632237198167
2026-02-25,SMP.N,13.8711431946112
2026-02-25,NVST.N,107.611739462487
2026-02-25,CURB.N,74.3688037012558
2026-02-25,SEI.N,60.1780712939048
2026-02-25,HUT.OQ,34.0659882216692
2026-02-25,TG.N,129.448909299656
2026-02-25,CNMD.N,30.3933687195521
2026-02-25,USNA.N,37.963607792718
2026-02-25,IIIN.N,15.56892634906
2026-02-25,SARO.N,56.1280221380717
2026-02-25,QTWO.N,61.2199898831373
2026-02-25,UMBF.OQ,13.7980057976526
2026-02-25,FEIM.OQ,24.7139651113161
2026-02-25,RBCAA.OQ,10.6940023151498
2026-02-25,CMT.A,20.899023923033
2026-02-25,TZOO.OQ,16.2479275602602
2026-02-25,MSA.N,27.5953601994934
2026-02-25,GTM.OQ,15.8964783984233
2026-02-25,PSA.N,33.2084572572155
2026-02-25,BCPC.OQ,37.8090057928061
2026-02-25,TPB.N,44.1247268821983
2026-02-25,FHB.OQ,12.4884050187961
2026-02-25,VRTX.OQ,31.5038840985767
2026-02-25,CVLT.OQ,44.877644131066
2026-02-25,UMH.N,212.495078094238
2026-02-25,GGG.N,29.9380814990112
2026-02-25,ARW.N,14.2970317212496
2026-02-25,RES.N,26.4822848879248
2026-02-25,MBC.N,52.9688595173726
2026-02-26,META.OQ,22.4768034024641
2026-02-26,CRGY.N,20.8485876141663
2026-02-26,SMP.N,12.6932224500108
2026-02-26,NVST.N,106.557078954068
2026-02-26,CURB.N,74.5538664904164
2026-02-26,SEI.N,55.535576116215
2026-02-26,TG.N,129.448909299656
2026-02-26,CNMD.N,30.3206573111321
2026-02-26,USNA.N,37.7850395528651
2026-02-26,IIIN.N,15.6841602739275
2026-02-26,SARO.N,58.0760267987183
2026-02-26,QTWO.N,62.776430303895
2026-02-26,UMBF.OQ,14.0051456713992
2026-02-26,FEIM.OQ,23.3371425424406
2026-02-26,RBCAA.OQ,10.7316837891284
2026-02-26,CMT.A,20.6299839652185
2026-02-26,TZOO.OQ,16.8345874250733
2026-02-26,MSA.N,27.6475466716314
2026-02-26,GTM.OQ,16.5966495513718
2026-02-26,PSA.N,33.7187592561572
2026-02-26,BCPC.OQ,37.950037047016
2026-02-26,TPB.N,43.7790862743646
2026-02-26,FHB.OQ,12.6397500366157
2026-02-26,VRTX.OQ,31.3134455485967
2026-02-26,CVLT.OQ,45.92492741601
2026-02-26,UMH.N,225.243274184316
2026-02-26,GGG.N,30.1487989107531
2026-02-26,ARW.N,14.2553359061196
2026-02-26,RES.N,26.1659436008677
2026-02-26,MBC.N,53.2191849404225
2026-02-27,META.OQ,22.1747224995193
2026-02-27,CRGY.N,22.4671470962272
2026-02-27,SMP.N,11.1772758770274
2026-02-27,NVST.N,106.22977052042
2026-02-27,CURB.N,73.5228023793787
2026-02-27,SEI.N,54.0861586076874
2026-02-27,TG.N,131.745120551091
2026-02-27,TPC.N,49.9970149055715
2026-02-27,CNMD.N,30.4065889756285
2026-02-27,USNA.N,38.4278852163354
2026-02-27,IIIN.N,15.3425739966418
2026-02-27,SARO.N,37.1097750521103
2026-02-27,QTWO.N,62.4132608723848
2026-02-27,UMBF.OQ,12.679849128616
2026-02-27,FEIM.OQ,23.0434203944138
2026-02-27,RBCAA.OQ,10.400086818116
2026-02-27,CMT.A,19.639916920461
2026-02-27,TZOO.OQ,16.4519831654126
2026-02-27,MSA.N,27.5615095148633
2026-02-27,GTM.OQ,16.1039365178155
2026-02-27,PSA.N,34.0637677815286
2026-02-27,BCPC.OQ,38.1900006735821
2026-02-27,BCRX.OQ,7.2728783974732
2026-02-27,TPB.N,42.2761668456591
2026-02-27,FHB.OQ,12.0880730361763
2026-02-27,VRTX.OQ,32.4025975296468
2026-02-27,CVLT.OQ,44.1103276648694
2026-02-27,UMH.N,215.798511734402
2026-02-27,GGG.N,30.4470450935261
2026-02-27,ARW.N,14.0987449559646
2026-02-27,RES.N,26.2563268257411
2026-02-27,MBC.N,50.6658656253129
2026-03-02,META.OQ,22.3587763226046
2026-03-02,CRGY.N,23.1415468804193
2026-03-02,SMP.N,11.2195286840222
2026-03-02,NVST.N,107.066225406408
2026-03-02,CURB.N,74.6067415730337
2026-03-02,SEI.N,71.6215431094585
2026-03-02,TG.N,137.055109070034
2026-03-02,TPC.N,48.8029771341767
2026-03-02,CNMD.N,30.2677762868267
2026-03-02,USNA.N,35.8743593864395
2026-03-02,IIIN.N,15.0462581898397
2026-03-02,SARO.N,37.0254346542646
2026-03-02,QTWO.N,65.1629722823902
2026-03-02,UMBF.OQ,12.8735264927656
2026-03-02,FEIM.OQ,24.9939190336541
2026-03-02,RBCAA.OQ,10.5206675348478
2026-03-02,CMT.A,21.2649182656608
2026-03-02,TZOO.OQ,16.4264762147685
2026-03-02,MSA.N,27.9522028333023
2026-03-02,GTM.OQ,16.0261397230434
2026-03-02,PSA.N,34.4941964241142
2026-03-02,BCPC.OQ,38.5752054425434
2026-03-02,BCRX.OQ,7.17313606516499
2026-03-02,TPB.N,33.4870199607451
2026-03-02,FHB.OQ,11.4105387427067
2026-03-02,VRTX.OQ,31.6982357694467
2026-03-02,CVLT.OQ,44.2295727913729
2026-03-02,UMH.N,217.372638809388
2026-03-02,GGG.N,30.7388076636302
2026-03-02,ARW.N,13.8948987486623
2026-03-02,RES.N,40.9780084687884
2026-03-02,MBC.N,50.065084609993
2026-03-03,META.OQ,22.4107766592384
2026-03-03,CRGY.N,21.6578673551967
2026-03-03,SMP.N,10.9744624034523
2026-03-03,NVST.N,104.265919918537
2026-03-03,CURB.N,74.9504296100463
2026-03-03,SEI.N,69.1378108296537
2026-03-03,TG.N,133.467278989667
2026-03-03,TPC.N,46.4016345050382
2026-03-03,CNMD.N,28.6945658137398
2026-03-03,USNA.N,34.7315226513812
2026-03-03,IIIN.N,14.7458268857209
2026-03-03,SARO.N,35.8085231996337
2026-03-03,QTWO.N,65.53911205074
2026-03-03,UMBF.OQ,12.8833744943325
2026-03-03,FEIM.OQ,24.8654155938924
2026-03-03,RBCAA.OQ,10.5086094631746
2026-03-03,CMT.A,20.7914079399072
2026-03-03,TZOO.OQ,16.2224206096161
2026-03-03,MSA.N,27.3485322907322
2026-03-03,GTM.OQ,16.1558010476635
2026-03-03,PSA.N,33.9617073817403
2026-03-03,BCPC.OQ,38.1794759531187
2026-03-03,BCRX.OQ,7.22300723131909
2026-03-03,TPB.N,34.4012638634823
2026-03-03,FHB.OQ,11.3560514904534
2026-03-03,VRTX.OQ,30.9312640750067
2026-03-03,CVLT.OQ,45.1057652426379
2026-03-03,UMH.N,215.655409273039
2026-03-03,GGG.N,29.9704995623561
2026-03-03,ARW.N,13.5140769704747
2026-03-03,RES.N,40.7731184264445
2026-03-03,MBC.N,48.9135876639631
2026-03-04,META.OQ,22.8435426187233
2026-03-04,CRGY.N,22.1781186172878
2026-03-04,SMP.N,10.8730556666648
2026-03-04,NVST.N,103.39309742881
2026-03-04,CURB.N,75.0033046926636
2026-03-04,SEI.N,72.6673251220079
2026-03-04,TG.N,134.47187141217
2026-03-04,TPC.N,48.8958467386185
2026-03-04,CNMD.N,28.4169404361363
2026-03-04,USNA.N,34.5172407635578
2026-03-04,IIIN.N,14.9104467783887
2026-03-04,SARO.N,36.3025169584443
2026-03-04,QTWO.N,64.838713861399
2026-03-04,UMBF.OQ,13.0420367417996
2026-03-04,FEIM.OQ,25.0948860220383
2026-03-04,RBCAA.OQ,10.6322046978247
2026-03-04,CMT.A,20.7806463415947
2026-03-04,TZOO.OQ,16.0183650044637
2026-03-04,MSA.N,27.1835102031605
2026-03-04,GTM.OQ,16.1817333125875
2026-03-04,PSA.N,34.4742280850252
2026-03-04,BCPC.OQ,38.4489087969824
2026-03-04,BCRX.OQ,7.12326489901089
2026-03-04,TPB.N,31.2064267713917
2026-03-04,FHB.OQ,11.4196199514155
2026-03-04,VRTX.OQ,31.1673557020367
2026-03-04,CVLT.OQ,45.401285773538
2026-03-04,UMH.N,213.22266742988
2026-03-04,GGG.N,30.1261062664117
2026-03-04,ARW.N,13.2926258634508
2026-03-04,RES.N,42.0024586805081
2026-03-04,MBC.N,48.0124161409832
2026-02-12,NWPX.OQ,20.1868680543834
2026-02-12,URI.N,22.4999922365633
2026-02-12,HCI.N,10.262005682908
2026-02-12,NHC.A,25.9710003610298
2026-02-12,ASTH.OQ,95.7452417356461
2026-02-12,RPD.OQ,24.5549629424396
2026-02-12,JYNT.OQ,41.5357091049756
2026-02-12,APA.OQ,6.47387723200866
2026-02-12,BKH.N,18.3910067198392
2026-02-12,WSFS.OQ,13.7213802664642
2026-02-12,ACA.N,41.956652738506
2026-02-12,CMCL.A,10.8453924700871
2026-02-12,BIIB.OQ,22.200973890292
2026-02-12,KNF.N,31.3232908102455
2026-02-12,NCLH.N,17.7117217317112
2026-02-12,COHR.N,232.888965524674
2026-02-12,RNST.N,20.3414255625762
2026-02-12,D.N,22.2175215454006
2026-02-12,ESNT.N,9.5546407839347
2026-02-12,GDYN.OQ,41.7986067131096
2026-02-12,KE.OQ,24.6636771300448
2026-02-12,VALU.OQ,16.4958040874167
2026-02-12,MCY.N,11.9390649076411
2026-02-12,LXP.N,25.4671170695661
2026-02-12,ARR.N,385.547290116897
2026-02-12,BFS.N,29.8091692483924
2026-02-12,ACLS.OQ,21.3917641471765
2026-02-12,BWXT.N,58.8893275430978
2026-02-12,FCX.N,43.2192940291333
2026-02-12,HBT.OQ,11.622223209705
2026-02-12,EPM.A,52.2454142947502
2026-02-12,RNG.N,200.735086231269
2026-02-12,TRMB.OQ,44.8870513674877
2026-02-13,NWPX.OQ,20.3284347622496
2026-02-13,URI.N,22.502838830019
2026-02-13,HCI.N,10.0320981413055
2026-02-13,NHC.A,26.1808296278925
2026-02-13,ASTH.OQ,99.0140770812464
2026-02-13,RPD.OQ,24.8666620489021
2026-02-13,JYNT.OQ,41.9708911561336
2026-02-13,APA.OQ,6.71436301328684
2026-02-13,BKH.N,18.6020222319915
2026-02-13,WSFS.OQ,13.7812088678366
2026-02-13,ACA.N,42.2049757305662
2026-02-13,CMCL.A,11.745912422477
2026-02-13,BIIB.OQ,22.3168050584152
2026-02-13,KNF.N,31.0541573431144
2026-02-13,NCLH.N,16.3709634414828
2026-02-13,COHR.N,234.106756043151
2026-02-13,RNST.N,20.5228204895648
2026-02-13,D.N,22.6917591828101
2026-02-13,ESNT.N,8.94037228746602
2026-02-13,GDYN.OQ,41.6719442685244
2026-02-13,KE.OQ,24.8909921266351
2026-02-13,VALU.OQ,16.4736620685074
2026-02-13,MCY.N,11.776534370169
2026-02-13,LXP.N,26.2154773626108
2026-02-13,ARR.N,388.94792773645
2026-02-13,BFS.N,29.8699157359437
2026-02-13,ACLS.OQ,22.3392014591952
2026-02-13,BWXT.N,59.9361159961239
2026-02-13,FCX.N,43.7766027851505
2026-02-13,HBT.OQ,11.727255466727
2026-02-13,EPM.A,55.28146742568
2026-02-13,RNG.N,213.387051173311
2026-02-13,TRMB.OQ,45.152252852616
2026-02-17,NWPX.OQ,20.1514763774168
2026-02-17,URI.N,22.3400654405957
2026-02-17,HCI.N,10.1616592973467
2026-02-17,NHC.A,25.451055780642
2026-02-17,ASTH.OQ,101.333895713608
2026-02-17,RPD.OQ,24.4856964743368
2026-02-17,JYNT.OQ,43.1313766258885
2026-02-17,APA.OQ,6.57488126014549
2026-02-17,BKH.N,18.481441939333
2026-02-17,WSFS.OQ,13.8204069170115
2026-02-17,ACA.N,41.4335189685656
2026-02-17,CMCL.A,11.0059199398609
2026-02-17,BIIB.OQ,22.2146010865418
2026-02-17,KNF.N,36.129245580444
2026-02-17,NCLH.N,18.3592470423329
2026-02-17,COHR.N,237.048851720533
2026-02-17,RNST.N,20.4825105057895
2026-02-17,D.N,22.3983459682977
2026-02-17,ESNT.N,9.05245445388328
2026-02-17,GDYN.OQ,41.2286257124763
2026-02-17,KE.OQ,25.2939596205906
2026-02-17,VALU.OQ,16.5268029138897
2026-02-17,MCY.N,12.1192344181722
2026-02-17,LXP.N,26.6115147881475
2026-02-17,ARR.N,377.895855472901
2026-02-17,BFS.N,30.5988735865594
2026-02-17,ACLS.OQ,23.2724626518321
2026-02-17,BWXT.N,60.1424828625776
2026-02-17,FCX.N,40.0010476620766
2026-02-17,HBT.OQ,11.8403671281353
2026-02-17,EPM.A,55.7874762808349
2026-02-17,RNG.N,204.975968334747
2026-02-17,TRMB.OQ,44.6286499204395
2026-02-18,NWPX.OQ,19.7893922976821
2026-02-18,URI.N,22.7774057078857
2026-02-18,HCI.N,10.0035184745317
2026-02-18,NHC.A,25.0097971753278
2026-02-18,ASTH.OQ,102.546528180524
2026-02-18,RPD.OQ,24.7281291126965
2026-02-18,JYNT.OQ,43.5665586770466
2026-02-18,APA.OQ,6.88029820236878
2026-02-18,BKH.N,18.3558374678138
2026-02-18,WSFS.OQ,13.684245272509
2026-02-18,ACA.N,40.7514584837067
2026-02-18,CMCL.A,11.0842260226774
2026-02-18,BIIB.OQ,22.0453967331068
2026-02-18,KNF.N,34.8796973401924
2026-02-18,NCLH.N,18.549695663104
2026-02-18,COHR.N,241.284176267095
2026-02-18,RNST.N,20.2507280990819
2026-02-18,D.N,22.0810502828367
2026-02-18,ESNT.N,8.91562687410116
2026-02-18,GDYN.OQ,44.3318556048132
2026-02-18,KE.OQ,25.634932115476
2026-02-18,VALU.OQ,16.4736620685074
2026-02-18,MCY.N,8.94052615416112
2026-02-18,LXP.N,26.3749924367853
2026-02-18,ARR.N,375.77045696068
2026-02-18,BFS.N,30.1736481737003
2026-02-18,ACLS.OQ,19.3763925083935
2026-02-18,BWXT.N,60.489418464152
2026-02-18,FCX.N,40.9570393069715
2026-02-18,HBT.OQ,11.5293100592624
2026-02-18,EPM.A,57.1790006325111
2026-02-18,RNG.N,208.934124964659
2026-02-18,TRMB.OQ,45.4990547947069
2026-02-19,NWPX.OQ,20.0480237832069
2026-02-19,URI.N,23.0051331843444
2026-02-19,HCI.N,9.86252545178102
2026-02-19,NHC.A,24.4420238649934
2026-02-19,ASTH.OQ,104.23366900406
2026-02-19,RPD.OQ,24.5549629424396
2026-02-19,JYNT.OQ,44.8962816111407
2026-02-19,APA.OQ,6.99332651956953
2026-02-19,BKH.N,18.3608616466746
2026-02-19,WSFS.OQ,13.7564522051997
2026-02-19,ACA.N,41.2348605749174
2026-02-19,CMCL.A,11.2016851469022
2026-02-19,BIIB.OQ,21.8125987971728
2026-02-19,KNF.N,33.9338854414173
2026-02-19,NCLH.N,18.0850010284226
2026-02-19,COHR.N,250.541539588969
2026-02-19,RNST.N,20.2356118551662
2026-02-19,D.N,22.3335221185799
2026-02-19,ESNT.N,8.73841492524751
2026-02-19,GDYN.OQ,44.2685243825206
2026-02-19,KE.OQ,25.5316071170259
2026-02-19,VALU.OQ,16.2522418794146
2026-02-19,MCY.N,8.84942163988126
2026-02-19,LXP.N,26.0779643676327
2026-02-19,ARR.N,6.46559614553815
2026-02-19,BFS.N,30.1302578254493
2026-02-19,ACLS.OQ,19.0479790760478
2026-02-19,BWXT.N,62.5291605354772
2026-02-19,FCX.N,40.970135082929
2026-02-19,HBT.OQ,11.5091115482967
2026-02-19,EPM.A,57.1790006325111
2026-02-19,RNG.N,207.732541702007
2026-02-19,TRMB.OQ,45.8254566225571
2026-02-20,NWPX.OQ,20.3529366924572
2026-02-20,URI.N,23.5260597867436
2026-02-20,HCI.N,9.915239059386
2026-02-20,NHC.A,24.3494521296128
2026-02-20,ASTH.OQ,104.708177360679
2026-02-20,RPD.OQ,18.2697922749645
2026-02-20,JYNT.OQ,45.258933320439
2026-02-20,APA.OQ,6.98851680394397
2026-02-20,BKH.N,18.4261759718646
2026-02-20,WSFS.OQ,13.9586316167338
2026-02-20,ACA.N,41.8242138094071
2026-02-20,CMCL.A,11.8320491135751
2026-02-20,BIIB.OQ,21.8069207987354
2026-02-20,KNF.N,34.8720078125601
2026-02-20,NCLH.N,18.5192238837806
2026-02-20,COHR.N,267.461283960729
2026-02-20,RNST.N,20.4018905382391
2026-02-20,D.N,22.5041111967847
2026-02-20,ESNT.N,8.75873007120459
2026-02-20,GDYN.OQ,43.128562381254
2026-02-20,KE.OQ,25.8725796119113
2026-02-20,VALU.OQ,16.3186679361424
2026-02-20,MCY.N,8.8483979936534
2026-02-20,LXP.N,26.5730111495536
2026-02-20,ARR.N,6.5498026638549
2026-02-20,BFS.N,30.3124972881032
2026-02-20,ACLS.OQ,18.9392954941204
2026-02-20,BWXT.N,61.7425737836318
2026-02-20,FCX.N,42.1291112551646
2026-02-20,HBT.OQ,11.464674824172
2026-02-20,EPM.A,56.0404807084124
2026-02-20,RNG.N,279.191405145604
2026-02-20,TRMB.OQ,45.981857498402
2026-02-23,NWPX.OQ,19.636935843057
2026-02-23,URI.N,22.8426185761443
2026-02-23,HCI.N,9.74376105874328
2026-02-23,NHC.A,24.2429946339251
2026-02-23,ASTH.OQ,104.497284757737
2026-02-23,RPD.OQ,17.018436639693
2026-02-23,JYNT.OQ,44.146801411924
2026-02-23,APA.OQ,6.90675163830938
2026-02-23,BKH.N,18.4588331344596
2026-02-23,WSFS.OQ,13.4841289161946
2026-02-23,ACA.N,40.549489116831
2026-02-23,CMCL.A,12.0513061454614
2026-02-23,BIIB.OQ,22.2963642640406
2026-02-23,KNF.N,31.7449372141976
2026-02-23,NCLH.N,17.8945524076515
2026-02-23,COHR.N,268.226444374993
2026-02-23,RNST.N,19.6108071066501
2026-02-23,D.N,21.9138729861959
2026-02-23,ESNT.N,8.58169808500728
2026-02-23,GDYN.OQ,39.0120329322356
2026-02-23,KE.OQ,25.8519146122213
2026-02-23,VALU.OQ,16.0573921130129
2026-02-23,MCY.N,8.57917903572526
2026-02-23,LXP.N,26.6775210257369
2026-02-23,ARR.N,6.60105880543901
2026-02-23,BFS.N,30.3558876363542
2026-02-23,ACLS.OQ,18.6156074349021
2026-02-23,BWXT.N,59.3319695175202
2026-02-23,FCX.N,42.9214057005913
2026-02-23,HBT.OQ,11.020307582925
2026-02-23,EPM.A,54.26944971537
2026-02-23,RNG.N,244.416171897088
2026-02-23,TRMB.OQ,44.4858491207551
2026-02-24,NWPX.OQ,19.9146243854099
2026-02-24,URI.N,23.2095703507107
2026-02-24,HCI.N,9.94572403727804
2026-02-24,NHC.A,24.2923662261281
2026-02-24,ASTH.OQ,101.333895713608
2026-02-24,RPD.OQ,17.018436639693
2026-02-24,JYNT.OQ,44.0500942894444
2026-02-24,APA.OQ,6.88270306018157
2026-02-24,BKH.N,18.5191232807888
2026-02-24,WSFS.OQ,13.5150747444906
2026-02-24,ACA.N,41.3606775575613
2026-02-24,CMCL.A,12.0317296247572
2026-02-24,BIIB.OQ,22.1589567018551
2026-02-24,KNF.N,32.2784350729477
2026-02-24,NCLH.N,18.2525958147011
2026-02-24,COHR.N,274.660257999159
2026-02-24,RNST.N,19.6460783424535
2026-02-24,D.N,18.4824338587518
2026-02-24,ESNT.N,8.64554568658664
2026-02-24,GDYN.OQ,40.8486383787207
2026-02-24,KE.OQ,26.3375421049369
2026-02-24,VALU.OQ,16.0795341319221
2026-02-24,MCY.N,8.77981369638653
2026-02-24,LXP.N,26.6610194663396
2026-02-24,ARR.N,6.65597609999341
2026-02-24,BFS.N,29.5661832981871
2026-02-24,ACLS.OQ,19.3196880308661
2026-02-24,BWXT.N,57.034900119806
2026-02-24,FCX.N,44.4470635996359
2026-02-24,HBT.OQ,11.0081884763455
2026-02-24,EPM.A,56.0404807084124
2026-02-24,RNG.N,248.727735368957
2026-02-24,TRMB.OQ,45.3834541473432
2026-02-25,NWPX.OQ,20.1487539407271
2026-02-25,URI.N,22.1118204016906
2026-02-25,HCI.N,10.3839455944761
2026-02-25,NHC.A,24.736710555955
2026-02-25,ASTH.OQ,105.182685717298
2026-02-25,RPD.OQ,17.4355551847835
2026-02-25,JYNT.OQ,44.8721048305208
2026-02-25,APA.OQ,6.69512415078459
2026-02-25,BKH.N,18.4437605978773
2026-02-25,WSFS.OQ,13.6264797263564
2026-02-25,ACA.N,41.9400978723686
2026-02-25,CMCL.A,12.2509866566435
2026-02-25,BIIB.OQ,21.6592928393626
2026-02-25,KNF.N,32.1477825361109
2026-02-25,NCLH.N,18.1383266422385
2026-02-25,COHR.N,288.713345044239
2026-02-25,RNST.N,19.9484032207677
2026-02-25,D.N,18.4331396360347
2026-02-25,ESNT.N,8.77178980789128
2026-02-25,GDYN.OQ,40.9119696010133
2026-02-25,KE.OQ,27.4172883387407
2026-02-25,VALU.OQ,16.4958040874167
2026-02-25,MCY.N,9.08383662606204
2026-02-25,LXP.N,26.9635480552912
2026-02-25,ARR.N,6.59007534652813
2026-02-25,BFS.N,29.7831350394418
2026-02-25,ACLS.OQ,18.9062178822295
2026-02-25,BWXT.N,58.1631427701709
2026-02-25,FCX.N,45.0625650696368
2026-02-25,HBT.OQ,11.2626897145142
2026-02-25,EPM.A,54.9019607843137
2026-02-25,RNG.N,243.709358213175
2026-02-25,TRMB.OQ,45.6554556705517
2026-02-26,NWPX.OQ,22.2314180083742
2026-02-26,URI.N,22.2057579857298
2026-02-26,HCI.N,10.8094650775525
2026-02-26,NHC.A,24.7120247598535
2026-02-26,LFST.OQ,297.308842375053
2026-02-26,ASTH.OQ,110.244108187905
2026-02-26,RPD.OQ,17.7692500208559
2026-02-26,JYNT.OQ,44.3885692181229
2026-02-26,APA.OQ,6.9981362351951
2026-02-26,BKH.N,18.546756264523
2026-02-26,WSFS.OQ,13.6945605486076
2026-02-26,ACA.N,42.2149086502487
2026-02-26,CMCL.A,12.7599761949508
2026-02-26,BIIB.OQ,21.3515453240547
2026-02-26,KNF.N,32.4381215068592
2026-02-26,NCLH.N,19.0600979667705
2026-02-26,COHR.N,269.573557780388
2026-02-26,RNST.N,20.1197206518124
2026-02-26,D.N,18.3693471125184
2026-02-26,ESNT.N,8.88932743807145
2026-02-26,GDYN.OQ,43.6985433818873
2026-02-26,KE.OQ,26.7508420987374
2026-02-26,VALU.OQ,16.2300998605053
2026-02-26,MCY.N,9.1974613573549
2026-02-26,LXP.N,27.497098475806
2026-02-26,ARR.N,6.63034802920136
2026-02-26,BFS.N,29.6269297857385
2026-02-26,ACLS.OQ,19.7473342988846
2026-02-26,BWXT.N,57.8754967479243
2026-02-26,FCX.N,44.7744579985726
2026-02-26,HBT.OQ,11.2869279276732
2026-02-26,EPM.A,55.28146742568
2026-02-26,RNG.N,262.510602205259
2026-02-26,TRMB.OQ,38.8622137165445
2026-02-27,NWPX.OQ,21.6800350903661
2026-02-27,URI.N,21.7376227528732
2026-02-27,HCI.N,7.77776455178659
2026-02-27,NHC.A,21.3126229386392
2026-02-27,LFST.OQ,309.269542930372
2026-02-27,ASTH.OQ,107.186165445247
2026-02-27,RPD.OQ,17.2965156697533
2026-02-27,JYNT.OQ,42.5511338910111
2026-02-27,APA.OQ,7.6179057155614
2026-02-27,BKH.N,18.5040507442065
2026-02-27,WSFS.OQ,13.1024637005434
2026-02-27,ACA.N,35.5863402488528
2026-02-27,CMCL.A,12.4271753429806
2026-02-27,BIIB.OQ,21.7830732052982
2026-02-27,KNF.N,32.2929520214851
2026-02-27,NCLH.N,18.8848852356611
2026-02-27,COHR.N,279.046459247125
2026-02-27,RNST.N,18.9708861142183
2026-02-27,D.N,18.308454249162
2026-02-27,ESNT.N,8.82838200020025
2026-02-27,GDYN.OQ,42.7485750474984
2026-02-27,KE.OQ,25.8209171126862
2026-02-27,VALU.OQ,16.269955494542
2026-02-27,MCY.N,9.27218753198895
2026-02-27,LXP.N,27.2605761244438
2026-02-27,ARR.N,6.57176958167666
2026-02-27,BFS.N,29.5748613678373
2026-02-27,ACLS.OQ,21.7530407122337
2026-02-27,BWXT.N,57.5236190896422
2026-02-27,FCX.N,44.5780213592106
2026-02-27,HBT.OQ,10.8910371127441
2026-02-27,EPM.A,56.5464895635674
2026-02-27,RNG.N,257.63358778626
2026-02-27,TRMB.OQ,38.0875894947286
2026-03-02,NWPX.OQ,22.9288721632261
2026-03-02,URI.N,21.2350696173247
2026-03-02,HCI.N,7.66049409657883
2026-03-02,NHC.A,22.3098190577865
2026-03-02,LFST.OQ,304.997864160615
2026-03-02,ASTH.OQ,138.767332735804
2026-03-02,RPD.OQ,17.4077472817775
2026-03-02,JYNT.OQ,41.3906484212562
2026-03-02,APA.OQ,7.94900994817717
2026-03-02,BKH.N,18.46134522389
2026-03-02,WSFS.OQ,13.4036697626249
2026-03-02,ACA.N,25.6184078944886
2026-03-02,CMCL.A,12.4780742968114
2026-03-02,BIIB.OQ,21.3549521231172
2026-03-02,KNF.N,32.220367278798
2026-03-02,NCLH.N,16.896601634811
2026-03-02,COHR.N,322.132534405276
2026-03-02,RNST.N,19.6057683586782
2026-03-02,D.N,18.2823573077235
2026-03-02,ESNT.N,8.89948501104999
2026-03-02,GDYN.OQ,43.2552248258391
2026-03-02,KE.OQ,25.5626046165609
2026-03-02,VALU.OQ,16.2832407058876
2026-03-02,MCY.N,9.37455215477531
2026-03-02,LXP.N,27.0020516938851
2026-03-02,ARR.N,6.53881920494402
2026-03-02,BFS.N,31.5158546017015
2026-03-02,ACLS.OQ,22.798429546849
2026-03-02,BWXT.N,60.4531402288322
2026-03-02,FCX.N,44.715527006764
2026-03-02,HBT.OQ,11.1132207333675
2026-03-02,EPM.A,57.685009487666
2026-03-02,RNG.N,74.9823644134611
2026-03-02,TRMB.OQ,38.9647375106084
2026-03-03,NWPX.OQ,22.6187582592273
2026-03-03,URI.N,21.568638614092
2026-03-03,HCI.N,7.7570438322574
2026-03-03,NHC.A,22.2263935001062
2026-03-03,LFST.OQ,310.551046561299
2026-03-03,ASTH.OQ,129.224442452681
2026-03-03,RPD.OQ,18.3254080809766
2026-03-03,JYNT.OQ,41.7291233499347
2026-03-03,APA.OQ,7.98914379455484
2026-03-03,BKH.N,18.6648244677511
2026-03-03,WSFS.OQ,12.6750643954479
2026-03-03,ACA.N,26.0170003207608
2026-03-03,CMCL.A,11.6636910355196
2026-03-03,BIIB.OQ,20.8973054490615
2026-03-03,KNF.N,32.0897147419612
2026-03-03,NCLH.N,24.9437095412328
2026-03-03,COHR.N,302.626332295158
2026-03-03,RNST.N,18.1620497305474
2026-03-03,D.N,18.1750698818098
2026-03-03,ESNT.N,8.73406167968529
2026-03-03,GDYN.OQ,45.0284990500317
2026-03-03,KE.OQ,24.9529871257052
2026-03-03,VALU.OQ,16.0485353054492
2026-03-03,MCY.N,9.3438427679394
2026-03-03,LXP.N,26.6995231049334
2026-03-03,ARR.N,6.53149689900344
2026-03-03,BFS.N,31.7828600891246
2026-03-03,ACLS.OQ,22.6141040596372
2026-03-03,BWXT.N,57.4817288922277
2026-03-03,FCX.N,42.9345014765487
2026-03-03,HBT.OQ,11.0485854982771
2026-03-03,EPM.A,56.4199873497786
2026-03-03,RNG.N,76.39321133657
2026-03-03,TRMB.OQ,39.3919199858745
2026-03-04,NWPX.OQ,22.8729957841272
2026-03-04,URI.N,22.0450548460925
2026-03-04,HCI.N,7.68650521258357
2026-03-04,NHC.A,22.5288111466973
2026-03-04,LFST.OQ,313.114053823153
2026-03-04,ASTH.OQ,134.918542732114
2026-03-04,RPD.OQ,18.603487111037
2026-03-04,JYNT.OQ,43.0346695034089
2026-03-04,APA.OQ,7.80101638965952
2026-03-04,BKH.N,19.0315895245871
2026-03-04,WSFS.OQ,12.7908094502895
2026-03-04,ACA.N,26.5476707107681
2026-03-04,CMCL.A,11.4718411326192
2026-03-04,BIIB.OQ,21.5695804640515
2026-03-04,KNF.N,31.8102634826159
2026-03-04,NCLH.N,24.7560746786753
2026-03-04,COHR.N,296.214072485478
2026-03-04,RNST.N,18.2802306892313
2026-03-04,D.N,18.1431736200517
2026-03-04,ESNT.N,8.7514746619342
2026-03-04,GDYN.OQ,45.598480050665
2026-03-04,KE.OQ,25.3869521191957
2026-03-04,VALU.OQ,16.3673803777428
2026-03-04,MCY.N,9.52502815027127
2026-03-04,LXP.N,27.0790589710728
2026-03-04,ARR.N,6.52417459306285
2026-03-04,BFS.N,32.280042720878
2026-03-04,ACLS.OQ,22.8089624318325
2026-03-04,BWXT.N,57.4091192167092
2026-03-04,FCX.N,43.1702254437831
2026-03-04,HBT.OQ,11.1859353728443
2026-03-04,EPM.A,56.5464895635674
2026-03-04,RNG.N,81.2689323208432
2026-03-04,TRMB.OQ,39.8247982274775
2026-02-12,HNVR.OQ,22.4830740348705
2026-02-12,FORM.OQ,178.50949903771
2026-02-12,GD.N,22.0561868008529
2026-02-12,GIS.N,10.4229020637689
2026-02-12,IDCC.OQ,29.8866613509511
2026-02-12,HBAN.OQ,12.1800368282706
2026-02-12,BRKb.N,15.9785645661191
2026-02-12,CBFV.OQ,44.2383160899037
2026-02-12,GCMG.OQ,34.4364800976056
2026-02-12,FIS.N,146.052385988926
2026-02-12,GEV.N,45.7774588509665
2026-02-12,SM.N,3.32160784158729
2026-02-12,MCW.OQ,21.1984883930178
2026-02-12,CMCO.OQ,102.703881378107
2026-02-12,PNRG.OQ,16.9371162458152
2026-02-12,AMRC.N,28.1970490081483
2026-02-12,BALL.N,25.9817131107961
2026-02-12,TDS.N,208.21844703371
2026-02-12,BFH.N,7.29721379109794
2026-02-12,OPCH.OQ,27.3290840827731
2026-02-12,AS.N,69.145021450753
2026-02-12,VZ.N,10.5442909252157
2026-02-12,AGYS.OQ,75.4370254286301
2026-02-12,CARE.OQ,15.9388420726398
2026-02-12,BLMN.OQ,31.5010467890355
2026-02-12,WU.N,4.26010526498636
2026-02-12,LZB.N,17.3038024955898
2026-02-12,TW.OQ,30.748719797288
2026-02-12,QCRH.OQ,12.7256617875181
2026-02-12,OKTA.OQ,75.6389356565737
2026-02-12,BHE.N,61.3664544059853
2026-02-12,LYV.N,112.969582026406
2026-02-12,PTGX.OQ,129.771596920835
2026-02-12,BZH.N,86.5816359731893
2026-02-12,CDW.OQ,16.037966087978
2026-02-13,HNVR.OQ,22.3932016536518
2026-02-13,FORM.OQ,184.321347586654
2026-02-13,GD.N,22.5021651634585
2026-02-13,GIS.N,10.3714097522147
2026-02-13,IDCC.OQ,31.4093458319653
2026-02-13,HBAN.OQ,12.130838756835
2026-02-13,BRKb.N,16.0187484581348
2026-02-13,CBFV.OQ,43.7983113330955
2026-02-13,GCMG.OQ,36.7241116364191
2026-02-13,FIS.N,145.585764947427
2026-02-13,GEV.N,44.9684935193075
2026-02-13,SM.N,3.39275127465318
2026-02-13,MCW.OQ,21.4864135324816
2026-02-13,CMCO.OQ,98.5123806754858
2026-02-13,PNRG.OQ,16.6095815962242
2026-02-13,AMRC.N,27.680371330318
2026-02-13,BALL.N,26.2036791850341
2026-02-13,TDS.N,211.642799964422
2026-02-13,BFH.N,7.30731094592166
2026-02-13,OPCH.OQ,28.1149043918624
2026-02-13,AS.N,71.4606257516739
2026-02-13,VZ.N,10.4483562119859
2026-02-13,AGYS.OQ,76.0247010316972
2026-02-13,CARE.OQ,16.0864239436828
2026-02-13,BLMN.OQ,30.4299138224841
2026-02-13,WU.N,4.16891035105699
2026-02-13,LZB.N,17.7055721291943
2026-02-13,TW.OQ,30.0595837618346
2026-02-13,QCRH.OQ,12.9101321758282
2026-02-13,OKTA.OQ,77.7323463124794
2026-02-13,BHE.N,62.2386146312759
2026-02-13,LYV.N,115.449704573638
2026-02-13,PTGX.OQ,129.07466658219
2026-02-13,BZH.N,90.1607340404763
2026-02-13,CDW.OQ,16.0417596619167
2026-02-17,HNVR.OQ,22.2484072616884
2026-02-17,FORM.OQ,181.748890032203
2026-02-17,GD.N,22.1707559883437
2026-02-17,GIS.N,9.64622636449262
2026-02-17,IDCC.OQ,30.6898816024872
2026-02-17,HBAN.OQ,12.5725964894605
2026-02-17,BRKb.N,16.0930413008098
2026-02-17,CBFV.OQ,42.4069449399453
2026-02-17,GCMG.OQ,35.7175537593412
2026-02-17,FIS.N,147.825545946619
2026-02-17,GEV.N,45.9226577566489
2026-02-17,SM.N,3.4275325085965
2026-02-17,MCW.OQ,21.6303761022134
2026-02-17,CMCO.OQ,96.2349178659689
2026-02-17,PNRG.OQ,16.1834966980836
2026-02-17,AMRC.N,27.5194389388626
2026-02-17,BALL.N,25.9155127026901
2026-02-17,TDS.N,206.973227786178
2026-02-17,BFH.N,6.70246935974744
2026-02-17,OPCH.OQ,27.972027972028
2026-02-17,AS.N,72.2683946938556
2026-02-17,VZ.N,10.4313011518561
2026-02-17,AGYS.OQ,74.8027089046846
2026-02-17,CARE.OQ,16.2413849082779
2026-02-17,BLMN.OQ,31.3549832026876
2026-02-17,WU.N,4.09942851187271
2026-02-17,LZB.N,17.516232416806
2026-02-17,TW.OQ,30.3007813742433
2026-02-17,QCRH.OQ,13.026124919993
2026-02-17,OKTA.OQ,73.4564436961615
2026-02-17,BHE.N,61.0091839522519
2026-02-17,LYV.N,114.909913195711
2026-02-17,PTGX.OQ,130.611081192384
2026-02-17,BZH.N,90.1607340404763
2026-02-17,CDW.OQ,15.8248936850904
2026-02-18,HNVR.OQ,22.3282938227717
2026-02-18,FORM.OQ,180.415023152118
2026-02-18,GD.N,22.6219126193105
2026-02-18,GIS.N,9.73204688374967
2026-02-18,IDCC.OQ,30.2870151363883
2026-02-18,HBAN.OQ,12.8748569660245
2026-02-18,BRKb.N,15.9448823983702
2026-02-18,CBFV.OQ,40.9323344036152
2026-02-18,GCMG.OQ,36.144578313253
2026-02-18,FIS.N,151.123001306539
2026-02-18,GEV.N,45.8329595909764
2026-02-18,SM.N,3.69945851942611
2026-02-18,MCW.OQ,25.1214684182113
2026-02-18,CMCO.OQ,93.1336919125842
2026-02-18,PNRG.OQ,16.7815614417322
2026-02-18,AMRC.N,27.8921244769697
2026-02-18,BALL.N,25.822053303011
2026-02-18,TDS.N,200.925020012452
2026-02-18,BFH.N,6.81881895087482
2026-02-18,OPCH.OQ,28.1784050228999
2026-02-18,AS.N,74.1531888922795
2026-02-18,VZ.N,11.8351211221813
2026-02-18,AGYS.OQ,74.4295815376579
2026-02-18,CARE.OQ,16.0421493823699
2026-02-18,BLMN.OQ,33.2538098252106
2026-02-18,WU.N,4.19062342580208
2026-02-18,LZB.N,17.658431366702
2026-02-18,TW.OQ,30.9978689793365
2026-02-18,QCRH.OQ,12.8640145787507
2026-02-18,OKTA.OQ,73.8751258273426
2026-02-18,BHE.N,60.242103272177
2026-02-18,LYV.N,113.633379531695
2026-02-18,PTGX.OQ,131.450565463934
2026-02-18,BZH.N,90.2258085507906
2026-02-18,CDW.OQ,15.7167768278388
2026-02-19,HNVR.OQ,21.9488326576262
2026-02-19,FORM.OQ,175.84176527754
2026-02-19,GD.N,22.9358451387064
2026-02-19,GIS.N,9.6118981567898
2026-02-19,IDCC.OQ,29.1755727236788
2026-02-19,HBAN.OQ,12.8460702539708
2026-02-19,BRKb.N,15.9052312388684
2026-02-19,CBFV.OQ,40.5636817695327
2026-02-19,GCMG.OQ,35.5345432362361
2026-02-19,FIS.N,152.429540222734
2026-02-19,GEV.N,46.7893662824595
2026-02-19,SM.N,3.71210624086005
2026-02-19,MCW.OQ,25.0854777757783
2026-02-19,CMCO.OQ,92.9398652904977
2026-02-19,PNRG.OQ,17.635663595828
2026-02-19,AMRC.N,28.7560773153089
2026-02-19,BALL.N,25.7130173367186
2026-02-19,TDS.N,202.52601618785
2026-02-19,BFH.N,6.87195498461804
2026-02-19,OPCH.OQ,28.305406284975
2026-02-19,AS.N,74.512197311027
2026-02-19,VZ.N,11.9804431089053
2026-02-19,AGYS.OQ,73.3195276207533
2026-02-19,CARE.OQ,16.0716657565785
2026-02-19,BLMN.OQ,32.3287404450071
2026-02-19,WU.N,4.09942851187271
2026-02-19,LZB.N,18.1007619019219
2026-02-19,TW.OQ,31.527973621993
2026-02-19,QCRH.OQ,12.8304745081488
2026-02-19,OKTA.OQ,72.8685070864178
2026-02-19,BHE.N,60.242103272177
2026-02-19,LYV.N,114.85885184915
2026-02-19,PTGX.OQ,131.608958722717
2026-02-19,BZH.N,88.3711850068328
2026-02-19,CDW.OQ,15.7016025320842
2026-02-20,HNVR.OQ,21.8389886361367
2026-02-20,FORM.OQ,180.186360258389
2026-02-20,GD.N,22.7468383435237
2026-02-20,GIS.N,9.57327892312412
2026-02-20,IDCC.OQ,30.026533907788
2026-02-20,HBAN.OQ,12.9612171021856
2026-02-20,BRKb.N,15.9137585831223
2026-02-20,CBFV.OQ,41.3009870376977
2026-02-20,GCMG.OQ,26.0471116844985
2026-02-20,FIS.N,152.833945125366
2026-02-20,GEV.N,46.549984302821
2026-02-20,SM.N,3.7405636140864
2026-02-20,MCW.OQ,25.3014216303761
2026-02-20,CMCO.OQ,92.5522120463246
2026-02-20,PNRG.OQ,18.1680281737769
2026-02-20,AMRC.N,28.5697345462553
2026-02-20,BALL.N,20.084892103706
2026-02-20,TDS.N,201.414213288268
2026-02-20,BFH.N,6.93791695754065
2026-02-20,OPCH.OQ,28.329219021614
2026-02-20,AS.N,75.3199662532087
2026-02-20,VZ.N,12.1306912646707
2026-02-20,AGYS.OQ,73.356840357456
2026-02-20,CARE.OQ,16.1602148792042
2026-02-20,BLMN.OQ,31.5010467890355
2026-02-20,WU.N,4.02560405773941
2026-02-20,LZB.N,18.3989622627443
2026-02-20,TW.OQ,31.6658008290837
2026-02-20,QCRH.OQ,12.9157221875952
2026-02-20,OKTA.OQ,66.1785011179704
2026-02-20,BHE.N,61.3454384969422
2026-02-20,PTGX.OQ,131.086260968733
2026-02-20,BZH.N,88.1759614758898
2026-02-20,CDW.OQ,15.7610351904564
2026-02-23,HNVR.OQ,21.4195841904496
2026-02-23,FORM.OQ,139.245824218807
2026-02-23,GD.N,22.5889011585081
2026-02-23,GIS.N,9.73633790971252
2026-02-23,IDCC.OQ,29.4402417533821
2026-02-23,HBAN.OQ,12.2919260469367
2026-02-23,BRKb.N,15.7794560555025
2026-02-23,CBFV.OQ,40.3020573195386
2026-02-23,GCMG.OQ,25.5132682340904
2026-02-23,FIS.N,147.638897530019
2026-02-23,GEV.N,46.6262277436427
2026-02-23,SM.N,3.59669578277538
2026-02-23,MCW.OQ,25.1574590606442
2026-02-23,CMCO.OQ,89.8386393371129
2026-02-23,PNRG.OQ,17.7757595373935
2026-02-23,AMRC.N,27.8497738476394
2026-02-23,BALL.N,20.2690463827269
2026-02-23,TDS.N,194.565507426843
2026-02-23,BFH.N,6.48992522477459
2026-02-23,OPCH.OQ,28.6467221768016
2026-02-23,AS.N,72.6812543754151
2026-02-23,VZ.N,12.2366038990628
2026-02-23,AGYS.OQ,66.9763623812988
2026-02-23,CARE.OQ,15.5625083014802
2026-02-23,BLMN.OQ,29.8943473392083
2026-02-23,WU.N,6.03641511659916
2026-02-23,LZB.N,17.5292112103456
2026-02-23,TW.OQ,31.2761739167312
2026-02-23,QCRH.OQ,12.4489562050528
2026-02-23,OKTA.OQ,61.9204147625538
2026-02-23,BHE.N,60.735977134691
2026-02-23,PTGX.OQ,137.152722780118
2026-02-23,BZH.N,85.5729810633175
2026-02-23,CDW.OQ,15.2369944771618
2026-02-24,HNVR.OQ,21.5394140320745
2026-02-24,FORM.OQ,145.706876819887
2026-02-24,GD.N,22.7313035384402
2026-02-24,GIS.N,9.74491996163823
2026-02-24,IDCC.OQ,30.4000857661666
2026-02-24,HBAN.OQ,12.2487459788562
2026-02-24,BRKb.N,15.8007738831916
2026-02-24,CBFV.OQ,40.6588179331668
2026-02-24,GCMG.OQ,25.8246769134951
2026-02-24,FIS.N,149.660922043178
2026-02-24,GEV.N,49.3188545544244
2026-02-24,SM.N,3.55084779257737
2026-02-24,MCW.OQ,25.1574590606442
2026-02-24,CMCO.OQ,92.9883219460193
2026-02-24,PNRG.OQ,17.7506388858025
2026-02-24,AMRC.N,28.1546983788179
2026-02-24,BALL.N,20.0818731810991
2026-02-24,TDS.N,197.900916125589
2026-02-24,BFH.N,6.5558871976972
2026-02-24,OPCH.OQ,26.8409229816721
2026-02-24,AS.N,68.6424096645067
2026-02-24,VZ.N,12.2809394204362
2026-02-24,AGYS.OQ,67.1349415122852
2026-02-24,CARE.OQ,15.5256128337195
2026-02-24,BLMN.OQ,28.579775062077
2026-02-24,WU.N,6.1347280663809
2026-02-24,LZB.N,17.5341812163593
2026-02-24,TW.OQ,32.0951855896354
2026-02-24,QCRH.OQ,12.3748885491404
2026-02-24,OKTA.OQ,63.3724400260117
2026-02-24,BHE.N,62.6169009940525
2026-02-24,PTGX.OQ,138.419868850382
2026-02-24,BZH.N,86.0285026355177
2026-02-24,CDW.OQ,15.5339877910999
2026-02-25,HNVR.OQ,21.8190169958659
2026-02-25,FORM.OQ,153.312375957931
2026-02-25,GD.N,22.2108875681428
2026-02-25,GIS.N,9.55611481927271
2026-02-25,IDCC.OQ,31.7452074804178
2026-02-25,HBAN.OQ,12.4358596072053
2026-02-25,BRKb.N,15.8178281453429
2026-02-25,CBFV.OQ,41.3723391604234
2026-02-25,GCMG.OQ,26.3585203639033
2026-02-25,FIS.N,67.5913937023059
2026-02-25,GEV.N,49.1103063192357
2026-02-25,SM.N,3.48602822022845
2026-02-25,MCW.OQ,25.2294403455102
2026-02-25,CMCO.OQ,94.6843048892766
2026-02-25,PNRG.OQ,17.7680301061348
2026-02-25,AMRC.N,27.8328335959072
2026-02-25,BALL.N,19.933945973361
2026-02-25,TDS.N,83.9039194640808
2026-02-25,BFH.N,6.70521777528588
2026-02-25,OPCH.OQ,26.4109416758371
2026-02-25,AS.N,67.9423432479492
2026-02-25,VZ.N,12.1257650956293
2026-02-25,AGYS.OQ,66.2301076472454
2026-02-25,CARE.OQ,15.8281556693576
2026-02-25,BLMN.OQ,27.8007692682214
2026-02-25,WU.N,6.35757075255286
2026-02-25,LZB.N,17.8522616012365
2026-02-25,TW.OQ,32.0050678003838
2026-02-25,QCRH.OQ,12.6613766521979
2026-02-25,OKTA.OQ,65.0338063550603
2026-02-25,BHE.N,88.0383891716865
2026-02-25,PTGX.OQ,137.960528399911
2026-02-25,BZH.N,84.6619379189172
2026-02-25,CDW.OQ,15.0451862952435
2026-02-26,HNVR.OQ,21.7191587945118
2026-02-26,FORM.OQ,141.607150617856
2026-02-26,GD.N,22.7015284953635
2026-02-26,GIS.N,9.63978982554834
2026-02-26,IDCC.OQ,31.4327975181415
2026-02-26,HBAN.OQ,12.6229732355545
2026-02-26,BRKb.N,16.0576537068458
2026-02-26,CBFV.OQ,42.4901890831252
2026-02-26,GCMG.OQ,26.469737749405
2026-02-26,FIS.N,70.3187415631285
2026-02-26,GEV.N,49.1355339283312
2026-02-26,SM.N,3.34057942373819
2026-02-26,MCW.OQ,25.3014216303761
2026-02-26,CMCO.OQ,92.9883219460193
2026-02-26,PNRG.OQ,17.7100593716939
2026-02-26,AMRC.N,26.9942911351663
2026-02-26,BALL.N,20.115081329775
2026-02-26,TDS.N,82.7750842000074
2026-02-26,BFH.N,7.26222999107681
2026-02-26,OPCH.OQ,25.0668133941204
2026-02-26,AS.N,69.4501786066883
2026-02-26,VZ.N,12.0420202219239
2026-02-26,AGYS.OQ,68.4222309285275
2026-02-26,CARE.OQ,15.8871884177748
2026-02-26,BLMN.OQ,60.0349718282495
2026-02-26,WU.N,6.24614940946688
2026-02-26,LZB.N,18.1355519440179
2026-02-26,TW.OQ,32.3257811091909
2026-02-26,QCRH.OQ,12.5342038844992
2026-02-26,OKTA.OQ,67.033681641234
2026-02-26,BHE.N,86.3172940884759
2026-02-26,BZH.N,84.0762673260884
2026-02-26,CDW.OQ,15.2691687528385
2026-02-27,HNVR.OQ,20.6506760400232
2026-02-27,FORM.OQ,143.244143765664
2026-02-27,GD.N,23.111258979441
2026-02-27,GIS.N,9.70415521499113
2026-02-27,IDCC.OQ,30.6990947649136
2026-02-27,HBAN.OQ,12.0904190625607
2026-02-27,BRKb.N,16.1375955606801
2026-02-27,CBFV.OQ,41.3961232013319
2026-02-27,GCMG.OQ,25.7579464821941
2026-02-27,FIS.N,70.1947712058184
2026-02-27,GEV.N,48.9751984571916
2026-02-27,SM.N,4.11118872542485
2026-02-27,MCW.OQ,25.6253374122728
2026-02-27,CMCO.OQ,91.9707321800649
2026-02-27,PNRG.OQ,19.2172984671572
2026-02-27,AMRC.N,25.8000033880503
2026-02-27,BALL.N,20.26602746012
2026-02-27,TDS.N,82.8120951922721
2026-02-27,BFH.N,6.49175750180021
2026-02-27,OPCH.OQ,25.5148561546927
2026-02-27,AS.N,49.9257292337623
2026-02-27,VZ.N,12.3499057870171
2026-02-27,AGYS.OQ,67.3215051957986
2026-02-27,CARE.OQ,15.3780309626765
2026-02-27,BLMN.OQ,59.4521080240917
2026-02-27,WU.N,6.31169137598805
2026-02-27,LZB.N,17.7528614809624
2026-02-27,TW.OQ,32.669023865311
2026-02-27,QCRH.OQ,12.0884004460829
2026-02-27,OKTA.OQ,64.5839457673018
2026-02-27,BHE.N,84.3190735257654
2026-02-27,BZH.N,83.2302986920023
2026-02-27,CDW.OQ,15.1763583422328
2026-03-02,HNVR.OQ,21.0501088454395
2026-03-02,FORM.OQ,144.432050297701
2026-03-02,GD.N,23.6116091598389
2026-03-02,GIS.N,9.68055457219544
2026-03-02,IDCC.OQ,31.7292938362268
2026-03-02,HBAN.OQ,12.212762588789
2026-03-02,BRKb.N,15.3488359361818
2026-03-02,CBFV.OQ,41.9431561422286
2026-03-02,GCMG.OQ,26.0248682073982
2026-03-02,FIS.N,68.8724207278437
2026-03-02,GEV.N,49.4001435170651
2026-03-02,SM.N,4.29959599083559
2026-03-02,MCW.OQ,22.9359275843185
2026-03-02,CMCO.OQ,92.5522120463246
2026-03-02,PNRG.OQ,19.8723677663393
2026-03-02,AMRC.N,26.2150395554878
2026-03-02,BALL.N,20.0516839550301
2026-03-02,TDS.N,82.6270402309486
2026-03-02,BFH.N,6.5952811537482
2026-03-02,OPCH.OQ,24.8388618141802
2026-03-02,AS.N,49.8074218185164
2026-03-02,VZ.N,12.3104964346852
2026-03-02,AGYS.OQ,68.5621536911625
2026-03-02,CARE.OQ,15.451821898198
2026-03-02,BLMN.OQ,61.3949873712842
2026-03-02,WU.N,6.26581199942323
2026-03-02,LZB.N,17.7180714388664
2026-03-02,TW.OQ,32.5974597385524
2026-03-02,QCRH.OQ,11.7387928481281
2026-03-02,OKTA.OQ,65.8934409435492
2026-03-02,BHE.N,85.0337655518443
2026-03-02,BZH.N,79.2932908179866
2026-03-02,CDW.OQ,15.4399399083528
2026-03-03,HNVR.OQ,20.990193924627
2026-03-03,FORM.OQ,134.407278100509
2026-03-03,GD.N,23.6064308914777
2026-03-03,GIS.N,9.55611481927271
2026-03-03,IDCC.OQ,31.0567329791012
2026-03-03,HBAN.OQ,12.0544356724936
2026-03-03,BRKb.N,15.4853563617805
2026-03-03,CBFV.OQ,41.5982875490546
2026-03-03,GCMG.OQ,25.5799986653914
2026-03-03,FIS.N,69.2443317997741
2026-03-03,GEV.N,47.2036596851594
2026-03-03,SM.N,4.28182172051382
2026-03-03,MCW.OQ,22.8715008214412
2026-03-03,CMCO.OQ,91.0500557251538
2026-03-03,PNRG.OQ,19.463674088531
2026-03-03,AMRC.N,23.6316511663363
2026-03-03,BALL.N,19.6833753969883
2026-03-03,TDS.N,81.9238313779192
2026-03-03,BFH.N,6.66307540369643
2026-03-03,OPCH.OQ,24.5244458418488
2026-03-03,AS.N,48.532330787533
2026-03-03,VZ.N,12.5297109570315
2026-03-03,AGYS.OQ,73.1796048581184
2026-03-03,CARE.OQ,15.3854100562287
2026-03-03,BLMN.OQ,61.6864192733631
2026-03-03,WU.N,6.27236619607535
2026-03-03,LZB.N,17.5689712584552
2026-03-03,TW.OQ,33.293222082039
2026-03-03,QCRH.OQ,11.7294541107788
2026-03-03,OKTA.OQ,64.6017620282032
2026-03-03,BHE.N,81.8249442102653
2026-03-03,BZH.N,77.6664280601288
2026-03-03,CDW.OQ,15.5030509875646
2026-03-04,HNVR.OQ,21.3796409099079
2026-03-04,FORM.OQ,134.146518130061
2026-03-04,GD.N,23.6983451548885
2026-03-04,GIS.N,9.34585454709294
2026-03-04,IDCC.OQ,31.2669605944667
2026-03-04,HBAN.OQ,12.112009096601
2026-03-04,BRKb.N,15.6928626814083
2026-03-04,CBFV.OQ,42.0977524081341
2026-03-04,GCMG.OQ,25.9581377760972
2026-03-04,FIS.N,68.9826166010083
2026-03-04,GEV.N,47.1627348970713
2026-03-04,SM.N,4.36180593696177
2026-03-04,MCW.OQ,22.710433914248
2026-03-04,CMCO.OQ,89.6448127150264
2026-03-04,PNRG.OQ,19.6974893841093
2026-03-04,AMRC.N,34.107982358358
2026-03-04,BALL.N,19.5565806474985
2026-03-04,TDS.N,83.4782930530368
2026-03-04,BFH.N,6.88020023123336
2026-03-04,OPCH.OQ,24.1471466750511
2026-03-04,AS.N,48.5980571293363
2026-03-04,VZ.N,12.6109927462161
2026-03-04,AGYS.OQ,74.6348015895226
2026-03-04,CARE.OQ,15.4813382724066
2026-03-04,BLMN.OQ,63.8235865552749
2026-03-04,WU.N,6.27892039272746
2026-03-04,LZB.N,17.7826815170446
2026-03-04,TW.OQ,33.0202181910709
2026-03-04,QCRH.OQ,11.7721454815186
2026-03-04,OKTA.OQ,63.9069278530515
2026-03-04,BHE.N,83.6335526027917
2026-03-04,BZH.N,76.5926986399427
2026-03-04,CDW.OQ,15.4523146297669
2026-02-11,NSP.N,67.0585868520464
2026-02-12,TCBK.OQ,14.0823230899352
2026-02-12,FNB.N,12.7943961974197
2026-02-12,LADR.N,20.3491801344815
2026-02-12,VCYT.OQ,92.724490872639
2026-02-12,VLO.N,40.9885887236107
2026-02-12,DT.N,60.2981923736641
2026-02-12,RRC.N,15.3616797900262
2026-02-12,WNEB.OQ,18.4990763751379
2026-02-12,CPAY.N,21.8191102594364
2026-02-12,SBRA.OQ,27.8545784673792
2026-02-12,ACAD.OQ,13.9197536828409
2026-02-12,NU.N,33.0187765225648
2026-02-12,BHF.OQ,4.4228763947864
2026-02-12,JBHT.OQ,37.8534045911445
2026-02-12,DBX.OQ,11.4917524213075
2026-02-12,ATLO.OQ,15.1976529924902
2026-02-12,STRL.OQ,42.2605986991615
2026-02-12,VRT.N,89.1642664334293
2026-02-12,ABCB.N,14.3997923606004
2026-02-12,GM.N,26.5496131987418
2026-02-12,HUBB.N,32.0040189535835
2026-02-12,PYPL.OQ,7.20922810713488
2026-02-12,LULU.OQ,11.7417439672314
2026-02-12,ALK.N,44.6151750879245
2026-02-12,FIBK.OQ,15.731179669957
2026-02-12,MKL.N,13.0285785246429
2026-02-12,EMBC.OQ,4.22520333791064
2026-02-12,OBT.OQ,10.5351215857148
2026-02-12,OVLY.OQ,11.4472183016781
2026-02-12,LUV.N,63.6090601927168
2026-02-12,ELF.N,42.0128644261313
2026-02-12,BFb.N,17.9033208996609
2026-02-12,CAVA.N,54.821556308228
2026-02-12,ISRG.OQ,60.7616406912557
2026-02-12,HII.N,26.4555564082985
2026-02-12,FLO.N,12.4020673754603
2026-02-12,EHTH.OQ,14.0099094481463
2026-02-13,TCBK.OQ,14.1809980265013
2026-02-13,FNB.N,12.9159072227583
2026-02-13,LADR.N,20.4081632653061
2026-02-13,VCYT.OQ,94.3600295452147
2026-02-13,VLO.N,41.6671870641671
2026-02-13,DT.N,61.3537405990236
2026-02-13,RRC.N,15.7774278215223
2026-02-13,WNEB.OQ,18.6718407378367
2026-02-13,CPAY.N,22.8920031453417
2026-02-13,SBRA.OQ,31.5239985621181
2026-02-13,ACAD.OQ,14.190290311568
2026-02-13,NU.N,32.5924777646443
2026-02-13,BHF.OQ,4.40562379533724
2026-02-13,JBHT.OQ,38.3795309168443
2026-02-13,DBX.OQ,11.600522094431
2026-02-13,ATLO.OQ,15.4592975678188
2026-02-13,STRL.OQ,42.8816315335789
2026-02-13,VRT.N,88.4178064632878
2026-02-13,ABCB.N,14.5382186269845
2026-02-13,GM.N,26.9315981252844
2026-02-13,HUBB.N,31.4039316629548
2026-02-13,PYPL.OQ,7.43244115753492
2026-02-13,LULU.OQ,12.2189492756384
2026-02-13,ALK.N,63.0712875580559
2026-02-13,FIBK.OQ,15.865994278805
2026-02-13,MKL.N,12.9055865101107
2026-02-13,EMBC.OQ,4.29703179465512
2026-02-13,OBT.OQ,10.6253968349498
2026-02-13,OVLY.OQ,11.6552864925598
2026-02-13,LUV.N,63.9594543861844
2026-02-13,ELF.N,46.0654977899865
2026-02-13,BFb.N,17.4830277451856
2026-02-13,CAVA.N,54.7267540571054
2026-02-13,ISRG.OQ,61.6808096812363
2026-02-13,HII.N,27.237333839776
2026-02-13,FLO.N,11.3203011462351
2026-02-13,EHTH.OQ,14.5224671108833
2026-02-17,TCBK.OQ,14.3811671835354
2026-02-17,FNB.N,12.9945320038598
2026-02-17,LADR.N,20.5457905705635
2026-02-17,VCYT.OQ,95.0459006014562
2026-02-17,VLO.N,41.078097093684
2026-02-17,DT.N,60.4136429608128
2026-02-17,RRC.N,15.4120734908136
2026-02-17,WNEB.OQ,18.7117094369211
2026-02-17,CPAY.N,23.2580090095841
2026-02-17,SBRA.OQ,32.1804229248394
2026-02-17,ACAD.OQ,14.7828943554465
2026-02-17,NU.N,32.5924777646443
2026-02-17,BHF.OQ,4.41045452318301
2026-02-17,JBHT.OQ,38.6823996898624
2026-02-17,DBX.OQ,11.5768765133172
2026-02-17,ATLO.OQ,15.5650687791219
2026-02-17,STRL.OQ,41.2585220593997
2026-02-17,VRT.N,71.4191450113934
2026-02-17,ABCB.N,14.5088030453779
2026-02-17,GM.N,26.9781006380809
2026-02-17,HUBB.N,31.4117209309014
2026-02-17,PYPL.OQ,7.52836742712832
2026-02-17,LULU.OQ,12.3089880130736
2026-02-17,ALK.N,65.1367666693293
2026-02-17,FIBK.OQ,15.9965959311266
2026-02-17,MKL.N,13.0469177919497
2026-02-17,EMBC.OQ,4.33928382803422
2026-02-17,OBT.OQ,10.6494702347457
2026-02-17,OVLY.OQ,11.6830289180107
2026-02-17,LUV.N,67.9013890626955
2026-02-17,ELF.N,49.332474197669
2026-02-17,BFb.N,17.0802468054802
2026-02-17,CAVA.N,54.5630047142574
2026-02-17,ISRG.OQ,62.6342570727768
2026-02-17,HII.N,27.1755461060069
2026-02-17,FLO.N,10.5554159336517
2026-02-17,EHTH.OQ,13.4973517854092
2026-02-18,TCBK.OQ,14.2571186918523
2026-02-18,FNB.N,12.9730888817412
2026-02-18,LADR.N,20.4671463961307
2026-02-18,VCYT.OQ,96.5759206499947
2026-02-18,VLO.N,41.5193941740459
2026-02-18,DT.N,60.0672911993667
2026-02-18,RRC.N,15.7606299212598
2026-02-18,WNEB.OQ,18.4060494106077
2026-02-18,CPAY.N,23.7116118246377
2026-02-18,SBRA.OQ,31.3051904412109
2026-02-18,ACAD.OQ,14.9439280630222
2026-02-18,NU.N,33.2706803340632
2026-02-18,BHF.OQ,4.41528525102877
2026-02-18,JBHT.OQ,38.6720156176446
2026-02-18,DBX.OQ,11.6714588377724
2026-02-18,ATLO.OQ,15.4815651912511
2026-02-18,STRL.OQ,40.223140819685
2026-02-18,VRT.N,71.3252997914876
2026-02-18,ABCB.N,14.394601375611
2026-02-18,GM.N,27.7918946120196
2026-02-18,HUBB.N,31.2948819117021
2026-02-18,PYPL.OQ,7.64643052816635
2026-02-18,LULU.OQ,12.614427114681
2026-02-18,ALK.N,63.721742305805
2026-02-18,FIBK.OQ,15.697476017745
2026-02-18,MKL.N,12.963671288475
2026-02-18,EMBC.OQ,4.42801309813035
2026-02-18,OBT.OQ,10.5140573608934
2026-02-18,OVLY.OQ,11.5893982321139
2026-02-18,LUV.N,68.5771492929546
2026-02-18,ELF.N,49.762042029821
2026-02-18,BFb.N,17.1736452842524
2026-02-18,CAVA.N,58.3723315320906
2026-02-18,ISRG.OQ,63.575008760036
2026-02-18,HII.N,27.6347265274903
2026-02-18,FLO.N,10.8067353606434
2026-02-18,EHTH.OQ,13.2410729540407
2026-02-19,TCBK.OQ,14.1584437552862
2026-02-19,FNB.N,12.9659411743683
2026-02-19,LADR.N,20.5261295269553
2026-02-19,VCYT.OQ,95.7053920016883
2026-02-19,VLO.N,41.4735991940084
2026-02-19,DT.N,59.8363900250693
2026-02-19,RRC.N,16.4367454068241
2026-02-19,WNEB.OQ,18.2864433133547
2026-02-19,CPAY.N,23.5764816447041
2026-02-19,SBRA.OQ,31.2895612897176
2026-02-19,ACAD.OQ,15.6718004212642
2026-02-19,NU.N,33.5613385780999
2026-02-19,BHF.OQ,4.39458213168978
2026-02-19,JBHT.OQ,39.0648796832166
2026-02-19,DBX.OQ,11.6951044188862
2026-02-19,ATLO.OQ,15.5261004381155
2026-02-19,STRL.OQ,40.6639369955333
2026-02-19,VRT.N,71.2813098446568
2026-02-19,ABCB.N,14.3496128390362
2026-02-19,GM.N,27.0611408395032
2026-02-19,HUBB.N,31.5501302305683
2026-02-19,PYPL.OQ,7.69808313487049
2026-02-19,LULU.OQ,12.6663725401244
2026-02-19,ALK.N,59.4880807020347
2026-02-19,FIBK.OQ,15.646920539427
2026-02-19,MKL.N,12.9419520879444
2026-02-19,EMBC.OQ,4.4491391148199
2026-02-19,OBT.OQ,10.4298004616074
2026-02-19,OVLY.OQ,11.6310118702903
2026-02-19,LUV.N,65.1733199849831
2026-02-19,ELF.N,51.5085744000181
2026-02-19,BFb.N,17.1736452842524
2026-02-19,CAVA.N,58.9842369711542
2026-02-19,ISRG.OQ,63.4188515973735
2026-02-19,HII.N,28.821701413053
2026-02-19,FLO.N,10.795808429035
2026-02-19,EHTH.OQ,12.7285152913036
2026-02-20,TCBK.OQ,14.2289258528334
2026-02-20,FNB.N,13.1017476144527
2026-02-20,LADR.N,20.6047737013881
2026-02-20,VCYT.OQ,93.9907143610847
2026-02-20,VLO.N,41.7900008742678
2026-02-20,DT.N,58.3850112151999
2026-02-20,RRC.N,16.6761154855643
2026-02-20,WNEB.OQ,18.4060494106077
2026-02-20,CPAY.N,23.94995701638
2026-02-20,SBRA.OQ,31.1488989262773
2026-02-20,ACAD.OQ,15.4527945789613
2026-02-20,NU.N,33.9682601197512
2026-02-20,BHF.OQ,4.41183473113894
2026-02-20,JBHT.OQ,39.8333010273309
2026-02-20,DBX.OQ,12.0497881355932
2026-02-20,ATLO.OQ,15.5038328146833
2026-02-20,STRL.OQ,42.6592743515399
2026-02-20,VRT.N,71.4836636000786
2026-02-20,ABCB.N,14.4880391054203
2026-02-20,GM.N,27.0744272717308
2026-02-20,HUBB.N,31.5603161963447
2026-02-20,PYPL.OQ,7.68332524724074
2026-02-20,LULU.OQ,12.9725042474043
2026-02-20,ALK.N,60.0015976081524
2026-02-20,FIBK.OQ,15.773309235222
2026-02-20,MKL.N,13.0327721454946
2026-02-20,EMBC.OQ,4.53364318157811
2026-02-20,OBT.OQ,10.5321124107403
2026-02-20,OVLY.OQ,11.7246425561871
2026-02-20,LUV.N,65.1858340633212
2026-02-20,ELF.N,53.1420626038593
2026-02-20,BFb.N,17.5063773648787
2026-02-20,CAVA.N,60.4235075109238
2026-02-20,ISRG.OQ,63.9926974308973
2026-02-20,HII.N,28.4594301740073
2026-02-20,FLO.N,11.0034201295934
2026-02-20,EHTH.OQ,12.6430890141808
2026-02-23,TCBK.OQ,13.8285875387652
2026-02-23,FNB.N,12.4656016582681
2026-02-23,LADR.N,20.3688411780897
2026-02-23,VCYT.OQ,94.3072702331962
2026-02-23,VLO.N,41.0885050436926
2026-02-23,DT.N,55.4822535954611
2026-02-23,RRC.N,16.2015748031496
2026-02-23,WNEB.OQ,17.7017023934509
2026-02-23,CPAY.N,22.5830371560462
2026-02-23,SBRA.OQ,31.9303565009456
2026-02-23,ACAD.OQ,15.9294543533853
2026-02-23,NU.N,31.3717131396904
2026-02-23,BHF.OQ,4.31591027820161
2026-02-23,JBHT.OQ,38.4331819566361
2026-02-23,DBX.OQ,10.8721699076087
2026-02-23,ATLO.OQ,15.1865191807741
2026-02-23,STRL.OQ,42.5750333046
2026-02-23,VRT.N,71.9734183414617
2026-02-23,ABCB.N,13.7941774451702
2026-02-23,GM.N,26.4599297812057
2026-02-23,HUBB.N,30.9767202748054
2026-02-23,PYPL.OQ,8.12606187613336
2026-02-23,LULU.OQ,12.3359996343042
2026-02-23,ALK.N,57.7763576816424
2026-02-23,FIBK.OQ,15.0697454952962
2026-02-23,MKL.N,12.9351922214968
2026-02-23,EMBC.OQ,4.46603992817154
2026-02-23,OBT.OQ,10.1980939885712
2026-02-23,OVLY.OQ,11.4541539080408
2026-02-23,LUV.N,63.6966587410837
2026-02-23,ELF.N,50.9094403183324
2026-02-23,BFb.N,17.6289628682673
2026-02-23,CAVA.N,58.9066714929631
2026-02-23,ISRG.OQ,62.4755607692581
2026-02-23,HII.N,28.4880476507003
2026-02-23,FLO.N,11.0689817192434
2026-02-23,EHTH.OQ,13.070220399795
2026-02-24,TCBK.OQ,13.8765153650973
2026-02-24,FNB.N,12.5299310246239
2026-02-24,LADR.N,20.2508749164406
2026-02-24,VCYT.OQ,94.1489922971405
2026-02-24,VLO.N,41.4923335040237
2026-02-24,DT.N,56.488322997757
2026-02-24,RRC.N,16.1805774278215
2026-02-24,WNEB.OQ,17.6352545616437
2026-02-24,CPAY.N,23.0040457568444
2026-02-24,SBRA.OQ,32.0553897128925
2026-02-24,ACAD.OQ,15.8392754771429
2026-02-24,NU.N,32.0305384928401
2026-02-24,BHF.OQ,4.2689832076999
2026-02-24,JBHT.OQ,38.5768282889818
2026-02-24,DBX.OQ,10.7745422594588
2026-02-24,ATLO.OQ,15.3145580155094
2026-02-24,STRL.OQ,45.0317373246611
2026-02-24,VRT.N,74.2403669348098
2026-02-24,ABCB.N,13.7301552969676
2026-02-24,GM.N,27.0013518944792
2026-02-24,HUBB.N,31.5615145452595
2026-02-24,PYPL.OQ,8.67394845438798
2026-02-24,LULU.OQ,12.4315792171201
2026-02-24,ALK.N,59.9217172005341
2026-02-24,FIBK.OQ,14.9812734082397
2026-02-24,MKL.N,12.9374455103127
2026-02-24,EMBC.OQ,4.34350903137214
2026-02-24,OBT.OQ,10.1258737891832
2026-02-24,OVLY.OQ,11.4229436794085
2026-02-24,LUV.N,63.3712927042923
2026-02-24,ELF.N,53.5998914776003
2026-02-24,BFb.N,17.7573857765792
2026-02-24,CAVA.N,58.4326602373503
2026-02-24,ISRG.OQ,62.7193182914629
2026-02-24,HII.N,29.1202337267369
2026-02-24,FLO.N,10.9597124031601
2026-02-24,EHTH.OQ,14.8641722193747
2026-02-25,TCBK.OQ,14.0033831406823
2026-02-25,FNB.N,11.4252777866726
2026-02-25,LADR.N,20.5261295269553
2026-02-25,VCYT.OQ,94.2281312651683
2026-02-25,VLO.N,41.5568627940766
2026-02-25,DT.N,57.9561947486476
2026-02-25,RRC.N,14.2698768115414
2026-02-25,WNEB.OQ,17.7681502252581
2026-02-25,CPAY.N,22.425498453812
2026-02-25,SBRA.OQ,32.1335354703593
2026-02-25,ACAD.OQ,16.0840467126579
2026-02-25,NU.N,32.2630650880694
2026-02-25,BHF.OQ,10.4651983926723
2026-02-25,JBHT.OQ,35.6794141578519
2026-02-25,DBX.OQ,10.8411065650156
2026-02-25,ATLO.OQ,15.4537306619608
2026-02-25,STRL.OQ,44.5938797899851
2026-02-25,VRT.N,76.8914943971471
2026-02-25,ABCB.N,13.9948955314271
2026-02-25,GM.N,27.3800152129649
2026-02-25,HUBB.N,31.6304196078643
2026-02-25,PYPL.OQ,8.72929053299956
2026-02-25,LULU.OQ,12.6435165529293
2026-02-25,ALK.N,61.9871963118075
2026-02-25,FIBK.OQ,15.3098840173068
2026-02-25,MKL.N,12.9979713515608
2026-02-25,EMBC.OQ,4.36040984472378
2026-02-25,OBT.OQ,10.2041123385201
2026-02-25,OVLY.OQ,11.4541539080408
2026-02-25,LUV.N,62.4327368289325
2026-02-25,ELF.N,52.6164072303049
2026-02-25,BFb.N,16.4031078343811
2026-02-25,CAVA.N,73.8337168515311
2026-02-25,ISRG.OQ,64.2618463616651
2026-02-25,HII.N,28.3300011316911
2026-02-25,FLO.N,10.5444890020433
2026-02-25,EHTH.OQ,16.1455663762173
2026-02-26,TCBK.OQ,14.0315759797012
2026-02-26,FNB.N,11.534150949438
2026-02-26,LADR.N,20.703078919429
2026-02-26,VCYT.OQ,102.221167035982
2026-02-26,VLO.N,26.6485862348983
2026-02-26,DT.N,59.951840612218
2026-02-26,RRC.N,14.2552896642768
2026-02-26,WNEB.OQ,17.7415710925352
2026-02-26,CPAY.N,22.6882893062457
2026-02-26,SBRA.OQ,32.6024100151603
2026-02-26,ACAD.OQ,15.871482218658
2026-02-26,NU.N,25.6065835784605
2026-02-26,BHF.OQ,10.3704673341474
2026-02-26,JBHT.OQ,37.1391375101709
2026-02-26,DBX.OQ,11.0230490002041
2026-02-26,ATLO.OQ,15.4537306619608
2026-02-26,STRL.OQ,42.4476921871327
2026-02-26,VRT.N,76.023426113019
2026-02-26,ABCB.N,14.2838603625038
2026-02-26,GM.N,26.8352714916345
2026-02-26,HUBB.N,31.4081258841568
2026-02-26,PYPL.OQ,8.39908279728381
2026-02-26,LULU.OQ,12.8893915666948
2026-02-26,ALK.N,63.1055220184638
2026-02-26,FIBK.OQ,15.4994670609994
2026-02-26,MKL.N,12.9229243157216
2026-02-26,EMBC.OQ,4.42801309813035
2026-02-26,OBT.OQ,10.2161490384181
2026-02-26,OVLY.OQ,11.4090724666831
2026-02-26,LUV.N,63.7342009760981
2026-02-26,ELF.N,53.4981517278801
2026-02-26,BFb.N,16.6249292214653
2026-02-26,CAVA.N,157.319223985891
2026-02-26,ISRG.OQ,64.3519858620637
2026-02-26,HII.N,28.812595852287
2026-02-26,FLO.N,25.0632271117855
2026-02-26,EHTH.OQ,11.3616948573381
2026-02-27,TCBK.OQ,13.4705384832253
2026-02-27,FNB.N,10.8809119728458
2026-02-27,LADR.N,20.3885022216979
2026-02-27,VCYT.OQ,44.9105838744124
2026-02-27,VLO.N,26.7597364301957
2026-02-27,DT.N,59.2426441483045
2026-02-27,RRC.N,15.0539359770107
2026-02-27,WNEB.OQ,17.0770927744628
2026-02-27,CPAY.N,22.0757896966973
2026-02-27,SBRA.OQ,32.117906318866
2026-02-27,ACAD.OQ,10.7693791821235
2026-02-27,NU.N,25.4705592301022
2026-02-27,BHF.OQ,10.3308525278552
2026-02-27,JBHT.OQ,37.9837266069976
2026-02-27,DBX.OQ,11.0896133057609
2026-02-27,ATLO.OQ,15.0362127226067
2026-02-27,STRL.OQ,45.6844504484893
2026-02-27,VRT.N,74.7506503180473
2026-02-27,ABCB.N,12.942837191241
2026-02-27,GM.N,26.1443770158009
2026-02-27,HUBB.N,30.6555627656215
2026-02-27,PYPL.OQ,8.52452484213672
2026-02-27,LULU.OQ,12.824979239145
2026-02-27,ALK.N,58.8832719014961
2026-02-27,FIBK.OQ,11.7490104488455
2026-02-27,MKL.N,12.2081632412627
2026-02-27,EMBC.OQ,4.33505862469631
2026-02-27,OBT.OQ,9.99347009030534
2026-02-27,OVLY.OQ,11.0969701803604
2026-02-27,LUV.N,61.6443498936303
2026-02-27,ELF.N,52.0285775652547
2026-02-27,BFb.N,16.8467506085495
2026-02-27,CAVA.N,153.104984683932
2026-02-27,ISRG.OQ,63.9241406277772
2026-02-27,HII.N,28.9114562263174
2026-02-27,FLO.N,24.9873545776429
2026-03-02,TCBK.OQ,13.6340569495348
2026-03-02,FNB.N,11.0346152614557
2026-03-02,LADR.N,20.5851126577799
2026-03-02,VCYT.OQ,44.1986915910793
2026-03-02,VLO.N,28.10269231926
2026-03-02,DT.N,60.5455864889827
2026-03-02,RRC.N,15.2727431859788
2026-03-02,WNEB.OQ,17.2099884380773
2026-03-02,CPAY.N,22.0500188282893
2026-03-02,SBRA.OQ,32.1491646218527
2026-03-02,ACAD.OQ,10.0020170661335
2026-03-02,NU.N,25.8276231445429
2026-03-02,BHF.OQ,10.3170734647971
2026-03-02,JBHT.OQ,37.7656631407649
2026-03-02,DBX.OQ,11.0763004446496
2026-03-02,ATLO.OQ,15.1475508397677
2026-03-02,STRL.OQ,46.1902414351659
2026-03-02,VRT.N,75.5893919709549
2026-03-02,ABCB.N,13.2194932527586
2026-03-02,GM.N,25.8288242503961
2026-03-02,HUBB.N,30.9761211003479
2026-03-02,PYPL.OQ,8.41753015682101
2026-03-02,LULU.OQ,12.2016341338239
2026-03-02,ALK.N,57.936118496879
2026-03-02,FIBK.OQ,11.9425075871246
2026-03-02,MKL.N,12.2572322264831
2026-03-02,EMBC.OQ,4.22097813457273
2026-03-02,OBT.OQ,10.0085159651778
2026-03-02,OVLY.OQ,11.3015705680608
2026-03-02,LUV.N,60.4054561381554
2026-03-02,ELF.N,46.1446287064356
2026-03-02,BFb.N,16.8409132036262
2026-03-02,CAVA.N,145.71614220737
2026-03-02,ISRG.OQ,63.0024324969403
2026-03-02,HII.N,29.5104720452781
2026-03-02,FLO.N,24.0768841679312
2026-03-03,TCBK.OQ,13.046014888123
2026-03-03,FNB.N,10.9065291876141
2026-03-03,LADR.N,20.3885022216979
2026-03-03,VCYT.OQ,43.0572091367692
2026-03-03,VLO.N,28.4688341390633
2026-03-03,DT.N,61.0898535426837
2026-03-03,RRC.N,15.1414588605979
2026-03-03,WNEB.OQ,16.8644597126796
2026-03-03,CPAY.N,22.2100758909567
2026-03-03,SBRA.OQ,31.9147273494522
2026-03-03,ACAD.OQ,9.86608434844379
2026-03-03,NU.N,25.0964922721167
2026-03-03,BHF.OQ,10.2964048702098
2026-03-03,JBHT.OQ,37.5703824247356
2026-03-03,DBX.OQ,11.6132525094743
2026-03-03,ATLO.OQ,15.0083781933164
2026-03-03,STRL.OQ,44.3378086232028
2026-03-03,VRT.N,71.6860173555003
2026-03-03,ABCB.N,13.2228264583191
2026-03-03,GM.N,25.6660654556084
2026-03-03,HUBB.N,29.2690730711226
2026-03-03,PYPL.OQ,8.55588535334995
2026-03-03,LULU.OQ,12.0700390560339
2026-03-03,ALK.N,56.7721468430122
2026-03-03,FIBK.OQ,11.7897466884832
2026-03-03,MKL.N,12.0052897897633
2026-03-03,EMBC.OQ,4.10267244111123
2026-03-03,OBT.OQ,9.9302774158409
2026-03-03,OVLY.OQ,11.2668925362472
2026-03-03,LUV.N,59.7547240645726
2026-03-03,ELF.N,45.8337572489572
2026-03-03,BFb.N,16.420620049151
2026-03-03,CAVA.N,143.07992202729
2026-03-03,ISRG.OQ,63.1509722370339
2026-03-03,HII.N,28.6389398005362
2026-03-03,FLO.N,23.343449671219
2026-03-04,TCBK.OQ,13.2566958738939
2026-03-04,FNB.N,10.9257420986903
2026-03-04,LADR.N,20.4671463961307
2026-03-04,VCYT.OQ,44.5178157180907
2026-03-04,VLO.N,29.5005694812947
2026-03-04,DT.N,61.4526982451511
2026-03-04,RRC.N,15.1523992210463
2026-03-04,WNEB.OQ,17.14354060627
2026-03-04,CPAY.N,21.8315176929468
2026-03-04,SBRA.OQ,31.649031774065
2026-03-04,ACAD.OQ,10.2563427960045
2026-03-04,NU.N,25.5045653171918
2026-03-04,BHF.OQ,10.4944789016709
2026-03-04,JBHT.OQ,38.2294548413344
2026-03-04,DBX.OQ,11.6132525094743
2026-03-04,ATLO.OQ,15.1920860866322
2026-03-04,STRL.OQ,44.8403984011029
2026-03-04,VRT.N,73.6919589309857
2026-03-04,ABCB.N,13.2378258833411
2026-03-04,GM.N,26.1078393271751
2026-03-04,HUBB.N,29.4062840218747
2026-03-04,PYPL.OQ,8.62414058363756
2026-03-04,LULU.OQ,11.9966228547405
2026-03-04,ALK.N,55.174538690646
2026-03-04,FIBK.OQ,11.9357182138517
2026-03-04,MKL.N,12.0183669983094
2026-03-04,EMBC.OQ,4.06042040773212
2026-03-04,OBT.OQ,9.93629576578989
2026-03-04,OVLY.OQ,11.4992353493985
2026-03-04,LUV.N,59.0038793642848
2026-03-04,ELF.N,45.3872327918518
2026-03-04,BFb.N,15.3290253285
2026-03-04,CAVA.N,147.62833008447
2026-03-04,ISRG.OQ,63.6283307180182
2026-03-04,HII.N,28.4243087253386
2026-03-04,FLO.N,22.862923621649
2026-02-12,GE.N,38.2508450540651
2026-02-12,CCB.OQ,26.4221402914695
2026-02-12,GBTG.N,244.617498854787
2026-02-12,RSVR.OQ,76.6279656739021
2026-02-12,ABBV.N,171.656656505599
2026-02-12,ENTG.OQ,84.5470692717584
2026-02-12,CDE.N,30.6934611494657
2026-02-12,WSC.OQ,17.7897754900153
2026-02-12,DG.N,25.6503669887926
2026-02-12,TRST.OQ,13.9130808765026
2026-02-12,ANET.N,51.4219822123783
2026-02-12,SBC.OQ,11.0099160583074
2026-02-12,LRN.N,12.8704738071761
2026-02-12,ATR.N,23.8795671732853
2026-02-12,CCS.N,14.8736664102005
2026-02-12,BOKF.OQ,15.9520628365521
2026-02-12,COSO.N,11.511390998333
2026-02-12,UPST.OQ,62.3103754308477
2026-02-12,BCML.OQ,14.0318655585656
2026-02-12,FR.N,31.0920812188182
2026-02-12,ORC.N,15.5576189002373
2026-02-12,BBY.N,21.4058498983659
2026-02-12,AIZ.N,13.0562750534931
2026-02-12,GPC.N,25.4272469979449
2026-02-12,NTNX.OQ,54.2161528017611
2026-02-12,MLI.N,17.7571196562425
2026-02-12,NPKI.N,36.0940774664286
2026-02-12,QSR.N,23.5328750895562
2026-02-12,ACI.N,11.5539517350259
2026-02-12,ARKO.OQ,54.7969656403391
2026-02-12,HSY.N,38.5993285293154
2026-02-12,NXST.OQ,14.0297649501552
2026-02-13,GE.N,38.5589153967934
2026-02-13,CCB.OQ,26.4158108770986
2026-02-13,GBTG.N,230.87494273935
2026-02-13,RSVR.OQ,77.233720343261
2026-02-13,ABBV.N,174.674795521082
2026-02-13,ENTG.OQ,84.8893912481835
2026-02-13,CDE.N,32.8628175248816
2026-02-13,WSC.OQ,18.1251152730504
2026-02-13,DG.N,26.5620116959872
2026-02-13,TRST.OQ,14.0451768088695
2026-02-13,ANET.N,53.8842396495755
2026-02-13,SBC.OQ,11.0812546072813
2026-02-13,LRN.N,12.9375313379654
2026-02-13,ATR.N,24.2313620921431
2026-02-13,CCS.N,15.3961990890651
2026-02-13,BOKF.OQ,15.9830238423561
2026-02-13,COSO.N,11.5901092794962
2026-02-13,UPST.OQ,63.3217064663268
2026-02-13,BCML.OQ,14.0777813490059
2026-02-13,FR.N,31.5743782387585
2026-02-13,ORC.N,15.53698545342
2026-02-13,BBY.N,21.7127319764526
2026-02-13,AIZ.N,13.2388973267143
2026-02-13,GPC.N,25.3497301552576
2026-02-13,NTNX.OQ,55.0465971553985
2026-02-13,MLI.N,17.8482584277217
2026-02-13,NPKI.N,37.3618981086186
2026-02-13,QSR.N,23.4583927418725
2026-02-13,ACI.N,11.9663627283565
2026-02-13,ARKO.OQ,56.4926372155288
2026-02-13,HSY.N,37.9715307347964
2026-02-13,NXST.OQ,13.7852816268994
2026-02-17,GE.N,39.9855744839516
2026-02-17,CCB.OQ,27.1120464579015
2026-02-17,GBTG.N,251.488776912506
2026-02-17,RSVR.OQ,77.8394750126199
2026-02-17,ABBV.N,175.700962786346
2026-02-17,ENTG.OQ,83.6815759728726
2026-02-17,CDE.N,31.9686909106899
2026-02-17,WSC.OQ,18.0915812947469
2026-02-17,DG.N,25.8437461691066
2026-02-17,TRST.OQ,14.1158327726936
2026-02-17,ANET.N,54.2609992883429
2026-02-17,SBC.OQ,10.8910184766842
2026-02-17,LRN.N,12.7683634762014
2026-02-17,ATR.N,24.0733093025113
2026-02-17,CCS.N,15.1061317358371
2026-02-17,BOKF.OQ,15.9044305199306
2026-02-17,COSO.N,11.7521763289498
2026-02-17,UPST.OQ,65.9841902127923
2026-02-17,BCML.OQ,14.0272739795216
2026-02-17,FR.N,32.1799289415724
2026-02-17,ORC.N,15.4750851129681
2026-02-17,BBY.N,21.8117261951902
2026-02-17,AIZ.N,13.4556090909368
2026-02-17,GPC.N,21.6599284433412
2026-02-17,NTNX.OQ,53.9788829864361
2026-02-17,MLI.N,17.7451670304747
2026-02-17,NPKI.N,37.5688892338741
2026-02-17,QSR.N,24.1642016556362
2026-02-17,ACI.N,11.9019235106486
2026-02-17,ARKO.OQ,54.7077197679607
2026-02-17,HSY.N,37.429031553663
2026-02-17,NXST.OQ,13.9176604019306
2026-02-18,GE.N,40.2911998239598
2026-02-18,CCB.OQ,26.9316581483298
2026-02-18,GBTG.N,249.198350893266
2026-02-18,RSVR.OQ,77.9404341241797
2026-02-18,ABBV.N,172.577188905321
2026-02-18,ENTG.OQ,85.1865008880994
2026-02-18,CDE.N,33.1120003517875
2026-02-18,WSC.OQ,18.5191395181167
2026-02-18,DG.N,26.247770527977
2026-02-18,TRST.OQ,13.9714488466182
2026-02-18,ANET.N,50.6905746191123
2026-02-18,SBC.OQ,10.3678691175421
2026-02-18,LRN.N,12.8399931113627
2026-02-18,ATR.N,24.0852057490428
2026-02-18,CCS.N,15.0649874304147
2026-02-18,BOKF.OQ,15.8865684011975
2026-02-18,COSO.N,11.6595665864049
2026-02-18,UPST.OQ,65.0760562217498
2026-02-18,BCML.OQ,13.9767666100372
2026-02-18,FR.N,32.3674888937714
2026-02-18,ORC.N,15.53698545342
2026-02-18,BBY.N,22.0790105857818
2026-02-18,AIZ.N,13.374037808898
2026-02-18,GPC.N,20.8279143318307
2026-02-18,NTNX.OQ,54.3347877094236
2026-02-18,MLI.N,17.4792211071418
2026-02-18,NPKI.N,37.7241325778157
2026-02-18,QSR.N,24.4231164832982
2026-02-18,ACI.N,11.6763862486709
2026-02-18,ARKO.OQ,55.3324408746096
2026-02-18,HSY.N,51.1391378849715
2026-02-18,NXST.OQ,14.1961328701269
2026-02-19,GE.N,40.9220105257367
2026-02-19,CCB.OQ,26.574046236372
2026-02-19,GBTG.N,246.449839670179
2026-02-19,RSVR.OQ,77.8394750126199
2026-02-19,ABBV.N,169.279872030906
2026-02-19,ENTG.OQ,85.6902954949136
2026-02-19,CDE.N,26.1686715538057
2026-02-19,WSC.OQ,18.5359065072685
2026-02-19,DG.N,26.2080587320196
2026-02-19,TRST.OQ,14.0021688308896
2026-02-19,ANET.N,49.8514229251883
2026-02-19,SBC.OQ,10.1538534706204
2026-02-19,LRN.N,12.6403445537855
2026-02-19,ATR.N,24.3299326491177
2026-02-19,CCS.N,14.7420046328488
2026-02-19,BOKF.OQ,14.527526240079
2026-02-19,COSO.N,11.6364141507687
2026-02-19,UPST.OQ,63.2597882396648
2026-02-19,BCML.OQ,13.7425960787915
2026-02-19,FR.N,32.5443311344162
2026-02-19,ORC.N,15.4544516661508
2026-02-19,BBY.N,21.8777223410153
2026-02-19,AIZ.N,13.5700523821554
2026-02-19,GPC.N,20.5626344701896
2026-02-19,NTNX.OQ,54.466604273493
2026-02-19,MLI.N,17.7944716117668
2026-02-19,NPKI.N,37.8276281404435
2026-02-19,QSR.N,24.3238066863867
2026-02-19,ACI.N,11.5539517350259
2026-02-19,ARKO.OQ,55.3324408746096
2026-02-19,HSY.N,50.6485669802021
2026-02-19,NXST.OQ,13.9152751987769
2026-02-20,GE.N,41.9586916790445
2026-02-20,CCB.OQ,26.472775606437
2026-02-20,GBTG.N,248.740265689418
2026-02-20,RSVR.OQ,77.1327612317011
2026-02-20,ABBV.N,169.626958017686
2026-02-20,ENTG.OQ,86.8658162441466
2026-02-20,CDE.N,26.7886276130604
2026-02-20,DG.N,26.0094997522329
2026-02-20,TRST.OQ,14.0697527962866
2026-02-20,ANET.N,48.2385079810228
2026-02-20,SBC.OQ,9.91605830737403
2026-02-20,LRN.N,12.5854793013215
2026-02-20,ATR.N,24.6511367054661
2026-02-20,CCS.N,14.7810917230001
2026-02-20,BOKF.OQ,14.5906373569935
2026-02-20,COSO.N,11.6549360992776
2026-02-20,UPST.OQ,60.452828630988
2026-02-20,BCML.OQ,13.8849350291565
2026-02-20,FR.N,33.2677766643266
2026-02-20,ORC.N,15.6401526875064
2026-02-20,BBY.N,21.277157414007
2026-02-20,AIZ.N,11.5200675457752
2026-02-20,GPC.N,20.3369743281443
2026-02-20,NTNX.OQ,52.5157191252653
2026-02-20,MLI.N,17.9408912774219
2026-02-20,NPKI.N,37.7241325778157
2026-02-20,QSR.N,24.4089293694537
2026-02-20,ACI.N,11.5346199697136
2026-02-20,ARKO.OQ,54.1722445336903
2026-02-20,HSY.N,51.076952840705
2026-02-20,NXST.OQ,13.8007854473985
2026-02-23,GE.N,41.4415736037506
2026-02-23,CCB.OQ,23.9410098580629
2026-02-23,GBTG.N,227.668346312414
2026-02-23,RSVR.OQ,75.5174154467441
2026-02-23,ABBV.N,97.2249290344448
2026-02-23,ENTG.OQ,88.1123849507509
2026-02-23,CDE.N,26.5710991712166
2026-02-23,DG.N,26.3997113125094
2026-02-23,TRST.OQ,13.6488890117688
2026-02-23,ANET.N,46.291385435814
2026-02-23,SBC.OQ,9.86849927472475
2026-02-23,LRN.N,12.3279174216989
2026-02-23,ATR.N,24.7650026936954
2026-02-23,CCS.N,14.4005068978428
2026-02-23,BOKF.OQ,14.0792196854455
2026-02-23,COSO.N,11.6040007408779
2026-02-23,UPST.OQ,56.2630286268601
2026-02-23,BCML.OQ,13.6369897607787
2026-02-23,FR.N,33.2249058181097
2026-02-23,ORC.N,7.32491145446298
2026-02-23,BBY.N,20.693091523455
2026-02-23,AIZ.N,11.2175701188009
2026-02-23,GPC.N,251.755526657998
2026-02-23,NTNX.OQ,49.273031649157
2026-02-23,MLI.N,17.6674749629842
2026-02-23,NPKI.N,37.2325286553339
2026-02-23,QSR.N,25.7665481296073
2026-02-23,ACI.N,11.9276991977317
2026-02-23,ARKO.OQ,53.8152610441767
2026-02-23,HSY.N,52.0673072493943
2026-02-23,NXST.OQ,13.7512924819589
2026-02-24,GE.N,42.2545370081724
2026-02-24,CCB.OQ,24.9695396933399
2026-02-24,GBTG.N,233.623453962437
2026-02-24,RSVR.OQ,75.6183745583039
2026-02-24,ABBV.N,96.7843070796086
2026-02-24,ENTG.OQ,88.0155013725173
2026-02-24,CDE.N,26.9517739444432
2026-02-24,DG.N,26.582730893878
2026-02-24,TRST.OQ,13.651961010196
2026-02-24,ANET.N,46.7781660721162
2026-02-24,SBC.OQ,9.2740113666088
2026-02-24,LRN.N,12.6251042058788
2026-02-24,ATR.N,24.4964829005576
2026-02-24,CCS.N,14.3305615786247
2026-02-24,BOKF.OQ,14.0618097221588
2026-02-24,COSO.N,11.6966104834229
2026-02-24,UPST.OQ,58.0792966089451
2026-02-24,BCML.OQ,13.5635244960742
2026-02-24,FR.N,33.3374417894291
2026-02-24,ORC.N,7.32491145446298
2026-02-24,BBY.N,20.6996911380375
2026-02-24,AIZ.N,11.4450851614997
2026-02-24,GPC.N,257.520589510187
2026-02-24,NTNX.OQ,49.9057511566904
2026-02-24,MLI.N,17.9408912774219
2026-02-24,NPKI.N,37.4395197805894
2026-02-24,QSR.N,26.2549411639017
2026-02-24,ACI.N,12.0243580242936
2026-02-24,ARKO.OQ,54.0829986613119
2026-02-24,HSY.N,53.0208112614812
2026-02-24,NXST.OQ,13.8800934522596
2026-02-25,GE.N,41.9183491341634
2026-02-25,CCB.OQ,25.4157634064908
2026-02-25,GBTG.N,240.952817224004
2026-02-25,RSVR.OQ,76.5270065623423
2026-02-25,ABBV.N,96.1403211456171
2026-02-25,ENTG.OQ,88.7066042305829
2026-02-25,CDE.N,26.7451219246917
2026-02-25,DG.N,26.7260386792893
2026-02-25,TRST.OQ,13.833208917397
2026-02-25,ANET.N,48.2748348941797
2026-02-25,SBC.OQ,9.82094024207548
2026-02-25,LRN.N,12.8354210069908
2026-02-25,ATR.N,24.2483570157594
2026-02-25,CCS.N,13.8018572539468
2026-02-25,BOKF.OQ,14.1815032197551
2026-02-25,COSO.N,11.7382848675681
2026-02-25,UPST.OQ,58.698478875565
2026-02-25,BCML.OQ,13.9721750309932
2026-02-25,FR.N,33.4928486069655
2026-02-25,ORC.N,7.32491145446298
2026-02-25,BBY.N,20.5676988463874
2026-02-25,AIZ.N,11.5108231422344
2026-02-25,GPC.N,253.402687472909
2026-02-25,NTNX.OQ,50.6702872282931
2026-02-25,MLI.N,17.7182736224972
2026-02-25,NPKI.N,36.9996636394215
2026-02-25,QSR.N,25.8008882648311
2026-02-25,ACI.N,11.4057415342978
2026-02-25,ARKO.OQ,52.8335564480143
2026-02-25,HSY.N,52.8895317235852
2026-02-25,NXST.OQ,13.8663785341257
2026-02-26,GE.N,41.6677363553567
2026-02-26,CCB.OQ,24.5138218586325
2026-02-26,GBTG.N,251.946862116354
2026-02-26,RSVR.OQ,90.2574457344775
2026-02-26,ABBV.N,95.1955259924586
2026-02-26,ENTG.OQ,85.386726949782
2026-02-26,CDE.N,28.8877770768528
2026-02-26,DG.N,26.5896372931749
2026-02-26,TRST.OQ,13.7840569425628
2026-02-26,ANET.N,47.315804386838
2026-02-26,SBC.OQ,9.25023185028417
2026-02-26,LRN.N,13.08536271266
2026-02-26,ATR.N,24.0971021955742
2026-02-26,CCS.N,13.7668845943377
2026-02-26,BOKF.OQ,14.2402618458478
2026-02-26,COSO.N,11.756806816077
2026-02-26,UPST.OQ,61.2371261687065
2026-02-26,BCML.OQ,13.7931034482759
2026-02-26,FR.N,34.0180164731227
2026-02-26,ORC.N,7.33456219419218
2026-02-26,BBY.N,20.7425886328238
2026-02-26,AIZ.N,11.7835330466883
2026-02-26,GPC.N,253.272648461205
2026-02-26,NTNX.OQ,52.6870806585556
2026-02-26,MLI.N,17.479503736487
2026-02-26,NPKI.N,38.5262231881808
2026-02-26,QSR.N,26.6670227865875
2026-02-26,ACI.N,11.4701807520057
2026-02-26,ARKO.OQ,41.8271504831408
2026-02-26,HSY.N,53.317917584088
2026-02-26,NXST.OQ,14.6785402079659
2026-02-27,GE.N,41.8413315484814
2026-02-27,CCB.OQ,23.4789626089846
2026-02-27,GBTG.N,250.57260650481
2026-02-27,RSVR.OQ,90.560323069157
2026-02-27,ABBV.N,98.3264839215354
2026-02-27,ENTG.OQ,85.5481995801711
2026-02-27,CDE.N,29.5294859802919
2026-02-27,DG.N,26.9763956538029
2026-02-27,TRST.OQ,13.3232571784923
2026-02-27,ANET.N,48.4964290644367
2026-02-27,SBC.OQ,9.17889330131025
2026-02-27,LRN.N,12.8598055636414
2026-02-27,ATR.N,24.4234047290074
2026-02-27,CCS.N,13.8306582677425
2026-02-27,BOKF.OQ,13.6798786525559
2026-02-27,COSO.N,11.3678458973884
2026-02-27,UPST.OQ,56.2011104001981
2026-02-27,BCML.OQ,13.4992423894577
2026-02-27,FR.N,33.8358153767008
2026-02-27,ORC.N,7.18015035852498
2026-02-27,BBY.N,20.4489057839022
2026-02-27,AIZ.N,11.7912367163057
2026-02-27,GPC.N,258.474208929346
2026-02-27,NTNX.OQ,50.459380725782
2026-02-27,MLI.N,17.1167380105928
2026-02-27,NPKI.N,37.3360242179616
2026-02-27,QSR.N,27.3614566322248
2026-02-27,ACI.N,11.5346199697136
2026-02-27,ARKO.OQ,43.4488816811947
2026-02-27,HSY.N,54.4188231825845
2026-02-27,NXST.OQ,14.9683423911423
2026-03-02,GE.N,42.2667620217727
2026-03-02,CCB.OQ,24.5956352611971
2026-03-02,GBTG.N,254.695373339441
2026-03-02,RSVR.OQ,91.9737506309944
2026-03-02,ABBV.N,99.2500953268652
2026-03-02,ENTG.OQ,87.5181656709188
2026-03-02,CDE.N,29.301081116356
2026-03-02,DG.N,26.3513665174309
2026-03-02,TRST.OQ,13.541369066819
2026-03-02,ANET.N,46.9706987118476
2026-03-02,SBC.OQ,9.2740113666088
2026-03-02,LRN.N,13.103651130148
2026-03-02,ATR.N,24.2466575233978
2026-03-02,CCS.N,13.5755635741235
2026-03-02,BOKF.OQ,13.982376764663
2026-03-02,COSO.N,11.4419336914243
2026-03-02,UPST.OQ,58.3682483333677
2026-03-02,BCML.OQ,13.673722393131
2026-03-02,FR.N,34.0287341846769
2026-03-02,ORC.N,7.19945183798338
2026-03-02,BBY.N,20.3235131068346
2026-03-02,AIZ.N,11.9946135942036
2026-03-02,GPC.N,256.935413957521
2026-03-02,NTNX.OQ,53.1088936635778
2026-03-02,ST.N,188.626126126126
2026-03-02,MLI.N,17.2778059928898
2026-03-02,NPKI.N,33.5879684888995
2026-03-02,QSR.N,27.453030326155
2026-03-02,ACI.N,11.4057415342978
2026-03-02,ARKO.OQ,42.5704439489155
2026-03-02,HSY.N,54.2829373451132
2026-03-02,NXST.OQ,84.5253398244127
2026-03-03,GE.N,40.8486604441348
2026-03-03,CCB.OQ,25.3519181636136
2026-03-03,GBTG.N,259.27622537792
2026-03-03,RSVR.OQ,90.8632004038365
2026-03-03,ABBV.N,99.080625344236
2026-03-03,ENTG.OQ,81.8924592281608
2026-03-03,CDE.N,26.2339300863588
2026-03-03,DG.N,26.4238837100486
2026-03-03,TRST.OQ,13.5444410652462
2026-03-03,ANET.N,45.2633337934742
2026-03-03,SBC.OQ,8.84598007276532
2026-03-03,LRN.N,13.2057614611226
2026-03-03,ATR.N,23.752105246163
2026-03-03,CCS.N,13.4624167342119
2026-03-03,BOKF.OQ,13.9780242738413
2026-03-03,COSO.N,11.3909983330246
2026-03-03,UPST.OQ,58.2856906978184
2026-03-03,BCML.OQ,13.6278066026907
2026-03-03,FR.N,33.5839491551764
2026-03-03,ORC.N,7.11259518042058
2026-03-03,BBY.N,21.7622290858214
2026-03-03,AIZ.N,11.9607174478872
2026-03-03,GPC.N,252.319029042046
2026-03-03,NTNX.OQ,44.209817403678
2026-03-03,ST.N,180.692055692056
2026-03-03,MLI.N,17.1617209606036
2026-03-03,PGY.OQ,12.5564930872498
2026-03-03,NPKI.N,32.680830747195
2026-03-03,QSR.N,27.525526167183
2026-03-03,ACI.N,11.2897509424236
2026-03-03,ARKO.OQ,42.8407324819244
2026-03-03,HSY.N,53.9305554276028
2026-03-03,NXST.OQ,83.2638186144463
2026-03-04,GE.N,41.5418187152733
2026-03-04,CCB.OQ,25.1809324639368
2026-03-04,GBTG.N,261.56665139716
2026-03-04,RSVR.OQ,98.4351337708228
2026-03-04,ABBV.N,100.067787993052
2026-03-04,ENTG.OQ,83.3198772808009
2026-03-04,CDE.N,25.84237889104
2026-03-04,DG.N,26.1752533353592
2026-03-04,TRST.OQ,13.698040986603
2026-03-04,ANET.N,48.9795770094232
2026-03-04,SBC.OQ,9.05999571968706
2026-03-04,LRN.N,13.2118576002853
2026-03-04,ATR.N,23.2898433237992
2026-03-04,CCS.N,13.3369266026736
2026-03-04,BOKF.OQ,14.0781315627401
2026-03-04,COSO.N,11.5160214854603
2026-03-04,UPST.OQ,58.5333636044664
2026-03-04,BCML.OQ,13.673722393131
2026-03-04,FR.N,33.4660543280799
2026-03-04,ORC.N,7.14154739960818
2026-03-04,BBY.N,13.3515871726494
2026-03-04,AIZ.N,11.9124411182852
2026-03-04,GPC.N,250.628521889901
2026-03-04,NTNX.OQ,43.797047609737
2026-03-04,ST.N,178.900491400491
2026-03-04,MLI.N,17.225567728361
2026-03-04,PGY.OQ,13.0017587995636
2026-03-04,NPKI.N,33.5879684888995
2026-03-04,QSR.N,27.2279116619099
2026-03-04,ACI.N,11.0191062280504
2026-03-04,ARKO.OQ,43.2461652814379
2026-03-04,HSY.N,53.4445908224087
2026-03-04,NXST.OQ,83.9407324344283
2026-02-12,FDBC.OQ,9.47294662066499
2026-02-12,GOLF.N,27.3477769847716
2026-02-12,NWS.OQ,28.8503644934443
2026-02-12,DX.N,9.52136567446383
2026-02-12,MED.N,515.252621544327
2026-02-12,ALEX.N,20.5689147816782
2026-02-12,PACS.N,37.6283774635901
2026-02-12,HRL.N,26.9788105843491
2026-02-12,LKFN.OQ,16.0904170982813
2026-02-12,FRPH.OQ,97.2495894909688
2026-02-12,GVA.N,37.3941579224568
2026-02-12,PMT.N,13.6286758688417
2026-02-12,PAG.N,11.8561924925497
2026-02-12,ADMA.OQ,18.3933269623285
2026-02-12,NNN.N,21.0648796361565
2026-02-12,VTR.N,157.178172158064
2026-02-12,GOOGL.OQ,28.5968127047587
2026-02-12,INVH.N,28.1073609031218
2026-02-12,SLSN.OQ,105.351170568562
2026-02-12,RUSHB.OQ,21.3793021501096
2026-02-12,L.N,13.787960444684
2026-02-12,ECVT.N,51.5403642905329
2026-02-12,ERII.OQ,46.9169719169719
2026-02-12,MTH.N,10.2561432041201
2026-02-12,PATH.N,26.3238445056627
2026-02-12,CRAI.OQ,18.3285012884785
2026-02-12,BL.OQ,35.1073813884409
2026-02-12,NWBI.OQ,14.6996964563841
2026-02-12,WLFC.OQ,11.6510222620098
2026-02-12,EXE.OQ,29.3632567553374
2026-02-13,FDBC.OQ,9.54075730146368
2026-02-13,GOLF.N,27.2247242936092
2026-02-13,NWS.OQ,29.2625125576363
2026-02-13,DX.N,9.48760196639836
2026-02-13,MED.N,513.346043851286
2026-02-13,ALEX.N,20.5788227367754
2026-02-13,PACS.N,36.5646094037097
2026-02-13,HRL.N,27.3701414545999
2026-02-13,LKFN.OQ,16.2278291017483
2026-02-13,FRPH.OQ,97.7011494252874
2026-02-13,GVA.N,37.8890039992823
2026-02-13,PMT.N,13.7923509193082
2026-02-13,PAG.N,11.4621901579688
2026-02-13,ADMA.OQ,18.9832348187213
2026-02-13,NNN.N,21.4076727725688
2026-02-13,VTR.N,157.251964727152
2026-02-13,GOOGL.OQ,28.2932607770189
2026-02-13,INVH.N,28.2644437695699
2026-02-13,SLSN.OQ,111.204013377926
2026-02-13,RUSHB.OQ,21.2723610805801
2026-02-13,L.N,13.63379999248
2026-02-13,ECVT.N,52.2599505284461
2026-02-13,ERII.OQ,47.6190476190476
2026-02-13,MTH.N,10.7622072939992
2026-02-13,PATH.N,26.6534811989357
2026-02-13,CRAI.OQ,18.6652012202968
2026-02-13,BL.OQ,35.1802749911161
2026-02-13,NWBI.OQ,14.7679085049056
2026-02-13,WLFC.OQ,11.7748929147183
2026-02-13,EXE.OQ,29.5364159454066
2026-02-17,FDBC.OQ,9.47089175154989
2026-02-17,GOLF.N,27.2083172681209
2026-02-17,NWS.OQ,29.8678550269184
2026-02-17,DX.N,9.4335800334936
2026-02-17,MED.N,514.775977121067
2026-02-17,ALEX.N,20.5788227367754
2026-02-17,PACS.N,39.6592073960892
2026-02-17,HRL.N,26.9788105843491
2026-02-17,LKFN.OQ,16.2806798723125
2026-02-17,FRPH.OQ,98.768472906404
2026-02-17,GVA.N,35.2283777306033
2026-02-17,PMT.N,13.6504992089039
2026-02-17,PAG.N,11.0782218386999
2026-02-17,ADMA.OQ,18.8180606189313
2026-02-17,NNN.N,21.6249360280414
2026-02-17,VTR.N,160.295908202044
2026-02-17,GOOGL.OQ,27.9508393951172
2026-02-17,INVH.N,28.4215266360181
2026-02-17,SLSN.OQ,114.548494983278
2026-02-17,RUSHB.OQ,20.7970674382267
2026-02-17,L.N,13.8481206211538
2026-02-17,ECVT.N,52.3498988081853
2026-02-17,ERII.OQ,48.5042735042735
2026-02-17,MTH.N,12.6564888389191
2026-02-17,PATH.N,25.7587530314803
2026-02-17,CRAI.OQ,19.1269611267904
2026-02-17,BL.OQ,34.0230890486474
2026-02-17,NWBI.OQ,14.8133832039199
2026-02-17,WLFC.OQ,11.7569406462099
2026-02-17,EXE.OQ,29.167388163292
2026-02-18,FDBC.OQ,9.26951457826894
2026-02-18,GOLF.N,27.3805910357482
2026-02-18,NWS.OQ,30.0739290590145
2026-02-18,DX.N,9.4335800334936
2026-02-18,ALEX.N,20.5689147816782
2026-02-18,PACS.N,37.6864011759472
2026-02-18,HRL.N,28.1758226580574
2026-02-18,LKFN.OQ,16.0798469441684
2026-02-18,FRPH.OQ,97.7832512315271
2026-02-18,GVA.N,36.3733479422037
2026-02-18,PMT.N,13.5850291887173
2026-02-18,PAG.N,11.2501379677105
2026-02-18,ADMA.OQ,18.8652532474427
2026-02-18,NNN.N,21.0407392744373
2026-02-18,VTR.N,158.174371840756
2026-02-18,GOOGL.OQ,28.0720750735743
2026-02-18,INVH.N,28.1073609031218
2026-02-18,SLSN.OQ,110.367892976589
2026-02-18,RUSHB.OQ,21.3911844911685
2026-02-18,L.N,13.6187599483625
2026-02-18,ECVT.N,52.0350798290983
2026-02-18,ERII.OQ,48.0769230769231
2026-02-18,MTH.N,12.4748923053601
2026-02-18,PATH.N,26.1354806809352
2026-02-18,CRAI.OQ,19.4360035642093
2026-02-18,BL.OQ,33.831743341625
2026-02-18,NWBI.OQ,14.7110651311377
2026-02-18,WLFC.OQ,12.013059676931
2026-02-18,EXE.OQ,28.2504960584994
2026-02-19,FDBC.OQ,9.29006326942005
2026-02-19,GOLF.N,27.3341044635313
2026-02-19,NWS.OQ,30.0868086860205
2026-02-19,DX.N,9.46059099994598
2026-02-19,ALEX.N,20.5887306918725
2026-02-19,PACS.N,37.3576001392569
2026-02-19,HRL.N,28.2563907784031
2026-02-19,LKFN.OQ,15.987358095681
2026-02-19,FRPH.OQ,98.3169129720854
2026-02-19,GVA.N,36.5924809970554
2026-02-19,PMT.N,12.5163421876742
2026-02-19,PAG.N,11.0822354448246
2026-02-19,ADMA.OQ,19.254592432662
2026-02-19,NNN.N,21.2290340958469
2026-02-19,VTR.N,157.694720141682
2026-02-19,GOOGL.OQ,28.0276528402466
2026-02-19,INVH.N,26.8925867359228
2026-02-19,SLSN.OQ,104.515050167224
2026-02-19,RUSHB.OQ,21.8991545714337
2026-02-19,L.N,13.5799065010591
2026-02-19,ECVT.N,52.3498988081853
2026-02-19,ERII.OQ,48.992673992674
2026-02-19,MTH.N,12.2869793706338
2026-02-19,PATH.N,26.3944809399355
2026-02-19,CRAI.OQ,19.7955509914009
2026-02-19,BL.OQ,33.7224029376122
2026-02-19,NWBI.OQ,14.7338024806448
2026-02-19,WLFC.OQ,12.0717037540587
2026-02-19,EXE.OQ,13.7682792633937
2026-02-20,FDBC.OQ,9.33938012818273
2026-02-20,GOLF.N,27.9384299023508
2026-02-20,NWS.OQ,30.4603178691945
2026-02-20,DX.N,9.54162389930312
2026-02-20,ALEX.N,20.6085466020668
2026-02-20,PACS.N,37.4059532328878
2026-02-20,HRL.N,28.7628189634336
2026-02-20,LKFN.OQ,15.9160095554193
2026-02-20,FRPH.OQ,99.3021346469622
2026-02-20,GVA.N,37.1950968978977
2026-02-20,PMT.N,12.4555340474912
2026-02-20,PAG.N,11.1912717445474
2026-02-20,ADMA.OQ,18.9950329758492
2026-02-20,NNN.N,21.4125008449127
2026-02-20,VTR.N,158.543334686197
2026-02-20,GOOGL.OQ,29.1502396949673
2026-02-20,INVH.N,26.4304294683618
2026-02-20,SLSN.OQ,106.1872909699
2026-02-20,RUSHB.OQ,22.3566247021988
2026-02-20,PUMP.N,1680.11958146487
2026-02-20,L.N,13.757880356449
2026-02-20,ECVT.N,52.1250281088374
2026-02-20,ERII.OQ,49.5726495726496
2026-02-20,MTH.N,12.2901375712174
2026-02-20,PATH.N,25.4291163382072
2026-02-20,CRAI.OQ,20.0336459431867
2026-02-20,BL.OQ,32.9387967088538
2026-02-20,NWBI.OQ,14.7679085049056
2026-02-20,WLFC.OQ,12.2799500687572
2026-02-20,EXE.OQ,14.3264348310287
2026-02-23,FDBC.OQ,9.30444735322584
2026-02-23,GOLF.N,27.4516881461975
2026-02-23,NWS.OQ,29.6231421138044
2026-02-23,DX.N,9.4335800334936
2026-02-23,ALEX.N,20.6085466020668
2026-02-23,PACS.N,39.4561244028393
2026-02-23,HRL.N,28.958484398559
2026-02-23,LKFN.OQ,15.5011310064901
2026-02-23,FRPH.OQ,98.0706075533662
2026-02-23,GVA.N,36.9129630897761
2026-02-23,PMT.N,12.3136483870641
2026-02-23,PAG.N,10.9143329219387
2026-02-23,ADMA.OQ,19.2191979612785
2026-02-23,NNN.N,21.5138903641332
2026-02-23,VTR.N,159.797808360698
2026-02-23,GOOGL.OQ,28.8272530401466
2026-02-23,INVH.N,26.8065146307575
2026-02-23,SLSN.OQ,96.989966555184
2026-02-23,RUSHB.OQ,21.7654782345218
2026-02-23,PUMP.N,1629.29745889387
2026-02-23,L.N,13.6250266334115
2026-02-23,ECVT.N,51.3604677310546
2026-02-23,ERII.OQ,49.023199023199
2026-02-23,MTH.N,12.1274902411602
2026-02-23,PATH.N,23.9457512184785
2026-02-23,CRAI.OQ,19.0981011326345
2026-02-23,BL.OQ,29.65858458847
2026-02-23,NWBI.OQ,14.2563181409943
2026-02-23,WLFC.OQ,11.8275529023432
2026-02-23,EXE.OQ,13.6794516552428
2026-02-24,FDBC.OQ,9.45034306039877
2026-02-24,GOLF.N,27.369653018756
2026-02-24,NWS.OQ,29.8549753999124
2026-02-24,DX.N,9.42007455026741
2026-02-24,ALEX.N,20.5986386469697
2026-02-24,PACS.N,38.3536738680541
2026-02-24,HRL.N,29.6951072131487
2026-02-24,LKFN.OQ,15.3320085406845
2026-02-24,FRPH.OQ,97.824302134647
2026-02-24,GVA.N,37.3046634253236
2026-02-24,PMT.N,12.2933790070031
2026-02-24,PAG.N,10.8240267841315
2026-02-24,ADMA.OQ,18.3107398624335
2026-02-24,NNN.N,21.4849219300702
2026-02-24,VTR.N,159.447293657529
2026-02-24,GOOGL.OQ,28.7726507116812
2026-02-24,INVH.N,26.816961440824
2026-02-24,SLSN.OQ,102.842809364549
2026-02-24,RUSHB.OQ,21.8575663777277
2026-02-24,PUMP.N,1736.92077727952
2026-02-24,L.N,13.7039868650281
2026-02-24,ECVT.N,52.1250281088374
2026-02-24,ERII.OQ,49.053724053724
2026-02-24,MTH.N,12.2348690610038
2026-02-24,PATH.N,23.780932871842
2026-02-24,CRAI.OQ,18.8744361779267
2026-02-24,BL.OQ,29.6312494874669
2026-02-24,NWBI.OQ,14.3586362137766
2026-02-24,WLFC.OQ,12.281745295608
2026-02-24,EXE.OQ,13.6794516552428
2026-02-25,FDBC.OQ,9.48938557358589
2026-02-25,GOLF.N,27.2055827638728
2026-02-25,NWS.OQ,30.3701604801525
2026-02-25,DX.N,9.4268272918805
2026-02-25,ALEX.N,20.6085466020668
2026-02-25,PACS.N,38.0152022126376
2026-02-25,HRL.N,29.1311303707285
2026-02-25,LKFN.OQ,15.6808236264085
2026-02-25,FRPH.OQ,98.768472906404
2026-02-25,GVA.N,37.107443675957
2026-02-25,PMT.N,12.2731096269421
2026-02-25,PAG.N,10.668834013974
2026-02-25,ADMA.OQ,18.4995103764792
2026-02-25,NNN.N,21.4269850619442
2026-02-25,VTR.N,159.410397372984
2026-02-25,GOOGL.OQ,28.957743350547
2026-02-25,INVH.N,26.7647273904913
2026-02-25,SLSN.OQ,111.204013377926
2026-02-25,RUSHB.OQ,21.1446259141976
2026-02-25,PUMP.N,1741.40508221226
2026-02-25,L.N,13.7177735721358
2026-02-25,ECVT.N,50.9107263323589
2026-02-25,ERII.OQ,49.2063492063492
2026-02-25,MTH.N,11.7769299763767
2026-02-25,PATH.N,23.404205222387
2026-02-25,CRAI.OQ,19.2712610975696
2026-02-25,BL.OQ,29.931935598502
2026-02-25,NWBI.OQ,14.6883277816305
2026-02-25,WLFC.OQ,12.226691672182
2026-02-25,EXE.OQ,14.0599520065759
2026-02-26,FDBC.OQ,9.34965447375829
2026-02-26,GOLF.N,28.1845352846755
2026-02-26,NWS.OQ,31.3232528785966
2026-02-26,DX.N,6.88866194002003
2026-02-26,ALEX.N,20.6085466020668
2026-02-26,PACS.N,40.2974682320175
2026-02-26,HRL.N,28.5671535283082
2026-02-26,LKFN.OQ,14.9837036001817
2026-02-26,FRPH.OQ,98.440065681445
2026-02-26,GVA.N,37.2772717934671
2026-02-26,PMT.N,12.4758034275522
2026-02-26,PAG.N,10.5490947645853
2026-02-26,FIHL.N,8.72341871051022
2026-02-26,ADMA.OQ,25.3181446703471
2026-02-26,NNN.N,21.7166694025743
2026-02-26,VTR.N,159.465741799801
2026-02-26,GOOGL.OQ,28.4468876672775
2026-02-26,INVH.N,27.4751104750165
2026-02-26,SLSN.OQ,109.531772575251
2026-02-26,RUSHB.OQ,21.9121861113745
2026-02-26,PUMP.N,1778.77428998505
2026-02-26,L.N,13.7152668981162
2026-02-26,ECVT.N,51.4953901506634
2026-02-26,ERII.OQ,24.5071547733734
2026-02-26,MTH.N,11.912732601473
2026-02-26,PATH.N,25.2172070353888
2026-02-26,CRAI.OQ,20.1298459237062
2026-02-26,BL.OQ,31.9365096720699
2026-02-26,NWBI.OQ,13.7800738637577
2026-02-26,WLFC.OQ,12.131544649087
2026-02-26,EXE.OQ,14.0917708512867
2026-02-27,FDBC.OQ,9.01060106976486
2026-02-27,GOLF.N,27.9821819703197
2026-02-27,NWS.OQ,31.2846139975786
2026-02-27,DX.N,6.88866194002003
2026-02-27,ALEX.N,20.5986386469697
2026-02-27,PACS.N,35.3074289693055
2026-02-27,HRL.N,28.8051489203695
2026-02-27,LKFN.OQ,14.4970576638
2026-02-27,FRPH.OQ,98.2758620689655
2026-02-27,GVA.N,36.8307881942067
2026-02-27,PMT.N,12.4251299773996
2026-02-27,PAG.N,10.537053946211
2026-02-27,FIHL.N,8.63283284643431
2026-02-27,ADMA.OQ,25.9686108377671
2026-02-27,NNN.N,21.8808238622647
2026-02-27,VTR.N,158.949193816183
2026-02-27,GOOGL.OQ,28.8522405463935
2026-02-27,INVH.N,27.5168977152826
2026-02-27,SLSN.OQ,107.023411371238
2026-02-27,RUSHB.OQ,21.7042267735415
2026-02-27,PUMP.N,1813.15396113603
2026-02-27,L.N,13.7892137816938
2026-02-27,ECVT.N,50.685855633011
2026-02-27,ERII.OQ,24.5071547733734
2026-02-27,MTH.N,11.9095744008893
2026-02-27,PATH.N,25.2642979915707
2026-02-27,CRAI.OQ,21.2073942148253
2026-02-27,BL.OQ,93.0791370705817
2026-02-27,NWBI.OQ,13.2890720064898
2026-02-27,WLFC.OQ,12.1901887262147
2026-02-27,EXE.OQ,14.3078738382807
2026-03-02,FDBC.OQ,9.22430745773648
2026-03-02,GOLF.N,32.7697064569129
2026-03-02,NWS.OQ,30.8724659333866
2026-03-02,DX.N,6.81010271618516
2026-03-02,ALEX.N,23.5152007766903
2026-03-02,PACS.N,36.5549387849835
2026-03-02,HRL.N,27.927492039202
2026-03-02,LKFN.OQ,14.6418036346212
2026-03-02,FRPH.OQ,99.9589490968801
2026-03-02,GVA.N,36.6609600766966
2026-03-02,PMT.N,12.3541871471861
2026-03-02,PAG.N,11.0971722918298
2026-03-02,FIHL.N,8.85929750662409
2026-03-02,ADMA.OQ,27.6531514251881
2026-03-02,NNN.N,22.1270555518004
2026-03-02,VTR.N,159.871600929786
2026-03-02,GOOGL.OQ,28.3672978325652
2026-03-02,INVH.N,27.3184083240183
2026-03-02,SLSN.OQ,107.859531772575
2026-03-02,RUSHB.OQ,22.1293201258766
2026-03-02,PUMP.N,1881.91330343797
2026-03-02,L.N,14.0611879128179
2026-03-02,ECVT.N,112.872669259148
2026-03-02,ERII.OQ,24.1077092976809
2026-03-02,MTH.N,11.4784800212231
2026-03-02,PATH.N,25.1936615572979
2026-03-02,CRAI.OQ,22.1408831296444
2026-03-02,BL.OQ,95.0859496712524
2026-03-02,NWBI.OQ,13.4812031680294
2026-03-02,WLFC.OQ,11.7347995150494
2026-03-02,EXE.OQ,14.3834435944688
2026-03-03,FDBC.OQ,9.29006326942005
2026-03-03,GOLF.N,32.1584278820653
2026-03-03,NWS.OQ,30.6663919012905
2026-03-03,DX.N,6.76591315277805
2026-03-03,ALEX.N,23.5152007766903
2026-03-03,PACS.N,35.6555712434482
2026-03-03,HRL.N,27.6799477906676
2026-03-03,LKFN.OQ,14.5544569280912
2026-03-03,FRPH.OQ,99.9178981937603
2026-03-03,GVA.N,36.137779908238
2026-03-03,PMT.N,12.2224361767895
2026-03-03,PAG.N,11.1092075026088
2026-03-03,FIHL.N,8.70983083089884
2026-03-03,ADMA.OQ,27.3195790316393
2026-03-03,NNN.N,21.9339326580469
2026-03-03,VTR.N,159.576430653433
2026-03-03,GOOGL.OQ,28.0952116534325
2026-03-03,INVH.N,27.4542168548834
2026-03-03,SLSN.OQ,98.6622073578596
2026-03-03,RUSHB.OQ,21.9550012691636
2026-03-03,PUMP.N,1841.55455904335
2026-03-03,L.N,13.9747076591425
2026-03-03,ECVT.N,114.368331837671
2026-03-03,ERII.OQ,24.0137221269297
2026-03-03,MTH.N,11.3821549034222
2026-03-03,PATH.N,25.9942078123896
2026-03-03,CRAI.OQ,22.7132592274151
2026-03-03,BL.OQ,96.5910591217554
2026-03-03,NWBI.OQ,13.4705292146105
2026-03-03,WLFC.OQ,11.4744916216763
2026-03-03,EXE.OQ,14.3171543346547
2026-03-04,FDBC.OQ,9.29006326942005
2026-03-04,GOLF.N,32.1940049419771
2026-03-04,NWS.OQ,30.9497436954226
2026-03-04,DX.N,6.71681363788126
2026-03-04,ALEX.N,23.503911674061
2026-03-04,PACS.N,35.1526990696865
2026-03-04,HRL.N,27.4999156099153
2026-03-04,LKFN.OQ,14.6717510768601
2026-03-04,FRPH.OQ,99.2200328407225
2026-03-04,GVA.N,36.2802163938917
2026-03-04,PMT.N,12.1616280366065
2026-03-04,PAG.N,11.244426635479
2026-03-04,FIHL.N,8.83212174740132
2026-03-04,ADMA.OQ,27.5864369464783
2026-03-04,NNN.N,21.7311536196058
2026-03-04,VTR.N,160.037634210235
2026-03-04,GOOGL.OQ,28.0535658096877
2026-03-04,INVH.N,28.0287914085434
2026-03-04,SLSN.OQ,98.6622073578596
2026-03-04,RUSHB.OQ,21.808206442458
2026-03-04,PUMP.N,1866.96562032885
2026-03-04,L.N,13.9734543221327
2026-03-04,ECVT.N,114.667464353375
2026-03-04,ERII.OQ,25.1885617613196
2026-03-04,MTH.N,11.2810924847459
2026-03-04,PATH.N,26.0648442466624
2026-03-04,CRAI.OQ,22.4553215009519
2026-03-04,BL.OQ,97.8057088537403
2026-03-04,NWBI.OQ,13.4812031680294
2026-03-04,WLFC.OQ,11.6707697573691
2026-03-04,EXE.OQ,14.0374136582391
2026-02-12,AGNC.OQ,17.2080082259723
2026-02-12,SWBI.OQ,52.6339507007345
2026-02-12,DDS.N,17.6259730036036
2026-02-12,PAX.OQ,25.968449547279
2026-02-12,AVO.OQ,26.3616062980205
2026-02-12,FIGS.N,102.688009664754
2026-02-12,FCCO.OQ,12.0820933645792
2026-02-12,HOOD.OQ,29.6087827176633
2026-02-12,MBIN.OQ,10.8657150348927
2026-02-12,EG.N,25.303362564845
2026-02-12,OLLI.OQ,31.8191871716892
2026-02-12,NEWT.OQ,5.9208362267461
2026-02-12,MPC.N,21.1165473026869
2026-02-12,COO.OQ,43.603565138496
2026-02-12,SHC.OQ,87.9229055489353
2026-02-12,SNCY.OQ,19.8510220799756
2026-02-12,AXS.N,8.35178087623076
2026-02-12,DCTH.OQ,1048.27586206897
2026-02-12,BLX.N,8.27768224897029
2026-02-12,VPG.N,78.5765987173229
2026-02-12,STT.N,13.3645394783481
2026-02-12,OVBC.OQ,12.9272468678377
2026-02-12,MGY.N,14.4535683289939
2026-02-12,PRKS.N,10.2514796975997
2026-02-12,BFC.OQ,20.4647241836736
2026-02-12,WDAY.OQ,51.0208418934811
2026-02-12,ITIC.OQ,14.0795413045835
2026-02-12,SPNT.N,12.8496361662028
2026-02-13,AGNC.OQ,17.1777656807597
2026-02-13,SWBI.OQ,52.9493938984273
2026-02-13,DDS.N,17.5011027939709
2026-02-13,PAX.OQ,25.968449547279
2026-02-13,AVO.OQ,27.1942772794368
2026-02-13,FIGS.N,103.19138226115
2026-02-13,FCCO.OQ,12.1307460895372
2026-02-13,HOOD.OQ,31.6279418315647
2026-02-13,MBIN.OQ,10.9554192868742
2026-02-13,EG.N,25.4471487795863
2026-02-13,OLLI.OQ,31.4348907934753
2026-02-13,NEWT.OQ,5.81119111143598
2026-02-13,MPC.N,21.675332818625
2026-02-13,COO.OQ,44.2920424827881
2026-02-13,SHC.OQ,88.7000673540231
2026-02-13,SNCY.OQ,22.16156291834
2026-02-13,AXS.N,8.41290557060728
2026-02-13,DCTH.OQ,1070.11494252874
2026-02-13,BLX.N,8.52594606843417
2026-02-13,VPG.N,74.4020064975508
2026-02-13,STT.N,13.5401798515098
2026-02-13,OVBC.OQ,12.9695223773331
2026-02-13,MGY.N,15.5197793154607
2026-02-13,PRKS.N,10.3984543169202
2026-02-13,BFC.OQ,20.5817299084959
2026-02-13,WDAY.OQ,51.1554428371045
2026-02-13,ITIC.OQ,13.891680778132
2026-02-13,SPNT.N,12.7997104307343
2026-02-17,AGNC.OQ,17.0870380451219
2026-02-17,SWBI.OQ,52.8592672705151
2026-02-17,DDS.N,17.9346195869782
2026-02-17,PAX.OQ,25.557733594698
2026-02-17,AVO.OQ,27.3078233223572
2026-02-17,FIGS.N,103.19138226115
2026-02-17,FCCO.OQ,12.2625138862986
2026-02-17,HOOD.OQ,31.4072914541693
2026-02-17,MBIN.OQ,10.8657150348927
2026-02-17,EG.N,26.0493947052044
2026-02-17,OLLI.OQ,30.8930052529721
2026-02-17,NEWT.OQ,5.95738459851613
2026-02-17,MPC.N,21.3852762149319
2026-02-17,COO.OQ,43.7316539467364
2026-02-17,SHC.OQ,88.5446349930055
2026-02-17,SNCY.OQ,22.6949464524766
2026-02-17,AXS.N,8.61940791647393
2026-02-17,DCTH.OQ,1080.45977011494
2026-02-17,BLX.N,8.26385374649327
2026-02-17,VPG.N,76.4388035080041
2026-02-17,STT.N,13.5433540751212
2026-02-17,OVBC.OQ,13.0601127548232
2026-02-17,MGY.N,15.0735421954866
2026-02-17,PRKS.N,10.6525979294951
2026-02-17,BFC.OQ,20.6973259257902
2026-02-17,WDAY.OQ,50.6949659247085
2026-02-17,ITIC.OQ,13.9427241144507
2026-02-17,SPNT.N,13.0992648435452
2026-02-18,AGNC.OQ,17.1021593177282
2026-02-18,SWBI.OQ,53.3549637240323
2026-02-18,DDS.N,18.1243680142243
2026-02-18,PAX.OQ,25.9497806403435
2026-02-18,AVO.OQ,27.9323265584194
2026-02-18,FIGS.N,108.527131782946
2026-02-18,FCCO.OQ,12.2077795707208
2026-02-18,HOOD.OQ,31.311537516809
2026-02-18,MBIN.OQ,10.6840064219044
2026-02-18,EG.N,26.0102487200392
2026-02-18,OLLI.OQ,30.6220624827205
2026-02-18,NEWT.OQ,5.9710902379299
2026-02-18,MPC.N,21.281836911409
2026-02-18,COO.OQ,44.510860863532
2026-02-18,SHC.OQ,90.4098233252163
2026-02-18,SNCY.OQ,21.9314759036145
2026-02-18,AXS.N,8.59462763496994
2026-02-18,DCTH.OQ,1089.65517241379
2026-02-18,BLX.N,8.10990958236913
2026-02-18,VPG.N,77.4824515629471
2026-02-18,STT.N,13.7211105973571
2026-02-18,OVBC.OQ,13.1069177831931
2026-02-18,MGY.N,15.2995583991098
2026-02-18,PRKS.N,10.8730598584757
2026-02-18,BFC.OQ,20.3448990437954
2026-02-18,WDAY.OQ,50.5214015500361
2026-02-18,ITIC.OQ,12.5143566987427
2026-02-18,SPNT.N,12.8371547323356
2026-02-19,AGNC.OQ,17.1172805903345
2026-02-19,SWBI.OQ,54.1210400612861
2026-02-19,DDS.N,18.0054698580959
2026-02-19,PAX.OQ,26.1364697096985
2026-02-19,AVO.OQ,28.0080239203664
2026-02-19,FIGS.N,111.849390919158
2026-02-19,FCCO.OQ,12.3618465330879
2026-02-19,HOOD.OQ,36.7604182864251
2026-02-19,MBIN.OQ,10.3619911583809
2026-02-19,EG.N,25.8160244090274
2026-02-19,OLLI.OQ,30.273707492397
2026-02-19,NEWT.OQ,5.89342494791857
2026-02-19,MPC.N,20.9512576939647
2026-02-19,COO.OQ,44.6602978064792
2026-02-19,SHC.OQ,90.150769390187
2026-02-19,SNCY.OQ,20.8960843373494
2026-02-19,AXS.N,8.47403026498381
2026-02-19,DCTH.OQ,1095.40229885057
2026-02-19,BLX.N,8.0149227576968
2026-02-19,VPG.N,78.9637584796404
2026-02-19,STT.N,13.5295991061386
2026-02-19,OVBC.OQ,13.1929786418087
2026-02-19,MGY.N,15.6936379336324
2026-02-19,PRKS.N,10.8822457721832
2026-02-19,BFC.OQ,19.9995206994405
2026-02-19,WDAY.OQ,49.5969055951487
2026-02-19,ITIC.OQ,11.6888970016913
2026-02-19,SPNT.N,13.7358179707685
2026-02-20,AGNC.OQ,17.3138571342164
2026-02-20,SWBI.OQ,54.1210400612861
2026-02-20,DDS.N,18.1876174899731
2026-02-20,PAX.OQ,26.1364697096985
2026-02-20,AVO.OQ,27.4781423867378
2026-02-20,FIGS.N,113.158159669788
2026-02-20,FCCO.OQ,12.4145536517925
2026-02-20,HOOD.OQ,36.9839449541284
2026-02-20,MBIN.OQ,10.4263942110856
2026-02-20,EG.N,25.7821480757114
2026-02-20,OLLI.OQ,30.0552944429085
2026-02-20,NEWT.OQ,5.92540477321735
2026-02-20,MPC.N,20.9821828465643
2026-02-20,COO.OQ,44.8684421198698
2026-02-20,SHC.OQ,90.6170664732397
2026-02-20,SNCY.OQ,21.4190093708166
2026-02-20,AXS.N,8.67392453578273
2026-02-20,DCTH.OQ,1124.13793103448
2026-02-20,BLX.N,8.16886692182093
2026-02-20,VPG.N,80.5460635951992
2026-02-20,STT.N,13.5401574569819
2026-02-20,OVBC.OQ,13.3047067740465
2026-02-20,MGY.N,15.7110237954495
2026-02-20,PRKS.N,10.8516260598248
2026-02-20,BFC.OQ,20.1545885275182
2026-02-20,WDAY.OQ,48.8140948440754
2026-02-20,ITIC.OQ,11.7276661459755
2026-02-20,SPNT.N,13.386337822489
2026-02-23,AGNC.OQ,17.041674227303
2026-02-23,SWBI.OQ,52.4536974449101
2026-02-23,DDS.N,17.5410069696579
2026-02-23,PAX.OQ,24.7736395034071
2026-02-23,AVO.OQ,26.9482608531093
2026-02-23,FIGS.N,109.835900533575
2026-02-23,FCCO.OQ,12.0658757895932
2026-02-23,HOOD.OQ,34.8798787124864
2026-02-23,MBIN.OQ,9.94337131580037
2026-02-23,EG.N,25.4275757870037
2026-02-23,OLLI.OQ,29.6433508432402
2026-02-23,NEWT.OQ,5.63758634552831
2026-02-23,MPC.N,20.5620273250383
2026-02-23,COO.OQ,44.2653573144047
2026-02-23,SHC.OQ,90.6170664732397
2026-02-23,SNCY.OQ,20.7810408299866
2026-02-23,AXS.N,8.61940791647393
2026-02-23,DCTH.OQ,1119.54022988506
2026-02-23,BLX.N,8.07224239327493
2026-02-23,VPG.N,78.795428148198
2026-02-23,STT.N,13.2427692871045
2026-02-23,OVBC.OQ,13.2775296607994
2026-02-23,MGY.N,15.821134253625
2026-02-23,PRKS.N,10.4290740292786
2026-02-23,BFC.OQ,19.7521170282801
2026-02-23,WDAY.OQ,45.7678629620709
2026-02-23,ITIC.OQ,11.6549740004426
2026-02-23,SPNT.N,12.9494876371398
2026-02-24,AGNC.OQ,8.11613755095011
2026-02-24,SWBI.OQ,53.5352169798567
2026-02-24,DDS.N,16.1755783730226
2026-02-24,PAX.OQ,24.8669840380846
2026-02-24,AVO.OQ,27.3645963438174
2026-02-24,FIGS.N,110.339273129971
2026-02-24,FCCO.OQ,11.9320807959586
2026-02-24,HOOD.OQ,35.662222049448
2026-02-24,MBIN.OQ,9.79156412013929
2026-02-24,EG.N,25.5691035795239
2026-02-24,OLLI.OQ,29.8092341719657
2026-02-24,NEWT.OQ,5.68784035671211
2026-02-24,MPC.N,20.8254243144214
2026-02-24,COO.OQ,44.596253402359
2026-02-24,SHC.OQ,86.6276358737889
2026-02-24,SNCY.OQ,20.822874832664
2026-02-24,AXS.N,8.53515495936034
2026-02-24,DCTH.OQ,1143.67816091954
2026-02-24,BLX.N,8.12792432497941
2026-02-24,VPG.N,78.7617620819096
2026-02-24,STT.N,13.4650166738456
2026-02-24,OVBC.OQ,13.1386244153146
2026-02-24,MGY.N,15.7573860936287
2026-02-24,PRKS.N,10.5852345623065
2026-02-24,BFC.OQ,19.6513229400296
2026-02-24,WDAY.OQ,46.129160231797
2026-02-24,ITIC.OQ,12.108357604433
2026-02-24,SPNT.N,13.1991163144822
2026-02-25,AGNC.OQ,8.10178540673977
2026-02-25,SWBI.OQ,52.9944572123834
2026-02-25,DDS.N,16.4812520095321
2026-02-25,PAX.OQ,24.9603285727621
2026-02-25,AVO.OQ,27.326747662844
2026-02-25,FIGS.N,110.339273129971
2026-02-25,FCCO.OQ,12.1672356332558
2026-02-25,HOOD.OQ,37.6739620587778
2026-02-25,MBIN.OQ,9.95717196995138
2026-02-25,EG.N,25.2800255352272
2026-02-25,OLLI.OQ,29.4166436273155
2026-02-25,NEWT.OQ,5.90256204086108
2026-02-25,MPC.N,20.8766107738966
2026-02-25,COO.OQ,44.5482200992688
2026-02-25,SHC.OQ,59.6221959858324
2026-02-25,SNCY.OQ,20.7287483266399
2026-02-25,AXS.N,8.47403026498381
2026-02-25,DCTH.OQ,1173.56321839081
2026-02-25,BLX.N,8.21308492640978
2026-02-25,VPG.N,81.3203831198344
2026-02-25,STT.N,13.9296195442235
2026-02-25,OVBC.OQ,13.2563919060517
2026-02-25,MGY.N,15.6646614972704
2026-02-25,PRKS.N,10.3402768634391
2026-02-25,BFC.OQ,20.0093886521364
2026-02-25,WDAY.OQ,44.8884783429527
2026-02-25,ITIC.OQ,12.4045107899375
2026-02-25,SPNT.N,5.98714665269196
2026-02-26,AGNC.OQ,8.1448418393708
2026-02-26,SWBI.OQ,53.6253436077689
2026-02-26,DDS.N,16.8239192733038
2026-02-26,PAX.OQ,25.2030243629236
2026-02-26,AVO.OQ,26.683320086295
2026-02-26,FIGS.N,125.541125541126
2026-02-26,FCCO.OQ,12.1712900270023
2026-02-26,HOOD.OQ,38.6069429326699
2026-02-26,MBIN.OQ,10.1112792746376
2026-02-26,EG.N,25.4313398240388
2026-02-26,OLLI.OQ,29.8258225048383
2026-02-26,NEWT.OQ,5.80662256496473
2026-02-26,MPC.N,21.4417945972692
2026-02-26,COO.OQ,44.8364199178097
2026-02-26,SHC.OQ,60.7659386068477
2026-02-26,SNCY.OQ,21.3353413654618
2026-02-26,AXS.N,8.64088416044406
2026-02-26,DCTH.OQ,1034.48275862069
2026-02-26,BLX.N,8.3801307215232
2026-02-26,VPG.N,79.5529146396889
2026-02-26,STT.N,13.9984104020244
2026-02-26,OVBC.OQ,13.2865886985484
2026-02-26,MGY.N,15.8559059772593
2026-02-26,PRKS.N,11.023096449032
2026-02-26,BFC.OQ,19.7471830519322
2026-02-26,WDAY.OQ,46.8977560817735
2026-02-26,ITIC.OQ,12.4583568236656
2026-02-26,SPNT.N,5.9899641334697
2026-02-27,AGNC.OQ,8.04437682989839
2026-02-27,SWBI.OQ,53.6253436077689
2026-02-27,DDS.N,16.5509935840497
2026-02-27,PAX.OQ,24.4936058993746
2026-02-27,AVO.OQ,26.8536391506756
2026-02-27,FIGS.N,82.9931241942415
2026-02-27,FCCO.OQ,11.6847627774219
2026-02-27,HOOD.OQ,36.8576037941222
2026-02-27,MBIN.OQ,9.72486095840943
2026-02-27,EG.N,8.86674588391009
2026-02-27,OLLI.OQ,29.6101741774952
2026-02-27,NEWT.OQ,5.61017506670078
2026-02-27,MPC.N,14.8643824768121
2026-02-27,COO.OQ,44.6549607728025
2026-02-27,SHC.OQ,59.9542502951594
2026-02-27,SNCY.OQ,20.5823293172691
2026-02-27,AXS.N,8.73257120200885
2026-02-27,DCTH.OQ,141.832669322709
2026-02-27,BLX.N,8.19343247992585
2026-02-27,VPG.N,77.5497836955241
2026-02-27,STT.N,13.6121232774505
2026-02-27,OVBC.OQ,12.8728926413436
2026-02-27,MGY.N,16.1224891917892
2026-02-27,PRKS.N,10.6525979294951
2026-02-27,BFC.OQ,18.9845312792955
2026-02-27,WDAY.OQ,45.0941258967582
2026-02-27,ITIC.OQ,12.4330491878134
2026-02-27,SPNT.N,5.95615436413685
2026-03-02,AGNC.OQ,8.00132039726735
2026-03-02,SWBI.OQ,54.2562300031544
2026-03-02,DDS.N,16.67867008858
2026-03-02,PAX.OQ,24.5122748063101
2026-03-02,AVO.OQ,26.9861095340827
2026-03-02,FIGS.N,91.963902019768
2026-03-02,FCCO.OQ,11.7334155023799
2026-03-02,HOOD.OQ,38.2813714818846
2026-03-02,MBIN.OQ,11.4720830985207
2026-03-02,EG.N,8.97616293943898
2026-03-02,OLLI.OQ,28.0481061653304
2026-03-02,NEWT.OQ,5.61931215964329
2026-03-02,MPC.N,15.7350523751815
2026-03-02,COO.OQ,44.7883866147195
2026-03-02,SHC.OQ,58.6998229043684
2026-03-02,SNCY.OQ,19.881609772423
2026-03-02,AXS.N,8.6208634410397
2026-03-02,DCTH.OQ,142.310756972112
2026-03-02,BLX.N,8.22946196514638
2026-03-02,VPG.N,124.484686006222
2026-03-02,STT.N,13.7010222321469
2026-03-02,OVBC.OQ,12.9876404528311
2026-03-02,MGY.N,16.5455451626737
2026-03-02,PRKS.N,10.3862064319768
2026-03-02,BFC.OQ,19.1694929825097
2026-03-02,WDAY.OQ,45.1784076811047
2026-03-02,ITIC.OQ,12.5552796843761
2026-03-02,SPNT.N,6.05476619135766
2026-03-03,AGNC.OQ,7.89367931568976
2026-03-03,SWBI.OQ,53.4450903519445
2026-03-03,DDS.N,16.7983839723977
2026-03-03,PAX.OQ,23.3548025763092
2026-03-03,AVO.OQ,26.8157904697021
2026-03-03,FIGS.N,91.0507090674688
2026-03-03,FCCO.OQ,11.6361100524639
2026-03-03,HOOD.OQ,36.964507852589
2026-03-03,MBIN.OQ,11.3900640542278
2026-03-03,EG.N,8.85723135734236
2026-03-03,OLLI.OQ,28.6314625380149
2026-03-03,NEWT.OQ,5.66499762435584
2026-03-03,MPC.N,15.8970374725525
2026-03-03,COO.OQ,44.494849762502
2026-03-03,SHC.OQ,57.9250295159386
2026-03-03,SNCY.OQ,19.6515227576975
2026-03-03,AXS.N,8.41282090359809
2026-03-03,DCTH.OQ,137.051792828685
2026-03-03,BLX.N,8.09189483975887
2026-03-03,VPG.N,120.336882571638
2026-03-03,STT.N,13.3253183164655
2026-03-03,OVBC.OQ,12.9725420565828
2026-03-03,MGY.N,16.4702064281326
2026-03-03,PRKS.N,10.4964373964671
2026-03-03,BFC.OQ,19.1327485655812
2026-03-03,WDAY.OQ,48.4148282000108
2026-03-03,ITIC.OQ,12.2758187693274
2026-03-03,SPNT.N,5.92516207558174
2026-03-04,AGNC.OQ,7.87215109937425
2026-03-04,SWBI.OQ,54.1210400612861
2026-03-04,DDS.N,17.3239169394322
2026-03-04,PAX.OQ,23.2614580416317
2026-03-04,AVO.OQ,27.0618068960297
2026-03-04,FIGS.N,91.1581435324452
2026-03-04,FCCO.OQ,11.7171979273939
2026-03-04,HOOD.OQ,39.9481029388897
2026-03-04,MBIN.OQ,11.2405777315649
2026-03-04,EG.N,8.83027353206712
2026-03-04,OLLI.OQ,30.0774122200719
2026-03-04,NEWT.OQ,5.80205401849348
2026-03-04,MPC.N,16.5562268271319
2026-03-04,COO.OQ,43.7530020814431
2026-03-04,SHC.OQ,58.14639905549
2026-03-04,SNCY.OQ,19.0972222222222
2026-03-04,AXS.N,8.37492168166105
2026-03-04,DCTH.OQ,147.091633466135
2026-03-04,BLX.N,8.10827187849547
2026-03-04,VPG.N,118.819393510205
2026-03-04,STT.N,13.3919925324878
2026-03-04,OVBC.OQ,13.0314258019513
2026-03-04,MGY.N,16.5745215990357
2026-03-04,PRKS.N,11.2241411034882
2026-03-04,BFC.OQ,19.2928987601186
2026-03-04,WDAY.OQ,48.2226657317008
2026-03-04,ITIC.OQ,12.2973571828186
2026-03-04,SPNT.N,5.98432917191422
2026-02-12,HQY.OQ,33.5547091634927
2026-02-12,CNA.N,10.0063777846449
2026-02-12,REXR.N,43.10536217151
2026-02-12,PRK.A,15.9294188333171
2026-02-12,OSBC.OQ,13.5258418944112
2026-02-12,PLX.A,61.9449859215941
2026-02-12,MYFW.OQ,20.0364015369538
2026-02-12,AAMI.N,22.0074718543325
2026-02-12,AEIS.OQ,81.829829515741
2026-02-12,AMZN.OQ,27.8295204845348
2026-02-12,NAT.N,497.212931995541
2026-02-12,WRLD.OQ,16.3771718514477
2026-02-12,KO.N,26.1551297162003
2026-02-12,VVX.N,25.4309949472996
2026-02-12,PGNY.OQ,33.5889595107347
2026-02-12,EFC.N,9.80347763086398
2026-02-12,JHG.N,14.2931584200098
2026-02-12,EWBC.OQ,12.9343870011838
2026-02-12,LAZ.N,20.635538056076
2026-02-12,NSC.N,24.6920558212852
2026-02-12,KROS.OQ,10.7618146713144
2026-02-12,RELY.OQ,136.484900224096
2026-02-12,VC.OQ,8.24456240496317
2026-02-12,NATH.OQ,19.3586940231113
2026-02-12,ROAD.OQ,61.4821032654811
2026-02-12,OPLN.N,27.3173124080432
2026-02-12,FHN.N,14.8471404274379
2026-02-12,NRIM.OQ,8.72788014824868
2026-02-12,CWK.N,12.966032352139
2026-02-12,AIR.N,44.6826395987166
2026-02-12,GRC.N,34.9444089991528
2026-02-13,HQY.OQ,33.8617936483928
2026-02-13,CNA.N,9.96136852043263
2026-02-13,REXR.N,43.4675921057244
2026-02-13,PRK.A,16.0906850774354
2026-02-13,OSBC.OQ,13.5985614744886
2026-02-13,PLX.A,64.327485380117
2026-02-13,MYFW.OQ,20.215297979248
2026-02-13,AAMI.N,21.8139440957205
2026-02-13,AEIS.OQ,82.1749816964752
2026-02-13,AMZN.OQ,27.7165850557148
2026-02-13,NAT.N,506.13154960981
2026-02-13,WRLD.OQ,16.7959500181214
2026-02-13,KO.N,26.0491848869701
2026-02-13,VVX.N,26.1448334443306
2026-02-13,PGNY.OQ,33.1246697939514
2026-02-13,EFC.N,9.76574292096842
2026-02-13,JHG.N,14.4403588156845
2026-02-13,EWBC.OQ,12.9994781674299
2026-02-13,LAZ.N,20.7625504080272
2026-02-13,NSC.N,24.7234566680091
2026-02-13,KROS.OQ,10.7423773179044
2026-02-13,RELY.OQ,136.164763632483
2026-02-13,VC.OQ,8.80146875663108
2026-02-13,NATH.OQ,19.3586940231113
2026-02-13,ROAD.OQ,61.0988950830741
2026-02-13,OPLN.N,27.7587052476704
2026-02-13,FHN.N,14.8652983651803
2026-02-13,NRIM.OQ,8.82880061248282
2026-02-13,CWK.N,13.5220191763003
2026-02-13,AIR.N,44.5879228216128
2026-02-13,GRC.N,35.2477277243774
2026-02-17,HQY.OQ,34.0817944733959
2026-02-17,CNA.N,10.1598184580958
2026-02-17,REXR.N,43.8999310594641
2026-02-17,PRK.A,16.2114043801755
2026-02-17,OSBC.OQ,13.7704441183081
2026-02-17,PLX.A,64.5440762399827
2026-02-17,MYFW.OQ,20.005289112207
2026-02-17,AAMI.N,21.8518082224055
2026-02-17,AEIS.OQ,81.7475849433711
2026-02-17,AMZN.OQ,28.0456314903015
2026-02-17,NAT.N,515.05016722408
2026-02-17,WRLD.OQ,17.2441835298517
2026-02-17,KO.N,26.3405331673531
2026-02-17,VVX.N,26.6752274113983
2026-02-17,PGNY.OQ,32.5803301259986
2026-02-17,EFC.N,9.6751796172191
2026-02-17,JHG.N,14.5728391717917
2026-02-17,EWBC.OQ,13.1958549062742
2026-02-17,LAZ.N,20.5124948401232
2026-02-17,NSC.N,24.8160891658444
2026-02-17,KROS.OQ,10.7035026110845
2026-02-17,RELY.OQ,139.579553943016
2026-02-17,VC.OQ,8.74443617844823
2026-02-17,NATH.OQ,19.3606154815751
2026-02-17,ROAD.OQ,61.6645833523417
2026-02-17,OPLN.N,28.4649337910741
2026-02-17,FHN.N,14.9984565752919
2026-02-17,NRIM.OQ,8.92624106070888
2026-02-17,CWK.N,12.934561399828
2026-02-17,AIR.N,44.808928634855
2026-02-17,GRC.N,34.9078015667981
2026-02-18,HQY.OQ,35.3422158666428
2026-02-18,CNA.N,10.0902586861314
2026-02-18,REXR.N,43.4909617788995
2026-02-18,PRK.A,15.9911607667795
2026-02-18,OSBC.OQ,13.5787288617402
2026-02-18,PLX.A,64.5440762399827
2026-02-18,MYFW.OQ,19.9352861565266
2026-02-18,AAMI.N,22.1799639870084
2026-02-18,AEIS.OQ,83.6265406395736
2026-02-18,AMZN.OQ,28.5531437877148
2026-02-18,NAT.N,527.313266443701
2026-02-18,WRLD.OQ,17.3274268963159
2026-02-18,KO.N,26.317357735959
2026-02-18,VVX.N,27.548582891006
2026-02-18,PGNY.OQ,32.5963401162325
2026-02-18,EFC.N,9.54688160357423
2026-02-18,JHG.N,14.431526791944
2026-02-18,EWBC.OQ,13.4198126477652
2026-02-18,LAZ.N,20.6236306480805
2026-02-18,NSC.N,24.8663305206025
2026-02-18,KROS.OQ,10.4767334879683
2026-02-18,RELY.OQ,145.235300394835
2026-02-18,VC.OQ,8.90211448283613
2026-02-18,NATH.OQ,19.3145004784432
2026-02-18,ROAD.OQ,59.525004333902
2026-02-18,OPLN.N,28.54340362923
2026-02-18,FHN.N,15.1921412445451
2026-02-18,NRIM.OQ,8.86012075655548
2026-02-18,CWK.N,14.2248704445797
2026-02-18,AIR.N,45.2391006642014
2026-02-18,GRC.N,34.0606009894466
2026-02-19,HQY.OQ,36.1534689088417
2026-02-19,CNA.N,10.0554788001492
2026-02-19,REXR.N,43.3741134130239
2026-02-19,PRK.A,16.0842344276707
2026-02-19,OSBC.OQ,13.466344056166
2026-02-19,PLX.A,68.2261208576998
2026-02-19,MYFW.OQ,19.8341707760994
2026-02-19,AAMI.N,22.2514851151911
2026-02-19,AEIS.OQ,83.4443704197202
2026-02-19,AMZN.OQ,28.5629036395882
2026-02-19,NAT.N,538.461538461539
2026-02-19,WRLD.OQ,17.1506948259765
2026-02-19,KO.N,26.1253327329793
2026-02-19,VVX.N,28.262421388037
2026-02-19,PGNY.OQ,33.2367397255888
2026-02-19,EFC.N,9.39594276399203
2026-02-19,JHG.N,14.437414807771
2026-02-19,EWBC.OQ,13.2234359089209
2026-02-19,LAZ.N,20.2783158162131
2026-02-19,NSC.N,24.6535897840485
2026-02-19,KROS.OQ,10.7229399644944
2026-02-19,RELY.OQ,54.6503842106941
2026-02-19,VC.OQ,7.8759474327372
2026-02-19,NATH.OQ,19.4163377770263
2026-02-19,ROAD.OQ,59.8580304924226
2026-02-19,FHN.N,15.1437200772318
2026-02-19,NRIM.OQ,8.77312035635364
2026-02-19,CWK.N,13.7737867947884
2026-02-19,AIR.N,45.6021816430993
2026-02-19,GRC.N,33.8827934608667
2026-02-20,HQY.OQ,36.1603439346231
2026-02-20,CNA.N,10.2232406031222
2026-02-20,REXR.N,44.0050945887522
2026-02-20,PRK.A,16.1404472327634
2026-02-20,OSBC.OQ,13.5985614744886
2026-02-20,PLX.A,66.2768031189084
2026-02-20,MYFW.OQ,19.8341707760994
2026-02-20,AAMI.N,22.3945273715565
2026-02-20,AEIS.OQ,86.2003456029314
2026-02-20,AMZN.OQ,29.2948925300882
2026-02-20,NAT.N,549.609810479376
2026-02-20,WRLD.OQ,16.7293553249501
2026-02-20,KO.N,26.4332348929295
2026-02-20,VVX.N,27.3531745873495
2026-02-20,PGNY.OQ,33.5889595107347
2026-02-20,EFC.N,9.33556722815915
2026-02-20,JHG.N,14.7789197257362
2026-02-20,EWBC.OQ,13.3834057242716
2026-02-20,LAZ.N,20.3735750801765
2026-02-20,NSC.N,24.8247243986934
2026-02-20,KROS.OQ,10.4961708413782
2026-02-20,RELY.OQ,54.6822689156012
2026-02-20,VC.OQ,12.7817283604142
2026-02-20,NATH.OQ,19.4451596539838
2026-02-20,ROAD.OQ,60.1728086422569
2026-02-20,FHN.N,15.2829309332575
2026-02-20,NRIM.OQ,8.86708078857163
2026-02-20,CWK.N,35.4643892835289
2026-02-20,AIR.N,46.1625892409634
2026-02-20,GRC.N,34.3534604482841
2026-02-23,HQY.OQ,34.7738804020515
2026-02-23,CNA.N,9.98668016410038
2026-02-23,REXR.N,43.5493859618373
2026-02-23,PRK.A,15.2861968996334
2026-02-23,OSBC.OQ,12.9308635119591
2026-02-23,PLX.A,68.0095299978341
2026-02-23,MYFW.OQ,19.4452654667641
2026-02-23,AAMI.N,22.0621644817663
2026-02-23,AEIS.OQ,85.6824616922052
2026-02-23,AMZN.OQ,28.6200684862749
2026-02-23,NAT.N,548.494983277592
2026-02-23,WRLD.OQ,16.2900864834544
2026-02-23,KO.N,26.5095922866827
2026-02-23,VVX.N,27.0939594906623
2026-02-23,PGNY.OQ,34.1172891884536
2026-02-23,EFC.N,9.36575499607559
2026-02-23,JHG.N,14.6022792509266
2026-02-23,EWBC.OQ,12.808617629115
2026-02-23,LAZ.N,19.5757787444829
2026-02-23,NSC.N,24.7305218585219
2026-02-23,KROS.OQ,10.1786940690156
2026-02-23,RELY.OQ,51.9720689985014
2026-02-23,VC.OQ,13.0788818773499
2026-02-23,NATH.OQ,19.3260292292262
2026-02-23,ROAD.OQ,59.5478143447596
2026-02-23,FHN.N,14.5868766531289
2026-02-23,NRIM.OQ,8.44599885159472
2026-02-23,CWK.N,34.400191555591
2026-02-23,AIR.N,46.0520863343423
2026-02-23,GRC.N,33.7415933646414
2026-02-24,HQY.OQ,34.7830471030933
2026-02-24,CNA.N,10.0399595076989
2026-02-24,REXR.N,43.397483086199
2026-02-24,PRK.A,14.9874032751485
2026-02-24,OSBC.OQ,13.0829135430302
2026-02-24,PLX.A,64.9772579597141
2026-02-24,MYFW.OQ,19.6397181214318
2026-02-24,AAMI.N,22.8741396428992
2026-02-24,AEIS.OQ,87.3740423051299
2026-02-24,AMZN.OQ,29.0787815243216
2026-02-24,NAT.N,557.413600891862
2026-02-24,WRLD.OQ,16.4143111995625
2026-02-24,KO.N,26.5622429168449
2026-02-24,VVX.N,28.5964066572435
2026-02-24,PGNY.OQ,33.2687597060566
2026-02-24,EFC.N,9.40348970597114
2026-02-24,JHG.N,14.640551353802
2026-02-24,EWBC.OQ,12.6287894918586
2026-02-24,LAZ.N,23.1884325006564
2026-02-24,NSC.N,24.8137341023401
2026-02-24,KROS.OQ,10.0555908307525
2026-02-24,RELY.OQ,51.6213372445238
2026-02-24,VC.OQ,13.4558266164257
2026-02-24,NATH.OQ,19.3260292292262
2026-02-24,ROAD.OQ,63.357086157973
2026-02-24,FHN.N,14.5989819449572
2026-02-24,NRIM.OQ,8.52951923578849
2026-02-24,CWK.N,36.1029079202916
2026-02-24,AIR.N,46.6716919178963
2026-02-24,GRC.N,34.133815854156
2026-02-25,HQY.OQ,34.6317965359037
2026-02-25,CNA.N,10.1294688049443
2026-02-25,REXR.N,43.6428646545378
2026-02-25,PRK.A,15.2933237358287
2026-02-25,OSBC.OQ,13.4332897015853
2026-02-25,PLX.A,65.6270305393112
2026-02-25,MYFW.OQ,19.9197299441532
2026-02-25,AAMI.N,23.7408074314659
2026-02-25,AEIS.OQ,88.0949158894071
2026-02-25,AMZN.OQ,29.3687885514149
2026-02-25,NAT.N,561.872909698997
2026-02-25,WRLD.OQ,17.1494141588002
2026-02-25,KO.N,26.4799763072164
2026-02-25,VVX.N,27.7303440556241
2026-02-25,PGNY.OQ,34.1493091689214
2026-02-25,EFC.N,9.4487713578458
2026-02-25,JHG.N,14.7641996861688
2026-02-25,EWBC.OQ,12.7435264628688
2026-02-25,LAZ.N,23.8010788102685
2026-02-25,NSC.N,24.4808851270675
2026-02-25,KROS.OQ,9.86121729665289
2026-02-25,RELY.OQ,51.8126454739661
2026-02-25,VC.OQ,13.7007031257523
2026-02-25,NATH.OQ,19.362536940039
2026-02-25,ROAD.OQ,62.2713296411529
2026-02-25,FHN.N,14.8229298437812
2026-02-25,NRIM.OQ,8.62695968401455
2026-02-25,CWK.N,36.6084018410621
2026-02-25,AIR.N,46.1981080323773
2026-02-25,GRC.N,33.6840673995126
2026-02-26,HQY.OQ,35.470549681228
2026-02-26,CNA.N,10.2232404496777
2026-02-26,REXR.N,44.2621609936785
2026-02-26,PRK.A,15.4417851358647
2026-02-26,OSBC.OQ,13.3671809924239
2026-02-26,PLX.A,65.1938488195798
2026-02-26,MYFW.OQ,19.8263926699127
2026-02-26,AAMI.N,23.4673442942968
2026-02-26,AEIS.OQ,87.7930338107928
2026-02-26,AMZN.OQ,28.9895485929082
2026-02-26,NAT.N,602.006688963211
2026-02-26,WRLD.OQ,17.8499391042758
2026-02-26,KO.N,26.4898483003718
2026-02-26,VVX.N,28.4697654277614
2026-02-26,PGNY.OQ,35.6222282704408
2026-02-26,EFC.N,9.49405300972046
2026-02-26,JHG.N,9.70071976022577
2026-02-26,EWBC.OQ,12.8527472333496
2026-02-26,LAZ.N,24.3722678508091
2026-02-26,NSC.N,24.5719475825666
2026-02-26,KROS.OQ,9.73811405838981
2026-02-26,RELY.OQ,53.6938430634824
2026-02-26,VC.OQ,13.5823920032687
2026-02-26,NATH.OQ,19.362536940039
2026-02-26,ROAD.OQ,61.8744354522313
2026-02-26,FHN.N,15.077140972176
2026-02-26,NRIM.OQ,8.56083937986115
2026-02-26,CWK.N,36.8478463298481
2026-02-26,AIR.N,46.6361731264824
2026-02-26,GRC.N,33.7991193297702
2026-02-27,HQY.OQ,35.0580481343472
2026-02-27,CNA.N,10.2338963183974
2026-02-27,REXR.N,43.7830826935885
2026-02-27,PRK.A,14.8038509987403
2026-02-27,OSBC.OQ,12.0275229919919
2026-02-27,PLX.A,62.3781676413255
2026-02-27,MYFW.OQ,19.6708305461786
2026-02-27,AAMI.N,22.6595762583511
2026-02-27,AEIS.OQ,87.3298009660227
2026-02-27,AMZN.OQ,29.2795556200016
2026-02-27,NAT.N,638.795986622074
2026-02-27,WRLD.OQ,17.2736388749083
2026-02-27,KO.N,26.8386587251966
2026-02-27,VVX.N,28.4942766334676
2026-02-27,PGNY.OQ,28.3216727237796
2026-02-27,EFC.N,9.3733019380547
2026-02-27,JHG.N,9.49835556301001
2026-02-27,EWBC.OQ,12.0749629587134
2026-02-27,LAZ.N,23.3081979446407
2026-02-27,NSC.N,24.7077562446471
2026-02-27,KROS.OQ,9.19386816291094
2026-02-27,RELY.OQ,53.2474571947837
2026-02-27,VC.OQ,13.1614245209431
2026-02-27,NATH.OQ,19.3260292292262
2026-02-27,ROAD.OQ,61.2996231786206
2026-02-27,FHN.N,12.6829268292683
2026-02-27,NRIM.OQ,8.17455760296497
2026-02-27,CWK.N,35.6772288291164
2026-02-27,AIR.N,46.2415198885499
2026-02-27,GRC.N,33.5899340020291
2026-03-02,HQY.OQ,35.7180506093564
2026-03-02,CNA.N,10.5663594224519
2026-03-02,REXR.N,43.9934097521646
2026-03-02,PRK.A,15.1862515745906
2026-03-02,OSBC.OQ,12.1990821584594
2026-03-02,PLX.A,65.6270305393112
2026-03-02,MYFW.OQ,18.6321053533765
2026-03-02,AAMI.N,24.8049907912318
2026-03-02,AEIS.OQ,88.5919803464357
2026-03-02,AMZN.OQ,29.0550790269149
2026-03-02,NAT.N,664.437012263099
2026-03-02,WRLD.OQ,17.5259303086536
2026-03-02,KO.N,26.3977096975879
2026-03-02,VVX.N,28.9926711494938
2026-03-02,PGNY.OQ,26.9847597436448
2026-03-02,EFC.N,9.40348970597114
2026-03-02,JHG.N,9.49835556301001
2026-03-02,EWBC.OQ,11.6484481338957
2026-03-02,LAZ.N,23.400325209244
2026-03-02,NSC.N,24.9220670235373
2026-03-02,KROS.OQ,9.01245286441798
2026-03-02,RELY.OQ,53.980805407646
2026-03-02,VC.OQ,13.1311588849589
2026-03-02,NATH.OQ,19.3260292292262
2026-03-02,ROAD.OQ,62.3443216758971
2026-03-02,FHN.N,12.880181260829
2026-03-02,NRIM.OQ,8.35899845139288
2026-03-02,CWK.N,36.0230930906963
2026-03-02,AIR.N,47.2676183071744
2026-03-02,GRC.N,34.1599640201236
2026-03-03,HQY.OQ,36.8638882395809
2026-03-03,CNA.N,10.5343918162928
2026-03-03,REXR.N,43.4091679227866
2026-03-03,PRK.A,15.0170955551557
2026-03-03,OSBC.OQ,12.1929550453713
2026-03-03,PLX.A,61.295213341997
2026-03-03,MYFW.OQ,18.6321053533765
2026-03-03,AAMI.N,24.276840850818
2026-03-03,AEIS.OQ,83.9206154230513
2026-03-03,AMZN.OQ,29.1024840217282
2026-03-03,NAT.N,99.7239475500345
2026-03-03,WRLD.OQ,17.9920931608531
2026-03-03,KO.N,26.1081312316957
2026-03-03,VVX.N,29.7892853349456
2026-03-03,PGNY.OQ,26.86210174481
2026-03-03,EFC.N,10.1225579020196
2026-03-03,JHG.N,9.4144929227224
2026-03-03,EWBC.OQ,11.6053874203902
2026-03-03,LAZ.N,22.6448816394968
2026-03-03,NSC.N,24.9055815790073
2026-03-03,KROS.OQ,8.68201785644867
2026-03-03,RELY.OQ,56.0533112266046
2026-03-03,VC.OQ,12.9825821264911
2026-03-03,NATH.OQ,19.3952017339241
2026-03-03,ROAD.OQ,61.7010793697138
2026-03-03,FHN.N,12.4750099960016
2026-03-03,NRIM.OQ,8.36595848340903
2026-03-03,CWK.N,35.5974139995211
2026-03-03,AIR.N,46.1112843200322
2026-03-03,GRC.N,31.6745447962185
2026-03-04,HQY.OQ,37.1938894770856
2026-03-04,CNA.N,10.4427513453034
2026-03-04,REXR.N,43.5961253081876
2026-03-04,PRK.A,15.0170955551557
2026-03-04,OSBC.OQ,12.2848617416932
2026-03-04,PLX.A,61.295213341997
2026-03-04,MYFW.OQ,18.7737093540622
2026-03-04,AAMI.N,24.6831100357517
2026-03-04,AEIS.OQ,86.0207778147902
2026-03-04,AMZN.OQ,30.230444045375
2026-03-04,NAT.N,99.7239475500345
2026-03-04,WRLD.OQ,18.669566097154
2026-03-04,KO.N,25.7000888479384
2026-03-04,VVX.N,30.2018906310001
2026-03-04,PGNY.OQ,27.2760724908773
2026-03-04,EFC.N,10.0484301387013
2026-03-04,JHG.N,9.37073850170278
2026-03-04,EWBC.OQ,11.7198659026366
2026-03-04,LAZ.N,22.290191670774
2026-03-04,NSC.N,24.9503277855887
2026-03-04,KROS.OQ,8.9217452151715
2026-03-04,RELY.OQ,55.3837324235564
2026-03-04,VC.OQ,12.7088156919068
2026-03-04,NATH.OQ,19.3298721461538
2026-03-04,ROAD.OQ,62.0432295325773
2026-03-04,FHN.N,12.5123284019725
2026-03-04,NRIM.OQ,8.46687894764316
2026-03-04,CWK.N,35.7038337723149
2026-03-04,AIR.N,46.8098205511727
2026-03-04,GRC.N,32.2003045438538
2026-02-12,MHK.N,19.8624154232816
2026-02-12,SKYT.OQ,11.0224794953171
2026-02-12,HL.N,68.7804556828658
2026-02-12,GNE.N,49.9222175081318
2026-02-12,TYL.N,39.9323887231068
2026-02-12,SRCE.OQ,11.6432359374012
2026-02-12,PDLB.OQ,13.8970280452072
2026-02-12,FITB.OQ,15.8942298205172
2026-02-12,EXPO.OQ,32.9745899666472
2026-02-12,LNTH.OQ,28.8624288624289
2026-02-12,RGR.N,282.327913690928
2026-02-12,AEO.N,21.0569670759647
2026-02-12,SEZL.OQ,19.2769363118845
2026-02-12,XOMA.OQ,31.5867059769499
2026-02-12,CVBF.OQ,13.8586753952603
2026-02-12,IBEX.OQ,9.79580029716119
2026-02-12,EXC.OQ,17.0236684483938
2026-02-12,DAL.N,9.07661446198531
2026-02-12,OTIS.N,26.1579340506452
2026-02-12,USPH.N,36.8302585354566
2026-02-12,ALLY.N,47.4364783381548
2026-02-12,PCG.N,14.9768013100437
2026-02-12,WSO.N,32.3836763863728
2026-02-12,FRME.OQ,10.4245422364198
2026-02-12,PFG.OQ,13.1829238096625
2026-02-12,FOUR.N,25.5555295384832
2026-02-12,PHM.N,12.4917929576831
2026-02-12,FERG.N,26.6531611583197
2026-02-12,BVFL.OQ,17.9857430085907
2026-02-12,ESE.N,54.6912439069872
2026-02-12,PAYC.N,14.8953927018048
2026-02-12,LOCO.OQ,11.7677735327128
2026-02-12,LPA.A,11.3469116460143
2026-02-12,HTO.OQ,16.9720469750663
2026-02-12,AIT.N,26.550870375269
2026-02-12,CHRW.OQ,34.0054155722022
2026-02-12,GPN.N,11.9551538725546
2026-02-13,MHK.N,19.731467524177
2026-02-13,SKYT.OQ,11.3406221629046
2026-02-13,HL.N,74.4106413802186
2026-02-13,GNE.N,51.6192900579833
2026-02-13,TYL.N,42.2834804504636
2026-02-13,SRCE.OQ,11.7297903718179
2026-02-13,PDLB.OQ,13.8467978233571
2026-02-13,FITB.OQ,15.804533263968
2026-02-13,EXPO.OQ,32.807580275173
2026-02-13,LNTH.OQ,29.1396291396291
2026-02-13,RGR.N,284.759155143595
2026-02-13,AEO.N,21.8635501668941
2026-02-13,SEZL.OQ,19.8949660083667
2026-02-13,XOMA.OQ,32.1763602251407
2026-02-13,CVBF.OQ,13.9264439791002
2026-02-13,IBEX.OQ,9.89441573639436
2026-02-13,EXC.OQ,17.7241568412394
2026-02-13,DAL.N,9.01131507736671
2026-02-13,OTIS.N,25.6105418612475
2026-02-13,USPH.N,36.5778235900456
2026-02-13,ALLY.N,47.4016242027116
2026-02-13,PCG.N,15.5910608961426
2026-02-13,WSO.N,32.6060328026427
2026-02-13,FRME.OQ,10.527185423666
2026-02-13,PFG.OQ,13.1654456209855
2026-02-13,FOUR.N,25.7615847519142
2026-02-13,PHM.N,12.821873454153
2026-02-13,FERG.N,26.4206561493531
2026-02-13,BVFL.OQ,17.8303783586182
2026-02-13,ESE.N,53.8190232331516
2026-02-13,PAYC.N,15.5856851992582
2026-02-13,LOCO.OQ,11.9151541260898
2026-02-13,LPA.A,11.5842947348431
2026-02-13,HTO.OQ,17.445611581674
2026-02-13,AIT.N,26.6279452597043
2026-02-13,CHRW.OQ,35.6734604533515
2026-02-13,GPN.N,11.8702180251202
2026-02-17,MHK.N,19.6287924669245
2026-02-17,SKYT.OQ,11.1621518859653
2026-02-17,ROKU.OQ,154.148684393707
2026-02-17,HL.N,69.9328328723824
2026-02-17,GNE.N,52.11426955169
2026-02-17,TYL.N,43.4715469209741
2026-02-17,SRCE.OQ,11.8346543981304
2026-02-17,PDLB.OQ,13.955629970699
2026-02-17,FITB.OQ,15.8643309683341
2026-02-17,EXPO.OQ,33.7556058767763
2026-02-17,LNTH.OQ,29.9334299334299
2026-02-17,RGR.N,280.428506306032
2026-02-17,AEO.N,21.3916132519886
2026-02-17,SEZL.OQ,19.6899913351615
2026-02-17,XOMA.OQ,32.7928169391584
2026-02-17,CVBF.OQ,14.0958654386999
2026-02-17,IBEX.OQ,9.80237465977674
2026-02-17,EXC.OQ,17.5632940316242
2026-02-17,DAL.N,9.25292280045553
2026-02-17,OTIS.N,26.35465311871
2026-02-17,USPH.N,36.4095336264383
2026-02-17,ALLY.N,47.9709084149501
2026-02-17,PCG.N,15.4708654927582
2026-02-17,WSO.N,32.9891099969884
2026-02-17,FRME.OQ,10.6498565498871
2026-02-17,PFG.OQ,13.3970316209564
2026-02-17,FOUR.N,26.3469688809797
2026-02-17,PHM.N,12.7337320681747
2026-02-17,FERG.N,26.2498155123298
2026-02-17,BVFL.OQ,18.0679948821056
2026-02-17,ESE.N,53.3357929287967
2026-02-17,PAYC.N,15.2137978898194
2026-02-17,LOCO.OQ,12.0511977507454
2026-02-17,LPA.A,11.2994350282486
2026-02-17,HTO.OQ,17.3280150015097
2026-02-17,AIT.N,26.4823593668822
2026-02-17,CHRW.OQ,36.708601418428
2026-02-17,GPN.N,12.0938246438761
2026-02-18,MHK.N,19.4933804348958
2026-02-18,SKYT.OQ,11.1505125200779
2026-02-18,ROKU.OQ,156.985242934707
2026-02-18,HL.N,45.4921080902405
2026-02-18,GNE.N,50.4171970018385
2026-02-18,TYL.N,44.1337479045373
2026-02-18,SRCE.OQ,11.0167295703507
2026-02-18,PDLB.OQ,13.9053997488489
2026-02-18,FITB.OQ,16.0467139666508
2026-02-18,EXPO.OQ,34.5120615381593
2026-02-18,LNTH.OQ,30.6852306852307
2026-02-18,RGR.N,285.670870688345
2026-02-18,AEO.N,21.51174264851
2026-02-18,SEZL.OQ,20.3359721234444
2026-02-18,XOMA.OQ,32.6320021441973
2026-02-18,CVBF.OQ,14.021319996476
2026-02-18,IBEX.OQ,9.85496956070109
2026-02-18,EXC.OQ,17.2708161959602
2026-02-18,DAL.N,9.2868784804572
2026-02-18,OTIS.N,26.4487361512627
2026-02-18,USPH.N,36.3674611355365
2026-02-18,ALLY.N,48.9119700719157
2026-02-18,PCG.N,15.3506700893739
2026-02-18,WSO.N,32.7152605158981
2026-02-18,FRME.OQ,10.5872692405906
2026-02-18,PFG.OQ,13.4654878599414
2026-02-18,FOUR.N,27.6956939143466
2026-02-18,PHM.N,12.780500966857
2026-02-18,FERG.N,26.2831749266598
2026-02-18,BVFL.OQ,18.0771339791629
2026-02-18,ESE.N,54.1398400327233
2026-02-18,PAYC.N,15.4501142402989
2026-02-18,LOCO.OQ,12.1532304692371
2026-02-18,LPA.A,11.3943882637801
2026-02-18,HTO.OQ,17.3407281453112
2026-02-18,AIT.N,26.5737073780647
2026-02-18,CHRW.OQ,38.4635283551078
2026-02-18,GPN.N,14.0854835969811
2026-02-19,MHK.N,19.0707758514218
2026-02-19,SKYT.OQ,11.1854306177399
2026-02-19,ROKU.OQ,155.941110956425
2026-02-19,HL.N,47.0828857119246
2026-02-19,GNE.N,50.2757742893509
2026-02-19,TYL.N,44.3890343596547
2026-02-19,SRCE.OQ,10.9261982137227
2026-02-19,PDLB.OQ,13.9891167852658
2026-02-19,FITB.OQ,15.8164928048412
2026-02-19,EXPO.OQ,34.4187325929237
2026-02-19,LNTH.OQ,30.7356307356308
2026-02-19,RGR.N,291.521045433825
2026-02-19,AEO.N,21.4087745943488
2026-02-19,SEZL.OQ,19.8328524710318
2026-02-19,XOMA.OQ,32.6990083087644
2026-02-19,CVBF.OQ,13.9128902623322
2026-02-19,IBEX.OQ,9.71362076446689
2026-02-19,EXC.OQ,17.3146878713098
2026-02-19,DAL.N,8.80758099735668
2026-02-19,OTIS.N,26.5257131778968
2026-02-19,USPH.N,36.3716683846267
2026-02-19,ALLY.N,48.6796091689612
2026-02-19,PCG.N,15.5395485804064
2026-02-19,WSO.N,31.9537873149175
2026-02-19,FRME.OQ,10.5321924084097
2026-02-19,PFG.OQ,17.460488893689
2026-02-19,FOUR.N,27.3912941672325
2026-02-19,PHM.N,12.5565498943203
2026-02-19,FERG.N,26.0648223964999
2026-02-19,BVFL.OQ,17.994882105648
2026-02-19,ESE.N,54.6912439069872
2026-02-19,PAYC.N,15.0147946473103
2026-02-19,LOCO.OQ,12.2666001564502
2026-02-19,LPA.A,11.7267245881403
2026-02-19,HTO.OQ,17.5059990147314
2026-02-19,AIT.N,26.7506941497308
2026-02-19,CHRW.OQ,38.3248725711956
2026-02-19,GPN.N,13.9104117481877
2026-02-20,MHK.N,18.8981627116929
2026-02-20,SKYT.OQ,10.917725202331
2026-02-20,ROKU.OQ,154.983989976333
2026-02-20,HL.N,49.6239980166928
2026-02-20,GNE.N,50.240418611229
2026-02-20,TYL.N,44.0362002264251
2026-02-20,SRCE.OQ,11.0182904558098
2026-02-20,PDLB.OQ,13.9807450816241
2026-02-20,FITB.OQ,16.0317645405593
2026-02-20,EXPO.OQ,34.4629410406668
2026-02-20,LNTH.OQ,31.025431025431
2026-02-20,RGR.N,291.976903206199
2026-02-20,AEO.N,21.6747754009319
2026-02-20,SEZL.OQ,19.4881223388231
2026-02-20,XOMA.OQ,34.5885821495578
2026-02-20,CVBF.OQ,13.8790059704122
2026-02-20,IBEX.OQ,9.71362076446689
2026-02-20,EXC.OQ,17.4718947079792
2026-02-20,DAL.N,9.06877853583108
2026-02-20,OTIS.N,26.4202261413983
2026-02-20,USPH.N,35.7994825083619
2026-02-20,ALLY.N,48.9352061622112
2026-02-20,PCG.N,15.7627686152631
2026-02-20,WSO.N,31.982654639135
2026-02-20,FRME.OQ,10.6072971795655
2026-02-20,PFG.OQ,18.1445080462253
2026-02-20,FOUR.N,27.3912941672325
2026-02-20,PHM.N,12.5934253721275
2026-02-20,FERG.N,25.7777292549933
2026-02-20,BVFL.OQ,17.7664046792177
2026-02-20,ESE.N,55.45318380597
2026-02-20,PAYC.N,14.2011585253376
2026-02-20,LOCO.OQ,12.3119480313354
2026-02-20,LPA.A,12.2489673835636
2026-02-20,HTO.OQ,17.5409601601856
2026-02-20,AIT.N,26.8306236595155
2026-02-20,CHRW.OQ,39.3327138661992
2026-02-20,GPN.N,14.2952231386049
2026-02-23,MHK.N,18.4740700839108
2026-02-23,SKYT.OQ,10.7702932344246
2026-02-23,ROKU.OQ,146.909369344285
2026-02-23,HL.N,49.5620196677961
2026-02-23,GNE.N,49.7100834394004
2026-02-23,TYL.N,44.0945428783764
2026-02-23,SRCE.OQ,10.614021121902
2026-02-23,PDLB.OQ,13.5286730849728
2026-02-23,FITB.OQ,15.1617079420321
2026-02-23,EXPO.OQ,34.0945373094739
2026-02-23,LNTH.OQ,30.8364308364308
2026-02-23,RGR.N,284.30329737122
2026-02-23,AEO.N,20.2932873409358
2026-02-23,SEZL.OQ,17.5470742971077
2026-02-23,XOMA.OQ,33.9319217367998
2026-02-23,CVBF.OQ,13.2148738487812
2026-02-23,IBEX.OQ,9.12850249168343
2026-02-23,EXC.OQ,17.621789598757
2026-02-23,DAL.N,8.73444568658385
2026-02-23,OTIS.N,25.8158139322716
2026-02-23,USPH.N,35.1515661484738
2026-02-23,ALLY.N,46.4373264554506
2026-02-23,PCG.N,15.8657932467354
2026-02-23,WSO.N,32.1215298745598
2026-02-23,FRME.OQ,10.2017314153244
2026-02-23,PFG.OQ,17.562807548085
2026-02-23,FOUR.N,26.9136207179151
2026-02-23,PHM.N,12.6105140081846
2026-02-23,FERG.N,25.4047103493034
2026-02-23,BVFL.OQ,17.2089197587278
2026-02-23,ESE.N,55.5494288458415
2026-02-23,PAYC.N,14.166494377599
2026-02-23,LOCO.OQ,11.9945129071389
2026-02-23,LPA.A,11.6317713526088
2026-02-23,HTO.OQ,17.544138446136
2026-02-23,AIT.N,26.5232756635577
2026-02-23,CHRW.OQ,36.6713506108098
2026-02-23,GPN.N,16.8833816888904
2026-02-24,MHK.N,18.7270376162721
2026-02-24,SKYT.OQ,10.9099656250727
2026-02-24,ROKU.OQ,152.582486426284
2026-02-24,HL.N,48.8389389306669
2026-02-24,GNE.N,50.4879083580823
2026-02-24,TYL.N,44.9766282114504
2026-02-24,SRCE.OQ,10.643677945625
2026-02-24,PDLB.OQ,13.6793637505232
2026-02-24,FITB.OQ,15.0092237958985
2026-02-24,EXPO.OQ,34.4776771899146
2026-02-24,LNTH.OQ,30.9162309162309
2026-02-24,RGR.N,282.631818872512
2026-02-24,AEO.N,20.3876747239169
2026-02-24,SEZL.OQ,18.8359301968067
2026-02-24,XOMA.OQ,36.2369337979094
2026-02-24,CVBF.OQ,13.2961961493891
2026-02-24,IBEX.OQ,9.12850249168343
2026-02-24,EXC.OQ,17.7643725436432
2026-02-24,DAL.N,9.04135279429127
2026-02-24,OTIS.N,25.6333498691391
2026-02-24,USPH.N,34.8696804594316
2026-02-24,ALLY.N,47.0647008934277
2026-02-24,PCG.N,16.0203301939439
2026-02-24,WSO.N,32.1542981885364
2026-02-24,FRME.OQ,10.1141091823093
2026-02-24,PFG.OQ,17.9720821656691
2026-02-24,FOUR.N,27.3069988526471
2026-02-24,PHM.N,12.6725727391285
2026-02-24,FERG.N,26.4701898251765
2026-02-24,BVFL.OQ,17.6293182233595
2026-02-24,ESE.N,57.2577783035609
2026-02-24,PAYC.N,14.7743549683009
2026-02-24,LOCO.OQ,12.1192195630732
2026-02-24,LPA.A,12.1540141480321
2026-02-24,HTO.OQ,17.4297201519221
2026-02-24,AIT.N,26.85916991301
2026-02-24,CHRW.OQ,36.7023929504916
2026-02-24,GPN.N,16.6391259467565
2026-02-25,MHK.N,20.8564522749038
2026-02-25,SKYT.OQ,11.1737912518526
2026-02-25,ROKU.OQ,160.58749825978
2026-02-25,HL.N,48.1571770928022
2026-02-25,GNE.N,51.3010889548862
2026-02-25,TYL.N,46.5504907033763
2026-02-25,SRCE.OQ,10.8184971170446
2026-02-25,PDLB.OQ,13.8551695269987
2026-02-25,FITB.OQ,14.5799223497541
2026-02-25,EXPO.OQ,34.6250386823918
2026-02-25,LNTH.OQ,31.8024318024318
2026-02-25,RGR.N,276.857620422428
2026-02-25,AEO.N,20.6279335169597
2026-02-25,SEZL.OQ,19.4477485395555
2026-02-25,XOMA.OQ,35.8348968105066
2026-02-25,CVBF.OQ,13.5604936263647
2026-02-25,IBEX.OQ,9.33230773276531
2026-02-25,EXC.OQ,17.804588246047
2026-02-25,DAL.N,9.06094260967685
2026-02-25,OTIS.N,25.4965018217896
2026-02-25,USPH.N,34.3648105686097
2026-02-25,ALLY.N,48.2032693179046
2026-02-25,PCG.N,16.0117448079878
2026-02-25,WSO.N,31.8180328713001
2026-02-25,FRME.OQ,10.296864125455
2026-02-25,PFG.OQ,17.9398707374333
2026-02-25,FOUR.N,26.8667899875899
2026-02-25,PHM.N,12.1068489454513
2026-02-25,FERG.N,26.3498937553198
2026-02-25,BVFL.OQ,17.7755437762749
2026-02-25,ESE.N,55.9624804752901
2026-02-25,PAYC.N,15.3401233796058
2026-02-25,LOCO.OQ,12.334621968778
2026-02-25,LPA.A,12.3439206190951
2026-02-25,HTO.OQ,17.5377818742352
2026-02-25,AIT.N,26.7154871037542
2026-02-25,CHRW.OQ,36.404386489546
2026-02-25,GPN.N,16.5541674277534
2026-02-26,MHK.N,21.0692732164845
2026-02-26,SKYT.OQ,11.961388343563
2026-02-26,ROKU.OQ,162.658360016706
2026-02-26,HL.N,50.6982893975704
2026-02-26,GNE.N,51.6192900579833
2026-02-26,TYL.N,49.0508900727199
2026-02-26,SRCE.OQ,10.8263015443401
2026-02-26,PDLB.OQ,13.9891167852658
2026-02-26,FITB.OQ,14.6958604444671
2026-02-26,EXPO.OQ,35.9070836669434
2026-02-26,LNTH.OQ,31.6806316806317
2026-02-26,RGR.N,284.455249962012
2026-02-26,AEO.N,21.3744519096284
2026-02-26,SEZL.OQ,26.3050830613278
2026-02-26,XOMA.OQ,35.8616992763334
2026-02-26,CVBF.OQ,13.5401630512127
2026-02-26,IBEX.OQ,9.58542069346377
2026-02-26,EXC.OQ,17.841147975505
2026-02-26,DAL.N,9.20851921891489
2026-02-26,OTIS.N,26.0752550220382
2026-02-26,USPH.N,33.380314281507
2026-02-26,ALLY.N,17.8085390968345
2026-02-26,PCG.N,16.2092086849764
2026-02-26,WSO.N,32.0419496834737
2026-02-26,FRME.OQ,10.5723491218898
2026-02-26,PFG.OQ,18.474201488168
2026-02-26,FOUR.N,22.6707565504484
2026-02-26,PHM.N,12.2012861447138
2026-02-26,FERG.N,26.7775007935497
2026-02-26,BVFL.OQ,17.8258088100896
2026-02-26,ESE.N,56.1629909750224
2026-02-26,PAYC.N,16.0680704821164
2026-02-26,LOCO.OQ,12.6293831555319
2026-02-26,LPA.A,12.2014907657978
2026-02-26,HTO.OQ,17.1627441320896
2026-02-26,AIT.N,26.9762095523377
2026-02-26,CHRW.OQ,38.09515925755
2026-02-26,GPN.N,16.5350517609777
2026-02-27,MHK.N,21.1587931363557
2026-02-27,SKYT.OQ,11.4298573013742
2026-02-27,ROKU.OQ,171.255046637895
2026-02-27,HL.N,51.4626890339641
2026-02-27,GNE.N,51.37180031113
2026-02-27,TYL.N,49.2703695729179
2026-02-27,SRCE.OQ,10.4594934614508
2026-02-27,PDLB.OQ,13.604018417748
2026-02-27,FITB.OQ,13.9889208425589
2026-02-27,EXPO.OQ,35.7498980749677
2026-02-27,LNTH.OQ,22.2766756574311
2026-02-27,RGR.N,284.455249962012
2026-02-27,AEO.N,21.082709089505
2026-02-27,SEZL.OQ,19.7683619493583
2026-02-27,XOMA.OQ,34.2133476279818
2026-02-27,CVBF.OQ,13.0318986724134
2026-02-27,IBEX.OQ,9.49995397946169
2026-02-27,EXC.OQ,18.0860981628736
2026-02-27,DAL.N,8.58033913888396
2026-02-27,OTIS.N,26.3888651305473
2026-02-27,USPH.N,34.9033384521531
2026-02-27,ALLY.N,16.7469905097556
2026-02-27,PCG.N,16.3122333164487
2026-02-27,WSO.N,32.5600011234851
2026-02-27,FRME.OQ,10.0649793832753
2026-02-27,PFG.OQ,18.0800851897537
2026-02-27,FOUR.N,20.638302854333
2026-02-27,PHM.N,12.3397940369654
2026-02-27,FERG.N,26.3600026687531
2026-02-27,BVFL.OQ,17.0718333028697
2026-02-27,ESE.N,55.5995564707746
2026-02-27,PAYC.N,15.5778203926705
2026-02-27,LOCO.OQ,12.5386874057614
2026-02-27,LPA.A,11.9641076769691
2026-02-27,HTO.OQ,18.465372705989
2026-02-27,AIT.N,26.8886677082877
2026-02-27,CHRW.OQ,38.3372895070684
2026-02-27,GPN.N,16.2398209074419
2026-03-02,MHK.N,20.1369148057502
2026-03-02,SKYT.OQ,11.6316063100882
2026-03-02,ROKU.OQ,170.698176249478
2026-03-02,HL.N,50.8842244442608
2026-03-02,GNE.N,51.9374911610805
2026-03-02,TYL.N,49.2606457975927
2026-03-02,SRCE.OQ,10.5859251836382
2026-03-02,PDLB.OQ,13.6626203432399
2026-03-02,FITB.OQ,14.0935479036413
2026-03-02,EXPO.OQ,35.6643931300846
2026-03-02,LNTH.OQ,22.6900327414496
2026-03-02,RGR.N,288.330041027199
2026-03-02,AEO.N,19.3065101552243
2026-03-02,SEZL.OQ,20.5406694415539
2026-03-02,XOMA.OQ,35.1246314660949
2026-03-02,CVBF.OQ,12.8257248895125
2026-03-02,IBEX.OQ,9.54268733646273
2026-03-02,EXC.OQ,17.9764189744996
2026-03-02,DAL.N,8.39097092349002
2026-03-02,OTIS.N,26.6910712351106
2026-03-02,USPH.N,58.3973948699193
2026-03-02,ALLY.N,16.8786225345534
2026-03-02,PCG.N,16.406672561965
2026-03-02,WSO.N,33.6881685958084
2026-03-02,FRME.OQ,10.1345173677555
2026-03-02,PFG.OQ,18.1577715754989
2026-03-02,FOUR.N,42.5273610205117
2026-03-02,PHM.N,12.0268021765526
2026-03-02,FERG.N,26.7371338915397
2026-03-02,BVFL.OQ,17.473953573387
2026-03-02,ESE.N,57.3038957184993
2026-03-02,PAYC.N,15.883607695936
2026-03-02,LOCO.OQ,12.5840352806467
2026-03-02,LPA.A,11.8691544414376
2026-03-02,HTO.OQ,18.6782102422915
2026-03-02,AIT.N,26.9800157194703
2026-03-02,CHRW.OQ,38.7491178801807
2026-03-02,GPN.N,16.543547612878
2026-03-03,MHK.N,19.221446945935
2026-03-03,SKYT.OQ,11.5811690579097
2026-03-03,ROKU.OQ,163.702491994988
2026-03-03,HL.N,44.8310057020081
2026-03-03,GNE.N,51.5485787017395
2026-03-03,TYL.N,51.0109253561333
2026-03-03,SRCE.OQ,10.6202646637384
2026-03-03,PDLB.OQ,13.6542486395982
2026-03-03,FITB.OQ,14.0171984266352
2026-03-03,EXPO.OQ,35.6982303152176
2026-03-03,LNTH.OQ,23.4453759021741
2026-03-03,AEO.N,19.0834127045418
2026-03-03,SEZL.OQ,19.901144640999
2026-03-03,XOMA.OQ,34.2267488608952
2026-03-03,CVBF.OQ,12.8322820085767
2026-03-03,IBEX.OQ,9.5459745177705
2026-03-03,EXC.OQ,17.8996435426378
2026-03-03,DAL.N,8.43668049272303
2026-03-03,OTIS.N,26.3403981137778
2026-03-03,USPH.N,58.5521272181234
2026-03-03,ALLY.N,16.9338230610815
2026-03-03,PCG.N,16.2435502288005
2026-03-03,WSO.N,33.3806975411335
2026-03-03,FRME.OQ,10.0727058259954
2026-03-03,PFG.OQ,17.7484969579148
2026-03-03,FOUR.N,45.2000434877147
2026-03-03,PHM.N,11.8748032558349
2026-03-03,FERG.N,25.7816049766525
2026-03-03,BVFL.OQ,17.2911716322427
2026-03-03,ESE.N,55.7038219306354
2026-03-03,PAYC.N,16.3181475479448
2026-03-03,LOCO.OQ,12.6067092180893
2026-03-03,LPA.A,11.9166310592033
2026-03-03,HTO.OQ,19.4265744828391
2026-03-03,AIT.N,26.4243153181099
2026-03-03,CHRW.OQ,40.0073673819511
2026-03-03,GPN.N,16.5031923163515
2026-03-04,MHK.N,19.4393350527914
2026-03-04,SKYT.OQ,11.3716604719375
2026-03-04,ROKU.OQ,169.688848670472
2026-03-04,HL.N,44.9549623998017
2026-03-04,GNE.N,52.1496252298119
2026-03-04,TYL.N,51.1415017676435
2026-03-04,SRCE.OQ,10.7154786767437
2026-03-04,PDLB.OQ,13.71285056509
2026-03-04,FITB.OQ,14.0087151514123
2026-03-04,EXPO.OQ,35.2631807920802
2026-03-04,LNTH.OQ,23.1479967050385
2026-03-04,AEO.N,19.2636067993238
2026-03-04,SEZL.OQ,20.3157518210198
2026-03-04,XOMA.OQ,35.4462610560172
2026-03-04,CVBF.OQ,12.7798250560634
2026-03-04,IBEX.OQ,9.71690794577466
2026-03-04,EXC.OQ,18.005666758066
2026-03-04,DAL.N,8.33611944041039
2026-03-04,OTIS.N,25.9868739914584
2026-03-04,USPH.N,59.1429234567207
2026-03-04,ALLY.N,17.1588713615422
2026-03-04,PCG.N,16.2092086849764
2026-03-04,WSO.N,33.209333673328
2026-03-04,FRME.OQ,10.0366490933019
2026-03-04,PFG.OQ,17.716285529679
2026-03-04,FOUR.N,42.9984779299848
2026-03-04,PHM.N,11.8882942843009
2026-03-04,FERG.N,25.6953058472339
2026-03-04,BVFL.OQ,17.3551453116432
2026-03-04,ESE.N,56.2552258048993
2026-03-04,PAYC.N,16.6028887615119
2026-03-04,LOCO.OQ,12.6747310304171
2026-03-04,LPA.A,12.4388738546266
2026-03-04,HTO.OQ,19.8762795998654
2026-03-04,AIT.N,26.6346060521864
2026-03-04,CHRW.OQ,39.2933935692689
2026-03-04,GPN.N,16.4755807976755
2026-02-12,RIOT.OQ,66.8109532323327
2026-02-12,ROK.N,43.6968445616303
2026-02-12,TREE.OQ,37.8865370996931
2026-02-12,GRMN.N,25.0645978896995
2026-02-12,IPGP.OQ,249.788033449153
2026-02-12,BCAL.OQ,9.82016275193054
2026-02-12,RDN.N,8.20675670505414
2026-02-12,ED.N,19.5155353933065
2026-02-12,LITE.OQ,178.40412910801
2026-02-12,BPRN.OQ,12.9585502897655
2026-02-12,GTN.N,10.3714962671554
2026-02-12,PCYO.OQ,18.9419254986106
2026-02-12,PRLB.N,108.447302281555
2026-02-12,MC.N,21.7226657015127
2026-02-12,SMTC.OQ,245.238635075388
2026-02-12,BROS.N,101.99494239955
2026-02-12,LFT.N,13.4366925064599
2026-02-12,APEI.OQ,34.3287593271785
2026-02-12,TLN.OQ,84.0506849784624
2026-02-12,WAL.N,11.6529915649945
2026-02-12,ATI.N,45.0960722775758
2026-02-12,HOMB.N,12.7576862137334
2026-02-12,STRT.OQ,13.2106861253705
2026-02-12,CCL.N,16.1719184062227
2026-02-12,ONIT.N,13.2355793710448
2026-02-13,RIOT.OQ,71.6100498729651
2026-02-13,ROK.N,45.111844475838
2026-02-13,TREE.OQ,39.0963097017861
2026-02-13,GRMN.N,26.4854431199393
2026-02-13,IPGP.OQ,255.872720320527
2026-02-13,BCAL.OQ,9.79939032939869
2026-02-13,RDN.N,7.84806978612695
2026-02-13,ED.N,19.864900509549
2026-02-13,LITE.OQ,172.068590159122
2026-02-13,BPRN.OQ,13.138734445327
2026-02-13,GTN.N,10.4832580803791
2026-02-13,PCYO.OQ,19.6806078300327
2026-02-13,PRLB.N,110.193556810393
2026-02-13,MC.N,22.098003337824
2026-02-13,SMTC.OQ,246.896610361637
2026-02-13,BROS.N,106.771565046361
2026-02-13,LFT.N,13.7467700258398
2026-02-13,APEI.OQ,35.245668395093
2026-02-13,TLN.OQ,86.0821974154775
2026-02-13,WAL.N,11.52194795096
2026-02-13,ATI.N,46.4249887912989
2026-02-13,HOMB.N,12.7057377120148
2026-02-13,STRT.OQ,13.6985678701083
2026-02-13,CCL.N,15.7601793793158
2026-02-13,ONIT.N,13.8296195718061
2026-02-17,RIOT.OQ,68.9282017502588
2026-02-17,ROK.N,44.4369455676872
2026-02-17,TREE.OQ,37.9652214965772
2026-02-17,GRMN.N,26.7617185813748
2026-02-17,IPGP.OQ,224.202423899852
2026-02-17,BCAL.OQ,9.86690070262719
2026-02-17,RDN.N,7.82654857099132
2026-02-17,ED.N,19.8998370211733
2026-02-17,LITE.OQ,183.589975660767
2026-02-17,BPRN.OQ,13.2747918689142
2026-02-17,GTN.N,10.6620769815369
2026-02-17,PCYO.OQ,20.0323613211861
2026-02-17,PRLB.N,109.051147305546
2026-02-17,MC.N,21.1160932714026
2026-02-17,SMTC.OQ,248.441219816347
2026-02-17,BROS.N,83.9571522535785
2026-02-17,LFT.N,13.5400516795866
2026-02-17,APEI.OQ,35.0164411281143
2026-02-17,TLN.OQ,88.7284194650427
2026-02-17,WAL.N,11.6987332038556
2026-02-17,ATI.N,47.334586987585
2026-02-17,HOMB.N,12.7446990883038
2026-02-17,STRT.OQ,13.572809532179
2026-02-17,CCL.N,16.2116040955631
2026-02-17,ONIT.N,13.8811434667701
2026-02-18,RIOT.OQ,72.8803989837207
2026-02-18,ROK.N,45.3509188348271
2026-02-18,TREE.OQ,38.6340388700921
2026-02-18,GRMN.N,29.2876656573568
2026-02-18,IPGP.OQ,229.888114910808
2026-02-18,BCAL.OQ,9.79419722376573
2026-02-18,RDN.N,7.72850747981788
2026-02-18,ED.N,19.4963203119132
2026-02-18,LITE.OQ,181.706437054341
2026-02-18,BPRN.OQ,13.1644750389786
2026-02-18,GTN.N,11.2655907729447
2026-02-18,PCYO.OQ,18.8012241021492
2026-02-18,PRLB.N,107.304892776708
2026-02-18,MC.N,21.4110014142186
2026-02-18,SMTC.OQ,247.392585874617
2026-02-18,BROS.N,83.6595984589845
2026-02-18,LFT.N,13.1266149870801
2026-02-18,APEI.OQ,34.9769191855318
2026-02-18,TLN.OQ,86.9025719541596
2026-02-18,WAL.N,11.7457111032265
2026-02-18,ATI.N,47.9216326319966
2026-02-18,HOMB.N,12.623485917627
2026-02-18,STRT.OQ,13.6591736919618
2026-02-18,CCL.N,16.1421541392174
2026-02-18,ONIT.N,2.06829673428073
2026-02-19,RIOT.OQ,76.3150465794674
2026-02-19,ROK.N,45.2273780177418
2026-02-19,TREE.OQ,37.7586749547565
2026-02-19,GRMN.N,27.9059808172565
2026-02-19,IPGP.OQ,216.172632208941
2026-02-19,BCAL.OQ,9.79419722376573
2026-02-19,RDN.N,7.83611355549604
2026-02-19,ED.N,19.5504719049308
2026-02-19,LITE.OQ,194.359168796859
2026-02-19,BPRN.OQ,12.8960374194687
2026-02-19,GTN.N,10.907952970629
2026-02-19,PCYO.OQ,19.2585036406486
2026-02-19,PRLB.N,106.929529653687
2026-02-19,MC.N,21.0222588623248
2026-02-19,SMTC.OQ,240.789026187507
2026-02-19,BROS.N,77.8807905534501
2026-02-19,LFT.N,13.8501291989664
2026-02-19,APEI.OQ,34.3050461616289
2026-02-19,TLN.OQ,86.8500131397036
2026-02-19,WAL.N,11.2709870674788
2026-02-19,ATI.N,49.2989320285008
2026-02-19,HOMB.N,12.6364730430567
2026-02-19,STRT.OQ,13.6864465845248
2026-02-19,CCL.N,15.6510437336297
2026-02-19,ONIT.N,2.02582657546593
2026-02-20,RIOT.OQ,73.7743483579561
2026-02-20,ROK.N,45.6174467087239
2026-02-20,TREE.OQ,38.3094657329452
2026-02-20,GRMN.N,28.9649650767938
2026-02-20,IPGP.OQ,222.140945287693
2026-02-20,BCAL.OQ,9.84612828009535
2026-02-20,RDN.N,7.96763209243601
2026-02-20,ED.N,19.4241219256785
2026-02-20,LITE.OQ,204.183534937195
2026-02-20,BPRN.OQ,12.8408790045009
2026-02-20,GTN.N,10.8856006079843
2026-02-20,PCYO.OQ,18.8891624749376
2026-02-20,PRLB.N,106.684727616934
2026-02-20,MC.N,21.1730641626284
2026-02-20,SMTC.OQ,245.918830064618
2026-02-20,BROS.N,76.4400037585742
2026-02-20,LFT.N,13.6434108527132
2026-02-20,APEI.OQ,34.6607436448716
2026-02-20,TLN.OQ,87.3504644599582
2026-02-20,WAL.N,11.5417281191162
2026-02-20,ATI.N,51.2439239163041
2026-02-20,HOMB.N,12.7273829210643
2026-02-20,STRT.OQ,13.6061430675337
2026-02-20,CCL.N,15.869315025002
2026-02-20,ONIT.N,1.98901910449311
2026-02-23,RIOT.OQ,73.6331984567611
2026-02-23,ROK.N,44.3408582655098
2026-02-23,TREE.OQ,32.6933669053427
2026-02-23,GRMN.N,28.7554956628194
2026-02-23,IPGP.OQ,223.736928729365
2026-02-23,BCAL.OQ,9.63321094914392
2026-02-23,RDN.N,8.05674279077859
2026-02-23,ED.N,19.8362720403023
2026-02-23,LITE.OQ,206.311688947053
2026-02-23,BPRN.OQ,12.4694790103845
2026-02-23,GTN.N,10.4832580803791
2026-02-23,PCYO.OQ,18.5901720074572
2026-02-23,PRLB.N,72.1356720877717
2026-02-23,MC.N,20.3620667698845
2026-02-23,SMTC.OQ,246.060537354042
2026-02-23,BROS.N,74.0439126757917
2026-02-23,LFT.N,13.5400516795866
2026-02-23,APEI.OQ,34.3248071329202
2026-02-23,TLN.OQ,84.0575404760001
2026-02-23,WAL.N,10.8321145865141
2026-02-23,ATI.N,55.8397346674754
2026-02-23,HOMB.N,12.2468592801669
2026-02-23,STRT.OQ,13.2273528930478
2026-02-23,CCL.N,15.0904833716962
2026-02-23,ONIT.N,1.91917928777544
2026-02-24,RIOT.OQ,77.632445657288
2026-02-24,ROK.N,46.3621233005988
2026-02-24,TREE.OQ,33.735935164057
2026-02-24,GRMN.N,29.2663682891237
2026-02-24,IPGP.OQ,180.517291007032
2026-02-24,BCAL.OQ,9.63840405477688
2026-02-24,RDN.N,8.07319951664245
2026-02-24,ED.N,19.6363880791328
2026-02-24,LITE.OQ,210.451804650139
2026-02-24,BPRN.OQ,12.5577324743329
2026-02-24,GTN.N,10.4832580803791
2026-02-24,PCYO.OQ,18.8012241021492
2026-02-24,PRLB.N,72.1698866357976
2026-02-24,MC.N,20.9150195376645
2026-02-24,SMTC.OQ,255.554925745381
2026-02-24,BROS.N,77.0351113477621
2026-02-24,LFT.N,13.6434108527132
2026-02-24,APEI.OQ,35.9333501960288
2026-02-24,TLN.OQ,85.7485632019744
2026-02-24,WAL.N,10.1045276210659
2026-02-24,ATI.N,56.4602930297623
2026-02-24,HOMB.N,12.242530238357
2026-02-24,STRT.OQ,13.4546269977394
2026-02-24,CCL.N,15.680808000635
2026-02-24,ONIT.N,1.91776361581494
2026-02-25,RIOT.OQ,80.3613437470594
2026-02-25,ROK.N,46.0281055358869
2026-02-25,TREE.OQ,34.9063655677079
2026-02-25,GRMN.N,29.3245542374499
2026-02-25,IPGP.OQ,190.317584330496
2026-02-25,BCAL.OQ,9.80458343503165
2026-02-25,RDN.N,8.26362734449569
2026-02-25,ED.N,19.6346191945207
2026-02-25,LITE.OQ,221.190420860802
2026-02-25,BPRN.OQ,12.756302768217
2026-02-25,GTN.N,10.6173722562475
2026-02-25,PCYO.OQ,19.2057406169756
2026-02-25,PRLB.N,71.4285714285714
2026-02-25,MC.N,21.0189076334292
2026-02-25,SMTC.OQ,261.194875864415
2026-02-25,BROS.N,79.6347918689511
2026-02-25,LFT.N,13.8501291989664
2026-02-25,APEI.OQ,36.0756291893259
2026-02-25,TLN.OQ,89.4482467065047
2026-02-25,WAL.N,10.1824221770383
2026-02-25,ATI.N,56.1026831260715
2026-02-25,HOMB.N,12.4027047853228
2026-02-25,STRT.OQ,13.7743259050055
2026-02-25,CCL.N,15.7254544011429
2026-02-25,ONIT.N,1.99845691756306
2026-02-26,RIOT.OQ,80.4083937141244
2026-02-26,ROK.N,47.0484611732946
2026-02-26,TREE.OQ,37.6898261074829
2026-02-26,GRMN.N,29.5770812531857
2026-02-26,IPGP.OQ,177.460696026427
2026-02-26,BCAL.OQ,9.77342480123388
2026-02-26,RDN.N,8.3035936787365
2026-02-26,ED.N,19.5921659638298
2026-02-26,LITE.OQ,207.005785154291
2026-02-26,BPRN.OQ,12.8224928661783
2026-02-26,GTN.N,13.1431892351022
2026-02-26,PCYO.OQ,18.9946885222836
2026-02-26,PRLB.N,71.8163363061974
2026-02-26,MC.N,21.434460016488
2026-02-26,SMTC.OQ,256.461852397687
2026-02-26,BROS.N,84.4269740345162
2026-02-26,LFT.N,13.8501291989664
2026-02-26,APEI.OQ,36.0677248008094
2026-02-26,TLN.OQ,89.132893819769
2026-02-26,WAL.N,10.3164466336378
2026-02-26,ATI.N,57.3402938711973
2026-02-26,HOMB.N,12.4979437051403
2026-02-26,STRT.OQ,13.7091739949939
2026-02-26,CCL.N,16.2215255178983
2026-02-26,ONIT.N,2.01969199697046
2026-02-27,RIOT.OQ,76.6443963489226
2026-02-27,ROK.N,46.6080610383148
2026-02-27,TREE.OQ,36.7554488944842
2026-02-27,GRMN.N,29.4223066306379
2026-02-27,IPGP.OQ,180.339103855696
2026-02-27,BCAL.OQ,9.50857641395283
2026-02-27,RDN.N,8.11551681172095
2026-02-27,ED.N,19.9034896555628
2026-02-27,LITE.OQ,214.316728024364
2026-02-27,BPRN.OQ,12.4915423763716
2026-02-27,PCYO.OQ,18.5901720074572
2026-02-27,PRLB.N,70.8013047147647
2026-02-27,MC.N,20.2001640242429
2026-02-27,SMTC.OQ,255.696633034803
2026-02-27,BROS.N,83.9571522535785
2026-02-27,LFT.N,14.2635658914729
2026-02-27,APEI.OQ,36.217908182623
2026-02-27,WAL.N,9.20072167015092
2026-02-27,ATI.N,57.3543177889891
2026-02-27,HOMB.N,11.8875488099464
2026-02-27,STRT.OQ,13.3334141419039
2026-02-27,CCL.N,15.6510437336297
2026-02-27,ONIT.N,1.97769372880916
2026-03-02,RIOT.OQ,77.3030958878329
2026-03-02,ROK.N,47.1456923719265
2026-03-02,TREE.OQ,37.1193642300732
2026-03-02,GRMN.N,29.6934531498381
2026-03-02,IPGP.OQ,185.232397165454
2026-03-02,BCAL.OQ,9.52934883648468
2026-03-02,RDN.N,8.21660812774181
2026-03-02,ED.N,19.8221209634053
2026-03-02,LITE.OQ,239.493768422598
2026-03-02,BPRN.OQ,12.5172829700232
2026-03-02,GFS.OQ,31.439919303997
2026-03-02,PCYO.OQ,18.5725843328995
2026-03-02,PRLB.N,71.4513811272553
2026-03-02,MC.N,20.2988508094018
2026-03-02,SMTC.OQ,272.928239428636
2026-03-02,BROS.N,83.3777053904219
2026-03-02,LFT.N,14.3669250645995
2026-03-02,APEI.OQ,36.4155178955356
2026-03-02,WAL.N,9.32901858587015
2026-03-02,ATI.N,58.3465099727585
2026-03-02,HOMB.N,11.627520266057
2026-03-02,STRT.OQ,13.2531106249129
2026-03-02,CCL.N,14.4555123422494
2026-03-02,ONIT.N,2.00789473063302
2026-03-03,ROK.N,45.5842737115436
2026-03-03,TREE.OQ,4.35731268914698
2026-03-03,GRMN.N,29.1732707718017
2026-03-03,IPGP.OQ,180.476170895185
2026-03-03,BCAL.OQ,9.53973504775061
2026-03-03,RDN.N,8.09906008585709
2026-03-03,ED.N,19.8751875017689
2026-03-03,LITE.OQ,212.335343256565
2026-03-03,BPRN.OQ,12.5025740593652
2026-03-03,GFS.OQ,29.7692598663472
2026-03-03,PCYO.OQ,18.2384185163038
2026-03-03,PRLB.N,70.6644465226614
2026-03-03,MC.N,19.9517455650499
2026-03-03,SMTC.OQ,255.554925745381
2026-03-03,BROS.N,83.0488301437655
2026-03-03,LFT.N,14.0568475452196
2026-03-03,APEI.OQ,36.6526495510307
2026-03-03,WAL.N,9.11251754059394
2026-03-03,ATI.N,55.0298534149993
2026-03-03,HOMB.N,11.5734774475161
2026-03-03,STRT.OQ,12.9621997709077
2026-03-03,CCL.N,14.1529089610287
2026-03-03,ONIT.N,1.99185044841409
2026-03-04,ROK.N,43.8512705829868
2026-03-04,TREE.OQ,4.41416746434227
2026-03-04,GRMN.N,29.2302930011614
2026-03-04,IPGP.OQ,177.186561947448
2026-03-04,BCAL.OQ,9.54492815338357
2026-03-04,RDN.N,8.15783410679945
2026-03-04,ED.N,19.8981830017264
2026-03-04,LITE.OQ,208.167708320593
2026-03-04,BPRN.OQ,12.5779572264878
2026-03-04,GFS.OQ,29.9899129996217
2026-03-04,PCYO.OQ,18.7484610784762
2026-03-04,PRLB.N,71.9988138956684
2026-03-04,MC.N,20.2784328538517
2026-03-04,SMTC.OQ,254.364584514228
2026-03-04,BROS.N,82.5320261847339
2026-03-04,LFT.N,14.1602067183463
2026-03-04,APEI.OQ,36.312760844821
2026-03-04,WAL.N,9.34276468398294
2026-03-04,ATI.N,56.7337594267022
2026-03-04,HOMB.N,11.6483059654957
2026-03-04,STRT.OQ,12.9152297892714
2026-03-04,CCL.N,13.8949519803159
2026-03-04,ONIT.N,1.94277382045033
