Date,RIC,Price Close,Volume,Currency,Daily Total Return
2026-03-24,A.N,114.2,552392,USD,1.94608105695412
2026-03-24,AA.N,56.68,1396239,USD,1.06990014265336
2026-03-24,AAL.OQ,10.71,10359807,USD,-0.925069380203512
2026-03-24,AAOI.OQ,113.9,3909537,USD,18.9431913116124
2026-03-24,AAON.OQ,84.01,215613,USD,4.63320463320463
2026-03-24,AAP.N,50.9,294924,USD,0.315333070555768
2026-03-24,AAPL.OQ,251.64,10492416,USD,0.059644518668725
2026-03-24,ABAT.OQ,2.86,487829,USD,-1.37931034482759
2026-03-24,ABBV.N,205.2,1836959,USD,0.13175230566534
2026-03-24,ABCB.N,76.56,165784,USD,1.05596620908131
2026-03-24,ABG.N,189.89,64582,USD,-0.94418362023996
2026-03-24,ABM.N,38.0,215681,USD,-0.601621763013332
2026-03-24,ABNB.OQ,130.0,1275464,USD,-1.95339015008674
2026-03-24,ABR.N,7.37,1885919,USD,-2.77044854881266
2026-03-24,ABT.N,104.06,3003562,USD,-0.753457319980918
2026-03-24,ACA.N,105.99,92994,USD,1.65931325532322
2026-03-24,ACAD.OQ,20.96,932917,USD,-0.142925202477359
2026-03-24,ACGL.OQ,93.6,837295,USD,-0.06406149903908
2026-03-24,ACHC.OQ,22.69,1324580,USD,-2.11389128559102
2026-03-24,ACHR.N,5.51,4856208,USD,-6.4516129032258
2026-03-24,ACI.N,16.86,1784424,USD,-1.57618213660245
2026-03-24,ACIW.OQ,39.86,381633,USD,-2.51895328931279
2026-03-24,ACLS.OQ,94.39,375977,USD,10.050134079515
2026-03-24,ACLX.OQ,114.69,767899,USD,0.078534031413616
2026-03-24,ACM.N,88.85,360930,USD,-1.34354874528093
2026-03-24,ACMR.OQ,45.92,292377,USD,2.43140753959403
2026-03-24,ACN.N,193.54,1454856,USD,-3.23967603239677
2026-03-24,ACT.OQ,40.36,135693,USD,0.024783147459722
2026-03-24,ACVA.N,4.61,438674,USD,-4.15800415800414
2026-03-24,ADBE.OQ,238.87,1897329,USD,-3.54143110967533
2026-03-24,ADC.N,75.24,805008,USD,-0.633914421553096
2026-03-24,ADEA.OQ,25.24,478281,USD,3.06247447937934
2026-03-24,ADI.OQ,321.83,1332787,USD,3.08786316025497
2026-03-24,ADM.N,71.44,910085,USD,5.07427562876894
2026-03-24,ADMA.OQ,11.33,6836354,USD,-16.6298749080206
2026-03-24,ADNT.N,20.86,346615,USD,1.75609756097561
2026-03-24,ADP.OQ,204.89,1268543,USD,-2.29841209289019
2026-03-24,ADPT.OQ,13.9,416280,USD,1.75695461200586
2026-03-24,ADSK.OQ,239.39,1130106,USD,-3.25331393469124
2026-03-24,ADT.N,6.54,2921418,USD,-0.456621004566214
2026-03-24,ADUS.OQ,99.31,74050,USD,-0.471036279815593
2026-03-24,AEE.N,107.69,486877,USD,0.739008419083248
2026-03-24,AEHR.OQ,39.19,376234,USD,5.49125168236877
2026-03-24,AEIS.OQ,356.38,350463,USD,8.06598338286131
2026-03-24,AEO.N,16.32,1301435,USD,-3.2602252519265
2026-03-24,AEP.OQ,128.8,910768,USD,0.687929956222647
2026-03-24,AES.N,14.13,3352762,USD,0.355113636363641
2026-03-24,AESI.N,13.47,841969,USD,6.31412786108919
2026-03-24,AEVA.OQ,15.46,382618,USD,0.520156046814045
2026-03-24,AFG.N,127.73,179321,USD,0.322023248507706
2026-03-25,A.N,112.98,592938,USD,-1.06830122591944
2026-03-25,AA.N,58.7,813359,USD,3.56386732533522
2026-03-25,AAL.OQ,10.74,10169079,USD,0.280112044817921
2026-03-25,AAOI.OQ,114.41,3002992,USD,0.447761194029843
2026-03-25,AAON.OQ,87.83,266926,USD,4.5470777288418
2026-03-25,AAP.N,52.73,327706,USD,3.59528487229862
2026-03-25,AAPL.OQ,252.62,10437631,USD,0.389445239230654
2026-03-25,ABAT.OQ,2.86,589527,USD,0.0
2026-03-25,ABBV.N,207.18,2212862,USD,0.964912280701763
2026-03-25,ABCB.N,77.37,121762,USD,1.05799373040753
2026-03-25,ABG.N,194.08,50764,USD,2.2065406287851
2026-03-25,ABM.N,38.52,175241,USD,1.36842105263159
2026-03-25,ABNB.OQ,131.81,1047176,USD,1.39230769230769
2026-03-25,ABR.N,7.6,687636,USD,3.12075983717774
2026-03-25,ABT.N,104.83,1658776,USD,0.739957716701899
2026-03-25,ACA.N,106.72,84636,USD,0.688744221152943
2026-03-25,ACAD.OQ,22.01,1102246,USD,5.00954198473283
2026-03-25,ACGL.OQ,93.32,604109,USD,-0.2991452991453
2026-03-25,ACHC.OQ,24.31,1445839,USD,7.13970912296165
2026-03-25,ACHR.N,5.56,5946842,USD,0.907441016333935
2026-03-25,ACI.N,16.57,1333808,USD,-1.72004744958481
2026-03-25,ACIW.OQ,40.04,347385,USD,0.451580531861515
2026-03-25,ACLS.OQ,100.85,350178,USD,6.84394533319207
2026-03-25,ACLX.OQ,114.54,367777,USD,-0.130787339785501
2026-03-25,ACM.N,88.54,288785,USD,-0.348902644907133
2026-03-25,ACMR.OQ,45.64,223739,USD,-0.609756097560978
2026-03-25,ACN.N,192.29,1060528,USD,-0.645861320657228
2026-03-25,ACT.OQ,40.3,80491,USD,-0.148662041625377
2026-03-25,ACVA.N,4.39,763153,USD,-4.77223427331889
2026-03-25,ADBE.OQ,237.25,1716044,USD,-0.678193159459122
2026-03-25,ADC.N,74.22,700033,USD,-1.35566188197767
2026-03-25,ADEA.OQ,25.22,325942,USD,-0.079239302694135
2026-03-25,ADI.OQ,322.03,930219,USD,0.06214461050865
2026-03-25,ADM.N,71.66,1009414,USD,0.307950727883537
2026-03-25,ADMA.OQ,9.63,10137984,USD,-15.0044130626655
2026-03-25,ADNT.N,21.44,333541,USD,2.7804410354746
2026-03-25,ADP.OQ,202.11,971493,USD,-1.35682561374395
2026-03-25,ADPT.OQ,14.15,736788,USD,1.79856115107914
2026-03-25,ADSK.OQ,235.42,632260,USD,-1.65838172020552
2026-03-25,ADT.N,6.61,2641318,USD,1.07033639143731
2026-03-25,ADUS.OQ,99.32,72027,USD,0.010069479407905
2026-03-25,AEE.N,107.8,382838,USD,0.10214504596527
2026-03-25,AEHR.OQ,39.03,323541,USD,-0.408267415156919
2026-03-25,AEIS.OQ,342.87,215355,USD,-3.79089735675402
2026-03-25,AEO.N,16.52,1173883,USD,1.22549019607843
2026-03-25,AEP.OQ,128.3,1231527,USD,-0.388198757763975
2026-03-25,AES.N,14.06,2006372,USD,-0.495399858457185
2026-03-25,AESI.N,13.56,415313,USD,0.668151447661469
2026-03-25,AEVA.OQ,15.26,402409,USD,-1.29366106080208
2026-03-25,AFG.N,126.85,165703,USD,-0.688953260784475
2026-03-26,A.N,113.48,571887,USD,0.442556204637989
2026-03-26,AA.N,57.6,636237,USD,-1.87393526405452
2026-03-26,AAL.OQ,10.71,8684829,USD,-0.279329608938542
2026-03-26,AAOI.OQ,97.42,2755910,USD,-14.8501005156892
2026-03-26,AAON.OQ,83.4,247529,USD,-5.04383468063303
2026-03-26,AAP.N,51.85,397865,USD,-1.66887919590365
2026-03-26,AAPL.OQ,252.89,15384674,USD,0.106879898662015
2026-03-26,ABAT.OQ,2.73,435322,USD,-4.54545454545454
2026-03-26,ABBV.N,211.12,1419785,USD,1.90172796601988
2026-03-26,ABCB.N,77.28,148641,USD,-0.116324156649869
2026-03-26,ABG.N,198.55,51304,USD,2.30317394888706
2026-03-26,ABM.N,38.22,242695,USD,-0.778816199376958
2026-03-26,ABNB.OQ,131.06,1300117,USD,-0.569000834534557
2026-03-26,ABR.N,7.56,890830,USD,-0.526315789473685
2026-03-26,ABT.N,104.57,1618821,USD,-0.24802060478871
2026-03-26,ACA.N,105.19,121707,USD,-1.43365817091454
2026-03-26,ACAD.OQ,21.47,629857,USD,-2.45343025897321
2026-03-26,ACGL.OQ,94.12,738281,USD,0.857265323617672
2026-03-26,ACHC.OQ,23.85,1052103,USD,-1.89222542163718
2026-03-26,ACHR.N,5.37,3136023,USD,-3.41726618705035
2026-03-26,ACI.N,17.09,1029150,USD,3.13820156910078
2026-03-26,ACIW.OQ,40.86,280968,USD,2.04795204795205
2026-03-26,ACLS.OQ,98.35,380784,USD,-2.47892910262767
2026-03-26,ACLX.OQ,114.62,407169,USD,0.0698445957744
2026-03-26,ACM.N,86.95,324987,USD,-1.79579850914841
2026-03-26,ACMR.OQ,41.185,392171,USD,-9.76117440841367
2026-03-26,ACN.N,196.42,1421462,USD,2.14779759737896
2026-03-26,ACT.OQ,40.8,86965,USD,1.24069478908189
2026-03-26,ACVA.N,4.33,685868,USD,-1.36674259681093
2026-03-26,ADBE.OQ,240.88,1524553,USD,1.53003161222339
2026-03-26,ADC.N,74.4,462622,USD,0.242522231204536
2026-03-26,ADEA.OQ,24.36,472914,USD,-3.40999206978588
2026-03-26,ADI.OQ,313.42,1980173,USD,-2.673663944353
2026-03-26,ADM.N,72.33,1033209,USD,0.93497069494837
2026-03-26,ADMA.OQ,8.29,9555161,USD,-13.9148494288681
2026-03-26,ADNT.N,21.36,319758,USD,-0.373134328358218
2026-03-26,ADP.OQ,204.51,1197150,USD,1.18747216862104
2026-03-26,ADPT.OQ,13.96,481674,USD,-1.34275618374558
2026-03-26,ADSK.OQ,239.83,601023,USD,1.87324781242037
2026-03-26,ADT.N,6.62,2409670,USD,0.151285930408469
2026-03-26,ADUS.OQ,97.67,65414,USD,-1.66129681836487
2026-03-26,AEE.N,108.57,432062,USD,0.714285714285711
2026-03-26,AEHR.OQ,34.57,377841,USD,-11.427107353318
2026-03-26,AEIS.OQ,313.11,141607,USD,-8.67967451220579
2026-03-26,AEO.N,16.07,1329482,USD,-2.72397094430992
2026-03-26,AEP.OQ,128.85,1695068,USD,0.428682774746674
2026-03-26,AES.N,14.01,3295664,USD,-0.355618776671413
2026-03-26,AESI.N,14.0,672900,USD,3.24483775811209
2026-03-26,AEVA.OQ,14.2,363729,USD,-6.94626474442989
2026-03-26,AFG.N,128.93,124829,USD,1.63973196689004
2026-03-26,A.N,113.48,,USD,0.442556204637989
2026-03-26,AA.N,57.6,,USD,-1.87393526405452
2026-03-26,AAL.OQ,10.71,,USD,-0.279329608938542
2026-03-26,AAOI.OQ,97.42,,USD,-14.8501005156892
2026-03-26,AAON.OQ,83.4,,USD,-5.04383468063303
2026-03-26,AAP.N,51.85,,USD,-1.66887919590365
2026-03-26,AAPL.OQ,252.89,,USD,0.106879898662015
2026-03-26,ABAT.OQ,2.73,,USD,-4.54545454545454
2026-03-26,ABBV.N,211.12,,USD,1.90172796601988
2026-03-26,ABCB.N,77.28,,USD,-0.116324156649869
2026-03-26,ABG.N,198.55,,USD,2.30317394888706
2026-03-26,ABM.N,38.22,,USD,-0.778816199376958
2026-03-26,ABNB.OQ,131.06,,USD,-0.569000834534557
2026-03-26,ABR.N,7.56,,USD,-0.526315789473685
2026-03-26,ABT.N,104.57,,USD,-0.24802060478871
2026-03-26,ACA.N,105.19,,USD,-1.43365817091454
2026-03-26,ACAD.OQ,21.47,,USD,-2.45343025897321
2026-03-26,ACGL.OQ,94.12,,USD,0.857265323617672
2026-03-26,ACHC.OQ,23.85,,USD,-1.89222542163718
2026-03-26,ACHR.N,5.37,,USD,-3.41726618705035
2026-03-26,ACI.N,17.09,,USD,3.13820156910078
2026-03-26,ACIW.OQ,40.86,,USD,2.04795204795205
2026-03-26,ACLS.OQ,98.35,,USD,-2.47892910262767
2026-03-26,ACLX.OQ,114.62,,USD,0.0698445957744
2026-03-26,ACM.N,86.95,,USD,-1.79579850914841
2026-03-26,ACMR.OQ,41.185,,USD,-9.76117440841367
2026-03-26,ACN.N,196.42,,USD,2.14779759737896
2026-03-26,ACT.OQ,40.8,,USD,1.24069478908189
2026-03-26,ACVA.N,4.33,,USD,-1.36674259681093
2026-03-26,ADBE.OQ,240.88,,USD,1.53003161222339
2026-03-26,ADC.N,74.4,,USD,0.242522231204536
2026-03-26,ADEA.OQ,24.36,,USD,-3.40999206978588
2026-03-26,ADI.OQ,313.42,,USD,-2.673663944353
2026-03-26,ADM.N,72.33,,USD,0.93497069494837
2026-03-26,ADMA.OQ,8.29,,USD,-13.9148494288681
2026-03-26,ADNT.N,21.36,,USD,-0.373134328358218
2026-03-26,ADP.OQ,204.51,,USD,1.18747216862104
2026-03-26,ADPT.OQ,13.96,,USD,-1.34275618374558
2026-03-26,ADSK.OQ,239.83,,USD,1.87324781242037
2026-03-26,ADT.N,6.62,,USD,0.151285930408469
2026-03-26,ADUS.OQ,97.67,,USD,-1.66129681836487
2026-03-26,AEE.N,108.57,,USD,0.714285714285711
2026-03-26,AEHR.OQ,34.57,,USD,-11.427107353318
2026-03-26,AEIS.OQ,313.11,,USD,-8.67967451220579
2026-03-26,AEO.N,16.07,,USD,-2.72397094430992
2026-03-26,AEP.OQ,128.85,,USD,0.428682774746674
2026-03-26,AES.N,14.01,,USD,-0.355618776671413
2026-03-26,AESI.N,14.0,,USD,3.24483775811209
2026-03-26,AEVA.OQ,14.2,,USD,-6.94626474442989
2026-03-26,AFG.N,128.93,,USD,1.63973196689004
2026-03-27,A.N,,0,,
2026-03-27,AA.N,,0,,
2026-03-27,AAL.OQ,,0,,
2026-03-27,AAOI.OQ,,0,,
2026-03-27,AAON.OQ,,0,,
2026-03-27,AAP.N,,0,,
2026-03-27,AAPL.OQ,,0,,
2026-03-27,ABAT.OQ,,0,,
2026-03-27,ABBV.N,,0,,
2026-03-27,ABCB.N,,0,,
2026-03-27,ABG.N,,0,,
2026-03-27,ABM.N,,0,,
2026-03-27,ABNB.OQ,,0,,
2026-03-27,ABR.N,,0,,
2026-03-27,ABT.N,,0,,
2026-03-27,ACA.N,,0,,
2026-03-27,ACAD.OQ,,0,,
2026-03-27,ACGL.OQ,,0,,
2026-03-27,ACHC.OQ,,0,,
2026-03-27,ACHR.N,,0,,
2026-03-27,ACI.N,,0,,
2026-03-27,ACIW.OQ,,0,,
2026-03-27,ACLS.OQ,,0,,
2026-03-27,ACLX.OQ,,0,,
2026-03-27,ACM.N,,0,,
2026-03-27,ACMR.OQ,,0,,
2026-03-27,ACN.N,,0,,
2026-03-27,ACT.OQ,,0,,
2026-03-27,ACVA.N,,0,,
2026-03-27,ADBE.OQ,,0,,
2026-03-27,ADC.N,,0,,
2026-03-27,ADEA.OQ,,0,,
2026-03-27,ADI.OQ,,0,,
2026-03-27,ADM.N,,0,,
2026-03-27,ADMA.OQ,,0,,
2026-03-27,ADNT.N,,0,,
2026-03-27,ADP.OQ,,0,,
2026-03-27,ADPT.OQ,,0,,
2026-03-27,ADSK.OQ,,0,,
2026-03-27,ADT.N,,0,,
2026-03-27,ADUS.OQ,,0,,
2026-03-27,AEE.N,,0,,
2026-03-27,AEHR.OQ,,0,,
2026-03-27,AEIS.OQ,,0,,
2026-03-27,AEO.N,,0,,
2026-03-27,AEP.OQ,,0,,
2026-03-27,AES.N,,0,,
2026-03-27,AESI.N,,0,,
2026-03-27,AEVA.OQ,,0,,
2026-03-27,AFG.N,,0,,
2026-03-24,AFL.N,106.2,1604846,USD,-0.421940928270045
2026-03-24,AFRM.OQ,44.79,1478537,USD,-2.96793760831889
2026-03-24,AGCO.N,116.37,248839,USD,1.98054508807292
2026-03-24,AGIO.OQ,28.35,341517,USD,0.8537886872999
2026-03-24,AGNC.OQ,9.94,5867438,USD,-0.699300699300702
2026-03-24,AGO.N,81.64,107240,USD,0.233271945979126
2026-03-24,AGX.N,444.83,178957,USD,-3.95552196912447
2026-03-24,AGYS.OQ,71.48,87270,USD,-1.39329562698302
2026-03-24,AHR.N,48.25,878202,USD,0.374453921364676
2026-03-24,AI.N,8.29,1349086,USD,-4.93119266055048
2026-03-24,AIG.N,74.34,1516549,USD,-0.998801438274071
2026-03-24,AIN.N,52.01,132649,USD,2.20082530949105
2026-03-24,AIR.N,107.81,265181,USD,4.17431635906852
2026-03-24,AIT.N,264.14,182379,USD,0.728368226366155
2026-03-24,AIZ.N,217.52,102122,USD,0.041392632111486
2026-03-24,AJG.N,216.28,592423,USD,-0.212235858632467
2026-03-24,AKAM.OQ,114.5,1528469,USD,0.061172769378653
2026-03-24,AKR.N,19.18,385354,USD,-1.23583934088569
2026-03-24,AL.N,64.7,1388288,USD,-0.015453562046038
2026-03-24,ALAB.OQ,121.76,974010,USD,-1.7033987244692
2026-03-24,ALB.N,177.06,549632,USD,5.6696108856529
2026-03-24,ALG.N,171.23,37313,USD,2.37355016142533
2026-03-24,ALGM.OQ,32.58,486911,USD,2.64650283553875
2026-03-24,ALGN.OQ,179.34,527921,USD,-0.840429061152278
2026-03-24,ALGT.OQ,83.64,110023,USD,1.57881952878309
2026-03-24,ALH.N,19.41,227979,USD,-2.01918223119636
2026-03-24,ALHC.OQ,17.42,872779,USD,-0.513992004568817
2026-03-24,ALIT.N,0.6428,3374549,USD,-4.47317580621192
2026-03-24,ALK.N,38.48,854463,USD,-0.388299249288133
2026-03-24,ALKS.OQ,28.4,1197950,USD,2.49007578491518
2026-03-24,ALKT.OQ,15.92,479623,USD,-6.13207547169812
2026-03-24,ALL.N,207.31,495099,USD,-0.216596072391215
2026-03-24,ALLE.N,145.73,249271,USD,1.46209009259904
2026-03-24,ALLY.N,39.52,1485605,USD,0.764915859255493
2026-03-24,ALMS.OQ,23.07,379552,USD,-1.24143835616438
2026-03-24,ALNY.OQ,308.05,453045,USD,0.453270723276588
2026-03-24,ALRM.OQ,43.53,179430,USD,-3.26666666666666
2026-03-24,ALSN.N,117.89,352817,USD,2.81702424559568
2026-03-24,AM.N,23.28,1041678,USD,1.39372822299652
2026-03-24,AMAT.OQ,373.99,2404977,USD,3.37212194919704
2026-03-24,AMBA.OQ,54.53,189315,USD,-0.082455336692628
2026-03-24,AMC.N,0.9959,4321708,USD,-2.36274509803922
2026-03-24,AMCR.N,39.13,1704033,USD,-0.584349593495927
2026-03-24,AMD.OQ,205.37,5902580,USD,1.32721531478192
2026-03-24,AME.N,216.98,376777,USD,1.95949438466237
2026-03-24,AMG.N,275.55,72142,USD,0.098081952920677
2026-03-24,AMGN.OQ,348.43,852589,USD,-0.383108900134367
2026-03-24,AMH.N,27.56,1177118,USD,0.072621641249091
2026-03-24,AMKR.OQ,50.26,1150881,USD,8.97658282740677
2026-03-24,AMLX.OQ,13.66,339678,USD,0.960827790096089
2026-03-25,AFL.N,107.21,797397,USD,0.951035781544248
2026-03-25,AFRM.OQ,45.05,1069219,USD,0.580486715784769
2026-03-25,AGCO.N,117.36,179680,USD,0.850734725444698
2026-03-25,AGIO.OQ,29.59,297502,USD,4.37389770723104
2026-03-25,AGNC.OQ,10.14,3886328,USD,2.01207243460766
2026-03-25,AGO.N,81.48,86557,USD,-0.195982361587453
2026-03-25,AGX.N,437.48,104990,USD,-1.65231661533619
2026-03-25,AGYS.OQ,71.81,77150,USD,0.461667599328481
2026-03-25,AHR.N,47.94,720416,USD,-0.642487046632129
2026-03-25,AI.N,8.28,1389512,USD,-0.120627261761155
2026-03-25,AIG.N,75.47,1197031,USD,1.52004304546677
2026-03-25,AIN.N,52.87,92165,USD,1.65352816766006
2026-03-25,AIR.N,118.52,351026,USD,9.93414340042667
2026-03-25,AIT.N,266.0,70394,USD,0.704172029984104
2026-03-25,AIZ.N,217.02,60306,USD,-0.229863920559029
2026-03-25,AJG.N,213.56,416757,USD,-1.25762899944516
2026-03-25,AKAM.OQ,119.15,2204843,USD,4.06113537117904
2026-03-25,AKR.N,19.16,291370,USD,-0.104275286757036
2026-03-25,AL.N,64.74,733799,USD,0.061823802163821
2026-03-25,ALAB.OQ,120.33,804209,USD,-1.17444152431012
2026-03-25,ALB.N,181.39,499641,USD,2.4454987010053
2026-03-25,ALG.N,169.15,34002,USD,-1.21474040763884
2026-03-25,ALGM.OQ,32.63,484489,USD,0.153468385512598
2026-03-25,ALGN.OQ,180.27,269482,USD,0.518568082970897
2026-03-25,ALGT.OQ,84.89,148422,USD,1.49450023912004
2026-03-25,ALH.N,20.12,402323,USD,3.65790829469346
2026-03-25,ALHC.OQ,17.58,693781,USD,0.918484500574033
2026-03-25,ALIT.N,0.5384,7725307,USD,-16.241443683883
2026-03-25,ALK.N,39.28,794220,USD,2.07900207900209
2026-03-25,ALKS.OQ,29.37,625078,USD,3.41549295774649
2026-03-25,ALKT.OQ,15.87,501308,USD,-0.314070351758798
2026-03-25,ALL.N,204.71,419324,USD,-1.25416043606193
2026-03-25,ALLE.N,147.48,298250,USD,1.20085088862966
2026-03-25,ALLY.N,39.23,901899,USD,-0.73380566801621
2026-03-25,ALMS.OQ,24.81,460530,USD,7.54226267880363
2026-03-25,ALNY.OQ,328.7,395904,USD,6.70345723096899
2026-03-25,ALRM.OQ,42.87,130844,USD,-1.51619572708478
2026-03-25,ALSN.N,118.97,221479,USD,0.916108236491643
2026-03-25,AM.N,23.6,700881,USD,1.3745704467354
2026-03-25,AMAT.OQ,369.34,2090650,USD,-1.24334875264045
2026-03-25,AMBA.OQ,54.09,132437,USD,-0.806895286997978
2026-03-25,AMC.N,0.99,2044678,USD,-0.592428958730798
2026-03-25,AMCR.N,40.55,1675177,USD,3.62892921032455
2026-03-25,AMD.OQ,220.27,14227240,USD,7.25519793543361
2026-03-25,AME.N,215.33,434496,USD,-0.760438750115208
2026-03-25,AMG.N,280.66,54247,USD,1.85447287243695
2026-03-25,AMGN.OQ,353.93,827520,USD,1.57850931320495
2026-03-25,AMH.N,27.54,879137,USD,-0.072568940493467
2026-03-25,AMKR.OQ,49.93,883412,USD,-0.656585754078787
2026-03-25,AMLX.OQ,13.83,409491,USD,1.24450951683748
2026-03-26,AFL.N,108.21,1058171,USD,0.932748810745266
2026-03-26,AFRM.OQ,43.85,1528515,USD,-2.66370699223085
2026-03-26,AGCO.N,115.94,131051,USD,-1.20995228357192
2026-03-26,AGIO.OQ,29.95,389456,USD,1.21662723893207
2026-03-26,AGNC.OQ,9.84,3221312,USD,-2.95857988165681
2026-03-26,AGO.N,81.39,91484,USD,-0.110456553755527
2026-03-26,AGX.N,410.85,114350,USD,-6.08713541190454
2026-03-26,AGYS.OQ,72.37,69095,USD,0.779835677482248
2026-03-26,AHR.N,47.41,466643,USD,-1.10554860241969
2026-03-26,AI.N,8.31,983911,USD,0.362318840579724
2026-03-26,AIG.N,74.27,920075,USD,-1.59003577580496
2026-03-26,AIN.N,52.17,107497,USD,-1.32400226971817
2026-03-26,AIR.N,110.82,162666,USD,-6.49679379007763
2026-03-26,AIT.N,260.51,86900,USD,-2.06390977443609
2026-03-26,AIZ.N,217.41,122323,USD,0.179706939452579
2026-03-26,AJG.N,210.27,473823,USD,-1.54055066491852
2026-03-26,AKAM.OQ,117.25,1708450,USD,-1.59462861938733
2026-03-26,AKR.N,19.15,427871,USD,-0.052192066805854
2026-03-26,AL.N,64.72,534668,USD,-0.030892801977133
2026-03-26,ALAB.OQ,113.605,1203454,USD,-5.58879747361422
2026-03-26,ALB.N,174.5,333647,USD,-3.7984453387728
2026-03-26,ALG.N,168.59,29090,USD,-0.331067100206918
2026-03-26,ALGM.OQ,31.23,466778,USD,-4.29053018694454
2026-03-26,ALGN.OQ,177.33,199059,USD,-1.63088700282909
2026-03-26,ALGT.OQ,83.93,70585,USD,-1.13087525032394
2026-03-26,ALH.N,19.64,325176,USD,-2.38568588469185
2026-03-26,ALHC.OQ,16.91,654453,USD,-3.81114903299203
2026-03-26,ALIT.N,0.5557,5666214,USD,3.21322436849925
2026-03-26,ALK.N,38.95,834013,USD,-0.840122199592664
2026-03-26,ALKS.OQ,29.92,882433,USD,1.87265917602996
2026-03-26,ALKT.OQ,16.2,490068,USD,2.07939508506616
2026-03-26,ALL.N,207.16,371680,USD,1.19681500659469
2026-03-26,ALLE.N,145.79,331092,USD,-1.14591809058855
2026-03-26,ALLY.N,39.14,731699,USD,-0.229416263063972
2026-03-26,ALMS.OQ,26.32,371430,USD,6.08625554212012
2026-03-26,ALNY.OQ,328.16,453309,USD,-0.164283541222989
2026-03-26,ALRM.OQ,43.21,123720,USD,0.793095404711928
2026-03-26,ALSN.N,116.32,189887,USD,-2.22745229889889
2026-03-26,AM.N,23.55,954664,USD,-0.211864406779664
2026-03-26,AMAT.OQ,338.55,3593963,USD,-8.33649212108084
2026-03-26,AMBA.OQ,52.67,214670,USD,-2.62525420595304
2026-03-26,AMC.N,0.9653,2232284,USD,-2.49494949494949
2026-03-26,AMCR.N,39.87,1159056,USD,-1.67694204685573
2026-03-26,AMD.OQ,203.77,13737297,USD,-7.49080673718618
2026-03-26,AME.N,211.47,384150,USD,-1.79259740862862
2026-03-26,AMG.N,276.34,99457,USD,-1.53922896030786
2026-03-26,AMGN.OQ,353.16,915957,USD,-0.217557144068031
2026-03-26,AMH.N,27.89,557074,USD,1.27087872185912
2026-03-26,AMKR.OQ,45.14,1215929,USD,-9.59343080312437
2026-03-26,AMLX.OQ,13.47,325234,USD,-2.60303687635574
2026-03-26,AFL.N,108.21,,USD,0.932748810745266
2026-03-26,AFRM.OQ,43.85,,USD,-2.66370699223085
2026-03-26,AGCO.N,115.94,,USD,-1.20995228357192
2026-03-26,AGIO.OQ,29.95,,USD,1.21662723893207
2026-03-26,AGNC.OQ,9.84,,USD,-2.95857988165681
2026-03-26,AGO.N,81.39,,USD,-0.110456553755527
2026-03-26,AGX.N,410.85,,USD,-6.08713541190454
2026-03-26,AGYS.OQ,72.37,,USD,0.779835677482248
2026-03-26,AHR.N,47.41,,USD,-1.10554860241969
2026-03-26,AI.N,8.31,,USD,0.362318840579724
2026-03-26,AIG.N,74.27,,USD,-1.59003577580496
2026-03-26,AIN.N,52.17,,USD,-1.32400226971817
2026-03-26,AIR.N,110.82,,USD,-6.49679379007763
2026-03-26,AIT.N,260.51,,USD,-2.06390977443609
2026-03-26,AIZ.N,217.41,,USD,0.179706939452579
2026-03-26,AJG.N,210.27,,USD,-1.54055066491852
2026-03-26,AKAM.OQ,117.25,,USD,-1.59462861938733
2026-03-26,AKR.N,19.15,,USD,-0.052192066805854
2026-03-26,AL.N,64.72,,USD,-0.030892801977133
2026-03-26,ALAB.OQ,113.605,,USD,-5.58879747361422
2026-03-26,ALB.N,174.5,,USD,-3.7984453387728
2026-03-26,ALG.N,168.59,,USD,-0.331067100206918
2026-03-26,ALGM.OQ,31.23,,USD,-4.29053018694454
2026-03-26,ALGN.OQ,177.33,,USD,-1.63088700282909
2026-03-26,ALGT.OQ,83.93,,USD,-1.13087525032394
2026-03-26,ALH.N,19.64,,USD,-2.38568588469185
2026-03-26,ALHC.OQ,16.91,,USD,-3.81114903299203
2026-03-26,ALIT.N,0.5557,,USD,3.21322436849925
2026-03-26,ALK.N,38.95,,USD,-0.840122199592664
2026-03-26,ALKS.OQ,29.92,,USD,1.87265917602996
2026-03-26,ALKT.OQ,16.2,,USD,2.07939508506616
2026-03-26,ALL.N,207.16,,USD,1.19681500659469
2026-03-26,ALLE.N,145.79,,USD,-1.14591809058855
2026-03-26,ALLY.N,39.14,,USD,-0.229416263063972
2026-03-26,ALMS.OQ,26.32,,USD,6.08625554212012
2026-03-26,ALNY.OQ,328.16,,USD,-0.164283541222989
2026-03-26,ALRM.OQ,43.21,,USD,0.793095404711928
2026-03-26,ALSN.N,116.32,,USD,-2.22745229889889
2026-03-26,AM.N,23.55,,USD,-0.211864406779664
2026-03-26,AMAT.OQ,338.55,,USD,-8.33649212108084
2026-03-26,AMBA.OQ,52.67,,USD,-2.62525420595304
2026-03-26,AMC.N,0.9653,,USD,-2.49494949494949
2026-03-26,AMCR.N,39.87,,USD,-1.67694204685573
2026-03-26,AMD.OQ,203.77,,USD,-7.49080673718618
2026-03-26,AME.N,211.47,,USD,-1.79259740862862
2026-03-26,AMG.N,276.34,,USD,-1.53922896030786
2026-03-26,AMGN.OQ,353.16,,USD,-0.217557144068031
2026-03-26,AMH.N,27.89,,USD,1.27087872185912
2026-03-26,AMKR.OQ,45.14,,USD,-9.59343080312437
2026-03-26,AMLX.OQ,13.47,,USD,-2.60303687635574
2026-03-27,AFL.N,,0,,
2026-03-27,AFRM.OQ,,0,,
2026-03-27,AGCO.N,,0,,
2026-03-27,AGIO.OQ,,0,,
2026-03-27,AGNC.OQ,,0,,
2026-03-27,AGO.N,,0,,
2026-03-27,AGX.N,,0,,
2026-03-27,AGYS.OQ,,0,,
2026-03-27,AHR.N,,0,,
2026-03-27,AI.N,,0,,
2026-03-27,AIG.N,,0,,
2026-03-27,AIN.N,,0,,
2026-03-27,AIR.N,,0,,
2026-03-27,AIT.N,,0,,
2026-03-27,AIZ.N,,0,,
2026-03-27,AJG.N,,0,,
2026-03-27,AKAM.OQ,,0,,
2026-03-27,AKR.N,,0,,
2026-03-27,AL.N,,0,,
2026-03-27,ALAB.OQ,,0,,
2026-03-27,ALB.N,,0,,
2026-03-27,ALG.N,,0,,
2026-03-27,ALGM.OQ,,0,,
2026-03-27,ALGN.OQ,,0,,
2026-03-27,ALGT.OQ,,0,,
2026-03-27,ALH.N,,0,,
2026-03-27,ALHC.OQ,,0,,
2026-03-27,ALIT.N,,0,,
2026-03-27,ALK.N,,0,,
2026-03-27,ALKS.OQ,,0,,
2026-03-27,ALKT.OQ,,0,,
2026-03-27,ALL.N,,0,,
2026-03-27,ALLE.N,,0,,
2026-03-27,ALLY.N,,0,,
2026-03-27,ALMS.OQ,,0,,
2026-03-27,ALNY.OQ,,0,,
2026-03-27,ALRM.OQ,,0,,
2026-03-27,ALSN.N,,0,,
2026-03-27,AM.N,,0,,
2026-03-27,AMAT.OQ,,0,,
2026-03-27,AMBA.OQ,,0,,
2026-03-27,AMC.N,,0,,
2026-03-27,AMCR.N,,0,,
2026-03-27,AMD.OQ,,0,,
2026-03-27,AME.N,,0,,
2026-03-27,AMG.N,,0,,
2026-03-27,AMGN.OQ,,0,,
2026-03-27,AMH.N,,0,,
2026-03-27,AMKR.OQ,,0,,
2026-03-27,AMLX.OQ,,0,,
2026-03-24,AMN.N,18.49,404992,USD,0.543773790103305
2026-03-24,AMP.N,448.17,210531,USD,1.18760018965478
2026-03-24,AMPL.OQ,6.75,754340,USD,-6.38002773925104
2026-03-24,AMPX.N,17.76,1705888,USD,-4.92505353319057
2026-03-24,AMR.N,217.97,95140,USD,8.6427752579375
2026-03-24,AMRC.N,28.32,126768,USD,2.16450216450217
2026-03-24,AMRX.OQ,12.07,459161,USD,1.25838926174497
2026-03-24,AMSC.OQ,32.21,309698,USD,4.57792207792208
2026-03-24,AMT.N,170.36,1566393,USD,-3.47875354107648
2026-03-24,AMTM.N,26.59,727178,USD,-0.560957367240084
2026-03-24,AMZN.OQ,207.24,10690556,USD,-1.38003235937945
2026-03-24,AN.N,189.66,111061,USD,0.142562965309684
2026-03-24,ANAB.OQ,63.02,92897,USD,0.478316326530619
2026-03-24,ANDE.OQ,71.53,142335,USD,5.75103489059728
2026-03-24,ANET.N,130.8,2022443,USD,-3.73859287606711
2026-03-24,ANF.N,88.84,317839,USD,1.51982630556508
2026-03-24,ANGI.OQ,7.21,416847,USD,-3.6096256684492
2026-03-24,ANIP.OQ,73.31,83757,USD,-0.825216450216449
2026-03-24,AON.N,327.03,346799,USD,0.325183299076585
2026-03-24,AORT.N,35.7,123921,USD,-0.05599104143336
2026-03-24,AOS.N,65.45,381341,USD,0.583986476102674
2026-03-24,APA.OQ,40.8,3502208,USD,4.53497309761721
2026-03-24,APAM.N,35.81,291913,USD,-0.333982744224875
2026-03-24,APD.N,286.25,306767,USD,2.72374937199454
2026-03-24,APG.N,42.07,1282395,USD,1.47129763627593
2026-03-24,APGE.OQ,73.0,632615,USD,-7.87481070166582
2026-03-24,APH.N,127.96,2294655,USD,-2.07392668554373
2026-03-24,APLD.OQ,26.79,3911537,USD,-1.72413793103449
2026-03-24,APLE.N,11.76,807862,USD,-1.09335576114382
2026-03-24,APLS.OQ,17.23,1045276,USD,-1.93511667615253
2026-03-24,APO.N,111.25,1626448,USD,0.724309642372112
2026-03-24,APP.OQ,435.91,805865,USD,-5.02015470094781
2026-03-24,APPF.OQ,161.05,143021,USD,-3.54554710427022
2026-03-24,APPN.OQ,24.33,258404,USD,-6.35103926096999
2026-03-24,APTV.N,70.92,811368,USD,-0.084530853761626
2026-03-24,AQST.OQ,3.88,433355,USD,-1.27226463104326
2026-03-24,AR.N,43.37,1106156,USD,1.90319548872179
2026-03-24,ARCB.OQ,94.6,143694,USD,2.79256764098663
2026-03-24,ARDX.OQ,5.35,1129556,USD,0.753295668549907
2026-03-24,ARE.N,47.38,611852,USD,-1.59916926272066
2026-03-24,ARES.N,106.04,916220,USD,-1.00821508588499
2026-03-24,ARLO.N,14.92,545546,USD,1.49659863945579
2026-03-24,ARMK.N,40.23,598989,USD,-0.148920327624726
2026-03-24,AROC.N,37.02,579463,USD,0.597826086956538
2026-03-24,ARQT.OQ,21.83,333191,USD,-2.06370569762226
2026-03-24,ARR.N,15.99,621631,USD,0.883280757097795
2026-03-24,ARRY.OQ,7.24,1333911,USD,7.25925925925926
2026-03-24,ARVN.OQ,10.29,274841,USD,-0.290697674418616
2026-03-24,ARW.N,144.24,154729,USD,3.10221586847749
2026-03-24,ARWR.OQ,56.27,585619,USD,-0.70584083289218
2026-03-25,AMN.N,18.89,322212,USD,2.16333153055707
2026-03-25,AMP.N,451.89,151531,USD,0.830042171497416
2026-03-25,AMPL.OQ,6.59,594375,USD,-2.37037037037037
2026-03-25,AMPX.N,17.93,1573181,USD,0.957207207207197
2026-03-25,AMR.N,217.53,62435,USD,-0.201862641647932
2026-03-25,AMRC.N,28.77,173045,USD,1.58898305084745
2026-03-25,AMRX.OQ,12.26,387790,USD,1.57415078707539
2026-03-25,AMSC.OQ,33.56,351718,USD,4.19124495498293
2026-03-25,AMT.N,167.27,895375,USD,-1.81380605776004
2026-03-25,AMTM.N,26.74,372884,USD,0.564121850319664
2026-03-25,AMZN.OQ,211.71,11264449,USD,2.15691951360741
2026-03-25,AN.N,193.55,111805,USD,2.05103870083308
2026-03-25,ANAB.OQ,65.39,121862,USD,3.76071088543319
2026-03-25,ANDE.OQ,73.19,169331,USD,2.32070459946875
2026-03-25,ANET.N,135.01,1304364,USD,3.21865443425075
2026-03-25,ANF.N,88.55,238212,USD,-0.326429536244942
2026-03-25,ANGI.OQ,7.21,364233,USD,0.0
2026-03-25,ANIP.OQ,74.07,66916,USD,1.03669349338425
2026-03-25,AON.N,321.45,249619,USD,-1.70626548023117
2026-03-25,AORT.N,36.12,86300,USD,1.17647058823528
2026-03-25,AOS.N,66.9,482644,USD,2.21543162719634
2026-03-25,APA.OQ,41.32,3403425,USD,1.27450980392158
2026-03-25,APAM.N,36.71,170571,USD,2.51326445127059
2026-03-25,APD.N,290.09,290262,USD,1.3414847161572
2026-03-25,APG.N,42.16,653450,USD,0.213929165676245
2026-03-25,APGE.OQ,78.53,1237971,USD,7.57534246575343
2026-03-25,APH.N,128.73,3780932,USD,0.601750547045949
2026-03-25,APLD.OQ,28.37,3315157,USD,5.89772303098172
2026-03-25,APLE.N,11.97,683623,USD,1.78571428571429
2026-03-25,APLS.OQ,17.72,870780,USD,2.84387695879279
2026-03-25,APO.N,109.8,1273126,USD,-1.30337078651686
2026-03-25,APP.OQ,436.69,770839,USD,0.178936018902978
2026-03-25,APPF.OQ,158.57,95844,USD,-1.53989444271966
2026-03-25,APPN.OQ,23.94,236217,USD,-1.60295930949444
2026-03-25,APTV.N,70.89,591101,USD,-0.042301184433166
2026-03-25,AQST.OQ,4.21,422619,USD,8.50515463917526
2026-03-25,AR.N,44.67,1459760,USD,2.9974636845746
2026-03-25,ARCB.OQ,95.77,80088,USD,1.23678646934461
2026-03-25,ARDX.OQ,5.64,696218,USD,5.42056074766355
2026-03-25,ARE.N,47.28,564678,USD,-0.2110595187843
2026-03-25,ARES.N,106.5,539807,USD,0.433798566578644
2026-03-25,ARLO.N,14.72,294956,USD,-1.34048257372654
2026-03-25,ARMK.N,41.47,743180,USD,3.08227690778027
2026-03-25,AROC.N,36.86,539636,USD,-0.432198811453278
2026-03-25,ARQT.OQ,22.74,318937,USD,4.16857535501603
2026-03-25,ARR.N,16.39,642047,USD,2.50156347717324
2026-03-25,ARRY.OQ,7.73,1511780,USD,6.76795580110498
2026-03-25,ARVN.OQ,10.92,250896,USD,6.12244897959184
2026-03-25,ARW.N,146.13,105337,USD,1.31031613976705
2026-03-25,ARWR.OQ,60.77,863027,USD,7.99715656655411
2026-03-26,AMN.N,19.58,292977,USD,3.65272631021703
2026-03-26,AMP.N,448.15,152730,USD,-0.827635043926621
2026-03-26,AMPL.OQ,6.7,436027,USD,1.66919575113809
2026-03-26,AMPX.N,17.16,1134507,USD,-4.29447852760736
2026-03-26,AMR.N,215.92,52250,USD,-0.740127798464586
2026-03-26,AMRC.N,27.25,200801,USD,-5.28328119568995
2026-03-26,AMRX.OQ,12.06,386086,USD,-1.63132137030995
2026-03-26,AMSC.OQ,32.31,578324,USD,-3.72467222884386
2026-03-26,AMT.N,168.92,917202,USD,0.986429126561832
2026-03-26,AMTM.N,26.54,268805,USD,-0.747943156320117
2026-03-26,AMZN.OQ,207.54,15530471,USD,-1.96967549950405
2026-03-26,AN.N,195.0,72544,USD,0.74916042366313
2026-03-26,ANAB.OQ,64.99,105929,USD,-0.611714329408175
2026-03-26,ANDE.OQ,72.0,125449,USD,-1.62590517830304
2026-03-26,ANET.N,122.55,2047049,USD,-9.2289460039997
2026-03-26,ANF.N,89.76,374404,USD,1.3664596273292
2026-03-26,ANGI.OQ,6.95,292362,USD,-3.60610263522885
2026-03-26,ANIP.OQ,74.14,52605,USD,0.094505197785888
2026-03-26,AON.N,323.77,426031,USD,0.721729662466945
2026-03-26,AORT.N,36.39,86615,USD,0.747508305647849
2026-03-26,AOS.N,65.61,370790,USD,-1.92825112107624
2026-03-26,APA.OQ,42.8,3108945,USD,3.58180058083252
2026-03-26,APAM.N,36.3,176245,USD,-1.11686189049306
2026-03-26,APD.N,293.17,225035,USD,1.06173946016755
2026-03-26,APG.N,40.77,664384,USD,-3.29696394686906
2026-03-26,APGE.OQ,78.42,418056,USD,-0.140073857124665
2026-03-26,APH.N,123.13,2388188,USD,-4.35019032082653
2026-03-26,APLD.OQ,25.715,4104872,USD,-9.35847726471625
2026-03-26,APLE.N,11.9,657217,USD,-0.584795321637429
2026-03-26,APLS.OQ,17.64,879163,USD,-0.451467268623015
2026-03-26,APO.N,109.98,1053800,USD,0.163934426229514
2026-03-26,APP.OQ,391.21,1794348,USD,-10.4147106643157
2026-03-26,APPF.OQ,158.63,125154,USD,0.037838178722332
2026-03-26,APPN.OQ,24.0,205957,USD,0.250626566416035
2026-03-26,APTV.N,70.95,576475,USD,0.084638171815492
2026-03-26,AQST.OQ,4.14,372265,USD,-1.66270783847982
2026-03-26,AR.N,44.33,860551,USD,-0.76113722856504
2026-03-26,ARCB.OQ,95.13,82496,USD,-0.668267724757232
2026-03-26,ARDX.OQ,5.69,904440,USD,0.886524822695048
2026-03-26,ARE.N,48.01,666190,USD,1.54399323181048
2026-03-26,ARES.N,107.92,531562,USD,1.33333333333334
2026-03-26,ARLO.N,14.22,237389,USD,-3.39673913043478
2026-03-26,ARMK.N,40.55,695065,USD,-2.21847118398843
2026-03-26,AROC.N,35.7,560018,USD,-3.14704286489419
2026-03-26,ARQT.OQ,22.38,269184,USD,-1.58311345646438
2026-03-26,ARR.N,16.01,536880,USD,-2.31848688224527
2026-03-26,ARRY.OQ,7.28,1141969,USD,-5.82147477360932
2026-03-26,ARVN.OQ,10.87,155633,USD,-0.457875457875464
2026-03-26,ARW.N,143.24,81422,USD,-1.97769109696844
2026-03-26,ARWR.OQ,60.77,922105,USD,0.0
2026-03-26,AMN.N,19.58,,USD,3.65272631021703
2026-03-26,AMP.N,448.15,,USD,-0.827635043926621
2026-03-26,AMPL.OQ,6.7,,USD,1.66919575113809
2026-03-26,AMPX.N,17.16,,USD,-4.29447852760736
2026-03-26,AMR.N,215.92,,USD,-0.740127798464586
2026-03-26,AMRC.N,27.25,,USD,-5.28328119568995
2026-03-26,AMRX.OQ,12.06,,USD,-1.63132137030995
2026-03-26,AMSC.OQ,32.31,,USD,-3.72467222884386
2026-03-26,AMT.N,168.92,,USD,0.986429126561832
2026-03-26,AMTM.N,26.54,,USD,-0.747943156320117
2026-03-26,AMZN.OQ,207.54,,USD,-1.96967549950405
2026-03-26,AN.N,195.0,,USD,0.74916042366313
2026-03-26,ANAB.OQ,64.99,,USD,-0.611714329408175
2026-03-26,ANDE.OQ,72.0,,USD,-1.62590517830304
2026-03-26,ANET.N,122.55,,USD,-9.2289460039997
2026-03-26,ANF.N,89.76,,USD,1.3664596273292
2026-03-26,ANGI.OQ,6.95,,USD,-3.60610263522885
2026-03-26,ANIP.OQ,74.14,,USD,0.094505197785888
2026-03-26,AON.N,323.77,,USD,0.721729662466945
2026-03-26,AORT.N,36.39,,USD,0.747508305647849
2026-03-26,AOS.N,65.61,,USD,-1.92825112107624
2026-03-26,APA.OQ,42.8,,USD,3.58180058083252
2026-03-26,APAM.N,36.3,,USD,-1.11686189049306
2026-03-26,APD.N,293.17,,USD,1.06173946016755
2026-03-26,APG.N,40.77,,USD,-3.29696394686906
2026-03-26,APGE.OQ,78.42,,USD,-0.140073857124665
2026-03-26,APH.N,123.13,,USD,-4.35019032082653
2026-03-26,APLD.OQ,25.715,,USD,-9.35847726471625
2026-03-26,APLE.N,11.9,,USD,-0.584795321637429
2026-03-26,APLS.OQ,17.64,,USD,-0.451467268623015
2026-03-26,APO.N,109.98,,USD,0.163934426229514
2026-03-26,APP.OQ,391.21,,USD,-10.4147106643157
2026-03-26,APPF.OQ,158.63,,USD,0.037838178722332
2026-03-26,APPN.OQ,24.0,,USD,0.250626566416035
2026-03-26,APTV.N,70.95,,USD,0.084638171815492
2026-03-26,AQST.OQ,4.14,,USD,-1.66270783847982
2026-03-26,AR.N,44.33,,USD,-0.76113722856504
2026-03-26,ARCB.OQ,95.13,,USD,-0.668267724757232
2026-03-26,ARDX.OQ,5.69,,USD,0.886524822695048
2026-03-26,ARE.N,48.01,,USD,1.54399323181048
2026-03-26,ARES.N,107.92,,USD,1.33333333333334
2026-03-26,ARLO.N,14.22,,USD,-3.39673913043478
2026-03-26,ARMK.N,40.55,,USD,-2.21847118398843
2026-03-26,AROC.N,35.7,,USD,-3.14704286489419
2026-03-26,ARQT.OQ,22.38,,USD,-1.58311345646438
2026-03-26,ARR.N,16.01,,USD,-2.31848688224527
2026-03-26,ARRY.OQ,7.28,,USD,-5.82147477360932
2026-03-26,ARVN.OQ,10.87,,USD,-0.457875457875464
2026-03-26,ARW.N,143.24,,USD,-1.97769109696844
2026-03-26,ARWR.OQ,60.77,,USD,0.0
2026-03-27,AMN.N,,0,,
2026-03-27,AMP.N,,0,,
2026-03-27,AMPL.OQ,,0,,
2026-03-27,AMPX.N,,0,,
2026-03-27,AMR.N,,0,,
2026-03-27,AMRC.N,,0,,
2026-03-27,AMRX.OQ,,0,,
2026-03-27,AMSC.OQ,,0,,
2026-03-27,AMT.N,,0,,
2026-03-27,AMTM.N,,0,,
2026-03-27,AMZN.OQ,,0,,
2026-03-27,AN.N,,0,,
2026-03-27,ANAB.OQ,,0,,
2026-03-27,ANDE.OQ,,0,,
2026-03-27,ANET.N,,0,,
2026-03-27,ANF.N,,0,,
2026-03-27,ANGI.OQ,,0,,
2026-03-27,ANIP.OQ,,0,,
2026-03-27,AON.N,,0,,
2026-03-27,AORT.N,,0,,
2026-03-27,AOS.N,,0,,
2026-03-27,APA.OQ,,0,,
2026-03-27,APAM.N,,0,,
2026-03-27,APD.N,,0,,
2026-03-27,APG.N,,0,,
2026-03-27,APGE.OQ,,0,,
2026-03-27,APH.N,,0,,
2026-03-27,APLD.OQ,,0,,
2026-03-27,APLE.N,,0,,
2026-03-27,APLS.OQ,,0,,
2026-03-27,APO.N,,0,,
2026-03-27,APP.OQ,,0,,
2026-03-27,APPF.OQ,,0,,
2026-03-27,APPN.OQ,,0,,
2026-03-27,APTV.N,,0,,
2026-03-27,AQST.OQ,,0,,
2026-03-27,AR.N,,0,,
2026-03-27,ARCB.OQ,,0,,
2026-03-27,ARDX.OQ,,0,,
2026-03-27,ARE.N,,0,,
2026-03-27,ARES.N,,0,,
2026-03-27,ARLO.N,,0,,
2026-03-27,ARMK.N,,0,,
2026-03-27,AROC.N,,0,,
2026-03-27,ARQT.OQ,,0,,
2026-03-27,ARR.N,,0,,
2026-03-27,ARRY.OQ,,0,,
2026-03-27,ARVN.OQ,,0,,
2026-03-27,ARW.N,,0,,
2026-03-27,ARWR.OQ,,0,,
2026-03-24,AS.N,33.09,1336695,USD,1.16172424335066
2026-03-24,ASAN.N,6.24,1643746,USD,-5.59757942511347
2026-03-24,ASB.N,24.96,1242780,USD,0.807754442649432
2026-03-24,ASGN.N,38.02,410514,USD,-0.183775269099502
2026-03-24,ASH.N,50.81,178077,USD,1.78285256410257
2026-03-24,ASO.OQ,53.54,447367,USD,1.67109760729207
2026-03-24,ASPI.OQ,4.98,1640419,USD,3.10559006211181
2026-03-24,ASST.OQ,9.93,706928,USD,-4.88505747126437
2026-03-24,ASTH.OQ,24.02,154666,USD,0.881982360352796
2026-03-24,ASTS.OQ,86.98,2951420,USD,-1.62859081655734
2026-03-24,ATEC.OQ,11.75,668158,USD,-3.29218106995885
2026-03-24,ATEN.N,22.42,270971,USD,0.0
2026-03-24,ATGE.N,113.08,153035,USD,3.13754104341481
2026-03-24,ATI.N,149.59,1097234,USD,2.19292253040033
2026-03-24,ATKR.N,60.33,86685,USD,3.80247763248452
2026-03-24,ATMU.N,59.28,169115,USD,2.10127454357561
2026-03-24,ATO.N,181.57,322735,USD,0.298293100591058
2026-03-24,ATR.N,124.15,164529,USD,0.008055421298538
2026-03-24,ATRC.OQ,29.61,169341,USD,-0.57085292142378
2026-03-24,ATRO.OQ,67.86,218046,USD,2.77146751476601
2026-03-24,AU.N,85.81,793641,USD,0.245327102803748
2026-03-24,AUB.N,34.94,368884,USD,0.720668780628423
2026-03-24,AUPH.OQ,14.21,493462,USD,-2.40384615384615
2026-03-24,AUR.OQ,4.22,4222315,USD,-3.65296803652968
2026-03-24,AVA.N,39.11,209218,USD,0.824954885279712
2026-03-24,AVAV.OQ,196.18,366832,USD,-4.89164687060649
2026-03-24,AVB.N,163.56,306257,USD,0.177619893428059
2026-03-24,AVGO.OQ,318.29,6493501,USD,-1.30848655855632
2026-03-24,AVNT.N,34.32,211060,USD,2.57023311416617
2026-03-24,AVPT.OQ,9.61,609889,USD,-6.15234375000001
2026-03-24,AVT.OQ,61.22,371688,USD,2.49455884815001
2026-03-24,AVTR.N,7.73,2574415,USD,1.8445322793149
2026-03-24,AVY.N,165.92,174672,USD,0.655180781363737
2026-03-24,AWI.N,165.6,114612,USD,-0.126650986068396
2026-03-24,AWK.N,133.58,714746,USD,-1.5840271126501
2026-03-24,AWR.N,73.26,121138,USD,-0.421367405192318
2026-03-24,AX.N,84.47,156923,USD,0.823585581284313
2026-03-24,AXGN.OQ,32.61,218629,USD,2.70866141732283
2026-03-24,AXON.OQ,456.6,398307,USD,-9.9905377700678
2026-03-24,AXP.N,302.0,863544,USD,0.029810208340226
2026-03-24,AXS.N,101.46,184557,USD,1.07591153616258
2026-03-24,AXSM.OQ,158.75,651640,USD,1.21780158122928
2026-03-24,AXTA.N,26.92,882634,USD,1.89250567751703
2026-03-24,AYI.N,282.86,132143,USD,1.30000358127708
2026-03-24,AZO.N,3345.84,33423,USD,-0.22068208657894
2026-03-24,AZTA.OQ,21.31,305083,USD,4.20537897310513
2026-03-24,AZZ.N,124.46,51683,USD,1.19521912350598
2026-03-24,BA.N,196.42,1228284,USD,-1.00297364044152
2026-03-24,BAC.N,48.14,13306423,USD,1.3047138047138
2026-03-24,BAH.N,78.88,402702,USD,-1.27659574468086
2026-03-25,AS.N,33.62,1140271,USD,1.60169235418554
2026-03-25,ASAN.N,6.05,1987203,USD,-3.0448717948718
2026-03-25,ASB.N,25.24,766610,USD,1.12179487179486
2026-03-25,ASGN.N,38.62,362711,USD,1.57811678064175
2026-03-25,ASH.N,53.61,320222,USD,5.51072623499311
2026-03-25,ASO.OQ,53.33,550520,USD,-0.392230108330222
2026-03-25,ASPI.OQ,5.04,1267218,USD,1.20481927710843
2026-03-25,ASST.OQ,10.85,777314,USD,9.26485397784491
2026-03-25,ASTH.OQ,24.48,127831,USD,1.91507077435471
2026-03-25,ASTS.OQ,96.06,4788019,USD,10.4391814210163
2026-03-25,ATEC.OQ,11.49,661856,USD,-2.21276595744681
2026-03-25,ATEN.N,23.26,492186,USD,3.74665477252453
2026-03-25,ATGE.N,115.98,88081,USD,2.5645560665016
2026-03-25,ATI.N,149.0,561464,USD,-0.394411391135773
2026-03-25,ATKR.N,60.89,88640,USD,0.92822807889939
2026-03-25,ATMU.N,60.54,234992,USD,2.12550607287449
2026-03-25,ATO.N,181.55,261052,USD,-0.01101503552348
2026-03-25,ATR.N,125.82,104042,USD,1.34514699959725
2026-03-25,ATRC.OQ,29.53,158405,USD,-0.270178993583243
2026-03-25,ATRO.OQ,68.38,281279,USD,0.766283524904209
2026-03-25,AU.N,89.55,736532,USD,4.35846637920988
2026-03-25,AUB.N,35.33,322885,USD,1.11619919862622
2026-03-25,AUPH.OQ,14.37,359499,USD,1.12596762843067
2026-03-25,AUR.OQ,4.32,2241815,USD,2.36966824644551
2026-03-25,AVA.N,39.36,240972,USD,0.639222705190488
2026-03-25,AVAV.OQ,199.02,297583,USD,1.44765011723927
2026-03-25,AVB.N,163.65,251699,USD,0.055025678650039
2026-03-25,AVGO.OQ,318.81,6186897,USD,0.163373024600202
2026-03-25,AVNT.N,36.27,445922,USD,5.68181818181819
2026-03-25,AVPT.OQ,9.68,386601,USD,0.728407908428723
2026-03-25,AVT.OQ,62.26,272936,USD,1.69879124469128
2026-03-25,AVTR.N,7.69,2082985,USD,-0.517464424320828
2026-03-25,AVY.N,170.64,271463,USD,2.84474445515911
2026-03-25,AWI.N,167.18,107673,USD,0.954106280193244
2026-03-25,AWK.N,134.59,402824,USD,0.756101212756394
2026-03-25,AWR.N,73.4,105331,USD,0.191100191100192
2026-03-25,AX.N,85.69,120395,USD,1.44429975139103
2026-03-25,AXGN.OQ,33.28,289537,USD,2.05458448328734
2026-03-25,AXON.OQ,460.15,354561,USD,0.77748576434515
2026-03-25,AXP.N,300.24,935648,USD,-0.582781456953639
2026-03-25,AXS.N,101.04,141285,USD,-0.413956238911874
2026-03-25,AXSM.OQ,161.78,156541,USD,1.90866141732283
2026-03-25,AXTA.N,27.66,567985,USD,2.74888558692421
2026-03-25,AYI.N,284.85,105147,USD,0.703528247189426
2026-03-25,AZO.N,3386.14,27482,USD,1.2044807880831
2026-03-25,AZTA.OQ,21.86,465568,USD,2.58094791177851
2026-03-25,AZZ.N,128.46,57231,USD,3.21388397878838
2026-03-25,BA.N,199.61,1175665,USD,1.62407086854701
2026-03-25,BAC.N,48.75,9314814,USD,1.26713751557956
2026-03-25,BAH.N,80.12,295879,USD,1.57200811359028
2026-03-26,AS.N,31.82,728233,USD,-5.35395597858417
2026-03-26,ASAN.N,6.18,1484436,USD,2.14876033057851
2026-03-26,ASB.N,25.38,780388,USD,0.554675118858956
2026-03-26,ASGN.N,39.9,234415,USD,3.31434489901606
2026-03-26,ASH.N,54.2,299031,USD,1.10054094385377
2026-03-26,ASO.OQ,53.5,520841,USD,0.318769923120198
2026-03-26,ASPI.OQ,4.61,1088664,USD,-8.53174603174603
2026-03-26,ASST.OQ,10.41,528153,USD,-4.0552995391705
2026-03-26,ASTH.OQ,24.27,189724,USD,-0.857843137254906
2026-03-26,ASTS.OQ,87.86,4070316,USD,-8.53633145950448
2026-03-26,ATEC.OQ,11.52,1086454,USD,0.26109660574412
2026-03-26,ATEN.N,23.18,308012,USD,-0.343938091143602
2026-03-26,ATGE.N,116.39,101980,USD,0.353509225728571
2026-03-26,ATI.N,143.94,453451,USD,-3.39597315436242
2026-03-26,ATKR.N,60.52,88741,USD,-0.607653145015598
2026-03-26,ATMU.N,59.19,165899,USD,-2.22993062438058
2026-03-26,ATO.N,183.18,391729,USD,0.89782429082897
2026-03-26,ATR.N,124.69,138102,USD,-0.898108408838019
2026-03-26,ATRC.OQ,30.04,180831,USD,1.72705722993565
2026-03-26,ATRO.OQ,65.28,186982,USD,-4.53348932436384
2026-03-26,AU.N,85.73,684018,USD,-4.26577331099943
2026-03-26,AUB.N,35.52,395013,USD,0.53778658363998
2026-03-26,AUPH.OQ,14.6,543234,USD,1.60055671537927
2026-03-26,AUR.OQ,4.22,3104599,USD,-2.31481481481483
2026-03-26,AVA.N,39.6,170335,USD,0.609756097560981
2026-03-26,AVAV.OQ,195.91,267252,USD,-1.56265701939504
2026-03-26,AVB.N,163.41,393402,USD,-0.146654445462884
2026-03-26,AVGO.OQ,309.415,7554769,USD,-2.94689627050594
2026-03-26,AVNT.N,36.23,267543,USD,-0.11028398125174
2026-03-26,AVPT.OQ,9.78,315528,USD,1.03305785123967
2026-03-26,AVT.OQ,61.2,258563,USD,-1.70253774494056
2026-03-26,AVTR.N,7.67,2051363,USD,-0.260078023407028
2026-03-26,AVY.N,168.52,197373,USD,-1.24238162212844
2026-03-26,AWI.N,164.97,127148,USD,-1.32192846034215
2026-03-26,AWK.N,137.51,420823,USD,2.16955197265769
2026-03-26,AWR.N,74.96,81997,USD,2.12534059945502
2026-03-26,AX.N,84.95,89649,USD,-0.863578013770562
2026-03-26,AXGN.OQ,32.25,200922,USD,-3.09495192307693
2026-03-26,AXON.OQ,450.46,251479,USD,-2.10583505378681
2026-03-26,AXP.N,299.39,1185919,USD,-0.283106847855057
2026-03-26,AXS.N,101.28,138249,USD,0.237529691211396
2026-03-26,AXSM.OQ,164.265,109347,USD,1.53603659290393
2026-03-26,AXTA.N,27.36,516532,USD,-1.08459869848156
2026-03-26,AYI.N,270.34,100257,USD,-5.09390907495175
2026-03-26,AZO.N,3395.97,38364,USD,0.290301050753954
2026-03-26,AZTA.OQ,21.31,290818,USD,-2.516010978957
2026-03-26,AZZ.N,123.29,64083,USD,-4.02459909699517
2026-03-26,BA.N,194.36,1303665,USD,-2.63012875106458
2026-03-26,BAC.N,48.24,10498311,USD,-1.04615384615384
2026-03-26,BAH.N,80.33,391144,USD,0.262106839740382
2026-03-26,AS.N,31.82,,USD,-5.35395597858417
2026-03-26,ASAN.N,6.18,,USD,2.14876033057851
2026-03-26,ASB.N,25.38,,USD,0.554675118858956
2026-03-26,ASGN.N,39.9,,USD,3.31434489901606
2026-03-26,ASH.N,54.2,,USD,1.10054094385377
2026-03-26,ASO.OQ,53.5,,USD,0.318769923120198
2026-03-26,ASPI.OQ,4.61,,USD,-8.53174603174603
2026-03-26,ASST.OQ,10.41,,USD,-4.0552995391705
2026-03-26,ASTH.OQ,24.27,,USD,-0.857843137254906
2026-03-26,ASTS.OQ,87.86,,USD,-8.53633145950448
2026-03-26,ATEC.OQ,11.52,,USD,0.26109660574412
2026-03-26,ATEN.N,23.18,,USD,-0.343938091143602
2026-03-26,ATGE.N,116.39,,USD,0.353509225728571
2026-03-26,ATI.N,143.94,,USD,-3.39597315436242
2026-03-26,ATKR.N,60.52,,USD,-0.607653145015598
2026-03-26,ATMU.N,59.19,,USD,-2.22993062438058
2026-03-26,ATO.N,183.18,,USD,0.89782429082897
2026-03-26,ATR.N,124.69,,USD,-0.898108408838019
2026-03-26,ATRC.OQ,30.04,,USD,1.72705722993565
2026-03-26,ATRO.OQ,65.28,,USD,-4.53348932436384
2026-03-26,AU.N,85.73,,USD,-4.26577331099943
2026-03-26,AUB.N,35.52,,USD,0.53778658363998
2026-03-26,AUPH.OQ,14.6,,USD,1.60055671537927
2026-03-26,AUR.OQ,4.22,,USD,-2.31481481481483
2026-03-26,AVA.N,39.6,,USD,0.609756097560981
2026-03-26,AVAV.OQ,195.91,,USD,-1.56265701939504
2026-03-26,AVB.N,163.41,,USD,-0.146654445462884
2026-03-26,AVGO.OQ,309.415,,USD,-2.94689627050594
2026-03-26,AVNT.N,36.23,,USD,-0.11028398125174
2026-03-26,AVPT.OQ,9.78,,USD,1.03305785123967
2026-03-26,AVT.OQ,61.2,,USD,-1.70253774494056
2026-03-26,AVTR.N,7.67,,USD,-0.260078023407028
2026-03-26,AVY.N,168.52,,USD,-1.24238162212844
2026-03-26,AWI.N,164.97,,USD,-1.32192846034215
2026-03-26,AWK.N,137.51,,USD,2.16955197265769
2026-03-26,AWR.N,74.96,,USD,2.12534059945502
2026-03-26,AX.N,84.95,,USD,-0.863578013770562
2026-03-26,AXGN.OQ,32.25,,USD,-3.09495192307693
2026-03-26,AXON.OQ,450.46,,USD,-2.10583505378681
2026-03-26,AXP.N,299.39,,USD,-0.283106847855057
2026-03-26,AXS.N,101.28,,USD,0.237529691211396
2026-03-26,AXSM.OQ,164.265,,USD,1.53603659290393
2026-03-26,AXTA.N,27.36,,USD,-1.08459869848156
2026-03-26,AYI.N,270.34,,USD,-5.09390907495175
2026-03-26,AZO.N,3395.97,,USD,0.290301050753954
2026-03-26,AZTA.OQ,21.31,,USD,-2.516010978957
2026-03-26,AZZ.N,123.29,,USD,-4.02459909699517
2026-03-26,BA.N,194.36,,USD,-2.63012875106458
2026-03-26,BAC.N,48.24,,USD,-1.04615384615384
2026-03-26,BAH.N,80.33,,USD,0.262106839740382
2026-03-27,AS.N,,0,,
2026-03-27,ASAN.N,,0,,
2026-03-27,ASB.N,,0,,
2026-03-27,ASGN.N,,0,,
2026-03-27,ASH.N,,0,,
2026-03-27,ASO.OQ,,0,,
2026-03-27,ASPI.OQ,,0,,
2026-03-27,ASST.OQ,,0,,
2026-03-27,ASTH.OQ,,0,,
2026-03-27,ASTS.OQ,,0,,
2026-03-27,ATEC.OQ,,0,,
2026-03-27,ATEN.N,,0,,
2026-03-27,ATGE.N,,0,,
2026-03-27,ATI.N,,0,,
2026-03-27,ATKR.N,,0,,
2026-03-27,ATMU.N,,0,,
2026-03-27,ATO.N,,0,,
2026-03-27,ATR.N,,0,,
2026-03-27,ATRC.OQ,,0,,
2026-03-27,ATRO.OQ,,0,,
2026-03-27,AU.N,,0,,
2026-03-27,AUB.N,,0,,
2026-03-27,AUPH.OQ,,0,,
2026-03-27,AUR.OQ,,0,,
2026-03-27,AVA.N,,0,,
2026-03-27,AVAV.OQ,,0,,
2026-03-27,AVB.N,,0,,
2026-03-27,AVGO.OQ,,0,,
2026-03-27,AVNT.N,,0,,
2026-03-27,AVPT.OQ,,0,,
2026-03-27,AVT.OQ,,0,,
2026-03-27,AVTR.N,,0,,
2026-03-27,AVY.N,,0,,
2026-03-27,AWI.N,,0,,
2026-03-27,AWK.N,,0,,
2026-03-27,AWR.N,,0,,
2026-03-27,AX.N,,0,,
2026-03-27,AXGN.OQ,,0,,
2026-03-27,AXON.OQ,,0,,
2026-03-27,AXP.N,,0,,
2026-03-27,AXS.N,,0,,
2026-03-27,AXSM.OQ,,0,,
2026-03-27,AXTA.N,,0,,
2026-03-27,AYI.N,,0,,
2026-03-27,AZO.N,,0,,
2026-03-27,AZTA.OQ,,0,,
2026-03-27,AZZ.N,,0,,
2026-03-27,BA.N,,0,,
2026-03-27,BAC.N,,0,,
2026-03-27,BAH.N,,0,,
2026-03-24,BALL.N,59.12,556280,USD,1.47614143494679
2026-03-24,BAM.N,42.87,1119227,USD,-1.08444854637749
2026-03-24,BANC.N,17.36,1243487,USD,0.930232558139536
2026-03-24,BANF.OQ,108.52,124794,USD,1.30694548170276
2026-03-24,BANR.OQ,60.05,179271,USD,1.79691473131038
2026-03-24,BATRK.OQ,42.35,83525,USD,0.905408625208488
2026-03-24,BAX.N,16.72,2640043,USD,0.662251655629136
2026-03-24,BBAI.N,3.54,5771943,USD,-3.80434782608696
2026-03-24,BBIO.OQ,68.53,510073,USD,-1.53735632183907
2026-03-24,BBNX.OQ,11.24,253280,USD,1.99637023593467
2026-03-24,BBT.N,30.04,330474,USD,1.62381596752368
2026-03-24,BBW.N,41.06,148458,USD,-1.32179764479692
2026-03-24,BBWI.N,18.06,1512875,USD,-2.74636510500809
2026-03-24,BBY.N,61.71,1677272,USD,-2.09342290267146
2026-03-24,BC.N,73.8,243895,USD,-0.337609723160027
2026-03-24,BCC.N,73.57,127264,USD,2.3511407902059
2026-03-24,BCO.N,100.77,122908,USD,-0.611500147943589
2026-03-24,BCPC.OQ,165.92,70513,USD,0.99214803092093
2026-03-24,BCRX.OQ,9.66,2782302,USD,-1.42857142857143
2026-03-24,BDC.N,118.69,124290,USD,0.866830967961244
2026-03-24,BDX.N,155.92,610098,USD,-0.198425398451003
2026-03-24,BE.N,145.88,2950307,USD,3.21941555225358
2026-03-24,BEAM.OQ,23.95,589799,USD,-4.84704012713549
2026-03-24,BELFB.OQ,222.04,58461,USD,3.28402642106243
2026-03-24,BEN.N,23.67,1442902,USD,-0.962343096234297
2026-03-24,BEPC.N,39.33,310015,USD,2.315296566077
2026-03-24,BETR.OQ,28.59,93119,USD,-1.37978613314936
2026-03-24,BFAM.N,79.05,259623,USD,1.16457640133094
2026-03-24,BFH.N,74.49,215676,USD,-0.321156162183874
2026-03-24,BFb.N,22.8,962524,USD,-0.566942869603136
2026-03-24,BG.N,124.09,537840,USD,2.70650554543951
2026-03-24,BGC.OQ,9.43,731135,USD,-1.66840458811262
2026-03-24,BHE.N,59.5,132128,USD,4.31276297335204
2026-03-24,BHF.OQ,60.26,163655,USD,0.182876142975893
2026-03-24,BHVN.N,8.39,603788,USD,-4.0045766590389
2026-03-24,BIIB.OQ,183.94,294169,USD,0.163363101720764
2026-03-24,BILL.N,38.5,691049,USD,-4.91479377624105
2026-03-24,BIO.N,272.12,284187,USD,2.68679245283019
2026-03-24,BIPC.N,38.17,577290,USD,-1.77560473494595
2026-03-24,BIRK.N,36.48,959568,USD,3.25502405887347
2026-03-24,BJ.N,97.8,554641,USD,1.83256976259891
2026-03-24,BJRI.OQ,36.16,116645,USD,2.2046353872244
2026-03-24,BK.N,117.9,1196461,USD,1.32347885871434
2026-03-24,BKD.N,13.95,910483,USD,0.43196544276457
2026-03-24,BKE.N,50.07,152871,USD,0.099960015993597
2026-03-24,BKH.N,68.55,235912,USD,0.46900190532023
2026-03-24,BKNG.OQ,4290.65,123351,USD,-2.41403387471315
2026-03-24,BKR.OQ,63.49,3625234,USD,1.53526307372461
2026-03-24,BKSY.N,25.43,349645,USD,-8.32732516222062
2026-03-24,BKU.N,44.66,308996,USD,0.26942074539739
2026-03-25,BALL.N,60.75,752848,USD,2.75710419485792
2026-03-25,BAM.N,43.69,906634,USD,1.91275950548169
2026-03-25,BANC.N,17.45,783876,USD,0.518433179723501
2026-03-25,BANF.OQ,106.815,43231,USD,-1.57113896056026
2026-03-25,BANR.OQ,60.06,92322,USD,0.016652789342223
2026-03-25,BATRK.OQ,42.54,66597,USD,0.44864226682408
2026-03-25,BAX.N,17.12,2068120,USD,2.39234449760767
2026-03-25,BBAI.N,3.56,4121988,USD,0.56497175141243
2026-03-25,BBIO.OQ,71.61,476553,USD,4.49438202247191
2026-03-25,BBNX.OQ,11.31,305551,USD,0.622775800711746
2026-03-25,BBT.N,29.77,281684,USD,-0.898801597869506
2026-03-25,BBW.N,39.64,120464,USD,-3.45835362883585
2026-03-25,BBWI.N,18.19,1535437,USD,0.719822812846083
2026-03-25,BBY.N,60.4,1048477,USD,-2.12283260411603
2026-03-25,BC.N,73.36,254658,USD,-0.596205962059618
2026-03-25,BCC.N,74.65,137752,USD,1.46798966970234
2026-03-25,BCO.N,102.25,105514,USD,1.46869107869406
2026-03-25,BCPC.OQ,166.96,47045,USD,0.626808100289308
2026-03-25,BCRX.OQ,9.4,1825484,USD,-2.69151138716356
2026-03-25,BDC.N,119.02,73195,USD,0.278035217794252
2026-03-25,BDX.N,158.27,447472,USD,1.50718317085686
2026-03-25,BE.N,150.22,1081551,USD,2.97504798464492
2026-03-25,BEAM.OQ,23.12,1597867,USD,-3.46555323590814
2026-03-25,BELFB.OQ,220.77,41858,USD,-0.571969014591957
2026-03-25,BEN.N,23.89,1285246,USD,0.929446556822978
2026-03-25,BEPC.N,39.82,301017,USD,1.24586829392322
2026-03-25,BETR.OQ,31.42,102283,USD,9.89856593214411
2026-03-25,BFAM.N,79.74,227639,USD,0.872865275142312
2026-03-25,BFH.N,75.11,171393,USD,0.832326486776755
2026-03-25,BFb.N,23.49,865782,USD,3.02631578947367
2026-03-25,BG.N,125.4,526101,USD,1.05568538963656
2026-03-25,BGC.OQ,9.44,643218,USD,0.106044538706254
2026-03-25,BHE.N,59.03,102745,USD,-0.789915966386553
2026-03-25,BHF.OQ,60.54,165834,USD,0.464653169598409
2026-03-25,BHVN.N,8.61,458586,USD,2.62216924910607
2026-03-25,BIIB.OQ,189.18,299294,USD,2.84875502881375
2026-03-25,BILL.N,38.17,382363,USD,-0.857142857142853
2026-03-25,BIO.N,273.6,86470,USD,0.543877701014265
2026-03-25,BIPC.N,38.25,399762,USD,0.209588682211156
2026-03-25,BIRK.N,36.37,462400,USD,-0.301535087719297
2026-03-25,BJ.N,97.81,460043,USD,0.010224948875261
2026-03-25,BJRI.OQ,37.17,202975,USD,2.79314159292037
2026-03-25,BK.N,117.99,1476072,USD,0.076335877862586
2026-03-25,BKD.N,13.82,892343,USD,-0.931899641577054
2026-03-25,BKE.N,50.8,122759,USD,1.45795885759936
2026-03-25,BKH.N,68.85,183856,USD,0.437636761487961
2026-03-25,BKNG.OQ,4237.75,77011,USD,-1.23291342803537
2026-03-25,BKR.OQ,62.62,3802911,USD,-1.37029453457238
2026-03-25,BKSY.N,27.03,324094,USD,6.29178136059773
2026-03-25,BKU.N,45.35,196792,USD,1.54500671742052
2026-03-26,BALL.N,59.64,642909,USD,-1.82716049382716
2026-03-26,BAM.N,43.67,848449,USD,-0.04577706569008
2026-03-26,BANC.N,17.35,597031,USD,-0.573065902578784
2026-03-26,BANF.OQ,108.35,46092,USD,1.43706408275991
2026-03-26,BANR.OQ,60.36,100938,USD,0.499500499500495
2026-03-26,BATRK.OQ,42.16,120505,USD,-0.893276915843918
2026-03-26,BAX.N,16.67,4060655,USD,-2.62850467289719
2026-03-26,BBAI.N,3.32,3901212,USD,-6.74157303370787
2026-03-26,BBIO.OQ,72.58,464645,USD,1.35455941907555
2026-03-26,BBNX.OQ,11.52,438321,USD,1.85676392572944
2026-03-26,BBT.N,29.63,243429,USD,-0.470272085992612
2026-03-26,BBW.N,38.73,109483,USD,-1.715438950555
2026-03-26,BBWI.N,17.83,1193605,USD,-1.97910940076967
2026-03-26,BBY.N,63.21,1932008,USD,4.65231788079471
2026-03-26,BC.N,73.15,174874,USD,-0.286259541984724
2026-03-26,BCC.N,74.29,96310,USD,-0.482250502344272
2026-03-26,BCO.N,101.77,149459,USD,-0.46943765281174
2026-03-26,BCPC.OQ,166.39,44016,USD,-0.341399137517981
2026-03-26,BCRX.OQ,9.56,1936625,USD,1.70212765957447
2026-03-26,BDC.N,113.98,77635,USD,-4.23458242312216
2026-03-26,BDX.N,157.38,902456,USD,-0.562330195235998
2026-03-26,BE.N,133.52,1804324,USD,-11.1170283584077
2026-03-26,BEAM.OQ,23.62,887876,USD,2.16262975778547
2026-03-26,BELFB.OQ,204.11,67357,USD,-7.54631516963355
2026-03-26,BEN.N,23.59,1770706,USD,-1.25575554625367
2026-03-26,BEPC.N,39.4,586362,USD,-1.05474635861377
2026-03-26,BETR.OQ,33.12,131555,USD,5.4105665181413
2026-03-26,BFAM.N,81.2,304808,USD,1.83095058941561
2026-03-26,BFH.N,75.89,129722,USD,1.03847690054587
2026-03-26,BFb.N,25.74,5189228,USD,9.57854406130268
2026-03-26,BG.N,125.76,425854,USD,0.287081339712918
2026-03-26,BGC.OQ,9.46,508785,USD,0.211864406779675
2026-03-26,BHE.N,56.25,153835,USD,-4.70946976113841
2026-03-26,BHF.OQ,60.47,256486,USD,-0.11562603237529
2026-03-26,BHVN.N,8.92,485866,USD,3.60046457607434
2026-03-26,BIIB.OQ,191.06,309322,USD,0.993762554181201
2026-03-26,BILL.N,38.15,508137,USD,-0.052397170552798
2026-03-26,BIO.N,276.53,170714,USD,1.07090643274852
2026-03-26,BIPC.N,38.68,313243,USD,1.12418300653595
2026-03-26,BIRK.N,35.22,572394,USD,-3.16194665933461
2026-03-26,BJ.N,100.54,384396,USD,2.79112565177385
2026-03-26,BJRI.OQ,36.89,149259,USD,-0.753295668549909
2026-03-26,BK.N,116.65,904430,USD,-1.13568946520891
2026-03-26,BKD.N,13.73,830195,USD,-0.651230101302459
2026-03-26,BKE.N,49.64,186929,USD,-2.28346456692913
2026-03-26,BKH.N,68.47,336793,USD,-0.551924473493094
2026-03-26,BKNG.OQ,4213.76,87052,USD,-0.566102294849856
2026-03-26,BKR.OQ,62.36,3370751,USD,-0.415202810603638
2026-03-26,BKSY.N,28.14,374333,USD,4.10654827968923
2026-03-26,BKU.N,45.02,248807,USD,-0.727673649393602
2026-03-26,BALL.N,59.64,,USD,-1.82716049382716
2026-03-26,BAM.N,43.67,,USD,-0.04577706569008
2026-03-26,BANC.N,17.35,,USD,-0.573065902578784
2026-03-26,BANF.OQ,108.35,,USD,1.43706408275991
2026-03-26,BANR.OQ,60.36,,USD,0.499500499500495
2026-03-26,BATRK.OQ,42.16,,USD,-0.893276915843918
2026-03-26,BAX.N,16.67,,USD,-2.62850467289719
2026-03-26,BBAI.N,3.32,,USD,-6.74157303370787
2026-03-26,BBIO.OQ,72.58,,USD,1.35455941907555
2026-03-26,BBNX.OQ,11.52,,USD,1.85676392572944
2026-03-26,BBT.N,29.63,,USD,-0.470272085992612
2026-03-26,BBW.N,38.73,,USD,-1.715438950555
2026-03-26,BBWI.N,17.83,,USD,-1.97910940076967
2026-03-26,BBY.N,63.21,,USD,4.65231788079471
2026-03-26,BC.N,73.15,,USD,-0.286259541984724
2026-03-26,BCC.N,74.29,,USD,-0.482250502344272
2026-03-26,BCO.N,101.77,,USD,-0.46943765281174
2026-03-26,BCPC.OQ,166.39,,USD,-0.341399137517981
2026-03-26,BCRX.OQ,9.56,,USD,1.70212765957447
2026-03-26,BDC.N,113.98,,USD,-4.23458242312216
2026-03-26,BDX.N,157.38,,USD,-0.562330195235998
2026-03-26,BE.N,133.52,,USD,-11.1170283584077
2026-03-26,BEAM.OQ,23.62,,USD,2.16262975778547
2026-03-26,BELFB.OQ,204.11,,USD,-7.54631516963355
2026-03-26,BEN.N,23.59,,USD,-1.25575554625367
2026-03-26,BEPC.N,39.4,,USD,-1.05474635861377
2026-03-26,BETR.OQ,33.12,,USD,5.4105665181413
2026-03-26,BFAM.N,81.2,,USD,1.83095058941561
2026-03-26,BFH.N,75.89,,USD,1.03847690054587
2026-03-26,BFb.N,25.74,,USD,9.57854406130268
2026-03-26,BG.N,125.76,,USD,0.287081339712918
2026-03-26,BGC.OQ,9.46,,USD,0.211864406779675
2026-03-26,BHE.N,56.25,,USD,-4.70946976113841
2026-03-26,BHF.OQ,60.47,,USD,-0.11562603237529
2026-03-26,BHVN.N,8.92,,USD,3.60046457607434
2026-03-26,BIIB.OQ,191.06,,USD,0.993762554181201
2026-03-26,BILL.N,38.15,,USD,-0.052397170552798
2026-03-26,BIO.N,276.53,,USD,1.07090643274852
2026-03-26,BIPC.N,38.68,,USD,1.12418300653595
2026-03-26,BIRK.N,35.22,,USD,-3.16194665933461
2026-03-26,BJ.N,100.54,,USD,2.79112565177385
2026-03-26,BJRI.OQ,36.89,,USD,-0.753295668549909
2026-03-26,BK.N,116.65,,USD,-1.13568946520891
2026-03-26,BKD.N,13.73,,USD,-0.651230101302459
2026-03-26,BKE.N,49.64,,USD,-2.28346456692913
2026-03-26,BKH.N,68.47,,USD,-0.551924473493094
2026-03-26,BKNG.OQ,4213.76,,USD,-0.566102294849856
2026-03-26,BKR.OQ,62.36,,USD,-0.415202810603638
2026-03-26,BKSY.N,28.14,,USD,4.10654827968923
2026-03-26,BKU.N,45.02,,USD,-0.727673649393602
2026-03-27,BALL.N,,0,,
2026-03-27,BAM.N,,0,,
2026-03-27,BANC.N,,0,,
2026-03-27,BANF.OQ,,0,,
2026-03-27,BANR.OQ,,0,,
2026-03-27,BATRK.OQ,,0,,
2026-03-27,BAX.N,,0,,
2026-03-27,BBAI.N,,0,,
2026-03-27,BBIO.OQ,,0,,
2026-03-27,BBNX.OQ,,0,,
2026-03-27,BBT.N,,0,,
2026-03-27,BBW.N,,0,,
2026-03-27,BBWI.N,,0,,
2026-03-27,BBY.N,,0,,
2026-03-27,BC.N,,0,,
2026-03-27,BCC.N,,0,,
2026-03-27,BCO.N,,0,,
2026-03-27,BCPC.OQ,,0,,
2026-03-27,BCRX.OQ,,0,,
2026-03-27,BDC.N,,0,,
2026-03-27,BDX.N,,0,,
2026-03-27,BE.N,,0,,
2026-03-27,BEAM.OQ,,0,,
2026-03-27,BELFB.OQ,,0,,
2026-03-27,BEN.N,,0,,
2026-03-27,BEPC.N,,0,,
2026-03-27,BETR.OQ,,0,,
2026-03-27,BFAM.N,,0,,
2026-03-27,BFH.N,,0,,
2026-03-27,BFb.N,,0,,
2026-03-27,BG.N,,0,,
2026-03-27,BGC.OQ,,0,,
2026-03-27,BHE.N,,0,,
2026-03-27,BHF.OQ,,0,,
2026-03-27,BHVN.N,,0,,
2026-03-27,BIIB.OQ,,0,,
2026-03-27,BILL.N,,0,,
2026-03-27,BIO.N,,0,,
2026-03-27,BIPC.N,,0,,
2026-03-27,BIRK.N,,0,,
2026-03-27,BJ.N,,0,,
2026-03-27,BJRI.OQ,,0,,
2026-03-27,BK.N,,0,,
2026-03-27,BKD.N,,0,,
2026-03-27,BKE.N,,0,,
2026-03-27,BKH.N,,0,,
2026-03-27,BKNG.OQ,,0,,
2026-03-27,BKR.OQ,,0,,
2026-03-27,BKSY.N,,0,,
2026-03-27,BKU.N,,0,,
2026-03-24,BKV.N,29.42,303791,USD,1.86980609418283
2026-03-24,BL.OQ,37.46,474133,USD,-6.3968015992004
2026-03-24,BLBD.OQ,56.33,118043,USD,1.88099113763791
2026-03-24,BLD.N,351.22,112427,USD,1.21905530418745
2026-03-24,BLDR.N,83.94,493741,USD,-0.850460666194187
2026-03-24,BLK.N,976.06,156180,USD,0.151860288534538
2026-03-24,BLKB.OQ,40.83,258639,USD,-6.1810661764706
2026-03-24,BLMN.OQ,5.73,843244,USD,2.50447227191414
2026-03-24,BLSH.N,37.37,393275,USD,-5.51201011378002
2026-03-24,BMI.N,150.64,89751,USD,-2.07371774036275
2026-03-24,BMRN.OQ,54.09,665987,USD,-1.25958378970427
2026-03-24,BMY.N,57.39,2382347,USD,0.68421052631579
2026-03-24,BNL.N,18.71,807971,USD,0.429414922168555
2026-03-24,BOH.N,73.42,156242,USD,1.56314842993498
2026-03-24,BOKF.OQ,126.55,139922,USD,0.412600174561609
2026-03-24,BOOT.N,157.05,150030,USD,-2.56839754327191
2026-03-24,BORR.N,5.21,2538086,USD,3.57852882703777
2026-03-24,BOX.N,23.6,636123,USD,-3.75203915171288
2026-03-24,BPOP.OQ,133.09,224747,USD,1.00941105039467
2026-03-24,BR.N,164.63,563698,USD,-3.63498009833763
2026-03-24,BRBR.N,15.88,1127870,USD,-4.39494280553882
2026-03-24,BRKR.OQ,35.81,805133,USD,2.72518646012623
2026-03-24,BRKb.N,479.33,962604,USD,-0.135422309262893
2026-03-24,BRO.N,66.5,1298436,USD,-0.329736211031173
2026-03-24,BROS.N,52.67,836755,USD,0.457753194735842
2026-03-24,BRSL.N,13.02,338694,USD,-0.229885057471273
2026-03-24,BRX.N,28.72,978817,USD,-0.416088765603332
2026-03-24,BRZE.OQ,18.02,2106018,USD,-4.75687103594081
2026-03-24,BSX.N,68.15,3156190,USD,-1.99884958297383
2026-03-24,BSY.OQ,37.14,1332722,USD,-2.85116400732408
2026-03-24,BTBT.OQ,1.55,5576550,USD,-1.27388535031847
2026-03-24,BTDR.OQ,8.23,1641974,USD,-4.63499420625725
2026-03-24,BTSG.OQ,43.31,695584,USD,2.87410926365796
2026-03-24,BTU.N,38.19,1320467,USD,7.91183950268437
2026-03-24,BULL.OQ,5.13,1409995,USD,-3.38983050847457
2026-03-24,BUR.N,7.68,344072,USD,-1.66453265044814
2026-03-24,BURL.N,325.15,242614,USD,2.05907278947864
2026-03-24,BUSE.OQ,24.9,295692,USD,-0.638467677573823
2026-03-24,BWA.N,55.01,1098723,USD,1.66327850674552
2026-03-24,BWIN.OQ,22.09,766616,USD,-0.225835591689253
2026-03-24,BWXT.N,204.76,233095,USD,-0.043934586282648
2026-03-24,BX.N,107.98,1485886,USD,-1.25285779606766
2026-03-24,BXMT.N,18.56,401841,USD,-1.01333333333334
2026-03-24,BXP.N,52.9,550810,USD,-0.263951734539971
2026-03-24,BYD.N,84.47,454302,USD,3.08762509153039
2026-03-24,BYND.OQ,0.6868,1113719,USD,-4.61111111111111
2026-03-24,C.N,113.74,3077088,USD,1.88104621999283
2026-03-24,CABO.N,91.38,42045,USD,-2.50720153632776
2026-03-24,CACC.OQ,439.77,33380,USD,0.34912376779846
2026-03-24,CACI.N,576.71,50489,USD,-2.13311159380938
2026-03-25,BKV.N,30.14,216861,USD,2.44731475186947
2026-03-25,BL.OQ,37.07,348442,USD,-1.04111051788575
2026-03-25,BLBD.OQ,57.46,83085,USD,2.00603586011007
2026-03-25,BLD.N,364.37,100356,USD,3.74409202209441
2026-03-25,BLDR.N,85.41,489034,USD,1.75125089349535
2026-03-25,BLK.N,981.35,204848,USD,0.541974878593537
2026-03-25,BLKB.OQ,39.355,287888,USD,-3.61253979916728
2026-03-25,BLMN.OQ,5.62,719396,USD,-1.91972076788831
2026-03-25,BLSH.N,37.43,268579,USD,0.160556596200167
2026-03-25,BMI.N,153.37,72224,USD,1.81226765799258
2026-03-25,BMRN.OQ,55.59,730389,USD,2.77315585135885
2026-03-25,BMY.N,58.94,2348030,USD,2.70081895800662
2026-03-25,BNL.N,18.63,568230,USD,-0.427578834847685
2026-03-25,BOH.N,74.0,92367,USD,0.789975483519475
2026-03-25,BOKF.OQ,125.75,97409,USD,-0.63216120110628
2026-03-25,BOOT.N,157.1,118164,USD,0.0318369945877
2026-03-25,BORR.N,5.55,2174525,USD,6.52591170825336
2026-03-25,BOX.N,23.66,467238,USD,0.254237288135588
2026-03-25,BPOP.OQ,133.43,151652,USD,0.255466225862201
2026-03-25,BR.N,163.36,384321,USD,-0.771426835935116
2026-03-25,BRBR.N,15.5,1521562,USD,-2.39294710327456
2026-03-25,BRKR.OQ,35.8,652138,USD,-0.027925160569688
2026-03-25,BRKb.N,476.19,1646834,USD,-0.655081050633173
2026-03-25,BRO.N,64.29,1360034,USD,-3.32330827067668
2026-03-25,BROS.N,51.33,723422,USD,-2.54414277577369
2026-03-25,BRSL.N,12.94,417479,USD,-0.614439324116744
2026-03-25,BRX.N,28.71,619368,USD,-0.034818941504171
2026-03-25,BRZE.OQ,21.6,3568080,USD,19.8668146503885
2026-03-25,BSX.N,69.78,2562956,USD,2.39178283198825
2026-03-25,BSY.OQ,35.09,1304678,USD,-5.51965535810446
2026-03-25,BTBT.OQ,1.59,2348162,USD,2.58064516129032
2026-03-25,BTDR.OQ,8.6,2114796,USD,4.49574726609963
2026-03-25,BTSG.OQ,44.82,1095041,USD,3.48649272685292
2026-03-25,BTU.N,37.68,618304,USD,-1.33542812254516
2026-03-25,BULL.OQ,5.18,1574002,USD,0.974658869395708
2026-03-25,BUR.N,7.77,384724,USD,1.171875
2026-03-25,BURL.N,329.27,174534,USD,1.2671074888513
2026-03-25,BUSE.OQ,24.9,287201,USD,0.0
2026-03-25,BWA.N,56.12,877017,USD,2.01781494273768
2026-03-25,BWIN.OQ,21.24,1104704,USD,-3.84789497510186
2026-03-25,BWXT.N,222.13,334059,USD,8.48310216839227
2026-03-25,BX.N,108.38,968432,USD,0.370438970179655
2026-03-25,BXMT.N,19.0,388242,USD,2.37068965517242
2026-03-25,BXP.N,52.84,497320,USD,-0.113421550094509
2026-03-25,BYD.N,84.87,306065,USD,0.473540902095425
2026-03-25,BYND.OQ,0.6958,1976388,USD,1.31042516016308
2026-03-25,C.N,114.48,2591101,USD,0.650606646738183
2026-03-25,CABO.N,96.24,26900,USD,5.31845042678923
2026-03-25,CACC.OQ,443.91,19824,USD,0.941401186984115
2026-03-25,CACI.N,578.94,36004,USD,0.386676145723157
2026-03-26,BKV.N,29.51,330358,USD,-2.09024552090245
2026-03-26,BL.OQ,37.56,453069,USD,1.32182357701646
2026-03-26,BLBD.OQ,56.6,83518,USD,-1.49669335189697
2026-03-26,BLD.N,347.81,83655,USD,-4.54483080385323
2026-03-26,BLDR.N,82.17,389111,USD,-3.79346680716543
2026-03-26,BLK.N,968.46,158324,USD,-1.3134967137107
2026-03-26,BLKB.OQ,39.34,313913,USD,-0.038114597890976
2026-03-26,BLMN.OQ,5.52,462194,USD,-1.77935943060499
2026-03-26,BLSH.N,36.44,274010,USD,-2.64493721613679
2026-03-26,BMI.N,151.18,63187,USD,-1.42791941057573
2026-03-26,BMRN.OQ,55.55,407477,USD,-0.071955387659662
2026-03-26,BMY.N,59.43,2367874,USD,0.831353919239908
2026-03-26,BNL.N,18.67,354236,USD,0.214707461084287
2026-03-26,BOH.N,74.01,81063,USD,0.01351351351352
2026-03-26,BOKF.OQ,126.21,100884,USD,0.365805168986078
2026-03-26,BOOT.N,152.83,122385,USD,-2.71801400381921
2026-03-26,BORR.N,5.92,2858054,USD,6.66666666666667
2026-03-26,BOX.N,23.82,470767,USD,0.676246830092985
2026-03-26,BPOP.OQ,132.77,157608,USD,-0.494641384995875
2026-03-26,BR.N,159.83,394849,USD,-2.16087169441724
2026-03-26,BRBR.N,15.14,1506381,USD,-2.32258064516129
2026-03-26,BRKR.OQ,35.34,654744,USD,-1.2849162011173
2026-03-26,BRKb.N,475.27,1343052,USD,-0.193200193200197
2026-03-26,BRO.N,65.14,1625202,USD,1.32213407995022
2026-03-26,BROS.N,48.02,832971,USD,-6.44847067991427
2026-03-26,BRSL.N,12.88,524690,USD,-0.463678516228738
2026-03-26,BRX.N,28.64,352616,USD,-0.243817485196797
2026-03-26,BRZE.OQ,23.31,2659634,USD,7.91666666666665
2026-03-26,BSX.N,70.17,2602702,USD,0.558899398108341
2026-03-26,BSY.OQ,36.2,1836630,USD,3.16329438586492
2026-03-26,BTBT.OQ,1.44,2530250,USD,-9.43396226415095
2026-03-26,BTDR.OQ,8.71,3368155,USD,1.27906976744187
2026-03-26,BTSG.OQ,42.83,961242,USD,-4.43998215082553
2026-03-26,BTU.N,37.43,862380,USD,-0.66348195329087
2026-03-26,BULL.OQ,5.05,1879024,USD,-2.50965250965251
2026-03-26,BUR.N,7.83,442393,USD,0.772200772200779
2026-03-26,BURL.N,320.21,139583,USD,-2.75154128830443
2026-03-26,BUSE.OQ,24.96,197074,USD,0.240963855421696
2026-03-26,BWA.N,54.76,790642,USD,-2.42337847469708
2026-03-26,BWIN.OQ,21.68,1118942,USD,2.07156308851225
2026-03-26,BWXT.N,205.09,276551,USD,-7.67118354116958
2026-03-26,BX.N,109.63,1316581,USD,1.15334932644399
2026-03-26,BXMT.N,19.19,437329,USD,1.00000000000001
2026-03-26,BXP.N,53.16,658920,USD,0.605601816805438
2026-03-26,BYD.N,82.94,209463,USD,-2.27406621892307
2026-03-26,BYND.OQ,0.65,1321850,USD,-6.58235125035929
2026-03-26,C.N,112.41,2835956,USD,-1.80817610062894
2026-03-26,CABO.N,95.1,24008,USD,-1.18453865336658
2026-03-26,CACC.OQ,442.845,30914,USD,-0.239913495978914
2026-03-26,CACI.N,579.84,54458,USD,0.15545652399212
2026-03-26,BKV.N,29.51,,USD,-2.09024552090245
2026-03-26,BL.OQ,37.56,,USD,1.32182357701646
2026-03-26,BLBD.OQ,56.6,,USD,-1.49669335189697
2026-03-26,BLD.N,347.81,,USD,-4.54483080385323
2026-03-26,BLDR.N,82.17,,USD,-3.79346680716543
2026-03-26,BLK.N,968.46,,USD,-1.3134967137107
2026-03-26,BLKB.OQ,39.34,,USD,-0.038114597890976
2026-03-26,BLMN.OQ,5.52,,USD,-1.77935943060499
2026-03-26,BLSH.N,36.44,,USD,-2.64493721613679
2026-03-26,BMI.N,151.18,,USD,-1.42791941057573
2026-03-26,BMRN.OQ,55.55,,USD,-0.071955387659662
2026-03-26,BMY.N,59.43,,USD,0.831353919239908
2026-03-26,BNL.N,18.67,,USD,0.214707461084287
2026-03-26,BOH.N,74.01,,USD,0.01351351351352
2026-03-26,BOKF.OQ,126.21,,USD,0.365805168986078
2026-03-26,BOOT.N,152.83,,USD,-2.71801400381921
2026-03-26,BORR.N,5.92,,USD,6.66666666666667
2026-03-26,BOX.N,23.82,,USD,0.676246830092985
2026-03-26,BPOP.OQ,132.77,,USD,-0.494641384995875
2026-03-26,BR.N,159.83,,USD,-2.16087169441724
2026-03-26,BRBR.N,15.14,,USD,-2.32258064516129
2026-03-26,BRKR.OQ,35.34,,USD,-1.2849162011173
2026-03-26,BRKb.N,475.27,,USD,-0.193200193200197
2026-03-26,BRO.N,65.14,,USD,1.32213407995022
2026-03-26,BROS.N,48.02,,USD,-6.44847067991427
2026-03-26,BRSL.N,12.88,,USD,-0.463678516228738
2026-03-26,BRX.N,28.64,,USD,-0.243817485196797
2026-03-26,BRZE.OQ,23.31,,USD,7.91666666666665
2026-03-26,BSX.N,70.17,,USD,0.558899398108341
2026-03-26,BSY.OQ,36.2,,USD,3.16329438586492
2026-03-26,BTBT.OQ,1.44,,USD,-9.43396226415095
2026-03-26,BTDR.OQ,8.71,,USD,1.27906976744187
2026-03-26,BTSG.OQ,42.83,,USD,-4.43998215082553
2026-03-26,BTU.N,37.43,,USD,-0.66348195329087
2026-03-26,BULL.OQ,5.05,,USD,-2.50965250965251
2026-03-26,BUR.N,7.83,,USD,0.772200772200779
2026-03-26,BURL.N,320.21,,USD,-2.75154128830443
2026-03-26,BUSE.OQ,24.96,,USD,0.240963855421696
2026-03-26,BWA.N,54.76,,USD,-2.42337847469708
2026-03-26,BWIN.OQ,21.68,,USD,2.07156308851225
2026-03-26,BWXT.N,205.09,,USD,-7.67118354116958
2026-03-26,BX.N,109.63,,USD,1.15334932644399
2026-03-26,BXMT.N,19.19,,USD,1.00000000000001
2026-03-26,BXP.N,53.16,,USD,0.605601816805438
2026-03-26,BYD.N,82.94,,USD,-2.27406621892307
2026-03-26,BYND.OQ,0.65,,USD,-6.58235125035929
2026-03-26,C.N,112.41,,USD,-1.80817610062894
2026-03-26,CABO.N,95.1,,USD,-1.18453865336658
2026-03-26,CACC.OQ,442.845,,USD,-0.239913495978914
2026-03-26,CACI.N,579.84,,USD,0.15545652399212
2026-03-27,BKV.N,,0,,
2026-03-27,BL.OQ,,0,,
2026-03-27,BLBD.OQ,,0,,
2026-03-27,BLD.N,,0,,
2026-03-27,BLDR.N,,0,,
2026-03-27,BLK.N,,0,,
2026-03-27,BLKB.OQ,,0,,
2026-03-27,BLMN.OQ,,0,,
2026-03-27,BLSH.N,,0,,
2026-03-27,BMI.N,,0,,
2026-03-27,BMRN.OQ,,0,,
2026-03-27,BMY.N,,0,,
2026-03-27,BNL.N,,0,,
2026-03-27,BOH.N,,0,,
2026-03-27,BOKF.OQ,,0,,
2026-03-27,BOOT.N,,0,,
2026-03-27,BORR.N,,0,,
2026-03-27,BOX.N,,0,,
2026-03-27,BPOP.OQ,,0,,
2026-03-27,BR.N,,0,,
2026-03-27,BRBR.N,,0,,
2026-03-27,BRKR.OQ,,0,,
2026-03-27,BRKb.N,,0,,
2026-03-27,BRO.N,,0,,
2026-03-27,BROS.N,,0,,
2026-03-27,BRSL.N,,0,,
2026-03-27,BRX.N,,0,,
2026-03-27,BRZE.OQ,,0,,
2026-03-27,BSX.N,,0,,
2026-03-27,BSY.OQ,,0,,
2026-03-27,BTBT.OQ,,0,,
2026-03-27,BTDR.OQ,,0,,
2026-03-27,BTSG.OQ,,0,,
2026-03-27,BTU.N,,0,,
2026-03-27,BULL.OQ,,0,,
2026-03-27,BUR.N,,0,,
2026-03-27,BURL.N,,0,,
2026-03-27,BUSE.OQ,,0,,
2026-03-27,BWA.N,,0,,
2026-03-27,BWIN.OQ,,0,,
2026-03-27,BWXT.N,,0,,
2026-03-27,BX.N,,0,,
2026-03-27,BXMT.N,,0,,
2026-03-27,BXP.N,,0,,
2026-03-27,BYD.N,,0,,
2026-03-27,BYND.OQ,,0,,
2026-03-27,C.N,,0,,
2026-03-27,CABO.N,,0,,
2026-03-27,CACC.OQ,,0,,
2026-03-27,CACI.N,,0,,
2026-03-24,CAG.N,15.56,2541759,USD,0.646830530401032
2026-03-24,CAH.N,207.23,727405,USD,0.402131782945729
2026-03-24,CAI.OQ,19.24,1984120,USD,-0.103842159916942
2026-03-24,CAKE.OQ,56.99,363648,USD,0.831564048124556
2026-03-24,CALM.OQ,78.6,271576,USD,1.98520825223823
2026-03-24,CALX.N,53.32,219264,USD,1.48458317472402
2026-03-24,CALY.N,13.67,549808,USD,1.8628912071535
2026-03-24,CAPR.OQ,28.87,344947,USD,-4.08637873754153
2026-03-24,CAR.OQ,117.49,254592,USD,9.51715137956748
2026-03-24,CARG.OQ,34.83,562180,USD,1.39737991266375
2026-03-24,CARR.N,58.58,2196076,USD,0.480274442538596
2026-03-24,CART.OQ,36.3,1692360,USD,-4.77439664218258
2026-03-24,CASH.OQ,90.8,109762,USD,-0.504054350208205
2026-03-24,CASY.OQ,689.04,151654,USD,1.77542760922868
2026-03-24,CAT.N,716.63,599409,USD,2.12768989596693
2026-03-24,CATY.OQ,48.97,217940,USD,0.533771299527814
2026-03-24,CAVA.N,84.43,600766,USD,-3.03204318364533
2026-03-24,CB.N,325.61,334038,USD,-0.232864540245731
2026-03-24,CBOE.Z,283.09,217392,USD,0.880193856460684
2026-03-24,CBRE.N,132.92,693495,USD,-2.08471454880296
2026-03-24,CBRL.OQ,27.23,443785,USD,1.07646622123237
2026-03-24,CBSH.OQ,48.44,729169,USD,0.706860706860699
2026-03-24,CBT.N,70.71,130358,USD,3.28659070990359
2026-03-24,CBU.N,57.31,91580,USD,0.087320991966476
2026-03-24,CBZ.N,25.14,577170,USD,-5.8074185088048
2026-03-24,CC.N,20.37,797761,USD,10.1081081081081
2026-03-24,CCB.OQ,76.84,40910,USD,-0.375988590691031
2026-03-24,CCC.OQ,6.12,5281074,USD,-0.970873786407761
2026-03-24,CCI.N,78.59,1114228,USD,-3.36899053239886
2026-03-24,CCK.N,101.55,346039,USD,0.704085680285595
2026-03-24,CCL.N,25.47,5995175,USD,0.078585461689586
2026-03-24,CCOI.OQ,18.27,320805,USD,-3.07692307692309
2026-03-24,CCS.N,57.58,88548,USD,0.139130434782606
2026-03-24,CDE.N,18.31,47480471,USD,2.34768026830631
2026-03-24,CDNA.OQ,17.84,354825,USD,1.59453302961276
2026-03-24,CDNS.OQ,284.32,866547,USD,-2.8032271297689
2026-03-24,CDP.N,31.5,389137,USD,-0.031735956839104
2026-03-24,CDW.OQ,121.9,702516,USD,1.44806924101199
2026-03-24,CE.N,60.8,740794,USD,8.31997149474433
2026-03-24,CECO.OQ,62.04,230558,USD,6.21468926553673
2026-03-24,CEG.OQ,294.85,806898,USD,1.75662617338488
2026-03-24,CELC.OQ,102.01,204794,USD,-4.44028103044496
2026-03-24,CELH.OQ,37.045,4205945,USD,-6.56998738965951
2026-03-24,CENX.OQ,50.23,975773,USD,8.06798623063683
2026-03-24,CERT.OQ,6.25,1050778,USD,-1.57480314960629
2026-03-24,CEVA.OQ,19.09,129757,USD,1.32696390658174
2026-03-24,CF.N,126.92,1332616,USD,5.6082542852388
2026-03-24,CFG.N,58.94,2152022,USD,1.65574335977924
2026-03-24,CFR.N,134.79,152421,USD,0.89071856287425
2026-03-24,CG.OQ,47.26,1274439,USD,-0.88087248322148
2026-03-25,CAG.N,15.32,3146976,USD,-1.54241645244216
2026-03-25,CAH.N,211.31,517611,USD,1.96882690730107
2026-03-25,CAI.OQ,18.56,732741,USD,-3.53430353430353
2026-03-25,CAKE.OQ,56.32,331600,USD,-1.17564484997368
2026-03-25,CALM.OQ,78.11,250046,USD,-0.62340966921119
2026-03-25,CALX.N,52.76,248797,USD,-1.05026256564142
2026-03-25,CALY.N,13.64,533604,USD,-0.219458668617406
2026-03-25,CAPR.OQ,29.9,406110,USD,3.5677173536543
2026-03-25,CAR.OQ,123.56,331403,USD,5.16639714018215
2026-03-25,CARG.OQ,35.45,415357,USD,1.78007464829172
2026-03-25,CARR.N,59.25,1566162,USD,1.14373506316149
2026-03-25,CART.OQ,36.37,837372,USD,0.192837465564739
2026-03-25,CASH.OQ,88.64,102168,USD,-2.37885462555066
2026-03-25,CASY.OQ,714.23,259431,USD,3.6558109833972
2026-03-25,CAT.N,719.04,413439,USD,0.3362962756234
2026-03-25,CATY.OQ,49.5,154248,USD,1.08229528282622
2026-03-25,CAVA.N,80.29,1239921,USD,-4.90347033045126
2026-03-25,CB.N,323.21,418959,USD,-0.737078099566977
2026-03-25,CBOE.Z,277.04,269075,USD,-2.13712953477691
2026-03-25,CBRE.N,134.75,620957,USD,1.3767679807403
2026-03-25,CBRL.OQ,27.9,400420,USD,2.46052148365772
2026-03-25,CBSH.OQ,48.54,383770,USD,0.206440957886048
2026-03-25,CBT.N,72.74,94386,USD,2.8708810634988
2026-03-25,CBU.N,57.61,66442,USD,0.523468853603206
2026-03-25,CBZ.N,25.59,443974,USD,1.78997613365155
2026-03-25,CC.N,20.77,569797,USD,1.96367206676484
2026-03-25,CCB.OQ,76.15,47487,USD,-0.89796980739198
2026-03-25,CCC.OQ,5.97,3976599,USD,-2.45098039215687
2026-03-25,CCI.N,76.96,1352107,USD,-2.07405522331087
2026-03-25,CCK.N,103.21,260820,USD,1.63466272772033
2026-03-25,CCL.N,25.73,5390984,USD,1.02080879466039
2026-03-25,CCOI.OQ,18.34,257142,USD,0.383141762452109
2026-03-25,CCS.N,57.46,73072,USD,-0.208405696422364
2026-03-25,CDE.N,17.84,8111381,USD,-2.56690333151283
2026-03-25,CDNA.OQ,18.08,307612,USD,1.34529147982062
2026-03-25,CDNS.OQ,281.39,979610,USD,-1.03052898142938
2026-03-25,CDP.N,31.42,270368,USD,-0.253968253968249
2026-03-25,CDW.OQ,121.3,626700,USD,-0.492206726825274
2026-03-25,CE.N,62.66,384041,USD,3.05921052631579
2026-03-25,CECO.OQ,62.08,211269,USD,0.064474532559638
2026-03-25,CEG.OQ,303.32,839718,USD,2.87264710869933
2026-03-25,CELC.OQ,110.22,272564,USD,8.04823056563081
2026-03-25,CELH.OQ,35.93,2285473,USD,-3.00985288163045
2026-03-25,CENX.OQ,50.19,399750,USD,-0.079633685048774
2026-03-25,CERT.OQ,6.1,1561980,USD,-2.40000000000001
2026-03-25,CEVA.OQ,19.42,103562,USD,1.72865374541646
2026-03-25,CF.N,128.11,912387,USD,0.937598487236064
2026-03-25,CFG.N,59.42,1082642,USD,0.814387512724812
2026-03-25,CFR.N,135.33,108872,USD,0.400623191631442
2026-03-25,CG.OQ,47.01,766429,USD,-0.528988573846805
2026-03-26,CAG.N,15.2,3240049,USD,-0.783289817232382
2026-03-26,CAH.N,207.7,592131,USD,-1.70839051630307
2026-03-26,CAI.OQ,18.33,469716,USD,-1.23922413793104
2026-03-26,CAKE.OQ,55.33,271532,USD,-1.7578125
2026-03-26,CALM.OQ,78.7,227643,USD,0.755345026245043
2026-03-26,CALX.N,51.02,227684,USD,-3.29795299469294
2026-03-26,CALY.N,13.37,475615,USD,-1.97947214076247
2026-03-26,CAPR.OQ,29.95,262514,USD,0.167224080267561
2026-03-26,CAR.OQ,139.58,1067052,USD,12.9653609582389
2026-03-26,CARG.OQ,35.66,462789,USD,0.59238363892805
2026-03-26,CARR.N,54.67,2852364,USD,-7.72995780590717
2026-03-26,CART.OQ,36.29,821444,USD,-0.219961506736316
2026-03-26,CASH.OQ,88.82,75938,USD,0.203068592057753
2026-03-26,CASY.OQ,711.81,137440,USD,-0.33882642846143
2026-03-26,CAT.N,703.19,656068,USD,-2.20432799287938
2026-03-26,CATY.OQ,49.6,162680,USD,0.202020202020205
2026-03-26,CAVA.N,78.9,651363,USD,-1.73122431186947
2026-03-26,CB.N,324.31,379081,USD,0.340336004455315
2026-03-26,CBOE.Z,279.79,251043,USD,0.99263644239099
2026-03-26,CBRE.N,134.81,480379,USD,0.04452690166976
2026-03-26,CBRL.OQ,27.8,243887,USD,-0.358422939068093
2026-03-26,CBSH.OQ,48.99,345450,USD,0.927070457354765
2026-03-26,CBT.N,73.86,114008,USD,1.53973054715425
2026-03-26,CBU.N,57.91,55944,USD,0.520742926575242
2026-03-26,CBZ.N,26.88,338700,USD,5.04103165298945
2026-03-26,CC.N,21.58,793599,USD,3.89985556090515
2026-03-26,CCB.OQ,74.86,30074,USD,-1.6940249507551
2026-03-26,CCC.OQ,6.0,3217591,USD,0.502512562814074
2026-03-26,CCI.N,77.97,859859,USD,1.31237006237007
2026-03-26,CCK.N,101.69,163680,USD,-1.47272551109388
2026-03-26,CCL.N,25.28,4762790,USD,-1.74893120870579
2026-03-26,CCOI.OQ,17.92,300746,USD,-2.29007633587785
2026-03-26,CCS.N,57.33,64631,USD,-0.226244343891407
2026-03-26,CDE.N,16.17,9772538,USD,-9.36098654708519
2026-03-26,CDNA.OQ,17.47,426956,USD,-3.37389380530973
2026-03-26,CDNS.OQ,280.62,652171,USD,-0.273641565087594
2026-03-26,CDP.N,31.32,201773,USD,-0.318268618714199
2026-03-26,CDW.OQ,121.18,689020,USD,-0.098928276999168
2026-03-26,CE.N,61.54,596302,USD,-1.78742419406319
2026-03-26,CECO.OQ,61.09,250203,USD,-1.59471649484535
2026-03-26,CEG.OQ,295.19,1087954,USD,-2.68033759725702
2026-03-26,CELC.OQ,114.81,758120,USD,4.16439847577572
2026-03-26,CELH.OQ,35.59,1850361,USD,-0.946284441970488
2026-03-26,CENX.OQ,48.4,557395,USD,-3.56644749950189
2026-03-26,CERT.OQ,6.14,1588430,USD,0.655737704918033
2026-03-26,CEVA.OQ,18.82,90155,USD,-3.08959835221422
2026-03-26,CF.N,132.56,828871,USD,3.47357739442666
2026-03-26,CFG.N,58.56,1078102,USD,-1.44732413328845
2026-03-26,CFR.N,136.38,89578,USD,0.77588117933938
2026-03-26,CG.OQ,46.77,722574,USD,-0.510529674537322
2026-03-26,CAG.N,15.2,,USD,-0.783289817232382
2026-03-26,CAH.N,207.7,,USD,-1.70839051630307
2026-03-26,CAI.OQ,18.33,,USD,-1.23922413793104
2026-03-26,CAKE.OQ,55.33,,USD,-1.7578125
2026-03-26,CALM.OQ,78.7,,USD,0.755345026245043
2026-03-26,CALX.N,51.02,,USD,-3.29795299469294
2026-03-26,CALY.N,13.37,,USD,-1.97947214076247
2026-03-26,CAPR.OQ,29.95,,USD,0.167224080267561
2026-03-26,CAR.OQ,139.58,,USD,12.9653609582389
2026-03-26,CARG.OQ,35.66,,USD,0.59238363892805
2026-03-26,CARR.N,54.67,,USD,-7.72995780590717
2026-03-26,CART.OQ,36.29,,USD,-0.219961506736316
2026-03-26,CASH.OQ,88.82,,USD,0.203068592057753
2026-03-26,CASY.OQ,711.81,,USD,-0.33882642846143
2026-03-26,CAT.N,703.19,,USD,-2.20432799287938
2026-03-26,CATY.OQ,49.6,,USD,0.202020202020205
2026-03-26,CAVA.N,78.9,,USD,-1.73122431186947
2026-03-26,CB.N,324.31,,USD,0.340336004455315
2026-03-26,CBOE.Z,279.79,,USD,0.99263644239099
2026-03-26,CBRE.N,134.81,,USD,0.04452690166976
2026-03-26,CBRL.OQ,27.8,,USD,-0.358422939068093
2026-03-26,CBSH.OQ,48.99,,USD,0.927070457354765
2026-03-26,CBT.N,73.86,,USD,1.53973054715425
2026-03-26,CBU.N,57.91,,USD,0.520742926575242
2026-03-26,CBZ.N,26.88,,USD,5.04103165298945
2026-03-26,CC.N,21.58,,USD,3.89985556090515
2026-03-26,CCB.OQ,74.86,,USD,-1.6940249507551
2026-03-26,CCC.OQ,6.0,,USD,0.502512562814074
2026-03-26,CCI.N,77.97,,USD,1.31237006237007
2026-03-26,CCK.N,101.69,,USD,-1.47272551109388
2026-03-26,CCL.N,25.28,,USD,-1.74893120870579
2026-03-26,CCOI.OQ,17.92,,USD,-2.29007633587785
2026-03-26,CCS.N,57.33,,USD,-0.226244343891407
2026-03-26,CDE.N,16.17,,USD,-9.36098654708519
2026-03-26,CDNA.OQ,17.47,,USD,-3.37389380530973
2026-03-26,CDNS.OQ,280.62,,USD,-0.273641565087594
2026-03-26,CDP.N,31.32,,USD,-0.318268618714199
2026-03-26,CDW.OQ,121.18,,USD,-0.098928276999168
2026-03-26,CE.N,61.54,,USD,-1.78742419406319
2026-03-26,CECO.OQ,61.09,,USD,-1.59471649484535
2026-03-26,CEG.OQ,295.19,,USD,-2.68033759725702
2026-03-26,CELC.OQ,114.81,,USD,4.16439847577572
2026-03-26,CELH.OQ,35.59,,USD,-0.946284441970488
2026-03-26,CENX.OQ,48.4,,USD,-3.56644749950189
2026-03-26,CERT.OQ,6.14,,USD,0.655737704918033
2026-03-26,CEVA.OQ,18.82,,USD,-3.08959835221422
2026-03-26,CF.N,132.56,,USD,3.47357739442666
2026-03-26,CFG.N,58.56,,USD,-1.44732413328845
2026-03-26,CFR.N,136.38,,USD,0.77588117933938
2026-03-26,CG.OQ,46.77,,USD,-0.510529674537322
2026-03-27,CAG.N,,0,,
2026-03-27,CAH.N,,0,,
2026-03-27,CAI.OQ,,0,,
2026-03-27,CAKE.OQ,,0,,
2026-03-27,CALM.OQ,,0,,
2026-03-27,CALX.N,,0,,
2026-03-27,CALY.N,,0,,
2026-03-27,CAPR.OQ,,0,,
2026-03-27,CAR.OQ,,0,,
2026-03-27,CARG.OQ,,0,,
2026-03-27,CARR.N,,0,,
2026-03-27,CART.OQ,,0,,
2026-03-27,CASH.OQ,,0,,
2026-03-27,CASY.OQ,,0,,
2026-03-27,CAT.N,,0,,
2026-03-27,CATY.OQ,,0,,
2026-03-27,CAVA.N,,0,,
2026-03-27,CB.N,,0,,
2026-03-27,CBOE.Z,,0,,
2026-03-27,CBRE.N,,0,,
2026-03-27,CBRL.OQ,,0,,
2026-03-27,CBSH.OQ,,0,,
2026-03-27,CBT.N,,0,,
2026-03-27,CBU.N,,0,,
2026-03-27,CBZ.N,,0,,
2026-03-27,CC.N,,0,,
2026-03-27,CCB.OQ,,0,,
2026-03-27,CCC.OQ,,0,,
2026-03-27,CCI.N,,0,,
2026-03-27,CCK.N,,0,,
2026-03-27,CCL.N,,0,,
2026-03-27,CCOI.OQ,,0,,
2026-03-27,CCS.N,,0,,
2026-03-27,CDE.N,,0,,
2026-03-27,CDNA.OQ,,0,,
2026-03-27,CDNS.OQ,,0,,
2026-03-27,CDP.N,,0,,
2026-03-27,CDW.OQ,,0,,
2026-03-27,CE.N,,0,,
2026-03-27,CECO.OQ,,0,,
2026-03-27,CEG.OQ,,0,,
2026-03-27,CELC.OQ,,0,,
2026-03-27,CELH.OQ,,0,,
2026-03-27,CENX.OQ,,0,,
2026-03-27,CERT.OQ,,0,,
2026-03-27,CEVA.OQ,,0,,
2026-03-27,CF.N,,0,,
2026-03-27,CFG.N,,0,,
2026-03-27,CFR.N,,0,,
2026-03-27,CG.OQ,,0,,
2026-03-24,CGNX.OQ,51.01,621105,USD,0.413385826771655
2026-03-24,CGON.OQ,63.84,341245,USD,-1.72413793103447
2026-03-24,CHD.N,93.87,718553,USD,-0.824088748019018
2026-03-24,CHDN.OQ,86.05,361971,USD,1.68990782320963
2026-03-24,CHE.N,373.89,65800,USD,0.125863638798128
2026-03-24,CHEF.OQ,59.57,109418,USD,2.42434662998625
2026-03-24,CHH.N,99.0,116148,USD,-0.881057268722462
2026-03-24,CHRD.OQ,136.99,320994,USD,4.77246653919695
2026-03-24,CHRW.OQ,169.2,400399,USD,1.41452888995444
2026-03-24,CHTR.OQ,217.6,385669,USD,0.457042611144444
2026-03-24,CHWY.N,23.45,3448394,USD,-0.593471810089023
2026-03-24,CI.N,265.87,355214,USD,1.67501625301159
2026-03-24,CIEN.N,429.38,1122522,USD,5.26599656778623
2026-03-24,CIFR.OQ,14.88,5592042,USD,-0.067159167226325
2026-03-24,CINF.OQ,158.27,259202,USD,-0.611773518946244
2026-03-24,CL.N,84.53,1747261,USD,-0.728126834997069
2026-03-24,CLDX.OQ,31.19,511063,USD,-1.91823899371069
2026-03-24,CLF.N,8.31,3546150,USD,3.48692403486925
2026-03-24,CLH.N,285.2,141689,USD,-0.314575323313539
2026-03-24,CLMT.OQ,29.25,410616,USD,4.24091233071989
2026-03-24,CLSK.OQ,9.58,3904784,USD,-4.00801603206413
2026-03-24,CLX.N,103.07,631970,USD,-2.65394786550812
2026-03-24,CMC.N,63.81,420858,USD,3.11893988364577
2026-03-24,CMCSA.OQ,29.22,6213519,USD,0.723888314374344
2026-03-24,CME.OQ,302.68,612169,USD,-1.26565762004175
2026-03-24,CMG.N,32.76,5519591,USD,-1.79856115107914
2026-03-24,CMI.N,554.75,190903,USD,1.18559051527588
2026-03-24,CMS.N,75.34,1352499,USD,0.964888769766817
2026-03-24,CNA.N,45.76,158710,USD,0.615655233069484
2026-03-24,CNC.N,32.98,1964177,USD,0.51813471502589
2026-03-24,CNH.N,10.74,5130045,USD,2.77511961722489
2026-03-24,CNK.N,28.15,439730,USD,1.22258180510608
2026-03-24,CNM.N,50.58,1173194,USD,4.48254492873374
2026-03-24,CNMD.N,36.56,115489,USD,-0.191100191100192
2026-03-24,CNO.N,40.63,232834,USD,0.222002960039476
2026-03-24,CNP.N,41.88,1536440,USD,0.287356321839091
2026-03-24,CNR.N,109.68,306712,USD,6.33058652447891
2026-03-24,CNS.N,63.09,99299,USD,-0.645669291338577
2026-03-24,CNX.N,40.46,1035604,USD,-0.442913385826771
2026-03-24,CNXC.OQ,26.48,2290688,USD,-19.8547215496368
2026-03-24,COCO.OQ,54.71,5156711,USD,-1.90066343912498
2026-03-24,COF.N,184.64,1587251,USD,0.347826086956514
2026-03-24,COGT.OQ,34.96,1008363,USD,-1.27082744987291
2026-03-24,COHR.N,272.33,2403126,USD,6.7751421289943
2026-03-24,COHU.OQ,31.88,256891,USD,5.42328042328043
2026-03-24,COIN.OQ,181.04,5684184,USD,-9.75974479114745
2026-03-24,COKE.OQ,185.45,323694,USD,-1.560592388131
2026-03-24,COLB.OQ,27.4,1348564,USD,1.97245999255675
2026-03-24,COLD.N,11.33,1102531,USD,0.532386867790599
2026-03-24,COLL.OQ,33.23,263793,USD,-4.33280552756586
2026-03-25,CGNX.OQ,51.61,602894,USD,1.1762399529504
2026-03-25,CGON.OQ,65.81,286442,USD,3.08583959899749
2026-03-25,CHD.N,94.38,719997,USD,0.543304570150198
2026-03-25,CHDN.OQ,87.2,354967,USD,1.33643230679838
2026-03-25,CHE.N,374.02,71603,USD,0.034769584637192
2026-03-25,CHEF.OQ,60.84,120667,USD,2.13194561020648
2026-03-25,CHH.N,99.38,128894,USD,0.383838383838379
2026-03-25,CHRD.OQ,138.26,292547,USD,0.927074968975824
2026-03-25,CHRW.OQ,169.74,696828,USD,0.319148936170225
2026-03-25,CHTR.OQ,218.91,367263,USD,0.60202205882353
2026-03-25,CHWY.N,26.57,3938602,USD,13.3049040511727
2026-03-25,CI.N,270.36,342066,USD,1.68879527588672
2026-03-25,CIEN.N,437.7,579673,USD,1.93767758162932
2026-03-25,CIFR.OQ,15.88,7611409,USD,6.72043010752688
2026-03-25,CINF.OQ,155.45,271372,USD,-1.78176533771405
2026-03-25,CL.N,85.49,1829499,USD,1.13569147048384
2026-03-25,CLDX.OQ,31.68,252064,USD,1.57101635139467
2026-03-25,CLF.N,8.54,3105717,USD,2.76774969915762
2026-03-25,CLH.N,288.29,117273,USD,1.08345021037869
2026-03-25,CLMT.OQ,29.99,408526,USD,2.52991452991452
2026-03-25,CLSK.OQ,9.96,5222546,USD,3.96659707724427
2026-03-25,CLX.N,104.76,483606,USD,1.63966236538276
2026-03-25,CMC.N,62.41,576825,USD,-2.19401347751137
2026-03-25,CMCSA.OQ,28.73,6791092,USD,-1.67693360711841
2026-03-25,CME.OQ,293.93,1112403,USD,-2.89084181313599
2026-03-25,CMG.N,32.5,3076400,USD,-0.793650793650788
2026-03-25,CMI.N,553.36,255180,USD,-0.250563316809371
2026-03-25,CMS.N,75.44,584771,USD,0.132731616671083
2026-03-25,CNA.N,45.54,134908,USD,-0.480769230769228
2026-03-25,CNC.N,32.73,1868159,USD,-0.75803517283202
2026-03-25,CNH.N,11.16,6729734,USD,3.91061452513966
2026-03-25,CNK.N,27.67,487289,USD,-1.7051509769094
2026-03-25,CNM.N,50.57,832477,USD,-0.019770660340051
2026-03-25,CNMD.N,37.08,93147,USD,1.42231947483588
2026-03-25,CNO.N,40.61,270105,USD,-0.049224710804832
2026-03-25,CNP.N,42.07,1159076,USD,0.453677172874875
2026-03-25,CNR.N,110.57,195700,USD,0.811451495258923
2026-03-25,CNS.N,61.9,126002,USD,-1.88619432556666
2026-03-25,CNX.N,40.38,525561,USD,-0.197726149283238
2026-03-25,CNXC.OQ,24.67,1228121,USD,-6.83534743202417
2026-03-25,COCO.OQ,53.87,479624,USD,-1.53536830561141
2026-03-25,COF.N,185.23,737357,USD,0.319540727902948
2026-03-25,COGT.OQ,36.5,678826,USD,4.40503432494279
2026-03-25,COHR.N,272.04,986316,USD,-0.106488451511021
2026-03-25,COHU.OQ,31.92,284930,USD,0.125470514429118
2026-03-25,COIN.OQ,181.1,2749983,USD,0.033141847105613
2026-03-25,COKE.OQ,186.34,193308,USD,0.479913723375581
2026-03-25,COLB.OQ,27.6,883231,USD,0.72992700729928
2026-03-25,COLD.N,11.31,729179,USD,-0.17652250661959
2026-03-25,COLL.OQ,33.25,193060,USD,0.060186578393028
2026-03-26,CGNX.OQ,49.33,667724,USD,-4.41774849835303
2026-03-26,CGON.OQ,66.67,271489,USD,1.30679228080839
2026-03-26,CHD.N,93.22,760817,USD,-1.22907395634668
2026-03-26,CHDN.OQ,87.57,250237,USD,0.424311926605494
2026-03-26,CHE.N,371.95,59306,USD,-0.553446339767925
2026-03-26,CHEF.OQ,60.46,135606,USD,-0.624589086127552
2026-03-26,CHH.N,101.54,217664,USD,2.17347554840009
2026-03-26,CHRD.OQ,143.95,321579,USD,4.11543468826848
2026-03-26,CHRW.OQ,167.66,443142,USD,-1.22540355838342
2026-03-26,CHTR.OQ,218.51,510034,USD,-0.182723493673202
2026-03-26,CHWY.N,27.01,3136031,USD,1.65600301091457
2026-03-26,CI.N,272.08,415912,USD,0.636188785323262
2026-03-26,CIEN.N,387.99,711255,USD,-11.3570938999315
2026-03-26,CIFR.OQ,14.35,5333313,USD,-9.63476070528968
2026-03-26,CINF.OQ,157.555,236608,USD,1.35413316178837
2026-03-26,CL.N,84.14,1710130,USD,-1.57913206222949
2026-03-26,CLDX.OQ,31.75,243043,USD,0.220959595959597
2026-03-26,CLF.N,8.49,2901688,USD,-0.585480093676802
2026-03-26,CLH.N,282.85,81793,USD,-1.88698879600402
2026-03-26,CLMT.OQ,30.79,487636,USD,2.66755585195065
2026-03-26,CLSK.OQ,9.3,3901967,USD,-6.62650602409639
2026-03-26,CLX.N,102.18,557285,USD,-2.46277205040091
2026-03-26,CMC.N,59.48,495177,USD,-4.69476045505528
2026-03-26,CMCSA.OQ,28.72,9031372,USD,-0.034806822137144
2026-03-26,CME.OQ,297.58,721962,USD,1.24179226346408
2026-03-26,CMG.N,32.17,2633688,USD,-1.01538461538461
2026-03-26,CMI.N,530.0,242510,USD,-4.22148330200954
2026-03-26,CMS.N,76.33,777733,USD,1.17974549310711
2026-03-26,CNA.N,45.83,130250,USD,0.636802810715852
2026-03-26,CNC.N,33.56,2035983,USD,2.53589978612895
2026-03-26,CNH.N,10.96,4837720,USD,-1.7921146953405
2026-03-26,CNK.N,28.11,366166,USD,1.59016985905312
2026-03-26,CNM.N,49.62,531024,USD,-1.87858414079494
2026-03-26,CNMD.N,36.64,105186,USD,-1.1866235167206
2026-03-26,CNO.N,40.96,228958,USD,0.861856685545436
2026-03-26,CNP.N,42.33,830688,USD,0.618017589731395
2026-03-26,CNR.N,108.67,223161,USD,-1.71836845437279
2026-03-26,CNS.N,61.94,95050,USD,0.064620355411953
2026-03-26,CNX.N,40.01,583335,USD,-0.916295195641418
2026-03-26,CNXC.OQ,27.72,886670,USD,12.3631941629509
2026-03-26,COCO.OQ,51.68,414395,USD,-4.06534249118247
2026-03-26,COF.N,182.12,765806,USD,-1.67899368352858
2026-03-26,COGT.OQ,36.87,366277,USD,1.01369863013698
2026-03-26,COHR.N,243.29,1232700,USD,-10.5682987795912
2026-03-26,COHU.OQ,30.23,231063,USD,-5.29448621553885
2026-03-26,COIN.OQ,173.38,2592733,USD,-4.26283821093319
2026-03-26,COKE.OQ,180.02,232146,USD,-3.3916496726414
2026-03-26,COLB.OQ,27.46,795839,USD,-0.507246376811596
2026-03-26,COLD.N,11.17,606435,USD,-1.23784261715297
2026-03-26,COLL.OQ,33.42,125561,USD,0.511278195488727
2026-03-26,CGNX.OQ,49.33,,USD,-4.41774849835303
2026-03-26,CGON.OQ,66.67,,USD,1.30679228080839
2026-03-26,CHD.N,93.22,,USD,-1.22907395634668
2026-03-26,CHDN.OQ,87.57,,USD,0.424311926605494
2026-03-26,CHE.N,371.95,,USD,-0.553446339767925
2026-03-26,CHEF.OQ,60.46,,USD,-0.624589086127552
2026-03-26,CHH.N,101.54,,USD,2.17347554840009
2026-03-26,CHRD.OQ,143.95,,USD,4.11543468826848
2026-03-26,CHRW.OQ,167.66,,USD,-1.22540355838342
2026-03-26,CHTR.OQ,218.51,,USD,-0.182723493673202
2026-03-26,CHWY.N,27.01,,USD,1.65600301091457
2026-03-26,CI.N,272.08,,USD,0.636188785323262
2026-03-26,CIEN.N,387.99,,USD,-11.3570938999315
2026-03-26,CIFR.OQ,14.35,,USD,-9.63476070528968
2026-03-26,CINF.OQ,157.555,,USD,1.35413316178837
2026-03-26,CL.N,84.14,,USD,-1.57913206222949
2026-03-26,CLDX.OQ,31.75,,USD,0.220959595959597
2026-03-26,CLF.N,8.49,,USD,-0.585480093676802
2026-03-26,CLH.N,282.85,,USD,-1.88698879600402
2026-03-26,CLMT.OQ,30.79,,USD,2.66755585195065
2026-03-26,CLSK.OQ,9.3,,USD,-6.62650602409639
2026-03-26,CLX.N,102.18,,USD,-2.46277205040091
2026-03-26,CMC.N,59.48,,USD,-4.69476045505528
2026-03-26,CMCSA.OQ,28.72,,USD,-0.034806822137144
2026-03-26,CME.OQ,297.58,,USD,1.24179226346408
2026-03-26,CMG.N,32.17,,USD,-1.01538461538461
2026-03-26,CMI.N,530.0,,USD,-4.22148330200954
2026-03-26,CMS.N,76.33,,USD,1.17974549310711
2026-03-26,CNA.N,45.83,,USD,0.636802810715852
2026-03-26,CNC.N,33.56,,USD,2.53589978612895
2026-03-26,CNH.N,10.96,,USD,-1.7921146953405
2026-03-26,CNK.N,28.11,,USD,1.59016985905312
2026-03-26,CNM.N,49.62,,USD,-1.87858414079494
2026-03-26,CNMD.N,36.64,,USD,-1.1866235167206
2026-03-26,CNO.N,40.96,,USD,0.861856685545436
2026-03-26,CNP.N,42.33,,USD,0.618017589731395
2026-03-26,CNR.N,108.67,,USD,-1.71836845437279
2026-03-26,CNS.N,61.94,,USD,0.064620355411953
2026-03-26,CNX.N,40.01,,USD,-0.916295195641418
2026-03-26,CNXC.OQ,27.72,,USD,12.3631941629509
2026-03-26,COCO.OQ,51.68,,USD,-4.06534249118247
2026-03-26,COF.N,182.12,,USD,-1.67899368352858
2026-03-26,COGT.OQ,36.87,,USD,1.01369863013698
2026-03-26,COHR.N,243.29,,USD,-10.5682987795912
2026-03-26,COHU.OQ,30.23,,USD,-5.29448621553885
2026-03-26,COIN.OQ,173.38,,USD,-4.26283821093319
2026-03-26,COKE.OQ,180.02,,USD,-3.3916496726414
2026-03-26,COLB.OQ,27.46,,USD,-0.507246376811596
2026-03-26,COLD.N,11.17,,USD,-1.23784261715297
2026-03-26,COLL.OQ,33.42,,USD,0.511278195488727
2026-03-27,CGNX.OQ,,0,,
2026-03-27,CGON.OQ,,0,,
2026-03-27,CHD.N,,0,,
2026-03-27,CHDN.OQ,,0,,
2026-03-27,CHE.N,,0,,
2026-03-27,CHEF.OQ,,0,,
2026-03-27,CHH.N,,0,,
2026-03-27,CHRD.OQ,,0,,
2026-03-27,CHRW.OQ,,0,,
2026-03-27,CHTR.OQ,,0,,
2026-03-27,CHWY.N,,0,,
2026-03-27,CI.N,,0,,
2026-03-27,CIEN.N,,0,,
2026-03-27,CIFR.OQ,,0,,
2026-03-27,CINF.OQ,,0,,
2026-03-27,CL.N,,0,,
2026-03-27,CLDX.OQ,,0,,
2026-03-27,CLF.N,,0,,
2026-03-27,CLH.N,,0,,
2026-03-27,CLMT.OQ,,0,,
2026-03-27,CLSK.OQ,,0,,
2026-03-27,CLX.N,,0,,
2026-03-27,CMC.N,,0,,
2026-03-27,CMCSA.OQ,,0,,
2026-03-27,CME.OQ,,0,,
2026-03-27,CMG.N,,0,,
2026-03-27,CMI.N,,0,,
2026-03-27,CMS.N,,0,,
2026-03-27,CNA.N,,0,,
2026-03-27,CNC.N,,0,,
2026-03-27,CNH.N,,0,,
2026-03-27,CNK.N,,0,,
2026-03-27,CNM.N,,0,,
2026-03-27,CNMD.N,,0,,
2026-03-27,CNO.N,,0,,
2026-03-27,CNP.N,,0,,
2026-03-27,CNR.N,,0,,
2026-03-27,CNS.N,,0,,
2026-03-27,CNX.N,,0,,
2026-03-27,CNXC.OQ,,0,,
2026-03-27,COCO.OQ,,0,,
2026-03-27,COF.N,,0,,
2026-03-27,COGT.OQ,,0,,
2026-03-27,COHR.N,,0,,
2026-03-27,COHU.OQ,,0,,
2026-03-27,COIN.OQ,,0,,
2026-03-27,COKE.OQ,,0,,
2026-03-27,COLB.OQ,,0,,
2026-03-27,COLD.N,,0,,
2026-03-27,COLL.OQ,,0,,
2026-03-24,COLM.OQ,55.53,223442,USD,0.816993464052293
2026-03-24,COMP.N,8.1,3609409,USD,-4.36835891381347
2026-03-24,CON.N,21.85,268926,USD,-2.32454179704962
2026-03-24,COO.OQ,70.49,609491,USD,0.355922551252847
2026-03-24,COP.N,129.35,2106859,USD,1.69824671750924
2026-03-24,COR.N,327.27,608714,USD,2.07729016562177
2026-03-24,CORT.OQ,33.82,393205,USD,0.564971751412423
2026-03-24,CORZ.OQ,16.85,2063810,USD,1.62846803377565
2026-03-24,COST.OQ,973.82,404727,USD,0.837708262143667
2026-03-24,COTY.N,2.06,2078606,USD,-3.73831775700935
2026-03-24,COUR.N,5.69,1254954,USD,-4.8494983277592
2026-03-24,CPAY.N,293.83,152634,USD,0.177286829634169
2026-03-24,CPB.OQ,20.91,2541930,USD,-0.428571428571428
2026-03-24,CPK.N,124.5,56077,USD,-1.66653502882869
2026-03-24,CPNG.N,18.52,3872040,USD,-4.09114448472294
2026-03-24,CPRI.N,18.27,389046,USD,-0.109349371241113
2026-03-24,CPRT.OQ,32.84,3160622,USD,-1.6471997604073
2026-03-24,CPRX.OQ,23.07,347021,USD,-1.07204116638079
2026-03-24,CPT.N,97.91,384095,USD,-0.244523688232307
2026-03-24,CR.N,173.11,113860,USD,-0.557215073529411
2026-03-24,CRAI.OQ,157.94,88102,USD,0.057016154577132
2026-03-24,CRBG.N,23.48,1843189,USD,-0.970054829185999
2026-03-24,CRC.N,65.33,561312,USD,2.31793265465935
2026-03-24,CRCL.N,101.17,9935980,USD,-20.1121288692356
2026-03-24,CRDO.OQ,100.3,2118189,USD,-4.56707897240723
2026-03-24,CRGY.N,13.08,3156190,USD,4.64
2026-03-24,CRH.N,106.52,1985436,USD,2.01110898295345
2026-03-24,CRI.N,34.75,325200,USD,0.812300551203949
2026-03-24,CRK.N,21.32,598391,USD,0.566037735849061
2026-03-24,CRL.N,159.19,227829,USD,0.753164556962024
2026-03-24,CRM.N,183.02,4404070,USD,-6.2301465314069
2026-03-24,CRMD.OQ,6.46,380325,USD,0.623052959501558
2026-03-24,CRML.OQ,7.99,1227544,USD,-3.26876513317191
2026-03-24,CRNX.OQ,34.37,507554,USD,-0.979544799769529
2026-03-24,CROX.OQ,79.99,387209,USD,0.376458777763831
2026-03-24,CRS.N,399.47,239402,USD,7.0419893351912
2026-03-24,CRSP.OQ,46.43,400683,USD,-0.959897610921508
2026-03-24,CRUS.OQ,142.91,197111,USD,4.40531852717709
2026-03-24,CRVL.OQ,53.34,105676,USD,-1.58671586715867
2026-03-24,CRVS.OQ,13.15,480546,USD,-4.36363636363636
2026-03-24,CRWD.OQ,392.99,1053230,USD,-4.9164065713387
2026-03-24,CSCO.OQ,80.86,7191735,USD,2.5881755899518
2026-03-24,CSGP.OQ,41.46,1994492,USD,-3.37916569564203
2026-03-24,CSGS.OQ,80.05,187674,USD,-0.385764061722253
2026-03-24,CSL.N,339.87,118305,USD,0.887556399905014
2026-03-24,CSTL.OQ,25.35,91063,USD,-1.55339805825242
2026-03-24,CSTM.N,24.65,409124,USD,3.44104070499371
2026-03-24,CSW.N,266.59,42655,USD,2.02449292001529
2026-03-24,CSX.OQ,38.87,2342097,USD,-0.179763739085774
2026-03-24,CTAS.OQ,178.13,930319,USD,-1.69968544782297
2026-03-25,COLM.OQ,55.37,297013,USD,-0.288132540968852
2026-03-25,COMP.N,7.92,3477245,USD,-2.22222222222222
2026-03-25,CON.N,22.01,209163,USD,0.732265446224257
2026-03-25,COO.OQ,71.45,870674,USD,1.36189530429849
2026-03-25,COP.N,128.93,1975651,USD,-0.324700425202928
2026-03-25,COR.N,325.08,355657,USD,-0.669172243102025
2026-03-25,CORT.OQ,40.47,3137125,USD,19.6629213483146
2026-03-25,CORZ.OQ,17.05,2901653,USD,1.18694362017804
2026-03-25,COST.OQ,974.86,368976,USD,0.106795917109934
2026-03-25,COTY.N,2.05,1794434,USD,-0.485436893203895
2026-03-25,COUR.N,5.87,1153086,USD,3.1634446397188
2026-03-25,CPAY.N,291.83,139867,USD,-0.680665691045843
2026-03-25,CPB.OQ,20.81,3382971,USD,-0.478240076518419
2026-03-25,CPK.N,123.44,43215,USD,-0.851405622489962
2026-03-25,CPNG.N,18.8,4736751,USD,1.51187904967603
2026-03-25,CPRI.N,18.32,561522,USD,0.273672687465795
2026-03-25,CPRT.OQ,33.08,2060429,USD,0.730816077953699
2026-03-25,CPRX.OQ,23.8,418258,USD,3.16428261811877
2026-03-25,CPT.N,97.34,268329,USD,-0.582167296496776
2026-03-25,CR.N,174.58,102313,USD,0.849171047310958
2026-03-25,CRAI.OQ,156.58,80948,USD,-0.861086488539942
2026-03-25,CRBG.N,24.17,1444422,USD,2.93867120954004
2026-03-25,CRC.N,66.96,489404,USD,2.49502525639062
2026-03-25,CRCL.N,103.86,3435012,USD,2.65889097558565
2026-03-25,CRDO.OQ,103.91,1927643,USD,3.59920239282153
2026-03-25,CRGY.N,13.48,2297598,USD,3.05810397553517
2026-03-25,CRH.N,106.05,1189371,USD,-0.44123169357867
2026-03-25,CRI.N,34.93,235837,USD,0.517985611510791
2026-03-25,CRK.N,22.39,511619,USD,5.0187617260788
2026-03-25,CRL.N,165.89,275279,USD,4.20880708587222
2026-03-25,CRM.N,181.96,3104827,USD,-0.579171675226752
2026-03-25,CRMD.OQ,6.61,307152,USD,2.32198142414861
2026-03-25,CRML.OQ,7.92,1081226,USD,-0.876095118898627
2026-03-25,CRNX.OQ,36.34,510324,USD,5.73174279895259
2026-03-25,CROX.OQ,80.09,275180,USD,0.12501562695338
2026-03-25,CRS.N,406.64,225576,USD,1.79487821363305
2026-03-25,CRSP.OQ,47.09,396169,USD,1.42149472323929
2026-03-25,CRUS.OQ,143.31,138328,USD,0.279896438317826
2026-03-25,CRVL.OQ,52.25,84502,USD,-2.04349456317961
2026-03-25,CRVS.OQ,14.22,456385,USD,8.13688212927757
2026-03-25,CRWD.OQ,385.86,924650,USD,-1.81429552914832
2026-03-25,CSCO.OQ,81.83,9254876,USD,1.19960425426663
2026-03-25,CSGP.OQ,41.41,1925168,USD,-0.120598166907873
2026-03-25,CSGS.OQ,80.12,130964,USD,0.087445346658348
2026-03-25,CSL.N,339.93,89247,USD,0.017653808809251
2026-03-25,CSTL.OQ,25.27,107833,USD,-0.3155818540434
2026-03-25,CSTM.N,25.51,412038,USD,3.48884381338744
2026-03-25,CSW.N,269.48,34726,USD,1.08406166772949
2026-03-25,CSX.OQ,39.57,3508630,USD,1.80087471057371
2026-03-25,CTAS.OQ,176.85,1103828,USD,-0.718576320664684
2026-03-26,COLM.OQ,54.84,263421,USD,-0.957197038107268
2026-03-26,COMP.N,7.62,4038392,USD,-3.78787878787879
2026-03-26,CON.N,21.7,327209,USD,-1.40845070422536
2026-03-26,COO.OQ,71.54,597233,USD,0.125962211336604
2026-03-26,COP.N,133.25,1822092,USD,3.35065539440006
2026-03-26,COR.N,318.03,559432,USD,-2.1686969361388
2026-03-26,CORT.OQ,38.53,970076,USD,-4.79367432666172
2026-03-26,CORZ.OQ,15.79,2496509,USD,-7.39002932551321
2026-03-26,COST.OQ,979.65,736314,USD,0.491352604476536
2026-03-26,COTY.N,2.03,1278030,USD,-0.975609756097562
2026-03-26,COUR.N,5.84,970493,USD,-0.511073253833054
2026-03-26,CPAY.N,293.21,149215,USD,0.472878045437411
2026-03-26,CPB.OQ,20.95,3131005,USD,0.672753483901973
2026-03-26,CPK.N,124.38,37664,USD,0.761503564484768
2026-03-26,CPNG.N,18.37,4008043,USD,-2.28723404255319
2026-03-26,CPRI.N,17.54,567039,USD,-4.25764192139739
2026-03-26,CPRT.OQ,33.03,3806711,USD,-0.151148730350656
2026-03-26,CPRX.OQ,24.25,298272,USD,1.89075630252101
2026-03-26,CPT.N,97.67,465343,USD,0.339017875487978
2026-03-26,CR.N,167.55,110215,USD,-4.02680719440944
2026-03-26,CRAI.OQ,156.48,70197,USD,-0.063865116873178
2026-03-26,CRBG.N,24.41,2393326,USD,0.992966487381044
2026-03-26,CRC.N,67.96,391356,USD,1.49342891278375
2026-03-26,CRCL.N,98.27,2888815,USD,-5.38224533025227
2026-03-26,CRDO.OQ,96.44,1943072,USD,-7.18891348282167
2026-03-26,CRGY.N,13.66,1946440,USD,1.3353115727003
2026-03-26,CRH.N,103.2,1142632,USD,-2.68741159830268
2026-03-26,CRI.N,34.57,269795,USD,-1.03063269395935
2026-03-26,CRK.N,22.33,471370,USD,-0.267976775346147
2026-03-26,CRL.N,165.13,340273,USD,-0.458134908674417
2026-03-26,CRM.N,185.64,2686567,USD,2.02242251044184
2026-03-26,CRMD.OQ,6.7,325327,USD,1.36157337367625
2026-03-26,CRML.OQ,7.43,1481468,USD,-6.18686868686869
2026-03-26,CRNX.OQ,36.31,361998,USD,-0.082553659878924
2026-03-26,CROX.OQ,79.94,353953,USD,-0.187289299538027
2026-03-26,CRS.N,391.62,178821,USD,-3.69368483179224
2026-03-26,CRSP.OQ,47.55,401238,USD,0.976852834996801
2026-03-26,CRUS.OQ,148.69,488823,USD,3.75409950457051
2026-03-26,CRVL.OQ,53.41,81810,USD,2.2200956937799
2026-03-26,CRVS.OQ,14.07,436697,USD,-1.05485232067511
2026-03-26,CRWD.OQ,392.62,764364,USD,1.75193075208625
2026-03-26,CSCO.OQ,82.16,12216729,USD,0.403275082488083
2026-03-26,CSGP.OQ,41.3,1977856,USD,-0.265636319729533
2026-03-26,CSGS.OQ,80.1,65071,USD,-0.024962556165764
2026-03-26,CSL.N,333.64,105718,USD,-1.85038096078605
2026-03-26,CSTL.OQ,24.7,186217,USD,-2.25563909774436
2026-03-26,CSTM.N,23.95,528726,USD,-6.11524892199138
2026-03-26,CSW.N,258.22,33878,USD,-4.17841769333531
2026-03-26,CSX.OQ,39.55,3924670,USD,-0.050543340914842
2026-03-26,CTAS.OQ,168.85,1380173,USD,-4.52360757704269
2026-03-26,COLM.OQ,54.84,,USD,-0.957197038107268
2026-03-26,COMP.N,7.62,,USD,-3.78787878787879
2026-03-26,CON.N,21.7,,USD,-1.40845070422536
2026-03-26,COO.OQ,71.54,,USD,0.125962211336604
2026-03-26,COP.N,133.25,,USD,3.35065539440006
2026-03-26,COR.N,318.03,,USD,-2.1686969361388
2026-03-26,CORT.OQ,38.53,,USD,-4.79367432666172
2026-03-26,CORZ.OQ,15.79,,USD,-7.39002932551321
2026-03-26,COST.OQ,979.65,,USD,0.491352604476536
2026-03-26,COTY.N,2.03,,USD,-0.975609756097562
2026-03-26,COUR.N,5.84,,USD,-0.511073253833054
2026-03-26,CPAY.N,293.21,,USD,0.472878045437411
2026-03-26,CPB.OQ,20.95,,USD,0.672753483901973
2026-03-26,CPK.N,124.38,,USD,0.761503564484768
2026-03-26,CPNG.N,18.37,,USD,-2.28723404255319
2026-03-26,CPRI.N,17.54,,USD,-4.25764192139739
2026-03-26,CPRT.OQ,33.03,,USD,-0.151148730350656
2026-03-26,CPRX.OQ,24.25,,USD,1.89075630252101
2026-03-26,CPT.N,97.67,,USD,0.339017875487978
2026-03-26,CR.N,167.55,,USD,-4.02680719440944
2026-03-26,CRAI.OQ,156.48,,USD,-0.063865116873178
2026-03-26,CRBG.N,24.41,,USD,0.992966487381044
2026-03-26,CRC.N,67.96,,USD,1.49342891278375
2026-03-26,CRCL.N,98.27,,USD,-5.38224533025227
2026-03-26,CRDO.OQ,96.44,,USD,-7.18891348282167
2026-03-26,CRGY.N,13.66,,USD,1.3353115727003
2026-03-26,CRH.N,103.2,,USD,-2.68741159830268
2026-03-26,CRI.N,34.57,,USD,-1.03063269395935
2026-03-26,CRK.N,22.33,,USD,-0.267976775346147
2026-03-26,CRL.N,165.13,,USD,-0.458134908674417
2026-03-26,CRM.N,185.64,,USD,2.02242251044184
2026-03-26,CRMD.OQ,6.7,,USD,1.36157337367625
2026-03-26,CRML.OQ,7.43,,USD,-6.18686868686869
2026-03-26,CRNX.OQ,36.31,,USD,-0.082553659878924
2026-03-26,CROX.OQ,79.94,,USD,-0.187289299538027
2026-03-26,CRS.N,391.62,,USD,-3.69368483179224
2026-03-26,CRSP.OQ,47.55,,USD,0.976852834996801
2026-03-26,CRUS.OQ,148.69,,USD,3.75409950457051
2026-03-26,CRVL.OQ,53.41,,USD,2.2200956937799
2026-03-26,CRVS.OQ,14.07,,USD,-1.05485232067511
2026-03-26,CRWD.OQ,392.62,,USD,1.75193075208625
2026-03-26,CSCO.OQ,82.16,,USD,0.403275082488083
2026-03-26,CSGP.OQ,41.3,,USD,-0.265636319729533
2026-03-26,CSGS.OQ,80.1,,USD,-0.024962556165764
2026-03-26,CSL.N,333.64,,USD,-1.85038096078605
2026-03-26,CSTL.OQ,24.7,,USD,-2.25563909774436
2026-03-26,CSTM.N,23.95,,USD,-6.11524892199138
2026-03-26,CSW.N,258.22,,USD,-4.17841769333531
2026-03-26,CSX.OQ,39.55,,USD,-0.050543340914842
2026-03-26,CTAS.OQ,168.85,,USD,-4.52360757704269
2026-03-27,COLM.OQ,,0,,
2026-03-27,COMP.N,,0,,
2026-03-27,CON.N,,0,,
2026-03-27,COO.OQ,,0,,
2026-03-27,COP.N,,0,,
2026-03-27,COR.N,,0,,
2026-03-27,CORT.OQ,,0,,
2026-03-27,CORZ.OQ,,0,,
2026-03-27,COST.OQ,,0,,
2026-03-27,COTY.N,,0,,
2026-03-27,COUR.N,,0,,
2026-03-27,CPAY.N,,0,,
2026-03-27,CPB.OQ,,0,,
2026-03-27,CPK.N,,0,,
2026-03-27,CPNG.N,,0,,
2026-03-27,CPRI.N,,0,,
2026-03-27,CPRT.OQ,,0,,
2026-03-27,CPRX.OQ,,0,,
2026-03-27,CPT.N,,0,,
2026-03-27,CR.N,,0,,
2026-03-27,CRAI.OQ,,0,,
2026-03-27,CRBG.N,,0,,
2026-03-27,CRC.N,,0,,
2026-03-27,CRCL.N,,0,,
2026-03-27,CRDO.OQ,,0,,
2026-03-27,CRGY.N,,0,,
2026-03-27,CRH.N,,0,,
2026-03-27,CRI.N,,0,,
2026-03-27,CRK.N,,0,,
2026-03-27,CRL.N,,0,,
2026-03-27,CRM.N,,0,,
2026-03-27,CRMD.OQ,,0,,
2026-03-27,CRML.OQ,,0,,
2026-03-27,CRNX.OQ,,0,,
2026-03-27,CROX.OQ,,0,,
2026-03-27,CRS.N,,0,,
2026-03-27,CRSP.OQ,,0,,
2026-03-27,CRUS.OQ,,0,,
2026-03-27,CRVL.OQ,,0,,
2026-03-27,CRVS.OQ,,0,,
2026-03-27,CRWD.OQ,,0,,
2026-03-27,CSCO.OQ,,0,,
2026-03-27,CSGP.OQ,,0,,
2026-03-27,CSGS.OQ,,0,,
2026-03-27,CSL.N,,0,,
2026-03-27,CSTL.OQ,,0,,
2026-03-27,CSTM.N,,0,,
2026-03-27,CSW.N,,0,,
2026-03-27,CSX.OQ,,0,,
2026-03-27,CTAS.OQ,,0,,
2026-03-24,CTRA.N,35.02,3844725,USD,3.60946745562132
2026-03-24,CTRE.N,37.14,1269422,USD,-0.827770360480647
2026-03-24,CTRI.N,30.13,414303,USD,0.033200531208493
2026-03-24,CTSH.OQ,60.24,1510716,USD,-2.74459154020019
2026-03-24,CTVA.N,80.58,1471857,USD,3.62654320987653
2026-03-24,CUBE.N,36.27,953153,USD,-2.36877523553162
2026-03-24,CUBI.N,68.12,103426,USD,1.06824925816024
2026-03-24,CURB.N,25.77,230227,USD,-0.501930501930498
2026-03-24,CUZ.N,21.94,624371,USD,-1.57021085688649
2026-03-24,CVBF.OQ,19.18,562498,USD,-0.26001040041602
2026-03-24,CVCO.OQ,475.24,56431,USD,0.259488196451556
2026-03-24,CVI.N,33.06,527500,USD,1.87981510015408
2026-03-24,CVLT.OQ,78.3,319923,USD,-3.08206461195694
2026-03-24,CVNA.N,300.97,777349,USD,0.457276368491323
2026-03-24,CVS.N,72.8,1812653,USD,2.11810913171552
2026-03-24,CVX.N,206.79,3173856,USD,0.76994298523463
2026-03-24,CW.N,700.81,92973,USD,1.78203154500828
2026-03-24,CWAN.N,23.19,906673,USD,-0.429368827823091
2026-03-24,CWEN.N,39.25,275369,USD,3.01837270341207
2026-03-24,CWH.N,6.73,672927,USD,-3.16546762589928
2026-03-24,CWK.N,11.95,610466,USD,-2.6079869600652
2026-03-24,CWST.OQ,76.06,308910,USD,-2.49967952826561
2026-03-24,CWT.N,44.27,184632,USD,-0.404949381327333
2026-03-24,CXM.N,5.78,1061687,USD,-4.14593698175788
2026-03-24,CXT.N,43.13,237356,USD,0.865294667913949
2026-03-24,CXW.N,19.94,557260,USD,-1.4335145823035
2026-03-24,CYTK.OQ,60.02,737473,USD,-1.52584085315833
2026-03-24,CZR.OQ,26.31,1800777,USD,-0.491679273827544
2026-03-24,D.N,60.27,1179309,USD,0.752256770310938
2026-03-24,DAL.N,66.65,3110951,USD,2.33379395056043
2026-03-24,DAN.N,33.36,466875,USD,2.08078335373317
2026-03-24,DAR.N,58.08,895631,USD,2.8692879914984
2026-03-24,DASH.OQ,154.73,1051603,USD,-3.28166020752594
2026-03-24,DAVE.OQ,206.4,105820,USD,-4.16047548291234
2026-03-24,DAWN.OQ,21.38,1522227,USD,0.093632958801496
2026-03-24,DBD.N,78.51,112962,USD,3.89043271139343
2026-03-24,DBRG.N,15.4,1162843,USD,0.130039011703508
2026-03-24,DBX.OQ,23.12,1946985,USD,-5.32350532350533
2026-03-24,DCI.N,86.3,199892,USD,0.758902510215985
2026-03-24,DD.N,45.33,1476836,USD,2.69596737652922
2026-03-24,DDOG.OQ,122.57,1433816,USD,-5.15360210477443
2026-03-24,DDS.N,567.32,26733,USD,-0.288245219347579
2026-03-24,DE.N,583.02,374521,USD,2.4585698469325
2026-03-24,DECK.N,101.39,730218,USD,-1.03465104929234
2026-03-24,DEI.N,9.35,778334,USD,-0.848356309650054
2026-03-24,DELL.N,176.91,2609873,USD,7.48526641958806
2026-03-24,DFTX.OQ,17.79,443812,USD,-1.71270718232045
2026-03-24,DG.N,117.88,986790,USD,-5.77891455519144
2026-03-24,DGII.OQ,49.6,120088,USD,0.0
2026-03-24,DGX.N,196.08,330933,USD,0.245398773006144
2026-03-25,CTRA.N,35.18,1261845,USD,0.456881781838939
2026-03-25,CTRE.N,37.59,741710,USD,1.21163166397416
2026-03-25,CTRI.N,30.45,372083,USD,1.0620643876535
2026-03-25,CTSH.OQ,59.79,1775090,USD,-0.74701195219124
2026-03-25,CTVA.N,82.03,1276655,USD,1.79945395879871
2026-03-25,CUBE.N,36.2,602402,USD,-0.192996967190516
2026-03-25,CUBI.N,69.37,161398,USD,1.8349970640047
2026-03-25,CURB.N,25.62,264176,USD,-0.582072176949936
2026-03-25,CUZ.N,22.06,425308,USD,0.546946216955321
2026-03-25,CVBF.OQ,19.28,447137,USD,0.5213764337852
2026-03-25,CVCO.OQ,485.5,44281,USD,2.15890918272872
2026-03-25,CVI.N,32.69,475656,USD,-1.11917725347854
2026-03-25,CVLT.OQ,79.75,303370,USD,1.85185185185186
2026-03-25,CVNA.N,308.56,931282,USD,2.52184603116589
2026-03-25,CVS.N,72.18,1564716,USD,-0.851648351648338
2026-03-25,CVX.N,205.15,1960157,USD,-0.793075100343337
2026-03-25,CW.N,702.25,96625,USD,0.205476520026834
2026-03-25,CWAN.N,23.4,527963,USD,0.905562742561437
2026-03-25,CWEN.N,39.17,275150,USD,-0.203821656050951
2026-03-25,CWH.N,6.98,718314,USD,3.7147102526003
2026-03-25,CWK.N,12.18,438852,USD,1.92468619246862
2026-03-25,CWST.OQ,76.43,259726,USD,0.486458059426774
2026-03-25,CWT.N,43.94,201972,USD,-0.745425796250294
2026-03-25,CXM.N,5.81,1036324,USD,0.519031141868501
2026-03-25,CXT.N,43.13,219161,USD,0.0
2026-03-25,CXW.N,19.98,442539,USD,0.200601805416244
2026-03-25,CYTK.OQ,62.39,808868,USD,3.94868377207597
2026-03-25,CZR.OQ,26.82,1572144,USD,1.93842645381985
2026-03-25,D.N,60.66,1480665,USD,0.647088103534086
2026-03-25,DAL.N,67.99,3404213,USD,2.0105026256564
2026-03-25,DAN.N,33.66,504088,USD,0.89928057553956
2026-03-25,DAR.N,58.84,790506,USD,1.30853994490359
2026-03-25,DASH.OQ,152.92,915344,USD,-1.16977961610548
2026-03-25,DAVE.OQ,181.005,315104,USD,-12.3037790697674
2026-03-25,DAWN.OQ,21.37,424251,USD,-0.046772684752095
2026-03-25,DBD.N,79.35,62511,USD,1.06992739778371
2026-03-25,DBRG.N,15.39,589495,USD,-0.064935064935064
2026-03-25,DBX.OQ,22.7,1444161,USD,-1.8166089965398
2026-03-25,DCI.N,87.12,203985,USD,0.950173812282743
2026-03-25,DD.N,46.33,800701,USD,2.20604456210015
2026-03-25,DDOG.OQ,123.29,1237455,USD,0.587419433792945
2026-03-25,DDS.N,567.28,21022,USD,-0.007050694493421
2026-03-25,DE.N,577.99,200164,USD,-0.862749133820448
2026-03-25,DECK.N,100.05,425362,USD,-1.32162935200711
2026-03-25,DEI.N,9.38,828333,USD,0.320855614973274
2026-03-25,DELL.N,184.01,2239811,USD,4.01334011644339
2026-03-25,DFTX.OQ,18.47,668204,USD,3.82237211916807
2026-03-25,DG.N,119.55,895585,USD,1.41669494401086
2026-03-25,DGII.OQ,50.66,132621,USD,2.13709677419354
2026-03-25,DGX.N,196.46,213304,USD,0.193798449612401
2026-03-26,CTRA.N,35.79,1861446,USD,1.73393973848778
2026-03-26,CTRE.N,37.27,460538,USD,-0.851290236765098
2026-03-26,CTRI.N,29.67,419410,USD,-2.56157635467979
2026-03-26,CTSH.OQ,60.76,1567547,USD,1.6223448737247
2026-03-26,CTVA.N,82.73,1109760,USD,0.853346336706087
2026-03-26,CUBE.N,36.23,525562,USD,0.082872928176779
2026-03-26,CUBI.N,68.97,77641,USD,-0.576618134640343
2026-03-26,CURB.N,25.65,210591,USD,0.117096018735354
2026-03-26,CUZ.N,21.78,504876,USD,-1.2692656391659
2026-03-26,CVBF.OQ,19.34,463131,USD,0.311203319502068
2026-03-26,CVCO.OQ,472.64,32640,USD,-2.64881565396499
2026-03-26,CVI.N,34.35,387337,USD,5.07800550627104
2026-03-26,CVLT.OQ,81.16,305724,USD,1.7680250783699
2026-03-26,CVNA.N,301.37,814682,USD,-2.33017889551465
2026-03-26,CVS.N,71.18,1218146,USD,-1.38542532557495
2026-03-26,CVX.N,207.79,2855503,USD,1.28686327077747
2026-03-26,CW.N,665.81,61002,USD,-5.15485938056249
2026-03-26,CWAN.N,23.48,1586576,USD,0.34188034188035
2026-03-26,CWEN.N,38.94,170017,USD,-0.587184069440909
2026-03-26,CWH.N,6.98,683803,USD,0.0
2026-03-26,CWK.N,12.07,328055,USD,-0.903119868637105
2026-03-26,CWST.OQ,76.62,182344,USD,0.248593484233937
2026-03-26,CWT.N,45.08,108732,USD,2.5944469731452
2026-03-26,CXM.N,5.96,746348,USD,2.58175559380379
2026-03-26,CXT.N,41.41,275907,USD,-3.98794342684908
2026-03-26,CXW.N,19.79,336107,USD,-0.950950950950957
2026-03-26,CYTK.OQ,63.475,762122,USD,1.73906074691457
2026-03-26,CZR.OQ,26.89,1590514,USD,0.260999254287846
2026-03-26,D.N,60.9,844334,USD,0.395647873392684
2026-03-26,DAL.N,66.86,2251814,USD,-1.66200911898808
2026-03-26,DAN.N,32.85,489869,USD,-2.40641711229945
2026-03-26,DAR.N,58.98,489252,USD,0.237933378653966
2026-03-26,DASH.OQ,151.96,1541351,USD,-0.627779230970429
2026-03-26,DAVE.OQ,179.1,142248,USD,-1.05245711444435
2026-03-26,DAWN.OQ,21.4,661365,USD,0.140383715488992
2026-03-26,DBD.N,76.01,51967,USD,-4.2091997479521
2026-03-26,DBRG.N,15.38,506805,USD,-0.064977257959713
2026-03-26,DBX.OQ,22.77,1321969,USD,0.308370044052865
2026-03-26,DCI.N,84.74,195619,USD,-2.73186409550047
2026-03-26,DD.N,46.02,854202,USD,-0.669112885819113
2026-03-26,DDOG.OQ,124.3,1048869,USD,0.819206748316969
2026-03-26,DDS.N,552.31,29319,USD,-2.63890847553237
2026-03-26,DE.N,581.19,365869,USD,0.553642796588184
2026-03-26,DECK.N,93.69,862722,USD,-6.3568215892054
2026-03-26,DEI.N,9.45,570524,USD,0.746268656716402
2026-03-26,DELL.N,175.82,1825849,USD,-4.45084506276833
2026-03-26,DFTX.OQ,18.94,485009,USD,2.54466702761236
2026-03-26,DG.N,119.23,748505,USD,-0.267670430782094
2026-03-26,DGII.OQ,48.64,98832,USD,-3.98736675878404
2026-03-26,DGX.N,198.15,301889,USD,0.860226000203603
2026-03-26,CTRA.N,35.79,,USD,1.73393973848778
2026-03-26,CTRE.N,37.27,,USD,-0.851290236765098
2026-03-26,CTRI.N,29.67,,USD,-2.56157635467979
2026-03-26,CTSH.OQ,60.76,,USD,1.6223448737247
2026-03-26,CTVA.N,82.73,,USD,0.853346336706087
2026-03-26,CUBE.N,36.23,,USD,0.082872928176779
2026-03-26,CUBI.N,68.97,,USD,-0.576618134640343
2026-03-26,CURB.N,25.65,,USD,0.117096018735354
2026-03-26,CUZ.N,21.78,,USD,-1.2692656391659
2026-03-26,CVBF.OQ,19.34,,USD,0.311203319502068
2026-03-26,CVCO.OQ,472.64,,USD,-2.64881565396499
2026-03-26,CVI.N,34.35,,USD,5.07800550627104
2026-03-26,CVLT.OQ,81.16,,USD,1.7680250783699
2026-03-26,CVNA.N,301.37,,USD,-2.33017889551465
2026-03-26,CVS.N,71.18,,USD,-1.38542532557495
2026-03-26,CVX.N,207.79,,USD,1.28686327077747
2026-03-26,CW.N,665.81,,USD,-5.15485938056249
2026-03-26,CWAN.N,23.48,,USD,0.34188034188035
2026-03-26,CWEN.N,38.94,,USD,-0.587184069440909
2026-03-26,CWH.N,6.98,,USD,0.0
2026-03-26,CWK.N,12.07,,USD,-0.903119868637105
2026-03-26,CWST.OQ,76.62,,USD,0.248593484233937
2026-03-26,CWT.N,45.08,,USD,2.5944469731452
2026-03-26,CXM.N,5.96,,USD,2.58175559380379
2026-03-26,CXT.N,41.41,,USD,-3.98794342684908
2026-03-26,CXW.N,19.79,,USD,-0.950950950950957
2026-03-26,CYTK.OQ,63.475,,USD,1.73906074691457
2026-03-26,CZR.OQ,26.89,,USD,0.260999254287846
2026-03-26,D.N,60.9,,USD,0.395647873392684
2026-03-26,DAL.N,66.86,,USD,-1.66200911898808
2026-03-26,DAN.N,32.85,,USD,-2.40641711229945
2026-03-26,DAR.N,58.98,,USD,0.237933378653966
2026-03-26,DASH.OQ,151.96,,USD,-0.627779230970429
2026-03-26,DAVE.OQ,179.1,,USD,-1.05245711444435
2026-03-26,DAWN.OQ,21.4,,USD,0.140383715488992
2026-03-26,DBD.N,76.01,,USD,-4.2091997479521
2026-03-26,DBRG.N,15.38,,USD,-0.064977257959713
2026-03-26,DBX.OQ,22.77,,USD,0.308370044052865
2026-03-26,DCI.N,84.74,,USD,-2.73186409550047
2026-03-26,DD.N,46.02,,USD,-0.669112885819113
2026-03-26,DDOG.OQ,124.3,,USD,0.819206748316969
2026-03-26,DDS.N,552.31,,USD,-2.63890847553237
2026-03-26,DE.N,581.19,,USD,0.553642796588184
2026-03-26,DECK.N,93.69,,USD,-6.3568215892054
2026-03-26,DEI.N,9.45,,USD,0.746268656716402
2026-03-26,DELL.N,175.82,,USD,-4.45084506276833
2026-03-26,DFTX.OQ,18.94,,USD,2.54466702761236
2026-03-26,DG.N,119.23,,USD,-0.267670430782094
2026-03-26,DGII.OQ,48.64,,USD,-3.98736675878404
2026-03-26,DGX.N,198.15,,USD,0.860226000203603
2026-03-27,CTRA.N,,0,,
2026-03-27,CTRE.N,,0,,
2026-03-27,CTRI.N,,0,,
2026-03-27,CTSH.OQ,,0,,
2026-03-27,CTVA.N,,0,,
2026-03-27,CUBE.N,,0,,
2026-03-27,CUBI.N,,0,,
2026-03-27,CURB.N,,0,,
2026-03-27,CUZ.N,,0,,
2026-03-27,CVBF.OQ,,0,,
2026-03-27,CVCO.OQ,,0,,
2026-03-27,CVI.N,,0,,
2026-03-27,CVLT.OQ,,0,,
2026-03-27,CVNA.N,,0,,
2026-03-27,CVS.N,,0,,
2026-03-27,CVX.N,,0,,
2026-03-27,CW.N,,0,,
2026-03-27,CWAN.N,,0,,
2026-03-27,CWEN.N,,0,,
2026-03-27,CWH.N,,0,,
2026-03-27,CWK.N,,0,,
2026-03-27,CWST.OQ,,0,,
2026-03-27,CWT.N,,0,,
2026-03-27,CXM.N,,0,,
2026-03-27,CXT.N,,0,,
2026-03-27,CXW.N,,0,,
2026-03-27,CYTK.OQ,,0,,
2026-03-27,CZR.OQ,,0,,
2026-03-27,D.N,,0,,
2026-03-27,DAL.N,,0,,
2026-03-27,DAN.N,,0,,
2026-03-27,DAR.N,,0,,
2026-03-27,DASH.OQ,,0,,
2026-03-27,DAVE.OQ,,0,,
2026-03-27,DAWN.OQ,,0,,
2026-03-27,DBD.N,,0,,
2026-03-27,DBRG.N,,0,,
2026-03-27,DBX.OQ,,0,,
2026-03-27,DCI.N,,0,,
2026-03-27,DD.N,,0,,
2026-03-27,DDOG.OQ,,0,,
2026-03-27,DDS.N,,0,,
2026-03-27,DE.N,,0,,
2026-03-27,DECK.N,,0,,
2026-03-27,DEI.N,,0,,
2026-03-27,DELL.N,,0,,
2026-03-27,DFTX.OQ,,0,,
2026-03-27,DG.N,,0,,
2026-03-27,DGII.OQ,,0,,
2026-03-27,DGX.N,,0,,
2026-03-24,DHI.N,138.33,596861,USD,-0.352975075637502
2026-03-24,DHR.N,190.1,1083957,USD,0.052631578947365
2026-03-24,DHT.N,18.52,1293354,USD,4.22059651097355
2026-03-24,DINO.N,61.44,762389,USD,3.66121140543276
2026-03-24,DIOD.OQ,72.26,290488,USD,6.1554282356398
2026-03-24,DIS.N,96.39,1744085,USD,-1.5926493108729
2026-03-24,DJCO.OQ,488.02,28195,USD,-0.110528901260852
2026-03-24,DJT.OQ,8.775,581215,USD,-3.03867403314917
2026-03-24,DK.N,45.91,809441,USD,8.3038452465204
2026-03-24,DKNG.OQ,23.31,5432271,USD,-2.71285475792989
2026-03-24,DKS.N,193.77,217730,USD,0.654511453950454
2026-03-24,DLB.N,58.87,169726,USD,-1.32417029835736
2026-03-24,DLR.N,174.71,687848,USD,-0.997336657788854
2026-03-24,DLTR.OQ,106.53,1191045,USD,-1.60709337766694
2026-03-24,DNLI.OQ,20.97,641243,USD,-0.568990042674258
2026-03-24,DNOW.N,11.99,1105522,USD,2.04255319148936
2026-03-24,DNTH.OQ,78.55,309029,USD,-0.97075138678769
2026-03-24,DOC.N,16.7,2471862,USD,-2.7373325567851
2026-03-24,DOCN.N,84.92,425897,USD,-1.27877237851662
2026-03-24,DOCS.N,24.34,962098,USD,-2.75669196963644
2026-03-24,DOCU.OQ,46.16,2486816,USD,-5.39044886247182
2026-03-24,DOLE.N,14.34,221564,USD,-0.623700623700623
2026-03-24,DORM.OQ,105.19,98866,USD,1.28056999807433
2026-03-24,DOV.N,215.58,351744,USD,1.54976682839513
2026-03-24,DOW.N,38.31,3798430,USD,6.29855715871255
2026-03-24,DOX.OQ,63.69,664346,USD,-2.16589861751152
2026-03-24,DPZ.OQ,360.09,264436,USD,-1.82933478735006
2026-03-24,DRH.OQ,9.44,641972,USD,-0.211416490486272
2026-03-24,DRI.N,200.52,522245,USD,2.32178394652243
2026-03-24,DRS.OQ,44.06,269850,USD,-0.765765765765758
2026-03-24,DRVN.OQ,12.38,1520249,USD,6.26609442060086
2026-03-24,DT.N,36.55,1469165,USD,-4.61899791231734
2026-03-24,DTE.N,143.32,304232,USD,0.723873778902243
2026-03-24,DTM.N,137.78,373242,USD,0.539988324576773
2026-03-24,DUK.N,127.38,1178392,USD,0.031411967959786
2026-03-24,DUOL.OQ,97.68,438095,USD,-2.07518796992481
2026-03-24,DV.N,9.88,1181108,USD,-2.85152409046214
2026-03-24,DVA.N,153.28,239767,USD,0.702976151369814
2026-03-24,DVN.N,50.27,4460083,USD,3.67085997112807
2026-03-24,DX.N,12.46,2910149,USD,0.322061191626416
2026-03-24,DXC.N,11.62,961460,USD,-4.20445177246498
2026-03-24,DXCM.OQ,66.6,1855374,USD,1.00090991810737
2026-03-24,DXPE.OQ,140.51,34916,USD,2.9754488823745
2026-03-24,DY.N,350.63,82889,USD,0.254474752673411
2026-03-24,DYN.OQ,17.85,789344,USD,-0.111919418019024
2026-03-24,EA.OQ,201.62,921513,USD,0.243623527072048
2026-03-24,EAT.N,151.59,255278,USD,3.15051714752313
2026-03-24,EBAY.OQ,89.1,3383627,USD,-0.834724540901503
2026-03-24,EBC.OQ,19.14,786650,USD,0.472440944881889
2026-03-24,ECG.N,120.79,139716,USD,3.00162019271767
2026-03-25,DHI.N,137.69,581318,USD,-0.462661750885574
2026-03-25,DHR.N,187.15,1227817,USD,-1.55181483429773
2026-03-25,DHT.N,17.78,1200347,USD,-3.99568034557235
2026-03-25,DINO.N,60.9,822674,USD,-0.878906249999999
2026-03-25,DIOD.OQ,73.47,163310,USD,1.67450871851646
2026-03-25,DIS.N,95.95,1975113,USD,-0.456478887851435
2026-03-25,DJCO.OQ,485.29,19178,USD,-0.559403303143306
2026-03-25,DJT.OQ,9.19,984187,USD,4.72934472934472
2026-03-25,DK.N,44.39,330646,USD,-3.31082552820735
2026-03-25,DKNG.OQ,21.42,4853842,USD,-8.1081081081081
2026-03-25,DKS.N,194.01,182819,USD,0.123858182381164
2026-03-25,DLB.N,58.64,171340,USD,-0.390691353830469
2026-03-25,DLR.N,176.43,495871,USD,0.984488581077213
2026-03-25,DLTR.OQ,106.64,1021216,USD,0.103257298413592
2026-03-25,DNLI.OQ,22.47,1409838,USD,7.15307582260372
2026-03-25,DNOW.N,12.12,583857,USD,1.08423686405337
2026-03-25,DNTH.OQ,79.61,335789,USD,1.34945894334819
2026-03-25,DOC.N,16.81,2671794,USD,0.658682634730536
2026-03-25,DOCN.N,87.0,2036156,USD,2.44936410739519
2026-03-25,DOCS.N,24.18,631910,USD,-0.65735414954807
2026-03-25,DOCU.OQ,46.3,1546461,USD,0.303292894280764
2026-03-25,DOLE.N,14.49,187765,USD,1.04602510460251
2026-03-25,DORM.OQ,106.95,81796,USD,1.67316284817949
2026-03-25,DOV.N,215.16,287714,USD,-0.194823267464522
2026-03-25,DOW.N,39.62,3076016,USD,3.41947272252674
2026-03-25,DOX.OQ,65.41,680983,USD,2.70058093892291
2026-03-25,DPZ.OQ,362.53,277569,USD,0.677608375683856
2026-03-25,DRH.OQ,9.56,538453,USD,1.27118644067798
2026-03-25,DRI.N,201.66,383797,USD,0.568521843207653
2026-03-25,DRS.OQ,46.32,372610,USD,5.12936904221516
2026-03-25,DRVN.OQ,12.76,1602538,USD,3.06946688206784
2026-03-25,DT.N,36.45,1011100,USD,-0.273597811217495
2026-03-25,DTE.N,143.45,399880,USD,0.09070611219648
2026-03-25,DTM.N,136.15,251311,USD,-1.18304543475105
2026-03-25,DUK.N,128.16,765129,USD,0.6123410268488
2026-03-25,DUOL.OQ,99.12,445026,USD,1.47420147420147
2026-03-25,DV.N,9.85,987807,USD,-0.303643724696368
2026-03-25,DVA.N,155.11,198778,USD,1.19389352818372
2026-03-25,DVN.N,50.41,2738247,USD,0.278496120946874
2026-03-25,DX.N,12.69,1584243,USD,1.84590690208667
2026-03-25,DXC.N,12.01,734130,USD,3.35628227194493
2026-03-25,DXCM.OQ,66.84,1343896,USD,0.360360360360374
2026-03-25,DXPE.OQ,139.69,40390,USD,-0.583588356700586
2026-03-25,DY.N,353.52,89385,USD,0.824230670507368
2026-03-25,DYN.OQ,18.98,998789,USD,6.33053221288515
2026-03-25,EA.OQ,202.34,667860,USD,0.35710742981847
2026-03-25,EAT.N,147.11,261910,USD,-2.95534006200936
2026-03-25,EBAY.OQ,89.55,3171788,USD,0.505050505050508
2026-03-25,EBC.OQ,19.38,864126,USD,1.2539184952978
2026-03-25,ECG.N,123.29,86666,USD,2.06970775726467
2026-03-26,DHI.N,135.96,529262,USD,-1.25644563875371
2026-03-26,DHR.N,188.05,1021528,USD,0.480897675661237
2026-03-26,DHT.N,17.82,1225460,USD,0.224971878515181
2026-03-26,DINO.N,63.22,543592,USD,3.80952380952381
2026-03-26,DIOD.OQ,71.0,198359,USD,-3.36191642847421
2026-03-26,DIS.N,94.75,1691559,USD,-1.25065138092757
2026-03-26,DJCO.OQ,485.86,29260,USD,0.117455542047022
2026-03-26,DJT.OQ,8.59,712455,USD,-6.52883569096844
2026-03-26,DK.N,46.41,413643,USD,4.55057445370578
2026-03-26,DKNG.OQ,21.27,5516433,USD,-0.700280112044828
2026-03-26,DKS.N,192.34,254746,USD,-0.860780372145759
2026-03-26,DLB.N,58.73,207999,USD,0.15347885402455
2026-03-26,DLR.N,174.75,417133,USD,-0.952219010372389
2026-03-26,DLTR.OQ,105.99,1201749,USD,-0.609527381845467
2026-03-26,DNLI.OQ,19.735,1053485,USD,-12.1717846016911
2026-03-26,DNOW.N,12.02,529039,USD,-0.825082508250822
2026-03-26,DNTH.OQ,82.45,422768,USD,3.56739103127748
2026-03-26,DOC.N,16.79,2494110,USD,-0.11897679952409
2026-03-26,DOCN.N,85.62,2578095,USD,-1.58620689655172
2026-03-26,DOCS.N,24.31,542952,USD,0.537634408602146
2026-03-26,DOCU.OQ,47.18,1409759,USD,1.90064794816415
2026-03-26,DOLE.N,14.55,182884,USD,0.414078674948244
2026-03-26,DORM.OQ,106.47,59836,USD,-0.448807854137451
2026-03-26,DOV.N,209.21,262178,USD,-2.76538390035322
2026-03-26,DOW.N,39.47,2054395,USD,-0.378596668349315
2026-03-26,DOX.OQ,65.77,346591,USD,0.55037456046476
2026-03-26,DPZ.OQ,358.54,353069,USD,-1.10059857115272
2026-03-26,DRH.OQ,9.59,622753,USD,0.313807531380746
2026-03-26,DRI.N,198.87,360788,USD,-1.38351681047307
2026-03-26,DRS.OQ,46.53,477187,USD,0.45336787564767
2026-03-26,DRVN.OQ,13.0,997778,USD,1.88087774294671
2026-03-26,DT.N,37.37,987697,USD,2.52400548696843
2026-03-26,DTE.N,144.39,483809,USD,0.655280585569884
2026-03-26,DTM.N,137.13,237204,USD,0.719794344473
2026-03-26,DUK.N,129.38,846089,USD,0.951935081148563
2026-03-26,DUOL.OQ,98.11,447082,USD,-1.01896690879742
2026-03-26,DV.N,9.83,715218,USD,-0.203045685279184
2026-03-26,DVA.N,156.76,225190,USD,1.06376120172779
2026-03-26,DVN.N,51.35,3336775,USD,1.86470938305893
2026-03-26,DX.N,12.4,1215613,USD,-2.28526398739164
2026-03-26,DXC.N,12.19,577959,USD,1.49875104079933
2026-03-26,DXCM.OQ,66.09,946415,USD,-1.12208258527828
2026-03-26,DXPE.OQ,137.06,55943,USD,-1.8827403536402
2026-03-26,DY.N,336.77,65323,USD,-4.73806291016067
2026-03-26,DYN.OQ,18.55,607477,USD,-2.26554267650158
2026-03-26,EA.OQ,201.91,699345,USD,-0.212513590985473
2026-03-26,EAT.N,137.57,333319,USD,-6.48494323975258
2026-03-26,EBAY.OQ,89.43,3044973,USD,-0.134003350083741
2026-03-26,EBC.OQ,19.38,711402,USD,0.0
2026-03-26,ECG.N,115.09,131930,USD,-6.65098548138535
2026-03-26,DHI.N,135.96,,USD,-1.25644563875371
2026-03-26,DHR.N,188.05,,USD,0.480897675661237
2026-03-26,DHT.N,17.82,,USD,0.224971878515181
2026-03-26,DINO.N,63.22,,USD,3.80952380952381
2026-03-26,DIOD.OQ,71.0,,USD,-3.36191642847421
2026-03-26,DIS.N,94.75,,USD,-1.25065138092757
2026-03-26,DJCO.OQ,485.86,,USD,0.117455542047022
2026-03-26,DJT.OQ,8.59,,USD,-6.52883569096844
2026-03-26,DK.N,46.41,,USD,4.55057445370578
2026-03-26,DKNG.OQ,21.27,,USD,-0.700280112044828
2026-03-26,DKS.N,192.34,,USD,-0.860780372145759
2026-03-26,DLB.N,58.73,,USD,0.15347885402455
2026-03-26,DLR.N,174.75,,USD,-0.952219010372389
2026-03-26,DLTR.OQ,105.99,,USD,-0.609527381845467
2026-03-26,DNLI.OQ,19.735,,USD,-12.1717846016911
2026-03-26,DNOW.N,12.02,,USD,-0.825082508250822
2026-03-26,DNTH.OQ,82.45,,USD,3.56739103127748
2026-03-26,DOC.N,16.79,,USD,-0.11897679952409
2026-03-26,DOCN.N,85.62,,USD,-1.58620689655172
2026-03-26,DOCS.N,24.31,,USD,0.537634408602146
2026-03-26,DOCU.OQ,47.18,,USD,1.90064794816415
2026-03-26,DOLE.N,14.55,,USD,0.414078674948244
2026-03-26,DORM.OQ,106.47,,USD,-0.448807854137451
2026-03-26,DOV.N,209.21,,USD,-2.76538390035322
2026-03-26,DOW.N,39.47,,USD,-0.378596668349315
2026-03-26,DOX.OQ,65.77,,USD,0.55037456046476
2026-03-26,DPZ.OQ,358.54,,USD,-1.10059857115272
2026-03-26,DRH.OQ,9.59,,USD,0.313807531380746
2026-03-26,DRI.N,198.87,,USD,-1.38351681047307
2026-03-26,DRS.OQ,46.53,,USD,0.45336787564767
2026-03-26,DRVN.OQ,13.0,,USD,1.88087774294671
2026-03-26,DT.N,37.37,,USD,2.52400548696843
2026-03-26,DTE.N,144.39,,USD,0.655280585569884
2026-03-26,DTM.N,137.13,,USD,0.719794344473
2026-03-26,DUK.N,129.38,,USD,0.951935081148563
2026-03-26,DUOL.OQ,98.11,,USD,-1.01896690879742
2026-03-26,DV.N,9.83,,USD,-0.203045685279184
2026-03-26,DVA.N,156.76,,USD,1.06376120172779
2026-03-26,DVN.N,51.35,,USD,1.86470938305893
2026-03-26,DX.N,12.4,,USD,-2.28526398739164
2026-03-26,DXC.N,12.19,,USD,1.49875104079933
2026-03-26,DXCM.OQ,66.09,,USD,-1.12208258527828
2026-03-26,DXPE.OQ,137.06,,USD,-1.8827403536402
2026-03-26,DY.N,336.77,,USD,-4.73806291016067
2026-03-26,DYN.OQ,18.55,,USD,-2.26554267650158
2026-03-26,EA.OQ,201.91,,USD,-0.212513590985473
2026-03-26,EAT.N,137.57,,USD,-6.48494323975258
2026-03-26,EBAY.OQ,89.43,,USD,-0.134003350083741
2026-03-26,EBC.OQ,19.38,,USD,0.0
2026-03-26,ECG.N,115.09,,USD,-6.65098548138535
2026-03-27,DHI.N,,0,,
2026-03-27,DHR.N,,0,,
2026-03-27,DHT.N,,0,,
2026-03-27,DINO.N,,0,,
2026-03-27,DIOD.OQ,,0,,
2026-03-27,DIS.N,,0,,
2026-03-27,DJCO.OQ,,0,,
2026-03-27,DJT.OQ,,0,,
2026-03-27,DK.N,,0,,
2026-03-27,DKNG.OQ,,0,,
2026-03-27,DKS.N,,0,,
2026-03-27,DLB.N,,0,,
2026-03-27,DLR.N,,0,,
2026-03-27,DLTR.OQ,,0,,
2026-03-27,DNLI.OQ,,0,,
2026-03-27,DNOW.N,,0,,
2026-03-27,DNTH.OQ,,0,,
2026-03-27,DOC.N,,0,,
2026-03-27,DOCN.N,,0,,
2026-03-27,DOCS.N,,0,,
2026-03-27,DOCU.OQ,,0,,
2026-03-27,DOLE.N,,0,,
2026-03-27,DORM.OQ,,0,,
2026-03-27,DOV.N,,0,,
2026-03-27,DOW.N,,0,,
2026-03-27,DOX.OQ,,0,,
2026-03-27,DPZ.OQ,,0,,
2026-03-27,DRH.OQ,,0,,
2026-03-27,DRI.N,,0,,
2026-03-27,DRS.OQ,,0,,
2026-03-27,DRVN.OQ,,0,,
2026-03-27,DT.N,,0,,
2026-03-27,DTE.N,,0,,
2026-03-27,DTM.N,,0,,
2026-03-27,DUK.N,,0,,
2026-03-27,DUOL.OQ,,0,,
2026-03-27,DV.N,,0,,
2026-03-27,DVA.N,,0,,
2026-03-27,DVN.N,,0,,
2026-03-27,DX.N,,0,,
2026-03-27,DXC.N,,0,,
2026-03-27,DXCM.OQ,,0,,
2026-03-27,DXPE.OQ,,0,,
2026-03-27,DY.N,,0,,
2026-03-27,DYN.OQ,,0,,
2026-03-27,EA.OQ,,0,,
2026-03-27,EAT.N,,0,,
2026-03-27,EBAY.OQ,,0,,
2026-03-27,EBC.OQ,,0,,
2026-03-27,ECG.N,,0,,
2026-03-24,ECL.N,264.49,506829,USD,1.28671542909662
2026-03-24,ECVT.N,12.51,844021,USD,4.42404006677796
2026-03-24,ED.N,109.88,581534,USD,0.70570983411236
2026-03-24,EEFT.OQ,67.7,264322,USD,0.029550827423162
2026-03-24,EFC.N,11.51,558588,USD,-0.173460537727663
2026-03-24,EFX.N,169.5,681704,USD,-5.64987475647092
2026-03-24,EG.N,323.77,128861,USD,-0.163428923835963
2026-03-24,EGP.N,182.9,136549,USD,-0.576212220047838
2026-03-24,EHC.N,97.49,291523,USD,-0.03076292042658
2026-03-24,EIG.N,40.12,140506,USD,0.149775336994496
2026-03-24,EIX.N,71.28,839875,USD,0.863166831753218
2026-03-24,EL.N,71.48,3720234,USD,-9.84991802244924
2026-03-24,ELAN.N,24.9,1769863,USD,1.88216039279868
2026-03-24,ELF.N,67.56,570634,USD,-6.0622914349277
2026-03-24,ELS.N,63.35,465515,USD,0.332594235033261
2026-03-24,ELV.N,290.33,357636,USD,0.376849675010363
2026-03-24,ELVN.OQ,31.15,275570,USD,1.10353781239857
2026-03-24,EME.N,761.27,158146,USD,2.23054816963447
2026-03-24,EMN.N,69.95,376983,USD,2.85252168798706
2026-03-24,EMR.N,130.15,847733,USD,0.246476161133785
2026-03-24,ENOV.N,22.11,187302,USD,-1.77698800533097
2026-03-24,ENPH.OQ,40.97,1533441,USD,0.515210991167814
2026-03-24,ENR.N,16.64,412980,USD,-2.57611241217797
2026-03-24,ENS.N,177.14,118045,USD,3.43337615321733
2026-03-24,ENSG.OQ,202.92,116668,USD,0.24205898335226
2026-03-24,ENTG.OQ,121.67,763816,USD,5.79080079993044
2026-03-24,ENVA.N,137.38,48459,USD,0.029124799766996
2026-03-24,ENVX.OQ,5.04,1165967,USD,0.398406374502001
2026-03-24,EOG.N,142.53,1327297,USD,2.04037800687285
2026-03-24,EOSE.OQ,5.09,2275670,USD,-4.68164794007491
2026-03-24,EPAC.N,37.34,138779,USD,1.60544217687076
2026-03-24,EPAM.N,133.04,314916,USD,-1.97465369879164
2026-03-24,EPC.N,19.61,440692,USD,0.512557662737047
2026-03-24,EPR.N,50.35,467081,USD,1.43029814665592
2026-03-24,EPRT.N,31.1,846760,USD,-0.638977635782745
2026-03-24,EQH.N,37.57,736280,USD,-1.33928571428571
2026-03-24,EQIX.OQ,964.53,152220,USD,-0.251303052866723
2026-03-24,EQR.N,58.67,1442549,USD,0.44512925868859
2026-03-24,EQT.N,65.33,2216612,USD,0.153303694619032
2026-03-24,ERAS.OQ,14.67,1356093,USD,2.44413407821229
2026-03-24,ES.N,67.47,766893,USD,-0.266075388026618
2026-03-24,ESAB.N,95.46,212192,USD,-0.282043246631161
2026-03-24,ESE.N,276.84,42549,USD,3.31007202298763
2026-03-24,ESI.N,33.76,913057,USD,1.96315312594382
2026-03-24,ESNT.N,57.41,305747,USD,-0.450840991850191
2026-03-24,ESS.N,243.5,135611,USD,0.379256327809377
2026-03-24,ESTC.N,49.67,628292,USD,-6.08810739270183
2026-03-24,ETN.N,374.1,642774,USD,3.99177183521433
2026-03-24,ETR.N,102.52,716982,USD,1.16439707913952
2026-03-24,EVER.OQ,15.55,342041,USD,-2.56892230576441
2026-03-25,ECL.N,268.54,878969,USD,1.53124881848085
2026-03-25,ECVT.N,12.99,1015282,USD,3.8369304556355
2026-03-25,ED.N,110.03,585964,USD,0.136512559155447
2026-03-25,EEFT.OQ,67.11,218527,USD,-0.871491875923196
2026-03-25,EFC.N,11.77,320974,USD,2.25890529973936
2026-03-25,EFX.N,172.55,363106,USD,1.79941002949853
2026-03-25,EG.N,323.93,97833,USD,0.049417796584003
2026-03-25,EGP.N,183.6,153926,USD,0.382722799343898
2026-03-25,EHC.N,98.82,208243,USD,1.36424248640886
2026-03-25,EIG.N,40.04,95137,USD,-0.199401794616147
2026-03-25,EIX.N,71.19,759876,USD,-0.126262626262631
2026-03-25,EL.N,73.11,1491332,USD,2.28035814213765
2026-03-25,ELAN.N,25.5,2295529,USD,2.40963855421687
2026-03-25,ELF.N,69.65,371896,USD,3.09354647720545
2026-03-25,ELS.N,63.07,405580,USD,-0.441988950276245
2026-03-25,ELV.N,296.09,481921,USD,1.98394929907347
2026-03-25,ELVN.OQ,35.53,1398698,USD,14.0609951845907
2026-03-25,EME.N,764.76,64601,USD,0.458444441525347
2026-03-25,EMN.N,71.4,268847,USD,2.07290922087206
2026-03-25,EMR.N,130.86,761226,USD,0.545524394928934
2026-03-25,ENOV.N,22.62,194726,USD,2.3066485753053
2026-03-25,ENPH.OQ,42.53,1253386,USD,3.80766414449598
2026-03-25,ENR.N,16.74,350715,USD,0.600961538461526
2026-03-25,ENS.N,177.42,101020,USD,0.158067065597833
2026-03-25,ENSG.OQ,203.89,135790,USD,0.478020894933964
2026-03-25,ENTG.OQ,123.18,590201,USD,1.24106188871538
2026-03-25,ENVA.N,136.66,42652,USD,-0.524093754549424
2026-03-25,ENVX.OQ,5.39,1771060,USD,6.94444444444444
2026-03-25,EOG.N,143.21,1067639,USD,0.477092541921004
2026-03-25,EOSE.OQ,5.1,3027926,USD,0.196463654223964
2026-03-25,EPAC.N,37.48,140953,USD,0.374933047670041
2026-03-25,EPAM.N,133.26,448981,USD,0.165363800360793
2026-03-25,EPC.N,20.07,343213,USD,2.34574196838348
2026-03-25,EPR.N,49.51,245884,USD,-1.66832174776565
2026-03-25,EPRT.N,30.69,671883,USD,-1.31832797427653
2026-03-25,EQH.N,38.19,506658,USD,1.65025286132552
2026-03-25,EQIX.OQ,965.95,158086,USD,0.147221963028633
2026-03-25,EQR.N,58.46,887246,USD,-0.357934208283622
2026-03-25,EQT.N,67.93,1419423,USD,3.97979488749427
2026-03-25,ERAS.OQ,15.99,1795059,USD,8.99795501022495
2026-03-25,ES.N,67.04,933158,USD,-0.63732029049947
2026-03-25,ESAB.N,97.56,128933,USD,2.19987429289756
2026-03-25,ESE.N,288.77,69293,USD,4.30934836006358
2026-03-25,ESI.N,35.25,773284,USD,4.41350710900475
2026-03-25,ESNT.N,57.95,223574,USD,0.940602682459513
2026-03-25,ESS.N,242.14,251283,USD,-0.558521560574954
2026-03-25,ESTC.N,49.94,344031,USD,0.543587678679275
2026-03-25,ETN.N,375.0,696546,USD,0.240577385725736
2026-03-25,ETR.N,102.76,1054978,USD,0.234100663285222
2026-03-25,EVER.OQ,15.96,310522,USD,2.63665594855306
2026-03-26,ECL.N,264.25,474535,USD,-1.59752737022418
2026-03-26,ECVT.N,13.0,682735,USD,0.076982294072362
2026-03-26,ED.N,111.52,428074,USD,1.35417613378169
2026-03-26,EEFT.OQ,68.53,211941,USD,2.11592907167338
2026-03-26,EFC.N,11.7,397443,USD,-0.594732370433307
2026-03-26,EFX.N,174.51,344518,USD,1.13590263691682
2026-03-26,EG.N,323.89,190816,USD,-0.01234834686507
2026-03-26,EGP.N,184.06,119250,USD,0.250544662309373
2026-03-26,EHC.N,97.74,216623,USD,-1.09289617486339
2026-03-26,EIG.N,40.65,103107,USD,1.52347652347652
2026-03-26,EIX.N,70.77,555234,USD,-0.589970501474929
2026-03-26,EL.N,69.75,1371439,USD,-4.59581452605663
2026-03-26,ELAN.N,24.58,1045192,USD,-3.60784313725491
2026-03-26,ELF.N,66.88,391512,USD,-3.97702799712851
2026-03-26,ELS.N,62.8,357733,USD,-0.428095766608535
2026-03-26,ELV.N,294.25,320374,USD,-0.621432672498218
2026-03-26,ELVN.OQ,39.29,746605,USD,10.5826062482409
2026-03-26,EME.N,726.31,87905,USD,-5.02772111512109
2026-03-26,EMN.N,72.5,361371,USD,1.54061624649859
2026-03-26,EMR.N,126.31,821588,USD,-3.47699831881401
2026-03-26,ENOV.N,23.37,183960,USD,3.31564986737401
2026-03-26,ENPH.OQ,40.18,1379176,USD,-5.52551140371503
2026-03-26,ENR.N,17.24,386722,USD,2.9868578255675
2026-03-26,ENS.N,169.37,74566,USD,-4.53725622815916
2026-03-26,ENSG.OQ,201.99,154667,USD,-0.931875030653773
2026-03-26,ENTG.OQ,115.75,1052312,USD,-6.0318233479461
2026-03-26,ENVA.N,134.0,64515,USD,-1.94643641153227
2026-03-26,ENVX.OQ,5.12,1217946,USD,-5.00927643784786
2026-03-26,EOG.N,147.49,1194856,USD,2.98861811326025
2026-03-26,EOSE.OQ,4.82,2502922,USD,-5.49019607843136
2026-03-26,EPAC.N,34.54,286103,USD,-7.84418356456776
2026-03-26,EPAM.N,136.15,198833,USD,2.16869278102958
2026-03-26,EPC.N,21.08,247630,USD,5.03238664673641
2026-03-26,EPR.N,49.61,232941,USD,0.201979398101397
2026-03-26,EPRT.N,30.74,605689,USD,0.162919517758218
2026-03-26,EQH.N,38.53,1839196,USD,0.890285415030122
2026-03-26,EQIX.OQ,963.39,188751,USD,-0.265024069568824
2026-03-26,EQR.N,59.51,1456919,USD,1.79609989736572
2026-03-26,EQT.N,66.86,2026287,USD,-1.57515089062271
2026-03-26,ERAS.OQ,15.16,1342542,USD,-5.19074421513446
2026-03-26,ES.N,67.96,574798,USD,1.3723150357995
2026-03-26,ESAB.N,92.45,175594,USD,-5.23780237802378
2026-03-26,ESE.N,277.63,62247,USD,-3.8577414551373
2026-03-26,ESI.N,33.98,634980,USD,-3.60283687943263
2026-03-26,ESNT.N,58.59,224697,USD,1.10440034512511
2026-03-26,ESS.N,243.71,102097,USD,0.648385231684159
2026-03-26,ESTC.N,51.31,324796,USD,2.74329195034042
2026-03-26,ETN.N,357.1,468715,USD,-4.77333333333333
2026-03-26,ETR.N,102.86,715916,USD,0.097314130011672
2026-03-26,EVER.OQ,15.9,204314,USD,-0.375939849624063
2026-03-26,ECL.N,264.25,,USD,-1.59752737022418
2026-03-26,ECVT.N,13.0,,USD,0.076982294072362
2026-03-26,ED.N,111.52,,USD,1.35417613378169
2026-03-26,EEFT.OQ,68.53,,USD,2.11592907167338
2026-03-26,EFC.N,11.7,,USD,-0.594732370433307
2026-03-26,EFX.N,174.51,,USD,1.13590263691682
2026-03-26,EG.N,323.89,,USD,-0.01234834686507
2026-03-26,EGP.N,184.06,,USD,0.250544662309373
2026-03-26,EHC.N,97.74,,USD,-1.09289617486339
2026-03-26,EIG.N,40.65,,USD,1.52347652347652
2026-03-26,EIX.N,70.77,,USD,-0.589970501474929
2026-03-26,EL.N,69.75,,USD,-4.59581452605663
2026-03-26,ELAN.N,24.58,,USD,-3.60784313725491
2026-03-26,ELF.N,66.88,,USD,-3.97702799712851
2026-03-26,ELS.N,62.8,,USD,-0.428095766608535
2026-03-26,ELV.N,294.25,,USD,-0.621432672498218
2026-03-26,ELVN.OQ,39.29,,USD,10.5826062482409
2026-03-26,EME.N,726.31,,USD,-5.02772111512109
2026-03-26,EMN.N,72.5,,USD,1.54061624649859
2026-03-26,EMR.N,126.31,,USD,-3.47699831881401
2026-03-26,ENOV.N,23.37,,USD,3.31564986737401
2026-03-26,ENPH.OQ,40.18,,USD,-5.52551140371503
2026-03-26,ENR.N,17.24,,USD,2.9868578255675
2026-03-26,ENS.N,169.37,,USD,-4.53725622815916
2026-03-26,ENSG.OQ,201.99,,USD,-0.931875030653773
2026-03-26,ENTG.OQ,115.75,,USD,-6.0318233479461
2026-03-26,ENVA.N,134.0,,USD,-1.94643641153227
2026-03-26,ENVX.OQ,5.12,,USD,-5.00927643784786
2026-03-26,EOG.N,147.49,,USD,2.98861811326025
2026-03-26,EOSE.OQ,4.82,,USD,-5.49019607843136
2026-03-26,EPAC.N,34.54,,USD,-7.84418356456776
2026-03-26,EPAM.N,136.15,,USD,2.16869278102958
2026-03-26,EPC.N,21.08,,USD,5.03238664673641
2026-03-26,EPR.N,49.61,,USD,0.201979398101397
2026-03-26,EPRT.N,30.74,,USD,0.162919517758218
2026-03-26,EQH.N,38.53,,USD,0.890285415030122
2026-03-26,EQIX.OQ,963.39,,USD,-0.265024069568824
2026-03-26,EQR.N,59.51,,USD,1.79609989736572
2026-03-26,EQT.N,66.86,,USD,-1.57515089062271
2026-03-26,ERAS.OQ,15.16,,USD,-5.19074421513446
2026-03-26,ES.N,67.96,,USD,1.3723150357995
2026-03-26,ESAB.N,92.45,,USD,-5.23780237802378
2026-03-26,ESE.N,277.63,,USD,-3.8577414551373
2026-03-26,ESI.N,33.98,,USD,-3.60283687943263
2026-03-26,ESNT.N,58.59,,USD,1.10440034512511
2026-03-26,ESS.N,243.71,,USD,0.648385231684159
2026-03-26,ESTC.N,51.31,,USD,2.74329195034042
2026-03-26,ETN.N,357.1,,USD,-4.77333333333333
2026-03-26,ETR.N,102.86,,USD,0.097314130011672
2026-03-26,EVER.OQ,15.9,,USD,-0.375939849624063
2026-03-27,ECL.N,,0,,
2026-03-27,ECVT.N,,0,,
2026-03-27,ED.N,,0,,
2026-03-27,EEFT.OQ,,0,,
2026-03-27,EFC.N,,0,,
2026-03-27,EFX.N,,0,,
2026-03-27,EG.N,,0,,
2026-03-27,EGP.N,,0,,
2026-03-27,EHC.N,,0,,
2026-03-27,EIG.N,,0,,
2026-03-27,EIX.N,,0,,
2026-03-27,EL.N,,0,,
2026-03-27,ELAN.N,,0,,
2026-03-27,ELF.N,,0,,
2026-03-27,ELS.N,,0,,
2026-03-27,ELV.N,,0,,
2026-03-27,ELVN.OQ,,0,,
2026-03-27,EME.N,,0,,
2026-03-27,EMN.N,,0,,
2026-03-27,EMR.N,,0,,
2026-03-27,ENOV.N,,0,,
2026-03-27,ENPH.OQ,,0,,
2026-03-27,ENR.N,,0,,
2026-03-27,ENS.N,,0,,
2026-03-27,ENSG.OQ,,0,,
2026-03-27,ENTG.OQ,,0,,
2026-03-27,ENVA.N,,0,,
2026-03-27,ENVX.OQ,,0,,
2026-03-27,EOG.N,,0,,
2026-03-27,EOSE.OQ,,0,,
2026-03-27,EPAC.N,,0,,
2026-03-27,EPAM.N,,0,,
2026-03-27,EPC.N,,0,,
2026-03-27,EPR.N,,0,,
2026-03-27,EPRT.N,,0,,
2026-03-27,EQH.N,,0,,
2026-03-27,EQIX.OQ,,0,,
2026-03-27,EQR.N,,0,,
2026-03-27,EQT.N,,0,,
2026-03-27,ERAS.OQ,,0,,
2026-03-27,ES.N,,0,,
2026-03-27,ESAB.N,,0,,
2026-03-27,ESE.N,,0,,
2026-03-27,ESI.N,,0,,
2026-03-27,ESNT.N,,0,,
2026-03-27,ESS.N,,0,,
2026-03-27,ESTC.N,,0,,
2026-03-27,ETN.N,,0,,
2026-03-27,ETR.N,,0,,
2026-03-27,EVER.OQ,,0,,
2026-03-24,EVH.N,2.25,1678461,USD,-9.63855421686748
2026-03-24,EVLV.OQ,5.7,689015,USD,-2.73037542662116
2026-03-24,EVR.N,278.43,209867,USD,-0.247205503009457
2026-03-24,EVRG.OQ,79.93,1100874,USD,0.65482936657853
2026-03-24,EVTC.N,28.22,126422,USD,-2.31914157147803
2026-03-24,EW.N,81.69,1176009,USD,-0.40234089246525
2026-03-24,EWBC.OQ,105.79,384722,USD,0.781175573973523
2026-03-24,EWTX.OQ,30.64,347775,USD,2.81879194630872
2026-03-24,EXC.OQ,47.29,2703591,USD,0.254398982404065
2026-03-24,EXE.OQ,109.69,2473255,USD,1.90449646971386
2026-03-24,EXEL.OQ,41.57,1143244,USD,0.386380101424786
2026-03-24,EXLS.OQ,30.3,754115,USD,-1.87823834196891
2026-03-24,EXP.N,182.84,96944,USD,0.208264825167157
2026-03-24,EXPD.N,141.97,358825,USD,1.0175039134766
2026-03-24,EXPE.OQ,236.99,760398,USD,0.143672089583775
2026-03-24,EXPO.OQ,65.31,170386,USD,-1.53776571687019
2026-03-24,EXR.N,129.79,495281,USD,-1.54744747022682
2026-03-24,EXTR.OQ,15.15,541863,USD,-0.131839156229397
2026-03-24,EYE.OQ,27.5,587973,USD,0.511695906432751
2026-03-24,EYPT.OQ,12.59,312671,USD,-1.87061574434918
2026-03-24,F.N,11.84,9017534,USD,0.680272108843538
2026-03-24,FAF.N,58.11,300083,USD,0.08611780916293
2026-03-24,FANG.OQ,197.06,1115851,USD,2.7531546563771
2026-03-24,FAST.OQ,44.89,2450723,USD,0.989876265466812
2026-03-24,FBIN.N,39.56,878308,USD,0.457084814626713
2026-03-24,FBK.N,52.19,160023,USD,0.947775628626682
2026-03-24,FBNC.OQ,54.96,102701,USD,1.43964562569214
2026-03-24,FBP.N,21.03,550497,USD,1.30057803468208
2026-03-24,FCF.N,17.2,394252,USD,0.526008182349502
2026-03-24,FCFS.OQ,196.33,118874,USD,1.39964879661192
2026-03-24,FCN.N,171.19,154189,USD,-0.407237186572802
2026-03-24,FCNCA.OQ,1857.42,39675,USD,0.047938896759013
2026-03-24,FCPT.N,23.9,261646,USD,-0.994200497100257
2026-03-24,FCX.N,56.48,3713410,USD,2.80305788132508
2026-03-24,FDS.N,197.4,206735,USD,-5.31011656353432
2026-03-24,FDX.N,359.96,654714,USD,1.17488335488223
2026-03-24,FE.N,49.16,1052628,USD,0.799671929464822
2026-03-24,FELE.OQ,93.38,85713,USD,1.34577816366398
2026-03-24,FERG.N,225.93,525814,USD,1.54157303370787
2026-03-24,FFBC.OQ,27.32,375803,USD,0.9235315847802
2026-03-24,FFIN.OQ,29.55,342393,USD,0.033852403520655
2026-03-24,FFIV.OQ,289.04,190912,USD,-0.245038826574626
2026-03-24,FG.N,24.28,312746,USD,1.67504187604691
2026-03-24,FHB.OQ,24.53,1006903,USD,1.23813454395378
2026-03-24,FHN.N,22.69,1822096,USD,1.24944221329764
2026-03-24,FIBK.OQ,33.27,308713,USD,0.331724969843204
2026-03-24,FICO.N,995.0,110520,USD,-6.42603895310016
2026-03-24,FIGR.OQ,33.25,1038246,USD,0.120445648900931
2026-03-24,FIGS.N,15.25,826740,USD,1.87040748162992
2026-03-25,EVH.N,2.27,1539896,USD,0.88888888888889
2026-03-25,EVLV.OQ,5.93,1135364,USD,4.03508771929824
2026-03-25,EVR.N,286.87,148129,USD,3.03128254857594
2026-03-25,EVRG.OQ,79.98,552355,USD,0.062554735393466
2026-03-25,EVTC.N,27.88,120959,USD,-1.20481927710843
2026-03-25,EW.N,82.67,1255958,USD,1.19965724078835
2026-03-25,EWBC.OQ,106.77,364788,USD,0.926363550430088
2026-03-25,EWTX.OQ,31.94,254490,USD,4.24281984334204
2026-03-25,EXC.OQ,47.67,2123736,USD,0.803552548107428
2026-03-25,EXE.OQ,113.92,1442826,USD,3.85632236302307
2026-03-25,EXEL.OQ,42.785,822364,USD,2.92278085157565
2026-03-25,EXLS.OQ,30.28,697078,USD,-0.066006600660065
2026-03-25,EXP.N,186.69,153203,USD,2.10566615620214
2026-03-25,EXPD.N,143.18,298050,USD,0.852292737902379
2026-03-25,EXPE.OQ,236.26,531456,USD,-0.308029874678264
2026-03-25,EXPO.OQ,65.34,167378,USD,0.045934772622877
2026-03-25,EXR.N,129.99,405968,USD,0.154095076662314
2026-03-25,EXTR.OQ,15.46,428085,USD,2.04620462046205
2026-03-25,EYE.OQ,28.06,409413,USD,2.03636363636363
2026-03-25,EYPT.OQ,13.05,296576,USD,3.65369340746625
2026-03-25,F.N,11.67,8767881,USD,-1.43581081081081
2026-03-25,FAF.N,58.36,264516,USD,0.43021855102392
2026-03-25,FANG.OQ,196.02,837393,USD,-0.527758043235559
2026-03-25,FAST.OQ,45.37,2221870,USD,1.06928046335486
2026-03-25,FBIN.N,39.44,783856,USD,-0.303336703741164
2026-03-25,FBK.N,51.89,173840,USD,-0.574822762981409
2026-03-25,FBNC.OQ,55.77,95848,USD,1.47379912663756
2026-03-25,FBP.N,21.07,387389,USD,0.190204469805036
2026-03-25,FCF.N,17.29,338048,USD,0.523255813953488
2026-03-25,FCFS.OQ,190.43,132262,USD,-3.00514439973514
2026-03-25,FCN.N,168.56,87529,USD,-1.53630469069455
2026-03-25,FCNCA.OQ,1874.89,42257,USD,0.940551948401548
2026-03-25,FCPT.N,24.02,221363,USD,0.502092050209209
2026-03-25,FCX.N,57.09,2486883,USD,1.08002832861191
2026-03-25,FDS.N,193.88,310975,USD,-1.78318135764945
2026-03-25,FDX.N,357.52,542518,USD,-0.677853094788309
2026-03-25,FE.N,49.52,1305146,USD,0.732302685109859
2026-03-25,FELE.OQ,93.42,81315,USD,0.042835724994652
2026-03-25,FERG.N,228.84,323130,USD,1.28800956048333
2026-03-25,FFBC.OQ,27.64,263047,USD,1.17130307467057
2026-03-25,FFIN.OQ,29.39,289961,USD,-0.541455160744501
2026-03-25,FFIV.OQ,297.86,260629,USD,3.05148076390811
2026-03-25,FG.N,24.64,238295,USD,1.4827018121911
2026-03-25,FHB.OQ,24.44,469633,USD,-0.366897676314716
2026-03-25,FHN.N,22.73,1246173,USD,0.176289114147198
2026-03-25,FIBK.OQ,33.63,331578,USD,1.08205590622182
2026-03-25,FICO.N,1043.1,65755,USD,4.83417085427135
2026-03-25,FIGR.OQ,31.21,1270509,USD,-6.13533834586466
2026-03-25,FIGS.N,15.84,1097396,USD,3.86885245901639
2026-03-26,EVH.N,2.38,1083193,USD,4.84581497797356
2026-03-26,EVLV.OQ,5.96,817561,USD,0.505902192242837
2026-03-26,EVR.N,284.75,75244,USD,-0.739010701711578
2026-03-26,EVRG.OQ,80.4,674610,USD,0.525131282820707
2026-03-26,EVTC.N,28.3,81261,USD,1.506456241033
2026-03-26,EW.N,82.1,1625779,USD,-0.689488327083594
2026-03-26,EWBC.OQ,106.13,297971,USD,-0.599419312540976
2026-03-26,EWTX.OQ,31.65,162147,USD,-0.907952410770202
2026-03-26,EXC.OQ,48.4,3358480,USD,1.53136144325571
2026-03-26,EXE.OQ,111.05,2698983,USD,-2.51931179775281
2026-03-26,EXEL.OQ,42.36,702387,USD,-0.99333878695804
2026-03-26,EXLS.OQ,30.37,865218,USD,0.297225891677675
2026-03-26,EXP.N,183.92,88269,USD,-1.48374310354063
2026-03-26,EXPD.N,142.66,260582,USD,-0.363179214974166
2026-03-26,EXPE.OQ,232.84,446679,USD,-1.44755777533226
2026-03-26,EXPO.OQ,65.3,146134,USD,-0.061218243036434
2026-03-26,EXR.N,130.49,288902,USD,0.384644972690207
2026-03-26,EXTR.OQ,15.46,346689,USD,0.0
2026-03-26,EYE.OQ,27.43,370667,USD,-2.24518888096935
2026-03-26,EYPT.OQ,13.06,244866,USD,0.07662835249042
2026-03-26,F.N,11.6,6898329,USD,-0.599828620394176
2026-03-26,FAF.N,59.44,235713,USD,1.85058259081562
2026-03-26,FANG.OQ,202.19,1071979,USD,3.14763799612284
2026-03-26,FAST.OQ,45.11,2790819,USD,-0.573065902578792
2026-03-26,FBIN.N,38.62,860695,USD,-2.07910750507099
2026-03-26,FBK.N,51.97,116112,USD,0.154172287531313
2026-03-26,FBNC.OQ,55.61,75815,USD,-0.286892594584909
2026-03-26,FBP.N,21.18,338780,USD,0.52206929283341
2026-03-26,FCF.N,17.45,294519,USD,0.92539039907461
2026-03-26,FCFS.OQ,192.0,89630,USD,0.824449929107805
2026-03-26,FCN.N,171.27,92242,USD,1.6077361177029
2026-03-26,FCNCA.OQ,1896.78,31416,USD,1.16753516206283
2026-03-26,FCPT.N,23.87,190467,USD,-0.62447960033305
2026-03-26,FCX.N,55.83,2993694,USD,-2.2070415133999
2026-03-26,FDS.N,196.27,178067,USD,1.23272127088922
2026-03-26,FDX.N,349.55,450285,USD,-2.22924591631237
2026-03-26,FE.N,50.03,1047214,USD,1.02988691437802
2026-03-26,FELE.OQ,91.98,61337,USD,-1.54142581888246
2026-03-26,FERG.N,221.31,277821,USD,-3.29050865233351
2026-03-26,FFBC.OQ,27.7,315845,USD,0.217076700434149
2026-03-26,FFIN.OQ,29.53,285832,USD,0.476352500850631
2026-03-26,FFIV.OQ,293.15,256786,USD,-1.58127979587727
2026-03-26,FG.N,25.29,242421,USD,2.63798701298701
2026-03-26,FHB.OQ,24.59,459186,USD,0.61374795417348
2026-03-26,FHN.N,22.55,931111,USD,-0.79190497140343
2026-03-26,FIBK.OQ,33.5,496316,USD,-0.386559619387459
2026-03-26,FICO.N,1039.84,45250,USD,-0.312529958776722
2026-03-26,FIGR.OQ,31.94,874289,USD,2.33899391220763
2026-03-26,FIGS.N,15.43,962437,USD,-2.58838383838384
2026-03-26,EVH.N,2.38,,USD,4.84581497797356
2026-03-26,EVLV.OQ,5.96,,USD,0.505902192242837
2026-03-26,EVR.N,284.75,,USD,-0.739010701711578
2026-03-26,EVRG.OQ,80.4,,USD,0.525131282820707
2026-03-26,EVTC.N,28.3,,USD,1.506456241033
2026-03-26,EW.N,82.1,,USD,-0.689488327083594
2026-03-26,EWBC.OQ,106.13,,USD,-0.599419312540976
2026-03-26,EWTX.OQ,31.65,,USD,-0.907952410770202
2026-03-26,EXC.OQ,48.4,,USD,1.53136144325571
2026-03-26,EXE.OQ,111.05,,USD,-2.51931179775281
2026-03-26,EXEL.OQ,42.36,,USD,-0.99333878695804
2026-03-26,EXLS.OQ,30.37,,USD,0.297225891677675
2026-03-26,EXP.N,183.92,,USD,-1.48374310354063
2026-03-26,EXPD.N,142.66,,USD,-0.363179214974166
2026-03-26,EXPE.OQ,232.84,,USD,-1.44755777533226
2026-03-26,EXPO.OQ,65.3,,USD,-0.061218243036434
2026-03-26,EXR.N,130.49,,USD,0.384644972690207
2026-03-26,EXTR.OQ,15.46,,USD,0.0
2026-03-26,EYE.OQ,27.43,,USD,-2.24518888096935
2026-03-26,EYPT.OQ,13.06,,USD,0.07662835249042
2026-03-26,F.N,11.6,,USD,-0.599828620394176
2026-03-26,FAF.N,59.44,,USD,1.85058259081562
2026-03-26,FANG.OQ,202.19,,USD,3.14763799612284
2026-03-26,FAST.OQ,45.11,,USD,-0.573065902578792
2026-03-26,FBIN.N,38.62,,USD,-2.07910750507099
2026-03-26,FBK.N,51.97,,USD,0.154172287531313
2026-03-26,FBNC.OQ,55.61,,USD,-0.286892594584909
2026-03-26,FBP.N,21.18,,USD,0.52206929283341
2026-03-26,FCF.N,17.45,,USD,0.92539039907461
2026-03-26,FCFS.OQ,192.0,,USD,0.824449929107805
2026-03-26,FCN.N,171.27,,USD,1.6077361177029
2026-03-26,FCNCA.OQ,1896.78,,USD,1.16753516206283
2026-03-26,FCPT.N,23.87,,USD,-0.62447960033305
2026-03-26,FCX.N,55.83,,USD,-2.2070415133999
2026-03-26,FDS.N,196.27,,USD,1.23272127088922
2026-03-26,FDX.N,349.55,,USD,-2.22924591631237
2026-03-26,FE.N,50.03,,USD,1.02988691437802
2026-03-26,FELE.OQ,91.98,,USD,-1.54142581888246
2026-03-26,FERG.N,221.31,,USD,-3.29050865233351
2026-03-26,FFBC.OQ,27.7,,USD,0.217076700434149
2026-03-26,FFIN.OQ,29.53,,USD,0.476352500850631
2026-03-26,FFIV.OQ,293.15,,USD,-1.58127979587727
2026-03-26,FG.N,25.29,,USD,2.63798701298701
2026-03-26,FHB.OQ,24.59,,USD,0.61374795417348
2026-03-26,FHN.N,22.55,,USD,-0.79190497140343
2026-03-26,FIBK.OQ,33.5,,USD,-0.386559619387459
2026-03-26,FICO.N,1039.84,,USD,-0.312529958776722
2026-03-26,FIGR.OQ,31.94,,USD,2.33899391220763
2026-03-26,FIGS.N,15.43,,USD,-2.58838383838384
2026-03-27,EVH.N,,0,,
2026-03-27,EVLV.OQ,,0,,
2026-03-27,EVR.N,,0,,
2026-03-27,EVRG.OQ,,0,,
2026-03-27,EVTC.N,,0,,
2026-03-27,EW.N,,0,,
2026-03-27,EWBC.OQ,,0,,
2026-03-27,EWTX.OQ,,0,,
2026-03-27,EXC.OQ,,0,,
2026-03-27,EXE.OQ,,0,,
2026-03-27,EXEL.OQ,,0,,
2026-03-27,EXLS.OQ,,0,,
2026-03-27,EXP.N,,0,,
2026-03-27,EXPD.N,,0,,
2026-03-27,EXPE.OQ,,0,,
2026-03-27,EXPO.OQ,,0,,
2026-03-27,EXR.N,,0,,
2026-03-27,EXTR.OQ,,0,,
2026-03-27,EYE.OQ,,0,,
2026-03-27,EYPT.OQ,,0,,
2026-03-27,F.N,,0,,
2026-03-27,FAF.N,,0,,
2026-03-27,FANG.OQ,,0,,
2026-03-27,FAST.OQ,,0,,
2026-03-27,FBIN.N,,0,,
2026-03-27,FBK.N,,0,,
2026-03-27,FBNC.OQ,,0,,
2026-03-27,FBP.N,,0,,
2026-03-27,FCF.N,,0,,
2026-03-27,FCFS.OQ,,0,,
2026-03-27,FCN.N,,0,,
2026-03-27,FCNCA.OQ,,0,,
2026-03-27,FCPT.N,,0,,
2026-03-27,FCX.N,,0,,
2026-03-27,FDS.N,,0,,
2026-03-27,FDX.N,,0,,
2026-03-27,FE.N,,0,,
2026-03-27,FELE.OQ,,0,,
2026-03-27,FERG.N,,0,,
2026-03-27,FFBC.OQ,,0,,
2026-03-27,FFIN.OQ,,0,,
2026-03-27,FFIV.OQ,,0,,
2026-03-27,FG.N,,0,,
2026-03-27,FHB.OQ,,0,,
2026-03-27,FHN.N,,0,,
2026-03-27,FIBK.OQ,,0,,
2026-03-27,FICO.N,,0,,
2026-03-27,FIGR.OQ,,0,,
2026-03-27,FIGS.N,,0,,
2026-03-24,FIS.N,49.14,1814053,USD,-1.26582278481013
2026-03-24,FISV.OQ,56.34,2767316,USD,-2.37393865881129
2026-03-24,FITB.OQ,45.99,3238536,USD,1.36654176768791
2026-03-24,FIVE.OQ,231.09,354390,USD,0.25596529284165
2026-03-24,FIVN.OQ,15.03,670333,USD,-6.47168637212197
2026-03-24,FIX.N,1461.52,245236,USD,3.78270903603763
2026-03-24,FLEX.OQ,69.095,1554993,USD,6.23462484624845
2026-03-24,FLG.N,13.14,1821441,USD,4.03800475059382
2026-03-24,FLNC.OQ,16.15,796813,USD,5.14322916666666
2026-03-24,FLO.N,8.26,1157412,USD,0.0
2026-03-24,FLR.N,47.47,765795,USD,1.08603066439523
2026-03-24,FLS.N,75.39,502947,USD,1.52168058173983
2026-03-24,FLUT.N,107.83,851143,USD,-1.41707807643079
2026-03-24,FLY.OQ,23.73,1983794,USD,-1.1661807580175
2026-03-24,FLYW.OQ,12.31,565806,USD,-1.59872102318145
2026-03-24,FMC.N,14.83,1406209,USD,4.21644413211525
2026-03-24,FN.N,600.91,256148,USD,9.96212051896718
2026-03-24,FNB.N,16.46,1773119,USD,0.981595092024541
2026-03-24,FND.N,51.42,648330,USD,-1.81401565781935
2026-03-24,FNF.N,44.21,742769,USD,-0.58466381830447
2026-03-24,FOLD.OQ,14.41,1070209,USD,-0.069348127600553
2026-03-24,FORM.OQ,105.53,692978,USD,8.56995884773662
2026-03-24,FOUR.N,52.5,1445115,USD,19.2368839427663
2026-03-24,FOX.OQ,52.52,982712,USD,1.72380398992834
2026-03-24,FOXA.OQ,58.76,1452822,USD,2.58379888268156
2026-03-24,FOXF.OQ,17.33,212599,USD,3.46268656716417
2026-03-24,FR.N,57.77,354691,USD,-0.499483293145021
2026-03-24,FRME.OQ,37.98,209457,USD,0.290467388434115
2026-03-24,FRMI.OQ,7.46,1824928,USD,3.18118948824342
2026-03-24,FRPT.OQ,58.93,1303202,USD,-8.88991960420533
2026-03-24,FRSH.OQ,7.95,1655337,USD,-2.69277845777233
2026-03-24,FRT.N,103.12,311297,USD,-0.616808018504241
2026-03-24,FSLR.OQ,192.85,595799,USD,1.54275484414491
2026-03-24,FSLY.OQ,28.2,2465729,USD,-1.91304347826087
2026-03-24,FSS.N,112.25,140831,USD,3.42762369851654
2026-03-24,FTAI.OQ,247.07,292720,USD,2.28735846322632
2026-03-24,FTDR.OQ,59.25,291864,USD,1.07471852610031
2026-03-24,FTI.N,70.16,1482501,USD,3.17647058823529
2026-03-24,FTNT.OQ,79.34,2515525,USD,-4.14401353147275
2026-03-24,FTRE.OQ,9.58,349629,USD,-1.74358974358974
2026-03-24,FTV.N,54.9,922302,USD,-0.884636215923455
2026-03-24,FUBO.N,12.02,818900,USD,-8.93939393939395
2026-03-24,FUL.N,53.23,194528,USD,2.30636171439553
2026-03-24,FULT.OQ,20.01,747988,USD,0.755287009063455
2026-03-24,FUN.N,17.04,483170,USD,1.61001788908765
2026-03-24,FWONK.OQ,83.4,492216,USD,0.797679477882537
2026-03-24,FWRD.OQ,16.21,471607,USD,1.31250000000001
2026-03-24,FWRG.OQ,11.46,615101,USD,-7.20647773279351
2026-03-24,G.N,37.82,563125,USD,-2.42518059855521
2026-03-24,GAP.N,25.49,1946899,USD,3.19838056680162
2026-03-25,FIS.N,47.6,1419799,USD,-3.13390313390313
2026-03-25,FISV.OQ,56.64,1824437,USD,0.532481363152285
2026-03-25,FITB.OQ,45.81,2872068,USD,-0.391389432485322
2026-03-25,FIVE.OQ,233.65,394996,USD,1.10779350036782
2026-03-25,FIVN.OQ,14.605,805292,USD,-2.82767797737857
2026-03-25,FIX.N,1470.64,77197,USD,0.624007882204836
2026-03-25,FLEX.OQ,70.02,1113226,USD,1.3387365221796
2026-03-25,FLG.N,13.27,1184253,USD,0.989345509893448
2026-03-25,FLNC.OQ,16.35,631782,USD,1.23839009287927
2026-03-25,FLO.N,8.28,1293031,USD,0.242130750605322
2026-03-25,FLR.N,47.94,618118,USD,0.990099009900988
2026-03-25,FLS.N,76.59,334014,USD,1.59172304019101
2026-03-25,FLUT.N,103.4,595025,USD,-4.10831864972641
2026-03-25,FLY.OQ,27.53,2786600,USD,16.0134850400337
2026-03-25,FLYW.OQ,12.4,591186,USD,0.731112916328187
2026-03-25,FMC.N,15.44,933744,USD,4.11328388401888
2026-03-25,FN.N,612.03,175269,USD,1.85052670116989
2026-03-25,FNB.N,16.49,1813837,USD,0.182260024301322
2026-03-25,FND.N,52.77,494028,USD,2.62543757292882
2026-03-25,FNF.N,44.79,648667,USD,1.31192038000452
2026-03-25,FOLD.OQ,14.43,599812,USD,0.138792505204716
2026-03-25,FORM.OQ,108.07,613314,USD,2.40689851227138
2026-03-25,FOUR.N,48.86,543608,USD,-6.93333333333333
2026-03-25,FOX.OQ,52.35,519340,USD,-0.323686214775327
2026-03-25,FOXA.OQ,58.49,1140262,USD,-0.459496255956426
2026-03-25,FOXF.OQ,17.76,199280,USD,2.48124639353724
2026-03-25,FR.N,58.29,426157,USD,0.900121170157514
2026-03-25,FRME.OQ,38.18,220081,USD,0.526592943654563
2026-03-25,FRMI.OQ,6.66,2455386,USD,-10.7238605898123
2026-03-25,FRPT.OQ,60.1,836823,USD,1.98540641438996
2026-03-25,FRSH.OQ,7.92,1316072,USD,-0.377358490566041
2026-03-25,FRT.N,103.27,542235,USD,0.145461598138083
2026-03-25,FSLR.OQ,193.51,386686,USD,0.342234897588798
2026-03-25,FSLY.OQ,29.79,3365283,USD,5.63829787234043
2026-03-25,FSS.N,111.34,98502,USD,-0.81069042316258
2026-03-25,FTAI.OQ,246.73,352363,USD,-0.137612822277089
2026-03-25,FTDR.OQ,57.74,302657,USD,-2.54852320675105
2026-03-25,FTI.N,70.77,918509,USD,0.869441277080957
2026-03-25,FTNT.OQ,78.89,2313179,USD,-0.567179228636253
2026-03-25,FTRE.OQ,9.44,421193,USD,-1.46137787056368
2026-03-25,FTV.N,54.78,533172,USD,-0.218579234972673
2026-03-25,FUBO.N,10.85,785290,USD,-9.73377703826955
2026-03-25,FUL.N,56.71,377026,USD,6.537666729288
2026-03-25,FULT.OQ,20.1,541673,USD,0.449775112443777
2026-03-25,FUN.N,17.27,350224,USD,1.34976525821596
2026-03-25,FWONK.OQ,83.29,398012,USD,-0.131894484412469
2026-03-25,FWRD.OQ,16.61,145222,USD,2.46761258482417
2026-03-25,FWRG.OQ,11.27,703817,USD,-1.65794066317628
2026-03-25,G.N,37.66,449049,USD,-0.423056583818095
2026-03-25,GAP.N,24.93,1753917,USD,-2.19693997646135
2026-03-26,FIS.N,47.41,1661901,USD,-0.399159663865556
2026-03-26,FISV.OQ,55.54,1632076,USD,-1.94209039548023
2026-03-26,FITB.OQ,45.41,3263314,USD,-0.873171796550984
2026-03-26,FIVE.OQ,226.79,412782,USD,-2.93601540766104
2026-03-26,FIVN.OQ,15.12,654860,USD,3.52618966107497
2026-03-26,FIX.N,1358.66,91090,USD,-7.61437197410651
2026-03-26,FLEX.OQ,64.76,1044928,USD,-7.51213938874606
2026-03-26,FLG.N,13.23,1029744,USD,-0.301431801055005
2026-03-26,FLNC.OQ,14.96,886369,USD,-8.50152905198777
2026-03-26,FLO.N,8.36,868690,USD,0.966183574879228
2026-03-26,FLR.N,46.38,609806,USD,-3.25406758448059
2026-03-26,FLS.N,72.87,334813,USD,-4.85703094398746
2026-03-26,FLUT.N,103.57,647253,USD,0.164410058027067
2026-03-26,FLY.OQ,26.81,2041759,USD,-2.61532873229205
2026-03-26,FLYW.OQ,12.04,661072,USD,-2.90322580645162
2026-03-26,FMC.N,15.66,955927,USD,1.42487046632125
2026-03-26,FN.N,549.7,131792,USD,-10.184141300263
2026-03-26,FNB.N,16.54,1602569,USD,0.303214069132812
2026-03-26,FND.N,52.61,600911,USD,-0.303202577221913
2026-03-26,FNF.N,45.95,644932,USD,2.58986380888592
2026-03-26,FOLD.OQ,14.43,584986,USD,0.0
2026-03-26,FORM.OQ,100.35,518719,USD,-7.14351809012677
2026-03-26,FOUR.N,48.41,553388,USD,-0.920998772001643
2026-03-26,FOX.OQ,52.55,452676,USD,0.382043935052523
2026-03-26,FOXA.OQ,58.64,1199693,USD,0.256454094717043
2026-03-26,FOXF.OQ,18.21,392054,USD,2.53378378378378
2026-03-26,FR.N,58.17,575778,USD,-0.205867215645904
2026-03-26,FRME.OQ,38.27,110414,USD,0.235725510738616
2026-03-26,FRMI.OQ,6.08,3286258,USD,-8.70870870870871
2026-03-26,FRPT.OQ,58.79,476036,USD,-2.17970049916806
2026-03-26,FRSH.OQ,8.01,998317,USD,1.13636363636363
2026-03-26,FRT.N,103.7,187686,USD,0.416384235499184
2026-03-26,FSLR.OQ,185.83,511674,USD,-3.96878714278331
2026-03-26,FSLY.OQ,28.59,3733165,USD,-4.0281973816717
2026-03-26,FSS.N,108.55,87112,USD,-2.50583797377403
2026-03-26,FTAI.OQ,239.95,350740,USD,-2.74794309569165
2026-03-26,FTDR.OQ,55.84,228840,USD,-3.2906130931763
2026-03-26,FTI.N,70.33,729473,USD,-0.621732372474209
2026-03-26,FTNT.OQ,81.03,2084176,USD,2.71263785017113
2026-03-26,FTRE.OQ,9.55,477963,USD,1.16525423728815
2026-03-26,FTV.N,54.81,614834,USD,0.05476451259584
2026-03-26,FUBO.N,9.66,606144,USD,-10.9677419354839
2026-03-26,FUL.N,56.99,351176,USD,0.493740081114444
2026-03-26,FULT.OQ,20.16,613820,USD,0.298507462686561
2026-03-26,FUN.N,17.68,627581,USD,2.37405906195715
2026-03-26,FWONK.OQ,83.34,455358,USD,0.060031216232437
2026-03-26,FWRD.OQ,17.06,228734,USD,2.70921131848284
2026-03-26,FWRG.OQ,10.91,612734,USD,-3.19432120674356
2026-03-26,G.N,37.41,933221,USD,-0.663834306956984
2026-03-26,GAP.N,25.07,1844162,USD,0.56157240272764
2026-03-26,FIS.N,47.41,,USD,-0.399159663865556
2026-03-26,FISV.OQ,55.54,,USD,-1.94209039548023
2026-03-26,FITB.OQ,45.41,,USD,-0.873171796550984
2026-03-26,FIVE.OQ,226.79,,USD,-2.93601540766104
2026-03-26,FIVN.OQ,15.12,,USD,3.52618966107497
2026-03-26,FIX.N,1358.66,,USD,-7.61437197410651
2026-03-26,FLEX.OQ,64.76,,USD,-7.51213938874606
2026-03-26,FLG.N,13.23,,USD,-0.301431801055005
2026-03-26,FLNC.OQ,14.96,,USD,-8.50152905198777
2026-03-26,FLO.N,8.36,,USD,0.966183574879228
2026-03-26,FLR.N,46.38,,USD,-3.25406758448059
2026-03-26,FLS.N,72.87,,USD,-4.85703094398746
2026-03-26,FLUT.N,103.57,,USD,0.164410058027067
2026-03-26,FLY.OQ,26.81,,USD,-2.61532873229205
2026-03-26,FLYW.OQ,12.04,,USD,-2.90322580645162
2026-03-26,FMC.N,15.66,,USD,1.42487046632125
2026-03-26,FN.N,549.7,,USD,-10.184141300263
2026-03-26,FNB.N,16.54,,USD,0.303214069132812
2026-03-26,FND.N,52.61,,USD,-0.303202577221913
2026-03-26,FNF.N,45.95,,USD,2.58986380888592
2026-03-26,FOLD.OQ,14.43,,USD,0.0
2026-03-26,FORM.OQ,100.35,,USD,-7.14351809012677
2026-03-26,FOUR.N,48.41,,USD,-0.920998772001643
2026-03-26,FOX.OQ,52.55,,USD,0.382043935052523
2026-03-26,FOXA.OQ,58.64,,USD,0.256454094717043
2026-03-26,FOXF.OQ,18.21,,USD,2.53378378378378
2026-03-26,FR.N,58.17,,USD,-0.205867215645904
2026-03-26,FRME.OQ,38.27,,USD,0.235725510738616
2026-03-26,FRMI.OQ,6.08,,USD,-8.70870870870871
2026-03-26,FRPT.OQ,58.79,,USD,-2.17970049916806
2026-03-26,FRSH.OQ,8.01,,USD,1.13636363636363
2026-03-26,FRT.N,103.7,,USD,0.416384235499184
2026-03-26,FSLR.OQ,185.83,,USD,-3.96878714278331
2026-03-26,FSLY.OQ,28.59,,USD,-4.0281973816717
2026-03-26,FSS.N,108.55,,USD,-2.50583797377403
2026-03-26,FTAI.OQ,239.95,,USD,-2.74794309569165
2026-03-26,FTDR.OQ,55.84,,USD,-3.2906130931763
2026-03-26,FTI.N,70.33,,USD,-0.621732372474209
2026-03-26,FTNT.OQ,81.03,,USD,2.71263785017113
2026-03-26,FTRE.OQ,9.55,,USD,1.16525423728815
2026-03-26,FTV.N,54.81,,USD,0.05476451259584
2026-03-26,FUBO.N,9.66,,USD,-10.9677419354839
2026-03-26,FUL.N,56.99,,USD,0.493740081114444
2026-03-26,FULT.OQ,20.16,,USD,0.298507462686561
2026-03-26,FUN.N,17.68,,USD,2.37405906195715
2026-03-26,FWONK.OQ,83.34,,USD,0.060031216232437
2026-03-26,FWRD.OQ,17.06,,USD,2.70921131848284
2026-03-26,FWRG.OQ,10.91,,USD,-3.19432120674356
2026-03-26,G.N,37.41,,USD,-0.663834306956984
2026-03-26,GAP.N,25.07,,USD,0.56157240272764
2026-03-27,FIS.N,,0,,
2026-03-27,FISV.OQ,,0,,
2026-03-27,FITB.OQ,,0,,
2026-03-27,FIVE.OQ,,0,,
2026-03-27,FIVN.OQ,,0,,
2026-03-27,FIX.N,,0,,
2026-03-27,FLEX.OQ,,0,,
2026-03-27,FLG.N,,0,,
2026-03-27,FLNC.OQ,,0,,
2026-03-27,FLO.N,,0,,
2026-03-27,FLR.N,,0,,
2026-03-27,FLS.N,,0,,
2026-03-27,FLUT.N,,0,,
2026-03-27,FLY.OQ,,0,,
2026-03-27,FLYW.OQ,,0,,
2026-03-27,FMC.N,,0,,
2026-03-27,FN.N,,0,,
2026-03-27,FNB.N,,0,,
2026-03-27,FND.N,,0,,
2026-03-27,FNF.N,,0,,
2026-03-27,FOLD.OQ,,0,,
2026-03-27,FORM.OQ,,0,,
2026-03-27,FOUR.N,,0,,
2026-03-27,FOX.OQ,,0,,
2026-03-27,FOXA.OQ,,0,,
2026-03-27,FOXF.OQ,,0,,
2026-03-27,FR.N,,0,,
2026-03-27,FRME.OQ,,0,,
2026-03-27,FRMI.OQ,,0,,
2026-03-27,FRPT.OQ,,0,,
2026-03-27,FRSH.OQ,,0,,
2026-03-27,FRT.N,,0,,
2026-03-27,FSLR.OQ,,0,,
2026-03-27,FSLY.OQ,,0,,
2026-03-27,FSS.N,,0,,
2026-03-27,FTAI.OQ,,0,,
2026-03-27,FTDR.OQ,,0,,
2026-03-27,FTI.N,,0,,
2026-03-27,FTNT.OQ,,0,,
2026-03-27,FTRE.OQ,,0,,
2026-03-27,FTV.N,,0,,
2026-03-27,FUBO.N,,0,,
2026-03-27,FUL.N,,0,,
2026-03-27,FULT.OQ,,0,,
2026-03-27,FUN.N,,0,,
2026-03-27,FWONK.OQ,,0,,
2026-03-27,FWRD.OQ,,0,,
2026-03-27,FWRG.OQ,,0,,
2026-03-27,G.N,,0,,
2026-03-27,GAP.N,,0,,
2026-03-24,GATX.N,169.34,73281,USD,0.130085146641437
2026-03-24,GBCI.N,44.67,351782,USD,0.812457684495598
2026-03-24,GBTG.N,5.26,696012,USD,-3.66300366300367
2026-03-24,GBX.N,52.17,118458,USD,0.92861288450378
2026-03-24,GCT.OQ,42.02,186050,USD,-2.91127541589648
2026-03-24,GD.N,346.23,315076,USD,-0.328180326453058
2026-03-24,GDDY.N,80.31,965458,USD,-4.54059194104362
2026-03-24,GE.N,290.63,1440923,USD,-0.312135556012906
2026-03-24,GEF.N,66.25,118761,USD,2.06439685718688
2026-03-24,GEHC.OQ,70.96,1273484,USD,-0.963014654570847
2026-03-24,GEN.OQ,19.77,3942816,USD,-5.94671741198858
2026-03-24,GENI.N,4.54,1324299,USD,-3.40425531914894
2026-03-24,GEO.N,16.94,639426,USD,-0.352941176470581
2026-03-24,GEV.N,909.41,501232,USD,3.03294661470135
2026-03-24,GFF.N,71.63,120168,USD,0.64633974989461
2026-03-24,GFS.OQ,46.08,1460772,USD,4.82256596906278
2026-03-24,GGG.N,85.52,355357,USD,0.38736940955511
2026-03-24,GH.OQ,83.59,525308,USD,-1.61252354048963
2026-03-24,GHC.N,1062.58,8803,USD,-0.02352210607529
2026-03-24,GIII.OQ,26.96,282954,USD,-0.95518001469507
2026-03-24,GILD.OQ,138.11,2563287,USD,0.560652395514788
2026-03-24,GIS.N,36.8,2393365,USD,-1.49892933618844
2026-03-24,GKOS.N,105.23,239495,USD,-1.50692624485212
2026-03-24,GL.N,138.58,113699,USD,0.873489590915721
2026-03-24,GLIBK.OQ,36.88,140851,USD,0.217391304347841
2026-03-24,GLNG.OQ,54.51,1017922,USD,3.23863636363637
2026-03-24,GLOB.N,43.08,253539,USD,-3.94648829431439
2026-03-24,GLPI.OQ,45.99,1055000,USD,-0.519143413367932
2026-03-24,GLUE.OQ,14.72,470752,USD,-2.06254158349966
2026-03-24,GLW.N,142.01,5529362,USD,8.42941131556844
2026-03-24,GM.N,76.57,2091250,USD,1.12255678816692
2026-03-24,GME.N,22.81,1043706,USD,-0.955275727312212
2026-03-24,GMED.N,86.25,294393,USD,-1.10079119367044
2026-03-24,GNL.N,9.18,966741,USD,-0.649350649350655
2026-03-24,GNRC.N,209.21,205326,USD,3.64627198414665
2026-03-24,GNTX.OQ,21.81,1470772,USD,2.87735849056604
2026-03-24,GNW.N,8.09,1232305,USD,-0.123456790123454
2026-03-24,GO.OQ,6.53,1597719,USD,1.24031007751938
2026-03-24,GOLD.N,43.5,262508,USD,-0.911161731207286
2026-03-24,GOLF.N,93.33,93583,USD,0.940947436729402
2026-03-24,GOOG.OQ,289.2,10007660,USD,-3.28406126680489
2026-03-24,GOOGL.OQ,290.44,12716929,USD,-3.84691783089453
2026-03-24,GPC.N,103.01,950251,USD,1.92954680387889
2026-03-24,GPGI.N,18.42,2402953,USD,4.36260623229464
2026-03-24,GPI.N,317.85,56905,USD,-1.35621624976724
2026-03-24,GPK.N,8.98,2858441,USD,-3.02375809935205
2026-03-24,GPN.N,70.97,743321,USD,-0.126653532226292
2026-03-24,GPOR.N,209.27,51917,USD,0.891910134027588
2026-03-24,GPRE.OQ,16.3,480488,USD,6.11979166666668
2026-03-24,GRAL.OQ,48.65,186095,USD,-0.976999796458384
2026-03-25,GATX.N,170.05,42675,USD,0.419274831699544
2026-03-25,GBCI.N,44.63,274871,USD,-0.089545556301767
2026-03-25,GBTG.N,5.41,577033,USD,2.85171102661598
2026-03-25,GBX.N,52.49,68880,USD,0.613379336783593
2026-03-25,GCT.OQ,44.69,166815,USD,6.35411708710137
2026-03-25,GD.N,352.5,419278,USD,1.81093492764925
2026-03-25,GDDY.N,81.58,501677,USD,1.58137218279168
2026-03-25,GE.N,296.56,1151111,USD,2.04039500395692
2026-03-25,GEF.N,66.74,121923,USD,0.739622641509426
2026-03-25,GEHC.OQ,72.2,1252465,USD,1.74746335963925
2026-03-25,GEN.OQ,19.47,2762849,USD,-1.51745068285281
2026-03-25,GENI.N,4.6,1807115,USD,1.32158590308369
2026-03-25,GEO.N,17.5,419922,USD,3.30578512396693
2026-03-25,GEV.N,923.69,576237,USD,1.57024884265624
2026-03-25,GFF.N,72.36,66802,USD,1.01912606449812
2026-03-25,GFS.OQ,46.74,1482075,USD,1.43229166666668
2026-03-25,GGG.N,86.04,292397,USD,0.608044901777374
2026-03-25,GH.OQ,86.58,627968,USD,3.57698289269051
2026-03-25,GHC.N,1070.23,5885,USD,0.719945792316822
2026-03-25,GIII.OQ,27.13,296289,USD,0.630563798219578
2026-03-25,GILD.OQ,138.26,2058138,USD,0.108609079719048
2026-03-25,GIS.N,36.17,3725938,USD,-1.71195652173912
2026-03-25,GKOS.N,109.6,196278,USD,4.15280813456238
2026-03-25,GL.N,137.51,95596,USD,-0.772117188627523
2026-03-25,GLIBK.OQ,36.81,102626,USD,-0.189804772234274
2026-03-25,GLNG.OQ,53.09,871471,USD,-2.60502660062373
2026-03-25,GLOB.N,43.62,209394,USD,1.25348189415042
2026-03-25,GLPI.OQ,45.63,1994554,USD,-0.782778864970644
2026-03-25,GLUE.OQ,15.71,492192,USD,6.72554347826087
2026-03-25,GLW.N,146.35,2315780,USD,3.05612280825294
2026-03-25,GM.N,76.61,1759283,USD,0.05223978059293
2026-03-25,GME.N,23.08,1071992,USD,1.18369136343709
2026-03-25,GMED.N,87.35,258808,USD,1.27536231884057
2026-03-25,GNL.N,9.17,638721,USD,-0.108932461873636
2026-03-25,GNRC.N,205.16,438187,USD,-1.93585392667655
2026-03-25,GNTX.OQ,21.93,703745,USD,0.550206327372769
2026-03-25,GNW.N,8.16,1022086,USD,0.865265760197779
2026-03-25,GO.OQ,6.54,1564314,USD,0.153139356814698
2026-03-25,GOLD.N,43.13,200738,USD,-0.850574712643672
2026-03-25,GOLF.N,93.62,50867,USD,0.310725383049401
2026-03-25,GOOG.OQ,289.59,7680362,USD,0.134854771784228
2026-03-25,GOOGL.OQ,290.93,10750911,USD,0.168709544139929
2026-03-25,GPC.N,105.12,686270,USD,2.04834482089118
2026-03-25,GPGI.N,18.48,930215,USD,0.325732899022794
2026-03-25,GPI.N,326.86,33727,USD,2.8346704420324
2026-03-25,GPK.N,9.38,1917759,USD,4.4543429844098
2026-03-25,GPN.N,70.77,738475,USD,-0.28180921516134
2026-03-25,GPOR.N,212.96,57375,USD,1.76327232761504
2026-03-25,GPRE.OQ,16.19,475270,USD,-0.674846625766868
2026-03-25,GRAL.OQ,52.29,239817,USD,7.48201438848921
2026-03-26,GATX.N,168.42,51701,USD,-0.958541605410187
2026-03-26,GBCI.N,44.45,196517,USD,-0.403316155052654
2026-03-26,GBTG.N,5.53,618313,USD,2.2181146025878
2026-03-26,GBX.N,52.08,70160,USD,-0.781101162126126
2026-03-26,GCT.OQ,43.52,104818,USD,-2.61803535466546
2026-03-26,GD.N,355.28,464525,USD,0.788652482269496
2026-03-26,GDDY.N,81.73,582810,USD,0.183868595243939
2026-03-26,GE.N,285.24,1375090,USD,-3.81710277852711
2026-03-26,GEF.N,66.71,56921,USD,-0.044950554390173
2026-03-26,GEHC.OQ,71.54,2249763,USD,-0.91412742382271
2026-03-26,GEN.OQ,18.97,2820171,USD,-2.56805341551104
2026-03-26,GENI.N,4.41,1419059,USD,-4.13043478260869
2026-03-26,GEO.N,17.31,382242,USD,-1.08571428571429
2026-03-26,GEV.N,873.12,668762,USD,-5.47478049995129
2026-03-26,GFF.N,71.13,105099,USD,-1.69983416252073
2026-03-26,GFS.OQ,44.57,990266,USD,-4.64270432178006
2026-03-26,GGG.N,84.66,243395,USD,-1.60390516039053
2026-03-26,GH.OQ,88.1,592337,USD,1.75560175560175
2026-03-26,GHC.N,1070.16,4361,USD,-0.006540650140618
2026-03-26,GIII.OQ,26.89,197264,USD,-0.88462956137117
2026-03-26,GILD.OQ,136.88,2051771,USD,-0.998119485028204
2026-03-26,GIS.N,36.02,2401820,USD,-0.414708321813654
2026-03-26,GKOS.N,107.75,225416,USD,-1.68795620437956
2026-03-26,GL.N,138.8,132449,USD,0.938113591738798
2026-03-26,GLIBK.OQ,36.84,130100,USD,0.081499592502041
2026-03-26,GLNG.OQ,54.06,1011990,USD,1.8270860802411
2026-03-26,GLOB.N,45.35,236680,USD,3.96607060981202
2026-03-26,GLPI.OQ,44.92,819880,USD,-1.55599386368617
2026-03-26,GLUE.OQ,15.67,354941,USD,-0.254614894971362
2026-03-26,GLW.N,135.32,1909967,USD,-7.53672702425692
2026-03-26,GM.N,75.6,1675408,USD,-1.3183657485968
2026-03-26,GME.N,22.56,1008692,USD,-2.25303292894281
2026-03-26,GMED.N,86.5,272450,USD,-0.973096737263874
2026-03-26,GNL.N,9.17,533576,USD,0.0
2026-03-26,GNRC.N,198.0,267338,USD,-3.48995905634626
2026-03-26,GNTX.OQ,22.05,652112,USD,0.547195622435025
2026-03-26,GNW.N,8.31,1331174,USD,1.83823529411765
2026-03-26,GO.OQ,7.14,1946505,USD,9.1743119266055
2026-03-26,GOLD.N,39.56,275233,USD,-8.2773011824716
2026-03-26,GOLF.N,91.06,86247,USD,-2.73445844904935
2026-03-26,GOOG.OQ,280.74,11636733,USD,-3.05604475292654
2026-03-26,GOOGL.OQ,280.92,14315783,USD,-3.44069020039184
2026-03-26,GPC.N,105.28,454078,USD,0.152207001522067
2026-03-26,GPGI.N,17.31,889168,USD,-6.33116883116884
2026-03-26,GPI.N,331.51,40253,USD,1.42262742458544
2026-03-26,GPK.N,9.34,1457324,USD,-0.426439232409391
2026-03-26,GPN.N,69.97,754918,USD,-1.13042249540765
2026-03-26,GPOR.N,214.75,51940,USD,0.840533433508636
2026-03-26,GPRE.OQ,16.5,428747,USD,1.91476219888819
2026-03-26,GRAL.OQ,52.16,223227,USD,-0.248613501625555
2026-03-26,GATX.N,168.42,,USD,-0.958541605410187
2026-03-26,GBCI.N,44.45,,USD,-0.403316155052654
2026-03-26,GBTG.N,5.53,,USD,2.2181146025878
2026-03-26,GBX.N,52.08,,USD,-0.781101162126126
2026-03-26,GCT.OQ,43.52,,USD,-2.61803535466546
2026-03-26,GD.N,355.28,,USD,0.788652482269496
2026-03-26,GDDY.N,81.73,,USD,0.183868595243939
2026-03-26,GE.N,285.24,,USD,-3.81710277852711
2026-03-26,GEF.N,66.71,,USD,-0.044950554390173
2026-03-26,GEHC.OQ,71.54,,USD,-0.91412742382271
2026-03-26,GEN.OQ,18.97,,USD,-2.56805341551104
2026-03-26,GENI.N,4.41,,USD,-4.13043478260869
2026-03-26,GEO.N,17.31,,USD,-1.08571428571429
2026-03-26,GEV.N,873.12,,USD,-5.47478049995129
2026-03-26,GFF.N,71.13,,USD,-1.69983416252073
2026-03-26,GFS.OQ,44.57,,USD,-4.64270432178006
2026-03-26,GGG.N,84.66,,USD,-1.60390516039053
2026-03-26,GH.OQ,88.1,,USD,1.75560175560175
2026-03-26,GHC.N,1070.16,,USD,-0.006540650140618
2026-03-26,GIII.OQ,26.89,,USD,-0.88462956137117
2026-03-26,GILD.OQ,136.88,,USD,-0.998119485028204
2026-03-26,GIS.N,36.02,,USD,-0.414708321813654
2026-03-26,GKOS.N,107.75,,USD,-1.68795620437956
2026-03-26,GL.N,138.8,,USD,0.938113591738798
2026-03-26,GLIBK.OQ,36.84,,USD,0.081499592502041
2026-03-26,GLNG.OQ,54.06,,USD,1.8270860802411
2026-03-26,GLOB.N,45.35,,USD,3.96607060981202
2026-03-26,GLPI.OQ,44.92,,USD,-1.55599386368617
2026-03-26,GLUE.OQ,15.67,,USD,-0.254614894971362
2026-03-26,GLW.N,135.32,,USD,-7.53672702425692
2026-03-26,GM.N,75.6,,USD,-1.3183657485968
2026-03-26,GME.N,22.56,,USD,-2.25303292894281
2026-03-26,GMED.N,86.5,,USD,-0.973096737263874
2026-03-26,GNL.N,9.17,,USD,0.0
2026-03-26,GNRC.N,198.0,,USD,-3.48995905634626
2026-03-26,GNTX.OQ,22.05,,USD,0.547195622435025
2026-03-26,GNW.N,8.31,,USD,1.83823529411765
2026-03-26,GO.OQ,7.14,,USD,9.1743119266055
2026-03-26,GOLD.N,39.56,,USD,-8.2773011824716
2026-03-26,GOLF.N,91.06,,USD,-2.73445844904935
2026-03-26,GOOG.OQ,280.74,,USD,-3.05604475292654
2026-03-26,GOOGL.OQ,280.92,,USD,-3.44069020039184
2026-03-26,GPC.N,105.28,,USD,0.152207001522067
2026-03-26,GPGI.N,17.31,,USD,-6.33116883116884
2026-03-26,GPI.N,331.51,,USD,1.42262742458544
2026-03-26,GPK.N,9.34,,USD,-0.426439232409391
2026-03-26,GPN.N,69.97,,USD,-1.13042249540765
2026-03-26,GPOR.N,214.75,,USD,0.840533433508636
2026-03-26,GPRE.OQ,16.5,,USD,1.91476219888819
2026-03-26,GRAL.OQ,52.16,,USD,-0.248613501625555
2026-03-27,GATX.N,,0,,
2026-03-27,GBCI.N,,0,,
2026-03-27,GBTG.N,,0,,
2026-03-27,GBX.N,,0,,
2026-03-27,GCT.OQ,,0,,
2026-03-27,GD.N,,0,,
2026-03-27,GDDY.N,,0,,
2026-03-27,GE.N,,0,,
2026-03-27,GEF.N,,0,,
2026-03-27,GEHC.OQ,,0,,
2026-03-27,GEN.OQ,,0,,
2026-03-27,GENI.N,,0,,
2026-03-27,GEO.N,,0,,
2026-03-27,GEV.N,,0,,
2026-03-27,GFF.N,,0,,
2026-03-27,GFS.OQ,,0,,
2026-03-27,GGG.N,,0,,
2026-03-27,GH.OQ,,0,,
2026-03-27,GHC.N,,0,,
2026-03-27,GIII.OQ,,0,,
2026-03-27,GILD.OQ,,0,,
2026-03-27,GIS.N,,0,,
2026-03-27,GKOS.N,,0,,
2026-03-27,GL.N,,0,,
2026-03-27,GLIBK.OQ,,0,,
2026-03-27,GLNG.OQ,,0,,
2026-03-27,GLOB.N,,0,,
2026-03-27,GLPI.OQ,,0,,
2026-03-27,GLUE.OQ,,0,,
2026-03-27,GLW.N,,0,,
2026-03-27,GM.N,,0,,
2026-03-27,GME.N,,0,,
2026-03-27,GMED.N,,0,,
2026-03-27,GNL.N,,0,,
2026-03-27,GNRC.N,,0,,
2026-03-27,GNTX.OQ,,0,,
2026-03-27,GNW.N,,0,,
2026-03-27,GO.OQ,,0,,
2026-03-27,GOLD.N,,0,,
2026-03-27,GOLF.N,,0,,
2026-03-27,GOOG.OQ,,0,,
2026-03-27,GOOGL.OQ,,0,,
2026-03-27,GPC.N,,0,,
2026-03-27,GPGI.N,,0,,
2026-03-27,GPI.N,,0,,
2026-03-27,GPK.N,,0,,
2026-03-27,GPN.N,,0,,
2026-03-27,GPOR.N,,0,,
2026-03-27,GPRE.OQ,,0,,
2026-03-27,GRAL.OQ,,0,,
2026-03-24,GRBK.N,63.23,62850,USD,-0.393824826717076
2026-03-24,GRMN.N,241.11,224013,USD,1.00540404675129
2026-03-24,GRND.N,12.08,581356,USD,-4.43037974683545
2026-03-24,GRPN.OQ,10.6,685271,USD,-7.4235807860262
2026-03-24,GS.N,835.72,431609,USD,0.535325465853459
2026-03-24,GSAT.OQ,61.09,191857,USD,0.808580858085812
2026-03-24,GSHD.OQ,42.0,199544,USD,-5.38409551700834
2026-03-24,GT.OQ,6.38,2720168,USD,0.472440944881894
2026-03-24,GTES.N,22.95,700755,USD,0.74626865671641
2026-03-24,GTLB.OQ,20.66,2546973,USD,-7.22945666816345
2026-03-24,GTLS.N,207.05,234839,USD,-0.014487154722813
2026-03-24,GTM.OQ,5.75,2529574,USD,-6.95792880258899
2026-03-24,GTX.OQ,17.96,681504,USD,0.0
2026-03-24,GVA.N,121.11,164989,USD,1.22022565816966
2026-03-24,GWRE.N,150.73,291054,USD,-3.87730374338372
2026-03-24,GWW.N,1065.4,74534,USD,1.03653968344287
2026-03-24,GXO.N,51.61,391856,USD,0.291488534784296
2026-03-24,H.N,145.68,169670,USD,0.096193486326793
2026-03-24,HAE.N,56.66,194940,USD,-3.0790283954841
2026-03-24,HAL.N,38.11,3880748,USD,1.59957344708078
2026-03-24,HALO.OQ,62.04,538947,USD,-1.30448615972001
2026-03-24,HAS.OQ,92.6,410549,USD,-0.419399935476934
2026-03-24,HASI.N,36.41,280766,USD,0.192625206384131
2026-03-24,HAYW.N,13.87,655289,USD,0.144404332129961
2026-03-24,HBAN.OQ,15.48,5210215,USD,1.2426422498365
2026-03-24,HCA.N,485.72,315353,USD,-1.7914189817623
2026-03-24,HCC.N,95.58,293588,USD,10.5098855359001
2026-03-24,HCI.N,155.03,48145,USD,0.98358520062532
2026-03-24,HCSG.OQ,19.38,341527,USD,-0.76804915514594
2026-03-24,HD.N,330.91,1040744,USD,0.003022061045648
2026-03-24,HE.N,14.58,1025352,USD,1.25
2026-03-24,HEI.N,280.69,137723,USD,0.375482763553144
2026-03-24,HEIa.N,212.81,90565,USD,-0.103271839646998
2026-03-24,HELE.OQ,14.86,185739,USD,-1.65453342157512
2026-03-24,HGV.N,41.47,218021,USD,-0.384338217631525
2026-03-24,HHH.N,63.99,250717,USD,-0.280504908835904
2026-03-24,HIG.N,135.41,711464,USD,-0.014767776711224
2026-03-24,HII.N,402.08,108700,USD,1.38941422699649
2026-03-24,HIMS.N,21.34,4568822,USD,-4.986642920748
2026-03-24,HIW.N,21.06,327265,USD,-0.89411764705883
2026-03-24,HL.N,17.93,3664796,USD,0.673778775968563
2026-03-24,HLF.N,14.66,339222,USD,-0.47522063815343
2026-03-24,HLI.N,139.02,188066,USD,-0.997008973080742
2026-03-24,HLIO.N,67.54,77696,USD,3.70029172424384
2026-03-24,HLNE.OQ,99.55,368260,USD,-2.41152828154103
2026-03-24,HLT.N,299.91,379663,USD,-0.252768816310237
2026-03-24,HNI.N,36.47,306612,USD,-0.49113233287858
2026-03-24,HOG.N,18.61,1024258,USD,4.60933108487915
2026-03-24,HOLX.OQ,75.55,1272917,USD,-0.118984664198841
2026-03-24,HOMB.N,26.6,572407,USD,0.339494530365899
2026-03-25,GRBK.N,64.01,55880,USD,1.23359164953346
2026-03-25,GRMN.N,244.78,197698,USD,1.52212683007755
2026-03-25,GRND.N,12.42,857676,USD,2.81456953642384
2026-03-25,GRPN.OQ,11.28,589821,USD,6.41509433962264
2026-03-25,GS.N,841.84,672924,USD,0.732302685109846
2026-03-25,GSAT.OQ,67.38,670358,USD,10.2962841708954
2026-03-25,GSHD.OQ,41.19,178235,USD,-1.92857142857143
2026-03-25,GT.OQ,6.45,2990696,USD,1.09717868338558
2026-03-25,GTES.N,23.64,1059782,USD,3.00653594771242
2026-03-25,GTLB.OQ,20.67,1487417,USD,0.048402710551798
2026-03-25,GTLS.N,207.24,229996,USD,0.091765274088383
2026-03-25,GTM.OQ,5.81,2143713,USD,1.04347826086956
2026-03-25,GTX.OQ,18.53,890116,USD,3.17371937639198
2026-03-25,GVA.N,121.92,151515,USD,0.668813475352987
2026-03-25,GWRE.N,149.44,253191,USD,-0.855834936641672
2026-03-25,GWW.N,1075.87,51627,USD,0.982729491270865
2026-03-25,GXO.N,52.16,237331,USD,1.06568494477814
2026-03-25,H.N,147.57,158213,USD,1.29736408566721
2026-03-25,HAE.N,55.93,189604,USD,-1.28838686904341
2026-03-25,HAL.N,38.63,1899316,USD,1.3644712673839
2026-03-25,HALO.OQ,63.24,357795,USD,1.93423597678917
2026-03-25,HAS.OQ,92.19,395408,USD,-0.44276457883369
2026-03-25,HASI.N,36.82,281162,USD,1.12606426805824
2026-03-25,HAYW.N,13.93,617328,USD,0.43258832011536
2026-03-25,HBAN.OQ,15.54,5005618,USD,0.387596899224798
2026-03-25,HCA.N,484.02,212989,USD,-0.349995882401393
2026-03-25,HCC.N,96.83,202532,USD,1.30780498012136
2026-03-25,HCI.N,153.85,30506,USD,-0.761143004579763
2026-03-25,HCSG.OQ,19.69,221272,USD,1.59958720330239
2026-03-25,HD.N,332.51,1426365,USD,0.483515155178135
2026-03-25,HE.N,14.94,531404,USD,2.46913580246913
2026-03-25,HEI.N,279.09,146392,USD,-0.570023869749554
2026-03-25,HEIa.N,213.05,67740,USD,0.112776655232371
2026-03-25,HELE.OQ,14.99,159814,USD,0.874831763122482
2026-03-25,HGV.N,40.66,207042,USD,-1.95321919459851
2026-03-25,HHH.N,63.87,129628,USD,-0.187529301453359
2026-03-25,HIG.N,134.1,386228,USD,-0.96743224281811
2026-03-25,HII.N,402.56,94776,USD,0.11937922801433
2026-03-25,HIMS.N,20.84,4354632,USD,-2.34301780693533
2026-03-25,HIW.N,21.12,346973,USD,0.284900284900296
2026-03-25,HL.N,18.36,3045840,USD,2.39821528165086
2026-03-25,HLF.N,15.3,297101,USD,4.3656207366985
2026-03-25,HLI.N,141.88,341185,USD,2.05725794849661
2026-03-25,HLIO.N,67.23,97378,USD,-0.45898726680486
2026-03-25,HLNE.OQ,100.86,238508,USD,1.31592164741336
2026-03-25,HLT.N,303.16,397477,USD,1.08365843086259
2026-03-25,HNI.N,36.83,198626,USD,0.987112695366053
2026-03-25,HOG.N,18.47,866839,USD,-0.752283718430954
2026-03-25,HOLX.OQ,75.52,628284,USD,-0.039708802117804
2026-03-25,HOMB.N,26.62,541242,USD,0.07518796992481
2026-03-26,GRBK.N,63.0,86816,USD,-1.57787845649118
2026-03-26,GRMN.N,236.07,252247,USD,-3.55829724650707
2026-03-26,GRND.N,12.59,548331,USD,1.36876006441224
2026-03-26,GRPN.OQ,11.14,539280,USD,-1.24113475177304
2026-03-26,GS.N,822.64,751742,USD,-2.28071842630429
2026-03-26,GSAT.OQ,60.275,366191,USD,-10.5446720094984
2026-03-26,GSHD.OQ,42.08,134456,USD,2.16071862102452
2026-03-26,GT.OQ,6.62,2430542,USD,2.63565891472868
2026-03-26,GTES.N,22.71,713831,USD,-3.93401015228426
2026-03-26,GTLB.OQ,21.25,1344762,USD,2.80599903241412
2026-03-26,GTLS.N,207.02,132453,USD,-0.106157112526539
2026-03-26,GTM.OQ,5.93,2040474,USD,2.06540447504303
2026-03-26,GTX.OQ,18.34,927685,USD,-1.02536427415003
2026-03-26,GVA.N,118.83,129161,USD,-2.53444881889764
2026-03-26,GWRE.N,151.34,201335,USD,1.27141327623127
2026-03-26,GWW.N,1065.48,66328,USD,-0.965730060323262
2026-03-26,GXO.N,51.72,335906,USD,-0.843558282208585
2026-03-26,H.N,145.96,164270,USD,-1.09100765738293
2026-03-26,HAE.N,55.52,242659,USD,-0.73305918111925
2026-03-26,HAL.N,38.79,6550590,USD,0.414185865907317
2026-03-26,HALO.OQ,63.29,297918,USD,0.079063883617959
2026-03-26,HAS.OQ,91.16,398006,USD,-1.11725783707561
2026-03-26,HASI.N,36.45,182931,USD,-1.00488864747419
2026-03-26,HAYW.N,13.49,617814,USD,-3.1586503948313
2026-03-26,HBAN.OQ,15.43,3870398,USD,-0.707850707850704
2026-03-26,HCA.N,480.32,190757,USD,-0.764431221850334
2026-03-26,HCC.N,95.62,171666,USD,-1.24961272332954
2026-03-26,HCI.N,153.01,24630,USD,-0.545986350341244
2026-03-26,HCSG.OQ,19.11,226406,USD,-2.94565769426106
2026-03-26,HD.N,328.43,1108037,USD,-1.227030765992
2026-03-26,HE.N,14.98,410862,USD,0.267737617135214
2026-03-26,HEI.N,272.64,118041,USD,-2.31108244652262
2026-03-26,HEIa.N,208.33,64960,USD,-2.2154423844168
2026-03-26,HELE.OQ,14.85,184794,USD,-0.933955970647102
2026-03-26,HGV.N,40.36,215289,USD,-0.737825873093943
2026-03-26,HHH.N,64.2,140079,USD,0.516674495068116
2026-03-26,HIG.N,134.89,355700,USD,0.589112602535415
2026-03-26,HII.N,384.79,156818,USD,-4.41424880763116
2026-03-26,HIMS.N,20.86,3576484,USD,0.095969289827253
2026-03-26,HIW.N,21.05,302757,USD,-0.331439393939395
2026-03-26,HL.N,17.19,2814192,USD,-6.37254901960783
2026-03-26,HLF.N,14.76,462979,USD,-3.52941176470589
2026-03-26,HLI.N,141.14,115410,USD,-0.521567521849457
2026-03-26,HLIO.N,65.69,64666,USD,-2.29064405771234
2026-03-26,HLNE.OQ,97.53,255042,USD,-3.30160618679357
2026-03-26,HLT.N,301.7,508843,USD,-0.481593877820305
2026-03-26,HNI.N,35.21,270935,USD,-4.39858810752104
2026-03-26,HOG.N,19.49,1689072,USD,5.5224688684353
2026-03-26,HOLX.OQ,75.69,1163478,USD,0.225105932203392
2026-03-26,HOMB.N,26.73,524280,USD,0.413223140495866
2026-03-26,GRBK.N,63.0,,USD,-1.57787845649118
2026-03-26,GRMN.N,236.07,,USD,-3.55829724650707
2026-03-26,GRND.N,12.59,,USD,1.36876006441224
2026-03-26,GRPN.OQ,11.14,,USD,-1.24113475177304
2026-03-26,GS.N,822.64,,USD,-2.28071842630429
2026-03-26,GSAT.OQ,60.275,,USD,-10.5446720094984
2026-03-26,GSHD.OQ,42.08,,USD,2.16071862102452
2026-03-26,GT.OQ,6.62,,USD,2.63565891472868
2026-03-26,GTES.N,22.71,,USD,-3.93401015228426
2026-03-26,GTLB.OQ,21.25,,USD,2.80599903241412
2026-03-26,GTLS.N,207.02,,USD,-0.106157112526539
2026-03-26,GTM.OQ,5.93,,USD,2.06540447504303
2026-03-26,GTX.OQ,18.34,,USD,-1.02536427415003
2026-03-26,GVA.N,118.83,,USD,-2.53444881889764
2026-03-26,GWRE.N,151.34,,USD,1.27141327623127
2026-03-26,GWW.N,1065.48,,USD,-0.965730060323262
2026-03-26,GXO.N,51.72,,USD,-0.843558282208585
2026-03-26,H.N,145.96,,USD,-1.09100765738293
2026-03-26,HAE.N,55.52,,USD,-0.73305918111925
2026-03-26,HAL.N,38.79,,USD,0.414185865907317
2026-03-26,HALO.OQ,63.29,,USD,0.079063883617959
2026-03-26,HAS.OQ,91.16,,USD,-1.11725783707561
2026-03-26,HASI.N,36.45,,USD,-1.00488864747419
2026-03-26,HAYW.N,13.49,,USD,-3.1586503948313
2026-03-26,HBAN.OQ,15.43,,USD,-0.707850707850704
2026-03-26,HCA.N,480.32,,USD,-0.764431221850334
2026-03-26,HCC.N,95.62,,USD,-1.24961272332954
2026-03-26,HCI.N,153.01,,USD,-0.545986350341244
2026-03-26,HCSG.OQ,19.11,,USD,-2.94565769426106
2026-03-26,HD.N,328.43,,USD,-1.227030765992
2026-03-26,HE.N,14.98,,USD,0.267737617135214
2026-03-26,HEI.N,272.64,,USD,-2.31108244652262
2026-03-26,HEIa.N,208.33,,USD,-2.2154423844168
2026-03-26,HELE.OQ,14.85,,USD,-0.933955970647102
2026-03-26,HGV.N,40.36,,USD,-0.737825873093943
2026-03-26,HHH.N,64.2,,USD,0.516674495068116
2026-03-26,HIG.N,134.89,,USD,0.589112602535415
2026-03-26,HII.N,384.79,,USD,-4.41424880763116
2026-03-26,HIMS.N,20.86,,USD,0.095969289827253
2026-03-26,HIW.N,21.05,,USD,-0.331439393939395
2026-03-26,HL.N,17.19,,USD,-6.37254901960783
2026-03-26,HLF.N,14.76,,USD,-3.52941176470589
2026-03-26,HLI.N,141.14,,USD,-0.521567521849457
2026-03-26,HLIO.N,65.69,,USD,-2.29064405771234
2026-03-26,HLNE.OQ,97.53,,USD,-3.30160618679357
2026-03-26,HLT.N,301.7,,USD,-0.481593877820305
2026-03-26,HNI.N,35.21,,USD,-4.39858810752104
2026-03-26,HOG.N,19.49,,USD,5.5224688684353
2026-03-26,HOLX.OQ,75.69,,USD,0.225105932203392
2026-03-26,HOMB.N,26.73,,USD,0.413223140495866
2026-03-27,GRBK.N,,0,,
2026-03-27,GRMN.N,,0,,
2026-03-27,GRND.N,,0,,
2026-03-27,GRPN.OQ,,0,,
2026-03-27,GS.N,,0,,
2026-03-27,GSAT.OQ,,0,,
2026-03-27,GSHD.OQ,,0,,
2026-03-27,GT.OQ,,0,,
2026-03-27,GTES.N,,0,,
2026-03-27,GTLB.OQ,,0,,
2026-03-27,GTLS.N,,0,,
2026-03-27,GTM.OQ,,0,,
2026-03-27,GTX.OQ,,0,,
2026-03-27,GVA.N,,0,,
2026-03-27,GWRE.N,,0,,
2026-03-27,GWW.N,,0,,
2026-03-27,GXO.N,,0,,
2026-03-27,H.N,,0,,
2026-03-27,HAE.N,,0,,
2026-03-27,HAL.N,,0,,
2026-03-27,HALO.OQ,,0,,
2026-03-27,HAS.OQ,,0,,
2026-03-27,HASI.N,,0,,
2026-03-27,HAYW.N,,0,,
2026-03-27,HBAN.OQ,,0,,
2026-03-27,HCA.N,,0,,
2026-03-27,HCC.N,,0,,
2026-03-27,HCI.N,,0,,
2026-03-27,HCSG.OQ,,0,,
2026-03-27,HD.N,,0,,
2026-03-27,HE.N,,0,,
2026-03-27,HEI.N,,0,,
2026-03-27,HEIa.N,,0,,
2026-03-27,HELE.OQ,,0,,
2026-03-27,HGV.N,,0,,
2026-03-27,HHH.N,,0,,
2026-03-27,HIG.N,,0,,
2026-03-27,HII.N,,0,,
2026-03-27,HIMS.N,,0,,
2026-03-27,HIW.N,,0,,
2026-03-27,HL.N,,0,,
2026-03-27,HLF.N,,0,,
2026-03-27,HLI.N,,0,,
2026-03-27,HLIO.N,,0,,
2026-03-27,HLNE.OQ,,0,,
2026-03-27,HLT.N,,0,,
2026-03-27,HNI.N,,0,,
2026-03-27,HOG.N,,0,,
2026-03-27,HOLX.OQ,,0,,
2026-03-27,HOMB.N,,0,,
2026-03-24,HON.OQ,221.57,1534853,USD,-0.645710954665709
2026-03-24,HOOD.OQ,69.08,8403769,USD,-4.7040971168437
2026-03-24,HOPE.OQ,11.11,348048,USD,0.542986425339355
2026-03-24,HP.N,37.28,479205,USD,0.403985995152164
2026-03-24,HPE.N,23.9,7488997,USD,7.71729390681003
2026-03-24,HPQ.N,18.89,4249779,USD,1.94279546681057
2026-03-24,HQY.OQ,82.1,366184,USD,0.563449289563932
2026-03-24,HR.N,17.4,1855715,USD,-0.967558338076276
2026-03-24,HRB.N,30.96,438631,USD,-1.96326789107029
2026-03-24,HRI.N,102.56,154080,USD,-1.51718840023046
2026-03-24,HRL.N,22.65,1238425,USD,1.02586975914361
2026-03-24,HRMY.OQ,27.1,366756,USD,-1.81159420289855
2026-03-24,HROW.OQ,35.2,201526,USD,3.52941176470589
2026-03-24,HSIC.OQ,74.02,528817,USD,-0.590921300026857
2026-03-24,HST.OQ,18.97,2406247,USD,-0.888192267502621
2026-03-24,HSY.N,215.2,342750,USD,0.013942464098155
2026-03-24,HTFL.OQ,27.97,911752,USD,4.28784489187173
2026-03-24,HTH.N,35.34,164772,USD,-0.394588500563679
2026-03-24,HTO.OQ,56.45,165667,USD,-0.106175898071129
2026-03-24,HTZ.OQ,4.24,999698,USD,2.6634382566586
2026-03-24,HUBB.N,505.62,181480,USD,3.38397366430164
2026-03-24,HUBG.OQ,36.07,258040,USD,2.15236476918719
2026-03-24,HUBS.N,237.94,329157,USD,-9.2039990841792
2026-03-24,HUM.N,172.23,487777,USD,1.2284001410603
2026-03-24,HUN.N,11.41,1214946,USD,5.35549399815328
2026-03-24,HURN.OQ,124.85,88659,USD,-3.43414030474128
2026-03-24,HUT.OQ,53.25,1462672,USD,0.585568568190409
2026-03-24,HWC.OQ,63.41,462045,USD,1.1001275510204
2026-03-24,HWKN.OQ,147.75,67621,USD,4.98081568850362
2026-03-24,HWM.N,239.51,653771,USD,1.47008981528554
2026-03-24,HXL.N,80.92,321403,USD,2.09437294978551
2026-03-24,IAC.OQ,38.8,330351,USD,0.336177915696911
2026-03-24,IBKR.OQ,66.12,3588533,USD,-2.53537735849056
2026-03-24,IBM.N,240.59,1077483,USD,-3.15971663178232
2026-03-24,IBOC.OQ,67.84,180174,USD,0.340186362964064
2026-03-24,IBP.N,267.8,73394,USD,0.134609632067011
2026-03-24,IBRX.OQ,7.415,16036402,USD,-21.1170212765957
2026-03-24,ICE.N,155.82,894025,USD,-0.858942546287456
2026-03-24,ICFI.OQ,68.81,72232,USD,-0.072611094975308
2026-03-24,ICHR.OQ,51.15,258757,USD,4.88004921058026
2026-03-24,ICUI.OQ,129.4,117315,USD,-0.407911952589857
2026-03-24,IDA.N,137.87,214542,USD,0.892791803878521
2026-03-24,IDCC.OQ,305.66,153422,USD,-1.86219739292364
2026-03-24,IDXX.OQ,570.21,159627,USD,-1.43472022955523
2026-03-24,IDYA.OQ,30.53,440723,USD,-3.50821744627054
2026-03-24,IE.A,11.09,411859,USD,-1.94518125552609
2026-03-24,IESC.OQ,495.72,68775,USD,5.02542372881357
2026-03-24,IEX.N,192.88,306150,USD,2.26393086262657
2026-03-24,IFF.N,67.9,636248,USD,-0.337589901658579
2026-03-24,ILMN.OQ,125.98,483081,USD,1.7691251312707
2026-03-25,HON.OQ,225.79,1876103,USD,1.90458997156655
2026-03-25,HOOD.OQ,72.54,7205747,USD,5.008685581934
2026-03-25,HOPE.OQ,11.18,254926,USD,0.630063006300633
2026-03-25,HP.N,36.36,542575,USD,-2.46781115879829
2026-03-25,HPE.N,25.78,9942878,USD,7.86610878661089
2026-03-25,HPQ.N,19.46,5603359,USD,3.01746956061408
2026-03-25,HQY.OQ,82.47,460875,USD,0.45066991473813
2026-03-25,HR.N,17.23,1685324,USD,-0.977011494252863
2026-03-25,HRB.N,30.78,639794,USD,-0.581395348837208
2026-03-25,HRI.N,106.72,180987,USD,4.05616224648986
2026-03-25,HRL.N,23.05,1172927,USD,1.76600441501105
2026-03-25,HRMY.OQ,27.59,240400,USD,1.80811808118081
2026-03-25,HROW.OQ,36.35,193207,USD,3.26704545454545
2026-03-25,HSIC.OQ,74.25,395002,USD,0.310726830586333
2026-03-25,HST.OQ,19.48,3314160,USD,2.68845545598314
2026-03-25,HSY.N,217.0,305070,USD,0.836431226765805
2026-03-25,HTFL.OQ,27.75,378635,USD,-0.786557025384336
2026-03-25,HTH.N,35.56,87483,USD,0.622524052065645
2026-03-25,HTO.OQ,56.72,165975,USD,0.478299379982278
2026-03-25,HTZ.OQ,4.37,2343933,USD,3.06603773584905
2026-03-25,HUBB.N,503.2,152205,USD,-0.478620307740994
2026-03-25,HUBG.OQ,36.35,264430,USD,0.776268367064045
2026-03-25,HUBS.N,238.07,350336,USD,0.05463562242582
2026-03-25,HUM.N,174.24,233923,USD,1.16704406897754
2026-03-25,HUN.N,12.37,1521162,USD,8.41367221735319
2026-03-25,HURN.OQ,120.36,131196,USD,-3.59631557869443
2026-03-25,HUT.OQ,55.62,1040318,USD,4.45070422535211
2026-03-25,HWC.OQ,63.79,301392,USD,0.59927456237187
2026-03-25,HWKN.OQ,152.31,50002,USD,3.08629441624366
2026-03-25,HWM.N,241.62,482757,USD,0.880965304162671
2026-03-25,HXL.N,82.24,308609,USD,1.63124073158674
2026-03-25,IAC.OQ,38.94,277386,USD,0.360824742268043
2026-03-25,IBKR.OQ,68.68,1834022,USD,3.87174833635814
2026-03-25,IBM.N,241.39,1530835,USD,0.332515898416386
2026-03-25,IBOC.OQ,67.71,141856,USD,-0.19162735849058
2026-03-25,IBP.N,271.6,79108,USD,1.41896938013443
2026-03-25,IBRX.OQ,8.07,6007159,USD,8.83344571813891
2026-03-25,ICE.N,156.83,1147687,USD,0.648183801822628
2026-03-25,ICFI.OQ,66.16,174056,USD,-3.85118442086907
2026-03-25,ICHR.OQ,51.16,190082,USD,0.019550342130983
2026-03-25,ICUI.OQ,131.38,100510,USD,1.53013910355486
2026-03-25,IDA.N,138.56,237627,USD,0.500471458620438
2026-03-25,IDCC.OQ,311.05,113056,USD,1.76339723876202
2026-03-25,IDXX.OQ,575.72,165135,USD,0.966310657477068
2026-03-25,IDYA.OQ,31.39,352597,USD,2.8169014084507
2026-03-25,IE.A,11.16,347963,USD,0.631199278629398
2026-03-25,IESC.OQ,501.27,41250,USD,1.1195836359235
2026-03-25,IEX.N,191.63,271686,USD,-0.648071339693073
2026-03-25,IFF.N,70.71,700521,USD,4.1384388807069
2026-03-25,ILMN.OQ,126.2,455416,USD,0.174630893792665
2026-03-26,HON.OQ,225.17,2093717,USD,-0.274591434518803
2026-03-26,HOOD.OQ,70.35,5981065,USD,-3.01902398676594
2026-03-26,HOPE.OQ,11.14,233729,USD,-0.357781753130583
2026-03-26,HP.N,36.95,365154,USD,1.62266226622663
2026-03-26,HPE.N,25.07,7040904,USD,-2.75407292474787
2026-03-26,HPQ.N,19.32,5787554,USD,-0.719424460431658
2026-03-26,HQY.OQ,83.85,266191,USD,1.67333575845762
2026-03-26,HR.N,17.2,990156,USD,-0.174114915844464
2026-03-26,HRB.N,31.28,438045,USD,1.62443144899285
2026-03-26,HRI.N,104.83,67609,USD,-1.77098950524738
2026-03-26,HRL.N,22.85,1511760,USD,-0.867678958785246
2026-03-26,HRMY.OQ,27.44,321788,USD,-0.543675244653855
2026-03-26,HROW.OQ,35.38,182903,USD,-2.66850068775791
2026-03-26,HSIC.OQ,73.71,344885,USD,-0.727272727272736
2026-03-26,HST.OQ,19.42,2808111,USD,-0.308008213552355
2026-03-26,HSY.N,210.43,429530,USD,-3.02764976958525
2026-03-26,HTFL.OQ,25.88,508816,USD,-6.73873873873874
2026-03-26,HTH.N,35.63,93217,USD,0.196850393700788
2026-03-26,HTO.OQ,57.91,211976,USD,2.09802538787024
2026-03-26,HTZ.OQ,4.77,5817129,USD,9.15331807780319
2026-03-26,HUBB.N,481.67,136831,USD,-4.27861685214626
2026-03-26,HUBG.OQ,36.11,351946,USD,-0.660247592847323
2026-03-26,HUBS.N,245.07,214264,USD,2.94031167303734
2026-03-26,HUM.N,175.14,241742,USD,0.516528925619822
2026-03-26,HUN.N,12.55,2124591,USD,1.45513338722717
2026-03-26,HURN.OQ,121.81,74258,USD,1.20471917580592
2026-03-26,HUT.OQ,50.58,1458634,USD,-9.06148867313916
2026-03-26,HWC.OQ,63.44,257223,USD,-0.548675340962536
2026-03-26,HWKN.OQ,151.34,48080,USD,-0.63685903748933
2026-03-26,HWM.N,230.51,423508,USD,-4.59812929393263
2026-03-26,HXL.N,80.54,247412,USD,-2.06712062256808
2026-03-26,IAC.OQ,39.88,408203,USD,2.41397021058039
2026-03-26,IBKR.OQ,66.2,1343465,USD,-3.61094933022715
2026-03-26,IBM.N,241.67,1183949,USD,0.115994863084635
2026-03-26,IBOC.OQ,67.85,122604,USD,0.206764141190372
2026-03-26,IBP.N,264.98,55870,USD,-2.43740795287187
2026-03-26,IBRX.OQ,7.38,4260624,USD,-8.55018587360595
2026-03-26,ICE.N,155.96,682053,USD,-0.55474080214245
2026-03-26,ICFI.OQ,65.78,175222,USD,-0.57436517533252
2026-03-26,ICHR.OQ,45.45,229045,USD,-11.1610633307271
2026-03-26,ICUI.OQ,127.65,76725,USD,-2.83909270817475
2026-03-26,IDA.N,139.58,197678,USD,0.736143187066982
2026-03-26,IDCC.OQ,299.04,91647,USD,-3.86111557627391
2026-03-26,IDXX.OQ,573.29,189731,USD,-0.422080177864251
2026-03-26,IDYA.OQ,32.09,287822,USD,2.23000955718383
2026-03-26,IE.A,10.8,260893,USD,-3.2258064516129
2026-03-26,IESC.OQ,468.92,32510,USD,-6.45360783609631
2026-03-26,IEX.N,189.73,240506,USD,-0.991494024943905
2026-03-26,IFF.N,71.15,544203,USD,0.622259934945569
2026-03-26,ILMN.OQ,124.4,452141,USD,-1.42630744849445
2026-03-26,HON.OQ,225.17,,USD,-0.274591434518803
2026-03-26,HOOD.OQ,70.35,,USD,-3.01902398676594
2026-03-26,HOPE.OQ,11.14,,USD,-0.357781753130583
2026-03-26,HP.N,36.95,,USD,1.62266226622663
2026-03-26,HPE.N,25.07,,USD,-2.75407292474787
2026-03-26,HPQ.N,19.32,,USD,-0.719424460431658
2026-03-26,HQY.OQ,83.85,,USD,1.67333575845762
2026-03-26,HR.N,17.2,,USD,-0.174114915844464
2026-03-26,HRB.N,31.28,,USD,1.62443144899285
2026-03-26,HRI.N,104.83,,USD,-1.77098950524738
2026-03-26,HRL.N,22.85,,USD,-0.867678958785246
2026-03-26,HRMY.OQ,27.44,,USD,-0.543675244653855
2026-03-26,HROW.OQ,35.38,,USD,-2.66850068775791
2026-03-26,HSIC.OQ,73.71,,USD,-0.727272727272736
2026-03-26,HST.OQ,19.42,,USD,-0.308008213552355
2026-03-26,HSY.N,210.43,,USD,-3.02764976958525
2026-03-26,HTFL.OQ,25.88,,USD,-6.73873873873874
2026-03-26,HTH.N,35.63,,USD,0.196850393700788
2026-03-26,HTO.OQ,57.91,,USD,2.09802538787024
2026-03-26,HTZ.OQ,4.77,,USD,9.15331807780319
2026-03-26,HUBB.N,481.67,,USD,-4.27861685214626
2026-03-26,HUBG.OQ,36.11,,USD,-0.660247592847323
2026-03-26,HUBS.N,245.07,,USD,2.94031167303734
2026-03-26,HUM.N,175.14,,USD,0.516528925619822
2026-03-26,HUN.N,12.55,,USD,1.45513338722717
2026-03-26,HURN.OQ,121.81,,USD,1.20471917580592
2026-03-26,HUT.OQ,50.58,,USD,-9.06148867313916
2026-03-26,HWC.OQ,63.44,,USD,-0.548675340962536
2026-03-26,HWKN.OQ,151.34,,USD,-0.63685903748933
2026-03-26,HWM.N,230.51,,USD,-4.59812929393263
2026-03-26,HXL.N,80.54,,USD,-2.06712062256808
2026-03-26,IAC.OQ,39.88,,USD,2.41397021058039
2026-03-26,IBKR.OQ,66.2,,USD,-3.61094933022715
2026-03-26,IBM.N,241.67,,USD,0.115994863084635
2026-03-26,IBOC.OQ,67.85,,USD,0.206764141190372
2026-03-26,IBP.N,264.98,,USD,-2.43740795287187
2026-03-26,IBRX.OQ,7.38,,USD,-8.55018587360595
2026-03-26,ICE.N,155.96,,USD,-0.55474080214245
2026-03-26,ICFI.OQ,65.78,,USD,-0.57436517533252
2026-03-26,ICHR.OQ,45.45,,USD,-11.1610633307271
2026-03-26,ICUI.OQ,127.65,,USD,-2.83909270817475
2026-03-26,IDA.N,139.58,,USD,0.736143187066982
2026-03-26,IDCC.OQ,299.04,,USD,-3.86111557627391
2026-03-26,IDXX.OQ,573.29,,USD,-0.422080177864251
2026-03-26,IDYA.OQ,32.09,,USD,2.23000955718383
2026-03-26,IE.A,10.8,,USD,-3.2258064516129
2026-03-26,IESC.OQ,468.92,,USD,-6.45360783609631
2026-03-26,IEX.N,189.73,,USD,-0.991494024943905
2026-03-26,IFF.N,71.15,,USD,0.622259934945569
2026-03-26,ILMN.OQ,124.4,,USD,-1.42630744849445
2026-03-27,HON.OQ,,0,,
2026-03-27,HOOD.OQ,,0,,
2026-03-27,HOPE.OQ,,0,,
2026-03-27,HP.N,,0,,
2026-03-27,HPE.N,,0,,
2026-03-27,HPQ.N,,0,,
2026-03-27,HQY.OQ,,0,,
2026-03-27,HR.N,,0,,
2026-03-27,HRB.N,,0,,
2026-03-27,HRI.N,,0,,
2026-03-27,HRL.N,,0,,
2026-03-27,HRMY.OQ,,0,,
2026-03-27,HROW.OQ,,0,,
2026-03-27,HSIC.OQ,,0,,
2026-03-27,HST.OQ,,0,,
2026-03-27,HSY.N,,0,,
2026-03-27,HTFL.OQ,,0,,
2026-03-27,HTH.N,,0,,
2026-03-27,HTO.OQ,,0,,
2026-03-27,HTZ.OQ,,0,,
2026-03-27,HUBB.N,,0,,
2026-03-27,HUBG.OQ,,0,,
2026-03-27,HUBS.N,,0,,
2026-03-27,HUM.N,,0,,
2026-03-27,HUN.N,,0,,
2026-03-27,HURN.OQ,,0,,
2026-03-27,HUT.OQ,,0,,
2026-03-27,HWC.OQ,,0,,
2026-03-27,HWKN.OQ,,0,,
2026-03-27,HWM.N,,0,,
2026-03-27,HXL.N,,0,,
2026-03-27,IAC.OQ,,0,,
2026-03-27,IBKR.OQ,,0,,
2026-03-27,IBM.N,,0,,
2026-03-27,IBOC.OQ,,0,,
2026-03-27,IBP.N,,0,,
2026-03-27,IBRX.OQ,,0,,
2026-03-27,ICE.N,,0,,
2026-03-27,ICFI.OQ,,0,,
2026-03-27,ICHR.OQ,,0,,
2026-03-27,ICUI.OQ,,0,,
2026-03-27,IDA.N,,0,,
2026-03-27,IDCC.OQ,,0,,
2026-03-27,IDXX.OQ,,0,,
2026-03-27,IDYA.OQ,,0,,
2026-03-27,IE.A,,0,,
2026-03-27,IESC.OQ,,0,,
2026-03-27,IEX.N,,0,,
2026-03-27,IFF.N,,0,,
2026-03-27,ILMN.OQ,,0,,
2026-03-24,IMAX.N,38.21,191331,USD,0.446898002103054
2026-03-24,IMNM.OQ,20.21,503008,USD,-2.60240963855421
2026-03-24,IMVT.OQ,23.84,503061,USD,-2.2149302707137
2026-03-24,INBX.OQ,63.12,106635,USD,-2.33637629583784
2026-03-24,INCY.OQ,90.62,773674,USD,0.187949143173026
2026-03-24,INDB.OQ,75.01,162457,USD,-0.173010380622831
2026-03-24,INDV.OQ,28.79,2079601,USD,-2.04151071793127
2026-03-24,INGR.N,110.06,210475,USD,-0.353100950656406
2026-03-24,INOD.OQ,44.3,134707,USD,-1.42412105028928
2026-03-24,INSM.OQ,139.14,1031618,USD,-3.36157799694402
2026-03-24,INSP.N,52.07,293173,USD,-0.172546012269932
2026-03-24,INSW.N,73.15,162713,USD,4.50000000000001
2026-03-24,INTA.OQ,24.12,263275,USD,-7.01619121048574
2026-03-24,INTC.OQ,44.06,15466098,USD,0.113610543058406
2026-03-24,INTU.OQ,432.45,753236,USD,-5.37613233556518
2026-03-24,INVA.OQ,21.92,241119,USD,0.045641259698775
2026-03-24,INVH.N,25.01,2626208,USD,1.00969305331179
2026-03-24,IONQ.N,32.7,2627112,USD,-1.23829658713379
2026-03-24,IONS.OQ,69.68,864990,USD,-1.56801808164995
2026-03-24,IOSP.OQ,67.9,356370,USD,0.861556743909704
2026-03-24,IOT.N,32.09,1470151,USD,-3.3433734939759
2026-03-24,IOVA.OQ,3.62,2607474,USD,-0.275482093663906
2026-03-24,IP.N,36.14,2023246,USD,1.63104611923509
2026-03-24,IPAR.OQ,90.13,82214,USD,-0.617488146432906
2026-03-24,IPGP.OQ,125.7,150241,USD,5.49727234578262
2026-03-24,IQV.N,166.09,606098,USD,-0.521082894106376
2026-03-24,IR.N,83.15,712336,USD,1.04508445740673
2026-03-24,IRDM.OQ,26.83,592644,USD,2.01520912547528
2026-03-24,IRM.N,100.71,651704,USD,-1.20659211300766
2026-03-24,IRON.OQ,59.61,205235,USD,0.845880561664693
2026-03-24,IRT.N,15.1,1129133,USD,-0.198281559814945
2026-03-24,IRTC.OQ,118.69,163817,USD,0.46554934823091
2026-03-24,ISRG.OQ,471.91,494932,USD,-1.28231947117396
2026-03-24,IT.N,151.38,501414,USD,-6.89464296697214
2026-03-24,ITGR.N,86.19,257202,USD,1.00785186921364
2026-03-24,ITRI.OQ,92.69,509397,USD,-0.760171306209859
2026-03-24,ITT.N,194.09,410534,USD,3.23387053880113
2026-03-24,ITW.N,265.04,348842,USD,0.871550903901054
2026-03-24,IVT.N,30.63,190976,USD,-0.841696341858212
2026-03-24,IVZ.N,23.98,1620752,USD,0.883466554480441
2026-03-24,J.N,128.87,752982,USD,-0.263137528055107
2026-03-24,JACK.OQ,10.83,259662,USD,-2.95698924731183
2026-03-24,JANX.OQ,13.56,369969,USD,-2.44604316546762
2026-03-24,JAZZ.OQ,185.01,435213,USD,1.47542781921895
2026-03-24,JBHT.OQ,205.14,229658,USD,1.1638228622152
2026-03-24,JBL.N,277.38,306688,USD,4.17636896266807
2026-03-24,JBLU.OQ,4.19,4736705,USD,-0.238095238095233
2026-03-24,JBTM.N,126.67,156698,USD,-0.969431631615976
2026-03-24,JCI.N,136.43,1157490,USD,2.37112628498537
2026-03-24,JEF.N,40.55,1172810,USD,2.52844500632111
2026-03-25,IMAX.N,38.19,224251,USD,-0.052342318764729
2026-03-25,IMNM.OQ,20.3,565920,USD,0.445324096981692
2026-03-25,IMVT.OQ,24.76,338753,USD,3.85906040268457
2026-03-25,INBX.OQ,66.46,69331,USD,5.29150823827629
2026-03-25,INCY.OQ,92.23,463323,USD,1.77664974619289
2026-03-25,INDB.OQ,74.95,140810,USD,-0.079989334755369
2026-03-25,INDV.OQ,30.26,818584,USD,5.10593956234805
2026-03-25,INGR.N,110.79,198120,USD,0.663274577503184
2026-03-25,INOD.OQ,43.67,163193,USD,-1.42212189616252
2026-03-25,INSM.OQ,148.31,693614,USD,6.59048440419722
2026-03-25,INSP.N,51.41,203287,USD,-1.26752448626849
2026-03-25,INSW.N,70.27,130139,USD,-3.9371155160629
2026-03-25,INTA.OQ,23.93,341421,USD,-0.787728026534002
2026-03-25,INTC.OQ,47.18,20900041,USD,7.08125283704039
2026-03-25,INTU.OQ,426.86,678770,USD,-1.29263498670366
2026-03-25,INVA.OQ,22.59,270421,USD,3.05656934306568
2026-03-25,INVH.N,24.89,2623565,USD,-0.479808076769296
2026-03-25,IONQ.N,31.96,3326042,USD,-2.26299694189603
2026-03-25,IONS.OQ,72.7,833747,USD,4.33409873708381
2026-03-25,IOSP.OQ,70.75,161777,USD,4.19734904270986
2026-03-25,IOT.N,31.85,1576369,USD,-0.747896540978504
2026-03-25,IOVA.OQ,3.75,2031382,USD,3.59116022099447
2026-03-25,IP.N,36.47,1413902,USD,0.913115661317095
2026-03-25,IPAR.OQ,91.26,103387,USD,1.25374459114613
2026-03-25,IPGP.OQ,127.01,121376,USD,1.04216388225935
2026-03-25,IQV.N,165.64,396585,USD,-0.27093744355471
2026-03-25,IR.N,83.65,696959,USD,0.601322910402886
2026-03-25,IRDM.OQ,29.68,1355023,USD,10.6224375698845
2026-03-25,IRM.N,100.53,480253,USD,-0.178731009830198
2026-03-25,IRON.OQ,62.55,136904,USD,4.93205837946653
2026-03-25,IRT.N,15.01,851314,USD,-0.596026490066224
2026-03-25,IRTC.OQ,121.79,156258,USD,2.61184598533997
2026-03-25,ISRG.OQ,469.98,579530,USD,-0.408976287851499
2026-03-25,IT.N,150.23,349961,USD,-0.759677632448148
2026-03-25,ITGR.N,86.76,202941,USD,0.661329620605647
2026-03-25,ITRI.OQ,93.54,195229,USD,0.91703527888662
2026-03-25,ITT.N,193.71,205428,USD,-0.195785460353442
2026-03-25,ITW.N,266.45,270201,USD,0.531995170540284
2026-03-25,IVT.N,30.52,172511,USD,-0.359125040809662
2026-03-25,IVZ.N,24.36,1129550,USD,1.58465387823186
2026-03-25,J.N,129.97,316965,USD,0.853573368510898
2026-03-25,JACK.OQ,11.0,401893,USD,1.56971375807941
2026-03-25,JANX.OQ,13.8,380603,USD,1.76991150442478
2026-03-25,JAZZ.OQ,189.08,251982,USD,2.19988108750879
2026-03-25,JBHT.OQ,209.1,341415,USD,1.93038900263235
2026-03-25,JBL.N,283.24,319840,USD,2.11262527940011
2026-03-25,JBLU.OQ,4.75,29407682,USD,13.3651551312649
2026-03-25,JBTM.N,131.53,124639,USD,3.83674113839109
2026-03-25,JCI.N,137.48,720557,USD,0.769625448948166
2026-03-25,JEF.N,39.64,1234434,USD,-2.24414303329222
2026-03-26,IMAX.N,37.75,251781,USD,-1.15213406650955
2026-03-26,IMNM.OQ,20.41,423572,USD,0.541871921182263
2026-03-26,IMVT.OQ,25.36,389795,USD,2.4232633279483
2026-03-26,INBX.OQ,65.79,88493,USD,-1.00812518808304
2026-03-26,INCY.OQ,92.26,435154,USD,0.032527377209152
2026-03-26,INDB.OQ,75.07,120210,USD,0.160106737825204
2026-03-26,INDV.OQ,29.95,626106,USD,-1.02445472571052
2026-03-26,INGR.N,111.82,161505,USD,0.929686794837067
2026-03-26,INOD.OQ,41.0,192760,USD,-6.11403709640486
2026-03-26,INSM.OQ,147.6,961133,USD,-0.478726990762597
2026-03-26,INSP.N,50.45,258068,USD,-1.8673409842443
2026-03-26,INSW.N,70.01,122865,USD,-0.370001423082384
2026-03-26,INTA.OQ,25.2,259533,USD,5.30714584203928
2026-03-26,INTC.OQ,44.1,19936804,USD,-6.52818991097922
2026-03-26,INTU.OQ,432.55,863290,USD,1.3329897390245
2026-03-26,INVA.OQ,22.66,287841,USD,0.309871624612662
2026-03-26,INVH.N,24.83,2552647,USD,0.964242667738038
2026-03-26,IONQ.N,29.84,3555475,USD,-6.63329161451815
2026-03-26,IONS.OQ,74.24,986554,USD,2.11829436038513
2026-03-26,IOSP.OQ,72.37,90004,USD,2.28975265017668
2026-03-26,IOT.N,31.89,2140289,USD,0.125588697017266
2026-03-26,IOVA.OQ,3.69,1864889,USD,-1.6
2026-03-26,IP.N,36.15,1862907,USD,-0.877433506992049
2026-03-26,IPAR.OQ,91.48,100412,USD,0.241069471838701
2026-03-26,IPGP.OQ,118.7,133964,USD,-6.54279190614912
2026-03-26,IQV.N,169.4,318163,USD,2.26998309587057
2026-03-26,IR.N,81.39,462042,USD,-2.70173341303049
2026-03-26,IRDM.OQ,28.31,860433,USD,-4.61590296495957
2026-03-26,IRM.N,100.21,342767,USD,-0.318312941410532
2026-03-26,IRON.OQ,62.01,103880,USD,-0.863309352517984
2026-03-26,IRT.N,15.0,999149,USD,-0.066622251832111
2026-03-26,IRTC.OQ,122.8,133976,USD,0.829296329747919
2026-03-26,ISRG.OQ,468.55,601810,USD,-0.304268266734756
2026-03-26,IT.N,156.6,298159,USD,4.24016508021035
2026-03-26,ITGR.N,86.83,113496,USD,0.080682342093123
2026-03-26,ITRI.OQ,88.35,353453,USD,-5.54842847979475
2026-03-26,ITT.N,186.95,214118,USD,-3.48975272314285
2026-03-26,ITW.N,261.37,452765,USD,-1.90654907112028
2026-03-26,IVT.N,30.5,103774,USD,-0.065530799475752
2026-03-26,IVZ.N,24.1,887390,USD,-1.06732348111658
2026-03-26,J.N,129.52,272974,USD,-0.346233746249126
2026-03-26,JACK.OQ,10.72,225069,USD,-2.54545454545454
2026-03-26,JANX.OQ,13.63,510278,USD,-1.23188405797101
2026-03-26,JAZZ.OQ,189.15,195315,USD,0.037021366617301
2026-03-26,JBHT.OQ,206.18,241969,USD,-1.39646102343376
2026-03-26,JBL.N,264.15,352646,USD,-6.73986725038837
2026-03-26,JBLU.OQ,4.51,9211517,USD,-5.05263157894737
2026-03-26,JBTM.N,130.99,156398,USD,-0.410552725613922
2026-03-26,JCI.N,131.57,1133079,USD,-4.29880709921443
2026-03-26,JEF.N,40.28,1070508,USD,1.61453077699294
2026-03-26,IMAX.N,37.75,,USD,-1.15213406650955
2026-03-26,IMNM.OQ,20.41,,USD,0.541871921182263
2026-03-26,IMVT.OQ,25.36,,USD,2.4232633279483
2026-03-26,INBX.OQ,65.79,,USD,-1.00812518808304
2026-03-26,INCY.OQ,92.26,,USD,0.032527377209152
2026-03-26,INDB.OQ,75.07,,USD,0.160106737825204
2026-03-26,INDV.OQ,29.95,,USD,-1.02445472571052
2026-03-26,INGR.N,111.82,,USD,0.929686794837067
2026-03-26,INOD.OQ,41.0,,USD,-6.11403709640486
2026-03-26,INSM.OQ,147.6,,USD,-0.478726990762597
2026-03-26,INSP.N,50.45,,USD,-1.8673409842443
2026-03-26,INSW.N,70.01,,USD,-0.370001423082384
2026-03-26,INTA.OQ,25.2,,USD,5.30714584203928
2026-03-26,INTC.OQ,44.1,,USD,-6.52818991097922
2026-03-26,INTU.OQ,432.55,,USD,1.3329897390245
2026-03-26,INVA.OQ,22.66,,USD,0.309871624612662
2026-03-26,INVH.N,24.83,,USD,0.964242667738038
2026-03-26,IONQ.N,29.84,,USD,-6.63329161451815
2026-03-26,IONS.OQ,74.24,,USD,2.11829436038513
2026-03-26,IOSP.OQ,72.37,,USD,2.28975265017668
2026-03-26,IOT.N,31.89,,USD,0.125588697017266
2026-03-26,IOVA.OQ,3.69,,USD,-1.6
2026-03-26,IP.N,36.15,,USD,-0.877433506992049
2026-03-26,IPAR.OQ,91.48,,USD,0.241069471838701
2026-03-26,IPGP.OQ,118.7,,USD,-6.54279190614912
2026-03-26,IQV.N,169.4,,USD,2.26998309587057
2026-03-26,IR.N,81.39,,USD,-2.70173341303049
2026-03-26,IRDM.OQ,28.31,,USD,-4.61590296495957
2026-03-26,IRM.N,100.21,,USD,-0.318312941410532
2026-03-26,IRON.OQ,62.01,,USD,-0.863309352517984
2026-03-26,IRT.N,15.0,,USD,-0.066622251832111
2026-03-26,IRTC.OQ,122.8,,USD,0.829296329747919
2026-03-26,ISRG.OQ,468.55,,USD,-0.304268266734756
2026-03-26,IT.N,156.6,,USD,4.24016508021035
2026-03-26,ITGR.N,86.83,,USD,0.080682342093123
2026-03-26,ITRI.OQ,88.35,,USD,-5.54842847979475
2026-03-26,ITT.N,186.95,,USD,-3.48975272314285
2026-03-26,ITW.N,261.37,,USD,-1.90654907112028
2026-03-26,IVT.N,30.5,,USD,-0.065530799475752
2026-03-26,IVZ.N,24.1,,USD,-1.06732348111658
2026-03-26,J.N,129.52,,USD,-0.346233746249126
2026-03-26,JACK.OQ,10.72,,USD,-2.54545454545454
2026-03-26,JANX.OQ,13.63,,USD,-1.23188405797101
2026-03-26,JAZZ.OQ,189.15,,USD,0.037021366617301
2026-03-26,JBHT.OQ,206.18,,USD,-1.39646102343376
2026-03-26,JBL.N,264.15,,USD,-6.73986725038837
2026-03-26,JBLU.OQ,4.51,,USD,-5.05263157894737
2026-03-26,JBTM.N,130.99,,USD,-0.410552725613922
2026-03-26,JCI.N,131.57,,USD,-4.29880709921443
2026-03-26,JEF.N,40.28,,USD,1.61453077699294
2026-03-27,IMAX.N,,0,,
2026-03-27,IMNM.OQ,,0,,
2026-03-27,IMVT.OQ,,0,,
2026-03-27,INBX.OQ,,0,,
2026-03-27,INCY.OQ,,0,,
2026-03-27,INDB.OQ,,0,,
2026-03-27,INDV.OQ,,0,,
2026-03-27,INGR.N,,0,,
2026-03-27,INOD.OQ,,0,,
2026-03-27,INSM.OQ,,0,,
2026-03-27,INSP.N,,0,,
2026-03-27,INSW.N,,0,,
2026-03-27,INTA.OQ,,0,,
2026-03-27,INTC.OQ,,0,,
2026-03-27,INTU.OQ,,0,,
2026-03-27,INVA.OQ,,0,,
2026-03-27,INVH.N,,0,,
2026-03-27,IONQ.N,,0,,
2026-03-27,IONS.OQ,,0,,
2026-03-27,IOSP.OQ,,0,,
2026-03-27,IOT.N,,0,,
2026-03-27,IOVA.OQ,,0,,
2026-03-27,IP.N,,0,,
2026-03-27,IPAR.OQ,,0,,
2026-03-27,IPGP.OQ,,0,,
2026-03-27,IQV.N,,0,,
2026-03-27,IR.N,,0,,
2026-03-27,IRDM.OQ,,0,,
2026-03-27,IRM.N,,0,,
2026-03-27,IRON.OQ,,0,,
2026-03-27,IRT.N,,0,,
2026-03-27,IRTC.OQ,,0,,
2026-03-27,ISRG.OQ,,0,,
2026-03-27,IT.N,,0,,
2026-03-27,ITGR.N,,0,,
2026-03-27,ITRI.OQ,,0,,
2026-03-27,ITT.N,,0,,
2026-03-27,ITW.N,,0,,
2026-03-27,IVT.N,,0,,
2026-03-27,IVZ.N,,0,,
2026-03-27,J.N,,0,,
2026-03-27,JACK.OQ,,0,,
2026-03-27,JANX.OQ,,0,,
2026-03-27,JAZZ.OQ,,0,,
2026-03-27,JBHT.OQ,,0,,
2026-03-27,JBL.N,,0,,
2026-03-27,JBLU.OQ,,0,,
2026-03-27,JBTM.N,,0,,
2026-03-27,JCI.N,,0,,
2026-03-27,JEF.N,,0,,
2026-03-24,JHG.N,52.1,1357127,USD,2.68033109972408
2026-03-24,JHX.N,19.36,1991776,USD,-0.819672131147542
2026-03-24,JJSF.OQ,76.65,80066,USD,0.287845087007718
2026-03-24,JKHY.OQ,158.87,320127,USD,-2.71279853031231
2026-03-24,JLL.N,296.25,222803,USD,-1.1181575433912
2026-03-24,JNJ.N,235.27,2422241,USD,-0.063715911987077
2026-03-24,JOBY.N,8.99,3745258,USD,-3.12499999999999
2026-03-24,JOE.N,61.72,159738,USD,-3.68289637952559
2026-03-24,JPM.N,292.4,3117584,USD,0.858887240867839
2026-03-24,JXN.N,106.5,285667,USD,1.90412400727203
2026-03-24,KAI.N,323.82,71448,USD,3.68544074797477
2026-03-24,KALU.OQ,113.96,69319,USD,2.30720890564682
2026-03-24,KALV.OQ,16.46,230648,USD,-0.843373493975907
2026-03-24,KBH.N,52.94,586483,USD,-0.47001316036849
2026-03-24,KBR.N,37.46,443588,USD,-1.00422832980973
2026-03-24,KD.N,12.36,1265426,USD,-4.55598455598455
2026-03-24,KDP.OQ,26.21,3720639,USD,-1.28060263653484
2026-03-24,KEX.N,136.35,240821,USD,4.27500764759866
2026-03-24,KEY.N,19.82,3530107,USD,0.865139949109424
2026-03-24,KEYS.N,298.58,365811,USD,3.32918050941307
2026-03-24,KFY.N,62.69,258330,USD,-0.31801558276356
2026-03-24,KGS.N,59.12,324346,USD,1.05982905982906
2026-03-24,KHC.OQ,21.32,3651986,USD,0.518623290900516
2026-03-24,KIM.N,22.56,1839117,USD,-0.61674008810573
2026-03-24,KKR.N,90.91,1318424,USD,0.077058564509019
2026-03-24,KLAC.OQ,1566.19,271705,USD,3.62305895741119
2026-03-24,KLIC.OQ,68.04,237671,USD,4.19601837672283
2026-03-24,KMB.OQ,98.92,1743616,USD,-0.532931121166416
2026-03-24,KMI.N,33.93,3658927,USD,0.65262533372886
2026-03-24,KMPR.N,30.89,328891,USD,-0.643293663557412
2026-03-24,KMT.N,36.11,261758,USD,1.34717934325006
2026-03-24,KMX.N,42.1,987340,USD,-1.84192119375146
2026-03-24,KN.N,26.3,236957,USD,3.99367338869119
2026-03-24,KNF.N,85.77,243901,USD,1.26328217237307
2026-03-24,KNSL.N,326.5,55539,USD,-0.472488949855208
2026-03-24,KNTK.N,46.77,286559,USD,2.09561231172233
2026-03-24,KNX.N,55.01,753747,USD,1.55067380468894
2026-03-24,KO.N,74.67,4411598,USD,-0.585807482359203
2026-03-24,KOD.OQ,21.85,198853,USD,-1.75359712230214
2026-03-24,KR.N,71.88,1499888,USD,-1.12792297111418
2026-03-24,KRC.N,28.63,588800,USD,-0.27864855451063
2026-03-24,KRG.N,24.47,672936,USD,-0.649614291514414
2026-03-24,KRMN.N,101.84,594260,USD,-0.537161832210174
2026-03-24,KROS.OQ,10.99,189318,USD,-2.22419928825623
2026-03-24,KRUS.OQ,64.18,132255,USD,6.62900814088721
2026-03-24,KRYS.OQ,247.09,110508,USD,-1.19561740243123
2026-03-24,KSS.N,12.35,1593851,USD,-6.08365019011407
2026-03-24,KTB.N,71.17,201463,USD,1.87517892928715
2026-03-24,KTOS.OQ,77.49,1476524,USD,-7.40829250806548
2026-03-24,KURA.OQ,8.07,324146,USD,-3.00480769230769
2026-03-25,JHG.N,51.42,1079535,USD,-1.30518234165067
2026-03-25,JHX.N,19.45,1527521,USD,0.46487603305785
2026-03-25,JJSF.OQ,77.61,82142,USD,1.25244618395303
2026-03-25,JKHY.OQ,157.4,322014,USD,-0.925284824069994
2026-03-25,JLL.N,300.19,154572,USD,1.32995780590717
2026-03-25,JNJ.N,239.93,1763455,USD,1.98070302205976
2026-03-25,JOBY.N,8.97,3452261,USD,-0.222469410456058
2026-03-25,JOE.N,61.61,62528,USD,-0.178224238496435
2026-03-25,JPM.N,295.42,3446281,USD,1.03283173734611
2026-03-25,JXN.N,107.75,142938,USD,1.17370892018779
2026-03-25,KAI.N,315.48,28337,USD,-2.57550491013525
2026-03-25,KALU.OQ,118.22,85347,USD,3.73815373815374
2026-03-25,KALV.OQ,17.14,591823,USD,4.13122721749696
2026-03-25,KBH.N,52.12,765573,USD,-1.54892330940688
2026-03-25,KBR.N,37.74,428747,USD,0.747463961558999
2026-03-25,KD.N,12.65,969043,USD,2.34627831715211
2026-03-25,KDP.OQ,26.37,3372670,USD,0.610454025181229
2026-03-25,KEX.N,135.88,187990,USD,-0.344701136780344
2026-03-25,KEY.N,20.0,3070450,USD,0.908173562058525
2026-03-25,KEYS.N,293.12,420204,USD,-1.82865563668028
2026-03-25,KFY.N,63.01,162192,USD,0.510448237358431
2026-03-25,KGS.N,59.12,365361,USD,0.0
2026-03-25,KHC.OQ,21.51,3965368,USD,0.89118198874297
2026-03-25,KIM.N,22.41,2844197,USD,-0.66489361702127
2026-03-25,KKR.N,88.91,1379901,USD,-2.19997800022
2026-03-25,KLAC.OQ,1543.82,305508,USD,-1.42830691040041
2026-03-25,KLIC.OQ,68.8,181891,USD,1.11699000587888
2026-03-25,KMB.OQ,99.36,1184635,USD,0.444803881924785
2026-03-25,KMI.N,33.98,4040891,USD,0.147362216327725
2026-03-25,KMPR.N,30.37,241664,USD,-1.68339268371641
2026-03-25,KMT.N,36.37,332640,USD,0.720022154527826
2026-03-25,KMX.N,41.88,1442094,USD,-0.52256532066508
2026-03-25,KN.N,26.65,165438,USD,1.33079847908744
2026-03-25,KNF.N,87.9,122848,USD,2.48338579923051
2026-03-25,KNSL.N,327.22,91794,USD,0.220520673813178
2026-03-25,KNTK.N,47.21,269224,USD,0.94077400042762
2026-03-25,KNX.N,56.34,665248,USD,2.4177422286857
2026-03-25,KO.N,75.25,3722557,USD,0.776751037900092
2026-03-25,KOD.OQ,22.75,280704,USD,4.11899313501143
2026-03-25,KR.N,70.36,2161313,USD,-2.11463550361713
2026-03-25,KRC.N,28.48,526862,USD,-0.523925951798808
2026-03-25,KRG.N,24.26,581246,USD,-0.858193706579474
2026-03-25,KRMN.N,99.6,615209,USD,-2.19952867242735
2026-03-25,KROS.OQ,11.34,177048,USD,3.18471337579618
2026-03-25,KRUS.OQ,66.91,108790,USD,4.25366157681519
2026-03-25,KRYS.OQ,254.95,92600,USD,3.18102715609696
2026-03-25,KSS.N,12.7,901384,USD,2.83400809716599
2026-03-25,KTB.N,69.51,170780,USD,-2.33244344527188
2026-03-25,KTOS.OQ,79.98,1346964,USD,3.2133178474642
2026-03-25,KURA.OQ,8.55,377245,USD,5.94795539033458
2026-03-26,JHG.N,51.39,512817,USD,-0.058343057176198
2026-03-26,JHX.N,18.69,1659131,USD,-3.90745501285346
2026-03-26,JJSF.OQ,79.19,66605,USD,2.03582012627239
2026-03-26,JKHY.OQ,157.2,385920,USD,-0.127064803049566
2026-03-26,JLL.N,300.44,155634,USD,0.083280588960325
2026-03-26,JNJ.N,239.24,1489923,USD,-0.287583878631266
2026-03-26,JOBY.N,8.47,3759027,USD,-5.57413600891862
2026-03-26,JOE.N,60.32,74539,USD,-2.09381593897095
2026-03-26,JPM.N,291.66,3134718,USD,-1.27276420012186
2026-03-26,JXN.N,105.94,182547,USD,-1.67981438515081
2026-03-26,KAI.N,299.5,26695,USD,-5.06529732471156
2026-03-26,KALU.OQ,114.87,59570,USD,-2.83369988157672
2026-03-26,KALV.OQ,18.95,833377,USD,10.5600933488915
2026-03-26,KBH.N,51.91,469223,USD,-0.40291634689179
2026-03-26,KBR.N,37.53,331183,USD,-0.556438791732912
2026-03-26,KD.N,12.82,1387984,USD,1.34387351778656
2026-03-26,KDP.OQ,26.27,3301329,USD,-0.379218809252944
2026-03-26,KEX.N,136.15,178581,USD,0.198704739476016
2026-03-26,KEY.N,19.88,3288307,USD,-0.600000000000005
2026-03-26,KEYS.N,281.07,396059,USD,-4.11094432314411
2026-03-26,KFY.N,64.06,143443,USD,1.66640215838756
2026-03-26,KGS.N,58.74,250231,USD,-0.642760487144783
2026-03-26,KHC.OQ,21.56,4518725,USD,0.232450023244989
2026-03-26,KIM.N,22.26,1521761,USD,-0.669344042838012
2026-03-26,KKR.N,89.99,1198116,USD,1.21471150601732
2026-03-26,KLAC.OQ,1451.13,424583,USD,-6.00393828296044
2026-03-26,KLIC.OQ,64.75,195546,USD,-5.88662790697674
2026-03-26,KMB.OQ,98.85,1002589,USD,-0.513285024154595
2026-03-26,KMI.N,34.07,3428164,USD,0.264861683343153
2026-03-26,KMPR.N,31.17,279153,USD,2.63417846559105
2026-03-26,KMT.N,35.61,250610,USD,-2.08963431399505
2026-03-26,KMX.N,42.68,663673,USD,1.91021967526265
2026-03-26,KN.N,25.87,238047,USD,-2.92682926829267
2026-03-26,KNF.N,87.1,133860,USD,-0.910125142207066
2026-03-26,KNSL.N,335.28,50658,USD,2.46317462257807
2026-03-26,KNTK.N,48.64,215229,USD,3.02901927557721
2026-03-26,KNX.N,55.51,515293,USD,-1.47319843805468
2026-03-26,KO.N,74.69,4129899,USD,-0.744186046511631
2026-03-26,KOD.OQ,39.76,2366100,USD,74.7692307692307
2026-03-26,KR.N,71.79,1629916,USD,2.0324047754406
2026-03-26,KRC.N,28.91,513619,USD,1.50983146067416
2026-03-26,KRG.N,24.27,341829,USD,0.041220115416315
2026-03-26,KRMN.N,86.01,698507,USD,-13.644578313253
2026-03-26,KROS.OQ,11.08,164629,USD,-2.29276895943562
2026-03-26,KRUS.OQ,67.0,93861,USD,0.134509041996717
2026-03-26,KRYS.OQ,251.4,71101,USD,-1.39242988821337
2026-03-26,KSS.N,12.92,1453281,USD,1.73228346456693
2026-03-26,KTB.N,67.32,115411,USD,-3.1506258092361
2026-03-26,KTOS.OQ,75.86,985867,USD,-5.15128782195549
2026-03-26,KURA.OQ,8.36,493778,USD,-2.22222222222224
2026-03-26,JHG.N,51.39,,USD,-0.058343057176198
2026-03-26,JHX.N,18.69,,USD,-3.90745501285346
2026-03-26,JJSF.OQ,79.19,,USD,2.03582012627239
2026-03-26,JKHY.OQ,157.2,,USD,-0.127064803049566
2026-03-26,JLL.N,300.44,,USD,0.083280588960325
2026-03-26,JNJ.N,239.24,,USD,-0.287583878631266
2026-03-26,JOBY.N,8.47,,USD,-5.57413600891862
2026-03-26,JOE.N,60.32,,USD,-2.09381593897095
2026-03-26,JPM.N,291.66,,USD,-1.27276420012186
2026-03-26,JXN.N,105.94,,USD,-1.67981438515081
2026-03-26,KAI.N,299.5,,USD,-5.06529732471156
2026-03-26,KALU.OQ,114.87,,USD,-2.83369988157672
2026-03-26,KALV.OQ,18.95,,USD,10.5600933488915
2026-03-26,KBH.N,51.91,,USD,-0.40291634689179
2026-03-26,KBR.N,37.53,,USD,-0.556438791732912
2026-03-26,KD.N,12.82,,USD,1.34387351778656
2026-03-26,KDP.OQ,26.27,,USD,-0.379218809252944
2026-03-26,KEX.N,136.15,,USD,0.198704739476016
2026-03-26,KEY.N,19.88,,USD,-0.600000000000005
2026-03-26,KEYS.N,281.07,,USD,-4.11094432314411
2026-03-26,KFY.N,64.06,,USD,1.66640215838756
2026-03-26,KGS.N,58.74,,USD,-0.642760487144783
2026-03-26,KHC.OQ,21.56,,USD,0.232450023244989
2026-03-26,KIM.N,22.26,,USD,-0.669344042838012
2026-03-26,KKR.N,89.99,,USD,1.21471150601732
2026-03-26,KLAC.OQ,1451.13,,USD,-6.00393828296044
2026-03-26,KLIC.OQ,64.75,,USD,-5.88662790697674
2026-03-26,KMB.OQ,98.85,,USD,-0.513285024154595
2026-03-26,KMI.N,34.07,,USD,0.264861683343153
2026-03-26,KMPR.N,31.17,,USD,2.63417846559105
2026-03-26,KMT.N,35.61,,USD,-2.08963431399505
2026-03-26,KMX.N,42.68,,USD,1.91021967526265
2026-03-26,KN.N,25.87,,USD,-2.92682926829267
2026-03-26,KNF.N,87.1,,USD,-0.910125142207066
2026-03-26,KNSL.N,335.28,,USD,2.46317462257807
2026-03-26,KNTK.N,48.64,,USD,3.02901927557721
2026-03-26,KNX.N,55.51,,USD,-1.47319843805468
2026-03-26,KO.N,74.69,,USD,-0.744186046511631
2026-03-26,KOD.OQ,39.76,,USD,74.7692307692307
2026-03-26,KR.N,71.79,,USD,2.0324047754406
2026-03-26,KRC.N,28.91,,USD,1.50983146067416
2026-03-26,KRG.N,24.27,,USD,0.041220115416315
2026-03-26,KRMN.N,86.01,,USD,-13.644578313253
2026-03-26,KROS.OQ,11.08,,USD,-2.29276895943562
2026-03-26,KRUS.OQ,67.0,,USD,0.134509041996717
2026-03-26,KRYS.OQ,251.4,,USD,-1.39242988821337
2026-03-26,KSS.N,12.92,,USD,1.73228346456693
2026-03-26,KTB.N,67.32,,USD,-3.1506258092361
2026-03-26,KTOS.OQ,75.86,,USD,-5.15128782195549
2026-03-26,KURA.OQ,8.36,,USD,-2.22222222222224
2026-03-27,JHG.N,,0,,
2026-03-27,JHX.N,,0,,
2026-03-27,JJSF.OQ,,0,,
2026-03-27,JKHY.OQ,,0,,
2026-03-27,JLL.N,,0,,
2026-03-27,JNJ.N,,0,,
2026-03-27,JOBY.N,,0,,
2026-03-27,JOE.N,,0,,
2026-03-27,JPM.N,,0,,
2026-03-27,JXN.N,,0,,
2026-03-27,KAI.N,,0,,
2026-03-27,KALU.OQ,,0,,
2026-03-27,KALV.OQ,,0,,
2026-03-27,KBH.N,,0,,
2026-03-27,KBR.N,,0,,
2026-03-27,KD.N,,0,,
2026-03-27,KDP.OQ,,0,,
2026-03-27,KEX.N,,0,,
2026-03-27,KEY.N,,0,,
2026-03-27,KEYS.N,,0,,
2026-03-27,KFY.N,,0,,
2026-03-27,KGS.N,,0,,
2026-03-27,KHC.OQ,,0,,
2026-03-27,KIM.N,,0,,
2026-03-27,KKR.N,,0,,
2026-03-27,KLAC.OQ,,0,,
2026-03-27,KLIC.OQ,,0,,
2026-03-27,KMB.OQ,,0,,
2026-03-27,KMI.N,,0,,
2026-03-27,KMPR.N,,0,,
2026-03-27,KMT.N,,0,,
2026-03-27,KMX.N,,0,,
2026-03-27,KN.N,,0,,
2026-03-27,KNF.N,,0,,
2026-03-27,KNSL.N,,0,,
2026-03-27,KNTK.N,,0,,
2026-03-27,KNX.N,,0,,
2026-03-27,KO.N,,0,,
2026-03-27,KOD.OQ,,0,,
2026-03-27,KR.N,,0,,
2026-03-27,KRC.N,,0,,
2026-03-27,KRG.N,,0,,
2026-03-27,KRMN.N,,0,,
2026-03-27,KROS.OQ,,0,,
2026-03-27,KRUS.OQ,,0,,
2026-03-27,KRYS.OQ,,0,,
2026-03-27,KSS.N,,0,,
2026-03-27,KTB.N,,0,,
2026-03-27,KTOS.OQ,,0,,
2026-03-27,KURA.OQ,,0,,
2026-03-24,KVUE.N,17.55,3299542,USD,-0.284090909090913
2026-03-24,KWR.N,121.41,41264,USD,2.68967267191068
2026-03-24,KYMR.OQ,74.42,281367,USD,-3.30041580041579
2026-03-24,L.N,107.14,211083,USD,0.648191639267259
2026-03-24,LAD.N,251.95,95918,USD,-0.249425924459587
2026-03-24,LAMR.OQ,127.52,192522,USD,0.314663310258017
2026-03-24,LASR.OQ,71.56,407872,USD,2.30164403145104
2026-03-24,LAUR.OQ,34.77,546279,USD,1.22270742358079
2026-03-24,LAZ.N,39.45,385166,USD,-1.76792828685257
2026-03-24,LBRDK.OQ,50.62,223127,USD,0.496327178876315
2026-03-24,LBRT.N,29.7,956489,USD,2.02679491583648
2026-03-24,LBTYA.OQ,12.17,611700,USD,0.74503311258278
2026-03-24,LC.N,14.61,362539,USD,-0.544588155207625
2026-03-24,LCID.OQ,10.36,1161390,USD,0.484966052376323
2026-03-24,LCII.N,122.99,73410,USD,1.33476147318117
2026-03-24,LDOS.N,158.99,407753,USD,-2.1840777654731
2026-03-24,LEA.N,120.39,199943,USD,1.27018842530283
2026-03-24,LECO.OQ,254.7,109251,USD,0.791452314998021
2026-03-24,LEG.N,10.14,475502,USD,1.09670987038885
2026-03-24,LEN.N,92.38,886177,USD,-1.1555745773593
2026-03-24,LENZ.OQ,9.03,1166906,USD,-17.9090909090909
2026-03-24,LEU.N,195.84,136471,USD,1.15180001033004
2026-03-24,LFST.OQ,6.45,1296305,USD,-1.22511485451761
2026-03-24,LFUS.OQ,352.52,99723,USD,6.7595396729255
2026-03-24,LGIH.OQ,37.35,214590,USD,2.86422473147893
2026-03-24,LGN.OQ,53.2,231215,USD,1.99386503067486
2026-03-24,LGND.OQ,201.66,55232,USD,0.648832102216003
2026-03-24,LH.N,266.12,211259,USD,0.642916572120108
2026-03-24,LHX.N,351.42,377483,USD,1.71934699548454
2026-03-24,LIF.OQ,40.58,356703,USD,-1.48094197620782
2026-03-24,LII.N,476.97,82627,USD,0.00209661187522
2026-03-24,LIN.OQ,479.84,1259435,USD,0.374437820311675
2026-03-24,LINE.OQ,35.35,249251,USD,0.340618790803306
2026-03-24,LION.N,9.62,421114,USD,-0.310880829015556
2026-03-24,LITE.OQ,801.99,2041923,USD,10.01989162494
2026-03-24,LIVN.OQ,62.4,264574,USD,-1.32827324478179
2026-03-24,LKQ.OQ,29.18,936485,USD,1.3546370267454
2026-03-24,LLY.N,903.02,571213,USD,-0.826972708802369
2026-03-24,LMAT.OQ,109.99,132708,USD,1.97478212497682
2026-03-24,LMB.OQ,78.55,58690,USD,1.49890166688202
2026-03-24,LMND.N,65.47,407876,USD,-2.09361447584867
2026-03-24,LMT.N,610.17,300494,USD,-0.986612576064915
2026-03-24,LNC.N,35.12,844824,USD,1.21037463976944
2026-03-24,LNG.N,294.58,1072961,USD,2.56963788300836
2026-03-24,LNT.OQ,69.66,873537,USD,0.708399595200224
2026-03-24,LNTH.OQ,74.24,360066,USD,-1.96751617588804
2026-03-24,LOAR.N,58.71,521493,USD,-0.220938137321554
2026-03-24,LOPE.OQ,167.97,95871,USD,0.107276953334529
2026-03-24,LOW.N,234.43,498836,USD,0.076840981856993
2026-03-24,LPLA.OQ,300.17,332564,USD,-0.036632476355387
2026-03-25,KVUE.N,17.66,8620199,USD,0.626780626780624
2026-03-25,KWR.N,126.28,44690,USD,4.0112017132032
2026-03-25,KYMR.OQ,78.93,265165,USD,6.06019887127117
2026-03-25,L.N,106.4,213339,USD,-0.690685084935594
2026-03-25,LAD.N,254.2,50204,USD,0.893034332208772
2026-03-25,LAMR.OQ,126.47,163667,USD,-0.823400250941027
2026-03-25,LASR.OQ,71.75,500381,USD,0.265511458915592
2026-03-25,LAUR.OQ,35.38,591354,USD,1.75438596491228
2026-03-25,LAZ.N,40.9,245595,USD,3.67553865652724
2026-03-25,LBRDK.OQ,50.94,249106,USD,0.632161201106283
2026-03-25,LBRT.N,28.8,3306607,USD,-3.03030303030303
2026-03-25,LBTYA.OQ,12.28,548068,USD,0.90386195562859
2026-03-25,LC.N,14.54,457943,USD,-0.47912388774812
2026-03-25,LCID.OQ,10.68,1287884,USD,3.08880308880309
2026-03-25,LCII.N,122.92,63219,USD,-0.056915196357422
2026-03-25,LDOS.N,158.88,279106,USD,-0.069186741304493
2026-03-25,LEA.N,122.23,145822,USD,1.52836614336739
2026-03-25,LECO.OQ,256.56,94344,USD,0.730270906949358
2026-03-25,LEG.N,10.1,385221,USD,-0.39447731755425
2026-03-25,LEN.N,92.19,585698,USD,-0.205672223424981
2026-03-25,LENZ.OQ,9.07,398268,USD,0.44296788482836
2026-03-25,LEU.N,193.26,114533,USD,-1.31740196078432
2026-03-25,LFST.OQ,6.65,673299,USD,3.10077519379845
2026-03-25,LFUS.OQ,352.12,67139,USD,-0.113468739362299
2026-03-25,LGIH.OQ,39.34,336428,USD,5.32797858099063
2026-03-25,LGN.OQ,55.81,542970,USD,4.90601503759398
2026-03-25,LGND.OQ,204.56,42569,USD,1.43806406823366
2026-03-25,LH.N,266.02,176390,USD,-0.037577032917489
2026-03-25,LHX.N,352.02,414586,USD,0.170735871606615
2026-03-25,LIF.OQ,40.38,302129,USD,-0.492853622474115
2026-03-25,LII.N,481.68,80270,USD,0.987483489527639
2026-03-25,LIN.OQ,492.34,712285,USD,2.60503501167056
2026-03-25,LINE.OQ,34.89,212851,USD,-1.3012729844413
2026-03-25,LION.N,9.59,399683,USD,-0.311850311850305
2026-03-25,LITE.OQ,777.17,1144376,USD,-3.09480168081897
2026-03-25,LIVN.OQ,63.3,227826,USD,1.44230769230769
2026-03-25,LKQ.OQ,29.49,799422,USD,1.06237148732008
2026-03-25,LLY.N,916.31,627512,USD,1.47172820092578
2026-03-25,LMAT.OQ,111.08,59141,USD,0.990999181743798
2026-03-25,LMB.OQ,82.98,84033,USD,5.63971992361554
2026-03-25,LMND.N,67.11,404821,USD,2.50496410569727
2026-03-25,LMT.N,624.2,404596,USD,2.29935919497846
2026-03-25,LNC.N,35.93,1036147,USD,2.30637813211846
2026-03-25,LNG.N,284.39,664745,USD,-3.45916219702627
2026-03-25,LNT.OQ,69.77,675117,USD,0.157909847832328
2026-03-25,LNTH.OQ,75.63,296544,USD,1.87230603448276
2026-03-25,LOAR.N,59.51,471079,USD,1.36262987566002
2026-03-25,LOPE.OQ,170.62,152396,USD,1.57766267785914
2026-03-25,LOW.N,236.18,630757,USD,0.746491489997014
2026-03-25,LPLA.OQ,300.68,156986,USD,0.169903721224636
2026-03-26,KVUE.N,17.57,3626126,USD,-0.509626274065684
2026-03-26,KWR.N,126.1,40544,USD,-0.142540386442831
2026-03-26,KYMR.OQ,80.18,215894,USD,1.58368174331686
2026-03-26,L.N,106.87,174034,USD,0.44172932330827
2026-03-26,LAD.N,256.84,88994,USD,1.03855232100708
2026-03-26,LAMR.OQ,126.49,168745,USD,0.015814027041983
2026-03-26,LASR.OQ,63.86,409612,USD,-10.9965156794425
2026-03-26,LAUR.OQ,35.41,755289,USD,0.084793668739384
2026-03-26,LAZ.N,41.25,279924,USD,0.855745721271397
2026-03-26,LBRDK.OQ,50.82,249929,USD,-0.235571260306238
2026-03-26,LBRT.N,29.86,2182651,USD,3.68055555555555
2026-03-26,LBTYA.OQ,12.06,596315,USD,-1.7915309446254
2026-03-26,LC.N,14.39,296839,USD,-1.03163686382392
2026-03-26,LCID.OQ,9.91,1669696,USD,-7.20973782771535
2026-03-26,LCII.N,123.75,57201,USD,0.6752359258054
2026-03-26,LDOS.N,157.58,206851,USD,-0.818227593152054
2026-03-26,LEA.N,121.95,187760,USD,-0.229076331506178
2026-03-26,LECO.OQ,251.46,74139,USD,-1.98783910196445
2026-03-26,LEG.N,9.9,366409,USD,-1.98019801980197
2026-03-26,LEN.N,91.11,565806,USD,-1.17149365440937
2026-03-26,LENZ.OQ,8.94,704166,USD,-1.43329658213893
2026-03-26,LEU.N,193.31,118742,USD,0.025871882438172
2026-03-26,LFST.OQ,6.69,626070,USD,0.601503759398497
2026-03-26,LFUS.OQ,337.73,82314,USD,-4.08667499716006
2026-03-26,LGIH.OQ,39.36,224036,USD,0.050838840874418
2026-03-26,LGN.OQ,52.98,647108,USD,-5.07077584662248
2026-03-26,LGND.OQ,203.695,45141,USD,-0.422858818928436
2026-03-26,LH.N,268.38,120538,USD,0.887151342004366
2026-03-26,LHX.N,349.34,235115,USD,-0.761320379523893
2026-03-26,LIF.OQ,39.68,345811,USD,-1.73353145121348
2026-03-26,LII.N,438.3,190202,USD,-9.00597907324365
2026-03-26,LIN.OQ,495.49,1211751,USD,0.63980176300931
2026-03-26,LINE.OQ,33.65,463987,USD,-3.55402694181715
2026-03-26,LION.N,9.39,263149,USD,-2.08550573514076
2026-03-26,LITE.OQ,688.8,1800595,USD,-11.3707425659766
2026-03-26,LIVN.OQ,63.65,235489,USD,0.552922590837285
2026-03-26,LKQ.OQ,29.65,712537,USD,0.542556798914887
2026-03-26,LLY.N,897.0,735002,USD,-2.10736541126911
2026-03-26,LMAT.OQ,110.33,109771,USD,-0.675189052934822
2026-03-26,LMB.OQ,80.33,76226,USD,-3.19354061219572
2026-03-26,LMND.N,65.99,384617,USD,-1.66890180300999
2026-03-26,LMT.N,627.33,375646,USD,0.501441845562319
2026-03-26,LNC.N,35.83,592698,USD,-0.278318953520739
2026-03-26,LNG.N,291.4,476016,USD,2.46492492703681
2026-03-26,LNT.OQ,70.26,623119,USD,0.702307582055338
2026-03-26,LNTH.OQ,76.36,221531,USD,0.96522543964036
2026-03-26,LOAR.N,57.26,312708,USD,-3.78087716350193
2026-03-26,LOPE.OQ,169.43,79853,USD,-0.697456335716796
2026-03-26,LOW.N,236.03,604930,USD,-0.063510881531038
2026-03-26,LPLA.OQ,303.72,243591,USD,1.01104163895172
2026-03-26,KVUE.N,17.57,,USD,-0.509626274065684
2026-03-26,KWR.N,126.1,,USD,-0.142540386442831
2026-03-26,KYMR.OQ,80.18,,USD,1.58368174331686
2026-03-26,L.N,106.87,,USD,0.44172932330827
2026-03-26,LAD.N,256.84,,USD,1.03855232100708
2026-03-26,LAMR.OQ,126.49,,USD,0.015814027041983
2026-03-26,LASR.OQ,63.86,,USD,-10.9965156794425
2026-03-26,LAUR.OQ,35.41,,USD,0.084793668739384
2026-03-26,LAZ.N,41.25,,USD,0.855745721271397
2026-03-26,LBRDK.OQ,50.82,,USD,-0.235571260306238
2026-03-26,LBRT.N,29.86,,USD,3.68055555555555
2026-03-26,LBTYA.OQ,12.06,,USD,-1.7915309446254
2026-03-26,LC.N,14.39,,USD,-1.03163686382392
2026-03-26,LCID.OQ,9.91,,USD,-7.20973782771535
2026-03-26,LCII.N,123.75,,USD,0.6752359258054
2026-03-26,LDOS.N,157.58,,USD,-0.818227593152054
2026-03-26,LEA.N,121.95,,USD,-0.229076331506178
2026-03-26,LECO.OQ,251.46,,USD,-1.98783910196445
2026-03-26,LEG.N,9.9,,USD,-1.98019801980197
2026-03-26,LEN.N,91.11,,USD,-1.17149365440937
2026-03-26,LENZ.OQ,8.94,,USD,-1.43329658213893
2026-03-26,LEU.N,193.31,,USD,0.025871882438172
2026-03-26,LFST.OQ,6.69,,USD,0.601503759398497
2026-03-26,LFUS.OQ,337.73,,USD,-4.08667499716006
2026-03-26,LGIH.OQ,39.36,,USD,0.050838840874418
2026-03-26,LGN.OQ,52.98,,USD,-5.07077584662248
2026-03-26,LGND.OQ,203.695,,USD,-0.422858818928436
2026-03-26,LH.N,268.38,,USD,0.887151342004366
2026-03-26,LHX.N,349.34,,USD,-0.761320379523893
2026-03-26,LIF.OQ,39.68,,USD,-1.73353145121348
2026-03-26,LII.N,438.3,,USD,-9.00597907324365
2026-03-26,LIN.OQ,495.49,,USD,0.63980176300931
2026-03-26,LINE.OQ,33.65,,USD,-3.55402694181715
2026-03-26,LION.N,9.39,,USD,-2.08550573514076
2026-03-26,LITE.OQ,688.8,,USD,-11.3707425659766
2026-03-26,LIVN.OQ,63.65,,USD,0.552922590837285
2026-03-26,LKQ.OQ,29.65,,USD,0.542556798914887
2026-03-26,LLY.N,897.0,,USD,-2.10736541126911
2026-03-26,LMAT.OQ,110.33,,USD,-0.675189052934822
2026-03-26,LMB.OQ,80.33,,USD,-3.19354061219572
2026-03-26,LMND.N,65.99,,USD,-1.66890180300999
2026-03-26,LMT.N,627.33,,USD,0.501441845562319
2026-03-26,LNC.N,35.83,,USD,-0.278318953520739
2026-03-26,LNG.N,291.4,,USD,2.46492492703681
2026-03-26,LNT.OQ,70.26,,USD,0.702307582055338
2026-03-26,LNTH.OQ,76.36,,USD,0.96522543964036
2026-03-26,LOAR.N,57.26,,USD,-3.78087716350193
2026-03-26,LOPE.OQ,169.43,,USD,-0.697456335716796
2026-03-26,LOW.N,236.03,,USD,-0.063510881531038
2026-03-26,LPLA.OQ,303.72,,USD,1.01104163895172
2026-03-27,KVUE.N,,0,,
2026-03-27,KWR.N,,0,,
2026-03-27,KYMR.OQ,,0,,
2026-03-27,L.N,,0,,
2026-03-27,LAD.N,,0,,
2026-03-27,LAMR.OQ,,0,,
2026-03-27,LASR.OQ,,0,,
2026-03-27,LAUR.OQ,,0,,
2026-03-27,LAZ.N,,0,,
2026-03-27,LBRDK.OQ,,0,,
2026-03-27,LBRT.N,,0,,
2026-03-27,LBTYA.OQ,,0,,
2026-03-27,LC.N,,0,,
2026-03-27,LCID.OQ,,0,,
2026-03-27,LCII.N,,0,,
2026-03-27,LDOS.N,,0,,
2026-03-27,LEA.N,,0,,
2026-03-27,LECO.OQ,,0,,
2026-03-27,LEG.N,,0,,
2026-03-27,LEN.N,,0,,
2026-03-27,LENZ.OQ,,0,,
2026-03-27,LEU.N,,0,,
2026-03-27,LFST.OQ,,0,,
2026-03-27,LFUS.OQ,,0,,
2026-03-27,LGIH.OQ,,0,,
2026-03-27,LGN.OQ,,0,,
2026-03-27,LGND.OQ,,0,,
2026-03-27,LH.N,,0,,
2026-03-27,LHX.N,,0,,
2026-03-27,LIF.OQ,,0,,
2026-03-27,LII.N,,0,,
2026-03-27,LIN.OQ,,0,,
2026-03-27,LINE.OQ,,0,,
2026-03-27,LION.N,,0,,
2026-03-27,LITE.OQ,,0,,
2026-03-27,LIVN.OQ,,0,,
2026-03-27,LKQ.OQ,,0,,
2026-03-27,LLY.N,,0,,
2026-03-27,LMAT.OQ,,0,,
2026-03-27,LMB.OQ,,0,,
2026-03-27,LMND.N,,0,,
2026-03-27,LMT.N,,0,,
2026-03-27,LNC.N,,0,,
2026-03-27,LNG.N,,0,,
2026-03-27,LNT.OQ,,0,,
2026-03-27,LNTH.OQ,,0,,
2026-03-27,LOAR.N,,0,,
2026-03-27,LOPE.OQ,,0,,
2026-03-27,LOW.N,,0,,
2026-03-27,LPLA.OQ,,0,,
2026-03-24,LPX.N,73.59,203998,USD,1.30781938325992
2026-03-24,LQDA.OQ,35.2,222778,USD,-0.845070422535203
2026-03-24,LRCX.OQ,238.84,2645480,USD,2.37023702370237
2026-03-24,LRN.N,86.81,206854,USD,-0.595442574144047
2026-03-24,LSCC.OQ,98.47,617108,USD,6.67316650417072
2026-03-24,LSTR.OQ,156.57,160972,USD,4.11623886155074
2026-03-24,LTBR.OQ,10.94,239736,USD,2.05223880597014
2026-03-24,LTC.N,37.35,198101,USD,1.79885527391661
2026-03-24,LTH.N,25.81,1263616,USD,-2.45653817082389
2026-03-24,LULU.OQ,160.95,673603,USD,-2.08662854361845
2026-03-24,LUMN.N,6.79,2881602,USD,0.295420974889224
2026-03-24,LUNR.OQ,17.92,6754983,USD,-11.7676021664205
2026-03-24,LUV.N,39.83,2087733,USD,-1.28872366790583
2026-03-24,LVS.N,54.9,1049063,USD,1.66666666666666
2026-03-24,LW.N,41.49,741346,USD,1.51700513824322
2026-03-24,LXP.N,46.7,154040,USD,-0.468883205456093
2026-03-24,LYB.N,76.01,1478375,USD,6.352315656919
2026-03-24,LYFT.OQ,13.16,4333394,USD,-1.34932533733133
2026-03-24,LYV.N,152.7,538354,USD,0.573009286702217
2026-03-24,LZ.OQ,5.98,1002034,USD,-4.77707006369426
2026-03-24,LZB.N,32.52,140844,USD,-0.944258300335045
2026-03-24,M.N,18.38,2132495,USD,1.94120909595118
2026-03-24,MA.N,498.93,696334,USD,-0.289779767376791
2026-03-24,MAA.N,121.81,628871,USD,-0.473894926056049
2026-03-24,MAC.N,18.55,805701,USD,0.37878787878788
2026-03-24,MAN.N,27.87,617649,USD,0.071813285457808
2026-03-24,MANH.OQ,132.69,238650,USD,-4.76566425034093
2026-03-24,MAR.OQ,324.29,455965,USD,-0.682959696190114
2026-03-24,MARA.OQ,8.25,8506367,USD,-7.40740740740741
2026-03-24,MAS.N,60.37,929854,USD,0.482689747003993
2026-03-24,MASI.OQ,178.69,905819,USD,0.140103115893297
2026-03-24,MAT.OQ,14.95,1890689,USD,-0.862068965517246
2026-03-24,MATX.N,163.14,95405,USD,2.0007502813555
2026-03-24,MAZE.OQ,49.0,214147,USD,0.0
2026-03-24,MBC.N,8.44,627144,USD,2.80146163215589
2026-03-24,MBIN.OQ,42.68,93724,USD,2.39923224568138
2026-03-24,MBX.OQ,27.82,159534,USD,-1.13717128642502
2026-03-24,MC.N,54.1,348766,USD,-0.66103562247521
2026-03-24,MCD.N,307.84,859631,USD,-0.20423379907286
2026-03-24,MCHP.OQ,65.63,2660973,USD,2.00497357786757
2026-03-24,MCK.N,881.94,200718,USD,0.562137261832826
2026-03-24,MCO.N,428.46,529786,USD,-2.85895662819961
2026-03-24,MCY.N,88.6,62710,USD,1.21087502855836
2026-03-24,MD.N,20.75,262707,USD,0.728155339805818
2026-03-24,MDB.OQ,253.76,476074,USD,-7.13266239707228
2026-03-24,MDGL.OQ,445.04,84632,USD,-0.598588403466454
2026-03-24,MDLZ.OQ,57.18,3498374,USD,0.562785789658812
2026-03-24,MDT.N,86.58,1593718,USD,-0.676838361821732
2026-03-24,MDU.N,20.44,562266,USD,1.74216027874565
2026-03-24,MEDP.OQ,460.74,88967,USD,0.833825750114898
2026-03-25,LPX.N,74.41,195671,USD,1.11428183177061
2026-03-25,LQDA.OQ,36.61,342030,USD,4.00568181818181
2026-03-25,LRCX.OQ,233.45,3186071,USD,-2.2567409144197
2026-03-25,LRN.N,88.6,180901,USD,2.06197442690933
2026-03-25,LSCC.OQ,100.72,575245,USD,2.28495988625977
2026-03-25,LSTR.OQ,157.07,163520,USD,0.319345979434119
2026-03-25,LTBR.OQ,11.3,295161,USD,3.29067641681902
2026-03-25,LTC.N,37.25,145943,USD,-0.267737617135211
2026-03-25,LTH.N,26.42,656218,USD,2.36342502905852
2026-03-25,LULU.OQ,158.72,773456,USD,-1.38552345448897
2026-03-25,LUMN.N,6.97,2780053,USD,2.65095729013254
2026-03-25,LUNR.OQ,20.55,5940691,USD,14.6763392857143
2026-03-25,LUV.N,40.19,1757420,USD,0.903841325633943
2026-03-25,LVS.N,54.17,1028071,USD,-1.32969034608378
2026-03-25,LW.N,41.79,824686,USD,0.723065798987701
2026-03-25,LXP.N,46.1,186908,USD,-1.28479657387581
2026-03-25,LYB.N,77.19,1462249,USD,1.55242731219575
2026-03-25,LYFT.OQ,13.26,2959704,USD,0.759878419452885
2026-03-25,LYV.N,154.92,576108,USD,1.45383104125737
2026-03-25,LZ.OQ,5.93,645556,USD,-0.836120401337804
2026-03-25,LZB.N,32.71,115834,USD,0.584255842558418
2026-03-25,M.N,18.5,1981293,USD,0.65288356909685
2026-03-25,MA.N,502.76,723141,USD,0.76764275549676
2026-03-25,MAA.N,121.64,224773,USD,-0.139561612347099
2026-03-25,MAC.N,18.81,445093,USD,1.40161725067384
2026-03-25,MAN.N,28.23,356264,USD,1.29171151776103
2026-03-25,MANH.OQ,130.53,188652,USD,-1.62785439746778
2026-03-25,MAR.OQ,326.79,561340,USD,0.770914921829227
2026-03-25,MARA.OQ,8.28,7038226,USD,0.363636363636356
2026-03-25,MAS.N,61.52,624956,USD,1.90491966208383
2026-03-25,MASI.OQ,178.09,463880,USD,-0.335777044042752
2026-03-25,MAT.OQ,14.87,1504262,USD,-0.535117056856188
2026-03-25,MATX.N,164.3,75007,USD,0.711045727595945
2026-03-25,MAZE.OQ,31.73,1558261,USD,-35.2448979591837
2026-03-25,MBC.N,8.69,537390,USD,2.96208530805687
2026-03-25,MBIN.OQ,42.94,76601,USD,0.609184629803182
2026-03-25,MBX.OQ,28.96,115019,USD,4.09777138749102
2026-03-25,MC.N,55.3,398699,USD,2.21811460258779
2026-03-25,MCD.N,311.7,944121,USD,1.25389812889813
2026-03-25,MCHP.OQ,65.16,2953341,USD,-0.716135913454211
2026-03-25,MCK.N,879.75,218567,USD,-0.248316211987216
2026-03-25,MCO.N,428.05,476871,USD,-0.095691546468741
2026-03-25,MCY.N,88.41,73308,USD,-0.214446952595934
2026-03-25,MD.N,21.19,193666,USD,2.12048192771085
2026-03-25,MDB.OQ,246.54,615014,USD,-2.84520807061791
2026-03-25,MDGL.OQ,461.93,84257,USD,3.79516447959734
2026-03-25,MDLZ.OQ,57.43,3732111,USD,0.43721580972368
2026-03-25,MDT.N,87.89,1852680,USD,1.51305151305152
2026-03-25,MDU.N,20.55,363343,USD,0.538160469667316
2026-03-25,MEDP.OQ,466.8,113445,USD,1.31527542648782
2026-03-26,LPX.N,72.47,177571,USD,-2.60717645477758
2026-03-26,LQDA.OQ,36.77,330527,USD,0.43703906036603
2026-03-26,LRCX.OQ,211.62,5075727,USD,-9.35103876633111
2026-03-26,LRN.N,87.86,126539,USD,-0.83521444695259
2026-03-26,LSCC.OQ,94.92,570252,USD,-5.75853852263701
2026-03-26,LSTR.OQ,156.37,100683,USD,-0.445661170178894
2026-03-26,LTBR.OQ,10.98,200415,USD,-2.83185840707965
2026-03-26,LTC.N,37.16,104667,USD,-0.241610738255043
2026-03-26,LTH.N,26.58,561772,USD,0.605601816805438
2026-03-26,LULU.OQ,151.39,982724,USD,-4.61819556451614
2026-03-26,LUMN.N,6.76,2737826,USD,-3.012912482066
2026-03-26,LUNR.OQ,19.23,3023739,USD,-6.42335766423358
2026-03-26,LUV.N,39.53,1469516,USD,-1.64219955212739
2026-03-26,LVS.N,52.4,872226,USD,-3.26749123130885
2026-03-26,LW.N,40.83,499664,USD,-2.29720028715004
2026-03-26,LXP.N,46.78,166954,USD,1.47505422993492
2026-03-26,LYB.N,77.72,1004359,USD,0.686617437491905
2026-03-26,LYFT.OQ,12.995,4060441,USD,-1.99849170437406
2026-03-26,LYV.N,150.05,530615,USD,-3.14355796540148
2026-03-26,LZ.OQ,5.79,543901,USD,-2.36087689713322
2026-03-26,LZB.N,32.62,110753,USD,-0.275145215530429
2026-03-26,M.N,18.49,1674874,USD,-0.054054054054062
2026-03-26,MA.N,500.75,841889,USD,-0.399793141856948
2026-03-26,MAA.N,122.15,288096,USD,0.41926997698126
2026-03-26,MAC.N,19.09,529015,USD,1.48856990962255
2026-03-26,MAN.N,28.81,257217,USD,2.054551895147
2026-03-26,MANH.OQ,132.2,165611,USD,1.27939937179192
2026-03-26,MAR.OQ,325.74,455038,USD,-0.321307261544114
2026-03-26,MARA.OQ,8.58,23433083,USD,3.62318840579711
2026-03-26,MAS.N,60.19,515808,USD,-2.16189856957088
2026-03-26,MASI.OQ,176.89,675712,USD,-0.673816609579436
2026-03-26,MAT.OQ,14.62,948322,USD,-1.68123739071957
2026-03-26,MATX.N,163.24,62293,USD,-0.645161290322582
2026-03-26,MAZE.OQ,31.71,424996,USD,-0.063031831074691
2026-03-26,MBC.N,8.49,627436,USD,-2.30149597238204
2026-03-26,MBIN.OQ,43.2,53974,USD,0.605496040987436
2026-03-26,MBX.OQ,28.29,86679,USD,-2.31353591160222
2026-03-26,MC.N,55.44,202885,USD,0.253164556962026
2026-03-26,MCD.N,308.93,996301,USD,-0.888675008020527
2026-03-26,MCHP.OQ,64.2,5574695,USD,-1.4732965009208
2026-03-26,MCK.N,863.56,218879,USD,-1.84029553850526
2026-03-26,MCO.N,432.28,531629,USD,0.988202312813915
2026-03-26,MCY.N,88.37,46447,USD,-0.045243750706925
2026-03-26,MD.N,20.98,328626,USD,-0.991033506370934
2026-03-26,MDB.OQ,241.28,436625,USD,-2.13352802790622
2026-03-26,MDGL.OQ,518.76,420955,USD,12.3027298508432
2026-03-26,MDLZ.OQ,57.58,3419238,USD,0.261187532648439
2026-03-26,MDT.N,87.67,1977866,USD,-0.250312891113891
2026-03-26,MDU.N,20.63,391106,USD,0.389294403892936
2026-03-26,MEDP.OQ,466.6,83989,USD,-0.042844901456724
2026-03-26,LPX.N,72.47,,USD,-2.60717645477758
2026-03-26,LQDA.OQ,36.77,,USD,0.43703906036603
2026-03-26,LRCX.OQ,211.62,,USD,-9.35103876633111
2026-03-26,LRN.N,87.86,,USD,-0.83521444695259
2026-03-26,LSCC.OQ,94.92,,USD,-5.75853852263701
2026-03-26,LSTR.OQ,156.37,,USD,-0.445661170178894
2026-03-26,LTBR.OQ,10.98,,USD,-2.83185840707965
2026-03-26,LTC.N,37.16,,USD,-0.241610738255043
2026-03-26,LTH.N,26.58,,USD,0.605601816805438
2026-03-26,LULU.OQ,151.39,,USD,-4.61819556451614
2026-03-26,LUMN.N,6.76,,USD,-3.012912482066
2026-03-26,LUNR.OQ,19.23,,USD,-6.42335766423358
2026-03-26,LUV.N,39.53,,USD,-1.64219955212739
2026-03-26,LVS.N,52.4,,USD,-3.26749123130885
2026-03-26,LW.N,40.83,,USD,-2.29720028715004
2026-03-26,LXP.N,46.78,,USD,1.47505422993492
2026-03-26,LYB.N,77.72,,USD,0.686617437491905
2026-03-26,LYFT.OQ,12.995,,USD,-1.99849170437406
2026-03-26,LYV.N,150.05,,USD,-3.14355796540148
2026-03-26,LZ.OQ,5.79,,USD,-2.36087689713322
2026-03-26,LZB.N,32.62,,USD,-0.275145215530429
2026-03-26,M.N,18.49,,USD,-0.054054054054062
2026-03-26,MA.N,500.75,,USD,-0.399793141856948
2026-03-26,MAA.N,122.15,,USD,0.41926997698126
2026-03-26,MAC.N,19.09,,USD,1.48856990962255
2026-03-26,MAN.N,28.81,,USD,2.054551895147
2026-03-26,MANH.OQ,132.2,,USD,1.27939937179192
2026-03-26,MAR.OQ,325.74,,USD,-0.321307261544114
2026-03-26,MARA.OQ,8.58,,USD,3.62318840579711
2026-03-26,MAS.N,60.19,,USD,-2.16189856957088
2026-03-26,MASI.OQ,176.89,,USD,-0.673816609579436
2026-03-26,MAT.OQ,14.62,,USD,-1.68123739071957
2026-03-26,MATX.N,163.24,,USD,-0.645161290322582
2026-03-26,MAZE.OQ,31.71,,USD,-0.063031831074691
2026-03-26,MBC.N,8.49,,USD,-2.30149597238204
2026-03-26,MBIN.OQ,43.2,,USD,0.605496040987436
2026-03-26,MBX.OQ,28.29,,USD,-2.31353591160222
2026-03-26,MC.N,55.44,,USD,0.253164556962026
2026-03-26,MCD.N,308.93,,USD,-0.888675008020527
2026-03-26,MCHP.OQ,64.2,,USD,-1.4732965009208
2026-03-26,MCK.N,863.56,,USD,-1.84029553850526
2026-03-26,MCO.N,432.28,,USD,0.988202312813915
2026-03-26,MCY.N,88.37,,USD,-0.045243750706925
2026-03-26,MD.N,20.98,,USD,-0.991033506370934
2026-03-26,MDB.OQ,241.28,,USD,-2.13352802790622
2026-03-26,MDGL.OQ,518.76,,USD,12.3027298508432
2026-03-26,MDLZ.OQ,57.58,,USD,0.261187532648439
2026-03-26,MDT.N,87.67,,USD,-0.250312891113891
2026-03-26,MDU.N,20.63,,USD,0.389294403892936
2026-03-26,MEDP.OQ,466.6,,USD,-0.042844901456724
2026-03-27,LPX.N,,0,,
2026-03-27,LQDA.OQ,,0,,
2026-03-27,LRCX.OQ,,0,,
2026-03-27,LRN.N,,0,,
2026-03-27,LSCC.OQ,,0,,
2026-03-27,LSTR.OQ,,0,,
2026-03-27,LTBR.OQ,,0,,
2026-03-27,LTC.N,,0,,
2026-03-27,LTH.N,,0,,
2026-03-27,LULU.OQ,,0,,
2026-03-27,LUMN.N,,0,,
2026-03-27,LUNR.OQ,,0,,
2026-03-27,LUV.N,,0,,
2026-03-27,LVS.N,,0,,
2026-03-27,LW.N,,0,,
2026-03-27,LXP.N,,0,,
2026-03-27,LYB.N,,0,,
2026-03-27,LYFT.OQ,,0,,
2026-03-27,LYV.N,,0,,
2026-03-27,LZ.OQ,,0,,
2026-03-27,LZB.N,,0,,
2026-03-27,M.N,,0,,
2026-03-27,MA.N,,0,,
2026-03-27,MAA.N,,0,,
2026-03-27,MAC.N,,0,,
2026-03-27,MAN.N,,0,,
2026-03-27,MANH.OQ,,0,,
2026-03-27,MAR.OQ,,0,,
2026-03-27,MARA.OQ,,0,,
2026-03-27,MAS.N,,0,,
2026-03-27,MASI.OQ,,0,,
2026-03-27,MAT.OQ,,0,,
2026-03-27,MATX.N,,0,,
2026-03-27,MAZE.OQ,,0,,
2026-03-27,MBC.N,,0,,
2026-03-27,MBIN.OQ,,0,,
2026-03-27,MBX.OQ,,0,,
2026-03-27,MC.N,,0,,
2026-03-27,MCD.N,,0,,
2026-03-27,MCHP.OQ,,0,,
2026-03-27,MCK.N,,0,,
2026-03-27,MCO.N,,0,,
2026-03-27,MCY.N,,0,,
2026-03-27,MD.N,,0,,
2026-03-27,MDB.OQ,,0,,
2026-03-27,MDGL.OQ,,0,,
2026-03-27,MDLZ.OQ,,0,,
2026-03-27,MDT.N,,0,,
2026-03-27,MDU.N,,0,,
2026-03-27,MEDP.OQ,,0,,
2026-03-24,MET.N,69.89,1119264,USD,1.02630818155535
2026-03-24,META.OQ,592.92,3086011,USD,-1.84418766347714
2026-03-24,METC.OQ,14.29,764599,USD,6.08760207869338
2026-03-24,MGEE.OQ,76.75,178213,USD,0.840888188148733
2026-03-24,MGM.N,37.11,1763599,USD,0.433017591339639
2026-03-24,MGNI.OQ,12.03,542302,USD,-3.37349397590361
2026-03-24,MGRC.OQ,108.94,53376,USD,0.230011960621952
2026-03-24,MGY.N,31.29,991184,USD,1.19663648124191
2026-03-24,MHK.N,101.96,288132,USD,0.127663753314343
2026-03-24,MHO.N,122.9,63229,USD,-0.558297596892951
2026-03-24,MIAX.N,39.46,455495,USD,0.972364380757427
2026-03-24,MIDD.OQ,136.1,179288,USD,-1.13322679064362
2026-03-24,MIR.N,19.25,981891,USD,-0.362318840579712
2026-03-24,MIRM.OQ,87.88,519163,USD,-1.73319915017333
2026-03-24,MKC.N,52.11,1170012,USD,-2.14084507042254
2026-03-24,MKL.N,1898.51,18614,USD,0.494928963137051
2026-03-24,MKSI.OQ,243.56,294131,USD,3.63373329929367
2026-03-24,MKTX.OQ,166.55,191422,USD,-2.40829719910933
2026-03-24,MLI.N,111.1,294646,USD,0.972462055802957
2026-03-24,MLKN.OQ,19.11,289896,USD,1.48698884758365
2026-03-24,MLM.N,576.18,135343,USD,-0.244117799823418
2026-03-24,MLYS.OQ,22.88,312851,USD,-3.25581395348837
2026-03-24,MMM.N,146.67,1040912,USD,0.075054585152828
2026-03-24,MMS.N,67.13,507652,USD,-2.02860478692353
2026-03-24,MMSI.OQ,67.55,278765,USD,-0.851313665052104
2026-03-24,MNKD.OQ,2.29,2630833,USD,-6.14754098360655
2026-03-24,MNRO.OQ,15.4,359433,USD,1.1826544021025
2026-03-24,MNST.OQ,73.0,2057582,USD,-1.29799891833423
2026-03-24,MO.N,64.32,3058448,USD,-0.10871253300203
2026-03-24,MOD.N,228.58,497649,USD,8.09098217241217
2026-03-24,MOGa.N,302.26,89691,USD,1.89111747851003
2026-03-24,MOH.N,141.74,487924,USD,4.80627033422065
2026-03-24,MORN.OQ,164.4,173704,USD,-5.51181102362205
2026-03-24,MOS.N,25.2,2336261,USD,4.65116279069768
2026-03-24,MP.N,53.29,1102720,USD,0.018768768768765
2026-03-24,MPC.N,243.91,975497,USD,4.89399217305294
2026-03-24,MPT.N,4.59,1795931,USD,0.657894736842111
2026-03-24,MPWR.OQ,1101.59,166571,USD,2.34496214056766
2026-03-24,MQ.OQ,4.17,1365366,USD,-1.41843971631207
2026-03-24,MRCY.OQ,74.49,199605,USD,-4.85374888236047
2026-03-24,MRK.N,116.37,1845609,USD,0.596473029045641
2026-03-24,MRNA.OQ,51.34,1810046,USD,0.117004680187212
2026-03-24,MRP.N,28.76,392703,USD,0.454069158225646
2026-03-24,MRSH.N,173.1,766150,USD,-0.442859607752925
2026-03-24,MRVL.OQ,92.36,5031349,USD,2.44010647737356
2026-03-24,MRX.OQ,37.55,235157,USD,1.51392268180588
2026-03-24,MS.N,165.87,1674024,USD,0.943281402142169
2026-03-24,MSA.N,174.98,69175,USD,0.823970037453171
2026-03-24,MSCI.N,537.65,174060,USD,-2.52900652646846
2026-03-24,MSFT.OQ,372.74,11334532,USD,-2.67885117493472
2026-03-25,MET.N,70.39,988808,USD,0.715409929889827
2026-03-25,META.OQ,594.89,3872175,USD,0.332253929703843
2026-03-25,METC.OQ,13.92,597563,USD,-2.58922323303009
2026-03-25,MGEE.OQ,76.21,77241,USD,-0.703583061889259
2026-03-25,MGM.N,37.49,1054366,USD,1.02398275397468
2026-03-25,MGNI.OQ,12.11,746670,USD,0.665004156275977
2026-03-25,MGRC.OQ,109.44,47553,USD,0.458968239397834
2026-03-25,MGY.N,31.44,618578,USD,0.479386385426661
2026-03-25,MHK.N,101.95,209972,USD,-0.009807767752051
2026-03-25,MHO.N,123.1,53537,USD,0.162733930024401
2026-03-25,MIAX.N,38.51,540488,USD,-2.40750126710594
2026-03-25,MIDD.OQ,136.99,183910,USD,0.65393093313741
2026-03-25,MIR.N,18.81,1109937,USD,-2.28571428571429
2026-03-25,MIRM.OQ,90.17,224597,USD,2.60582612653619
2026-03-25,MKC.N,52.78,1349966,USD,1.28574170024948
2026-03-25,MKL.N,1892.82,15789,USD,-0.299708718942753
2026-03-25,MKSI.OQ,243.68,231134,USD,0.049269173920186
2026-03-25,MKTX.OQ,166.11,107894,USD,-0.264184929450614
2026-03-25,MLI.N,112.0,168596,USD,0.810081008100815
2026-03-25,MLKN.OQ,19.36,338518,USD,1.30821559392988
2026-03-25,MLM.N,589.42,128835,USD,2.29789301954251
2026-03-25,MLYS.OQ,24.62,330494,USD,7.60489510489511
2026-03-25,MMM.N,148.05,786944,USD,0.940887707097582
2026-03-25,MMS.N,67.81,159434,USD,1.01295992849696
2026-03-25,MMSI.OQ,68.11,199345,USD,0.829015544041454
2026-03-25,MNKD.OQ,2.28,1417558,USD,-0.436681222707434
2026-03-25,MNRO.OQ,16.35,374806,USD,6.16883116883118
2026-03-25,MNST.OQ,73.21,1670863,USD,0.287671232876704
2026-03-25,MO.N,63.78,2440622,USD,0.808457711442799
2026-03-25,MOD.N,232.89,276091,USD,1.88555429171405
2026-03-25,MOGa.N,305.95,72282,USD,1.2208032819427
2026-03-25,MOH.N,139.84,287776,USD,-1.34048257372655
2026-03-25,MORN.OQ,158.97,181270,USD,-3.3029197080292
2026-03-25,MOS.N,26.19,2909588,USD,3.92857142857144
2026-03-25,MP.N,53.74,909078,USD,0.844436104334777
2026-03-25,MPC.N,241.25,672643,USD,-1.09056619244803
2026-03-25,MPT.N,4.65,1392650,USD,1.30718954248367
2026-03-25,MPWR.OQ,1118.66,133577,USD,1.54957833676778
2026-03-25,MQ.OQ,4.19,818728,USD,0.479616306954448
2026-03-25,MRCY.OQ,78.71,254838,USD,5.66518995838367
2026-03-25,MRK.N,119.37,2812801,USD,2.5779840164991
2026-03-25,MRNA.OQ,53.54,1511319,USD,4.28515777171795
2026-03-25,MRP.N,29.41,296807,USD,2.26008344923504
2026-03-25,MRSH.N,174.2,1097294,USD,0.635470826112071
2026-03-25,MRVL.OQ,98.45,7617269,USD,6.5937635339974
2026-03-25,MRX.OQ,38.86,289376,USD,3.48868175765646
2026-03-25,MS.N,165.65,1796220,USD,-0.132633990474467
2026-03-25,MSA.N,176.03,65177,USD,0.600068579266208
2026-03-25,MSCI.N,530.99,113916,USD,-1.23872407700176
2026-03-25,MSFT.OQ,371.04,8876181,USD,-0.456081987444328
2026-03-26,MET.N,69.74,990059,USD,-0.92342662309988
2026-03-26,META.OQ,547.54,8284632,USD,-7.95945468910219
2026-03-26,METC.OQ,13.97,1161842,USD,0.359195402298856
2026-03-26,MGEE.OQ,75.94,81630,USD,-0.354284214669986
2026-03-26,MGM.N,37.57,1021487,USD,0.213390237396635
2026-03-26,MGNI.OQ,11.85,867961,USD,-2.14698596201486
2026-03-26,MGRC.OQ,111.02,46394,USD,1.4437134502924
2026-03-26,MGY.N,31.86,942703,USD,1.33587786259541
2026-03-26,MHK.N,98.58,351918,USD,-3.30554193231977
2026-03-26,MHO.N,121.88,43096,USD,-0.991064175467099
2026-03-26,MIAX.N,38.31,845190,USD,-0.519345624513102
2026-03-26,MIDD.OQ,133.88,116796,USD,-2.27023870355501
2026-03-26,MIR.N,18.25,584091,USD,-2.97713981924508
2026-03-26,MIRM.OQ,88.88,228280,USD,-1.43063103027615
2026-03-26,MKC.N,51.58,1433893,USD,-2.27358848048504
2026-03-26,MKL.N,1899.64,16402,USD,0.360308957005957
2026-03-26,MKSI.OQ,225.12,469209,USD,-7.61654629021668
2026-03-26,MKTX.OQ,166.72,157258,USD,0.367226536632343
2026-03-26,MLI.N,109.5,165146,USD,-2.23214285714286
2026-03-26,MLKN.OQ,15.03,1512095,USD,-22.3657024793388
2026-03-26,MLM.N,580.11,89850,USD,-1.57951884903803
2026-03-26,MLYS.OQ,23.61,286376,USD,-4.10235580828595
2026-03-26,MMM.N,143.99,911957,USD,-2.74231678486998
2026-03-26,MMS.N,66.03,129911,USD,-2.62498156614069
2026-03-26,MMSI.OQ,69.31,206488,USD,1.76185582146528
2026-03-26,MNKD.OQ,2.3,1219875,USD,0.877192982456141
2026-03-26,MNRO.OQ,15.64,550912,USD,-4.34250764525994
2026-03-26,MNST.OQ,71.98,2185378,USD,-1.68009834722031
2026-03-26,MO.N,64.62,2982209,USD,1.3170272812794
2026-03-26,MOD.N,215.81,136333,USD,-7.33393447550345
2026-03-26,MOGa.N,289.33,73949,USD,-5.43226017323092
2026-03-26,MOH.N,138.8,311972,USD,-0.743707093821505
2026-03-26,MORN.OQ,160.68,286603,USD,1.0756746555954
2026-03-26,MOS.N,25.0,2325679,USD,-4.54371897670867
2026-03-26,MP.N,51.7,756872,USD,-3.79605508001488
2026-03-26,MPC.N,248.31,559509,USD,2.92642487046632
2026-03-26,MPT.N,4.67,903095,USD,0.430107526881711
2026-03-26,MPWR.OQ,1058.28,301322,USD,-5.39752918670553
2026-03-26,MQ.OQ,4.16,689166,USD,-0.715990453460626
2026-03-26,MRCY.OQ,76.16,391749,USD,-3.23974082073434
2026-03-26,MRK.N,118.93,2404272,USD,-0.368601826254501
2026-03-26,MRNA.OQ,53.57,1357986,USD,0.056032872618605
2026-03-26,MRP.N,28.84,270903,USD,-1.93811628697722
2026-03-26,MRSH.N,174.14,901029,USD,-0.034443168771528
2026-03-26,MRVL.OQ,97.68,9965978,USD,-0.782122905027929
2026-03-26,MRX.OQ,40.55,553845,USD,4.34894493051981
2026-03-26,MS.N,163.23,1743082,USD,-1.46091156051918
2026-03-26,MSA.N,167.69,84521,USD,-4.73782877918537
2026-03-26,MSCI.N,534.68,96567,USD,0.694928341400015
2026-03-26,MSFT.OQ,365.97,11567698,USD,-1.36642949547218
2026-03-26,MET.N,69.74,,USD,-0.92342662309988
2026-03-26,META.OQ,547.54,,USD,-7.95945468910219
2026-03-26,METC.OQ,13.97,,USD,0.359195402298856
2026-03-26,MGEE.OQ,75.94,,USD,-0.354284214669986
2026-03-26,MGM.N,37.57,,USD,0.213390237396635
2026-03-26,MGNI.OQ,11.85,,USD,-2.14698596201486
2026-03-26,MGRC.OQ,111.02,,USD,1.4437134502924
2026-03-26,MGY.N,31.86,,USD,1.33587786259541
2026-03-26,MHK.N,98.58,,USD,-3.30554193231977
2026-03-26,MHO.N,121.88,,USD,-0.991064175467099
2026-03-26,MIAX.N,38.31,,USD,-0.519345624513102
2026-03-26,MIDD.OQ,133.88,,USD,-2.27023870355501
2026-03-26,MIR.N,18.25,,USD,-2.97713981924508
2026-03-26,MIRM.OQ,88.88,,USD,-1.43063103027615
2026-03-26,MKC.N,51.58,,USD,-2.27358848048504
2026-03-26,MKL.N,1899.64,,USD,0.360308957005957
2026-03-26,MKSI.OQ,225.12,,USD,-7.61654629021668
2026-03-26,MKTX.OQ,166.72,,USD,0.367226536632343
2026-03-26,MLI.N,109.5,,USD,-2.23214285714286
2026-03-26,MLKN.OQ,15.03,,USD,-22.3657024793388
2026-03-26,MLM.N,580.11,,USD,-1.57951884903803
2026-03-26,MLYS.OQ,23.61,,USD,-4.10235580828595
2026-03-26,MMM.N,143.99,,USD,-2.74231678486998
2026-03-26,MMS.N,66.03,,USD,-2.62498156614069
2026-03-26,MMSI.OQ,69.31,,USD,1.76185582146528
2026-03-26,MNKD.OQ,2.3,,USD,0.877192982456141
2026-03-26,MNRO.OQ,15.64,,USD,-4.34250764525994
2026-03-26,MNST.OQ,71.98,,USD,-1.68009834722031
2026-03-26,MO.N,64.62,,USD,1.3170272812794
2026-03-26,MOD.N,215.81,,USD,-7.33393447550345
2026-03-26,MOGa.N,289.33,,USD,-5.43226017323092
2026-03-26,MOH.N,138.8,,USD,-0.743707093821505
2026-03-26,MORN.OQ,160.68,,USD,1.0756746555954
2026-03-26,MOS.N,25.0,,USD,-4.54371897670867
2026-03-26,MP.N,51.7,,USD,-3.79605508001488
2026-03-26,MPC.N,248.31,,USD,2.92642487046632
2026-03-26,MPT.N,4.67,,USD,0.430107526881711
2026-03-26,MPWR.OQ,1058.28,,USD,-5.39752918670553
2026-03-26,MQ.OQ,4.16,,USD,-0.715990453460626
2026-03-26,MRCY.OQ,76.16,,USD,-3.23974082073434
2026-03-26,MRK.N,118.93,,USD,-0.368601826254501
2026-03-26,MRNA.OQ,53.57,,USD,0.056032872618605
2026-03-26,MRP.N,28.84,,USD,-1.93811628697722
2026-03-26,MRSH.N,174.14,,USD,-0.034443168771528
2026-03-26,MRVL.OQ,97.68,,USD,-0.782122905027929
2026-03-26,MRX.OQ,40.55,,USD,4.34894493051981
2026-03-26,MS.N,163.23,,USD,-1.46091156051918
2026-03-26,MSA.N,167.69,,USD,-4.73782877918537
2026-03-26,MSCI.N,534.68,,USD,0.694928341400015
2026-03-26,MSFT.OQ,365.97,,USD,-1.36642949547218
2026-03-27,MET.N,,0,,
2026-03-27,META.OQ,,0,,
2026-03-27,METC.OQ,,0,,
2026-03-27,MGEE.OQ,,0,,
2026-03-27,MGM.N,,0,,
2026-03-27,MGNI.OQ,,0,,
2026-03-27,MGRC.OQ,,0,,
2026-03-27,MGY.N,,0,,
2026-03-27,MHK.N,,0,,
2026-03-27,MHO.N,,0,,
2026-03-27,MIAX.N,,0,,
2026-03-27,MIDD.OQ,,0,,
2026-03-27,MIR.N,,0,,
2026-03-27,MIRM.OQ,,0,,
2026-03-27,MKC.N,,0,,
2026-03-27,MKL.N,,0,,
2026-03-27,MKSI.OQ,,0,,
2026-03-27,MKTX.OQ,,0,,
2026-03-27,MLI.N,,0,,
2026-03-27,MLKN.OQ,,0,,
2026-03-27,MLM.N,,0,,
2026-03-27,MLYS.OQ,,0,,
2026-03-27,MMM.N,,0,,
2026-03-27,MMS.N,,0,,
2026-03-27,MMSI.OQ,,0,,
2026-03-27,MNKD.OQ,,0,,
2026-03-27,MNRO.OQ,,0,,
2026-03-27,MNST.OQ,,0,,
2026-03-27,MO.N,,0,,
2026-03-27,MOD.N,,0,,
2026-03-27,MOGa.N,,0,,
2026-03-27,MOH.N,,0,,
2026-03-27,MORN.OQ,,0,,
2026-03-27,MOS.N,,0,,
2026-03-27,MP.N,,0,,
2026-03-27,MPC.N,,0,,
2026-03-27,MPT.N,,0,,
2026-03-27,MPWR.OQ,,0,,
2026-03-27,MQ.OQ,,0,,
2026-03-27,MRCY.OQ,,0,,
2026-03-27,MRK.N,,0,,
2026-03-27,MRNA.OQ,,0,,
2026-03-27,MRP.N,,0,,
2026-03-27,MRSH.N,,0,,
2026-03-27,MRVL.OQ,,0,,
2026-03-27,MRX.OQ,,0,,
2026-03-27,MS.N,,0,,
2026-03-27,MSA.N,,0,,
2026-03-27,MSCI.N,,0,,
2026-03-27,MSFT.OQ,,0,,
2026-03-24,MSGE.N,57.35,84213,USD,0.614035087719301
2026-03-24,MSGS.N,314.1,43050,USD,1.22135928587542
2026-03-24,MSI.N,454.75,459478,USD,-0.413892782060263
2026-03-24,MSM.N,90.52,330389,USD,3.91459074733096
2026-03-24,MSTR.OQ,136.25,5043493,USD,-1.41099855282199
2026-03-24,MTB.N,203.78,386283,USD,1.55486893252268
2026-03-24,MTCH.OQ,30.39,1536842,USD,-2.59615384615384
2026-03-24,MTD.N,1264.46,50582,USD,2.04911748327375
2026-03-24,MTDR.N,60.92,527355,USD,3.51741716227698
2026-03-24,MTG.N,25.88,749359,USD,0.038654812524152
2026-03-24,MTH.N,60.95,407277,USD,-0.635800456472124
2026-03-24,MTN.N,130.01,236887,USD,-0.084537350138344
2026-03-24,MTRN.N,141.45,87553,USD,2.51485722568488
2026-03-24,MTSI.OQ,237.23,536531,USD,3.4764023379569
2026-03-24,MTZ.N,322.65,190022,USD,3.86955541963107
2026-03-24,MU.OQ,395.53,10728908,USD,-2.18127859527638
2026-03-24,MUR.N,38.62,901214,USD,2.68545599574581
2026-03-24,MUSA.N,468.11,60464,USD,2.03587854480459
2026-03-24,MWA.N,28.19,383946,USD,1.0394265232975
2026-03-24,MXL.OQ,17.64,308925,USD,2.9171528588098
2026-03-24,MYRG.OQ,284.15,63855,USD,3.55698093953861
2026-03-24,MZTI.OQ,141.07,94505,USD,-1.34965034965035
2026-03-24,NATL.N,43.48,151071,USD,0.299884659746241
2026-03-24,NAVN.OQ,8.51,425325,USD,-4.27446569178854
2026-03-24,NB.OQ,4.57,866932,USD,-2.14132762312633
2026-03-24,NBHC.N,38.44,198074,USD,1.0515247108307
2026-03-24,NBIX.OQ,127.86,578399,USD,0.637544273907912
2026-03-24,NBR.N,85.99,77852,USD,1.17660901282504
2026-03-24,NCLH.N,19.66,3648966,USD,-2.28628230616303
2026-03-24,NCNO.OQ,14.42,718836,USD,-7.08762886597938
2026-03-24,NDAQ.OQ,84.28,914386,USD,-2.45370370370371
2026-03-24,NDSN.OQ,269.19,111427,USD,0.264451728247907
2026-03-24,NE.N,49.78,608166,USD,3.98997284311678
2026-03-24,NEE.N,91.62,2129236,USD,1.54050759171008
2026-03-24,NEM.N,99.02,6223118,USD,0.896678214795186
2026-03-24,NEO.OQ,7.86,563889,USD,-2.96296296296295
2026-03-24,NEOG.OQ,9.11,787158,USD,3.05429864253393
2026-03-24,NESR.OQ,22.15,727545,USD,1.0031919744642
2026-03-24,NET.N,213.15,723878,USD,-3.39904826648538
2026-03-24,NEU.N,620.67,37584,USD,0.7041682215696
2026-03-24,NFG.N,94.78,301288,USD,1.84826993337632
2026-03-24,NFLX.OQ,90.92,8858200,USD,-2.63439708717069
2026-03-24,NGVT.N,69.5,104470,USD,4.04191616766467
2026-03-24,NHI.N,82.56,124389,USD,0.291545189504384
2026-03-24,NI.N,45.68,1171358,USD,0.46184297338905
2026-03-24,NIC.N,146.44,59800,USD,2.9165788179071
2026-03-24,NIQ.N,10.57,956522,USD,-5.79322638146168
2026-03-24,NJR.N,54.21,203680,USD,0.426083734716569
2026-03-24,NKE.N,53.49,2767817,USD,1.47979510529312
2026-03-24,NLY.N,21.08,2932280,USD,-0.706547338671701
2026-03-25,MSGE.N,57.63,85568,USD,0.488230165649522
2026-03-25,MSGS.N,316.0,85784,USD,0.6049028971665
2026-03-25,MSI.N,451.01,361949,USD,-0.822429906542058
2026-03-25,MSM.N,91.9,282710,USD,1.52452496685816
2026-03-25,MSTR.OQ,139.13,4477839,USD,2.1137614678899
2026-03-25,MTB.N,204.75,292988,USD,0.476003533222102
2026-03-25,MTCH.OQ,30.34,1118711,USD,-0.164527805199081
2026-03-25,MTD.N,1265.75,42396,USD,0.102019834553878
2026-03-25,MTDR.N,61.05,436557,USD,0.213394615889684
2026-03-25,MTG.N,26.01,488219,USD,0.502318392581154
2026-03-25,MTH.N,61.59,225394,USD,1.05004101722724
2026-03-25,MTN.N,132.06,178906,USD,1.57680178447813
2026-03-25,MTRN.N,148.11,56542,USD,4.70837751855781
2026-03-25,MTSI.OQ,245.04,421340,USD,3.29216372296927
2026-03-25,MTZ.N,323.55,165443,USD,0.278940027894013
2026-03-25,MU.OQ,382.09,14137865,USD,-3.39797234090967
2026-03-25,MUR.N,39.97,625217,USD,3.495598135681
2026-03-25,MUSA.N,477.36,54259,USD,1.97603127470039
2026-03-25,MWA.N,28.22,275217,USD,0.10642071656615
2026-03-25,MXL.OQ,17.8,321298,USD,0.907029478458051
2026-03-25,MYRG.OQ,285.18,52409,USD,0.362484603202544
2026-03-25,MZTI.OQ,139.855,81473,USD,-0.861274544552352
2026-03-25,NATL.N,43.74,162333,USD,0.597976080956774
2026-03-25,NAVN.OQ,9.15,1463265,USD,7.52056404230318
2026-03-25,NB.OQ,4.73,752318,USD,3.50109409190372
2026-03-25,NBHC.N,38.75,144121,USD,0.806451612903232
2026-03-25,NBIX.OQ,131.13,404954,USD,2.55748474894415
2026-03-25,NBR.N,87.49,84920,USD,1.74438888242819
2026-03-25,NCLH.N,20.22,5753959,USD,2.84842319430315
2026-03-25,NCNO.OQ,14.48,930153,USD,0.416088765603332
2026-03-25,NDAQ.OQ,83.74,1078341,USD,-0.640721404841014
2026-03-25,NDSN.OQ,270.85,125558,USD,0.616664809242552
2026-03-25,NE.N,49.39,398617,USD,-0.783447167537165
2026-03-25,NEE.N,91.16,1808064,USD,-0.502073783016817
2026-03-25,NEM.N,101.52,2513853,USD,2.52474247626742
2026-03-25,NEO.OQ,7.77,484210,USD,-1.14503816793894
2026-03-25,NEOG.OQ,9.16,746166,USD,0.548847420417132
2026-03-25,NESR.OQ,22.35,743491,USD,0.902934537246062
2026-03-25,NET.N,218.0,757717,USD,2.275392915787
2026-03-25,NEU.N,621.46,82307,USD,0.127281808368389
2026-03-25,NFG.N,94.4,252026,USD,-0.400928465921076
2026-03-25,NFLX.OQ,92.28,9102103,USD,1.49582050153981
2026-03-25,NGVT.N,71.78,73860,USD,3.28057553956835
2026-03-25,NHI.N,83.12,152576,USD,0.678294573643414
2026-03-25,NI.N,45.68,768104,USD,0.0
2026-03-25,NIC.N,148.87,46540,USD,1.65938268232724
2026-03-25,NIQ.N,10.69,433739,USD,1.13528855250709
2026-03-25,NJR.N,54.12,198681,USD,-0.166021029330388
2026-03-25,NKE.N,52.98,3015969,USD,-0.95344924284914
2026-03-25,NLY.N,21.41,1865377,USD,1.56546489563568
2026-03-26,MSGE.N,56.88,92290,USD,-1.3014055179594
2026-03-26,MSGS.N,314.93,30101,USD,-0.338607594936707
2026-03-26,MSI.N,450.01,202854,USD,-0.221724573734507
2026-03-26,MSM.N,89.48,164583,USD,-2.63329706202394
2026-03-26,MSTR.OQ,132.93,3822360,USD,-4.45626392582476
2026-03-26,MTB.N,205.73,319333,USD,0.478632478632474
2026-03-26,MTCH.OQ,30.81,1299506,USD,1.54911008569545
2026-03-26,MTD.N,1270.0,68073,USD,0.335769306735137
2026-03-26,MTDR.N,64.2,529530,USD,5.15970515970517
2026-03-26,MTG.N,26.11,777200,USD,0.384467512495186
2026-03-26,MTH.N,60.54,210395,USD,-1.70482221139796
2026-03-26,MTN.N,130.13,179042,USD,0.219597152809324
2026-03-26,MTRN.N,140.68,64871,USD,-5.01654175950308
2026-03-26,MTSI.OQ,228.5,712059,USD,-6.74991838067254
2026-03-26,MTZ.N,306.74,146217,USD,-5.19548755988255
2026-03-26,MU.OQ,355.46,13965558,USD,-6.96956214504436
2026-03-26,MUR.N,41.75,731823,USD,4.45334000500376
2026-03-26,MUSA.N,495.2,94494,USD,3.7372213842802
2026-03-26,MWA.N,27.8,223961,USD,-1.48830616583982
2026-03-26,MXL.OQ,17.16,412670,USD,-3.59550561797753
2026-03-26,MYRG.OQ,269.06,49304,USD,-5.65257030647311
2026-03-26,MZTI.OQ,141.71,85200,USD,1.32637374423511
2026-03-26,NATL.N,43.48,280041,USD,-0.594421582075915
2026-03-26,NAVN.OQ,13.11,4774216,USD,43.2786885245902
2026-03-26,NB.OQ,4.57,591107,USD,-3.38266384778013
2026-03-26,NBHC.N,38.55,164714,USD,-0.516129032258072
2026-03-26,NBIX.OQ,132.42,225747,USD,0.983756577442227
2026-03-26,NBR.N,89.46,88279,USD,2.25168590696079
2026-03-26,NCLH.N,19.85,4233505,USD,-1.82987141444114
2026-03-26,NCNO.OQ,15.0,691025,USD,3.59116022099447
2026-03-26,NDAQ.OQ,83.78,719779,USD,0.047766897540012
2026-03-26,NDSN.OQ,264.96,97391,USD,-2.17463540705189
2026-03-26,NE.N,49.83,425203,USD,0.890868596881955
2026-03-26,NEE.N,91.16,1897575,USD,0.0
2026-03-26,NEM.N,99.36,2538674,USD,-2.12765957446808
2026-03-26,NEO.OQ,7.76,422139,USD,-0.128700128700126
2026-03-26,NEOG.OQ,9.15,641975,USD,-0.109170305676854
2026-03-26,NESR.OQ,21.43,841738,USD,-4.11633109619688
2026-03-26,NET.N,210.13,759342,USD,-3.61009174311927
2026-03-26,NEU.N,629.12,23379,USD,1.2325813407138
2026-03-26,NFG.N,94.68,207725,USD,0.296610169491527
2026-03-26,NFLX.OQ,93.32,18027693,USD,1.12700476809709
2026-03-26,NGVT.N,71.35,102851,USD,-0.59905266090834
2026-03-26,NHI.N,82.79,140198,USD,-0.397016361886427
2026-03-26,NI.N,45.44,1109599,USD,-0.525394045534155
2026-03-26,NIC.N,147.69,34751,USD,-0.792637871968836
2026-03-26,NIQ.N,10.8,370165,USD,1.02899906454632
2026-03-26,NJR.N,54.67,172508,USD,1.01626016260163
2026-03-26,NKE.N,52.07,2850471,USD,-1.71762929407323
2026-03-26,NLY.N,21.06,2324763,USD,-1.63475011676787
2026-03-26,MSGE.N,56.88,,USD,-1.3014055179594
2026-03-26,MSGS.N,314.93,,USD,-0.338607594936707
2026-03-26,MSI.N,450.01,,USD,-0.221724573734507
2026-03-26,MSM.N,89.48,,USD,-2.63329706202394
2026-03-26,MSTR.OQ,132.93,,USD,-4.45626392582476
2026-03-26,MTB.N,205.73,,USD,0.478632478632474
2026-03-26,MTCH.OQ,30.81,,USD,1.54911008569545
2026-03-26,MTD.N,1270.0,,USD,0.335769306735137
2026-03-26,MTDR.N,64.2,,USD,5.15970515970517
2026-03-26,MTG.N,26.11,,USD,0.384467512495186
2026-03-26,MTH.N,60.54,,USD,-1.70482221139796
2026-03-26,MTN.N,130.13,,USD,0.219597152809324
2026-03-26,MTRN.N,140.68,,USD,-5.01654175950308
2026-03-26,MTSI.OQ,228.5,,USD,-6.74991838067254
2026-03-26,MTZ.N,306.74,,USD,-5.19548755988255
2026-03-26,MU.OQ,355.46,,USD,-6.96956214504436
2026-03-26,MUR.N,41.75,,USD,4.45334000500376
2026-03-26,MUSA.N,495.2,,USD,3.7372213842802
2026-03-26,MWA.N,27.8,,USD,-1.48830616583982
2026-03-26,MXL.OQ,17.16,,USD,-3.59550561797753
2026-03-26,MYRG.OQ,269.06,,USD,-5.65257030647311
2026-03-26,MZTI.OQ,141.71,,USD,1.32637374423511
2026-03-26,NATL.N,43.48,,USD,-0.594421582075915
2026-03-26,NAVN.OQ,13.11,,USD,43.2786885245902
2026-03-26,NB.OQ,4.57,,USD,-3.38266384778013
2026-03-26,NBHC.N,38.55,,USD,-0.516129032258072
2026-03-26,NBIX.OQ,132.42,,USD,0.983756577442227
2026-03-26,NBR.N,89.46,,USD,2.25168590696079
2026-03-26,NCLH.N,19.85,,USD,-1.82987141444114
2026-03-26,NCNO.OQ,15.0,,USD,3.59116022099447
2026-03-26,NDAQ.OQ,83.78,,USD,0.047766897540012
2026-03-26,NDSN.OQ,264.96,,USD,-2.17463540705189
2026-03-26,NE.N,49.83,,USD,0.890868596881955
2026-03-26,NEE.N,91.16,,USD,0.0
2026-03-26,NEM.N,99.36,,USD,-2.12765957446808
2026-03-26,NEO.OQ,7.76,,USD,-0.128700128700126
2026-03-26,NEOG.OQ,9.15,,USD,-0.109170305676854
2026-03-26,NESR.OQ,21.43,,USD,-4.11633109619688
2026-03-26,NET.N,210.13,,USD,-3.61009174311927
2026-03-26,NEU.N,629.12,,USD,1.2325813407138
2026-03-26,NFG.N,94.68,,USD,0.296610169491527
2026-03-26,NFLX.OQ,93.32,,USD,1.12700476809709
2026-03-26,NGVT.N,71.35,,USD,-0.59905266090834
2026-03-26,NHI.N,82.79,,USD,-0.397016361886427
2026-03-26,NI.N,45.44,,USD,-0.525394045534155
2026-03-26,NIC.N,147.69,,USD,-0.792637871968836
2026-03-26,NIQ.N,10.8,,USD,1.02899906454632
2026-03-26,NJR.N,54.67,,USD,1.01626016260163
2026-03-26,NKE.N,52.07,,USD,-1.71762929407323
2026-03-26,NLY.N,21.06,,USD,-1.63475011676787
2026-03-27,MSGE.N,,0,,
2026-03-27,MSGS.N,,0,,
2026-03-27,MSI.N,,0,,
2026-03-27,MSM.N,,0,,
2026-03-27,MSTR.OQ,,0,,
2026-03-27,MTB.N,,0,,
2026-03-27,MTCH.OQ,,0,,
2026-03-27,MTD.N,,0,,
2026-03-27,MTDR.N,,0,,
2026-03-27,MTG.N,,0,,
2026-03-27,MTH.N,,0,,
2026-03-27,MTN.N,,0,,
2026-03-27,MTRN.N,,0,,
2026-03-27,MTSI.OQ,,0,,
2026-03-27,MTZ.N,,0,,
2026-03-27,MU.OQ,,0,,
2026-03-27,MUR.N,,0,,
2026-03-27,MUSA.N,,0,,
2026-03-27,MWA.N,,0,,
2026-03-27,MXL.OQ,,0,,
2026-03-27,MYRG.OQ,,0,,
2026-03-27,MZTI.OQ,,0,,
2026-03-27,NATL.N,,0,,
2026-03-27,NAVN.OQ,,0,,
2026-03-27,NB.OQ,,0,,
2026-03-27,NBHC.N,,0,,
2026-03-27,NBIX.OQ,,0,,
2026-03-27,NBR.N,,0,,
2026-03-27,NCLH.N,,0,,
2026-03-27,NCNO.OQ,,0,,
2026-03-27,NDAQ.OQ,,0,,
2026-03-27,NDSN.OQ,,0,,
2026-03-27,NE.N,,0,,
2026-03-27,NEE.N,,0,,
2026-03-27,NEM.N,,0,,
2026-03-27,NEO.OQ,,0,,
2026-03-27,NEOG.OQ,,0,,
2026-03-27,NESR.OQ,,0,,
2026-03-27,NET.N,,0,,
2026-03-27,NEU.N,,0,,
2026-03-27,NFG.N,,0,,
2026-03-27,NFLX.OQ,,0,,
2026-03-27,NGVT.N,,0,,
2026-03-27,NHI.N,,0,,
2026-03-27,NI.N,,0,,
2026-03-27,NIC.N,,0,,
2026-03-27,NIQ.N,,0,,
2026-03-27,NJR.N,,0,,
2026-03-27,NKE.N,,0,,
2026-03-27,NLY.N,,0,,
2026-03-24,NMIH.OQ,37.2,152123,USD,0.053792361484678
2026-03-24,NMRK.OQ,14.64,701405,USD,0.618556701030927
2026-03-24,NN.OQ,18.52,509372,USD,-0.856531049250536
2026-03-24,NNE.OQ,21.61,335177,USD,-1.86194368755677
2026-03-24,NNN.N,42.36,432932,USD,-0.37629350893698
2026-03-24,NOC.N,682.16,174907,USD,0.317647058823525
2026-03-24,NOG.N,29.12,640975,USD,1.81818181818182
2026-03-24,NOV.N,19.51,1495789,USD,1.19294605809129
2026-03-24,NOVT.OQ,119.46,103736,USD,1.7980400511291
2026-03-24,NOW.N,104.65,4301551,USD,-5.6782334384858
2026-03-24,NPO.N,257.18,32081,USD,1.47169066877097
2026-03-24,NRG.N,151.13,622131,USD,-0.421690716215336
2026-03-24,NRIX.OQ,14.44,428235,USD,-1.70183798502383
2026-03-24,NSA.N,37.43,545711,USD,-1.03120042305659
2026-03-24,NSC.N,283.64,205811,USD,-0.459729777153887
2026-03-24,NSIT.OQ,66.02,252390,USD,-7.17097862767155
2026-03-24,NSP.N,26.54,467933,USD,0.797569312571215
2026-03-24,NSSC.OQ,42.74,172092,USD,0.164049683618468
2026-03-24,NTAP.OQ,104.31,1463029,USD,2.97137216189536
2026-03-24,NTCT.OQ,32.02,318115,USD,1.45754119138151
2026-03-24,NTLA.OQ,12.81,1062983,USD,-2.28832951945079
2026-03-24,NTNX.OQ,39.31,1570521,USD,-2.67392919039366
2026-03-24,NTRA.OQ,194.52,245386,USD,-2.78374731370883
2026-03-24,NTRS.OQ,140.37,507977,USD,2.35525740119587
2026-03-24,NTST.N,19.01,337594,USD,-0.052576235541525
2026-03-24,NU.N,14.19,11126287,USD,-3.33787465940055
2026-03-24,NUE.N,162.74,551823,USD,1.31988544390487
2026-03-24,NUTX.OQ,99.49,54653,USD,4.74836807748999
2026-03-24,NUVB.N,4.28,1079970,USD,-1.60919540229884
2026-03-24,NUVL.OQ,96.15,154819,USD,-0.290366068650836
2026-03-24,NVAX.OQ,9.26,894633,USD,-4.73251028806585
2026-03-24,NVCR.OQ,11.36,398847,USD,-3.89170896785111
2026-03-24,NVDA.OQ,175.2,34597962,USD,-0.250512411751308
2026-03-24,NVR.N,6499.93,11363,USD,-0.471006892074181
2026-03-24,NVRI.N,18.4,363105,USD,-0.216919739696327
2026-03-24,NVST.N,26.03,504365,USD,0.813323005422157
2026-03-24,NVT.N,125.61,892973,USD,3.8099173553719
2026-03-24,NVTS.OQ,9.28,3316851,USD,1.08932461873638
2026-03-24,NWE.OQ,65.22,138666,USD,0.555041628122108
2026-03-24,NWL.OQ,3.55,1267516,USD,-0.837988826815649
2026-03-24,NWN.N,52.25,117733,USD,0.191754554170664
2026-03-24,NWS.OQ,27.17,1046931,USD,-1.05608157319737
2026-03-24,NWSA.OQ,23.97,2763598,USD,-1.19538334707338
2026-03-24,NXST.OQ,221.73,155792,USD,-3.69614315496874
2026-03-24,NXT.OQ,124.86,882009,USD,6.80010264305877
2026-03-24,NYT.N,84.16,1044480,USD,1.7777240295078
2026-03-24,O.N,60.46,1818370,USD,-0.640920295809368
2026-03-24,OC.N,106.91,367297,USD,0.394403230350269
2026-03-24,OCUL.OQ,8.1,936913,USD,0.0
2026-03-24,ODFL.OQ,185.03,1103593,USD,-1.42248268513585
2026-03-25,NMIH.OQ,37.22,121979,USD,0.053763440860204
2026-03-25,NMRK.OQ,15.04,669952,USD,2.73224043715846
2026-03-25,NN.OQ,19.36,619988,USD,4.53563714902808
2026-03-25,NNE.OQ,21.94,377851,USD,1.52707080055531
2026-03-25,NNN.N,41.99,546277,USD,-0.873465533522185
2026-03-25,NOC.N,691.21,178305,USD,1.32666823032721
2026-03-25,NOG.N,29.61,551360,USD,1.6826923076923
2026-03-25,NOV.N,19.62,1368588,USD,0.563813429010761
2026-03-25,NOVT.OQ,117.65,116375,USD,-1.5151515151515
2026-03-25,NOW.N,103.06,2728861,USD,-1.51935021500239
2026-03-25,NPO.N,257.06,40052,USD,-0.04665992689945
2026-03-25,NRG.N,151.04,617849,USD,-0.059551379606963
2026-03-25,NRIX.OQ,15.44,646687,USD,6.92520775623269
2026-03-25,NSA.N,37.42,433350,USD,-0.02671653753673
2026-03-25,NSC.N,282.61,286326,USD,-0.363136370046528
2026-03-25,NSIT.OQ,64.91,190354,USD,-1.68130869433505
2026-03-25,NSP.N,26.06,299297,USD,-1.80859080633007
2026-03-25,NSSC.OQ,41.5,221594,USD,-2.90126345343941
2026-03-25,NTAP.OQ,105.5,763165,USD,1.14083021762055
2026-03-25,NTCT.OQ,32.3,297935,USD,0.874453466583367
2026-03-25,NTLA.OQ,13.26,879721,USD,3.51288056206088
2026-03-25,NTNX.OQ,38.99,957036,USD,-0.814042228440601
2026-03-25,NTRA.OQ,197.37,241395,USD,1.46514497223936
2026-03-25,NTRS.OQ,139.73,406838,USD,-0.45593787846407
2026-03-25,NTST.N,18.67,418518,USD,-1.788532351394
2026-03-25,NU.N,14.32,8165418,USD,0.916138125440457
2026-03-25,NUE.N,165.17,329408,USD,1.49317930441193
2026-03-25,NUTX.OQ,100.38,34145,USD,0.89456226756458
2026-03-25,NUVB.N,4.38,742948,USD,2.33644859813083
2026-03-25,NUVL.OQ,98.0,200666,USD,1.92407696307852
2026-03-25,NVAX.OQ,9.34,692923,USD,0.863930885529158
2026-03-25,NVCR.OQ,11.61,470501,USD,2.20070422535211
2026-03-25,NVDA.OQ,178.68,40716694,USD,1.98630136986302
2026-03-25,NVR.N,6552.2,8952,USD,0.804162506365446
2026-03-25,NVRI.N,18.79,656319,USD,2.11956521739131
2026-03-25,NVST.N,26.14,453800,USD,0.422589320015365
2026-03-25,NVT.N,127.01,482286,USD,1.11456094260012
2026-03-25,NVTS.OQ,9.48,3215345,USD,2.15517241379312
2026-03-25,NWE.OQ,65.36,129771,USD,0.214658080343454
2026-03-25,NWL.OQ,3.56,1207907,USD,0.281690140845077
2026-03-25,NWN.N,52.47,162555,USD,0.421052631578945
2026-03-25,NWS.OQ,27.59,435312,USD,1.54582259845417
2026-03-25,NWSA.OQ,24.27,1327414,USD,1.25156445556946
2026-03-25,NXST.OQ,218.1,192173,USD,-1.63712623460966
2026-03-25,NXT.OQ,130.42,664389,USD,4.45298734582732
2026-03-25,NYT.N,85.17,497986,USD,1.20009505703423
2026-03-25,O.N,60.06,1584884,USD,-0.66159444260668
2026-03-25,OC.N,107.97,304143,USD,0.991488167617624
2026-03-25,OCUL.OQ,8.33,1024716,USD,2.83950617283951
2026-03-25,ODFL.OQ,189.05,691885,USD,2.17262065610982
2026-03-26,NMIH.OQ,37.52,131439,USD,0.806018269747459
2026-03-26,NMRK.OQ,14.91,596439,USD,-0.864361702127653
2026-03-26,NN.OQ,18.82,489680,USD,-2.7892561983471
2026-03-26,NNE.OQ,21.15,334131,USD,-3.60072926162262
2026-03-26,NNN.N,42.1,652024,USD,0.261967135032149
2026-03-26,NOC.N,691.99,179009,USD,0.112845589618202
2026-03-26,NOG.N,30.41,613137,USD,2.70178993583249
2026-03-26,NOV.N,19.92,1263415,USD,1.52905198776759
2026-03-26,NOVT.OQ,118.49,107672,USD,0.71398215044623
2026-03-26,NOW.N,103.64,2197837,USD,0.562778963710458
2026-03-26,NPO.N,249.19,27976,USD,-3.06154205243912
2026-03-26,NRG.N,146.14,687197,USD,-3.24417372881356
2026-03-26,NRIX.OQ,15.53,388472,USD,0.582901554404144
2026-03-26,NSA.N,37.36,340188,USD,-0.160342063067884
2026-03-26,NSC.N,283.28,684698,USD,0.237075828880775
2026-03-26,NSIT.OQ,70.04,246434,USD,7.90325065475275
2026-03-26,NSP.N,26.82,261598,USD,2.91634689178819
2026-03-26,NSSC.OQ,38.92,184289,USD,-6.21686746987951
2026-03-26,NTAP.OQ,104.45,1066044,USD,-0.995260663507106
2026-03-26,NTCT.OQ,32.6,241706,USD,0.928792569659456
2026-03-26,NTLA.OQ,13.24,1130931,USD,-0.150829562594265
2026-03-26,NTNX.OQ,39.45,965758,USD,1.17978968966402
2026-03-26,NTRA.OQ,196.15,174210,USD,-0.618128388306226
2026-03-26,NTRS.OQ,137.98,259727,USD,-1.25241537250411
2026-03-26,NTST.N,18.73,289234,USD,0.321371183717186
2026-03-26,NU.N,14.02,9686564,USD,-2.09497206703911
2026-03-26,NUE.N,166.01,400385,USD,0.508566931040748
2026-03-26,NUTX.OQ,94.86,46796,USD,-5.49910340705319
2026-03-26,NUVB.N,4.42,969531,USD,0.913242009132421
2026-03-26,NUVL.OQ,98.06,154867,USD,0.061224489795921
2026-03-26,NVAX.OQ,8.95,1002301,USD,-4.17558886509637
2026-03-26,NVCR.OQ,11.76,606229,USD,1.29198966408269
2026-03-26,NVDA.OQ,171.24,53011050,USD,-4.16386836803223
2026-03-26,NVR.N,6530.22,7513,USD,-0.335459845548054
2026-03-26,NVRI.N,18.69,677481,USD,-0.532197977647674
2026-03-26,NVST.N,25.84,684830,USD,-1.14766641162969
2026-03-26,NVT.N,118.44,487983,USD,-6.7475001968349
2026-03-26,NVTS.OQ,9.02,3533088,USD,-4.85232067510549
2026-03-26,NWE.OQ,65.0,107646,USD,-0.55079559363525
2026-03-26,NWL.OQ,3.47,1261984,USD,-2.52808988764045
2026-03-26,NWN.N,52.86,56578,USD,0.743281875357348
2026-03-26,NWS.OQ,27.55,479520,USD,-0.144980065241026
2026-03-26,NWSA.OQ,24.26,1018301,USD,-0.041203131437981
2026-03-26,NXST.OQ,219.63,131894,USD,0.701513067400276
2026-03-26,NXT.OQ,119.85,530972,USD,-8.10458518632111
2026-03-26,NYT.N,82.96,655821,USD,-2.59481037924153
2026-03-26,O.N,60.27,1165799,USD,0.349650349650351
2026-03-26,OC.N,107.52,298724,USD,-0.416782439566549
2026-03-26,OCUL.OQ,8.07,1143767,USD,-3.12124849939976
2026-03-26,ODFL.OQ,187.93,584916,USD,-0.59243586352817
2026-03-26,NMIH.OQ,37.52,,USD,0.806018269747459
2026-03-26,NMRK.OQ,14.91,,USD,-0.864361702127653
2026-03-26,NN.OQ,18.82,,USD,-2.7892561983471
2026-03-26,NNE.OQ,21.15,,USD,-3.60072926162262
2026-03-26,NNN.N,42.1,,USD,0.261967135032149
2026-03-26,NOC.N,691.99,,USD,0.112845589618202
2026-03-26,NOG.N,30.41,,USD,2.70178993583249
2026-03-26,NOV.N,19.92,,USD,1.52905198776759
2026-03-26,NOVT.OQ,118.49,,USD,0.71398215044623
2026-03-26,NOW.N,103.64,,USD,0.562778963710458
2026-03-26,NPO.N,249.19,,USD,-3.06154205243912
2026-03-26,NRG.N,146.14,,USD,-3.24417372881356
2026-03-26,NRIX.OQ,15.53,,USD,0.582901554404144
2026-03-26,NSA.N,37.36,,USD,-0.160342063067884
2026-03-26,NSC.N,283.28,,USD,0.237075828880775
2026-03-26,NSIT.OQ,70.04,,USD,7.90325065475275
2026-03-26,NSP.N,26.82,,USD,2.91634689178819
2026-03-26,NSSC.OQ,38.92,,USD,-6.21686746987951
2026-03-26,NTAP.OQ,104.45,,USD,-0.995260663507106
2026-03-26,NTCT.OQ,32.6,,USD,0.928792569659456
2026-03-26,NTLA.OQ,13.24,,USD,-0.150829562594265
2026-03-26,NTNX.OQ,39.45,,USD,1.17978968966402
2026-03-26,NTRA.OQ,196.15,,USD,-0.618128388306226
2026-03-26,NTRS.OQ,137.98,,USD,-1.25241537250411
2026-03-26,NTST.N,18.73,,USD,0.321371183717186
2026-03-26,NU.N,14.02,,USD,-2.09497206703911
2026-03-26,NUE.N,166.01,,USD,0.508566931040748
2026-03-26,NUTX.OQ,94.86,,USD,-5.49910340705319
2026-03-26,NUVB.N,4.42,,USD,0.913242009132421
2026-03-26,NUVL.OQ,98.06,,USD,0.061224489795921
2026-03-26,NVAX.OQ,8.95,,USD,-4.17558886509637
2026-03-26,NVCR.OQ,11.76,,USD,1.29198966408269
2026-03-26,NVDA.OQ,171.24,,USD,-4.16386836803223
2026-03-26,NVR.N,6530.22,,USD,-0.335459845548054
2026-03-26,NVRI.N,18.69,,USD,-0.532197977647674
2026-03-26,NVST.N,25.84,,USD,-1.14766641162969
2026-03-26,NVT.N,118.44,,USD,-6.7475001968349
2026-03-26,NVTS.OQ,9.02,,USD,-4.85232067510549
2026-03-26,NWE.OQ,65.0,,USD,-0.55079559363525
2026-03-26,NWL.OQ,3.47,,USD,-2.52808988764045
2026-03-26,NWN.N,52.86,,USD,0.743281875357348
2026-03-26,NWS.OQ,27.55,,USD,-0.144980065241026
2026-03-26,NWSA.OQ,24.26,,USD,-0.041203131437981
2026-03-26,NXST.OQ,219.63,,USD,0.701513067400276
2026-03-26,NXT.OQ,119.85,,USD,-8.10458518632111
2026-03-26,NYT.N,82.96,,USD,-2.59481037924153
2026-03-26,O.N,60.27,,USD,0.349650349650351
2026-03-26,OC.N,107.52,,USD,-0.416782439566549
2026-03-26,OCUL.OQ,8.07,,USD,-3.12124849939976
2026-03-26,ODFL.OQ,187.93,,USD,-0.59243586352817
2026-03-27,NMIH.OQ,,0,,
2026-03-27,NMRK.OQ,,0,,
2026-03-27,NN.OQ,,0,,
2026-03-27,NNE.OQ,,0,,
2026-03-27,NNN.N,,0,,
2026-03-27,NOC.N,,0,,
2026-03-27,NOG.N,,0,,
2026-03-27,NOV.N,,0,,
2026-03-27,NOVT.OQ,,0,,
2026-03-27,NOW.N,,0,,
2026-03-27,NPO.N,,0,,
2026-03-27,NRG.N,,0,,
2026-03-27,NRIX.OQ,,0,,
2026-03-27,NSA.N,,0,,
2026-03-27,NSC.N,,0,,
2026-03-27,NSIT.OQ,,0,,
2026-03-27,NSP.N,,0,,
2026-03-27,NSSC.OQ,,0,,
2026-03-27,NTAP.OQ,,0,,
2026-03-27,NTCT.OQ,,0,,
2026-03-27,NTLA.OQ,,0,,
2026-03-27,NTNX.OQ,,0,,
2026-03-27,NTRA.OQ,,0,,
2026-03-27,NTRS.OQ,,0,,
2026-03-27,NTST.N,,0,,
2026-03-27,NU.N,,0,,
2026-03-27,NUE.N,,0,,
2026-03-27,NUTX.OQ,,0,,
2026-03-27,NUVB.N,,0,,
2026-03-27,NUVL.OQ,,0,,
2026-03-27,NVAX.OQ,,0,,
2026-03-27,NVCR.OQ,,0,,
2026-03-27,NVDA.OQ,,0,,
2026-03-27,NVR.N,,0,,
2026-03-27,NVRI.N,,0,,
2026-03-27,NVST.N,,0,,
2026-03-27,NVT.N,,0,,
2026-03-27,NVTS.OQ,,0,,
2026-03-27,NWE.OQ,,0,,
2026-03-27,NWL.OQ,,0,,
2026-03-27,NWN.N,,0,,
2026-03-27,NWS.OQ,,0,,
2026-03-27,NWSA.OQ,,0,,
2026-03-27,NXST.OQ,,0,,
2026-03-27,NXT.OQ,,0,,
2026-03-27,NYT.N,,0,,
2026-03-27,O.N,,0,,
2026-03-27,OC.N,,0,,
2026-03-27,OCUL.OQ,,0,,
2026-03-27,ODFL.OQ,,0,,
2026-03-24,OFG.N,39.9,122662,USD,0.935997976220586
2026-03-24,OGE.N,47.02,822835,USD,0.793140407288327
2026-03-24,OGN.N,6.11,1568322,USD,0.328407224958957
2026-03-24,OGS.N,85.57,165062,USD,0.587751263665217
2026-03-24,OHI.N,44.73,610968,USD,-0.245316681534359
2026-03-24,OI.N,10.61,598788,USD,1.92122958693563
2026-03-24,OII.N,37.2,350766,USD,2.50757784513641
2026-03-24,OKE.N,90.94,1265536,USD,1.13434163701067
2026-03-24,OKLO.N,54.96,1669455,USD,-2.31070031994312
2026-03-24,OKTA.OQ,76.76,1318594,USD,-5.35141800246608
2026-03-24,OLED.OQ,96.0,207926,USD,1.98661425687879
2026-03-24,OLLI.OQ,93.26,515751,USD,-1.25992588671254
2026-03-24,OLMA.OQ,13.93,556172,USD,-0.28632784538297
2026-03-24,OLN.N,27.59,827235,USD,9.22406967537608
2026-03-24,OMC.N,75.39,1150597,USD,-0.330512956107879
2026-03-24,OMCL.OQ,34.46,141861,USD,0.437190323520835
2026-03-24,OMDA.OQ,13.4,654000,USD,-3.59712230215827
2026-03-24,OMER.OQ,10.18,345681,USD,-4.50281425891182
2026-03-24,OMF.N,53.26,474701,USD,1.13938473224459
2026-03-24,ON.OQ,62.34,2683214,USD,4.09083319418935
2026-03-24,ONB.OQ,21.72,1328732,USD,0.788863109048715
2026-03-24,ONON.N,39.59,1147120,USD,-0.677370797792263
2026-03-24,ONTO.N,219.46,192195,USD,4.60937127603795
2026-03-24,OPCH.OQ,28.41,643088,USD,0.0
2026-03-24,OPLN.N,27.17,479038,USD,-1.16405965805746
2026-03-24,ORA.N,109.84,262462,USD,0.641378046545724
2026-03-24,ORC.N,6.95,2319206,USD,0.724637681159418
2026-03-24,ORCL.N,147.09,3792592,USD,-4.69742127769859
2026-03-24,ORI.N,39.2,531996,USD,2.4568740198641
2026-03-24,ORIC.OQ,11.1,483148,USD,-0.269541778975751
2026-03-24,ORKA.OQ,39.9,192275,USD,-3.99422521655439
2026-03-24,ORLY.OQ,87.99,2412931,USD,-0.800450958286368
2026-03-24,OSCR.N,12.03,1996986,USD,-1.47420147420149
2026-03-24,OSIS.OQ,285.27,76505,USD,-1.33503960156332
2026-03-24,OSK.N,146.65,161239,USD,1.22868778905225
2026-03-24,OSW.OQ,22.96,439317,USD,5.95293031841255
2026-03-24,OTIS.N,77.99,1127485,USD,-1.32844129554657
2026-03-24,OTTR.OQ,87.09,104303,USD,1.26744186046512
2026-03-24,OUST.OQ,20.57,463519,USD,-2.88007554296506
2026-03-24,OUT.N,27.44,364638,USD,0.145985401459864
2026-03-24,OVV.N,58.97,1471614,USD,3.56515630488233
2026-03-24,OWL.N,8.96,5867649,USD,-1.43014301430142
2026-03-24,OXM.N,33.81,103967,USD,-1.8577648766328
2026-03-24,OXY.N,61.25,3066447,USD,1.55861382855248
2026-03-24,OZK.OQ,44.7,581487,USD,1.19990944079692
2026-03-24,PACS.N,33.71,296926,USD,-1.23058892469968
2026-03-24,PAG.N,146.17,78539,USD,0.43287068847052
2026-03-24,PAGS.N,9.96,746761,USD,-0.300300300300294
2026-03-24,PANW.OQ,157.21,3201967,USD,-4.16946053032612
2026-03-24,PAR.N,13.72,259734,USD,-2.27920227920227
2026-03-25,OFG.N,40.41,115168,USD,1.2781954887218
2026-03-25,OGE.N,47.36,488291,USD,0.723096554657585
2026-03-25,OGN.N,6.1,1114769,USD,-0.163666121112941
2026-03-25,OGS.N,85.22,131381,USD,-0.409021853453306
2026-03-25,OHI.N,44.73,540842,USD,0.0
2026-03-25,OI.N,10.82,392928,USD,1.97926484448634
2026-03-25,OII.N,36.13,310775,USD,-2.87634408602151
2026-03-25,OKE.N,92.12,1412812,USD,1.29755882999781
2026-03-25,OKLO.N,55.27,1217775,USD,0.564046579330426
2026-03-25,OKTA.OQ,78.12,1164146,USD,1.77175612298072
2026-03-25,OLED.OQ,96.83,161508,USD,0.864583333333332
2026-03-25,OLLI.OQ,91.01,644075,USD,-2.41260990778469
2026-03-25,OLMA.OQ,14.17,637669,USD,1.72290021536253
2026-03-25,OLN.N,28.04,1066408,USD,1.63102573396158
2026-03-25,OMC.N,75.74,972497,USD,0.464252553389036
2026-03-25,OMCL.OQ,34.94,120886,USD,1.39291932675565
2026-03-25,OMDA.OQ,12.96,256297,USD,-3.28358208955224
2026-03-25,OMER.OQ,10.44,246262,USD,2.55402750491159
2026-03-25,OMF.N,53.08,416375,USD,-0.337964701464513
2026-03-25,ON.OQ,63.1,2198302,USD,1.21912094963105
2026-03-25,ONB.OQ,21.77,1115637,USD,0.23020257826888
2026-03-25,ONON.N,35.16,3182033,USD,-11.1896943672645
2026-03-25,ONTO.N,221.04,121395,USD,0.719948965642934
2026-03-25,OPCH.OQ,28.49,490213,USD,0.281590989088343
2026-03-25,OPLN.N,27.0,340481,USD,-0.625690099374316
2026-03-25,ORA.N,110.7,196876,USD,0.782957028404952
2026-03-25,ORC.N,7.15,1749695,USD,2.87769784172662
2026-03-25,ORCL.N,146.02,3305916,USD,-0.727445781494319
2026-03-25,ORI.N,39.36,616774,USD,0.408163265306114
2026-03-25,ORIC.OQ,11.7,360720,USD,5.4054054054054
2026-03-25,ORKA.OQ,43.81,259667,USD,9.79949874686718
2026-03-25,ORLY.OQ,91.16,2630862,USD,3.60268212296852
2026-03-25,OSCR.N,12.21,1568423,USD,1.49625935162096
2026-03-25,OSIS.OQ,284.57,53103,USD,-0.245381568338763
2026-03-25,OSK.N,147.89,149385,USD,0.845550630753482
2026-03-25,OSW.OQ,23.2,272979,USD,1.04529616724738
2026-03-25,OTIS.N,78.7,1056968,USD,0.910373124759595
2026-03-25,OTTR.OQ,86.55,129039,USD,-0.620048225973138
2026-03-25,OUST.OQ,20.22,449924,USD,-1.70150704910064
2026-03-25,OUT.N,27.09,419394,USD,-1.27551020408164
2026-03-25,OVV.N,60.14,929547,USD,1.98405969136849
2026-03-25,OWL.N,9.03,4040289,USD,0.781249999999983
2026-03-25,OXM.N,32.97,95731,USD,-2.48447204968945
2026-03-25,OXY.N,61.85,2501577,USD,0.979591836734696
2026-03-25,OZK.OQ,45.02,390739,USD,0.715883668903804
2026-03-25,PACS.N,32.61,277728,USD,-3.26312666864432
2026-03-25,PAG.N,148.11,68188,USD,1.3272217281248
2026-03-25,PAGS.N,10.23,617807,USD,2.71084337349397
2026-03-25,PANW.OQ,153.22,2023179,USD,-2.53800648813689
2026-03-25,PAR.N,13.39,323626,USD,-2.40524781341108
2026-03-26,OFG.N,40.59,99678,USD,0.445434298440997
2026-03-26,OGE.N,47.67,507606,USD,0.654560810810816
2026-03-26,OGN.N,6.05,577780,USD,-0.819672131147538
2026-03-26,OGS.N,85.79,215902,USD,0.668857075803811
2026-03-26,OHI.N,44.55,374431,USD,-0.402414486921529
2026-03-26,OI.N,10.52,366947,USD,-2.77264325323476
2026-03-26,OII.N,36.52,206507,USD,1.07943537226682
2026-03-26,OKE.N,93.57,1161109,USD,1.57403386886668
2026-03-26,OKLO.N,51.81,1553062,USD,-6.2601773113805
2026-03-26,OKTA.OQ,79.38,1171061,USD,1.61290322580644
2026-03-26,OLED.OQ,93.55,179761,USD,-3.38737994423216
2026-03-26,OLLI.OQ,90.52,471491,USD,-0.538402373365574
2026-03-26,OLMA.OQ,14.12,330194,USD,-0.352858151023294
2026-03-26,OLN.N,28.6,773050,USD,1.99714693295293
2026-03-26,OMC.N,75.31,1405228,USD,-0.567731713757582
2026-03-26,OMCL.OQ,35.2,195513,USD,0.744132799084159
2026-03-26,OMDA.OQ,13.18,301742,USD,1.69753086419752
2026-03-26,OMER.OQ,10.3,178569,USD,-1.34099616858236
2026-03-26,OMF.N,53.05,214910,USD,-0.056518462697817
2026-03-26,ON.OQ,60.87,3860094,USD,-3.53407290015848
2026-03-26,ONB.OQ,21.73,1066806,USD,-0.183739090491498
2026-03-26,ONON.N,32.11,2595474,USD,-8.67463026166097
2026-03-26,ONTO.N,204.75,113599,USD,-7.36970684039088
2026-03-26,OPCH.OQ,27.75,435850,USD,-2.59740259740259
2026-03-26,OPLN.N,26.82,330312,USD,-0.666666666666666
2026-03-26,ORA.N,110.9,244455,USD,0.180668473351403
2026-03-26,ORC.N,6.99,1291793,USD,-2.23776223776224
2026-03-26,ORCL.N,142.81,3519399,USD,-2.19832899602795
2026-03-26,ORI.N,39.81,336458,USD,1.14329268292684
2026-03-26,ORIC.OQ,12.38,576394,USD,5.81196581196582
2026-03-26,ORKA.OQ,45.46,379544,USD,3.76626341018032
2026-03-26,ORLY.OQ,92.27,2202780,USD,1.21763931548925
2026-03-26,OSCR.N,11.84,1341675,USD,-3.03030303030304
2026-03-26,OSIS.OQ,274.7,67446,USD,-3.46839090557684
2026-03-26,OSK.N,143.27,141432,USD,-3.12394347149907
2026-03-26,OSW.OQ,22.97,231410,USD,-0.991379310344829
2026-03-26,OTIS.N,77.44,844005,USD,-1.6010165184244
2026-03-26,OTTR.OQ,85.41,85897,USD,-1.31715771230503
2026-03-26,OUST.OQ,19.31,595671,USD,-4.50049455984174
2026-03-26,OUT.N,26.75,345921,USD,-1.25507567368032
2026-03-26,OVV.N,61.26,809675,USD,1.86232125041569
2026-03-26,OWL.N,9.02,4809327,USD,-0.110741971207085
2026-03-26,OXM.N,31.89,142368,USD,-3.27570518653321
2026-03-26,OXY.N,64.36,4231974,USD,4.05820533548908
2026-03-26,OZK.OQ,45.41,368705,USD,0.86628165259883
2026-03-26,PACS.N,32.34,217429,USD,-0.827966881324735
2026-03-26,PAG.N,148.89,55627,USD,0.526635608669214
2026-03-26,PAGS.N,9.86,551020,USD,-3.61681329423266
2026-03-26,PANW.OQ,156.36,2434092,USD,2.04934081712571
2026-03-26,PAR.N,13.56,353459,USD,1.26960418222554
2026-03-26,OFG.N,40.59,,USD,0.445434298440997
2026-03-26,OGE.N,47.67,,USD,0.654560810810816
2026-03-26,OGN.N,6.05,,USD,-0.819672131147538
2026-03-26,OGS.N,85.79,,USD,0.668857075803811
2026-03-26,OHI.N,44.55,,USD,-0.402414486921529
2026-03-26,OI.N,10.52,,USD,-2.77264325323476
2026-03-26,OII.N,36.52,,USD,1.07943537226682
2026-03-26,OKE.N,93.57,,USD,1.57403386886668
2026-03-26,OKLO.N,51.81,,USD,-6.2601773113805
2026-03-26,OKTA.OQ,79.38,,USD,1.61290322580644
2026-03-26,OLED.OQ,93.55,,USD,-3.38737994423216
2026-03-26,OLLI.OQ,90.52,,USD,-0.538402373365574
2026-03-26,OLMA.OQ,14.12,,USD,-0.352858151023294
2026-03-26,OLN.N,28.6,,USD,1.99714693295293
2026-03-26,OMC.N,75.31,,USD,-0.567731713757582
2026-03-26,OMCL.OQ,35.2,,USD,0.744132799084159
2026-03-26,OMDA.OQ,13.18,,USD,1.69753086419752
2026-03-26,OMER.OQ,10.3,,USD,-1.34099616858236
2026-03-26,OMF.N,53.05,,USD,-0.056518462697817
2026-03-26,ON.OQ,60.87,,USD,-3.53407290015848
2026-03-26,ONB.OQ,21.73,,USD,-0.183739090491498
2026-03-26,ONON.N,32.11,,USD,-8.67463026166097
2026-03-26,ONTO.N,204.75,,USD,-7.36970684039088
2026-03-26,OPCH.OQ,27.75,,USD,-2.59740259740259
2026-03-26,OPLN.N,26.82,,USD,-0.666666666666666
2026-03-26,ORA.N,110.9,,USD,0.180668473351403
2026-03-26,ORC.N,6.99,,USD,-2.23776223776224
2026-03-26,ORCL.N,142.81,,USD,-2.19832899602795
2026-03-26,ORI.N,39.81,,USD,1.14329268292684
2026-03-26,ORIC.OQ,12.38,,USD,5.81196581196582
2026-03-26,ORKA.OQ,45.46,,USD,3.76626341018032
2026-03-26,ORLY.OQ,92.27,,USD,1.21763931548925
2026-03-26,OSCR.N,11.84,,USD,-3.03030303030304
2026-03-26,OSIS.OQ,274.7,,USD,-3.46839090557684
2026-03-26,OSK.N,143.27,,USD,-3.12394347149907
2026-03-26,OSW.OQ,22.97,,USD,-0.991379310344829
2026-03-26,OTIS.N,77.44,,USD,-1.6010165184244
2026-03-26,OTTR.OQ,85.41,,USD,-1.31715771230503
2026-03-26,OUST.OQ,19.31,,USD,-4.50049455984174
2026-03-26,OUT.N,26.75,,USD,-1.25507567368032
2026-03-26,OVV.N,61.26,,USD,1.86232125041569
2026-03-26,OWL.N,9.02,,USD,-0.110741971207085
2026-03-26,OXM.N,31.89,,USD,-3.27570518653321
2026-03-26,OXY.N,64.36,,USD,4.05820533548908
2026-03-26,OZK.OQ,45.41,,USD,0.86628165259883
2026-03-26,PACS.N,32.34,,USD,-0.827966881324735
2026-03-26,PAG.N,148.89,,USD,0.526635608669214
2026-03-26,PAGS.N,9.86,,USD,-3.61681329423266
2026-03-26,PANW.OQ,156.36,,USD,2.04934081712571
2026-03-26,PAR.N,13.56,,USD,1.26960418222554
2026-03-27,OFG.N,,0,,
2026-03-27,OGE.N,,0,,
2026-03-27,OGN.N,,0,,
2026-03-27,OGS.N,,0,,
2026-03-27,OHI.N,,0,,
2026-03-27,OI.N,,0,,
2026-03-27,OII.N,,0,,
2026-03-27,OKE.N,,0,,
2026-03-27,OKLO.N,,0,,
2026-03-27,OKTA.OQ,,0,,
2026-03-27,OLED.OQ,,0,,
2026-03-27,OLLI.OQ,,0,,
2026-03-27,OLMA.OQ,,0,,
2026-03-27,OLN.N,,0,,
2026-03-27,OMC.N,,0,,
2026-03-27,OMCL.OQ,,0,,
2026-03-27,OMDA.OQ,,0,,
2026-03-27,OMER.OQ,,0,,
2026-03-27,OMF.N,,0,,
2026-03-27,ON.OQ,,0,,
2026-03-27,ONB.OQ,,0,,
2026-03-27,ONON.N,,0,,
2026-03-27,ONTO.N,,0,,
2026-03-27,OPCH.OQ,,0,,
2026-03-27,OPLN.N,,0,,
2026-03-27,ORA.N,,0,,
2026-03-27,ORC.N,,0,,
2026-03-27,ORCL.N,,0,,
2026-03-27,ORI.N,,0,,
2026-03-27,ORIC.OQ,,0,,
2026-03-27,ORKA.OQ,,0,,
2026-03-27,ORLY.OQ,,0,,
2026-03-27,OSCR.N,,0,,
2026-03-27,OSIS.OQ,,0,,
2026-03-27,OSK.N,,0,,
2026-03-27,OSW.OQ,,0,,
2026-03-27,OTIS.N,,0,,
2026-03-27,OTTR.OQ,,0,,
2026-03-27,OUST.OQ,,0,,
2026-03-27,OUT.N,,0,,
2026-03-27,OVV.N,,0,,
2026-03-27,OWL.N,,0,,
2026-03-27,OXM.N,,0,,
2026-03-27,OXY.N,,0,,
2026-03-27,OZK.OQ,,0,,
2026-03-27,PACS.N,,0,,
2026-03-27,PAG.N,,0,,
2026-03-27,PAGS.N,,0,,
2026-03-27,PANW.OQ,,0,,
2026-03-27,PAR.N,,0,,
2026-03-24,PARR.N,61.7,424548,USD,7.86713286713287
2026-03-24,PATH.N,11.07,5509804,USD,-8.73866446826051
2026-03-24,PATK.OQ,112.08,76548,USD,0.385132109270034
2026-03-24,PAYC.N,118.96,387899,USD,-6.02733233272771
2026-03-24,PAYO.OQ,4.73,1376563,USD,-1.25260960334028
2026-03-24,PAYX.OQ,90.61,2211871,USD,-3.09090909090909
2026-03-24,PB.N,66.41,530084,USD,0.651712640193987
2026-03-24,PBF.N,50.09,1045413,USD,7.51234170422837
2026-03-24,PBH.N,62.0,177689,USD,-1.24243389614527
2026-03-24,PBI.N,10.66,721564,USD,0.85146641438032
2026-03-24,PCAR.OQ,115.8,992680,USD,1.29461161651505
2026-03-24,PCG.N,17.34,5414622,USD,-0.287521564117313
2026-03-24,PCOR.N,56.87,409551,USD,-3.26586154107842
2026-03-24,PCRX.OQ,23.2,324619,USD,2.42825607064018
2026-03-24,PCT.OQ,5.29,1740047,USD,-10.1867572156197
2026-03-24,PCTY.OQ,108.31,286489,USD,-5.8910417933791
2026-03-24,PCVX.OQ,54.67,413128,USD,-2.2702895959957
2026-03-24,PD.N,6.49,1123536,USD,-8.46262341325811
2026-03-24,PEB.N,12.5,540063,USD,0.563153660498796
2026-03-24,PECO.OQ,36.84,332750,USD,-0.081366965012189
2026-03-24,PEG.N,80.19,734567,USD,0.4635429716863
2026-03-24,PEGA.OQ,41.95,668677,USD,-5.43282236248872
2026-03-24,PEN.N,334.17,90203,USD,-0.414232924067227
2026-03-24,PENG.OQ,17.8,273479,USD,-0.503074343208496
2026-03-24,PENN.OQ,14.47,1285521,USD,0.207756232686988
2026-03-24,PEP.OQ,150.59,2143062,USD,-0.192205726405085
2026-03-24,PFE.N,26.96,7931368,USD,0.709749719835642
2026-03-24,PFG.OQ,87.72,520054,USD,1.35181975736569
2026-03-24,PFGC.N,83.8,342892,USD,0.745371483529683
2026-03-24,PFS.N,20.84,403234,USD,0.920096852300248
2026-03-24,PFSI.N,84.3,221638,USD,-1.40350877192983
2026-03-24,PG.N,143.16,2345513,USD,-0.576428918674917
2026-03-24,PGEN.OQ,3.13,1399897,USD,-3.39506172839507
2026-03-24,PGNY.OQ,18.05,701753,USD,0.222098833981117
2026-03-24,PGR.N,206.21,780862,USD,0.541199414919558
2026-03-24,PGY.OQ,11.25,964774,USD,-3.84615384615384
2026-03-24,PH.N,924.58,182585,USD,2.04401474516038
2026-03-24,PHIN.N,67.34,160677,USD,2.37154150197629
2026-03-24,PHM.N,118.09,573575,USD,-0.463587322993929
2026-03-24,PHR.N,11.28,591717,USD,-4.40677966101696
2026-03-24,PI.OQ,101.92,182021,USD,0.741326480181872
2026-03-24,PII.N,56.67,349911,USD,1.50456743686191
2026-03-24,PINS.N,18.39,3616391,USD,-2.80126849894292
2026-03-24,PIPR.N,73.81,305053,USD,-1.25422254924914
2026-03-24,PJT.N,133.06,103252,USD,-0.486126692094836
2026-03-24,PK.N,10.41,1012432,USD,-0.287356321839074
2026-03-24,PKG.N,213.5,244023,USD,2.12379221276188
2026-03-24,PL.N,31.83,5078613,USD,-5.88409225310468
2026-03-24,PLAB.OQ,42.52,473261,USD,8.27603768780239
2026-03-24,PLAY.OQ,11.34,608900,USD,-3.9796782387807
2026-03-25,PARR.N,61.46,477111,USD,-0.388978930307945
2026-03-25,PATH.N,10.93,4098432,USD,-1.26467931345981
2026-03-25,PATK.OQ,112.0,93674,USD,-0.071377587437543
2026-03-25,PAYC.N,119.82,394902,USD,0.722932078009414
2026-03-25,PAYO.OQ,4.89,1495635,USD,3.38266384778011
2026-03-25,PAYX.OQ,93.36,3167051,USD,3.03498510098223
2026-03-25,PB.N,66.2,309422,USD,-0.316217437132952
2026-03-25,PBF.N,49.35,818603,USD,-1.47734078658415
2026-03-25,PBH.N,61.13,95638,USD,-1.40322580645161
2026-03-25,PBI.N,10.91,1030986,USD,2.34521575984991
2026-03-25,PCAR.OQ,116.34,1293208,USD,0.466321243523322
2026-03-25,PCG.N,17.44,3641062,USD,0.5767012687428
2026-03-25,PCOR.N,55.94,375681,USD,-1.63530859855811
2026-03-25,PCRX.OQ,23.49,291152,USD,1.25
2026-03-25,PCT.OQ,5.6,908697,USD,5.86011342155009
2026-03-25,PCTY.OQ,109.6,195243,USD,1.19102575939432
2026-03-25,PCVX.OQ,55.91,438310,USD,2.26815438083043
2026-03-25,PD.N,6.33,637985,USD,-2.4653312788906
2026-03-25,PEB.N,12.76,664372,USD,2.08
2026-03-25,PECO.OQ,36.83,265832,USD,-0.027144408251914
2026-03-25,PEG.N,81.07,1037369,USD,1.09739368998628
2026-03-25,PEGA.OQ,41.49,540746,USD,-1.09654350417163
2026-03-25,PEN.N,336.27,134613,USD,0.628422659125584
2026-03-25,PENG.OQ,18.44,233257,USD,3.59550561797753
2026-03-25,PENN.OQ,14.66,736830,USD,1.3130615065653
2026-03-25,PEP.OQ,151.73,1766413,USD,0.757022378643991
2026-03-25,PFE.N,27.28,7036444,USD,1.18694362017804
2026-03-25,PFG.OQ,88.72,398362,USD,1.13999088007296
2026-03-25,PFGC.N,85.66,417596,USD,2.21957040572792
2026-03-25,PFS.N,20.88,349230,USD,0.191938579654506
2026-03-25,PFSI.N,86.43,191820,USD,2.52669039145909
2026-03-25,PG.N,143.92,3127999,USD,0.530874545962553
2026-03-25,PGEN.OQ,3.1,2049773,USD,-0.958466453674115
2026-03-25,PGNY.OQ,17.75,500605,USD,-1.66204986149585
2026-03-25,PGR.N,202.84,858403,USD,-1.63425634062364
2026-03-25,PGY.OQ,11.59,886142,USD,3.02222222222222
2026-03-25,PH.N,921.56,214645,USD,-0.32663479633997
2026-03-25,PHIN.N,68.89,123979,USD,2.3017523017523
2026-03-25,PHM.N,118.18,427179,USD,0.076213057837246
2026-03-25,PHR.N,11.28,278659,USD,0.0
2026-03-25,PI.OQ,104.08,117332,USD,2.1193092621664
2026-03-25,PII.N,56.81,253716,USD,0.247044291512265
2026-03-25,PINS.N,18.68,2203399,USD,1.57694399129961
2026-03-25,PIPR.N,74.5,211365,USD,0.934832678498845
2026-03-25,PJT.N,137.35,125676,USD,3.22410942431985
2026-03-25,PK.N,10.6,957431,USD,1.82516810758885
2026-03-25,PKG.N,213.36,185136,USD,-0.065573770491797
2026-03-25,PL.N,35.37,3998522,USD,11.1215834118756
2026-03-25,PLAB.OQ,43.26,472541,USD,1.74035747883348
2026-03-25,PLAY.OQ,12.11,569079,USD,6.79012345679012
2026-03-26,PARR.N,63.01,314653,USD,2.52196550602017
2026-03-26,PATH.N,11.04,4193243,USD,1.00640439158279
2026-03-26,PATK.OQ,108.16,134732,USD,-3.42857142857143
2026-03-26,PAYC.N,123.03,329266,USD,2.67901852779169
2026-03-26,PAYO.OQ,4.99,1439668,USD,2.04498977505114
2026-03-26,PAYX.OQ,93.59,2013117,USD,0.246358183376182
2026-03-26,PB.N,66.44,265247,USD,0.362537764350445
2026-03-26,PBF.N,50.37,657946,USD,2.06686930091185
2026-03-26,PBH.N,60.38,149406,USD,-1.22689350564371
2026-03-26,PBI.N,10.95,958925,USD,0.366636113657187
2026-03-26,PCAR.OQ,115.33,1421370,USD,-0.868145091971811
2026-03-26,PCG.N,17.37,3646110,USD,-0.401376146788992
2026-03-26,PCOR.N,57.52,328909,USD,2.82445477297105
2026-03-26,PCRX.OQ,23.31,208361,USD,-0.766283524904213
2026-03-26,PCT.OQ,5.47,985375,USD,-2.32142857142857
2026-03-26,PCTY.OQ,111.03,312584,USD,1.30474452554745
2026-03-26,PCVX.OQ,54.71,345314,USD,-2.1463065641209
2026-03-26,PD.N,6.31,618258,USD,-0.31595576619274
2026-03-26,PEB.N,12.7,602957,USD,-0.470219435736681
2026-03-26,PECO.OQ,36.88,316848,USD,0.135758892207451
2026-03-26,PEG.N,80.5,619475,USD,-0.703096089798931
2026-03-26,PEGA.OQ,42.16,366228,USD,1.61484695107253
2026-03-26,PEN.N,336.42,201207,USD,0.044607012222331
2026-03-26,PENG.OQ,17.66,225885,USD,-4.2299349240781
2026-03-26,PENN.OQ,14.57,980565,USD,-0.613915416098226
2026-03-26,PEP.OQ,150.83,2443302,USD,-0.593158900678822
2026-03-26,PFE.N,27.57,6634066,USD,1.06304985337243
2026-03-26,PFG.OQ,88.94,663960,USD,0.247971145175833
2026-03-26,PFGC.N,85.09,284156,USD,-0.665421433574589
2026-03-26,PFS.N,20.92,253894,USD,0.191570881226067
2026-03-26,PFSI.N,86.44,110335,USD,0.011570056693267
2026-03-26,PG.N,142.42,1697558,USD,-1.04224569205114
2026-03-26,PGEN.OQ,3.89,5485020,USD,25.4838709677419
2026-03-26,PGNY.OQ,17.79,411978,USD,0.225352112676052
2026-03-26,PGR.N,202.9,573585,USD,0.029579964504044
2026-03-26,PGY.OQ,11.91,1392699,USD,2.76100086281277
2026-03-26,PH.N,901.46,183451,USD,-2.18108424844827
2026-03-26,PHIN.N,68.59,127330,USD,-0.435476847147622
2026-03-26,PHM.N,117.12,792729,USD,-0.89693687595194
2026-03-26,PHR.N,11.65,326210,USD,3.28014184397164
2026-03-26,PI.OQ,101.78,115654,USD,-2.2098385857033
2026-03-26,PII.N,56.83,213746,USD,0.035205069530005
2026-03-26,PINS.N,17.96,2611657,USD,-3.8543897216274
2026-03-26,PIPR.N,75.05,170392,USD,0.738255033557043
2026-03-26,PJT.N,139.2,84637,USD,1.34692391700036
2026-03-26,PK.N,10.72,774539,USD,1.13207547169812
2026-03-26,PKG.N,212.6,322106,USD,-0.35620547431572
2026-03-26,PL.N,32.4,2479007,USD,-8.39694656488549
2026-03-26,PLAB.OQ,39.76,511242,USD,-8.09061488673139
2026-03-26,PLAY.OQ,10.65,578553,USD,-12.056151940545
2026-03-26,PARR.N,63.01,,USD,2.52196550602017
2026-03-26,PATH.N,11.04,,USD,1.00640439158279
2026-03-26,PATK.OQ,108.16,,USD,-3.42857142857143
2026-03-26,PAYC.N,123.03,,USD,2.67901852779169
2026-03-26,PAYO.OQ,4.99,,USD,2.04498977505114
2026-03-26,PAYX.OQ,93.59,,USD,0.246358183376182
2026-03-26,PB.N,66.44,,USD,0.362537764350445
2026-03-26,PBF.N,50.37,,USD,2.06686930091185
2026-03-26,PBH.N,60.38,,USD,-1.22689350564371
2026-03-26,PBI.N,10.95,,USD,0.366636113657187
2026-03-26,PCAR.OQ,115.33,,USD,-0.868145091971811
2026-03-26,PCG.N,17.37,,USD,-0.401376146788992
2026-03-26,PCOR.N,57.52,,USD,2.82445477297105
2026-03-26,PCRX.OQ,23.31,,USD,-0.766283524904213
2026-03-26,PCT.OQ,5.47,,USD,-2.32142857142857
2026-03-26,PCTY.OQ,111.03,,USD,1.30474452554745
2026-03-26,PCVX.OQ,54.71,,USD,-2.1463065641209
2026-03-26,PD.N,6.31,,USD,-0.31595576619274
2026-03-26,PEB.N,12.7,,USD,-0.470219435736681
2026-03-26,PECO.OQ,36.88,,USD,0.135758892207451
2026-03-26,PEG.N,80.5,,USD,-0.703096089798931
2026-03-26,PEGA.OQ,42.16,,USD,1.61484695107253
2026-03-26,PEN.N,336.42,,USD,0.044607012222331
2026-03-26,PENG.OQ,17.66,,USD,-4.2299349240781
2026-03-26,PENN.OQ,14.57,,USD,-0.613915416098226
2026-03-26,PEP.OQ,150.83,,USD,-0.593158900678822
2026-03-26,PFE.N,27.57,,USD,1.06304985337243
2026-03-26,PFG.OQ,88.94,,USD,0.247971145175833
2026-03-26,PFGC.N,85.09,,USD,-0.665421433574589
2026-03-26,PFS.N,20.92,,USD,0.191570881226067
2026-03-26,PFSI.N,86.44,,USD,0.011570056693267
2026-03-26,PG.N,142.42,,USD,-1.04224569205114
2026-03-26,PGEN.OQ,3.89,,USD,25.4838709677419
2026-03-26,PGNY.OQ,17.79,,USD,0.225352112676052
2026-03-26,PGR.N,202.9,,USD,0.029579964504044
2026-03-26,PGY.OQ,11.91,,USD,2.76100086281277
2026-03-26,PH.N,901.46,,USD,-2.18108424844827
2026-03-26,PHIN.N,68.59,,USD,-0.435476847147622
2026-03-26,PHM.N,117.12,,USD,-0.89693687595194
2026-03-26,PHR.N,11.65,,USD,3.28014184397164
2026-03-26,PI.OQ,101.78,,USD,-2.2098385857033
2026-03-26,PII.N,56.83,,USD,0.035205069530005
2026-03-26,PINS.N,17.96,,USD,-3.8543897216274
2026-03-26,PIPR.N,75.05,,USD,0.738255033557043
2026-03-26,PJT.N,139.2,,USD,1.34692391700036
2026-03-26,PK.N,10.72,,USD,1.13207547169812
2026-03-26,PKG.N,212.6,,USD,-0.35620547431572
2026-03-26,PL.N,32.4,,USD,-8.39694656488549
2026-03-26,PLAB.OQ,39.76,,USD,-8.09061488673139
2026-03-26,PLAY.OQ,10.65,,USD,-12.056151940545
2026-03-27,PARR.N,,0,,
2026-03-27,PATH.N,,0,,
2026-03-27,PATK.OQ,,0,,
2026-03-27,PAYC.N,,0,,
2026-03-27,PAYO.OQ,,0,,
2026-03-27,PAYX.OQ,,0,,
2026-03-27,PB.N,,0,,
2026-03-27,PBF.N,,0,,
2026-03-27,PBH.N,,0,,
2026-03-27,PBI.N,,0,,
2026-03-27,PCAR.OQ,,0,,
2026-03-27,PCG.N,,0,,
2026-03-27,PCOR.N,,0,,
2026-03-27,PCRX.OQ,,0,,
2026-03-27,PCT.OQ,,0,,
2026-03-27,PCTY.OQ,,0,,
2026-03-27,PCVX.OQ,,0,,
2026-03-27,PD.N,,0,,
2026-03-27,PEB.N,,0,,
2026-03-27,PECO.OQ,,0,,
2026-03-27,PEG.N,,0,,
2026-03-27,PEGA.OQ,,0,,
2026-03-27,PEN.N,,0,,
2026-03-27,PENG.OQ,,0,,
2026-03-27,PENN.OQ,,0,,
2026-03-27,PEP.OQ,,0,,
2026-03-27,PFE.N,,0,,
2026-03-27,PFG.OQ,,0,,
2026-03-27,PFGC.N,,0,,
2026-03-27,PFS.N,,0,,
2026-03-27,PFSI.N,,0,,
2026-03-27,PG.N,,0,,
2026-03-27,PGEN.OQ,,0,,
2026-03-27,PGNY.OQ,,0,,
2026-03-27,PGR.N,,0,,
2026-03-27,PGY.OQ,,0,,
2026-03-27,PH.N,,0,,
2026-03-27,PHIN.N,,0,,
2026-03-27,PHM.N,,0,,
2026-03-27,PHR.N,,0,,
2026-03-27,PI.OQ,,0,,
2026-03-27,PII.N,,0,,
2026-03-27,PINS.N,,0,,
2026-03-27,PIPR.N,,0,,
2026-03-27,PJT.N,,0,,
2026-03-27,PK.N,,0,,
2026-03-27,PKG.N,,0,,
2026-03-27,PL.N,,0,,
2026-03-27,PLAB.OQ,,0,,
2026-03-27,PLAY.OQ,,0,,
2026-03-24,PLD.N,130.35,1127303,USD,0.030696032537788
2026-03-24,PLMR.OQ,122.0,94643,USD,1.2448132780083
2026-03-24,PLNT.N,75.21,727186,USD,0.346897931954624
2026-03-24,PLPC.OQ,276.39,53846,USD,0.73990377606064
2026-03-24,PLTR.OQ,154.78,11233531,USD,-3.76771947276797
2026-03-24,PLUG.OQ,2.29,8194393,USD,-0.865800865800867
2026-03-24,PLUS.OQ,76.78,97283,USD,0.999736911339128
2026-03-24,PLXS.OQ,214.13,129547,USD,5.59199171556783
2026-03-24,PM.N,163.87,1251890,USD,0.385934819897081
2026-03-24,PMT.N,11.31,341820,USD,-0.352422907488979
2026-03-24,PNC.N,206.35,749871,USD,1.18668170450644
2026-03-24,PNR.N,87.58,516210,USD,-0.972410673903211
2026-03-24,PNW.N,97.92,430482,USD,0.35871681869428
2026-03-24,PODD.OQ,225.5,235728,USD,-0.695790029945399
2026-03-24,POOL.OQ,203.24,224743,USD,-0.98411770437493
2026-03-24,POR.N,51.49,387224,USD,1.17901355865593
2026-03-24,POST.N,96.02,271601,USD,-1.36620441705187
2026-03-24,POWI.OQ,50.81,404477,USD,6.78856662463221
2026-03-24,POWL.OQ,560.46,87101,USD,3.2934628356586
2026-03-24,PPC.OQ,35.22,297527,USD,0.714898484415213
2026-03-24,PPG.N,103.42,716550,USD,1.31269592476489
2026-03-24,PPL.N,37.06,4471699,USD,0.43360433604337
2026-03-24,PPTA.OQ,25.18,457621,USD,0.438771439968087
2026-03-24,PR.N,20.68,5007448,USD,3.8152610441767
2026-03-24,PRAX.OQ,294.65,246880,USD,0.183604773724104
2026-03-24,PRCH.OQ,7.45,427071,USD,-1.71503957783641
2026-03-24,PRCT.OQ,25.1,311937,USD,-3.53574173712528
2026-03-24,PRDO.OQ,36.61,222284,USD,2.1769466927156
2026-03-24,PRG.N,28.72,193638,USD,0.24432809773124
2026-03-24,PRGO.N,9.64,1767215,USD,0.73145245559039
2026-03-24,PRGS.OQ,28.76,345873,USD,-8.05626598465473
2026-03-24,PRI.N,250.91,58027,USD,0.412197854970386
2026-03-24,PRIM.N,147.06,168948,USD,3.1348621922996
2026-03-24,PRKS.N,30.99,398737,USD,-2.76121744587387
2026-03-24,PRM.N,22.11,312929,USD,4.88614800759014
2026-03-24,PRMB.N,18.51,1010474,USD,-1.4901543374135
2026-03-24,PRU.N,94.8,560810,USD,0.540884505249752
2026-03-24,PRVA.OQ,21.03,350913,USD,-2.27695167286245
2026-03-24,PSA.N,267.94,419630,USD,-1.24576146247973
2026-03-24,PSIX.OQ,59.07,148539,USD,4.2166549047283
2026-03-24,PSMT.OQ,148.56,70911,USD,1.93495265541375
2026-03-24,PSN.N,50.43,553169,USD,-1.94439043359907
2026-03-24,PSTG.N,65.15,535464,USD,1.07043127520945
2026-03-24,PSX.N,184.12,978825,USD,4.16383797239195
2026-03-24,PTC.OQ,142.96,507088,USD,-4.20156804931983
2026-03-24,PTCT.OQ,64.54,542949,USD,-2.83047274917193
2026-03-24,PTEN.OQ,10.89,2484357,USD,1.58582089552239
2026-03-24,PTGX.OQ,100.39,597311,USD,1.87741018875583
2026-03-24,PTON.OQ,4.11,3297606,USD,4.58015267175573
2026-03-24,PUMP.N,14.85,457986,USD,2.34321157822191
2026-03-25,PLD.N,130.36,1319331,USD,0.007671653241288
2026-03-25,PLMR.OQ,121.84,82775,USD,-0.131147540983604
2026-03-25,PLNT.N,75.16,312762,USD,-0.066480521207282
2026-03-25,PLPC.OQ,276.56,33382,USD,0.061507290422959
2026-03-25,PLTR.OQ,154.96,8370393,USD,0.1162940948443
2026-03-25,PLUG.OQ,2.27,6109811,USD,-0.873362445414848
2026-03-25,PLUS.OQ,76.19,58357,USD,-0.768429278457936
2026-03-25,PLXS.OQ,217.26,120978,USD,1.46172885630224
2026-03-25,PM.N,165.5,1472844,USD,0.994690913529014
2026-03-25,PMT.N,11.42,227582,USD,0.972590627763036
2026-03-25,PNC.N,205.95,503684,USD,-0.193845408286894
2026-03-25,PNR.N,87.61,757378,USD,0.034254395980819
2026-03-25,PNW.N,97.7,356017,USD,-0.224673202614378
2026-03-25,PODD.OQ,216.0,444264,USD,-4.21286031042129
2026-03-25,POOL.OQ,202.17,213428,USD,-0.526471167093102
2026-03-25,POR.N,51.25,397874,USD,-0.466109924257141
2026-03-25,POST.N,97.21,289687,USD,1.23932514059571
2026-03-25,POWI.OQ,51.99,271388,USD,2.3223774847471
2026-03-25,POWL.OQ,584.56,64779,USD,4.30003925347035
2026-03-25,PPC.OQ,35.42,380799,USD,0.567859170925618
2026-03-25,PPG.N,106.69,1027643,USD,3.16186424289305
2026-03-25,PPL.N,37.16,2905425,USD,0.269832703723676
2026-03-25,PPTA.OQ,26.15,615979,USD,3.85226370135027
2026-03-25,PR.N,20.92,2731897,USD,1.16054158607351
2026-03-25,PRAX.OQ,311.92,104407,USD,5.86119124384865
2026-03-25,PRCH.OQ,7.48,329178,USD,0.402684563758393
2026-03-25,PRCT.OQ,24.94,352599,USD,-0.637450199203188
2026-03-25,PRDO.OQ,37.86,479889,USD,3.41436765910953
2026-03-25,PRG.N,28.99,418564,USD,0.940111420612812
2026-03-25,PRGO.N,9.69,789986,USD,0.518672199170113
2026-03-25,PRGS.OQ,27.33,704245,USD,-4.97218358831712
2026-03-25,PRI.N,251.89,75367,USD,0.390578295006173
2026-03-25,PRIM.N,149.4,114322,USD,1.59118727050184
2026-03-25,PRKS.N,31.22,260905,USD,0.742174895127462
2026-03-25,PRM.N,21.79,280021,USD,-1.44730890999548
2026-03-25,PRMB.N,18.42,851225,USD,-0.486223662884926
2026-03-25,PRU.N,95.26,439501,USD,0.485232067510557
2026-03-25,PRVA.OQ,20.54,269684,USD,-2.33000475511175
2026-03-25,PSA.N,267.63,314860,USD,-0.11569754422632
2026-03-25,PSIX.OQ,64.94,317939,USD,9.93736245132893
2026-03-25,PSMT.OQ,147.18,83253,USD,-0.928917609046847
2026-03-25,PSN.N,53.84,450510,USD,6.76184810628595
2026-03-25,PSTG.N,65.47,725110,USD,0.491174213353788
2026-03-25,PSX.N,181.29,600606,USD,-1.53704106017815
2026-03-25,PTC.OQ,143.56,342258,USD,0.419697817571345
2026-03-25,PTCT.OQ,66.75,329030,USD,3.42423303377749
2026-03-25,PTEN.OQ,10.93,2902694,USD,0.367309458218541
2026-03-25,PTGX.OQ,104.31,296066,USD,3.90477139157287
2026-03-25,PTON.OQ,4.09,1907894,USD,-0.486618004866191
2026-03-25,PUMP.N,14.55,572483,USD,-2.02020202020201
2026-03-26,PLD.N,129.74,1114435,USD,-0.475606014114763
2026-03-26,PLMR.OQ,121.29,90494,USD,-0.45141168745896
2026-03-26,PLNT.N,75.4,292508,USD,0.319318786588623
2026-03-26,PLPC.OQ,272.7,61578,USD,-1.39571883135667
2026-03-26,PLTR.OQ,147.56,10814132,USD,-4.77542591636552
2026-03-26,PLUG.OQ,2.25,7797150,USD,-0.881057268722468
2026-03-26,PLUS.OQ,76.94,48142,USD,0.984381152382202
2026-03-26,PLXS.OQ,200.17,140456,USD,-7.8661511552978
2026-03-26,PM.N,162.49,1103613,USD,-1.81873111782477
2026-03-26,PMT.N,11.31,276652,USD,-0.963222416812604
2026-03-26,PNC.N,205.46,580963,USD,-0.237921825685837
2026-03-26,PNR.N,85.93,681621,USD,-1.91758931628809
2026-03-26,PNW.N,98.56,573846,USD,0.880245649948822
2026-03-26,PODD.OQ,218.11,340803,USD,0.976851851851858
2026-03-26,POOL.OQ,201.04,254328,USD,-0.558935549290199
2026-03-26,POR.N,51.7,338518,USD,0.87804878048781
2026-03-26,POST.N,95.73,203191,USD,-1.52247711140828
2026-03-26,POWI.OQ,50.05,327692,USD,-3.73148682438931
2026-03-26,POWL.OQ,524.39,60809,USD,-10.2932119885042
2026-03-26,PPC.OQ,36.13,479078,USD,2.00451722190853
2026-03-26,PPG.N,105.31,603400,USD,-1.29346705408192
2026-03-26,PPL.N,37.54,4534437,USD,1.02260495156083
2026-03-26,PPTA.OQ,25.25,393951,USD,-3.4416826003824
2026-03-26,PR.N,21.46,2983573,USD,2.5812619502868
2026-03-26,PRAX.OQ,302.69,116720,USD,-2.959092074891
2026-03-26,PRCH.OQ,7.21,328500,USD,-3.6096256684492
2026-03-26,PRCT.OQ,25.07,473897,USD,0.52125100240577
2026-03-26,PRDO.OQ,37.89,284022,USD,0.079239302694139
2026-03-26,PRG.N,29.02,196346,USD,0.103483959986206
2026-03-26,PRGO.N,9.38,1107689,USD,-3.19917440660473
2026-03-26,PRGS.OQ,29.17,429732,USD,6.73252835711673
2026-03-26,PRI.N,253.69,64427,USD,0.714597641827786
2026-03-26,PRIM.N,140.6,137687,USD,-5.89022757697457
2026-03-26,PRKS.N,31.0,690558,USD,-0.704676489429849
2026-03-26,PRM.N,21.44,317344,USD,-1.60624139513537
2026-03-26,PRMB.N,17.88,985386,USD,-2.93159609120523
2026-03-26,PRU.N,95.27,544280,USD,0.010497585555313
2026-03-26,PRVA.OQ,20.18,354237,USD,-1.75267770204479
2026-03-26,PSA.N,268.01,349275,USD,0.14198707170347
2026-03-26,PSIX.OQ,58.95,151573,USD,-9.22389898367723
2026-03-26,PSMT.OQ,146.43,61090,USD,-0.509580105992662
2026-03-26,PSN.N,53.62,367554,USD,-0.408618127786044
2026-03-26,PSTG.N,62.04,705960,USD,-5.23904078203757
2026-03-26,PSX.N,184.01,926779,USD,1.50035854156324
2026-03-26,PTC.OQ,144.01,412694,USD,0.313457787684584
2026-03-26,PTCT.OQ,67.0,285670,USD,0.374531835205993
2026-03-26,PTEN.OQ,11.26,1826949,USD,3.0192131747484
2026-03-26,PTGX.OQ,102.17,383060,USD,-2.05157703000671
2026-03-26,PTON.OQ,4.07,2413253,USD,-0.488997555012215
2026-03-26,PUMP.N,14.67,865627,USD,0.824742268041232
2026-03-26,PLD.N,129.74,,USD,-0.475606014114763
2026-03-26,PLMR.OQ,121.29,,USD,-0.45141168745896
2026-03-26,PLNT.N,75.4,,USD,0.319318786588623
2026-03-26,PLPC.OQ,272.7,,USD,-1.39571883135667
2026-03-26,PLTR.OQ,147.56,,USD,-4.77542591636552
2026-03-26,PLUG.OQ,2.25,,USD,-0.881057268722468
2026-03-26,PLUS.OQ,76.94,,USD,0.984381152382202
2026-03-26,PLXS.OQ,200.17,,USD,-7.8661511552978
2026-03-26,PM.N,162.49,,USD,-1.81873111782477
2026-03-26,PMT.N,11.31,,USD,-0.963222416812604
2026-03-26,PNC.N,205.46,,USD,-0.237921825685837
2026-03-26,PNR.N,85.93,,USD,-1.91758931628809
2026-03-26,PNW.N,98.56,,USD,0.880245649948822
2026-03-26,PODD.OQ,218.11,,USD,0.976851851851858
2026-03-26,POOL.OQ,201.04,,USD,-0.558935549290199
2026-03-26,POR.N,51.7,,USD,0.87804878048781
2026-03-26,POST.N,95.73,,USD,-1.52247711140828
2026-03-26,POWI.OQ,50.05,,USD,-3.73148682438931
2026-03-26,POWL.OQ,524.39,,USD,-10.2932119885042
2026-03-26,PPC.OQ,36.13,,USD,2.00451722190853
2026-03-26,PPG.N,105.31,,USD,-1.29346705408192
2026-03-26,PPL.N,37.54,,USD,1.02260495156083
2026-03-26,PPTA.OQ,25.25,,USD,-3.4416826003824
2026-03-26,PR.N,21.46,,USD,2.5812619502868
2026-03-26,PRAX.OQ,302.69,,USD,-2.959092074891
2026-03-26,PRCH.OQ,7.21,,USD,-3.6096256684492
2026-03-26,PRCT.OQ,25.07,,USD,0.52125100240577
2026-03-26,PRDO.OQ,37.89,,USD,0.079239302694139
2026-03-26,PRG.N,29.02,,USD,0.103483959986206
2026-03-26,PRGO.N,9.38,,USD,-3.19917440660473
2026-03-26,PRGS.OQ,29.17,,USD,6.73252835711673
2026-03-26,PRI.N,253.69,,USD,0.714597641827786
2026-03-26,PRIM.N,140.6,,USD,-5.89022757697457
2026-03-26,PRKS.N,31.0,,USD,-0.704676489429849
2026-03-26,PRM.N,21.44,,USD,-1.60624139513537
2026-03-26,PRMB.N,17.88,,USD,-2.93159609120523
2026-03-26,PRU.N,95.27,,USD,0.010497585555313
2026-03-26,PRVA.OQ,20.18,,USD,-1.75267770204479
2026-03-26,PSA.N,268.01,,USD,0.14198707170347
2026-03-26,PSIX.OQ,58.95,,USD,-9.22389898367723
2026-03-26,PSMT.OQ,146.43,,USD,-0.509580105992662
2026-03-26,PSN.N,53.62,,USD,-0.408618127786044
2026-03-26,PSTG.N,62.04,,USD,-5.23904078203757
2026-03-26,PSX.N,184.01,,USD,1.50035854156324
2026-03-26,PTC.OQ,144.01,,USD,0.313457787684584
2026-03-26,PTCT.OQ,67.0,,USD,0.374531835205993
2026-03-26,PTEN.OQ,11.26,,USD,3.0192131747484
2026-03-26,PTGX.OQ,102.17,,USD,-2.05157703000671
2026-03-26,PTON.OQ,4.07,,USD,-0.488997555012215
2026-03-26,PUMP.N,14.67,,USD,0.824742268041232
2026-03-27,PLD.N,,0,,
2026-03-27,PLMR.OQ,,0,,
2026-03-27,PLNT.N,,0,,
2026-03-27,PLPC.OQ,,0,,
2026-03-27,PLTR.OQ,,0,,
2026-03-27,PLUG.OQ,,0,,
2026-03-27,PLUS.OQ,,0,,
2026-03-27,PLXS.OQ,,0,,
2026-03-27,PM.N,,0,,
2026-03-27,PMT.N,,0,,
2026-03-27,PNC.N,,0,,
2026-03-27,PNR.N,,0,,
2026-03-27,PNW.N,,0,,
2026-03-27,PODD.OQ,,0,,
2026-03-27,POOL.OQ,,0,,
2026-03-27,POR.N,,0,,
2026-03-27,POST.N,,0,,
2026-03-27,POWI.OQ,,0,,
2026-03-27,POWL.OQ,,0,,
2026-03-27,PPC.OQ,,0,,
2026-03-27,PPG.N,,0,,
2026-03-27,PPL.N,,0,,
2026-03-27,PPTA.OQ,,0,,
2026-03-27,PR.N,,0,,
2026-03-27,PRAX.OQ,,0,,
2026-03-27,PRCH.OQ,,0,,
2026-03-27,PRCT.OQ,,0,,
2026-03-27,PRDO.OQ,,0,,
2026-03-27,PRG.N,,0,,
2026-03-27,PRGO.N,,0,,
2026-03-27,PRGS.OQ,,0,,
2026-03-27,PRI.N,,0,,
2026-03-27,PRIM.N,,0,,
2026-03-27,PRKS.N,,0,,
2026-03-27,PRM.N,,0,,
2026-03-27,PRMB.N,,0,,
2026-03-27,PRU.N,,0,,
2026-03-27,PRVA.OQ,,0,,
2026-03-27,PSA.N,,0,,
2026-03-27,PSIX.OQ,,0,,
2026-03-27,PSMT.OQ,,0,,
2026-03-27,PSN.N,,0,,
2026-03-27,PSTG.N,,0,,
2026-03-27,PSX.N,,0,,
2026-03-27,PTC.OQ,,0,,
2026-03-27,PTCT.OQ,,0,,
2026-03-27,PTEN.OQ,,0,,
2026-03-27,PTGX.OQ,,0,,
2026-03-27,PTON.OQ,,0,,
2026-03-27,PUMP.N,,0,,
2026-03-24,PVH.N,65.82,360576,USD,-0.738953400693725
2026-03-24,PVLA.OQ,116.23,77635,USD,-0.692071086807931
2026-03-24,PWP.OQ,17.24,176563,USD,-0.115874855156449
2026-03-24,PWR.N,578.44,362387,USD,1.9367345140541
2026-03-24,PYPL.OQ,44.21,7007890,USD,-2.81380523191911
2026-03-24,PZZA.OQ,34.58,296562,USD,1.61622098148692
2026-03-24,Q.N,118.34,441047,USD,2.97598329272538
2026-03-24,QBTS.N,15.93,2910783,USD,-2.32985898221949
2026-03-24,QCOM.OQ,128.67,3691419,USD,0.249318270354494
2026-03-24,QDEL.OQ,16.17,766173,USD,-2.29607250755286
2026-03-24,QGEN.N,39.78,437702,USD,0.734363129906303
2026-03-24,QLYS.OQ,92.29,247369,USD,-5.18800082186151
2026-03-24,QRVO.OQ,79.64,446435,USD,1.11731843575418
2026-03-24,QS.OQ,6.81,2004479,USD,-3.40425531914894
2026-03-24,QSR.N,73.85,467235,USD,-1.54646047193709
2026-03-24,QTWO.N,46.68,188121,USD,-3.97037646574779
2026-03-24,QUBT.OQ,7.45,2387193,USD,1.49863760217984
2026-03-24,QXO.N,20.19,1390812,USD,-0.541871921182263
2026-03-24,R.N,204.83,129957,USD,3.17852105581302
2026-03-24,RAL.N,42.58,411980,USD,0.685741310002363
2026-03-24,RAMP.N,25.83,266961,USD,-5.76431959139001
2026-03-24,RARE.OQ,18.5,1148693,USD,-8.73211642821904
2026-03-24,RBA.N,96.44,260523,USD,-0.802304052664062
2026-03-24,RBC.N,552.23,45764,USD,2.79784065524944
2026-03-24,RBLX.N,55.0,1714176,USD,-3.23715693173822
2026-03-24,RBRK.N,48.07,981568,USD,-6.07659241891364
2026-03-24,RCAT.OQ,16.08,5331969,USD,6.13861386138613
2026-03-24,RCL.N,273.39,707277,USD,-1.99670203613421
2026-03-24,RCUS.N,20.25,472756,USD,-5.41802895843064
2026-03-24,RDDT.N,136.12,810302,USD,-3.43359818388195
2026-03-24,RDN.N,32.86,382164,USD,0.0913798355163
2026-03-24,RDNT.OQ,59.87,244674,USD,-3.028830579851
2026-03-24,RDW.N,9.05,5061988,USD,-3.5181236673774
2026-03-24,REAL.OQ,8.85,978128,USD,-5.14469453376206
2026-03-24,REG.OQ,74.58,601479,USD,-0.093770931011396
2026-03-24,REGN.OQ,741.69,210926,USD,0.700582460999563
2026-03-24,RELY.OQ,16.16,928583,USD,-0.369913686806404
2026-03-24,REPL.OQ,6.97,515535,USD,-0.143266475644709
2026-03-24,REXR.N,34.0,732796,USD,-1.73410404624278
2026-03-24,REYN.OQ,21.02,388411,USD,0.526064084170251
2026-03-24,REZI.N,35.21,332859,USD,1.46974063400576
2026-03-24,RF.N,25.64,4949353,USD,0.7069913589945
2026-03-24,RGA.N,203.4,110747,USD,1.17892851813162
2026-03-24,RGEN.OQ,116.3,175872,USD,-0.042973785990543
2026-03-24,RGLD.OQ,227.38,506163,USD,2.03733620534913
2026-03-24,RGTI.OQ,15.6,6361977,USD,-1.76322418136021
2026-03-24,RH.N,128.78,319726,USD,-1.06783437043865
2026-03-24,RHI.N,24.55,822290,USD,-1.08783239323126
2026-03-24,RHP.N,90.07,210959,USD,-1.96996081845886
2026-03-24,RIG.N,6.63,8753986,USD,2.63157894736842
2026-03-25,PVH.N,67.08,253514,USD,1.91431175934367
2026-03-25,PVLA.OQ,120.39,63979,USD,3.57911038458229
2026-03-25,PWP.OQ,17.43,189089,USD,1.10208816705337
2026-03-25,PWR.N,573.5,209857,USD,-0.854021160362363
2026-03-25,PYPL.OQ,44.85,4561364,USD,1.4476362813843
2026-03-25,PZZA.OQ,33.12,243074,USD,-4.22209369577791
2026-03-25,Q.N,120.26,380770,USD,1.62244380598276
2026-03-25,QBTS.N,16.19,1999674,USD,1.63214061519147
2026-03-25,QCOM.OQ,130.35,2748845,USD,1.30566565633015
2026-03-25,QDEL.OQ,16.01,761243,USD,-0.989486703772419
2026-03-25,QGEN.N,40.63,558949,USD,2.13675213675214
2026-03-25,QLYS.OQ,89.9,196955,USD,-2.58966301874526
2026-03-25,QRVO.OQ,80.74,227858,USD,1.38121546961325
2026-03-25,QS.OQ,6.88,1600304,USD,1.02790014684288
2026-03-25,QSR.N,72.92,758225,USD,-1.25930941096817
2026-03-25,QTWO.N,46.2,185770,USD,-1.02827763496143
2026-03-25,QUBT.OQ,7.32,2270790,USD,-1.74496644295302
2026-03-25,QXO.N,20.46,1036871,USD,1.3372956909361
2026-03-25,R.N,203.64,93873,USD,-0.580969584533528
2026-03-25,RAL.N,42.78,279827,USD,0.469704086425559
2026-03-25,RAMP.N,25.52,240090,USD,-1.20015485869144
2026-03-25,RARE.OQ,19.85,685361,USD,7.29729729729731
2026-03-25,RBA.N,97.47,223522,USD,1.06802156781419
2026-03-25,RBC.N,561.66,45101,USD,1.70762182423989
2026-03-25,RBLX.N,56.65,1377533,USD,3.0
2026-03-25,RBRK.N,47.18,616227,USD,-1.85146661119201
2026-03-25,RCAT.OQ,15.87,4924603,USD,-1.30597014925373
2026-03-25,RCL.N,279.01,311806,USD,2.05567138520063
2026-03-25,RCUS.N,21.46,270212,USD,5.97530864197531
2026-03-25,RDDT.N,139.63,635236,USD,2.57860711137231
2026-03-25,RDN.N,32.97,195263,USD,0.334753499695677
2026-03-25,RDNT.OQ,60.66,230429,USD,1.31952563888425
2026-03-25,RDW.N,9.16,6120803,USD,1.21546961325966
2026-03-25,REAL.OQ,9.15,1293406,USD,3.38983050847458
2026-03-25,REG.OQ,74.43,561739,USD,-0.201126307320986
2026-03-25,REGN.OQ,749.47,186528,USD,1.04895576318947
2026-03-25,RELY.OQ,16.11,1112775,USD,-0.309405940594064
2026-03-25,REPL.OQ,7.56,574673,USD,8.46484935437589
2026-03-25,REXR.N,33.45,689379,USD,-1.61764705882352
2026-03-25,REYN.OQ,21.11,445083,USD,0.428163653663177
2026-03-25,REZI.N,35.63,201316,USD,1.19284294234593
2026-03-25,RF.N,25.76,4460542,USD,0.468018720748834
2026-03-25,RGA.N,204.52,58008,USD,0.550639134709933
2026-03-25,RGEN.OQ,114.32,545692,USD,-1.70249355116079
2026-03-25,RGLD.OQ,232.99,476742,USD,2.46723546486059
2026-03-25,RGTI.OQ,15.14,8255986,USD,-2.94871794871794
2026-03-25,RH.N,136.94,240032,USD,6.33638763783196
2026-03-25,RHI.N,24.52,626410,USD,-0.122199592668029
2026-03-25,RHP.N,91.83,183298,USD,1.95403574997225
2026-03-25,RIG.N,6.77,6182820,USD,2.11161387631975
2026-03-26,PVH.N,66.45,241328,USD,-0.939177101967793
2026-03-26,PVLA.OQ,117.61,55334,USD,-2.30916189052247
2026-03-26,PWP.OQ,17.5,173512,USD,0.401606425702813
2026-03-26,PWR.N,545.64,249615,USD,-4.85789014821273
2026-03-26,PYPL.OQ,45.2,4930646,USD,0.78037904124861
2026-03-26,PZZA.OQ,32.64,201268,USD,-1.44927536231883
2026-03-26,Q.N,112.78,487281,USD,-6.21985697655081
2026-03-26,QBTS.N,14.65,3218154,USD,-9.51204447189624
2026-03-26,QCOM.OQ,130.54,5323918,USD,0.145761411584195
2026-03-26,QDEL.OQ,15.6,633266,USD,-2.56089943785136
2026-03-26,QGEN.N,39.71,203064,USD,-2.26433669702191
2026-03-26,QLYS.OQ,91.11,169640,USD,1.34593993325917
2026-03-26,QRVO.OQ,80.61,244014,USD,-0.161010651473861
2026-03-26,QS.OQ,6.5,2287123,USD,-5.52325581395349
2026-03-26,QSR.N,73.1,598705,USD,0.246845858475031
2026-03-26,QTWO.N,46.51,164167,USD,0.67099567099566
2026-03-26,QUBT.OQ,7.12,1904659,USD,-2.73224043715847
2026-03-26,QXO.N,19.66,1318989,USD,-3.91006842619746
2026-03-26,R.N,199.88,107087,USD,-1.84639560007857
2026-03-26,RAL.N,41.1,238884,USD,-3.92706872370266
2026-03-26,RAMP.N,25.91,224871,USD,1.5282131661442
2026-03-26,RARE.OQ,20.0,586808,USD,0.755667506297222
2026-03-26,RBA.N,98.12,191429,USD,0.666871858007598
2026-03-26,RBC.N,548.95,46411,USD,-2.26293487163051
2026-03-26,RBLX.N,53.85,1546403,USD,-4.94263018534863
2026-03-26,RBRK.N,47.59,693805,USD,0.869012293344645
2026-03-26,RCAT.OQ,14.0,2998126,USD,-11.7832388153749
2026-03-26,RCL.N,274.0,563197,USD,-1.79563456506935
2026-03-26,RCUS.N,21.21,300437,USD,-1.16495806150979
2026-03-26,RDDT.N,127.26,1302553,USD,-8.85912769462149
2026-03-26,RDN.N,33.11,251198,USD,0.424628450106159
2026-03-26,RDNT.OQ,59.41,223774,USD,-2.06066600725354
2026-03-26,RDW.N,8.87,3141124,USD,-3.16593886462883
2026-03-26,REAL.OQ,9.0,875360,USD,-1.63934426229509
2026-03-26,REG.OQ,74.37,390317,USD,-0.080612656187024
2026-03-26,REGN.OQ,756.73,273861,USD,0.968684537072864
2026-03-26,RELY.OQ,15.99,1115939,USD,-0.744878957169455
2026-03-26,REPL.OQ,7.54,449489,USD,-0.264550264550259
2026-03-26,REXR.N,33.25,530247,USD,-0.597907324364732
2026-03-26,REYN.OQ,20.93,493169,USD,-0.852676456655612
2026-03-26,REZI.N,34.37,254189,USD,-3.53634577603145
2026-03-26,RF.N,25.51,4216327,USD,-0.970496894409938
2026-03-26,RGA.N,204.26,68104,USD,-0.127126931351467
2026-03-26,RGEN.OQ,114.42,219267,USD,0.087473757872646
2026-03-26,RGLD.OQ,230.69,647900,USD,-0.987166831194477
2026-03-26,RGTI.OQ,14.41,5760706,USD,-4.8216644649934
2026-03-26,RH.N,132.03,176844,USD,-3.58551190302322
2026-03-26,RHI.N,25.09,794570,USD,2.32463295269168
2026-03-26,RHP.N,93.07,153710,USD,1.35032124578024
2026-03-26,RIG.N,6.89,5663440,USD,1.7725258493353
2026-03-26,PVH.N,66.45,,USD,-0.939177101967793
2026-03-26,PVLA.OQ,117.61,,USD,-2.30916189052247
2026-03-26,PWP.OQ,17.5,,USD,0.401606425702813
2026-03-26,PWR.N,545.64,,USD,-4.85789014821273
2026-03-26,PYPL.OQ,45.2,,USD,0.78037904124861
2026-03-26,PZZA.OQ,32.64,,USD,-1.44927536231883
2026-03-26,Q.N,112.78,,USD,-6.21985697655081
2026-03-26,QBTS.N,14.65,,USD,-9.51204447189624
2026-03-26,QCOM.OQ,130.54,,USD,0.145761411584195
2026-03-26,QDEL.OQ,15.6,,USD,-2.56089943785136
2026-03-26,QGEN.N,39.71,,USD,-2.26433669702191
2026-03-26,QLYS.OQ,91.11,,USD,1.34593993325917
2026-03-26,QRVO.OQ,80.61,,USD,-0.161010651473861
2026-03-26,QS.OQ,6.5,,USD,-5.52325581395349
2026-03-26,QSR.N,73.1,,USD,0.246845858475031
2026-03-26,QTWO.N,46.51,,USD,0.67099567099566
2026-03-26,QUBT.OQ,7.12,,USD,-2.73224043715847
2026-03-26,QXO.N,19.66,,USD,-3.91006842619746
2026-03-26,R.N,199.88,,USD,-1.84639560007857
2026-03-26,RAL.N,41.1,,USD,-3.92706872370266
2026-03-26,RAMP.N,25.91,,USD,1.5282131661442
2026-03-26,RARE.OQ,20.0,,USD,0.755667506297222
2026-03-26,RBA.N,98.12,,USD,0.666871858007598
2026-03-26,RBC.N,548.95,,USD,-2.26293487163051
2026-03-26,RBLX.N,53.85,,USD,-4.94263018534863
2026-03-26,RBRK.N,47.59,,USD,0.869012293344645
2026-03-26,RCAT.OQ,14.0,,USD,-11.7832388153749
2026-03-26,RCL.N,274.0,,USD,-1.79563456506935
2026-03-26,RCUS.N,21.21,,USD,-1.16495806150979
2026-03-26,RDDT.N,127.26,,USD,-8.85912769462149
2026-03-26,RDN.N,33.11,,USD,0.424628450106159
2026-03-26,RDNT.OQ,59.41,,USD,-2.06066600725354
2026-03-26,RDW.N,8.87,,USD,-3.16593886462883
2026-03-26,REAL.OQ,9.0,,USD,-1.63934426229509
2026-03-26,REG.OQ,74.37,,USD,-0.080612656187024
2026-03-26,REGN.OQ,756.73,,USD,0.968684537072864
2026-03-26,RELY.OQ,15.99,,USD,-0.744878957169455
2026-03-26,REPL.OQ,7.54,,USD,-0.264550264550259
2026-03-26,REXR.N,33.25,,USD,-0.597907324364732
2026-03-26,REYN.OQ,20.93,,USD,-0.852676456655612
2026-03-26,REZI.N,34.37,,USD,-3.53634577603145
2026-03-26,RF.N,25.51,,USD,-0.970496894409938
2026-03-26,RGA.N,204.26,,USD,-0.127126931351467
2026-03-26,RGEN.OQ,114.42,,USD,0.087473757872646
2026-03-26,RGLD.OQ,230.69,,USD,-0.987166831194477
2026-03-26,RGTI.OQ,14.41,,USD,-4.8216644649934
2026-03-26,RH.N,132.03,,USD,-3.58551190302322
2026-03-26,RHI.N,25.09,,USD,2.32463295269168
2026-03-26,RHP.N,93.07,,USD,1.35032124578024
2026-03-26,RIG.N,6.89,,USD,1.7725258493353
2026-03-27,PVH.N,,0,,
2026-03-27,PVLA.OQ,,0,,
2026-03-27,PWP.OQ,,0,,
2026-03-27,PWR.N,,0,,
2026-03-27,PYPL.OQ,,0,,
2026-03-27,PZZA.OQ,,0,,
2026-03-27,Q.N,,0,,
2026-03-27,QBTS.N,,0,,
2026-03-27,QCOM.OQ,,0,,
2026-03-27,QDEL.OQ,,0,,
2026-03-27,QGEN.N,,0,,
2026-03-27,QLYS.OQ,,0,,
2026-03-27,QRVO.OQ,,0,,
2026-03-27,QS.OQ,,0,,
2026-03-27,QSR.N,,0,,
2026-03-27,QTWO.N,,0,,
2026-03-27,QUBT.OQ,,0,,
2026-03-27,QXO.N,,0,,
2026-03-27,R.N,,0,,
2026-03-27,RAL.N,,0,,
2026-03-27,RAMP.N,,0,,
2026-03-27,RARE.OQ,,0,,
2026-03-27,RBA.N,,0,,
2026-03-27,RBC.N,,0,,
2026-03-27,RBLX.N,,0,,
2026-03-27,RBRK.N,,0,,
2026-03-27,RCAT.OQ,,0,,
2026-03-27,RCL.N,,0,,
2026-03-27,RCUS.N,,0,,
2026-03-27,RDDT.N,,0,,
2026-03-27,RDN.N,,0,,
2026-03-27,RDNT.OQ,,0,,
2026-03-27,RDW.N,,0,,
2026-03-27,REAL.OQ,,0,,
2026-03-27,REG.OQ,,0,,
2026-03-27,REGN.OQ,,0,,
2026-03-27,RELY.OQ,,0,,
2026-03-27,REPL.OQ,,0,,
2026-03-27,REXR.N,,0,,
2026-03-27,REYN.OQ,,0,,
2026-03-27,REZI.N,,0,,
2026-03-27,RF.N,,0,,
2026-03-27,RGA.N,,0,,
2026-03-27,RGEN.OQ,,0,,
2026-03-27,RGLD.OQ,,0,,
2026-03-27,RGTI.OQ,,0,,
2026-03-27,RH.N,,0,,
2026-03-27,RHI.N,,0,,
2026-03-27,RHP.N,,0,,
2026-03-27,RIG.N,,0,,
2026-03-24,RIGL.OQ,26.13,142171,USD,-1.39622641509434
2026-03-24,RIOT.OQ,14.33,3476343,USD,-0.27835768963117
2026-03-24,RITM.N,9.14,4961384,USD,0.88300220750552
2026-03-24,RIVN.OQ,16.1,6657454,USD,2.09258084971466
2026-03-24,RJF.N,145.37,600315,USD,-0.048129812981293
2026-03-24,RKLB.OQ,66.07,7276745,USD,-2.83823529411766
2026-03-24,RKT.N,14.17,4007665,USD,-0.631136044880784
2026-03-24,RL.N,343.5,190814,USD,1.29456518533809
2026-03-24,RLAY.OQ,9.44,834605,USD,-3.86965376782078
2026-03-24,RLI.N,57.98,193843,USD,0.572419774501298
2026-03-24,RMBS.OQ,92.69,595560,USD,-0.707016604177822
2026-03-24,RMD.N,228.19,362222,USD,0.096503925955169
2026-03-24,RNA.OQ,13.2,218708,USD,0.0
2026-03-24,RNG.N,36.71,610657,USD,-4.99482401656315
2026-03-24,RNR.N,294.17,115892,USD,0.320567472632404
2026-03-24,RNST.N,35.86,214152,USD,1.09952072173668
2026-03-24,ROAD.OQ,110.29,192406,USD,-1.71983603635715
2026-03-24,ROCK.OQ,42.05,200891,USD,2.93757649938799
2026-03-24,ROG.N,104.49,60242,USD,2.04101562499999
2026-03-24,ROIV.OQ,26.87,1476540,USD,-3.79520229144289
2026-03-24,ROK.N,361.22,222306,USD,0.947377246178365
2026-03-24,ROKU.OQ,95.59,838594,USD,-2.26970657396994
2026-03-24,ROL.N,53.29,778600,USD,0.150347679007702
2026-03-24,ROOT.OQ,46.72,150959,USD,2.03101113780301
2026-03-24,ROP.OQ,345.93,686223,USD,-2.13590585040172
2026-03-24,ROST.OQ,215.8,1106318,USD,1.27176310479141
2026-03-24,RPD.OQ,5.71,848578,USD,-9.79462875197473
2026-03-24,RPM.N,96.29,301038,USD,-0.083013385908476
2026-03-24,RPRX.OQ,45.57,1080648,USD,-0.087700065775047
2026-03-24,RR.OQ,2.13,1325095,USD,-0.467289719626179
2026-03-24,RRC.N,45.94,894645,USD,2.77404921700223
2026-03-24,RRR.OQ,58.74,346311,USD,1.13636363636364
2026-03-24,RRX.N,189.49,203463,USD,3.01728824616723
2026-03-24,RS.N,300.22,116030,USD,2.8996435426378
2026-03-24,RSG.N,215.27,427037,USD,-0.673649240991086
2026-03-24,RSI.N,22.16,659330,USD,1.88505747126437
2026-03-24,RTX.N,194.0,1454197,USD,-0.420901344831123
2026-03-24,RUN.OQ,12.75,1991572,USD,3.23886639676114
2026-03-24,RUSHA.OQ,66.61,175930,USD,1.57060079292467
2026-03-24,RVLV.N,21.98,242202,USD,-0.901713255184848
2026-03-24,RVMD.OQ,95.52,614399,USD,-1.14871158025458
2026-03-24,RVTY.N,87.46,280839,USD,0.344194584671865
2026-03-24,RXO.N,13.92,472149,USD,4.58302028549962
2026-03-24,RXRX.OQ,3.17,3271150,USD,-1.85758513931889
2026-03-24,RYAN.N,33.52,898519,USD,-3.09337958947673
2026-03-24,RYN.N,20.25,662099,USD,0.846613545816742
2026-03-24,RYTM.OQ,82.59,255989,USD,-2.43354991139988
2026-03-24,RZLV.OQ,2.57,2895780,USD,-5.51470588235295
2026-03-24,S.N,13.04,2241726,USD,-9.31849791376914
2026-03-24,SAIA.OQ,330.26,137935,USD,0.236736675974254
2026-03-25,RIGL.OQ,26.29,96718,USD,0.612323000382702
2026-03-25,RIOT.OQ,15.16,3989364,USD,5.7920446615492
2026-03-25,RITM.N,9.24,3342275,USD,1.09409190371991
2026-03-25,RIVN.OQ,15.62,5416010,USD,-2.98136645962734
2026-03-25,RJF.N,145.85,340471,USD,0.33019192405585
2026-03-25,RKLB.OQ,72.88,10769184,USD,10.307249886484
2026-03-25,RKT.N,14.29,3624409,USD,0.846859562455887
2026-03-25,RL.N,345.93,119959,USD,0.707423580786028
2026-03-25,RLAY.OQ,9.6,609475,USD,1.69491525423729
2026-03-25,RLI.N,56.97,173155,USD,-1.74197999310107
2026-03-25,RMBS.OQ,95.93,738678,USD,3.49552271010898
2026-03-25,RMD.N,226.31,329901,USD,-0.823874841141152
2026-03-25,RNA.OQ,13.09,115467,USD,-0.833333333333329
2026-03-25,RNG.N,35.69,523130,USD,-2.77853445927541
2026-03-25,RNR.N,293.24,56041,USD,-0.3161437264167
2026-03-25,RNST.N,36.02,168551,USD,0.446179587283892
2026-03-25,ROAD.OQ,112.06,161793,USD,1.60485991477015
2026-03-25,ROCK.OQ,41.99,100746,USD,-0.142687277051118
2026-03-25,ROG.N,109.71,73391,USD,4.99569336778639
2026-03-25,ROIV.OQ,27.36,1134970,USD,1.82359508745813
2026-03-25,ROK.N,360.65,176878,USD,-0.157798571507682
2026-03-25,ROKU.OQ,95.06,552005,USD,-0.554451302437495
2026-03-25,ROL.N,53.48,971592,USD,0.3565396884969
2026-03-25,ROOT.OQ,47.1,112894,USD,0.813356164383567
2026-03-25,ROP.OQ,346.72,352027,USD,0.22836990142515
2026-03-25,ROST.OQ,216.03,1191386,USD,0.106580166821126
2026-03-25,RPD.OQ,5.6,549060,USD,-1.92644483362522
2026-03-25,RPM.N,98.84,311258,USD,2.6482500778897
2026-03-25,RPRX.OQ,47.03,1013212,USD,3.20386219003731
2026-03-25,RR.OQ,2.18,1102257,USD,2.3474178403756
2026-03-25,RRC.N,46.59,631681,USD,1.41488898563345
2026-03-25,RRR.OQ,58.75,343292,USD,0.017024174327542
2026-03-25,RRX.N,195.13,212296,USD,2.97641036466304
2026-03-25,RS.N,298.99,129327,USD,-0.409699553660655
2026-03-25,RSG.N,215.55,393369,USD,0.130069215403912
2026-03-25,RSI.N,21.92,481281,USD,-1.08303249097472
2026-03-25,RTX.N,195.0,965143,USD,0.515463917525773
2026-03-25,RUN.OQ,13.04,1953090,USD,2.27450980392156
2026-03-25,RUSHA.OQ,67.34,185028,USD,1.09593154181055
2026-03-25,RVLV.N,22.72,227929,USD,3.36669699727024
2026-03-25,RVMD.OQ,94.29,806287,USD,-1.28768844221104
2026-03-25,RVTY.N,87.84,289041,USD,0.434484335696329
2026-03-25,RXO.N,14.38,526969,USD,3.30459770114943
2026-03-25,RXRX.OQ,3.17,2985414,USD,0.0
2026-03-25,RYAN.N,33.5,456917,USD,-0.059665871121728
2026-03-25,RYN.N,20.13,609269,USD,-0.592592592592598
2026-03-25,RYTM.OQ,84.62,311080,USD,2.45792468821891
2026-03-25,RZLV.OQ,2.47,2337509,USD,-3.89105058365757
2026-03-25,S.N,13.36,2179810,USD,2.45398773006135
2026-03-25,SAIA.OQ,344.36,190734,USD,4.26936353176286
2026-03-26,RIGL.OQ,26.37,78881,USD,0.30429821224801
2026-03-26,RIOT.OQ,14.005,3147946,USD,-7.61873350923482
2026-03-26,RITM.N,9.31,2861050,USD,0.757575757575761
2026-03-26,RIVN.OQ,15.21,5390573,USD,-2.6248399487836
2026-03-26,RJF.N,144.2,362961,USD,-1.13129928008228
2026-03-26,RKLB.OQ,65.94,6727459,USD,-9.5225027442371
2026-03-26,RKT.N,13.95,4621306,USD,-2.37928621413576
2026-03-26,RL.N,333.64,152488,USD,-3.55274188419623
2026-03-26,RLAY.OQ,10.12,1349820,USD,5.41666666666666
2026-03-26,RLI.N,57.3,186146,USD,0.579252238020008
2026-03-26,RMBS.OQ,91.44,947554,USD,-4.6804961951423
2026-03-26,RMD.N,222.5,418651,USD,-1.68353143917635
2026-03-26,RNA.OQ,13.1,95002,USD,0.076394194041251
2026-03-26,RNG.N,37.52,433901,USD,5.12748669094986
2026-03-26,RNR.N,295.95,70830,USD,0.924157686536618
2026-03-26,RNST.N,36.14,156426,USD,0.333148250971675
2026-03-26,ROAD.OQ,109.71,166977,USD,-2.09709084419062
2026-03-26,ROCK.OQ,40.92,108765,USD,-2.54822576804001
2026-03-26,ROG.N,109.29,51448,USD,-0.382827454197418
2026-03-26,ROIV.OQ,27.35,3563404,USD,-0.036549707602332
2026-03-26,ROK.N,354.82,204194,USD,-1.61652571745459
2026-03-26,ROKU.OQ,89.03,997523,USD,-6.34336208710288
2026-03-26,ROL.N,52.81,962452,USD,-1.25280478683619
2026-03-26,ROOT.OQ,47.9,123628,USD,1.69851380042462
2026-03-26,ROP.OQ,351.07,415217,USD,1.25461467466543
2026-03-26,ROST.OQ,214.3,1133110,USD,-0.800814701661802
2026-03-26,RPD.OQ,5.7,644912,USD,1.78571428571429
2026-03-26,RPM.N,98.37,296701,USD,-0.475515985430998
2026-03-26,RPRX.OQ,46.94,967045,USD,-0.191367212417613
2026-03-26,RR.OQ,2.1,1087080,USD,-3.6697247706422
2026-03-26,RRC.N,46.83,576383,USD,0.515132002575649
2026-03-26,RRR.OQ,55.74,364061,USD,-5.12340425531915
2026-03-26,RRX.N,187.39,155244,USD,-3.9665863783119
2026-03-26,RS.N,299.6,60852,USD,0.204020201344531
2026-03-26,RSG.N,217.27,316413,USD,0.797958710276038
2026-03-26,RSI.N,21.45,559861,USD,-2.14416058394162
2026-03-26,RTX.N,192.85,1660083,USD,-1.10256410256411
2026-03-26,RUN.OQ,12.4,1945766,USD,-4.90797546012269
2026-03-26,RUSHA.OQ,66.2,178698,USD,-1.69290169290169
2026-03-26,RVLV.N,22.25,248912,USD,-2.06866197183098
2026-03-26,RVMD.OQ,93.21,581592,USD,-1.14540248170539
2026-03-26,RVTY.N,87.12,234022,USD,-0.81967213114754
2026-03-26,RXO.N,14.2,332299,USD,-1.25173852573019
2026-03-26,RXRX.OQ,3.15,1963115,USD,-0.630914826498423
2026-03-26,RYAN.N,33.04,404458,USD,-1.37313432835821
2026-03-26,RYN.N,20.15,375034,USD,0.099354197714851
2026-03-26,RYTM.OQ,81.9,240823,USD,-3.21437012526589
2026-03-26,RZLV.OQ,2.35,1706223,USD,-4.85829959514171
2026-03-26,S.N,13.4,1784158,USD,0.299401197604797
2026-03-26,SAIA.OQ,336.78,119380,USD,-2.20118480659776
2026-03-26,RIGL.OQ,26.37,,USD,0.30429821224801
2026-03-26,RIOT.OQ,14.005,,USD,-7.61873350923482
2026-03-26,RITM.N,9.31,,USD,0.757575757575761
2026-03-26,RIVN.OQ,15.21,,USD,-2.6248399487836
2026-03-26,RJF.N,144.2,,USD,-1.13129928008228
2026-03-26,RKLB.OQ,65.94,,USD,-9.5225027442371
2026-03-26,RKT.N,13.95,,USD,-2.37928621413576
2026-03-26,RL.N,333.64,,USD,-3.55274188419623
2026-03-26,RLAY.OQ,10.12,,USD,5.41666666666666
2026-03-26,RLI.N,57.3,,USD,0.579252238020008
2026-03-26,RMBS.OQ,91.44,,USD,-4.6804961951423
2026-03-26,RMD.N,222.5,,USD,-1.68353143917635
2026-03-26,RNA.OQ,13.1,,USD,0.076394194041251
2026-03-26,RNG.N,37.52,,USD,5.12748669094986
2026-03-26,RNR.N,295.95,,USD,0.924157686536618
2026-03-26,RNST.N,36.14,,USD,0.333148250971675
2026-03-26,ROAD.OQ,109.71,,USD,-2.09709084419062
2026-03-26,ROCK.OQ,40.92,,USD,-2.54822576804001
2026-03-26,ROG.N,109.29,,USD,-0.382827454197418
2026-03-26,ROIV.OQ,27.35,,USD,-0.036549707602332
2026-03-26,ROK.N,354.82,,USD,-1.61652571745459
2026-03-26,ROKU.OQ,89.03,,USD,-6.34336208710288
2026-03-26,ROL.N,52.81,,USD,-1.25280478683619
2026-03-26,ROOT.OQ,47.9,,USD,1.69851380042462
2026-03-26,ROP.OQ,351.07,,USD,1.25461467466543
2026-03-26,ROST.OQ,214.3,,USD,-0.800814701661802
2026-03-26,RPD.OQ,5.7,,USD,1.78571428571429
2026-03-26,RPM.N,98.37,,USD,-0.475515985430998
2026-03-26,RPRX.OQ,46.94,,USD,-0.191367212417613
2026-03-26,RR.OQ,2.1,,USD,-3.6697247706422
2026-03-26,RRC.N,46.83,,USD,0.515132002575649
2026-03-26,RRR.OQ,55.74,,USD,-5.12340425531915
2026-03-26,RRX.N,187.39,,USD,-3.9665863783119
2026-03-26,RS.N,299.6,,USD,0.204020201344531
2026-03-26,RSG.N,217.27,,USD,0.797958710276038
2026-03-26,RSI.N,21.45,,USD,-2.14416058394162
2026-03-26,RTX.N,192.85,,USD,-1.10256410256411
2026-03-26,RUN.OQ,12.4,,USD,-4.90797546012269
2026-03-26,RUSHA.OQ,66.2,,USD,-1.69290169290169
2026-03-26,RVLV.N,22.25,,USD,-2.06866197183098
2026-03-26,RVMD.OQ,93.21,,USD,-1.14540248170539
2026-03-26,RVTY.N,87.12,,USD,-0.81967213114754
2026-03-26,RXO.N,14.2,,USD,-1.25173852573019
2026-03-26,RXRX.OQ,3.15,,USD,-0.630914826498423
2026-03-26,RYAN.N,33.04,,USD,-1.37313432835821
2026-03-26,RYN.N,20.15,,USD,0.099354197714851
2026-03-26,RYTM.OQ,81.9,,USD,-3.21437012526589
2026-03-26,RZLV.OQ,2.35,,USD,-4.85829959514171
2026-03-26,S.N,13.4,,USD,0.299401197604797
2026-03-26,SAIA.OQ,336.78,,USD,-2.20118480659776
2026-03-27,RIGL.OQ,,0,,
2026-03-27,RIOT.OQ,,0,,
2026-03-27,RITM.N,,0,,
2026-03-27,RIVN.OQ,,0,,
2026-03-27,RJF.N,,0,,
2026-03-27,RKLB.OQ,,0,,
2026-03-27,RKT.N,,0,,
2026-03-27,RL.N,,0,,
2026-03-27,RLAY.OQ,,0,,
2026-03-27,RLI.N,,0,,
2026-03-27,RMBS.OQ,,0,,
2026-03-27,RMD.N,,0,,
2026-03-27,RNA.OQ,,0,,
2026-03-27,RNG.N,,0,,
2026-03-27,RNR.N,,0,,
2026-03-27,RNST.N,,0,,
2026-03-27,ROAD.OQ,,0,,
2026-03-27,ROCK.OQ,,0,,
2026-03-27,ROG.N,,0,,
2026-03-27,ROIV.OQ,,0,,
2026-03-27,ROK.N,,0,,
2026-03-27,ROKU.OQ,,0,,
2026-03-27,ROL.N,,0,,
2026-03-27,ROOT.OQ,,0,,
2026-03-27,ROP.OQ,,0,,
2026-03-27,ROST.OQ,,0,,
2026-03-27,RPD.OQ,,0,,
2026-03-27,RPM.N,,0,,
2026-03-27,RPRX.OQ,,0,,
2026-03-27,RR.OQ,,0,,
2026-03-27,RRC.N,,0,,
2026-03-27,RRR.OQ,,0,,
2026-03-27,RRX.N,,0,,
2026-03-27,RS.N,,0,,
2026-03-27,RSG.N,,0,,
2026-03-27,RSI.N,,0,,
2026-03-27,RTX.N,,0,,
2026-03-27,RUN.OQ,,0,,
2026-03-27,RUSHA.OQ,,0,,
2026-03-27,RVLV.N,,0,,
2026-03-27,RVMD.OQ,,0,,
2026-03-27,RVTY.N,,0,,
2026-03-27,RXO.N,,0,,
2026-03-27,RXRX.OQ,,0,,
2026-03-27,RYAN.N,,0,,
2026-03-27,RYN.N,,0,,
2026-03-27,RYTM.OQ,,0,,
2026-03-27,RZLV.OQ,,0,,
2026-03-27,S.N,,0,,
2026-03-27,SAIA.OQ,,0,,
2026-03-24,SAIC.OQ,95.35,223806,USD,-1.56911324455457
2026-03-24,SAIL.OQ,12.32,1293848,USD,-1.75438596491227
2026-03-24,SAM.N,216.58,34282,USD,-2.27416298168035
2026-03-24,SANM.OQ,134.8,226785,USD,2.59532688941322
2026-03-24,SARO.N,26.11,677732,USD,-0.114766641162973
2026-03-24,SATS.OQ,110.84,1630624,USD,1.23298931409262
2026-03-24,SBAC.OQ,166.76,453137,USD,-3.03523665542505
2026-03-24,SBCF.OQ,29.925,237222,USD,-0.283238920359883
2026-03-24,SBH.N,13.81,646598,USD,0.290486564996376
2026-03-24,SBRA.OQ,19.73,903873,USD,0.203148806500757
2026-03-24,SBUX.OQ,91.98,2680344,USD,-1.97165085793456
2026-03-24,SCCO.N,159.88,485257,USD,0.181715646343751
2026-03-24,SCHW.N,95.68,2174340,USD,0.398740818468006
2026-03-24,SCI.N,77.48,391184,USD,1.26780812965625
2026-03-24,SDGR.OQ,11.57,337974,USD,-2.52737994945239
2026-03-24,SDRL.N,45.09,188140,USD,1.80627681192144
2026-03-24,SEB.A,5208.35,2535,USD,4.82593583264401
2026-03-24,SEE.N,41.95,1363326,USD,0.0
2026-03-24,SEI.N,61.0,442856,USD,0.197109067017079
2026-03-24,SEIC.OQ,78.34,239319,USD,-0.318106629342156
2026-03-24,SEMR.N,11.93,100402,USD,0.0
2026-03-24,SERV.OQ,9.22,600171,USD,-2.22693531283138
2026-03-24,SEZL.OQ,74.6,150726,USD,3.69752571587434
2026-03-24,SF.N,72.1,514493,USD,-0.110834026046013
2026-03-24,SFBS.N,74.52,138235,USD,1.36017410228509
2026-03-24,SFD.OQ,24.48,1668849,USD,4.25894378194208
2026-03-24,SFM.OQ,75.65,966727,USD,-4.1191381495564
2026-03-24,SFNC.OQ,19.24,485625,USD,0.36515388628063
2026-03-24,SG.N,5.22,1118271,USD,-0.191204588910147
2026-03-24,SGHC.N,10.98,531990,USD,2.80898876404495
2026-03-24,SGI.N,75.44,550901,USD,-0.932370321733431
2026-03-24,SGRY.OQ,12.0,363961,USD,0.166944908180297
2026-03-24,SHAK.N,90.04,242657,USD,-0.913392758886319
2026-03-24,SHC.OQ,13.835,1544861,USD,-0.324207492795388
2026-03-24,SHLS.OQ,6.85,1336064,USD,9.77564102564102
2026-03-24,SHO.N,9.09,496777,USD,-0.219538968166845
2026-03-24,SHOO.OQ,33.47,286143,USD,-0.505350772889422
2026-03-24,SHW.N,313.7,602042,USD,-0.079630514413123
2026-03-24,SIG.N,88.67,311183,USD,-1.2033426183844
2026-03-24,SIGI.OQ,74.58,194960,USD,-0.652724124150786
2026-03-24,SIRI.OQ,22.36,913337,USD,-0.489541611036936
2026-03-24,SITE.N,140.02,201289,USD,4.38347994632475
2026-03-24,SITM.OQ,354.35,110114,USD,2.36300083773869
2026-03-24,SJM.N,96.86,518042,USD,-1.54502947753608
2026-03-24,SKT.N,34.05,235893,USD,-0.438596491228087
2026-03-24,SKWD.OQ,42.42,112336,USD,-0.632466619817278
2026-03-24,SKY.N,74.73,175191,USD,-0.717417297728168
2026-03-24,SKYT.OQ,29.2,334222,USD,-0.136798905608752
2026-03-24,SKYW.OQ,91.75,116542,USD,0.614102423511352
2026-03-24,SLAB.OQ,207.19,130347,USD,0.111132586006953
2026-03-25,SAIC.OQ,96.46,188159,USD,1.16413214472994
2026-03-25,SAIL.OQ,12.33,1011139,USD,0.081168831168829
2026-03-25,SAM.N,224.27,38412,USD,3.55065102964263
2026-03-25,SANM.OQ,138.56,189577,USD,2.78931750741839
2026-03-25,SARO.N,26.64,728474,USD,2.02987361164305
2026-03-25,SATS.OQ,119.07,3268801,USD,7.42511728617827
2026-03-25,SBAC.OQ,165.15,488139,USD,-0.965459342768041
2026-03-25,SBCF.OQ,30.14,297790,USD,0.718462823725981
2026-03-25,SBH.N,13.84,362794,USD,0.217233888486599
2026-03-25,SBRA.OQ,19.84,1124411,USD,0.557526609224528
2026-03-25,SBUX.OQ,92.7,2874350,USD,0.782778864970644
2026-03-25,SCCO.N,165.49,347825,USD,3.50888166124594
2026-03-25,SCHW.N,94.99,2767613,USD,-0.721153846153859
2026-03-25,SCI.N,78.79,426364,USD,1.69075890552401
2026-03-25,SDGR.OQ,11.4,348451,USD,-1.46931719965428
2026-03-25,SDRL.N,44.97,223480,USD,-0.266134397870935
2026-03-25,SEB.A,5405.3,2920,USD,3.78142789943072
2026-03-25,SEE.N,42.04,503246,USD,0.214541120381398
2026-03-25,SEI.N,61.33,343453,USD,0.540983606557374
2026-03-25,SEIC.OQ,77.2,433507,USD,-1.45519530252744
2026-03-25,SEMR.N,11.93,128173,USD,0.0
2026-03-25,SERV.OQ,9.32,583300,USD,1.08459869848156
2026-03-25,SEZL.OQ,68.79,267580,USD,-7.78820375335119
2026-03-25,SF.N,72.53,274506,USD,0.596393897364781
2026-03-25,SFBS.N,73.86,85483,USD,-0.88566827697262
2026-03-25,SFD.OQ,24.99,1465643,USD,2.08333333333333
2026-03-25,SFM.OQ,75.26,960224,USD,-0.515532055518837
2026-03-25,SFNC.OQ,19.34,427455,USD,0.519750519750527
2026-03-25,SG.N,5.25,823459,USD,0.574712643678166
2026-03-25,SGHC.N,10.54,595031,USD,-4.0072859744991
2026-03-25,SGI.N,74.71,1165422,USD,-0.967656415694597
2026-03-25,SGRY.OQ,12.05,439692,USD,0.416666666666673
2026-03-25,SHAK.N,89.5,260452,USD,-0.599733451799207
2026-03-25,SHC.OQ,13.7,947580,USD,-0.97578604987352
2026-03-25,SHLS.OQ,6.91,1330193,USD,0.875912408759131
2026-03-25,SHO.N,9.26,483821,USD,1.87018701870187
2026-03-25,SHOO.OQ,33.99,339684,USD,1.55363011652227
2026-03-25,SHW.N,321.95,698395,USD,2.62990117947083
2026-03-25,SIG.N,89.86,174868,USD,1.34205480996955
2026-03-25,SIGI.OQ,73.72,200075,USD,-1.15312416197372
2026-03-25,SIRI.OQ,22.99,1381377,USD,2.81753130590339
2026-03-25,SITE.N,136.3,180658,USD,-2.65676331952578
2026-03-25,SITM.OQ,354.5,100755,USD,0.04233102864399
2026-03-25,SJM.N,95.39,516651,USD,-1.51765434647945
2026-03-25,SKT.N,33.95,246298,USD,-0.293685756240806
2026-03-25,SKWD.OQ,43.15,192759,USD,1.72088637435171
2026-03-25,SKY.N,75.62,163144,USD,1.19095410143182
2026-03-25,SKYT.OQ,28.83,201731,USD,-1.26712328767124
2026-03-25,SKYW.OQ,94.13,158488,USD,2.59400544959128
2026-03-25,SLAB.OQ,207.07,105098,USD,-0.057917853178244
2026-03-26,SAIC.OQ,99.4,234826,USD,3.0478955007257
2026-03-26,SAIL.OQ,12.28,794241,USD,-0.405515004055156
2026-03-26,SAM.N,233.76,53816,USD,4.23150666607214
2026-03-26,SANM.OQ,130.97,245941,USD,-5.47777136258661
2026-03-26,SARO.N,26.29,949875,USD,-1.31381381381382
2026-03-26,SATS.OQ,111.4,3091318,USD,-6.44158898127151
2026-03-26,SBAC.OQ,166.17,267753,USD,0.61762034514077
2026-03-26,SBCF.OQ,29.94,218770,USD,-0.663570006635698
2026-03-26,SBH.N,13.81,481508,USD,-0.216763005780342
2026-03-26,SBRA.OQ,19.63,603293,USD,-1.05846774193549
2026-03-26,SBUX.OQ,91.22,2484962,USD,-1.596548004315
2026-03-26,SCCO.N,159.76,363444,USD,-3.46244486071667
2026-03-26,SCHW.N,94.47,1792588,USD,-0.547426044846822
2026-03-26,SCI.N,81.84,618276,USD,3.871049625587
2026-03-26,SDGR.OQ,11.57,321823,USD,1.49122807017544
2026-03-26,SDRL.N,45.46,189971,USD,1.08961529908829
2026-03-26,SEB.A,5435.97,1719,USD,0.567406064418258
2026-03-26,SEE.N,42.0,1196266,USD,-0.095147478591815
2026-03-26,SEI.N,60.45,339820,USD,-1.43486059024946
2026-03-26,SEIC.OQ,76.92,319249,USD,-0.362694300518136
2026-03-26,SEMR.N,11.93,78421,USD,0.0
2026-03-26,SERV.OQ,9.08,537915,USD,-2.57510729613734
2026-03-26,SEZL.OQ,67.03,109346,USD,-2.55851141154238
2026-03-26,SF.N,72.24,311277,USD,-0.399834551220193
2026-03-26,SFBS.N,73.38,63114,USD,-0.649878147847284
2026-03-26,SFD.OQ,25.83,1085437,USD,3.36134453781513
2026-03-26,SFM.OQ,77.27,670313,USD,2.67074142971033
2026-03-26,SFNC.OQ,19.4,493535,USD,0.310237849017574
2026-03-26,SG.N,4.95,717201,USD,-5.71428571428571
2026-03-26,SGHC.N,10.54,546141,USD,0.0
2026-03-26,SGI.N,73.76,500734,USD,-1.27158345602997
2026-03-26,SGRY.OQ,11.85,333679,USD,-1.65975103734441
2026-03-26,SHAK.N,85.08,251709,USD,-4.93854748603352
2026-03-26,SHC.OQ,13.54,707363,USD,-1.16788321167883
2026-03-26,SHLS.OQ,6.47,1168703,USD,-6.36758321273517
2026-03-26,SHO.N,9.25,429864,USD,-0.107991360691142
2026-03-26,SHOO.OQ,33.2,286980,USD,-2.32421300382465
2026-03-26,SHW.N,319.55,661252,USD,-0.745457369156694
2026-03-26,SIG.N,87.92,174097,USD,-2.1589138660138
2026-03-26,SIGI.OQ,74.76,217490,USD,1.41074335322844
2026-03-26,SIRI.OQ,22.95,1020346,USD,-0.173988690735098
2026-03-26,SITE.N,133.49,143840,USD,-2.06162876008804
2026-03-26,SITM.OQ,334.67,80424,USD,-5.59379407616361
2026-03-26,SJM.N,95.11,505437,USD,-0.293531816752281
2026-03-26,SKT.N,33.97,212820,USD,0.058910162002934
2026-03-26,SKWD.OQ,43.26,125014,USD,0.254924681344147
2026-03-26,SKY.N,74.42,138735,USD,-1.58688177730759
2026-03-26,SKYT.OQ,27.87,267599,USD,-3.32986472424557
2026-03-26,SKYW.OQ,93.98,130236,USD,-0.159354084776364
2026-03-26,SLAB.OQ,206.79,69595,USD,-0.135219973921863
2026-03-26,SAIC.OQ,99.4,,USD,3.0478955007257
2026-03-26,SAIL.OQ,12.28,,USD,-0.405515004055156
2026-03-26,SAM.N,233.76,,USD,4.23150666607214
2026-03-26,SANM.OQ,130.97,,USD,-5.47777136258661
2026-03-26,SARO.N,26.29,,USD,-1.31381381381382
2026-03-26,SATS.OQ,111.4,,USD,-6.44158898127151
2026-03-26,SBAC.OQ,166.17,,USD,0.61762034514077
2026-03-26,SBCF.OQ,29.94,,USD,-0.663570006635698
2026-03-26,SBH.N,13.81,,USD,-0.216763005780342
2026-03-26,SBRA.OQ,19.63,,USD,-1.05846774193549
2026-03-26,SBUX.OQ,91.22,,USD,-1.596548004315
2026-03-26,SCCO.N,159.76,,USD,-3.46244486071667
2026-03-26,SCHW.N,94.47,,USD,-0.547426044846822
2026-03-26,SCI.N,81.84,,USD,3.871049625587
2026-03-26,SDGR.OQ,11.57,,USD,1.49122807017544
2026-03-26,SDRL.N,45.46,,USD,1.08961529908829
2026-03-26,SEB.A,5435.97,,USD,0.567406064418258
2026-03-26,SEE.N,42.0,,USD,-0.095147478591815
2026-03-26,SEI.N,60.45,,USD,-1.43486059024946
2026-03-26,SEIC.OQ,76.92,,USD,-0.362694300518136
2026-03-26,SEMR.N,11.93,,USD,0.0
2026-03-26,SERV.OQ,9.08,,USD,-2.57510729613734
2026-03-26,SEZL.OQ,67.03,,USD,-2.55851141154238
2026-03-26,SF.N,72.24,,USD,-0.399834551220193
2026-03-26,SFBS.N,73.38,,USD,-0.649878147847284
2026-03-26,SFD.OQ,25.83,,USD,3.36134453781513
2026-03-26,SFM.OQ,77.27,,USD,2.67074142971033
2026-03-26,SFNC.OQ,19.4,,USD,0.310237849017574
2026-03-26,SG.N,4.95,,USD,-5.71428571428571
2026-03-26,SGHC.N,10.54,,USD,0.0
2026-03-26,SGI.N,73.76,,USD,-1.27158345602997
2026-03-26,SGRY.OQ,11.85,,USD,-1.65975103734441
2026-03-26,SHAK.N,85.08,,USD,-4.93854748603352
2026-03-26,SHC.OQ,13.54,,USD,-1.16788321167883
2026-03-26,SHLS.OQ,6.47,,USD,-6.36758321273517
2026-03-26,SHO.N,9.25,,USD,-0.107991360691142
2026-03-26,SHOO.OQ,33.2,,USD,-2.32421300382465
2026-03-26,SHW.N,319.55,,USD,-0.745457369156694
2026-03-26,SIG.N,87.92,,USD,-2.1589138660138
2026-03-26,SIGI.OQ,74.76,,USD,1.41074335322844
2026-03-26,SIRI.OQ,22.95,,USD,-0.173988690735098
2026-03-26,SITE.N,133.49,,USD,-2.06162876008804
2026-03-26,SITM.OQ,334.67,,USD,-5.59379407616361
2026-03-26,SJM.N,95.11,,USD,-0.293531816752281
2026-03-26,SKT.N,33.97,,USD,0.058910162002934
2026-03-26,SKWD.OQ,43.26,,USD,0.254924681344147
2026-03-26,SKY.N,74.42,,USD,-1.58688177730759
2026-03-26,SKYT.OQ,27.87,,USD,-3.32986472424557
2026-03-26,SKYW.OQ,93.98,,USD,-0.159354084776364
2026-03-26,SLAB.OQ,206.79,,USD,-0.135219973921863
2026-03-27,SAIC.OQ,,0,,
2026-03-27,SAIL.OQ,,0,,
2026-03-27,SAM.N,,0,,
2026-03-27,SANM.OQ,,0,,
2026-03-27,SARO.N,,0,,
2026-03-27,SATS.OQ,,0,,
2026-03-27,SBAC.OQ,,0,,
2026-03-27,SBCF.OQ,,0,,
2026-03-27,SBH.N,,0,,
2026-03-27,SBRA.OQ,,0,,
2026-03-27,SBUX.OQ,,0,,
2026-03-27,SCCO.N,,0,,
2026-03-27,SCHW.N,,0,,
2026-03-27,SCI.N,,0,,
2026-03-27,SDGR.OQ,,0,,
2026-03-27,SDRL.N,,0,,
2026-03-27,SEB.A,,0,,
2026-03-27,SEE.N,,0,,
2026-03-27,SEI.N,,0,,
2026-03-27,SEIC.OQ,,0,,
2026-03-27,SEMR.N,,0,,
2026-03-27,SERV.OQ,,0,,
2026-03-27,SEZL.OQ,,0,,
2026-03-27,SF.N,,0,,
2026-03-27,SFBS.N,,0,,
2026-03-27,SFD.OQ,,0,,
2026-03-27,SFM.OQ,,0,,
2026-03-27,SFNC.OQ,,0,,
2026-03-27,SG.N,,0,,
2026-03-27,SGHC.N,,0,,
2026-03-27,SGI.N,,0,,
2026-03-27,SGRY.OQ,,0,,
2026-03-27,SHAK.N,,0,,
2026-03-27,SHC.OQ,,0,,
2026-03-27,SHLS.OQ,,0,,
2026-03-27,SHO.N,,0,,
2026-03-27,SHOO.OQ,,0,,
2026-03-27,SHW.N,,0,,
2026-03-27,SIG.N,,0,,
2026-03-27,SIGI.OQ,,0,,
2026-03-27,SIRI.OQ,,0,,
2026-03-27,SITE.N,,0,,
2026-03-27,SITM.OQ,,0,,
2026-03-27,SJM.N,,0,,
2026-03-27,SKT.N,,0,,
2026-03-27,SKWD.OQ,,0,,
2026-03-27,SKY.N,,0,,
2026-03-27,SKYT.OQ,,0,,
2026-03-27,SKYW.OQ,,0,,
2026-03-27,SLAB.OQ,,0,,
2026-03-24,SLB.N,50.51,4852550,USD,2.55837563451776
2026-03-24,SLDE.OQ,17.75,1827045,USD,4.53474676089517
2026-03-24,SLDP.OQ,3.09,845650,USD,-1.2779552715655
2026-03-24,SLG.N,37.93,305459,USD,-2.16662367810163
2026-03-24,SLGN.N,38.96,354395,USD,1.14226375908618
2026-03-24,SLM.OQ,20.18,1177162,USD,0.298210735586475
2026-03-24,SLNO.OQ,31.34,594864,USD,-1.19798234552333
2026-03-24,SLVM.N,39.18,114550,USD,1.39751552795031
2026-03-24,SM.N,30.35,2041943,USD,4.4750430292599
2026-03-24,SMA.N,30.7,343926,USD,-1.72855313700384
2026-03-24,SMCI.OQ,22.23,13775548,USD,3.01204819277109
2026-03-24,SMG.N,66.84,276606,USD,1.79713676515383
2026-03-24,SMMT.OQ,15.54,766094,USD,-0.384615384615388
2026-03-24,SMPL.OQ,13.91,784360,USD,-0.996441281138794
2026-03-24,SMR.N,11.43,4358948,USD,-2.3076923076923
2026-03-24,SMTC.OQ,77.95,1415850,USD,1.8687924725562
2026-03-24,SN.N,108.45,479536,USD,3.12856599467479
2026-03-24,SNA.N,363.08,145448,USD,0.146186732864425
2026-03-24,SNCY.OQ,17.01,186724,USD,1.00950118764847
2026-03-24,SNDK.OQ,702.48,3558863,USD,-0.001423507807939
2026-03-24,SNDR.N,25.27,490676,USD,3.39607201309328
2026-03-24,SNDX.OQ,24.02,395776,USD,-0.290577002905771
2026-03-24,SNEX.OQ,74.1,639514,USD,4.46919498096713
2026-03-24,SNOW.N,161.34,893517,USD,-7.38231917336394
2026-03-24,SNPS.OQ,415.62,632586,USD,-3.8984461709212
2026-03-24,SNX.N,163.62,252233,USD,4.63643921468312
2026-03-24,SO.N,93.98,955631,USD,0.245333333333338
2026-03-24,SOC.N,16.81,1004417,USD,6.32511068943705
2026-03-24,SOFI.OQ,16.7,10647008,USD,-2.62390670553935
2026-03-24,SOLS.OQ,72.11,1095106,USD,1.63495419309372
2026-03-24,SOLV.N,64.03,537402,USD,-2.52702085553356
2026-03-24,SON.N,52.53,267648,USD,1.44843568945539
2026-03-24,SONO.OQ,13.48,364291,USD,-0.809418690213388
2026-03-24,SOUN.OQ,6.36,3578895,USD,-7.69230769230768
2026-03-24,SPB.N,74.22,85734,USD,2.25957564067236
2026-03-24,SPG.N,178.27,818592,USD,-1.77420243539589
2026-03-24,SPGI.N,411.2,932284,USD,-4.12012964301537
2026-03-24,SPHR.N,114.82,282637,USD,3.25539568345323
2026-03-24,SPNT.N,21.16,266031,USD,1.00238663484487
2026-03-24,SPOT.N,484.85,347875,USD,-1.53130648469708
2026-03-24,SPRY.OQ,7.54,877008,USD,-1.69491525423729
2026-03-24,SPSC.OQ,56.3,206620,USD,-3.61239513781887
2026-03-24,SPT.OQ,5.5,708222,USD,-6.77966101694916
2026-03-24,SPXC.N,200.67,98982,USD,3.16162862430597
2026-03-24,SR.N,90.38,129408,USD,-0.044238000442387
2026-03-24,SRE.N,95.0,982438,USD,1.64776374919752
2026-03-24,SRPT.OQ,17.61,867206,USD,-0.56465273856579
2026-03-24,SRRK.OQ,42.3,421642,USD,-3.11497938616583
2026-03-24,SSB.N,91.07,213632,USD,0.485490455698993
2026-03-24,SSD.N,172.85,62533,USD,0.887176793322817
2026-03-25,SLB.N,51.89,5410262,USD,2.7321322510394
2026-03-25,SLDE.OQ,17.77,1228700,USD,0.112676056338026
2026-03-25,SLDP.OQ,3.08,687206,USD,-0.323624595469249
2026-03-25,SLG.N,37.18,421743,USD,-1.9773266543633
2026-03-25,SLGN.N,39.42,328134,USD,1.18069815195072
2026-03-25,SLM.OQ,20.43,947773,USD,1.2388503468781
2026-03-25,SLNO.OQ,31.84,400624,USD,1.59540523292916
2026-03-25,SLVM.N,40.56,204103,USD,3.52220520673814
2026-03-25,SM.N,31.5,1446600,USD,3.78912685337726
2026-03-25,SMA.N,30.58,208630,USD,-0.390879478827365
2026-03-25,SMCI.OQ,24.05,15476003,USD,8.18713450292398
2026-03-25,SMG.N,67.67,240483,USD,1.24177139437462
2026-03-25,SMMT.OQ,17.94,1685980,USD,15.4440154440155
2026-03-25,SMPL.OQ,14.39,684369,USD,3.45075485262401
2026-03-25,SMR.N,11.69,2500977,USD,2.27471566054243
2026-03-25,SMTC.OQ,80.04,659566,USD,2.68120590121873
2026-03-25,SN.N,107.49,275851,USD,-0.885200553250353
2026-03-25,SNA.N,367.62,115063,USD,1.25041313209211
2026-03-25,SNCY.OQ,17.21,178570,USD,1.17577895355673
2026-03-25,SNDK.OQ,677.86,4110300,USD,-3.50472611319895
2026-03-25,SNDR.N,25.85,236632,USD,2.29521171349427
2026-03-25,SNDX.OQ,24.2,404291,USD,0.749375520399666
2026-03-25,SNEX.OQ,75.755,254058,USD,2.23346828609987
2026-03-25,SNOW.N,160.61,1237760,USD,-0.45246064212222
2026-03-25,SNPS.OQ,410.13,647905,USD,-1.32091814638372
2026-03-25,SNX.N,163.77,148214,USD,0.091675834250095
2026-03-25,SO.N,94.61,1111359,USD,0.670355394764839
2026-03-25,SOC.N,17.69,868479,USD,5.2349791790601
2026-03-25,SOFI.OQ,16.56,8044340,USD,-0.838323353293416
2026-03-25,SOLS.OQ,76.35,529784,USD,5.87990569962557
2026-03-25,SOLV.N,64.64,377438,USD,0.952678431985006
2026-03-25,SON.N,53.42,241011,USD,1.6942699409861
2026-03-25,SONO.OQ,13.26,363790,USD,-1.63204747774481
2026-03-25,SOUN.OQ,6.48,3255177,USD,1.88679245283019
2026-03-25,SPB.N,75.34,122007,USD,1.50902721638373
2026-03-25,SPG.N,181.57,648944,USD,1.85112469849104
2026-03-25,SPGI.N,408.48,1006667,USD,-0.661478599221783
2026-03-25,SPHR.N,115.82,175811,USD,0.870928409684724
2026-03-25,SPNT.N,21.51,203102,USD,1.65406427221173
2026-03-25,SPOT.N,473.21,413079,USD,-2.4007424976797
2026-03-25,SPRY.OQ,7.9,723905,USD,4.77453580901857
2026-03-25,SPSC.OQ,55.0,201418,USD,-2.30905861456483
2026-03-25,SPT.OQ,5.57,597835,USD,1.27272727272728
2026-03-25,SPXC.N,201.27,80043,USD,0.298998355509056
2026-03-25,SR.N,90.24,130543,USD,-0.15490152688648
2026-03-25,SRE.N,95.32,1018303,USD,0.336842105263151
2026-03-25,SRPT.OQ,23.77,4758687,USD,34.9801249290176
2026-03-25,SRRK.OQ,45.43,448299,USD,7.39952718676123
2026-03-25,SSB.N,91.71,275092,USD,0.702756121664654
2026-03-25,SSD.N,174.83,57412,USD,1.145501880243
2026-03-26,SLB.N,52.31,3933130,USD,0.809404509539414
2026-03-26,SLDE.OQ,18.03,801294,USD,1.46314012380417
2026-03-26,SLDP.OQ,3.01,787891,USD,-2.27272727272728
2026-03-26,SLG.N,36.65,270502,USD,-1.42549757934374
2026-03-26,SLGN.N,38.8,353336,USD,-1.57280568239473
2026-03-26,SLM.OQ,20.64,1047844,USD,1.02790014684288
2026-03-26,SLNO.OQ,31.86,347660,USD,0.062814070351757
2026-03-26,SLVM.N,40.3,156251,USD,-0.641025641025654
2026-03-26,SM.N,32.68,1015800,USD,3.74603174603175
2026-03-26,SMA.N,30.01,353230,USD,-1.86396337475473
2026-03-26,SMCI.OQ,22.21,11546670,USD,-7.65072765072765
2026-03-26,SMG.N,62.19,377218,USD,-8.09812324516034
2026-03-26,SMMT.OQ,17.26,1255428,USD,-3.79041248606466
2026-03-26,SMPL.OQ,14.46,726930,USD,0.486448922863101
2026-03-26,SMR.N,10.99,2902477,USD,-5.9880239520958
2026-03-26,SMTC.OQ,74.16,649970,USD,-7.34632683658172
2026-03-26,SN.N,104.28,378089,USD,-2.98632430923806
2026-03-26,SNA.N,362.0,100682,USD,-1.52875251618519
2026-03-26,SNCY.OQ,17.04,139093,USD,-0.987797791981416
2026-03-26,SNDK.OQ,603.17,3992548,USD,-11.0184993951554
2026-03-26,SNDR.N,25.73,215992,USD,-0.464216634429404
2026-03-26,SNDX.OQ,24.7,480906,USD,2.06611570247934
2026-03-26,SNEX.OQ,77.96,312437,USD,2.91069896376477
2026-03-26,SNOW.N,162.33,874700,USD,1.07091712844779
2026-03-26,SNPS.OQ,401.95,564313,USD,-1.99448955209324
2026-03-26,SNX.N,159.64,111845,USD,-2.52182939488308
2026-03-26,SO.N,95.42,1276925,USD,0.856146284747915
2026-03-26,SOC.N,17.92,1225914,USD,1.30016958733748
2026-03-26,SOFI.OQ,15.87,11928453,USD,-4.16666666666666
2026-03-26,SOLS.OQ,74.43,392521,USD,-2.51473477406678
2026-03-26,SOLV.N,64.71,354281,USD,0.10829207920791
2026-03-26,SON.N,53.56,228871,USD,0.262074129539499
2026-03-26,SONO.OQ,12.81,391075,USD,-3.39366515837104
2026-03-26,SOUN.OQ,6.06,2819699,USD,-6.48148148148149
2026-03-26,SPB.N,75.57,78772,USD,0.305282718343496
2026-03-26,SPG.N,181.8,509909,USD,0.12667290852014
2026-03-26,SPGI.N,412.45,672834,USD,0.971895808852323
2026-03-26,SPHR.N,108.33,213111,USD,-6.46693144534622
2026-03-26,SPNT.N,21.29,263684,USD,-1.02278010227802
2026-03-26,SPOT.N,478.18,387621,USD,1.05027366285582
2026-03-26,SPRY.OQ,8.56,596258,USD,8.35443037974684
2026-03-26,SPSC.OQ,55.1,263315,USD,0.181818181818184
2026-03-26,SPT.OQ,5.74,433191,USD,3.05206463195691
2026-03-26,SPXC.N,200.45,174218,USD,-0.407412927907796
2026-03-26,SR.N,91.09,90873,USD,0.941932624113485
2026-03-26,SRE.N,95.54,971927,USD,0.230801510700811
2026-03-26,SRPT.OQ,21.68,2487127,USD,-8.79259570887674
2026-03-26,SRRK.OQ,44.21,476164,USD,-2.68545014307726
2026-03-26,SSB.N,91.96,172936,USD,0.272598408025297
2026-03-26,SSD.N,171.13,62187,USD,-2.11634158897215
2026-03-26,SLB.N,52.31,,USD,0.809404509539414
2026-03-26,SLDE.OQ,18.03,,USD,1.46314012380417
2026-03-26,SLDP.OQ,3.01,,USD,-2.27272727272728
2026-03-26,SLG.N,36.65,,USD,-1.42549757934374
2026-03-26,SLGN.N,38.8,,USD,-1.57280568239473
2026-03-26,SLM.OQ,20.64,,USD,1.02790014684288
2026-03-26,SLNO.OQ,31.86,,USD,0.062814070351757
2026-03-26,SLVM.N,40.3,,USD,-0.641025641025654
2026-03-26,SM.N,32.68,,USD,3.74603174603175
2026-03-26,SMA.N,30.01,,USD,-1.86396337475473
2026-03-26,SMCI.OQ,22.21,,USD,-7.65072765072765
2026-03-26,SMG.N,62.19,,USD,-8.09812324516034
2026-03-26,SMMT.OQ,17.26,,USD,-3.79041248606466
2026-03-26,SMPL.OQ,14.46,,USD,0.486448922863101
2026-03-26,SMR.N,10.99,,USD,-5.9880239520958
2026-03-26,SMTC.OQ,74.16,,USD,-7.34632683658172
2026-03-26,SN.N,104.28,,USD,-2.98632430923806
2026-03-26,SNA.N,362.0,,USD,-1.52875251618519
2026-03-26,SNCY.OQ,17.04,,USD,-0.987797791981416
2026-03-26,SNDK.OQ,603.17,,USD,-11.0184993951554
2026-03-26,SNDR.N,25.73,,USD,-0.464216634429404
2026-03-26,SNDX.OQ,24.7,,USD,2.06611570247934
2026-03-26,SNEX.OQ,77.96,,USD,2.91069896376477
2026-03-26,SNOW.N,162.33,,USD,1.07091712844779
2026-03-26,SNPS.OQ,401.95,,USD,-1.99448955209324
2026-03-26,SNX.N,159.64,,USD,-2.52182939488308
2026-03-26,SO.N,95.42,,USD,0.856146284747915
2026-03-26,SOC.N,17.92,,USD,1.30016958733748
2026-03-26,SOFI.OQ,15.87,,USD,-4.16666666666666
2026-03-26,SOLS.OQ,74.43,,USD,-2.51473477406678
2026-03-26,SOLV.N,64.71,,USD,0.10829207920791
2026-03-26,SON.N,53.56,,USD,0.262074129539499
2026-03-26,SONO.OQ,12.81,,USD,-3.39366515837104
2026-03-26,SOUN.OQ,6.06,,USD,-6.48148148148149
2026-03-26,SPB.N,75.57,,USD,0.305282718343496
2026-03-26,SPG.N,181.8,,USD,0.12667290852014
2026-03-26,SPGI.N,412.45,,USD,0.971895808852323
2026-03-26,SPHR.N,108.33,,USD,-6.46693144534622
2026-03-26,SPNT.N,21.29,,USD,-1.02278010227802
2026-03-26,SPOT.N,478.18,,USD,1.05027366285582
2026-03-26,SPRY.OQ,8.56,,USD,8.35443037974684
2026-03-26,SPSC.OQ,55.1,,USD,0.181818181818184
2026-03-26,SPT.OQ,5.74,,USD,3.05206463195691
2026-03-26,SPXC.N,200.45,,USD,-0.407412927907796
2026-03-26,SR.N,91.09,,USD,0.941932624113485
2026-03-26,SRE.N,95.54,,USD,0.230801510700811
2026-03-26,SRPT.OQ,21.68,,USD,-8.79259570887674
2026-03-26,SRRK.OQ,44.21,,USD,-2.68545014307726
2026-03-26,SSB.N,91.96,,USD,0.272598408025297
2026-03-26,SSD.N,171.13,,USD,-2.11634158897215
2026-03-27,SLB.N,,0,,
2026-03-27,SLDE.OQ,,0,,
2026-03-27,SLDP.OQ,,0,,
2026-03-27,SLG.N,,0,,
2026-03-27,SLGN.N,,0,,
2026-03-27,SLM.OQ,,0,,
2026-03-27,SLNO.OQ,,0,,
2026-03-27,SLVM.N,,0,,
2026-03-27,SM.N,,0,,
2026-03-27,SMA.N,,0,,
2026-03-27,SMCI.OQ,,0,,
2026-03-27,SMG.N,,0,,
2026-03-27,SMMT.OQ,,0,,
2026-03-27,SMPL.OQ,,0,,
2026-03-27,SMR.N,,0,,
2026-03-27,SMTC.OQ,,0,,
2026-03-27,SN.N,,0,,
2026-03-27,SNA.N,,0,,
2026-03-27,SNCY.OQ,,0,,
2026-03-27,SNDK.OQ,,0,,
2026-03-27,SNDR.N,,0,,
2026-03-27,SNDX.OQ,,0,,
2026-03-27,SNEX.OQ,,0,,
2026-03-27,SNOW.N,,0,,
2026-03-27,SNPS.OQ,,0,,
2026-03-27,SNX.N,,0,,
2026-03-27,SO.N,,0,,
2026-03-27,SOC.N,,0,,
2026-03-27,SOFI.OQ,,0,,
2026-03-27,SOLS.OQ,,0,,
2026-03-27,SOLV.N,,0,,
2026-03-27,SON.N,,0,,
2026-03-27,SONO.OQ,,0,,
2026-03-27,SOUN.OQ,,0,,
2026-03-27,SPB.N,,0,,
2026-03-27,SPG.N,,0,,
2026-03-27,SPGI.N,,0,,
2026-03-27,SPHR.N,,0,,
2026-03-27,SPNT.N,,0,,
2026-03-27,SPOT.N,,0,,
2026-03-27,SPRY.OQ,,0,,
2026-03-27,SPSC.OQ,,0,,
2026-03-27,SPT.OQ,,0,,
2026-03-27,SPXC.N,,0,,
2026-03-27,SR.N,,0,,
2026-03-27,SRE.N,,0,,
2026-03-27,SRPT.OQ,,0,,
2026-03-27,SRRK.OQ,,0,,
2026-03-27,SSB.N,,0,,
2026-03-27,SSD.N,,0,,
2026-03-24,SSNC.OQ,67.7,1994271,USD,-5.00912024694822
2026-03-24,SSRM.OQ,24.44,775919,USD,0.700453234445825
2026-03-24,ST.N,36.32,683877,USD,5.00144550448105
2026-03-24,STAA.OQ,18.97,316747,USD,2.48514316585628
2026-03-24,STAG.N,36.3,1091020,USD,-1.8388318009735
2026-03-24,STC.N,58.46,96538,USD,-1.19993239817475
2026-03-24,STE.N,221.73,222197,USD,0.330316742081443
2026-03-24,STEP.OQ,47.34,354055,USD,-0.629722921914352
2026-03-24,STLD.OQ,169.7,428131,USD,1.83629380700912
2026-03-24,STNE.OQ,13.98,755707,USD,-0.568990042674254
2026-03-24,STNG.N,75.12,432408,USD,6.28183361629881
2026-03-24,STOK.OQ,32.18,198758,USD,-3.65269461077844
2026-03-24,STRA.OQ,81.75,102562,USD,-2.5160982590031
2026-03-24,STRL.OQ,446.16,105093,USD,5.5875044373447
2026-03-24,STT.N,126.28,867324,USD,2.47504666071573
2026-03-24,STWD.N,17.37,1128945,USD,-0.115008625646921
2026-03-24,STZ.N,152.68,480965,USD,0.144300144300144
2026-03-24,SUI.N,128.76,227598,USD,-0.216986980781154
2026-03-24,SUPN.OQ,49.38,242745,USD,0.263959390862949
2026-03-24,SW.N,39.86,1800635,USD,2.99741602067183
2026-03-24,SWK.N,71.58,511982,USD,2.38878558146188
2026-03-24,SWKS.OQ,55.36,1252190,USD,1.59662323362084
2026-03-24,SWX.N,86.35,195669,USD,0.605848770826047
2026-03-24,SXI.N,259.94,21605,USD,2.26208741492584
2026-03-24,SXT.N,84.78,95226,USD,-0.058941412236234
2026-03-24,SYF.N,67.27,1475621,USD,1.08189331329827
2026-03-24,SYK.N,328.51,738886,USD,-1.22673562043356
2026-03-24,SYNA.OQ,76.14,258829,USD,4.43011932519545
2026-03-24,SYRE.OQ,42.22,298699,USD,-1.26286248830683
2026-03-24,SYY.N,82.34,944021,USD,0.90686274509805
2026-03-24,T.N,28.87,9960610,USD,0.382475660639775
2026-03-24,TALO.N,15.65,920412,USD,3.36856010568032
2026-03-24,TAP.N,41.16,676004,USD,-1.85979971387697
2026-03-24,TARS.OQ,63.15,129031,USD,-1.52814595353188
2026-03-24,TBBK.OQ,52.95,315782,USD,-1.4700409378489
2026-03-24,TCBI.OQ,94.58,152087,USD,0.649143343620304
2026-03-24,TDC.N,26.11,463899,USD,-3.08092056421678
2026-03-24,TDG.N,1162.78,126926,USD,0.850846075786876
2026-03-24,TDOC.N,5.42,1086101,USD,-1.09489051094891
2026-03-24,TDS.N,43.06,271938,USD,0.069718800836628
2026-03-24,TDUP.OQ,3.46,638394,USD,-0.288184438040352
2026-03-24,TDW.N,76.9,250325,USD,1.93531283138919
2026-03-24,TDY.N,626.06,91023,USD,0.362295607566526
2026-03-24,TE.N,6.61,2202607,USD,-3.3625730994152
2026-03-24,TEAM.OQ,68.17,2184002,USD,-8.3859696277382
2026-03-24,TECH.OQ,52.43,572391,USD,0.826923076923076
2026-03-24,TEM.OQ,48.83,909073,USD,-0.630850630850635
2026-03-24,TENB.OQ,18.94,1211840,USD,-6.56142081894424
2026-03-24,TER.OQ,320.14,1442401,USD,5.33693077125558
2026-03-24,TERN.OQ,50.0,617628,USD,0.786131828260432
2026-03-25,SSNC.OQ,67.44,1056069,USD,-0.38404726735599
2026-03-25,SSRM.OQ,26.08,1714603,USD,6.7103109656301
2026-03-25,ST.N,36.4,433430,USD,0.220264317180612
2026-03-25,STAA.OQ,19.19,277409,USD,1.15972588297313
2026-03-25,STAG.N,35.98,725832,USD,-0.881542699724519
2026-03-25,STC.N,58.62,56610,USD,0.273691412931913
2026-03-25,STE.N,223.38,226052,USD,0.744148288458939
2026-03-25,STEP.OQ,47.79,214373,USD,0.950570342205314
2026-03-25,STLD.OQ,173.47,423235,USD,2.22156747200943
2026-03-25,STNE.OQ,14.36,1054753,USD,2.71816881258941
2026-03-25,STNG.N,72.39,244146,USD,-3.63418530351438
2026-03-25,STOK.OQ,33.79,261326,USD,5.00310752019888
2026-03-25,STRA.OQ,83.49,214441,USD,2.12844036697247
2026-03-25,STRL.OQ,452.92,137251,USD,1.51515151515151
2026-03-25,STT.N,126.92,514984,USD,0.506810262907824
2026-03-25,STWD.N,17.48,892666,USD,0.633275762809438
2026-03-25,STZ.N,151.56,390913,USD,-0.733560387739065
2026-03-25,SUI.N,127.64,229373,USD,-0.869835352593966
2026-03-25,SUPN.OQ,50.06,155101,USD,1.37707573916565
2026-03-25,SW.N,40.67,1348154,USD,2.03211239337682
2026-03-25,SWK.N,71.85,291270,USD,0.377200335289181
2026-03-25,SWKS.OQ,56.19,856148,USD,1.4992774566474
2026-03-25,SWX.N,85.82,145033,USD,-0.613781123335265
2026-03-25,SXI.N,260.07,24606,USD,0.050011541124873
2026-03-25,SXT.N,86.79,78646,USD,2.37084217975938
2026-03-25,SYF.N,67.63,777252,USD,0.535156830682324
2026-03-25,SYK.N,327.65,422746,USD,-0.261788073422427
2026-03-25,SYNA.OQ,74.96,170047,USD,-1.5497767270817
2026-03-25,SYRE.OQ,45.68,220910,USD,8.19516816674562
2026-03-25,SYY.N,82.8,780995,USD,0.558659217877087
2026-03-25,T.N,28.81,9407595,USD,-0.207828195358512
2026-03-25,TALO.N,16.28,1406627,USD,4.02555910543131
2026-03-25,TAP.N,41.27,792801,USD,0.267249757045691
2026-03-25,TARS.OQ,66.96,145261,USD,6.03325415676959
2026-03-25,TBBK.OQ,52.5,191820,USD,-0.849858356940515
2026-03-25,TCBI.OQ,95.1,156896,USD,0.549799111862969
2026-03-25,TDC.N,26.01,508375,USD,-0.382995021064718
2026-03-25,TDG.N,1156.49,102773,USD,-0.540944976693782
2026-03-25,TDOC.N,5.57,819211,USD,2.76752767527676
2026-03-25,TDS.N,43.11,283473,USD,0.116117045982344
2026-03-25,TDUP.OQ,3.38,596271,USD,-2.3121387283237
2026-03-25,TDW.N,77.82,153786,USD,1.19635890767228
2026-03-25,TDY.N,625.37,82867,USD,-0.110213078618653
2026-03-25,TE.N,6.68,1642361,USD,1.05900151285929
2026-03-25,TEAM.OQ,66.46,1888928,USD,-2.50843479536454
2026-03-25,TECH.OQ,52.69,640648,USD,0.495899294297154
2026-03-25,TEM.OQ,46.76,1544447,USD,-4.23919721482695
2026-03-25,TENB.OQ,18.11,1075742,USD,-4.38225976768744
2026-03-25,TER.OQ,323.36,854510,USD,1.00580995814332
2026-03-25,TERN.OQ,52.86,14952570,USD,5.72
2026-03-26,SSNC.OQ,67.16,961718,USD,-0.415183867141164
2026-03-26,SSRM.OQ,24.66,996049,USD,-5.44478527607361
2026-03-26,ST.N,35.53,328956,USD,-2.39010989010988
2026-03-26,STAA.OQ,18.64,241232,USD,-2.86607608129234
2026-03-26,STAG.N,36.32,513046,USD,0.944969427459709
2026-03-26,STC.N,59.38,91261,USD,1.2964858410099
2026-03-26,STE.N,223.43,127206,USD,0.02238338257678
2026-03-26,STEP.OQ,46.85,274996,USD,-1.96693869010253
2026-03-26,STLD.OQ,174.42,382917,USD,0.547645125958372
2026-03-26,STNE.OQ,14.0,1409699,USD,-2.50696378830083
2026-03-26,STNG.N,73.91,335512,USD,2.09973753280839
2026-03-26,STOK.OQ,33.7,292485,USD,-0.266350991417568
2026-03-26,STRA.OQ,83.45,98996,USD,-0.047909929332845
2026-03-26,STRL.OQ,415.93,109421,USD,-8.16700521063323
2026-03-26,STT.N,125.66,485635,USD,-0.992751339426414
2026-03-26,STWD.N,17.45,868704,USD,-0.171624713958817
2026-03-26,STZ.N,150.41,357450,USD,-0.758775402480869
2026-03-26,SUI.N,127.83,152708,USD,0.148856157944216
2026-03-26,SUPN.OQ,50.795,139950,USD,1.46823811426288
2026-03-26,SW.N,40.44,1381448,USD,-0.565527415785601
2026-03-26,SWK.N,70.81,323969,USD,-1.4474599860821
2026-03-26,SWKS.OQ,56.66,1298427,USD,0.836447766506494
2026-03-26,SWX.N,86.57,190653,USD,0.873922162666045
2026-03-26,SXI.N,255.52,27302,USD,-1.74952897296881
2026-03-26,SXT.N,87.0,55641,USD,0.241963359834075
2026-03-26,SYF.N,66.8,803345,USD,-1.22726600621026
2026-03-26,SYK.N,332.68,582230,USD,1.5351747291317
2026-03-26,SYNA.OQ,73.18,172829,USD,-2.37459978655281
2026-03-26,SYRE.OQ,47.52,396441,USD,4.02802101576183
2026-03-26,SYY.N,82.64,702147,USD,-0.193236714975841
2026-03-26,T.N,28.92,7871582,USD,0.381811870878178
2026-03-26,TALO.N,16.55,1009062,USD,1.65847665847666
2026-03-26,TAP.N,41.91,860550,USD,1.55076326629511
2026-03-26,TARS.OQ,67.2,316701,USD,0.358422939068114
2026-03-26,TBBK.OQ,52.45,193272,USD,-0.09523809523809
2026-03-26,TCBI.OQ,94.68,129389,USD,-0.441640378548883
2026-03-26,TDC.N,26.23,566652,USD,0.845828527489423
2026-03-26,TDG.N,1151.94,62843,USD,-0.393431849821438
2026-03-26,TDOC.N,5.52,723371,USD,-0.897666068222634
2026-03-26,TDS.N,43.2,192305,USD,0.20876826722339
2026-03-26,TDUP.OQ,3.4,695457,USD,0.591715976331362
2026-03-26,TDW.N,80.8,235593,USD,3.82934978154717
2026-03-26,TDY.N,611.08,70964,USD,-2.28504725202679
2026-03-26,TE.N,6.28,1847841,USD,-5.9880239520958
2026-03-26,TEAM.OQ,68.13,1584122,USD,2.51278964790852
2026-03-26,TECH.OQ,52.7,609656,USD,0.018978933383954
2026-03-26,TEM.OQ,45.53,1638896,USD,-2.63045337895637
2026-03-26,TENB.OQ,18.29,1123721,USD,0.993926007730534
2026-03-26,TER.OQ,297.34,1294920,USD,-8.04675903018309
2026-03-26,TERN.OQ,53.17,4586447,USD,0.586454786227776
2026-03-26,SSNC.OQ,67.16,,USD,-0.415183867141164
2026-03-26,SSRM.OQ,24.66,,USD,-5.44478527607361
2026-03-26,ST.N,35.53,,USD,-2.39010989010988
2026-03-26,STAA.OQ,18.64,,USD,-2.86607608129234
2026-03-26,STAG.N,36.32,,USD,0.944969427459709
2026-03-26,STC.N,59.38,,USD,1.2964858410099
2026-03-26,STE.N,223.43,,USD,0.02238338257678
2026-03-26,STEP.OQ,46.85,,USD,-1.96693869010253
2026-03-26,STLD.OQ,174.42,,USD,0.547645125958372
2026-03-26,STNE.OQ,14.0,,USD,-2.50696378830083
2026-03-26,STNG.N,73.91,,USD,2.09973753280839
2026-03-26,STOK.OQ,33.7,,USD,-0.266350991417568
2026-03-26,STRA.OQ,83.45,,USD,-0.047909929332845
2026-03-26,STRL.OQ,415.93,,USD,-8.16700521063323
2026-03-26,STT.N,125.66,,USD,-0.992751339426414
2026-03-26,STWD.N,17.45,,USD,-0.171624713958817
2026-03-26,STZ.N,150.41,,USD,-0.758775402480869
2026-03-26,SUI.N,127.83,,USD,0.148856157944216
2026-03-26,SUPN.OQ,50.795,,USD,1.46823811426288
2026-03-26,SW.N,40.44,,USD,-0.565527415785601
2026-03-26,SWK.N,70.81,,USD,-1.4474599860821
2026-03-26,SWKS.OQ,56.66,,USD,0.836447766506494
2026-03-26,SWX.N,86.57,,USD,0.873922162666045
2026-03-26,SXI.N,255.52,,USD,-1.74952897296881
2026-03-26,SXT.N,87.0,,USD,0.241963359834075
2026-03-26,SYF.N,66.8,,USD,-1.22726600621026
2026-03-26,SYK.N,332.68,,USD,1.5351747291317
2026-03-26,SYNA.OQ,73.18,,USD,-2.37459978655281
2026-03-26,SYRE.OQ,47.52,,USD,4.02802101576183
2026-03-26,SYY.N,82.64,,USD,-0.193236714975841
2026-03-26,T.N,28.92,,USD,0.381811870878178
2026-03-26,TALO.N,16.55,,USD,1.65847665847666
2026-03-26,TAP.N,41.91,,USD,1.55076326629511
2026-03-26,TARS.OQ,67.2,,USD,0.358422939068114
2026-03-26,TBBK.OQ,52.45,,USD,-0.09523809523809
2026-03-26,TCBI.OQ,94.68,,USD,-0.441640378548883
2026-03-26,TDC.N,26.23,,USD,0.845828527489423
2026-03-26,TDG.N,1151.94,,USD,-0.393431849821438
2026-03-26,TDOC.N,5.52,,USD,-0.897666068222634
2026-03-26,TDS.N,43.2,,USD,0.20876826722339
2026-03-26,TDUP.OQ,3.4,,USD,0.591715976331362
2026-03-26,TDW.N,80.8,,USD,3.82934978154717
2026-03-26,TDY.N,611.08,,USD,-2.28504725202679
2026-03-26,TE.N,6.28,,USD,-5.9880239520958
2026-03-26,TEAM.OQ,68.13,,USD,2.51278964790852
2026-03-26,TECH.OQ,52.7,,USD,0.018978933383954
2026-03-26,TEM.OQ,45.53,,USD,-2.63045337895637
2026-03-26,TENB.OQ,18.29,,USD,0.993926007730534
2026-03-26,TER.OQ,297.34,,USD,-8.04675903018309
2026-03-26,TERN.OQ,53.17,,USD,0.586454786227776
2026-03-27,SSNC.OQ,,0,,
2026-03-27,SSRM.OQ,,0,,
2026-03-27,ST.N,,0,,
2026-03-27,STAA.OQ,,0,,
2026-03-27,STAG.N,,0,,
2026-03-27,STC.N,,0,,
2026-03-27,STE.N,,0,,
2026-03-27,STEP.OQ,,0,,
2026-03-27,STLD.OQ,,0,,
2026-03-27,STNE.OQ,,0,,
2026-03-27,STNG.N,,0,,
2026-03-27,STOK.OQ,,0,,
2026-03-27,STRA.OQ,,0,,
2026-03-27,STRL.OQ,,0,,
2026-03-27,STT.N,,0,,
2026-03-27,STWD.N,,0,,
2026-03-27,STZ.N,,0,,
2026-03-27,SUI.N,,0,,
2026-03-27,SUPN.OQ,,0,,
2026-03-27,SW.N,,0,,
2026-03-27,SWK.N,,0,,
2026-03-27,SWKS.OQ,,0,,
2026-03-27,SWX.N,,0,,
2026-03-27,SXI.N,,0,,
2026-03-27,SXT.N,,0,,
2026-03-27,SYF.N,,0,,
2026-03-27,SYK.N,,0,,
2026-03-27,SYNA.OQ,,0,,
2026-03-27,SYRE.OQ,,0,,
2026-03-27,SYY.N,,0,,
2026-03-27,T.N,,0,,
2026-03-27,TALO.N,,0,,
2026-03-27,TAP.N,,0,,
2026-03-27,TARS.OQ,,0,,
2026-03-27,TBBK.OQ,,0,,
2026-03-27,TCBI.OQ,,0,,
2026-03-27,TDC.N,,0,,
2026-03-27,TDG.N,,0,,
2026-03-27,TDOC.N,,0,,
2026-03-27,TDS.N,,0,,
2026-03-27,TDUP.OQ,,0,,
2026-03-27,TDW.N,,0,,
2026-03-27,TDY.N,,0,,
2026-03-27,TE.N,,0,,
2026-03-27,TEAM.OQ,,0,,
2026-03-27,TECH.OQ,,0,,
2026-03-27,TEM.OQ,,0,,
2026-03-27,TENB.OQ,,0,,
2026-03-27,TER.OQ,,0,,
2026-03-27,TERN.OQ,,0,,
2026-03-24,TEX.N,60.62,335403,USD,1.84811827956988
2026-03-24,TFC.N,45.32,2939888,USD,1.02541239411503
2026-03-24,TFX.N,106.56,382576,USD,0.670760510155888
2026-03-24,TGLS.N,40.88,140330,USD,1.13805047006433
2026-03-24,TGT.N,115.92,1716200,USD,0.861393891934216
2026-03-24,TGTX.OQ,30.22,635474,USD,-0.755336617405584
2026-03-24,THC.N,199.63,279196,USD,-1.85831571702473
2026-03-24,THG.N,172.23,81043,USD,0.589884359303814
2026-03-24,THO.N,83.07,282420,USD,3.25668116842758
2026-03-24,TIC.N,7.31,996959,USD,-5.67741935483872
2026-03-24,TIGO.OQ,75.07,570315,USD,0.697518443997312
2026-03-24,TJX.N,158.38,1316555,USD,1.20127795527156
2026-03-24,TKO.N,193.48,416065,USD,-0.411776816965211
2026-03-24,TKR.N,101.03,199637,USD,2.06081422365896
2026-03-24,TLN.OQ,315.77,170402,USD,1.52723297537136
2026-03-24,TMDX.OQ,108.92,267551,USD,-2.81941470378301
2026-03-24,TMHC.N,58.92,371076,USD,-0.674308833445716
2026-03-24,TMO.N,490.29,525120,USD,2.54538609554087
2026-03-24,TMUS.OQ,211.26,1588240,USD,1.19754742287795
2026-03-24,TNDM.OQ,24.51,672751,USD,-2.31167795934635
2026-03-24,TNET.N,37.94,171772,USD,-2.46786632390746
2026-03-24,TNGX.OQ,19.48,669531,USD,2.74261603375527
2026-03-24,TNK.N,72.99,175415,USD,5.17291066282419
2026-03-24,TNL.N,70.71,219311,USD,-0.338266384778026
2026-03-24,TOL.N,136.46,444637,USD,-1.10160892883025
2026-03-24,TOST.N,26.61,3196595,USD,-3.44702467343977
2026-03-24,TOWN.OQ,33.32,355295,USD,0.421940928270044
2026-03-24,TPB.N,86.83,84058,USD,-0.481375358166191
2026-03-24,TPC.N,75.25,124983,USD,3.87907233572612
2026-03-24,TPG.OQ,40.1,991999,USD,0.350350350350352
2026-03-24,TPH.N,46.7,635767,USD,0.021417862497334
2026-03-24,TPL.N,535.26,136373,USD,1.39996590069524
2026-03-24,TPR.N,144.02,503814,USD,-0.276969948760544
2026-03-24,TREE.OQ,42.23,52279,USD,-1.10070257611243
2026-03-24,TREX.N,36.72,482285,USD,-0.541711809317451
2026-03-24,TRGP.N,246.1,422959,USD,2.57585861953985
2026-03-24,TRIP.OQ,9.72,1008577,USD,-3.18725099601592
2026-03-24,TRMB.OQ,65.38,1347068,USD,-2.16968427352986
2026-03-24,TRMK.OQ,42.065,280206,USD,0.585844093735049
2026-03-24,TRN.N,31.29,224746,USD,2.22149624305782
2026-03-24,TRNO.N,61.0,277347,USD,-0.032776138970834
2026-03-24,TROW.OQ,88.8,1015935,USD,0.932030006819724
2026-03-24,TROX.N,8.46,832168,USD,15.1020408163265
2026-03-24,TRS.OQ,36.61,266792,USD,3.68167657887283
2026-03-24,TRU.N,68.62,1199545,USD,-4.13523330539256
2026-03-24,TRUP.OQ,25.57,132042,USD,-2.62757044935263
2026-03-24,TRV.N,293.01,410458,USD,-0.849350297780181
2026-03-24,TRVI.OQ,10.64,603308,USD,-1.11524163568773
2026-03-24,TSCO.OQ,45.49,2066257,USD,-0.39413181519597
2026-03-24,TSHA.OQ,4.13,1248858,USD,-9.03083700440529
2026-03-25,TEX.N,60.9,619470,USD,0.461893764434182
2026-03-25,TFC.N,45.39,2394037,USD,0.154457193292145
2026-03-25,TFX.N,108.18,252424,USD,1.52027027027027
2026-03-25,TGLS.N,41.87,92632,USD,2.42172211350292
2026-03-25,TGT.N,116.37,1010823,USD,0.388198757763978
2026-03-25,TGTX.OQ,31.82,780469,USD,5.29450694904038
2026-03-25,THC.N,200.04,154299,USD,0.205379952912887
2026-03-25,THG.N,170.5,98079,USD,-1.00447076583638
2026-03-25,THO.N,81.62,224247,USD,-1.74551583002286
2026-03-25,TIC.N,7.37,922210,USD,0.820793433652538
2026-03-25,TIGO.OQ,76.95,414756,USD,2.5043292926602
2026-03-25,TJX.N,159.74,1070434,USD,0.858694279580764
2026-03-25,TKO.N,193.94,185113,USD,0.237750671904077
2026-03-25,TKR.N,101.9,123364,USD,0.861130357319612
2026-03-25,TLN.OQ,328.29,212965,USD,3.96491116952213
2026-03-25,TMDX.OQ,105.13,404954,USD,-3.47961806830702
2026-03-25,TMHC.N,59.52,279756,USD,1.01832993890021
2026-03-25,TMO.N,490.77,436671,USD,0.097901242122002
2026-03-25,TMUS.OQ,211.36,1464048,USD,0.04733503739469
2026-03-25,TNDM.OQ,24.26,419639,USD,-1.01999184006528
2026-03-25,TNET.N,36.99,151383,USD,-2.50395361096467
2026-03-25,TNGX.OQ,20.88,1015320,USD,7.18685831622176
2026-03-25,TNK.N,70.37,135448,USD,-3.58953281271406
2026-03-25,TNL.N,71.88,194271,USD,1.65464573610522
2026-03-25,TOL.N,136.91,325070,USD,0.329766964678286
2026-03-25,TOST.N,26.81,1689809,USD,0.75159714393085
2026-03-25,TOWN.OQ,33.29,247113,USD,-0.090036014405766
2026-03-25,TPB.N,88.39,95388,USD,1.79661407347691
2026-03-25,TPC.N,78.37,201227,USD,4.14617940199336
2026-03-25,TPG.OQ,40.685,688268,USD,1.45885286783043
2026-03-25,TPH.N,46.72,624142,USD,0.042826552462518
2026-03-25,TPL.N,530.36,119471,USD,-0.915442962298692
2026-03-25,TPR.N,146.18,496631,USD,1.49979169559783
2026-03-25,TREE.OQ,42.495,57764,USD,0.627515983897704
2026-03-25,TREX.N,37.3,443043,USD,1.57952069716775
2026-03-25,TRGP.N,245.46,345892,USD,-0.260056887444123
2026-03-25,TRIP.OQ,9.51,1249539,USD,-2.1604938271605
2026-03-25,TRMB.OQ,65.87,520653,USD,0.749464668094232
2026-03-25,TRMK.OQ,42.08,173113,USD,0.035659099013433
2026-03-25,TRN.N,31.67,228017,USD,1.21444550974753
2026-03-25,TRNO.N,61.66,247529,USD,1.08196721311475
2026-03-25,TROW.OQ,89.58,1064692,USD,0.87837837837838
2026-03-25,TROX.N,8.93,847831,USD,5.55555555555554
2026-03-25,TRS.OQ,37.17,200719,USD,1.52963671128108
2026-03-25,TRU.N,67.72,407571,USD,-1.31157097056253
2026-03-25,TRUP.OQ,25.5,103014,USD,-0.273758310520142
2026-03-25,TRV.N,290.59,447439,USD,-0.825910378485381
2026-03-25,TRVI.OQ,11.44,421991,USD,7.51879699248119
2026-03-25,TSCO.OQ,45.96,1354275,USD,1.03319410859529
2026-03-25,TSHA.OQ,4.58,1034216,USD,10.8958837772397
2026-03-26,TEX.N,58.57,372273,USD,-3.82594417077175
2026-03-26,TFC.N,44.97,3049507,USD,-0.925313945803044
2026-03-26,TFX.N,110.49,201334,USD,2.1353300055463
2026-03-26,TGLS.N,42.23,168338,USD,0.859804155720085
2026-03-26,TGT.N,117.0,1123706,USD,0.541376643464807
2026-03-26,TGTX.OQ,31.98,692679,USD,0.502828409805154
2026-03-26,THC.N,195.46,248815,USD,-2.28954209158168
2026-03-26,THG.N,172.28,79715,USD,1.04398826979472
2026-03-26,THO.N,81.44,162996,USD,-0.220534182798342
2026-03-26,TIC.N,7.11,1145639,USD,-3.52781546811397
2026-03-26,TIGO.OQ,73.35,804170,USD,-4.67836257309943
2026-03-26,TJX.N,157.57,1372258,USD,-1.35845749342683
2026-03-26,TKO.N,192.64,210309,USD,-0.670310405279989
2026-03-26,TKR.N,99.06,147136,USD,-2.78704612365064
2026-03-26,TLN.OQ,323.13,137388,USD,-1.57178104724482
2026-03-26,TMDX.OQ,102.2,228229,USD,-2.78702558736801
2026-03-26,TMHC.N,58.89,464996,USD,-1.05846774193549
2026-03-26,TMO.N,488.85,385199,USD,-0.391221957332347
2026-03-26,TMUS.OQ,211.59,2393403,USD,0.108819076457225
2026-03-26,TNDM.OQ,23.32,563399,USD,-3.87469084913438
2026-03-26,TNET.N,37.71,107265,USD,1.94647201946472
2026-03-26,TNGX.OQ,19.86,763317,USD,-4.88505747126437
2026-03-26,TNK.N,70.6,166074,USD,0.326843825493804
2026-03-26,TNL.N,70.69,140464,USD,-1.65553700612131
2026-03-26,TOL.N,133.23,475416,USD,-2.68789715871741
2026-03-26,TOST.N,26.39,2141088,USD,-1.56657963446474
2026-03-26,TOWN.OQ,33.4,171116,USD,0.330429558425952
2026-03-26,TPB.N,84.56,92786,USD,-4.33306935173662
2026-03-26,TPC.N,76.24,147715,USD,-2.71787673854793
2026-03-26,TPG.OQ,40.28,637397,USD,-0.995452869607966
2026-03-26,TPH.N,46.67,1060931,USD,-0.107020547945199
2026-03-26,TPL.N,522.28,109347,USD,-1.52349347612943
2026-03-26,TPR.N,141.41,589147,USD,-3.26310028731701
2026-03-26,TREE.OQ,43.46,49795,USD,2.27085539475233
2026-03-26,TREX.N,36.68,522531,USD,-1.66219839142091
2026-03-26,TRGP.N,250.5,427651,USD,2.05328770471767
2026-03-26,TRIP.OQ,9.95,1294461,USD,4.6267087276551
2026-03-26,TRMB.OQ,65.45,618752,USD,-0.637619553666315
2026-03-26,TRMK.OQ,42.3,126913,USD,0.522813688212925
2026-03-26,TRN.N,31.47,157617,USD,-0.631512472371338
2026-03-26,TRNO.N,61.78,238107,USD,0.194615634122615
2026-03-26,TROW.OQ,90.23,1138285,USD,0.725608394730973
2026-03-26,TROX.N,9.01,783476,USD,0.895856662933931
2026-03-26,TRS.OQ,36.62,166437,USD,-1.4796879203659
2026-03-26,TRU.N,68.24,671378,USD,0.767867690490248
2026-03-26,TRUP.OQ,26.04,117889,USD,2.11764705882353
2026-03-26,TRV.N,291.13,479100,USD,0.185828830999009
2026-03-26,TRVI.OQ,11.8,502349,USD,3.14685314685316
2026-03-26,TSCO.OQ,45.89,2007262,USD,-0.15230635335074
2026-03-26,TSHA.OQ,4.32,690658,USD,-5.6768558951965
2026-03-26,TEX.N,58.57,,USD,-3.82594417077175
2026-03-26,TFC.N,44.97,,USD,-0.925313945803044
2026-03-26,TFX.N,110.49,,USD,2.1353300055463
2026-03-26,TGLS.N,42.23,,USD,0.859804155720085
2026-03-26,TGT.N,117.0,,USD,0.541376643464807
2026-03-26,TGTX.OQ,31.98,,USD,0.502828409805154
2026-03-26,THC.N,195.46,,USD,-2.28954209158168
2026-03-26,THG.N,172.28,,USD,1.04398826979472
2026-03-26,THO.N,81.44,,USD,-0.220534182798342
2026-03-26,TIC.N,7.11,,USD,-3.52781546811397
2026-03-26,TIGO.OQ,73.35,,USD,-4.67836257309943
2026-03-26,TJX.N,157.57,,USD,-1.35845749342683
2026-03-26,TKO.N,192.64,,USD,-0.670310405279989
2026-03-26,TKR.N,99.06,,USD,-2.78704612365064
2026-03-26,TLN.OQ,323.13,,USD,-1.57178104724482
2026-03-26,TMDX.OQ,102.2,,USD,-2.78702558736801
2026-03-26,TMHC.N,58.89,,USD,-1.05846774193549
2026-03-26,TMO.N,488.85,,USD,-0.391221957332347
2026-03-26,TMUS.OQ,211.59,,USD,0.108819076457225
2026-03-26,TNDM.OQ,23.32,,USD,-3.87469084913438
2026-03-26,TNET.N,37.71,,USD,1.94647201946472
2026-03-26,TNGX.OQ,19.86,,USD,-4.88505747126437
2026-03-26,TNK.N,70.6,,USD,0.326843825493804
2026-03-26,TNL.N,70.69,,USD,-1.65553700612131
2026-03-26,TOL.N,133.23,,USD,-2.68789715871741
2026-03-26,TOST.N,26.39,,USD,-1.56657963446474
2026-03-26,TOWN.OQ,33.4,,USD,0.330429558425952
2026-03-26,TPB.N,84.56,,USD,-4.33306935173662
2026-03-26,TPC.N,76.24,,USD,-2.71787673854793
2026-03-26,TPG.OQ,40.28,,USD,-0.995452869607966
2026-03-26,TPH.N,46.67,,USD,-0.107020547945199
2026-03-26,TPL.N,522.28,,USD,-1.52349347612943
2026-03-26,TPR.N,141.41,,USD,-3.26310028731701
2026-03-26,TREE.OQ,43.46,,USD,2.27085539475233
2026-03-26,TREX.N,36.68,,USD,-1.66219839142091
2026-03-26,TRGP.N,250.5,,USD,2.05328770471767
2026-03-26,TRIP.OQ,9.95,,USD,4.6267087276551
2026-03-26,TRMB.OQ,65.45,,USD,-0.637619553666315
2026-03-26,TRMK.OQ,42.3,,USD,0.522813688212925
2026-03-26,TRN.N,31.47,,USD,-0.631512472371338
2026-03-26,TRNO.N,61.78,,USD,0.194615634122615
2026-03-26,TROW.OQ,90.23,,USD,0.725608394730973
2026-03-26,TROX.N,9.01,,USD,0.895856662933931
2026-03-26,TRS.OQ,36.62,,USD,-1.4796879203659
2026-03-26,TRU.N,68.24,,USD,0.767867690490248
2026-03-26,TRUP.OQ,26.04,,USD,2.11764705882353
2026-03-26,TRV.N,291.13,,USD,0.185828830999009
2026-03-26,TRVI.OQ,11.8,,USD,3.14685314685316
2026-03-26,TSCO.OQ,45.89,,USD,-0.15230635335074
2026-03-26,TSHA.OQ,4.32,,USD,-5.6768558951965
2026-03-27,TEX.N,,0,,
2026-03-27,TFC.N,,0,,
2026-03-27,TFX.N,,0,,
2026-03-27,TGLS.N,,0,,
2026-03-27,TGT.N,,0,,
2026-03-27,TGTX.OQ,,0,,
2026-03-27,THC.N,,0,,
2026-03-27,THG.N,,0,,
2026-03-27,THO.N,,0,,
2026-03-27,TIC.N,,0,,
2026-03-27,TIGO.OQ,,0,,
2026-03-27,TJX.N,,0,,
2026-03-27,TKO.N,,0,,
2026-03-27,TKR.N,,0,,
2026-03-27,TLN.OQ,,0,,
2026-03-27,TMDX.OQ,,0,,
2026-03-27,TMHC.N,,0,,
2026-03-27,TMO.N,,0,,
2026-03-27,TMUS.OQ,,0,,
2026-03-27,TNDM.OQ,,0,,
2026-03-27,TNET.N,,0,,
2026-03-27,TNGX.OQ,,0,,
2026-03-27,TNK.N,,0,,
2026-03-27,TNL.N,,0,,
2026-03-27,TOL.N,,0,,
2026-03-27,TOST.N,,0,,
2026-03-27,TOWN.OQ,,0,,
2026-03-27,TPB.N,,0,,
2026-03-27,TPC.N,,0,,
2026-03-27,TPG.OQ,,0,,
2026-03-27,TPH.N,,0,,
2026-03-27,TPL.N,,0,,
2026-03-27,TPR.N,,0,,
2026-03-27,TREE.OQ,,0,,
2026-03-27,TREX.N,,0,,
2026-03-27,TRGP.N,,0,,
2026-03-27,TRIP.OQ,,0,,
2026-03-27,TRMB.OQ,,0,,
2026-03-27,TRMK.OQ,,0,,
2026-03-27,TRN.N,,0,,
2026-03-27,TRNO.N,,0,,
2026-03-27,TROW.OQ,,0,,
2026-03-27,TROX.N,,0,,
2026-03-27,TRS.OQ,,0,,
2026-03-27,TRU.N,,0,,
2026-03-27,TRUP.OQ,,0,,
2026-03-27,TRV.N,,0,,
2026-03-27,TRVI.OQ,,0,,
2026-03-27,TSCO.OQ,,0,,
2026-03-27,TSHA.OQ,,0,,
2026-03-24,TSLA.OQ,383.03,14335832,USD,0.572403833530248
2026-03-24,TSN.N,60.89,1101740,USD,1.99329983249581
2026-03-24,TT.N,430.08,475556,USD,1.20958252929825
2026-03-24,TTC.N,95.26,249821,USD,1.86056458511549
2026-03-24,TTD.OQ,22.34,8786724,USD,-6.7223382045929
2026-03-24,TTEK.OQ,31.66,1443774,USD,1.40935297885971
2026-03-24,TTI.N,8.51,449769,USD,4.16156670746634
2026-03-24,TTMI.OQ,106.99,748476,USD,5.4920134095839
2026-03-24,TTWO.OQ,191.37,872790,USD,-4.71519617606055
2026-03-24,TVTX.OQ,26.79,355991,USD,-3.45945945945946
2026-03-24,TW.OQ,123.33,556843,USD,-0.668492268041236
2026-03-24,TWLO.N,122.79,505016,USD,-3.38342906601621
2026-03-24,TWO.N,11.36,626472,USD,-0.263388937664628
2026-03-24,TWST.OQ,47.49,486676,USD,6.71910112359551
2026-03-24,TXG.OQ,19.81,803658,USD,3.5005224660397
2026-03-24,TXN.OQ,194.63,2652915,USD,3.18083019668133
2026-03-24,TXNM.N,58.5,394746,USD,0.136939404313588
2026-03-24,TXRH.OQ,167.92,362250,USD,0.430622009569377
2026-03-24,TXT.N,90.58,535326,USD,1.74098618443221
2026-03-24,TYL.N,338.27,129156,USD,-3.09948723824801
2026-03-24,U.N,18.14,1739888,USD,-2.73458445040213
2026-03-24,UA.N,5.9,603213,USD,-1.00671140939597
2026-03-24,UAA.N,6.04,1340531,USD,-1.78861788617887
2026-03-24,UAL.OQ,93.56,1810561,USD,-0.425713069391221
2026-03-24,UBER.N,72.34,3573745,USD,-3.70074547390841
2026-03-24,UBSI.OQ,40.85,752167,USD,1.2642538423401
2026-03-24,UCB.N,31.08,294115,USD,1.40293637846656
2026-03-24,UCTT.OQ,65.27,343817,USD,6.78992146596859
2026-03-24,UDR.N,34.11,1301532,USD,-0.437828371278455
2026-03-24,UE.N,20.23,489241,USD,-0.049407114624496
2026-03-24,UEC.A,13.19,1334951,USD,5.43565147881694
2026-03-24,UFPI.OQ,91.13,183597,USD,1.95793242336093
2026-03-24,UFPT.OQ,189.57,66572,USD,0.429116338207249
2026-03-24,UGI.N,36.54,478909,USD,1.55642023346304
2026-03-24,UHALb.N,41.79,142782,USD,-0.712758374910915
2026-03-24,UHS.N,185.92,213323,USD,-1.15370301451434
2026-03-24,UI.N,834.48,31588,USD,3.10368686369477
2026-03-24,ULCC.OQ,3.48,942200,USD,0.0
2026-03-24,ULTA.OQ,515.22,324538,USD,-0.172443858867293
2026-03-24,UMBF.OQ,111.65,164964,USD,0.486004860048606
2026-03-24,UNF.N,263.54,51523,USD,-1.01040453743004
2026-03-24,UNFI.N,41.26,260013,USD,3.56425702811244
2026-03-24,UNH.N,272.28,1245411,USD,1.01654670920826
2026-03-24,UNIT.OQ,7.89,761681,USD,1.54440154440155
2026-03-24,UNM.N,73.84,564164,USD,0.805460750853247
2026-03-24,UNP.N,239.67,678730,USD,0.545370642278803
2026-03-24,UPB.OQ,8.45,275249,USD,0.0
2026-03-24,UPBD.OQ,18.46,302634,USD,-0.592353257942916
2026-03-24,UPS.N,98.44,1186559,USD,0.788368997645128
2026-03-25,TSLA.OQ,385.95,11418667,USD,0.762342375270871
2026-03-25,TSN.N,61.45,703917,USD,0.919691246510104
2026-03-25,TT.N,434.0,228748,USD,0.911458333333337
2026-03-25,TTC.N,95.66,187453,USD,0.419903422212882
2026-03-25,TTD.OQ,21.97,4348533,USD,-1.65622202327664
2026-03-25,TTEK.OQ,31.61,849920,USD,-0.157927984838916
2026-03-25,TTI.N,8.42,345706,USD,-1.05757931844888
2026-03-25,TTMI.OQ,108.0,440820,USD,0.944013459201799
2026-03-25,TTWO.OQ,193.05,645543,USD,0.877880545540057
2026-03-25,TVTX.OQ,27.56,400306,USD,2.87420679357969
2026-03-25,TW.OQ,119.95,385700,USD,-2.7406146112057
2026-03-25,TWLO.N,125.43,355161,USD,2.1500122159785
2026-03-25,TWO.N,11.32,633034,USD,-0.352112676056331
2026-03-25,TWST.OQ,48.64,638592,USD,2.42156243419667
2026-03-25,TXG.OQ,20.91,1084244,USD,5.55275113579001
2026-03-25,TXN.OQ,196.77,1893072,USD,1.09952217027181
2026-03-25,TXNM.N,58.29,303779,USD,-0.35897435897436
2026-03-25,TXRH.OQ,169.08,327529,USD,0.690805145307304
2026-03-25,TXT.N,90.71,346085,USD,0.143519540737465
2026-03-25,TYL.N,331.47,125212,USD,-2.01022851568273
2026-03-25,U.N,17.8,1913782,USD,-1.87431091510474
2026-03-25,UA.N,5.85,725757,USD,-0.847457627118656
2026-03-25,UAA.N,5.98,995410,USD,-0.993377483443702
2026-03-25,UAL.OQ,92.95,2604323,USD,-0.651988029072252
2026-03-25,UBER.N,73.08,2648695,USD,1.02294719380701
2026-03-25,UBSI.OQ,40.85,493877,USD,0.0
2026-03-25,UCB.N,31.21,228201,USD,0.418275418275426
2026-03-25,UCTT.OQ,65.04,252589,USD,-0.352382411521357
2026-03-25,UDR.N,33.93,1138663,USD,-0.527704485488126
2026-03-25,UE.N,20.18,282814,USD,-0.247157686604057
2026-03-25,UEC.A,13.44,1136229,USD,1.89537528430629
2026-03-25,UFPI.OQ,92.0,142881,USD,0.954680127290689
2026-03-25,UFPT.OQ,190.07,47086,USD,0.263754813525347
2026-03-25,UGI.N,36.41,315335,USD,-0.355774493705535
2026-03-25,UHALb.N,42.86,154851,USD,2.56042115338598
2026-03-25,UHS.N,186.72,195752,USD,0.430292598967304
2026-03-25,UI.N,839.05,15377,USD,0.547646438500615
2026-03-25,ULCC.OQ,3.7,2098050,USD,6.32183908045978
2026-03-25,ULTA.OQ,526.14,192755,USD,2.11948293932688
2026-03-25,UMBF.OQ,112.72,174196,USD,0.958351992834745
2026-03-25,UNF.N,262.21,67978,USD,-0.504667223191941
2026-03-25,UNFI.N,43.56,253472,USD,5.57440620455648
2026-03-25,UNH.N,270.55,1467235,USD,-0.635375348905524
2026-03-25,UNIT.OQ,7.87,441166,USD,-0.253485424588081
2026-03-25,UNM.N,74.5,274803,USD,0.893824485373776
2026-03-25,UNP.N,241.33,629501,USD,0.692619017816174
2026-03-25,UPB.OQ,9.47,209836,USD,12.0710059171598
2026-03-25,UPBD.OQ,18.33,299109,USD,-0.70422535211269
2026-03-25,UPS.N,98.37,949499,USD,-0.071109305160497
2026-03-26,TSLA.OQ,372.11,14115394,USD,-3.58595673014639
2026-03-26,TSN.N,62.96,938222,USD,2.45728234336859
2026-03-26,TT.N,407.13,402227,USD,-6.19124423963134
2026-03-26,TTC.N,93.81,199642,USD,-1.93393267823541
2026-03-26,TTD.OQ,21.74,3713658,USD,-1.04688211197087
2026-03-26,TTEK.OQ,30.41,1149323,USD,-3.79626700411262
2026-03-26,TTI.N,8.4,346692,USD,-0.237529691211396
2026-03-26,TTMI.OQ,95.93,561014,USD,-11.1759259259259
2026-03-26,TTWO.OQ,194.72,637075,USD,0.865060865060858
2026-03-26,TVTX.OQ,27.92,389781,USD,1.30624092888245
2026-03-26,TW.OQ,117.64,993667,USD,-1.92580241767403
2026-03-26,TWLO.N,126.1,678494,USD,0.534162481065126
2026-03-26,TWO.N,11.4,857907,USD,0.706713780918728
2026-03-26,TWST.OQ,46.75,386164,USD,-3.88569078947369
2026-03-26,TXG.OQ,20.43,469335,USD,-2.29555236728838
2026-03-26,TXN.OQ,193.41,2955600,USD,-1.70757737459979
2026-03-26,TXNM.N,58.25,454386,USD,-0.068622405215301
2026-03-26,TXRH.OQ,166.35,224406,USD,-1.61462029808376
2026-03-26,TXT.N,88.89,385290,USD,-2.00639400286627
2026-03-26,TYL.N,341.07,136730,USD,2.89618970042537
2026-03-26,U.N,17.13,2550953,USD,-3.76404494382023
2026-03-26,UA.N,5.76,501528,USD,-1.53846153846154
2026-03-26,UAA.N,5.89,1650204,USD,-1.50501672240804
2026-03-26,UAL.OQ,92.69,1873256,USD,-0.279720279720285
2026-03-26,UBER.N,70.55,3407990,USD,-3.46195949644226
2026-03-26,UBSI.OQ,41.08,404730,USD,0.563035495716027
2026-03-26,UCB.N,31.35,210036,USD,0.44857417494393
2026-03-26,UCTT.OQ,59.51,549459,USD,-8.50246002460026
2026-03-26,UDR.N,34.07,1043496,USD,0.412614205717656
2026-03-26,UE.N,20.17,235186,USD,-0.049554013875114
2026-03-26,UEC.A,13.05,938971,USD,-2.90178571428571
2026-03-26,UFPI.OQ,90.68,118920,USD,-1.43478260869565
2026-03-26,UFPT.OQ,187.98,35642,USD,-1.0995948860946
2026-03-26,UGI.N,36.63,281026,USD,0.604229607250772
2026-03-26,UHALb.N,42.9,122587,USD,0.093327111525896
2026-03-26,UHS.N,185.09,133774,USD,-0.872964867180803
2026-03-26,UI.N,778.09,18213,USD,-7.26535963291817
2026-03-26,ULCC.OQ,3.69,1508601,USD,-0.270270270270276
2026-03-26,ULTA.OQ,521.64,208908,USD,-0.855285665412248
2026-03-26,UMBF.OQ,111.6,169485,USD,-0.993612491128464
2026-03-26,UNF.N,251.47,87057,USD,-4.09595362495709
2026-03-26,UNFI.N,45.12,439204,USD,3.58126721763084
2026-03-26,UNH.N,268.05,1223054,USD,-0.924043614858621
2026-03-26,UNIT.OQ,7.85,446649,USD,-0.254129606099116
2026-03-26,UNM.N,74.45,274116,USD,-0.067114093959728
2026-03-26,UNP.N,239.19,707374,USD,-0.886752579455524
2026-03-26,UPB.OQ,9.79,278635,USD,3.37909186906017
2026-03-26,UPBD.OQ,18.42,359668,USD,0.490998363338808
2026-03-26,UPS.N,97.5,1206246,USD,-0.884415980481859
2026-03-26,TSLA.OQ,372.11,,USD,-3.58595673014639
2026-03-26,TSN.N,62.96,,USD,2.45728234336859
2026-03-26,TT.N,407.13,,USD,-6.19124423963134
2026-03-26,TTC.N,93.81,,USD,-1.93393267823541
2026-03-26,TTD.OQ,21.74,,USD,-1.04688211197087
2026-03-26,TTEK.OQ,30.41,,USD,-3.79626700411262
2026-03-26,TTI.N,8.4,,USD,-0.237529691211396
2026-03-26,TTMI.OQ,95.93,,USD,-11.1759259259259
2026-03-26,TTWO.OQ,194.72,,USD,0.865060865060858
2026-03-26,TVTX.OQ,27.92,,USD,1.30624092888245
2026-03-26,TW.OQ,117.64,,USD,-1.92580241767403
2026-03-26,TWLO.N,126.1,,USD,0.534162481065126
2026-03-26,TWO.N,11.4,,USD,0.706713780918728
2026-03-26,TWST.OQ,46.75,,USD,-3.88569078947369
2026-03-26,TXG.OQ,20.43,,USD,-2.29555236728838
2026-03-26,TXN.OQ,193.41,,USD,-1.70757737459979
2026-03-26,TXNM.N,58.25,,USD,-0.068622405215301
2026-03-26,TXRH.OQ,166.35,,USD,-1.61462029808376
2026-03-26,TXT.N,88.89,,USD,-2.00639400286627
2026-03-26,TYL.N,341.07,,USD,2.89618970042537
2026-03-26,U.N,17.13,,USD,-3.76404494382023
2026-03-26,UA.N,5.76,,USD,-1.53846153846154
2026-03-26,UAA.N,5.89,,USD,-1.50501672240804
2026-03-26,UAL.OQ,92.69,,USD,-0.279720279720285
2026-03-26,UBER.N,70.55,,USD,-3.46195949644226
2026-03-26,UBSI.OQ,41.08,,USD,0.563035495716027
2026-03-26,UCB.N,31.35,,USD,0.44857417494393
2026-03-26,UCTT.OQ,59.51,,USD,-8.50246002460026
2026-03-26,UDR.N,34.07,,USD,0.412614205717656
2026-03-26,UE.N,20.17,,USD,-0.049554013875114
2026-03-26,UEC.A,13.05,,USD,-2.90178571428571
2026-03-26,UFPI.OQ,90.68,,USD,-1.43478260869565
2026-03-26,UFPT.OQ,187.98,,USD,-1.0995948860946
2026-03-26,UGI.N,36.63,,USD,0.604229607250772
2026-03-26,UHALb.N,42.9,,USD,0.093327111525896
2026-03-26,UHS.N,185.09,,USD,-0.872964867180803
2026-03-26,UI.N,778.09,,USD,-7.26535963291817
2026-03-26,ULCC.OQ,3.69,,USD,-0.270270270270276
2026-03-26,ULTA.OQ,521.64,,USD,-0.855285665412248
2026-03-26,UMBF.OQ,111.6,,USD,-0.993612491128464
2026-03-26,UNF.N,251.47,,USD,-4.09595362495709
2026-03-26,UNFI.N,45.12,,USD,3.58126721763084
2026-03-26,UNH.N,268.05,,USD,-0.924043614858621
2026-03-26,UNIT.OQ,7.85,,USD,-0.254129606099116
2026-03-26,UNM.N,74.45,,USD,-0.067114093959728
2026-03-26,UNP.N,239.19,,USD,-0.886752579455524
2026-03-26,UPB.OQ,9.79,,USD,3.37909186906017
2026-03-26,UPBD.OQ,18.42,,USD,0.490998363338808
2026-03-26,UPS.N,97.5,,USD,-0.884415980481859
2026-03-27,TSLA.OQ,,0,,
2026-03-27,TSN.N,,0,,
2026-03-27,TT.N,,0,,
2026-03-27,TTC.N,,0,,
2026-03-27,TTD.OQ,,0,,
2026-03-27,TTEK.OQ,,0,,
2026-03-27,TTI.N,,0,,
2026-03-27,TTMI.OQ,,0,,
2026-03-27,TTWO.OQ,,0,,
2026-03-27,TVTX.OQ,,0,,
2026-03-27,TW.OQ,,0,,
2026-03-27,TWLO.N,,0,,
2026-03-27,TWO.N,,0,,
2026-03-27,TWST.OQ,,0,,
2026-03-27,TXG.OQ,,0,,
2026-03-27,TXN.OQ,,0,,
2026-03-27,TXNM.N,,0,,
2026-03-27,TXRH.OQ,,0,,
2026-03-27,TXT.N,,0,,
2026-03-27,TYL.N,,0,,
2026-03-27,U.N,,0,,
2026-03-27,UA.N,,0,,
2026-03-27,UAA.N,,0,,
2026-03-27,UAL.OQ,,0,,
2026-03-27,UBER.N,,0,,
2026-03-27,UBSI.OQ,,0,,
2026-03-27,UCB.N,,0,,
2026-03-27,UCTT.OQ,,0,,
2026-03-27,UDR.N,,0,,
2026-03-27,UE.N,,0,,
2026-03-27,UEC.A,,0,,
2026-03-27,UFPI.OQ,,0,,
2026-03-27,UFPT.OQ,,0,,
2026-03-27,UGI.N,,0,,
2026-03-27,UHALb.N,,0,,
2026-03-27,UHS.N,,0,,
2026-03-27,UI.N,,0,,
2026-03-27,ULCC.OQ,,0,,
2026-03-27,ULTA.OQ,,0,,
2026-03-27,UMBF.OQ,,0,,
2026-03-27,UNF.N,,0,,
2026-03-27,UNFI.N,,0,,
2026-03-27,UNH.N,,0,,
2026-03-27,UNIT.OQ,,0,,
2026-03-27,UNM.N,,0,,
2026-03-27,UNP.N,,0,,
2026-03-27,UPB.OQ,,0,,
2026-03-27,UPBD.OQ,,0,,
2026-03-27,UPS.N,,0,,
2026-03-24,UPST.OQ,26.6,1406145,USD,-4.69365818702973
2026-03-24,UPWK.OQ,11.15,938378,USD,-2.36427320490367
2026-03-24,URBN.OQ,61.69,723531,USD,-0.097165991902838
2026-03-24,URGN.OQ,17.66,235220,USD,2.08092485549133
2026-03-24,URI.N,746.84,144823,USD,2.02035380096989
2026-03-24,USAR.OQ,16.6,3370658,USD,-4.54284071305347
2026-03-24,USB.N,52.14,3259113,USD,1.20341614906832
2026-03-24,USFD.N,91.13,770718,USD,2.01500055972237
2026-03-24,UTHR.OQ,531.82,264813,USD,2.03369018840413
2026-03-24,UTI.N,39.11,187262,USD,2.81282860147214
2026-03-24,UUUU.A,18.06,1536728,USD,1.5177065767285
2026-03-24,UWMC.N,3.61,3830326,USD,-3.47593582887701
2026-03-24,V.N,303.76,1477272,USD,-0.223360924977009
2026-03-24,VAC.N,70.1,123903,USD,-0.468550333664649
2026-03-24,VAL.N,97.96,297333,USD,2.67267582014464
2026-03-24,VC.OQ,87.73,171465,USD,2.01162790697675
2026-03-24,VCEL.OQ,33.08,229619,USD,1.94144838212633
2026-03-24,VCTR.OQ,67.59,414570,USD,0.133333333333338
2026-03-24,VCYT.OQ,32.94,342103,USD,-1.78890876565296
2026-03-24,VECO.OQ,34.39,597560,USD,8.82911392405063
2026-03-24,VEEV.N,179.11,595825,USD,-3.30400043189547
2026-03-24,VERA.OQ,39.75,401624,USD,-2.40608887797691
2026-03-24,VERX.OQ,12.02,570825,USD,-7.96324655436448
2026-03-24,VFC.N,17.3,1431361,USD,2.12514757969303
2026-03-24,VIAV.OQ,35.94,2181489,USD,6.93246057720916
2026-03-24,VICI.N,27.3,3366010,USD,0.924214417744917
2026-03-24,VICR.OQ,180.5,219429,USD,4.29306061131335
2026-03-24,VIK.N,72.67,874191,USD,1.11312091275914
2026-03-24,VIRT.N,43.33,419408,USD,1.04944029850745
2026-03-24,VISN.OQ,18.15,1159414,USD,2.48447204968943
2026-03-24,VITL.OQ,13.8,820661,USD,0.803506208911623
2026-03-24,VKTX.OQ,32.17,571903,USD,-1.1674347158218
2026-03-24,VLO.N,241.75,1074657,USD,1.83664012805932
2026-03-24,VLTO.N,86.86,616178,USD,-1.85310734463277
2026-03-24,VLY.OQ,12.27,1938211,USD,2.25
2026-03-24,VMC.N,266.7,408286,USD,1.11848341232227
2026-03-24,VMI.N,404.0,53031,USD,1.36745703174006
2026-03-24,VNO.N,26.12,852013,USD,0.384319754035363
2026-03-24,VNOM.OQ,47.78,694204,USD,0.929446556822978
2026-03-24,VNT.N,36.93,367578,USD,1.20580981090709
2026-03-24,VOYA.N,67.86,360450,USD,-0.425531914893626
2026-03-24,VOYG.N,25.08,565073,USD,-10.2683363148479
2026-03-24,VRDN.OQ,27.19,529904,USD,-1.55684286748733
2026-03-24,VRNS.OQ,22.01,850694,USD,-7.20910623946036
2026-03-24,VRRM.OQ,14.24,751812,USD,-2.73224043715847
2026-03-24,VRSK.OQ,194.73,607306,USD,-2.56192144108081
2026-03-24,VRSN.OQ,241.14,312437,USD,0.091316619624771
2026-03-24,VRT.N,270.89,1472755,USD,5.81640624999999
2026-03-24,VRTX.OQ,448.62,478261,USD,-0.579520648885838
2026-03-24,VSAT.OQ,48.1,835335,USD,-2.15622457282342
2026-03-25,UPST.OQ,26.09,1268876,USD,-1.91729323308271
2026-03-25,UPWK.OQ,11.32,977208,USD,1.52466367713004
2026-03-25,URBN.OQ,61.47,456708,USD,-0.356621818771274
2026-03-25,URGN.OQ,18.12,149324,USD,2.60475651189128
2026-03-25,URI.N,747.59,116883,USD,0.100423116062343
2026-03-25,USAR.OQ,16.64,2559215,USD,0.240963855421682
2026-03-25,USB.N,51.89,2550746,USD,-0.479478327579593
2026-03-25,USFD.N,92.48,568729,USD,1.48140019752004
2026-03-25,UTHR.OQ,541.6,200066,USD,1.83896807190402
2026-03-25,UTI.N,39.66,233166,USD,1.40628995141907
2026-03-25,UUUU.A,18.75,887504,USD,3.82059800664453
2026-03-25,UWMC.N,3.53,2401478,USD,-2.21606648199446
2026-03-25,V.N,304.91,1912125,USD,0.378588359230983
2026-03-25,VAC.N,70.16,134656,USD,0.085592011412271
2026-03-25,VAL.N,100.26,220043,USD,2.3478971008575
2026-03-25,VC.OQ,87.61,79620,USD,-0.136783312435888
2026-03-25,VCEL.OQ,31.44,612288,USD,-4.95767835550181
2026-03-25,VCTR.OQ,70.22,372884,USD,3.8911081520935
2026-03-25,VCYT.OQ,32.79,284318,USD,-0.455373406193074
2026-03-25,VECO.OQ,36.96,529114,USD,7.47310264611806
2026-03-25,VEEV.N,178.11,287925,USD,-0.558316118586344
2026-03-25,VERA.OQ,40.16,429392,USD,1.03144654088049
2026-03-25,VERX.OQ,11.66,569296,USD,-2.99500831946755
2026-03-25,VFC.N,17.21,1852941,USD,-0.520231213872832
2026-03-25,VIAV.OQ,37.27,2505906,USD,3.70061213133001
2026-03-25,VICI.N,27.07,2365491,USD,-0.842490842490844
2026-03-25,VICR.OQ,186.0,220327,USD,3.04709141274238
2026-03-25,VIK.N,74.5,701870,USD,2.518233108573
2026-03-25,VIRT.N,43.74,333056,USD,0.946226632817918
2026-03-25,VISN.OQ,18.48,1302404,USD,1.81818181818183
2026-03-25,VITL.OQ,13.54,1110074,USD,-1.8840579710145
2026-03-25,VKTX.OQ,33.2,708117,USD,3.20174075225366
2026-03-25,VLO.N,234.54,1298282,USD,-2.98241985522234
2026-03-25,VLTO.N,87.11,561698,USD,0.287819479622381
2026-03-25,VLY.OQ,12.27,1601814,USD,0.0
2026-03-25,VMC.N,269.53,290930,USD,1.06111736032995
2026-03-25,VMI.N,406.39,30998,USD,0.591584158415838
2026-03-25,VNO.N,25.98,701742,USD,-0.535987748851457
2026-03-25,VNOM.OQ,47.46,590524,USD,-0.669736291335287
2026-03-25,VNT.N,36.74,264434,USD,-0.514486867045756
2026-03-25,VOYA.N,68.21,193702,USD,0.515767757147059
2026-03-25,VOYG.N,25.72,333892,USD,2.5518341307815
2026-03-25,VRDN.OQ,28.35,368311,USD,4.26627436557558
2026-03-25,VRNS.OQ,21.39,798701,USD,-2.81690140845071
2026-03-25,VRRM.OQ,14.28,631389,USD,0.280898876404488
2026-03-25,VRSK.OQ,185.05,1019729,USD,-4.97098546705694
2026-03-25,VRSN.OQ,251.7,540549,USD,4.37919880567305
2026-03-25,VRT.N,276.16,1295223,USD,1.94543910812508
2026-03-25,VRTX.OQ,454.97,462178,USD,1.41545183005662
2026-03-25,VSAT.OQ,49.96,731104,USD,3.86694386694387
2026-03-26,UPST.OQ,25.33,1201084,USD,-2.91299348409353
2026-03-26,UPWK.OQ,11.19,645624,USD,-1.14840989399294
2026-03-26,URBN.OQ,61.99,511448,USD,0.845941109484306
2026-03-26,URGN.OQ,17.9,134066,USD,-1.2141280353201
2026-03-26,URI.N,742.22,116861,USD,-0.718308163565591
2026-03-26,USAR.OQ,16.0,2874512,USD,-3.84615384615385
2026-03-26,USB.N,51.59,2292014,USD,-0.57814607824243
2026-03-26,USFD.N,92.1,407052,USD,-0.410899653979249
2026-03-26,UTHR.OQ,532.53,170111,USD,-1.67466765140326
2026-03-26,UTI.N,37.96,229450,USD,-4.2864346949067
2026-03-26,UUUU.A,17.66,614188,USD,-5.81333333333333
2026-03-26,UWMC.N,3.53,3686939,USD,0.0
2026-03-26,V.N,305.53,2786420,USD,0.20333869010526
2026-03-26,VAC.N,70.22,106499,USD,0.085518814139114
2026-03-26,VAL.N,101.94,234646,USD,1.67564332734889
2026-03-26,VC.OQ,87.84,133266,USD,0.262527108777541
2026-03-26,VCEL.OQ,30.82,277059,USD,-1.97201017811705
2026-03-26,VCTR.OQ,69.55,182975,USD,-0.954144118484765
2026-03-26,VCYT.OQ,32.8,291959,USD,0.03049710277523
2026-03-26,VECO.OQ,36.03,445726,USD,-2.51623376623377
2026-03-26,VEEV.N,178.28,331723,USD,0.095446634102514
2026-03-26,VERA.OQ,40.26,202632,USD,0.249003984063749
2026-03-26,VERX.OQ,11.77,499253,USD,0.94339622641509
2026-03-26,VFC.N,16.53,1381655,USD,-3.95119116792562
2026-03-26,VIAV.OQ,34.44,1434494,USD,-7.59323852964853
2026-03-26,VICI.N,27.16,2012206,USD,0.332471370520871
2026-03-26,VICR.OQ,157.96,280863,USD,-15.0752688172043
2026-03-26,VIK.N,71.59,548455,USD,-3.90604026845637
2026-03-26,VIRT.N,43.44,208501,USD,-0.685871056241436
2026-03-26,VISN.OQ,18.31,1194388,USD,-0.919913419913429
2026-03-26,VITL.OQ,13.01,834770,USD,-3.91432791728212
2026-03-26,VKTX.OQ,34.25,792415,USD,3.16265060240963
2026-03-26,VLO.N,248.14,1015480,USD,5.79858446320457
2026-03-26,VLTO.N,86.39,648020,USD,-0.826541154861668
2026-03-26,VLY.OQ,12.19,1312534,USD,-0.6519967400163
2026-03-26,VMC.N,266.54,322939,USD,-1.10933847809148
2026-03-26,VMI.N,399.33,45858,USD,-1.73724747164054
2026-03-26,VNO.N,25.67,474116,USD,-1.19322555812163
2026-03-26,VNOM.OQ,47.82,597074,USD,0.758533501896332
2026-03-26,VNT.N,35.94,308563,USD,-2.17746325530758
2026-03-26,VOYA.N,68.84,241755,USD,0.923618237795059
2026-03-26,VOYG.N,23.82,330022,USD,-7.38724727838258
2026-03-26,VRDN.OQ,28.2,336463,USD,-0.529100529100537
2026-03-26,VRNS.OQ,21.83,713744,USD,2.05703599812996
2026-03-26,VRRM.OQ,14.47,716319,USD,1.33053221288516
2026-03-26,VRSK.OQ,185.75,740323,USD,0.37827614158335
2026-03-26,VRSN.OQ,250.8,410094,USD,-0.357568533969002
2026-03-26,VRT.N,252.4,1376741,USD,-8.60370799536501
2026-03-26,VRTX.OQ,453.74,477580,USD,-0.270347495439264
2026-03-26,VSAT.OQ,47.83,560683,USD,-4.26341072858287
2026-03-26,UPST.OQ,25.33,,USD,-2.91299348409353
2026-03-26,UPWK.OQ,11.19,,USD,-1.14840989399294
2026-03-26,URBN.OQ,61.99,,USD,0.845941109484306
2026-03-26,URGN.OQ,17.9,,USD,-1.2141280353201
2026-03-26,URI.N,742.22,,USD,-0.718308163565591
2026-03-26,USAR.OQ,16.0,,USD,-3.84615384615385
2026-03-26,USB.N,51.59,,USD,-0.57814607824243
2026-03-26,USFD.N,92.1,,USD,-0.410899653979249
2026-03-26,UTHR.OQ,532.53,,USD,-1.67466765140326
2026-03-26,UTI.N,37.96,,USD,-4.2864346949067
2026-03-26,UUUU.A,17.66,,USD,-5.81333333333333
2026-03-26,UWMC.N,3.53,,USD,0.0
2026-03-26,V.N,305.53,,USD,0.20333869010526
2026-03-26,VAC.N,70.22,,USD,0.085518814139114
2026-03-26,VAL.N,101.94,,USD,1.67564332734889
2026-03-26,VC.OQ,87.84,,USD,0.262527108777541
2026-03-26,VCEL.OQ,30.82,,USD,-1.97201017811705
2026-03-26,VCTR.OQ,69.55,,USD,-0.954144118484765
2026-03-26,VCYT.OQ,32.8,,USD,0.03049710277523
2026-03-26,VECO.OQ,36.03,,USD,-2.51623376623377
2026-03-26,VEEV.N,178.28,,USD,0.095446634102514
2026-03-26,VERA.OQ,40.26,,USD,0.249003984063749
2026-03-26,VERX.OQ,11.77,,USD,0.94339622641509
2026-03-26,VFC.N,16.53,,USD,-3.95119116792562
2026-03-26,VIAV.OQ,34.44,,USD,-7.59323852964853
2026-03-26,VICI.N,27.16,,USD,0.332471370520871
2026-03-26,VICR.OQ,157.96,,USD,-15.0752688172043
2026-03-26,VIK.N,71.59,,USD,-3.90604026845637
2026-03-26,VIRT.N,43.44,,USD,-0.685871056241436
2026-03-26,VISN.OQ,18.31,,USD,-0.919913419913429
2026-03-26,VITL.OQ,13.01,,USD,-3.91432791728212
2026-03-26,VKTX.OQ,34.25,,USD,3.16265060240963
2026-03-26,VLO.N,248.14,,USD,5.79858446320457
2026-03-26,VLTO.N,86.39,,USD,-0.826541154861668
2026-03-26,VLY.OQ,12.19,,USD,-0.6519967400163
2026-03-26,VMC.N,266.54,,USD,-1.10933847809148
2026-03-26,VMI.N,399.33,,USD,-1.73724747164054
2026-03-26,VNO.N,25.67,,USD,-1.19322555812163
2026-03-26,VNOM.OQ,47.82,,USD,0.758533501896332
2026-03-26,VNT.N,35.94,,USD,-2.17746325530758
2026-03-26,VOYA.N,68.84,,USD,0.923618237795059
2026-03-26,VOYG.N,23.82,,USD,-7.38724727838258
2026-03-26,VRDN.OQ,28.2,,USD,-0.529100529100537
2026-03-26,VRNS.OQ,21.83,,USD,2.05703599812996
2026-03-26,VRRM.OQ,14.47,,USD,1.33053221288516
2026-03-26,VRSK.OQ,185.75,,USD,0.37827614158335
2026-03-26,VRSN.OQ,250.8,,USD,-0.357568533969002
2026-03-26,VRT.N,252.4,,USD,-8.60370799536501
2026-03-26,VRTX.OQ,453.74,,USD,-0.270347495439264
2026-03-26,VSAT.OQ,47.83,,USD,-4.26341072858287
2026-03-27,UPST.OQ,,0,,
2026-03-27,UPWK.OQ,,0,,
2026-03-27,URBN.OQ,,0,,
2026-03-27,URGN.OQ,,0,,
2026-03-27,URI.N,,0,,
2026-03-27,USAR.OQ,,0,,
2026-03-27,USB.N,,0,,
2026-03-27,USFD.N,,0,,
2026-03-27,UTHR.OQ,,0,,
2026-03-27,UTI.N,,0,,
2026-03-27,UUUU.A,,0,,
2026-03-27,UWMC.N,,0,,
2026-03-27,V.N,,0,,
2026-03-27,VAC.N,,0,,
2026-03-27,VAL.N,,0,,
2026-03-27,VC.OQ,,0,,
2026-03-27,VCEL.OQ,,0,,
2026-03-27,VCTR.OQ,,0,,
2026-03-27,VCYT.OQ,,0,,
2026-03-27,VECO.OQ,,0,,
2026-03-27,VEEV.N,,0,,
2026-03-27,VERA.OQ,,0,,
2026-03-27,VERX.OQ,,0,,
2026-03-27,VFC.N,,0,,
2026-03-27,VIAV.OQ,,0,,
2026-03-27,VICI.N,,0,,
2026-03-27,VICR.OQ,,0,,
2026-03-27,VIK.N,,0,,
2026-03-27,VIRT.N,,0,,
2026-03-27,VISN.OQ,,0,,
2026-03-27,VITL.OQ,,0,,
2026-03-27,VKTX.OQ,,0,,
2026-03-27,VLO.N,,0,,
2026-03-27,VLTO.N,,0,,
2026-03-27,VLY.OQ,,0,,
2026-03-27,VMC.N,,0,,
2026-03-27,VMI.N,,0,,
2026-03-27,VNO.N,,0,,
2026-03-27,VNOM.OQ,,0,,
2026-03-27,VNT.N,,0,,
2026-03-27,VOYA.N,,0,,
2026-03-27,VOYG.N,,0,,
2026-03-27,VRDN.OQ,,0,,
2026-03-27,VRNS.OQ,,0,,
2026-03-27,VRRM.OQ,,0,,
2026-03-27,VRSK.OQ,,0,,
2026-03-27,VRSN.OQ,,0,,
2026-03-27,VRT.N,,0,,
2026-03-27,VRTX.OQ,,0,,
2026-03-27,VSAT.OQ,,0,,
2026-03-24,VSCO.N,43.54,939907,USD,-4.09691629955947
2026-03-24,VSEC.OQ,175.16,396303,USD,-0.448991190679166
2026-03-24,VSH.N,18.26,489695,USD,4.58190148911799
2026-03-24,VST.N,152.72,904897,USD,0.945204573996964
2026-03-24,VSTS.N,7.67,382681,USD,-0.647668393782381
2026-03-24,VTR.N,82.18,1168915,USD,0.403176542455727
2026-03-24,VTRS.OQ,13.36,3968652,USD,0.526711813393531
2026-03-24,VVV.N,34.38,509872,USD,2.04808548530723
2026-03-24,VVX.N,68.56,144924,USD,-0.392270812145861
2026-03-24,VYX.N,6.28,778345,USD,-4.55927051671732
2026-03-24,VZ.N,50.91,5107254,USD,0.652431791221824
2026-03-24,W.N,75.4,693443,USD,-1.51515151515151
2026-03-24,WAB.N,245.62,275396,USD,1.63025488248924
2026-03-24,WAFD.OQ,31.58,364376,USD,-0.252684775742267
2026-03-24,WAL.N,69.69,268048,USD,0.795487416835402
2026-03-24,WAT.N,301.92,202405,USD,0.036446771147415
2026-03-24,WAY.OQ,24.03,1313749,USD,-2.39642567018684
2026-03-24,WBD.OQ,27.28,5516664,USD,-0.437956204379553
2026-03-24,WBS.N,68.67,1571913,USD,-0.966253244880302
2026-03-24,WCC.N,273.5,142278,USD,3.2387135739091
2026-03-24,WD.N,43.98,140521,USD,-1.1685393258427
2026-03-24,WDAY.OQ,129.29,2049228,USD,-5.66905005107253
2026-03-24,WDC.OQ,301.05,2234299,USD,2.12354557481597
2026-03-24,WDFC.OQ,215.28,32307,USD,-0.18083182640144
2026-03-24,WEC.N,113.08,541440,USD,0.919232485497547
2026-03-24,WELL.N,196.61,907492,USD,0.825641025641033
2026-03-24,WEN.OQ,7.1,1651166,USD,-0.837988826815649
2026-03-24,WERN.OQ,28.87,602205,USD,2.99678915447735
2026-03-24,WEX.N,155.37,179760,USD,-0.346353665576289
2026-03-24,WFC.N,79.61,5333129,USD,1.69902912621359
2026-03-24,WFRD.OQ,93.22,584590,USD,1.82413981430912
2026-03-24,WGO.N,35.08,234252,USD,2.15492137449038
2026-03-24,WGS.OQ,68.67,141141,USD,-4.81009148877183
2026-03-24,WH.N,77.39,286300,USD,0.311082307193772
2026-03-24,WHD.N,48.32,207944,USD,1.23611984077101
2026-03-24,WHR.N,53.84,480875,USD,-1.08396105089105
2026-03-24,WINA.OQ,422.4,17870,USD,2.80373831775701
2026-03-24,WING.OQ,172.07,344380,USD,-6.09583060467148
2026-03-24,WK.N,59.46,158606,USD,-3.14383450073302
2026-03-24,WKC.N,22.97,412679,USD,0.349497597204012
2026-03-24,WLDN.OQ,81.82,90039,USD,1.71556439582297
2026-03-24,WLK.N,114.09,376632,USD,5.1520737327189
2026-03-24,WLY.N,36.76,231001,USD,-0.568028130916962
2026-03-24,WM.N,224.94,479811,USD,-1.13831143145959
2026-03-24,WMB.N,74.46,1479065,USD,1.16847826086956
2026-03-24,WMS.N,136.57,259314,USD,-0.942917240879097
2026-03-24,WMT.OQ,122.05,5964896,USD,1.10172299536116
2026-03-24,WPC.N,67.4,391711,USD,-0.31060494009761
2026-03-24,WRB.N,65.03,672330,USD,-0.793287566742938
2026-03-24,WRBY.N,23.06,606471,USD,-4.63192721257238
2026-03-25,VSCO.N,44.56,656377,USD,2.34267340376666
2026-03-25,VSEC.OQ,178.32,230282,USD,1.80406485498972
2026-03-25,VSH.N,18.29,610311,USD,0.1642935377875
2026-03-25,VST.N,151.51,605631,USD,-0.792299633315877
2026-03-25,VSTS.N,7.97,400020,USD,3.91134289439374
2026-03-25,VTR.N,82.7,823591,USD,0.632757361888532
2026-03-25,VTRS.OQ,13.5,2412961,USD,1.04790419161677
2026-03-25,VVV.N,35.2,408011,USD,2.38510762070972
2026-03-25,VVX.N,69.72,126558,USD,1.69194865810968
2026-03-25,VYX.N,6.34,766544,USD,0.955414012738847
2026-03-25,VZ.N,50.37,5841441,USD,-1.06069534472599
2026-03-25,W.N,79.75,779208,USD,5.76923076923076
2026-03-25,WAB.N,248.32,266169,USD,1.09925901799527
2026-03-25,WAFD.OQ,31.55,388369,USD,-0.094996833438878
2026-03-25,WAL.N,70.74,352682,USD,1.50667240637107
2026-03-25,WAT.N,302.32,242595,USD,0.132485426603066
2026-03-25,WAY.OQ,24.14,870820,USD,0.457761131918433
2026-03-25,WBD.OQ,27.22,5985763,USD,-0.219941348973615
2026-03-25,WBS.N,69.45,1111134,USD,1.13586719091306
2026-03-25,WCC.N,276.76,121397,USD,1.19195612431444
2026-03-25,WD.N,45.07,125621,USD,2.47839927239655
2026-03-25,WDAY.OQ,127.07,1895205,USD,-1.71707015237064
2026-03-25,WDC.OQ,296.14,1700063,USD,-1.63095831257267
2026-03-25,WDFC.OQ,216.11,32682,USD,0.385544407283544
2026-03-25,WEC.N,112.72,468771,USD,-0.318358684117438
2026-03-25,WELL.N,196.73,1265500,USD,0.061034535374587
2026-03-25,WEN.OQ,7.14,1705429,USD,0.563380281690141
2026-03-25,WERN.OQ,29.14,374233,USD,0.935226879113265
2026-03-25,WEX.N,151.32,97303,USD,-2.60668082641437
2026-03-25,WFC.N,80.26,3733849,USD,0.816480341665627
2026-03-25,WFRD.OQ,97.03,588138,USD,4.08710577129372
2026-03-25,WGO.N,32.67,390280,USD,-6.87001140250854
2026-03-25,WGS.OQ,66.95,160282,USD,-2.50473277996214
2026-03-25,WH.N,79.19,363301,USD,2.3258818968859
2026-03-25,WHD.N,48.7,203874,USD,0.786423841059608
2026-03-25,WHR.N,55.22,460747,USD,2.5631500742942
2026-03-25,WINA.OQ,429.94,12126,USD,1.78503787878788
2026-03-25,WING.OQ,166.31,382708,USD,-3.34747486488057
2026-03-25,WK.N,58.62,217352,USD,-1.41271442986883
2026-03-25,WKC.N,23.09,230381,USD,0.52242054854158
2026-03-25,WLDN.OQ,82.8,97599,USD,1.19775116108531
2026-03-25,WLK.N,114.22,275391,USD,0.113945131036897
2026-03-25,WLY.N,37.39,120002,USD,1.71381936887922
2026-03-25,WM.N,224.85,513884,USD,-0.040010669511871
2026-03-25,WMB.N,73.81,1673759,USD,-0.872951920494214
2026-03-25,WMS.N,138.97,201141,USD,1.75734055795563
2026-03-25,WMT.OQ,123.06,5533843,USD,0.827529700942241
2026-03-25,WPC.N,67.44,364180,USD,0.05934718100889
2026-03-25,WRB.N,64.49,923598,USD,-0.830385975703531
2026-03-25,WRBY.N,23.38,522481,USD,1.38768430182134
2026-03-26,VSCO.N,44.33,604358,USD,-0.516157989228016
2026-03-26,VSEC.OQ,173.57,149942,USD,-2.66375056078959
2026-03-26,VSH.N,17.47,532338,USD,-4.48332422088573
2026-03-26,VST.N,152.3,925113,USD,0.521417728202772
2026-03-26,VSTS.N,7.72,453949,USD,-3.13676286072773
2026-03-26,VTR.N,82.66,1151894,USD,-0.04836759371222
2026-03-26,VTRS.OQ,13.37,1701196,USD,-0.962962962962969
2026-03-26,VVV.N,34.65,906933,USD,-1.56250000000001
2026-03-26,VVX.N,68.47,111621,USD,-1.79288582903041
2026-03-26,VYX.N,6.47,925413,USD,2.05047318611987
2026-03-26,VZ.N,50.74,5444142,USD,0.734564224736956
2026-03-26,W.N,73.7,1030076,USD,-7.58620689655172
2026-03-26,WAB.N,245.54,205988,USD,-1.11952319587629
2026-03-26,WAFD.OQ,31.59,222376,USD,0.126782884310615
2026-03-26,WAL.N,70.16,249672,USD,-0.819903873338986
2026-03-26,WAT.N,300.56,234620,USD,-0.582164593807883
2026-03-26,WAY.OQ,24.85,962715,USD,2.94117647058824
2026-03-26,WBD.OQ,27.07,6003846,USD,-0.551065393093309
2026-03-26,WBS.N,68.45,1166981,USD,-1.43988480921526
2026-03-26,WCC.N,265.98,125589,USD,-3.89507154213036
2026-03-26,WD.N,44.94,77154,USD,-0.288440204126919
2026-03-26,WDAY.OQ,127.97,1864146,USD,0.708271031714807
2026-03-26,WDC.OQ,273.35,2766406,USD,-7.69568447355979
2026-03-26,WDFC.OQ,205.62,55055,USD,-4.85400953218269
2026-03-26,WEC.N,114.02,568405,USD,1.15330021291696
2026-03-26,WELL.N,195.53,782204,USD,-0.609973059523199
2026-03-26,WEN.OQ,6.99,1316608,USD,-2.10084033613445
2026-03-26,WERN.OQ,28.84,314425,USD,-1.02951269732327
2026-03-26,WEX.N,155.1,97777,USD,2.49801744647106
2026-03-26,WFC.N,79.02,3761412,USD,-1.54497881883879
2026-03-26,WFRD.OQ,95.94,503921,USD,-1.12336390806967
2026-03-26,WGO.N,32.85,322334,USD,0.550964187327823
2026-03-26,WGS.OQ,61.35,302236,USD,-8.36445108289769
2026-03-26,WH.N,80.59,391991,USD,1.76789998737215
2026-03-26,WHD.N,48.81,258135,USD,0.225872689938397
2026-03-26,WHR.N,53.61,392691,USD,-2.91561028612821
2026-03-26,WINA.OQ,428.34,15003,USD,-0.372144950458209
2026-03-26,WING.OQ,155.67,436470,USD,-6.39769105886598
2026-03-26,WK.N,59.43,142809,USD,1.38178096212897
2026-03-26,WKC.N,23.47,190876,USD,1.64573408401905
2026-03-26,WLDN.OQ,80.15,75799,USD,-3.20048309178743
2026-03-26,WLK.N,113.46,251394,USD,-0.665382594992125
2026-03-26,WLY.N,38.26,161816,USD,2.32682535437282
2026-03-26,WM.N,226.51,615364,USD,0.738269957749609
2026-03-26,WMB.N,74.06,1430632,USD,0.338707492209728
2026-03-26,WMS.N,134.32,326747,USD,-3.34604590918904
2026-03-26,WMT.OQ,122.18,7576550,USD,-0.715098326019824
2026-03-26,WPC.N,67.62,303690,USD,0.266903914590757
2026-03-26,WRB.N,65.26,763898,USD,1.19398356334317
2026-03-26,WRBY.N,21.99,786569,USD,-5.94525235243798
2026-03-26,VSCO.N,44.33,,USD,-0.516157989228016
2026-03-26,VSEC.OQ,173.57,,USD,-2.66375056078959
2026-03-26,VSH.N,17.47,,USD,-4.48332422088573
2026-03-26,VST.N,152.3,,USD,0.521417728202772
2026-03-26,VSTS.N,7.72,,USD,-3.13676286072773
2026-03-26,VTR.N,82.66,,USD,-0.04836759371222
2026-03-26,VTRS.OQ,13.37,,USD,-0.962962962962969
2026-03-26,VVV.N,34.65,,USD,-1.56250000000001
2026-03-26,VVX.N,68.47,,USD,-1.79288582903041
2026-03-26,VYX.N,6.47,,USD,2.05047318611987
2026-03-26,VZ.N,50.74,,USD,0.734564224736956
2026-03-26,W.N,73.7,,USD,-7.58620689655172
2026-03-26,WAB.N,245.54,,USD,-1.11952319587629
2026-03-26,WAFD.OQ,31.59,,USD,0.126782884310615
2026-03-26,WAL.N,70.16,,USD,-0.819903873338986
2026-03-26,WAT.N,300.56,,USD,-0.582164593807883
2026-03-26,WAY.OQ,24.85,,USD,2.94117647058824
2026-03-26,WBD.OQ,27.07,,USD,-0.551065393093309
2026-03-26,WBS.N,68.45,,USD,-1.43988480921526
2026-03-26,WCC.N,265.98,,USD,-3.89507154213036
2026-03-26,WD.N,44.94,,USD,-0.288440204126919
2026-03-26,WDAY.OQ,127.97,,USD,0.708271031714807
2026-03-26,WDC.OQ,273.35,,USD,-7.69568447355979
2026-03-26,WDFC.OQ,205.62,,USD,-4.85400953218269
2026-03-26,WEC.N,114.02,,USD,1.15330021291696
2026-03-26,WELL.N,195.53,,USD,-0.609973059523199
2026-03-26,WEN.OQ,6.99,,USD,-2.10084033613445
2026-03-26,WERN.OQ,28.84,,USD,-1.02951269732327
2026-03-26,WEX.N,155.1,,USD,2.49801744647106
2026-03-26,WFC.N,79.02,,USD,-1.54497881883879
2026-03-26,WFRD.OQ,95.94,,USD,-1.12336390806967
2026-03-26,WGO.N,32.85,,USD,0.550964187327823
2026-03-26,WGS.OQ,61.35,,USD,-8.36445108289769
2026-03-26,WH.N,80.59,,USD,1.76789998737215
2026-03-26,WHD.N,48.81,,USD,0.225872689938397
2026-03-26,WHR.N,53.61,,USD,-2.91561028612821
2026-03-26,WINA.OQ,428.34,,USD,-0.372144950458209
2026-03-26,WING.OQ,155.67,,USD,-6.39769105886598
2026-03-26,WK.N,59.43,,USD,1.38178096212897
2026-03-26,WKC.N,23.47,,USD,1.64573408401905
2026-03-26,WLDN.OQ,80.15,,USD,-3.20048309178743
2026-03-26,WLK.N,113.46,,USD,-0.665382594992125
2026-03-26,WLY.N,38.26,,USD,2.32682535437282
2026-03-26,WM.N,226.51,,USD,0.738269957749609
2026-03-26,WMB.N,74.06,,USD,0.338707492209728
2026-03-26,WMS.N,134.32,,USD,-3.34604590918904
2026-03-26,WMT.OQ,122.18,,USD,-0.715098326019824
2026-03-26,WPC.N,67.62,,USD,0.266903914590757
2026-03-26,WRB.N,65.26,,USD,1.19398356334317
2026-03-26,WRBY.N,21.99,,USD,-5.94525235243798
2026-03-27,VSCO.N,,0,,
2026-03-27,VSEC.OQ,,0,,
2026-03-27,VSH.N,,0,,
2026-03-27,VST.N,,0,,
2026-03-27,VSTS.N,,0,,
2026-03-27,VTR.N,,0,,
2026-03-27,VTRS.OQ,,0,,
2026-03-27,VVV.N,,0,,
2026-03-27,VVX.N,,0,,
2026-03-27,VYX.N,,0,,
2026-03-27,VZ.N,,0,,
2026-03-27,W.N,,0,,
2026-03-27,WAB.N,,0,,
2026-03-27,WAFD.OQ,,0,,
2026-03-27,WAL.N,,0,,
2026-03-27,WAT.N,,0,,
2026-03-27,WAY.OQ,,0,,
2026-03-27,WBD.OQ,,0,,
2026-03-27,WBS.N,,0,,
2026-03-27,WCC.N,,0,,
2026-03-27,WD.N,,0,,
2026-03-27,WDAY.OQ,,0,,
2026-03-27,WDC.OQ,,0,,
2026-03-27,WDFC.OQ,,0,,
2026-03-27,WEC.N,,0,,
2026-03-27,WELL.N,,0,,
2026-03-27,WEN.OQ,,0,,
2026-03-27,WERN.OQ,,0,,
2026-03-27,WEX.N,,0,,
2026-03-27,WFC.N,,0,,
2026-03-27,WFRD.OQ,,0,,
2026-03-27,WGO.N,,0,,
2026-03-27,WGS.OQ,,0,,
2026-03-27,WH.N,,0,,
2026-03-27,WHD.N,,0,,
2026-03-27,WHR.N,,0,,
2026-03-27,WINA.OQ,,0,,
2026-03-27,WING.OQ,,0,,
2026-03-27,WK.N,,0,,
2026-03-27,WKC.N,,0,,
2026-03-27,WLDN.OQ,,0,,
2026-03-27,WLK.N,,0,,
2026-03-27,WLY.N,,0,,
2026-03-27,WM.N,,0,,
2026-03-27,WMB.N,,0,,
2026-03-27,WMS.N,,0,,
2026-03-27,WMT.OQ,,0,,
2026-03-27,WPC.N,,0,,
2026-03-27,WRB.N,,0,,
2026-03-27,WRBY.N,,0,,
2026-03-24,WSBC.OQ,33.87,244878,USD,0.803571428571417
2026-03-24,WSC.OQ,18.27,750314,USD,0.939226519337006
2026-03-24,WSFS.OQ,64.65,163209,USD,0.8737712591668
2026-03-24,WSM.N,181.09,277078,USD,-1.43152623557587
2026-03-24,WSO.N,363.47,198751,USD,-5.65836945518726
2026-03-24,WST.N,245.27,227227,USD,1.60314830157415
2026-03-24,WT.N,13.91,1346012,USD,3.11341734618236
2026-03-24,WTFC.OQ,136.1,128743,USD,1.26488095238094
2026-03-24,WTM.N,2211.91,6489,USD,2.2616840577164
2026-03-24,WTRG.N,39.7,582756,USD,-0.749999999999993
2026-03-24,WTS.N,298.45,48953,USD,1.32405364114751
2026-03-24,WTW.OQ,293.36,261271,USD,-0.023855774801484
2026-03-24,WU.N,9.17,1589291,USD,-0.21762785636561
2026-03-24,WULF.OQ,16.22,7664638,USD,0.185299567634327
2026-03-24,WVE.OQ,11.63,873936,USD,0.086058519793473
2026-03-24,WWD.OQ,368.99,141130,USD,2.0295866168948
2026-03-24,WWW.N,16.93,342997,USD,1.68168168168169
2026-03-24,WY.N,23.54,1792676,USD,1.64075993091537
2026-03-24,WYFI.OQ,14.14,235765,USD,-1.8736988202637
2026-03-24,WYNN.OQ,102.77,433264,USD,1.62167507168991
2026-03-24,XEL.OQ,77.96,2109048,USD,1.31254061078621
2026-03-24,XENE.OQ,53.38,416215,USD,-1.91106210951856
2026-03-24,XERS.OQ,5.29,520368,USD,-5.70409982174689
2026-03-24,XMTR.OQ,41.45,257392,USD,-0.072324011571827
2026-03-24,XOM.N,165.38,6009775,USD,2.63762179606529
2026-03-24,XP.OQ,19.22,1660923,USD,-1.53688524590164
2026-03-24,XPO.N,186.33,458686,USD,0.393318965517251
2026-03-24,XRAY.OQ,11.465,795090,USD,-0.649913344887342
2026-03-24,XYL.N,120.45,792973,USD,0.425212606303156
2026-03-24,XYZ.N,59.89,1347056,USD,-2.09252901749224
2026-03-24,YELP.N,24.12,401434,USD,-2.85944422070075
2026-03-24,YETI.N,36.94,287804,USD,-1.59829515183804
2026-03-24,YOU.N,53.53,823146,USD,0.130939019827909
2026-03-24,YUM.N,159.43,504747,USD,0.561372524284102
2026-03-24,Z.OQ,45.31,2214437,USD,1.09326193663544
2026-03-24,ZBH.N,86.32,423138,USD,-1.68564920273349
2026-03-24,ZBIO.OQ,21.06,222147,USD,2.08434318952981
2026-03-24,ZBRA.OQ,207.49,182930,USD,0.786904357118572
2026-03-24,ZD.OQ,43.81,417429,USD,1.08444854637748
2026-03-24,ZETA.N,16.15,1549404,USD,-8.55039637599095
2026-03-24,ZG.OQ,45.09,528641,USD,0.84992171773653
2026-03-24,ZION.OQ,56.22,699235,USD,2.12534059945504
2026-03-24,ZM.OQ,75.98,1260038,USD,-2.52726106478512
2026-03-24,ZS.OQ,139.41,989759,USD,-8.16205533596839
2026-03-24,ZTS.N,115.93,1929026,USD,0.607480690792331
2026-03-24,ZWS.N,45.47,391670,USD,0.68644818423384
2026-03-24,ZYME.OQ,23.6,150829,USD,-1.74854288093255
2026-03-25,WSBC.OQ,33.87,175869,USD,0.0
2026-03-25,WSC.OQ,18.65,540440,USD,2.07991242474001
2026-03-25,WSFS.OQ,64.86,107608,USD,0.324825986078877
2026-03-25,WSM.N,181.93,224262,USD,0.463857750289913
2026-03-25,WSO.N,367.15,142342,USD,1.01246320191486
2026-03-25,WST.N,247.02,183043,USD,0.713499408814776
2026-03-25,WT.N,15.0,971738,USD,7.83608914450036
2026-03-25,WTFC.OQ,136.93,113373,USD,0.609845701689943
2026-03-25,WTM.N,2205.51,4272,USD,-0.289342694775087
2026-03-25,WTRG.N,39.65,614323,USD,-0.125944584382882
2026-03-25,WTS.N,297.79,49210,USD,-0.221142569944704
2026-03-25,WTW.OQ,289.51,235054,USD,-1.31238069266431
2026-03-25,WU.N,9.1,1162385,USD,-0.763358778625957
2026-03-25,WULF.OQ,16.86,7113811,USD,3.94574599260173
2026-03-25,WVE.OQ,12.3,1013511,USD,5.7609630266552
2026-03-25,WWD.OQ,372.08,139464,USD,0.837421068321628
2026-03-25,WWW.N,16.86,242163,USD,-0.413467217956292
2026-03-25,WY.N,23.65,1266693,USD,0.467289719626166
2026-03-25,WYFI.OQ,14.69,260707,USD,3.88967468175388
2026-03-25,WYNN.OQ,101.89,475986,USD,-0.856281015860655
2026-03-25,XEL.OQ,77.7,1355415,USD,-0.333504361210866
2026-03-25,XENE.OQ,55.57,524962,USD,4.10266017234919
2026-03-25,XERS.OQ,5.3,703245,USD,0.189035916824193
2026-03-25,XMTR.OQ,41.63,307792,USD,0.434258142340168
2026-03-25,XOM.N,163.26,3377079,USD,-1.28189623896481
2026-03-25,XP.OQ,19.69,1607805,USD,2.44536940686786
2026-03-25,XPO.N,192.86,305420,USD,3.50453496484731
2026-03-25,XRAY.OQ,11.68,1077055,USD,1.87527256868731
2026-03-25,XYL.N,121.75,371391,USD,1.07928601079286
2026-03-25,XYZ.N,60.01,1263676,USD,0.200367340123556
2026-03-25,YELP.N,24.21,475884,USD,0.373134328358208
2026-03-25,YETI.N,37.04,327949,USD,0.270709258256636
2026-03-25,YOU.N,54.48,578066,USD,1.77470577246403
2026-03-25,YUM.N,159.16,462880,USD,-0.169353321206806
2026-03-25,Z.OQ,43.6,1410086,USD,-3.77400132421099
2026-03-25,ZBH.N,87.64,365480,USD,1.52919369786841
2026-03-25,ZBIO.OQ,22.19,143351,USD,5.36562203228871
2026-03-25,ZBRA.OQ,208.45,176402,USD,0.46267289989878
2026-03-25,ZD.OQ,43.46,286685,USD,-0.798904359735224
2026-03-25,ZETA.N,16.36,1034063,USD,1.30030959752323
2026-03-25,ZG.OQ,43.4,335793,USD,-3.7480594366822
2026-03-25,ZION.OQ,57.2,986423,USD,1.74315190323729
2026-03-25,ZM.OQ,78.11,1317695,USD,2.80336930771255
2026-03-25,ZS.OQ,139.44,971353,USD,0.021519259737466
2026-03-25,ZTS.N,116.71,676289,USD,0.672819805054763
2026-03-25,ZWS.N,46.21,220477,USD,1.62744666813284
2026-03-25,ZYME.OQ,24.23,194454,USD,2.66949152542372
2026-03-26,WSBC.OQ,33.89,204109,USD,0.059049306170662
2026-03-26,WSC.OQ,18.45,944267,USD,-1.07238605898123
2026-03-26,WSFS.OQ,65.2,142409,USD,0.524205982115331
2026-03-26,WSM.N,180.56,487135,USD,-0.753036882317377
2026-03-26,WSO.N,348.01,153606,USD,-5.21312814925779
2026-03-26,WST.N,248.12,335598,USD,0.44530807222087
2026-03-26,WT.N,14.55,523748,USD,-3.0
2026-03-26,WTFC.OQ,135.29,156092,USD,-1.19769225151538
2026-03-26,WTM.N,2220.71,3350,USD,0.689183000757186
2026-03-26,WTRG.N,40.79,404036,USD,2.87515762925599
2026-03-26,WTS.N,290.3,50147,USD,-2.51519527183586
2026-03-26,WTW.OQ,286.8,179625,USD,-0.936064384649919
2026-03-26,WU.N,8.97,1953672,USD,-1.42857142857142
2026-03-26,WULF.OQ,15.35,4969627,USD,-8.95610913404508
2026-03-26,WVE.OQ,6.2,8395286,USD,-49.5934959349594
2026-03-26,WWD.OQ,355.66,161298,USD,-4.41302945603095
2026-03-26,WWW.N,16.47,213450,USD,-2.31316725978648
2026-03-26,WY.N,23.6,1450911,USD,-0.211416490486246
2026-03-26,WYFI.OQ,12.165,468033,USD,-17.1885636487406
2026-03-26,WYNN.OQ,99.47,409612,USD,-2.3751104131907
2026-03-26,XEL.OQ,77.93,1631536,USD,0.296010296010301
2026-03-26,XENE.OQ,55.53,314432,USD,-0.071981284865933
2026-03-26,XERS.OQ,5.57,605828,USD,5.09433962264152
2026-03-26,XMTR.OQ,40.98,212725,USD,-1.56137400912805
2026-03-26,XOM.N,165.43,3415862,USD,1.32916819796644
2026-03-26,XP.OQ,18.58,1354208,USD,-5.63737938039615
2026-03-26,XPO.N,191.39,239909,USD,-0.762210930208455
2026-03-26,XRAY.OQ,11.665,1024790,USD,-0.128424657534251
2026-03-26,XYL.N,119.49,603819,USD,-1.85626283367557
2026-03-26,XYZ.N,59.37,1264954,USD,-1.06648891851358
2026-03-26,YELP.N,24.75,315790,USD,2.23048327137546
2026-03-26,YETI.N,36.0,379974,USD,-2.80777537796976
2026-03-26,YOU.N,53.4,831621,USD,-1.98237885462555
2026-03-26,YUM.N,156.14,689164,USD,-1.89746167378739
2026-03-26,Z.OQ,41.86,1290819,USD,-3.9908256880734
2026-03-26,ZBH.N,89.15,329303,USD,1.72295755362849
2026-03-26,ZBIO.OQ,22.16,96537,USD,-0.135196034249667
2026-03-26,ZBRA.OQ,204.42,178515,USD,-1.93331734228832
2026-03-26,ZD.OQ,43.33,248013,USD,-0.299125632765768
2026-03-26,ZETA.N,16.08,1215684,USD,-1.71149144254279
2026-03-26,ZG.OQ,42.04,366601,USD,-3.13364055299539
2026-03-26,ZION.OQ,57.25,742795,USD,0.087412587412582
2026-03-26,ZM.OQ,79.32,1373309,USD,1.54909742670592
2026-03-26,ZS.OQ,141.5,646657,USD,1.47733792312106
2026-03-26,ZTS.N,116.63,848333,USD,-0.068545968640218
2026-03-26,ZWS.N,44.81,207510,USD,-3.02964726249729
2026-03-26,ZYME.OQ,24.69,135770,USD,1.89847296739579
2026-03-26,WSBC.OQ,33.89,,USD,0.059049306170662
2026-03-26,WSC.OQ,18.45,,USD,-1.07238605898123
2026-03-26,WSFS.OQ,65.2,,USD,0.524205982115331
2026-03-26,WSM.N,180.56,,USD,-0.753036882317377
2026-03-26,WSO.N,348.01,,USD,-5.21312814925779
2026-03-26,WST.N,248.12,,USD,0.44530807222087
2026-03-26,WT.N,14.55,,USD,-3.0
2026-03-26,WTFC.OQ,135.29,,USD,-1.19769225151538
2026-03-26,WTM.N,2220.71,,USD,0.689183000757186
2026-03-26,WTRG.N,40.79,,USD,2.87515762925599
2026-03-26,WTS.N,290.3,,USD,-2.51519527183586
2026-03-26,WTW.OQ,286.8,,USD,-0.936064384649919
2026-03-26,WU.N,8.97,,USD,-1.42857142857142
2026-03-26,WULF.OQ,15.35,,USD,-8.95610913404508
2026-03-26,WVE.OQ,6.2,,USD,-49.5934959349594
2026-03-26,WWD.OQ,355.66,,USD,-4.41302945603095
2026-03-26,WWW.N,16.47,,USD,-2.31316725978648
2026-03-26,WY.N,23.6,,USD,-0.211416490486246
2026-03-26,WYFI.OQ,12.165,,USD,-17.1885636487406
2026-03-26,WYNN.OQ,99.47,,USD,-2.3751104131907
2026-03-26,XEL.OQ,77.93,,USD,0.296010296010301
2026-03-26,XENE.OQ,55.53,,USD,-0.071981284865933
2026-03-26,XERS.OQ,5.57,,USD,5.09433962264152
2026-03-26,XMTR.OQ,40.98,,USD,-1.56137400912805
2026-03-26,XOM.N,165.43,,USD,1.32916819796644
2026-03-26,XP.OQ,18.58,,USD,-5.63737938039615
2026-03-26,XPO.N,191.39,,USD,-0.762210930208455
2026-03-26,XRAY.OQ,11.665,,USD,-0.128424657534251
2026-03-26,XYL.N,119.49,,USD,-1.85626283367557
2026-03-26,XYZ.N,59.37,,USD,-1.06648891851358
2026-03-26,YELP.N,24.75,,USD,2.23048327137546
2026-03-26,YETI.N,36.0,,USD,-2.80777537796976
2026-03-26,YOU.N,53.4,,USD,-1.98237885462555
2026-03-26,YUM.N,156.14,,USD,-1.89746167378739
2026-03-26,Z.OQ,41.86,,USD,-3.9908256880734
2026-03-26,ZBH.N,89.15,,USD,1.72295755362849
2026-03-26,ZBIO.OQ,22.16,,USD,-0.135196034249667
2026-03-26,ZBRA.OQ,204.42,,USD,-1.93331734228832
2026-03-26,ZD.OQ,43.33,,USD,-0.299125632765768
2026-03-26,ZETA.N,16.08,,USD,-1.71149144254279
2026-03-26,ZG.OQ,42.04,,USD,-3.13364055299539
2026-03-26,ZION.OQ,57.25,,USD,0.087412587412582
2026-03-26,ZM.OQ,79.32,,USD,1.54909742670592
2026-03-26,ZS.OQ,141.5,,USD,1.47733792312106
2026-03-26,ZTS.N,116.63,,USD,-0.068545968640218
2026-03-26,ZWS.N,44.81,,USD,-3.02964726249729
2026-03-26,ZYME.OQ,24.69,,USD,1.89847296739579
2026-03-27,WSBC.OQ,,0,,
2026-03-27,WSC.OQ,,0,,
2026-03-27,WSFS.OQ,,0,,
2026-03-27,WSM.N,,0,,
2026-03-27,WSO.N,,0,,
2026-03-27,WST.N,,0,,
2026-03-27,WT.N,,0,,
2026-03-27,WTFC.OQ,,0,,
2026-03-27,WTM.N,,0,,
2026-03-27,WTRG.N,,0,,
2026-03-27,WTS.N,,0,,
2026-03-27,WTW.OQ,,0,,
2026-03-27,WU.N,,0,,
2026-03-27,WULF.OQ,,0,,
2026-03-27,WVE.OQ,,0,,
2026-03-27,WWD.OQ,,0,,
2026-03-27,WWW.N,,0,,
2026-03-27,WY.N,,0,,
2026-03-27,WYFI.OQ,,0,,
2026-03-27,WYNN.OQ,,0,,
2026-03-27,XEL.OQ,,0,,
2026-03-27,XENE.OQ,,0,,
2026-03-27,XERS.OQ,,0,,
2026-03-27,XMTR.OQ,,0,,
2026-03-27,XOM.N,,0,,
2026-03-27,XP.OQ,,0,,
2026-03-27,XPO.N,,0,,
2026-03-27,XRAY.OQ,,0,,
2026-03-27,XYL.N,,0,,
2026-03-27,XYZ.N,,0,,
2026-03-27,YELP.N,,0,,
2026-03-27,YETI.N,,0,,
2026-03-27,YOU.N,,0,,
2026-03-27,YUM.N,,0,,
2026-03-27,Z.OQ,,0,,
2026-03-27,ZBH.N,,0,,
2026-03-27,ZBIO.OQ,,0,,
2026-03-27,ZBRA.OQ,,0,,
2026-03-27,ZD.OQ,,0,,
2026-03-27,ZETA.N,,0,,
2026-03-27,ZG.OQ,,0,,
2026-03-27,ZION.OQ,,0,,
2026-03-27,ZM.OQ,,0,,
2026-03-27,ZS.OQ,,0,,
2026-03-27,ZTS.N,,0,,
2026-03-27,ZWS.N,,0,,
2026-03-27,ZYME.OQ,,0,,
