Date,RIC,Revenue - Mean,Recommendation - Mean (1-5),Price Target - Mean
2025-04-07,AAMI.N,,3.0,
2025-04-25,AEVA.OQ,,2.0,
2025-06-20,ADEA.OQ,,2.0,
2025-07-10,ADC.N,,2.04762,
2025-09-16,ACT.OQ,,2.6,
2025-09-23,AA.N,12502637750.0,,
2025-09-30,AAON.OQ,,1.57143,
2025-09-30,ADPT.OQ,,1.75,
2025-11-20,AESI.N,,2.66667,
2025-11-30,ACHR.N,,2.33333,
2025-12-12,ADMA.OQ,,,25.66667
2025-12-12,ADMA.OQ,,2.0,25.66667
2025-12-15,ACGL.OQ,,2.38095,
2025-12-16,ABR.N,,3.4,
2026-01-05,ADM.N,,3.07692,
2026-01-07,ADUS.OQ,,1.85714,
2026-01-20,ACI.N,,2.36364,
2026-01-20,ACI.N,83330114470.0,2.36364,
2026-01-21,ACN.N,,2.2,
2026-01-22,ACHC.OQ,,2.5,
2026-01-22,AEE.N,,2.375,
2026-02-03,AAMI.N,716237000.0,,
2026-02-04,AFG.N,,2.71429,
2026-02-05,ACT.OQ,,,45.75
2026-02-06,ADPT.OQ,,,20.85714
2026-02-07,ACLS.OQ,,3.0,
2026-02-07,ACMR.OQ,,2.0,
2026-02-07,AEIS.OQ,,1.83333,
2026-02-09,ACA.N,,1.6,
2026-02-10,ABCB.N,,2.28571,90.07143
2026-02-10,ACM.N,,1.92857,
2026-02-10,ADPT.OQ,282357750.0,,
2026-02-10,ABCB.N,,2.28571,
2026-02-12,ACM.N,7940363110.0,,
2026-02-13,ABNB.OQ,,2.47619,
2026-02-16,ACGL.OQ,,,109.05556
2026-02-17,ACLS.OQ,,,105.1425
2026-02-19,AAP.N,,,56.289
2026-02-20,ACLS.OQ,838448330.0,,
2026-02-22,ACGL.OQ,17315526440.0,,
2026-02-23,ACAD.OQ,,2.14286,
2026-02-24,ADUS.OQ,,,140.23077
2026-02-26,ADMA.OQ,637500000.0,,
2026-02-26,AFG.N,7276500000.0,,
2026-02-27,ADTN.OQ,1181551880.0,2.4,
2026-02-27,AAOI.OQ,,2.42857,
2026-02-27,ACLX.OQ,,,111.13333
2026-02-27,ADTN.OQ,1181551880.0,2.4,13.72364
2026-02-27,ADUS.OQ,1522267500.0,,
2026-02-27,AEVA.OQ,,,24.1
2026-03-01,ACMR.OQ,,,70.6
2026-03-01,AEVA.OQ,32856000.0,,
2026-03-02,ACHC.OQ,3413161460.0,,
2026-03-02,ACA.N,,,127.83333
2026-03-02,ACHC.OQ,3413161460.0,,23.0
2026-03-02,AEHR.OQ,,2.25,
2026-03-03,AAON.OQ,1717916670.0,,
2026-03-03,AAON.OQ,1717916670.0,,117.8
2026-03-03,ABR.N,,,9.33333
2026-03-03,ADT.N,5144606200.0,,
2026-03-03,AEHR.OQ,47749750.0,,
2026-03-03,AESI.N,1071073000.0,,
2026-03-04,ABG.N,,2.7,
2026-03-04,ABR.N,208520000.0,,
2026-03-04,ACAD.OQ,,,31.73684
2026-03-04,ACLX.OQ,,3.0,
2026-03-04,ADNT.N,14641659080.0,2.5,30.37364
2026-03-04,ADSK.OQ,,1.81818,331.96828
2026-03-04,AEP.OQ,,2.29167,
2026-03-04,ADNT.N,,2.5,
2026-03-04,ADNT.N,14641659080.0,2.5,
2026-03-04,ADSK.OQ,,1.81818,
2026-03-05,AAP.N,8542706150.0,2.96429,
2026-03-05,ACA.N,2995820000.0,,
2026-03-05,ACAD.OQ,1248701330.0,,
2026-03-05,ACMR.OQ,1143484570.0,,
2026-03-05,AEHR.OQ,,,36.33333
2026-03-05,AES.N,12873677270.0,,
2026-03-05,AAP.N,,2.96429,
2026-03-06,AES.N,,,15.03556
2026-03-06,AAL.OQ,,2.34615,
2026-03-06,AAMI.N,,,54.33333
2026-03-06,ADSK.OQ,8147218470.0,,
2026-03-06,ADT.N,,2.6,8.1
2026-03-06,AEO.N,,3.07692,
2026-03-06,AES.N,,2.66667,15.03556
2026-03-08,AAPL.OQ,,2.08333,
2026-03-08,ACHR.N,14960710.0,,11.5625
2026-03-09,A.N,,2.09091,162.85222
2026-03-10,AAOI.OQ,,,92.8
2026-03-10,ADI.OQ,,1.89189,
2026-03-11,ABM.N,,2.5,51.42857
2026-03-11,ABT.N,,,132.5308
2026-03-11,AEO.N,5776105360.0,,
2026-03-12,ACT.OQ,1275312330.0,,
2026-03-13,AA.N,,2.42857,
2026-03-13,ABNB.OQ,13705035590.0,,
2026-03-13,ACIW.OQ,1891739400.0,1.83333,63.174
2026-03-13,ACIW.OQ,,1.83333,63.174
2026-03-15,AA.N,,,66.95
2026-03-16,ABNB.OQ,,,144.95147
2026-03-16,ADBE.OQ,,2.45,
2026-03-16,ADEA.OQ,421397250.0,,33.0
2026-03-16,ADM.N,,,61.866
2026-03-17,ABBV.N,67098295640.0,2.15152,
2026-03-17,ABBV.N,,2.15152,
2026-03-17,AAOI.OQ,964433000.0,,
2026-03-17,ABBV.N,67098295640.0,2.15152,251.44414
2026-03-17,ABM.N,9176691860.0,,
2026-03-17,ADBE.OQ,26051121310.0,,
2026-03-17,ADC.N,795975000.0,,
2026-03-17,AESI.N,,,12.26364
2026-03-18,ADP.OQ,,2.84211,
2026-03-18,A.N,7385501000.0,,
2026-03-18,ADBE.OQ,,,324.76548
2026-03-18,ADI.OQ,13984919100.0,,377.57188
2026-03-18,ADP.OQ,21798751290.0,2.84211,
2026-03-19,ABCB.N,1280682400.0,,
2026-03-20,ABG.N,18930508440.0,,249.57143
2026-03-20,ADP.OQ,,,275.81714
2026-03-20,AEE.N,9001060000.0,,116.01917
2026-03-20,AEIS.OQ,2158509600.0,,333.15
2026-03-20,AEO.N,,,24.24556
2026-03-20,AEP.OQ,23218888070.0,,137.29611
2026-03-20,ABG.N,,,249.57143
2026-03-20,AEP.OQ,,,137.29611
2026-03-23,AAL.OQ,,,15.85476
2026-03-23,AAL.OQ,60194802220.0,,15.85476
2026-03-23,AAPL.OQ,465301321430.0,,292.07366
2026-03-23,ABT.N,48008173960.0,,
2026-03-23,ACN.N,,,256.43539
2026-03-23,ADC.N,,,83.75
2026-03-24,ABT.N,,1.96774,
2026-03-24,ACI.N,,,21.80667
2026-03-24,ACLX.OQ,97055420.0,,
2026-03-24,ACM.N,,,126.24
2026-03-24,ACN.N,74115903080.0,,
2026-03-24,ADM.N,83411140400.0,,
2026-03-24,AFG.N,,,141.5
2026-03-25,A.N,7386087550.0,,
2026-03-25,ABCB.N,,,89.92857
2026-03-25,ABT.N,48116285070.0,,
2026-03-25,ACAD.OQ,,2.04762,
2026-03-25,ADM.N,,,62.066
2026-03-25,ADMA.OQ,,2.33333,
2026-03-25,ADUS.OQ,,,139.46154
2026-03-26,A.N,,2.04546,
2026-03-26,ACA.N,,1.66667,127.42857
2026-03-26,ACN.N,74118390560.0,,
2026-03-26,ADSK.OQ,8149404970.0,,
2026-03-26,AEO.N,,3.07143,
2026-03-26,A.N,,2.04546,162.46333
2026-03-26,ABNB.OQ,,,145.59853
2026-03-26,ACA.N,2997833330.0,1.66667,127.42857
2026-03-26,ACN.N,74118390560.0,,255.54923
2026-03-26,ADBE.OQ,,2.5,
2026-03-26,ADSK.OQ,8149404970.0,,331.83035
2026-03-26,AEO.N,5778663250.0,3.07143,
2026-03-26,AES.N,,2.83333,
2026-03-27,AA.N,,2.4,67.47083
2026-03-27,AAL.OQ,60050889170.0,,
2026-03-27,ABG.N,18937138110.0,,
2026-03-27,ADBE.OQ,,2.46154,
2026-03-27,ADMA.OQ,,,23.5
2026-03-27,ADNT.N,,,30.28273
2026-03-27,ADP.OQ,,,275.10286
2026-03-27,AA.N,,2.4,
2026-03-29,A.N,7386508620.0,,
2026-03-29,ADP.OQ,,,271.67429
2026-03-29,ADT.N,5173968500.0,2.5,8.16667
2026-03-30,AAP.N,8543192790.0,,56.039
2026-03-30,ABG.N,18906424300.0,,
2026-03-30,ABT.N,48320564700.0,,132.85654
2026-03-30,ADC.N,798853850.0,,
2026-03-30,ADI.OQ,13996147520.0,1.86487,379.63438
2026-03-30,AEIS.OQ,2160401600.0,,337.65
2026-03-30,AAP.N,,,56.039
2026-03-30,ABT.N,,,132.85654
2026-03-30,ADI.OQ,,1.86487,379.63438
2026-03-30,AEIS.OQ,,,337.65
2026-03-30,ADI.OQ,,1.86487,
2026-03-31,ABNB.OQ,13700509700.0,2.45238,
2026-03-31,ABNB.OQ,,2.45238,
2026-03-31,AAL.OQ,60341645740.0,,15.56905
2026-03-31,AAON.OQ,,,121.8
2026-03-31,ABG.N,18885993100.0,,245.28571
2026-03-31,ABNB.OQ,13700509700.0,2.45238,145.68677
2026-03-31,ADC.N,799053850.0,,
2026-03-31,ADM.N,,,62.466
2026-03-31,ADNT.N,14636434080.0,,
2026-03-31,ADP.OQ,21798986590.0,,268.31714
2026-04-01,AAL.OQ,60509060870.0,,15.28333
2026-04-01,AAMI.N,733514000.0,,55.66667
2026-04-01,AAOI.OQ,982539290.0,,84.16667
2026-04-01,ABR.N,253460000.0,,
2026-04-01,ABT.N,48320490630.0,,
2026-04-01,ACA.N,2997483330.0,,
2026-04-01,ADM.N,,,63.366
2026-04-01,AESI.N,1089183000.0,,12.35455
2026-04-01,AAOI.OQ,982539290.0,,
2026-04-02,AAL.OQ,60524613040.0,,15.1881
2026-04-02,ABCB.N,1280252600.0,,
2026-04-02,ABNB.OQ,,,145.78273
2026-04-02,ABR.N,228493330.0,,9.0
2026-04-02,ACA.N,3004980000.0,1.6,127.83333
2026-04-02,ACAD.OQ,1248558480.0,,
2026-04-02,ACLX.OQ,96658830.0,,
2026-04-02,ADM.N,83482840400.0,,
2026-04-02,AESI.N,1091583000.0,,12.44546
2026-04-02,AAL.OQ,,,15.1881
2026-04-02,ABR.N,228493330.0,,
2026-04-02,ACA.N,,1.6,127.83333
2026-04-02,AESI.N,,,12.44546
2026-04-03,ABBV.N,,,251.44414
2026-04-05,ADNT.N,,,30.19182
2026-04-06,A.N,,,161.35222
2026-04-06,AAL.OQ,60688710740.0,,
2026-04-06,AAPL.OQ,465657923340.0,,292.31756
2026-04-06,ABG.N,18884393100.0,,246.0
2026-04-06,ABT.N,48405973110.0,,132.70269
2026-04-06,ACGL.OQ,17309952780.0,,
2026-04-06,ACI.N,83326853420.0,,22.06875
2026-04-06,ADC.N,798941310.0,,
2026-04-06,ADI.OQ,14005670100.0,,
2026-04-06,ADM.N,83285578100.0,,64.566
2026-04-06,AEE.N,8950155000.0,,116.53667
2026-04-06,AESI.N,1093098890.0,2.63636,
2026-04-06,AAPL.OQ,465657923340.0,,
2026-04-06,ACI.N,,,22.06875
2026-04-07,AA.N,,,68.97083
2026-04-07,AAL.OQ,60856823780.0,,14.61667
2026-04-07,AAPL.OQ,,,293.09805
2026-04-07,ABBV.N,67091724210.0,,
2026-04-07,ABG.N,18863393100.0,,239.14286
2026-04-07,ABR.N,,,8.83333
2026-04-07,ACAD.OQ,1247685760.0,,31.68421
2026-04-07,ACGL.OQ,17467447700.0,,109.55556
2026-04-07,ACM.N,,,124.32333
2026-04-07,ACT.OQ,,,42.194
2026-04-07,ADP.OQ,21799421880.0,,264.96
2026-04-07,AEIS.OQ,2166501600.0,,
2026-04-07,AESI.N,1091583000.0,2.66667,
2026-04-07,AFG.N,7277300000.0,,141.33333
2026-04-07,AAL.OQ,60856823780.0,,
2026-04-07,ACAD.OQ,,,31.68421
2026-04-07,ACGL.OQ,,,109.55556
2026-04-07,ADP.OQ,21799421880.0,,
2026-04-07,AESI.N,,2.66667,
2026-04-08,AA.N,,2.33333,
2026-04-08,ABT.N,,,132.04885
2026-04-08,AEHR.OQ,,2.0,
2026-04-08,AEO.N,,,23.49333
2026-04-08,AA.N,,2.33333,70.30417
2026-04-08,ABBV.N,67080424410.0,,251.09931
2026-04-08,ABG.N,18821523100.0,,235.85714
2026-04-08,ABNB.OQ,13705484700.0,,
2026-04-08,ABT.N,48606720250.0,,132.04885
2026-04-08,ACGL.OQ,17542707000.0,,
2026-04-08,ACT.OQ,1273469000.0,,
2026-04-08,AEHR.OQ,48453500.0,2.0,54.0
2026-04-08,AEO.N,5779539150.0,,23.49333
2026-04-08,AEP.OQ,23231868400.0,,
2026-04-09,ABNB.OQ,13711107020.0,2.44186,
2026-04-09,AEE.N,,2.29412,
2026-04-09,AES.N,,2.91667,
2026-04-09,AA.N,,,71.1375
2026-04-09,AAP.N,8545506100.0,,
2026-04-09,ABBV.N,67075010620.0,,251.34069
2026-04-09,ABNB.OQ,13711107020.0,2.44186,146.93618
2026-04-09,ACGL.OQ,17537476090.0,,
2026-04-09,ADBE.OQ,26031397330.0,,
2026-04-09,ADC.N,796718290.0,,
2026-04-09,ADI.OQ,14010108480.0,,
2026-04-09,ADTN.OQ,,,14.29507
2026-04-09,AEE.N,8986635390.0,2.29412,117.64923
2026-04-09,AES.N,,2.91667,14.92444
2026-04-09,AFG.N,7276740000.0,,140.5
2026-04-10,AAPL.OQ,465763484320.0,,293.3022
2026-04-10,ABBV.N,67081341480.0,,251.34069
2026-04-10,ACHC.OQ,,,23.28571
2026-04-10,ACI.N,83316458680.0,,
2026-04-10,ADBE.OQ,26035501000.0,,323.95903
2026-04-10,ADC.N,799496200.0,,
2026-04-10,ADP.OQ,,,264.24571
2026-04-10,ADSK.OQ,,1.87879,328.89931
2026-04-10,AAPL.OQ,,,293.3022
2026-04-10,ABBV.N,,,251.34069
2026-04-10,ADBE.OQ,,,323.95903
2026-04-10,ADSK.OQ,,,328.89931
2026-04-13,ABG.N,,,233.42857
2026-04-13,ACM.N,,,124.15667
2026-04-13,ADBE.OQ,26036103910.0,,
2026-04-13,AEHR.OQ,,,61.66667
2026-04-13,AESI.N,,,12.71818
2026-04-13,A.N,7386954520.0,,160.79667
2026-04-13,AA.N,,,71.97083
2026-04-13,AAPL.OQ,465719355050.0,,
2026-04-13,ABBV.N,67078340590.0,,
2026-04-13,ABG.N,18802241100.0,,233.42857
2026-04-13,ABNB.OQ,,,146.96559
2026-04-13,ABT.N,48605684540.0,,
2026-04-13,ACAD.OQ,1246781000.0,,
2026-04-13,ACM.N,7935786440.0,,124.15667
2026-04-13,ADBE.OQ,26036103910.0,2.475,
2026-04-13,ADI.OQ,,,380.41563
2026-04-13,ADNT.N,,,29.82818
2026-04-13,ADPT.OQ,,,20.57143
2026-04-13,ADTN.OQ,1181551880.0,2.22222,14.29507
2026-04-13,AEHR.OQ,49078500.0,,61.66667
2026-04-13,AEP.OQ,,,137.57389
2026-04-13,AES.N,12744677270.0,,
2026-04-13,AESI.N,1094621000.0,,12.71818
2026-04-14,AAPL.OQ,,,293.42415
2026-04-14,ACI.N,,,21.56875
2026-04-14,AEE.N,8986020000.0,,
2026-04-14,A.N,7386621190.0,,160.24111
2026-04-14,AAL.OQ,,,14.71191
2026-04-14,AAPL.OQ,465804953340.0,,293.42415
2026-04-14,ABT.N,48606483610.0,,
2026-04-14,ACGL.OQ,,,109.05556
2026-04-14,ACI.N,82826322420.0,,21.56875
2026-04-14,ACM.N,7935753110.0,,
2026-04-14,ACN.N,,,255.16462
2026-04-14,ADNT.N,14636024080.0,,
2026-04-14,ADP.OQ,21797392470.0,,
2026-04-14,ADTN.OQ,1181268330.0,2.2,14.75819
2026-04-14,AEE.N,8986020000.0,,118.57231
2026-04-14,AEP.OQ,,,137.96278
2026-04-14,AESI.N,1102874200.0,,
2026-04-14,AFG.N,7274450000.0,,140.83333
2026-04-15,ADNT.N,,2.35714,
2026-04-15,ADSK.OQ,,1.85294,
2026-04-15,AEP.OQ,23227468400.0,,
2026-04-15,AESI.N,,2.5,
2026-04-15,AAL.OQ,60829725090.0,,
2026-04-15,AAPL.OQ,465747880170.0,,
2026-04-15,ABBV.N,,,251.30621
2026-04-15,ACI.N,82683501050.0,,
2026-04-15,ACN.N,,,254.01077
2026-04-15,ADNT.N,14620940750.0,2.35714,30.10091
2026-04-15,ADSK.OQ,8149448560.0,1.85294,
2026-04-15,AEE.N,,,119.11077
2026-04-15,AEIS.OQ,,,341.65
2026-04-15,AEP.OQ,23227468400.0,,138.01833
2026-04-15,AESI.N,1100095800.0,2.5,13.68182
2026-04-16,ADNT.N,,,29.82818
2026-04-16,AA.N,,,72.47083
2026-04-16,AAL.OQ,60915290300.0,,
2026-04-16,AAP.N,8545867930.0,,
2026-04-16,ABT.N,49287845820.0,,126.20269
2026-04-16,ACIW.OQ,1890819400.0,,
2026-04-16,ACM.N,7932654000.0,,123.24
2026-04-16,ADBE.OQ,,,322.34613
2026-04-16,ADNT.N,14618974080.0,,29.82818
2026-04-16,AEHR.OQ,49066000.0,,
2026-04-16,AEP.OQ,,,138.12944
2026-04-16,AES.N,12761131820.0,,14.81333
2026-04-17,AA.N,,,72.55417
2026-04-17,AAL.OQ,60941725090.0,,
2026-04-17,AAPL.OQ,466307928950.0,,
2026-04-17,ABG.N,18794741100.0,,
2026-04-17,ABT.N,49772697730.0,,120.97192
2026-04-17,ACAD.OQ,1246738910.0,,
2026-04-17,ACHC.OQ,,,23.57143
2026-04-17,ACHR.N,14325000.0,,11.4375
2026-04-17,ACI.N,82628351050.0,,
2026-04-17,ACM.N,7920876220.0,,121.90667
2026-04-17,ADBE.OQ,,,321.37839
2026-04-17,ADC.N,797654690.0,,84.08333
2026-04-17,ADI.OQ,14010140740.0,,
2026-04-17,ADSK.OQ,,,327.41655
2026-04-17,ADTN.OQ,1180426880.0,2.11111,15.58079
2026-04-17,AEE.N,8985943080.0,,
2026-04-17,AEHR.OQ,49836000.0,,63.66667
2026-04-17,AES.N,12855573000.0,,14.665
2026-04-17,ACHR.N,,,11.4375
2026-04-17,ACM.N,7920876220.0,,
2026-04-17,AES.N,,,14.665
2026-04-20,AAPL.OQ,,2.0625,
2026-04-20,ABBV.N,,2.14706,
2026-04-20,AAPL.OQ,,2.0625,294.39976
2026-04-20,ABBV.N,,2.14706,251.66267
2026-04-20,ACHC.OQ,3413250000.0,,
2026-04-20,ACI.N,,,21.50625
2026-04-20,ADI.OQ,14020261340.0,,
2026-04-20,AEE.N,,2.27778,
2026-04-20,AEP.OQ,,2.25,
2026-04-20,AA.N,,,73.20833
2026-04-20,AAPL.OQ,466648636550.0,2.0625,294.39976
2026-04-20,ABBV.N,67083163070.0,2.14706,251.66267
2026-04-20,ABT.N,50028487400.0,,120.46385
2026-04-20,ACGL.OQ,17511196550.0,,
2026-04-20,ACHC.OQ,3413250000.0,,23.89286
2026-04-20,ACI.N,82649351050.0,,21.50625
2026-04-20,ACLS.OQ,,,119.8925
2026-04-20,ACT.OQ,,,42.394
2026-04-20,ADI.OQ,14020261340.0,,385.88438
2026-04-20,ADM.N,83060248100.0,,65.066
2026-04-20,ADMA.OQ,632366670.0,,
2026-04-20,AEE.N,9017587570.0,2.27778,120.10286
2026-04-20,AEP.OQ,23165572880.0,2.25,139.2279
2026-04-20,AESI.N,1107995800.0,,14.0
2026-04-21,ABT.N,,2.0,119.65615
2026-04-21,AA.N,,,74.125
2026-04-21,AAL.OQ,60878604210.0,,14.56905
2026-04-21,AAOI.OQ,,,94.16667
2026-04-21,ABBV.N,67086120300.0,,
2026-04-21,ABNB.OQ,,,148.02515
2026-04-21,ABT.N,50143369710.0,2.0,119.65615
2026-04-21,ACI.N,82476254440.0,,
2026-04-21,ACN.N,74116590560.0,,
2026-04-21,ADC.N,801861350.0,,84.97222
2026-04-21,ADMA.OQ,,2.25,22.66667
2026-04-21,ADP.OQ,,,259.81714
2026-04-21,AEE.N,9048596500.0,,120.24571
2026-04-21,AEO.N,5777846850.0,,
2026-04-21,AEP.OQ,23192256820.0,,141.12263
2026-04-22,ABNB.OQ,,2.41861,
2026-04-22,AEP.OQ,,,140.96474
2026-04-22,AAPL.OQ,466912398450.0,,
2026-04-22,ABBV.N,,,251.496
2026-04-22,ABNB.OQ,13717562390.0,2.41861,149.29788
2026-04-22,ACAD.OQ,1246691290.0,,
2026-04-22,ACI.N,82546592410.0,,
2026-04-22,ACLS.OQ,,2.83333,
2026-04-22,ADC.N,802257650.0,,85.08333
2026-04-22,ADM.N,83068900800.0,,65.466
2026-04-22,AEP.OQ,23184845060.0,,140.96474
2026-04-23,AAL.OQ,,2.38462,
2026-04-23,AAL.OQ,61315908750.0,2.38462,14.64048
2026-04-23,ABCB.N,1282293400.0,,
2026-04-23,ADC.N,802658120.0,,85.38889
2026-04-23,ADNT.N,14618057420.0,,
2026-04-23,ADSK.OQ,8149889520.0,,326.21793
2026-04-24,AAL.OQ,61353862120.0,,14.6881
2026-04-24,AAP.N,8549402520.0,,
2026-04-24,ABCB.N,1284273400.0,,90.5
2026-04-24,ABT.N,50143409430.0,,
2026-04-24,ACA.N,2918240000.0,,
2026-04-24,ACAD.OQ,,,31.57895
2026-04-24,ACGL.OQ,17511109640.0,,
2026-04-24,ADM.N,82867668670.0,3.0,66.40667
2026-04-26,ADI.OQ,,,386.19688
2026-04-27,AAL.OQ,61806708120.0,,14.83095
2026-04-27,AAMI.N,718277500.0,,57.66667
2026-04-27,AAPL.OQ,,,294.57049
2026-04-27,ABCB.N,1299116000.0,,93.5
2026-04-27,ABNB.OQ,13718396050.0,,149.75242
2026-04-27,ACHC.OQ,,,24.32143
2026-04-27,ACM.N,,,121.82333
2026-04-27,ADBE.OQ,,2.5,319.92677
2026-04-27,ADC.N,804908710.0,,85.44444
2026-04-27,AEP.OQ,23186419770.0,,
2026-04-27,AES.N,12827686500.0,,
2026-04-28,ACGL.OQ,,2.31818,
2026-04-28,AAL.OQ,62228042250.0,,14.78333
2026-04-28,AAOI.OQ,982539290.0,,
2026-04-28,AAP.N,8549402520.0,,
2026-04-28,AAPL.OQ,467091518930.0,,
2026-04-28,ABG.N,18460622300.0,,230.14286
2026-04-28,ACGL.OQ,,2.31818,109.44444
2026-04-28,ACHR.N,14325000.0,,
2026-04-28,ACLX.OQ,90078440.0,3.0,112.18182
2026-04-28,ACN.N,74116590560.0,,
2026-04-28,ADBE.OQ,26036103910.0,,
2026-04-28,ADI.OQ,14020261340.0,,
2026-04-28,ADNT.N,14618057420.0,,
2026-04-28,AES.N,12862721670.0,,
2026-04-29,ABBV.N,67172294100.0,,251.896
2026-04-29,ABG.N,18383462300.0,,228.42857
2026-04-29,ABT.N,50247429790.0,,
2026-04-29,ACGL.OQ,17448640360.0,,109.63889
2026-04-29,ACHC.OQ,3413299920.0,,
2026-04-29,ACLX.OQ,85438250.0,3.0,111.5
2026-04-29,ADP.OQ,21871226290.0,,253.24571
2026-04-29,AFG.N,,2.75,
2026-04-30,ABBV.N,67170027430.0,,251.996
2024-11-08,AMN.N,,2.77778,
2024-12-20,AM.N,,3.25,
2025-05-19,AHCO.OQ,,2.0,
2025-07-24,ALKT.OQ,,2.0,
2025-08-01,AIN.N,,3.25,
2025-09-02,ALLE.N,,2.53846,
2025-09-02,AMG.N,,1.5,
2025-09-04,AMD.OQ,40086874800.0,,
2025-09-16,AGO.N,,2.33333,
2025-09-16,AIZ.N,,2.0,
2025-10-30,AKR.N,,1.875,
2025-11-04,AGM.N,,2.0,
2025-11-24,ALHC.OQ,,1.69231,
2025-11-25,AGIO.OQ,,2.0,
2025-12-08,ALSN.N,,2.54546,
2025-12-15,AFL.N,,2.92857,
2025-12-16,AGYS.OQ,,2.0,
2025-12-19,AGCO.N,,2.73333,
2025-12-23,ALGN.OQ,,2.23529,
2026-01-09,AMH.N,,2.33333,
2026-01-12,AKAM.OQ,,2.30769,
2026-01-12,AMKR.OQ,,2.75,
2026-01-14,ALRM.OQ,,2.42857,
2026-01-16,AIN.N,,,58.0
2026-01-26,AIR.N,,1.875,
2026-01-27,AGYS.OQ,317899140.0,,
2026-01-28,AGNC.OQ,,2.57143,
2026-01-28,AGNC.OQ,1741592290.0,2.57143,11.75
2026-01-29,AHR.N,,1.76923,
2026-01-29,AMP.N,,2.33333,
2026-02-03,AMP.N,,,567.01091
2026-02-05,ALGT.OQ,,2.45455,
2026-02-10,AGCO.N,10543580200.0,,126.33333
2026-02-10,AMKR.OQ,,,50.34857
2026-02-12,AME.N,,2.25,
2026-02-13,AMAT.OQ,,1.94595,
2026-02-15,ALKS.OQ,,2.0625,
2026-02-16,AMKR.OQ,7444621560.0,,
2026-02-17,AGYS.OQ,,,136.38667
2026-02-17,AKR.N,,,23.16667
2026-02-19,AFRM.OQ,,2.06452,
2026-02-19,ALGM.OQ,882806580.0,,
2026-02-20,ALRM.OQ,,,61.6
2026-02-20,AMN.N,,,22.21429
2026-02-22,AGM.N,,,215.0
2026-02-23,AGM.N,460288500.0,,
2026-02-23,AMG.N,2330123600.0,,
2026-02-24,AKAM.OQ,4475571090.0,,
2026-02-24,AMN.N,3170561110.0,,
2026-02-25,AIN.N,1185333330.0,,
2026-02-25,AIZ.N,13628808860.0,,261.33333
2026-02-26,AHCO.OQ,3467751380.0,,12.875
2026-02-26,AI.N,,3.25,
2026-02-26,ALB.N,,,190.66381
2026-02-26,ALKT.OQ,529973400.0,,23.0
2026-02-26,ALRM.OQ,1061038500.0,,
2026-02-26,AMBA.OQ,,2.26667,
2026-02-26,AHCO.OQ,3467751380.0,,
2026-02-26,ALKT.OQ,,,23.0
2026-03-01,AFL.N,,,113.0
2026-03-02,AMBA.OQ,,,89.55154
2026-03-02,ALHC.OQ,,,25.45455
2026-03-02,AMBA.OQ,443137140.0,,89.55154
2026-03-02,AMD.OQ,,,280.14128
2026-03-02,AMLX.OQ,,1.45455,
2026-03-03,ALG.N,,,209.25
2026-03-03,AMLX.OQ,0.0,,
2026-03-04,AIG.N,29314145630.0,,
2026-03-04,ALAB.OQ,1344899950.0,,204.577
2026-03-05,AIG.N,,2.5,
2026-03-05,AGIO.OQ,,,41.14286
2026-03-05,AIG.N,,2.5,87.89474
2026-03-05,ALAB.OQ,,2.0,
2026-03-05,ALL.N,,2.20833,
2026-03-05,AMD.OQ,,2.01818,
2026-03-06,AMAT.OQ,31347722850.0,,407.72563
2026-03-06,AMG.N,,,410.16667
2026-03-06,AMAT.OQ,31347722850.0,,
2026-03-09,AKR.N,412279000.0,,
2026-03-10,AGX.N,,2.66667,
2026-03-10,AFRM.OQ,4134375330.0,,
2026-03-10,AGX.N,942979200.0,2.66667,385.66667
2026-03-10,ALLE.N,,,179.655
2026-03-10,AMGN.OQ,,2.56757,
2026-03-11,AI.N,,,11.685
2026-03-11,AI.N,248804270.0,,11.685
2026-03-11,AME.N,7981012750.0,,249.19588
2026-03-12,AGIO.OQ,92669780.0,,
2026-03-12,AHR.N,2662571110.0,,
2026-03-12,AKAM.OQ,,,110.55783
2026-03-12,ALHC.OQ,5175679200.0,,
2026-03-13,ALLE.N,4323786540.0,,
2026-03-13,ALLY.N,,2.10526,
2026-03-15,ALNY.OQ,,2.1,445.97111
2026-03-15,ALSN.N,,,122.54
2026-03-15,ALNY.OQ,,2.1,
2026-03-15,ALNY.OQ,5576097390.0,2.1,445.97111
2026-03-15,ALSN.N,5410548130.0,,122.54
2026-03-16,ALG.N,,1.75,
2026-03-16,ALG.N,1675231200.0,1.75,
2026-03-16,AM.N,1282609400.0,,
2026-03-17,AHR.N,,,58.07692
2026-03-17,AIT.N,4869679430.0,1.875,295.92143
2026-03-17,ALGN.OQ,4186516400.0,,203.83933
2026-03-17,AMP.N,19151080880.0,,
2026-03-17,AIT.N,,1.875,
2026-03-17,ALGN.OQ,,,203.83933
2026-03-18,AGO.N,848605000.0,,102.33333
2026-03-18,ALB.N,5637593300.0,2.16,
2026-03-18,AGO.N,,,102.33333
2026-03-18,ALB.N,,2.16,
2026-03-19,AMH.N,,,34.525
2026-03-19,AFL.N,16947317000.0,,
2026-03-19,ALL.N,62722402220.0,,
2026-03-19,AMGN.OQ,37823003160.0,,353.57767
2026-03-19,AMH.N,1880390860.0,,34.525
2026-03-19,AMLX.OQ,,,22.8
2026-03-20,AFRM.OQ,,,82.102
2026-03-20,ALL.N,,,241.68421
2026-03-20,ALMS.OQ,7889000.0,1.45455,39.4
2026-03-20,ALMS.OQ,,1.45455,39.4
2026-03-20,ALMS.OQ,,1.45455,
2026-03-22,AMCR.N,,1.83333,52.91111
2026-03-22,AMCR.N,,1.83333,
2026-03-23,ALGT.OQ,,,109.0
2026-03-23,ALK.N,,1.83333,
2026-03-23,ALLY.N,,,53.26667
2026-03-23,ALGT.OQ,2745110820.0,,109.0
2026-03-23,ALK.N,15539902600.0,1.83333,65.65625
2026-03-23,ALKS.OQ,1797719310.0,,43.52941
2026-03-23,ALLY.N,8992344930.0,,53.26667
2026-03-23,AMCR.N,23001450000.0,,
2026-03-24,AIR.N,3226129570.0,,114.885
2026-03-24,AJG.N,16833731810.0,2.20833,267.43421
2026-03-24,ALGM.OQ,,1.76923,45.83333
2026-03-24,AM.N,,,21.83333
2026-03-24,AJG.N,16833731810.0,2.20833,
2026-03-24,ALGM.OQ,,1.76923,
2026-03-24,AJG.N,,2.20833,
2026-03-25,AFL.N,,2.93333,
2026-03-25,AIR.N,,,120.71833
2026-03-25,AFL.N,,2.93333,113.0
2026-03-25,AIR.N,3241647430.0,,120.71833
2026-03-25,ALNY.OQ,5570923480.0,,
2026-03-25,AM.N,1281299400.0,,
2026-03-26,ALNY.OQ,,,445.82704
2026-03-26,AME.N,,2.2381,
2026-03-26,AFRM.OQ,,,81.102
2026-03-26,AGM.N,464380500.0,,215.33333
2026-03-26,AGX.N,1240126200.0,,405.5
2026-03-26,AIR.N,3250318860.0,,
2026-03-26,ALMS.OQ,8211110.0,,
2026-03-26,ALNY.OQ,5571643330.0,,445.82704
2026-03-26,AME.N,7978250240.0,2.2381,249.40722
2026-03-27,AGX.N,,2.5,
2026-03-27,AMKR.OQ,7447103400.0,,
2026-03-27,AGX.N,1256406200.0,2.5,422.6
2026-03-27,AMKR.OQ,7447103400.0,,53.25429
2026-03-27,AMLX.OQ,,1.58333,
2026-03-29,AME.N,7977193100.0,,
2026-03-29,AMH.N,1881263400.0,,
2026-03-30,AGX.N,1251806200.0,,442.2
2026-03-30,AIR.N,3271457860.0,,121.885
2026-03-30,ALLY.N,8992678270.0,,
2026-03-30,ALMS.OQ,8985000.0,,38.4
2026-03-30,AME.N,,,248.79611
2026-03-30,AGX.N,1251806200.0,,
2026-03-30,AIR.N,3271457860.0,,
2026-03-31,ALLY.N,,,52.86667
2026-03-31,AFRM.OQ,4134076070.0,,80.502
2026-03-31,AGIO.OQ,,,43.0
2026-03-31,AGX.N,,,452.2
2026-03-31,AJG.N,,,267.38158
2026-03-31,ALGT.OQ,2761565180.0,,
2026-03-31,ALK.N,15569566000.0,,64.75
2026-03-31,ALLY.N,8989755600.0,,52.86667
2026-03-31,AMAT.OQ,,,408.66313
2026-04-01,AGNC.OQ,,,11.5
2026-04-01,AMAT.OQ,,1.91892,
2026-04-01,AGNC.OQ,1723735140.0,,11.5
2026-04-01,AHR.N,2676216110.0,,
2026-04-01,AIG.N,,,87.72222
2026-04-01,ALGN.OQ,4184696400.0,,
2026-04-01,ALGT.OQ,2784570640.0,,105.36364
2026-04-01,ALK.N,15616572670.0,,63.1875
2026-04-01,ALLE.N,4324478850.0,,178.555
2026-04-01,AMAT.OQ,31423582550.0,1.91892,412.88188
2026-04-01,AME.N,7978192100.0,,
2026-04-01,AMP.N,19108330880.0,,559.28364
2026-04-02,AFRM.OQ,4134169790.0,,80.346
2026-04-02,AGCO.N,10528106870.0,,125.66667
2026-04-02,AGIO.OQ,93892000.0,,44.85714
2026-04-02,AKAM.OQ,4475433960.0,,110.24913
2026-04-02,ALAB.OQ,1352860480.0,,202.077
2026-04-02,ALG.N,1671031200.0,,204.25
2026-04-02,ALK.N,15606039330.0,,61.875
2026-04-02,ALLY.N,8991952430.0,2.05556,
2026-04-02,AM.N,,,22.33333
2026-04-02,AMAT.OQ,31348158300.0,,415.38188
2026-04-02,AME.N,7978334950.0,,
2026-04-02,AMG.N,2318295600.0,,395.66667
2026-04-02,AMGN.OQ,37819322840.0,,353.44433
2026-04-02,AFRM.OQ,,,80.346
2026-04-02,AGCO.N,,,125.66667
2026-04-02,AGIO.OQ,,,44.85714
2026-04-02,ALAB.OQ,1352860480.0,,
2026-04-02,ALK.N,,,61.875
2026-04-02,ALLY.N,,2.05556,
2026-04-02,AMAT.OQ,,,415.38188
2026-04-03,AGX.N,,,504.0
2026-04-05,AMCR.N,22934187500.0,,
2026-04-06,AIT.N,4870278250.0,,
2026-04-06,AIZ.N,,,260.0
2026-04-06,ALLE.N,,,175.255
2026-04-06,ALLY.N,,,52.53333
2026-04-06,AMP.N,19042884380.0,,
2026-04-06,AFL.N,16936973430.0,,
2026-04-06,AGNC.OQ,1601878000.0,,
2026-04-06,AIG.N,29380333380.0,,87.66667
2026-04-06,AIT.N,4870278250.0,,296.04857
2026-04-06,AIZ.N,13628677710.0,,260.0
2026-04-06,AJG.N,16831096000.0,,267.22368
2026-04-06,AKAM.OQ,4475130630.0,,110.98826
2026-04-06,ALK.N,15632693600.0,,
2026-04-06,ALLE.N,4323418920.0,,175.255
2026-04-06,ALLY.N,8984099930.0,,52.53333
2026-04-06,ALNY.OQ,5572435000.0,,
2026-04-06,ALSN.N,5750585630.0,,
2026-04-06,AM.N,,,22.5
2026-04-06,AMD.OQ,,,279.88596
2026-04-06,AMG.N,2312129400.0,,394.5
2026-04-06,AMKR.OQ,,2.66667,
2026-04-06,AMP.N,19042884380.0,,554.92
2026-04-07,AIG.N,,,87.38889
2026-04-07,ALGT.OQ,,,101.63636
2026-04-07,ALNY.OQ,,,445.27148
2026-04-07,AFL.N,,,110.47
2026-04-07,AFRM.OQ,4130780500.0,,
2026-04-07,AIG.N,29383862250.0,,87.38889
2026-04-07,AJG.N,16817223250.0,,273.9125
2026-04-07,AKAM.OQ,4478087000.0,,111.76696
2026-04-07,ALGT.OQ,2806721460.0,,101.63636
2026-04-07,ALK.N,15670353670.0,,61.0
2026-04-07,ALKS.OQ,1797574880.0,,43.47059
2026-04-07,ALL.N,62688615670.0,,241.42105
2026-04-07,ALLY.N,8986314210.0,,
2026-04-07,ALNY.OQ,5577337600.0,,445.27148
2026-04-07,AMAT.OQ,31342431030.0,,
2026-04-07,AMCR.N,22962937500.0,,
2026-04-07,AME.N,,,248.90722
2026-04-07,AMGN.OQ,37818891590.0,,353.77767
2026-04-07,AMP.N,,,548.55636
2026-04-08,AFL.N,16901000860.0,,110.04143
2026-04-08,AGIO.OQ,92121800.0,,
2026-04-08,AIG.N,29391288500.0,,
2026-04-08,AIR.N,,,123.885
2026-04-08,AIZ.N,13625086290.0,,
2026-04-08,AJG.N,16806424820.0,2.16667,273.9275
2026-04-08,ALB.N,5655098300.0,,191.14
2026-04-08,ALGN.OQ,4179389730.0,,
2026-04-08,ALLE.N,4323088460.0,,
2026-04-08,ALRM.OQ,1060701570.0,2.5,58.20333
2026-04-08,AME.N,7977430190.0,,250.19588
2026-04-08,AMG.N,2300268800.0,,386.66667
2026-04-08,AMGN.OQ,37825016590.0,,354.111
2026-04-08,AMP.N,19017530750.0,,548.10182
2026-04-08,AJG.N,,2.16667,
2026-04-08,AJG.N,,2.16667,273.9275
2026-04-08,ALB.N,,,191.14
2026-04-08,ALRM.OQ,,2.5,58.20333
2026-04-08,AMG.N,2300268800.0,,
2026-04-08,AMP.N,19017530750.0,,
2026-04-09,AFL.N,16873239430.0,,110.04143
2026-04-09,AGYS.OQ,,,128.05333
2026-04-09,AIG.N,,,87.33333
2026-04-09,AJG.N,16810351220.0,,
2026-04-09,ALAB.OQ,,,200.577
2026-04-09,ALB.N,5655194300.0,,
2026-04-09,ALKS.OQ,1797597530.0,,44.05882
2026-04-09,ALL.N,62703949000.0,,241.52632
2026-04-09,ALLY.N,8986242790.0,,
2026-04-09,ALNY.OQ,5560138310.0,,
2026-04-09,AMAT.OQ,31348015030.0,,417.41313
2026-04-09,AMG.N,,,387.66667
2026-04-09,AMGN.OQ,37833266590.0,,354.111
2026-04-09,AMP.N,,,545.34333
2026-04-09,ALKS.OQ,,,44.05882
2026-04-09,ALL.N,,,241.52632
2026-04-10,AGNC.OQ,1645363250.0,,
2026-04-10,AHR.N,2684038330.0,,
2026-04-10,ALLY.N,,,52.6
2026-04-10,AMAT.OQ,31375439270.0,,418.97563
2026-04-10,AMGN.OQ,37819577590.0,,354.67767
2026-04-10,AMP.N,19020786780.0,,542.59333
2026-04-10,AMAT.OQ,31375439270.0,,
2026-04-12,AFL.N,16850468000.0,,
2026-04-12,AMGN.OQ,,,355.011
2026-04-13,AFL.N,,,109.75571
2026-04-13,AFRM.OQ,4134763070.0,,79.946
2026-04-13,AGCO.N,10528631400.0,,
2026-04-13,AHCO.OQ,,,13.0
2026-04-13,AHR.N,2697951000.0,,
2026-04-13,AIG.N,,,87.22222
2026-04-13,AJG.N,,,273.8775
2026-04-13,AKAM.OQ,4477863800.0,,112.41913
2026-04-13,ALAB.OQ,1352595000.0,,200.5945
2026-04-13,ALB.N,,,191.42571
2026-04-13,ALL.N,62698393440.0,,
2026-04-13,ALLE.N,4325225000.0,2.5,175.23182
2026-04-13,ALSN.N,5755764630.0,,123.165
2026-04-13,AMAT.OQ,,,420.06938
2026-04-13,AMBA.OQ,440609230.0,,
2026-04-13,AMCR.N,22981393850.0,,53.88222
2026-04-13,AMGN.OQ,37819034970.0,,
2026-04-13,AMH.N,1881130070.0,,34.475
2026-04-13,AFRM.OQ,4134763070.0,,
2026-04-13,AKAM.OQ,,,112.41913
2026-04-13,ALLE.N,,2.5,
2026-04-13,AMH.N,1881130070.0,,
2026-04-14,AGCO.N,10528497200.0,,
2026-04-14,AHR.N,,,57.92308
2026-04-14,AIG.N,,,87.16667
2026-04-14,ALB.N,5709214100.0,,192.33048
2026-04-14,ALK.N,15698153670.0,,61.0625
2026-04-14,ALL.N,62686393440.0,,242.21053
2026-04-14,AMGN.OQ,37829519410.0,,
2026-04-14,ALK.N,,,61.0625
2026-04-15,AFL.N,,,109.61286
2026-04-15,AJG.N,,,273.5275
2026-04-15,ALGN.OQ,4179496350.0,,206.11063
2026-04-15,ALHC.OQ,5175572000.0,,
2026-04-15,ALK.N,15683221000.0,,
2026-04-15,AMD.OQ,,,280.52426
2026-04-15,AMGN.OQ,37820015970.0,,
2026-04-16,AGNC.OQ,1681211780.0,,
2026-04-16,ALK.N,15687754330.0,,
2026-04-16,ALL.N,62639771220.0,,236.6665
2026-04-16,ALLY.N,8986285930.0,,
2026-04-16,ALNY.OQ,5555910960.0,,
2026-04-16,AMCR.N,22936151920.0,,53.43778
2026-04-16,AMH.N,,,34.473
2026-04-17,ALL.N,,,236.6165
2026-04-17,AFRM.OQ,,,79.146
2026-04-17,AGIO.OQ,91459400.0,,
2026-04-17,AJG.N,16845618580.0,,
2026-04-17,ALB.N,,2.24,
2026-04-17,ALGM.OQ,,,46.08333
2026-04-17,ALGT.OQ,2807221460.0,,
2026-04-17,ALHC.OQ,5173444750.0,1.64286,25.33333
2026-04-17,ALK.N,15690541000.0,,60.25
2026-04-17,ALL.N,62626104560.0,,236.6165
2026-04-17,ALLY.N,8957860790.0,,53.0
2026-04-17,AMD.OQ,,,282.01362
2026-04-17,AMGN.OQ,37827618060.0,,
2026-04-19,AM.N,1280542600.0,,
2026-04-19,AMD.OQ,,,282.86468
2026-04-19,AMGN.OQ,37828403270.0,,355.24433
2026-04-20,ALLY.N,,,54.8
2026-04-20,AMCR.N,,1.90909,53.6175
2026-04-20,AGIO.OQ,,,42.28571
2026-04-20,AHCO.OQ,3463223130.0,,13.1875
2026-04-20,AIG.N,,,86.58824
2026-04-20,AKAM.OQ,4477508440.0,,
2026-04-20,ALB.N,5704259620.0,,193.07095
2026-04-20,ALK.N,15717274330.0,,58.8125
2026-04-20,ALLE.N,4324026430.0,,172.68636
2026-04-20,ALLY.N,8943925770.0,,54.8
2026-04-20,ALNY.OQ,5552485850.0,,
2026-04-20,ALRM.OQ,1060801380.0,,
2026-04-20,ALSN.N,5759679670.0,,126.04
2026-04-20,AMCR.N,22945231250.0,1.90909,53.6175
2026-04-20,AMKR.OQ,,,54.68286
2026-04-21,AFRM.OQ,4134840210.0,2.0625,78.98654
2026-04-21,AGNC.OQ,1730545110.0,,11.625
2026-04-21,ALAB.OQ,1354455220.0,2.04167,199.61381
2026-04-21,ALB.N,5743938710.0,,195.69
2026-04-21,ALGN.OQ,4179968710.0,,207.04813
2026-04-21,ALGT.OQ,2796789270.0,,
2026-04-21,ALK.N,15733845070.0,,58.03125
2026-04-21,ALL.N,62634488000.0,,
2026-04-21,AM.N,1285913170.0,3.125,23.5
2026-04-21,AMGN.OQ,37856744350.0,2.57895,355.59129
2026-04-21,AFRM.OQ,,2.0625,78.98654
2026-04-21,AGNC.OQ,1730545110.0,,
2026-04-21,ALAB.OQ,,2.04167,199.61381
2026-04-21,ALGN.OQ,,,207.04813
2026-04-21,ALK.N,,,58.03125
2026-04-21,AM.N,,3.125,23.5
2026-04-21,AMGN.OQ,,2.57895,355.59129
2026-04-22,AGCO.N,10533263870.0,,126.0
2026-04-22,AGNC.OQ,,,11.5625
2026-04-22,ALB.N,5751860710.0,2.28,197.49952
2026-04-22,ALK.N,15735167070.0,,
2026-04-22,ALKS.OQ,1797732820.0,,
2026-04-22,AMGN.OQ,37815097290.0,,
2026-04-22,AMKR.OQ,7467639460.0,,
2026-04-22,ALB.N,,2.28,
2026-04-23,AGNC.OQ,,,11.4375
2026-04-23,AKAM.OQ,4478612440.0,,113.0713
2026-04-23,ALGN.OQ,4180361060.0,,
2026-04-23,ALKT.OQ,528633400.0,,
2026-04-23,ALLY.N,8942716240.0,,
2026-04-23,AM.N,1287079830.0,,
2026-04-23,AMCR.N,22927210420.0,,
2026-04-23,AMP.N,19023897890.0,,537.51
2026-04-24,AGNC.OQ,1703143250.0,,11.5
2026-04-24,ALGN.OQ,,,208.23563
2026-04-24,ALK.N,15741844130.0,,58.34375
2026-04-24,ALL.N,,2.24,
2026-04-24,ALNY.OQ,5550708070.0,,445.16037
2026-04-24,AMD.OQ,,2.0,287.7583
2026-04-24,AMGN.OQ,37806597290.0,,
2026-04-24,AMH.N,1880436730.0,,34.523
2026-04-24,AMP.N,19072482110.0,,537.42667
2026-04-24,AGNC.OQ,,,11.5
2026-04-24,AMH.N,1880436730.0,,
2026-04-26,ALB.N,5778370760.0,,198.45191
2026-04-26,AMP.N,19079352110.0,,539.17667
2026-04-26,AMP.N,,,539.17667
2026-04-27,AFL.N,16901039430.0,,
2026-04-27,AFRM.OQ,4134879350.0,,
2026-04-27,AIG.N,,2.52174,83.51444
2026-04-27,AIT.N,,,300.76286
2026-04-27,ALGM.OQ,,,46.75
2026-04-27,ALK.N,15749153070.0,,58.78125
2026-04-27,AMD.OQ,,2.01818,290.8434
2026-04-27,AMH.N,,,34.573
2026-04-27,AMKR.OQ,7522543270.0,,61.25429
2026-04-27,ALK.N,,,58.78125
2026-04-27,AMD.OQ,,2.01818,
2026-04-28,AFRM.OQ,4134879350.0,,
2026-04-28,AGO.N,848605000.0,,
2026-04-28,AGYS.OQ,317899140.0,,
2026-04-28,AHR.N,2697951000.0,,
2026-04-28,AI.N,248804270.0,,
2026-04-28,AIR.N,3271457860.0,,
2026-04-28,AIT.N,4896239750.0,,324.55667
2026-04-28,ALAB.OQ,1354455220.0,,
2026-04-28,ALK.N,15749153070.0,,
2026-04-28,ALLE.N,4352117290.0,,167.50455
2026-04-28,AMAT.OQ,31375439270.0,,421.47563
2026-04-28,AMBA.OQ,440609230.0,,
2026-04-28,AMGN.OQ,37806597290.0,,
2026-04-28,AMH.N,,,34.71238
2026-04-28,AMKR.OQ,7593625090.0,2.75,69.11143
2026-04-28,AMLX.OQ,,,23.3
2026-04-28,AMP.N,19079352110.0,,
2026-04-28,ALLE.N,,,167.50455
2026-04-28,AMKR.OQ,,2.75,69.11143
2026-04-29,AFL.N,,2.9375,109.97
2026-04-29,AGIO.OQ,111042200.0,,41.85714
2026-04-29,AGNC.OQ,1724735140.0,,
2026-04-29,ALGN.OQ,4178186000.0,,209.79813
2026-04-29,ALKS.OQ,,,44.35294
2026-04-29,ALKT.OQ,528733400.0,,
2026-04-29,ALL.N,,,236.5165
2026-04-29,ALLE.N,4357831570.0,,
2026-04-29,AMD.OQ,,,292.43915
2026-04-29,AMKR.OQ,7612324180.0,,
2026-04-30,ALKT.OQ,,,22.375
2026-04-30,AMP.N,19137345000.0,,540.42667
2024-03-28,APAM.N,,3.0,
2025-07-18,AMPX.N,,1.71429,
2025-07-24,ARQT.OQ,,1.875,
2025-08-13,AORT.N,,1.85714,
2025-08-28,AROC.N,1584532400.0,,
2025-09-03,AROC.N,,1.77778,
2025-09-08,APEI.OQ,,1.875,
2025-11-06,ARCB.OQ,,2.30769,
2025-11-18,AMSC.OQ,,1.75,
2025-11-26,AMTM.N,,2.45455,
2025-12-09,AMRX.OQ,,2.0,
2025-12-10,APO.N,,2.0,
2025-12-11,APPF.OQ,,1.875,
2025-12-12,ANIP.OQ,,1.75,
2026-01-06,ANAB.OQ,,1.69231,
2026-01-06,APLE.N,,2.55556,
2026-01-09,AOS.N,,2.53333,
2026-01-12,APPN.OQ,,2.75,
2026-01-14,ANGI.OQ,,2.625,
2026-01-15,AMPL.OQ,,1.90909,
2026-01-15,ARR.N,,2.5,
2026-01-15,ASAN.N,,2.6875,
2026-01-20,APLD.OQ,,1.84615,
2026-01-21,ANF.N,,2.07692,
2026-01-22,AMRC.N,,2.08333,
2026-01-28,APLD.OQ,,,49.43615
2026-01-29,APLD.OQ,340144540.0,,
2026-01-31,ARDX.OQ,,1.33333,
2026-02-03,ARE.N,,2.72222,
2026-02-04,ANDE.OQ,,1.66667,
2026-02-06,AMSC.OQ,294850000.0,,52.25
2026-02-09,ARE.N,,,65.0
2026-02-09,ARES.N,,2.05882,
2026-02-10,AMTM.N,,,36.63636
2026-02-11,APAM.N,1261580000.0,,
2026-02-12,ARWR.OQ,451176500.0,2.07692,
2026-02-12,AOS.N,,,80.22182
2026-02-12,ARWR.OQ,451176500.0,2.07692,79.83333
2026-02-12,ARWR.OQ,,2.07692,
2026-02-13,AORT.N,494139000.0,,
2026-02-13,ANGI.OQ,,,15.0
2026-02-13,AORT.N,494139000.0,,51.42857
2026-02-16,AMTM.N,14122213900.0,,
2026-02-17,ANGI.OQ,1043365250.0,,
2026-02-17,APG.N,,1.58333,
2026-02-17,APPF.OQ,1115316380.0,,266.55
2026-02-17,ARMK.N,,1.75,
2026-02-19,ANDE.OQ,,,73.33333
2026-02-19,ARR.N,,,18.5
2026-02-20,APPN.OQ,810964430.0,,
2026-02-20,AMR.N,,3.0,
2026-02-20,APO.N,23090157140.0,,
2026-02-20,APPN.OQ,810964430.0,,31.0
2026-02-20,ARDX.OQ,,,15.88182
2026-02-23,AMPL.OQ,395144730.0,,
2026-02-23,AMPL.OQ,395144730.0,,12.7
2026-02-25,APH.N,,,165.12889
2026-02-25,ARR.N,342638250.0,,
2026-02-26,AON.N,,2.29167,396.18684
2026-02-26,ARRY.OQ,,2.30769,
2026-02-26,AON.N,,2.29167,
2026-02-27,AMPH.OQ,,2.42857,
2026-02-27,APG.N,,,52.19182
2026-02-27,ARQT.OQ,,,34.75
2026-02-27,AMPH.OQ,,2.42857,29.0
2026-02-27,ANIP.OQ,,,110.0
2026-02-27,APG.N,8526138170.0,,52.19182
2026-02-27,ARQT.OQ,495753880.0,,34.75
2026-03-02,APLE.N,,,13.28571
2026-03-03,AS.N,,1.77273,
2026-03-03,ASAN.N,,,10.40307
2026-03-04,AMRX.OQ,,,16.5
2026-03-04,AMT.N,10793966780.0,2.125,216.05263
2026-03-04,AN.N,,2.07143,241.26182
2026-03-04,APLE.N,1422702380.0,,
2026-03-04,AMT.N,,2.125,
2026-03-04,AN.N,,2.07143,
2026-03-05,AMPH.OQ,756515000.0,,
2026-03-05,AMZN.OQ,,1.78261,
2026-03-05,ANDE.OQ,11578333330.0,,
2026-03-05,APH.N,31372671810.0,2.05,
2026-03-05,ARW.N,,3.5,
2026-03-05,AS.N,,,48.54571
2026-03-06,ANF.N,,,118.915
2026-03-06,APAM.N,,,42.0
2026-03-09,AMPX.N,126084780.0,,20.0
2026-03-09,ARCB.OQ,,,101.18182
2026-03-09,ARDX.OQ,550082090.0,,
2026-03-09,ARE.N,2658305250.0,,
2026-03-09,ARES.N,,,165.8
2026-03-09,ASAN.N,854302270.0,,
2026-03-10,AMR.N,2400623500.0,,200.63667
2026-03-10,ARRY.OQ,,,10.02542
2026-03-11,ANET.N,,1.88889,172.63509
2026-03-11,ANF.N,5484775700.0,,
2026-03-12,APTV.N,20833661670.0,1.91667,97.841
2026-03-12,APTV.N,20833661670.0,1.91667,
2026-03-13,AOS.N,3969977710.0,,
2026-03-13,APEI.OQ,690031130.0,,56.42857
2026-03-13,APLS.OQ,,2.125,
2026-03-13,APEI.OQ,690031130.0,,
2026-03-15,AROC.N,,,38.11111
2026-03-15,ARW.N,34574912000.0,,132.98
2026-03-16,ANET.N,11410005210.0,,
2026-03-16,AON.N,18055564060.0,,
2026-03-16,APD.N,,,308.31095
2026-03-17,ANAB.OQ,136587750.0,,
2026-03-17,APGE.OQ,,1.70588,
2026-03-17,AMRX.OQ,3092444000.0,,
2026-03-17,ANAB.OQ,136587750.0,,78.25
2026-03-17,APGE.OQ,0.0,1.70588,
2026-03-17,APLS.OQ,861712580.0,,33.5
2026-03-18,APP.OQ,,1.83333,
2026-03-18,ANIP.OQ,1084006130.0,,
2026-03-18,APP.OQ,8000695210.0,1.83333,653.28926
2026-03-18,ARES.N,5515909440.0,,
2026-03-18,APP.OQ,,1.83333,653.28926
2026-03-19,APO.N,,,156.28571
2026-03-20,APD.N,12608768950.0,2.24,
2026-03-22,ARMK.N,19719808930.0,,46.556
2026-03-22,ARMK.N,19719808930.0,,
2026-03-23,AMRC.N,,,42.6
2026-03-23,APA.OQ,,2.87097,
2026-03-23,AR.N,,2.0,
2026-03-23,AMRC.N,2096328830.0,,42.6
2026-03-23,APA.OQ,7944533750.0,2.87097,
2026-03-23,APGE.OQ,,,116.53333
2026-03-23,AR.N,6346646310.0,2.0,46.85
2026-03-23,AS.N,7733251140.0,,
2026-03-24,ARLO.N,567125000.0,2.0,
2026-03-24,AMZN.OQ,805202398540.0,,279.05462
2026-03-24,AN.N,28084108170.0,,
2026-03-24,APA.OQ,,,31.56357
2026-03-24,ARCB.OQ,4165330670.0,,
2026-03-24,ARLO.N,567125000.0,2.0,21.33333
2026-03-24,ARRY.OQ,1451803090.0,,
2026-03-25,AMZN.OQ,,1.78571,279.51615
2026-03-25,ARE.N,2680720000.0,2.77778,
2026-03-25,AMZN.OQ,,1.78571,
2026-03-25,ARE.N,,2.77778,
2026-03-25,AMZN.OQ,805506724070.0,1.78571,279.51615
2026-03-25,APA.OQ,,,32.74214
2026-03-25,APEI.OQ,,,57.42857
2026-03-25,APPF.OQ,1115281220.0,1.88889,260.18571
2026-03-25,AR.N,6349646310.0,,47.2
2026-03-25,ARE.N,2680720000.0,2.77778,64.13333
2026-03-25,ARMK.N,,,47.02267
2026-03-26,AMT.N,10794336950.0,,214.78947
2026-03-26,ANF.N,5479941550.0,2.07143,117.70222
2026-03-26,APLE.N,1420688780.0,2.6,13.25
2026-03-26,ARWR.OQ,,,79.58333
2026-03-26,AMT.N,,,214.78947
2026-03-26,ANF.N,,2.07143,117.70222
2026-03-26,APLE.N,,2.6,
2026-03-27,APA.OQ,8329435440.0,,33.49214
2026-03-27,APP.OQ,7999738070.0,,
2026-03-27,APTV.N,,,96.441
2026-03-27,AR.N,6399652000.0,,47.6
2026-03-27,AR.N,6399652000.0,,
2026-03-29,APGE.OQ,,,116.86667
2026-03-29,APLE.N,1417353440.0,,13.125
2026-03-29,APTV.N,,1.83333,
2026-03-30,AMZN.OQ,805516724070.0,,
2026-03-30,AN.N,28055346000.0,,
2026-03-30,ANAB.OQ,,,80.58333
2026-03-30,AON.N,18049045240.0,,
2026-03-30,APA.OQ,8460195440.0,,34.20643
2026-03-30,APO.N,,,154.92857
2026-03-30,APTV.N,20153976360.0,,97.6165
2026-03-30,AR.N,,2.0,47.21053
2026-03-30,ARES.N,,,163.93333
2026-03-31,AMT.N,10799255100.0,,
2026-03-31,AN.N,28033188150.0,,
2026-03-31,ANIP.OQ,1048131130.0,,
2026-03-31,AON.N,18034518590.0,,394.29211
2026-03-31,AOS.N,3967038620.0,2.5,80.744
2026-03-31,APA.OQ,8640375900.0,2.86667,35.14
2026-03-31,APD.N,12608768950.0,2.25,306.7265
2026-03-31,APH.N,31426827430.0,1.95,164.85111
2026-03-31,APLS.OQ,863976950.0,2.61905,35.16667
2026-03-31,APO.N,22914728570.0,,
2026-03-31,APTV.N,20124476360.0,,97.5165
2026-03-31,AR.N,6422647150.0,2.0,48.61111
2026-03-31,ARRY.OQ,1456730570.0,,10.00458
2026-03-31,ASAN.N,,2.625,
2026-03-31,AOS.N,,2.5,
2026-03-31,APA.OQ,8640375900.0,2.86667,
2026-03-31,APD.N,,2.25,306.7265
2026-03-31,APH.N,,1.95,
2026-03-31,AR.N,6422647150.0,2.0,
2026-03-31,APD.N,,2.25,
2026-03-31,AR.N,,2.0,
2026-04-01,AMT.N,10797757200.0,,
2026-04-01,AMZN.OQ,805543774070.0,,279.52422
2026-04-01,ANAB.OQ,135587430.0,,81.81818
2026-04-01,ANET.N,11409593000.0,1.89286,172.08574
2026-04-01,APD.N,12611441740.0,,
2026-04-01,APLS.OQ,865176950.0,2.71429,35.94444
2026-04-01,APO.N,23319728570.0,,
2026-04-01,APTV.N,19521294550.0,,94.3494
2026-04-01,AROC.N,,,38.77778
2026-04-01,ASAN.N,,,10.3495
2026-04-01,ANAB.OQ,135587430.0,,
2026-04-01,ANET.N,11409593000.0,,
2026-04-01,APLS.OQ,865176950.0,,
2026-04-02,APA.OQ,,,35.80667
2026-04-02,APLS.OQ,,2.76191,36.5
2026-04-02,APO.N,,,152.71429
2026-04-02,APTV.N,18684164000.0,,92.7994
2026-04-02,AR.N,,,48.77778
2026-04-02,ARES.N,,,161.8
2026-04-06,AMT.N,,,213.89474
2026-04-06,AN.N,28025188150.0,,240.80727
2026-04-06,AON.N,18025544470.0,,393.50263
2026-04-06,APAM.N,1230705500.0,,40.75
2026-04-06,APO.N,23155860710.0,,150.21429
2026-04-06,APP.OQ,8018755930.0,,653.91889
2026-04-06,APTV.N,17838754000.0,,92.1994
2026-04-06,AR.N,6477031770.0,,49.0
2026-04-06,ARCB.OQ,4193903000.0,,101.90909
2026-04-06,ARES.N,5493044000.0,,159.53333
2026-04-06,ARRY.OQ,1456208830.0,,9.96292
2026-04-06,APAM.N,1230705500.0,,
2026-04-06,APO.N,23155860710.0,,
2026-04-06,AR.N,,,49.0
2026-04-07,AON.N,,,392.87105
2026-04-07,APA.OQ,,2.83333,
2026-04-07,APLE.N,,,13.0
2026-04-07,AMPH.OQ,754441430.0,,28.0
2026-04-07,AMT.N,10798055700.0,,
2026-04-07,AMZN.OQ,805524489250.0,,279.60234
2026-04-07,AN.N,27996342000.0,,239.80727
2026-04-07,ANET.N,,1.85714,172.73791
2026-04-07,AON.N,18014364530.0,,392.87105
2026-04-07,APA.OQ,8871475900.0,2.83333,36.25111
2026-04-07,APLE.N,1414678670.0,,13.0
2026-04-07,APO.N,,,148.85714
2026-04-07,AR.N,6513598540.0,,
2026-04-07,ARCB.OQ,4209434580.0,,103.27273
2026-04-08,APA.OQ,8813432640.0,,
2026-04-08,APO.N,23158032000.0,,
2026-04-08,APP.OQ,8024897310.0,1.83871,
2026-04-08,ARES.N,5493406890.0,,
2026-04-08,ARMK.N,,,47.08933
2026-04-08,APP.OQ,8024897310.0,,
2026-04-08,AN.N,27990257390.0,,238.71636
2026-04-08,AON.N,18006386880.0,,
2026-04-08,APA.OQ,8813432640.0,,37.51037
2026-04-08,APD.N,,,307.8265
2026-04-08,APH.N,31436851710.0,,164.29556
2026-04-08,APO.N,23158032000.0,,145.0
2026-04-08,APP.OQ,8024897310.0,1.83871,655.92179
2026-04-08,ARES.N,5493406890.0,,156.4
2026-04-08,ARMK.N,19723604930.0,,47.08933
2026-04-08,ARRY.OQ,1455947960.0,,9.92125
2026-04-09,AMR.N,,,203.97
2026-04-09,APD.N,,2.21739,
2026-04-09,ARRY.OQ,,,9.87958
2026-04-09,AMR.N,2431759750.0,,203.97
2026-04-09,AON.N,17995532060.0,,
2026-04-09,APAM.N,,,40.0
2026-04-09,APD.N,12618087000.0,2.21739,309.50211
2026-04-09,APLD.OQ,385690500.0,,
2026-04-09,APO.N,,,143.57143
2026-04-09,AR.N,6502367770.0,,
2026-04-09,ARES.N,,,155.13333
2026-04-09,ARMK.N,19724958380.0,,
2026-04-09,ARRY.OQ,1456893610.0,,9.87958
2026-04-10,AMPL.OQ,,,12.5
2026-04-10,AMRC.N,2097245500.0,,
2026-04-10,AORT.N,,1.57143,51.57143
2026-04-10,AOS.N,3965303000.0,,79.944
2026-04-10,APA.OQ,,,37.68296
2026-04-10,APG.N,8527064830.0,,
2026-04-10,ARR.N,339458250.0,,
2026-04-10,ARRY.OQ,1456832740.0,,
2026-04-12,APA.OQ,,,38.05333
2026-04-13,APTV.N,,1.84,
2026-04-13,AMZN.OQ,805495833290.0,,279.43391
2026-04-13,AN.N,27986088150.0,,236.62546
2026-04-13,AON.N,18004087610.0,,393.23947
2026-04-13,AOS.N,3962249150.0,,78.844
2026-04-13,APAM.N,1243305000.0,,
2026-04-13,APD.N,12636031370.0,,313.34421
2026-04-13,APO.N,23166418430.0,,142.57143
2026-04-13,APP.OQ,,,654.13607
2026-04-13,APTV.N,16468049000.0,1.84,90.28514
2026-04-13,ARE.N,,,64.0
2026-04-13,ARES.N,,,148.6
2026-04-13,ARQT.OQ,497187750.0,,
2026-04-13,ARW.N,34685450000.0,3.33333,139.98
2026-04-13,AS.N,7753187480.0,,48.45048
2026-04-13,AMZN.OQ,,,279.43391
2026-04-13,AN.N,,,236.62546
2026-04-13,AON.N,18004087610.0,,
2026-04-13,APD.N,,,313.34421
2026-04-13,APTV.N,,1.84,90.28514
2026-04-13,ARW.N,,3.33333,
2026-04-13,AS.N,,,48.45048
2026-04-14,AMPL.OQ,,,12.4
2026-04-14,AMT.N,,,213.94737
2026-04-14,AMZN.OQ,805516259190.0,,
2026-04-14,AON.N,,,392.39737
2026-04-14,APA.OQ,,,38.4237
2026-04-14,APH.N,31447456480.0,,164.07333
2026-04-14,APO.N,23107279860.0,,141.14286
2026-04-14,APP.OQ,,1.8125,
2026-04-14,APTV.N,16320019090.0,,
2026-04-14,AR.N,6494545540.0,,49.11111
2026-04-14,ARE.N,,,63.33333
2026-04-14,ARES.N,5472528000.0,,
2026-04-14,ARRY.OQ,,,9.83792
2026-04-14,ASAN.N,,2.6875,10.20664
2026-04-14,APO.N,23107279860.0,,
2026-04-14,AR.N,,,49.11111
2026-04-15,AMT.N,10799814950.0,2.08333,214.52632
2026-04-15,AMZN.OQ,805791178550.0,,
2026-04-15,AON.N,,,390.23947
2026-04-15,AOS.N,3960732230.0,,78.644
2026-04-15,APA.OQ,8782229920.0,,38.34963
2026-04-15,APH.N,31463504100.0,,165.18444
2026-04-15,APLD.OQ,407901780.0,,
2026-04-15,APTV.N,,,88.99943
2026-04-15,ARCB.OQ,4210267920.0,,105.27273
2026-04-15,ARMK.N,19731549060.0,,
2026-04-15,AMT.N,,2.08333,
2026-04-15,AOS.N,,,78.644
2026-04-15,APH.N,,,165.18444
2026-04-16,AMRX.OQ,,2.0,17.0
2026-04-16,ANIP.OQ,1049912750.0,,
2026-04-16,APA.OQ,8773979000.0,,38.20148
2026-04-16,APEI.OQ,,,58.0
2026-04-16,APG.N,8527564830.0,,
2026-04-16,APH.N,31499075520.0,,
2026-04-16,APO.N,,,138.69231
2026-04-16,APP.OQ,8026976170.0,,
2026-04-16,AR.N,6514699390.0,,
2026-04-16,ARCB.OQ,4219107830.0,,105.45455
2026-04-16,ARQT.OQ,498062750.0,,
2026-04-16,AMRX.OQ,,,17.0
2026-04-17,APLS.OQ,,2.80952,
2026-04-17,ARRY.OQ,,2.24,
2026-04-17,AMRX.OQ,3093149200.0,,
2026-04-17,AMTM.N,,,36.54546
2026-04-17,AMZN.OQ,805885888230.0,,279.51203
2026-04-17,AN.N,27965780460.0,,
2026-04-17,AON.N,18013953000.0,,
2026-04-17,APA.OQ,8786968080.0,,38.60889
2026-04-17,APD.N,12633931370.0,,
2026-04-17,APLS.OQ,,2.80952,37.33333
2026-04-17,AR.N,6509184770.0,,49.22222
2026-04-17,ARES.N,,,147.46667
2026-04-17,ARLO.N,,,21.5
2026-04-17,ARRY.OQ,1459732410.0,2.24,10.00478
2026-04-19,ARWR.OQ,434509830.0,,
2026-04-20,AMPH.OQ,752267140.0,2.71429,26.85714
2026-04-20,AMZN.OQ,806012878730.0,1.77465,281.18108
2026-04-20,ANAB.OQ,,,79.36364
2026-04-20,ANDE.OQ,11649066670.0,,75.0
2026-04-20,ANET.N,11411604420.0,1.82143,174.32226
2026-04-20,AOS.N,3956732230.0,,
2026-04-20,APA.OQ,8786968170.0,2.82759,38.63231
2026-04-20,APD.N,12651584800.0,2.17391,317.29158
2026-04-20,APP.OQ,8027612230.0,,647.62286
2026-04-20,AR.N,6579557930.0,,49.5
2026-04-20,ARDX.OQ,550173000.0,,
2026-04-20,ARRY.OQ,1459981460.0,,10.04826
2026-04-20,ARW.N,34824650000.0,,144.98
2026-04-20,ARWR.OQ,,,80.58333
2026-04-20,AMPH.OQ,,2.71429,26.85714
2026-04-20,AMZN.OQ,,1.77465,281.18108
2026-04-20,ANET.N,11411604420.0,1.82143,
2026-04-20,APA.OQ,,2.82759,
2026-04-20,APD.N,,2.17391,
2026-04-20,AR.N,6579557930.0,,
2026-04-20,AMZN.OQ,,1.77465,
2026-04-20,ANET.N,,1.82143,
2026-04-21,AMRX.OQ,,2.0,
2026-04-21,APD.N,12658470300.0,,
2026-04-21,APPF.OQ,,1.9,
2026-04-21,ARCB.OQ,,2.25,
2026-04-21,ARES.N,,,145.46667
2026-04-21,ARRY.OQ,,,9.9613
2026-04-21,AMPH.OQ,752838570.0,,
2026-04-21,AMRX.OQ,3097349200.0,2.0,
2026-04-21,AMZN.OQ,806149578840.0,,
2026-04-21,ANET.N,,,176.06139
2026-04-21,ANF.N,5475668820.0,,
2026-04-21,APA.OQ,8916902830.0,,39.44
2026-04-21,APD.N,12658470300.0,,319.29158
2026-04-21,APH.N,31484402550.0,,169.12389
2026-04-21,APLS.OQ,,,38.61111
2026-04-21,APO.N,23088729290.0,,137.46154
2026-04-21,APPF.OQ,1115253100.0,1.9,242.77625
2026-04-21,AR.N,,,49.55556
2026-04-21,ARCB.OQ,4223244910.0,2.25,106.2
2026-04-21,ARDX.OQ,549897550.0,,
2026-04-21,ARE.N,2680497780.0,,
2026-04-21,ARES.N,5467485700.0,,145.46667
2026-04-21,ARR.N,,,18.66667
2026-04-21,ARRY.OQ,1462390550.0,,9.9613
2026-04-21,ARWR.OQ,,2.0,82.41667
2026-04-22,ARDX.OQ,,1.36364,16.17
2026-04-22,AMPL.OQ,,,11.4
2026-04-22,AMRX.OQ,3099926000.0,,17.0
2026-04-22,ANAB.OQ,140903560.0,,77.90909
2026-04-22,ANIP.OQ,1050087750.0,,
2026-04-22,APTV.N,15714166360.0,,
2026-04-22,ARDX.OQ,549242400.0,1.36364,16.17
2026-04-22,ARRY.OQ,1462388270.0,,
2026-04-23,AMZN.OQ,806292181670.0,,
2026-04-23,ANET.N,,,176.97444
2026-04-23,APG.N,,1.63636,52.211
2026-04-23,APLD.OQ,407921600.0,,
2026-04-23,APP.OQ,,,648.19429
2026-04-23,AMZN.OQ,806292181670.0,,282.11954
2026-04-23,ANET.N,11405883150.0,,176.97444
2026-04-23,APD.N,,,319.97579
2026-04-23,APG.N,8533219270.0,1.63636,52.211
2026-04-23,APLD.OQ,407921600.0,,50.59
2026-04-23,APLE.N,1415578670.0,,
2026-04-23,APP.OQ,8032939900.0,,648.19429
2026-04-23,APPF.OQ,1118234600.0,,232.15125
2026-04-23,APTV.N,15120166360.0,,
2026-04-23,AR.N,6557788640.0,,
2026-04-23,ARMK.N,,,47.22267
2026-04-23,ARR.N,,,18.25
2026-04-24,ANAB.OQ,147385000.0,1.75,
2026-04-24,APPF.OQ,,,225.15125
2026-04-24,ARR.N,,,18.375
2026-04-24,AMR.N,2423156000.0,,
2026-04-24,AMZN.OQ,,,282.35031
2026-04-24,ANAB.OQ,147385000.0,1.75,78.4
2026-04-24,APA.OQ,8952922830.0,,39.55539
2026-04-24,APLD.OQ,,,51.12846
2026-04-24,APPF.OQ,1119649000.0,,225.15125
2026-04-24,ARE.N,2665856000.0,,
2026-04-24,ARR.N,310301000.0,,18.375
2026-04-25,APPF.OQ,1119433000.0,,
2026-04-26,ANAB.OQ,,,78.09091
2026-04-27,AMZN.OQ,806398690420.0,,
2026-04-27,APD.N,12657012150.0,,
2026-04-27,APLD.OQ,409247500.0,,52.05154
2026-04-27,APLE.N,1416312000.0,,13.125
2026-04-27,APTV.N,14547860830.0,,87.69833
2026-04-27,ARMK.N,19731254940.0,,47.42267
2026-04-28,AMT.N,10870832000.0,,215.42105
2026-04-28,AMZN.OQ,806468143550.0,,282.50415
2026-04-28,AN.N,27965780460.0,,
2026-04-28,ANAB.OQ,,,79.81818
2026-04-28,ANET.N,11405883150.0,,
2026-04-28,APA.OQ,8918672830.0,,39.47846
2026-04-28,APAM.N,,,39.5
2026-04-28,APD.N,12657012150.0,,
2026-04-28,APG.N,8533219270.0,,
2026-04-28,APGE.OQ,0.0,,
2026-04-28,APP.OQ,8032939900.0,,
2026-04-28,ARCB.OQ,4323285180.0,,134.9
2026-04-28,ARDX.OQ,549622400.0,,
2026-04-28,ARE.N,,,62.2
2026-04-28,ARES.N,5405485700.0,,
2026-04-28,ARR.N,310301000.0,,
2026-04-28,ARRY.OQ,1462388270.0,,
2026-04-28,AS.N,7754610330.0,,
2026-04-29,AMT.N,10890911050.0,2.08,212.52632
2026-04-29,AMZN.OQ,807963275340.0,1.78873,286.658
2026-04-29,APAM.N,1215855000.0,,38.0
2026-04-29,APH.N,31996493180.0,,174.67944
2026-04-29,APPN.OQ,,,30.4
2026-04-29,AR.N,6555502930.0,,
2026-04-29,ARCB.OQ,4333560640.0,,137.3
2026-04-29,ARE.N,2660946000.0,2.83333,
2026-04-29,ARR.N,257503000.0,,
2026-04-29,AMZN.OQ,,1.78873,
2026-04-29,APH.N,,,174.67944
2026-04-30,AMZN.OQ,809287692910.0,,289.11954
2026-04-30,APH.N,32054765910.0,,
2026-04-30,APPN.OQ,,2.875,27.2
2024-06-28,ATEX.OQ,,2.0,
2025-07-07,ASGN.N,,2.85714,
2025-07-14,AUR.OQ,,2.4,
2025-07-24,ASB.N,,2.8,
2025-08-06,ATEN.N,,2.0,
2025-09-24,BAH.N,12134224090.0,,
2025-10-16,ATEX.OQ,,,55.33333
2025-10-17,AYI.N,,2.11111,
2025-10-27,AU.N,,2.25,
2025-10-31,ATR.N,,1.875,
2025-11-26,ATMU.N,,1.8,
2025-12-03,AUPH.OQ,,2.28571,
2025-12-04,ASPI.OQ,,2.0,13.0
2025-12-04,ASPI.OQ,8463330.0,2.0,13.0
2025-12-08,ATRO.OQ,,2.0,
2025-12-10,ATEC.OQ,,1.92308,
2025-12-11,BAH.N,,3.06667,
2025-12-15,ASH.N,,2.07692,
2025-12-16,ATO.N,,2.73333,
2026-01-06,AXON.OQ,,1.71429,
2026-01-06,AXS.N,,2.25,
2026-01-08,AXSM.OQ,,1.7,
2026-01-12,ASTS.OQ,,2.75,
2026-01-13,ASPI.OQ,42606670.0,,
2026-01-13,AXP.N,,2.59375,
2026-01-14,BAC.N,,2.03846,
2026-01-20,AVB.N,,2.58333,
2026-01-22,AWI.N,,2.36364,
2026-01-22,AYI.N,4736371100.0,,
2026-01-30,AWR.N,,3.5,
2026-01-30,AVT.OQ,,,59.25
2026-01-30,AWR.N,,3.5,72.0
2026-02-03,BALL.N,,2.0,
2026-02-04,AZTA.OQ,,2.375,
2026-02-04,BAM.N,,2.55556,
2026-02-05,AVY.N,,2.0,
2026-02-06,ATI.N,,1.7,
2026-02-09,ASGN.N,4029791430.0,,
2026-02-09,ASGN.N,4029791430.0,,54.5
2026-02-09,ATR.N,3937763750.0,,
2026-02-10,AWK.N,,2.84615,
2026-02-10,AZTA.OQ,,,37.71429
2026-02-13,ASH.N,1851454800.0,,
2026-02-13,AUB.N,,2.11111,
2026-02-15,AUR.OQ,15090560.0,,
2026-02-17,AX.N,,2.0,
2026-02-17,BA.N,,1.82143,
2026-02-18,ATRC.OQ,,2.0,51.28571
2026-02-18,ATMU.N,1993276000.0,,71.25
2026-02-18,ATRC.OQ,603552220.0,2.0,51.28571
2026-02-18,AVTR.N,6494143280.0,,
2026-02-20,BAM.N,6193040360.0,,
2026-02-24,ATEX.OQ,6072330.0,,
2026-02-24,AVPT.OQ,,2.0,
2026-02-24,AXSM.OQ,,,223.31579
2026-02-24,BAM.N,,,60.72973
2026-02-25,AWI.N,,,206.56546
2026-02-26,ASH.N,,,67.53
2026-02-27,AUPH.OQ,326190000.0,,17.0
2026-03-01,AXON.OQ,,,721.16056
2026-03-02,AXSM.OQ,989904000.0,,
2026-03-02,AZZ.N,,2.27273,
2026-03-03,AWI.N,1769346700.0,,
2026-03-03,AXGN.OQ,,1.8,40.8
2026-03-03,AXON.OQ,3583201210.0,,
2026-03-03,AYI.N,,,388.63875
2026-03-03,AXGN.OQ,,1.8,
2026-03-04,AZZ.N,1748287600.0,,
2026-03-04,ASTS.OQ,,,93.358
2026-03-04,AXS.N,6704031430.0,,122.90909
2026-03-04,AZZ.N,1647470100.0,,139.111
2026-03-04,AXS.N,,,122.90909
2026-03-04,AZZ.N,1647470100.0,,
2026-03-05,ASO.OQ,,2.33333,
2026-03-05,AUB.N,,,45.0625
2026-03-05,AUR.OQ,,,9.41125
2026-03-05,AVPT.OQ,,,16.35242
2026-03-05,AVT.OQ,25104372500.0,3.2,
2026-03-06,ATRO.OQ,971320000.0,,
2026-03-06,AVTR.N,,3.0,
2026-03-06,ATRO.OQ,971320000.0,,87.576
2026-03-06,AVTR.N,,3.0,10.74
2026-03-08,ATEC.OQ,,,24.30769
2026-03-08,AWK.N,,,137.81444
2026-03-09,ATEN.N,321941290.0,,
2026-03-09,ASTS.OQ,185706440.0,,
2026-03-09,ATEN.N,321941290.0,,24.5
2026-03-09,AVA.N,,2.85714,
2026-03-09,AZO.N,,1.92857,
2026-03-09,BAH.N,,,99.71556
2026-03-11,AVB.N,3129258620.0,,
2026-03-12,ATO.N,5388753670.0,,
2026-03-13,AVB.N,,,193.0
2026-03-13,AVPT.OQ,512377920.0,,
2026-03-15,AVAV.OQ,,,315.61938
2026-03-15,AVGO.OQ,,1.7451,
2026-03-15,AXP.N,79070527870.0,,
2026-03-15,AZO.N,20520303870.0,,4226.37364
2026-03-15,AZO.N,,,4226.37364
2026-03-16,ASTE.OQ,1590516670.0,,73.66667
2026-03-16,ASTE.OQ,1590516670.0,2.0,73.66667
2026-03-17,ATKR.N,2983155000.0,2.6,73.0
2026-03-17,AVAV.OQ,1894636500.0,,
2026-03-17,AVGO.OQ,,,466.74946
2026-03-17,AZTA.OQ,620112000.0,,
2026-03-18,ASO.OQ,,,57.88235
2026-03-18,AVNT.N,3352886110.0,2.0,48.75
2026-03-18,AWK.N,5385027140.0,,
2026-03-18,AXTA.N,5197665410.0,2.25,
2026-03-18,AVNT.N,,2.0,48.75
2026-03-18,AXTA.N,,2.25,
2026-03-19,AU.N,,,120.0
2026-03-19,BALL.N,,,70.86083
2026-03-20,ASO.OQ,6297045380.0,,
2026-03-20,ATO.N,,,179.844
2026-03-20,AXTA.N,,,37.96267
2026-03-20,BA.N,97173970350.0,,273.13565
2026-03-20,BAC.N,120011506290.0,,60.37583
2026-03-20,BALL.N,13902163070.0,,
2026-03-22,ATR.N,,,162.83333
2026-03-23,ASB.N,1689757140.0,,29.9
2026-03-23,ASST.OQ,22200000.0,2.0,16.0
2026-03-23,ATI.N,4971484440.0,,159.65625
2026-03-23,AU.N,13497897800.0,,
2026-03-23,AVAV.OQ,,1.84211,
2026-03-23,AVGO.OQ,104343844720.0,,
2026-03-23,AXGN.OQ,264002890.0,,
2026-03-23,AXP.N,,,372.85208
2026-03-23,ASB.N,1689757140.0,,
2026-03-23,ASST.OQ,22200000.0,,
2026-03-24,ATEC.OQ,891310420.0,,
2026-03-24,AUB.N,1577097430.0,,
2026-03-24,AVA.N,1992575400.0,,40.39857
2026-03-24,AVY.N,9239424700.0,,211.59
2026-03-24,AX.N,1457029600.0,,110.33333
2026-03-24,AX.N,1457029600.0,,
2026-03-25,ASTE.OQ,,1.5,
2026-03-25,ATRC.OQ,603310000.0,,
2026-03-25,AVTR.N,6491327590.0,,
2026-03-25,AXSM.OQ,,,224.63158
2026-03-25,AYI.N,4731541100.0,,381.76375
2026-03-25,BA.N,97136563830.0,,272.0487
2026-03-25,BAC.N,120031591000.0,2.0,60.2408
2026-03-25,BAH.N,,,98.60444
2026-03-25,BAM.N,,,60.22973
2026-03-25,AYI.N,,,381.76375
2026-03-25,BAC.N,,2.0,60.2408
2026-03-25,BAC.N,,2.0,
2026-03-26,AVB.N,,,192.72222
2026-03-26,AXS.N,6681824290.0,,
2026-03-26,BAC.N,120120358170.0,,
2026-03-27,ASB.N,,2.6,
2026-03-27,AVGO.OQ,,,466.29491
2026-03-27,ASB.N,,2.6,29.8
2026-03-27,ASGN.N,,,53.83333
2026-03-27,AU.N,,,116.83333
2026-03-27,AVGO.OQ,104477174070.0,,466.29491
2026-03-27,AXGN.OQ,264631780.0,,
2026-03-27,BAC.N,,,60.0408
2026-03-28,BALL.N,,1.93333,
2026-03-28,BALL.N,13853463620.0,1.93333,71.30273
2026-03-29,ASB.N,1692384000.0,,29.9
2026-03-30,ATMU.N,1989088000.0,,
2026-03-30,ATMU.N,1989088000.0,,70.5
2026-03-30,ATO.N,5509277430.0,,
2026-03-30,AUB.N,,,44.4375
2026-03-30,AXP.N,79071006130.0,,
2026-03-30,AYI.N,4729084300.0,,
2026-03-30,AZZ.N,,,140.111
2026-03-30,BAC.N,120120655110.0,,59.8008
2026-03-31,ASH.N,1849054800.0,,
2026-03-31,ATI.N,4975936000.0,1.72727,161.36111
2026-03-31,ATKR.N,2977240000.0,2.75,74.0
2026-03-31,AUB.N,1576530710.0,,
2026-03-31,AUR.OQ,,,8.61286
2026-03-31,AXP.N,79071743520.0,,370.97708
2026-03-31,AYI.N,4720384300.0,,
2026-03-31,BA.N,97357582000.0,1.82759,271.13
2026-03-31,BAC.N,120166076370.0,1.96296,59.7208
2026-03-31,BAH.N,,3.0625,97.244
2026-03-31,BAM.N,6211949460.0,,
2026-03-31,ATI.N,,1.72727,
2026-03-31,BA.N,,1.82759,
2026-03-31,BAC.N,,1.96296,59.7208
2026-03-31,BAH.N,,3.0625,
2026-04-01,ASTE.OQ,1586512500.0,1.66667,71.75
2026-04-01,ATRC.OQ,604053330.0,2.0,50.25
2026-04-01,AXSM.OQ,989830320.0,,
2026-04-01,AXTA.N,5200332000.0,,37.42933
2026-04-01,AZTA.OQ,621474500.0,,37.0
2026-04-01,BA.N,97321649920.0,,269.71333
2026-04-01,BAC.N,120191136170.0,,
2026-04-01,BAH.N,,,95.044
2026-04-01,ATRC.OQ,604053330.0,2.0,
2026-04-01,AXTA.N,,,37.42933
2026-04-01,BA.N,,,269.71333
2026-04-02,ASB.N,1711734000.0,,29.8
2026-04-02,ASH.N,,,67.03
2026-04-02,AUB.N,1578286290.0,,44.5625
2026-04-02,AVY.N,9250340640.0,2.0,210.53636
2026-04-02,AWK.N,5399117500.0,,138.70333
2026-04-02,AXTA.N,5197055530.0,,
2026-04-02,AYI.N,4657230000.0,,359.26375
2026-04-02,BAM.N,6193613090.0,,59.97973
2026-04-02,ASB.N,,,29.8
2026-04-02,AUB.N,1578286290.0,,
2026-04-02,AVY.N,,2.0,
2026-04-02,AWK.N,,,138.70333
2026-04-03,ATO.N,,,180.144
2026-04-03,AXGN.OQ,264748600.0,,
2026-04-05,ATR.N,,,162.5
2026-04-05,AVY.N,9246577000.0,,
2026-04-05,ATMU.N,,,68.25
2026-04-05,ATR.N,3933440000.0,,162.5
2026-04-05,AVY.N,9246577000.0,,209.71818
2026-04-05,BALL.N,13849602850.0,,71.21182
2026-04-06,ASB.N,1722859000.0,,
2026-04-06,AU.N,13323297800.0,,
2026-04-06,AUR.OQ,15068330.0,,9.03625
2026-04-06,AVGO.OQ,104476547980.0,,
2026-04-06,AVTR.N,,,10.64
2026-04-06,AXP.N,79072053170.0,,364.85208
2026-04-06,AXS.N,,,122.54546
2026-04-06,AYI.N,4640645600.0,,352.76375
2026-04-06,AZTA.OQ,622849500.0,,35.57143
2026-04-06,BA.N,97302983250.0,,
2026-04-06,BAC.N,120247641280.0,1.92593,59.4408
2026-04-06,BAM.N,6183539000.0,,59.29223
2026-04-06,AYI.N,,,352.76375
2026-04-06,AZTA.OQ,,,35.57143
2026-04-06,BAC.N,,1.92593,
2026-04-06,BAM.N,6183539000.0,,
2026-04-07,ASB.N,,2.5,30.1
2026-04-07,ASH.N,1853519800.0,,
2026-04-07,ASO.OQ,6293058190.0,,59.35294
2026-04-07,ASPI.OQ,8456670.0,,
2026-04-07,ATI.N,4973597000.0,,163.58333
2026-04-07,ATO.N,5471242750.0,,181.844
2026-04-07,ATRO.OQ,,,86.576
2026-04-07,AXON.OQ,,,715.88278
2026-04-07,AXP.N,79086856650.0,,359.43542
2026-04-07,AXS.N,6661944570.0,,122.45455
2026-04-07,BA.N,97495816580.0,,268.88
2026-04-07,BAC.N,120232190720.0,,59.2408
2026-04-07,BAM.N,,,58.97973
2026-04-07,ASB.N,,2.5,
2026-04-07,AXS.N,,,122.45455
2026-04-07,BAC.N,,,59.2408
2026-04-08,ASO.OQ,6300108190.0,,59.94118
2026-04-08,ASTS.OQ,184635800.0,,93.858
2026-04-08,ATI.N,4976987000.0,,169.80556
2026-04-08,ATKR.N,2979050000.0,2.66667,71.5
2026-04-08,AUB.N,,,44.3125
2026-04-08,AVGO.OQ,104787113200.0,1.76471,
2026-04-08,AX.N,,,111.16667
2026-04-08,AXON.OQ,,,703.82722
2026-04-08,AXS.N,6662873140.0,,
2026-04-08,AXSM.OQ,989356630.0,1.66667,224.9
2026-04-08,BA.N,97422624920.0,,268.505
2026-04-08,BAC.N,120227746280.0,,
2026-04-08,BAM.N,6181037000.0,,58.29223
2026-04-08,AXSM.OQ,,1.66667,
2026-04-08,ASO.OQ,,,59.94118
2026-04-08,ASTS.OQ,184635800.0,,
2026-04-08,ATI.N,4976987000.0,,
2026-04-08,AVGO.OQ,,1.76471,
2026-04-08,AXSM.OQ,,1.66667,224.9
2026-04-08,BA.N,,,268.505
2026-04-09,ASST.OQ,,2.0,
2026-04-09,AXP.N,,,359.01875
2026-04-09,ASGN.N,,,51.5
2026-04-09,ASST.OQ,,2.0,19.33333
2026-04-09,AVY.N,,,209.35455
2026-04-09,AXP.N,79087117520.0,,359.01875
2026-04-09,AXSM.OQ,988120840.0,,
2026-04-09,AXTA.N,5192743770.0,,
2026-04-09,AYI.N,4619204250.0,,
2026-04-09,AZO.N,20521038290.0,,
2026-04-10,ATI.N,,,173.13889
2026-04-10,AVGO.OQ,,,466.729
2026-04-10,AVY.N,9247537910.0,,
2026-04-10,AWI.N,1770391300.0,,205.02
2026-04-10,AXP.N,79078787170.0,,
2026-04-10,AXSM.OQ,988123470.0,,225.3
2026-04-10,AYI.N,4625961560.0,,351.51375
2026-04-10,AZZ.N,,,141.611
2026-04-10,BAC.N,120301084290.0,1.92308,59.0425
2026-04-10,BALL.N,13929735920.0,,71.12091
2026-04-10,BAM.N,6182725090.0,,57.85473
2026-04-10,AWI.N,1770391300.0,,
2026-04-10,AXSM.OQ,,,225.3
2026-04-10,BAC.N,,1.92308,
2026-04-13,ATKR.N,2977240000.0,2.75,
2026-04-13,AVA.N,2004646170.0,,
2026-04-13,AVB.N,3126950920.0,,
2026-04-13,AVT.OQ,25144372500.0,3.0,
2026-04-13,AVY.N,9267134910.0,,
2026-04-13,BAM.N,,,57.41723
2026-04-13,AVT.OQ,,3.0,
2026-04-13,ASH.N,1852819800.0,,
2026-04-13,ASO.OQ,6301308190.0,,
2026-04-13,ASPI.OQ,39377670.0,,
2026-04-13,ATKR.N,2977240000.0,2.75,72.33333
2026-04-13,ATO.N,5465438000.0,,183.044
2026-04-13,ATRC.OQ,,,49.125
2026-04-13,AVA.N,2004646170.0,,40.54143
2026-04-13,AVB.N,3126950920.0,,191.72222
2026-04-13,AVGO.OQ,104914374550.0,,467.12373
2026-04-13,AVPT.OQ,,,17.09454
2026-04-13,AVT.OQ,25144372500.0,3.0,63.0
2026-04-13,AVTR.N,,,10.57333
2026-04-13,AVY.N,9267134910.0,,208.17273
2026-04-13,AWI.N,,,204.20182
2026-04-13,AXS.N,,,122.36364
2026-04-13,AXSM.OQ,984770320.0,,
2026-04-13,AXTA.N,5191920240.0,,
2026-04-13,BA.N,97419874920.0,,
2026-04-13,BAH.N,,,92.544
2026-04-13,BAM.N,6189577360.0,,57.41723
2026-04-14,ATEN.N,,,25.16667
2026-04-14,ATR.N,3936702500.0,,
2026-04-14,AVA.N,,,40.68429
2026-04-14,AVB.N,,,191.33333
2026-04-14,AVGO.OQ,104932137580.0,,468.30555
2026-04-14,AVTR.N,6490621710.0,,10.47333
2026-04-14,AVY.N,,,207.26364
2026-04-14,AXS.N,,,121.54546
2026-04-14,BALL.N,13948812850.0,,71.30273
2026-04-14,BAM.N,6194773730.0,,
2026-04-14,AVGO.OQ,,,468.30555
2026-04-14,AVTR.N,,,10.47333
2026-04-15,ASST.OQ,,,20.33333
2026-04-15,ASTS.OQ,,,91.658
2026-04-15,ATKR.N,,,74.0
2026-04-15,AU.N,13337897800.0,,
2026-04-15,AWK.N,5399242500.0,,
2026-04-15,AXP.N,79077004570.0,,
2026-04-15,AXS.N,,,121.72727
2026-04-15,AXTA.N,,2.3125,36.56267
2026-04-15,AZZ.N,,,143.511
2026-04-15,BA.N,97440708250.0,,267.63
2026-04-15,BAC.N,120661463410.0,,60.2925
2026-04-15,AXTA.N,,2.3125,
2026-04-16,AUR.OQ,15106560.0,,
2026-04-16,AXP.N,79076194520.0,,
2026-04-16,ASO.OQ,,,60.17647
2026-04-16,ATEC.OQ,891216380.0,,24.15385
2026-04-16,AUR.OQ,15106560.0,,9.16125
2026-04-16,AVB.N,,,190.25722
2026-04-16,AXP.N,79076194520.0,,358.60208
2026-04-16,BAC.N,120780274890.0,,60.75083
2026-04-17,ASGN.N,4025791430.0,,
2026-04-17,ASH.N,1854219800.0,,
2026-04-17,ASPI.OQ,34048000.0,,
2026-04-17,ATI.N,,,169.91667
2026-04-17,AVAV.OQ,,,313.93188
2026-04-17,AVGO.OQ,104928345920.0,,
2026-04-17,AXGN.OQ,,,41.4
2026-04-17,BA.N,97395941130.0,,267.46333
2026-04-17,BAH.N,,,91.744
2026-04-19,BAC.N,,,60.7208
2026-04-20,ASO.OQ,,,60.29412
2026-04-20,ASTS.OQ,185673110.0,,89.458
2026-04-20,ATEN.N,,2.28571,
2026-04-20,ATO.N,5429494200.0,2.75,184.13091
2026-04-20,AVA.N,2003902830.0,,40.97
2026-04-20,AVTR.N,6487204310.0,3.0,
2026-04-20,AVY.N,9267134910.0,2.07692,206.49
2026-04-20,AWI.N,,,203.65636
2026-04-20,AWK.N,,,139.48111
2026-04-20,BAC.N,121078433690.0,,
2026-04-20,BAH.N,,,90.444
2026-04-20,ATO.N,,2.75,
2026-04-20,AVA.N,2003902830.0,,
2026-04-20,AVTR.N,,3.0,
2026-04-20,AVY.N,,2.07692,
2026-04-21,ASGN.N,4027077140.0,,50.16667
2026-04-21,ASST.OQ,14400000.0,2.0,24.25
2026-04-21,ATO.N,5431846200.0,,183.94909
2026-04-21,AUB.N,1562929130.0,,44.0
2026-04-21,AVA.N,,,41.25571
2026-04-21,AVY.N,9269498550.0,,204.69
2026-04-21,AWK.N,,,140.25889
2026-04-21,AXSM.OQ,984752420.0,,
2026-04-21,AXTA.N,5194000820.0,,36.22933
2026-04-21,AYI.N,4626522400.0,,345.97125
2026-04-21,BAM.N,6189969180.0,,57.35473
2026-04-21,ASST.OQ,14400000.0,2.0,
2026-04-21,ATO.N,,,183.94909
2026-04-21,AUB.N,,,44.0
2026-04-21,AXTA.N,,,36.22933
2026-04-21,BAM.N,6189969180.0,,
2026-04-22,ASGN.N,4016748570.0,,46.66667
2026-04-22,AUB.N,1560054130.0,,
2026-04-22,AUR.OQ,,,9.81
2026-04-22,AXP.N,,,357.858
2026-04-22,AXSM.OQ,987036630.0,,
2026-04-22,AXTA.N,5186838470.0,,
2026-04-22,AZTA.OQ,623837000.0,,
2026-04-22,BA.N,97431144040.0,,268.505
2026-04-22,BAC.N,,,61.33417
2026-04-23,ASB.N,1729466630.0,,30.5
2026-04-23,ASGN.N,3942177140.0,3.14286,33.33333
2026-04-23,ATO.N,5432746200.0,,
2026-04-23,AUB.N,1556681630.0,,
2026-04-23,AVNT.N,3363135220.0,,
2026-04-23,AX.N,1454849600.0,1.83333,
2026-04-23,AXGN.OQ,266218600.0,,42.4
2026-04-23,AXP.N,79210391130.0,,359.218
2026-04-23,AXS.N,6635889000.0,,122.45455
2026-04-23,AXTA.N,5186426710.0,,
2026-04-23,AZZ.N,1750587600.0,,144.111
2026-04-23,BA.N,97419315170.0,,269.13
2026-04-23,BAC.N,,,61.50083
2026-04-23,AXGN.OQ,266218600.0,,
2026-04-24,AWR.N,700450000.0,,76.0
2026-04-24,AXS.N,6635843630.0,,
2026-04-24,AWR.N,700450000.0,,
2026-04-24,ASB.N,1736165380.0,,30.8
2026-04-24,AWR.N,,,76.0
2026-04-24,AXGN.OQ,,,42.9
2026-04-24,AXP.N,79243087130.0,,359.178
2026-04-24,AXS.N,6635843630.0,,122.18182
2026-04-24,AZZ.N,1751270730.0,,156.111
2026-04-24,BA.N,97535677920.0,,269.83833
2026-04-24,BAC.N,121147094430.0,,61.58417
2026-04-26,AVT.OQ,,,66.0
2026-04-26,AXGN.OQ,,,43.4
2026-04-26,BAM.N,,,56.97973
2026-04-27,ASB.N,1739027880.0,,31.1
2026-04-27,ASH.N,1852553800.0,,
2026-04-27,ASO.OQ,6301128560.0,,60.52941
2026-04-27,ATO.N,5326457200.0,,186.58546
2026-04-27,AVB.N,3122090000.0,,191.44444
2026-04-27,AXP.N,79266436960.0,,360.178
2026-04-27,AZZ.N,1750524910.0,,157.611
2026-04-27,BA.N,97452277610.0,,269.67167
2026-04-27,BAC.N,121133288130.0,,62.30435
2026-04-27,ATO.N,,,186.58546
2026-04-27,AXP.N,,,360.178
2026-04-27,AZZ.N,,,157.611
2026-04-27,BA.N,,,269.67167
2026-04-28,ASH.N,1852553800.0,,
2026-04-28,ATEN.N,322851290.0,,26.5
2026-04-28,ATO.N,5313303000.0,,
2026-04-28,AVB.N,3124447140.0,,191.88889
2026-04-28,AVGO.OQ,104928345920.0,,
2026-04-28,AVY.N,9261076730.0,,203.49
2026-04-28,AWI.N,1771870000.0,2.27273,204.38364
2026-04-28,AXGN.OQ,268794500.0,,46.4
2026-04-28,AXON.OQ,3589589110.0,,697.62944
2026-04-28,AXP.N,79418543590.0,,
2026-04-28,AXSM.OQ,986936630.0,,225.2
2026-04-28,BA.N,97496879830.0,,
2026-04-28,AWI.N,,2.27273,
2026-04-28,AXSM.OQ,,,225.2
2026-04-29,ASH.N,1851433800.0,,65.63
2026-04-29,ASST.OQ,,,25.25
2026-04-29,ATEN.N,324475570.0,,28.83333
2026-04-29,AVPT.OQ,,,16.94069
2026-04-29,AVT.OQ,26399500000.0,,78.75
2026-04-29,AVTR.N,6493933750.0,,10.04
2026-04-29,AVY.N,9276253000.0,,201.99
2026-04-29,AWI.N,1772559000.0,,203.11091
2026-04-29,AXGN.OQ,269770200.0,,50.7
2026-04-29,AXS.N,,2.30769,116.56333
2026-04-29,AXSM.OQ,986357160.0,,
2026-04-29,AZZ.N,1750860400.0,,
2026-04-30,BA.N,97805833530.0,,269.79667
2024-05-21,BCO.N,,1.66667,
2024-11-12,BKE.N,,3.0,
2025-01-30,BHE.N,,2.25,
2025-02-25,BGC.OQ,,1.5,
2025-04-08,BGC.OQ,,,14.5
2025-06-11,BELFB.OQ,,1.66667,
2025-06-13,BATRK.OQ,,2.5,
2025-09-26,BIRK.N,2792680657.12648,,
2025-10-02,BEN.N,,3.08333,
2025-10-22,BILL.N,,2.16,
2025-10-29,BIO.N,,2.33333,
2025-11-05,BCC.N,,2.57143,
2025-11-07,BKH.N,,2.0,
2025-12-08,BCPC.OQ,,2.33333,
2025-12-10,BBW.N,,2.0,
2025-12-22,BKSY.N,,1.875,
2025-12-23,BHF.OQ,,3.0,66.0
2025-12-30,BFLY.N,,1.8,
2026-01-06,BKD.N,,2.0,
2026-01-07,BBAI.N,,2.66667,
2026-01-16,BIRK.N,,1.86364,
2026-01-19,BFb.N,,3.1579,
2026-01-25,BANF.OQ,712457500.0,,
2026-01-26,BFAM.N,,2.5,
2026-01-28,BJ.N,,2.33333,
2026-01-30,BANR.OQ,639614400.0,2.33333,71.16667
2026-01-30,BANR.OQ,,2.33333,
2026-02-02,BKU.N,,2.54546,
2026-02-03,BBT.N,901043600.0,,
2026-02-03,BEN.N,,,27.44444
2026-02-04,BG.N,,1.84615,
2026-02-04,BHE.N,,,60.75
2026-02-05,BFH.N,,2.61111,
2026-02-05,BHVN.N,,2.0,
2026-02-08,BBNX.OQ,,1.91667,
2026-02-09,BANF.OQ,,3.0,123.66667
2026-02-09,BANF.OQ,,3.0,
2026-02-10,BDX.N,,2.375,
2026-02-10,BHE.N,2812666670.0,,
2026-02-10,BILL.N,,,57.70478
2026-02-11,BEN.N,6973471200.0,,
2026-02-11,BETA.N,,1.5,
2026-02-12,BBT.N,,2.14286,
2026-02-12,BBT.N,,2.14286,34.57143
2026-02-13,BILL.N,1637533260.0,,
2026-02-13,BIO.N,,,335.0
2026-02-16,BFAM.N,,,96.26333
2026-02-16,BGC.OQ,3357005000.0,,
2026-02-17,BK.N,,2.27778,
2026-02-17,BK.N,21172107570.0,2.27778,
2026-02-17,BK.N,21172107570.0,2.27778,133.78571
2026-02-18,BBNX.OQ,,,23.41667
2026-02-18,BAX.N,,2.94444,
2026-02-18,BBNX.OQ,132677420.0,,23.41667
2026-02-18,BCRX.OQ,,1.7,
2026-02-19,BFAM.N,3112275000.0,,
2026-02-19,BIIB.OQ,,2.43243,
2026-02-19,BKD.N,,,18.1
2026-02-20,BEAM.OQ,,1.63158,
2026-02-23,BELFB.OQ,725658670.0,,261.33333
2026-02-23,BKNG.OQ,,1.925,
2026-02-24,BANC.N,,1.81818,
2026-02-24,BDX.N,,,202.36167
2026-02-24,BE.N,,2.58621,
2026-02-24,BKR.OQ,,1.90909,
2026-02-25,BATRK.OQ,,,56.5
2026-02-25,BFH.N,3949546670.0,,
2026-02-27,BCRX.OQ,,,21.3
2026-02-27,BAX.N,11344285440.0,,
2026-02-27,BCO.N,5585376330.0,,154.0
2026-02-27,BCRX.OQ,650756110.0,,21.3
2026-02-27,BDX.N,19292824420.0,,
2026-03-02,BFLY.N,,,5.5625
2026-03-03,BBAI.N,142545670.0,,5.33333
2026-03-04,BATRK.OQ,767231330.0,,
2026-03-04,BBWI.N,,2.625,
2026-03-04,BKSY.N,,,26.77778
2026-03-05,BJRI.OQ,,2.72727,
2026-03-05,BBWI.N,,,28.00917
2026-03-05,BBY.N,,2.69231,
2026-03-05,BFLY.N,118675000.0,,
2026-03-05,BJRI.OQ,1436308700.0,2.72727,45.22222
2026-03-05,BJRI.OQ,,2.72727,45.22222
2026-03-06,BCPC.OQ,1102459750.0,,200.5
2026-03-06,BIO.N,2627984000.0,,
2026-03-09,BHVN.N,0.0,,
2026-03-09,BKD.N,3033960500.0,,
2026-03-10,BBIO.OQ,,1.69565,
2026-03-10,BBWI.N,7079828070.0,,
2026-03-10,BC.N,,2.3,
2026-03-10,BE.N,3196074960.0,,144.94417
2026-03-10,BKSY.N,132724640.0,,
2026-03-11,BAX.N,,,21.522
2026-03-11,BBY.N,41783171050.0,,
2026-03-11,BFH.N,,,82.94
2026-03-11,BKNG.OQ,,,232.88862
2026-03-12,BKH.N,2400473330.0,,81.25
2026-03-12,BKR.OQ,,,61.23368
2026-03-13,BBW.N,554259750.0,,62.0
2026-03-13,BBW.N,,,62.0
2026-03-15,BBY.N,,,73.32158
2026-03-15,BFb.N,,,28.80313
2026-03-15,BKE.N,,,53.0
2026-03-16,BC.N,,,90.32
2026-03-16,BCC.N,6573554430.0,,95.66667
2026-03-16,BETA.N,40759500.0,,36.25
2026-03-16,BFb.N,3892961060.0,,
2026-03-16,BHVN.N,,,22.25
2026-03-16,BJ.N,,,104.43177
2026-03-16,BKE.N,1350525500.0,,
2026-03-16,BKNG.OQ,29942316740.0,,
2026-03-16,BCC.N,,,95.66667
2026-03-16,BETA.N,,,36.25
2026-03-17,BDC.N,2927412000.0,2.2,176.0
2026-03-17,BIIB.OQ,9438272970.0,,206.49452
2026-03-17,BKR.OQ,27985894780.0,,
2026-03-17,BDC.N,2927412000.0,2.2,
2026-03-18,BBIO.OQ,926136200.0,,100.43905
2026-03-18,BHF.OQ,8777000000.0,,
2026-03-19,BC.N,5714456650.0,,
2026-03-19,BIRK.N,,,58.9105
2026-03-20,BEAM.OQ,49386770.0,,49.395
2026-03-20,BG.N,,,131.19182
2026-03-22,BEPC.N,,2.75,
2026-03-22,BEPC.N,,2.75,40.98327
2026-03-22,BEPC.N,6871000000.0,2.75,40.98327
2026-03-22,BIPC.N,3878043000.0,4.0,45.0
2026-03-23,BJ.N,22671923550.0,,
2026-03-24,BANC.N,1164782750.0,,23.25
2026-03-24,BG.N,92990609000.0,,
2026-03-24,BKU.N,1182332000.0,,53.63636
2026-03-25,BAX.N,11346888470.0,,
2026-03-25,BBNX.OQ,132589910.0,,
2026-03-25,BBWI.N,7080246310.0,,28.06417
2026-03-25,BEAM.OQ,47921870.0,,49.48941
2026-03-25,BEPC.N,6510000000.0,,
2026-03-25,BFAM.N,3111741670.0,,
2026-03-25,BFb.N,,,28.67813
2026-03-25,BIO.N,2623782500.0,,
2026-03-25,BKD.N,3025572500.0,,
2026-03-25,BEAM.OQ,,,49.48941
2026-03-26,BFb.N,3892944390.0,,
2026-03-26,BETA.N,41192830.0,,
2026-03-26,BFb.N,3892944390.0,3.10526,
2026-03-26,BGC.OQ,3374505000.0,,
2026-03-26,BIO.N,,,334.0
2026-03-27,BFb.N,,,29.48929
2026-03-27,BE.N,3196682350.0,,144.73583
2026-03-27,BEAM.OQ,47426750.0,,
2026-03-27,BFb.N,,2.88235,29.48929
2026-03-29,BANC.N,,,23.45
2026-03-29,BANC.N,1171009220.0,,23.45
2026-03-29,BKU.N,1182710780.0,,54.09091
2026-03-30,BBW.N,554109750.0,,
2026-03-30,BBY.N,,,73.05842
2026-03-30,BFb.N,3892694390.0,,
2026-03-30,BK.N,,,132.92857
2026-03-31,BEAM.OQ,,,50.07765
2026-03-31,BFH.N,3949880000.0,,82.40667
2026-03-31,BG.N,,,132.55546
2026-03-31,BIIB.OQ,9481770030.0,,207.46226
2026-03-31,BIRK.N,,,59.18331
2026-03-31,BK.N,21187046210.0,,133.21429
2026-03-31,BKNG.OQ,29929879110.0,,232.79834
2026-03-31,BKR.OQ,27885068700.0,,61.49684
2026-03-31,BK.N,,,133.21429
2026-04-01,BANC.N,1172342560.0,,
2026-04-01,BETA.N,40068140.0,,35.25
2026-04-01,BG.N,,,133.46455
2026-04-01,BK.N,21182117640.0,,
2026-04-01,BKH.N,2401355000.0,,80.4
2026-04-01,BKR.OQ,27827842610.0,,61.9179
2026-04-01,BETA.N,40068140.0,,
2026-04-01,BKR.OQ,,,61.9179
2026-04-02,BATRK.OQ,,,58.0
2026-04-02,BGC.OQ,3408450000.0,,
2026-04-02,BHF.OQ,,3.0,65.0
2026-04-02,BANC.N,1172031440.0,,23.15
2026-04-02,BANR.OQ,636726670.0,,70.5
2026-04-02,BATRK.OQ,768231330.0,,58.0
2026-04-02,BBT.N,,,34.85714
2026-04-02,BEN.N,,,27.33333
2026-04-02,BG.N,93267609000.0,,
2026-04-02,BGC.OQ,3408450000.0,,14.0
2026-04-02,BHE.N,2818000000.0,,61.25
2026-04-02,BHF.OQ,8755333330.0,3.0,65.0
2026-04-02,BHVN.N,,,22.4375
2026-04-02,BIIB.OQ,9496804520.0,,207.75258
2026-04-02,BKR.OQ,27818772170.0,,
2026-04-04,BJ.N,22673838370.0,,104.49647
2026-04-05,BCC.N,6571543000.0,,
2026-04-06,BAX.N,11346755130.0,,21.45533
2026-04-06,BEN.N,6936522800.0,,27.0
2026-04-06,BFH.N,3949251620.0,,83.14
2026-04-06,BG.N,93106003640.0,,134.28091
2026-04-06,BILL.N,,,57.40044
2026-04-06,BK.N,21196786710.0,,133.28571
2026-04-06,BKNG.OQ,29922583310.0,,232.82691
2026-04-06,BKR.OQ,27761195610.0,,62.18105
2026-04-06,BKU.N,1180041000.0,,53.81818
2026-04-06,BAX.N,,,21.45533
2026-04-06,BFH.N,,,83.14
2026-04-06,BG.N,,,134.28091
2026-04-06,BK.N,,,133.28571
2026-04-06,BKNG.OQ,29922583310.0,,
2026-04-06,BKR.OQ,27761195610.0,,
2026-04-06,BKU.N,1180041000.0,,
2026-04-07,BANC.N,1171920330.0,,22.75
2026-04-07,BC.N,5715460400.0,,
2026-04-07,BFH.N,3950859310.0,,
2026-04-07,BIO.N,2627524000.0,2.66667,319.0
2026-04-07,BK.N,21205001000.0,,
2026-04-07,BKNG.OQ,,,232.71262
2026-04-07,BKR.OQ,,,62.76
2026-04-07,BKU.N,,,53.63636
2026-04-07,BANC.N,1171920330.0,,
2026-04-08,BANC.N,,,22.85
2026-04-08,BAX.N,11350582470.0,,
2026-04-08,BBIO.OQ,921415430.0,1.70833,100.41909
2026-04-08,BBNX.OQ,,,23.16667
2026-04-08,BDX.N,19228991080.0,,
2026-04-08,BEN.N,6943956200.0,,26.77778
2026-04-08,BHF.OQ,8743330000.0,,
2026-04-08,BKD.N,3024455250.0,1.83333,18.08333
2026-04-08,BKR.OQ,27725065170.0,,62.44421
2026-04-08,BBIO.OQ,,1.70833,
2026-04-08,BBIO.OQ,,1.70833,100.41909
2026-04-08,BKD.N,,1.83333,18.08333
2026-04-09,BDX.N,,2.41177,
2026-04-09,BE.N,,,144.61083
2026-04-09,BKH.N,2401395000.0,,
2026-04-09,BKNG.OQ,,,233.16977
2026-04-09,BBIO.OQ,935842180.0,,
2026-04-09,BDX.N,19215887000.0,2.41177,199.64154
2026-04-09,BE.N,3197346190.0,,144.61083
2026-04-09,BEN.N,6947356200.0,,26.44444
2026-04-09,BFH.N,3949342000.0,,
2026-04-09,BFb.N,,3.0,
2026-04-09,BKD.N,3018522500.0,,
2026-04-09,BKH.N,2401395000.0,,81.2
2026-04-09,BKNG.OQ,29935027000.0,,233.16977
2026-04-10,BC.N,5717205140.0,,
2026-04-10,BCC.N,6557081140.0,,94.16667
2026-04-10,BE.N,3197307730.0,,
2026-04-10,BIIB.OQ,9497994350.0,,208.07516
2026-04-10,BILL.N,1637620220.0,,57.27
2026-04-10,BK.N,21209462620.0,2.29412,132.38462
2026-04-10,BKNG.OQ,29934254030.0,,
2026-04-10,BKR.OQ,27666132260.0,,62.76
2026-04-10,BCC.N,6557081140.0,,
2026-04-13,BBIO.OQ,932547180.0,,
2026-04-13,BBY.N,41754288760.0,2.76923,72.16368
2026-04-13,BDC.N,,,171.75
2026-04-13,BDX.N,19156979310.0,,198.10308
2026-04-13,BE.N,3200038500.0,,
2026-04-13,BEN.N,6980365400.0,,26.72222
2026-04-13,BHVN.N,0.0,2.0,22.35294
2026-04-13,BIIB.OQ,9534832900.0,2.40541,208.33323
2026-04-13,BILL.N,1637659090.0,,56.92217
2026-04-13,BKNG.OQ,,,233.16748
2026-04-13,BKR.OQ,27638439220.0,,62.97053
2026-04-13,BHVN.N,,2.0,
2026-04-13,BBY.N,,2.76923,
2026-04-13,BHVN.N,,2.0,22.35294
2026-04-13,BILL.N,,,56.92217
2026-04-14,BE.N,,2.51724,150.31917
2026-04-14,BIIB.OQ,,2.37838,208.74677
2026-04-14,BCC.N,,,93.66667
2026-04-14,BE.N,3231956590.0,2.51724,150.31917
2026-04-14,BFAM.N,3111341670.0,,
2026-04-14,BGC.OQ,,,14.0
2026-04-14,BIIB.OQ,9531855800.0,2.37838,208.74677
2026-04-14,BILL.N,1647617910.0,,
2026-04-14,BIRK.N,,,59.28609
2026-04-14,BKH.N,,,82.6
2026-04-14,BKR.OQ,27629904910.0,,63.23368
2026-04-15,BDX.N,,2.35294,
2026-04-15,BKR.OQ,27608453610.0,,
2026-04-15,BBIO.OQ,932229000.0,,
2026-04-15,BDX.N,19170948640.0,2.35294,195.10154
2026-04-15,BELFB.OQ,728315330.0,,263.0
2026-04-15,BFb.N,,,29.70357
2026-04-15,BIIB.OQ,9552729130.0,,
2026-04-15,BJRI.OQ,1436378600.0,,
2026-04-15,BKR.OQ,27608453610.0,,63.39158
2026-04-16,BEPC.N,,,39.22909
2026-04-16,BFH.N,,2.55556,
2026-04-16,BILL.N,1647744000.0,,
2026-04-16,BJRI.OQ,,,45.0
2026-04-16,BK.N,,2.23529,
2026-04-16,BKH.N,2401645000.0,,
2026-04-16,BANF.OQ,717107500.0,,
2026-04-16,BE.N,3233889930.0,,
2026-04-16,BEPC.N,6490000000.0,,39.22909
2026-04-16,BFH.N,3950311690.0,2.55556,84.67333
2026-04-16,BILL.N,1647744000.0,,56.61783
2026-04-16,BJRI.OQ,1435985600.0,,45.0
2026-04-16,BK.N,21365409620.0,2.23529,137.76923
2026-04-16,BKH.N,2401645000.0,,83.6
2026-04-17,BBY.N,,,71.63737
2026-04-17,BE.N,,2.46429,
2026-04-17,BEN.N,6986565400.0,,
2026-04-17,BANF.OQ,,,124.33333
2026-04-17,BBY.N,41789457460.0,,71.63737
2026-04-17,BDX.N,19169448640.0,,194.25539
2026-04-17,BE.N,3237211460.0,2.46429,153.76783
2026-04-17,BEN.N,6986565400.0,,26.83333
2026-04-17,BETA.N,,,34.75
2026-04-17,BFAM.N,,,95.12111
2026-04-17,BIIB.OQ,9552605370.0,,
2026-04-17,BILL.N,,,56.13957
2026-04-17,BK.N,21417486540.0,,139.61539
2026-04-17,BKSY.N,132664250.0,,26.77778
2026-04-19,BANF.OQ,721738000.0,,
2026-04-19,BK.N,21452717310.0,,140.84615
2026-04-19,BK.N,,,140.84615
2026-04-20,BIIB.OQ,,2.35135,
2026-04-20,BCC.N,6538752570.0,,
2026-04-20,BE.N,3241592770.0,,156.68087
2026-04-20,BEPC.N,5990591250.0,,
2026-04-20,BG.N,93106185460.0,,
2026-04-20,BHVN.N,0.0,,
2026-04-20,BIIB.OQ,9587838700.0,2.35135,210.35968
2026-04-20,BJRI.OQ,1435873600.0,,
2026-04-20,BKD.N,3002772500.0,1.4,19.1
2026-04-20,BKNG.OQ,,,233.13891
2026-04-21,BE.N,3248038920.0,,
2026-04-21,BBNX.OQ,133204730.0,,21.33333
2026-04-21,BBY.N,41793504960.0,,
2026-04-21,BCRX.OQ,650216780.0,,
2026-04-21,BE.N,3248038920.0,,160.20261
2026-04-21,BIIB.OQ,9611838210.0,,210.48871
2026-04-21,BILL.N,1648060860.0,,
2026-04-21,BIRK.N,,,59.18083
2026-04-21,BK.N,21476450420.0,,
2026-04-21,BKNG.OQ,29938245920.0,,232.60977
2026-04-22,BANC.N,,,22.75
2026-04-22,BBNX.OQ,133619090.0,,20.58333
2026-04-22,BE.N,,,163.24609
2026-04-22,BEN.N,,,26.72222
2026-04-22,BIIB.OQ,9624779090.0,2.32432,212.74677
2026-04-22,BK.N,21476533460.0,,
2026-04-22,BKH.N,,,83.0
2026-04-22,BKNG.OQ,29938235050.0,,232.49548
2026-04-22,BKU.N,1178079780.0,,52.72727
2026-04-22,BIIB.OQ,,2.32432,
2026-04-23,BILL.N,1648060860.0,2.20833,
2026-04-23,BANC.N,1153762670.0,,
2026-04-23,BANR.OQ,638055830.0,,70.5
2026-04-23,BBY.N,,,71.37421
2026-04-23,BFH.N,3967738150.0,,90.47333
2026-04-23,BIIB.OQ,9640396740.0,,214.005
2026-04-23,BILL.N,1648060860.0,2.20833,55.73682
2026-04-23,BKNG.OQ,29938829650.0,,232.55834
2026-04-23,BKR.OQ,,,63.65474
2026-04-23,BKU.N,1179605220.0,,52.45455
2026-04-23,BILL.N,,2.20833,
2026-04-24,BG.N,,1.91667,
2026-04-24,BIIB.OQ,,,214.33833
2026-04-24,BANC.N,1132827670.0,,22.45
2026-04-24,BANR.OQ,641149830.0,,71.5
2026-04-24,BBIO.OQ,,,100.32818
2026-04-24,BCC.N,6542722000.0,,94.5
2026-04-24,BFH.N,3971268400.0,,93.54
2026-04-24,BG.N,92634443000.0,1.91667,134.709
2026-04-24,BIIB.OQ,9657538830.0,,214.33833
2026-04-24,BILL.N,,,55.14591
2026-04-24,BIRK.N,,,58.91767
2026-04-24,BKR.OQ,27633192740.0,,64.60211
2026-04-26,BANR.OQ,642199830.0,,72.66667
2026-04-26,BC.N,,,90.3825
2026-04-27,BANC.N,1126074000.0,,22.45
2026-04-27,BE.N,3253308150.0,,165.98522
2026-04-27,BETA.N,40125290.0,,
2026-04-27,BFLY.N,118750000.0,,
2026-04-27,BIIB.OQ,9663468310.0,,
2026-04-27,BKNG.OQ,29915481270.0,,232.3012
2026-04-27,BKR.OQ,27715843040.0,,68.97053
2026-04-28,BATRK.OQ,768231330.0,,
2026-04-28,BBIO.OQ,935798550.0,,100.69182
2026-04-28,BCRX.OQ,650216780.0,,
2026-04-28,BE.N,3320930620.0,,175.68087
2026-04-28,BEN.N,7007740400.0,,28.33333
2026-04-28,BEPC.N,5990591250.0,,
2026-04-28,BFb.N,3892694390.0,3.05882,
2026-04-28,BHVN.N,0.0,,
2026-04-28,BIIB.OQ,9821543040.0,,213.67167
2026-04-28,BILL.N,1648060860.0,,
2026-04-28,BKNG.OQ,29842014780.0,,231.44405
2026-04-28,BKR.OQ,27693432920.0,,69.70737
2026-04-29,BBT.N,,,35.14286
2026-04-29,BE.N,3619755960.0,,224.07217
2026-04-29,BEN.N,7033685800.0,3.0,29.33333
2026-04-29,BFb.N,,,29.34643
2026-04-29,BG.N,92420543000.0,,134.209
2026-04-29,BHVN.N,,,22.23529
2026-04-29,BIIB.OQ,9898836500.0,,214.83833
2026-04-29,BILL.N,,,54.91864
2026-04-29,BKNG.OQ,29572935180.0,,227.55148
2026-04-29,BG.N,92420543000.0,,
2026-04-30,BG.N,,,134.709
2025-06-11,BUR.N,,1.6,
2025-09-09,BRX.N,,1.94444,
2025-09-17,BOX.N,,2.3,
2025-09-24,BULL.OQ,,2.0,
2025-11-12,BTU.N,,2.0,
2025-11-17,BTBT.OQ,,2.0,
2025-11-20,BLD.N,,2.0625,
2025-11-20,BLSH.N,,2.41667,
2025-11-20,BYD.N,,2.41177,
2025-12-01,BL.OQ,,2.5625,
2025-12-04,BNL.N,,2.0,
2025-12-08,BTBT.OQ,215641400.0,,
2025-12-08,BTBT.OQ,112929170.0,,
2025-12-11,BTSG.OQ,,1.625,
2025-12-16,BLMN.OQ,,2.85714,
2025-12-16,BRZE.OQ,,1.71429,
2025-12-16,BXMT.N,,2.22222,
2025-12-19,BRKR.OQ,,2.125,
2025-12-22,BTBT.OQ,,,5.42857
2025-12-23,BRKb.N,,2.0,
2025-12-23,CACI.N,,1.9375,
2026-01-08,BURL.N,,1.82353,
2026-01-13,CAH.N,,1.77778,
2026-01-14,BLKB.OQ,,2.75,
2026-01-14,C.N,,1.95833,
2026-01-16,BRBR.N,,1.9375,
2026-01-22,BSY.OQ,,2.125,
2026-01-26,BOH.N,,2.85714,
2026-01-26,BOKF.OQ,2272045330.0,2.7,135.3
2026-01-26,BTDR.OQ,,2.0,
2026-01-26,BOKF.OQ,,2.7,
2026-01-28,BOH.N,807459000.0,,
2026-01-30,BUSE.OQ,808129750.0,,
2026-02-02,CACC.OQ,2327000000.0,3.0,
2026-02-02,CACC.OQ,,3.0,
2026-02-02,BMI.N,,2.46154,
2026-02-02,CACC.OQ,2327000000.0,3.0,466.66667
2026-02-03,BPOP.OQ,,1.9,
2026-02-03,BOH.N,,,83.16667
2026-02-03,BPOP.OQ,3207844170.0,1.9,
2026-02-03,BR.N,,2.3,
2026-02-03,BUSE.OQ,,2.28571,
2026-02-04,BR.N,,,248.77857
2026-02-06,BOOT.N,2248268060.0,1.75,
2026-02-06,BOOT.N,2248268060.0,,
2026-02-09,BUSE.OQ,,,27.66667
2026-02-10,BRBR.N,2415852310.0,,
2026-02-11,BLKB.OQ,,,56.25
2026-02-11,BYD.N,,,93.86667
2026-02-16,BRKR.OQ,,,48.95133
2026-02-17,BXMT.N,,,21.14286
2026-02-18,BLBD.OQ,1539831500.0,,
2026-02-18,BORR.N,,2.25,
2026-02-19,BR.N,7359206670.0,,
2026-02-19,BRKR.OQ,3580601070.0,,
2026-02-23,BLK.N,,2.0,
2026-02-23,BLK.N,28180683690.0,2.0,
2026-02-23,BMI.N,966720080.0,,180.233
2026-02-23,BPOP.OQ,,,155.9
2026-02-23,CAH.N,258664310430.0,,
2026-02-24,BMY.N,,2.53125,
2026-02-24,BORR.N,,,5.17
2026-02-24,BTDR.OQ,,,22.41539
2026-02-24,BXP.N,,2.40909,
2026-02-25,BRSL.N,,,18.56667
2026-02-26,BUR.N,,,17.66667
2026-02-27,BLMN.OQ,,,7.45833
2026-02-27,BORR.N,1058715430.0,,
2026-02-27,BUR.N,667133330.0,,
2026-02-27,BWIN.OQ,,2.1,
2026-02-28,BXMT.N,388900000.0,,
2026-03-02,BLMN.OQ,3959144640.0,,
2026-03-02,BRKb.N,,,529.5
2026-03-03,BRKb.N,339093060000.0,,
2026-03-04,BRSL.N,,2.16667,
2026-03-04,BSX.N,,1.7027,
2026-03-04,BWA.N,,,65.03929
2026-03-04,BX.N,,2.28,
2026-03-05,BLDR.N,,2.48,
2026-03-05,BLKB.OQ,1175132600.0,,
2026-03-05,BSY.OQ,,,48.68385
2026-03-05,BULL.OQ,735673500.0,,
2026-03-06,BLBD.OQ,,1.71429,69.28571
2026-03-06,BLK.N,,,1309.39375
2026-03-06,BWA.N,,2.41177,
2026-03-08,BROS.N,2044480090.0,,
2026-03-08,BXP.N,,,71.66667
2026-03-09,BMRN.OQ,,1.88,
2026-03-09,BNL.N,485587860.0,,20.55556
2026-03-09,BROS.N,,1.65217,75.59591
2026-03-09,BRSL.N,2504708800.0,,
2026-03-09,BULL.OQ,,,11.66667
2026-03-09,BWA.N,14244808940.0,,
2026-03-09,BWIN.OQ,,,31.75
2026-03-09,BNL.N,485587860.0,,
2026-03-10,BSY.OQ,1697315880.0,,
2026-03-10,BYD.N,4137295500.0,,
2026-03-11,BURL.N,,,370.30714
2026-03-12,BOX.N,1275264600.0,,32.555
2026-03-12,BTU.N,4533278330.0,,
2026-03-12,BURL.N,12710311410.0,,
2026-03-12,BWIN.OQ,2012117000.0,,
2026-03-15,BWXT.N,,2.0,
2026-03-15,BLDR.N,,,127.26875
2026-03-15,BWXT.N,3774924670.0,2.0,231.48455
2026-03-15,CAG.N,,3.05556,
2026-03-16,BMRN.OQ,3631925350.0,,
2026-03-16,BRBR.N,,,31.515
2026-03-16,CACI.N,9466960730.0,,689.27667
2026-03-17,BLD.N,,,497.985
2026-03-17,BMY.N,,,61.66231
2026-03-17,BRO.N,,2.85,
2026-03-17,BL.OQ,,,55.47
2026-03-17,BLD.N,6074768130.0,,497.985
2026-03-17,BMRN.OQ,,,89.89333
2026-03-17,BMY.N,47099566350.0,,61.66231
2026-03-17,BOOT.N,,,237.14286
2026-03-17,BRO.N,,2.85,83.90188
2026-03-17,BTDR.OQ,1049507250.0,,
2026-03-18,BLSH.N,382756000.0,,45.5
2026-03-18,BTSG.OQ,14841924380.0,,
2026-03-19,BTSG.OQ,,,52.6
2026-03-19,BXP.N,3470300580.0,,
2026-03-20,BSX.N,,,102.82706
2026-03-20,BX.N,15762299880.0,,
2026-03-20,BKV.N,1478977570.0,,
2026-03-20,BSX.N,22236288840.0,,102.82706
2026-03-20,BX.N,15762299880.0,,162.0945
2026-03-20,C.N,,,131.36304
2026-03-20,CAG.N,11231460830.0,,19.26882
2026-03-22,C.N,90851385740.0,,
2026-03-23,BKV.N,,1.63636,34.63636
2026-03-23,BRO.N,7179913670.0,,
2026-03-23,CAH.N,,,248.02267
2026-03-23,BKV.N,,1.63636,
2026-03-24,BL.OQ,765867470.0,,
2026-03-24,BLDR.N,15023256740.0,,
2026-03-24,BRX.N,1426547300.0,,32.16177
2026-03-24,BRZE.OQ,871498290.0,,37.44444
2026-03-24,BTU.N,,,40.92857
2026-03-24,BRX.N,1426547300.0,,
2026-03-25,C.N,,1.92,
2026-03-25,BRZE.OQ,,,35.05263
2026-03-25,BXP.N,3467592250.0,,
2026-03-25,C.N,90890047840.0,1.92,
2026-03-25,CAG.N,11231393610.0,,
2026-03-25,BOX.N,1275375090.0,,32.34625
2026-03-25,BRBR.N,2414575390.0,,30.72929
2026-03-25,BRKR.OQ,,,47.88133
2026-03-25,BRZE.OQ,886640520.0,,35.05263
2026-03-25,BSX.N,22234441970.0,,
2026-03-25,BWXT.N,3775702000.0,,233.30273
2026-03-25,BXP.N,3467592250.0,,70.88889
2026-03-25,C.N,90890047840.0,1.92,131.68125
2026-03-25,CACI.N,9478092070.0,,688.61
2026-03-25,CAG.N,11231393610.0,,19.03353
2026-03-26,BRKR.OQ,,,47.68133
2026-03-26,BSX.N,22226409910.0,,102.68
2026-03-26,BTU.N,,,41.21429
2026-03-26,CAG.N,,,18.59813
2026-03-27,BTU.N,4547690000.0,,
2026-03-27,BUSE.OQ,809823800.0,,
2026-03-27,C.N,,,131.18125
2026-03-29,BOKF.OQ,2271445440.0,,
2026-03-29,BNL.N,,,20.77778
2026-03-29,BOKF.OQ,2271445440.0,,136.5
2026-03-29,BPOP.OQ,3232753000.0,,158.7
2026-03-29,BUR.N,688400000.0,,
2026-03-29,BWA.N,14238683940.0,,
2026-03-29,CAH.N,258678664400.0,,249.82933
2026-03-30,BLK.N,28117246190.0,,
2026-03-30,BMI.N,966545920.0,2.30769,181.033
2026-03-30,BRZE.OQ,887907190.0,,
2026-03-30,BSX.N,22220493500.0,1.72973,102.12118
2026-03-30,BTU.N,,,40.92857
2026-03-30,BUR.N,,2.0,6.91667
2026-03-30,BX.N,,,160.1445
2026-03-30,C.N,90950395450.0,,130.68125
2026-03-30,CAG.N,11240005000.0,,18.28563
2026-03-30,BMI.N,,2.30769,
2026-03-30,BMI.N,,2.30769,181.033
2026-03-30,BSX.N,,1.72973,
2026-03-31,BRO.N,,,83.08938
2026-03-31,BROS.N,2044980960.0,1.66667,
2026-03-31,BTU.N,4503830000.0,,
2026-03-31,BWA.N,,,64.53929
2026-03-31,BWXT.N,,2.13333,
2026-03-31,CACI.N,,1.94118,
2026-03-31,BROS.N,,1.66667,
2026-03-31,BRKR.OQ,3580734400.0,,
2026-03-31,BRO.N,7178782330.0,,83.08938
2026-03-31,BROS.N,2044980960.0,1.66667,75.48304
2026-03-31,BTSG.OQ,,,52.26667
2026-03-31,BTU.N,4503830000.0,,40.78571
2026-03-31,BWA.N,14231071440.0,,64.53929
2026-03-31,BWIN.OQ,,,30.25
2026-03-31,BWXT.N,3778151860.0,2.13333,230.5275
2026-03-31,BXP.N,,,70.22222
2026-03-31,C.N,91134186400.0,,130.30625
2026-03-31,CACC.OQ,,,460.0
2026-03-31,CACI.N,9482273810.0,1.94118,691.40923
2026-04-01,BKV.N,1490834710.0,,
2026-04-01,CACI.N,,,683.17846
2026-04-01,BKV.N,1490834710.0,,34.72727
2026-04-01,BLD.N,6075720130.0,,
2026-04-01,BLK.N,28031669940.0,,1298.01875
2026-04-01,BROS.N,,,75.13522
2026-04-01,BTBT.OQ,205581400.0,,5.28571
2026-04-01,BWA.N,14411457240.0,,
2026-04-01,C.N,91188236400.0,,129.72292
2026-04-01,CACI.N,9489388500.0,,683.17846
2026-04-01,CAG.N,11245653330.0,,17.66063
2026-04-02,BWA.N,14397810180.0,,
2026-04-02,BKV.N,,,35.0
2026-04-02,BLK.N,28026953060.0,,1281.20625
2026-04-02,BOH.N,,,82.16667
2026-04-02,BRO.N,7174061670.0,,
2026-04-02,BROS.N,2045288870.0,,
2026-04-02,BSX.N,22218584280.0,,101.70941
2026-04-02,BTBT.OQ,165120000.0,,5.14286
2026-04-02,BUSE.OQ,809643800.0,,
2026-04-02,BWA.N,14397810180.0,,64.11071
2026-04-02,BX.N,,,158.99421
2026-04-02,BXP.N,,,69.83333
2026-04-02,CAG.N,11274862280.0,,16.97313
2026-04-03,CAG.N,11275973390.0,,
2026-04-05,BRKR.OQ,3581013500.0,2.1875,47.71067
2026-04-05,BRSL.N,2517248800.0,,18.4
2026-04-05,BYD.N,4140039250.0,,94.0
2026-04-05,CAG.N,,,16.72313
2026-04-05,BRKR.OQ,,2.1875,
2026-04-05,BRKR.OQ,,2.1875,47.71067
2026-04-05,BRSL.N,,,18.4
2026-04-06,BLD.N,,2.125,
2026-04-06,BLK.N,27966228690.0,,1271.20625
2026-04-06,BMI.N,962545920.0,,
2026-04-06,BOOT.N,,1.625,
2026-04-06,BRBR.N,2414850710.0,,29.30929
2026-04-06,BRKb.N,357288280000.0,,
2026-04-06,BRO.N,7170384330.0,,82.77688
2026-04-06,BSX.N,22216146780.0,,101.23882
2026-04-06,BTBT.OQ,152667600.0,,5.07143
2026-04-06,BWIN.OQ,2011639500.0,,
2026-04-06,BX.N,,,156.88895
2026-04-06,C.N,91267446050.0,,129.72292
2026-04-06,C.N,,,129.72292
2026-04-07,BMI.N,962504250.0,,181.633
2026-04-07,BMY.N,47105643270.0,,
2026-04-07,BOH.N,,,82.66667
2026-04-07,BOKF.OQ,,,137.5
2026-04-07,BPOP.OQ,3252245130.0,1.8,160.5
2026-04-07,BR.N,7360135560.0,,
2026-04-07,BRBR.N,2414667860.0,,29.02357
2026-04-07,BRO.N,7168716870.0,,81.71438
2026-04-07,BSX.N,22212239440.0,,101.03294
2026-04-07,BX.N,15716224880.0,,154.99421
2026-04-07,BYD.N,4139476750.0,,93.86667
2026-04-07,C.N,91467936550.0,,
2026-04-08,BROS.N,,1.68,74.75458
2026-04-08,BSX.N,,1.75676,
2026-04-08,BWXT.N,,,231.7775
2026-04-08,CAH.N,,,248.496
2026-04-08,BROS.N,,1.68,
2026-04-08,BKV.N,,,35.18182
2026-04-08,BLDR.N,15008735000.0,,126.85208
2026-04-08,BLK.N,27908478690.0,,1246.26875
2026-04-08,BLMN.OQ,3957816070.0,,
2026-04-08,BMY.N,47113508330.0,,62.00846
2026-04-08,BROS.N,2045131000.0,1.68,74.75458
2026-04-08,BSX.N,22211238820.0,1.75676,99.73882
2026-04-08,BWIN.OQ,2011546220.0,,
2026-04-08,BWXT.N,3777151860.0,,231.7775
2026-04-08,BX.N,15651883380.0,,154.0445
2026-04-08,BYD.N,4121243190.0,,93.93333
2026-04-08,C.N,,,129.93125
2026-04-08,CAG.N,11277979470.0,,
2026-04-08,CAH.N,258412864400.0,,248.496
2026-04-09,BLK.N,,,1228.89375
2026-04-09,BMY.N,,,61.97
2026-04-09,BRO.N,7163050200.0,,
2026-04-09,BXP.N,3465045170.0,,
2026-04-09,BLK.N,27869471810.0,,1228.89375
2026-04-09,BLSH.N,382144600.0,,45.3
2026-04-09,BMY.N,47125507590.0,,61.97
2026-04-09,BNL.N,485302140.0,,
2026-04-09,BRO.N,7163050200.0,,81.09533
2026-04-09,BTSG.OQ,14847380000.0,,
2026-04-09,BTU.N,,,40.07143
2026-04-09,BX.N,15558133380.0,,151.8945
2026-04-09,BXP.N,3465045170.0,,69.66667
2026-04-09,CAH.N,258417664400.0,,
2026-04-10,BLD.N,6072297940.0,,494.2975
2026-04-10,BLDR.N,14986611960.0,,125.51875
2026-04-10,BLK.N,27842096810.0,,
2026-04-10,BLMN.OQ,3957353790.0,,
2026-04-10,BMY.N,47123225820.0,,
2026-04-10,BRBR.N,2414999290.0,,28.80929
2026-04-10,BROS.N,2045574290.0,,
2026-04-10,BTU.N,4510011670.0,,
2026-04-10,BX.N,15548611000.0,,150.2445
2026-04-10,C.N,91491936260.0,1.875,129.92826
2026-04-10,CACI.N,9501638500.0,,
2026-04-10,CAG.N,,3.11111,16.53563
2026-04-10,BRBR.N,,,28.80929
2026-04-10,BX.N,15548611000.0,,
2026-04-10,C.N,,1.875,129.92826
2026-04-10,C.N,,1.875,
2026-04-11,CAG.N,,,16.46875
2026-04-12,BKV.N,1489549000.0,,
2026-04-12,BLBD.OQ,1536236000.0,,
2026-04-12,BLK.N,27828471810.0,,
2026-04-13,BLD.N,6070886060.0,,
2026-04-13,BLDR.N,14983188170.0,,
2026-04-13,BRBR.N,,2.0,
2026-04-13,BSX.N,22207005610.0,,
2026-04-13,BX.N,,2.2,
2026-04-13,CACI.N,,,675.87077
2026-04-13,CAG.N,,3.10526,
2026-04-13,BLD.N,6070886060.0,,490.5475
2026-04-13,BLDR.N,14983188170.0,,124.47708
2026-04-13,BMI.N,961581750.0,,181.433
2026-04-13,BMY.N,47115197040.0,,
2026-04-13,BRBR.N,2416152670.0,2.0,
2026-04-13,BRKR.OQ,3581070940.0,,
2026-04-13,BRO.N,,,81.02867
2026-04-13,BSX.N,22207005610.0,,98.12118
2026-04-13,BWA.N,,,63.68214
2026-04-13,BX.N,,2.2,149.56619
2026-04-13,C.N,91540409950.0,,
2026-04-13,CACI.N,9515676000.0,,675.87077
2026-04-13,CAG.N,11282276370.0,3.10526,
2026-04-13,CAH.N,258393731070.0,,
2026-04-14,BKV.N,,,35.09091
2026-04-14,CAH.N,,,247.82933
2026-04-14,BKV.N,1498887140.0,,35.09091
2026-04-14,BL.OQ,,,54.39857
2026-04-14,BLK.N,27975148000.0,,1248.76875
2026-04-14,BR.N,7362280000.0,,
2026-04-14,BRBR.N,2415643130.0,,28.45214
2026-04-14,BRKR.OQ,3580758440.0,,47.37733
2026-04-14,BRO.N,,,80.89533
2026-04-14,BRX.N,,,32.33824
2026-04-14,BWA.N,14393506060.0,,63.75357
2026-04-14,BWIN.OQ,,,30.0
2026-04-14,BX.N,15509498500.0,,
2026-04-14,BXP.N,,,68.5
2026-04-14,C.N,92330869350.0,,135.18913
2026-04-14,CACI.N,9508889130.0,,
2026-04-14,CAH.N,258389872880.0,,247.82933
2026-04-15,BKV.N,1492030000.0,,
2026-04-15,BLD.N,,,487.4225
2026-04-15,BLDR.N,,,123.10208
2026-04-15,BLK.N,27961587940.0,,1251.51875
2026-04-15,BMRN.OQ,3624447090.0,,
2026-04-15,BMY.N,47117615560.0,,
2026-04-15,BOKF.OQ,2272351130.0,2.66667,137.88889
2026-04-15,BORR.N,1057688140.0,,
2026-04-15,BPOP.OQ,3252245130.0,1.77778,158.77778
2026-04-15,BRO.N,,,80.49533
2026-04-15,BROS.N,2045647630.0,,
2026-04-15,BSX.N,,,97.79765
2026-04-15,BTDR.OQ,1037123580.0,2.07692,21.72308
2026-04-15,BWIN.OQ,,,30.25
2026-04-15,BX.N,,,149.85191
2026-04-15,BYD.N,4122041750.0,,94.2
2026-04-15,C.N,92787318050.0,,137.18913
2026-04-15,BOKF.OQ,,2.66667,
2026-04-15,BTDR.OQ,,2.07692,
2026-04-15,BLK.N,,,1251.51875
2026-04-15,BOKF.OQ,2272351130.0,2.66667,
2026-04-15,BPOP.OQ,,1.77778,
2026-04-15,BTDR.OQ,,2.07692,21.72308
2026-04-15,BYD.N,,,94.2
2026-04-16,C.N,,,137.18913
2026-04-16,BLD.N,6066286690.0,,485.1725
2026-04-16,BLDR.N,14975551780.0,,122.35208
2026-04-16,BLK.N,27985337940.0,,
2026-04-16,BOOT.N,2248428180.0,1.58824,234.37533
2026-04-16,BROS.N,2045725540.0,,
2026-04-16,BX.N,15479873500.0,,
2026-04-16,BXMT.N,,2.11111,
2026-04-16,BYD.N,4122541750.0,,
2026-04-16,C.N,92787318050.0,,137.18913
2026-04-16,CACI.N,9507826630.0,,
2026-04-17,BLK.N,28246492460.0,,
2026-04-17,BMI.N,938324830.0,,168.833
2026-04-17,BMRN.OQ,3624229700.0,,
2026-04-17,BMY.N,47098645300.0,,
2026-04-17,BSY.OQ,,,47.83769
2026-04-17,BTDR.OQ,1033056920.0,,
2026-04-17,BWXT.N,3773937570.0,,
2026-04-17,C.N,93464201940.0,,
2026-04-17,CACC.OQ,2361650000.0,,481.66667
2026-04-17,CACI.N,9496001630.0,,671.48615
2026-04-17,CACI.N,,,671.48615
2026-04-18,BLK.N,28231141700.0,,
2026-04-19,C.N,93421572280.0,,
2026-04-19,BLD.N,6064705800.0,,
2026-04-19,BLK.N,,,1254.64375
2026-04-19,C.N,93421572280.0,,138.75435
2026-04-20,BOH.N,,,85.33333
2026-04-20,BRBR.N,,,27.595
2026-04-20,BYD.N,,,94.13333
2026-04-20,BKV.N,,,35.72727
2026-04-20,BLD.N,,2.28571,487.41143
2026-04-20,BLDR.N,14968155700.0,,121.39375
2026-04-20,BLMN.OQ,3956398290.0,,
2026-04-20,BMI.N,920089830.0,2.23077,155.555
2026-04-20,BNL.N,487302140.0,,
2026-04-20,BOH.N,809748500.0,,85.33333
2026-04-20,BOKF.OQ,,,138.33333
2026-04-20,BRBR.N,2414561880.0,,27.595
2026-04-20,BROS.N,2046038040.0,,
2026-04-20,BSX.N,22206217730.0,,97.65059
2026-04-20,BTSG.OQ,14847380060.0,,
2026-04-20,BULL.OQ,,1.66667,
2026-04-20,BYD.N,4123119250.0,,94.13333
2026-04-20,CACI.N,9506751630.0,,
2026-04-20,CAG.N,,,16.34375
2026-04-21,BKV.N,,,35.81818
2026-04-21,BLDR.N,14960607830.0,,121.35208
2026-04-21,BMY.N,47096188540.0,,
2026-04-21,BOKF.OQ,2274759750.0,,143.33333
2026-04-21,BORR.N,1055112570.0,2.0,5.41
2026-04-21,BR.N,7362113440.0,,
2026-04-21,BROS.N,,,74.86957
2026-04-21,BSX.N,22203369240.0,,96.94471
2026-04-21,BWA.N,14383388410.0,,63.68214
2026-04-21,BWXT.N,,,233.86083
2026-04-21,BX.N,,,148.85191
2026-04-21,BYD.N,4125131750.0,,
2026-04-21,C.N,,,139.27609
2026-04-21,BORR.N,1055112570.0,2.0,
2026-04-21,BWA.N,,,63.68214
2026-04-22,BMY.N,47105167110.0,,
2026-04-22,BOKF.OQ,2273354130.0,,143.66667
2026-04-22,BRBR.N,2414061880.0,,
2026-04-22,BROS.N,,,75.0
2026-04-22,BSX.N,21877678610.0,,91.88588
2026-04-22,BXP.N,,,67.66667
2026-04-23,BLD.N,,2.30769,488.36615
2026-04-23,BLSH.N,384644600.0,,46.0
2026-04-23,BMI.N,914339830.0,2.30769,152.83889
2026-04-23,BPOP.OQ,3182405140.0,,166.55556
2026-04-23,BRBR.N,2413788440.0,,27.02357
2026-04-23,BRKb.N,357775815000.0,,531.0
2026-04-23,BSX.N,21783480230.0,,88.65059
2026-04-23,BWA.N,14385270770.0,,
2026-04-23,BX.N,15315511000.0,2.24,148.09
2026-04-23,BYD.N,4121299500.0,,94.0
2026-04-23,CACI.N,9515405560.0,,669.56308
2026-04-23,CAG.N,11282276320.0,,16.21875
2026-04-23,BLSH.N,,,46.0
2026-04-23,BX.N,,2.24,
2026-04-24,BLK.N,,,1253.76875
2026-04-24,BSX.N,,,88.06235
2026-04-24,BTDR.OQ,,,21.41539
2026-04-24,BYD.N,,2.47059,
2026-04-24,BL.OQ,,,53.68429
2026-04-24,BLK.N,28217401550.0,,1253.76875
2026-04-24,BLMN.OQ,3955859500.0,2.92857,7.47917
2026-04-24,BMRN.OQ,3624318830.0,,
2026-04-24,BOKF.OQ,2275527130.0,,144.0
2026-04-24,BROS.N,2047128040.0,,
2026-04-24,BSX.N,21765957290.0,,88.06235
2026-04-24,BSY.OQ,,,47.60692
2026-04-24,BTDR.OQ,1022640250.0,,21.41539
2026-04-24,BTU.N,4538011670.0,,39.5
2026-04-24,BX.N,15265208000.0,,147.94714
2026-04-24,BYD.N,4119414250.0,2.47059,93.57143
2026-04-24,C.N,93407832110.0,,139.23261
2026-04-24,CACI.N,9516073060.0,,696.02667
2026-04-26,BX.N,,,148.3281
2026-04-26,BYD.N,,,93.78571
2026-04-26,C.N,93414998670.0,,
2026-04-26,CACI.N,,,693.36
2026-04-27,BLDR.N,14946755650.0,,120.31042
2026-04-27,BLKB.OQ,,,55.0
2026-04-27,BMRN.OQ,3635103290.0,1.88462,91.0976
2026-04-27,BOH.N,810198000.0,,
2026-04-27,BORR.N,,,6.0125
2026-04-27,BPOP.OQ,3151648160.0,,167.44444
2026-04-27,BRO.N,7157219560.0,2.85714,77.3325
2026-04-27,BROS.N,,,75.13044
2026-04-27,BRX.N,1428444200.0,,32.41177
2026-04-27,BSX.N,21704993190.0,,
2026-04-27,BTDR.OQ,1010631920.0,,
2026-04-27,BX.N,15252083000.0,,
2026-04-27,BYD.N,4113772380.0,,
2026-04-27,C.N,,,141.595
2026-04-27,CACI.N,9518181250.0,,
2026-04-27,BRO.N,,2.85714,
2026-04-28,BL.OQ,765867470.0,,
2026-04-28,BLK.N,28217401550.0,,
2026-04-28,BLSH.N,384464100.0,,
2026-04-28,BRO.N,7113003940.0,,74.4575
2026-04-28,BRSL.N,2517248800.0,,
2026-04-28,BRX.N,1429084100.0,,32.52941
2026-04-28,BSX.N,21704993410.0,1.78378,87.38588
2026-04-28,BUSE.OQ,808643800.0,,
2026-04-28,BX.N,15080057330.0,,
2026-04-28,BXP.N,3463361920.0,,67.77778
2026-04-28,BYD.N,4110272380.0,,93.57143
2026-04-28,C.N,,,141.68591
2026-04-28,CAH.N,258377383880.0,1.73684,
2026-04-29,BXMT.N,,,21.07143
2026-04-29,BL.OQ,765712530.0,,52.39857
2026-04-29,BLKB.OQ,1175866400.0,,52.5
2026-04-29,BNL.N,,,21.11111
2026-04-29,BRBR.N,2413943060.0,,26.95214
2026-04-29,BRO.N,7105083560.0,,73.5825
2026-04-29,BRZE.OQ,887903860.0,,
2026-04-29,BUSE.OQ,801592400.0,2.25,28.42857
2026-04-29,BXMT.N,393900000.0,,21.07143
2026-04-29,C.N,93418498670.0,,
2026-04-29,CACI.N,9556059600.0,,
2026-04-30,BLKB.OQ,1176146400.0,2.25,50.0
2026-04-30,BXMT.N,441320000.0,,
2026-04-30,C.N,93461276440.0,,
2025-04-30,CECO.OQ,,2.0,
2025-06-30,CAPR.OQ,,1.8,
2025-07-14,CARG.OQ,,2.14286,
2025-08-15,CC.N,,2.6,
2025-09-24,CCB.OQ,,1.6,
2025-09-30,CDP.N,,2.125,
2025-10-22,CATY.OQ,,2.8,
2025-11-07,CCOI.OQ,,2.66667,
2025-12-12,CELC.OQ,,1.63636,
2025-12-12,CAR.OQ,,2.75,
2025-12-12,CBOE.Z,,2.9375,
2025-12-12,CELC.OQ,0.0,1.63636,
2025-12-15,CBC.O,,1.8,
2025-12-17,CARR.N,,2.16,
2026-01-04,CFR.N,,2.86667,
2026-01-06,CCC.OQ,,1.93333,
2026-01-15,CALX.N,,2.0,
2026-01-16,CB.N,,2.53846,
2026-01-20,CALM.OQ,,2.8,
2026-01-21,CASY.OQ,,2.11111,
2026-01-22,CALY.N,,2.42857,
2026-01-23,CASH.OQ,822650000.0,,
2026-01-26,CATY.OQ,879510600.0,,
2026-01-26,CBZ.N,,2.0,
2026-01-28,CENX.OQ,,2.0,
2026-01-30,CALX.N,,,70.625
2026-01-30,CALX.N,1140811000.0,,70.625
2026-01-30,CCS.N,,,82.0
2026-02-02,CCB.OQ,679466000.0,,131.6
2026-02-03,CBC.O,1122881000.0,,29.1
2026-02-03,CBC.O,1122881000.0,,
2026-02-04,CBT.N,,2.8,
2026-02-05,CAT.N,,2.33333,
2026-02-08,CDW.OQ,,2.23077,
2026-02-09,CBSH.OQ,,2.88889,
2026-02-09,CCK.N,,2.0625,
2026-02-10,CB.N,51286625000.0,,
2026-02-12,CDNA.OQ,,2.22222,
2026-02-17,CAI.OQ,,1.6,
2026-02-17,CCS.N,3990252500.0,2.5,
2026-02-17,CCS.N,,2.5,
2026-02-19,CAKE.OQ,,2.56522,
2026-02-20,CAKE.OQ,,,65.05882
2026-02-22,CBRE.N,,1.85714,
2026-02-23,CART.OQ,,,49.48286
2026-02-23,CFR.N,2380469500.0,,
2026-02-24,CARG.OQ,1012552500.0,,35.77273
2026-02-24,CBU.N,894918400.0,2.66667,68.33333
2026-02-24,CDW.OQ,23108918080.0,,167.611
2026-02-24,CARG.OQ,1012552500.0,,
2026-02-24,CBU.N,,2.66667,
2026-02-24,CDW.OQ,,,167.611
2026-02-25,CAKE.OQ,3904586390.0,,
2026-02-25,CDNA.OQ,,,25.16667
2026-02-26,CDNS.OQ,,1.84615,371.2212
2026-02-26,CDNS.OQ,,1.84615,
2026-02-26,CARS.N,,2.28571,
2026-02-26,CBZ.N,2837300000.0,,50.0
2026-02-26,CDNS.OQ,6023738040.0,1.84615,371.2212
2026-02-26,CECO.OQ,947801830.0,,78.83333
2026-02-26,CG.OQ,,2.35294,
2026-02-27,CBT.N,,,80.25
2026-02-27,CELH.OQ,,1.86957,
2026-02-27,CERT.OQ,,2.35714,
2026-03-02,CARS.N,,,14.08333
2026-03-02,CBSH.OQ,,,61.14286
2026-03-02,CFR.N,,,148.0
2026-03-02,CG.OQ,4625115140.0,,
2026-03-03,CDP.N,773124170.0,,
2026-03-04,CC.N,,,19.625
2026-03-04,CALY.N,,,15.19667
2026-03-04,CC.N,5974774670.0,,19.625
2026-03-05,CAR.OQ,,,103.66667
2026-03-05,CAR.OQ,11787279130.0,,103.66667
2026-03-05,CARS.N,730145000.0,,
2026-03-05,CART.OQ,,2.4,
2026-03-05,CAT.N,73946405800.0,,
2026-03-05,CATY.OQ,,,53.8
2026-03-08,CDP.N,,,35.85714
2026-03-08,CELH.OQ,,,67.18474
2026-03-09,CAT.N,,,721.9752
2026-03-09,CDNA.OQ,431961110.0,,
2026-03-09,CERT.OQ,428099710.0,,9.4375
2026-03-09,CFG.N,,1.77273,
2026-03-09,CGNX.OQ,,2.17391,
2026-03-09,CERT.OQ,,,9.4375
2026-03-10,CBRE.N,45558948900.0,,
2026-03-10,CCC.OQ,1153569310.0,,9.33846
2026-03-10,CCC.OQ,1153569310.0,,
2026-03-11,CBSH.OQ,1966924570.0,,
2026-03-12,CASH.OQ,,2.33333,
2026-03-12,CAI.OQ,1006650360.0,,32.8
2026-03-12,CARR.N,,,72.25
2026-03-12,CART.OQ,4158350600.0,,
2026-03-12,CASH.OQ,,2.33333,103.5
2026-03-12,CASY.OQ,,,722.02813
2026-03-12,CBRE.N,,,182.28667
2026-03-12,CELC.OQ,,,117.2
2026-03-12,CENX.OQ,3087875000.0,,
2026-03-15,CENX.OQ,,,64.41
2026-03-16,CASY.OQ,17101866140.0,,
2026-03-16,CBOE.Z,2605701360.0,,292.58333
2026-03-16,CGNX.OQ,1071077200.0,,64.80211
2026-03-16,CGNX.OQ,,,64.80211
2026-03-17,CAVA.N,1452911040.0,2.22222,83.39667
2026-03-17,CBRL.OQ,3251153630.0,3.33333,31.57143
2026-03-17,CCOI.OQ,982302670.0,,25.90909
2026-03-17,CELH.OQ,3395436000.0,,
2026-03-17,CF.N,,3.0,
2026-03-17,CCOI.OQ,,,25.90909
2026-03-18,CALM.OQ,,,87.688
2026-03-18,CE.N,,2.27778,
2026-03-18,CALM.OQ,2988447000.0,,87.688
2026-03-18,CBT.N,3565696000.0,,
2026-03-18,CE.N,9448458500.0,2.27778,64.96563
2026-03-19,CCL.N,,1.92857,
2026-03-19,CEG.OQ,29320726870.0,2.04762,397.47353
2026-03-19,CG.OQ,,,65.874
2026-03-20,CAPR.OQ,,,53.9
2026-03-20,CB.N,,,338.25546
2026-03-20,CCI.N,4078724000.0,,
2026-03-20,CCK.N,12901080690.0,,
2026-03-22,CCK.N,,,129.18769
2026-03-23,CCI.N,,2.25,
2026-03-23,CAPR.OQ,135884000.0,,
2026-03-23,CARR.N,21973152630.0,,
2026-03-23,CCI.N,,2.25,100.71368
2026-03-23,CF.N,6861699750.0,,106.61722
2026-03-24,CALY.N,2462836000.0,,
2026-03-24,CCL.N,27855047820.0,,36.15174
2026-03-24,CDE.N,5049575000.0,2.1,28.15
2026-03-24,CFG.N,9086537110.0,,72.0
2026-03-24,CCL.N,,,36.15174
2026-03-24,CDE.N,,2.1,
2026-03-24,CFG.N,9086537110.0,,
2026-03-25,CE.N,9443284600.0,,
2026-03-25,CEG.OQ,,2.04546,
2026-03-25,CALM.OQ,2985647000.0,,
2026-03-25,CC.N,5975439670.0,,
2026-03-25,CCL.N,27860792820.0,,
2026-03-25,CE.N,9443284600.0,,64.97875
2026-03-25,CEG.OQ,28834665250.0,2.04546,396.78056
2026-03-25,CELC.OQ,42019110.0,,118.2
2026-03-25,CERT.OQ,427816620.0,,
2026-03-25,CF.N,6989074750.0,,109.11722
2026-03-26,CALY.N,,,15.53
2026-03-26,CASY.OQ,17132045380.0,2.1579,722.02813
2026-03-26,CAVA.N,1454373080.0,2.17857,84.15136
2026-03-26,CCL.N,,,36.19522
2026-03-26,CDE.N,5550125000.0,,27.65
2026-03-26,CEG.OQ,28417303770.0,,396.44722
2026-03-26,CELC.OQ,43308000.0,,128.6
2026-03-26,CF.N,7020856400.0,,111.50611
2026-03-26,CASY.OQ,17132045380.0,2.1579,
2026-03-26,CAVA.N,1454373080.0,2.17857,
2026-03-26,CDE.N,,,27.65
2026-03-26,CEG.OQ,28417303770.0,,
2026-03-26,CELC.OQ,,,128.6
2026-03-26,CF.N,7020856400.0,,
2026-03-26,CASY.OQ,,2.1579,
2026-03-27,CCL.N,,1.89286,
2026-03-27,CALY.N,2426124400.0,,
2026-03-27,CBC.O,,,28.9
2026-03-27,CCL.N,27876358640.0,1.89286,35.31773
2026-03-27,CE.N,,,65.60375
2026-03-27,CEG.OQ,,,395.89167
2026-03-27,CELC.OQ,45626220.0,,
2026-03-28,CCK.N,12850550580.0,2.06667,128.78667
2026-03-28,CCK.N,,2.06667,
2026-03-29,CBSH.OQ,1965053860.0,,
2026-03-30,CARR.N,21948531580.0,,
2026-03-30,CART.OQ,4159781930.0,2.34286,49.80429
2026-03-30,CAVA.N,,,84.33318
2026-03-30,CB.N,,,338.34636
2026-03-30,CBC.O,,,28.5
2026-03-30,CBSH.OQ,,,60.125
2026-03-30,CBZ.N,2837975000.0,2.0,44.33333
2026-03-30,CCL.N,27869997590.0,,35.03136
2026-03-30,CE.N,9446617930.0,,66.41625
2026-03-30,CELH.OQ,3392959810.0,1.82609,66.55316
2026-03-30,CERT.OQ,427808230.0,,9.33333
2026-03-30,CF.N,,,111.78389
2026-03-30,CFG.N,,,71.63158
2026-03-30,CFR.N,,,147.28571
2026-03-30,CG.OQ,,,65.40733
2026-03-30,CGNX.OQ,1070058700.0,,
2026-03-30,CART.OQ,,2.34286,
2026-03-30,CBZ.N,2837975000.0,,
2026-03-30,CE.N,,,66.41625
2026-03-30,CELH.OQ,,1.82609,
2026-03-30,CERT.OQ,427808230.0,,
2026-03-31,CAVA.N,1454202160.0,2.2069,
2026-03-31,CCL.N,,,34.54091
2026-03-31,CAVA.N,,2.2069,
2026-03-31,CAT.N,,,724.9752
2026-03-31,CAVA.N,1454202160.0,2.2069,84.62304
2026-03-31,CBC.O,1123859330.0,,
2026-03-31,CBRE.N,45448653900.0,,181.70333
2026-03-31,CBSH.OQ,1968806290.0,,
2026-03-31,CCC.OQ,,,9.26154
2026-03-31,CCI.N,4062039790.0,,
2026-03-31,CCL.N,27877490320.0,,34.54091
2026-03-31,CE.N,9468285560.0,,
2026-03-31,CEG.OQ,29706725290.0,,384.11389
2026-03-31,CFG.N,9087353390.0,,
2026-03-31,CFR.N,2381154300.0,,
2026-03-31,CG.OQ,4593686570.0,,
2026-04-01,CBRE.N,45444153900.0,,
2026-04-01,CBSH.OQ,,,59.375
2026-04-01,CAI.OQ,1007021080.0,1.63636,32.27273
2026-04-01,CAKE.OQ,3904553060.0,,64.82353
2026-04-01,CALM.OQ,2986487000.0,,
2026-04-01,CARR.N,21946531580.0,,72.0
2026-04-01,CAVA.N,,,84.27522
2026-04-01,CBRE.N,45444153900.0,,180.40364
2026-04-01,CBSH.OQ,1964977710.0,,59.375
2026-04-01,CEG.OQ,29709114120.0,,377.44722
2026-04-02,CALM.OQ,3018429800.0,,87.288
2026-04-02,CARS.N,730514400.0,,14.0
2026-04-02,CART.OQ,4159284450.0,,49.72571
2026-04-02,CAVA.N,,,85.05783
2026-04-02,CBOE.Z,2614880460.0,,292.0
2026-04-02,CBSH.OQ,1970140670.0,2.875,
2026-04-02,CC.N,,,20.125
2026-04-02,CCC.OQ,1153000080.0,,9.53333
2026-04-02,CEG.OQ,30273760560.0,2.09091,371.49222
2026-04-02,CFG.N,9089138880.0,1.76191,71.88889
2026-04-02,CG.OQ,,,65.00733
2026-04-02,CALM.OQ,,,87.288
2026-04-02,CARS.N,730514400.0,,
2026-04-02,CART.OQ,,,49.72571
2026-04-02,CBSH.OQ,,2.875,
2026-04-02,CCC.OQ,1153000080.0,,
2026-04-02,CEG.OQ,,2.09091,
2026-04-02,CFG.N,,1.76191,
2026-04-03,CCL.N,27897851410.0,,
2026-04-05,CARR.N,,,71.65
2026-04-05,CCK.N,12846644750.0,,128.37
2026-04-05,CF.N,6994123500.0,,112.58611
2026-04-05,CCK.N,12846644750.0,,
2026-04-06,CGNX.OQ,,,64.90737
2026-04-06,CALY.N,2235664400.0,,
2026-04-06,CAR.OQ,11779079130.0,2.875,
2026-04-06,CARR.N,21941442420.0,,
2026-04-06,CART.OQ,4159866940.0,,
2026-04-06,CAT.N,73936355800.0,,
2026-04-06,CB.N,,,338.39182
2026-04-06,CBOE.Z,2627693270.0,,293.08333
2026-04-06,CBRL.OQ,3251581000.0,3.3,31.375
2026-04-06,CCI.N,,,99.87158
2026-04-06,CFG.N,9090929000.0,,71.77778
2026-04-06,CG.OQ,,,64.20733
2026-04-06,CGNX.OQ,1068497150.0,,64.90737
2026-04-07,CARR.N,,,71.35
2026-04-07,CASY.OQ,,,722.65313
2026-04-07,CB.N,,,341.43727
2026-04-07,CBC.O,,,27.9
2026-04-07,CBSH.OQ,,,59.125
2026-04-07,CBT.N,3569356000.0,,
2026-04-07,CCI.N,4062062950.0,,99.71368
2026-04-07,CDE.N,5445300000.0,,
2026-04-07,CEG.OQ,30224871670.0,,368.82556
2026-04-07,CELH.OQ,3380149810.0,,66.02684
2026-04-07,CENX.OQ,3099950000.0,,68.01
2026-04-07,CFG.N,9091284290.0,,71.66667
2026-04-07,CFR.N,,,147.64286
2026-04-07,CGNX.OQ,1068495700.0,,
2026-04-07,CCI.N,4062062950.0,,
2026-04-07,CELH.OQ,,,66.02684
2026-04-07,CFG.N,9091284290.0,,
2026-04-08,CALM.OQ,3016279750.0,,
2026-04-08,CALY.N,2216071820.0,,
2026-04-08,CAT.N,73975055800.0,,725.3752
2026-04-08,CBOE.Z,2647318550.0,,296.33333
2026-04-08,CBSH.OQ,,,58.625
2026-04-08,CBT.N,3569453330.0,2.83333,80.444
2026-04-08,CC.N,,,20.875
2026-04-08,CCOI.OQ,982219330.0,,
2026-04-08,CDP.N,768106430.0,,
2026-04-08,CE.N,,,66.79125
2026-04-08,CELH.OQ,3379163520.0,,
2026-04-08,CF.N,7090293190.0,,114.80833
2026-04-08,CFG.N,,,71.94444
2026-04-08,CG.OQ,4505063710.0,,63.20733
2026-04-08,CG.OQ,4505063710.0,,
2026-04-09,CART.OQ,,2.31429,
2026-04-09,CAT.N,,,729.0152
2026-04-09,CBZ.N,,2.2,
2026-04-09,CART.OQ,4161898190.0,2.31429,49.73517
2026-04-09,CAT.N,73886805800.0,,729.0152
2026-04-09,CB.N,,,341.39182
2026-04-09,CBOE.Z,2653325000.0,,298.75
2026-04-09,CBZ.N,,2.2,41.0
2026-04-09,CC.N,5985670780.0,,21.625
2026-04-09,CCK.N,,,127.87
2026-04-09,CCL.N,27863809630.0,,
2026-04-09,CE.N,9551566810.0,,
2026-04-09,CFR.N,,,147.42857
2026-04-09,CG.OQ,,,62.34067
2026-04-10,CAI.OQ,1007457920.0,1.75,31.33333
2026-04-10,CAKE.OQ,3903908440.0,,64.58824
2026-04-10,CARS.N,,,12.75
2026-04-10,CAT.N,73872405800.0,,
2026-04-10,CAVA.N,1454599200.0,,85.53609
2026-04-10,CBOE.Z,2656835830.0,,301.0
2026-04-10,CCC.OQ,,,9.2
2026-04-10,CCK.N,12875450580.0,,127.78667
2026-04-10,CCL.N,27862473420.0,,34.40455
2026-04-10,CELH.OQ,,,65.50053
2026-04-10,CFG.N,9088927060.0,1.75,71.58824
2026-04-10,CAVA.N,,,85.53609
2026-04-10,CCL.N,,,34.40455
2026-04-11,CALM.OQ,3017013800.0,,86.426
2026-04-12,CAI.OQ,,1.69231,
2026-04-12,CERT.OQ,,,9.16667
2026-04-13,CAI.OQ,1007366930.0,,30.76923
2026-04-13,CARR.N,21940424720.0,2.15385,71.52381
2026-04-13,CAT.N,,,733.8152
2026-04-13,CB.N,51285875000.0,,
2026-04-13,CC.N,5986670780.0,,22.375
2026-04-13,CCL.N,27857555250.0,,
2026-04-13,CE.N,9593691810.0,,68.60375
2026-04-13,CG.OQ,,,62.20733
2026-04-13,CGNX.OQ,1067253700.0,,
2026-04-13,CAI.OQ,1007366930.0,,
2026-04-13,CC.N,5986670780.0,,
2026-04-14,CAKE.OQ,3904378560.0,,64.64706
2026-04-14,CAPR.OQ,116472000.0,,
2026-04-14,CARG.OQ,,,35.95455
2026-04-14,CART.OQ,4161929440.0,,49.83862
2026-04-14,CAT.N,73895113250.0,,734.6152
2026-04-14,CB.N,,,340.66455
2026-04-14,CBOE.Z,2670485830.0,,301.41667
2026-04-14,CBRE.N,,,180.22182
2026-04-14,CCI.N,,,99.97684
2026-04-14,CCK.N,12873700580.0,,127.12
2026-04-14,CCL.N,27862805250.0,,34.35909
2026-04-14,CDNS.OQ,6029738040.0,,
2026-04-14,CDP.N,,,35.71429
2026-04-14,CF.N,7181662380.0,,116.41944
2026-04-14,CFG.N,9089188870.0,1.78947,71.75
2026-04-14,CAKE.OQ,,,64.64706
2026-04-14,CAT.N,73895113250.0,,
2026-04-14,CF.N,7181662380.0,,
2026-04-14,CFG.N,,1.78947,
2026-04-15,CARR.N,21940677620.0,2.18519,71.09091
2026-04-15,CAT.N,,2.36667,737.6152
2026-04-15,CAVA.N,1454760800.0,,
2026-04-15,CBOE.Z,2678902500.0,,303.58333
2026-04-15,CCB.OQ,679466000.0,1.5,131.25
2026-04-15,CCK.N,12876705920.0,2.13333,126.695
2026-04-15,CDE.N,5439560000.0,,
2026-04-15,CE.N,9602448060.0,,68.91625
2026-04-15,CELH.OQ,3380223520.0,,65.23737
2026-04-15,CENX.OQ,3136950000.0,,69.61
2026-04-15,CG.OQ,,,61.94067
2026-04-15,CARR.N,,2.18519,
2026-04-15,CAT.N,,2.36667,
2026-04-15,CBOE.Z,,,303.58333
2026-04-15,CCB.OQ,679466000.0,1.5,
2026-04-16,CCL.N,27862805500.0,,
2026-04-16,CE.N,9651265880.0,,
2026-04-16,CAKE.OQ,3904540220.0,,
2026-04-16,CALX.N,1137239570.0,,
2026-04-16,CCL.N,27862805500.0,,34.37727
2026-04-16,CDNA.OQ,436298670.0,,
2026-04-16,CDNS.OQ,6036137160.0,,
2026-04-16,CDW.OQ,23132251420.0,,
2026-04-16,CE.N,9651265880.0,,69.10375
2026-04-16,CF.N,,,116.975
2026-04-16,CFG.N,9107892400.0,,73.125
2026-04-17,CBRE.N,,,178.85818
2026-04-17,CDW.OQ,,,166.411
2026-04-17,CAI.OQ,,,30.46154
2026-04-17,CAT.N,,,742.9752
2026-04-17,CBRE.N,45477655900.0,,178.85818
2026-04-17,CDE.N,,,27.55
2026-04-17,CDNS.OQ,6042359680.0,,370.6612
2026-04-17,CDW.OQ,23157168080.0,,166.411
2026-04-17,CERT.OQ,,,9.08333
2026-04-17,CGNX.OQ,,,64.80211
2026-04-19,CASY.OQ,,,728.90313
2026-04-19,CCI.N,,,100.45053
2026-04-20,CDNS.OQ,,1.80769,
2026-04-20,CAKE.OQ,3904740500.0,,
2026-04-20,CAR.OQ,11798079130.0,3.0,112.83333
2026-04-20,CAT.N,74044863250.0,,746.5752
2026-04-20,CAVA.N,1455143320.0,,86.05783
2026-04-20,CCL.N,,,34.37727
2026-04-20,CDNA.OQ,436665380.0,2.125,
2026-04-20,CDNS.OQ,6058416650.0,1.80769,371.1184
2026-04-20,CE.N,,,69.85375
2026-04-20,CELH.OQ,3379108290.0,,64.39526
2026-04-20,CF.N,7282469880.0,,118.64167
2026-04-20,CFG.N,9108655930.0,,73.5
2026-04-20,CAR.OQ,,,112.83333
2026-04-20,CAT.N,74044863250.0,,
2026-04-20,CDNA.OQ,,2.125,
2026-04-20,CDNS.OQ,6058416650.0,1.80769,
2026-04-20,CELH.OQ,,,64.39526
2026-04-20,CF.N,,,118.64167
2026-04-20,CFG.N,,,73.5
2026-04-21,CAKE.OQ,3904857170.0,,64.88235
2026-04-21,CALX.N,1147511000.0,,
2026-04-21,CAVA.N,1455053190.0,2.29032,85.9332
2026-04-21,CB.N,,,333.04522
2026-04-21,CBOE.Z,2677371540.0,,
2026-04-21,CBSH.OQ,1958618830.0,,57.875
2026-04-21,CE.N,9752600250.0,,70.16625
2026-04-21,CEG.OQ,30165966170.0,,367.43667
2026-04-21,CF.N,7342767380.0,,
2026-04-21,CG.OQ,4508194750.0,,61.60733
2026-04-21,CAVA.N,,2.29032,
2026-04-21,CG.OQ,,,61.60733
2026-04-22,CALX.N,,2.125,
2026-04-22,CASH.OQ,,,107.5
2026-04-22,CB.N,,2.48148,
2026-04-22,CCI.N,,2.28571,100.528
2026-04-22,CALX.N,1160768140.0,2.125,66.79167
2026-04-22,CALY.N,,,16.22727
2026-04-22,CAPR.OQ,89216670.0,1.88889,54.66667
2026-04-22,CASH.OQ,827250000.0,,107.5
2026-04-22,CAT.N,,,751.9752
2026-04-22,CATY.OQ,881070600.0,,54.4
2026-04-22,CB.N,51266500000.0,2.48148,334.34957
2026-04-22,CBOE.Z,2688309230.0,,305.5
2026-04-22,CBRE.N,45410503220.0,,
2026-04-22,CBSH.OQ,1958948170.0,,58.4375
2026-04-22,CCI.N,4062176320.0,2.28571,100.528
2026-04-22,CCS.N,3934852500.0,,
2026-04-22,CDNS.OQ,,,372.1184
2026-04-22,CELH.OQ,3382484480.0,,
2026-04-22,CERT.OQ,425854390.0,2.42857,8.83333
2026-04-22,CG.OQ,4495873130.0,,
2026-04-23,CEG.OQ,,2.08696,
2026-04-23,CALX.N,1176614000.0,,65.79167
2026-04-23,CAR.OQ,11799954130.0,3.125,
2026-04-23,CASH.OQ,828100000.0,,
2026-04-23,CASY.OQ,17154107880.0,,730.77813
2026-04-23,CATY.OQ,876660200.0,,56.0
2026-04-23,CB.N,51271125000.0,,334.74087
2026-04-23,CBRE.N,45717441130.0,1.78571,180.85818
2026-04-23,CBSH.OQ,1958414830.0,,58.5625
2026-04-23,CCI.N,4078665100.0,,
2026-04-23,CCS.N,3736008000.0,2.75,78.33333
2026-04-23,CEG.OQ,30200336370.0,2.08696,368.0979
2026-04-23,CFG.N,9107093500.0,,
2026-04-23,CALX.N,,,65.79167
2026-04-23,CAR.OQ,,3.125,
2026-04-23,CBRE.N,,1.78571,180.85818
2026-04-23,CCS.N,,2.75,78.33333
2026-04-23,CEG.OQ,30200336370.0,2.08696,
2026-04-24,CAKE.OQ,3904262050.0,,64.64706
2026-04-24,CAT.N,,,756.1752
2026-04-24,CAVA.N,1456213190.0,,86.4532
2026-04-24,CB.N,51314285710.0,,334.8713
2026-04-24,CDW.OQ,23175986670.0,,
2026-04-26,CATY.OQ,880860200.0,,56.4
2026-04-27,CARR.N,21947600690.0,,71.0
2026-04-27,CASY.OQ,17188582880.0,,735.71563
2026-04-27,CCK.N,12875936690.0,2.125,125.64154
2026-04-27,CDNA.OQ,436954130.0,,
2026-04-27,CDNS.OQ,6099238230.0,,376.9184
2026-04-27,CEG.OQ,,,367.99263
2026-04-27,CELC.OQ,44631000.0,1.66667,130.54546
2026-04-27,CF.N,,,119.475
2026-04-27,CCK.N,,2.125,
2026-04-28,CCK.N,,,125.41077
2026-04-28,CALX.N,1176614000.0,,
2026-04-28,CALY.N,2216071820.0,,
2026-04-28,CAT.N,74044863250.0,,
2026-04-28,CBC.O,1133712500.0,,28.6
2026-04-28,CBRE.N,45819003500.0,,
2026-04-28,CC.N,,,22.75
2026-04-28,CCC.OQ,1153220090.0,,9.03636
2026-04-28,CCK.N,13008089000.0,,125.41077
2026-04-28,CCL.N,27862805500.0,,
2026-04-28,CCS.N,3684258000.0,,
2026-04-28,CDNS.OQ,6146951650.0,,377.6784
2026-04-28,CDP.N,767993570.0,,35.85714
2026-04-28,CECO.OQ,957651830.0,,86.66667
2026-04-28,CEG.OQ,30200336370.0,,
2026-04-28,CELH.OQ,3382484480.0,,
2026-04-28,CG.OQ,,,62.85714
2026-04-29,CAKE.OQ,3907259950.0,,65.47059
2026-04-29,CAR.OQ,11812566250.0,,
2026-04-29,CBU.N,895734800.0,,68.33333
2026-04-29,CCB.OQ,,,128.75
2026-04-29,CCI.N,4083514500.0,,
2026-04-29,CCK.N,13176203790.0,,
2026-04-29,CDE.N,,2.0,
2026-04-29,CDNA.OQ,457748880.0,,26.5
2026-04-29,CDNS.OQ,6165354390.0,,378.8784
2026-04-29,CECO.OQ,967721670.0,,93.0
2026-04-29,CEG.OQ,30182001630.0,,365.88737
2026-04-29,CELH.OQ,,,64.23737
2026-04-29,CF.N,,,120.03056
2026-04-29,CG.OQ,4463873130.0,,
2026-04-30,CBZ.N,2840325000.0,,41.5
2026-04-30,CELH.OQ,3380165430.0,,
2026-04-30,CFG.N,9109950640.0,,
2025-06-30,CNS.N,,3.0,
2025-07-24,CLMT.OQ,,2.33333,
2025-08-01,COF.N,,1.91667,
2025-09-16,CNA.N,,3.0,
2025-09-26,CNXC.OQ,,2.0,
2025-09-29,CNM.N,,2.2,
2025-10-09,CNR.N,,1.8,
2025-10-27,CMS.N,,2.29412,
2025-10-31,COLB.OQ,,2.53846,
2025-11-17,CHDN.OQ,,1.76923,
2025-11-24,COCO.OQ,,2.0,
2025-12-09,COLL.OQ,,2.0,
2025-12-11,CGON.OQ,,1.8,
2025-12-23,CNO.N,,2.6,
2025-12-24,CLH.N,,2.2,
2025-12-29,CHEF.OQ,,1.75,
2026-01-05,CNC.N,,2.77273,
2026-01-06,COGT.OQ,,1.69231,
2026-01-09,CMC.N,,2.15385,
2026-01-13,CL.N,,2.45455,
2026-01-14,CLSK.OQ,,1.86667,
2026-01-22,CHCO.OQ,325338500.0,,
2026-01-26,CNS.N,,,70.5
2026-01-29,CHRW.OQ,,2.23077,
2026-01-29,CNS.N,593710000.0,,
2026-01-30,CHRW.OQ,,,193.26583
2026-01-30,CHTR.OQ,,2.95652,
2026-01-30,CNK.N,,2.15385,
2026-02-02,CHRW.OQ,16603949130.0,,
2026-02-04,COLB.OQ,2780419360.0,,
2026-02-06,CMI.N,,,569.64412
2026-02-06,CNMD.N,1358826330.0,,
2026-02-09,CIFR.OQ,,1.9375,
2026-02-09,CLF.N,,2.93333,
2026-02-10,CINF.OQ,,2.33333,
2026-02-10,CLSK.OQ,,,19.80769
2026-02-11,CNA.N,2262244960.0,,27.66667
2026-02-12,CINF.OQ,,,173.66667
2026-02-12,CLX.N,,3.0,
2026-02-13,CHD.N,,2.40909,
2026-02-13,COHU.OQ,507913000.0,1.8,
2026-02-18,CINF.OQ,11683375000.0,,
2026-02-18,CNO.N,,,48.25
2026-02-19,CNK.N,3417922150.0,,31.63636
2026-02-20,CHCO.OQ,,3.0,
2026-02-20,CHCO.OQ,,3.0,131.0
2026-02-20,CLX.N,,,124.38875
2026-02-22,CLX.N,6501690440.0,,
2026-02-23,CHD.N,,,103.67222
2026-02-23,COCO.OQ,694202400.0,,
2026-02-23,COLB.OQ,,,32.625
2026-02-24,CHH.N,,3.0,
2026-02-24,CNO.N,4052451000.0,,
2026-02-24,CNP.N,,2.33333,
2026-02-24,COF.N,63625623320.0,,
2026-02-25,CIFR.OQ,,,27.55882
2026-02-25,CMCSA.OQ,,2.77419,33.81583
2026-02-25,CMCSA.OQ,,2.77419,
2026-02-26,CHEF.OQ,4429078630.0,,77.88889
2026-02-26,CLDX.OQ,3201820.0,,
2026-02-26,CHEF.OQ,,,77.88889
2026-02-27,CHE.N,,2.5,
2026-02-27,CHE.N,,2.5,443.0
2026-02-27,CL.N,,,96.11105
2026-03-02,CMC.N,9127034000.0,,81.65
2026-03-03,CHTR.OQ,,,319.85368
2026-03-04,CME.OQ,,2.6875,
2026-03-05,CHWY.N,,1.89286,
2026-03-05,CLMT.OQ,,,29.25
2026-03-06,CGON.OQ,18106800.0,,
2026-03-06,CIFR.OQ,245370460.0,,
2026-03-06,CLSK.OQ,688200000.0,,
2026-03-08,CMI.N,35740415900.0,2.30435,
2026-03-08,COF.N,,,275.61
2026-03-08,COIN.OQ,,2.24324,
2026-03-08,CMI.N,,2.30435,
2026-03-10,CHH.N,1618813920.0,,111.89643
2026-03-10,CHWY.N,,,44.05739
2026-03-10,CHH.N,1618813920.0,,
2026-03-11,CIEN.N,,2.05263,
2026-03-11,CLMT.OQ,4144859600.0,,
2026-03-11,COHR.N,6930449610.0,2.0,
2026-03-11,COLD.N,2504209330.0,,
2026-03-11,COHR.N,,2.0,
2026-03-12,CI.N,,1.84615,
2026-03-12,CI.N,,1.84615,335.3708
2026-03-12,CLH.N,6230687230.0,,
2026-03-12,CNC.N,,,45.71167
2026-03-12,CNH.N,,,13.85333
2026-03-12,COCO.OQ,,,62.22222
2026-03-13,CHDN.OQ,3033155690.0,,135.85833
2026-03-13,CI.N,282663580100.0,,
2026-03-15,COGT.OQ,,,53.27273
2026-03-16,CME.OQ,6998022690.0,,310.23923
2026-03-16,CMS.N,8628737580.0,,
2026-03-17,CNH.N,,2.19048,
2026-03-17,CNMD.N,,3.0,
2026-03-17,CGON.OQ,,,82.38462
2026-03-17,CLF.N,19978440000.0,,
2026-03-17,CNH.N,16594675130.0,2.19048,
2026-03-17,CNMD.N,,3.0,44.2
2026-03-17,COGT.OQ,19593800.0,,
2026-03-18,CHE.N,2669487750.0,,
2026-03-18,COHU.OQ,,,32.2
2026-03-18,COLD.N,,2.66667,14.53571
2026-03-19,CHTR.OQ,54602224320.0,,
2026-03-19,CLF.N,,,12.81
2026-03-19,CMCSA.OQ,122167406040.0,,
2026-03-19,CNC.N,188829634880.0,,
2026-03-19,COHR.N,,,277.60263
2026-03-19,COLL.OQ,,,54.16667
2026-03-20,CMG.N,,2.05128,44.83647
2026-03-20,CMG.N,12958668260.0,2.05128,44.83647
2026-03-20,CMS.N,,,79.17583
2026-03-20,CNP.N,9911005500.0,,
2026-03-20,CNX.N,2048095780.0,,
2026-03-20,COIN.OQ,,,255.45774
2026-03-22,CIEN.N,6118033720.0,,347.06667
2026-03-22,CLH.N,,,298.08929
2026-03-22,CNP.N,,,44.38733
2026-03-23,CHD.N,6158375680.0,,
2026-03-23,CHRD.OQ,4596271470.0,1.9,141.16368
2026-03-23,CHWY.N,12643489540.0,,
2026-03-23,CL.N,21282606370.0,,
2026-03-23,CLDX.OQ,,1.875,54.33333
2026-03-23,CNX.N,,3.33333,37.07692
2026-03-23,COLL.OQ,826563330.0,,
2026-03-23,CHRD.OQ,4596271470.0,1.9,
2026-03-23,CNX.N,,3.33333,
2026-03-24,CNR.N,4427232500.0,,
2026-03-24,CNM.N,8022766290.0,,60.88875
2026-03-24,CNR.N,4427232500.0,,112.776
2026-03-24,CNXC.OQ,10117777750.0,,54.0
2026-03-24,COIN.OQ,7119656170.0,,
2026-03-25,CIFR.OQ,,,27.44118
2026-03-25,CMCSA.OQ,,,33.7325
2026-03-25,CNXC.OQ,,,46.2
2026-03-25,CHRD.OQ,,,144.95316
2026-03-25,CHWY.N,13701975120.0,,41.87818
2026-03-25,CI.N,282673509620.0,,335.3648
2026-03-25,CIFR.OQ,246539580.0,,27.44118
2026-03-25,CMCSA.OQ,122012818630.0,,33.7325
2026-03-25,CNM.N,7976361200.0,,60.70125
2026-03-25,CNO.N,,2.66667,47.8
2026-03-25,CNX.N,,,37.38462
2026-03-25,CNXC.OQ,10109377500.0,,46.2
2026-03-26,CGON.OQ,17348000.0,,84.69231
2026-03-26,CHH.N,,,112.11071
2026-03-26,CHRD.OQ,,,145.63737
2026-03-26,CHRW.OQ,16669427390.0,,192.6825
2026-03-26,CHWY.N,13700564240.0,,40.38652
2026-03-26,CMC.N,9168471200.0,,81.05
2026-03-26,CMCSA.OQ,122081651960.0,,
2026-03-26,CMG.N,12952522380.0,,
2026-03-26,CNM.N,7970774930.0,,60.76375
2026-03-26,COIN.OQ,7111568500.0,,254.32871
2026-03-26,CGON.OQ,17348000.0,,
2026-03-26,CMC.N,,,81.05
2026-03-26,CNM.N,,,60.76375
2026-03-27,CHRD.OQ,,1.85,
2026-03-27,CHRW.OQ,,,192.4325
2026-03-27,CMCSA.OQ,,,33.69083
2026-03-27,CNX.N,2032541100.0,,
2026-03-27,CHRD.OQ,4671857530.0,1.85,148.47947
2026-03-27,CHRW.OQ,16663049130.0,,192.4325
2026-03-27,CHWY.N,13702088690.0,,40.56044
2026-03-27,CMCSA.OQ,121834860290.0,,33.69083
2026-03-27,CNX.N,2032541100.0,,37.53846
2026-03-29,CMC.N,9161670900.0,,
2026-03-29,CMCSA.OQ,121692693630.0,,
2026-03-29,COLB.OQ,2777535250.0,,32.79167
2026-03-29,COLB.OQ,,,32.79167
2026-03-30,CL.N,21279137950.0,,
2026-03-30,CLSK.OQ,,1.85714,19.80769
2026-03-30,CLX.N,6501534890.0,,
2026-03-30,CNX.N,,3.35714,
2026-03-30,COIN.OQ,7068135170.0,,
2026-03-30,CLSK.OQ,,1.85714,
2026-03-30,CHTR.OQ,54603915900.0,,
2026-03-30,CHWY.N,13709549270.0,,40.51696
2026-03-30,CL.N,21279137950.0,2.40909,96.53211
2026-03-30,CLH.N,,,298.80357
2026-03-30,CLMT.OQ,4215219600.0,,36.0
2026-03-30,CLSK.OQ,691120000.0,1.85714,19.80769
2026-03-30,CLX.N,6501534890.0,,123.70125
2026-03-30,CNC.N,188877774000.0,,
2026-03-30,CNM.N,7958174930.0,,
2026-03-30,CNS.N,574671000.0,,
2026-03-30,CNX.N,,3.35714,37.0
2026-03-30,COIN.OQ,7068135170.0,,250.78032
2026-03-31,CHRD.OQ,4710583530.0,,
2026-03-31,CHWY.N,,1.82143,40.52217
2026-03-31,CL.N,,2.45455,
2026-03-31,CLF.N,,3.0,
2026-03-31,CMC.N,,,78.25
2026-03-31,CMG.N,12947870180.0,2.075,
2026-03-31,CNM.N,7941802500.0,,
2026-03-31,CHD.N,,,102.61667
2026-03-31,CHH.N,1618059000.0,,
2026-03-31,CHRD.OQ,4710583530.0,,150.32158
2026-03-31,CHTR.OQ,54593652740.0,,
2026-03-31,CHWY.N,13709053370.0,1.82143,40.52217
2026-03-31,CL.N,,2.45455,95.95316
2026-03-31,CLF.N,19882518780.0,3.0,12.31
2026-03-31,CLH.N,6232610310.0,,
2026-03-31,CLX.N,,,122.88875
2026-03-31,CMC.N,9173690400.0,,78.25
2026-03-31,CMCSA.OQ,121699776960.0,,
2026-03-31,CMG.N,12947870180.0,2.075,44.61257
2026-03-31,CNH.N,,,13.90889
2026-03-31,CNM.N,7941802500.0,,60.63875
2026-03-31,CNP.N,9915374900.0,,
2026-03-31,CNX.N,2052141100.0,,
2026-03-31,COF.N,63653766470.0,,274.11
2026-03-31,COIN.OQ,,,250.29645
2026-03-31,CMG.N,,2.075,
2026-04-01,CHE.N,2669612750.0,,
2026-04-01,CHTR.OQ,54591157470.0,,
2026-04-01,CHWY.N,13719257640.0,,
2026-04-01,CMCSA.OQ,121535344680.0,,33.63875
2026-04-01,CMG.N,,,44.41257
2026-04-01,COIN.OQ,,,248.55452
2026-04-01,COLB.OQ,2776785250.0,,
2026-04-01,COLD.N,2504209330.0,2.6875,14.43333
2026-04-01,CMCSA.OQ,,,33.63875
2026-04-01,COLD.N,,2.6875,14.43333
2026-04-02,CHCO.OQ,325762000.0,,
2026-04-02,CHD.N,,,102.50556
2026-04-02,CHDN.OQ,3029771080.0,,135.44167
2026-04-02,CHRD.OQ,,,151.53211
2026-04-02,CHRW.OQ,16680310000.0,,
2026-04-02,CHTR.OQ,54580866630.0,,318.80105
2026-04-02,CMC.N,9147116290.0,,
2026-04-02,CME.OQ,7026449620.0,,310.93154
2026-04-02,CNH.N,16406132470.0,,13.79778
2026-04-02,CNO.N,,2.8,47.25
2026-04-02,CNS.N,575176000.0,,65.0
2026-04-02,COIN.OQ,7043968130.0,,244.2071
2026-04-02,COLB.OQ,2776026920.0,,32.625
2026-04-02,CHTR.OQ,,,318.80105
2026-04-02,CNO.N,,2.8,
2026-04-02,CNS.N,,,65.0
2026-04-02,COIN.OQ,,,244.2071
2026-04-03,CMS.N,,,79.3425
2026-04-03,CNK.N,3416922150.0,,31.91667
2026-04-03,COHR.N,6930288260.0,,281.07632
2026-04-05,CHDN.OQ,3031832620.0,,135.10833
2026-04-05,CHRD.OQ,4729080870.0,,
2026-04-05,CLH.N,6232256710.0,2.13333,302.79357
2026-04-05,COHU.OQ,,,33.8
2026-04-06,CHH.N,1618631620.0,,112.18214
2026-04-06,CHRW.OQ,16692470210.0,,192.815
2026-04-06,CLX.N,6514244890.0,,
2026-04-06,CMC.N,9143328000.0,,
2026-04-06,CMCSA.OQ,121235056680.0,,
2026-04-06,CME.OQ,7051761310.0,,311.70077
2026-04-06,COF.N,63595880470.0,,266.91
2026-04-07,CGON.OQ,,,86.23077
2026-04-07,CHD.N,6158592000.0,,102.28333
2026-04-07,CHRD.OQ,4945275530.0,,155.69
2026-04-07,CHRW.OQ,16725881460.0,,191.315
2026-04-07,CHTR.OQ,54580550840.0,,
2026-04-07,CINF.OQ,11788900000.0,,
2026-04-07,CL.N,21270304260.0,,95.63737
2026-04-07,CLSK.OQ,689750000.0,,
2026-04-07,CLX.N,6514276560.0,,122.20125
2026-04-07,CMCSA.OQ,121199936680.0,,
2026-04-07,CME.OQ,7058957210.0,2.70588,311.22214
2026-04-07,CMG.N,12950321700.0,,
2026-04-07,CMS.N,,,79.50917
2026-04-07,CNC.N,,,45.82278
2026-04-07,COF.N,63580555210.0,,264.46
2026-04-07,COIN.OQ,7038871360.0,,
2026-04-07,COLB.OQ,2773771920.0,,32.29167
2026-04-07,CHRW.OQ,,,191.315
2026-04-07,CLX.N,,,122.20125
2026-04-07,CME.OQ,,2.70588,
2026-04-07,COLB.OQ,2773771920.0,,
2026-04-08,CLH.N,,2.0,
2026-04-08,CHRD.OQ,5059742200.0,,159.16368
2026-04-08,CHWY.N,13712555420.0,,
2026-04-08,CL.N,21268029950.0,,95.11105
2026-04-08,CLH.N,6246088790.0,2.0,308.65071
2026-04-08,CLX.N,6523477390.0,,
2026-04-08,CME.OQ,7075930360.0,,313.29357
2026-04-08,CNK.N,3422449230.0,,32.33333
2026-04-08,CNO.N,4048701000.0,,46.5
2026-04-08,COCO.OQ,,,62.11111
2026-04-08,COIN.OQ,7032744070.0,2.27027,242.52968
2026-04-08,COLB.OQ,,,32.20833
2026-04-08,CHRD.OQ,5059742200.0,,
2026-04-08,CLH.N,,2.0,308.65071
2026-04-08,CNK.N,,,32.33333
2026-04-08,CNO.N,4048701000.0,,
2026-04-08,COIN.OQ,,2.27027,
2026-04-09,CHD.N,,2.45455,
2026-04-09,CMCSA.OQ,,,33.59708
2026-04-09,COF.N,,1.875,263.46
2026-04-09,COHR.N,6933379170.0,,
2026-04-09,COIN.OQ,7017195100.0,,
2026-04-09,COF.N,,1.875,
2026-04-09,CHD.N,6157434110.0,2.45455,102.17222
2026-04-09,CHH.N,1617600850.0,,111.75357
2026-04-09,CHTR.OQ,54579708740.0,,
2026-04-09,CL.N,21266008900.0,,95.00579
2026-04-09,CLX.N,6522032940.0,,121.88875
2026-04-09,CMCSA.OQ,121197736680.0,,33.59708
2026-04-09,CME.OQ,7096099360.0,,313.65071
2026-04-09,CNO.N,,,46.0
2026-04-09,CNP.N,9915440400.0,,
2026-04-09,CNR.N,,,113.776
2026-04-09,CNX.N,2038241100.0,,
2026-04-09,CNXC.OQ,10143300000.0,,
2026-04-09,COF.N,63589397320.0,1.875,263.46
2026-04-09,COHR.N,6933379170.0,,281.60263
2026-04-09,COIN.OQ,7017195100.0,,243.49742
2026-04-10,CHH.N,,,112.03929
2026-04-10,CME.OQ,,,315.15071
2026-04-10,CHH.N,1617914150.0,,112.03929
2026-04-10,CHRD.OQ,,,160.11105
2026-04-10,CHRW.OQ,16721897210.0,,
2026-04-10,CL.N,21264875740.0,,94.8479
2026-04-10,CLF.N,19989755900.0,,12.06
2026-04-10,CLX.N,6520651830.0,,121.13875
2026-04-10,CMC.N,9164833780.0,,
2026-04-10,CMCSA.OQ,120997256680.0,,
2026-04-10,CME.OQ,7099543070.0,,315.15071
2026-04-10,CMG.N,12948215550.0,,44.32686
2026-04-10,CMI.N,35736065900.0,,
2026-04-10,CNK.N,3423741540.0,,
2026-04-10,CNR.N,4423150000.0,,
2026-04-10,COF.N,63586343790.0,,
2026-04-10,COIN.OQ,,,242.04581
2026-04-11,CMC.N,,,78.155
2026-04-11,CLF.N,20023281730.0,,11.95083
2026-04-11,CMC.N,9173090440.0,,78.155
2026-04-12,CHH.N,1617914230.0,,
2026-04-12,CHRD.OQ,,,161.63737
2026-04-12,CNK.N,3423596150.0,,32.41667
2026-04-12,COF.N,,,262.56
2026-04-13,CHDN.OQ,,,135.19167
2026-04-13,CMG.N,,,44.184
2026-04-13,CNH.N,16320315440.0,,
2026-04-13,CHDN.OQ,3033171080.0,,135.19167
2026-04-13,CHTR.OQ,54576077160.0,,
2026-04-13,CLH.N,6255874500.0,,
2026-04-13,CMCSA.OQ,121021496680.0,,
2026-04-13,CME.OQ,7096683210.0,,
2026-04-13,CMG.N,12948104180.0,,44.184
2026-04-13,CMI.N,35739855600.0,,
2026-04-13,CNH.N,16320315440.0,,13.85333
2026-04-13,CNM.N,,,60.95125
2026-04-13,CNX.N,2036041100.0,,
2026-04-13,COIN.OQ,7001827360.0,,
2026-04-14,CHH.N,,2.875,
2026-04-14,CL.N,,,94.37421
2026-04-14,CLF.N,,,11.85546
2026-04-14,CME.OQ,,,315.79357
2026-04-14,COIN.OQ,,,243.01355
2026-04-14,CGON.OQ,,,87.15385
2026-04-14,CHD.N,6158770950.0,,101.89444
2026-04-14,CHEF.OQ,4420903630.0,,
2026-04-14,CHH.N,1618375770.0,2.875,112.43
2026-04-14,CHTR.OQ,54569129790.0,,
2026-04-14,CHWY.N,13709979300.0,,
2026-04-14,CINF.OQ,,,173.5
2026-04-14,CL.N,21275238900.0,,94.37421
2026-04-14,CLF.N,20039736270.0,,11.85546
2026-04-14,CLX.N,6520485170.0,,120.70125
2026-04-14,CMC.N,9172868220.0,,
2026-04-14,CMCSA.OQ,121038402400.0,,
2026-04-14,CME.OQ,7090682130.0,,315.79357
2026-04-14,CMI.N,35748521700.0,,
2026-04-14,CMS.N,,,80.00917
2026-04-14,CNP.N,9863673090.0,,44.78733
2026-04-14,CNS.N,576566000.0,,
2026-04-14,CNX.N,,,37.25
2026-04-14,COIN.OQ,6996982190.0,,243.01355
2026-04-15,CHD.N,6158486790.0,,101.61667
2026-04-15,CI.N,282656895550.0,,335.0048
2026-04-15,CLF.N,20082890820.0,,
2026-04-15,CLH.N,6258190930.0,,312.22214
2026-04-15,CLX.N,6531972670.0,,119.45125
2026-04-15,CMCSA.OQ,121069442400.0,,
2026-04-15,CME.OQ,7121948800.0,,
2026-04-15,CMG.N,12949792060.0,,
2026-04-15,CMS.N,,,80.50917
2026-04-15,CNC.N,188908008780.0,,45.87833
2026-04-15,CNP.N,9871318550.0,,44.92067
2026-04-15,COCO.OQ,,,61.77778
2026-04-15,COF.N,63631343790.0,,261.31
2026-04-15,COLD.N,2510465140.0,,
2026-04-15,CHD.N,,,101.61667
2026-04-15,CI.N,,,335.0048
2026-04-15,CLX.N,,,119.45125
2026-04-16,CHDN.OQ,3033709540.0,,
2026-04-16,CHH.N,1617615390.0,,113.21571
2026-04-16,CHRD.OQ,,,161.58474
2026-04-16,CHRW.OQ,16729775290.0,,191.35667
2026-04-16,CHTR.OQ,54567749000.0,,
2026-04-16,CIEN.N,6120960940.0,,372.4
2026-04-16,CL.N,21272168580.0,,
2026-04-16,CLF.N,20167899920.0,,
2026-04-16,CLH.N,6258476640.0,,314.00786
2026-04-16,CMCSA.OQ,121099166760.0,,
2026-04-16,CMG.N,12949751760.0,,44.04114
2026-04-16,CMI.N,35761925430.0,2.29167,
2026-04-16,CMS.N,,,80.42583
2026-04-16,CNH.N,,,13.78588
2026-04-16,CNP.N,9881542000.0,,45.254
2026-04-16,CNS.N,,,64.0
2026-04-16,COF.N,63651272790.0,,259.96
2026-04-16,COHR.N,,,286.07632
2026-04-16,CHRW.OQ,16729775290.0,,
2026-04-16,CIEN.N,6120960940.0,,
2026-04-16,CMG.N,,,44.04114
2026-04-16,CMI.N,,2.29167,
2026-04-16,CNP.N,,,45.254
2026-04-17,CLMT.OQ,,,37.25
2026-04-17,CLX.N,,3.05,
2026-04-17,COHU.OQ,509597500.0,1.83333,
2026-04-17,CHD.N,6159013110.0,,
2026-04-17,CHDN.OQ,3032017230.0,,135.44167
2026-04-17,CHRD.OQ,5134256130.0,,162.11105
2026-04-17,CI.N,282854112680.0,,
2026-04-17,CL.N,21270273840.0,,
2026-04-17,CLMT.OQ,4236057600.0,,37.25
2026-04-17,CLSK.OQ,684927270.0,,
2026-04-17,CLX.N,6537917110.0,3.05,
2026-04-17,CMS.N,8629404250.0,,
2026-04-17,CNK.N,3432103850.0,,33.08333
2026-04-17,CNP.N,9883208670.0,,
2026-04-17,CNS.N,,,64.5
2026-04-17,CNX.N,2035973700.0,,
2026-04-17,COHU.OQ,509597500.0,1.83333,34.0
2026-04-19,CIEN.N,,,380.33333
2026-04-19,CLX.N,,,119.38875
2026-04-20,CHD.N,6159361950.0,,101.79056
2026-04-20,CHDN.OQ,3033064150.0,,135.94167
2026-04-20,CHEF.OQ,4420499500.0,,
2026-04-20,CHRD.OQ,5229345860.0,1.84211,160.56167
2026-04-20,CHRW.OQ,,2.24,190.98087
2026-04-20,CI.N,282854124820.0,,334.8848
2026-04-20,CINF.OQ,,,173.33333
2026-04-20,CL.N,21280822580.0,,94.21632
2026-04-20,CLDX.OQ,,1.75,55.73333
2026-04-20,CLF.N,20329482080.0,,11.17364
2026-04-20,CLH.N,6260476640.0,,315.07929
2026-04-20,CLX.N,6548583780.0,,
2026-04-20,CMC.N,9156881400.0,,78.055
2026-04-20,CMG.N,12952343210.0,,
2026-04-20,CMI.N,35779925430.0,,
2026-04-20,CMS.N,8634107750.0,,81.42583
2026-04-20,CNC.N,188908149500.0,,45.98944
2026-04-20,CNK.N,3434419230.0,,33.25
2026-04-20,CNP.N,9877652580.0,,45.32067
2026-04-20,CNX.N,2046081890.0,3.30769,38.27273
2026-04-20,COCO.OQ,694502400.0,,61.88889
2026-04-20,COHR.N,6942688360.0,,306.33947
2026-04-20,COHU.OQ,,,35.5
2026-04-20,COLL.OQ,827280000.0,,
2026-04-20,CHD.N,,,101.79056
2026-04-20,CHDN.OQ,,,135.94167
2026-04-20,CHRD.OQ,5229345860.0,,
2026-04-20,CHRW.OQ,,2.24,
2026-04-20,CI.N,,,334.8848
2026-04-20,CMS.N,,,81.42583
2026-04-20,CNK.N,,,33.25
2026-04-20,CNP.N,,,45.32067
2026-04-20,CNX.N,,3.30769,
2026-04-20,COHR.N,6942688360.0,,
2026-04-21,CHDN.OQ,3032910310.0,,
2026-04-21,CHH.N,1618952850.0,,114.07286
2026-04-21,CHRD.OQ,,1.89474,162.00611
2026-04-21,CL.N,21293652530.0,2.40909,94.58474
2026-04-21,CLF.N,20382432460.0,,11.06455
2026-04-21,CLX.N,6549998220.0,,118.63875
2026-04-21,CMG.N,12953897760.0,,44.12686
2026-04-21,CMS.N,8634361000.0,,
2026-04-21,CNK.N,3433265390.0,,
2026-04-21,CNP.N,9871020670.0,,
2026-04-21,COF.N,63696711630.0,,257.56
2026-04-21,COHR.N,,,308.97105
2026-04-21,COIN.OQ,6990795320.0,,
2026-04-21,CHRD.OQ,,1.89474,
2026-04-21,CL.N,,2.40909,
2026-04-21,CLF.N,,,11.06455
2026-04-21,CMG.N,,,44.12686
2026-04-22,CHH.N,1619583620.0,,
2026-04-22,CHRW.OQ,,,190.76348
2026-04-22,CL.N,,,94.32158
2026-04-22,COF.N,,,257.76
2026-04-22,CHD.N,6160911500.0,,
2026-04-22,CHH.N,1619583620.0,,115.64429
2026-04-22,CHRW.OQ,16757014080.0,,190.76348
2026-04-22,CL.N,21293612630.0,,94.32158
2026-04-22,CLX.N,6549571440.0,,117.01375
2026-04-22,CME.OQ,7078083270.0,,311.07929
2026-04-22,CMG.N,12956660460.0,,
2026-04-22,COF.N,63655879050.0,,257.76
2026-04-23,CHEF.OQ,,,77.55556
2026-04-23,CNK.N,,,33.33333
2026-04-23,CHDN.OQ,3031236460.0,,137.275
2026-04-23,CHE.N,2674292750.0,,
2026-04-23,CHEF.OQ,4418555750.0,,77.55556
2026-04-23,CHTR.OQ,54567806900.0,,317.74842
2026-04-23,CMCSA.OQ,121330905200.0,,33.72208
2026-04-23,CME.OQ,7044125530.0,,309.15071
2026-04-23,CNK.N,3437403850.0,,33.33333
2026-04-23,CNP.N,9951145080.0,,45.654
2026-04-23,COF.N,63699212840.0,,
2026-04-23,COLB.OQ,2773793580.0,,32.08333
2026-04-24,CHDN.OQ,3029913390.0,,137.85833
2026-04-24,CHE.N,2682169750.0,,
2026-04-24,CHRD.OQ,5264841570.0,,163.395
2026-04-24,CHTR.OQ,54493627260.0,,313.32737
2026-04-24,CIFR.OQ,247231250.0,,
2026-04-24,CLMT.OQ,4253699000.0,2.5,
2026-04-24,CLSK.OQ,,,19.65385
2026-04-24,CMCSA.OQ,121622686000.0,2.80645,33.95125
2026-04-24,CMG.N,12955373380.0,,44.04114
2026-04-24,CNH.N,16403489820.0,,13.78706
2026-04-24,CNM.N,7932410620.0,,60.57625
2026-04-24,CNX.N,2062545220.0,,38.18182
2026-04-24,COF.N,63581234630.0,,257.76
2026-04-24,COIN.OQ,6970859840.0,,243.78129
2026-04-24,COLB.OQ,2775911330.0,,32.0
2026-04-24,CMCSA.OQ,,2.80645,
2026-04-24,CHDN.OQ,,,137.85833
2026-04-24,CHRD.OQ,,,163.395
2026-04-24,CMCSA.OQ,,2.80645,33.95125
2026-04-24,CMG.N,,,44.04114
2026-04-24,CNH.N,,,13.78706
2026-04-24,CNM.N,,,60.57625
2026-04-24,CNX.N,,,38.18182
2026-04-24,COF.N,,,257.76
2026-04-25,CNS.N,555632000.0,,
2026-04-26,CMI.N,35801974270.0,,
2026-04-26,CNP.N,,2.31579,45.80063
2026-04-26,COHU.OQ,511140710.0,1.71429,38.28571
2026-04-26,COHU.OQ,,1.71429,
2026-04-27,CGON.OQ,,,87.61539
2026-04-27,CHCO.OQ,324862500.0,,131.4
2026-04-27,CHDN.OQ,3029236620.0,,
2026-04-27,CHE.N,2692180250.0,,446.5
2026-04-27,CHEF.OQ,4414621250.0,,
2026-04-27,CHH.N,,,116.35857
2026-04-27,CHTR.OQ,54321882260.0,,302.5379
2026-04-27,CIFR.OQ,266528770.0,,27.76471
2026-04-27,CINF.OQ,,2.4,174.33333
2026-04-27,CLF.N,20619453560.0,,
2026-04-27,CLSK.OQ,677736360.0,,
2026-04-27,CMCSA.OQ,121755046000.0,,
2026-04-27,CME.OQ,7041267600.0,,307.43643
2026-04-27,CMG.N,12958292790.0,,
2026-04-27,CMS.N,8660645750.0,,
2026-04-27,CNK.N,3440465770.0,,
2026-04-27,CNP.N,9960145080.0,,
2026-04-27,COLB.OQ,2774130750.0,,32.0
2026-04-27,COLD.N,2540956000.0,2.73333,14.23333
2026-04-27,CHTR.OQ,,,302.5379
2026-04-27,CINF.OQ,,2.4,
2026-04-27,CME.OQ,,,307.43643
2026-04-28,CHD.N,6160911500.0,,
2026-04-28,CHRD.OQ,5338040150.0,,
2026-04-28,CHRW.OQ,16757014080.0,,
2026-04-28,CHTR.OQ,54321882260.0,,
2026-04-28,CI.N,282854124820.0,,
2026-04-28,CINF.OQ,11745600000.0,,177.83333
2026-04-28,CL.N,21293612630.0,,
2026-04-28,CMCSA.OQ,121815159090.0,,
2026-04-28,CMG.N,12958292790.0,,
2026-04-28,CMS.N,8703898310.0,2.27778,81.77769
2026-04-28,CNC.N,189483327290.0,2.72727,51.43389
2026-04-28,CNH.N,16403489820.0,,
2026-04-28,CNM.N,7932410620.0,,
2026-04-28,CNP.N,9959728420.0,,
2026-04-28,CNS.N,577006000.0,,64.0
2026-04-28,CNX.N,2058883880.0,,
2026-04-28,COF.N,63614890820.0,,
2026-04-28,COHU.OQ,511709290.0,,40.85714
2026-04-28,COIN.OQ,6943383450.0,,244.74903
2026-04-28,COLB.OQ,2774828250.0,,32.08333
2026-04-28,COIN.OQ,6943383450.0,,
2026-04-29,CMG.N,,,44.04114
2026-04-29,CHD.N,,2.40909,
2026-04-29,CHDN.OQ,3029111330.0,,
2026-04-29,CHEF.OQ,4450497250.0,,80.33333
2026-04-29,CHRD.OQ,5352208000.0,,
2026-04-29,CHRW.OQ,16751297750.0,,192.41565
2026-04-29,CHTR.OQ,54278870720.0,2.95833,294.45111
2026-04-29,CHWY.N,13748395960.0,,
2026-04-29,CINF.OQ,11719600000.0,,178.5
2026-04-29,CMCSA.OQ,121795382170.0,,33.94625
2026-04-29,CME.OQ,7033143860.0,,
2026-04-29,CMG.N,12961161210.0,,44.04114
2026-04-29,CNC.N,190068408710.0,2.59091,54.32278
2026-04-29,CNMD.N,1358763830.0,,43.25
2026-04-29,COCO.OQ,717666800.0,,69.66667
2026-04-29,COF.N,63650651330.0,,257.01
2026-04-29,COIN.OQ,,,244.58774
2026-04-30,CHRW.OQ,16734256080.0,2.23077,193.14833
2026-04-30,CMG.N,12959278850.0,,
2026-04-30,CNK.N,3438671540.0,,33.5
2024-08-15,DDS.N,,3.5,
2025-04-01,DBD.N,,1.66667,
2025-06-09,CXT.N,,1.85714,
2025-08-11,DAKT.OQ,,2.0,
2025-09-15,CVI.N,,3.71429,
2025-09-29,DAN.N,,2.3,
2025-10-10,CXM.N,,2.77778,
2025-10-30,CWH.N,,1.84615,
2025-11-26,DE.N,,2.32,
2025-12-11,CW.N,,2.11111,
2025-12-11,DCO.N,,1.8,
2025-12-18,CYTK.OQ,,2.0,
2025-12-18,DAL.N,,1.77778,
2025-12-30,DBRG.N,436065000.0,,
2026-01-02,CVCO.OQ,,2.0,
2026-01-06,CWST.OQ,,2.0,
2026-01-08,D.N,,2.90476,
2026-01-09,DCI.N,,2.5,
2026-01-11,CUZ.N,,1.91667,
2026-01-14,DEI.N,,3.0,
2026-01-15,DASH.OQ,,1.95745,
2026-01-20,CURB.N,,1.77778,
2026-01-22,CTRE.N,,1.81818,
2026-01-22,CTRI.N,,2.5,
2026-01-27,DBRG.N,,3.0,
2026-01-28,CVLT.OQ,1178730620.0,1.86667,
2026-01-28,CVLT.OQ,1178730620.0,,
2026-01-31,CVNA.N,,2.0,
2026-02-02,CVCO.OQ,2265400500.0,,
2026-02-02,CWT.N,,1.33333,
2026-02-02,DAR.N,,1.53333,
2026-02-02,DECK.N,,,128.35429
2026-02-03,CVCO.OQ,,,587.5
2026-02-04,CTSH.OQ,,2.43333,
2026-02-06,DBX.OQ,,3.22222,
2026-02-08,CWK.N,,2.09091,
2026-02-09,DAVE.OQ,,1.8,
2026-02-11,DDOG.OQ,,1.8125,
2026-02-13,DBD.N,3901644330.0,,96.66667
2026-02-17,CW.N,,,698.1725
2026-02-17,DDOG.OQ,4118221470.0,,182.3893
2026-02-17,DECK.N,5433199800.0,,
2026-02-18,CW.N,3749586880.0,,
2026-02-18,CXT.N,1734245670.0,,89.57143
2026-02-18,CXT.N,,,89.57143
2026-02-20,CVBF.OQ,,2.66667,23.5
2026-02-20,DAN.N,,,36.01714
2026-02-20,DECK.N,,2.40741,
2026-02-20,CVBF.OQ,,2.66667,
2026-02-23,CVNA.N,,,420.92409
2026-02-23,DBX.OQ,2501021780.0,,25.566
2026-02-24,DBRG.N,,,16.0
2026-02-25,DAN.N,7562048570.0,,
2026-02-25,DDS.N,,,555.0
2026-02-26,CWH.N,6598038000.0,,14.5
2026-02-26,CWH.N,6598038000.0,,
2026-02-27,DEI.N,,,11.72222
2026-02-28,DDS.N,6562430000.0,,
2026-03-01,CWEN.N,,1.85714,
2026-03-01,CWENa.N,,1.85714,
2026-03-02,DCO.N,876821800.0,,
2026-03-03,DAVE.OQ,,,313.77778
2026-03-04,CTRE.N,,,43.54546
2026-03-04,CURB.N,226776170.0,,28.75
2026-03-04,DCH.N,10542633700.0,2.27273,9.635
2026-03-04,DE.N,41063820710.0,,
2026-03-04,CURB.N,226776170.0,,
2026-03-04,DCH.N,,2.27273,
2026-03-05,DAKT.OQ,837598000.0,,33.0
2026-03-05,DAKT.OQ,,,33.0
2026-03-09,CTRI.N,3349221430.0,,
2026-03-09,CVBF.OQ,618014170.0,,
2026-03-09,CVNA.N,26806545090.0,,
2026-03-09,DAR.N,,,63.43308
2026-03-09,DCI.N,3822022500.0,,98.666
2026-03-09,DE.N,,,652.96955
2026-03-10,CWAN.N,944140250.0,2.66667,24.53571
2026-03-10,CWK.N,10902126250.0,,
2026-03-10,CWST.OQ,1982863460.0,,115.711
2026-03-10,DAWN.OQ,240422220.0,3.0,20.75
2026-03-10,CWST.OQ,,,115.711
2026-03-11,CVI.N,7004678000.0,,
2026-03-12,CUBI.N,882743780.0,,89.952
2026-03-12,CUZ.N,1028128300.0,,
2026-03-12,CVS.N,,1.96552,93.86269
2026-03-12,CWK.N,,,17.83333
2026-03-12,CZR.OQ,,2.15,
2026-03-12,DCO.N,,,143.6
2026-03-12,CUBI.N,882743780.0,,
2026-03-12,CVS.N,,1.96552,
2026-03-13,DAVE.OQ,686094440.0,,
2026-03-15,CTSH.OQ,22388565360.0,,
2026-03-16,CXM.N,870099670.0,,
2026-03-16,CUBI.N,,2.27273,
2026-03-16,CUZ.N,,,29.66667
2026-03-16,CVLT.OQ,,,145.80714
2026-03-16,CXM.N,870099670.0,,8.5
2026-03-16,CZR.OQ,11779143050.0,,
2026-03-16,DEC.N,1914286000.0,,
2026-03-16,DEI.N,1014088140.0,,
2026-03-17,CVI.N,,,29.25
2026-03-18,CTVA.N,,2.08333,
2026-03-18,CZR.OQ,,,31.79611
2026-03-18,DD.N,7110775710.0,1.82353,55.41667
2026-03-18,DD.N,,1.82353,55.41667
2026-03-18,DD.N,,1.82353,
2026-03-19,CUBE.N,,2.61111,42.9375
2026-03-19,CVS.N,405621128850.0,,
2026-03-19,CVX.N,,2.17857,
2026-03-19,CWT.N,1091193330.0,,52.0
2026-03-19,CUBE.N,,2.61111,
2026-03-20,CTSH.OQ,,,88.0404
2026-03-22,CUBE.N,1111632330.0,,
2026-03-22,CVX.N,199664080600.0,,194.66522
2026-03-22,CYTK.OQ,92634680.0,,93.82353
2026-03-22,D.N,17333866290.0,,65.43533
2026-03-22,DASH.OQ,17942557420.0,,
2026-03-22,CVX.N,199664080600.0,,
2026-03-22,CYTK.OQ,,,93.82353
2026-03-22,D.N,,,65.43533
2026-03-23,CTRE.N,490201500.0,,
2026-03-23,DAL.N,62858818110.0,,79.06174
2026-03-23,DASH.OQ,,,257.40317
2026-03-23,DEC.N,,1.875,
2026-03-24,CTRI.N,,,32.56667
2026-03-24,CTVA.N,18103130100.0,,83.3081
2026-03-24,CVSA.N,1922925000.0,1.5,153.25
2026-03-24,CWEN.N,1624473780.0,,41.69769
2026-03-24,CWENa.N,1624473780.0,,41.69769
2026-03-24,CXW.N,2564522670.0,2.0,29.5
2026-03-24,DAR.N,6546442270.0,,
2026-03-24,DEC.N,,,21.78571
2026-03-24,CVSA.N,1922925000.0,1.5,
2026-03-25,CUBE.N,1110881220.0,,
2026-03-25,CUBE.N,1110881220.0,,42.875
2026-03-25,CVS.N,405401363850.0,,
2026-03-25,CYTK.OQ,91211000.0,,
2026-03-25,CZR.OQ,11778190670.0,,
2026-03-26,CTVA.N,18094981050.0,,
2026-03-26,CTVA.N,18094981050.0,,83.78429
2026-03-26,D.N,17345622430.0,,
2026-03-26,DAN.N,7551277140.0,,
2026-03-27,CVX.N,,,196.31739
2026-03-27,CWEN.N,1631367110.0,,42.00846
2026-03-27,CWENa.N,1631367110.0,,42.00846
2026-03-27,CWK.N,10919301000.0,,
2026-03-27,DAN.N,,,37.30286
2026-03-27,DECK.N,5433110920.0,,
2026-03-28,CXT.N,1734135670.0,,
2026-03-29,CTRE.N,,,43.63636
2026-03-30,CTSH.OQ,22386157540.0,,
2026-03-30,CVS.N,,,93.78577
2026-03-30,CVX.N,200577213930.0,,
2026-03-30,DASH.OQ,,,255.13488
2026-03-30,DEI.N,1011916710.0,,
2026-03-30,CTSH.OQ,22386157540.0,,87.6404
2026-03-30,CUBI.N,,,89.052
2026-03-30,CVI.N,7019278000.0,,
2026-03-30,CVS.N,405372489380.0,,93.78577
2026-03-30,CVX.N,200577213930.0,,198.53478
2026-03-30,DASH.OQ,17929999280.0,,255.13488
2026-03-30,DCI.N,3821981250.0,,96.866
2026-03-30,DEI.N,1011916710.0,,11.38889
2026-03-31,DDOG.OQ,,1.81633,
2026-03-31,DEC.N,1917001400.0,,
2026-03-31,CUBI.N,882891110.0,,
2026-03-31,CVLT.OQ,,2.0,
2026-03-31,DAL.N,63236524000.0,,79.1487
2026-03-31,DAN.N,7557220000.0,,
2026-03-31,DAR.N,,,64.51
2026-03-31,DDOG.OQ,4117425190.0,1.81633,181.65318
2026-03-31,DE.N,,,657.96955
2026-03-31,DEC.N,1917001400.0,,22.5
2026-04-01,CTRI.N,3352221430.0,,
2026-04-01,CUBI.N,882446670.0,,
2026-04-01,CVI.N,,,31.25
2026-04-01,CVX.N,,,200.96957
2026-04-01,CW.N,,,699.4225
2026-04-01,CZR.OQ,11778522570.0,,
2026-04-01,DAL.N,63459922330.0,,78.88783
2026-04-01,DAR.N,,,65.47357
2026-04-01,DASH.OQ,17926789980.0,,
2026-04-01,DCO.N,876990400.0,,143.2
2026-04-01,DDOG.OQ,4117003100.0,,181.47659
2026-04-01,DEC.N,,,22.78571
2026-04-01,DCO.N,876990400.0,,
2026-04-01,DDOG.OQ,,,181.47659
2026-04-02,CTRE.N,,1.83333,
2026-04-02,CTRE.N,,1.83333,43.5
2026-04-02,CVX.N,,,202.05652
2026-04-02,DAL.N,,,78.84435
2026-04-02,DE.N,,,653.65136
2026-04-02,CTRE.N,494918860.0,1.83333,43.5
2026-04-02,CTSH.OQ,,,87.3204
2026-04-02,CVI.N,7060942000.0,,
2026-04-02,CVS.N,405365108430.0,,
2026-04-02,CVX.N,207116693800.0,,202.05652
2026-04-02,CWST.OQ,1991042550.0,,
2026-04-02,CYTK.OQ,92250450.0,,94.29412
2026-04-02,DAL.N,63438561220.0,,78.84435
2026-04-02,DAN.N,7558791430.0,,
2026-04-02,DAR.N,6538511250.0,,
2026-04-02,DE.N,41101832670.0,,653.65136
2026-04-02,DEI.N,,,11.27778
2026-04-04,CVLT.OQ,,,141.81071
2026-04-04,CVLT.OQ,1178572000.0,,141.81071
2026-04-05,CTRI.N,,,32.23333
2026-04-05,CZR.OQ,,,31.90722
2026-04-06,CTSH.OQ,22385300390.0,,
2026-04-06,CVI.N,7083528330.0,3.625,31.244
2026-04-06,CVNA.N,26801153780.0,2.07692,417.515
2026-04-06,CWK.N,10874417500.0,,
2026-04-06,DAL.N,63483568110.0,,
2026-04-06,DAR.N,,,66.40214
2026-04-06,DEI.N,1011059570.0,,
2026-04-06,CVI.N,,3.625,31.244
2026-04-06,CVNA.N,,2.07692,417.515
2026-04-06,CVI.N,,3.625,
2026-04-06,CVNA.N,,2.07692,
2026-04-07,CTSH.OQ,,,86.6004
2026-04-07,CVSA.N,,,153.75
2026-04-07,CZR.OQ,11777951140.0,,
2026-04-07,D.N,17499792180.0,,65.63533
2026-04-07,DAL.N,63869054470.0,,78.27913
2026-04-07,DAR.N,,,67.18786
2026-04-07,DD.N,7107607860.0,,
2026-04-07,D.N,17499792180.0,,
2026-04-08,CTVA.N,,,84.16524
2026-04-08,CUBI.N,,,88.852
2026-04-08,CVS.N,405346103670.0,,
2026-04-08,CVX.N,207874827130.0,,
2026-04-08,CW.N,3750874380.0,,703.4225
2026-04-08,CWEN.N,1627622670.0,,41.93154
2026-04-08,CWENa.N,1627622670.0,,41.93154
2026-04-08,CWH.N,,,14.41667
2026-04-08,CWST.OQ,1991559460.0,,
2026-04-08,CXT.N,1734436290.0,1.75,87.43
2026-04-08,CZR.OQ,11777388290.0,,32.01833
2026-04-08,DAL.N,64580153120.0,,78.49652
2026-04-08,DDOG.OQ,4117442690.0,,
2026-04-08,CXT.N,1734436290.0,1.75,
2026-04-08,CXT.N,,1.75,
2026-04-09,CTSH.OQ,22385738310.0,2.45161,84.92346
2026-04-09,CTVA.N,18101378670.0,,
2026-04-09,CUZ.N,1030628300.0,,
2026-04-09,CVNA.N,26779110300.0,,
2026-04-09,CVS.N,405376484620.0,,
2026-04-09,CVX.N,211615360470.0,2.10714,205.05652
2026-04-09,DAL.N,64655319000.0,,78.89217
2026-04-09,DEC.N,,,22.5
2026-04-09,CTSH.OQ,,2.45161,
2026-04-09,CVX.N,,2.10714,
2026-04-10,CTSH.OQ,22385397900.0,,84.57731
2026-04-10,CTVA.N,18100580550.0,,84.44952
2026-04-10,CVI.N,7282769170.0,,
2026-04-10,CVLT.OQ,1178672000.0,,
2026-04-10,CVNA.N,26793292910.0,,
2026-04-10,CVX.N,214550355130.0,,206.27391
2026-04-10,CWST.OQ,1998377640.0,,
2026-04-10,CYTK.OQ,92671860.0,2.0,94.33333
2026-04-10,D.N,,,65.96867
2026-04-10,DAL.N,64736083710.0,,78.76174
2026-04-10,DAR.N,6547890080.0,,67.68786
2026-04-10,DASH.OQ,17927131840.0,,254.28122
2026-04-10,DAVE.OQ,,,316.55556
2026-04-10,DCH.N,10543833700.0,,9.485
2026-04-10,DASH.OQ,17927131840.0,,
2026-04-12,CVLT.OQ,,2.0,
2026-04-12,CVLT.OQ,1178687200.0,2.0,
2026-04-12,DAL.N,,,78.84348
2026-04-12,DASH.OQ,,,253.54951
2026-04-12,DEC.N,,,22.85714
2026-04-13,CTRE.N,496761710.0,,
2026-04-13,CTRI.N,3355078570.0,,
2026-04-13,CURB.N,,,29.375
2026-04-13,CVLT.OQ,,,137.35667
2026-04-13,CVNA.N,26832284090.0,,
2026-04-13,CVS.N,405376972050.0,,
2026-04-13,CVX.N,215753864500.0,,208.40435
2026-04-13,CW.N,3753111880.0,,712.5475
2026-04-13,CZR.OQ,11777172520.0,,32.07389
2026-04-13,DAL.N,64915066930.0,,
2026-04-13,DCH.N,10542383700.0,,9.355
2026-04-13,DD.N,7095966070.0,,55.16667
2026-04-13,DEI.N,,,11.38889
2026-04-13,DCH.N,,,9.355
2026-04-14,CTRE.N,,,43.41667
2026-04-14,CTVA.N,18097719550.0,,85.40191
2026-04-14,CUBE.N,,,42.4375
2026-04-14,CUZ.N,,,29.33333
2026-04-14,CVNA.N,26868705390.0,,417.06046
2026-04-14,CWEN.N,1646319330.0,,42.39308
2026-04-14,CWENa.N,1646319330.0,,42.39308
2026-04-14,CWK.N,10918451570.0,,
2026-04-14,D.N,17503337640.0,,
2026-04-14,DAKT.OQ,831098000.0,,
2026-04-14,DAN.N,7567465710.0,,37.58857
2026-04-14,DASH.OQ,17923759740.0,,252.93976
2026-04-14,DCH.N,10550829700.0,,
2026-04-14,DDOG.OQ,,,180.34023
2026-04-14,DEI.N,,,11.16667
2026-04-14,CTVA.N,,,85.40191
2026-04-14,CVNA.N,,,417.06046
2026-04-15,CUBI.N,882891110.0,,
2026-04-15,CVS.N,404985674520.0,,93.86269
2026-04-15,CXT.N,,,85.555
2026-04-15,CZR.OQ,11789638480.0,,32.46278
2026-04-15,D.N,17676012250.0,,66.102
2026-04-15,DASH.OQ,17924494630.0,,252.89098
2026-04-15,DCH.N,,,9.255
2026-04-15,DDOG.OQ,,,179.88568
2026-04-15,DEC.N,1946401400.0,1.77778,23.0
2026-04-15,DECK.N,5433770920.0,,128.59238
2026-04-15,CVS.N,,,93.86269
2026-04-15,CZR.OQ,,,32.46278
2026-04-15,DEC.N,,1.77778,
2026-04-16,CTRI.N,3355221430.0,,
2026-04-16,CVLT.OQ,1178673870.0,,
2026-04-16,CVX.N,215693438250.0,,208.14348
2026-04-16,CWH.N,,,14.25
2026-04-16,CZR.OQ,11788019430.0,,
2026-04-16,DAVE.OQ,686350000.0,,
2026-04-16,DDOG.OQ,,,179.38568
2026-04-17,CTSH.OQ,22384859970.0,,83.61577
2026-04-17,CVX.N,226231183250.0,2.07143,211.53478
2026-04-17,CWEN.N,1645024250.0,1.92308,42.75917
2026-04-17,CWENa.N,1645024250.0,1.92308,42.75917
2026-04-17,CWK.N,10911457710.0,,17.66667
2026-04-17,CXM.N,,,8.46875
2026-04-17,CZR.OQ,11797305140.0,,
2026-04-17,DAL.N,,,79.06087
2026-04-17,DAR.N,6569546750.0,,68.545
2026-04-17,DCH.N,10524690200.0,,
2026-04-17,DCO.N,,,146.6
2026-04-17,CWEN.N,,1.92308,42.75917
2026-04-17,CWENa.N,,1.92308,42.75917
2026-04-17,CWK.N,,,17.66667
2026-04-18,DD.N,7096319670.0,1.94118,54.76923
2026-04-18,DD.N,,1.94118,
2026-04-20,CUBE.N,,,42.375
2026-04-20,CVNA.N,26905153220.0,,
2026-04-20,CVS.N,404872631040.0,,
2026-04-20,CVX.N,225907433250.0,2.07407,209.55909
2026-04-20,CWST.OQ,2007032180.0,,
2026-04-20,CZR.OQ,11797270860.0,,32.57389
2026-04-20,D.N,17651171860.0,2.90909,66.28313
2026-04-20,DAR.N,6572668540.0,1.42857,69.61539
2026-04-20,DDOG.OQ,,,178.43114
2026-04-20,DEC.N,1959239400.0,,22.625
2026-04-20,CVX.N,225907433250.0,2.07407,
2026-04-20,D.N,,2.90909,
2026-04-20,DAR.N,,1.42857,
2026-04-20,DEC.N,,,22.625
2026-04-21,CVNA.N,,,419.33318
2026-04-21,D.N,,,66.22063
2026-04-21,DAR.N,,,70.69231
2026-04-21,DD.N,7100756330.0,,
2026-04-21,DDOG.OQ,,1.77551,
2026-04-21,CTSH.OQ,22384618590.0,,83.23115
2026-04-21,CTVA.N,18093105000.0,,
2026-04-21,CVI.N,,,31.844
2026-04-21,CVNA.N,27000171480.0,,419.33318
2026-04-21,CVX.N,,,210.42273
2026-04-21,CZR.OQ,11797413710.0,,32.74056
2026-04-21,D.N,17649428710.0,,66.22063
2026-04-21,DAL.N,,,78.88696
2026-04-21,DAR.N,6595368540.0,,70.69231
2026-04-21,DD.N,7100756330.0,,54.53846
2026-04-21,DDOG.OQ,4117423940.0,1.77551,178.35489
2026-04-22,CTSH.OQ,22379742720.0,,82.65423
2026-04-22,CTVA.N,,,85.54476
2026-04-22,CURB.N,227557430.0,,29.5
2026-04-22,CVBF.OQ,629547500.0,,
2026-04-22,D.N,17655071570.0,,
2026-04-22,DAN.N,7571087500.0,,40.04857
2026-04-22,DD.N,,,54.46154
2026-04-22,DDOG.OQ,4115777000.0,,177.35489
2026-04-22,DE.N,41111432670.0,,
2026-04-22,CTSH.OQ,22379742720.0,,
2026-04-22,DAN.N,,,40.04857
2026-04-23,DD.N,7100889670.0,,
2026-04-23,CUBE.N,1112759000.0,,
2026-04-23,CUBI.N,,,88.652
2026-04-23,CVBF.OQ,649147500.0,,23.6
2026-04-23,CWK.N,10953630860.0,,
2026-04-23,DAN.N,7578087500.0,,
2026-04-23,DAWN.OQ,241080000.0,3.0,20.6
2026-04-23,DD.N,7100889670.0,,54.15385
2026-04-23,DDOG.OQ,4118312040.0,1.78,177.19417
2026-04-24,CTSH.OQ,,,82.50039
2026-04-24,CUBI.N,881848330.0,,89.2
2026-04-24,CVBF.OQ,637090330.0,,23.8
2026-04-24,CWEN.N,1645730250.0,,
2026-04-24,CWENa.N,1645730250.0,,
2026-04-24,D.N,,,66.09563
2026-04-24,DAR.N,6603060850.0,,
2026-04-24,DAWN.OQ,241833330.0,3.0,21.5
2026-04-26,CTVA.N,,,85.78286
2026-04-26,CUBI.N,,,89.8
2026-04-26,CVBF.OQ,662573670.0,,24.0
2026-04-27,CTSH.OQ,22372951000.0,,81.6404
2026-04-27,CUBE.N,,,42.0
2026-04-27,CUBI.N,874686100.0,,
2026-04-27,CVLT.OQ,1178638000.0,2.05882,135.33438
2026-04-27,CVNA.N,26952781000.0,,
2026-04-27,DAN.N,7580950000.0,,
2026-04-27,DAR.N,6638889540.0,,72.53846
2026-04-27,DASH.OQ,17919506110.0,1.95833,252.22691
2026-04-27,DD.N,,,54.23077
2026-04-27,CVLT.OQ,,2.05882,
2026-04-27,DASH.OQ,,1.95833,252.22691
2026-04-28,CTRE.N,500861710.0,,
2026-04-28,CURB.N,232147860.0,,30.5625
2026-04-28,CUZ.N,1038502560.0,,
2026-04-28,CVLT.OQ,1305245560.0,,137.45938
2026-04-28,CVNA.N,26952781000.0,,
2026-04-28,CWEN.N,1645730250.0,,
2026-04-28,CWENa.N,1645730250.0,,
2026-04-28,CXT.N,1734436290.0,,
2026-04-28,CZR.OQ,11809080380.0,,32.79611
2026-04-28,D.N,17648738600.0,,65.90813
2026-04-28,DAKT.OQ,831098000.0,,
2026-04-28,DAL.N,64915066930.0,,
2026-04-28,DASH.OQ,17919506110.0,,
2026-04-28,DBRG.N,436065000.0,,
2026-04-28,DD.N,7096843930.0,,
2026-04-28,DEC.N,1959239400.0,,
2026-04-28,DECK.N,5434250360.0,,128.64
2026-04-28,CVLT.OQ,1305245560.0,,
2026-04-29,CVNA.N,,,429.10591
2026-04-29,CTSH.OQ,22343768620.0,,78.1604
2026-04-29,CTVA.N,18098044180.0,,86.25905
2026-04-29,CURB.N,233682860.0,,30.8125
2026-04-29,CUZ.N,1041090440.0,,29.0
2026-04-29,CVI.N,7283435830.0,3.5,
2026-04-29,CVLT.OQ,,,134.83667
2026-04-29,CVNA.N,27044982250.0,,429.10591
2026-04-29,CZR.OQ,11814003760.0,,33.12944
2026-04-29,DAN.N,7587662500.0,,40.19143
2026-04-29,DEC.N,1946549250.0,,
2026-04-30,CTSH.OQ,22334451380.0,,77.6004
2026-04-30,CVNA.N,27043857250.0,,
