Date,RIC,Price Close,Volume,Currency,Daily Total Return
2026-02-12,A.N,124.88,805494,USD,-3.11869666408069
2026-02-12,AA.N,60.51,1487725,USD,-4.18052256532067
2026-02-12,AAL.OQ,14.05,8429636,USD,-2.09059233449477
2026-02-12,AAOI.OQ,43.99,1109149,USD,-9.11157024793388
2026-02-12,AAON.OQ,101.61,264063,USD,-1.08060747663551
2026-02-12,AAP.N,58.22,985702,USD,-2.36458158644978
2026-02-12,AAPL.OQ,261.73,29537599,USD,-4.99818511796733
2026-02-12,ABAT.OQ,3.78,929414,USD,-8.91566265060242
2026-02-12,ABBV.N,227.5,2427699,USD,2.99243967585677
2026-02-12,ABCB.N,83.22,178512,USD,-0.478354460655352
2026-02-12,ABG.N,234.06,95667,USD,0.761978561281162
2026-02-12,ABM.N,43.44,169172,USD,-7.08021390374332
2026-02-12,ABNB.OQ,115.96,3600667,USD,-3.00292764533668
2026-02-12,ABR.N,7.42,831868,USD,-2.36842105263158
2026-02-12,ABT.N,111.47,3537383,USD,-1.866361475482
2026-02-12,ACA.N,126.72,54087,USD,-0.876095118898627
2026-02-12,ACAD.OQ,21.61,545332,USD,-3.82732532265242
2026-02-12,ACGL.OQ,99.85,964257,USD,1.25747895750938
2026-02-12,ACHC.OQ,15.89,1652840,USD,2.31809401159048
2026-02-12,ACHR.N,6.76,4516221,USD,-3.012912482066
2026-02-12,ACI.N,17.93,1468735,USD,1.12803158488437
2026-02-12,ACIW.OQ,39.27,401895,USD,-2.62831638978427
2026-02-12,ACLS.OQ,90.54,203409,USD,-1.39403180135045
2026-02-12,ACLX.OQ,68.65,205019,USD,-1.76016027475671
2026-02-12,ACM.N,88.38,992242,USD,-12.3822742143353
2026-02-12,ACMR.OQ,64.1,640683,USD,-9.30956423316357
2026-02-12,ACN.N,222.05,1623637,USD,-3.63667925183353
2026-02-12,ACT.OQ,43.72,151253,USD,0.413412953605879
2026-02-12,ACVA.N,6.51,1334852,USD,-9.58333333333334
2026-02-12,ADBE.OQ,262.5,2357859,USD,2.07652823145123
2026-02-12,ADC.N,76.58,920377,USD,-0.221498371335507
2026-02-12,ADEA.OQ,18.33,352940,USD,-3.67840252233317
2026-02-12,ADI.OQ,331.36,1960445,USD,-1.67359050445104
2026-02-12,ADM.N,69.5,1145524,USD,0.288600288600293
2026-02-12,ADMA.OQ,15.59,826150,USD,-4.23832923832925
2026-02-12,ADNT.N,26.27,498451,USD,-1.49981252343458
2026-02-12,ADP.OQ,209.96,2488203,USD,-3.49772487015672
2026-02-12,ADPT.OQ,15.54,689146,USD,-0.512163892445583
2026-02-12,ADSK.OQ,223.49,2112723,USD,-3.91246399243303
2026-02-12,ADT.N,7.64,3608800,USD,-2.17669654289372
2026-02-12,ADUS.OQ,112.3,71779,USD,-0.323969289486539
2026-02-12,AEE.N,109.34,934999,USD,3.13148462554236
2026-02-12,AEHR.OQ,27.89,1020888,USD,-17.6070901033973
2026-02-12,AEIS.OQ,312.95,355894,USD,1.35375846099038
2026-02-12,AEO.N,24.54,1589786,USD,2.93624161073825
2026-02-12,AEP.OQ,126.43,2444097,USD,3.41922290388549
2026-02-12,AES.N,16.2,2732785,USD,-1.45985401459855
2026-02-12,AESI.N,11.21,431046,USD,-6.66111573688592
2026-02-12,AEVA.OQ,12.83,909167,USD,0.706436420722134
2026-02-12,AFG.N,127.499988,299454,USD,0.100876852642191
2026-02-13,A.N,125.81,485913,USD,0.744714926329282
2026-02-13,AA.N,59.95,1509443,USD,-0.925466864980987
2026-02-13,AAL.OQ,13.88,5786406,USD,-1.20996441281139
2026-02-13,AAOI.OQ,44.46,726504,USD,1.06842464196408
2026-02-13,AAON.OQ,101.04,356743,USD,-0.560968408621192
2026-02-13,AAP.N,58.85,1176436,USD,1.08210237031948
2026-02-13,AAPL.OQ,255.78,18789688,USD,-2.27333511634127
2026-02-13,ABAT.OQ,3.8,611901,USD,0.52910052910053
2026-02-13,ABBV.N,231.5,1834591,USD,1.75824175824176
2026-02-13,ABCB.N,84.02,187782,USD,0.961307378034123
2026-02-13,ABG.N,229.44,67404,USD,-1.97385285824148
2026-02-13,ABM.N,44.51,153704,USD,2.46316758747698
2026-02-13,ABNB.OQ,121.35,3510738,USD,4.64815453604691
2026-02-13,ABR.N,7.72,1091028,USD,4.04312668463612
2026-02-13,ABT.N,112.68,2124135,USD,1.08549385484885
2026-02-13,ACA.N,127.47,102698,USD,0.591856060606061
2026-02-13,ACAD.OQ,22.03,385832,USD,1.94354465525221
2026-02-13,ACGL.OQ,98.38,724768,USD,-1.4722083124687
2026-02-13,ACHC.OQ,16.77,1629011,USD,5.53807426054121
2026-02-13,ACHR.N,6.77,4237912,USD,0.147928994082837
2026-02-13,ACI.N,18.57,1254012,USD,3.56943669827106
2026-02-13,ACIW.OQ,39.56,303083,USD,0.738477209065442
2026-02-13,ACLS.OQ,94.55,330752,USD,4.42898166556217
2026-02-13,ACLX.OQ,68.5,311600,USD,-0.218499635833949
2026-02-13,ACM.N,88.31,708782,USD,-0.07920343969223
2026-02-13,ACMR.OQ,64.84,363654,USD,1.15444617784713
2026-02-13,ACN.N,224.23,1432839,USD,0.98176086467011
2026-02-13,ACT.OQ,43.29,124301,USD,-0.983531564501372
2026-02-13,ACVA.N,6.61,748387,USD,1.53609831029187
2026-02-13,ADBE.OQ,263.97,2153882,USD,0.56000000000001
2026-02-13,ADC.N,78.08,387277,USD,1.95873596239227
2026-02-13,ADEA.OQ,18.8,301264,USD,2.56410256410258
2026-02-13,ADI.OQ,337.1,1222543,USD,1.73225494929986
2026-02-13,ADM.N,69.51,1089827,USD,0.01438848920864
2026-02-13,ADMA.OQ,16.09,714216,USD,3.2071840923669
2026-02-13,ADNT.N,27.09,643575,USD,3.12143129044538
2026-02-13,ADP.OQ,212.11,1257277,USD,1.02400457229949
2026-02-13,ADPT.OQ,16.04,483822,USD,3.21750321750322
2026-02-13,ADSK.OQ,231.22,979014,USD,3.45876773009978
2026-02-13,ADT.N,7.74,3900252,USD,1.30890052356022
2026-02-13,ADUS.OQ,113.8,49136,USD,1.33570792520036
2026-02-13,AEE.N,110.97,880932,USD,1.49076275836839
2026-02-13,AEHR.OQ,28.84,373099,USD,3.40623879526712
2026-02-13,AEIS.OQ,314.27,246188,USD,0.421792618629172
2026-02-13,AEO.N,25.48,1026584,USD,3.83048084759577
2026-02-13,AEP.OQ,129.94,1491206,USD,2.77623981649924
2026-02-13,AES.N,16.28,2403463,USD,0.493827160493839
2026-02-13,AESI.N,11.77,349673,USD,4.99553969669936
2026-02-13,AEVA.OQ,13.58,466884,USD,5.84567420109119
2026-02-13,AFG.N,128.95,229042,USD,2.31373511972408
2026-02-17,A.N,123.87,640468,USD,-1.54200778952388
2026-02-17,AA.N,57.47,1537641,USD,-4.13678065054213
2026-02-17,AAL.OQ,14.4,6147490,USD,3.74639769452449
2026-02-17,AAOI.OQ,43.91,1048239,USD,-1.23706702654072
2026-02-17,AAON.OQ,102.78,233846,USD,1.72209026128266
2026-02-17,AAP.N,56.74,620284,USD,-3.58538657604078
2026-02-17,AAPL.OQ,263.88,17657710,USD,3.16678395496129
2026-02-17,ABAT.OQ,3.66,673780,USD,-3.68421052631578
2026-02-17,ABBV.N,232.86,2116675,USD,0.587473002159833
2026-02-17,ABCB.N,83.85,102897,USD,-0.202332777910023
2026-02-17,ABG.N,227.4,108352,USD,-0.88912133891213
2026-02-17,ABM.N,44.29,141644,USD,-0.494270950348234
2026-02-17,ABNB.OQ,124.23,2169496,USD,2.37330037082819
2026-02-17,ABR.N,7.33,823805,USD,-5.05181347150259
2026-02-17,ABT.N,112.26,1746979,USD,-0.372736954206604
2026-02-17,ACA.N,125.14,54119,USD,-1.8278810700557
2026-02-17,ACAD.OQ,22.95,701974,USD,4.17612346799818
2026-02-17,ACGL.OQ,98.88,1210760,USD,0.508233380768449
2026-02-17,ACHC.OQ,16.415,919094,USD,-2.11687537268933
2026-02-17,ACHR.N,6.82,5261913,USD,0.738552437223053
2026-02-17,ACI.N,18.47,1091788,USD,-0.538502961766297
2026-02-17,ACIW.OQ,40.58,403620,USD,2.57836198179979
2026-02-17,ACLS.OQ,98.5,570231,USD,4.1776837652036
2026-02-17,ACLX.OQ,70.2,345778,USD,2.48175182481752
2026-02-17,ACM.N,91.23,600431,USD,3.3065338013815
2026-02-17,ACMR.OQ,65.18,284421,USD,0.524367674275144
2026-02-17,ACN.N,219.89,1580012,USD,-1.93551264326807
2026-02-17,ACT.OQ,43.09,103183,USD,-0.462000462000452
2026-02-17,ACVA.N,6.43,806484,USD,-2.72314674735251
2026-02-17,ADBE.OQ,260.45,1556067,USD,-1.33348486570445
2026-02-17,ADC.N,79.17,346424,USD,1.39600409836066
2026-02-17,ADEA.OQ,18.73,182361,USD,-0.372340425531916
2026-02-17,ADI.OQ,337.51,1452021,USD,0.121625630376733
2026-02-17,ADM.N,68.57,1046751,USD,-0.604229607250772
2026-02-17,ADMA.OQ,15.95,816822,USD,-0.870105655686766
2026-02-17,ADNT.N,25.92,454977,USD,-4.31893687707641
2026-02-17,ADP.OQ,213.08,1597492,USD,0.457309886379708
2026-02-17,ADPT.OQ,15.79,431617,USD,-1.55860349127182
2026-02-17,ADSK.OQ,225.32,852007,USD,-2.55168238041692
2026-02-17,ADT.N,7.75,3785366,USD,0.129198966408266
2026-02-17,ADUS.OQ,113.26,106365,USD,-0.474516695957814
2026-02-17,AEE.N,110.54,580359,USD,-0.387492114986026
2026-02-17,AEHR.OQ,28.49,404561,USD,-1.21359223300971
2026-02-17,AEIS.OQ,314.12,178740,USD,-0.047729659210226
2026-02-17,AEO.N,24.93,1268103,USD,-2.1585557299843
2026-02-17,AEP.OQ,130.24,1644819,USD,0.230875788825621
2026-02-17,AES.N,16.39,2594195,USD,0.675675675675672
2026-02-17,AESI.N,11.8,796171,USD,0.254885301614283
2026-02-17,AEVA.OQ,12.9,467920,USD,-5.00736377025037
2026-02-17,AFG.N,131.1,168738,USD,1.66731291198139
2026-02-18,A.N,126.94,448576,USD,2.478404779204
2026-02-18,AA.N,60.21,1089283,USD,4.76770488950757
2026-02-18,AAL.OQ,14.1,8910298,USD,-2.08333333333334
2026-02-18,AAOI.OQ,43.44,682700,USD,-1.0703712138465
2026-02-18,AAON.OQ,102.28,391386,USD,-0.486475968087176
2026-02-18,AAP.N,55.93,572783,USD,-1.42756432851604
2026-02-18,AAPL.OQ,264.35,12516751,USD,0.178111262695175
2026-02-18,ABAT.OQ,3.66,518792,USD,0.0
2026-02-18,ABBV.N,228.72,1548143,USD,-1.77789229580006
2026-02-18,ABCB.N,83.19,107891,USD,-0.787119856887295
2026-02-18,ABG.N,229.78,94319,USD,1.04661389621812
2026-02-18,ABM.N,45.08,161374,USD,1.78369835177241
2026-02-18,ABNB.OQ,124.27,1705316,USD,0.032198341785392
2026-02-18,ABR.N,7.4,907757,USD,0.954979536152801
2026-02-18,ABT.N,113.29,2287595,USD,0.91751291644397
2026-02-18,ACA.N,123.08,89797,USD,-1.64615630493847
2026-02-18,ACAD.OQ,23.2,441328,USD,1.08932461873638
2026-02-18,ACGL.OQ,98.06,670088,USD,-0.829288025889961
2026-02-18,ACHC.OQ,16.93,858696,USD,3.13737435272617
2026-02-18,ACHR.N,6.97,3173506,USD,2.19941348973606
2026-02-18,ACI.N,18.12,1458362,USD,-1.89496480779642
2026-02-18,ACIW.OQ,40.59,295300,USD,0.024642681123719
2026-02-18,ACLS.OQ,82.01,1394418,USD,-16.741116751269
2026-02-18,ACLX.OQ,69.04,242570,USD,-1.65242165242165
2026-02-18,ACM.N,95.36,901916,USD,4.52701962073879
2026-02-18,ACMR.OQ,64.61,365720,USD,-0.874501380791665
2026-02-18,ACN.N,223.61,1271456,USD,1.6917549683933
2026-02-18,ACT.OQ,42.33,113513,USD,-1.76375029009052
2026-02-18,ACVA.N,6.68,658397,USD,3.88802488335925
2026-02-18,ADBE.OQ,263.17,1732482,USD,1.04434632367058
2026-02-18,ADC.N,76.69,749700,USD,-3.13249968422383
2026-02-18,ADEA.OQ,18.53,460254,USD,-1.06780565936999
2026-02-18,ADI.OQ,346.37,2848923,USD,2.62510740422506
2026-02-18,ADM.N,67.52,1294535,USD,-1.53128190170628
2026-02-18,ADMA.OQ,15.99,1145540,USD,0.250783699059567
2026-02-18,ADNT.N,25.65,316042,USD,-1.04166666666668
2026-02-18,ADP.OQ,217.21,1410707,USD,1.93823915900131
2026-02-18,ADPT.OQ,15.87,610929,USD,0.506649778340722
2026-02-18,ADSK.OQ,229.74,829789,USD,1.96165453577135
2026-02-18,ADT.N,7.86,2472973,USD,1.41935483870968
2026-02-18,ADUS.OQ,113.44,80048,USD,0.158926364117952
2026-02-18,AEE.N,108.31,722927,USD,-2.01736927808938
2026-02-18,AEHR.OQ,29.01,228221,USD,1.82520182520184
2026-02-18,AEIS.OQ,321.34,153957,USD,2.29848465554564
2026-02-18,AEO.N,25.07,950616,USD,0.56157240272764
2026-02-18,AEP.OQ,127.27,1496086,USD,-2.28040540540542
2026-02-18,AES.N,16.29,1916169,USD,-0.610128126906659
2026-02-18,AESI.N,11.91,577936,USD,0.932203389830504
2026-02-18,AEVA.OQ,12.96,293664,USD,0.465116279069771
2026-02-18,AFG.N,129.62,185414,USD,-1.12890922959572
2026-02-19,A.N,126.34,507372,USD,-0.472664250827158
2026-02-19,AA.N,59.69,1317688,USD,-0.863643912971272
2026-02-19,AAL.OQ,13.35,9239125,USD,-5.31914893617021
2026-02-19,AAOI.OQ,46.98,966175,USD,8.14917127071823
2026-02-19,AAON.OQ,101.02,232127,USD,-1.23191239734064
2026-02-19,AAP.N,55.98,614139,USD,0.089397461112099
2026-02-19,AAPL.OQ,260.58,10432626,USD,-1.42613958766788
2026-02-19,ABAT.OQ,3.7,492112,USD,1.09289617486339
2026-02-19,ABBV.N,224.35,1428753,USD,-1.91063308849248
2026-02-19,ABCB.N,82.93,128067,USD,-0.31253756461112
2026-02-19,ABG.N,223.21,67518,USD,-2.8592566803029
2026-02-19,ABM.N,45.59,166533,USD,1.13132209405502
2026-02-19,ABNB.OQ,125.81,2167903,USD,1.23923714492638
2026-02-19,ABR.N,7.47,635754,USD,0.945945945945938
2026-02-19,ABT.N,112.19,1633245,USD,-0.97095948450879
2026-02-19,ACA.N,124.54,80875,USD,1.18622034449139
2026-02-19,ACAD.OQ,24.33,784145,USD,4.87068965517241
2026-02-19,ACGL.OQ,98.34,510138,USD,0.285539465633287
2026-02-19,ACHC.OQ,16.86,1104345,USD,-0.413467217956292
2026-02-19,ACHR.N,7.23,4011398,USD,3.73027259684363
2026-02-19,ACI.N,17.93,1161167,USD,-1.04856512141281
2026-02-19,ACIW.OQ,40.75,257130,USD,0.39418576003941
2026-02-19,ACLS.OQ,80.62,481186,USD,-1.69491525423729
2026-02-19,ACLX.OQ,66.53,267363,USD,-3.63557358053303
2026-02-19,ACM.N,96.58,512955,USD,1.27936241610738
2026-02-19,ACMR.OQ,65.35,270607,USD,1.14533353969973
2026-02-19,ACN.N,214.95,1954151,USD,-3.87281427485355
2026-02-19,ACT.OQ,41.58,127459,USD,-1.77179305457123
2026-02-19,ACVA.N,6.75,635390,USD,1.04790419161677
2026-02-19,ADBE.OQ,259.21,1238975,USD,-1.50473078238402
2026-02-19,ADC.N,77.13,754448,USD,0.573738427435126
2026-02-19,ADEA.OQ,18.53,258761,USD,0.0
2026-02-19,ADI.OQ,345.3,1723333,USD,-0.308918208851804
2026-02-19,ADM.N,68.86,1041769,USD,1.98459715639811
2026-02-19,ADMA.OQ,16.32,950744,USD,2.06378986866792
2026-02-19,ADNT.N,25.02,260425,USD,-2.45614035087719
2026-02-19,ADP.OQ,215.97,1259198,USD,-0.570876110676308
2026-02-19,ADPT.OQ,16.05,395066,USD,1.13421550094519
2026-02-19,ADSK.OQ,229.1,524872,USD,-0.278575781318018
2026-02-19,ADT.N,7.89,2032979,USD,0.381679389312969
2026-02-19,ADUS.OQ,114.96,84694,USD,1.33991537376586
2026-02-19,AEE.N,109.8,581576,USD,1.37568091588957
2026-02-19,AEHR.OQ,30.27,209359,USD,4.34332988624612
2026-02-19,AEIS.OQ,320.64,140219,USD,-0.21783780419493
2026-02-19,AEO.N,24.95,1007875,USD,-0.478659752692465
2026-02-19,AEP.OQ,128.42,1121092,USD,0.903590791231234
2026-02-19,AES.N,16.36,1374559,USD,0.429711479435238
2026-02-19,AESI.N,12.06,671970,USD,1.25944584382872
2026-02-19,AEVA.OQ,12.87,379535,USD,-0.694444444444457
2026-02-19,AFG.N,130.37,183387,USD,0.578614411356272
2026-02-20,A.N,122.9,1476259,USD,-2.72281146113661
2026-02-20,AA.N,60.49,1555481,USD,1.34025799966494
2026-02-20,AAL.OQ,13.59,6811948,USD,1.79775280898877
2026-02-20,AAOI.OQ,51.68,2038478,USD,10.0042571306939
2026-02-20,AAON.OQ,102.3,220658,USD,1.267075826569
2026-02-20,AAP.N,55.87,699556,USD,-0.196498749553411
2026-02-20,AAPL.OQ,264.58,14224789,USD,1.5350372246527
2026-02-20,ABAT.OQ,3.55,539061,USD,-4.05405405405406
2026-02-20,ABBV.N,224.81,2804772,USD,0.205036772899491
2026-02-20,ABCB.N,83.73,184692,USD,0.964668997950075
2026-02-20,ABG.N,226.18,59941,USD,1.33058554724251
2026-02-20,ABM.N,45.55,249332,USD,-0.087738539153337
2026-02-20,ABNB.OQ,127.89,2092920,USD,1.65328670216994
2026-02-20,ABR.N,7.45,763686,USD,-0.267737617135202
2026-02-20,ABT.N,112.21,2562249,USD,0.017826900793294
2026-02-20,ACA.N,126.32,104705,USD,1.42925967560622
2026-02-20,ACAD.OQ,23.99,1073412,USD,-1.39745170571311
2026-02-20,ACGL.OQ,98.49,927358,USD,0.152532031726654
2026-02-20,ACHC.OQ,16.79,786958,USD,-0.415183867141164
2026-02-20,ACHR.N,6.93,4227587,USD,-4.14937759336101
2026-02-20,ACI.N,17.9,1288818,USD,-0.167317345231462
2026-02-20,ACIW.OQ,40.88,292548,USD,0.319018404907982
2026-02-20,ACLS.OQ,80.16,392010,USD,-0.570578020342357
2026-02-20,ACLX.OQ,64.11,262504,USD,-3.63745678641215
2026-02-20,ACM.N,97.89,541237,USD,1.35638848622904
2026-02-20,ACMR.OQ,66.59,325185,USD,1.89747513389443
2026-02-20,ACN.N,215.35,1946412,USD,0.186089788322868
2026-02-20,ACT.OQ,41.43,165809,USD,-0.360750360750357
2026-02-20,ACVA.N,6.66,636212,USD,-1.33333333333333
2026-02-20,ADBE.OQ,258.61,1986354,USD,-0.231472551213289
2026-02-20,ADC.N,78.24,312338,USD,1.4391287436795
2026-02-20,ADEA.OQ,19.01,374629,USD,2.59039395574744
2026-02-20,ADI.OQ,355.03,1690934,USD,2.81783955980306
2026-02-20,ADM.N,67.88,965953,USD,-1.42317746151613
2026-02-20,ADMA.OQ,16.1,931487,USD,-1.34803921568627
2026-02-20,ADNT.N,24.86,282502,USD,-0.639488409272582
2026-02-20,ADP.OQ,214.47,927997,USD,-0.694540908459508
2026-02-20,ADPT.OQ,15.2,749356,USD,-5.29595015576325
2026-02-20,ADSK.OQ,226.98,681486,USD,-0.92536010475775
2026-02-20,ADT.N,7.91,2696128,USD,0.253485424588092
2026-02-20,ADUS.OQ,115.48,116935,USD,0.45233124565067
2026-02-20,AEE.N,110.05,1052902,USD,0.227686703096539
2026-02-20,AEHR.OQ,33.6,386257,USD,11.0009910802775
2026-02-20,AEIS.OQ,331.23,212329,USD,3.30276946107785
2026-02-20,AEO.N,25.26,1252240,USD,1.24248496993989
2026-02-20,AEP.OQ,129.37,1436079,USD,0.739760161968554
2026-02-20,AES.N,16.51,5462815,USD,0.916870415647935
2026-02-20,AESI.N,11.71,475487,USD,-2.90215588723051
2026-02-20,AEVA.OQ,12.54,484012,USD,-2.56410256410257
2026-02-20,AFG.N,130.21,181028,USD,-0.122727621385285
2026-02-23,A.N,124.2,725001,USD,1.05777054515866
2026-02-23,AA.N,59.81,794457,USD,-1.12415275252108
2026-02-23,AAL.OQ,12.93,8077327,USD,-4.85651214128035
2026-02-23,AAOI.OQ,53.96,1769415,USD,4.41176470588236
2026-02-23,AAON.OQ,101.1,167030,USD,-1.17302052785924
2026-02-23,AAP.N,55.37,460834,USD,-0.894934669769107
2026-02-23,AAPL.OQ,266.18,12634572,USD,0.604732028120048
2026-02-23,ABAT.OQ,3.57,529073,USD,0.563380281690141
2026-02-23,ABBV.N,229.48,1189769,USD,2.07730972821493
2026-02-23,ABCB.N,79.72,154278,USD,-4.78920339185478
2026-02-23,ABG.N,220.48,116934,USD,-2.52011672119552
2026-02-23,ABM.N,44.13,189623,USD,-3.11745334796925
2026-02-23,ABNB.OQ,122.96,2071166,USD,-3.85487528344672
2026-02-23,ABR.N,7.42,756858,USD,-0.402684563758393
2026-02-23,ABT.N,115.29,2567636,USD,2.74485339987525
2026-02-23,ACA.N,122.47,83217,USD,-3.0478150728309
2026-02-23,ACAD.OQ,24.73,1188224,USD,3.08461859107963
2026-02-23,ACGL.OQ,98.7,589472,USD,0.213219616204699
2026-02-23,ACHC.OQ,17.38,1430324,USD,3.51399642644431
2026-02-23,ACHR.N,6.96,3810178,USD,0.432900432900436
2026-02-23,ACI.N,18.51,1439534,USD,3.4078212290503
2026-02-23,ACIW.OQ,38.47,293717,USD,-5.89530332681018
2026-02-23,ACLS.OQ,78.79,272728,USD,-1.70908183632733
2026-02-23,ACLX.OQ,113.75,5627417,USD,77.4294181874903
2026-02-23,ACM.N,93.28,622954,USD,-4.70936765757483
2026-02-23,ACMR.OQ,65.12,315946,USD,-2.20753866946989
2026-02-23,ACN.N,201.18,2406295,USD,-6.57998606918969
2026-02-23,ACT.OQ,41.15,122230,USD,-0.675838764180548
2026-02-23,ACVA.N,5.68,1542749,USD,-14.7147147147147
2026-02-23,ADBE.OQ,246.68,2020467,USD,-4.61312400912571
2026-02-23,ADC.N,79.32,266702,USD,1.38036809815951
2026-02-23,ADEA.OQ,18.48,517307,USD,-2.78800631246713
2026-02-23,ADI.OQ,355.15,1697909,USD,0.033799960566714
2026-02-23,ADM.N,67.69,774983,USD,-0.279905715969354
2026-02-23,ADMA.OQ,16.29,833985,USD,1.18012422360247
2026-02-23,ADNT.N,24.37,260257,USD,-1.97103781174577
2026-02-23,ADP.OQ,205.73,1350925,USD,-4.07516202732317
2026-02-23,ADPT.OQ,15.39,759194,USD,1.25000000000001
2026-02-23,ADSK.OQ,218.64,698037,USD,-3.67433254031192
2026-02-23,ADT.N,7.75,1695312,USD,-2.02275600505689
2026-02-23,ADUS.OQ,117.63,134920,USD,1.86179425008659
2026-02-23,AEE.N,111.16,698944,USD,1.00863243980009
2026-02-23,AEHR.OQ,34.32,495344,USD,2.14285714285714
2026-02-23,AEIS.OQ,329.24,142343,USD,-0.570600489086136
2026-02-23,AEO.N,23.65,1217868,USD,-6.37371338083928
2026-02-23,AEP.OQ,132.03,1336341,USD,2.05611811084486
2026-02-23,AES.N,16.26,2228665,USD,-1.51423379769836
2026-02-23,AESI.N,11.0,779903,USD,-6.06319385140906
2026-02-23,AEVA.OQ,12.46,404278,USD,-0.637958532695361
2026-02-23,AFG.N,129.61,220175,USD,-0.460794101835492
2026-02-24,A.N,124.4,722171,USD,0.161030595813207
2026-02-24,AA.N,61.41,938574,USD,2.67513793679986
2026-02-24,AAL.OQ,13.15,6478160,USD,1.70146945088941
2026-02-24,AAOI.OQ,56.27,1294965,USD,4.28094885100075
2026-02-24,AAON.OQ,100.95,203303,USD,-0.148367952522247
2026-02-24,AAP.N,53.78,415032,USD,-2.87159111432183
2026-02-24,AAPL.OQ,272.14,15676160,USD,2.23908633255691
2026-02-24,ABAT.OQ,3.66,406957,USD,2.52100840336135
2026-02-24,ABBV.N,228.44,1206766,USD,-0.453198535820112
2026-02-24,ABCB.N,79.35,135980,USD,-0.464124435524341
2026-02-24,ABG.N,219.51,77444,USD,-0.439949201741654
2026-02-24,ABM.N,43.96,141047,USD,-0.385225470201681
2026-02-24,ABNB.OQ,125.66,1505630,USD,2.19583604424203
2026-02-24,ABR.N,7.29,674858,USD,-1.75202156334232
2026-02-24,ABT.N,114.58,1823314,USD,-0.61583832075636
2026-02-24,ACA.N,124.92,84306,USD,2.00048991589777
2026-02-24,ACAD.OQ,24.59,565643,USD,-0.566114031540641
2026-02-24,ACGL.OQ,99.18,606697,USD,0.486322188449852
2026-02-24,ACHC.OQ,17.17,1130029,USD,-1.20828538550056
2026-02-24,ACHR.N,7.19,5753292,USD,3.30459770114943
2026-02-24,ACI.N,18.66,1956659,USD,0.810372771474871
2026-02-24,ACIW.OQ,39.08,386201,USD,1.58565115674551
2026-02-24,ACLS.OQ,81.77,231670,USD,3.78220586368827
2026-02-24,ACLX.OQ,113.75,4153474,USD,0.0
2026-02-24,ACM.N,95.34,485640,USD,2.20840480274443
2026-02-24,ACMR.OQ,67.76,314300,USD,4.05405405405405
2026-02-24,ACN.N,196.73,2536590,USD,-2.21194949796203
2026-02-24,ACT.OQ,41.46,70324,USD,0.753341433778863
2026-02-24,ACVA.N,4.75,2731927,USD,-16.3732394366197
2026-02-24,ADBE.OQ,255.17,1948089,USD,3.44170585373763
2026-02-24,ADC.N,79.26,319916,USD,-0.075642965204221
2026-02-24,ADEA.OQ,19.75,752282,USD,6.87229437229437
2026-02-24,ADI.OQ,356.09,2202269,USD,0.264676897085738
2026-02-24,ADM.N,68.02,831965,USD,0.487516619884766
2026-02-24,ADMA.OQ,15.52,803030,USD,-4.7268262737876
2026-02-24,ADNT.N,24.89,426881,USD,2.13377102995486
2026-02-24,ADP.OQ,205.68,2755207,USD,-0.024303699022983
2026-02-24,ADPT.OQ,16.05,709688,USD,4.28849902534113
2026-02-24,ADSK.OQ,220.91,784257,USD,1.03823637028906
2026-02-24,ADT.N,7.88,2604647,USD,1.67741935483871
2026-02-24,ADUS.OQ,105.2,192301,USD,-10.5670322196718
2026-02-24,AEE.N,111.27,564335,USD,0.09895645915797
2026-02-24,AEHR.OQ,39.23,591393,USD,14.3065268065268
2026-02-24,AEIS.OQ,335.74,148066,USD,1.9742437127931
2026-02-24,AEO.N,23.76,1116201,USD,0.46511627906978
2026-02-24,AEP.OQ,132.39,1190649,USD,0.272665303340139
2026-02-24,AES.N,16.27,2359830,USD,0.061500615006138
2026-02-24,AESI.N,10.37,1462399,USD,-5.72727272727273
2026-02-24,AEVA.OQ,13.06,314316,USD,4.81540930979133
2026-02-24,AFG.N,130.85,177402,USD,0.956716302754402
2026-02-25,A.N,124.72,733770,USD,0.257234726688097
2026-02-25,AA.N,64.9,1540567,USD,5.68311349943008
2026-02-25,AAL.OQ,13.32,4601442,USD,1.29277566539924
2026-02-25,AAOI.OQ,58.12,981235,USD,3.28771992180557
2026-02-25,AAON.OQ,99.05,431283,USD,-1.88211986131749
2026-02-25,AAP.N,50.44,576550,USD,-6.21048716995166
2026-02-25,AAPL.OQ,274.23,11605076,USD,0.767987065481014
2026-02-25,ABAT.OQ,3.76,353276,USD,2.73224043715846
2026-02-25,ABBV.N,226.92,1744109,USD,-0.665382594992125
2026-02-25,ABCB.N,80.88,116251,USD,1.92816635160681
2026-02-25,ABG.N,217.03,50971,USD,-1.12978907566853
2026-02-25,ABM.N,43.78,243288,USD,-0.409463148316651
2026-02-25,ABNB.OQ,132.02,3072311,USD,5.06127646028968
2026-02-25,ABR.N,7.17,1011265,USD,-1.64609053497943
2026-02-25,ABT.N,114.76,1763723,USD,0.157095479141217
2026-02-25,ACA.N,126.67,105685,USD,1.40089657380724
2026-02-25,ACAD.OQ,24.97,754843,USD,1.54534363562423
2026-02-25,ACGL.OQ,99.36,470077,USD,0.18148820326678
2026-02-25,ACHC.OQ,20.84,3560142,USD,21.3744903902155
2026-02-25,ACHR.N,7.1,3186292,USD,-1.25173852573019
2026-02-25,ACI.N,17.7,1321241,USD,-5.14469453376206
2026-02-25,ACIW.OQ,41.48,748127,USD,6.14124872057318
2026-02-25,ACLS.OQ,80.02,194315,USD,-2.14014919897273
2026-02-25,ACLX.OQ,113.76,1339304,USD,0.008791208791213
2026-02-25,ACM.N,94.21,322614,USD,-1.1852318019719
2026-02-25,ACMR.OQ,68.47,424333,USD,1.04781582054308
2026-02-25,ACN.N,191.5,2923064,USD,-2.65846591775529
2026-02-25,ACT.OQ,42.34,91802,USD,2.1225277375784
2026-02-25,ACVA.N,4.51,1591009,USD,-5.05263157894737
2026-02-25,ADBE.OQ,257.81,1824583,USD,1.0346043813928
2026-02-25,ADC.N,79.56,343012,USD,0.378501135503403
2026-02-25,ADEA.OQ,20.67,537018,USD,4.65822784810127
2026-02-25,ADI.OQ,360.8,1315559,USD,1.32269931758826
2026-02-25,ADM.N,67.45,756540,USD,-0.837988826815632
2026-02-25,ADMA.OQ,15.68,2044917,USD,1.03092783505155
2026-02-25,ADNT.N,24.79,158146,USD,-0.401767778224192
2026-02-25,ADP.OQ,214.25,1790973,USD,4.16666666666666
2026-02-25,ADPT.OQ,16.21,460363,USD,0.996884735202493
2026-02-25,ADSK.OQ,224.81,877000,USD,1.76542483364266
2026-02-25,ADT.N,7.95,1828495,USD,0.88832487309645
2026-02-25,ADUS.OQ,107.6,104850,USD,2.28136882129277
2026-02-25,AEE.N,111.44,656333,USD,0.152781522422937
2026-02-25,AEHR.OQ,41.48,458333,USD,5.73540657659954
2026-02-25,AEIS.OQ,338.51,159309,USD,0.825043188181325
2026-02-25,AEO.N,24.04,966478,USD,1.17845117845117
2026-02-25,AEP.OQ,132.46,1004785,USD,0.052874084145345
2026-02-25,AES.N,16.37,2045011,USD,0.614628149969277
2026-02-25,AESI.N,9.57,1171385,USD,-7.71456123432979
2026-02-25,AEVA.OQ,13.64,388091,USD,4.44104134762634
2026-02-25,AFG.N,131.78,459778,USD,0.71073748567062
2026-02-26,A.N,120.97,1158686,USD,-3.00673508659397
2026-02-26,AA.N,63.47,963293,USD,-2.20338983050849
2026-02-26,AAL.OQ,13.94,10894620,USD,4.65465465465465
2026-02-26,AAOI.OQ,53.69,1623476,USD,-7.62216104611149
2026-02-26,AAON.OQ,98.89,321335,USD,-0.161534578495706
2026-02-26,AAP.N,52.0,562731,USD,3.09278350515464
2026-02-26,AAPL.OQ,272.95,11354270,USD,-0.466761477591813
2026-02-26,ABAT.OQ,3.84,550369,USD,2.12765957446809
2026-02-26,ABBV.N,224.69,1286321,USD,-0.98272518949409
2026-02-26,ABCB.N,82.55,250065,USD,2.06478733926805
2026-02-26,ABG.N,218.33,53332,USD,0.598995530571816
2026-02-26,ABM.N,44.78,126610,USD,2.28414801279123
2026-02-26,ABNB.OQ,136.97,2252326,USD,3.74943190425692
2026-02-26,ABR.N,7.26,1040714,USD,1.25523012552301
2026-02-26,ABT.N,116.26,1851132,USD,1.30707563611014
2026-02-26,ACA.N,127.5,95146,USD,0.655245914581194
2026-02-26,ACAD.OQ,24.64,1285356,USD,-1.32158590308369
2026-02-26,ACGL.OQ,99.65,581525,USD,0.291867954911439
2026-02-26,ACHC.OQ,22.29,2061972,USD,6.95777351247601
2026-02-26,ACHR.N,7.38,4240923,USD,3.94366197183099
2026-02-26,ACI.N,17.8,1299503,USD,0.564971751412437
2026-02-26,ACIW.OQ,39.8,801256,USD,-4.05014464802314
2026-02-26,ACLS.OQ,83.58,300563,USD,4.44888777805549
2026-02-26,ACLX.OQ,113.88,2916075,USD,0.105485232067502
2026-02-26,ACM.N,99.56,540668,USD,5.67880267487529
2026-02-26,ACMR.OQ,57.04,1086454,USD,-16.6934423835256
2026-02-26,ACN.N,207.38,2440458,USD,8.29242819843342
2026-02-26,ACT.OQ,42.57,96314,USD,1.03920642418516
2026-02-26,ACVA.N,4.69,1077902,USD,3.99113082039913
2026-02-26,ADBE.OQ,259.04,2079194,USD,0.477095535471866
2026-02-26,ADC.N,79.78,279155,USD,0.276520864756157
2026-02-26,ADEA.OQ,20.85,477526,USD,0.870827285921624
2026-02-26,ADI.OQ,354.35,1761654,USD,-1.78769401330377
2026-02-26,ADM.N,67.42,917986,USD,-0.04447739065975
2026-02-26,ADMA.OQ,15.18,2557245,USD,-3.18877551020408
2026-02-26,ADNT.N,24.62,204086,USD,-0.685760387252917
2026-02-26,ADP.OQ,218.36,1328733,USD,1.91831971995333
2026-02-26,ADPT.OQ,16.46,557194,USD,1.54225786551511
2026-02-26,ADSK.OQ,233.45,1312186,USD,3.84324540723277
2026-02-26,ADT.N,8.11,2332047,USD,2.01257861635219
2026-02-26,ADUS.OQ,104.02,91738,USD,-3.3271375464684
2026-02-26,AEE.N,112.03,556416,USD,0.529432878679113
2026-02-26,AEHR.OQ,39.8,555779,USD,-4.05014464802314
2026-02-26,AEIS.OQ,337.35,191966,USD,-0.342678207438471
2026-02-26,AEO.N,24.91,926160,USD,3.6189683860233
2026-02-26,AEP.OQ,132.1,1245464,USD,-0.271780160048327
2026-02-26,AES.N,16.25,2636920,USD,-0.733048259010391
2026-02-26,AESI.N,9.83,1141109,USD,2.71682340647858
2026-02-26,AEVA.OQ,13.64,1013660,USD,0.0
2026-02-26,AFG.N,133.35,201565,USD,1.19137957201396
2026-02-27,A.N,121.38,1775013,USD,0.338927006695872
2026-02-27,AA.N,62.08,948145,USD,-2.19001102883252
2026-02-27,AAL.OQ,13.07,12708982,USD,-6.24103299856527
2026-02-27,AAOI.OQ,84.23,6341422,USD,56.8821009498976
2026-02-27,AAON.OQ,101.2,477863,USD,2.33592880978866
2026-02-27,AAP.N,53.17,506117,USD,2.25
2026-02-27,AAPL.OQ,264.18,32674553,USD,-3.21304268180985
2026-02-27,ABAT.OQ,3.69,667229,USD,-3.90625
2026-02-27,ABBV.N,232.08,3258538,USD,3.28897592238196
2026-02-27,ABCB.N,77.66,304152,USD,-5.923682616596
2026-02-27,ABG.N,213.78,64922,USD,-2.08400128246233
2026-02-27,ABM.N,44.5,200553,USD,-0.625279142474321
2026-02-27,ABNB.OQ,135.11,2979365,USD,-1.35796159743008
2026-02-27,ABR.N,7.93,3034761,USD,9.22865013774105
2026-02-27,ABT.N,116.35,4229082,USD,0.077412695682083
2026-02-27,ACA.N,107.48,221690,USD,-15.7019607843137
2026-02-27,ACAD.OQ,24.56,850683,USD,-0.324675324675332
2026-02-27,ACGL.OQ,100.15,1354467,USD,0.501756146512795
2026-02-27,ACHC.OQ,23.44,2709789,USD,5.15926424405564
2026-02-27,ACHR.N,7.12,5239202,USD,-3.5230352303523
2026-02-27,ACI.N,17.9,1731719,USD,0.561797752808977
2026-02-27,ACIW.OQ,39.68,648379,USD,-0.301507537688436
2026-02-27,ACLS.OQ,82.61,296736,USD,-1.16056472840392
2026-02-27,ACLX.OQ,113.79,682928,USD,-0.079030558482604
2026-02-27,ACM.N,97.98,615288,USD,-1.58698272398553
2026-02-27,ACMR.OQ,55.68,835671,USD,-2.38429172510519
2026-02-27,ACN.N,208.72,2607022,USD,0.646156813578939
2026-02-27,ACT.OQ,41.84,151120,USD,-1.7148226450552
2026-02-27,ACVA.N,4.86,1730258,USD,3.62473347547974
2026-02-27,ADBE.OQ,262.41,2148466,USD,1.30095738109945
2026-02-27,ADC.N,80.48,588451,USD,1.20581599398346
2026-02-27,ADEA.OQ,20.69,570953,USD,-0.767386091127099
2026-02-27,ADI.OQ,355.79,2970234,USD,0.406377874982361
2026-02-27,ADM.N,69.04,2411777,USD,2.4028478196381
2026-02-27,ADMA.OQ,15.57,1720009,USD,2.56916996047431
2026-02-27,ADNT.N,24.32,664721,USD,-1.21852152721365
2026-02-27,ADP.OQ,214.36,1830639,USD,-1.83183733284484
2026-02-27,ADPT.OQ,16.02,965651,USD,-2.67314702308628
2026-02-27,ADSK.OQ,245.87,2030321,USD,5.32019704433498
2026-02-27,ADT.N,8.02,2758265,USD,-1.10974106041923
2026-02-27,ADUS.OQ,103.53,86116,USD,-0.471063257065944
2026-02-27,AEE.N,113.28,815725,USD,1.11577256092118
2026-02-27,AEHR.OQ,37.43,474581,USD,-5.95477386934673
2026-02-27,AEIS.OQ,335.57,409895,USD,-0.527641914925161
2026-02-27,AEO.N,24.57,1257243,USD,-1.36491368928141
2026-02-27,AEP.OQ,133.82,1274556,USD,1.30204390613172
2026-02-27,AES.N,17.28,7042329,USD,6.33846153846155
2026-02-27,AESI.N,9.63,1008350,USD,-2.03458799593082
2026-02-27,AEVA.OQ,13.26,1005898,USD,-2.78592375366569
2026-02-27,AFG.N,132.98,3278524,USD,-0.277465316835399
2026-03-02,A.N,118.17,870954,USD,-2.64458724666337
2026-03-02,AA.N,64.08,1100790,USD,3.22164948453608
2026-03-02,AAL.OQ,12.52,14110848,USD,-4.20811017597552
2026-03-02,AAOI.OQ,102.51,5979351,USD,21.7024813011991
2026-03-02,AAON.OQ,104.73,547314,USD,3.48814229249012
2026-03-02,AAP.N,53.27,434557,USD,0.188075982697012
2026-03-02,AAPL.OQ,264.72,15467431,USD,0.204406086759036
2026-03-02,ABAT.OQ,3.73,527140,USD,1.0840108401084
2026-03-02,ABBV.N,234.26,2577356,USD,0.939331265080997
2026-03-02,ABCB.N,79.32,175616,USD,2.1375225341231
2026-03-02,ABG.N,210.76,73667,USD,-1.4126672279914
2026-03-02,ABM.N,44.71,157583,USD,0.471910112359552
2026-03-02,ABNB.OQ,133.26,1770433,USD,-1.36925468137075
2026-03-02,ABR.N,8.59,1941813,USD,8.32282471626734
2026-03-02,ABT.N,114.12,2158238,USD,-1.91663085517833
2026-03-02,ACA.N,108.62,156430,USD,1.06066244882769
2026-03-02,ACAD.OQ,22.81,911074,USD,-7.12540716612378
2026-03-02,ACGL.OQ,101.06,691458,USD,0.908637044433346
2026-03-02,ACHC.OQ,23.44,1745408,USD,0.0
2026-03-02,ACHR.N,7.52,5822777,USD,5.61797752808988
2026-03-02,ACI.N,17.7,1345514,USD,-1.11731843575419
2026-03-02,ACIW.OQ,40.35,442437,USD,1.68850806451613
2026-03-02,ACLS.OQ,86.58,244442,USD,4.80571359399588
2026-03-02,ACLX.OQ,114.05,390004,USD,0.228491080059751
2026-03-02,ACM.N,97.28,313116,USD,-0.714431516636051
2026-03-02,ACMR.OQ,57.11,635457,USD,2.56824712643678
2026-03-02,ACN.N,205.93,1209745,USD,-1.33671904944423
2026-03-02,ACT.OQ,42.44,129053,USD,1.43403441682599
2026-03-02,ACVA.N,4.89,997323,USD,0.617283950617271
2026-03-02,ADBE.OQ,260.88,1214998,USD,-0.583057048130799
2026-03-02,ADC.N,81.13,509600,USD,0.807654075546709
2026-03-02,ADEA.OQ,20.35,400826,USD,-1.64330594490092
2026-03-02,ADI.OQ,352.41,1157745,USD,-0.949998594676634
2026-03-02,ADM.N,69.61,1097663,USD,0.825608342989561
2026-03-02,ADMA.OQ,16.58,2019441,USD,6.4868336544637
2026-03-02,ADNT.N,23.58,232500,USD,-3.04276315789475
2026-03-02,ADP.OQ,214.97,1245741,USD,0.284568016420967
2026-03-02,ADPT.OQ,16.12,632296,USD,0.62421972534333
2026-03-02,ADSK.OQ,246.94,920221,USD,0.435189327693494
2026-03-02,ADT.N,7.12,5272006,USD,-11.2219451371571
2026-03-02,ADUS.OQ,105.26,70705,USD,1.67101323287936
2026-03-02,AEE.N,112.9,662730,USD,-0.335451977401126
2026-03-02,AEHR.OQ,44.03,719193,USD,17.6329147742453
2026-03-02,AEIS.OQ,340.42,184574,USD,1.44530202342284
2026-03-02,AEO.N,22.5,1544805,USD,-8.42490842490843
2026-03-02,AEP.OQ,133.29,1270505,USD,-0.396054401434764
2026-03-02,AES.N,14.21,11424897,USD,-17.7662037037037
2026-03-02,AESI.N,9.96,655663,USD,3.42679127725857
2026-03-02,AEVA.OQ,14.5,747335,USD,9.35143288084465
2026-03-02,AFG.N,134.5,214696,USD,1.14302902692135
2026-03-03,A.N,119.04,794629,USD,0.73622746890074
2026-03-03,AA.N,63.84,1590230,USD,-0.374531835205985
2026-03-03,AAL.OQ,12.46,13537214,USD,-0.47923322683705
2026-03-03,AAOI.OQ,95.34,4791355,USD,-6.99443956687153
2026-03-03,AAON.OQ,95.33,401663,USD,-8.9754607084885
2026-03-03,AAP.N,51.91,410736,USD,-2.55303172517366
2026-03-03,AAPL.OQ,263.75,15615693,USD,-0.366424901783026
2026-03-03,ABAT.OQ,3.5,583569,USD,-6.16621983914209
2026-03-03,ABBV.N,233.86,1881423,USD,-0.170750448219917
2026-03-03,ABCB.N,79.34,231915,USD,0.025214321734758
2026-03-03,ABG.N,211.44,83087,USD,0.322641867527048
2026-03-03,ABM.N,44.24,130311,USD,-1.05121896667412
2026-03-03,ABNB.OQ,133.04,1765284,USD,-0.165090799939966
2026-03-03,ABR.N,8.38,1159680,USD,-2.44470314318975
2026-03-03,ABT.N,113.61,1894548,USD,-0.446898002103054
2026-03-03,ACA.N,110.31,150114,USD,1.55588289449457
2026-03-03,ACAD.OQ,22.5,802543,USD,-1.35905304690925
2026-03-03,ACGL.OQ,100.48,560385,USD,-0.573916485256282
2026-03-03,ACHC.OQ,22.99,1158018,USD,-1.91979522184302
2026-03-03,ACHR.N,6.72,8065417,USD,-10.6382978723404
2026-03-03,ACI.N,17.52,1099712,USD,-1.01694915254237
2026-03-03,ACIW.OQ,41.41,273283,USD,2.62701363073109
2026-03-03,ACLS.OQ,85.88,663432,USD,-0.808500808500812
2026-03-03,ACLX.OQ,114.05,433473,USD,0.0
2026-03-03,ACM.N,96.17,289602,USD,-1.14103618421053
2026-03-03,ACMR.OQ,51.54,1237908,USD,-9.75310803712135
2026-03-03,ACN.N,209.89,1481018,USD,1.92298353809546
2026-03-03,ACT.OQ,41.89,131866,USD,-1.29594721960414
2026-03-03,ACVA.N,5.54,1383291,USD,13.2924335378323
2026-03-03,ADBE.OQ,270.99,2422673,USD,3.87534498620056
2026-03-03,ADC.N,81.92,925202,USD,0.973745840009868
2026-03-03,ADEA.OQ,19.88,341004,USD,-2.30958230958232
2026-03-03,ADI.OQ,338.99,2140133,USD,-3.49592803836441
2026-03-03,ADM.N,67.99,1137968,USD,-2.32725183163339
2026-03-03,ADMA.OQ,16.38,1131203,USD,-1.20627261761158
2026-03-03,ADNT.N,22.6,307441,USD,-4.15606446140796
2026-03-03,ADP.OQ,216.27,1138342,USD,0.604735544494586
2026-03-03,ADPT.OQ,16.08,571550,USD,-0.248138957816394
2026-03-03,ADSK.OQ,253.4,852921,USD,2.61602008585082
2026-03-03,ADT.N,6.85,3014734,USD,-3.79213483146068
2026-03-03,ADUS.OQ,103.36,60879,USD,-1.80505415162455
2026-03-03,AEE.N,111.99,726442,USD,-0.806023029229416
2026-03-03,AEHR.OQ,41.64,934481,USD,-5.42811719282308
2026-03-03,AEIS.OQ,322.47,191503,USD,-5.2728981845955
2026-03-03,AEO.N,22.24,1469010,USD,-1.15555555555556
2026-03-03,AEP.OQ,131.92,1381139,USD,-1.02783404606498
2026-03-03,AES.N,14.18,6662050,USD,-0.211118930330761
2026-03-03,AESI.N,9.91,980942,USD,-0.502008032128521
2026-03-03,AEVA.OQ,13.97,497304,USD,-3.6551724137931
2026-03-03,AFG.N,131.91,173237,USD,-1.92565055762082
2026-03-04,A.N,120.54,784551,USD,1.26008064516129
2026-03-04,AA.N,61.55,1808046,USD,-3.58709273182958
2026-03-04,AAL.OQ,12.46,8023094,USD,0.0
2026-03-04,AAOI.OQ,99.71,2302490,USD,4.58359555275854
2026-03-04,AAON.OQ,95.97,276031,USD,0.671352145179902
2026-03-04,AAP.N,51.21,351016,USD,-1.34848776728953
2026-03-04,AAPL.OQ,262.52,15088603,USD,-0.466350710900481
2026-03-04,ABAT.OQ,3.51,445437,USD,0.28571428571428
2026-03-04,ABBV.N,236.19,1428220,USD,0.996322586162655
2026-03-04,ABCB.N,79.43,209782,USD,0.113435845727254
2026-03-04,ABG.N,212.48,56469,USD,0.491865304578127
2026-03-04,ABM.N,44.05,137945,USD,-0.429475587703447
2026-03-04,ABNB.OQ,135.54,1455964,USD,1.87913409500902
2026-03-04,ABR.N,8.85,1559063,USD,5.60859188544151
2026-03-04,ABT.N,113.1,1543924,USD,-0.448904145761821
2026-03-04,ACA.N,112.56,144279,USD,2.03970628229535
2026-03-04,ACAD.OQ,23.39,632269,USD,3.95555555555556
2026-03-04,ACGL.OQ,98.42,639374,USD,-2.05015923566879
2026-03-04,ACHC.OQ,24.07,928219,USD,4.69769464984777
2026-03-04,ACHR.N,6.76,4860531,USD,0.595238095238096
2026-03-04,ACI.N,17.1,2272292,USD,-2.39726027397259
2026-03-04,ACIW.OQ,42.44,301863,USD,2.487321902922
2026-03-04,ACLS.OQ,86.62,261377,USD,0.861667442943653
2026-03-04,ACLX.OQ,114.3,321578,USD,0.219202104340202
2026-03-04,ACM.N,95.42,259823,USD,-0.779868982011022
2026-03-04,ACMR.OQ,51.82,504090,USD,0.543267365153281
2026-03-04,ACN.N,210.0,1885685,USD,0.052408404402312
2026-03-04,ACT.OQ,42.33,116276,USD,1.05037001671043
2026-03-04,ACVA.N,5.46,703828,USD,-1.44404332129964
2026-03-04,ADBE.OQ,273.12,1607558,USD,0.786006863721907
2026-03-04,ADC.N,81.82,636533,USD,-0.12207031250001
2026-03-04,ADEA.OQ,20.75,367447,USD,4.37625754527163
2026-03-04,ADI.OQ,341.51,1430432,USD,0.743384760612402
2026-03-04,ADM.N,67.22,747086,USD,-1.13251948816002
2026-03-04,ADMA.OQ,16.54,2418131,USD,0.976800976800978
2026-03-04,ADNT.N,22.16,325767,USD,-1.94690265486726
2026-03-04,ADP.OQ,217.16,1544971,USD,0.41152263374485
2026-03-04,ADPT.OQ,16.44,499498,USD,2.23880597014927
2026-03-04,ADSK.OQ,257.89,890363,USD,1.77190213101815
2026-03-04,ADT.N,6.84,3345722,USD,-0.145985401459851
2026-03-04,ADUS.OQ,105.68,100115,USD,2.24458204334366
2026-03-04,AEE.N,113.33,724695,USD,1.19653540494687
2026-03-04,AEHR.OQ,42.66,668609,USD,2.44956772334293
2026-03-04,AEIS.OQ,330.54,178250,USD,2.50255837752349
2026-03-04,AEO.N,22.45,2068791,USD,0.944244604316551
2026-03-04,AEP.OQ,133.52,1918345,USD,1.21285627653125
2026-03-04,AES.N,14.29,3982345,USD,0.775740479548656
2026-03-04,AESI.N,10.04,994843,USD,1.31180625630675
2026-03-04,AEVA.OQ,15.01,672901,USD,7.44452397995704
2026-03-04,AFG.N,132.79,149152,USD,0.667121522250016
2026-03-05,A.N,118.11,558700,USD,-2.01592832254854
2026-03-05,AA.N,60.38,1231022,USD,-1.90089358245328
2026-03-05,AAL.OQ,11.79,14638281,USD,-5.37720706260033
2026-03-05,AAOI.OQ,101.14,2955459,USD,1.43415906127771
2026-03-05,AAON.OQ,92.4,528013,USD,-3.7199124726477
2026-03-05,AAP.N,51.26,591820,USD,0.097637180238229
2026-03-05,AAPL.OQ,260.29,18660914,USD,-0.849459088831312
2026-03-05,ABAT.OQ,3.4,726519,USD,-3.13390313390313
2026-03-05,ABBV.N,232.35,2100377,USD,-1.6258097294551
2026-03-05,ABCB.N,78.81,207375,USD,-0.780561500692439
2026-03-05,ABG.N,207.63,60961,USD,-2.28256777108433
2026-03-05,ABM.N,44.24,154345,USD,0.431328036322372
2026-03-05,ABNB.OQ,135.85,1918906,USD,0.228714770547442
2026-03-05,ABR.N,8.59,1463360,USD,-2.93785310734463
2026-03-05,ABT.N,111.04,2092793,USD,-1.82139699381078
2026-03-05,ACA.N,111.28,174321,USD,-1.13717128642502
2026-03-05,ACAD.OQ,22.4,950869,USD,-4.23257802479693
2026-03-05,ACGL.OQ,97.07,690980,USD,-1.37167242430401
2026-03-05,ACHC.OQ,24.66,1362231,USD,2.45118404653095
2026-03-05,ACHR.N,6.46,9904009,USD,-4.4378698224852
2026-03-05,ACI.N,17.3,1465500,USD,1.16959064327485
2026-03-05,ACIW.OQ,42.86,363472,USD,0.989632422243171
2026-03-05,ACLS.OQ,85.91,336308,USD,-0.81967213114755
2026-03-05,ACLX.OQ,114.36,463943,USD,0.052493438320212
2026-03-05,ACM.N,93.78,478656,USD,-1.7187172500524
2026-03-05,ACMR.OQ,48.31,483936,USD,-6.77344654573523
2026-03-05,ACN.N,214.0,1752649,USD,1.90476190476191
2026-03-05,ACT.OQ,41.41,185205,USD,-2.17339948027404
2026-03-05,ACVA.N,5.41,694657,USD,-0.915750915750912
2026-03-05,ADBE.OQ,281.74,2117820,USD,3.15612185120094
2026-03-05,ADC.N,81.03,417373,USD,-0.96553409924223
2026-03-05,ADEA.OQ,21.0,587680,USD,1.20481927710843
2026-03-05,ADI.OQ,329.72,1871628,USD,-3.45231471992034
2026-03-05,ADM.N,66.53,1164329,USD,-1.02648021422195
2026-03-05,ADMA.OQ,15.7,1370031,USD,-5.07859733978235
2026-03-05,ADNT.N,22.03,283916,USD,-0.586642599277974
2026-03-05,ADP.OQ,222.7,1598642,USD,2.55111438570639
2026-03-05,ADPT.OQ,15.93,780611,USD,-3.10218978102191
2026-03-05,ADSK.OQ,264.12,820170,USD,2.41575865679166
2026-03-05,ADT.N,6.74,3189242,USD,-1.46198830409356
2026-03-05,ADUS.OQ,104.62,68214,USD,-1.00302800908403
2026-03-05,AEE.N,111.41,609439,USD,-1.69416747551399
2026-03-05,AEHR.OQ,40.49,504776,USD,-5.08673230192216
2026-03-05,AEIS.OQ,311.42,237799,USD,-5.78447389120833
2026-03-05,AEO.N,19.33,2708287,USD,-13.8975501113586
2026-03-05,AEP.OQ,132.04,1911802,USD,-1.10844817255843
2026-03-05,AES.N,14.22,4973499,USD,-0.489853044086764
2026-03-05,AESI.N,11.32,2522402,USD,12.7490039840638
2026-03-05,AEVA.OQ,15.08,684199,USD,0.466355762824785
2026-03-05,AFG.N,131.57,183697,USD,-0.918743881316363
2026-03-06,A.N,115.07,771715,USD,-2.5738718144103
2026-03-06,AA.N,59.65,1136088,USD,-1.20900960582975
2026-03-06,AAL.OQ,11.18,15324771,USD,-5.17387616624257
2026-03-06,AAOI.OQ,95.58,3357596,USD,-5.49733043306308
2026-03-06,AAON.OQ,88.33,215436,USD,-4.40476190476191
2026-03-06,AAP.N,50.33,512811,USD,-1.8142801404604
2026-03-06,AAPL.OQ,257.46,13242246,USD,-1.08724883783474
2026-03-06,ABAT.OQ,3.37,445640,USD,-0.882352941176465
2026-03-06,ABBV.N,230.11,1797653,USD,-0.964062836238425
2026-03-06,ABCB.N,76.68,224561,USD,-2.7027027027027
2026-03-06,ABG.N,204.78,58546,USD,-1.37263401242595
2026-03-06,ABM.N,43.84,169302,USD,-0.90415913200723
2026-03-06,ABNB.OQ,133.23,1980302,USD,-1.92859771807141
2026-03-06,ABR.N,8.69,1243896,USD,1.16414435389988
2026-03-06,ABT.N,109.56,3112000,USD,-1.3328530259366
2026-03-06,ACA.N,109.49,161671,USD,-1.60855499640547
2026-03-06,ACAD.OQ,22.16,580387,USD,-1.07142857142856
2026-03-06,ACGL.OQ,97.21,652944,USD,0.14422581642114
2026-03-06,ACHC.OQ,25.62,1604933,USD,3.89294403892944
2026-03-06,ACHR.N,6.26,3993752,USD,-3.09597523219815
2026-03-06,ACI.N,17.77,1529374,USD,2.71676300578034
2026-03-06,ACIW.OQ,42.55,348804,USD,-0.723285114325717
2026-03-06,ACLS.OQ,82.24,269051,USD,-4.27191246653475
2026-03-06,ACLX.OQ,114.33,258951,USD,-0.026232948583422
2026-03-06,ACM.N,94.06,390855,USD,0.298571123907018
2026-03-06,ACMR.OQ,44.92,500686,USD,-7.01718070792797
2026-03-06,ACN.N,215.0,2228255,USD,0.467289719626168
2026-03-06,ACT.OQ,41.44,215302,USD,0.072446269017148
2026-03-06,ACVA.N,5.12,639811,USD,-5.36044362292052
2026-03-06,ADBE.OQ,283.62,1711192,USD,0.667281891105273
2026-03-06,ADC.N,81.35,330246,USD,0.394915463408606
2026-03-06,ADEA.OQ,19.87,327308,USD,-5.38095238095238
2026-03-06,ADI.OQ,315.81,1868374,USD,-4.21873104452263
2026-03-06,ADM.N,67.44,1186098,USD,1.3678039981963
2026-03-06,ADMA.OQ,15.39,1289432,USD,-1.97452229299362
2026-03-06,ADNT.N,21.28,352138,USD,-3.40444847934635
2026-03-06,ADP.OQ,226.24,1447059,USD,1.58958239784464
2026-03-06,ADPT.OQ,14.86,731823,USD,-6.71688637790333
2026-03-06,ADSK.OQ,260.99,881164,USD,-1.18506739360896
2026-03-06,ADT.N,6.55,3755101,USD,-2.81899109792285
2026-03-06,ADUS.OQ,103.21,65684,USD,-1.34773465876506
2026-03-06,AEE.N,111.52,673657,USD,0.098734404452024
2026-03-06,AEHR.OQ,35.61,473026,USD,-12.0523586070635
2026-03-06,AEIS.OQ,290.78,179277,USD,-6.62770534968854
2026-03-06,AEO.N,18.46,1901061,USD,-4.50077599586134
2026-03-06,AEP.OQ,131.87,1627765,USD,-0.128748863980602
2026-03-06,AES.N,14.15,5273662,USD,-0.492264416315051
2026-03-06,AESI.N,11.79,1660766,USD,4.15194346289752
2026-03-06,AEVA.OQ,14.17,563835,USD,-6.03448275862069
2026-03-06,AFG.N,130.74,158182,USD,-0.630842897317006
2026-03-09,A.N,116.64,831883,USD,1.36438689493352
2026-03-09,AA.N,61.16,1493681,USD,2.5314333612741
2026-03-09,AAL.OQ,11.44,25132125,USD,2.32558139534884
2026-03-09,AAOI.OQ,110.62,3112983,USD,15.7355095208203
2026-03-09,AAON.OQ,90.33,257937,USD,2.26423638627873
2026-03-09,AAP.N,51.09,482076,USD,1.51003377707134
2026-03-09,AAPL.OQ,259.88,13312061,USD,0.939951837178597
2026-03-09,ABAT.OQ,3.34,666306,USD,-0.890207715133538
2026-03-09,ABBV.N,227.45,1722206,USD,-1.15596888444658
2026-03-09,ABCB.N,76.4,185209,USD,-0.365153886280648
2026-03-09,ABG.N,204.17,134048,USD,-0.297880652407468
2026-03-09,ABM.N,43.28,277435,USD,-1.27737226277373
2026-03-09,ABNB.OQ,134.03,1516924,USD,0.600465360654516
2026-03-09,ABR.N,8.5,1513168,USD,-2.18642117376294
2026-03-09,ABT.N,112.65,2961548,USD,2.82037239868565
2026-03-09,ACA.N,109.93,185673,USD,0.401863183852418
2026-03-09,ACAD.OQ,22.58,893986,USD,1.89530685920577
2026-03-09,ACGL.OQ,95.62,1016212,USD,-1.63563419401295
2026-03-09,ACHC.OQ,24.71,1223330,USD,-3.55191256830601
2026-03-09,ACHR.N,6.52,6293415,USD,4.15335463258786
2026-03-09,ACI.N,17.23,1635850,USD,-3.03882948790095
2026-03-09,ACIW.OQ,42.63,352102,USD,0.188014101057592
2026-03-09,ACLS.OQ,84.06,250421,USD,2.21303501945526
2026-03-09,ACLX.OQ,114.5,411898,USD,0.148692381702092
2026-03-09,ACM.N,94.08,422828,USD,0.021263023601952
2026-03-09,ACMR.OQ,46.69,429337,USD,3.94033837934104
2026-03-09,ACN.N,209.36,1872273,USD,-2.62325581395348
2026-03-09,ACT.OQ,41.72,150567,USD,0.675675675675678
2026-03-09,ACVA.N,5.15,619739,USD,0.585937500000005
2026-03-09,ADBE.OQ,282.44,1746204,USD,-0.416049643889714
2026-03-09,ADC.N,81.06,390210,USD,-0.356484326982166
2026-03-09,ADEA.OQ,22.31,946575,USD,12.2798188223452
2026-03-09,ADI.OQ,319.71,2320699,USD,1.23491973021753
2026-03-09,ADM.N,67.92,1214923,USD,0.711743772241999
2026-03-09,ADMA.OQ,15.81,1251105,USD,2.72904483430799
2026-03-09,ADNT.N,21.18,531476,USD,-0.469924812030082
2026-03-09,ADP.OQ,223.04,1444112,USD,-1.41442715700142
2026-03-09,ADPT.OQ,14.95,952116,USD,0.60565275908479
2026-03-09,ADSK.OQ,260.75,742300,USD,-0.091957546266144
2026-03-09,ADT.N,6.53,3974941,USD,-0.305343511450375
2026-03-09,ADUS.OQ,102.86,61927,USD,-0.339114426896613
2026-03-09,AEE.N,111.16,688924,USD,-0.322812051649928
2026-03-09,AEHR.OQ,40.88,494307,USD,14.7992137040157
2026-03-09,AEIS.OQ,305.02,191503,USD,4.89717312057226
2026-03-09,AEO.N,18.47,2617849,USD,0.054171180931734
2026-03-09,AEP.OQ,131.86,1811184,USD,-0.007583225904293
2026-03-09,AES.N,14.19,4168208,USD,0.282685512367485
2026-03-09,AESI.N,11.9,1075782,USD,0.932994062765066
2026-03-09,AEVA.OQ,14.76,439697,USD,4.1637261820748
2026-03-09,AFG.N,129.25,163468,USD,-1.1396665136913
2026-03-10,A.N,115.43,517921,USD,-1.03737997256515
2026-03-10,AA.N,61.31,662323,USD,0.40876389797254
2026-03-10,AAL.OQ,11.11,17886447,USD,-2.88461538461539
2026-03-10,AAOI.OQ,120.49,3417176,USD,8.92243717230156
2026-03-10,AAON.OQ,90.54,211490,USD,0.232480903354376
2026-03-10,AAP.N,51.07,334291,USD,-0.039146604032106
2026-03-10,AAPL.OQ,260.83,10168053,USD,0.365553332307214
2026-03-10,ABAT.OQ,3.57,600863,USD,6.88622754491018
2026-03-10,ABBV.N,227.01,1374628,USD,-0.193449109694437
2026-03-10,ABCB.N,76.63,264412,USD,0.301047120418835
2026-03-10,ABG.N,199.4,64211,USD,-2.33628838712836
2026-03-10,ABM.N,41.28,362591,USD,-4.62107208872458
2026-03-10,ABNB.OQ,132.44,1414863,USD,-1.18630157427442
2026-03-10,ABR.N,7.87,1107870,USD,-3.88235294117647
2026-03-10,ABT.N,110.55,2052692,USD,-1.8641810918775
2026-03-10,ACA.N,108.24,135254,USD,-1.53734194487402
2026-03-10,ACAD.OQ,22.54,494641,USD,-0.177147918511954
2026-03-10,ACGL.OQ,96.19,802299,USD,0.59610960050198
2026-03-10,ACHC.OQ,25.14,1232015,USD,1.74018615944961
2026-03-10,ACHR.N,6.32,4155377,USD,-3.06748466257668
2026-03-10,ACI.N,16.76,1486376,USD,-2.72780034822983
2026-03-10,ACIW.OQ,42.07,392473,USD,-1.3136288998358
2026-03-10,ACLS.OQ,85.82,223760,USD,2.09374256483463
2026-03-10,ACLX.OQ,114.39,649029,USD,-0.096069868995633
2026-03-10,ACM.N,91.37,265752,USD,-2.88052721088435
2026-03-10,ACMR.OQ,48.06,546704,USD,2.93424716213323
2026-03-10,ACN.N,201.63,1322198,USD,-3.6922048146733
2026-03-10,ACT.OQ,41.1,120491,USD,-1.48609779482262
2026-03-10,ACVA.N,5.16,591957,USD,0.194174757281549
2026-03-10,ADBE.OQ,275.13,1402944,USD,-2.58816031723552
2026-03-10,ADC.N,80.49,401187,USD,-0.703182827535168
2026-03-10,ADEA.OQ,22.99,729639,USD,3.04796055580457
2026-03-10,ADI.OQ,318.81,1630242,USD,-0.281505114009564
2026-03-10,ADM.N,69.39,1260810,USD,2.1643109540636
2026-03-10,ADMA.OQ,15.83,923161,USD,0.126502213788739
2026-03-10,ADNT.N,21.32,337765,USD,0.661000944287066
2026-03-10,ADP.OQ,217.37,1030060,USD,-2.54214490674318
2026-03-10,ADPT.OQ,14.52,675008,USD,-2.87625418060201
2026-03-10,ADSK.OQ,253.85,795013,USD,-2.64621284755513
2026-03-10,ADT.N,6.65,5499434,USD,1.83767228177642
2026-03-10,ADUS.OQ,102.15,79901,USD,-0.690258603927663
2026-03-10,AEE.N,110.39,606910,USD,-0.017992083483264
2026-03-10,AEHR.OQ,41.96,605503,USD,2.64187866927593
2026-03-10,AEIS.OQ,311.39,132883,USD,2.08838764671169
2026-03-10,AEO.N,18.76,2413685,USD,1.57011369788848
2026-03-10,AEP.OQ,132.31,1141373,USD,0.341271045047769
2026-03-10,AES.N,14.21,3184902,USD,0.140944326990848
2026-03-10,AESI.N,12.4,1602107,USD,4.20168067226891
2026-03-10,AEVA.OQ,16.2,636166,USD,9.75609756097561
2026-03-10,AFG.N,128.95,180022,USD,-0.232108317214709
2026-03-11,A.N,115.42,518011,USD,-0.008663259118085
2026-03-11,AA.N,66.36,1751502,USD,8.23682922851084
2026-03-11,AAL.OQ,11.04,11996368,USD,-0.630063006300633
2026-03-11,AAOI.OQ,127.01,2462409,USD,5.41123744709105
2026-03-11,AAON.OQ,91.51,238449,USD,1.07134967969958
2026-03-11,AAP.N,53.33,413741,USD,4.42529860975132
2026-03-11,AAPL.OQ,260.81,10421006,USD,-0.007667829620819
2026-03-11,ABAT.OQ,3.5,723576,USD,-1.96078431372549
2026-03-11,ABBV.N,227.68,1859356,USD,0.295141183207795
2026-03-11,ABCB.N,75.59,161589,USD,-1.35717082082734
2026-03-11,ABG.N,199.52,93338,USD,0.060180541624877
2026-03-11,ABM.N,40.87,262973,USD,-0.993217054263575
2026-03-11,ABNB.OQ,133.39,783466,USD,0.717305949864081
2026-03-11,ABR.N,7.98,775764,USD,1.39771283354511
2026-03-11,ABT.N,110.25,1848545,USD,-0.271370420624149
2026-03-11,ACA.N,110.32,143712,USD,1.92165558019216
2026-03-11,ACAD.OQ,21.97,484475,USD,-2.52883762200532
2026-03-11,ACGL.OQ,94.81,821433,USD,-1.43466056762657
2026-03-11,ACHC.OQ,23.89,925061,USD,-4.97215592680986
2026-03-11,ACHR.N,6.43,4545406,USD,1.74050632911391
2026-03-11,ACI.N,16.44,1539077,USD,-1.90930787589499
2026-03-11,ACIW.OQ,41.44,313190,USD,-1.49750415973378
2026-03-11,ACLS.OQ,86.22,153205,USD,0.466091820088564
2026-03-11,ACLX.OQ,114.36,288495,USD,-0.026226068712301
2026-03-11,ACM.N,91.57,266216,USD,0.218890226551372
2026-03-11,ACMR.OQ,47.88,318840,USD,-0.374531835205992
2026-03-11,ACN.N,201.48,1169149,USD,-0.074393691414971
2026-03-11,ACT.OQ,40.44,132990,USD,-1.6058394160584
2026-03-11,ACVA.N,5.0,567358,USD,-3.10077519379845
2026-03-11,ADBE.OQ,273.705,1819545,USD,-0.517936975248069
2026-03-11,ADC.N,79.85,331286,USD,-0.795129829792522
2026-03-11,ADEA.OQ,23.31,524624,USD,1.39190952588082
2026-03-11,ADI.OQ,319.22,1183591,USD,0.128603243311071
2026-03-11,ADM.N,70.83,1719568,USD,2.07522697795071
2026-03-11,ADMA.OQ,15.67,1126039,USD,-1.01073910296905
2026-03-11,ADNT.N,21.21,267630,USD,-0.515947467166977
2026-03-11,ADP.OQ,213.0,1006937,USD,-2.01039701890786
2026-03-11,ADPT.OQ,14.22,885938,USD,-2.06611570247933
2026-03-11,ADSK.OQ,251.83,862187,USD,-0.795745519007281
2026-03-11,ADT.N,6.56,4585934,USD,-1.35338345864663
2026-03-11,ADUS.OQ,103.05,49792,USD,0.881057268722459
2026-03-11,AEE.N,109.35,500909,USD,-0.942114321949458
2026-03-11,AEHR.OQ,42.45,357645,USD,1.16777883698761
2026-03-11,AEIS.OQ,314.84,131593,USD,1.10793538649282
2026-03-11,AEO.N,18.17,1348730,USD,-3.14498933901919
2026-03-11,AEP.OQ,131.26,1012476,USD,-0.793590809462634
2026-03-11,AES.N,14.23,2895092,USD,0.140745953553832
2026-03-11,AESI.N,13.2,1131894,USD,6.4516129032258
2026-03-11,AEVA.OQ,16.71,616186,USD,3.14814814814816
2026-03-11,AFG.N,127.3,214969,USD,-1.2795657231485
2026-03-12,A.N,111.63,573228,USD,-3.28365967769884
2026-03-12,AA.N,65.93,1684155,USD,-0.647980711271839
2026-03-12,AAL.OQ,10.55,11502784,USD,-4.43840579710144
2026-03-12,AAOI.OQ,106.19,3816718,USD,-16.392410046453
2026-03-12,AAON.OQ,87.06,282906,USD,-4.86285651841329
2026-03-12,AAP.N,52.66,486873,USD,-1.25632852053254
2026-03-12,AAPL.OQ,255.76,14574436,USD,-1.93627544956099
2026-03-12,ABAT.OQ,3.42,579122,USD,-2.28571428571429
2026-03-12,ABBV.N,225.37,1641560,USD,-1.01458186929023
2026-03-12,ABCB.N,75.31,153224,USD,-0.370419367641224
2026-03-12,ABG.N,196.69,107681,USD,-1.41840417000803
2026-03-12,ABM.N,38.67,278264,USD,-5.38292145828235
2026-03-12,ABNB.OQ,127.7,1901639,USD,-4.26568708298972
2026-03-12,ABR.N,7.84,509577,USD,-1.75438596491229
2026-03-12,ABT.N,108.14,2491049,USD,-1.91383219954649
2026-03-12,ACA.N,107.13,120572,USD,-2.89158810732415
2026-03-12,ACAD.OQ,21.27,628649,USD,-3.18616294947656
2026-03-12,ACGL.OQ,94.22,852136,USD,-0.622297226031013
2026-03-12,ACHC.OQ,24.145,1584549,USD,1.06739221431561
2026-03-12,ACHR.N,6.15,4426234,USD,-4.35458786936235
2026-03-12,ACI.N,16.87,1854036,USD,2.61557177615572
2026-03-12,ACIW.OQ,40.43,290270,USD,-2.43725868725868
2026-03-12,ACLS.OQ,85.18,294120,USD,-1.20621665506842
2026-03-12,ACLX.OQ,114.29,328290,USD,-0.061210213361309
2026-03-12,ACM.N,89.8,556742,USD,-1.93294747187943
2026-03-12,ACMR.OQ,45.27,390222,USD,-5.45112781954887
2026-03-12,ACN.N,196.05,1845928,USD,-2.69505658129838
2026-03-12,ACT.OQ,40.56,142610,USD,0.296735905044522
2026-03-12,ACVA.N,4.86,682723,USD,-2.79999999999999
2026-03-12,ADBE.OQ,269.78,3643337,USD,-1.43402568458743
2026-03-12,ADC.N,79.66,328278,USD,-0.237946149029427
2026-03-12,ADEA.OQ,22.87,416638,USD,-1.88760188760188
2026-03-12,ADI.OQ,307.27,1761175,USD,-3.74349978071551
2026-03-12,ADM.N,72.5,1500953,USD,2.35775801214175
2026-03-12,ADMA.OQ,14.99,911688,USD,-4.33950223356732
2026-03-12,ADNT.N,20.1,369246,USD,-5.23338048090523
2026-03-12,ADP.OQ,207.45,1468553,USD,-2.60563380281691
2026-03-12,ADPT.OQ,12.45,1632172,USD,-12.4472573839663
2026-03-12,ADSK.OQ,249.89,634079,USD,-0.770360957788995
2026-03-12,ADT.N,6.38,3834357,USD,-1.90548780487804
2026-03-12,ADUS.OQ,99.74,68888,USD,-3.21203299369238
2026-03-12,AEE.N,110.0,654935,USD,0.594421582075908
2026-03-12,AEHR.OQ,37.65,402195,USD,-11.3074204946997
2026-03-12,AEIS.OQ,305.82,141891,USD,-2.86494727480624
2026-03-12,AEO.N,17.56,1350929,USD,-3.35718216840948
2026-03-12,AEP.OQ,132.22,984083,USD,0.731372847783032
2026-03-12,AES.N,14.22,2390339,USD,-0.070274068868586
2026-03-12,AESI.N,13.5,1121240,USD,2.27272727272728
2026-03-12,AEVA.OQ,15.3,483654,USD,-8.43806104129264
2026-03-12,AFG.N,128.21,150763,USD,0.714846818538893
2026-03-13,A.N,111.51,503848,USD,-0.107497984412784
2026-03-13,AA.N,63.59,1285336,USD,-3.5492188684969
2026-03-13,AAL.OQ,10.3,14458700,USD,-2.3696682464455
2026-03-13,AAOI.OQ,96.81,3428202,USD,-8.83322346736981
2026-03-13,AAON.OQ,83.9,281107,USD,-3.62968067999081
2026-03-13,AAP.N,51.73,587017,USD,-1.76604633497911
2026-03-13,AAPL.OQ,250.12,13271282,USD,-2.20519236784485
2026-03-13,ABAT.OQ,3.32,488583,USD,-2.92397660818714
2026-03-13,ABBV.N,219.68,1286737,USD,-2.52473709899277
2026-03-13,ABCB.N,75.18,160888,USD,-0.172619838002915
2026-03-13,ABG.N,196.46,79322,USD,-0.116935278865214
2026-03-13,ABM.N,38.77,286862,USD,0.258598396689944
2026-03-13,ABNB.OQ,126.3,1116754,USD,-1.09631949882538
2026-03-13,ABR.N,7.67,571356,USD,-2.16836734693877
2026-03-13,ABT.N,108.03,1883828,USD,-0.101719992602182
2026-03-13,ACA.N,105.68,64276,USD,-1.35349575282366
2026-03-13,ACAD.OQ,20.61,531434,USD,-3.10296191819464
2026-03-13,ACGL.OQ,93.47,503508,USD,-0.796009339842921
2026-03-13,ACHC.OQ,23.52,1332582,USD,-2.58852764547525
2026-03-13,ACHR.N,6.03,4535719,USD,-1.95121951219512
2026-03-13,ACI.N,17.27,1304990,USD,2.37107291049199
2026-03-13,ACIW.OQ,39.77,269879,USD,-1.63245115013603
2026-03-13,ACLS.OQ,83.19,304990,USD,-2.33622916177508
2026-03-13,ACLX.OQ,114.39,349143,USD,0.087496718873037
2026-03-13,ACM.N,91.06,487622,USD,1.40311804008909
2026-03-13,ACMR.OQ,46.38,328699,USD,2.4519549370444
2026-03-13,ACN.N,196.65,1260192,USD,0.30604437643458
2026-03-13,ACT.OQ,40.49,155477,USD,-0.172583826429981
2026-03-13,ACVA.N,4.84,485905,USD,-0.411522633744865
2026-03-13,ADBE.OQ,249.32,4984854,USD,-7.58395729853954
2026-03-13,ADC.N,79.2,387098,USD,-0.577454180266123
2026-03-13,ADEA.OQ,22.79,499318,USD,-0.349803235679938
2026-03-13,ADI.OQ,306.07,1073035,USD,-0.390536010674647
2026-03-13,ADM.N,71.98,1116896,USD,-0.717241379310339
2026-03-13,ADMA.OQ,15.15,950952,USD,1.06737825216811
2026-03-13,ADNT.N,19.76,352667,USD,-1.69154228855721
2026-03-13,ADP.OQ,208.52,1145775,USD,1.33526150879731
2026-03-13,ADPT.OQ,13.17,924371,USD,5.78313253012049
2026-03-13,ADSK.OQ,251.17,604042,USD,0.512225379166834
2026-03-13,ADT.N,6.41,2687184,USD,0.470219435736681
2026-03-13,ADUS.OQ,101.35,81418,USD,1.61419691197112
2026-03-13,AEE.N,112.04,561380,USD,1.85454545454546
2026-03-13,AEHR.OQ,35.67,512288,USD,-5.25896414342629
2026-03-13,AEIS.OQ,302.02,141011,USD,-1.24256098358512
2026-03-13,AEO.N,17.58,1124883,USD,0.113895216400909
2026-03-13,AEP.OQ,133.61,1183154,USD,1.05127817274241
2026-03-13,AES.N,14.19,2578596,USD,-0.210970464135029
2026-03-13,AESI.N,13.6,719725,USD,0.740740740740738
2026-03-13,AEVA.OQ,15.16,348431,USD,-0.915032679738566
2026-03-13,AFG.N,128.09,148697,USD,-0.093596443335157
2026-03-16,A.N,111.83,410050,USD,0.286969778495196
2026-03-16,AA.N,66.6,1037723,USD,4.73344865544896
2026-03-16,AAL.OQ,10.49,11723798,USD,1.84466019417475
2026-03-16,AAOI.OQ,94.07,2544349,USD,-2.83028612746618
2026-03-16,AAON.OQ,81.56,265648,USD,-2.78903456495829
2026-03-16,AAP.N,53.19,490463,USD,2.82234680069592
2026-03-16,AAPL.OQ,252.82,11556688,USD,1.07948184871261
2026-03-16,ABAT.OQ,3.26,476300,USD,-1.80722891566265
2026-03-16,ABBV.N,221.45,1353747,USD,0.805717407137646
2026-03-16,ABCB.N,75.23,95601,USD,0.066507049747269
2026-03-16,ABG.N,191.0,87075,USD,-2.77919169296549
2026-03-16,ABM.N,38.28,240912,USD,-1.26386381222595
2026-03-16,ABNB.OQ,128.32,1027675,USD,1.5993665874901
2026-03-16,ABR.N,7.7,765906,USD,0.391134289439377
2026-03-16,ABT.N,109.95,1797015,USD,1.7772840877534
2026-03-16,ACA.N,105.88,94259,USD,0.189250567751692
2026-03-16,ACAD.OQ,21.39,896876,USD,3.78457059679768
2026-03-16,ACGL.OQ,93.7,915335,USD,0.246068257194826
2026-03-16,ACHC.OQ,22.79,1748022,USD,-3.10374149659864
2026-03-16,ACHR.N,6.12,3954572,USD,1.49253731343283
2026-03-16,ACI.N,17.31,1249554,USD,0.231615518239717
2026-03-16,ACIW.OQ,39.55,248963,USD,-0.553180789539869
2026-03-16,ACLS.OQ,84.55,236186,USD,1.63481187642745
2026-03-16,ACLX.OQ,114.51,367513,USD,0.104904274849204
2026-03-16,ACM.N,88.65,423602,USD,-2.64660663298923
2026-03-16,ACMR.OQ,46.92,361702,USD,1.16429495472186
2026-03-16,ACN.N,199.31,1474375,USD,1.35265700483092
2026-03-16,ACT.OQ,40.84,100693,USD,0.864410965670539
2026-03-16,ACVA.N,4.87,572521,USD,0.619834710743807
2026-03-16,ADBE.OQ,251.86,3088750,USD,1.0187710572758
2026-03-16,ADC.N,79.79,365195,USD,0.744949494949499
2026-03-16,ADEA.OQ,22.96,424470,USD,0.965335673541034
2026-03-16,ADI.OQ,310.92,1257300,USD,1.5846048289607
2026-03-16,ADM.N,70.75,1440621,USD,-1.70880800222284
2026-03-16,ADMA.OQ,15.84,987939,USD,4.55445544554455
2026-03-16,ADNT.N,19.74,288234,USD,-0.101214574898801
2026-03-16,ADP.OQ,209.11,752804,USD,0.282946479953963
2026-03-16,ADPT.OQ,13.32,816872,USD,1.13895216400911
2026-03-16,ADSK.OQ,249.78,529333,USD,-0.553410041008077
2026-03-16,ADT.N,6.55,3030461,USD,2.18408736349453
2026-03-16,ADUS.OQ,100.94,32631,USD,-0.404538727183026
2026-03-16,AEE.N,112.86,732160,USD,0.731881470903243
2026-03-16,AEHR.OQ,37.48,340085,USD,5.07429212223155
2026-03-16,AEIS.OQ,308.31,123497,USD,2.08264353354083
2026-03-16,AEO.N,17.41,1290713,USD,-0.967007963594984
2026-03-16,AEP.OQ,134.15,2105121,USD,0.404161365167272
2026-03-16,AES.N,14.2,3699008,USD,0.070472163495418
2026-03-16,AESI.N,13.19,695581,USD,-3.01470588235294
2026-03-16,AEVA.OQ,15.55,358136,USD,2.57255936675462
2026-03-16,AFG.N,128.12,201817,USD,0.023421032086815
2026-03-17,A.N,112.75,606735,USD,0.822677278011269
2026-03-17,AA.N,65.42,1042366,USD,-1.77177177177176
2026-03-17,AAL.OQ,10.86,12332695,USD,3.52716873212583
2026-03-17,AAOI.OQ,86.33,4308905,USD,-8.22791538216222
2026-03-17,AAON.OQ,79.5,402762,USD,-2.52574791564493
2026-03-17,AAP.N,51.92,424823,USD,-2.38766685467192
2026-03-17,AAPL.OQ,254.23,12008106,USD,0.557709042006169
2026-03-17,ABAT.OQ,3.27,479834,USD,0.306748466257676
2026-03-17,ABBV.N,219.76,1493049,USD,-0.763151953036802
2026-03-17,ABCB.N,75.04,128572,USD,-0.252558819619829
2026-03-17,ABG.N,189.11,66485,USD,-0.989528795811511
2026-03-17,ABM.N,38.16,279235,USD,-0.313479623824463
2026-03-17,ABNB.OQ,131.95,1066189,USD,2.82886533665835
2026-03-17,ABR.N,7.78,679093,USD,1.03896103896104
2026-03-17,ABT.N,110.71,2941622,USD,0.691223283310588
2026-03-17,ACA.N,105.24,105909,USD,-0.604457876841708
2026-03-17,ACAD.OQ,20.9,986099,USD,-2.29079008882656
2026-03-17,ACGL.OQ,94.4,657438,USD,0.74706510138741
2026-03-17,ACHC.OQ,23.73,1904475,USD,4.1246160596753
2026-03-17,ACHR.N,6.29,3765025,USD,2.77777777777778
2026-03-17,ACI.N,17.63,1653456,USD,1.84864240323513
2026-03-17,ACIW.OQ,39.86,229398,USD,0.783817951959551
2026-03-17,ACLS.OQ,85.15,218033,USD,0.709639266706101
2026-03-17,ACLX.OQ,114.52,245931,USD,0.00873286175879
2026-03-17,ACM.N,89.86,343041,USD,1.36491821771009
2026-03-17,ACMR.OQ,47.34,412610,USD,0.89514066496164
2026-03-17,ACN.N,198.66,1830309,USD,-0.326125131704383
2026-03-17,ACT.OQ,40.89,123182,USD,0.122428991185106
2026-03-17,ACVA.N,5.0,782824,USD,2.6694045174538
2026-03-17,ADBE.OQ,254.2,2160316,USD,0.92908758834272
2026-03-17,ADC.N,80.04,378960,USD,0.313322471487655
2026-03-17,ADEA.OQ,23.46,267964,USD,2.17770034843206
2026-03-17,ADI.OQ,313.66,936666,USD,0.881255628457484
2026-03-17,ADM.N,72.12,1185891,USD,1.93639575971732
2026-03-17,ADMA.OQ,16.15,940529,USD,1.9570707070707
2026-03-17,ADNT.N,20.37,310781,USD,3.19148936170214
2026-03-17,ADP.OQ,209.73,902831,USD,0.296494667878139
2026-03-17,ADPT.OQ,13.39,660489,USD,0.525525525525528
2026-03-17,ADSK.OQ,252.92,506152,USD,1.25710625350308
2026-03-17,ADT.N,6.7,2918343,USD,2.29007633587787
2026-03-17,ADUS.OQ,101.52,73354,USD,0.574598771547452
2026-03-17,AEE.N,112.23,619595,USD,-0.558213716108449
2026-03-17,AEHR.OQ,37.09,271496,USD,-1.04055496264673
2026-03-17,AEIS.OQ,315.91,94983,USD,2.46505140929585
2026-03-17,AEO.N,17.53,1138236,USD,0.689259046524991
2026-03-17,AEP.OQ,133.62,1076427,USD,-0.39508013417816
2026-03-17,AES.N,14.2,2360519,USD,0.0
2026-03-17,AESI.N,13.98,713814,USD,5.98938589840789
2026-03-17,AEVA.OQ,15.67,258332,USD,0.771704180064304
2026-03-17,AFG.N,128.58,146735,USD,0.359038401498601
2026-03-18,A.N,111.5,913910,USD,-1.10864745011087
2026-03-18,AA.N,64.23,937693,USD,-1.81901559156221
2026-03-18,AAL.OQ,10.8,10423243,USD,-0.552486187845292
2026-03-18,AAOI.OQ,92.63,3949334,USD,7.29757905710645
2026-03-18,AAON.OQ,78.55,301310,USD,-1.06918238993711
2026-03-18,AAP.N,49.36,444795,USD,-4.93066255778121
2026-03-18,AAPL.OQ,249.94,13345974,USD,-1.68744837352004
2026-03-18,ABAT.OQ,3.08,789298,USD,-5.81039755351682
2026-03-18,ABBV.N,208.34,2249541,USD,-5.19657808518383
2026-03-18,ABCB.N,74.04,401516,USD,-1.33262260127932
2026-03-18,ABG.N,189.45,152768,USD,0.179789540479073
2026-03-18,ABM.N,37.46,348965,USD,-1.83438155136267
2026-03-18,ABNB.OQ,131.13,1090606,USD,-0.621447517999237
2026-03-18,ABR.N,7.71,1184104,USD,-0.899742930591263
2026-03-18,ABT.N,108.49,2262095,USD,-2.00523891247403
2026-03-18,ACA.N,103.85,165323,USD,-1.32079057392626
2026-03-18,ACAD.OQ,20.32,956326,USD,-2.77511961722487
2026-03-18,ACGL.OQ,92.87,747251,USD,-1.62076271186441
2026-03-18,ACHC.OQ,23.2,933265,USD,-2.23345975558365
2026-03-18,ACHR.N,6.01,4401146,USD,-4.45151033386328
2026-03-18,ACI.N,17.28,1885595,USD,-1.98525241066363
2026-03-18,ACIW.OQ,39.13,320321,USD,-1.83140993477169
2026-03-18,ACLS.OQ,85.74,344225,USD,0.692894891368161
2026-03-18,ACLX.OQ,114.51,1155005,USD,-0.008732099196639
2026-03-18,ACM.N,90.15,496124,USD,0.322724237703101
2026-03-18,ACMR.OQ,46.6,287385,USD,-1.5631601182932
2026-03-18,ACN.N,195.15,2033832,USD,-1.76683781334944
2026-03-18,ACT.OQ,40.42,130155,USD,-1.14942528735632
2026-03-18,ACVA.N,4.64,1024384,USD,-7.20000000000001
2026-03-18,ADBE.OQ,246.0,2055425,USD,-3.2258064516129
2026-03-18,ADC.N,79.07,296282,USD,-1.21189405297353
2026-03-18,ADEA.OQ,23.23,610047,USD,-0.980392156862747
2026-03-18,ADI.OQ,308.59,1208375,USD,-1.61639992348404
2026-03-18,ADM.N,70.87,1690968,USD,-1.73322240709928
2026-03-18,ADMA.OQ,14.87,1479647,USD,-7.92569659442724
2026-03-18,ADNT.N,20.0,254001,USD,-1.81639666175749
2026-03-18,ADP.OQ,208.28,1216467,USD,-0.691365088447046
2026-03-18,ADPT.OQ,13.28,636116,USD,-0.821508588498889
2026-03-18,ADSK.OQ,248.48,964915,USD,-1.75549580895145
2026-03-18,ADT.N,6.54,3782602,USD,-2.38805970149254
2026-03-18,ADUS.OQ,101.55,72133,USD,0.029550827423169
2026-03-18,AEE.N,110.75,679959,USD,-1.31872048471888
2026-03-18,AEHR.OQ,36.31,392319,USD,-2.10299272040982
2026-03-18,AEIS.OQ,319.63,204962,USD,1.17755056819979
2026-03-18,AEO.N,17.25,1190409,USD,-1.59726183685112
2026-03-18,AEP.OQ,130.97,1742995,USD,-1.98323604250861
2026-03-18,AES.N,14.18,2680894,USD,-0.140845070422532
2026-03-18,AESI.N,13.53,832362,USD,-3.21888412017168
2026-03-18,AEVA.OQ,14.6,422205,USD,-6.82833439693682
2026-03-18,AFG.N,127.01,177368,USD,-1.22102970913051
2026-03-19,A.N,111.75,926576,USD,0.224215246636771
2026-03-19,AA.N,58.65,1571611,USD,-8.68752919196638
2026-03-19,AAL.OQ,10.8,8552455,USD,0.0
2026-03-19,AAOI.OQ,101.92,2826316,USD,10.0291482241175
2026-03-19,AAON.OQ,80.05,306252,USD,1.90961171228517
2026-03-19,AAP.N,48.34,631311,USD,-2.06645056726093
2026-03-19,AAPL.OQ,248.96,11700393,USD,-0.392094102584616
2026-03-19,ABAT.OQ,3.03,657632,USD,-1.62337662337663
2026-03-19,ABBV.N,206.23,1754951,USD,-1.01276759143708
2026-03-19,ABCB.N,74.63,176610,USD,0.796866558616949
2026-03-19,ABG.N,188.97,87185,USD,-0.253365003958823
2026-03-19,ABM.N,37.5,255996,USD,0.106780565936997
2026-03-19,ABNB.OQ,130.79,1241842,USD,-0.259284679325862
2026-03-19,ABR.N,7.83,869227,USD,1.55642023346304
2026-03-19,ABT.N,107.19,2632901,USD,-1.19826712139367
2026-03-19,ACA.N,102.17,96177,USD,-1.61771786230139
2026-03-19,ACAD.OQ,20.72,981179,USD,1.96850393700787
2026-03-19,ACGL.OQ,92.17,954083,USD,-0.753741789598366
2026-03-19,ACHC.OQ,22.96,799961,USD,-1.03448275862068
2026-03-19,ACHR.N,6.01,3736992,USD,0.0
2026-03-19,ACI.N,17.34,1732305,USD,0.347222222222215
2026-03-19,ACIW.OQ,39.68,328945,USD,1.40557117301303
2026-03-19,ACLS.OQ,87.12,170741,USD,1.60951714485655
2026-03-19,ACLX.OQ,114.33,649082,USD,-0.157191511658376
2026-03-19,ACM.N,90.32,388329,USD,0.188574597892388
2026-03-19,ACMR.OQ,46.6,337296,USD,0.0
2026-03-19,ACN.N,203.55,2194018,USD,4.30438124519601
2026-03-19,ACT.OQ,40.64,135447,USD,0.544285007422065
2026-03-19,ACVA.N,4.73,751260,USD,1.93965517241381
2026-03-19,ADBE.OQ,245.99,1314216,USD,-0.004065040650403
2026-03-19,ADC.N,78.67,343388,USD,-0.505880865056268
2026-03-19,ADEA.OQ,23.45,345557,USD,0.947051226861812
2026-03-19,ADI.OQ,310.44,1330542,USD,0.599500955960991
2026-03-19,ADM.N,68.64,1783740,USD,-3.14660646253704
2026-03-19,ADMA.OQ,15.02,1267376,USD,1.00874243443174
2026-03-19,ADNT.N,19.78,345856,USD,-1.09999999999999
2026-03-19,ADP.OQ,210.66,1211947,USD,1.1426925292875
2026-03-19,ADPT.OQ,13.5,461881,USD,1.6566265060241
2026-03-19,ADSK.OQ,247.65,1080965,USD,-0.334030907920148
2026-03-19,ADT.N,6.59,2496332,USD,0.764525993883789
2026-03-19,ADUS.OQ,100.02,94662,USD,-1.50664697193501
2026-03-19,AEE.N,109.56,748396,USD,-1.0744920993228
2026-03-19,AEHR.OQ,37.76,455393,USD,3.99339025061965
2026-03-19,AEIS.OQ,327.8,212917,USD,2.55608046804118
2026-03-19,AEO.N,17.5,1022342,USD,1.44927536231884
2026-03-19,AEP.OQ,128.72,2439097,USD,-1.71795067572727
2026-03-19,AES.N,14.15,2541170,USD,-0.211565585331448
2026-03-19,AESI.N,13.68,670425,USD,1.10864745011087
2026-03-19,AEVA.OQ,15.21,312059,USD,4.17808219178083
2026-03-19,AFG.N,124.47,237880,USD,-1.99984253208409
2026-03-20,A.N,111.3,2566171,USD,-0.402684563758392
2026-03-20,AA.N,56.45,3394134,USD,-3.75106564364876
2026-03-20,AAL.OQ,10.43,14404587,USD,-3.42592592592593
2026-03-20,AAOI.OQ,87.54,3917997,USD,-14.1091051805337
2026-03-20,AAON.OQ,80.01,512964,USD,-0.049968769519041
2026-03-20,AAP.N,47.04,1039788,USD,-2.68928423665702
2026-03-20,AAPL.OQ,247.99,45428435,USD,-0.389620822622108
2026-03-20,ABAT.OQ,2.9,2455237,USD,-4.29042904290429
2026-03-20,ABBV.N,205.07,19378632,USD,-0.562478785821654
2026-03-20,ABCB.N,74.49,762242,USD,-0.187592121130913
2026-03-20,ABG.N,185.08,244343,USD,-2.05852780864687
2026-03-20,ABM.N,37.39,1458524,USD,-0.293333333333332
2026-03-20,ABNB.OQ,128.52,3859104,USD,-1.73560669775975
2026-03-20,ABR.N,7.51,2941758,USD,-4.08684546615581
2026-03-20,ABT.N,105.46,26575712,USD,-1.61395652579532
2026-03-20,ACA.N,100.68,401633,USD,-1.45835372418518
2026-03-20,ACAD.OQ,20.74,1964284,USD,0.096525096525094
2026-03-20,ACGL.OQ,92.3,2450835,USD,0.141043723554297
2026-03-20,ACHC.OQ,22.73,2488990,USD,-1.00174216027875
2026-03-20,ACHR.N,5.76,12496414,USD,-4.15973377703827
2026-03-20,ACI.N,17.29,9339295,USD,-0.2883506343714
2026-03-20,ACIW.OQ,39.44,946512,USD,-0.604838709677424
2026-03-20,ACLS.OQ,84.43,593384,USD,-3.08769513314968
2026-03-20,ACLX.OQ,114.77,1565266,USD,0.384850870287762
2026-03-20,ACM.N,88.58,1718970,USD,-1.92648361381753
2026-03-20,ACMR.OQ,43.55,1359010,USD,-6.54506437768241
2026-03-20,ACN.N,199.99,14112372,USD,-1.74895603045935
2026-03-20,ACT.OQ,40.21,771075,USD,-1.05807086614173
2026-03-20,ACVA.N,4.71,2191724,USD,-0.422832980972526
2026-03-20,ADBE.OQ,248.15,4560175,USD,0.878084474978656
2026-03-20,ADC.N,76.15,1733697,USD,-3.20325409940256
2026-03-20,ADEA.OQ,23.21,1713014,USD,-1.02345415778251
2026-03-20,ADI.OQ,309.43,4465122,USD,-0.325344672078338
2026-03-20,ADM.N,66.17,10614634,USD,-3.59848484848485
2026-03-20,ADMA.OQ,14.32,6634524,USD,-4.66045272969374
2026-03-20,ADNT.N,19.58,1455034,USD,-1.01112234580386
2026-03-20,ADP.OQ,208.69,14053369,USD,-0.935156175828348
2026-03-20,ADPT.OQ,13.58,1253440,USD,0.592592592592593
2026-03-20,ADSK.OQ,247.99,2673221,USD,0.13729053099132
2026-03-20,ADT.N,6.51,9345020,USD,-1.21396054628225
2026-03-20,ADUS.OQ,99.28,207299,USD,-0.739852029594076
2026-03-20,AEE.N,106.06,2050544,USD,-3.19459656809054
2026-03-20,AEHR.OQ,34.52,654410,USD,-8.58050847457626
2026-03-20,AEIS.OQ,317.21,567776,USD,-3.23062843197072
2026-03-20,AEO.N,17.22,2663547,USD,-1.60000000000001
2026-03-20,AEP.OQ,125.66,4544654,USD,-2.37725295214419
2026-03-20,AES.N,14.1,6967429,USD,-0.353356890459369
2026-03-20,AESI.N,13.48,3159264,USD,-1.46198830409356
2026-03-20,AEVA.OQ,14.11,733202,USD,-7.23208415516109
2026-03-20,AFG.N,124.18,1214798,USD,-0.2329878685627
2026-03-23,A.N,112.02,698895,USD,0.646900269541778
2026-03-23,AA.N,56.08,1418459,USD,-0.655447298494251
2026-03-23,AAL.OQ,10.81,14749351,USD,3.64333652924258
2026-03-23,AAOI.OQ,95.76,2634117,USD,9.3899931459904
2026-03-23,AAON.OQ,80.29,265150,USD,0.349956255468068
2026-03-23,AAP.N,50.74,612505,USD,7.86564625850341
2026-03-23,AAPL.OQ,251.49,15582118,USD,1.41134723174322
2026-03-23,ABAT.OQ,2.9,755339,USD,0.0
2026-03-23,ABBV.N,204.93,1550008,USD,-0.068269371434138
2026-03-23,ABCB.N,75.76,169138,USD,1.7049268358169
2026-03-23,ABG.N,191.7,86305,USD,3.57683164037172
2026-03-23,ABM.N,38.23,301555,USD,2.24658999732548
2026-03-23,ABNB.OQ,132.59,1258226,USD,3.16682228446934
2026-03-23,ABR.N,7.58,1143936,USD,0.932090545938752
2026-03-23,ABT.N,104.85,1888532,USD,-0.578418357671154
2026-03-23,ACA.N,104.26,92630,USD,3.55582042113627
2026-03-23,ACAD.OQ,20.99,640886,USD,1.20540019286403
2026-03-23,ACGL.OQ,93.66,935933,USD,1.47345612134344
2026-03-23,ACHC.OQ,23.18,1590177,USD,1.97976242850858
2026-03-23,ACHR.N,5.89,4605192,USD,2.25694444444444
2026-03-23,ACI.N,17.13,2710103,USD,-0.92539039907461
2026-03-23,ACIW.OQ,40.89,399768,USD,3.6764705882353
2026-03-23,ACLS.OQ,85.77,198041,USD,1.58711358521851
2026-03-23,ACLX.OQ,114.6,624893,USD,-0.148122331619763
2026-03-23,ACM.N,90.06,417104,USD,1.67080605102732
2026-03-23,ACMR.OQ,44.83,319827,USD,2.93915040183697
2026-03-23,ACN.N,200.02,1314236,USD,0.015000750037502
2026-03-23,ACT.OQ,40.35,126404,USD,0.348172096493411
2026-03-23,ACVA.N,4.81,1171100,USD,2.12314225053078
2026-03-23,ADBE.OQ,247.64,1413934,USD,-0.20552085432199
2026-03-23,ADC.N,75.72,850159,USD,-0.564674983585038
2026-03-23,ADEA.OQ,24.49,481131,USD,5.51486428263678
2026-03-23,ADI.OQ,312.19,1450761,USD,0.891962640985034
2026-03-23,ADM.N,67.99,1167024,USD,2.75049115913555
2026-03-23,ADMA.OQ,13.59,1768945,USD,-5.09776536312849
2026-03-23,ADNT.N,20.5,452154,USD,4.69867211440246
2026-03-23,ADP.OQ,209.71,1748445,USD,0.488763237337683
2026-03-23,ADPT.OQ,13.66,588747,USD,0.589101620029456
2026-03-23,ADSK.OQ,247.44,1290548,USD,-0.221783136416796
2026-03-23,ADT.N,6.57,2649928,USD,0.921658986175123
2026-03-23,ADUS.OQ,99.78,121510,USD,0.503626107977438
2026-03-23,AEE.N,106.9,814247,USD,0.79200452574015
2026-03-23,AEHR.OQ,37.15,491241,USD,7.61877172653533
2026-03-23,AEIS.OQ,329.78,222291,USD,3.96267456889757
2026-03-23,AEO.N,16.87,2577435,USD,-2.03252032520324
2026-03-23,AEP.OQ,127.92,1609322,USD,1.79850389941111
2026-03-23,AES.N,14.08,2784246,USD,-0.141843971631203
2026-03-23,AESI.N,12.67,1056042,USD,-6.00890207715134
2026-03-23,AEVA.OQ,15.38,484283,USD,9.00070871722184
2026-03-23,AFG.N,127.32,298451,USD,2.5285875342245
2026-03-23,A.N,112.02,,USD,0.646900269541778
2026-03-23,AA.N,56.08,,USD,-0.655447298494251
2026-03-23,AAL.OQ,10.81,,USD,3.64333652924258
2026-03-23,AAOI.OQ,95.76,,USD,9.3899931459904
2026-03-23,AAON.OQ,80.29,,USD,0.349956255468068
2026-03-23,AAP.N,50.74,,USD,7.86564625850341
2026-03-23,AAPL.OQ,251.49,,USD,1.41134723174322
2026-03-23,ABAT.OQ,2.9,,USD,0.0
2026-03-23,ABBV.N,204.93,,USD,-0.068269371434138
2026-03-23,ABCB.N,75.76,,USD,1.7049268358169
2026-03-23,ABG.N,191.7,,USD,3.57683164037172
2026-03-23,ABM.N,38.23,,USD,2.24658999732548
2026-03-23,ABNB.OQ,132.59,,USD,3.16682228446934
2026-03-23,ABR.N,7.58,,USD,0.932090545938752
2026-03-23,ABT.N,104.85,,USD,-0.578418357671154
2026-03-23,ACA.N,104.26,,USD,3.55582042113627
2026-03-23,ACAD.OQ,20.99,,USD,1.20540019286403
2026-03-23,ACGL.OQ,93.66,,USD,1.47345612134344
2026-03-23,ACHC.OQ,23.18,,USD,1.97976242850858
2026-03-23,ACHR.N,5.89,,USD,2.25694444444444
2026-03-23,ACI.N,17.13,,USD,-0.92539039907461
2026-03-23,ACIW.OQ,40.89,,USD,3.6764705882353
2026-03-23,ACLS.OQ,85.77,,USD,1.58711358521851
2026-03-23,ACLX.OQ,114.6,,USD,-0.148122331619763
2026-03-23,ACM.N,90.06,,USD,1.67080605102732
2026-03-23,ACMR.OQ,44.83,,USD,2.93915040183697
2026-03-23,ACN.N,200.02,,USD,0.015000750037502
2026-03-23,ACT.OQ,40.35,,USD,0.348172096493411
2026-03-23,ACVA.N,4.81,,USD,2.12314225053078
2026-03-23,ADBE.OQ,247.64,,USD,-0.20552085432199
2026-03-23,ADC.N,75.72,,USD,-0.564674983585038
2026-03-23,ADEA.OQ,24.49,,USD,5.51486428263678
2026-03-23,ADI.OQ,312.19,,USD,0.891962640985034
2026-03-23,ADM.N,67.99,,USD,2.75049115913555
2026-03-23,ADMA.OQ,13.59,,USD,-5.09776536312849
2026-03-23,ADNT.N,20.5,,USD,4.69867211440246
2026-03-23,ADP.OQ,209.71,,USD,0.488763237337683
2026-03-23,ADPT.OQ,13.66,,USD,0.589101620029456
2026-03-23,ADSK.OQ,247.44,,USD,-0.221783136416796
2026-03-23,ADT.N,6.57,,USD,0.921658986175123
2026-03-23,ADUS.OQ,99.78,,USD,0.503626107977438
2026-03-23,AEE.N,106.9,,USD,0.79200452574015
2026-03-23,AEHR.OQ,37.15,,USD,7.61877172653533
2026-03-23,AEIS.OQ,329.78,,USD,3.96267456889757
2026-03-23,AEO.N,16.87,,USD,-2.03252032520324
2026-03-23,AEP.OQ,127.92,,USD,1.79850389941111
2026-03-23,AES.N,14.08,,USD,-0.141843971631203
2026-03-23,AESI.N,12.67,,USD,-6.00890207715134
2026-03-23,AEVA.OQ,15.38,,USD,9.00070871722184
2026-03-23,AFG.N,127.32,,USD,2.5285875342245
2026-03-24,A.N,,0,,
2026-03-24,AA.N,,0,,
2026-03-24,AAL.OQ,,0,,
2026-03-24,AAOI.OQ,,0,,
2026-03-24,AAON.OQ,,0,,
2026-03-24,AAP.N,,0,,
2026-03-24,AAPL.OQ,,0,,
2026-03-24,ABAT.OQ,,0,,
2026-03-24,ABBV.N,,0,,
2026-03-24,ABCB.N,,0,,
2026-03-24,ABG.N,,0,,
2026-03-24,ABM.N,,0,,
2026-03-24,ABNB.OQ,,0,,
2026-03-24,ABR.N,,0,,
2026-03-24,ABT.N,,0,,
2026-03-24,ACA.N,,0,,
2026-03-24,ACAD.OQ,,0,,
2026-03-24,ACGL.OQ,,0,,
2026-03-24,ACHC.OQ,,0,,
2026-03-24,ACHR.N,,0,,
2026-03-24,ACI.N,,0,,
2026-03-24,ACIW.OQ,,0,,
2026-03-24,ACLS.OQ,,0,,
2026-03-24,ACLX.OQ,,0,,
2026-03-24,ACM.N,,0,,
2026-03-24,ACMR.OQ,,0,,
2026-03-24,ACN.N,,0,,
2026-03-24,ACT.OQ,,0,,
2026-03-24,ACVA.N,,0,,
2026-03-24,ADBE.OQ,,0,,
2026-03-24,ADC.N,,0,,
2026-03-24,ADEA.OQ,,0,,
2026-03-24,ADI.OQ,,0,,
2026-03-24,ADM.N,,0,,
2026-03-24,ADMA.OQ,,0,,
2026-03-24,ADNT.N,,0,,
2026-03-24,ADP.OQ,,0,,
2026-03-24,ADPT.OQ,,0,,
2026-03-24,ADSK.OQ,,0,,
2026-03-24,ADT.N,,0,,
2026-03-24,ADUS.OQ,,0,,
2026-03-24,AEE.N,,0,,
2026-03-24,AEHR.OQ,,0,,
2026-03-24,AEIS.OQ,,0,,
2026-03-24,AEO.N,,0,,
2026-03-24,AEP.OQ,,0,,
2026-03-24,AES.N,,0,,
2026-03-24,AESI.N,,0,,
2026-03-24,AEVA.OQ,,0,,
2026-03-24,AFG.N,,0,,
2026-02-12,AFL.N,115.88,987130,USD,-0.318279569892477
2026-02-12,AFRM.OQ,49.76,3753619,USD,-11.9915104350902
2026-02-12,AGCO.N,138.93,401461,USD,0.332201920993723
2026-02-12,AGIO.OQ,28.07,461257,USD,1.29916997473836
2026-02-12,AGNC.OQ,11.38,3910720,USD,-0.437445319335074
2026-02-12,AGO.N,86.9,101662,USD,0.265374408676594
2026-02-12,AGX.N,413.65,136198,USD,-2.09467455621302
2026-02-12,AGYS.OQ,80.87,111420,USD,-5.51466292791214
2026-02-12,AHR.N,51.7,991366,USD,0.329904909761307
2026-02-12,AI.N,10.38,1762617,USD,-4.24354243542435
2026-02-12,AIG.N,78.8,1598843,USD,0.458949515553288
2026-02-12,AIN.N,57.28,99688,USD,-2.56846402449396
2026-02-12,AIR.N,113.22,70058,USD,-0.308179977106625
2026-02-12,AIT.N,279.03,110479,USD,-3.8855017050739
2026-02-12,AIZ.N,214.48,222568,USD,-0.708300541641591
2026-02-12,AJG.N,204.79,1093285,USD,-0.253275534557503
2026-02-12,AKAM.OQ,104.61,2469786,USD,10.3481012658228
2026-02-12,AKR.N,20.21,584665,USD,-1.60662122687438
2026-02-12,AL.N,64.66,677615,USD,-0.061823802163843
2026-02-12,ALAB.OQ,126.58,3540709,USD,-11.9198385637743
2026-02-12,ALB.N,158.93,978610,USD,-9.40546086758251
2026-02-12,ALG.N,209.2,28079,USD,-0.504137734233807
2026-02-12,ALGM.OQ,41.83,768804,USD,-2.28918476991358
2026-02-12,ALGN.OQ,183.86,601386,USD,-6.91104247886182
2026-02-12,ALGT.OQ,109.28,230273,USD,-0.045733101618949
2026-02-12,ALH.N,23.44,146084,USD,-2.93995859213249
2026-02-12,ALHC.OQ,20.05,913531,USD,-1.66748406081412
2026-02-12,ALIT.N,1.34,2215971,USD,-5.6338028169014
2026-02-12,ALK.N,55.69,718083,USD,-3.14782608695653
2026-02-12,ALKS.OQ,33.29,665418,USD,-4.64050415353766
2026-02-12,ALKT.OQ,15.96,567358,USD,-5.33807829181494
2026-02-12,ALL.N,206.56,466700,USD,0.893860206125147
2026-02-12,ALLE.N,178.2,262503,USD,-0.66335916160321
2026-02-12,ALLY.N,40.83,1302489,USD,-2.03934740882918
2026-02-12,ALMS.OQ,26.8,384981,USD,4.56496293406165
2026-02-12,ALNY.OQ,308.48,878943,USD,-4.28199081543998
2026-02-12,ALRM.OQ,45.62,175301,USD,-1.76571920757967
2026-02-12,ALSN.N,115.75,295857,USD,-0.601116358952342
2026-02-12,AM.N,20.91,1417055,USD,2.29941291585127
2026-02-12,AMAT.OQ,328.39,4019530,USD,-3.38060491938331
2026-02-12,AMBA.OQ,65.92,294676,USD,-1.42066696575445
2026-02-12,AMC.N,1.22,2310543,USD,-3.93700787401575
2026-02-12,AMCR.N,49.74,2779500,USD,-0.698742263924938
2026-02-12,AMD.OQ,205.94,8442766,USD,-3.57711396198147
2026-02-12,AME.N,228.69,496482,USD,-2.80504908835904
2026-02-12,AMG.N,328.95,196541,USD,6.77074880716674
2026-02-12,AMGN.OQ,366.2,1029931,USD,-0.103660865295432
2026-02-12,AMH.N,31.47,906437,USD,-0.850661625708883
2026-02-12,AMKR.OQ,51.59,2350266,USD,-8.15381876446501
2026-02-12,AMLX.OQ,14.07,244668,USD,-1.95121951219512
2026-02-13,AFL.N,114.91,941716,USD,-0.837072833966171
2026-02-13,AFRM.OQ,49.81,2987039,USD,0.100482315112549
2026-02-13,AGCO.N,140.49,205243,USD,1.33160584466998
2026-02-13,AGIO.OQ,27.96,255854,USD,-0.391877449234056
2026-02-13,AGNC.OQ,11.36,3824779,USD,-0.175746924428834
2026-02-13,AGO.N,86.34,72909,USD,-0.644418872266976
2026-02-13,AGX.N,409.95,66359,USD,-0.894476006285504
2026-02-13,AGYS.OQ,81.5,85562,USD,0.779028069741555
2026-02-13,AHR.N,51.8,727597,USD,0.193423597678906
2026-02-13,AI.N,10.78,1658181,USD,3.85356454720615
2026-02-13,AIG.N,78.27,1107180,USD,-0.672588832487311
2026-02-13,AIN.N,57.88,68749,USD,1.04748603351956
2026-02-13,AIR.N,112.98,148009,USD,-0.211976682564913
2026-02-13,AIT.N,279.84,79006,USD,0.473067412106226
2026-02-13,AIZ.N,217.48,212533,USD,1.39873181648639
2026-02-13,AJG.N,208.45,722429,USD,1.78719664046096
2026-02-13,AKAM.OQ,111.76,2009554,USD,6.83491062039958
2026-02-13,AKR.N,20.59,517656,USD,1.88025729836714
2026-02-13,AL.N,64.73,514987,USD,0.108258583359121
2026-02-13,ALAB.OQ,129.32,2120604,USD,2.16463896350134
2026-02-13,ALB.N,166.35,726299,USD,4.66872207890265
2026-02-13,ALG.N,210.84,14066,USD,0.783938814531556
2026-02-13,ALGM.OQ,42.38,555121,USD,1.31484580444658
2026-02-13,ALGN.OQ,186.77,516427,USD,1.58272598716414
2026-02-13,ALGT.OQ,111.3,127021,USD,1.84846266471449
2026-02-13,ALH.N,23.38,144643,USD,-0.255972696245743
2026-02-13,ALHC.OQ,20.19,635690,USD,0.698254364089778
2026-02-13,ALIT.N,1.3,3647288,USD,-2.98507462686567
2026-02-13,ALK.N,55.27,1262740,USD,-0.754174896749856
2026-02-13,ALKS.OQ,33.16,458672,USD,-0.390507659957953
2026-02-13,ALKT.OQ,16.27,584499,USD,1.9423558897243
2026-02-13,ALL.N,207.51,436877,USD,0.45991479473276
2026-02-13,ALLE.N,179.5,299667,USD,0.729517396184069
2026-02-13,ALLY.N,40.8,759080,USD,-0.073475385745778
2026-02-13,ALMS.OQ,26.54,269407,USD,-0.970149253731349
2026-02-13,ALNY.OQ,314.4,460674,USD,1.91908713692945
2026-02-13,ALRM.OQ,46.38,148887,USD,1.66593599298554
2026-02-13,ALSN.N,117.79,268981,USD,1.76241900647949
2026-02-13,AM.N,21.45,1232972,USD,2.58249641319942
2026-02-13,AMAT.OQ,354.91,4742826,USD,8.07576357379946
2026-02-13,AMBA.OQ,66.21,165993,USD,0.439927184466007
2026-02-13,AMC.N,1.23,3217397,USD,0.819672131147542
2026-02-13,AMCR.N,50.09,1874109,USD,0.703659026940091
2026-02-13,AMD.OQ,207.32,6508618,USD,0.670098086821402
2026-02-13,AME.N,229.76,455492,USD,0.467882286064101
2026-02-13,AMG.N,329.79,99197,USD,0.255357957136353
2026-02-13,AMGN.OQ,369.19,996986,USD,1.50464227198253
2026-02-13,AMH.N,31.62,1052035,USD,0.476644423260255
2026-02-13,AMKR.OQ,47.48,3969999,USD,-7.96666020546619
2026-02-13,AMLX.OQ,14.12,236458,USD,0.35536602700781
2026-02-17,AFL.N,115.42,956557,USD,0.443825602645553
2026-02-17,AFRM.OQ,51.6,2216121,USD,3.59365589239108
2026-02-17,AGCO.N,138.5,447169,USD,-1.41647092319739
2026-02-17,AGIO.OQ,27.82,301193,USD,-0.500715307582262
2026-02-17,AGNC.OQ,11.3,2866479,USD,-0.528169014084496
2026-02-17,AGO.N,87.63,101255,USD,1.49409312022237
2026-02-17,AGX.N,406.88,61317,USD,-0.748871813635808
2026-02-17,AGYS.OQ,80.19,120823,USD,-1.60736196319019
2026-02-17,AHR.N,53.0,778346,USD,2.31660231660232
2026-02-17,AI.N,10.4,1428218,USD,-3.52504638218923
2026-02-17,AIG.N,79.4,950686,USD,1.44372045483584
2026-02-17,AIN.N,57.5,101856,USD,-0.656530753282658
2026-02-17,AIR.N,113.54,70642,USD,0.49566294919455
2026-02-17,AIT.N,278.31,60840,USD,-0.546740994854193
2026-02-17,AIZ.N,221.04,172577,USD,2.04156704064742
2026-02-17,AJG.N,214.0,702375,USD,2.66250899496283
2026-02-17,AKAM.OQ,108.42,1204864,USD,-2.98854688618468
2026-02-17,AKR.N,20.54,349196,USD,-0.242836328314719
2026-02-17,AL.N,64.74,722426,USD,0.015448787270185
2026-02-17,ALAB.OQ,123.69,1826566,USD,-4.35354160222703
2026-02-17,ALB.N,168.92,497688,USD,1.54493537721671
2026-02-17,ALG.N,208.9,20937,USD,-0.920129007778409
2026-02-17,ALGM.OQ,41.69,697365,USD,-1.62812647475225
2026-02-17,ALGN.OQ,187.22,531037,USD,0.240938052149697
2026-02-17,ALGT.OQ,114.04,130849,USD,2.46181491464511
2026-02-17,ALH.N,23.34,130460,USD,-0.171086398631305
2026-02-17,ALHC.OQ,20.59,957235,USD,1.98117880138682
2026-02-17,ALIT.N,1.29,2503996,USD,-0.76923076923077
2026-02-17,ALK.N,57.08,582605,USD,3.2748326397684
2026-02-17,ALKS.OQ,32.9,801973,USD,-0.784077201447521
2026-02-17,ALKT.OQ,16.28,806850,USD,0.061462814996936
2026-02-17,ALL.N,212.32,641904,USD,2.317960580213
2026-02-17,ALLE.N,162.67,530608,USD,-9.37604456824513
2026-02-17,ALLY.N,41.29,1293252,USD,1.20098039215687
2026-02-17,ALMS.OQ,26.58,317136,USD,0.150715900527502
2026-02-17,ALNY.OQ,332.61,554079,USD,5.79198473282444
2026-02-17,ALRM.OQ,45.41,143688,USD,-2.09141871496336
2026-02-17,ALSN.N,117.46,177744,USD,-0.280159606078625
2026-02-17,AM.N,21.45,1110291,USD,0.0
2026-02-17,AMAT.OQ,359.13,3016500,USD,1.18903383956495
2026-02-17,AMBA.OQ,65.79,129041,USD,-0.634345265065681
2026-02-17,AMC.N,1.25,3004720,USD,1.6260162601626
2026-02-17,AMCR.N,49.56,1814314,USD,-1.05809542822919
2026-02-17,AMD.OQ,203.08,8988145,USD,-2.04514759791626
2026-02-17,AME.N,233.33,309570,USD,1.55379526462397
2026-02-17,AMG.N,323.01,124776,USD,-2.0558537250978
2026-02-17,AMGN.OQ,373.36,774908,USD,1.1294997155936
2026-02-17,AMH.N,31.5,769344,USD,-0.379506641366227
2026-02-17,AMKR.OQ,46.84,2476428,USD,-1.34793597304127
2026-02-17,AMLX.OQ,14.13,246843,USD,0.070821529745054
2026-02-18,AFL.N,113.62,827850,USD,-1.03101715473921
2026-02-18,AFRM.OQ,51.7,1937260,USD,0.193798449612406
2026-02-18,AGCO.N,137.86,274307,USD,-0.462093862815875
2026-02-18,AGIO.OQ,27.56,274885,USD,-0.934579439252342
2026-02-18,AGNC.OQ,11.31,2756670,USD,0.088495575221237
2026-02-18,AGO.N,86.93,87402,USD,-0.798813191829269
2026-02-18,AGX.N,414.12,51846,USD,1.77939441604404
2026-02-18,AGYS.OQ,79.79,187929,USD,-0.498815313630118
2026-02-18,AHR.N,52.27,635833,USD,-1.37735849056603
2026-02-18,AI.N,10.6,1033694,USD,1.92307692307692
2026-02-18,AIG.N,79.79,940449,USD,0.4911838790932
2026-02-18,AIN.N,58.66,74698,USD,2.01739130434782
2026-02-18,AIR.N,114.63,91000,USD,0.960014091949964
2026-02-18,AIT.N,279.27,70037,USD,0.344939096690733
2026-02-18,AIZ.N,219.7,153609,USD,-0.606225117625771
2026-02-18,AJG.N,214.49,454767,USD,0.228971962616827
2026-02-18,AKAM.OQ,109.31,1056951,USD,0.820881756133555
2026-02-18,AKR.N,20.28,340971,USD,-1.26582278481012
2026-02-18,AL.N,64.79,435409,USD,0.077232004942866
2026-02-18,ALAB.OQ,129.58,1320023,USD,4.76190476190477
2026-02-18,ALB.N,171.22,685667,USD,1.36159128581578
2026-02-18,ALG.N,203.01,37792,USD,-2.81953087601724
2026-02-18,ALGM.OQ,38.59,1317706,USD,-7.43583593187813
2026-02-18,ALGN.OQ,190.82,283709,USD,1.92287148808888
2026-02-18,ALGT.OQ,109.76,149012,USD,-3.75306909856191
2026-02-18,ALH.N,23.83,138558,USD,2.0994001713796
2026-02-18,ALHC.OQ,20.51,800942,USD,-0.388538125303537
2026-02-18,ALIT.N,1.31,3146746,USD,1.55038759689923
2026-02-18,ALK.N,55.84,845890,USD,-2.17238962859144
2026-02-18,ALKS.OQ,32.02,641684,USD,-2.67477203647415
2026-02-18,ALKT.OQ,16.8,621729,USD,3.19410319410319
2026-02-18,ALL.N,209.43,561831,USD,-1.36115297663903
2026-02-18,ALLE.N,162.59,312759,USD,-0.04917932009589
2026-02-18,ALLY.N,42.1,1004457,USD,1.96173407604748
2026-02-18,ALMS.OQ,27.51,230217,USD,3.49887133182845
2026-02-18,ALNY.OQ,332.68,413192,USD,0.021045669101949
2026-02-18,ALRM.OQ,45.21,180486,USD,-0.440431622990521
2026-02-18,ALSN.N,116.97,199546,USD,-0.417163289630508
2026-02-18,AM.N,20.97,938038,USD,-2.23776223776224
2026-02-18,AMAT.OQ,369.3,3163612,USD,2.83184362208671
2026-02-18,AMBA.OQ,65.86,186614,USD,0.106399148806799
2026-02-18,AMC.N,1.24,2285940,USD,-0.800000000000001
2026-02-18,AMCR.N,49.59,1703881,USD,0.060532687651334
2026-02-18,AMD.OQ,200.12,9050698,USD,-1.45755367342919
2026-02-18,AME.N,234.31,351804,USD,0.420006000085711
2026-02-18,AMG.N,330.75,140849,USD,2.39621064363333
2026-02-18,AMGN.OQ,379.73,1277641,USD,1.70612813370474
2026-02-18,AMH.N,31.36,850524,USD,-0.444444444444446
2026-02-18,AMKR.OQ,46.74,2059487,USD,-0.213492741246801
2026-02-18,AMLX.OQ,14.1,210691,USD,-0.212314225053087
2026-02-19,AFL.N,112.76,594764,USD,-0.756908994895264
2026-02-19,AFRM.OQ,51.82,2093707,USD,0.232108317214695
2026-02-19,AGCO.N,138.52,322851,USD,0.478746554475552
2026-02-19,AGIO.OQ,28.58,245187,USD,3.70101596516691
2026-02-19,AGNC.OQ,11.32,2986639,USD,0.088417329796638
2026-02-19,AGO.N,86.73,65161,USD,-0.230070171402281
2026-02-19,AGX.N,432.18,60506,USD,4.36105476673428
2026-02-19,AGYS.OQ,78.6,107368,USD,-1.49141496428125
2026-02-19,AHR.N,52.17,615772,USD,-0.191314329443278
2026-02-19,AI.N,10.7,884819,USD,0.943396226415091
2026-02-19,AIG.N,79.54,1033814,USD,-0.313322471487655
2026-02-19,AIN.N,59.46,88400,USD,1.363791339925
2026-02-19,AIR.N,115.55,82349,USD,0.802582221059061
2026-02-19,AIT.N,281.13,62073,USD,0.66602212912236
2026-02-19,AIZ.N,222.92,151113,USD,1.46563495675922
2026-02-19,AJG.N,218.37,613535,USD,1.80894214182479
2026-02-19,AKAM.OQ,109.59,2177233,USD,0.256152227609552
2026-02-19,AKR.N,20.0,303671,USD,-1.38067061143985
2026-02-19,AL.N,64.79,504526,USD,0.0
2026-02-19,ALAB.OQ,132.62,894353,USD,2.34604105571847
2026-02-19,ALB.N,168.41,448594,USD,-1.64116341548885
2026-02-19,ALG.N,210.28,24674,USD,3.58110437909463
2026-02-19,ALGM.OQ,36.26,1402809,USD,-6.03783363565692
2026-02-19,ALGN.OQ,189.4,333875,USD,-0.744156796981442
2026-02-19,ALGT.OQ,104.18,139123,USD,-5.08381924198251
2026-02-19,ALH.N,23.95,88715,USD,0.503566932438107
2026-02-19,ALHC.OQ,20.84,746860,USD,1.6089712335446
2026-02-19,ALIT.N,0.8095,12976760,USD,-38.206106870229
2026-02-19,ALK.N,52.13,738824,USD,-6.64398280802292
2026-02-19,ALKS.OQ,32.0,557687,USD,-0.062460961898823
2026-02-19,ALKT.OQ,16.67,446308,USD,-0.773809523809518
2026-02-19,ALL.N,203.22,427121,USD,-2.96519123334766
2026-02-19,ALLE.N,161.23,322020,USD,-0.8364598068762
2026-02-19,ALLY.N,41.9,797279,USD,-0.47505938242281
2026-02-19,ALMS.OQ,29.205,657690,USD,6.16139585605233
2026-02-19,ALNY.OQ,339.37,412791,USD,2.01094144523266
2026-02-19,ALRM.OQ,45.2,206750,USD,-0.022119000221186
2026-02-19,ALSN.N,117.78,205678,USD,0.692485252628881
2026-02-19,AM.N,21.1,1043450,USD,0.619933237959001
2026-02-19,AMAT.OQ,369.83,2863267,USD,0.268074735986995
2026-02-19,AMBA.OQ,66.23,164417,USD,0.561797752808996
2026-02-19,AMC.N,1.22,1798648,USD,-1.61290322580645
2026-02-19,AMCR.N,49.53,1490754,USD,-0.120992135511196
2026-02-19,AMD.OQ,203.37,5823151,USD,1.62402558464921
2026-02-19,AME.N,232.75,281893,USD,-0.66578464427468
2026-02-19,AMG.N,322.23,93970,USD,-2.57596371882086
2026-02-19,AMGN.OQ,375.5,913714,USD,-1.11394938508941
2026-02-19,AMH.N,30.87,1104745,USD,-1.56249999999999
2026-02-19,AMKR.OQ,48.34,1805327,USD,3.42319212665811
2026-02-19,AMLX.OQ,14.02,309824,USD,-0.567375886524823
2026-02-20,AFL.N,114.03,866014,USD,1.12628591699184
2026-02-20,AFRM.OQ,51.09,1715291,USD,-1.40872250096487
2026-02-20,AGCO.N,137.75,217269,USD,-0.555876407738962
2026-02-20,AGIO.OQ,29.25,485708,USD,2.34429671098671
2026-02-20,AGNC.OQ,11.45,15430423,USD,1.14840989399292
2026-02-20,AGO.N,88.39,64658,USD,1.91398593335639
2026-02-20,AGX.N,437.61,76546,USD,1.25642093572123
2026-02-20,AGYS.OQ,78.64,123300,USD,0.050890585241738
2026-02-20,AHR.N,51.93,896102,USD,-0.460034502587698
2026-02-20,AI.N,10.38,1102013,USD,-2.99065420560746
2026-02-20,AIG.N,80.44,2244239,USD,1.13150616042242
2026-02-20,AIN.N,59.44,57383,USD,-0.033636057854025
2026-02-20,AIR.N,116.97,105532,USD,1.22890523582865
2026-02-20,AIT.N,281.97,52059,USD,0.298794152171605
2026-02-20,AIZ.N,224.31,158929,USD,0.623542077875478
2026-02-20,AJG.N,216.51,579780,USD,-0.851765352383575
2026-02-20,AKAM.OQ,94.17,4104347,USD,-14.0706268820148
2026-02-20,AKR.N,20.28,444846,USD,1.40000000000001
2026-02-20,AL.N,64.91,944539,USD,0.185213767556707
2026-02-20,ALAB.OQ,129.68,999072,USD,-2.21686020208113
2026-02-20,ALB.N,168.42,581166,USD,0.005937889674004
2026-02-20,ALG.N,213.46,21433,USD,1.51226935514552
2026-02-20,ALGM.OQ,38.93,1059813,USD,7.36348593491451
2026-02-20,ALGN.OQ,190.02,395970,USD,0.327349524815208
2026-02-20,ALGT.OQ,107.62,116694,USD,3.30197734689959
2026-02-20,ALH.N,23.65,166681,USD,-1.25260960334029
2026-02-20,ALHC.OQ,20.6,742192,USD,-1.15163147792706
2026-02-20,ALIT.N,0.7539,6539930,USD,-6.86843730697962
2026-02-20,ALK.N,52.58,766226,USD,0.863226549012077
2026-02-20,ALKS.OQ,31.91,936382,USD,-0.28125
2026-02-20,ALKT.OQ,17.03,499131,USD,2.15956808638272
2026-02-20,ALL.N,206.37,473184,USD,1.55004428697963
2026-02-20,ALLE.N,162.14,267595,USD,0.564411089747564
2026-02-20,ALLY.N,42.12,958286,USD,0.525059665871119
2026-02-20,ALMS.OQ,27.97,366824,USD,-4.22872795754152
2026-02-20,ALNY.OQ,336.19,554686,USD,-0.937030379821436
2026-02-20,ALRM.OQ,45.59,272916,USD,0.862831858407081
2026-02-20,ALSN.N,118.85,298295,USD,0.908473425029711
2026-02-20,AM.N,21.63,1772155,USD,2.51184834123222
2026-02-20,AMAT.OQ,375.38,2966028,USD,1.50068950598924
2026-02-20,AMBA.OQ,68.01,310038,USD,2.68760380492224
2026-02-20,AMC.N,1.2,2204531,USD,-1.63934426229508
2026-02-20,AMCR.N,50.49,2753675,USD,1.93821926105391
2026-02-20,AMD.OQ,200.15,8198945,USD,-1.58332104046811
2026-02-20,AME.N,233.51,767812,USD,0.326530612244894
2026-02-20,AMG.N,287.69,209884,USD,-10.7190516090991
2026-02-20,AMGN.OQ,374.75,1032019,USD,-0.199733688415446
2026-02-20,AMH.N,29.52,1948560,USD,-4.3731778425656
2026-02-20,AMKR.OQ,47.94,1154814,USD,-0.827472072817554
2026-02-20,AMLX.OQ,14.01,317968,USD,-0.071326676176889
2026-02-23,AFL.N,112.35,734375,USD,-1.47329650092082
2026-02-23,AFRM.OQ,47.13,2198812,USD,-7.75102759835585
2026-02-23,AGCO.N,135.15,212414,USD,-1.88747731397459
2026-02-23,AGIO.OQ,30.2,408170,USD,3.24786324786325
2026-02-23,AGNC.OQ,11.27,3895065,USD,-1.57205240174672
2026-02-23,AGO.N,85.11,124139,USD,-3.71082701663084
2026-02-23,AGX.N,441.71,55819,USD,0.936907291880891
2026-02-23,AGYS.OQ,71.8,197540,USD,-8.69786368260428
2026-02-23,AHR.N,52.71,794386,USD,1.50202195262854
2026-02-23,AI.N,9.79,1525464,USD,-5.68400770712911
2026-02-23,AIG.N,79.98,1160880,USD,-0.57185479860765
2026-02-23,AIN.N,57.96,135574,USD,-2.48990578734858
2026-02-23,AIR.N,116.69,106942,USD,-0.2393776181927
2026-02-23,AIT.N,278.74,137316,USD,-1.14551193389368
2026-02-23,AIZ.N,218.42,124515,USD,-2.62583032410504
2026-02-23,AJG.N,214.33,512619,USD,-1.00688189921943
2026-02-23,AKAM.OQ,98.755,2482787,USD,4.86885419985133
2026-02-23,AKR.N,20.56,401105,USD,1.38067061143983
2026-02-23,AL.N,64.95,373004,USD,0.061623786781707
2026-02-23,ALAB.OQ,128.24,1002724,USD,-1.11042566317088
2026-02-23,ALB.N,177.52,626632,USD,5.40315876974232
2026-02-23,ALG.N,211.18,36328,USD,-1.06811580624005
2026-02-23,ALGM.OQ,38.48,733716,USD,-1.1559208836373
2026-02-23,ALGN.OQ,181.26,418834,USD,-4.61004104831071
2026-02-23,ALGT.OQ,103.69,162815,USD,-3.65173759524253
2026-02-23,ALH.N,22.94,96144,USD,-3.00211416490485
2026-02-23,ALHC.OQ,19.9,633836,USD,-3.3980582524272
2026-02-23,ALIT.N,0.7192,3650185,USD,-4.60273245788567
2026-02-23,ALK.N,50.63,685867,USD,-3.70863446177253
2026-02-23,ALKS.OQ,32.19,691886,USD,0.877467878408015
2026-02-23,ALKT.OQ,15.48,792059,USD,-9.1015854374633
2026-02-23,ALL.N,206.16,486034,USD,-0.101758976595439
2026-02-23,ALLE.N,158.67,237764,USD,-2.14012581719502
2026-02-23,ALLY.N,39.97,970259,USD,-5.10446343779677
2026-02-23,ALMS.OQ,27.65,338878,USD,-1.14408294601359
2026-02-23,ALNY.OQ,329.35,307139,USD,-2.03456378833397
2026-02-23,ALRM.OQ,44.24,236371,USD,-2.96117569642466
2026-02-23,ALSN.N,116.84,297294,USD,-1.69120740429112
2026-02-23,AM.N,21.7,765631,USD,0.323624595469257
2026-02-23,AMAT.OQ,373.55,2632465,USD,-0.487505993926151
2026-02-23,AMBA.OQ,67.13,292763,USD,-1.29392736362301
2026-02-23,AMC.N,1.15,2083872,USD,-4.16666666666667
2026-02-23,AMCR.N,50.58,1484054,USD,0.178253119429583
2026-02-23,AMD.OQ,196.6,7031970,USD,-1.77366974768924
2026-02-23,AME.N,231.45,394612,USD,-0.882189199606014
2026-02-23,AMG.N,291.29,92340,USD,1.25482289964894
2026-02-23,AMGN.OQ,379.42,981587,USD,1.24616410940628
2026-02-23,AMH.N,29.42,1257476,USD,-0.338753387533868
2026-02-23,AMKR.OQ,47.07,1108466,USD,-1.81476846057571
2026-02-23,AMLX.OQ,13.9,278792,USD,-0.785153461812987
2026-02-24,AFL.N,112.46,640161,USD,0.097908322207387
2026-02-24,AFRM.OQ,47.87,1882979,USD,1.57012518565668
2026-02-24,AGCO.N,135.94,324765,USD,0.584535701072876
2026-02-24,AGIO.OQ,30.39,361401,USD,0.629139072847686
2026-02-24,AGNC.OQ,11.31,3146895,USD,0.354924578527071
2026-02-24,AGO.N,85.57,68798,USD,0.540477029726229
2026-02-24,AGX.N,447.6,40372,USD,1.33345407620385
2026-02-24,AGYS.OQ,71.97,146719,USD,0.236768802228415
2026-02-24,AHR.N,52.5,861810,USD,-0.398406374501994
2026-02-24,AI.N,10.12,1274727,USD,3.37078651685393
2026-02-24,AIG.N,79.84,815853,USD,-0.175043760940236
2026-02-24,AIN.N,54.83,221794,USD,-5.40027605244997
2026-02-24,AIR.N,118.26,104068,USD,1.34544519667496
2026-02-24,AIT.N,282.27,65894,USD,1.26641314486617
2026-02-24,AIZ.N,222.85,106840,USD,2.02820254555444
2026-02-24,AJG.N,215.98,529495,USD,0.769840899547416
2026-02-24,AKAM.OQ,100.13,1579068,USD,1.39233456533846
2026-02-24,AKR.N,20.48,352358,USD,-0.38910505836575
2026-02-24,AL.N,64.88,310824,USD,-0.10777521170132
2026-02-24,ALAB.OQ,128.4,926538,USD,0.12476606363069
2026-02-24,ALB.N,186.83,617318,USD,5.24447949526814
2026-02-24,ALG.N,215.15,32277,USD,1.87991287053698
2026-02-24,ALGM.OQ,39.04,767536,USD,1.45530145530146
2026-02-24,ALGN.OQ,185.53,627161,USD,2.35573209753945
2026-02-24,ALGT.OQ,103.69,120393,USD,0.0
2026-02-24,ALH.N,23.11,112118,USD,0.741063644289443
2026-02-24,ALHC.OQ,19.6,1017669,USD,-1.5075376884422
2026-02-24,ALIT.N,0.7681,4937448,USD,6.79922135706341
2026-02-24,ALK.N,52.51,1033554,USD,3.7132135097768
2026-02-24,ALKS.OQ,33.39,839399,USD,3.72786579683132
2026-02-24,ALKT.OQ,15.6,772417,USD,0.775193798449607
2026-02-24,ALL.N,209.82,437260,USD,1.77532013969732
2026-02-24,ALLE.N,158.86,254992,USD,0.119745383500363
2026-02-24,ALLY.N,40.51,1137848,USD,1.35101325994496
2026-02-24,ALMS.OQ,28.08,312970,USD,1.55515370705244
2026-02-24,ALNY.OQ,332.85,279681,USD,1.06269925611052
2026-02-24,ALRM.OQ,45.47,202003,USD,2.78028933092224
2026-02-24,ALSN.N,121.99,525713,USD,4.40773707634371
2026-02-24,AM.N,22.12,1039022,USD,1.93548387096775
2026-02-24,AMAT.OQ,377.93,2160653,USD,1.17253379734975
2026-02-24,AMBA.OQ,71.21,218088,USD,6.07775957098168
2026-02-24,AMC.N,1.17,1871649,USD,1.73913043478261
2026-02-24,AMCR.N,50.18,1541810,USD,-0.790826413602212
2026-02-24,AMD.OQ,213.84,20459453,USD,8.76907426246186
2026-02-24,AME.N,236.84,327511,USD,2.32879671635343
2026-02-24,AMG.N,302.14,113464,USD,3.72481032647875
2026-02-24,AMGN.OQ,382.87,918692,USD,0.909282589215115
2026-02-24,AMH.N,29.86,1735247,USD,1.49558123725356
2026-02-24,AMKR.OQ,48.53,1443744,USD,3.10176333120884
2026-02-24,AMLX.OQ,14.71,319274,USD,5.82733812949641
2026-02-25,AFL.N,112.44,621220,USD,-0.01778410101369
2026-02-25,AFRM.OQ,47.98,2579352,USD,0.229789011907248
2026-02-25,AGCO.N,133.92,149437,USD,-1.48594968368399
2026-02-25,AGIO.OQ,29.96,227406,USD,-1.41493912471208
2026-02-25,AGNC.OQ,11.29,3234825,USD,-0.176834659593292
2026-02-25,AGO.N,86.24,70295,USD,0.782984690896344
2026-02-25,AGX.N,442.34,42033,USD,-1.17515638963361
2026-02-25,AGYS.OQ,71.0,143528,USD,-1.34778379880506
2026-02-25,AHR.N,52.92,552627,USD,0.800000000000003
2026-02-25,AI.N,10.31,1576600,USD,1.87747035573124
2026-02-25,AIG.N,80.15,916075,USD,0.388276553106215
2026-02-25,AIN.N,56.91,208336,USD,3.79354368046689
2026-02-25,AIR.N,117.06,65274,USD,-1.01471334348047
2026-02-25,AIT.N,280.76,44183,USD,-0.534948807878978
2026-02-25,AIZ.N,224.13,136207,USD,0.57437738389051
2026-02-25,AJG.N,218.13,633949,USD,0.995462542828042
2026-02-25,AKAM.OQ,100.04,924991,USD,-0.089883151902516
2026-02-25,AKR.N,20.53,225169,USD,0.244140625000003
2026-02-25,AL.N,64.85,299751,USD,-0.046239210850803
2026-02-25,ALAB.OQ,128.15,1605011,USD,-0.194704049844237
2026-02-25,ALB.N,195.87,906141,USD,4.83862334742814
2026-02-25,ALG.N,213.09,22861,USD,-0.957471531489659
2026-02-25,ALGM.OQ,38.12,574966,USD,-2.35655737704919
2026-02-25,ALGN.OQ,188.05,295079,USD,1.35827089958498
2026-02-25,ALGT.OQ,102.74,93782,USD,-0.91619249686566
2026-02-25,ALH.N,22.47,90955,USD,-2.76936391172653
2026-02-25,ALHC.OQ,20.13,655439,USD,2.70408163265305
2026-02-25,ALIT.N,0.7891,4796317,USD,2.73401900794168
2026-02-25,ALK.N,54.32,592004,USD,3.44696248333651
2026-02-25,ALKS.OQ,31.04,1317806,USD,-7.03803533992214
2026-02-25,ALKT.OQ,16.37,632465,USD,4.93589743589745
2026-02-25,ALL.N,209.33,415250,USD,-0.23353350490896
2026-02-25,ALLE.N,155.63,224081,USD,-2.03323681228756
2026-02-25,ALLY.N,41.49,597568,USD,2.4191557640089
2026-02-25,ALMS.OQ,29.39,286775,USD,4.66524216524217
2026-02-25,ALNY.OQ,327.36,278389,USD,-1.64939161784588
2026-02-25,ALRM.OQ,47.08,190687,USD,3.54079612931603
2026-02-25,ALSN.N,122.72,281928,USD,0.598409705713586
2026-02-25,AM.N,22.28,869598,USD,0.723327305605787
2026-02-25,AMAT.OQ,394.95,3982465,USD,4.50347948032704
2026-02-25,AMBA.OQ,70.29,206145,USD,-1.29195337733463
2026-02-25,AMC.N,1.16,1611862,USD,-0.854700854700856
2026-02-25,AMCR.N,48.82,1494165,USD,-1.41490633718613
2026-02-25,AMD.OQ,210.86,10622370,USD,-1.39356528245417
2026-02-25,AME.N,233.02,347713,USD,-1.61290322580645
2026-02-25,AMG.N,312.63,96600,USD,3.47190044350302
2026-02-25,AMGN.OQ,384.33,1107432,USD,0.381330477707833
2026-02-25,AMH.N,29.81,1259353,USD,-0.167448091091764
2026-02-25,AMKR.OQ,50.94,1503096,USD,4.96600041211621
2026-02-25,AMLX.OQ,14.37,293517,USD,-2.31135282121007
2026-02-26,AFL.N,113.97,856026,USD,1.36072572038421
2026-02-26,AFRM.OQ,50.42,2166692,USD,5.08545227177992
2026-02-26,AGCO.N,133.72,175316,USD,-0.149342891278367
2026-02-26,AGIO.OQ,29.98,289408,USD,0.066755674232308
2026-02-26,AGNC.OQ,11.35,4308205,USD,0.531443755535877
2026-02-26,AGO.N,86.64,81863,USD,0.463821892393328
2026-02-26,AGX.N,452.53,60705,USD,2.30365781977664
2026-02-26,AGYS.OQ,73.35,141761,USD,3.30985915492957
2026-02-26,AHR.N,53.19,747383,USD,0.510204081632646
2026-02-26,AI.N,8.4,6836933,USD,-18.5257032007759
2026-02-26,AIG.N,80.35,1089193,USD,0.249532127261371
2026-02-26,AIN.N,58.27,88362,USD,2.38973818309613
2026-02-26,AIR.N,118.17,68486,USD,0.948231676063557
2026-02-26,AIT.N,283.5,53672,USD,0.975922496082066
2026-02-26,AIZ.N,229.44,105043,USD,2.36916075491902
2026-02-26,AJG.N,225.22,430734,USD,3.25035529271535
2026-02-26,AKAM.OQ,99.9,796167,USD,-0.139944022391044
2026-02-26,AKR.N,20.77,433920,USD,1.16902094495859
2026-02-26,AL.N,64.91,616773,USD,0.09252120277564
2026-02-26,ALAB.OQ,124.67,1315400,USD,-2.71556769410847
2026-02-26,ALB.N,184.93,666799,USD,-5.5853372134579
2026-02-26,ALG.N,216.5,26534,USD,1.60026279975597
2026-02-26,ALGM.OQ,36.77,730757,USD,-3.54144805876179
2026-02-26,ALGN.OQ,189.2,312682,USD,0.611539484179727
2026-02-26,ALGT.OQ,106.5,130925,USD,3.65972357407047
2026-02-26,ALH.N,22.75,82637,USD,1.24610591900312
2026-02-26,ALHC.OQ,20.42,915585,USD,1.44063586686539
2026-02-26,ALIT.N,0.8919,6205975,USD,13.0274996831834
2026-02-26,ALK.N,55.3,593964,USD,1.8041237113402
2026-02-26,ALKS.OQ,30.73,1019388,USD,-0.998711340206182
2026-02-26,ALKT.OQ,15.63,1849975,USD,-4.52046426389737
2026-02-26,ALL.N,212.76,395534,USD,1.63856112358476
2026-02-26,ALLE.N,160.41,231499,USD,3.0713872646662
2026-02-26,ALLY.N,41.94,1180872,USD,1.08459869848155
2026-02-26,ALMS.OQ,29.98,370596,USD,2.00748553929908
2026-02-26,ALNY.OQ,331.24,304368,USD,1.1852394916911
2026-02-26,ALRM.OQ,48.69,187204,USD,3.4197111299915
2026-02-26,ALSN.N,124.81,328515,USD,1.70306388526728
2026-02-26,AM.N,22.36,931447,USD,0.359066427289041
2026-02-26,AMAT.OQ,375.72,2687543,USD,-4.86897075579186
2026-02-26,AMBA.OQ,70.9,472697,USD,0.867833262199458
2026-02-26,AMC.N,1.14,2633869,USD,-1.72413793103448
2026-02-26,AMCR.N,48.24,1487299,USD,-1.18803768947152
2026-02-26,AMD.OQ,203.68,9654439,USD,-3.40510291188467
2026-02-26,AME.N,236.96,275818,USD,1.6908419878122
2026-02-26,AMG.N,312.94,83322,USD,0.099158749960017
2026-02-26,AMGN.OQ,379.33,844487,USD,-1.30096531626467
2026-02-26,AMH.N,30.35,1105799,USD,1.81147266018116
2026-02-26,AMKR.OQ,48.52,1595782,USD,-4.75068708284255
2026-02-26,AMLX.OQ,15.26,392793,USD,6.19345859429367
2026-02-27,AFL.N,112.93,1943148,USD,-0.912520838817226
2026-02-27,AFRM.OQ,46.98,2937031,USD,-6.82268940896471
2026-02-27,AGCO.N,136.5,295741,USD,2.07897098414598
2026-02-27,AGIO.OQ,30.23,360196,USD,0.833889259506338
2026-02-27,AGNC.OQ,11.21,4200216,USD,-0.176211453744483
2026-02-27,AGO.N,86.21,279933,USD,-0.49630655586335
2026-02-27,AGX.N,451.25,69416,USD,-0.282854175413779
2026-02-27,AGYS.OQ,72.17,172747,USD,-1.60872528970687
2026-02-27,AHR.N,52.24,1691689,USD,-1.78605000940026
2026-02-27,AI.N,7.95,3201770,USD,-5.35714285714286
2026-02-27,AIG.N,80.49,3552396,USD,0.174237710018669
2026-02-27,AIN.N,57.65,158601,USD,-1.06401235627253
2026-02-27,AIR.N,117.17,125013,USD,-0.846238470000846
2026-02-27,AIT.N,282.58,61179,USD,-0.324514991181663
2026-02-27,AIZ.N,229.59,155927,USD,0.065376569037659
2026-02-27,AJG.N,228.2,1108497,USD,1.32315069709617
2026-02-27,AKAM.OQ,98.39,1892833,USD,-1.51151151151152
2026-02-27,AKR.N,20.92,627452,USD,0.722195474241705
2026-02-27,AL.N,64.84,433019,USD,-0.107841626867961
2026-02-27,ALAB.OQ,118.83,1662153,USD,-4.68436672816235
2026-02-27,ALB.N,178.67,820795,USD,-3.38506461904505
2026-02-27,ALG.N,213.53,40269,USD,-1.37182448036951
2026-02-27,ALGM.OQ,36.47,674918,USD,-0.815882512918151
2026-02-27,ALGN.OQ,190.1,636161,USD,0.475687103594083
2026-02-27,ALGT.OQ,102.15,154466,USD,-4.08450704225352
2026-02-27,ALH.N,22.43,732712,USD,-1.40659340659341
2026-02-27,ALHC.OQ,19.22,1667153,USD,-5.87659157688542
2026-02-27,ALIT.N,0.8797,5135964,USD,-1.36786635273012
2026-02-27,ALK.N,51.6,935641,USD,-6.69077757685352
2026-02-27,ALKS.OQ,30.1,1067729,USD,-2.0501138952164
2026-02-27,ALKT.OQ,16.545,1135470,USD,5.85412667946258
2026-02-27,ALL.N,214.52,1109552,USD,0.827223162248552
2026-02-27,ALLE.N,161.15,283175,USD,0.46131787295057
2026-02-27,ALLY.N,39.44,1918435,USD,-5.96089651883643
2026-02-27,ALMS.OQ,29.69,1223849,USD,-0.967311541027349
2026-02-27,ALNY.OQ,332.92,566064,USD,0.50718512256974
2026-02-27,ALRM.OQ,47.85,223445,USD,-1.72520024645717
2026-02-27,ALSN.N,125.3,453259,USD,0.39259674705552
2026-02-27,AM.N,22.48,1743754,USD,0.53667262969589
2026-02-27,AMAT.OQ,372.3,4712615,USD,-0.91025231555414
2026-02-27,AMBA.OQ,60.34,1217358,USD,-14.8942172073343
2026-02-27,AMC.N,1.16,3214368,USD,1.75438596491228
2026-02-27,AMCR.N,48.43,2581740,USD,0.393864013266994
2026-02-27,AMD.OQ,200.21,9817042,USD,-1.70365278868814
2026-02-27,AME.N,239.22,618123,USD,0.953747467927072
2026-02-27,AMG.N,306.18,119006,USD,-2.16015849683645
2026-02-27,AMGN.OQ,388.16,1475638,USD,2.32778846914297
2026-02-27,AMH.N,30.0,13417233,USD,-1.15321252059309
2026-02-27,AMKR.OQ,47.82,1896444,USD,-1.44270403957132
2026-02-27,AMLX.OQ,15.17,602465,USD,-0.589777195281782
2026-03-02,AFL.N,113.35,870002,USD,0.371911803772237
2026-03-02,AFRM.OQ,46.67,1833112,USD,-0.659855257556397
2026-03-02,AGCO.N,137.04,143170,USD,0.39560439560439
2026-03-02,AGIO.OQ,29.2,407605,USD,-3.40721137942442
2026-03-02,AGNC.OQ,11.15,4449746,USD,-0.535236396074937
2026-03-02,AGO.N,87.45,130306,USD,1.43834821946411
2026-03-02,AGX.N,445.36,57465,USD,-1.30526315789473
2026-03-02,AGYS.OQ,73.5,118650,USD,1.84287099903007
2026-03-02,AHR.N,52.9,666906,USD,1.26339969372128
2026-03-02,AI.N,8.65,2548343,USD,8.80503144654088
2026-03-02,AIG.N,81.12,1027935,USD,0.782705926202025
2026-03-02,AIN.N,59.61,112977,USD,3.39982653946227
2026-03-02,AIR.N,119.77,88299,USD,2.21899803704019
2026-03-02,AIT.N,283.54,46149,USD,0.339726803029244
2026-03-02,AIZ.N,233.55,101872,USD,1.72481379851039
2026-03-02,AJG.N,229.27,480812,USD,0.468886941279589
2026-03-02,AKAM.OQ,97.64,1211331,USD,-0.762272588677711
2026-03-02,AKR.N,20.99,403017,USD,0.334608030592719
2026-03-02,AL.N,64.7,450001,USD,0.123380629241208
2026-03-02,ALAB.OQ,120.55,1318057,USD,1.44744593116216
2026-03-02,ALB.N,178.18,426076,USD,-0.274248614764639
2026-03-02,ALG.N,218.47,26335,USD,2.31349224933265
2026-03-02,ALGM.OQ,36.59,528388,USD,0.329037565122031
2026-03-02,ALGN.OQ,189.02,350816,USD,-0.568122041031028
2026-03-02,ALGT.OQ,97.71,121409,USD,-4.34654919236418
2026-03-02,ALH.N,22.46,112163,USD,0.13374944271066
2026-03-02,ALHC.OQ,19.65,1162660,USD,2.2372528616025
2026-03-02,ALIT.N,0.9014,6592367,USD,2.46675002841877
2026-03-02,ALK.N,50.77,759185,USD,-1.60852713178294
2026-03-02,ALKS.OQ,30.25,834657,USD,0.498338870431889
2026-03-02,ALKT.OQ,17.09,930942,USD,3.29404653974009
2026-03-02,ALL.N,212.76,453471,USD,-0.316986761141161
2026-03-02,ALLE.N,162.5,280122,USD,0.837728824076943
2026-03-02,ALLY.N,39.75,939546,USD,0.786004056795138
2026-03-02,ALMS.OQ,29.72,309651,USD,0.101044122600194
2026-03-02,ALNY.OQ,325.07,493256,USD,-2.35792382554368
2026-03-02,ALRM.OQ,47.48,180510,USD,-0.77324973876699
2026-03-02,ALSN.N,126.91,452614,USD,1.28491620111732
2026-03-02,AM.N,22.91,908695,USD,1.91281138790035
2026-03-02,AMAT.OQ,372.18,1929629,USD,-0.032232070910557
2026-03-02,AMBA.OQ,61.04,389012,USD,1.16009280742459
2026-03-02,AMC.N,1.14,2230531,USD,-1.72413793103448
2026-03-02,AMCR.N,48.15,1276452,USD,-0.57815403675408
2026-03-02,AMD.OQ,198.62,7571106,USD,-0.794166125568155
2026-03-02,AME.N,241.46,325912,USD,0.936376557144055
2026-03-02,AMG.N,312.92,52096,USD,2.20131948527011
2026-03-02,AMGN.OQ,385.7,1015610,USD,-0.633759274525978
2026-03-02,AMH.N,29.76,1150345,USD,-0.799999999999995
2026-03-02,AMKR.OQ,47.81,880419,USD,-0.020911752404847
2026-03-02,AMLX.OQ,15.3,647841,USD,0.856954515491106
2026-03-03,AFL.N,112.43,767027,USD,-0.811645346272596
2026-03-03,AFRM.OQ,47.83,2075109,USD,2.48553674737518
2026-03-03,AGCO.N,133.07,263691,USD,-2.89696438995914
2026-03-03,AGIO.OQ,28.48,352424,USD,-2.46575342465753
2026-03-03,AGNC.OQ,11.0,4330142,USD,-1.34529147982063
2026-03-03,AGO.N,86.9,111367,USD,-0.62893081761006
2026-03-03,AGX.N,438.93,66696,USD,-1.44377582180708
2026-03-03,AGYS.OQ,78.45,184551,USD,6.73469387755102
2026-03-03,AHR.N,52.37,549279,USD,-1.00189035916824
2026-03-03,AI.N,9.1,2017322,USD,5.20231213872832
2026-03-03,AIG.N,79.06,1530405,USD,-2.53944773175543
2026-03-03,AIN.N,58.65,100888,USD,-1.61046804227479
2026-03-03,AIR.N,116.84,92965,USD,-2.44635551473657
2026-03-03,AIT.N,277.7,65974,USD,-2.05967412005362
2026-03-03,AIZ.N,232.89,88532,USD,-0.282594733461796
2026-03-03,AJG.N,225.23,566685,USD,-1.76211453744494
2026-03-03,AKAM.OQ,102.08,1439179,USD,4.54731667349447
2026-03-03,AKR.N,21.0,282376,USD,0.047641734159131
2026-03-03,AL.N,64.72,656396,USD,0.03091190108191
2026-03-03,ALAB.OQ,109.8,2177739,USD,-8.91746163417669
2026-03-03,ALB.N,164.73,734263,USD,-7.54854641373893
2026-03-03,ALG.N,184.78,68742,USD,-15.4208815855724
2026-03-03,ALGM.OQ,34.72,1821447,USD,-5.11068597977591
2026-03-03,ALGN.OQ,182.64,363000,USD,-3.3753042006137
2026-03-03,ALGT.OQ,95.93,208096,USD,-1.82171732678333
2026-03-03,ALH.N,22.06,147919,USD,-1.78094390026715
2026-03-03,ALHC.OQ,18.45,3508976,USD,-6.10687022900763
2026-03-03,ALIT.N,0.8806,3928004,USD,-2.3075216330153
2026-03-03,ALK.N,49.75,974781,USD,-2.00906046878078
2026-03-03,ALKS.OQ,29.2,953552,USD,-3.47107438016529
2026-03-03,ALKT.OQ,16.94,868027,USD,-0.87770626097132
2026-03-03,ALL.N,213.61,622784,USD,0.399511186313227
2026-03-03,ALLE.N,158.36,220391,USD,-2.5476923076923
2026-03-03,ALLY.N,39.88,817682,USD,0.327044025157239
2026-03-03,ALMS.OQ,28.15,301067,USD,-5.28263795423957
2026-03-03,ALNY.OQ,318.65,369178,USD,-1.97495923954841
2026-03-03,ALRM.OQ,49.32,147797,USD,3.87531592249369
2026-03-03,ALSN.N,124.8,240910,USD,-1.66259554014656
2026-03-03,AM.N,22.82,669200,USD,-0.39284155390659
2026-03-03,AMAT.OQ,351.32,3239985,USD,-5.60481487452308
2026-03-03,AMBA.OQ,57.45,355351,USD,-5.88138925294888
2026-03-03,AMC.N,1.13,2364218,USD,-0.877192982456141
2026-03-03,AMCR.N,47.17,1443723,USD,-2.03530633437175
2026-03-03,AMD.OQ,190.95,9485161,USD,-3.86164535293526
2026-03-03,AME.N,235.25,545912,USD,-2.57185455147851
2026-03-03,AMG.N,310.3,67823,USD,-0.837274702799439
2026-03-03,AMGN.OQ,377.0,834811,USD,-2.25563909774436
2026-03-03,AMH.N,29.84,1078465,USD,0.26881720430107
2026-03-03,AMKR.OQ,44.59,1661571,USD,-6.73499267935578
2026-03-03,AMLX.OQ,14.11,468691,USD,-7.77777777777779
2026-03-04,AFL.N,112.48,660337,USD,0.044472115983276
2026-03-04,AFRM.OQ,50.72,2055465,USD,6.0422329082166
2026-03-04,AGCO.N,134.42,245005,USD,1.01450364469827
2026-03-04,AGIO.OQ,28.19,320974,USD,-1.01825842696629
2026-03-04,AGNC.OQ,10.97,2818585,USD,-0.272727272727267
2026-03-04,AGO.N,87.52,96048,USD,0.713463751438424
2026-03-04,AGX.N,463.36,70545,USD,5.56580775977947
2026-03-04,AGYS.OQ,80.01,128258,USD,1.9885277246654
2026-03-04,AHR.N,51.87,697914,USD,-0.954745083062822
2026-03-04,AI.N,9.29,1552308,USD,2.08791208791208
2026-03-04,AIG.N,78.3,1014391,USD,-0.961295218821155
2026-03-04,AIN.N,58.96,122849,USD,0.528559249786875
2026-03-04,AIR.N,118.61,91678,USD,1.5148921602191
2026-03-04,AIT.N,279.91,53747,USD,0.795822830392523
2026-03-04,AIZ.N,231.95,126810,USD,-0.403624028511313
2026-03-04,AJG.N,225.58,628047,USD,0.155396705589852
2026-03-04,AKAM.OQ,102.98,845884,USD,0.881661442006275
2026-03-04,AKR.N,21.31,442306,USD,1.47619047619047
2026-03-04,AL.N,64.72,574873,USD,0.0
2026-03-04,ALAB.OQ,113.77,1544319,USD,3.61566484517304
2026-03-04,ALB.N,168.35,554651,USD,2.19753536089359
2026-03-04,ALG.N,178.01,64663,USD,-3.66381643034961
2026-03-04,ALGM.OQ,34.07,598286,USD,-1.8721198156682
2026-03-04,ALGN.OQ,182.16,349568,USD,-0.262812089356105
2026-03-04,ALGT.OQ,92.09,191351,USD,-4.00291879495466
2026-03-04,ALH.N,22.03,129997,USD,-0.13599274705348
2026-03-04,ALHC.OQ,18.88,1465259,USD,2.33062330623306
2026-03-04,ALIT.N,0.9628,6027160,USD,9.33454462866227
2026-03-04,ALK.N,48.35,584220,USD,-2.81407035175879
2026-03-04,ALKS.OQ,29.28,598943,USD,0.273972602739732
2026-03-04,ALKT.OQ,16.49,737596,USD,-2.65643447461631
2026-03-04,ALL.N,214.18,430340,USD,0.266841440007487
2026-03-04,ALLE.N,156.64,195364,USD,-1.08613286183381
2026-03-04,ALLY.N,40.41,756580,USD,1.32898696088263
2026-03-04,ALMS.OQ,28.87,299635,USD,2.55772646536413
2026-03-04,ALNY.OQ,327.3,346148,USD,2.71457712223444
2026-03-04,ALRM.OQ,50.12,133971,USD,1.62206001622059
2026-03-04,ALSN.N,126.94,346275,USD,1.71474358974359
2026-03-04,AM.N,22.77,612992,USD,-0.219106047326909
2026-03-04,AMAT.OQ,357.76,2217722,USD,1.83308664465444
2026-03-04,AMBA.OQ,56.55,325939,USD,-1.56657963446476
2026-03-04,AMC.N,1.18,2164263,USD,4.42477876106195
2026-03-04,AMCR.N,45.88,1491450,USD,-2.73478906084375
2026-03-04,AMD.OQ,202.07,11213924,USD,5.82351400890286
2026-03-04,AME.N,234.75,305728,USD,-0.212539851222104
2026-03-04,AMG.N,303.13,98776,USD,-2.31066709635837
2026-03-04,AMGN.OQ,379.27,822546,USD,0.602122015915114
2026-03-04,AMH.N,30.03,1072178,USD,0.636729222520112
2026-03-04,AMKR.OQ,45.77,1414036,USD,2.64633325857816
2026-03-04,AMLX.OQ,15.05,522676,USD,6.66194188518782
2026-03-05,AFL.N,111.04,955566,USD,-1.28022759601707
2026-03-05,AFRM.OQ,52.5,2074881,USD,3.50946372239748
2026-03-05,AGCO.N,127.52,200019,USD,-5.13316470763279
2026-03-05,AGIO.OQ,27.68,424682,USD,-1.80915218162469
2026-03-05,AGNC.OQ,10.9,3680262,USD,-0.638103919781224
2026-03-05,AGO.N,86.7,96857,USD,-0.936928702010961
2026-03-05,AGX.N,430.25,89978,USD,-7.14563190607735
2026-03-05,AGYS.OQ,79.75,156602,USD,-0.324959380077497
2026-03-05,AHR.N,52.12,914908,USD,0.481974166184692
2026-03-05,AI.N,9.39,1766765,USD,1.07642626480088
2026-03-05,AIG.N,80.07,1332718,USD,2.26053639846743
2026-03-05,AIN.N,59.35,135215,USD,0.661465400271371
2026-03-05,AIR.N,110.71,142747,USD,-6.66048393895962
2026-03-05,AIT.N,274.97,61975,USD,-1.76485298846058
2026-03-05,AIZ.N,227.18,127619,USD,-2.05647768915714
2026-03-05,AJG.N,229.65,470790,USD,1.80423796435854
2026-03-05,AKAM.OQ,101.0,988038,USD,-1.9227034375607
2026-03-05,AKR.N,21.38,591063,USD,0.328484279680902
2026-03-05,AL.N,64.61,1173536,USD,-0.169962917181705
2026-03-05,ALAB.OQ,120.0,1933545,USD,5.47596027072164
2026-03-05,ALB.N,163.93,529632,USD,-2.62548262548262
2026-03-05,ALG.N,173.13,45455,USD,-2.74141902140329
2026-03-05,ALGM.OQ,32.78,788890,USD,-3.78632227766363
2026-03-05,ALGN.OQ,175.6,367974,USD,-3.60122968818621
2026-03-05,ALGT.OQ,84.13,327411,USD,-8.64371810185689
2026-03-05,ALH.N,21.35,186057,USD,-3.08669995460735
2026-03-05,ALHC.OQ,18.57,1286116,USD,-1.64194915254237
2026-03-05,ALIT.N,0.9499,6459574,USD,-1.33984212712921
2026-03-05,ALK.N,43.8,1645903,USD,-9.41054808686661
2026-03-05,ALKS.OQ,28.35,983902,USD,-3.17622950819672
2026-03-05,ALKT.OQ,16.5,1079093,USD,0.060642813826571
2026-03-05,ALL.N,211.62,503080,USD,-1.19525632645439
2026-03-05,ALLE.N,152.26,376053,USD,-2.79622063329928
2026-03-05,ALLY.N,39.9,787008,USD,-1.26206384558277
2026-03-05,ALMS.OQ,27.64,434135,USD,-4.26047800484933
2026-03-05,ALNY.OQ,320.51,372373,USD,-2.0745493431103
2026-03-05,ALRM.OQ,50.15,311683,USD,0.059856344772548
2026-03-05,ALSN.N,122.14,271519,USD,-3.7813140066173
2026-03-05,AM.N,22.86,671516,USD,0.395256916996047
2026-03-05,AMAT.OQ,346.53,2473541,USD,-3.13897584973167
2026-03-05,AMBA.OQ,55.41,299337,USD,-2.0159151193634
2026-03-05,AMC.N,1.21,2449343,USD,2.54237288135594
2026-03-05,AMCR.N,43.69,1863272,USD,-4.77332170880559
2026-03-05,AMD.OQ,199.45,8349503,USD,-1.29658039293314
2026-03-05,AME.N,226.84,723111,USD,-3.36954206602769
2026-03-05,AMG.N,299.18,71556,USD,-1.30307128954574
2026-03-05,AMGN.OQ,367.6,1029760,USD,-3.07696364067813
2026-03-05,AMH.N,29.99,755983,USD,-0.133200133200142
2026-03-05,AMKR.OQ,44.56,1505385,USD,-2.64365304784794
2026-03-05,AMLX.OQ,14.1,508425,USD,-6.31229235880399
2026-03-06,AFL.N,111.29,915781,USD,0.22514409221902
2026-03-06,AFRM.OQ,51.7,1547127,USD,-1.52380952380952
2026-03-06,AGCO.N,123.88,219669,USD,-2.85445420326223
2026-03-06,AGIO.OQ,27.47,320727,USD,-0.758670520231217
2026-03-06,AGNC.OQ,10.64,3720873,USD,-2.38532110091743
2026-03-06,AGO.N,85.31,118329,USD,-1.16493656286044
2026-03-06,AGX.N,414.2,62806,USD,-3.73038930854155
2026-03-06,AGYS.OQ,77.46,89262,USD,-2.87147335423198
2026-03-06,AHR.N,51.51,740491,USD,-1.1703760552571
2026-03-06,AI.N,9.19,1307988,USD,-2.12992545260917
2026-03-06,AIG.N,78.72,1069154,USD,-1.68602472836268
2026-03-06,AIN.N,58.44,131557,USD,-1.53327716933446
2026-03-06,AIR.N,108.52,156121,USD,-1.97814108933249
2026-03-06,AIT.N,267.78,122438,USD,-2.61483070880462
2026-03-06,AIZ.N,222.91,112643,USD,-1.87956686328022
2026-03-06,AJG.N,228.13,460934,USD,-0.357065099063797
2026-03-06,AKAM.OQ,99.89,923053,USD,-1.0990099009901
2026-03-06,AKR.N,20.85,349155,USD,-2.47895229186154
2026-03-06,AL.N,64.52,675951,USD,-0.139297322395919
2026-03-06,ALAB.OQ,119.2,1628729,USD,-0.666666666666664
2026-03-06,ALB.N,162.29,556098,USD,-1.00042701152932
2026-03-06,ALG.N,168.13,33892,USD,-2.88800323456362
2026-03-06,ALGM.OQ,31.93,662399,USD,-2.59304453935327
2026-03-06,ALGN.OQ,174.0,580622,USD,-0.911161731207286
2026-03-06,ALGT.OQ,79.5,164376,USD,-5.50338761440627
2026-03-06,ALH.N,20.76,152084,USD,-2.76346604215457
2026-03-06,ALHC.OQ,18.44,2691441,USD,-0.700053850296171
2026-03-06,ALIT.N,0.9317,2871645,USD,-1.91599115696389
2026-03-06,ALK.N,42.3,1360506,USD,-3.42465753424658
2026-03-06,ALKS.OQ,28.63,676107,USD,0.987654320987646
2026-03-06,ALKT.OQ,17.06,726957,USD,3.39393939393939
2026-03-06,ALL.N,212.32,351053,USD,0.330781589641805
2026-03-06,ALLE.N,150.37,452443,USD,-1.24129778011296
2026-03-06,ALLY.N,38.07,1099302,USD,-4.58646616541353
2026-03-06,ALMS.OQ,26.9,414766,USD,-2.67727930535457
2026-03-06,ALNY.OQ,320.66,405618,USD,0.046800411843635
2026-03-06,ALRM.OQ,49.92,176538,USD,-0.458624127617142
2026-03-06,ALSN.N,116.94,287192,USD,-4.25740953004749
2026-03-06,AM.N,22.97,505009,USD,0.481189851268589
2026-03-06,AMAT.OQ,324.74,3727218,USD,-6.28805586817879
2026-03-06,AMBA.OQ,52.375,345200,USD,-5.47735065872586
2026-03-06,AMC.N,1.17,1737358,USD,-3.30578512396695
2026-03-06,AMCR.N,43.28,1517638,USD,-0.938429846646822
2026-03-06,AMD.OQ,192.43,8287849,USD,-3.51967911757332
2026-03-06,AME.N,221.98,382970,USD,-2.14247928055017
2026-03-06,AMG.N,285.77,69848,USD,-4.4822514873989
2026-03-06,AMGN.OQ,369.53,932746,USD,0.525027203482032
2026-03-06,AMH.N,29.9,1132552,USD,-0.300100033344448
2026-03-06,AMKR.OQ,41.61,1419225,USD,-6.62028725314184
2026-03-06,AMLX.OQ,13.85,423157,USD,-1.77304964539007
2026-03-09,AFL.N,110.18,945829,USD,-0.997394195345493
2026-03-09,AFRM.OQ,50.81,2040713,USD,-1.72147001934236
2026-03-09,AGCO.N,123.92,217706,USD,0.032289312237654
2026-03-09,AGIO.OQ,28.53,325911,USD,3.85875500546051
2026-03-09,AGNC.OQ,10.54,5749794,USD,-0.939849624060164
2026-03-09,AGO.N,85.59,97827,USD,0.328214746219671
2026-03-09,AGX.N,466.38,118639,USD,12.5977788507967
2026-03-09,AGYS.OQ,75.99,119088,USD,-1.89775367931836
2026-03-09,AHR.N,52.19,831242,USD,1.32013201320132
2026-03-09,AI.N,9.27,1339195,USD,0.87051142546246
2026-03-09,AIG.N,77.62,1770311,USD,-1.39735772357723
2026-03-09,AIN.N,56.48,104915,USD,-3.35386721423683
2026-03-09,AIR.N,107.87,128227,USD,-0.598967932178392
2026-03-09,AIT.N,267.57,73694,USD,-0.078422585704675
2026-03-09,AIZ.N,219.67,107390,USD,-1.45350141312638
2026-03-09,AJG.N,217.78,452892,USD,-4.53688686275369
2026-03-09,AKAM.OQ,102.11,894733,USD,2.22244468915807
2026-03-09,AKR.N,20.74,385566,USD,-0.527577937649894
2026-03-09,AL.N,64.78,1189289,USD,0.402975821450721
2026-03-09,ALAB.OQ,122.31,2178989,USD,2.60906040268456
2026-03-09,ALB.N,169.57,597820,USD,4.48579703000801
2026-03-09,ALG.N,167.9,44591,USD,-0.136798905608749
2026-03-09,ALGM.OQ,32.87,781615,USD,2.94393986846225
2026-03-09,ALGN.OQ,175.05,737318,USD,0.603448275862076
2026-03-09,ALGT.OQ,82.48,306788,USD,3.74842767295598
2026-03-09,ALH.N,21.37,174531,USD,2.9383429672447
2026-03-09,ALHC.OQ,18.22,769408,USD,-1.19305856832973
2026-03-09,ALIT.N,0.9419,7601439,USD,1.09477299559944
2026-03-09,ALK.N,43.26,1652820,USD,2.26950354609929
2026-03-09,ALKS.OQ,28.45,823714,USD,-0.628711142158574
2026-03-09,ALKT.OQ,17.5,909024,USD,2.57913247362252
2026-03-09,ALL.N,207.69,458607,USD,-2.18067068575734
2026-03-09,ALLE.N,150.22,264762,USD,-0.099753940280645
2026-03-09,ALLY.N,38.44,1321890,USD,0.971893879695291
2026-03-09,ALMS.OQ,26.84,397250,USD,-0.223048327137542
2026-03-09,ALNY.OQ,323.59,408153,USD,0.913740410403527
2026-03-09,ALRM.OQ,49.58,171938,USD,-0.68108974358975
2026-03-09,ALSN.N,116.87,288612,USD,0.188130665298449
2026-03-09,AM.N,22.75,653971,USD,-0.957771005659551
2026-03-09,AMAT.OQ,338.94,3946308,USD,4.37272895239268
2026-03-09,AMBA.OQ,53.26,358990,USD,1.68973747016706
2026-03-09,AMC.N,1.13,2864543,USD,-3.41880341880342
2026-03-09,AMCR.N,42.3,2085720,USD,-2.26432532347506
2026-03-09,AMD.OQ,202.68,9110169,USD,5.32661227459336
2026-03-09,AME.N,225.07,400539,USD,1.39201729885575
2026-03-09,AMG.N,281.53,90288,USD,-1.4837106764181
2026-03-09,AMGN.OQ,376.97,1187304,USD,2.01336833274702
2026-03-09,AMH.N,29.47,1351840,USD,-1.438127090301
2026-03-09,AMKR.OQ,43.22,1874735,USD,3.86926219658736
2026-03-09,AMLX.OQ,14.31,325384,USD,3.32129963898918
2026-03-10,AFL.N,110.3,857096,USD,0.108912688328181
2026-03-10,AFRM.OQ,49.77,1839128,USD,-2.04684117299744
2026-03-10,AGCO.N,122.07,218809,USD,-1.49289864428664
2026-03-10,AGIO.OQ,28.26,235450,USD,-0.946372239747632
2026-03-10,AGNC.OQ,10.72,2999354,USD,1.70777988614802
2026-03-10,AGO.N,84.95,120081,USD,-0.747750905479613
2026-03-10,AGX.N,458.71,117606,USD,-1.64458167159827
2026-03-10,AGYS.OQ,73.31,201092,USD,-3.52677983945255
2026-03-10,AHR.N,52.98,958914,USD,1.51369994251772
2026-03-10,AI.N,8.96,1336451,USD,-3.34412081984896
2026-03-10,AIG.N,78.05,1436868,USD,0.553980932749282
2026-03-10,AIN.N,56.12,77429,USD,-0.637393767705382
2026-03-10,AIR.N,108.3,72583,USD,0.398627978121806
2026-03-10,AIT.N,264.31,57528,USD,-1.21837276226781
2026-03-10,AIZ.N,219.7,86002,USD,0.013656848909729
2026-03-10,AJG.N,211.72,429527,USD,-2.78262466709523
2026-03-10,AKAM.OQ,104.5,1176195,USD,2.34061306434238
2026-03-10,AKR.N,20.7,223619,USD,-0.192864030858241
2026-03-10,AL.N,64.66,1035521,USD,-0.185242358752708
2026-03-10,ALAB.OQ,116.48,1296021,USD,-4.76657673125664
2026-03-10,ALB.N,166.54,557721,USD,-1.78687267795011
2026-03-10,ALG.N,170.1,53731,USD,1.31030375223347
2026-03-10,ALGM.OQ,33.17,596603,USD,0.912686340127789
2026-03-10,ALGN.OQ,169.43,512441,USD,-3.21051128249072
2026-03-10,ALGT.OQ,83.75,251394,USD,1.53976721629485
2026-03-10,ALH.N,21.43,122510,USD,0.280767430978001
2026-03-10,ALHC.OQ,18.1,747355,USD,-0.658616904500535
2026-03-10,ALIT.N,0.9074,6293443,USD,-3.66280921541565
2026-03-10,ALK.N,42.34,1001234,USD,-2.12667591308367
2026-03-10,ALKS.OQ,27.74,745817,USD,-2.49560632688928
2026-03-10,ALKT.OQ,17.96,1310745,USD,2.62857142857143
2026-03-10,ALL.N,207.5,426710,USD,-0.09148249795368
2026-03-10,ALLE.N,147.53,686248,USD,-1.79070696312075
2026-03-10,ALLY.N,37.38,1331736,USD,-2.75754422476586
2026-03-10,ALMS.OQ,28.1,438276,USD,4.69448584202683
2026-03-10,ALNY.OQ,322.38,513750,USD,-0.37392997311412
2026-03-10,ALRM.OQ,48.9,123869,USD,-1.37152077450585
2026-03-10,ALSN.N,114.64,247721,USD,-1.90810302045008
2026-03-10,AM.N,22.59,601297,USD,-0.703296703296704
2026-03-10,AMAT.OQ,345.88,2202608,USD,2.0475600401251
2026-03-10,AMBA.OQ,54.0,259103,USD,1.38941043935412
2026-03-10,AMC.N,1.11,1722889,USD,-1.76991150442476
2026-03-10,AMCR.N,42.1,1109617,USD,-0.472813238770676
2026-03-10,AMD.OQ,203.23,7658814,USD,0.271363726070645
2026-03-10,AME.N,226.3,404125,USD,0.546496645488078
2026-03-10,AMG.N,280.82,59202,USD,-0.252193371931936
2026-03-10,AMGN.OQ,375.43,858559,USD,-0.408520571928806
2026-03-10,AMH.N,29.52,1009291,USD,0.169664065151003
2026-03-10,AMKR.OQ,43.94,1165705,USD,1.6658954187876
2026-03-10,AMLX.OQ,14.98,294956,USD,4.68204053109713
2026-03-11,AFL.N,109.33,1037096,USD,-0.879419764279237
2026-03-11,AFRM.OQ,50.79,1211392,USD,2.04942736588305
2026-03-11,AGCO.N,121.72,224899,USD,-0.286720734005074
2026-03-11,AGIO.OQ,28.07,213088,USD,-0.672328379334753
2026-03-11,AGNC.OQ,10.67,3625935,USD,-0.466417910447768
2026-03-11,AGO.N,84.23,105092,USD,-0.847557386698056
2026-03-11,AGX.N,472.86,72455,USD,3.08473763379914
2026-03-11,AGYS.OQ,72.5,88997,USD,-1.10489701268586
2026-03-11,AHR.N,52.8,779435,USD,-0.339750849377123
2026-03-11,AI.N,9.26,1091622,USD,3.34821428571427
2026-03-11,AIG.N,77.97,1529834,USD,-0.102498398462522
2026-03-11,AIN.N,56.0,81585,USD,-0.213827512473267
2026-03-11,AIR.N,108.32,73938,USD,0.018467220683283
2026-03-11,AIT.N,270.13,77621,USD,2.20195981990844
2026-03-11,AIZ.N,216.7,96096,USD,-1.36549840691853
2026-03-11,AJG.N,209.84,457465,USD,-0.887965237105609
2026-03-11,AKAM.OQ,106.47,1474212,USD,1.88516746411483
2026-03-11,AKR.N,20.59,231101,USD,-0.531400966183572
2026-03-11,AL.N,64.7,911875,USD,0.061862047633786
2026-03-11,ALAB.OQ,124.71,1638347,USD,7.06559065934065
2026-03-11,ALB.N,168.0,800739,USD,0.87666626636244
2026-03-11,ALG.N,175.92,74399,USD,3.42151675485008
2026-03-11,ALGM.OQ,33.06,445339,USD,-0.331624962315343
2026-03-11,ALGN.OQ,174.81,497699,USD,3.17535265301304
2026-03-11,ALGT.OQ,82.15,112689,USD,-1.91044776119402
2026-03-11,ALH.N,21.6,183785,USD,0.793280447970143
2026-03-11,ALHC.OQ,18.01,646065,USD,-0.497237569060773
2026-03-11,ALIT.N,0.9373,2889268,USD,3.29512893982808
2026-03-11,ALK.N,41.32,786737,USD,-2.4090694378838
2026-03-11,ALKS.OQ,27.77,644256,USD,0.108147080028843
2026-03-11,ALKT.OQ,18.57,1327357,USD,3.39643652561247
2026-03-11,ALL.N,205.59,476467,USD,-0.920481927710842
2026-03-11,ALLE.N,146.64,240142,USD,-0.603267132108734
2026-03-11,ALLY.N,36.85,1251186,USD,-1.41787051899412
2026-03-11,ALMS.OQ,26.34,341655,USD,-6.26334519572954
2026-03-11,ALNY.OQ,320.43,290319,USD,-0.604876233016933
2026-03-11,ALRM.OQ,48.86,130651,USD,-0.081799591002043
2026-03-11,ALSN.N,113.18,386216,USD,-1.27355198883461
2026-03-11,AM.N,23.12,697576,USD,2.34617087206729
2026-03-11,AMAT.OQ,351.07,1558503,USD,1.50052041170348
2026-03-11,AMBA.OQ,54.0,287305,USD,0.0
2026-03-11,AMC.N,1.12,1501695,USD,0.900900900900902
2026-03-11,AMCR.N,42.5,1266587,USD,0.950118764845602
2026-03-11,AMD.OQ,204.83,5602382,USD,0.787285341731055
2026-03-11,AME.N,224.3,391304,USD,-0.883782589482987
2026-03-11,AMG.N,282.08,99165,USD,0.448685991026277
2026-03-11,AMGN.OQ,377.64,1092326,USD,0.588658338438585
2026-03-11,AMH.N,28.87,831654,USD,-2.20189701897019
2026-03-11,AMKR.OQ,43.92,989961,USD,-0.045516613563942
2026-03-11,AMLX.OQ,14.93,293383,USD,-0.333778371161553
2026-03-12,AFL.N,109.63,1001885,USD,0.274398609713708
2026-03-12,AFRM.OQ,46.38,1831965,USD,-8.6828115770821
2026-03-12,AGCO.N,119.87,213522,USD,-1.51988169569503
2026-03-12,AGIO.OQ,27.59,206059,USD,-1.7100106875668
2026-03-12,AGNC.OQ,10.39,3441979,USD,-2.62417994376757
2026-03-12,AGO.N,83.17,107599,USD,-1.25845898136056
2026-03-12,AGX.N,459.3,109162,USD,-2.86765638878315
2026-03-12,AGYS.OQ,69.95,97576,USD,-3.51724137931034
2026-03-12,AHR.N,52.13,748448,USD,-1.26893939393938
2026-03-12,AI.N,8.87,1285165,USD,-4.21166306695465
2026-03-12,AIG.N,76.48,1445301,USD,-1.91099140695138
2026-03-12,AIN.N,54.66,73502,USD,-2.39285714285715
2026-03-12,AIR.N,103.78,106186,USD,-4.19128508124076
2026-03-12,AIT.N,259.88,84915,USD,-3.79446932958205
2026-03-12,AIZ.N,215.3,141602,USD,-0.646054453161042
2026-03-12,AJG.N,204.21,686319,USD,-2.68299656881433
2026-03-12,AKAM.OQ,105.47,1177424,USD,-0.939231708462478
2026-03-12,AKR.N,20.44,357727,USD,-0.728508984944141
2026-03-12,AL.N,64.62,782239,USD,-0.123647604327664
2026-03-12,ALAB.OQ,119.9,1332138,USD,-3.85694811963755
2026-03-12,ALB.N,163.89,316419,USD,-2.44642857142858
2026-03-12,ALG.N,170.15,43277,USD,-3.27989995452477
2026-03-12,ALGM.OQ,31.16,480810,USD,-5.74712643678162
2026-03-12,ALGN.OQ,166.92,571832,USD,-4.51347176934959
2026-03-12,ALGT.OQ,77.06,160528,USD,-6.19598295800366
2026-03-12,ALH.N,19.06,624898,USD,-11.7592592592593
2026-03-12,ALHC.OQ,17.12,855169,USD,-4.94169905607996
2026-03-12,ALIT.N,0.9076,3267601,USD,-3.16867598420997
2026-03-12,ALK.N,38.65,1625649,USD,-6.46176185866409
2026-03-12,ALKS.OQ,27.64,1194181,USD,-0.468131076701473
2026-03-12,ALKT.OQ,18.07,883556,USD,-2.69251480883145
2026-03-12,ALL.N,205.03,461016,USD,-0.272386789240723
2026-03-12,ALLE.N,145.85,261841,USD,-0.538734315330055
2026-03-12,ALLY.N,36.84,1173932,USD,-0.02713704206241
2026-03-12,ALMS.OQ,25.03,394079,USD,-4.97342444950645
2026-03-12,ALNY.OQ,317.23,474049,USD,-0.998658053240954
2026-03-12,ALRM.OQ,46.9,165660,USD,-4.01146131805158
2026-03-12,ALSN.N,113.11,239145,USD,-0.061848383106562
2026-03-12,AM.N,22.85,1127992,USD,-1.16782006920415
2026-03-12,AMAT.OQ,337.27,2410413,USD,-3.93084000341812
2026-03-12,AMBA.OQ,52.42,262248,USD,-2.92592592592592
2026-03-12,AMC.N,1.09,1610604,USD,-2.67857142857143
2026-03-12,AMCR.N,40.33,1946185,USD,-5.10588235294118
2026-03-12,AMD.OQ,197.74,7293178,USD,-3.46140702045599
2026-03-12,AME.N,215.57,494700,USD,-3.89210878288008
2026-03-12,AMG.N,270.43,76256,USD,-4.13003403289846
2026-03-12,AMGN.OQ,367.79,878802,USD,-2.60830420506301
2026-03-12,AMH.N,28.62,899929,USD,-0.865950813993765
2026-03-12,AMKR.OQ,41.27,1437403,USD,-5.84353369763206
2026-03-12,AMLX.OQ,14.38,351801,USD,-3.68385800401875
2026-03-13,AFL.N,108.71,822709,USD,-0.839186354100157
2026-03-13,AFRM.OQ,46.88,1367063,USD,1.07805088400173
2026-03-13,AGCO.N,118.57,159318,USD,-1.08450821723535
2026-03-13,AGIO.OQ,27.85,204313,USD,0.942370424066696
2026-03-13,AGNC.OQ,10.23,3842758,USD,-1.53994225216555
2026-03-13,AGO.N,83.38,116220,USD,0.252494889984362
2026-03-13,AGX.N,458.31,58954,USD,-0.21554539516656
2026-03-13,AGYS.OQ,68.49,99926,USD,-2.08720514653325
2026-03-13,AHR.N,52.16,850287,USD,0.057548436600794
2026-03-13,AI.N,8.91,2781062,USD,0.450958286358522
2026-03-13,AIG.N,76.74,875582,USD,0.339958158995804
2026-03-13,AIN.N,53.57,67113,USD,-1.99414562751554
2026-03-13,AIR.N,101.91,120120,USD,-1.80188861052226
2026-03-13,AIT.N,255.65,65105,USD,-1.62767431122056
2026-03-13,AIZ.N,218.53,152061,USD,1.50023223409196
2026-03-13,AJG.N,207.93,333246,USD,1.82165417952108
2026-03-13,AKAM.OQ,107.67,1181049,USD,2.08590120413388
2026-03-13,AKR.N,20.15,455904,USD,-1.41878669275931
2026-03-13,AL.N,64.52,1021554,USD,-0.154750851129694
2026-03-13,ALAB.OQ,120.31,886720,USD,0.341951626355293
2026-03-13,ALB.N,158.22,503854,USD,-3.21252059308072
2026-03-13,ALG.N,170.78,31613,USD,0.370261533940638
2026-03-13,ALGM.OQ,31.13,465706,USD,-0.096277278562263
2026-03-13,ALGN.OQ,164.23,413175,USD,-1.61155044332614
2026-03-13,ALGT.OQ,75.04,199416,USD,-2.62133402543472
2026-03-13,ALH.N,19.75,425949,USD,3.62014690451207
2026-03-13,ALHC.OQ,16.99,660138,USD,-0.759345794392538
2026-03-13,ALIT.N,0.9151,3917520,USD,0.826355222565014
2026-03-13,ALK.N,38.0,1102073,USD,-1.68175937904269
2026-03-13,ALKS.OQ,27.76,1324937,USD,0.43415340086831
2026-03-13,ALKT.OQ,18.0,440262,USD,-0.387382401770893
2026-03-13,ALL.N,206.17,333346,USD,0.556016192752274
2026-03-13,ALLE.N,145.35,196102,USD,0.03428179636613
2026-03-13,ALLY.N,36.14,943879,USD,-1.90010857763302
2026-03-13,ALMS.OQ,24.81,366462,USD,-0.878945265681192
2026-03-13,ALNY.OQ,313.41,331788,USD,-1.20417362796709
2026-03-13,ALRM.OQ,46.595,197967,USD,-0.650319829424306
2026-03-13,ALSN.N,112.82,237860,USD,-0.256387587304399
2026-03-13,AM.N,23.14,984240,USD,1.2691466083151
2026-03-13,AMAT.OQ,341.53,2079152,USD,1.2630829898894
2026-03-13,AMBA.OQ,52.29,252311,USD,-0.247996947729879
2026-03-13,AMC.N,1.09,2466322,USD,0.0
2026-03-13,AMCR.N,40.57,1424943,USD,0.595090503347389
2026-03-13,AMD.OQ,193.39,6691145,USD,-2.1998583999191
2026-03-13,AME.N,214.49,316652,USD,-0.500997355847281
2026-03-13,AMG.N,271.95,65119,USD,0.562067817919603
2026-03-13,AMGN.OQ,366.21,633886,USD,-0.429592974251622
2026-03-13,AMH.N,28.37,953567,USD,0.279524807826695
2026-03-13,AMKR.OQ,42.99,927044,USD,4.16767627816816
2026-03-13,AMLX.OQ,13.99,292399,USD,-2.71210013908206
2026-03-16,AFL.N,109.11,699645,USD,0.367951430411191
2026-03-16,AFRM.OQ,47.69,1469183,USD,1.72781569965869
2026-03-16,AGCO.N,118.53,175649,USD,-0.033735346208984
2026-03-16,AGIO.OQ,28.84,230925,USD,3.55475763016157
2026-03-16,AGNC.OQ,10.33,3103097,USD,0.977517106549361
2026-03-16,AGO.N,83.51,119835,USD,0.155912688894231
2026-03-16,AGX.N,466.52,74417,USD,1.79136392398158
2026-03-16,AGYS.OQ,68.24,168692,USD,-0.365016790772376
2026-03-16,AHR.N,52.7,954357,USD,1.03527607361964
2026-03-16,AI.N,8.8,1246381,USD,-1.23456790123456
2026-03-16,AIG.N,76.54,677787,USD,0.325775345321881
2026-03-16,AIN.N,54.09,118108,USD,0.970692551801387
2026-03-16,AIR.N,105.64,182162,USD,3.66009223824944
2026-03-16,AIT.N,256.83,117458,USD,0.461568550752974
2026-03-16,AIZ.N,222.15,112321,USD,1.65652313183545
2026-03-16,AJG.N,211.85,394059,USD,1.88524984369739
2026-03-16,AKAM.OQ,105.44,1380489,USD,-2.07114330825671
2026-03-16,AKR.N,20.39,255690,USD,1.19106699751862
2026-03-16,AL.N,64.61,476512,USD,0.139491630502175
2026-03-16,ALAB.OQ,127.48,1475304,USD,5.95960435541518
2026-03-16,ALB.N,162.44,299675,USD,2.66717229174567
2026-03-16,ALG.N,169.93,44737,USD,-0.497716360229532
2026-03-16,ALGM.OQ,31.38,578633,USD,0.8030838419531
2026-03-16,ALGN.OQ,169.45,595964,USD,3.17846921999635
2026-03-16,ALGT.OQ,74.66,173908,USD,-0.506396588486154
2026-03-16,ALH.N,20.17,312819,USD,2.12658227848102
2026-03-16,ALHC.OQ,17.51,893504,USD,3.06062389640967
2026-03-16,ALIT.N,0.7894,3705108,USD,-13.7362036935854
2026-03-16,ALK.N,38.44,1209781,USD,1.1578947368421
2026-03-16,ALKS.OQ,28.0,575452,USD,0.864553314121032
2026-03-16,ALKT.OQ,17.61,511289,USD,-2.16666666666667
2026-03-16,ALL.N,207.81,423900,USD,0.795460057234328
2026-03-16,ALLE.N,145.82,269476,USD,0.323357413140694
2026-03-16,ALLY.N,35.96,1099738,USD,-0.498063087991145
2026-03-16,ALMS.OQ,26.2,385763,USD,5.60257960499799
2026-03-16,ALNY.OQ,318.91,406062,USD,1.75488976101592
2026-03-16,ALRM.OQ,46.13,156359,USD,-0.997961154630317
2026-03-16,ALSN.N,113.39,239298,USD,0.505229569225321
2026-03-16,AM.N,22.88,1013636,USD,-1.12359550561798
2026-03-16,AMAT.OQ,346.18,1774856,USD,1.36152021784325
2026-03-16,AMBA.OQ,52.39,297765,USD,0.19124115509658
2026-03-16,AMC.N,1.06,2418534,USD,-2.75229357798165
2026-03-16,AMCR.N,40.6,1226659,USD,0.073946265713584
2026-03-16,AMD.OQ,196.58,7410872,USD,1.64951652101971
2026-03-16,AME.N,214.51,456416,USD,0.167839992540436
2026-03-16,AMG.N,273.08,59012,USD,0.4155175583747
2026-03-16,AMGN.OQ,366.25,827727,USD,0.010922694628771
2026-03-16,AMH.N,28.46,842041,USD,0.317236517448008
2026-03-16,AMKR.OQ,44.63,1174129,USD,3.81484066061875
2026-03-16,AMLX.OQ,14.38,245685,USD,2.78770550393138
2026-03-17,AFL.N,109.52,831771,USD,0.375767574007879
2026-03-17,AFRM.OQ,47.56,1606992,USD,-0.272593835185564
2026-03-17,AGCO.N,116.52,206335,USD,-1.69577322196913
2026-03-17,AGIO.OQ,28.91,224235,USD,0.242718446601943
2026-03-17,AGNC.OQ,10.49,2647194,USD,1.54888673765731
2026-03-17,AGO.N,83.37,96607,USD,-0.167644593461862
2026-03-17,AGX.N,473.63,68164,USD,1.52405041584498
2026-03-17,AGYS.OQ,68.02,78621,USD,-0.322391559202812
2026-03-17,AHR.N,53.03,742220,USD,0.626185958254266
2026-03-17,AI.N,8.81,1098578,USD,0.113636363636361
2026-03-17,AIG.N,76.64,1059002,USD,0.13065064018813
2026-03-17,AIN.N,54.42,67273,USD,0.610094287298943
2026-03-17,AIR.N,108.76,130993,USD,2.95342673229838
2026-03-17,AIT.N,261.37,134330,USD,1.76770626484446
2026-03-17,AIZ.N,217.32,123237,USD,-2.17420661715058
2026-03-17,AJG.N,209.16,561730,USD,-1.2697663441114
2026-03-17,AKAM.OQ,105.84,896976,USD,0.379362670713207
2026-03-17,AKR.N,20.66,404475,USD,1.3241785188818
2026-03-17,AL.N,64.71,849454,USD,0.154774802662118
2026-03-17,ALAB.OQ,127.57,1765072,USD,0.07059930969563
2026-03-17,ALB.N,166.32,457584,USD,2.38857424279734
2026-03-17,ALG.N,166.79,40070,USD,-1.84781969046079
2026-03-17,ALGM.OQ,32.06,787238,USD,2.16698534098153
2026-03-17,ALGN.OQ,176.12,460826,USD,3.93626438477428
2026-03-17,ALGT.OQ,80.0,162460,USD,7.15242432360033
2026-03-17,ALH.N,20.46,226995,USD,1.43777887952404
2026-03-17,ALHC.OQ,17.92,922227,USD,2.34151913192462
2026-03-17,ALIT.N,0.7401,3280159,USD,-6.24524955662529
2026-03-17,ALK.N,38.95,981630,USD,1.32674297606661
2026-03-17,ALKS.OQ,27.65,522023,USD,-1.25000000000001
2026-03-17,ALKT.OQ,17.72,400994,USD,0.624645088018168
2026-03-17,ALL.N,207.27,543095,USD,-0.259852750108268
2026-03-17,ALLE.N,145.91,224241,USD,0.061719928679196
2026-03-17,ALLY.N,37.36,1185496,USD,3.89321468298109
2026-03-17,ALMS.OQ,26.21,386660,USD,0.038167938931304
2026-03-17,ALNY.OQ,320.42,507940,USD,0.47348781787965
2026-03-17,ALRM.OQ,46.15,135221,USD,0.043355733795786
2026-03-17,ALSN.N,114.21,380833,USD,0.723167827850774
2026-03-17,AM.N,22.94,712510,USD,0.262237762237772
2026-03-17,AMAT.OQ,352.46,1857757,USD,1.81408515801028
2026-03-17,AMBA.OQ,52.69,236048,USD,0.572628364191634
2026-03-17,AMC.N,1.08,2702721,USD,1.88679245283019
2026-03-17,AMCR.N,40.71,1283075,USD,0.270935960591132
2026-03-17,AMD.OQ,196.31,4749246,USD,-0.137348662122296
2026-03-17,AME.N,215.56,382767,USD,0.489487669572519
2026-03-17,AMG.N,278.86,74787,USD,2.11659586934233
2026-03-17,AMGN.OQ,361.13,1018641,USD,-1.39795221843004
2026-03-17,AMH.N,28.59,802772,USD,0.456781447645815
2026-03-17,AMKR.OQ,46.34,1220945,USD,3.83150347300023
2026-03-17,AMLX.OQ,14.29,215043,USD,-0.625869262865102
2026-03-18,AFL.N,107.92,1343151,USD,-1.46092037983929
2026-03-18,AFRM.OQ,44.42,3978393,USD,-6.60218671152229
2026-03-18,AGCO.N,112.55,354193,USD,-3.40714040508067
2026-03-18,AGIO.OQ,28.13,231721,USD,-2.69802836388793
2026-03-18,AGNC.OQ,10.3,3121772,USD,-1.81124880838894
2026-03-18,AGO.N,82.51,86111,USD,-1.03154611970733
2026-03-18,AGX.N,469.81,89671,USD,-0.806536748094503
2026-03-18,AGYS.OQ,67.54,142666,USD,-0.705674801528947
2026-03-18,AHR.N,52.57,990244,USD,-0.867433528191591
2026-03-18,AI.N,8.61,1237123,USD,-2.27014755959139
2026-03-18,AIG.N,74.33,1406692,USD,-3.01409185803758
2026-03-18,AIN.N,52.86,112055,USD,-2.86659316427784
2026-03-18,AIR.N,108.85,169529,USD,0.082751011401241
2026-03-18,AIT.N,258.51,120672,USD,-1.09423422734056
2026-03-18,AIZ.N,212.1,208297,USD,-2.40198785201546
2026-03-18,AJG.N,209.48,416294,USD,0.152992924077258
2026-03-18,AKAM.OQ,108.86,1398344,USD,2.85336356764928
2026-03-18,AKR.N,20.08,498307,USD,-2.80735721200388
2026-03-18,AL.N,64.61,507180,USD,-0.154535620460507
2026-03-18,ALAB.OQ,126.34,1294829,USD,-0.964176530532249
2026-03-18,ALB.N,165.83,344071,USD,-0.294612794612783
2026-03-18,ALG.N,167.7,42181,USD,0.545596258768509
2026-03-18,ALGM.OQ,31.52,764455,USD,-1.68434185901436
2026-03-18,ALGN.OQ,172.41,609798,USD,-2.10651828298888
2026-03-18,ALGT.OQ,77.19,193615,USD,-3.5125
2026-03-18,ALH.N,19.97,278798,USD,-2.39491691104595
2026-03-18,ALHC.OQ,18.19,1583658,USD,1.50669642857143
2026-03-18,ALIT.N,0.6829,4683498,USD,-7.72868531279557
2026-03-18,ALK.N,37.88,1301882,USD,-2.74711168164313
2026-03-18,ALKS.OQ,27.2,758312,USD,-1.62748643761302
2026-03-18,ALKT.OQ,17.41,562795,USD,-1.74943566591421
2026-03-18,ALL.N,204.38,640818,USD,-1.39431659188499
2026-03-18,ALLE.N,144.66,159045,USD,-0.856692481666781
2026-03-18,ALLY.N,37.59,1521383,USD,0.615631691648833
2026-03-18,ALMS.OQ,25.42,360646,USD,-3.01411674933231
2026-03-18,ALNY.OQ,314.8,386159,USD,-1.75394794332439
2026-03-18,ALRM.OQ,46.06,179776,USD,-0.195016251354272
2026-03-18,ALSN.N,113.27,314946,USD,-0.82304526748971
2026-03-18,AM.N,22.74,663885,USD,-0.871839581517013
2026-03-18,AMAT.OQ,349.47,2016854,USD,-0.848323213981715
2026-03-18,AMBA.OQ,53.96,428850,USD,2.41032453976087
2026-03-18,AMC.N,1.02,3156858,USD,-5.55555555555556
2026-03-18,AMCR.N,39.85,1357121,USD,-2.11250307049865
2026-03-18,AMD.OQ,199.46,7321847,USD,1.60460496154042
2026-03-18,AME.N,212.77,409100,USD,-1.29430321024308
2026-03-18,AMG.N,275.65,95986,USD,-1.15111525496666
2026-03-18,AMGN.OQ,351.48,1027710,USD,-2.67216791737047
2026-03-18,AMH.N,28.27,970024,USD,-1.11927247289262
2026-03-18,AMKR.OQ,46.87,1481723,USD,1.14372032801035
2026-03-18,AMLX.OQ,13.79,245805,USD,-3.49895031490553
2026-03-19,AFL.N,107.17,1451774,USD,-0.694959229058562
2026-03-19,AFRM.OQ,44.43,1704378,USD,0.022512381809991
2026-03-19,AGCO.N,110.93,344090,USD,-1.43936028431807
2026-03-19,AGIO.OQ,27.92,266829,USD,-0.746533949520076
2026-03-19,AGNC.OQ,10.29,4114471,USD,-0.097087378640792
2026-03-19,AGO.N,82.03,110111,USD,-0.581747666949466
2026-03-19,AGX.N,479.9,105821,USD,2.14767672037632
2026-03-19,AGYS.OQ,69.56,109462,USD,2.9908202546639
2026-03-19,AHR.N,51.12,590072,USD,-2.75822712573712
2026-03-19,AI.N,8.67,1092670,USD,0.696864111498264
2026-03-19,AIG.N,73.89,1566793,USD,-0.591954796179198
2026-03-19,AIN.N,51.21,116066,USD,-3.12145289443814
2026-03-19,AIR.N,109.21,134845,USD,0.330730362884703
2026-03-19,AIT.N,256.58,136044,USD,-0.74658620556265
2026-03-19,AIZ.N,211.86,121611,USD,-0.113154172560104
2026-03-19,AJG.N,209.68,528330,USD,0.09547450830629
2026-03-19,AKAM.OQ,110.0,1101929,USD,1.04721660848797
2026-03-19,AKR.N,20.26,565242,USD,0.896414342629498
2026-03-19,AL.N,64.58,735366,USD,-0.04643244079864
2026-03-19,ALAB.OQ,126.16,1194243,USD,-0.142472692733898
2026-03-19,ALB.N,163.26,443675,USD,-1.54977989507328
2026-03-19,ALG.N,163.17,31542,USD,-2.70125223613596
2026-03-19,ALGM.OQ,30.91,757080,USD,-1.93527918781726
2026-03-19,ALGN.OQ,176.25,705356,USD,2.22724899947799
2026-03-19,ALGT.OQ,79.23,100992,USD,2.64282938204431
2026-03-19,ALH.N,19.48,198507,USD,-2.45368052078116
2026-03-19,ALHC.OQ,18.16,1429057,USD,-0.164925783397477
2026-03-19,ALIT.N,0.668,4493306,USD,-2.18187143066333
2026-03-19,ALK.N,37.93,1349501,USD,0.131995776135156
2026-03-19,ALKS.OQ,28.4,963442,USD,4.41176470588235
2026-03-19,ALKT.OQ,16.93,411837,USD,-2.75703618609995
2026-03-19,ALL.N,204.07,517344,USD,-0.151678246403759
2026-03-19,ALLE.N,143.83,201619,USD,-0.573759159408257
2026-03-19,ALLY.N,38.09,1183868,USD,1.33014099494546
2026-03-19,ALMS.OQ,25.38,254276,USD,-0.157356412273811
2026-03-19,ALNY.OQ,311.1,275344,USD,-1.17534942820838
2026-03-19,ALRM.OQ,46.31,118872,USD,0.542770299609205
2026-03-19,ALSN.N,112.19,261972,USD,-0.953474000176568
2026-03-19,AM.N,23.07,674995,USD,1.45118733509236
2026-03-19,AMAT.OQ,357.21,2383712,USD,2.21478238475404
2026-03-19,AMBA.OQ,55.86,319695,USD,3.52112676056338
2026-03-19,AMC.N,1.03,3374507,USD,0.980392156862746
2026-03-19,AMCR.N,38.69,1595219,USD,-2.91091593475534
2026-03-19,AMD.OQ,205.27,7743319,USD,2.91286473478392
2026-03-19,AME.N,211.5,561111,USD,-0.596888659115482
2026-03-19,AMG.N,278.67,87920,USD,1.09559223653185
2026-03-19,AMGN.OQ,349.92,818507,USD,-0.443837487196996
2026-03-19,AMH.N,28.14,841747,USD,-0.459851432614075
2026-03-19,AMKR.OQ,48.13,1081937,USD,2.68828675058674
2026-03-19,AMLX.OQ,14.05,239955,USD,1.88542422044961
2026-03-20,AFL.N,106.22,3643646,USD,-0.886442101334331
2026-03-20,AFRM.OQ,43.81,2260918,USD,-1.39545352239477
2026-03-20,AGCO.N,109.26,1024423,USD,-1.50545388984044
2026-03-20,AGIO.OQ,27.86,1035546,USD,-0.214899713467057
2026-03-20,AGNC.OQ,9.75,15102937,USD,-5.24781341107871
2026-03-20,AGO.N,80.81,415763,USD,-1.48726075825917
2026-03-20,AGX.N,473.85,1636539,USD,-1.2606793081892
2026-03-20,AGYS.OQ,70.81,332906,USD,1.79700977573318
2026-03-20,AHR.N,48.11,4315889,USD,-5.88810641627543
2026-03-20,AI.N,8.47,3699248,USD,-2.30680507497116
2026-03-20,AIG.N,74.39,3217036,USD,0.676681553660847
2026-03-20,AIN.N,49.04,489497,USD,-3.69068541300528
2026-03-20,AIR.N,101.33,886873,USD,-7.21545646003113
2026-03-20,AIT.N,253.77,517105,USD,-1.09517499415386
2026-03-20,AIZ.N,212.81,335375,USD,0.448409326913994
2026-03-20,AJG.N,214.82,1545494,USD,2.45135444486836
2026-03-20,AKAM.OQ,110.48,6582928,USD,0.43636363636364
2026-03-20,AKR.N,19.39,1412448,USD,-4.29417571569596
2026-03-20,AL.N,64.61,858424,USD,0.046454010529577
2026-03-20,ALAB.OQ,116.04,5185516,USD,-8.02155992390614
2026-03-20,ALB.N,156.7,1413226,USD,-4.01813058924415
2026-03-20,ALG.N,159.8,226533,USD,-2.06533063675919
2026-03-20,ALGM.OQ,29.95,1421169,USD,-3.10579100614688
2026-03-20,ALGN.OQ,173.18,1160782,USD,-1.7418439716312
2026-03-20,ALGT.OQ,77.05,261244,USD,-2.75148302410704
2026-03-20,ALH.N,19.34,492793,USD,-0.71868583162218
2026-03-20,ALHC.OQ,17.34,2920301,USD,-4.51541850220264
2026-03-20,ALIT.N,0.6823,11335520,USD,2.14071856287425
2026-03-20,ALK.N,36.91,2002036,USD,-2.6891642499341
2026-03-20,ALKS.OQ,28.15,2368762,USD,-0.880281690140845
2026-03-20,ALKT.OQ,16.82,566960,USD,-0.649734199645596
2026-03-20,ALL.N,205.62,1957136,USD,0.759543293967762
2026-03-20,ALLE.N,142.49,793267,USD,-0.931655426545229
2026-03-20,ALLY.N,38.43,2344001,USD,0.892622735626139
2026-03-20,ALMS.OQ,25.06,2488504,USD,-1.2608353033885
2026-03-20,ALNY.OQ,312.17,933268,USD,0.343940855030535
2026-03-20,ALRM.OQ,44.37,596896,USD,-4.18916000863745
2026-03-20,ALSN.N,110.7,1399916,USD,-1.32810410910063
2026-03-20,AM.N,22.65,4544660,USD,-1.82054616384916
2026-03-20,AMAT.OQ,357.06,10185147,USD,-0.041992105484163
2026-03-20,AMBA.OQ,54.02,1236282,USD,-3.29394915861081
2026-03-20,AMC.N,0.9807,7338124,USD,-4.78640776699029
2026-03-20,AMCR.N,38.28,16303520,USD,-1.05970535021969
2026-03-20,AMD.OQ,201.33,11598463,USD,-1.91942319871389
2026-03-20,AME.N,209.37,1099367,USD,-1.00709219858156
2026-03-20,AMG.N,278.17,388265,USD,-0.179423691104173
2026-03-20,AMGN.OQ,347.8,5420877,USD,-0.605852766346595
2026-03-20,AMH.N,27.38,3258391,USD,-2.70078180525942
2026-03-20,AMKR.OQ,45.81,3153880,USD,-4.82027841263245
2026-03-20,AMLX.OQ,13.81,933033,USD,-1.70818505338078
2026-03-23,AFL.N,106.65,1764127,USD,0.404820184522695
2026-03-23,AFRM.OQ,46.16,1936927,USD,5.36407212965075
2026-03-23,AGCO.N,114.11,376796,USD,4.43895295625114
2026-03-23,AGIO.OQ,28.11,477196,USD,0.897343862167983
2026-03-23,AGNC.OQ,10.01,6606792,USD,2.66666666666666
2026-03-23,AGO.N,81.45,111317,USD,0.791981190446728
2026-03-23,AGX.N,463.15,142731,USD,-2.25809855439486
2026-03-23,AGYS.OQ,72.49,112529,USD,2.37254625052958
2026-03-23,AHR.N,48.07,1078314,USD,-0.083142797755143
2026-03-23,AI.N,8.72,1356555,USD,2.95159386068477
2026-03-23,AIG.N,75.09,1006068,USD,0.940986691759649
2026-03-23,AIN.N,50.89,157161,USD,3.77243066884176
2026-03-23,AIR.N,103.49,149887,USD,2.13164906740353
2026-03-23,AIT.N,262.23,156603,USD,3.33372739094456
2026-03-23,AIZ.N,217.43,121745,USD,2.17095061322307
2026-03-23,AJG.N,216.74,587523,USD,0.89377152965274
2026-03-23,AKAM.OQ,114.43,2500196,USD,3.57530774800869
2026-03-23,AKR.N,19.42,576945,USD,0.15471892728211
2026-03-23,AL.N,64.71,434613,USD,0.154774802662118
2026-03-23,ALAB.OQ,123.87,1431139,USD,6.74767321613237
2026-03-23,ALB.N,167.56,589577,USD,6.9304403318443
2026-03-23,ALG.N,167.26,36337,USD,4.66833541927408
2026-03-23,ALGM.OQ,31.74,655416,USD,5.97662771285476
2026-03-23,ALGN.OQ,180.86,476573,USD,4.43469222773993
2026-03-23,ALGT.OQ,82.34,148165,USD,6.86567164179105
2026-03-23,ALH.N,19.81,184236,USD,2.43019648397104
2026-03-23,ALHC.OQ,17.51,1131564,USD,0.980392156862755
2026-03-23,ALIT.N,0.6729,3296360,USD,-1.3776930968782
2026-03-23,ALK.N,38.63,1142056,USD,4.65998374424277
2026-03-23,ALKS.OQ,27.71,865472,USD,-1.56305506216696
2026-03-23,ALKT.OQ,16.96,461684,USD,0.832342449464926
2026-03-23,ALL.N,207.76,577785,USD,1.04075479039003
2026-03-23,ALLE.N,143.63,278261,USD,0.800056144290818
2026-03-23,ALLY.N,39.22,911131,USD,2.05568566224304
2026-03-23,ALMS.OQ,23.36,689230,USD,-6.78371907422187
2026-03-23,ALNY.OQ,306.66,502099,USD,-1.7650639074863
2026-03-23,ALRM.OQ,45.0,168732,USD,1.41987829614605
2026-03-23,ALSN.N,114.66,317020,USD,3.57723577235772
2026-03-23,AM.N,22.96,1000468,USD,1.36865342163356
2026-03-23,AMAT.OQ,361.79,2645828,USD,1.32470733210105
2026-03-23,AMBA.OQ,54.575,227710,USD,1.02739726027397
2026-03-23,AMC.N,1.02,4364468,USD,4.00734169470786
2026-03-23,AMCR.N,39.36,2037464,USD,2.82131661442006
2026-03-23,AMD.OQ,202.68,8907293,USD,0.67054090299508
2026-03-23,AME.N,212.81,482067,USD,1.64302431102832
2026-03-23,AMG.N,275.28,119836,USD,-1.0389330265665
2026-03-23,AMGN.OQ,349.77,935361,USD,0.56641748131109
2026-03-23,AMH.N,27.54,1212168,USD,0.58436815193572
2026-03-23,AMKR.OQ,46.12,1792033,USD,0.676708142326992
2026-03-23,AMLX.OQ,13.53,377251,USD,-2.02751629254164
2026-03-23,AFL.N,106.65,,USD,0.404820184522695
2026-03-23,AFRM.OQ,46.16,,USD,5.36407212965075
2026-03-23,AGCO.N,114.11,,USD,4.43895295625114
2026-03-23,AGIO.OQ,28.11,,USD,0.897343862167983
2026-03-23,AGNC.OQ,10.01,,USD,2.66666666666666
2026-03-23,AGO.N,81.45,,USD,0.791981190446728
2026-03-23,AGX.N,463.15,,USD,-2.25809855439486
2026-03-23,AGYS.OQ,72.49,,USD,2.37254625052958
2026-03-23,AHR.N,48.07,,USD,-0.083142797755143
2026-03-23,AI.N,8.72,,USD,2.95159386068477
2026-03-23,AIG.N,75.09,,USD,0.940986691759649
2026-03-23,AIN.N,50.89,,USD,3.77243066884176
2026-03-23,AIR.N,103.49,,USD,2.13164906740353
2026-03-23,AIT.N,262.23,,USD,3.33372739094456
2026-03-23,AIZ.N,217.43,,USD,2.17095061322307
2026-03-23,AJG.N,216.74,,USD,0.89377152965274
2026-03-23,AKAM.OQ,114.43,,USD,3.57530774800869
2026-03-23,AKR.N,19.42,,USD,0.15471892728211
2026-03-23,AL.N,64.71,,USD,0.154774802662118
2026-03-23,ALAB.OQ,123.87,,USD,6.74767321613237
2026-03-23,ALB.N,167.56,,USD,6.9304403318443
2026-03-23,ALG.N,167.26,,USD,4.66833541927408
2026-03-23,ALGM.OQ,31.74,,USD,5.97662771285476
2026-03-23,ALGN.OQ,180.86,,USD,4.43469222773993
2026-03-23,ALGT.OQ,82.34,,USD,6.86567164179105
2026-03-23,ALH.N,19.81,,USD,2.43019648397104
2026-03-23,ALHC.OQ,17.51,,USD,0.980392156862755
2026-03-23,ALIT.N,0.6729,,USD,-1.3776930968782
2026-03-23,ALK.N,38.63,,USD,4.65998374424277
2026-03-23,ALKS.OQ,27.71,,USD,-1.56305506216696
2026-03-23,ALKT.OQ,16.96,,USD,0.832342449464926
2026-03-23,ALL.N,207.76,,USD,1.04075479039003
2026-03-23,ALLE.N,143.63,,USD,0.800056144290818
2026-03-23,ALLY.N,39.22,,USD,2.05568566224304
2026-03-23,ALMS.OQ,23.36,,USD,-6.78371907422187
2026-03-23,ALNY.OQ,306.66,,USD,-1.7650639074863
2026-03-23,ALRM.OQ,45.0,,USD,1.41987829614605
2026-03-23,ALSN.N,114.66,,USD,3.57723577235772
2026-03-23,AM.N,22.96,,USD,1.36865342163356
2026-03-23,AMAT.OQ,361.79,,USD,1.32470733210105
2026-03-23,AMBA.OQ,54.575,,USD,1.02739726027397
2026-03-23,AMC.N,1.02,,USD,4.00734169470786
2026-03-23,AMCR.N,39.36,,USD,2.82131661442006
2026-03-23,AMD.OQ,202.68,,USD,0.67054090299508
2026-03-23,AME.N,212.81,,USD,1.64302431102832
2026-03-23,AMG.N,275.28,,USD,-1.0389330265665
2026-03-23,AMGN.OQ,349.77,,USD,0.56641748131109
2026-03-23,AMH.N,27.54,,USD,0.58436815193572
2026-03-23,AMKR.OQ,46.12,,USD,0.676708142326992
2026-03-23,AMLX.OQ,13.53,,USD,-2.02751629254164
2026-03-24,AFL.N,,0,,
2026-03-24,AFRM.OQ,,0,,
2026-03-24,AGCO.N,,0,,
2026-03-24,AGIO.OQ,,0,,
2026-03-24,AGNC.OQ,,0,,
2026-03-24,AGO.N,,0,,
2026-03-24,AGX.N,,0,,
2026-03-24,AGYS.OQ,,0,,
2026-03-24,AHR.N,,0,,
2026-03-24,AI.N,,0,,
2026-03-24,AIG.N,,0,,
2026-03-24,AIN.N,,0,,
2026-03-24,AIR.N,,0,,
2026-03-24,AIT.N,,0,,
2026-03-24,AIZ.N,,0,,
2026-03-24,AJG.N,,0,,
2026-03-24,AKAM.OQ,,0,,
2026-03-24,AKR.N,,0,,
2026-03-24,AL.N,,0,,
2026-03-24,ALAB.OQ,,0,,
2026-03-24,ALB.N,,0,,
2026-03-24,ALG.N,,0,,
2026-03-24,ALGM.OQ,,0,,
2026-03-24,ALGN.OQ,,0,,
2026-03-24,ALGT.OQ,,0,,
2026-03-24,ALH.N,,0,,
2026-03-24,ALHC.OQ,,0,,
2026-03-24,ALIT.N,,0,,
2026-03-24,ALK.N,,0,,
2026-03-24,ALKS.OQ,,0,,
2026-03-24,ALKT.OQ,,0,,
2026-03-24,ALL.N,,0,,
2026-03-24,ALLE.N,,0,,
2026-03-24,ALLY.N,,0,,
2026-03-24,ALMS.OQ,,0,,
2026-03-24,ALNY.OQ,,0,,
2026-03-24,ALRM.OQ,,0,,
2026-03-24,ALSN.N,,0,,
2026-03-24,AM.N,,0,,
2026-03-24,AMAT.OQ,,0,,
2026-03-24,AMBA.OQ,,0,,
2026-03-24,AMC.N,,0,,
2026-03-24,AMCR.N,,0,,
2026-03-24,AMD.OQ,,0,,
2026-03-24,AME.N,,0,,
2026-03-24,AMG.N,,0,,
2026-03-24,AMGN.OQ,,0,,
2026-03-24,AMH.N,,0,,
2026-03-24,AMKR.OQ,,0,,
2026-03-24,AMLX.OQ,,0,,
2026-02-12,AMN.N,16.26,679091,USD,-16.7860798362334
2026-02-12,AMP.N,467.3,405955,USD,-3.8398222075891
2026-02-12,AMPL.OQ,6.21,1265911,USD,-7.45156482861401
2026-02-12,AMPX.N,10.19,1216337,USD,-8.28082808280828
2026-02-12,AMR.N,187.79,62644,USD,-1.63427793200985
2026-02-12,AMRC.N,33.29,110852,USD,-1.18729593351142
2026-02-12,AMRX.OQ,14.63,557536,USD,-0.476190476190466
2026-02-12,AMSC.OQ,31.95,482295,USD,-6.74255691768826
2026-02-12,AMT.N,188.19,1185615,USD,4.27194148936171
2026-02-12,AMTM.N,30.07,760129,USD,-1.0529779532741
2026-02-12,AMZN.OQ,199.6,22447030,USD,-2.1952175617405
2026-02-12,AN.N,206.6,95067,USD,-0.582262643761132
2026-02-12,ANAB.OQ,54.9,256114,USD,-0.63348416289593
2026-02-12,ANDE.OQ,68.64,118637,USD,-0.680075242367239
2026-02-12,ANET.N,135.12,2463263,USD,-3.93857528792833
2026-02-12,ANF.N,91.92,296697,USD,0.480979449059901
2026-02-12,ANGI.OQ,8.605,953958,USD,-6.46739130434781
2026-02-12,ANIP.OQ,76.7,108921,USD,0.590163934426233
2026-02-12,AON.N,314.49,562229,USD,1.45820563280317
2026-02-12,AORT.N,40.65,216346,USD,1.3715710723192
2026-02-12,AOS.N,79.62,327006,USD,-0.747943156320112
2026-02-12,APA.OQ,26.92,2555701,USD,-4.74168435951876
2026-02-12,APAM.N,43.23998809,171034,USD,-1.03907838265191
2026-02-12,APD.N,291.5,348348,USD,-0.559459643856173
2026-02-12,APG.N,43.9,810959,USD,-2.42276061346967
2026-02-12,APGE.OQ,69.31,305330,USD,5.31834067770856
2026-02-12,APH.N,143.73,3105115,USD,-0.21521799500139
2026-02-12,APLD.OQ,36.17,4127359,USD,-1.17486338797814
2026-02-12,APLE.N,12.23,660808,USD,-0.971659919028334
2026-02-12,APLS.OQ,22.05,798703,USD,-1.16539668310174
2026-02-12,APO.N,125.37,1499682,USD,-1.24458448207956
2026-02-12,APP.OQ,366.91,4819499,USD,-19.6799544668462
2026-02-12,APPF.OQ,175.93,170610,USD,-1.5721159225691
2026-02-12,APPN.OQ,22.38,492131,USD,-4.39982913284921
2026-02-12,APTV.N,83.0,705076,USD,-0.907354345749767
2026-02-12,AQST.OQ,3.75,704861,USD,-1.83246073298429
2026-02-12,AR.N,33.81,1952684,USD,-3.70264881800056
2026-02-12,ARCB.OQ,101.59,220513,USD,-4.18749410544185
2026-02-12,ARDX.OQ,7.01,763673,USD,-3.4435261707989
2026-02-12,ARE.N,50.4,958298,USD,-6.25
2026-02-12,ARES.N,133.94,883290,USD,-2.50400349395836
2026-02-12,ARLO.N,11.23,348984,USD,-2.85467128027682
2026-02-12,ARMK.N,39.16,1422477,USD,-7.18179663427353
2026-02-12,AROC.N,31.77,465936,USD,-1.91417104044459
2026-02-12,ARQT.OQ,26.71,399734,USD,0.451297480255739
2026-02-12,ARR.N,18.14,985443,USD,2.71800679501699
2026-02-12,ARRY.OQ,10.69,1319645,USD,-3.6936936936937
2026-02-12,ARVN.OQ,11.835,392908,USD,-9.58747135217723
2026-02-12,ARW.N,155.64,177346,USD,-1.37507128825804
2026-02-12,ARWR.OQ,62.38,734614,USD,1.34849715678311
2026-02-13,AMN.N,16.25,645973,USD,-0.06150061500616
2026-02-13,AMP.N,473.67,238613,USD,1.36315001069977
2026-02-13,AMPL.OQ,6.34,1110112,USD,2.09339774557166
2026-02-13,AMPX.N,9.97,2523575,USD,-2.15897939156034
2026-02-13,AMR.N,185.52,38844,USD,-1.20879706054635
2026-02-13,AMRC.N,32.68,131794,USD,-1.83238209672574
2026-02-13,AMRX.OQ,14.82,822532,USD,1.29870129870129
2026-02-13,AMSC.OQ,34.26,571486,USD,7.2300469483568
2026-02-13,AMT.N,192.1,1060472,USD,2.0776874435411
2026-02-13,AMTM.N,31.0,816532,USD,3.09278350515464
2026-02-13,AMZN.OQ,198.79,17993628,USD,-0.405811623246494
2026-02-13,AN.N,201.76,155876,USD,-2.34269119070668
2026-02-13,ANAB.OQ,53.08,225293,USD,-3.31511839708561
2026-02-13,ANDE.OQ,69.03,70750,USD,0.568181818181819
2026-02-13,ANET.N,141.59,3923815,USD,4.78833629366489
2026-02-13,ANF.N,93.7,329014,USD,1.93646649260226
2026-02-13,ANGI.OQ,8.1,691380,USD,-5.86868099941895
2026-02-13,ANIP.OQ,77.36,119512,USD,0.860495436766619
2026-02-13,AON.N,321.7,543882,USD,2.2926007186238
2026-02-13,AORT.N,36.6,324578,USD,-9.9630996309963
2026-02-13,AOS.N,80.46,448040,USD,1.05501130369253
2026-02-13,APA.OQ,27.92,2371399,USD,3.7147102526003
2026-02-13,APAM.N,42.59,169547,USD,2.15081444533302
2026-02-13,APD.N,279.74,717502,USD,-4.03430531732418
2026-02-13,APG.N,44.41,668855,USD,1.16173120728929
2026-02-13,APGE.OQ,67.78,247720,USD,-2.20747366902323
2026-02-13,APH.N,146.72,2152054,USD,2.0802894315731
2026-02-13,APLD.OQ,35.28,4335314,USD,-2.4606027094277
2026-02-13,APLE.N,12.27,518202,USD,0.327064595257556
2026-02-13,APLS.OQ,21.7,1336398,USD,-1.58730158730159
2026-02-13,APO.N,125.07,931907,USD,-0.239291696578138
2026-02-13,APP.OQ,390.55,1951472,USD,6.44299692022567
2026-02-13,APPF.OQ,178.41,123888,USD,1.40965156596373
2026-02-13,APPN.OQ,22.87,378312,USD,2.18945487042003
2026-02-13,APTV.N,85.2,1078844,USD,2.65060240963856
2026-02-13,AQST.OQ,3.65,775342,USD,-2.66666666666667
2026-02-13,AR.N,34.76,1660360,USD,2.8098195800059
2026-02-13,ARCB.OQ,104.4,97715,USD,2.76602027758638
2026-02-13,ARDX.OQ,6.87,961622,USD,-1.99714693295292
2026-02-13,ARE.N,52.49,736690,USD,4.1468253968254
2026-02-13,ARES.N,133.88,617476,USD,-0.044796177392864
2026-02-13,ARLO.N,11.42,477572,USD,1.69189670525378
2026-02-13,ARMK.N,38.98,1013263,USD,-0.459652706843717
2026-02-13,AROC.N,32.66,622810,USD,2.80138495435945
2026-02-13,ARQT.OQ,25.86,258892,USD,-3.18232871583677
2026-02-13,ARR.N,18.3,1323067,USD,0.882028665931644
2026-02-13,ARRY.OQ,11.16,1083554,USD,4.39663236669785
2026-02-13,ARVN.OQ,11.65,305132,USD,-1.5631601182932
2026-02-13,ARW.N,156.19,203653,USD,0.353379593934728
2026-02-13,ARWR.OQ,63.82,628568,USD,2.30843218980442
2026-02-17,AMN.N,16.39,520782,USD,0.861538461538465
2026-02-17,AMP.N,468.78,196544,USD,-1.03236430426247
2026-02-17,AMPL.OQ,6.34,1074183,USD,0.0
2026-02-17,AMPX.N,9.77,970085,USD,-2.0060180541625
2026-02-17,AMR.N,181.41,70481,USD,-2.21539456662355
2026-02-17,AMRC.N,32.49,143579,USD,-0.581395348837202
2026-02-17,AMRX.OQ,15.19,886898,USD,2.4966261808367
2026-02-17,AMSC.OQ,36.66,457479,USD,7.00525394045534
2026-02-17,AMT.N,193.09,803119,USD,0.515356585111926
2026-02-17,AMTM.N,30.05,446601,USD,-3.06451612903226
2026-02-17,AMZN.OQ,201.15,16561388,USD,1.18718245384577
2026-02-17,AN.N,200.15,99701,USD,-0.797977795400468
2026-02-17,ANAB.OQ,53.695,124989,USD,1.1586284853052
2026-02-17,ANDE.OQ,67.01,139879,USD,-2.92626394321309
2026-02-17,ANET.N,142.58,2010905,USD,0.699201921039628
2026-02-17,ANF.N,94.11,379456,USD,0.437566702241192
2026-02-17,ANGI.OQ,7.92,477225,USD,-2.22222222222222
2026-02-17,ANIP.OQ,78.9,73333,USD,1.99069286452948
2026-02-17,AON.N,325.96,338356,USD,1.32421510724277
2026-02-17,AORT.N,36.5,178308,USD,-0.273224043715851
2026-02-17,AOS.N,79.47,381500,USD,-1.2304250559284
2026-02-17,APA.OQ,27.34,1734618,USD,-2.07736389684814
2026-02-17,APAM.N,42.39,163251,USD,-0.469593801361829
2026-02-17,APD.N,277.69,491556,USD,-0.732823335954819
2026-02-17,APG.N,44.43,665161,USD,0.045034902049095
2026-02-17,APGE.OQ,69.64,136097,USD,2.74417232221894
2026-02-17,APH.N,148.57,1820078,USD,1.26090512540894
2026-02-17,APLD.OQ,33.56,4068015,USD,-4.87528344671202
2026-02-17,APLE.N,12.29,696218,USD,0.162999185004072
2026-02-17,APLS.OQ,21.57,671342,USD,-0.59907834101382
2026-02-17,APO.N,125.15,867977,USD,0.063964180059177
2026-02-17,APP.OQ,376.38,1321966,USD,-3.62821661759058
2026-02-17,APPF.OQ,168.79,176513,USD,-5.3920744352895
2026-02-17,APPN.OQ,23.04,457499,USD,0.743331875819843
2026-02-17,APTV.N,82.77,587982,USD,-2.85211267605635
2026-02-17,AQST.OQ,3.88,548094,USD,6.3013698630137
2026-02-17,AR.N,33.63,1324888,USD,-3.25086306098963
2026-02-17,ARCB.OQ,104.98,65559,USD,0.555555555555554
2026-02-17,ARDX.OQ,6.76,868948,USD,-1.60116448326056
2026-02-17,ARE.N,54.41,649382,USD,3.65783958849304
2026-02-17,ARES.N,130.41,737664,USD,-2.5918733193905
2026-02-17,ARLO.N,11.66,526553,USD,2.1015761821366
2026-02-17,ARMK.N,39.27,899536,USD,0.743971267316589
2026-02-17,AROC.N,32.7,436868,USD,0.122473974280485
2026-02-17,ARQT.OQ,26.61,447094,USD,2.90023201856149
2026-02-17,ARR.N,17.78,920622,USD,-1.53005464480874
2026-02-17,ARRY.OQ,11.29,1092130,USD,1.16487455197132
2026-02-17,ARVN.OQ,11.44,291483,USD,-1.80257510729614
2026-02-17,ARW.N,152.79,155596,USD,-2.17683590498752
2026-02-17,ARWR.OQ,63.69,544591,USD,-0.203697900344724
2026-02-18,AMN.N,17.08,713177,USD,4.20988407565587
2026-02-18,AMP.N,477.79,129540,USD,1.92201032467256
2026-02-18,AMPL.OQ,7.18,1761339,USD,13.2492113564669
2026-02-18,AMPX.N,9.91,978140,USD,1.43295803480042
2026-02-18,AMR.N,180.79,66571,USD,-0.341767267515575
2026-02-18,AMRC.N,32.93,170866,USD,1.35426285010772
2026-02-18,AMRX.OQ,14.85,593127,USD,-2.23831468071099
2026-02-18,AMSC.OQ,34.78,499263,USD,-5.12820512820512
2026-02-18,AMT.N,186.62,832904,USD,-3.35076907141747
2026-02-18,AMTM.N,30.87,393517,USD,2.72878535773711
2026-02-18,AMZN.OQ,204.79,15905906,USD,1.80959482972905
2026-02-18,AN.N,205.04,158969,USD,2.44316762428178
2026-02-18,ANAB.OQ,54.83,246406,USD,2.11379085575938
2026-02-18,ANDE.OQ,64.64,215076,USD,-3.53678555439487
2026-02-18,ANET.N,139.54,1773542,USD,-2.13213634450836
2026-02-18,ANF.N,95.68,298394,USD,1.66826054616938
2026-02-18,ANGI.OQ,8.13,324229,USD,2.65151515151516
2026-02-18,ANIP.OQ,77.81,138283,USD,-1.38149556400507
2026-02-18,AON.N,322.98,272277,USD,-0.914222604000479
2026-02-18,AORT.N,37.52,150630,USD,2.79452054794521
2026-02-18,AOS.N,78.96,319515,USD,-0.641751604379017
2026-02-18,APA.OQ,28.61,2564293,USD,4.64520848573518
2026-02-18,APAM.N,42.43,233778,USD,0.094361877801366
2026-02-18,APD.N,282.39,630781,USD,1.69253484100975
2026-02-18,APG.N,44.16,605821,USD,-0.607697501688056
2026-02-18,APGE.OQ,70.27,230949,USD,0.904652498564037
2026-02-18,APH.N,147.73,2544759,USD,-0.565390051827424
2026-02-18,APLD.OQ,31.91,5152338,USD,-4.9165673420739
2026-02-18,APLE.N,12.27,513992,USD,-0.162733930024407
2026-02-18,APLS.OQ,22.2,656828,USD,2.92072322670375
2026-02-18,APO.N,125.36,914924,USD,0.167798641630039
2026-02-18,APP.OQ,404.39,1403753,USD,7.44194696848929
2026-02-18,APPF.OQ,176.78,138230,USD,4.73369275431009
2026-02-18,APPN.OQ,24.06,961815,USD,4.42708333333333
2026-02-18,APTV.N,83.81,379244,USD,1.25649389875559
2026-02-18,AQST.OQ,3.83,505159,USD,-1.28865979381443
2026-02-18,AR.N,33.85,1229630,USD,0.654177817424915
2026-02-18,ARCB.OQ,103.0,93507,USD,-1.88607353781673
2026-02-18,ARDX.OQ,6.72,833300,USD,-0.591715976331362
2026-02-18,ARE.N,54.16,527846,USD,-0.459474361330638
2026-02-18,ARES.N,133.97,501013,USD,2.72985200521433
2026-02-18,ARLO.N,11.48,525141,USD,-1.54373927958833
2026-02-18,ARMK.N,40.16,1029460,USD,2.5719378660555
2026-02-18,AROC.N,32.9,475021,USD,0.61162079510702
2026-02-18,ARQT.OQ,26.71,383781,USD,0.375798571965432
2026-02-18,ARR.N,17.68,685398,USD,-0.562429696287972
2026-02-18,ARRY.OQ,11.7,1923957,USD,3.63153232949513
2026-02-18,ARVN.OQ,11.82,205493,USD,3.32167832167833
2026-02-18,ARW.N,153.03,141370,USD,0.157078342823489
2026-02-18,ARWR.OQ,64.38,714731,USD,1.08337258596326
2026-02-19,AMN.N,17.28,753965,USD,1.17096018735365
2026-02-19,AMP.N,472.43,164188,USD,-1.12183176709433
2026-02-19,AMPL.OQ,7.16,1594304,USD,-0.27855153203342
2026-02-19,AMPX.N,10.35,1021884,USD,4.43995963673057
2026-02-19,AMR.N,176.73,68876,USD,-2.24569943027823
2026-02-19,AMRC.N,33.95,109732,USD,3.09747950197389
2026-02-19,AMRX.OQ,14.6,726925,USD,-1.68350168350168
2026-02-19,AMSC.OQ,33.78,320855,USD,-2.87521564117309
2026-02-19,AMT.N,184.79,781236,USD,-0.980602293430507
2026-02-19,AMTM.N,32.02,497447,USD,3.725299643667
2026-02-19,AMZN.OQ,204.86,10064913,USD,0.034181356511559
2026-02-19,AN.N,201.11,146547,USD,-1.91669918064767
2026-02-19,ANAB.OQ,55.46,105906,USD,1.14900601860296
2026-02-19,ANDE.OQ,64.86,205154,USD,0.340346534653464
2026-02-19,ANET.N,137.23,1302182,USD,-1.65543930055898
2026-02-19,ANF.N,95.9,318753,USD,0.229933110367892
2026-02-19,ANGI.OQ,8.08,407457,USD,-0.615006150061509
2026-02-19,ANIP.OQ,78.1,108129,USD,0.372702737437337
2026-02-19,AON.N,324.3,269799,USD,0.408694036782461
2026-02-19,AORT.N,38.0,96906,USD,1.27931769722814
2026-02-19,AOS.N,77.69,417001,USD,-1.60840932117527
2026-02-19,APA.OQ,29.08,2572332,USD,1.64278224397064
2026-02-19,APAM.N,41.83,214711,USD,-1.41409380155551
2026-02-19,APD.N,280.72,290034,USD,-0.591380714614526
2026-02-19,APG.N,44.41,619514,USD,0.566123188405797
2026-02-19,APGE.OQ,68.93,189880,USD,-1.9069304112708
2026-02-19,APH.N,151.2,1267422,USD,2.34887971298991
2026-02-19,APLD.OQ,31.53,2768495,USD,-1.19084926355374
2026-02-19,APLE.N,12.24,498137,USD,-0.244498777506107
2026-02-19,APLS.OQ,22.8,817363,USD,2.70270270270271
2026-02-19,APO.N,118.34,1680607,USD,-5.19304403318443
2026-02-19,APP.OQ,412.0,1538760,USD,1.88184673211504
2026-02-19,APPF.OQ,176.38,99718,USD,-0.226269940038469
2026-02-19,APPN.OQ,24.54,807953,USD,1.99501246882793
2026-02-19,APTV.N,80.46,443189,USD,-3.99713637990694
2026-02-19,AQST.OQ,3.96,523459,USD,3.39425587467363
2026-02-19,AR.N,35.03,1175069,USD,3.48596750369276
2026-02-19,ARCB.OQ,105.1,85065,USD,2.0388349514563
2026-02-19,ARDX.OQ,6.74,1968524,USD,0.297619047619054
2026-02-19,ARE.N,53.4,455105,USD,-1.40324963072378
2026-02-19,ARES.N,129.85,1028124,USD,-3.07531536911249
2026-02-19,ARLO.N,11.62,393093,USD,1.21951219512194
2026-02-19,ARMK.N,40.53,760116,USD,0.921314741035868
2026-02-19,AROC.N,32.87,523878,USD,-0.09118541033435
2026-02-19,ARQT.OQ,27.95,519270,USD,4.64245600898539
2026-02-19,ARR.N,17.66,888226,USD,-0.113122171945699
2026-02-19,ARRY.OQ,10.93,1276139,USD,-6.58119658119658
2026-02-19,ARVN.OQ,12.44,410665,USD,5.24534686971235
2026-02-19,ARW.N,153.88,172601,USD,0.555446644448797
2026-02-19,ARWR.OQ,63.86,687238,USD,-0.807704255980112
2026-02-20,AMN.N,19.32,977459,USD,11.8055555555556
2026-02-20,AMP.N,471.69,157108,USD,-0.156636962089624
2026-02-20,AMPL.OQ,7.08,1864672,USD,-1.11731843575419
2026-02-20,AMPX.N,9.52,1401622,USD,-8.01932367149758
2026-02-20,AMR.N,175.6,63534,USD,-0.639393424998583
2026-02-20,AMRC.N,33.73,146671,USD,-0.648011782032418
2026-02-20,AMRX.OQ,14.5,580033,USD,-0.684931506849313
2026-02-20,AMSC.OQ,34.04,385559,USD,0.769686204854938
2026-02-20,AMT.N,187.31,933663,USD,1.36371015747606
2026-02-20,AMTM.N,30.97,529858,USD,-3.27920049968771
2026-02-20,AMZN.OQ,210.11,18883606,USD,2.56272576393635
2026-02-20,AN.N,201.47,157007,USD,0.179006513848135
2026-02-20,ANAB.OQ,54.19,181079,USD,-2.28993869455464
2026-02-20,ANDE.OQ,65.65,135911,USD,1.21800801726797
2026-02-20,ANET.N,132.79,2056249,USD,-3.23544414486628
2026-02-20,ANF.N,96.41,479333,USD,0.531803962460887
2026-02-20,ANGI.OQ,8.41,447545,USD,4.08415841584158
2026-02-20,ANIP.OQ,77.77,117403,USD,-0.422535211267603
2026-02-20,AON.N,325.07,456629,USD,0.23743447425223
2026-02-20,AORT.N,38.33,138313,USD,0.868421052631574
2026-02-20,AOS.N,77.81,343262,USD,0.154460033466346
2026-02-20,APA.OQ,29.06,2739607,USD,-0.068775790921594
2026-02-20,APAM.N,41.6,247921,USD,-0.549844609132194
2026-02-20,APD.N,281.18,518890,USD,0.16386434881732
2026-02-20,APG.N,44.64,422468,USD,0.517901373564522
2026-02-20,APGE.OQ,68.39,386874,USD,-0.78340345277819
2026-02-20,APH.N,151.04,1811173,USD,-0.105820105820104
2026-02-20,APLD.OQ,29.04,5011137,USD,-7.89724072312084
2026-02-20,APLE.N,12.35,506818,USD,0.898692810457512
2026-02-20,APLS.OQ,22.28,825628,USD,-2.28070175438596
2026-02-20,APO.N,119.72,1403610,USD,1.16613148555011
2026-02-20,APP.OQ,418.68,1888145,USD,1.62135922330097
2026-02-20,APPF.OQ,172.23,143385,USD,-2.35287447556413
2026-02-20,APPN.OQ,25.14,823410,USD,2.44498777506113
2026-02-20,APTV.N,79.57,651494,USD,-1.10613969674372
2026-02-20,AQST.OQ,3.95,609481,USD,-0.252525252525247
2026-02-20,AR.N,35.54,1179746,USD,1.45589494718812
2026-02-20,ARCB.OQ,105.09,124099,USD,-0.009514747859173
2026-02-20,ARDX.OQ,5.73,2998536,USD,-14.9851632047478
2026-02-20,ARE.N,53.65,442756,USD,0.468164794007491
2026-02-20,ARES.N,123.16,1255004,USD,-5.15209857527917
2026-02-20,ARLO.N,11.61,414030,USD,-0.086058519793458
2026-02-20,ARMK.N,40.92,582037,USD,0.962250185048114
2026-02-20,AROC.N,32.87,590734,USD,0.0
2026-02-20,ARQT.OQ,25.415,735788,USD,-9.06976744186047
2026-02-20,ARR.N,17.89,911327,USD,1.30237825594564
2026-02-20,ARRY.OQ,11.23,1564507,USD,2.74473924977128
2026-02-20,ARVN.OQ,11.99,349305,USD,-3.61736334405144
2026-02-20,ARW.N,157.03,241065,USD,2.04704964907721
2026-02-20,ARWR.OQ,63.59,1084635,USD,-0.422799874725957
2026-02-23,AMN.N,20.81,907655,USD,7.71221532091096
2026-02-23,AMP.N,453.78,209397,USD,-3.79698530814731
2026-02-23,AMPL.OQ,6.5,1532412,USD,-8.19209039548023
2026-02-23,AMPX.N,10.2,2027978,USD,7.14285714285714
2026-02-23,AMR.N,176.79,44206,USD,0.67767653758542
2026-02-23,AMRC.N,32.88,99821,USD,-2.52001185887932
2026-02-23,AMRX.OQ,14.42,412126,USD,-0.551724137931035
2026-02-23,AMSC.OQ,32.51,229844,USD,-4.49471210340776
2026-02-23,AMT.N,190.05,827088,USD,1.46281565319524
2026-02-23,AMTM.N,29.55,372372,USD,-4.5850823377462
2026-02-23,AMZN.OQ,205.27,13734557,USD,-2.30355528056732
2026-02-23,AN.N,196.77,161769,USD,-2.33285352657963
2026-02-23,ANAB.OQ,54.29,80220,USD,0.184535892231042
2026-02-23,ANDE.OQ,64.49,188500,USD,-1.76694592536178
2026-02-23,ANET.N,127.43,2440651,USD,-4.03644852775057
2026-02-23,ANF.N,92.61,410572,USD,-3.94149984441448
2026-02-23,ANGI.OQ,7.99,499369,USD,-4.99405469678954
2026-02-23,ANIP.OQ,75.1,99614,USD,-3.43320046290344
2026-02-23,AON.N,315.31,345135,USD,-3.00243024579321
2026-02-23,AORT.N,37.39,106992,USD,-2.45238716410122
2026-02-23,AOS.N,76.77,321984,USD,-1.33658912736153
2026-02-23,APA.OQ,28.72,1897830,USD,-1.16999311768754
2026-02-23,APAM.N,40.16,180775,USD,-3.46153846153847
2026-02-23,APD.N,283.25,263631,USD,0.73618322782559
2026-02-23,APG.N,44.11,696361,USD,-1.18727598566309
2026-02-23,APGE.OQ,69.91,245690,USD,2.22254715601696
2026-02-23,APH.N,147.82,1499910,USD,-2.13188559322034
2026-02-23,APLD.OQ,30.0,3041896,USD,3.30578512396695
2026-02-23,APLE.N,12.21,782222,USD,-1.13360323886639
2026-02-23,APLS.OQ,22.47,1169201,USD,0.85278276481148
2026-02-23,APO.N,113.73,1678235,USD,-5.0033411293017
2026-02-23,APP.OQ,380.62,1594999,USD,-9.0904748256425
2026-02-23,APPF.OQ,163.33,181090,USD,-5.16750856412935
2026-02-23,APPN.OQ,24.25,521226,USD,-3.54017501988863
2026-02-23,APTV.N,76.87,533676,USD,-3.39323865778558
2026-02-23,AQST.OQ,3.97,398903,USD,0.506329113924051
2026-02-23,AR.N,34.0,1366988,USD,-4.33314575126618
2026-02-23,ARCB.OQ,99.02,135207,USD,-5.77600152250453
2026-02-23,ARDX.OQ,5.75,1662298,USD,0.349040139616048
2026-02-23,ARE.N,53.75,532950,USD,0.186393289841568
2026-02-23,ARES.N,114.57,1229474,USD,-6.9746670997077
2026-02-23,ARLO.N,11.42,659329,USD,-1.6365202411714
2026-02-23,ARMK.N,40.57,730933,USD,-0.855327468230698
2026-02-23,AROC.N,32.82,596788,USD,-0.152114390021287
2026-02-23,ARQT.OQ,26.31,438170,USD,3.5215423962227
2026-02-23,ARR.N,18.03,940471,USD,0.782560089435442
2026-02-23,ARRY.OQ,10.69,1891411,USD,-4.80854853072129
2026-02-23,ARVN.OQ,12.3,390304,USD,2.58548790658883
2026-02-23,ARW.N,159.66,165925,USD,1.67483920270012
2026-02-23,ARWR.OQ,63.14,685350,USD,-0.707658436861146
2026-02-24,AMN.N,20.4,669897,USD,-1.9702066314272
2026-02-24,AMP.N,466.24,256394,USD,2.74582396756138
2026-02-24,AMPL.OQ,6.83,755918,USD,5.07692307692308
2026-02-24,AMPX.N,10.8,1234662,USD,5.88235294117649
2026-02-24,AMR.N,180.63,90735,USD,2.1720685559138
2026-02-24,AMRC.N,33.24,105996,USD,1.0948905109489
2026-02-24,AMRX.OQ,14.66,385082,USD,1.66435506241332
2026-02-24,AMSC.OQ,33.71,255885,USD,3.69117194709321
2026-02-24,AMT.N,190.19,897373,USD,0.073664825046033
2026-02-24,AMTM.N,30.19,1081782,USD,2.16582064297801
2026-02-24,AMZN.OQ,208.56,13065108,USD,1.60276708725093
2026-02-24,AN.N,198.1,77194,USD,0.675916044112407
2026-02-24,ANAB.OQ,55.41,72062,USD,2.06299502670841
2026-02-24,ANDE.OQ,64.58,109594,USD,0.139556520390764
2026-02-24,ANET.N,128.77,1528452,USD,1.05155771796281
2026-02-24,ANF.N,94.99,408969,USD,2.56991685563114
2026-02-24,ANGI.OQ,8.03,281070,USD,0.500625782227774
2026-02-24,ANIP.OQ,76.7,128498,USD,2.13049267643144
2026-02-24,AON.N,319.33,316384,USD,1.27493577748882
2026-02-24,AORT.N,35.35,201401,USD,-5.45600427921904
2026-02-24,AOS.N,77.2,283164,USD,0.560114628109948
2026-02-24,APA.OQ,28.62,1498881,USD,-0.348189415041775
2026-02-24,APAM.N,40.06,191871,USD,-0.249003984063731
2026-02-24,APD.N,279.47,345153,USD,-1.33451015004412
2026-02-24,APG.N,44.99,1154967,USD,1.99501246882794
2026-02-24,APGE.OQ,71.27,203845,USD,1.94535831783722
2026-02-24,APH.N,151.5,1712168,USD,2.48951427411717
2026-02-24,APLD.OQ,30.66,4168395,USD,2.2
2026-02-24,APLE.N,12.15,1157046,USD,-0.491400491400495
2026-02-24,APLS.OQ,22.13,1107588,USD,-1.51312861593235
2026-02-24,APO.N,114.13,1349678,USD,0.351710190802771
2026-02-24,APP.OQ,393.22,1209642,USD,3.3103883138038
2026-02-24,APPF.OQ,166.26,231380,USD,1.79391416151349
2026-02-24,APPN.OQ,24.94,475588,USD,2.84536082474227
2026-02-24,APTV.N,77.69,435197,USD,1.06673604787302
2026-02-24,AQST.OQ,4.09,556754,USD,3.02267002518891
2026-02-24,AR.N,33.83,917629,USD,-0.500000000000005
2026-02-24,ARCB.OQ,100.035,107281,USD,1.02504544536457
2026-02-24,ARDX.OQ,6.56,1827631,USD,14.0869565217391
2026-02-24,ARE.N,53.72,726870,USD,-0.055813953488374
2026-02-24,ARES.N,117.16,568105,USD,2.26062669110588
2026-02-24,ARLO.N,11.61,387222,USD,1.66374781085814
2026-02-24,ARMK.N,40.99,537747,USD,1.03524771999015
2026-02-24,AROC.N,33.7,498785,USD,2.68129189518587
2026-02-24,ARQT.OQ,26.98,260744,USD,2.54656024325352
2026-02-24,ARR.N,18.18,1028763,USD,0.831946755407646
2026-02-24,ARRY.OQ,10.73,1539474,USD,0.374181478016847
2026-02-24,ARVN.OQ,12.37,496413,USD,0.569105691056898
2026-02-24,ARW.N,156.9,180922,USD,-1.72867343104096
2026-02-24,ARWR.OQ,63.67,992527,USD,0.839404497941085
2026-02-25,AMN.N,20.01,412810,USD,-1.91176470588234
2026-02-25,AMP.N,478.25,223293,USD,2.57592656142759
2026-02-25,AMPL.OQ,6.66,1143002,USD,-2.48901903367496
2026-02-25,AMPX.N,11.06,1164269,USD,2.40740740740741
2026-02-25,AMR.N,175.48,57307,USD,-2.85113214859105
2026-02-25,AMRC.N,32.86,110564,USD,-1.14320096269556
2026-02-25,AMRX.OQ,14.58,535684,USD,-0.545702592087313
2026-02-25,AMSC.OQ,34.68,228509,USD,2.87748442598635
2026-02-25,AMT.N,182.48,721625,USD,-4.05384089594616
2026-02-25,AMTM.N,29.53,456546,USD,-2.18615435574694
2026-02-25,AMZN.OQ,210.64,11771166,USD,0.997314921365547
2026-02-25,AN.N,196.48,71349,USD,-0.81776880363453
2026-02-25,ANAB.OQ,55.11,93400,USD,-0.54141851651326
2026-02-25,ANDE.OQ,64.39,111700,USD,-0.294208733353976
2026-02-25,ANET.N,132.89,1357774,USD,3.1995029898268
2026-02-25,ANF.N,95.91,237093,USD,0.968523002421309
2026-02-25,ANGI.OQ,8.09,402796,USD,0.747198007471986
2026-02-25,ANIP.OQ,76.3,94515,USD,-0.521512385919173
2026-02-25,AON.N,324.66,280479,USD,1.66911971941253
2026-02-25,AORT.N,35.78,129906,USD,1.21640735502122
2026-02-25,AOS.N,76.3,371306,USD,-1.1658031088083
2026-02-25,APA.OQ,27.84,2157862,USD,-2.72536687631028
2026-02-25,APAM.N,41.01,165045,USD,2.37144283574637
2026-02-25,APD.N,280.3,462339,USD,0.296990732457861
2026-02-25,APG.N,44.76,957624,USD,-0.511224716603698
2026-02-25,APGE.OQ,70.89,207637,USD,-0.533183667742382
2026-02-25,APH.N,152.64,1303569,USD,0.752475247524744
2026-02-25,APLD.OQ,29.08,3533691,USD,-5.15329419439009
2026-02-25,APLE.N,12.25,580557,USD,0.823045267489709
2026-02-25,APLS.OQ,21.42,905434,USD,-3.20831450519655
2026-02-25,APO.N,117.21,1231386,USD,2.69867694734075
2026-02-25,APP.OQ,421.63,1327566,USD,7.2249631249682
2026-02-25,APPF.OQ,166.69,134672,USD,0.258631059785882
2026-02-25,APPN.OQ,26.33,434666,USD,5.57337610264634
2026-02-25,APTV.N,76.44,473884,USD,-1.60895868194105
2026-02-25,AQST.OQ,4.14,554949,USD,1.22249388753056
2026-02-25,AR.N,34.41,924571,USD,1.71445462607153
2026-02-25,ARCB.OQ,96.7,103722,USD,-3.33383315839456
2026-02-25,ARDX.OQ,6.56,1143383,USD,0.0
2026-02-25,ARE.N,54.06,528517,USD,0.63291139240507
2026-02-25,ARES.N,119.18,740897,USD,1.72413793103449
2026-02-25,ARLO.N,11.91,259206,USD,2.58397932816538
2026-02-25,ARMK.N,40.99,664786,USD,0.0
2026-02-25,AROC.N,35.03,629154,USD,3.94658753709198
2026-02-25,ARQT.OQ,27.01,563918,USD,0.111193476649374
2026-02-25,ARR.N,18.0,612364,USD,-0.990099009900988
2026-02-25,ARRY.OQ,11.0,2177863,USD,2.51630941286113
2026-02-25,ARVN.OQ,13.295,519463,USD,7.47776879547292
2026-02-25,ARW.N,154.3,216975,USD,-1.65710643722116
2026-02-25,ARWR.OQ,61.615,526531,USD,-3.2275797078687
2026-02-26,AMN.N,19.14,400396,USD,-4.34782608695653
2026-02-26,AMP.N,486.98,190575,USD,1.8254051228437
2026-02-26,AMPL.OQ,7.31,1533200,USD,9.75975975975975
2026-02-26,AMPX.N,11.52,1880048,USD,4.15913200723326
2026-02-26,AMR.N,168.05,115537,USD,-4.23410075222246
2026-02-26,AMRC.N,31.87,181208,USD,-3.0127814972611
2026-02-26,AMRX.OQ,14.49,953562,USD,-0.617283950617283
2026-02-26,AMSC.OQ,34.64,211971,USD,-0.115340253748556
2026-02-26,AMT.N,185.01,838871,USD,1.38645330995178
2026-02-26,AMTM.N,30.23,347698,USD,2.37047070775482
2026-02-26,AMZN.OQ,207.92,13627922,USD,-1.29130269654387
2026-02-26,AN.N,196.63,125912,USD,0.076343648208472
2026-02-26,ANAB.OQ,56.11,93963,USD,1.81455271275631
2026-02-26,ANDE.OQ,65.2,121872,USD,1.25795931045194
2026-02-26,ANET.N,130.25,1381935,USD,-1.98660546316501
2026-02-26,ANF.N,98.99,366076,USD,3.21134396830362
2026-02-26,ANGI.OQ,8.07,381563,USD,-0.24721878862793
2026-02-26,ANIP.OQ,77.15,70236,USD,1.11402359108782
2026-02-26,AON.N,330.27,241870,USD,1.72796155978561
2026-02-26,AORT.N,38.08,91624,USD,6.42817216321967
2026-02-26,AOS.N,77.15,267332,USD,1.11402359108782
2026-02-26,APA.OQ,29.1,5483109,USD,4.52586206896552
2026-02-26,APAM.N,41.33,239706,USD,0.78029748841746
2026-02-26,APD.N,276.23,358681,USD,-1.452015697467
2026-02-26,APG.N,45.13,719146,USD,0.826630920464711
2026-02-26,APGE.OQ,69.09,168887,USD,-2.53914515446466
2026-02-26,APH.N,148.47,1613471,USD,-2.7319182389937
2026-02-26,APLD.OQ,28.65,3714251,USD,-1.4786795048143
2026-02-26,APLE.N,12.57,826115,USD,2.61224489795919
2026-02-26,APLS.OQ,21.64,991170,USD,1.02707749766573
2026-02-26,APO.N,114.4,1179406,USD,-2.39740636464464
2026-02-26,APP.OQ,444.93,1495183,USD,5.52617223632095
2026-02-26,APPF.OQ,176.65,140918,USD,5.97516347711321
2026-02-26,APPN.OQ,27.34,524711,USD,3.83592859855679
2026-02-26,APTV.N,77.04,818462,USD,0.784929356357939
2026-02-26,AQST.OQ,4.11,476105,USD,-0.724637681159405
2026-02-26,AR.N,34.38,958867,USD,-0.087183958151683
2026-02-26,ARCB.OQ,101.65,107845,USD,5.11892450879007
2026-02-26,ARDX.OQ,6.63,770439,USD,1.06707317073171
2026-02-26,ARE.N,55.12,653976,USD,1.96078431372548
2026-02-26,ARES.N,118.08,789590,USD,-0.92297365329754
2026-02-26,ARLO.N,12.34,473443,USD,3.61041141897565
2026-02-26,ARMK.N,41.84,610803,USD,2.073676506465
2026-02-26,AROC.N,35.43,913621,USD,1.14187838995147
2026-02-26,ARQT.OQ,28.57,1471201,USD,5.77563865235098
2026-02-26,ARR.N,18.11,1280210,USD,0.611111111111108
2026-02-26,ARRY.OQ,7.28,8292286,USD,-33.8181818181818
2026-02-26,ARVN.OQ,13.38,269992,USD,0.639338097028965
2026-02-26,ARW.N,153.85,171127,USD,-0.291639662994178
2026-02-26,ARWR.OQ,63.39,835075,USD,2.88079201493143
2026-02-27,AMN.N,19.48,744505,USD,1.77638453500522
2026-02-27,AMP.N,470.12,315943,USD,-3.46215450326502
2026-02-27,AMPL.OQ,7.3,1011116,USD,-0.136798905608752
2026-02-27,AMPX.N,10.73,1674722,USD,-6.85763888888888
2026-02-27,AMR.N,162.65,135648,USD,-3.21332936626004
2026-02-27,AMRC.N,30.46,159471,USD,-4.42422340759335
2026-02-27,AMRX.OQ,13.81,1300125,USD,-4.69289164941339
2026-02-27,AMSC.OQ,32.58,332829,USD,-5.94688221709008
2026-02-27,AMT.N,191.86,1660999,USD,3.7025025674288
2026-02-27,AMTM.N,29.87,693308,USD,-1.19086999669203
2026-02-27,AMZN.OQ,210.0,21169830,USD,1.00038476337053
2026-02-27,AN.N,195.16,111478,USD,-0.747597009611961
2026-02-27,ANAB.OQ,55.05,114129,USD,-1.88914631972911
2026-02-27,ANDE.OQ,65.29,151598,USD,0.138036809815956
2026-02-27,ANET.N,133.5,3370453,USD,2.49520153550864
2026-02-27,ANF.N,97.8,348206,USD,-1.20214163046772
2026-02-27,ANGI.OQ,7.78,511535,USD,-3.59355638166047
2026-02-27,ANIP.OQ,73.9,204376,USD,-4.21257290991575
2026-02-27,AON.N,335.47,704263,USD,1.57446937354287
2026-02-27,AORT.N,38.5,238933,USD,1.10294117647059
2026-02-27,AOS.N,78.0,626676,USD,1.10174983797796
2026-02-27,APA.OQ,30.37,3363534,USD,4.36426116838488
2026-02-27,APAM.N,40.28,351129,USD,-2.54052746189208
2026-02-27,APD.N,275.67,595256,USD,-0.202729609383486
2026-02-27,APG.N,44.46,1104093,USD,-1.48460004431642
2026-02-27,APGE.OQ,70.0,312825,USD,1.31712259371833
2026-02-27,APH.N,146.06,3309271,USD,-1.62322354684448
2026-02-27,APLD.OQ,27.27,4514318,USD,-4.81675392670157
2026-02-27,APLE.N,12.26,1154235,USD,-1.82975338106603
2026-02-27,APLS.OQ,20.96,933912,USD,-3.14232902033272
2026-02-27,APO.N,104.6,3016400,USD,-8.56643356643358
2026-02-27,APP.OQ,434.77,1475351,USD,-2.28350527049199
2026-02-27,APPF.OQ,177.76,186852,USD,0.628361166147741
2026-02-27,APPN.OQ,26.67,581448,USD,-2.45062179956108
2026-02-27,APTV.N,73.54,1595533,USD,-4.54309449636552
2026-02-27,AQST.OQ,4.0,1824173,USD,-2.676399026764
2026-02-27,AR.N,36.81,1918260,USD,7.06806282722513
2026-02-27,ARCB.OQ,102.66,201985,USD,0.993605509099844
2026-02-27,ARDX.OQ,6.55,1218827,USD,-1.20663650075415
2026-02-27,ARE.N,54.04,6683754,USD,-1.95936139332365
2026-02-27,ARES.N,112.01,1303854,USD,-5.14058265582655
2026-02-27,ARLO.N,15.69,1484236,USD,27.1474878444084
2026-02-27,ARMK.N,41.85,750017,USD,0.023900573613762
2026-02-27,AROC.N,35.33,802301,USD,-0.282246683601472
2026-02-27,ARQT.OQ,26.97,1188308,USD,-5.60028001400071
2026-02-27,ARR.N,17.95,985587,USD,-0.883489784649366
2026-02-27,ARRY.OQ,7.58,3658880,USD,4.12087912087912
2026-02-27,ARVN.OQ,13.27,441597,USD,-0.822122571001504
2026-02-27,ARW.N,152.16,495861,USD,-1.09847253818654
2026-02-27,ARWR.OQ,63.27,789595,USD,-0.189304306672973
2026-03-02,AMN.N,20.4,410231,USD,4.72279260780287
2026-03-02,AMP.N,475.33,180467,USD,1.10822768654811
2026-03-02,AMPL.OQ,7.51,1056662,USD,2.87671232876712
2026-03-02,AMPX.N,11.59,1853214,USD,8.01491146318732
2026-03-02,AMR.N,165.18,96806,USD,1.55548724254534
2026-03-02,AMRC.N,30.95,179063,USD,1.60866710439921
2026-03-02,AMRX.OQ,13.77,815274,USD,-0.289645184648812
2026-03-02,AMSC.OQ,33.01,311141,USD,1.31982811540823
2026-03-02,AMT.N,190.2,868554,USD,-0.865214218701149
2026-03-02,AMTM.N,30.7,426217,USD,2.77870773351188
2026-03-02,AMZN.OQ,208.39,14324786,USD,-0.766666666666673
2026-03-02,AN.N,193.04,187867,USD,-1.08628817380611
2026-03-02,ANAB.OQ,54.91,192524,USD,-0.254314259763852
2026-03-02,ANDE.OQ,66.68,116291,USD,2.12896308776229
2026-03-02,ANET.N,129.3,1664193,USD,-3.14606741573033
2026-03-02,ANF.N,97.85,507792,USD,0.051124744376275
2026-03-02,ANGI.OQ,7.78,425517,USD,0.0
2026-03-02,ANIP.OQ,75.22,185411,USD,1.78619756427604
2026-03-02,AON.N,337.8,416827,USD,0.694547947655523
2026-03-02,AORT.N,38.55,120047,USD,0.129870129870122
2026-03-02,AOS.N,77.93,377429,USD,-0.089743589743581
2026-03-02,APA.OQ,31.69,4333829,USD,4.34639446822522
2026-03-02,APAM.N,40.42,190813,USD,0.34756703078451
2026-03-02,APD.N,276.43,462062,USD,0.275691950520547
2026-03-02,APG.N,44.58,731434,USD,0.269905533063422
2026-03-02,APGE.OQ,70.915,250862,USD,1.30714285714287
2026-03-02,APH.N,135.16,2974201,USD,-7.46268656716418
2026-03-02,APLD.OQ,27.93,3896951,USD,2.42024202420242
2026-03-02,APLE.N,12.3,814920,USD,0.326264274061998
2026-03-02,APLS.OQ,20.7,709673,USD,-1.24045801526718
2026-03-02,APO.N,106.45,1763365,USD,1.76864244741875
2026-03-02,APP.OQ,432.98,777772,USD,-0.411711939646241
2026-03-02,APPF.OQ,180.6,119679,USD,1.5976597659766
2026-03-02,APPN.OQ,26.4,309146,USD,-1.01237345331835
2026-03-02,APTV.N,72.47,759873,USD,-1.45499048137069
2026-03-02,AQST.OQ,4.21,659438,USD,5.25
2026-03-02,AR.N,37.08,1654336,USD,0.733496332518327
2026-03-02,ARCB.OQ,106.55,144395,USD,3.78920709136957
2026-03-02,ARDX.OQ,6.47,1011337,USD,-1.22137404580153
2026-03-02,ARE.N,52.63,820433,USD,-2.60917838638045
2026-03-02,ARES.N,113.36,609901,USD,1.20524953129184
2026-03-02,ARLO.N,15.29,1250903,USD,-2.54939451880179
2026-03-02,ARMK.N,41.26,780325,USD,-1.40979689366787
2026-03-02,AROC.N,36.78,853115,USD,4.10416076988396
2026-03-02,ARQT.OQ,24.76,637820,USD,-8.19428995179828
2026-03-02,ARR.N,17.86,1064621,USD,-0.501392757660166
2026-03-02,ARRY.OQ,7.57,2537018,USD,-0.131926121372029
2026-03-02,ARVN.OQ,13.39,248758,USD,0.904295403165041
2026-03-02,ARW.N,149.96,127065,USD,-1.44584647739221
2026-03-02,ARWR.OQ,64.33,744126,USD,1.6753595700964
2026-03-03,AMN.N,20.99,556637,USD,2.8921568627451
2026-03-03,AMP.N,465.68,331278,USD,-2.03016851450571
2026-03-03,AMPL.OQ,7.58,751587,USD,0.932090545938752
2026-03-03,AMPX.N,11.63,1163556,USD,0.345125107851604
2026-03-03,AMR.N,173.45,99314,USD,5.00665940186462
2026-03-03,AMRC.N,27.9,283172,USD,-9.8546042003231
2026-03-03,AMRX.OQ,13.31,978275,USD,-3.34059549745824
2026-03-03,AMSC.OQ,31.09,245444,USD,-5.81641926688882
2026-03-03,AMT.N,190.25,659600,USD,0.026288117770774
2026-03-03,AMTM.N,30.66,430445,USD,-0.130293159609118
2026-03-03,AMZN.OQ,208.73,13408022,USD,0.163155621670907
2026-03-03,AN.N,195.0,165335,USD,1.01533360961459
2026-03-03,ANAB.OQ,52.83,95776,USD,-3.78801675468949
2026-03-03,ANDE.OQ,65.59,117681,USD,-1.63467306538693
2026-03-03,ANET.N,124.6,1514168,USD,-3.63495746326374
2026-03-03,ANF.N,99.22,573276,USD,1.40010219724068
2026-03-03,ANGI.OQ,8.25,502258,USD,6.04113110539845
2026-03-03,ANIP.OQ,76.1,238038,USD,1.16990162190906
2026-03-03,AON.N,339.07,457363,USD,0.375962107756063
2026-03-03,AORT.N,38.62,122086,USD,0.181582360570688
2026-03-03,AOS.N,75.63,505661,USD,-2.95136661106122
2026-03-03,APA.OQ,31.85,4155609,USD,0.50489113284948
2026-03-03,APAM.N,40.0,242782,USD,-1.03908955962395
2026-03-03,APD.N,273.04,331982,USD,-1.22635025141988
2026-03-03,APG.N,43.29,1024334,USD,-2.89367429340511
2026-03-03,APGE.OQ,68.5,292928,USD,-3.40548544031588
2026-03-03,APH.N,129.58,3408891,USD,-4.12844036697247
2026-03-03,APLD.OQ,26.15,3641485,USD,-6.37307554600788
2026-03-03,APLE.N,12.18,607834,USD,-0.975609756097569
2026-03-03,APLS.OQ,20.16,855025,USD,-2.60869565217391
2026-03-03,APO.N,107.08,2017263,USD,0.591827148896191
2026-03-03,APP.OQ,438.89,937796,USD,1.36495912051364
2026-03-03,APPF.OQ,188.4,169325,USD,4.31893687707642
2026-03-03,APPN.OQ,26.9,412493,USD,1.89393939393939
2026-03-03,APTV.N,71.4,714415,USD,-1.47647302331999
2026-03-03,AQST.OQ,4.12,817947,USD,-2.13776722090261
2026-03-03,AR.N,37.59,1537944,USD,1.37540453074435
2026-03-03,ARCB.OQ,104.56,85831,USD,-1.86766776161426
2026-03-03,ARDX.OQ,6.22,714184,USD,-3.86398763523957
2026-03-03,ARE.N,52.22,667380,USD,-0.779023370701128
2026-03-03,ARES.N,112.65,782737,USD,-0.626323218066332
2026-03-03,ARLO.N,15.09,745682,USD,-1.3080444735121
2026-03-03,ARMK.N,40.86,617249,USD,-0.969461948618513
2026-03-03,AROC.N,36.73,538473,USD,-0.135943447525841
2026-03-03,ARQT.OQ,23.6,652682,USD,-4.68497576736672
2026-03-03,ARR.N,17.84,661000,USD,-0.111982082866739
2026-03-03,ARRY.OQ,7.5,1680680,USD,-0.924702774108326
2026-03-03,ARVN.OQ,13.36,267902,USD,-0.224047796863339
2026-03-03,ARW.N,145.85,113232,USD,-2.74073086156309
2026-03-03,ARWR.OQ,64.1,683312,USD,-0.357531478314945
2026-03-04,AMN.N,21.78,278927,USD,3.76369699857076
2026-03-04,AMP.N,468.91,180847,USD,0.69360934547329
2026-03-04,AMPL.OQ,7.72,738872,USD,1.84696569920844
2026-03-04,AMPX.N,12.55,1508080,USD,7.91057609630267
2026-03-04,AMR.N,182.69,101576,USD,5.32718362640531
2026-03-04,AMRC.N,28.15,194049,USD,0.896057347670251
2026-03-04,AMRX.OQ,13.3,789531,USD,-0.075131480090156
2026-03-04,AMSC.OQ,31.86,151968,USD,2.47668060469604
2026-03-04,AMT.N,190.8,844096,USD,0.289093298291727
2026-03-04,AMTM.N,31.19,918290,USD,1.72863666014351
2026-03-04,AMZN.OQ,216.82,16528477,USD,3.87582043788627
2026-03-04,AN.N,195.75,124805,USD,0.384615384615385
2026-03-04,ANAB.OQ,60.55,311723,USD,14.612909331819
2026-03-04,ANDE.OQ,64.86,113991,USD,-1.11297453880165
2026-03-04,ANET.N,134.83,1580057,USD,8.21027287319424
2026-03-04,ANF.N,95.65,712212,USD,-3.59806490626889
2026-03-04,ANGI.OQ,8.97,411111,USD,8.72727272727273
2026-03-04,ANIP.OQ,76.53,75813,USD,0.565045992115646
2026-03-04,AON.N,341.18,536428,USD,0.622290382516888
2026-03-04,AORT.N,38.5,130460,USD,-0.310719834282748
2026-03-04,AOS.N,73.35,543684,USD,-3.01467671558905
2026-03-04,APA.OQ,31.1,2870770,USD,-2.35478806907378
2026-03-04,APAM.N,40.05,204281,USD,0.124999999999993
2026-03-04,APD.N,274.2,330067,USD,0.424846176384401
2026-03-04,APG.N,43.13,736303,USD,-0.369600369600362
2026-03-04,APGE.OQ,72.31,236692,USD,5.56204379562044
2026-03-04,APH.N,132.75,2390101,USD,2.44636517981169
2026-03-04,APLD.OQ,28.65,4025513,USD,9.56022944550669
2026-03-04,APLE.N,12.43,480963,USD,2.05254515599343
2026-03-04,APLS.OQ,19.86,1787087,USD,-1.48809523809524
2026-03-04,APO.N,109.79,1067878,USD,2.53081807994024
2026-03-04,APP.OQ,482.81,1617081,USD,10.0070632732575
2026-03-04,APPF.OQ,188.26,85360,USD,-0.074309978768585
2026-03-04,APPN.OQ,26.82,375757,USD,-0.297397769516722
2026-03-04,APTV.N,73.39,702515,USD,2.78711484593837
2026-03-04,AQST.OQ,4.37,655507,USD,6.06796116504854
2026-03-04,AR.N,37.79,1410538,USD,0.532056397978174
2026-03-04,ARCB.OQ,104.96,97019,USD,0.382555470543221
2026-03-04,ARDX.OQ,6.65,1121068,USD,6.91318327974277
2026-03-04,ARE.N,53.58,707074,USD,2.60436614324014
2026-03-04,ARES.N,116.21,623905,USD,3.16023080337327
2026-03-04,ARLO.N,15.04,525621,USD,-0.331345261762762
2026-03-04,ARMK.N,41.08,439939,USD,0.538423886441505
2026-03-04,AROC.N,37.04,570703,USD,0.843996732915879
2026-03-04,ARQT.OQ,24.12,529783,USD,2.20338983050847
2026-03-04,ARR.N,17.82,652665,USD,-0.112107623318383
2026-03-04,ARRY.OQ,7.31,1863534,USD,-2.53333333333334
2026-03-04,ARVN.OQ,13.76,266748,USD,2.99401197604791
2026-03-04,ARW.N,143.46,194203,USD,-1.63866986630099
2026-03-04,ARWR.OQ,65.1,640513,USD,1.5600624024961
2026-03-05,AMN.N,22.54,379747,USD,3.48943985307621
2026-03-05,AMP.N,472.89,199904,USD,0.848776950800785
2026-03-05,AMPL.OQ,7.87,875210,USD,1.94300518134715
2026-03-05,AMPX.N,14.89,5368697,USD,18.6454183266932
2026-03-05,AMR.N,169.05,75765,USD,-7.46619957304723
2026-03-05,AMRC.N,27.14,160371,USD,-3.58792184724688
2026-03-05,AMRX.OQ,13.26,1119160,USD,-0.300751879699255
2026-03-05,AMSC.OQ,30.84,258231,USD,-3.2015065913371
2026-03-05,AMT.N,187.64,704503,USD,-1.65618448637318
2026-03-05,AMTM.N,30.57,511415,USD,-1.98781660788715
2026-03-05,AMZN.OQ,218.94,17988035,USD,0.977769578452174
2026-03-05,AN.N,193.3,120811,USD,-1.25159642401021
2026-03-05,ANAB.OQ,57.28,335889,USD,-5.40049545829892
2026-03-05,ANDE.OQ,63.57,125631,USD,-1.98889916743756
2026-03-05,ANET.N,139.4,1889459,USD,3.38945338574501
2026-03-05,ANF.N,88.4,574488,USD,-7.57971772085729
2026-03-05,ANGI.OQ,9.39,614668,USD,4.68227424749164
2026-03-05,ANIP.OQ,75.6,130115,USD,-1.21520972167778
2026-03-05,AON.N,338.77,360774,USD,-0.706372003048252
2026-03-05,AORT.N,37.86,126221,USD,-1.66233766233766
2026-03-05,AOS.N,72.02,522302,USD,-1.81322426721199
2026-03-05,APA.OQ,32.38,3789353,USD,4.11575562700965
2026-03-05,APAM.N,38.18,385243,USD,-4.66916354556803
2026-03-05,APD.N,276.35,493091,USD,0.78409919766595
2026-03-05,APG.N,42.09,647826,USD,-2.4113146301878
2026-03-05,APGE.OQ,70.92,381205,USD,-1.9222790761997
2026-03-05,APH.N,136.24,3018312,USD,2.62900188323918
2026-03-05,APLD.OQ,28.09,3789304,USD,-1.95462478184991
2026-03-05,APLE.N,12.4,562208,USD,-0.241351568785192
2026-03-05,APLS.OQ,20.15,1647915,USD,1.46022155085599
2026-03-05,APO.N,111.24,1046418,USD,1.32070316057928
2026-03-05,APP.OQ,508.56,1526212,USD,5.33336094944181
2026-03-05,APPF.OQ,189.9,123087,USD,0.871135663444181
2026-03-05,APPN.OQ,26.99,338768,USD,0.633855331841902
2026-03-05,APTV.N,72.21,908838,USD,-1.60784848071945
2026-03-05,AQST.OQ,4.26,1151821,USD,-2.51716247139589
2026-03-05,AR.N,38.91,1717908,USD,2.96374702302196
2026-03-05,ARCB.OQ,99.71,67337,USD,-5.00190548780488
2026-03-05,ARDX.OQ,6.27,1180141,USD,-5.71428571428573
2026-03-05,ARE.N,51.79,509334,USD,-3.34079880552445
2026-03-05,ARES.N,117.04,582668,USD,0.714224249204038
2026-03-05,ARLO.N,14.23,542892,USD,-5.38563829787233
2026-03-05,ARMK.N,41.04,748799,USD,-0.097370983446931
2026-03-05,AROC.N,35.8,630514,USD,-3.34773218142549
2026-03-05,ARQT.OQ,23.97,584136,USD,-0.62189054726369
2026-03-05,ARR.N,17.89,730837,USD,0.392817059483728
2026-03-05,ARRY.OQ,7.14,1790418,USD,-2.32558139534884
2026-03-05,ARVN.OQ,13.72,452315,USD,-0.290697674418598
2026-03-05,ARW.N,143.13,168372,USD,-0.230029276453376
2026-03-05,ARWR.OQ,63.6,1149772,USD,-2.30414746543778
2026-03-06,AMN.N,21.27,390773,USD,-5.63442768411712
2026-03-06,AMP.N,464.89,181969,USD,-1.69172534838969
2026-03-06,AMPL.OQ,7.85,789550,USD,-0.254129606099116
2026-03-06,AMPX.N,16.33,4309228,USD,9.67092008059099
2026-03-06,AMR.N,168.6,69646,USD,-0.266193433895307
2026-03-06,AMRC.N,25.7,181262,USD,-5.30582166543847
2026-03-06,AMRX.OQ,13.24,614548,USD,-0.150829562594265
2026-03-06,AMSC.OQ,27.7,614264,USD,-10.1815823605707
2026-03-06,AMT.N,188.59,1000513,USD,0.506288637817106
2026-03-06,AMTM.N,30.01,1225140,USD,-1.83186130192999
2026-03-06,AMZN.OQ,213.21,15854168,USD,-2.61715538503699
2026-03-06,AN.N,192.73,102010,USD,-0.294878427315066
2026-03-06,ANAB.OQ,55.41,193812,USD,-3.26466480446928
2026-03-06,ANDE.OQ,64.05,114398,USD,0.75507314771118
2026-03-06,ANET.N,132.89,1714033,USD,-4.67001434720231
2026-03-06,ANF.N,85.0,395041,USD,-3.84615384615385
2026-03-06,ANGI.OQ,8.82,355691,USD,-6.07028753993611
2026-03-06,ANIP.OQ,74.04,73113,USD,-2.06349206349205
2026-03-06,AON.N,340.6,316941,USD,0.540189509106486
2026-03-06,AORT.N,37.04,135413,USD,-2.16587427363973
2026-03-06,AOS.N,71.01,516025,USD,-1.40238822549291
2026-03-06,APA.OQ,32.68,3486113,USD,0.926497838171702
2026-03-06,APAM.N,37.34,258159,USD,-2.20010476689365
2026-03-06,APD.N,272.18,349061,USD,-1.50895603401484
2026-03-06,APG.N,41.87,765573,USD,-0.522689474934678
2026-03-06,APGE.OQ,73.05,237943,USD,3.00338409475465
2026-03-06,APH.N,131.87,1957925,USD,-3.20757486788021
2026-03-06,APLD.OQ,25.14,4949203,USD,-10.501957992168
2026-03-06,APLE.N,12.14,1072926,USD,-2.09677419354838
2026-03-06,APLS.OQ,20.07,685198,USD,-0.397022332506195
2026-03-06,APO.N,108.7,1294110,USD,-2.28335131247752
2026-03-06,APP.OQ,502.14,1128309,USD,-1.26238791882964
2026-03-06,APPF.OQ,191.17,72694,USD,0.668773038441275
2026-03-06,APPN.OQ,26.62,265181,USD,-1.3708781030011
2026-03-06,APTV.N,72.7,948131,USD,0.678576374463383
2026-03-06,AQST.OQ,4.22,724277,USD,-0.938967136150236
2026-03-06,AR.N,38.83,1208432,USD,-0.205602672834742
2026-03-06,ARCB.OQ,93.28,112063,USD,-6.44870123357737
2026-03-06,ARDX.OQ,6.19,818827,USD,-1.27591706539074
2026-03-06,ARE.N,50.73,542462,USD,-2.04672716740684
2026-03-06,ARES.N,110.01,877026,USD,-6.00649350649351
2026-03-06,ARLO.N,13.9,409838,USD,-2.31904427266339
2026-03-06,ARMK.N,40.25,850120,USD,-1.92495126705653
2026-03-06,AROC.N,35.32,443038,USD,-1.34078212290502
2026-03-06,ARQT.OQ,24.0,374020,USD,0.125156445556951
2026-03-06,ARR.N,17.71,777482,USD,-1.00614868641699
2026-03-06,ARRY.OQ,6.81,2744566,USD,-4.6218487394958
2026-03-06,ARVN.OQ,13.6,293854,USD,-0.874635568513127
2026-03-06,ARW.N,138.36,169535,USD,-3.33263466778452
2026-03-06,ARWR.OQ,59.82,817836,USD,-5.9433962264151
2026-03-09,AMN.N,20.63,448805,USD,-3.00893276915844
2026-03-09,AMP.N,461.48,172781,USD,-0.733506851083045
2026-03-09,AMPL.OQ,7.8,686185,USD,-0.636942675159233
2026-03-09,AMPX.N,17.72,2873378,USD,8.51194121249235
2026-03-09,AMR.N,175.18,76026,USD,3.90272835112694
2026-03-09,AMRC.N,26.24,146681,USD,2.10116731517509
2026-03-09,AMRX.OQ,13.25,560481,USD,0.075528700906343
2026-03-09,AMSC.OQ,29.04,454608,USD,4.83754512635379
2026-03-09,AMT.N,186.64,797538,USD,-1.03398907683335
2026-03-09,AMTM.N,30.3,683268,USD,0.966344551816058
2026-03-09,AMZN.OQ,213.49,15235207,USD,0.131325922799119
2026-03-09,AN.N,193.58,151377,USD,0.441031494837349
2026-03-09,ANAB.OQ,59.7,151998,USD,7.7422847861397
2026-03-09,ANDE.OQ,65.71,123235,USD,2.59172521467603
2026-03-09,ANET.N,137.17,1511467,USD,3.22070885694936
2026-03-09,ANF.N,86.27,352048,USD,1.49411764705882
2026-03-09,ANGI.OQ,8.84,559268,USD,0.226757369614508
2026-03-09,ANIP.OQ,74.81,97232,USD,1.03997839005942
2026-03-09,AON.N,332.84,354585,USD,-2.27833235466825
2026-03-09,AORT.N,36.09,129123,USD,-2.56479481641468
2026-03-09,AOS.N,70.46,479703,USD,-0.774538797352502
2026-03-09,APA.OQ,32.59,4210048,USD,-0.275397796817614
2026-03-09,APAM.N,37.02,288595,USD,-0.85698982324585
2026-03-09,APD.N,274.4,541731,USD,0.815636711000063
2026-03-09,APG.N,42.45,745378,USD,1.38524002866015
2026-03-09,APGE.OQ,74.94,341186,USD,2.58726899383984
2026-03-09,APH.N,136.06,1989794,USD,3.17737165390157
2026-03-09,APLD.OQ,27.03,4744135,USD,7.51789976133652
2026-03-09,APLE.N,12.03,1241495,USD,-0.906095551894573
2026-03-09,APLS.OQ,19.99,915166,USD,-0.398604882909825
2026-03-09,APO.N,108.14,982246,USD,-0.515179392824289
2026-03-09,APP.OQ,517.23,1279882,USD,3.00513800932012
2026-03-09,APPF.OQ,189.71,175750,USD,-0.763718156614521
2026-03-09,APPN.OQ,26.57,310993,USD,-0.187828700225397
2026-03-09,APTV.N,72.85,786491,USD,0.206327372764775
2026-03-09,AQST.OQ,4.29,572668,USD,1.65876777251186
2026-03-09,AR.N,39.09,2043869,USD,0.66958537213496
2026-03-09,ARCB.OQ,94.14,117170,USD,0.921955403087478
2026-03-09,ARDX.OQ,6.17,1010871,USD,-0.323101777059781
2026-03-09,ARE.N,51.18,544040,USD,0.88704908338262
2026-03-09,ARES.N,108.85,871911,USD,-1.05444959549133
2026-03-09,ARLO.N,14.07,404531,USD,1.22302158273381
2026-03-09,ARMK.N,40.32,941206,USD,0.173913043478262
2026-03-09,AROC.N,35.94,838082,USD,1.75537938844846
2026-03-09,ARQT.OQ,24.82,417481,USD,3.41666666666667
2026-03-09,ARR.N,17.27,1202340,USD,-2.48447204968945
2026-03-09,ARRY.OQ,6.73,1630842,USD,-1.17474302496328
2026-03-09,ARVN.OQ,13.37,243649,USD,-1.69117647058824
2026-03-09,ARW.N,139.84,164253,USD,1.06967331598727
2026-03-09,ARWR.OQ,60.67,701670,USD,1.42092945503176
2026-03-10,AMN.N,20.46,252493,USD,-0.82404265632573
2026-03-10,AMP.N,456.16,174128,USD,-1.15281268960735
2026-03-10,AMPL.OQ,7.7,670572,USD,-1.28205128205128
2026-03-10,AMPX.N,18.0,2480887,USD,1.58013544018059
2026-03-10,AMR.N,180.8,77472,USD,3.20812878182441
2026-03-10,AMRC.N,26.36,237330,USD,0.457317073170736
2026-03-10,AMRX.OQ,13.35,593675,USD,0.754716981132073
2026-03-10,AMSC.OQ,29.68,368068,USD,2.2038567493113
2026-03-10,AMT.N,186.12,644290,USD,-0.27861123017573
2026-03-10,AMTM.N,28.79,446363,USD,-4.98349834983499
2026-03-10,AMZN.OQ,214.33,10579548,USD,0.39346105203991
2026-03-10,AN.N,191.87,99511,USD,-0.883355718565972
2026-03-10,ANAB.OQ,62.01,212240,USD,3.86934673366833
2026-03-10,ANDE.OQ,66.64,139226,USD,1.4153096941105
2026-03-10,ANET.N,139.62,1368577,USD,1.7861048334184
2026-03-10,ANF.N,86.83,292497,USD,0.649124840616671
2026-03-10,ANGI.OQ,8.3,376336,USD,-6.10859728506786
2026-03-10,ANIP.OQ,75.96,113634,USD,1.53722764336318
2026-03-10,AON.N,320.96,305752,USD,-3.56928253815647
2026-03-10,AORT.N,35.96,129697,USD,-0.360210584649494
2026-03-10,AOS.N,69.82,453064,USD,-0.908316775475448
2026-03-10,APA.OQ,31.82,2869510,USD,-2.36268794108623
2026-03-10,APAM.N,36.56,246194,USD,-1.24257158292815
2026-03-10,APD.N,275.12,296875,USD,0.262390670553946
2026-03-10,APG.N,41.6,720905,USD,-2.00235571260307
2026-03-10,APGE.OQ,75.37,257597,USD,0.573792367227124
2026-03-10,APH.N,136.74,2057043,USD,0.499779509040134
2026-03-10,APLD.OQ,27.4,3472732,USD,1.36884942656307
2026-03-10,APLE.N,12.04,664783,USD,0.083125519534495
2026-03-10,APLS.OQ,19.64,620143,USD,-1.75087543771885
2026-03-10,APO.N,108.17,924471,USD,0.027741816164233
2026-03-10,APP.OQ,477.39,1526028,USD,-7.70256945652805
2026-03-10,APPF.OQ,185.16,102688,USD,-2.39839755416162
2026-03-10,APPN.OQ,25.74,223532,USD,-3.12382386149794
2026-03-10,APTV.N,72.05,642528,USD,-1.09814687714481
2026-03-10,AQST.OQ,4.2,898615,USD,-2.09790209790209
2026-03-10,AR.N,37.47,1377531,USD,-4.14428242517269
2026-03-10,ARCB.OQ,93.64,74067,USD,-0.531123858083705
2026-03-10,ARDX.OQ,6.12,788594,USD,-0.810372771474876
2026-03-10,ARE.N,51.05,429715,USD,-0.25400547088707
2026-03-10,ARES.N,108.68,805882,USD,-0.156178226917765
2026-03-10,ARLO.N,13.8,418890,USD,-1.91897654584221
2026-03-10,ARMK.N,39.99,584869,USD,-0.818452380952377
2026-03-10,AROC.N,36.12,418809,USD,0.500834724540901
2026-03-10,ARQT.OQ,24.59,386549,USD,-0.926672038678487
2026-03-10,ARR.N,17.8,795442,USD,3.06890561667632
2026-03-10,ARRY.OQ,7.07,1573470,USD,5.0520059435364
2026-03-10,ARVN.OQ,13.83,334145,USD,3.44053851907256
2026-03-10,ARW.N,139.96,201517,USD,0.085812356979408
2026-03-10,ARWR.OQ,59.2,766704,USD,-2.42294379429701
2026-03-11,AMN.N,20.39,275582,USD,-0.342130987292279
2026-03-11,AMP.N,450.69,196771,USD,-1.19914065240267
2026-03-11,AMPL.OQ,7.64,461387,USD,-0.779220779220786
2026-03-11,AMPX.N,18.59,2201450,USD,3.27777777777778
2026-03-11,AMR.N,187.55,85737,USD,3.73340707964602
2026-03-11,AMRC.N,25.82,254807,USD,-2.04855842185129
2026-03-11,AMRX.OQ,12.71,892551,USD,-4.7940074906367
2026-03-11,AMSC.OQ,30.66,268718,USD,3.30188679245283
2026-03-11,AMT.N,182.85,478299,USD,-1.75693101225017
2026-03-11,AMTM.N,27.99,461325,USD,-2.77874261896492
2026-03-11,AMZN.OQ,212.65,10289725,USD,-0.783838006811929
2026-03-11,AN.N,190.34,126207,USD,-0.797414916349612
2026-03-11,ANAB.OQ,64.67,307258,USD,4.28963070472505
2026-03-11,ANDE.OQ,67.79,126309,USD,1.72569027611045
2026-03-11,ANET.N,138.23,1224313,USD,-0.995559375447654
2026-03-11,ANF.N,87.28,310622,USD,0.518254059656804
2026-03-11,ANGI.OQ,8.19,283426,USD,-1.32530120481929
2026-03-11,ANIP.OQ,76.29,74681,USD,0.434439178515024
2026-03-11,AON.N,316.9,315269,USD,-1.26495513459621
2026-03-11,AORT.N,36.35,85818,USD,1.0845383759733
2026-03-11,AOS.N,68.11,537677,USD,-2.44915496992265
2026-03-11,APA.OQ,32.97,2277991,USD,3.61407919547454
2026-03-11,APAM.N,36.28,238211,USD,-0.765864332603942
2026-03-11,APD.N,277.69,254613,USD,0.934137830764755
2026-03-11,APG.N,41.59,1055104,USD,-0.024038461538457
2026-03-11,APGE.OQ,74.68,239670,USD,-0.915483614170091
2026-03-11,APH.N,134.54,1800656,USD,-1.60889278923506
2026-03-11,APLD.OQ,28.52,4084640,USD,4.08759124087592
2026-03-11,APLE.N,12.11,547050,USD,0.581395348837212
2026-03-11,APLS.OQ,19.38,745407,USD,-1.32382892057027
2026-03-11,APO.N,106.1,1067189,USD,-1.91365443283721
2026-03-11,APP.OQ,461.45,1260430,USD,-3.33898908649113
2026-03-11,APPF.OQ,178.99,155327,USD,-3.33225318643335
2026-03-11,APPN.OQ,25.53,229799,USD,-0.815850815850805
2026-03-11,APTV.N,70.32,597212,USD,-2.40111034004164
2026-03-11,AQST.OQ,4.27,438067,USD,1.66666666666665
2026-03-11,AR.N,39.67,1650391,USD,5.87136375767281
2026-03-11,ARCB.OQ,91.91,79957,USD,-1.8475010679197
2026-03-11,ARDX.OQ,5.99,629072,USD,-2.12418300653595
2026-03-11,ARE.N,50.17,690466,USD,-1.72380019588638
2026-03-11,ARES.N,103.46,1206415,USD,-4.80309164519692
2026-03-11,ARLO.N,14.01,521600,USD,1.52173913043478
2026-03-11,ARMK.N,39.76,919301,USD,-0.575143785946496
2026-03-11,AROC.N,35.96,561443,USD,-0.442967884828341
2026-03-11,ARQT.OQ,23.95,243796,USD,-2.60268401789346
2026-03-11,ARR.N,17.84,694050,USD,0.224719101123591
2026-03-11,ARRY.OQ,7.04,1519421,USD,-0.424328147100428
2026-03-11,ARVN.OQ,13.48,239561,USD,-2.53073029645698
2026-03-11,ARW.N,142.1,362632,USD,1.5290082880823
2026-03-11,ARWR.OQ,58.1,909691,USD,-1.85810810810811
2026-03-12,AMN.N,19.38,286860,USD,-4.95340853359491
2026-03-12,AMP.N,440.29,197789,USD,-2.30757283276753
2026-03-12,AMPL.OQ,7.4,573801,USD,-3.14136125654449
2026-03-12,AMPX.N,18.29,2050898,USD,-1.61377084454008
2026-03-12,AMR.N,189.48,101204,USD,1.02905891762196
2026-03-12,AMRC.N,26.28,185491,USD,1.78156467854377
2026-03-12,AMRX.OQ,12.115,1094046,USD,-4.68135326514556
2026-03-12,AMSC.OQ,29.26,262901,USD,-4.5662100456621
2026-03-12,AMT.N,179.86,731604,USD,-1.63522012578615
2026-03-12,AMTM.N,28.0,504742,USD,0.035727045373353
2026-03-12,AMZN.OQ,209.53,16899154,USD,-1.46719962379497
2026-03-12,AN.N,184.65,111364,USD,-2.98938741199958
2026-03-12,ANAB.OQ,63.79,246564,USD,-1.36075460027834
2026-03-12,ANDE.OQ,71.24,182042,USD,5.08924620150463
2026-03-12,ANET.N,134.03,1769389,USD,-3.03841423714099
2026-03-12,ANF.N,84.08,295039,USD,-3.66636113657196
2026-03-12,ANGI.OQ,7.51,476376,USD,-8.3028083028083
2026-03-12,ANIP.OQ,72.49,115200,USD,-4.98099357713988
2026-03-12,AON.N,315.91,458528,USD,-0.3124013884506
2026-03-12,AORT.N,36.17,99569,USD,-0.495185694635488
2026-03-12,AOS.N,66.57,449945,USD,-2.26104830421378
2026-03-12,APA.OQ,33.61,3571525,USD,1.94115862905672
2026-03-12,APAM.N,35.1,234844,USD,-3.25248070562293
2026-03-12,APD.N,290.48,561955,USD,4.60585545032231
2026-03-12,APG.N,40.78,718872,USD,-1.94758355373889
2026-03-12,APGE.OQ,73.51,239035,USD,-1.56668452062132
2026-03-12,APH.N,131.47,1843806,USD,-2.28184926415935
2026-03-12,APLD.OQ,27.48,3941064,USD,-3.64656381486676
2026-03-12,APLE.N,11.87,704885,USD,-1.98183319570603
2026-03-12,APLS.OQ,18.39,1127512,USD,-5.10835913312693
2026-03-12,APO.N,100.3,1687838,USD,-5.46654099905749
2026-03-12,APP.OQ,449.33,1082542,USD,-2.62650341315419
2026-03-12,APPF.OQ,176.12,86201,USD,-1.60344153304654
2026-03-12,APPN.OQ,25.15,207088,USD,-1.48844496670585
2026-03-12,APTV.N,70.07,803069,USD,-0.35551763367463
2026-03-12,AQST.OQ,4.03,494250,USD,-5.62060889929741
2026-03-12,AR.N,40.35,1450777,USD,1.71414166876733
2026-03-12,ARCB.OQ,85.38,124673,USD,-7.10477641170711
2026-03-12,ARDX.OQ,5.66,818810,USD,-5.50918196994992
2026-03-12,ARE.N,50.25,772080,USD,0.159457843332666
2026-03-12,ARES.N,96.5,1716547,USD,-6.72723757974096
2026-03-12,ARLO.N,13.51,364292,USD,-3.56887937187723
2026-03-12,ARMK.N,39.99,894515,USD,0.578470824949708
2026-03-12,AROC.N,35.07,422288,USD,-2.47497219132369
2026-03-12,ARQT.OQ,22.91,429497,USD,-4.34237995824634
2026-03-12,ARR.N,17.41,724823,USD,-2.41031390134529
2026-03-12,ARRY.OQ,6.8,1056095,USD,-3.40909090909091
2026-03-12,ARVN.OQ,12.48,340251,USD,-7.41839762611276
2026-03-12,ARW.N,140.53,160173,USD,-1.1048557353976
2026-03-12,ARWR.OQ,55.01,1037102,USD,-5.31841652323581
2026-03-13,AMN.N,18.9,494110,USD,-2.47678018575852
2026-03-13,AMP.N,442.08,201852,USD,0.406550228258639
2026-03-13,AMPL.OQ,7.35,567871,USD,-0.675675675675685
2026-03-13,AMPX.N,17.95,2104477,USD,-1.85893931109896
2026-03-13,AMR.N,187.86,57598,USD,-0.854971500949956
2026-03-13,AMRC.N,24.71,212838,USD,-5.97412480974125
2026-03-13,AMRX.OQ,11.83,1068211,USD,-2.35245563351218
2026-03-13,AMSC.OQ,31.02,337947,USD,6.01503759398496
2026-03-13,AMT.N,184.41,744484,USD,2.52974535750027
2026-03-13,AMTM.N,27.9,614655,USD,-0.357142857142862
2026-03-13,AMZN.OQ,207.67,11090687,USD,-0.887701045196398
2026-03-13,AN.N,183.47,95595,USD,-0.639046845383161
2026-03-13,ANAB.OQ,64.81,266829,USD,1.59899670794796
2026-03-13,ANDE.OQ,70.74,170058,USD,-0.701852891633914
2026-03-13,ANET.N,133.57,1150625,USD,-0.343206744758642
2026-03-13,ANF.N,81.86,289666,USD,-2.64034253092293
2026-03-13,ANGI.OQ,7.39,321842,USD,-1.59786950732357
2026-03-13,ANIP.OQ,70.49,158882,USD,-2.75900124155056
2026-03-13,AON.N,321.41,274943,USD,1.74100218416638
2026-03-13,AORT.N,36.39,125231,USD,0.608238871993362
2026-03-13,AOS.N,66.84,489694,USD,0.405588102749001
2026-03-13,APA.OQ,34.47,2923694,USD,2.55876227313299
2026-03-13,APAM.N,35.4,266885,USD,0.854700854700846
2026-03-13,APD.N,287.98,409446,USD,-0.860644450564583
2026-03-13,APG.N,39.92,861000,USD,-2.10887690044139
2026-03-13,APGE.OQ,71.9,221833,USD,-2.19017820704666
2026-03-13,APH.N,133.92,1627474,USD,1.86354301361527
2026-03-13,APLD.OQ,27.05,3624739,USD,-1.56477438136827
2026-03-13,APLE.N,11.69,782183,USD,-1.51642796967144
2026-03-13,APLS.OQ,18.94,941719,USD,2.99075584556825
2026-03-13,APO.N,104.44,1562629,USD,4.12761714855434
2026-03-13,APP.OQ,458.67,727882,USD,2.07865043509226
2026-03-13,APPF.OQ,172.5,94243,USD,-2.05541676129912
2026-03-13,APPN.OQ,25.59,604988,USD,1.74950298210736
2026-03-13,APTV.N,70.5,759968,USD,0.613672042243481
2026-03-13,AQST.OQ,4.02,494873,USD,-0.248138957816394
2026-03-13,AR.N,40.99,980640,USD,1.58612143742255
2026-03-13,ARCB.OQ,84.87,98316,USD,-0.597329585382983
2026-03-13,ARDX.OQ,5.78,896919,USD,2.12014134275619
2026-03-13,ARE.N,48.41,742554,USD,-3.66169154228856
2026-03-13,ARES.N,101.76,995191,USD,5.45077720207254
2026-03-13,ARLO.N,13.6,497872,USD,0.666173205033308
2026-03-13,ARMK.N,40.0,1045789,USD,0.025006251562886
2026-03-13,AROC.N,34.61,518786,USD,-1.3116623895067
2026-03-13,ARQT.OQ,22.75,334864,USD,-0.698384984722829
2026-03-13,ARR.N,17.08,795686,USD,-1.89546237794372
2026-03-13,ARRY.OQ,6.93,1006936,USD,1.91176470588235
2026-03-13,ARVN.OQ,12.18,247159,USD,-2.40384615384616
2026-03-13,ARW.N,140.44,99858,USD,-0.064043264783323
2026-03-13,ARWR.OQ,55.05,774054,USD,0.072714051990546
2026-03-16,AMN.N,18.68,273977,USD,-1.16402116402116
2026-03-16,AMP.N,439.02,191355,USD,-0.692182410423453
2026-03-16,AMPL.OQ,7.28,574804,USD,-0.952380952380944
2026-03-16,AMPX.N,18.69,2027065,USD,4.12256267409472
2026-03-16,AMR.N,187.25,45326,USD,-0.32470989034388
2026-03-16,AMRC.N,25.59,231585,USD,3.56131121003642
2026-03-16,AMRX.OQ,11.94,707355,USD,0.929839391377848
2026-03-16,AMSC.OQ,30.9,222811,USD,-0.386847195357837
2026-03-16,AMT.N,184.71,584792,USD,0.162680982593141
2026-03-16,AMTM.N,27.43,482583,USD,-1.68458781362007
2026-03-16,AMZN.OQ,211.74,15305297,USD,1.95984013097704
2026-03-16,AN.N,182.78,79077,USD,-0.376083283370577
2026-03-16,ANAB.OQ,64.78,161511,USD,-0.046289152908504
2026-03-16,ANDE.OQ,70.12,121711,USD,-0.876448968052008
2026-03-16,ANET.N,135.35,1409439,USD,1.3326345736318
2026-03-16,ANF.N,85.0,515712,USD,3.83581724896164
2026-03-16,ANGI.OQ,7.62,317510,USD,3.11231393775373
2026-03-16,ANIP.OQ,72.17,111344,USD,2.38331678252235
2026-03-16,AON.N,326.75,297067,USD,1.66142932702778
2026-03-16,AORT.N,37.4,137667,USD,2.77548777136575
2026-03-16,AOS.N,66.4,440632,USD,-0.658288450029919
2026-03-16,APA.OQ,34.54,2996929,USD,0.203075137800987
2026-03-16,APAM.N,35.46,170145,USD,0.169491525423735
2026-03-16,APD.N,289.16,321966,USD,0.409750677130359
2026-03-16,APG.N,41.24,905099,USD,3.30661322645291
2026-03-16,APGE.OQ,71.09,275282,USD,-1.12656467315717
2026-03-16,APH.N,136.8,2522487,USD,2.15053763440862
2026-03-16,APLD.OQ,27.71,3065316,USD,2.43992606284658
2026-03-16,APLE.N,11.78,798592,USD,0.769888793840888
2026-03-16,APLS.OQ,18.87,635369,USD,-0.36958817317846
2026-03-16,APO.N,103.45,1293297,USD,-0.947912677135192
2026-03-16,APP.OQ,453.3,771429,USD,-1.17077637517169
2026-03-16,APPF.OQ,170.4,138669,USD,-1.21739130434782
2026-03-16,APPN.OQ,25.65,313585,USD,0.234466588511132
2026-03-16,APTV.N,71.57,708157,USD,1.51773049645389
2026-03-16,AQST.OQ,4.18,431425,USD,3.98009950248757
2026-03-16,AR.N,41.03,953850,USD,0.097584776774821
2026-03-16,ARCB.OQ,84.13,191351,USD,-0.871921762695898
2026-03-16,ARDX.OQ,5.84,734160,USD,1.03806228373702
2026-03-16,ARE.N,48.31,572315,USD,-0.206568890725045
2026-03-16,ARES.N,100.51,1038478,USD,-1.22838050314465
2026-03-16,ARLO.N,13.87,429956,USD,1.98529411764706
2026-03-16,ARMK.N,40.45,753471,USD,1.12500000000001
2026-03-16,AROC.N,35.48,710545,USD,2.51372435712221
2026-03-16,ARQT.OQ,22.76,517652,USD,0.043956043956051
2026-03-16,ARR.N,17.03,783267,USD,1.11241217798597
2026-03-16,ARRY.OQ,6.66,1568984,USD,-3.89610389610389
2026-03-16,ARVN.OQ,12.28,282056,USD,0.82101806239737
2026-03-16,ARW.N,141.03,81686,USD,0.420108231273144
2026-03-16,ARWR.OQ,57.37,557276,USD,4.21435059037239
2026-03-17,AMN.N,18.45,363521,USD,-1.23126338329765
2026-03-17,AMP.N,437.94,500694,USD,-0.246002460024597
2026-03-17,AMPL.OQ,7.15,644192,USD,-1.78571428571428
2026-03-17,AMPX.N,19.38,1912468,USD,3.69181380417334
2026-03-17,AMR.N,190.87,68987,USD,1.93324432576769
2026-03-17,AMRC.N,26.12,123437,USD,2.07112153184838
2026-03-17,AMRX.OQ,12.43,977432,USD,4.10385259631491
2026-03-17,AMSC.OQ,31.17,204591,USD,0.873786407767
2026-03-17,AMT.N,185.07,927113,USD,0.194900113691725
2026-03-17,AMTM.N,27.65,361796,USD,0.802041560335395
2026-03-17,AMZN.OQ,215.2,14953325,USD,1.63407953150089
2026-03-17,AN.N,184.47,69272,USD,0.92460881934566
2026-03-17,ANAB.OQ,67.29,213013,USD,3.87465267057735
2026-03-17,ANDE.OQ,69.94,144598,USD,-0.256702795208224
2026-03-17,ANET.N,133.07,1453803,USD,-1.68452161063909
2026-03-17,ANF.N,86.42,356177,USD,1.67058823529412
2026-03-17,ANGI.OQ,7.63,433007,USD,0.131233595800522
2026-03-17,ANIP.OQ,74.28,169805,USD,2.92365248718304
2026-03-17,AON.N,321.18,524789,USD,-1.70466717674063
2026-03-17,AORT.N,37.48,91474,USD,0.213903743315503
2026-03-17,AOS.N,65.74,380596,USD,-0.993975903614474
2026-03-17,APA.OQ,35.865,2316795,USD,3.83613202084541
2026-03-17,APAM.N,36.28,201877,USD,2.31246474901297
2026-03-17,APD.N,286.15,286080,USD,-1.04094618896115
2026-03-17,APG.N,42.08,836597,USD,2.03685741998059
2026-03-17,APGE.OQ,69.85,247615,USD,-1.7442678295119
2026-03-17,APH.N,135.12,2655142,USD,-1.2280701754386
2026-03-17,APLD.OQ,27.51,2299399,USD,-0.721761097076865
2026-03-17,APLE.N,11.84,557819,USD,0.509337860780989
2026-03-17,APLS.OQ,18.82,527075,USD,-0.264970853206151
2026-03-17,APO.N,108.89,1241415,USD,5.25857902368294
2026-03-17,APP.OQ,459.09,986225,USD,1.27729980145598
2026-03-17,APPF.OQ,168.48,152146,USD,-1.12676056338029
2026-03-17,APPN.OQ,25.48,223424,USD,-0.662768031189077
2026-03-17,APTV.N,72.02,551021,USD,0.628755064971361
2026-03-17,AQST.OQ,4.11,449401,USD,-1.67464114832534
2026-03-17,AR.N,41.13,1204369,USD,0.24372410431392
2026-03-17,ARCB.OQ,85.96,103494,USD,2.17520503981932
2026-03-17,ARDX.OQ,5.83,685245,USD,-0.171232876712325
2026-03-17,ARE.N,49.4,744871,USD,2.25626164355205
2026-03-17,ARES.N,105.67,1131268,USD,6.47696746592379
2026-03-17,ARLO.N,14.09,633193,USD,1.58615717375631
2026-03-17,ARMK.N,40.87,580264,USD,1.03831891223732
2026-03-17,AROC.N,36.2,494694,USD,2.02931228861332
2026-03-17,ARQT.OQ,22.72,473510,USD,-0.175746924428834
2026-03-17,ARR.N,17.17,751263,USD,0.822078684674108
2026-03-17,ARRY.OQ,6.99,1408076,USD,4.95495495495496
2026-03-17,ARVN.OQ,12.01,249273,USD,-2.1986970684039
2026-03-17,ARW.N,140.89,141390,USD,-0.099269658937825
2026-03-17,ARWR.OQ,57.57,546766,USD,0.34861425832317
2026-03-18,AMN.N,17.93,533427,USD,-2.81842818428184
2026-03-18,AMP.N,432.54,235330,USD,-1.23304562268803
2026-03-18,AMPL.OQ,7.05,467722,USD,-1.39860139860141
2026-03-18,AMPX.N,18.9,1177342,USD,-2.47678018575852
2026-03-18,AMR.N,196.08,62132,USD,2.72960653848169
2026-03-18,AMRC.N,26.68,180913,USD,2.14395099540581
2026-03-18,AMRX.OQ,12.39,639708,USD,-0.321802091713589
2026-03-18,AMSC.OQ,30.14,241515,USD,-3.30445941610523
2026-03-18,AMT.N,180.69,1562979,USD,-2.36667207002756
2026-03-18,AMTM.N,27.07,584382,USD,-2.09764918625678
2026-03-18,AMZN.OQ,209.87,12692150,USD,-2.4767657992565
2026-03-18,AN.N,186.14,148671,USD,0.905296254133457
2026-03-18,ANAB.OQ,64.72,181974,USD,-3.81928964184873
2026-03-18,ANDE.OQ,69.47,149184,USD,-0.672004575350299
2026-03-18,ANET.N,136.07,1517254,USD,2.25445254377395
2026-03-18,ANF.N,85.97,286324,USD,-0.520712797963438
2026-03-18,ANGI.OQ,7.53,495376,USD,-1.31061598951507
2026-03-18,ANIP.OQ,74.17,155127,USD,-0.148088314485729
2026-03-18,AON.N,317.88,277932,USD,-1.02746123668971
2026-03-18,AORT.N,36.67,93618,USD,-2.16115261472784
2026-03-18,AOS.N,64.02,345539,USD,-2.61636750836629
2026-03-18,APA.OQ,36.61,2456753,USD,2.07723407221524
2026-03-18,APAM.N,36.01,258182,USD,-0.744211686879832
2026-03-18,APD.N,281.42,420956,USD,-1.65297920670975
2026-03-18,APG.N,41.07,839790,USD,-2.40019011406844
2026-03-18,APGE.OQ,66.77,229184,USD,-4.40944881889764
2026-03-18,APH.N,127.81,2725730,USD,-5.41000592066311
2026-03-18,APLD.OQ,26.65,3665261,USD,-3.12613595056344
2026-03-18,APLE.N,11.79,864848,USD,-0.422297297297303
2026-03-18,APLS.OQ,17.89,1177593,USD,-4.94155154091392
2026-03-18,APO.N,111.2,1753267,USD,2.12140692441914
2026-03-18,APP.OQ,442.57,829547,USD,-3.59842296717419
2026-03-18,APPF.OQ,167.67,91847,USD,-0.480769230769232
2026-03-18,APPN.OQ,25.2,292214,USD,-1.0989010989011
2026-03-18,APTV.N,70.13,631681,USD,-2.62427103582338
2026-03-18,AQST.OQ,4.02,628074,USD,-2.18978102189783
2026-03-18,AR.N,41.5,886611,USD,0.899586676391922
2026-03-18,ARCB.OQ,87.08,138367,USD,1.30293159609121
2026-03-18,ARDX.OQ,5.55,844597,USD,-4.80274442538594
2026-03-18,ARE.N,48.31,425152,USD,-2.20647773279351
2026-03-18,ARES.N,105.97,976772,USD,0.283902716002647
2026-03-18,ARLO.N,14.19,688209,USD,0.709723207948897
2026-03-18,ARMK.N,39.85,927394,USD,-2.49571813065818
2026-03-18,AROC.N,35.74,631011,USD,-1.2707182320442
2026-03-18,ARQT.OQ,22.24,810673,USD,-2.11267605633803
2026-03-18,ARR.N,16.62,987329,USD,-3.20326150262085
2026-03-18,ARRY.OQ,6.86,1296149,USD,-1.85979971387697
2026-03-18,ARVN.OQ,10.89,425117,USD,-9.32556203164029
2026-03-18,ARW.N,140.12,186197,USD,-0.546525658314985
2026-03-18,ARWR.OQ,56.71,670012,USD,-1.4938335938857
2026-03-19,AMN.N,18.31,423714,USD,2.11935303959843
2026-03-19,AMP.N,434.06,278670,USD,0.351412586119199
2026-03-19,AMPL.OQ,7.21,623792,USD,2.26950354609929
2026-03-19,AMPX.N,19.11,1489808,USD,1.11111111111112
2026-03-19,AMR.N,198.92,75577,USD,1.44838841289268
2026-03-19,AMRC.N,26.83,108552,USD,0.562218890554717
2026-03-19,AMRX.OQ,12.34,635631,USD,-0.403551251008884
2026-03-19,AMSC.OQ,30.67,186637,USD,1.75846051758461
2026-03-19,AMT.N,182.76,1331379,USD,1.14560850074713
2026-03-19,AMTM.N,27.2,409934,USD,0.4802364240857
2026-03-19,AMZN.OQ,208.76,10819303,USD,-0.528898842140379
2026-03-19,AN.N,184.73,160593,USD,-0.757494359084558
2026-03-19,ANAB.OQ,64.72,152298,USD,0.0
2026-03-19,ANDE.OQ,68.56,123800,USD,-1.30991795019432
2026-03-19,ANET.N,136.26,1446922,USD,0.139634011905635
2026-03-19,ANF.N,88.74,385586,USD,3.22205420495521
2026-03-19,ANGI.OQ,7.63,472814,USD,1.32802124833997
2026-03-19,ANIP.OQ,74.82,116834,USD,0.876365107186182
2026-03-19,AON.N,316.99,274497,USD,-0.279979866616329
2026-03-19,AORT.N,36.53,76655,USD,-0.381783474229617
2026-03-19,AOS.N,64.54,495766,USD,0.812246173070931
2026-03-19,APA.OQ,38.06,3563930,USD,3.96066648456707
2026-03-19,APAM.N,36.07,179974,USD,0.166620383226888
2026-03-19,APD.N,284.15,402279,USD,0.970080307014413
2026-03-19,APG.N,41.19,646424,USD,0.292184075967854
2026-03-19,APGE.OQ,68.5,219934,USD,2.59098397483901
2026-03-19,APH.N,130.65,1731707,USD,2.22204835302402
2026-03-19,APLD.OQ,26.7,3321572,USD,0.187617260787995
2026-03-19,APLE.N,11.83,613826,USD,0.33927056827821
2026-03-19,APLS.OQ,17.97,894492,USD,0.447177193963098
2026-03-19,APO.N,111.37,1062259,USD,0.152877697841728
2026-03-19,APP.OQ,439.92,1032836,USD,-0.598775334975253
2026-03-19,APPF.OQ,166.8,77405,USD,-0.518876364286978
2026-03-19,APPN.OQ,25.87,365557,USD,2.65873015873017
2026-03-19,APTV.N,69.17,626395,USD,-1.36888635391415
2026-03-19,AQST.OQ,4.06,482760,USD,0.995024875621892
2026-03-19,AR.N,43.3,1721076,USD,4.33734939759036
2026-03-19,ARCB.OQ,89.26,171270,USD,2.50344510794672
2026-03-19,ARDX.OQ,5.5,916063,USD,-0.900900900900898
2026-03-19,ARE.N,49.52,505317,USD,2.50465742082385
2026-03-19,ARES.N,107.99,722426,USD,1.90619986788713
2026-03-19,ARLO.N,14.85,425785,USD,4.65116279069768
2026-03-19,ARMK.N,39.16,822121,USD,-1.73149309912172
2026-03-19,AROC.N,36.32,539767,USD,1.62283156127588
2026-03-19,ARQT.OQ,22.91,461692,USD,3.01258992805756
2026-03-19,ARR.N,16.57,903107,USD,-0.300842358604096
2026-03-19,ARRY.OQ,6.97,1243591,USD,1.60349854227404
2026-03-19,ARVN.OQ,11.17,509402,USD,2.57116620752984
2026-03-19,ARW.N,140.57,171881,USD,0.321153297173843
2026-03-19,ARWR.OQ,56.96,739151,USD,0.440839358137895
2026-03-20,AMN.N,18.01,784748,USD,-1.63844893500818
2026-03-20,AMP.N,438.94,1014228,USD,1.12426853430401
2026-03-20,AMPL.OQ,7.01,1509820,USD,-2.77392510402219
2026-03-20,AMPX.N,18.2,2549149,USD,-4.76190476190476
2026-03-20,AMR.N,193.69,183394,USD,-2.62919766740398
2026-03-20,AMRC.N,26.66,667985,USD,-0.633619083115908
2026-03-20,AMRX.OQ,11.83,4411196,USD,-4.13290113452188
2026-03-20,AMSC.OQ,28.74,760366,USD,-6.29279426149333
2026-03-20,AMT.N,176.79,3036749,USD,-3.26657912015758
2026-03-20,AMTM.N,26.8,2312041,USD,-1.47058823529411
2026-03-20,AMZN.OQ,205.37,26115831,USD,-1.62387430542249
2026-03-20,AN.N,181.46,354173,USD,-1.77015103123477
2026-03-20,ANAB.OQ,62.365,374818,USD,-3.63875154511742
2026-03-20,ANDE.OQ,66.44,847543,USD,-3.0921820303384
2026-03-20,ANET.N,131.22,4643056,USD,-3.69881109643328
2026-03-20,ANF.N,87.98,846534,USD,-0.856434527834112
2026-03-20,ANGI.OQ,7.56,6077734,USD,-0.917431192660554
2026-03-20,ANIP.OQ,74.67,341573,USD,-0.20048115477144
2026-03-20,AON.N,325.63,1066358,USD,2.72563803274551
2026-03-20,AORT.N,35.31,486445,USD,-3.33972077744319
2026-03-20,AOS.N,64.09,1442329,USD,-0.697242020452437
2026-03-20,APA.OQ,39.11,15063379,USD,2.75880189174986
2026-03-20,APAM.N,35.9,1464586,USD,-0.471305794288888
2026-03-20,APD.N,281.01,1215359,USD,-1.10505014956888
2026-03-20,APG.N,39.5,4357322,USD,-4.1029376062151
2026-03-20,APGE.OQ,66.04,1571851,USD,-3.5912408759124
2026-03-20,APH.N,126.74,5825300,USD,-2.99272866437046
2026-03-20,APLD.OQ,25.93,6278986,USD,-2.88389513108614
2026-03-20,APLE.N,11.59,3428186,USD,-2.02874049027895
2026-03-20,APLS.OQ,17.21,3816841,USD,-4.22927100723427
2026-03-20,APO.N,112.0,3541443,USD,0.565681961030794
2026-03-20,APP.OQ,442.39,1752668,USD,0.561465721040182
2026-03-20,APPF.OQ,166.1,484145,USD,-0.419664268585142
2026-03-20,APPN.OQ,25.32,653154,USD,-2.12601468882876
2026-03-20,APTV.N,68.1,3866022,USD,-1.54691340176378
2026-03-20,AQST.OQ,3.98,1093005,USD,-1.97044334975369
2026-03-20,AR.N,43.09,3352477,USD,-0.484988452655875
2026-03-20,ARCB.OQ,87.58,369661,USD,-1.8821420569124
2026-03-20,ARDX.OQ,5.31,4401547,USD,-3.45454545454546
2026-03-20,ARE.N,47.39,2928085,USD,-4.30129240710824
2026-03-20,ARES.N,105.87,7590276,USD,-1.96314473562366
2026-03-20,ARLO.N,14.35,1200055,USD,-3.36700336700337
2026-03-20,ARMK.N,38.88,2512877,USD,-0.71501532175688
2026-03-20,AROC.N,35.53,2510586,USD,-2.17511013215859
2026-03-20,ARQT.OQ,22.21,2301084,USD,-3.05543430816237
2026-03-20,ARR.N,15.48,2549059,USD,-6.57815328907664
2026-03-20,ARRY.OQ,6.7,2925634,USD,-3.87374461979913
2026-03-20,ARVN.OQ,10.94,1442632,USD,-2.05908683974933
2026-03-20,ARW.N,136.64,365963,USD,-2.79576011951341
2026-03-20,ARWR.OQ,56.33,3880709,USD,-1.1060393258427
2026-03-23,AMN.N,18.39,399246,USD,2.10993892282065
2026-03-23,AMP.N,442.91,318775,USD,0.904451633480664
2026-03-23,AMPL.OQ,7.21,632507,USD,2.85306704707561
2026-03-23,AMPX.N,18.68,1411591,USD,2.63736263736264
2026-03-23,AMR.N,200.63,126370,USD,3.5830450720223
2026-03-23,AMRC.N,27.72,284441,USD,3.97599399849962
2026-03-23,AMRX.OQ,11.92,718653,USD,0.760777683854606
2026-03-23,AMSC.OQ,30.8,805793,USD,7.16771050800279
2026-03-23,AMT.N,176.5,1752686,USD,-0.164036427399735
2026-03-23,AMTM.N,26.74,473067,USD,-0.223880597014934
2026-03-23,AMZN.OQ,210.14,14349058,USD,2.32263719141062
2026-03-23,AN.N,189.39,186502,USD,4.37010911495645
2026-03-23,ANAB.OQ,62.72,156407,USD,0.569229535797317
2026-03-23,ANDE.OQ,67.64,165189,USD,1.80614087898856
2026-03-23,ANET.N,135.88,1925229,USD,3.55128791342783
2026-03-23,ANF.N,87.51,483432,USD,-0.53421232098204
2026-03-23,ANGI.OQ,7.48,622334,USD,-1.05820105820105
2026-03-23,ANIP.OQ,73.92,88694,USD,-1.00441944556047
2026-03-23,AON.N,325.97,316449,USD,0.104412984061675
2026-03-23,AORT.N,35.72,153978,USD,1.16114415179835
2026-03-23,AOS.N,65.07,490443,USD,1.52909970354188
2026-03-23,APA.OQ,39.03,4259384,USD,-0.204551265660952
2026-03-23,APAM.N,35.93,240024,USD,0.083565459610031
2026-03-23,APD.N,278.66,505481,USD,-0.836269171915578
2026-03-23,APG.N,41.46,916745,USD,4.9620253164557
2026-03-23,APGE.OQ,79.24,971113,USD,19.9878861296184
2026-03-23,APH.N,130.67,2383586,USD,3.29809057913839
2026-03-23,APLD.OQ,27.26,5089523,USD,5.12919398380255
2026-03-23,APLE.N,11.89,845835,USD,2.58843830888698
2026-03-23,APLS.OQ,17.57,998091,USD,2.0918070889018
2026-03-23,APO.N,110.45,1557288,USD,-1.38392857142857
2026-03-23,APP.OQ,458.95,1057291,USD,3.74330342005922
2026-03-23,APPF.OQ,166.97,136550,USD,0.523780854906685
2026-03-23,APPN.OQ,25.98,315788,USD,2.60663507109005
2026-03-23,APTV.N,70.98,571271,USD,4.22907488986786
2026-03-23,AQST.OQ,3.93,375423,USD,-1.25628140703517
2026-03-23,AR.N,42.56,1759168,USD,-1.22998375493154
2026-03-23,ARCB.OQ,92.03,167533,USD,5.08106873715461
2026-03-23,ARDX.OQ,5.31,1253716,USD,0.0
2026-03-23,ARE.N,48.15,639198,USD,1.60371386368432
2026-03-23,ARES.N,107.12,846229,USD,1.18069330310759
2026-03-23,ARLO.N,14.7,534783,USD,2.4390243902439
2026-03-23,ARMK.N,40.29,583678,USD,3.62654320987653
2026-03-23,AROC.N,36.8,875819,USD,3.57444413171966
2026-03-23,ARQT.OQ,22.29,473212,USD,0.36019810895992
2026-03-23,ARR.N,15.85,1193353,USD,2.39018087855297
2026-03-23,ARRY.OQ,6.75,2146823,USD,0.746268656716415
2026-03-23,ARVN.OQ,10.32,375882,USD,-5.66727605118829
2026-03-23,ARW.N,139.9,137191,USD,2.38583138173304
2026-03-23,ARWR.OQ,56.67,701886,USD,0.603586011006574
2026-03-23,AMN.N,18.39,,USD,2.10993892282065
2026-03-23,AMP.N,442.91,,USD,0.904451633480664
2026-03-23,AMPL.OQ,7.21,,USD,2.85306704707561
2026-03-23,AMPX.N,18.68,,USD,2.63736263736264
2026-03-23,AMR.N,200.63,,USD,3.5830450720223
2026-03-23,AMRC.N,27.72,,USD,3.97599399849962
2026-03-23,AMRX.OQ,11.92,,USD,0.760777683854606
2026-03-23,AMSC.OQ,30.8,,USD,7.16771050800279
2026-03-23,AMT.N,176.5,,USD,-0.164036427399735
2026-03-23,AMTM.N,26.74,,USD,-0.223880597014934
2026-03-23,AMZN.OQ,210.14,,USD,2.32263719141062
2026-03-23,AN.N,189.39,,USD,4.37010911495645
2026-03-23,ANAB.OQ,62.72,,USD,0.569229535797317
2026-03-23,ANDE.OQ,67.64,,USD,1.80614087898856
2026-03-23,ANET.N,135.88,,USD,3.55128791342783
2026-03-23,ANF.N,87.51,,USD,-0.53421232098204
2026-03-23,ANGI.OQ,7.48,,USD,-1.05820105820105
2026-03-23,ANIP.OQ,73.92,,USD,-1.00441944556047
2026-03-23,AON.N,325.97,,USD,0.104412984061675
2026-03-23,AORT.N,35.72,,USD,1.16114415179835
2026-03-23,AOS.N,65.07,,USD,1.52909970354188
2026-03-23,APA.OQ,39.03,,USD,-0.204551265660952
2026-03-23,APAM.N,35.93,,USD,0.083565459610031
2026-03-23,APD.N,278.66,,USD,-0.836269171915578
2026-03-23,APG.N,41.46,,USD,4.9620253164557
2026-03-23,APGE.OQ,79.24,,USD,19.9878861296184
2026-03-23,APH.N,130.67,,USD,3.29809057913839
2026-03-23,APLD.OQ,27.26,,USD,5.12919398380255
2026-03-23,APLE.N,11.89,,USD,2.58843830888698
2026-03-23,APLS.OQ,17.57,,USD,2.0918070889018
2026-03-23,APO.N,110.45,,USD,-1.38392857142857
2026-03-23,APP.OQ,458.95,,USD,3.74330342005922
2026-03-23,APPF.OQ,166.97,,USD,0.523780854906685
2026-03-23,APPN.OQ,25.98,,USD,2.60663507109005
2026-03-23,APTV.N,70.98,,USD,4.22907488986786
2026-03-23,AQST.OQ,3.93,,USD,-1.25628140703517
2026-03-23,AR.N,42.56,,USD,-1.22998375493154
2026-03-23,ARCB.OQ,92.03,,USD,5.08106873715461
2026-03-23,ARDX.OQ,5.31,,USD,0.0
2026-03-23,ARE.N,48.15,,USD,1.60371386368432
2026-03-23,ARES.N,107.12,,USD,1.18069330310759
2026-03-23,ARLO.N,14.7,,USD,2.4390243902439
2026-03-23,ARMK.N,40.29,,USD,3.62654320987653
2026-03-23,AROC.N,36.8,,USD,3.57444413171966
2026-03-23,ARQT.OQ,22.29,,USD,0.36019810895992
2026-03-23,ARR.N,15.85,,USD,2.39018087855297
2026-03-23,ARRY.OQ,6.75,,USD,0.746268656716415
2026-03-23,ARVN.OQ,10.32,,USD,-5.66727605118829
2026-03-23,ARW.N,139.9,,USD,2.38583138173304
2026-03-23,ARWR.OQ,56.67,,USD,0.603586011006574
2026-03-24,AMN.N,,0,,
2026-03-24,AMP.N,,0,,
2026-03-24,AMPL.OQ,,0,,
2026-03-24,AMPX.N,,0,,
2026-03-24,AMR.N,,0,,
2026-03-24,AMRC.N,,0,,
2026-03-24,AMRX.OQ,,0,,
2026-03-24,AMSC.OQ,,0,,
2026-03-24,AMT.N,,0,,
2026-03-24,AMTM.N,,0,,
2026-03-24,AMZN.OQ,,0,,
2026-03-24,AN.N,,0,,
2026-03-24,ANAB.OQ,,0,,
2026-03-24,ANDE.OQ,,0,,
2026-03-24,ANET.N,,0,,
2026-03-24,ANF.N,,0,,
2026-03-24,ANGI.OQ,,0,,
2026-03-24,ANIP.OQ,,0,,
2026-03-24,AON.N,,0,,
2026-03-24,AORT.N,,0,,
2026-03-24,AOS.N,,0,,
2026-03-24,APA.OQ,,0,,
2026-03-24,APAM.N,,0,,
2026-03-24,APD.N,,0,,
2026-03-24,APG.N,,0,,
2026-03-24,APGE.OQ,,0,,
2026-03-24,APH.N,,0,,
2026-03-24,APLD.OQ,,0,,
2026-03-24,APLE.N,,0,,
2026-03-24,APLS.OQ,,0,,
2026-03-24,APO.N,,0,,
2026-03-24,APP.OQ,,0,,
2026-03-24,APPF.OQ,,0,,
2026-03-24,APPN.OQ,,0,,
2026-03-24,APTV.N,,0,,
2026-03-24,AQST.OQ,,0,,
2026-03-24,AR.N,,0,,
2026-03-24,ARCB.OQ,,0,,
2026-03-24,ARDX.OQ,,0,,
2026-03-24,ARE.N,,0,,
2026-03-24,ARES.N,,0,,
2026-03-24,ARLO.N,,0,,
2026-03-24,ARMK.N,,0,,
2026-03-24,AROC.N,,0,,
2026-03-24,ARQT.OQ,,0,,
2026-03-24,ARR.N,,0,,
2026-03-24,ARRY.OQ,,0,,
2026-03-24,ARVN.OQ,,0,,
2026-03-24,ARW.N,,0,,
2026-03-24,ARWR.OQ,,0,,
2026-02-12,AS.N,38.52,832036,USD,-3.24039186134137
2026-02-12,ASAN.N,7.53,1617720,USD,0.534045393858478
2026-02-12,ASB.N,27.56,1182020,USD,-2.58041710851891
2026-02-12,ASGN.N,41.85,320914,USD,-1.55257586450246
2026-02-12,ASH.N,61.03,331595,USD,-2.24251161300657
2026-02-12,ASO.OQ,57.73,343249,USD,-2.90951900437269
2026-02-12,ASPI.OQ,5.13,1232086,USD,-9.52380952380952
2026-02-12,ASST.OQ,7.7,635410,USD,-4.82076637824474
2026-02-12,ASTH.OQ,18.16,218240,USD,-4.5717288491855
2026-02-12,ASTS.OQ,82.22,8289021,USD,-15.1671481634338
2026-02-12,ATEC.OQ,13.1,1131692,USD,-2.74684484038605
2026-02-12,ATEN.N,20.35,268768,USD,-2.77114190157668
2026-02-12,ATGE.N,92.92,156635,USD,-2.36419039613324
2026-02-12,ATI.N,139.81,471895,USD,0.785755478662056
2026-02-12,ATKR.N,65.76,85355,USD,-2.28826151560177
2026-02-12,ATMU.N,62.12,280956,USD,-1.3968253968254
2026-02-12,ATO.N,177.77,471197,USD,1.02290163095983
2026-02-12,ATR.N,140.51,162380,USD,0.357117348760803
2026-02-12,ATRC.OQ,31.8,559125,USD,-3.32877336981305
2026-02-12,ATRO.OQ,75.89,142454,USD,0.689929680244124
2026-02-12,AU.N,104.73,508937,USD,-6.71595261423354
2026-02-12,AUB.N,40.3,286838,USD,-1.70731707317074
2026-02-12,AUPH.OQ,14.31,218214,USD,-1.37835975189524
2026-02-12,AUR.OQ,4.22,7164110,USD,-3.21100917431194
2026-02-12,AVA.N,42.39,194720,USD,1.58159597411935
2026-02-12,AVAV.OQ,235.12,400558,USD,-3.40974447457069
2026-02-12,AVB.N,175.26,683312,USD,-2.54128899516211
2026-02-12,AVGO.OQ,331.17,7808029,USD,-3.38137472283813
2026-02-12,AVNT.N,41.84,435039,USD,2.37337900660633
2026-02-12,AVPT.OQ,10.43,945008,USD,-1.23106060606061
2026-02-12,AVT.OQ,65.96,513297,USD,-0.572806753090156
2026-02-12,AVTR.N,9.14,4098873,USD,-5.18672199170124
2026-02-12,AVY.N,195.55,182559,USD,1.43687104471419
2026-02-12,AWI.N,196.94,92175,USD,-1.98576618722939
2026-02-12,AWK.N,128.37,1037421,USD,3.78365268008732
2026-02-12,AWR.N,72.89,110908,USD,2.71984216459978
2026-02-12,AX.N,94.55,146835,USD,-0.168936754302604
2026-02-12,AXGN.OQ,32.61,225339,USD,-3.80530973451327
2026-02-12,AXON.OQ,435.81,287786,USD,0.31303947519853
2026-02-12,AXP.N,342.88,929929,USD,-3.14397898364453
2026-02-12,AXS.N,101.11,259814,USD,-0.443087829854276
2026-02-12,AXSM.OQ,182.94,82095,USD,-1.7560818430804
2026-02-12,AXTA.N,33.79,921500,USD,0.62537224538416
2026-02-12,AYI.N,313.24,110369,USD,-2.72955935782379
2026-02-12,AZO.N,3788.71,34764,USD,1.41493903663156
2026-02-12,AZTA.OQ,28.12,312177,USD,-7.65188834154351
2026-02-12,AZZ.N,137.76,56699,USD,0.218245307725871
2026-02-12,BA.N,239.35,1850022,USD,1.30788114788792
2026-02-12,BAC.N,52.52,16010955,USD,-2.46982358402971
2026-02-12,BAH.N,77.93,722871,USD,-2.33111918786815
2026-02-13,AS.N,39.81,813154,USD,3.34890965732087
2026-02-13,ASAN.N,7.56,1807379,USD,0.398406374501984
2026-02-13,ASB.N,27.85,886813,USD,1.05224963715531
2026-02-13,ASGN.N,41.43,309991,USD,-1.00358422939068
2026-02-13,ASH.N,60.93,423166,USD,-0.163853842372606
2026-02-13,ASO.OQ,58.56,311891,USD,1.43772735146372
2026-02-13,ASPI.OQ,5.22,823658,USD,1.75438596491228
2026-02-13,ASST.OQ,8.33,958891,USD,8.18181818181818
2026-02-13,ASTH.OQ,18.78,151439,USD,3.41409691629956
2026-02-13,ASTS.OQ,82.51,3230973,USD,0.352712235465831
2026-02-13,ATEC.OQ,13.36,840045,USD,1.98473282442748
2026-02-13,ATEN.N,20.7,343866,USD,2.014742014742
2026-02-13,ATGE.N,95.52,148893,USD,2.79810589754627
2026-02-13,ATI.N,143.93,501878,USD,2.94685644803662
2026-02-13,ATKR.N,66.66,80539,USD,1.36861313868612
2026-02-13,ATMU.N,64.12,313337,USD,3.21957501609789
2026-02-13,ATO.N,179.25,408153,USD,0.832536423468521
2026-02-13,ATR.N,142.58,125246,USD,1.47320475411004
2026-02-13,ATRC.OQ,32.65,498260,USD,2.67295597484276
2026-02-13,ATRO.OQ,76.94,129390,USD,1.3835814995388
2026-02-13,AU.N,109.82,389942,USD,4.86011649002195
2026-02-13,AUB.N,40.23,291554,USD,0.744416873449131
2026-02-13,AUPH.OQ,14.23,178192,USD,-0.55904961565339
2026-02-13,AUR.OQ,4.48,6853693,USD,6.16113744075831
2026-02-13,AVA.N,43.08,216040,USD,1.6277423920736
2026-02-13,AVAV.OQ,243.87,201508,USD,3.72150391289554
2026-02-13,AVB.N,176.19,372464,USD,0.53064019171517
2026-02-13,AVGO.OQ,325.17,5915274,USD,-1.81175831144125
2026-02-13,AVNT.N,42.75,396917,USD,2.17495219885276
2026-02-13,AVPT.OQ,10.56,1413292,USD,1.24640460210931
2026-02-13,AVT.OQ,65.79,557855,USD,-0.257731958762868
2026-02-13,AVTR.N,9.2,2299947,USD,0.656455142231934
2026-02-13,AVY.N,195.8,155560,USD,0.127844541038098
2026-02-13,AWI.N,200.28,114504,USD,1.69594800446837
2026-02-13,AWK.N,133.5,854068,USD,3.99626080860014
2026-02-13,AWR.N,74.89,134379,USD,2.74386061188092
2026-02-13,AX.N,97.28,124365,USD,2.88736118455844
2026-02-13,AXGN.OQ,33.23,275833,USD,1.901257283042
2026-02-13,AXON.OQ,429.67,247046,USD,-1.40887083820931
2026-02-13,AXP.N,337.5,856149,USD,-1.56906206252916
2026-02-13,AXS.N,101.85,186845,USD,0.73187617446345
2026-02-13,AXSM.OQ,181.21,104943,USD,-0.945665245435656
2026-02-13,AXTA.N,34.13,1050285,USD,1.00621485646642
2026-02-13,AYI.N,305.5,115473,USD,-2.47094879325757
2026-02-13,AZO.N,3858.16,38689,USD,1.83307774941866
2026-02-13,AZTA.OQ,28.62,285243,USD,1.77809388335704
2026-02-13,AZZ.N,140.24,53573,USD,1.80023228803718
2026-02-13,BA.N,242.96,1371013,USD,1.50825151451849
2026-02-13,BAC.N,52.55,9567782,USD,0.057121096725046
2026-02-13,BAH.N,79.32,563668,USD,2.54074169126137
2026-02-17,AS.N,40.26,851716,USD,1.13036925395628
2026-02-17,ASAN.N,7.36,2450697,USD,-2.64550264550264
2026-02-17,ASB.N,28.23,926399,USD,1.36445242369838
2026-02-17,ASGN.N,41.25,178693,USD,-0.434467776973207
2026-02-17,ASH.N,60.23,374769,USD,-1.1488593467914
2026-02-17,ASO.OQ,59.77,296306,USD,2.06625683060109
2026-02-17,ASPI.OQ,5.385,1021622,USD,3.16091954022989
2026-02-17,ASST.OQ,8.18,966011,USD,-1.80072028811525
2026-02-17,ASTH.OQ,19.22,123411,USD,2.34291799787006
2026-02-17,ASTS.OQ,83.03,2207633,USD,0.630226639195244
2026-02-17,ATEC.OQ,13.5,636498,USD,1.04790419161677
2026-02-17,ATEN.N,20.06,299441,USD,-3.09178743961353
2026-02-17,ATGE.N,95.59,91917,USD,0.07328308207706
2026-02-17,ATI.N,146.75,575172,USD,1.95928576391301
2026-02-17,ATKR.N,66.48,92529,USD,0.225022502250236
2026-02-17,ATMU.N,64.09,240519,USD,-0.046787273861511
2026-02-17,ATO.N,180.24,370613,USD,0.552301255230131
2026-02-17,ATR.N,141.65,175342,USD,-0.652265394866045
2026-02-17,ATRC.OQ,32.97,439195,USD,0.98009188361409
2026-02-17,ATRO.OQ,76.97,111041,USD,0.038991421887186
2026-02-17,AU.N,106.17,581597,USD,-3.32362046985976
2026-02-17,AUB.N,40.29,219014,USD,0.149142431021631
2026-02-17,AUPH.OQ,14.31,203928,USD,0.5621925509487
2026-02-17,AUR.OQ,4.53,3514478,USD,1.11607142857143
2026-02-17,AVA.N,42.76,267290,USD,-0.74280408542247
2026-02-17,AVAV.OQ,262.99,365163,USD,7.84024275228606
2026-02-17,AVB.N,177.65,406167,USD,0.828650888245648
2026-02-17,AVGO.OQ,332.54,6586274,USD,2.26650675031522
2026-02-17,AVNT.N,43.04,327084,USD,0.678362573099413
2026-02-17,AVPT.OQ,10.41,585332,USD,-1.42045454545455
2026-02-17,AVT.OQ,65.05,453321,USD,-1.124791001672
2026-02-17,AVTR.N,9.05,2212005,USD,-1.63043478260868
2026-02-17,AVY.N,194.39,119330,USD,-0.720122574055171
2026-02-17,AWI.N,198.22,81382,USD,-1.02856001597763
2026-02-17,AWK.N,133.51,655311,USD,0.007490636704113
2026-02-17,AWR.N,74.88,96815,USD,-0.013352917612505
2026-02-17,AX.N,97.56,163617,USD,0.287828947368422
2026-02-17,AXGN.OQ,34.64,397379,USD,4.24315377670781
2026-02-17,AXON.OQ,431.94,226437,USD,0.528312425815156
2026-02-17,AXP.N,344.53,741030,USD,2.08296296296295
2026-02-17,AXS.N,104.35,289099,USD,2.45459008345606
2026-02-17,AXSM.OQ,183.3,150166,USD,1.1533579824513
2026-02-17,AXTA.N,34.95,994934,USD,2.40257837679461
2026-02-17,AYI.N,311.16,88946,USD,1.85270049099837
2026-02-17,AZO.N,3742.0,27294,USD,-3.01076160656893
2026-02-17,AZTA.OQ,28.64,280274,USD,0.069881201956672
2026-02-17,AZZ.N,137.69,57683,USD,-1.81831146605819
2026-02-17,BA.N,244.04,1581322,USD,0.444517616068482
2026-02-17,BAC.N,52.74,12311836,USD,0.361560418648915
2026-02-17,BAH.N,76.42,638310,USD,-3.65607665153806
2026-02-18,AS.N,41.31,969046,USD,2.60804769001491
2026-02-18,ASAN.N,7.61,1829998,USD,3.39673913043478
2026-02-18,ASB.N,28.35,597529,USD,0.425079702444212
2026-02-18,ASGN.N,43.12,234066,USD,4.53333333333333
2026-02-18,ASH.N,63.39,424977,USD,5.24655487298689
2026-02-18,ASO.OQ,59.04,363024,USD,-1.22134850259328
2026-02-18,ASPI.OQ,5.49,810207,USD,1.94986072423399
2026-02-18,ASST.OQ,8.05,669188,USD,-1.58924205378972
2026-02-18,ASTH.OQ,19.45,186270,USD,1.19667013527576
2026-02-18,ASTS.OQ,84.43,2783177,USD,1.68613754064797
2026-02-18,ATEC.OQ,13.54,1301163,USD,0.29629629629629
2026-02-18,ATEN.N,19.95,200431,USD,-0.548354935194414
2026-02-18,ATGE.N,97.61,148389,USD,2.11319175645988
2026-02-18,ATI.N,148.57,501913,USD,1.24020442930153
2026-02-18,ATKR.N,66.39,82493,USD,-0.135379061371846
2026-02-18,ATMU.N,64.24,341380,USD,0.234045872991093
2026-02-18,ATO.N,178.12,523269,USD,-1.17620949844652
2026-02-18,ATR.N,141.72,151621,USD,0.049417578538647
2026-02-18,ATRC.OQ,32.26,782392,USD,-2.1534728541098
2026-02-18,ATRO.OQ,78.29,131798,USD,1.71495387813435
2026-02-18,AU.N,108.35,404877,USD,2.0533107280776
2026-02-18,AUB.N,39.96,279192,USD,-0.81906180193596
2026-02-18,AUPH.OQ,14.31,158925,USD,0.0
2026-02-18,AUR.OQ,4.74,7633525,USD,4.63576158940397
2026-02-18,AVA.N,42.17,270517,USD,-1.37979420018708
2026-02-18,AVAV.OQ,265.46,252236,USD,0.939199209095392
2026-02-18,AVB.N,178.06,208930,USD,0.230790880945678
2026-02-18,AVGO.OQ,333.51,4924486,USD,0.2916942322728
2026-02-18,AVNT.N,43.28,268222,USD,0.557620817843871
2026-02-18,AVPT.OQ,10.6,644284,USD,1.82516810758885
2026-02-18,AVT.OQ,65.34,281828,USD,0.445810914681024
2026-02-18,AVTR.N,9.27,2604804,USD,2.43093922651932
2026-02-18,AVY.N,195.41,115993,USD,0.524718349709352
2026-02-18,AWI.N,196.67,78382,USD,-0.78195943900717
2026-02-18,AWK.N,131.16,758512,USD,-1.76016777769455
2026-02-18,AWR.N,73.4,112669,USD,-1.97649572649571
2026-02-18,AX.N,97.69,139374,USD,0.13325133251332
2026-02-18,AXGN.OQ,35.25,219134,USD,1.76096997690531
2026-02-18,AXON.OQ,430.12,284999,USD,-0.421354817798767
2026-02-18,AXP.N,346.24,456858,USD,0.496328331349966
2026-02-18,AXS.N,104.05,176687,USD,-0.287494010541444
2026-02-18,AXSM.OQ,184.74,176730,USD,0.785597381342061
2026-02-18,AXTA.N,35.57,613879,USD,1.77396280400571
2026-02-18,AYI.N,313.39,125220,USD,0.716673094228037
2026-02-18,AZO.N,3744.64,24929,USD,0.070550507749863
2026-02-18,AZTA.OQ,29.83,289591,USD,4.15502793296089
2026-02-18,AZZ.N,133.28,85789,USD,-3.20284697508897
2026-02-18,BA.N,238.93,1244027,USD,-2.09391902966726
2026-02-18,BAC.N,53.36,11157286,USD,1.17557830868411
2026-02-18,BAH.N,78.29,449921,USD,2.44700340225073
2026-02-19,AS.N,41.51,464731,USD,0.484144274993938
2026-02-19,ASAN.N,7.45,1158033,USD,-2.10249671484888
2026-02-19,ASB.N,28.34,877550,USD,-0.035273368606707
2026-02-19,ASGN.N,44.49,211369,USD,3.17717996289426
2026-02-19,ASH.N,63.22,259528,USD,-0.268181101120053
2026-02-19,ASO.OQ,59.07,255348,USD,0.050813008130083
2026-02-19,ASPI.OQ,5.46,893591,USD,-0.546448087431698
2026-02-19,ASST.OQ,8.12,983457,USD,0.869565217391286
2026-02-19,ASTH.OQ,19.77,120818,USD,1.6452442159383
2026-02-19,ASTS.OQ,86.4,2559214,USD,2.33329385289589
2026-02-19,ATEC.OQ,13.48,612342,USD,-0.443131462333816
2026-02-19,ATEN.N,19.68,212900,USD,-1.35338345864661
2026-02-19,ATGE.N,96.75,158442,USD,-0.881057268722466
2026-02-19,ATI.N,152.84,608547,USD,2.8740660967894
2026-02-19,ATKR.N,66.71,68987,USD,0.482000301250178
2026-02-19,ATMU.N,65.05,188289,USD,1.26089663760897
2026-02-19,ATO.N,178.97,304046,USD,0.47720637772288
2026-02-19,ATR.N,143.16,139664,USD,1.01608806096528
2026-02-19,ATRC.OQ,32.38,310311,USD,0.371977681339134
2026-02-19,ATRO.OQ,78.88,154388,USD,0.75360837910332
2026-02-19,AU.N,107.63,452851,USD,-0.664513151822796
2026-02-19,AUB.N,39.92,354038,USD,-0.100100100100098
2026-02-19,AUPH.OQ,14.4,218717,USD,0.628930817610062
2026-02-19,AUR.OQ,4.86,5203368,USD,2.53164556962026
2026-02-19,AVA.N,42.11,288637,USD,-0.142281242589524
2026-02-19,AVAV.OQ,281.67,342789,USD,6.10638137572517
2026-02-19,AVB.N,177.57,171550,USD,-0.275188138829613
2026-02-19,AVGO.OQ,333.99,4645575,USD,0.143923720428179
2026-02-19,AVNT.N,42.51,231420,USD,-1.77911275415897
2026-02-19,AVPT.OQ,10.63,587754,USD,0.283018867924539
2026-02-19,AVT.OQ,66.03,331612,USD,1.05601469237832
2026-02-19,AVTR.N,9.21,2347676,USD,-0.647249190938498
2026-02-19,AVY.N,193.6,111007,USD,-0.926257612199991
2026-02-19,AWI.N,196.49,77042,USD,-0.091523872476727
2026-02-19,AWK.N,131.36,528673,USD,0.152485513876195
2026-02-19,AWR.N,73.48,111924,USD,0.108991825613077
2026-02-19,AX.N,97.1,106255,USD,-0.603951274439557
2026-02-19,AXGN.OQ,35.01,261312,USD,-0.680851063829793
2026-02-19,AXON.OQ,441.12,194444,USD,2.5574258346508
2026-02-19,AXP.N,342.65,602762,USD,-1.03685304990759
2026-02-19,AXS.N,102.59,224741,USD,-1.40317155213839
2026-02-19,AXSM.OQ,186.175,147742,USD,0.776767348706291
2026-02-19,AXTA.N,34.62,657188,USD,-2.67078999156593
2026-02-19,AYI.N,312.07,54931,USD,-0.421200421200419
2026-02-19,AZO.N,3745.49,20351,USD,0.02269911126303
2026-02-19,AZTA.OQ,29.67,229638,USD,-0.53637277908145
2026-02-19,AZZ.N,135.26,54185,USD,1.48559423769507
2026-02-19,BA.N,233.71,990522,USD,-2.18474030050642
2026-02-19,BAC.N,52.77,11744911,USD,-1.10569715142428
2026-02-19,BAH.N,79.94,497870,USD,2.1075488568144
2026-02-20,AS.N,41.96,968872,USD,1.08407612623465
2026-02-20,ASAN.N,7.26,2056372,USD,-2.5503355704698
2026-02-20,ASB.N,28.56,1209682,USD,0.776287932251231
2026-02-20,ASGN.N,45.25,265916,USD,1.70824904472915
2026-02-20,ASH.N,64.8,305936,USD,2.49920911104081
2026-02-20,ASO.OQ,58.78,497485,USD,-0.490942949043506
2026-02-20,ASPI.OQ,5.2,808033,USD,-4.76190476190476
2026-02-20,ASST.OQ,8.15,968623,USD,0.369458128078832
2026-02-20,ASTH.OQ,19.86,139328,USD,0.455235204855841
2026-02-20,ASTS.OQ,80.2,2797688,USD,-7.17592592592593
2026-02-20,ATEC.OQ,13.01,1173662,USD,-3.486646884273
2026-02-20,ATEN.N,19.98,489863,USD,1.52439024390244
2026-02-20,ATGE.N,96.64,146622,USD,-0.113695090439276
2026-02-20,ATI.N,158.87,950715,USD,3.94530227689087
2026-02-20,ATKR.N,67.18,114068,USD,0.704542047669035
2026-02-20,ATMU.N,64.7,234340,USD,-0.453497309761713
2026-02-20,ATO.N,180.97,313920,USD,1.11750572721685
2026-02-20,ATR.N,145.05,204318,USD,1.32020117351216
2026-02-20,ATRC.OQ,32.58,252737,USD,0.617665225447794
2026-02-20,ATRO.OQ,78.25,181056,USD,-0.798681541582144
2026-02-20,AU.N,114.25,1342931,USD,6.15070147728329
2026-02-20,AUB.N,40.65,320326,USD,1.82865731462925
2026-02-20,AUPH.OQ,14.4,228285,USD,0.0
2026-02-20,AUR.OQ,4.77,3510622,USD,-1.85185185185187
2026-02-20,AVA.N,42.33,298430,USD,0.522441225362144
2026-02-20,AVAV.OQ,264.63,323538,USD,-6.04963254872724
2026-02-20,AVB.N,177.4,291992,USD,-0.095736892493094
2026-02-20,AVGO.OQ,332.65,5351474,USD,-0.401209617054412
2026-02-20,AVNT.N,42.57,198455,USD,0.141143260409321
2026-02-20,AVPT.OQ,10.5,809473,USD,-1.22295390404516
2026-02-20,AVT.OQ,67.32,512203,USD,1.95365742844161
2026-02-20,AVTR.N,9.03,3054188,USD,-1.95439739413682
2026-02-20,AVY.N,196.92,209627,USD,1.71487603305785
2026-02-20,AWI.N,198.92,129309,USD,1.23670415797241
2026-02-20,AWK.N,129.37,1246391,USD,-1.51492082825823
2026-02-20,AWR.N,72.94,106286,USD,-0.734893848666312
2026-02-20,AX.N,97.32,139136,USD,0.226570545829041
2026-02-20,AXGN.OQ,35.3,239947,USD,0.828334761496713
2026-02-20,AXON.OQ,433.91,219547,USD,-1.63447587957925
2026-02-20,AXP.N,346.18,700219,USD,1.03020574930688
2026-02-20,AXS.N,105.01,305089,USD,2.3589043766449
2026-02-20,AXSM.OQ,183.72,220779,USD,-1.31865180609642
2026-02-20,AXTA.N,34.48,601164,USD,-0.404390525707685
2026-02-20,AYI.N,310.8,62616,USD,-0.406959976928248
2026-02-20,AZO.N,3748.52,41674,USD,0.080897292477091
2026-02-20,AZTA.OQ,29.28,293742,USD,-1.314459049545
2026-02-20,AZZ.N,134.9,52303,USD,-0.266154073635949
2026-02-20,BA.N,232.03,1292371,USD,-0.718839587523002
2026-02-20,BAC.N,53.06,13423450,USD,0.549554671214704
2026-02-20,BAH.N,77.21,475321,USD,-3.41506129597198
2026-02-23,AS.N,40.49,1400179,USD,-3.50333651096282
2026-02-23,ASAN.N,6.58,2715491,USD,-9.366391184573
2026-02-23,ASB.N,27.19,1131800,USD,-4.79691876750699
2026-02-23,ASGN.N,40.94,246706,USD,-9.52486187845304
2026-02-23,ASH.N,63.04,325686,USD,-2.71604938271605
2026-02-23,ASO.OQ,58.89,539256,USD,0.187138482477032
2026-02-23,ASPI.OQ,5.33,825064,USD,2.5
2026-02-23,ASST.OQ,7.36,802030,USD,-9.69325153374233
2026-02-23,ASTH.OQ,19.82,249974,USD,-0.201409869083581
2026-02-23,ASTS.OQ,83.9,3557679,USD,4.61346633416459
2026-02-23,ATEC.OQ,13.16,780827,USD,1.15295926210607
2026-02-23,ATEN.N,18.94,220017,USD,-5.2052052052052
2026-02-23,ATGE.N,98.54,205995,USD,1.96605960264901
2026-02-23,ATI.N,159.27,692958,USD,0.25177818342041
2026-02-23,ATKR.N,65.15,100110,USD,-3.02173265852933
2026-02-23,ATMU.N,63.59,223048,USD,-1.71561051004637
2026-02-23,ATO.N,181.72,259524,USD,0.967011106813284
2026-02-23,ATR.N,145.72,146880,USD,0.461909686315055
2026-02-23,ATRC.OQ,31.79,217592,USD,-2.42480049109883
2026-02-23,ATRO.OQ,76.3,195155,USD,-2.49201277955272
2026-02-23,AU.N,121.12,715657,USD,6.01312910284464
2026-02-23,AUB.N,38.87,373209,USD,-4.37884378843789
2026-02-23,AUPH.OQ,14.83,328996,USD,2.98611111111111
2026-02-23,AUR.OQ,4.74,3202697,USD,-0.62893081761005
2026-02-23,AVA.N,42.69,262220,USD,0.850460666194187
2026-02-23,AVAV.OQ,261.33,226881,USD,-1.24702414692212
2026-02-23,AVB.N,176.36,245032,USD,-0.586245772266061
2026-02-23,AVGO.OQ,330.34,5395975,USD,-0.694423568315047
2026-02-23,AVNT.N,42.11,202403,USD,-1.08057317359643
2026-02-23,AVPT.OQ,9.95,515635,USD,-5.23809523809525
2026-02-23,AVT.OQ,67.27,356083,USD,-0.074272133095658
2026-02-23,AVTR.N,8.89,2136983,USD,-1.55038759689921
2026-02-23,AVY.N,196.62,202719,USD,-0.152346130408279
2026-02-23,AWI.N,192.83,256013,USD,-3.06153227428111
2026-02-23,AWK.N,132.92,647115,USD,2.74406740357114
2026-02-23,AWR.N,73.5,91680,USD,1.45873320537428
2026-02-23,AX.N,91.06,158419,USD,-6.43238799835593
2026-02-23,AXGN.OQ,35.38,369886,USD,0.226628895184151
2026-02-23,AXON.OQ,423.44,253144,USD,-2.41294277615174
2026-02-23,AXP.N,321.24,1210519,USD,-7.2043445606332
2026-02-23,AXS.N,104.35,203962,USD,-0.628511570326646
2026-02-23,AXSM.OQ,174.76,256333,USD,-4.8769867189201
2026-02-23,AXTA.N,34.05,564800,USD,-1.24709976798144
2026-02-23,AYI.N,300.41,68353,USD,-3.34298584298584
2026-02-23,AZO.N,3829.27,27239,USD,2.15418351776168
2026-02-23,AZTA.OQ,28.03,234893,USD,-4.26912568306011
2026-02-23,AZZ.N,134.43,50791,USD,-0.348406226834692
2026-02-23,BA.N,230.44,1170780,USD,-0.68525621686851
2026-02-23,BAC.N,51.07,12604841,USD,-3.75047116471919
2026-02-23,BAH.N,74.26,581559,USD,-3.82074860769329
2026-02-24,AS.N,38.24,1882104,USD,-5.55692763645344
2026-02-24,ASAN.N,7.02,2019766,USD,6.6869300911854
2026-02-24,ASB.N,27.24,813674,USD,0.183891136447213
2026-02-24,ASGN.N,40.5,203400,USD,-1.07474352711284
2026-02-24,ASH.N,64.09,167046,USD,1.66560913705584
2026-02-24,ASO.OQ,61.18,681017,USD,3.88860587536084
2026-02-24,ASPI.OQ,5.42,816774,USD,1.68855534709193
2026-02-24,ASST.OQ,7.165,447877,USD,-2.64945652173913
2026-02-24,ASTH.OQ,19.22,123177,USD,-3.02724520686176
2026-02-24,ASTS.OQ,85.82,2337354,USD,2.28843861740165
2026-02-24,ATEC.OQ,13.93,1872636,USD,5.85106382978723
2026-02-24,ATEN.N,18.99,214947,USD,0.263991552270312
2026-02-24,ATGE.N,99.59,113444,USD,1.06555713415871
2026-02-24,ATI.N,161.04,560537,USD,1.1113203993219
2026-02-24,ATKR.N,66.16,58626,USD,1.55026861089791
2026-02-24,ATMU.N,65.11,241790,USD,2.39031294228652
2026-02-24,ATO.N,182.02,229018,USD,0.165089148140002
2026-02-24,ATR.N,144.14,131192,USD,-1.08427120505079
2026-02-24,ATRC.OQ,31.14,308407,USD,-2.04466813463353
2026-02-24,ATRO.OQ,79.39,197248,USD,4.04980340760158
2026-02-24,AU.N,124.7,822048,USD,2.9557463672391
2026-02-24,AUB.N,38.46,299012,USD,-1.05479804476459
2026-02-24,AUPH.OQ,14.59,307668,USD,-1.61834120026973
2026-02-24,AUR.OQ,4.85,3108089,USD,2.32067510548522
2026-02-24,AVA.N,42.65,280043,USD,-0.093698758491448
2026-02-24,AVAV.OQ,262.25,199107,USD,0.352045306700347
2026-02-24,AVB.N,177.58,202047,USD,0.691766840553413
2026-02-24,AVGO.OQ,325.49,6377107,USD,-1.46818429496881
2026-02-24,AVNT.N,42.3,229200,USD,0.451199240085485
2026-02-24,AVPT.OQ,10.13,583090,USD,1.80904522613067
2026-02-24,AVT.OQ,66.94,317551,USD,-0.490560428125462
2026-02-24,AVTR.N,9.11,3162250,USD,2.47469066366703
2026-02-24,AVY.N,197.45,96410,USD,0.4221340657105
2026-02-24,AWI.N,174.3,308340,USD,-9.60950059638023
2026-02-24,AWK.N,134.08,490397,USD,0.872705386698785
2026-02-24,AWR.N,73.93,75203,USD,0.585034013605452
2026-02-24,AX.N,91.28,112508,USD,0.241598945750054
2026-02-24,AXGN.OQ,32.5,682226,USD,-8.14019219898248
2026-02-24,AXON.OQ,442.51,418781,USD,4.50358964670319
2026-02-24,AXP.N,320.48,1624913,USD,-0.236583239945209
2026-02-24,AXS.N,103.33,145965,USD,-0.977479635840916
2026-02-24,AXSM.OQ,169.95,349598,USD,-2.75234607461662
2026-02-24,AXTA.N,34.19,451356,USD,0.411160058737153
2026-02-24,AYI.N,303.32,82884,USD,0.968676142605096
2026-02-24,AZO.N,3784.42,27379,USD,-1.17124151600696
2026-02-24,AZTA.OQ,28.18,209295,USD,0.535140920442378
2026-02-24,AZZ.N,134.87,72558,USD,0.327307892583499
2026-02-24,BA.N,233.39,903657,USD,1.28015969449748
2026-02-24,BAC.N,50.41,16827848,USD,-1.29234384178579
2026-02-24,BAH.N,75.7,465352,USD,1.9391327767304
2026-02-25,AS.N,37.85,1455744,USD,-1.01987447698745
2026-02-25,ASAN.N,7.16,1667189,USD,1.994301994302
2026-02-25,ASB.N,27.61,629647,USD,1.35829662261381
2026-02-25,ASGN.N,41.04,159017,USD,1.33333333333333
2026-02-25,ASH.N,62.22,337278,USD,-2.91777188328913
2026-02-25,ASO.OQ,61.19,520925,USD,0.016345210853217
2026-02-25,ASPI.OQ,5.74,835049,USD,5.90405904059041
2026-02-25,ASST.OQ,8.54,1071124,USD,19.1905094207955
2026-02-25,ASTH.OQ,19.95,135447,USD,3.79812695109261
2026-02-25,ASTS.OQ,82.36,2081041,USD,-4.03169424376602
2026-02-25,ATEC.OQ,14.04,1974320,USD,0.789662598707821
2026-02-25,ATEN.N,19.28,170742,USD,1.52711953659822
2026-02-25,ATGE.N,96.07,107225,USD,-3.53449141480069
2026-02-25,ATI.N,160.02,475119,USD,-0.63338301043218
2026-02-25,ATKR.N,65.02,66535,USD,-1.72309552599758
2026-02-25,ATMU.N,64.66,184241,USD,-0.691138074028571
2026-02-25,ATO.N,182.06,208926,USD,0.021975607076141
2026-02-25,ATR.N,142.68,106072,USD,-1.01290412099346
2026-02-25,ATRC.OQ,31.19,182660,USD,0.160565189466926
2026-02-25,ATRO.OQ,78.84,453349,USD,-0.692782466305576
2026-02-25,AU.N,124.5,556540,USD,-0.160384923817163
2026-02-25,AUB.N,39.09,197814,USD,1.63806552262091
2026-02-25,AUPH.OQ,14.43,566817,USD,-1.09664153529815
2026-02-25,AUR.OQ,4.88,2387063,USD,0.618556701030933
2026-02-25,AVA.N,40.61,413036,USD,-3.62837045720985
2026-02-25,AVAV.OQ,255.22,229826,USD,-2.68064823641563
2026-02-25,AVB.N,178.27,290299,USD,0.388557269962832
2026-02-25,AVGO.OQ,332.31,7197792,USD,2.09530246704968
2026-02-25,AVNT.N,41.66,134501,USD,-1.51300236406619
2026-02-25,AVPT.OQ,10.23,707936,USD,0.987166831194468
2026-02-25,AVT.OQ,67.34,251670,USD,0.597550044816262
2026-02-25,AVTR.N,9.06,1575235,USD,-0.548847420417112
2026-02-25,AVY.N,192.79,176185,USD,-2.36009116231957
2026-02-25,AWI.N,172.21,200383,USD,-1.19908204245554
2026-02-25,AWK.N,134.22,520199,USD,0.104415274462997
2026-02-25,AWR.N,74.23,109747,USD,0.405789260110912
2026-02-25,AX.N,95.18,113534,USD,4.27256792287468
2026-02-25,AXGN.OQ,31.22,422867,USD,-3.93846153846154
2026-02-25,AXON.OQ,520.18,1014337,USD,17.5521457142211
2026-02-25,AXP.N,327.09,827870,USD,2.06253120319519
2026-02-25,AXS.N,102.59,168037,USD,-0.7161521339398
2026-02-25,AXSM.OQ,164.22,279148,USD,-3.37157987643424
2026-02-25,AXTA.N,33.73,498744,USD,-1.34542263819831
2026-02-25,AYI.N,306.54,57714,USD,1.06158512462087
2026-02-25,AZO.N,3671.82,33331,USD,-2.97535685785404
2026-02-25,AZTA.OQ,27.88,258337,USD,-1.06458481192335
2026-02-25,AZZ.N,134.35,36369,USD,-0.385556461778016
2026-02-25,BA.N,230.36,992451,USD,-1.2982561377951
2026-02-25,BAC.N,51.69,13501224,USD,2.5391787343781
2026-02-25,BAH.N,75.11,433156,USD,-0.779392338177019
2026-02-26,AS.N,38.69,724500,USD,2.21928665785996
2026-02-26,ASAN.N,7.35,1382389,USD,2.65363128491619
2026-02-26,ASB.N,28.08,835057,USD,1.70228178196305
2026-02-26,ASGN.N,43.36,237220,USD,5.65302144249513
2026-02-26,ASH.N,62.27,238640,USD,0.080360012857609
2026-02-26,ASO.OQ,61.14,399774,USD,-0.081712698153288
2026-02-26,ASPI.OQ,5.66,886274,USD,-1.39372822299652
2026-02-26,ASST.OQ,8.19,928865,USD,-4.0983606557377
2026-02-26,ASTH.OQ,20.91,136341,USD,4.81203007518797
2026-02-26,ASTS.OQ,85.76,2575757,USD,4.12821758135018
2026-02-26,ATEC.OQ,14.01,955590,USD,-0.213675213675209
2026-02-26,ATEN.N,19.26,215487,USD,-0.103734439834023
2026-02-26,ATGE.N,98.76,132224,USD,2.80004163630687
2026-02-26,ATI.N,163.55,558733,USD,2.20597425321835
2026-02-26,ATKR.N,65.33,81821,USD,0.476776376499542
2026-02-26,ATMU.N,64.15,219473,USD,-0.788741107330639
2026-02-26,ATO.N,183.63,213976,USD,0.862353070416342
2026-02-26,ATR.N,141.79,103040,USD,-0.623773479114112
2026-02-26,ATRC.OQ,31.64,211493,USD,1.44277011862776
2026-02-26,ATRO.OQ,80.2,283846,USD,1.72501268391679
2026-02-26,AU.N,126.07,678863,USD,1.26104417670682
2026-02-26,AUB.N,39.51,398108,USD,1.07444359171142
2026-02-26,AUPH.OQ,13.97,500276,USD,-3.18780318780318
2026-02-26,AUR.OQ,4.71,5468555,USD,-3.48360655737705
2026-02-26,AVA.N,39.77,568386,USD,-2.06845604530903
2026-02-26,AVAV.OQ,259.62,200612,USD,1.72400282109553
2026-02-26,AVB.N,179.67,281184,USD,0.785325629662858
2026-02-26,AVGO.OQ,321.7,9544145,USD,-3.19280190183865
2026-02-26,AVNT.N,41.11,242010,USD,-1.3202112337974
2026-02-26,AVPT.OQ,10.38,922466,USD,1.46627565982405
2026-02-26,AVT.OQ,66.15,335819,USD,-1.76715176715176
2026-02-26,AVTR.N,9.01,1947059,USD,-0.551876379690957
2026-02-26,AVY.N,192.94,183391,USD,0.077804865397586
2026-02-26,AWI.N,175.57,220476,USD,1.9511062075373
2026-02-26,AWK.N,134.32,621772,USD,0.074504544777227
2026-02-26,AWR.N,73.76,71743,USD,-0.633167183079616
2026-02-26,AX.N,95.29,120622,USD,0.115570498003782
2026-02-26,AXGN.OQ,31.9,289660,USD,2.17809096732863
2026-02-26,AXON.OQ,550.19,596473,USD,5.76915683032798
2026-02-26,AXP.N,335.32,729796,USD,2.51612705983063
2026-02-26,AXS.N,104.61,132640,USD,1.96900282678623
2026-02-26,AXSM.OQ,163.19,373007,USD,-0.627207404701012
2026-02-26,AXTA.N,33.61,393416,USD,-0.355766380077075
2026-02-26,AYI.N,307.53,105487,USD,0.322959483264811
2026-02-26,AZO.N,3660.0,29140,USD,-0.321911204797625
2026-02-26,AZTA.OQ,27.38,368151,USD,-1.79340028694405
2026-02-26,AZZ.N,134.4,40097,USD,0.037216226274664
2026-02-26,BA.N,229.41,1095844,USD,-0.412397985761424
2026-02-26,BAC.N,52.3,27770251,USD,1.18011220739021
2026-02-26,BAH.N,79.77,1091218,USD,6.20423379044068
2026-02-27,AS.N,37.98,957274,USD,-1.83509950891704
2026-02-27,ASAN.N,7.1,1964204,USD,-3.40136054421769
2026-02-27,ASB.N,26.41,1305538,USD,-5.94729344729344
2026-02-27,ASGN.N,42.9,330010,USD,-1.06088560885609
2026-02-27,ASH.N,62.36,254939,USD,0.81098442267544
2026-02-27,ASO.OQ,60.13,514319,USD,-1.6519463526333
2026-02-27,ASPI.OQ,5.34,903968,USD,-5.65371024734983
2026-02-27,ASST.OQ,7.94,759346,USD,-3.05250305250304
2026-02-27,ASTH.OQ,20.33,222658,USD,-2.7737924438068
2026-02-27,ASTS.OQ,79.19,12751704,USD,-7.66091417910449
2026-02-27,ATEC.OQ,13.62,928630,USD,-2.78372591006424
2026-02-27,ATEN.N,19.26,428753,USD,0.0
2026-02-27,ATGE.N,98.0,202646,USD,-0.769542324827871
2026-02-27,ATI.N,163.59,575657,USD,0.024457352491588
2026-02-27,ATKR.N,64.71,134958,USD,-0.949028011633254
2026-02-27,ATMU.N,64.53,213148,USD,0.592361652377234
2026-02-27,ATO.N,186.79,1169586,USD,1.72085171268311
2026-02-27,ATR.N,143.71,124258,USD,1.35411524084915
2026-02-27,ATRC.OQ,31.26,229734,USD,-1.20101137800253
2026-02-27,ATRO.OQ,80.62,310246,USD,0.523690773067334
2026-02-27,AU.N,127.77,734234,USD,1.34845720631396
2026-02-27,AUB.N,37.06,531705,USD,-6.20096178182737
2026-02-27,AUPH.OQ,14.17,686232,USD,1.43163922691481
2026-02-27,AUR.OQ,4.68,7530619,USD,-0.636942675159241
2026-02-27,AVA.N,40.62,525270,USD,2.13728941413124
2026-02-27,AVAV.OQ,252.25,275054,USD,-2.83876434789308
2026-02-27,AVB.N,177.23,668545,USD,-1.3580453052819
2026-02-27,AVGO.OQ,319.55,10276248,USD,-0.668324525955852
2026-02-27,AVNT.N,41.07,327481,USD,-0.097299927025053
2026-02-27,AVPT.OQ,10.78,1394213,USD,3.85356454720615
2026-02-27,AVT.OQ,65.84,298972,USD,-0.468631897203329
2026-02-27,AVTR.N,9.05,2612402,USD,0.443951165371819
2026-02-27,AVY.N,196.35,259278,USD,1.76738882554162
2026-02-27,AWI.N,173.5,183940,USD,-1.17901691632967
2026-02-27,AWK.N,136.03,1009639,USD,1.27307921381775
2026-02-27,AWR.N,74.53,154625,USD,1.0439262472885
2026-02-27,AX.N,86.82,265960,USD,-8.88865568265297
2026-02-27,AXGN.OQ,31.73,350794,USD,-0.532915360501562
2026-02-27,AXON.OQ,542.4,704691,USD,-1.41587451607628
2026-02-27,AXP.N,308.9,2646366,USD,-7.87904091613981
2026-02-27,AXS.N,105.72,281560,USD,1.06108402638371
2026-02-27,AXSM.OQ,163.89,224141,USD,0.428947852196819
2026-02-27,AXTA.N,33.41,1380074,USD,-0.595060993751868
2026-02-27,AYI.N,301.59,188624,USD,-1.9315188762072
2026-02-27,AZO.N,3755.58,95632,USD,2.61147540983606
2026-02-27,AZTA.OQ,26.98,333062,USD,-1.46092037983929
2026-02-27,AZZ.N,135.98,81993,USD,1.17559523809523
2026-02-27,BA.N,227.53,2316535,USD,-0.819493483283203
2026-02-27,BAC.N,49.83,30203432,USD,-4.7227533460803
2026-02-27,BAH.N,78.83,5146828,USD,-1.1783878651122
2026-03-02,AS.N,37.89,823848,USD,-0.23696682464454
2026-03-02,ASAN.N,7.3,2381326,USD,2.81690140845071
2026-03-02,ASB.N,26.58,976850,USD,1.55244225672093
2026-03-02,ASGN.N,40.97,230491,USD,-4.4988344988345
2026-03-02,ASH.N,61.15,195700,USD,-1.94034637588198
2026-03-02,ASO.OQ,60.22,391148,USD,0.149675702644265
2026-03-02,ASPI.OQ,5.5,739948,USD,2.99625468164794
2026-03-02,ASST.OQ,8.73,1139077,USD,9.94962216624685
2026-03-02,ASTH.OQ,26.32,817583,USD,29.4638465322184
2026-03-02,ASTS.OQ,86.92,4049708,USD,9.76133350170477
2026-03-02,ATEC.OQ,13.47,775963,USD,-1.10132158590307
2026-03-02,ATEN.N,19.86,261985,USD,3.11526479750778
2026-03-02,ATGE.N,99.81,175618,USD,1.84693877551021
2026-03-02,ATI.N,166.42,538091,USD,1.729934592579
2026-03-02,ATKR.N,65.41,91464,USD,1.08174934322362
2026-03-02,ATMU.N,65.57,213445,USD,1.61165349449867
2026-03-02,ATO.N,187.07,494709,USD,0.149900958295413
2026-03-02,ATR.N,142.67,112901,USD,-0.723679632593432
2026-03-02,ATRC.OQ,30.93,263417,USD,-1.05566218809981
2026-03-02,ATRO.OQ,81.35,220083,USD,0.905482510543277
2026-03-02,AU.N,128.26,772236,USD,0.383501604445484
2026-03-02,AUB.N,37.62,445390,USD,1.51106314085266
2026-03-02,AUPH.OQ,14.21,484206,USD,0.282286520818637
2026-03-02,AUR.OQ,4.75,3230847,USD,1.4957264957265
2026-03-02,AVA.N,39.92,443941,USD,-1.72328902018709
2026-03-02,AVAV.OQ,208.32,2727083,USD,-17.4152626362735
2026-03-02,AVB.N,179.01,317161,USD,1.00434463691249
2026-03-02,AVGO.OQ,318.82,7486973,USD,-0.228446252542644
2026-03-02,AVNT.N,40.88,194671,USD,-0.462624786949106
2026-03-02,AVPT.OQ,10.51,1093458,USD,-2.50463821892393
2026-03-02,AVT.OQ,64.98,414782,USD,-1.30619684082624
2026-03-02,AVTR.N,8.81,1819490,USD,-2.65193370165746
2026-03-02,AVY.N,194.97,156065,USD,-0.702826585179524
2026-03-02,AWI.N,171.99,141175,USD,-0.870317002881839
2026-03-02,AWK.N,135.44,391917,USD,-0.433727854149822
2026-03-02,AWR.N,74.79,108476,USD,0.348852810948618
2026-03-02,AX.N,89.47,153198,USD,3.0522920985948
2026-03-02,AXGN.OQ,30.65,262979,USD,-3.40371887803341
2026-03-02,AXON.OQ,572.02,351972,USD,5.46091445427729
2026-03-02,AXP.N,307.43,1155980,USD,-0.47588216251213
2026-03-02,AXS.N,106.91,236848,USD,1.12561483163072
2026-03-02,AXSM.OQ,166.38,203975,USD,1.51931173347978
2026-03-02,AXTA.N,32.59,638988,USD,-2.45435498353784
2026-03-02,AYI.N,295.64,140980,USD,-1.97287708478397
2026-03-02,AZO.N,3882.47,55905,USD,3.37870581907455
2026-03-02,AZTA.OQ,25.84,274354,USD,-4.22535211267606
2026-03-02,AZZ.N,134.52,80582,USD,-1.07368730695689
2026-03-02,BA.N,229.74,1041816,USD,0.97130048784776
2026-03-02,BAC.N,49.81,13801337,USD,-0.040136463977516
2026-03-02,BAH.N,77.81,617304,USD,-1.29392363313459
2026-03-03,AS.N,36.92,3260098,USD,-2.56004222750066
2026-03-03,ASAN.N,7.44,2835560,USD,1.91780821917809
2026-03-03,ASB.N,26.36,795328,USD,-0.827689992475541
2026-03-03,ASGN.N,41.98,176069,USD,2.46521845252623
2026-03-03,ASH.N,59.62,115366,USD,-2.50204415372036
2026-03-03,ASO.OQ,59.78,463336,USD,-0.730654267685151
2026-03-03,ASPI.OQ,5.26,909919,USD,-4.36363636363637
2026-03-03,ASST.OQ,8.33,829491,USD,-4.58190148911799
2026-03-03,ASTH.OQ,24.51,387245,USD,-6.87689969604863
2026-03-03,ASTS.OQ,92.68,5386817,USD,6.62678324896457
2026-03-03,ATEC.OQ,13.02,639699,USD,-3.34075723830736
2026-03-03,ATEN.N,20.4,246372,USD,2.71903323262839
2026-03-03,ATGE.N,102.7,115624,USD,2.89550145276025
2026-03-03,ATI.N,156.96,742336,USD,-5.68441293113807
2026-03-03,ATKR.N,62.42,90566,USD,-4.57116648830453
2026-03-03,ATMU.N,62.85,300981,USD,-4.1482385237151
2026-03-03,ATO.N,186.0,422818,USD,-0.571978403806058
2026-03-03,ATR.N,139.76,105867,USD,-2.03967197028107
2026-03-03,ATRC.OQ,31.46,185025,USD,1.71354671839638
2026-03-03,ATRO.OQ,75.68,296551,USD,-6.96988322065149
2026-03-03,AU.N,114.92,793017,USD,-10.4007484796507
2026-03-03,AUB.N,37.55,294610,USD,-0.186071238702818
2026-03-03,AUPH.OQ,14.15,389702,USD,-0.42223786066151
2026-03-03,AUR.OQ,4.6,3653969,USD,-3.15789473684211
2026-03-03,AVA.N,40.07,318257,USD,0.375751503006008
2026-03-03,AVAV.OQ,228.3,1208287,USD,9.5910138248848
2026-03-03,AVB.N,177.32,347634,USD,-0.944081336238198
2026-03-03,AVGO.OQ,313.84,6788313,USD,-1.56200991154884
2026-03-03,AVNT.N,40.05,211783,USD,-2.03033268101763
2026-03-03,AVPT.OQ,10.8,753885,USD,2.75927687916271
2026-03-03,AVT.OQ,63.77,313488,USD,-1.86211141889812
2026-03-03,AVTR.N,8.78,2267921,USD,-0.340522133938719
2026-03-03,AVY.N,190.64,138526,USD,-2.22085449043443
2026-03-03,AWI.N,169.88,251147,USD,-1.22681551252981
2026-03-03,AWK.N,135.81,376541,USD,0.273183697578267
2026-03-03,AWR.N,76.39,89545,USD,2.13932343896242
2026-03-03,AX.N,89.97,108284,USD,0.558846540739913
2026-03-03,AXGN.OQ,29.83,302500,USD,-2.67536704730832
2026-03-03,AXON.OQ,579.09,373216,USD,1.2359707702528
2026-03-03,AXP.N,307.82,1031720,USD,0.126858146569946
2026-03-03,AXS.N,104.33,174715,USD,-2.41324478533346
2026-03-03,AXSM.OQ,164.05,202140,USD,-1.4004087029691
2026-03-03,AXTA.N,31.68,767645,USD,-2.79226756673827
2026-03-03,AYI.N,281.04,132611,USD,-4.93843864159111
2026-03-03,AZO.N,3637.17,49150,USD,-6.31814283175401
2026-03-03,AZTA.OQ,24.54,419910,USD,-5.03095975232198
2026-03-03,AZZ.N,131.19,73766,USD,-2.47546833184657
2026-03-03,BA.N,224.12,1361750,USD,-2.44624357969879
2026-03-03,BAC.N,49.97,14986694,USD,0.321220638426012
2026-03-03,BAH.N,79.2,773937,USD,1.7864027759928
2026-03-04,AS.N,36.97,1440780,USD,0.135427952329353
2026-03-04,ASAN.N,7.75,1850084,USD,4.16666666666666
2026-03-04,ASB.N,26.35,1088416,USD,-0.037936267071313
2026-03-04,ASGN.N,41.95,165704,USD,-0.071462601238671
2026-03-04,ASH.N,60.03,175495,USD,0.687688695068775
2026-03-04,ASO.OQ,60.84,319173,USD,1.77316828370693
2026-03-04,ASPI.OQ,5.31,867027,USD,0.95057034220532
2026-03-04,ASST.OQ,9.62,1627358,USD,15.4861944777911
2026-03-04,ASTH.OQ,25.59,252030,USD,4.406364749082
2026-03-04,ASTS.OQ,104.89,5556683,USD,13.1743634009495
2026-03-04,ATEC.OQ,13.0,664688,USD,-0.153609831029183
2026-03-04,ATEN.N,20.68,195038,USD,1.37254901960785
2026-03-04,ATGE.N,100.64,110248,USD,-2.00584225900682
2026-03-04,ATI.N,161.82,354488,USD,3.09633027522935
2026-03-04,ATKR.N,63.08,106796,USD,1.05735341236783
2026-03-04,ATMU.N,63.73,285498,USD,1.40015910898965
2026-03-04,ATO.N,186.77,432258,USD,0.413978494623661
2026-03-04,ATR.N,137.04,124736,USD,-1.94619347452776
2026-03-04,ATRC.OQ,30.99,154408,USD,-1.49396058486968
2026-03-04,ATRO.OQ,79.29,229907,USD,4.77008456659619
2026-03-04,AU.N,113.14,662085,USD,-1.54890358510268
2026-03-04,AUB.N,37.34,291831,USD,-0.559254327563232
2026-03-04,AUPH.OQ,15.04,595998,USD,6.28975265017667
2026-03-04,AUR.OQ,4.49,3649784,USD,-2.39130434782607
2026-03-04,AVA.N,40.34,227441,USD,0.673820813576249
2026-03-04,AVAV.OQ,226.48,480045,USD,-0.797196671046878
2026-03-04,AVB.N,178.1,220688,USD,0.439882697947215
2026-03-04,AVGO.OQ,317.53,10513183,USD,1.17575834820291
2026-03-04,AVNT.N,39.9,287538,USD,-0.374531835205989
2026-03-04,AVPT.OQ,11.11,821076,USD,2.87037037037036
2026-03-04,AVT.OQ,63.32,237953,USD,-0.156813548690611
2026-03-04,AVTR.N,8.65,2899411,USD,-1.48063781321183
2026-03-04,AVY.N,187.2,148317,USD,-1.31137221989089
2026-03-04,AWI.N,169.92,185738,USD,0.02354603249352
2026-03-04,AWK.N,136.41,435760,USD,0.441793682350338
2026-03-04,AWR.N,77.15,125432,USD,0.994894619714629
2026-03-04,AX.N,90.14,130648,USD,0.188951872846506
2026-03-04,AXGN.OQ,29.22,222372,USD,-2.04492122024807
2026-03-04,AXON.OQ,569.81,248643,USD,-1.60251428966138
2026-03-04,AXP.N,311.21,754775,USD,1.10129296342018
2026-03-04,AXS.N,103.86,198702,USD,-0.45049362599444
2026-03-04,AXSM.OQ,164.08,142666,USD,0.01828710758915
2026-03-04,AXTA.N,31.4,1264941,USD,-0.883838383838387
2026-03-04,AYI.N,276.9,156634,USD,-1.47309991460292
2026-03-04,AZO.N,3717.0,37996,USD,2.19483829460817
2026-03-04,AZTA.OQ,25.13,295365,USD,2.40423797881011
2026-03-04,AZZ.N,132.58,41166,USD,1.05953197652261
2026-03-04,BA.N,227.31,1050720,USD,1.42334463680171
2026-03-04,BAC.N,50.3,11998621,USD,0.660396237742642
2026-03-04,BAH.N,78.35,856736,USD,-1.07323232323233
2026-03-05,AS.N,35.35,1405195,USD,-4.38193129564511
2026-03-05,ASAN.N,7.91,1763226,USD,2.06451612903226
2026-03-05,ASB.N,25.93,906445,USD,-1.59392789373815
2026-03-05,ASGN.N,43.13,177714,USD,2.81287246722288
2026-03-05,ASH.N,57.37,157246,USD,-4.43111777444612
2026-03-05,ASO.OQ,60.39,367296,USD,-0.739644970414206
2026-03-05,ASPI.OQ,5.11,925481,USD,-3.76647834274952
2026-03-05,ASST.OQ,9.25,813322,USD,-3.84615384615384
2026-03-05,ASTH.OQ,25.07,156263,USD,-2.03204376709652
2026-03-05,ASTS.OQ,93.86,4122096,USD,-10.5157784345505
2026-03-05,ATEC.OQ,12.57,1122156,USD,-3.30769230769231
2026-03-05,ATEN.N,20.86,206595,USD,0.870406189555124
2026-03-05,ATGE.N,102.04,90808,USD,1.39109697933228
2026-03-05,ATI.N,154.18,510536,USD,-4.72129526634531
2026-03-05,ATKR.N,62.88,93181,USD,-0.317057704502213
2026-03-05,ATMU.N,61.84,216223,USD,-2.96563627804801
2026-03-05,ATO.N,185.38,389015,USD,-0.744230872195757
2026-03-05,ATR.N,134.73,109204,USD,-1.68563922942207
2026-03-05,ATRC.OQ,30.31,172070,USD,-2.19425621168119
2026-03-05,ATRO.OQ,75.52,155344,USD,-4.75469794425528
2026-03-05,AU.N,107.89,688177,USD,-4.64026869365388
2026-03-05,AUB.N,36.56,262554,USD,-2.08891269416176
2026-03-05,AUPH.OQ,14.74,637369,USD,-1.99468085106382
2026-03-05,AUR.OQ,4.47,4815020,USD,-0.44543429844099
2026-03-05,AVA.N,39.94,319731,USD,-0.99157164105108
2026-03-05,AVAV.OQ,220.56,539573,USD,-2.6139173436948
2026-03-05,AVB.N,179.29,268631,USD,0.668163952835484
2026-03-05,AVGO.OQ,332.77,14548852,USD,4.79954649954335
2026-03-05,AVNT.N,39.04,226445,USD,-2.15538847117794
2026-03-05,AVPT.OQ,11.29,879690,USD,1.62016201620162
2026-03-05,AVT.OQ,62.43,318567,USD,-1.40555906506633
2026-03-05,AVTR.N,8.52,3377036,USD,-1.50289017341041
2026-03-05,AVY.N,183.73,340943,USD,-1.85363247863248
2026-03-05,AWI.N,171.72,176124,USD,1.25882768361583
2026-03-05,AWK.N,134.63,431391,USD,-1.30488967084525
2026-03-05,AWR.N,75.46,93417,USD,-2.1905379131562
2026-03-05,AX.N,88.28,120322,USD,-2.06345684490792
2026-03-05,AXGN.OQ,29.16,354114,USD,-0.205338809034903
2026-03-05,AXON.OQ,570.49,241662,USD,0.119338024955698
2026-03-05,AXP.N,307.21,1033989,USD,-1.2853057421034
2026-03-05,AXS.N,103.56,293901,USD,-0.288850375505485
2026-03-05,AXSM.OQ,161.46,221672,USD,-1.59678205753291
2026-03-05,AXTA.N,30.26,593623,USD,-3.63057324840763
2026-03-05,AYI.N,281.64,120084,USD,1.71180931744312
2026-03-05,AZO.N,3742.02,39088,USD,0.673123486682808
2026-03-05,AZTA.OQ,24.79,246849,USD,-1.35296458416236
2026-03-05,AZZ.N,129.03,76142,USD,-2.67762860159904
2026-03-05,BA.N,222.06,1164394,USD,-2.30962122211957
2026-03-05,BAC.N,49.81,13641402,USD,-0.974155069582495
2026-03-05,BAH.N,79.8,411042,USD,1.85067007019783
2026-03-06,AS.N,33.98,1059955,USD,-3.87553041018389
2026-03-06,ASAN.N,7.96,1516688,USD,0.632111251580276
2026-03-06,ASB.N,25.16,1185548,USD,-2.96953335904358
2026-03-06,ASGN.N,42.89,223631,USD,-0.556457222351036
2026-03-06,ASH.N,55.45,157392,USD,-3.34669687990238
2026-03-06,ASO.OQ,60.25,459979,USD,-0.231826461334659
2026-03-06,ASPI.OQ,5.55,1784091,USD,8.61056751467709
2026-03-06,ASST.OQ,8.7,953811,USD,-5.94594594594595
2026-03-06,ASTH.OQ,24.91,165444,USD,-0.638213003589949
2026-03-06,ASTS.OQ,89.475,3105433,USD,-4.67185169401236
2026-03-06,ATEC.OQ,12.23,826958,USD,-2.70485282418457
2026-03-06,ATEN.N,20.47,193373,USD,-1.86960690316395
2026-03-06,ATGE.N,102.05,100353,USD,0.009800078400618
2026-03-06,ATI.N,150.09,715018,USD,-2.65274354650409
2026-03-06,ATKR.N,61.41,137039,USD,-2.33778625954199
2026-03-06,ATMU.N,58.66,309028,USD,-5.14230271668824
2026-03-06,ATO.N,185.04,353868,USD,-0.183407055777324
2026-03-06,ATR.N,132.08,113595,USD,-1.9668967564759
2026-03-06,ATRC.OQ,30.02,129348,USD,-0.956779940613656
2026-03-06,ATRO.OQ,75.99,171021,USD,0.622351694915253
2026-03-06,AU.N,106.54,562717,USD,-1.25127444619519
2026-03-06,AUB.N,35.49,345159,USD,-2.92669584245077
2026-03-06,AUPH.OQ,14.32,355325,USD,-2.8493894165536
2026-03-06,AUR.OQ,4.49,4135407,USD,0.447427293064887
2026-03-06,AVA.N,39.66,303989,USD,-0.701051577366052
2026-03-06,AVAV.OQ,229.8,518336,USD,4.18933623503809
2026-03-06,AVB.N,177.89,370747,USD,-0.78085782809973
2026-03-06,AVGO.OQ,330.48,10760885,USD,-0.68816299546232
2026-03-06,AVNT.N,36.59,355275,USD,-6.27561475409835
2026-03-06,AVPT.OQ,11.09,696898,USD,-1.77147918511957
2026-03-06,AVT.OQ,60.05,309808,USD,-3.81226974211117
2026-03-06,AVTR.N,8.17,2373975,USD,-4.10798122065727
2026-03-06,AVY.N,179.64,130949,USD,-2.22609263593317
2026-03-06,AWI.N,168.24,189648,USD,-2.02655485674353
2026-03-06,AWK.N,137.49,582018,USD,2.12434078585755
2026-03-06,AWR.N,75.29,99816,USD,-0.225284919162454
2026-03-06,AX.N,86.14,159971,USD,-2.4241051200725
2026-03-06,AXGN.OQ,28.55,205251,USD,-2.09190672153635
2026-03-06,AXON.OQ,574.01,232364,USD,0.617013444582724
2026-03-06,AXP.N,301.0,1523802,USD,-2.02141857361413
2026-03-06,AXS.N,103.03,128690,USD,-0.511780610274238
2026-03-06,AXSM.OQ,162.33,163351,USD,0.538833147528802
2026-03-06,AXTA.N,29.61,650195,USD,-2.14805023132849
2026-03-06,AYI.N,275.42,100446,USD,-2.20849311177389
2026-03-06,AZO.N,3641.29,32276,USD,-2.69186161484973
2026-03-06,AZTA.OQ,24.3,281872,USD,-1.97660346914078
2026-03-06,AZZ.N,124.03,62619,USD,-3.87506781368674
2026-03-06,BA.N,231.11,1946081,USD,4.07547509682068
2026-03-06,BAC.N,48.64,15401989,USD,-1.78678980124473
2026-03-06,BAH.N,81.89,861084,USD,2.61904761904762
2026-03-09,AS.N,34.08,1694896,USD,0.294290759270163
2026-03-09,ASAN.N,7.9,1800419,USD,-0.753768844221101
2026-03-09,ASB.N,25.08,1113478,USD,-0.317965023847384
2026-03-09,ASGN.N,40.33,271505,USD,-5.96875728608068
2026-03-09,ASH.N,54.87,209093,USD,-1.04598737601444
2026-03-09,ASO.OQ,59.26,671605,USD,-1.64315352697096
2026-03-09,ASPI.OQ,5.81,1385853,USD,4.68468468468468
2026-03-09,ASST.OQ,8.51,1110097,USD,-2.18390804597701
2026-03-09,ASTH.OQ,24.72,183891,USD,-0.762745885186677
2026-03-09,ASTS.OQ,89.76,2933767,USD,0.318524727577548
2026-03-09,ATEC.OQ,12.87,1729949,USD,5.233033524121
2026-03-09,ATEN.N,20.45,204318,USD,-0.097703957010257
2026-03-09,ATGE.N,103.13,88702,USD,1.05830475257227
2026-03-09,ATI.N,156.7,689322,USD,4.40402425211539
2026-03-09,ATKR.N,61.59,122645,USD,0.293111871030788
2026-03-09,ATMU.N,58.21,270386,USD,-0.7671326287078
2026-03-09,ATO.N,185.24,569664,USD,0.108084738434942
2026-03-09,ATR.N,133.75,142393,USD,1.26438522107813
2026-03-09,ATRC.OQ,29.39,124356,USD,-2.09860093271152
2026-03-09,ATRO.OQ,74.34,297271,USD,-2.1713383339913
2026-03-09,AU.N,108.9,579222,USD,2.21513046743007
2026-03-09,AUB.N,35.15,433164,USD,-0.958016342631737
2026-03-09,AUPH.OQ,14.37,652618,USD,0.349162011173177
2026-03-09,AUR.OQ,4.61,6239511,USD,2.67260579064588
2026-03-09,AVA.N,39.67,295001,USD,0.025214321734758
2026-03-09,AVAV.OQ,227.29,476444,USD,-1.0922541340296
2026-03-09,AVB.N,176.71,266327,USD,-0.663331272134453
2026-03-09,AVGO.OQ,345.75,11715522,USD,4.62055192447349
2026-03-09,AVNT.N,36.62,245509,USD,0.081989614648795
2026-03-09,AVPT.OQ,11.02,920716,USD,-0.631199278629398
2026-03-09,AVT.OQ,61.55,691007,USD,2.49791840133222
2026-03-09,AVTR.N,8.15,1783339,USD,-0.244798041615662
2026-03-09,AVY.N,176.47,242704,USD,-1.76464039189489
2026-03-09,AWI.N,166.48,181735,USD,-1.04612458392773
2026-03-09,AWK.N,137.73,952959,USD,0.174558149683599
2026-03-09,AWR.N,75.67,73647,USD,0.504715101607113
2026-03-09,AX.N,85.53,164934,USD,-0.708149524030647
2026-03-09,AXGN.OQ,29.28,267229,USD,2.5569176882662
2026-03-09,AXON.OQ,559.06,248846,USD,-2.60448424243481
2026-03-09,AXP.N,305.38,1092496,USD,1.45514950166113
2026-03-09,AXS.N,101.44,152123,USD,-1.54323983305834
2026-03-09,AXSM.OQ,164.49,142835,USD,1.33062280539641
2026-03-09,AXTA.N,29.29,933637,USD,-1.080715974333
2026-03-09,AYI.N,274.48,177312,USD,-0.341296928327644
2026-03-09,AZO.N,3672.68,46726,USD,0.862057128105695
2026-03-09,AZTA.OQ,23.13,506623,USD,-4.81481481481482
2026-03-09,AZZ.N,125.52,50534,USD,1.20132226074336
2026-03-09,BA.N,225.0,1279998,USD,-2.64376271039765
2026-03-09,BAC.N,47.9,17756176,USD,-1.52138157894737
2026-03-09,BAH.N,81.43,528178,USD,-0.561729148858217
2026-03-10,AS.N,34.69,1778934,USD,1.78990610328638
2026-03-10,ASAN.N,7.35,1202953,USD,-6.9620253164557
2026-03-10,ASB.N,25.15,1081290,USD,0.279106858054228
2026-03-10,ASGN.N,39.51,300380,USD,-2.0332258864369
2026-03-10,ASH.N,54.24,234767,USD,-1.1481683980317
2026-03-10,ASO.OQ,59.96,562441,USD,1.18123523455957
2026-03-10,ASPI.OQ,6.04,2069060,USD,3.95869191049915
2026-03-10,ASST.OQ,8.98,1204826,USD,5.5229142185664
2026-03-10,ASTH.OQ,23.44,159985,USD,-5.17799352750808
2026-03-10,ASTS.OQ,87.53,2894922,USD,-2.48440285204992
2026-03-10,ATEC.OQ,12.51,887066,USD,-2.79720279720279
2026-03-10,ATEN.N,20.61,196014,USD,0.782396088019561
2026-03-10,ATGE.N,101.12,70972,USD,-1.94899641229515
2026-03-10,ATI.N,158.97,508945,USD,1.44862795149969
2026-03-10,ATKR.N,61.18,90481,USD,-0.665692482545874
2026-03-10,ATMU.N,58.46,283231,USD,0.429479470881292
2026-03-10,ATO.N,183.44,490789,USD,-0.971712373137557
2026-03-10,ATR.N,132.13,122968,USD,-1.21121495327103
2026-03-10,ATRC.OQ,29.18,174557,USD,-0.714528751275947
2026-03-10,ATRO.OQ,73.15,172490,USD,-1.60075329566855
2026-03-10,AU.N,108.26,846727,USD,-0.587695133149679
2026-03-10,AUB.N,35.4,570993,USD,0.711237553342817
2026-03-10,AUPH.OQ,14.8,356376,USD,2.99234516353515
2026-03-10,AUR.OQ,4.37,4075048,USD,-5.2060737527115
2026-03-10,AVA.N,39.23,207032,USD,-1.10915049155534
2026-03-10,AVAV.OQ,221.57,610156,USD,-2.51660873773593
2026-03-10,AVB.N,174.45,277884,USD,-1.27893158281932
2026-03-10,AVGO.OQ,342.58,8334340,USD,-0.916847433116418
2026-03-10,AVNT.N,35.95,181290,USD,-1.82960131075913
2026-03-10,AVPT.OQ,10.72,631882,USD,-2.72232304900181
2026-03-10,AVT.OQ,60.66,341002,USD,-1.4459788789602
2026-03-10,AVTR.N,8.15,3014600,USD,0.0
2026-03-10,AVY.N,174.3,274709,USD,-1.22967076556921
2026-03-10,AWI.N,166.4,172383,USD,-0.048053820278703
2026-03-10,AWK.N,132.84,525361,USD,-3.55042474406446
2026-03-10,AWR.N,73.5,68681,USD,-2.8677150786309
2026-03-10,AX.N,85.91,166793,USD,0.444288553723834
2026-03-10,AXGN.OQ,30.69,309494,USD,4.8155737704918
2026-03-10,AXON.OQ,529.97,263114,USD,-5.2033770972704
2026-03-10,AXP.N,303.15,765175,USD,-0.730237736590483
2026-03-10,AXS.N,101.25,142207,USD,-0.187302839116717
2026-03-10,AXSM.OQ,166.34,164838,USD,1.12468843090765
2026-03-10,AXTA.N,29.09,589090,USD,-0.682826903379991
2026-03-10,AYI.N,272.87,100988,USD,-0.586563684057131
2026-03-10,AZO.N,3726.02,42822,USD,1.45234542622826
2026-03-10,AZTA.OQ,22.78,296606,USD,-1.51318633808905
2026-03-10,AZZ.N,126.04,49082,USD,0.414276609305298
2026-03-10,BA.N,217.76,1557016,USD,-3.21777777777778
2026-03-10,BAC.N,48.56,18452289,USD,1.37787056367433
2026-03-10,BAH.N,77.52,542675,USD,-4.8016701461378
2026-03-11,AS.N,33.4,786524,USD,-3.71865090804266
2026-03-11,ASAN.N,7.05,1434471,USD,-4.08163265306122
2026-03-11,ASB.N,24.79,830868,USD,-1.43141153081511
2026-03-11,ASGN.N,38.67,184587,USD,-2.12604403948367
2026-03-11,ASH.N,52.57,182868,USD,-3.07890855457227
2026-03-11,ASO.OQ,57.81,591997,USD,-3.58572381587725
2026-03-11,ASPI.OQ,5.68,1813682,USD,-5.96026490066226
2026-03-11,ASST.OQ,9.23,816002,USD,2.78396436525612
2026-03-11,ASTH.OQ,24.19,184649,USD,3.19965870307167
2026-03-11,ASTS.OQ,88.21,2497366,USD,0.776876499485882
2026-03-11,ATEC.OQ,12.66,926196,USD,1.19904076738609
2026-03-11,ATEN.N,20.96,214715,USD,1.69820475497332
2026-03-11,ATGE.N,101.1,109794,USD,-0.019778481012668
2026-03-11,ATI.N,157.47,282275,USD,-0.943574259294206
2026-03-11,ATKR.N,59.81,105672,USD,-2.23929388689114
2026-03-11,ATMU.N,58.1,206892,USD,-0.615805679096817
2026-03-11,ATO.N,184.3,315944,USD,0.468818142171835
2026-03-11,ATR.N,132.02,154355,USD,-0.083251343373939
2026-03-11,ATRC.OQ,29.86,192662,USD,2.33036326250857
2026-03-11,ATRO.OQ,73.19,249315,USD,0.054682159945307
2026-03-11,AU.N,106.27,498056,USD,-1.83816737483836
2026-03-11,AUB.N,34.9,259487,USD,-1.41242937853107
2026-03-11,AUPH.OQ,14.81,293902,USD,0.067567567567566
2026-03-11,AUR.OQ,4.45,2732517,USD,1.83066361556064
2026-03-11,AVA.N,38.93,168615,USD,-0.764720876879932
2026-03-11,AVAV.OQ,207.73,1298926,USD,-6.24633298731778
2026-03-11,AVB.N,171.82,298424,USD,-1.50759529951275
2026-03-11,AVGO.OQ,341.57,5683898,USD,-0.294821647498392
2026-03-11,AVNT.N,35.45,185377,USD,-1.39082058414465
2026-03-11,AVPT.OQ,10.58,570846,USD,-1.30597014925374
2026-03-11,AVT.OQ,61.08,306567,USD,0.692383778437194
2026-03-11,AVTR.N,8.29,2725209,USD,1.71779141104293
2026-03-11,AVY.N,174.56,183324,USD,0.149168100975325
2026-03-11,AWI.N,167.72,142315,USD,0.793269230769227
2026-03-11,AWK.N,134.34,454721,USD,1.12917795844625
2026-03-11,AWR.N,72.94,84053,USD,-0.761904761904765
2026-03-11,AX.N,86.05,111855,USD,0.162961238505413
2026-03-11,AXGN.OQ,32.29,403250,USD,5.21342456826327
2026-03-11,AXON.OQ,517.57,198158,USD,-2.33975508047625
2026-03-11,AXP.N,305.99,857176,USD,0.936829952168904
2026-03-11,AXS.N,99.85,215565,USD,-1.38271604938272
2026-03-11,AXSM.OQ,159.5,218795,USD,-4.1120596368883
2026-03-11,AXTA.N,28.35,521590,USD,-2.5438294946717
2026-03-11,AYI.N,265.88,112955,USD,-2.56165939824825
2026-03-11,AZO.N,3712.42,32441,USD,-0.365000724633789
2026-03-11,AZTA.OQ,22.87,280595,USD,0.395083406496926
2026-03-11,AZZ.N,125.94,59120,USD,-0.079339892097754
2026-03-11,BA.N,214.1,1317383,USD,-1.68074944893461
2026-03-11,BAC.N,48.52,13210940,USD,-0.082372322899504
2026-03-11,BAH.N,75.94,674818,USD,-2.03818369453044
2026-03-12,AS.N,32.35,974025,USD,-3.14371257485029
2026-03-12,ASAN.N,6.85,1152490,USD,-2.83687943262412
2026-03-12,ASB.N,24.7,984323,USD,-0.36304961678096
2026-03-12,ASGN.N,36.81,201109,USD,-4.80993017843289
2026-03-12,ASH.N,50.98,435340,USD,-3.02453871029105
2026-03-12,ASO.OQ,55.5,693923,USD,-3.99584846912299
2026-03-12,ASPI.OQ,5.85,1909419,USD,2.99295774647887
2026-03-12,ASST.OQ,8.83,483154,USD,-4.33369447453955
2026-03-12,ASTH.OQ,23.25,150056,USD,-3.88590326581232
2026-03-12,ASTS.OQ,87.09,2818371,USD,-1.26969731322978
2026-03-12,ATEC.OQ,12.5,848546,USD,-1.26382306477093
2026-03-12,ATEN.N,21.06,271002,USD,0.477099236641211
2026-03-12,ATGE.N,103.84,107451,USD,2.71018793273987
2026-03-12,ATI.N,146.1,848656,USD,-7.22042293770242
2026-03-12,ATKR.N,56.75,128223,USD,-5.11620130412975
2026-03-12,ATMU.N,56.98,229971,USD,-1.9277108433735
2026-03-12,ATO.N,186.79,299962,USD,1.35105805751491
2026-03-12,ATR.N,128.86,155410,USD,-2.39357673079836
2026-03-12,ATRC.OQ,29.535,244784,USD,-1.08841259209645
2026-03-12,ATRO.OQ,67.85,327344,USD,-7.29607869927586
2026-03-12,AU.N,104.7,602018,USD,-1.47736896584172
2026-03-12,AUB.N,34.42,271929,USD,-1.3753581661891
2026-03-12,AUPH.OQ,14.37,305857,USD,-2.97096556380825
2026-03-12,AUR.OQ,4.25,2484613,USD,-4.49438202247191
2026-03-12,AVA.N,39.29,207403,USD,0.924736706909837
2026-03-12,AVAV.OQ,211.88,809675,USD,1.99778558706013
2026-03-12,AVB.N,171.04,281258,USD,-0.453963450122222
2026-03-12,AVGO.OQ,335.97,7264954,USD,-1.6394882454548
2026-03-12,AVNT.N,34.53,255345,USD,-2.59520451339916
2026-03-12,AVPT.OQ,10.46,683330,USD,-1.13421550094517
2026-03-12,AVT.OQ,60.24,346210,USD,-1.37524557956777
2026-03-12,AVTR.N,7.9,2170093,USD,-4.70446320868515
2026-03-12,AVY.N,171.01,194442,USD,-2.03368469294226
2026-03-12,AWI.N,164.98,129836,USD,-1.63367517290723
2026-03-12,AWK.N,138.25,916546,USD,2.91052553223165
2026-03-12,AWR.N,74.44,94660,USD,2.05648478201261
2026-03-12,AX.N,84.66,114036,USD,-1.61533991865195
2026-03-12,AXGN.OQ,31.76,433730,USD,-1.64137503871167
2026-03-12,AXON.OQ,499.4,314783,USD,-3.51063624244065
2026-03-12,AXP.N,301.89,778953,USD,-1.33991306905455
2026-03-12,AXS.N,100.61,164832,USD,0.761141712568858
2026-03-12,AXSM.OQ,154.12,221392,USD,-3.37304075235109
2026-03-12,AXTA.N,27.86,532982,USD,-1.7283950617284
2026-03-12,AYI.N,257.79,146678,USD,-3.04272604182337
2026-03-12,AZO.N,3614.27,36765,USD,-2.64382801514915
2026-03-12,AZTA.OQ,21.37,341813,USD,-6.55881066899869
2026-03-12,AZZ.N,121.64,76787,USD,-3.41432428140384
2026-03-12,BA.N,204.76,1697251,USD,-4.36244745446053
2026-03-12,BAC.N,47.13,15732852,USD,-2.86479802143446
2026-03-12,BAH.N,77.11,503153,USD,1.54069001843561
2026-03-13,AS.N,32.34,764908,USD,-0.03091190108191
2026-03-13,ASAN.N,7.01,1484646,USD,2.33576642335767
2026-03-13,ASB.N,24.48,946609,USD,-0.890688259109307
2026-03-13,ASGN.N,36.41,232342,USD,-1.08666123336052
2026-03-13,ASH.N,49.97,329620,USD,-1.98116908591604
2026-03-13,ASO.OQ,56.34,492370,USD,1.51351351351352
2026-03-13,ASPI.OQ,5.28,1415774,USD,-9.74358974358973
2026-03-13,ASST.OQ,9.53,1118208,USD,7.92751981879954
2026-03-13,ASTH.OQ,24.26,233029,USD,4.34408602150538
2026-03-13,ASTS.OQ,86.34,2284720,USD,-0.861178091629349
2026-03-13,ATEC.OQ,12.28,1213253,USD,-1.76
2026-03-13,ATEN.N,20.97,174077,USD,-0.427350427350427
2026-03-13,ATGE.N,105.11,74232,USD,1.22303543913713
2026-03-13,ATI.N,141.97,532385,USD,-2.82683093771389
2026-03-13,ATKR.N,56.13,150536,USD,-1.09251101321585
2026-03-13,ATMU.N,56.57,203381,USD,-0.719550719550714
2026-03-13,ATO.N,188.58,227521,USD,0.958295411959966
2026-03-13,ATR.N,128.65,167532,USD,-0.162967561694869
2026-03-13,ATRC.OQ,29.845,219462,USD,1.0496021669206
2026-03-13,ATRO.OQ,63.93,486429,USD,-5.77745025792188
2026-03-13,AU.N,94.89,847808,USD,-7.71728748806113
2026-03-13,AUB.N,34.3,255894,USD,-0.34863451481698
2026-03-13,AUPH.OQ,13.95,392244,USD,-2.92275574112735
2026-03-13,AUR.OQ,4.08,18071947,USD,-4.0
2026-03-13,AVA.N,39.87,281685,USD,1.47620259608042
2026-03-13,AVAV.OQ,207.07,386574,USD,-2.27015291674533
2026-03-13,AVB.N,168.96,239793,USD,-1.21608980355472
2026-03-13,AVGO.OQ,322.16,7797796,USD,-4.11048605530256
2026-03-13,AVNT.N,34.28,240675,USD,-0.72400810889082
2026-03-13,AVPT.OQ,10.43,614833,USD,-0.286806883365212
2026-03-13,AVT.OQ,59.73,388632,USD,-0.846613545816742
2026-03-13,AVTR.N,7.93,2783551,USD,0.37974683544303
2026-03-13,AVY.N,170.77,165023,USD,-0.140342670019286
2026-03-13,AWI.N,167.3,177830,USD,1.40623105831011
2026-03-13,AWK.N,139.69,638225,USD,1.04159132007233
2026-03-13,AWR.N,75.61,91200,USD,1.57173562600753
2026-03-13,AX.N,84.68,126651,USD,0.023623907394295
2026-03-13,AXGN.OQ,32.34,343882,USD,1.82619647355164
2026-03-13,AXON.OQ,496.18,197591,USD,-0.644773728474163
2026-03-13,AXP.N,299.96,602563,USD,-0.639305707376861
2026-03-13,AXS.N,100.9,128270,USD,0.288241725474611
2026-03-13,AXSM.OQ,156.08,322309,USD,1.27173630936933
2026-03-13,AXTA.N,27.59,552395,USD,-0.96913137114142
2026-03-13,AYI.N,260.83,136664,USD,1.17925443190192
2026-03-13,AZO.N,3562.85,35481,USD,-1.42269393266137
2026-03-13,AZTA.OQ,21.42,327808,USD,0.233972859148342
2026-03-13,AZZ.N,123.8,76333,USD,1.77573166721473
2026-03-13,BA.N,209.89,1386716,USD,2.50537214299668
2026-03-13,BAC.N,46.72,16257564,USD,-0.869934224485474
2026-03-13,BAH.N,78.27,447721,USD,1.5043444430035
2026-03-16,AS.N,33.55,696082,USD,3.74149659863944
2026-03-16,ASAN.N,6.79,1185673,USD,-3.13837375178316
2026-03-16,ASB.N,24.59,837161,USD,0.449346405228756
2026-03-16,ASGN.N,36.43,155311,USD,0.054929964295532
2026-03-16,ASH.N,50.66,533606,USD,1.38082849709825
2026-03-16,ASO.OQ,56.51,852181,USD,0.301739439119621
2026-03-16,ASPI.OQ,5.34,1172829,USD,1.13636363636363
2026-03-16,ASST.OQ,10.86,1328172,USD,13.9559286463799
2026-03-16,ASTH.OQ,24.6,121631,USD,1.40148392415499
2026-03-16,ASTS.OQ,89.11,1994307,USD,3.20824646745425
2026-03-16,ATEC.OQ,12.6,819178,USD,2.60586319218241
2026-03-16,ATEN.N,20.75,339956,USD,-1.04911778731521
2026-03-16,ATGE.N,105.07,105781,USD,-0.038055370564177
2026-03-16,ATI.N,147.48,467988,USD,3.88110164119179
2026-03-16,ATKR.N,56.16,98290,USD,0.053447354355949
2026-03-16,ATMU.N,57.26,162888,USD,1.2197277709033
2026-03-16,ATO.N,187.82,260647,USD,-0.403011984303754
2026-03-16,ATR.N,129.05,137365,USD,0.310921103769923
2026-03-16,ATRC.OQ,30.44,199194,USD,1.9936337745016
2026-03-16,ATRO.OQ,68.7,328303,USD,7.46128578132333
2026-03-16,AU.N,96.72,658304,USD,1.92854884603225
2026-03-16,AUB.N,34.2,296499,USD,-0.291545189504357
2026-03-16,AUPH.OQ,14.31,256513,USD,2.58064516129033
2026-03-16,AUR.OQ,4.23,3731789,USD,3.6764705882353
2026-03-16,AVA.N,39.93,160551,USD,0.150489089541014
2026-03-16,AVAV.OQ,211.88,440155,USD,2.32288598058628
2026-03-16,AVB.N,169.14,262967,USD,0.106534090909078
2026-03-16,AVGO.OQ,324.92,9265438,USD,0.856717159175562
2026-03-16,AVNT.N,34.35,299860,USD,0.204200700116687
2026-03-16,AVPT.OQ,10.52,349441,USD,0.862895493767976
2026-03-16,AVT.OQ,60.28,412800,USD,0.920810313075514
2026-03-16,AVTR.N,7.61,2535763,USD,-4.03530895334173
2026-03-16,AVY.N,171.95,174206,USD,0.690987878432967
2026-03-16,AWI.N,167.48,103742,USD,0.107591153616245
2026-03-16,AWK.N,139.12,425249,USD,-0.408046388431522
2026-03-16,AWR.N,75.3,58949,USD,-0.409998677423624
2026-03-16,AX.N,84.45,229247,USD,-0.271610769957492
2026-03-16,AXGN.OQ,32.84,474393,USD,1.5460729746444
2026-03-16,AXON.OQ,489.64,278185,USD,-1.3180700552219
2026-03-16,AXP.N,298.2,903607,USD,-0.586744899319906
2026-03-16,AXS.N,100.86,157527,USD,-0.039643211100105
2026-03-16,AXSM.OQ,158.23,162297,USD,1.37749871860583
2026-03-16,AXTA.N,27.93,561623,USD,1.23233055454875
2026-03-16,AYI.N,264.51,107022,USD,1.41088065023196
2026-03-16,AZO.N,3488.88,38881,USD,-2.07614690486548
2026-03-16,AZTA.OQ,20.91,348823,USD,-2.38095238095239
2026-03-16,AZZ.N,123.96,46632,USD,0.129240710823907
2026-03-16,BA.N,213.47,1139382,USD,1.70565534327506
2026-03-16,BAC.N,47.06,13569500,USD,0.727739726027404
2026-03-16,BAH.N,75.76,533572,USD,-3.20684808994505
2026-03-17,AS.N,33.66,479346,USD,0.327868852459015
2026-03-17,ASAN.N,6.85,1179085,USD,0.883652430044177
2026-03-17,ASB.N,24.72,890099,USD,0.528670191134604
2026-03-17,ASGN.N,37.06,181975,USD,1.72934394729619
2026-03-17,ASH.N,51.49,502583,USD,1.63837347019346
2026-03-17,ASO.OQ,49.9,1460465,USD,-11.697044770837
2026-03-17,ASPI.OQ,4.97,1670069,USD,-6.92883895131086
2026-03-17,ASST.OQ,11.1,728742,USD,2.20994475138122
2026-03-17,ASTH.OQ,24.8,148263,USD,0.813008130081298
2026-03-17,ASTS.OQ,95.7,3769971,USD,7.39535405678375
2026-03-17,ATEC.OQ,13.05,782262,USD,3.57142857142858
2026-03-17,ATEN.N,21.27,298236,USD,2.50602409638554
2026-03-17,ATGE.N,106.64,105749,USD,1.4942419339488
2026-03-17,ATI.N,148.83,519410,USD,0.915378356387322
2026-03-17,ATKR.N,56.14,126676,USD,-0.035612535612529
2026-03-17,ATMU.N,56.65,181903,USD,-1.06531610199092
2026-03-17,ATO.N,186.98,224600,USD,-0.447236716004687
2026-03-17,ATR.N,129.5,84091,USD,0.348702053467639
2026-03-17,ATRC.OQ,29.58,320474,USD,-2.8252299605782
2026-03-17,ATRO.OQ,70.26,156688,USD,2.27074235807861
2026-03-17,AU.N,96.2,763672,USD,-0.537634408602146
2026-03-17,AUB.N,34.51,313534,USD,0.906432748537998
2026-03-17,AUPH.OQ,14.47,309159,USD,1.11809923130678
2026-03-17,AUR.OQ,4.22,3777098,USD,-0.236406619385359
2026-03-17,AVA.N,39.77,176040,USD,-0.4007012271475
2026-03-17,AVAV.OQ,222.51,418623,USD,5.01699074948084
2026-03-17,AVB.N,170.57,267093,USD,0.845453470497817
2026-03-17,AVGO.OQ,321.31,7665471,USD,-1.11104271820756
2026-03-17,AVNT.N,34.09,213090,USD,0.043668122270748
2026-03-17,AVPT.OQ,10.49,801223,USD,-0.285171102661591
2026-03-17,AVT.OQ,60.01,270554,USD,-0.447909754479103
2026-03-17,AVTR.N,7.8,2145576,USD,2.49671484888304
2026-03-17,AVY.N,171.11,142120,USD,-0.488514102936886
2026-03-17,AWI.N,170.17,84327,USD,1.60616192978266
2026-03-17,AWK.N,138.23,444894,USD,-0.639735480161023
2026-03-17,AWR.N,74.21,83480,USD,-1.44754316069058
2026-03-17,AX.N,83.21,132258,USD,-1.46832445233867
2026-03-17,AXGN.OQ,32.75,304797,USD,-0.274056029232654
2026-03-17,AXON.OQ,506.57,220825,USD,3.45764234948125
2026-03-17,AXP.N,300.27,1348373,USD,0.694164989939636
2026-03-17,AXS.N,101.98,92432,USD,1.11045012889154
2026-03-17,AXSM.OQ,161.17,153898,USD,1.85805473045566
2026-03-17,AXTA.N,28.1,548038,USD,0.608664518438961
2026-03-17,AYI.N,267.9,79129,USD,1.2816150618124
2026-03-17,AZO.N,3439.64,37526,USD,-1.41134117539154
2026-03-17,AZTA.OQ,22.03,405020,USD,5.35628885700622
2026-03-17,AZZ.N,123.78,65559,USD,-0.145208131655367
2026-03-17,BA.N,210.82,1073121,USD,-1.24139223310067
2026-03-17,BAC.N,47.28,12790726,USD,0.467488312792178
2026-03-17,BAH.N,77.12,484542,USD,1.79514255543823
2026-03-18,AS.N,33.36,848869,USD,-0.891265597147942
2026-03-18,ASAN.N,6.71,1390554,USD,-2.04379562043795
2026-03-18,ASB.N,24.34,1035295,USD,-1.53721682847896
2026-03-18,ASGN.N,35.69,198843,USD,-3.69670804101458
2026-03-18,ASH.N,50.09,394820,USD,-2.71897455816663
2026-03-18,ASO.OQ,50.75,1028882,USD,1.70340681362726
2026-03-18,ASPI.OQ,4.645,1065548,USD,-6.53923541247485
2026-03-18,ASST.OQ,10.035,845887,USD,-9.59459459459459
2026-03-18,ASTH.OQ,24.49,160788,USD,-1.25000000000001
2026-03-18,ASTS.OQ,90.74,2873524,USD,-5.1828631138976
2026-03-18,ATEC.OQ,12.56,966432,USD,-3.75478927203065
2026-03-18,ATEN.N,21.48,295330,USD,0.987306064880117
2026-03-18,ATGE.N,105.64,128198,USD,-0.937734433608402
2026-03-18,ATI.N,149.64,332017,USD,0.544245111872589
2026-03-18,ATKR.N,55.3,132407,USD,-1.49625935162095
2026-03-18,ATMU.N,56.69,201125,USD,0.070609002647836
2026-03-18,ATO.N,185.25,373085,USD,-0.92523264520269
2026-03-18,ATR.N,124.22,289810,USD,-4.07722007722008
2026-03-18,ATRC.OQ,28.85,336589,USD,-2.46788370520621
2026-03-18,ATRO.OQ,69.25,123274,USD,-1.43751779106178
2026-03-18,AU.N,92.39,1304882,USD,-3.96049896049896
2026-03-18,AUB.N,33.81,665447,USD,-2.02839756592291
2026-03-18,AUPH.OQ,14.08,309920,USD,-2.69523151347616
2026-03-18,AUR.OQ,4.06,3543764,USD,-3.7914691943128
2026-03-18,AVA.N,39.68,294673,USD,-0.226301232084494
2026-03-18,AVAV.OQ,215.85,381212,USD,-2.99312390454361
2026-03-18,AVB.N,166.11,354080,USD,-2.61476226769067
2026-03-18,AVGO.OQ,315.93,8723425,USD,-1.67439544365255
2026-03-18,AVNT.N,32.91,244778,USD,-3.46142563801703
2026-03-18,AVPT.OQ,10.35,600746,USD,-1.3346043851287
2026-03-18,AVT.OQ,59.79,280700,USD,-0.366605565739042
2026-03-18,AVTR.N,7.7,1584630,USD,-1.28205128205128
2026-03-18,AVY.N,164.67,221515,USD,-3.76366080299224
2026-03-18,AWI.N,169.97,174758,USD,-0.117529529294229
2026-03-18,AWK.N,136.75,639227,USD,-1.07067930261158
2026-03-18,AWR.N,72.78,102652,USD,-1.92696402102142
2026-03-18,AX.N,81.78,317015,USD,-1.71854344429755
2026-03-18,AXGN.OQ,30.94,354000,USD,-5.5267175572519
2026-03-18,AXON.OQ,508.41,210933,USD,0.363227194662146
2026-03-18,AXP.N,294.39,1114355,USD,-1.95823758617244
2026-03-18,AXS.N,101.81,134525,USD,-0.166699352814279
2026-03-18,AXSM.OQ,157.87,175152,USD,-2.04752745548178
2026-03-18,AXTA.N,27.14,506829,USD,-3.41637010676157
2026-03-18,AYI.N,265.36,92274,USD,-0.94811496827173
2026-03-18,AZO.N,3361.98,32398,USD,-2.25779442034631
2026-03-18,AZTA.OQ,21.57,500388,USD,-2.0880617339991
2026-03-18,AZZ.N,122.12,69517,USD,-1.34108902892228
2026-03-18,BA.N,205.99,1243718,USD,-2.29105397969831
2026-03-18,BAC.N,46.83,13344927,USD,-0.951776649746199
2026-03-18,BAH.N,78.66,708598,USD,1.99688796680497
2026-03-19,AS.N,32.67,758124,USD,-2.068345323741
2026-03-19,ASAN.N,6.68,926128,USD,-0.447093889716844
2026-03-19,ASB.N,24.5,1245763,USD,0.65735414954807
2026-03-19,ASGN.N,35.37,194107,USD,-0.896609694592324
2026-03-19,ASH.N,50.19,357941,USD,0.199640646835684
2026-03-19,ASO.OQ,53.07,721568,USD,4.57142857142857
2026-03-19,ASPI.OQ,4.37,1357856,USD,-5.92034445640473
2026-03-19,ASST.OQ,10.26,531280,USD,2.24215246636771
2026-03-19,ASTH.OQ,24.18,115180,USD,-1.26582278481012
2026-03-19,ASTS.OQ,94.09,3269621,USD,3.69186687238264
2026-03-19,ATEC.OQ,12.72,657421,USD,1.27388535031847
2026-03-19,ATEN.N,22.0,297082,USD,2.42085661080074
2026-03-19,ATGE.N,106.98,122146,USD,1.26845891707687
2026-03-19,ATI.N,147.54,331468,USD,-1.40336808340016
2026-03-19,ATKR.N,56.79,143229,USD,2.69439421338156
2026-03-19,ATMU.N,56.5,160612,USD,-0.335156112189095
2026-03-19,ATO.N,184.9,364117,USD,-0.188933873144396
2026-03-19,ATR.N,123.97,153668,USD,-0.201255836419256
2026-03-19,ATRC.OQ,29.03,258271,USD,0.623916811091853
2026-03-19,ATRO.OQ,68.4,129490,USD,-1.22743682310469
2026-03-19,AU.N,85.69,1280733,USD,-7.25186708518238
2026-03-19,AUB.N,34.17,372157,USD,1.06477373558119
2026-03-19,AUPH.OQ,14.07,261647,USD,-0.071022727272726
2026-03-19,AUR.OQ,4.18,3462640,USD,2.95566502463054
2026-03-19,AVA.N,39.54,216399,USD,-0.352822580645163
2026-03-19,AVAV.OQ,211.35,577343,USD,-2.08478109798471
2026-03-19,AVB.N,165.24,285051,USD,-0.523749322737947
2026-03-19,AVGO.OQ,319.84,8012597,USD,1.23761592757888
2026-03-19,AVNT.N,32.04,405651,USD,-2.64357338195077
2026-03-19,AVPT.OQ,10.44,594079,USD,0.869565217391303
2026-03-19,AVT.OQ,59.96,318761,USD,0.28432848302392
2026-03-19,AVTR.N,7.61,2221357,USD,-1.16883116883117
2026-03-19,AVY.N,162.99,226824,USD,-1.02022226270722
2026-03-19,AWI.N,165.39,183573,USD,-2.69459316349945
2026-03-19,AWK.N,137.1,675558,USD,0.255941499085919
2026-03-19,AWR.N,72.83,88411,USD,0.068700192360535
2026-03-19,AX.N,83.02,140416,USD,1.51626314502323
2026-03-19,AXGN.OQ,31.16,298321,USD,0.711053652230119
2026-03-19,AXON.OQ,502.18,179924,USD,-1.22538895773097
2026-03-19,AXP.N,294.93,772094,USD,0.183430143686953
2026-03-19,AXS.N,99.42,248552,USD,-2.3475100677733
2026-03-19,AXSM.OQ,158.88,136856,USD,0.639766896813828
2026-03-19,AXTA.N,26.1,659420,USD,-3.83198231392778
2026-03-19,AYI.N,267.8,83741,USD,0.919505577328911
2026-03-19,AZO.N,3341.58,35634,USD,-0.60678528724145
2026-03-19,AZTA.OQ,20.63,440264,USD,-4.35790449698656
2026-03-19,AZZ.N,121.26,62727,USD,-0.704225352112676
2026-03-19,BA.N,201.18,1440845,USD,-2.33506480897131
2026-03-19,BAC.N,47.01,12689628,USD,0.384368994234464
2026-03-19,BAH.N,80.83,531383,USD,2.75870836511569
2026-03-20,AS.N,30.74,1848186,USD,-5.90756045301501
2026-03-20,ASAN.N,6.65,2960333,USD,-0.449101796407176
2026-03-20,ASB.N,24.43,3098899,USD,-0.285714285714287
2026-03-20,ASGN.N,36.08,3905404,USD,2.0073508623127
2026-03-20,ASH.N,48.81,528063,USD,-2.74955170352659
2026-03-20,ASO.OQ,51.98,965833,USD,-1.7712455247786
2026-03-20,ASPI.OQ,4.215,4325866,USD,-3.54691075514875
2026-03-20,ASST.OQ,10.02,4896494,USD,-2.33918128654971
2026-03-20,ASTH.OQ,24.23,609779,USD,0.206782464846984
2026-03-20,ASTS.OQ,89.93,6899214,USD,-4.42129875650972
2026-03-20,ATEC.OQ,12.37,1062651,USD,-2.75157232704404
2026-03-20,ATEN.N,21.46,3026965,USD,-2.45454545454545
2026-03-20,ATGE.N,106.49,1106344,USD,-0.458029538231454
2026-03-20,ATI.N,141.8,2133179,USD,-3.89047038091364
2026-03-20,ATKR.N,56.12,386907,USD,-1.17978517344603
2026-03-20,ATMU.N,55.73,829068,USD,-1.36283185840709
2026-03-20,ATO.N,180.49,1554724,USD,-2.38507301243915
2026-03-20,ATR.N,121.06,739163,USD,-2.34734209889489
2026-03-20,ATRC.OQ,29.175,432664,USD,0.499483293145021
2026-03-20,ATRO.OQ,63.75,801537,USD,-6.7982456140351
2026-03-20,AU.N,79.99,2845890,USD,-6.65188470066519
2026-03-20,AUB.N,34.27,1614054,USD,0.292654375182913
2026-03-20,AUPH.OQ,14.02,732009,USD,-0.355366027007823
2026-03-20,AUR.OQ,4.13,10051560,USD,-1.19617224880382
2026-03-20,AVA.N,38.37,1689220,USD,-2.95902883156298
2026-03-20,AVAV.OQ,197.72,791956,USD,-6.449018216229
2026-03-20,AVB.N,161.37,855021,USD,-2.34204793028323
2026-03-20,AVGO.OQ,310.51,23479363,USD,-2.91708354177088
2026-03-20,AVNT.N,31.91,855933,USD,-0.405742821473155
2026-03-20,AVPT.OQ,10.3,1058067,USD,-1.34099616858236
2026-03-20,AVT.OQ,58.45,766081,USD,-2.51834556370914
2026-03-20,AVTR.N,7.51,6245866,USD,-1.31406044678056
2026-03-20,AVY.N,161.16,620383,USD,-1.12276826799191
2026-03-20,AWI.N,163.86,750371,USD,-0.925086159985472
2026-03-20,AWK.N,135.79,1715274,USD,-0.955506929248725
2026-03-20,AWR.N,72.4,768466,USD,-0.590416037347237
2026-03-20,AX.N,82.93,839016,USD,-0.108407612623451
2026-03-20,AXGN.OQ,30.78,1036086,USD,-1.21951219512195
2026-03-20,AXON.OQ,496.27,574545,USD,-1.17686885180613
2026-03-20,AXP.N,295.5,2817569,USD,0.193266198759025
2026-03-20,AXS.N,99.57,487616,USD,0.150875075437529
2026-03-20,AXSM.OQ,156.92,426170,USD,-1.23363544813696
2026-03-20,AXTA.N,25.44,2770542,USD,-2.52873563218391
2026-03-20,AYI.N,267.87,380456,USD,0.026138909634053
2026-03-20,AZO.N,3282.9,120228,USD,-1.75605551864686
2026-03-20,AZTA.OQ,20.19,773664,USD,-2.13281628696073
2026-03-20,AZZ.N,118.98,396533,USD,-1.88025729836715
2026-03-20,BA.N,195.12,4179649,USD,-3.01222785565166
2026-03-20,BAC.N,47.16,36867726,USD,0.31908104658583
2026-03-20,BAH.N,79.95,2854565,USD,-1.08870468885314
2026-03-23,AS.N,32.71,1443790,USD,6.40858815875082
2026-03-23,ASAN.N,6.61,1440834,USD,-0.601503759398497
2026-03-23,ASB.N,24.76,1113686,USD,1.35079819893574
2026-03-23,ASGN.N,38.09,467368,USD,5.57095343680711
2026-03-23,ASH.N,49.92,246115,USD,2.27412415488629
2026-03-23,ASO.OQ,52.66,478244,USD,1.30819545979223
2026-03-23,ASPI.OQ,4.83,1841912,USD,14.5907473309609
2026-03-23,ASST.OQ,10.44,1086175,USD,4.19161676646707
2026-03-23,ASTH.OQ,23.81,149529,USD,-1.73338836153529
2026-03-23,ASTS.OQ,88.42,4212276,USD,-1.6790837317914
2026-03-23,ATEC.OQ,12.15,683206,USD,-1.77849636216652
2026-03-23,ATEN.N,22.42,263195,USD,4.47343895619758
2026-03-23,ATGE.N,109.64,139622,USD,2.95802422762701
2026-03-23,ATI.N,146.38,540526,USD,3.2299012693935
2026-03-23,ATKR.N,58.12,129832,USD,3.56379187455453
2026-03-23,ATMU.N,58.06,198017,USD,4.18087206172619
2026-03-23,ATO.N,181.03,430982,USD,0.299185550446004
2026-03-23,ATR.N,124.14,146769,USD,2.54419296216752
2026-03-23,ATRC.OQ,29.78,201179,USD,2.07369323050557
2026-03-23,ATRO.OQ,66.03,160352,USD,3.5764705882353
2026-03-23,AU.N,85.6,1263150,USD,7.01337667208401
2026-03-23,AUB.N,34.69,428240,USD,1.22556171578639
2026-03-23,AUPH.OQ,14.56,866307,USD,3.85164051355208
2026-03-23,AUR.OQ,4.38,4581036,USD,6.05326876513317
2026-03-23,AVA.N,38.79,295268,USD,1.09460516028147
2026-03-23,AVAV.OQ,206.27,457895,USD,4.32429698563626
2026-03-23,AVB.N,163.27,273404,USD,1.17741835533247
2026-03-23,AVGO.OQ,322.51,8904188,USD,4.0739428681846
2026-03-23,AVNT.N,33.46,314069,USD,4.8574114697587
2026-03-23,AVPT.OQ,10.24,799796,USD,-0.582524271844665
2026-03-23,AVT.OQ,59.73,421606,USD,2.18990590248074
2026-03-23,AVTR.N,7.59,3639679,USD,1.06524633821571
2026-03-23,AVY.N,164.84,219928,USD,2.28344502357906
2026-03-23,AWI.N,165.81,150605,USD,1.19004027828634
2026-03-23,AWK.N,135.73,699142,USD,-0.044185875248547
2026-03-23,AWR.N,73.57,146363,USD,1.6160220994475
2026-03-23,AX.N,83.78,164416,USD,1.02496081032195
2026-03-23,AXGN.OQ,31.75,261779,USD,3.15139701104613
2026-03-23,AXON.OQ,507.28,208105,USD,2.21855038587865
2026-03-23,AXP.N,301.91,1160203,USD,2.16920473773266
2026-03-23,AXS.N,100.38,144437,USD,0.813498041578791
2026-03-23,AXSM.OQ,156.84,141027,USD,-0.050981391791986
2026-03-23,AXTA.N,26.42,655177,USD,3.85220125786164
2026-03-23,AYI.N,279.23,177522,USD,4.24086310523762
2026-03-23,AZO.N,3353.24,38651,USD,2.14261780742635
2026-03-23,AZTA.OQ,20.45,416196,USD,1.28776622090143
2026-03-23,AZZ.N,122.99,66943,USD,3.37031433854429
2026-03-23,BA.N,198.41,1268239,USD,1.68614186141861
2026-03-23,BAC.N,47.52,13056361,USD,0.763358778625968
2026-03-23,BAH.N,79.9,385001,USD,-0.062539086929327
2026-03-23,AS.N,32.71,,USD,6.40858815875082
2026-03-23,ASAN.N,6.61,,USD,-0.601503759398497
2026-03-23,ASB.N,24.76,,USD,1.35079819893574
2026-03-23,ASGN.N,38.09,,USD,5.57095343680711
2026-03-23,ASH.N,49.92,,USD,2.27412415488629
2026-03-23,ASO.OQ,52.66,,USD,1.30819545979223
2026-03-23,ASPI.OQ,4.83,,USD,14.5907473309609
2026-03-23,ASST.OQ,10.44,,USD,4.19161676646707
2026-03-23,ASTH.OQ,23.81,,USD,-1.73338836153529
2026-03-23,ASTS.OQ,88.42,,USD,-1.6790837317914
2026-03-23,ATEC.OQ,12.15,,USD,-1.77849636216652
2026-03-23,ATEN.N,22.42,,USD,4.47343895619758
2026-03-23,ATGE.N,109.64,,USD,2.95802422762701
2026-03-23,ATI.N,146.38,,USD,3.2299012693935
2026-03-23,ATKR.N,58.12,,USD,3.56379187455453
2026-03-23,ATMU.N,58.06,,USD,4.18087206172619
2026-03-23,ATO.N,181.03,,USD,0.299185550446004
2026-03-23,ATR.N,124.14,,USD,2.54419296216752
2026-03-23,ATRC.OQ,29.78,,USD,2.07369323050557
2026-03-23,ATRO.OQ,66.03,,USD,3.5764705882353
2026-03-23,AU.N,85.6,,USD,7.01337667208401
2026-03-23,AUB.N,34.69,,USD,1.22556171578639
2026-03-23,AUPH.OQ,14.56,,USD,3.85164051355208
2026-03-23,AUR.OQ,4.38,,USD,6.05326876513317
2026-03-23,AVA.N,38.79,,USD,1.09460516028147
2026-03-23,AVAV.OQ,206.27,,USD,4.32429698563626
2026-03-23,AVB.N,163.27,,USD,1.17741835533247
2026-03-23,AVGO.OQ,322.51,,USD,4.0739428681846
2026-03-23,AVNT.N,33.46,,USD,4.8574114697587
2026-03-23,AVPT.OQ,10.24,,USD,-0.582524271844665
2026-03-23,AVT.OQ,59.73,,USD,2.18990590248074
2026-03-23,AVTR.N,7.59,,USD,1.06524633821571
2026-03-23,AVY.N,164.84,,USD,2.28344502357906
2026-03-23,AWI.N,165.81,,USD,1.19004027828634
2026-03-23,AWK.N,135.73,,USD,-0.044185875248547
2026-03-23,AWR.N,73.57,,USD,1.6160220994475
2026-03-23,AX.N,83.78,,USD,1.02496081032195
2026-03-23,AXGN.OQ,31.75,,USD,3.15139701104613
2026-03-23,AXON.OQ,507.28,,USD,2.21855038587865
2026-03-23,AXP.N,301.91,,USD,2.16920473773266
2026-03-23,AXS.N,100.38,,USD,0.813498041578791
2026-03-23,AXSM.OQ,156.84,,USD,-0.050981391791986
2026-03-23,AXTA.N,26.42,,USD,3.85220125786164
2026-03-23,AYI.N,279.23,,USD,4.24086310523762
2026-03-23,AZO.N,3353.24,,USD,2.14261780742635
2026-03-23,AZTA.OQ,20.45,,USD,1.28776622090143
2026-03-23,AZZ.N,122.99,,USD,3.37031433854429
2026-03-23,BA.N,198.41,,USD,1.68614186141861
2026-03-23,BAC.N,47.52,,USD,0.763358778625968
2026-03-23,BAH.N,79.9,,USD,-0.062539086929327
2026-03-24,AS.N,,0,,
2026-03-24,ASAN.N,,0,,
2026-03-24,ASB.N,,0,,
2026-03-24,ASGN.N,,0,,
2026-03-24,ASH.N,,0,,
2026-03-24,ASO.OQ,,0,,
2026-03-24,ASPI.OQ,,0,,
2026-03-24,ASST.OQ,,0,,
2026-03-24,ASTH.OQ,,0,,
2026-03-24,ASTS.OQ,,0,,
2026-03-24,ATEC.OQ,,0,,
2026-03-24,ATEN.N,,0,,
2026-03-24,ATGE.N,,0,,
2026-03-24,ATI.N,,0,,
2026-03-24,ATKR.N,,0,,
2026-03-24,ATMU.N,,0,,
2026-03-24,ATO.N,,0,,
2026-03-24,ATR.N,,0,,
2026-03-24,ATRC.OQ,,0,,
2026-03-24,ATRO.OQ,,0,,
2026-03-24,AU.N,,0,,
2026-03-24,AUB.N,,0,,
2026-03-24,AUPH.OQ,,0,,
2026-03-24,AUR.OQ,,0,,
2026-03-24,AVA.N,,0,,
2026-03-24,AVAV.OQ,,0,,
2026-03-24,AVB.N,,0,,
2026-03-24,AVGO.OQ,,0,,
2026-03-24,AVNT.N,,0,,
2026-03-24,AVPT.OQ,,0,,
2026-03-24,AVT.OQ,,0,,
2026-03-24,AVTR.N,,0,,
2026-03-24,AVY.N,,0,,
2026-03-24,AWI.N,,0,,
2026-03-24,AWK.N,,0,,
2026-03-24,AWR.N,,0,,
2026-03-24,AX.N,,0,,
2026-03-24,AXGN.OQ,,0,,
2026-03-24,AXON.OQ,,0,,
2026-03-24,AXP.N,,0,,
2026-03-24,AXS.N,,0,,
2026-03-24,AXSM.OQ,,0,,
2026-03-24,AXTA.N,,0,,
2026-03-24,AYI.N,,0,,
2026-03-24,AZO.N,,0,,
2026-03-24,AZTA.OQ,,0,,
2026-03-24,AZZ.N,,0,,
2026-03-24,BA.N,,0,,
2026-03-24,BAC.N,,0,,
2026-03-24,BAH.N,,0,,
