Date,RIC,Price to Earning
2026-02-12,A.N,27.3610039963542
2026-02-12,AA.N,13.4895634785284
2026-02-12,AAL.OQ,19.4644168294474
2026-02-12,AAON.OQ,84.3999966774925
2026-02-12,AAPL.OQ,33.2520654699667
2026-02-12,ABBV.N,171.656656505599
2026-02-12,ABCB.N,13.8693065346733
2026-02-12,ABG.N,8.21116221307766
2026-02-12,ABM.N,16.7754392739911
2026-02-12,ABNB.OQ,27.5451861247895
2026-02-12,ABR.N,10.0923545653623
2026-02-12,ABT.N,13.9216034010326
2026-02-12,ACA.N,41.8720839556431
2026-02-12,ACAD.OQ,13.9197536828409
2026-02-12,ACGL.OQ,8.59352744291565
2026-02-12,ACHC.OQ,13.4748946346345
2026-02-12,ACI.N,11.5539517350259
2026-02-12,ACIW.OQ,15.8829025225786
2026-02-12,ACLS.OQ,21.3917641471765
2026-02-12,ACM.N,19.5336069541232
2026-02-12,ACMR.OQ,36.7288937784348
2026-02-12,ACN.N,18.3637756021879
2026-02-12,ACT.OQ,9.67470679353839
2026-02-12,ADBE.OQ,15.7224605381214
2026-02-12,ADC.N,43.3726205377117
2026-02-12,ADEA.OQ,28.2434514637904
2026-02-12,ADI.OQ,68.0029470132759
2026-02-12,ADM.N,28.1926674725578
2026-02-12,ADMA.OQ,18.3933269623285
2026-02-12,ADP.OQ,20.1695138317177
2026-02-12,ADSK.OQ,43.3862598205845
2026-02-12,ADT.N,10.3292097613736
2026-02-12,ADUS.OQ,24.0462338630071
2026-02-12,AEE.N,21.0334758136189
2026-02-12,AEIS.OQ,81.829829515741
2026-02-12,AEO.N,21.0569670759647
2026-02-12,AEP.OQ,18.5050745150157
2026-02-12,AES.N,9.86457521434138
2026-02-12,AFG.N,12.6430261556966
2026-02-13,A.N,27.5647654771086
2026-02-13,AA.N,13.364722038304
2026-02-13,AAL.OQ,19.2289043126498
2026-02-13,AAON.OQ,83.9265393592544
2026-02-13,AAPL.OQ,32.4961345887291
2026-02-13,ABBV.N,174.674795521082
2026-02-13,ABCB.N,14.0026332016732
2026-02-13,ABG.N,8.04908595303998
2026-02-13,ABM.N,17.188646456845
2026-02-13,ABNB.OQ,30.0346010484266
2026-02-13,ABR.N,10.5004012459025
2026-02-13,ABT.N,14.0727215504472
2026-02-13,ACA.N,42.1199064222366
2026-02-13,ACAD.OQ,14.190290311568
2026-02-13,ACGL.OQ,8.46701281756677
2026-02-13,ACHC.OQ,14.2211443060302
2026-02-13,ACI.N,11.9663627283565
2026-02-13,ACIW.OQ,16.000194137846
2026-02-13,ACLS.OQ,22.3392014591952
2026-02-13,ACM.N,19.5181356655196
2026-02-13,ACMR.OQ,37.1529090888255
2026-02-13,ACN.N,18.5440639643261
2026-02-13,ACT.OQ,9.57955299845099
2026-02-13,ADBE.OQ,15.8105063171349
2026-02-13,ADC.N,44.2221756540159
2026-02-13,ADEA.OQ,28.9676425269646
2026-02-13,ADI.OQ,69.1809314285832
2026-02-13,ADM.N,28.1967239714747
2026-02-13,ADMA.OQ,18.9832348187213
2026-02-13,ADP.OQ,20.3760505755651
2026-02-13,ADSK.OQ,44.8868897745561
2026-02-13,ADT.N,10.4644088420199
2026-02-13,ADUS.OQ,24.3674213144275
2026-02-13,AEE.N,21.3470350378387
2026-02-13,AEIS.OQ,82.1749816964752
2026-02-13,AEO.N,21.8635501668941
2026-02-13,AEP.OQ,19.4966637808283
2026-02-13,AES.N,9.91328916601715
2026-02-13,AFG.N,12.786810793873
2026-02-17,A.N,27.1397146462876
2026-02-17,AA.N,12.8118528030247
2026-02-17,AAL.OQ,19.9492955405012
2026-02-17,AAON.OQ,85.3718301201917
2026-02-17,AAP.N,50.5460829903611
2026-02-17,AAPL.OQ,33.5252169648676
2026-02-17,ABBV.N,175.700962786346
2026-02-17,ABCB.N,13.9743012849358
2026-02-17,ABG.N,7.97751981224413
2026-02-17,ABM.N,17.1036879706507
2026-02-17,ABNB.OQ,30.7474123464857
2026-02-17,ABR.N,9.9699405612002
2026-02-17,ABT.N,14.0202673167661
2026-02-17,ACA.N,41.3500046260194
2026-02-17,ACAD.OQ,14.7828943554465
2026-02-17,ACGL.OQ,8.51004500305958
2026-02-17,ACHC.OQ,13.9201004045012
2026-02-17,ACI.N,11.9019235106486
2026-02-17,ACIW.OQ,16.4127370605103
2026-02-17,ACLS.OQ,23.2724626518321
2026-02-17,ACM.N,20.1635094186995
2026-02-17,ACMR.OQ,37.3477269341401
2026-02-17,ACN.N,18.1851412617208
2026-02-17,ACT.OQ,9.53529541934056
2026-02-17,ADBE.OQ,15.5996756082047
2026-02-17,ADC.N,44.8395190385302
2026-02-17,ADEA.OQ,28.8597842835131
2026-02-17,ADI.OQ,69.2650731725337
2026-02-17,ADM.N,27.8154130732847
2026-02-17,ADMA.OQ,18.8180606189313
2026-02-17,ADP.OQ,20.4692322693009
2026-02-17,ADSK.OQ,43.7415189170615
2026-02-17,ADT.N,10.4779287500845
2026-02-17,ADUS.OQ,24.2517938319162
2026-02-17,AEE.N,21.2643169602838
2026-02-17,AEIS.OQ,81.7475849433711
2026-02-17,AEO.N,21.3916132519886
2026-02-17,AEP.OQ,19.541676857127
2026-02-17,AES.N,9.98027084957132
2026-02-17,AFG.N,13.0000069412699
2026-02-18,A.N,27.8123466311435
2026-02-18,AA.N,13.422684135551
2026-02-18,AAL.OQ,19.5336852167408
2026-02-18,AAON.OQ,84.9565166831408
2026-02-18,AAP.N,49.8245051401286
2026-02-18,AAPL.OQ,33.5849291521251
2026-02-18,ABBV.N,172.577188905321
2026-02-18,ABCB.N,13.8643067846608
2026-02-18,ABG.N,8.06101364317263
2026-02-18,ABM.N,17.4087661710755
2026-02-18,ABNB.OQ,30.7573125034032
2026-02-18,ABR.N,10.0651514533263
2026-02-18,ABT.N,14.1489050803174
2026-02-18,ACA.N,40.6693189177758
2026-02-18,ACAD.OQ,14.9439280630222
2026-02-18,ACGL.OQ,8.43947221885137
2026-02-18,ACHC.OQ,14.3568260644658
2026-02-18,ACI.N,11.6763862486709
2026-02-18,ACIW.OQ,16.4167815989678
2026-02-18,ACLS.OQ,21.6031252222612
2026-02-18,ACM.N,21.0763154463135
2026-02-18,ACMR.OQ,37.0211205464068
2026-02-18,ACN.N,18.4927892925253
2026-02-18,ACT.OQ,9.36711661872095
2026-02-18,ADBE.OQ,15.7625902469235
2026-02-18,ADC.N,43.4349212462407
2026-02-18,ADEA.OQ,28.5516178736518
2026-02-18,ADI.OQ,71.0833557369278
2026-02-18,ADM.N,30.2978631749935
2026-02-18,ADMA.OQ,18.8652532474427
2026-02-18,ADP.OQ,20.8659749446914
2026-02-18,ADSK.OQ,44.5995764069134
2026-02-18,ADT.N,10.6266477387954
2026-02-18,ADUS.OQ,24.2903363260866
2026-02-18,AEE.N,20.8353371627315
2026-02-18,AEIS.OQ,83.6265406395736
2026-02-18,AEO.N,21.51174264851
2026-02-18,AEP.OQ,19.0960474017702
2026-02-18,AES.N,9.91937840997662
2026-02-18,AFG.N,12.8532486630618
2026-02-19,A.N,27.680887611302
2026-02-19,AA.N,13.306759941057
2026-02-19,AAL.OQ,80.3539183820874
2026-02-19,AAON.OQ,83.9099268217724
2026-02-19,AAP.N,49.8690469827356
2026-02-19,AAPL.OQ,33.1059611819964
2026-02-19,ABBV.N,169.279872030906
2026-02-19,ABCB.N,13.8209756178858
2026-02-19,ABG.N,7.83052857208009
2026-02-19,ABM.N,17.6057153890713
2026-02-19,ABNB.OQ,31.1384685447264
2026-02-19,ABR.N,10.1603623454523
2026-02-19,ABT.N,14.0115249444859
2026-02-19,ACA.N,41.1517466527445
2026-02-19,ACAD.OQ,15.6718004212642
2026-02-19,ACGL.OQ,8.46357024272735
2026-02-19,ACHC.OQ,14.2974652951502
2026-02-19,ACI.N,11.5539517350259
2026-02-19,ACIW.OQ,16.4814942142877
2026-02-19,ACLS.OQ,21.2369705574771
2026-02-19,ACM.N,21.3459579048339
2026-02-19,ACMR.OQ,37.4451358567974
2026-02-19,ACN.N,17.7765979089858
2026-02-19,ACT.OQ,9.20115069705687
2026-02-19,ADBE.OQ,15.525405699377
2026-02-19,ADC.N,43.6841240803566
2026-02-19,ADEA.OQ,28.5516178736518
2026-02-19,ADI.OQ,59.7626110705348
2026-02-19,ADM.N,30.8991537060138
2026-02-19,ADMA.OQ,19.254592432662
2026-02-19,ADP.OQ,20.7468560784724
2026-02-19,ADSK.OQ,44.4753327884733
2026-02-19,ADT.N,10.6672074629893
2026-02-19,ADUS.OQ,24.6158062768593
2026-02-19,AEE.N,20.5260501374012
2026-02-19,AEIS.OQ,83.4443704197202
2026-02-19,AEO.N,21.4087745943488
2026-02-19,AEP.OQ,19.2685975275818
2026-02-19,AES.N,9.96200311769291
2026-02-19,AFG.N,12.9276194121538
2026-02-20,A.N,26.9271892308771
2026-02-20,AA.N,13.4851048556632
2026-02-20,AAL.OQ,81.7984832069339
2026-02-20,AAON.OQ,84.9731292206228
2026-02-20,AAP.N,49.7710549290003
2026-02-20,AAPL.OQ,33.6141500097191
2026-02-20,ABBV.N,169.626958017686
2026-02-20,ABCB.N,13.9543022848858
2026-02-20,ABG.N,7.93472045353288
2026-02-20,ABM.N,17.5902683915814
2026-02-20,ABNB.OQ,31.6532767044358
2026-02-20,ABR.N,10.1331592334163
2026-02-20,ABT.N,14.0140227651374
2026-02-20,ACA.N,41.7399119734599
2026-02-20,ACAD.OQ,15.4527945789613
2026-02-20,ACGL.OQ,8.47647989837519
2026-02-20,ACHC.OQ,14.2381045258347
2026-02-20,ACI.N,11.5346199697136
2026-02-20,ACIW.OQ,16.5340732142352
2026-02-20,ACLS.OQ,21.1157970712895
2026-02-20,ACM.N,21.6354920201304
2026-02-20,ACMR.OQ,38.1556479985331
2026-02-20,ACN.N,17.8096783424056
2026-02-20,ACT.OQ,9.16795751272405
2026-02-20,ADBE.OQ,15.4894686467184
2026-02-20,ADC.N,44.3127948664216
2026-02-20,ADEA.OQ,29.291217257319
2026-02-20,ADI.OQ,61.4466255672516
2026-02-20,ADM.N,30.4594039146706
2026-02-20,ADMA.OQ,18.9950329758492
2026-02-20,ADP.OQ,20.6027606757882
2026-02-20,ADSK.OQ,44.0637758023905
2026-02-20,ADT.N,10.6942472791185
2026-02-20,ADUS.OQ,24.7271512600184
2026-02-20,AEE.N,20.5727852242349
2026-02-20,AEIS.OQ,86.2003456029314
2026-02-20,AEO.N,21.6747754009319
2026-02-20,AEP.OQ,19.4111389358609
2026-02-20,AES.N,10.053341777085
2026-02-20,AFG.N,12.9117536523475
2026-02-23,A.N,27.2120171072004
2026-02-23,AA.N,13.3335116782479
2026-02-23,AAL.OQ,77.825929938606
2026-02-23,AAON.OQ,83.9763769717005
2026-02-23,AAP.N,49.3256365029309
2026-02-23,AAPL.OQ,33.8174255408082
2026-02-23,ABBV.N,97.2249290344448
2026-02-23,ABCB.N,13.2860023665483
2026-02-23,ABG.N,8.80924555252565
2026-02-23,ABM.N,17.0418999806913
2026-02-23,ABNB.OQ,30.4330823643555
2026-02-23,ABR.N,10.0923545653623
2026-02-23,ABT.N,30.8901309126374
2026-02-23,ACA.N,40.4677566449464
2026-02-23,ACAD.OQ,15.9294543533853
2026-02-23,ACGL.OQ,8.49455341628217
2026-02-23,ACHC.OQ,14.7384310100659
2026-02-23,ACI.N,11.9276991977317
2026-02-23,ACIW.OQ,15.5593394459791
2026-02-23,ACLS.OQ,20.7549108189484
2026-02-23,ACM.N,20.6165971563771
2026-02-23,ACMR.OQ,37.3133473143787
2026-02-23,ACN.N,16.6378039885079
2026-02-23,ACT.OQ,9.10599690196946
2026-02-23,ADBE.OQ,14.7749202496906
2026-02-23,ADC.N,44.9244745501606
2026-02-23,ADEA.OQ,28.4745762711864
2026-02-23,ADI.OQ,61.4673945024628
2026-02-23,ADM.N,30.3741463020632
2026-02-23,ADMA.OQ,19.2191979612785
2026-02-23,ADP.OQ,19.7631647961482
2026-02-23,ADSK.OQ,42.4447261495932
2026-02-23,ADT.N,10.4779287500845
2026-02-23,ADUS.OQ,25.1875199403876
2026-02-23,AEE.N,20.780289009777
2026-02-23,AEIS.OQ,85.6824616922052
2026-02-23,AEO.N,20.2932873409358
2026-02-23,AEP.OQ,19.8102548790424
2026-02-23,AES.N,9.90111067809821
2026-02-23,AFG.N,12.8522570530739
2026-02-12,AFL.N,16.8294716173314
2026-02-12,AFRM.OQ,63.4653402206492
2026-02-12,AGCO.N,27.6468808953347
2026-02-12,AGNC.OQ,8.16414376928044
2026-02-12,AGO.N,10.7147040509966
2026-02-12,AGX.N,48.7521155577765
2026-02-12,AGYS.OQ,75.4370254286301
2026-02-12,AHR.N,366.640663782711
2026-02-12,AIG.N,14.085740690094
2026-02-12,AIR.N,44.6826395987166
2026-02-12,AIT.N,26.550870375269
2026-02-12,AIZ.N,13.0562750534931
2026-02-12,AJG.N,32.589270795373
2026-02-12,AKAM.OQ,30.6722923147744
2026-02-12,AKR.N,161.048689138577
2026-02-12,AL.N,7.50137765016387
2026-02-12,ALAB.OQ,112.514555426174
2026-02-12,ALG.N,21.6914791473548
2026-02-12,ALGN.OQ,32.4921358639946
2026-02-12,ALH.N,39.0972928794222
2026-02-12,ALK.N,44.6151750879245
2026-02-12,ALKS.OQ,16.4927717170516
2026-02-12,ALL.N,6.68951126992871
2026-02-12,ALLE.N,24.106914571967
2026-02-12,ALLY.N,17.336990675476
2026-02-12,ALNY.OQ,1348.36961272839
2026-02-12,ALRM.OQ,19.3342770200971
2026-02-12,ALSN.N,14.2089569827663
2026-02-12,AM.N,24.4532803180915
2026-02-12,AMAT.OQ,37.8718683255142
2026-02-12,AMCR.N,32.5274495314452
2026-02-12,AMD.OQ,79.073267752513
2026-02-12,AME.N,36.0763836852525
2026-02-12,AMG.N,21.1688527311971
2026-02-12,AMGN.OQ,28.3058172241903
2026-02-12,AMH.N,26.6991320873173
2026-02-12,AMKR.OQ,41.5753336341951
2026-02-13,AFL.N,16.6885966823227
2026-02-13,AFRM.OQ,63.529111663797
2026-02-13,AGCO.N,27.9573187719396
2026-02-13,AGNC.OQ,8.14979553769998
2026-02-13,AGO.N,10.6456564759844
2026-02-13,AGX.N,48.3160395815557
2026-02-13,AGYS.OQ,76.0247010316972
2026-02-13,AHR.N,367.349833345153
2026-02-13,AIG.N,14.4427980683888
2026-02-13,AIR.N,44.5879228216128
2026-02-13,AIT.N,26.6279452597043
2026-02-13,AIZ.N,13.2388973267143
2026-02-13,AJG.N,33.1717051481786
2026-02-13,AKAM.OQ,32.7687160797169
2026-02-13,AKR.N,164.07681887003
2026-02-13,AL.N,6.95739469053943
2026-02-13,ALAB.OQ,114.950089332539
2026-02-13,ALG.N,21.8615270718369
2026-02-13,ALGN.OQ,33.0063973420988
2026-02-13,ALH.N,38.9972144846797
2026-02-13,ALK.N,63.0712875580559
2026-02-13,ALKS.OQ,16.4283661801571
2026-02-13,ALL.N,6.72027732195443
2026-02-13,ALLE.N,24.2827787074527
2026-02-13,ALLY.N,17.3242522547005
2026-02-13,ALNY.OQ,140.032068412614
2026-02-13,ALRM.OQ,19.6563736999585
2026-02-13,ALSN.N,14.4593783412531
2026-02-13,AM.N,25.0847854052158
2026-02-13,AMAT.OQ,40.9303108724634
2026-02-13,AMCR.N,32.7563318663066
2026-02-13,AMD.OQ,79.6031362069098
2026-02-13,AME.N,36.2451786939683
2026-02-13,AMG.N,21.2229090810807
2026-02-13,AMGN.OQ,28.5369324440164
2026-02-13,AMH.N,26.8263920114704
2026-02-13,AMKR.OQ,38.2631680742699
2026-02-17,AFL.N,16.7626649471211
2026-02-17,AFRM.OQ,65.8121293284867
2026-02-17,AGCO.N,14.2123291185483
2026-02-17,AGNC.OQ,8.10675084295861
2026-02-17,AGO.N,10.8047124969946
2026-02-17,AGX.N,47.9542143796642
2026-02-17,AGYS.OQ,74.8027089046846
2026-02-17,AHR.N,375.859868094462
2026-02-17,AIG.N,14.6513116983527
2026-02-17,AIR.N,44.808928634855
2026-02-17,AIT.N,26.4823593668822
2026-02-17,AIZ.N,13.4556090909368
2026-02-17,AJG.N,34.0549047815314
2026-02-17,AKAM.OQ,31.7894076356738
2026-02-17,AKR.N,218.440923109646
2026-02-17,AL.N,6.95846952364472
2026-02-17,ALAB.OQ,109.94568937165
2026-02-17,ALG.N,21.6603728197057
2026-02-17,ALGN.OQ,33.0859223129396
2026-02-17,ALH.N,38.9304955548513
2026-02-17,ALK.N,65.1367666693293
2026-02-17,ALKS.OQ,16.2995551063682
2026-02-17,ALL.N,6.87605070115832
2026-02-17,ALLE.N,22.0060145534336
2026-02-17,ALLY.N,17.5323131273672
2026-02-17,ALNY.OQ,148.14270443613
2026-02-17,ALRM.OQ,19.2452766217144
2026-02-17,ALSN.N,14.4188690038508
2026-02-17,AM.N,25.0847854052158
2026-02-17,AMAT.OQ,41.4169861193761
2026-02-17,AMCR.N,32.4097386163736
2026-02-17,AMD.OQ,77.9751345789082
2026-02-17,AME.N,36.8083545641697
2026-02-17,AMG.N,20.7865971141631
2026-02-17,AMGN.OQ,26.2232997980014
2026-02-17,AMH.N,26.7245840721479
2026-02-17,AMKR.OQ,37.7474050673715
2026-02-18,AFL.N,16.5012475419502
2026-02-18,AFRM.OQ,65.9396722147822
2026-02-18,AGCO.N,14.1466548179283
2026-02-18,AGNC.OQ,8.11392495874884
2026-02-18,AGO.N,10.7184030282294
2026-02-18,AGX.N,48.8075089925938
2026-02-18,AGYS.OQ,74.4295815376579
2026-02-18,AHR.N,370.682930288632
2026-02-18,AIG.N,14.7232765794907
2026-02-18,AIR.N,45.2391006642014
2026-02-18,AIT.N,26.5737073780647
2026-02-18,AIZ.N,13.374037808898
2026-02-18,AJG.N,37.2646311758799
2026-02-18,AKAM.OQ,32.050361083338
2026-02-18,AKR.N,215.675848133574
2026-02-18,AL.N,6.96384368917117
2026-02-18,ALAB.OQ,115.181198389348
2026-02-18,ALG.N,21.0496519201936
2026-02-18,ALGN.OQ,33.7221220796664
2026-02-18,ALH.N,39.7478024452488
2026-02-18,ALK.N,63.721742305805
2026-02-18,ALKS.OQ,15.8635791643134
2026-02-18,ALL.N,6.7824571323643
2026-02-18,ALLE.N,21.8564910780779
2026-02-18,ALLY.N,17.8762504883061
2026-02-18,ALNY.OQ,148.173882059505
2026-02-18,ALRM.OQ,19.1605143375404
2026-02-18,ALSN.N,14.3587187755869
2026-02-18,AM.N,24.5234475499941
2026-02-18,AMAT.OQ,42.5898503992582
2026-02-18,AMCR.N,32.4293571022189
2026-02-18,AMD.OQ,76.8386051404919
2026-02-18,AME.N,36.6051607480694
2026-02-18,AMG.N,15.1063059178811
2026-02-18,AMGN.OQ,26.6707028934408
2026-02-18,AMH.N,26.6058081429383
2026-02-18,AMKR.OQ,37.6668170975437
2026-02-19,AFL.N,16.3763481150353
2026-02-19,AFRM.OQ,66.0927236783368
2026-02-19,AGCO.N,14.2143814404426
2026-02-19,AGNC.OQ,8.12109907453906
2026-02-19,AGO.N,10.6937431800107
2026-02-19,AGX.N,50.9360311900396
2026-02-19,AGYS.OQ,73.3195276207533
2026-02-19,AHR.N,369.97376072619
2026-02-19,AIG.N,14.6771452454279
2026-02-19,AIR.N,45.6021816430993
2026-02-19,AIT.N,26.7506941497308
2026-02-19,AIZ.N,13.5700523821554
2026-02-19,AJG.N,37.9387267932159
2026-02-19,AKAM.OQ,32.1324587972099
2026-02-19,AKR.N,212.69807508242
2026-02-19,AL.N,6.96384368917117
2026-02-19,ALAB.OQ,117.88339659203
2026-02-19,ALG.N,21.8034619268918
2026-02-19,ALGN.OQ,33.4711766161241
2026-02-19,ALH.N,39.9479592347339
2026-02-19,ALK.N,59.4880807020347
2026-02-19,ALKS.OQ,15.8536706201758
2026-02-19,ALL.N,6.58134430806987
2026-02-19,ALLE.N,21.6736703150163
2026-02-19,ALLY.N,17.791327683136
2026-02-19,ALNY.OQ,151.153572064849
2026-02-19,ALRM.OQ,19.1562762233317
2026-02-19,ALSN.N,14.4581507855743
2026-02-19,AM.N,24.67547655245
2026-02-19,AMAT.OQ,42.6509731198421
2026-02-19,AMCR.N,32.3901201305283
2026-02-19,AMD.OQ,78.0864837468611
2026-02-19,AME.N,36.3614492087967
2026-02-19,AMG.N,14.7171729581824
2026-02-19,AMGN.OQ,26.3736047625603
2026-02-19,AMH.N,26.1900923907049
2026-02-19,AMKR.OQ,38.9562246147895
2026-02-20,AFL.N,16.5607926175725
2026-02-20,AFRM.OQ,65.1616606083796
2026-02-20,AGCO.N,14.1353670475092
2026-02-20,AGNC.OQ,8.21436257981204
2026-02-20,AGO.N,10.8984199202254
2026-02-20,AGX.N,51.5760021497367
2026-02-20,AGYS.OQ,73.356840357456
2026-02-20,AHR.N,368.271753776328
2026-02-20,AIG.N,14.8432180480541
2026-02-20,AIR.N,46.1625892409634
2026-02-20,AIT.N,26.8306236595155
2026-02-20,AIZ.N,11.5200675457752
2026-02-20,AJG.N,37.6155778632559
2026-02-20,AKAM.OQ,27.6112204118373
2026-02-20,AKR.N,215.675848133574
2026-02-20,AL.N,6.97674168643464
2026-02-20,ALAB.OQ,115.27008648812
2026-02-20,ALG.N,22.133188999973
2026-02-20,ALGN.OQ,33.5807443537271
2026-02-20,ALH.N,39.4475672610211
2026-02-20,ALK.N,60.0015976081524
2026-02-20,ALKS.OQ,15.8090821715565
2026-02-20,ALL.N,6.68335805952357
2026-02-20,ALLE.N,21.7959989138296
2026-02-20,ALLY.N,17.8847427688231
2026-02-20,ALNY.OQ,149.737217174417
2026-02-20,ALRM.OQ,18.5253662203621
2026-02-20,ALSN.N,14.5894992432119
2026-02-20,AM.N,25.2952871009239
2026-02-20,AMAT.OQ,38.461617277297
2026-02-20,AMCR.N,33.0179116775767
2026-02-20,AMD.OQ,76.8501240199353
2026-02-20,AME.N,36.4801804715193
2026-02-20,AMG.N,13.1396315933944
2026-02-20,AMGN.OQ,26.3209277889999
2026-02-20,AMH.N,25.0447530733272
2026-02-20,AMKR.OQ,38.633872735478
2026-02-23,AFL.N,16.316803039413
2026-02-23,AFRM.OQ,60.1109623110771
2026-02-23,AGCO.N,13.8685652012404
2026-02-23,AGNC.OQ,8.08522849558792
2026-02-23,AGO.N,10.4939984094398
2026-02-23,AGX.N,52.0592214747382
2026-02-23,AGYS.OQ,66.9763623812988
2026-02-23,AHR.N,373.803276363379
2026-02-23,AIG.N,14.7583363933785
2026-02-23,AIR.N,46.0520863343423
2026-02-23,AIT.N,26.5232756635577
2026-02-23,AIZ.N,11.2175701188009
2026-02-23,AJG.N,37.236833418464
2026-02-23,AKAM.OQ,32.1099127630034
2026-02-23,AKR.N,218.653621184728
2026-02-23,AL.N,6.9810410188558
2026-02-23,ALAB.OQ,105.224290860158
2026-02-23,ALG.N,21.8967809098394
2026-02-23,ALGN.OQ,32.032658254692
2026-02-23,ALH.N,38.2633062565676
2026-02-23,ALK.N,57.7763576816424
2026-02-23,ALKS.OQ,15.9478017894831
2026-02-23,ALL.N,5.40114986645149
2026-02-23,ALLE.N,21.3295371139592
2026-02-23,ALLY.N,16.9718226132446
2026-02-23,ALNY.OQ,146.690717976127
2026-02-23,ALRM.OQ,17.976797578171
2026-02-23,ALSN.N,14.3427605517617
2026-02-23,AM.N,25.377148871477
2026-02-23,AMAT.OQ,38.2741145877093
2026-02-23,AMCR.N,33.0767671351125
2026-02-23,AMD.OQ,75.4870566191321
2026-02-23,AME.N,36.1583562594028
2026-02-23,AMG.N,13.3040539707319
2026-02-23,AMGN.OQ,26.6489297443692
2026-02-23,AMH.N,24.9307244485497
2026-02-23,AMKR.OQ,31.324242847731
2026-02-12,AMP.N,12.8217017935017
2026-02-12,AMRC.N,28.1970490081483
2026-02-12,AMRX.OQ,885.593220338983
2026-02-12,AMSC.OQ,10.906707539795
2026-02-12,AMT.N,30.0170350142915
2026-02-12,AMTM.N,75.1975592677803
2026-02-12,AMZN.OQ,27.8295204845348
2026-02-12,AN.N,12.171757281256
2026-02-12,ANDE.OQ,32.0734174730969
2026-02-12,ANET.N,51.4219822123783
2026-02-12,ANF.N,8.81393506914413
2026-02-12,ANGI.OQ,11.6757123473541
2026-02-12,ANIP.OQ,47.0353040737356
2026-02-12,AON.N,25.1832348793689
2026-02-12,AOS.N,20.6951942546273
2026-02-12,APA.OQ,6.47387723200866
2026-02-12,APAM.N,11.7906874512584
2026-02-12,APG.N,120.571271628673
2026-02-12,APH.N,43.0415682187744
2026-02-12,APLE.N,16.6001574503896
2026-02-12,APLS.OQ,74.2549250715609
2026-02-12,APO.N,18.485588407028
2026-02-12,APP.OQ,45.3223742397067
2026-02-12,APPF.OQ,45.2411076138164
2026-02-12,APTV.N,109.242149043144
2026-02-12,AR.N,16.6725841765785
2026-02-12,ARCB.OQ,38.8170337963051
2026-02-12,ARES.N,56.0641259077876
2026-02-12,ARLO.N,319.306226897924
2026-02-12,ARMK.N,32.9576919516239
2026-02-12,AROC.N,21.0532593785412
2026-02-12,ARR.N,385.547290116897
2026-02-12,ARW.N,14.4211925929701
2026-02-12,ARWR.OQ,40.4823092697869
2026-02-13,AMP.N,12.9964808228717
2026-02-13,AMRC.N,27.680371330318
2026-02-13,AMRX.OQ,897.094430992736
2026-02-13,AMSC.OQ,11.6952676154421
2026-02-13,AMT.N,30.6406951817068
2026-02-13,AMTM.N,77.5232569770931
2026-02-13,AMZN.OQ,27.7165850557148
2026-02-13,AN.N,11.8278536103796
2026-02-13,ANDE.OQ,32.2556527996486
2026-02-13,ANET.N,53.8842396495755
2026-02-13,ANF.N,8.98461396843782
2026-02-13,ANGI.OQ,10.9905020352782
2026-02-13,ANIP.OQ,47.4400407189594
2026-02-13,AON.N,25.760585903186
2026-02-13,AOS.N,20.9135308933347
2026-02-13,APA.OQ,6.71436301328684
2026-02-13,APAM.N,11.6134485861533
2026-02-13,APG.N,121.971985718209
2026-02-13,APH.N,43.9369574136129
2026-02-13,APLE.N,16.6544506881668
2026-02-13,APLS.OQ,73.0762754672504
2026-02-13,APO.N,18.4413539289063
2026-02-13,APP.OQ,48.2424934161442
2026-02-13,APPF.OQ,45.8788495957539
2026-02-13,APTV.N,112.137724078023
2026-02-13,AR.N,17.141053711265
2026-02-13,ARCB.OQ,39.8907208222685
2026-02-13,ARES.N,56.0390113224922
2026-02-13,ARLO.N,324.70855843048
2026-02-13,ARMK.N,32.806201028455
2026-02-13,AROC.N,21.6430422191739
2026-02-13,ARR.N,388.94792773645
2026-02-13,ARW.N,14.4721541447957
2026-02-13,ARWR.OQ,41.4168159281468
2026-02-17,AMP.N,12.8623097940461
2026-02-17,AMRC.N,27.5194389388626
2026-02-17,AMRX.OQ,919.491525423728
2026-02-17,AMSC.OQ,12.5145508109197
2026-02-17,AMT.N,30.7986040220498
2026-02-17,AMTM.N,75.147544263279
2026-02-17,AMZN.OQ,28.0456314903015
2026-02-17,AN.N,11.7334699648963
2026-02-17,ANDE.OQ,31.3117672621245
2026-02-17,ANET.N,54.2609992883429
2026-02-17,ANF.N,9.02392764748862
2026-02-17,ANGI.OQ,10.7462686567164
2026-02-17,ANIP.OQ,48.3844262244817
2026-02-17,AON.N,19.1442301254395
2026-02-17,AOS.N,20.6562055691438
2026-02-17,APA.OQ,6.57488126014549
2026-02-17,APAM.N,11.5589125514684
2026-02-17,APG.N,122.026915682505
2026-02-17,APH.N,44.4909607615899
2026-02-17,APLE.N,16.6815973070554
2026-02-17,APLS.OQ,72.6384913285065
2026-02-17,APO.N,18.4531497897388
2026-02-17,APP.OQ,46.4921512532796
2026-02-17,APPF.OQ,43.4050278754963
2026-02-17,APTV.N,108.939429834952
2026-02-17,AR.N,16.5838215279011
2026-02-17,ARCB.OQ,40.1123359379478
2026-02-17,ARES.N,54.5865511395743
2026-02-17,ARLO.N,331.532556155815
2026-02-17,ARMK.N,33.0502697380049
2026-02-17,AROC.N,21.6695493131349
2026-02-17,ARR.N,377.895855472901
2026-02-17,ARW.N,14.1571190971466
2026-02-17,ARWR.OQ,41.3324507437115
2026-02-18,AMP.N,13.109524716279
2026-02-18,AMRC.N,27.8921244769697
2026-02-18,AMRX.OQ,898.910411622276
2026-02-18,AMSC.OQ,11.8727789744623
2026-02-18,AMT.N,29.7666139240506
2026-02-18,AMTM.N,77.1981594478344
2026-02-18,AMZN.OQ,28.5531437877148
2026-02-18,AN.N,12.0201383042835
2026-02-18,ANDE.OQ,30.2043372007719
2026-02-18,ANET.N,50.6905746191123
2026-02-18,ANF.N,9.17447027214655
2026-02-18,ANGI.OQ,11.0312075983718
2026-02-18,ANIP.OQ,47.7159975225211
2026-02-18,AON.N,18.9692092462708
2026-02-18,AOS.N,20.5236440385
2026-02-18,APA.OQ,6.88029820236878
2026-02-18,APAM.N,11.5698197584054
2026-02-18,APG.N,121.285361164515
2026-02-18,APH.N,44.2394132954814
2026-02-18,APLE.N,16.6544506881668
2026-02-18,APLS.OQ,74.7600606162654
2026-02-18,APO.N,18.4841139244239
2026-02-18,APP.OQ,49.9520724940585
2026-02-18,APPF.OQ,45.459688535045
2026-02-18,APTV.N,110.308247124168
2026-02-18,AR.N,16.6923092096179
2026-02-18,ARCB.OQ,39.355787784422
2026-02-18,ARES.N,56.0766832004353
2026-02-18,ARLO.N,326.414557861814
2026-02-18,ARMK.N,33.7993081914509
2026-02-18,AROC.N,21.80208478294
2026-02-18,ARR.N,375.77045696068
2026-02-18,ARW.N,14.179356865216
2026-02-18,ARWR.OQ,41.7802351841757
2026-02-19,AMP.N,12.9624579034967
2026-02-19,AMRC.N,28.7560773153089
2026-02-19,AMRX.OQ,883.777239709443
2026-02-19,AMSC.OQ,11.5314109763466
2026-02-19,AMT.N,29.4747218252348
2026-02-19,AMTM.N,80.074022206662
2026-02-19,AMZN.OQ,28.5629036395882
2026-02-19,AN.N,11.7897484118926
2026-02-19,ANDE.OQ,23.3256492233774
2026-02-19,ANET.N,49.8514229251883
2026-02-19,ANF.N,9.19556541700307
2026-02-19,ANGI.OQ,10.9633649932157
2026-02-19,ANIP.OQ,47.8938363514831
2026-02-19,AON.N,19.0467352732851
2026-02-19,AORT.N,191.271958524186
2026-02-19,AOS.N,20.19353983474
2026-02-19,APA.OQ,6.99332651956953
2026-02-19,APAM.N,11.4062116543506
2026-02-19,APG.N,121.971985718209
2026-02-19,APH.N,45.2785438995248
2026-02-19,APLE.N,16.6137307598339
2026-02-19,APLS.OQ,76.7806027950833
2026-02-19,APO.N,17.4490271363778
2026-02-19,APP.OQ,50.8920939379117
2026-02-19,APPF.OQ,45.356826925055
2026-02-19,APTV.N,105.89907604833
2026-02-19,AR.N,17.2741976842811
2026-02-19,ARCB.OQ,40.1581873411917
2026-02-19,ARES.N,54.3521483434838
2026-02-19,ARLO.N,330.395223201592
2026-02-19,ARMK.N,34.1107062001868
2026-02-19,AROC.N,21.7822044624693
2026-02-19,ARR.N,6.46559614553815
2026-02-19,ARW.N,14.2581156271282
2026-02-19,ARWR.OQ,41.4427744464346
2026-02-20,AMP.N,12.9681499663486
2026-02-20,AMRC.N,28.5697345462553
2026-02-20,AMRX.OQ,877.72397094431
2026-02-20,AMSC.OQ,11.6201666558567
2026-02-20,AMT.N,29.8766716006533
2026-02-20,AMTM.N,77.4482344703411
2026-02-20,AMZN.OQ,29.2948925300882
2026-02-20,AN.N,11.8108528295162
2026-02-20,ANDE.OQ,23.609757500998
2026-02-20,ANET.N,48.2385079810228
2026-02-20,ANF.N,9.24446779826138
2026-02-20,ANGI.OQ,11.4111261872456
2026-02-20,ANIP.OQ,47.6914680288712
2026-02-20,AON.N,19.0919587890435
2026-02-20,AORT.N,192.933004479791
2026-02-20,AOS.N,20.2247307831267
2026-02-20,APA.OQ,6.98851680394397
2026-02-20,APAM.N,11.343495214463
2026-02-20,APG.N,122.603680307608
2026-02-20,APH.N,45.2306300964565
2026-02-20,APLE.N,16.7630371637213
2026-02-20,APLS.OQ,75.0294662401077
2026-02-20,APO.N,17.6525057357373
2026-02-20,APP.OQ,43.5251776124151
2026-02-20,APPF.OQ,44.2896377214096
2026-02-20,APPN.OQ,1593.15589353612
2026-02-20,APTV.N,104.727684329674
2026-02-20,AR.N,17.5256918555339
2026-02-20,ARCB.OQ,40.1543663909214
2026-02-20,ARES.N,51.5518720830456
2026-02-20,ARLO.N,330.110889963037
2026-02-20,ARMK.N,34.4389365337194
2026-02-20,AROC.N,21.7822044624693
2026-02-20,ARR.N,6.5498026638549
2026-02-20,ARW.N,14.5499863330384
2026-02-20,ARWR.OQ,41.2675544479921
2026-02-23,AMP.N,12.4757512173879
2026-02-23,AMRC.N,27.8497738476394
2026-02-23,AMRX.OQ,872.881355932203
2026-02-23,AMSC.OQ,11.0978736187397
2026-02-23,AMT.N,30.3137122294814
2026-02-23,AMTM.N,73.8971691507452
2026-02-23,AMZN.OQ,28.6200684862749
2026-02-23,AN.N,11.5353229327637
2026-02-23,ANDE.OQ,23.1925858528463
2026-02-23,ANET.N,46.291385435814
2026-02-23,ANF.N,8.88009711437596
2026-02-23,ANGI.OQ,8.56900786117993
2026-02-23,ANIP.OQ,46.0541243277386
2026-02-23,AON.N,18.5187360438468
2026-02-23,AORT.N,188.201540242613
2026-02-23,AOS.N,19.9544092304413
2026-02-23,APA.OQ,6.90675163830938
2026-02-23,APAM.N,10.0049825610364
2026-02-23,APG.N,121.148036253776
2026-02-23,APH.N,44.2663648097073
2026-02-23,APLE.N,16.5730108315009
2026-02-23,APLS.OQ,75.6693045967335
2026-02-23,APO.N,16.7692906559088
2026-02-23,APP.OQ,39.5685322987423
2026-02-23,APPF.OQ,42.0009668991339
2026-02-23,APPN.OQ,1536.75538656527
2026-02-23,APTV.N,101.174024059596
2026-02-23,AR.N,16.7662780835158
2026-02-23,ARCB.OQ,37.8350495768297
2026-02-23,ARES.N,47.956300621586
2026-02-23,ARLO.N,324.70855843048
2026-02-23,ARMK.N,34.1443708497799
2026-02-23,AROC.N,21.749070595018
2026-02-23,ARR.N,6.60105880543901
2026-02-23,ARW.N,14.7936752081316
2026-02-23,ARWR.OQ,40.9755211172546
2026-02-12,AS.N,69.145021450753
2026-02-12,ASB.N,29.6969958191457
2026-02-12,ASGN.N,16.069515533865
2026-02-12,ASO.OQ,10.5630839154953
2026-02-12,ASTH.OQ,95.7452417356461
2026-02-12,ATEN.N,35.4579035405632
2026-02-12,ATGE.N,13.6863020619301
2026-02-12,ATI.N,45.0960722775758
2026-02-12,ATMU.N,25.8697517136836
2026-02-12,ATO.N,23.0932211646508
2026-02-12,ATR.N,23.8795671732853
2026-02-12,AU.N,22.9870677167014
2026-02-12,AUB.N,21.9860554943316
2026-02-12,AUPH.OQ,25.5093855286379
2026-02-12,AVA.N,17.9842685379244
2026-02-12,AVB.N,21.4550400246795
2026-02-12,AVGO.OQ,69.5611077853745
2026-02-12,AVNT.N,33.9519446901398
2026-02-12,AVT.OQ,27.0115319093173
2026-02-12,AVY.N,22.2464411951077
2026-02-12,AWI.N,28.2157890363307
2026-02-12,AWK.N,22.5109424539154
2026-02-12,AWR.N,21.6009412071515
2026-02-12,AX.N,11.7285719424773
2026-02-12,AXON.OQ,138.225126074408
2026-02-12,AXP.N,22.3022116186405
2026-02-12,AXS.N,10.4457443225608
2026-02-12,AXTA.N,16.2059241069716
2026-02-12,AYI.N,24.1064179374406
2026-02-12,AZO.N,26.4074472889241
2026-02-12,AZTA.OQ,44.9747297037937
2026-02-12,AZZ.N,12.9465045095675
2026-02-12,BA.N,107.913506884643
2026-02-12,BAC.N,13.7651588418605
2026-02-12,BAH.N,11.5866740610453
2026-02-13,AS.N,71.4606257516739
2026-02-13,ASB.N,10.0613434874025
2026-02-13,ASGN.N,15.9082444102277
2026-02-13,ASO.OQ,10.7149522621065
2026-02-13,ASTH.OQ,99.0140770812464
2026-02-13,ATEN.N,36.0677446333984
2026-02-13,ATGE.N,14.0692592870809
2026-02-13,ATI.N,46.4249887912989
2026-02-13,ATMU.N,26.702647776584
2026-02-13,ATO.N,23.2854806421986
2026-02-13,ATR.N,24.2313620921431
2026-02-13,AU.N,24.1042659853733
2026-02-13,AUB.N,21.9478663160536
2026-02-13,AUPH.OQ,25.3667754068845
2026-02-13,AVA.N,18.2770061008205
2026-02-13,AVB.N,21.5688890901991
2026-02-13,AVGO.OQ,68.3008286335424
2026-02-13,AVNT.N,34.6903832577313
2026-02-13,AVT.OQ,26.9419145590355
2026-02-13,AVY.N,22.2748820557509
2026-02-13,AWI.N,28.6943141474373
2026-02-13,AWK.N,23.4105384248478
2026-02-13,AWR.N,22.1936409247301
2026-02-13,AX.N,12.0672181762474
2026-02-13,AXON.OQ,136.277712582067
2026-02-13,AXP.N,21.9522760770275
2026-02-13,AXS.N,10.522194236503
2026-02-13,AXTA.N,16.3689905229636
2026-02-13,AYI.N,23.5107606943178
2026-02-13,AZO.N,26.8915163293668
2026-02-13,AZTA.OQ,45.7744226217132
2026-02-13,AZZ.N,13.1795716639209
2026-02-13,BA.N,109.5411139866
2026-02-13,BAC.N,13.773021651557
2026-02-13,BAH.N,11.7933400041333
2026-02-17,AS.N,72.2683946938556
2026-02-17,ASB.N,10.198625732473
2026-02-17,ASGN.N,15.8391282143831
2026-02-17,ASO.OQ,10.9363506951179
2026-02-17,ASTH.OQ,101.333895713608
2026-02-17,ATEN.N,34.9526066350711
2026-02-17,ATGE.N,14.0795696739119
2026-02-17,ATI.N,47.334586987585
2026-02-17,ATMU.N,25.5135350318471
2026-02-17,ATO.N,23.4140866440718
2026-02-17,ATR.N,24.0733093025113
2026-02-17,AU.N,23.303131666974
2026-02-17,AUB.N,21.9805998974348
2026-02-17,AUPH.OQ,25.5093855286379
2026-02-17,AVA.N,18.1412437528107
2026-02-17,AVB.N,21.7476198812297
2026-02-17,AVGO.OQ,69.8488715250428
2026-02-17,AVNT.N,34.9257098342165
2026-02-17,AVT.OQ,26.6388743283973
2026-02-17,AVY.N,22.1144756017233
2026-02-17,AWI.N,28.3991759052577
2026-02-17,AWK.N,23.4122920232317
2026-02-17,AWR.N,22.1906774261422
2026-02-17,AX.N,12.1019511233007
2026-02-17,AXON.OQ,136.997684671255
2026-02-17,AXP.N,22.4095338572393
2026-02-17,AXS.N,10.7804709727942
2026-02-17,AXTA.N,20.0859760232641
2026-02-17,AYI.N,23.9463446731389
2026-02-17,AZO.N,26.081876880298
2026-02-17,AZTA.OQ,45.80641033843
2026-02-17,AZZ.N,12.9399260011785
2026-02-17,BA.N,110.028043535109
2026-02-17,BAC.N,13.8228194463009
2026-02-17,BAH.N,11.3621664538057
2026-02-18,AS.N,74.1531888922795
2026-02-18,ASB.N,10.24197802039
2026-02-18,ASGN.N,16.5571686934351
2026-02-18,ASO.OQ,10.8027797396647
2026-02-18,ASTH.OQ,102.546528180524
2026-02-18,ATEN.N,34.7609422916086
2026-02-18,ATGE.N,14.3770979796061
2026-02-18,ATI.N,47.9216326319966
2026-02-18,ATMU.N,25.5732484076433
2026-02-18,ATO.N,23.1386879329898
2026-02-18,ATR.N,24.0852057490428
2026-02-18,AU.N,23.78161736947
2026-02-18,AUB.N,21.8005651998385
2026-02-18,AUPH.OQ,25.5093855286379
2026-02-18,AVA.N,17.8909319236676
2026-02-18,AVB.N,21.7978114047383
2026-02-18,AVGO.OQ,70.052616654589
2026-02-18,AVNT.N,48.551204244865
2026-02-18,AVT.OQ,26.7576333377015
2026-02-18,AVY.N,22.2305143131475
2026-02-18,AWI.N,28.1771058686663
2026-02-18,AWK.N,23.000196403019
2026-02-18,AWR.N,21.7520796351341
2026-02-18,AX.N,12.1180771344326
2026-02-18,AXON.OQ,136.42043832662
2026-02-18,AXP.N,22.5207587226962
2026-02-18,AXS.N,10.7494777644392
2026-02-18,AXTA.N,20.4422937667383
2026-02-18,AYI.N,24.1179616824624
2026-02-18,AZO.N,26.1002777768678
2026-02-18,AZTA.OQ,47.7096794830785
2026-02-18,AZZ.N,12.525479972671
2026-02-18,BA.N,107.724145393556
2026-02-18,BAC.N,13.9853175133602
2026-02-18,BAH.N,11.6401990534997
2026-02-19,AS.N,74.512197311027
2026-02-19,ASB.N,10.2383653297303
2026-02-19,ASGN.N,17.0832197395855
2026-02-19,ASO.OQ,10.8082689570121
2026-02-19,ASTH.OQ,104.23366900406
2026-02-19,ATEN.N,34.2904934485643
2026-02-19,ATGE.N,14.2504275128254
2026-02-19,ATI.N,49.2989320285008
2026-02-19,ATMU.N,25.8957006369427
2026-02-19,ATO.N,23.2491072275274
2026-02-19,ATR.N,24.3299326491177
2026-02-19,AU.N,23.6235853943337
2026-02-19,AUB.N,21.7787428122511
2026-02-19,AUPH.OQ,25.6698219156105
2026-02-19,AVA.N,17.8654764834158
2026-02-19,AVB.N,21.737826413228
2026-02-19,AVGO.OQ,70.1534389867356
2026-02-19,AVNT.N,47.6874235778468
2026-02-19,AVT.OQ,27.0401978770803
2026-02-19,AVY.N,22.0246024820908
2026-02-19,AWI.N,28.1513170902235
2026-02-19,AWK.N,23.0560094639162
2026-02-19,AWR.N,21.831038222143
2026-02-19,AX.N,12.0448898531417
2026-02-19,AXON.OQ,139.909289860129
2026-02-19,AXP.N,22.2872515490176
2026-02-19,AXS.N,10.5986441504452
2026-02-19,AXTA.N,19.8963230307698
2026-02-19,AYI.N,24.0163767262709
2026-02-19,AZO.N,26.1062023079603
2026-02-19,AZTA.OQ,47.4537777493443
2026-02-19,AZZ.N,12.7115577813887
2026-02-19,BA.N,105.370652575767
2026-02-19,BAC.N,13.8306822559974
2026-02-19,BAH.N,11.8855219355827
2026-02-20,AS.N,75.3199662532087
2026-02-20,ASB.N,10.3178445242448
2026-02-20,ASGN.N,17.375043677596
2026-02-20,ASO.OQ,10.755206522654
2026-02-20,ASTH.OQ,104.708177360679
2026-02-20,ATEN.N,34.8132143852802
2026-02-20,ATGE.N,14.2342254763767
2026-02-20,ATI.N,51.2439239163041
2026-02-20,ATMU.N,25.7563694267516
2026-02-20,ATO.N,23.5089173323218
2026-02-20,ATR.N,24.6511367054661
2026-02-20,AU.N,25.0766016101702
2026-02-20,AUB.N,22.1770013857216
2026-02-20,AUPH.OQ,25.6698219156105
2026-02-20,AVA.N,17.9588130976725
2026-02-20,AVB.N,21.7170152937245
2026-02-20,AVGO.OQ,69.8719766428264
2026-02-20,AVNT.N,47.7547311622898
2026-02-20,AVT.OQ,27.5684707115712
2026-02-20,AVY.N,22.4022971114324
2026-02-20,AWI.N,28.4994655992023
2026-02-20,AWK.N,22.7067291743821
2026-02-20,AWR.N,21.6706032651485
2026-02-20,AX.N,12.0721800258264
2026-02-20,AXON.OQ,137.622506264074
2026-02-20,AXP.N,22.5168560958381
2026-02-20,AXS.N,10.848656031175
2026-02-20,AXTA.N,19.8158641854691
2026-02-20,AYI.N,23.9186396850866
2026-02-20,AZO.N,26.127321518796
2026-02-20,AZTA.OQ,46.830017273367
2026-02-20,AZZ.N,12.6777254525309
2026-02-20,BA.N,104.613206611421
2026-02-20,BAC.N,13.9066894163961
2026-02-20,BAH.N,11.4796240761363
2026-02-23,AS.N,72.6812543754151
2026-02-23,ASB.N,9.82290590385908
2026-02-23,ASGN.N,15.7200947659841
2026-02-23,ASO.OQ,10.7753336529278
2026-02-23,ASTH.OQ,104.497284757737
2026-02-23,ATEN.N,33.0011151379983
2026-02-23,ATGE.N,14.5140788332177
2026-02-23,ATI.N,55.8397346674754
2026-02-23,ATMU.N,25.3144904458599
2026-02-23,ATO.N,23.6063461216197
2026-02-23,ATR.N,24.7650026936954
2026-02-23,AU.N,23.3371868978805
2026-02-23,AUB.N,21.2059051380812
2026-02-23,AUPH.OQ,26.4363513200349
2026-02-23,AVA.N,18.1115457391836
2026-02-23,AVB.N,21.5897002097026
2026-02-23,AVGO.OQ,69.386769169371
2026-02-23,AVNT.N,47.238706348227
2026-02-23,AVT.OQ,27.5479950203119
2026-02-23,AVY.N,22.3681680786606
2026-02-23,AWI.N,27.626945261885
2026-02-23,AWK.N,23.3298171280735
2026-02-23,AWR.N,21.8369802575872
2026-02-23,AX.N,11.2956505667052
2026-02-23,AXON.OQ,134.301753940816
2026-02-23,AXP.N,20.894664198472
2026-02-23,AXS.N,10.7804709727942
2026-02-23,AXTA.N,19.5687405891886
2026-02-23,AYI.N,23.1190429465794
2026-02-23,AZO.N,26.6901519725865
2026-02-23,AZTA.OQ,44.8307849785682
2026-02-23,AZZ.N,12.6335554676333
2026-02-23,BA.N,103.896338109451
2026-02-23,BAC.N,13.3851230398671
2026-02-23,BAH.N,11.0410164990789
2026-02-06,BILL.N,444.262890341322
2026-02-09,BE.N,2121.83782305483
2026-02-12,BALL.N,25.9817131107961
2026-02-12,BAM.N,34.1004513487981
2026-02-12,BANC.N,17.2686336332487
2026-02-12,BANF.OQ,16.3034001743679
2026-02-12,BANR.OQ,11.3208048931832
2026-02-12,BBT.N,13.6291418116524
2026-02-12,BBW.N,11.2952429958926
2026-02-12,BBWI.N,6.98557048825654
2026-02-12,BBY.N,21.4058498983659
2026-02-12,BCC.N,17.416344782711
2026-02-12,BCO.N,32.8863232229565
2026-02-12,BCPC.OQ,38.9209541812313
2026-02-12,BDC.N,26.8037135514077
2026-02-12,BDX.N,29.0666501016785
2026-02-12,BELFB.OQ,41.0467662386275
2026-02-12,BEN.N,24.9286831692279
2026-02-12,BFAM.N,23.5613551162376
2026-02-12,BFH.N,7.29721379109794
2026-02-12,BFb.N,17.9033208996609
2026-02-12,BG.N,13.0857777352597
2026-02-12,BGC.OQ,28.8473217539172
2026-02-12,BHE.N,85.1821059233653
2026-02-12,BHF.OQ,4.4228763947864
2026-02-12,BIIB.OQ,22.200973890292
2026-02-12,BIRK.N,17.7589082392698
2026-02-12,BJ.N,23.1736572483356
2026-02-12,BJRI.OQ,30.1746718354762
2026-02-12,BK.N,15.4998920902126
2026-02-12,BKE.N,12.9272879949322
2026-02-12,BKH.N,18.3910067198392
2026-02-12,BKNG.OQ,27.0319332463141
2026-02-12,BKR.OQ,23.5664902091003
2026-02-12,BKU.N,13.6713001743225
2026-02-13,BALL.N,26.2036791850341
2026-02-13,BAM.N,34.5399916028131
2026-02-13,BANC.N,17.0891970640759
2026-02-13,BANF.OQ,16.548077734342
2026-02-13,BANR.OQ,11.3819696835387
2026-02-13,BBT.N,13.5846449015702
2026-02-13,BBW.N,11.5180696321752
2026-02-13,BBWI.N,7.35532290692629
2026-02-13,BBY.N,21.7127319764526
2026-02-13,BCC.N,17.1078108528788
2026-02-13,BCO.N,33.2939312263396
2026-02-13,BCPC.OQ,39.6500984618893
2026-02-13,BDC.N,26.5745916212419
2026-02-13,BDX.N,28.7527871682371
2026-02-13,BELFB.OQ,41.7488513538412
2026-02-13,BEN.N,24.8734701389528
2026-02-13,BFAM.N,19.9198442143125
2026-02-13,BFH.N,7.30731094592166
2026-02-13,BFb.N,17.4830277451856
2026-02-13,BG.N,13.1706944792293
2026-02-13,BGC.OQ,27.9667193003765
2026-02-13,BHE.N,86.392742017824
2026-02-13,BHF.OQ,4.40562379533724
2026-02-13,BIIB.OQ,22.3168050584152
2026-02-13,BIRK.N,16.4566217529122
2026-02-13,BJ.N,23.6852475336509
2026-02-13,BJRI.OQ,30.3393153821975
2026-02-13,BK.N,15.8816229632028
2026-02-13,BKE.N,13.1237140233452
2026-02-13,BKH.N,18.6020222319915
2026-02-13,BKNG.OQ,26.9116931066068
2026-02-13,BKR.OQ,23.4935527088604
2026-02-13,BKU.N,13.7901564374816
2026-02-17,BALL.N,25.9155127026901
2026-02-17,BAM.N,34.2054161855778
2026-02-17,BANC.N,17.1746430493963
2026-02-17,BANF.OQ,16.4285513401018
2026-02-17,BANR.OQ,11.4067901781757
2026-02-17,BBT.N,13.6631688605388
2026-02-17,BBW.N,11.7707596320834
2026-02-17,BBWI.N,7.53867121370468
2026-02-17,BBY.N,21.8117261951902
2026-02-17,BCC.N,17.0227662440147
2026-02-17,BCO.N,33.0722943745
2026-02-17,BCPC.OQ,39.3628265798857
2026-02-17,BDC.N,26.0080032823049
2026-02-17,BDX.N,28.9963578822099
2026-02-17,BELFB.OQ,41.9001293620917
2026-02-17,BEN.N,25.2967700377289
2026-02-17,BFAM.N,20.229509953967
2026-02-17,BFH.N,6.70246935974744
2026-02-17,BFb.N,17.0802468054802
2026-02-17,BG.N,13.1008262721657
2026-02-17,BGC.OQ,28.9991497631483
2026-02-17,BHE.N,84.6861827039484
2026-02-17,BHF.OQ,4.41045452318301
2026-02-17,BIIB.OQ,22.2146010865418
2026-02-17,BIO.N,9.49164711408141
2026-02-17,BIRK.N,17.0639934641164
2026-02-17,BJ.N,22.9155576449333
2026-02-17,BJRI.OQ,31.5591743874512
2026-02-17,BK.N,16.0246034315312
2026-02-17,BKE.N,13.2268376882621
2026-02-17,BKH.N,18.481441939333
2026-02-17,BKNG.OQ,26.9087683464518
2026-02-17,BKR.OQ,22.9791513913788
2026-02-17,BKU.N,13.9090127006407
2026-02-18,BALL.N,25.822053303011
2026-02-18,BAM.N,34.3300619292537
2026-02-18,BANC.N,17.0721078670119
2026-02-18,BANF.OQ,16.3779283966589
2026-02-18,BANR.OQ,11.3872883609609
2026-02-18,BBT.N,13.7914246601876
2026-02-18,BBW.N,12.172766450119
2026-02-18,BBWI.N,7.30643002511872
2026-02-18,BBY.N,22.0790105857818
2026-02-18,BCC.N,16.9298105087448
2026-02-18,BCO.N,33.0722943745
2026-02-18,BCPC.OQ,38.924243553926
2026-02-18,BDC.N,24.8193900110117
2026-02-18,BDX.N,29.8627503547305
2026-02-18,BELFB.OQ,42.478424993736
2026-02-18,BEN.N,25.6832612496549
2026-02-18,BFAM.N,21.1019336243397
2026-02-18,BFH.N,6.81881895087482
2026-02-18,BFb.N,17.1736452842524
2026-02-18,BG.N,13.0890024217395
2026-02-18,BGC.OQ,29.2117089760719
2026-02-18,BHE.N,83.6214063799064
2026-02-18,BHF.OQ,4.41528525102877
2026-02-18,BIIB.OQ,22.0453967331068
2026-02-18,BIO.N,9.69729409416983
2026-02-18,BIRK.N,17.4041268805386
2026-02-18,BJ.N,22.8072479899341
2026-02-18,BJRI.OQ,31.9632994566763
2026-02-18,BK.N,16.117675623179
2026-02-18,BKE.N,13.0770628415971
2026-02-18,BKH.N,18.3558374678138
2026-02-18,BKNG.OQ,27.752659143187
2026-02-18,BKR.OQ,23.6240724461318
2026-02-18,BKU.N,13.8750537683095
2026-02-19,BALL.N,25.7130173367186
2026-02-19,BAM.N,32.8474336097407
2026-02-19,BANC.N,16.9268496919672
2026-02-19,BANF.OQ,16.1894985516213
2026-02-19,BANR.OQ,11.3429660491091
2026-02-19,BBT.N,13.5532353179828
2026-02-19,BBW.N,12.1819551773884
2026-02-19,BBWI.N,7.3767135427171
2026-02-19,BBY.N,21.8777223410153
2026-02-19,BCC.N,16.6885211533631
2026-02-19,BCO.N,33.0901272246481
2026-02-19,BCPC.OQ,38.3760147714763
2026-02-19,BDC.N,24.4624833598617
2026-02-19,BDX.N,29.8284215963853
2026-02-19,BELFB.OQ,44.0824306950417
2026-02-19,BEN.N,25.0667157449158
2026-02-19,BFAM.N,21.1585071729304
2026-02-19,BFH.N,6.87195498461804
2026-02-19,BFb.N,17.1736452842524
2026-02-19,BG.N,13.2738844465847
2026-02-19,BGC.OQ,29.484999392688
2026-02-19,BHE.N,83.6214063799064
2026-02-19,BHF.OQ,4.39458213168978
2026-02-19,BIIB.OQ,21.8125987971728
2026-02-19,BIO.N,9.74136130418878
2026-02-19,BIRK.N,16.8478480652411
2026-02-19,BJ.N,22.8579461263167
2026-02-19,BJRI.OQ,31.3720794479951
2026-02-19,BK.N,15.9382756015971
2026-02-19,BKE.N,13.1482672768969
2026-02-19,BKH.N,18.3608616466746
2026-02-19,BKNG.OQ,24.1228648364723
2026-02-19,BKR.OQ,24.0156316579462
2026-02-19,BKU.N,13.8637341241991
2026-02-20,BALL.N,20.084892103706
2026-02-20,BAM.N,33.1688884223785
2026-02-20,BANC.N,17.1490092538002
2026-02-20,BANF.OQ,16.4187079899879
2026-02-20,BANR.OQ,11.4067901781757
2026-02-20,BBT.N,13.6945784441263
2026-02-20,BBW.N,12.0670960865211
2026-02-20,BBWI.N,7.45005286542845
2026-02-20,BBY.N,21.277157414007
2026-02-20,BCC.N,16.2435202930281
2026-02-20,BCO.N,33.2455277759379
2026-02-20,BCPC.OQ,37.5646361734508
2026-02-20,BDC.N,24.6603889436747
2026-02-20,BDX.N,30.3057548076609
2026-02-20,BELFB.OQ,44.3637991727356
2026-02-20,BEN.N,25.4624091285543
2026-02-20,BFAM.N,21.5426117923096
2026-02-20,BFH.N,6.93791695754065
2026-02-20,BFb.N,17.5063773648787
2026-02-20,BG.N,22.450831849805
2026-02-20,BGC.OQ,29.1509777723795
2026-02-20,BHE.N,85.1529339692819
2026-02-20,BHF.OQ,4.41183473113894
2026-02-20,BIIB.OQ,21.8069207987354
2026-02-20,BIO.N,9.71986510417954
2026-02-20,BIRK.N,17.032316803894
2026-02-20,BJ.N,22.2034792748323
2026-02-20,BJRI.OQ,30.8332460223616
2026-02-20,BK.N,15.9423222186252
2026-02-20,BKE.N,13.2440249657482
2026-02-20,BKH.N,18.4261759718646
2026-02-20,BKNG.OQ,24.5402573049401
2026-02-20,BKR.OQ,23.8812731048726
2026-02-20,BKU.N,14.1693645151796
2026-02-23,BALL.N,20.2690463827269
2026-02-23,BAM.N,31.4369686155138
2026-02-23,BANC.N,16.2860048020644
2026-02-23,BANF.OQ,15.553899372838
2026-02-23,BANR.OQ,10.7082705433915
2026-02-23,BBT.N,13.1108836824596
2026-02-23,BBW.N,11.2883514504406
2026-02-23,BBWI.N,6.88167311441546
2026-02-23,BBY.N,20.693091523455
2026-02-23,BCC.N,15.9290530183914
2026-02-23,BCO.N,32.4838103196156
2026-02-23,BCPC.OQ,36.9796578202883
2026-02-23,BDC.N,24.5081538792032
2026-02-23,BDX.N,30.1341110159351
2026-02-23,BELFB.OQ,44.2795940078783
2026-02-23,BEN.N,24.9102788258029
2026-02-23,BFAM.N,21.2627216045449
2026-02-23,BFH.N,6.48992522477459
2026-02-23,BFb.N,17.6289628682673
2026-02-23,BG.N,22.3348496926473
2026-02-23,BGC.OQ,28.5133001336086
2026-02-23,BHE.N,84.3069473008649
2026-02-23,BHF.OQ,4.31591027820161
2026-02-23,BIIB.OQ,22.2963642640406
2026-02-23,BIO.N,9.61059275413255
2026-02-23,BIRK.N,16.1312433880607
2026-02-23,BJ.N,22.8072479899341
2026-02-23,BJRI.OQ,30.4665399410277
2026-02-23,BK.N,15.584871047804
2026-02-23,BKE.N,13.0034030809423
2026-02-23,BKH.N,18.4588331344596
2026-02-23,BKNG.OQ,23.3004800795923
2026-02-23,BKR.OQ,24.4417402119794
2026-02-23,BKU.N,13.6373412419914
2026-02-05,BLSH.N,47.220799908972
2026-02-12,BKV.N,57.0828126774963
2026-02-12,BL.OQ,101.724001372865
2026-02-12,BLBD.OQ,14.0677241760728
2026-02-12,BLD.N,27.2797749506143
2026-02-12,BLDR.N,22.9410690229924
2026-02-12,BLK.N,30.4597192049189
2026-02-12,BLMN.OQ,31.5010467890355
2026-02-12,BMI.N,33.7579088466137
2026-02-12,BMRN.OQ,22.4639935238938
2026-02-12,BMY.N,17.3042789498332
2026-02-12,BNL.N,41.2169210789636
2026-02-12,BOH.N,16.5640777370496
2026-02-12,BOKF.OQ,15.9520628365521
2026-02-12,BOOT.N,26.0879810146822
2026-02-12,BORR.N,20.9691562774029
2026-02-12,BOX.N,18.3928816321262
2026-02-12,BPOP.OQ,11.5206120522951
2026-02-12,BR.N,18.8691567267929
2026-02-12,BRBR.N,12.0222978827928
2026-02-12,BRKb.N,15.9785645661191
2026-02-12,BRO.N,20.9144861317074
2026-02-12,BROS.N,101.99494239955
2026-02-12,BRSL.N,141.583639223912
2026-02-12,BRX.N,23.1594908423447
2026-02-12,BSX.N,39.6558734778608
2026-02-12,BSY.OQ,41.1875543530776
2026-02-12,BTBT.OQ,4.32075231922735
2026-02-12,BTSG.OQ,110.345431716647
2026-02-12,BUR.N,24.0968231039979
2026-02-12,BURL.N,33.8254090715429
2026-02-12,BUSE.OQ,20.5249225657706
2026-02-12,BWA.N,54.2459366492232
2026-02-12,BWXT.N,58.8893275430978
2026-02-12,BX.N,33.5544959973523
2026-02-12,BXMT.N,30.7282995970314
2026-02-12,BXP.N,33.9676022564563
2026-02-12,BYD.N,3.59284107723144
2026-02-12,C.N,15.6249780350624
2026-02-12,CACC.OQ,12.8454903098815
2026-02-12,CACI.N,24.0337317335676
2026-02-13,BKV.N,57.840130258624
2026-02-13,BL.OQ,101.935211341975
2026-02-13,BLBD.OQ,14.4774881218734
2026-02-13,BLD.N,27.9687120024816
2026-02-13,BLDR.N,21.8298818031676
2026-02-13,BLK.N,30.9179293173391
2026-02-13,BLMN.OQ,30.4299138224841
2026-02-13,BMI.N,33.005649404479
2026-02-13,BMRN.OQ,22.4377592972225
2026-02-13,BMY.N,17.5586686169875
2026-02-13,BNL.N,41.8130335739073
2026-02-13,BOH.N,16.901237983263
2026-02-13,BOKF.OQ,15.9830238423561
2026-02-13,BOOT.N,26.3670943599468
2026-02-13,BORR.N,21.5029166190095
2026-02-13,BOX.N,18.7074967126758
2026-02-13,BPOP.OQ,11.5741698740499
2026-02-13,BR.N,19.2266822516802
2026-02-13,BRBR.N,12.1928753215385
2026-02-13,BRKb.N,16.0187484581348
2026-02-13,BRO.N,20.312143083874
2026-02-13,BROS.N,106.771565046361
2026-02-13,BRSL.N,141.059255374934
2026-02-13,BRX.N,23.3749650851921
2026-02-13,BSX.N,39.982237250412
2026-02-13,BSY.OQ,41.1875543530776
2026-02-13,BTBT.OQ,4.47324945990596
2026-02-13,BTDR.OQ,163.742690058479
2026-02-13,BTSG.OQ,113.469792974567
2026-02-13,BUR.N,24.3051264758183
2026-02-13,BURL.N,34.818004905404
2026-02-13,BUSE.OQ,20.610313695961
2026-02-13,BWA.N,51.1892535172234
2026-02-13,BWXT.N,59.9361159961239
2026-02-13,BX.N,33.5777672051797
2026-02-13,BXMT.N,30.4015683101769
2026-02-13,BXP.N,35.3591986245047
2026-02-13,BYD.N,3.58497066961428
2026-02-13,C.N,15.5842111108143
2026-02-13,CACC.OQ,12.8147759413292
2026-02-13,CACI.N,24.5436121107506
2026-02-17,BKV.N,56.7230868264607
2026-02-17,BL.OQ,98.5822530823455
2026-02-17,BLBD.OQ,15.080821539003
2026-02-17,BLD.N,27.6722203014569
2026-02-17,BLDR.N,21.810854624746
2026-02-17,BLK.N,30.951400584997
2026-02-17,BLMN.OQ,31.3549832026876
2026-02-17,BMI.N,33.9241304797199
2026-02-17,BMRN.OQ,22.4677412705611
2026-02-17,BMY.N,17.4459277417714
2026-02-17,BNL.N,42.2601179451151
2026-02-17,BOH.N,17.0806245245176
2026-02-17,BOKF.OQ,15.9044305199306
2026-02-17,BOOT.N,27.7051553216676
2026-02-17,BORR.N,20.7022761065996
2026-02-17,BOX.N,18.2960769919571
2026-02-17,BPOP.OQ,11.7583763216001
2026-02-17,BR.N,19.2742785289872
2026-02-17,BRBR.N,12.3361603700848
2026-02-17,BRKb.N,16.0930413008098
2026-02-17,BRO.N,20.4189398052146
2026-02-17,BROS.N,83.9571522535785
2026-02-17,BRSL.N,140.744625065548
2026-02-17,BRX.N,23.6303419656039
2026-02-17,BSX.N,40.8168724720183
2026-02-17,BSY.OQ,40.1971204947338
2026-02-17,BTBT.OQ,4.34616850934045
2026-02-17,BTDR.OQ,153.996101364522
2026-02-17,BTSG.OQ,112.301807457587
2026-02-17,BUR.N,24.9511760794614
2026-02-17,BURL.N,36.0305378671856
2026-02-17,BUSE.OQ,20.6025508659437
2026-02-17,BWA.N,50.9528700216821
2026-02-17,BWXT.N,60.1424828625776
2026-02-17,BX.N,33.9733777382454
2026-02-17,BXMT.N,30.5882719026652
2026-02-17,BXP.N,34.8819155726534
2026-02-17,BYD.N,3.63875178833151
2026-02-17,C.N,15.9946918653117
2026-02-17,CACC.OQ,13.4567673687632
2026-02-17,CACI.N,24.1681586340172
2026-02-18,BKV.N,56.7609527055171
2026-02-18,BL.OQ,98.0278269134303
2026-02-18,BLBD.OQ,15.395057693758
2026-02-18,BLD.N,27.065021543879
2026-02-18,BLDR.N,29.2539598149732
2026-02-18,BLK.N,31.5166610448402
2026-02-18,BLMN.OQ,33.2538098252106
2026-02-18,BMI.N,33.0278293910103
2026-02-18,BMRN.OQ,23.1723176440165
2026-02-18,BMY.N,17.2666986580945
2026-02-18,BNL.N,41.5362670583977
2026-02-18,BOH.N,17.0871083754063
2026-02-18,BOKF.OQ,15.8865684011975
2026-02-18,BOOT.N,27.5943515313364
2026-02-18,BORR.N,22.0366769606161
2026-02-18,BOX.N,18.3767475254314
2026-02-18,BPOP.OQ,11.8379015720844
2026-02-18,BR.N,19.7159277067892
2026-02-18,BRBR.N,12.6363766622771
2026-02-18,BRKb.N,15.9448823983702
2026-02-18,BRO.N,20.6740653061951
2026-02-18,BROS.N,83.6595984589845
2026-02-18,BRSL.N,142.422653382276
2026-02-18,BRX.N,23.3430429751407
2026-02-18,BSX.N,39.3376342755182
2026-02-18,BSY.OQ,41.3566528166973
2026-02-18,BTBT.OQ,4.14283898843563
2026-02-18,BTDR.OQ,156.107862248213
2026-02-18,BTSG.OQ,120.156510059275
2026-02-18,BUR.N,25.1606909176571
2026-02-18,BURL.N,35.8267217852907
2026-02-18,BUSE.OQ,20.4240057755455
2026-02-18,BWA.N,50.3089287752074
2026-02-18,BWXT.N,60.489418464152
2026-02-18,BX.N,34.3638168917941
2026-02-18,BXMT.N,30.3548924120548
2026-02-18,BXP.N,35.3937010137952
2026-02-18,BYD.N,3.70565025307733
2026-02-18,C.N,16.3447251114413
2026-02-18,CACC.OQ,13.8440164134439
2026-02-18,CACI.N,24.2734739764076
2026-02-19,BKV.N,58.9950395698436
2026-02-19,BL.OQ,97.7110119597645
2026-02-19,BLBD.OQ,15.2140576686191
2026-02-19,BLD.N,26.5309303290195
2026-02-19,BLDR.N,28.6169991447262
2026-02-19,BLK.N,31.1998381837336
2026-02-19,BLKB.OQ,20.7152037499055
2026-02-19,BLMN.OQ,32.3287404450071
2026-02-19,BMI.N,33.7982003799662
2026-02-19,BMRN.OQ,23.7682093641198
2026-02-19,BMY.N,17.4314737834103
2026-02-19,BNL.N,39.7905090374912
2026-02-19,BOH.N,17.0741406736289
2026-02-19,BOKF.OQ,14.527526240079
2026-02-19,BOOT.N,27.6153902257031
2026-02-19,BORR.N,22.837317473026
2026-02-19,BOX.N,18.3283452053468
2026-02-19,BPOP.OQ,11.6731706960813
2026-02-19,BR.N,19.5045116843326
2026-02-19,BRBR.N,12.9502391495691
2026-02-19,BRKb.N,15.9052312388684
2026-02-19,BRO.N,20.5939677651896
2026-02-19,BROS.N,77.8807905534501
2026-02-19,BRSL.N,142.632406921867
2026-02-19,BRX.N,23.4068871952436
2026-02-19,BSX.N,39.0488419945232
2026-02-19,BSY.OQ,41.2721035848874
2026-02-19,BTBT.OQ,4.26991993900114
2026-02-19,BTDR.OQ,128.979857050032
2026-02-19,BTSG.OQ,119.134522731918
2026-02-19,BUR.N,25.0019588729875
2026-02-19,BURL.N,36.0190228343102
2026-02-19,BUSE.OQ,20.3463774753724
2026-02-19,BWA.N,49.1596159175755
2026-02-19,BWXT.N,62.5291605354772
2026-02-19,BX.N,32.5176344041537
2026-02-19,BXMT.N,29.9970438597856
2026-02-19,BXP.N,35.7789776942053
2026-02-19,BYD.N,3.71920484397354
2026-02-19,C.N,16.2435106788255
2026-02-19,CACC.OQ,13.3003888648646
2026-02-19,CACI.N,25.309931065543
2026-02-20,BKV.N,59.4872959975766
2026-02-20,BL.OQ,95.4405047918262
2026-02-20,BLBD.OQ,15.3347243520451
2026-02-20,BLD.N,26.3451153246102
2026-02-20,BLDR.N,28.3935492321799
2026-02-20,BLK.N,31.5564803115367
2026-02-20,BLKB.OQ,20.6354006535454
2026-02-20,BLMN.OQ,31.5010467890355
2026-02-20,BMI.N,33.2720933631182
2026-02-20,BMRN.OQ,24.0155606441627
2026-02-20,BMY.N,17.5355422836098
2026-02-20,BNL.N,37.3061726924375
2026-02-20,BOH.N,17.3053980219932
2026-02-20,BOKF.OQ,14.5906373569935
2026-02-20,BOOT.N,28.0179305779189
2026-02-20,BORR.N,38.6062808201402
2026-02-20,BOX.N,18.4493510055582
2026-02-20,BPOP.OQ,11.9742305729145
2026-02-20,BR.N,19.5941697880969
2026-02-20,BRBR.N,12.9911777348681
2026-02-20,BRKb.N,15.9137585831223
2026-02-20,BRO.N,20.6443995502671
2026-02-20,BROS.N,76.4400037585742
2026-02-20,BRSL.N,141.16413214473
2026-02-20,BRX.N,23.6702446031683
2026-02-20,BSX.N,38.460943422498
2026-02-20,BSY.OQ,40.8735143492125
2026-02-20,BTBT.OQ,4.16825517854874
2026-02-20,BTDR.OQ,126.380766731644
2026-02-20,BTSG.OQ,119.893713317955
2026-02-20,BUR.N,24.8122027798008
2026-02-20,BURL.N,36.3045956496206
2026-02-20,BUSE.OQ,20.5171597357533
2026-02-20,BWA.N,48.0266053699809
2026-02-20,BWXT.N,61.7425737836318
2026-02-20,BX.N,31.3566597025422
2026-02-20,BXMT.N,30.3704510447622
2026-02-20,BXP.N,35.0084243333851
2026-02-20,BYD.N,3.76905075888219
2026-02-20,C.N,16.3067696992104
2026-02-20,CACC.OQ,13.5657667462618
2026-02-20,CACI.N,25.0885976020638
2026-02-23,BKV.N,56.2308303987277
2026-02-23,BL.OQ,85.9360561818518
2026-02-23,BLBD.OQ,15.2291410040474
2026-02-23,BLD.N,25.6790243798424
2026-02-23,BLDR.N,27.5536857677816
2026-02-23,BLK.N,30.9035020467969
2026-02-23,BLKB.OQ,19.434154045177
2026-02-23,BLMN.OQ,29.8943473392083
2026-02-23,BMI.N,32.6102841395436
2026-02-23,BMRN.OQ,23.580822030754
2026-02-23,BMY.N,17.70609899227
2026-02-23,BNL.N,37.6635495463299
2026-02-23,BOH.N,16.5813680060862
2026-02-23,BOKF.OQ,14.0792196854455
2026-02-23,BOOT.N,27.2941994917051
2026-02-23,BORR.N,37.6330132364391
2026-02-23,BOX.N,17.6023104040787
2026-02-23,BPOP.OQ,11.4654312662449
2026-02-23,BR.N,19.451380956176
2026-02-23,BRBR.N,12.2406370043872
2026-02-23,BRKb.N,15.7794560555025
2026-02-23,BRO.N,20.5168367997769
2026-02-23,BROS.N,74.0439126757917
2026-02-23,BRSL.N,136.864184583115
2026-02-23,BRX.N,23.7739914608356
2026-02-23,BSX.N,38.3526463171249
2026-02-23,BSY.OQ,38.8926466325249
2026-02-23,BTBT.OQ,4.21908755877494
2026-02-23,BTDR.OQ,130.279402209227
2026-02-23,BTSG.OQ,116.769352060034
2026-02-23,BUR.N,24.0444552957564
2026-02-23,BURL.N,35.8555093674792
2026-02-23,BUSE.OQ,19.7020625839356
2026-02-23,BWA.N,47.415268743581
2026-02-23,BWXT.N,59.3319695175202
2026-02-23,BX.N,29.4018782450407
2026-02-23,BXMT.N,29.8103402672973
2026-02-23,BXP.N,34.2838741582855
2026-02-23,BYD.N,3.67713505358055
2026-02-23,C.N,15.8888198659744
2026-02-23,CACC.OQ,13.4165088047123
2026-02-23,CACI.N,24.4447184355791
2026-02-12,CAH.N,30.9309784406507
2026-02-12,CAKE.OQ,17.8224917477217
2026-02-12,CALM.OQ,3.50998559475928
2026-02-12,CARG.OQ,21.7995989391293
2026-02-12,CARR.N,38.6701151343234
2026-02-12,CART.OQ,18.3284902154314
2026-02-12,CASH.OQ,10.7469959280434
2026-02-12,CASY.OQ,40.8299322740233
2026-02-12,CAT.N,38.9076967755905
2026-02-12,CATY.OQ,11.6204343577509
2026-02-12,CAVA.N,54.821556308228
2026-02-12,CB.N,12.9272975101802
2026-02-12,CBOE.Z,29.0558148674288
2026-02-12,CBRE.N,33.6615174853157
2026-02-12,CBRL.OQ,41.6223994405519
2026-02-12,CBSH.OQ,13.5280977838014
2026-02-12,CBT.N,13.4619707229356
2026-02-12,CBU.N,17.0379233693157
2026-02-12,CBZ.N,18.4487035245972
2026-02-12,CCB.OQ,27.4525277435265
2026-02-12,CCI.N,34.7484388726643
2026-02-12,CCK.N,17.3151277969053
2026-02-12,CCL.N,16.1719184062227
2026-02-12,CCS.N,14.8736664102005
2026-02-12,CDE.N,30.6934611494657
2026-02-12,CDNA.OQ,23.7110970416993
2026-02-12,CDNS.OQ,74.4027497509845
2026-02-12,CDP.N,24.0422101270997
2026-02-12,CDW.OQ,16.037966087978
2026-02-12,CECO.OQ,53.0684619895022
2026-02-12,CEG.OQ,31.6514171609096
2026-02-12,CELH.OQ,443.545163868905
2026-02-12,CENX.OQ,60.2789569436022
2026-02-12,CERT.OQ,98.7416728349371
2026-02-12,CF.N,11.3509923077016
2026-02-12,CFG.N,18.1733509886213
2026-02-12,CFR.N,14.5344263485519
2026-02-13,CAH.N,31.7550949963325
2026-02-13,CAKE.OQ,17.8164183138326
2026-02-13,CALM.OQ,3.51968751384105
2026-02-13,CARG.OQ,22.1068633158678
2026-02-13,CARR.N,38.9740411432385
2026-02-13,CART.OQ,22.8827181895546
2026-02-13,CASH.OQ,11.2508184072881
2026-02-13,CASY.OQ,40.9517061878369
2026-02-13,CAT.N,39.724035453009
2026-02-13,CATY.OQ,11.7370788692965
2026-02-13,CAVA.N,54.7267540571054
2026-02-13,CB.N,12.633380427455
2026-02-13,CBOE.Z,29.5400784485526
2026-02-13,CBRE.N,36.953462163664
2026-02-13,CBRL.OQ,42.227571645665
2026-02-13,CBSH.OQ,13.4528022488266
2026-02-13,CBT.N,13.3794358124245
2026-02-13,CBU.N,17.1075501183655
2026-02-13,CBZ.N,18.3171150543789
2026-02-13,CCB.OQ,27.4459515002055
2026-02-13,CCI.N,35.765447048302
2026-02-13,CCK.N,17.3778694503047
2026-02-13,CCL.N,15.7601793793158
2026-02-13,CCS.N,15.3961990890651
2026-02-13,CDE.N,32.8628175248816
2026-02-13,CDNA.OQ,24.3690489491391
2026-02-13,CDNS.OQ,77.2748151091798
2026-02-13,CDP.N,23.875670888184
2026-02-13,CDW.OQ,16.0417596619167
2026-02-13,CECO.OQ,55.908387671049
2026-02-13,CEG.OQ,33.0625027224437
2026-02-13,CELH.OQ,446.442845723421
2026-02-13,CENX.OQ,55.8399029714979
2026-02-13,CERT.OQ,98.0014803849001
2026-02-13,CF.N,11.4112673305759
2026-02-13,CFG.N,16.8373245465432
2026-02-13,CFR.N,14.5717432436249
2026-02-17,CAH.N,32.4440161659164
2026-02-17,CAKE.OQ,18.997701205273
2026-02-17,CALM.OQ,3.42646472614224
2026-02-17,CARG.OQ,22.4222135972573
2026-02-17,CARR.N,39.587852494577
2026-02-17,CART.OQ,23.147476912409
2026-02-17,CASH.OQ,11.3627789582314
2026-02-17,CASY.OQ,40.6854026288405
2026-02-17,CAT.N,40.6213781183372
2026-02-17,CATY.OQ,11.8405183417992
2026-02-17,CAVA.N,54.5630047142574
2026-02-17,CB.N,12.903193199163
2026-02-17,CBOE.Z,30.5161218969818
2026-02-17,CBRE.N,36.6756165834861
2026-02-17,CBRL.OQ,42.7923990371038
2026-02-17,CBSH.OQ,13.3047210300429
2026-02-17,CBT.N,13.1388553285943
2026-02-17,CBU.N,16.9321938614995
2026-02-17,CBZ.N,18.4355446775754
2026-02-17,CCB.OQ,28.1693382655158
2026-02-17,CCI.N,36.3511171261011
2026-02-17,CCK.N,17.3041480075604
2026-02-17,CCL.N,16.2116040955631
2026-02-17,CCS.N,15.1061317358371
2026-02-17,CDE.N,31.9686909106899
2026-02-17,CDNA.OQ,24.1331793974154
2026-02-17,CDNS.OQ,73.1460598772728
2026-02-17,CDP.N,24.0270701962892
2026-02-17,CDW.OQ,15.8248936850904
2026-02-17,CECO.OQ,55.760033344401
2026-02-17,CEG.OQ,34.7337965881762
2026-02-17,CELH.OQ,438.749000799361
2026-02-17,CENX.OQ,59.2965433596119
2026-02-17,CERT.OQ,96.3730569948187
2026-02-17,CF.N,11.3063887907745
2026-02-17,CFG.N,16.6536916674641
2026-02-17,CFR.N,14.5445119958689
2026-02-18,CAH.N,32.3591594874081
2026-02-18,CAKE.OQ,19.4562454639041
2026-02-18,CALM.OQ,3.46906880558831
2026-02-18,CARG.OQ,22.883110162365
2026-02-18,CARR.N,38.3363924578675
2026-02-18,CART.OQ,22.8890219686702
2026-02-18,CASH.OQ,11.3360057830058
2026-02-18,CASY.OQ,40.4486200186474
2026-02-18,CAT.N,39.9420180234924
2026-02-18,CATY.OQ,11.7788948262657
2026-02-18,CAVA.N,58.3723315320906
2026-02-18,CB.N,12.802110604575
2026-02-18,CBOE.Z,30.6438987620677
2026-02-18,CBRE.N,39.4722491989219
2026-02-18,CBRL.OQ,44.3120536854987
2026-02-18,CBSH.OQ,13.3423687975303
2026-02-18,CBT.N,13.23192661066
2026-02-18,CBU.N,16.4834881454013
2026-02-18,CBZ.N,19.6527380270941
2026-02-18,CCB.OQ,27.9819153308672
2026-02-18,CCI.N,34.598064122959
2026-02-18,CCK.N,17.8939195495149
2026-02-18,CCL.N,16.1421541392174
2026-02-18,CCS.N,15.0649874304147
2026-02-18,CDE.N,33.1120003517875
2026-02-18,CDNA.OQ,24.7414745571239
2026-02-18,CDNS.OQ,78.7069770802475
2026-02-18,CDP.N,23.8529609919683
2026-02-18,CDW.OQ,15.7167768278388
2026-02-18,CECO.OQ,55.3926797736537
2026-02-18,CEG.OQ,33.7067188764504
2026-02-18,CELH.OQ,433.952837729816
2026-02-18,CENX.OQ,60.9096422073984
2026-02-18,CERT.OQ,96.6691339748335
2026-02-18,CF.N,11.5511053836445
2026-02-18,CFG.N,16.8218062750717
2026-02-18,CFR.N,14.5596404668445
2026-02-19,CAH.N,32.0384300076227
2026-02-19,CAKE.OQ,20.4038938029955
2026-02-19,CALM.OQ,3.52559302980387
2026-02-19,CARG.OQ,23.6108415809561
2026-02-19,CARR.N,37.4961264332197
2026-02-19,CART.OQ,22.4193904245595
2026-02-19,CASH.OQ,11.5027296469105
2026-02-19,CASY.OQ,40.7825757519847
2026-02-19,CAT.N,40.3966953035449
2026-02-19,CATY.OQ,11.7128696310512
2026-02-19,CAVA.N,58.9842369711542
2026-02-19,CB.N,12.7970564748456
2026-02-19,CBOE.Z,30.7276516652332
2026-02-19,CBRE.N,38.7399832773314
2026-02-19,CBRL.OQ,44.1506744308019
2026-02-19,CBSH.OQ,13.4728810581533
2026-02-19,CBT.N,13.1546598859262
2026-02-19,CBU.N,16.6872108555838
2026-02-19,CBZ.N,19.659317450605
2026-02-19,CCB.OQ,27.6103575832306
2026-02-19,CCI.N,34.2181700184407
2026-02-19,CCK.N,17.8343149787855
2026-02-19,CCL.N,15.6510437336297
2026-02-19,CCS.N,14.7420046328488
2026-02-19,CDE.N,26.1686715538057
2026-02-19,CDNA.OQ,24.6669894355269
2026-02-19,CDNS.OQ,76.5342196394564
2026-02-19,CDP.N,24.0195002308839
2026-02-19,CDW.OQ,15.7016025320842
2026-02-19,CECO.OQ,55.2725834139863
2026-02-19,CEG.OQ,33.4327550671842
2026-02-19,CELH.OQ,440.947242206235
2026-02-19,CENX.OQ,63.6749545178896
2026-02-19,CERT.OQ,98.4455958549223
2026-02-19,CF.N,11.0598360929177
2026-02-19,CFG.N,16.7054192390357
2026-02-19,CFR.N,14.6100687034295
2026-02-20,CAH.N,32.280055804053
2026-02-20,CAKE.OQ,20.7700001961284
2026-02-20,CALM.OQ,3.53529494888565
2026-02-20,CARG.OQ,15.2362194783224
2026-02-20,CARR.N,38.2231651212128
2026-02-20,CART.OQ,22.8511992939767
2026-02-20,CASH.OQ,11.6475481856306
2026-02-20,CASY.OQ,41.0353488761129
2026-02-20,CAT.N,40.3547332648485
2026-02-20,CATY.OQ,11.7766939864252
2026-02-20,CAVA.N,60.4235075109238
2026-02-20,CB.N,12.8926961604943
2026-02-20,CBOE.Z,30.9971642125992
2026-02-20,CBRE.N,38.1739053663147
2026-02-20,CBRL.OQ,45.3879153834775
2026-02-20,CBSH.OQ,13.5607258489572
2026-02-20,CBT.N,13.2793402826557
2026-02-20,CBU.N,16.7594163731169
2026-02-20,CBZ.N,19.1790195343084
2026-02-20,CCB.OQ,27.5051376900945
2026-02-20,CCI.N,34.8275834777722
2026-02-20,CCK.N,18.0068545256339
2026-02-20,CCL.N,15.869315025002
2026-02-20,CCS.N,14.7810917230001
2026-02-20,CDE.N,26.7886276130604
2026-02-20,CDNA.OQ,23.3386714337145
2026-02-20,CDNS.OQ,73.0280719829828
2026-02-20,CDP.N,24.5645377400625
2026-02-20,CDW.OQ,15.7610351904564
2026-02-20,CECO.OQ,55.6540659682239
2026-02-20,CEG.OQ,33.7972759514797
2026-02-20,CELH.OQ,482.813749000799
2026-02-20,CENX.OQ,130.769612957718
2026-02-20,CERT.OQ,95.6328645447816
2026-02-20,CF.N,10.8063027499472
2026-02-20,CFG.N,16.8864657395362
2026-02-20,CFR.N,14.6685654578682
2026-02-23,CAH.N,32.3347092580075
2026-02-23,CAKE.OQ,20.9040212864717
2026-02-23,CALM.OQ,3.54879327108638
2026-02-23,CALX.N,215.339937144448
2026-02-23,CARG.OQ,14.0696411887988
2026-02-23,CARR.N,37.8179304426593
2026-02-23,CART.OQ,22.7944652819365
2026-02-23,CASH.OQ,11.293412095147
2026-02-23,CASY.OQ,41.313952830444
2026-02-23,CAT.N,40.181042294548
2026-02-23,CATY.OQ,11.283705862157
2026-02-23,CAVA.N,58.9066714929631
2026-02-23,CB.N,12.9615100806561
2026-02-23,CBOE.Z,27.8301927517366
2026-02-23,CBRE.N,37.4390427570591
2026-02-23,CBRL.OQ,43.0882610040479
2026-02-23,CBSH.OQ,13.1114624902743
2026-02-23,CBT.N,13.0967098423759
2026-02-23,CBU.N,16.1946660752691
2026-02-23,CBZ.N,18.2118442782043
2026-02-23,CCB.OQ,24.8746403616934
2026-02-23,CCI.N,34.7049093398548
2026-02-23,CCK.N,18.0539107656835
2026-02-23,CCL.N,15.0904833716962
2026-02-23,CCS.N,14.4005068978428
2026-02-23,CDE.N,26.5710991712166
2026-02-23,CDNA.OQ,23.3262572467816
2026-02-23,CDNS.OQ,68.9660272068266
2026-02-23,CDP.N,24.3505766849197
2026-02-23,CDW.OQ,15.2369944771618
2026-02-23,CECO.OQ,54.8769718762584
2026-02-23,CEG.OQ,33.6780615742258
2026-02-23,CELH.OQ,491.806554756195
2026-02-23,CENX.OQ,128.782232821583
2026-02-23,CERT.OQ,96.0769800148038
2026-02-23,CF.N,10.6139287660265
2026-02-23,CFG.N,16.1622797375343
2026-02-23,CFR.N,14.334730531675
2026-02-05,CLSK.OQ,7.48045036565057
2026-02-12,CG.OQ,24.9063439133836
2026-02-12,CGNX.OQ,90.5764658659339
2026-02-12,CHD.N,31.4833704837105
2026-02-12,CHDN.OQ,16.5522066875725
2026-02-12,CHE.N,24.5269852346439
2026-02-12,CHEF.OQ,41.0078991616969
2026-02-12,CHH.N,13.3967963701699
2026-02-12,CHRD.OQ,33.8883701275244
2026-02-12,CHRW.OQ,34.0054155722022
2026-02-12,CHTR.OQ,6.55825492240996
2026-02-12,CHWY.N,50.1403682602593
2026-02-12,CI.N,12.6633720735683
2026-02-12,CIEN.N,344.922587861306
2026-02-12,CINF.OQ,10.8870244550883
2026-02-12,CL.N,36.6866433457059
2026-02-12,CLH.N,37.0227038183695
2026-02-12,CLX.N,20.3651811609003
2026-02-12,CMC.N,20.7608313703034
2026-02-12,CMCSA.OQ,5.91925114590154
2026-02-12,CME.OQ,27.0286253967287
2026-02-12,CMG.N,31.3541602876464
2026-02-12,CMI.N,28.7047866337167
2026-02-12,CMS.N,22.095216694558
2026-02-12,CNA.N,10.0063777846449
2026-02-12,CNH.N,26.6400755746825
2026-02-12,CNK.N,23.9342242076482
2026-02-12,CNM.N,25.2987295762035
2026-02-12,CNMD.N,20.2372915928065
2026-02-12,CNO.N,19.3135637548787
2026-02-12,CNP.N,26.3003390130113
2026-02-12,CNS.N,22.2411282647952
2026-02-12,CNX.N,10.159418751828
2026-02-12,COCO.OQ,49.4861947270085
2026-02-12,COF.N,86.9267452364446
2026-02-12,COHR.N,232.888965524674
2026-02-12,COIN.OQ,12.2616585264109
2026-02-12,COKE.OQ,26.019769938821
2026-02-12,COLB.OQ,14.4108166436862
2026-02-13,CG.OQ,24.9246405847616
2026-02-13,CGNX.OQ,86.9018935418546
2026-02-13,CHD.N,33.6931252075722
2026-02-13,CHDN.OQ,16.2606662791609
2026-02-13,CHE.N,25.0170491491285
2026-02-13,CHEF.OQ,41.3949943750227
2026-02-13,CHH.N,13.5233783375241
2026-02-13,CHRD.OQ,34.7676138416135
2026-02-13,CHRW.OQ,35.6734604533515
2026-02-13,CHTR.OQ,6.58607682039229
2026-02-13,CHWY.N,50.0165139129717
2026-02-13,CI.N,12.8320056921551
2026-02-13,CIEN.N,357.826573261906
2026-02-13,CINF.OQ,10.7327295170173
2026-02-13,CL.N,36.8773818470354
2026-02-13,CLH.N,37.9811800215276
2026-02-13,CLX.N,20.5775907846902
2026-02-13,CMC.N,20.7295964183922
2026-02-13,CMCSA.OQ,5.87274540151199
2026-02-13,CME.OQ,27.1567613678112
2026-02-13,CMG.N,31.7565853359812
2026-02-13,CMI.N,29.3005380776339
2026-02-13,CMS.N,22.6895079504935
2026-02-13,CNA.N,9.96136852043263
2026-02-13,CNH.N,26.7660333788181
2026-02-13,CNK.N,23.9534794161821
2026-02-13,CNM.N,25.5401715555009
2026-02-13,CNMD.N,20.3004268917521
2026-02-13,CNO.N,19.2509735019694
2026-02-13,CNP.N,26.8432648783783
2026-02-13,CNS.N,22.4159904767349
2026-02-13,CNX.N,10.5088509891521
2026-02-13,COCO.OQ,48.9412497405024
2026-02-13,COF.N,87.1284216718136
2026-02-13,COHR.N,234.106756043151
2026-02-13,COIN.OQ,37.6706204923407
2026-02-13,COKE.OQ,25.7352532119395
2026-02-13,COLB.OQ,14.5214917155097
2026-02-17,CG.OQ,24.8102863886487
2026-02-17,CGNX.OQ,84.3889964671624
2026-02-17,CHD.N,33.1750249086682
2026-02-17,CHDN.OQ,16.0292560799841
2026-02-17,CHE.N,25.0085906565376
2026-02-17,CHEF.OQ,41.4131394631473
2026-02-17,CHH.N,13.519691484106
2026-02-17,CHRD.OQ,33.884962206152
2026-02-17,CHRW.OQ,36.708601418428
2026-02-17,CHTR.OQ,6.52878023840887
2026-02-17,CHWY.N,49.128891090744
2026-02-17,CI.N,12.7998640363932
2026-02-17,CIEN.N,355.954553482075
2026-02-17,CINF.OQ,10.9503249425021
2026-02-17,CL.N,36.4882753043233
2026-02-17,CLH.N,37.3237014103887
2026-02-17,CLX.N,20.0906825701564
2026-02-17,CMC.N,20.620274086703
2026-02-17,CMCSA.OQ,5.86902494196083
2026-02-17,CME.OQ,27.1710982596806
2026-02-17,CMG.N,33.1388278933049
2026-02-17,CMI.N,29.0397140003052
2026-02-17,CMS.N,22.4825408464363
2026-02-17,CNA.N,10.1598184580958
2026-02-17,CNH.N,27.4797942689199
2026-02-17,CNK.N,24.4156044209959
2026-02-17,CNM.N,25.153864388625
2026-02-17,CNMD.N,20.6646690010539
2026-02-17,CNO.N,19.2777978960734
2026-02-17,CNP.N,26.9253350673291
2026-02-17,CNS.N,22.2478537344852
2026-02-17,CNX.N,10.3095451945302
2026-02-17,COCO.OQ,48.889350217978
2026-02-17,COF.N,86.8637213503918
2026-02-17,COHR.N,237.048851720533
2026-02-17,COIN.OQ,38.0603481873077
2026-02-17,COKE.OQ,26.401244879891
2026-02-17,COLB.OQ,14.4338739503161
2026-02-18,CG.OQ,25.1121814663867
2026-02-18,CGNX.OQ,83.8420718097293
2026-02-18,CHD.N,34.0983062105613
2026-02-18,CHDN.OQ,16.5248747742839
2026-02-18,CHE.N,24.7225878758082
2026-02-18,CHEF.OQ,41.9091052052209
2026-02-18,CHH.N,13.444725464605
2026-02-18,CHRD.OQ,34.7999890946516
2026-02-18,CHRW.OQ,38.4635283551078
2026-02-18,CHTR.OQ,6.58745414207459
2026-02-18,CHWY.N,49.8926595656841
2026-02-18,CI.N,12.773886533791
2026-02-18,CIEN.N,366.115264614117
2026-02-18,CINF.OQ,10.7643797607242
2026-02-18,CL.N,36.4615719141372
2026-02-18,CLH.N,38.318241841162
2026-02-18,CLX.N,20.1298966545484
2026-02-18,CMC.N,20.482319715762
2026-02-18,CMCSA.OQ,5.87832609083874
2026-02-18,CME.OQ,27.1101664692357
2026-02-18,CMG.N,33.8736910250466
2026-02-18,CMI.N,28.9100332441006
2026-02-18,CMS.N,22.2075702653318
2026-02-18,CNA.N,10.0902586861314
2026-02-18,CNH.N,31.1027101335428
2026-02-18,CNK.N,25.4265028690261
2026-02-18,CNM.N,24.9607108051871
2026-02-18,CNMD.N,29.2299861848324
2026-02-18,CNO.N,19.242032037268
2026-02-18,CNP.N,26.4707924823707
2026-02-18,CNS.N,22.2142263860352
2026-02-18,CNX.N,10.4053155114264
2026-02-18,COCO.OQ,43.301501626185
2026-02-18,COF.N,88.1830213650974
2026-02-18,COHR.N,241.284176267095
2026-02-18,COIN.OQ,37.6087225643165
2026-02-18,COKE.OQ,27.0672365478425
2026-02-18,COLB.OQ,14.4062051823602
2026-02-19,CG.OQ,24.2339412402399
2026-02-19,CGNX.OQ,82.6890955048706
2026-02-19,CHD.N,34.2909332447692
2026-02-19,CHDN.OQ,16.801838162275
2026-02-19,CHE.N,24.9583683567792
2026-02-19,CHEF.OQ,42.0119273712606
2026-02-19,CHH.N,13.6475024025995
2026-02-19,CHRD.OQ,35.7797664892276
2026-02-19,CHRW.OQ,38.3248725711956
2026-02-19,CHTR.OQ,6.37810124636594
2026-02-19,CHWY.N,53.3812236809512
2026-02-19,CI.N,12.588961938996
2026-02-19,CIEN.N,374.886678047919
2026-02-19,CINF.OQ,10.7083324541599
2026-02-19,CL.N,35.8512087098829
2026-02-19,CLH.N,38.6270867400106
2026-02-19,CLX.N,19.9697724766145
2026-02-19,CMC.N,20.2142197118576
2026-02-19,CMCSA.OQ,5.83740103577594
2026-02-19,CME.OQ,27.2320300501254
2026-02-19,CMG.N,33.2175632288486
2026-02-19,CMI.N,29.1006542052885
2026-02-19,CMS.N,22.4263640610494
2026-02-19,CNA.N,10.0554788001492
2026-02-19,CNH.N,31.8637077769049
2026-02-19,CNK.N,26.6885358766415
2026-02-19,CNM.N,24.859744159299
2026-02-19,CNMD.N,29.4613406661687
2026-02-19,CNO.N,19.0363783491374
2026-02-19,CNP.N,26.9190219758714
2026-02-19,CNS.N,22.4765197039448
2026-02-19,CNX.N,10.5269696977541
2026-02-19,COCO.OQ,43.4476043380452
2026-02-19,COF.N,86.1578538266002
2026-02-19,COHR.N,250.541539588969
2026-02-19,COIN.OQ,38.0420080604857
2026-02-19,COKE.OQ,29.0261726465388
2026-02-19,COLB.OQ,14.3831478757303
2026-02-20,CG.OQ,24.3482954363527
2026-02-20,CGNX.OQ,82.8221312323543
2026-02-20,CHD.N,34.2344735968117
2026-02-20,CHDN.OQ,17.075157295161
2026-02-20,CHE.N,25.1328247664663
2026-02-20,CHEF.OQ,42.3506356829206
2026-02-20,CHH.N,13.922368268118
2026-02-20,CHRD.OQ,35.9126754227527
2026-02-20,CHRW.OQ,39.3327138661992
2026-02-20,CHTR.OQ,6.34008716793463
2026-02-20,CHWY.N,54.5991247626125
2026-02-20,CI.N,12.3419555159484
2026-02-20,CIEN.N,394.360393241891
2026-02-20,CINF.OQ,10.7478952587935
2026-02-20,CL.N,36.2746481828343
2026-02-20,CLH.N,39.0870310798807
2026-02-20,CLX.N,20.1952534618684
2026-02-20,CMC.N,19.9903692231607
2026-02-20,CMCSA.OQ,5.82996011667361
2026-02-20,CME.OQ,27.6065813502126
2026-02-20,CMG.N,32.8413832923618
2026-02-20,CMI.N,28.9236838500169
2026-02-20,CMS.N,22.4293207339645
2026-02-20,CNA.N,10.2232406031222
2026-02-20,CNH.N,32.0600942655145
2026-02-20,CNK.N,26.8201561218601
2026-02-20,CNM.N,24.754387659242
2026-02-20,CNMD.N,29.838117964345
2026-02-20,CNO.N,19.32250521958
2026-02-20,CNP.N,26.7941152645452
2026-02-20,CNS.N,22.5706762796047
2026-02-20,CNX.N,10.4752019588912
2026-02-20,COCO.OQ,45.2942954034181
2026-02-20,COF.N,87.4241299323409
2026-02-20,COHR.N,267.461283960729
2026-02-20,COIN.OQ,39.2822591368219
2026-02-20,COKE.OQ,29.9176943246354
2026-02-20,COLB.OQ,14.6460011713112
2026-02-23,CG.OQ,22.6512791660377
2026-02-23,CGNX.OQ,83.4725281222746
2026-02-23,CHD.N,34.9584855529724
2026-02-23,CHDN.OQ,17.1279989941856
2026-02-23,CHE.N,25.2982940277756
2026-02-23,CHEF.OQ,43.0220039435325
2026-02-23,CHH.N,13.4877680245398
2026-02-23,CHRD.OQ,35.868372444911
2026-02-23,CHRW.OQ,36.6713506108098
2026-02-23,CHTR.OQ,6.26736458310952
2026-02-23,CHWY.N,51.0073486912724
2026-02-23,CI.N,12.468320655725
2026-02-23,CIEN.N,406.00459174663
2026-02-23,CINF.OQ,10.6100848226531
2026-02-23,CL.N,37.0414169581787
2026-02-23,CLH.N,38.5556923947174
2026-02-23,CLX.N,20.7115722396961
2026-02-23,CMC.N,19.6884313546859
2026-02-23,CMCSA.OQ,5.88390678016549
2026-02-23,CME.OQ,28.1361502936375
2026-02-23,CMG.N,32.0277848250763
2026-02-23,CMI.N,28.6350710392157
2026-02-23,CMS.N,22.559414342229
2026-02-23,CNA.N,9.98668016410038
2026-02-23,CNH.N,31.25
2026-02-23,CNK.N,26.2228027012524
2026-02-23,CNM.N,23.9817733254901
2026-02-23,CNMD.N,29.9967610372613
2026-02-23,CNO.N,18.4507124112001
2026-02-23,CNP.N,26.7255721789847
2026-02-23,CNS.N,22.1167070755304
2026-02-23,CNX.N,9.89281489668453
2026-02-23,COCO.OQ,45.008897693315
2026-02-23,COF.N,79.6976522749485
2026-02-23,COHR.N,268.226444374993
2026-02-23,COIN.OQ,36.7352740244199
2026-02-23,COKE.OQ,30.4233824956368
2026-02-23,COLB.OQ,13.8666642072206
2026-02-11,CRBG.N,18.5550659742304
2026-02-12,COLL.OQ,28.240166147974
2026-02-12,COLM.OQ,19.0046805321802
2026-02-12,CON.N,11.7287223596874
2026-02-12,COO.OQ,43.603565138496
2026-02-12,COP.N,15.6787573562698
2026-02-12,COR.N,42.2254671070515
2026-02-12,CORT.OQ,43.2829081056672
2026-02-12,CORZ.OQ,402.764976958526
2026-02-12,COST.OQ,53.5045003109481
2026-02-12,CPAY.N,21.3408073535858
2026-02-12,CPB.OQ,15.0245922857882
2026-02-12,CPK.N,23.7879085505161
2026-02-12,CPNG.N,82.6418371285218
2026-02-12,CPRT.OQ,22.5220804710501
2026-02-12,CPRX.OQ,13.7693631669535
2026-02-12,CPT.N,43.5519032684188
2026-02-12,CR.N,35.3042520441162
2026-02-12,CRAI.OQ,18.3285012884785
2026-02-12,CRC.N,12.9594606854487
2026-02-12,CRDO.OQ,106.40361377358
2026-02-12,CRH.N,24.3079120918259
2026-02-12,CRI.N,15.4653601080507
2026-02-12,CRK.N,104.09204385108
2026-02-12,CRM.N,24.7227144188502
2026-02-12,CRMD.OQ,3.58492771694658
2026-02-12,CROX.OQ,32.0913132472002
2026-02-12,CRS.N,42.7642550422146
2026-02-12,CRUS.OQ,18.710657237356
2026-02-12,CRVL.OQ,23.15930781743
2026-02-12,CSCO.OQ,29.0064703766587
2026-02-12,CSGP.OQ,876.070038910506
2026-02-12,CSGS.OQ,27.1157691089365
2026-02-12,CSL.N,23.7312024720786
2026-02-12,CSTM.N,27.9345626250259
2026-02-12,CSW.N,41.5861363627319
2026-02-12,CSX.OQ,26.4655200442176
2026-02-13,COLL.OQ,28.5582422242873
2026-02-13,COLM.OQ,19.4377218953084
2026-02-13,CON.N,11.5568909312282
2026-02-13,COO.OQ,44.2920424827881
2026-02-13,COP.N,15.7636373924853
2026-02-13,COR.N,43.4006018806968
2026-02-13,CORT.OQ,45.1230526078121
2026-02-13,CORZ.OQ,411.059907834102
2026-02-13,COST.OQ,54.5554566973294
2026-02-13,CPAY.N,22.3901810501707
2026-02-13,CPB.OQ,15.2679264820088
2026-02-13,CPK.N,23.9967296492336
2026-02-13,CPNG.N,81.918178309533
2026-02-13,CPRT.OQ,22.9943572129539
2026-02-13,CPRX.OQ,14.1952799089822
2026-02-13,CPT.N,30.6861910726454
2026-02-13,CR.N,35.3960430994309
2026-02-13,CRAI.OQ,18.6652012202968
2026-02-13,CRC.N,13.2409352399163
2026-02-13,CRDO.OQ,106.106543411591
2026-02-13,CRH.N,24.9252558909834
2026-02-13,CRI.N,16.2441036540107
2026-02-13,CRK.N,103.223705633344
2026-02-13,CRM.N,25.2946846763968
2026-02-13,CRMD.OQ,3.57518606554183
2026-02-13,CRS.N,44.1378989755777
2026-02-13,CRUS.OQ,19.0498331781247
2026-02-13,CRVL.OQ,24.1048856487742
2026-02-13,CSCO.OQ,29.7219633126163
2026-02-13,CSGP.OQ,875.291828793774
2026-02-13,CSGS.OQ,27.1327994877262
2026-02-13,CSL.N,23.3033514804442
2026-02-13,CSTM.N,26.7404834992541
2026-02-13,CSW.N,41.0528787289897
2026-02-13,CSX.OQ,26.4916545130449
2026-02-17,COLL.OQ,28.7515825843993
2026-02-17,COLM.OQ,19.6588493998845
2026-02-17,CON.N,11.6158045638427
2026-02-17,COO.OQ,43.7316539467364
2026-02-17,COP.N,15.3887505658669
2026-02-17,COR.N,43.2971611534363
2026-02-17,CORT.OQ,44.7392187852789
2026-02-17,CORZ.OQ,397.004608294932
2026-02-17,COST.OQ,54.211030114025
2026-02-17,CPAY.N,22.748163596031
2026-02-17,CPB.OQ,14.3774268703081
2026-02-17,CPK.N,23.8392289900315
2026-02-17,CPNG.N,84.0891547664994
2026-02-17,CPRT.OQ,23.0127576054956
2026-02-17,CPRX.OQ,14.3761486624464
2026-02-17,CPT.N,30.6409520551237
2026-02-17,CR.N,35.3183737449338
2026-02-17,CRAI.OQ,19.1269611267904
2026-02-17,CRC.N,13.1711481602963
2026-02-17,CRDO.OQ,109.042297577129
2026-02-17,CRH.N,24.1436828119219
2026-02-17,CRI.N,16.5483003516514
2026-02-17,CRK.N,100.672962118745
2026-02-17,CRM.N,24.5707223224392
2026-02-17,CRMD.OQ,3.51186533141098
2026-02-17,CRS.N,43.5661284043301
2026-02-17,CRUS.OQ,18.9991214355243
2026-02-17,CRVL.OQ,24.2518666588277
2026-02-17,CSCO.OQ,29.7219633126163
2026-02-17,CSGP.OQ,889.88326848249
2026-02-17,CSGS.OQ,27.143017715
2026-02-17,CSL.N,23.7600448579585
2026-02-17,CSTM.N,26.8782618599201
2026-02-17,CSW.N,39.0113774893647
2026-02-17,CSX.OQ,26.5953654188948
2026-02-18,COLL.OQ,28.2464029337841
2026-02-18,COLM.OQ,19.7417722141006
2026-02-18,CON.N,11.6501708495346
2026-02-18,COO.OQ,44.510860863532
2026-02-18,COP.N,17.4510865875168
2026-02-18,COR.N,43.3284339314453
2026-02-18,CORT.OQ,44.9537141566945
2026-02-18,CORZ.OQ,397.926267281107
2026-02-18,COST.OQ,53.3555880400949
2026-02-18,CPAY.N,23.1918228550934
2026-02-18,CPB.OQ,14.2531711105359
2026-02-18,CPK.N,23.1419788807543
2026-02-18,CPNG.N,87.0802778849865
2026-02-18,CPRT.OQ,23.1538272816487
2026-02-18,CPRX.OQ,14.1719420053094
2026-02-18,CPT.N,30.6975008270258
2026-02-18,CR.N,35.3766257608066
2026-02-18,CRAI.OQ,19.4360035642093
2026-02-18,CRC.N,13.4782113106246
2026-02-18,CRDO.OQ,111.759617652969
2026-02-18,CRH.N,24.6838586361847
2026-02-18,CRI.N,16.6415873389279
2026-02-18,CRK.N,100.998588950396
2026-02-18,CRM.N,25.037364723701
2026-02-18,CRMD.OQ,3.49238202860149
2026-02-18,CRS.N,43.2604868184803
2026-02-18,CRUS.OQ,19.2283121683156
2026-02-18,CRVL.OQ,23.7227350226351
2026-02-18,CSCO.OQ,28.1594767192661
2026-02-18,CSGP.OQ,952.140077821011
2026-02-18,CSGS.OQ,27.143017715
2026-02-18,CSL.N,23.6185536336169
2026-02-18,CSTM.N,29.4386430622961
2026-02-18,CSW.N,40.3193178547125
2026-02-18,CSX.OQ,26.8092691622103
2026-02-19,COLL.OQ,28.1777982898733
2026-02-19,COLM.OQ,19.231950467439
2026-02-19,CON.N,11.6992655433801
2026-02-19,COO.OQ,44.6602978064792
2026-02-19,COP.N,17.6200393802117
2026-02-19,COR.N,43.1937204261758
2026-02-19,CORT.OQ,38.6543237751185
2026-02-19,CORZ.OQ,414.285714285715
2026-02-19,COST.OQ,52.9131364727397
2026-02-19,CPAY.N,23.0596549021692
2026-02-19,CPB.OQ,13.9580636810769
2026-02-19,CPK.N,23.6410259132826
2026-02-19,CPNG.N,89.0100347356233
2026-02-19,CPRT.OQ,23.092492639843
2026-02-19,CPRX.OQ,14.247790192246
2026-02-19,CPT.N,30.703155704216
2026-02-19,CR.N,36.1621453687882
2026-02-19,CRAI.OQ,19.7955509914009
2026-02-19,CRC.N,13.8178417647757
2026-02-19,CRDO.OQ,114.162392639645
2026-02-19,CRH.N,22.5935501526761
2026-02-19,CRI.N,17.0471829357821
2026-02-19,CRK.N,107.728210137849
2026-02-19,CRM.N,24.7040487227998
2026-02-19,CRMD.OQ,3.44854459728013
2026-02-19,CRS.N,44.6236715340767
2026-02-19,CRUS.OQ,18.4788321283257
2026-02-19,CRVL.OQ,23.6198483155976
2026-02-19,CSCO.OQ,28.2963480566071
2026-02-19,CSGP.OQ,954.669260700389
2026-02-19,CSGS.OQ,27.1293934119683
2026-02-19,CSL.N,23.7361718530285
2026-02-19,CSTM.N,13.3409143772775
2026-02-19,CSW.N,41.2173661583032
2026-02-19,CSX.OQ,27.0166909739102
2026-02-20,COLL.OQ,28.0655361452922
2026-02-20,COLM.OQ,19.7264161373939
2026-02-20,CON.N,11.6207140332273
2026-02-20,COO.OQ,44.8684421198698
2026-02-20,COP.N,17.4526655855793
2026-02-20,COR.N,43.4306718595515
2026-02-20,CORT.OQ,39.3090991194401
2026-02-20,CORZ.OQ,398.617511520738
2026-02-20,COST.OQ,52.7765442818492
2026-02-20,CPAY.N,23.4249432142715
2026-02-20,CPB.OQ,13.8907584778669
2026-02-20,CPK.N,23.7825995395318
2026-02-20,CPNG.N,90.4573523736009
2026-02-20,CPRT.OQ,22.8866833130482
2026-02-20,CPRX.OQ,14.1777764812276
2026-02-20,CPT.N,30.3101417394968
2026-02-20,CR.N,35.8779461398331
2026-02-20,CRAI.OQ,20.0336459431867
2026-02-20,CRC.N,13.7759695170036
2026-02-20,CRDO.OQ,108.395732671624
2026-02-20,CRH.N,22.3324883332373
2026-02-20,CRI.N,17.9962766324209
2026-02-20,CRK.N,14.9205779949493
2026-02-20,CRM.N,24.6867162907529
2026-02-20,CRMD.OQ,3.42419046876826
2026-02-20,CRS.N,45.2918993358397
2026-02-20,CRUS.OQ,18.7225119304314
2026-02-20,CRVL.OQ,24.2028729888098
2026-02-20,CSCO.OQ,28.5268682037078
2026-02-20,CSGP.OQ,970.23346303502
2026-02-20,CSGS.OQ,40.2747125394282
2026-02-20,CSL.N,23.8159426255997
2026-02-20,CSTM.N,13.1496653141395
2026-02-20,CSW.N,41.3075689421203
2026-02-20,CSX.OQ,27.4250526656944
2026-02-23,COLL.OQ,27.9719843581412
2026-02-23,COLM.OQ,18.9831820247909
2026-02-23,CON.N,11.4832488904599
2026-02-23,COO.OQ,44.2653573144047
2026-02-23,COP.N,17.3500307115123
2026-02-23,COR.N,44.0260574408764
2026-02-23,CORT.OQ,39.8961390833145
2026-02-23,CORZ.OQ,389.170506912443
2026-02-23,COST.OQ,52.8167184556405
2026-02-23,CPAY.N,22.0879879919769
2026-02-23,CPB.OQ,14.0357235309345
2026-02-23,CPK.N,23.9029371218436
2026-02-23,CPNG.N,89.6372057120802
2026-02-23,CPRT.OQ,22.1840219832616
2026-02-23,CPRX.OQ,14.0669214387818
2026-02-23,CPT.N,30.592885599007
2026-02-23,CR.N,35.4242865010662
2026-02-23,CRAI.OQ,19.0981011326345
2026-02-23,CRC.N,13.5270622663587
2026-02-23,CRDO.OQ,108.386995308036
2026-02-23,CRH.N,21.8733796162931
2026-02-23,CRI.N,17.2905402938946
2026-02-23,CRK.N,13.9268689947849
2026-02-23,CRM.N,23.7534314882293
2026-02-23,CRMD.OQ,3.41444881736352
2026-02-23,CRS.N,44.7468578766626
2026-02-23,CRUS.OQ,18.8292041681101
2026-02-23,CRVL.OQ,24.4086464028847
2026-02-23,CSCO.OQ,28.0009941181344
2026-02-23,CSGP.OQ,931.322957198443
2026-02-23,CSGS.OQ,40.1588213360744
2026-02-23,CSL.N,23.3297485008044
2026-02-23,CSTM.N,13.1186519525496
2026-02-23,CSW.N,39.9505476502838
2026-02-23,CSX.OQ,27.2046669907632
2026-02-12,CTAS.OQ,42.3835964026896
2026-02-12,CTRA.N,14.2101982872048
2026-02-12,CTRE.N,29.9145936116618
2026-02-12,CTRI.N,1091.57894736842
2026-02-12,CTSH.OQ,12.8765102955358
2026-02-12,CTVA.N,30.2068133462677
2026-02-12,CUBE.N,24.7240589785853
2026-02-12,CUBI.N,11.556676411448
2026-02-12,CURB.N,67.0456047587574
2026-02-12,CUZ.N,90.5948017327557
2026-02-12,CVBF.OQ,13.8586753952603
2026-02-12,CVCO.OQ,24.9349843371358
2026-02-12,CVI.N,13.809679489508
2026-02-12,CVLT.OQ,45.2613023641643
2026-02-12,CVNA.N,78.4835126240914
2026-02-12,CVS.N,56.9880363881007
2026-02-12,CVX.N,27.4368643755481
2026-02-12,CW.N,54.665499053011
2026-02-12,CWAN.N,20.27785937689
2026-02-12,CWEN.N,15.9898759288237
2026-02-12,CWK.N,12.966032352139
2026-02-12,CWST.OQ,427.415992662387
2026-02-12,CWT.N,19.83590101689
2026-02-12,CXM.N,13.025931027816
2026-02-12,CXT.N,21.3852869225973
2026-02-12,CXW.N,17.723352948765
2026-02-12,D.N,24.4785342951332
2026-02-12,DAL.N,9.07661446198531
2026-02-12,DAR.N,128.8612263716
2026-02-12,DASH.OQ,83.3984587277517
2026-02-12,DAVE.OQ,16.8706241694599
2026-02-12,DBD.N,55.4040781623349
2026-02-12,DBRG.N,128.290293116333
2026-02-12,DBX.OQ,11.4917524213075
2026-02-12,DCI.N,34.292487406229
2026-02-12,DDOG.OQ,370.425844346549
2026-02-12,DDS.N,17.6259730036036
2026-02-12,DE.N,32.3190022937949
2026-02-12,DECK.N,16.3923076814393
2026-02-12,DEI.N,79.664570230608
2026-02-12,DELL.N,14.719946558322
2026-02-12,DG.N,25.6503669887926
2026-02-12,DGII.OQ,41.325560426022
2026-02-13,CTAS.OQ,41.8086837742798
2026-02-13,CTRA.N,14.4825835045359
2026-02-13,CTRE.N,25.753752671284
2026-02-13,CTRI.N,1088.0701754386
2026-02-13,CTSH.OQ,12.4266398776569
2026-02-13,CTVA.N,43.3962809797854
2026-02-13,CUBE.N,24.9677721410201
2026-02-13,CUBI.N,11.7275997684472
2026-02-13,CURB.N,69.2663582286847
2026-02-13,CUZ.N,93.5521492835721
2026-02-13,CVBF.OQ,13.9264439791002
2026-02-13,CVCO.OQ,25.6577186108204
2026-02-13,CVI.N,14.0276314674222
2026-02-13,CVLT.OQ,45.4323931978432
2026-02-13,CVNA.N,78.1938803202832
2026-02-13,CVS.N,57.3902360546407
2026-02-13,CVX.N,27.6384290590088
2026-02-13,CW.N,53.1565539835563
2026-02-13,CWAN.N,20.0013823849597
2026-02-13,CWEN.N,16.3233546246655
2026-02-13,CWK.N,13.5220191763003
2026-02-13,CWST.OQ,432.418911031435
2026-02-13,CWT.N,20.3203421638371
2026-02-13,CXM.N,13.2675995069963
2026-02-13,CXT.N,21.0894904305838
2026-02-13,CXW.N,18.7752428774151
2026-02-13,D.N,25.0010337218875
2026-02-13,DAL.N,9.01131507736671
2026-02-13,DAR.N,130.526100097331
2026-02-13,DASH.OQ,82.9844164850919
2026-02-13,DAVE.OQ,17.5806739522799
2026-02-13,DBD.N,31.102452174654
2026-02-13,DBRG.N,127.958149962634
2026-02-13,DBX.OQ,11.600522094431
2026-02-13,DCI.N,34.1427657948502
2026-02-13,DDOG.OQ,367.694566813509
2026-02-13,DDS.N,17.5011027939709
2026-02-13,DE.N,32.5789116767397
2026-02-13,DECK.N,16.3513339766676
2026-02-13,DEI.N,81.5191098209966
2026-02-13,DELL.N,15.3292547521473
2026-02-13,DG.N,26.5620116959872
2026-02-13,DGII.OQ,43.0842848597931
2026-02-17,CTAS.OQ,42.1285599735454
2026-02-17,CTRA.N,14.3440825465709
2026-02-17,CTRE.N,26.4682406859085
2026-02-17,CTRI.N,1097.89473684211
2026-02-17,CTSH.OQ,12.1708247517006
2026-02-17,CTVA.N,43.6970415570144
2026-02-17,CUBE.N,24.9164641068233
2026-02-17,CUBI.N,11.9259353619463
2026-02-17,CURB.N,71.566424322538
2026-02-17,CUZ.N,96.9260246584472
2026-02-17,CVBF.OQ,14.0958654386999
2026-02-17,CVCO.OQ,25.4365089022783
2026-02-17,CVI.N,13.6341070628549
2026-02-17,CVLT.OQ,45.8730817088345
2026-02-17,CVNA.N,80.0342997625928
2026-02-17,CVS.N,57.1854798607658
2026-02-17,CVX.N,27.1585847752479
2026-02-17,CW.N,53.45021943335
2026-02-17,CWAN.N,19.8113044530075
2026-02-17,CWEN.N,16.2378472667573
2026-02-17,CWK.N,12.934561399828
2026-02-17,CWST.OQ,433.085966813975
2026-02-17,CWT.N,20.2897918212369
2026-02-17,CXM.N,13.4609342903405
2026-02-17,CXT.N,21.2853556752954
2026-02-17,CXW.N,18.5470026098778
2026-02-17,D.N,24.6777606952626
2026-02-17,DAL.N,9.25292280045553
2026-02-17,DAR.N,130.551713539265
2026-02-17,DASH.OQ,84.0195220917414
2026-02-17,DAVE.OQ,17.5142307463456
2026-02-17,DBD.N,31.985560405765
2026-02-17,DBRG.N,127.958149962634
2026-02-17,DBX.OQ,11.5768765133172
2026-02-17,DCI.N,33.8994681763596
2026-02-17,DDOG.OQ,359.941262848752
2026-02-17,DDS.N,17.9346195869782
2026-02-17,DE.N,32.4665184300609
2026-02-17,DECK.N,16.5802215688408
2026-02-17,DEI.N,80.3902596355427
2026-02-17,DELL.N,15.1465927668463
2026-02-17,DG.N,25.8437461691066
2026-02-17,DGII.OQ,43.691357253176
2026-02-18,CTAS.OQ,42.4505974984817
2026-02-18,CTRA.N,14.5287504905242
2026-02-18,CTRE.N,25.8438682767322
2026-02-18,CTRI.N,1083.85964912281
2026-02-18,CTSH.OQ,12.4751887336778
2026-02-18,CTVA.N,44.2985627114723
2026-02-18,CUBE.N,24.8074345341551
2026-02-18,CUBI.N,11.8872357339465
2026-02-18,CURB.N,70.482485128883
2026-02-18,CUZ.N,99.466844385205
2026-02-18,CVBF.OQ,14.021319996476
2026-02-18,CVCO.OQ,25.4021757648032
2026-02-18,CVI.N,13.5372395171153
2026-02-18,CVLT.OQ,47.2781003732891
2026-02-18,CVNA.N,82.4494226738763
2026-02-18,CVS.N,56.856407406324
2026-02-18,CVX.N,27.6579838417326
2026-02-18,CW.N,53.6724107525061
2026-02-18,CWAN.N,19.984102572964
2026-02-18,CWEN.N,16.0497310793594
2026-02-18,CWK.N,14.2248704445797
2026-02-18,CWST.OQ,426.665554907029
2026-02-18,CWT.N,19.9711953912626
2026-02-18,CXM.N,13.4609342903405
2026-02-18,CXT.N,21.1454519290728
2026-02-18,CXW.N,18.4179972412698
2026-02-18,D.N,24.3281747478658
2026-02-18,DAL.N,9.2868784804572
2026-02-18,DAR.N,132.344654474668
2026-02-18,DASH.OQ,89.7333050404467
2026-02-18,DAVE.OQ,17.9069398441064
2026-02-18,DBD.N,31.2535101615546
2026-02-18,DBRG.N,127.958149962634
2026-02-18,DBX.OQ,11.6714588377724
2026-02-18,DCI.N,33.6655281585802
2026-02-18,DDOG.OQ,357.650513950073
2026-02-18,DDS.N,18.1243680142243
2026-02-18,DE.N,32.0574718544075
2026-02-18,DECK.N,16.7978060700424
2026-02-18,DEI.N,79.2614094500887
2026-02-18,DELL.N,15.2366190310304
2026-02-18,DG.N,26.247770527977
2026-02-18,DGII.OQ,44.3162847169525
2026-02-19,CTAS.OQ,42.787764303113
2026-02-19,CTRA.N,14.6395512568962
2026-02-19,CTRE.N,25.70869486856
2026-02-19,CTRI.N,1118.59649122807
2026-02-19,CTSH.OQ,12.1353467415315
2026-02-19,CTVA.N,44.5472685734116
2026-02-19,CUBE.N,24.7946075256059
2026-02-19,CUBI.N,11.5969885239478
2026-02-19,CURB.N,70.6675479180436
2026-02-19,CUZ.N,100.716427857381
2026-02-19,CVBF.OQ,13.9128902623322
2026-02-19,CVCO.OQ,25.1522826755858
2026-02-19,CVI.N,80.3647868974503
2026-02-19,CVLT.OQ,47.8743260058067
2026-02-19,CVNA.N,43.524661882472
2026-02-19,CVS.N,56.5419603943019
2026-02-19,CVX.N,27.7948673207992
2026-02-19,CW.N,54.5805983472384
2026-02-19,CWEN.N,15.720527751413
2026-02-19,CWK.N,13.7737867947884
2026-02-19,CWST.OQ,422.246310347703
2026-02-19,CWT.N,20.1632261161786
2026-02-19,CXM.N,13.5334348340946
2026-02-19,CXT.N,21.0415234318789
2026-02-19,CXW.N,18.5172321401991
2026-02-19,D.N,24.6063399103105
2026-02-19,DAL.N,8.80758099735668
2026-02-19,DAR.N,132.549562010143
2026-02-19,DASH.OQ,82.8579624813653
2026-02-19,DAVE.OQ,17.6758761577977
2026-02-19,DBD.N,31.4045681484551
2026-02-19,DBRG.N,127.958149962634
2026-02-19,DBX.OQ,11.6951044188862
2026-02-19,DCI.N,33.6187401550243
2026-02-19,DDOG.OQ,365.565322825099
2026-02-19,DDS.N,18.0054698580959
2026-02-19,DE.N,35.7713121641374
2026-02-19,DECK.N,16.6819493875844
2026-02-19,DEI.N,82.0029027576198
2026-02-19,DELL.N,15.5340971213776
2026-02-19,DG.N,26.2080587320196
2026-02-19,DGII.OQ,45.7268352780481
2026-02-20,CTAS.OQ,43.2308360656092
2026-02-20,CTRA.N,14.4410332171464
2026-02-20,CTRE.N,25.7794999871263
2026-02-20,CTRI.N,1117.54385964912
2026-02-20,CTSH.OQ,12.1428157963039
2026-02-20,CTVA.N,44.136614708349
2026-02-20,CUBE.N,25.8464222266404
2026-02-20,CUBI.N,11.7646869119471
2026-02-20,CURB.N,72.0423000660939
2026-02-20,CUZ.N,99.8000666444519
2026-02-20,CVBF.OQ,13.8790059704122
2026-02-20,CVCO.OQ,25.8932700097002
2026-02-20,CVI.N,77.1263726037596
2026-02-20,CVLT.OQ,47.1795935296557
2026-02-20,CVNA.N,44.0255767387173
2026-02-20,CVS.N,56.0812589580835
2026-02-20,CVX.N,27.6670091260667
2026-02-20,CW.N,54.9612757821562
2026-02-20,CWEN.N,15.8103104772166
2026-02-20,CWK.N,35.4643892835289
2026-02-20,CWST.OQ,397.982156257817
2026-02-20,CWT.N,19.9668310566054
2026-02-20,CXM.N,13.5092679861766
2026-02-20,CXT.N,20.8256719377069
2026-02-20,CXW.N,16.6119220807574
2026-02-20,D.N,24.7942893443948
2026-02-20,DAL.N,9.06877853583108
2026-02-20,DAR.N,132.165360381128
2026-02-20,DASH.OQ,82.9049901006861
2026-02-20,DAVE.OQ,17.5043138499375
2026-02-20,DBD.N,31.4665406559015
2026-02-20,DBRG.N,127.875114174209
2026-02-20,DBX.OQ,12.0497881355932
2026-02-20,DCI.N,33.6125017545501
2026-02-20,DDOG.OQ,350.591088208548
2026-02-20,DDS.N,18.1876174899731
2026-02-20,DE.N,37.3514096211918
2026-02-20,DECK.N,16.7695483426136
2026-02-20,DEI.N,84.3412352846315
2026-02-20,DELL.N,15.9529149591033
2026-02-20,DG.N,26.0094997522329
2026-02-20,DGII.OQ,44.8162266879737
2026-02-23,CTAS.OQ,42.8655720272586
2026-02-23,CTRA.N,14.1963481914083
2026-02-23,CTRE.N,26.0691572903525
2026-02-23,CTRI.N,1096.14035087719
2026-02-23,CTSH.OQ,11.4145829559905
2026-02-23,CTVA.N,44.2233725671651
2026-02-23,CUBE.N,25.435957953066
2026-02-23,CUBI.N,11.2228921199495
2026-02-23,CURB.N,73.4170522141441
2026-02-23,CUZ.N,97.3008997001
2026-02-23,CVBF.OQ,13.2148738487812
2026-02-23,CVCO.OQ,25.2652778115797
2026-02-23,CVI.N,78.4291829517961
2026-02-23,CVLT.OQ,44.0844048112816
2026-02-23,CVNA.N,42.5189085549195
2026-02-23,CVS.N,56.3079533155878
2026-02-23,CVX.N,27.814422103523
2026-02-23,CW.N,54.3234468554878
2026-02-23,CWEN.N,16.0283542398823
2026-02-23,CWK.N,34.400191555591
2026-02-23,CWST.OQ,750.627479556311
2026-02-23,CWT.N,20.2548771439794
2026-02-23,CXM.N,12.6150946132096
2026-02-23,CXT.N,20.4739139472043
2026-02-23,CXW.N,14.9039655029744
2026-02-23,D.N,24.1439843024633
2026-02-23,DAL.N,8.73444568658385
2026-02-23,DAR.N,132.267814148865
2026-02-23,DASH.OQ,77.435677973674
2026-02-23,DAVE.OQ,16.421388762173
2026-02-23,DBD.N,30.7925896374221
2026-02-23,DBRG.N,127.626006808935
2026-02-23,DBX.OQ,10.8721699076087
2026-02-23,DCI.N,33.3005817308442
2026-02-23,DDOG.OQ,311.048802667475
2026-02-23,DDS.N,17.5410069696579
2026-02-23,DE.N,36.4690573433134
2026-02-23,DECK.N,16.6960782512988
2026-02-23,DEI.N,115.283942187322
2026-02-23,DELL.N,15.5445349491091
2026-02-23,DG.N,26.3997113125094
2026-02-23,DGII.OQ,42.762893592708
2026-02-12,DGX.N,23.6068252779959
2026-02-12,DHI.N,14.9432060117828
2026-02-12,DHR.N,42.7195503456281
2026-02-12,DHT.N,11.7450814615086
2026-02-12,DINO.N,27.5827265517987
2026-02-12,DIOD.OQ,50.6066052572455
2026-02-12,DIS.N,15.0858099376557
2026-02-12,DJCO.OQ,6.23562576957914
2026-02-12,DKS.N,16.0262956036234
2026-02-12,DLB.N,26.878616217613
2026-02-12,DLR.N,45.791038863084
2026-02-12,DLTR.OQ,24.8633223887994
2026-02-12,DNOW.N,17.9234924191169
2026-02-12,DOC.N,161.09242034435
2026-02-12,DOCN.N,26.1379516665096
2026-02-12,DOCS.N,20.7483164559088
2026-02-12,DOCU.OQ,30.5172016828416
2026-02-12,DOLE.N,12.4522584514378
2026-02-12,DORM.OQ,16.3894230470038
2026-02-12,DOV.N,30.0153741409813
2026-02-12,DOX.OQ,13.5441836125884
2026-02-12,DPZ.OQ,22.2885165508786
2026-02-12,DRH.OQ,37.5862068965517
2026-02-12,DRI.N,22.3015688419235
2026-02-12,DRS.OQ,38.3498497278856
2026-02-12,DT.N,60.2981923736641
2026-02-12,DTE.N,20.8643351797478
2026-02-12,DTM.N,33.3101151201226
2026-02-12,DUK.N,19.9660872580234
2026-02-12,DUOL.OQ,14.2063283772836
2026-02-12,DV.N,35.4362110220669
2026-02-12,DVA.N,15.6922777502817
2026-02-12,DVN.N,10.3394422910473
2026-02-12,DX.N,6.91186635097575
2026-02-12,DXC.N,5.61332355352289
2026-02-12,DXCM.OQ,36.7947623436025
2026-02-12,DXPE.OQ,27.0321059644887
2026-02-12,DY.N,41.095000123089
2026-02-12,EA.OQ,75.1540872486241
2026-02-12,EAT.N,16.3053946037912
2026-02-12,EBAY.OQ,17.5123662755182
2026-02-12,EBC.OQ,52.5786101769803
2026-02-13,DGX.N,23.6079664761626
2026-02-13,DHI.N,15.2328276605925
2026-02-13,DHR.N,42.2504978713763
2026-02-13,DHT.N,12.1183038944618
2026-02-13,DINO.N,28.1306322543436
2026-02-13,DIOD.OQ,49.8974949449562
2026-02-13,DIS.N,15.5381779441863
2026-02-13,DJCO.OQ,6.29680512324262
2026-02-13,DKS.N,16.1814769728537
2026-02-13,DLB.N,26.6565456314678
2026-02-13,DLR.N,45.9586506741296
2026-02-13,DLTR.OQ,24.4045037789617
2026-02-13,DNOW.N,18.222956710773
2026-02-13,DOC.N,165.248367306551
2026-02-13,DOCN.N,27.932937999205
2026-02-13,DOCS.N,21.008615043579
2026-02-13,DOCU.OQ,31.2707128355043
2026-02-13,DOLE.N,12.5548435971087
2026-02-13,DORM.OQ,16.3259463933437
2026-02-13,DOV.N,30.1533638906861
2026-02-13,DOX.OQ,13.7225791233645
2026-02-13,DPZ.OQ,21.921886858544
2026-02-13,DRH.OQ,37.816091954023
2026-02-13,DRI.N,22.1590801938684
2026-02-13,DRS.OQ,38.7153764925676
2026-02-13,DT.N,61.3537405990236
2026-02-13,DTE.N,21.4610513161071
2026-02-13,DTM.N,33.7407074378491
2026-02-13,DUK.N,20.2969818926223
2026-02-13,DUOL.OQ,14.2722568980885
2026-02-13,DV.N,35.8919822249231
2026-02-13,DVA.N,15.5855489158129
2026-02-13,DVN.N,10.5040830918602
2026-02-13,DX.N,6.88735618661059
2026-02-13,DXC.N,5.77727919920611
2026-02-13,DXCM.OQ,33.8945309852746
2026-02-13,DXPE.OQ,28.1975938559427
2026-02-13,DY.N,42.0944831491101
2026-02-13,EA.OQ,75.2140725522247
2026-02-13,EAT.N,16.1579297947129
2026-02-13,EBAY.OQ,18.1673433292682
2026-02-13,EBC.OQ,53.0449937406416
2026-02-17,DGX.N,23.4504811291471
2026-02-17,DHI.N,15.0975498371673
2026-02-17,DHR.N,41.014266350255
2026-02-17,DHT.N,12.3925081309173
2026-02-17,DINO.N,27.8038113089659
2026-02-17,DIOD.OQ,47.4191192990339
2026-02-17,DIS.N,15.5367044327644
2026-02-17,DJCO.OQ,5.85909018930096
2026-02-17,DKS.N,16.5754607600188
2026-02-17,DLB.N,25.699623287533
2026-02-17,DLR.N,49.119942330692
2026-02-17,DLTR.OQ,24.8807458803122
2026-02-17,DNOW.N,17.8902186089329
2026-02-17,DOC.N,170.393825450228
2026-02-17,DOCN.N,27.7280308836004
2026-02-17,DOCS.N,20.63915898366
2026-02-17,DOCU.OQ,31.542814085077
2026-02-17,DOLE.N,12.4601496164894
2026-02-17,DORM.OQ,16.088220102185
2026-02-17,DOV.N,29.2794065036058
2026-02-17,DOX.OQ,13.562023163666
2026-02-17,DPZ.OQ,21.8051258100298
2026-02-17,DRH.OQ,38.2758620689655
2026-02-17,DRI.N,22.9092410174528
2026-02-17,DRS.OQ,39.7307286166843
2026-02-17,DT.N,60.4136429608128
2026-02-17,DTE.N,21.4240341860599
2026-02-17,DTM.N,33.598865262598
2026-02-17,DUK.N,20.0610809330279
2026-02-17,DUOL.OQ,14.2101319457915
2026-02-17,DV.N,35.3982300884956
2026-02-17,DVA.N,15.7383176396604
2026-02-17,DVN.N,10.3582583825688
2026-02-17,DX.N,6.84813992362633
2026-02-17,DXC.N,5.77296457695129
2026-02-17,DXCM.OQ,34.0929993900727
2026-02-17,DXPE.OQ,28.2811141608677
2026-02-17,DY.N,41.5972034169518
2026-02-17,EA.OQ,74.8054226714455
2026-02-17,EAT.N,16.3846443991461
2026-02-17,EBAY.OQ,17.6314530125637
2026-02-17,EBC.OQ,53.020447237291
2026-02-18,DGX.N,23.3249493308014
2026-02-18,DHI.N,15.1847087032667
2026-02-18,DHR.N,41.4515186567609
2026-02-18,DHT.N,12.7047962891027
2026-02-18,DINO.N,24.7855237545959
2026-02-18,DIOD.OQ,47.6297461244664
2026-02-18,DIS.N,15.7813073288038
2026-02-18,DJCO.OQ,7.20858696332957
2026-02-18,DKS.N,16.3069085459104
2026-02-18,DLB.N,26.1720279889691
2026-02-18,DLR.N,48.0632177944766
2026-02-18,DLTR.OQ,25.658995167885
2026-02-18,DNOW.N,17.9345836891783
2026-02-18,DOC.N,169.404314268751
2026-02-18,DOCN.N,28.2198079610513
2026-02-18,DOCS.N,21.3696743748636
2026-02-18,DOCU.OQ,31.2707128355043
2026-02-18,DOLE.N,12.5864082573151
2026-02-18,DORM.OQ,16.0110524055785
2026-02-18,DOV.N,29.1325387410797
2026-02-18,DOX.OQ,13.6618687484752
2026-02-18,DPZ.OQ,22.3591569852297
2026-02-18,DRH.OQ,37.9693486590038
2026-02-18,DRI.N,22.6735061217733
2026-02-18,DRS.OQ,40.5125497522541
2026-02-18,DT.N,60.0672911993667
2026-02-18,DTE.N,20.015128529347
2026-02-18,DTM.N,33.809095629488
2026-02-18,DUK.N,19.8283464292669
2026-02-18,DUOL.OQ,14.2583104802259
2026-02-18,DV.N,36.3857343613506
2026-02-18,DVA.N,15.4599855811437
2026-02-18,DVN.N,10.4523388401761
2026-02-18,DX.N,6.84813992362633
2026-02-18,DXC.N,5.85062777753808
2026-02-18,DXCM.OQ,35.2402435836617
2026-02-18,DXPE.OQ,27.9868949048818
2026-02-18,DY.N,40.6371088845671
2026-02-18,EA.OQ,75.0678583746982
2026-02-18,EAT.N,15.8810570919538
2026-02-18,EBAY.OQ,18.1232371303625
2026-02-18,EBC.OQ,52.4313311568767
2026-02-19,DGX.N,23.1024156882794
2026-02-19,DHI.N,14.8696657185114
2026-02-19,DHR.N,41.9861589769886
2026-02-19,DHT.N,12.8647487603683
2026-02-19,DINO.N,24.261649003917
2026-02-19,DIOD.OQ,47.2084924736015
2026-02-19,DIS.N,15.6192210723921
2026-02-19,DJCO.OQ,7.60683184966433
2026-02-19,DKS.N,16.3012802060937
2026-02-19,DLB.N,25.9418821087823
2026-02-19,DLR.N,48.3035065779055
2026-02-19,DLTR.OQ,25.8583973485318
2026-02-19,DNOW.N,18.1453178203436
2026-02-19,DOC.N,168.810607559865
2026-02-19,DOCN.N,27.9411342838291
2026-02-19,DOCS.N,21.184946344904
2026-02-19,DOCU.OQ,30.782325977297
2026-02-19,DOLE.N,12.6021905874183
2026-02-19,DORM.OQ,15.8977901412044
2026-02-19,DOV.N,29.1877710620297
2026-02-19,DOX.OQ,13.5185895127344
2026-02-19,DPZ.OQ,22.4840913071399
2026-02-19,DRH.OQ,37.8544061302682
2026-02-19,DRI.N,22.3141413696931
2026-02-19,DRS.OQ,41.7005117374706
2026-02-19,DT.N,59.8363900250693
2026-02-19,DTE.N,20.3533451872892
2026-02-19,DTM.N,33.517812591026
2026-02-19,DUK.N,20.0072511838587
2026-02-19,DUOL.OQ,14.087149897367
2026-02-19,DV.N,36.4237152949219
2026-02-19,DVA.N,15.4170847751318
2026-02-19,DVN.N,10.6928825051896
2026-02-19,DX.N,6.86774805511846
2026-02-19,DXC.N,5.755706087932
2026-02-19,DXCM.OQ,34.9836868652642
2026-02-19,DXPE.OQ,27.8995782224601
2026-02-19,DY.N,41.2988355776569
2026-02-19,EA.OQ,74.9366405230718
2026-02-19,EAT.N,15.1086223777346
2026-02-19,EBAY.OQ,18.6900017863011
2026-02-19,EBC.OQ,51.8176685731118
2026-02-20,DGX.N,23.0989920937791
2026-02-20,DHI.N,14.9005344835883
2026-02-20,DHR.N,41.638344642268
2026-02-20,DHT.N,13.2912886837435
2026-02-20,DINO.N,24.4538966188451
2026-02-20,DIOD.OQ,48.0580206695125
2026-02-20,DIS.N,15.5573335926713
2026-02-20,DJCO.OQ,7.71850586081755
2026-02-20,DKS.N,16.5818931483807
2026-02-20,DLB.N,25.8328656392201
2026-02-20,DLR.N,47.9703789463337
2026-02-20,DLTR.OQ,26.0403760376657
2026-02-20,DNOW.N,14.6737502911458
2026-02-20,DOC.N,168.117949732832
2026-02-20,DOCN.N,26.0764795318282
2026-02-20,DOCS.N,21.4536416612088
2026-02-20,DOCU.OQ,31.0334963615179
2026-02-20,DOLE.N,12.6258640825732
2026-02-20,DORM.OQ,16.1417396337024
2026-02-20,DOV.N,29.2869381837353
2026-02-20,DOX.OQ,13.5863567188281
2026-02-20,DPZ.OQ,22.4537334345263
2026-02-20,DRH.OQ,38.0459770114943
2026-02-20,DRI.N,22.7636092374552
2026-02-20,DRS.OQ,40.6445455283893
2026-02-20,DT.N,58.3850112151999
2026-02-20,DTE.N,20.3491350214227
2026-02-20,DTM.N,31.6239157315384
2026-02-20,DUK.N,20.0721635284451
2026-02-20,DUOL.OQ,14.3191675763535
2026-02-20,DV.N,36.4237152949219
2026-02-20,DVA.N,15.7718011955722
2026-02-20,DVN.N,10.6282367757583
2026-02-20,DX.N,6.92657244959485
2026-02-20,DXC.N,5.76002071018682
2026-02-20,DXCM.OQ,35.3757829820604
2026-02-20,DXPE.OQ,28.3076888033438
2026-02-20,DY.N,42.3160434258142
2026-02-20,EA.OQ,75.1315927597738
2026-02-20,EAT.N,14.6983291334286
2026-02-20,EBAY.OQ,20.6232159290751
2026-02-20,EBC.OQ,52.5786101769803
2026-02-23,DGX.N,23.6718735735023
2026-02-23,DHI.N,14.9123372467059
2026-02-23,DHR.N,41.9205711310127
2026-02-23,DHT.N,13.3522229585114
2026-02-23,DINO.N,23.8338980607022
2026-02-23,DIOD.OQ,47.6859132779151
2026-02-23,DIS.N,15.3849327563063
2026-02-23,DJCO.OQ,7.36679181246329
2026-02-23,DKS.N,16.9927619549958
2026-02-23,DLB.N,25.7521126988036
2026-02-23,DLR.N,48.0823316749766
2026-02-23,DLTR.OQ,25.2466392020815
2026-02-23,DOC.N,171.185434395409
2026-02-23,DOCN.N,24.2773950568207
2026-02-23,DOCS.N,19.950627235629
2026-02-23,DOCU.OQ,29.1287876145093
2026-02-23,DOLE.N,12.468040781541
2026-02-23,DORM.OQ,15.869163415044
2026-02-23,DOV.N,28.9630759381649
2026-02-23,DOX.OQ,13.044219070079
2026-02-23,DPZ.OQ,23.3732266915757
2026-02-23,DRH.OQ,38.0459770114943
2026-02-23,DRI.N,22.4482483325685
2026-02-23,DRS.OQ,38.7255300138088
2026-02-23,DT.N,55.4822535954611
2026-02-23,DTE.N,20.4684230543069
2026-02-23,DTM.N,32.0539042961668
2026-02-23,DUK.N,20.2320695480359
2026-02-23,DUOL.OQ,13.456391453128
2026-02-23,DV.N,33.6131262106423
2026-02-23,DVA.N,15.8293510572956
2026-02-23,DVN.N,10.4558481639416
2026-02-23,DX.N,6.84813992362633
2026-02-23,DXC.N,5.11282737196358
2026-02-23,DXCM.OQ,35.4629154524596
2026-02-23,DXPE.OQ,28.5981116818332
2026-02-23,DY.N,41.3913985377022
2026-02-23,EA.OQ,75.1615854115741
2026-02-23,EAT.N,14.122514164647
2026-02-23,EBAY.OQ,19.7427425341242
2026-02-23,EBC.OQ,50.2221458553229
2026-02-09,EPC.N,55.4699105866525
2026-02-12,ECG.N,28.6303135849099
2026-02-12,ECL.N,41.2954031070777
2026-02-12,ED.N,19.5155353933065
2026-02-12,EEFT.OQ,9.90789596563317
2026-02-12,EFC.N,9.80347763086398
2026-02-12,EFX.N,35.6512925440715
2026-02-12,EG.N,25.303362564845
2026-02-12,EGP.N,38.4670648849477
2026-02-12,EHC.N,21.1932603692083
2026-02-12,EIG.N,16.9431907106892
2026-02-12,EIX.N,9.04124577582213
2026-02-12,ELAN.N,346.1323652611
2026-02-12,ELF.N,42.0128644261313
2026-02-12,ELS.N,33.705102926494
2026-02-12,ELV.N,13.3821564610002
2026-02-12,EME.N,31.4844073907709
2026-02-12,EMN.N,13.2970348661883
2026-02-12,EMR.N,35.5472083010504
2026-02-12,ENPH.OQ,31.4351640838651
2026-02-12,ENR.N,7.64238102776384
2026-02-12,ENS.N,22.4254825576142
2026-02-12,ENSG.OQ,36.6963841028546
2026-02-12,ENTG.OQ,84.5470692717584
2026-02-12,ENVA.N,12.8190845805688
2026-02-12,EOG.N,11.7159462130205
2026-02-12,EPAC.N,25.1350913703453
2026-02-12,EPAM.N,24.8943151468905
2026-02-12,EPR.N,25.0081790224432
2026-02-12,EPRT.N,24.8147712572034
2026-02-12,EQIX.OQ,69.6106217842505
2026-02-12,EQR.N,20.7836815959758
2026-02-12,EQT.N,19.6178667371144
2026-02-12,ES.N,19.3231936029018
2026-02-12,ESAB.N,30.076454522586
2026-02-12,ESE.N,54.6912439069872
2026-02-12,ESI.N,32.5562538009325
2026-02-12,ESNT.N,9.5546407839347
2026-02-12,ESS.N,19.1111229381375
2026-02-12,ETN.N,37.3396470081791
2026-02-12,ETR.N,25.1603366885384
2026-02-13,ECG.N,29.7300659285981
2026-02-13,ECL.N,41.086653189479
2026-02-13,ED.N,19.864900509549
2026-02-13,EEFT.OQ,9.77501359238941
2026-02-13,EFC.N,9.76574292096842
2026-02-13,EFX.N,36.5265660670475
2026-02-13,EG.N,25.4471487795863
2026-02-13,EGP.N,39.1896052712605
2026-02-13,EHC.N,20.8301418620793
2026-02-13,EIG.N,16.7969583672566
2026-02-13,EIX.N,9.35274208367471
2026-02-13,ELAN.N,350.879642557945
2026-02-13,ELF.N,46.0654977899865
2026-02-13,ELS.N,34.0261994711941
2026-02-13,ELV.N,13.810653079023
2026-02-13,EME.N,32.2038280902216
2026-02-13,EMN.N,13.3420191966465
2026-02-13,EMR.N,36.3195472867609
2026-02-13,ENPH.OQ,30.9722538742024
2026-02-13,ENR.N,7.66932639939103
2026-02-13,ENS.N,22.1828575531268
2026-02-13,ENSG.OQ,36.513253040917
2026-02-13,ENTG.OQ,84.8893912481835
2026-02-13,ENVA.N,12.8778084926867
2026-02-13,EOG.N,12.0022586872971
2026-02-13,EPAC.N,25.800802451736
2026-02-13,EPAM.N,25.3903090423503
2026-02-13,EPR.N,25.5141878775982
2026-02-13,EPRT.N,25.1597475400839
2026-02-13,EQIX.OQ,69.4885323101073
2026-02-13,EQR.N,21.0506884491517
2026-02-13,EQT.N,20.1393630197379
2026-02-13,ES.N,20.1585535083742
2026-02-13,ESAB.N,30.2808423473605
2026-02-13,ESE.N,53.8190232331516
2026-02-13,ESI.N,32.7995134806406
2026-02-13,ESNT.N,8.94037228746602
2026-02-13,ESS.N,19.0959167613885
2026-02-13,ETN.N,37.2363323288851
2026-02-13,ETR.N,25.9277812462214
2026-02-17,ECG.N,28.7038188829456
2026-02-17,ECL.N,41.7225164253225
2026-02-17,ED.N,19.8998370211733
2026-02-17,EEFT.OQ,10.1475457466609
2026-02-17,EFC.N,9.6751796172191
2026-02-17,EFX.N,36.5076207526973
2026-02-17,EG.N,26.0493947052044
2026-02-17,EGP.N,39.5816655376973
2026-02-17,EHC.N,20.7166673286014
2026-02-17,EIG.N,16.9669040636783
2026-02-17,EIX.N,9.34750685160997
2026-02-17,ELAN.N,347.109745881039
2026-02-17,ELF.N,49.332474197669
2026-02-17,ELS.N,34.0613194057707
2026-02-17,ELV.N,13.7302104053793
2026-02-17,EME.N,32.0703190504129
2026-02-17,EMN.N,20.7981702026974
2026-02-17,EMR.N,36.4960819120661
2026-02-17,ENPH.OQ,32.503418413856
2026-02-17,ENR.N,7.74342617136583
2026-02-17,ENS.N,22.0417389280679
2026-02-17,ENSG.OQ,36.3643520840144
2026-02-17,ENTG.OQ,83.6815759728726
2026-02-17,ENVA.N,12.8121758850255
2026-02-17,EOG.N,11.9048329148002
2026-02-17,EPAC.N,25.6688597148837
2026-02-17,EPAM.N,24.7539107210988
2026-02-17,EPR.N,25.496739296386
2026-02-17,EPRT.N,25.6301697440119
2026-02-17,EQIX.OQ,69.1818551786285
2026-02-17,EQR.N,21.611831354178
2026-02-17,EQT.N,19.8134278430982
2026-02-17,ES.N,20.0678729923196
2026-02-17,ESAB.N,29.9686455600676
2026-02-17,ESE.N,53.3357929287967
2026-02-17,ESI.N,32.7488343807014
2026-02-17,ESNT.N,9.05245445388328
2026-02-17,ESS.N,19.26242439679
2026-02-17,ETN.N,37.45061462668
2026-02-17,ETR.N,25.7723182007744
2026-02-18,ECG.N,28.8564837327121
2026-02-18,ECL.N,41.5563405040761
2026-02-18,ED.N,19.4963203119132
2026-02-18,EEFT.OQ,10.2352849799063
2026-02-18,EFC.N,9.54688160357423
2026-02-18,EFX.N,36.4867809069122
2026-02-18,EG.N,26.0102487200392
2026-02-18,EGP.N,39.2676067902375
2026-02-18,EHC.N,20.6296701862684
2026-02-18,EIG.N,16.6625827003185
2026-02-18,EIX.N,9.12239187282574
2026-02-18,ELAN.N,345.992739458252
2026-02-18,ELF.N,49.762042029821
2026-02-18,ELS.N,33.6699829919174
2026-02-18,ELV.N,13.788352139795
2026-02-18,EME.N,31.4896351543779
2026-02-18,EMN.N,21.1005074006888
2026-02-18,EMR.N,37.0575600953287
2026-02-18,ENPH.OQ,36.2120497089822
2026-02-18,ENR.N,7.68953542811143
2026-02-18,ENS.N,21.7805456834412
2026-02-18,ENSG.OQ,35.9347642658241
2026-02-18,ENTG.OQ,85.1865008880994
2026-02-18,ENVA.N,12.8734905579722
2026-02-18,EOG.N,12.1553563297922
2026-02-18,EPAC.N,25.2910236957161
2026-02-18,EPAM.N,25.5917588706601
2026-02-18,EPR.N,24.916573971079
2026-02-18,EPRT.N,25.3479164216551
2026-02-18,EQIX.OQ,67.1666521322055
2026-02-18,EQR.N,21.6492809674257
2026-02-18,EQT.N,20.1153467435645
2026-02-18,ES.N,15.7231049843909
2026-02-18,ESAB.N,29.8428684371294
2026-02-18,ESE.N,54.1398400327233
2026-02-18,ESI.N,34.1475775390229
2026-02-18,ESNT.N,8.91562687410116
2026-02-18,ESS.N,19.4775917977883
2026-02-18,ETN.N,36.3878126943129
2026-02-18,ETR.N,25.2664463862245
2026-02-19,ECG.N,29.5519569372039
2026-02-19,ECL.N,41.3379771034301
2026-02-19,ED.N,19.5504719049308
2026-02-19,EEFT.OQ,10.2151481067024
2026-02-19,EFC.N,9.39594276399203
2026-02-19,EFX.N,37.0001989258007
2026-02-19,EG.N,25.8160244090274
2026-02-19,EGP.N,39.1321304678039
2026-02-19,EHC.N,20.2646604369148
2026-02-19,EIG.N,16.7771972397657
2026-02-19,EIX.N,6.28992339728579
2026-02-19,ELAN.N,351.857023177883
2026-02-19,ELF.N,51.5085744000181
2026-02-19,ELS.N,33.423258406833
2026-02-19,ELV.N,13.8656089649776
2026-02-19,EME.N,32.3136111259678
2026-02-19,EMN.N,20.5116071193838
2026-02-19,EMR.N,37.0967900120632
2026-02-19,ENPH.OQ,34.8041529023124
2026-02-19,ENR.N,7.53123136980165
2026-02-19,ENS.N,21.8919551242772
2026-02-19,ENSG.OQ,35.0482045454157
2026-02-19,ENTG.OQ,85.6902954949136
2026-02-19,ENVA.N,12.5246014330362
2026-02-19,EOG.N,12.3144188155014
2026-02-19,EPAC.N,25.3809846526607
2026-02-19,EPAM.N,21.2376955360549
2026-02-19,EPR.N,24.9994547318371
2026-02-19,EPRT.N,25.5282449331608
2026-02-19,EQIX.OQ,66.7153571117118
2026-02-19,EQR.N,21.4654374114827
2026-02-19,EQT.N,18.0358242103103
2026-02-19,ES.N,16.1506015644182
2026-02-19,ESAB.N,29.3330218852194
2026-02-19,ESE.N,54.6912439069872
2026-02-19,ESI.N,45.1326646070915
2026-02-19,ESNT.N,8.73841492524751
2026-02-19,ESS.N,19.3445377512345
2026-02-19,ETN.N,36.0950877696465
2026-02-19,ETR.N,25.498407120701
2026-02-20,ECG.N,30.5782039828563
2026-02-20,ECL.N,41.7719571952801
2026-02-20,ED.N,19.4241219256785
2026-02-20,EEFT.OQ,10.428023623429
2026-02-20,EFC.N,9.33556722815915
2026-02-20,EFX.N,37.0977832637257
2026-02-20,EG.N,25.7821480757114
2026-02-20,EGP.N,39.6001395816655
2026-02-20,EHC.N,20.1511859034369
2026-02-20,EIG.N,120.080912100037
2026-02-20,EIX.N,6.38341523968971
2026-02-20,ELAN.N,348.785255515219
2026-02-20,ELF.N,53.1420626038593
2026-02-20,ELS.N,33.6223545105222
2026-02-20,ELV.N,13.6565376597155
2026-02-20,EME.N,32.6851844777243
2026-02-20,EMN.N,20.8113152982622
2026-02-20,EMR.N,36.4396889067603
2026-02-20,ENPH.OQ,36.6210476639925
2026-02-20,ENR.N,7.55480856997545
2026-02-20,ENS.N,21.4413658302293
2026-02-20,ENSG.OQ,36.0511466229434
2026-02-20,ENTG.OQ,86.8658162441466
2026-02-20,ENVA.N,12.5505090413235
2026-02-20,EOG.N,12.2358817131825
2026-02-20,EPAC.N,25.4229664325683
2026-02-20,EPAM.N,20.6317153373066
2026-02-20,EPR.N,25.1913891251718
2026-02-20,EPRT.N,25.6693715943393
2026-02-20,EQIX.OQ,67.447893956571
2026-02-20,EQR.N,21.312234448197
2026-02-20,EQT.N,18.2561044792333
2026-02-20,ES.N,16.1264863727244
2026-02-20,ESAB.N,28.8905559348834
2026-02-20,ESE.N,55.45318380597
2026-02-20,ESI.N,45.0563840471922
2026-02-20,ESNT.N,8.75873007120459
2026-02-20,ESS.N,19.3513805307716
2026-02-20,ETN.N,35.7181805137036
2026-02-20,ETR.N,26.5890959656249
2026-02-23,ECG.N,29.9901615985706
2026-02-23,ECL.N,41.9793337581577
2026-02-23,ED.N,19.8362720403023
2026-02-23,EEFT.OQ,10.1446690504889
2026-02-23,EFC.N,9.36575499607559
2026-02-23,EFX.N,35.4012726647616
2026-02-23,EG.N,25.4275757870037
2026-02-23,EGP.N,39.2881335057577
2026-02-23,EHC.N,20.0755362144517
2026-02-23,EIG.N,120.17285766826
2026-02-23,EIX.N,6.46219077356708
2026-02-23,ELAN.N,345.573862049707
2026-02-23,ELF.N,50.9094403183324
2026-02-23,ELS.N,33.8264280168037
2026-02-23,ELV.N,13.3753865330203
2026-02-23,EME.N,32.4386753168728
2026-02-23,EMN.N,20.1303993480033
2026-02-23,EMR.N,35.6771574002334
2026-02-23,ENPH.OQ,37.2817366682397
2026-02-23,ENR.N,7.64238102776384
2026-02-23,ENS.N,20.724631760851
2026-02-23,ENSG.OQ,36.6553079768125
2026-02-23,ENTG.OQ,88.1123849507509
2026-02-23,ENVA.N,11.7655085102175
2026-02-23,EOG.N,12.1593328919349
2026-02-23,EPAC.N,24.6013230258068
2026-02-23,EPAM.N,19.3107506318788
2026-02-23,EPR.N,25.7497437239634
2026-02-23,EPRT.N,25.9594652867615
2026-02-23,EQIX.OQ,68.7218394814104
2026-02-23,EQR.N,21.5573591894542
2026-02-23,EQT.N,17.8125264034569
2026-02-23,ES.N,16.4136763828966
2026-02-23,ESAB.N,29.8891918830069
2026-02-23,ESE.N,55.5494288458415
2026-02-23,ESI.N,45.9844641926338
2026-02-23,ESNT.N,8.58169808500728
2026-02-23,ESS.N,24.5522599752872
2026-02-23,ETN.N,34.6343329985173
2026-02-23,ETR.N,26.8063689090087
2026-02-11,F.N,11.876586403238
2026-02-12,EVER.OQ,10.1263522768568
2026-02-12,EVR.N,25.4549543729693
2026-02-12,EVRG.OQ,22.1528544209619
2026-02-12,EVTC.N,11.629657841826
2026-02-12,EW.N,42.3178488980419
2026-02-12,EWBC.OQ,12.2996481318677
2026-02-12,EXC.OQ,17.0236684483938
2026-02-12,EXE.OQ,29.3632567553374
2026-02-12,EXEL.OQ,15.3393517237911
2026-02-12,EXLS.OQ,20.108636757694
2026-02-12,EXP.N,17.6206015708365
2026-02-12,EXPD.N,22.8808441299468
2026-02-12,EXPE.OQ,21.7390056538252
2026-02-12,EXPO.OQ,32.4479783454576
2026-02-12,EXR.N,32.2711906848629
2026-02-12,EXTR.OQ,211.866946359005
2026-02-12,FAF.N,14.2152795986881
2026-02-12,FANG.OQ,11.6429558448097
2026-02-12,FAST.OQ,41.6232519879353
2026-02-12,FBIN.N,23.2585922391715
2026-02-12,FBK.N,24.6098489255264
2026-02-12,FBNC.OQ,25.2059800524581
2026-02-12,FBP.N,10.9687961721739
2026-02-12,FCF.N,12.4159795357444
2026-02-12,FCFS.OQ,24.5201395222884
2026-02-12,FCN.N,20.4593077071742
2026-02-12,FCNCA.OQ,12.088922138077
2026-02-12,FCPT.N,22.528714424097
2026-02-12,FCX.N,43.2192940291333
2026-02-12,FDS.N,12.8495203142676
2026-02-12,FDX.N,20.3952638119038
2026-02-12,FE.N,21.2394922352348
2026-02-12,FELE.OQ,35.8827295175135
2026-02-12,FERG.N,26.6531611583197
2026-02-12,FFBC.OQ,11.1869506573584
2026-02-12,FFIN.OQ,18.9152040002489
2026-02-12,FFIV.OQ,21.6906307766557
2026-02-12,FG.N,8.42449164867391
2026-02-12,FHB.OQ,11.847727861006
2026-02-12,FHN.N,13.0725572224147
2026-02-12,FIBK.OQ,12.6752435588445
2026-02-12,FICO.N,49.519204962138
2026-02-12,FIGR.OQ,114.715189873418
2026-02-13,EVER.OQ,10.2451569619545
2026-02-13,EVR.N,25.7029880481265
2026-02-13,EVRG.OQ,22.7019399190648
2026-02-13,EVTC.N,11.6739444291902
2026-02-13,EW.N,42.002291940011
2026-02-13,EWBC.OQ,12.3615450305183
2026-02-13,EXC.OQ,17.7241568412394
2026-02-13,EXE.OQ,29.5364159454066
2026-02-13,EXEL.OQ,15.7776189158994
2026-02-13,EXLS.OQ,20.3456870394452
2026-02-13,EXP.N,17.8053880402259
2026-02-13,EXPD.N,23.8477779242829
2026-02-13,EXPE.OQ,20.3451607657059
2026-02-13,EXPO.OQ,32.2836358363342
2026-02-13,EXR.N,32.7228174354755
2026-02-13,EXTR.OQ,216.661672160623
2026-02-13,FAF.N,14.4474008863594
2026-02-13,FANG.OQ,11.7625704909277
2026-02-13,FAST.OQ,42.4184261036468
2026-02-13,FBIN.N,20.7690875684951
2026-02-13,FBK.N,24.5142847645798
2026-02-13,FBNC.OQ,25.6522526239564
2026-02-13,FBP.N,10.973688587951
2026-02-13,FCF.N,12.4976188532397
2026-02-13,FCFS.OQ,24.505319657742
2026-02-13,FCN.N,20.7008879982911
2026-02-13,FCNCA.OQ,12.101652018757
2026-02-13,FCPT.N,22.3422201034141
2026-02-13,FCX.N,43.7766027851505
2026-02-13,FDS.N,13.093848900585
2026-02-13,FDX.N,20.6856310712841
2026-02-13,FE.N,21.7874398236131
2026-02-13,FELE.OQ,35.5822369710351
2026-02-13,FERG.N,26.4206561493531
2026-02-13,FFBC.OQ,11.2314168408259
2026-02-13,FFIN.OQ,18.9378298423544
2026-02-13,FFIV.OQ,22.676568539231
2026-02-13,FG.N,8.49317768480276
2026-02-13,FHB.OQ,11.943090944594
2026-02-13,FHN.N,13.0885448586426
2026-02-13,FIBK.OQ,12.7838691062154
2026-02-13,FICO.N,49.7820457528075
2026-02-13,FIGR.OQ,118.805548074333
2026-02-17,EVER.OQ,10.0564671679758
2026-02-17,EVR.N,25.5219473913397
2026-02-17,EVRG.OQ,22.3779794751841
2026-02-17,EVTC.N,11.7359456515
2026-02-17,EW.N,43.4306023816246
2026-02-17,EWBC.OQ,12.5482848264474
2026-02-17,EXC.OQ,17.5632940316242
2026-02-17,EXE.OQ,29.167388163292
2026-02-17,EXEL.OQ,15.8350965804382
2026-02-17,EXLS.OQ,20.4608257477243
2026-02-17,EXP.N,17.3971917000582
2026-02-17,EXPD.N,23.9552150125425
2026-02-17,EXPE.OQ,20.3495839615793
2026-02-17,EXPO.OQ,33.2165212557701
2026-02-17,EXR.N,33.053712282459
2026-02-17,EXTR.OQ,212.765957446808
2026-02-17,FAF.N,14.6150440385665
2026-02-17,FANG.OQ,11.7243216215295
2026-02-17,FAST.OQ,41.7603509734028
2026-02-17,FBIN.N,21.2668657779504
2026-02-17,FBK.N,24.4810450564244
2026-02-17,FBNC.OQ,25.706984165744
2026-02-17,FBP.N,11.0372899930528
2026-02-17,FCF.N,12.5044221296977
2026-02-17,FCFS.OQ,24.7761190008178
2026-02-17,FCN.N,20.3728473924586
2026-02-17,FCNCA.OQ,12.0100692752867
2026-02-17,FCPT.N,22.9748065568961
2026-02-17,FCX.N,40.0010476620766
2026-02-17,FDS.N,12.0929924779882
2026-02-17,FDX.N,20.7176487538773
2026-02-17,FE.N,21.4612805448165
2026-02-17,FELE.OQ,30.3693445343019
2026-02-17,FERG.N,26.2498155123298
2026-02-17,FFBC.OQ,11.2832940548713
2026-02-17,FFIN.OQ,18.9208604607753
2026-02-17,FFIV.OQ,22.399247674023
2026-02-17,FG.N,8.52602752816874
2026-02-17,FHB.OQ,11.9885019367788
2026-02-17,FHN.N,13.2057875243145
2026-02-17,FIBK.OQ,12.889100105231
2026-02-17,FICO.N,50.0360017843558
2026-02-17,FIGR.OQ,124.259359008888
2026-02-18,EVER.OQ,9.97260503731865
2026-02-18,EVR.N,26.4016295254183
2026-02-18,EVRG.OQ,22.073237023737
2026-02-18,EVTC.N,11.9396639533751
2026-02-18,EW.N,43.7240149917236
2026-02-18,EWBC.OQ,12.7612521218047
2026-02-18,EXC.OQ,17.2708161959602
2026-02-18,EXE.OQ,28.2504960584994
2026-02-18,EXEL.OQ,15.9751983877515
2026-02-18,EXLS.OQ,20.9281534460338
2026-02-18,EXP.N,17.5312376225252
2026-02-18,EXPD.N,24.3491510028275
2026-02-18,EXPE.OQ,20.6917558902816
2026-02-18,EXPO.OQ,33.960896150035
2026-02-18,EXR.N,32.458995868286
2026-02-18,EXTR.OQ,211.567275996404
2026-02-18,FAF.N,14.2195781410524
2026-02-18,FANG.OQ,12.101246843599
2026-02-18,FAST.OQ,42.0254090119733
2026-02-18,FBIN.N,21.7929728285943
2026-02-18,FBK.N,24.3273114062058
2026-02-18,FBNC.OQ,25.6943538099468
2026-02-18,FBP.N,10.9981506668363
2026-02-18,FCF.N,12.4227828122024
2026-02-18,FCFS.OQ,24.8044114694974
2026-02-18,FCN.N,20.6767299691794
2026-02-18,FCNCA.OQ,12.4283454020847
2026-02-18,FCPT.N,22.663097289963
2026-02-18,FCX.N,40.9570393069715
2026-02-18,FDS.N,12.5931025531065
2026-02-18,FDX.N,21.1471273238351
2026-02-18,FE.N,21.2829801390743
2026-02-18,FELE.OQ,29.6834376347317
2026-02-18,FERG.N,26.2831749266598
2026-02-18,FFBC.OQ,11.1906561726474
2026-02-18,FFIN.OQ,18.6493503555085
2026-02-18,FFIV.OQ,22.9878301670465
2026-02-18,FG.N,8.5976999136945
2026-02-18,FHB.OQ,12.0112074328712
2026-02-18,FHN.N,13.3763223107464
2026-02-18,FIBK.OQ,12.6480871720018
2026-02-18,FICO.N,50.603515773224
2026-02-18,FIGR.OQ,119.51252356585
2026-02-19,EVER.OQ,10.0704441897521
2026-02-19,EVR.N,26.069057041365
2026-02-19,EVRG.OQ,21.8343848320622
2026-02-19,EVTC.N,12.0016651756849
2026-02-19,EW.N,43.6907984698256
2026-02-19,EWBC.OQ,12.5745123258756
2026-02-19,EXC.OQ,17.3146878713098
2026-02-19,EXE.OQ,13.7682792633937
2026-02-19,EXEL.OQ,15.8638354127076
2026-02-19,EXLS.OQ,20.5962830515821
2026-02-19,EXP.N,17.75161820692
2026-02-19,EXPD.N,24.5314684859347
2026-02-19,EXPE.OQ,20.282571061596
2026-02-19,EXPO.OQ,33.8690576890543
2026-02-19,EXR.N,32.662451483661
2026-02-19,EXTR.OQ,210.368594545999
2026-02-19,FAF.N,11.0753989324074
2026-02-19,FANG.OQ,12.1506226568221
2026-02-19,FAST.OQ,42.2356274563568
2026-02-19,FBIN.N,21.8941472614104
2026-02-19,FBK.N,24.2982266615699
2026-02-19,FBNC.OQ,25.7617157075315
2026-02-19,FBP.N,11.0372899930528
2026-02-19,FCF.N,12.4295860886603
2026-02-19,FCFS.OQ,24.6683381677528
2026-02-19,FCN.N,20.6284139109561
2026-02-19,FCNCA.OQ,12.3395378932651
2026-02-19,FCPT.N,22.9656386372804
2026-02-19,FCX.N,40.970135082929
2026-02-19,FDS.N,12.6541846996858
2026-02-19,FDX.N,21.1504394978965
2026-02-19,FE.N,28.0918297375565
2026-02-19,FELE.OQ,30.9344011706144
2026-02-19,FERG.N,26.0648223964999
2026-02-19,FFBC.OQ,11.1017238057124
2026-02-19,FFIN.OQ,18.7228843423516
2026-02-19,FFIV.OQ,23.1120036887814
2026-02-19,FG.N,8.26621513063785
2026-02-19,FHB.OQ,11.9113032500647
2026-02-19,FHN.N,13.3336886141384
2026-02-19,FIBK.OQ,12.6073525917377
2026-02-19,FICO.N,50.0778341918849
2026-02-19,FIGR.OQ,110.860490169674
2026-02-20,EVER.OQ,10.8252033656668
2026-02-20,EVR.N,26.1703441048537
2026-02-20,EVRG.OQ,21.9178231827541
2026-02-20,EVTC.N,12.1965261600872
2026-02-20,EW.N,44.1669019503635
2026-02-20,EWBC.OQ,12.7266318225594
2026-02-20,EXC.OQ,17.4718947079792
2026-02-20,EXE.OQ,14.3264348310287
2026-02-20,EXEL.OQ,15.6734406489228
2026-02-20,EXLS.OQ,20.3660056350238
2026-02-20,EXP.N,17.8197771505472
2026-02-20,EXPD.N,25.4430559014704
2026-02-20,EXPE.OQ,20.6602801342289
2026-02-20,EXPO.OQ,33.9125601179399
2026-02-20,EXR.N,34.1514782950867
2026-02-20,EXTR.OQ,210.5184297273
2026-02-20,FAF.N,11.2118856640662
2026-02-20,FANG.OQ,12.2403336414106
2026-02-20,FAST.OQ,42.2447673887213
2026-02-20,FBIN.N,21.9831807622886
2026-02-20,FBK.N,24.5475244727351
2026-02-20,FBNC.OQ,26.1995680418317
2026-02-20,FBP.N,11.1204610612628
2026-02-20,FCF.N,12.5316352355294
2026-02-20,FCFS.OQ,24.7154922822187
2026-02-20,FCN.N,20.5495824475389
2026-02-20,FCNCA.OQ,12.1662667211658
2026-02-20,FCPT.N,23.1581649492097
2026-02-20,FCX.N,42.1291112551646
2026-02-20,FDS.N,12.4104923857287
2026-02-20,FDX.N,21.4452229893585
2026-02-20,FE.N,28.4488572286733
2026-02-20,FELE.OQ,31.3034844070498
2026-02-20,FERG.N,25.7777292549933
2026-02-20,FFBC.OQ,11.4204891700961
2026-02-20,FFIN.OQ,18.8529829344586
2026-02-20,FFIV.OQ,23.0457778105228
2026-02-20,FG.N,14.3548487050777
2026-02-20,FHB.OQ,11.9839608375603
2026-02-20,FHN.N,13.4562604918863
2026-02-20,FIBK.OQ,12.7091890423979
2026-02-20,FICO.N,49.9934289802333
2026-02-20,FIGR.OQ,98.0339348235928
2026-02-23,EVER.OQ,10.7063986805691
2026-02-23,EVR.N,21.7982581101702
2026-02-23,EVRG.OQ,22.4230309187134
2026-02-23,EVTC.N,11.4170822224781
2026-02-23,EW.N,45.6395010878411
2026-02-23,EWBC.OQ,12.1800507344749
2026-02-23,EXC.OQ,17.621789598757
2026-02-23,EXE.OQ,13.6794516552428
2026-02-23,EXEL.OQ,15.8099501022025
2026-02-23,EXLS.OQ,19.3094386649328
2026-02-23,EXP.N,17.0548823387303
2026-02-23,EXPD.N,24.3572901761805
2026-02-23,EXPE.OQ,19.1403057209725
2026-02-23,EXPO.OQ,33.5500398772265
2026-02-23,EXR.N,32.7796326484357
2026-02-23,EXTR.OQ,206.472879832185
2026-02-23,FAF.N,11.0421094856614
2026-02-23,FANG.OQ,12.0880335978069
2026-02-23,FAST.OQ,41.1753953020748
2026-02-23,FBIN.N,22.5659454953096
2026-02-23,FBK.N,23.4838538117635
2026-02-23,FBNC.OQ,24.8060187855492
2026-02-23,FBP.N,10.6703588097731
2026-02-23,FCF.N,12.0486026070155
2026-02-23,FCFS.OQ,24.4649018453426
2026-02-23,FCN.N,19.8744291076278
2026-02-23,FCNCA.OQ,11.8594222987088
2026-02-23,FCPT.N,23.3048516630606
2026-02-23,FCX.N,42.9214057005913
2026-02-23,FDS.N,12.1057179251922
2026-02-23,FDX.N,21.1819051514795
2026-02-23,FE.N,28.5848677014797
2026-02-23,FELE.OQ,31.1336407938229
2026-02-23,FERG.N,25.4047103493034
2026-02-23,FFBC.OQ,10.8374273053514
2026-02-23,FFIN.OQ,18.0893607633959
2026-02-23,FFIV.OQ,22.3114983853303
2026-02-23,FG.N,13.137954152371
2026-02-23,FHB.OQ,11.370912443066
2026-02-23,FHN.N,12.8434011031469
2026-02-23,FIBK.OQ,12.1422994670559
2026-02-23,FICO.N,47.4460945005192
2026-02-23,FIGR.OQ,101.720307029356
2026-02-12,FIGS.N,102.688009664754
2026-02-12,FIS.N,146.052385988926
2026-02-12,FISV.OQ,9.09542151758392
2026-02-12,FITB.OQ,15.0399764611354
2026-02-12,FIVE.OQ,36.1110662481853
2026-02-12,FIVN.OQ,43.7376270291672
2026-02-12,FIX.N,55.0512561656458
2026-02-12,FLEX.OQ,28.0221132970747
2026-02-12,FLO.N,12.4020673754603
2026-02-12,FLR.N,2.31398912065373
2026-02-12,FLS.N,24.8652726264837
2026-02-12,FN.N,44.3082948234908
2026-02-12,FNB.N,11.4497713243995
2026-02-12,FND.N,34.6638130194321
2026-02-12,FNF.N,13.2662109606831
2026-02-12,FORM.OQ,178.50949903771
2026-02-12,FOUR.N,25.5555295384832
2026-02-12,FOX.OQ,13.5917279053131
2026-02-12,FOXA.OQ,13.5917279053131
2026-02-12,FR.N,31.0920812188182
2026-02-12,FRME.OQ,10.7238329719233
2026-02-12,FRPT.OQ,30.2506405257881
2026-02-12,FRSH.OQ,10.868726166767
2026-02-12,FRT.N,26.6805566875866
2026-02-12,FSLR.OQ,16.9250140114087
2026-02-12,FSS.N,31.1365248966985
2026-02-12,FTAI.OQ,62.7273847726951
2026-02-12,FTDR.OQ,16.2746583574956
2026-02-12,FTI.N,27.3693744591365
2026-02-12,FTNT.OQ,34.7244831096257
2026-02-12,FTV.N,28.9123285266587
2026-02-12,FUBO.N,2.91570755234024
2026-02-12,FUL.N,24.217481483634
2026-02-12,FULT.OQ,10.5384108730246
2026-02-12,FWONK.OQ,86.9843192677838
2026-02-12,FWRG.OQ,199.314894696777
2026-02-12,G.N,11.6053478567981
2026-02-13,FIGS.N,103.19138226115
2026-02-13,FIS.N,145.585764947427
2026-02-13,FISV.OQ,9.17892249717411
2026-02-13,FITB.OQ,14.9551007474721
2026-02-13,FIVE.OQ,36.9544892535348
2026-02-13,FIVN.OQ,44.2127491091461
2026-02-13,FIX.N,56.6574577212857
2026-02-13,FLEX.OQ,28.7562389489469
2026-02-13,FLO.N,26.2750767201806
2026-02-13,FLR.N,2.30436227736658
2026-02-13,FLS.N,25.6282038826629
2026-02-13,FN.N,47.5207780538489
2026-02-13,FNB.N,11.5585121693799
2026-02-13,FND.N,35.1038614247567
2026-02-13,FNF.N,13.205698419459
2026-02-13,FORM.OQ,184.321347586654
2026-02-13,FOUR.N,25.7615847519142
2026-02-13,FOX.OQ,13.5724591079992
2026-02-13,FOXA.OQ,13.5724591079992
2026-02-13,FR.N,31.5743782387585
2026-02-13,FRME.OQ,10.8294230660273
2026-02-13,FRPT.OQ,30.1748913891055
2026-02-13,FRSH.OQ,11.1774967965047
2026-02-13,FRT.N,22.529882191074
2026-02-13,FSLR.OQ,17.3242431919908
2026-02-13,FSS.N,31.4312993029759
2026-02-13,FTAI.OQ,63.8731529623357
2026-02-13,FTDR.OQ,16.1322479763485
2026-02-13,FTI.N,27.5128574182932
2026-02-13,FTNT.OQ,35.2602275677614
2026-02-13,FTV.N,29.3769909494086
2026-02-13,FUBO.N,2.93763016551573
2026-02-13,FUL.N,24.5153416128763
2026-02-13,FULT.OQ,10.5912952341575
2026-02-13,FWONK.OQ,87.859209906454
2026-02-13,FWRG.OQ,195.001268713524
2026-02-13,G.N,11.9409472853202
2026-02-17,FIGS.N,103.19138226115
2026-02-17,FIS.N,147.825545946619
2026-02-17,FISV.OQ,9.81136510184801
2026-02-17,FITB.OQ,15.011684556581
2026-02-17,FIVE.OQ,38.129897909926
2026-02-17,FIVN.OQ,43.1041309225287
2026-02-17,FIX.N,56.648988427557
2026-02-17,FLEX.OQ,28.8368137156158
2026-02-17,FLO.N,24.4997336985468
2026-02-17,FLR.N,2.46092514977342
2026-02-17,FLS.N,25.6482058257088
2026-02-17,FN.N,47.638728930665
2026-02-17,FNB.N,11.6288738926024
2026-02-17,FND.N,34.6288091690086
2026-02-17,FNF.N,13.3732716105413
2026-02-17,FORM.OQ,181.748890032203
2026-02-17,FOUR.N,26.3469688809797
2026-02-17,FOX.OQ,13.5917279053131
2026-02-17,FOXA.OQ,13.5917279053131
2026-02-17,FR.N,32.1799289415724
2026-02-17,FRME.OQ,10.9556161053223
2026-02-17,FRPT.OQ,31.9438565222235
2026-02-17,FRSH.OQ,11.2546894539391
2026-02-17,FRT.N,22.8330036976524
2026-02-17,FSLR.OQ,17.3549531289587
2026-02-17,FSS.N,30.8469677365499
2026-02-17,FTAI.OQ,65.2197729461763
2026-02-17,FTDR.OQ,16.4170687386428
2026-02-17,FTI.N,27.4725028360304
2026-02-17,FTNT.OQ,33.6653575270036
2026-02-17,FTV.N,29.3305247071336
2026-02-17,FUBO.N,2.91570755234024
2026-02-17,FUL.N,24.3082924986469
2026-02-17,FULT.OQ,10.6345642569026
2026-02-17,FWONK.OQ,89.3173609709042
2026-02-17,FWRG.OQ,199.695508754123
2026-02-17,G.N,12.0592061315614
2026-02-18,FIGS.N,108.527131782946
2026-02-18,FIS.N,151.123001306539
2026-02-18,FISV.OQ,9.74332726662636
2026-02-18,FITB.OQ,15.184265174363
2026-02-18,FIVE.OQ,38.4672671120658
2026-02-18,FIVN.OQ,44.1599577669262
2026-02-18,FIX.N,55.8748949807578
2026-02-18,FLEX.OQ,29.4635063452629
2026-02-18,FLO.N,25.0830606913693
2026-02-18,FLS.N,32.9982875437421
2026-02-18,FN.N,48.5017841268806
2026-02-18,FNB.N,11.6096843317235
2026-02-18,FND.N,34.9788476732441
2026-02-18,FNF.N,13.0474348501035
2026-02-18,FORM.OQ,180.415023152118
2026-02-18,FOUR.N,27.6956939143466
2026-02-18,FOX.OQ,13.769964280467
2026-02-18,FOXA.OQ,13.769964280467
2026-02-18,FR.N,32.3674888937714
2026-02-18,FRME.OQ,10.8912319016003
2026-02-18,FRPT.OQ,32.514202963128
2026-02-18,FRSH.OQ,11.4553903632686
2026-02-18,FRT.N,22.6696190558088
2026-02-18,FSLR.OQ,18.3161741560525
2026-02-18,FSS.N,30.6617554989774
2026-02-18,FTAI.OQ,65.5415922982466
2026-02-18,FTDR.OQ,16.2718101498727
2026-02-18,FTI.N,27.920887083395
2026-02-18,FTNT.OQ,33.2532464053607
2026-02-18,FTV.N,30.11528791
2026-02-18,FUBO.N,2.89378493916475
2026-02-18,FUL.N,24.3010276174459
2026-02-18,FULT.OQ,10.5768722265758
2026-02-18,FWONK.OQ,91.6391861273751
2026-02-18,FWRG.OQ,202.486678507993
2026-02-18,G.N,12.5226529614252
2026-02-19,FIGS.N,111.849390919158
2026-02-19,FIS.N,152.429540222734
2026-02-19,FISV.OQ,9.51447272997175
2026-02-19,FITB.OQ,14.9664175092939
2026-02-19,FIVE.OQ,38.7561843543238
2026-02-19,FIVN.OQ,45.3477629668734
2026-02-19,FIX.N,58.1637216109274
2026-02-19,FLEX.OQ,29.1456836545133
2026-02-19,FLO.N,25.0576986482031
2026-02-19,FLS.N,32.8382101109374
2026-02-19,FN.N,49.2737390523846
2026-02-19,FNB.N,11.6032878114306
2026-02-19,FND.N,33.06363700007
2026-02-19,FNF.N,12.6168648452392
2026-02-19,FORM.OQ,175.84176527754
2026-02-19,FOUR.N,27.3912941672325
2026-02-19,FOX.OQ,13.5266957143786
2026-02-19,FOXA.OQ,13.5266957143786
2026-02-19,FR.N,32.5443311344162
2026-02-19,FRME.OQ,10.834573802325
2026-02-19,FRPT.OQ,33.2716943299543
2026-02-19,FRSH.OQ,11.7795995244932
2026-02-19,FRT.N,22.7599105684066
2026-02-19,FSLR.OQ,17.9115707365011
2026-02-19,FSS.N,30.5730623147878
2026-02-19,FTAI.OQ,65.9569903271602
2026-02-19,FTDR.OQ,15.8360343835624
2026-02-19,FTI.N,27.692211117239
2026-02-19,FTNT.OQ,33.6571153045707
2026-02-19,FTV.N,29.8726308670084
2026-02-19,FUBO.N,2.7841718732873
2026-02-19,FUL.N,23.7016749183609
2026-02-19,FULT.OQ,10.5768722265758
2026-02-19,FWONK.OQ,91.7906095071449
2026-02-19,FWRG.OQ,198.299923877188
2026-02-19,G.N,12.4203750403518
2026-02-20,FIGS.N,113.158159669788
2026-02-20,FIS.N,152.833945125366
2026-02-20,FISV.OQ,9.70268461460754
2026-02-20,FITB.OQ,15.1701192220858
2026-02-20,FIVE.OQ,39.4955253717791
2026-02-20,FIVN.OQ,50.9964365844002
2026-02-20,FIX.N,50.6065076930904
2026-02-20,FLEX.OQ,29.4008370822982
2026-02-20,FLO.N,25.5395774683609
2026-02-20,FLS.N,33.1099694736058
2026-02-20,FN.N,52.3711482565806
2026-02-20,FNB.N,11.7248216969968
2026-02-20,FND.N,35.8471546743152
2026-02-20,FNF.N,12.1327645154458
2026-02-20,FORM.OQ,180.186360258389
2026-02-20,FOUR.N,27.3912941672325
2026-02-20,FOX.OQ,13.7338352855034
2026-02-20,FOXA.OQ,13.7338352855034
2026-02-20,FR.N,33.2677766643266
2026-02-20,FRME.OQ,10.9118348467913
2026-02-20,FRPT.OQ,33.2004010248413
2026-02-20,FRSH.OQ,11.5171444892162
2026-02-20,FRT.N,23.0995786396079
2026-02-20,FSLR.OQ,18.5702988844615
2026-02-20,FSS.N,30.9747902667056
2026-02-20,FTAI.OQ,66.1304532403329
2026-02-20,FTDR.OQ,16.0354089171684
2026-02-20,FTI.N,27.5254813382526
2026-02-20,FTNT.OQ,32.9688897314272
2026-02-20,FTV.N,30.0894733309584
2026-02-20,FUBO.N,2.71840403376082
2026-02-20,FUL.N,23.9523133197964
2026-02-20,FULT.OQ,10.7643713251379
2026-02-20,FWONK.OQ,91.964465980214
2026-02-20,FWRG.OQ,201.979193098198
2026-02-20,G.N,12.4427483355866
2026-02-23,FIGS.N,109.835900533575
2026-02-23,FIS.N,147.638897530019
2026-02-23,FISV.OQ,9.21810283867057
2026-02-23,FITB.OQ,14.3468247995519
2026-02-23,FIVE.OQ,39.3519640091664
2026-02-23,FIVN.OQ,39.1983560554168
2026-02-23,FIX.N,48.9224274428249
2026-02-23,FLEX.OQ,28.3354596118982
2026-02-23,FLO.N,25.691749727358
2026-02-23,FLS.N,32.8866056138784
2026-02-23,FN.N,55.3036180232776
2026-02-23,FNB.N,11.1555313909233
2026-02-23,FND.N,35.5094151390448
2026-02-23,FNF.N,11.876749917959
2026-02-23,FORM.OQ,139.245824218807
2026-02-23,FOUR.N,26.9136207179151
2026-02-23,FOX.OQ,13.3291905419108
2026-02-23,FOXA.OQ,13.3291905419108
2026-02-23,FR.N,33.2249058181097
2026-02-23,FRME.OQ,10.4946252066733
2026-02-23,FRPT.OQ,35.0139244736549
2026-02-23,FRSH.OQ,10.6217096629769
2026-02-23,FRT.N,23.4607446899991
2026-02-23,FSLR.OQ,18.5910280919148
2026-02-23,FSS.N,30.1608998706123
2026-02-23,FTAI.OQ,64.872847119831
2026-02-23,FTDR.OQ,15.6622937185629
2026-02-23,FTI.N,27.8549720583199
2026-02-23,FTNT.OQ,31.1556007961987
2026-02-23,FTV.N,29.5215525920419
2026-02-23,FUBO.N,2.58686835470788
2026-02-23,FUL.N,23.8542374235825
2026-02-23,FULT.OQ,10.2211047062274
2026-02-23,FWONK.OQ,89.3173609709042
2026-02-23,FWRG.OQ,196.650596295356
2026-02-23,G.N,11.998478615924
2026-02-12,GAP.N,12.2009773346317
2026-02-12,GATX.N,22.1528087428386
2026-02-12,GBCI.N,25.6060568076412
2026-02-12,GBTG.N,244.617498854787
2026-02-12,GBX.N,9.78351337533829
2026-02-12,GCT.OQ,10.2550997399396
2026-02-12,GD.N,22.0561868008529
2026-02-12,GDDY.N,15.2090337455821
2026-02-12,GE.N,38.2508450540651
2026-02-12,GEF.N,16.5758460655994
2026-02-12,GEHC.OQ,17.2786509251163
2026-02-12,GEN.OQ,24.2951316888985
2026-02-12,GEO.N,7.95384760735037
2026-02-12,GEV.N,45.7774588509665
2026-02-12,GFF.N,100.782736078011
2026-02-12,GFS.OQ,30.6899246300824
2026-02-12,GGG.N,32.2158475453697
2026-02-12,GHC.N,6.4407673434219
2026-02-12,GIII.OQ,9.15239173575855
2026-02-12,GILD.OQ,22.3833943257852
2026-02-12,GIS.N,10.4229020637689
2026-02-12,GL.N,10.1873597558993
2026-02-12,GLNG.OQ,80.1131874391342
2026-02-12,GLOB.N,21.7522765293466
2026-02-12,GLPI.OQ,16.6081307944223
2026-02-12,GLUE.OQ,73.8375573737777
2026-02-12,GLW.N,83.524943152225
2026-02-12,GM.N,26.5496131987418
2026-02-12,GME.N,28.6061785453661
2026-02-12,GMED.N,28.1871299671656
2026-02-12,GNRC.N,41.0495189673019
2026-02-12,GNTX.OQ,14.3876414755286
2026-02-12,GNW.N,15.3100280683848
2026-02-12,GOLD.N,124.75945425847
2026-02-12,GOLF.N,27.3477769847716
2026-02-12,GOOG.OQ,28.5968127047587
2026-02-12,GOOGL.OQ,28.5968127047587
2026-02-12,GPC.N,25.4272469979449
2026-02-12,GPI.N,11.7948156307546
2026-02-12,GPK.N,8.25005574361989
2026-02-12,GPN.N,11.9551538725546
2026-02-13,GAP.N,12.4163678870636
2026-02-13,GATX.N,22.3600401889299
2026-02-13,GBCI.N,25.7163629070671
2026-02-13,GBTG.N,230.87494273935
2026-02-13,GBX.N,9.98766373469527
2026-02-13,GCT.OQ,10.5918253837019
2026-02-13,GD.N,22.5021651634585
2026-02-13,GDDY.N,15.3572296329739
2026-02-13,GE.N,38.5589153967934
2026-02-13,GEF.N,16.6910013731727
2026-02-13,GEHC.OQ,17.6499277218544
2026-02-13,GEN.OQ,24.4705105588396
2026-02-13,GEO.N,8.39080731257972
2026-02-13,GEV.N,44.9684935193075
2026-02-13,GFF.N,102.324157684151
2026-02-13,GFS.OQ,30.8726777746969
2026-02-13,GGG.N,32.3491120823096
2026-02-13,GHC.N,6.33222483876379
2026-02-13,GIII.OQ,9.17674129807517
2026-02-13,GILD.OQ,22.8507901495962
2026-02-13,GIS.N,10.3714097522147
2026-02-13,GL.N,10.1979642247638
2026-02-13,GLNG.OQ,79.8191940907337
2026-02-13,GLOB.N,21.805244735181
2026-02-13,GLPI.OQ,16.680027464528
2026-02-13,GLUE.OQ,71.5226501696268
2026-02-13,GLW.N,72.6617412466721
2026-02-13,GM.N,26.9315981252844
2026-02-13,GME.N,28.6669909997567
2026-02-13,GMED.N,28.4682902867189
2026-02-13,GNRC.N,42.708777324484
2026-02-13,GNTX.OQ,14.6645534940994
2026-02-13,GNW.N,15.1739389299991
2026-02-13,GOLD.N,131.700144867997
2026-02-13,GOLF.N,27.2247242936092
2026-02-13,GOOG.OQ,28.2932607770189
2026-02-13,GOOGL.OQ,28.2932607770189
2026-02-13,GPC.N,25.3497301552576
2026-02-13,GPI.N,11.7193450983118
2026-02-13,GPK.N,8.39194859424726
2026-02-13,GPN.N,11.8702180251202
2026-02-17,GAP.N,12.3849567648339
2026-02-17,GATX.N,22.5265238787673
2026-02-17,GBCI.N,25.4957507082153
2026-02-17,GBTG.N,251.488776912506
2026-02-17,GBX.N,9.98940860956157
2026-02-17,GCT.OQ,10.4084301670099
2026-02-17,GD.N,22.1707559883437
2026-02-17,GDDY.N,15.7156568955029
2026-02-17,GE.N,39.9855744839516
2026-02-17,GEF.N,16.5345639742052
2026-02-17,GEHC.OQ,17.9289345454386
2026-02-17,GEN.OQ,23.5317177844491
2026-02-17,GEO.N,8.60928716519439
2026-02-17,GEV.N,45.9226577566489
2026-02-17,GFF.N,100.651551260467
2026-02-17,GFS.OQ,30.3874366665826
2026-02-17,GGG.N,32.2226816241872
2026-02-17,GHC.N,6.4270573414546
2026-02-17,GIII.OQ,9.32283867197487
2026-02-17,GILD.OQ,22.8935487580836
2026-02-17,GIS.N,9.64622636449262
2026-02-17,GL.N,10.3153203468651
2026-02-17,GLNG.OQ,81.160538742811
2026-02-17,GLOB.N,21.3903271228112
2026-02-17,GLPI.OQ,16.9927779794879
2026-02-17,GLUE.OQ,73.2787866693275
2026-02-17,GLW.N,71.0610704894024
2026-02-17,GM.N,26.9781006380809
2026-02-17,GME.N,28.2899537825347
2026-02-17,GMED.N,28.762377517516
2026-02-17,GNRC.N,44.4232174389576
2026-02-17,GNTX.OQ,14.4995846319721
2026-02-17,GNW.N,15.3100280683848
2026-02-17,GOLD.N,126.900041081969
2026-02-17,GOLF.N,27.2083172681209
2026-02-17,GOOG.OQ,27.9508393951172
2026-02-17,GOOGL.OQ,27.9508393951172
2026-02-17,GPC.N,21.6599284433412
2026-02-17,GPI.N,13.2713372141843
2026-02-17,GPK.N,8.35816458219312
2026-02-17,GPN.N,12.0938246438761
2026-02-18,GAP.N,12.5734234982118
2026-02-18,GATX.N,22.1516445212313
2026-02-18,GBCI.N,25.2149715460403
2026-02-18,GBTG.N,249.198350893266
2026-02-18,GBX.N,10.067927978545
2026-02-18,GCT.OQ,10.5888189047397
2026-02-18,GD.N,22.6219126193105
2026-02-18,GDDY.N,15.6053715839556
2026-02-18,GE.N,40.2911998239598
2026-02-18,GEF.N,16.3281535172342
2026-02-18,GEHC.OQ,18.2233196978817
2026-02-18,GEN.OQ,23.8308935037603
2026-02-18,GEO.N,8.64471633048326
2026-02-18,GEV.N,45.8329595909764
2026-02-18,GFF.N,97.863873887662
2026-02-18,GFS.OQ,29.3350306269063
2026-02-18,GGG.N,30.2849547768016
2026-02-18,GHC.N,6.48908162983067
2026-02-18,GIII.OQ,9.66373254440752
2026-02-18,GILD.OQ,22.5205167599001
2026-02-18,GIS.N,9.73204688374967
2026-02-18,GL.N,10.1520115263507
2026-02-18,GLNG.OQ,81.7485254396119
2026-02-18,GLOB.N,21.8317288380983
2026-02-18,GLPI.OQ,16.7914673031919
2026-02-18,GLUE.OQ,72.9594891239274
2026-02-18,GLW.N,71.8722947847533
2026-02-18,GM.N,27.7918946120196
2026-02-18,GME.N,29.0318657261007
2026-02-18,GMED.N,29.134026215776
2026-02-18,GNRC.N,43.4508768190952
2026-02-18,GNTX.OQ,14.4583424164403
2026-02-18,GNW.N,15.0718720762099
2026-02-18,GOLD.N,124.910808882354
2026-02-18,GOLF.N,27.3805910357482
2026-02-18,GOOG.OQ,28.0720750735743
2026-02-18,GOOGL.OQ,28.0720750735743
2026-02-18,GPC.N,20.8279143318307
2026-02-18,GPI.N,13.4931154335543
2026-02-18,GPK.N,8.84465435577267
2026-02-18,GPN.N,14.0854835969811
2026-02-19,GAP.N,12.6631695617251
2026-02-19,GATX.N,22.0107737067535
2026-02-19,GBCI.N,25.0094010880193
2026-02-19,GBTG.N,246.449839670179
2026-02-19,GBX.N,10.1150395999351
2026-02-19,GCT.OQ,10.6429355260587
2026-02-19,GD.N,22.9358451387064
2026-02-19,GDDY.N,15.2796852732922
2026-02-19,GE.N,40.9220105257367
2026-02-19,GEF.N,16.1630251516574
2026-02-19,GEHC.OQ,18.236501122618
2026-02-19,GEN.OQ,23.0468467910825
2026-02-19,GEO.N,9.04624687042373
2026-02-19,GEV.N,46.7893662824595
2026-02-19,GFF.N,95.9507619651485
2026-02-19,GFS.OQ,28.6355272113131
2026-02-19,GGG.N,30.155282523422
2026-02-19,GHC.N,6.4677083953227
2026-02-19,GIII.OQ,9.62416450564301
2026-02-19,GILD.OQ,22.2816583262806
2026-02-19,GIS.N,9.6118981567898
2026-02-19,GL.N,10.1809970745805
2026-02-19,GLNG.OQ,83.60435845139
2026-02-19,GLOB.N,20.2338546287591
2026-02-19,GLPI.OQ,17.0215366475302
2026-02-19,GLUE.OQ,76.4717621233287
2026-02-19,GLW.N,70.7725141964252
2026-02-19,GM.N,27.0611408395032
2026-02-19,GME.N,29.0683531987351
2026-02-19,GMED.N,29.3828692572197
2026-02-19,GNRC.N,84.6497642518765
2026-02-19,GNTX.OQ,14.1225129471098
2026-02-19,GNW.N,14.9357829378243
2026-02-19,GOLD.N,126.856796903717
2026-02-19,GOLF.N,27.3341044635313
2026-02-19,GOOG.OQ,28.0276528402466
2026-02-19,GOOGL.OQ,28.0276528402466
2026-02-19,GPC.N,20.5626344701896
2026-02-19,GPI.N,13.3376296167134
2026-02-19,GPK.N,8.71627510996696
2026-02-19,GPN.N,13.9104117481877
2026-02-20,GAP.N,12.9099712363866
2026-02-20,GATX.N,21.7173225512494
2026-02-20,GBCI.N,25.3202637318559
2026-02-20,GBTG.N,248.740265689418
2026-02-20,GBX.N,10.2685885881694
2026-02-20,GCT.OQ,10.5316958044586
2026-02-20,GD.N,22.7468383435237
2026-02-20,GDDY.N,15.619157247899
2026-02-20,GE.N,41.9586916790445
2026-02-20,GEF.N,16.2173436929655
2026-02-20,GEHC.OQ,18.5045234255887
2026-02-20,GEN.OQ,23.0571631951967
2026-02-20,GEO.N,7.82984552883934
2026-02-20,GEV.N,46.549984302821
2026-02-20,GFF.N,96.8799877560837
2026-02-20,GFS.OQ,29.1081646542815
2026-02-20,GGG.N,30.1779751677635
2026-02-20,GHC.N,6.55362041638414
2026-02-20,GIII.OQ,9.70634427846159
2026-02-20,GILD.OQ,22.3229424999926
2026-02-20,GIS.N,9.57327892312412
2026-02-20,GL.N,10.2078617290374
2026-02-20,GLNG.OQ,84.1372213953659
2026-02-20,GLOB.N,20.2250265944534
2026-02-20,GLPI.OQ,16.10242848477
2026-02-20,GLUE.OQ,75.7533426461784
2026-02-20,GLW.N,75.9556385532985
2026-02-20,GM.N,27.0744272717308
2026-02-20,GME.N,28.4967161274629
2026-02-20,GMED.N,29.2762222394581
2026-02-20,GNRC.N,85.2898380836487
2026-02-20,GNTX.OQ,14.1225129471098
2026-02-20,GNW.N,14.9357829378243
2026-02-20,GOLD.N,127.181128240611
2026-02-20,GOLF.N,27.9384299023508
2026-02-20,GOOG.OQ,29.1502396949673
2026-02-20,GOOGL.OQ,29.1502396949673
2026-02-20,GPC.N,20.3369743281443
2026-02-20,GPI.N,13.7526602337591
2026-02-20,GPK.N,8.45951661835553
2026-02-20,GPN.N,14.2952231386049
2026-02-23,GAP.N,12.1336677869967
2026-02-23,GATX.N,21.4405503063639
2026-02-23,GBCI.N,23.9163679209807
2026-02-23,GBTG.N,227.668346312414
2026-02-23,GBX.N,10.1621512213252
2026-02-23,GCT.OQ,10.1679118500368
2026-02-23,GD.N,22.5889011585081
2026-02-23,GDDY.N,15.1228733459357
2026-02-23,GE.N,41.4415736037506
2026-02-23,GEF.N,15.954441953034
2026-02-23,GEHC.OQ,18.4232379730484
2026-02-23,GEN.OQ,22.3350149072039
2026-02-23,GEO.N,7.85936983324673
2026-02-23,GEV.N,46.6262277436427
2026-02-23,GFF.N,94.660777925968
2026-02-23,GFS.OQ,29.0892591565627
2026-02-23,GGG.N,30.1066554284047
2026-02-23,GHC.N,6.4038281678157
2026-02-23,GIII.OQ,9.31370758610614
2026-02-23,GILD.OQ,22.0914562402503
2026-02-23,GIS.N,9.73633790971252
2026-02-23,GL.N,10.0848498902084
2026-02-23,GLNG.OQ,83.4389871929147
2026-02-23,GLOB.N,18.3446552873304
2026-02-23,GLPI.OQ,16.3103116884887
2026-02-23,GLUE.OQ,77.8686888844542
2026-02-23,GLW.N,79.0807576508251
2026-02-23,GM.N,26.4599297812057
2026-02-23,GME.N,28.7521284359037
2026-02-23,GMED.N,30.184337754337
2026-02-23,GNRC.N,84.6423215329024
2026-02-23,GNTX.OQ,13.8868431440708
2026-02-23,GNW.N,14.1192481075104
2026-02-23,GOLD.N,123.20266384138
2026-02-23,GOLF.N,27.4516881461975
2026-02-23,GOOG.OQ,28.8272530401466
2026-02-23,GOOGL.OQ,28.8272530401466
2026-02-23,GPC.N,251.755526657998
2026-02-23,GPI.N,13.3757979696847
2026-02-23,GPK.N,8.17573091710079
2026-02-23,GPN.N,16.8833816888904
2026-02-12,GRBK.N,10.1149077516761
2026-02-12,GRMN.N,25.0645978896995
2026-02-12,GS.N,17.6328285821221
2026-02-12,GSHD.OQ,46.0430262625552
2026-02-12,GTES.N,30.2810317329374
2026-02-12,GTLS.N,232.488017821381
2026-02-12,GTM.OQ,19.8932710221352
2026-02-12,GTX.OQ,13.1069937900845
2026-02-12,GVA.N,37.3941579224568
2026-02-12,GWRE.N,119.183005914459
2026-02-12,GWW.N,31.1469474262066
2026-02-12,GXO.N,212.360441302768
2026-02-12,HAE.N,15.8374273247827
2026-02-12,HAL.N,22.7406871945194
2026-02-12,HALO.OQ,16.1723707282613
2026-02-12,HASI.N,15.4918433261416
2026-02-12,HAYW.N,26.5834191555098
2026-02-12,HBAN.OQ,12.1800368282706
2026-02-12,HCA.N,18.853774224627
2026-02-12,HCC.N,128.967986457538
2026-02-12,HCI.N,10.262005682908
2026-02-12,HCSG.OQ,39.4863444600696
2026-02-12,HD.N,26.6174090214886
2026-02-12,HE.N,23.7204767379251
2026-02-12,HEI.N,66.9777135201382
2026-02-12,HEIa.N,66.9777135201382
2026-02-12,HGV.N,79.20030757401
2026-02-12,HHH.N,15.427017239601
2026-02-12,HIG.N,11.5931063952866
2026-02-12,HII.N,26.4555564082985
2026-02-12,HIMS.N,29.3784050129228
2026-02-12,HIW.N,15.0997971157537
2026-02-12,HL.N,68.7804556828658
2026-02-12,HLF.N,5.14316419743609
2026-02-12,HLI.N,25.4436253598414
2026-02-12,HLIO.N,72.7392973832016
2026-02-12,HLNE.OQ,22.0278587625526
2026-02-12,HLT.N,52.6215209721678
2026-02-12,HNI.N,16.6744966442953
2026-02-12,HOG.N,7.56092880445212
2026-02-12,HOLX.OQ,31.0885344688056
2026-02-13,GRBK.N,10.5100620900926
2026-02-13,GRMN.N,26.4854431199393
2026-02-13,GS.N,17.6443297361362
2026-02-13,GSHD.OQ,42.8239722774367
2026-02-13,GTES.N,28.9200227472471
2026-02-13,GTLS.N,232.634279156635
2026-02-13,GTM.OQ,16.4929204916757
2026-02-13,GTX.OQ,13.5205639824901
2026-02-13,GVA.N,37.8890039992823
2026-02-13,GWRE.N,120.789989159995
2026-02-13,GWW.N,31.5603432356786
2026-02-13,GXO.N,216.390301909229
2026-02-13,HAE.N,15.8703990679987
2026-02-13,HAL.N,22.5218354367419
2026-02-13,HALO.OQ,16.7021987864415
2026-02-13,HASI.N,17.1651180588284
2026-02-13,HAYW.N,26.8891606591143
2026-02-13,HBAN.OQ,12.130838756835
2026-02-13,HCA.N,19.0323711292996
2026-02-13,HCC.N,79.7508018523483
2026-02-13,HCI.N,10.0320981413055
2026-02-13,HCSG.OQ,39.9489305010732
2026-02-13,HD.N,26.6740243909926
2026-02-13,HE.N,24.4772036031841
2026-02-13,HEI.N,67.8076702685838
2026-02-13,HEIa.N,67.8076702685838
2026-02-13,HGV.N,80.7731292160358
2026-02-13,HHH.N,15.6905963381605
2026-02-13,HIG.N,11.540815267702
2026-02-13,HII.N,27.237333839776
2026-02-13,HIMS.N,30.3081013740912
2026-02-13,HIW.N,15.8469046444042
2026-02-13,HL.N,74.4106413802186
2026-02-13,HLF.N,5.08559146388271
2026-02-13,HLI.N,25.4482288744714
2026-02-13,HLIO.N,74.6740106804071
2026-02-13,HLNE.OQ,21.970587761545
2026-02-13,HLT.N,51.3883444400888
2026-02-13,HNI.N,16.7885906040268
2026-02-13,HOG.N,7.83726731913261
2026-02-13,HOLX.OQ,31.1424860037268
2026-02-17,GRBK.N,10.3666067197104
2026-02-17,GRMN.N,26.7617185813748
2026-02-17,GS.N,17.8568086831763
2026-02-17,GSHD.OQ,44.5302467941389
2026-02-17,GTES.N,28.2582846507781
2026-02-17,GTLS.N,233.309331473189
2026-02-17,GTM.OQ,16.830039935688
2026-02-17,GTX.OQ,13.1197190267739
2026-02-17,GVA.N,35.2283777306033
2026-02-17,GWRE.N,116.282829051214
2026-02-17,GWW.N,31.5826587989429
2026-02-17,GXO.N,215.8948272445
2026-02-17,HAE.N,16.0984536252432
2026-02-17,HAL.N,22.3560386505468
2026-02-17,HALO.OQ,16.9208579850555
2026-02-17,HASI.N,27.7286803071224
2026-02-17,HAYW.N,26.519052523172
2026-02-17,HBAN.OQ,12.5725964894605
2026-02-17,HCA.N,18.8382746904937
2026-02-17,HCC.N,78.4937192084077
2026-02-17,HCI.N,10.1616592973467
2026-02-17,HCSG.OQ,25.6652360515021
2026-02-17,HD.N,26.1276519696351
2026-02-17,HE.N,23.9242108939564
2026-02-17,HEI.N,68.7640577747779
2026-02-17,HEIa.N,68.7640577747779
2026-02-17,HGV.N,83.4993533955472
2026-02-17,HHH.N,15.8071059396977
2026-02-17,HIG.N,11.7271024097222
2026-02-17,HII.N,27.1755461060069
2026-02-17,HIMS.N,30.2523195924211
2026-02-17,HIW.N,15.7303832867248
2026-02-17,HL.N,69.9328328723824
2026-02-17,HLF.N,5.09838540467235
2026-02-17,HLI.N,25.400659223295
2026-02-17,HLIO.N,73.1242658454006
2026-02-17,HLNE.OQ,21.4712562215099
2026-02-17,HLT.N,51.9110152881223
2026-02-17,HNI.N,16.7852348993289
2026-02-17,HOG.N,7.81040107464978
2026-02-17,HOLX.OQ,31.1881373025062
2026-02-18,GRBK.N,10.3483487634799
2026-02-18,GRMN.N,29.2876656573568
2026-02-18,GS.N,18.2016483687855
2026-02-18,GSHD.OQ,41.6717972171894
2026-02-18,GTES.N,28.0514914956315
2026-02-18,GTLS.N,233.253077113476
2026-02-18,GTM.OQ,17.1152948498522
2026-02-18,GTX.OQ,13.1006311717398
2026-02-18,GVA.N,36.3733479422037
2026-02-18,GWRE.N,122.51107772474
2026-02-18,GWW.N,31.6334267053693
2026-02-18,GXO.N,216.059985466076
2026-02-18,HAE.N,16.6589732599163
2026-02-18,HAL.N,23.059017024014
2026-02-18,HALO.OQ,29.3903990560396
2026-02-18,HASI.N,26.7035251198371
2026-02-18,HAYW.N,26.7282440782698
2026-02-18,HBAN.OQ,12.8748569660245
2026-02-18,HCA.N,18.8467289818391
2026-02-18,HCC.N,80.4902622311368
2026-02-18,HCI.N,10.0035184745317
2026-02-18,HCSG.OQ,24.8804414469651
2026-02-18,HD.N,26.1603933881434
2026-02-18,HE.N,23.3566657450122
2026-02-18,HEI.N,69.7856998656164
2026-02-18,HEIa.N,69.7856998656164
2026-02-18,HGV.N,84.8100380972353
2026-02-18,HHH.N,15.8586757633289
2026-02-18,HIG.N,11.5416323165705
2026-02-18,HII.N,27.6347265274903
2026-02-18,HIMS.N,29.4527807218162
2026-02-18,HIW.N,15.8400504468937
2026-02-18,HL.N,45.4921080902405
2026-02-18,HLF.N,5.29029451651698
2026-02-18,HLI.N,25.4865914963878
2026-02-18,HLIO.N,72.9663300660369
2026-02-18,HLNE.OQ,22.047545669149
2026-02-18,HLT.N,51.594146086502
2026-02-18,HNI.N,16.8255033557047
2026-02-18,HOG.N,7.89867587795049
2026-02-18,HOLX.OQ,31.2088878928606
2026-02-19,GRBK.N,10.2114140917515
2026-02-19,GRMN.N,27.9059808172565
2026-02-19,GS.N,17.868699706818
2026-02-19,GSHD.OQ,38.4791289204735
2026-02-19,GTES.N,28.7132295921005
2026-02-19,GTLS.N,232.848045723543
2026-02-19,GTM.OQ,16.6744463461439
2026-02-19,GTX.OQ,12.2639468594116
2026-02-19,GVA.N,36.5924809970554
2026-02-19,GWRE.N,122.51107772474
2026-02-19,GWW.N,31.4574127001218
2026-02-19,GXO.N,213.384422276541
2026-02-19,HAE.N,16.6699638409883
2026-02-19,HAL.N,23.4569293108822
2026-02-19,HALO.OQ,28.9128000545827
2026-02-19,HASI.N,26.2510428302767
2026-02-19,HAYW.N,26.3420442842431
2026-02-19,HBAN.OQ,12.8460702539708
2026-02-19,HCA.N,18.6226902611848
2026-02-19,HCC.N,79.0390712377642
2026-02-19,HCI.N,9.86252545178102
2026-02-19,HCSG.OQ,24.7946045370938
2026-02-19,HD.N,25.823429622662
2026-02-19,HE.N,22.9637498726662
2026-02-19,HEI.N,70.5544804409578
2026-02-19,HEIa.N,70.5544804409578
2026-02-19,HGV.N,84.180909440425
2026-02-19,HHH.N,15.7096962728387
2026-02-19,HIG.N,11.464012674062
2026-02-19,HII.N,28.821701413053
2026-02-19,HIMS.N,29.4155928673695
2026-02-19,HIW.N,16.1210725448265
2026-02-19,HL.N,47.0828857119246
2026-02-19,HLF.N,8.89274629999046
2026-02-19,HLI.N,25.4911950110177
2026-02-19,HLIO.N,72.7392973832016
2026-02-19,HLNE.OQ,20.2238222308129
2026-02-19,HLT.N,51.0796419704691
2026-02-19,HNI.N,16.8255033557047
2026-02-19,HOG.N,7.78353483016695
2026-02-19,HOLX.OQ,31.1839871844354
2026-02-20,GRBK.N,10.2661879604428
2026-02-20,GRMN.N,28.9649650767938
2026-02-20,GS.N,17.9776682677313
2026-02-20,GSHD.OQ,42.4570653523602
2026-02-20,GTES.N,28.5374554102259
2026-02-20,GTLS.N,233.084314034338
2026-02-20,GTM.OQ,16.7263108759919
2026-02-20,GTX.OQ,12.3913300027536
2026-02-20,GVA.N,37.1950968978977
2026-02-20,GWRE.N,121.389042085845
2026-02-20,GWW.N,31.7210276524323
2026-02-20,GXO.N,216.654555063751
2026-02-20,HAE.N,16.8128413949246
2026-02-20,HAL.N,23.2845006532393
2026-02-20,HALO.OQ,28.4873757339573
2026-02-20,HASI.N,26.3570933668924
2026-02-20,HAYW.N,26.1811277033986
2026-02-20,HBAN.OQ,12.9612171021856
2026-02-20,HCA.N,18.7509136799241
2026-02-20,HCC.N,78.5769085010214
2026-02-20,HCI.N,9.915239059386
2026-02-20,HCSG.OQ,25.3096259963213
2026-02-20,HD.N,26.0737650516735
2026-02-20,HE.N,23.0801693903983
2026-02-20,HEI.N,71.7107101126254
2026-02-20,HEIa.N,71.7107101126254
2026-02-20,HGV.N,84.8275138932578
2026-02-20,HHH.N,35.1353653112787
2026-02-20,HIG.N,11.6176178613419
2026-02-20,HII.N,28.4594301740073
2026-02-20,HIMS.N,29.0623082501255
2026-02-20,HIW.N,16.0799473597631
2026-02-20,HL.N,49.6239980166928
2026-02-20,HLF.N,9.06996505609655
2026-02-20,HLI.N,25.7520608400493
2026-02-20,HLIO.N,73.2723306385541
2026-02-20,HLNE.OQ,19.1535703994831
2026-02-20,HLT.N,51.6072128577028
2026-02-20,HNI.N,16.744966442953
2026-02-20,HOG.N,7.71828823642295
2026-02-20,HOLX.OQ,31.3043406084903
2026-02-23,GRBK.N,10.1540319435986
2026-02-23,GRMN.N,28.7554956628194
2026-02-23,GS.N,17.3942283700331
2026-02-23,GSHD.OQ,43.7656408199133
2026-02-23,GTES.N,28.6822106188285
2026-02-23,GTLS.N,233.129317522108
2026-02-23,GTM.OQ,15.6371557491831
2026-02-23,GTX.OQ,12.6404678546608
2026-02-23,GVA.N,36.9129630897761
2026-02-23,GWRE.N,116.216267615009
2026-02-23,GWW.N,31.4305745258536
2026-02-23,GXO.N,208.594833850829
2026-02-23,HAE.N,16.8403178476046
2026-02-23,HAL.N,23.3707149820608
2026-02-23,HALO.OQ,28.3509188763982
2026-02-23,HASI.N,26.5550543685751
2026-02-23,HAYW.N,25.3443614830072
2026-02-23,HBAN.OQ,12.2919260469367
2026-02-23,HCA.N,18.8801938850815
2026-02-23,HCC.N,80.4625324669322
2026-02-23,HCI.N,9.74376105874328
2026-02-23,HCSG.OQ,25.5180870631514
2026-02-23,HD.N,25.7149736738532
2026-02-23,HE.N,22.4689669223045
2026-02-23,HEI.N,70.6115782025217
2026-02-23,HEIa.N,70.6115782025217
2026-02-23,HGV.N,82.4857572262417
2026-02-23,HHH.N,34.3594159561683
2026-02-23,HIG.N,10.532729478827
2026-02-23,HII.N,28.4880476507003
2026-02-23,HIMS.N,28.8391811234451
2026-02-23,HIW.N,15.7029664966826
2026-02-23,HL.N,49.5620196677961
2026-02-23,HLF.N,8.99271585471697
2026-02-23,HLI.N,25.0247055285142
2026-02-23,HLIO.N,72.0384573622751
2026-02-23,HLNE.OQ,18.0994260371868
2026-02-23,HLT.N,50.9277407552594
2026-02-23,HNI.N,16.4563758389262
2026-02-23,HOG.N,7.43427365189023
2026-02-23,HOLX.OQ,31.3084907265612
2026-02-12,HOMB.N,12.2513459020142
2026-02-12,HON.OQ,28.709468510323
2026-02-12,HOOD.OQ,29.6087827176633
2026-02-12,HOPE.OQ,26.1102239868802
2026-02-12,HPQ.N,7.1090583040733
2026-02-12,HQY.OQ,33.5547091634927
2026-02-12,HRB.N,6.47210759136656
2026-02-12,HRL.N,26.9788105843491
2026-02-12,HRMY.OQ,11.2900940053852
2026-02-12,HSIC.OQ,24.7798626886609
2026-02-12,HST.OQ,18.416414548402
2026-02-12,HSY.N,38.5993285293154
2026-02-12,HTH.N,15.4241439799886
2026-02-12,HTO.OQ,16.9720469750663
2026-02-12,HUBB.N,32.0040189535835
2026-02-12,HUBG.OQ,23.0193304827729
2026-02-12,HUBS.N,280.428205724924
2026-02-12,HUM.N,16.7604205522513
2026-02-12,HURN.OQ,20.9940849002601
2026-02-12,HUT.OQ,31.3986151836976
2026-02-12,HWC.OQ,12.4542731861844
2026-02-12,HWKN.OQ,36.5059627672102
2026-02-12,HWM.N,68.6963989044048
2026-02-12,HXL.N,64.5491357164628
2026-02-12,IBKR.OQ,32.9809228880201
2026-02-12,IBM.N,21.0275735726052
2026-02-12,IBOC.OQ,10.7228917447063
2026-02-12,IBP.N,36.0551123378392
2026-02-12,ICE.N,25.9641911469092
2026-02-12,ICFI.OQ,14.2557857559055
2026-02-12,IDA.N,24.2689200253348
2026-02-12,IDCC.OQ,29.8866613509511
2026-02-12,IDXX.OQ,48.9284029696338
2026-02-12,IESC.OQ,29.2825137018927
2026-02-12,IEX.N,32.4301252055141
2026-02-13,HOMB.N,12.2014591864308
2026-02-13,HON.OQ,28.8950152567309
2026-02-13,HOOD.OQ,31.6279418315647
2026-02-13,HOPE.OQ,26.1965387769194
2026-02-13,HPQ.N,7.25598637713046
2026-02-13,HQY.OQ,33.8617936483928
2026-02-13,HRB.N,7.0910000251211
2026-02-13,HRL.N,27.3701414545999
2026-02-13,HRMY.OQ,11.3404821515738
2026-02-13,HSIC.OQ,24.7040349818487
2026-02-13,HST.OQ,18.7462889133938
2026-02-13,HSY.N,37.9715307347964
2026-02-13,HTH.N,15.6918687589158
2026-02-13,HTO.OQ,17.445611581674
2026-02-13,HUBB.N,31.4039316629548
2026-02-13,HUBG.OQ,22.8236661736693
2026-02-13,HUBS.N,298.678392513749
2026-02-13,HUM.N,17.2543388898365
2026-02-13,HURN.OQ,20.9815316325608
2026-02-13,HUT.OQ,33.1850774955031
2026-02-13,HWC.OQ,12.551282820123
2026-02-13,HWKN.OQ,37.1289573451314
2026-02-13,HWM.N,67.4489570360307
2026-02-13,HXL.N,65.1587059694344
2026-02-13,IBKR.OQ,33.7438267982413
2026-02-13,IBM.N,21.2593046932034
2026-02-13,IBOC.OQ,10.674016685649
2026-02-13,IBP.N,37.0519485133039
2026-02-13,ICE.N,26.3887541069968
2026-02-13,ICFI.OQ,14.5216674743688
2026-02-13,IDA.N,24.7615418548328
2026-02-13,IDCC.OQ,31.4093458319653
2026-02-13,IDXX.OQ,49.891591718955
2026-02-13,IESC.OQ,30.6222674519621
2026-02-13,IEX.N,33.2632477551537
2026-02-17,HOMB.N,12.2388742231183
2026-02-17,HON.OQ,29.047043881207
2026-02-17,HOOD.OQ,31.4072914541693
2026-02-17,HOPE.OQ,26.2828535669587
2026-02-17,HPQ.N,6.96589761750479
2026-02-17,HQY.OQ,34.0817944733959
2026-02-17,HRB.N,6.9722457573896
2026-02-17,HRL.N,26.9788105843491
2026-02-17,HRMY.OQ,11.6270647330216
2026-02-17,HSIC.OQ,24.3944051790324
2026-02-17,HST.OQ,18.8593886956768
2026-02-17,HSY.N,37.429031553663
2026-02-17,HTH.N,14.7307495886058
2026-02-17,HTO.OQ,17.3280150015097
2026-02-17,HUBB.N,31.4117209309014
2026-02-17,HUBG.OQ,22.9387628260832
2026-02-17,HUBS.N,302.916355351959
2026-02-17,HUM.N,17.3377520436223
2026-02-17,HURN.OQ,21.7941464949603
2026-02-17,HUT.OQ,32.6121775127517
2026-02-17,HWC.OQ,12.4860217936552
2026-02-17,HWKN.OQ,36.7110951282331
2026-02-17,HWM.N,68.0797494082952
2026-02-17,HXL.N,64.5709060826403
2026-02-17,IBKR.OQ,33.0847500473994
2026-02-17,IBM.N,20.9295334831213
2026-02-17,IBOC.OQ,10.7465887430372
2026-02-17,IBP.N,36.2133573894519
2026-02-17,ICE.N,26.589771671773
2026-02-17,ICFI.OQ,14.3198990780881
2026-02-17,IDA.N,24.5658662849277
2026-02-17,IDCC.OQ,30.6898816024872
2026-02-17,IDXX.OQ,49.6394978734536
2026-02-17,IESC.OQ,29.59927947606
2026-02-17,IEX.N,33.0735424307576
2026-02-18,HOMB.N,12.1224718867572
2026-02-18,HON.OQ,35.0784296896707
2026-02-18,HOOD.OQ,31.311537516809
2026-02-18,HOPE.OQ,26.1102239868802
2026-02-18,HPQ.N,6.91315420666376
2026-02-18,HQY.OQ,35.3422158666428
2026-02-18,HRB.N,7.23487538794964
2026-02-18,HRL.N,28.1758226580574
2026-02-18,HRMY.OQ,11.1105862345883
2026-02-18,HSIC.OQ,24.6534831773073
2026-02-18,HST.OQ,19.0950132420995
2026-02-18,HSY.N,51.1391378849715
2026-02-18,HTH.N,14.5983468573266
2026-02-18,HTO.OQ,17.3407281453112
2026-02-18,HUBB.N,31.2948819117021
2026-02-18,HUBG.OQ,23.6293427405664
2026-02-18,HUBS.N,306.382665997085
2026-02-18,HUM.N,17.5373812768398
2026-02-18,HURN.OQ,22.3649017330204
2026-02-18,HUT.OQ,33.0279920163615
2026-02-18,HWC.OQ,12.4807303590768
2026-02-18,HWKN.OQ,36.6756401522538
2026-02-18,HWM.N,67.2171273607539
2026-02-18,HXL.N,63.7654025340706
2026-02-18,IBKR.OQ,33.8115401630538
2026-02-18,IBM.N,21.1304751541296
2026-02-18,IBOC.OQ,10.6754977480446
2026-02-18,IBP.N,35.2951054913186
2026-02-18,ICE.N,26.8930309289784
2026-02-18,ICFI.OQ,14.7234358706495
2026-02-18,IDA.N,24.3289958582004
2026-02-18,IDCC.OQ,30.2870151363883
2026-02-18,IDXX.OQ,50.3315668266696
2026-02-18,IESC.OQ,28.9870232409157
2026-02-18,IEX.N,33.0371822435816
2026-02-19,HOMB.N,12.134943565653
2026-02-19,HON.OQ,35.0246061059219
2026-02-19,HOOD.OQ,36.7604182864251
2026-02-19,HOPE.OQ,26.0023304993311
2026-02-19,HPQ.N,6.90938682017511
2026-02-19,HQY.OQ,36.1534689088417
2026-02-19,HRB.N,7.040757834927
2026-02-19,HRL.N,28.2563907784031
2026-02-19,HRMY.OQ,10.8303021714142
2026-02-19,HSIC.OQ,24.2648661798949
2026-02-19,HST.OQ,18.2016052237791
2026-02-19,HSY.N,50.6485669802021
2026-02-19,HTH.N,14.5378198944561
2026-02-19,HTO.OQ,17.5059990147314
2026-02-19,HUBB.N,31.5501302305683
2026-02-19,HUBG.OQ,24.0206713587735
2026-02-19,HUBS.N,293.191088029592
2026-02-19,HUM.N,17.8541638159362
2026-02-19,HURN.OQ,21.9163316338998
2026-02-19,HUT.OQ,33.7949387674642
2026-02-19,HWC.OQ,12.3943035942951
2026-02-19,HWKN.OQ,36.7060301316646
2026-02-19,HWM.N,67.7427876709744
2026-02-19,HXL.N,63.2719409007126
2026-02-19,IBKR.OQ,33.4007457498578
2026-02-19,IBM.N,20.765053002417
2026-02-19,IBOC.OQ,10.6251416265916
2026-02-19,IBP.N,34.5932294800843
2026-02-19,ICE.N,26.7058766445316
2026-02-19,ICFI.OQ,14.8478911431217
2026-02-19,IDA.N,23.73853624375
2026-02-19,IDCC.OQ,29.1755727236788
2026-02-19,IDXX.OQ,50.0009909349273
2026-02-19,IESC.OQ,29.9591868575299
2026-02-19,IEX.N,32.860123940812
2026-02-20,HOMB.N,12.2222453179239
2026-02-20,HON.OQ,35.4901073707761
2026-02-20,HOOD.OQ,36.9839449541284
2026-02-20,HOPE.OQ,26.2396961719391
2026-02-20,HPQ.N,7.00357148239124
2026-02-20,HQY.OQ,36.1603439346231
2026-02-20,HRB.N,6.94027345453881
2026-02-20,HRL.N,28.7628189634336
2026-02-20,HRMY.OQ,9.18323964287401
2026-02-20,HSIC.OQ,25.1400442960187
2026-02-20,HST.OQ,18.5008842334376
2026-02-20,HSY.N,51.076952840705
2026-02-20,HTH.N,14.6702226257353
2026-02-20,HTO.OQ,17.5409601601856
2026-02-20,HUBB.N,31.5603161963447
2026-02-20,HUBG.OQ,24.9011607497396
2026-02-20,HUBS.N,286.001249341646
2026-02-20,HUM.N,19.354055960882
2026-02-20,HURN.OQ,22.0150840064674
2026-02-20,HUT.OQ,33.1542764211616
2026-02-20,HWC.OQ,12.5548104431753
2026-02-20,HWKN.OQ,37.1010998640049
2026-02-20,HWM.N,69.5758595219996
2026-02-20,HXL.N,65.2675578003222
2026-02-20,IBKR.OQ,33.5835718348516
2026-02-20,IBM.N,20.836354885678
2026-02-20,IBOC.OQ,10.595520378678
2026-02-20,IBP.N,35.0324402355806
2026-02-20,ICE.N,26.6885475441199
2026-02-20,ICFI.OQ,14.8988046636785
2026-02-20,ICUI.OQ,6362.64181523503
2026-02-20,IDA.N,23.681911752756
2026-02-20,IDCC.OQ,30.026533907788
2026-02-20,IDXX.OQ,50.3918156702485
2026-02-20,IESC.OQ,30.7115055711772
2026-02-20,IEX.N,32.3526293138398
2026-02-23,HOMB.N,11.7607931987778
2026-02-23,HON.OQ,35.3577304485832
2026-02-23,HOOD.OQ,34.8798787124864
2026-02-23,HOPE.OQ,24.7291873462518
2026-02-23,HPQ.N,6.91315420666376
2026-02-23,HQY.OQ,34.7738804020515
2026-02-23,HRB.N,6.62283416194885
2026-02-23,HRL.N,28.958484398559
2026-02-23,HRMY.OQ,8.46205930054954
2026-02-23,HSIC.OQ,25.4559930744028
2026-02-23,HST.OQ,17.920464335918
2026-02-23,HSY.N,52.0673072493943
2026-02-23,HTH.N,14.2238362745654
2026-02-23,HTO.OQ,17.544138446136
2026-02-23,HUBB.N,30.9767202748054
2026-02-23,HUBG.OQ,23.8652908780148
2026-02-23,HUBS.N,266.232255061671
2026-02-23,HUM.N,18.4701089283748
2026-02-23,HURN.OQ,21.2836469418566
2026-02-23,HUT.OQ,33.2836409333958
2026-02-23,HWC.OQ,11.9780440741224
2026-02-23,HWKN.OQ,36.4781052860837
2026-02-23,HWM.N,69.2901159687515
2026-02-23,HXL.N,65.9714663067299
2026-02-23,IBKR.OQ,32.2947607912532
2026-02-23,IBM.N,18.0969041208437
2026-02-23,IBOC.OQ,10.1215804120612
2026-02-23,IBP.N,34.4511318827178
2026-02-23,ICE.N,26.7041437344905
2026-02-23,ICFI.OQ,14.2520143840124
2026-02-23,ICUI.OQ,6141.41004862239
2026-02-23,IDA.N,24.2845824643138
2026-02-23,IDCC.OQ,29.4402417533821
2026-02-23,IDXX.OQ,47.6404910151806
2026-02-23,IESC.OQ,29.8876781659735
2026-02-23,IEX.N,32.2232063220793
2026-02-12,ILMN.OQ,25.5969222854715
2026-02-12,IMAX.N,49.3877208678148
2026-02-12,INCY.OQ,15.7307335596269
2026-02-12,INDB.OQ,18.6164296451756
2026-02-12,INDV.OQ,35.1952628177061
2026-02-12,INGR.N,11.6836590257537
2026-02-12,INOD.OQ,43.2117774444455
2026-02-12,INSP.N,40.6227228461104
2026-02-12,INSW.N,14.1458801007327
2026-02-12,INTU.OQ,27.2616608404423
2026-02-12,INVA.OQ,17.3890133052299
2026-02-12,INVH.N,28.1073609031218
2026-02-12,IPAR.OQ,19.6074600563451
2026-02-12,IPGP.OQ,249.788033449153
2026-02-12,IQV.N,23.1759809815581
2026-02-12,IR.N,70.4294845437895
2026-02-12,IRDM.OQ,19.6145422689444
2026-02-12,IRM.N,198.449844610027
2026-02-12,IRT.N,167.033658383139
2026-02-12,ISRG.OQ,60.7616406912557
2026-02-12,IT.N,13.4712345343423
2026-02-12,ITGR.N,35.6076154244047
2026-02-12,ITRI.OQ,17.2192386413096
2026-02-12,ITT.N,32.572741044173
2026-02-12,ITW.N,28.9661703930049
2026-02-12,IVT.N,20.0050177602303
2026-02-12,J.N,34.3458822546275
2026-02-12,JBHT.OQ,35.5960035869418
2026-02-12,JBL.N,39.0529507814323
2026-02-12,JCI.N,46.4798795152434
2026-02-13,ILMN.OQ,21.3244099778012
2026-02-13,IMAX.N,50.4361440393648
2026-02-13,INCY.OQ,15.7853812692633
2026-02-13,INDB.OQ,18.8029309922546
2026-02-13,INDV.OQ,36.0501240591314
2026-02-13,INGR.N,11.7933085857599
2026-02-13,INOD.OQ,44.095880477217
2026-02-13,INSP.N,40.6976348245357
2026-02-13,INSW.N,14.5743359504085
2026-02-13,INTU.OQ,27.3603059093191
2026-02-13,INVA.OQ,17.5904902864848
2026-02-13,INVH.N,28.2644437695699
2026-02-13,IPAR.OQ,19.9747580326895
2026-02-13,IPGP.OQ,210.951206140351
2026-02-13,IQV.N,22.9138185671383
2026-02-13,IR.N,73.6515530968489
2026-02-13,IRDM.OQ,21.7806145949859
2026-02-13,IRM.N,227.099789090608
2026-02-13,IRT.N,171.437558980812
2026-02-13,ISRG.OQ,61.6808096812363
2026-02-13,IT.N,16.429551228124
2026-02-13,ITGR.N,35.84121740001
2026-02-13,ITRI.OQ,16.0717690096869
2026-02-13,ITT.N,33.2271077971071
2026-02-13,ITW.N,29.0719394651578
2026-02-13,IVT.N,21.5735327186867
2026-02-13,J.N,34.6775372916057
2026-02-13,JBHT.OQ,36.0907541854436
2026-02-13,JBL.N,39.5894564963844
2026-02-13,JCI.N,46.7046144454246
2026-02-17,ILMN.OQ,21.2696430657787
2026-02-17,IMAX.N,52.9244016998434
2026-02-17,INCY.OQ,15.7947494480581
2026-02-17,INDB.OQ,18.6388996869923
2026-02-17,INDV.OQ,36.2273513896708
2026-02-17,INGR.N,11.609894776295
2026-02-17,INOD.OQ,42.7349578312655
2026-02-17,INSP.N,12.1484610742305
2026-02-17,INSW.N,14.6814499128275
2026-02-17,INTU.OQ,25.9744796986393
2026-02-17,INVA.OQ,18.4816384728045
2026-02-17,INVH.N,28.4215266360181
2026-02-17,IPAR.OQ,19.6836548493101
2026-02-17,IPGP.OQ,184.84100877193
2026-02-17,IQV.N,22.5706740456465
2026-02-17,IR.N,73.8309722274138
2026-02-17,IRDM.OQ,22.1190272516192
2026-02-17,IRM.N,224.949340391216
2026-02-17,IRT.N,172.066687637622
2026-02-17,ISRG.OQ,62.6342570727768
2026-02-17,IT.N,16.1933336924945
2026-02-17,ITGR.N,36.5670521099264
2026-02-17,ITRI.OQ,17.3433380215321
2026-02-17,ITT.N,33.485582664516
2026-02-17,ITW.N,28.3489874544626
2026-02-17,IVT.N,21.8405666741624
2026-02-17,J.N,35.6359420047633
2026-02-17,JBHT.OQ,36.3755612733969
2026-02-17,JBL.N,40.0279916025193
2026-02-17,JCI.N,47.7008274941384
2026-02-18,ILMN.OQ,21.9231948825797
2026-02-18,IMAX.N,52.8405278461194
2026-02-18,INCY.OQ,16.0804789013
2026-02-18,INDB.OQ,18.4838563984568
2026-02-18,INDV.OQ,35.8207710431392
2026-02-18,INGR.N,10.4210397229411
2026-02-18,INOD.OQ,44.2846215741007
2026-02-18,INSP.N,12.4522228927781
2026-02-18,INSW.N,14.8979568581424
2026-02-18,INTU.OQ,26.6869163071944
2026-02-18,INVA.OQ,18.3344052941951
2026-02-18,INVH.N,28.1073609031218
2026-02-18,IPAR.OQ,19.7578959296351
2026-02-18,IPGP.OQ,189.52850877193
2026-02-18,IQV.N,21.7611992703014
2026-02-18,IR.N,66.760075826259
2026-02-18,IRDM.OQ,21.6866110792544
2026-02-18,IRM.N,218.828832554485
2026-02-18,IRT.N,69.1645061470268
2026-02-18,ISRG.OQ,63.575008760036
2026-02-18,IT.N,16.706174394848
2026-02-18,ITGR.N,36.0748193756153
2026-02-18,ITRI.OQ,15.3121554649695
2026-02-18,ITT.N,33.5264805865744
2026-02-18,ITW.N,28.2288888592349
2026-02-18,IVT.N,21.4751517877221
2026-02-18,J.N,36.9495048677558
2026-02-18,JBHT.OQ,36.3657964589528
2026-02-18,JBL.N,40.5162895575772
2026-02-18,JCI.N,46.7851165099671
2026-02-19,ILMN.OQ,21.906764808973
2026-02-19,IMAX.N,52.6727801386714
2026-02-19,INCY.OQ,15.8837471466089
2026-02-19,INDB.OQ,18.4636333608217
2026-02-19,INDV.OQ,35.9041721398636
2026-02-19,INGR.N,10.431781217244
2026-02-19,INOD.OQ,45.3177307359909
2026-02-19,INSP.N,12.025749346208
2026-02-19,INSW.N,15.2762742573242
2026-02-19,INTU.OQ,26.1368330411658
2026-02-19,INVA.OQ,18.3189070648678
2026-02-19,INVH.N,26.8925867359228
2026-02-19,IOSP.OQ,17.6948336908263
2026-02-19,IPAR.OQ,19.7618033549153
2026-02-19,IPGP.OQ,178.220942982456
2026-02-19,IQV.N,21.54493574429
2026-02-19,IR.N,66.0732437704332
2026-02-19,IRDM.OQ,21.6960114308275
2026-02-19,IRM.N,223.625987345437
2026-02-19,IRT.N,69.3735886928159
2026-02-19,ISRG.OQ,63.4188515973735
2026-02-19,IT.N,16.2596403691624
2026-02-19,ITGR.N,34.6231499557825
2026-02-19,ITRI.OQ,15.2398847974807
2026-02-19,ITT.N,33.4250537398696
2026-02-19,ITW.N,28.0058486109549
2026-02-19,IVT.N,21.4259613222397
2026-02-19,J.N,36.3802072452262
2026-02-19,JBHT.OQ,36.7352319387551
2026-02-19,JBL.N,40.8117564730581
2026-02-19,JCI.N,47.8651858759128
2026-02-20,ILMN.OQ,21.4814084589321
2026-02-20,IMAX.N,52.8545068217401
2026-02-20,INCY.OQ,15.8197312581776
2026-02-20,INDB.OQ,18.7534969002577
2026-02-20,INDV.OQ,35.3307895998832
2026-02-20,INGR.N,10.4872789378094
2026-02-20,INOD.OQ,44.5230313806908
2026-02-20,INSP.N,11.9754576543955
2026-02-20,INSW.N,15.3765511583122
2026-02-20,INTU.OQ,26.069014556313
2026-02-20,INVA.OQ,18.1251791982766
2026-02-20,INVH.N,26.4304294683618
2026-02-20,IOSP.OQ,17.3865762444824
2026-02-20,IPAR.OQ,20.2033424115847
2026-02-20,IPGP.OQ,183.141447368421
2026-02-20,IQV.N,21.0691559870649
2026-02-20,IR.N,65.6611445369378
2026-02-20,IRDM.OQ,21.5456058056571
2026-02-20,IRM.N,228.050949092262
2026-02-20,IRT.N,69.2481391653425
2026-02-20,ISRG.OQ,63.9926974308973
2026-02-20,IT.N,15.9270709439999
2026-02-20,ITGR.N,29.5507656730505
2026-02-20,ITRI.OQ,15.3060047698641
2026-02-20,ITT.N,33.7767758695716
2026-02-20,ITW.N,28.1164155716407
2026-02-20,IVT.N,21.4962334157859
2026-02-20,J.N,36.0198261814231
2026-02-20,JBHT.OQ,37.4578282076195
2026-02-20,JBL.N,42.1569084830106
2026-02-20,JCI.N,48.2307994190434
2026-02-23,ILMN.OQ,22.0053452506134
2026-02-23,IMAX.N,51.4286513084321
2026-02-23,INCY.OQ,15.7455665093853
2026-02-23,INDB.OQ,17.9737864492166
2026-02-23,INDV.OQ,34.3299764391902
2026-02-23,INGR.N,10.3888152400321
2026-02-23,INOD.OQ,43.5793258962718
2026-02-23,INSP.N,11.7260108630054
2026-02-23,INSW.N,15.2831113187552
2026-02-23,INTU.OQ,24.630440635192
2026-02-23,INVA.OQ,18.1406774276039
2026-02-23,INVH.N,26.8065146307575
2026-02-23,IOSP.OQ,16.9070646612807
2026-02-23,IPAR.OQ,19.8692575501225
2026-02-23,IPGP.OQ,184.457236842105
2026-02-23,IQV.N,20.6480781805368
2026-02-23,IR.N,64.5210033242672
2026-02-23,IRDM.OQ,21.790014946559
2026-02-23,IRM.N,229.91191431289
2026-02-23,IRT.N,68.7881575646065
2026-02-23,ISRG.OQ,62.4755607692581
2026-02-23,IT.N,15.0194983071077
2026-02-23,ITGR.N,29.8676919754957
2026-02-23,ITRI.OQ,14.6401920247012
2026-02-23,ITT.N,33.3972431528699
2026-02-23,ITW.N,27.9486588037036
2026-02-23,IVT.N,21.7140769057792
2026-02-23,J.N,34.4190030501818
2026-02-23,JBHT.OQ,36.1412057267382
2026-02-23,JBL.N,40.6313661457118
2026-02-23,JCI.N,47.9087911608733
2026-02-12,JEF.N,18.96884941722
2026-02-12,JHG.N,9.24481918809351
2026-02-12,JHX.N,96.2113286504259
2026-02-12,JJSF.OQ,27.1184497190689
2026-02-12,JKHY.OQ,22.6051555315664
2026-02-12,JLL.N,21.4586456144812
2026-02-12,JNJ.N,22.1469350199599
2026-02-12,JOE.N,37.8522104047783
2026-02-12,JPM.N,14.9903189999718
2026-02-12,JXN.N,15.5072535935996
2026-02-12,KAI.N,38.5697898695184
2026-02-12,KALU.OQ,25.3032615862636
2026-02-12,KBH.N,10.385915685071
2026-02-12,KBR.N,12.6810163763561
2026-02-12,KD.N,6.66506015598827
2026-02-12,KDP.OQ,25.7742619306137
2026-02-12,KEX.N,22.5266689927027
2026-02-12,KEY.N,14.3041203228945
2026-02-12,KEYS.N,45.7358331124403
2026-02-12,KFY.N,12.2252518397815
2026-02-12,KGS.N,61.5814569211723
2026-02-12,KIM.N,26.7844285508568
2026-02-12,KKR.N,43.4532250440462
2026-02-12,KLAC.OQ,42.2132504537448
2026-02-12,KMB.OQ,22.6778554700428
2026-02-12,KMI.N,25.9734937586571
2026-02-12,KMPR.N,14.7975504981263
2026-02-12,KMT.N,27.5046365958638
2026-02-12,KMX.N,13.5481544939453
2026-02-12,KN.N,45.8352682180142
2026-02-12,KNF.N,31.3232908102455
2026-02-12,KNSL.N,19.7061571175347
2026-02-12,KNTK.N,99.7239475500345
2026-02-12,KNX.N,68.4008587219659
2026-02-12,KO.N,26.1551297162003
2026-02-12,KR.N,64.2407700832547
2026-02-12,KRC.N,13.0862022813426
2026-02-12,KRG.N,38.6899604593645
2026-02-12,KRMN.N,919.079869219991
2026-02-12,KROS.OQ,10.7618146713144
2026-02-12,KRYS.OQ,40.5585695097885
2026-02-12,KSS.N,11.0960583188181
2026-02-12,KTB.N,17.3064796345152
2026-02-12,KTOS.OQ,714.168512593322
2026-02-13,JEF.N,18.8425774906261
2026-02-13,JHG.N,9.34002844852702
2026-02-13,JHX.N,96.6970557465252
2026-02-13,JJSF.OQ,27.4879282447222
2026-02-13,JKHY.OQ,22.4931848621397
2026-02-13,JLL.N,22.1472279391321
2026-02-13,JNJ.N,22.047316829316
2026-02-13,JOE.N,38.9568576947843
2026-02-13,JPM.N,14.9858611334968
2026-02-13,JXN.N,15.74101738428
2026-02-13,KAI.N,38.6218252628366
2026-02-13,KALU.OQ,25.3646816543676
2026-02-13,KBH.N,10.7756310953926
2026-02-13,KBR.N,13.0442335328396
2026-02-13,KD.N,7.19403318424131
2026-02-13,KDP.OQ,25.5846819364735
2026-02-13,KEX.N,23.1855063211266
2026-02-13,KEY.N,14.2646788146512
2026-02-13,KEYS.N,46.5390203507317
2026-02-13,KFY.N,12.4406210761147
2026-02-13,KGS.N,61.6304867435618
2026-02-13,KIM.N,27.2524360389766
2026-02-13,KKR.N,43.7153538739203
2026-02-13,KLAC.OQ,42.5996390990395
2026-02-13,KMB.OQ,22.3959420788249
2026-02-13,KMI.N,26.4898491094919
2026-02-13,KMPR.N,14.6467416141121
2026-02-13,KMT.N,27.7075970185814
2026-02-13,KMX.N,13.7036142745155
2026-02-13,KN.N,46.9360026142442
2026-02-13,KNF.N,31.0541573431144
2026-02-13,KNSL.N,18.2476066356184
2026-02-13,KNTK.N,102.385881888987
2026-02-13,KNX.N,68.0011875942082
2026-02-13,KO.N,26.0491848869701
2026-02-13,KR.N,65.257411868148
2026-02-13,KRC.N,13.7079156196841
2026-02-13,KRG.N,39.4303627971455
2026-02-13,KRMN.N,884.983652498832
2026-02-13,KROS.OQ,10.7423773179044
2026-02-13,KRYS.OQ,41.4875177273034
2026-02-13,KSS.N,11.6414776759271
2026-02-13,KTB.N,17.3631040473586
2026-02-13,KTOS.OQ,730.658790712938
2026-02-17,JEF.N,18.2322631787554
2026-02-17,JHG.N,9.42571678291718
2026-02-17,JHX.N,94.4552383799133
2026-02-17,JJSF.OQ,27.1375606772924
2026-02-17,JKHY.OQ,22.7659339286919
2026-02-17,JLL.N,21.969529274706
2026-02-17,JNJ.N,22.0364493903367
2026-02-17,JOE.N,39.4730998956414
2026-02-17,JPM.N,15.3482273054824
2026-02-17,JXN.N,16.0148944881541
2026-02-17,KAI.N,38.5651645012234
2026-02-17,KALU.OQ,25.3935852158283
2026-02-17,KBH.N,10.6765784286025
2026-02-17,KBR.N,13.0315998926141
2026-02-17,KD.N,7.98749272662086
2026-02-17,KDP.OQ,25.1021146786619
2026-02-17,KEX.N,23.5102852858426
2026-02-17,KEY.N,14.258105229944
2026-02-17,KEYS.N,46.7144061496639
2026-02-17,KFY.N,12.460938928599
2026-02-17,KGS.N,62.4639937241828
2026-02-17,KIM.N,27.7804444871118
2026-02-17,KKR.N,44.067723776374
2026-02-17,KLAC.OQ,42.7759580139856
2026-02-17,KMB.OQ,22.0090640006878
2026-02-17,KMI.N,23.5000694835543
2026-02-17,KMPR.N,14.7792706333973
2026-02-17,KMT.N,27.3366693494769
2026-02-17,KMX.N,13.9748419767869
2026-02-17,KN.N,46.6780179901278
2026-02-17,KNF.N,36.129245580444
2026-02-17,KNSL.N,18.5095363549113
2026-02-17,KNTK.N,101.030267179336
2026-02-17,KNX.N,68.3780203718084
2026-02-17,KO.N,26.3405331673531
2026-02-17,KR.N,63.8011412033009
2026-02-17,KRC.N,13.733820342115
2026-02-17,KRG.N,40.6591156130374
2026-02-17,KRMN.N,877.04343764596
2026-02-17,KROS.OQ,10.7035026110845
2026-02-17,KRYS.OQ,43.1968424764949
2026-02-17,KSS.N,11.4714006720974
2026-02-17,KTB.N,17.2447075477768
2026-02-17,KTOS.OQ,754.532775453278
2026-02-18,JEF.N,18.8951907933735
2026-02-18,JHG.N,9.33431589290101
2026-02-18,JHX.N,93.8947840382603
2026-02-18,JJSF.OQ,27.0324504070634
2026-02-18,JKHY.OQ,22.7903377925413
2026-02-18,JLL.N,24.0827646848415
2026-02-18,JNJ.N,22.1867822962174
2026-02-18,JOE.N,39.2455092479517
2026-02-18,JPM.N,15.4306828619374
2026-02-18,JXN.N,16.1739645232325
2026-02-18,KAI.N,37.0572944370696
2026-02-18,KALU.OQ,25.1786149774643
2026-02-18,KBH.N,10.6846974996509
2026-02-18,KBR.N,13.3126983876317
2026-02-18,KD.N,12.4556173695103
2026-02-18,KDP.OQ,25.1107319511228
2026-02-18,KEX.N,20.181762193148
2026-02-18,KEY.N,14.4224448476243
2026-02-18,KEYS.N,47.7986092703353
2026-02-18,KFY.N,12.7271027961429
2026-02-18,KGS.N,61.8633783999118
2026-02-18,KIM.N,27.1924350789613
2026-02-18,KKR.N,44.518929139272
2026-02-18,KLAC.OQ,43.0701138275345
2026-02-18,KMB.OQ,22.4962438027864
2026-02-18,KMI.N,23.6170944171793
2026-02-18,KMPR.N,15.0443286719678
2026-02-18,KMT.N,26.9167512335095
2026-02-18,KMX.N,15.0994446447413
2026-02-18,KN.N,46.71241594001
2026-02-18,KNF.N,34.8796973401924
2026-02-18,KNSL.N,18.6530325613532
2026-02-18,KNTK.N,109.780143941635
2026-02-18,KNX.N,67.7728040926323
2026-02-18,KO.N,26.317357735959
2026-02-18,KR.N,63.0684264033778
2026-02-18,KRC.N,13.9324232140853
2026-02-18,KRG.N,18.426663185833
2026-02-18,KRMN.N,945.819710415694
2026-02-18,KROS.OQ,10.4767334879683
2026-02-18,KRYS.OQ,41.4135182705408
2026-02-18,KSS.N,11.3306472896177
2026-02-18,KTB.N,17.4634836883083
2026-02-18,KTOS.OQ,797.522356222824
2026-02-19,JEF.N,18.6426469401857
2026-02-19,JHG.N,9.33812426331835
2026-02-19,JHX.N,93.0727843371693
2026-02-19,JJSF.OQ,27.0961536011416
2026-02-19,JKHY.OQ,23.131991886433
2026-02-19,JLL.N,24.0268508809488
2026-02-19,JNJ.N,22.3606613198867
2026-02-19,JOE.N,39.3731820503142
2026-02-19,JPM.N,15.3942025248391
2026-02-19,KAI.N,37.8317857324617
2026-02-19,KALU.OQ,22.951234272398
2026-02-19,KBH.N,10.5239398928932
2026-02-19,KBR.N,13.5906384725929
2026-02-19,KD.N,12.1423282131126
2026-02-19,KDP.OQ,25.0762628612791
2026-02-19,KEX.N,20.2654580770476
2026-02-19,KEY.N,14.3238410770161
2026-02-19,KEYS.N,47.7408116775054
2026-02-19,KFY.N,12.7738338568567
2026-02-19,KGS.N,61.2872779868355
2026-02-19,KIM.N,27.0844333509336
2026-02-19,KKR.N,43.6766791285291
2026-02-19,KLAC.OQ,42.7675203101351
2026-02-19,KMB.OQ,22.2465129798619
2026-02-19,KMI.N,23.7999458759682
2026-02-19,KMPR.N,14.8843798555891
2026-02-19,KMT.N,27.0287293977674
2026-02-19,KMX.N,14.7455255698263
2026-02-19,KN.N,46.8844056894209
2026-02-19,KNF.N,33.9338854414173
2026-02-19,KNSL.N,18.3793086333117
2026-02-19,KNTK.N,110.199152124618
2026-02-19,KNX.N,67.6015164664505
2026-02-19,KO.N,26.1253327329793
2026-02-19,KR.N,61.9418773984961
2026-02-19,KRC.N,14.0274071963319
2026-02-19,KRG.N,18.5499427112794
2026-02-19,KRMN.N,1032.92853806632
2026-02-19,KROS.OQ,10.7229399644944
2026-02-19,KRYS.OQ,38.3991275517066
2026-02-19,KSS.N,11.2954589439977
2026-02-19,KTB.N,17.4120069493598
2026-02-19,KTOS.OQ,866.929198457626
2026-02-20,JEF.N,18.7338433316146
2026-02-20,JHG.N,9.55900974752408
2026-02-20,JHX.N,93.707965924376
2026-02-20,JJSF.OQ,26.9623768935774
2026-02-20,JKHY.OQ,22.8520652128663
2026-02-20,JLL.N,19.1284843234761
2026-02-20,JNJ.N,21.9603773174814
2026-02-20,JOE.N,39.7006905433311
2026-02-20,JPM.N,15.531128721619
2026-02-20,KAI.N,39.3157707237405
2026-02-20,KALU.OQ,23.307109372883
2026-02-20,KBH.N,10.6035067891672
2026-02-20,KBR.N,13.4895693507888
2026-02-20,KD.N,11.8765071107145
2026-02-20,KDP.OQ,25.4554228495597
2026-02-20,KEX.N,20.6776208260626
2026-02-20,KEY.N,14.5933580500118
2026-02-20,KEYS.N,48.5380198544696
2026-02-20,KFY.N,12.6377042452121
2026-02-20,KGS.N,62.0594976894696
2026-02-20,KIM.N,27.8044448711179
2026-02-20,KKR.N,43.4790082076404
2026-02-20,KLAC.OQ,43.5269136566855
2026-02-20,KMB.OQ,22.3161100944474
2026-02-20,KMI.N,23.9389129846478
2026-02-20,KMPR.N,14.7701307010328
2026-02-20,KMT.N,27.7075970185814
2026-02-20,KMX.N,14.7190643305803
2026-02-20,KN.N,47.3659769877715
2026-02-20,KNF.N,34.8720078125601
2026-02-20,KNSL.N,18.3503145368046
2026-02-20,KNTK.N,112.294193039535
2026-02-20,KNX.N,152.07157469253
2026-02-20,KO.N,26.4332348929295
2026-02-20,KR.N,60.7786926536182
2026-02-20,KRC.N,13.9194708528698
2026-02-20,KRG.N,18.8182569725449
2026-02-20,KRMN.N,953.059318075665
2026-02-20,KROS.OQ,10.4961708413782
2026-02-20,KRYS.OQ,38.2719442381573
2026-02-20,KSS.N,11.0139521790383
2026-02-20,KTB.N,17.9422173605302
2026-02-20,KTOS.OQ,788.251702354582
2026-02-23,JEF.N,17.6535168485333
2026-02-23,JHG.N,9.44475863500388
2026-02-23,JHX.N,90.8683305933343
2026-02-23,JJSF.OQ,27.0643020041025
2026-02-23,JKHY.OQ,22.3481972004462
2026-02-23,JLL.N,18.5412276709974
2026-02-23,JNJ.N,22.2637599889877
2026-02-23,JOE.N,38.4850234251837
2026-02-23,JPM.N,14.8754821151399
2026-02-23,KAI.N,37.8826784367612
2026-02-23,KALU.OQ,22.7308446162601
2026-02-23,KBH.N,10.4508682534579
2026-02-23,KBR.N,12.7378677573709
2026-02-23,KD.N,10.832209922722
2026-02-23,KDP.OQ,25.6536201161608
2026-02-23,KEX.N,20.2859872561173
2026-02-23,KEY.N,13.8111014698535
2026-02-23,KEYS.N,48.8290008390616
2026-02-23,KFY.N,12.0972493691307
2026-02-23,KGS.N,61.6304867435618
2026-02-23,KIM.N,28.6823984905291
2026-02-23,KKR.N,39.6158308624468
2026-02-23,KLAC.OQ,43.2842569321556
2026-02-23,KMB.OQ,22.6211092142486
2026-02-23,KMI.N,23.9169708095931
2026-02-23,KMPR.N,14.0663559089663
2026-02-23,KMT.N,27.3226720789446
2026-02-23,KMX.N,13.9979955611271
2026-02-23,KN.N,47.262783138125
2026-02-23,KNF.N,31.7449372141976
2026-02-23,KNSL.N,17.1870273221625
2026-02-23,KNTK.N,110.29774228532
2026-02-23,KNX.N,145.909841520223
2026-02-23,KO.N,26.5095922866827
2026-02-23,KR.N,62.5188903034355
2026-02-23,KRC.N,13.4790905715445
2026-02-23,KRG.N,19.0285573394828
2026-02-23,KRMN.N,948.972442783746
2026-02-23,KROS.OQ,10.1786940690156
2026-02-23,KRYS.OQ,40.1416851350482
2026-02-23,KSS.N,10.638609825759
2026-02-23,KTB.N,17.0748343092465
2026-02-23,KTOS.OQ,773.730412667159
2026-02-05,LBRDK.OQ,6.2973330939894
2026-02-12,KVUE.N,24.9338010941301
2026-02-12,L.N,13.787960444684
2026-02-12,LAD.N,8.82487274632613
2026-02-12,LAMR.OQ,30.8784241420831
2026-02-12,LAUR.OQ,24.8886540902654
2026-02-12,LAZ.N,20.635538056076
2026-02-12,LBRT.N,27.6155012486621
2026-02-12,LC.N,17.1063293418565
2026-02-12,LCII.N,21.6107167040132
2026-02-12,LDOS.N,16.0374181478017
2026-02-12,LEA.N,16.7344505952461
2026-02-12,LECO.OQ,31.7178446346139
2026-02-12,LEG.N,7.12680737702367
2026-02-12,LEN.N,15.1253603586124
2026-02-12,LEU.N,44.5247963687769
2026-02-12,LFUS.OQ,75.522110425298
2026-02-12,LGIH.OQ,13.1898638643631
2026-02-12,LGND.OQ,87.4204120526111
2026-02-12,LH.N,27.3073969848062
2026-02-12,LHX.N,36.5028174504731
2026-02-12,LIF.OQ,143.479487861089
2026-02-12,LII.N,23.5727124593317
2026-02-12,LIN.OQ,32.3936174585472
2026-02-12,LITE.OQ,178.40412910801
2026-02-12,LKQ.OQ,12.7607251570724
2026-02-12,LLY.N,50.7735078157665
2026-02-12,LMAT.OQ,37.9503315176188
2026-02-12,LMB.OQ,30.1596532036371
2026-02-12,LMT.N,29.6609301944668
2026-02-12,LNC.N,3.64979879889582
2026-02-12,LNG.N,12.0988830389433
2026-02-12,LNT.OQ,21.9269813897578
2026-02-12,LNTH.OQ,28.8624288624289
2026-02-12,LOAR.N,97.2819177916339
2026-02-12,LOPE.OQ,21.2197583365264
2026-02-12,LOW.N,23.684664567483
2026-02-13,KVUE.N,25.1354221272363
2026-02-13,L.N,13.63379999248
2026-02-13,LAD.N,8.73242473456698
2026-02-13,LAMR.OQ,30.9936596929561
2026-02-13,LAUR.OQ,25.5123379339189
2026-02-13,LAZ.N,20.7625504080272
2026-02-13,LBRT.N,28.8753121655369
2026-02-13,LC.N,13.501926990863
2026-02-13,LCII.N,21.9374114329194
2026-02-13,LDOS.N,16.4920486435921
2026-02-13,LEA.N,16.8739757446543
2026-02-13,LECO.OQ,31.512318754272
2026-02-13,LEG.N,7.30108738275001
2026-02-13,LEN.N,15.3068696900697
2026-02-13,LEU.N,47.8881975631569
2026-02-13,LFUS.OQ,76.0019447027987
2026-02-13,LGIH.OQ,13.4237814768146
2026-02-13,LGND.OQ,88.4695532487283
2026-02-13,LH.N,27.7512121456107
2026-02-13,LHX.N,40.4870634750439
2026-02-13,LIF.OQ,128.735676301238
2026-02-13,LII.N,23.9145600484833
2026-02-13,LIN.OQ,32.9512540658148
2026-02-13,LITE.OQ,172.068590159122
2026-02-13,LKQ.OQ,12.7832176220966
2026-02-13,LLY.N,45.3029153297225
2026-02-13,LMAT.OQ,38.4148505870031
2026-02-13,LMB.OQ,29.1221717064919
2026-02-13,LMT.N,30.3658908841836
2026-02-13,LNC.N,3.66864457582643
2026-02-13,LNG.N,12.271176380028
2026-02-13,LNT.OQ,22.4021499015048
2026-02-13,LNTH.OQ,29.1396291396291
2026-02-13,LOAR.N,97.5543313759913
2026-02-13,LOPE.OQ,21.7337924111841
2026-02-13,LOW.N,23.8389512487267
2026-02-17,KVUE.N,24.745621463231
2026-02-17,L.N,13.8481206211538
2026-02-17,LAD.N,8.7243101755411
2026-02-17,LAMR.OQ,31.1770958759783
2026-02-17,LAUR.OQ,25.4976630199505
2026-02-17,LAZ.N,20.5124948401232
2026-02-17,LBRT.N,29.7449161612558
2026-02-17,LC.N,13.4326419261248
2026-02-17,LCII.N,21.5157797742456
2026-02-17,LDOS.N,15.110383536015
2026-02-17,LEA.N,16.797511953021
2026-02-17,LECO.OQ,30.8245158285879
2026-02-17,LEG.N,7.332208812344
2026-02-17,LEN.N,15.2017194566737
2026-02-17,LEU.N,47.9266639099118
2026-02-17,LFUS.OQ,73.9282996533355
2026-02-17,LGIH.OQ,12.8312637509351
2026-02-17,LGND.OQ,90.2405805889629
2026-02-17,LH.N,27.166004544196
2026-02-17,LHX.N,40.614794008149
2026-02-17,LIF.OQ,136.782568914864
2026-02-17,LII.N,23.866026131505
2026-02-17,LIN.OQ,33.0348310511793
2026-02-17,LITE.OQ,183.589975660767
2026-02-17,LKQ.OQ,12.1871672989548
2026-02-17,LLY.N,45.1308513724605
2026-02-17,LMAT.OQ,39.1116291910795
2026-02-17,LMB.OQ,30.1200042292239
2026-02-17,LMT.N,30.226294708002
2026-02-17,LNC.N,3.73056641431274
2026-02-17,LNG.N,12.1722466551471
2026-02-17,LNT.OQ,22.3738285994801
2026-02-17,LNTH.OQ,29.9334299334299
2026-02-17,LOAR.N,96.5100793026213
2026-02-17,LOPE.OQ,21.903787931937
2026-02-17,LOW.N,23.3221738163889
2026-02-18,KVUE.N,25.3773673669637
2026-02-18,L.N,13.6187599483625
2026-02-18,LAD.N,8.84313050413437
2026-02-18,LAMR.OQ,31.4498984045755
2026-02-18,LAUR.OQ,25.7544740143961
2026-02-18,LAZ.N,20.6236306480805
2026-02-18,LBRT.N,30.2354620049946
2026-02-18,LC.N,14.0562075087689
2026-02-18,LCII.N,21.4655190467216
2026-02-18,LDOS.N,15.4293280466019
2026-02-18,LEA.N,16.8220876837497
2026-02-18,LECO.OQ,31.0144395693774
2026-02-18,LEG.N,7.31976024050641
2026-02-18,LEN.N,15.1791872638032
2026-02-18,LEU.N,49.6864992739477
2026-02-18,LFUS.OQ,73.6978946478397
2026-02-18,LGIH.OQ,12.0533773510375
2026-02-18,LGND.OQ,91.410036142433
2026-02-18,LH.N,26.652949455391
2026-02-18,LHX.N,41.2628213917003
2026-02-18,LIF.OQ,138.105742530993
2026-02-18,LII.N,24.3033875734128
2026-02-18,LIN.OQ,33.2444585718474
2026-02-18,LITE.OQ,181.706437054341
2026-02-18,LKQ.OQ,12.4533281350748
2026-02-18,LLY.N,44.4560992970207
2026-02-18,LMAT.OQ,39.7076159216102
2026-02-18,LMB.OQ,30.6024000845845
2026-02-18,LMT.N,30.2369970815093
2026-02-18,LNC.N,3.75479669893782
2026-02-18,LNG.N,12.4340213766016
2026-02-18,LNT.OQ,21.8797792197167
2026-02-18,LNTH.OQ,30.6852306852307
2026-02-18,LOAR.N,98.9618015618379
2026-02-18,LOPE.OQ,22.6377368469339
2026-02-18,LOW.N,23.4026351501558
2026-02-19,KVUE.N,25.081656518408
2026-02-19,L.N,13.5799065010591
2026-02-19,LAD.N,8.61592285140968
2026-02-19,LAMR.OQ,31.2382412703191
2026-02-19,LAUR.OQ,24.9400162891545
2026-02-19,LAZ.N,20.2783158162131
2026-02-19,LBRT.N,29.9790403139493
2026-02-19,LC.N,14.3593296669987
2026-02-19,LCII.N,19.2997587199458
2026-02-19,LDOS.N,15.8556966989711
2026-02-19,LEA.N,16.4669683747209
2026-02-19,LECO.OQ,30.9157221447863
2026-02-19,LEG.N,7.58118024909592
2026-02-19,LEN.N,14.5357679784993
2026-02-19,LEU.N,50.2178156884995
2026-02-19,LFUS.OQ,76.7903948592204
2026-02-19,LGIH.OQ,11.788564959583
2026-02-19,LGND.OQ,89.6678842479631
2026-02-19,LH.N,27.008628074899
2026-02-19,LHX.N,42.0338919493437
2026-02-19,LIF.OQ,141.41441080377
2026-02-19,LII.N,24.146744388598
2026-02-19,LIN.OQ,33.5753412270198
2026-02-19,LITE.OQ,194.359168796859
2026-02-19,LKQ.OQ,12.5657904601958
2026-02-19,LLY.N,44.5719702150756
2026-02-19,LMAT.OQ,40.2553978430539
2026-02-19,LMB.OQ,31.5176305772891
2026-02-19,LMT.N,31.0140824622532
2026-02-19,LNC.N,3.59864597579843
2026-02-19,LNG.N,12.5713002644981
2026-02-19,LNT.OQ,22.0308261638482
2026-02-19,LNTH.OQ,30.7356307356308
2026-02-19,LOAR.N,101.791876021551
2026-02-19,LOPE.OQ,20.0308885111323
2026-02-19,LOW.N,23.0749833270845
2026-02-20,KVUE.N,25.1623049316505
2026-02-20,L.N,13.757880356449
2026-02-20,LAD.N,8.51014377839371
2026-02-20,LAMR.OQ,31.5086920529801
2026-02-20,LAUR.OQ,17.1375177482669
2026-02-20,LAZ.N,20.3735750801765
2026-02-20,LBRT.N,29.9344452372458
2026-02-20,LC.N,14.0821894080457
2026-02-20,LCII.N,19.5219903487978
2026-02-20,LDOS.N,15.6065318957933
2026-02-20,LEA.N,16.5578985784169
2026-02-20,LECO.OQ,30.7021920633337
2026-02-20,LEG.N,7.41934881520717
2026-02-20,LEN.N,14.5783287872548
2026-02-20,LEU.N,48.9796801523268
2026-02-20,LGIH.OQ,12.2387460250557
2026-02-20,LGND.OQ,88.5417418631401
2026-02-20,LH.N,27.0267944560029
2026-02-20,LHX.N,41.7339009725098
2026-02-20,LIF.OQ,139.573394861542
2026-02-20,LII.N,24.6157963901863
2026-02-20,LIN.OQ,34.0137778715545
2026-02-20,LITE.OQ,204.183534937195
2026-02-20,LKQ.OQ,14.3332114379868
2026-02-20,LLY.N,43.9751914265975
2026-02-20,LMAT.OQ,40.7286814231813
2026-02-20,LMB.OQ,32.4592937196024
2026-02-20,LMT.N,30.630192977754
2026-02-20,LNC.N,7.51599267614548
2026-02-20,LNG.N,12.5868622436928
2026-02-20,LNT.OQ,22.3455072974555
2026-02-20,LNTH.OQ,31.025431025431
2026-02-20,LOAR.N,101.610266965313
2026-02-20,LOPE.OQ,20.3833077656619
2026-02-20,LOW.N,23.2558139534884
2026-02-23,KVUE.N,24.8078861586396
2026-02-23,L.N,13.6250266334115
2026-02-23,LAD.N,8.25859244859137
2026-02-23,LAMR.OQ,22.8976257782557
2026-02-23,LAUR.OQ,17.4559425373758
2026-02-23,LAZ.N,19.5757787444829
2026-02-23,LBRT.N,29.7003210845523
2026-02-23,LC.N,12.7744338111116
2026-02-23,LCII.N,18.7706357941077
2026-02-23,LDOS.N,15.4716051070689
2026-02-23,LEA.N,16.3256579230313
2026-02-23,LECO.OQ,30.1699763829292
2026-02-23,LEG.N,7.07701308967328
2026-02-23,LEN.N,14.5457822864418
2026-02-23,LEU.N,48.3209439641494
2026-02-23,LGIH.OQ,17.0221617729418
2026-02-23,LGND.OQ,88.3829269114342
2026-02-23,LH.N,27.2782554154938
2026-02-23,LHX.N,41.6167169971841
2026-02-23,LIF.OQ,132.62731375183
2026-02-23,LII.N,24.3450713340778
2026-02-23,LIN.OQ,34.1288674907449
2026-02-23,LITE.OQ,206.311688947053
2026-02-23,LKQ.OQ,13.992745125237
2026-02-23,LLY.N,46.111398126376
2026-02-23,LMAT.OQ,40.0450495852195
2026-02-23,LMB.OQ,30.585879678579
2026-02-23,LMT.N,30.7400086363501
2026-02-23,LNC.N,6.72295184490306
2026-02-23,LNG.N,12.4134573326657
2026-02-23,LNT.OQ,22.8773037168063
2026-02-23,LNTH.OQ,30.8364308364308
2026-02-23,LOAR.N,98.6591198014407
2026-02-23,LOPE.OQ,19.9401923794519
2026-02-23,LOW.N,22.7581149817345
2026-02-24,LIF.OQ,126.855839439113
2026-02-12,LPLA.OQ,29.9671451118138
2026-02-12,LPX.N,30.5508193307389
2026-02-12,LRCX.OQ,47.4026799145772
2026-02-12,LRN.N,12.8704738071761
2026-02-12,LSCC.OQ,506.650758998832
2026-02-12,LSTR.OQ,41.5249600198314
2026-02-12,LTC.N,53.5338057843325
2026-02-12,LTH.N,22.8640098635183
2026-02-12,LULU.OQ,11.7417439672314
2026-02-12,LUV.N,63.6090601927168
2026-02-12,LVS.N,24.1795832925589
2026-02-12,LW.N,18.1022664714073
2026-02-12,LXP.N,25.4671170695661
2026-02-12,LYFT.OQ,1.88164523561659
2026-02-12,LYV.N,112.969582026406
2026-02-12,LZ.OQ,53.5455861070912
2026-02-12,LZB.N,17.3038024955898
2026-02-12,M.N,12.8306854983278
2026-02-12,MA.N,31.9178291083631
2026-02-12,MAA.N,35.2628727719567
2026-02-12,MANH.OQ,38.1503307342773
2026-02-12,MAR.OQ,37.3940433652112
2026-02-12,MARA.OQ,3.85722418186945
2026-02-12,MAS.N,20.1179471080127
2026-02-12,MAT.OQ,12.5426330824807
2026-02-12,MATX.N,12.0341520410896
2026-02-12,MBC.N,18.1587042501099
2026-02-12,MBIN.OQ,12.5064862174498
2026-02-12,MC.N,22.0361512546192
2026-02-12,MCD.N,27.7831927078322
2026-02-12,MCK.N,26.3539864000771
2026-02-12,MCO.N,33.2021001574158
2026-02-12,MCY.N,11.9390649076411
2026-02-12,MD.N,11.0678040888366
2026-02-12,MDLZ.OQ,32.7384732630509
2026-02-12,MDT.N,27.2586027534215
2026-02-12,MDU.N,22.3225778769416
2026-02-13,LPLA.OQ,30.3939499058305
2026-02-13,LPX.N,30.4629641681092
2026-02-13,LRCX.OQ,48.2716641457926
2026-02-13,LRN.N,12.9375313379654
2026-02-13,LSCC.OQ,495.659237447327
2026-02-13,LSTR.OQ,43.0364975860745
2026-02-13,LTC.N,53.889512135059
2026-02-13,LTH.N,22.6767278714621
2026-02-13,LULU.OQ,12.2189492756384
2026-02-13,LUV.N,63.9594543861844
2026-02-13,LVS.N,24.3157343862351
2026-02-13,LW.N,17.9259573763767
2026-02-13,LXP.N,26.2154773626108
2026-02-13,LYFT.OQ,1.91336645797947
2026-02-13,LYV.N,115.449704573638
2026-02-13,LZ.OQ,55.2339604438013
2026-02-13,LZB.N,17.7055721291943
2026-02-13,M.N,12.7131345546876
2026-02-13,MA.N,31.367166982541
2026-02-13,MAA.N,35.8204616624605
2026-02-13,MANH.OQ,38.9858407423548
2026-02-13,MAR.OQ,37.2687225597459
2026-02-13,MARA.OQ,4.21368489936635
2026-02-13,MAS.N,19.7676862285206
2026-02-13,MAT.OQ,13.0332597393348
2026-02-13,MATX.N,12.3369075728439
2026-02-13,MBC.N,18.5039864398267
2026-02-13,MBIN.OQ,12.6097362095075
2026-02-13,MC.N,22.4169054879603
2026-02-13,MCD.N,27.406704008768
2026-02-13,MCK.N,26.8934375409084
2026-02-13,MCO.N,34.1099607100349
2026-02-13,MCY.N,11.776534370169
2026-02-13,MD.N,11.3041833883134
2026-02-13,MDLZ.OQ,33.1248147677717
2026-02-13,MDT.N,26.8830133617953
2026-02-13,MDU.N,22.311851025487
2026-02-17,LPLA.OQ,29.2579226775008
2026-02-17,LPX.N,28.9141101898973
2026-02-17,LRCX.OQ,48.2819116013494
2026-02-17,LRN.N,12.7683634762014
2026-02-17,LSCC.OQ,4476.58402203857
2026-02-17,LSTR.OQ,43.5776280347895
2026-02-17,LTC.N,54.5872438230224
2026-02-17,LTH.N,22.6767278714621
2026-02-17,LULU.OQ,12.3089880130736
2026-02-17,LUV.N,67.9013890626955
2026-02-17,LVS.N,24.4731590882982
2026-02-17,LW.N,17.3358616297437
2026-02-17,LXP.N,26.6115147881475
2026-02-17,LYFT.OQ,1.91769207921078
2026-02-17,LYV.N,114.909913195711
2026-02-17,LZ.OQ,55.1535616658627
2026-02-17,LZB.N,17.516232416806
2026-02-17,M.N,13.0716649327902
2026-02-17,MA.N,31.5831959703635
2026-02-17,MAA.N,35.5192051055059
2026-02-17,MANH.OQ,39.3133828717673
2026-02-17,MAR.OQ,37.9058577471953
2026-02-17,MARA.OQ,3.99555222149511
2026-02-17,MAS.N,19.762497178454
2026-02-17,MAT.OQ,13.3260530668123
2026-02-17,MATX.N,12.555226260315
2026-02-17,MBC.N,58.0254330629819
2026-02-17,MBIN.OQ,12.5064862174498
2026-02-17,MC.N,21.4208252168089
2026-02-17,MCD.N,27.4100505749819
2026-02-17,MCK.N,27.2306304673373
2026-02-17,MCO.N,33.8524002713183
2026-02-17,MCY.N,12.1192344181722
2026-02-17,MD.N,11.4039879814258
2026-02-17,MDLZ.OQ,31.6800033871036
2026-02-17,MDT.N,26.0507721199184
2026-02-17,MDU.N,21.7433278983953
2026-02-18,LPLA.OQ,30.165109888613
2026-02-18,LPX.N,41.3624137583844
2026-02-18,LRCX.OQ,49.2062320925714
2026-02-18,LRN.N,12.8399931113627
2026-02-18,LSCC.OQ,4464.18732782369
2026-02-18,LSTR.OQ,44.5389659269202
2026-02-18,LTC.N,53.3696336224587
2026-02-18,LTH.N,22.7781722838259
2026-02-18,LULU.OQ,12.614427114681
2026-02-18,LUV.N,68.5771492929546
2026-02-18,LVS.N,25.0347823497126
2026-02-18,LW.N,17.5805354759086
2026-02-18,LXP.N,26.3749924367853
2026-02-18,LYFT.OQ,1.97680890270524
2026-02-18,LYV.N,113.633379531695
2026-02-18,LZ.OQ,56.037948223187
2026-02-18,LZB.N,17.658431366702
2026-02-18,M.N,13.3831749334368
2026-02-18,MA.N,31.9492955155529
2026-02-18,MAA.N,35.7068298032583
2026-02-18,MANH.OQ,39.710319520123
2026-02-18,MAR.OQ,37.490930038344
2026-02-18,MARA.OQ,3.99023191227874
2026-02-18,MAS.N,19.9051960552841
2026-02-18,MAT.OQ,13.6742397265152
2026-02-18,MATX.N,12.7393137946983
2026-02-18,MBC.N,60.2282967858215
2026-02-18,MBIN.OQ,12.2973387976406
2026-02-18,MC.N,21.7199892572913
2026-02-18,MCD.N,27.4326398969258
2026-02-18,MCK.N,27.2450158310928
2026-02-18,MCO.N,36.0552619117704
2026-02-18,MCY.N,8.94052615416112
2026-02-18,MD.N,11.5405626877902
2026-02-18,MDLZ.OQ,31.7964350734578
2026-02-18,MDT.N,27.5021082436515
2026-02-18,MDU.N,21.8398695614863
2026-02-19,LPLA.OQ,29.7782612880787
2026-02-19,LPX.N,40.8541935360141
2026-02-19,LRCX.OQ,48.652869492505
2026-02-19,LRN.N,12.6403445537855
2026-02-19,LSCC.OQ,4366.391184573
2026-02-19,LSTR.OQ,45.3642654380889
2026-02-19,LTC.N,53.2465045010534
2026-02-19,LTH.N,22.512856128413
2026-02-19,LULU.OQ,12.6663725401244
2026-02-19,LUV.N,65.1733199849831
2026-02-19,LVS.N,24.715678223909
2026-02-19,LW.N,17.4869837111985
2026-02-19,LXP.N,26.0779643676327
2026-02-19,LYFT.OQ,2.00420450383683
2026-02-19,LYV.N,114.85885184915
2026-02-19,LZ.OQ,56.6811384466956
2026-02-19,LZB.N,18.1007619019219
2026-02-19,M.N,12.936481347604
2026-02-19,MA.N,31.4821403934269
2026-02-19,MAA.N,35.6936167963744
2026-02-19,MANH.OQ,39.8435569964942
2026-02-19,MAR.OQ,36.8474761548207
2026-02-19,MARA.OQ,4.23496613623184
2026-02-19,MAS.N,19.4770994247938
2026-02-19,MAT.OQ,13.7850263909661
2026-02-19,MATX.N,12.5247985686814
2026-02-19,MBC.N,57.9253028937619
2026-02-19,MBIN.OQ,11.9266978005104
2026-02-19,MC.N,21.3256366584736
2026-02-19,MCD.N,27.3673818557546
2026-02-19,MCK.N,26.9621995796597
2026-02-19,MCO.N,32.8644095319881
2026-02-19,MCY.N,8.84942163988126
2026-02-19,MD.N,10.1380455108945
2026-02-19,MDLZ.OQ,31.0343367627757
2026-02-19,MDT.N,27.2480020551885
2026-02-19,MDU.N,21.7218741954861
2026-02-20,LPLA.OQ,28.9882183714945
2026-02-20,LPX.N,38.9699430889242
2026-02-20,LRCX.OQ,50.1961362993569
2026-02-20,LRN.N,12.5854793013215
2026-02-20,LSCC.OQ,4488.52157943067
2026-02-20,LSTR.OQ,46.2953725788947
2026-02-20,LTC.N,53.2465045010534
2026-02-20,LTH.N,22.5908902917697
2026-02-20,LULU.OQ,12.9725042474043
2026-02-20,LUV.N,65.1858340633212
2026-02-20,LVS.N,24.6816404504899
2026-02-20,LW.N,17.3682449329126
2026-02-20,LXP.N,26.5730111495536
2026-02-20,LYFT.OQ,2.01141387255566
2026-02-20,LZ.OQ,52.7415983277054
2026-02-20,LZB.N,18.3989622627443
2026-02-20,M.N,13.1715832348844
2026-02-20,MA.N,31.8542911707682
2026-02-20,MAA.N,35.2708005760871
2026-02-20,MANH.OQ,40.0461889918087
2026-02-20,MAR.OQ,36.6410654164073
2026-02-20,MARA.OQ,4.24028644544821
2026-02-20,MAS.N,19.49785562506
2026-02-20,MAT.OQ,13.7771130577911
2026-02-20,MATX.N,12.7606131788418
2026-02-20,MBC.N,57.6749774707119
2026-02-20,MBIN.OQ,12.0008259999365
2026-02-20,MC.N,21.4786182700839
2026-02-20,MCD.N,27.5447498650915
2026-02-20,MCK.N,27.2596889021234
2026-02-20,MCO.N,32.756882807574
2026-02-20,MCY.N,8.8483979936534
2026-02-20,MD.N,9.70873786407767
2026-02-20,MDLZ.OQ,31.1190143528515
2026-02-20,MDT.N,27.046951004976
2026-02-20,MDU.N,21.700420492577
2026-02-23,LPLA.OQ,27.5952001714484
2026-02-23,LPX.N,39.0274774537208
2026-02-23,LRCX.OQ,49.6530211548473
2026-02-23,LRN.N,12.3279174216989
2026-02-23,LSCC.OQ,4483.93021120294
2026-02-23,LSTR.OQ,44.139920009432
2026-02-23,LTC.N,53.6158918652694
2026-02-23,LTH.N,22.1695058096435
2026-02-23,LULU.OQ,12.3359996343042
2026-02-23,LUV.N,63.6966587410837
2026-02-23,LVS.N,23.7073091863696
2026-02-23,LW.N,16.9904397292756
2026-02-23,LXP.N,26.6775210257369
2026-02-23,LYFT.OQ,1.91625020546701
2026-02-23,LZ.OQ,50.0884386557324
2026-02-23,LZB.N,17.5292112103456
2026-02-23,M.N,12.5015428561353
2026-02-23,MA.N,30.0159268430238
2026-02-23,MAA.N,35.233804156812
2026-02-23,MANH.OQ,36.1129076581015
2026-02-23,MAR.OQ,36.0818608138691
2026-02-23,MARA.OQ,4.18974350789268
2026-02-23,MAS.N,19.1527837956344
2026-02-23,MAT.OQ,13.6346730606399
2026-02-23,MATX.N,12.5042598768287
2026-02-23,MBC.N,54.9213978171623
2026-02-23,MBIN.OQ,11.4448645042412
2026-02-23,MC.N,20.6559171587575
2026-02-23,MCD.N,27.9906798130943
2026-02-23,MCK.N,27.3106130898179
2026-02-23,MCO.N,31.9734738154139
2026-02-23,MCY.N,8.57917903572526
2026-02-23,MD.N,10.1833414153503
2026-02-23,MDLZ.OQ,31.9552055548499
2026-02-23,MDT.N,27.5356167520203
2026-02-23,MDU.N,21.5395177207586
2026-02-12,MEDP.OQ,27.209211525394
2026-02-12,MET.N,14.5648432999085
2026-02-12,META.OQ,22.2304860184095
2026-02-12,MGEE.OQ,22.0200364694135
2026-02-12,MGM.N,47.0670833275974
2026-02-12,MGNI.OQ,31.3426988302457
2026-02-12,MGRC.OQ,19.5080002437654
2026-02-12,MGY.N,14.4535683289939
2026-02-12,MHK.N,19.8624154232816
2026-02-12,MHO.N,8.61638933262596
2026-02-12,MIR.N,182.35843450208
2026-02-12,MKC.N,24.4513379130536
2026-02-12,MKL.N,13.0285785246429
2026-02-12,MKSI.OQ,60.4969863080151
2026-02-12,MKTX.OQ,26.6402455958627
2026-02-12,MLI.N,17.3006351087167
2026-02-12,MLM.N,38.1132258500369
2026-02-12,MMM.N,29.1229749766913
2026-02-12,MMS.N,11.2308704953102
2026-02-12,MMSI.OQ,40.3629905260087
2026-02-12,MNKD.OQ,60.7925709966526
2026-02-12,MNST.OQ,46.2064804062208
2026-02-12,MO.N,16.2776800722913
2026-02-12,MOD.N,115.200966736356
2026-02-12,MOGa.N,39.6493393821963
2026-02-12,MOH.N,14.8450588717708
2026-02-12,MORN.OQ,17.5145708355841
2026-02-12,MOS.N,7.72199770700505
2026-02-12,MPC.N,21.1165473026869
2026-02-12,MPWR.OQ,90.7116192455256
2026-02-12,MRK.N,16.3900851256266
2026-02-12,MRP.N,24.0872502240229
2026-02-12,MRSH.N,20.5840194475222
2026-02-12,MRVL.OQ,27.3566860048328
2026-02-12,MRX.OQ,12.1918873463581
2026-02-12,MS.N,17.2499976905573
2026-02-12,MSA.N,28.6088207243492
2026-02-12,MSCI.N,33.2865266119476
2026-02-13,MEDP.OQ,27.9933631603077
2026-02-13,MET.N,14.5554296214572
2026-02-13,META.OQ,21.8870101106444
2026-02-13,MGEE.OQ,22.4894716276646
2026-02-13,MGM.N,46.9982516760507
2026-02-13,MGNI.OQ,32.741926456596
2026-02-13,MGRC.OQ,19.9142758475925
2026-02-13,MGY.N,15.5197793154607
2026-02-13,MHK.N,19.731467524177
2026-02-13,MHO.N,8.7783647757403
2026-02-13,MIR.N,191.102810085746
2026-02-13,MKC.N,24.3967361814961
2026-02-13,MKL.N,12.9055865101107
2026-02-13,MKSI.OQ,63.242659810568
2026-02-13,MKTX.OQ,26.9254730647692
2026-02-13,MLI.N,17.3894309641337
2026-02-13,MLM.N,39.1981827693366
2026-02-13,MMM.N,28.6576345025777
2026-02-13,MMS.N,11.3801888114871
2026-02-13,MMSI.OQ,41.7961172502393
2026-02-13,MNKD.OQ,61.1165100961019
2026-02-13,MNST.OQ,46.3829496550311
2026-02-13,MO.N,16.335979478609
2026-02-13,MOD.N,115.76240101379
2026-02-13,MOGa.N,39.835860987411
2026-02-13,MOH.N,15.8573018569504
2026-02-13,MORN.OQ,18.1991868762972
2026-02-13,MOS.N,7.6908710786933
2026-02-13,MPC.N,21.675332818625
2026-02-13,MPWR.OQ,91.9311209135119
2026-02-13,MRK.N,16.6883615825422
2026-02-13,MRP.N,24.4855131848017
2026-02-13,MRSH.N,20.6707115042734
2026-02-13,MRVL.OQ,27.4895703290286
2026-02-13,MRX.OQ,12.4601390086142
2026-02-13,MS.N,17.5671611611262
2026-02-13,MSA.N,28.4825302258405
2026-02-13,MSCI.N,33.5312898576867
2026-02-17,MEDP.OQ,28.0031732308028
2026-02-17,MET.N,14.7945370541211
2026-02-17,META.OQ,21.8705889517074
2026-02-17,MGEE.OQ,22.3673642165588
2026-02-17,MGM.N,47.177213970072
2026-02-17,MGNI.OQ,32.3781272737449
2026-02-17,MGRC.OQ,19.80255005654
2026-02-17,MGY.N,15.0735421954866
2026-02-17,MHK.N,19.6287924669245
2026-02-17,MHO.N,9.97707326492482
2026-02-17,MIR.N,186.688173868749
2026-02-17,MKC.N,23.6118362903584
2026-02-17,MKL.N,13.0469177919497
2026-02-17,MKSI.OQ,63.7762712686613
2026-02-17,MKTX.OQ,26.683780314801
2026-02-17,MLI.N,17.2889897506292
2026-02-17,MLM.N,38.4862339234098
2026-02-17,MMM.N,27.9571219609014
2026-02-17,MMS.N,11.0236532402075
2026-02-17,MMSI.OQ,41.7602890821335
2026-02-17,MNKD.OQ,59.8207536983047
2026-02-17,MNST.OQ,47.1912926657103
2026-02-17,MO.N,16.1635104015858
2026-02-17,MOD.N,115.944198779816
2026-02-17,MOGa.N,39.9045794735428
2026-02-17,MOH.N,15.8959639154121
2026-02-17,MORN.OQ,17.8111150988888
2026-02-17,MOS.N,7.54301959421252
2026-02-17,MPC.N,21.3852762149319
2026-02-17,MPWR.OQ,92.0653131819969
2026-02-17,MRK.N,16.7103543166926
2026-02-17,MRP.N,24.1485214487581
2026-02-17,MRSH.N,20.8809100528347
2026-02-17,MRVL.OQ,27.6294485650242
2026-02-17,MRX.OQ,12.6228984441404
2026-02-17,MS.N,17.6071915020718
2026-02-17,MSA.N,28.5107391296989
2026-02-17,MSCI.N,33.2297976305133
2026-02-18,MEDP.OQ,29.1797276855232
2026-02-18,MET.N,14.9150321382982
2026-02-18,META.OQ,22.0050371905039
2026-02-18,MGEE.OQ,21.7052706985629
2026-02-18,MGM.N,51.1969824203962
2026-02-18,MGNI.OQ,33.5814630324061
2026-02-18,MGRC.OQ,19.550320619164
2026-02-18,MGY.N,15.2995583991098
2026-02-18,MHK.N,19.4933804348958
2026-02-18,MHO.N,9.79757569494116
2026-02-18,MIR.N,182.103743951099
2026-02-18,MKC.N,23.8950827728124
2026-02-18,MKL.N,12.963671288475
2026-02-18,MKSI.OQ,57.2790833882422
2026-02-18,MKTX.OQ,26.4390851704234
2026-02-18,MLI.N,17.0298805331827
2026-02-18,MLM.N,38.2090762218324
2026-02-18,MMM.N,27.3817009445244
2026-02-18,MMS.N,11.4700845324508
2026-02-18,MMSI.OQ,42.4717341345194
2026-02-18,MNKD.OQ,58.7409567001404
2026-02-18,MNST.OQ,47.3506842452809
2026-02-18,MO.N,16.2193806659735
2026-02-18,MOD.N,116.313141304987
2026-02-18,MOGa.N,40.1303687851185
2026-02-18,MOH.N,16.7078671431082
2026-02-18,MORN.OQ,18.3106498789978
2026-02-18,MOS.N,7.63639947914775
2026-02-18,MPC.N,21.281836911409
2026-02-18,MPWR.OQ,93.2534248456593
2026-02-18,MRK.N,16.7227252296523
2026-02-18,MRP.N,24.0336379023796
2026-02-18,MRSH.N,21.1516742848796
2026-02-18,MRVL.OQ,27.6574242122233
2026-02-18,MRX.OQ,12.9604735696761
2026-02-18,MS.N,18.1255330963674
2026-02-18,MSA.N,28.1792845093625
2026-02-18,MSCI.N,34.7544686820965
2026-02-19,MEDP.OQ,29.1973858124144
2026-02-19,MET.N,14.7041657409883
2026-02-19,META.OQ,22.0584059570491
2026-02-19,MGEE.OQ,21.7296921807841
2026-02-19,MGM.N,50.1920403078152
2026-02-19,MGNI.OQ,34.1691386354732
2026-02-19,MGRC.OQ,19.2760845865807
2026-02-19,MGY.N,15.6936379336324
2026-02-19,MHK.N,19.0707758514218
2026-02-19,MHO.N,9.62691702044913
2026-02-19,MIR.N,182.273537651753
2026-02-19,MKC.N,23.3729537147947
2026-02-19,MKL.N,12.9419520879444
2026-02-19,MKSI.OQ,56.9862361812724
2026-02-19,MKTX.OQ,27.1266334902084
2026-02-19,MLI.N,17.3370268527401
2026-02-19,MLM.N,38.9983982594496
2026-02-19,MMM.N,27.5284750008756
2026-02-19,MMS.N,11.4121855935251
2026-02-19,MMSI.OQ,41.8882468253684
2026-02-19,MNKD.OQ,59.7127739984883
2026-02-19,MNST.OQ,46.673270032106
2026-02-19,MO.N,16.5157359814219
2026-02-19,MOD.N,116.853187609948
2026-02-19,MOGa.N,41.5734569938853
2026-02-19,MOH.N,17.3674652920157
2026-02-19,MORN.OQ,18.2093928289757
2026-02-19,MOS.N,7.82315924901821
2026-02-19,MPC.N,20.9512576939647
2026-02-19,MPWR.OQ,92.2254022040492
2026-02-19,MRK.N,16.7502161473403
2026-02-19,MRP.N,23.7502584879794
2026-02-19,MRSH.N,21.2419290288946
2026-02-19,MRVL.OQ,27.8392659190175
2026-02-19,MRX.OQ,12.6500250167281
2026-02-19,MS.N,17.8976680786771
2026-02-19,MSA.N,27.9268148198297
2026-02-19,MSCI.N,34.4912207120698
2026-02-20,MEDP.OQ,29.6767712572783
2026-02-20,MET.N,16.7906329070932
2026-02-20,META.OQ,22.4306188929539
2026-02-20,MGEE.OQ,21.9521990187991
2026-02-20,MGM.N,50.646329208023
2026-02-20,MGNI.OQ,34.2251077405272
2026-02-20,MGRC.OQ,19.0898749348266
2026-02-20,MGY.N,15.7110237954495
2026-02-20,MHK.N,18.8981627116929
2026-02-20,MHO.N,9.75406113252089
2026-02-20,MIR.N,192.963365977512
2026-02-20,MKC.N,23.376366323017
2026-02-20,MKL.N,13.0327721454946
2026-02-20,MKSI.OQ,59.3175744930083
2026-02-20,MKTX.OQ,27.2061969420613
2026-02-20,MLI.N,17.4796824893117
2026-02-20,MLM.N,39.9876412223531
2026-02-20,MMM.N,27.8637202886779
2026-02-20,MMS.N,11.2415360893228
2026-02-20,MMSI.OQ,42.077624285356
2026-02-20,MNKD.OQ,59.8207536983047
2026-02-20,MNST.OQ,47.6808525172484
2026-02-20,MO.N,16.4137120203659
2026-02-20,MOD.N,121.034536228552
2026-02-20,MOGa.N,42.3453128470437
2026-02-20,MOH.N,17.6908206900592
2026-02-20,MORN.OQ,17.9427492639175
2026-02-20,MOS.N,7.63380559345511
2026-02-20,MPC.N,20.9821828465643
2026-02-20,MPWR.OQ,94.49176051624
2026-02-20,MRK.N,16.8051979827165
2026-02-20,MRP.N,23.7808941003469
2026-02-20,MRSH.N,21.2953693378508
2026-02-20,MRVL.OQ,27.7938054923189
2026-02-20,MRX.OQ,12.6379687622446
2026-02-20,MS.N,17.1871340960955
2026-02-20,MSA.N,27.7942329716952
2026-02-20,MSCI.N,34.6818045935177
2026-02-23,MEDP.OQ,29.1005931168621
2026-02-23,MET.N,15.9712670029039
2026-02-23,META.OQ,21.8007990262253
2026-02-23,MGEE.OQ,22.1150089002735
2026-02-23,MGM.N,47.1496813094533
2026-02-23,MGNI.OQ,31.6785134605698
2026-02-23,MGRC.OQ,19.140659385305
2026-02-23,MGY.N,15.821134253625
2026-02-23,MHK.N,18.4740700839108
2026-02-23,MHO.N,9.5895216933692
2026-02-23,MIR.N,185.890460645629
2026-02-23,MKC.N,23.7278649699179
2026-02-23,MKL.N,12.9351922214968
2026-02-23,MKSI.OQ,58.0455194377334
2026-02-23,MKTX.OQ,27.2692472246617
2026-02-23,MLI.N,17.2132949230606
2026-02-23,MLM.N,39.851228299269
2026-02-23,MMM.N,27.7436324243905
2026-02-23,MMS.N,11.02822420907
2026-02-23,MMSI.OQ,41.7705257015923
2026-02-23,MNKD.OQ,60.144692797754
2026-02-23,MNST.OQ,48.2102602636792
2026-02-23,MO.N,16.7562210324825
2026-02-23,MOD.N,118.970596884842
2026-02-23,MOGa.N,42.3048180248589
2026-02-23,MOH.N,18.3012125827427
2026-02-23,MORN.OQ,17.6524790538541
2026-02-23,MOS.N,7.45223359496994
2026-02-23,MPC.N,20.5620273250383
2026-02-23,MPWR.OQ,93.3899713644686
2026-02-23,MRK.N,17.0196271406834
2026-02-23,MRP.N,23.4285845581196
2026-02-23,MRSH.N,21.0186672936996
2026-02-23,MRVL.OQ,27.2028199452377
2026-02-23,MRX.OQ,12.0411841653154
2026-02-23,MS.N,16.3435036042913
2026-02-23,MSA.N,27.4754723580951
2026-02-23,MSCI.N,34.3172093420522
2026-02-12,MSFT.OQ,25.1425939969116
2026-02-12,MSGE.N,55.8205575559598
2026-02-12,MSI.N,36.3867180133674
2026-02-12,MSM.N,25.1442433779177
2026-02-12,MSTR.OQ,5.71789841665349
2026-02-12,MTB.N,14.2565024499128
2026-02-12,MTCH.OQ,12.5650404626219
2026-02-12,MTD.N,32.2418882417971
2026-02-12,MTDR.N,7.50685537443727
2026-02-12,MTG.N,8.73195570968636
2026-02-12,MTH.N,10.2561432041201
2026-02-12,MTN.N,20.0808631266196
2026-02-12,MTRN.N,173.459591551754
2026-02-12,MTSI.OQ,111.610812224464
2026-02-12,MTZ.N,63.0893295822344
2026-02-12,MU.OQ,39.3507978619751
2026-02-12,MUR.N,45.8696409898919
2026-02-12,MUSA.N,16.2248603834806
2026-02-12,MWA.N,23.5909327528276
2026-02-12,MYRG.OQ,43.2571865142115
2026-02-12,MZTI.OQ,24.159122831418
2026-02-12,NATL.N,25.0266757202444
2026-02-12,NBHC.N,12.8868995840385
2026-02-12,NBIX.OQ,26.3981248967986
2026-02-12,NBR.N,6.62036830721494
2026-02-12,NCLH.N,17.7117217317112
2026-02-12,NDAQ.OQ,28.1721779685795
2026-02-12,NDSN.OQ,34.5755353476093
2026-02-12,NE.N,30.4440774186168
2026-02-12,NEE.N,29.193765560693
2026-02-12,NEM.N,18.3649418049635
2026-02-12,NESR.OQ,28.5917318062116
2026-02-12,NEU.N,12.6155886700761
2026-02-12,NFG.N,11.940993832137
2026-02-12,NFLX.OQ,30.0176481295357
2026-02-12,NHI.N,28.2612669974216
2026-02-12,NI.N,23.1298507157045
2026-02-12,NIC.N,15.5131130885829
2026-02-12,NJR.N,16.6186311740039
2026-02-12,NKE.N,35.82716179687
2026-02-13,MSFT.OQ,25.1100582889721
2026-02-13,MSGE.N,58.0106908200007
2026-02-13,MSI.N,36.2140563178141
2026-02-13,MSM.N,25.6906198094239
2026-02-13,MSTR.OQ,6.22367674814284
2026-02-13,MTB.N,14.090772149177
2026-02-13,MTCH.OQ,12.8086141079535
2026-02-13,MTD.N,32.313831302782
2026-02-13,MTDR.N,7.66071065111232
2026-02-13,MTG.N,8.48993213786427
2026-02-13,MTH.N,10.7622072939992
2026-02-13,MTN.N,19.6981051279306
2026-02-13,MTRN.N,44.5617775594836
2026-02-13,MTSI.OQ,114.025255921692
2026-02-13,MTZ.N,64.0976554046502
2026-02-13,MU.OQ,39.1312159041976
2026-02-13,MUR.N,46.8734750784245
2026-02-13,MUSA.N,17.178544716496
2026-02-13,MWA.N,23.7644534885555
2026-02-13,MYRG.OQ,44.2489311286667
2026-02-13,MZTI.OQ,24.4143625045278
2026-02-13,NATL.N,25.6086914346687
2026-02-13,NBHC.N,13.2348521992187
2026-02-13,NBIX.OQ,26.6168583443594
2026-02-13,NBR.N,7.05771887478612
2026-02-13,NCLH.N,16.3709634414828
2026-02-13,NDAQ.OQ,25.7109579734058
2026-02-13,NDSN.OQ,34.9885596949252
2026-02-13,NE.N,34.1438333196718
2026-02-13,NEE.N,29.7876124180682
2026-02-13,NEM.N,19.5590050716594
2026-02-13,NESR.OQ,29.0236731736544
2026-02-13,NEU.N,13.3455472406032
2026-02-13,NFG.N,12.1822964758656
2026-02-13,NFLX.OQ,30.4173030809044
2026-02-13,NHI.N,28.15094529935
2026-02-13,NI.N,23.7339504023918
2026-02-13,NIC.N,15.8459818351687
2026-02-13,NJR.N,16.7701594448499
2026-02-13,NKE.N,37.0174913950311
2026-02-17,MSFT.OQ,24.8310020247221
2026-02-17,MSGE.N,58.5118230075355
2026-02-17,MSI.N,35.9003517412565
2026-02-17,MSM.N,25.5349025264446
2026-02-17,MSTR.OQ,5.98147958756752
2026-02-17,MTB.N,14.0692087271482
2026-02-17,MTCH.OQ,12.6742286484602
2026-02-17,MTD.N,32.1307682664144
2026-02-17,MTDR.N,7.59500162669902
2026-02-17,MTG.N,8.55043803081979
2026-02-17,MTH.N,12.6564888389191
2026-02-17,MTN.N,20.201116597472
2026-02-17,MTRN.N,42.784106448174
2026-02-17,MTSI.OQ,114.693080774116
2026-02-17,MTZ.N,63.7171550943046
2026-02-17,MU.OQ,38.0019372641989
2026-02-17,MUR.N,44.5311955385152
2026-02-17,MUSA.N,16.2126336612625
2026-02-17,MWA.N,23.7802281008944
2026-02-17,MYRG.OQ,43.6626065438992
2026-02-17,MZTI.OQ,24.2065026509773
2026-02-17,NATL.N,25.6935687263556
2026-02-17,NBHC.N,13.2032201432932
2026-02-17,NBIX.OQ,27.3974365297724
2026-02-17,NBR.N,4.34401506360167
2026-02-17,NCLH.N,18.3592470423329
2026-02-17,NDAQ.OQ,25.9600763531657
2026-02-17,NDSN.OQ,34.8407157524201
2026-02-17,NE.N,32.3926764383705
2026-02-17,NEE.N,28.0926624547369
2026-02-17,NEM.N,19.0163903840593
2026-02-17,NESR.OQ,33.6774930680377
2026-02-17,NEU.N,13.5031363611907
2026-02-17,NFG.N,12.1585846553836
2026-02-17,NFLX.OQ,30.4687438172192
2026-02-17,NHI.N,28.6899455956426
2026-02-17,NI.N,23.9131325128499
2026-02-17,NIC.N,16.1002282090947
2026-02-17,NJR.N,16.7485125490148
2026-02-17,NKE.N,38.0084554447318
2026-02-18,MSFT.OQ,25.0024401780955
2026-02-18,MSGE.N,59.708972122202
2026-02-18,MSI.N,35.4172466933577
2026-02-18,MSM.N,25.5649532301775
2026-02-18,MSTR.OQ,5.8201697704473
2026-02-18,MTB.N,14.2780658719416
2026-02-18,MTCH.OQ,12.7162241045519
2026-02-18,MTD.N,32.6609625079303
2026-02-18,MTDR.N,7.95399727227416
2026-02-18,MTG.N,8.52814638604671
2026-02-18,MTH.N,12.4748923053601
2026-02-18,MTN.N,20.8229150321238
2026-02-18,MTRN.N,42.7282925985254
2026-02-18,MTSI.OQ,115.2394829261
2026-02-18,MTZ.N,62.8253574919322
2026-02-18,MU.OQ,40.0142965915367
2026-02-18,MUR.N,46.2879051934472
2026-02-18,MUSA.N,16.4820431611727
2026-02-18,MWA.N,23.5751581404887
2026-02-18,MYRG.OQ,42.1410700181389
2026-02-18,MZTI.OQ,24.5702573946907
2026-02-18,NATL.N,25.4086235328354
2026-02-18,NBHC.N,13.1431192370348
2026-02-18,NBIX.OQ,27.5303921547603
2026-02-18,NBR.N,4.54880175621201
2026-02-18,NCLH.N,18.549695663104
2026-02-18,NDAQ.OQ,26.5715487398492
2026-02-18,NDSN.OQ,35.1176298034614
2026-02-18,NE.N,32.9813632197441
2026-02-18,NEE.N,27.6411678257049
2026-02-18,NEM.N,19.3864256151447
2026-02-18,NESR.OQ,34.3741726929454
2026-02-18,NEU.N,13.6983217434039
2026-02-18,NFG.N,12.0316566751564
2026-02-18,NFLX.OQ,30.8604848091549
2026-02-18,NHI.N,28.0374715527621
2026-02-18,NI.N,23.1912845821473
2026-02-18,NIC.N,15.673421043227
2026-02-18,NJR.N,16.3001125638583
2026-02-18,NKE.N,38.4365050046616
2026-02-19,MSFT.OQ,24.9311118953051
2026-02-19,MSGE.N,58.6046252644864
2026-02-19,MSI.N,35.5803730731677
2026-02-19,MSM.N,25.6441778127459
2026-02-19,MSTR.OQ,6.01773943118533
2026-02-19,MTB.N,13.4399802896714
2026-02-19,MTCH.OQ,12.8884054745277
2026-02-19,MTD.N,32.6837563490345
2026-02-19,MTDR.N,8.34504610048993
2026-02-19,MTG.N,8.2988608969521
2026-02-19,MTH.N,12.2869793706338
2026-02-19,MTN.N,21.0091612613709
2026-02-19,MTRN.N,42.0975960974956
2026-02-19,MTSI.OQ,113.278039303594
2026-02-19,MTZ.N,65.5435565839634
2026-02-19,MU.OQ,39.6720909430522
2026-02-19,MUR.N,47.4869292436389
2026-02-19,MUSA.N,16.3100578346903
2026-02-19,MWA.N,23.4883977726247
2026-02-19,MYRG.OQ,43.7740566715823
2026-02-19,MZTI.OQ,25.0196014898661
2026-02-19,NATL.N,25.6026287709768
2026-02-19,NBHC.N,13.2316889936261
2026-02-19,NBIX.OQ,27.8992367918237
2026-02-19,NBR.N,4.62793761677825
2026-02-19,NCLH.N,18.0850010284226
2026-02-19,NDAQ.OQ,26.3386068782555
2026-02-19,NDSN.OQ,34.4887063655031
2026-02-19,NE.N,33.7861502120018
2026-02-19,NEE.N,27.7684347681166
2026-02-19,NEM.N,19.4968142765189
2026-02-19,NESR.OQ,33.7192938455322
2026-02-19,NEU.N,13.6661285373411
2026-02-19,NFG.N,12.2576163762201
2026-02-19,NFLX.OQ,30.4687438172192
2026-02-19,NHI.N,27.9649744368865
2026-02-19,NI.N,23.4574980033993
2026-02-19,NIC.N,16.2013141168002
2026-02-19,NJR.N,16.3495911829101
2026-02-19,NKE.N,38.4716871602723
2026-02-20,MSFT.OQ,24.8541524322944
2026-02-20,MSGE.N,59.1243179034114
2026-02-20,MSI.N,36.2924824619535
2026-02-20,MSM.N,25.6414459305883
2026-02-20,MTB.N,13.6400166599206
2026-02-20,MTCH.OQ,13.3671536739725
2026-02-20,MTD.N,32.7079748052076
2026-02-20,MTDR.N,8.39633119271495
2026-02-20,MTG.N,8.34662870718014
2026-02-20,MTH.N,12.2901375712174
2026-02-20,MTN.N,20.9461015144605
2026-02-20,MTRN.N,41.5896900656929
2026-02-20,MTSI.OQ,113.759060001494
2026-02-20,MTZ.N,67.5055113091827
2026-02-20,MU.OQ,40.7006090309972
2026-02-20,MUR.N,47.0268386197281
2026-02-20,MUSA.N,16.0556313071431
2026-02-20,MWA.N,23.6382565898443
2026-02-20,MYRG.OQ,45.3892759133661
2026-02-20,MZTI.OQ,25.3436183204007
2026-02-20,NATL.N,25.5601901251334
2026-02-20,NBHC.N,13.4499501795119
2026-02-20,NBIX.OQ,27.5840032938684
2026-02-20,NBR.N,4.72338392188868
2026-02-20,NCLH.N,18.5192238837806
2026-02-20,NDAQ.OQ,26.4874308453848
2026-02-20,NDSN.OQ,31.361558772255
2026-02-20,NE.N,33.920281377378
2026-02-20,NEE.N,27.9320636940745
2026-02-20,NEM.N,19.1214138542182
2026-02-20,NESR.OQ,33.9979656954953
2026-02-20,NEU.N,13.7424466971684
2026-02-20,NFG.N,12.4180198677159
2026-02-20,NFLX.OQ,31.1295594298784
2026-02-20,NHI.N,27.9618223883702
2026-02-20,NI.N,23.7390698912621
2026-02-20,NIC.N,16.477002955997
2026-02-20,NJR.N,16.467102903158
2026-02-20,NKE.N,38.348549615635
2026-02-23,MSFT.OQ,24.0557762143953
2026-02-23,MSGE.N,57.2589925386985
2026-02-23,MSI.N,36.47050980915
2026-02-23,MSM.N,25.0868738526095
2026-02-23,MTB.N,13.0299350615068
2026-02-23,MTCH.OQ,12.9681968411018
2026-02-23,MTD.N,33.0805116457533
2026-02-23,MTDR.N,8.19920411947503
2026-02-23,MTG.N,8.21287883854162
2026-02-23,MTH.N,12.1274902411602
2026-02-23,MTN.N,20.6014726650662
2026-02-23,MTRN.N,40.797133400682
2026-02-23,MTSI.OQ,114.665060150938
2026-02-23,MTZ.N,66.2284571425854
2026-02-23,MU.OQ,40.0161977340283
2026-02-23,MUR.N,45.98117811084
2026-02-23,MUSA.N,16.1190320923247
2026-02-23,MWA.N,23.3385389554052
2026-02-23,MYRG.OQ,44.3329225292395
2026-02-23,MZTI.OQ,25.0394704464555
2026-02-23,NATL.N,24.2506547676787
2026-02-23,NBHC.N,12.7034336596707
2026-02-23,NBIX.OQ,27.5303921547603
2026-02-23,NBR.N,4.68653439902959
2026-02-23,NCLH.N,17.8945524076515
2026-02-23,NDAQ.OQ,25.8565466369019
2026-02-23,NDSN.OQ,31.2156508412403
2026-02-23,NE.N,33.7265363607234
2026-02-23,NEE.N,28.5017347696317
2026-02-23,NEM.N,19.4533339178467
2026-02-23,NESR.OQ,36.2970084576907
2026-02-23,NEU.N,13.559643317287
2026-02-23,NFG.N,12.2171668001038
2026-02-23,NFLX.OQ,30.080959805
2026-02-23,NHI.N,28.3778927925259
2026-02-23,NI.N,23.6520385804681
2026-02-23,NIC.N,15.9358359753514
2026-02-23,NJR.N,16.5073042811375
2026-02-23,NKE.N,36.994036624624
2026-02-11,NSP.N,67.0585868520464
2026-02-12,NLY.N,10.6204609456055
2026-02-12,NMIH.OQ,8.56017626228631
2026-02-12,NMRK.OQ,25.8935347475697
2026-02-12,NNN.N,21.0648796361565
2026-02-12,NOC.N,23.8656879489023
2026-02-12,NOG.N,14.1434745614678
2026-02-12,NOV.N,19.0350244449788
2026-02-12,NOVT.OQ,95.2286540551996
2026-02-12,NOW.N,61.8588188792468
2026-02-12,NPO.N,66.5743693219336
2026-02-12,NRG.N,24.2005444374645
2026-02-12,NSA.N,53.6525974025974
2026-02-12,NSC.N,24.6920558212852
2026-02-12,NSIT.OQ,19.7622190402007
2026-02-12,NSSC.OQ,32.2754209672775
2026-02-12,NTAP.OQ,17.0946121166026
2026-02-12,NTCT.OQ,21.7801511088702
2026-02-12,NTNX.OQ,54.2161528017611
2026-02-12,NTRS.OQ,16.4908866152915
2026-02-12,NTST.N,238.667788866178
2026-02-12,NU.N,33.0187765225648
2026-02-12,NUE.N,26.5370430754354
2026-02-12,NUTX.OQ,6.16250180438898
2026-02-12,NVAX.OQ,4.68149696703492
2026-02-12,NVDA.OQ,46.3015021857856
2026-02-12,NVR.N,18.5130669806265
2026-02-12,NVST.N,344.056445826357
2026-02-12,NVT.N,62.1825577647621
2026-02-12,NWE.OQ,19.4862584910684
2026-02-12,NWN.N,19.831776221772
2026-02-12,NWS.OQ,28.8503644934443
2026-02-12,NWSA.OQ,28.8503644934443
2026-02-12,NXST.OQ,14.0297649501552
2026-02-12,NXT.OQ,29.1836547009595
2026-02-12,NYT.N,34.5701444008798
2026-02-12,O.N,60.5115175518897
2026-02-13,NLY.N,8.30357914135161
2026-02-13,NMIH.OQ,8.05902499009136
2026-02-13,NMRK.OQ,26.7789382385891
2026-02-13,NNN.N,21.4076727725688
2026-02-13,NOC.N,24.1235524735423
2026-02-13,NOG.N,14.6280716978368
2026-02-13,NOV.N,51.0421097405359
2026-02-13,NOVT.OQ,100.082724295647
2026-02-13,NOW.N,64.1285925606521
2026-02-13,NPO.N,66.9229390812977
2026-02-13,NRG.N,25.7785156600556
2026-02-13,NSA.N,54.3344155844156
2026-02-13,NSC.N,24.7234566680091
2026-02-13,NSIT.OQ,17.136437127135
2026-02-13,NSSC.OQ,33.4576153018385
2026-02-13,NTAP.OQ,17.8255973628837
2026-02-13,NTCT.OQ,22.7580042628286
2026-02-13,NTNX.OQ,55.0465971553985
2026-02-13,NTRS.OQ,16.739033234494
2026-02-13,NTST.N,242.876037032584
2026-02-13,NU.N,32.5924777646443
2026-02-13,NUE.N,25.7527800577937
2026-02-13,NUTX.OQ,5.85091463450414
2026-02-13,NVAX.OQ,4.83717620109309
2026-02-13,NVDA.OQ,45.2785793012917
2026-02-13,NVR.N,17.1668487829248
2026-02-13,NVST.N,105.356948030694
2026-02-13,NVT.N,62.9327494804228
2026-02-13,NWE.OQ,23.6741877286982
2026-02-13,NWN.N,20.0427525645568
2026-02-13,NWS.OQ,29.2625125576363
2026-02-13,NWSA.OQ,29.2625125576363
2026-02-13,NXST.OQ,13.7852816268994
2026-02-13,NXT.OQ,29.7456648580158
2026-02-13,NYT.N,34.8761595103758
2026-02-13,O.N,61.333532609711
2026-02-17,NLY.N,8.27118546459731
2026-02-17,NMIH.OQ,8.13626154737345
2026-02-17,NMRK.OQ,26.4175490585812
2026-02-17,NNN.N,21.6249360280414
2026-02-17,NOC.N,24.0737650486784
2026-02-17,NOG.N,14.3801382792294
2026-02-17,NOV.N,50.6965121225011
2026-02-17,NOVT.OQ,99.3853789934983
2026-02-17,NOW.N,63.4278972553106
2026-02-17,NPO.N,66.1251561813446
2026-02-17,NRG.N,25.9430434652547
2026-02-17,NSA.N,55.3084415584416
2026-02-17,NSC.N,24.8160891658444
2026-02-17,NSIT.OQ,16.7116000652357
2026-02-17,NSSC.OQ,33.4424589642159
2026-02-17,NTAP.OQ,17.5906378194362
2026-02-17,NTCT.OQ,22.3989488078595
2026-02-17,NTNX.OQ,53.9788829864361
2026-02-17,NTRS.OQ,16.8362335231217
2026-02-17,NTST.N,246.483106889503
2026-02-17,NU.N,32.5924777646443
2026-02-17,NUE.N,25.8104051182298
2026-02-17,NUTX.OQ,5.94597512701138
2026-02-17,NVAX.OQ,4.80937633786842
2026-02-17,NVDA.OQ,45.8135704466928
2026-02-17,NVR.N,16.9692138079323
2026-02-17,NVST.N,102.083863694221
2026-02-17,NVT.N,64.0274736877202
2026-02-17,NWE.OQ,23.5382853881201
2026-02-17,NWN.N,19.983042278863
2026-02-17,NWS.OQ,29.8678550269184
2026-02-17,NWSA.OQ,29.8678550269184
2026-02-17,NXST.OQ,13.9176604019306
2026-02-17,NXT.OQ,31.3167387061504
2026-02-17,NYT.N,35.3973414937362
2026-02-17,O.N,62.1088422665197
2026-02-18,NLY.N,8.2783840594316
2026-02-18,NMIH.OQ,8.06105753107247
2026-02-18,NMRK.OQ,28.0076614506162
2026-02-18,NNN.N,21.0407392744373
2026-02-18,NOC.N,24.887875285591
2026-02-18,NOG.N,15.4169507570422
2026-02-18,NOV.N,53.1422798809017
2026-02-18,NOVT.OQ,99.5631336783598
2026-02-18,NOW.N,64.565778520395
2026-02-18,NPO.N,66.5866429050098
2026-02-18,NRG.N,25.5855694157767
2026-02-18,NSA.N,55.6168831168831
2026-02-18,NSC.N,24.8663305206025
2026-02-18,NSIT.OQ,16.6975059446987
2026-02-18,NSSC.OQ,32.9574561602934
2026-02-18,NTAP.OQ,17.6341488460005
2026-02-18,NTCT.OQ,22.6052147075226
2026-02-18,NTNX.OQ,54.3347877094236
2026-02-18,NTRS.OQ,16.8693959745358
2026-02-18,NTST.N,239.268967175664
2026-02-18,NU.N,33.2706803340632
2026-02-18,NUE.N,25.9368991533333
2026-02-18,NUTX.OQ,6.13257535304411
2026-02-18,NVAX.OQ,4.83161622844816
2026-02-18,NVDA.OQ,46.5590905150528
2026-02-18,NVR.N,17.2027262879304
2026-02-18,NVST.N,103.647670654981
2026-02-18,NVT.N,44.3834670146218
2026-02-18,NWE.OQ,23.2596855899351
2026-02-18,NWN.N,19.5451668504417
2026-02-18,NWS.OQ,30.0739290590145
2026-02-18,NWSA.OQ,30.0739290590145
2026-02-18,NXST.OQ,14.1961328701269
2026-02-18,NXT.OQ,31.8021111145172
2026-02-18,NYT.N,36.1002199483599
2026-02-18,O.N,60.7824088777626
2026-02-19,NLY.N,8.27118546459731
2026-02-19,NMIH.OQ,7.88422646571611
2026-02-19,NMRK.OQ,27.5739944346066
2026-02-19,NNN.N,21.2290340958469
2026-02-19,NOC.N,25.3012825927368
2026-02-19,NOG.N,15.6986932781869
2026-02-19,NOV.N,53.806890684815
2026-02-19,NOVT.OQ,99.0845633729635
2026-02-19,NOW.N,64.3022691747965
2026-02-19,NPO.N,68.1159313563046
2026-02-19,NRG.N,26.1763738071734
2026-02-19,NSA.N,56.2175324675325
2026-02-19,NSC.N,24.6535897840485
2026-02-19,NSIT.OQ,16.8968370780069
2026-02-19,NSSC.OQ,34.0866033131754
2026-02-19,NTAP.OQ,17.6828811957526
2026-02-19,NTCT.OQ,22.7580042628286
2026-02-19,NTNX.OQ,54.466604273493
2026-02-19,NTRS.OQ,16.5835127726897
2026-02-19,NTST.N,242.395094384995
2026-02-19,NU.N,33.5613385780999
2026-02-19,NUE.N,25.3044289778157
2026-02-19,NUTX.OQ,6.07976396831786
2026-02-19,NVAX.OQ,5.12907476495216
2026-02-19,NVDA.OQ,46.5392760281861
2026-02-19,NVR.N,17.2096319644834
2026-02-19,NVST.N,104.44775793723
2026-02-19,NVT.N,44.8555090762559
2026-02-19,NWE.OQ,23.2868660580507
2026-02-19,NWN.N,19.6247805647001
2026-02-19,NWS.OQ,30.0868086860205
2026-02-19,NWSA.OQ,30.0868086860205
2026-02-19,NXST.OQ,13.9152751987769
2026-02-19,NXT.OQ,29.6460357847195
2026-02-19,NYT.N,36.0954384622741
2026-02-19,O.N,61.1840753264708
2026-02-20,NLY.N,8.28558265426589
2026-02-20,NMIH.OQ,7.9350399902438
2026-02-20,NMRK.OQ,27.2848830906003
2026-02-20,NNN.N,21.4125008449127
2026-02-20,NOC.N,24.8442683686412
2026-02-20,NOG.N,15.8621039404509
2026-02-20,NOV.N,54.2056571671629
2026-02-20,NOVT.OQ,99.7887453937608
2026-02-20,NOW.N,62.4457260580798
2026-02-20,NPO.N,144.086608347021
2026-02-20,NRG.N,26.8000837596099
2026-02-20,NSA.N,58.1980519480519
2026-02-20,NSC.N,24.8247243986934
2026-02-20,NSIT.OQ,17.2149615129837
2026-02-20,NSSC.OQ,34.7534821685688
2026-02-20,NTAP.OQ,17.8360400092592
2026-02-20,NTCT.OQ,22.6892489629409
2026-02-20,NTNX.OQ,52.5157191252653
2026-02-20,NTRS.OQ,16.5537809196977
2026-02-20,NTST.N,245.160514608633
2026-02-20,NU.N,33.9682601197512
2026-02-20,NUE.N,25.300212509979
2026-02-20,NUTX.OQ,5.93130529792076
2026-02-20,NVAX.OQ,5.11517483333982
2026-02-20,NVDA.OQ,47.0148237129871
2026-02-20,NVR.N,17.3341628072243
2026-02-20,NVST.N,105.902462086773
2026-02-20,NVT.N,44.8516713359174
2026-02-20,NWE.OQ,23.4193708401143
2026-02-20,NWN.N,19.9472161074467
2026-02-20,NWS.OQ,30.4603178691945
2026-02-20,NWSA.OQ,30.4603178691945
2026-02-20,NXST.OQ,13.8007854473985
2026-02-20,NXT.OQ,30.4864964286809
2026-02-20,NYT.N,37.2908099837429
2026-02-20,O.N,61.7819044594317
2026-02-23,NLY.N,8.213596705923
2026-02-23,NMIH.OQ,7.87812884277279
2026-02-23,NMRK.OQ,26.1103682555744
2026-02-23,NNN.N,21.5138903641332
2026-02-23,NOC.N,24.907103532435
2026-02-23,NOG.N,15.3831416545048
2026-02-23,NOV.N,53.9132284134411
2026-02-23,NOVT.OQ,97.3412001175915
2026-02-23,NOW.N,60.3675955371099
2026-02-23,NPO.N,144.50642583137
2026-02-23,NRG.N,26.4022256124922
2026-02-23,NSA.N,56.7857142857143
2026-02-23,NSC.N,24.7305218585219
2026-02-23,NSIT.OQ,16.7055597278627
2026-02-23,NSSC.OQ,34.7610603373801
2026-02-23,NTAP.OQ,17.4966540020572
2026-02-23,NTCT.OQ,21.6120825980336
2026-02-23,NTNX.OQ,49.273031649157
2026-02-23,NTRS.OQ,16.0529135500633
2026-02-23,NTST.N,244.439100637249
2026-02-23,NU.N,31.3717131396904
2026-02-23,NUE.N,25.1371757536233
2026-02-23,NUTX.OQ,5.97062043988363
2026-02-23,NVAX.OQ,5.20413439565877
2026-02-23,NVDA.OQ,47.4433119914798
2026-02-23,NVR.N,17.0511444009438
2026-02-23,NVST.N,105.393315634433
2026-02-23,NVT.N,44.1071497102506
2026-02-23,NWE.OQ,23.5111049200045
2026-02-23,NWN.N,19.9591581645854
2026-02-23,NWS.OQ,29.6231421138044
2026-02-23,NWSA.OQ,29.6231421138044
2026-02-23,NXST.OQ,13.7512924819589
2026-02-23,NXT.OQ,29.8861673972799
2026-02-23,NYT.N,35.9998087405566
2026-02-23,O.N,62.2863227903675
2026-02-12,ODFL.OQ,38.3522051846079
2026-02-12,OFG.N,9.55584087991001
2026-02-12,OGE.N,18.5122773230621
2026-02-12,OGN.N,3.66953403154968
2026-02-12,OGS.N,19.8182742110686
2026-02-12,OHI.N,24.3532463229394
2026-02-12,OII.N,14.1028052509328
2026-02-12,OKE.N,15.5663501876794
2026-02-12,OKLO.N,15.2292004193272
2026-02-12,OKTA.OQ,75.6389356565737
2026-02-12,OLED.OQ,27.2824900948442
2026-02-12,OLLI.OQ,31.8191871716892
2026-02-12,OLN.N,55.3818283767172
2026-02-12,OMC.N,9.91842036586247
2026-02-12,OMCL.OQ,836.918806384455
2026-02-12,OMF.N,8.69898996668764
2026-02-12,ON.OQ,213.177592659664
2026-02-12,ONB.OQ,14.3186171400369
2026-02-12,ONON.N,50.5360795665405
2026-02-12,ONTO.N,60.525677816554
2026-02-12,OPCH.OQ,27.3290840827731
2026-02-12,OPLN.N,27.3173124080432
2026-02-12,ORA.N,55.0654244931374
2026-02-12,ORC.N,15.5576189002373
2026-02-12,ORCL.N,27.6898902172297
2026-02-12,ORI.N,11.4361901900398
2026-02-12,ORLY.OQ,32.0946287594302
2026-02-12,OSIS.OQ,30.0681748034641
2026-02-12,OSK.N,16.291205791042
2026-02-12,OSW.OQ,31.8140794223827
2026-02-12,OTIS.N,26.1579340506452
2026-02-12,OTTR.OQ,13.1289212068526
2026-02-12,OUT.N,37.2912580971058
2026-02-12,OVV.N,50.3653873544203
2026-02-12,OWL.N,135.290294627383
2026-02-12,OXY.N,33.8943901766621
2026-02-12,OZK.OQ,7.91354676812239
2026-02-12,PACS.N,37.6283774635901
2026-02-12,PAG.N,13.1366930576535
2026-02-12,PAGS.N,7.46870791493984
2026-02-12,PANW.OQ,103.347150193288
2026-02-13,ODFL.OQ,39.9440976967176
2026-02-13,OFG.N,9.52402595189128
2026-02-13,OGE.N,18.8493018777082
2026-02-13,OGN.N,3.84105616050313
2026-02-13,OGS.N,20.0560375572846
2026-02-13,OHI.N,24.5396232080639
2026-02-13,OII.N,14.5008683023704
2026-02-13,OKE.N,15.8441892985942
2026-02-13,OKLO.N,15.6509101305632
2026-02-13,OKTA.OQ,77.7323463124794
2026-02-13,OLED.OQ,26.8800426981623
2026-02-13,OLLI.OQ,31.4348907934753
2026-02-13,OLN.N,55.8131510276262
2026-02-13,OMC.N,10.1734949493758
2026-02-13,OMCL.OQ,844.321073328707
2026-02-13,OMF.N,8.66852598501477
2026-02-13,ON.OQ,217.946396233249
2026-02-13,ONB.OQ,14.5536375280556
2026-02-13,ONON.N,51.5928835448675
2026-02-13,ONTO.N,61.2360532443297
2026-02-13,OPCH.OQ,28.1149043918624
2026-02-13,OPLN.N,27.7587052476704
2026-02-13,ORA.N,54.0546721000325
2026-02-13,ORC.N,15.53698545342
2026-02-13,ORCL.N,28.3375448580468
2026-02-13,ORI.N,11.4200942151066
2026-02-13,ORLY.OQ,32.5834136738422
2026-02-13,OSIS.OQ,30.4800831532889
2026-02-13,OSK.N,16.6812274762477
2026-02-13,OSW.OQ,32.0115072202166
2026-02-13,OTIS.N,25.6105418612475
2026-02-13,OTTR.OQ,13.3055028577552
2026-02-13,OUT.N,37.2021156474713
2026-02-13,OVV.N,51.4171770403076
2026-02-13,OWL.N,133.232235701906
2026-02-13,OXY.N,34.3265455141531
2026-02-13,OZK.OQ,8.01068523090622
2026-02-13,PACS.N,36.5646094037097
2026-02-13,PAG.N,12.700137414968
2026-02-13,PAGS.N,7.55117474745535
2026-02-13,PANW.OQ,105.975104261221
2026-02-17,ODFL.OQ,39.9668390183192
2026-02-17,OFG.N,9.58765580792873
2026-02-17,OGE.N,18.8172043010753
2026-02-17,OGN.N,3.78388211751865
2026-02-17,OGS.N,19.9861071613387
2026-02-17,OHI.N,24.7984799929591
2026-02-17,OII.N,14.1552970818916
2026-02-17,OKE.N,15.7521895929933
2026-02-17,OKLO.N,16.1155055751453
2026-02-17,OKTA.OQ,73.4564436961615
2026-02-17,OLED.OQ,25.62320163045
2026-02-17,OLLI.OQ,30.8930052529721
2026-02-17,OLN.N,51.4783583859906
2026-02-17,OMC.N,10.023104154472
2026-02-17,OMCL.OQ,864.445986583391
2026-02-17,OMF.N,8.59541242899989
2026-02-17,ON.OQ,217.191838705783
2026-02-17,ONB.OQ,14.6182681347607
2026-02-17,ONON.N,53.3128508869591
2026-02-17,ONTO.N,62.0986519780573
2026-02-17,OPCH.OQ,27.972027972028
2026-02-17,OPLN.N,28.4649337910741
2026-02-17,ORA.N,56.8125168649297
2026-02-17,ORC.N,15.4750851129681
2026-02-17,ORCL.N,27.2457336192923
2026-02-17,ORI.N,11.4174115526177
2026-02-17,ORLY.OQ,31.2148159134884
2026-02-17,OSIS.OQ,30.0227854536212
2026-02-17,OSK.N,16.426738326651
2026-02-17,OSW.OQ,32.9704422382672
2026-02-17,OTIS.N,26.35465311871
2026-02-17,OTTR.OQ,13.0821346155878
2026-02-17,OUT.N,37.2764010221668
2026-02-17,OVV.N,50.4859049225949
2026-02-17,OWL.N,130.849220103986
2026-02-17,OXY.N,34.2296831109224
2026-02-17,OZK.OQ,8.01554215404541
2026-02-17,PACS.N,39.6592073960892
2026-02-17,PAG.N,12.2746994881404
2026-02-17,PAGS.N,7.3703008044675
2026-02-17,PANW.OQ,103.785142537943
2026-02-18,ODFL.OQ,40.0681412690898
2026-02-18,OFG.N,9.56265836448545
2026-02-18,OGE.N,18.6527042208313
2026-02-18,OGN.N,3.87743964240235
2026-02-18,OGS.N,19.5781798516543
2026-02-18,OHI.N,24.1979322520023
2026-02-18,OII.N,14.474622386891
2026-02-18,OKE.N,15.9693088982115
2026-02-18,OKLO.N,16.0559420566092
2026-02-18,OKTA.OQ,73.8751258273426
2026-02-18,OLED.OQ,25.8082843904213
2026-02-18,OLLI.OQ,30.6220624827205
2026-02-18,OLN.N,53.742802303263
2026-02-18,OMC.N,10.3445276180899
2026-02-18,OMCL.OQ,893.129770992367
2026-02-18,OMF.N,8.65634039234562
2026-02-18,ON.OQ,213.26813956296
2026-02-18,ONB.OQ,14.6358946638621
2026-02-18,ONON.N,54.2961834780672
2026-02-18,ONTO.N,62.0169024248609
2026-02-18,OPCH.OQ,28.1784050228999
2026-02-18,OPLN.N,28.54340362923
2026-02-18,ORA.N,55.3581310685162
2026-02-18,ORC.N,15.53698545342
2026-02-18,ORCL.N,27.6350342230622
2026-02-18,ORI.N,11.1867025785752
2026-02-18,ORLY.OQ,31.2653798701517
2026-02-18,OSIS.OQ,31.0883004411845
2026-02-18,OSK.N,17.1218215909783
2026-02-18,OSW.OQ,31.3910198555957
2026-02-18,OTIS.N,26.4487361512627
2026-02-18,OTTR.OQ,13.0911900848648
2026-02-18,OUT.N,37.5141142211921
2026-02-18,OVV.N,53.772747690993
2026-02-18,OWL.N,133.340554592721
2026-02-18,OXY.N,35.101444739999
2026-02-18,OZK.OQ,8.01068523090622
2026-02-18,PACS.N,37.6864011759472
2026-02-18,PAG.N,12.4651830198384
2026-02-18,PAGS.N,7.6106574800666
2026-02-18,PANW.OQ,96.7074401569155
2026-02-19,ODFL.OQ,40.3493066998001
2026-02-19,OFG.N,9.57402083877785
2026-02-19,OGE.N,20.088901881212
2026-02-19,OGN.N,3.90862548403025
2026-02-19,OGS.N,19.941817910573
2026-02-19,OHI.N,24.0892124023463
2026-02-19,OII.N,15.8262870340803
2026-02-19,OKE.N,15.9858688452197
2026-02-19,OKLO.N,16.1155055751453
2026-02-19,OKTA.OQ,72.8685070864178
2026-02-19,OLED.OQ,25.2056893579565
2026-02-19,OLLI.OQ,30.273707492397
2026-02-19,OLN.N,52.3625698203541
2026-02-19,OMC.N,11.9339519014852
2026-02-19,OMCL.OQ,893.592412676382
2026-02-19,OMF.N,8.76296432820066
2026-02-19,ON.OQ,205.511288180611
2026-02-19,ONB.OQ,14.6241436444612
2026-02-19,ONON.N,55.244563200475
2026-02-19,ONTO.N,63.5194028336086
2026-02-19,OPCH.OQ,28.305406284975
2026-02-19,ORA.N,54.9053505847271
2026-02-19,ORC.N,15.4544516661508
2026-02-19,ORCL.N,27.7005075064235
2026-02-19,ORI.N,11.1384146537756
2026-02-19,ORLY.OQ,31.7440519932312
2026-02-19,OSIS.OQ,32.4613282739338
2026-02-19,OSK.N,17.0130514223446
2026-02-19,OSW.OQ,32.4377504810683
2026-02-19,OTIS.N,26.5257131778968
2026-02-19,OTTR.OQ,13.2197392383537
2026-02-19,OUT.N,37.5735425209485
2026-02-19,OVV.N,55.5147743582439
2026-02-19,OWL.N,125.433275563258
2026-02-19,OXY.N,38.0390651528797
2026-02-19,OZK.OQ,7.945926255717
2026-02-19,PACS.N,37.3576001392569
2026-02-19,PAG.N,12.2791465744835
2026-02-19,PAGS.N,7.89586630424945
2026-02-19,PANW.OQ,83.6069658628423
2026-02-20,ODFL.OQ,41.6352250667251
2026-02-20,OFG.N,9.69446306627731
2026-02-20,OGE.N,20.3554355676308
2026-02-20,OGN.N,4.21008861976663
2026-02-20,OGS.N,19.5765136774637
2026-02-20,OHI.N,24.1099209451379
2026-02-20,OII.N,15.2182566588075
2026-02-20,OKE.N,16.0686685802605
2026-02-20,OKLO.N,15.2077575526541
2026-02-20,OKTA.OQ,66.1785011179704
2026-02-20,OLED.OQ,20.5008697159584
2026-02-20,OLLI.OQ,30.0552944429085
2026-02-20,OLN.N,52.4919666156268
2026-02-20,OMC.N,12.2760172389135
2026-02-20,OMCL.OQ,931.297709923664
2026-02-20,OMF.N,8.70965236027314
2026-02-20,ON.OQ,208.589882892672
2026-02-20,ONB.OQ,14.1880707601878
2026-02-20,ONON.N,56.9138810955244
2026-02-20,ONTO.N,77.9462613456274
2026-02-20,OPCH.OQ,28.329219021614
2026-02-20,ORA.N,53.0164784654858
2026-02-20,ORC.N,15.6401526875064
2026-02-20,ORCL.N,26.2034697301085
2026-02-20,ORI.N,11.0579347791096
2026-02-20,ORLY.OQ,31.5181996534684
2026-02-20,OSIS.OQ,33.2352166887562
2026-02-20,OSK.N,17.5149908243881
2026-02-20,OSW.OQ,32.5245598043897
2026-02-20,OTIS.N,26.4202261413983
2026-02-20,OTTR.OQ,12.967861989586
2026-02-20,OUT.N,38.866108040649
2026-02-20,OVV.N,55.416169075192
2026-02-20,OWL.N,91.7657045840407
2026-02-20,OXY.N,38.2679048617365
2026-02-20,OZK.OQ,8.06573035981706
2026-02-20,PACS.N,37.4059532328878
2026-02-20,PAG.N,12.3999590868056
2026-02-20,PAGS.N,8.0145625622276
2026-02-20,PANW.OQ,82.3389351864669
2026-02-23,ODFL.OQ,40.0826130191999
2026-02-23,OFG.N,9.40585621925031
2026-02-23,OGE.N,20.6907521408674
2026-02-23,OGN.N,4.11653109488292
2026-02-23,OGS.N,19.7344626301934
2026-02-23,OHI.N,24.3480691872415
2026-02-23,OII.N,16.2812162357233
2026-02-23,OKE.N,16.0686685802605
2026-02-23,OKLO.N,15.0314495377871
2026-02-23,OKTA.OQ,61.9204147625538
2026-02-23,OLED.OQ,20.1108272249659
2026-02-23,OLLI.OQ,29.6433508432402
2026-02-23,OMC.N,163.302863614302
2026-02-23,OMCL.OQ,915.105250983113
2026-02-23,OMF.N,8.24964623701282
2026-02-23,ON.OQ,209.676445732223
2026-02-23,ONB.OQ,13.5856407715608
2026-02-23,ONON.N,54.549133823202
2026-02-23,ONTO.N,76.8044950295346
2026-02-23,OPCH.OQ,28.6467221768016
2026-02-23,ORA.N,52.6826100279443
2026-02-23,ORC.N,7.32491145446298
2026-02-23,ORCL.N,25.0054855994168
2026-02-23,ORI.N,11.1625586161754
2026-02-23,ORLY.OQ,32.1418217856493
2026-02-23,OSIS.OQ,33.3214564534577
2026-02-23,OSK.N,17.6576893025038
2026-02-23,OSW.OQ,31.3381657189982
2026-02-23,OTIS.N,25.8158139322716
2026-02-23,OTTR.OQ,13.045714957387
2026-02-23,OUT.N,38.5986806917454
2026-02-23,OVV.N,55.6900726392252
2026-02-23,OWL.N,88.6247877758914
2026-02-23,OXY.N,38.7034385011737
2026-02-23,OZK.OQ,7.81640830533857
2026-02-23,PACS.N,39.4561244028393
2026-02-23,PAG.N,12.0931101291286
2026-02-23,PAGS.N,7.4969247563695
2026-02-23,PANW.OQ,79.8139483374401
2026-02-12,PARR.N,8.70665856484158
2026-02-12,PATH.N,26.3238445056627
2026-02-12,PATK.OQ,40.3935029709932
2026-02-12,PAYC.N,14.8953927018048
2026-02-12,PAYO.OQ,28.7623630045442
2026-02-12,PAYX.OQ,20.9565639121941
2026-02-12,PB.N,13.0233420108991
2026-02-12,PBH.N,17.7065098395943
2026-02-12,PBI.N,23.5886255044765
2026-02-12,PCAR.OQ,24.4401418170357
2026-02-12,PCG.N,14.9768013100437
2026-02-12,PCRX.OQ,45.9905660377359
2026-02-12,PCTY.OQ,24.5151090240069
2026-02-12,PD.N,4.23506483771831
2026-02-12,PECO.OQ,42.7215368466201
2026-02-12,PEG.N,20.3146927084335
2026-02-12,PEGA.OQ,19.0842027561369
2026-02-12,PEN.N,81.7344932012596
2026-02-12,PENG.OQ,82.0146407749967
2026-02-12,PEP.OQ,27.8670382271764
2026-02-12,PFE.N,20.2715666740462
2026-02-12,PFG.OQ,13.1829238096625
2026-02-12,PFGC.N,44.5100488247985
2026-02-12,PFS.N,10.3007754717827
2026-02-12,PFSI.N,9.85367576893998
2026-02-12,PG.N,23.8867848485387
2026-02-12,PGNY.OQ,33.5889595107347
2026-02-12,PGR.N,10.6821664234214
2026-02-12,PH.N,35.8278065011742
2026-02-12,PHIN.N,33.6425395535694
2026-02-12,PHM.N,12.4917929576831
2026-02-12,PINS.N,7.0700483920788
2026-02-12,PIPR.N,20.3222132061498
2026-02-12,PJT.N,23.6085493863095
2026-02-12,PKG.N,28.5821912935576
2026-02-12,PLAB.OQ,16.2931900580964
2026-02-13,PARR.N,9.01152828034557
2026-02-13,PATH.N,26.6534811989357
2026-02-13,PATK.OQ,40.8993863662996
2026-02-13,PAYC.N,15.5856851992582
2026-02-13,PAYO.OQ,28.8425554664528
2026-02-13,PAYX.OQ,21.3894290259855
2026-02-13,PB.N,12.6981518358384
2026-02-13,PBH.N,17.6615560362381
2026-02-13,PBI.N,23.7741800807162
2026-02-13,PCAR.OQ,24.863008737292
2026-02-13,PCG.N,15.5910608961426
2026-02-13,PCRX.OQ,46.6766723842196
2026-02-13,PCTY.OQ,25.2044494217069
2026-02-13,PD.N,4.33500737076181
2026-02-13,PECO.OQ,43.1165840829825
2026-02-13,PEG.N,20.754435879198
2026-02-13,PEGA.OQ,20.6169571534024
2026-02-13,PEN.N,81.8744495252343
2026-02-13,PENG.OQ,84.9077280497962
2026-02-13,PEP.OQ,27.657035427139
2026-02-13,PFE.N,20.3527414950926
2026-02-13,PFG.OQ,13.1654456209855
2026-02-13,PFGC.N,44.5100488247985
2026-02-13,PFS.N,10.2918104800753
2026-02-13,PFSI.N,9.909680921414
2026-02-13,PG.N,23.7178689331034
2026-02-13,PGNY.OQ,33.1246697939514
2026-02-13,PGR.N,10.6343319473467
2026-02-13,PH.N,36.5405617561939
2026-02-13,PHIN.N,23.3259316975821
2026-02-13,PHM.N,12.821873454153
2026-02-13,PINS.N,28.8547904191617
2026-02-13,PIPR.N,20.4101251828601
2026-02-13,PJT.N,23.628464456196
2026-02-13,PKG.N,28.7256387200758
2026-02-13,PLAB.OQ,16.9484121783951
2026-02-17,PARR.N,9.04727162630122
2026-02-17,PATH.N,25.7587530314803
2026-02-17,PATK.OQ,39.919058656751
2026-02-17,PAYC.N,15.2137978898194
2026-02-17,PAYO.OQ,28.6019780807271
2026-02-17,PAYX.OQ,21.1378686718973
2026-02-17,PB.N,12.7226285156817
2026-02-17,PBH.N,17.5240502847956
2026-02-17,PBI.N,23.7509857586863
2026-02-17,PCAR.OQ,24.7690383105683
2026-02-17,PCG.N,15.4708654927582
2026-02-17,PCRX.OQ,48.7564322469983
2026-02-17,PCTY.OQ,25.3244369994636
2026-02-17,PD.N,4.28503610424006
2026-02-17,PECO.OQ,43.3197512331117
2026-02-17,PEG.N,20.8938080316807
2026-02-17,PEGA.OQ,20.9225676927345
2026-02-17,PEN.N,82.2919054570901
2026-02-17,PENG.OQ,84.8200587384386
2026-02-17,PEP.OQ,26.9870264936866
2026-02-17,PFE.N,20.1977713821858
2026-02-17,PFG.OQ,13.3970316209564
2026-02-17,PFGC.N,44.7371409106393
2026-02-17,PFS.N,10.3456004303196
2026-02-17,PFSI.N,10.1110840658879
2026-02-17,PG.N,23.6408195681679
2026-02-17,PGNY.OQ,32.5803301259986
2026-02-17,PGR.N,10.8095517129682
2026-02-17,PH.N,36.8389413870057
2026-02-17,PHIN.N,23.255097735469
2026-02-17,PHM.N,12.7337320681747
2026-02-17,PINS.N,29.0232035928144
2026-02-17,PIPR.N,20.2387284512882
2026-02-17,PJT.N,23.3036956241996
2026-02-17,PKG.N,28.0328926115245
2026-02-17,PLAB.OQ,16.8697855239593
2026-02-18,PARR.N,8.87906764533349
2026-02-18,PATH.N,26.1354806809352
2026-02-18,PATK.OQ,39.3017094285804
2026-02-18,PAYC.N,15.4501142402989
2026-02-18,PAYO.OQ,29.56428762363
2026-02-18,PAYX.OQ,21.3690322405189
2026-02-18,PB.N,12.8048002265841
2026-02-18,PBH.N,17.5901588191429
2026-02-18,PBI.N,25.7920860973234
2026-02-18,PCAR.OQ,24.5047464854081
2026-02-18,PCG.N,15.3506700893739
2026-02-18,PCRX.OQ,49.3567753001715
2026-02-18,PCTY.OQ,25.7267482895888
2026-02-18,PD.N,4.34125377907703
2026-02-18,PECO.OQ,42.9811393162297
2026-02-18,PEG.N,20.2714392818009
2026-02-18,PEGA.OQ,21.0071983036264
2026-02-18,PEN.N,82.3618836190775
2026-02-18,PENG.OQ,84.337877525972
2026-02-18,PEP.OQ,27.3986986493153
2026-02-18,PFE.N,20.1977713821858
2026-02-18,PFG.OQ,13.4654878599414
2026-02-18,PFGC.N,44.8007266946747
2026-02-18,PFS.N,10.296292975929
2026-02-18,PFSI.N,10.3458748974136
2026-02-18,PG.N,23.2422372764828
2026-02-18,PGNY.OQ,32.5963401162325
2026-02-18,PGR.N,10.56933945268
2026-02-18,PH.N,36.3855356643908
2026-02-18,PHIN.N,23.4090846096279
2026-02-18,PHM.N,12.780500966857
2026-02-18,PINS.N,30.6511976047904
2026-02-18,PIPR.N,20.791498722114
2026-02-18,PJT.N,23.5671873180835
2026-02-18,PKG.N,27.8766165533665
2026-02-18,PLAB.OQ,16.4023937448128
2026-02-19,PARR.N,8.89588804343027
2026-02-19,PATH.N,26.3944809399355
2026-02-19,PATK.OQ,38.8201198686418
2026-02-19,PAYC.N,15.0147946473103
2026-02-19,PAYO.OQ,28.9762095696338
2026-02-19,PAYX.OQ,20.9271018887423
2026-02-19,PB.N,12.7383635241524
2026-02-19,PBH.N,18.2485998212425
2026-02-19,PBI.N,24.655564317855
2026-02-19,PCAR.OQ,27.6929694446107
2026-02-19,PCG.N,15.5395485804064
2026-02-19,PCRX.OQ,49.6998284734134
2026-02-19,PCTY.OQ,25.4608934604417
2026-02-19,PD.N,4.17884716288134
2026-02-19,PECO.OQ,43.2971771053196
2026-02-19,PEG.N,20.5886310771064
2026-02-19,PEGA.OQ,21.0448119084673
2026-02-19,PEN.N,82.2074490546915
2026-02-19,PENG.OQ,82.4529873317845
2026-02-19,PEP.OQ,27.432032427099
2026-02-19,PFE.N,19.8214153936979
2026-02-19,PFG.OQ,17.460488893689
2026-02-19,PFGC.N,44.4282956738958
2026-02-19,PFS.N,10.2873279842216
2026-02-19,PFSI.N,10.1595500632212
2026-02-19,PG.N,23.4941294310793
2026-02-19,PGNY.OQ,33.2367397255888
2026-02-19,PGR.N,10.4908285191226
2026-02-19,PH.N,36.9304979729882
2026-02-19,PHIN.N,23.1904232483223
2026-02-19,PHM.N,12.5565498943203
2026-02-19,PINS.N,31.3809880239521
2026-02-19,PIPR.N,20.6940998414422
2026-02-19,PJT.N,23.4063348305381
2026-02-19,PKG.N,27.8672866394467
2026-02-19,PLAB.OQ,16.2713493207531
2026-02-20,PARR.N,8.98840023296251
2026-02-20,PATH.N,25.4291163382072
2026-02-20,PATK.OQ,35.0733760142703
2026-02-20,PAYC.N,14.2011585253376
2026-02-20,PAYO.OQ,28.9227479283614
2026-02-20,PAYX.OQ,20.6778078441504
2026-02-20,PB.N,12.8555019205452
2026-02-20,PBH.N,18.3993272795545
2026-02-20,PBI.N,12.5659082485443
2026-02-20,PCAR.OQ,28.4822966761785
2026-02-20,PCG.N,15.7627686152631
2026-02-20,PCRX.OQ,49.7855917667238
2026-02-20,PCTY.OQ,24.8586028740554
2026-02-20,PD.N,4.10389026309872
2026-02-20,PECO.OQ,44.3017257920697
2026-02-20,PEG.N,20.5621984274976
2026-02-20,PEGA.OQ,21.3269139447738
2026-02-20,PEN.N,81.8889277656455
2026-02-20,PENG.OQ,83.8118616578267
2026-02-20,PEP.OQ,27.4903665382205
2026-02-20,PFE.N,19.6664452807911
2026-02-20,PFG.OQ,18.1445080462253
2026-02-20,PFGC.N,44.446463040763
2026-02-20,PFS.N,10.3456004303196
2026-02-20,PFSI.N,9.93337540899916
2026-02-20,PG.N,23.8230709506114
2026-02-20,PGNY.OQ,33.5889595107347
2026-02-20,PGR.N,10.6109346492667
2026-02-20,PH.N,37.2876051350478
2026-02-20,PHIN.N,23.4029251346615
2026-02-20,PHM.N,12.5934253721275
2026-02-20,PINS.N,33.252245508982
2026-02-20,PIPR.N,20.6719637321986
2026-02-20,PJT.N,23.2286311300117
2026-02-20,PKG.N,27.6643610116892
2026-02-20,PLAB.OQ,16.5989603809025
2026-02-23,PARR.N,8.55948008149483
2026-02-23,PATH.N,23.9457512184785
2026-02-23,PATK.OQ,33.320347940192
2026-02-23,PAYC.N,14.166494377599
2026-02-23,PAYO.OQ,26.4100507885592
2026-02-23,PAYX.OQ,19.8052786880788
2026-02-23,PB.N,12.3117699611695
2026-02-23,PBH.N,18.4231263519195
2026-02-23,PBI.N,12.4104783653559
2026-02-23,PCAR.OQ,27.9501659582677
2026-02-23,PCG.N,15.8657932467354
2026-02-23,PCRX.OQ,49.5497427101201
2026-02-23,PCTY.OQ,23.9857520633158
2026-02-23,PD.N,3.90400519701172
2026-02-23,PECO.OQ,44.188855153109
2026-02-23,PEG.N,20.7400180703205
2026-02-23,PEGA.OQ,19.737739140247
2026-02-23,PEN.N,81.8503191245491
2026-02-23,PENG.OQ,84.3817121816508
2026-02-23,PEP.OQ,28.0537073827651
2026-02-23,PFE.N,19.9690059774186
2026-02-23,PFG.OQ,17.562807548085
2026-02-23,PFGC.N,43.5063018053821
2026-02-23,PFS.N,9.8301134071451
2026-02-23,PFSI.N,9.71082531802335
2026-02-23,PG.N,24.4735453968931
2026-02-23,PGNY.OQ,34.1172891884536
2026-02-23,PGR.N,10.5906569909307
2026-02-23,PH.N,36.8039237286219
2026-02-23,PHIN.N,23.6862609831138
2026-02-23,PHM.N,12.6105140081846
2026-02-23,PINS.N,31.2312874251497
2026-02-23,PIPR.N,19.3646683662982
2026-02-23,PJT.N,22.5806253944716
2026-02-23,PKG.N,26.3045260578665
2026-02-23,PLAB.OQ,16.1752500764426
2026-02-12,PLD.N,39.7013230863281
2026-02-12,PLMR.OQ,17.6870501994162
2026-02-12,PLNT.N,36.2392295995945
2026-02-12,PLPC.OQ,35.9578835838686
2026-02-12,PLTR.OQ,302.023155186528
2026-02-12,PLUS.OQ,17.4831057697018
2026-02-12,PLXS.OQ,30.959819727632
2026-02-12,PM.N,26.0109081998717
2026-02-12,PMT.N,13.6286758688417
2026-02-12,PNC.N,14.8299954866916
2026-02-12,PNR.N,25.4079509363706
2026-02-12,PNW.N,19.9845167225557
2026-02-12,PODD.OQ,69.8705413356699
2026-02-12,POOL.OQ,24.6003447844732
2026-02-12,POR.N,19.0077587861102
2026-02-12,POST.N,20.3850655992556
2026-02-12,POWI.OQ,118.755722860922
2026-02-12,POWL.OQ,38.5113783617887
2026-02-12,PPC.OQ,8.07001635316639
2026-02-12,PPG.N,24.5889077037519
2026-02-12,PPL.N,24.8886773853632
2026-02-12,PR.N,15.4116163001152
2026-02-12,PRCH.OQ,28.8357644516478
2026-02-12,PRDO.OQ,13.0302213897477
2026-02-12,PRG.N,8.45531919210364
2026-02-12,PRGS.OQ,21.3799222984316
2026-02-12,PRI.N,11.4753413712124
2026-02-12,PRIM.N,32.2910122526068
2026-02-12,PRKS.N,10.2514796975997
2026-02-12,PRM.N,51.3819915715331
2026-02-12,PRMB.N,67.5019633040623
2026-02-12,PRU.N,14.2751799645828
2026-02-12,PRVA.OQ,151.280607936955
2026-02-12,PSA.N,30.3798599515161
2026-02-12,PSIX.OQ,17.6447192392523
2026-02-12,PSMT.OQ,31.6465646968982
2026-02-12,PSN.N,28.5019101327997
2026-02-12,PSTG.N,187.48676127939
2026-02-12,PSX.N,42.4485759923502
2026-02-12,PTC.OQ,22.2104387147139
2026-02-12,PTCT.OQ,8.28754863220281
2026-02-12,PTGX.OQ,129.771596920835
2026-02-13,PLD.N,40.4552930730827
2026-02-13,PLMR.OQ,18.395869076001
2026-02-13,PLNT.N,37.0730670503409
2026-02-13,PLPC.OQ,36.9538441162837
2026-02-13,PLTR.OQ,307.355864811133
2026-02-13,PLUS.OQ,17.8643307584673
2026-02-13,PLXS.OQ,31.3019515510235
2026-02-13,PM.N,25.8126774096742
2026-02-13,PMT.N,13.7923509193082
2026-02-13,PNC.N,14.8067509796591
2026-02-13,PNR.N,25.8180030715706
2026-02-13,PNW.N,20.4095881324991
2026-02-13,PODD.OQ,70.4276023744727
2026-02-13,POOL.OQ,24.2599408445486
2026-02-13,POR.N,19.5508376085705
2026-02-13,POST.N,20.6601652074694
2026-02-13,POWI.OQ,120.078339607285
2026-02-13,POWL.OQ,38.0027865375809
2026-02-13,PPC.OQ,9.54281711362825
2026-02-13,PPG.N,24.5477891289964
2026-02-13,PPL.N,25.7112750263435
2026-02-13,PR.N,15.8046765023127
2026-02-13,PRCH.OQ,28.2279848730416
2026-02-13,PRDO.OQ,13.4407567535206
2026-02-13,PRG.N,8.4629274577234
2026-02-13,PRGS.OQ,21.9015300494028
2026-02-13,PRI.N,11.5143512902875
2026-02-13,PRIM.N,32.8994938539407
2026-02-13,PRKS.N,10.3984543169202
2026-02-13,PRM.N,51.8766199078013
2026-02-13,PRMB.N,66.9665167416292
2026-02-13,PRU.N,10.4551242201883
2026-02-13,PRVA.OQ,157.54292147481
2026-02-13,PSA.N,33.3193924743768
2026-02-13,PSIX.OQ,18.7960409756358
2026-02-13,PSMT.OQ,31.7874520421519
2026-02-13,PSN.N,28.8248135346553
2026-02-13,PSTG.N,195.535903410294
2026-02-13,PSX.N,43.4020797792001
2026-02-13,PTC.OQ,23.0912559009596
2026-02-13,PTCT.OQ,8.14102195907334
2026-02-13,PTGX.OQ,129.07466658219
2026-02-17,PLD.N,39.8856631621
2026-02-17,PLMR.OQ,18.102036496513
2026-02-17,PLNT.N,37.8415054853424
2026-02-17,PLPC.OQ,36.1883318985498
2026-02-17,PLTR.OQ,311.121506256578
2026-02-17,PLUS.OQ,17.5512577230006
2026-02-17,PLXS.OQ,30.4730594516249
2026-02-17,PM.N,25.2813087637282
2026-02-17,PMT.N,13.6504992089039
2026-02-17,PNC.N,14.9307216838321
2026-02-17,PNR.N,25.4079509363706
2026-02-17,PNW.N,20.3069138788896
2026-02-17,PODD.OQ,71.4720918222279
2026-02-17,POOL.OQ,23.3135631348921
2026-02-17,POR.N,19.0294819390086
2026-02-17,POST.N,20.0324211350351
2026-02-17,POWI.OQ,116.313968867637
2026-02-17,POWL.OQ,36.4809083203154
2026-02-17,PPC.OQ,9.57806297554378
2026-02-17,PPG.N,24.1440794859431
2026-02-17,PPL.N,25.5413168360583
2026-02-17,PR.N,15.5304484542679
2026-02-17,PRCH.OQ,29.1396542409508
2026-02-17,PRDO.OQ,13.5947075149354
2026-02-17,PRG.N,8.58973188471956
2026-02-17,PRGS.OQ,21.0141973236126
2026-02-17,PRI.N,11.8966484972232
2026-02-17,PRIM.N,32.0796241638317
2026-02-17,PRKS.N,10.6525979294951
2026-02-17,PRM.N,52.3514631106187
2026-02-17,PRMB.N,65.2530877418434
2026-02-17,PRU.N,10.3211994858889
2026-02-17,PRVA.OQ,155.36166619758
2026-02-17,PSA.N,33.5024355826928
2026-02-17,PSIX.OQ,17.8559534751838
2026-02-17,PSMT.OQ,31.1544799113022
2026-02-17,PSN.N,27.928870292887
2026-02-17,PSTG.N,192.464520228765
2026-02-17,PSX.N,42.9647176433516
2026-02-17,PTC.OQ,22.5462686787006
2026-02-17,PTCT.OQ,8.10819998429234
2026-02-17,PTGX.OQ,130.611081192384
2026-02-18,PLD.N,39.2835941830008
2026-02-18,PLMR.OQ,17.8026336311579
2026-02-18,PLNT.N,38.3769599267531
2026-02-18,PLPC.OQ,33.3792464075227
2026-02-18,PLTR.OQ,213.938053097345
2026-02-18,PLUS.OQ,17.8281250332773
2026-02-18,PLXS.OQ,30.6705628224009
2026-02-18,PM.N,25.1464016981771
2026-02-18,PMT.N,13.5850291887173
2026-02-18,PNC.N,15.0275737964672
2026-02-18,PNR.N,25.9249731937967
2026-02-18,PNW.N,20.0317468792161
2026-02-18,PODD.OQ,74.8753866061637
2026-02-18,POOL.OQ,23.3016991906052
2026-02-18,POR.N,18.3912524305819
2026-02-18,POST.N,19.9844171765549
2026-02-18,POWI.OQ,116.822667616238
2026-02-18,POWL.OQ,35.2688619040041
2026-02-18,PPC.OQ,9.63974323389594
2026-02-18,PPG.N,23.9702600562951
2026-02-18,PPL.N,25.0246439375914
2026-02-18,PR.N,16.1428910949012
2026-02-18,PRCH.OQ,29.8149648838466
2026-02-18,PRDO.OQ,13.6588536655249
2026-02-18,PRG.N,9.16035180620226
2026-02-18,PRGS.OQ,21.4698546692887
2026-02-18,PRI.N,11.9205133888926
2026-02-18,PRIM.N,31.6904330097318
2026-02-18,PRKS.N,10.8730598584757
2026-02-18,PRM.N,53.3209346497042
2026-02-18,PRMB.N,66.1811951167274
2026-02-18,PRU.N,10.4271399473496
2026-02-18,PRVA.OQ,153.250773993808
2026-02-18,PSA.N,33.1696299312091
2026-02-18,PSIX.OQ,17.2108327005821
2026-02-18,PSMT.OQ,31.0564713232997
2026-02-18,PSN.N,28.9794433327269
2026-02-18,PSTG.N,192.226223257784
2026-02-18,PSX.N,42.758260982951
2026-02-18,PTC.OQ,22.9041927192653
2026-02-18,PTCT.OQ,8.08006686305148
2026-02-18,PTGX.OQ,131.450565463934
2026-02-19,PLD.N,39.1176032027819
2026-02-19,PLMR.OQ,17.1871170428466
2026-02-19,PLNT.N,37.2488269051551
2026-02-19,PLPC.OQ,34.4612939540428
2026-02-19,PLTR.OQ,213.163716814159
2026-02-19,PLUS.OQ,17.6257989219213
2026-02-19,PLXS.OQ,30.5694784200352
2026-02-19,PM.N,25.2606597230826
2026-02-19,PMT.N,12.5163421876742
2026-02-19,PNC.N,14.8700276932474
2026-02-19,PNR.N,25.5913282887582
2026-02-19,PNW.N,20.2083465954244
2026-02-19,PODD.OQ,70.3614675633917
2026-02-19,POOL.OQ,19.9277759576256
2026-02-19,POR.N,18.7916896647511
2026-02-19,POST.N,19.7628604451075
2026-02-19,POWI.OQ,116.161359243056
2026-02-19,POWL.OQ,34.8388647295143
2026-02-19,PPC.OQ,9.35116773946259
2026-02-19,PPG.N,23.2226496061962
2026-02-19,PPL.N,25.1334171793739
2026-02-19,PR.N,16.3439916634673
2026-02-19,PRCH.OQ,27.5526742301459
2026-02-19,PRDO.OQ,13.4835208539136
2026-02-19,PRG.N,13.2918114943587
2026-02-19,PRGS.OQ,21.8355796441076
2026-02-19,PRI.N,11.8158750177266
2026-02-19,PRIM.N,32.7473734536072
2026-02-19,PRKS.N,10.8822457721832
2026-02-19,PRM.N,53.3407197831549
2026-02-19,PRMB.N,66.7166416791604
2026-02-19,PRU.N,10.2652309402116
2026-02-19,PRVA.OQ,153.602589361103
2026-02-19,PSA.N,33.1141623226285
2026-02-19,PSIX.OQ,16.1337283984449
2026-02-19,PSMT.OQ,31.2259445067207
2026-02-19,PSN.N,29.9845370201928
2026-02-19,PSTG.N,194.847489938572
2026-02-19,PSX.N,42.2176705169023
2026-02-19,PTC.OQ,22.7414330218068
2026-02-19,PTCT.OQ,8.19377156139995
2026-02-19,PTGX.OQ,131.608958722717
2026-02-20,PLD.N,39.8125145945459
2026-02-20,PLMR.OQ,16.7958044606849
2026-02-20,PLNT.N,37.0526298579207
2026-02-20,PLPC.OQ,34.7818025296338
2026-02-20,PLTR.OQ,213.716814159292
2026-02-20,PLUS.OQ,17.4532892901335
2026-02-20,PLXS.OQ,30.8634007592216
2026-02-20,PM.N,25.2468936959855
2026-02-20,PMT.N,12.4555340474912
2026-02-20,PNC.N,15.0424244537379
2026-02-20,PNR.N,25.9860989779259
2026-02-20,PNW.N,20.1939721999191
2026-02-20,PODD.OQ,68.3249112360852
2026-02-20,POOL.OQ,20.2252871758976
2026-02-20,POR.N,18.9179536575071
2026-02-20,POST.N,19.709317568341
2026-02-20,POWI.OQ,115.754400244175
2026-02-20,POWL.OQ,35.5182862469106
2026-02-20,PPC.OQ,9.19476422721245
2026-02-20,PPG.N,18.2972680630029
2026-02-20,PPL.N,25.45293857711
2026-02-20,PR.N,16.4171191429459
2026-02-20,PRCH.OQ,27.1812533765532
2026-02-20,PRDO.OQ,13.5912525969887
2026-02-20,PRG.N,13.3181188896964
2026-02-20,PRGS.OQ,24.1798167777831
2026-02-20,PRI.N,11.9884365421057
2026-02-20,PRIM.N,33.4585857149066
2026-02-20,PRKS.N,10.8516260598248
2026-02-20,PRM.N,52.7075955127317
2026-02-20,PRMB.N,66.8594274291426
2026-02-20,PRU.N,10.3381899372553
2026-02-20,PRVA.OQ,154.728398536448
2026-02-20,PSA.N,33.8352412341765
2026-02-20,PSIX.OQ,16.7636250839704
2026-02-20,PSMT.OQ,31.3892921533916
2026-02-20,PSN.N,29.8026196106967
2026-02-20,PSTG.N,195.747722940055
2026-02-20,PSX.N,42.3100327070815
2026-02-20,PTC.OQ,22.854112812355
2026-02-20,PTCT.OQ,9.12654590073945
2026-02-20,PTGX.OQ,131.086260968733
2026-02-23,PLD.N,39.595882298328
2026-02-23,PLMR.OQ,16.8153004612197
2026-02-23,PLNT.N,37.0935042427612
2026-02-23,PLPC.OQ,33.7725978412026
2026-02-23,PLTR.OQ,206.384323640961
2026-02-23,PLUS.OQ,16.7781590027665
2026-02-23,PLXS.OQ,30.7218825959097
2026-02-23,PM.N,25.7727559310928
2026-02-23,PMT.N,12.3136483870641
2026-02-23,PNC.N,13.2868951023194
2026-02-23,PNR.N,25.8918633940601
2026-02-23,PNW.N,20.4527113190151
2026-02-23,PODD.OQ,70.4405571295007
2026-02-23,POOL.OQ,19.9405525130115
2026-02-23,POR.N,19.354466318178
2026-02-23,POST.N,19.5542278563278
2026-02-23,POWI.OQ,115.907009868756
2026-02-23,POWL.OQ,35.3448583834834
2026-02-23,PPC.OQ,9.02954924948343
2026-02-23,PPG.N,18.1266304567882
2026-02-23,PPL.N,23.4476769431177
2026-02-23,PR.N,16.2251595093146
2026-02-23,PRCH.OQ,25.4254457050243
2026-02-23,PRDO.OQ,13.1608353405677
2026-02-23,PRG.N,12.5552044249039
2026-02-23,PRGS.OQ,24.4855868386973
2026-02-23,PRI.N,11.6148591994338
2026-02-23,PRIM.N,32.7236663782306
2026-02-23,PRKS.N,10.4290740292786
2026-02-23,PRM.N,51.8172645074491
2026-02-23,PRMB.N,67.8589276790176
2026-02-23,PRU.N,10.0823337284446
2026-02-23,PRVA.OQ,152.33605403884
2026-02-23,PSA.N,33.8640843906384
2026-02-23,PSIX.OQ,16.8302304736785
2026-02-23,PSMT.OQ,30.8931236766288
2026-02-23,PSN.N,29.2386756412589
2026-02-23,PSTG.N,181.211607710231
2026-02-23,PSX.N,14.3783554912597
2026-02-23,PTC.OQ,22.2236951606608
2026-02-23,PTCT.OQ,9.10588007362201
2026-02-23,PTGX.OQ,137.152722780118
2026-02-04,RAL.N,27.1664888712971
2026-02-12,PVH.N,10.22339965917
2026-02-12,PWP.OQ,47.9345369984424
2026-02-12,PWR.N,76.5113392153983
2026-02-12,PYPL.OQ,7.20922810713488
2026-02-12,PZZA.OQ,4.22313783625515
2026-02-12,Q.N,30.1885742893697
2026-02-12,QCOM.OQ,28.6071399057929
2026-02-12,QGEN.N,25.477003562422
2026-02-12,QLYS.OQ,20.3089660625723
2026-02-12,QRVO.OQ,22.8135207949783
2026-02-12,QSR.N,23.5328750895562
2026-02-12,QTWO.N,68.0294167239523
2026-02-12,R.N,17.4215794415145
2026-02-12,RAMP.N,21.943751417555
2026-02-12,RBA.N,48.0440226054506
2026-02-12,RBC.N,64.734054064226
2026-02-12,RCL.N,21.2877693193863
2026-02-12,RDDT.N,50.0930621854135
2026-02-12,RDN.N,8.41009505465827
2026-02-12,REG.OQ,34.5998124299472
2026-02-12,REGN.OQ,18.6747226256186
2026-02-12,RELY.OQ,136.484900224096
2026-02-12,REXR.N,43.10536217151
2026-02-12,REYN.OQ,16.3474356275872
2026-02-12,RF.N,12.9400058225681
2026-02-12,RGA.N,17.3264976373309
2026-02-12,RGEN.OQ,5150.6796116505
2026-02-12,RGLD.OQ,37.3919921695608
2026-02-12,RH.N,35.1994231375907
2026-02-12,RHI.N,16.481875778978
2026-02-12,RHP.N,27.2867642853836
2026-02-13,PVH.N,10.3074070518206
2026-02-13,PWP.OQ,47.1228308799333
2026-02-13,PWR.N,77.7274999147204
2026-02-13,PYPL.OQ,7.43244115753492
2026-02-13,PZZA.OQ,4.19280299233452
2026-02-13,Q.N,31.0646937753797
2026-02-13,QCOM.OQ,29.0678456325923
2026-02-13,QGEN.N,25.7283902532302
2026-02-13,QLYS.OQ,20.3322228230219
2026-02-13,QRVO.OQ,23.2373184068512
2026-02-13,QSR.N,23.4583927418725
2026-02-13,QTWO.N,69.0411029974448
2026-02-13,R.N,17.9039999865994
2026-02-13,RAMP.N,23.0210932184169
2026-02-13,RBA.N,48.6425536406259
2026-02-13,RBC.N,64.973984061121
2026-02-13,RCL.N,20.4440623562772
2026-02-13,RDDT.N,53.3722143449531
2026-02-13,RDN.N,8.04252097010152
2026-02-13,REG.OQ,34.8514307935128
2026-02-13,REGN.OQ,19.1398927725618
2026-02-13,RELY.OQ,136.164763632483
2026-02-13,REXR.N,43.4675921057244
2026-02-13,REYN.OQ,16.6491264996843
2026-02-13,RF.N,12.9226250222692
2026-02-13,RGA.N,16.9636632989979
2026-02-13,RGEN.OQ,5298.64077669904
2026-02-13,RGLD.OQ,39.2207396968447
2026-02-13,RH.N,36.9660642660778
2026-02-13,RHI.N,16.0794038221853
2026-02-13,RHP.N,27.3739076443788
2026-02-17,PVH.N,10.4004152365408
2026-02-17,PWP.OQ,45.6091086589299
2026-02-17,PWR.N,77.8832278091458
2026-02-17,PYPL.OQ,7.52836742712832
2026-02-17,PZZA.OQ,4.13213330449325
2026-02-17,Q.N,31.1342270679201
2026-02-17,QCOM.OQ,29.466573010495
2026-02-17,QGEN.N,24.5519393647502
2026-02-17,QLYS.OQ,20.1384164859422
2026-02-17,QRVO.OQ,23.1960394186818
2026-02-17,QSR.N,24.1642016556362
2026-02-17,QTWO.N,68.2110014397074
2026-02-17,R.N,18.1117088323999
2026-02-17,RAMP.N,23.2006501852272
2026-02-17,RBA.N,49.6239745947912
2026-02-17,RBC.N,65.0316143054732
2026-02-17,RCL.N,20.7076008466494
2026-02-17,RDDT.N,53.2116964070735
2026-02-17,RDN.N,8.02046652502812
2026-02-17,REG.OQ,27.4006155287904
2026-02-17,REGN.OQ,18.9101673516329
2026-02-17,RELY.OQ,139.579553943016
2026-02-17,REXR.N,43.8999310594641
2026-02-17,REYN.OQ,16.5789658317547
2026-02-17,RF.N,12.9400058225681
2026-02-17,RGA.N,17.1288687211325
2026-02-17,RGEN.OQ,5258.64077669904
2026-02-17,RGLD.OQ,38.2570144257198
2026-02-17,RH.N,37.6258506467168
2026-02-17,RHI.N,18.6982801501289
2026-02-17,RHP.N,27.7987315194806
2026-02-18,PVH.N,10.4019153685524
2026-02-18,PWP.OQ,46.0698067261918
2026-02-18,PWR.N,77.0200503371879
2026-02-18,PYPL.OQ,7.64643052816635
2026-02-18,PZZA.OQ,4.32996924310608
2026-02-18,Q.N,32.0548478611559
2026-02-18,QCOM.OQ,29.5925956532518
2026-02-18,QGEN.N,24.5230303790327
2026-02-18,QLYS.OQ,20.2314435277405
2026-02-18,QRVO.OQ,23.1327449701553
2026-02-18,QSR.N,24.4231164832982
2026-02-18,QTWO.N,67.8737726818766
2026-02-18,R.N,18.6803955513455
2026-02-18,RAMP.N,23.7298707189839
2026-02-18,RBA.N,52.556199193499
2026-02-18,RBC.N,64.881069993696
2026-02-18,RCL.N,20.3935294904048
2026-02-18,RDDT.N,56.3570836183801
2026-02-18,RDN.N,7.91999627524928
2026-02-18,REG.OQ,26.8788004643089
2026-02-18,REGN.OQ,18.8775196517706
2026-02-18,RELY.OQ,145.235300394835
2026-02-18,REXR.N,43.4909617788995
2026-02-18,REYN.OQ,16.8175121027152
2026-02-18,RF.N,13.0616714246608
2026-02-18,RGA.N,17.1821358899516
2026-02-18,RGEN.OQ,5363.49514563108
2026-02-18,RGLD.OQ,38.0788006486981
2026-02-18,RH.N,38.2910451124431
2026-02-18,RHI.N,19.5197684759507
2026-02-18,RHP.N,27.8123476693236
2026-02-19,PVH.N,10.4514197249358
2026-02-19,PWP.OQ,44.709650527609
2026-02-19,PWR.N,82.1650033444419
2026-02-19,PYPL.OQ,7.69808313487049
2026-02-19,PZZA.OQ,4.29699658667061
2026-02-19,Q.N,31.390109584469
2026-02-19,QCOM.OQ,29.1856044954962
2026-02-19,QGEN.N,24.3695613324375
2026-02-19,QLYS.OQ,20.0008139866157
2026-02-19,QRVO.OQ,22.3759635203822
2026-02-19,QSR.N,24.3238066863867
2026-02-19,QTWO.N,67.0566414609788
2026-02-19,R.N,18.3696698183134
2026-02-19,RAMP.N,23.9094276857942
2026-02-19,RBA.N,50.7486806046148
2026-02-19,RBC.N,64.8540190626734
2026-02-19,RCL.N,19.8517404094697
2026-02-19,RDDT.N,55.8487768150948
2026-02-19,RDN.N,8.0302685006163
2026-02-19,REG.OQ,26.9107483253996
2026-02-19,REGN.OQ,18.6444579695418
2026-02-19,RELY.OQ,54.6503842106941
2026-02-19,REXR.N,43.3741134130239
2026-02-19,REYN.OQ,16.9788816389532
2026-02-19,RF.N,12.9139346221197
2026-02-19,RGA.N,17.2014355887991
2026-02-19,RGEN.OQ,5328.93203883497
2026-02-19,RGLD.OQ,37.2576463991906
2026-02-19,RH.N,36.8885483798279
2026-02-19,RHI.N,20.1528420481437
2026-02-19,RHP.N,28.0656080564035
2026-02-20,PUMP.N,1680.11958146487
2026-02-20,PVH.N,10.82645272784
2026-02-20,PWP.OQ,44.1392624443323
2026-02-20,PWR.N,81.3528484389927
2026-02-20,PYPL.OQ,7.68332524724074
2026-02-20,PZZA.OQ,4.16642486718614
2026-02-20,Q.N,31.5569894865662
2026-02-20,QCOM.OQ,29.5182216345756
2026-02-20,QGEN.N,24.1852901042277
2026-02-20,QLYS.OQ,17.9580951937966
2026-02-20,QRVO.OQ,22.6318932470327
2026-02-20,QSR.N,24.4089293694537
2026-02-20,QTWO.N,65.8633704717311
2026-02-20,R.N,18.7658241895377
2026-02-20,RAMP.N,24.2307401527179
2026-02-20,RBA.N,50.5629762473143
2026-02-20,RBC.N,65.7666939528232
2026-02-20,RCL.N,20.1549376047038
2026-02-20,RDDT.N,57.3928065032696
2026-02-20,RDN.N,8.16504566495377
2026-02-20,REG.OQ,27.2799236091144
2026-02-20,REGN.OQ,18.5798774829529
2026-02-20,RELY.OQ,54.6822689156012
2026-02-20,REXR.N,44.0050945887522
2026-02-20,REYN.OQ,17.0771065740546
2026-02-20,RF.N,13.0616714246608
2026-02-20,RGA.N,17.2832663119125
2026-02-20,RGEN.OQ,5269.12621359225
2026-02-20,RGLD.OQ,41.8622653182699
2026-02-20,RH.N,37.447383838839
2026-02-20,RHI.N,19.4217928040637
2026-02-20,RHP.N,28.5530662207831
2026-02-23,PUMP.N,1629.29745889387
2026-02-23,PVH.N,10.3689124642969
2026-02-23,PWP.OQ,42.4500361977053
2026-02-23,PWR.N,80.8302801113439
2026-02-23,PYPL.OQ,8.12606187613336
2026-02-23,PZZA.OQ,4.32073689930415
2026-02-23,Q.N,31.0340991266618
2026-02-23,QCOM.OQ,29.0079332286588
2026-02-23,QGEN.N,23.8482280078238
2026-02-23,QLYS.OQ,15.9232157361432
2026-02-23,QRVO.OQ,22.6924357630146
2026-02-23,QSR.N,25.7665481296073
2026-02-23,QTWO.N,61.4275152725716
2026-02-23,R.N,18.4031712450554
2026-02-23,RAMP.N,23.1722990852045
2026-02-23,RBA.N,48.0836525160338
2026-02-23,RBC.N,66.1618727712385
2026-02-23,RCL.N,19.3585652248169
2026-02-23,RDDT.N,54.4461557864806
2026-02-23,RDN.N,8.39784258517304
2026-02-23,REG.OQ,27.6100515070516
2026-02-23,REGN.OQ,18.7555078099494
2026-02-23,RELY.OQ,51.9720689985014
2026-02-23,REXR.N,43.5493859618373
2026-02-23,REYN.OQ,17.3086367782221
2026-02-23,RF.N,12.4750694145712
2026-02-23,RGA.N,12.2186861612011
2026-02-23,RGEN.OQ,5258.25242718448
2026-02-23,RGLD.OQ,41.8138848897659
2026-02-23,RH.N,34.1394384604984
2026-02-23,RHI.N,17.9596943159037
2026-02-23,RHP.N,28.0792242062465
2026-02-12,RIGL.OQ,5.54833144713844
2026-02-12,RIOT.OQ,66.8109532323327
2026-02-12,RITM.N,7.28870010136603
2026-02-12,RJF.N,15.4073989969187
2026-02-12,RKT.N,190.983430170002
2026-02-12,RL.N,24.7141999436364
2026-02-12,RLI.N,17.3541520149219
2026-02-12,RMBS.OQ,45.4802246476232
2026-02-12,RMD.N,24.2906455362862
2026-02-12,RNG.N,200.735086231269
2026-02-12,RNR.N,5.4907675983605
2026-02-12,RNST.N,19.077277861001
2026-02-12,ROAD.OQ,61.4821032654811
2026-02-12,ROCK.OQ,12.3807331235771
2026-02-12,ROK.N,43.6968445616303
2026-02-12,ROL.N,55.1204027198617
2026-02-12,ROOT.OQ,19.1647901344338
2026-02-12,ROP.OQ,22.5222972996764
2026-02-12,ROST.OQ,30.4549724365697
2026-02-12,RPD.OQ,24.5549629424396
2026-02-12,RPM.N,23.1434404129112
2026-02-12,RPRX.OQ,25.1651462724127
2026-02-12,RRC.N,15.3616797900262
2026-02-12,RRR.OQ,19.4918421760598
2026-02-12,RRX.N,55.2127414814221
2026-02-12,RS.N,26.0530934620448
2026-02-12,RSG.N,32.8244773972257
2026-02-12,RSI.N,61.9348300592454
2026-02-12,RTX.N,40.5312548487785
2026-02-12,RUSHA.OQ,21.3793021501096
2026-02-12,RVLV.N,32.2069556634893
2026-02-12,RVTY.N,46.1403280081495
2026-02-12,RYAN.N,92.415976010995
2026-02-12,RYN.N,52.523412503795
2026-02-13,RIGL.OQ,5.56454515680278
2026-02-13,RIOT.OQ,71.6100498729651
2026-02-13,RITM.N,7.28870010136603
2026-02-13,RJF.N,15.5317074698625
2026-02-13,RKT.N,200.989885947923
2026-02-13,RL.N,25.1308002401578
2026-02-13,RLI.N,17.1289900233779
2026-02-13,RMBS.OQ,48.3998841631022
2026-02-13,RMD.N,24.9648090594925
2026-02-13,RNG.N,213.387051173311
2026-02-13,RNR.N,5.32245941176553
2026-02-13,RNST.N,19.2473997344209
2026-02-13,ROAD.OQ,61.0988950830741
2026-02-13,ROCK.OQ,12.729551675143
2026-02-13,ROK.N,45.111844475838
2026-02-13,ROL.N,53.3752539599364
2026-02-13,ROOT.OQ,18.9038474548424
2026-02-13,ROP.OQ,22.6342679478738
2026-02-13,ROST.OQ,30.7191187204692
2026-02-13,RPD.OQ,24.8666620489021
2026-02-13,RPM.N,22.7659656420923
2026-02-13,RPRX.OQ,25.3842178582663
2026-02-13,RRC.N,15.7774278215223
2026-02-13,RRR.OQ,19.3380170405103
2026-02-13,RRX.N,56.9214980185145
2026-02-13,RS.N,25.1155477548632
2026-02-13,RSG.N,33.1662906720643
2026-02-13,RSI.N,62.4805113813533
2026-02-13,RTX.N,40.3136265538761
2026-02-13,RUSHA.OQ,21.2723610805801
2026-02-13,RVLV.N,32.5835692579413
2026-02-13,RVTY.N,46.3624118303087
2026-02-13,RYAN.N,80.6088875931865
2026-02-13,RYN.N,55.1157196571615
2026-02-17,RIGL.OQ,5.76397378567421
2026-02-17,RIOT.OQ,68.9282017502588
2026-02-17,RITM.N,7.30938704583537
2026-02-17,RJF.N,15.4680850230803
2026-02-17,RKT.N,197.654400688616
2026-02-17,RL.N,25.2206552060742
2026-02-17,RLI.N,16.8927089211405
2026-02-17,RMBS.OQ,48.3998841631022
2026-02-17,RMD.N,25.2880516871881
2026-02-17,RNG.N,204.975968334747
2026-02-17,RNR.N,5.42418608068338
2026-02-17,RNST.N,19.2095948736609
2026-02-17,ROAD.OQ,61.6645833523417
2026-02-17,ROCK.OQ,12.4063131506919
2026-02-17,ROK.N,44.4369455676872
2026-02-17,ROKU.OQ,154.148684393707
2026-02-17,ROL.N,55.2322641734926
2026-02-17,ROOT.OQ,19.8670803091365
2026-02-17,ROP.OQ,22.2201878149174
2026-02-17,ROST.OQ,30.9801390128431
2026-02-17,RPD.OQ,24.4856964743368
2026-02-17,RPM.N,22.6484862491333
2026-02-17,RPRX.OQ,25.5077967015683
2026-02-17,RRC.N,15.4120734908136
2026-02-17,RRR.OQ,19.8340246204454
2026-02-17,RRX.N,56.6267956808012
2026-02-17,RS.N,24.8866461898494
2026-02-17,RSG.N,32.8720340267684
2026-02-17,RSI.N,66.0274399750546
2026-02-17,RTX.N,41.0068129746765
2026-02-17,RUSHA.OQ,20.7970674382267
2026-02-17,RVLV.N,31.9861821770863
2026-02-17,RVTY.N,45.8892767309261
2026-02-17,RYAN.N,95.184421315171
2026-02-17,RYN.N,55.2324902496555
2026-02-18,RIGL.OQ,5.7915370921036
2026-02-18,RIOT.OQ,72.8803989837207
2026-02-18,RITM.N,7.32317834214827
2026-02-18,RJF.N,15.7744515745087
2026-02-18,RKT.N,198.515171078115
2026-02-18,RL.N,25.7366405406546
2026-02-18,RLI.N,16.7981964802455
2026-02-18,RMBS.OQ,49.5345160723696
2026-02-18,RMD.N,25.5935011427171
2026-02-18,RNG.N,208.934124964659
2026-02-18,RNR.N,5.36749465581771
2026-02-18,RNST.N,18.992216924291
2026-02-18,ROAD.OQ,59.525004333902
2026-02-18,ROCK.OQ,12.2993421282117
2026-02-18,ROK.N,45.3509188348271
2026-02-18,ROKU.OQ,156.985242934707
2026-02-18,ROL.N,55.3885472112671
2026-02-18,ROOT.OQ,20.3631935518164
2026-02-18,ROP.OQ,23.0701788361391
2026-02-18,ROST.OQ,31.319309093353
2026-02-18,RPD.OQ,24.7281291126965
2026-02-18,RPM.N,22.523303289423
2026-02-18,RPRX.OQ,25.4684761605177
2026-02-18,RRC.N,15.7606299212598
2026-02-18,RRR.OQ,20.58745385579
2026-02-18,RRX.N,56.4742742954934
2026-02-18,RS.N,24.604358636829
2026-02-18,RSG.N,32.2255610939214
2026-02-18,RSI.N,70.8606173994387
2026-02-18,RTX.N,41.270788036086
2026-02-18,RUSHA.OQ,22.02107001422
2026-02-18,RVLV.N,32.3627957715384
2026-02-18,RVTY.N,47.1879842996394
2026-02-18,RYAN.N,96.7672310422562
2026-02-18,RYN.N,54.8821784721736
2026-02-19,RIGL.OQ,5.94070322101556
2026-02-19,RIOT.OQ,76.3150465794674
2026-02-19,RITM.N,7.29559574952248
2026-02-19,RJF.N,15.4680850230803
2026-02-19,RKT.N,197.439208091242
2026-02-19,RL.N,25.6522313302483
2026-02-19,RLI.N,16.903828031834
2026-02-19,RMBS.OQ,49.3119157440118
2026-02-19,RMD.N,25.3345116367346
2026-02-19,RNG.N,207.732541702007
2026-02-19,RNR.N,5.29826400613751
2026-02-19,RNST.N,18.978040101506
2026-02-19,ROAD.OQ,59.8580304924226
2026-02-19,ROCK.OQ,12.3598040104832
2026-02-19,ROK.N,45.2273780177418
2026-02-19,ROKU.OQ,155.941110956425
2026-02-19,ROL.N,56.0044862424961
2026-02-19,ROOT.OQ,19.8413081926337
2026-02-19,ROP.OQ,23.3800347179431
2026-02-19,ROST.OQ,31.319309093353
2026-02-19,RPD.OQ,24.5549629424396
2026-02-19,RPM.N,22.043756259148
2026-02-19,RPRX.OQ,25.3392800970656
2026-02-19,RRC.N,16.4367454068241
2026-02-19,RRR.OQ,20.7444182798201
2026-02-19,RRX.N,55.2463478883544
2026-02-19,RS.N,23.4310006858622
2026-02-19,RSG.N,32.3453006421483
2026-02-19,RSI.N,59.5234297744745
2026-02-19,RTX.N,41.3916926443652
2026-02-19,RUSHA.OQ,22.5439977981988
2026-02-19,RVLV.N,32.5575959065998
2026-02-19,RVTY.N,48.2356405911292
2026-02-19,RYAN.N,99.1174636673222
2026-02-19,RYN.N,52.6635372147878
2026-02-20,RIGL.OQ,5.7493814469763
2026-02-20,RIOT.OQ,73.7743483579561
2026-02-20,RITM.N,10.0240769695633
2026-02-20,RJF.N,15.4905975811724
2026-02-20,RKT.N,193.458145039811
2026-02-20,RL.N,26.2097405505931
2026-02-20,RLI.N,16.9205066978743
2026-02-20,RMBS.OQ,48.6063097278918
2026-02-20,RMD.N,25.6142598435782
2026-02-20,RNG.N,81.9723161848631
2026-02-20,RNR.N,5.28060312611705
2026-02-20,RNST.N,19.1339851521409
2026-02-20,ROAD.OQ,60.1728086422569
2026-02-20,ROCK.OQ,12.2760875581074
2026-02-20,ROK.N,45.6174467087239
2026-02-20,ROKU.OQ,154.983989976333
2026-02-20,ROL.N,56.399790396867
2026-02-20,ROOT.OQ,19.496606134408
2026-02-20,ROP.OQ,23.6469333070425
2026-02-20,ROST.OQ,31.4865496399639
2026-02-20,RPD.OQ,18.2697922749645
2026-02-20,RPM.N,22.2575302364995
2026-02-20,RPRX.OQ,25.3448973172157
2026-02-20,RRC.N,16.6761154855643
2026-02-20,RRR.OQ,20.4065369768873
2026-02-20,RRX.N,55.6728907455711
2026-02-20,RS.N,22.83892547298
2026-02-20,RSG.N,32.0344424985406
2026-02-20,RSI.N,59.0768445564452
2026-02-20,RTX.N,41.2929538809372
2026-02-20,RUSHA.OQ,23.0149386095014
2026-02-20,RVLV.N,32.713436014649
2026-02-20,RVTY.N,48.4384127765789
2026-02-20,RYAN.N,99.0455177706365
2026-02-20,RYN.N,52.9204325182746
2026-02-23,RIGL.OQ,5.55481693100418
2026-02-23,RIOT.OQ,73.6331984567611
2026-02-23,RITM.N,9.6020105708448
2026-02-23,RJF.N,14.9884696550293
2026-02-23,RKT.N,183.882074456639
2026-02-23,RL.N,24.848982392511
2026-02-23,RLI.N,13.7491439709214
2026-02-23,RMBS.OQ,45.1161645340632
2026-02-23,RMD.N,25.7793409409029
2026-02-23,RNG.N,71.7620935106979
2026-02-23,RNR.N,5.33181967817638
2026-02-23,RNST.N,18.3920647597265
2026-02-23,ROAD.OQ,59.5478143447596
2026-02-23,ROCK.OQ,11.7203033326124
2026-02-23,ROK.N,44.3408582655098
2026-02-23,ROKU.OQ,146.909369344285
2026-02-23,ROL.N,55.5080577695653
2026-02-23,ROOT.OQ,17.4960455908741
2026-02-23,ROP.OQ,23.6405953458238
2026-02-23,ROST.OQ,31.5553214535235
2026-02-23,RPD.OQ,17.018436639693
2026-02-23,RPM.N,22.342269470765
2026-02-23,RPRX.OQ,25.5415000224689
2026-02-23,RRC.N,16.2015748031496
2026-02-23,RRR.OQ,19.3795223154255
2026-02-23,RRX.N,51.9733238061212
2026-02-23,RS.N,23.1031041350762
2026-02-23,RSG.N,32.2810858143608
2026-02-23,RSI.N,58.5026635618361
2026-02-23,RTX.N,40.6884308395414
2026-02-23,RUSHA.OQ,22.4063852234675
2026-02-23,RVLV.N,31.5576218799512
2026-02-23,RVTY.N,46.8886539306423
2026-02-23,RYAN.N,93.5776296225239
2026-02-23,RYN.N,51.26229010486
2026-02-12,SAIA.OQ,39.8187839871935
2026-02-12,SAIC.OQ,10.6433724121746
2026-02-12,SAM.N,28.8613810358237
2026-02-12,SANM.OQ,33.8032145232524
2026-02-12,SARO.N,54.6533644043111
2026-02-12,SBAC.OQ,25.0879317594157
2026-02-12,SBCF.OQ,20.66845566043
2026-02-12,SBH.N,8.67055313916152
2026-02-12,SBRA.OQ,27.8545784673792
2026-02-12,SBUX.OQ,80.6044500720575
2026-02-12,SCCO.N,38.0067810936194
2026-02-12,SCHW.N,20.3620539375989
2026-02-12,SCI.N,21.229149701503
2026-02-12,SDRL.N,81.6120007143283
2026-02-12,SEB.A,13.6129534597716
2026-02-12,SEE.N,15.5952013621172
2026-02-12,SEI.N,55.4114138684638
2026-02-12,SEIC.OQ,13.731175788526
2026-02-12,SEZL.OQ,19.2769363118845
2026-02-12,SF.N,20.1927622338381
2026-02-12,SFBS.N,17.0223617414957
2026-02-12,SFD.OQ,10.6886554201785
2026-02-12,SFM.OQ,13.0988466119832
2026-02-12,SGHC.N,19.9747649660227
2026-02-12,SGI.N,60.2715970506359
2026-02-12,SHAK.N,88.3556880278192
2026-02-12,SHC.OQ,87.9229055489353
2026-02-12,SHLS.OQ,48.7361888905706
2026-02-12,SHO.N,999.999999999999
2026-02-12,SHOO.OQ,49.8190361292781
2026-02-12,SHW.N,36.3681440045758
2026-02-12,SIG.N,26.5826889721261
2026-02-12,SIGI.OQ,11.7101549834208
2026-02-12,SIRI.OQ,9.6135103046198
2026-02-12,SITE.N,51.559980050909
2026-02-12,SKT.N,35.8399624645439
2026-02-12,SKWD.OQ,13.5445858647435
2026-02-12,SKY.N,24.5506649305185
2026-02-12,SKYT.OQ,11.0224794953171
2026-02-12,SKYW.OQ,9.93337325017642
2026-02-13,SAIA.OQ,40.4311705827547
2026-02-13,SAIC.OQ,11.0464048486333
2026-02-13,SAM.N,28.9984257428526
2026-02-13,SANM.OQ,34.8846111517831
2026-02-13,SARO.N,55.6546752111856
2026-02-13,SBAC.OQ,25.274243862401
2026-02-13,SBCF.OQ,20.5940864046803
2026-02-13,SBH.N,9.29109830801813
2026-02-13,SBRA.OQ,31.5239985621181
2026-02-13,SBUX.OQ,78.1303366293745
2026-02-13,SCCO.N,38.0355959390278
2026-02-13,SCHW.N,20.0708003263754
2026-02-13,SCI.N,20.9457949331475
2026-02-13,SDRL.N,84.6478957080779
2026-02-13,SEB.A,10.4124978107603
2026-02-13,SEE.N,15.5877662243999
2026-02-13,SEI.N,60.9665507552187
2026-02-13,SEIC.OQ,13.9620115382362
2026-02-13,SEZL.OQ,19.8949660083667
2026-02-13,SF.N,20.2352733122252
2026-02-13,SFBS.N,17.028292189205
2026-02-13,SFD.OQ,10.9277266068844
2026-02-13,SFM.OQ,13.3564462865942
2026-02-13,SGHC.N,20.666731419811
2026-02-13,SGI.N,62.6120517116612
2026-02-13,SHAK.N,87.5807252856433
2026-02-13,SHC.OQ,88.7000673540231
2026-02-13,SHLS.OQ,51.6623782856566
2026-02-13,SHO.N,1005.45256270447
2026-02-13,SHOO.OQ,49.7682392532859
2026-02-13,SHW.N,36.0060242669027
2026-02-13,SIG.N,26.8028477839826
2026-02-13,SIGI.OQ,11.5313536197269
2026-02-13,SIRI.OQ,9.43187255232053
2026-02-13,SITE.N,50.857227983134
2026-02-13,SKT.N,36.0638955831858
2026-02-13,SKWD.OQ,13.3907037443663
2026-02-13,SKY.N,25.6526565201614
2026-02-13,SKYT.OQ,11.3406221629046
2026-02-13,SKYW.OQ,9.94769747616687
2026-02-17,SAIA.OQ,40.7925101863105
2026-02-17,SAIC.OQ,10.8640199169447
2026-02-17,SAM.N,27.1407086031279
2026-02-17,SANM.OQ,35.0975410189053
2026-02-17,SARO.N,56.5103408097874
2026-02-17,SBAC.OQ,25.5700772691681
2026-02-17,SBCF.OQ,20.8419839238459
2026-02-17,SBH.N,8.94951381139981
2026-02-17,SBRA.OQ,32.1804229248394
2026-02-17,SBUX.OQ,79.4631923560724
2026-02-17,SCCO.N,36.1146062451375
2026-02-17,SCHW.N,19.9337398034466
2026-02-17,SCI.N,21.1587762775594
2026-02-17,SDRL.N,84.3304164930452
2026-02-17,SEB.A,9.52331626758128
2026-02-17,SEE.N,15.5952013621172
2026-02-17,SEI.N,56.5633511686243
2026-02-17,SEIC.OQ,14.0312622631492
2026-02-17,SEZL.OQ,19.6899913351615
2026-02-17,SF.N,20.0839338731673
2026-02-17,SFBS.N,17.1291098002625
2026-02-17,SFD.OQ,10.8407916299004
2026-02-17,SFM.OQ,13.0852887343721
2026-02-17,SGHC.N,21.8430743912512
2026-02-17,SGI.N,57.2270501796087
2026-02-17,SHAK.N,90.8594138102335
2026-02-17,SHC.OQ,88.5446349930055
2026-02-17,SHLS.OQ,53.9831491852076
2026-02-17,SHO.N,1018.5387131952
2026-02-17,SHOO.OQ,50.0730205092387
2026-02-17,SHW.N,35.9132981885229
2026-02-17,SIG.N,28.4451135156685
2026-02-17,SIGI.OQ,11.5473656821472
2026-02-17,SIRI.OQ,9.31225744714784
2026-02-17,SITE.N,49.7205184172858
2026-02-17,SKT.N,37.2262151037557
2026-02-17,SKWD.OQ,13.633364011115
2026-02-17,SKY.N,25.8954682263539
2026-02-17,SKYT.OQ,11.1621518859653
2026-02-17,SKYW.OQ,10.2590106543593
2026-02-18,SAIA.OQ,41.0025913511685
2026-02-18,SAIC.OQ,11.2976624118685
2026-02-18,SAM.N,27.3749730595875
2026-02-18,SANM.OQ,35.367890176038
2026-02-18,SARO.N,56.9108651325371
2026-02-18,SBAC.OQ,24.8575593618055
2026-02-18,SBCF.OQ,20.8357864858667
2026-02-18,SBH.N,8.94382073645617
2026-02-18,SBRA.OQ,31.3051904412109
2026-02-18,SBUX.OQ,79.7714152428713
2026-02-18,SCCO.N,37.0097874424904
2026-02-18,SCHW.N,20.4263010577218
2026-02-18,SCI.N,21.0720061002064
2026-02-18,SDRL.N,86.9099351151854
2026-02-18,SEB.A,9.5315704206264
2026-02-18,SEE.N,15.5840486555412
2026-02-18,SEI.N,54.6901073347185
2026-02-18,SEIC.OQ,14.4272343568827
2026-02-18,SEZL.OQ,20.3359721234444
2026-02-18,SF.N,20.4886393394118
2026-02-18,SFBS.N,16.8523555738301
2026-02-18,SFD.OQ,10.7060424155753
2026-02-18,SFM.OQ,13.1065939706181
2026-02-18,SGHC.N,21.7277466489531
2026-02-18,SGI.N,50.2781140686108
2026-02-18,SHAK.N,93.571783407849
2026-02-18,SHC.OQ,90.4098233252163
2026-02-18,SHLS.OQ,54.1345038090914
2026-02-18,SHO.N,1010.90512540894
2026-02-18,SHOO.OQ,49.7301415962918
2026-02-18,SHW.N,35.7005162402406
2026-02-18,SIG.N,28.3380092288194
2026-02-18,SIGI.OQ,11.3752360111284
2026-02-18,SIRI.OQ,9.33440839255019
2026-02-18,SITE.N,49.3513306950445
2026-02-18,SKT.N,36.8210027938322
2026-02-18,SKWD.OQ,13.3699888435463
2026-02-18,SKY.N,25.7727282430038
2026-02-18,SKYT.OQ,11.1505125200779
2026-02-18,SKYW.OQ,10.1793246905895
2026-02-19,SAIA.OQ,41.2462855024039
2026-02-19,SAIC.OQ,11.6088646729315
2026-02-19,SAM.N,27.1149395129173
2026-02-19,SANM.OQ,35.4324868772998
2026-02-19,SARO.N,57.2385668511506
2026-02-19,SBAC.OQ,24.9620452033446
2026-02-19,SBCF.OQ,20.7552197921379
2026-02-19,SBH.N,8.97228611117436
2026-02-19,SBRA.OQ,31.2895612897176
2026-02-19,SBUX.OQ,79.8047366360387
2026-02-19,SCCO.N,37.2806469893289
2026-02-19,SCHW.N,20.1029238864368
2026-02-19,SCI.N,21.2192524617751
2026-02-19,SDRL.N,88.7155981506836
2026-02-19,SEB.A,9.42978857568253
2026-02-19,SEE.N,15.5840486555412
2026-02-19,SEI.N,53.8073142635676
2026-02-19,SEIC.OQ,14.3064895031882
2026-02-19,SEZL.OQ,19.8328524710318
2026-02-19,SF.N,20.3066919239154
2026-02-19,SFBS.N,16.8602628374425
2026-02-19,SFD.OQ,10.7799371460116
2026-02-19,SFM.OQ,13.1414570844753
2026-02-19,SGHC.N,22.0045332304684
2026-02-19,SGI.N,49.9043198339684
2026-02-19,SHAK.N,92.5782414307004
2026-02-19,SHC.OQ,90.150769390187
2026-02-19,SHLS.OQ,51.4101205791837
2026-02-19,SHO.N,1022.90076335878
2026-02-19,SHOO.OQ,49.7174423772938
2026-02-19,SHW.N,34.9050240941394
2026-02-19,SIG.N,28.2844570853948
2026-02-19,SIGI.OQ,11.3352058550775
2026-02-19,SIRI.OQ,9.32111782530878
2026-02-19,SITE.N,48.7133484031012
2026-02-19,SKT.N,37.2795325129561
2026-02-19,SKWD.OQ,13.5653007655636
2026-02-19,SKY.N,25.2524174440199
2026-02-19,SKYT.OQ,11.1854306177399
2026-02-19,SKYW.OQ,9.85454517335107
2026-02-20,SAIA.OQ,43.2378549452581
2026-02-20,SAIC.OQ,11.4672931525299
2026-02-20,SAM.N,27.526073634004
2026-02-20,SANM.OQ,35.7351343850633
2026-02-20,SARO.N,58.1852607049228
2026-02-20,SBAC.OQ,25.1194033984335
2026-02-20,SBCF.OQ,20.9163531795956
2026-02-20,SBH.N,9.04629608544167
2026-02-20,SBRA.OQ,31.1488989262773
2026-02-20,SBUX.OQ,81.2125654973635
2026-02-20,SCCO.N,38.6138138368888
2026-02-20,SCHW.N,20.137189017169
2026-02-20,SCI.N,20.8248425647161
2026-02-20,SDRL.N,87.7234756037066
2026-02-20,SEB.A,9.55836735410392
2026-02-20,SEE.N,15.5952013621172
2026-02-20,SEI.N,53.0106473456996
2026-02-20,SEIC.OQ,14.4520935914669
2026-02-20,SEZL.OQ,19.4881223388231
2026-02-20,SF.N,20.390013637554
2026-02-20,SFBS.N,17.1528315910996
2026-02-20,SFD.OQ,10.8842591183924
2026-02-20,SFM.OQ,12.7405130567602
2026-02-20,SGHC.N,22.8348929750144
2026-02-20,SGI.N,50.8806480587806
2026-02-20,SHAK.N,92.9557873820169
2026-02-20,SHC.OQ,90.6170664732397
2026-02-20,SHLS.OQ,53.5290853135563
2026-02-20,SHO.N,1025.08178844057
2026-02-20,SHOO.OQ,50.6571845831481
2026-02-20,SHW.N,35.1483348813818
2026-02-20,SIG.N,29.1323660229501
2026-02-20,SIGI.OQ,11.3552209331029
2026-02-20,SIRI.OQ,9.32997820346972
2026-02-20,SITE.N,44.978402048686
2026-02-20,SKT.N,37.9406683870417
2026-02-20,SKWD.OQ,13.873065006318
2026-02-20,SKY.N,25.9728477810746
2026-02-20,SKYT.OQ,10.917725202331
2026-02-20,SKYW.OQ,9.97827070372762
2026-02-23,SAIA.OQ,41.7011112243215
2026-02-23,SAIC.OQ,11.0247227238871
2026-02-23,SAM.N,26.2563602799929
2026-02-23,SANM.OQ,35.3774600577064
2026-02-23,SARO.N,57.1839498980484
2026-02-23,SBAC.OQ,25.1319920540406
2026-02-23,SBCF.OQ,19.9185656649541
2026-02-23,SBH.N,8.94951381139981
2026-02-23,SBRA.OQ,31.9303565009456
2026-02-23,SBUX.OQ,78.9550411102688
2026-02-23,SCCO.N,39.7740916119985
2026-02-23,SCHW.N,19.8630679713115
2026-02-23,SCI.N,20.8905775475593
2026-02-23,SDRL.N,87.5448935452507
2026-02-23,SEB.A,9.44728505502468
2026-02-23,SEE.N,15.6100716375519
2026-02-23,SEI.N,54.5501523356336
2026-02-23,SEIC.OQ,14.040140561215
2026-02-23,SEZL.OQ,17.5470742971077
2026-02-23,SF.N,19.1112803996722
2026-02-23,SFBS.N,16.447108313697
2026-02-23,SFD.OQ,10.9494603511304
2026-02-23,SFM.OQ,13.4995062767984
2026-02-23,SGHC.N,22.4197131027414
2026-02-23,SGI.N,48.5653554113689
2026-02-23,SHAK.N,88.9816194734227
2026-02-23,SHC.OQ,90.6170664732397
2026-02-23,SHLS.OQ,49.9470258816407
2026-02-23,SHO.N,1009.81461286805
2026-02-23,SHOO.OQ,47.3299892056639
2026-02-23,SHW.N,35.5031027569557
2026-02-23,SIG.N,28.1119001788047
2026-02-23,SIGI.OQ,11.0750098407467
2026-02-23,SIRI.OQ,9.28567631266503
2026-02-23,SITE.N,43.5910233329174
2026-02-23,SKT.N,37.972658832562
2026-02-23,SKWD.OQ,13.9559246095981
2026-02-23,SKY.N,25.4231861165069
2026-02-23,SKYT.OQ,10.7702932344246
2026-02-23,SKYW.OQ,9.85164535623286
2026-02-12,SLB.N,21.4246730664275
2026-02-12,SLDE.OQ,6.19727944265379
2026-02-12,SLGN.N,18.0463625300525
2026-02-12,SLM.OQ,8.72371610575568
2026-02-12,SLVM.N,12.5593091232804
2026-02-12,SM.N,3.32160784158729
2026-02-12,SMCI.OQ,23.1964263934626
2026-02-12,SMG.N,23.9053381547385
2026-02-12,SMPL.OQ,17.8744553528645
2026-02-12,SMTC.OQ,245.238635075388
2026-02-12,SN.N,26.0882049042267
2026-02-12,SNA.N,19.8441509424071
2026-02-12,SNCY.OQ,19.8510220799756
2026-02-12,SNDR.N,43.9335691219437
2026-02-12,SNEX.OQ,18.631706556959
2026-02-12,SNPS.OQ,52.8139143799558
2026-02-12,SNX.N,15.783789854295
2026-02-12,SO.N,22.9821699478829
2026-02-12,SOFI.OQ,35.3124142347452
2026-02-12,SOLS.OQ,37.7591312931885
2026-02-12,SOLV.N,8.73712582496529
2026-02-12,SON.N,50.7257841237195
2026-02-12,SPB.N,17.5669038882094
2026-02-12,SPG.N,13.506477012954
2026-02-12,SPGI.N,27.0935422964847
2026-02-12,SPNT.N,12.8496361662028
2026-02-12,SPOT.N,35.9634123027162
2026-02-12,SPSC.OQ,28.9867399654398
2026-02-12,SPXC.N,49.2454938624402
2026-02-12,SR.N,19.6087369915469
2026-02-12,SRE.N,28.5808450738932
2026-02-12,SSB.N,14.0773733949173
2026-02-13,SLB.N,21.3189035508942
2026-02-13,SLDE.OQ,6.27163192546907
2026-02-13,SLGN.N,18.0500727197174
2026-02-13,SLM.OQ,8.47003776988556
2026-02-13,SLVM.N,11.7861108816754
2026-02-13,SM.N,3.39275127465318
2026-02-13,SMCI.OQ,23.280278082693
2026-02-13,SMG.N,24.4710178654542
2026-02-13,SMPL.OQ,17.7741622742013
2026-02-13,SMTC.OQ,246.896610361637
2026-02-13,SN.N,26.5006986106646
2026-02-13,SNA.N,20.0331063737583
2026-02-13,SNCY.OQ,22.16156291834
2026-02-13,SNDR.N,44.1796094110411
2026-02-13,SNEX.OQ,19.0000164024627
2026-02-13,SNPS.OQ,54.5280118963857
2026-02-13,SNX.N,16.1979125408984
2026-02-13,SO.N,23.5755946040567
2026-02-13,SOFI.OQ,35.8796084530235
2026-02-13,SOLS.OQ,37.8510733019763
2026-02-13,SOLV.N,8.69111067908002
2026-02-13,SON.N,51.0916426057034
2026-02-13,SPB.N,17.6387190036695
2026-02-13,SPG.N,13.8874777749555
2026-02-13,SPGI.N,27.935270171456
2026-02-13,SPNT.N,12.7997104307343
2026-02-13,SPOT.N,36.9820080986546
2026-02-13,SPSC.OQ,27.7198291684947
2026-02-13,SPXC.N,50.96861698044
2026-02-13,SR.N,19.9365261297871
2026-02-13,SRE.N,29.1937977810496
2026-02-13,SSB.N,14.2901262104606
2026-02-17,SLB.N,21.0862106167209
2026-02-17,SLDE.OQ,6.38687827383276
2026-02-17,SLGN.N,17.8979549434567
2026-02-17,SLM.OQ,8.42071142679971
2026-02-17,SLVM.N,10.8110092416692
2026-02-17,SM.N,3.4275325085965
2026-02-17,SMCI.OQ,22.9524942066106
2026-02-17,SMG.N,25.0223765708353
2026-02-17,SMPL.OQ,17.2838405562923
2026-02-17,SMTC.OQ,248.441219816347
2026-02-17,SN.N,26.5795577016012
2026-02-17,SNA.N,19.8810129008601
2026-02-17,SNCY.OQ,22.6949464524766
2026-02-17,SNDR.N,44.2872520375211
2026-02-17,SNEX.OQ,18.8613410355322
2026-02-17,SNPS.OQ,52.6392610667824
2026-02-17,SNX.N,16.0294558548224
2026-02-17,SO.N,22.8431248401602
2026-02-17,SOFI.OQ,35.6966425761595
2026-02-17,SOLS.OQ,39.1479395311925
2026-02-17,SOLV.N,8.48174176530205
2026-02-17,SON.N,56.0851164814302
2026-02-17,SPB.N,17.9213462322547
2026-02-17,SPG.N,14.2529562836903
2026-02-17,SPGI.N,27.997342486385
2026-02-17,SPNT.N,13.0992648435452
2026-02-17,SPOT.N,37.3878008293987
2026-02-17,SPSC.OQ,26.8871598814565
2026-02-17,SPXC.N,51.5230872906875
2026-02-17,SR.N,19.8410114140085
2026-02-17,SRE.N,28.6270475392567
2026-02-17,SSB.N,14.2901262104606
2026-02-18,SLB.N,21.8265972254541
2026-02-18,SLDE.OQ,6.28278479789136
2026-02-18,SLGN.N,17.8942447537918
2026-02-18,SLM.OQ,8.42071142679971
2026-02-18,SLVM.N,10.9509650064701
2026-02-18,SM.N,3.69945851942611
2026-02-18,SMCI.OQ,22.6475789730455
2026-02-18,SMG.N,25.0116358168344
2026-02-18,SMPL.OQ,17.9636047561207
2026-02-18,SMTC.OQ,247.392585874617
2026-02-18,SN.N,25.8273632957438
2026-02-18,SNA.N,20.0200846723115
2026-02-18,SNCY.OQ,21.9314759036145
2026-02-18,SNDR.N,44.2411194833154
2026-02-18,SNEX.OQ,19.0984311789941
2026-02-18,SNPS.OQ,55.1792192497891
2026-02-18,SNX.N,16.1588065244879
2026-02-18,SO.N,22.6047617983498
2026-02-18,SOFI.OQ,51.4007628567671
2026-02-18,SOLS.OQ,39.1576176373807
2026-02-18,SOLV.N,8.61748644566359
2026-02-18,SON.N,9.72343139438359
2026-02-18,SPB.N,18.1437414285185
2026-02-18,SPG.N,14.085033725623
2026-02-18,SPGI.N,28.6064697087103
2026-02-18,SPNT.N,12.8371547323356
2026-02-18,SPOT.N,38.8124550566801
2026-02-18,SPSC.OQ,26.144024926358
2026-02-18,SPXC.N,51.5188221344548
2026-02-18,SR.N,19.3417299451659
2026-02-18,SRE.N,28.2543476519907
2026-02-18,SSB.N,14.2324770604424
2026-02-19,SLB.N,21.8054433223474
2026-02-19,SLDE.OQ,6.24189093234296
2026-02-19,SLGN.N,17.7977798225045
2026-02-19,SLM.OQ,8.24806922599921
2026-02-19,SLVM.N,10.8936060864697
2026-02-19,SM.N,3.71210624086005
2026-02-19,SMCI.OQ,24.5151847786315
2026-02-19,SMG.N,24.9937345601661
2026-02-19,SMPL.OQ,18.6879436575771
2026-02-19,SMTC.OQ,240.789026187507
2026-02-19,SN.N,25.7444601488617
2026-02-19,SNA.N,19.9945621374758
2026-02-19,SNCY.OQ,20.8960843373494
2026-02-19,SNDR.N,44.62555743503
2026-02-19,SNEX.OQ,18.6197774931371
2026-02-19,SNPS.OQ,55.195437057441
2026-02-19,SNX.N,16.1738473000304
2026-02-19,SO.N,24.2660199131989
2026-02-19,SOFI.OQ,50.7694331185058
2026-02-19,SOLS.OQ,37.676867390589
2026-02-19,SOLV.N,8.46793722153647
2026-02-19,SON.N,9.46022554716446
2026-02-19,SPB.N,18.1182586456133
2026-02-19,SPG.N,14.091383738323
2026-02-19,SPGI.N,28.421616990625
2026-02-19,SPNT.N,5.97686916331978
2026-02-19,SPOT.N,39.4724955308028
2026-02-19,SPSC.OQ,26.1216413433731
2026-02-19,SPXC.N,51.3972651818236
2026-02-19,SR.N,19.4111951930049
2026-02-19,SRE.N,28.6362880323294
2026-02-19,SSB.N,14.2214962699627
2026-02-20,SLB.N,21.5135194594755
2026-02-20,SLDE.OQ,6.27534954960984
2026-02-20,SLGN.N,17.9647383574248
2026-02-20,SLM.OQ,6.53288701574252
2026-02-20,SLVM.N,11.1735176160715
2026-02-20,SM.N,3.7405636140864
2026-02-20,SMCI.OQ,24.7133796804488
2026-02-20,SMG.N,25.0474383301708
2026-02-20,SMPL.OQ,18.8439551132755
2026-02-20,SMTC.OQ,245.918830064618
2026-02-20,SN.N,26.4157734358097
2026-02-20,SNA.N,20.0992566171078
2026-02-20,SNCY.OQ,21.4190093708166
2026-02-20,SNDR.N,45.0715054590189
2026-02-20,SNEX.OQ,19.1864080246812
2026-02-20,SNPS.OQ,54.88355614106
2026-02-20,SNX.N,16.2049315694849
2026-02-20,SO.N,24.0745468470768
2026-02-20,SOFI.OQ,50.0328817572011
2026-02-20,SOLS.OQ,53.6517362251429
2026-02-20,SOLV.N,8.39086185217864
2026-02-20,SON.N,9.52433979199989
2026-02-20,SPB.N,18.560732421513
2026-02-20,SPG.N,14.2310840177236
2026-02-20,SPGI.N,28.4768681720454
2026-02-20,SPNT.N,5.82479979796499
2026-02-20,SPOT.N,39.8776239478116
2026-02-20,SPSC.OQ,23.5864415609788
2026-02-20,SPXC.N,51.6702351807146
2026-02-20,SR.N,19.6543235604413
2026-02-20,SRE.N,28.8149375650685
2026-02-20,SSB.N,14.4726818521848
2026-02-23,SLB.N,21.6785199037074
2026-02-23,SLDE.OQ,6.19727944265379
2026-02-23,SLGN.N,17.9313466504408
2026-02-23,SLM.OQ,5.74084673153303
2026-02-23,SLVM.N,10.6779365472683
2026-02-23,SM.N,3.59669578277538
2026-02-23,SMCI.OQ,23.4098670569582
2026-02-23,SMG.N,24.7466972181447
2026-02-23,SMPL.OQ,18.9665355427527
2026-02-23,SMTC.OQ,246.060537354042
2026-02-23,SN.N,25.0812349738046
2026-02-23,SNA.N,20.0726923461564
2026-02-23,SNCY.OQ,20.7810408299866
2026-02-23,SNDR.N,45.9530821570021
2026-02-23,SNEX.OQ,18.5974104984708
2026-02-23,SNPS.OQ,52.4982908925782
2026-02-23,SNX.N,15.7707545154915
2026-02-23,SO.N,24.2992085779934
2026-02-23,SOFI.OQ,47.9284492963304
2026-02-23,SOLS.OQ,52.6463945094938
2026-02-23,SOLV.N,8.35750087141183
2026-02-23,SON.N,9.59520290471273
2026-02-23,SPB.N,18.2804218095556
2026-02-23,SPG.N,14.1160782321565
2026-02-23,SPGI.N,27.6105842164428
2026-02-23,SPNT.N,5.63471309127149
2026-02-23,SPOT.N,38.0138108296765
2026-02-23,SPSC.OQ,22.0682806114973
2026-02-23,SPXC.N,50.5804877632668
2026-02-23,SR.N,19.7064224963205
2026-02-23,SRE.N,28.8303383868563
2026-02-23,SSB.N,12.7713174849469
2026-02-12,SSD.N,25.3300497859398
2026-02-12,SSNC.OQ,22.5672641473532
2026-02-12,SSRM.OQ,25.1232911220703
2026-02-12,STAG.N,25.5366952995493
2026-02-12,STC.N,17.2126376280297
2026-02-12,STE.N,33.9893113622446
2026-02-12,STLD.OQ,24.9407764380856
2026-02-12,STNG.N,11.5012168175385
2026-02-12,STOK.OQ,48.3189139229382
2026-02-12,STRA.OQ,15.4054486946139
2026-02-12,STRL.OQ,42.2605986991615
2026-02-12,STT.N,13.3645394783481
2026-02-12,STWD.N,17.2201839233811
2026-02-12,STZ.N,25.600635758582
2026-02-12,SW.N,38.8345115098786
2026-02-12,SWK.N,33.8937564729629
2026-02-12,SWKS.OQ,23.3394695679911
2026-02-12,SWX.N,31.8040424102579
2026-02-12,SXI.N,57.2079973509222
2026-02-12,SXT.N,29.9516760459995
2026-02-12,SYF.N,7.65815198486247
2026-02-12,SYK.N,43.5622320151744
2026-02-12,SYY.N,24.1809903152323
2026-02-12,T.N,9.44067291018576
2026-02-12,TBBK.OQ,11.356611845851
2026-02-12,TCBI.OQ,14.8334909747239
2026-02-12,TDC.N,24.8781681835377
2026-02-12,TDG.N,41.679088673349
2026-02-12,TDS.N,391.537046328818
2026-02-12,TDUP.OQ,400.355871886121
2026-02-12,TDW.N,22.7846650236174
2026-02-12,TDY.N,37.4481488284344
2026-02-12,TECH.OQ,117.308639542902
2026-02-12,TER.OQ,113.200199446064
2026-02-13,SSD.N,25.3058348346603
2026-02-13,SSNC.OQ,22.8621988811508
2026-02-13,SSRM.OQ,27.2354690875973
2026-02-13,STAG.N,26.0709931089283
2026-02-13,STC.N,17.1878676789319
2026-02-13,STE.N,34.5641039915382
2026-02-13,STLD.OQ,23.9619469081863
2026-02-13,STNG.N,9.96881123587246
2026-02-13,STOK.OQ,48.349217412385
2026-02-13,STRA.OQ,15.6280226900667
2026-02-13,STRL.OQ,42.8816315335789
2026-02-13,STT.N,13.5401798515098
2026-02-13,STWD.N,17.2201839233811
2026-02-13,STZ.N,23.5413582086493
2026-02-13,SW.N,38.9402453023986
2026-02-13,SWK.N,34.4191531663655
2026-02-13,SWKS.OQ,23.8659815605508
2026-02-13,SWX.N,32.1216812220697
2026-02-13,SXI.N,58.2371998532268
2026-02-13,SXT.N,28.4530217763641
2026-02-13,SYF.N,7.68722948501593
2026-02-13,SYK.N,43.5860462734853
2026-02-13,SYY.N,24.3558056161433
2026-02-13,T.N,9.40461478448714
2026-02-13,TBBK.OQ,11.9097001935809
2026-02-13,TCBI.OQ,15.213007106366
2026-02-13,TDC.N,24.8930031079167
2026-02-13,TDG.N,41.3799956969204
2026-02-13,TDS.N,397.976250209065
2026-02-13,TDUP.OQ,418.149466192171
2026-02-13,TDW.N,23.5769698890436
2026-02-13,TDY.N,38.258762478612
2026-02-13,TECH.OQ,118.077036745148
2026-02-13,TER.OQ,114.521347643952
2026-02-17,SSD.N,24.9450320605955
2026-02-17,SSNC.OQ,22.6592330428385
2026-02-17,SSRM.OQ,25.1039133425701
2026-02-17,STAG.N,26.2901922102119
2026-02-17,STC.N,17.1408047756462
2026-02-17,STE.N,34.1549295774648
2026-02-17,STLD.OQ,23.9919493458844
2026-02-17,STNG.N,9.89953428926094
2026-02-17,STOK.OQ,47.1067743450658
2026-02-17,STRA.OQ,15.781952369165
2026-02-17,STRL.OQ,41.2585220593997
2026-02-17,STT.N,13.5433540751212
2026-02-17,STWD.N,17.2297136322485
2026-02-17,STZ.N,24.0774641557987
2026-02-17,SW.N,38.3813666847925
2026-02-17,SWK.N,34.3586758491393
2026-02-17,SWKS.OQ,23.889040479933
2026-02-17,SWX.N,32.2166077635307
2026-02-17,SXI.N,57.7315481890511
2026-02-17,SXT.N,29.2584523010273
2026-02-17,SYF.N,7.78738531887786
2026-02-17,SYK.N,43.9587394160506
2026-02-17,SYY.N,24.1245115257073
2026-02-17,T.N,9.40133677305999
2026-02-17,TBBK.OQ,12.1130414978934
2026-02-17,TCBI.OQ,15.3527514184048
2026-02-17,TDC.N,24.1809267377259
2026-02-17,TDG.N,41.876554358862
2026-02-17,TDS.N,389.195517645091
2026-02-17,TDUP.OQ,410.142348754448
2026-02-17,TDW.N,23.5668553588467
2026-02-17,TDY.N,37.6248730337983
2026-02-17,TECH.OQ,115.259580336913
2026-02-17,TER.OQ,111.198459752294
2026-02-18,SSD.N,24.62055171345
2026-02-18,SSNC.OQ,23.0683360606868
2026-02-18,SSRM.OQ,14.4006845605598
2026-02-18,STAG.N,26.1668927157399
2026-02-18,STC.N,16.7494395799017
2026-02-18,STE.N,34.7032789623114
2026-02-18,STLD.OQ,24.0944576746861
2026-02-18,STNG.N,10.0013289863228
2026-02-18,STOK.OQ,46.9401051531084
2026-02-18,STRA.OQ,15.9275615250687
2026-02-18,STRL.OQ,40.223140819685
2026-02-18,STT.N,13.7211105973571
2026-02-18,STWD.N,17.2583027588507
2026-02-18,STZ.N,24.6435289647006
2026-02-18,SW.N,39.1517128874388
2026-02-18,SWK.N,33.9542337901891
2026-02-18,SWKS.OQ,23.8275500282472
2026-02-18,SWX.N,31.632444431463
2026-02-18,SXI.N,56.8142155239536
2026-02-18,SXT.N,29.0146054748363
2026-02-18,SYF.N,7.84554031918479
2026-02-18,SYK.N,44.9279797293033
2026-02-18,SYY.N,24.0115539466571
2026-02-18,T.N,9.13909585888816
2026-02-18,TBBK.OQ,11.7205927805703
2026-02-18,TCBI.OQ,15.4351270128697
2026-02-18,TDC.N,24.3366934437052
2026-02-18,TDG.N,42.301716632882
2026-02-18,TDS.N,377.822378324134
2026-02-18,TDUP.OQ,417.259786476868
2026-02-18,TDW.N,24.0860679089558
2026-02-18,TDY.N,38.3960858775342
2026-02-18,TECH.OQ,116.894887203231
2026-02-18,TER.OQ,114.579580071408
2026-02-19,SSD.N,24.2403769783615
2026-02-19,SSNC.OQ,22.6338623130494
2026-02-19,SSRM.OQ,15.7654730183488
2026-02-19,STAG.N,26.3997917608538
2026-02-19,STC.N,16.7197156409844
2026-02-19,STE.N,34.9579691588265
2026-02-19,STLD.OQ,23.8244357354035
2026-02-19,STNG.N,10.2416775766076
2026-02-19,STOK.OQ,52.0765466143426
2026-02-19,STRA.OQ,15.7840324999636
2026-02-19,STRL.OQ,40.6639369955333
2026-02-19,STT.N,13.5295991061386
2026-02-19,STWD.N,17.1630056701768
2026-02-19,STZ.N,24.3833599021134
2026-02-19,SW.N,37.5959156546432
2026-02-19,SWK.N,33.871077479003
2026-02-19,SWKS.OQ,22.7591534302064
2026-02-19,SWX.N,31.8515056809884
2026-02-19,SXI.N,57.1900981769692
2026-02-19,SXT.N,28.7200891782679
2026-02-19,SYF.N,7.78200059662722
2026-02-19,SYK.N,44.3731075106599
2026-02-19,SYY.N,24.1164431272037
2026-02-19,T.N,9.13909585888816
2026-02-19,TBBK.OQ,11.7653278675191
2026-02-19,TCBI.OQ,15.3924682228789
2026-02-19,TDC.N,23.8248885526306
2026-02-19,TDG.N,42.7776925523598
2026-02-19,TDS.N,380.832915203211
2026-02-19,TDUP.OQ,428.825622775801
2026-02-19,TDW.N,24.8986018347758
2026-02-19,TDY.N,38.6098931948434
2026-02-19,TECH.OQ,114.767018027781
2026-02-19,TER.OQ,114.97264895673
2026-02-20,SSD.N,24.217372774646
2026-02-20,SSNC.OQ,22.6370336542731
2026-02-20,SSRM.OQ,16.4966096921644
2026-02-20,ST.N,192.433137638617
2026-02-20,STAG.N,27.0779389804502
2026-02-20,STC.N,16.7915484933678
2026-02-20,STE.N,34.8842064243166
2026-02-20,STLD.OQ,24.175714276785
2026-02-20,STNG.N,10.131399988124
2026-02-20,STOK.OQ,51.9553326565554
2026-02-20,STRA.OQ,15.8339556391306
2026-02-20,STRL.OQ,42.6592743515399
2026-02-20,STT.N,13.5401574569819
2026-02-20,STWD.N,17.2106542145137
2026-02-20,STZ.N,24.6624503510706
2026-02-20,SW.N,36.810464624494
2026-02-20,SWK.N,34.759338075763
2026-02-20,SWKS.OQ,23.0781351483265
2026-02-20,SWX.N,31.9829424307036
2026-02-20,SXI.N,57.6733758737034
2026-02-20,SXT.N,28.650418656499
2026-02-20,SYF.N,7.90154143059147
2026-02-20,SYK.N,45.2744771877266
2026-02-20,SYY.N,24.2401585709253
2026-02-20,T.N,9.17187597315964
2026-02-20,TBBK.OQ,11.8405641501147
2026-02-20,TCBI.OQ,15.4483659476944
2026-02-20,TDC.N,22.9273756277027
2026-02-20,TDG.N,43.0623132879934
2026-02-20,TDS.N,378.742264592741
2026-02-20,TDUP.OQ,412.811387900356
2026-02-20,TDW.N,24.7401408616905
2026-02-20,TDY.N,38.7472165937655
2026-02-20,TECH.OQ,113.328736085115
2026-02-20,TER.OQ,93.2681016488801
2026-02-23,SSD.N,23.7681854284109
2026-02-23,SSNC.OQ,22.0566782103487
2026-02-23,SSRM.OQ,16.4099564567492
2026-02-23,ST.N,185.759446033419
2026-02-23,STAG.N,26.886139766827
2026-02-23,STC.N,16.4398152161797
2026-02-23,STE.N,34.3915270277793
2026-02-23,STLD.OQ,24.5032408883222
2026-02-23,STNG.N,10.1511934014415
2026-02-23,STOK.OQ,54.8947711328959
2026-02-23,STRA.OQ,15.582259812497
2026-02-23,STRL.OQ,42.5750333046
2026-02-23,STT.N,13.2427692871045
2026-02-23,STWD.N,16.9628817839615
2026-02-23,STZ.N,25.1370617925175
2026-02-23,SW.N,34.9601232553924
2026-02-23,SWK.N,32.994156379223
2026-02-23,SWKS.OQ,22.9743700111067
2026-02-23,SWX.N,32.176446534451
2026-02-23,SXI.N,55.6015464886295
2026-02-23,SXT.N,29.0937765223009
2026-02-23,SYF.N,7.41799337248385
2026-02-23,SYK.N,45.8102979997214
2026-02-23,SYY.N,24.051895939175
2026-02-23,T.N,9.34888859022563
2026-02-23,TBBK.OQ,11.1898719763148
2026-02-23,TCBI.OQ,14.3451213789675
2026-02-23,TDC.N,20.8653211390255
2026-02-23,TDG.N,41.684877569667
2026-02-23,TDS.N,365.863856832246
2026-02-23,TDUP.OQ,399.466192170819
2026-02-23,TDW.N,26.6045859279913
2026-02-23,TDY.N,35.6225226819296
2026-02-23,TECH.OQ,107.890848192296
2026-02-23,TER.OQ,91.4449449751218
2026-02-12,TEX.N,27.8187646280655
2026-02-12,TFC.N,13.6291418116524
2026-02-12,TGLS.N,13.557214253937
2026-02-12,TGNA.N,9.85466852478599
2026-02-12,TGT.N,13.6738135973693
2026-02-12,TGTX.OQ,10.2302342658853
2026-02-12,THC.N,15.9261743033584
2026-02-12,THG.N,14.275020005679
2026-02-12,THO.N,21.4737614345842
2026-02-12,TIGO.OQ,10.066296971841
2026-02-12,TJX.N,34.0472704547512
2026-02-12,TKO.N,83.6050633758069
2026-02-12,TKR.N,25.3943997483033
2026-02-12,TLN.OQ,84.0506849784624
2026-02-12,TMDX.OQ,53.9882042578933
2026-02-12,TMHC.N,7.88213042656447
2026-02-12,TMO.N,28.7405341200121
2026-02-12,TMUS.OQ,22.0943755467504
2026-02-12,TNET.N,14.7363884709217
2026-02-12,TNK.N,7.34253769687817
2026-02-12,TNL.N,11.9091396297976
2026-02-12,TOL.N,11.9949485635715
2026-02-12,TOST.N,58.9415770366863
2026-02-12,TOWN.OQ,16.3060975554457
2026-02-12,TPB.N,39.8505104371119
2026-02-12,TPG.OQ,176.428002606241
2026-02-12,TPH.N,10.7999397542327
2026-02-12,TPL.N,59.6251759116608
2026-02-12,TPR.N,62.9967399826683
2026-02-12,TREE.OQ,37.8865370996931
2026-02-12,TREX.N,23.1269351523992
2026-02-12,TRGP.N,29.3825438664983
2026-02-12,TRIP.OQ,16.2860795051052
2026-02-12,TRMB.OQ,37.5044032589798
2026-02-12,TRMK.OQ,11.882990764277
2026-02-12,TRN.N,27.9402734236127
2026-02-12,TRNO.N,16.567177980294
2026-02-12,TROW.OQ,10.1471864866837
2026-02-12,TRS.OQ,33.2384990144669
2026-02-12,TRU.N,33.2319620045242
2026-02-12,TRUP.OQ,90.1643943219436
2026-02-12,TRV.N,11.6917984842291
2026-02-13,TEX.N,29.3536515043587
2026-02-13,TFC.N,13.5846449015702
2026-02-13,TGLS.N,13.7783547666187
2026-02-13,TGNA.N,9.93051012959434
2026-02-13,TGT.N,14.0463276424836
2026-02-13,TGTX.OQ,10.2590315474219
2026-02-13,THC.N,15.8466325734355
2026-02-13,THG.N,14.3058300004413
2026-02-13,THO.N,21.7044384527244
2026-02-13,TIGO.OQ,10.063234048679
2026-02-13,TJX.N,34.109102311849
2026-02-13,TKO.N,86.4310558175311
2026-02-13,TKR.N,25.5103127047697
2026-02-13,TLN.OQ,86.0821974154775
2026-02-13,TMDX.OQ,54.5427049552199
2026-02-13,TMHC.N,8.29026273366779
2026-02-13,TMO.N,28.4586646943323
2026-02-13,TMUS.OQ,22.5904389440642
2026-02-13,TNET.N,12.538178154224
2026-02-13,TNK.N,7.56780181906142
2026-02-13,TNL.N,11.6815764521581
2026-02-13,TOL.N,12.2538641865845
2026-02-13,TOST.N,61.624839342488
2026-02-13,TOWN.OQ,16.4194603026332
2026-02-13,TPB.N,40.6652347270056
2026-02-13,TPG.OQ,179.287627597191
2026-02-13,TPH.N,13.6940991633517
2026-02-13,TPL.N,62.6557117121296
2026-02-13,TPR.N,63.4671728634507
2026-02-13,TREE.OQ,39.0963097017861
2026-02-13,TREX.N,23.2082725562177
2026-02-13,TRGP.N,30.1404643373513
2026-02-13,TRIP.OQ,15.1656224848896
2026-02-13,TRMB.OQ,37.7259866140927
2026-02-13,TRMK.OQ,12.0828864943421
2026-02-13,TRN.N,28.3442681232022
2026-02-13,TRNO.N,16.9781467363944
2026-02-13,TROW.OQ,10.2125397701961
2026-02-13,TRS.OQ,33.721968091041
2026-02-13,TRU.N,31.9238526285786
2026-02-13,TRUP.OQ,78.4379734051507
2026-02-13,TRV.N,10.6795358806778
2026-02-17,TEX.N,20.7934475661705
2026-02-17,TFC.N,13.6631688605388
2026-02-17,TGLS.N,13.9006324618663
2026-02-17,TGNA.N,9.89732942749069
2026-02-17,TGT.N,14.1409729047602
2026-02-17,TGTX.OQ,10.4606125181783
2026-02-17,THC.N,16.0626295124503
2026-02-17,THG.N,14.5681313072015
2026-02-17,THO.N,21.7044384527244
2026-02-17,TIGO.OQ,10.1382756661475
2026-02-17,TJX.N,34.663380745118
2026-02-17,TKO.N,87.8482325005853
2026-02-17,TKR.N,25.7022205120962
2026-02-17,TLN.OQ,88.7284194650427
2026-02-17,TMDX.OQ,56.2146085729168
2026-02-17,TMHC.N,8.19756011524019
2026-02-17,TMO.N,28.2765770453432
2026-02-17,TMUS.OQ,22.6017598929656
2026-02-17,TNET.N,13.149028621808
2026-02-17,TNK.N,7.68150656644916
2026-02-17,TNL.N,12.0146761759492
2026-02-17,TOL.N,12.0849420279806
2026-02-17,TOST.N,62.3689372928364
2026-02-17,TOWN.OQ,16.5509610893707
2026-02-17,TPB.N,40.9275512597366
2026-02-17,TPG.OQ,169.767610222254
2026-02-17,TPH.N,13.6734265961437
2026-02-17,TPL.N,61.802060068669
2026-02-17,TPR.N,63.4878058845377
2026-02-17,TREE.OQ,37.9652214965772
2026-02-17,TREX.N,22.9642603447621
2026-02-17,TRGP.N,30.1943130386553
2026-02-17,TRIP.OQ,34.6984461416908
2026-02-17,TRMB.OQ,37.288501528357
2026-02-17,TRMK.OQ,12.1071981371879
2026-02-17,TRN.N,28.0695517274813
2026-02-17,TRNO.N,17.001263728925
2026-02-17,TROW.OQ,10.1472821595614
2026-02-17,TRS.OQ,34.010190040537
2026-02-17,TRU.N,32.5241523465673
2026-02-17,TRUP.OQ,64.9097666920425
2026-02-17,TRV.N,10.8617569816635
2026-02-18,TEX.N,20.6588331019959
2026-02-18,TFC.N,13.7914246601876
2026-02-18,TGLS.N,13.689898561546
2026-02-18,TGNA.N,9.93051012959434
2026-02-18,TGT.N,14.0341936344994
2026-02-18,TGTX.OQ,10.5218067414436
2026-02-18,THC.N,14.9613715784941
2026-02-18,THG.N,14.5281615842666
2026-02-18,THO.N,21.8254493474866
2026-02-18,TIGO.OQ,9.87486427421739
2026-02-18,TJX.N,34.7207960409945
2026-02-18,TKO.N,89.1608976288419
2026-02-18,TKR.N,26.1137872419184
2026-02-18,TLN.OQ,86.9025719541596
2026-02-18,TMDX.OQ,56.9203367331507
2026-02-18,TMHC.N,8.11810072801654
2026-02-18,TMO.N,28.9513724504206
2026-02-18,TMUS.OQ,21.9472032110328
2026-02-18,TNET.N,13.3914795805913
2026-02-18,TNK.N,7.78126639198746
2026-02-18,TNL.N,12.4318753349549
2026-02-18,TOL.N,11.430873933178
2026-02-18,TOST.N,62.3914857155742
2026-02-18,TOWN.OQ,16.2652869664582
2026-02-18,TPB.N,40.9244651828809
2026-02-18,TPG.OQ,89.787050736988
2026-02-18,TPH.N,13.6852394916911
2026-02-18,TPL.N,63.8731435975402
2026-02-18,TPR.N,63.9623653695375
2026-02-18,TREE.OQ,38.6340388700921
2026-02-18,TREX.N,22.7148256397187
2026-02-18,TRGP.N,30.6426034770107
2026-02-18,TRIP.OQ,34.4350803265736
2026-02-18,TRMB.OQ,38.0157494630865
2026-02-18,TRMK.OQ,12.0396657959497
2026-02-18,TRN.N,27.7059564978508
2026-02-18,TRNO.N,16.8548561095643
2026-02-18,TROW.OQ,10.2684308219504
2026-02-18,TRS.OQ,34.4285767414184
2026-02-18,TRU.N,32.7012191698589
2026-02-18,TRUP.OQ,64.5739107070888
2026-02-18,TRV.N,10.833806733106
2026-02-19,TEX.N,20.6289187766237
2026-02-19,TFC.N,13.5532353179828
2026-02-19,TGLS.N,13.432334905599
2026-02-19,TGNA.N,9.89258932719016
2026-02-19,TGT.N,14.0341936344994
2026-02-19,TGTX.OQ,10.6045989258614
2026-02-19,THC.N,14.7244428462694
2026-02-19,THG.N,14.5822872507409
2026-02-19,THO.N,21.4113651919724
2026-02-19,TIGO.OQ,9.79369681042496
2026-02-19,TJX.N,34.5617998370289
2026-02-19,TKO.N,87.2378850205679
2026-02-19,TKR.N,26.084563568795
2026-02-19,TLN.OQ,86.8500131397036
2026-02-19,TMDX.OQ,55.8197368642145
2026-02-19,TMHC.N,8.6380713757825
2026-02-19,TMO.N,29.0393157112327
2026-02-19,TMUS.OQ,22.1581845314671
2026-02-19,TNET.N,13.4387102868478
2026-02-19,TNK.N,7.31976236776332
2026-02-19,TNL.N,22.0392920074692
2026-02-19,TOL.N,11.4451625255944
2026-02-19,TOST.N,49.0871634581232
2026-02-19,TOWN.OQ,16.2244763774707
2026-02-19,TPB.N,40.8257107234999
2026-02-19,TPG.OQ,83.4940909857097
2026-02-19,TPH.N,13.6763798200305
2026-02-19,TPL.N,69.7744119380555
2026-02-19,TPR.N,62.8481822308423
2026-02-19,TREE.OQ,37.7586749547565
2026-02-19,TREX.N,22.5141933769663
2026-02-19,TRGP.N,30.1768122107315
2026-02-19,TRIP.OQ,34.7972083223598
2026-02-19,TRMB.OQ,38.28846743861
2026-02-19,TRMK.OQ,11.9613282801133
2026-02-19,TRN.N,27.5928379819657
2026-02-19,TRNO.N,16.6904686071241
2026-02-19,TROW.OQ,10.2067748062703
2026-02-19,TRS.OQ,35.3676224478411
2026-02-19,TRU.N,32.8739672901434
2026-02-19,TRUP.OQ,64.5963011060857
2026-02-19,TRV.N,10.886077327811
2026-02-20,TEX.N,20.3925956061839
2026-02-20,TFC.N,13.6945784441263
2026-02-20,TGLS.N,13.3360737412552
2026-02-20,TGNA.N,9.87362892598808
2026-02-20,TGT.N,14.1591739167364
2026-02-20,TGTX.OQ,10.6297965472059
2026-02-20,THC.N,14.8419388388168
2026-02-20,THG.N,14.6489034556324
2026-02-20,THO.N,21.4888877964294
2026-02-20,TIGO.OQ,10.1198981271756
2026-02-20,TJX.N,34.9416241020579
2026-02-20,TKO.N,88.2579177953915
2026-02-20,TKR.N,26.3402707086254
2026-02-20,TLN.OQ,87.3504644599582
2026-02-20,TMDX.OQ,56.3952413758339
2026-02-20,TMHC.N,8.74364923430302
2026-02-20,TMO.N,28.803109132513
2026-02-20,TMUS.OQ,22.1746513662327
2026-02-20,TNET.N,12.116250511666
2026-02-20,TNK.N,7.21970877470011
2026-02-20,TNL.N,22.2613798081278
2026-02-20,TOL.N,11.5737598573427
2026-02-20,TOST.N,48.0748739077929
2026-02-20,TOWN.OQ,16.3060975554457
2026-02-20,TPB.N,41.8225135478774
2026-02-20,TPG.OQ,83.3629876575581
2026-02-20,TPH.N,13.6763798200305
2026-02-20,TPL.N,71.684546694334
2026-02-20,TPR.N,64.8248256509718
2026-02-20,TREE.OQ,38.3094657329452
2026-02-20,TREX.N,22.6280657423123
2026-02-20,TRGP.N,27.2182234447318
2026-02-20,TRIP.OQ,35.5873057677113
2026-02-20,TRMB.OQ,38.4191448018818
2026-02-20,TRMK.OQ,12.0801852006926
2026-02-20,TRN.N,11.0732888966292
2026-02-20,TRNO.N,16.9216385324306
2026-02-20,TROW.OQ,10.3171066238031
2026-02-20,TRS.OQ,34.4750641526275
2026-02-20,TRU.N,32.9085169142003
2026-02-20,TRUP.OQ,65.0664994850208
2026-02-20,TRV.N,11.0686614190378
2026-02-23,TEX.N,20.2370411142488
2026-02-23,TFC.N,13.1108836824596
2026-02-23,TGLS.N,12.8573695726264
2026-02-23,TGNA.N,9.86888882568755
2026-02-23,TGT.N,13.7526846492665
2026-02-23,TGTX.OQ,11.004161207182
2026-02-23,THC.N,15.0917792185742
2026-02-23,THG.N,9.60756009075556
2026-02-23,THO.N,20.4262608767996
2026-02-23,TIGO.OQ,10.2715128236935
2026-02-23,TJX.N,34.8223769490837
2026-02-23,TKO.N,86.0966188421792
2026-02-23,TKR.N,26.2599056075358
2026-02-23,TLN.OQ,84.0575404760001
2026-02-23,TMDX.OQ,56.5632718901753
2026-02-23,TMHC.N,8.58528244652224
2026-02-23,TMO.N,29.1137292396121
2026-02-23,TMUS.OQ,22.6367519168425
2026-02-23,TNET.N,10.6583960452155
2026-02-23,TNK.N,7.11470203346545
2026-02-23,TNL.N,21.755837840839
2026-02-23,TOL.N,11.3194229123295
2026-02-23,TOST.N,44.5229807487391
2026-02-23,TOWN.OQ,15.6485936217584
2026-02-23,TPB.N,41.8873211618462
2026-02-23,TPG.OQ,79.2987844848576
2026-02-23,TPH.N,13.6822862678042
2026-02-23,TPL.N,72.1104551197204
2026-02-23,TPR.N,63.1246647134074
2026-02-23,TREE.OQ,32.6933669053427
2026-02-23,TREX.N,21.8418041720666
2026-02-23,TRGP.N,27.2794012108492
2026-02-23,TRIP.OQ,33.1182512509876
2026-02-23,TRMB.OQ,37.1691874140654
2026-02-23,TRMK.OQ,11.6209652802727
2026-02-23,TRN.N,10.9561279903738
2026-02-23,TRNO.N,16.8831102115462
2026-02-23,TROW.OQ,10.0661558231403
2026-02-23,TRS.OQ,33.9451076648444
2026-02-23,TRU.N,30.7621215196652
2026-02-23,TRUP.OQ,60.8123236756079
2026-02-23,TRV.N,11.0853589701241
2026-02-12,TSCO.OQ,26.262187469833
2026-02-12,TSLA.OQ,387.723228811275
2026-02-12,TSN.N,112.329447667713
2026-02-12,TT.N,35.032738815316
2026-02-12,TTC.N,31.0620357104537
2026-02-12,TTD.OQ,29.8252019533568
2026-02-12,TTEK.OQ,26.7448662756686
2026-02-12,TTI.N,11.5436651682451
2026-02-12,TTMI.OQ,76.5804621535093
2026-02-12,TW.OQ,30.748719797288
2026-02-12,TWLO.N,264.861104447536
2026-02-12,TXN.OQ,40.941695720583
2026-02-12,TXNM.N,34.6757264067644
2026-02-12,TXRH.OQ,27.7843535846123
2026-02-12,TXT.N,19.2716769774204
2026-02-12,TYL.N,39.9323887231068
2026-02-12,UAL.OQ,10.9324488685466
2026-02-12,UBER.N,9.12398472930385
2026-02-12,UBSI.OQ,13.4367209268221
2026-02-12,UCB.N,13.6634611200557
2026-02-12,UDR.N,87.3475365569006
2026-02-12,UE.N,27.8054292555624
2026-02-12,UFPI.OQ,21.2080332954078
2026-02-12,UFPT.OQ,28.7194350869003
2026-02-12,UGI.N,14.1187063633814
2026-02-12,UHALb.N,74.3479122520847
2026-02-12,UHS.N,11.1217500184135
2026-02-12,UI.N,48.1162181666527
2026-02-12,ULTA.OQ,25.5736123925345
2026-02-12,UMBF.OQ,14.1125679425125
2026-02-12,UNF.N,31.0908997115114
2026-02-12,UNH.N,21.5533380123058
2026-02-12,UNIT.OQ,1.58940553869424
2026-02-12,UNM.N,13.795790355414
2026-02-12,UNP.N,21.8444941059838
2026-02-13,TSCO.OQ,26.5614441548412
2026-02-13,TSLA.OQ,388.067194080079
2026-02-13,TSN.N,113.447241887121
2026-02-13,TT.N,35.3994622404215
2026-02-13,TTC.N,31.5858900158419
2026-02-13,TTD.OQ,29.4486787458354
2026-02-13,TTEK.OQ,27.521112394438
2026-02-13,TTI.N,11.9364552873914
2026-02-13,TTMI.OQ,76.1408689016804
2026-02-13,TW.OQ,30.0595837618346
2026-02-13,TWLO.N,573.342127961845
2026-02-13,TXN.OQ,41.521856072498
2026-02-13,TXNM.N,34.6640313894265
2026-02-13,TXRH.OQ,27.6285705994743
2026-02-13,TXT.N,19.1428738705334
2026-02-13,TYL.N,42.2834804504636
2026-02-13,UAL.OQ,10.681645143414
2026-02-13,UBER.N,8.96640959286684
2026-02-13,UBSI.OQ,13.4794935718825
2026-02-13,UCB.N,13.6713727941264
2026-02-13,UDR.N,87.1644660060871
2026-02-13,UE.N,27.9399499582986
2026-02-13,UFPI.OQ,21.2358288829509
2026-02-13,UFPT.OQ,28.54408999964
2026-02-13,UGI.N,14.303216378585
2026-02-13,UHALb.N,75.7504154153391
2026-02-13,UHS.N,11.1578642248395
2026-02-13,UI.N,49.0688931184567
2026-02-13,ULTA.OQ,26.1953396520551
2026-02-13,UMBF.OQ,14.0884981313074
2026-02-13,UNF.N,31.6557078024203
2026-02-13,UNH.N,22.2218348342931
2026-02-13,UNIT.OQ,1.64652172286046
2026-02-13,UNM.N,13.9555269847763
2026-02-13,UNP.N,21.7535344903842
2026-02-17,TSCO.OQ,25.4319915049715
2026-02-17,TSLA.OQ,381.736373862358
2026-02-17,TSN.N,111.60199428683
2026-02-17,TT.N,35.791293285918
2026-02-17,TTC.N,31.6142917552906
2026-02-17,TTD.OQ,28.8211400666332
2026-02-17,TTEK.OQ,26.6473667631662
2026-02-17,TTI.N,11.8164360843189
2026-02-17,TTMI.OQ,75.4026840070998
2026-02-17,TW.OQ,30.3007813742433
2026-02-17,TWLO.N,550.459181084783
2026-02-17,TXN.OQ,41.4355663999031
2026-02-17,TXNM.N,34.6932689327712
2026-02-17,TXRH.OQ,28.5449411002861
2026-02-17,TXT.N,19.4570753888488
2026-02-17,TYL.N,43.4715469209741
2026-02-17,UAL.OQ,11.1439397863671
2026-02-17,UBER.N,14.8949874871968
2026-02-17,UBSI.OQ,13.5100454612113
2026-02-17,UCB.N,13.7940037422218
2026-02-17,UDR.N,86.9585116364219
2026-02-17,UE.N,28.2493475745917
2026-02-17,UFPI.OQ,20.7262431113269
2026-02-17,UFPT.OQ,28.5812492234303
2026-02-17,UGI.N,14.2404829734158
2026-02-17,UHALb.N,76.6041129929722
2026-02-17,UHS.N,11.1725950195658
2026-02-17,UI.N,47.3986454025256
2026-02-17,ULTA.OQ,27.0930494188843
2026-02-17,UMBF.OQ,13.9790898985567
2026-02-17,UNF.N,31.5168205669509
2026-02-17,UNH.N,21.9110823433466
2026-02-17,UNIT.OQ,1.64061315208464
2026-02-17,UNM.N,14.2029239595204
2026-02-17,UNP.N,21.9304467702661
2026-02-18,TSCO.OQ,25.3595906940824
2026-02-18,TSLA.OQ,382.377822606885
2026-02-18,TSN.N,113.482727417895
2026-02-18,TT.N,34.9558942801797
2026-02-18,TTC.N,31.3144956166649
2026-02-18,TTD.OQ,29.0949751266487
2026-02-18,TTEK.OQ,27.719861400693
2026-02-18,TTI.N,12.1655828568935
2026-02-18,TTMI.OQ,57.8650820530188
2026-02-18,TW.OQ,30.9978689793365
2026-02-18,TWLO.N,561.266426505657
2026-02-18,TXN.OQ,41.0004461359668
2026-02-18,TXNM.N,34.6464888634197
2026-02-18,TXRH.OQ,28.540359247782
2026-02-18,TXT.N,19.5644113112547
2026-02-18,TYL.N,44.1337479045373
2026-02-18,UAL.OQ,11.4283536153298
2026-02-18,UBER.N,15.3680453628713
2026-02-18,UBSI.OQ,13.4153346042919
2026-02-18,UCB.N,13.1959266740232
2026-02-18,UDR.N,33.9113782648013
2026-02-18,UE.N,27.7785251150152
2026-02-18,UFPI.OQ,20.6391502703584
2026-02-18,UFPT.OQ,28.5464124511269
2026-02-18,UGI.N,14.0559729582122
2026-02-18,UHALb.N,78.6316447398509
2026-02-18,UHS.N,11.180673197319
2026-02-18,UI.N,48.1891339176134
2026-02-18,ULTA.OQ,26.4260916928882
2026-02-18,UMBF.OQ,13.9889366395042
2026-02-18,UNF.N,31.9109957685689
2026-02-18,UNH.N,21.8436263148241
2026-02-18,UNIT.OQ,1.61500934538944
2026-02-18,UNM.N,17.2365925849242
2026-02-18,UNP.N,22.1140349852378
2026-02-19,TSCO.OQ,25.079640891978
2026-02-19,TSLA.OQ,382.740380592922
2026-02-19,TSN.N,114.13920973723
2026-02-19,TT.N,35.2792499973371
2026-02-19,TTC.N,31.6994969736369
2026-02-19,TTD.OQ,28.7983204782986
2026-02-19,TTEK.OQ,27.8698606506967
2026-02-19,TTI.N,12.26378038668
2026-02-19,TTMI.OQ,61.8184057390929
2026-02-19,TW.OQ,31.527973621993
2026-02-19,TWLO.N,562.991526713684
2026-02-19,TXN.OQ,40.0329002326149
2026-02-19,TXNM.N,34.4067410079936
2026-02-19,TXRH.OQ,27.8775179188615
2026-02-19,TXT.N,19.3263207197361
2026-02-19,TYL.N,44.3890343596547
2026-02-19,UAL.OQ,10.7559250437616
2026-02-19,UBER.N,15.4039470766502
2026-02-19,UBSI.OQ,13.4642176272181
2026-02-19,UCB.N,13.1921084082032
2026-02-19,UDR.N,33.4503608347962
2026-02-19,UE.N,27.7381689041944
2026-02-19,UFPI.OQ,20.4853480192864
2026-02-19,UFPT.OQ,25.8755932412017
2026-02-19,UGI.N,14.1703691676384
2026-02-19,UHALb.N,78.5401771422474
2026-02-19,UHS.N,10.9292993131173
2026-02-19,UI.N,48.9789409770847
2026-02-19,ULTA.OQ,26.5552668386702
2026-02-19,UMBF.OQ,13.798566314518
2026-02-19,UNF.N,31.1649729037617
2026-02-19,UNH.N,21.9747487073454
2026-02-19,UNIT.OQ,1.63667410490076
2026-02-19,UNM.N,17.2860013269776
2026-02-19,UNP.N,21.9446331323321
2026-02-20,TSCO.OQ,25.7094866840782
2026-02-20,TSLA.OQ,382.842640537701
2026-02-20,TSN.N,113.305299764021
2026-02-20,TT.N,35.5402170820076
2026-02-20,TTC.N,32.1129000700576
2026-02-20,TTD.OQ,28.6385833599562
2026-02-20,TTEK.OQ,27.239863800681
2026-02-20,TTI.N,12.1219395103216
2026-02-20,TTMI.OQ,66.4614058314604
2026-02-20,TW.OQ,31.6658008290837
2026-02-20,TWLO.N,574.052463341621
2026-02-20,TXN.OQ,40.3413399133799
2026-02-20,TXNM.N,34.5295386900411
2026-02-20,TXRH.OQ,29.3360106831507
2026-02-20,TXT.N,19.6658925469839
2026-02-20,TYL.N,44.0362002264251
2026-02-20,UAL.OQ,11.0471804424932
2026-02-20,UBER.N,15.5982387041593
2026-02-20,UBSI.OQ,13.5283765948086
2026-02-20,UCB.N,13.2646554587837
2026-02-20,UDR.N,32.9538805255599
2026-02-20,UE.N,28.2493475745917
2026-02-20,UFPI.OQ,20.3408109640622
2026-02-20,UFPT.OQ,27.1134598837148
2026-02-20,UGI.N,14.1297769642936
2026-02-20,UHALb.N,78.9212921322621
2026-02-20,UHS.N,10.9525834725235
2026-02-20,UI.N,51.1309778138495
2026-02-20,ULTA.OQ,26.1757908911207
2026-02-20,UMBF.OQ,13.8784343244261
2026-02-20,UNF.N,31.4678793506426
2026-02-20,UNH.N,21.9800542376787
2026-02-20,UNIT.OQ,1.6898512418831
2026-02-20,UNM.N,17.3283516773092
2026-02-20,UNP.N,22.2058290927237
2026-02-23,TSCO.OQ,26.1609561443537
2026-02-23,TSLA.OQ,371.696306556722
2026-02-23,TSN.N,111.708450879154
2026-02-23,TT.N,34.9939361292571
2026-02-23,TTC.N,31.7563004525344
2026-02-23,TTD.OQ,27.5774725023961
2026-02-23,TTEK.OQ,25.1548742256289
2026-02-23,TTI.N,12.0128311438921
2026-02-23,TTMI.OQ,65.7963607253918
2026-02-23,TW.OQ,31.2761739167312
2026-02-23,TWLO.N,550.509919326196
2026-02-23,TXN.OQ,40.3652072696295
2026-02-23,TXNM.N,34.4242835340003
2026-02-23,TXRH.OQ,29.1900032482553
2026-02-23,TXT.N,19.2814347885482
2026-02-23,TYL.N,44.0945428783764
2026-02-23,UAL.OQ,10.4744433161284
2026-02-23,UBER.N,14.9351129320085
2026-02-23,UBSI.OQ,12.9967737204869
2026-02-23,UCB.N,12.7186434465195
2026-02-23,UDR.N,33.1311949217157
2026-02-23,UE.N,28.1417310124028
2026-02-23,UFPI.OQ,19.7015124505702
2026-02-23,UFPT.OQ,28.0772772507748
2026-02-23,UGI.N,13.8198001387515
2026-02-23,UHALb.N,76.8175373873805
2026-02-23,UHS.N,11.0528479140482
2026-02-23,UI.N,49.4941214231246
2026-02-23,ULTA.OQ,25.6767225237374
2026-02-23,UMBF.OQ,13.1344583417213
2026-02-23,UNF.N,30.9586261539214
2026-02-23,UNH.N,21.399477632642
2026-02-23,UNIT.OQ,1.58743601510231
2026-02-23,UNM.N,16.6672156526895
2026-02-23,UNP.N,22.0105579913446
2026-02-12,UPBD.OQ,13.5317720275139
2026-02-12,UPS.N,18.2552456580593
2026-02-12,UPST.OQ,62.3103754308477
2026-02-12,UPWK.OQ,7.79128160936618
2026-02-12,URBN.OQ,12.9061533952864
2026-02-12,URI.N,22.4999922365633
2026-02-12,USB.N,12.5232252448125
2026-02-12,USFD.N,42.4289072413721
2026-02-12,UTHR.OQ,18.0280228923669
2026-02-12,UTI.N,29.4679371406033
2026-02-12,UWMC.N,57.6757884402994
2026-02-12,V.N,30.4259520663143
2026-02-12,VAC.N,11.9100280157102
2026-02-12,VAL.N,15.8516447262832
2026-02-12,VC.OQ,8.24456240496317
2026-02-12,VCEL.OQ,181.463675213675
2026-02-12,VCTR.OQ,18.5795683793066
2026-02-12,VCYT.OQ,92.724490872639
2026-02-12,VECO.OQ,39.4324085873934
2026-02-12,VEEV.N,33.4544506732127
2026-02-12,VERX.OQ,261.577500528653
2026-02-12,VFC.N,36.3603603603604
2026-02-12,VICI.N,11.0575862042724
2026-02-12,VICR.OQ,90.2117331810494
2026-02-12,VIK.N,35.3602130552824
2026-02-12,VIRT.N,8.14560237152095
2026-02-12,VISN.OQ,18.5375697384561
2026-02-12,VITL.OQ,21.0100918196362
2026-02-12,VLO.N,40.9885887236107
2026-02-12,VLTO.N,25.2070441602859
2026-02-12,VLY.OQ,13.1554219131742
2026-02-12,VMC.N,38.0410378094261
2026-02-12,VMI.N,40.2148947943173
2026-02-12,VNO.N,6.99192414893871
2026-02-12,VNOM.OQ,18.0669630315149
2026-02-12,VNT.N,15.4618540268764
2026-02-12,VOYA.N,12.7068289345298
2026-02-12,VRRM.OQ,57.5701636369325
2026-02-12,VRSK.OQ,27.5280432328688
2026-02-12,VRSN.OQ,24.7877728046942
2026-02-12,VRT.N,89.1642664334293
2026-02-13,UPBD.OQ,13.8593187029152
2026-02-13,UPS.N,18.4361437474972
2026-02-13,UPST.OQ,63.3217064663268
2026-02-13,UPWK.OQ,7.85962618488693
2026-02-13,URBN.OQ,13.2691744107999
2026-02-13,URI.N,22.502838830019
2026-02-13,USB.N,12.4929079089267
2026-02-13,USFD.N,33.9674975271335
2026-02-13,UTHR.OQ,17.9344996601737
2026-02-13,UTI.N,31.5023561894086
2026-02-13,UWMC.N,60.0073628666094
2026-02-13,V.N,29.4780153772225
2026-02-13,VAC.N,12.0530109069137
2026-02-13,VAL.N,17.1124291588945
2026-02-13,VC.OQ,8.80146875663108
2026-02-13,VCEL.OQ,192.094017094017
2026-02-13,VCTR.OQ,18.3876713542025
2026-02-13,VCYT.OQ,94.3600295452147
2026-02-13,VECO.OQ,41.1846877757083
2026-02-13,VEEV.N,33.8668202029947
2026-02-13,VERX.OQ,269.613026009727
2026-02-13,VFC.N,36.5765765765766
2026-02-13,VICI.N,11.1489083202058
2026-02-13,VICR.OQ,85.6377254057853
2026-02-13,VIK.N,35.3931500468176
2026-02-13,VIRT.N,8.30812436616422
2026-02-13,VISN.OQ,18.992600799272
2026-02-13,VITL.OQ,21.5408411618861
2026-02-13,VLO.N,41.6671870641671
2026-02-13,VLTO.N,25.3605117046408
2026-02-13,VLY.OQ,13.3433565119338
2026-02-13,VMC.N,38.7181474846498
2026-02-13,VMI.N,40.9041897256331
2026-02-13,VNO.N,7.12056602425138
2026-02-13,VNOM.OQ,18.2818000033052
2026-02-13,VNT.N,15.1371909807118
2026-02-13,VOYA.N,12.7771366249908
2026-02-13,VRRM.OQ,57.4762992396984
2026-02-13,VRSK.OQ,27.8679146046265
2026-02-13,VRSN.OQ,24.8877647371633
2026-02-13,VRT.N,88.4178064632878
2026-02-17,UPBD.OQ,13.7842559231357
2026-02-17,UPS.N,17.8594344538192
2026-02-17,UPST.OQ,65.9841902127923
2026-02-17,UPWK.OQ,15.5710398184192
2026-02-17,URBN.OQ,13.541440172435
2026-02-17,URI.N,22.3400654405957
2026-02-17,USB.N,12.5968530605351
2026-02-17,USFD.N,33.0089431087755
2026-02-17,UTHR.OQ,18.2661852933771
2026-02-17,UTI.N,32.2393141101493
2026-02-17,UWMC.N,59.3937906491594
2026-02-17,V.N,29.9867101153292
2026-02-17,VAC.N,12.8662261006331
2026-02-17,VAL.N,15.8641277404674
2026-02-17,VC.OQ,8.74443617844823
2026-02-17,VCEL.OQ,196.688034188034
2026-02-17,VCTR.OQ,18.5303640138953
2026-02-17,VCYT.OQ,95.0459006014562
2026-02-17,VECO.OQ,42.0914616214097
2026-02-17,VEEV.N,34.3939529509708
2026-02-17,VERX.OQ,260.943116938042
2026-02-17,VFC.N,36.1981981981982
2026-02-17,VICI.N,11.3619932573838
2026-02-17,VICR.OQ,86.3625381624898
2026-02-17,VIK.N,36.2306906887125
2026-02-17,VIRT.N,8.46847940087892
2026-02-17,VISN.OQ,18.8936810034424
2026-02-17,VITL.OQ,21.411944893054
2026-02-17,VLO.N,41.078097093684
2026-02-17,VLTO.N,25.2673349812824
2026-02-17,VLY.OQ,13.2741174492329
2026-02-17,VMC.N,35.7131040220078
2026-02-17,VMI.N,38.2046663803927
2026-02-17,VNO.N,6.91330966958096
2026-02-17,VNOM.OQ,18.1785129976368
2026-02-17,VNT.N,14.7133930997012
2026-02-17,VOYA.N,12.7565587643681
2026-02-17,VRRM.OQ,57.194706047996
2026-02-17,VRSK.OQ,27.2666037161321
2026-02-17,VRSN.OQ,24.5718811323177
2026-02-17,VRT.N,71.4191450113934
2026-02-18,UPBD.OQ,14.2482803799541
2026-02-18,UPS.N,17.7096694001864
2026-02-18,UPST.OQ,65.0760562217498
2026-02-18,UPWK.OQ,16.7547317168414
2026-02-18,URBN.OQ,13.2597207385209
2026-02-18,URI.N,22.7774057078857
2026-02-18,USB.N,12.7246189760536
2026-02-18,USFD.N,32.8321883933336
2026-02-18,UTHR.OQ,18.0249937998262
2026-02-18,UTI.N,32.3846297564925
2026-02-18,UWMC.N,59.0256473186894
2026-02-18,V.N,30.0617942095146
2026-02-18,VAC.N,13.1722988521155
2026-02-18,VAL.N,16.2279184395519
2026-02-18,VC.OQ,8.90211448283613
2026-02-18,VCEL.OQ,199.839743589744
2026-02-18,VCTR.OQ,18.611551216824
2026-02-18,VCYT.OQ,96.5759206499947
2026-02-18,VECO.OQ,35.9278502107637
2026-02-18,VEEV.N,35.2556496570719
2026-02-18,VERX.OQ,255.656587016282
2026-02-18,VFC.N,37.2612612612613
2026-02-18,VICI.N,11.3087220230893
2026-02-18,VICR.OQ,85.445540205144
2026-02-18,VIK.N,37.3834853924443
2026-02-18,VIRT.N,8.52915427887908
2026-02-18,VISN.OQ,18.7057333913663
2026-02-18,VITL.OQ,20.8281206165791
2026-02-18,VLO.N,41.5193941740459
2026-02-18,VLTO.N,25.8373572888862
2026-02-18,VLY.OQ,13.1257480291595
2026-02-18,VMC.N,35.3751400305349
2026-02-18,VMI.N,27.9397983534697
2026-02-18,VNO.N,7.08244991304762
2026-02-18,VNOM.OQ,18.4305332914677
2026-02-18,VNT.N,14.8329258353708
2026-02-18,VOYA.N,12.9469039751282
2026-02-18,VRRM.OQ,57.7891805638121
2026-02-18,VRSK.OQ,28.3077481445484
2026-02-18,VRSN.OQ,24.8332236830892
2026-02-18,VRT.N,71.3252997914876
2026-02-19,UPBD.OQ,15.1490337373076
2026-02-19,UPS.N,17.6212125602612
2026-02-19,UPST.OQ,63.2597882396648
2026-02-19,UPWK.OQ,16.2544083370959
2026-02-19,URBN.OQ,13.0403955416482
2026-02-19,URI.N,23.0051331843444
2026-02-19,USB.N,12.5362183887635
2026-02-19,USFD.N,32.7608066813282
2026-02-19,UTHR.OQ,18.1942443455362
2026-02-19,UTI.N,32.9243735857674
2026-02-19,UWMC.N,58.9029328751994
2026-02-19,V.N,29.933212698222
2026-02-19,VAC.N,13.1142120525641
2026-02-19,VAL.N,16.4936283129028
2026-02-19,VC.OQ,7.8759474327372
2026-02-19,VCEL.OQ,203.899572649573
2026-02-19,VCTR.OQ,18.6927384197526
2026-02-19,VCYT.OQ,95.7053920016883
2026-02-19,VECO.OQ,35.5234780903833
2026-02-19,VEEV.N,35.51240804354
2026-02-19,VERX.OQ,270.881793190949
2026-02-19,VFC.N,37.4954954954955
2026-02-19,VICI.N,11.3657983455477
2026-02-19,VICR.OQ,83.924531617211
2026-02-19,VIK.N,36.2495118267326
2026-02-19,VIRT.N,8.53132123880765
2026-02-19,VISN.OQ,18.339730146797
2026-02-19,VITL.OQ,20.8887776842648
2026-02-19,VLO.N,41.4735991940084
2026-02-19,VLTO.N,25.7551425329818
2026-02-19,VLY.OQ,13.0169437877724
2026-02-19,VMC.N,35.7875506355141
2026-02-19,VMI.N,28.4802081068832
2026-02-19,VNO.N,6.99907091978941
2026-02-19,VNOM.OQ,18.628844342351
2026-02-19,VNT.N,14.854659060038
2026-02-19,VOYA.N,12.7617032295237
2026-02-19,VRRM.OQ,57.695316166578
2026-02-19,VRSK.OQ,28.3689365621273
2026-02-19,VRSN.OQ,24.6139231948331
2026-02-19,VRT.N,71.2813098446568
2026-02-20,UPBD.OQ,18.2156936436985
2026-02-20,UPS.N,17.8027015939008
2026-02-20,UPST.OQ,60.452828630988
2026-02-20,UPWK.OQ,16.0713631981647
2026-02-20,URBN.OQ,12.9231700053886
2026-02-20,URI.N,23.5260597867436
2026-02-20,USB.N,12.7029637361352
2026-02-20,USFD.N,32.872977943051
2026-02-20,UTHR.OQ,17.9254123825517
2026-02-20,UTI.N,31.7307093479479
2026-02-20,UWMC.N,56.6940728923794
2026-02-20,V.N,30.1228000360403
2026-02-20,VAC.N,13.1588942060652
2026-02-20,VAL.N,6.84198829966408
2026-02-20,VC.OQ,12.7817283604142
2026-02-20,VCEL.OQ,203.472222222222
2026-02-20,VCTR.OQ,18.5967899072006
2026-02-20,VCYT.OQ,93.9907143610847
2026-02-20,VECO.OQ,35.9278502107637
2026-02-20,VEEV.N,35.072806563678
2026-02-20,VERX.OQ,269.401564812857
2026-02-20,VFC.N,38.2522522522523
2026-02-20,VICI.N,11.4495102851533
2026-02-20,VICR.OQ,65.2777404479325
2026-02-20,VIK.N,37.0776418996175
2026-02-20,VIRT.N,8.62883443559362
2026-02-20,VISN.OQ,18.765085268864
2026-02-20,VITL.OQ,20.6006566127577
2026-02-20,VLO.N,41.7900008742678
2026-02-20,VLTO.N,25.5084982652687
2026-02-20,VLY.OQ,13.2147696812036
2026-02-20,VMC.N,37.4763233454576
2026-02-20,VMI.N,28.9407846012697
2026-02-20,VNO.N,6.92522095433213
2026-02-20,VNOM.OQ,18.8560757548214
2026-02-20,VNT.N,14.836548039482
2026-02-20,VOYA.N,12.8131478810805
2026-02-20,VRRM.OQ,59.2597227871468
2026-02-20,VRSK.OQ,28.1544995518421
2026-02-20,VRSN.OQ,24.5332478856819
2026-02-20,VRT.N,71.4836636000786
2026-02-23,UPBD.OQ,17.0802114235908
2026-02-23,UPS.N,17.5419064279145
2026-02-23,UPST.OQ,56.2630286268601
2026-02-23,UPWK.OQ,15.2659645868671
2026-02-23,URBN.OQ,12.4599400637177
2026-02-23,URI.N,22.8426185761443
2026-02-23,USB.N,12.0857893984607
2026-02-23,USFD.N,32.6758284527504
2026-02-23,UTHR.OQ,17.9670624049859
2026-02-23,UTI.N,33.3810799028461
2026-02-23,UWMC.N,55.5896429009695
2026-02-23,V.N,28.7684706871696
2026-02-23,VAC.N,12.3121673972199
2026-02-23,VAL.N,6.68121050672158
2026-02-23,VC.OQ,13.0788818773499
2026-02-23,VCEL.OQ,204.326923076923
2026-02-23,VCTR.OQ,18.2868024051094
2026-02-23,VCYT.OQ,94.3072702331962
2026-02-23,VECO.OQ,35.2048818743261
2026-02-23,VEEV.N,33.4894631804584
2026-02-23,VERX.OQ,254.38781983506
2026-02-23,VFC.N,35.4594594594595
2026-02-23,VICI.N,11.4989764312839
2026-02-23,VICR.OQ,65.965036227015
2026-02-23,VIK.N,35.9671947564309
2026-02-23,VIRT.N,7.7930229248981
2026-02-23,VISN.OQ,17.7066434534879
2026-02-23,VITL.OQ,19.3875152590436
2026-02-23,VLO.N,41.0885050436926
2026-02-23,VLTO.N,24.6586140048145
2026-02-23,VLY.OQ,12.7696614209834
2026-02-23,VMC.N,38.1514839416121
2026-02-23,VMI.N,28.0859546276884
2026-02-23,VNO.N,6.6822307454082
2026-02-23,VNOM.OQ,18.5751350994034
2026-02-23,VNT.N,14.6445712215883
2026-02-23,VOYA.N,10.9947710508091
2026-02-23,VRRM.OQ,58.1020618879259
2026-02-23,VRSK.OQ,28.0156554444631
2026-02-23,VRSN.OQ,24.0310156794168
2026-02-23,VRT.N,71.9734183414617
2026-02-05,WERN.OQ,93.0764126133654
2026-02-12,VRTX.OQ,32.6735205504092
2026-02-12,VSCO.N,30.6549301461681
2026-02-12,VSEC.OQ,89.2063366441111
2026-02-12,VST.N,59.2096187495916
2026-02-12,VTR.N,157.178172158064
2026-02-12,VVV.N,54.5494028230184
2026-02-12,VVX.N,25.4309949472996
2026-02-12,VZ.N,10.5442909252157
2026-02-12,WAB.N,36.8558860646441
2026-02-12,WAFD.OQ,11.3190305094602
2026-02-12,WAL.N,11.6529915649945
2026-02-12,WAT.N,29.7100614582017
2026-02-12,WAY.OQ,35.1285407274549
2026-02-12,WBD.OQ,150.192348792477
2026-02-12,WBS.N,12.0984394570258
2026-02-12,WCC.N,23.217323919002
2026-02-12,WD.N,18.21079056849
2026-02-12,WDAY.OQ,51.0208418934811
2026-02-12,WDC.OQ,26.840197376066
2026-02-12,WDFC.OQ,36.4016717332155
2026-02-12,WEC.N,21.5485963082226
2026-02-12,WELL.N,156.529194116054
2026-02-12,WEN.OQ,7.70469912461052
2026-02-12,WEX.N,19.836628825682
2026-02-12,WFC.N,13.7812409664916
2026-02-12,WFRD.OQ,16.9401425865428
2026-02-12,WGO.N,35.9339341662476
2026-02-12,WGS.OQ,1464.07233973841
2026-02-12,WH.N,17.8909911673595
2026-02-12,WHD.N,19.9219186501285
2026-02-12,WHR.N,16.0455330378963
2026-02-12,WINA.OQ,39.1649727185193
2026-02-12,WING.OQ,36.5686821887662
2026-02-12,WLDN.OQ,40.4222599097416
2026-02-12,WLY.N,15.3869176460528
2026-02-12,WM.N,34.4930561465906
2026-02-12,WMB.N,33.2888732888733
2026-02-12,WMS.N,27.8944270994384
2026-02-12,WMT.OQ,46.8739587169639
2026-02-12,WPC.N,34.6483265948421
2026-02-13,VRTX.OQ,34.5319666786582
2026-02-13,VSCO.N,31.5163261460605
2026-02-13,VSEC.OQ,89.1052106279046
2026-02-13,VST.N,62.2554109096717
2026-02-13,VTR.N,157.251964727152
2026-02-13,VVV.N,55.7799493304379
2026-02-13,VVX.N,26.1448334443306
2026-02-13,VZ.N,10.4483562119859
2026-02-13,WAB.N,37.1855399571014
2026-02-13,WAFD.OQ,11.3813370994205
2026-02-13,WAL.N,11.52194795096
2026-02-13,WAT.N,30.0389037105297
2026-02-13,WAY.OQ,36.2111590479422
2026-02-13,WBD.OQ,149.551186150887
2026-02-13,WBS.N,12.039199756271
2026-02-13,WCC.N,24.1115964138024
2026-02-13,WD.N,18.3561920248785
2026-02-13,WDAY.OQ,51.1554428371045
2026-02-13,WDC.OQ,26.6021217076828
2026-02-13,WDFC.OQ,37.1779855037456
2026-02-13,WEC.N,21.88118886722
2026-02-13,WEN.OQ,7.92725577057589
2026-02-13,WEX.N,20.4889699767132
2026-02-13,WFC.N,13.8914397875239
2026-02-13,WFRD.OQ,17.0612637649172
2026-02-13,WGO.N,36.0035585812091
2026-02-13,WGS.OQ,1455.67576295818
2026-02-13,WH.N,17.9094164929696
2026-02-13,WHD.N,19.8800145267628
2026-02-13,WHR.N,15.7402756899792
2026-02-13,WINA.OQ,40.6342498484362
2026-02-13,WING.OQ,36.1850375318752
2026-02-13,WLDN.OQ,42.1577222685331
2026-02-13,WLY.N,15.7343124522332
2026-02-13,WM.N,35.0171487273211
2026-02-13,WMB.N,33.8270738270738
2026-02-13,WMS.N,28.4247520439954
2026-02-13,WMT.OQ,46.9616457094755
2026-02-13,WPC.N,35.1697104423705
2026-02-17,VRTX.OQ,31.1301810535817
2026-02-17,VSCO.N,32.496164095938
2026-02-17,VSEC.OQ,93.8009752065389
2026-02-17,VST.N,63.0504388990133
2026-02-17,VTR.N,160.295908202044
2026-02-17,VVV.N,55.8523344191097
2026-02-17,VVX.N,26.6752274113983
2026-02-17,VZ.N,10.4313011518561
2026-02-17,WAB.N,37.9839223968968
2026-02-17,WAFD.OQ,11.4367207349408
2026-02-17,WAL.N,11.6987332038556
2026-02-17,WAT.N,29.8586907247906
2026-02-17,WAY.OQ,39.2812707030556
2026-02-17,WBD.OQ,153.611882880957
2026-02-17,WBS.N,12.1983006668698
2026-02-17,WCC.N,23.0555057546824
2026-02-17,WD.N,18.474887091318
2026-02-17,WDAY.OQ,50.6949659247085
2026-02-17,WDC.OQ,26.8411421207818
2026-02-17,WDFC.OQ,36.6493021531693
2026-02-17,WEC.N,21.8169380319591
2026-02-17,WEN.OQ,8.22639025995393
2026-02-17,WEX.N,18.0813850331535
2026-02-17,WFC.N,13.958517330761
2026-02-17,WFRD.OQ,17.1975250905885
2026-02-17,WGO.N,36.0886550883843
2026-02-17,WGS.OQ,1469.88535443242
2026-02-17,WH.N,18.5013300781925
2026-02-17,WHD.N,19.9009665884456
2026-02-17,WHR.N,15.4793871426315
2026-02-17,WINA.OQ,40.8473306943404
2026-02-17,WING.OQ,41.1038517923552
2026-02-17,WLDN.OQ,41.3564632498778
2026-02-17,WLY.N,15.8358586263475
2026-02-17,WM.N,35.121668615216
2026-02-17,WMB.N,33.6773136773137
2026-02-17,WMS.N,28.3898403705292
2026-02-17,WMT.OQ,45.193875940443
2026-02-17,WPC.N,35.1507510297331
2026-02-18,VRTX.OQ,30.6729980962667
2026-02-18,VSCO.N,33.5567579208054
2026-02-18,VSEC.OQ,95.61244993163
2026-02-18,VST.N,61.9214265488525
2026-02-18,VTR.N,158.174371840756
2026-02-18,VVV.N,56.2866449511401
2026-02-18,VVX.N,27.548582891006
2026-02-18,VZ.N,11.8351211221813
2026-02-18,WAB.N,37.931266491537
2026-02-18,WAFD.OQ,11.4540281210409
2026-02-18,WAL.N,11.7457111032265
2026-02-18,WAT.N,30.4253398036607
2026-02-18,WAY.OQ,41.6229851919801
2026-02-18,WBD.OQ,153.825603761488
2026-02-18,WBS.N,12.2660031820182
2026-02-18,WCC.N,23.1183314715468
2026-02-18,WD.N,19.2137638799043
2026-02-18,WDAY.OQ,50.5214015500361
2026-02-18,WDC.OQ,28.0173492919611
2026-02-18,WDFC.OQ,36.8209723216035
2026-02-18,WEC.N,21.4900146643083
2026-02-18,WEN.OQ,9.61312461806045
2026-02-18,WEX.N,18.6818261399862
2026-02-18,WFC.N,14.1437791168443
2026-02-18,WFRD.OQ,17.6382716007846
2026-02-18,WGO.N,35.9803504428886
2026-02-18,WGS.OQ,1486.19409010173
2026-02-18,WH.N,18.4806015868812
2026-02-18,WHD.N,20.166359369762
2026-02-18,WHR.N,15.3409564848552
2026-02-18,WINA.OQ,39.8068899112014
2026-02-18,WING.OQ,45.5606599341111
2026-02-18,WLDN.OQ,41.7804478427089
2026-02-18,WLY.N,15.8144804844287
2026-02-18,WM.N,34.9484642295615
2026-02-18,WMB.N,33.7615537615538
2026-02-18,WMS.N,28.2535185979472
2026-02-18,WMT.OQ,44.4117079672401
2026-02-18,WPC.N,33.8378117045934
2026-02-19,VRTX.OQ,30.6051706675067
2026-02-19,VSCO.N,33.0183854208727
2026-02-19,VSEC.OQ,98.7737371339128
2026-02-19,VST.N,62.6220676536147
2026-02-19,VTR.N,157.694720141682
2026-02-19,VVV.N,55.9971045964531
2026-02-19,VVX.N,28.262421388037
2026-02-19,VZ.N,11.9804431089053
2026-02-19,WAB.N,38.3042458211688
2026-02-19,WAFD.OQ,11.5197961882213
2026-02-19,WAL.N,11.2709870674788
2026-02-19,WAT.N,30.5303092231891
2026-02-19,WAY.OQ,42.2454462062639
2026-02-19,WBD.OQ,152.436418038042
2026-02-19,WBS.N,12.220303984293
2026-02-19,WCC.N,22.9896153687027
2026-02-19,WD.N,19.2345355165313
2026-02-19,WDAY.OQ,49.5969055951487
2026-02-19,WDC.OQ,26.894047824867
2026-02-19,WDFC.OQ,36.2056942842949
2026-02-19,WEC.N,21.5845011867507
2026-02-19,WEN.OQ,9.77765242325953
2026-02-19,WEX.N,18.180087680852
2026-02-19,WFC.N,13.9856677649283
2026-02-19,WFRD.OQ,17.7543460633935
2026-02-19,WGO.N,35.5626039531196
2026-02-19,WGS.OQ,1464.2338123688
2026-02-19,WH.N,19.5101166553428
2026-02-19,WHD.N,20.5190524080903
2026-02-19,WHR.N,15.1830035548283
2026-02-19,WINA.OQ,40.999619546464
2026-02-19,WING.OQ,42.1194683670626
2026-02-19,WLDN.OQ,42.4451694501136
2026-02-19,WLY.N,15.9801610842994
2026-02-19,WM.N,34.8529031892004
2026-02-19,WMB.N,33.7755937755938
2026-02-19,WMS.N,28.4480264929728
2026-02-19,WMT.OQ,43.7978990196594
2026-02-19,WPC.N,34.0321456841267
2026-02-20,VRTX.OQ,31.1027892073517
2026-02-20,VSCO.N,34.6550378206681
2026-02-20,VSEC.OQ,100.149930310984
2026-02-20,VST.N,62.2227385265481
2026-02-20,VTR.N,158.543334686197
2026-02-20,VVV.N,56.0694896851249
2026-02-20,VVX.N,27.3531745873495
2026-02-20,VZ.N,12.1306912646707
2026-02-20,WAB.N,38.7284183921227
2026-02-20,WAFD.OQ,11.4921043704611
2026-02-20,WAL.N,11.5417281191162
2026-02-20,WAT.N,30.9641208950454
2026-02-20,WAY.OQ,41.0660463897261
2026-02-20,WBD.OQ,153.611882880957
2026-02-20,WBS.N,12.3709420804983
2026-02-20,WCC.N,22.7544020141005
2026-02-20,WD.N,18.771624757417
2026-02-20,WDAY.OQ,48.8140948440754
2026-02-20,WDC.OQ,26.9743511257106
2026-02-20,WDFC.OQ,36.2300015647812
2026-02-20,WEC.N,21.6071779521369
2026-02-20,WEN.OQ,9.50735674328961
2026-02-20,WEX.N,18.4914710337105
2026-02-20,WFC.N,14.1661382979233
2026-02-20,WFRD.OQ,17.5692998186547
2026-02-20,WGO.N,36.2201678722005
2026-02-20,WGS.OQ,1325.04440497336
2026-02-20,WH.N,34.0618343350727
2026-02-20,WHD.N,20.407308079115
2026-02-20,WHR.N,14.9948798404143
2026-02-20,WINA.OQ,40.9022942232997
2026-02-20,WING.OQ,42.265272134632
2026-02-20,WLDN.OQ,42.7577682600822
2026-02-20,WLY.N,15.9641274778603
2026-02-20,WM.N,34.3885362586957
2026-02-20,WMB.N,34.1546741546742
2026-02-20,WMS.N,28.3632410002693
2026-02-20,WMT.OQ,45.0567284690091
2026-02-20,WPC.N,34.3070571673689
2026-02-23,VRTX.OQ,31.3708379883167
2026-02-23,VSCO.N,32.7707340709037
2026-02-23,VSEC.OQ,97.7316994886541
2026-02-23,VST.N,60.9158432016031
2026-02-23,VTR.N,159.797808360698
2026-02-23,VVV.N,56.3155989866087
2026-02-23,VVX.N,27.0939594906623
2026-02-23,VZ.N,12.2366038990628
2026-02-23,WAB.N,38.4578255451349
2026-02-23,WAFD.OQ,10.9486524469182
2026-02-23,WAL.N,10.8321145865141
2026-02-23,WAT.N,30.4485631265652
2026-02-23,WAY.OQ,39.8866465731883
2026-02-23,WBD.OQ,154.52019662321
2026-02-23,WBS.N,12.3184726312583
2026-02-23,WCC.N,21.9514587058822
2026-02-23,WD.N,18.1781494252191
2026-02-23,WDAY.OQ,45.7678629620709
2026-02-23,WDC.OQ,26.4925313206492
2026-02-23,WDFC.OQ,36.8619908574241
2026-02-23,WEC.N,23.9840934509755
2026-02-23,WEN.OQ,9.13129318854886
2026-02-23,WEX.N,17.8217030671848
2026-02-23,WFC.N,13.5991733491338
2026-02-23,WFRD.OQ,17.6567762252585
2026-02-23,WGO.N,34.0618110083936
2026-02-23,WGS.OQ,1406.10366542871
2026-02-23,WH.N,33.5889217188151
2026-02-23,WHD.N,19.7752542183484
2026-02-23,WHR.N,14.7677115814993
2026-02-23,WINA.OQ,39.8679914707626
2026-02-23,WING.OQ,40.2321195979704
2026-02-23,WLDN.OQ,39.6569317887838
2026-02-23,WLY.N,15.5365646394844
2026-02-23,WM.N,34.4258647900867
2026-02-23,WMB.N,34.1546741546742
2026-02-23,WMS.N,28.007474423043
2026-02-23,WMT.OQ,46.0898203812183
2026-02-23,WPC.N,34.6293671822047
2026-02-12,WRB.N,16.1017749032545
2026-02-12,WRBY.N,5668.43501326261
2026-02-12,WSBC.OQ,17.6297935812924
2026-02-12,WSC.OQ,17.7897754900153
2026-02-12,WSFS.OQ,13.0479306935355
2026-02-12,WSM.N,23.2544017380919
2026-02-12,WSO.N,32.3836763863728
2026-02-12,WST.N,36.0961457536909
2026-02-12,WT.N,25.486156631395
2026-02-12,WTFC.OQ,13.2035374323882
2026-02-12,WTM.N,40.1998413016288
2026-02-12,WTRG.N,16.003252086479
2026-02-12,WTS.N,34.6844067705679
2026-02-12,WTW.OQ,17.3436160256532
2026-02-12,WU.N,4.26010526498636
2026-02-12,WWD.OQ,47.9120724115479
2026-02-12,WWW.N,16.8969789383398
2026-02-12,WY.N,59.2307018312451
2026-02-12,WYNN.OQ,22.8108172131252
2026-02-12,XEL.OQ,23.0759566529637
2026-02-12,XOM.N,21.7941785282352
2026-02-12,XP.OQ,10.9579846634902
2026-02-12,XPO.N,71.7647992922201
2026-02-12,XYL.N,32.1600812035675
2026-02-12,XYZ.N,24.683846637335
2026-02-12,YELP.N,10.1163177135261
2026-02-12,YETI.N,24.6410524617634
2026-02-12,YOU.N,24.2216331410156
2026-02-12,YUM.N,30.2616947142116
2026-02-12,Z.OQ,486.348501664817
2026-02-12,ZBH.N,23.5542170165483
2026-02-12,ZBRA.OQ,27.6399895146492
2026-02-12,ZD.OQ,11.7235577297584
2026-02-12,ZG.OQ,486.348501664817
2026-02-12,ZION.OQ,10.7645918433045
2026-02-12,ZM.OQ,17.917324677696
2026-02-12,ZTS.N,21.1695128012873
2026-02-12,ZWS.N,45.6281192831643
2026-02-13,WRB.N,15.6635549303118
2026-02-13,WRBY.N,5957.55968169762
2026-02-13,WSBC.OQ,17.6346052061781
2026-02-13,WSC.OQ,18.1251152730504
2026-02-13,WSFS.OQ,13.104822888711
2026-02-13,WSM.N,24.1292953283156
2026-02-13,WSO.N,32.6060328026427
2026-02-13,WST.N,37.1155681205289
2026-02-13,WT.N,25.5329774947717
2026-02-13,WTFC.OQ,13.484202503357
2026-02-13,WTM.N,40.3114865453664
2026-02-13,WTRG.N,16.4802800776519
2026-02-13,WTS.N,33.8951399736292
2026-02-13,WTW.OQ,17.6353525875378
2026-02-13,WU.N,4.16891035105699
2026-02-13,WWD.OQ,47.781092848138
2026-02-13,WWW.N,16.7826169827504
2026-02-13,WY.N,58.5954613160431
2026-02-13,WYNN.OQ,36.0928438194308
2026-02-13,XEL.OQ,23.8385325818601
2026-02-13,XOM.N,21.5790422364871
2026-02-13,XP.OQ,10.7416363608114
2026-02-13,XPO.N,73.8518426097115
2026-02-13,XYL.N,32.6676035001186
2026-02-13,XYZ.N,25.0408548082967
2026-02-13,YELP.N,9.30236682717462
2026-02-13,YETI.N,24.9793140055891
2026-02-13,YOU.N,24.1325284206931
2026-02-13,YUM.N,29.7594336125732
2026-02-13,Z.OQ,482.241953385128
2026-02-13,ZBH.N,23.8685042156555
2026-02-13,ZBRA.OQ,32.3996189720571
2026-02-13,ZD.OQ,11.8793525168648
2026-02-13,ZG.OQ,482.241953385128
2026-02-13,ZION.OQ,10.955954416362
2026-02-13,ZM.OQ,17.9872535250938
2026-02-13,ZTS.N,21.0312887123504
2026-02-13,ZWS.N,45.5570751114505
2026-02-17,WRB.N,15.9646907065904
2026-02-17,WRBY.N,5824.93368700266
2026-02-17,WSBC.OQ,17.6153587066352
2026-02-17,WSC.OQ,18.0915812947469
2026-02-17,WSFS.OQ,13.1420970855502
2026-02-17,WSM.N,23.820046308635
2026-02-17,WSO.N,32.9891099969884
2026-02-17,WST.N,36.03391357432
2026-02-17,WT.N,25.8451165839498
2026-02-17,WTFC.OQ,13.499989913599
2026-02-17,WTM.N,41.0992671760957
2026-02-17,WTRG.N,16.4263551743019
2026-02-17,WTS.N,33.993153497432
2026-02-17,WTW.OQ,18.1109567304422
2026-02-17,WU.N,4.09942851187271
2026-02-17,WWD.OQ,48.7546236415593
2026-02-17,WWW.N,17.2591251310397
2026-02-17,WY.N,60.0348416491714
2026-02-17,WYNN.OQ,36.4143340060224
2026-02-17,XEL.OQ,23.5931058461233
2026-02-17,XOM.N,21.2505233044934
2026-02-17,XP.OQ,10.6518752686613
2026-02-17,XPO.N,76.4266188763994
2026-02-17,XYL.N,32.6905567698119
2026-02-17,XYZ.N,25.5487115021999
2026-02-17,YELP.N,9.1693491890358
2026-02-17,YETI.N,24.9845180293403
2026-02-17,YOU.N,24.1325284206931
2026-02-17,YUM.N,29.8743420564905
2026-02-17,Z.OQ,488.013318534961
2026-02-17,ZBH.N,24.0417333805177
2026-02-17,ZBRA.OQ,31.9270071920249
2026-02-17,ZD.OQ,11.7586115568573
2026-02-17,ZG.OQ,488.013318534961
2026-02-17,ZION.OQ,11.004242168442
2026-02-17,ZM.OQ,17.2199786717016
2026-02-17,ZTS.N,20.8502851221691
2026-02-17,ZWS.N,45.3972257250946
2026-02-18,WRB.N,15.9107559406897
2026-02-18,WRBY.N,6031.8302387268
2026-02-18,WSBC.OQ,17.5383727084637
2026-02-18,WSC.OQ,18.5191395181167
2026-02-18,WSFS.OQ,13.01261829653
2026-02-18,WSM.N,24.060698273041
2026-02-18,WSO.N,34.6284453370682
2026-02-18,WST.N,36.5437550599838
2026-02-18,WT.N,26.5006086712239
2026-02-18,WTFC.OQ,13.602608080172
2026-02-18,WTM.N,40.5703340164082
2026-02-18,WTRG.N,16.1608787270404
2026-02-18,WTS.N,34.0375175134691
2026-02-18,WTW.OQ,18.5044333538243
2026-02-18,WU.N,4.19062342580208
2026-02-18,WWD.OQ,49.4170779718822
2026-02-18,WWW.N,17.6403316496712
2026-02-18,WY.N,58.6724438290079
2026-02-18,WYNN.OQ,37.0223005965075
2026-02-18,XEL.OQ,23.2804789327443
2026-02-18,XOM.N,21.9032002977021
2026-02-18,XP.OQ,10.9324464101674
2026-02-18,XPO.N,76.7366506735629
2026-02-18,XYL.N,32.9608952795326
2026-02-18,XYZ.N,26.9516027655563
2026-02-18,YELP.N,9.61717523743648
2026-02-18,YETI.N,25.7234894020056
2026-02-18,YOU.N,24.756261462951
2026-02-18,YUM.N,30.193120320261
2026-02-18,Z.OQ,499.223085460599
2026-02-18,ZBH.N,24.3139506395868
2026-02-18,ZBRA.OQ,30.9181157237694
2026-02-18,ZD.OQ,12.0078832162276
2026-02-18,ZG.OQ,499.223085460599
2026-02-18,ZION.OQ,11.0954523668152
2026-02-18,ZM.OQ,17.6997682635696
2026-02-18,ZTS.N,21.4431133945978
2026-02-18,ZWS.N,45.4771504182726
2026-02-19,WRB.N,15.8073809727135
2026-02-19,WRBY.N,6180.37135278515
2026-02-19,WSBC.OQ,17.5287494586922
2026-02-19,WSC.OQ,18.5359065072685
2026-02-19,WSFS.OQ,13.0812812907073
2026-02-19,WSM.N,23.7075921196603
2026-02-19,WSO.N,33.8224412674084
2026-02-19,WST.N,35.8916611466843
2026-02-19,WT.N,25.7670818116553
2026-02-19,WTFC.OQ,13.4622755446876
2026-02-19,WTM.N,40.5539372726909
2026-02-19,WTRG.N,16.2148036303904
2026-02-19,WTS.N,33.9756142352779
2026-02-19,WTW.OQ,18.4486601875817
2026-02-19,WU.N,4.09942851187271
2026-02-19,WWD.OQ,49.2332028155569
2026-02-19,WWW.N,17.0780520346898
2026-02-19,WY.N,57.0643677134051
2026-02-19,WYNN.OQ,36.7167257656878
2026-02-19,XEL.OQ,23.6135580741013
2026-02-19,XOM.N,22.5987770284936
2026-02-19,XP.OQ,11.5926387586943
2026-02-19,XPO.N,76.8803239454192
2026-02-19,XYL.N,32.9532441896348
2026-02-19,XYZ.N,26.5945945945946
2026-02-19,YELP.N,9.52406289073931
2026-02-19,YETI.N,24.4901357729797
2026-02-19,YOU.N,24.8750677567144
2026-02-19,YUM.N,30.2987619541849
2026-02-19,Z.OQ,505.549389567148
2026-02-19,ZBH.N,24.5614208751043
2026-02-19,ZBRA.OQ,30.8226138614831
2026-02-19,ZD.OQ,11.8637730381541
2026-02-19,ZG.OQ,505.549389567148
2026-02-19,ZION.OQ,10.9952999921309
2026-02-19,ZM.OQ,17.6686887758373
2026-02-19,ZTS.N,21.1359054663084
2026-02-19,ZWS.N,45.2107347743459
2026-02-20,WRB.N,15.9736798342405
2026-02-20,WRBY.N,6289.12466843502
2026-02-20,WSBC.OQ,17.7308377038926
2026-02-20,WSFS.OQ,13.273537674404
2026-02-20,WSM.N,24.1619070431183
2026-02-20,WSO.N,33.8529967495573
2026-02-20,WST.N,35.4927504231987
2026-02-20,WT.N,25.5641914036895
2026-02-20,WTFC.OQ,13.7087345601321
2026-02-20,WTM.N,41.0495242457175
2026-02-20,WTRG.N,16.0447327813636
2026-02-20,WTS.N,33.7053032538426
2026-02-20,WTW.OQ,18.4976915425203
2026-02-20,WU.N,4.02560405773941
2026-02-20,WWD.OQ,49.6248820869075
2026-02-20,WWW.N,17.3067759458687
2026-02-20,WY.N,56.4613391700541
2026-02-20,WYNN.OQ,36.5639383502779
2026-02-20,XEL.OQ,23.826845594444
2026-02-20,XOM.N,22.0464190286583
2026-02-20,XP.OQ,12.3049283483611
2026-02-20,XPO.N,79.3492356960024
2026-02-20,XYL.N,32.8155245714752
2026-02-20,XYZ.N,26.7605279698303
2026-02-20,YELP.N,9.42208270149955
2026-02-20,YETI.N,23.3747260774288
2026-02-20,YOU.N,25.4468230454508
2026-02-20,YUM.N,30.2709615242049
2026-02-20,Z.OQ,504.550499445061
2026-02-20,ZBH.N,24.4376857573455
2026-02-20,ZBRA.OQ,31.2719623673687
2026-02-20,ZD.OQ,12.2259959181766
2026-02-20,ZG.OQ,504.550499445061
2026-02-20,ZION.OQ,11.1777203888774
2026-02-20,ZM.OQ,17.5385434209581
2026-02-20,ZTS.N,21.3849929757322
2026-02-20,ZWS.N,45.1574516455606
2026-02-23,WRB.N,15.9557015789403
2026-02-23,WRBY.N,5888.59416445624
2026-02-23,WSBC.OQ,17.0427753452341
2026-02-23,WSFS.OQ,12.8223237126669
2026-02-23,WSM.N,22.7022516702258
2026-02-23,WSO.N,33.9999933934093
2026-02-23,WST.N,35.9490689629793
2026-02-23,WT.N,26.0948278552923
2026-02-23,WTFC.OQ,13.0956567957346
2026-02-23,WTM.N,40.3348841459517
2026-02-23,WTRG.N,16.2936169506712
2026-02-23,WTS.N,33.4288019445883
2026-02-23,WTW.OQ,17.8670257396227
2026-02-23,WU.N,6.03641511659916
2026-02-23,WWD.OQ,49.4661953081609
2026-02-23,WWW.N,16.487181930811
2026-02-23,WY.N,56.1263233126368
2026-02-23,WYNN.OQ,34.138438130646
2026-02-23,XEL.OQ,24.3527600281656
2026-02-23,XOM.N,22.5673420203729
2026-02-23,XP.OQ,11.6192537042887
2026-02-23,XPO.N,76.0636548211835
2026-02-23,XYL.N,32.4559233462807
2026-02-23,XYZ.N,25.5185417976116
2026-02-23,YELP.N,8.95652096801369
2026-02-23,YETI.N,22.163828984072
2026-02-23,YOU.N,24.303312467978
2026-02-23,YUM.N,28.6227709662442
2026-02-23,Z.OQ,475.360710321864
2026-02-23,ZBH.N,28.0515905584653
2026-02-23,ZBRA.OQ,28.3224240821414
2026-02-23,ZD.OQ,11.509339897487
2026-02-23,ZG.OQ,475.360710321864
2026-02-23,ZION.OQ,10.6054211049668
2026-02-23,ZM.OQ,16.7168794640342
2026-02-23,ZTS.N,20.8884785402808
2026-02-23,ZWS.N,44.3404436708523
